test,target,kind,sequence,control,mode,run,keys,result,window,handoff,keylog
chromium-dark-desktop › orbit-field select-space-down-enter burst sample 0,orbit-field,select,select-space-down-enter,select-down-enter,burst,0,Space ArrowDown Enter,7 | list closed | none | @combobox:Expires,1,1,Space>combobox:Expires[none|f=combobox:Expires|h=None]@37.7 ; ArrowDown>combobox:Expires[listbox×1|f=combobox:Expires|h=Never]@58.8 ; ArrowDown*>option:Never[listbox×1|f=option:Never|h=Never]@59.4 ; Enter>option:7 days[listbox×1|f=option:7 days|h=7 days]@61.3
chromium-dark-desktop › orbit-field select-space-down-enter burst sample 1,orbit-field,select,select-space-down-enter,select-down-enter,burst,1,Space ArrowDown Enter,7 | list closed | none | @combobox:Expires,1,1,Space>combobox:Expires[none|f=combobox:Expires|h=None]@38.1 ; ArrowDown>combobox:Expires[listbox×1|f=combobox:Expires|h=Never]@57.4 ; ArrowDown*>option:Never[listbox×1|f=option:Never|h=Never]@58.1 ; Enter>option:7 days[listbox×1|f=option:7 days|h=7 days]@59.8
chromium-dark-desktop › orbit-field select-space-down-enter burst sample 2,orbit-field,select,select-space-down-enter,select-down-enter,burst,2,Space ArrowDown Enter,7 | list closed | none | @combobox:Expires,1,1,Space>combobox:Expires[none|f=combobox:Expires|h=None]@25.3 ; ArrowDown>combobox:Expires[listbox×1|f=combobox:Expires|h=Never]@44.5 ; ArrowDown*>option:Never[listbox×1|f=option:Never|h=Never]@45.3 ; Enter>option:7 days[listbox×1|f=option:7 days|h=7 days]@47
chromium-dark-desktop › orbit-field select-space-down-enter burst sample 3,orbit-field,select,select-space-down-enter,select-down-enter,burst,3,Space ArrowDown Enter,7 | list closed | none | @combobox:Expires,1,1,Space>combobox:Expires[none|f=combobox:Expires|h=None]@36 ; ArrowDown>combobox:Expires[listbox×1|f=combobox:Expires|h=Never]@57.2 ; ArrowDown*>option:Never[listbox×1|f=option:Never|h=Never]@57.9 ; Enter>option:7 days[listbox×1|f=option:7 days|h=7 days]@60.1
chromium-dark-desktop › orbit-field select-space-down-enter burst sample 4,orbit-field,select,select-space-down-enter,select-down-enter,burst,4,Space ArrowDown Enter,7 | list closed | none | @combobox:Expires,1,1,Space>combobox:Expires[none|f=combobox:Expires|h=None]@26.5 ; ArrowDown>combobox:Expires[listbox×1|f=combobox:Expires|h=Never]@45.3 ; ArrowDown*>option:Never[listbox×1|f=option:Never|h=Never]@45.9 ; Enter>option:7 days[listbox×1|f=option:7 days|h=7 days]@47.6
chromium-dark-desktop › orbit-field select-space-down-enter burst sample 5,orbit-field,select,select-space-down-enter,select-down-enter,burst,5,Space ArrowDown Enter,7 | list closed | none | @combobox:Expires,1,1,Space>combobox:Expires[none|f=combobox:Expires|h=None]@25.2 ; ArrowDown>combobox:Expires[listbox×1|f=combobox:Expires|h=Never]@44.9 ; ArrowDown*>option:Never[listbox×1|f=option:Never|h=Never]@45.8 ; Enter>option:7 days[listbox×1|f=option:7 days|h=7 days]@47.7
chromium-dark-desktop › orbit-field select-space-down-enter burst sample 6,orbit-field,select,select-space-down-enter,select-down-enter,burst,6,Space ArrowDown Enter,7 | list closed | none | @combobox:Expires,1,1,Space>combobox:Expires[none|f=combobox:Expires|h=None]@23.9 ; ArrowDown>combobox:Expires[listbox×1|f=combobox:Expires|h=Never]@43.2 ; ArrowDown*>option:Never[listbox×1|f=option:Never|h=Never]@44 ; Enter>option:7 days[listbox×1|f=option:7 days|h=7 days]@45.8
chromium-dark-desktop › orbit-field select-space-down-enter burst sample 7,orbit-field,select,select-space-down-enter,select-down-enter,burst,7,Space ArrowDown Enter,7 | list closed | none | @combobox:Expires,1,1,Space>combobox:Expires[none|f=combobox:Expires|h=None]@32.1 ; ArrowDown>combobox:Expires[listbox×1|f=combobox:Expires|h=Never]@53.1 ; ArrowDown*>option:Never[listbox×1|f=option:Never|h=Never]@53.9 ; Enter>option:7 days[listbox×1|f=option:7 days|h=7 days]@55.9
chromium-dark-desktop › orbit-field select-space-down-enter burst sample 8,orbit-field,select,select-space-down-enter,select-down-enter,burst,8,Space ArrowDown Enter,7 | list closed | none | @combobox:Expires,1,1,Space>combobox:Expires[none|f=combobox:Expires|h=None]@36.7 ; ArrowDown>combobox:Expires[listbox×1|f=combobox:Expires|h=Never]@56.6 ; ArrowDown*>option:Never[listbox×1|f=option:Never|h=Never]@57.4 ; Enter>option:7 days[listbox×1|f=option:7 days|h=7 days]@59.2
chromium-dark-desktop › orbit-field select-space-down-enter burst sample 9,orbit-field,select,select-space-down-enter,select-down-enter,burst,9,Space ArrowDown Enter,7 | list closed | none | @combobox:Expires,1,1,Space>combobox:Expires[none|f=combobox:Expires|h=None]@35.1 ; ArrowDown>combobox:Expires[listbox×1|f=combobox:Expires|h=Never]@56.5 ; ArrowDown*>option:Never[listbox×1|f=option:Never|h=Never]@57.2 ; Enter>option:7 days[listbox×1|f=option:7 days|h=7 days]@59.1
chromium-dark-desktop › orbit-field select-space-down-enter burst sample 10,orbit-field,select,select-space-down-enter,select-down-enter,burst,10,Space ArrowDown Enter,7 | list closed | none | @combobox:Expires,1,1,Space>combobox:Expires[none|f=combobox:Expires|h=None]@25.6 ; ArrowDown>combobox:Expires[listbox×1|f=combobox:Expires|h=Never]@51.3 ; ArrowDown*>option:Never[listbox×1|f=option:Never|h=Never]@52.5 ; Enter>option:7 days[listbox×1|f=option:7 days|h=7 days]@55.7
chromium-dark-desktop › orbit-field select-space-down-enter burst sample 11,orbit-field,select,select-space-down-enter,select-down-enter,burst,11,Space ArrowDown Enter,7 | list closed | none | @combobox:Expires,1,1,Space>combobox:Expires[none|f=combobox:Expires|h=None]@23.9 ; ArrowDown>combobox:Expires[listbox×1|f=combobox:Expires|h=Never]@46.4 ; ArrowDown*>option:Never[listbox×1|f=option:Never|h=Never]@47.3 ; Enter>option:7 days[listbox×1|f=option:7 days|h=7 days]@49.6
chromium-dark-desktop › orbit-field select-space-down-enter burst sample 12,orbit-field,select,select-space-down-enter,select-down-enter,burst,12,Space ArrowDown Enter,7 | list closed | none | @combobox:Expires,1,1,Space>combobox:Expires[none|f=combobox:Expires|h=None]@32.1 ; ArrowDown>combobox:Expires[listbox×1|f=combobox:Expires|h=Never]@52.1 ; ArrowDown*>option:Never[listbox×1|f=option:Never|h=Never]@52.8 ; Enter>option:7 days[listbox×1|f=option:7 days|h=7 days]@54.6
chromium-dark-desktop › orbit-field select-space-down-enter burst sample 13,orbit-field,select,select-space-down-enter,select-down-enter,burst,13,Space ArrowDown Enter,7 | list closed | none | @combobox:Expires,1,1,Space>combobox:Expires[none|f=combobox:Expires|h=None]@28 ; ArrowDown>combobox:Expires[listbox×1|f=combobox:Expires|h=Never]@47.3 ; ArrowDown*>option:Never[listbox×1|f=option:Never|h=Never]@47.9 ; Enter>option:7 days[listbox×1|f=option:7 days|h=7 days]@49.6
chromium-dark-desktop › orbit-field select-space-down-enter burst sample 14,orbit-field,select,select-space-down-enter,select-down-enter,burst,14,Space ArrowDown Enter,7 | list closed | none | @combobox:Expires,1,1,Space>combobox:Expires[none|f=combobox:Expires|h=None]@24.2 ; ArrowDown>combobox:Expires[listbox×1|f=combobox:Expires|h=Never]@44.2 ; ArrowDown*>option:Never[listbox×1|f=option:Never|h=Never]@44.8 ; Enter>option:7 days[listbox×1|f=option:7 days|h=7 days]@46.6
chromium-dark-desktop › orbit-field select-space-down-enter burst sample 15,orbit-field,select,select-space-down-enter,select-down-enter,burst,15,Space ArrowDown Enter,7 | list closed | none | @combobox:Expires,1,1,Space>combobox:Expires[none|f=combobox:Expires|h=None]@23.5 ; ArrowDown>combobox:Expires[listbox×1|f=combobox:Expires|h=Never]@42.7 ; ArrowDown*>option:Never[listbox×1|f=option:Never|h=Never]@43.3 ; Enter>option:7 days[listbox×1|f=option:7 days|h=7 days]@45.1
chromium-dark-desktop › orbit-field select-space-down-enter burst sample 16,orbit-field,select,select-space-down-enter,select-down-enter,burst,16,Space ArrowDown Enter,7 | list closed | none | @combobox:Expires,1,1,Space>combobox:Expires[none|f=combobox:Expires|h=None]@31.6 ; ArrowDown>combobox:Expires[listbox×1|f=combobox:Expires|h=Never]@50.1 ; ArrowDown*>option:Never[listbox×1|f=option:Never|h=Never]@50.7 ; Enter>option:7 days[listbox×1|f=option:7 days|h=7 days]@52.4
chromium-dark-desktop › orbit-field select-space-down-enter burst sample 17,orbit-field,select,select-space-down-enter,select-down-enter,burst,17,Space ArrowDown Enter,7 | list closed | none | @combobox:Expires,1,1,Space>combobox:Expires[none|f=combobox:Expires|h=None]@26 ; ArrowDown>combobox:Expires[listbox×1|f=combobox:Expires|h=Never]@45.3 ; ArrowDown*>option:Never[listbox×1|f=option:Never|h=Never]@46.1 ; Enter>option:7 days[listbox×1|f=option:7 days|h=7 days]@47.8
chromium-dark-desktop › orbit-field select-space-down-enter burst sample 18,orbit-field,select,select-space-down-enter,select-down-enter,burst,18,Space ArrowDown Enter,7 | list closed | none | @combobox:Expires,1,1,Space>combobox:Expires[none|f=combobox:Expires|h=None]@26.8 ; ArrowDown>combobox:Expires[listbox×1|f=combobox:Expires|h=Never]@47 ; ArrowDown*>option:Never[listbox×1|f=option:Never|h=Never]@47.7 ; Enter>option:7 days[listbox×1|f=option:7 days|h=7 days]@49.5
chromium-dark-desktop › orbit-field select-space-down-enter burst sample 19,orbit-field,select,select-space-down-enter,select-down-enter,burst,19,Space ArrowDown Enter,7 | list closed | none | @combobox:Expires,1,1,Space>combobox:Expires[none|f=combobox:Expires|h=None]@36.7 ; ArrowDown>combobox:Expires[listbox×1|f=combobox:Expires|h=Never]@56.5 ; ArrowDown*>option:Never[listbox×1|f=option:Never|h=Never]@57.2 ; Enter>option:7 days[listbox×1|f=option:7 days|h=7 days]@58.9
chromium-dark-desktop › orbit-field select-space-down-enter paced sample 0,orbit-field,select,select-space-down-enter,select-down-enter,paced,0,Space ArrowDown Enter,7 | list closed | none | @combobox:Expires,0,0,Space>combobox:Expires[none|f=combobox:Expires|h=None]@36.2 ; ArrowDown>option:Never[listbox×1|f=option:Never|h=Never]@367.2 ; Enter>option:7 days[listbox×1|f=option:7 days|h=7 days]@684.5
chromium-dark-desktop › orbit-field select-space-down-enter paced sample 1,orbit-field,select,select-space-down-enter,select-down-enter,paced,1,Space ArrowDown Enter,7 | list closed | none | @combobox:Expires,0,0,Space>combobox:Expires[none|f=combobox:Expires|h=None]@34 ; ArrowDown>option:Never[listbox×1|f=option:Never|h=Never]@362.5 ; Enter>option:7 days[listbox×1|f=option:7 days|h=7 days]@671.5
chromium-dark-desktop › orbit-field select-space-down-enter paced sample 2,orbit-field,select,select-space-down-enter,select-down-enter,paced,2,Space ArrowDown Enter,7 | list closed | none | @combobox:Expires,0,0,Space>combobox:Expires[none|f=combobox:Expires|h=None]@29.8 ; ArrowDown>option:Never[listbox×1|f=option:Never|h=Never]@358.2 ; Enter>option:7 days[listbox×1|f=option:7 days|h=7 days]@666.4
chromium-dark-desktop › orbit-field select-space-down-enter paced sample 3,orbit-field,select,select-space-down-enter,select-down-enter,paced,3,Space ArrowDown Enter,7 | list closed | none | @combobox:Expires,0,0,Space>combobox:Expires[none|f=combobox:Expires|h=None]@27.8 ; ArrowDown>option:Never[listbox×1|f=option:Never|h=Never]@357.2 ; Enter>option:7 days[listbox×1|f=option:7 days|h=7 days]@665.9
chromium-dark-desktop › orbit-field select-space-down-enter paced sample 4,orbit-field,select,select-space-down-enter,select-down-enter,paced,4,Space ArrowDown Enter,7 | list closed | none | @combobox:Expires,0,0,Space>combobox:Expires[none|f=combobox:Expires|h=None]@31.7 ; ArrowDown>option:Never[listbox×1|f=option:Never|h=Never]@359.4 ; Enter>option:7 days[listbox×1|f=option:7 days|h=7 days]@668.9
chromium-dark-desktop › orbit-field select-space-down-enter paced sample 5,orbit-field,select,select-space-down-enter,select-down-enter,paced,5,Space ArrowDown Enter,7 | list closed | none | @combobox:Expires,0,0,Space>combobox:Expires[none|f=combobox:Expires|h=None]@28 ; ArrowDown>option:Never[listbox×1|f=option:Never|h=Never]@357.1 ; Enter>option:7 days[listbox×1|f=option:7 days|h=7 days]@666.5
chromium-dark-desktop › orbit-field select-space-down-enter paced sample 6,orbit-field,select,select-space-down-enter,select-down-enter,paced,6,Space ArrowDown Enter,7 | list closed | none | @combobox:Expires,0,0,Space>combobox:Expires[none|f=combobox:Expires|h=None]@26 ; ArrowDown>option:Never[listbox×1|f=option:Never|h=Never]@357 ; Enter>option:7 days[listbox×1|f=option:7 days|h=7 days]@669.5
chromium-dark-desktop › orbit-field select-space-down-enter paced sample 7,orbit-field,select,select-space-down-enter,select-down-enter,paced,7,Space ArrowDown Enter,7 | list closed | none | @combobox:Expires,0,0,Space>combobox:Expires[none|f=combobox:Expires|h=None]@26.9 ; ArrowDown>option:Never[listbox×1|f=option:Never|h=Never]@358.4 ; Enter>option:7 days[listbox×1|f=option:7 days|h=7 days]@667
chromium-dark-desktop › orbit-field select-space-down-enter paced sample 8,orbit-field,select,select-space-down-enter,select-down-enter,paced,8,Space ArrowDown Enter,7 | list closed | none | @combobox:Expires,0,0,Space>combobox:Expires[none|f=combobox:Expires|h=None]@28.6 ; ArrowDown>option:Never[listbox×1|f=option:Never|h=Never]@356.7 ; Enter>option:7 days[listbox×1|f=option:7 days|h=7 days]@669.2
chromium-dark-desktop › orbit-field select-space-down-enter paced sample 9,orbit-field,select,select-space-down-enter,select-down-enter,paced,9,Space ArrowDown Enter,7 | list closed | none | @combobox:Expires,0,0,Space>combobox:Expires[none|f=combobox:Expires|h=None]@29.7 ; ArrowDown>option:Never[listbox×1|f=option:Never|h=Never]@358.5 ; Enter>option:7 days[listbox×1|f=option:7 days|h=7 days]@667.8
chromium-dark-desktop › orbit-field select-space-down-enter paced sample 10,orbit-field,select,select-space-down-enter,select-down-enter,paced,10,Space ArrowDown Enter,7 | list closed | none | @combobox:Expires,0,0,Space>combobox:Expires[none|f=combobox:Expires|h=None]@29.7 ; ArrowDown>option:Never[listbox×1|f=option:Never|h=Never]@361.4 ; Enter>option:7 days[listbox×1|f=option:7 days|h=7 days]@669.9
chromium-dark-desktop › orbit-field select-space-down-enter paced sample 11,orbit-field,select,select-space-down-enter,select-down-enter,paced,11,Space ArrowDown Enter,7 | list closed | none | @combobox:Expires,0,0,Space>combobox:Expires[none|f=combobox:Expires|h=None]@24 ; ArrowDown>option:Never[listbox×1|f=option:Never|h=Never]@352.6 ; Enter>option:7 days[listbox×1|f=option:7 days|h=7 days]@661.4
chromium-dark-desktop › orbit-field select-space-down-enter paced sample 12,orbit-field,select,select-space-down-enter,select-down-enter,paced,12,Space ArrowDown Enter,7 | list closed | none | @combobox:Expires,0,0,Space>combobox:Expires[none|f=combobox:Expires|h=None]@29.4 ; ArrowDown>option:Never[listbox×1|f=option:Never|h=Never]@362.3 ; Enter>option:7 days[listbox×1|f=option:7 days|h=7 days]@674.8
chromium-dark-desktop › orbit-field select-space-down-enter paced sample 13,orbit-field,select,select-space-down-enter,select-down-enter,paced,13,Space ArrowDown Enter,7 | list closed | none | @combobox:Expires,0,0,Space>combobox:Expires[none|f=combobox:Expires|h=None]@31.9 ; ArrowDown>option:Never[listbox×1|f=option:Never|h=Never]@360.3 ; Enter>option:7 days[listbox×1|f=option:7 days|h=7 days]@669.9
chromium-dark-desktop › orbit-field select-space-down-enter paced sample 14,orbit-field,select,select-space-down-enter,select-down-enter,paced,14,Space ArrowDown Enter,7 | list closed | none | @combobox:Expires,0,0,Space>combobox:Expires[none|f=combobox:Expires|h=None]@24.6 ; ArrowDown>option:Never[listbox×1|f=option:Never|h=Never]@355.4 ; Enter>option:7 days[listbox×1|f=option:7 days|h=7 days]@663.4
chromium-dark-desktop › orbit-field select-space-down-enter paced sample 15,orbit-field,select,select-space-down-enter,select-down-enter,paced,15,Space ArrowDown Enter,7 | list closed | none | @combobox:Expires,0,0,Space>combobox:Expires[none|f=combobox:Expires|h=None]@32.9 ; ArrowDown>option:Never[listbox×1|f=option:Never|h=Never]@362.4 ; Enter>option:7 days[listbox×1|f=option:7 days|h=7 days]@672.5
chromium-dark-desktop › orbit-field select-space-down-enter paced sample 16,orbit-field,select,select-space-down-enter,select-down-enter,paced,16,Space ArrowDown Enter,7 | list closed | none | @combobox:Expires,0,0,Space>combobox:Expires[none|f=combobox:Expires|h=None]@32.9 ; ArrowDown>option:Never[listbox×1|f=option:Never|h=Never]@360.6 ; Enter>option:7 days[listbox×1|f=option:7 days|h=7 days]@667.4
chromium-dark-desktop › orbit-field select-space-down-enter paced sample 17,orbit-field,select,select-space-down-enter,select-down-enter,paced,17,Space ArrowDown Enter,7 | list closed | none | @combobox:Expires,0,0,Space>combobox:Expires[none|f=combobox:Expires|h=None]@30 ; ArrowDown>option:Never[listbox×1|f=option:Never|h=Never]@356.2 ; Enter>option:7 days[listbox×1|f=option:7 days|h=7 days]@663.3
chromium-dark-desktop › orbit-field select-space-down-enter paced sample 18,orbit-field,select,select-space-down-enter,select-down-enter,paced,18,Space ArrowDown Enter,7 | list closed | none | @combobox:Expires,0,0,Space>combobox:Expires[none|f=combobox:Expires|h=None]@24.9 ; ArrowDown>option:Never[listbox×1|f=option:Never|h=Never]@354.5 ; Enter>option:7 days[listbox×1|f=option:7 days|h=7 days]@662.8
chromium-dark-desktop › orbit-field select-space-down-enter paced sample 19,orbit-field,select,select-space-down-enter,select-down-enter,paced,19,Space ArrowDown Enter,7 | list closed | none | @combobox:Expires,0,0,Space>combobox:Expires[none|f=combobox:Expires|h=None]@37.7 ; ArrowDown>option:Never[listbox×1|f=option:Never|h=Never]@365.2 ; Enter>option:7 days[listbox×1|f=option:7 days|h=7 days]@674.3
chromium-dark-desktop › orbit-sample select-space-down-enter burst sample 0,orbit-sample,select,select-space-down-enter,select-down-enter,burst,0,Space ArrowDown Enter,7 days | list closed | none | @combobox:Sample choice,1,1,Space>combobox:Sample choice[none|f=combobox:Sample choice|h=None]@27.7 ; ArrowDown>combobox:Sample choice[listbox×1|f=combobox:Sample choice|h=Never]@47.3 ; ArrowDown*>option:Never[listbox×1|f=option:Never|h=Never]@47.9 ; Enter>option:7 days[listbox×1|f=option:7 days|h=7 days]@49.5
chromium-dark-desktop › orbit-sample select-space-down-enter burst sample 1,orbit-sample,select,select-space-down-enter,select-down-enter,burst,1,Space ArrowDown Enter,7 days | list closed | none | @combobox:Sample choice,1,1,Space>combobox:Sample choice[none|f=combobox:Sample choice|h=None]@33.2 ; ArrowDown>combobox:Sample choice[listbox×1|f=combobox:Sample choice|h=Never]@47.1 ; ArrowDown*>option:Never[listbox×1|f=option:Never|h=Never]@47.5 ; Enter>option:7 days[listbox×1|f=option:7 days|h=7 days]@48.6
chromium-dark-desktop › orbit-sample select-space-down-enter burst sample 2,orbit-sample,select,select-space-down-enter,select-down-enter,burst,2,Space ArrowDown Enter,7 days | list closed | none | @combobox:Sample choice,1,1,Space>combobox:Sample choice[none|f=combobox:Sample choice|h=None]@65.6 ; ArrowDown>combobox:Sample choice[listbox×1|f=combobox:Sample choice|h=Never]@83.6 ; ArrowDown*>option:Never[listbox×1|f=option:Never|h=Never]@84.2 ; Enter>option:7 days[listbox×1|f=option:7 days|h=7 days]@85.8
chromium-dark-desktop › orbit-sample select-space-down-enter burst sample 3,orbit-sample,select,select-space-down-enter,select-down-enter,burst,3,Space ArrowDown Enter,7 days | list closed | none | @combobox:Sample choice,1,1,Space>combobox:Sample choice[none|f=combobox:Sample choice|h=None]@40 ; ArrowDown>combobox:Sample choice[listbox×1|f=combobox:Sample choice|h=Never]@65.1 ; ArrowDown*>option:Never[listbox×1|f=option:Never|h=Never]@67.4 ; Enter>option:7 days[listbox×1|f=option:7 days|h=7 days]@69.8
chromium-dark-desktop › orbit-sample select-space-down-enter burst sample 4,orbit-sample,select,select-space-down-enter,select-down-enter,burst,4,Space ArrowDown Enter,7 days | list closed | none | @combobox:Sample choice,1,1,Space>combobox:Sample choice[none|f=combobox:Sample choice|h=None]@22.9 ; ArrowDown>combobox:Sample choice[listbox×1|f=combobox:Sample choice|h=Never]@37.1 ; ArrowDown*>option:Never[listbox×1|f=option:Never|h=Never]@37.6 ; Enter>option:7 days[listbox×1|f=option:7 days|h=7 days]@38.8
chromium-dark-desktop › orbit-sample select-space-down-enter burst sample 5,orbit-sample,select,select-space-down-enter,select-down-enter,burst,5,Space ArrowDown Enter,7 days | list closed | none | @combobox:Sample choice,1,1,Space>combobox:Sample choice[none|f=combobox:Sample choice|h=None]@37.6 ; ArrowDown>combobox:Sample choice[listbox×1|f=combobox:Sample choice|h=Never]@69.7 ; ArrowDown*>option:Never[listbox×1|f=option:Never|h=Never]@70.5 ; Enter>option:7 days[listbox×1|f=option:7 days|h=7 days]@73.1
chromium-dark-desktop › orbit-sample select-space-down-enter burst sample 6,orbit-sample,select,select-space-down-enter,select-down-enter,burst,6,Space ArrowDown Enter,7 days | list closed | none | @combobox:Sample choice,1,1,Space>combobox:Sample choice[none|f=combobox:Sample choice|h=None]@33.5 ; ArrowDown>combobox:Sample choice[listbox×1|f=combobox:Sample choice|h=Never]@55.7 ; ArrowDown*>option:Never[listbox×1|f=option:Never|h=Never]@56.3 ; Enter>option:7 days[listbox×1|f=option:7 days|h=7 days]@57.7
chromium-dark-desktop › orbit-sample select-space-down-enter burst sample 7,orbit-sample,select,select-space-down-enter,select-down-enter,burst,7,Space ArrowDown Enter,7 days | list closed | none | @combobox:Sample choice,1,1,Space>combobox:Sample choice[none|f=combobox:Sample choice|h=None]@26.6 ; ArrowDown>combobox:Sample choice[listbox×1|f=combobox:Sample choice|h=Never]@49.2 ; ArrowDown*>option:Never[listbox×1|f=option:Never|h=Never]@50.2 ; Enter>option:7 days[listbox×1|f=option:7 days|h=7 days]@52.2
chromium-dark-desktop › orbit-sample select-space-down-enter burst sample 8,orbit-sample,select,select-space-down-enter,select-down-enter,burst,8,Space ArrowDown Enter,7 days | list closed | none | @combobox:Sample choice,1,1,Space>combobox:Sample choice[none|f=combobox:Sample choice|h=None]@23.6 ; ArrowDown>combobox:Sample choice[listbox×1|f=combobox:Sample choice|h=Never]@43.5 ; ArrowDown*>option:Never[listbox×1|f=option:Never|h=Never]@44.2 ; Enter>option:7 days[listbox×1|f=option:7 days|h=7 days]@46
chromium-dark-desktop › orbit-sample select-space-down-enter burst sample 9,orbit-sample,select,select-space-down-enter,select-down-enter,burst,9,Space ArrowDown Enter,7 days | list closed | none | @combobox:Sample choice,1,1,Space>combobox:Sample choice[none|f=combobox:Sample choice|h=None]@34.1 ; ArrowDown>combobox:Sample choice[listbox×1|f=combobox:Sample choice|h=Never]@70.4 ; ArrowDown*>option:Never[listbox×1|f=option:Never|h=Never]@72.2 ; Enter>option:7 days[listbox×1|f=option:7 days|h=7 days]@78
chromium-dark-desktop › orbit-sample select-space-down-enter burst sample 10,orbit-sample,select,select-space-down-enter,select-down-enter,burst,10,Space ArrowDown Enter,7 days | list closed | none | @combobox:Sample choice,1,1,Space>combobox:Sample choice[none|f=combobox:Sample choice|h=None]@43.1 ; ArrowDown>combobox:Sample choice[listbox×1|f=combobox:Sample choice|h=Never]@96.9 ; ArrowDown*>option:Never[listbox×1|f=option:Never|h=Never]@98.1 ; Enter>option:7 days[listbox×1|f=option:7 days|h=7 days]@100.4
chromium-dark-desktop › orbit-sample select-space-down-enter burst sample 11,orbit-sample,select,select-space-down-enter,select-down-enter,burst,11,Space ArrowDown Enter,7 days | list closed | none | @combobox:Sample choice,1,1,Space>combobox:Sample choice[none|f=combobox:Sample choice|h=None]@33.9 ; ArrowDown>combobox:Sample choice[listbox×1|f=combobox:Sample choice|h=Never]@54.7 ; ArrowDown*>option:Never[listbox×1|f=option:Never|h=Never]@55.4 ; Enter>option:7 days[listbox×1|f=option:7 days|h=7 days]@57.3
chromium-dark-desktop › orbit-sample select-space-down-enter burst sample 12,orbit-sample,select,select-space-down-enter,select-down-enter,burst,12,Space ArrowDown Enter,7 days | list closed | none | @combobox:Sample choice,1,1,Space>combobox:Sample choice[none|f=combobox:Sample choice|h=None]@36.2 ; ArrowDown>combobox:Sample choice[listbox×1|f=combobox:Sample choice|h=Never]@55.8 ; ArrowDown*>option:Never[listbox×1|f=option:Never|h=Never]@56.4 ; Enter>option:7 days[listbox×1|f=option:7 days|h=7 days]@58.3
chromium-dark-desktop › orbit-sample select-space-down-enter burst sample 13,orbit-sample,select,select-space-down-enter,select-down-enter,burst,13,Space ArrowDown Enter,7 days | list closed | none | @combobox:Sample choice,1,1,Space>combobox:Sample choice[none|f=combobox:Sample choice|h=None]@21.8 ; ArrowDown>combobox:Sample choice[listbox×1|f=combobox:Sample choice|h=Never]@40.6 ; ArrowDown*>option:Never[listbox×1|f=option:Never|h=Never]@41.2 ; Enter>option:7 days[listbox×1|f=option:7 days|h=7 days]@42.8
chromium-dark-desktop › orbit-sample select-space-down-enter burst sample 14,orbit-sample,select,select-space-down-enter,select-down-enter,burst,14,Space ArrowDown Enter,7 days | list closed | none | @combobox:Sample choice,1,1,Space>combobox:Sample choice[none|f=combobox:Sample choice|h=None]@32.3 ; ArrowDown>combobox:Sample choice[listbox×1|f=combobox:Sample choice|h=Never]@51.4 ; ArrowDown*>option:Never[listbox×1|f=option:Never|h=Never]@52.1 ; Enter>option:7 days[listbox×1|f=option:7 days|h=7 days]@53.9
chromium-dark-desktop › orbit-sample select-space-down-enter burst sample 15,orbit-sample,select,select-space-down-enter,select-down-enter,burst,15,Space ArrowDown Enter,7 days | list closed | none | @combobox:Sample choice,1,1,Space>combobox:Sample choice[none|f=combobox:Sample choice|h=None]@32.1 ; ArrowDown>combobox:Sample choice[listbox×1|f=combobox:Sample choice|h=Never]@50.2 ; ArrowDown*>option:Never[listbox×1|f=option:Never|h=Never]@50.8 ; Enter>option:7 days[listbox×1|f=option:7 days|h=7 days]@52.5
chromium-dark-desktop › orbit-sample select-space-down-enter burst sample 16,orbit-sample,select,select-space-down-enter,select-down-enter,burst,16,Space ArrowDown Enter,7 days | list closed | none | @combobox:Sample choice,1,1,Space>combobox:Sample choice[none|f=combobox:Sample choice|h=None]@24.7 ; ArrowDown>combobox:Sample choice[listbox×1|f=combobox:Sample choice|h=Never]@43.6 ; ArrowDown*>option:Never[listbox×1|f=option:Never|h=Never]@44.2 ; Enter>option:7 days[listbox×1|f=option:7 days|h=7 days]@45.8
chromium-dark-desktop › orbit-sample select-space-down-enter burst sample 17,orbit-sample,select,select-space-down-enter,select-down-enter,burst,17,Space ArrowDown Enter,7 days | list closed | none | @combobox:Sample choice,1,1,Space>combobox:Sample choice[none|f=combobox:Sample choice|h=None]@34.7 ; ArrowDown>combobox:Sample choice[listbox×1|f=combobox:Sample choice|h=Never]@52.6 ; ArrowDown*>option:Never[listbox×1|f=option:Never|h=Never]@53.3 ; Enter>option:7 days[listbox×1|f=option:7 days|h=7 days]@54.8
chromium-dark-desktop › orbit-sample select-space-down-enter burst sample 18,orbit-sample,select,select-space-down-enter,select-down-enter,burst,18,Space ArrowDown Enter,7 days | list closed | none | @combobox:Sample choice,1,1,Space>combobox:Sample choice[none|f=combobox:Sample choice|h=None]@21.7 ; ArrowDown>combobox:Sample choice[listbox×1|f=combobox:Sample choice|h=Never]@40.4 ; ArrowDown*>option:Never[listbox×1|f=option:Never|h=Never]@40.9 ; Enter>option:7 days[listbox×1|f=option:7 days|h=7 days]@42.5
chromium-dark-desktop › orbit-sample select-space-down-enter burst sample 19,orbit-sample,select,select-space-down-enter,select-down-enter,burst,19,Space ArrowDown Enter,7 days | list closed | none | @combobox:Sample choice,1,1,Space>combobox:Sample choice[none|f=combobox:Sample choice|h=None]@31.1 ; ArrowDown>combobox:Sample choice[listbox×1|f=combobox:Sample choice|h=Never]@49.1 ; ArrowDown*>option:Never[listbox×1|f=option:Never|h=Never]@49.7 ; Enter>option:7 days[listbox×1|f=option:7 days|h=7 days]@51.2
chromium-dark-desktop › orbit-sample select-space-down-enter paced sample 0,orbit-sample,select,select-space-down-enter,select-down-enter,paced,0,Space ArrowDown Enter,7 days | list closed | none | @combobox:Sample choice,0,0,Space>combobox:Sample choice[none|f=combobox:Sample choice|h=None]@28.3 ; ArrowDown>option:Never[listbox×1|f=option:Never|h=Never]@354.3 ; Enter>option:7 days[listbox×1|f=option:7 days|h=7 days]@665.5
chromium-dark-desktop › orbit-sample select-space-down-enter paced sample 1,orbit-sample,select,select-space-down-enter,select-down-enter,paced,1,Space ArrowDown Enter,7 days | list closed | none | @combobox:Sample choice,0,0,Space>combobox:Sample choice[none|f=combobox:Sample choice|h=None]@29.1 ; ArrowDown>option:Never[listbox×1|f=option:Never|h=Never]@355 ; Enter>option:7 days[listbox×1|f=option:7 days|h=7 days]@661.9
chromium-dark-desktop › orbit-sample select-space-down-enter paced sample 2,orbit-sample,select,select-space-down-enter,select-down-enter,paced,2,Space ArrowDown Enter,7 days | list closed | none | @combobox:Sample choice,0,0,Space>combobox:Sample choice[none|f=combobox:Sample choice|h=None]@29.1 ; ArrowDown>option:Never[listbox×1|f=option:Never|h=Never]@354 ; Enter>option:7 days[listbox×1|f=option:7 days|h=7 days]@661.3
chromium-dark-desktop › orbit-sample select-space-down-enter paced sample 3,orbit-sample,select,select-space-down-enter,select-down-enter,paced,3,Space ArrowDown Enter,7 days | list closed | none | @combobox:Sample choice,0,0,Space>combobox:Sample choice[none|f=combobox:Sample choice|h=None]@29.2 ; ArrowDown>option:Never[listbox×1|f=option:Never|h=Never]@354.4 ; Enter>option:7 days[listbox×1|f=option:7 days|h=7 days]@665.4
chromium-dark-desktop › orbit-sample select-space-down-enter paced sample 4,orbit-sample,select,select-space-down-enter,select-down-enter,paced,4,Space ArrowDown Enter,7 days | list closed | none | @combobox:Sample choice,0,0,Space>combobox:Sample choice[none|f=combobox:Sample choice|h=None]@25 ; ArrowDown>option:Never[listbox×1|f=option:Never|h=Never]@349.1 ; Enter>option:7 days[listbox×1|f=option:7 days|h=7 days]@656.9
chromium-dark-desktop › orbit-sample select-space-down-enter paced sample 5,orbit-sample,select,select-space-down-enter,select-down-enter,paced,5,Space ArrowDown Enter,7 days | list closed | none | @combobox:Sample choice,0,0,Space>combobox:Sample choice[none|f=combobox:Sample choice|h=None]@31.1 ; ArrowDown>option:Never[listbox×1|f=option:Never|h=Never]@348.4 ; Enter>option:7 days[listbox×1|f=option:7 days|h=7 days]@656.5
chromium-dark-desktop › orbit-sample select-space-down-enter paced sample 6,orbit-sample,select,select-space-down-enter,select-down-enter,paced,6,Space ArrowDown Enter,7 days | list closed | none | @combobox:Sample choice,0,0,Space>combobox:Sample choice[none|f=combobox:Sample choice|h=None]@31 ; ArrowDown>option:Never[listbox×1|f=option:Never|h=Never]@354.8 ; Enter>option:7 days[listbox×1|f=option:7 days|h=7 days]@660
chromium-dark-desktop › orbit-sample select-space-down-enter paced sample 7,orbit-sample,select,select-space-down-enter,select-down-enter,paced,7,Space ArrowDown Enter,7 days | list closed | none | @combobox:Sample choice,0,0,Space>combobox:Sample choice[none|f=combobox:Sample choice|h=None]@22.2 ; ArrowDown>option:Never[listbox×1|f=option:Never|h=Never]@342.7 ; Enter>option:7 days[listbox×1|f=option:7 days|h=7 days]@650
chromium-dark-desktop › orbit-sample select-space-down-enter paced sample 8,orbit-sample,select,select-space-down-enter,select-down-enter,paced,8,Space ArrowDown Enter,7 days | list closed | none | @combobox:Sample choice,0,0,Space>combobox:Sample choice[none|f=combobox:Sample choice|h=None]@28.6 ; ArrowDown>option:Never[listbox×1|f=option:Never|h=Never]@355.1 ; Enter>option:7 days[listbox×1|f=option:7 days|h=7 days]@662.2
chromium-dark-desktop › orbit-sample select-space-down-enter paced sample 9,orbit-sample,select,select-space-down-enter,select-down-enter,paced,9,Space ArrowDown Enter,7 days | list closed | none | @combobox:Sample choice,0,0,Space>combobox:Sample choice[none|f=combobox:Sample choice|h=None]@28.2 ; ArrowDown>option:Never[listbox×1|f=option:Never|h=Never]@350.5 ; Enter>option:7 days[listbox×1|f=option:7 days|h=7 days]@660.8
chromium-dark-desktop › orbit-sample select-space-down-enter paced sample 10,orbit-sample,select,select-space-down-enter,select-down-enter,paced,10,Space ArrowDown Enter,7 days | list closed | none | @combobox:Sample choice,0,0,Space>combobox:Sample choice[none|f=combobox:Sample choice|h=None]@18.5 ; ArrowDown>option:Never[listbox×1|f=option:Never|h=Never]@341.7 ; Enter>option:7 days[listbox×1|f=option:7 days|h=7 days]@648.3
chromium-dark-desktop › orbit-sample select-space-down-enter paced sample 11,orbit-sample,select,select-space-down-enter,select-down-enter,paced,11,Space ArrowDown Enter,7 days | list closed | none | @combobox:Sample choice,0,0,Space>combobox:Sample choice[none|f=combobox:Sample choice|h=None]@26.3 ; ArrowDown>option:Never[listbox×1|f=option:Never|h=Never]@355.7 ; Enter>option:7 days[listbox×1|f=option:7 days|h=7 days]@664.7
chromium-dark-desktop › orbit-sample select-space-down-enter paced sample 12,orbit-sample,select,select-space-down-enter,select-down-enter,paced,12,Space ArrowDown Enter,7 days | list closed | none | @combobox:Sample choice,0,0,Space>combobox:Sample choice[none|f=combobox:Sample choice|h=None]@28.3 ; ArrowDown>option:Never[listbox×1|f=option:Never|h=Never]@353.9 ; Enter>option:7 days[listbox×1|f=option:7 days|h=7 days]@660.9
chromium-dark-desktop › orbit-sample select-space-down-enter paced sample 13,orbit-sample,select,select-space-down-enter,select-down-enter,paced,13,Space ArrowDown Enter,7 days | list closed | none | @combobox:Sample choice,0,0,Space>combobox:Sample choice[none|f=combobox:Sample choice|h=None]@22.2 ; ArrowDown>option:Never[listbox×1|f=option:Never|h=Never]@347.7 ; Enter>option:7 days[listbox×1|f=option:7 days|h=7 days]@654.2
chromium-dark-desktop › orbit-sample select-space-down-enter paced sample 14,orbit-sample,select,select-space-down-enter,select-down-enter,paced,14,Space ArrowDown Enter,7 days | list closed | none | @combobox:Sample choice,0,0,Space>combobox:Sample choice[none|f=combobox:Sample choice|h=None]@24.7 ; ArrowDown>option:Never[listbox×1|f=option:Never|h=Never]@349.2 ; Enter>option:7 days[listbox×1|f=option:7 days|h=7 days]@657.2
chromium-dark-desktop › orbit-sample select-space-down-enter paced sample 15,orbit-sample,select,select-space-down-enter,select-down-enter,paced,15,Space ArrowDown Enter,7 days | list closed | none | @combobox:Sample choice,0,0,Space>combobox:Sample choice[none|f=combobox:Sample choice|h=None]@28.4 ; ArrowDown>option:Never[listbox×1|f=option:Never|h=Never]@357.1 ; Enter>option:7 days[listbox×1|f=option:7 days|h=7 days]@669.6
chromium-dark-desktop › orbit-sample select-space-down-enter paced sample 16,orbit-sample,select,select-space-down-enter,select-down-enter,paced,16,Space ArrowDown Enter,7 days | list closed | none | @combobox:Sample choice,0,0,Space>combobox:Sample choice[none|f=combobox:Sample choice|h=None]@23.1 ; ArrowDown>option:Never[listbox×1|f=option:Never|h=Never]@346.6 ; Enter>option:7 days[listbox×1|f=option:7 days|h=7 days]@656.8
chromium-dark-desktop › orbit-sample select-space-down-enter paced sample 17,orbit-sample,select,select-space-down-enter,select-down-enter,paced,17,Space ArrowDown Enter,7 days | list closed | none | @combobox:Sample choice,0,0,Space>combobox:Sample choice[none|f=combobox:Sample choice|h=None]@31.2 ; ArrowDown>option:Never[listbox×1|f=option:Never|h=Never]@359.1 ; Enter>option:7 days[listbox×1|f=option:7 days|h=7 days]@674
chromium-dark-desktop › orbit-sample select-space-down-enter paced sample 18,orbit-sample,select,select-space-down-enter,select-down-enter,paced,18,Space ArrowDown Enter,7 days | list closed | none | @combobox:Sample choice,0,0,Space>combobox:Sample choice[none|f=combobox:Sample choice|h=None]@29.5 ; ArrowDown>option:Never[listbox×1|f=option:Never|h=Never]@353.6 ; Enter>option:7 days[listbox×1|f=option:7 days|h=7 days]@664.7
chromium-dark-desktop › orbit-sample select-space-down-enter paced sample 19,orbit-sample,select,select-space-down-enter,select-down-enter,paced,19,Space ArrowDown Enter,7 days | list closed | none | @combobox:Sample choice,0,0,Space>combobox:Sample choice[none|f=combobox:Sample choice|h=None]@28.3 ; ArrowDown>option:Never[listbox×1|f=option:Never|h=Never]@352.8 ; Enter>option:7 days[listbox×1|f=option:7 days|h=7 days]@661
chromium-dark-desktop › orbit-field select-enter-down-enter burst sample 0,orbit-field,select,select-enter-down-enter,select-down-enter,burst,0,Enter ArrowDown Enter,7 | list closed | none | @combobox:Expires,1,1,Enter>combobox:Expires[none|f=combobox:Expires|h=None]@28.3 ; ArrowDown>combobox:Expires[listbox×1|f=combobox:Expires|h=Never]@47.8 ; ArrowDown*>option:Never[listbox×1|f=option:Never|h=Never]@48.4 ; Enter>option:7 days[listbox×1|f=option:7 days|h=7 days]@50.2
chromium-dark-desktop › orbit-field select-enter-down-enter burst sample 1,orbit-field,select,select-enter-down-enter,select-down-enter,burst,1,Enter ArrowDown Enter,7 | list closed | none | @combobox:Expires,1,1,Enter>combobox:Expires[none|f=combobox:Expires|h=None]@37 ; ArrowDown>combobox:Expires[listbox×1|f=combobox:Expires|h=Never]@55.7 ; ArrowDown*>option:Never[listbox×1|f=option:Never|h=Never]@56.4 ; Enter>option:7 days[listbox×1|f=option:7 days|h=7 days]@58.1
chromium-dark-desktop › orbit-field select-enter-down-enter burst sample 2,orbit-field,select,select-enter-down-enter,select-down-enter,burst,2,Enter ArrowDown Enter,7 | list closed | none | @combobox:Expires,1,1,Enter>combobox:Expires[none|f=combobox:Expires|h=None]@26.7 ; ArrowDown>combobox:Expires[listbox×1|f=combobox:Expires|h=Never]@48.4 ; ArrowDown*>option:Never[listbox×1|f=option:Never|h=Never]@48.9 ; Enter>option:7 days[listbox×1|f=option:7 days|h=7 days]@50.7
chromium-dark-desktop › orbit-field select-enter-down-enter burst sample 3,orbit-field,select,select-enter-down-enter,select-down-enter,burst,3,Enter ArrowDown Enter,7 | list closed | none | @combobox:Expires,1,1,Enter>combobox:Expires[none|f=combobox:Expires|h=None]@29.7 ; ArrowDown>combobox:Expires[listbox×1|f=combobox:Expires|h=Never]@49.7 ; ArrowDown*>option:Never[listbox×1|f=option:Never|h=Never]@50.4 ; Enter>option:7 days[listbox×1|f=option:7 days|h=7 days]@52.5
chromium-dark-desktop › orbit-field select-enter-down-enter burst sample 4,orbit-field,select,select-enter-down-enter,select-down-enter,burst,4,Enter ArrowDown Enter,7 | list closed | none | @combobox:Expires,1,1,Enter>combobox:Expires[none|f=combobox:Expires|h=None]@24.7 ; ArrowDown>combobox:Expires[listbox×1|f=combobox:Expires|h=Never]@43 ; ArrowDown*>option:Never[listbox×1|f=option:Never|h=Never]@43.7 ; Enter>option:7 days[listbox×1|f=option:7 days|h=7 days]@45.5
chromium-dark-desktop › orbit-field select-enter-down-enter burst sample 5,orbit-field,select,select-enter-down-enter,select-down-enter,burst,5,Enter ArrowDown Enter,7 | list closed | none | @combobox:Expires,1,1,Enter>combobox:Expires[none|f=combobox:Expires|h=None]@23.2 ; ArrowDown>combobox:Expires[listbox×1|f=combobox:Expires|h=Never]@41.8 ; ArrowDown*>option:Never[listbox×1|f=option:Never|h=Never]@42.3 ; Enter>option:7 days[listbox×1|f=option:7 days|h=7 days]@44
chromium-dark-desktop › orbit-field select-enter-down-enter burst sample 6,orbit-field,select,select-enter-down-enter,select-down-enter,burst,6,Enter ArrowDown Enter,7 | list closed | none | @combobox:Expires,1,1,Enter>combobox:Expires[none|f=combobox:Expires|h=None]@36.4 ; ArrowDown>combobox:Expires[listbox×1|f=combobox:Expires|h=Never]@54.4 ; ArrowDown*>option:Never[listbox×1|f=option:Never|h=Never]@55 ; Enter>option:7 days[listbox×1|f=option:7 days|h=7 days]@56.8
chromium-dark-desktop › orbit-field select-enter-down-enter burst sample 7,orbit-field,select,select-enter-down-enter,select-down-enter,burst,7,Enter ArrowDown Enter,7 | list closed | none | @combobox:Expires,1,1,Enter>combobox:Expires[none|f=combobox:Expires|h=None]@27.7 ; ArrowDown>combobox:Expires[listbox×1|f=combobox:Expires|h=Never]@45.5 ; ArrowDown*>option:Never[listbox×1|f=option:Never|h=Never]@46 ; Enter>option:7 days[listbox×1|f=option:7 days|h=7 days]@47.6
chromium-dark-desktop › orbit-field select-enter-down-enter burst sample 8,orbit-field,select,select-enter-down-enter,select-down-enter,burst,8,Enter ArrowDown Enter,7 | list closed | none | @combobox:Expires,1,1,Enter>combobox:Expires[none|f=combobox:Expires|h=None]@20.5 ; ArrowDown>combobox:Expires[listbox×1|f=combobox:Expires|h=Never]@37.6 ; ArrowDown*>option:Never[listbox×1|f=option:Never|h=Never]@38.3 ; Enter>option:7 days[listbox×1|f=option:7 days|h=7 days]@39.9
chromium-dark-desktop › orbit-field select-enter-down-enter burst sample 9,orbit-field,select,select-enter-down-enter,select-down-enter,burst,9,Enter ArrowDown Enter,7 | list closed | none | @combobox:Expires,1,1,Enter>combobox:Expires[none|f=combobox:Expires|h=None]@24.7 ; ArrowDown>combobox:Expires[listbox×1|f=combobox:Expires|h=Never]@42 ; ArrowDown*>option:Never[listbox×1|f=option:Never|h=Never]@42.6 ; Enter>option:7 days[listbox×1|f=option:7 days|h=7 days]@44.1
chromium-dark-desktop › orbit-field select-enter-down-enter burst sample 10,orbit-field,select,select-enter-down-enter,select-down-enter,burst,10,Enter ArrowDown Enter,7 | list closed | none | @combobox:Expires,1,1,Enter>combobox:Expires[none|f=combobox:Expires|h=None]@29.1 ; ArrowDown>combobox:Expires[listbox×1|f=combobox:Expires|h=Never]@47 ; ArrowDown*>option:Never[listbox×1|f=option:Never|h=Never]@47.5 ; Enter>option:7 days[listbox×1|f=option:7 days|h=7 days]@49.2
chromium-dark-desktop › orbit-field select-enter-down-enter burst sample 11,orbit-field,select,select-enter-down-enter,select-down-enter,burst,11,Enter ArrowDown Enter,7 | list closed | none | @combobox:Expires,1,1,Enter>combobox:Expires[none|f=combobox:Expires|h=None]@34.9 ; ArrowDown>combobox:Expires[listbox×1|f=combobox:Expires|h=Never]@53.9 ; ArrowDown*>option:Never[listbox×1|f=option:Never|h=Never]@54.5 ; Enter>option:7 days[listbox×1|f=option:7 days|h=7 days]@56.2
chromium-dark-desktop › orbit-field select-enter-down-enter burst sample 12,orbit-field,select,select-enter-down-enter,select-down-enter,burst,12,Enter ArrowDown Enter,7 | list closed | none | @combobox:Expires,1,1,Enter>combobox:Expires[none|f=combobox:Expires|h=None]@27.4 ; ArrowDown>combobox:Expires[listbox×1|f=combobox:Expires|h=Never]@45.1 ; ArrowDown*>option:Never[listbox×1|f=option:Never|h=Never]@45.8 ; Enter>option:7 days[listbox×1|f=option:7 days|h=7 days]@47.5
chromium-dark-desktop › orbit-field select-enter-down-enter burst sample 13,orbit-field,select,select-enter-down-enter,select-down-enter,burst,13,Enter ArrowDown Enter,7 | list closed | none | @combobox:Expires,1,1,Enter>combobox:Expires[none|f=combobox:Expires|h=None]@25.4 ; ArrowDown>combobox:Expires[listbox×1|f=combobox:Expires|h=Never]@43 ; ArrowDown*>option:Never[listbox×1|f=option:Never|h=Never]@43.6 ; Enter>option:7 days[listbox×1|f=option:7 days|h=7 days]@45.3
chromium-dark-desktop › orbit-field select-enter-down-enter burst sample 14,orbit-field,select,select-enter-down-enter,select-down-enter,burst,14,Enter ArrowDown Enter,7 | list closed | none | @combobox:Expires,1,1,Enter>combobox:Expires[none|f=combobox:Expires|h=None]@19.5 ; ArrowDown>combobox:Expires[listbox×1|f=combobox:Expires|h=Never]@37.3 ; ArrowDown*>option:Never[listbox×1|f=option:Never|h=Never]@37.9 ; Enter>option:7 days[listbox×1|f=option:7 days|h=7 days]@39.4
chromium-dark-desktop › orbit-field select-enter-down-enter burst sample 15,orbit-field,select,select-enter-down-enter,select-down-enter,burst,15,Enter ArrowDown Enter,7 | list closed | none | @combobox:Expires,1,1,Enter>combobox:Expires[none|f=combobox:Expires|h=None]@29.2 ; ArrowDown>combobox:Expires[listbox×1|f=combobox:Expires|h=Never]@46.7 ; ArrowDown*>option:Never[listbox×1|f=option:Never|h=Never]@47.2 ; Enter>option:7 days[listbox×1|f=option:7 days|h=7 days]@48.9
chromium-dark-desktop › orbit-field select-enter-down-enter burst sample 16,orbit-field,select,select-enter-down-enter,select-down-enter,burst,16,Enter ArrowDown Enter,7 | list closed | none | @combobox:Expires,1,1,Enter>combobox:Expires[none|f=combobox:Expires|h=None]@36.5 ; ArrowDown>combobox:Expires[listbox×1|f=combobox:Expires|h=Never]@54.6 ; ArrowDown*>option:Never[listbox×1|f=option:Never|h=Never]@55.1 ; Enter>option:7 days[listbox×1|f=option:7 days|h=7 days]@56.9
chromium-dark-desktop › orbit-field select-enter-down-enter burst sample 17,orbit-field,select,select-enter-down-enter,select-down-enter,burst,17,Enter ArrowDown Enter,7 | list closed | none | @combobox:Expires,1,1,Enter>combobox:Expires[none|f=combobox:Expires|h=None]@35.4 ; ArrowDown>combobox:Expires[listbox×1|f=combobox:Expires|h=Never]@53.7 ; ArrowDown*>option:Never[listbox×1|f=option:Never|h=Never]@54.3 ; Enter>option:7 days[listbox×1|f=option:7 days|h=7 days]@56
chromium-dark-desktop › orbit-field select-enter-down-enter burst sample 18,orbit-field,select,select-enter-down-enter,select-down-enter,burst,18,Enter ArrowDown Enter,7 | list closed | none | @combobox:Expires,1,1,Enter>combobox:Expires[none|f=combobox:Expires|h=None]@21.3 ; ArrowDown>combobox:Expires[listbox×1|f=combobox:Expires|h=Never]@38.7 ; ArrowDown*>option:Never[listbox×1|f=option:Never|h=Never]@39.3 ; Enter>option:7 days[listbox×1|f=option:7 days|h=7 days]@40.9
chromium-dark-desktop › orbit-field select-enter-down-enter burst sample 19,orbit-field,select,select-enter-down-enter,select-down-enter,burst,19,Enter ArrowDown Enter,7 | list closed | none | @combobox:Expires,1,1,Enter>combobox:Expires[none|f=combobox:Expires|h=None]@21.4 ; ArrowDown>combobox:Expires[listbox×1|f=combobox:Expires|h=Never]@39 ; ArrowDown*>option:Never[listbox×1|f=option:Never|h=Never]@39.5 ; Enter>option:7 days[listbox×1|f=option:7 days|h=7 days]@41.2
chromium-dark-desktop › orbit-field select-enter-down-enter paced sample 0,orbit-field,select,select-enter-down-enter,select-down-enter,paced,0,Enter ArrowDown Enter,7 | list closed | none | @combobox:Expires,0,0,Enter>combobox:Expires[none|f=combobox:Expires|h=None]@26.9 ; ArrowDown>option:Never[listbox×1|f=option:Never|h=Never]@354.9 ; Enter>option:7 days[listbox×1|f=option:7 days|h=7 days]@665.2
chromium-dark-desktop › orbit-field select-enter-down-enter paced sample 1,orbit-field,select,select-enter-down-enter,select-down-enter,paced,1,Enter ArrowDown Enter,7 | list closed | none | @combobox:Expires,0,0,Enter>combobox:Expires[none|f=combobox:Expires|h=None]@34.6 ; ArrowDown>option:Never[listbox×1|f=option:Never|h=Never]@353 ; Enter>option:7 days[listbox×1|f=option:7 days|h=7 days]@663.5
chromium-dark-desktop › orbit-field select-enter-down-enter paced sample 2,orbit-field,select,select-enter-down-enter,select-down-enter,paced,2,Enter ArrowDown Enter,7 | list closed | none | @combobox:Expires,0,0,Enter>combobox:Expires[none|f=combobox:Expires|h=None]@33.2 ; ArrowDown>option:Never[listbox×1|f=option:Never|h=Never]@361.9 ; Enter>option:7 days[listbox×1|f=option:7 days|h=7 days]@673.3
chromium-dark-desktop › orbit-field select-enter-down-enter paced sample 3,orbit-field,select,select-enter-down-enter,select-down-enter,paced,3,Enter ArrowDown Enter,7 | list closed | none | @combobox:Expires,0,0,Enter>combobox:Expires[none|f=combobox:Expires|h=None]@31.4 ; ArrowDown>option:Never[listbox×1|f=option:Never|h=Never]@363.7 ; Enter>option:7 days[listbox×1|f=option:7 days|h=7 days]@677.2
chromium-dark-desktop › orbit-field select-enter-down-enter paced sample 4,orbit-field,select,select-enter-down-enter,select-down-enter,paced,4,Enter ArrowDown Enter,7 | list closed | none | @combobox:Expires,0,0,Enter>combobox:Expires[none|f=combobox:Expires|h=None]@36.4 ; ArrowDown>option:Never[listbox×1|f=option:Never|h=Never]@366.9 ; Enter>option:7 days[listbox×1|f=option:7 days|h=7 days]@680.3
chromium-dark-desktop › orbit-field select-enter-down-enter paced sample 5,orbit-field,select,select-enter-down-enter,select-down-enter,paced,5,Enter ArrowDown Enter,7 | list closed | none | @combobox:Expires,0,0,Enter>combobox:Expires[none|f=combobox:Expires|h=None]@25.8 ; ArrowDown>option:Never[listbox×1|f=option:Never|h=Never]@355.8 ; Enter>option:7 days[listbox×1|f=option:7 days|h=7 days]@670.4
chromium-dark-desktop › orbit-field select-enter-down-enter paced sample 6,orbit-field,select,select-enter-down-enter,select-down-enter,paced,6,Enter ArrowDown Enter,7 | list closed | none | @combobox:Expires,0,0,Enter>combobox:Expires[none|f=combobox:Expires|h=None]@24.2 ; ArrowDown>option:Never[listbox×1|f=option:Never|h=Never]@355.6 ; Enter>option:7 days[listbox×1|f=option:7 days|h=7 days]@670.5
chromium-dark-desktop › orbit-field select-enter-down-enter paced sample 7,orbit-field,select,select-enter-down-enter,select-down-enter,paced,7,Enter ArrowDown Enter,7 | list closed | none | @combobox:Expires,0,0,Enter>combobox:Expires[none|f=combobox:Expires|h=None]@28.4 ; ArrowDown>option:Never[listbox×1|f=option:Never|h=Never]@353 ; Enter>option:7 days[listbox×1|f=option:7 days|h=7 days]@671.7
chromium-dark-desktop › orbit-field select-enter-down-enter paced sample 8,orbit-field,select,select-enter-down-enter,select-down-enter,paced,8,Enter ArrowDown Enter,7 | list closed | none | @combobox:Expires,0,0,Enter>combobox:Expires[none|f=combobox:Expires|h=None]@21.1 ; ArrowDown>option:Never[listbox×1|f=option:Never|h=Never]@351.8 ; Enter>option:7 days[listbox×1|f=option:7 days|h=7 days]@671.9
chromium-dark-desktop › orbit-field select-enter-down-enter paced sample 9,orbit-field,select,select-enter-down-enter,select-down-enter,paced,9,Enter ArrowDown Enter,7 | list closed | none | @combobox:Expires,0,0,Enter>combobox:Expires[none|f=combobox:Expires|h=None]@35.9 ; ArrowDown>option:Never[listbox×1|f=option:Never|h=Never]@367.3 ; Enter>option:7 days[listbox×1|f=option:7 days|h=7 days]@680.2
chromium-dark-desktop › orbit-field select-enter-down-enter paced sample 10,orbit-field,select,select-enter-down-enter,select-down-enter,paced,10,Enter ArrowDown Enter,7 | list closed | none | @combobox:Expires,0,0,Enter>combobox:Expires[none|f=combobox:Expires|h=None]@37.2 ; ArrowDown>option:Never[listbox×1|f=option:Never|h=Never]@368.5 ; Enter>option:7 days[listbox×1|f=option:7 days|h=7 days]@679.4
chromium-dark-desktop › orbit-field select-enter-down-enter paced sample 11,orbit-field,select,select-enter-down-enter,select-down-enter,paced,11,Enter ArrowDown Enter,7 | list closed | none | @combobox:Expires,0,0,Enter>combobox:Expires[none|f=combobox:Expires|h=None]@26.8 ; ArrowDown>option:Never[listbox×1|f=option:Never|h=Never]@352.2 ; Enter>option:7 days[listbox×1|f=option:7 days|h=7 days]@660.2
chromium-dark-desktop › orbit-field select-enter-down-enter paced sample 12,orbit-field,select,select-enter-down-enter,select-down-enter,paced,12,Enter ArrowDown Enter,7 | list closed | none | @combobox:Expires,0,0,Enter>combobox:Expires[none|f=combobox:Expires|h=None]@23.9 ; ArrowDown>option:Never[listbox×1|f=option:Never|h=Never]@348.4 ; Enter>option:7 days[listbox×1|f=option:7 days|h=7 days]@656.8
chromium-dark-desktop › orbit-field select-enter-down-enter paced sample 13,orbit-field,select,select-enter-down-enter,select-down-enter,paced,13,Enter ArrowDown Enter,7 | list closed | none | @combobox:Expires,0,0,Enter>combobox:Expires[none|f=combobox:Expires|h=None]@31.7 ; ArrowDown>option:Never[listbox×1|f=option:Never|h=Never]@357 ; Enter>option:7 days[listbox×1|f=option:7 days|h=7 days]@667
chromium-dark-desktop › orbit-field select-enter-down-enter paced sample 14,orbit-field,select,select-enter-down-enter,select-down-enter,paced,14,Enter ArrowDown Enter,7 | list closed | none | @combobox:Expires,0,0,Enter>combobox:Expires[none|f=combobox:Expires|h=None]@24.6 ; ArrowDown>option:Never[listbox×1|f=option:Never|h=Never]@349.3 ; Enter>option:7 days[listbox×1|f=option:7 days|h=7 days]@657.3
chromium-dark-desktop › orbit-field select-enter-down-enter paced sample 15,orbit-field,select,select-enter-down-enter,select-down-enter,paced,15,Enter ArrowDown Enter,7 | list closed | none | @combobox:Expires,0,0,Enter>combobox:Expires[none|f=combobox:Expires|h=None]@35.7 ; ArrowDown>option:Never[listbox×1|f=option:Never|h=Never]@360.8 ; Enter>option:7 days[listbox×1|f=option:7 days|h=7 days]@669.1
chromium-dark-desktop › orbit-field select-enter-down-enter paced sample 16,orbit-field,select,select-enter-down-enter,select-down-enter,paced,16,Enter ArrowDown Enter,7 | list closed | none | @combobox:Expires,0,0,Enter>combobox:Expires[none|f=combobox:Expires|h=None]@35.8 ; ArrowDown>option:Never[listbox×1|f=option:Never|h=Never]@362.3 ; Enter>option:7 days[listbox×1|f=option:7 days|h=7 days]@672
chromium-dark-desktop › orbit-field select-enter-down-enter paced sample 17,orbit-field,select,select-enter-down-enter,select-down-enter,paced,17,Enter ArrowDown Enter,7 | list closed | none | @combobox:Expires,0,0,Enter>combobox:Expires[none|f=combobox:Expires|h=None]@25.4 ; ArrowDown>option:Never[listbox×1|f=option:Never|h=Never]@354.9 ; Enter>option:7 days[listbox×1|f=option:7 days|h=7 days]@663.4
chromium-dark-desktop › orbit-field select-enter-down-enter paced sample 18,orbit-field,select,select-enter-down-enter,select-down-enter,paced,18,Enter ArrowDown Enter,7 | list closed | none | @combobox:Expires,0,0,Enter>combobox:Expires[none|f=combobox:Expires|h=None]@24.1 ; ArrowDown>option:Never[listbox×1|f=option:Never|h=Never]@364.2 ; Enter>option:7 days[listbox×1|f=option:7 days|h=7 days]@678.5
chromium-dark-desktop › orbit-field select-enter-down-enter paced sample 19,orbit-field,select,select-enter-down-enter,select-down-enter,paced,19,Enter ArrowDown Enter,7 | list closed | none | @combobox:Expires,0,0,Enter>combobox:Expires[none|f=combobox:Expires|h=None]@23.6 ; ArrowDown>option:Never[listbox×1|f=option:Never|h=Never]@353.9 ; Enter>option:7 days[listbox×1|f=option:7 days|h=7 days]@666.3
chromium-dark-desktop › orbit-sample select-enter-down-enter burst sample 0,orbit-sample,select,select-enter-down-enter,select-down-enter,burst,0,Enter ArrowDown Enter,7 days | list closed | none | @combobox:Sample choice,1,1,Enter>combobox:Sample choice[none|f=combobox:Sample choice|h=None]@28.9 ; ArrowDown>combobox:Sample choice[listbox×1|f=combobox:Sample choice|h=Never]@93.3 ; ArrowDown*>option:Never[listbox×1|f=option:Never|h=Never]@94.5 ; Enter>option:7 days[listbox×1|f=option:7 days|h=7 days]@98.5
chromium-dark-desktop › orbit-sample select-enter-down-enter burst sample 1,orbit-sample,select,select-enter-down-enter,select-down-enter,burst,1,Enter ArrowDown Enter,7 days | list closed | none | @combobox:Sample choice,1,1,Enter>combobox:Sample choice[none|f=combobox:Sample choice|h=None]@43.7 ; ArrowDown>combobox:Sample choice[listbox×1|f=combobox:Sample choice|h=Never]@89.4 ; ArrowDown*>option:Never[listbox×1|f=option:Never|h=Never]@90 ; Enter>option:7 days[listbox×1|f=option:7 days|h=7 days]@93
chromium-dark-desktop › orbit-sample select-enter-down-enter burst sample 2,orbit-sample,select,select-enter-down-enter,select-down-enter,burst,2,Enter ArrowDown Enter,7 days | list closed | none | @combobox:Sample choice,1,1,Enter>combobox:Sample choice[none|f=combobox:Sample choice|h=None]@28.3 ; ArrowDown>combobox:Sample choice[listbox×1|f=combobox:Sample choice|h=Never]@75.1 ; ArrowDown*>option:Never[listbox×1|f=option:Never|h=Never]@76.6 ; Enter>option:7 days[listbox×1|f=option:7 days|h=7 days]@81.5
chromium-dark-desktop › orbit-sample select-enter-down-enter burst sample 3,orbit-sample,select,select-enter-down-enter,select-down-enter,burst,3,Enter ArrowDown Enter,7 days | list closed | none | @combobox:Sample choice,1,1,Enter>combobox:Sample choice[none|f=combobox:Sample choice|h=None]@38.7 ; ArrowDown>combobox:Sample choice[listbox×1|f=combobox:Sample choice|h=Never]@75.9 ; ArrowDown*>option:Never[listbox×1|f=option:Never|h=Never]@77.3 ; Enter>option:7 days[listbox×1|f=option:7 days|h=7 days]@79.5
chromium-dark-desktop › orbit-sample select-enter-down-enter burst sample 4,orbit-sample,select,select-enter-down-enter,select-down-enter,burst,4,Enter ArrowDown Enter,7 days | list closed | none | @combobox:Sample choice,1,1,Enter>combobox:Sample choice[none|f=combobox:Sample choice|h=None]@40.5 ; ArrowDown>combobox:Sample choice[listbox×1|f=combobox:Sample choice|h=Never]@87.6 ; ArrowDown*>option:Never[listbox×1|f=option:Never|h=Never]@88.7 ; Enter>option:7 days[listbox×1|f=option:7 days|h=7 days]@91.6
chromium-dark-desktop › orbit-sample select-enter-down-enter burst sample 5,orbit-sample,select,select-enter-down-enter,select-down-enter,burst,5,Enter ArrowDown Enter,7 days | list closed | none | @combobox:Sample choice,1,1,Enter>combobox:Sample choice[none|f=combobox:Sample choice|h=None]@30.6 ; ArrowDown>combobox:Sample choice[listbox×1|f=combobox:Sample choice|h=Never]@71.6 ; ArrowDown*>option:Never[listbox×1|f=option:Never|h=Never]@72.6 ; Enter>option:7 days[listbox×1|f=option:7 days|h=7 days]@75.8
chromium-dark-desktop › orbit-sample select-enter-down-enter burst sample 6,orbit-sample,select,select-enter-down-enter,select-down-enter,burst,6,Enter ArrowDown Enter,7 days | list closed | none | @combobox:Sample choice,1,1,Enter>combobox:Sample choice[none|f=combobox:Sample choice|h=None]@44.1 ; ArrowDown>combobox:Sample choice[listbox×1|f=combobox:Sample choice|h=Never]@91.9 ; ArrowDown*>option:Never[listbox×1|f=option:Never|h=Never]@92.5 ; Enter>option:7 days[listbox×1|f=option:7 days|h=7 days]@94.2
chromium-dark-desktop › orbit-sample select-enter-down-enter burst sample 7,orbit-sample,select,select-enter-down-enter,select-down-enter,burst,7,Enter ArrowDown Enter,7 days | list closed | none | @combobox:Sample choice,1,1,Enter>combobox:Sample choice[none|f=combobox:Sample choice|h=None]@31.9 ; ArrowDown>combobox:Sample choice[listbox×1|f=combobox:Sample choice|h=Never]@52.9 ; ArrowDown*>option:Never[listbox×1|f=option:Never|h=Never]@53.6 ; Enter>option:7 days[listbox×1|f=option:7 days|h=7 days]@55.5
chromium-dark-desktop › orbit-sample select-enter-down-enter burst sample 8,orbit-sample,select,select-enter-down-enter,select-down-enter,burst,8,Enter ArrowDown Enter,7 days | list closed | none | @combobox:Sample choice,1,1,Enter>combobox:Sample choice[none|f=combobox:Sample choice|h=None]@33.1 ; ArrowDown>combobox:Sample choice[listbox×1|f=combobox:Sample choice|h=Never]@60.8 ; ArrowDown*>option:Never[listbox×1|f=option:Never|h=Never]@61.7 ; Enter>option:7 days[listbox×1|f=option:7 days|h=7 days]@64.2
chromium-dark-desktop › orbit-sample select-enter-down-enter burst sample 9,orbit-sample,select,select-enter-down-enter,select-down-enter,burst,9,Enter ArrowDown Enter,7 days | list closed | none | @combobox:Sample choice,1,1,Enter>combobox:Sample choice[none|f=combobox:Sample choice|h=None]@28.4 ; ArrowDown>combobox:Sample choice[listbox×1|f=combobox:Sample choice|h=Never]@52.1 ; ArrowDown*>option:Never[listbox×1|f=option:Never|h=Never]@52.8 ; Enter>option:7 days[listbox×1|f=option:7 days|h=7 days]@54.8
chromium-dark-desktop › orbit-sample select-enter-down-enter burst sample 10,orbit-sample,select,select-enter-down-enter,select-down-enter,burst,10,Enter ArrowDown Enter,7 days | list closed | none | @combobox:Sample choice,1,1,Enter>combobox:Sample choice[none|f=combobox:Sample choice|h=None]@38 ; ArrowDown>combobox:Sample choice[listbox×1|f=combobox:Sample choice|h=Never]@61.6 ; ArrowDown*>option:Never[listbox×1|f=option:Never|h=Never]@62.5 ; Enter>option:7 days[listbox×1|f=option:7 days|h=7 days]@64.9
chromium-dark-desktop › orbit-sample select-enter-down-enter burst sample 11,orbit-sample,select,select-enter-down-enter,select-down-enter,burst,11,Enter ArrowDown Enter,7 days | list closed | none | @combobox:Sample choice,1,1,Enter>combobox:Sample choice[none|f=combobox:Sample choice|h=None]@27.8 ; ArrowDown>combobox:Sample choice[listbox×1|f=combobox:Sample choice|h=Never]@48.3 ; ArrowDown*>option:Never[listbox×1|f=option:Never|h=Never]@49 ; Enter>option:7 days[listbox×1|f=option:7 days|h=7 days]@50.7
chromium-dark-desktop › orbit-sample select-enter-down-enter burst sample 12,orbit-sample,select,select-enter-down-enter,select-down-enter,burst,12,Enter ArrowDown Enter,7 days | list closed | none | @combobox:Sample choice,1,1,Enter>combobox:Sample choice[none|f=combobox:Sample choice|h=None]@29.2 ; ArrowDown>combobox:Sample choice[listbox×1|f=combobox:Sample choice|h=Never]@48.9 ; ArrowDown*>option:Never[listbox×1|f=option:Never|h=Never]@49.6 ; Enter>option:7 days[listbox×1|f=option:7 days|h=7 days]@51.4
chromium-dark-desktop › orbit-sample select-enter-down-enter burst sample 13,orbit-sample,select,select-enter-down-enter,select-down-enter,burst,13,Enter ArrowDown Enter,7 days | list closed | none | @combobox:Sample choice,1,1,Enter>combobox:Sample choice[none|f=combobox:Sample choice|h=None]@24.9 ; ArrowDown>combobox:Sample choice[listbox×1|f=combobox:Sample choice|h=Never]@45.1 ; ArrowDown*>option:Never[listbox×1|f=option:Never|h=Never]@45.6 ; Enter>option:7 days[listbox×1|f=option:7 days|h=7 days]@47.3
chromium-dark-desktop › orbit-sample select-enter-down-enter burst sample 14,orbit-sample,select,select-enter-down-enter,select-down-enter,burst,14,Enter ArrowDown Enter,7 days | list closed | none | @combobox:Sample choice,1,1,Enter>combobox:Sample choice[none|f=combobox:Sample choice|h=None]@23.7 ; ArrowDown>combobox:Sample choice[listbox×1|f=combobox:Sample choice|h=Never]@45.9 ; ArrowDown*>option:Never[listbox×1|f=option:Never|h=Never]@46.5 ; Enter>option:7 days[listbox×1|f=option:7 days|h=7 days]@48.5
chromium-dark-desktop › orbit-sample select-enter-down-enter burst sample 15,orbit-sample,select,select-enter-down-enter,select-down-enter,burst,15,Enter ArrowDown Enter,7 days | list closed | none | @combobox:Sample choice,1,1,Enter>combobox:Sample choice[none|f=combobox:Sample choice|h=None]@21.6 ; ArrowDown>combobox:Sample choice[listbox×1|f=combobox:Sample choice|h=Never]@36.3 ; ArrowDown*>option:Never[listbox×1|f=option:Never|h=Never]@36.7 ; Enter>option:7 days[listbox×1|f=option:7 days|h=7 days]@37.9
chromium-dark-desktop › orbit-sample select-enter-down-enter burst sample 16,orbit-sample,select,select-enter-down-enter,select-down-enter,burst,16,Enter ArrowDown Enter,7 days | list closed | none | @combobox:Sample choice,1,1,Enter>combobox:Sample choice[none|f=combobox:Sample choice|h=None]@24.2 ; ArrowDown>combobox:Sample choice[listbox×1|f=combobox:Sample choice|h=Never]@43.8 ; ArrowDown*>option:Never[listbox×1|f=option:Never|h=Never]@44.5 ; Enter>option:7 days[listbox×1|f=option:7 days|h=7 days]@46.2
chromium-dark-desktop › orbit-sample select-enter-down-enter burst sample 17,orbit-sample,select,select-enter-down-enter,select-down-enter,burst,17,Enter ArrowDown Enter,7 days | list closed | none | @combobox:Sample choice,1,1,Enter>combobox:Sample choice[none|f=combobox:Sample choice|h=None]@31.7 ; ArrowDown>combobox:Sample choice[listbox×1|f=combobox:Sample choice|h=Never]@51.8 ; ArrowDown*>option:Never[listbox×1|f=option:Never|h=Never]@52.5 ; Enter>option:7 days[listbox×1|f=option:7 days|h=7 days]@54.2
chromium-dark-desktop › orbit-sample select-enter-down-enter burst sample 18,orbit-sample,select,select-enter-down-enter,select-down-enter,burst,18,Enter ArrowDown Enter,7 days | list closed | none | @combobox:Sample choice,1,1,Enter>combobox:Sample choice[none|f=combobox:Sample choice|h=None]@20.3 ; ArrowDown>combobox:Sample choice[listbox×1|f=combobox:Sample choice|h=Never]@35.6 ; ArrowDown*>option:Never[listbox×1|f=option:Never|h=Never]@36.1 ; Enter>option:7 days[listbox×1|f=option:7 days|h=7 days]@37.3
chromium-dark-desktop › orbit-sample select-enter-down-enter burst sample 19,orbit-sample,select,select-enter-down-enter,select-down-enter,burst,19,Enter ArrowDown Enter,7 days | list closed | none | @combobox:Sample choice,1,1,Enter>combobox:Sample choice[none|f=combobox:Sample choice|h=None]@24.3 ; ArrowDown>combobox:Sample choice[listbox×1|f=combobox:Sample choice|h=Never]@43.5 ; ArrowDown*>option:Never[listbox×1|f=option:Never|h=Never]@44.1 ; Enter>option:7 days[listbox×1|f=option:7 days|h=7 days]@45.9
chromium-dark-desktop › orbit-sample select-enter-down-enter paced sample 0,orbit-sample,select,select-enter-down-enter,select-down-enter,paced,0,Enter ArrowDown Enter,7 days | list closed | none | @combobox:Sample choice,0,0,Enter>combobox:Sample choice[none|f=combobox:Sample choice|h=None]@37 ; ArrowDown>option:Never[listbox×1|f=option:Never|h=Never]@361.4 ; Enter>option:7 days[listbox×1|f=option:7 days|h=7 days]@679.9
chromium-dark-desktop › orbit-sample select-enter-down-enter paced sample 1,orbit-sample,select,select-enter-down-enter,select-down-enter,paced,1,Enter ArrowDown Enter,7 days | list closed | none | @combobox:Sample choice,0,0,Enter>combobox:Sample choice[none|f=combobox:Sample choice|h=None]@22 ; ArrowDown>option:Never[listbox×1|f=option:Never|h=Never]@348.2 ; Enter>option:7 days[listbox×1|f=option:7 days|h=7 days]@656.2
chromium-dark-desktop › orbit-sample select-enter-down-enter paced sample 2,orbit-sample,select,select-enter-down-enter,select-down-enter,paced,2,Enter ArrowDown Enter,7 days | list closed | none | @combobox:Sample choice,0,0,Enter>combobox:Sample choice[none|f=combobox:Sample choice|h=None]@21.8 ; ArrowDown>option:Never[listbox×1|f=option:Never|h=Never]@345.6 ; Enter>option:7 days[listbox×1|f=option:7 days|h=7 days]@652.4
chromium-dark-desktop › orbit-sample select-enter-down-enter paced sample 3,orbit-sample,select,select-enter-down-enter,select-down-enter,paced,3,Enter ArrowDown Enter,7 days | list closed | none | @combobox:Sample choice,0,0,Enter>combobox:Sample choice[none|f=combobox:Sample choice|h=None]@22.8 ; ArrowDown>option:Never[listbox×1|f=option:Never|h=Never]@348.8 ; Enter>option:7 days[listbox×1|f=option:7 days|h=7 days]@654.8
chromium-dark-desktop › orbit-sample select-enter-down-enter paced sample 4,orbit-sample,select,select-enter-down-enter,select-down-enter,paced,4,Enter ArrowDown Enter,7 days | list closed | none | @combobox:Sample choice,0,0,Enter>combobox:Sample choice[none|f=combobox:Sample choice|h=None]@28.2 ; ArrowDown>option:Never[listbox×1|f=option:Never|h=Never]@360.8 ; Enter>option:7 days[listbox×1|f=option:7 days|h=7 days]@668.3
chromium-dark-desktop › orbit-sample select-enter-down-enter paced sample 5,orbit-sample,select,select-enter-down-enter,select-down-enter,paced,5,Enter ArrowDown Enter,7 days | list closed | none | @combobox:Sample choice,0,0,Enter>combobox:Sample choice[none|f=combobox:Sample choice|h=None]@33.7 ; ArrowDown>option:Never[listbox×1|f=option:Never|h=Never]@360.6 ; Enter>option:7 days[listbox×1|f=option:7 days|h=7 days]@670.3
chromium-dark-desktop › orbit-sample select-enter-down-enter paced sample 6,orbit-sample,select,select-enter-down-enter,select-down-enter,paced,6,Enter ArrowDown Enter,7 days | list closed | none | @combobox:Sample choice,0,0,Enter>combobox:Sample choice[none|f=combobox:Sample choice|h=None]@32.2 ; ArrowDown>option:Never[listbox×1|f=option:Never|h=Never]@357.2 ; Enter>option:7 days[listbox×1|f=option:7 days|h=7 days]@667.6
chromium-dark-desktop › orbit-sample select-enter-down-enter paced sample 7,orbit-sample,select,select-enter-down-enter,select-down-enter,paced,7,Enter ArrowDown Enter,7 days | list closed | none | @combobox:Sample choice,0,0,Enter>combobox:Sample choice[none|f=combobox:Sample choice|h=None]@30.9 ; ArrowDown>option:Never[listbox×1|f=option:Never|h=Never]@355.8 ; Enter>option:7 days[listbox×1|f=option:7 days|h=7 days]@662.7
chromium-dark-desktop › orbit-sample select-enter-down-enter paced sample 8,orbit-sample,select,select-enter-down-enter,select-down-enter,paced,8,Enter ArrowDown Enter,7 days | list closed | none | @combobox:Sample choice,0,0,Enter>combobox:Sample choice[none|f=combobox:Sample choice|h=None]@23.6 ; ArrowDown>option:Never[listbox×1|f=option:Never|h=Never]@348.1 ; Enter>option:7 days[listbox×1|f=option:7 days|h=7 days]@654.9
chromium-dark-desktop › orbit-sample select-enter-down-enter paced sample 9,orbit-sample,select,select-enter-down-enter,select-down-enter,paced,9,Enter ArrowDown Enter,7 days | list closed | none | @combobox:Sample choice,0,0,Enter>combobox:Sample choice[none|f=combobox:Sample choice|h=None]@24.9 ; ArrowDown>option:Never[listbox×1|f=option:Never|h=Never]@350.9 ; Enter>option:7 days[listbox×1|f=option:7 days|h=7 days]@657.6
chromium-dark-desktop › orbit-sample select-enter-down-enter paced sample 10,orbit-sample,select,select-enter-down-enter,select-down-enter,paced,10,Enter ArrowDown Enter,7 days | list closed | none | @combobox:Sample choice,0,0,Enter>combobox:Sample choice[none|f=combobox:Sample choice|h=None]@21.5 ; ArrowDown>option:Never[listbox×1|f=option:Never|h=Never]@347.3 ; Enter>option:7 days[listbox×1|f=option:7 days|h=7 days]@654.3
chromium-dark-desktop › orbit-sample select-enter-down-enter paced sample 11,orbit-sample,select,select-enter-down-enter,select-down-enter,paced,11,Enter ArrowDown Enter,7 days | list closed | none | @combobox:Sample choice,0,0,Enter>combobox:Sample choice[none|f=combobox:Sample choice|h=None]@35.3 ; ArrowDown>option:Never[listbox×1|f=option:Never|h=Never]@363.4 ; Enter>option:7 days[listbox×1|f=option:7 days|h=7 days]@671.4
chromium-dark-desktop › orbit-sample select-enter-down-enter paced sample 12,orbit-sample,select,select-enter-down-enter,select-down-enter,paced,12,Enter ArrowDown Enter,7 days | list closed | none | @combobox:Sample choice,0,0,Enter>combobox:Sample choice[none|f=combobox:Sample choice|h=None]@26.7 ; ArrowDown>option:Never[listbox×1|f=option:Never|h=Never]@351.5 ; Enter>option:7 days[listbox×1|f=option:7 days|h=7 days]@657.8
chromium-dark-desktop › orbit-sample select-enter-down-enter paced sample 13,orbit-sample,select,select-enter-down-enter,select-down-enter,paced,13,Enter ArrowDown Enter,7 days | list closed | none | @combobox:Sample choice,0,0,Enter>combobox:Sample choice[none|f=combobox:Sample choice|h=None]@53.3 ; ArrowDown>option:Never[listbox×1|f=option:Never|h=Never]@437.4 ; Enter>option:7 days[listbox×1|f=option:7 days|h=7 days]@768.1
chromium-dark-desktop › orbit-sample select-enter-down-enter paced sample 14,orbit-sample,select,select-enter-down-enter,select-down-enter,paced,14,Enter ArrowDown Enter,7 days | list closed | none | @combobox:Sample choice,0,0,Enter>combobox:Sample choice[none|f=combobox:Sample choice|h=None]@46 ; ArrowDown>option:Never[listbox×1|f=option:Never|h=Never]@430.5 ; Enter>option:7 days[listbox×1|f=option:7 days|h=7 days]@751.9
chromium-dark-desktop › orbit-sample select-enter-down-enter paced sample 15,orbit-sample,select,select-enter-down-enter,select-down-enter,paced,15,Enter ArrowDown Enter,7 days | list closed | none | @combobox:Sample choice,0,0,Enter>combobox:Sample choice[none|f=combobox:Sample choice|h=None]@39.3 ; ArrowDown>option:Never[listbox×1|f=option:Never|h=Never]@394.1 ; Enter>option:7 days[listbox×1|f=option:7 days|h=7 days]@733.6
chromium-dark-desktop › orbit-sample select-enter-down-enter paced sample 16,orbit-sample,select,select-enter-down-enter,select-down-enter,paced,16,Enter ArrowDown Enter,7 days | list closed | none | @combobox:Sample choice,0,0,Enter>combobox:Sample choice[none|f=combobox:Sample choice|h=None]@31.6 ; ArrowDown>option:Never[listbox×1|f=option:Never|h=Never]@391.1 ; Enter>option:7 days[listbox×1|f=option:7 days|h=7 days]@705
chromium-dark-desktop › orbit-sample select-enter-down-enter paced sample 17,orbit-sample,select,select-enter-down-enter,select-down-enter,paced,17,Enter ArrowDown Enter,7 days | list closed | none | @combobox:Sample choice,0,0,Enter>combobox:Sample choice[none|f=combobox:Sample choice|h=None]@47.3 ; ArrowDown>option:Never[listbox×1|f=option:Never|h=Never]@410.2 ; Enter>option:7 days[listbox×1|f=option:7 days|h=7 days]@745.2
chromium-dark-desktop › orbit-sample select-enter-down-enter paced sample 18,orbit-sample,select,select-enter-down-enter,select-down-enter,paced,18,Enter ArrowDown Enter,7 days | list closed | none | @combobox:Sample choice,0,0,Enter>combobox:Sample choice[none|f=combobox:Sample choice|h=None]@38 ; ArrowDown>option:Never[listbox×1|f=option:Never|h=Never]@382.9 ; Enter>option:7 days[listbox×1|f=option:7 days|h=7 days]@707.4
chromium-dark-desktop › orbit-sample select-enter-down-enter paced sample 19,orbit-sample,select,select-enter-down-enter,select-down-enter,paced,19,Enter ArrowDown Enter,7 days | list closed | none | @combobox:Sample choice,0,0,Enter>combobox:Sample choice[none|f=combobox:Sample choice|h=None]@35.2 ; ArrowDown>option:Never[listbox×1|f=option:Never|h=Never]@380.9 ; Enter>option:7 days[listbox×1|f=option:7 days|h=7 days]@689
chromium-dark-desktop › orbit-field select-down-7-enter burst sample 0,orbit-field,select,select-down-7-enter,select-down-enter,burst,0,ArrowDown 7 Enter,7 | list closed | none | @combobox:Expires,1,1,ArrowDown>combobox:Expires[none|f=combobox:Expires|h=None]@34.9 ; 7>combobox:Expires[listbox×1|f=combobox:Expires|h=Never]@58.1 ; Enter>combobox:Expires[listbox×1|f=combobox:Expires|h=7 days]@59.8 ; Enter*>option:7 days[listbox×1|f=option:7 days|h=7 days]@60.4
chromium-dark-desktop › orbit-field select-down-7-enter burst sample 1,orbit-field,select,select-down-7-enter,select-down-enter,burst,1,ArrowDown 7 Enter,7 | list closed | none | @combobox:Expires,1,1,ArrowDown>combobox:Expires[none|f=combobox:Expires|h=None]@38 ; 7>combobox:Expires[listbox×1|f=combobox:Expires|h=Never]@58.5 ; Enter>combobox:Expires[listbox×1|f=combobox:Expires|h=7 days]@59.8 ; Enter*>option:7 days[listbox×1|f=option:7 days|h=7 days]@60.5
chromium-dark-desktop › orbit-field select-down-7-enter burst sample 2,orbit-field,select,select-down-7-enter,select-down-enter,burst,2,ArrowDown 7 Enter,7 | list closed | none | @combobox:Expires,1,1,ArrowDown>combobox:Expires[none|f=combobox:Expires|h=None]@28 ; 7>combobox:Expires[listbox×1|f=combobox:Expires|h=Never]@49.8 ; Enter>combobox:Expires[listbox×1|f=combobox:Expires|h=7 days]@51.4 ; Enter*>option:7 days[listbox×1|f=option:7 days|h=7 days]@52.2
chromium-dark-desktop › orbit-field select-down-7-enter burst sample 3,orbit-field,select,select-down-7-enter,select-down-enter,burst,3,ArrowDown 7 Enter,7 | list closed | none | @combobox:Expires,1,1,ArrowDown>combobox:Expires[none|f=combobox:Expires|h=None]@35.9 ; 7>combobox:Expires[listbox×1|f=combobox:Expires|h=Never]@56.7 ; Enter>combobox:Expires[listbox×1|f=combobox:Expires|h=7 days]@58.1 ; Enter*>option:7 days[listbox×1|f=option:7 days|h=7 days]@58.6
chromium-dark-desktop › orbit-field select-down-7-enter burst sample 4,orbit-field,select,select-down-7-enter,select-down-enter,burst,4,ArrowDown 7 Enter,7 | list closed | none | @combobox:Expires,1,1,ArrowDown>combobox:Expires[none|f=combobox:Expires|h=None]@31.1 ; 7>combobox:Expires[listbox×1|f=combobox:Expires|h=Never]@49.9 ; Enter>combobox:Expires[listbox×1|f=combobox:Expires|h=7 days]@51.1 ; Enter*>option:7 days[listbox×1|f=option:7 days|h=7 days]@51.7
chromium-dark-desktop › orbit-field select-down-7-enter burst sample 5,orbit-field,select,select-down-7-enter,select-down-enter,burst,5,ArrowDown 7 Enter,7 | list closed | none | @combobox:Expires,1,1,ArrowDown>combobox:Expires[none|f=combobox:Expires|h=None]@22.6 ; 7>combobox:Expires[listbox×1|f=combobox:Expires|h=Never]@41.9 ; Enter>combobox:Expires[listbox×1|f=combobox:Expires|h=7 days]@43.1 ; Enter*>option:7 days[listbox×1|f=option:7 days|h=7 days]@43.6
chromium-dark-desktop › orbit-field select-down-7-enter burst sample 6,orbit-field,select,select-down-7-enter,select-down-enter,burst,6,ArrowDown 7 Enter,7 | list closed | none | @combobox:Expires,1,1,ArrowDown>combobox:Expires[none|f=combobox:Expires|h=None]@36.2 ; 7>combobox:Expires[listbox×1|f=combobox:Expires|h=Never]@56.1 ; Enter>combobox:Expires[listbox×1|f=combobox:Expires|h=7 days]@57.4 ; Enter*>option:7 days[listbox×1|f=option:7 days|h=7 days]@58.1
chromium-dark-desktop › orbit-field select-down-7-enter burst sample 7,orbit-field,select,select-down-7-enter,select-down-enter,burst,7,ArrowDown 7 Enter,7 | list closed | none | @combobox:Expires,1,1,ArrowDown>combobox:Expires[none|f=combobox:Expires|h=None]@35.9 ; 7>combobox:Expires[listbox×1|f=combobox:Expires|h=Never]@55.4 ; Enter>combobox:Expires[listbox×1|f=combobox:Expires|h=7 days]@56.7 ; Enter*>option:7 days[listbox×1|f=option:7 days|h=7 days]@57.4
chromium-dark-desktop › orbit-field select-down-7-enter burst sample 8,orbit-field,select,select-down-7-enter,select-down-enter,burst,8,ArrowDown 7 Enter,7 | list closed | none | @combobox:Expires,1,1,ArrowDown>combobox:Expires[none|f=combobox:Expires|h=None]@29.1 ; 7>combobox:Expires[listbox×1|f=combobox:Expires|h=Never]@51 ; Enter>combobox:Expires[listbox×1|f=combobox:Expires|h=7 days]@52.4 ; Enter*>option:7 days[listbox×1|f=option:7 days|h=7 days]@53
chromium-dark-desktop › orbit-field select-down-7-enter burst sample 9,orbit-field,select,select-down-7-enter,select-down-enter,burst,9,ArrowDown 7 Enter,7 | list closed | none | @combobox:Expires,1,1,ArrowDown>combobox:Expires[none|f=combobox:Expires|h=None]@28.7 ; 7>combobox:Expires[listbox×1|f=combobox:Expires|h=Never]@51.4 ; Enter>combobox:Expires[listbox×1|f=combobox:Expires|h=7 days]@52.8 ; Enter*>option:7 days[listbox×1|f=option:7 days|h=7 days]@53.6
chromium-dark-desktop › orbit-field select-down-7-enter burst sample 10,orbit-field,select,select-down-7-enter,select-down-enter,burst,10,ArrowDown 7 Enter,7 | list closed | none | @combobox:Expires,1,1,ArrowDown>combobox:Expires[none|f=combobox:Expires|h=None]@27.9 ; 7>combobox:Expires[listbox×1|f=combobox:Expires|h=Never]@47.8 ; Enter>combobox:Expires[listbox×1|f=combobox:Expires|h=7 days]@49.2 ; Enter*>option:7 days[listbox×1|f=option:7 days|h=7 days]@50
chromium-dark-desktop › orbit-field select-down-7-enter burst sample 11,orbit-field,select,select-down-7-enter,select-down-enter,burst,11,ArrowDown 7 Enter,7 | list closed | none | @combobox:Expires,1,1,ArrowDown>combobox:Expires[none|f=combobox:Expires|h=None]@36.1 ; 7>combobox:Expires[listbox×1|f=combobox:Expires|h=Never]@56.3 ; Enter>combobox:Expires[listbox×1|f=combobox:Expires|h=7 days]@58.1 ; Enter*>option:7 days[listbox×1|f=option:7 days|h=7 days]@58.9
chromium-dark-desktop › orbit-field select-down-7-enter burst sample 12,orbit-field,select,select-down-7-enter,select-down-enter,burst,12,ArrowDown 7 Enter,7 | list closed | none | @combobox:Expires,1,1,ArrowDown>combobox:Expires[none|f=combobox:Expires|h=None]@36.8 ; 7>combobox:Expires[listbox×1|f=combobox:Expires|h=Never]@57.3 ; Enter>combobox:Expires[listbox×1|f=combobox:Expires|h=7 days]@58.6 ; Enter*>option:7 days[listbox×1|f=option:7 days|h=7 days]@59.2
chromium-dark-desktop › orbit-field select-down-7-enter burst sample 13,orbit-field,select,select-down-7-enter,select-down-enter,burst,13,ArrowDown 7 Enter,7 | list closed | none | @combobox:Expires,1,1,ArrowDown>combobox:Expires[none|f=combobox:Expires|h=None]@36.3 ; 7>combobox:Expires[listbox×1|f=combobox:Expires|h=Never]@54.2 ; Enter>combobox:Expires[listbox×1|f=combobox:Expires|h=7 days]@55.5 ; Enter*>option:7 days[listbox×1|f=option:7 days|h=7 days]@56
chromium-dark-desktop › orbit-field select-down-7-enter burst sample 14,orbit-field,select,select-down-7-enter,select-down-enter,burst,14,ArrowDown 7 Enter,7 | list closed | none | @combobox:Expires,1,1,ArrowDown>combobox:Expires[none|f=combobox:Expires|h=None]@34.3 ; 7>combobox:Expires[listbox×1|f=combobox:Expires|h=Never]@52.4 ; Enter>combobox:Expires[listbox×1|f=combobox:Expires|h=7 days]@53.6 ; Enter*>option:7 days[listbox×1|f=option:7 days|h=7 days]@54.2
chromium-dark-desktop › orbit-field select-down-7-enter burst sample 15,orbit-field,select,select-down-7-enter,select-down-enter,burst,15,ArrowDown 7 Enter,7 | list closed | none | @combobox:Expires,1,1,ArrowDown>combobox:Expires[none|f=combobox:Expires|h=None]@34.6 ; 7>combobox:Expires[listbox×1|f=combobox:Expires|h=Never]@52.4 ; Enter>combobox:Expires[listbox×1|f=combobox:Expires|h=7 days]@53.5 ; Enter*>option:7 days[listbox×1|f=option:7 days|h=7 days]@54
chromium-dark-desktop › orbit-field select-down-7-enter burst sample 16,orbit-field,select,select-down-7-enter,select-down-enter,burst,16,ArrowDown 7 Enter,7 | list closed | none | @combobox:Expires,1,1,ArrowDown>combobox:Expires[none|f=combobox:Expires|h=None]@35.2 ; 7>combobox:Expires[listbox×1|f=combobox:Expires|h=Never]@57.7 ; Enter>combobox:Expires[listbox×1|f=combobox:Expires|h=7 days]@59.1 ; Enter*>option:7 days[listbox×1|f=option:7 days|h=7 days]@59.8
chromium-dark-desktop › orbit-field select-down-7-enter burst sample 17,orbit-field,select,select-down-7-enter,select-down-enter,burst,17,ArrowDown 7 Enter,7 | list closed | none | @combobox:Expires,1,1,ArrowDown>combobox:Expires[none|f=combobox:Expires|h=None]@37.4 ; 7>combobox:Expires[listbox×1|f=combobox:Expires|h=Never]@56.9 ; Enter>combobox:Expires[listbox×1|f=combobox:Expires|h=7 days]@58.1 ; Enter*>option:7 days[listbox×1|f=option:7 days|h=7 days]@58.7
chromium-dark-desktop › orbit-field select-down-7-enter burst sample 18,orbit-field,select,select-down-7-enter,select-down-enter,burst,18,ArrowDown 7 Enter,7 | list closed | none | @combobox:Expires,1,1,ArrowDown>combobox:Expires[none|f=combobox:Expires|h=None]@37.7 ; 7>combobox:Expires[listbox×1|f=combobox:Expires|h=Never]@57.1 ; Enter>combobox:Expires[listbox×1|f=combobox:Expires|h=7 days]@58.3 ; Enter*>option:7 days[listbox×1|f=option:7 days|h=7 days]@58.8
chromium-dark-desktop › orbit-field select-down-7-enter burst sample 19,orbit-field,select,select-down-7-enter,select-down-enter,burst,19,ArrowDown 7 Enter,7 | list closed | none | @combobox:Expires,1,1,ArrowDown>combobox:Expires[none|f=combobox:Expires|h=None]@26.1 ; 7>combobox:Expires[listbox×1|f=combobox:Expires|h=Never]@45.3 ; Enter>combobox:Expires[listbox×1|f=combobox:Expires|h=7 days]@46.6 ; Enter*>option:7 days[listbox×1|f=option:7 days|h=7 days]@47.1
chromium-dark-desktop › orbit-field select-down-7-enter paced sample 0,orbit-field,select,select-down-7-enter,select-down-enter,paced,0,ArrowDown 7 Enter,7 | list closed | none | @combobox:Expires,0,0,ArrowDown>combobox:Expires[none|f=combobox:Expires|h=None]@24.8 ; 7>option:Never[listbox×1|f=option:Never|h=Never]@356.2 ; Enter>option:7 days[listbox×1|f=option:7 days|h=7 days]@777
chromium-dark-desktop › orbit-field select-down-7-enter paced sample 1,orbit-field,select,select-down-7-enter,select-down-enter,paced,1,ArrowDown 7 Enter,7 | list closed | none | @combobox:Expires,0,0,ArrowDown>combobox:Expires[none|f=combobox:Expires|h=None]@25.2 ; 7>option:Never[listbox×1|f=option:Never|h=Never]@360.2 ; Enter>option:7 days[listbox×1|f=option:7 days|h=7 days]@670.7
chromium-dark-desktop › orbit-field select-down-7-enter paced sample 2,orbit-field,select,select-down-7-enter,select-down-enter,paced,2,ArrowDown 7 Enter,7 | list closed | none | @combobox:Expires,0,0,ArrowDown>combobox:Expires[none|f=combobox:Expires|h=None]@27.5 ; 7>option:Never[listbox×1|f=option:Never|h=Never]@354.7 ; Enter>option:7 days[listbox×1|f=option:7 days|h=7 days]@662.6
chromium-dark-desktop › orbit-field select-down-7-enter paced sample 3,orbit-field,select,select-down-7-enter,select-down-enter,paced,3,ArrowDown 7 Enter,7 | list closed | none | @combobox:Expires,0,0,ArrowDown>combobox:Expires[none|f=combobox:Expires|h=None]@29.4 ; 7>option:Never[listbox×1|f=option:Never|h=Never]@354.2 ; Enter>option:7 days[listbox×1|f=option:7 days|h=7 days]@666
chromium-dark-desktop › orbit-field select-down-7-enter paced sample 4,orbit-field,select,select-down-7-enter,select-down-enter,paced,4,ArrowDown 7 Enter,7 | list closed | none | @combobox:Expires,0,0,ArrowDown>combobox:Expires[none|f=combobox:Expires|h=None]@22.1 ; 7>option:Never[listbox×1|f=option:Never|h=Never]@342.9 ; Enter>option:7 days[listbox×1|f=option:7 days|h=7 days]@650.7
chromium-dark-desktop › orbit-field select-down-7-enter paced sample 5,orbit-field,select,select-down-7-enter,select-down-enter,paced,5,ArrowDown 7 Enter,7 | list closed | none | @combobox:Expires,0,0,ArrowDown>combobox:Expires[none|f=combobox:Expires|h=None]@32 ; 7>option:Never[listbox×1|f=option:Never|h=Never]@359.1 ; Enter>option:7 days[listbox×1|f=option:7 days|h=7 days]@668.8
chromium-dark-desktop › orbit-field select-down-7-enter paced sample 6,orbit-field,select,select-down-7-enter,select-down-enter,paced,6,ArrowDown 7 Enter,7 | list closed | none | @combobox:Expires,0,0,ArrowDown>combobox:Expires[none|f=combobox:Expires|h=None]@36.8 ; 7>option:Never[listbox×1|f=option:Never|h=Never]@380.8 ; Enter>option:7 days[listbox×1|f=option:7 days|h=7 days]@691.4
chromium-dark-desktop › orbit-field select-down-7-enter paced sample 7,orbit-field,select,select-down-7-enter,select-down-enter,paced,7,ArrowDown 7 Enter,7 | list closed | none | @combobox:Expires,0,0,ArrowDown>combobox:Expires[none|f=combobox:Expires|h=None]@35.1 ; 7>option:Never[listbox×1|f=option:Never|h=Never]@425.2 ; Enter>option:7 days[listbox×1|f=option:7 days|h=7 days]@733.1
chromium-dark-desktop › orbit-field select-down-7-enter paced sample 8,orbit-field,select,select-down-7-enter,select-down-enter,paced,8,ArrowDown 7 Enter,7 | list closed | none | @combobox:Expires,0,0,ArrowDown>combobox:Expires[none|f=combobox:Expires|h=None]@21.3 ; 7>option:Never[listbox×1|f=option:Never|h=Never]@349.1 ; Enter>option:7 days[listbox×1|f=option:7 days|h=7 days]@656.8
chromium-dark-desktop › orbit-field select-down-7-enter paced sample 9,orbit-field,select,select-down-7-enter,select-down-enter,paced,9,ArrowDown 7 Enter,7 | list closed | none | @combobox:Expires,0,0,ArrowDown>combobox:Expires[none|f=combobox:Expires|h=None]@25 ; 7>option:Never[listbox×1|f=option:Never|h=Never]@374.9 ; Enter>option:7 days[listbox×1|f=option:7 days|h=7 days]@684.7
chromium-dark-desktop › orbit-field select-down-7-enter paced sample 10,orbit-field,select,select-down-7-enter,select-down-enter,paced,10,ArrowDown 7 Enter,7 | list closed | none | @combobox:Expires,0,0,ArrowDown>combobox:Expires[none|f=combobox:Expires|h=None]@33.8 ; 7>option:Never[listbox×1|f=option:Never|h=Never]@371.6 ; Enter>option:7 days[listbox×1|f=option:7 days|h=7 days]@681.1
chromium-dark-desktop › orbit-field select-down-7-enter paced sample 11,orbit-field,select,select-down-7-enter,select-down-enter,paced,11,ArrowDown 7 Enter,7 | list closed | none | @combobox:Expires,0,0,ArrowDown>combobox:Expires[none|f=combobox:Expires|h=None]@28.3 ; 7>option:Never[listbox×1|f=option:Never|h=Never]@361.6 ; Enter>option:7 days[listbox×1|f=option:7 days|h=7 days]@671.3
chromium-dark-desktop › orbit-field select-down-7-enter paced sample 12,orbit-field,select,select-down-7-enter,select-down-enter,paced,12,ArrowDown 7 Enter,7 | list closed | none | @combobox:Expires,0,0,ArrowDown>combobox:Expires[none|f=combobox:Expires|h=None]@26.3 ; 7>option:Never[listbox×1|f=option:Never|h=Never]@354.5 ; Enter>option:7 days[listbox×1|f=option:7 days|h=7 days]@664
chromium-dark-desktop › orbit-field select-down-7-enter paced sample 13,orbit-field,select,select-down-7-enter,select-down-enter,paced,13,ArrowDown 7 Enter,7 | list closed | none | @combobox:Expires,0,0,ArrowDown>combobox:Expires[none|f=combobox:Expires|h=None]@25.1 ; 7>option:Never[listbox×1|f=option:Never|h=Never]@354.3 ; Enter>option:7 days[listbox×1|f=option:7 days|h=7 days]@664.7
chromium-dark-desktop › orbit-field select-down-7-enter paced sample 14,orbit-field,select,select-down-7-enter,select-down-enter,paced,14,ArrowDown 7 Enter,7 | list closed | none | @combobox:Expires,0,0,ArrowDown>combobox:Expires[none|f=combobox:Expires|h=None]@35.6 ; 7>option:Never[listbox×1|f=option:Never|h=Never]@363.8 ; Enter>option:7 days[listbox×1|f=option:7 days|h=7 days]@676.7
chromium-dark-desktop › orbit-field select-down-7-enter paced sample 15,orbit-field,select,select-down-7-enter,select-down-enter,paced,15,ArrowDown 7 Enter,7 | list closed | none | @combobox:Expires,0,0,ArrowDown>combobox:Expires[none|f=combobox:Expires|h=None]@35.3 ; 7>option:Never[listbox×1|f=option:Never|h=Never]@365.5 ; Enter>option:7 days[listbox×1|f=option:7 days|h=7 days]@679.4
chromium-dark-desktop › orbit-field select-down-7-enter paced sample 16,orbit-field,select,select-down-7-enter,select-down-enter,paced,16,ArrowDown 7 Enter,7 | list closed | none | @combobox:Expires,0,0,ArrowDown>combobox:Expires[none|f=combobox:Expires|h=None]@25.2 ; 7>option:Never[listbox×1|f=option:Never|h=Never]@353.4 ; Enter>option:7 days[listbox×1|f=option:7 days|h=7 days]@666.6
chromium-dark-desktop › orbit-field select-down-7-enter paced sample 17,orbit-field,select,select-down-7-enter,select-down-enter,paced,17,ArrowDown 7 Enter,7 | list closed | none | @combobox:Expires,0,0,ArrowDown>combobox:Expires[none|f=combobox:Expires|h=None]@35 ; 7>option:Never[listbox×1|f=option:Never|h=Never]@365.1 ; Enter>option:7 days[listbox×1|f=option:7 days|h=7 days]@684.5
chromium-dark-desktop › orbit-field select-down-7-enter paced sample 18,orbit-field,select,select-down-7-enter,select-down-enter,paced,18,ArrowDown 7 Enter,7 | list closed | none | @combobox:Expires,0,0,ArrowDown>combobox:Expires[none|f=combobox:Expires|h=None]@31 ; 7>option:Never[listbox×1|f=option:Never|h=Never]@358.9 ; Enter>option:7 days[listbox×1|f=option:7 days|h=7 days]@669
chromium-dark-desktop › orbit-field select-down-7-enter paced sample 19,orbit-field,select,select-down-7-enter,select-down-enter,paced,19,ArrowDown 7 Enter,7 | list closed | none | @combobox:Expires,0,0,ArrowDown>combobox:Expires[none|f=combobox:Expires|h=None]@37.9 ; 7>option:Never[listbox×1|f=option:Never|h=Never]@387.1 ; Enter>option:7 days[listbox×1|f=option:7 days|h=7 days]@699.2
chromium-dark-desktop › orbit-sample select-down-7-enter burst sample 0,orbit-sample,select,select-down-7-enter,select-down-enter,burst,0,ArrowDown 7 Enter,7 days | list closed | none | @combobox:Sample choice,1,1,ArrowDown>combobox:Sample choice[none|f=combobox:Sample choice|h=None]@32.7 ; 7>combobox:Sample choice[listbox×1|f=combobox:Sample choice|h=Never]@53.5 ; Enter>combobox:Sample choice[listbox×1|f=combobox:Sample choice|h=7 days]@54.8 ; Enter*>option:7 days[listbox×1|f=option:7 days|h=7 days]@55.4
chromium-dark-desktop › orbit-sample select-down-7-enter burst sample 1,orbit-sample,select,select-down-7-enter,select-down-enter,burst,1,ArrowDown 7 Enter,7 days | list closed | none | @combobox:Sample choice,1,1,ArrowDown>combobox:Sample choice[none|f=combobox:Sample choice|h=None]@33.1 ; 7>combobox:Sample choice[listbox×1|f=combobox:Sample choice|h=Never]@54.8 ; Enter>combobox:Sample choice[listbox×1|f=combobox:Sample choice|h=7 days]@56.3 ; Enter*>option:7 days[listbox×1|f=option:7 days|h=7 days]@56.9
chromium-dark-desktop › orbit-sample select-down-7-enter burst sample 2,orbit-sample,select,select-down-7-enter,select-down-enter,burst,2,ArrowDown 7 Enter,7 days | list closed | none | @combobox:Sample choice,1,1,ArrowDown>combobox:Sample choice[none|f=combobox:Sample choice|h=None]@28 ; 7>combobox:Sample choice[listbox×1|f=combobox:Sample choice|h=Never]@47.1 ; Enter>combobox:Sample choice[listbox×1|f=combobox:Sample choice|h=7 days]@48.3 ; Enter*>option:7 days[listbox×1|f=option:7 days|h=7 days]@48.9
chromium-dark-desktop › orbit-sample select-down-7-enter burst sample 3,orbit-sample,select,select-down-7-enter,select-down-enter,burst,3,ArrowDown 7 Enter,7 days | list closed | none | @combobox:Sample choice,1,1,ArrowDown>combobox:Sample choice[none|f=combobox:Sample choice|h=None]@23 ; 7>combobox:Sample choice[listbox×1|f=combobox:Sample choice|h=Never]@42.2 ; Enter>combobox:Sample choice[listbox×1|f=combobox:Sample choice|h=7 days]@43.2 ; Enter*>option:7 days[listbox×1|f=option:7 days|h=7 days]@43.8
chromium-dark-desktop › orbit-sample select-down-7-enter burst sample 4,orbit-sample,select,select-down-7-enter,select-down-enter,burst,4,ArrowDown 7 Enter,7 days | list closed | none | @combobox:Sample choice,1,1,ArrowDown>combobox:Sample choice[none|f=combobox:Sample choice|h=None]@35.5 ; 7>combobox:Sample choice[listbox×1|f=combobox:Sample choice|h=Never]@51.7 ; Enter>combobox:Sample choice[listbox×1|f=combobox:Sample choice|h=7 days]@52.6 ; Enter*>option:7 days[listbox×1|f=option:7 days|h=7 days]@53.1
chromium-dark-desktop › orbit-sample select-down-7-enter burst sample 5,orbit-sample,select,select-down-7-enter,select-down-enter,burst,5,ArrowDown 7 Enter,7 days | list closed | none | @combobox:Sample choice,1,1,ArrowDown>combobox:Sample choice[none|f=combobox:Sample choice|h=None]@36.6 ; 7>combobox:Sample choice[listbox×1|f=combobox:Sample choice|h=Never]@75.7 ; Enter>combobox:Sample choice[listbox×1|f=combobox:Sample choice|h=7 days]@77.2 ; Enter*>option:7 days[listbox×1|f=option:7 days|h=7 days]@78
chromium-dark-desktop › orbit-sample select-down-7-enter burst sample 6,orbit-sample,select,select-down-7-enter,select-down-enter,burst,6,ArrowDown 7 Enter,7 days | list closed | none | @combobox:Sample choice,1,1,ArrowDown>combobox:Sample choice[none|f=combobox:Sample choice|h=None]@35.4 ; 7>combobox:Sample choice[listbox×1|f=combobox:Sample choice|h=Never]@57.8 ; Enter>combobox:Sample choice[listbox×1|f=combobox:Sample choice|h=7 days]@59.2 ; Enter*>option:7 days[listbox×1|f=option:7 days|h=7 days]@59.8
chromium-dark-desktop › orbit-sample select-down-7-enter burst sample 7,orbit-sample,select,select-down-7-enter,select-down-enter,burst,7,ArrowDown 7 Enter,7 days | list closed | none | @combobox:Sample choice,1,1,ArrowDown>combobox:Sample choice[none|f=combobox:Sample choice|h=None]@22.5 ; 7>combobox:Sample choice[listbox×1|f=combobox:Sample choice|h=Never]@42.4 ; Enter>combobox:Sample choice[listbox×1|f=combobox:Sample choice|h=7 days]@43.7 ; Enter*>option:7 days[listbox×1|f=option:7 days|h=7 days]@44.4
chromium-dark-desktop › orbit-sample select-down-7-enter burst sample 8,orbit-sample,select,select-down-7-enter,select-down-enter,burst,8,ArrowDown 7 Enter,7 days | list closed | none | @combobox:Sample choice,1,1,ArrowDown>combobox:Sample choice[none|f=combobox:Sample choice|h=None]@26.8 ; 7>combobox:Sample choice[listbox×1|f=combobox:Sample choice|h=Never]@47.5 ; Enter>combobox:Sample choice[listbox×1|f=combobox:Sample choice|h=7 days]@48.7 ; Enter*>option:7 days[listbox×1|f=option:7 days|h=7 days]@49.4
chromium-dark-desktop › orbit-sample select-down-7-enter burst sample 9,orbit-sample,select,select-down-7-enter,select-down-enter,burst,9,ArrowDown 7 Enter,7 days | list closed | none | @combobox:Sample choice,1,1,ArrowDown>combobox:Sample choice[none|f=combobox:Sample choice|h=None]@38.5 ; 7>combobox:Sample choice[listbox×1|f=combobox:Sample choice|h=Never]@88.5 ; Enter>combobox:Sample choice[listbox×1|f=combobox:Sample choice|h=7 days]@90.8 ; Enter*>option:7 days[listbox×1|f=option:7 days|h=7 days]@92.1
chromium-dark-desktop › orbit-sample select-down-7-enter burst sample 10,orbit-sample,select,select-down-7-enter,select-down-enter,burst,10,ArrowDown 7 Enter,7 days | list closed | none | @combobox:Sample choice,1,1,ArrowDown>combobox:Sample choice[none|f=combobox:Sample choice|h=None]@36.8 ; 7>combobox:Sample choice[listbox×1|f=combobox:Sample choice|h=Never]@86.5 ; Enter>combobox:Sample choice[listbox×1|f=combobox:Sample choice|h=7 days]@89.3 ; Enter*>option:7 days[listbox×1|f=option:7 days|h=7 days]@90.3
chromium-dark-desktop › orbit-sample select-down-7-enter burst sample 11,orbit-sample,select,select-down-7-enter,select-down-enter,burst,11,ArrowDown 7 Enter,7 days | list closed | none | @combobox:Sample choice,1,1,ArrowDown>combobox:Sample choice[none|f=combobox:Sample choice|h=None]@32.5 ; 7>combobox:Sample choice[listbox×1|f=combobox:Sample choice|h=Never]@66.5 ; Enter>combobox:Sample choice[listbox×1|f=combobox:Sample choice|h=7 days]@67.7 ; Enter*>option:7 days[listbox×1|f=option:7 days|h=7 days]@68.3
chromium-dark-desktop › orbit-sample select-down-7-enter burst sample 12,orbit-sample,select,select-down-7-enter,select-down-enter,burst,12,ArrowDown 7 Enter,7 days | list closed | none | @combobox:Sample choice,1,1,ArrowDown>combobox:Sample choice[none|f=combobox:Sample choice|h=None]@41.7 ; 7>combobox:Sample choice[listbox×1|f=combobox:Sample choice|h=Never]@71.1 ; Enter>combobox:Sample choice[listbox×1|f=combobox:Sample choice|h=7 days]@73.2 ; Enter*>option:7 days[listbox×1|f=option:7 days|h=7 days]@74
chromium-dark-desktop › orbit-sample select-down-7-enter burst sample 13,orbit-sample,select,select-down-7-enter,select-down-enter,burst,13,ArrowDown 7 Enter,7 days | list closed | none | @combobox:Sample choice,1,1,ArrowDown>combobox:Sample choice[none|f=combobox:Sample choice|h=None]@46.4 ; 7>combobox:Sample choice[listbox×1|f=combobox:Sample choice|h=Never]@84.1 ; Enter>combobox:Sample choice[listbox×1|f=combobox:Sample choice|h=7 days]@88.9 ; Enter*>option:7 days[listbox×1|f=option:7 days|h=7 days]@90
chromium-dark-desktop › orbit-sample select-down-7-enter burst sample 14,orbit-sample,select,select-down-7-enter,select-down-enter,burst,14,ArrowDown 7 Enter,7 days | list closed | none | @combobox:Sample choice,1,1,ArrowDown>combobox:Sample choice[none|f=combobox:Sample choice|h=None]@31.8 ; 7>combobox:Sample choice[listbox×1|f=combobox:Sample choice|h=Never]@267.5 ; Enter>combobox:Sample choice[listbox×1|f=combobox:Sample choice|h=7 days]@269.5 ; Enter*>option:7 days[listbox×1|f=option:7 days|h=7 days]@270.5
chromium-dark-desktop › orbit-sample select-down-7-enter burst sample 15,orbit-sample,select,select-down-7-enter,select-down-enter,burst,15,ArrowDown 7 Enter,7 days | list closed | none | @combobox:Sample choice,1,1,ArrowDown>combobox:Sample choice[none|f=combobox:Sample choice|h=None]@18.9 ; 7>combobox:Sample choice[listbox×1|f=combobox:Sample choice|h=Never]@61 ; Enter>combobox:Sample choice[listbox×1|f=combobox:Sample choice|h=7 days]@62.9 ; Enter*>option:7 days[listbox×1|f=option:7 days|h=7 days]@64.3
chromium-dark-desktop › orbit-sample select-down-7-enter burst sample 16,orbit-sample,select,select-down-7-enter,select-down-enter,burst,16,ArrowDown 7 Enter,7 days | list closed | none | @combobox:Sample choice,1,1,ArrowDown>combobox:Sample choice[none|f=combobox:Sample choice|h=None]@38.5 ; 7>combobox:Sample choice[listbox×1|f=combobox:Sample choice|h=Never]@64 ; Enter>combobox:Sample choice[listbox×1|f=combobox:Sample choice|h=7 days]@64.9 ; Enter*>option:7 days[listbox×1|f=option:7 days|h=7 days]@65.4
chromium-dark-desktop › orbit-sample select-down-7-enter burst sample 17,orbit-sample,select,select-down-7-enter,select-down-enter,burst,17,ArrowDown 7 Enter,7 days | list closed | none | @combobox:Sample choice,1,1,ArrowDown>combobox:Sample choice[none|f=combobox:Sample choice|h=None]@40.3 ; 7>combobox:Sample choice[listbox×1|f=combobox:Sample choice|h=Never]@73.1 ; Enter>combobox:Sample choice[listbox×1|f=combobox:Sample choice|h=7 days]@75.1 ; Enter*>option:7 days[listbox×1|f=option:7 days|h=7 days]@75.9
chromium-dark-desktop › orbit-sample select-down-7-enter burst sample 18,orbit-sample,select,select-down-7-enter,select-down-enter,burst,18,ArrowDown 7 Enter,7 days | list closed | none | @combobox:Sample choice,1,1,ArrowDown>combobox:Sample choice[none|f=combobox:Sample choice|h=None]@36.8 ; 7>combobox:Sample choice[listbox×1|f=combobox:Sample choice|h=Never]@71.8 ; Enter>combobox:Sample choice[listbox×1|f=combobox:Sample choice|h=7 days]@73.6 ; Enter*>option:7 days[listbox×1|f=option:7 days|h=7 days]@74.5
chromium-dark-desktop › orbit-sample select-down-7-enter burst sample 19,orbit-sample,select,select-down-7-enter,select-down-enter,burst,19,ArrowDown 7 Enter,7 days | list closed | none | @combobox:Sample choice,1,1,ArrowDown>combobox:Sample choice[none|f=combobox:Sample choice|h=None]@28.3 ; 7>combobox:Sample choice[listbox×1|f=combobox:Sample choice|h=Never]@61.8 ; Enter>combobox:Sample choice[listbox×1|f=combobox:Sample choice|h=7 days]@63.6 ; Enter*>option:7 days[listbox×1|f=option:7 days|h=7 days]@64.5
chromium-dark-desktop › orbit-sample select-down-7-enter paced sample 0,orbit-sample,select,select-down-7-enter,select-down-enter,paced,0,ArrowDown 7 Enter,7 days | list closed | none | @combobox:Sample choice,0,0,ArrowDown>combobox:Sample choice[none|f=combobox:Sample choice|h=None]@37 ; 7>option:Never[listbox×1|f=option:Never|h=Never]@369.9 ; Enter>option:7 days[listbox×1|f=option:7 days|h=7 days]@678.6
chromium-dark-desktop › orbit-sample select-down-7-enter paced sample 1,orbit-sample,select,select-down-7-enter,select-down-enter,paced,1,ArrowDown 7 Enter,7 days | list closed | none | @combobox:Sample choice,0,0,ArrowDown>combobox:Sample choice[none|f=combobox:Sample choice|h=None]@36.1 ; 7>option:Never[listbox×1|f=option:Never|h=Never]@374.4 ; Enter>option:7 days[listbox×1|f=option:7 days|h=7 days]@690.4
chromium-dark-desktop › orbit-sample select-down-7-enter paced sample 2,orbit-sample,select,select-down-7-enter,select-down-enter,paced,2,ArrowDown 7 Enter,7 days | list closed | none | @combobox:Sample choice,0,0,ArrowDown>combobox:Sample choice[none|f=combobox:Sample choice|h=None]@25.7 ; 7>option:Never[listbox×1|f=option:Never|h=Never]@355.8 ; Enter>option:7 days[listbox×1|f=option:7 days|h=7 days]@672.3
chromium-dark-desktop › orbit-sample select-down-7-enter paced sample 3,orbit-sample,select,select-down-7-enter,select-down-enter,paced,3,ArrowDown 7 Enter,7 days | list closed | none | @combobox:Sample choice,0,0,ArrowDown>combobox:Sample choice[none|f=combobox:Sample choice|h=None]@24.1 ; 7>option:Never[listbox×1|f=option:Never|h=Never]@354.1 ; Enter>option:7 days[listbox×1|f=option:7 days|h=7 days]@674.7
chromium-dark-desktop › orbit-sample select-down-7-enter paced sample 4,orbit-sample,select,select-down-7-enter,select-down-enter,paced,4,ArrowDown 7 Enter,7 days | list closed | none | @combobox:Sample choice,0,0,ArrowDown>combobox:Sample choice[none|f=combobox:Sample choice|h=None]@24.3 ; 7>option:Never[listbox×1|f=option:Never|h=Never]@353.4 ; Enter>option:7 days[listbox×1|f=option:7 days|h=7 days]@661
chromium-dark-desktop › orbit-sample select-down-7-enter paced sample 5,orbit-sample,select,select-down-7-enter,select-down-enter,paced,5,ArrowDown 7 Enter,7 days | list closed | none | @combobox:Sample choice,0,0,ArrowDown>combobox:Sample choice[none|f=combobox:Sample choice|h=None]@31 ; 7>option:Never[listbox×1|f=option:Never|h=Never]@360.5 ; Enter>option:7 days[listbox×1|f=option:7 days|h=7 days]@668.3
chromium-dark-desktop › orbit-sample select-down-7-enter paced sample 6,orbit-sample,select,select-down-7-enter,select-down-enter,paced,6,ArrowDown 7 Enter,7 days | list closed | none | @combobox:Sample choice,0,0,ArrowDown>combobox:Sample choice[none|f=combobox:Sample choice|h=None]@30.1 ; 7>option:Never[listbox×1|f=option:Never|h=Never]@358 ; Enter>option:7 days[listbox×1|f=option:7 days|h=7 days]@666.5
chromium-dark-desktop › orbit-sample select-down-7-enter paced sample 7,orbit-sample,select,select-down-7-enter,select-down-enter,paced,7,ArrowDown 7 Enter,7 days | list closed | none | @combobox:Sample choice,0,0,ArrowDown>combobox:Sample choice[none|f=combobox:Sample choice|h=None]@23.1 ; 7>option:Never[listbox×1|f=option:Never|h=Never]@354.2 ; Enter>option:7 days[listbox×1|f=option:7 days|h=7 days]@665.2
chromium-dark-desktop › orbit-sample select-down-7-enter paced sample 8,orbit-sample,select,select-down-7-enter,select-down-enter,paced,8,ArrowDown 7 Enter,7 days | list closed | none | @combobox:Sample choice,0,0,ArrowDown>combobox:Sample choice[none|f=combobox:Sample choice|h=None]@37.5 ; 7>option:Never[listbox×1|f=option:Never|h=Never]@382.5 ; Enter>option:7 days[listbox×1|f=option:7 days|h=7 days]@709.5
chromium-dark-desktop › orbit-sample select-down-7-enter paced sample 9,orbit-sample,select,select-down-7-enter,select-down-enter,paced,9,ArrowDown 7 Enter,7 days | list closed | none | @combobox:Sample choice,0,0,ArrowDown>combobox:Sample choice[none|f=combobox:Sample choice|h=None]@31.6 ; 7>option:Never[listbox×1|f=option:Never|h=Never]@380.5 ; Enter>option:7 days[listbox×1|f=option:7 days|h=7 days]@716.7
chromium-dark-desktop › orbit-sample select-down-7-enter paced sample 10,orbit-sample,select,select-down-7-enter,select-down-enter,paced,10,ArrowDown 7 Enter,7 days | list closed | none | @combobox:Sample choice,0,0,ArrowDown>combobox:Sample choice[none|f=combobox:Sample choice|h=None]@23.7 ; 7>option:Never[listbox×1|f=option:Never|h=Never]@350.5 ; Enter>option:7 days[listbox×1|f=option:7 days|h=7 days]@699.9
chromium-dark-desktop › orbit-sample select-down-7-enter paced sample 11,orbit-sample,select,select-down-7-enter,select-down-enter,paced,11,ArrowDown 7 Enter,7 days | list closed | none | @combobox:Sample choice,0,0,ArrowDown>combobox:Sample choice[none|f=combobox:Sample choice|h=None]@23 ; 7>option:Never[listbox×1|f=option:Never|h=Never]@353.7 ; Enter>option:7 days[listbox×1|f=option:7 days|h=7 days]@660.1
chromium-dark-desktop › orbit-sample select-down-7-enter paced sample 12,orbit-sample,select,select-down-7-enter,select-down-enter,paced,12,ArrowDown 7 Enter,7 days | list closed | none | @combobox:Sample choice,0,0,ArrowDown>combobox:Sample choice[none|f=combobox:Sample choice|h=None]@38.5 ; 7>option:Never[listbox×1|f=option:Never|h=Never]@376.5 ; Enter>option:7 days[listbox×1|f=option:7 days|h=7 days]@683
chromium-dark-desktop › orbit-sample select-down-7-enter paced sample 13,orbit-sample,select,select-down-7-enter,select-down-enter,paced,13,ArrowDown 7 Enter,7 days | list closed | none | @combobox:Sample choice,0,0,ArrowDown>combobox:Sample choice[none|f=combobox:Sample choice|h=None]@17.1 ; 7>option:Never[listbox×1|f=option:Never|h=Never]@354.9 ; Enter>option:7 days[listbox×1|f=option:7 days|h=7 days]@752.1
chromium-dark-desktop › orbit-sample select-down-7-enter paced sample 14,orbit-sample,select,select-down-7-enter,select-down-enter,paced,14,ArrowDown 7 Enter,7 days | list closed | none | @combobox:Sample choice,0,0,ArrowDown>combobox:Sample choice[none|f=combobox:Sample choice|h=None]@34 ; 7>option:Never[listbox×1|f=option:Never|h=Never]@376.8 ; Enter>option:7 days[listbox×1|f=option:7 days|h=7 days]@687.2
chromium-dark-desktop › orbit-sample select-down-7-enter paced sample 15,orbit-sample,select,select-down-7-enter,select-down-enter,paced,15,ArrowDown 7 Enter,7 days | list closed | none | @combobox:Sample choice,0,0,ArrowDown>combobox:Sample choice[none|f=combobox:Sample choice|h=None]@25.5 ; 7>option:Never[listbox×1|f=option:Never|h=Never]@367 ; Enter>option:7 days[listbox×1|f=option:7 days|h=7 days]@675.7
chromium-dark-desktop › orbit-sample select-down-7-enter paced sample 16,orbit-sample,select,select-down-7-enter,select-down-enter,paced,16,ArrowDown 7 Enter,7 days | list closed | none | @combobox:Sample choice,0,0,ArrowDown>combobox:Sample choice[none|f=combobox:Sample choice|h=None]@22.7 ; 7>option:Never[listbox×1|f=option:Never|h=Never]@353.8 ; Enter>option:7 days[listbox×1|f=option:7 days|h=7 days]@662.4
chromium-dark-desktop › orbit-sample select-down-7-enter paced sample 17,orbit-sample,select,select-down-7-enter,select-down-enter,paced,17,ArrowDown 7 Enter,7 days | list closed | none | @combobox:Sample choice,0,0,ArrowDown>combobox:Sample choice[none|f=combobox:Sample choice|h=None]@22.8 ; 7>option:Never[listbox×1|f=option:Never|h=Never]@353.4 ; Enter>option:7 days[listbox×1|f=option:7 days|h=7 days]@664.3
chromium-dark-desktop › orbit-sample select-down-7-enter paced sample 18,orbit-sample,select,select-down-7-enter,select-down-enter,paced,18,ArrowDown 7 Enter,7 days | list closed | none | @combobox:Sample choice,0,0,ArrowDown>combobox:Sample choice[none|f=combobox:Sample choice|h=None]@26.8 ; 7>option:Never[listbox×1|f=option:Never|h=Never]@356.8 ; Enter>option:7 days[listbox×1|f=option:7 days|h=7 days]@665.4
chromium-dark-desktop › orbit-sample select-down-7-enter paced sample 19,orbit-sample,select,select-down-7-enter,select-down-enter,paced,19,ArrowDown 7 Enter,7 days | list closed | none | @combobox:Sample choice,0,0,ArrowDown>combobox:Sample choice[none|f=combobox:Sample choice|h=None]@23.3 ; 7>option:Never[listbox×1|f=option:Never|h=Never]@353.7 ; Enter>option:7 days[listbox×1|f=option:7 days|h=7 days]@660.1
chromium-dark-desktop › orbit-field select-down-n-enter burst sample 0,orbit-field,select,select-down-n-enter,select-down-enter-from-7,burst,0,ArrowDown n Enter,never | list closed | none | @combobox:Expires,1,1,ArrowDown>combobox:Expires[none|f=combobox:Expires|h=None]@19.2 ; n>combobox:Expires[listbox×1|f=combobox:Expires|h=7 days]@30.5 ; Enter>combobox:Expires[listbox×1|f=combobox:Expires|h=Never]@31.5 ; Enter*>option:Never[listbox×1|f=option:Never|h=Never]@31.7
chromium-dark-desktop › orbit-field select-down-n-enter burst sample 1,orbit-field,select,select-down-n-enter,select-down-enter-from-7,burst,1,ArrowDown n Enter,never | list closed | none | @combobox:Expires,1,1,ArrowDown>combobox:Expires[none|f=combobox:Expires|h=None]@23.2 ; n>combobox:Expires[listbox×1|f=combobox:Expires|h=7 days]@39.2 ; Enter>combobox:Expires[listbox×1|f=combobox:Expires|h=Never]@40.8 ; Enter*>option:Never[listbox×1|f=option:Never|h=Never]@41.2
chromium-dark-desktop › orbit-field select-down-n-enter burst sample 2,orbit-field,select,select-down-n-enter,select-down-enter-from-7,burst,2,ArrowDown n Enter,never | list closed | none | @combobox:Expires,1,1,ArrowDown>combobox:Expires[none|f=combobox:Expires|h=None]@16.2 ; n>combobox:Expires[listbox×1|f=combobox:Expires|h=7 days]@27.7 ; Enter>combobox:Expires[listbox×1|f=combobox:Expires|h=Never]@28.7 ; Enter*>option:Never[listbox×1|f=option:Never|h=Never]@29
chromium-dark-desktop › orbit-field select-down-n-enter burst sample 3,orbit-field,select,select-down-n-enter,select-down-enter-from-7,burst,3,ArrowDown n Enter,never | list closed | none | @combobox:Expires,1,1,ArrowDown>combobox:Expires[none|f=combobox:Expires|h=None]@8.8 ; n>combobox:Expires[listbox×1|f=combobox:Expires|h=7 days]@20 ; Enter>combobox:Expires[listbox×1|f=combobox:Expires|h=Never]@20.9 ; Enter*>option:Never[listbox×1|f=option:Never|h=Never]@21.2
chromium-dark-desktop › orbit-field select-down-n-enter burst sample 4,orbit-field,select,select-down-n-enter,select-down-enter-from-7,burst,4,ArrowDown n Enter,never | list closed | none | @combobox:Expires,1,1,ArrowDown>combobox:Expires[none|f=combobox:Expires|h=None]@21.9 ; n>combobox:Expires[listbox×1|f=combobox:Expires|h=7 days]@37.5 ; Enter>combobox:Expires[listbox×1|f=combobox:Expires|h=Never]@38.7 ; Enter*>option:Never[listbox×1|f=option:Never|h=Never]@39.1
chromium-dark-desktop › orbit-field select-down-n-enter burst sample 5,orbit-field,select,select-down-n-enter,select-down-enter-from-7,burst,5,ArrowDown n Enter,never | list closed | none | @combobox:Expires,1,1,ArrowDown>combobox:Expires[none|f=combobox:Expires|h=None]@27.9 ; n>combobox:Expires[listbox×1|f=combobox:Expires|h=7 days]@42.5 ; Enter>combobox:Expires[listbox×1|f=combobox:Expires|h=Never]@44.3 ; Enter*>option:Never[listbox×1|f=option:Never|h=Never]@44.8
chromium-dark-desktop › orbit-field select-down-n-enter burst sample 6,orbit-field,select,select-down-n-enter,select-down-enter-from-7,burst,6,ArrowDown n Enter,never | list closed | none | @combobox:Expires,1,1,ArrowDown>combobox:Expires[none|f=combobox:Expires|h=None]@5.6 ; n>combobox:Expires[listbox×1|f=combobox:Expires|h=7 days]@17.4 ; Enter>combobox:Expires[listbox×1|f=combobox:Expires|h=Never]@18.6 ; Enter*>option:Never[listbox×1|f=option:Never|h=Never]@18.9
chromium-dark-desktop › orbit-field select-down-n-enter burst sample 7,orbit-field,select,select-down-n-enter,select-down-enter-from-7,burst,7,ArrowDown n Enter,never | list closed | none | @combobox:Expires,1,1,ArrowDown>combobox:Expires[none|f=combobox:Expires|h=None]@9.6 ; n>combobox:Expires[listbox×1|f=combobox:Expires|h=7 days]@21.9 ; Enter>combobox:Expires[listbox×1|f=combobox:Expires|h=Never]@23 ; Enter*>option:Never[listbox×1|f=option:Never|h=Never]@23.3
chromium-dark-desktop › orbit-field select-down-n-enter burst sample 8,orbit-field,select,select-down-n-enter,select-down-enter-from-7,burst,8,ArrowDown n Enter,never | list closed | none | @combobox:Expires,1,1,ArrowDown>combobox:Expires[none|f=combobox:Expires|h=None]@21.5 ; n>combobox:Expires[listbox×1|f=combobox:Expires|h=7 days]@34.6 ; Enter>combobox:Expires[listbox×1|f=combobox:Expires|h=Never]@35.8 ; Enter*>option:Never[listbox×1|f=option:Never|h=Never]@36.1
chromium-dark-desktop › orbit-field select-down-n-enter burst sample 9,orbit-field,select,select-down-n-enter,select-down-enter-from-7,burst,9,ArrowDown n Enter,never | list closed | none | @combobox:Expires,1,1,ArrowDown>combobox:Expires[none|f=combobox:Expires|h=None]@11.6 ; n>combobox:Expires[listbox×1|f=combobox:Expires|h=7 days]@23.6 ; Enter>combobox:Expires[listbox×1|f=combobox:Expires|h=Never]@24.6 ; Enter*>option:Never[listbox×1|f=option:Never|h=Never]@24.9
chromium-dark-desktop › orbit-field select-down-n-enter burst sample 10,orbit-field,select,select-down-n-enter,select-down-enter-from-7,burst,10,ArrowDown n Enter,never | list closed | none | @combobox:Expires,1,1,ArrowDown>combobox:Expires[none|f=combobox:Expires|h=None]@6.2 ; n>combobox:Expires[listbox×1|f=combobox:Expires|h=7 days]@19.7 ; Enter>combobox:Expires[listbox×1|f=combobox:Expires|h=Never]@21 ; Enter*>option:Never[listbox×1|f=option:Never|h=Never]@21.3
chromium-dark-desktop › orbit-field select-down-n-enter burst sample 11,orbit-field,select,select-down-n-enter,select-down-enter-from-7,burst,11,ArrowDown n Enter,never | list closed | none | @combobox:Expires,1,1,ArrowDown>combobox:Expires[none|f=combobox:Expires|h=None]@17.2 ; n>combobox:Expires[listbox×1|f=combobox:Expires|h=7 days]@35.9 ; Enter>combobox:Expires[listbox×1|f=combobox:Expires|h=Never]@37.6 ; Enter*>option:Never[listbox×1|f=option:Never|h=Never]@38
chromium-dark-desktop › orbit-field select-down-n-enter burst sample 12,orbit-field,select,select-down-n-enter,select-down-enter-from-7,burst,12,ArrowDown n Enter,never | list closed | none | @combobox:Expires,1,1,ArrowDown>combobox:Expires[none|f=combobox:Expires|h=None]@21 ; n>combobox:Expires[listbox×1|f=combobox:Expires|h=7 days]@36.1 ; Enter>combobox:Expires[listbox×1|f=combobox:Expires|h=Never]@37.4 ; Enter*>option:Never[listbox×1|f=option:Never|h=Never]@37.8
chromium-dark-desktop › orbit-field select-down-n-enter burst sample 13,orbit-field,select,select-down-n-enter,select-down-enter-from-7,burst,13,ArrowDown n Enter,never | list closed | none | @combobox:Expires,1,1,ArrowDown>combobox:Expires[none|f=combobox:Expires|h=None]@6.3 ; n>combobox:Expires[listbox×1|f=combobox:Expires|h=7 days]@19.3 ; Enter>combobox:Expires[listbox×1|f=combobox:Expires|h=Never]@23.5 ; Enter*>option:Never[listbox×1|f=option:Never|h=Never]@23.8
chromium-dark-desktop › orbit-field select-down-n-enter burst sample 14,orbit-field,select,select-down-n-enter,select-down-enter-from-7,burst,14,ArrowDown n Enter,never | list closed | none | @combobox:Expires,1,1,ArrowDown>combobox:Expires[none|f=combobox:Expires|h=None]@22.9 ; n>combobox:Expires[listbox×1|f=combobox:Expires|h=7 days]@47.4 ; Enter>combobox:Expires[listbox×1|f=combobox:Expires|h=Never]@49 ; Enter*>option:Never[listbox×1|f=option:Never|h=Never]@49.5
chromium-dark-desktop › orbit-field select-down-n-enter burst sample 15,orbit-field,select,select-down-n-enter,select-down-enter-from-7,burst,15,ArrowDown n Enter,never | list closed | none | @combobox:Expires,1,1,ArrowDown>combobox:Expires[none|f=combobox:Expires|h=None]@24.9 ; n>combobox:Expires[listbox×1|f=combobox:Expires|h=7 days]@37.5 ; Enter>combobox:Expires[listbox×1|f=combobox:Expires|h=Never]@38.7 ; Enter*>option:Never[listbox×1|f=option:Never|h=Never]@39.1
chromium-dark-desktop › orbit-field select-down-n-enter burst sample 16,orbit-field,select,select-down-n-enter,select-down-enter-from-7,burst,16,ArrowDown n Enter,never | list closed | none | @combobox:Expires,1,1,ArrowDown>combobox:Expires[none|f=combobox:Expires|h=None]@6 ; n>combobox:Expires[listbox×1|f=combobox:Expires|h=7 days]@17.4 ; Enter>combobox:Expires[listbox×1|f=combobox:Expires|h=Never]@18.5 ; Enter*>option:Never[listbox×1|f=option:Never|h=Never]@18.8
chromium-dark-desktop › orbit-field select-down-n-enter burst sample 17,orbit-field,select,select-down-n-enter,select-down-enter-from-7,burst,17,ArrowDown n Enter,never | list closed | none | @combobox:Expires,1,1,ArrowDown>combobox:Expires[none|f=combobox:Expires|h=None]@16.8 ; n>combobox:Expires[listbox×1|f=combobox:Expires|h=7 days]@33.1 ; Enter>combobox:Expires[listbox×1|f=combobox:Expires|h=Never]@34.8 ; Enter*>option:Never[listbox×1|f=option:Never|h=Never]@35.2
chromium-dark-desktop › orbit-field select-down-n-enter burst sample 18,orbit-field,select,select-down-n-enter,select-down-enter-from-7,burst,18,ArrowDown n Enter,never | list closed | none | @combobox:Expires,1,1,ArrowDown>combobox:Expires[none|f=combobox:Expires|h=None]@14.3 ; n>combobox:Expires[listbox×1|f=combobox:Expires|h=7 days]@26.8 ; Enter>combobox:Expires[listbox×1|f=combobox:Expires|h=Never]@28 ; Enter*>option:Never[listbox×1|f=option:Never|h=Never]@28.4
chromium-dark-desktop › orbit-field select-down-n-enter burst sample 19,orbit-field,select,select-down-n-enter,select-down-enter-from-7,burst,19,ArrowDown n Enter,never | list closed | none | @combobox:Expires,1,1,ArrowDown>combobox:Expires[none|f=combobox:Expires|h=None]@15.2 ; n>combobox:Expires[listbox×1|f=combobox:Expires|h=7 days]@27.9 ; Enter>combobox:Expires[listbox×1|f=combobox:Expires|h=Never]@29 ; Enter*>option:Never[listbox×1|f=option:Never|h=Never]@29.3
chromium-dark-desktop › orbit-field select-down-n-enter paced sample 0,orbit-field,select,select-down-n-enter,select-down-enter-from-7,paced,0,ArrowDown n Enter,never | list closed | none | @combobox:Expires,0,0,ArrowDown>combobox:Expires[none|f=combobox:Expires|h=None]@17.7 ; n>option:7 days[listbox×1|f=option:7 days|h=7 days]@338.8 ; Enter>option:Never[listbox×1|f=option:Never|h=Never]@646.6
chromium-dark-desktop › orbit-field select-down-n-enter paced sample 1,orbit-field,select,select-down-n-enter,select-down-enter-from-7,paced,1,ArrowDown n Enter,never | list closed | none | @combobox:Expires,0,0,ArrowDown>combobox:Expires[none|f=combobox:Expires|h=None]@20.9 ; n>option:7 days[listbox×1|f=option:7 days|h=7 days]@342.1 ; Enter>option:Never[listbox×1|f=option:Never|h=Never]@650.9
chromium-dark-desktop › orbit-field select-down-n-enter paced sample 2,orbit-field,select,select-down-n-enter,select-down-enter-from-7,paced,2,ArrowDown n Enter,never | list closed | none | @combobox:Expires,0,0,ArrowDown>combobox:Expires[none|f=combobox:Expires|h=None]@21.2 ; n>option:7 days[listbox×1|f=option:7 days|h=7 days]@346.2 ; Enter>option:Never[listbox×1|f=option:Never|h=Never]@655.1
chromium-dark-desktop › orbit-field select-down-n-enter paced sample 3,orbit-field,select,select-down-n-enter,select-down-enter-from-7,paced,3,ArrowDown n Enter,never | list closed | none | @combobox:Expires,0,0,ArrowDown>combobox:Expires[none|f=combobox:Expires|h=None]@12.4 ; n>option:7 days[listbox×1|f=option:7 days|h=7 days]@334.6 ; Enter>option:Never[listbox×1|f=option:Never|h=Never]@643.7
chromium-dark-desktop › orbit-field select-down-n-enter paced sample 4,orbit-field,select,select-down-n-enter,select-down-enter-from-7,paced,4,ArrowDown n Enter,never | list closed | none | @combobox:Expires,0,0,ArrowDown>combobox:Expires[none|f=combobox:Expires|h=None]@16.7 ; n>option:7 days[listbox×1|f=option:7 days|h=7 days]@333.7 ; Enter>option:Never[listbox×1|f=option:Never|h=Never]@640.9
chromium-dark-desktop › orbit-field select-down-n-enter paced sample 5,orbit-field,select,select-down-n-enter,select-down-enter-from-7,paced,5,ArrowDown n Enter,never | list closed | none | @combobox:Expires,0,0,ArrowDown>combobox:Expires[none|f=combobox:Expires|h=None]@16.4 ; n>option:7 days[listbox×1|f=option:7 days|h=7 days]@340.1 ; Enter>option:Never[listbox×1|f=option:Never|h=Never]@649.2
chromium-dark-desktop › orbit-field select-down-n-enter paced sample 6,orbit-field,select,select-down-n-enter,select-down-enter-from-7,paced,6,ArrowDown n Enter,never | list closed | none | @combobox:Expires,0,0,ArrowDown>combobox:Expires[none|f=combobox:Expires|h=None]@19.1 ; n>option:7 days[listbox×1|f=option:7 days|h=7 days]@336.7 ; Enter>option:Never[listbox×1|f=option:Never|h=Never]@644.7
chromium-dark-desktop › orbit-field select-down-n-enter paced sample 7,orbit-field,select,select-down-n-enter,select-down-enter-from-7,paced,7,ArrowDown n Enter,never | list closed | none | @combobox:Expires,0,0,ArrowDown>combobox:Expires[none|f=combobox:Expires|h=None]@11 ; n>option:7 days[listbox×1|f=option:7 days|h=7 days]@328.4 ; Enter>option:Never[listbox×1|f=option:Never|h=Never]@635.6
chromium-dark-desktop › orbit-field select-down-n-enter paced sample 8,orbit-field,select,select-down-n-enter,select-down-enter-from-7,paced,8,ArrowDown n Enter,never | list closed | none | @combobox:Expires,0,0,ArrowDown>combobox:Expires[none|f=combobox:Expires|h=None]@4.9 ; n>option:7 days[listbox×1|f=option:7 days|h=7 days]@327.2 ; Enter>option:Never[listbox×1|f=option:Never|h=Never]@635.8
chromium-dark-desktop › orbit-field select-down-n-enter paced sample 9,orbit-field,select,select-down-n-enter,select-down-enter-from-7,paced,9,ArrowDown n Enter,never | list closed | none | @combobox:Expires,0,0,ArrowDown>combobox:Expires[none|f=combobox:Expires|h=None]@14.5 ; n>option:7 days[listbox×1|f=option:7 days|h=7 days]@330.4 ; Enter>option:Never[listbox×1|f=option:Never|h=Never]@638.4
chromium-dark-desktop › orbit-field select-down-n-enter paced sample 10,orbit-field,select,select-down-n-enter,select-down-enter-from-7,paced,10,ArrowDown n Enter,never | list closed | none | @combobox:Expires,0,0,ArrowDown>combobox:Expires[none|f=combobox:Expires|h=None]@8.6 ; n>option:7 days[listbox×1|f=option:7 days|h=7 days]@325 ; Enter>option:Never[listbox×1|f=option:Never|h=Never]@634.8
chromium-dark-desktop › orbit-field select-down-n-enter paced sample 11,orbit-field,select,select-down-n-enter,select-down-enter-from-7,paced,11,ArrowDown n Enter,never | list closed | none | @combobox:Expires,0,0,ArrowDown>combobox:Expires[none|f=combobox:Expires|h=None]@18.1 ; n>option:7 days[listbox×1|f=option:7 days|h=7 days]@340.2 ; Enter>option:Never[listbox×1|f=option:Never|h=Never]@650.4
chromium-dark-desktop › orbit-field select-down-n-enter paced sample 12,orbit-field,select,select-down-n-enter,select-down-enter-from-7,paced,12,ArrowDown n Enter,never | list closed | none | @combobox:Expires,0,0,ArrowDown>combobox:Expires[none|f=combobox:Expires|h=None]@35 ; n>option:7 days[listbox×1|f=option:7 days|h=7 days]@399.4 ; Enter>option:Never[listbox×1|f=option:Never|h=Never]@742.9
chromium-dark-desktop › orbit-field select-down-n-enter paced sample 13,orbit-field,select,select-down-n-enter,select-down-enter-from-7,paced,13,ArrowDown n Enter,never | list closed | none | @combobox:Expires,0,0,ArrowDown>combobox:Expires[none|f=combobox:Expires|h=None]@23.3 ; n>option:7 days[listbox×1|f=option:7 days|h=7 days]@379.9 ; Enter>option:Never[listbox×1|f=option:Never|h=Never]@709.2
chromium-dark-desktop › orbit-field select-down-n-enter paced sample 14,orbit-field,select,select-down-n-enter,select-down-enter-from-7,paced,14,ArrowDown n Enter,never | list closed | none | @combobox:Expires,0,0,ArrowDown>combobox:Expires[none|f=combobox:Expires|h=None]@35.2 ; n>option:7 days[listbox×1|f=option:7 days|h=7 days]@389.4 ; Enter>option:Never[listbox×1|f=option:Never|h=Never]@730.8
chromium-dark-desktop › orbit-field select-down-n-enter paced sample 15,orbit-field,select,select-down-n-enter,select-down-enter-from-7,paced,15,ArrowDown n Enter,never | list closed | none | @combobox:Expires,0,0,ArrowDown>combobox:Expires[none|f=combobox:Expires|h=None]@49.4 ; n>option:7 days[listbox×1|f=option:7 days|h=7 days]@524.9 ; Enter>option:Never[listbox×1|f=option:Never|h=Never]@852.2
chromium-dark-desktop › orbit-field select-down-n-enter paced sample 16,orbit-field,select,select-down-n-enter,select-down-enter-from-7,paced,16,ArrowDown n Enter,never | list closed | none | @combobox:Expires,0,0,ArrowDown>combobox:Expires[none|f=combobox:Expires|h=None]@25.9 ; n>option:7 days[listbox×1|f=option:7 days|h=7 days]@358.7 ; Enter>option:Never[listbox×1|f=option:Never|h=Never]@672
chromium-dark-desktop › orbit-field select-down-n-enter paced sample 17,orbit-field,select,select-down-n-enter,select-down-enter-from-7,paced,17,ArrowDown n Enter,never | list closed | none | @combobox:Expires,0,0,ArrowDown>combobox:Expires[none|f=combobox:Expires|h=None]@15.3 ; n>option:7 days[listbox×1|f=option:7 days|h=7 days]@337.1 ; Enter>option:Never[listbox×1|f=option:Never|h=Never]@645.4
chromium-dark-desktop › orbit-field select-down-n-enter paced sample 18,orbit-field,select,select-down-n-enter,select-down-enter-from-7,paced,18,ArrowDown n Enter,never | list closed | none | @combobox:Expires,0,0,ArrowDown>combobox:Expires[none|f=combobox:Expires|h=None]@3.7 ; n>option:7 days[listbox×1|f=option:7 days|h=7 days]@321.2 ; Enter>option:Never[listbox×1|f=option:Never|h=Never]@630.2
chromium-dark-desktop › orbit-field select-down-n-enter paced sample 19,orbit-field,select,select-down-n-enter,select-down-enter-from-7,paced,19,ArrowDown n Enter,never | list closed | none | @combobox:Expires,0,0,ArrowDown>combobox:Expires[none|f=combobox:Expires|h=None]@17.9 ; n>option:7 days[listbox×1|f=option:7 days|h=7 days]@340.7 ; Enter>option:Never[listbox×1|f=option:Never|h=Never]@648.4
chromium-dark-desktop › orbit-sample select-down-n-enter burst sample 0,orbit-sample,select,select-down-n-enter,select-down-enter-from-7,burst,0,ArrowDown n Enter,Never | list closed | none | @combobox:Sample choice,1,1,ArrowDown>combobox:Sample choice[none|f=combobox:Sample choice|h=None]@11.4 ; n>combobox:Sample choice[listbox×1|f=combobox:Sample choice|h=7 days]@28 ; Enter>combobox:Sample choice[listbox×1|f=combobox:Sample choice|h=Never]@29.4 ; Enter*>option:Never[listbox×1|f=option:Never|h=Never]@29.8
chromium-dark-desktop › orbit-sample select-down-n-enter burst sample 1,orbit-sample,select,select-down-n-enter,select-down-enter-from-7,burst,1,ArrowDown n Enter,Never | list closed | none | @combobox:Sample choice,1,1,ArrowDown>combobox:Sample choice[none|f=combobox:Sample choice|h=None]@16 ; n>combobox:Sample choice[listbox×1|f=combobox:Sample choice|h=7 days]@32.3 ; Enter>combobox:Sample choice[listbox×1|f=combobox:Sample choice|h=Never]@33.5 ; Enter*>option:Never[listbox×1|f=option:Never|h=Never]@33.7
chromium-dark-desktop › orbit-sample select-down-n-enter burst sample 2,orbit-sample,select,select-down-n-enter,select-down-enter-from-7,burst,2,ArrowDown n Enter,Never | list closed | none | @combobox:Sample choice,1,1,ArrowDown>combobox:Sample choice[none|f=combobox:Sample choice|h=None]@13.2 ; n>combobox:Sample choice[listbox×1|f=combobox:Sample choice|h=7 days]@52.4 ; Enter>combobox:Sample choice[listbox×1|f=combobox:Sample choice|h=Never]@53.5 ; Enter*>option:Never[listbox×1|f=option:Never|h=Never]@53.7
chromium-dark-desktop › orbit-sample select-down-n-enter burst sample 3,orbit-sample,select,select-down-n-enter,select-down-enter-from-7,burst,3,ArrowDown n Enter,Never | list closed | none | @combobox:Sample choice,1,1,ArrowDown>combobox:Sample choice[none|f=combobox:Sample choice|h=None]@14.8 ; n>combobox:Sample choice[listbox×1|f=combobox:Sample choice|h=7 days]@25.6 ; Enter>combobox:Sample choice[listbox×1|f=combobox:Sample choice|h=Never]@26.6 ; Enter*>option:Never[listbox×1|f=option:Never|h=Never]@26.8
chromium-dark-desktop › orbit-sample select-down-n-enter burst sample 4,orbit-sample,select,select-down-n-enter,select-down-enter-from-7,burst,4,ArrowDown n Enter,Never | list closed | none | @combobox:Sample choice,1,1,ArrowDown>combobox:Sample choice[none|f=combobox:Sample choice|h=None]@7.4 ; n>combobox:Sample choice[listbox×1|f=combobox:Sample choice|h=7 days]@22.5 ; Enter>combobox:Sample choice[listbox×1|f=combobox:Sample choice|h=Never]@23.8 ; Enter*>option:Never[listbox×1|f=option:Never|h=Never]@24.1
chromium-dark-desktop › orbit-sample select-down-n-enter burst sample 5,orbit-sample,select,select-down-n-enter,select-down-enter-from-7,burst,5,ArrowDown n Enter,Never | list closed | none | @combobox:Sample choice,1,1,ArrowDown>combobox:Sample choice[none|f=combobox:Sample choice|h=None]@16.6 ; n>combobox:Sample choice[listbox×1|f=combobox:Sample choice|h=7 days]@30.6 ; Enter>combobox:Sample choice[listbox×1|f=combobox:Sample choice|h=Never]@33.6 ; Enter*>option:Never[listbox×1|f=option:Never|h=Never]@34
chromium-dark-desktop › orbit-sample select-down-n-enter burst sample 6,orbit-sample,select,select-down-n-enter,select-down-enter-from-7,burst,6,ArrowDown n Enter,Never | list closed | none | @combobox:Sample choice,1,1,ArrowDown>combobox:Sample choice[none|f=combobox:Sample choice|h=None]@19 ; n>combobox:Sample choice[listbox×1|f=combobox:Sample choice|h=7 days]@32.4 ; Enter>combobox:Sample choice[listbox×1|f=combobox:Sample choice|h=Never]@33.7 ; Enter*>option:Never[listbox×1|f=option:Never|h=Never]@34
chromium-dark-desktop › orbit-sample select-down-n-enter burst sample 7,orbit-sample,select,select-down-n-enter,select-down-enter-from-7,burst,7,ArrowDown n Enter,Never | list closed | none | @combobox:Sample choice,1,1,ArrowDown>combobox:Sample choice[none|f=combobox:Sample choice|h=None]@12.6 ; n>combobox:Sample choice[listbox×1|f=combobox:Sample choice|h=7 days]@25.1 ; Enter>combobox:Sample choice[listbox×1|f=combobox:Sample choice|h=Never]@26.4 ; Enter*>option:Never[listbox×1|f=option:Never|h=Never]@26.8
chromium-dark-desktop › orbit-sample select-down-n-enter burst sample 8,orbit-sample,select,select-down-n-enter,select-down-enter-from-7,burst,8,ArrowDown n Enter,Never | list closed | none | @combobox:Sample choice,1,1,ArrowDown>combobox:Sample choice[none|f=combobox:Sample choice|h=None]@7.8 ; n>combobox:Sample choice[listbox×1|f=combobox:Sample choice|h=7 days]@20.9 ; Enter>combobox:Sample choice[listbox×1|f=combobox:Sample choice|h=Never]@22 ; Enter*>option:Never[listbox×1|f=option:Never|h=Never]@22.3
chromium-dark-desktop › orbit-sample select-down-n-enter burst sample 9,orbit-sample,select,select-down-n-enter,select-down-enter-from-7,burst,9,ArrowDown n Enter,Never | list closed | none | @combobox:Sample choice,1,1,ArrowDown>combobox:Sample choice[none|f=combobox:Sample choice|h=None]@25.1 ; n>combobox:Sample choice[listbox×1|f=combobox:Sample choice|h=7 days]@41.5 ; Enter>combobox:Sample choice[listbox×1|f=combobox:Sample choice|h=Never]@42.9 ; Enter*>option:Never[listbox×1|f=option:Never|h=Never]@43.3
chromium-dark-desktop › orbit-sample select-down-n-enter burst sample 10,orbit-sample,select,select-down-n-enter,select-down-enter-from-7,burst,10,ArrowDown n Enter,Never | list closed | none | @combobox:Sample choice,1,1,ArrowDown>combobox:Sample choice[none|f=combobox:Sample choice|h=None]@43.3 ; n>combobox:Sample choice[listbox×1|f=combobox:Sample choice|h=7 days]@86.5 ; Enter>combobox:Sample choice[listbox×1|f=combobox:Sample choice|h=Never]@87.7 ; Enter*>option:Never[listbox×1|f=option:Never|h=Never]@88.1
chromium-dark-desktop › orbit-sample select-down-n-enter burst sample 11,orbit-sample,select,select-down-n-enter,select-down-enter-from-7,burst,11,ArrowDown n Enter,Never | list closed | none | @combobox:Sample choice,1,1,ArrowDown>combobox:Sample choice[none|f=combobox:Sample choice|h=None]@13.5 ; n>combobox:Sample choice[listbox×1|f=combobox:Sample choice|h=7 days]@25.5 ; Enter>combobox:Sample choice[listbox×1|f=combobox:Sample choice|h=Never]@26.7 ; Enter*>option:Never[listbox×1|f=option:Never|h=Never]@27.1
chromium-dark-desktop › orbit-sample select-down-n-enter burst sample 12,orbit-sample,select,select-down-n-enter,select-down-enter-from-7,burst,12,ArrowDown n Enter,Never | list closed | none | @combobox:Sample choice,1,1,ArrowDown>combobox:Sample choice[none|f=combobox:Sample choice|h=None]@21.8 ; n>combobox:Sample choice[listbox×1|f=combobox:Sample choice|h=7 days]@32.9 ; Enter>combobox:Sample choice[listbox×1|f=combobox:Sample choice|h=Never]@33.8 ; Enter*>option:Never[listbox×1|f=option:Never|h=Never]@34.1
chromium-dark-desktop › orbit-sample select-down-n-enter burst sample 13,orbit-sample,select,select-down-n-enter,select-down-enter-from-7,burst,13,ArrowDown n Enter,Never | list closed | none | @combobox:Sample choice,1,1,ArrowDown>combobox:Sample choice[none|f=combobox:Sample choice|h=None]@15.3 ; n>combobox:Sample choice[listbox×1|f=combobox:Sample choice|h=7 days]@26.7 ; Enter>combobox:Sample choice[listbox×1|f=combobox:Sample choice|h=Never]@27.8 ; Enter*>option:Never[listbox×1|f=option:Never|h=Never]@28.1
chromium-dark-desktop › orbit-sample select-down-n-enter burst sample 14,orbit-sample,select,select-down-n-enter,select-down-enter-from-7,burst,14,ArrowDown n Enter,Never | list closed | none | @combobox:Sample choice,1,1,ArrowDown>combobox:Sample choice[none|f=combobox:Sample choice|h=None]@18.3 ; n>combobox:Sample choice[listbox×1|f=combobox:Sample choice|h=7 days]@31.2 ; Enter>combobox:Sample choice[listbox×1|f=combobox:Sample choice|h=Never]@32.4 ; Enter*>option:Never[listbox×1|f=option:Never|h=Never]@32.8
chromium-dark-desktop › orbit-sample select-down-n-enter burst sample 15,orbit-sample,select,select-down-n-enter,select-down-enter-from-7,burst,15,ArrowDown n Enter,Never | list closed | none | @combobox:Sample choice,1,1,ArrowDown>combobox:Sample choice[none|f=combobox:Sample choice|h=None]@7.1 ; n>combobox:Sample choice[listbox×1|f=combobox:Sample choice|h=7 days]@20.4 ; Enter>combobox:Sample choice[listbox×1|f=combobox:Sample choice|h=Never]@21.5 ; Enter*>option:Never[listbox×1|f=option:Never|h=Never]@21.9
chromium-dark-desktop › orbit-sample select-down-n-enter burst sample 16,orbit-sample,select,select-down-n-enter,select-down-enter-from-7,burst,16,ArrowDown n Enter,Never | list closed | none | @combobox:Sample choice,1,1,ArrowDown>combobox:Sample choice[none|f=combobox:Sample choice|h=None]@7.6 ; n>combobox:Sample choice[listbox×1|f=combobox:Sample choice|h=7 days]@15.7 ; Enter>combobox:Sample choice[listbox×1|f=combobox:Sample choice|h=Never]@16.5 ; Enter*>option:Never[listbox×1|f=option:Never|h=Never]@16.7
chromium-dark-desktop › orbit-sample select-down-n-enter burst sample 17,orbit-sample,select,select-down-n-enter,select-down-enter-from-7,burst,17,ArrowDown n Enter,Never | list closed | none | @combobox:Sample choice,1,1,ArrowDown>combobox:Sample choice[none|f=combobox:Sample choice|h=None]@4.9 ; n>combobox:Sample choice[listbox×1|f=combobox:Sample choice|h=7 days]@17 ; Enter>combobox:Sample choice[listbox×1|f=combobox:Sample choice|h=Never]@18.2 ; Enter*>option:Never[listbox×1|f=option:Never|h=Never]@18.4
chromium-dark-desktop › orbit-sample select-down-n-enter burst sample 18,orbit-sample,select,select-down-n-enter,select-down-enter-from-7,burst,18,ArrowDown n Enter,Never | list closed | none | @combobox:Sample choice,1,1,ArrowDown>combobox:Sample choice[none|f=combobox:Sample choice|h=None]@16.2 ; n>combobox:Sample choice[listbox×1|f=combobox:Sample choice|h=7 days]@27.4 ; Enter>combobox:Sample choice[listbox×1|f=combobox:Sample choice|h=Never]@28.4 ; Enter*>option:Never[listbox×1|f=option:Never|h=Never]@28.7
chromium-dark-desktop › orbit-sample select-down-n-enter burst sample 19,orbit-sample,select,select-down-n-enter,select-down-enter-from-7,burst,19,ArrowDown n Enter,Never | list closed | none | @combobox:Sample choice,1,1,ArrowDown>combobox:Sample choice[none|f=combobox:Sample choice|h=None]@9.5 ; n>combobox:Sample choice[listbox×1|f=combobox:Sample choice|h=7 days]@17.8 ; Enter>combobox:Sample choice[listbox×1|f=combobox:Sample choice|h=Never]@18.6 ; Enter*>option:Never[listbox×1|f=option:Never|h=Never]@18.7
chromium-dark-desktop › orbit-sample select-down-n-enter paced sample 0,orbit-sample,select,select-down-n-enter,select-down-enter-from-7,paced,0,ArrowDown n Enter,Never | list closed | none | @combobox:Sample choice,0,0,ArrowDown>combobox:Sample choice[none|f=combobox:Sample choice|h=None]@6.4 ; n>option:7 days[listbox×1|f=option:7 days|h=7 days]@322.2 ; Enter>option:Never[listbox×1|f=option:Never|h=Never]@627.7
chromium-dark-desktop › orbit-sample select-down-n-enter paced sample 1,orbit-sample,select,select-down-n-enter,select-down-enter-from-7,paced,1,ArrowDown n Enter,Never | list closed | none | @combobox:Sample choice,0,0,ArrowDown>combobox:Sample choice[none|f=combobox:Sample choice|h=None]@14.4 ; n>option:7 days[listbox×1|f=option:7 days|h=7 days]@336 ; Enter>option:Never[listbox×1|f=option:Never|h=Never]@643
chromium-dark-desktop › orbit-sample select-down-n-enter paced sample 2,orbit-sample,select,select-down-n-enter,select-down-enter-from-7,paced,2,ArrowDown n Enter,Never | list closed | none | @combobox:Sample choice,0,0,ArrowDown>combobox:Sample choice[none|f=combobox:Sample choice|h=None]@5.3 ; n>option:7 days[listbox×1|f=option:7 days|h=7 days]@319 ; Enter>option:Never[listbox×1|f=option:Never|h=Never]@626.6
chromium-dark-desktop › orbit-sample select-down-n-enter paced sample 3,orbit-sample,select,select-down-n-enter,select-down-enter-from-7,paced,3,ArrowDown n Enter,Never | list closed | none | @combobox:Sample choice,0,0,ArrowDown>combobox:Sample choice[none|f=combobox:Sample choice|h=None]@14.8 ; n>option:7 days[listbox×1|f=option:7 days|h=7 days]@333.6 ; Enter>option:Never[listbox×1|f=option:Never|h=Never]@640.2
chromium-dark-desktop › orbit-sample select-down-n-enter paced sample 4,orbit-sample,select,select-down-n-enter,select-down-enter-from-7,paced,4,ArrowDown n Enter,Never | list closed | none | @combobox:Sample choice,0,0,ArrowDown>combobox:Sample choice[none|f=combobox:Sample choice|h=None]@11.8 ; n>option:7 days[listbox×1|f=option:7 days|h=7 days]@328.2 ; Enter>option:Never[listbox×1|f=option:Never|h=Never]@634.8
chromium-dark-desktop › orbit-sample select-down-n-enter paced sample 5,orbit-sample,select,select-down-n-enter,select-down-enter-from-7,paced,5,ArrowDown n Enter,Never | list closed | none | @combobox:Sample choice,0,0,ArrowDown>combobox:Sample choice[none|f=combobox:Sample choice|h=None]@10.3 ; n>option:7 days[listbox×1|f=option:7 days|h=7 days]@326.3 ; Enter>option:Never[listbox×1|f=option:Never|h=Never]@632.6
chromium-dark-desktop › orbit-sample select-down-n-enter paced sample 6,orbit-sample,select,select-down-n-enter,select-down-enter-from-7,paced,6,ArrowDown n Enter,Never | list closed | none | @combobox:Sample choice,0,0,ArrowDown>combobox:Sample choice[none|f=combobox:Sample choice|h=None]@9.5 ; n>option:7 days[listbox×1|f=option:7 days|h=7 days]@326 ; Enter>option:Never[listbox×1|f=option:Never|h=Never]@632
chromium-dark-desktop › orbit-sample select-down-n-enter paced sample 7,orbit-sample,select,select-down-n-enter,select-down-enter-from-7,paced,7,ArrowDown n Enter,Never | list closed | none | @combobox:Sample choice,0,0,ArrowDown>combobox:Sample choice[none|f=combobox:Sample choice|h=None]@17.4 ; n>option:7 days[listbox×1|f=option:7 days|h=7 days]@335.3 ; Enter>option:Never[listbox×1|f=option:Never|h=Never]@640.9
chromium-dark-desktop › orbit-sample select-down-n-enter paced sample 8,orbit-sample,select,select-down-n-enter,select-down-enter-from-7,paced,8,ArrowDown n Enter,Never | list closed | none | @combobox:Sample choice,0,0,ArrowDown>combobox:Sample choice[none|f=combobox:Sample choice|h=None]@11 ; n>option:7 days[listbox×1|f=option:7 days|h=7 days]@332.7 ; Enter>option:Never[listbox×1|f=option:Never|h=Never]@640.5
chromium-dark-desktop › orbit-sample select-down-n-enter paced sample 9,orbit-sample,select,select-down-n-enter,select-down-enter-from-7,paced,9,ArrowDown n Enter,Never | list closed | none | @combobox:Sample choice,0,0,ArrowDown>combobox:Sample choice[none|f=combobox:Sample choice|h=None]@14.4 ; n>option:7 days[listbox×1|f=option:7 days|h=7 days]@331.1 ; Enter>option:Never[listbox×1|f=option:Never|h=Never]@637.3
chromium-dark-desktop › orbit-sample select-down-n-enter paced sample 10,orbit-sample,select,select-down-n-enter,select-down-enter-from-7,paced,10,ArrowDown n Enter,Never | list closed | none | @combobox:Sample choice,0,0,ArrowDown>combobox:Sample choice[none|f=combobox:Sample choice|h=None]@12.6 ; n>option:7 days[listbox×1|f=option:7 days|h=7 days]@332.9 ; Enter>option:Never[listbox×1|f=option:Never|h=Never]@639.5
chromium-dark-desktop › orbit-sample select-down-n-enter paced sample 11,orbit-sample,select,select-down-n-enter,select-down-enter-from-7,paced,11,ArrowDown n Enter,Never | list closed | none | @combobox:Sample choice,0,0,ArrowDown>combobox:Sample choice[none|f=combobox:Sample choice|h=None]@5.1 ; n>option:7 days[listbox×1|f=option:7 days|h=7 days]@322.2 ; Enter>option:Never[listbox×1|f=option:Never|h=Never]@629
chromium-dark-desktop › orbit-sample select-down-n-enter paced sample 12,orbit-sample,select,select-down-n-enter,select-down-enter-from-7,paced,12,ArrowDown n Enter,Never | list closed | none | @combobox:Sample choice,0,0,ArrowDown>combobox:Sample choice[none|f=combobox:Sample choice|h=None]@9.2 ; n>option:7 days[listbox×1|f=option:7 days|h=7 days]@325.7 ; Enter>option:Never[listbox×1|f=option:Never|h=Never]@632.6
chromium-dark-desktop › orbit-sample select-down-n-enter paced sample 13,orbit-sample,select,select-down-n-enter,select-down-enter-from-7,paced,13,ArrowDown n Enter,Never | list closed | none | @combobox:Sample choice,0,0,ArrowDown>combobox:Sample choice[none|f=combobox:Sample choice|h=None]@12.7 ; n>option:7 days[listbox×1|f=option:7 days|h=7 days]@330.1 ; Enter>option:Never[listbox×1|f=option:Never|h=Never]@635.9
chromium-dark-desktop › orbit-sample select-down-n-enter paced sample 14,orbit-sample,select,select-down-n-enter,select-down-enter-from-7,paced,14,ArrowDown n Enter,Never | list closed | none | @combobox:Sample choice,0,0,ArrowDown>combobox:Sample choice[none|f=combobox:Sample choice|h=None]@17 ; n>option:7 days[listbox×1|f=option:7 days|h=7 days]@334.4 ; Enter>option:Never[listbox×1|f=option:Never|h=Never]@641.6
chromium-dark-desktop › orbit-sample select-down-n-enter paced sample 15,orbit-sample,select,select-down-n-enter,select-down-enter-from-7,paced,15,ArrowDown n Enter,Never | list closed | none | @combobox:Sample choice,0,0,ArrowDown>combobox:Sample choice[none|f=combobox:Sample choice|h=None]@18 ; n>option:7 days[listbox×1|f=option:7 days|h=7 days]@340.4 ; Enter>option:Never[listbox×1|f=option:Never|h=Never]@646
chromium-dark-desktop › orbit-sample select-down-n-enter paced sample 16,orbit-sample,select,select-down-n-enter,select-down-enter-from-7,paced,16,ArrowDown n Enter,Never | list closed | none | @combobox:Sample choice,0,0,ArrowDown>combobox:Sample choice[none|f=combobox:Sample choice|h=None]@15.4 ; n>option:7 days[listbox×1|f=option:7 days|h=7 days]@341.5 ; Enter>option:Never[listbox×1|f=option:Never|h=Never]@649.9
chromium-dark-desktop › orbit-sample select-down-n-enter paced sample 17,orbit-sample,select,select-down-n-enter,select-down-enter-from-7,paced,17,ArrowDown n Enter,Never | list closed | none | @combobox:Sample choice,0,0,ArrowDown>combobox:Sample choice[none|f=combobox:Sample choice|h=None]@19.5 ; n>option:7 days[listbox×1|f=option:7 days|h=7 days]@346.7 ; Enter>option:Never[listbox×1|f=option:Never|h=Never]@660.1
chromium-dark-desktop › orbit-sample select-down-n-enter paced sample 18,orbit-sample,select,select-down-n-enter,select-down-enter-from-7,paced,18,ArrowDown n Enter,Never | list closed | none | @combobox:Sample choice,0,0,ArrowDown>combobox:Sample choice[none|f=combobox:Sample choice|h=None]@9.2 ; n>option:7 days[listbox×1|f=option:7 days|h=7 days]@343.1 ; Enter>option:Never[listbox×1|f=option:Never|h=Never]@651.2
chromium-dark-desktop › orbit-sample select-down-n-enter paced sample 19,orbit-sample,select,select-down-n-enter,select-down-enter-from-7,paced,19,ArrowDown n Enter,Never | list closed | none | @combobox:Sample choice,0,0,ArrowDown>combobox:Sample choice[none|f=combobox:Sample choice|h=None]@7.4 ; n>option:7 days[listbox×1|f=option:7 days|h=7 days]@324.8 ; Enter>option:Never[listbox×1|f=option:Never|h=Never]@631.6
chromium-dark-desktop › orbit-field select-enter burst sample 0,orbit-field,select,select-enter,,burst,0,Enter,never | list open | listbox×1 | @option:Never,0,0,Enter>combobox:Expires[none|f=combobox:Expires|h=None]@33.7
chromium-dark-desktop › orbit-field select-enter burst sample 1,orbit-field,select,select-enter,,burst,1,Enter,never | list open | listbox×1 | @option:Never,0,0,Enter>combobox:Expires[none|f=combobox:Expires|h=None]@34.4
chromium-dark-desktop › orbit-field select-enter burst sample 2,orbit-field,select,select-enter,,burst,2,Enter,never | list open | listbox×1 | @option:Never,0,0,Enter>combobox:Expires[none|f=combobox:Expires|h=None]@32.3
chromium-dark-desktop › orbit-field select-enter burst sample 3,orbit-field,select,select-enter,,burst,3,Enter,never | list open | listbox×1 | @option:Never,0,0,Enter>combobox:Expires[none|f=combobox:Expires|h=None]@24
chromium-dark-desktop › orbit-field select-enter burst sample 4,orbit-field,select,select-enter,,burst,4,Enter,never | list open | listbox×1 | @option:Never,0,0,Enter>combobox:Expires[none|f=combobox:Expires|h=None]@33.3
chromium-dark-desktop › orbit-field select-enter burst sample 5,orbit-field,select,select-enter,,burst,5,Enter,never | list open | listbox×1 | @option:Never,0,0,Enter>combobox:Expires[none|f=combobox:Expires|h=None]@40.4
chromium-dark-desktop › orbit-field select-enter burst sample 6,orbit-field,select,select-enter,,burst,6,Enter,never | list open | listbox×1 | @option:Never,0,0,Enter>combobox:Expires[none|f=combobox:Expires|h=None]@25.6
chromium-dark-desktop › orbit-field select-enter burst sample 7,orbit-field,select,select-enter,,burst,7,Enter,never | list open | listbox×1 | @option:Never,0,0,Enter>combobox:Expires[none|f=combobox:Expires|h=None]@29
chromium-dark-desktop › orbit-field select-enter burst sample 8,orbit-field,select,select-enter,,burst,8,Enter,never | list open | listbox×1 | @option:Never,0,0,Enter>combobox:Expires[none|f=combobox:Expires|h=None]@18.3
chromium-dark-desktop › orbit-field select-enter burst sample 9,orbit-field,select,select-enter,,burst,9,Enter,never | list open | listbox×1 | @option:Never,0,0,Enter>combobox:Expires[none|f=combobox:Expires|h=None]@42.7
chromium-dark-desktop › orbit-field select-enter burst sample 10,orbit-field,select,select-enter,,burst,10,Enter,never | list open | listbox×1 | @option:Never,0,0,Enter>combobox:Expires[none|f=combobox:Expires|h=None]@69.3
chromium-dark-desktop › orbit-field select-enter burst sample 11,orbit-field,select,select-enter,,burst,11,Enter,never | list open | listbox×1 | @option:Never,0,0,Enter>combobox:Expires[none|f=combobox:Expires|h=None]@55.1
chromium-dark-desktop › orbit-field select-enter burst sample 12,orbit-field,select,select-enter,,burst,12,Enter,never | list open | listbox×1 | @option:Never,0,0,Enter>combobox:Expires[none|f=combobox:Expires|h=None]@58.5
chromium-dark-desktop › orbit-field select-enter burst sample 13,orbit-field,select,select-enter,,burst,13,Enter,never | list open | listbox×1 | @option:Never,0,0,Enter>combobox:Expires[none|f=combobox:Expires|h=None]@274
chromium-dark-desktop › orbit-field select-enter burst sample 14,orbit-field,select,select-enter,,burst,14,Enter,never | list open | listbox×1 | @option:Never,0,0,Enter>combobox:Expires[none|f=combobox:Expires|h=None]@182.1
chromium-dark-desktop › orbit-field select-enter burst sample 15,orbit-field,select,select-enter,,burst,15,Enter,never | list open | listbox×1 | @option:Never,0,0,Enter>combobox:Expires[none|f=combobox:Expires|h=None]@58
chromium-dark-desktop › orbit-field select-enter burst sample 16,orbit-field,select,select-enter,,burst,16,Enter,never | list open | listbox×1 | @option:Never,0,0,Enter>combobox:Expires[none|f=combobox:Expires|h=None]@38.3
chromium-dark-desktop › orbit-field select-enter burst sample 17,orbit-field,select,select-enter,,burst,17,Enter,never | list open | listbox×1 | @option:Never,0,0,Enter>combobox:Expires[none|f=combobox:Expires|h=None]@25.5
chromium-dark-desktop › orbit-field select-enter burst sample 18,orbit-field,select,select-enter,,burst,18,Enter,never | list open | listbox×1 | @option:Never,0,0,Enter>combobox:Expires[none|f=combobox:Expires|h=None]@58.7
chromium-dark-desktop › orbit-field select-enter burst sample 19,orbit-field,select,select-enter,,burst,19,Enter,never | list open | listbox×1 | @option:Never,0,0,Enter>combobox:Expires[none|f=combobox:Expires|h=None]@73.2
chromium-dark-desktop › orbit-field select-enter paced sample 0,orbit-field,select,select-enter,,paced,0,Enter,never | list open | listbox×1 | @option:Never,0,0,Enter>combobox:Expires[none|f=combobox:Expires|h=None]@62.4
chromium-dark-desktop › orbit-field select-enter paced sample 1,orbit-field,select,select-enter,,paced,1,Enter,never | list open | listbox×1 | @option:Never,0,0,Enter>combobox:Expires[none|f=combobox:Expires|h=None]@43.8
chromium-dark-desktop › orbit-field select-enter paced sample 2,orbit-field,select,select-enter,,paced,2,Enter,never | list open | listbox×1 | @option:Never,0,0,Enter>combobox:Expires[none|f=combobox:Expires|h=None]@33.9
chromium-dark-desktop › orbit-field select-enter paced sample 3,orbit-field,select,select-enter,,paced,3,Enter,never | list open | listbox×1 | @option:Never,0,0,Enter>combobox:Expires[none|f=combobox:Expires|h=None]@41.4
chromium-dark-desktop › orbit-field select-enter paced sample 4,orbit-field,select,select-enter,,paced,4,Enter,never | list open | listbox×1 | @option:Never,0,0,Enter>combobox:Expires[none|f=combobox:Expires|h=None]@29.8
chromium-dark-desktop › orbit-field select-enter paced sample 5,orbit-field,select,select-enter,,paced,5,Enter,never | list open | listbox×1 | @option:Never,0,0,Enter>combobox:Expires[none|f=combobox:Expires|h=None]@45.8
chromium-dark-desktop › orbit-field select-enter paced sample 6,orbit-field,select,select-enter,,paced,6,Enter,never | list open | listbox×1 | @option:Never,0,0,Enter>combobox:Expires[none|f=combobox:Expires|h=None]@36.3
chromium-dark-desktop › orbit-field select-enter paced sample 7,orbit-field,select,select-enter,,paced,7,Enter,never | list open | listbox×1 | @option:Never,0,0,Enter>combobox:Expires[none|f=combobox:Expires|h=None]@35
chromium-dark-desktop › orbit-field select-enter paced sample 8,orbit-field,select,select-enter,,paced,8,Enter,never | list open | listbox×1 | @option:Never,0,0,Enter>combobox:Expires[none|f=combobox:Expires|h=None]@35.9
chromium-dark-desktop › orbit-field select-enter paced sample 9,orbit-field,select,select-enter,,paced,9,Enter,never | list open | listbox×1 | @option:Never,0,0,Enter>combobox:Expires[none|f=combobox:Expires|h=None]@35.4
chromium-dark-desktop › orbit-field select-enter paced sample 10,orbit-field,select,select-enter,,paced,10,Enter,never | list open | listbox×1 | @option:Never,0,0,Enter>combobox:Expires[none|f=combobox:Expires|h=None]@38.1
chromium-dark-desktop › orbit-field select-enter paced sample 11,orbit-field,select,select-enter,,paced,11,Enter,never | list open | listbox×1 | @option:Never,0,0,Enter>combobox:Expires[none|f=combobox:Expires|h=None]@34.4
chromium-dark-desktop › orbit-field select-enter paced sample 12,orbit-field,select,select-enter,,paced,12,Enter,never | list open | listbox×1 | @option:Never,0,0,Enter>combobox:Expires[none|f=combobox:Expires|h=None]@32.8
chromium-dark-desktop › orbit-field select-enter paced sample 13,orbit-field,select,select-enter,,paced,13,Enter,never | list open | listbox×1 | @option:Never,0,0,Enter>combobox:Expires[none|f=combobox:Expires|h=None]@38.2
chromium-dark-desktop › orbit-field select-enter paced sample 14,orbit-field,select,select-enter,,paced,14,Enter,never | list open | listbox×1 | @option:Never,0,0,Enter>combobox:Expires[none|f=combobox:Expires|h=None]@38.8
chromium-dark-desktop › orbit-field select-enter paced sample 15,orbit-field,select,select-enter,,paced,15,Enter,never | list open | listbox×1 | @option:Never,0,0,Enter>combobox:Expires[none|f=combobox:Expires|h=None]@29.5
chromium-dark-desktop › orbit-field select-enter paced sample 16,orbit-field,select,select-enter,,paced,16,Enter,never | list open | listbox×1 | @option:Never,0,0,Enter>combobox:Expires[none|f=combobox:Expires|h=None]@33.2
chromium-dark-desktop › orbit-field select-enter paced sample 17,orbit-field,select,select-enter,,paced,17,Enter,never | list open | listbox×1 | @option:Never,0,0,Enter>combobox:Expires[none|f=combobox:Expires|h=None]@38.5
chromium-dark-desktop › orbit-field select-enter paced sample 18,orbit-field,select,select-enter,,paced,18,Enter,never | list open | listbox×1 | @option:Never,0,0,Enter>combobox:Expires[none|f=combobox:Expires|h=None]@26.7
chromium-dark-desktop › orbit-field select-enter paced sample 19,orbit-field,select,select-enter,,paced,19,Enter,never | list open | listbox×1 | @option:Never,0,0,Enter>combobox:Expires[none|f=combobox:Expires|h=None]@30.4
chromium-dark-desktop › orbit-sample select-enter burst sample 0,orbit-sample,select,select-enter,,burst,0,Enter,Never | list open | listbox×1 | @option:Never,0,0,Enter>combobox:Sample choice[none|f=combobox:Sample choice|h=None]@33.9
chromium-dark-desktop › orbit-sample select-enter burst sample 1,orbit-sample,select,select-enter,,burst,1,Enter,Never | list open | listbox×1 | @option:Never,0,0,Enter>combobox:Sample choice[none|f=combobox:Sample choice|h=None]@25.7
chromium-dark-desktop › orbit-sample select-enter burst sample 2,orbit-sample,select,select-enter,,burst,2,Enter,Never | list open | listbox×1 | @option:Never,0,0,Enter>combobox:Sample choice[none|f=combobox:Sample choice|h=None]@29.4
chromium-dark-desktop › orbit-sample select-enter burst sample 3,orbit-sample,select,select-enter,,burst,3,Enter,Never | list open | listbox×1 | @option:Never,0,0,Enter>combobox:Sample choice[none|f=combobox:Sample choice|h=None]@21.3
chromium-dark-desktop › orbit-sample select-enter burst sample 4,orbit-sample,select,select-enter,,burst,4,Enter,Never | list open | listbox×1 | @option:Never,0,0,Enter>combobox:Sample choice[none|f=combobox:Sample choice|h=None]@39.1
chromium-dark-desktop › orbit-sample select-enter burst sample 5,orbit-sample,select,select-enter,,burst,5,Enter,Never | list open | listbox×1 | @option:Never,0,0,Enter>combobox:Sample choice[none|f=combobox:Sample choice|h=None]@22.5
chromium-dark-desktop › orbit-sample select-enter burst sample 6,orbit-sample,select,select-enter,,burst,6,Enter,Never | list open | listbox×1 | @option:Never,0,0,Enter>combobox:Sample choice[none|f=combobox:Sample choice|h=None]@24.3
chromium-dark-desktop › orbit-sample select-enter burst sample 7,orbit-sample,select,select-enter,,burst,7,Enter,Never | list open | listbox×1 | @option:Never,0,0,Enter>combobox:Sample choice[none|f=combobox:Sample choice|h=None]@35.4
chromium-dark-desktop › orbit-sample select-enter burst sample 8,orbit-sample,select,select-enter,,burst,8,Enter,Never | list open | listbox×1 | @option:Never,0,0,Enter>combobox:Sample choice[none|f=combobox:Sample choice|h=None]@27
chromium-dark-desktop › orbit-sample select-enter burst sample 9,orbit-sample,select,select-enter,,burst,9,Enter,Never | list open | listbox×1 | @option:Never,0,0,Enter>combobox:Sample choice[none|f=combobox:Sample choice|h=None]@32.8
chromium-dark-desktop › orbit-sample select-enter burst sample 10,orbit-sample,select,select-enter,,burst,10,Enter,Never | list open | listbox×1 | @option:Never,0,0,Enter>combobox:Sample choice[none|f=combobox:Sample choice|h=None]@26.9
chromium-dark-desktop › orbit-sample select-enter burst sample 11,orbit-sample,select,select-enter,,burst,11,Enter,Never | list open | listbox×1 | @option:Never,0,0,Enter>combobox:Sample choice[none|f=combobox:Sample choice|h=None]@28.9
chromium-dark-desktop › orbit-sample select-enter burst sample 12,orbit-sample,select,select-enter,,burst,12,Enter,Never | list open | listbox×1 | @option:Never,0,0,Enter>combobox:Sample choice[none|f=combobox:Sample choice|h=None]@27.4
chromium-dark-desktop › orbit-sample select-enter burst sample 13,orbit-sample,select,select-enter,,burst,13,Enter,Never | list open | listbox×1 | @option:Never,0,0,Enter>combobox:Sample choice[none|f=combobox:Sample choice|h=None]@39.5
chromium-dark-desktop › orbit-sample select-enter burst sample 14,orbit-sample,select,select-enter,,burst,14,Enter,Never | list open | listbox×1 | @option:Never,0,0,Enter>combobox:Sample choice[none|f=combobox:Sample choice|h=None]@58.9
chromium-dark-desktop › orbit-sample select-enter burst sample 15,orbit-sample,select,select-enter,,burst,15,Enter,Never | list open | listbox×1 | @option:Never,0,0,Enter>combobox:Sample choice[none|f=combobox:Sample choice|h=None]@27.4
chromium-dark-desktop › orbit-sample select-enter burst sample 16,orbit-sample,select,select-enter,,burst,16,Enter,Never | list open | listbox×1 | @option:Never,0,0,Enter>combobox:Sample choice[none|f=combobox:Sample choice|h=None]@37.2
chromium-dark-desktop › orbit-sample select-enter burst sample 17,orbit-sample,select,select-enter,,burst,17,Enter,Never | list open | listbox×1 | @option:Never,0,0,Enter>combobox:Sample choice[none|f=combobox:Sample choice|h=None]@30.9
chromium-dark-desktop › orbit-sample select-enter burst sample 18,orbit-sample,select,select-enter,,burst,18,Enter,Never | list open | listbox×1 | @option:Never,0,0,Enter>combobox:Sample choice[none|f=combobox:Sample choice|h=None]@106.6
chromium-dark-desktop › orbit-sample select-enter burst sample 19,orbit-sample,select,select-enter,,burst,19,Enter,Never | list open | listbox×1 | @option:Never,0,0,Enter>combobox:Sample choice[none|f=combobox:Sample choice|h=None]@45.8
chromium-dark-desktop › orbit-sample select-enter paced sample 0,orbit-sample,select,select-enter,,paced,0,Enter,Never | list open | listbox×1 | @option:Never,0,0,Enter>combobox:Sample choice[none|f=combobox:Sample choice|h=None]@55.2
chromium-dark-desktop › orbit-sample select-enter paced sample 1,orbit-sample,select,select-enter,,paced,1,Enter,Never | list open | listbox×1 | @option:Never,0,0,Enter>combobox:Sample choice[none|f=combobox:Sample choice|h=None]@36
chromium-dark-desktop › orbit-sample select-enter paced sample 2,orbit-sample,select,select-enter,,paced,2,Enter,Never | list open | listbox×1 | @option:Never,0,0,Enter>combobox:Sample choice[none|f=combobox:Sample choice|h=None]@62.2
chromium-dark-desktop › orbit-sample select-enter paced sample 3,orbit-sample,select,select-enter,,paced,3,Enter,Never | list open | listbox×1 | @option:Never,0,0,Enter>combobox:Sample choice[none|f=combobox:Sample choice|h=None]@28.3
chromium-dark-desktop › orbit-sample select-enter paced sample 4,orbit-sample,select,select-enter,,paced,4,Enter,Never | list open | listbox×1 | @option:Never,0,0,Enter>combobox:Sample choice[none|f=combobox:Sample choice|h=None]@123.5
chromium-dark-desktop › orbit-sample select-enter paced sample 5,orbit-sample,select,select-enter,,paced,5,Enter,Never | list open | listbox×1 | @option:Never,0,0,Enter>combobox:Sample choice[none|f=combobox:Sample choice|h=None]@43.5
chromium-dark-desktop › orbit-sample select-enter paced sample 6,orbit-sample,select,select-enter,,paced,6,Enter,Never | list open | listbox×1 | @option:Never,0,0,Enter>combobox:Sample choice[none|f=combobox:Sample choice|h=None]@26.2
chromium-dark-desktop › orbit-sample select-enter paced sample 7,orbit-sample,select,select-enter,,paced,7,Enter,Never | list open | listbox×1 | @option:Never,0,0,Enter>combobox:Sample choice[none|f=combobox:Sample choice|h=None]@38.8
chromium-dark-desktop › orbit-sample select-enter paced sample 8,orbit-sample,select,select-enter,,paced,8,Enter,Never | list open | listbox×1 | @option:Never,0,0,Enter>combobox:Sample choice[none|f=combobox:Sample choice|h=None]@25.5
chromium-dark-desktop › orbit-sample select-enter paced sample 9,orbit-sample,select,select-enter,,paced,9,Enter,Never | list open | listbox×1 | @option:Never,0,0,Enter>combobox:Sample choice[none|f=combobox:Sample choice|h=None]@38.5
chromium-dark-desktop › orbit-sample select-enter paced sample 10,orbit-sample,select,select-enter,,paced,10,Enter,Never | list open | listbox×1 | @option:Never,0,0,Enter>combobox:Sample choice[none|f=combobox:Sample choice|h=None]@20.6
chromium-dark-desktop › orbit-sample select-enter paced sample 11,orbit-sample,select,select-enter,,paced,11,Enter,Never | list open | listbox×1 | @option:Never,0,0,Enter>combobox:Sample choice[none|f=combobox:Sample choice|h=None]@29.6
chromium-dark-desktop › orbit-sample select-enter paced sample 12,orbit-sample,select,select-enter,,paced,12,Enter,Never | list open | listbox×1 | @option:Never,0,0,Enter>combobox:Sample choice[none|f=combobox:Sample choice|h=None]@36.6
chromium-dark-desktop › orbit-sample select-enter paced sample 13,orbit-sample,select,select-enter,,paced,13,Enter,Never | list open | listbox×1 | @option:Never,0,0,Enter>combobox:Sample choice[none|f=combobox:Sample choice|h=None]@24.4
chromium-dark-desktop › orbit-sample select-enter paced sample 14,orbit-sample,select,select-enter,,paced,14,Enter,Never | list open | listbox×1 | @option:Never,0,0,Enter>combobox:Sample choice[none|f=combobox:Sample choice|h=None]@36.5
chromium-dark-desktop › orbit-sample select-enter paced sample 15,orbit-sample,select,select-enter,,paced,15,Enter,Never | list open | listbox×1 | @option:Never,0,0,Enter>combobox:Sample choice[none|f=combobox:Sample choice|h=None]@37.9
chromium-dark-desktop › orbit-sample select-enter paced sample 16,orbit-sample,select,select-enter,,paced,16,Enter,Never | list open | listbox×1 | @option:Never,0,0,Enter>combobox:Sample choice[none|f=combobox:Sample choice|h=None]@29.9
chromium-dark-desktop › orbit-sample select-enter paced sample 17,orbit-sample,select,select-enter,,paced,17,Enter,Never | list open | listbox×1 | @option:Never,0,0,Enter>combobox:Sample choice[none|f=combobox:Sample choice|h=None]@30.5
chromium-dark-desktop › orbit-sample select-enter paced sample 18,orbit-sample,select,select-enter,,paced,18,Enter,Never | list open | listbox×1 | @option:Never,0,0,Enter>combobox:Sample choice[none|f=combobox:Sample choice|h=None]@29.7
chromium-dark-desktop › orbit-sample select-enter paced sample 19,orbit-sample,select,select-enter,,paced,19,Enter,Never | list open | listbox×1 | @option:Never,0,0,Enter>combobox:Sample choice[none|f=combobox:Sample choice|h=None]@29.7
chromium-dark-desktop › orbit-field select-down-down burst sample 0,orbit-field,select,select-down-down,,burst,0,ArrowDown ArrowDown,never | list open | listbox×1 | @option:7 days,1,1,ArrowDown>combobox:Expires[none|f=combobox:Expires|h=None]@24.4 ; ArrowDown>combobox:Expires[listbox×1|f=combobox:Expires|h=Never]@46.4 ; ArrowDown*>option:Never[listbox×1|f=option:Never|h=Never]@47.1
chromium-dark-desktop › orbit-field select-down-down burst sample 1,orbit-field,select,select-down-down,,burst,1,ArrowDown ArrowDown,never | list open | listbox×1 | @option:7 days,1,1,ArrowDown>combobox:Expires[none|f=combobox:Expires|h=None]@34 ; ArrowDown>combobox:Expires[listbox×1|f=combobox:Expires|h=Never]@52.3 ; ArrowDown*>option:Never[listbox×1|f=option:Never|h=Never]@52.9
chromium-dark-desktop › orbit-field select-down-down burst sample 2,orbit-field,select,select-down-down,,burst,2,ArrowDown ArrowDown,never | list open | listbox×1 | @option:7 days,1,1,ArrowDown>combobox:Expires[none|f=combobox:Expires|h=None]@26.3 ; ArrowDown>combobox:Expires[listbox×1|f=combobox:Expires|h=Never]@54.5 ; ArrowDown*>option:Never[listbox×1|f=option:Never|h=Never]@55.4
chromium-dark-desktop › orbit-field select-down-down burst sample 3,orbit-field,select,select-down-down,,burst,3,ArrowDown ArrowDown,never | list open | listbox×1 | @option:7 days,1,1,ArrowDown>combobox:Expires[none|f=combobox:Expires|h=None]@41 ; ArrowDown>combobox:Expires[listbox×1|f=combobox:Expires|h=Never]@62.9 ; ArrowDown*>option:Never[listbox×1|f=option:Never|h=Never]@63.7
chromium-dark-desktop › orbit-field select-down-down burst sample 4,orbit-field,select,select-down-down,,burst,4,ArrowDown ArrowDown,never | list open | listbox×1 | @option:7 days,1,1,ArrowDown>combobox:Expires[none|f=combobox:Expires|h=None]@31.2 ; ArrowDown>combobox:Expires[listbox×1|f=combobox:Expires|h=Never]@51.6 ; ArrowDown*>option:Never[listbox×1|f=option:Never|h=Never]@52.3
chromium-dark-desktop › orbit-field select-down-down burst sample 5,orbit-field,select,select-down-down,,burst,5,ArrowDown ArrowDown,never | list open | listbox×1 | @option:7 days,1,1,ArrowDown>combobox:Expires[none|f=combobox:Expires|h=None]@37.7 ; ArrowDown>combobox:Expires[listbox×1|f=combobox:Expires|h=Never]@65.9 ; ArrowDown*>option:Never[listbox×1|f=option:Never|h=Never]@68.9
chromium-dark-desktop › orbit-field select-down-down burst sample 6,orbit-field,select,select-down-down,,burst,6,ArrowDown ArrowDown,never | list open | listbox×1 | @option:7 days,1,1,ArrowDown>combobox:Expires[none|f=combobox:Expires|h=None]@34.8 ; ArrowDown>combobox:Expires[listbox×1|f=combobox:Expires|h=Never]@59.3 ; ArrowDown*>option:Never[listbox×1|f=option:Never|h=Never]@60
chromium-dark-desktop › orbit-field select-down-down burst sample 7,orbit-field,select,select-down-down,,burst,7,ArrowDown ArrowDown,never | list open | listbox×1 | @option:7 days,1,1,ArrowDown>combobox:Expires[none|f=combobox:Expires|h=None]@22.9 ; ArrowDown>combobox:Expires[listbox×1|f=combobox:Expires|h=Never]@47.6 ; ArrowDown*>option:Never[listbox×1|f=option:Never|h=Never]@48.4
chromium-dark-desktop › orbit-field select-down-down burst sample 8,orbit-field,select,select-down-down,,burst,8,ArrowDown ArrowDown,never | list open | listbox×1 | @option:7 days,1,1,ArrowDown>combobox:Expires[none|f=combobox:Expires|h=None]@29.2 ; ArrowDown>combobox:Expires[listbox×1|f=combobox:Expires|h=Never]@51 ; ArrowDown*>option:Never[listbox×1|f=option:Never|h=Never]@51.8
chromium-dark-desktop › orbit-field select-down-down burst sample 9,orbit-field,select,select-down-down,,burst,9,ArrowDown ArrowDown,never | list open | listbox×1 | @option:7 days,1,1,ArrowDown>combobox:Expires[none|f=combobox:Expires|h=None]@18.7 ; ArrowDown>combobox:Expires[listbox×1|f=combobox:Expires|h=Never]@36.3 ; ArrowDown*>option:Never[listbox×1|f=option:Never|h=Never]@36.9
chromium-dark-desktop › orbit-field select-down-down burst sample 10,orbit-field,select,select-down-down,,burst,10,ArrowDown ArrowDown,never | list open | listbox×1 | @option:7 days,1,1,ArrowDown>combobox:Expires[none|f=combobox:Expires|h=None]@23.8 ; ArrowDown>combobox:Expires[listbox×1|f=combobox:Expires|h=Never]@47.3 ; ArrowDown*>option:Never[listbox×1|f=option:Never|h=Never]@48.1
chromium-dark-desktop › orbit-field select-down-down burst sample 11,orbit-field,select,select-down-down,,burst,11,ArrowDown ArrowDown,never | list open | listbox×1 | @option:7 days,1,1,ArrowDown>combobox:Expires[none|f=combobox:Expires|h=None]@33.2 ; ArrowDown>combobox:Expires[listbox×1|f=combobox:Expires|h=Never]@57.9 ; ArrowDown*>option:Never[listbox×1|f=option:Never|h=Never]@58.8
chromium-dark-desktop › orbit-field select-down-down burst sample 12,orbit-field,select,select-down-down,,burst,12,ArrowDown ArrowDown,never | list open | listbox×1 | @option:7 days,1,1,ArrowDown>combobox:Expires[none|f=combobox:Expires|h=None]@26.7 ; ArrowDown>combobox:Expires[listbox×1|f=combobox:Expires|h=Never]@50.1 ; ArrowDown*>option:Never[listbox×1|f=option:Never|h=Never]@50.8
chromium-dark-desktop › orbit-field select-down-down burst sample 13,orbit-field,select,select-down-down,,burst,13,ArrowDown ArrowDown,never | list open | listbox×1 | @option:7 days,1,1,ArrowDown>combobox:Expires[none|f=combobox:Expires|h=None]@32.2 ; ArrowDown>combobox:Expires[listbox×1|f=combobox:Expires|h=Never]@52.9 ; ArrowDown*>option:Never[listbox×1|f=option:Never|h=Never]@53.7
chromium-dark-desktop › orbit-field select-down-down burst sample 14,orbit-field,select,select-down-down,,burst,14,ArrowDown ArrowDown,never | list open | listbox×1 | @option:7 days,1,1,ArrowDown>combobox:Expires[none|f=combobox:Expires|h=None]@22.1 ; ArrowDown>combobox:Expires[listbox×1|f=combobox:Expires|h=Never]@37.5 ; ArrowDown*>option:Never[listbox×1|f=option:Never|h=Never]@38
chromium-dark-desktop › orbit-field select-down-down burst sample 15,orbit-field,select,select-down-down,,burst,15,ArrowDown ArrowDown,never | list open | listbox×1 | @option:7 days,1,1,ArrowDown>combobox:Expires[none|f=combobox:Expires|h=None]@36.8 ; ArrowDown>combobox:Expires[listbox×1|f=combobox:Expires|h=Never]@58.9 ; ArrowDown*>option:Never[listbox×1|f=option:Never|h=Never]@59.7
chromium-dark-desktop › orbit-field select-down-down burst sample 16,orbit-field,select,select-down-down,,burst,16,ArrowDown ArrowDown,never | list open | listbox×1 | @option:7 days,1,1,ArrowDown>combobox:Expires[none|f=combobox:Expires|h=None]@33.5 ; ArrowDown>combobox:Expires[listbox×1|f=combobox:Expires|h=Never]@56.6 ; ArrowDown*>option:Never[listbox×1|f=option:Never|h=Never]@57.2
chromium-dark-desktop › orbit-field select-down-down burst sample 17,orbit-field,select,select-down-down,,burst,17,ArrowDown ArrowDown,never | list open | listbox×1 | @option:7 days,1,1,ArrowDown>combobox:Expires[none|f=combobox:Expires|h=None]@28.6 ; ArrowDown>combobox:Expires[listbox×1|f=combobox:Expires|h=Never]@50.4 ; ArrowDown*>option:Never[listbox×1|f=option:Never|h=Never]@51.2
chromium-dark-desktop › orbit-field select-down-down burst sample 18,orbit-field,select,select-down-down,,burst,18,ArrowDown ArrowDown,never | list open | listbox×1 | @option:7 days,1,1,ArrowDown>combobox:Expires[none|f=combobox:Expires|h=None]@22.5 ; ArrowDown>combobox:Expires[listbox×1|f=combobox:Expires|h=Never]@44.4 ; ArrowDown*>option:Never[listbox×1|f=option:Never|h=Never]@45.1
chromium-dark-desktop › orbit-field select-down-down burst sample 19,orbit-field,select,select-down-down,,burst,19,ArrowDown ArrowDown,never | list open | listbox×1 | @option:7 days,1,1,ArrowDown>combobox:Expires[none|f=combobox:Expires|h=None]@39.3 ; ArrowDown>combobox:Expires[listbox×1|f=combobox:Expires|h=Never]@64.6 ; ArrowDown*>option:Never[listbox×1|f=option:Never|h=Never]@65.5
chromium-dark-desktop › orbit-field select-down-down paced sample 0,orbit-field,select,select-down-down,,paced,0,ArrowDown ArrowDown,never | list open | listbox×1 | @option:7 days,0,0,ArrowDown>combobox:Expires[none|f=combobox:Expires|h=None]@30.2 ; ArrowDown>option:Never[listbox×1|f=option:Never|h=Never]@371.2
chromium-dark-desktop › orbit-field select-down-down paced sample 1,orbit-field,select,select-down-down,,paced,1,ArrowDown ArrowDown,never | list open | listbox×1 | @option:7 days,0,0,ArrowDown>combobox:Expires[none|f=combobox:Expires|h=None]@29 ; ArrowDown>option:Never[listbox×1|f=option:Never|h=Never]@369.9
chromium-dark-desktop › orbit-field select-down-down paced sample 2,orbit-field,select,select-down-down,,paced,2,ArrowDown ArrowDown,never | list open | listbox×1 | @option:7 days,0,0,ArrowDown>combobox:Expires[none|f=combobox:Expires|h=None]@23.6 ; ArrowDown>option:Never[listbox×1|f=option:Never|h=Never]@352.1
chromium-dark-desktop › orbit-field select-down-down paced sample 3,orbit-field,select,select-down-down,,paced,3,ArrowDown ArrowDown,never | list open | listbox×1 | @option:7 days,0,0,ArrowDown>combobox:Expires[none|f=combobox:Expires|h=None]@21.7 ; ArrowDown>option:Never[listbox×1|f=option:Never|h=Never]@353.3
chromium-dark-desktop › orbit-field select-down-down paced sample 4,orbit-field,select,select-down-down,,paced,4,ArrowDown ArrowDown,never | list open | listbox×1 | @option:7 days,0,0,ArrowDown>combobox:Expires[none|f=combobox:Expires|h=None]@27.7 ; ArrowDown>option:Never[listbox×1|f=option:Never|h=Never]@358.3
chromium-dark-desktop › orbit-field select-down-down paced sample 5,orbit-field,select,select-down-down,,paced,5,ArrowDown ArrowDown,never | list open | listbox×1 | @option:7 days,0,0,ArrowDown>combobox:Expires[none|f=combobox:Expires|h=None]@25.4 ; ArrowDown>option:Never[listbox×1|f=option:Never|h=Never]@352.5
chromium-dark-desktop › orbit-field select-down-down paced sample 6,orbit-field,select,select-down-down,,paced,6,ArrowDown ArrowDown,never | list open | listbox×1 | @option:7 days,0,0,ArrowDown>combobox:Expires[none|f=combobox:Expires|h=None]@35.8 ; ArrowDown>option:Never[listbox×1|f=option:Never|h=Never]@376.3
chromium-dark-desktop › orbit-field select-down-down paced sample 7,orbit-field,select,select-down-down,,paced,7,ArrowDown ArrowDown,never | list open | listbox×1 | @option:7 days,0,0,ArrowDown>combobox:Expires[none|f=combobox:Expires|h=None]@29.1 ; ArrowDown>option:Never[listbox×1|f=option:Never|h=Never]@363.8
chromium-dark-desktop › orbit-field select-down-down paced sample 8,orbit-field,select,select-down-down,,paced,8,ArrowDown ArrowDown,never | list open | listbox×1 | @option:7 days,0,0,ArrowDown>combobox:Expires[none|f=combobox:Expires|h=None]@34.2 ; ArrowDown>option:Never[listbox×1|f=option:Never|h=Never]@370.1
chromium-dark-desktop › orbit-field select-down-down paced sample 9,orbit-field,select,select-down-down,,paced,9,ArrowDown ArrowDown,never | list open | listbox×1 | @option:7 days,0,0,ArrowDown>combobox:Expires[none|f=combobox:Expires|h=None]@34 ; ArrowDown>option:Never[listbox×1|f=option:Never|h=Never]@366.5
chromium-dark-desktop › orbit-field select-down-down paced sample 10,orbit-field,select,select-down-down,,paced,10,ArrowDown ArrowDown,never | list open | listbox×1 | @option:7 days,0,0,ArrowDown>combobox:Expires[none|f=combobox:Expires|h=None]@34.4 ; ArrowDown>option:Never[listbox×1|f=option:Never|h=Never]@364.2
chromium-dark-desktop › orbit-field select-down-down paced sample 11,orbit-field,select,select-down-down,,paced,11,ArrowDown ArrowDown,never | list open | listbox×1 | @option:7 days,0,0,ArrowDown>combobox:Expires[none|f=combobox:Expires|h=None]@33.7 ; ArrowDown>option:Never[listbox×1|f=option:Never|h=Never]@372.1
chromium-dark-desktop › orbit-field select-down-down paced sample 12,orbit-field,select,select-down-down,,paced,12,ArrowDown ArrowDown,never | list open | listbox×1 | @option:7 days,0,0,ArrowDown>combobox:Expires[none|f=combobox:Expires|h=None]@26.1 ; ArrowDown>option:Never[listbox×1|f=option:Never|h=Never]@363.5
chromium-dark-desktop › orbit-field select-down-down paced sample 13,orbit-field,select,select-down-down,,paced,13,ArrowDown ArrowDown,never | list open | listbox×1 | @option:7 days,0,0,ArrowDown>combobox:Expires[none|f=combobox:Expires|h=None]@29.4 ; ArrowDown>option:Never[listbox×1|f=option:Never|h=Never]@372.9
chromium-dark-desktop › orbit-field select-down-down paced sample 14,orbit-field,select,select-down-down,,paced,14,ArrowDown ArrowDown,never | list open | listbox×1 | @option:7 days,0,0,ArrowDown>combobox:Expires[none|f=combobox:Expires|h=None]@38.4 ; ArrowDown>option:Never[listbox×1|f=option:Never|h=Never]@385.9
chromium-dark-desktop › orbit-field select-down-down paced sample 15,orbit-field,select,select-down-down,,paced,15,ArrowDown ArrowDown,never | list open | listbox×1 | @option:7 days,0,0,ArrowDown>combobox:Expires[none|f=combobox:Expires|h=None]@26.8 ; ArrowDown>option:Never[listbox×1|f=option:Never|h=Never]@361.8
chromium-dark-desktop › orbit-field select-down-down paced sample 16,orbit-field,select,select-down-down,,paced,16,ArrowDown ArrowDown,never | list open | listbox×1 | @option:7 days,0,0,ArrowDown>combobox:Expires[none|f=combobox:Expires|h=None]@30.7 ; ArrowDown>option:Never[listbox×1|f=option:Never|h=Never]@368.3
chromium-dark-desktop › orbit-field select-down-down paced sample 17,orbit-field,select,select-down-down,,paced,17,ArrowDown ArrowDown,never | list open | listbox×1 | @option:7 days,0,0,ArrowDown>combobox:Expires[none|f=combobox:Expires|h=None]@30.2 ; ArrowDown>option:Never[listbox×1|f=option:Never|h=Never]@359.5
chromium-dark-desktop › orbit-field select-down-down paced sample 18,orbit-field,select,select-down-down,,paced,18,ArrowDown ArrowDown,never | list open | listbox×1 | @option:7 days,0,0,ArrowDown>combobox:Expires[none|f=combobox:Expires|h=None]@25.1 ; ArrowDown>option:Never[listbox×1|f=option:Never|h=Never]@355.4
chromium-dark-desktop › orbit-field select-down-down paced sample 19,orbit-field,select,select-down-down,,paced,19,ArrowDown ArrowDown,never | list open | listbox×1 | @option:7 days,0,0,ArrowDown>combobox:Expires[none|f=combobox:Expires|h=None]@37.4 ; ArrowDown>option:Never[listbox×1|f=option:Never|h=Never]@365.9
chromium-dark-desktop › orbit-sample select-down-down burst sample 0,orbit-sample,select,select-down-down,,burst,0,ArrowDown ArrowDown,Never | list open | listbox×1 | @option:7 days,1,1,ArrowDown>combobox:Sample choice[none|f=combobox:Sample choice|h=None]@25.5 ; ArrowDown>combobox:Sample choice[listbox×1|f=combobox:Sample choice|h=Never]@49 ; ArrowDown*>option:Never[listbox×1|f=option:Never|h=Never]@49.9
chromium-dark-desktop › orbit-sample select-down-down burst sample 1,orbit-sample,select,select-down-down,,burst,1,ArrowDown ArrowDown,Never | list open | listbox×1 | @option:7 days,1,1,ArrowDown>combobox:Sample choice[none|f=combobox:Sample choice|h=None]@27.2 ; ArrowDown>combobox:Sample choice[listbox×1|f=combobox:Sample choice|h=Never]@45.3 ; ArrowDown*>option:Never[listbox×1|f=option:Never|h=Never]@45.9
chromium-dark-desktop › orbit-sample select-down-down burst sample 2,orbit-sample,select,select-down-down,,burst,2,ArrowDown ArrowDown,Never | list open | listbox×1 | @option:7 days,1,1,ArrowDown>combobox:Sample choice[none|f=combobox:Sample choice|h=None]@45.3 ; ArrowDown>combobox:Sample choice[listbox×1|f=combobox:Sample choice|h=Never]@94.4 ; ArrowDown*>option:Never[listbox×1|f=option:Never|h=Never]@95.6
chromium-dark-desktop › orbit-sample select-down-down burst sample 3,orbit-sample,select,select-down-down,,burst,3,ArrowDown ArrowDown,Never | list open | listbox×1 | @option:7 days,1,1,ArrowDown>combobox:Sample choice[none|f=combobox:Sample choice|h=None]@33 ; ArrowDown>combobox:Sample choice[listbox×1|f=combobox:Sample choice|h=Never]@61.5 ; ArrowDown*>option:Never[listbox×1|f=option:Never|h=Never]@62.1
chromium-dark-desktop › orbit-sample select-down-down burst sample 4,orbit-sample,select,select-down-down,,burst,4,ArrowDown ArrowDown,Never | list open | listbox×1 | @option:7 days,1,1,ArrowDown>combobox:Sample choice[none|f=combobox:Sample choice|h=None]@21.3 ; ArrowDown>combobox:Sample choice[listbox×1|f=combobox:Sample choice|h=Never]@42.3 ; ArrowDown*>option:Never[listbox×1|f=option:Never|h=Never]@43
chromium-dark-desktop › orbit-sample select-down-down burst sample 5,orbit-sample,select,select-down-down,,burst,5,ArrowDown ArrowDown,Never | list open | listbox×1 | @option:7 days,1,1,ArrowDown>combobox:Sample choice[none|f=combobox:Sample choice|h=None]@28.6 ; ArrowDown>combobox:Sample choice[listbox×1|f=combobox:Sample choice|h=Never]@52.5 ; ArrowDown*>option:Never[listbox×1|f=option:Never|h=Never]@53.2
chromium-dark-desktop › orbit-sample select-down-down burst sample 6,orbit-sample,select,select-down-down,,burst,6,ArrowDown ArrowDown,Never | list open | listbox×1 | @option:7 days,1,1,ArrowDown>combobox:Sample choice[none|f=combobox:Sample choice|h=None]@41.2 ; ArrowDown>combobox:Sample choice[listbox×1|f=combobox:Sample choice|h=Never]@75.3 ; ArrowDown*>option:Never[listbox×1|f=option:Never|h=Never]@76.1
chromium-dark-desktop › orbit-sample select-down-down burst sample 7,orbit-sample,select,select-down-down,,burst,7,ArrowDown ArrowDown,Never | list open | listbox×1 | @option:7 days,1,1,ArrowDown>combobox:Sample choice[none|f=combobox:Sample choice|h=None]@29 ; ArrowDown>combobox:Sample choice[listbox×1|f=combobox:Sample choice|h=Never]@51.2 ; ArrowDown*>option:Never[listbox×1|f=option:Never|h=Never]@52.1
chromium-dark-desktop › orbit-sample select-down-down burst sample 8,orbit-sample,select,select-down-down,,burst,8,ArrowDown ArrowDown,Never | list open | listbox×1 | @option:7 days,1,1,ArrowDown>combobox:Sample choice[none|f=combobox:Sample choice|h=None]@28.9 ; ArrowDown>combobox:Sample choice[listbox×1|f=combobox:Sample choice|h=Never]@53.1 ; ArrowDown*>option:Never[listbox×1|f=option:Never|h=Never]@53.7
chromium-dark-desktop › orbit-sample select-down-down burst sample 9,orbit-sample,select,select-down-down,,burst,9,ArrowDown ArrowDown,Never | list open | listbox×1 | @option:7 days,1,1,ArrowDown>combobox:Sample choice[none|f=combobox:Sample choice|h=None]@30 ; ArrowDown>combobox:Sample choice[listbox×1|f=combobox:Sample choice|h=Never]@54.1 ; ArrowDown*>option:Never[listbox×1|f=option:Never|h=Never]@54.8
chromium-dark-desktop › orbit-sample select-down-down burst sample 10,orbit-sample,select,select-down-down,,burst,10,ArrowDown ArrowDown,Never | list open | listbox×1 | @option:7 days,1,1,ArrowDown>combobox:Sample choice[none|f=combobox:Sample choice|h=None]@34.6 ; ArrowDown>combobox:Sample choice[listbox×1|f=combobox:Sample choice|h=Never]@56.3 ; ArrowDown*>option:Never[listbox×1|f=option:Never|h=Never]@57.1
chromium-dark-desktop › orbit-sample select-down-down burst sample 11,orbit-sample,select,select-down-down,,burst,11,ArrowDown ArrowDown,Never | list open | listbox×1 | @option:7 days,1,1,ArrowDown>combobox:Sample choice[none|f=combobox:Sample choice|h=None]@33.8 ; ArrowDown>combobox:Sample choice[listbox×1|f=combobox:Sample choice|h=Never]@59 ; ArrowDown*>option:Never[listbox×1|f=option:Never|h=Never]@59.9
chromium-dark-desktop › orbit-sample select-down-down burst sample 12,orbit-sample,select,select-down-down,,burst,12,ArrowDown ArrowDown,Never | list open | listbox×1 | @option:7 days,1,1,ArrowDown>combobox:Sample choice[none|f=combobox:Sample choice|h=None]@22.3 ; ArrowDown>combobox:Sample choice[listbox×1|f=combobox:Sample choice|h=Never]@46.1 ; ArrowDown*>option:Never[listbox×1|f=option:Never|h=Never]@46.7
chromium-dark-desktop › orbit-sample select-down-down burst sample 13,orbit-sample,select,select-down-down,,burst,13,ArrowDown ArrowDown,Never | list open | listbox×1 | @option:7 days,1,1,ArrowDown>combobox:Sample choice[none|f=combobox:Sample choice|h=None]@25.3 ; ArrowDown>combobox:Sample choice[listbox×1|f=combobox:Sample choice|h=Never]@48.4 ; ArrowDown*>option:Never[listbox×1|f=option:Never|h=Never]@49.1
chromium-dark-desktop › orbit-sample select-down-down burst sample 14,orbit-sample,select,select-down-down,,burst,14,ArrowDown ArrowDown,Never | list open | listbox×1 | @option:7 days,1,1,ArrowDown>combobox:Sample choice[none|f=combobox:Sample choice|h=None]@24 ; ArrowDown>combobox:Sample choice[listbox×1|f=combobox:Sample choice|h=Never]@44.5 ; ArrowDown*>option:Never[listbox×1|f=option:Never|h=Never]@45.1
chromium-dark-desktop › orbit-sample select-down-down burst sample 15,orbit-sample,select,select-down-down,,burst,15,ArrowDown ArrowDown,Never | list open | listbox×1 | @option:7 days,1,1,ArrowDown>combobox:Sample choice[none|f=combobox:Sample choice|h=None]@25.1 ; ArrowDown>combobox:Sample choice[listbox×1|f=combobox:Sample choice|h=Never]@50.2 ; ArrowDown*>option:Never[listbox×1|f=option:Never|h=Never]@51.1
chromium-dark-desktop › orbit-sample select-down-down burst sample 16,orbit-sample,select,select-down-down,,burst,16,ArrowDown ArrowDown,Never | list open | listbox×1 | @option:7 days,1,1,ArrowDown>combobox:Sample choice[none|f=combobox:Sample choice|h=None]@32.2 ; ArrowDown>combobox:Sample choice[listbox×1|f=combobox:Sample choice|h=Never]@52.8 ; ArrowDown*>option:Never[listbox×1|f=option:Never|h=Never]@53.4
chromium-dark-desktop › orbit-sample select-down-down burst sample 17,orbit-sample,select,select-down-down,,burst,17,ArrowDown ArrowDown,Never | list open | listbox×1 | @option:7 days,1,1,ArrowDown>combobox:Sample choice[none|f=combobox:Sample choice|h=None]@22.4 ; ArrowDown>combobox:Sample choice[listbox×1|f=combobox:Sample choice|h=Never]@48.5 ; ArrowDown*>option:Never[listbox×1|f=option:Never|h=Never]@49.6
chromium-dark-desktop › orbit-sample select-down-down burst sample 18,orbit-sample,select,select-down-down,,burst,18,ArrowDown ArrowDown,Never | list open | listbox×1 | @option:7 days,1,1,ArrowDown>combobox:Sample choice[none|f=combobox:Sample choice|h=None]@24.2 ; ArrowDown>combobox:Sample choice[listbox×1|f=combobox:Sample choice|h=Never]@44.6 ; ArrowDown*>option:Never[listbox×1|f=option:Never|h=Never]@45.4
chromium-dark-desktop › orbit-sample select-down-down burst sample 19,orbit-sample,select,select-down-down,,burst,19,ArrowDown ArrowDown,Never | list open | listbox×1 | @option:7 days,1,1,ArrowDown>combobox:Sample choice[none|f=combobox:Sample choice|h=None]@38.1 ; ArrowDown>combobox:Sample choice[listbox×1|f=combobox:Sample choice|h=Never]@63.7 ; ArrowDown*>option:Never[listbox×1|f=option:Never|h=Never]@64.4
chromium-dark-desktop › orbit-sample select-down-down paced sample 0,orbit-sample,select,select-down-down,,paced,0,ArrowDown ArrowDown,Never | list open | listbox×1 | @option:7 days,0,0,ArrowDown>combobox:Sample choice[none|f=combobox:Sample choice|h=None]@37.3 ; ArrowDown>option:Never[listbox×1|f=option:Never|h=Never]@366
chromium-dark-desktop › orbit-sample select-down-down paced sample 1,orbit-sample,select,select-down-down,,paced,1,ArrowDown ArrowDown,Never | list open | listbox×1 | @option:7 days,0,0,ArrowDown>combobox:Sample choice[none|f=combobox:Sample choice|h=None]@27.1 ; ArrowDown>option:Never[listbox×1|f=option:Never|h=Never]@351.9
chromium-dark-desktop › orbit-sample select-down-down paced sample 2,orbit-sample,select,select-down-down,,paced,2,ArrowDown ArrowDown,Never | list open | listbox×1 | @option:7 days,0,0,ArrowDown>combobox:Sample choice[none|f=combobox:Sample choice|h=None]@22.7 ; ArrowDown>option:Never[listbox×1|f=option:Never|h=Never]@351
chromium-dark-desktop › orbit-sample select-down-down paced sample 3,orbit-sample,select,select-down-down,,paced,3,ArrowDown ArrowDown,Never | list open | listbox×1 | @option:7 days,0,0,ArrowDown>combobox:Sample choice[none|f=combobox:Sample choice|h=None]@29.7 ; ArrowDown>option:Never[listbox×1|f=option:Never|h=Never]@350.9
chromium-dark-desktop › orbit-sample select-down-down paced sample 4,orbit-sample,select,select-down-down,,paced,4,ArrowDown ArrowDown,Never | list open | listbox×1 | @option:7 days,0,0,ArrowDown>combobox:Sample choice[none|f=combobox:Sample choice|h=None]@23 ; ArrowDown>option:Never[listbox×1|f=option:Never|h=Never]@353.5
chromium-dark-desktop › orbit-sample select-down-down paced sample 5,orbit-sample,select,select-down-down,,paced,5,ArrowDown ArrowDown,Never | list open | listbox×1 | @option:7 days,0,0,ArrowDown>combobox:Sample choice[none|f=combobox:Sample choice|h=None]@37.2 ; ArrowDown>option:Never[listbox×1|f=option:Never|h=Never]@373.3
chromium-dark-desktop › orbit-sample select-down-down paced sample 6,orbit-sample,select,select-down-down,,paced,6,ArrowDown ArrowDown,Never | list open | listbox×1 | @option:7 days,0,0,ArrowDown>combobox:Sample choice[none|f=combobox:Sample choice|h=None]@27.6 ; ArrowDown>option:Never[listbox×1|f=option:Never|h=Never]@353.3
chromium-dark-desktop › orbit-sample select-down-down paced sample 7,orbit-sample,select,select-down-down,,paced,7,ArrowDown ArrowDown,Never | list open | listbox×1 | @option:7 days,0,0,ArrowDown>combobox:Sample choice[none|f=combobox:Sample choice|h=None]@56.9 ; ArrowDown>option:Never[listbox×1|f=option:Never|h=Never]@419.1
chromium-dark-desktop › orbit-sample select-down-down paced sample 8,orbit-sample,select,select-down-down,,paced,8,ArrowDown ArrowDown,Never | list open | listbox×1 | @option:7 days,0,0,ArrowDown>combobox:Sample choice[none|f=combobox:Sample choice|h=None]@35.5 ; ArrowDown>option:Never[listbox×1|f=option:Never|h=Never]@364.2
chromium-dark-desktop › orbit-sample select-down-down paced sample 9,orbit-sample,select,select-down-down,,paced,9,ArrowDown ArrowDown,Never | list open | listbox×1 | @option:7 days,0,0,ArrowDown>combobox:Sample choice[none|f=combobox:Sample choice|h=None]@24.6 ; ArrowDown>option:Never[listbox×1|f=option:Never|h=Never]@353.8
chromium-dark-desktop › orbit-sample select-down-down paced sample 10,orbit-sample,select,select-down-down,,paced,10,ArrowDown ArrowDown,Never | list open | listbox×1 | @option:7 days,0,0,ArrowDown>combobox:Sample choice[none|f=combobox:Sample choice|h=None]@28.5 ; ArrowDown>option:Never[listbox×1|f=option:Never|h=Never]@358.9
chromium-dark-desktop › orbit-sample select-down-down paced sample 11,orbit-sample,select,select-down-down,,paced,11,ArrowDown ArrowDown,Never | list open | listbox×1 | @option:7 days,0,0,ArrowDown>combobox:Sample choice[none|f=combobox:Sample choice|h=None]@33.5 ; ArrowDown>option:Never[listbox×1|f=option:Never|h=Never]@355.6
chromium-dark-desktop › orbit-sample select-down-down paced sample 12,orbit-sample,select,select-down-down,,paced,12,ArrowDown ArrowDown,Never | list open | listbox×1 | @option:7 days,0,0,ArrowDown>combobox:Sample choice[none|f=combobox:Sample choice|h=None]@36.5 ; ArrowDown>option:Never[listbox×1|f=option:Never|h=Never]@365.1
chromium-dark-desktop › orbit-sample select-down-down paced sample 13,orbit-sample,select,select-down-down,,paced,13,ArrowDown ArrowDown,Never | list open | listbox×1 | @option:7 days,0,0,ArrowDown>combobox:Sample choice[none|f=combobox:Sample choice|h=None]@23.5 ; ArrowDown>option:Never[listbox×1|f=option:Never|h=Never]@358.6
chromium-dark-desktop › orbit-sample select-down-down paced sample 14,orbit-sample,select,select-down-down,,paced,14,ArrowDown ArrowDown,Never | list open | listbox×1 | @option:7 days,0,0,ArrowDown>combobox:Sample choice[none|f=combobox:Sample choice|h=None]@24.3 ; ArrowDown>option:Never[listbox×1|f=option:Never|h=Never]@360.1
chromium-dark-desktop › orbit-sample select-down-down paced sample 15,orbit-sample,select,select-down-down,,paced,15,ArrowDown ArrowDown,Never | list open | listbox×1 | @option:7 days,0,0,ArrowDown>combobox:Sample choice[none|f=combobox:Sample choice|h=None]@35.8 ; ArrowDown>option:Never[listbox×1|f=option:Never|h=Never]@365.8
chromium-dark-desktop › orbit-sample select-down-down paced sample 16,orbit-sample,select,select-down-down,,paced,16,ArrowDown ArrowDown,Never | list open | listbox×1 | @option:7 days,0,0,ArrowDown>combobox:Sample choice[none|f=combobox:Sample choice|h=None]@38.6 ; ArrowDown>option:Never[listbox×1|f=option:Never|h=Never]@371.8
chromium-dark-desktop › orbit-sample select-down-down paced sample 17,orbit-sample,select,select-down-down,,paced,17,ArrowDown ArrowDown,Never | list open | listbox×1 | @option:7 days,0,0,ArrowDown>combobox:Sample choice[none|f=combobox:Sample choice|h=None]@42 ; ArrowDown>option:Never[listbox×1|f=option:Never|h=Never]@401.2
chromium-dark-desktop › orbit-sample select-down-down paced sample 18,orbit-sample,select,select-down-down,,paced,18,ArrowDown ArrowDown,Never | list open | listbox×1 | @option:7 days,0,0,ArrowDown>combobox:Sample choice[none|f=combobox:Sample choice|h=None]@33.5 ; ArrowDown>option:Never[listbox×1|f=option:Never|h=Never]@366.8
chromium-dark-desktop › orbit-sample select-down-down paced sample 19,orbit-sample,select,select-down-down,,paced,19,ArrowDown ArrowDown,Never | list open | listbox×1 | @option:7 days,0,0,ArrowDown>combobox:Sample choice[none|f=combobox:Sample choice|h=None]@25.3 ; ArrowDown>option:Never[listbox×1|f=option:Never|h=Never]@356.1
