test,target,kind,sequence,control,mode,run,keys,result,window,handoff,keylog
chromium-dark-desktop › orbit-field select-space-down-enter burst sample 0,orbit-field,select,select-space-down-enter,select-down-enter,burst,0,Space ArrowDown Enter,7 | list closed | none | @combobox:Expires,1,1,Space>combobox:Expires[none|f=combobox:Expires|h=None]@34.8 ; ArrowDown>combobox:Expires[listbox×1|f=combobox:Expires|h=Never]@56.8 ; ArrowDown*>option:Never[listbox×1|f=option:Never|h=Never]@57.5 ; Enter>option:7 days[listbox×1|f=option:7 days|h=7 days]@59.1
chromium-dark-desktop › orbit-field select-space-down-enter burst sample 1,orbit-field,select,select-space-down-enter,select-down-enter,burst,1,Space ArrowDown Enter,7 | list closed | none | @combobox:Expires,1,1,Space>combobox:Expires[none|f=combobox:Expires|h=None]@26.6 ; ArrowDown>combobox:Expires[listbox×1|f=combobox:Expires|h=Never]@42.5 ; ArrowDown*>option:Never[listbox×1|f=option:Never|h=Never]@43.1 ; Enter>option:7 days[listbox×1|f=option:7 days|h=7 days]@44.8
chromium-dark-desktop › orbit-field select-space-down-enter burst sample 2,orbit-field,select,select-space-down-enter,select-down-enter,burst,2,Space ArrowDown Enter,7 | list closed | none | @combobox:Expires,1,1,Space>combobox:Expires[none|f=combobox:Expires|h=None]@37.4 ; ArrowDown>combobox:Expires[listbox×1|f=combobox:Expires|h=Never]@58.7 ; ArrowDown*>option:Never[listbox×1|f=option:Never|h=Never]@59.6 ; Enter>option:7 days[listbox×1|f=option:7 days|h=7 days]@61.8
chromium-dark-desktop › orbit-field select-space-down-enter burst sample 3,orbit-field,select,select-space-down-enter,select-down-enter,burst,3,Space ArrowDown Enter,7 | list closed | none | @combobox:Expires,1,1,Space>combobox:Expires[none|f=combobox:Expires|h=None]@23 ; ArrowDown>combobox:Expires[listbox×1|f=combobox:Expires|h=Never]@37.4 ; ArrowDown*>option:Never[listbox×1|f=option:Never|h=Never]@37.9 ; Enter>option:7 days[listbox×1|f=option:7 days|h=7 days]@39.2
chromium-dark-desktop › orbit-field select-space-down-enter burst sample 4,orbit-field,select,select-space-down-enter,select-down-enter,burst,4,Space ArrowDown Enter,7 | list closed | none | @combobox:Expires,1,1,Space>combobox:Expires[none|f=combobox:Expires|h=None]@37.8 ; ArrowDown>combobox:Expires[listbox×1|f=combobox:Expires|h=Never]@57.6 ; ArrowDown*>option:Never[listbox×1|f=option:Never|h=Never]@58.3 ; Enter>option:7 days[listbox×1|f=option:7 days|h=7 days]@60.2
chromium-dark-desktop › orbit-field select-space-down-enter burst sample 5,orbit-field,select,select-space-down-enter,select-down-enter,burst,5,Space ArrowDown Enter,7 | list closed | none | @combobox:Expires,1,1,Space>combobox:Expires[none|f=combobox:Expires|h=None]@31.2 ; ArrowDown>combobox:Expires[listbox×1|f=combobox:Expires|h=Never]@49.8 ; ArrowDown*>option:Never[listbox×1|f=option:Never|h=Never]@50.4 ; Enter>option:7 days[listbox×1|f=option:7 days|h=7 days]@52
chromium-dark-desktop › orbit-field select-space-down-enter burst sample 6,orbit-field,select,select-space-down-enter,select-down-enter,burst,6,Space ArrowDown Enter,7 | list closed | none | @combobox:Expires,1,1,Space>combobox:Expires[none|f=combobox:Expires|h=None]@34 ; ArrowDown>combobox:Expires[listbox×1|f=combobox:Expires|h=Never]@47.7 ; ArrowDown*>option:Never[listbox×1|f=option:Never|h=Never]@48 ; Enter>option:7 days[listbox×1|f=option:7 days|h=7 days]@49.3
chromium-dark-desktop › orbit-field select-space-down-enter burst sample 7,orbit-field,select,select-space-down-enter,select-down-enter,burst,7,Space ArrowDown Enter,7 | list closed | none | @combobox:Expires,1,1,Space>combobox:Expires[none|f=combobox:Expires|h=None]@31.3 ; ArrowDown>combobox:Expires[listbox×1|f=combobox:Expires|h=Never]@45.3 ; ArrowDown*>option:Never[listbox×1|f=option:Never|h=Never]@45.7 ; Enter>option:7 days[listbox×1|f=option:7 days|h=7 days]@46.9
chromium-dark-desktop › orbit-field select-space-down-enter burst sample 8,orbit-field,select,select-space-down-enter,select-down-enter,burst,8,Space ArrowDown Enter,7 | list closed | none | @combobox:Expires,1,1,Space>combobox:Expires[none|f=combobox:Expires|h=None]@24 ; ArrowDown>combobox:Expires[listbox×1|f=combobox:Expires|h=Never]@38.1 ; ArrowDown*>option:Never[listbox×1|f=option:Never|h=Never]@38.6 ; Enter>option:7 days[listbox×1|f=option:7 days|h=7 days]@39.8
chromium-dark-desktop › orbit-field select-space-down-enter burst sample 9,orbit-field,select,select-space-down-enter,select-down-enter,burst,9,Space ArrowDown Enter,7 | list closed | none | @combobox:Expires,1,1,Space>combobox:Expires[none|f=combobox:Expires|h=None]@26.3 ; ArrowDown>combobox:Expires[listbox×1|f=combobox:Expires|h=Never]@40.5 ; ArrowDown*>option:Never[listbox×1|f=option:Never|h=Never]@40.9 ; Enter>option:7 days[listbox×1|f=option:7 days|h=7 days]@42.1
chromium-dark-desktop › orbit-field select-space-down-enter burst sample 10,orbit-field,select,select-space-down-enter,select-down-enter,burst,10,Space ArrowDown Enter,7 | list closed | none | @combobox:Expires,1,1,Space>combobox:Expires[none|f=combobox:Expires|h=None]@34.4 ; ArrowDown>combobox:Expires[listbox×1|f=combobox:Expires|h=Never]@48 ; ArrowDown*>option:Never[listbox×1|f=option:Never|h=Never]@48.5 ; Enter>option:7 days[listbox×1|f=option:7 days|h=7 days]@49.7
chromium-dark-desktop › orbit-field select-space-down-enter burst sample 11,orbit-field,select,select-space-down-enter,select-down-enter,burst,11,Space ArrowDown Enter,7 | list closed | none | @combobox:Expires,1,1,Space>combobox:Expires[none|f=combobox:Expires|h=None]@34.1 ; ArrowDown>combobox:Expires[listbox×1|f=combobox:Expires|h=Never]@48.1 ; ArrowDown*>option:Never[listbox×1|f=option:Never|h=Never]@48.6 ; Enter>option:7 days[listbox×1|f=option:7 days|h=7 days]@49.8
chromium-dark-desktop › orbit-field select-space-down-enter burst sample 12,orbit-field,select,select-space-down-enter,select-down-enter,burst,12,Space ArrowDown Enter,7 | list closed | none | @combobox:Expires,1,1,Space>combobox:Expires[none|f=combobox:Expires|h=None]@36 ; ArrowDown>combobox:Expires[listbox×1|f=combobox:Expires|h=Never]@49.8 ; ArrowDown*>option:Never[listbox×1|f=option:Never|h=Never]@50.3 ; Enter>option:7 days[listbox×1|f=option:7 days|h=7 days]@51.5
chromium-dark-desktop › orbit-field select-space-down-enter burst sample 13,orbit-field,select,select-space-down-enter,select-down-enter,burst,13,Space ArrowDown Enter,7 | list closed | none | @combobox:Expires,1,1,Space>combobox:Expires[none|f=combobox:Expires|h=None]@35.6 ; ArrowDown>combobox:Expires[listbox×1|f=combobox:Expires|h=Never]@49.7 ; ArrowDown*>option:Never[listbox×1|f=option:Never|h=Never]@50.2 ; Enter>option:7 days[listbox×1|f=option:7 days|h=7 days]@51.3
chromium-dark-desktop › orbit-field select-space-down-enter burst sample 14,orbit-field,select,select-space-down-enter,select-down-enter,burst,14,Space ArrowDown Enter,7 | list closed | none | @combobox:Expires,1,1,Space>combobox:Expires[none|f=combobox:Expires|h=None]@20.8 ; ArrowDown>combobox:Expires[listbox×1|f=combobox:Expires|h=Never]@34.7 ; ArrowDown*>option:Never[listbox×1|f=option:Never|h=Never]@35.2 ; Enter>option:7 days[listbox×1|f=option:7 days|h=7 days]@36.3
chromium-dark-desktop › orbit-field select-space-down-enter burst sample 15,orbit-field,select,select-space-down-enter,select-down-enter,burst,15,Space ArrowDown Enter,7 | list closed | none | @combobox:Expires,1,1,Space>combobox:Expires[none|f=combobox:Expires|h=None]@23.9 ; ArrowDown>combobox:Expires[listbox×1|f=combobox:Expires|h=Never]@38 ; ArrowDown*>option:Never[listbox×1|f=option:Never|h=Never]@38.5 ; Enter>option:7 days[listbox×1|f=option:7 days|h=7 days]@39.7
chromium-dark-desktop › orbit-field select-space-down-enter burst sample 16,orbit-field,select,select-space-down-enter,select-down-enter,burst,16,Space ArrowDown Enter,7 | list closed | none | @combobox:Expires,1,1,Space>combobox:Expires[none|f=combobox:Expires|h=None]@35.4 ; ArrowDown>combobox:Expires[listbox×1|f=combobox:Expires|h=Never]@49 ; ArrowDown*>option:Never[listbox×1|f=option:Never|h=Never]@49.5 ; Enter>option:7 days[listbox×1|f=option:7 days|h=7 days]@50.6
chromium-dark-desktop › orbit-field select-space-down-enter burst sample 17,orbit-field,select,select-space-down-enter,select-down-enter,burst,17,Space ArrowDown Enter,7 | list closed | none | @combobox:Expires,1,1,Space>combobox:Expires[none|f=combobox:Expires|h=None]@25.9 ; ArrowDown>combobox:Expires[listbox×1|f=combobox:Expires|h=Never]@41.5 ; ArrowDown*>option:Never[listbox×1|f=option:Never|h=Never]@42.1 ; Enter>option:7 days[listbox×1|f=option:7 days|h=7 days]@43.5
chromium-dark-desktop › orbit-field select-space-down-enter burst sample 18,orbit-field,select,select-space-down-enter,select-down-enter,burst,18,Space ArrowDown Enter,7 | list closed | none | @combobox:Expires,1,1,Space>combobox:Expires[none|f=combobox:Expires|h=None]@22.2 ; ArrowDown>combobox:Expires[listbox×1|f=combobox:Expires|h=Never]@35.7 ; ArrowDown*>option:Never[listbox×1|f=option:Never|h=Never]@36.2 ; Enter>option:7 days[listbox×1|f=option:7 days|h=7 days]@37.3
chromium-dark-desktop › orbit-field select-space-down-enter burst sample 19,orbit-field,select,select-space-down-enter,select-down-enter,burst,19,Space ArrowDown Enter,7 | list closed | none | @combobox:Expires,1,1,Space>combobox:Expires[none|f=combobox:Expires|h=None]@21 ; ArrowDown>combobox:Expires[listbox×1|f=combobox:Expires|h=Never]@34.9 ; ArrowDown*>option:Never[listbox×1|f=option:Never|h=Never]@35.4 ; Enter>option:7 days[listbox×1|f=option:7 days|h=7 days]@36.6
chromium-dark-desktop › orbit-field select-space-down-enter paced sample 0,orbit-field,select,select-space-down-enter,select-down-enter,paced,0,Space ArrowDown Enter,7 | list closed | none | @combobox:Expires,0,0,Space>combobox:Expires[none|f=combobox:Expires|h=None]@35.2 ; ArrowDown>option:Never[listbox×1|f=option:Never|h=Never]@356.2 ; Enter>option:7 days[listbox×1|f=option:7 days|h=7 days]@664.6
chromium-dark-desktop › orbit-field select-space-down-enter paced sample 1,orbit-field,select,select-space-down-enter,select-down-enter,paced,1,Space ArrowDown Enter,7 | list closed | none | @combobox:Expires,0,0,Space>combobox:Expires[none|f=combobox:Expires|h=None]@32.1 ; ArrowDown>option:Never[listbox×1|f=option:Never|h=Never]@352.9 ; Enter>option:7 days[listbox×1|f=option:7 days|h=7 days]@659.4
chromium-dark-desktop › orbit-field select-space-down-enter paced sample 2,orbit-field,select,select-space-down-enter,select-down-enter,paced,2,Space ArrowDown Enter,7 | list closed | none | @combobox:Expires,0,0,Space>combobox:Expires[none|f=combobox:Expires|h=None]@35.5 ; ArrowDown>option:Never[listbox×1|f=option:Never|h=Never]@359.9 ; Enter>option:7 days[listbox×1|f=option:7 days|h=7 days]@667.4
chromium-dark-desktop › orbit-field select-space-down-enter paced sample 3,orbit-field,select,select-space-down-enter,select-down-enter,paced,3,Space ArrowDown Enter,7 | list closed | none | @combobox:Expires,0,0,Space>combobox:Expires[none|f=combobox:Expires|h=None]@28.9 ; ArrowDown>option:Never[listbox×1|f=option:Never|h=Never]@349.1 ; Enter>option:7 days[listbox×1|f=option:7 days|h=7 days]@656.5
chromium-dark-desktop › orbit-field select-space-down-enter paced sample 4,orbit-field,select,select-space-down-enter,select-down-enter,paced,4,Space ArrowDown Enter,7 | list closed | none | @combobox:Expires,0,0,Space>combobox:Expires[none|f=combobox:Expires|h=None]@35.1 ; ArrowDown>option:Never[listbox×1|f=option:Never|h=Never]@355.6 ; Enter>option:7 days[listbox×1|f=option:7 days|h=7 days]@662.5
chromium-dark-desktop › orbit-field select-space-down-enter paced sample 5,orbit-field,select,select-space-down-enter,select-down-enter,paced,5,Space ArrowDown Enter,7 | list closed | none | @combobox:Expires,0,0,Space>combobox:Expires[none|f=combobox:Expires|h=None]@35.5 ; ArrowDown>option:Never[listbox×1|f=option:Never|h=Never]@377.1 ; Enter>option:7 days[listbox×1|f=option:7 days|h=7 days]@691.3
chromium-dark-desktop › orbit-field select-space-down-enter paced sample 6,orbit-field,select,select-space-down-enter,select-down-enter,paced,6,Space ArrowDown Enter,7 | list closed | none | @combobox:Expires,0,0,Space>combobox:Expires[none|f=combobox:Expires|h=None]@32.9 ; ArrowDown>option:Never[listbox×1|f=option:Never|h=Never]@361.9 ; Enter>option:7 days[listbox×1|f=option:7 days|h=7 days]@669.4
chromium-dark-desktop › orbit-field select-space-down-enter paced sample 7,orbit-field,select,select-space-down-enter,select-down-enter,paced,7,Space ArrowDown Enter,7 | list closed | none | @combobox:Expires,0,0,Space>combobox:Expires[none|f=combobox:Expires|h=None]@24.5 ; ArrowDown>option:Never[listbox×1|f=option:Never|h=Never]@362 ; Enter>option:7 days[listbox×1|f=option:7 days|h=7 days]@669.7
chromium-dark-desktop › orbit-field select-space-down-enter paced sample 8,orbit-field,select,select-space-down-enter,select-down-enter,paced,8,Space ArrowDown Enter,7 | list closed | none | @combobox:Expires,0,0,Space>combobox:Expires[none|f=combobox:Expires|h=None]@24.3 ; ArrowDown>option:Never[listbox×1|f=option:Never|h=Never]@341.6 ; Enter>option:7 days[listbox×1|f=option:7 days|h=7 days]@649.5
chromium-dark-desktop › orbit-field select-space-down-enter paced sample 9,orbit-field,select,select-space-down-enter,select-down-enter,paced,9,Space ArrowDown Enter,7 | list closed | none | @combobox:Expires,0,0,Space>combobox:Expires[none|f=combobox:Expires|h=None]@30.5 ; ArrowDown>option:Never[listbox×1|f=option:Never|h=Never]@351.3 ; Enter>option:7 days[listbox×1|f=option:7 days|h=7 days]@657.1
chromium-dark-desktop › orbit-field select-space-down-enter paced sample 10,orbit-field,select,select-space-down-enter,select-down-enter,paced,10,Space ArrowDown Enter,7 | list closed | none | @combobox:Expires,0,0,Space>combobox:Expires[none|f=combobox:Expires|h=None]@26.6 ; ArrowDown>option:Never[listbox×1|f=option:Never|h=Never]@351.8 ; Enter>option:7 days[listbox×1|f=option:7 days|h=7 days]@660.2
chromium-dark-desktop › orbit-field select-space-down-enter paced sample 11,orbit-field,select,select-space-down-enter,select-down-enter,paced,11,Space ArrowDown Enter,7 | list closed | none | @combobox:Expires,0,0,Space>combobox:Expires[none|f=combobox:Expires|h=None]@26.7 ; ArrowDown>option:Never[listbox×1|f=option:Never|h=Never]@344.8 ; Enter>option:7 days[listbox×1|f=option:7 days|h=7 days]@652
chromium-dark-desktop › orbit-field select-space-down-enter paced sample 12,orbit-field,select,select-space-down-enter,select-down-enter,paced,12,Space ArrowDown Enter,7 | list closed | none | @combobox:Expires,0,0,Space>combobox:Expires[none|f=combobox:Expires|h=None]@33.8 ; ArrowDown>option:Never[listbox×1|f=option:Never|h=Never]@355.1 ; Enter>option:7 days[listbox×1|f=option:7 days|h=7 days]@665
chromium-dark-desktop › orbit-field select-space-down-enter paced sample 13,orbit-field,select,select-space-down-enter,select-down-enter,paced,13,Space ArrowDown Enter,7 | list closed | none | @combobox:Expires,0,0,Space>combobox:Expires[none|f=combobox:Expires|h=None]@21.1 ; ArrowDown>option:Never[listbox×1|f=option:Never|h=Never]@349.1 ; Enter>option:7 days[listbox×1|f=option:7 days|h=7 days]@659.3
chromium-dark-desktop › orbit-field select-space-down-enter paced sample 14,orbit-field,select,select-space-down-enter,select-down-enter,paced,14,Space ArrowDown Enter,7 | list closed | none | @combobox:Expires,0,0,Space>combobox:Expires[none|f=combobox:Expires|h=None]@30.4 ; ArrowDown>option:Never[listbox×1|f=option:Never|h=Never]@356.8 ; Enter>option:7 days[listbox×1|f=option:7 days|h=7 days]@665.5
chromium-dark-desktop › orbit-field select-space-down-enter paced sample 15,orbit-field,select,select-space-down-enter,select-down-enter,paced,15,Space ArrowDown Enter,7 | list closed | none | @combobox:Expires,0,0,Space>combobox:Expires[none|f=combobox:Expires|h=None]@33.9 ; ArrowDown>option:Never[listbox×1|f=option:Never|h=Never]@367.2 ; Enter>option:7 days[listbox×1|f=option:7 days|h=7 days]@683
chromium-dark-desktop › orbit-field select-space-down-enter paced sample 16,orbit-field,select,select-space-down-enter,select-down-enter,paced,16,Space ArrowDown Enter,7 | list closed | none | @combobox:Expires,0,0,Space>combobox:Expires[none|f=combobox:Expires|h=None]@25.8 ; ArrowDown>option:Never[listbox×1|f=option:Never|h=Never]@353.3 ; Enter>option:7 days[listbox×1|f=option:7 days|h=7 days]@663.4
chromium-dark-desktop › orbit-field select-space-down-enter paced sample 17,orbit-field,select,select-space-down-enter,select-down-enter,paced,17,Space ArrowDown Enter,7 | list closed | none | @combobox:Expires,0,0,Space>combobox:Expires[none|f=combobox:Expires|h=None]@23 ; ArrowDown>option:Never[listbox×1|f=option:Never|h=Never]@344.6 ; Enter>option:7 days[listbox×1|f=option:7 days|h=7 days]@654.7
chromium-dark-desktop › orbit-field select-space-down-enter paced sample 18,orbit-field,select,select-space-down-enter,select-down-enter,paced,18,Space ArrowDown Enter,7 | list closed | none | @combobox:Expires,0,0,Space>combobox:Expires[none|f=combobox:Expires|h=None]@22.3 ; ArrowDown>option:Never[listbox×1|f=option:Never|h=Never]@358.8 ; Enter>option:7 days[listbox×1|f=option:7 days|h=7 days]@669.3
chromium-dark-desktop › orbit-field select-space-down-enter paced sample 19,orbit-field,select,select-space-down-enter,select-down-enter,paced,19,Space ArrowDown Enter,7 | list closed | none | @combobox:Expires,0,0,Space>combobox:Expires[none|f=combobox:Expires|h=None]@36.4 ; ArrowDown>option:Never[listbox×1|f=option:Never|h=Never]@358.2 ; Enter>option:7 days[listbox×1|f=option:7 days|h=7 days]@671.9
chromium-dark-desktop › orbit-sample select-space-down-enter burst sample 0,orbit-sample,select,select-space-down-enter,select-down-enter,burst,0,Space ArrowDown Enter,7 days | list closed | none | @combobox:Sample choice,1,1,Space>combobox:Sample choice[none|f=combobox:Sample choice|h=None]@32.8 ; ArrowDown>combobox:Sample choice[listbox×1|f=combobox:Sample choice|h=Never]@46.5 ; ArrowDown*>option:Never[listbox×1|f=option:Never|h=Never]@47 ; Enter>option:7 days[listbox×1|f=option:7 days|h=7 days]@48.2
chromium-dark-desktop › orbit-sample select-space-down-enter burst sample 1,orbit-sample,select,select-space-down-enter,select-down-enter,burst,1,Space ArrowDown Enter,7 days | list closed | none | @combobox:Sample choice,1,1,Space>combobox:Sample choice[none|f=combobox:Sample choice|h=None]@31.9 ; ArrowDown>combobox:Sample choice[listbox×1|f=combobox:Sample choice|h=Never]@45.7 ; ArrowDown*>option:Never[listbox×1|f=option:Never|h=Never]@46.2 ; Enter>option:7 days[listbox×1|f=option:7 days|h=7 days]@47.3
chromium-dark-desktop › orbit-sample select-space-down-enter burst sample 2,orbit-sample,select,select-space-down-enter,select-down-enter,burst,2,Space ArrowDown Enter,7 days | list closed | none | @combobox:Sample choice,1,1,Space>combobox:Sample choice[none|f=combobox:Sample choice|h=None]@34.1 ; ArrowDown>combobox:Sample choice[listbox×1|f=combobox:Sample choice|h=Never]@47.7 ; ArrowDown*>option:Never[listbox×1|f=option:Never|h=Never]@48 ; Enter>option:7 days[listbox×1|f=option:7 days|h=7 days]@49.2
chromium-dark-desktop › orbit-sample select-space-down-enter burst sample 3,orbit-sample,select,select-space-down-enter,select-down-enter,burst,3,Space ArrowDown Enter,7 days | list closed | none | @combobox:Sample choice,1,1,Space>combobox:Sample choice[none|f=combobox:Sample choice|h=None]@20.8 ; ArrowDown>combobox:Sample choice[listbox×1|f=combobox:Sample choice|h=Never]@40.7 ; ArrowDown*>option:Never[listbox×1|f=option:Never|h=Never]@41.5 ; Enter>option:7 days[listbox×1|f=option:7 days|h=7 days]@43.4
chromium-dark-desktop › orbit-sample select-space-down-enter burst sample 4,orbit-sample,select,select-space-down-enter,select-down-enter,burst,4,Space ArrowDown Enter,7 days | list closed | none | @combobox:Sample choice,1,1,Space>combobox:Sample choice[none|f=combobox:Sample choice|h=None]@34.1 ; ArrowDown>combobox:Sample choice[listbox×1|f=combobox:Sample choice|h=Never]@52.5 ; ArrowDown*>option:Never[listbox×1|f=option:Never|h=Never]@53.3 ; Enter>option:7 days[listbox×1|f=option:7 days|h=7 days]@54.9
chromium-dark-desktop › orbit-sample select-space-down-enter burst sample 5,orbit-sample,select,select-space-down-enter,select-down-enter,burst,5,Space ArrowDown Enter,7 days | list closed | none | @combobox:Sample choice,1,1,Space>combobox:Sample choice[none|f=combobox:Sample choice|h=None]@21.6 ; ArrowDown>combobox:Sample choice[listbox×1|f=combobox:Sample choice|h=Never]@38.8 ; ArrowDown*>option:Never[listbox×1|f=option:Never|h=Never]@39.4 ; Enter>option:7 days[listbox×1|f=option:7 days|h=7 days]@41
chromium-dark-desktop › orbit-sample select-space-down-enter burst sample 6,orbit-sample,select,select-space-down-enter,select-down-enter,burst,6,Space ArrowDown Enter,7 days | list closed | none | @combobox:Sample choice,1,1,Space>combobox:Sample choice[none|f=combobox:Sample choice|h=None]@29.8 ; ArrowDown>combobox:Sample choice[listbox×1|f=combobox:Sample choice|h=Never]@51 ; ArrowDown*>option:Never[listbox×1|f=option:Never|h=Never]@51.7 ; Enter>option:7 days[listbox×1|f=option:7 days|h=7 days]@53.5
chromium-dark-desktop › orbit-sample select-space-down-enter burst sample 7,orbit-sample,select,select-space-down-enter,select-down-enter,burst,7,Space ArrowDown Enter,7 days | list closed | none | @combobox:Sample choice,1,1,Space>combobox:Sample choice[none|f=combobox:Sample choice|h=None]@21.3 ; ArrowDown>combobox:Sample choice[listbox×1|f=combobox:Sample choice|h=Never]@41 ; ArrowDown*>option:Never[listbox×1|f=option:Never|h=Never]@41.6 ; Enter>option:7 days[listbox×1|f=option:7 days|h=7 days]@42.8
chromium-dark-desktop › orbit-sample select-space-down-enter burst sample 8,orbit-sample,select,select-space-down-enter,select-down-enter,burst,8,Space ArrowDown Enter,7 days | list closed | none | @combobox:Sample choice,1,1,Space>combobox:Sample choice[none|f=combobox:Sample choice|h=None]@25.8 ; ArrowDown>combobox:Sample choice[listbox×1|f=combobox:Sample choice|h=Never]@39.7 ; ArrowDown*>option:Never[listbox×1|f=option:Never|h=Never]@40 ; Enter>option:7 days[listbox×1|f=option:7 days|h=7 days]@41.1
chromium-dark-desktop › orbit-sample select-space-down-enter burst sample 9,orbit-sample,select,select-space-down-enter,select-down-enter,burst,9,Space ArrowDown Enter,7 days | list closed | none | @combobox:Sample choice,1,1,Space>combobox:Sample choice[none|f=combobox:Sample choice|h=None]@31.3 ; ArrowDown>combobox:Sample choice[listbox×1|f=combobox:Sample choice|h=Never]@51.1 ; ArrowDown*>option:Never[listbox×1|f=option:Never|h=Never]@51.8 ; Enter>option:7 days[listbox×1|f=option:7 days|h=7 days]@53.6
chromium-dark-desktop › orbit-sample select-space-down-enter burst sample 10,orbit-sample,select,select-space-down-enter,select-down-enter,burst,10,Space ArrowDown Enter,7 days | list closed | none | @combobox:Sample choice,1,1,Space>combobox:Sample choice[none|f=combobox:Sample choice|h=None]@31.7 ; ArrowDown>combobox:Sample choice[listbox×1|f=combobox:Sample choice|h=Never]@52.5 ; ArrowDown*>option:Never[listbox×1|f=option:Never|h=Never]@53.3 ; Enter>option:7 days[listbox×1|f=option:7 days|h=7 days]@55.1
chromium-dark-desktop › orbit-sample select-space-down-enter burst sample 11,orbit-sample,select,select-space-down-enter,select-down-enter,burst,11,Space ArrowDown Enter,7 days | list closed | none | @combobox:Sample choice,1,1,Space>combobox:Sample choice[none|f=combobox:Sample choice|h=None]@24.2 ; ArrowDown>combobox:Sample choice[listbox×1|f=combobox:Sample choice|h=Never]@37.4 ; ArrowDown*>option:Never[listbox×1|f=option:Never|h=Never]@37.8 ; Enter>option:7 days[listbox×1|f=option:7 days|h=7 days]@39
chromium-dark-desktop › orbit-sample select-space-down-enter burst sample 12,orbit-sample,select,select-space-down-enter,select-down-enter,burst,12,Space ArrowDown Enter,7 days | list closed | none | @combobox:Sample choice,1,1,Space>combobox:Sample choice[none|f=combobox:Sample choice|h=None]@23.2 ; ArrowDown>combobox:Sample choice[listbox×1|f=combobox:Sample choice|h=Never]@37.7 ; ArrowDown*>option:Never[listbox×1|f=option:Never|h=Never]@38.2 ; Enter>option:7 days[listbox×1|f=option:7 days|h=7 days]@39.5
chromium-dark-desktop › orbit-sample select-space-down-enter burst sample 13,orbit-sample,select,select-space-down-enter,select-down-enter,burst,13,Space ArrowDown Enter,7 days | list closed | none | @combobox:Sample choice,1,1,Space>combobox:Sample choice[none|f=combobox:Sample choice|h=None]@33.7 ; ArrowDown>combobox:Sample choice[listbox×1|f=combobox:Sample choice|h=Never]@47.3 ; ArrowDown*>option:Never[listbox×1|f=option:Never|h=Never]@47.6 ; Enter>option:7 days[listbox×1|f=option:7 days|h=7 days]@48.8
chromium-dark-desktop › orbit-sample select-space-down-enter burst sample 14,orbit-sample,select,select-space-down-enter,select-down-enter,burst,14,Space ArrowDown Enter,7 days | list closed | none | @combobox:Sample choice,1,1,Space>combobox:Sample choice[none|f=combobox:Sample choice|h=None]@21 ; ArrowDown>combobox:Sample choice[listbox×1|f=combobox:Sample choice|h=Never]@35.5 ; ArrowDown*>option:Never[listbox×1|f=option:Never|h=Never]@35.9 ; Enter>option:7 days[listbox×1|f=option:7 days|h=7 days]@37
chromium-dark-desktop › orbit-sample select-space-down-enter burst sample 15,orbit-sample,select,select-space-down-enter,select-down-enter,burst,15,Space ArrowDown Enter,7 days | list closed | none | @combobox:Sample choice,1,1,Space>combobox:Sample choice[none|f=combobox:Sample choice|h=None]@35.5 ; ArrowDown>combobox:Sample choice[listbox×1|f=combobox:Sample choice|h=Never]@49.5 ; ArrowDown*>option:Never[listbox×1|f=option:Never|h=Never]@49.9 ; Enter>option:7 days[listbox×1|f=option:7 days|h=7 days]@51
chromium-dark-desktop › orbit-sample select-space-down-enter burst sample 16,orbit-sample,select,select-space-down-enter,select-down-enter,burst,16,Space ArrowDown Enter,7 days | list closed | none | @combobox:Sample choice,1,1,Space>combobox:Sample choice[none|f=combobox:Sample choice|h=None]@21.3 ; ArrowDown>combobox:Sample choice[listbox×1|f=combobox:Sample choice|h=Never]@35.3 ; ArrowDown*>option:Never[listbox×1|f=option:Never|h=Never]@35.8 ; Enter>option:7 days[listbox×1|f=option:7 days|h=7 days]@36.9
chromium-dark-desktop › orbit-sample select-space-down-enter burst sample 17,orbit-sample,select,select-space-down-enter,select-down-enter,burst,17,Space ArrowDown Enter,7 days | list closed | none | @combobox:Sample choice,1,1,Space>combobox:Sample choice[none|f=combobox:Sample choice|h=None]@36.5 ; ArrowDown>combobox:Sample choice[listbox×1|f=combobox:Sample choice|h=Never]@56 ; ArrowDown*>option:Never[listbox×1|f=option:Never|h=Never]@56.7 ; Enter>option:7 days[listbox×1|f=option:7 days|h=7 days]@58.7
chromium-dark-desktop › orbit-sample select-space-down-enter burst sample 18,orbit-sample,select,select-space-down-enter,select-down-enter,burst,18,Space ArrowDown Enter,7 days | list closed | none | @combobox:Sample choice,1,1,Space>combobox:Sample choice[none|f=combobox:Sample choice|h=None]@22.2 ; ArrowDown>combobox:Sample choice[listbox×1|f=combobox:Sample choice|h=Never]@36.2 ; ArrowDown*>option:Never[listbox×1|f=option:Never|h=Never]@36.6 ; Enter>option:7 days[listbox×1|f=option:7 days|h=7 days]@37.8
chromium-dark-desktop › orbit-sample select-space-down-enter burst sample 19,orbit-sample,select,select-space-down-enter,select-down-enter,burst,19,Space ArrowDown Enter,7 days | list closed | none | @combobox:Sample choice,1,1,Space>combobox:Sample choice[none|f=combobox:Sample choice|h=None]@31.5 ; ArrowDown>combobox:Sample choice[listbox×1|f=combobox:Sample choice|h=Never]@45 ; ArrowDown*>option:Never[listbox×1|f=option:Never|h=Never]@45.5 ; Enter>option:7 days[listbox×1|f=option:7 days|h=7 days]@46.6
chromium-dark-desktop › orbit-sample select-space-down-enter paced sample 0,orbit-sample,select,select-space-down-enter,select-down-enter,paced,0,Space ArrowDown Enter,7 days | list closed | none | @combobox:Sample choice,0,0,Space>combobox:Sample choice[none|f=combobox:Sample choice|h=None]@25.6 ; ArrowDown>option:Never[listbox×1|f=option:Never|h=Never]@343.2 ; Enter>option:7 days[listbox×1|f=option:7 days|h=7 days]@653.7
chromium-dark-desktop › orbit-sample select-space-down-enter paced sample 1,orbit-sample,select,select-space-down-enter,select-down-enter,paced,1,Space ArrowDown Enter,7 days | list closed | none | @combobox:Sample choice,0,0,Space>combobox:Sample choice[none|f=combobox:Sample choice|h=None]@15.1 ; ArrowDown>option:Never[listbox×1|f=option:Never|h=Never]@334.9 ; Enter>option:7 days[listbox×1|f=option:7 days|h=7 days]@645.3
chromium-dark-desktop › orbit-sample select-space-down-enter paced sample 2,orbit-sample,select,select-space-down-enter,select-down-enter,paced,2,Space ArrowDown Enter,7 days | list closed | none | @combobox:Sample choice,0,0,Space>combobox:Sample choice[none|f=combobox:Sample choice|h=None]@23.7 ; ArrowDown>option:Never[listbox×1|f=option:Never|h=Never]@342 ; Enter>option:7 days[listbox×1|f=option:7 days|h=7 days]@656.6
chromium-dark-desktop › orbit-sample select-space-down-enter paced sample 3,orbit-sample,select,select-space-down-enter,select-down-enter,paced,3,Space ArrowDown Enter,7 days | list closed | none | @combobox:Sample choice,0,0,Space>combobox:Sample choice[none|f=combobox:Sample choice|h=None]@25.4 ; ArrowDown>option:Never[listbox×1|f=option:Never|h=Never]@346.9 ; Enter>option:7 days[listbox×1|f=option:7 days|h=7 days]@654.9
chromium-dark-desktop › orbit-sample select-space-down-enter paced sample 4,orbit-sample,select,select-space-down-enter,select-down-enter,paced,4,Space ArrowDown Enter,7 days | list closed | none | @combobox:Sample choice,0,0,Space>combobox:Sample choice[none|f=combobox:Sample choice|h=None]@21.5 ; ArrowDown>option:Never[listbox×1|f=option:Never|h=Never]@352.5 ; Enter>option:7 days[listbox×1|f=option:7 days|h=7 days]@660
chromium-dark-desktop › orbit-sample select-space-down-enter paced sample 5,orbit-sample,select,select-space-down-enter,select-down-enter,paced,5,Space ArrowDown Enter,7 days | list closed | none | @combobox:Sample choice,0,0,Space>combobox:Sample choice[none|f=combobox:Sample choice|h=None]@22.7 ; ArrowDown>option:Never[listbox×1|f=option:Never|h=Never]@342.6 ; Enter>option:7 days[listbox×1|f=option:7 days|h=7 days]@649.8
chromium-dark-desktop › orbit-sample select-space-down-enter paced sample 6,orbit-sample,select,select-space-down-enter,select-down-enter,paced,6,Space ArrowDown Enter,7 days | list closed | none | @combobox:Sample choice,0,0,Space>combobox:Sample choice[none|f=combobox:Sample choice|h=None]@35.6 ; ArrowDown>option:Never[listbox×1|f=option:Never|h=Never]@356 ; Enter>option:7 days[listbox×1|f=option:7 days|h=7 days]@663.2
chromium-dark-desktop › orbit-sample select-space-down-enter paced sample 7,orbit-sample,select,select-space-down-enter,select-down-enter,paced,7,Space ArrowDown Enter,7 days | list closed | none | @combobox:Sample choice,0,0,Space>combobox:Sample choice[none|f=combobox:Sample choice|h=None]@28.7 ; ArrowDown>option:Never[listbox×1|f=option:Never|h=Never]@352.6 ; Enter>option:7 days[listbox×1|f=option:7 days|h=7 days]@668.8
chromium-dark-desktop › orbit-sample select-space-down-enter paced sample 8,orbit-sample,select,select-space-down-enter,select-down-enter,paced,8,Space ArrowDown Enter,7 days | list closed | none | @combobox:Sample choice,0,0,Space>combobox:Sample choice[none|f=combobox:Sample choice|h=None]@18.6 ; ArrowDown>option:Never[listbox×1|f=option:Never|h=Never]@336.5 ; Enter>option:7 days[listbox×1|f=option:7 days|h=7 days]@655.5
chromium-dark-desktop › orbit-sample select-space-down-enter paced sample 9,orbit-sample,select,select-space-down-enter,select-down-enter,paced,9,Space ArrowDown Enter,7 days | list closed | none | @combobox:Sample choice,0,0,Space>combobox:Sample choice[none|f=combobox:Sample choice|h=None]@33.8 ; ArrowDown>option:Never[listbox×1|f=option:Never|h=Never]@359 ; Enter>option:7 days[listbox×1|f=option:7 days|h=7 days]@666.5
chromium-dark-desktop › orbit-sample select-space-down-enter paced sample 10,orbit-sample,select,select-space-down-enter,select-down-enter,paced,10,Space ArrowDown Enter,7 days | list closed | none | @combobox:Sample choice,0,0,Space>combobox:Sample choice[none|f=combobox:Sample choice|h=None]@25.8 ; ArrowDown>option:Never[listbox×1|f=option:Never|h=Never]@352.6 ; Enter>option:7 days[listbox×1|f=option:7 days|h=7 days]@661.2
chromium-dark-desktop › orbit-sample select-space-down-enter paced sample 11,orbit-sample,select,select-space-down-enter,select-down-enter,paced,11,Space ArrowDown Enter,7 days | list closed | none | @combobox:Sample choice,0,0,Space>combobox:Sample choice[none|f=combobox:Sample choice|h=None]@22.4 ; ArrowDown>option:Never[listbox×1|f=option:Never|h=Never]@344.2 ; Enter>option:7 days[listbox×1|f=option:7 days|h=7 days]@650.8
chromium-dark-desktop › orbit-sample select-space-down-enter paced sample 12,orbit-sample,select,select-space-down-enter,select-down-enter,paced,12,Space ArrowDown Enter,7 days | list closed | none | @combobox:Sample choice,0,0,Space>combobox:Sample choice[none|f=combobox:Sample choice|h=None]@27.3 ; ArrowDown>option:Never[listbox×1|f=option:Never|h=Never]@354.7 ; Enter>option:7 days[listbox×1|f=option:7 days|h=7 days]@665
chromium-dark-desktop › orbit-sample select-space-down-enter paced sample 13,orbit-sample,select,select-space-down-enter,select-down-enter,paced,13,Space ArrowDown Enter,7 days | list closed | none | @combobox:Sample choice,0,0,Space>combobox:Sample choice[none|f=combobox:Sample choice|h=None]@22.3 ; ArrowDown>option:Never[listbox×1|f=option:Never|h=Never]@343.3 ; Enter>option:7 days[listbox×1|f=option:7 days|h=7 days]@650.4
chromium-dark-desktop › orbit-sample select-space-down-enter paced sample 14,orbit-sample,select,select-space-down-enter,select-down-enter,paced,14,Space ArrowDown Enter,7 days | list closed | none | @combobox:Sample choice,0,0,Space>combobox:Sample choice[none|f=combobox:Sample choice|h=None]@22.9 ; ArrowDown>option:Never[listbox×1|f=option:Never|h=Never]@342.3 ; Enter>option:7 days[listbox×1|f=option:7 days|h=7 days]@648.5
chromium-dark-desktop › orbit-sample select-space-down-enter paced sample 15,orbit-sample,select,select-space-down-enter,select-down-enter,paced,15,Space ArrowDown Enter,7 days | list closed | none | @combobox:Sample choice,0,0,Space>combobox:Sample choice[none|f=combobox:Sample choice|h=None]@35.2 ; ArrowDown>option:Never[listbox×1|f=option:Never|h=Never]@352.5 ; Enter>option:7 days[listbox×1|f=option:7 days|h=7 days]@666.8
chromium-dark-desktop › orbit-sample select-space-down-enter paced sample 16,orbit-sample,select,select-space-down-enter,select-down-enter,paced,16,Space ArrowDown Enter,7 days | list closed | none | @combobox:Sample choice,0,0,Space>combobox:Sample choice[none|f=combobox:Sample choice|h=None]@20.3 ; ArrowDown>option:Never[listbox×1|f=option:Never|h=Never]@340.4 ; Enter>option:7 days[listbox×1|f=option:7 days|h=7 days]@646.3
chromium-dark-desktop › orbit-sample select-space-down-enter paced sample 17,orbit-sample,select,select-space-down-enter,select-down-enter,paced,17,Space ArrowDown Enter,7 days | list closed | none | @combobox:Sample choice,0,0,Space>combobox:Sample choice[none|f=combobox:Sample choice|h=None]@31.8 ; ArrowDown>option:Never[listbox×1|f=option:Never|h=Never]@351.8 ; Enter>option:7 days[listbox×1|f=option:7 days|h=7 days]@661.1
chromium-dark-desktop › orbit-sample select-space-down-enter paced sample 18,orbit-sample,select,select-space-down-enter,select-down-enter,paced,18,Space ArrowDown Enter,7 days | list closed | none | @combobox:Sample choice,0,0,Space>combobox:Sample choice[none|f=combobox:Sample choice|h=None]@25.9 ; ArrowDown>option:Never[listbox×1|f=option:Never|h=Never]@351.8 ; Enter>option:7 days[listbox×1|f=option:7 days|h=7 days]@663.6
chromium-dark-desktop › orbit-sample select-space-down-enter paced sample 19,orbit-sample,select,select-space-down-enter,select-down-enter,paced,19,Space ArrowDown Enter,7 days | list closed | none | @combobox:Sample choice,0,0,Space>combobox:Sample choice[none|f=combobox:Sample choice|h=None]@25.2 ; ArrowDown>option:Never[listbox×1|f=option:Never|h=Never]@362.3 ; Enter>option:7 days[listbox×1|f=option:7 days|h=7 days]@670
chromium-dark-desktop › antd-sample select-space-down-enter burst sample 0,antd-sample,select,select-space-down-enter,select-down-enter,burst,0,Space ArrowDown Enter,7 days | list closed | none | @combobox:Sample choice,1,0,Space>combobox:Sample choice[none|f=combobox:Sample choice|h=None]@34.2 ; ArrowDown>combobox:Sample choice[listbox×1|f=combobox:Sample choice|h=Never]@56.1 ; Enter>combobox:Sample choice[listbox×1|f=combobox:Sample choice|h=7 days]@61.4
chromium-dark-desktop › antd-sample select-space-down-enter burst sample 1,antd-sample,select,select-space-down-enter,select-down-enter,burst,1,Space ArrowDown Enter,7 days | list closed | none | @combobox:Sample choice,1,0,Space>combobox:Sample choice[none|f=combobox:Sample choice|h=None]@26.9 ; ArrowDown>combobox:Sample choice[listbox×1|f=combobox:Sample choice|h=Never]@50.5 ; Enter>combobox:Sample choice[listbox×1|f=combobox:Sample choice|h=7 days]@56.2
chromium-dark-desktop › antd-sample select-space-down-enter burst sample 2,antd-sample,select,select-space-down-enter,select-down-enter,burst,2,Space ArrowDown Enter,7 days | list closed | none | @combobox:Sample choice,1,0,Space>combobox:Sample choice[none|f=combobox:Sample choice|h=None]@28.4 ; ArrowDown>combobox:Sample choice[listbox×1|f=combobox:Sample choice|h=Never]@51.2 ; Enter>combobox:Sample choice[listbox×1|f=combobox:Sample choice|h=7 days]@56.7
chromium-dark-desktop › antd-sample select-space-down-enter burst sample 3,antd-sample,select,select-space-down-enter,select-down-enter,burst,3,Space ArrowDown Enter,7 days | list closed | none | @combobox:Sample choice,1,0,Space>combobox:Sample choice[none|f=combobox:Sample choice|h=None]@31.1 ; ArrowDown>combobox:Sample choice[listbox×1|f=combobox:Sample choice|h=Never]@55 ; Enter>combobox:Sample choice[listbox×1|f=combobox:Sample choice|h=7 days]@60.6
chromium-dark-desktop › antd-sample select-space-down-enter burst sample 4,antd-sample,select,select-space-down-enter,select-down-enter,burst,4,Space ArrowDown Enter,7 days | list closed | none | @combobox:Sample choice,1,0,Space>combobox:Sample choice[none|f=combobox:Sample choice|h=None]@31.7 ; ArrowDown>combobox:Sample choice[listbox×1|f=combobox:Sample choice|h=Never]@55.3 ; Enter>combobox:Sample choice[listbox×1|f=combobox:Sample choice|h=7 days]@61.1
chromium-dark-desktop › antd-sample select-space-down-enter burst sample 5,antd-sample,select,select-space-down-enter,select-down-enter,burst,5,Space ArrowDown Enter,7 days | list closed | none | @combobox:Sample choice,1,0,Space>combobox:Sample choice[none|f=combobox:Sample choice|h=None]@32.8 ; ArrowDown>combobox:Sample choice[listbox×1|f=combobox:Sample choice|h=Never]@55.1 ; Enter>combobox:Sample choice[listbox×1|f=combobox:Sample choice|h=7 days]@60.4
chromium-dark-desktop › antd-sample select-space-down-enter burst sample 6,antd-sample,select,select-space-down-enter,select-down-enter,burst,6,Space ArrowDown Enter,7 days | list closed | none | @combobox:Sample choice,1,0,Space>combobox:Sample choice[none|f=combobox:Sample choice|h=None]@25.8 ; ArrowDown>combobox:Sample choice[listbox×1|f=combobox:Sample choice|h=Never]@48.1 ; Enter>combobox:Sample choice[listbox×1|f=combobox:Sample choice|h=7 days]@53.8
chromium-dark-desktop › antd-sample select-space-down-enter burst sample 7,antd-sample,select,select-space-down-enter,select-down-enter,burst,7,Space ArrowDown Enter,7 days | list closed | none | @combobox:Sample choice,1,0,Space>combobox:Sample choice[none|f=combobox:Sample choice|h=None]@21.5 ; ArrowDown>combobox:Sample choice[listbox×1|f=combobox:Sample choice|h=Never]@42.5 ; Enter>combobox:Sample choice[listbox×1|f=combobox:Sample choice|h=7 days]@47.7
chromium-dark-desktop › antd-sample select-space-down-enter burst sample 8,antd-sample,select,select-space-down-enter,select-down-enter,burst,8,Space ArrowDown Enter,7 days | list closed | none | @combobox:Sample choice,1,0,Space>combobox:Sample choice[none|f=combobox:Sample choice|h=None]@23.2 ; ArrowDown>combobox:Sample choice[listbox×1|f=combobox:Sample choice|h=Never]@46.3 ; Enter>combobox:Sample choice[listbox×1|f=combobox:Sample choice|h=7 days]@52.3
chromium-dark-desktop › antd-sample select-space-down-enter burst sample 9,antd-sample,select,select-space-down-enter,select-down-enter,burst,9,Space ArrowDown Enter,7 days | list closed | none | @combobox:Sample choice,1,0,Space>combobox:Sample choice[none|f=combobox:Sample choice|h=None]@28.1 ; ArrowDown>combobox:Sample choice[listbox×1|f=combobox:Sample choice|h=Never]@44.8 ; Enter>combobox:Sample choice[listbox×1|f=combobox:Sample choice|h=7 days]@48.8
chromium-dark-desktop › antd-sample select-space-down-enter burst sample 10,antd-sample,select,select-space-down-enter,select-down-enter,burst,10,Space ArrowDown Enter,7 days | list closed | none | @combobox:Sample choice,1,0,Space>combobox:Sample choice[none|f=combobox:Sample choice|h=None]@27.2 ; ArrowDown>combobox:Sample choice[listbox×1|f=combobox:Sample choice|h=Never]@48.7 ; Enter>combobox:Sample choice[listbox×1|f=combobox:Sample choice|h=7 days]@54.1
chromium-dark-desktop › antd-sample select-space-down-enter burst sample 11,antd-sample,select,select-space-down-enter,select-down-enter,burst,11,Space ArrowDown Enter,7 days | list closed | none | @combobox:Sample choice,1,0,Space>combobox:Sample choice[none|f=combobox:Sample choice|h=None]@27.9 ; ArrowDown>combobox:Sample choice[listbox×1|f=combobox:Sample choice|h=Never]@56.6 ; Enter>combobox:Sample choice[listbox×1|f=combobox:Sample choice|h=7 days]@63
chromium-dark-desktop › antd-sample select-space-down-enter burst sample 12,antd-sample,select,select-space-down-enter,select-down-enter,burst,12,Space ArrowDown Enter,7 days | list closed | none | @combobox:Sample choice,1,0,Space>combobox:Sample choice[none|f=combobox:Sample choice|h=None]@23.9 ; ArrowDown>combobox:Sample choice[listbox×1|f=combobox:Sample choice|h=Never]@46.7 ; Enter>combobox:Sample choice[listbox×1|f=combobox:Sample choice|h=7 days]@52.3
chromium-dark-desktop › antd-sample select-space-down-enter burst sample 13,antd-sample,select,select-space-down-enter,select-down-enter,burst,13,Space ArrowDown Enter,7 days | list closed | none | @combobox:Sample choice,1,0,Space>combobox:Sample choice[none|f=combobox:Sample choice|h=None]@32.7 ; ArrowDown>combobox:Sample choice[listbox×1|f=combobox:Sample choice|h=Never]@55.8 ; Enter>combobox:Sample choice[listbox×1|f=combobox:Sample choice|h=7 days]@61.4
chromium-dark-desktop › antd-sample select-space-down-enter burst sample 14,antd-sample,select,select-space-down-enter,select-down-enter,burst,14,Space ArrowDown Enter,7 days | list closed | none | @combobox:Sample choice,1,0,Space>combobox:Sample choice[none|f=combobox:Sample choice|h=None]@49.1 ; ArrowDown>combobox:Sample choice[listbox×1|f=combobox:Sample choice|h=Never]@72.6 ; Enter>combobox:Sample choice[listbox×1|f=combobox:Sample choice|h=7 days]@78.5
chromium-dark-desktop › antd-sample select-space-down-enter burst sample 15,antd-sample,select,select-space-down-enter,select-down-enter,burst,15,Space ArrowDown Enter,7 days | list closed | none | @combobox:Sample choice,1,0,Space>combobox:Sample choice[none|f=combobox:Sample choice|h=None]@54.3 ; ArrowDown>combobox:Sample choice[listbox×1|f=combobox:Sample choice|h=Never]@92.3 ; Enter>combobox:Sample choice[listbox×1|f=combobox:Sample choice|h=7 days]@100.5
chromium-dark-desktop › antd-sample select-space-down-enter burst sample 16,antd-sample,select,select-space-down-enter,select-down-enter,burst,16,Space ArrowDown Enter,7 days | list closed | none | @combobox:Sample choice,1,0,Space>combobox:Sample choice[none|f=combobox:Sample choice|h=None]@24.8 ; ArrowDown>combobox:Sample choice[listbox×1|f=combobox:Sample choice|h=Never]@57.7 ; Enter>combobox:Sample choice[listbox×1|f=combobox:Sample choice|h=7 days]@62.3
chromium-dark-desktop › antd-sample select-space-down-enter burst sample 17,antd-sample,select,select-space-down-enter,select-down-enter,burst,17,Space ArrowDown Enter,7 days | list closed | none | @combobox:Sample choice,1,0,Space>combobox:Sample choice[none|f=combobox:Sample choice|h=None]@23.3 ; ArrowDown>combobox:Sample choice[listbox×1|f=combobox:Sample choice|h=Never]@49.8 ; Enter>combobox:Sample choice[listbox×1|f=combobox:Sample choice|h=7 days]@57.8
chromium-dark-desktop › antd-sample select-space-down-enter burst sample 18,antd-sample,select,select-space-down-enter,select-down-enter,burst,18,Space ArrowDown Enter,7 days | list closed | none | @combobox:Sample choice,1,0,Space>combobox:Sample choice[none|f=combobox:Sample choice|h=None]@24.9 ; ArrowDown>combobox:Sample choice[listbox×1|f=combobox:Sample choice|h=Never]@50.5 ; Enter>combobox:Sample choice[listbox×1|f=combobox:Sample choice|h=7 days]@57
chromium-dark-desktop › antd-sample select-space-down-enter burst sample 19,antd-sample,select,select-space-down-enter,select-down-enter,burst,19,Space ArrowDown Enter,7 days | list closed | none | @combobox:Sample choice,1,0,Space>combobox:Sample choice[none|f=combobox:Sample choice|h=None]@33.9 ; ArrowDown>combobox:Sample choice[listbox×1|f=combobox:Sample choice|h=Never]@58.5 ; Enter>combobox:Sample choice[listbox×1|f=combobox:Sample choice|h=7 days]@64.3
chromium-dark-desktop › antd-sample select-space-down-enter paced sample 0,antd-sample,select,select-space-down-enter,select-down-enter,paced,0,Space ArrowDown Enter,7 days | list closed | none | @combobox:Sample choice,1,0,Space>combobox:Sample choice[none|f=combobox:Sample choice|h=None]@20.9 ; ArrowDown>combobox:Sample choice[listbox×1|f=combobox:Sample choice|h=Never]@350.6 ; Enter>combobox:Sample choice[listbox×1|f=combobox:Sample choice|h=7 days]@660.4
chromium-dark-desktop › antd-sample select-space-down-enter paced sample 1,antd-sample,select,select-space-down-enter,select-down-enter,paced,1,Space ArrowDown Enter,7 days | list closed | none | @combobox:Sample choice,1,0,Space>combobox:Sample choice[none|f=combobox:Sample choice|h=None]@19.4 ; ArrowDown>combobox:Sample choice[listbox×1|f=combobox:Sample choice|h=Never]@345.8 ; Enter>combobox:Sample choice[listbox×1|f=combobox:Sample choice|h=7 days]@657
chromium-dark-desktop › antd-sample select-space-down-enter paced sample 2,antd-sample,select,select-space-down-enter,select-down-enter,paced,2,Space ArrowDown Enter,7 days | list closed | none | @combobox:Sample choice,1,0,Space>combobox:Sample choice[none|f=combobox:Sample choice|h=None]@22.7 ; ArrowDown>combobox:Sample choice[listbox×1|f=combobox:Sample choice|h=Never]@347.9 ; Enter>combobox:Sample choice[listbox×1|f=combobox:Sample choice|h=7 days]@660.1
chromium-dark-desktop › antd-sample select-space-down-enter paced sample 3,antd-sample,select,select-space-down-enter,select-down-enter,paced,3,Space ArrowDown Enter,7 days | list closed | none | @combobox:Sample choice,1,0,Space>combobox:Sample choice[none|f=combobox:Sample choice|h=None]@21.6 ; ArrowDown>combobox:Sample choice[listbox×1|f=combobox:Sample choice|h=Never]@347.8 ; Enter>combobox:Sample choice[listbox×1|f=combobox:Sample choice|h=7 days]@658.8
chromium-dark-desktop › antd-sample select-space-down-enter paced sample 4,antd-sample,select,select-space-down-enter,select-down-enter,paced,4,Space ArrowDown Enter,7 days | list closed | none | @combobox:Sample choice,1,0,Space>combobox:Sample choice[none|f=combobox:Sample choice|h=None]@19.6 ; ArrowDown>combobox:Sample choice[listbox×1|f=combobox:Sample choice|h=Never]@346.3 ; Enter>combobox:Sample choice[listbox×1|f=combobox:Sample choice|h=7 days]@655
chromium-dark-desktop › antd-sample select-space-down-enter paced sample 5,antd-sample,select,select-space-down-enter,select-down-enter,paced,5,Space ArrowDown Enter,7 days | list closed | none | @combobox:Sample choice,1,0,Space>combobox:Sample choice[none|f=combobox:Sample choice|h=None]@35.9 ; ArrowDown>combobox:Sample choice[listbox×1|f=combobox:Sample choice|h=Never]@362.4 ; Enter>combobox:Sample choice[listbox×1|f=combobox:Sample choice|h=7 days]@671.7
chromium-dark-desktop › antd-sample select-space-down-enter paced sample 6,antd-sample,select,select-space-down-enter,select-down-enter,paced,6,Space ArrowDown Enter,7 days | list closed | none | @combobox:Sample choice,1,0,Space>combobox:Sample choice[none|f=combobox:Sample choice|h=None]@29.8 ; ArrowDown>combobox:Sample choice[listbox×1|f=combobox:Sample choice|h=Never]@356.5 ; Enter>combobox:Sample choice[listbox×1|f=combobox:Sample choice|h=7 days]@665.4
chromium-dark-desktop › antd-sample select-space-down-enter paced sample 7,antd-sample,select,select-space-down-enter,select-down-enter,paced,7,Space ArrowDown Enter,7 days | list closed | none | @combobox:Sample choice,1,0,Space>combobox:Sample choice[none|f=combobox:Sample choice|h=None]@33 ; ArrowDown>combobox:Sample choice[listbox×1|f=combobox:Sample choice|h=Never]@360.9 ; Enter>combobox:Sample choice[listbox×1|f=combobox:Sample choice|h=7 days]@669.5
chromium-dark-desktop › antd-sample select-space-down-enter paced sample 8,antd-sample,select,select-space-down-enter,select-down-enter,paced,8,Space ArrowDown Enter,7 days | list closed | none | @combobox:Sample choice,1,0,Space>combobox:Sample choice[none|f=combobox:Sample choice|h=None]@34.2 ; ArrowDown>combobox:Sample choice[listbox×1|f=combobox:Sample choice|h=Never]@360.5 ; Enter>combobox:Sample choice[listbox×1|f=combobox:Sample choice|h=7 days]@671.2
chromium-dark-desktop › antd-sample select-space-down-enter paced sample 9,antd-sample,select,select-space-down-enter,select-down-enter,paced,9,Space ArrowDown Enter,7 days | list closed | none | @combobox:Sample choice,1,0,Space>combobox:Sample choice[none|f=combobox:Sample choice|h=None]@14.4 ; ArrowDown>combobox:Sample choice[listbox×1|f=combobox:Sample choice|h=Never]@341.3 ; Enter>combobox:Sample choice[listbox×1|f=combobox:Sample choice|h=7 days]@654.2
chromium-dark-desktop › antd-sample select-space-down-enter paced sample 10,antd-sample,select,select-space-down-enter,select-down-enter,paced,10,Space ArrowDown Enter,7 days | list closed | none | @combobox:Sample choice,1,0,Space>combobox:Sample choice[none|f=combobox:Sample choice|h=None]@15.7 ; ArrowDown>combobox:Sample choice[listbox×1|f=combobox:Sample choice|h=Never]@340.2 ; Enter>combobox:Sample choice[listbox×1|f=combobox:Sample choice|h=7 days]@650.8
chromium-dark-desktop › antd-sample select-space-down-enter paced sample 11,antd-sample,select,select-space-down-enter,select-down-enter,paced,11,Space ArrowDown Enter,7 days | list closed | none | @combobox:Sample choice,1,0,Space>combobox:Sample choice[none|f=combobox:Sample choice|h=None]@19.5 ; ArrowDown>combobox:Sample choice[listbox×1|f=combobox:Sample choice|h=Never]@344.8 ; Enter>combobox:Sample choice[listbox×1|f=combobox:Sample choice|h=7 days]@653.1
chromium-dark-desktop › antd-sample select-space-down-enter paced sample 12,antd-sample,select,select-space-down-enter,select-down-enter,paced,12,Space ArrowDown Enter,7 days | list closed | none | @combobox:Sample choice,1,0,Space>combobox:Sample choice[none|f=combobox:Sample choice|h=None]@23.1 ; ArrowDown>combobox:Sample choice[listbox×1|f=combobox:Sample choice|h=Never]@348.5 ; Enter>combobox:Sample choice[listbox×1|f=combobox:Sample choice|h=7 days]@657.6
chromium-dark-desktop › antd-sample select-space-down-enter paced sample 13,antd-sample,select,select-space-down-enter,select-down-enter,paced,13,Space ArrowDown Enter,7 days | list closed | none | @combobox:Sample choice,1,0,Space>combobox:Sample choice[none|f=combobox:Sample choice|h=None]@24.5 ; ArrowDown>combobox:Sample choice[listbox×1|f=combobox:Sample choice|h=Never]@355.4 ; Enter>combobox:Sample choice[listbox×1|f=combobox:Sample choice|h=7 days]@665.3
chromium-dark-desktop › antd-sample select-space-down-enter paced sample 14,antd-sample,select,select-space-down-enter,select-down-enter,paced,14,Space ArrowDown Enter,7 days | list closed | none | @combobox:Sample choice,1,0,Space>combobox:Sample choice[none|f=combobox:Sample choice|h=None]@32.9 ; ArrowDown>combobox:Sample choice[listbox×1|f=combobox:Sample choice|h=Never]@358.7 ; Enter>combobox:Sample choice[listbox×1|f=combobox:Sample choice|h=7 days]@668.3
chromium-dark-desktop › antd-sample select-space-down-enter paced sample 15,antd-sample,select,select-space-down-enter,select-down-enter,paced,15,Space ArrowDown Enter,7 days | list closed | none | @combobox:Sample choice,1,0,Space>combobox:Sample choice[none|f=combobox:Sample choice|h=None]@28.6 ; ArrowDown>combobox:Sample choice[listbox×1|f=combobox:Sample choice|h=Never]@353.6 ; Enter>combobox:Sample choice[listbox×1|f=combobox:Sample choice|h=7 days]@663.4
chromium-dark-desktop › antd-sample select-space-down-enter paced sample 16,antd-sample,select,select-space-down-enter,select-down-enter,paced,16,Space ArrowDown Enter,7 days | list closed | none | @combobox:Sample choice,1,0,Space>combobox:Sample choice[none|f=combobox:Sample choice|h=None]@24.8 ; ArrowDown>combobox:Sample choice[listbox×1|f=combobox:Sample choice|h=Never]@351.2 ; Enter>combobox:Sample choice[listbox×1|f=combobox:Sample choice|h=7 days]@661.7
chromium-dark-desktop › antd-sample select-space-down-enter paced sample 17,antd-sample,select,select-space-down-enter,select-down-enter,paced,17,Space ArrowDown Enter,7 days | list closed | none | @combobox:Sample choice,1,0,Space>combobox:Sample choice[none|f=combobox:Sample choice|h=None]@22.1 ; ArrowDown>combobox:Sample choice[listbox×1|f=combobox:Sample choice|h=Never]@350.5 ; Enter>combobox:Sample choice[listbox×1|f=combobox:Sample choice|h=7 days]@661
chromium-dark-desktop › antd-sample select-space-down-enter paced sample 18,antd-sample,select,select-space-down-enter,select-down-enter,paced,18,Space ArrowDown Enter,7 days | list closed | none | @combobox:Sample choice,1,0,Space>combobox:Sample choice[none|f=combobox:Sample choice|h=None]@21.2 ; ArrowDown>combobox:Sample choice[listbox×1|f=combobox:Sample choice|h=Never]@348.2 ; Enter>combobox:Sample choice[listbox×1|f=combobox:Sample choice|h=7 days]@660.1
chromium-dark-desktop › antd-sample select-space-down-enter paced sample 19,antd-sample,select,select-space-down-enter,select-down-enter,paced,19,Space ArrowDown Enter,7 days | list closed | none | @combobox:Sample choice,1,0,Space>combobox:Sample choice[none|f=combobox:Sample choice|h=None]@26.3 ; ArrowDown>combobox:Sample choice[listbox×1|f=combobox:Sample choice|h=Never]@352.9 ; Enter>combobox:Sample choice[listbox×1|f=combobox:Sample choice|h=7 days]@661.9
chromium-dark-desktop › orbit-field select-enter-down-enter burst sample 0,orbit-field,select,select-enter-down-enter,select-down-enter,burst,0,Enter ArrowDown Enter,7 | list closed | none | @combobox:Expires,1,1,Enter>combobox:Expires[none|f=combobox:Expires|h=None]@22.2 ; ArrowDown>combobox:Expires[listbox×1|f=combobox:Expires|h=Never]@39.8 ; ArrowDown*>option:Never[listbox×1|f=option:Never|h=Never]@40.3 ; Enter>option:7 days[listbox×1|f=option:7 days|h=7 days]@41.9
chromium-dark-desktop › orbit-field select-enter-down-enter burst sample 1,orbit-field,select,select-enter-down-enter,select-down-enter,burst,1,Enter ArrowDown Enter,7 | list closed | none | @combobox:Expires,1,1,Enter>combobox:Expires[none|f=combobox:Expires|h=None]@31.7 ; ArrowDown>combobox:Expires[listbox×1|f=combobox:Expires|h=Never]@52.2 ; ArrowDown*>option:Never[listbox×1|f=option:Never|h=Never]@52.9 ; Enter>option:7 days[listbox×1|f=option:7 days|h=7 days]@54.8
chromium-dark-desktop › orbit-field select-enter-down-enter burst sample 2,orbit-field,select,select-enter-down-enter,select-down-enter,burst,2,Enter ArrowDown Enter,7 | list closed | none | @combobox:Expires,1,1,Enter>combobox:Expires[none|f=combobox:Expires|h=None]@34.9 ; ArrowDown>combobox:Expires[listbox×1|f=combobox:Expires|h=Never]@53.5 ; ArrowDown*>option:Never[listbox×1|f=option:Never|h=Never]@54 ; Enter>option:7 days[listbox×1|f=option:7 days|h=7 days]@55.7
chromium-dark-desktop › orbit-field select-enter-down-enter burst sample 3,orbit-field,select,select-enter-down-enter,select-down-enter,burst,3,Enter ArrowDown Enter,7 | list closed | none | @combobox:Expires,1,1,Enter>combobox:Expires[none|f=combobox:Expires|h=None]@30.7 ; ArrowDown>combobox:Expires[listbox×1|f=combobox:Expires|h=Never]@56.3 ; ArrowDown*>option:Never[listbox×1|f=option:Never|h=Never]@57.1 ; Enter>option:7 days[listbox×1|f=option:7 days|h=7 days]@62.5
chromium-dark-desktop › orbit-field select-enter-down-enter burst sample 4,orbit-field,select,select-enter-down-enter,select-down-enter,burst,4,Enter ArrowDown Enter,7 | list closed | none | @combobox:Expires,1,1,Enter>combobox:Expires[none|f=combobox:Expires|h=None]@32.2 ; ArrowDown>combobox:Expires[listbox×1|f=combobox:Expires|h=Never]@50.1 ; ArrowDown*>option:Never[listbox×1|f=option:Never|h=Never]@50.7 ; Enter>option:7 days[listbox×1|f=option:7 days|h=7 days]@52.3
chromium-dark-desktop › orbit-field select-enter-down-enter burst sample 5,orbit-field,select,select-enter-down-enter,select-down-enter,burst,5,Enter ArrowDown Enter,7 | list closed | none | @combobox:Expires,1,1,Enter>combobox:Expires[none|f=combobox:Expires|h=None]@26.6 ; ArrowDown>combobox:Expires[listbox×1|f=combobox:Expires|h=Never]@47.1 ; ArrowDown*>option:Never[listbox×1|f=option:Never|h=Never]@47.9 ; Enter>option:7 days[listbox×1|f=option:7 days|h=7 days]@50
chromium-dark-desktop › orbit-field select-enter-down-enter burst sample 6,orbit-field,select,select-enter-down-enter,select-down-enter,burst,6,Enter ArrowDown Enter,7 | list closed | none | @combobox:Expires,1,1,Enter>combobox:Expires[none|f=combobox:Expires|h=None]@23.3 ; ArrowDown>combobox:Expires[listbox×1|f=combobox:Expires|h=Never]@41 ; ArrowDown*>option:Never[listbox×1|f=option:Never|h=Never]@41.5 ; Enter>option:7 days[listbox×1|f=option:7 days|h=7 days]@43.2
chromium-dark-desktop › orbit-field select-enter-down-enter burst sample 7,orbit-field,select,select-enter-down-enter,select-down-enter,burst,7,Enter ArrowDown Enter,7 | list closed | none | @combobox:Expires,1,1,Enter>combobox:Expires[none|f=combobox:Expires|h=None]@25.7 ; ArrowDown>combobox:Expires[listbox×1|f=combobox:Expires|h=Never]@43.3 ; ArrowDown*>option:Never[listbox×1|f=option:Never|h=Never]@43.8 ; Enter>option:7 days[listbox×1|f=option:7 days|h=7 days]@45.4
chromium-dark-desktop › orbit-field select-enter-down-enter burst sample 8,orbit-field,select,select-enter-down-enter,select-down-enter,burst,8,Enter ArrowDown Enter,7 | list closed | none | @combobox:Expires,1,1,Enter>combobox:Expires[none|f=combobox:Expires|h=None]@27.8 ; ArrowDown>combobox:Expires[listbox×1|f=combobox:Expires|h=Never]@45.5 ; ArrowDown*>option:Never[listbox×1|f=option:Never|h=Never]@46.1 ; Enter>option:7 days[listbox×1|f=option:7 days|h=7 days]@47.7
chromium-dark-desktop › orbit-field select-enter-down-enter burst sample 9,orbit-field,select,select-enter-down-enter,select-down-enter,burst,9,Enter ArrowDown Enter,7 | list closed | none | @combobox:Expires,1,1,Enter>combobox:Expires[none|f=combobox:Expires|h=None]@33.4 ; ArrowDown>combobox:Expires[listbox×1|f=combobox:Expires|h=Never]@54.4 ; ArrowDown*>option:Never[listbox×1|f=option:Never|h=Never]@55.2 ; Enter>option:7 days[listbox×1|f=option:7 days|h=7 days]@57.4
chromium-dark-desktop › orbit-field select-enter-down-enter burst sample 10,orbit-field,select,select-enter-down-enter,select-down-enter,burst,10,Enter ArrowDown Enter,7 | list closed | none | @combobox:Expires,1,1,Enter>combobox:Expires[none|f=combobox:Expires|h=None]@26.4 ; ArrowDown>combobox:Expires[listbox×1|f=combobox:Expires|h=Never]@44.8 ; ArrowDown*>option:Never[listbox×1|f=option:Never|h=Never]@45.4 ; Enter>option:7 days[listbox×1|f=option:7 days|h=7 days]@47.1
chromium-dark-desktop › orbit-field select-enter-down-enter burst sample 11,orbit-field,select,select-enter-down-enter,select-down-enter,burst,11,Enter ArrowDown Enter,7 | list closed | none | @combobox:Expires,1,1,Enter>combobox:Expires[none|f=combobox:Expires|h=None]@43.1 ; ArrowDown>combobox:Expires[listbox×1|f=combobox:Expires|h=Never]@67.3 ; ArrowDown*>option:Never[listbox×1|f=option:Never|h=Never]@68 ; Enter>option:7 days[listbox×1|f=option:7 days|h=7 days]@69.9
chromium-dark-desktop › orbit-field select-enter-down-enter burst sample 12,orbit-field,select,select-enter-down-enter,select-down-enter,burst,12,Enter ArrowDown Enter,7 | list closed | none | @combobox:Expires,1,1,Enter>combobox:Expires[none|f=combobox:Expires|h=None]@37.2 ; ArrowDown>combobox:Expires[listbox×1|f=combobox:Expires|h=Never]@56.4 ; ArrowDown*>option:Never[listbox×1|f=option:Never|h=Never]@57 ; Enter>option:7 days[listbox×1|f=option:7 days|h=7 days]@58.6
chromium-dark-desktop › orbit-field select-enter-down-enter burst sample 13,orbit-field,select,select-enter-down-enter,select-down-enter,burst,13,Enter ArrowDown Enter,7 | list closed | none | @combobox:Expires,1,1,Enter>combobox:Expires[none|f=combobox:Expires|h=None]@26 ; ArrowDown>combobox:Expires[listbox×1|f=combobox:Expires|h=Never]@46 ; ArrowDown*>option:Never[listbox×1|f=option:Never|h=Never]@46.6 ; Enter>option:7 days[listbox×1|f=option:7 days|h=7 days]@48.4
chromium-dark-desktop › orbit-field select-enter-down-enter burst sample 14,orbit-field,select,select-enter-down-enter,select-down-enter,burst,14,Enter ArrowDown Enter,7 | list closed | none | @combobox:Expires,1,1,Enter>combobox:Expires[none|f=combobox:Expires|h=None]@31.2 ; ArrowDown>combobox:Expires[listbox×1|f=combobox:Expires|h=Never]@51.7 ; ArrowDown*>option:Never[listbox×1|f=option:Never|h=Never]@52.3 ; Enter>option:7 days[listbox×1|f=option:7 days|h=7 days]@54.2
chromium-dark-desktop › orbit-field select-enter-down-enter burst sample 15,orbit-field,select,select-enter-down-enter,select-down-enter,burst,15,Enter ArrowDown Enter,7 | list closed | none | @combobox:Expires,1,1,Enter>combobox:Expires[none|f=combobox:Expires|h=None]@29.8 ; ArrowDown>combobox:Expires[listbox×1|f=combobox:Expires|h=Never]@54.5 ; ArrowDown*>option:Never[listbox×1|f=option:Never|h=Never]@55.3 ; Enter>option:7 days[listbox×1|f=option:7 days|h=7 days]@57.6
chromium-dark-desktop › orbit-field select-enter-down-enter burst sample 16,orbit-field,select,select-enter-down-enter,select-down-enter,burst,16,Enter ArrowDown Enter,7 | list closed | none | @combobox:Expires,1,1,Enter>combobox:Expires[none|f=combobox:Expires|h=None]@31.9 ; ArrowDown>combobox:Expires[listbox×1|f=combobox:Expires|h=Never]@51.5 ; ArrowDown*>option:Never[listbox×1|f=option:Never|h=Never]@52.1 ; Enter>option:7 days[listbox×1|f=option:7 days|h=7 days]@53.9
chromium-dark-desktop › orbit-field select-enter-down-enter burst sample 17,orbit-field,select,select-enter-down-enter,select-down-enter,burst,17,Enter ArrowDown Enter,7 | list closed | none | @combobox:Expires,1,1,Enter>combobox:Expires[none|f=combobox:Expires|h=None]@20.7 ; ArrowDown>combobox:Expires[listbox×1|f=combobox:Expires|h=Never]@39.2 ; ArrowDown*>option:Never[listbox×1|f=option:Never|h=Never]@39.8 ; Enter>option:7 days[listbox×1|f=option:7 days|h=7 days]@41.8
chromium-dark-desktop › orbit-field select-enter-down-enter burst sample 18,orbit-field,select,select-enter-down-enter,select-down-enter,burst,18,Enter ArrowDown Enter,7 | list closed | none | @combobox:Expires,1,1,Enter>combobox:Expires[none|f=combobox:Expires|h=None]@28.7 ; ArrowDown>combobox:Expires[listbox×1|f=combobox:Expires|h=Never]@46 ; ArrowDown*>option:Never[listbox×1|f=option:Never|h=Never]@46.5 ; Enter>option:7 days[listbox×1|f=option:7 days|h=7 days]@48.1
chromium-dark-desktop › orbit-field select-enter-down-enter burst sample 19,orbit-field,select,select-enter-down-enter,select-down-enter,burst,19,Enter ArrowDown Enter,7 | list closed | none | @combobox:Expires,1,1,Enter>combobox:Expires[none|f=combobox:Expires|h=None]@35.7 ; ArrowDown>combobox:Expires[listbox×1|f=combobox:Expires|h=Never]@57.5 ; ArrowDown*>option:Never[listbox×1|f=option:Never|h=Never]@58.2 ; Enter>option:7 days[listbox×1|f=option:7 days|h=7 days]@60.3
chromium-dark-desktop › orbit-field select-enter-down-enter paced sample 0,orbit-field,select,select-enter-down-enter,select-down-enter,paced,0,Enter ArrowDown Enter,7 | list closed | none | @combobox:Expires,0,0,Enter>combobox:Expires[none|f=combobox:Expires|h=None]@27.9 ; ArrowDown>option:Never[listbox×1|f=option:Never|h=Never]@356.9 ; Enter>option:7 days[listbox×1|f=option:7 days|h=7 days]@665.4
chromium-dark-desktop › orbit-field select-enter-down-enter paced sample 1,orbit-field,select,select-enter-down-enter,select-down-enter,paced,1,Enter ArrowDown Enter,7 | list closed | none | @combobox:Expires,0,0,Enter>combobox:Expires[none|f=combobox:Expires|h=None]@20.9 ; ArrowDown>option:Never[listbox×1|f=option:Never|h=Never]@345.8 ; Enter>option:7 days[listbox×1|f=option:7 days|h=7 days]@654.3
chromium-dark-desktop › orbit-field select-enter-down-enter paced sample 2,orbit-field,select,select-enter-down-enter,select-down-enter,paced,2,Enter ArrowDown Enter,7 | list closed | none | @combobox:Expires,0,0,Enter>combobox:Expires[none|f=combobox:Expires|h=None]@35.2 ; ArrowDown>option:Never[listbox×1|f=option:Never|h=Never]@364.3 ; Enter>option:7 days[listbox×1|f=option:7 days|h=7 days]@673.5
chromium-dark-desktop › orbit-field select-enter-down-enter paced sample 3,orbit-field,select,select-enter-down-enter,select-down-enter,paced,3,Enter ArrowDown Enter,7 | list closed | none | @combobox:Expires,0,0,Enter>combobox:Expires[none|f=combobox:Expires|h=None]@31.9 ; ArrowDown>option:Never[listbox×1|f=option:Never|h=Never]@371.8 ; Enter>option:7 days[listbox×1|f=option:7 days|h=7 days]@680.6
chromium-dark-desktop › orbit-field select-enter-down-enter paced sample 4,orbit-field,select,select-enter-down-enter,select-down-enter,paced,4,Enter ArrowDown Enter,7 | list closed | none | @combobox:Expires,0,0,Enter>combobox:Expires[none|f=combobox:Expires|h=None]@26.8 ; ArrowDown>option:Never[listbox×1|f=option:Never|h=Never]@355.2 ; Enter>option:7 days[listbox×1|f=option:7 days|h=7 days]@663.2
chromium-dark-desktop › orbit-field select-enter-down-enter paced sample 5,orbit-field,select,select-enter-down-enter,select-down-enter,paced,5,Enter ArrowDown Enter,7 | list closed | none | @combobox:Expires,0,0,Enter>combobox:Expires[none|f=combobox:Expires|h=None]@22 ; ArrowDown>option:Never[listbox×1|f=option:Never|h=Never]@348.9 ; Enter>option:7 days[listbox×1|f=option:7 days|h=7 days]@657.1
chromium-dark-desktop › orbit-field select-enter-down-enter paced sample 6,orbit-field,select,select-enter-down-enter,select-down-enter,paced,6,Enter ArrowDown Enter,7 | list closed | none | @combobox:Expires,0,0,Enter>combobox:Expires[none|f=combobox:Expires|h=None]@24.3 ; ArrowDown>option:Never[listbox×1|f=option:Never|h=Never]@349.2 ; Enter>option:7 days[listbox×1|f=option:7 days|h=7 days]@656.8
chromium-dark-desktop › orbit-field select-enter-down-enter paced sample 7,orbit-field,select,select-enter-down-enter,select-down-enter,paced,7,Enter ArrowDown Enter,7 | list closed | none | @combobox:Expires,0,0,Enter>combobox:Expires[none|f=combobox:Expires|h=None]@23.2 ; ArrowDown>option:Never[listbox×1|f=option:Never|h=Never]@350.6 ; Enter>option:7 days[listbox×1|f=option:7 days|h=7 days]@660
chromium-dark-desktop › orbit-field select-enter-down-enter paced sample 8,orbit-field,select,select-enter-down-enter,select-down-enter,paced,8,Enter ArrowDown Enter,7 | list closed | none | @combobox:Expires,0,0,Enter>combobox:Expires[none|f=combobox:Expires|h=None]@33.1 ; ArrowDown>option:Never[listbox×1|f=option:Never|h=Never]@363.2 ; Enter>option:7 days[listbox×1|f=option:7 days|h=7 days]@672.5
chromium-dark-desktop › orbit-field select-enter-down-enter paced sample 9,orbit-field,select,select-enter-down-enter,select-down-enter,paced,9,Enter ArrowDown Enter,7 | list closed | none | @combobox:Expires,0,0,Enter>combobox:Expires[none|f=combobox:Expires|h=None]@29.6 ; ArrowDown>option:Never[listbox×1|f=option:Never|h=Never]@369.3 ; Enter>option:7 days[listbox×1|f=option:7 days|h=7 days]@677.6
chromium-dark-desktop › orbit-field select-enter-down-enter paced sample 10,orbit-field,select,select-enter-down-enter,select-down-enter,paced,10,Enter ArrowDown Enter,7 | list closed | none | @combobox:Expires,0,0,Enter>combobox:Expires[none|f=combobox:Expires|h=None]@31.4 ; ArrowDown>option:Never[listbox×1|f=option:Never|h=Never]@389.3 ; Enter>option:7 days[listbox×1|f=option:7 days|h=7 days]@697.1
chromium-dark-desktop › orbit-field select-enter-down-enter paced sample 11,orbit-field,select,select-enter-down-enter,select-down-enter,paced,11,Enter ArrowDown Enter,7 | list closed | none | @combobox:Expires,0,0,Enter>combobox:Expires[none|f=combobox:Expires|h=None]@27.7 ; ArrowDown>option:Never[listbox×1|f=option:Never|h=Never]@355.8 ; Enter>option:7 days[listbox×1|f=option:7 days|h=7 days]@663.9
chromium-dark-desktop › orbit-field select-enter-down-enter paced sample 12,orbit-field,select,select-enter-down-enter,select-down-enter,paced,12,Enter ArrowDown Enter,7 | list closed | none | @combobox:Expires,0,0,Enter>combobox:Expires[none|f=combobox:Expires|h=None]@31.4 ; ArrowDown>option:Never[listbox×1|f=option:Never|h=Never]@371.8 ; Enter>option:7 days[listbox×1|f=option:7 days|h=7 days]@683.5
chromium-dark-desktop › orbit-field select-enter-down-enter paced sample 13,orbit-field,select,select-enter-down-enter,select-down-enter,paced,13,Enter ArrowDown Enter,7 | list closed | none | @combobox:Expires,0,0,Enter>combobox:Expires[none|f=combobox:Expires|h=None]@38.8 ; ArrowDown>option:Never[listbox×1|f=option:Never|h=Never]@368.5 ; Enter>option:7 days[listbox×1|f=option:7 days|h=7 days]@676.1
chromium-dark-desktop › orbit-field select-enter-down-enter paced sample 14,orbit-field,select,select-enter-down-enter,select-down-enter,paced,14,Enter ArrowDown Enter,7 | list closed | none | @combobox:Expires,0,0,Enter>combobox:Expires[none|f=combobox:Expires|h=None]@27.8 ; ArrowDown>option:Never[listbox×1|f=option:Never|h=Never]@356.1 ; Enter>option:7 days[listbox×1|f=option:7 days|h=7 days]@664.3
chromium-dark-desktop › orbit-field select-enter-down-enter paced sample 15,orbit-field,select,select-enter-down-enter,select-down-enter,paced,15,Enter ArrowDown Enter,7 | list closed | none | @combobox:Expires,0,0,Enter>combobox:Expires[none|f=combobox:Expires|h=None]@34.2 ; ArrowDown>option:Never[listbox×1|f=option:Never|h=Never]@378.2 ; Enter>option:7 days[listbox×1|f=option:7 days|h=7 days]@687.7
chromium-dark-desktop › orbit-field select-enter-down-enter paced sample 16,orbit-field,select,select-enter-down-enter,select-down-enter,paced,16,Enter ArrowDown Enter,7 | list closed | none | @combobox:Expires,0,0,Enter>combobox:Expires[none|f=combobox:Expires|h=None]@34.7 ; ArrowDown>option:Never[listbox×1|f=option:Never|h=Never]@363 ; Enter>option:7 days[listbox×1|f=option:7 days|h=7 days]@675.9
chromium-dark-desktop › orbit-field select-enter-down-enter paced sample 17,orbit-field,select,select-enter-down-enter,select-down-enter,paced,17,Enter ArrowDown Enter,7 | list closed | none | @combobox:Expires,0,0,Enter>combobox:Expires[none|f=combobox:Expires|h=None]@39.4 ; ArrowDown>option:Never[listbox×1|f=option:Never|h=Never]@373.4 ; Enter>option:7 days[listbox×1|f=option:7 days|h=7 days]@685
chromium-dark-desktop › orbit-field select-enter-down-enter paced sample 18,orbit-field,select,select-enter-down-enter,select-down-enter,paced,18,Enter ArrowDown Enter,7 | list closed | none | @combobox:Expires,0,0,Enter>combobox:Expires[none|f=combobox:Expires|h=None]@28.6 ; ArrowDown>option:Never[listbox×1|f=option:Never|h=Never]@357.3 ; Enter>option:7 days[listbox×1|f=option:7 days|h=7 days]@669.4
chromium-dark-desktop › orbit-field select-enter-down-enter paced sample 19,orbit-field,select,select-enter-down-enter,select-down-enter,paced,19,Enter ArrowDown Enter,7 | list closed | none | @combobox:Expires,0,0,Enter>combobox:Expires[none|f=combobox:Expires|h=None]@36.6 ; ArrowDown>option:Never[listbox×1|f=option:Never|h=Never]@365.6 ; Enter>option:7 days[listbox×1|f=option:7 days|h=7 days]@675.9
chromium-dark-desktop › orbit-sample select-enter-down-enter burst sample 0,orbit-sample,select,select-enter-down-enter,select-down-enter,burst,0,Enter ArrowDown Enter,7 days | list closed | none | @combobox:Sample choice,1,1,Enter>combobox:Sample choice[none|f=combobox:Sample choice|h=None]@27.8 ; ArrowDown>combobox:Sample choice[listbox×1|f=combobox:Sample choice|h=Never]@52.6 ; ArrowDown*>option:Never[listbox×1|f=option:Never|h=Never]@53.3 ; Enter>option:7 days[listbox×1|f=option:7 days|h=7 days]@55.2
chromium-dark-desktop › orbit-sample select-enter-down-enter burst sample 1,orbit-sample,select,select-enter-down-enter,select-down-enter,burst,1,Enter ArrowDown Enter,7 days | list closed | none | @combobox:Sample choice,1,1,Enter>combobox:Sample choice[none|f=combobox:Sample choice|h=None]@22.1 ; ArrowDown>combobox:Sample choice[listbox×1|f=combobox:Sample choice|h=Never]@42.5 ; ArrowDown*>option:Never[listbox×1|f=option:Never|h=Never]@43.2 ; Enter>option:7 days[listbox×1|f=option:7 days|h=7 days]@44.9
chromium-dark-desktop › orbit-sample select-enter-down-enter burst sample 2,orbit-sample,select,select-enter-down-enter,select-down-enter,burst,2,Enter ArrowDown Enter,7 days | list closed | none | @combobox:Sample choice,1,1,Enter>combobox:Sample choice[none|f=combobox:Sample choice|h=None]@25 ; ArrowDown>combobox:Sample choice[listbox×1|f=combobox:Sample choice|h=Never]@43.1 ; ArrowDown*>option:Never[listbox×1|f=option:Never|h=Never]@43.7 ; Enter>option:7 days[listbox×1|f=option:7 days|h=7 days]@45.3
chromium-dark-desktop › orbit-sample select-enter-down-enter burst sample 3,orbit-sample,select,select-enter-down-enter,select-down-enter,burst,3,Enter ArrowDown Enter,7 days | list closed | none | @combobox:Sample choice,1,1,Enter>combobox:Sample choice[none|f=combobox:Sample choice|h=None]@21.1 ; ArrowDown>combobox:Sample choice[listbox×1|f=combobox:Sample choice|h=Never]@41.9 ; ArrowDown*>option:Never[listbox×1|f=option:Never|h=Never]@42.5 ; Enter>option:7 days[listbox×1|f=option:7 days|h=7 days]@44.5
chromium-dark-desktop › orbit-sample select-enter-down-enter burst sample 4,orbit-sample,select,select-enter-down-enter,select-down-enter,burst,4,Enter ArrowDown Enter,7 days | list closed | none | @combobox:Sample choice,1,1,Enter>combobox:Sample choice[none|f=combobox:Sample choice|h=None]@29.3 ; ArrowDown>combobox:Sample choice[listbox×1|f=combobox:Sample choice|h=Never]@49.3 ; ArrowDown*>option:Never[listbox×1|f=option:Never|h=Never]@49.9 ; Enter>option:7 days[listbox×1|f=option:7 days|h=7 days]@51.8
chromium-dark-desktop › orbit-sample select-enter-down-enter burst sample 5,orbit-sample,select,select-enter-down-enter,select-down-enter,burst,5,Enter ArrowDown Enter,7 days | list closed | none | @combobox:Sample choice,1,1,Enter>combobox:Sample choice[none|f=combobox:Sample choice|h=None]@24.6 ; ArrowDown>combobox:Sample choice[listbox×1|f=combobox:Sample choice|h=Never]@43.4 ; ArrowDown*>option:Never[listbox×1|f=option:Never|h=Never]@44 ; Enter>option:7 days[listbox×1|f=option:7 days|h=7 days]@45.6
chromium-dark-desktop › orbit-sample select-enter-down-enter burst sample 6,orbit-sample,select,select-enter-down-enter,select-down-enter,burst,6,Enter ArrowDown Enter,7 days | list closed | none | @combobox:Sample choice,1,1,Enter>combobox:Sample choice[none|f=combobox:Sample choice|h=None]@35.1 ; ArrowDown>combobox:Sample choice[listbox×1|f=combobox:Sample choice|h=Never]@65.8 ; ArrowDown*>option:Never[listbox×1|f=option:Never|h=Never]@67.1 ; Enter>option:7 days[listbox×1|f=option:7 days|h=7 days]@70
chromium-dark-desktop › orbit-sample select-enter-down-enter burst sample 7,orbit-sample,select,select-enter-down-enter,select-down-enter,burst,7,Enter ArrowDown Enter,7 days | list closed | none | @combobox:Sample choice,1,1,Enter>combobox:Sample choice[none|f=combobox:Sample choice|h=None]@26.1 ; ArrowDown>combobox:Sample choice[listbox×1|f=combobox:Sample choice|h=Never]@46.3 ; ArrowDown*>option:Never[listbox×1|f=option:Never|h=Never]@47.1 ; Enter>option:7 days[listbox×1|f=option:7 days|h=7 days]@49
chromium-dark-desktop › orbit-sample select-enter-down-enter burst sample 8,orbit-sample,select,select-enter-down-enter,select-down-enter,burst,8,Enter ArrowDown Enter,7 days | list closed | none | @combobox:Sample choice,1,1,Enter>combobox:Sample choice[none|f=combobox:Sample choice|h=None]@22 ; ArrowDown>combobox:Sample choice[listbox×1|f=combobox:Sample choice|h=Never]@43.1 ; ArrowDown*>option:Never[listbox×1|f=option:Never|h=Never]@43.9 ; Enter>option:7 days[listbox×1|f=option:7 days|h=7 days]@45.9
chromium-dark-desktop › orbit-sample select-enter-down-enter burst sample 9,orbit-sample,select,select-enter-down-enter,select-down-enter,burst,9,Enter ArrowDown Enter,7 days | list closed | none | @combobox:Sample choice,1,1,Enter>combobox:Sample choice[none|f=combobox:Sample choice|h=None]@30.8 ; ArrowDown>combobox:Sample choice[listbox×1|f=combobox:Sample choice|h=Never]@51.9 ; ArrowDown*>option:Never[listbox×1|f=option:Never|h=Never]@52.6 ; Enter>option:7 days[listbox×1|f=option:7 days|h=7 days]@54.5
chromium-dark-desktop › orbit-sample select-enter-down-enter burst sample 10,orbit-sample,select,select-enter-down-enter,select-down-enter,burst,10,Enter ArrowDown Enter,7 days | list closed | none | @combobox:Sample choice,1,1,Enter>combobox:Sample choice[none|f=combobox:Sample choice|h=None]@31.2 ; ArrowDown>combobox:Sample choice[listbox×1|f=combobox:Sample choice|h=Never]@50.5 ; ArrowDown*>option:Never[listbox×1|f=option:Never|h=Never]@51.2 ; Enter>option:7 days[listbox×1|f=option:7 days|h=7 days]@52.8
chromium-dark-desktop › orbit-sample select-enter-down-enter burst sample 11,orbit-sample,select,select-enter-down-enter,select-down-enter,burst,11,Enter ArrowDown Enter,7 days | list closed | none | @combobox:Sample choice,1,1,Enter>combobox:Sample choice[none|f=combobox:Sample choice|h=None]@20.5 ; ArrowDown>combobox:Sample choice[listbox×1|f=combobox:Sample choice|h=Never]@38.9 ; ArrowDown*>option:Never[listbox×1|f=option:Never|h=Never]@39.6 ; Enter>option:7 days[listbox×1|f=option:7 days|h=7 days]@41.3
chromium-dark-desktop › orbit-sample select-enter-down-enter burst sample 12,orbit-sample,select,select-enter-down-enter,select-down-enter,burst,12,Enter ArrowDown Enter,7 days | list closed | none | @combobox:Sample choice,1,1,Enter>combobox:Sample choice[none|f=combobox:Sample choice|h=None]@30.6 ; ArrowDown>combobox:Sample choice[listbox×1|f=combobox:Sample choice|h=Never]@51.2 ; ArrowDown*>option:Never[listbox×1|f=option:Never|h=Never]@51.8 ; Enter>option:7 days[listbox×1|f=option:7 days|h=7 days]@53.9
chromium-dark-desktop › orbit-sample select-enter-down-enter burst sample 13,orbit-sample,select,select-enter-down-enter,select-down-enter,burst,13,Enter ArrowDown Enter,7 days | list closed | none | @combobox:Sample choice,1,1,Enter>combobox:Sample choice[none|f=combobox:Sample choice|h=None]@24.1 ; ArrowDown>combobox:Sample choice[listbox×1|f=combobox:Sample choice|h=Never]@43.2 ; ArrowDown*>option:Never[listbox×1|f=option:Never|h=Never]@43.8 ; Enter>option:7 days[listbox×1|f=option:7 days|h=7 days]@45.4
chromium-dark-desktop › orbit-sample select-enter-down-enter burst sample 14,orbit-sample,select,select-enter-down-enter,select-down-enter,burst,14,Enter ArrowDown Enter,7 days | list closed | none | @combobox:Sample choice,1,1,Enter>combobox:Sample choice[none|f=combobox:Sample choice|h=None]@32.4 ; ArrowDown>combobox:Sample choice[listbox×1|f=combobox:Sample choice|h=Never]@51.3 ; ArrowDown*>option:Never[listbox×1|f=option:Never|h=Never]@51.9 ; Enter>option:7 days[listbox×1|f=option:7 days|h=7 days]@53.7
chromium-dark-desktop › orbit-sample select-enter-down-enter burst sample 15,orbit-sample,select,select-enter-down-enter,select-down-enter,burst,15,Enter ArrowDown Enter,7 days | list closed | none | @combobox:Sample choice,1,1,Enter>combobox:Sample choice[none|f=combobox:Sample choice|h=None]@19.7 ; ArrowDown>combobox:Sample choice[listbox×1|f=combobox:Sample choice|h=Never]@37.5 ; ArrowDown*>option:Never[listbox×1|f=option:Never|h=Never]@38.1 ; Enter>option:7 days[listbox×1|f=option:7 days|h=7 days]@39.6
chromium-dark-desktop › orbit-sample select-enter-down-enter burst sample 16,orbit-sample,select,select-enter-down-enter,select-down-enter,burst,16,Enter ArrowDown Enter,7 days | list closed | none | @combobox:Sample choice,1,1,Enter>combobox:Sample choice[none|f=combobox:Sample choice|h=None]@30.2 ; ArrowDown>combobox:Sample choice[listbox×1|f=combobox:Sample choice|h=Never]@48.2 ; ArrowDown*>option:Never[listbox×1|f=option:Never|h=Never]@48.8 ; Enter>option:7 days[listbox×1|f=option:7 days|h=7 days]@50.5
chromium-dark-desktop › orbit-sample select-enter-down-enter burst sample 17,orbit-sample,select,select-enter-down-enter,select-down-enter,burst,17,Enter ArrowDown Enter,7 days | list closed | none | @combobox:Sample choice,1,1,Enter>combobox:Sample choice[none|f=combobox:Sample choice|h=None]@27.4 ; ArrowDown>combobox:Sample choice[listbox×1|f=combobox:Sample choice|h=Never]@47.3 ; ArrowDown*>option:Never[listbox×1|f=option:Never|h=Never]@47.9 ; Enter>option:7 days[listbox×1|f=option:7 days|h=7 days]@49.5
chromium-dark-desktop › orbit-sample select-enter-down-enter burst sample 18,orbit-sample,select,select-enter-down-enter,select-down-enter,burst,18,Enter ArrowDown Enter,7 days | list closed | none | @combobox:Sample choice,1,1,Enter>combobox:Sample choice[none|f=combobox:Sample choice|h=None]@25.6 ; ArrowDown>combobox:Sample choice[listbox×1|f=combobox:Sample choice|h=Never]@44.2 ; ArrowDown*>option:Never[listbox×1|f=option:Never|h=Never]@44.7 ; Enter>option:7 days[listbox×1|f=option:7 days|h=7 days]@46.3
chromium-dark-desktop › orbit-sample select-enter-down-enter burst sample 19,orbit-sample,select,select-enter-down-enter,select-down-enter,burst,19,Enter ArrowDown Enter,7 days | list closed | none | @combobox:Sample choice,1,1,Enter>combobox:Sample choice[none|f=combobox:Sample choice|h=None]@31.6 ; ArrowDown>combobox:Sample choice[listbox×1|f=combobox:Sample choice|h=Never]@49.8 ; ArrowDown*>option:Never[listbox×1|f=option:Never|h=Never]@50.3 ; Enter>option:7 days[listbox×1|f=option:7 days|h=7 days]@52
chromium-dark-desktop › orbit-sample select-enter-down-enter paced sample 0,orbit-sample,select,select-enter-down-enter,select-down-enter,paced,0,Enter ArrowDown Enter,7 days | list closed | none | @combobox:Sample choice,0,0,Enter>combobox:Sample choice[none|f=combobox:Sample choice|h=None]@20.4 ; ArrowDown>option:Never[listbox×1|f=option:Never|h=Never]@346.7 ; Enter>option:7 days[listbox×1|f=option:7 days|h=7 days]@653.5
chromium-dark-desktop › orbit-sample select-enter-down-enter paced sample 1,orbit-sample,select,select-enter-down-enter,select-down-enter,paced,1,Enter ArrowDown Enter,7 days | list closed | none | @combobox:Sample choice,0,0,Enter>combobox:Sample choice[none|f=combobox:Sample choice|h=None]@21.8 ; ArrowDown>option:Never[listbox×1|f=option:Never|h=Never]@348.4 ; Enter>option:7 days[listbox×1|f=option:7 days|h=7 days]@657.1
chromium-dark-desktop › orbit-sample select-enter-down-enter paced sample 2,orbit-sample,select,select-enter-down-enter,select-down-enter,paced,2,Enter ArrowDown Enter,7 days | list closed | none | @combobox:Sample choice,0,0,Enter>combobox:Sample choice[none|f=combobox:Sample choice|h=None]@27 ; ArrowDown>option:Never[listbox×1|f=option:Never|h=Never]@354.3 ; Enter>option:7 days[listbox×1|f=option:7 days|h=7 days]@661.3
chromium-dark-desktop › orbit-sample select-enter-down-enter paced sample 3,orbit-sample,select,select-enter-down-enter,select-down-enter,paced,3,Enter ArrowDown Enter,7 days | list closed | none | @combobox:Sample choice,0,0,Enter>combobox:Sample choice[none|f=combobox:Sample choice|h=None]@27.2 ; ArrowDown>option:Never[listbox×1|f=option:Never|h=Never]@356.1 ; Enter>option:7 days[listbox×1|f=option:7 days|h=7 days]@663.6
chromium-dark-desktop › orbit-sample select-enter-down-enter paced sample 4,orbit-sample,select,select-enter-down-enter,select-down-enter,paced,4,Enter ArrowDown Enter,7 days | list closed | none | @combobox:Sample choice,0,0,Enter>combobox:Sample choice[none|f=combobox:Sample choice|h=None]@31.8 ; ArrowDown>option:Never[listbox×1|f=option:Never|h=Never]@361.5 ; Enter>option:7 days[listbox×1|f=option:7 days|h=7 days]@669
chromium-dark-desktop › orbit-sample select-enter-down-enter paced sample 5,orbit-sample,select,select-enter-down-enter,select-down-enter,paced,5,Enter ArrowDown Enter,7 days | list closed | none | @combobox:Sample choice,0,0,Enter>combobox:Sample choice[none|f=combobox:Sample choice|h=None]@34 ; ArrowDown>option:Never[listbox×1|f=option:Never|h=Never]@367.7 ; Enter>option:7 days[listbox×1|f=option:7 days|h=7 days]@674.6
chromium-dark-desktop › orbit-sample select-enter-down-enter paced sample 6,orbit-sample,select,select-enter-down-enter,select-down-enter,paced,6,Enter ArrowDown Enter,7 days | list closed | none | @combobox:Sample choice,0,0,Enter>combobox:Sample choice[none|f=combobox:Sample choice|h=None]@32.8 ; ArrowDown>option:Never[listbox×1|f=option:Never|h=Never]@364.4 ; Enter>option:7 days[listbox×1|f=option:7 days|h=7 days]@672.5
chromium-dark-desktop › orbit-sample select-enter-down-enter paced sample 7,orbit-sample,select,select-enter-down-enter,select-down-enter,paced,7,Enter ArrowDown Enter,7 days | list closed | none | @combobox:Sample choice,0,0,Enter>combobox:Sample choice[none|f=combobox:Sample choice|h=None]@21.9 ; ArrowDown>option:Never[listbox×1|f=option:Never|h=Never]@352.3 ; Enter>option:7 days[listbox×1|f=option:7 days|h=7 days]@662.2
chromium-dark-desktop › orbit-sample select-enter-down-enter paced sample 8,orbit-sample,select,select-enter-down-enter,select-down-enter,paced,8,Enter ArrowDown Enter,7 days | list closed | none | @combobox:Sample choice,0,0,Enter>combobox:Sample choice[none|f=combobox:Sample choice|h=None]@36.6 ; ArrowDown>option:Never[listbox×1|f=option:Never|h=Never]@370.6 ; Enter>option:7 days[listbox×1|f=option:7 days|h=7 days]@681.5
chromium-dark-desktop › orbit-sample select-enter-down-enter paced sample 9,orbit-sample,select,select-enter-down-enter,select-down-enter,paced,9,Enter ArrowDown Enter,7 days | list closed | none | @combobox:Sample choice,0,0,Enter>combobox:Sample choice[none|f=combobox:Sample choice|h=None]@29.8 ; ArrowDown>option:Never[listbox×1|f=option:Never|h=Never]@359.4 ; Enter>option:7 days[listbox×1|f=option:7 days|h=7 days]@676.3
chromium-dark-desktop › orbit-sample select-enter-down-enter paced sample 10,orbit-sample,select,select-enter-down-enter,select-down-enter,paced,10,Enter ArrowDown Enter,7 days | list closed | none | @combobox:Sample choice,0,0,Enter>combobox:Sample choice[none|f=combobox:Sample choice|h=None]@34.8 ; ArrowDown>option:Never[listbox×1|f=option:Never|h=Never]@361.4 ; Enter>option:7 days[listbox×1|f=option:7 days|h=7 days]@669.5
chromium-dark-desktop › orbit-sample select-enter-down-enter paced sample 11,orbit-sample,select,select-enter-down-enter,select-down-enter,paced,11,Enter ArrowDown Enter,7 days | list closed | none | @combobox:Sample choice,0,0,Enter>combobox:Sample choice[none|f=combobox:Sample choice|h=None]@35.4 ; ArrowDown>option:Never[listbox×1|f=option:Never|h=Never]@363.6 ; Enter>option:7 days[listbox×1|f=option:7 days|h=7 days]@675.1
chromium-dark-desktop › orbit-sample select-enter-down-enter paced sample 12,orbit-sample,select,select-enter-down-enter,select-down-enter,paced,12,Enter ArrowDown Enter,7 days | list closed | none | @combobox:Sample choice,0,0,Enter>combobox:Sample choice[none|f=combobox:Sample choice|h=None]@31.7 ; ArrowDown>option:Never[listbox×1|f=option:Never|h=Never]@358.6 ; Enter>option:7 days[listbox×1|f=option:7 days|h=7 days]@665.6
chromium-dark-desktop › orbit-sample select-enter-down-enter paced sample 13,orbit-sample,select,select-enter-down-enter,select-down-enter,paced,13,Enter ArrowDown Enter,7 days | list closed | none | @combobox:Sample choice,0,0,Enter>combobox:Sample choice[none|f=combobox:Sample choice|h=None]@32.3 ; ArrowDown>option:Never[listbox×1|f=option:Never|h=Never]@358.9 ; Enter>option:7 days[listbox×1|f=option:7 days|h=7 days]@672.5
chromium-dark-desktop › orbit-sample select-enter-down-enter paced sample 14,orbit-sample,select,select-enter-down-enter,select-down-enter,paced,14,Enter ArrowDown Enter,7 days | list closed | none | @combobox:Sample choice,0,0,Enter>combobox:Sample choice[none|f=combobox:Sample choice|h=None]@39.2 ; ArrowDown>option:Never[listbox×1|f=option:Never|h=Never]@368.8 ; Enter>option:7 days[listbox×1|f=option:7 days|h=7 days]@682.1
chromium-dark-desktop › orbit-sample select-enter-down-enter paced sample 15,orbit-sample,select,select-enter-down-enter,select-down-enter,paced,15,Enter ArrowDown Enter,7 days | list closed | none | @combobox:Sample choice,0,0,Enter>combobox:Sample choice[none|f=combobox:Sample choice|h=None]@30.1 ; ArrowDown>option:Never[listbox×1|f=option:Never|h=Never]@356.5 ; Enter>option:7 days[listbox×1|f=option:7 days|h=7 days]@666.6
chromium-dark-desktop › orbit-sample select-enter-down-enter paced sample 16,orbit-sample,select,select-enter-down-enter,select-down-enter,paced,16,Enter ArrowDown Enter,7 days | list closed | none | @combobox:Sample choice,0,0,Enter>combobox:Sample choice[none|f=combobox:Sample choice|h=None]@33.7 ; ArrowDown>option:Never[listbox×1|f=option:Never|h=Never]@363.9 ; Enter>option:7 days[listbox×1|f=option:7 days|h=7 days]@673.1
chromium-dark-desktop › orbit-sample select-enter-down-enter paced sample 17,orbit-sample,select,select-enter-down-enter,select-down-enter,paced,17,Enter ArrowDown Enter,7 days | list closed | none | @combobox:Sample choice,0,0,Enter>combobox:Sample choice[none|f=combobox:Sample choice|h=None]@22.3 ; ArrowDown>option:Never[listbox×1|f=option:Never|h=Never]@354.1 ; Enter>option:7 days[listbox×1|f=option:7 days|h=7 days]@668
chromium-dark-desktop › orbit-sample select-enter-down-enter paced sample 18,orbit-sample,select,select-enter-down-enter,select-down-enter,paced,18,Enter ArrowDown Enter,7 days | list closed | none | @combobox:Sample choice,0,0,Enter>combobox:Sample choice[none|f=combobox:Sample choice|h=None]@32.1 ; ArrowDown>option:Never[listbox×1|f=option:Never|h=Never]@358.8 ; Enter>option:7 days[listbox×1|f=option:7 days|h=7 days]@670.6
chromium-dark-desktop › orbit-sample select-enter-down-enter paced sample 19,orbit-sample,select,select-enter-down-enter,select-down-enter,paced,19,Enter ArrowDown Enter,7 days | list closed | none | @combobox:Sample choice,0,0,Enter>combobox:Sample choice[none|f=combobox:Sample choice|h=None]@39.3 ; ArrowDown>option:Never[listbox×1|f=option:Never|h=Never]@378.4 ; Enter>option:7 days[listbox×1|f=option:7 days|h=7 days]@687.8
chromium-dark-desktop › antd-sample select-enter-down-enter burst sample 0,antd-sample,select,select-enter-down-enter,select-down-enter,burst,0,Enter ArrowDown Enter,7 days | list closed | none | @combobox:Sample choice,1,0,Enter>combobox:Sample choice[none|f=combobox:Sample choice|h=None]@27.2 ; ArrowDown>combobox:Sample choice[listbox×1|f=combobox:Sample choice|h=Never]@57.6 ; Enter>combobox:Sample choice[listbox×1|f=combobox:Sample choice|h=7 days]@65.9
chromium-dark-desktop › antd-sample select-enter-down-enter burst sample 1,antd-sample,select,select-enter-down-enter,select-down-enter,burst,1,Enter ArrowDown Enter,7 days | list closed | none | @combobox:Sample choice,1,0,Enter>combobox:Sample choice[none|f=combobox:Sample choice|h=None]@33.8 ; ArrowDown>combobox:Sample choice[listbox×1|f=combobox:Sample choice|h=Never]@58.8 ; Enter>combobox:Sample choice[listbox×1|f=combobox:Sample choice|h=7 days]@64.6
chromium-dark-desktop › antd-sample select-enter-down-enter burst sample 2,antd-sample,select,select-enter-down-enter,select-down-enter,burst,2,Enter ArrowDown Enter,7 days | list closed | none | @combobox:Sample choice,1,0,Enter>combobox:Sample choice[none|f=combobox:Sample choice|h=None]@32.8 ; ArrowDown>combobox:Sample choice[listbox×1|f=combobox:Sample choice|h=Never]@55 ; Enter>combobox:Sample choice[listbox×1|f=combobox:Sample choice|h=7 days]@60.6
chromium-dark-desktop › antd-sample select-enter-down-enter burst sample 3,antd-sample,select,select-enter-down-enter,select-down-enter,burst,3,Enter ArrowDown Enter,7 days | list closed | none | @combobox:Sample choice,1,0,Enter>combobox:Sample choice[none|f=combobox:Sample choice|h=None]@24.7 ; ArrowDown>combobox:Sample choice[listbox×1|f=combobox:Sample choice|h=Never]@53.3 ; Enter>combobox:Sample choice[listbox×1|f=combobox:Sample choice|h=7 days]@60.7
chromium-dark-desktop › antd-sample select-enter-down-enter burst sample 4,antd-sample,select,select-enter-down-enter,select-down-enter,burst,4,Enter ArrowDown Enter,7 days | list closed | none | @combobox:Sample choice,1,0,Enter>combobox:Sample choice[none|f=combobox:Sample choice|h=None]@32.5 ; ArrowDown>combobox:Sample choice[listbox×1|f=combobox:Sample choice|h=Never]@56.4 ; Enter>combobox:Sample choice[listbox×1|f=combobox:Sample choice|h=7 days]@63.4
chromium-dark-desktop › antd-sample select-enter-down-enter burst sample 5,antd-sample,select,select-enter-down-enter,select-down-enter,burst,5,Enter ArrowDown Enter,7 days | list closed | none | @combobox:Sample choice,1,0,Enter>combobox:Sample choice[none|f=combobox:Sample choice|h=None]@28.4 ; ArrowDown>combobox:Sample choice[listbox×1|f=combobox:Sample choice|h=Never]@50.9 ; Enter>combobox:Sample choice[listbox×1|f=combobox:Sample choice|h=7 days]@56.4
chromium-dark-desktop › antd-sample select-enter-down-enter burst sample 6,antd-sample,select,select-enter-down-enter,select-down-enter,burst,6,Enter ArrowDown Enter,7 days | list closed | none | @combobox:Sample choice,1,0,Enter>combobox:Sample choice[none|f=combobox:Sample choice|h=None]@20.4 ; ArrowDown>combobox:Sample choice[listbox×1|f=combobox:Sample choice|h=Never]@43 ; Enter>combobox:Sample choice[listbox×1|f=combobox:Sample choice|h=7 days]@48.3
chromium-dark-desktop › antd-sample select-enter-down-enter burst sample 7,antd-sample,select,select-enter-down-enter,select-down-enter,burst,7,Enter ArrowDown Enter,7 days | list closed | none | @combobox:Sample choice,1,0,Enter>combobox:Sample choice[none|f=combobox:Sample choice|h=None]@29.4 ; ArrowDown>combobox:Sample choice[listbox×1|f=combobox:Sample choice|h=Never]@52.9 ; Enter>combobox:Sample choice[listbox×1|f=combobox:Sample choice|h=7 days]@58.4
chromium-dark-desktop › antd-sample select-enter-down-enter burst sample 8,antd-sample,select,select-enter-down-enter,select-down-enter,burst,8,Enter ArrowDown Enter,7 days | list closed | none | @combobox:Sample choice,1,0,Enter>combobox:Sample choice[none|f=combobox:Sample choice|h=None]@38.1 ; ArrowDown>combobox:Sample choice[listbox×1|f=combobox:Sample choice|h=Never]@66.8 ; Enter>combobox:Sample choice[listbox×1|f=combobox:Sample choice|h=7 days]@73.1
chromium-dark-desktop › antd-sample select-enter-down-enter burst sample 9,antd-sample,select,select-enter-down-enter,select-down-enter,burst,9,Enter ArrowDown Enter,7 days | list closed | none | @combobox:Sample choice,1,0,Enter>combobox:Sample choice[none|f=combobox:Sample choice|h=None]@28.9 ; ArrowDown>combobox:Sample choice[listbox×1|f=combobox:Sample choice|h=Never]@52.3 ; Enter>combobox:Sample choice[listbox×1|f=combobox:Sample choice|h=7 days]@57.9
chromium-dark-desktop › antd-sample select-enter-down-enter burst sample 10,antd-sample,select,select-enter-down-enter,select-down-enter,burst,10,Enter ArrowDown Enter,7 days | list closed | none | @combobox:Sample choice,1,0,Enter>combobox:Sample choice[none|f=combobox:Sample choice|h=None]@22.1 ; ArrowDown>combobox:Sample choice[listbox×1|f=combobox:Sample choice|h=Never]@49.5 ; Enter>combobox:Sample choice[listbox×1|f=combobox:Sample choice|h=7 days]@58.4
chromium-dark-desktop › antd-sample select-enter-down-enter burst sample 11,antd-sample,select,select-enter-down-enter,select-down-enter,burst,11,Enter ArrowDown Enter,7 days | list closed | none | @combobox:Sample choice,1,0,Enter>combobox:Sample choice[none|f=combobox:Sample choice|h=None]@23 ; ArrowDown>combobox:Sample choice[listbox×1|f=combobox:Sample choice|h=Never]@44.9 ; Enter>combobox:Sample choice[listbox×1|f=combobox:Sample choice|h=7 days]@50.3
chromium-dark-desktop › antd-sample select-enter-down-enter burst sample 12,antd-sample,select,select-enter-down-enter,select-down-enter,burst,12,Enter ArrowDown Enter,7 days | list closed | none | @combobox:Sample choice,1,0,Enter>combobox:Sample choice[none|f=combobox:Sample choice|h=None]@23 ; ArrowDown>combobox:Sample choice[listbox×1|f=combobox:Sample choice|h=Never]@47.4 ; Enter>combobox:Sample choice[listbox×1|f=combobox:Sample choice|h=7 days]@53.3
chromium-dark-desktop › antd-sample select-enter-down-enter burst sample 13,antd-sample,select,select-enter-down-enter,select-down-enter,burst,13,Enter ArrowDown Enter,7 days | list closed | none | @combobox:Sample choice,1,0,Enter>combobox:Sample choice[none|f=combobox:Sample choice|h=None]@31.6 ; ArrowDown>combobox:Sample choice[listbox×1|f=combobox:Sample choice|h=Never]@54.1 ; Enter>combobox:Sample choice[listbox×1|f=combobox:Sample choice|h=7 days]@59.5
chromium-dark-desktop › antd-sample select-enter-down-enter burst sample 14,antd-sample,select,select-enter-down-enter,select-down-enter,burst,14,Enter ArrowDown Enter,7 days | list closed | none | @combobox:Sample choice,1,0,Enter>combobox:Sample choice[none|f=combobox:Sample choice|h=None]@20.3 ; ArrowDown>combobox:Sample choice[listbox×1|f=combobox:Sample choice|h=Never]@43.6 ; Enter>combobox:Sample choice[listbox×1|f=combobox:Sample choice|h=7 days]@49.1
chromium-dark-desktop › antd-sample select-enter-down-enter burst sample 15,antd-sample,select,select-enter-down-enter,select-down-enter,burst,15,Enter ArrowDown Enter,7 days | list closed | none | @combobox:Sample choice,1,0,Enter>combobox:Sample choice[none|f=combobox:Sample choice|h=None]@20.1 ; ArrowDown>combobox:Sample choice[listbox×1|f=combobox:Sample choice|h=Never]@42 ; Enter>combobox:Sample choice[listbox×1|f=combobox:Sample choice|h=7 days]@47.3
chromium-dark-desktop › antd-sample select-enter-down-enter burst sample 16,antd-sample,select,select-enter-down-enter,select-down-enter,burst,16,Enter ArrowDown Enter,7 days | list closed | none | @combobox:Sample choice,1,0,Enter>combobox:Sample choice[none|f=combobox:Sample choice|h=None]@31.4 ; ArrowDown>combobox:Sample choice[listbox×1|f=combobox:Sample choice|h=Never]@56.8 ; Enter>combobox:Sample choice[listbox×1|f=combobox:Sample choice|h=7 days]@62.3
chromium-dark-desktop › antd-sample select-enter-down-enter burst sample 17,antd-sample,select,select-enter-down-enter,select-down-enter,burst,17,Enter ArrowDown Enter,7 days | list closed | none | @combobox:Sample choice,1,0,Enter>combobox:Sample choice[none|f=combobox:Sample choice|h=None]@26.6 ; ArrowDown>combobox:Sample choice[listbox×1|f=combobox:Sample choice|h=Never]@49 ; Enter>combobox:Sample choice[listbox×1|f=combobox:Sample choice|h=7 days]@55
chromium-dark-desktop › antd-sample select-enter-down-enter burst sample 18,antd-sample,select,select-enter-down-enter,select-down-enter,burst,18,Enter ArrowDown Enter,7 days | list closed | none | @combobox:Sample choice,1,0,Enter>combobox:Sample choice[none|f=combobox:Sample choice|h=None]@36 ; ArrowDown>combobox:Sample choice[listbox×1|f=combobox:Sample choice|h=Never]@59.2 ; Enter>combobox:Sample choice[listbox×1|f=combobox:Sample choice|h=7 days]@64.9
chromium-dark-desktop › antd-sample select-enter-down-enter burst sample 19,antd-sample,select,select-enter-down-enter,select-down-enter,burst,19,Enter ArrowDown Enter,7 days | list closed | none | @combobox:Sample choice,1,0,Enter>combobox:Sample choice[none|f=combobox:Sample choice|h=None]@31.2 ; ArrowDown>combobox:Sample choice[listbox×1|f=combobox:Sample choice|h=Never]@58.1 ; Enter>combobox:Sample choice[listbox×1|f=combobox:Sample choice|h=7 days]@64.7
chromium-dark-desktop › antd-sample select-enter-down-enter paced sample 0,antd-sample,select,select-enter-down-enter,select-down-enter,paced,0,Enter ArrowDown Enter,7 days | list closed | none | @combobox:Sample choice,1,0,Enter>combobox:Sample choice[none|f=combobox:Sample choice|h=None]@26.3 ; ArrowDown>combobox:Sample choice[listbox×1|f=combobox:Sample choice|h=Never]@377.3 ; Enter>combobox:Sample choice[listbox×1|f=combobox:Sample choice|h=7 days]@688.1
chromium-dark-desktop › antd-sample select-enter-down-enter paced sample 1,antd-sample,select,select-enter-down-enter,select-down-enter,paced,1,Enter ArrowDown Enter,7 days | list closed | none | @combobox:Sample choice,1,0,Enter>combobox:Sample choice[none|f=combobox:Sample choice|h=None]@22.9 ; ArrowDown>combobox:Sample choice[listbox×1|f=combobox:Sample choice|h=Never]@366.2 ; Enter>combobox:Sample choice[listbox×1|f=combobox:Sample choice|h=7 days]@679.1
chromium-dark-desktop › antd-sample select-enter-down-enter paced sample 2,antd-sample,select,select-enter-down-enter,select-down-enter,paced,2,Enter ArrowDown Enter,7 days | list closed | none | @combobox:Sample choice,1,0,Enter>combobox:Sample choice[none|f=combobox:Sample choice|h=None]@35.3 ; ArrowDown>combobox:Sample choice[listbox×1|f=combobox:Sample choice|h=Never]@368.3 ; Enter>combobox:Sample choice[listbox×1|f=combobox:Sample choice|h=7 days]@678.5
chromium-dark-desktop › antd-sample select-enter-down-enter paced sample 3,antd-sample,select,select-enter-down-enter,select-down-enter,paced,3,Enter ArrowDown Enter,7 days | list closed | none | @combobox:Sample choice,1,0,Enter>combobox:Sample choice[none|f=combobox:Sample choice|h=None]@26.5 ; ArrowDown>combobox:Sample choice[listbox×1|f=combobox:Sample choice|h=Never]@355.5 ; Enter>combobox:Sample choice[listbox×1|f=combobox:Sample choice|h=7 days]@671.3
chromium-dark-desktop › antd-sample select-enter-down-enter paced sample 4,antd-sample,select,select-enter-down-enter,select-down-enter,paced,4,Enter ArrowDown Enter,7 days | list closed | none | @combobox:Sample choice,1,0,Enter>combobox:Sample choice[none|f=combobox:Sample choice|h=None]@23.9 ; ArrowDown>combobox:Sample choice[listbox×1|f=combobox:Sample choice|h=Never]@358.8 ; Enter>combobox:Sample choice[listbox×1|f=combobox:Sample choice|h=7 days]@667.8
chromium-dark-desktop › antd-sample select-enter-down-enter paced sample 5,antd-sample,select,select-enter-down-enter,select-down-enter,paced,5,Enter ArrowDown Enter,7 days | list closed | none | @combobox:Sample choice,1,0,Enter>combobox:Sample choice[none|f=combobox:Sample choice|h=None]@33.6 ; ArrowDown>combobox:Sample choice[listbox×1|f=combobox:Sample choice|h=Never]@361.9 ; Enter>combobox:Sample choice[listbox×1|f=combobox:Sample choice|h=7 days]@673.4
chromium-dark-desktop › antd-sample select-enter-down-enter paced sample 6,antd-sample,select,select-enter-down-enter,select-down-enter,paced,6,Enter ArrowDown Enter,7 days | list closed | none | @combobox:Sample choice,1,0,Enter>combobox:Sample choice[none|f=combobox:Sample choice|h=None]@37.7 ; ArrowDown>combobox:Sample choice[listbox×1|f=combobox:Sample choice|h=Never]@372 ; Enter>combobox:Sample choice[listbox×1|f=combobox:Sample choice|h=7 days]@683.9
chromium-dark-desktop › antd-sample select-enter-down-enter paced sample 7,antd-sample,select,select-enter-down-enter,select-down-enter,paced,7,Enter ArrowDown Enter,7 days | list closed | none | @combobox:Sample choice,1,0,Enter>combobox:Sample choice[none|f=combobox:Sample choice|h=None]@33.8 ; ArrowDown>combobox:Sample choice[listbox×1|f=combobox:Sample choice|h=Never]@362.7 ; Enter>combobox:Sample choice[listbox×1|f=combobox:Sample choice|h=7 days]@674.3
chromium-dark-desktop › antd-sample select-enter-down-enter paced sample 8,antd-sample,select,select-enter-down-enter,select-down-enter,paced,8,Enter ArrowDown Enter,7 days | list closed | none | @combobox:Sample choice,1,0,Enter>combobox:Sample choice[none|f=combobox:Sample choice|h=None]@20.7 ; ArrowDown>combobox:Sample choice[listbox×1|f=combobox:Sample choice|h=Never]@351.3 ; Enter>combobox:Sample choice[listbox×1|f=combobox:Sample choice|h=7 days]@667
chromium-dark-desktop › antd-sample select-enter-down-enter paced sample 9,antd-sample,select,select-enter-down-enter,select-down-enter,paced,9,Enter ArrowDown Enter,7 days | list closed | none | @combobox:Sample choice,1,0,Enter>combobox:Sample choice[none|f=combobox:Sample choice|h=None]@29.5 ; ArrowDown>combobox:Sample choice[listbox×1|f=combobox:Sample choice|h=Never]@360 ; Enter>combobox:Sample choice[listbox×1|f=combobox:Sample choice|h=7 days]@672
chromium-dark-desktop › antd-sample select-enter-down-enter paced sample 10,antd-sample,select,select-enter-down-enter,select-down-enter,paced,10,Enter ArrowDown Enter,7 days | list closed | none | @combobox:Sample choice,1,0,Enter>combobox:Sample choice[none|f=combobox:Sample choice|h=None]@30.7 ; ArrowDown>combobox:Sample choice[listbox×1|f=combobox:Sample choice|h=Never]@361.6 ; Enter>combobox:Sample choice[listbox×1|f=combobox:Sample choice|h=7 days]@673.4
chromium-dark-desktop › antd-sample select-enter-down-enter paced sample 11,antd-sample,select,select-enter-down-enter,select-down-enter,paced,11,Enter ArrowDown Enter,7 days | list closed | none | @combobox:Sample choice,1,0,Enter>combobox:Sample choice[none|f=combobox:Sample choice|h=None]@36 ; ArrowDown>combobox:Sample choice[listbox×1|f=combobox:Sample choice|h=Never]@364.3 ; Enter>combobox:Sample choice[listbox×1|f=combobox:Sample choice|h=7 days]@675.8
chromium-dark-desktop › antd-sample select-enter-down-enter paced sample 12,antd-sample,select,select-enter-down-enter,select-down-enter,paced,12,Enter ArrowDown Enter,7 days | list closed | none | @combobox:Sample choice,1,0,Enter>combobox:Sample choice[none|f=combobox:Sample choice|h=None]@31 ; ArrowDown>combobox:Sample choice[listbox×1|f=combobox:Sample choice|h=Never]@371.5 ; Enter>combobox:Sample choice[listbox×1|f=combobox:Sample choice|h=7 days]@680.5
chromium-dark-desktop › antd-sample select-enter-down-enter paced sample 13,antd-sample,select,select-enter-down-enter,select-down-enter,paced,13,Enter ArrowDown Enter,7 days | list closed | none | @combobox:Sample choice,1,0,Enter>combobox:Sample choice[none|f=combobox:Sample choice|h=None]@21.7 ; ArrowDown>combobox:Sample choice[listbox×1|f=combobox:Sample choice|h=Never]@367 ; Enter>combobox:Sample choice[listbox×1|f=combobox:Sample choice|h=7 days]@677.6
chromium-dark-desktop › antd-sample select-enter-down-enter paced sample 14,antd-sample,select,select-enter-down-enter,select-down-enter,paced,14,Enter ArrowDown Enter,7 days | list closed | none | @combobox:Sample choice,1,0,Enter>combobox:Sample choice[none|f=combobox:Sample choice|h=None]@31.8 ; ArrowDown>combobox:Sample choice[listbox×1|f=combobox:Sample choice|h=Never]@363.3 ; Enter>combobox:Sample choice[listbox×1|f=combobox:Sample choice|h=7 days]@675.9
chromium-dark-desktop › antd-sample select-enter-down-enter paced sample 15,antd-sample,select,select-enter-down-enter,select-down-enter,paced,15,Enter ArrowDown Enter,7 days | list closed | none | @combobox:Sample choice,1,0,Enter>combobox:Sample choice[none|f=combobox:Sample choice|h=None]@37.1 ; ArrowDown>combobox:Sample choice[listbox×1|f=combobox:Sample choice|h=Never]@366.1 ; Enter>combobox:Sample choice[listbox×1|f=combobox:Sample choice|h=7 days]@676.7
chromium-dark-desktop › antd-sample select-enter-down-enter paced sample 16,antd-sample,select,select-enter-down-enter,select-down-enter,paced,16,Enter ArrowDown Enter,7 days | list closed | none | @combobox:Sample choice,1,0,Enter>combobox:Sample choice[none|f=combobox:Sample choice|h=None]@31 ; ArrowDown>combobox:Sample choice[listbox×1|f=combobox:Sample choice|h=Never]@369 ; Enter>combobox:Sample choice[listbox×1|f=combobox:Sample choice|h=7 days]@677.8
chromium-dark-desktop › antd-sample select-enter-down-enter paced sample 17,antd-sample,select,select-enter-down-enter,select-down-enter,paced,17,Enter ArrowDown Enter,7 days | list closed | none | @combobox:Sample choice,1,0,Enter>combobox:Sample choice[none|f=combobox:Sample choice|h=None]@43.2 ; ArrowDown>combobox:Sample choice[listbox×1|f=combobox:Sample choice|h=Never]@386.2 ; Enter>combobox:Sample choice[listbox×1|f=combobox:Sample choice|h=7 days]@699.2
chromium-dark-desktop › antd-sample select-enter-down-enter paced sample 18,antd-sample,select,select-enter-down-enter,select-down-enter,paced,18,Enter ArrowDown Enter,7 days | list closed | none | @combobox:Sample choice,1,0,Enter>combobox:Sample choice[none|f=combobox:Sample choice|h=None]@38.7 ; ArrowDown>combobox:Sample choice[listbox×1|f=combobox:Sample choice|h=Never]@378.9 ; Enter>combobox:Sample choice[listbox×1|f=combobox:Sample choice|h=7 days]@692.7
chromium-dark-desktop › antd-sample select-enter-down-enter paced sample 19,antd-sample,select,select-enter-down-enter,select-down-enter,paced,19,Enter ArrowDown Enter,7 days | list closed | none | @combobox:Sample choice,1,0,Enter>combobox:Sample choice[none|f=combobox:Sample choice|h=None]@20 ; ArrowDown>combobox:Sample choice[listbox×1|f=combobox:Sample choice|h=Never]@349.4 ; Enter>combobox:Sample choice[listbox×1|f=combobox:Sample choice|h=7 days]@662.3
chromium-dark-desktop › orbit-field select-down-7-enter burst sample 0,orbit-field,select,select-down-7-enter,select-down-enter,burst,0,ArrowDown 7 Enter,7 | list closed | none | @combobox:Expires,1,1,ArrowDown>combobox:Expires[none|f=combobox:Expires|h=None]@33.8 ; 7>combobox:Expires[listbox×1|f=combobox:Expires|h=Never]@55.1 ; Enter>combobox:Expires[listbox×1|f=combobox:Expires|h=7 days]@56.7 ; Enter*>option:7 days[listbox×1|f=option:7 days|h=7 days]@57.5
chromium-dark-desktop › orbit-field select-down-7-enter burst sample 1,orbit-field,select,select-down-7-enter,select-down-enter,burst,1,ArrowDown 7 Enter,7 | list closed | none | @combobox:Expires,1,1,ArrowDown>combobox:Expires[none|f=combobox:Expires|h=None]@24.3 ; 7>combobox:Expires[listbox×1|f=combobox:Expires|h=Never]@45 ; Enter>combobox:Expires[listbox×1|f=combobox:Expires|h=7 days]@46.6 ; Enter*>option:7 days[listbox×1|f=option:7 days|h=7 days]@47.5
chromium-dark-desktop › orbit-field select-down-7-enter burst sample 2,orbit-field,select,select-down-7-enter,select-down-enter,burst,2,ArrowDown 7 Enter,7 | list closed | none | @combobox:Expires,1,1,ArrowDown>combobox:Expires[none|f=combobox:Expires|h=None]@29.2 ; 7>combobox:Expires[listbox×1|f=combobox:Expires|h=Never]@60.6 ; Enter>combobox:Expires[listbox×1|f=combobox:Expires|h=7 days]@62.1 ; Enter*>option:7 days[listbox×1|f=option:7 days|h=7 days]@62.8
chromium-dark-desktop › orbit-field select-down-7-enter burst sample 3,orbit-field,select,select-down-7-enter,select-down-enter,burst,3,ArrowDown 7 Enter,7 | list closed | none | @combobox:Expires,1,1,ArrowDown>combobox:Expires[none|f=combobox:Expires|h=None]@27.1 ; 7>combobox:Expires[listbox×1|f=combobox:Expires|h=Never]@49.8 ; Enter>combobox:Expires[listbox×1|f=combobox:Expires|h=7 days]@51.2 ; Enter*>option:7 days[listbox×1|f=option:7 days|h=7 days]@51.9
chromium-dark-desktop › orbit-field select-down-7-enter burst sample 4,orbit-field,select,select-down-7-enter,select-down-enter,burst,4,ArrowDown 7 Enter,7 | list closed | none | @combobox:Expires,1,1,ArrowDown>combobox:Expires[none|f=combobox:Expires|h=None]@33.8 ; 7>combobox:Expires[listbox×1|f=combobox:Expires|h=Never]@53.5 ; Enter>combobox:Expires[listbox×1|f=combobox:Expires|h=7 days]@54.8 ; Enter*>option:7 days[listbox×1|f=option:7 days|h=7 days]@55.4
chromium-dark-desktop › orbit-field select-down-7-enter burst sample 5,orbit-field,select,select-down-7-enter,select-down-enter,burst,5,ArrowDown 7 Enter,7 | list closed | none | @combobox:Expires,1,1,ArrowDown>combobox:Expires[none|f=combobox:Expires|h=None]@28 ; 7>combobox:Expires[listbox×1|f=combobox:Expires|h=Never]@49.5 ; Enter>combobox:Expires[listbox×1|f=combobox:Expires|h=7 days]@51.1 ; Enter*>option:7 days[listbox×1|f=option:7 days|h=7 days]@51.7
chromium-dark-desktop › orbit-field select-down-7-enter burst sample 6,orbit-field,select,select-down-7-enter,select-down-enter,burst,6,ArrowDown 7 Enter,7 | list closed | none | @combobox:Expires,1,1,ArrowDown>combobox:Expires[none|f=combobox:Expires|h=None]@29.5 ; 7>combobox:Expires[listbox×1|f=combobox:Expires|h=Never]@50.5 ; Enter>combobox:Expires[listbox×1|f=combobox:Expires|h=7 days]@52.3 ; Enter*>option:7 days[listbox×1|f=option:7 days|h=7 days]@53
chromium-dark-desktop › orbit-field select-down-7-enter burst sample 7,orbit-field,select,select-down-7-enter,select-down-enter,burst,7,ArrowDown 7 Enter,7 | list closed | none | @combobox:Expires,1,1,ArrowDown>combobox:Expires[none|f=combobox:Expires|h=None]@29.7 ; 7>combobox:Expires[listbox×1|f=combobox:Expires|h=Never]@52 ; Enter>combobox:Expires[listbox×1|f=combobox:Expires|h=7 days]@53.7 ; Enter*>option:7 days[listbox×1|f=option:7 days|h=7 days]@54.5
chromium-dark-desktop › orbit-field select-down-7-enter burst sample 8,orbit-field,select,select-down-7-enter,select-down-enter,burst,8,ArrowDown 7 Enter,7 | list closed | none | @combobox:Expires,1,1,ArrowDown>combobox:Expires[none|f=combobox:Expires|h=None]@30.1 ; 7>combobox:Expires[listbox×1|f=combobox:Expires|h=Never]@52.9 ; Enter>combobox:Expires[listbox×1|f=combobox:Expires|h=7 days]@56.1 ; Enter*>option:7 days[listbox×1|f=option:7 days|h=7 days]@57.1
chromium-dark-desktop › orbit-field select-down-7-enter burst sample 9,orbit-field,select,select-down-7-enter,select-down-enter,burst,9,ArrowDown 7 Enter,7 | list closed | none | @combobox:Expires,1,1,ArrowDown>combobox:Expires[none|f=combobox:Expires|h=None]@22.9 ; 7>combobox:Expires[listbox×1|f=combobox:Expires|h=Never]@42.3 ; Enter>combobox:Expires[listbox×1|f=combobox:Expires|h=7 days]@43.8 ; Enter*>option:7 days[listbox×1|f=option:7 days|h=7 days]@44.5
chromium-dark-desktop › orbit-field select-down-7-enter burst sample 10,orbit-field,select,select-down-7-enter,select-down-enter,burst,10,ArrowDown 7 Enter,7 | list closed | none | @combobox:Expires,1,1,ArrowDown>combobox:Expires[none|f=combobox:Expires|h=None]@33.9 ; 7>combobox:Expires[listbox×1|f=combobox:Expires|h=Never]@53.4 ; Enter>combobox:Expires[listbox×1|f=combobox:Expires|h=7 days]@54.7 ; Enter*>option:7 days[listbox×1|f=option:7 days|h=7 days]@55.4
chromium-dark-desktop › orbit-field select-down-7-enter burst sample 11,orbit-field,select,select-down-7-enter,select-down-enter,burst,11,ArrowDown 7 Enter,7 | list closed | none | @combobox:Expires,1,1,ArrowDown>combobox:Expires[none|f=combobox:Expires|h=None]@26 ; 7>combobox:Expires[listbox×1|f=combobox:Expires|h=Never]@54.7 ; Enter>combobox:Expires[listbox×1|f=combobox:Expires|h=7 days]@57.1 ; Enter*>option:7 days[listbox×1|f=option:7 days|h=7 days]@58
chromium-dark-desktop › orbit-field select-down-7-enter burst sample 12,orbit-field,select,select-down-7-enter,select-down-enter,burst,12,ArrowDown 7 Enter,7 | list closed | none | @combobox:Expires,1,1,ArrowDown>combobox:Expires[none|f=combobox:Expires|h=None]@30.9 ; 7>combobox:Expires[listbox×1|f=combobox:Expires|h=Never]@51 ; Enter>combobox:Expires[listbox×1|f=combobox:Expires|h=7 days]@52.3 ; Enter*>option:7 days[listbox×1|f=option:7 days|h=7 days]@52.8
chromium-dark-desktop › orbit-field select-down-7-enter burst sample 13,orbit-field,select,select-down-7-enter,select-down-enter,burst,13,ArrowDown 7 Enter,7 | list closed | none | @combobox:Expires,1,1,ArrowDown>combobox:Expires[none|f=combobox:Expires|h=None]@32.7 ; 7>combobox:Expires[listbox×1|f=combobox:Expires|h=Never]@54.5 ; Enter>combobox:Expires[listbox×1|f=combobox:Expires|h=7 days]@56 ; Enter*>option:7 days[listbox×1|f=option:7 days|h=7 days]@56.6
chromium-dark-desktop › orbit-field select-down-7-enter burst sample 14,orbit-field,select,select-down-7-enter,select-down-enter,burst,14,ArrowDown 7 Enter,7 | list closed | none | @combobox:Expires,1,1,ArrowDown>combobox:Expires[none|f=combobox:Expires|h=None]@29.3 ; 7>combobox:Expires[listbox×1|f=combobox:Expires|h=Never]@49.7 ; Enter>combobox:Expires[listbox×1|f=combobox:Expires|h=7 days]@51.1 ; Enter*>option:7 days[listbox×1|f=option:7 days|h=7 days]@51.7
chromium-dark-desktop › orbit-field select-down-7-enter burst sample 15,orbit-field,select,select-down-7-enter,select-down-enter,burst,15,ArrowDown 7 Enter,7 | list closed | none | @combobox:Expires,1,1,ArrowDown>combobox:Expires[none|f=combobox:Expires|h=None]@37.6 ; 7>combobox:Expires[listbox×1|f=combobox:Expires|h=Never]@58 ; Enter>combobox:Expires[listbox×1|f=combobox:Expires|h=7 days]@59.3 ; Enter*>option:7 days[listbox×1|f=option:7 days|h=7 days]@59.9
chromium-dark-desktop › orbit-field select-down-7-enter burst sample 16,orbit-field,select,select-down-7-enter,select-down-enter,burst,16,ArrowDown 7 Enter,7 | list closed | none | @combobox:Expires,1,1,ArrowDown>combobox:Expires[none|f=combobox:Expires|h=None]@24.3 ; 7>combobox:Expires[listbox×1|f=combobox:Expires|h=Never]@46.2 ; Enter>combobox:Expires[listbox×1|f=combobox:Expires|h=7 days]@47.6 ; Enter*>option:7 days[listbox×1|f=option:7 days|h=7 days]@48.2
chromium-dark-desktop › orbit-field select-down-7-enter burst sample 17,orbit-field,select,select-down-7-enter,select-down-enter,burst,17,ArrowDown 7 Enter,7 | list closed | none | @combobox:Expires,1,1,ArrowDown>combobox:Expires[none|f=combobox:Expires|h=None]@36.4 ; 7>combobox:Expires[listbox×1|f=combobox:Expires|h=Never]@58.1 ; Enter>combobox:Expires[listbox×1|f=combobox:Expires|h=7 days]@59.8 ; Enter*>option:7 days[listbox×1|f=option:7 days|h=7 days]@60.4
chromium-dark-desktop › orbit-field select-down-7-enter burst sample 18,orbit-field,select,select-down-7-enter,select-down-enter,burst,18,ArrowDown 7 Enter,7 | list closed | none | @combobox:Expires,1,1,ArrowDown>combobox:Expires[none|f=combobox:Expires|h=None]@34 ; 7>combobox:Expires[listbox×1|f=combobox:Expires|h=Never]@55 ; Enter>combobox:Expires[listbox×1|f=combobox:Expires|h=7 days]@56.5 ; Enter*>option:7 days[listbox×1|f=option:7 days|h=7 days]@57.2
chromium-dark-desktop › orbit-field select-down-7-enter burst sample 19,orbit-field,select,select-down-7-enter,select-down-enter,burst,19,ArrowDown 7 Enter,7 | list closed | none | @combobox:Expires,1,1,ArrowDown>combobox:Expires[none|f=combobox:Expires|h=None]@31.4 ; 7>combobox:Expires[listbox×1|f=combobox:Expires|h=Never]@55.6 ; Enter>combobox:Expires[listbox×1|f=combobox:Expires|h=7 days]@57.2 ; Enter*>option:7 days[listbox×1|f=option:7 days|h=7 days]@58
chromium-dark-desktop › orbit-field select-down-7-enter paced sample 0,orbit-field,select,select-down-7-enter,select-down-enter,paced,0,ArrowDown 7 Enter,7 | list closed | none | @combobox:Expires,0,0,ArrowDown>combobox:Expires[none|f=combobox:Expires|h=None]@38 ; 7>option:Never[listbox×1|f=option:Never|h=Never]@379.1 ; Enter>option:7 days[listbox×1|f=option:7 days|h=7 days]@691.6
chromium-dark-desktop › orbit-field select-down-7-enter paced sample 1,orbit-field,select,select-down-7-enter,select-down-enter,paced,1,ArrowDown 7 Enter,7 | list closed | none | @combobox:Expires,0,0,ArrowDown>combobox:Expires[none|f=combobox:Expires|h=None]@32.2 ; 7>option:Never[listbox×1|f=option:Never|h=Never]@362.5 ; Enter>option:7 days[listbox×1|f=option:7 days|h=7 days]@670.2
chromium-dark-desktop › orbit-field select-down-7-enter paced sample 2,orbit-field,select,select-down-7-enter,select-down-enter,paced,2,ArrowDown 7 Enter,7 | list closed | none | @combobox:Expires,0,0,ArrowDown>combobox:Expires[none|f=combobox:Expires|h=None]@35.8 ; 7>option:Never[listbox×1|f=option:Never|h=Never]@368.4 ; Enter>option:7 days[listbox×1|f=option:7 days|h=7 days]@678.4
chromium-dark-desktop › orbit-field select-down-7-enter paced sample 3,orbit-field,select,select-down-7-enter,select-down-enter,paced,3,ArrowDown 7 Enter,7 | list closed | none | @combobox:Expires,0,0,ArrowDown>combobox:Expires[none|f=combobox:Expires|h=None]@28.8 ; 7>option:Never[listbox×1|f=option:Never|h=Never]@356.7 ; Enter>option:7 days[listbox×1|f=option:7 days|h=7 days]@664.9
chromium-dark-desktop › orbit-field select-down-7-enter paced sample 4,orbit-field,select,select-down-7-enter,select-down-enter,paced,4,ArrowDown 7 Enter,7 | list closed | none | @combobox:Expires,0,0,ArrowDown>combobox:Expires[none|f=combobox:Expires|h=None]@26.8 ; 7>option:Never[listbox×1|f=option:Never|h=Never]@356 ; Enter>option:7 days[listbox×1|f=option:7 days|h=7 days]@664.1
chromium-dark-desktop › orbit-field select-down-7-enter paced sample 5,orbit-field,select,select-down-7-enter,select-down-enter,paced,5,ArrowDown 7 Enter,7 | list closed | none | @combobox:Expires,0,0,ArrowDown>combobox:Expires[none|f=combobox:Expires|h=None]@34 ; 7>option:Never[listbox×1|f=option:Never|h=Never]@364.6 ; Enter>option:7 days[listbox×1|f=option:7 days|h=7 days]@673
chromium-dark-desktop › orbit-field select-down-7-enter paced sample 6,orbit-field,select,select-down-7-enter,select-down-enter,paced,6,ArrowDown 7 Enter,7 | list closed | none | @combobox:Expires,0,0,ArrowDown>combobox:Expires[none|f=combobox:Expires|h=None]@38.8 ; 7>option:Never[listbox×1|f=option:Never|h=Never]@372.2 ; Enter>option:7 days[listbox×1|f=option:7 days|h=7 days]@680.8
chromium-dark-desktop › orbit-field select-down-7-enter paced sample 7,orbit-field,select,select-down-7-enter,select-down-enter,paced,7,ArrowDown 7 Enter,7 | list closed | none | @combobox:Expires,0,0,ArrowDown>combobox:Expires[none|f=combobox:Expires|h=None]@28.6 ; 7>option:Never[listbox×1|f=option:Never|h=Never]@359.2 ; Enter>option:7 days[listbox×1|f=option:7 days|h=7 days]@671.8
chromium-dark-desktop › orbit-field select-down-7-enter paced sample 8,orbit-field,select,select-down-7-enter,select-down-enter,paced,8,ArrowDown 7 Enter,7 | list closed | none | @combobox:Expires,0,0,ArrowDown>combobox:Expires[none|f=combobox:Expires|h=None]@31.1 ; 7>option:Never[listbox×1|f=option:Never|h=Never]@359.1 ; Enter>option:7 days[listbox×1|f=option:7 days|h=7 days]@667.7
chromium-dark-desktop › orbit-field select-down-7-enter paced sample 9,orbit-field,select,select-down-7-enter,select-down-enter,paced,9,ArrowDown 7 Enter,7 | list closed | none | @combobox:Expires,0,0,ArrowDown>combobox:Expires[none|f=combobox:Expires|h=None]@35.9 ; 7>option:Never[listbox×1|f=option:Never|h=Never]@362.5 ; Enter>option:7 days[listbox×1|f=option:7 days|h=7 days]@675.8
chromium-dark-desktop › orbit-field select-down-7-enter paced sample 10,orbit-field,select,select-down-7-enter,select-down-enter,paced,10,ArrowDown 7 Enter,7 | list closed | none | @combobox:Expires,0,0,ArrowDown>combobox:Expires[none|f=combobox:Expires|h=None]@25.9 ; 7>option:Never[listbox×1|f=option:Never|h=Never]@351 ; Enter>option:7 days[listbox×1|f=option:7 days|h=7 days]@659.6
chromium-dark-desktop › orbit-field select-down-7-enter paced sample 11,orbit-field,select,select-down-7-enter,select-down-enter,paced,11,ArrowDown 7 Enter,7 | list closed | none | @combobox:Expires,0,0,ArrowDown>combobox:Expires[none|f=combobox:Expires|h=None]@23.5 ; 7>option:Never[listbox×1|f=option:Never|h=Never]@350.8 ; Enter>option:7 days[listbox×1|f=option:7 days|h=7 days]@658.6
chromium-dark-desktop › orbit-field select-down-7-enter paced sample 12,orbit-field,select,select-down-7-enter,select-down-enter,paced,12,ArrowDown 7 Enter,7 | list closed | none | @combobox:Expires,0,0,ArrowDown>combobox:Expires[none|f=combobox:Expires|h=None]@37.4 ; 7>option:Never[listbox×1|f=option:Never|h=Never]@369 ; Enter>option:7 days[listbox×1|f=option:7 days|h=7 days]@682.3
chromium-dark-desktop › orbit-field select-down-7-enter paced sample 13,orbit-field,select,select-down-7-enter,select-down-enter,paced,13,ArrowDown 7 Enter,7 | list closed | none | @combobox:Expires,0,0,ArrowDown>combobox:Expires[none|f=combobox:Expires|h=None]@32.6 ; 7>option:Never[listbox×1|f=option:Never|h=Never]@365.5 ; Enter>option:7 days[listbox×1|f=option:7 days|h=7 days]@674.5
chromium-dark-desktop › orbit-field select-down-7-enter paced sample 14,orbit-field,select,select-down-7-enter,select-down-enter,paced,14,ArrowDown 7 Enter,7 | list closed | none | @combobox:Expires,0,0,ArrowDown>combobox:Expires[none|f=combobox:Expires|h=None]@32.2 ; 7>option:Never[listbox×1|f=option:Never|h=Never]@360.9 ; Enter>option:7 days[listbox×1|f=option:7 days|h=7 days]@670.1
chromium-dark-desktop › orbit-field select-down-7-enter paced sample 15,orbit-field,select,select-down-7-enter,select-down-enter,paced,15,ArrowDown 7 Enter,7 | list closed | none | @combobox:Expires,0,0,ArrowDown>combobox:Expires[none|f=combobox:Expires|h=None]@23.8 ; 7>option:Never[listbox×1|f=option:Never|h=Never]@351.4 ; Enter>option:7 days[listbox×1|f=option:7 days|h=7 days]@665.9
chromium-dark-desktop › orbit-field select-down-7-enter paced sample 16,orbit-field,select,select-down-7-enter,select-down-enter,paced,16,ArrowDown 7 Enter,7 | list closed | none | @combobox:Expires,0,0,ArrowDown>combobox:Expires[none|f=combobox:Expires|h=None]@33.9 ; 7>option:Never[listbox×1|f=option:Never|h=Never]@361 ; Enter>option:7 days[listbox×1|f=option:7 days|h=7 days]@676.8
chromium-dark-desktop › orbit-field select-down-7-enter paced sample 17,orbit-field,select,select-down-7-enter,select-down-enter,paced,17,ArrowDown 7 Enter,7 | list closed | none | @combobox:Expires,0,0,ArrowDown>combobox:Expires[none|f=combobox:Expires|h=None]@21.7 ; 7>option:Never[listbox×1|f=option:Never|h=Never]@354.8 ; Enter>option:7 days[listbox×1|f=option:7 days|h=7 days]@664.1
chromium-dark-desktop › orbit-field select-down-7-enter paced sample 18,orbit-field,select,select-down-7-enter,select-down-enter,paced,18,ArrowDown 7 Enter,7 | list closed | none | @combobox:Expires,0,0,ArrowDown>combobox:Expires[none|f=combobox:Expires|h=None]@22.5 ; 7>option:Never[listbox×1|f=option:Never|h=Never]@351.7 ; Enter>option:7 days[listbox×1|f=option:7 days|h=7 days]@663.7
chromium-dark-desktop › orbit-field select-down-7-enter paced sample 19,orbit-field,select,select-down-7-enter,select-down-enter,paced,19,ArrowDown 7 Enter,7 | list closed | none | @combobox:Expires,0,0,ArrowDown>combobox:Expires[none|f=combobox:Expires|h=None]@30.6 ; 7>option:Never[listbox×1|f=option:Never|h=Never]@358.7 ; Enter>option:7 days[listbox×1|f=option:7 days|h=7 days]@673.4
chromium-dark-desktop › orbit-sample select-down-7-enter burst sample 0,orbit-sample,select,select-down-7-enter,select-down-enter,burst,0,ArrowDown 7 Enter,7 days | list closed | none | @combobox:Sample choice,1,1,ArrowDown>combobox:Sample choice[none|f=combobox:Sample choice|h=None]@33.4 ; 7>combobox:Sample choice[listbox×1|f=combobox:Sample choice|h=Never]@56.6 ; Enter>combobox:Sample choice[listbox×1|f=combobox:Sample choice|h=7 days]@57.9 ; Enter*>option:7 days[listbox×1|f=option:7 days|h=7 days]@58.5
chromium-dark-desktop › orbit-sample select-down-7-enter burst sample 1,orbit-sample,select,select-down-7-enter,select-down-enter,burst,1,ArrowDown 7 Enter,7 days | list closed | none | @combobox:Sample choice,1,1,ArrowDown>combobox:Sample choice[none|f=combobox:Sample choice|h=None]@31.1 ; 7>combobox:Sample choice[listbox×1|f=combobox:Sample choice|h=Never]@51.4 ; Enter>combobox:Sample choice[listbox×1|f=combobox:Sample choice|h=7 days]@52.7 ; Enter*>option:7 days[listbox×1|f=option:7 days|h=7 days]@53.2
chromium-dark-desktop › orbit-sample select-down-7-enter burst sample 2,orbit-sample,select,select-down-7-enter,select-down-enter,burst,2,ArrowDown 7 Enter,7 days | list closed | none | @combobox:Sample choice,1,1,ArrowDown>combobox:Sample choice[none|f=combobox:Sample choice|h=None]@29.3 ; 7>combobox:Sample choice[listbox×1|f=combobox:Sample choice|h=Never]@55.5 ; Enter>combobox:Sample choice[listbox×1|f=combobox:Sample choice|h=7 days]@57 ; Enter*>option:7 days[listbox×1|f=option:7 days|h=7 days]@57.7
chromium-dark-desktop › orbit-sample select-down-7-enter burst sample 3,orbit-sample,select,select-down-7-enter,select-down-enter,burst,3,ArrowDown 7 Enter,7 days | list closed | none | @combobox:Sample choice,1,1,ArrowDown>combobox:Sample choice[none|f=combobox:Sample choice|h=None]@29.7 ; 7>combobox:Sample choice[listbox×1|f=combobox:Sample choice|h=Never]@48.3 ; Enter>combobox:Sample choice[listbox×1|f=combobox:Sample choice|h=7 days]@49.4 ; Enter*>option:7 days[listbox×1|f=option:7 days|h=7 days]@50
chromium-dark-desktop › orbit-sample select-down-7-enter burst sample 4,orbit-sample,select,select-down-7-enter,select-down-enter,burst,4,ArrowDown 7 Enter,7 days | list closed | none | @combobox:Sample choice,1,1,ArrowDown>combobox:Sample choice[none|f=combobox:Sample choice|h=None]@26 ; 7>combobox:Sample choice[listbox×1|f=combobox:Sample choice|h=Never]@48.3 ; Enter>combobox:Sample choice[listbox×1|f=combobox:Sample choice|h=7 days]@50 ; Enter*>option:7 days[listbox×1|f=option:7 days|h=7 days]@50.8
chromium-dark-desktop › orbit-sample select-down-7-enter burst sample 5,orbit-sample,select,select-down-7-enter,select-down-enter,burst,5,ArrowDown 7 Enter,7 days | list closed | none | @combobox:Sample choice,1,1,ArrowDown>combobox:Sample choice[none|f=combobox:Sample choice|h=None]@30.8 ; 7>combobox:Sample choice[listbox×1|f=combobox:Sample choice|h=Never]@50.8 ; Enter>combobox:Sample choice[listbox×1|f=combobox:Sample choice|h=7 days]@52 ; Enter*>option:7 days[listbox×1|f=option:7 days|h=7 days]@52.5
chromium-dark-desktop › orbit-sample select-down-7-enter burst sample 6,orbit-sample,select,select-down-7-enter,select-down-enter,burst,6,ArrowDown 7 Enter,7 days | list closed | none | @combobox:Sample choice,1,1,ArrowDown>combobox:Sample choice[none|f=combobox:Sample choice|h=None]@28.4 ; 7>combobox:Sample choice[listbox×1|f=combobox:Sample choice|h=Never]@46.5 ; Enter>combobox:Sample choice[listbox×1|f=combobox:Sample choice|h=7 days]@47.6 ; Enter*>option:7 days[listbox×1|f=option:7 days|h=7 days]@48.1
chromium-dark-desktop › orbit-sample select-down-7-enter burst sample 7,orbit-sample,select,select-down-7-enter,select-down-enter,burst,7,ArrowDown 7 Enter,7 days | list closed | none | @combobox:Sample choice,1,1,ArrowDown>combobox:Sample choice[none|f=combobox:Sample choice|h=None]@27.1 ; 7>combobox:Sample choice[listbox×1|f=combobox:Sample choice|h=Never]@44.9 ; Enter>combobox:Sample choice[listbox×1|f=combobox:Sample choice|h=7 days]@45.9 ; Enter*>option:7 days[listbox×1|f=option:7 days|h=7 days]@46.5
chromium-dark-desktop › orbit-sample select-down-7-enter burst sample 8,orbit-sample,select,select-down-7-enter,select-down-enter,burst,8,ArrowDown 7 Enter,7 days | list closed | none | @combobox:Sample choice,1,1,ArrowDown>combobox:Sample choice[none|f=combobox:Sample choice|h=None]@32 ; 7>combobox:Sample choice[listbox×1|f=combobox:Sample choice|h=Never]@55.7 ; Enter>combobox:Sample choice[listbox×1|f=combobox:Sample choice|h=7 days]@57.4 ; Enter*>option:7 days[listbox×1|f=option:7 days|h=7 days]@58.2
chromium-dark-desktop › orbit-sample select-down-7-enter burst sample 9,orbit-sample,select,select-down-7-enter,select-down-enter,burst,9,ArrowDown 7 Enter,7 days | list closed | none | @combobox:Sample choice,1,1,ArrowDown>combobox:Sample choice[none|f=combobox:Sample choice|h=None]@24.1 ; 7>combobox:Sample choice[listbox×1|f=combobox:Sample choice|h=Never]@44.5 ; Enter>combobox:Sample choice[listbox×1|f=combobox:Sample choice|h=7 days]@45.9 ; Enter*>option:7 days[listbox×1|f=option:7 days|h=7 days]@46.6
chromium-dark-desktop › orbit-sample select-down-7-enter burst sample 10,orbit-sample,select,select-down-7-enter,select-down-enter,burst,10,ArrowDown 7 Enter,7 days | list closed | none | @combobox:Sample choice,1,1,ArrowDown>combobox:Sample choice[none|f=combobox:Sample choice|h=None]@28.7 ; 7>combobox:Sample choice[listbox×1|f=combobox:Sample choice|h=Never]@48 ; Enter>combobox:Sample choice[listbox×1|f=combobox:Sample choice|h=7 days]@49.3 ; Enter*>option:7 days[listbox×1|f=option:7 days|h=7 days]@49.9
chromium-dark-desktop › orbit-sample select-down-7-enter burst sample 11,orbit-sample,select,select-down-7-enter,select-down-enter,burst,11,ArrowDown 7 Enter,7 days | list closed | none | @combobox:Sample choice,1,1,ArrowDown>combobox:Sample choice[none|f=combobox:Sample choice|h=None]@29.6 ; 7>combobox:Sample choice[listbox×1|f=combobox:Sample choice|h=Never]@51.4 ; Enter>combobox:Sample choice[listbox×1|f=combobox:Sample choice|h=7 days]@52.8 ; Enter*>option:7 days[listbox×1|f=option:7 days|h=7 days]@53.4
chromium-dark-desktop › orbit-sample select-down-7-enter burst sample 12,orbit-sample,select,select-down-7-enter,select-down-enter,burst,12,ArrowDown 7 Enter,7 days | list closed | none | @combobox:Sample choice,1,1,ArrowDown>combobox:Sample choice[none|f=combobox:Sample choice|h=None]@23 ; 7>combobox:Sample choice[listbox×1|f=combobox:Sample choice|h=Never]@44.1 ; Enter>combobox:Sample choice[listbox×1|f=combobox:Sample choice|h=7 days]@45.5 ; Enter*>option:7 days[listbox×1|f=option:7 days|h=7 days]@46
chromium-dark-desktop › orbit-sample select-down-7-enter burst sample 13,orbit-sample,select,select-down-7-enter,select-down-enter,burst,13,ArrowDown 7 Enter,7 days | list closed | none | @combobox:Sample choice,1,1,ArrowDown>combobox:Sample choice[none|f=combobox:Sample choice|h=None]@35.1 ; 7>combobox:Sample choice[listbox×1|f=combobox:Sample choice|h=Never]@55 ; Enter>combobox:Sample choice[listbox×1|f=combobox:Sample choice|h=7 days]@56.3 ; Enter*>option:7 days[listbox×1|f=option:7 days|h=7 days]@56.9
chromium-dark-desktop › orbit-sample select-down-7-enter burst sample 14,orbit-sample,select,select-down-7-enter,select-down-enter,burst,14,ArrowDown 7 Enter,7 days | list closed | none | @combobox:Sample choice,1,1,ArrowDown>combobox:Sample choice[none|f=combobox:Sample choice|h=None]@22.9 ; 7>combobox:Sample choice[listbox×1|f=combobox:Sample choice|h=Never]@41.9 ; Enter>combobox:Sample choice[listbox×1|f=combobox:Sample choice|h=7 days]@43.1 ; Enter*>option:7 days[listbox×1|f=option:7 days|h=7 days]@43.6
chromium-dark-desktop › orbit-sample select-down-7-enter burst sample 15,orbit-sample,select,select-down-7-enter,select-down-enter,burst,15,ArrowDown 7 Enter,7 days | list closed | none | @combobox:Sample choice,1,1,ArrowDown>combobox:Sample choice[none|f=combobox:Sample choice|h=None]@26.1 ; 7>combobox:Sample choice[listbox×1|f=combobox:Sample choice|h=Never]@45 ; Enter>combobox:Sample choice[listbox×1|f=combobox:Sample choice|h=7 days]@46.5 ; Enter*>option:7 days[listbox×1|f=option:7 days|h=7 days]@47.1
chromium-dark-desktop › orbit-sample select-down-7-enter burst sample 16,orbit-sample,select,select-down-7-enter,select-down-enter,burst,16,ArrowDown 7 Enter,7 days | list closed | none | @combobox:Sample choice,1,1,ArrowDown>combobox:Sample choice[none|f=combobox:Sample choice|h=None]@23.6 ; 7>combobox:Sample choice[listbox×1|f=combobox:Sample choice|h=Never]@42.3 ; Enter>combobox:Sample choice[listbox×1|f=combobox:Sample choice|h=7 days]@43.5 ; Enter*>option:7 days[listbox×1|f=option:7 days|h=7 days]@44.1
chromium-dark-desktop › orbit-sample select-down-7-enter burst sample 17,orbit-sample,select,select-down-7-enter,select-down-enter,burst,17,ArrowDown 7 Enter,7 days | list closed | none | @combobox:Sample choice,1,1,ArrowDown>combobox:Sample choice[none|f=combobox:Sample choice|h=None]@36.3 ; 7>combobox:Sample choice[listbox×1|f=combobox:Sample choice|h=Never]@54.6 ; Enter>combobox:Sample choice[listbox×1|f=combobox:Sample choice|h=7 days]@55.7 ; Enter*>option:7 days[listbox×1|f=option:7 days|h=7 days]@56.3
chromium-dark-desktop › orbit-sample select-down-7-enter burst sample 18,orbit-sample,select,select-down-7-enter,select-down-enter,burst,18,ArrowDown 7 Enter,7 days | list closed | none | @combobox:Sample choice,1,1,ArrowDown>combobox:Sample choice[none|f=combobox:Sample choice|h=None]@27.8 ; 7>combobox:Sample choice[listbox×1|f=combobox:Sample choice|h=Never]@48.6 ; Enter>combobox:Sample choice[listbox×1|f=combobox:Sample choice|h=7 days]@50.2 ; Enter*>option:7 days[listbox×1|f=option:7 days|h=7 days]@50.8
chromium-dark-desktop › orbit-sample select-down-7-enter burst sample 19,orbit-sample,select,select-down-7-enter,select-down-enter,burst,19,ArrowDown 7 Enter,7 days | list closed | none | @combobox:Sample choice,1,1,ArrowDown>combobox:Sample choice[none|f=combobox:Sample choice|h=None]@26.7 ; 7>combobox:Sample choice[listbox×1|f=combobox:Sample choice|h=Never]@46.2 ; Enter>combobox:Sample choice[listbox×1|f=combobox:Sample choice|h=7 days]@47.5 ; Enter*>option:7 days[listbox×1|f=option:7 days|h=7 days]@48.3
chromium-dark-desktop › orbit-sample select-down-7-enter paced sample 0,orbit-sample,select,select-down-7-enter,select-down-enter,paced,0,ArrowDown 7 Enter,7 days | list closed | none | @combobox:Sample choice,0,0,ArrowDown>combobox:Sample choice[none|f=combobox:Sample choice|h=None]@24.8 ; 7>option:Never[listbox×1|f=option:Never|h=Never]@354.8 ; Enter>option:7 days[listbox×1|f=option:7 days|h=7 days]@665.8
chromium-dark-desktop › orbit-sample select-down-7-enter paced sample 1,orbit-sample,select,select-down-7-enter,select-down-enter,paced,1,ArrowDown 7 Enter,7 days | list closed | none | @combobox:Sample choice,0,0,ArrowDown>combobox:Sample choice[none|f=combobox:Sample choice|h=None]@26.9 ; 7>option:Never[listbox×1|f=option:Never|h=Never]@352.6 ; Enter>option:7 days[listbox×1|f=option:7 days|h=7 days]@660.4
chromium-dark-desktop › orbit-sample select-down-7-enter paced sample 2,orbit-sample,select,select-down-7-enter,select-down-enter,paced,2,ArrowDown 7 Enter,7 days | list closed | none | @combobox:Sample choice,0,0,ArrowDown>combobox:Sample choice[none|f=combobox:Sample choice|h=None]@29.4 ; 7>option:Never[listbox×1|f=option:Never|h=Never]@356 ; Enter>option:7 days[listbox×1|f=option:7 days|h=7 days]@667.9
chromium-dark-desktop › orbit-sample select-down-7-enter paced sample 3,orbit-sample,select,select-down-7-enter,select-down-enter,paced,3,ArrowDown 7 Enter,7 days | list closed | none | @combobox:Sample choice,0,0,ArrowDown>combobox:Sample choice[none|f=combobox:Sample choice|h=None]@20.8 ; 7>option:Never[listbox×1|f=option:Never|h=Never]@343.3 ; Enter>option:7 days[listbox×1|f=option:7 days|h=7 days]@649.1
chromium-dark-desktop › orbit-sample select-down-7-enter paced sample 4,orbit-sample,select,select-down-7-enter,select-down-enter,paced,4,ArrowDown 7 Enter,7 days | list closed | none | @combobox:Sample choice,0,0,ArrowDown>combobox:Sample choice[none|f=combobox:Sample choice|h=None]@29.1 ; 7>option:Never[listbox×1|f=option:Never|h=Never]@352.7 ; Enter>option:7 days[listbox×1|f=option:7 days|h=7 days]@659.4
chromium-dark-desktop › orbit-sample select-down-7-enter paced sample 5,orbit-sample,select,select-down-7-enter,select-down-enter,paced,5,ArrowDown 7 Enter,7 days | list closed | none | @combobox:Sample choice,0,0,ArrowDown>combobox:Sample choice[none|f=combobox:Sample choice|h=None]@22.5 ; 7>option:Never[listbox×1|f=option:Never|h=Never]@349.6 ; Enter>option:7 days[listbox×1|f=option:7 days|h=7 days]@655.9
chromium-dark-desktop › orbit-sample select-down-7-enter paced sample 6,orbit-sample,select,select-down-7-enter,select-down-enter,paced,6,ArrowDown 7 Enter,7 days | list closed | none | @combobox:Sample choice,0,0,ArrowDown>combobox:Sample choice[none|f=combobox:Sample choice|h=None]@26.7 ; 7>option:Never[listbox×1|f=option:Never|h=Never]@356 ; Enter>option:7 days[listbox×1|f=option:7 days|h=7 days]@666.3
chromium-dark-desktop › orbit-sample select-down-7-enter paced sample 7,orbit-sample,select,select-down-7-enter,select-down-enter,paced,7,ArrowDown 7 Enter,7 days | list closed | none | @combobox:Sample choice,0,0,ArrowDown>combobox:Sample choice[none|f=combobox:Sample choice|h=None]@21.2 ; 7>option:Never[listbox×1|f=option:Never|h=Never]@347.6 ; Enter>option:7 days[listbox×1|f=option:7 days|h=7 days]@654.4
chromium-dark-desktop › orbit-sample select-down-7-enter paced sample 8,orbit-sample,select,select-down-7-enter,select-down-enter,paced,8,ArrowDown 7 Enter,7 days | list closed | none | @combobox:Sample choice,0,0,ArrowDown>combobox:Sample choice[none|f=combobox:Sample choice|h=None]@22.4 ; 7>option:Never[listbox×1|f=option:Never|h=Never]@346.9 ; Enter>option:7 days[listbox×1|f=option:7 days|h=7 days]@654.1
chromium-dark-desktop › orbit-sample select-down-7-enter paced sample 9,orbit-sample,select,select-down-7-enter,select-down-enter,paced,9,ArrowDown 7 Enter,7 days | list closed | none | @combobox:Sample choice,0,0,ArrowDown>combobox:Sample choice[none|f=combobox:Sample choice|h=None]@33.2 ; 7>option:Never[listbox×1|f=option:Never|h=Never]@360 ; Enter>option:7 days[listbox×1|f=option:7 days|h=7 days]@669.4
chromium-dark-desktop › orbit-sample select-down-7-enter paced sample 10,orbit-sample,select,select-down-7-enter,select-down-enter,paced,10,ArrowDown 7 Enter,7 days | list closed | none | @combobox:Sample choice,0,0,ArrowDown>combobox:Sample choice[none|f=combobox:Sample choice|h=None]@35.7 ; 7>option:Never[listbox×1|f=option:Never|h=Never]@366.2 ; Enter>option:7 days[listbox×1|f=option:7 days|h=7 days]@672.3
chromium-dark-desktop › orbit-sample select-down-7-enter paced sample 11,orbit-sample,select,select-down-7-enter,select-down-enter,paced,11,ArrowDown 7 Enter,7 days | list closed | none | @combobox:Sample choice,0,0,ArrowDown>combobox:Sample choice[none|f=combobox:Sample choice|h=None]@28.5 ; 7>option:Never[listbox×1|f=option:Never|h=Never]@353.5 ; Enter>option:7 days[listbox×1|f=option:7 days|h=7 days]@660.2
chromium-dark-desktop › orbit-sample select-down-7-enter paced sample 12,orbit-sample,select,select-down-7-enter,select-down-enter,paced,12,ArrowDown 7 Enter,7 days | list closed | none | @combobox:Sample choice,0,0,ArrowDown>combobox:Sample choice[none|f=combobox:Sample choice|h=None]@21.9 ; 7>option:Never[listbox×1|f=option:Never|h=Never]@345.7 ; Enter>option:7 days[listbox×1|f=option:7 days|h=7 days]@652.4
chromium-dark-desktop › orbit-sample select-down-7-enter paced sample 13,orbit-sample,select,select-down-7-enter,select-down-enter,paced,13,ArrowDown 7 Enter,7 days | list closed | none | @combobox:Sample choice,0,0,ArrowDown>combobox:Sample choice[none|f=combobox:Sample choice|h=None]@34.6 ; 7>option:Never[listbox×1|f=option:Never|h=Never]@359 ; Enter>option:7 days[listbox×1|f=option:7 days|h=7 days]@665.2
chromium-dark-desktop › orbit-sample select-down-7-enter paced sample 14,orbit-sample,select,select-down-7-enter,select-down-enter,paced,14,ArrowDown 7 Enter,7 days | list closed | none | @combobox:Sample choice,0,0,ArrowDown>combobox:Sample choice[none|f=combobox:Sample choice|h=None]@28.5 ; 7>option:Never[listbox×1|f=option:Never|h=Never]@353.6 ; Enter>option:7 days[listbox×1|f=option:7 days|h=7 days]@660.4
chromium-dark-desktop › orbit-sample select-down-7-enter paced sample 15,orbit-sample,select,select-down-7-enter,select-down-enter,paced,15,ArrowDown 7 Enter,7 days | list closed | none | @combobox:Sample choice,0,0,ArrowDown>combobox:Sample choice[none|f=combobox:Sample choice|h=None]@29.7 ; 7>option:Never[listbox×1|f=option:Never|h=Never]@357.4 ; Enter>option:7 days[listbox×1|f=option:7 days|h=7 days]@664.8
chromium-dark-desktop › orbit-sample select-down-7-enter paced sample 16,orbit-sample,select,select-down-7-enter,select-down-enter,paced,16,ArrowDown 7 Enter,7 days | list closed | none | @combobox:Sample choice,0,0,ArrowDown>combobox:Sample choice[none|f=combobox:Sample choice|h=None]@29.2 ; 7>option:Never[listbox×1|f=option:Never|h=Never]@353.1 ; Enter>option:7 days[listbox×1|f=option:7 days|h=7 days]@660.1
chromium-dark-desktop › orbit-sample select-down-7-enter paced sample 17,orbit-sample,select,select-down-7-enter,select-down-enter,paced,17,ArrowDown 7 Enter,7 days | list closed | none | @combobox:Sample choice,0,0,ArrowDown>combobox:Sample choice[none|f=combobox:Sample choice|h=None]@33.2 ; 7>option:Never[listbox×1|f=option:Never|h=Never]@357.5 ; Enter>option:7 days[listbox×1|f=option:7 days|h=7 days]@668.9
chromium-dark-desktop › orbit-sample select-down-7-enter paced sample 18,orbit-sample,select,select-down-7-enter,select-down-enter,paced,18,ArrowDown 7 Enter,7 days | list closed | none | @combobox:Sample choice,0,0,ArrowDown>combobox:Sample choice[none|f=combobox:Sample choice|h=None]@28.9 ; 7>option:Never[listbox×1|f=option:Never|h=Never]@353 ; Enter>option:7 days[listbox×1|f=option:7 days|h=7 days]@659.5
chromium-dark-desktop › orbit-sample select-down-7-enter paced sample 19,orbit-sample,select,select-down-7-enter,select-down-enter,paced,19,ArrowDown 7 Enter,7 days | list closed | none | @combobox:Sample choice,0,0,ArrowDown>combobox:Sample choice[none|f=combobox:Sample choice|h=None]@33.8 ; 7>option:Never[listbox×1|f=option:Never|h=Never]@360 ; Enter>option:7 days[listbox×1|f=option:7 days|h=7 days]@673.3
chromium-dark-desktop › antd-sample select-down-7-enter burst sample 0,antd-sample,select,select-down-7-enter,select-down-enter,burst,0,ArrowDown 7 Enter,Never | list closed | none | @combobox:Sample choice,1,0,ArrowDown>combobox:Sample choice[none|f=combobox:Sample choice|h=None]@21.8 ; 7>combobox:Sample choice[listbox×1|f=combobox:Sample choice|h=Never]@43.9 ; Enter>combobox:Sample choice[listbox×1|f=combobox:Sample choice|h=Never]@44.2
chromium-dark-desktop › antd-sample select-down-7-enter burst sample 1,antd-sample,select,select-down-7-enter,select-down-enter,burst,1,ArrowDown 7 Enter,Never | list closed | none | @combobox:Sample choice,1,0,ArrowDown>combobox:Sample choice[none|f=combobox:Sample choice|h=None]@30.9 ; 7>combobox:Sample choice[listbox×1|f=combobox:Sample choice|h=Never]@55.8 ; Enter>combobox:Sample choice[listbox×1|f=combobox:Sample choice|h=Never]@56
chromium-dark-desktop › antd-sample select-down-7-enter burst sample 2,antd-sample,select,select-down-7-enter,select-down-enter,burst,2,ArrowDown 7 Enter,Never | list closed | none | @combobox:Sample choice,1,0,ArrowDown>combobox:Sample choice[none|f=combobox:Sample choice|h=None]@25.8 ; 7>combobox:Sample choice[listbox×1|f=combobox:Sample choice|h=Never]@48.6 ; Enter>combobox:Sample choice[listbox×1|f=combobox:Sample choice|h=Never]@48.8
chromium-dark-desktop › antd-sample select-down-7-enter burst sample 3,antd-sample,select,select-down-7-enter,select-down-enter,burst,3,ArrowDown 7 Enter,Never | list closed | none | @combobox:Sample choice,1,0,ArrowDown>combobox:Sample choice[none|f=combobox:Sample choice|h=None]@31.2 ; 7>combobox:Sample choice[listbox×1|f=combobox:Sample choice|h=Never]@54.3 ; Enter>combobox:Sample choice[listbox×1|f=combobox:Sample choice|h=Never]@54.7
chromium-dark-desktop › antd-sample select-down-7-enter burst sample 4,antd-sample,select,select-down-7-enter,select-down-enter,burst,4,ArrowDown 7 Enter,Never | list closed | none | @combobox:Sample choice,1,0,ArrowDown>combobox:Sample choice[none|f=combobox:Sample choice|h=None]@32.6 ; 7>combobox:Sample choice[listbox×1|f=combobox:Sample choice|h=Never]@54.6 ; Enter>combobox:Sample choice[listbox×1|f=combobox:Sample choice|h=Never]@54.9
chromium-dark-desktop › antd-sample select-down-7-enter burst sample 5,antd-sample,select,select-down-7-enter,select-down-enter,burst,5,ArrowDown 7 Enter,Never | list closed | none | @combobox:Sample choice,1,0,ArrowDown>combobox:Sample choice[none|f=combobox:Sample choice|h=None]@31.4 ; 7>combobox:Sample choice[listbox×1|f=combobox:Sample choice|h=Never]@54.1 ; Enter>combobox:Sample choice[listbox×1|f=combobox:Sample choice|h=Never]@54.4
chromium-dark-desktop › antd-sample select-down-7-enter burst sample 6,antd-sample,select,select-down-7-enter,select-down-enter,burst,6,ArrowDown 7 Enter,Never | list closed | none | @combobox:Sample choice,1,0,ArrowDown>combobox:Sample choice[none|f=combobox:Sample choice|h=None]@28 ; 7>combobox:Sample choice[listbox×1|f=combobox:Sample choice|h=Never]@49.6 ; Enter>combobox:Sample choice[listbox×1|f=combobox:Sample choice|h=Never]@49.9
chromium-dark-desktop › antd-sample select-down-7-enter burst sample 7,antd-sample,select,select-down-7-enter,select-down-enter,burst,7,ArrowDown 7 Enter,Never | list closed | none | @combobox:Sample choice,1,0,ArrowDown>combobox:Sample choice[none|f=combobox:Sample choice|h=None]@31.5 ; 7>combobox:Sample choice[listbox×1|f=combobox:Sample choice|h=Never]@56 ; Enter>combobox:Sample choice[listbox×1|f=combobox:Sample choice|h=Never]@56.3
chromium-dark-desktop › antd-sample select-down-7-enter burst sample 8,antd-sample,select,select-down-7-enter,select-down-enter,burst,8,ArrowDown 7 Enter,Never | list closed | none | @combobox:Sample choice,1,0,ArrowDown>combobox:Sample choice[none|f=combobox:Sample choice|h=None]@20.9 ; 7>combobox:Sample choice[listbox×1|f=combobox:Sample choice|h=Never]@44.3 ; Enter>combobox:Sample choice[listbox×1|f=combobox:Sample choice|h=Never]@44.6
chromium-dark-desktop › antd-sample select-down-7-enter burst sample 9,antd-sample,select,select-down-7-enter,select-down-enter,burst,9,ArrowDown 7 Enter,Never | list closed | none | @combobox:Sample choice,1,0,ArrowDown>combobox:Sample choice[none|f=combobox:Sample choice|h=None]@30.9 ; 7>combobox:Sample choice[listbox×1|f=combobox:Sample choice|h=Never]@53.4 ; Enter>combobox:Sample choice[listbox×1|f=combobox:Sample choice|h=Never]@53.7
chromium-dark-desktop › antd-sample select-down-7-enter burst sample 10,antd-sample,select,select-down-7-enter,select-down-enter,burst,10,ArrowDown 7 Enter,Never | list closed | none | @combobox:Sample choice,1,0,ArrowDown>combobox:Sample choice[none|f=combobox:Sample choice|h=None]@25.1 ; 7>combobox:Sample choice[listbox×1|f=combobox:Sample choice|h=Never]@47.2 ; Enter>combobox:Sample choice[listbox×1|f=combobox:Sample choice|h=Never]@47.6
chromium-dark-desktop › antd-sample select-down-7-enter burst sample 11,antd-sample,select,select-down-7-enter,select-down-enter,burst,11,ArrowDown 7 Enter,Never | list closed | none | @combobox:Sample choice,1,0,ArrowDown>combobox:Sample choice[none|f=combobox:Sample choice|h=None]@29.7 ; 7>combobox:Sample choice[listbox×1|f=combobox:Sample choice|h=Never]@53.7 ; Enter>combobox:Sample choice[listbox×1|f=combobox:Sample choice|h=Never]@54
chromium-dark-desktop › antd-sample select-down-7-enter burst sample 12,antd-sample,select,select-down-7-enter,select-down-enter,burst,12,ArrowDown 7 Enter,Never | list closed | none | @combobox:Sample choice,1,0,ArrowDown>combobox:Sample choice[none|f=combobox:Sample choice|h=None]@32.7 ; 7>combobox:Sample choice[listbox×1|f=combobox:Sample choice|h=Never]@55.7 ; Enter>combobox:Sample choice[listbox×1|f=combobox:Sample choice|h=Never]@56
chromium-dark-desktop › antd-sample select-down-7-enter burst sample 13,antd-sample,select,select-down-7-enter,select-down-enter,burst,13,ArrowDown 7 Enter,Never | list closed | none | @combobox:Sample choice,1,0,ArrowDown>combobox:Sample choice[none|f=combobox:Sample choice|h=None]@22.2 ; 7>combobox:Sample choice[listbox×1|f=combobox:Sample choice|h=Never]@45.3 ; Enter>combobox:Sample choice[listbox×1|f=combobox:Sample choice|h=Never]@45.6
chromium-dark-desktop › antd-sample select-down-7-enter burst sample 14,antd-sample,select,select-down-7-enter,select-down-enter,burst,14,ArrowDown 7 Enter,Never | list closed | none | @combobox:Sample choice,1,0,ArrowDown>combobox:Sample choice[none|f=combobox:Sample choice|h=None]@30.5 ; 7>combobox:Sample choice[listbox×1|f=combobox:Sample choice|h=Never]@54.1 ; Enter>combobox:Sample choice[listbox×1|f=combobox:Sample choice|h=Never]@54.4
chromium-dark-desktop › antd-sample select-down-7-enter burst sample 15,antd-sample,select,select-down-7-enter,select-down-enter,burst,15,ArrowDown 7 Enter,Never | list closed | none | @combobox:Sample choice,1,0,ArrowDown>combobox:Sample choice[none|f=combobox:Sample choice|h=None]@29.8 ; 7>combobox:Sample choice[listbox×1|f=combobox:Sample choice|h=Never]@54.7 ; Enter>combobox:Sample choice[listbox×1|f=combobox:Sample choice|h=Never]@55.1
chromium-dark-desktop › antd-sample select-down-7-enter burst sample 16,antd-sample,select,select-down-7-enter,select-down-enter,burst,16,ArrowDown 7 Enter,Never | list closed | none | @combobox:Sample choice,1,0,ArrowDown>combobox:Sample choice[none|f=combobox:Sample choice|h=None]@28.7 ; 7>combobox:Sample choice[listbox×1|f=combobox:Sample choice|h=Never]@51.5 ; Enter>combobox:Sample choice[listbox×1|f=combobox:Sample choice|h=Never]@51.8
chromium-dark-desktop › antd-sample select-down-7-enter burst sample 17,antd-sample,select,select-down-7-enter,select-down-enter,burst,17,ArrowDown 7 Enter,Never | list closed | none | @combobox:Sample choice,1,0,ArrowDown>combobox:Sample choice[none|f=combobox:Sample choice|h=None]@22.3 ; 7>combobox:Sample choice[listbox×1|f=combobox:Sample choice|h=Never]@47.3 ; Enter>combobox:Sample choice[listbox×1|f=combobox:Sample choice|h=Never]@47.7
chromium-dark-desktop › antd-sample select-down-7-enter burst sample 18,antd-sample,select,select-down-7-enter,select-down-enter,burst,18,ArrowDown 7 Enter,Never | list closed | none | @combobox:Sample choice,1,0,ArrowDown>combobox:Sample choice[none|f=combobox:Sample choice|h=None]@19.6 ; 7>combobox:Sample choice[listbox×1|f=combobox:Sample choice|h=Never]@41.6 ; Enter>combobox:Sample choice[listbox×1|f=combobox:Sample choice|h=Never]@42
chromium-dark-desktop › antd-sample select-down-7-enter burst sample 19,antd-sample,select,select-down-7-enter,select-down-enter,burst,19,ArrowDown 7 Enter,Never | list closed | none | @combobox:Sample choice,1,0,ArrowDown>combobox:Sample choice[none|f=combobox:Sample choice|h=None]@28.2 ; 7>combobox:Sample choice[listbox×1|f=combobox:Sample choice|h=Never]@51.1 ; Enter>combobox:Sample choice[listbox×1|f=combobox:Sample choice|h=Never]@51.3
chromium-dark-desktop › antd-sample select-down-7-enter paced sample 0,antd-sample,select,select-down-7-enter,select-down-enter,paced,0,ArrowDown 7 Enter,Never | list closed | none | @combobox:Sample choice,1,0,ArrowDown>combobox:Sample choice[none|f=combobox:Sample choice|h=None]@21.2 ; 7>combobox:Sample choice[listbox×1|f=combobox:Sample choice|h=Never]@349.8 ; Enter>combobox:Sample choice[listbox×1|f=combobox:Sample choice|h=Never]@655.8
chromium-dark-desktop › antd-sample select-down-7-enter paced sample 1,antd-sample,select,select-down-7-enter,select-down-enter,paced,1,ArrowDown 7 Enter,Never | list closed | none | @combobox:Sample choice,1,0,ArrowDown>combobox:Sample choice[none|f=combobox:Sample choice|h=None]@30.5 ; 7>combobox:Sample choice[listbox×1|f=combobox:Sample choice|h=Never]@357.2 ; Enter>combobox:Sample choice[listbox×1|f=combobox:Sample choice|h=Never]@661
chromium-dark-desktop › antd-sample select-down-7-enter paced sample 2,antd-sample,select,select-down-7-enter,select-down-enter,paced,2,ArrowDown 7 Enter,Never | list closed | none | @combobox:Sample choice,1,0,ArrowDown>combobox:Sample choice[none|f=combobox:Sample choice|h=None]@32.9 ; 7>combobox:Sample choice[listbox×1|f=combobox:Sample choice|h=Never]@361.6 ; Enter>combobox:Sample choice[listbox×1|f=combobox:Sample choice|h=Never]@680.6
chromium-dark-desktop › antd-sample select-down-7-enter paced sample 3,antd-sample,select,select-down-7-enter,select-down-enter,paced,3,ArrowDown 7 Enter,Never | list closed | none | @combobox:Sample choice,1,0,ArrowDown>combobox:Sample choice[none|f=combobox:Sample choice|h=None]@26.1 ; 7>combobox:Sample choice[listbox×1|f=combobox:Sample choice|h=Never]@355.6 ; Enter>combobox:Sample choice[listbox×1|f=combobox:Sample choice|h=Never]@658.9
chromium-dark-desktop › antd-sample select-down-7-enter paced sample 4,antd-sample,select,select-down-7-enter,select-down-enter,paced,4,ArrowDown 7 Enter,Never | list closed | none | @combobox:Sample choice,1,0,ArrowDown>combobox:Sample choice[none|f=combobox:Sample choice|h=None]@30.8 ; 7>combobox:Sample choice[listbox×1|f=combobox:Sample choice|h=Never]@359 ; Enter>combobox:Sample choice[listbox×1|f=combobox:Sample choice|h=Never]@662.8
chromium-dark-desktop › antd-sample select-down-7-enter paced sample 5,antd-sample,select,select-down-7-enter,select-down-enter,paced,5,ArrowDown 7 Enter,Never | list closed | none | @combobox:Sample choice,1,0,ArrowDown>combobox:Sample choice[none|f=combobox:Sample choice|h=None]@22 ; 7>combobox:Sample choice[listbox×1|f=combobox:Sample choice|h=Never]@353.8 ; Enter>combobox:Sample choice[listbox×1|f=combobox:Sample choice|h=Never]@658.6
chromium-dark-desktop › antd-sample select-down-7-enter paced sample 6,antd-sample,select,select-down-7-enter,select-down-enter,paced,6,ArrowDown 7 Enter,Never | list closed | none | @combobox:Sample choice,1,0,ArrowDown>combobox:Sample choice[none|f=combobox:Sample choice|h=None]@19.9 ; 7>combobox:Sample choice[listbox×1|f=combobox:Sample choice|h=Never]@347.4 ; Enter>combobox:Sample choice[listbox×1|f=combobox:Sample choice|h=Never]@651.4
chromium-dark-desktop › antd-sample select-down-7-enter paced sample 7,antd-sample,select,select-down-7-enter,select-down-enter,paced,7,ArrowDown 7 Enter,Never | list closed | none | @combobox:Sample choice,1,0,ArrowDown>combobox:Sample choice[none|f=combobox:Sample choice|h=None]@33.9 ; 7>combobox:Sample choice[listbox×1|f=combobox:Sample choice|h=Never]@359.9 ; Enter>combobox:Sample choice[listbox×1|f=combobox:Sample choice|h=Never]@664.6
chromium-dark-desktop › antd-sample select-down-7-enter paced sample 8,antd-sample,select,select-down-7-enter,select-down-enter,paced,8,ArrowDown 7 Enter,Never | list closed | none | @combobox:Sample choice,1,0,ArrowDown>combobox:Sample choice[none|f=combobox:Sample choice|h=None]@20.1 ; 7>combobox:Sample choice[listbox×1|f=combobox:Sample choice|h=Never]@348.4 ; Enter>combobox:Sample choice[listbox×1|f=combobox:Sample choice|h=Never]@655.7
chromium-dark-desktop › antd-sample select-down-7-enter paced sample 9,antd-sample,select,select-down-7-enter,select-down-enter,paced,9,ArrowDown 7 Enter,Never | list closed | none | @combobox:Sample choice,1,0,ArrowDown>combobox:Sample choice[none|f=combobox:Sample choice|h=None]@20.5 ; 7>combobox:Sample choice[listbox×1|f=combobox:Sample choice|h=Never]@348 ; Enter>combobox:Sample choice[listbox×1|f=combobox:Sample choice|h=Never]@654.6
chromium-dark-desktop › antd-sample select-down-7-enter paced sample 10,antd-sample,select,select-down-7-enter,select-down-enter,paced,10,ArrowDown 7 Enter,Never | list closed | none | @combobox:Sample choice,1,0,ArrowDown>combobox:Sample choice[none|f=combobox:Sample choice|h=None]@36.1 ; 7>combobox:Sample choice[listbox×1|f=combobox:Sample choice|h=Never]@366.6 ; Enter>combobox:Sample choice[listbox×1|f=combobox:Sample choice|h=Never]@671.6
chromium-dark-desktop › antd-sample select-down-7-enter paced sample 11,antd-sample,select,select-down-7-enter,select-down-enter,paced,11,ArrowDown 7 Enter,Never | list closed | none | @combobox:Sample choice,1,0,ArrowDown>combobox:Sample choice[none|f=combobox:Sample choice|h=None]@30.5 ; 7>combobox:Sample choice[listbox×1|f=combobox:Sample choice|h=Never]@359.9 ; Enter>combobox:Sample choice[listbox×1|f=combobox:Sample choice|h=Never]@663.2
chromium-dark-desktop › antd-sample select-down-7-enter paced sample 12,antd-sample,select,select-down-7-enter,select-down-enter,paced,12,ArrowDown 7 Enter,Never | list closed | none | @combobox:Sample choice,1,0,ArrowDown>combobox:Sample choice[none|f=combobox:Sample choice|h=None]@34.5 ; 7>combobox:Sample choice[listbox×1|f=combobox:Sample choice|h=Never]@363.2 ; Enter>combobox:Sample choice[listbox×1|f=combobox:Sample choice|h=Never]@668
chromium-dark-desktop › antd-sample select-down-7-enter paced sample 13,antd-sample,select,select-down-7-enter,select-down-enter,paced,13,ArrowDown 7 Enter,Never | list closed | none | @combobox:Sample choice,1,0,ArrowDown>combobox:Sample choice[none|f=combobox:Sample choice|h=None]@24.4 ; 7>combobox:Sample choice[listbox×1|f=combobox:Sample choice|h=Never]@351 ; Enter>combobox:Sample choice[listbox×1|f=combobox:Sample choice|h=Never]@655
chromium-dark-desktop › antd-sample select-down-7-enter paced sample 14,antd-sample,select,select-down-7-enter,select-down-enter,paced,14,ArrowDown 7 Enter,Never | list closed | none | @combobox:Sample choice,1,0,ArrowDown>combobox:Sample choice[none|f=combobox:Sample choice|h=None]@22.7 ; 7>combobox:Sample choice[listbox×1|f=combobox:Sample choice|h=Never]@349.1 ; Enter>combobox:Sample choice[listbox×1|f=combobox:Sample choice|h=Never]@653.3
chromium-dark-desktop › antd-sample select-down-7-enter paced sample 15,antd-sample,select,select-down-7-enter,select-down-enter,paced,15,ArrowDown 7 Enter,Never | list closed | none | @combobox:Sample choice,1,0,ArrowDown>combobox:Sample choice[none|f=combobox:Sample choice|h=None]@24.5 ; 7>combobox:Sample choice[listbox×1|f=combobox:Sample choice|h=Never]@351.5 ; Enter>combobox:Sample choice[listbox×1|f=combobox:Sample choice|h=Never]@655.7
chromium-dark-desktop › antd-sample select-down-7-enter paced sample 16,antd-sample,select,select-down-7-enter,select-down-enter,paced,16,ArrowDown 7 Enter,Never | list closed | none | @combobox:Sample choice,1,0,ArrowDown>combobox:Sample choice[none|f=combobox:Sample choice|h=None]@32.6 ; 7>combobox:Sample choice[listbox×1|f=combobox:Sample choice|h=Never]@362.2 ; Enter>combobox:Sample choice[listbox×1|f=combobox:Sample choice|h=Never]@671.4
chromium-dark-desktop › antd-sample select-down-7-enter paced sample 17,antd-sample,select,select-down-7-enter,select-down-enter,paced,17,ArrowDown 7 Enter,Never | list closed | none | @combobox:Sample choice,1,0,ArrowDown>combobox:Sample choice[none|f=combobox:Sample choice|h=None]@30.3 ; 7>combobox:Sample choice[listbox×1|f=combobox:Sample choice|h=Never]@358.3 ; Enter>combobox:Sample choice[listbox×1|f=combobox:Sample choice|h=Never]@661.2
chromium-dark-desktop › antd-sample select-down-7-enter paced sample 18,antd-sample,select,select-down-7-enter,select-down-enter,paced,18,ArrowDown 7 Enter,Never | list closed | none | @combobox:Sample choice,1,0,ArrowDown>combobox:Sample choice[none|f=combobox:Sample choice|h=None]@24.4 ; 7>combobox:Sample choice[listbox×1|f=combobox:Sample choice|h=Never]@351.4 ; Enter>combobox:Sample choice[listbox×1|f=combobox:Sample choice|h=Never]@661
chromium-dark-desktop › antd-sample select-down-7-enter paced sample 19,antd-sample,select,select-down-7-enter,select-down-enter,paced,19,ArrowDown 7 Enter,Never | list closed | none | @combobox:Sample choice,1,0,ArrowDown>combobox:Sample choice[none|f=combobox:Sample choice|h=None]@28.5 ; 7>combobox:Sample choice[listbox×1|f=combobox:Sample choice|h=Never]@359.3 ; Enter>combobox:Sample choice[listbox×1|f=combobox:Sample choice|h=Never]@664.2
chromium-dark-desktop › orbit-field select-down-n-enter burst sample 0,orbit-field,select,select-down-n-enter,select-down-enter-from-7,burst,0,ArrowDown n Enter,never | list closed | none | @combobox:Expires,1,1,ArrowDown>combobox:Expires[none|f=combobox:Expires|h=None]@9.4 ; n>combobox:Expires[listbox×1|f=combobox:Expires|h=7 days]@20.9 ; Enter>combobox:Expires[listbox×1|f=combobox:Expires|h=Never]@22 ; Enter*>option:Never[listbox×1|f=option:Never|h=Never]@22.3
chromium-dark-desktop › orbit-field select-down-n-enter burst sample 1,orbit-field,select,select-down-n-enter,select-down-enter-from-7,burst,1,ArrowDown n Enter,never | list closed | none | @combobox:Expires,1,1,ArrowDown>combobox:Expires[none|f=combobox:Expires|h=None]@14 ; n>combobox:Expires[listbox×1|f=combobox:Expires|h=7 days]@24.9 ; Enter>combobox:Expires[listbox×1|f=combobox:Expires|h=Never]@25.8 ; Enter*>option:Never[listbox×1|f=option:Never|h=Never]@26.1
chromium-dark-desktop › orbit-field select-down-n-enter burst sample 2,orbit-field,select,select-down-n-enter,select-down-enter-from-7,burst,2,ArrowDown n Enter,never | list closed | none | @combobox:Expires,1,1,ArrowDown>combobox:Expires[none|f=combobox:Expires|h=None]@20.7 ; n>combobox:Expires[listbox×1|f=combobox:Expires|h=7 days]@31 ; Enter>combobox:Expires[listbox×1|f=combobox:Expires|h=Never]@31.9 ; Enter*>option:Never[listbox×1|f=option:Never|h=Never]@32.2
chromium-dark-desktop › orbit-field select-down-n-enter burst sample 3,orbit-field,select,select-down-n-enter,select-down-enter-from-7,burst,3,ArrowDown n Enter,never | list closed | none | @combobox:Expires,1,1,ArrowDown>combobox:Expires[none|f=combobox:Expires|h=None]@12.1 ; n>combobox:Expires[listbox×1|f=combobox:Expires|h=7 days]@23.3 ; Enter>combobox:Expires[listbox×1|f=combobox:Expires|h=Never]@24.3 ; Enter*>option:Never[listbox×1|f=option:Never|h=Never]@24.5
chromium-dark-desktop › orbit-field select-down-n-enter burst sample 4,orbit-field,select,select-down-n-enter,select-down-enter-from-7,burst,4,ArrowDown n Enter,never | list closed | none | @combobox:Expires,1,1,ArrowDown>combobox:Expires[none|f=combobox:Expires|h=None]@21.6 ; n>combobox:Expires[listbox×1|f=combobox:Expires|h=7 days]@33.3 ; Enter>combobox:Expires[listbox×1|f=combobox:Expires|h=Never]@34.4 ; Enter*>option:Never[listbox×1|f=option:Never|h=Never]@34.6
chromium-dark-desktop › orbit-field select-down-n-enter burst sample 5,orbit-field,select,select-down-n-enter,select-down-enter-from-7,burst,5,ArrowDown n Enter,never | list closed | none | @combobox:Expires,1,1,ArrowDown>combobox:Expires[none|f=combobox:Expires|h=None]@19.1 ; n>combobox:Expires[listbox×1|f=combobox:Expires|h=7 days]@30.9 ; Enter>combobox:Expires[listbox×1|f=combobox:Expires|h=Never]@31.8 ; Enter*>option:Never[listbox×1|f=option:Never|h=Never]@32.1
chromium-dark-desktop › orbit-field select-down-n-enter burst sample 6,orbit-field,select,select-down-n-enter,select-down-enter-from-7,burst,6,ArrowDown n Enter,never | list closed | none | @combobox:Expires,1,1,ArrowDown>combobox:Expires[none|f=combobox:Expires|h=None]@12 ; n>combobox:Expires[listbox×1|f=combobox:Expires|h=7 days]@23.1 ; Enter>combobox:Expires[listbox×1|f=combobox:Expires|h=Never]@24 ; Enter*>option:Never[listbox×1|f=option:Never|h=Never]@24.3
chromium-dark-desktop › orbit-field select-down-n-enter burst sample 7,orbit-field,select,select-down-n-enter,select-down-enter-from-7,burst,7,ArrowDown n Enter,never | list closed | none | @combobox:Expires,1,1,ArrowDown>combobox:Expires[none|f=combobox:Expires|h=None]@19.3 ; n>combobox:Expires[listbox×1|f=combobox:Expires|h=7 days]@29.8 ; Enter>combobox:Expires[listbox×1|f=combobox:Expires|h=Never]@30.8 ; Enter*>option:Never[listbox×1|f=option:Never|h=Never]@31
chromium-dark-desktop › orbit-field select-down-n-enter burst sample 8,orbit-field,select,select-down-n-enter,select-down-enter-from-7,burst,8,ArrowDown n Enter,never | list closed | none | @combobox:Expires,1,1,ArrowDown>combobox:Expires[none|f=combobox:Expires|h=None]@21 ; n>combobox:Expires[listbox×1|f=combobox:Expires|h=7 days]@31.4 ; Enter>combobox:Expires[listbox×1|f=combobox:Expires|h=Never]@32.4 ; Enter*>option:Never[listbox×1|f=option:Never|h=Never]@32.7
chromium-dark-desktop › orbit-field select-down-n-enter burst sample 9,orbit-field,select,select-down-n-enter,select-down-enter-from-7,burst,9,ArrowDown n Enter,never | list closed | none | @combobox:Expires,1,1,ArrowDown>combobox:Expires[none|f=combobox:Expires|h=None]@10 ; n>combobox:Expires[listbox×1|f=combobox:Expires|h=7 days]@20.7 ; Enter>combobox:Expires[listbox×1|f=combobox:Expires|h=Never]@21.7 ; Enter*>option:Never[listbox×1|f=option:Never|h=Never]@22
chromium-dark-desktop › orbit-field select-down-n-enter burst sample 10,orbit-field,select,select-down-n-enter,select-down-enter-from-7,burst,10,ArrowDown n Enter,never | list closed | none | @combobox:Expires,1,1,ArrowDown>combobox:Expires[none|f=combobox:Expires|h=None]@7.6 ; n>combobox:Expires[listbox×1|f=combobox:Expires|h=7 days]@18.3 ; Enter>combobox:Expires[listbox×1|f=combobox:Expires|h=Never]@19.2 ; Enter*>option:Never[listbox×1|f=option:Never|h=Never]@19.4
chromium-dark-desktop › orbit-field select-down-n-enter burst sample 11,orbit-field,select,select-down-n-enter,select-down-enter-from-7,burst,11,ArrowDown n Enter,never | list closed | none | @combobox:Expires,1,1,ArrowDown>combobox:Expires[none|f=combobox:Expires|h=None]@18.1 ; n>combobox:Expires[listbox×1|f=combobox:Expires|h=7 days]@31.5 ; Enter>combobox:Expires[listbox×1|f=combobox:Expires|h=Never]@32.8 ; Enter*>option:Never[listbox×1|f=option:Never|h=Never]@33.3
chromium-dark-desktop › orbit-field select-down-n-enter burst sample 12,orbit-field,select,select-down-n-enter,select-down-enter-from-7,burst,12,ArrowDown n Enter,never | list closed | none | @combobox:Expires,1,1,ArrowDown>combobox:Expires[none|f=combobox:Expires|h=None]@13.2 ; n>combobox:Expires[listbox×1|f=combobox:Expires|h=7 days]@23.7 ; Enter>combobox:Expires[listbox×1|f=combobox:Expires|h=Never]@24.7 ; Enter*>option:Never[listbox×1|f=option:Never|h=Never]@25
chromium-dark-desktop › orbit-field select-down-n-enter burst sample 13,orbit-field,select,select-down-n-enter,select-down-enter-from-7,burst,13,ArrowDown n Enter,never | list closed | none | @combobox:Expires,1,1,ArrowDown>combobox:Expires[none|f=combobox:Expires|h=None]@12.3 ; n>combobox:Expires[listbox×1|f=combobox:Expires|h=7 days]@23.8 ; Enter>combobox:Expires[listbox×1|f=combobox:Expires|h=Never]@24.7 ; Enter*>option:Never[listbox×1|f=option:Never|h=Never]@25
chromium-dark-desktop › orbit-field select-down-n-enter burst sample 14,orbit-field,select,select-down-n-enter,select-down-enter-from-7,burst,14,ArrowDown n Enter,never | list closed | none | @combobox:Expires,1,1,ArrowDown>combobox:Expires[none|f=combobox:Expires|h=None]@17.3 ; n>combobox:Expires[listbox×1|f=combobox:Expires|h=7 days]@27.9 ; Enter>combobox:Expires[listbox×1|f=combobox:Expires|h=Never]@28.9 ; Enter*>option:Never[listbox×1|f=option:Never|h=Never]@29.2
chromium-dark-desktop › orbit-field select-down-n-enter burst sample 15,orbit-field,select,select-down-n-enter,select-down-enter-from-7,burst,15,ArrowDown n Enter,never | list closed | none | @combobox:Expires,1,1,ArrowDown>combobox:Expires[none|f=combobox:Expires|h=None]@9.2 ; n>combobox:Expires[listbox×1|f=combobox:Expires|h=7 days]@19.7 ; Enter>combobox:Expires[listbox×1|f=combobox:Expires|h=Never]@20.7 ; Enter*>option:Never[listbox×1|f=option:Never|h=Never]@21
chromium-dark-desktop › orbit-field select-down-n-enter burst sample 16,orbit-field,select,select-down-n-enter,select-down-enter-from-7,burst,16,ArrowDown n Enter,never | list closed | none | @combobox:Expires,1,1,ArrowDown>combobox:Expires[none|f=combobox:Expires|h=None]@21.6 ; n>combobox:Expires[listbox×1|f=combobox:Expires|h=7 days]@33.4 ; Enter>combobox:Expires[listbox×1|f=combobox:Expires|h=Never]@34.6 ; Enter*>option:Never[listbox×1|f=option:Never|h=Never]@34.8
chromium-dark-desktop › orbit-field select-down-n-enter burst sample 17,orbit-field,select,select-down-n-enter,select-down-enter-from-7,burst,17,ArrowDown n Enter,never | list closed | none | @combobox:Expires,1,1,ArrowDown>combobox:Expires[none|f=combobox:Expires|h=None]@15.4 ; n>combobox:Expires[listbox×1|f=combobox:Expires|h=7 days]@27.3 ; Enter>combobox:Expires[listbox×1|f=combobox:Expires|h=Never]@28.5 ; Enter*>option:Never[listbox×1|f=option:Never|h=Never]@28.8
chromium-dark-desktop › orbit-field select-down-n-enter burst sample 18,orbit-field,select,select-down-n-enter,select-down-enter-from-7,burst,18,ArrowDown n Enter,never | list closed | none | @combobox:Expires,1,1,ArrowDown>combobox:Expires[none|f=combobox:Expires|h=None]@11.6 ; n>combobox:Expires[listbox×1|f=combobox:Expires|h=7 days]@22.2 ; Enter>combobox:Expires[listbox×1|f=combobox:Expires|h=Never]@23.2 ; Enter*>option:Never[listbox×1|f=option:Never|h=Never]@23.5
chromium-dark-desktop › orbit-field select-down-n-enter burst sample 19,orbit-field,select,select-down-n-enter,select-down-enter-from-7,burst,19,ArrowDown n Enter,never | list closed | none | @combobox:Expires,1,1,ArrowDown>combobox:Expires[none|f=combobox:Expires|h=None]@17.7 ; n>combobox:Expires[listbox×1|f=combobox:Expires|h=7 days]@28.3 ; Enter>combobox:Expires[listbox×1|f=combobox:Expires|h=Never]@29.2 ; Enter*>option:Never[listbox×1|f=option:Never|h=Never]@29.4
chromium-dark-desktop › orbit-field select-down-n-enter paced sample 0,orbit-field,select,select-down-n-enter,select-down-enter-from-7,paced,0,ArrowDown n Enter,never | list closed | none | @combobox:Expires,0,0,ArrowDown>combobox:Expires[none|f=combobox:Expires|h=None]@12.4 ; n>option:7 days[listbox×1|f=option:7 days|h=7 days]@326.6 ; Enter>option:Never[listbox×1|f=option:Never|h=Never]@633.4
chromium-dark-desktop › orbit-field select-down-n-enter paced sample 1,orbit-field,select,select-down-n-enter,select-down-enter-from-7,paced,1,ArrowDown n Enter,never | list closed | none | @combobox:Expires,0,0,ArrowDown>combobox:Expires[none|f=combobox:Expires|h=None]@2.9 ; n>option:7 days[listbox×1|f=option:7 days|h=7 days]@318.7 ; Enter>option:Never[listbox×1|f=option:Never|h=Never]@625.9
chromium-dark-desktop › orbit-field select-down-n-enter paced sample 2,orbit-field,select,select-down-n-enter,select-down-enter-from-7,paced,2,ArrowDown n Enter,never | list closed | none | @combobox:Expires,0,0,ArrowDown>combobox:Expires[none|f=combobox:Expires|h=None]@12.9 ; n>option:7 days[listbox×1|f=option:7 days|h=7 days]@328.8 ; Enter>option:Never[listbox×1|f=option:Never|h=Never]@639.9
chromium-dark-desktop › orbit-field select-down-n-enter paced sample 3,orbit-field,select,select-down-n-enter,select-down-enter-from-7,paced,3,ArrowDown n Enter,never | list closed | none | @combobox:Expires,0,0,ArrowDown>combobox:Expires[none|f=combobox:Expires|h=None]@10.5 ; n>option:7 days[listbox×1|f=option:7 days|h=7 days]@330.9 ; Enter>option:Never[listbox×1|f=option:Never|h=Never]@641.5
chromium-dark-desktop › orbit-field select-down-n-enter paced sample 4,orbit-field,select,select-down-n-enter,select-down-enter-from-7,paced,4,ArrowDown n Enter,never | list closed | none | @combobox:Expires,0,0,ArrowDown>combobox:Expires[none|f=combobox:Expires|h=None]@12.3 ; n>option:7 days[listbox×1|f=option:7 days|h=7 days]@327 ; Enter>option:Never[listbox×1|f=option:Never|h=Never]@633.5
chromium-dark-desktop › orbit-field select-down-n-enter paced sample 5,orbit-field,select,select-down-n-enter,select-down-enter-from-7,paced,5,ArrowDown n Enter,never | list closed | none | @combobox:Expires,0,0,ArrowDown>combobox:Expires[none|f=combobox:Expires|h=None]@8.3 ; n>option:7 days[listbox×1|f=option:7 days|h=7 days]@325.5 ; Enter>option:Never[listbox×1|f=option:Never|h=Never]@634
chromium-dark-desktop › orbit-field select-down-n-enter paced sample 6,orbit-field,select,select-down-n-enter,select-down-enter-from-7,paced,6,ArrowDown n Enter,never | list closed | none | @combobox:Expires,0,0,ArrowDown>combobox:Expires[none|f=combobox:Expires|h=None]@16 ; n>option:7 days[listbox×1|f=option:7 days|h=7 days]@381.8 ; Enter>option:Never[listbox×1|f=option:Never|h=Never]@719.4
chromium-dark-desktop › orbit-field select-down-n-enter paced sample 7,orbit-field,select,select-down-n-enter,select-down-enter-from-7,paced,7,ArrowDown n Enter,never | list closed | none | @combobox:Expires,0,0,ArrowDown>combobox:Expires[none|f=combobox:Expires|h=None]@6.5 ; n>option:7 days[listbox×1|f=option:7 days|h=7 days]@323.6 ; Enter>option:Never[listbox×1|f=option:Never|h=Never]@630.1
chromium-dark-desktop › orbit-field select-down-n-enter paced sample 8,orbit-field,select,select-down-n-enter,select-down-enter-from-7,paced,8,ArrowDown n Enter,never | list closed | none | @combobox:Expires,0,0,ArrowDown>combobox:Expires[none|f=combobox:Expires|h=None]@4 ; n>option:7 days[listbox×1|f=option:7 days|h=7 days]@323 ; Enter>option:Never[listbox×1|f=option:Never|h=Never]@637.1
chromium-dark-desktop › orbit-field select-down-n-enter paced sample 9,orbit-field,select,select-down-n-enter,select-down-enter-from-7,paced,9,ArrowDown n Enter,never | list closed | none | @combobox:Expires,0,0,ArrowDown>combobox:Expires[none|f=combobox:Expires|h=None]@3 ; n>option:7 days[listbox×1|f=option:7 days|h=7 days]@317 ; Enter>option:Never[listbox×1|f=option:Never|h=Never]@622.5
chromium-dark-desktop › orbit-field select-down-n-enter paced sample 10,orbit-field,select,select-down-n-enter,select-down-enter-from-7,paced,10,ArrowDown n Enter,never | list closed | none | @combobox:Expires,0,0,ArrowDown>combobox:Expires[none|f=combobox:Expires|h=None]@5.8 ; n>option:7 days[listbox×1|f=option:7 days|h=7 days]@325.4 ; Enter>option:Never[listbox×1|f=option:Never|h=Never]@633.6
chromium-dark-desktop › orbit-field select-down-n-enter paced sample 11,orbit-field,select,select-down-n-enter,select-down-enter-from-7,paced,11,ArrowDown n Enter,never | list closed | none | @combobox:Expires,0,0,ArrowDown>combobox:Expires[none|f=combobox:Expires|h=None]@13.9 ; n>option:7 days[listbox×1|f=option:7 days|h=7 days]@329.4 ; Enter>option:Never[listbox×1|f=option:Never|h=Never]@636.6
chromium-dark-desktop › orbit-field select-down-n-enter paced sample 12,orbit-field,select,select-down-n-enter,select-down-enter-from-7,paced,12,ArrowDown n Enter,never | list closed | none | @combobox:Expires,0,0,ArrowDown>combobox:Expires[none|f=combobox:Expires|h=None]@13.1 ; n>option:7 days[listbox×1|f=option:7 days|h=7 days]@329 ; Enter>option:Never[listbox×1|f=option:Never|h=Never]@635.8
chromium-dark-desktop › orbit-field select-down-n-enter paced sample 13,orbit-field,select,select-down-n-enter,select-down-enter-from-7,paced,13,ArrowDown n Enter,never | list closed | none | @combobox:Expires,0,0,ArrowDown>combobox:Expires[none|f=combobox:Expires|h=None]@13.6 ; n>option:7 days[listbox×1|f=option:7 days|h=7 days]@327.7 ; Enter>option:Never[listbox×1|f=option:Never|h=Never]@634.3
chromium-dark-desktop › orbit-field select-down-n-enter paced sample 14,orbit-field,select,select-down-n-enter,select-down-enter-from-7,paced,14,ArrowDown n Enter,never | list closed | none | @combobox:Expires,0,0,ArrowDown>combobox:Expires[none|f=combobox:Expires|h=None]@18.6 ; n>option:7 days[listbox×1|f=option:7 days|h=7 days]@335.7 ; Enter>option:Never[listbox×1|f=option:Never|h=Never]@642.1
chromium-dark-desktop › orbit-field select-down-n-enter paced sample 15,orbit-field,select,select-down-n-enter,select-down-enter-from-7,paced,15,ArrowDown n Enter,never | list closed | none | @combobox:Expires,0,0,ArrowDown>combobox:Expires[none|f=combobox:Expires|h=None]@4.6 ; n>option:7 days[listbox×1|f=option:7 days|h=7 days]@324.9 ; Enter>option:Never[listbox×1|f=option:Never|h=Never]@634.9
chromium-dark-desktop › orbit-field select-down-n-enter paced sample 16,orbit-field,select,select-down-n-enter,select-down-enter-from-7,paced,16,ArrowDown n Enter,never | list closed | none | @combobox:Expires,0,0,ArrowDown>combobox:Expires[none|f=combobox:Expires|h=None]@14.5 ; n>option:7 days[listbox×1|f=option:7 days|h=7 days]@329 ; Enter>option:Never[listbox×1|f=option:Never|h=Never]@635.2
chromium-dark-desktop › orbit-field select-down-n-enter paced sample 17,orbit-field,select,select-down-n-enter,select-down-enter-from-7,paced,17,ArrowDown n Enter,never | list closed | none | @combobox:Expires,0,0,ArrowDown>combobox:Expires[none|f=combobox:Expires|h=None]@5.3 ; n>option:7 days[listbox×1|f=option:7 days|h=7 days]@324.8 ; Enter>option:Never[listbox×1|f=option:Never|h=Never]@636.5
chromium-dark-desktop › orbit-field select-down-n-enter paced sample 18,orbit-field,select,select-down-n-enter,select-down-enter-from-7,paced,18,ArrowDown n Enter,never | list closed | none | @combobox:Expires,0,0,ArrowDown>combobox:Expires[none|f=combobox:Expires|h=None]@9.4 ; n>option:7 days[listbox×1|f=option:7 days|h=7 days]@324.8 ; Enter>option:Never[listbox×1|f=option:Never|h=Never]@631.2
chromium-dark-desktop › orbit-field select-down-n-enter paced sample 19,orbit-field,select,select-down-n-enter,select-down-enter-from-7,paced,19,ArrowDown n Enter,never | list closed | none | @combobox:Expires,0,0,ArrowDown>combobox:Expires[none|f=combobox:Expires|h=None]@4.6 ; n>option:7 days[listbox×1|f=option:7 days|h=7 days]@320.7 ; Enter>option:Never[listbox×1|f=option:Never|h=Never]@632.3
chromium-dark-desktop › orbit-sample select-down-n-enter burst sample 0,orbit-sample,select,select-down-n-enter,select-down-enter-from-7,burst,0,ArrowDown n Enter,Never | list closed | none | @combobox:Sample choice,1,1,ArrowDown>combobox:Sample choice[none|f=combobox:Sample choice|h=None]@13.4 ; n>combobox:Sample choice[listbox×1|f=combobox:Sample choice|h=7 days]@27.4 ; Enter>combobox:Sample choice[listbox×1|f=combobox:Sample choice|h=Never]@28.5 ; Enter*>option:Never[listbox×1|f=option:Never|h=Never]@28.8
chromium-dark-desktop › orbit-sample select-down-n-enter burst sample 1,orbit-sample,select,select-down-n-enter,select-down-enter-from-7,burst,1,ArrowDown n Enter,Never | list closed | none | @combobox:Sample choice,1,1,ArrowDown>combobox:Sample choice[none|f=combobox:Sample choice|h=None]@4.2 ; n>combobox:Sample choice[listbox×1|f=combobox:Sample choice|h=7 days]@15.2 ; Enter>combobox:Sample choice[listbox×1|f=combobox:Sample choice|h=Never]@16.2 ; Enter*>option:Never[listbox×1|f=option:Never|h=Never]@16.4
chromium-dark-desktop › orbit-sample select-down-n-enter burst sample 2,orbit-sample,select,select-down-n-enter,select-down-enter-from-7,burst,2,ArrowDown n Enter,Never | list closed | none | @combobox:Sample choice,1,1,ArrowDown>combobox:Sample choice[none|f=combobox:Sample choice|h=None]@9.8 ; n>combobox:Sample choice[listbox×1|f=combobox:Sample choice|h=7 days]@20.2 ; Enter>combobox:Sample choice[listbox×1|f=combobox:Sample choice|h=Never]@21.2 ; Enter*>option:Never[listbox×1|f=option:Never|h=Never]@21.4
chromium-dark-desktop › orbit-sample select-down-n-enter burst sample 3,orbit-sample,select,select-down-n-enter,select-down-enter-from-7,burst,3,ArrowDown n Enter,Never | list closed | none | @combobox:Sample choice,1,1,ArrowDown>combobox:Sample choice[none|f=combobox:Sample choice|h=None]@19 ; n>combobox:Sample choice[listbox×1|f=combobox:Sample choice|h=7 days]@29.7 ; Enter>combobox:Sample choice[listbox×1|f=combobox:Sample choice|h=Never]@30.6 ; Enter*>option:Never[listbox×1|f=option:Never|h=Never]@30.9
chromium-dark-desktop › orbit-sample select-down-n-enter burst sample 4,orbit-sample,select,select-down-n-enter,select-down-enter-from-7,burst,4,ArrowDown n Enter,Never | list closed | none | @combobox:Sample choice,1,1,ArrowDown>combobox:Sample choice[none|f=combobox:Sample choice|h=None]@4.6 ; n>combobox:Sample choice[listbox×1|f=combobox:Sample choice|h=7 days]@14.9 ; Enter>combobox:Sample choice[listbox×1|f=combobox:Sample choice|h=Never]@15.8 ; Enter*>option:Never[listbox×1|f=option:Never|h=Never]@16.1
chromium-dark-desktop › orbit-sample select-down-n-enter burst sample 5,orbit-sample,select,select-down-n-enter,select-down-enter-from-7,burst,5,ArrowDown n Enter,Never | list closed | none | @combobox:Sample choice,1,1,ArrowDown>combobox:Sample choice[none|f=combobox:Sample choice|h=None]@6 ; n>combobox:Sample choice[listbox×1|f=combobox:Sample choice|h=7 days]@16.4 ; Enter>combobox:Sample choice[listbox×1|f=combobox:Sample choice|h=Never]@17.4 ; Enter*>option:Never[listbox×1|f=option:Never|h=Never]@17.6
chromium-dark-desktop › orbit-sample select-down-n-enter burst sample 6,orbit-sample,select,select-down-n-enter,select-down-enter-from-7,burst,6,ArrowDown n Enter,Never | list closed | none | @combobox:Sample choice,1,1,ArrowDown>combobox:Sample choice[none|f=combobox:Sample choice|h=None]@9.4 ; n>combobox:Sample choice[listbox×1|f=combobox:Sample choice|h=7 days]@20.3 ; Enter>combobox:Sample choice[listbox×1|f=combobox:Sample choice|h=Never]@21.2 ; Enter*>option:Never[listbox×1|f=option:Never|h=Never]@21.5
chromium-dark-desktop › orbit-sample select-down-n-enter burst sample 7,orbit-sample,select,select-down-n-enter,select-down-enter-from-7,burst,7,ArrowDown n Enter,Never | list closed | none | @combobox:Sample choice,1,1,ArrowDown>combobox:Sample choice[none|f=combobox:Sample choice|h=None]@6.4 ; n>combobox:Sample choice[listbox×1|f=combobox:Sample choice|h=7 days]@17.8 ; Enter>combobox:Sample choice[listbox×1|f=combobox:Sample choice|h=Never]@18.8 ; Enter*>option:Never[listbox×1|f=option:Never|h=Never]@19
chromium-dark-desktop › orbit-sample select-down-n-enter burst sample 8,orbit-sample,select,select-down-n-enter,select-down-enter-from-7,burst,8,ArrowDown n Enter,Never | list closed | none | @combobox:Sample choice,1,1,ArrowDown>combobox:Sample choice[none|f=combobox:Sample choice|h=None]@5 ; n>combobox:Sample choice[listbox×1|f=combobox:Sample choice|h=7 days]@15.3 ; Enter>combobox:Sample choice[listbox×1|f=combobox:Sample choice|h=Never]@16.3 ; Enter*>option:Never[listbox×1|f=option:Never|h=Never]@16.6
chromium-dark-desktop › orbit-sample select-down-n-enter burst sample 9,orbit-sample,select,select-down-n-enter,select-down-enter-from-7,burst,9,ArrowDown n Enter,Never | list closed | none | @combobox:Sample choice,1,1,ArrowDown>combobox:Sample choice[none|f=combobox:Sample choice|h=None]@9 ; n>combobox:Sample choice[listbox×1|f=combobox:Sample choice|h=7 days]@20.1 ; Enter>combobox:Sample choice[listbox×1|f=combobox:Sample choice|h=Never]@21 ; Enter*>option:Never[listbox×1|f=option:Never|h=Never]@21.2
chromium-dark-desktop › orbit-sample select-down-n-enter burst sample 10,orbit-sample,select,select-down-n-enter,select-down-enter-from-7,burst,10,ArrowDown n Enter,Never | list closed | none | @combobox:Sample choice,1,1,ArrowDown>combobox:Sample choice[none|f=combobox:Sample choice|h=None]@14.2 ; n>combobox:Sample choice[listbox×1|f=combobox:Sample choice|h=7 days]@24.7 ; Enter>combobox:Sample choice[listbox×1|f=combobox:Sample choice|h=Never]@25.7 ; Enter*>option:Never[listbox×1|f=option:Never|h=Never]@25.9
chromium-dark-desktop › orbit-sample select-down-n-enter burst sample 11,orbit-sample,select,select-down-n-enter,select-down-enter-from-7,burst,11,ArrowDown n Enter,Never | list closed | none | @combobox:Sample choice,1,1,ArrowDown>combobox:Sample choice[none|f=combobox:Sample choice|h=None]@4 ; n>combobox:Sample choice[listbox×1|f=combobox:Sample choice|h=7 days]@14.3 ; Enter>combobox:Sample choice[listbox×1|f=combobox:Sample choice|h=Never]@15.3 ; Enter*>option:Never[listbox×1|f=option:Never|h=Never]@15.4
chromium-dark-desktop › orbit-sample select-down-n-enter burst sample 12,orbit-sample,select,select-down-n-enter,select-down-enter-from-7,burst,12,ArrowDown n Enter,Never | list closed | none | @combobox:Sample choice,1,1,ArrowDown>combobox:Sample choice[none|f=combobox:Sample choice|h=None]@18.2 ; n>combobox:Sample choice[listbox×1|f=combobox:Sample choice|h=7 days]@28.7 ; Enter>combobox:Sample choice[listbox×1|f=combobox:Sample choice|h=Never]@29.7 ; Enter*>option:Never[listbox×1|f=option:Never|h=Never]@29.9
chromium-dark-desktop › orbit-sample select-down-n-enter burst sample 13,orbit-sample,select,select-down-n-enter,select-down-enter-from-7,burst,13,ArrowDown n Enter,Never | list closed | none | @combobox:Sample choice,1,1,ArrowDown>combobox:Sample choice[none|f=combobox:Sample choice|h=None]@4.6 ; n>combobox:Sample choice[listbox×1|f=combobox:Sample choice|h=7 days]@14.8 ; Enter>combobox:Sample choice[listbox×1|f=combobox:Sample choice|h=Never]@15.7 ; Enter*>option:Never[listbox×1|f=option:Never|h=Never]@15.9
chromium-dark-desktop › orbit-sample select-down-n-enter burst sample 14,orbit-sample,select,select-down-n-enter,select-down-enter-from-7,burst,14,ArrowDown n Enter,Never | list closed | none | @combobox:Sample choice,1,1,ArrowDown>combobox:Sample choice[none|f=combobox:Sample choice|h=None]@5.1 ; n>combobox:Sample choice[listbox×1|f=combobox:Sample choice|h=7 days]@15.5 ; Enter>combobox:Sample choice[listbox×1|f=combobox:Sample choice|h=Never]@16.4 ; Enter*>option:Never[listbox×1|f=option:Never|h=Never]@16.7
chromium-dark-desktop › orbit-sample select-down-n-enter burst sample 15,orbit-sample,select,select-down-n-enter,select-down-enter-from-7,burst,15,ArrowDown n Enter,Never | list closed | none | @combobox:Sample choice,1,1,ArrowDown>combobox:Sample choice[none|f=combobox:Sample choice|h=None]@6.7 ; n>combobox:Sample choice[listbox×1|f=combobox:Sample choice|h=7 days]@17 ; Enter>combobox:Sample choice[listbox×1|f=combobox:Sample choice|h=Never]@18 ; Enter*>option:Never[listbox×1|f=option:Never|h=Never]@18.2
chromium-dark-desktop › orbit-sample select-down-n-enter burst sample 16,orbit-sample,select,select-down-n-enter,select-down-enter-from-7,burst,16,ArrowDown n Enter,Never | list closed | none | @combobox:Sample choice,1,1,ArrowDown>combobox:Sample choice[none|f=combobox:Sample choice|h=None]@6.6 ; n>combobox:Sample choice[listbox×1|f=combobox:Sample choice|h=7 days]@17 ; Enter>combobox:Sample choice[listbox×1|f=combobox:Sample choice|h=Never]@18 ; Enter*>option:Never[listbox×1|f=option:Never|h=Never]@18.2
chromium-dark-desktop › orbit-sample select-down-n-enter burst sample 17,orbit-sample,select,select-down-n-enter,select-down-enter-from-7,burst,17,ArrowDown n Enter,Never | list closed | none | @combobox:Sample choice,1,1,ArrowDown>combobox:Sample choice[none|f=combobox:Sample choice|h=None]@4 ; n>combobox:Sample choice[listbox×1|f=combobox:Sample choice|h=7 days]@14.7 ; Enter>combobox:Sample choice[listbox×1|f=combobox:Sample choice|h=Never]@15.7 ; Enter*>option:Never[listbox×1|f=option:Never|h=Never]@15.9
chromium-dark-desktop › orbit-sample select-down-n-enter burst sample 18,orbit-sample,select,select-down-n-enter,select-down-enter-from-7,burst,18,ArrowDown n Enter,Never | list closed | none | @combobox:Sample choice,1,1,ArrowDown>combobox:Sample choice[none|f=combobox:Sample choice|h=None]@3.2 ; n>combobox:Sample choice[listbox×1|f=combobox:Sample choice|h=7 days]@13.6 ; Enter>combobox:Sample choice[listbox×1|f=combobox:Sample choice|h=Never]@14.5 ; Enter*>option:Never[listbox×1|f=option:Never|h=Never]@14.7
chromium-dark-desktop › orbit-sample select-down-n-enter burst sample 19,orbit-sample,select,select-down-n-enter,select-down-enter-from-7,burst,19,ArrowDown n Enter,Never | list closed | none | @combobox:Sample choice,1,1,ArrowDown>combobox:Sample choice[none|f=combobox:Sample choice|h=None]@15.3 ; n>combobox:Sample choice[listbox×1|f=combobox:Sample choice|h=7 days]@27.6 ; Enter>combobox:Sample choice[listbox×1|f=combobox:Sample choice|h=Never]@28.5 ; Enter*>option:Never[listbox×1|f=option:Never|h=Never]@28.8
chromium-dark-desktop › orbit-sample select-down-n-enter paced sample 0,orbit-sample,select,select-down-n-enter,select-down-enter-from-7,paced,0,ArrowDown n Enter,Never | list closed | none | @combobox:Sample choice,0,0,ArrowDown>combobox:Sample choice[none|f=combobox:Sample choice|h=None]@16.4 ; n>option:7 days[listbox×1|f=option:7 days|h=7 days]@330.5 ; Enter>option:Never[listbox×1|f=option:Never|h=Never]@636.4
chromium-dark-desktop › orbit-sample select-down-n-enter paced sample 1,orbit-sample,select,select-down-n-enter,select-down-enter-from-7,paced,1,ArrowDown n Enter,Never | list closed | none | @combobox:Sample choice,0,0,ArrowDown>combobox:Sample choice[none|f=combobox:Sample choice|h=None]@17.8 ; n>option:7 days[listbox×1|f=option:7 days|h=7 days]@332.4 ; Enter>option:Never[listbox×1|f=option:Never|h=Never]@637.7
chromium-dark-desktop › orbit-sample select-down-n-enter paced sample 2,orbit-sample,select,select-down-n-enter,select-down-enter-from-7,paced,2,ArrowDown n Enter,Never | list closed | none | @combobox:Sample choice,0,0,ArrowDown>combobox:Sample choice[none|f=combobox:Sample choice|h=None]@5.5 ; n>option:7 days[listbox×1|f=option:7 days|h=7 days]@319.2 ; Enter>option:Never[listbox×1|f=option:Never|h=Never]@625.2
chromium-dark-desktop › orbit-sample select-down-n-enter paced sample 3,orbit-sample,select,select-down-n-enter,select-down-enter-from-7,paced,3,ArrowDown n Enter,Never | list closed | none | @combobox:Sample choice,0,0,ArrowDown>combobox:Sample choice[none|f=combobox:Sample choice|h=None]@15.9 ; n>option:7 days[listbox×1|f=option:7 days|h=7 days]@330.6 ; Enter>option:Never[listbox×1|f=option:Never|h=Never]@635.2
chromium-dark-desktop › orbit-sample select-down-n-enter paced sample 4,orbit-sample,select,select-down-n-enter,select-down-enter-from-7,paced,4,ArrowDown n Enter,Never | list closed | none | @combobox:Sample choice,0,0,ArrowDown>combobox:Sample choice[none|f=combobox:Sample choice|h=None]@17.7 ; n>option:7 days[listbox×1|f=option:7 days|h=7 days]@332.8 ; Enter>option:Never[listbox×1|f=option:Never|h=Never]@639.9
chromium-dark-desktop › orbit-sample select-down-n-enter paced sample 5,orbit-sample,select,select-down-n-enter,select-down-enter-from-7,paced,5,ArrowDown n Enter,Never | list closed | none | @combobox:Sample choice,0,0,ArrowDown>combobox:Sample choice[none|f=combobox:Sample choice|h=None]@4 ; n>option:7 days[listbox×1|f=option:7 days|h=7 days]@319.4 ; Enter>option:Never[listbox×1|f=option:Never|h=Never]@625.6
chromium-dark-desktop › orbit-sample select-down-n-enter paced sample 6,orbit-sample,select,select-down-n-enter,select-down-enter-from-7,paced,6,ArrowDown n Enter,Never | list closed | none | @combobox:Sample choice,0,0,ArrowDown>combobox:Sample choice[none|f=combobox:Sample choice|h=None]@16.8 ; n>option:7 days[listbox×1|f=option:7 days|h=7 days]@332.3 ; Enter>option:Never[listbox×1|f=option:Never|h=Never]@638.6
chromium-dark-desktop › orbit-sample select-down-n-enter paced sample 7,orbit-sample,select,select-down-n-enter,select-down-enter-from-7,paced,7,ArrowDown n Enter,Never | list closed | none | @combobox:Sample choice,0,0,ArrowDown>combobox:Sample choice[none|f=combobox:Sample choice|h=None]@9.9 ; n>option:7 days[listbox×1|f=option:7 days|h=7 days]@325.2 ; Enter>option:Never[listbox×1|f=option:Never|h=Never]@631.2
chromium-dark-desktop › orbit-sample select-down-n-enter paced sample 8,orbit-sample,select,select-down-n-enter,select-down-enter-from-7,paced,8,ArrowDown n Enter,Never | list closed | none | @combobox:Sample choice,0,0,ArrowDown>combobox:Sample choice[none|f=combobox:Sample choice|h=None]@10.1 ; n>option:7 days[listbox×1|f=option:7 days|h=7 days]@324.9 ; Enter>option:Never[listbox×1|f=option:Never|h=Never]@630.6
chromium-dark-desktop › orbit-sample select-down-n-enter paced sample 9,orbit-sample,select,select-down-n-enter,select-down-enter-from-7,paced,9,ArrowDown n Enter,Never | list closed | none | @combobox:Sample choice,0,0,ArrowDown>combobox:Sample choice[none|f=combobox:Sample choice|h=None]@7.5 ; n>option:7 days[listbox×1|f=option:7 days|h=7 days]@322 ; Enter>option:Never[listbox×1|f=option:Never|h=Never]@629.1
chromium-dark-desktop › orbit-sample select-down-n-enter paced sample 10,orbit-sample,select,select-down-n-enter,select-down-enter-from-7,paced,10,ArrowDown n Enter,Never | list closed | none | @combobox:Sample choice,0,0,ArrowDown>combobox:Sample choice[none|f=combobox:Sample choice|h=None]@18.1 ; n>option:7 days[listbox×1|f=option:7 days|h=7 days]@333.7 ; Enter>option:Never[listbox×1|f=option:Never|h=Never]@641.9
chromium-dark-desktop › orbit-sample select-down-n-enter paced sample 11,orbit-sample,select,select-down-n-enter,select-down-enter-from-7,paced,11,ArrowDown n Enter,Never | list closed | none | @combobox:Sample choice,0,0,ArrowDown>combobox:Sample choice[none|f=combobox:Sample choice|h=None]@11.7 ; n>option:7 days[listbox×1|f=option:7 days|h=7 days]@328.3 ; Enter>option:Never[listbox×1|f=option:Never|h=Never]@633.4
chromium-dark-desktop › orbit-sample select-down-n-enter paced sample 12,orbit-sample,select,select-down-n-enter,select-down-enter-from-7,paced,12,ArrowDown n Enter,Never | list closed | none | @combobox:Sample choice,0,0,ArrowDown>combobox:Sample choice[none|f=combobox:Sample choice|h=None]@10.6 ; n>option:7 days[listbox×1|f=option:7 days|h=7 days]@325.1 ; Enter>option:Never[listbox×1|f=option:Never|h=Never]@631.1
chromium-dark-desktop › orbit-sample select-down-n-enter paced sample 13,orbit-sample,select,select-down-n-enter,select-down-enter-from-7,paced,13,ArrowDown n Enter,Never | list closed | none | @combobox:Sample choice,0,0,ArrowDown>combobox:Sample choice[none|f=combobox:Sample choice|h=None]@9 ; n>option:7 days[listbox×1|f=option:7 days|h=7 days]@324.5 ; Enter>option:Never[listbox×1|f=option:Never|h=Never]@630.6
chromium-dark-desktop › orbit-sample select-down-n-enter paced sample 14,orbit-sample,select,select-down-n-enter,select-down-enter-from-7,paced,14,ArrowDown n Enter,Never | list closed | none | @combobox:Sample choice,0,0,ArrowDown>combobox:Sample choice[none|f=combobox:Sample choice|h=None]@12.5 ; n>option:7 days[listbox×1|f=option:7 days|h=7 days]@327.9 ; Enter>option:Never[listbox×1|f=option:Never|h=Never]@633.7
chromium-dark-desktop › orbit-sample select-down-n-enter paced sample 15,orbit-sample,select,select-down-n-enter,select-down-enter-from-7,paced,15,ArrowDown n Enter,Never | list closed | none | @combobox:Sample choice,0,0,ArrowDown>combobox:Sample choice[none|f=combobox:Sample choice|h=None]@10.9 ; n>option:7 days[listbox×1|f=option:7 days|h=7 days]@325.4 ; Enter>option:Never[listbox×1|f=option:Never|h=Never]@631.4
chromium-dark-desktop › orbit-sample select-down-n-enter paced sample 16,orbit-sample,select,select-down-n-enter,select-down-enter-from-7,paced,16,ArrowDown n Enter,Never | list closed | none | @combobox:Sample choice,0,0,ArrowDown>combobox:Sample choice[none|f=combobox:Sample choice|h=None]@15.9 ; n>option:7 days[listbox×1|f=option:7 days|h=7 days]@330 ; Enter>option:Never[listbox×1|f=option:Never|h=Never]@635.6
chromium-dark-desktop › orbit-sample select-down-n-enter paced sample 17,orbit-sample,select,select-down-n-enter,select-down-enter-from-7,paced,17,ArrowDown n Enter,Never | list closed | none | @combobox:Sample choice,0,0,ArrowDown>combobox:Sample choice[none|f=combobox:Sample choice|h=None]@2.8 ; n>option:7 days[listbox×1|f=option:7 days|h=7 days]@317.5 ; Enter>option:Never[listbox×1|f=option:Never|h=Never]@623.6
chromium-dark-desktop › orbit-sample select-down-n-enter paced sample 18,orbit-sample,select,select-down-n-enter,select-down-enter-from-7,paced,18,ArrowDown n Enter,Never | list closed | none | @combobox:Sample choice,0,0,ArrowDown>combobox:Sample choice[none|f=combobox:Sample choice|h=None]@15.5 ; n>option:7 days[listbox×1|f=option:7 days|h=7 days]@335.9 ; Enter>option:Never[listbox×1|f=option:Never|h=Never]@641.3
chromium-dark-desktop › orbit-sample select-down-n-enter paced sample 19,orbit-sample,select,select-down-n-enter,select-down-enter-from-7,paced,19,ArrowDown n Enter,Never | list closed | none | @combobox:Sample choice,0,0,ArrowDown>combobox:Sample choice[none|f=combobox:Sample choice|h=None]@14.9 ; n>option:7 days[listbox×1|f=option:7 days|h=7 days]@331.4 ; Enter>option:Never[listbox×1|f=option:Never|h=Never]@637.4
chromium-dark-desktop › antd-sample select-down-n-enter burst sample 0,antd-sample,select,select-down-n-enter,select-down-enter-from-7,burst,0,ArrowDown n Enter,7 days | list closed | none | @combobox:Sample choice,1,0,ArrowDown>combobox:Sample choice[none|f=combobox:Sample choice|h=None]@8.6 ; n>combobox:Sample choice[listbox×1|f=combobox:Sample choice|h=7 days]@17.5 ; Enter>combobox:Sample choice[listbox×1|f=combobox:Sample choice|h=7 days]@17.8
chromium-dark-desktop › antd-sample select-down-n-enter burst sample 1,antd-sample,select,select-down-n-enter,select-down-enter-from-7,burst,1,ArrowDown n Enter,7 days | list closed | none | @combobox:Sample choice,1,0,ArrowDown>combobox:Sample choice[none|f=combobox:Sample choice|h=None]@14.1 ; n>combobox:Sample choice[listbox×1|f=combobox:Sample choice|h=7 days]@25.2 ; Enter>combobox:Sample choice[listbox×1|f=combobox:Sample choice|h=7 days]@25.5
chromium-dark-desktop › antd-sample select-down-n-enter burst sample 2,antd-sample,select,select-down-n-enter,select-down-enter-from-7,burst,2,ArrowDown n Enter,7 days | list closed | none | @combobox:Sample choice,1,0,ArrowDown>combobox:Sample choice[none|f=combobox:Sample choice|h=None]@20.3 ; n>combobox:Sample choice[listbox×1|f=combobox:Sample choice|h=7 days]@30.3 ; Enter>combobox:Sample choice[listbox×1|f=combobox:Sample choice|h=7 days]@30.7
chromium-dark-desktop › antd-sample select-down-n-enter burst sample 3,antd-sample,select,select-down-n-enter,select-down-enter-from-7,burst,3,ArrowDown n Enter,7 days | list closed | none | @combobox:Sample choice,1,0,ArrowDown>combobox:Sample choice[none|f=combobox:Sample choice|h=None]@20.2 ; n>combobox:Sample choice[listbox×1|f=combobox:Sample choice|h=7 days]@30.2 ; Enter>combobox:Sample choice[listbox×1|f=combobox:Sample choice|h=7 days]@30.4
chromium-dark-desktop › antd-sample select-down-n-enter burst sample 4,antd-sample,select,select-down-n-enter,select-down-enter-from-7,burst,4,ArrowDown n Enter,7 days | list closed | none | @combobox:Sample choice,1,0,ArrowDown>combobox:Sample choice[none|f=combobox:Sample choice|h=None]@6.7 ; n>combobox:Sample choice[listbox×1|f=combobox:Sample choice|h=7 days]@17.2 ; Enter>combobox:Sample choice[listbox×1|f=combobox:Sample choice|h=7 days]@17.5
chromium-dark-desktop › antd-sample select-down-n-enter burst sample 5,antd-sample,select,select-down-n-enter,select-down-enter-from-7,burst,5,ArrowDown n Enter,7 days | list closed | none | @combobox:Sample choice,1,0,ArrowDown>combobox:Sample choice[none|f=combobox:Sample choice|h=None]@13.2 ; n>combobox:Sample choice[listbox×1|f=combobox:Sample choice|h=7 days]@23.4 ; Enter>combobox:Sample choice[listbox×1|f=combobox:Sample choice|h=7 days]@23.8
chromium-dark-desktop › antd-sample select-down-n-enter burst sample 6,antd-sample,select,select-down-n-enter,select-down-enter-from-7,burst,6,ArrowDown n Enter,7 days | list closed | none | @combobox:Sample choice,1,0,ArrowDown>combobox:Sample choice[none|f=combobox:Sample choice|h=None]@7.2 ; n>combobox:Sample choice[listbox×1|f=combobox:Sample choice|h=7 days]@16.3 ; Enter>combobox:Sample choice[listbox×1|f=combobox:Sample choice|h=7 days]@16.5
chromium-dark-desktop › antd-sample select-down-n-enter burst sample 7,antd-sample,select,select-down-n-enter,select-down-enter-from-7,burst,7,ArrowDown n Enter,7 days | list closed | none | @combobox:Sample choice,1,0,ArrowDown>combobox:Sample choice[none|f=combobox:Sample choice|h=None]@14.7 ; n>combobox:Sample choice[listbox×1|f=combobox:Sample choice|h=7 days]@23.8 ; Enter>combobox:Sample choice[listbox×1|f=combobox:Sample choice|h=7 days]@24
chromium-dark-desktop › antd-sample select-down-n-enter burst sample 8,antd-sample,select,select-down-n-enter,select-down-enter-from-7,burst,8,ArrowDown n Enter,7 days | list closed | none | @combobox:Sample choice,1,0,ArrowDown>combobox:Sample choice[none|f=combobox:Sample choice|h=None]@5.6 ; n>combobox:Sample choice[listbox×1|f=combobox:Sample choice|h=7 days]@14.8 ; Enter>combobox:Sample choice[listbox×1|f=combobox:Sample choice|h=7 days]@15
chromium-dark-desktop › antd-sample select-down-n-enter burst sample 9,antd-sample,select,select-down-n-enter,select-down-enter-from-7,burst,9,ArrowDown n Enter,7 days | list closed | none | @combobox:Sample choice,1,0,ArrowDown>combobox:Sample choice[none|f=combobox:Sample choice|h=None]@12.4 ; n>combobox:Sample choice[listbox×1|f=combobox:Sample choice|h=7 days]@21.9 ; Enter>combobox:Sample choice[listbox×1|f=combobox:Sample choice|h=7 days]@22.2
chromium-dark-desktop › antd-sample select-down-n-enter burst sample 10,antd-sample,select,select-down-n-enter,select-down-enter-from-7,burst,10,ArrowDown n Enter,7 days | list closed | none | @combobox:Sample choice,1,0,ArrowDown>combobox:Sample choice[none|f=combobox:Sample choice|h=None]@15 ; n>combobox:Sample choice[listbox×1|f=combobox:Sample choice|h=7 days]@23.9 ; Enter>combobox:Sample choice[listbox×1|f=combobox:Sample choice|h=7 days]@24.2
chromium-dark-desktop › antd-sample select-down-n-enter burst sample 11,antd-sample,select,select-down-n-enter,select-down-enter-from-7,burst,11,ArrowDown n Enter,7 days | list closed | none | @combobox:Sample choice,1,0,ArrowDown>combobox:Sample choice[none|f=combobox:Sample choice|h=None]@14.7 ; n>combobox:Sample choice[listbox×1|f=combobox:Sample choice|h=7 days]@23.8 ; Enter>combobox:Sample choice[listbox×1|f=combobox:Sample choice|h=7 days]@24.2
chromium-dark-desktop › antd-sample select-down-n-enter burst sample 12,antd-sample,select,select-down-n-enter,select-down-enter-from-7,burst,12,ArrowDown n Enter,7 days | list closed | none | @combobox:Sample choice,1,0,ArrowDown>combobox:Sample choice[none|f=combobox:Sample choice|h=None]@16.4 ; n>combobox:Sample choice[listbox×1|f=combobox:Sample choice|h=7 days]@25.9 ; Enter>combobox:Sample choice[listbox×1|f=combobox:Sample choice|h=7 days]@26.1
chromium-dark-desktop › antd-sample select-down-n-enter burst sample 13,antd-sample,select,select-down-n-enter,select-down-enter-from-7,burst,13,ArrowDown n Enter,7 days | list closed | none | @combobox:Sample choice,1,0,ArrowDown>combobox:Sample choice[none|f=combobox:Sample choice|h=None]@5.6 ; n>combobox:Sample choice[listbox×1|f=combobox:Sample choice|h=7 days]@15.4 ; Enter>combobox:Sample choice[listbox×1|f=combobox:Sample choice|h=7 days]@15.7
chromium-dark-desktop › antd-sample select-down-n-enter burst sample 14,antd-sample,select,select-down-n-enter,select-down-enter-from-7,burst,14,ArrowDown n Enter,7 days | list closed | none | @combobox:Sample choice,1,0,ArrowDown>combobox:Sample choice[none|f=combobox:Sample choice|h=None]@13 ; n>combobox:Sample choice[listbox×1|f=combobox:Sample choice|h=7 days]@23.3 ; Enter>combobox:Sample choice[listbox×1|f=combobox:Sample choice|h=7 days]@23.6
chromium-dark-desktop › antd-sample select-down-n-enter burst sample 15,antd-sample,select,select-down-n-enter,select-down-enter-from-7,burst,15,ArrowDown n Enter,7 days | list closed | none | @combobox:Sample choice,1,0,ArrowDown>combobox:Sample choice[none|f=combobox:Sample choice|h=None]@7.6 ; n>combobox:Sample choice[listbox×1|f=combobox:Sample choice|h=7 days]@16.8 ; Enter>combobox:Sample choice[listbox×1|f=combobox:Sample choice|h=7 days]@17
chromium-dark-desktop › antd-sample select-down-n-enter burst sample 16,antd-sample,select,select-down-n-enter,select-down-enter-from-7,burst,16,ArrowDown n Enter,7 days | list closed | none | @combobox:Sample choice,1,0,ArrowDown>combobox:Sample choice[none|f=combobox:Sample choice|h=None]@10 ; n>combobox:Sample choice[listbox×1|f=combobox:Sample choice|h=7 days]@19 ; Enter>combobox:Sample choice[listbox×1|f=combobox:Sample choice|h=7 days]@19.3
chromium-dark-desktop › antd-sample select-down-n-enter burst sample 17,antd-sample,select,select-down-n-enter,select-down-enter-from-7,burst,17,ArrowDown n Enter,7 days | list closed | none | @combobox:Sample choice,1,0,ArrowDown>combobox:Sample choice[none|f=combobox:Sample choice|h=None]@14.9 ; n>combobox:Sample choice[listbox×1|f=combobox:Sample choice|h=7 days]@24 ; Enter>combobox:Sample choice[listbox×1|f=combobox:Sample choice|h=7 days]@24.3
chromium-dark-desktop › antd-sample select-down-n-enter burst sample 18,antd-sample,select,select-down-n-enter,select-down-enter-from-7,burst,18,ArrowDown n Enter,7 days | list closed | none | @combobox:Sample choice,1,0,ArrowDown>combobox:Sample choice[none|f=combobox:Sample choice|h=None]@9 ; n>combobox:Sample choice[listbox×1|f=combobox:Sample choice|h=7 days]@19 ; Enter>combobox:Sample choice[listbox×1|f=combobox:Sample choice|h=7 days]@19.4
chromium-dark-desktop › antd-sample select-down-n-enter burst sample 19,antd-sample,select,select-down-n-enter,select-down-enter-from-7,burst,19,ArrowDown n Enter,7 days | list closed | none | @combobox:Sample choice,1,0,ArrowDown>combobox:Sample choice[none|f=combobox:Sample choice|h=None]@9.7 ; n>combobox:Sample choice[listbox×1|f=combobox:Sample choice|h=7 days]@18.9 ; Enter>combobox:Sample choice[listbox×1|f=combobox:Sample choice|h=7 days]@19.2
chromium-dark-desktop › antd-sample select-down-n-enter paced sample 0,antd-sample,select,select-down-n-enter,select-down-enter-from-7,paced,0,ArrowDown n Enter,7 days | list closed | none | @combobox:Sample choice,1,0,ArrowDown>combobox:Sample choice[none|f=combobox:Sample choice|h=None]@7.1 ; n>combobox:Sample choice[listbox×1|f=combobox:Sample choice|h=7 days]@319.3 ; Enter>combobox:Sample choice[listbox×1|f=combobox:Sample choice|h=7 days]@623.1
chromium-dark-desktop › antd-sample select-down-n-enter paced sample 1,antd-sample,select,select-down-n-enter,select-down-enter-from-7,paced,1,ArrowDown n Enter,7 days | list closed | none | @combobox:Sample choice,1,0,ArrowDown>combobox:Sample choice[none|f=combobox:Sample choice|h=None]@7.2 ; n>combobox:Sample choice[listbox×1|f=combobox:Sample choice|h=7 days]@320.5 ; Enter>combobox:Sample choice[listbox×1|f=combobox:Sample choice|h=7 days]@624.9
chromium-dark-desktop › antd-sample select-down-n-enter paced sample 2,antd-sample,select,select-down-n-enter,select-down-enter-from-7,paced,2,ArrowDown n Enter,7 days | list closed | none | @combobox:Sample choice,1,0,ArrowDown>combobox:Sample choice[none|f=combobox:Sample choice|h=None]@4.3 ; n>combobox:Sample choice[listbox×1|f=combobox:Sample choice|h=7 days]@317.9 ; Enter>combobox:Sample choice[listbox×1|f=combobox:Sample choice|h=7 days]@623.5
chromium-dark-desktop › antd-sample select-down-n-enter paced sample 3,antd-sample,select,select-down-n-enter,select-down-enter-from-7,paced,3,ArrowDown n Enter,7 days | list closed | none | @combobox:Sample choice,1,0,ArrowDown>combobox:Sample choice[none|f=combobox:Sample choice|h=None]@6.3 ; n>combobox:Sample choice[listbox×1|f=combobox:Sample choice|h=7 days]@320.1 ; Enter>combobox:Sample choice[listbox×1|f=combobox:Sample choice|h=7 days]@624.4
chromium-dark-desktop › antd-sample select-down-n-enter paced sample 4,antd-sample,select,select-down-n-enter,select-down-enter-from-7,paced,4,ArrowDown n Enter,7 days | list closed | none | @combobox:Sample choice,1,0,ArrowDown>combobox:Sample choice[none|f=combobox:Sample choice|h=None]@4.6 ; n>combobox:Sample choice[listbox×1|f=combobox:Sample choice|h=7 days]@316.2 ; Enter>combobox:Sample choice[listbox×1|f=combobox:Sample choice|h=7 days]@619.8
chromium-dark-desktop › antd-sample select-down-n-enter paced sample 5,antd-sample,select,select-down-n-enter,select-down-enter-from-7,paced,5,ArrowDown n Enter,7 days | list closed | none | @combobox:Sample choice,1,0,ArrowDown>combobox:Sample choice[none|f=combobox:Sample choice|h=None]@18.4 ; n>combobox:Sample choice[listbox×1|f=combobox:Sample choice|h=7 days]@331.1 ; Enter>combobox:Sample choice[listbox×1|f=combobox:Sample choice|h=7 days]@634.8
chromium-dark-desktop › antd-sample select-down-n-enter paced sample 6,antd-sample,select,select-down-n-enter,select-down-enter-from-7,paced,6,ArrowDown n Enter,7 days | list closed | none | @combobox:Sample choice,1,0,ArrowDown>combobox:Sample choice[none|f=combobox:Sample choice|h=None]@6.6 ; n>combobox:Sample choice[listbox×1|f=combobox:Sample choice|h=7 days]@319.7 ; Enter>combobox:Sample choice[listbox×1|f=combobox:Sample choice|h=7 days]@624.3
chromium-dark-desktop › antd-sample select-down-n-enter paced sample 7,antd-sample,select,select-down-n-enter,select-down-enter-from-7,paced,7,ArrowDown n Enter,7 days | list closed | none | @combobox:Sample choice,1,0,ArrowDown>combobox:Sample choice[none|f=combobox:Sample choice|h=None]@13.5 ; n>combobox:Sample choice[listbox×1|f=combobox:Sample choice|h=7 days]@324.9 ; Enter>combobox:Sample choice[listbox×1|f=combobox:Sample choice|h=7 days]@629.1
chromium-dark-desktop › antd-sample select-down-n-enter paced sample 8,antd-sample,select,select-down-n-enter,select-down-enter-from-7,paced,8,ArrowDown n Enter,7 days | list closed | none | @combobox:Sample choice,1,0,ArrowDown>combobox:Sample choice[none|f=combobox:Sample choice|h=None]@14.9 ; n>combobox:Sample choice[listbox×1|f=combobox:Sample choice|h=7 days]@338.3 ; Enter>combobox:Sample choice[listbox×1|f=combobox:Sample choice|h=7 days]@641.7
chromium-dark-desktop › antd-sample select-down-n-enter paced sample 9,antd-sample,select,select-down-n-enter,select-down-enter-from-7,paced,9,ArrowDown n Enter,7 days | list closed | none | @combobox:Sample choice,1,0,ArrowDown>combobox:Sample choice[none|f=combobox:Sample choice|h=None]@9.6 ; n>combobox:Sample choice[listbox×1|f=combobox:Sample choice|h=7 days]@321.9 ; Enter>combobox:Sample choice[listbox×1|f=combobox:Sample choice|h=7 days]@626.4
chromium-dark-desktop › antd-sample select-down-n-enter paced sample 10,antd-sample,select,select-down-n-enter,select-down-enter-from-7,paced,10,ArrowDown n Enter,7 days | list closed | none | @combobox:Sample choice,1,0,ArrowDown>combobox:Sample choice[none|f=combobox:Sample choice|h=None]@14.1 ; n>combobox:Sample choice[listbox×1|f=combobox:Sample choice|h=7 days]@328.6 ; Enter>combobox:Sample choice[listbox×1|f=combobox:Sample choice|h=7 days]@632.7
chromium-dark-desktop › antd-sample select-down-n-enter paced sample 11,antd-sample,select,select-down-n-enter,select-down-enter-from-7,paced,11,ArrowDown n Enter,7 days | list closed | none | @combobox:Sample choice,1,0,ArrowDown>combobox:Sample choice[none|f=combobox:Sample choice|h=None]@16.1 ; n>combobox:Sample choice[listbox×1|f=combobox:Sample choice|h=7 days]@328.1 ; Enter>combobox:Sample choice[listbox×1|f=combobox:Sample choice|h=7 days]@632
chromium-dark-desktop › antd-sample select-down-n-enter paced sample 12,antd-sample,select,select-down-n-enter,select-down-enter-from-7,paced,12,ArrowDown n Enter,7 days | list closed | none | @combobox:Sample choice,1,0,ArrowDown>combobox:Sample choice[none|f=combobox:Sample choice|h=None]@10.6 ; n>combobox:Sample choice[listbox×1|f=combobox:Sample choice|h=7 days]@324.1 ; Enter>combobox:Sample choice[listbox×1|f=combobox:Sample choice|h=7 days]@627.4
chromium-dark-desktop › antd-sample select-down-n-enter paced sample 13,antd-sample,select,select-down-n-enter,select-down-enter-from-7,paced,13,ArrowDown n Enter,7 days | list closed | none | @combobox:Sample choice,1,0,ArrowDown>combobox:Sample choice[none|f=combobox:Sample choice|h=None]@12.5 ; n>combobox:Sample choice[listbox×1|f=combobox:Sample choice|h=7 days]@325.1 ; Enter>combobox:Sample choice[listbox×1|f=combobox:Sample choice|h=7 days]@628.8
chromium-dark-desktop › antd-sample select-down-n-enter paced sample 14,antd-sample,select,select-down-n-enter,select-down-enter-from-7,paced,14,ArrowDown n Enter,7 days | list closed | none | @combobox:Sample choice,1,0,ArrowDown>combobox:Sample choice[none|f=combobox:Sample choice|h=None]@8 ; n>combobox:Sample choice[listbox×1|f=combobox:Sample choice|h=7 days]@321.8 ; Enter>combobox:Sample choice[listbox×1|f=combobox:Sample choice|h=7 days]@627.2
chromium-dark-desktop › antd-sample select-down-n-enter paced sample 15,antd-sample,select,select-down-n-enter,select-down-enter-from-7,paced,15,ArrowDown n Enter,7 days | list closed | none | @combobox:Sample choice,1,0,ArrowDown>combobox:Sample choice[none|f=combobox:Sample choice|h=None]@7.9 ; n>combobox:Sample choice[listbox×1|f=combobox:Sample choice|h=7 days]@321.2 ; Enter>combobox:Sample choice[listbox×1|f=combobox:Sample choice|h=7 days]@625.1
chromium-dark-desktop › antd-sample select-down-n-enter paced sample 16,antd-sample,select,select-down-n-enter,select-down-enter-from-7,paced,16,ArrowDown n Enter,7 days | list closed | none | @combobox:Sample choice,1,0,ArrowDown>combobox:Sample choice[none|f=combobox:Sample choice|h=None]@17.9 ; n>combobox:Sample choice[listbox×1|f=combobox:Sample choice|h=7 days]@329.3 ; Enter>combobox:Sample choice[listbox×1|f=combobox:Sample choice|h=7 days]@633.1
chromium-dark-desktop › antd-sample select-down-n-enter paced sample 17,antd-sample,select,select-down-n-enter,select-down-enter-from-7,paced,17,ArrowDown n Enter,7 days | list closed | none | @combobox:Sample choice,1,0,ArrowDown>combobox:Sample choice[none|f=combobox:Sample choice|h=None]@14.9 ; n>combobox:Sample choice[listbox×1|f=combobox:Sample choice|h=7 days]@327.4 ; Enter>combobox:Sample choice[listbox×1|f=combobox:Sample choice|h=7 days]@631.3
chromium-dark-desktop › antd-sample select-down-n-enter paced sample 18,antd-sample,select,select-down-n-enter,select-down-enter-from-7,paced,18,ArrowDown n Enter,7 days | list closed | none | @combobox:Sample choice,1,0,ArrowDown>combobox:Sample choice[none|f=combobox:Sample choice|h=None]@6.5 ; n>combobox:Sample choice[listbox×1|f=combobox:Sample choice|h=7 days]@318.9 ; Enter>combobox:Sample choice[listbox×1|f=combobox:Sample choice|h=7 days]@622.6
chromium-dark-desktop › antd-sample select-down-n-enter paced sample 19,antd-sample,select,select-down-n-enter,select-down-enter-from-7,paced,19,ArrowDown n Enter,7 days | list closed | none | @combobox:Sample choice,1,0,ArrowDown>combobox:Sample choice[none|f=combobox:Sample choice|h=None]@5.1 ; n>combobox:Sample choice[listbox×1|f=combobox:Sample choice|h=7 days]@318.5 ; Enter>combobox:Sample choice[listbox×1|f=combobox:Sample choice|h=7 days]@623
chromium-dark-desktop › orbit-field select-enter burst sample 0,orbit-field,select,select-enter,,burst,0,Enter,never | list open | listbox×1 | @option:Never,0,0,Enter>combobox:Expires[none|f=combobox:Expires|h=None]@22.6
chromium-dark-desktop › orbit-field select-enter burst sample 1,orbit-field,select,select-enter,,burst,1,Enter,never | list open | listbox×1 | @option:Never,0,0,Enter>combobox:Expires[none|f=combobox:Expires|h=None]@23.9
chromium-dark-desktop › orbit-field select-enter burst sample 2,orbit-field,select,select-enter,,burst,2,Enter,never | list open | listbox×1 | @option:Never,0,0,Enter>combobox:Expires[none|f=combobox:Expires|h=None]@23.4
chromium-dark-desktop › orbit-field select-enter burst sample 3,orbit-field,select,select-enter,,burst,3,Enter,never | list open | listbox×1 | @option:Never,0,0,Enter>combobox:Expires[none|f=combobox:Expires|h=None]@29.7
chromium-dark-desktop › orbit-field select-enter burst sample 4,orbit-field,select,select-enter,,burst,4,Enter,never | list open | listbox×1 | @option:Never,0,0,Enter>combobox:Expires[none|f=combobox:Expires|h=None]@28.2
chromium-dark-desktop › orbit-field select-enter burst sample 5,orbit-field,select,select-enter,,burst,5,Enter,never | list open | listbox×1 | @option:Never,0,0,Enter>combobox:Expires[none|f=combobox:Expires|h=None]@37.2
chromium-dark-desktop › orbit-field select-enter burst sample 6,orbit-field,select,select-enter,,burst,6,Enter,never | list open | listbox×1 | @option:Never,0,0,Enter>combobox:Expires[none|f=combobox:Expires|h=None]@37.4
chromium-dark-desktop › orbit-field select-enter burst sample 7,orbit-field,select,select-enter,,burst,7,Enter,never | list open | listbox×1 | @option:Never,0,0,Enter>combobox:Expires[none|f=combobox:Expires|h=None]@25.4
chromium-dark-desktop › orbit-field select-enter burst sample 8,orbit-field,select,select-enter,,burst,8,Enter,never | list open | listbox×1 | @option:Never,0,0,Enter>combobox:Expires[none|f=combobox:Expires|h=None]@30.6
chromium-dark-desktop › orbit-field select-enter burst sample 9,orbit-field,select,select-enter,,burst,9,Enter,never | list open | listbox×1 | @option:Never,0,0,Enter>combobox:Expires[none|f=combobox:Expires|h=None]@25.4
chromium-dark-desktop › orbit-field select-enter burst sample 10,orbit-field,select,select-enter,,burst,10,Enter,never | list open | listbox×1 | @option:Never,0,0,Enter>combobox:Expires[none|f=combobox:Expires|h=None]@23.5
chromium-dark-desktop › orbit-field select-enter burst sample 11,orbit-field,select,select-enter,,burst,11,Enter,never | list open | listbox×1 | @option:Never,0,0,Enter>combobox:Expires[none|f=combobox:Expires|h=None]@26.2
chromium-dark-desktop › orbit-field select-enter burst sample 12,orbit-field,select,select-enter,,burst,12,Enter,never | list open | listbox×1 | @option:Never,0,0,Enter>combobox:Expires[none|f=combobox:Expires|h=None]@25.3
chromium-dark-desktop › orbit-field select-enter burst sample 13,orbit-field,select,select-enter,,burst,13,Enter,never | list open | listbox×1 | @option:Never,0,0,Enter>combobox:Expires[none|f=combobox:Expires|h=None]@21.4
chromium-dark-desktop › orbit-field select-enter burst sample 14,orbit-field,select,select-enter,,burst,14,Enter,never | list open | listbox×1 | @option:Never,0,0,Enter>combobox:Expires[none|f=combobox:Expires|h=None]@25.4
chromium-dark-desktop › orbit-field select-enter burst sample 15,orbit-field,select,select-enter,,burst,15,Enter,never | list open | listbox×1 | @option:Never,0,0,Enter>combobox:Expires[none|f=combobox:Expires|h=None]@34.8
chromium-dark-desktop › orbit-field select-enter burst sample 16,orbit-field,select,select-enter,,burst,16,Enter,never | list open | listbox×1 | @option:Never,0,0,Enter>combobox:Expires[none|f=combobox:Expires|h=None]@32.1
chromium-dark-desktop › orbit-field select-enter burst sample 17,orbit-field,select,select-enter,,burst,17,Enter,never | list open | listbox×1 | @option:Never,0,0,Enter>combobox:Expires[none|f=combobox:Expires|h=None]@23.6
chromium-dark-desktop › orbit-field select-enter burst sample 18,orbit-field,select,select-enter,,burst,18,Enter,never | list open | listbox×1 | @option:Never,0,0,Enter>combobox:Expires[none|f=combobox:Expires|h=None]@21.6
chromium-dark-desktop › orbit-field select-enter burst sample 19,orbit-field,select,select-enter,,burst,19,Enter,never | list open | listbox×1 | @option:Never,0,0,Enter>combobox:Expires[none|f=combobox:Expires|h=None]@28.6
chromium-dark-desktop › orbit-field select-enter paced sample 0,orbit-field,select,select-enter,,paced,0,Enter,never | list open | listbox×1 | @option:Never,0,0,Enter>combobox:Expires[none|f=combobox:Expires|h=None]@31.9
chromium-dark-desktop › orbit-field select-enter paced sample 1,orbit-field,select,select-enter,,paced,1,Enter,never | list open | listbox×1 | @option:Never,0,0,Enter>combobox:Expires[none|f=combobox:Expires|h=None]@28.6
chromium-dark-desktop › orbit-field select-enter paced sample 2,orbit-field,select,select-enter,,paced,2,Enter,never | list open | listbox×1 | @option:Never,0,0,Enter>combobox:Expires[none|f=combobox:Expires|h=None]@35.7
chromium-dark-desktop › orbit-field select-enter paced sample 3,orbit-field,select,select-enter,,paced,3,Enter,never | list open | listbox×1 | @option:Never,0,0,Enter>combobox:Expires[none|f=combobox:Expires|h=None]@33.2
chromium-dark-desktop › orbit-field select-enter paced sample 4,orbit-field,select,select-enter,,paced,4,Enter,never | list open | listbox×1 | @option:Never,0,0,Enter>combobox:Expires[none|f=combobox:Expires|h=None]@29.7
chromium-dark-desktop › orbit-field select-enter paced sample 5,orbit-field,select,select-enter,,paced,5,Enter,never | list open | listbox×1 | @option:Never,0,0,Enter>combobox:Expires[none|f=combobox:Expires|h=None]@34.3
chromium-dark-desktop › orbit-field select-enter paced sample 6,orbit-field,select,select-enter,,paced,6,Enter,never | list open | listbox×1 | @option:Never,0,0,Enter>combobox:Expires[none|f=combobox:Expires|h=None]@34.9
chromium-dark-desktop › orbit-field select-enter paced sample 7,orbit-field,select,select-enter,,paced,7,Enter,never | list open | listbox×1 | @option:Never,0,0,Enter>combobox:Expires[none|f=combobox:Expires|h=None]@29.7
chromium-dark-desktop › orbit-field select-enter paced sample 8,orbit-field,select,select-enter,,paced,8,Enter,never | list open | listbox×1 | @option:Never,0,0,Enter>combobox:Expires[none|f=combobox:Expires|h=None]@32.5
chromium-dark-desktop › orbit-field select-enter paced sample 9,orbit-field,select,select-enter,,paced,9,Enter,never | list open | listbox×1 | @option:Never,0,0,Enter>combobox:Expires[none|f=combobox:Expires|h=None]@23.6
chromium-dark-desktop › orbit-field select-enter paced sample 10,orbit-field,select,select-enter,,paced,10,Enter,never | list open | listbox×1 | @option:Never,0,0,Enter>combobox:Expires[none|f=combobox:Expires|h=None]@26.5
chromium-dark-desktop › orbit-field select-enter paced sample 11,orbit-field,select,select-enter,,paced,11,Enter,never | list open | listbox×1 | @option:Never,0,0,Enter>combobox:Expires[none|f=combobox:Expires|h=None]@23.8
chromium-dark-desktop › orbit-field select-enter paced sample 12,orbit-field,select,select-enter,,paced,12,Enter,never | list open | listbox×1 | @option:Never,0,0,Enter>combobox:Expires[none|f=combobox:Expires|h=None]@31.4
chromium-dark-desktop › orbit-field select-enter paced sample 13,orbit-field,select,select-enter,,paced,13,Enter,never | list open | listbox×1 | @option:Never,0,0,Enter>combobox:Expires[none|f=combobox:Expires|h=None]@31.4
chromium-dark-desktop › orbit-field select-enter paced sample 14,orbit-field,select,select-enter,,paced,14,Enter,never | list open | listbox×1 | @option:Never,0,0,Enter>combobox:Expires[none|f=combobox:Expires|h=None]@31.5
chromium-dark-desktop › orbit-field select-enter paced sample 15,orbit-field,select,select-enter,,paced,15,Enter,never | list open | listbox×1 | @option:Never,0,0,Enter>combobox:Expires[none|f=combobox:Expires|h=None]@26.3
chromium-dark-desktop › orbit-field select-enter paced sample 16,orbit-field,select,select-enter,,paced,16,Enter,never | list open | listbox×1 | @option:Never,0,0,Enter>combobox:Expires[none|f=combobox:Expires|h=None]@26.7
chromium-dark-desktop › orbit-field select-enter paced sample 17,orbit-field,select,select-enter,,paced,17,Enter,never | list open | listbox×1 | @option:Never,0,0,Enter>combobox:Expires[none|f=combobox:Expires|h=None]@36.8
chromium-dark-desktop › orbit-field select-enter paced sample 18,orbit-field,select,select-enter,,paced,18,Enter,never | list open | listbox×1 | @option:Never,0,0,Enter>combobox:Expires[none|f=combobox:Expires|h=None]@22.6
chromium-dark-desktop › orbit-field select-enter paced sample 19,orbit-field,select,select-enter,,paced,19,Enter,never | list open | listbox×1 | @option:Never,0,0,Enter>combobox:Expires[none|f=combobox:Expires|h=None]@24
chromium-dark-desktop › orbit-sample select-enter burst sample 0,orbit-sample,select,select-enter,,burst,0,Enter,Never | list open | listbox×1 | @option:Never,0,0,Enter>combobox:Sample choice[none|f=combobox:Sample choice|h=None]@30
chromium-dark-desktop › orbit-sample select-enter burst sample 1,orbit-sample,select,select-enter,,burst,1,Enter,Never | list open | listbox×1 | @option:Never,0,0,Enter>combobox:Sample choice[none|f=combobox:Sample choice|h=None]@24.4
chromium-dark-desktop › orbit-sample select-enter burst sample 2,orbit-sample,select,select-enter,,burst,2,Enter,Never | list open | listbox×1 | @option:Never,0,0,Enter>combobox:Sample choice[none|f=combobox:Sample choice|h=None]@32.2
chromium-dark-desktop › orbit-sample select-enter burst sample 3,orbit-sample,select,select-enter,,burst,3,Enter,Never | list open | listbox×1 | @option:Never,0,0,Enter>combobox:Sample choice[none|f=combobox:Sample choice|h=None]@25.5
chromium-dark-desktop › orbit-sample select-enter burst sample 4,orbit-sample,select,select-enter,,burst,4,Enter,Never | list open | listbox×1 | @option:Never,0,0,Enter>combobox:Sample choice[none|f=combobox:Sample choice|h=None]@22.2
chromium-dark-desktop › orbit-sample select-enter burst sample 5,orbit-sample,select,select-enter,,burst,5,Enter,Never | list open | listbox×1 | @option:Never,0,0,Enter>combobox:Sample choice[none|f=combobox:Sample choice|h=None]@22.3
chromium-dark-desktop › orbit-sample select-enter burst sample 6,orbit-sample,select,select-enter,,burst,6,Enter,Never | list open | listbox×1 | @option:Never,0,0,Enter>combobox:Sample choice[none|f=combobox:Sample choice|h=None]@29.4
chromium-dark-desktop › orbit-sample select-enter burst sample 7,orbit-sample,select,select-enter,,burst,7,Enter,Never | list open | listbox×1 | @option:Never,0,0,Enter>combobox:Sample choice[none|f=combobox:Sample choice|h=None]@31.5
chromium-dark-desktop › orbit-sample select-enter burst sample 8,orbit-sample,select,select-enter,,burst,8,Enter,Never | list open | listbox×1 | @option:Never,0,0,Enter>combobox:Sample choice[none|f=combobox:Sample choice|h=None]@19.1
chromium-dark-desktop › orbit-sample select-enter burst sample 9,orbit-sample,select,select-enter,,burst,9,Enter,Never | list open | listbox×1 | @option:Never,0,0,Enter>combobox:Sample choice[none|f=combobox:Sample choice|h=None]@28.9
chromium-dark-desktop › orbit-sample select-enter burst sample 10,orbit-sample,select,select-enter,,burst,10,Enter,Never | list open | listbox×1 | @option:Never,0,0,Enter>combobox:Sample choice[none|f=combobox:Sample choice|h=None]@21.8
chromium-dark-desktop › orbit-sample select-enter burst sample 11,orbit-sample,select,select-enter,,burst,11,Enter,Never | list open | listbox×1 | @option:Never,0,0,Enter>combobox:Sample choice[none|f=combobox:Sample choice|h=None]@23.5
chromium-dark-desktop › orbit-sample select-enter burst sample 12,orbit-sample,select,select-enter,,burst,12,Enter,Never | list open | listbox×1 | @option:Never,0,0,Enter>combobox:Sample choice[none|f=combobox:Sample choice|h=None]@22.3
chromium-dark-desktop › orbit-sample select-enter burst sample 13,orbit-sample,select,select-enter,,burst,13,Enter,Never | list open | listbox×1 | @option:Never,0,0,Enter>combobox:Sample choice[none|f=combobox:Sample choice|h=None]@33.7
chromium-dark-desktop › orbit-sample select-enter burst sample 14,orbit-sample,select,select-enter,,burst,14,Enter,Never | list open | listbox×1 | @option:Never,0,0,Enter>combobox:Sample choice[none|f=combobox:Sample choice|h=None]@26.7
chromium-dark-desktop › orbit-sample select-enter burst sample 15,orbit-sample,select,select-enter,,burst,15,Enter,Never | list open | listbox×1 | @option:Never,0,0,Enter>combobox:Sample choice[none|f=combobox:Sample choice|h=None]@22.3
chromium-dark-desktop › orbit-sample select-enter burst sample 16,orbit-sample,select,select-enter,,burst,16,Enter,Never | list open | listbox×1 | @option:Never,0,0,Enter>combobox:Sample choice[none|f=combobox:Sample choice|h=None]@30.5
chromium-dark-desktop › orbit-sample select-enter burst sample 17,orbit-sample,select,select-enter,,burst,17,Enter,Never | list open | listbox×1 | @option:Never,0,0,Enter>combobox:Sample choice[none|f=combobox:Sample choice|h=None]@30.6
chromium-dark-desktop › orbit-sample select-enter burst sample 18,orbit-sample,select,select-enter,,burst,18,Enter,Never | list open | listbox×1 | @option:Never,0,0,Enter>combobox:Sample choice[none|f=combobox:Sample choice|h=None]@27.9
chromium-dark-desktop › orbit-sample select-enter burst sample 19,orbit-sample,select,select-enter,,burst,19,Enter,Never | list open | listbox×1 | @option:Never,0,0,Enter>combobox:Sample choice[none|f=combobox:Sample choice|h=None]@35.9
chromium-dark-desktop › orbit-sample select-enter paced sample 0,orbit-sample,select,select-enter,,paced,0,Enter,Never | list open | listbox×1 | @option:Never,0,0,Enter>combobox:Sample choice[none|f=combobox:Sample choice|h=None]@28.1
chromium-dark-desktop › orbit-sample select-enter paced sample 1,orbit-sample,select,select-enter,,paced,1,Enter,Never | list open | listbox×1 | @option:Never,0,0,Enter>combobox:Sample choice[none|f=combobox:Sample choice|h=None]@33.5
chromium-dark-desktop › orbit-sample select-enter paced sample 2,orbit-sample,select,select-enter,,paced,2,Enter,Never | list open | listbox×1 | @option:Never,0,0,Enter>combobox:Sample choice[none|f=combobox:Sample choice|h=None]@26.8
chromium-dark-desktop › orbit-sample select-enter paced sample 3,orbit-sample,select,select-enter,,paced,3,Enter,Never | list open | listbox×1 | @option:Never,0,0,Enter>combobox:Sample choice[none|f=combobox:Sample choice|h=None]@34.8
chromium-dark-desktop › orbit-sample select-enter paced sample 4,orbit-sample,select,select-enter,,paced,4,Enter,Never | list open | listbox×1 | @option:Never,0,0,Enter>combobox:Sample choice[none|f=combobox:Sample choice|h=None]@30.4
chromium-dark-desktop › orbit-sample select-enter paced sample 5,orbit-sample,select,select-enter,,paced,5,Enter,Never | list open | listbox×1 | @option:Never,0,0,Enter>combobox:Sample choice[none|f=combobox:Sample choice|h=None]@22.3
chromium-dark-desktop › orbit-sample select-enter paced sample 6,orbit-sample,select,select-enter,,paced,6,Enter,Never | list open | listbox×1 | @option:Never,0,0,Enter>combobox:Sample choice[none|f=combobox:Sample choice|h=None]@21.3
chromium-dark-desktop › orbit-sample select-enter paced sample 7,orbit-sample,select,select-enter,,paced,7,Enter,Never | list open | listbox×1 | @option:Never,0,0,Enter>combobox:Sample choice[none|f=combobox:Sample choice|h=None]@26.9
chromium-dark-desktop › orbit-sample select-enter paced sample 8,orbit-sample,select,select-enter,,paced,8,Enter,Never | list open | listbox×1 | @option:Never,0,0,Enter>combobox:Sample choice[none|f=combobox:Sample choice|h=None]@20
chromium-dark-desktop › orbit-sample select-enter paced sample 9,orbit-sample,select,select-enter,,paced,9,Enter,Never | list open | listbox×1 | @option:Never,0,0,Enter>combobox:Sample choice[none|f=combobox:Sample choice|h=None]@26.4
chromium-dark-desktop › orbit-sample select-enter paced sample 10,orbit-sample,select,select-enter,,paced,10,Enter,Never | list open | listbox×1 | @option:Never,0,0,Enter>combobox:Sample choice[none|f=combobox:Sample choice|h=None]@20.8
chromium-dark-desktop › orbit-sample select-enter paced sample 11,orbit-sample,select,select-enter,,paced,11,Enter,Never | list open | listbox×1 | @option:Never,0,0,Enter>combobox:Sample choice[none|f=combobox:Sample choice|h=None]@22.6
chromium-dark-desktop › orbit-sample select-enter paced sample 12,orbit-sample,select,select-enter,,paced,12,Enter,Never | list open | listbox×1 | @option:Never,0,0,Enter>combobox:Sample choice[none|f=combobox:Sample choice|h=None]@32.1
chromium-dark-desktop › orbit-sample select-enter paced sample 13,orbit-sample,select,select-enter,,paced,13,Enter,Never | list open | listbox×1 | @option:Never,0,0,Enter>combobox:Sample choice[none|f=combobox:Sample choice|h=None]@34.8
chromium-dark-desktop › orbit-sample select-enter paced sample 14,orbit-sample,select,select-enter,,paced,14,Enter,Never | list open | listbox×1 | @option:Never,0,0,Enter>combobox:Sample choice[none|f=combobox:Sample choice|h=None]@23.5
chromium-dark-desktop › orbit-sample select-enter paced sample 15,orbit-sample,select,select-enter,,paced,15,Enter,Never | list open | listbox×1 | @option:Never,0,0,Enter>combobox:Sample choice[none|f=combobox:Sample choice|h=None]@30
chromium-dark-desktop › orbit-sample select-enter paced sample 16,orbit-sample,select,select-enter,,paced,16,Enter,Never | list open | listbox×1 | @option:Never,0,0,Enter>combobox:Sample choice[none|f=combobox:Sample choice|h=None]@33.3
chromium-dark-desktop › orbit-sample select-enter paced sample 17,orbit-sample,select,select-enter,,paced,17,Enter,Never | list open | listbox×1 | @option:Never,0,0,Enter>combobox:Sample choice[none|f=combobox:Sample choice|h=None]@32.4
chromium-dark-desktop › orbit-sample select-enter paced sample 18,orbit-sample,select,select-enter,,paced,18,Enter,Never | list open | listbox×1 | @option:Never,0,0,Enter>combobox:Sample choice[none|f=combobox:Sample choice|h=None]@24.5
chromium-dark-desktop › orbit-sample select-enter paced sample 19,orbit-sample,select,select-enter,,paced,19,Enter,Never | list open | listbox×1 | @option:Never,0,0,Enter>combobox:Sample choice[none|f=combobox:Sample choice|h=None]@28
chromium-dark-desktop › antd-sample select-enter burst sample 0,antd-sample,select,select-enter,,burst,0,Enter,Never | list open | listbox×1 | @combobox:Sample choice,0,0,Enter>combobox:Sample choice[none|f=combobox:Sample choice|h=None]@34
chromium-dark-desktop › antd-sample select-enter burst sample 1,antd-sample,select,select-enter,,burst,1,Enter,Never | list open | listbox×1 | @combobox:Sample choice,0,0,Enter>combobox:Sample choice[none|f=combobox:Sample choice|h=None]@36
chromium-dark-desktop › antd-sample select-enter burst sample 2,antd-sample,select,select-enter,,burst,2,Enter,Never | list open | listbox×1 | @combobox:Sample choice,0,0,Enter>combobox:Sample choice[none|f=combobox:Sample choice|h=None]@14.5
chromium-dark-desktop › antd-sample select-enter burst sample 3,antd-sample,select,select-enter,,burst,3,Enter,Never | list open | listbox×1 | @combobox:Sample choice,0,0,Enter>combobox:Sample choice[none|f=combobox:Sample choice|h=None]@27
chromium-dark-desktop › antd-sample select-enter burst sample 4,antd-sample,select,select-enter,,burst,4,Enter,Never | list open | listbox×1 | @combobox:Sample choice,0,0,Enter>combobox:Sample choice[none|f=combobox:Sample choice|h=None]@25.6
chromium-dark-desktop › antd-sample select-enter burst sample 5,antd-sample,select,select-enter,,burst,5,Enter,Never | list open | listbox×1 | @combobox:Sample choice,0,0,Enter>combobox:Sample choice[none|f=combobox:Sample choice|h=None]@24.1
chromium-dark-desktop › antd-sample select-enter burst sample 6,antd-sample,select,select-enter,,burst,6,Enter,Never | list open | listbox×1 | @combobox:Sample choice,0,0,Enter>combobox:Sample choice[none|f=combobox:Sample choice|h=None]@23.9
chromium-dark-desktop › antd-sample select-enter burst sample 7,antd-sample,select,select-enter,,burst,7,Enter,Never | list open | listbox×1 | @combobox:Sample choice,0,0,Enter>combobox:Sample choice[none|f=combobox:Sample choice|h=None]@23.8
chromium-dark-desktop › antd-sample select-enter burst sample 8,antd-sample,select,select-enter,,burst,8,Enter,Never | list open | listbox×1 | @combobox:Sample choice,0,0,Enter>combobox:Sample choice[none|f=combobox:Sample choice|h=None]@26.2
chromium-dark-desktop › antd-sample select-enter burst sample 9,antd-sample,select,select-enter,,burst,9,Enter,Never | list open | listbox×1 | @combobox:Sample choice,0,0,Enter>combobox:Sample choice[none|f=combobox:Sample choice|h=None]@31.3
chromium-dark-desktop › antd-sample select-enter burst sample 10,antd-sample,select,select-enter,,burst,10,Enter,Never | list open | listbox×1 | @combobox:Sample choice,0,0,Enter>combobox:Sample choice[none|f=combobox:Sample choice|h=None]@23.5
chromium-dark-desktop › antd-sample select-enter burst sample 11,antd-sample,select,select-enter,,burst,11,Enter,Never | list open | listbox×1 | @combobox:Sample choice,0,0,Enter>combobox:Sample choice[none|f=combobox:Sample choice|h=None]@22.7
chromium-dark-desktop › antd-sample select-enter burst sample 12,antd-sample,select,select-enter,,burst,12,Enter,Never | list open | listbox×1 | @combobox:Sample choice,0,0,Enter>combobox:Sample choice[none|f=combobox:Sample choice|h=None]@27.7
chromium-dark-desktop › antd-sample select-enter burst sample 13,antd-sample,select,select-enter,,burst,13,Enter,Never | list open | listbox×1 | @combobox:Sample choice,0,0,Enter>combobox:Sample choice[none|f=combobox:Sample choice|h=None]@31
chromium-dark-desktop › antd-sample select-enter burst sample 14,antd-sample,select,select-enter,,burst,14,Enter,Never | list open | listbox×1 | @combobox:Sample choice,0,0,Enter>combobox:Sample choice[none|f=combobox:Sample choice|h=None]@29
chromium-dark-desktop › antd-sample select-enter burst sample 15,antd-sample,select,select-enter,,burst,15,Enter,Never | list open | listbox×1 | @combobox:Sample choice,0,0,Enter>combobox:Sample choice[none|f=combobox:Sample choice|h=None]@34.3
chromium-dark-desktop › antd-sample select-enter burst sample 16,antd-sample,select,select-enter,,burst,16,Enter,Never | list open | listbox×1 | @combobox:Sample choice,0,0,Enter>combobox:Sample choice[none|f=combobox:Sample choice|h=None]@28.8
chromium-dark-desktop › antd-sample select-enter burst sample 17,antd-sample,select,select-enter,,burst,17,Enter,Never | list open | listbox×1 | @combobox:Sample choice,0,0,Enter>combobox:Sample choice[none|f=combobox:Sample choice|h=None]@22.4
chromium-dark-desktop › antd-sample select-enter burst sample 18,antd-sample,select,select-enter,,burst,18,Enter,Never | list open | listbox×1 | @combobox:Sample choice,0,0,Enter>combobox:Sample choice[none|f=combobox:Sample choice|h=None]@24.1
chromium-dark-desktop › antd-sample select-enter burst sample 19,antd-sample,select,select-enter,,burst,19,Enter,Never | list open | listbox×1 | @combobox:Sample choice,0,0,Enter>combobox:Sample choice[none|f=combobox:Sample choice|h=None]@21.1
chromium-dark-desktop › antd-sample select-enter paced sample 0,antd-sample,select,select-enter,,paced,0,Enter,Never | list open | listbox×1 | @combobox:Sample choice,0,0,Enter>combobox:Sample choice[none|f=combobox:Sample choice|h=None]@19.1
chromium-dark-desktop › antd-sample select-enter paced sample 1,antd-sample,select,select-enter,,paced,1,Enter,Never | list open | listbox×1 | @combobox:Sample choice,0,0,Enter>combobox:Sample choice[none|f=combobox:Sample choice|h=None]@32.2
chromium-dark-desktop › antd-sample select-enter paced sample 2,antd-sample,select,select-enter,,paced,2,Enter,Never | list open | listbox×1 | @combobox:Sample choice,0,0,Enter>combobox:Sample choice[none|f=combobox:Sample choice|h=None]@26
chromium-dark-desktop › antd-sample select-enter paced sample 3,antd-sample,select,select-enter,,paced,3,Enter,Never | list open | listbox×1 | @combobox:Sample choice,0,0,Enter>combobox:Sample choice[none|f=combobox:Sample choice|h=None]@27.2
chromium-dark-desktop › antd-sample select-enter paced sample 4,antd-sample,select,select-enter,,paced,4,Enter,Never | list open | listbox×1 | @combobox:Sample choice,0,0,Enter>combobox:Sample choice[none|f=combobox:Sample choice|h=None]@23.4
chromium-dark-desktop › antd-sample select-enter paced sample 5,antd-sample,select,select-enter,,paced,5,Enter,Never | list open | listbox×1 | @combobox:Sample choice,0,0,Enter>combobox:Sample choice[none|f=combobox:Sample choice|h=None]@34.7
chromium-dark-desktop › antd-sample select-enter paced sample 6,antd-sample,select,select-enter,,paced,6,Enter,Never | list open | listbox×1 | @combobox:Sample choice,0,0,Enter>combobox:Sample choice[none|f=combobox:Sample choice|h=None]@31.3
chromium-dark-desktop › antd-sample select-enter paced sample 7,antd-sample,select,select-enter,,paced,7,Enter,Never | list open | listbox×1 | @combobox:Sample choice,0,0,Enter>combobox:Sample choice[none|f=combobox:Sample choice|h=None]@27.5
chromium-dark-desktop › antd-sample select-enter paced sample 8,antd-sample,select,select-enter,,paced,8,Enter,Never | list open | listbox×1 | @combobox:Sample choice,0,0,Enter>combobox:Sample choice[none|f=combobox:Sample choice|h=None]@26.4
chromium-dark-desktop › antd-sample select-enter paced sample 9,antd-sample,select,select-enter,,paced,9,Enter,Never | list open | listbox×1 | @combobox:Sample choice,0,0,Enter>combobox:Sample choice[none|f=combobox:Sample choice|h=None]@36
chromium-dark-desktop › antd-sample select-enter paced sample 10,antd-sample,select,select-enter,,paced,10,Enter,Never | list open | listbox×1 | @combobox:Sample choice,0,0,Enter>combobox:Sample choice[none|f=combobox:Sample choice|h=None]@29
chromium-dark-desktop › antd-sample select-enter paced sample 11,antd-sample,select,select-enter,,paced,11,Enter,Never | list open | listbox×1 | @combobox:Sample choice,0,0,Enter>combobox:Sample choice[none|f=combobox:Sample choice|h=None]@25
chromium-dark-desktop › antd-sample select-enter paced sample 12,antd-sample,select,select-enter,,paced,12,Enter,Never | list open | listbox×1 | @combobox:Sample choice,0,0,Enter>combobox:Sample choice[none|f=combobox:Sample choice|h=None]@32.6
chromium-dark-desktop › antd-sample select-enter paced sample 13,antd-sample,select,select-enter,,paced,13,Enter,Never | list open | listbox×1 | @combobox:Sample choice,0,0,Enter>combobox:Sample choice[none|f=combobox:Sample choice|h=None]@25.4
chromium-dark-desktop › antd-sample select-enter paced sample 14,antd-sample,select,select-enter,,paced,14,Enter,Never | list open | listbox×1 | @combobox:Sample choice,0,0,Enter>combobox:Sample choice[none|f=combobox:Sample choice|h=None]@20.2
chromium-dark-desktop › antd-sample select-enter paced sample 15,antd-sample,select,select-enter,,paced,15,Enter,Never | list open | listbox×1 | @combobox:Sample choice,0,0,Enter>combobox:Sample choice[none|f=combobox:Sample choice|h=None]@24.7
chromium-dark-desktop › antd-sample select-enter paced sample 16,antd-sample,select,select-enter,,paced,16,Enter,Never | list open | listbox×1 | @combobox:Sample choice,0,0,Enter>combobox:Sample choice[none|f=combobox:Sample choice|h=None]@31.1
chromium-dark-desktop › antd-sample select-enter paced sample 17,antd-sample,select,select-enter,,paced,17,Enter,Never | list open | listbox×1 | @combobox:Sample choice,0,0,Enter>combobox:Sample choice[none|f=combobox:Sample choice|h=None]@21.4
chromium-dark-desktop › antd-sample select-enter paced sample 18,antd-sample,select,select-enter,,paced,18,Enter,Never | list open | listbox×1 | @combobox:Sample choice,0,0,Enter>combobox:Sample choice[none|f=combobox:Sample choice|h=None]@26
chromium-dark-desktop › antd-sample select-enter paced sample 19,antd-sample,select,select-enter,,paced,19,Enter,Never | list open | listbox×1 | @combobox:Sample choice,0,0,Enter>combobox:Sample choice[none|f=combobox:Sample choice|h=None]@24.4
chromium-dark-desktop › orbit-field select-down-down burst sample 0,orbit-field,select,select-down-down,,burst,0,ArrowDown ArrowDown,never | list open | listbox×1 | @option:7 days,1,1,ArrowDown>combobox:Expires[none|f=combobox:Expires|h=None]@33.1 ; ArrowDown>combobox:Expires[listbox×1|f=combobox:Expires|h=Never]@51.7 ; ArrowDown*>option:Never[listbox×1|f=option:Never|h=Never]@52.4
chromium-dark-desktop › orbit-field select-down-down burst sample 1,orbit-field,select,select-down-down,,burst,1,ArrowDown ArrowDown,never | list open | listbox×1 | @option:7 days,1,1,ArrowDown>combobox:Expires[none|f=combobox:Expires|h=None]@31.9 ; ArrowDown>combobox:Expires[listbox×1|f=combobox:Expires|h=Never]@51 ; ArrowDown*>option:Never[listbox×1|f=option:Never|h=Never]@51.6
chromium-dark-desktop › orbit-field select-down-down burst sample 2,orbit-field,select,select-down-down,,burst,2,ArrowDown ArrowDown,never | list open | listbox×1 | @option:7 days,1,1,ArrowDown>combobox:Expires[none|f=combobox:Expires|h=None]@22.3 ; ArrowDown>combobox:Expires[listbox×1|f=combobox:Expires|h=Never]@41.2 ; ArrowDown*>option:Never[listbox×1|f=option:Never|h=Never]@41.8
chromium-dark-desktop › orbit-field select-down-down burst sample 3,orbit-field,select,select-down-down,,burst,3,ArrowDown ArrowDown,never | list open | listbox×1 | @option:7 days,1,1,ArrowDown>combobox:Expires[none|f=combobox:Expires|h=None]@30.1 ; ArrowDown>combobox:Expires[listbox×1|f=combobox:Expires|h=Never]@52.2 ; ArrowDown*>option:Never[listbox×1|f=option:Never|h=Never]@52.8
chromium-dark-desktop › orbit-field select-down-down burst sample 4,orbit-field,select,select-down-down,,burst,4,ArrowDown ArrowDown,never | list open | listbox×1 | @option:7 days,1,1,ArrowDown>combobox:Expires[none|f=combobox:Expires|h=None]@29 ; ArrowDown>combobox:Expires[listbox×1|f=combobox:Expires|h=Never]@50.2 ; ArrowDown*>option:Never[listbox×1|f=option:Never|h=Never]@50.9
chromium-dark-desktop › orbit-field select-down-down burst sample 5,orbit-field,select,select-down-down,,burst,5,ArrowDown ArrowDown,never | list open | listbox×1 | @option:7 days,1,1,ArrowDown>combobox:Expires[none|f=combobox:Expires|h=None]@33.5 ; ArrowDown>combobox:Expires[listbox×1|f=combobox:Expires|h=Never]@52.6 ; ArrowDown*>option:Never[listbox×1|f=option:Never|h=Never]@53.2
chromium-dark-desktop › orbit-field select-down-down burst sample 6,orbit-field,select,select-down-down,,burst,6,ArrowDown ArrowDown,never | list open | listbox×1 | @option:7 days,1,1,ArrowDown>combobox:Expires[none|f=combobox:Expires|h=None]@36.8 ; ArrowDown>combobox:Expires[listbox×1|f=combobox:Expires|h=Never]@54.6 ; ArrowDown*>option:Never[listbox×1|f=option:Never|h=Never]@55.3
chromium-dark-desktop › orbit-field select-down-down burst sample 7,orbit-field,select,select-down-down,,burst,7,ArrowDown ArrowDown,never | list open | listbox×1 | @option:7 days,1,1,ArrowDown>combobox:Expires[none|f=combobox:Expires|h=None]@32.6 ; ArrowDown>combobox:Expires[listbox×1|f=combobox:Expires|h=Never]@54.6 ; ArrowDown*>option:Never[listbox×1|f=option:Never|h=Never]@55.4
chromium-dark-desktop › orbit-field select-down-down burst sample 8,orbit-field,select,select-down-down,,burst,8,ArrowDown ArrowDown,never | list open | listbox×1 | @option:7 days,1,1,ArrowDown>combobox:Expires[none|f=combobox:Expires|h=None]@32.9 ; ArrowDown>combobox:Expires[listbox×1|f=combobox:Expires|h=Never]@60.5 ; ArrowDown*>option:Never[listbox×1|f=option:Never|h=Never]@61.1
chromium-dark-desktop › orbit-field select-down-down burst sample 9,orbit-field,select,select-down-down,,burst,9,ArrowDown ArrowDown,never | list open | listbox×1 | @option:7 days,1,1,ArrowDown>combobox:Expires[none|f=combobox:Expires|h=None]@25.8 ; ArrowDown>combobox:Expires[listbox×1|f=combobox:Expires|h=Never]@43.8 ; ArrowDown*>option:Never[listbox×1|f=option:Never|h=Never]@44.4
chromium-dark-desktop › orbit-field select-down-down burst sample 10,orbit-field,select,select-down-down,,burst,10,ArrowDown ArrowDown,never | list open | listbox×1 | @option:7 days,1,1,ArrowDown>combobox:Expires[none|f=combobox:Expires|h=None]@27 ; ArrowDown>combobox:Expires[listbox×1|f=combobox:Expires|h=Never]@45.3 ; ArrowDown*>option:Never[listbox×1|f=option:Never|h=Never]@45.8
chromium-dark-desktop › orbit-field select-down-down burst sample 11,orbit-field,select,select-down-down,,burst,11,ArrowDown ArrowDown,never | list open | listbox×1 | @option:7 days,1,1,ArrowDown>combobox:Expires[none|f=combobox:Expires|h=None]@25.9 ; ArrowDown>combobox:Expires[listbox×1|f=combobox:Expires|h=Never]@44.7 ; ArrowDown*>option:Never[listbox×1|f=option:Never|h=Never]@45.4
chromium-dark-desktop › orbit-field select-down-down burst sample 12,orbit-field,select,select-down-down,,burst,12,ArrowDown ArrowDown,never | list open | listbox×1 | @option:7 days,1,1,ArrowDown>combobox:Expires[none|f=combobox:Expires|h=None]@23.6 ; ArrowDown>combobox:Expires[listbox×1|f=combobox:Expires|h=Never]@45.3 ; ArrowDown*>option:Never[listbox×1|f=option:Never|h=Never]@46
chromium-dark-desktop › orbit-field select-down-down burst sample 13,orbit-field,select,select-down-down,,burst,13,ArrowDown ArrowDown,never | list open | listbox×1 | @option:7 days,1,1,ArrowDown>combobox:Expires[none|f=combobox:Expires|h=None]@21.4 ; ArrowDown>combobox:Expires[listbox×1|f=combobox:Expires|h=Never]@42.5 ; ArrowDown*>option:Never[listbox×1|f=option:Never|h=Never]@43.1
chromium-dark-desktop › orbit-field select-down-down burst sample 14,orbit-field,select,select-down-down,,burst,14,ArrowDown ArrowDown,never | list open | listbox×1 | @option:7 days,1,1,ArrowDown>combobox:Expires[none|f=combobox:Expires|h=None]@32.4 ; ArrowDown>combobox:Expires[listbox×1|f=combobox:Expires|h=Never]@52 ; ArrowDown*>option:Never[listbox×1|f=option:Never|h=Never]@52.6
chromium-dark-desktop › orbit-field select-down-down burst sample 15,orbit-field,select,select-down-down,,burst,15,ArrowDown ArrowDown,never | list open | listbox×1 | @option:7 days,1,1,ArrowDown>combobox:Expires[none|f=combobox:Expires|h=None]@30.6 ; ArrowDown>combobox:Expires[listbox×1|f=combobox:Expires|h=Never]@48.3 ; ArrowDown*>option:Never[listbox×1|f=option:Never|h=Never]@48.8
chromium-dark-desktop › orbit-field select-down-down burst sample 16,orbit-field,select,select-down-down,,burst,16,ArrowDown ArrowDown,never | list open | listbox×1 | @option:7 days,1,1,ArrowDown>combobox:Expires[none|f=combobox:Expires|h=None]@37.6 ; ArrowDown>combobox:Expires[listbox×1|f=combobox:Expires|h=Never]@55.9 ; ArrowDown*>option:Never[listbox×1|f=option:Never|h=Never]@56.5
chromium-dark-desktop › orbit-field select-down-down burst sample 17,orbit-field,select,select-down-down,,burst,17,ArrowDown ArrowDown,never | list open | listbox×1 | @option:7 days,1,1,ArrowDown>combobox:Expires[none|f=combobox:Expires|h=None]@31.4 ; ArrowDown>combobox:Expires[listbox×1|f=combobox:Expires|h=Never]@49 ; ArrowDown*>option:Never[listbox×1|f=option:Never|h=Never]@49.6
chromium-dark-desktop › orbit-field select-down-down burst sample 18,orbit-field,select,select-down-down,,burst,18,ArrowDown ArrowDown,never | list open | listbox×1 | @option:7 days,1,1,ArrowDown>combobox:Expires[none|f=combobox:Expires|h=None]@31.8 ; ArrowDown>combobox:Expires[listbox×1|f=combobox:Expires|h=Never]@51.2 ; ArrowDown*>option:Never[listbox×1|f=option:Never|h=Never]@51.8
chromium-dark-desktop › orbit-field select-down-down burst sample 19,orbit-field,select,select-down-down,,burst,19,ArrowDown ArrowDown,never | list open | listbox×1 | @option:7 days,1,1,ArrowDown>combobox:Expires[none|f=combobox:Expires|h=None]@36.5 ; ArrowDown>combobox:Expires[listbox×1|f=combobox:Expires|h=Never]@54.8 ; ArrowDown*>option:Never[listbox×1|f=option:Never|h=Never]@55.4
chromium-dark-desktop › orbit-field select-down-down paced sample 0,orbit-field,select,select-down-down,,paced,0,ArrowDown ArrowDown,never | list open | listbox×1 | @option:7 days,0,0,ArrowDown>combobox:Expires[none|f=combobox:Expires|h=None]@29.8 ; ArrowDown>option:Never[listbox×1|f=option:Never|h=Never]@355.8
chromium-dark-desktop › orbit-field select-down-down paced sample 1,orbit-field,select,select-down-down,,paced,1,ArrowDown ArrowDown,never | list open | listbox×1 | @option:7 days,0,0,ArrowDown>combobox:Expires[none|f=combobox:Expires|h=None]@24.4 ; ArrowDown>option:Never[listbox×1|f=option:Never|h=Never]@351
chromium-dark-desktop › orbit-field select-down-down paced sample 2,orbit-field,select,select-down-down,,paced,2,ArrowDown ArrowDown,never | list open | listbox×1 | @option:7 days,0,0,ArrowDown>combobox:Expires[none|f=combobox:Expires|h=None]@27.2 ; ArrowDown>option:Never[listbox×1|f=option:Never|h=Never]@354.5
chromium-dark-desktop › orbit-field select-down-down paced sample 3,orbit-field,select,select-down-down,,paced,3,ArrowDown ArrowDown,never | list open | listbox×1 | @option:7 days,0,0,ArrowDown>combobox:Expires[none|f=combobox:Expires|h=None]@35 ; ArrowDown>option:Never[listbox×1|f=option:Never|h=Never]@361
chromium-dark-desktop › orbit-field select-down-down paced sample 4,orbit-field,select,select-down-down,,paced,4,ArrowDown ArrowDown,never | list open | listbox×1 | @option:7 days,0,0,ArrowDown>combobox:Expires[none|f=combobox:Expires|h=None]@38.8 ; ArrowDown>option:Never[listbox×1|f=option:Never|h=Never]@366.3
chromium-dark-desktop › orbit-field select-down-down paced sample 5,orbit-field,select,select-down-down,,paced,5,ArrowDown ArrowDown,never | list open | listbox×1 | @option:7 days,0,0,ArrowDown>combobox:Expires[none|f=combobox:Expires|h=None]@30 ; ArrowDown>option:Never[listbox×1|f=option:Never|h=Never]@356.5
chromium-dark-desktop › orbit-field select-down-down paced sample 6,orbit-field,select,select-down-down,,paced,6,ArrowDown ArrowDown,never | list open | listbox×1 | @option:7 days,0,0,ArrowDown>combobox:Expires[none|f=combobox:Expires|h=None]@21.3 ; ArrowDown>option:Never[listbox×1|f=option:Never|h=Never]@347.8
chromium-dark-desktop › orbit-field select-down-down paced sample 7,orbit-field,select,select-down-down,,paced,7,ArrowDown ArrowDown,never | list open | listbox×1 | @option:7 days,0,0,ArrowDown>combobox:Expires[none|f=combobox:Expires|h=None]@32.8 ; ArrowDown>option:Never[listbox×1|f=option:Never|h=Never]@361.3
chromium-dark-desktop › orbit-field select-down-down paced sample 8,orbit-field,select,select-down-down,,paced,8,ArrowDown ArrowDown,never | list open | listbox×1 | @option:7 days,0,0,ArrowDown>combobox:Expires[none|f=combobox:Expires|h=None]@32.6 ; ArrowDown>option:Never[listbox×1|f=option:Never|h=Never]@359.4
chromium-dark-desktop › orbit-field select-down-down paced sample 9,orbit-field,select,select-down-down,,paced,9,ArrowDown ArrowDown,never | list open | listbox×1 | @option:7 days,0,0,ArrowDown>combobox:Expires[none|f=combobox:Expires|h=None]@33.4 ; ArrowDown>option:Never[listbox×1|f=option:Never|h=Never]@360.3
chromium-dark-desktop › orbit-field select-down-down paced sample 10,orbit-field,select,select-down-down,,paced,10,ArrowDown ArrowDown,never | list open | listbox×1 | @option:7 days,0,0,ArrowDown>combobox:Expires[none|f=combobox:Expires|h=None]@33.6 ; ArrowDown>option:Never[listbox×1|f=option:Never|h=Never]@364
chromium-dark-desktop › orbit-field select-down-down paced sample 11,orbit-field,select,select-down-down,,paced,11,ArrowDown ArrowDown,never | list open | listbox×1 | @option:7 days,0,0,ArrowDown>combobox:Expires[none|f=combobox:Expires|h=None]@29.4 ; ArrowDown>option:Never[listbox×1|f=option:Never|h=Never]@355.3
chromium-dark-desktop › orbit-field select-down-down paced sample 12,orbit-field,select,select-down-down,,paced,12,ArrowDown ArrowDown,never | list open | listbox×1 | @option:7 days,0,0,ArrowDown>combobox:Expires[none|f=combobox:Expires|h=None]@32 ; ArrowDown>option:Never[listbox×1|f=option:Never|h=Never]@358.8
chromium-dark-desktop › orbit-field select-down-down paced sample 13,orbit-field,select,select-down-down,,paced,13,ArrowDown ArrowDown,never | list open | listbox×1 | @option:7 days,0,0,ArrowDown>combobox:Expires[none|f=combobox:Expires|h=None]@23.2 ; ArrowDown>option:Never[listbox×1|f=option:Never|h=Never]@353.7
chromium-dark-desktop › orbit-field select-down-down paced sample 14,orbit-field,select,select-down-down,,paced,14,ArrowDown ArrowDown,never | list open | listbox×1 | @option:7 days,0,0,ArrowDown>combobox:Expires[none|f=combobox:Expires|h=None]@38.2 ; ArrowDown>option:Never[listbox×1|f=option:Never|h=Never]@364.5
chromium-dark-desktop › orbit-field select-down-down paced sample 15,orbit-field,select,select-down-down,,paced,15,ArrowDown ArrowDown,never | list open | listbox×1 | @option:7 days,0,0,ArrowDown>combobox:Expires[none|f=combobox:Expires|h=None]@27 ; ArrowDown>option:Never[listbox×1|f=option:Never|h=Never]@353.6
chromium-dark-desktop › orbit-field select-down-down paced sample 16,orbit-field,select,select-down-down,,paced,16,ArrowDown ArrowDown,never | list open | listbox×1 | @option:7 days,0,0,ArrowDown>combobox:Expires[none|f=combobox:Expires|h=None]@33.3 ; ArrowDown>option:Never[listbox×1|f=option:Never|h=Never]@359.6
chromium-dark-desktop › orbit-field select-down-down paced sample 17,orbit-field,select,select-down-down,,paced,17,ArrowDown ArrowDown,never | list open | listbox×1 | @option:7 days,0,0,ArrowDown>combobox:Expires[none|f=combobox:Expires|h=None]@32.3 ; ArrowDown>option:Never[listbox×1|f=option:Never|h=Never]@356.9
chromium-dark-desktop › orbit-field select-down-down paced sample 18,orbit-field,select,select-down-down,,paced,18,ArrowDown ArrowDown,never | list open | listbox×1 | @option:7 days,0,0,ArrowDown>combobox:Expires[none|f=combobox:Expires|h=None]@26.6 ; ArrowDown>option:Never[listbox×1|f=option:Never|h=Never]@355
chromium-dark-desktop › orbit-field select-down-down paced sample 19,orbit-field,select,select-down-down,,paced,19,ArrowDown ArrowDown,never | list open | listbox×1 | @option:7 days,0,0,ArrowDown>combobox:Expires[none|f=combobox:Expires|h=None]@36.9 ; ArrowDown>option:Never[listbox×1|f=option:Never|h=Never]@364.5
chromium-dark-desktop › orbit-sample select-down-down burst sample 0,orbit-sample,select,select-down-down,,burst,0,ArrowDown ArrowDown,Never | list open | listbox×1 | @option:7 days,1,1,ArrowDown>combobox:Sample choice[none|f=combobox:Sample choice|h=None]@31.4 ; ArrowDown>combobox:Sample choice[listbox×1|f=combobox:Sample choice|h=Never]@48.5 ; ArrowDown*>option:Never[listbox×1|f=option:Never|h=Never]@49
chromium-dark-desktop › orbit-sample select-down-down burst sample 1,orbit-sample,select,select-down-down,,burst,1,ArrowDown ArrowDown,Never | list open | listbox×1 | @option:7 days,1,1,ArrowDown>combobox:Sample choice[none|f=combobox:Sample choice|h=None]@23.1 ; ArrowDown>combobox:Sample choice[listbox×1|f=combobox:Sample choice|h=Never]@41.4 ; ArrowDown*>option:Never[listbox×1|f=option:Never|h=Never]@42.1
chromium-dark-desktop › orbit-sample select-down-down burst sample 2,orbit-sample,select,select-down-down,,burst,2,ArrowDown ArrowDown,Never | list open | listbox×1 | @option:7 days,1,1,ArrowDown>combobox:Sample choice[none|f=combobox:Sample choice|h=None]@28.1 ; ArrowDown>combobox:Sample choice[listbox×1|f=combobox:Sample choice|h=Never]@46.4 ; ArrowDown*>option:Never[listbox×1|f=option:Never|h=Never]@46.9
chromium-dark-desktop › orbit-sample select-down-down burst sample 3,orbit-sample,select,select-down-down,,burst,3,ArrowDown ArrowDown,Never | list open | listbox×1 | @option:7 days,1,1,ArrowDown>combobox:Sample choice[none|f=combobox:Sample choice|h=None]@32.3 ; ArrowDown>combobox:Sample choice[listbox×1|f=combobox:Sample choice|h=Never]@51.5 ; ArrowDown*>option:Never[listbox×1|f=option:Never|h=Never]@52
chromium-dark-desktop › orbit-sample select-down-down burst sample 4,orbit-sample,select,select-down-down,,burst,4,ArrowDown ArrowDown,Never | list open | listbox×1 | @option:7 days,1,1,ArrowDown>combobox:Sample choice[none|f=combobox:Sample choice|h=None]@20.5 ; ArrowDown>combobox:Sample choice[listbox×1|f=combobox:Sample choice|h=Never]@39.8 ; ArrowDown*>option:Never[listbox×1|f=option:Never|h=Never]@40.4
chromium-dark-desktop › orbit-sample select-down-down burst sample 5,orbit-sample,select,select-down-down,,burst,5,ArrowDown ArrowDown,Never | list open | listbox×1 | @option:7 days,1,1,ArrowDown>combobox:Sample choice[none|f=combobox:Sample choice|h=None]@20.9 ; ArrowDown>combobox:Sample choice[listbox×1|f=combobox:Sample choice|h=Never]@39.3 ; ArrowDown*>option:Never[listbox×1|f=option:Never|h=Never]@40
chromium-dark-desktop › orbit-sample select-down-down burst sample 6,orbit-sample,select,select-down-down,,burst,6,ArrowDown ArrowDown,Never | list open | listbox×1 | @option:7 days,1,1,ArrowDown>combobox:Sample choice[none|f=combobox:Sample choice|h=None]@27 ; ArrowDown>combobox:Sample choice[listbox×1|f=combobox:Sample choice|h=Never]@44.3 ; ArrowDown*>option:Never[listbox×1|f=option:Never|h=Never]@44.8
chromium-dark-desktop › orbit-sample select-down-down burst sample 7,orbit-sample,select,select-down-down,,burst,7,ArrowDown ArrowDown,Never | list open | listbox×1 | @option:7 days,1,1,ArrowDown>combobox:Sample choice[none|f=combobox:Sample choice|h=None]@29.6 ; ArrowDown>combobox:Sample choice[listbox×1|f=combobox:Sample choice|h=Never]@48.2 ; ArrowDown*>option:Never[listbox×1|f=option:Never|h=Never]@48.8
chromium-dark-desktop › orbit-sample select-down-down burst sample 8,orbit-sample,select,select-down-down,,burst,8,ArrowDown ArrowDown,Never | list open | listbox×1 | @option:7 days,1,1,ArrowDown>combobox:Sample choice[none|f=combobox:Sample choice|h=None]@25.3 ; ArrowDown>combobox:Sample choice[listbox×1|f=combobox:Sample choice|h=Never]@46.5 ; ArrowDown*>option:Never[listbox×1|f=option:Never|h=Never]@47.1
chromium-dark-desktop › orbit-sample select-down-down burst sample 9,orbit-sample,select,select-down-down,,burst,9,ArrowDown ArrowDown,Never | list open | listbox×1 | @option:7 days,1,1,ArrowDown>combobox:Sample choice[none|f=combobox:Sample choice|h=None]@22.2 ; ArrowDown>combobox:Sample choice[listbox×1|f=combobox:Sample choice|h=Never]@40.7 ; ArrowDown*>option:Never[listbox×1|f=option:Never|h=Never]@41.2
chromium-dark-desktop › orbit-sample select-down-down burst sample 10,orbit-sample,select,select-down-down,,burst,10,ArrowDown ArrowDown,Never | list open | listbox×1 | @option:7 days,1,1,ArrowDown>combobox:Sample choice[none|f=combobox:Sample choice|h=None]@28.8 ; ArrowDown>combobox:Sample choice[listbox×1|f=combobox:Sample choice|h=Never]@50.3 ; ArrowDown*>option:Never[listbox×1|f=option:Never|h=Never]@51
chromium-dark-desktop › orbit-sample select-down-down burst sample 11,orbit-sample,select,select-down-down,,burst,11,ArrowDown ArrowDown,Never | list open | listbox×1 | @option:7 days,1,1,ArrowDown>combobox:Sample choice[none|f=combobox:Sample choice|h=None]@32.7 ; ArrowDown>combobox:Sample choice[listbox×1|f=combobox:Sample choice|h=Never]@54.4 ; ArrowDown*>option:Never[listbox×1|f=option:Never|h=Never]@55
chromium-dark-desktop › orbit-sample select-down-down burst sample 12,orbit-sample,select,select-down-down,,burst,12,ArrowDown ArrowDown,Never | list open | listbox×1 | @option:7 days,1,1,ArrowDown>combobox:Sample choice[none|f=combobox:Sample choice|h=None]@35.8 ; ArrowDown>combobox:Sample choice[listbox×1|f=combobox:Sample choice|h=Never]@54 ; ArrowDown*>option:Never[listbox×1|f=option:Never|h=Never]@54.7
chromium-dark-desktop › orbit-sample select-down-down burst sample 13,orbit-sample,select,select-down-down,,burst,13,ArrowDown ArrowDown,Never | list open | listbox×1 | @option:7 days,1,1,ArrowDown>combobox:Sample choice[none|f=combobox:Sample choice|h=None]@13.9 ; ArrowDown>combobox:Sample choice[listbox×1|f=combobox:Sample choice|h=Never]@33.9 ; ArrowDown*>option:Never[listbox×1|f=option:Never|h=Never]@34.4
chromium-dark-desktop › orbit-sample select-down-down burst sample 14,orbit-sample,select,select-down-down,,burst,14,ArrowDown ArrowDown,Never | list open | listbox×1 | @option:7 days,1,1,ArrowDown>combobox:Sample choice[none|f=combobox:Sample choice|h=None]@32.3 ; ArrowDown>combobox:Sample choice[listbox×1|f=combobox:Sample choice|h=Never]@53.4 ; ArrowDown*>option:Never[listbox×1|f=option:Never|h=Never]@54
chromium-dark-desktop › orbit-sample select-down-down burst sample 15,orbit-sample,select,select-down-down,,burst,15,ArrowDown ArrowDown,Never | list open | listbox×1 | @option:7 days,1,1,ArrowDown>combobox:Sample choice[none|f=combobox:Sample choice|h=None]@29.8 ; ArrowDown>combobox:Sample choice[listbox×1|f=combobox:Sample choice|h=Never]@49.3 ; ArrowDown*>option:Never[listbox×1|f=option:Never|h=Never]@50
chromium-dark-desktop › orbit-sample select-down-down burst sample 16,orbit-sample,select,select-down-down,,burst,16,ArrowDown ArrowDown,Never | list open | listbox×1 | @option:7 days,1,1,ArrowDown>combobox:Sample choice[none|f=combobox:Sample choice|h=None]@24.3 ; ArrowDown>combobox:Sample choice[listbox×1|f=combobox:Sample choice|h=Never]@42 ; ArrowDown*>option:Never[listbox×1|f=option:Never|h=Never]@42.6
chromium-dark-desktop › orbit-sample select-down-down burst sample 17,orbit-sample,select,select-down-down,,burst,17,ArrowDown ArrowDown,Never | list open | listbox×1 | @option:7 days,1,1,ArrowDown>combobox:Sample choice[none|f=combobox:Sample choice|h=None]@36.1 ; ArrowDown>combobox:Sample choice[listbox×1|f=combobox:Sample choice|h=Never]@55.4 ; ArrowDown*>option:Never[listbox×1|f=option:Never|h=Never]@56
chromium-dark-desktop › orbit-sample select-down-down burst sample 18,orbit-sample,select,select-down-down,,burst,18,ArrowDown ArrowDown,Never | list open | listbox×1 | @option:7 days,1,1,ArrowDown>combobox:Sample choice[none|f=combobox:Sample choice|h=None]@26.8 ; ArrowDown>combobox:Sample choice[listbox×1|f=combobox:Sample choice|h=Never]@44.9 ; ArrowDown*>option:Never[listbox×1|f=option:Never|h=Never]@45.5
chromium-dark-desktop › orbit-sample select-down-down burst sample 19,orbit-sample,select,select-down-down,,burst,19,ArrowDown ArrowDown,Never | list open | listbox×1 | @option:7 days,1,1,ArrowDown>combobox:Sample choice[none|f=combobox:Sample choice|h=None]@26.9 ; ArrowDown>combobox:Sample choice[listbox×1|f=combobox:Sample choice|h=Never]@44.6 ; ArrowDown*>option:Never[listbox×1|f=option:Never|h=Never]@45.2
chromium-dark-desktop › orbit-sample select-down-down paced sample 0,orbit-sample,select,select-down-down,,paced,0,ArrowDown ArrowDown,Never | list open | listbox×1 | @option:7 days,0,0,ArrowDown>combobox:Sample choice[none|f=combobox:Sample choice|h=None]@25.5 ; ArrowDown>option:Never[listbox×1|f=option:Never|h=Never]@349.4
chromium-dark-desktop › orbit-sample select-down-down paced sample 1,orbit-sample,select,select-down-down,,paced,1,ArrowDown ArrowDown,Never | list open | listbox×1 | @option:7 days,0,0,ArrowDown>combobox:Sample choice[none|f=combobox:Sample choice|h=None]@21.5 ; ArrowDown>option:Never[listbox×1|f=option:Never|h=Never]@345.7
chromium-dark-desktop › orbit-sample select-down-down paced sample 2,orbit-sample,select,select-down-down,,paced,2,ArrowDown ArrowDown,Never | list open | listbox×1 | @option:7 days,0,0,ArrowDown>combobox:Sample choice[none|f=combobox:Sample choice|h=None]@23.3 ; ArrowDown>option:Never[listbox×1|f=option:Never|h=Never]@349.6
chromium-dark-desktop › orbit-sample select-down-down paced sample 3,orbit-sample,select,select-down-down,,paced,3,ArrowDown ArrowDown,Never | list open | listbox×1 | @option:7 days,0,0,ArrowDown>combobox:Sample choice[none|f=combobox:Sample choice|h=None]@27.6 ; ArrowDown>option:Never[listbox×1|f=option:Never|h=Never]@352.5
chromium-dark-desktop › orbit-sample select-down-down paced sample 4,orbit-sample,select,select-down-down,,paced,4,ArrowDown ArrowDown,Never | list open | listbox×1 | @option:7 days,0,0,ArrowDown>combobox:Sample choice[none|f=combobox:Sample choice|h=None]@27.8 ; ArrowDown>option:Never[listbox×1|f=option:Never|h=Never]@351.6
chromium-dark-desktop › orbit-sample select-down-down paced sample 5,orbit-sample,select,select-down-down,,paced,5,ArrowDown ArrowDown,Never | list open | listbox×1 | @option:7 days,0,0,ArrowDown>combobox:Sample choice[none|f=combobox:Sample choice|h=None]@33.2 ; ArrowDown>option:Never[listbox×1|f=option:Never|h=Never]@357.9
chromium-dark-desktop › orbit-sample select-down-down paced sample 6,orbit-sample,select,select-down-down,,paced,6,ArrowDown ArrowDown,Never | list open | listbox×1 | @option:7 days,0,0,ArrowDown>combobox:Sample choice[none|f=combobox:Sample choice|h=None]@35.9 ; ArrowDown>option:Never[listbox×1|f=option:Never|h=Never]@360.9
chromium-dark-desktop › orbit-sample select-down-down paced sample 7,orbit-sample,select,select-down-down,,paced,7,ArrowDown ArrowDown,Never | list open | listbox×1 | @option:7 days,0,0,ArrowDown>combobox:Sample choice[none|f=combobox:Sample choice|h=None]@29.7 ; ArrowDown>option:Never[listbox×1|f=option:Never|h=Never]@356
chromium-dark-desktop › orbit-sample select-down-down paced sample 8,orbit-sample,select,select-down-down,,paced,8,ArrowDown ArrowDown,Never | list open | listbox×1 | @option:7 days,0,0,ArrowDown>combobox:Sample choice[none|f=combobox:Sample choice|h=None]@35 ; ArrowDown>option:Never[listbox×1|f=option:Never|h=Never]@359.9
chromium-dark-desktop › orbit-sample select-down-down paced sample 9,orbit-sample,select,select-down-down,,paced,9,ArrowDown ArrowDown,Never | list open | listbox×1 | @option:7 days,0,0,ArrowDown>combobox:Sample choice[none|f=combobox:Sample choice|h=None]@21.4 ; ArrowDown>option:Never[listbox×1|f=option:Never|h=Never]@345.4
chromium-dark-desktop › orbit-sample select-down-down paced sample 10,orbit-sample,select,select-down-down,,paced,10,ArrowDown ArrowDown,Never | list open | listbox×1 | @option:7 days,0,0,ArrowDown>combobox:Sample choice[none|f=combobox:Sample choice|h=None]@34.6 ; ArrowDown>option:Never[listbox×1|f=option:Never|h=Never]@358.5
chromium-dark-desktop › orbit-sample select-down-down paced sample 11,orbit-sample,select,select-down-down,,paced,11,ArrowDown ArrowDown,Never | list open | listbox×1 | @option:7 days,0,0,ArrowDown>combobox:Sample choice[none|f=combobox:Sample choice|h=None]@32.5 ; ArrowDown>option:Never[listbox×1|f=option:Never|h=Never]@361.6
chromium-dark-desktop › orbit-sample select-down-down paced sample 12,orbit-sample,select,select-down-down,,paced,12,ArrowDown ArrowDown,Never | list open | listbox×1 | @option:7 days,0,0,ArrowDown>combobox:Sample choice[none|f=combobox:Sample choice|h=None]@23.1 ; ArrowDown>option:Never[listbox×1|f=option:Never|h=Never]@347.6
chromium-dark-desktop › orbit-sample select-down-down paced sample 13,orbit-sample,select,select-down-down,,paced,13,ArrowDown ArrowDown,Never | list open | listbox×1 | @option:7 days,0,0,ArrowDown>combobox:Sample choice[none|f=combobox:Sample choice|h=None]@28.6 ; ArrowDown>option:Never[listbox×1|f=option:Never|h=Never]@351.5
chromium-dark-desktop › orbit-sample select-down-down paced sample 14,orbit-sample,select,select-down-down,,paced,14,ArrowDown ArrowDown,Never | list open | listbox×1 | @option:7 days,0,0,ArrowDown>combobox:Sample choice[none|f=combobox:Sample choice|h=None]@32.6 ; ArrowDown>option:Never[listbox×1|f=option:Never|h=Never]@358.1
chromium-dark-desktop › orbit-sample select-down-down paced sample 15,orbit-sample,select,select-down-down,,paced,15,ArrowDown ArrowDown,Never | list open | listbox×1 | @option:7 days,0,0,ArrowDown>combobox:Sample choice[none|f=combobox:Sample choice|h=None]@27.9 ; ArrowDown>option:Never[listbox×1|f=option:Never|h=Never]@351.4
chromium-dark-desktop › orbit-sample select-down-down paced sample 16,orbit-sample,select,select-down-down,,paced,16,ArrowDown ArrowDown,Never | list open | listbox×1 | @option:7 days,0,0,ArrowDown>combobox:Sample choice[none|f=combobox:Sample choice|h=None]@23.6 ; ArrowDown>option:Never[listbox×1|f=option:Never|h=Never]@346.9
chromium-dark-desktop › orbit-sample select-down-down paced sample 17,orbit-sample,select,select-down-down,,paced,17,ArrowDown ArrowDown,Never | list open | listbox×1 | @option:7 days,0,0,ArrowDown>combobox:Sample choice[none|f=combobox:Sample choice|h=None]@28.1 ; ArrowDown>option:Never[listbox×1|f=option:Never|h=Never]@353.7
chromium-dark-desktop › orbit-sample select-down-down paced sample 18,orbit-sample,select,select-down-down,,paced,18,ArrowDown ArrowDown,Never | list open | listbox×1 | @option:7 days,0,0,ArrowDown>combobox:Sample choice[none|f=combobox:Sample choice|h=None]@32.9 ; ArrowDown>option:Never[listbox×1|f=option:Never|h=Never]@359.5
chromium-dark-desktop › orbit-sample select-down-down paced sample 19,orbit-sample,select,select-down-down,,paced,19,ArrowDown ArrowDown,Never | list open | listbox×1 | @option:7 days,0,0,ArrowDown>combobox:Sample choice[none|f=combobox:Sample choice|h=None]@31.6 ; ArrowDown>option:Never[listbox×1|f=option:Never|h=Never]@355.5
chromium-dark-desktop › antd-sample select-down-down burst sample 0,antd-sample,select,select-down-down,,burst,0,ArrowDown ArrowDown,Never | list open | listbox×1 | @combobox:Sample choice,1,0,ArrowDown>combobox:Sample choice[none|f=combobox:Sample choice|h=None]@19.7 ; ArrowDown>combobox:Sample choice[listbox×1|f=combobox:Sample choice|h=Never]@41.8
chromium-dark-desktop › antd-sample select-down-down burst sample 1,antd-sample,select,select-down-down,,burst,1,ArrowDown ArrowDown,Never | list open | listbox×1 | @combobox:Sample choice,1,0,ArrowDown>combobox:Sample choice[none|f=combobox:Sample choice|h=None]@26 ; ArrowDown>combobox:Sample choice[listbox×1|f=combobox:Sample choice|h=Never]@47.8
chromium-dark-desktop › antd-sample select-down-down burst sample 2,antd-sample,select,select-down-down,,burst,2,ArrowDown ArrowDown,Never | list open | listbox×1 | @combobox:Sample choice,1,0,ArrowDown>combobox:Sample choice[none|f=combobox:Sample choice|h=None]@35.9 ; ArrowDown>combobox:Sample choice[listbox×1|f=combobox:Sample choice|h=Never]@57.9
chromium-dark-desktop › antd-sample select-down-down burst sample 3,antd-sample,select,select-down-down,,burst,3,ArrowDown ArrowDown,Never | list open | listbox×1 | @combobox:Sample choice,1,0,ArrowDown>combobox:Sample choice[none|f=combobox:Sample choice|h=None]@33.3 ; ArrowDown>combobox:Sample choice[listbox×1|f=combobox:Sample choice|h=Never]@55.8
chromium-dark-desktop › antd-sample select-down-down burst sample 4,antd-sample,select,select-down-down,,burst,4,ArrowDown ArrowDown,Never | list open | listbox×1 | @combobox:Sample choice,1,0,ArrowDown>combobox:Sample choice[none|f=combobox:Sample choice|h=None]@24.9 ; ArrowDown>combobox:Sample choice[listbox×1|f=combobox:Sample choice|h=Never]@47.3
chromium-dark-desktop › antd-sample select-down-down burst sample 5,antd-sample,select,select-down-down,,burst,5,ArrowDown ArrowDown,Never | list open | listbox×1 | @combobox:Sample choice,1,0,ArrowDown>combobox:Sample choice[none|f=combobox:Sample choice|h=None]@35 ; ArrowDown>combobox:Sample choice[listbox×1|f=combobox:Sample choice|h=Never]@56.4
chromium-dark-desktop › antd-sample select-down-down burst sample 6,antd-sample,select,select-down-down,,burst,6,ArrowDown ArrowDown,Never | list open | listbox×1 | @combobox:Sample choice,1,0,ArrowDown>combobox:Sample choice[none|f=combobox:Sample choice|h=None]@24.9 ; ArrowDown>combobox:Sample choice[listbox×1|f=combobox:Sample choice|h=Never]@46.7
chromium-dark-desktop › antd-sample select-down-down burst sample 7,antd-sample,select,select-down-down,,burst,7,ArrowDown ArrowDown,Never | list open | listbox×1 | @combobox:Sample choice,1,0,ArrowDown>combobox:Sample choice[none|f=combobox:Sample choice|h=None]@28.7 ; ArrowDown>combobox:Sample choice[listbox×1|f=combobox:Sample choice|h=Never]@50.3
chromium-dark-desktop › antd-sample select-down-down burst sample 8,antd-sample,select,select-down-down,,burst,8,ArrowDown ArrowDown,Never | list open | listbox×1 | @combobox:Sample choice,1,0,ArrowDown>combobox:Sample choice[none|f=combobox:Sample choice|h=None]@33.7 ; ArrowDown>combobox:Sample choice[listbox×1|f=combobox:Sample choice|h=Never]@55.6
chromium-dark-desktop › antd-sample select-down-down burst sample 9,antd-sample,select,select-down-down,,burst,9,ArrowDown ArrowDown,Never | list open | listbox×1 | @combobox:Sample choice,1,0,ArrowDown>combobox:Sample choice[none|f=combobox:Sample choice|h=None]@32.1 ; ArrowDown>combobox:Sample choice[listbox×1|f=combobox:Sample choice|h=Never]@54.7
chromium-dark-desktop › antd-sample select-down-down burst sample 10,antd-sample,select,select-down-down,,burst,10,ArrowDown ArrowDown,Never | list open | listbox×1 | @combobox:Sample choice,1,0,ArrowDown>combobox:Sample choice[none|f=combobox:Sample choice|h=None]@33.8 ; ArrowDown>combobox:Sample choice[listbox×1|f=combobox:Sample choice|h=Never]@57.1
chromium-dark-desktop › antd-sample select-down-down burst sample 11,antd-sample,select,select-down-down,,burst,11,ArrowDown ArrowDown,Never | list open | listbox×1 | @combobox:Sample choice,1,0,ArrowDown>combobox:Sample choice[none|f=combobox:Sample choice|h=None]@25.3 ; ArrowDown>combobox:Sample choice[listbox×1|f=combobox:Sample choice|h=Never]@46.8
chromium-dark-desktop › antd-sample select-down-down burst sample 12,antd-sample,select,select-down-down,,burst,12,ArrowDown ArrowDown,Never | list open | listbox×1 | @combobox:Sample choice,1,0,ArrowDown>combobox:Sample choice[none|f=combobox:Sample choice|h=None]@28 ; ArrowDown>combobox:Sample choice[listbox×1|f=combobox:Sample choice|h=Never]@53.4
chromium-dark-desktop › antd-sample select-down-down burst sample 13,antd-sample,select,select-down-down,,burst,13,ArrowDown ArrowDown,Never | list open | listbox×1 | @combobox:Sample choice,1,0,ArrowDown>combobox:Sample choice[none|f=combobox:Sample choice|h=None]@34.5 ; ArrowDown>combobox:Sample choice[listbox×1|f=combobox:Sample choice|h=Never]@56.5
chromium-dark-desktop › antd-sample select-down-down burst sample 14,antd-sample,select,select-down-down,,burst,14,ArrowDown ArrowDown,Never | list open | listbox×1 | @combobox:Sample choice,1,0,ArrowDown>combobox:Sample choice[none|f=combobox:Sample choice|h=None]@30.1 ; ArrowDown>combobox:Sample choice[listbox×1|f=combobox:Sample choice|h=Never]@53.6
chromium-dark-desktop › antd-sample select-down-down burst sample 15,antd-sample,select,select-down-down,,burst,15,ArrowDown ArrowDown,Never | list open | listbox×1 | @combobox:Sample choice,1,0,ArrowDown>combobox:Sample choice[none|f=combobox:Sample choice|h=None]@27.1 ; ArrowDown>combobox:Sample choice[listbox×1|f=combobox:Sample choice|h=Never]@49.7
chromium-dark-desktop › antd-sample select-down-down burst sample 16,antd-sample,select,select-down-down,,burst,16,ArrowDown ArrowDown,Never | list open | listbox×1 | @combobox:Sample choice,1,0,ArrowDown>combobox:Sample choice[none|f=combobox:Sample choice|h=None]@31.5 ; ArrowDown>combobox:Sample choice[listbox×1|f=combobox:Sample choice|h=Never]@58.8
chromium-dark-desktop › antd-sample select-down-down burst sample 17,antd-sample,select,select-down-down,,burst,17,ArrowDown ArrowDown,Never | list open | listbox×1 | @combobox:Sample choice,1,0,ArrowDown>combobox:Sample choice[none|f=combobox:Sample choice|h=None]@31.4 ; ArrowDown>combobox:Sample choice[listbox×1|f=combobox:Sample choice|h=Never]@53.8
chromium-dark-desktop › antd-sample select-down-down burst sample 18,antd-sample,select,select-down-down,,burst,18,ArrowDown ArrowDown,Never | list open | listbox×1 | @combobox:Sample choice,1,0,ArrowDown>combobox:Sample choice[none|f=combobox:Sample choice|h=None]@29 ; ArrowDown>combobox:Sample choice[listbox×1|f=combobox:Sample choice|h=Never]@55.7
chromium-dark-desktop › antd-sample select-down-down burst sample 19,antd-sample,select,select-down-down,,burst,19,ArrowDown ArrowDown,Never | list open | listbox×1 | @combobox:Sample choice,1,0,ArrowDown>combobox:Sample choice[none|f=combobox:Sample choice|h=None]@24.4 ; ArrowDown>combobox:Sample choice[listbox×1|f=combobox:Sample choice|h=Never]@47
chromium-dark-desktop › antd-sample select-down-down paced sample 0,antd-sample,select,select-down-down,,paced,0,ArrowDown ArrowDown,Never | list open | listbox×1 | @combobox:Sample choice,1,0,ArrowDown>combobox:Sample choice[none|f=combobox:Sample choice|h=None]@27.3 ; ArrowDown>combobox:Sample choice[listbox×1|f=combobox:Sample choice|h=Never]@364.9
chromium-dark-desktop › antd-sample select-down-down paced sample 1,antd-sample,select,select-down-down,,paced,1,ArrowDown ArrowDown,Never | list open | listbox×1 | @combobox:Sample choice,1,0,ArrowDown>combobox:Sample choice[none|f=combobox:Sample choice|h=None]@29.5 ; ArrowDown>combobox:Sample choice[listbox×1|f=combobox:Sample choice|h=Never]@357.2
chromium-dark-desktop › antd-sample select-down-down paced sample 2,antd-sample,select,select-down-down,,paced,2,ArrowDown ArrowDown,Never | list open | listbox×1 | @combobox:Sample choice,1,0,ArrowDown>combobox:Sample choice[none|f=combobox:Sample choice|h=None]@24.2 ; ArrowDown>combobox:Sample choice[listbox×1|f=combobox:Sample choice|h=Never]@350.9
chromium-dark-desktop › antd-sample select-down-down paced sample 3,antd-sample,select,select-down-down,,paced,3,ArrowDown ArrowDown,Never | list open | listbox×1 | @combobox:Sample choice,1,0,ArrowDown>combobox:Sample choice[none|f=combobox:Sample choice|h=None]@26.6 ; ArrowDown>combobox:Sample choice[listbox×1|f=combobox:Sample choice|h=Never]@355.1
chromium-dark-desktop › antd-sample select-down-down paced sample 4,antd-sample,select,select-down-down,,paced,4,ArrowDown ArrowDown,Never | list open | listbox×1 | @combobox:Sample choice,1,0,ArrowDown>combobox:Sample choice[none|f=combobox:Sample choice|h=None]@22.3 ; ArrowDown>combobox:Sample choice[listbox×1|f=combobox:Sample choice|h=Never]@349.5
chromium-dark-desktop › antd-sample select-down-down paced sample 5,antd-sample,select,select-down-down,,paced,5,ArrowDown ArrowDown,Never | list open | listbox×1 | @combobox:Sample choice,1,0,ArrowDown>combobox:Sample choice[none|f=combobox:Sample choice|h=None]@34 ; ArrowDown>combobox:Sample choice[listbox×1|f=combobox:Sample choice|h=Never]@360.4
chromium-dark-desktop › antd-sample select-down-down paced sample 6,antd-sample,select,select-down-down,,paced,6,ArrowDown ArrowDown,Never | list open | listbox×1 | @combobox:Sample choice,1,0,ArrowDown>combobox:Sample choice[none|f=combobox:Sample choice|h=None]@30.6 ; ArrowDown>combobox:Sample choice[listbox×1|f=combobox:Sample choice|h=Never]@357.8
chromium-dark-desktop › antd-sample select-down-down paced sample 7,antd-sample,select,select-down-down,,paced,7,ArrowDown ArrowDown,Never | list open | listbox×1 | @combobox:Sample choice,1,0,ArrowDown>combobox:Sample choice[none|f=combobox:Sample choice|h=None]@23.8 ; ArrowDown>combobox:Sample choice[listbox×1|f=combobox:Sample choice|h=Never]@351.3
chromium-dark-desktop › antd-sample select-down-down paced sample 8,antd-sample,select,select-down-down,,paced,8,ArrowDown ArrowDown,Never | list open | listbox×1 | @combobox:Sample choice,1,0,ArrowDown>combobox:Sample choice[none|f=combobox:Sample choice|h=None]@22.3 ; ArrowDown>combobox:Sample choice[listbox×1|f=combobox:Sample choice|h=Never]@350.3
chromium-dark-desktop › antd-sample select-down-down paced sample 9,antd-sample,select,select-down-down,,paced,9,ArrowDown ArrowDown,Never | list open | listbox×1 | @combobox:Sample choice,1,0,ArrowDown>combobox:Sample choice[none|f=combobox:Sample choice|h=None]@30.7 ; ArrowDown>combobox:Sample choice[listbox×1|f=combobox:Sample choice|h=Never]@357.6
chromium-dark-desktop › antd-sample select-down-down paced sample 10,antd-sample,select,select-down-down,,paced,10,ArrowDown ArrowDown,Never | list open | listbox×1 | @combobox:Sample choice,1,0,ArrowDown>combobox:Sample choice[none|f=combobox:Sample choice|h=None]@23.1 ; ArrowDown>combobox:Sample choice[listbox×1|f=combobox:Sample choice|h=Never]@349.9
chromium-dark-desktop › antd-sample select-down-down paced sample 11,antd-sample,select,select-down-down,,paced,11,ArrowDown ArrowDown,Never | list open | listbox×1 | @combobox:Sample choice,1,0,ArrowDown>combobox:Sample choice[none|f=combobox:Sample choice|h=None]@20.6 ; ArrowDown>combobox:Sample choice[listbox×1|f=combobox:Sample choice|h=Never]@352.1
chromium-dark-desktop › antd-sample select-down-down paced sample 12,antd-sample,select,select-down-down,,paced,12,ArrowDown ArrowDown,Never | list open | listbox×1 | @combobox:Sample choice,1,0,ArrowDown>combobox:Sample choice[none|f=combobox:Sample choice|h=None]@26.9 ; ArrowDown>combobox:Sample choice[listbox×1|f=combobox:Sample choice|h=Never]@355.1
chromium-dark-desktop › antd-sample select-down-down paced sample 13,antd-sample,select,select-down-down,,paced,13,ArrowDown ArrowDown,Never | list open | listbox×1 | @combobox:Sample choice,1,0,ArrowDown>combobox:Sample choice[none|f=combobox:Sample choice|h=None]@21 ; ArrowDown>combobox:Sample choice[listbox×1|f=combobox:Sample choice|h=Never]@348.8
chromium-dark-desktop › antd-sample select-down-down paced sample 14,antd-sample,select,select-down-down,,paced,14,ArrowDown ArrowDown,Never | list open | listbox×1 | @combobox:Sample choice,1,0,ArrowDown>combobox:Sample choice[none|f=combobox:Sample choice|h=None]@24.8 ; ArrowDown>combobox:Sample choice[listbox×1|f=combobox:Sample choice|h=Never]@350.1
chromium-dark-desktop › antd-sample select-down-down paced sample 15,antd-sample,select,select-down-down,,paced,15,ArrowDown ArrowDown,Never | list open | listbox×1 | @combobox:Sample choice,1,0,ArrowDown>combobox:Sample choice[none|f=combobox:Sample choice|h=None]@25.2 ; ArrowDown>combobox:Sample choice[listbox×1|f=combobox:Sample choice|h=Never]@351.7
chromium-dark-desktop › antd-sample select-down-down paced sample 16,antd-sample,select,select-down-down,,paced,16,ArrowDown ArrowDown,Never | list open | listbox×1 | @combobox:Sample choice,1,0,ArrowDown>combobox:Sample choice[none|f=combobox:Sample choice|h=None]@27.4 ; ArrowDown>combobox:Sample choice[listbox×1|f=combobox:Sample choice|h=Never]@349.6
chromium-dark-desktop › antd-sample select-down-down paced sample 17,antd-sample,select,select-down-down,,paced,17,ArrowDown ArrowDown,Never | list open | listbox×1 | @combobox:Sample choice,1,0,ArrowDown>combobox:Sample choice[none|f=combobox:Sample choice|h=None]@24.3 ; ArrowDown>combobox:Sample choice[listbox×1|f=combobox:Sample choice|h=Never]@348.1
chromium-dark-desktop › antd-sample select-down-down paced sample 18,antd-sample,select,select-down-down,,paced,18,ArrowDown ArrowDown,Never | list open | listbox×1 | @combobox:Sample choice,1,0,ArrowDown>combobox:Sample choice[none|f=combobox:Sample choice|h=None]@21.5 ; ArrowDown>combobox:Sample choice[listbox×1|f=combobox:Sample choice|h=Never]@347.9
chromium-dark-desktop › antd-sample select-down-down paced sample 19,antd-sample,select,select-down-down,,paced,19,ArrowDown ArrowDown,Never | list open | listbox×1 | @combobox:Sample choice,1,0,ArrowDown>combobox:Sample choice[none|f=combobox:Sample choice|h=None]@20.4 ; ArrowDown>combobox:Sample choice[listbox×1|f=combobox:Sample choice|h=Never]@347.4
