test,target,kind,sequence,control,mode,run,keys,result,window,handoff,keylog
chromium-dark-desktop › orbit-field select-down-tab burst sample 0,orbit-field,select,select-down-tab,select-down,burst,0,ArrowDown Tab,never | list closed | none | @combobox:Workspace,1,0,ArrowDown>combobox:Expires[none|f=combobox:Expires|h=None]@36 ; Tab>combobox:Expires[listbox×1|f=combobox:Expires|h=Never]@58.7
chromium-dark-desktop › orbit-field select-down-tab burst sample 1,orbit-field,select,select-down-tab,select-down,burst,1,ArrowDown Tab,never | list closed | none | @combobox:Workspace,1,0,ArrowDown>combobox:Expires[none|f=combobox:Expires|h=None]@36.5 ; Tab>combobox:Expires[listbox×1|f=combobox:Expires|h=Never]@63.6
chromium-dark-desktop › orbit-field select-down-tab burst sample 2,orbit-field,select,select-down-tab,select-down,burst,2,ArrowDown Tab,never | list closed | none | @combobox:Workspace,1,0,ArrowDown>combobox:Expires[none|f=combobox:Expires|h=None]@29.7 ; Tab>combobox:Expires[listbox×1|f=combobox:Expires|h=Never]@48
chromium-dark-desktop › orbit-field select-down-tab burst sample 3,orbit-field,select,select-down-tab,select-down,burst,3,ArrowDown Tab,never | list closed | none | @combobox:Workspace,1,0,ArrowDown>combobox:Expires[none|f=combobox:Expires|h=None]@40.2 ; Tab>combobox:Expires[listbox×1|f=combobox:Expires|h=Never]@75.7
chromium-dark-desktop › orbit-field select-down-tab burst sample 4,orbit-field,select,select-down-tab,select-down,burst,4,ArrowDown Tab,never | list closed | none | @combobox:Workspace,1,0,ArrowDown>combobox:Expires[none|f=combobox:Expires|h=None]@30.3 ; Tab>combobox:Expires[listbox×1|f=combobox:Expires|h=Never]@57.5
chromium-dark-desktop › orbit-field select-down-tab burst sample 5,orbit-field,select,select-down-tab,select-down,burst,5,ArrowDown Tab,never | list closed | none | @combobox:Workspace,1,0,ArrowDown>combobox:Expires[none|f=combobox:Expires|h=None]@27.4 ; Tab>combobox:Expires[listbox×1|f=combobox:Expires|h=Never]@51.4
chromium-dark-desktop › orbit-field select-down-tab burst sample 6,orbit-field,select,select-down-tab,select-down,burst,6,ArrowDown Tab,never | list closed | none | @combobox:Workspace,1,0,ArrowDown>combobox:Expires[none|f=combobox:Expires|h=None]@53.7 ; Tab>combobox:Expires[listbox×1|f=combobox:Expires|h=Never]@119.8
chromium-dark-desktop › orbit-field select-down-tab burst sample 7,orbit-field,select,select-down-tab,select-down,burst,7,ArrowDown Tab,never | list closed | none | @combobox:Workspace,1,0,ArrowDown>combobox:Expires[none|f=combobox:Expires|h=None]@33 ; Tab>combobox:Expires[listbox×1|f=combobox:Expires|h=Never]@57
chromium-dark-desktop › orbit-field select-down-tab burst sample 8,orbit-field,select,select-down-tab,select-down,burst,8,ArrowDown Tab,never | list closed | none | @combobox:Workspace,1,0,ArrowDown>combobox:Expires[none|f=combobox:Expires|h=None]@55.3 ; Tab>combobox:Expires[listbox×1|f=combobox:Expires|h=Never]@83.8
chromium-dark-desktop › orbit-field select-down-tab burst sample 9,orbit-field,select,select-down-tab,select-down,burst,9,ArrowDown Tab,never | list closed | none | @combobox:Workspace,1,0,ArrowDown>combobox:Expires[none|f=combobox:Expires|h=None]@36 ; Tab>combobox:Expires[listbox×1|f=combobox:Expires|h=Never]@56.5
chromium-dark-desktop › orbit-field select-down-tab burst sample 10,orbit-field,select,select-down-tab,select-down,burst,10,ArrowDown Tab,never | list closed | none | @combobox:Workspace,1,0,ArrowDown>combobox:Expires[none|f=combobox:Expires|h=None]@70.1 ; Tab>combobox:Expires[listbox×1|f=combobox:Expires|h=Never]@293.4
chromium-dark-desktop › orbit-field select-down-tab burst sample 11,orbit-field,select,select-down-tab,select-down,burst,11,ArrowDown Tab,never | list closed | none | @combobox:Workspace,1,0,ArrowDown>combobox:Expires[none|f=combobox:Expires|h=None]@19.8 ; Tab>combobox:Expires[listbox×1|f=combobox:Expires|h=Never]@45.9
chromium-dark-desktop › orbit-field select-down-tab burst sample 12,orbit-field,select,select-down-tab,select-down,burst,12,ArrowDown Tab,never | list closed | none | @combobox:Workspace,1,0,ArrowDown>combobox:Expires[none|f=combobox:Expires|h=None]@24.1 ; Tab>combobox:Expires[listbox×1|f=combobox:Expires|h=Never]@42
chromium-dark-desktop › orbit-field select-down-tab burst sample 13,orbit-field,select,select-down-tab,select-down,burst,13,ArrowDown Tab,never | list closed | none | @combobox:Workspace,1,0,ArrowDown>combobox:Expires[none|f=combobox:Expires|h=None]@866.4 ; Tab>combobox:Expires[listbox×1|f=combobox:Expires|h=Never]@1937.5
chromium-dark-desktop › orbit-field select-down-tab burst sample 14,orbit-field,select,select-down-tab,select-down,burst,14,ArrowDown Tab,never | list closed | none | @combobox:Workspace,1,0,ArrowDown>combobox:Expires[none|f=combobox:Expires|h=None]@31.8 ; Tab>combobox:Expires[listbox×1|f=combobox:Expires|h=Never]@64.8
chromium-dark-desktop › orbit-field select-down-tab burst sample 15,orbit-field,select,select-down-tab,select-down,burst,15,ArrowDown Tab,never | list closed | none | @combobox:Workspace,1,0,ArrowDown>combobox:Expires[none|f=combobox:Expires|h=None]@27.7 ; Tab>combobox:Expires[listbox×1|f=combobox:Expires|h=Never]@76.6
chromium-dark-desktop › orbit-field select-down-tab burst sample 16,orbit-field,select,select-down-tab,select-down,burst,16,ArrowDown Tab,never | list closed | none | @combobox:Workspace,1,0,ArrowDown>combobox:Expires[none|f=combobox:Expires|h=None]@39.2 ; Tab>combobox:Expires[listbox×1|f=combobox:Expires|h=Never]@88.8
chromium-dark-desktop › orbit-field select-down-tab burst sample 17,orbit-field,select,select-down-tab,select-down,burst,17,ArrowDown Tab,never | list closed | none | @combobox:Workspace,1,0,ArrowDown>combobox:Expires[none|f=combobox:Expires|h=None]@29.7 ; Tab>combobox:Expires[listbox×1|f=combobox:Expires|h=Never]@53.6
chromium-dark-desktop › orbit-field select-down-tab burst sample 18,orbit-field,select,select-down-tab,select-down,burst,18,ArrowDown Tab,never | list closed | none | @combobox:Workspace,1,0,ArrowDown>combobox:Expires[none|f=combobox:Expires|h=None]@38.6 ; Tab>combobox:Expires[listbox×1|f=combobox:Expires|h=Never]@66.3
chromium-dark-desktop › orbit-field select-down-tab burst sample 19,orbit-field,select,select-down-tab,select-down,burst,19,ArrowDown Tab,never | list closed | none | @combobox:Workspace,1,0,ArrowDown>combobox:Expires[none|f=combobox:Expires|h=None]@39.7 ; Tab>combobox:Expires[listbox×1|f=combobox:Expires|h=Never]@118
chromium-dark-desktop › orbit-field select-down-tab paced sample 0,orbit-field,select,select-down-tab,select-down,paced,0,ArrowDown Tab,never | list closed | none | @combobox:Workspace,0,0,ArrowDown>combobox:Expires[none|f=combobox:Expires|h=None]@51.8 ; Tab>option:Never[listbox×1|f=option:Never|h=Never]@419.3
chromium-dark-desktop › orbit-field select-down-tab paced sample 1,orbit-field,select,select-down-tab,select-down,paced,1,ArrowDown Tab,never | list closed | none | @combobox:Workspace,0,0,ArrowDown>combobox:Expires[none|f=combobox:Expires|h=None]@25.3 ; Tab>option:Never[listbox×1|f=option:Never|h=Never]@358.4
chromium-dark-desktop › orbit-field select-down-tab paced sample 2,orbit-field,select,select-down-tab,select-down,paced,2,ArrowDown Tab,never | list closed | none | @combobox:Workspace,0,0,ArrowDown>combobox:Expires[none|f=combobox:Expires|h=None]@23.2 ; Tab>option:Never[listbox×1|f=option:Never|h=Never]@355
chromium-dark-desktop › orbit-field select-down-tab paced sample 3,orbit-field,select,select-down-tab,select-down,paced,3,ArrowDown Tab,never | list closed | none | @combobox:Workspace,0,0,ArrowDown>combobox:Expires[none|f=combobox:Expires|h=None]@32.9 ; Tab>option:Never[listbox×1|f=option:Never|h=Never]@372.7
chromium-dark-desktop › orbit-field select-down-tab paced sample 4,orbit-field,select,select-down-tab,select-down,paced,4,ArrowDown Tab,never | list closed | none | @combobox:Workspace,0,0,ArrowDown>combobox:Expires[none|f=combobox:Expires|h=None]@25.4 ; Tab>option:Never[listbox×1|f=option:Never|h=Never]@371.5
chromium-dark-desktop › orbit-field select-down-tab paced sample 5,orbit-field,select,select-down-tab,select-down,paced,5,ArrowDown Tab,never | list closed | none | @combobox:Workspace,0,0,ArrowDown>combobox:Expires[none|f=combobox:Expires|h=None]@25.2 ; Tab>option:Never[listbox×1|f=option:Never|h=Never]@354.7
chromium-dark-desktop › orbit-field select-down-tab paced sample 6,orbit-field,select,select-down-tab,select-down,paced,6,ArrowDown Tab,never | list closed | none | @combobox:Workspace,0,0,ArrowDown>combobox:Expires[none|f=combobox:Expires|h=None]@25.1 ; Tab>option:Never[listbox×1|f=option:Never|h=Never]@359.3
chromium-dark-desktop › orbit-field select-down-tab paced sample 7,orbit-field,select,select-down-tab,select-down,paced,7,ArrowDown Tab,never | list closed | none | @combobox:Workspace,0,0,ArrowDown>combobox:Expires[none|f=combobox:Expires|h=None]@31.8 ; Tab>option:Never[listbox×1|f=option:Never|h=Never]@376
chromium-dark-desktop › orbit-field select-down-tab paced sample 8,orbit-field,select,select-down-tab,select-down,paced,8,ArrowDown Tab,never | list closed | none | @combobox:Workspace,0,0,ArrowDown>combobox:Expires[none|f=combobox:Expires|h=None]@30.3 ; Tab>option:Never[listbox×1|f=option:Never|h=Never]@370
chromium-dark-desktop › orbit-field select-down-tab paced sample 9,orbit-field,select,select-down-tab,select-down,paced,9,ArrowDown Tab,never | list closed | none | @combobox:Workspace,0,0,ArrowDown>combobox:Expires[none|f=combobox:Expires|h=None]@35.1 ; Tab>option:Never[listbox×1|f=option:Never|h=Never]@367.5
chromium-dark-desktop › orbit-field select-down-tab paced sample 10,orbit-field,select,select-down-tab,select-down,paced,10,ArrowDown Tab,never | list closed | none | @combobox:Workspace,0,0,ArrowDown>combobox:Expires[none|f=combobox:Expires|h=None]@40.7 ; Tab>option:Never[listbox×1|f=option:Never|h=Never]@401.5
chromium-dark-desktop › orbit-field select-down-tab paced sample 11,orbit-field,select,select-down-tab,select-down,paced,11,ArrowDown Tab,never | list closed | none | @combobox:Workspace,0,0,ArrowDown>combobox:Expires[none|f=combobox:Expires|h=None]@25.3 ; Tab>option:Never[listbox×1|f=option:Never|h=Never]@364.2
chromium-dark-desktop › orbit-field select-down-tab paced sample 12,orbit-field,select,select-down-tab,select-down,paced,12,ArrowDown Tab,never | list closed | none | @combobox:Workspace,0,0,ArrowDown>combobox:Expires[none|f=combobox:Expires|h=None]@23.2 ; Tab>option:Never[listbox×1|f=option:Never|h=Never]@352.8
chromium-dark-desktop › orbit-field select-down-tab paced sample 13,orbit-field,select,select-down-tab,select-down,paced,13,ArrowDown Tab,never | list closed | none | @combobox:Workspace,0,0,ArrowDown>combobox:Expires[none|f=combobox:Expires|h=None]@47.6 ; Tab>option:Never[listbox×1|f=option:Never|h=Never]@394.7
chromium-dark-desktop › orbit-field select-down-tab paced sample 14,orbit-field,select,select-down-tab,select-down,paced,14,ArrowDown Tab,never | list closed | none | @combobox:Workspace,0,0,ArrowDown>combobox:Expires[none|f=combobox:Expires|h=None]@31.1 ; Tab>option:Never[listbox×1|f=option:Never|h=Never]@365.4
chromium-dark-desktop › orbit-field select-down-tab paced sample 15,orbit-field,select,select-down-tab,select-down,paced,15,ArrowDown Tab,never | list closed | none | @combobox:Workspace,0,0,ArrowDown>combobox:Expires[none|f=combobox:Expires|h=None]@26 ; Tab>option:Never[listbox×1|f=option:Never|h=Never]@352.9
chromium-dark-desktop › orbit-field select-down-tab paced sample 16,orbit-field,select,select-down-tab,select-down,paced,16,ArrowDown Tab,never | list closed | none | @combobox:Workspace,0,0,ArrowDown>combobox:Expires[none|f=combobox:Expires|h=None]@29.7 ; Tab>option:Never[listbox×1|f=option:Never|h=Never]@373.5
chromium-dark-desktop › orbit-field select-down-tab paced sample 17,orbit-field,select,select-down-tab,select-down,paced,17,ArrowDown Tab,never | list closed | none | @combobox:Workspace,0,0,ArrowDown>combobox:Expires[none|f=combobox:Expires|h=None]@31.3 ; Tab>option:Never[listbox×1|f=option:Never|h=Never]@372.4
chromium-dark-desktop › orbit-field select-down-tab paced sample 18,orbit-field,select,select-down-tab,select-down,paced,18,ArrowDown Tab,never | list closed | none | @combobox:Workspace,0,0,ArrowDown>combobox:Expires[none|f=combobox:Expires|h=None]@25.7 ; Tab>option:Never[listbox×1|f=option:Never|h=Never]@351.6
chromium-dark-desktop › orbit-field select-down-tab paced sample 19,orbit-field,select,select-down-tab,select-down,paced,19,ArrowDown Tab,never | list closed | none | @combobox:Workspace,0,0,ArrowDown>combobox:Expires[none|f=combobox:Expires|h=None]@30.5 ; Tab>option:Never[listbox×1|f=option:Never|h=Never]@356.4
chromium-dark-desktop › orbit-sample select-down-tab burst sample 0,orbit-sample,select,select-down-tab,select-down,burst,0,ArrowDown Tab,Never | list closed | none | @combobox:Sample choice,1,0,ArrowDown>combobox:Sample choice[none|f=combobox:Sample choice|h=None]@31.3 ; Tab>combobox:Sample choice[listbox×1|f=combobox:Sample choice|h=Never]@55.3
chromium-dark-desktop › orbit-sample select-down-tab burst sample 1,orbit-sample,select,select-down-tab,select-down,burst,1,ArrowDown Tab,Never | list closed | none | @combobox:Sample choice,1,0,ArrowDown>combobox:Sample choice[none|f=combobox:Sample choice|h=None]@24.5 ; Tab>combobox:Sample choice[listbox×1|f=combobox:Sample choice|h=Never]@43.7
chromium-dark-desktop › orbit-sample select-down-tab burst sample 2,orbit-sample,select,select-down-tab,select-down,burst,2,ArrowDown Tab,Never | list closed | none | @combobox:Sample choice,1,0,ArrowDown>combobox:Sample choice[none|f=combobox:Sample choice|h=None]@30 ; Tab>combobox:Sample choice[listbox×1|f=combobox:Sample choice|h=Never]@49.3
chromium-dark-desktop › orbit-sample select-down-tab burst sample 3,orbit-sample,select,select-down-tab,select-down,burst,3,ArrowDown Tab,Never | list closed | none | @combobox:Sample choice,1,0,ArrowDown>combobox:Sample choice[none|f=combobox:Sample choice|h=None]@26.3 ; Tab>combobox:Sample choice[listbox×1|f=combobox:Sample choice|h=Never]@48.9
chromium-dark-desktop › orbit-sample select-down-tab burst sample 4,orbit-sample,select,select-down-tab,select-down,burst,4,ArrowDown Tab,Never | list closed | none | @combobox:Sample choice,1,0,ArrowDown>combobox:Sample choice[none|f=combobox:Sample choice|h=None]@34.3 ; Tab>combobox:Sample choice[listbox×1|f=combobox:Sample choice|h=Never]@57.3
chromium-dark-desktop › orbit-sample select-down-tab burst sample 5,orbit-sample,select,select-down-tab,select-down,burst,5,ArrowDown Tab,Never | list closed | none | @combobox:Sample choice,1,0,ArrowDown>combobox:Sample choice[none|f=combobox:Sample choice|h=None]@24.7 ; Tab>combobox:Sample choice[listbox×1|f=combobox:Sample choice|h=Never]@43
chromium-dark-desktop › orbit-sample select-down-tab burst sample 6,orbit-sample,select,select-down-tab,select-down,burst,6,ArrowDown Tab,Never | list closed | none | @combobox:Sample choice,1,0,ArrowDown>combobox:Sample choice[none|f=combobox:Sample choice|h=None]@23.9 ; Tab>combobox:Sample choice[listbox×1|f=combobox:Sample choice|h=Never]@44.4
chromium-dark-desktop › orbit-sample select-down-tab burst sample 7,orbit-sample,select,select-down-tab,select-down,burst,7,ArrowDown Tab,Never | list closed | none | @combobox:Sample choice,1,0,ArrowDown>combobox:Sample choice[none|f=combobox:Sample choice|h=None]@27.2 ; Tab>combobox:Sample choice[listbox×1|f=combobox:Sample choice|h=Never]@47.2
chromium-dark-desktop › orbit-sample select-down-tab burst sample 8,orbit-sample,select,select-down-tab,select-down,burst,8,ArrowDown Tab,Never | list closed | none | @combobox:Sample choice,1,0,ArrowDown>combobox:Sample choice[none|f=combobox:Sample choice|h=None]@34.5 ; Tab>combobox:Sample choice[listbox×1|f=combobox:Sample choice|h=Never]@57.5
chromium-dark-desktop › orbit-sample select-down-tab burst sample 9,orbit-sample,select,select-down-tab,select-down,burst,9,ArrowDown Tab,Never | list closed | none | @combobox:Sample choice,1,0,ArrowDown>combobox:Sample choice[none|f=combobox:Sample choice|h=None]@31.1 ; Tab>combobox:Sample choice[listbox×1|f=combobox:Sample choice|h=Never]@61.3
chromium-dark-desktop › orbit-sample select-down-tab burst sample 10,orbit-sample,select,select-down-tab,select-down,burst,10,ArrowDown Tab,Never | list closed | none | @combobox:Sample choice,1,0,ArrowDown>combobox:Sample choice[none|f=combobox:Sample choice|h=None]@29.8 ; Tab>combobox:Sample choice[listbox×1|f=combobox:Sample choice|h=Never]@61.1
chromium-dark-desktop › orbit-sample select-down-tab burst sample 11,orbit-sample,select,select-down-tab,select-down,burst,11,ArrowDown Tab,Never | list closed | none | @combobox:Sample choice,1,0,ArrowDown>combobox:Sample choice[none|f=combobox:Sample choice|h=None]@34 ; Tab>combobox:Sample choice[listbox×1|f=combobox:Sample choice|h=Never]@58
chromium-dark-desktop › orbit-sample select-down-tab burst sample 12,orbit-sample,select,select-down-tab,select-down,burst,12,ArrowDown Tab,Never | list closed | none | @combobox:Sample choice,1,0,ArrowDown>combobox:Sample choice[none|f=combobox:Sample choice|h=None]@25.1 ; Tab>combobox:Sample choice[listbox×1|f=combobox:Sample choice|h=Never]@45.2
chromium-dark-desktop › orbit-sample select-down-tab burst sample 13,orbit-sample,select,select-down-tab,select-down,burst,13,ArrowDown Tab,Never | list closed | none | @combobox:Sample choice,1,0,ArrowDown>combobox:Sample choice[none|f=combobox:Sample choice|h=None]@38 ; Tab>combobox:Sample choice[listbox×1|f=combobox:Sample choice|h=Never]@58.5
chromium-dark-desktop › orbit-sample select-down-tab burst sample 14,orbit-sample,select,select-down-tab,select-down,burst,14,ArrowDown Tab,Never | list closed | none | @combobox:Sample choice,1,0,ArrowDown>combobox:Sample choice[none|f=combobox:Sample choice|h=None]@33.5 ; Tab>combobox:Sample choice[listbox×1|f=combobox:Sample choice|h=Never]@53.1
chromium-dark-desktop › orbit-sample select-down-tab burst sample 15,orbit-sample,select,select-down-tab,select-down,burst,15,ArrowDown Tab,Never | list closed | none | @combobox:Sample choice,1,0,ArrowDown>combobox:Sample choice[none|f=combobox:Sample choice|h=None]@26.7 ; Tab>combobox:Sample choice[listbox×1|f=combobox:Sample choice|h=Never]@55.9
chromium-dark-desktop › orbit-sample select-down-tab burst sample 16,orbit-sample,select,select-down-tab,select-down,burst,16,ArrowDown Tab,Never | list closed | none | @combobox:Sample choice,1,0,ArrowDown>combobox:Sample choice[none|f=combobox:Sample choice|h=None]@29.6 ; Tab>combobox:Sample choice[listbox×1|f=combobox:Sample choice|h=Never]@53.9
chromium-dark-desktop › orbit-sample select-down-tab burst sample 17,orbit-sample,select,select-down-tab,select-down,burst,17,ArrowDown Tab,Never | list closed | none | @combobox:Sample choice,1,0,ArrowDown>combobox:Sample choice[none|f=combobox:Sample choice|h=None]@25.7 ; Tab>combobox:Sample choice[listbox×1|f=combobox:Sample choice|h=Never]@49.8
chromium-dark-desktop › orbit-sample select-down-tab burst sample 18,orbit-sample,select,select-down-tab,select-down,burst,18,ArrowDown Tab,Never | list closed | none | @combobox:Sample choice,1,0,ArrowDown>combobox:Sample choice[none|f=combobox:Sample choice|h=None]@37.6 ; Tab>combobox:Sample choice[listbox×1|f=combobox:Sample choice|h=Never]@64.7
chromium-dark-desktop › orbit-sample select-down-tab burst sample 19,orbit-sample,select,select-down-tab,select-down,burst,19,ArrowDown Tab,Never | list closed | none | @combobox:Sample choice,1,0,ArrowDown>combobox:Sample choice[none|f=combobox:Sample choice|h=None]@22 ; Tab>combobox:Sample choice[listbox×1|f=combobox:Sample choice|h=Never]@136.8
chromium-dark-desktop › orbit-sample select-down-tab paced sample 0,orbit-sample,select,select-down-tab,select-down,paced,0,ArrowDown Tab,Never | list closed | none | @combobox:Sample choice,0,0,ArrowDown>combobox:Sample choice[none|f=combobox:Sample choice|h=None]@27.1 ; Tab>option:Never[listbox×1|f=option:Never|h=Never]@355.6
chromium-dark-desktop › orbit-sample select-down-tab paced sample 1,orbit-sample,select,select-down-tab,select-down,paced,1,ArrowDown Tab,Never | list closed | none | @combobox:Sample choice,0,0,ArrowDown>combobox:Sample choice[none|f=combobox:Sample choice|h=None]@31.3 ; Tab>option:Never[listbox×1|f=option:Never|h=Never]@370.9
chromium-dark-desktop › orbit-sample select-down-tab paced sample 2,orbit-sample,select,select-down-tab,select-down,paced,2,ArrowDown Tab,Never | list closed | none | @combobox:Sample choice,0,0,ArrowDown>combobox:Sample choice[none|f=combobox:Sample choice|h=None]@28.1 ; Tab>option:Never[listbox×1|f=option:Never|h=Never]@369.5
chromium-dark-desktop › orbit-sample select-down-tab paced sample 3,orbit-sample,select,select-down-tab,select-down,paced,3,ArrowDown Tab,Never | list closed | none | @combobox:Sample choice,0,0,ArrowDown>combobox:Sample choice[none|f=combobox:Sample choice|h=None]@33 ; Tab>option:Never[listbox×1|f=option:Never|h=Never]@385.1
chromium-dark-desktop › orbit-sample select-down-tab paced sample 4,orbit-sample,select,select-down-tab,select-down,paced,4,ArrowDown Tab,Never | list closed | none | @combobox:Sample choice,0,0,ArrowDown>combobox:Sample choice[none|f=combobox:Sample choice|h=None]@40.4 ; Tab>option:Never[listbox×1|f=option:Never|h=Never]@388.2
chromium-dark-desktop › orbit-sample select-down-tab paced sample 5,orbit-sample,select,select-down-tab,select-down,paced,5,ArrowDown Tab,Never | list closed | none | @combobox:Sample choice,0,0,ArrowDown>combobox:Sample choice[none|f=combobox:Sample choice|h=None]@23.4 ; Tab>option:Never[listbox×1|f=option:Never|h=Never]@376
chromium-dark-desktop › orbit-sample select-down-tab paced sample 6,orbit-sample,select,select-down-tab,select-down,paced,6,ArrowDown Tab,Never | list closed | none | @combobox:Sample choice,0,0,ArrowDown>combobox:Sample choice[none|f=combobox:Sample choice|h=None]@29.4 ; Tab>option:Never[listbox×1|f=option:Never|h=Never]@368.2
chromium-dark-desktop › orbit-sample select-down-tab paced sample 7,orbit-sample,select,select-down-tab,select-down,paced,7,ArrowDown Tab,Never | list closed | none | @combobox:Sample choice,0,0,ArrowDown>combobox:Sample choice[none|f=combobox:Sample choice|h=None]@29.7 ; Tab>option:Never[listbox×1|f=option:Never|h=Never]@356.9
chromium-dark-desktop › orbit-sample select-down-tab paced sample 8,orbit-sample,select,select-down-tab,select-down,paced,8,ArrowDown Tab,Never | list closed | none | @combobox:Sample choice,0,0,ArrowDown>combobox:Sample choice[none|f=combobox:Sample choice|h=None]@44 ; Tab>option:Never[listbox×1|f=option:Never|h=Never]@389.7
chromium-dark-desktop › orbit-sample select-down-tab paced sample 9,orbit-sample,select,select-down-tab,select-down,paced,9,ArrowDown Tab,Never | list closed | none | @combobox:Sample choice,0,0,ArrowDown>combobox:Sample choice[none|f=combobox:Sample choice|h=None]@30 ; Tab>option:Never[listbox×1|f=option:Never|h=Never]@370
chromium-dark-desktop › orbit-sample select-down-tab paced sample 10,orbit-sample,select,select-down-tab,select-down,paced,10,ArrowDown Tab,Never | list closed | none | @combobox:Sample choice,0,0,ArrowDown>combobox:Sample choice[none|f=combobox:Sample choice|h=None]@35.8 ; Tab>option:Never[listbox×1|f=option:Never|h=Never]@383.5
chromium-dark-desktop › orbit-sample select-down-tab paced sample 11,orbit-sample,select,select-down-tab,select-down,paced,11,ArrowDown Tab,Never | list closed | none | @combobox:Sample choice,0,0,ArrowDown>combobox:Sample choice[none|f=combobox:Sample choice|h=None]@35.4 ; Tab>option:Never[listbox×1|f=option:Never|h=Never]@400.3
chromium-dark-desktop › orbit-sample select-down-tab paced sample 12,orbit-sample,select,select-down-tab,select-down,paced,12,ArrowDown Tab,Never | list closed | none | @combobox:Sample choice,0,0,ArrowDown>combobox:Sample choice[none|f=combobox:Sample choice|h=None]@21.8 ; Tab>option:Never[listbox×1|f=option:Never|h=Never]@347.6
chromium-dark-desktop › orbit-sample select-down-tab paced sample 13,orbit-sample,select,select-down-tab,select-down,paced,13,ArrowDown Tab,Never | list closed | none | @combobox:Sample choice,0,0,ArrowDown>combobox:Sample choice[none|f=combobox:Sample choice|h=None]@24.2 ; Tab>option:Never[listbox×1|f=option:Never|h=Never]@367.7
chromium-dark-desktop › orbit-sample select-down-tab paced sample 14,orbit-sample,select,select-down-tab,select-down,paced,14,ArrowDown Tab,Never | list closed | none | @combobox:Sample choice,0,0,ArrowDown>combobox:Sample choice[none|f=combobox:Sample choice|h=None]@38.2 ; Tab>option:Never[listbox×1|f=option:Never|h=Never]@371.2
chromium-dark-desktop › orbit-sample select-down-tab paced sample 15,orbit-sample,select,select-down-tab,select-down,paced,15,ArrowDown Tab,Never | list closed | none | @combobox:Sample choice,0,0,ArrowDown>combobox:Sample choice[none|f=combobox:Sample choice|h=None]@34.5 ; Tab>option:Never[listbox×1|f=option:Never|h=Never]@359.9
chromium-dark-desktop › orbit-sample select-down-tab paced sample 16,orbit-sample,select,select-down-tab,select-down,paced,16,ArrowDown Tab,Never | list closed | none | @combobox:Sample choice,0,0,ArrowDown>combobox:Sample choice[none|f=combobox:Sample choice|h=None]@22.4 ; Tab>option:Never[listbox×1|f=option:Never|h=Never]@351.6
chromium-dark-desktop › orbit-sample select-down-tab paced sample 17,orbit-sample,select,select-down-tab,select-down,paced,17,ArrowDown Tab,Never | list closed | none | @combobox:Sample choice,0,0,ArrowDown>combobox:Sample choice[none|f=combobox:Sample choice|h=None]@23.8 ; Tab>option:Never[listbox×1|f=option:Never|h=Never]@364.2
chromium-dark-desktop › orbit-sample select-down-tab paced sample 18,orbit-sample,select,select-down-tab,select-down,paced,18,ArrowDown Tab,Never | list closed | none | @combobox:Sample choice,0,0,ArrowDown>combobox:Sample choice[none|f=combobox:Sample choice|h=None]@20.1 ; Tab>option:Never[listbox×1|f=option:Never|h=Never]@360.2
chromium-dark-desktop › orbit-sample select-down-tab paced sample 19,orbit-sample,select,select-down-tab,select-down,paced,19,ArrowDown Tab,Never | list closed | none | @combobox:Sample choice,0,0,ArrowDown>combobox:Sample choice[none|f=combobox:Sample choice|h=None]@28 ; Tab>option:Never[listbox×1|f=option:Never|h=Never]@354.1
chromium-dark-desktop › orbit-field select-down-shift-tab burst sample 0,orbit-field,select,select-down-shift-tab,select-down,burst,0,ArrowDown Shift+Tab,never | list closed | none | @combobox:Expires,1,1,ArrowDown>combobox:Expires[none|f=combobox:Expires|h=None]@24.2 ; Shift+Tab>combobox:Expires[listbox×1|f=combobox:Expires|h=Never]@52.5 ; Shift+Tab*>option:Never[listbox×1|f=option:Never|h=Never]@53.2
chromium-dark-desktop › orbit-field select-down-shift-tab burst sample 1,orbit-field,select,select-down-shift-tab,select-down,burst,1,ArrowDown Shift+Tab,never | list closed | none | @combobox:Expires,1,1,ArrowDown>combobox:Expires[none|f=combobox:Expires|h=None]@22.5 ; Shift+Tab>combobox:Expires[listbox×1|f=combobox:Expires|h=Never]@41.6 ; Shift+Tab*>option:Never[listbox×1|f=option:Never|h=Never]@42.2
chromium-dark-desktop › orbit-field select-down-shift-tab burst sample 2,orbit-field,select,select-down-shift-tab,select-down,burst,2,ArrowDown Shift+Tab,never | list closed | none | @combobox:Expires,1,1,ArrowDown>combobox:Expires[none|f=combobox:Expires|h=None]@23.6 ; Shift+Tab>combobox:Expires[listbox×1|f=combobox:Expires|h=Never]@41.1 ; Shift+Tab*>option:Never[listbox×1|f=option:Never|h=Never]@41.6
chromium-dark-desktop › orbit-field select-down-shift-tab burst sample 3,orbit-field,select,select-down-shift-tab,select-down,burst,3,ArrowDown Shift+Tab,never | list closed | none | @combobox:Expires,1,1,ArrowDown>combobox:Expires[none|f=combobox:Expires|h=None]@25 ; Shift+Tab>combobox:Expires[listbox×1|f=combobox:Expires|h=Never]@39.1 ; Shift+Tab*>option:Never[listbox×1|f=option:Never|h=Never]@39.5
chromium-dark-desktop › orbit-field select-down-shift-tab burst sample 4,orbit-field,select,select-down-shift-tab,select-down,burst,4,ArrowDown Shift+Tab,never | list closed | none | @combobox:Expires,1,1,ArrowDown>combobox:Expires[none|f=combobox:Expires|h=None]@31.5 ; Shift+Tab>combobox:Expires[listbox×1|f=combobox:Expires|h=Never]@46.8 ; Shift+Tab*>option:Never[listbox×1|f=option:Never|h=Never]@47.4
chromium-dark-desktop › orbit-field select-down-shift-tab burst sample 5,orbit-field,select,select-down-shift-tab,select-down,burst,5,ArrowDown Shift+Tab,never | list closed | none | @combobox:Expires,1,1,ArrowDown>combobox:Expires[none|f=combobox:Expires|h=None]@38 ; Shift+Tab>combobox:Expires[listbox×1|f=combobox:Expires|h=Never]@79.7 ; Shift+Tab*>option:Never[listbox×1|f=option:Never|h=Never]@81.5
chromium-dark-desktop › orbit-field select-down-shift-tab burst sample 6,orbit-field,select,select-down-shift-tab,select-down,burst,6,ArrowDown Shift+Tab,never | list closed | none | @combobox:Expires,1,1,ArrowDown>combobox:Expires[none|f=combobox:Expires|h=None]@33.5 ; Shift+Tab>combobox:Expires[listbox×1|f=combobox:Expires|h=Never]@52 ; Shift+Tab*>option:Never[listbox×1|f=option:Never|h=Never]@52.4
chromium-dark-desktop › orbit-field select-down-shift-tab burst sample 7,orbit-field,select,select-down-shift-tab,select-down,burst,7,ArrowDown Shift+Tab,never | list closed | none | @combobox:Expires,1,1,ArrowDown>combobox:Expires[none|f=combobox:Expires|h=None]@34.6 ; Shift+Tab>combobox:Expires[listbox×1|f=combobox:Expires|h=Never]@68.4 ; Shift+Tab*>option:Never[listbox×1|f=option:Never|h=Never]@69.4
chromium-dark-desktop › orbit-field select-down-shift-tab burst sample 8,orbit-field,select,select-down-shift-tab,select-down,burst,8,ArrowDown Shift+Tab,never | list closed | none | @combobox:Expires,1,1,ArrowDown>combobox:Expires[none|f=combobox:Expires|h=None]@29.2 ; Shift+Tab>combobox:Expires[listbox×1|f=combobox:Expires|h=Never]@60.8 ; Shift+Tab*>option:Never[listbox×1|f=option:Never|h=Never]@61.8
chromium-dark-desktop › orbit-field select-down-shift-tab burst sample 9,orbit-field,select,select-down-shift-tab,select-down,burst,9,ArrowDown Shift+Tab,never | list closed | none | @combobox:Expires,1,1,ArrowDown>combobox:Expires[none|f=combobox:Expires|h=None]@24.7 ; Shift+Tab>combobox:Expires[listbox×1|f=combobox:Expires|h=Never]@60.7 ; Shift+Tab*>option:Never[listbox×1|f=option:Never|h=Never]@62.1
chromium-dark-desktop › orbit-field select-down-shift-tab burst sample 10,orbit-field,select,select-down-shift-tab,select-down,burst,10,ArrowDown Shift+Tab,never | list closed | none | @combobox:Expires,1,1,ArrowDown>combobox:Expires[none|f=combobox:Expires|h=None]@26.3 ; Shift+Tab>combobox:Expires[listbox×1|f=combobox:Expires|h=Never]@50 ; Shift+Tab*>option:Never[listbox×1|f=option:Never|h=Never]@50.7
chromium-dark-desktop › orbit-field select-down-shift-tab burst sample 11,orbit-field,select,select-down-shift-tab,select-down,burst,11,ArrowDown Shift+Tab,never | list closed | none | @combobox:Expires,1,1,ArrowDown>combobox:Expires[none|f=combobox:Expires|h=None]@27.8 ; Shift+Tab>combobox:Expires[listbox×1|f=combobox:Expires|h=Never]@66 ; Shift+Tab*>option:Never[listbox×1|f=option:Never|h=Never]@67
chromium-dark-desktop › orbit-field select-down-shift-tab burst sample 12,orbit-field,select,select-down-shift-tab,select-down,burst,12,ArrowDown Shift+Tab,never | list closed | none | @combobox:Expires,1,1,ArrowDown>combobox:Expires[none|f=combobox:Expires|h=None]@45.8 ; Shift+Tab>combobox:Expires[listbox×1|f=combobox:Expires|h=Never]@76.2 ; Shift+Tab*>option:Never[listbox×1|f=option:Never|h=Never]@77.2
chromium-dark-desktop › orbit-field select-down-shift-tab burst sample 13,orbit-field,select,select-down-shift-tab,select-down,burst,13,ArrowDown Shift+Tab,never | list closed | none | @combobox:Expires,1,1,ArrowDown>combobox:Expires[none|f=combobox:Expires|h=None]@31.2 ; Shift+Tab>combobox:Expires[listbox×1|f=combobox:Expires|h=Never]@62.5 ; Shift+Tab*>option:Never[listbox×1|f=option:Never|h=Never]@63.5
chromium-dark-desktop › orbit-field select-down-shift-tab burst sample 14,orbit-field,select,select-down-shift-tab,select-down,burst,14,ArrowDown Shift+Tab,never | list closed | none | @combobox:Expires,1,1,ArrowDown>combobox:Expires[none|f=combobox:Expires|h=None]@28.5 ; Shift+Tab>combobox:Expires[listbox×1|f=combobox:Expires|h=Never]@47.8 ; Shift+Tab*>option:Never[listbox×1|f=option:Never|h=Never]@48.4
chromium-dark-desktop › orbit-field select-down-shift-tab burst sample 15,orbit-field,select,select-down-shift-tab,select-down,burst,15,ArrowDown Shift+Tab,never | list closed | none | @combobox:Expires,1,1,ArrowDown>combobox:Expires[none|f=combobox:Expires|h=None]@38.1 ; Shift+Tab>combobox:Expires[listbox×1|f=combobox:Expires|h=Never]@64.4 ; Shift+Tab*>option:Never[listbox×1|f=option:Never|h=Never]@65.3
chromium-dark-desktop › orbit-field select-down-shift-tab burst sample 16,orbit-field,select,select-down-shift-tab,select-down,burst,16,ArrowDown Shift+Tab,never | list closed | none | @combobox:Expires,1,1,ArrowDown>combobox:Expires[none|f=combobox:Expires|h=None]@37.8 ; Shift+Tab>combobox:Expires[listbox×1|f=combobox:Expires|h=Never]@78.5 ; Shift+Tab*>option:Never[listbox×1|f=option:Never|h=Never]@79.5
chromium-dark-desktop › orbit-field select-down-shift-tab burst sample 17,orbit-field,select,select-down-shift-tab,select-down,burst,17,ArrowDown Shift+Tab,never | list closed | none | @combobox:Expires,1,1,ArrowDown>combobox:Expires[none|f=combobox:Expires|h=None]@42 ; Shift+Tab>combobox:Expires[listbox×1|f=combobox:Expires|h=Never]@67.8 ; Shift+Tab*>option:Never[listbox×1|f=option:Never|h=Never]@68.5
chromium-dark-desktop › orbit-field select-down-shift-tab burst sample 18,orbit-field,select,select-down-shift-tab,select-down,burst,18,ArrowDown Shift+Tab,never | list closed | none | @combobox:Expires,1,1,ArrowDown>combobox:Expires[none|f=combobox:Expires|h=None]@32.9 ; Shift+Tab>combobox:Expires[listbox×1|f=combobox:Expires|h=Never]@62.7 ; Shift+Tab*>option:Never[listbox×1|f=option:Never|h=Never]@63.4
chromium-dark-desktop › orbit-field select-down-shift-tab burst sample 19,orbit-field,select,select-down-shift-tab,select-down,burst,19,ArrowDown Shift+Tab,never | list closed | none | @combobox:Expires,1,1,ArrowDown>combobox:Expires[none|f=combobox:Expires|h=None]@45 ; Shift+Tab>combobox:Expires[listbox×1|f=combobox:Expires|h=Never]@78.9 ; Shift+Tab*>option:Never[listbox×1|f=option:Never|h=Never]@79.8
chromium-dark-desktop › orbit-field select-down-shift-tab paced sample 0,orbit-field,select,select-down-shift-tab,select-down,paced,0,ArrowDown Shift+Tab,never | list closed | none | @combobox:Expires,0,0,ArrowDown>combobox:Expires[none|f=combobox:Expires|h=None]@52.2 ; Shift+Tab>option:Never[listbox×1|f=option:Never|h=Never]@402.2
chromium-dark-desktop › orbit-field select-down-shift-tab paced sample 1,orbit-field,select,select-down-shift-tab,select-down,paced,1,ArrowDown Shift+Tab,never | list closed | none | @combobox:Expires,0,0,ArrowDown>combobox:Expires[none|f=combobox:Expires|h=None]@40.5 ; Shift+Tab>option:Never[listbox×1|f=option:Never|h=Never]@402.7
chromium-dark-desktop › orbit-field select-down-shift-tab paced sample 2,orbit-field,select,select-down-shift-tab,select-down,paced,2,ArrowDown Shift+Tab,never | list closed | none | @combobox:Expires,0,0,ArrowDown>combobox:Expires[none|f=combobox:Expires|h=None]@47.5 ; Shift+Tab>option:Never[listbox×1|f=option:Never|h=Never]@411.3
chromium-dark-desktop › orbit-field select-down-shift-tab paced sample 3,orbit-field,select,select-down-shift-tab,select-down,paced,3,ArrowDown Shift+Tab,never | list closed | none | @combobox:Expires,0,0,ArrowDown>combobox:Expires[none|f=combobox:Expires|h=None]@38.2 ; Shift+Tab>option:Never[listbox×1|f=option:Never|h=Never]@382.7
chromium-dark-desktop › orbit-field select-down-shift-tab paced sample 4,orbit-field,select,select-down-shift-tab,select-down,paced,4,ArrowDown Shift+Tab,never | list closed | none | @combobox:Expires,0,0,ArrowDown>combobox:Expires[none|f=combobox:Expires|h=None]@26.8 ; Shift+Tab>option:Never[listbox×1|f=option:Never|h=Never]@382.6
chromium-dark-desktop › orbit-field select-down-shift-tab paced sample 5,orbit-field,select,select-down-shift-tab,select-down,paced,5,ArrowDown Shift+Tab,never | list closed | none | @combobox:Expires,0,0,ArrowDown>combobox:Expires[none|f=combobox:Expires|h=None]@29 ; Shift+Tab>option:Never[listbox×1|f=option:Never|h=Never]@430.5
chromium-dark-desktop › orbit-field select-down-shift-tab paced sample 6,orbit-field,select,select-down-shift-tab,select-down,paced,6,ArrowDown Shift+Tab,never | list closed | none | @combobox:Expires,0,0,ArrowDown>combobox:Expires[none|f=combobox:Expires|h=None]@36.9 ; Shift+Tab>option:Never[listbox×1|f=option:Never|h=Never]@392.2
chromium-dark-desktop › orbit-field select-down-shift-tab paced sample 7,orbit-field,select,select-down-shift-tab,select-down,paced,7,ArrowDown Shift+Tab,never | list closed | none | @combobox:Expires,0,0,ArrowDown>combobox:Expires[none|f=combobox:Expires|h=None]@38.4 ; Shift+Tab>option:Never[listbox×1|f=option:Never|h=Never]@377.2
chromium-dark-desktop › orbit-field select-down-shift-tab paced sample 8,orbit-field,select,select-down-shift-tab,select-down,paced,8,ArrowDown Shift+Tab,never | list closed | none | @combobox:Expires,0,0,ArrowDown>combobox:Expires[none|f=combobox:Expires|h=None]@38.1 ; Shift+Tab>option:Never[listbox×1|f=option:Never|h=Never]@375.7
chromium-dark-desktop › orbit-field select-down-shift-tab paced sample 9,orbit-field,select,select-down-shift-tab,select-down,paced,9,ArrowDown Shift+Tab,never | list closed | none | @combobox:Expires,0,0,ArrowDown>combobox:Expires[none|f=combobox:Expires|h=None]@28.5 ; Shift+Tab>option:Never[listbox×1|f=option:Never|h=Never]@415.4
chromium-dark-desktop › orbit-field select-down-shift-tab paced sample 10,orbit-field,select,select-down-shift-tab,select-down,paced,10,ArrowDown Shift+Tab,never | list closed | none | @combobox:Expires,0,0,ArrowDown>combobox:Expires[none|f=combobox:Expires|h=None]@37.4 ; Shift+Tab>option:Never[listbox×1|f=option:Never|h=Never]@379.8
chromium-dark-desktop › orbit-field select-down-shift-tab paced sample 11,orbit-field,select,select-down-shift-tab,select-down,paced,11,ArrowDown Shift+Tab,never | list closed | none | @combobox:Expires,0,0,ArrowDown>combobox:Expires[none|f=combobox:Expires|h=None]@35.8 ; Shift+Tab>option:Never[listbox×1|f=option:Never|h=Never]@371.2
chromium-dark-desktop › orbit-field select-down-shift-tab paced sample 12,orbit-field,select,select-down-shift-tab,select-down,paced,12,ArrowDown Shift+Tab,never | list closed | none | @combobox:Expires,0,0,ArrowDown>combobox:Expires[none|f=combobox:Expires|h=None]@46.8 ; Shift+Tab>option:Never[listbox×1|f=option:Never|h=Never]@409.2
chromium-dark-desktop › orbit-field select-down-shift-tab paced sample 13,orbit-field,select,select-down-shift-tab,select-down,paced,13,ArrowDown Shift+Tab,never | list closed | none | @combobox:Expires,0,0,ArrowDown>combobox:Expires[none|f=combobox:Expires|h=None]@31.5 ; Shift+Tab>option:Never[listbox×1|f=option:Never|h=Never]@374.9
chromium-dark-desktop › orbit-field select-down-shift-tab paced sample 14,orbit-field,select,select-down-shift-tab,select-down,paced,14,ArrowDown Shift+Tab,never | list closed | none | @combobox:Expires,0,0,ArrowDown>combobox:Expires[none|f=combobox:Expires|h=None]@30.9 ; Shift+Tab>option:Never[listbox×1|f=option:Never|h=Never]@366.1
chromium-dark-desktop › orbit-field select-down-shift-tab paced sample 15,orbit-field,select,select-down-shift-tab,select-down,paced,15,ArrowDown Shift+Tab,never | list closed | none | @combobox:Expires,0,0,ArrowDown>combobox:Expires[none|f=combobox:Expires|h=None]@32.6 ; Shift+Tab>option:Never[listbox×1|f=option:Never|h=Never]@375.6
chromium-dark-desktop › orbit-field select-down-shift-tab paced sample 16,orbit-field,select,select-down-shift-tab,select-down,paced,16,ArrowDown Shift+Tab,never | list closed | none | @combobox:Expires,0,0,ArrowDown>combobox:Expires[none|f=combobox:Expires|h=None]@34.6 ; Shift+Tab>option:Never[listbox×1|f=option:Never|h=Never]@390.5
chromium-dark-desktop › orbit-field select-down-shift-tab paced sample 17,orbit-field,select,select-down-shift-tab,select-down,paced,17,ArrowDown Shift+Tab,never | list closed | none | @combobox:Expires,0,0,ArrowDown>combobox:Expires[none|f=combobox:Expires|h=None]@31.4 ; Shift+Tab>option:Never[listbox×1|f=option:Never|h=Never]@358
chromium-dark-desktop › orbit-field select-down-shift-tab paced sample 18,orbit-field,select,select-down-shift-tab,select-down,paced,18,ArrowDown Shift+Tab,never | list closed | none | @combobox:Expires,0,0,ArrowDown>combobox:Expires[none|f=combobox:Expires|h=None]@35.3 ; Shift+Tab>option:Never[listbox×1|f=option:Never|h=Never]@358.5
chromium-dark-desktop › orbit-field select-down-shift-tab paced sample 19,orbit-field,select,select-down-shift-tab,select-down,paced,19,ArrowDown Shift+Tab,never | list closed | none | @combobox:Expires,0,0,ArrowDown>combobox:Expires[none|f=combobox:Expires|h=None]@38 ; Shift+Tab>option:Never[listbox×1|f=option:Never|h=Never]@367.5
chromium-dark-desktop › orbit-sample select-down-shift-tab burst sample 0,orbit-sample,select,select-down-shift-tab,select-down,burst,0,ArrowDown Shift+Tab,Never | list closed | none | @combobox:Sample choice,1,1,ArrowDown>combobox:Sample choice[none|f=combobox:Sample choice|h=None]@30.4 ; Shift+Tab>combobox:Sample choice[listbox×1|f=combobox:Sample choice|h=Never]@54 ; Shift+Tab*>option:Never[listbox×1|f=option:Never|h=Never]@55.1
chromium-dark-desktop › orbit-sample select-down-shift-tab burst sample 1,orbit-sample,select,select-down-shift-tab,select-down,burst,1,ArrowDown Shift+Tab,Never | list closed | none | @combobox:Sample choice,1,1,ArrowDown>combobox:Sample choice[none|f=combobox:Sample choice|h=None]@29.4 ; Shift+Tab>combobox:Sample choice[listbox×1|f=combobox:Sample choice|h=Never]@46.1 ; Shift+Tab*>option:Never[listbox×1|f=option:Never|h=Never]@46.7
chromium-dark-desktop › orbit-sample select-down-shift-tab burst sample 2,orbit-sample,select,select-down-shift-tab,select-down,burst,2,ArrowDown Shift+Tab,Never | list closed | none | @combobox:Sample choice,1,1,ArrowDown>combobox:Sample choice[none|f=combobox:Sample choice|h=None]@32.5 ; Shift+Tab>combobox:Sample choice[listbox×1|f=combobox:Sample choice|h=Never]@53 ; Shift+Tab*>option:Never[listbox×1|f=option:Never|h=Never]@53.7
chromium-dark-desktop › orbit-sample select-down-shift-tab burst sample 3,orbit-sample,select,select-down-shift-tab,select-down,burst,3,ArrowDown Shift+Tab,Never | list closed | none | @combobox:Sample choice,1,1,ArrowDown>combobox:Sample choice[none|f=combobox:Sample choice|h=None]@21.9 ; Shift+Tab>combobox:Sample choice[listbox×1|f=combobox:Sample choice|h=Never]@39.9 ; Shift+Tab*>option:Never[listbox×1|f=option:Never|h=Never]@40.4
chromium-dark-desktop › orbit-sample select-down-shift-tab burst sample 4,orbit-sample,select,select-down-shift-tab,select-down,burst,4,ArrowDown Shift+Tab,Never | list closed | none | @combobox:Sample choice,1,1,ArrowDown>combobox:Sample choice[none|f=combobox:Sample choice|h=None]@33.7 ; Shift+Tab>combobox:Sample choice[listbox×1|f=combobox:Sample choice|h=Never]@51.9 ; Shift+Tab*>option:Never[listbox×1|f=option:Never|h=Never]@52.5
chromium-dark-desktop › orbit-sample select-down-shift-tab burst sample 5,orbit-sample,select,select-down-shift-tab,select-down,burst,5,ArrowDown Shift+Tab,Never | list closed | none | @combobox:Sample choice,1,1,ArrowDown>combobox:Sample choice[none|f=combobox:Sample choice|h=None]@29.9 ; Shift+Tab>combobox:Sample choice[listbox×1|f=combobox:Sample choice|h=Never]@50.4 ; Shift+Tab*>option:Never[listbox×1|f=option:Never|h=Never]@51.1
chromium-dark-desktop › orbit-sample select-down-shift-tab burst sample 6,orbit-sample,select,select-down-shift-tab,select-down,burst,6,ArrowDown Shift+Tab,Never | list closed | none | @combobox:Sample choice,1,1,ArrowDown>combobox:Sample choice[none|f=combobox:Sample choice|h=None]@25.5 ; Shift+Tab>combobox:Sample choice[listbox×1|f=combobox:Sample choice|h=Never]@46.2 ; Shift+Tab*>option:Never[listbox×1|f=option:Never|h=Never]@47.4
chromium-dark-desktop › orbit-sample select-down-shift-tab burst sample 7,orbit-sample,select,select-down-shift-tab,select-down,burst,7,ArrowDown Shift+Tab,Never | list closed | none | @combobox:Sample choice,1,1,ArrowDown>combobox:Sample choice[none|f=combobox:Sample choice|h=None]@36.6 ; Shift+Tab>combobox:Sample choice[listbox×1|f=combobox:Sample choice|h=Never]@66 ; Shift+Tab*>option:Never[listbox×1|f=option:Never|h=Never]@67.1
chromium-dark-desktop › orbit-sample select-down-shift-tab burst sample 8,orbit-sample,select,select-down-shift-tab,select-down,burst,8,ArrowDown Shift+Tab,Never | list closed | none | @combobox:Sample choice,1,1,ArrowDown>combobox:Sample choice[none|f=combobox:Sample choice|h=None]@29.1 ; Shift+Tab>combobox:Sample choice[listbox×1|f=combobox:Sample choice|h=Never]@52.5 ; Shift+Tab*>option:Never[listbox×1|f=option:Never|h=Never]@53.1
chromium-dark-desktop › orbit-sample select-down-shift-tab burst sample 9,orbit-sample,select,select-down-shift-tab,select-down,burst,9,ArrowDown Shift+Tab,Never | list closed | none | @combobox:Sample choice,1,1,ArrowDown>combobox:Sample choice[none|f=combobox:Sample choice|h=None]@34.4 ; Shift+Tab>combobox:Sample choice[listbox×1|f=combobox:Sample choice|h=Never]@58.1 ; Shift+Tab*>option:Never[listbox×1|f=option:Never|h=Never]@59.1
chromium-dark-desktop › orbit-sample select-down-shift-tab burst sample 10,orbit-sample,select,select-down-shift-tab,select-down,burst,10,ArrowDown Shift+Tab,Never | list closed | none | @combobox:Sample choice,1,1,ArrowDown>combobox:Sample choice[none|f=combobox:Sample choice|h=None]@43.4 ; Shift+Tab>combobox:Sample choice[listbox×1|f=combobox:Sample choice|h=Never]@72.9 ; Shift+Tab*>option:Never[listbox×1|f=option:Never|h=Never]@73.8
chromium-dark-desktop › orbit-sample select-down-shift-tab burst sample 11,orbit-sample,select,select-down-shift-tab,select-down,burst,11,ArrowDown Shift+Tab,Never | list closed | none | @combobox:Sample choice,1,1,ArrowDown>combobox:Sample choice[none|f=combobox:Sample choice|h=None]@33 ; Shift+Tab>combobox:Sample choice[listbox×1|f=combobox:Sample choice|h=Never]@56.5 ; Shift+Tab*>option:Never[listbox×1|f=option:Never|h=Never]@57.2
chromium-dark-desktop › orbit-sample select-down-shift-tab burst sample 12,orbit-sample,select,select-down-shift-tab,select-down,burst,12,ArrowDown Shift+Tab,Never | list closed | none | @combobox:Sample choice,1,1,ArrowDown>combobox:Sample choice[none|f=combobox:Sample choice|h=None]@37 ; Shift+Tab>combobox:Sample choice[listbox×1|f=combobox:Sample choice|h=Never]@56 ; Shift+Tab*>option:Never[listbox×1|f=option:Never|h=Never]@56.6
chromium-dark-desktop › orbit-sample select-down-shift-tab burst sample 13,orbit-sample,select,select-down-shift-tab,select-down,burst,13,ArrowDown Shift+Tab,Never | list closed | none | @combobox:Sample choice,1,1,ArrowDown>combobox:Sample choice[none|f=combobox:Sample choice|h=None]@30.7 ; Shift+Tab>combobox:Sample choice[listbox×1|f=combobox:Sample choice|h=Never]@54.5 ; Shift+Tab*>option:Never[listbox×1|f=option:Never|h=Never]@55.2
chromium-dark-desktop › orbit-sample select-down-shift-tab burst sample 14,orbit-sample,select,select-down-shift-tab,select-down,burst,14,ArrowDown Shift+Tab,Never | list closed | none | @combobox:Sample choice,1,1,ArrowDown>combobox:Sample choice[none|f=combobox:Sample choice|h=None]@30 ; Shift+Tab>combobox:Sample choice[listbox×1|f=combobox:Sample choice|h=Never]@52.4 ; Shift+Tab*>option:Never[listbox×1|f=option:Never|h=Never]@53.2
chromium-dark-desktop › orbit-sample select-down-shift-tab burst sample 15,orbit-sample,select,select-down-shift-tab,select-down,burst,15,ArrowDown Shift+Tab,Never | list closed | none | @combobox:Sample choice,1,1,ArrowDown>combobox:Sample choice[none|f=combobox:Sample choice|h=None]@36.5 ; Shift+Tab>combobox:Sample choice[listbox×1|f=combobox:Sample choice|h=Never]@59.1 ; Shift+Tab*>option:Never[listbox×1|f=option:Never|h=Never]@59.7
chromium-dark-desktop › orbit-sample select-down-shift-tab burst sample 16,orbit-sample,select,select-down-shift-tab,select-down,burst,16,ArrowDown Shift+Tab,Never | list closed | none | @combobox:Sample choice,1,1,ArrowDown>combobox:Sample choice[none|f=combobox:Sample choice|h=None]@32.8 ; Shift+Tab>combobox:Sample choice[listbox×1|f=combobox:Sample choice|h=Never]@108.3 ; Shift+Tab*>option:Never[listbox×1|f=option:Never|h=Never]@108.9
chromium-dark-desktop › orbit-sample select-down-shift-tab burst sample 17,orbit-sample,select,select-down-shift-tab,select-down,burst,17,ArrowDown Shift+Tab,Never | list closed | none | @combobox:Sample choice,1,1,ArrowDown>combobox:Sample choice[none|f=combobox:Sample choice|h=None]@37.6 ; Shift+Tab>combobox:Sample choice[listbox×1|f=combobox:Sample choice|h=Never]@59.3 ; Shift+Tab*>option:Never[listbox×1|f=option:Never|h=Never]@59.8
chromium-dark-desktop › orbit-sample select-down-shift-tab burst sample 18,orbit-sample,select,select-down-shift-tab,select-down,burst,18,ArrowDown Shift+Tab,Never | list closed | none | @combobox:Sample choice,1,1,ArrowDown>combobox:Sample choice[none|f=combobox:Sample choice|h=None]@33.9 ; Shift+Tab>combobox:Sample choice[listbox×1|f=combobox:Sample choice|h=Never]@180.1 ; Shift+Tab*>option:Never[listbox×1|f=option:Never|h=Never]@180.9
chromium-dark-desktop › orbit-sample select-down-shift-tab burst sample 19,orbit-sample,select,select-down-shift-tab,select-down,burst,19,ArrowDown Shift+Tab,Never | list closed | none | @combobox:Sample choice,1,1,ArrowDown>combobox:Sample choice[none|f=combobox:Sample choice|h=None]@17.7 ; Shift+Tab>combobox:Sample choice[listbox×1|f=combobox:Sample choice|h=Never]@246.8 ; Shift+Tab*>option:Never[listbox×1|f=option:Never|h=Never]@247.5
chromium-dark-desktop › orbit-sample select-down-shift-tab paced sample 0,orbit-sample,select,select-down-shift-tab,select-down,paced,0,ArrowDown Shift+Tab,Never | list closed | none | @combobox:Sample choice,0,0,ArrowDown>combobox:Sample choice[none|f=combobox:Sample choice|h=None]@68.4 ; Shift+Tab>option:Never[listbox×1|f=option:Never|h=Never]@429.2
chromium-dark-desktop › orbit-sample select-down-shift-tab paced sample 1,orbit-sample,select,select-down-shift-tab,select-down,paced,1,ArrowDown Shift+Tab,Never | list closed | none | @combobox:Sample choice,0,0,ArrowDown>combobox:Sample choice[none|f=combobox:Sample choice|h=None]@73.4 ; Shift+Tab>option:Never[listbox×1|f=option:Never|h=Never]@492.3
chromium-dark-desktop › orbit-sample select-down-shift-tab paced sample 2,orbit-sample,select,select-down-shift-tab,select-down,paced,2,ArrowDown Shift+Tab,Never | list closed | none | @combobox:Sample choice,0,0,ArrowDown>combobox:Sample choice[none|f=combobox:Sample choice|h=None]@32.8 ; Shift+Tab>option:Never[listbox×1|f=option:Never|h=Never]@397.6
chromium-dark-desktop › orbit-sample select-down-shift-tab paced sample 3,orbit-sample,select,select-down-shift-tab,select-down,paced,3,ArrowDown Shift+Tab,Never | list closed | none | @combobox:Sample choice,0,0,ArrowDown>combobox:Sample choice[none|f=combobox:Sample choice|h=None]@45.3 ; Shift+Tab>option:Never[listbox×1|f=option:Never|h=Never]@443.5
chromium-dark-desktop › orbit-sample select-down-shift-tab paced sample 4,orbit-sample,select,select-down-shift-tab,select-down,paced,4,ArrowDown Shift+Tab,Never | list closed | none | @combobox:Sample choice,0,0,ArrowDown>combobox:Sample choice[none|f=combobox:Sample choice|h=None]@29.7 ; Shift+Tab>option:Never[listbox×1|f=option:Never|h=Never]@391.7
chromium-dark-desktop › orbit-sample select-down-shift-tab paced sample 5,orbit-sample,select,select-down-shift-tab,select-down,paced,5,ArrowDown Shift+Tab,Never | list closed | none | @combobox:Sample choice,0,0,ArrowDown>combobox:Sample choice[none|f=combobox:Sample choice|h=None]@41.9 ; Shift+Tab>option:Never[listbox×1|f=option:Never|h=Never]@391.8
chromium-dark-desktop › orbit-sample select-down-shift-tab paced sample 6,orbit-sample,select,select-down-shift-tab,select-down,paced,6,ArrowDown Shift+Tab,Never | list closed | none | @combobox:Sample choice,0,0,ArrowDown>combobox:Sample choice[none|f=combobox:Sample choice|h=None]@40.5 ; Shift+Tab>option:Never[listbox×1|f=option:Never|h=Never]@400.2
chromium-dark-desktop › orbit-sample select-down-shift-tab paced sample 7,orbit-sample,select,select-down-shift-tab,select-down,paced,7,ArrowDown Shift+Tab,Never | list closed | none | @combobox:Sample choice,0,0,ArrowDown>combobox:Sample choice[none|f=combobox:Sample choice|h=None]@34.3 ; Shift+Tab>option:Never[listbox×1|f=option:Never|h=Never]@381.9
chromium-dark-desktop › orbit-sample select-down-shift-tab paced sample 8,orbit-sample,select,select-down-shift-tab,select-down,paced,8,ArrowDown Shift+Tab,Never | list closed | none | @combobox:Sample choice,0,0,ArrowDown>combobox:Sample choice[none|f=combobox:Sample choice|h=None]@49.8 ; Shift+Tab>option:Never[listbox×1|f=option:Never|h=Never]@394.4
chromium-dark-desktop › orbit-sample select-down-shift-tab paced sample 9,orbit-sample,select,select-down-shift-tab,select-down,paced,9,ArrowDown Shift+Tab,Never | list closed | none | @combobox:Sample choice,0,0,ArrowDown>combobox:Sample choice[none|f=combobox:Sample choice|h=None]@34 ; Shift+Tab>option:Never[listbox×1|f=option:Never|h=Never]@430.1
chromium-dark-desktop › orbit-sample select-down-shift-tab paced sample 10,orbit-sample,select,select-down-shift-tab,select-down,paced,10,ArrowDown Shift+Tab,Never | list closed | none | @combobox:Sample choice,0,0,ArrowDown>combobox:Sample choice[none|f=combobox:Sample choice|h=None]@40.2 ; Shift+Tab>option:Never[listbox×1|f=option:Never|h=Never]@384
chromium-dark-desktop › orbit-sample select-down-shift-tab paced sample 11,orbit-sample,select,select-down-shift-tab,select-down,paced,11,ArrowDown Shift+Tab,Never | list closed | none | @combobox:Sample choice,0,0,ArrowDown>combobox:Sample choice[none|f=combobox:Sample choice|h=None]@41.9 ; Shift+Tab>option:Never[listbox×1|f=option:Never|h=Never]@386.2
chromium-dark-desktop › orbit-sample select-down-shift-tab paced sample 12,orbit-sample,select,select-down-shift-tab,select-down,paced,12,ArrowDown Shift+Tab,Never | list closed | none | @combobox:Sample choice,0,0,ArrowDown>combobox:Sample choice[none|f=combobox:Sample choice|h=None]@43.2 ; Shift+Tab>option:Never[listbox×1|f=option:Never|h=Never]@419
chromium-dark-desktop › orbit-sample select-down-shift-tab paced sample 13,orbit-sample,select,select-down-shift-tab,select-down,paced,13,ArrowDown Shift+Tab,Never | list closed | none | @combobox:Sample choice,0,0,ArrowDown>combobox:Sample choice[none|f=combobox:Sample choice|h=None]@36.5 ; Shift+Tab>option:Never[listbox×1|f=option:Never|h=Never]@397.3
chromium-dark-desktop › orbit-sample select-down-shift-tab paced sample 14,orbit-sample,select,select-down-shift-tab,select-down,paced,14,ArrowDown Shift+Tab,Never | list closed | none | @combobox:Sample choice,0,0,ArrowDown>combobox:Sample choice[none|f=combobox:Sample choice|h=None]@41.9 ; Shift+Tab>option:Never[listbox×1|f=option:Never|h=Never]@461.5
chromium-dark-desktop › orbit-sample select-down-shift-tab paced sample 15,orbit-sample,select,select-down-shift-tab,select-down,paced,15,ArrowDown Shift+Tab,Never | list closed | none | @combobox:Sample choice,0,0,ArrowDown>combobox:Sample choice[none|f=combobox:Sample choice|h=None]@45.2 ; Shift+Tab>option:Never[listbox×1|f=option:Never|h=Never]@387.7
chromium-dark-desktop › orbit-sample select-down-shift-tab paced sample 16,orbit-sample,select,select-down-shift-tab,select-down,paced,16,ArrowDown Shift+Tab,Never | list closed | none | @combobox:Sample choice,0,0,ArrowDown>combobox:Sample choice[none|f=combobox:Sample choice|h=None]@35.8 ; Shift+Tab>option:Never[listbox×1|f=option:Never|h=Never]@382.2
chromium-dark-desktop › orbit-sample select-down-shift-tab paced sample 17,orbit-sample,select,select-down-shift-tab,select-down,paced,17,ArrowDown Shift+Tab,Never | list closed | none | @combobox:Sample choice,0,0,ArrowDown>combobox:Sample choice[none|f=combobox:Sample choice|h=None]@37.9 ; Shift+Tab>option:Never[listbox×1|f=option:Never|h=Never]@396.8
chromium-dark-desktop › orbit-sample select-down-shift-tab paced sample 18,orbit-sample,select,select-down-shift-tab,select-down,paced,18,ArrowDown Shift+Tab,Never | list closed | none | @combobox:Sample choice,0,0,ArrowDown>combobox:Sample choice[none|f=combobox:Sample choice|h=None]@34.3 ; Shift+Tab>option:Never[listbox×1|f=option:Never|h=Never]@376.4
chromium-dark-desktop › orbit-sample select-down-shift-tab paced sample 19,orbit-sample,select,select-down-shift-tab,select-down,paced,19,ArrowDown Shift+Tab,Never | list closed | none | @combobox:Sample choice,0,0,ArrowDown>combobox:Sample choice[none|f=combobox:Sample choice|h=None]@30.9 ; Shift+Tab>option:Never[listbox×1|f=option:Never|h=Never]@390.3
chromium-dark-desktop › orbit-field select-down-down-tab burst sample 0,orbit-field,select,select-down-down-tab,select-down-down,burst,0,ArrowDown ArrowDown Tab,never | list closed | none | @combobox:Workspace,1,1,ArrowDown>combobox:Expires[none|f=combobox:Expires|h=None]@39.1 ; ArrowDown>combobox:Expires[listbox×1|f=combobox:Expires|h=Never]@67.9 ; ArrowDown*>option:Never[listbox×1|f=option:Never|h=Never]@68.6 ; Tab>option:7 days[listbox×1|f=option:7 days|h=7 days]@70.6
chromium-dark-desktop › orbit-field select-down-down-tab burst sample 1,orbit-field,select,select-down-down-tab,select-down-down,burst,1,ArrowDown ArrowDown Tab,never | list closed | none | @combobox:Workspace,1,1,ArrowDown>combobox:Expires[none|f=combobox:Expires|h=None]@35.6 ; ArrowDown>combobox:Expires[listbox×1|f=combobox:Expires|h=Never]@57.4 ; ArrowDown*>option:Never[listbox×1|f=option:Never|h=Never]@58.1 ; Tab>option:7 days[listbox×1|f=option:7 days|h=7 days]@60.1
chromium-dark-desktop › orbit-field select-down-down-tab burst sample 2,orbit-field,select,select-down-down-tab,select-down-down,burst,2,ArrowDown ArrowDown Tab,never | list closed | none | @combobox:Workspace,1,1,ArrowDown>combobox:Expires[none|f=combobox:Expires|h=None]@30.3 ; ArrowDown>combobox:Expires[listbox×1|f=combobox:Expires|h=Never]@61 ; ArrowDown*>option:Never[listbox×1|f=option:Never|h=Never]@62 ; Tab>option:7 days[listbox×1|f=option:7 days|h=7 days]@64.8
chromium-dark-desktop › orbit-field select-down-down-tab burst sample 3,orbit-field,select,select-down-down-tab,select-down-down,burst,3,ArrowDown ArrowDown Tab,never | list closed | none | @combobox:Workspace,1,1,ArrowDown>combobox:Expires[none|f=combobox:Expires|h=None]@44.3 ; ArrowDown>combobox:Expires[listbox×1|f=combobox:Expires|h=Never]@88.3 ; ArrowDown*>option:Never[listbox×1|f=option:Never|h=Never]@89.2 ; Tab>option:7 days[listbox×1|f=option:7 days|h=7 days]@92.9
chromium-dark-desktop › orbit-field select-down-down-tab burst sample 4,orbit-field,select,select-down-down-tab,select-down-down,burst,4,ArrowDown ArrowDown Tab,never | list closed | none | @combobox:Workspace,1,1,ArrowDown>combobox:Expires[none|f=combobox:Expires|h=None]@33.9 ; ArrowDown>combobox:Expires[listbox×1|f=combobox:Expires|h=Never]@56.2 ; ArrowDown*>option:Never[listbox×1|f=option:Never|h=Never]@56.8 ; Tab>option:7 days[listbox×1|f=option:7 days|h=7 days]@59.6
chromium-dark-desktop › orbit-field select-down-down-tab burst sample 5,orbit-field,select,select-down-down-tab,select-down-down,burst,5,ArrowDown ArrowDown Tab,never | list closed | none | @combobox:Workspace,1,1,ArrowDown>combobox:Expires[none|f=combobox:Expires|h=None]@42.8 ; ArrowDown>combobox:Expires[listbox×1|f=combobox:Expires|h=Never]@85.3 ; ArrowDown*>option:Never[listbox×1|f=option:Never|h=Never]@86.1 ; Tab>option:7 days[listbox×1|f=option:7 days|h=7 days]@90
chromium-dark-desktop › orbit-field select-down-down-tab burst sample 6,orbit-field,select,select-down-down-tab,select-down-down,burst,6,ArrowDown ArrowDown Tab,never | list closed | none | @combobox:Workspace,1,1,ArrowDown>combobox:Expires[none|f=combobox:Expires|h=None]@37.1 ; ArrowDown>combobox:Expires[listbox×1|f=combobox:Expires|h=Never]@59.9 ; ArrowDown*>option:Never[listbox×1|f=option:Never|h=Never]@60.5 ; Tab>option:7 days[listbox×1|f=option:7 days|h=7 days]@62.3
chromium-dark-desktop › orbit-field select-down-down-tab burst sample 7,orbit-field,select,select-down-down-tab,select-down-down,burst,7,ArrowDown ArrowDown Tab,never | list closed | none | @combobox:Workspace,1,1,ArrowDown>combobox:Expires[none|f=combobox:Expires|h=None]@39.4 ; ArrowDown>combobox:Expires[listbox×1|f=combobox:Expires|h=Never]@84.9 ; ArrowDown*>option:Never[listbox×1|f=option:Never|h=Never]@85.8 ; Tab>option:7 days[listbox×1|f=option:7 days|h=7 days]@88.4
chromium-dark-desktop › orbit-field select-down-down-tab burst sample 8,orbit-field,select,select-down-down-tab,select-down-down,burst,8,ArrowDown ArrowDown Tab,never | list closed | none | @combobox:Workspace,1,1,ArrowDown>combobox:Expires[none|f=combobox:Expires|h=None]@35.9 ; ArrowDown>combobox:Expires[listbox×1|f=combobox:Expires|h=Never]@64.5 ; ArrowDown*>option:Never[listbox×1|f=option:Never|h=Never]@65.4 ; Tab>option:7 days[listbox×1|f=option:7 days|h=7 days]@68
chromium-dark-desktop › orbit-field select-down-down-tab burst sample 9,orbit-field,select,select-down-down-tab,select-down-down,burst,9,ArrowDown ArrowDown Tab,never | list closed | none | @combobox:Workspace,1,1,ArrowDown>combobox:Expires[none|f=combobox:Expires|h=None]@26.3 ; ArrowDown>combobox:Expires[listbox×1|f=combobox:Expires|h=Never]@47.9 ; ArrowDown*>option:Never[listbox×1|f=option:Never|h=Never]@48.5 ; Tab>option:7 days[listbox×1|f=option:7 days|h=7 days]@50.5
chromium-dark-desktop › orbit-field select-down-down-tab burst sample 10,orbit-field,select,select-down-down-tab,select-down-down,burst,10,ArrowDown ArrowDown Tab,never | list closed | none | @combobox:Workspace,1,1,ArrowDown>combobox:Expires[none|f=combobox:Expires|h=None]@35.7 ; ArrowDown>combobox:Expires[listbox×1|f=combobox:Expires|h=Never]@63.5 ; ArrowDown*>option:Never[listbox×1|f=option:Never|h=Never]@64.3 ; Tab>option:7 days[listbox×1|f=option:7 days|h=7 days]@66.3
chromium-dark-desktop › orbit-field select-down-down-tab burst sample 11,orbit-field,select,select-down-down-tab,select-down-down,burst,11,ArrowDown ArrowDown Tab,never | list closed | none | @combobox:Workspace,1,1,ArrowDown>combobox:Expires[none|f=combobox:Expires|h=None]@28.8 ; ArrowDown>combobox:Expires[listbox×1|f=combobox:Expires|h=Never]@53.3 ; ArrowDown*>option:Never[listbox×1|f=option:Never|h=Never]@54 ; Tab>option:7 days[listbox×1|f=option:7 days|h=7 days]@56.2
chromium-dark-desktop › orbit-field select-down-down-tab burst sample 12,orbit-field,select,select-down-down-tab,select-down-down,burst,12,ArrowDown ArrowDown Tab,never | list closed | none | @combobox:Workspace,1,1,ArrowDown>combobox:Expires[none|f=combobox:Expires|h=None]@31.1 ; ArrowDown>combobox:Expires[listbox×1|f=combobox:Expires|h=Never]@50.2 ; ArrowDown*>option:Never[listbox×1|f=option:Never|h=Never]@50.9 ; Tab>option:7 days[listbox×1|f=option:7 days|h=7 days]@52.7
chromium-dark-desktop › orbit-field select-down-down-tab burst sample 13,orbit-field,select,select-down-down-tab,select-down-down,burst,13,ArrowDown ArrowDown Tab,never | list closed | none | @combobox:Workspace,1,1,ArrowDown>combobox:Expires[none|f=combobox:Expires|h=None]@26.9 ; ArrowDown>combobox:Expires[listbox×1|f=combobox:Expires|h=Never]@50.8 ; ArrowDown*>option:Never[listbox×1|f=option:Never|h=Never]@51.6 ; Tab>option:7 days[listbox×1|f=option:7 days|h=7 days]@54.2
chromium-dark-desktop › orbit-field select-down-down-tab burst sample 14,orbit-field,select,select-down-down-tab,select-down-down,burst,14,ArrowDown ArrowDown Tab,never | list closed | none | @combobox:Workspace,1,1,ArrowDown>combobox:Expires[none|f=combobox:Expires|h=None]@30.2 ; ArrowDown>combobox:Expires[listbox×1|f=combobox:Expires|h=Never]@59.1 ; ArrowDown*>option:Never[listbox×1|f=option:Never|h=Never]@60.1 ; Tab>option:7 days[listbox×1|f=option:7 days|h=7 days]@65.6
chromium-dark-desktop › orbit-field select-down-down-tab burst sample 15,orbit-field,select,select-down-down-tab,select-down-down,burst,15,ArrowDown ArrowDown Tab,never | list closed | none | @combobox:Workspace,1,1,ArrowDown>combobox:Expires[none|f=combobox:Expires|h=None]@31.1 ; ArrowDown>combobox:Expires[listbox×1|f=combobox:Expires|h=Never]@52.6 ; ArrowDown*>option:Never[listbox×1|f=option:Never|h=Never]@53.4 ; Tab>option:7 days[listbox×1|f=option:7 days|h=7 days]@55.4
chromium-dark-desktop › orbit-field select-down-down-tab burst sample 16,orbit-field,select,select-down-down-tab,select-down-down,burst,16,ArrowDown ArrowDown Tab,never | list closed | none | @combobox:Workspace,1,1,ArrowDown>combobox:Expires[none|f=combobox:Expires|h=None]@28.9 ; ArrowDown>combobox:Expires[listbox×1|f=combobox:Expires|h=Never]@52.2 ; ArrowDown*>option:Never[listbox×1|f=option:Never|h=Never]@52.8 ; Tab>option:7 days[listbox×1|f=option:7 days|h=7 days]@54.9
chromium-dark-desktop › orbit-field select-down-down-tab burst sample 17,orbit-field,select,select-down-down-tab,select-down-down,burst,17,ArrowDown ArrowDown Tab,never | list closed | none | @combobox:Workspace,1,1,ArrowDown>combobox:Expires[none|f=combobox:Expires|h=None]@27.9 ; ArrowDown>combobox:Expires[listbox×1|f=combobox:Expires|h=Never]@46.7 ; ArrowDown*>option:Never[listbox×1|f=option:Never|h=Never]@47.2 ; Tab>option:7 days[listbox×1|f=option:7 days|h=7 days]@49.2
chromium-dark-desktop › orbit-field select-down-down-tab burst sample 18,orbit-field,select,select-down-down-tab,select-down-down,burst,18,ArrowDown ArrowDown Tab,never | list closed | none | @combobox:Workspace,1,1,ArrowDown>combobox:Expires[none|f=combobox:Expires|h=None]@41.6 ; ArrowDown>combobox:Expires[listbox×1|f=combobox:Expires|h=Never]@61.3 ; ArrowDown*>option:Never[listbox×1|f=option:Never|h=Never]@61.9 ; Tab>option:7 days[listbox×1|f=option:7 days|h=7 days]@63.8
chromium-dark-desktop › orbit-field select-down-down-tab burst sample 19,orbit-field,select,select-down-down-tab,select-down-down,burst,19,ArrowDown ArrowDown Tab,never | list closed | none | @combobox:Workspace,1,1,ArrowDown>combobox:Expires[none|f=combobox:Expires|h=None]@47.3 ; ArrowDown>combobox:Expires[listbox×1|f=combobox:Expires|h=Never]@73.8 ; ArrowDown*>option:Never[listbox×1|f=option:Never|h=Never]@74.6 ; Tab>option:7 days[listbox×1|f=option:7 days|h=7 days]@76.9
chromium-dark-desktop › orbit-field select-down-down-tab paced sample 0,orbit-field,select,select-down-down-tab,select-down-down,paced,0,ArrowDown ArrowDown Tab,never | list closed | none | @combobox:Workspace,0,0,ArrowDown>combobox:Expires[none|f=combobox:Expires|h=None]@25.2 ; ArrowDown>option:Never[listbox×1|f=option:Never|h=Never]@362.8 ; Tab>option:7 days[listbox×1|f=option:7 days|h=7 days]@689
chromium-dark-desktop › orbit-field select-down-down-tab paced sample 1,orbit-field,select,select-down-down-tab,select-down-down,paced,1,ArrowDown ArrowDown Tab,never | list closed | none | @combobox:Workspace,0,0,ArrowDown>combobox:Expires[none|f=combobox:Expires|h=None]@31.8 ; ArrowDown>option:Never[listbox×1|f=option:Never|h=Never]@358.9 ; Tab>option:7 days[listbox×1|f=option:7 days|h=7 days]@676.6
chromium-dark-desktop › orbit-field select-down-down-tab paced sample 2,orbit-field,select,select-down-down-tab,select-down-down,paced,2,ArrowDown ArrowDown Tab,never | list closed | none | @combobox:Workspace,0,0,ArrowDown>combobox:Expires[none|f=combobox:Expires|h=None]@26.1 ; ArrowDown>option:Never[listbox×1|f=option:Never|h=Never]@370.3 ; Tab>option:7 days[listbox×1|f=option:7 days|h=7 days]@678.4
chromium-dark-desktop › orbit-field select-down-down-tab paced sample 3,orbit-field,select,select-down-down-tab,select-down-down,paced,3,ArrowDown ArrowDown Tab,never | list closed | none | @combobox:Workspace,0,0,ArrowDown>combobox:Expires[none|f=combobox:Expires|h=None]@38.5 ; ArrowDown>option:Never[listbox×1|f=option:Never|h=Never]@377.6 ; Tab>option:7 days[listbox×1|f=option:7 days|h=7 days]@687.5
chromium-dark-desktop › orbit-field select-down-down-tab paced sample 4,orbit-field,select,select-down-down-tab,select-down-down,paced,4,ArrowDown ArrowDown Tab,never | list closed | none | @combobox:Workspace,0,0,ArrowDown>combobox:Expires[none|f=combobox:Expires|h=None]@35.5 ; ArrowDown>option:Never[listbox×1|f=option:Never|h=Never]@392.2 ; Tab>option:7 days[listbox×1|f=option:7 days|h=7 days]@700.9
chromium-dark-desktop › orbit-field select-down-down-tab paced sample 5,orbit-field,select,select-down-down-tab,select-down-down,paced,5,ArrowDown ArrowDown Tab,never | list closed | none | @combobox:Workspace,0,0,ArrowDown>combobox:Expires[none|f=combobox:Expires|h=None]@29.6 ; ArrowDown>option:Never[listbox×1|f=option:Never|h=Never]@367.4 ; Tab>option:7 days[listbox×1|f=option:7 days|h=7 days]@696.1
chromium-dark-desktop › orbit-field select-down-down-tab paced sample 6,orbit-field,select,select-down-down-tab,select-down-down,paced,6,ArrowDown ArrowDown Tab,never | list closed | none | @combobox:Workspace,0,0,ArrowDown>combobox:Expires[none|f=combobox:Expires|h=None]@55 ; ArrowDown>option:Never[listbox×1|f=option:Never|h=Never]@419.6 ; Tab>option:7 days[listbox×1|f=option:7 days|h=7 days]@736.8
chromium-dark-desktop › orbit-field select-down-down-tab paced sample 7,orbit-field,select,select-down-down-tab,select-down-down,paced,7,ArrowDown ArrowDown Tab,never | list closed | none | @combobox:Workspace,0,0,ArrowDown>combobox:Expires[none|f=combobox:Expires|h=None]@46.1 ; ArrowDown>option:Never[listbox×1|f=option:Never|h=Never]@398.3 ; Tab>option:7 days[listbox×1|f=option:7 days|h=7 days]@709.1
chromium-dark-desktop › orbit-field select-down-down-tab paced sample 8,orbit-field,select,select-down-down-tab,select-down-down,paced,8,ArrowDown ArrowDown Tab,never | list closed | none | @combobox:Workspace,0,0,ArrowDown>combobox:Expires[none|f=combobox:Expires|h=None]@30.9 ; ArrowDown>option:Never[listbox×1|f=option:Never|h=Never]@361.2 ; Tab>option:7 days[listbox×1|f=option:7 days|h=7 days]@671.3
chromium-dark-desktop › orbit-field select-down-down-tab paced sample 9,orbit-field,select,select-down-down-tab,select-down-down,paced,9,ArrowDown ArrowDown Tab,never | list closed | none | @combobox:Workspace,0,0,ArrowDown>combobox:Expires[none|f=combobox:Expires|h=None]@29.2 ; ArrowDown>option:Never[listbox×1|f=option:Never|h=Never]@363.5 ; Tab>option:7 days[listbox×1|f=option:7 days|h=7 days]@677.1
chromium-dark-desktop › orbit-field select-down-down-tab paced sample 10,orbit-field,select,select-down-down-tab,select-down-down,paced,10,ArrowDown ArrowDown Tab,never | list closed | none | @combobox:Workspace,0,0,ArrowDown>combobox:Expires[none|f=combobox:Expires|h=None]@42.4 ; ArrowDown>option:Never[listbox×1|f=option:Never|h=Never]@380.5 ; Tab>option:7 days[listbox×1|f=option:7 days|h=7 days]@698.7
chromium-dark-desktop › orbit-field select-down-down-tab paced sample 11,orbit-field,select,select-down-down-tab,select-down-down,paced,11,ArrowDown ArrowDown Tab,never | list closed | none | @combobox:Workspace,0,0,ArrowDown>combobox:Expires[none|f=combobox:Expires|h=None]@25 ; ArrowDown>option:Never[listbox×1|f=option:Never|h=Never]@366.1 ; Tab>option:7 days[listbox×1|f=option:7 days|h=7 days]@674.8
chromium-dark-desktop › orbit-field select-down-down-tab paced sample 12,orbit-field,select,select-down-down-tab,select-down-down,paced,12,ArrowDown ArrowDown Tab,never | list closed | none | @combobox:Workspace,0,0,ArrowDown>combobox:Expires[none|f=combobox:Expires|h=None]@26.1 ; ArrowDown>option:Never[listbox×1|f=option:Never|h=Never]@368.5 ; Tab>option:7 days[listbox×1|f=option:7 days|h=7 days]@685.9
chromium-dark-desktop › orbit-field select-down-down-tab paced sample 13,orbit-field,select,select-down-down-tab,select-down-down,paced,13,ArrowDown ArrowDown Tab,never | list closed | none | @combobox:Workspace,0,0,ArrowDown>combobox:Expires[none|f=combobox:Expires|h=None]@31.3 ; ArrowDown>option:Never[listbox×1|f=option:Never|h=Never]@358.6 ; Tab>option:7 days[listbox×1|f=option:7 days|h=7 days]@684.9
chromium-dark-desktop › orbit-field select-down-down-tab paced sample 14,orbit-field,select,select-down-down-tab,select-down-down,paced,14,ArrowDown ArrowDown Tab,never | list closed | none | @combobox:Workspace,0,0,ArrowDown>combobox:Expires[none|f=combobox:Expires|h=None]@34.4 ; ArrowDown>option:Never[listbox×1|f=option:Never|h=Never]@373.1 ; Tab>option:7 days[listbox×1|f=option:7 days|h=7 days]@682.9
chromium-dark-desktop › orbit-field select-down-down-tab paced sample 15,orbit-field,select,select-down-down-tab,select-down-down,paced,15,ArrowDown ArrowDown Tab,never | list closed | none | @combobox:Workspace,0,0,ArrowDown>combobox:Expires[none|f=combobox:Expires|h=None]@27.8 ; ArrowDown>option:Never[listbox×1|f=option:Never|h=Never]@357.7 ; Tab>option:7 days[listbox×1|f=option:7 days|h=7 days]@665.6
chromium-dark-desktop › orbit-field select-down-down-tab paced sample 16,orbit-field,select,select-down-down-tab,select-down-down,paced,16,ArrowDown ArrowDown Tab,never | list closed | none | @combobox:Workspace,0,0,ArrowDown>combobox:Expires[none|f=combobox:Expires|h=None]@25.9 ; ArrowDown>option:Never[listbox×1|f=option:Never|h=Never]@357.6 ; Tab>option:7 days[listbox×1|f=option:7 days|h=7 days]@679.5
chromium-dark-desktop › orbit-field select-down-down-tab paced sample 17,orbit-field,select,select-down-down-tab,select-down-down,paced,17,ArrowDown ArrowDown Tab,never | list closed | none | @combobox:Workspace,0,0,ArrowDown>combobox:Expires[none|f=combobox:Expires|h=None]@24.3 ; ArrowDown>option:Never[listbox×1|f=option:Never|h=Never]@353.9 ; Tab>option:7 days[listbox×1|f=option:7 days|h=7 days]@669
chromium-dark-desktop › orbit-field select-down-down-tab paced sample 18,orbit-field,select,select-down-down-tab,select-down-down,paced,18,ArrowDown ArrowDown Tab,never | list closed | none | @combobox:Workspace,0,0,ArrowDown>combobox:Expires[none|f=combobox:Expires|h=None]@33.4 ; ArrowDown>option:Never[listbox×1|f=option:Never|h=Never]@391.4 ; Tab>option:7 days[listbox×1|f=option:7 days|h=7 days]@822.1
chromium-dark-desktop › orbit-field select-down-down-tab paced sample 19,orbit-field,select,select-down-down-tab,select-down-down,paced,19,ArrowDown ArrowDown Tab,never | list closed | none | @combobox:Workspace,0,0,ArrowDown>combobox:Expires[none|f=combobox:Expires|h=None]@32.3 ; ArrowDown>option:Never[listbox×1|f=option:Never|h=Never]@365.4 ; Tab>option:7 days[listbox×1|f=option:7 days|h=7 days]@691.1
chromium-dark-desktop › orbit-sample select-down-down-tab burst sample 0,orbit-sample,select,select-down-down-tab,select-down-down,burst,0,ArrowDown ArrowDown Tab,Never | list closed | none | @combobox:Sample choice,1,1,ArrowDown>combobox:Sample choice[none|f=combobox:Sample choice|h=None]@33.1 ; ArrowDown>combobox:Sample choice[listbox×1|f=combobox:Sample choice|h=Never]@52 ; ArrowDown*>option:Never[listbox×1|f=option:Never|h=Never]@52.7 ; Tab>option:7 days[listbox×1|f=option:7 days|h=7 days]@54.6
chromium-dark-desktop › orbit-sample select-down-down-tab burst sample 1,orbit-sample,select,select-down-down-tab,select-down-down,burst,1,ArrowDown ArrowDown Tab,Never | list closed | none | @combobox:Sample choice,1,1,ArrowDown>combobox:Sample choice[none|f=combobox:Sample choice|h=None]@24.6 ; ArrowDown>combobox:Sample choice[listbox×1|f=combobox:Sample choice|h=Never]@50.5 ; ArrowDown*>option:Never[listbox×1|f=option:Never|h=Never]@51.2 ; Tab>option:7 days[listbox×1|f=option:7 days|h=7 days]@53.7
chromium-dark-desktop › orbit-sample select-down-down-tab burst sample 2,orbit-sample,select,select-down-down-tab,select-down-down,burst,2,ArrowDown ArrowDown Tab,Never | list closed | none | @combobox:Sample choice,1,1,ArrowDown>combobox:Sample choice[none|f=combobox:Sample choice|h=None]@25.4 ; ArrowDown>combobox:Sample choice[listbox×1|f=combobox:Sample choice|h=Never]@46.5 ; ArrowDown*>option:Never[listbox×1|f=option:Never|h=Never]@47.3 ; Tab>option:7 days[listbox×1|f=option:7 days|h=7 days]@49.3
chromium-dark-desktop › orbit-sample select-down-down-tab burst sample 3,orbit-sample,select,select-down-down-tab,select-down-down,burst,3,ArrowDown ArrowDown Tab,Never | list closed | none | @combobox:Sample choice,1,1,ArrowDown>combobox:Sample choice[none|f=combobox:Sample choice|h=None]@28.1 ; ArrowDown>combobox:Sample choice[listbox×1|f=combobox:Sample choice|h=Never]@49.9 ; ArrowDown*>option:Never[listbox×1|f=option:Never|h=Never]@50.6 ; Tab>option:7 days[listbox×1|f=option:7 days|h=7 days]@52.6
chromium-dark-desktop › orbit-sample select-down-down-tab burst sample 4,orbit-sample,select,select-down-down-tab,select-down-down,burst,4,ArrowDown ArrowDown Tab,Never | list closed | none | @combobox:Sample choice,1,1,ArrowDown>combobox:Sample choice[none|f=combobox:Sample choice|h=None]@21.6 ; ArrowDown>combobox:Sample choice[listbox×1|f=combobox:Sample choice|h=Never]@39.2 ; ArrowDown*>option:Never[listbox×1|f=option:Never|h=Never]@39.7 ; Tab>option:7 days[listbox×1|f=option:7 days|h=7 days]@41.1
chromium-dark-desktop › orbit-sample select-down-down-tab burst sample 5,orbit-sample,select,select-down-down-tab,select-down-down,burst,5,ArrowDown ArrowDown Tab,Never | list closed | none | @combobox:Sample choice,1,1,ArrowDown>combobox:Sample choice[none|f=combobox:Sample choice|h=None]@25.9 ; ArrowDown>combobox:Sample choice[listbox×1|f=combobox:Sample choice|h=Never]@47.8 ; ArrowDown*>option:Never[listbox×1|f=option:Never|h=Never]@48.4 ; Tab>option:7 days[listbox×1|f=option:7 days|h=7 days]@50.5
chromium-dark-desktop › orbit-sample select-down-down-tab burst sample 6,orbit-sample,select,select-down-down-tab,select-down-down,burst,6,ArrowDown ArrowDown Tab,Never | list closed | none | @combobox:Sample choice,1,1,ArrowDown>combobox:Sample choice[none|f=combobox:Sample choice|h=None]@30 ; ArrowDown>combobox:Sample choice[listbox×1|f=combobox:Sample choice|h=Never]@50.4 ; ArrowDown*>option:Never[listbox×1|f=option:Never|h=Never]@51.1 ; Tab>option:7 days[listbox×1|f=option:7 days|h=7 days]@52.8
chromium-dark-desktop › orbit-sample select-down-down-tab burst sample 7,orbit-sample,select,select-down-down-tab,select-down-down,burst,7,ArrowDown ArrowDown Tab,Never | list closed | none | @combobox:Sample choice,1,1,ArrowDown>combobox:Sample choice[none|f=combobox:Sample choice|h=None]@36.8 ; ArrowDown>combobox:Sample choice[listbox×1|f=combobox:Sample choice|h=Never]@56.6 ; ArrowDown*>option:Never[listbox×1|f=option:Never|h=Never]@57.1 ; Tab>option:7 days[listbox×1|f=option:7 days|h=7 days]@58.7
chromium-dark-desktop › orbit-sample select-down-down-tab burst sample 8,orbit-sample,select,select-down-down-tab,select-down-down,burst,8,ArrowDown ArrowDown Tab,Never | list closed | none | @combobox:Sample choice,1,1,ArrowDown>combobox:Sample choice[none|f=combobox:Sample choice|h=None]@38.2 ; ArrowDown>combobox:Sample choice[listbox×1|f=combobox:Sample choice|h=Never]@58.4 ; ArrowDown*>option:Never[listbox×1|f=option:Never|h=Never]@59.2 ; Tab>option:7 days[listbox×1|f=option:7 days|h=7 days]@61.4
chromium-dark-desktop › orbit-sample select-down-down-tab burst sample 9,orbit-sample,select,select-down-down-tab,select-down-down,burst,9,ArrowDown ArrowDown Tab,Never | list closed | none | @combobox:Sample choice,1,1,ArrowDown>combobox:Sample choice[none|f=combobox:Sample choice|h=None]@33.9 ; ArrowDown>combobox:Sample choice[listbox×1|f=combobox:Sample choice|h=Never]@52.4 ; ArrowDown*>option:Never[listbox×1|f=option:Never|h=Never]@53 ; Tab>option:7 days[listbox×1|f=option:7 days|h=7 days]@54.6
chromium-dark-desktop › orbit-sample select-down-down-tab burst sample 10,orbit-sample,select,select-down-down-tab,select-down-down,burst,10,ArrowDown ArrowDown Tab,Never | list closed | none | @combobox:Sample choice,1,1,ArrowDown>combobox:Sample choice[none|f=combobox:Sample choice|h=None]@29.1 ; ArrowDown>combobox:Sample choice[listbox×1|f=combobox:Sample choice|h=Never]@51.1 ; ArrowDown*>option:Never[listbox×1|f=option:Never|h=Never]@51.9 ; Tab>option:7 days[listbox×1|f=option:7 days|h=7 days]@53.7
chromium-dark-desktop › orbit-sample select-down-down-tab burst sample 11,orbit-sample,select,select-down-down-tab,select-down-down,burst,11,ArrowDown ArrowDown Tab,Never | list closed | none | @combobox:Sample choice,1,1,ArrowDown>combobox:Sample choice[none|f=combobox:Sample choice|h=None]@30.8 ; ArrowDown>combobox:Sample choice[listbox×1|f=combobox:Sample choice|h=Never]@51.6 ; ArrowDown*>option:Never[listbox×1|f=option:Never|h=Never]@52.2 ; Tab>option:7 days[listbox×1|f=option:7 days|h=7 days]@54.4
chromium-dark-desktop › orbit-sample select-down-down-tab burst sample 12,orbit-sample,select,select-down-down-tab,select-down-down,burst,12,ArrowDown ArrowDown Tab,Never | list closed | none | @combobox:Sample choice,1,1,ArrowDown>combobox:Sample choice[none|f=combobox:Sample choice|h=None]@27.3 ; ArrowDown>combobox:Sample choice[listbox×1|f=combobox:Sample choice|h=Never]@46.1 ; ArrowDown*>option:Never[listbox×1|f=option:Never|h=Never]@46.6 ; Tab>option:7 days[listbox×1|f=option:7 days|h=7 days]@48.2
chromium-dark-desktop › orbit-sample select-down-down-tab burst sample 13,orbit-sample,select,select-down-down-tab,select-down-down,burst,13,ArrowDown ArrowDown Tab,Never | list closed | none | @combobox:Sample choice,1,1,ArrowDown>combobox:Sample choice[none|f=combobox:Sample choice|h=None]@29.3 ; ArrowDown>combobox:Sample choice[listbox×1|f=combobox:Sample choice|h=Never]@49.6 ; ArrowDown*>option:Never[listbox×1|f=option:Never|h=Never]@50.2 ; Tab>option:7 days[listbox×1|f=option:7 days|h=7 days]@51.8
chromium-dark-desktop › orbit-sample select-down-down-tab burst sample 14,orbit-sample,select,select-down-down-tab,select-down-down,burst,14,ArrowDown ArrowDown Tab,Never | list closed | none | @combobox:Sample choice,1,1,ArrowDown>combobox:Sample choice[none|f=combobox:Sample choice|h=None]@24.3 ; ArrowDown>combobox:Sample choice[listbox×1|f=combobox:Sample choice|h=Never]@44.4 ; ArrowDown*>option:Never[listbox×1|f=option:Never|h=Never]@45.1 ; Tab>option:7 days[listbox×1|f=option:7 days|h=7 days]@47.2
chromium-dark-desktop › orbit-sample select-down-down-tab burst sample 15,orbit-sample,select,select-down-down-tab,select-down-down,burst,15,ArrowDown ArrowDown Tab,Never | list closed | none | @combobox:Sample choice,1,1,ArrowDown>combobox:Sample choice[none|f=combobox:Sample choice|h=None]@22.4 ; ArrowDown>combobox:Sample choice[listbox×1|f=combobox:Sample choice|h=Never]@40.9 ; ArrowDown*>option:Never[listbox×1|f=option:Never|h=Never]@41.6 ; Tab>option:7 days[listbox×1|f=option:7 days|h=7 days]@43.4
chromium-dark-desktop › orbit-sample select-down-down-tab burst sample 16,orbit-sample,select,select-down-down-tab,select-down-down,burst,16,ArrowDown ArrowDown Tab,Never | list closed | none | @combobox:Sample choice,1,1,ArrowDown>combobox:Sample choice[none|f=combobox:Sample choice|h=None]@34.9 ; ArrowDown>combobox:Sample choice[listbox×1|f=combobox:Sample choice|h=Never]@53.4 ; ArrowDown*>option:Never[listbox×1|f=option:Never|h=Never]@54 ; Tab>option:7 days[listbox×1|f=option:7 days|h=7 days]@55.9
chromium-dark-desktop › orbit-sample select-down-down-tab burst sample 17,orbit-sample,select,select-down-down-tab,select-down-down,burst,17,ArrowDown ArrowDown Tab,Never | list closed | none | @combobox:Sample choice,1,1,ArrowDown>combobox:Sample choice[none|f=combobox:Sample choice|h=None]@43.7 ; ArrowDown>combobox:Sample choice[listbox×1|f=combobox:Sample choice|h=Never]@65.9 ; ArrowDown*>option:Never[listbox×1|f=option:Never|h=Never]@67.8 ; Tab>option:7 days[listbox×1|f=option:7 days|h=7 days]@70
chromium-dark-desktop › orbit-sample select-down-down-tab burst sample 18,orbit-sample,select,select-down-down-tab,select-down-down,burst,18,ArrowDown ArrowDown Tab,Never | list closed | none | @combobox:Sample choice,1,1,ArrowDown>combobox:Sample choice[none|f=combobox:Sample choice|h=None]@35.1 ; ArrowDown>combobox:Sample choice[listbox×1|f=combobox:Sample choice|h=Never]@53.2 ; ArrowDown*>option:Never[listbox×1|f=option:Never|h=Never]@53.7 ; Tab>option:7 days[listbox×1|f=option:7 days|h=7 days]@55.4
chromium-dark-desktop › orbit-sample select-down-down-tab burst sample 19,orbit-sample,select,select-down-down-tab,select-down-down,burst,19,ArrowDown ArrowDown Tab,Never | list closed | none | @combobox:Sample choice,1,1,ArrowDown>combobox:Sample choice[none|f=combobox:Sample choice|h=None]@26.9 ; ArrowDown>combobox:Sample choice[listbox×1|f=combobox:Sample choice|h=Never]@45.8 ; ArrowDown*>option:Never[listbox×1|f=option:Never|h=Never]@46.4 ; Tab>option:7 days[listbox×1|f=option:7 days|h=7 days]@48.3
chromium-dark-desktop › orbit-sample select-down-down-tab paced sample 0,orbit-sample,select,select-down-down-tab,select-down-down,paced,0,ArrowDown ArrowDown Tab,Never | list closed | none | @combobox:Sample choice,0,0,ArrowDown>combobox:Sample choice[none|f=combobox:Sample choice|h=None]@25.8 ; ArrowDown>option:Never[listbox×1|f=option:Never|h=Never]@363.6 ; Tab>option:7 days[listbox×1|f=option:7 days|h=7 days]@685.1
chromium-dark-desktop › orbit-sample select-down-down-tab paced sample 1,orbit-sample,select,select-down-down-tab,select-down-down,paced,1,ArrowDown ArrowDown Tab,Never | list closed | none | @combobox:Sample choice,0,0,ArrowDown>combobox:Sample choice[none|f=combobox:Sample choice|h=None]@32.4 ; ArrowDown>option:Never[listbox×1|f=option:Never|h=Never]@361.1 ; Tab>option:7 days[listbox×1|f=option:7 days|h=7 days]@731.9
chromium-dark-desktop › orbit-sample select-down-down-tab paced sample 2,orbit-sample,select,select-down-down-tab,select-down-down,paced,2,ArrowDown ArrowDown Tab,Never | list closed | none | @combobox:Sample choice,0,0,ArrowDown>combobox:Sample choice[none|f=combobox:Sample choice|h=None]@34.4 ; ArrowDown>option:Never[listbox×1|f=option:Never|h=Never]@362.1 ; Tab>option:7 days[listbox×1|f=option:7 days|h=7 days]@668.2
chromium-dark-desktop › orbit-sample select-down-down-tab paced sample 3,orbit-sample,select,select-down-down-tab,select-down-down,paced,3,ArrowDown ArrowDown Tab,Never | list closed | none | @combobox:Sample choice,0,0,ArrowDown>combobox:Sample choice[none|f=combobox:Sample choice|h=None]@30.4 ; ArrowDown>option:Never[listbox×1|f=option:Never|h=Never]@360.7 ; Tab>option:7 days[listbox×1|f=option:7 days|h=7 days]@673.3
chromium-dark-desktop › orbit-sample select-down-down-tab paced sample 4,orbit-sample,select,select-down-down-tab,select-down-down,paced,4,ArrowDown ArrowDown Tab,Never | list closed | none | @combobox:Sample choice,0,0,ArrowDown>combobox:Sample choice[none|f=combobox:Sample choice|h=None]@24.8 ; ArrowDown>option:Never[listbox×1|f=option:Never|h=Never]@357.9 ; Tab>option:7 days[listbox×1|f=option:7 days|h=7 days]@666.3
chromium-dark-desktop › orbit-sample select-down-down-tab paced sample 5,orbit-sample,select,select-down-down-tab,select-down-down,paced,5,ArrowDown ArrowDown Tab,Never | list closed | none | @combobox:Sample choice,0,0,ArrowDown>combobox:Sample choice[none|f=combobox:Sample choice|h=None]@24.4 ; ArrowDown>option:Never[listbox×1|f=option:Never|h=Never]@350 ; Tab>option:7 days[listbox×1|f=option:7 days|h=7 days]@666.8
chromium-dark-desktop › orbit-sample select-down-down-tab paced sample 6,orbit-sample,select,select-down-down-tab,select-down-down,paced,6,ArrowDown ArrowDown Tab,Never | list closed | none | @combobox:Sample choice,0,0,ArrowDown>combobox:Sample choice[none|f=combobox:Sample choice|h=None]@32.5 ; ArrowDown>option:Never[listbox×1|f=option:Never|h=Never]@357.4 ; Tab>option:7 days[listbox×1|f=option:7 days|h=7 days]@670.8
chromium-dark-desktop › orbit-sample select-down-down-tab paced sample 7,orbit-sample,select,select-down-down-tab,select-down-down,paced,7,ArrowDown ArrowDown Tab,Never | list closed | none | @combobox:Sample choice,0,0,ArrowDown>combobox:Sample choice[none|f=combobox:Sample choice|h=None]@22.5 ; ArrowDown>option:Never[listbox×1|f=option:Never|h=Never]@346.5 ; Tab>option:7 days[listbox×1|f=option:7 days|h=7 days]@669
chromium-dark-desktop › orbit-sample select-down-down-tab paced sample 8,orbit-sample,select,select-down-down-tab,select-down-down,paced,8,ArrowDown ArrowDown Tab,Never | list closed | none | @combobox:Sample choice,0,0,ArrowDown>combobox:Sample choice[none|f=combobox:Sample choice|h=None]@25.7 ; ArrowDown>option:Never[listbox×1|f=option:Never|h=Never]@356.7 ; Tab>option:7 days[listbox×1|f=option:7 days|h=7 days]@676.9
chromium-dark-desktop › orbit-sample select-down-down-tab paced sample 9,orbit-sample,select,select-down-down-tab,select-down-down,paced,9,ArrowDown ArrowDown Tab,Never | list closed | none | @combobox:Sample choice,0,0,ArrowDown>combobox:Sample choice[none|f=combobox:Sample choice|h=None]@29.6 ; ArrowDown>option:Never[listbox×1|f=option:Never|h=Never]@390.1 ; Tab>option:7 days[listbox×1|f=option:7 days|h=7 days]@702.4
chromium-dark-desktop › orbit-sample select-down-down-tab paced sample 10,orbit-sample,select,select-down-down-tab,select-down-down,paced,10,ArrowDown ArrowDown Tab,Never | list closed | none | @combobox:Sample choice,0,0,ArrowDown>combobox:Sample choice[none|f=combobox:Sample choice|h=None]@31.7 ; ArrowDown>option:Never[listbox×1|f=option:Never|h=Never]@376.6 ; Tab>option:7 days[listbox×1|f=option:7 days|h=7 days]@684.6
chromium-dark-desktop › orbit-sample select-down-down-tab paced sample 11,orbit-sample,select,select-down-down-tab,select-down-down,paced,11,ArrowDown ArrowDown Tab,Never | list closed | none | @combobox:Sample choice,0,0,ArrowDown>combobox:Sample choice[none|f=combobox:Sample choice|h=None]@24 ; ArrowDown>option:Never[listbox×1|f=option:Never|h=Never]@354.7 ; Tab>option:7 days[listbox×1|f=option:7 days|h=7 days]@662.4
chromium-dark-desktop › orbit-sample select-down-down-tab paced sample 12,orbit-sample,select,select-down-down-tab,select-down-down,paced,12,ArrowDown ArrowDown Tab,Never | list closed | none | @combobox:Sample choice,0,0,ArrowDown>combobox:Sample choice[none|f=combobox:Sample choice|h=None]@32.7 ; ArrowDown>option:Never[listbox×1|f=option:Never|h=Never]@356.8 ; Tab>option:7 days[listbox×1|f=option:7 days|h=7 days]@669.4
chromium-dark-desktop › orbit-sample select-down-down-tab paced sample 13,orbit-sample,select,select-down-down-tab,select-down-down,paced,13,ArrowDown ArrowDown Tab,Never | list closed | none | @combobox:Sample choice,0,0,ArrowDown>combobox:Sample choice[none|f=combobox:Sample choice|h=None]@26.5 ; ArrowDown>option:Never[listbox×1|f=option:Never|h=Never]@354.9 ; Tab>option:7 days[listbox×1|f=option:7 days|h=7 days]@663
chromium-dark-desktop › orbit-sample select-down-down-tab paced sample 14,orbit-sample,select,select-down-down-tab,select-down-down,paced,14,ArrowDown ArrowDown Tab,Never | list closed | none | @combobox:Sample choice,0,0,ArrowDown>combobox:Sample choice[none|f=combobox:Sample choice|h=None]@29.3 ; ArrowDown>option:Never[listbox×1|f=option:Never|h=Never]@367.4 ; Tab>option:7 days[listbox×1|f=option:7 days|h=7 days]@686
chromium-dark-desktop › orbit-sample select-down-down-tab paced sample 15,orbit-sample,select,select-down-down-tab,select-down-down,paced,15,ArrowDown ArrowDown Tab,Never | list closed | none | @combobox:Sample choice,0,0,ArrowDown>combobox:Sample choice[none|f=combobox:Sample choice|h=None]@26 ; ArrowDown>option:Never[listbox×1|f=option:Never|h=Never]@357.7 ; Tab>option:7 days[listbox×1|f=option:7 days|h=7 days]@668
chromium-dark-desktop › orbit-sample select-down-down-tab paced sample 16,orbit-sample,select,select-down-down-tab,select-down-down,paced,16,ArrowDown ArrowDown Tab,Never | list closed | none | @combobox:Sample choice,0,0,ArrowDown>combobox:Sample choice[none|f=combobox:Sample choice|h=None]@34.6 ; ArrowDown>option:Never[listbox×1|f=option:Never|h=Never]@363.9 ; Tab>option:7 days[listbox×1|f=option:7 days|h=7 days]@674.2
chromium-dark-desktop › orbit-sample select-down-down-tab paced sample 17,orbit-sample,select,select-down-down-tab,select-down-down,paced,17,ArrowDown ArrowDown Tab,Never | list closed | none | @combobox:Sample choice,0,0,ArrowDown>combobox:Sample choice[none|f=combobox:Sample choice|h=None]@48.1 ; ArrowDown>option:Never[listbox×1|f=option:Never|h=Never]@384.9 ; Tab>option:7 days[listbox×1|f=option:7 days|h=7 days]@692.7
chromium-dark-desktop › orbit-sample select-down-down-tab paced sample 18,orbit-sample,select,select-down-down-tab,select-down-down,paced,18,ArrowDown ArrowDown Tab,Never | list closed | none | @combobox:Sample choice,0,0,ArrowDown>combobox:Sample choice[none|f=combobox:Sample choice|h=None]@29.7 ; ArrowDown>option:Never[listbox×1|f=option:Never|h=Never]@365.6 ; Tab>option:7 days[listbox×1|f=option:7 days|h=7 days]@689.4
chromium-dark-desktop › orbit-sample select-down-down-tab paced sample 19,orbit-sample,select,select-down-down-tab,select-down-down,paced,19,ArrowDown ArrowDown Tab,Never | list closed | none | @combobox:Sample choice,0,0,ArrowDown>combobox:Sample choice[none|f=combobox:Sample choice|h=None]@28.9 ; ArrowDown>option:Never[listbox×1|f=option:Never|h=Never]@375.4 ; Tab>option:7 days[listbox×1|f=option:7 days|h=7 days]@684.5
chromium-dark-desktop › orbit-field select-enter-tab burst sample 0,orbit-field,select,select-enter-tab,select-enter,burst,0,Enter Tab,never | list closed | none | @combobox:Workspace,1,0,Enter>combobox:Expires[none|f=combobox:Expires|h=None]@35.6 ; Tab>combobox:Expires[listbox×1|f=combobox:Expires|h=Never]@67.2
chromium-dark-desktop › orbit-field select-enter-tab burst sample 1,orbit-field,select,select-enter-tab,select-enter,burst,1,Enter Tab,never | list closed | none | @combobox:Workspace,1,0,Enter>combobox:Expires[none|f=combobox:Expires|h=None]@33.1 ; Tab>combobox:Expires[listbox×1|f=combobox:Expires|h=Never]@57.2
chromium-dark-desktop › orbit-field select-enter-tab burst sample 2,orbit-field,select,select-enter-tab,select-enter,burst,2,Enter Tab,never | list closed | none | @combobox:Workspace,1,0,Enter>combobox:Expires[none|f=combobox:Expires|h=None]@24.8 ; Tab>combobox:Expires[listbox×1|f=combobox:Expires|h=Never]@56.6
chromium-dark-desktop › orbit-field select-enter-tab burst sample 3,orbit-field,select,select-enter-tab,select-enter,burst,3,Enter Tab,never | list closed | none | @combobox:Workspace,1,0,Enter>combobox:Expires[none|f=combobox:Expires|h=None]@29.6 ; Tab>combobox:Expires[listbox×1|f=combobox:Expires|h=Never]@50
chromium-dark-desktop › orbit-field select-enter-tab burst sample 4,orbit-field,select,select-enter-tab,select-enter,burst,4,Enter Tab,never | list closed | none | @combobox:Workspace,1,0,Enter>combobox:Expires[none|f=combobox:Expires|h=None]@30.2 ; Tab>combobox:Expires[listbox×1|f=combobox:Expires|h=Never]@52.4
chromium-dark-desktop › orbit-field select-enter-tab burst sample 5,orbit-field,select,select-enter-tab,select-enter,burst,5,Enter Tab,never | list closed | none | @combobox:Workspace,1,0,Enter>combobox:Expires[none|f=combobox:Expires|h=None]@38.4 ; Tab>combobox:Expires[listbox×1|f=combobox:Expires|h=Never]@63.3
chromium-dark-desktop › orbit-field select-enter-tab burst sample 6,orbit-field,select,select-enter-tab,select-enter,burst,6,Enter Tab,never | list closed | none | @combobox:Workspace,1,0,Enter>combobox:Expires[none|f=combobox:Expires|h=None]@27.3 ; Tab>combobox:Expires[listbox×1|f=combobox:Expires|h=Never]@50.3
chromium-dark-desktop › orbit-field select-enter-tab burst sample 7,orbit-field,select,select-enter-tab,select-enter,burst,7,Enter Tab,never | list closed | none | @combobox:Workspace,1,0,Enter>combobox:Expires[none|f=combobox:Expires|h=None]@34.4 ; Tab>combobox:Expires[listbox×1|f=combobox:Expires|h=Never]@55
chromium-dark-desktop › orbit-field select-enter-tab burst sample 8,orbit-field,select,select-enter-tab,select-enter,burst,8,Enter Tab,never | list closed | none | @combobox:Workspace,1,0,Enter>combobox:Expires[none|f=combobox:Expires|h=None]@29.9 ; Tab>combobox:Expires[listbox×1|f=combobox:Expires|h=Never]@62.4
chromium-dark-desktop › orbit-field select-enter-tab burst sample 9,orbit-field,select,select-enter-tab,select-enter,burst,9,Enter Tab,never | list closed | none | @combobox:Workspace,1,0,Enter>combobox:Expires[none|f=combobox:Expires|h=None]@33.2 ; Tab>combobox:Expires[listbox×1|f=combobox:Expires|h=Never]@56
chromium-dark-desktop › orbit-field select-enter-tab burst sample 10,orbit-field,select,select-enter-tab,select-enter,burst,10,Enter Tab,never | list closed | none | @combobox:Workspace,1,0,Enter>combobox:Expires[none|f=combobox:Expires|h=None]@35.7 ; Tab>combobox:Expires[listbox×1|f=combobox:Expires|h=Never]@56.1
chromium-dark-desktop › orbit-field select-enter-tab burst sample 11,orbit-field,select,select-enter-tab,select-enter,burst,11,Enter Tab,never | list closed | none | @combobox:Workspace,1,0,Enter>combobox:Expires[none|f=combobox:Expires|h=None]@34.5 ; Tab>combobox:Expires[listbox×1|f=combobox:Expires|h=Never]@60.2
chromium-dark-desktop › orbit-field select-enter-tab burst sample 12,orbit-field,select,select-enter-tab,select-enter,burst,12,Enter Tab,never | list closed | none | @combobox:Workspace,1,0,Enter>combobox:Expires[none|f=combobox:Expires|h=None]@27.6 ; Tab>combobox:Expires[listbox×1|f=combobox:Expires|h=Never]@50.6
chromium-dark-desktop › orbit-field select-enter-tab burst sample 13,orbit-field,select,select-enter-tab,select-enter,burst,13,Enter Tab,never | list closed | none | @combobox:Workspace,1,0,Enter>combobox:Expires[none|f=combobox:Expires|h=None]@30.7 ; Tab>combobox:Expires[listbox×1|f=combobox:Expires|h=Never]@55.9
chromium-dark-desktop › orbit-field select-enter-tab burst sample 14,orbit-field,select,select-enter-tab,select-enter,burst,14,Enter Tab,never | list closed | none | @combobox:Workspace,1,0,Enter>combobox:Expires[none|f=combobox:Expires|h=None]@33.3 ; Tab>combobox:Expires[listbox×1|f=combobox:Expires|h=Never]@53.5
chromium-dark-desktop › orbit-field select-enter-tab burst sample 15,orbit-field,select,select-enter-tab,select-enter,burst,15,Enter Tab,never | list closed | none | @combobox:Workspace,1,0,Enter>combobox:Expires[none|f=combobox:Expires|h=None]@32.6 ; Tab>combobox:Expires[listbox×1|f=combobox:Expires|h=Never]@56.3
chromium-dark-desktop › orbit-field select-enter-tab burst sample 16,orbit-field,select,select-enter-tab,select-enter,burst,16,Enter Tab,never | list closed | none | @combobox:Workspace,1,0,Enter>combobox:Expires[none|f=combobox:Expires|h=None]@44.7 ; Tab>combobox:Expires[listbox×1|f=combobox:Expires|h=Never]@72.4
chromium-dark-desktop › orbit-field select-enter-tab burst sample 17,orbit-field,select,select-enter-tab,select-enter,burst,17,Enter Tab,never | list closed | none | @combobox:Workspace,1,0,Enter>combobox:Expires[none|f=combobox:Expires|h=None]@35.4 ; Tab>combobox:Expires[listbox×1|f=combobox:Expires|h=Never]@60.2
chromium-dark-desktop › orbit-field select-enter-tab burst sample 18,orbit-field,select,select-enter-tab,select-enter,burst,18,Enter Tab,never | list closed | none | @combobox:Workspace,1,0,Enter>combobox:Expires[none|f=combobox:Expires|h=None]@37.7 ; Tab>combobox:Expires[listbox×1|f=combobox:Expires|h=Never]@64.1
chromium-dark-desktop › orbit-field select-enter-tab burst sample 19,orbit-field,select,select-enter-tab,select-enter,burst,19,Enter Tab,never | list closed | none | @combobox:Workspace,1,0,Enter>combobox:Expires[none|f=combobox:Expires|h=None]@32.4 ; Tab>combobox:Expires[listbox×1|f=combobox:Expires|h=Never]@61.4
chromium-dark-desktop › orbit-field select-enter-tab paced sample 0,orbit-field,select,select-enter-tab,select-enter,paced,0,Enter Tab,never | list closed | none | @combobox:Workspace,0,0,Enter>combobox:Expires[none|f=combobox:Expires|h=None]@23.9 ; Tab>option:Never[listbox×1|f=option:Never|h=Never]@362.8
chromium-dark-desktop › orbit-field select-enter-tab paced sample 1,orbit-field,select,select-enter-tab,select-enter,paced,1,Enter Tab,never | list closed | none | @combobox:Workspace,0,0,Enter>combobox:Expires[none|f=combobox:Expires|h=None]@27.7 ; Tab>option:Never[listbox×1|f=option:Never|h=Never]@357.8
chromium-dark-desktop › orbit-field select-enter-tab paced sample 2,orbit-field,select,select-enter-tab,select-enter,paced,2,Enter Tab,never | list closed | none | @combobox:Workspace,0,0,Enter>combobox:Expires[none|f=combobox:Expires|h=None]@35.5 ; Tab>option:Never[listbox×1|f=option:Never|h=Never]@378.4
chromium-dark-desktop › orbit-field select-enter-tab paced sample 3,orbit-field,select,select-enter-tab,select-enter,paced,3,Enter Tab,never | list closed | none | @combobox:Workspace,0,0,Enter>combobox:Expires[none|f=combobox:Expires|h=None]@36.6 ; Tab>option:Never[listbox×1|f=option:Never|h=Never]@377.1
chromium-dark-desktop › orbit-field select-enter-tab paced sample 4,orbit-field,select,select-enter-tab,select-enter,paced,4,Enter Tab,never | list closed | none | @combobox:Workspace,0,0,Enter>combobox:Expires[none|f=combobox:Expires|h=None]@32.1 ; Tab>option:Never[listbox×1|f=option:Never|h=Never]@409
chromium-dark-desktop › orbit-field select-enter-tab paced sample 5,orbit-field,select,select-enter-tab,select-enter,paced,5,Enter Tab,never | list closed | none | @combobox:Workspace,0,0,Enter>combobox:Expires[none|f=combobox:Expires|h=None]@27.7 ; Tab>option:Never[listbox×1|f=option:Never|h=Never]@371.1
chromium-dark-desktop › orbit-field select-enter-tab paced sample 6,orbit-field,select,select-enter-tab,select-enter,paced,6,Enter Tab,never | list closed | none | @combobox:Workspace,0,0,Enter>combobox:Expires[none|f=combobox:Expires|h=None]@26.2 ; Tab>option:Never[listbox×1|f=option:Never|h=Never]@359.7
chromium-dark-desktop › orbit-field select-enter-tab paced sample 7,orbit-field,select,select-enter-tab,select-enter,paced,7,Enter Tab,never | list closed | none | @combobox:Workspace,0,0,Enter>combobox:Expires[none|f=combobox:Expires|h=None]@41 ; Tab>option:Never[listbox×1|f=option:Never|h=Never]@371.5
chromium-dark-desktop › orbit-field select-enter-tab paced sample 8,orbit-field,select,select-enter-tab,select-enter,paced,8,Enter Tab,never | list closed | none | @combobox:Workspace,0,0,Enter>combobox:Expires[none|f=combobox:Expires|h=None]@38.9 ; Tab>option:Never[listbox×1|f=option:Never|h=Never]@378.3
chromium-dark-desktop › orbit-field select-enter-tab paced sample 9,orbit-field,select,select-enter-tab,select-enter,paced,9,Enter Tab,never | list closed | none | @combobox:Workspace,0,0,Enter>combobox:Expires[none|f=combobox:Expires|h=None]@21.2 ; Tab>option:Never[listbox×1|f=option:Never|h=Never]@346.6
chromium-dark-desktop › orbit-field select-enter-tab paced sample 10,orbit-field,select,select-enter-tab,select-enter,paced,10,Enter Tab,never | list closed | none | @combobox:Workspace,0,0,Enter>combobox:Expires[none|f=combobox:Expires|h=None]@32.5 ; Tab>option:Never[listbox×1|f=option:Never|h=Never]@364.7
chromium-dark-desktop › orbit-field select-enter-tab paced sample 11,orbit-field,select,select-enter-tab,select-enter,paced,11,Enter Tab,never | list closed | none | @combobox:Workspace,0,0,Enter>combobox:Expires[none|f=combobox:Expires|h=None]@33.3 ; Tab>option:Never[listbox×1|f=option:Never|h=Never]@375
chromium-dark-desktop › orbit-field select-enter-tab paced sample 12,orbit-field,select,select-enter-tab,select-enter,paced,12,Enter Tab,never | list closed | none | @combobox:Workspace,0,0,Enter>combobox:Expires[none|f=combobox:Expires|h=None]@37.5 ; Tab>option:Never[listbox×1|f=option:Never|h=Never]@377.2
chromium-dark-desktop › orbit-field select-enter-tab paced sample 13,orbit-field,select,select-enter-tab,select-enter,paced,13,Enter Tab,never | list closed | none | @combobox:Workspace,0,0,Enter>combobox:Expires[none|f=combobox:Expires|h=None]@24.6 ; Tab>option:Never[listbox×1|f=option:Never|h=Never]@352.6
chromium-dark-desktop › orbit-field select-enter-tab paced sample 14,orbit-field,select,select-enter-tab,select-enter,paced,14,Enter Tab,never | list closed | none | @combobox:Workspace,0,0,Enter>combobox:Expires[none|f=combobox:Expires|h=None]@26.3 ; Tab>option:Never[listbox×1|f=option:Never|h=Never]@355.3
chromium-dark-desktop › orbit-field select-enter-tab paced sample 15,orbit-field,select,select-enter-tab,select-enter,paced,15,Enter Tab,never | list closed | none | @combobox:Workspace,0,0,Enter>combobox:Expires[none|f=combobox:Expires|h=None]@33.6 ; Tab>option:Never[listbox×1|f=option:Never|h=Never]@359.4
chromium-dark-desktop › orbit-field select-enter-tab paced sample 16,orbit-field,select,select-enter-tab,select-enter,paced,16,Enter Tab,never | list closed | none | @combobox:Workspace,0,0,Enter>combobox:Expires[none|f=combobox:Expires|h=None]@35.6 ; Tab>option:Never[listbox×1|f=option:Never|h=Never]@361.3
chromium-dark-desktop › orbit-field select-enter-tab paced sample 17,orbit-field,select,select-enter-tab,select-enter,paced,17,Enter Tab,never | list closed | none | @combobox:Workspace,0,0,Enter>combobox:Expires[none|f=combobox:Expires|h=None]@35.3 ; Tab>option:Never[listbox×1|f=option:Never|h=Never]@366.3
chromium-dark-desktop › orbit-field select-enter-tab paced sample 18,orbit-field,select,select-enter-tab,select-enter,paced,18,Enter Tab,never | list closed | none | @combobox:Workspace,0,0,Enter>combobox:Expires[none|f=combobox:Expires|h=None]@28.3 ; Tab>option:Never[listbox×1|f=option:Never|h=Never]@356
chromium-dark-desktop › orbit-field select-enter-tab paced sample 19,orbit-field,select,select-enter-tab,select-enter,paced,19,Enter Tab,never | list closed | none | @combobox:Workspace,0,0,Enter>combobox:Expires[none|f=combobox:Expires|h=None]@36.6 ; Tab>option:Never[listbox×1|f=option:Never|h=Never]@365.3
chromium-dark-desktop › orbit-sample select-enter-tab burst sample 0,orbit-sample,select,select-enter-tab,select-enter,burst,0,Enter Tab,Never | list closed | none | @combobox:Sample choice,1,0,Enter>combobox:Sample choice[none|f=combobox:Sample choice|h=None]@28.6 ; Tab>combobox:Sample choice[listbox×1|f=combobox:Sample choice|h=Never]@50.5
chromium-dark-desktop › orbit-sample select-enter-tab burst sample 1,orbit-sample,select,select-enter-tab,select-enter,burst,1,Enter Tab,Never | list closed | none | @combobox:Sample choice,1,0,Enter>combobox:Sample choice[none|f=combobox:Sample choice|h=None]@30.5 ; Tab>combobox:Sample choice[listbox×1|f=combobox:Sample choice|h=Never]@54.1
chromium-dark-desktop › orbit-sample select-enter-tab burst sample 2,orbit-sample,select,select-enter-tab,select-enter,burst,2,Enter Tab,Never | list closed | none | @combobox:Sample choice,1,0,Enter>combobox:Sample choice[none|f=combobox:Sample choice|h=None]@36.5 ; Tab>combobox:Sample choice[listbox×1|f=combobox:Sample choice|h=Never]@56.7
chromium-dark-desktop › orbit-sample select-enter-tab burst sample 3,orbit-sample,select,select-enter-tab,select-enter,burst,3,Enter Tab,Never | list closed | none | @combobox:Sample choice,1,0,Enter>combobox:Sample choice[none|f=combobox:Sample choice|h=None]@36.2 ; Tab>combobox:Sample choice[listbox×1|f=combobox:Sample choice|h=Never]@57.9
chromium-dark-desktop › orbit-sample select-enter-tab burst sample 4,orbit-sample,select,select-enter-tab,select-enter,burst,4,Enter Tab,Never | list closed | none | @combobox:Sample choice,1,0,Enter>combobox:Sample choice[none|f=combobox:Sample choice|h=None]@37.6 ; Tab>combobox:Sample choice[listbox×1|f=combobox:Sample choice|h=Never]@68.5
chromium-dark-desktop › orbit-sample select-enter-tab burst sample 5,orbit-sample,select,select-enter-tab,select-enter,burst,5,Enter Tab,Never | list closed | none | @combobox:Sample choice,1,0,Enter>combobox:Sample choice[none|f=combobox:Sample choice|h=None]@30.5 ; Tab>combobox:Sample choice[listbox×1|f=combobox:Sample choice|h=Never]@53.1
chromium-dark-desktop › orbit-sample select-enter-tab burst sample 6,orbit-sample,select,select-enter-tab,select-enter,burst,6,Enter Tab,Never | list closed | none | @combobox:Sample choice,1,0,Enter>combobox:Sample choice[none|f=combobox:Sample choice|h=None]@31 ; Tab>combobox:Sample choice[listbox×1|f=combobox:Sample choice|h=Never]@60.7
chromium-dark-desktop › orbit-sample select-enter-tab burst sample 7,orbit-sample,select,select-enter-tab,select-enter,burst,7,Enter Tab,Never | list closed | none | @combobox:Sample choice,1,0,Enter>combobox:Sample choice[none|f=combobox:Sample choice|h=None]@37.2 ; Tab>combobox:Sample choice[listbox×1|f=combobox:Sample choice|h=Never]@62.3
chromium-dark-desktop › orbit-sample select-enter-tab burst sample 8,orbit-sample,select,select-enter-tab,select-enter,burst,8,Enter Tab,Never | list closed | none | @combobox:Sample choice,1,0,Enter>combobox:Sample choice[none|f=combobox:Sample choice|h=None]@22.1 ; Tab>combobox:Sample choice[listbox×1|f=combobox:Sample choice|h=Never]@42.9
chromium-dark-desktop › orbit-sample select-enter-tab burst sample 9,orbit-sample,select,select-enter-tab,select-enter,burst,9,Enter Tab,Never | list closed | none | @combobox:Sample choice,1,0,Enter>combobox:Sample choice[none|f=combobox:Sample choice|h=None]@34.4 ; Tab>combobox:Sample choice[listbox×1|f=combobox:Sample choice|h=Never]@60.1
chromium-dark-desktop › orbit-sample select-enter-tab burst sample 10,orbit-sample,select,select-enter-tab,select-enter,burst,10,Enter Tab,Never | list closed | none | @combobox:Sample choice,1,0,Enter>combobox:Sample choice[none|f=combobox:Sample choice|h=None]@32.1 ; Tab>combobox:Sample choice[listbox×1|f=combobox:Sample choice|h=Never]@62.7
chromium-dark-desktop › orbit-sample select-enter-tab burst sample 11,orbit-sample,select,select-enter-tab,select-enter,burst,11,Enter Tab,Never | list closed | none | @combobox:Sample choice,1,0,Enter>combobox:Sample choice[none|f=combobox:Sample choice|h=None]@27.3 ; Tab>combobox:Sample choice[listbox×1|f=combobox:Sample choice|h=Never]@52
chromium-dark-desktop › orbit-sample select-enter-tab burst sample 12,orbit-sample,select,select-enter-tab,select-enter,burst,12,Enter Tab,Never | list closed | none | @combobox:Sample choice,1,0,Enter>combobox:Sample choice[none|f=combobox:Sample choice|h=None]@36.7 ; Tab>combobox:Sample choice[listbox×1|f=combobox:Sample choice|h=Never]@60.1
chromium-dark-desktop › orbit-sample select-enter-tab burst sample 13,orbit-sample,select,select-enter-tab,select-enter,burst,13,Enter Tab,Never | list closed | none | @combobox:Sample choice,1,0,Enter>combobox:Sample choice[none|f=combobox:Sample choice|h=None]@28.3 ; Tab>combobox:Sample choice[listbox×1|f=combobox:Sample choice|h=Never]@55.6
chromium-dark-desktop › orbit-sample select-enter-tab burst sample 14,orbit-sample,select,select-enter-tab,select-enter,burst,14,Enter Tab,Never | list closed | none | @combobox:Sample choice,1,0,Enter>combobox:Sample choice[none|f=combobox:Sample choice|h=None]@34.2 ; Tab>combobox:Sample choice[listbox×1|f=combobox:Sample choice|h=Never]@73.4
chromium-dark-desktop › orbit-sample select-enter-tab burst sample 15,orbit-sample,select,select-enter-tab,select-enter,burst,15,Enter Tab,Never | list closed | none | @combobox:Sample choice,1,0,Enter>combobox:Sample choice[none|f=combobox:Sample choice|h=None]@34.4 ; Tab>combobox:Sample choice[listbox×1|f=combobox:Sample choice|h=Never]@55.7
chromium-dark-desktop › orbit-sample select-enter-tab burst sample 16,orbit-sample,select,select-enter-tab,select-enter,burst,16,Enter Tab,Never | list closed | none | @combobox:Sample choice,1,0,Enter>combobox:Sample choice[none|f=combobox:Sample choice|h=None]@21.4 ; Tab>combobox:Sample choice[listbox×1|f=combobox:Sample choice|h=Never]@41.1
chromium-dark-desktop › orbit-sample select-enter-tab burst sample 17,orbit-sample,select,select-enter-tab,select-enter,burst,17,Enter Tab,Never | list closed | none | @combobox:Sample choice,1,0,Enter>combobox:Sample choice[none|f=combobox:Sample choice|h=None]@24.6 ; Tab>combobox:Sample choice[listbox×1|f=combobox:Sample choice|h=Never]@44.8
chromium-dark-desktop › orbit-sample select-enter-tab burst sample 18,orbit-sample,select,select-enter-tab,select-enter,burst,18,Enter Tab,Never | list closed | none | @combobox:Sample choice,1,0,Enter>combobox:Sample choice[none|f=combobox:Sample choice|h=None]@22.8 ; Tab>combobox:Sample choice[listbox×1|f=combobox:Sample choice|h=Never]@43.8
chromium-dark-desktop › orbit-sample select-enter-tab burst sample 19,orbit-sample,select,select-enter-tab,select-enter,burst,19,Enter Tab,Never | list closed | none | @combobox:Sample choice,1,0,Enter>combobox:Sample choice[none|f=combobox:Sample choice|h=None]@23.1 ; Tab>combobox:Sample choice[listbox×1|f=combobox:Sample choice|h=Never]@43.8
chromium-dark-desktop › orbit-sample select-enter-tab paced sample 0,orbit-sample,select,select-enter-tab,select-enter,paced,0,Enter Tab,Never | list closed | none | @combobox:Sample choice,0,0,Enter>combobox:Sample choice[none|f=combobox:Sample choice|h=None]@43.6 ; Tab>option:Never[listbox×1|f=option:Never|h=Never]@391
chromium-dark-desktop › orbit-sample select-enter-tab paced sample 1,orbit-sample,select,select-enter-tab,select-enter,paced,1,Enter Tab,Never | list closed | none | @combobox:Sample choice,0,0,Enter>combobox:Sample choice[none|f=combobox:Sample choice|h=None]@28.8 ; Tab>option:Never[listbox×1|f=option:Never|h=Never]@355.3
chromium-dark-desktop › orbit-sample select-enter-tab paced sample 2,orbit-sample,select,select-enter-tab,select-enter,paced,2,Enter Tab,Never | list closed | none | @combobox:Sample choice,0,0,Enter>combobox:Sample choice[none|f=combobox:Sample choice|h=None]@33.5 ; Tab>option:Never[listbox×1|f=option:Never|h=Never]@370.5
chromium-dark-desktop › orbit-sample select-enter-tab paced sample 3,orbit-sample,select,select-enter-tab,select-enter,paced,3,Enter Tab,Never | list closed | none | @combobox:Sample choice,0,0,Enter>combobox:Sample choice[none|f=combobox:Sample choice|h=None]@29.7 ; Tab>option:Never[listbox×1|f=option:Never|h=Never]@357.6
chromium-dark-desktop › orbit-sample select-enter-tab paced sample 4,orbit-sample,select,select-enter-tab,select-enter,paced,4,Enter Tab,Never | list closed | none | @combobox:Sample choice,0,0,Enter>combobox:Sample choice[none|f=combobox:Sample choice|h=None]@34 ; Tab>option:Never[listbox×1|f=option:Never|h=Never]@364.9
chromium-dark-desktop › orbit-sample select-enter-tab paced sample 5,orbit-sample,select,select-enter-tab,select-enter,paced,5,Enter Tab,Never | list closed | none | @combobox:Sample choice,0,0,Enter>combobox:Sample choice[none|f=combobox:Sample choice|h=None]@29.5 ; Tab>option:Never[listbox×1|f=option:Never|h=Never]@366.4
chromium-dark-desktop › orbit-sample select-enter-tab paced sample 6,orbit-sample,select,select-enter-tab,select-enter,paced,6,Enter Tab,Never | list closed | none | @combobox:Sample choice,0,0,Enter>combobox:Sample choice[none|f=combobox:Sample choice|h=None]@22.5 ; Tab>option:Never[listbox×1|f=option:Never|h=Never]@356.7
chromium-dark-desktop › orbit-sample select-enter-tab paced sample 7,orbit-sample,select,select-enter-tab,select-enter,paced,7,Enter Tab,Never | list closed | none | @combobox:Sample choice,0,0,Enter>combobox:Sample choice[none|f=combobox:Sample choice|h=None]@26.1 ; Tab>option:Never[listbox×1|f=option:Never|h=Never]@354
chromium-dark-desktop › orbit-sample select-enter-tab paced sample 8,orbit-sample,select,select-enter-tab,select-enter,paced,8,Enter Tab,Never | list closed | none | @combobox:Sample choice,0,0,Enter>combobox:Sample choice[none|f=combobox:Sample choice|h=None]@35.1 ; Tab>option:Never[listbox×1|f=option:Never|h=Never]@366.1
chromium-dark-desktop › orbit-sample select-enter-tab paced sample 9,orbit-sample,select,select-enter-tab,select-enter,paced,9,Enter Tab,Never | list closed | none | @combobox:Sample choice,0,0,Enter>combobox:Sample choice[none|f=combobox:Sample choice|h=None]@33.2 ; Tab>option:Never[listbox×1|f=option:Never|h=Never]@359.9
chromium-dark-desktop › orbit-sample select-enter-tab paced sample 10,orbit-sample,select,select-enter-tab,select-enter,paced,10,Enter Tab,Never | list closed | none | @combobox:Sample choice,0,0,Enter>combobox:Sample choice[none|f=combobox:Sample choice|h=None]@21.3 ; Tab>option:Never[listbox×1|f=option:Never|h=Never]@349.9
chromium-dark-desktop › orbit-sample select-enter-tab paced sample 11,orbit-sample,select,select-enter-tab,select-enter,paced,11,Enter Tab,Never | list closed | none | @combobox:Sample choice,0,0,Enter>combobox:Sample choice[none|f=combobox:Sample choice|h=None]@36.1 ; Tab>option:Never[listbox×1|f=option:Never|h=Never]@374.1
chromium-dark-desktop › orbit-sample select-enter-tab paced sample 12,orbit-sample,select,select-enter-tab,select-enter,paced,12,Enter Tab,Never | list closed | none | @combobox:Sample choice,0,0,Enter>combobox:Sample choice[none|f=combobox:Sample choice|h=None]@39.6 ; Tab>option:Never[listbox×1|f=option:Never|h=Never]@418.9
chromium-dark-desktop › orbit-sample select-enter-tab paced sample 13,orbit-sample,select,select-enter-tab,select-enter,paced,13,Enter Tab,Never | list closed | none | @combobox:Sample choice,0,0,Enter>combobox:Sample choice[none|f=combobox:Sample choice|h=None]@33.5 ; Tab>option:Never[listbox×1|f=option:Never|h=Never]@386.8
chromium-dark-desktop › orbit-sample select-enter-tab paced sample 14,orbit-sample,select,select-enter-tab,select-enter,paced,14,Enter Tab,Never | list closed | none | @combobox:Sample choice,0,0,Enter>combobox:Sample choice[none|f=combobox:Sample choice|h=None]@51.5 ; Tab>option:Never[listbox×1|f=option:Never|h=Never]@413.1
chromium-dark-desktop › orbit-sample select-enter-tab paced sample 15,orbit-sample,select,select-enter-tab,select-enter,paced,15,Enter Tab,Never | list closed | none | @combobox:Sample choice,0,0,Enter>combobox:Sample choice[none|f=combobox:Sample choice|h=None]@77.2 ; Tab>option:Never[listbox×1|f=option:Never|h=Never]@428.3
chromium-dark-desktop › orbit-sample select-enter-tab paced sample 16,orbit-sample,select,select-enter-tab,select-enter,paced,16,Enter Tab,Never | list closed | none | @combobox:Sample choice,0,0,Enter>combobox:Sample choice[none|f=combobox:Sample choice|h=None]@25.2 ; Tab>option:Never[listbox×1|f=option:Never|h=Never]@348.1
chromium-dark-desktop › orbit-sample select-enter-tab paced sample 17,orbit-sample,select,select-enter-tab,select-enter,paced,17,Enter Tab,Never | list closed | none | @combobox:Sample choice,0,0,Enter>combobox:Sample choice[none|f=combobox:Sample choice|h=None]@182.3 ; Tab>option:Never[listbox×1|f=option:Never|h=Never]@1664.5
chromium-dark-desktop › orbit-sample select-enter-tab paced sample 18,orbit-sample,select,select-enter-tab,select-enter,paced,18,Enter Tab,Never | list closed | none | @combobox:Sample choice,0,0,Enter>combobox:Sample choice[none|f=combobox:Sample choice|h=None]@17.4 ; Tab>option:Never[listbox×1|f=option:Never|h=Never]@370.3
chromium-dark-desktop › orbit-sample select-enter-tab paced sample 19,orbit-sample,select,select-enter-tab,select-enter,paced,19,Enter Tab,Never | list closed | none | @combobox:Sample choice,0,0,Enter>combobox:Sample choice[none|f=combobox:Sample choice|h=None]@30.1 ; Tab>option:Never[listbox×1|f=option:Never|h=Never]@390.2
