test,target,kind,sequence,control,mode,run,keys,result,window,handoff,keylog
chromium-dark-desktop › orbit-menu menu-enter-tab-enter burst sample 0,orbit-menu,menu,menu-enter-tab-enter,menu-enter-enter,burst,0,Enter Tab Enter,Action=file | none | @button:Add attachment,1,0,Enter>button:Add attachment[none|f=button:Add attachment|h=None]@12.2 ; Tab>button:Add attachment[menu×1|f=button:Add attachment|h=File]@42.4 ; Enter>menuitem:File[menu×1|f=menuitem:File|h=File]@44.3
chromium-dark-desktop › orbit-menu menu-enter-tab-enter burst sample 1,orbit-menu,menu,menu-enter-tab-enter,menu-enter-enter,burst,1,Enter Tab Enter,Action=file | none | @button:Add attachment,1,0,Enter>button:Add attachment[none|f=button:Add attachment|h=None]@17.5 ; Tab>button:Add attachment[menu×1|f=button:Add attachment|h=File]@43.8 ; Enter>menuitem:File[menu×1|f=menuitem:File|h=File]@45.7
chromium-dark-desktop › orbit-menu menu-enter-tab-enter burst sample 2,orbit-menu,menu,menu-enter-tab-enter,menu-enter-enter,burst,2,Enter Tab Enter,Action=file | none | @button:Add attachment,1,0,Enter>button:Add attachment[none|f=button:Add attachment|h=None]@27.5 ; Tab>button:Add attachment[menu×1|f=button:Add attachment|h=File]@66.1 ; Enter>menuitem:File[menu×1|f=menuitem:File|h=File]@68.5
chromium-dark-desktop › orbit-menu menu-enter-tab-enter burst sample 3,orbit-menu,menu,menu-enter-tab-enter,menu-enter-enter,burst,3,Enter Tab Enter,Action=file | none | @button:Add attachment,1,0,Enter>button:Add attachment[none|f=button:Add attachment|h=None]@27.5 ; Tab>button:Add attachment[menu×1|f=button:Add attachment|h=File]@58.7 ; Enter>menuitem:File[menu×1|f=menuitem:File|h=File]@61.1
chromium-dark-desktop › orbit-menu menu-enter-tab-enter burst sample 4,orbit-menu,menu,menu-enter-tab-enter,menu-enter-enter,burst,4,Enter Tab Enter,Action=file | none | @button:Add attachment,1,0,Enter>button:Add attachment[none|f=button:Add attachment|h=None]@26 ; Tab>button:Add attachment[menu×1|f=button:Add attachment|h=File]@53.6 ; Enter>menuitem:File[menu×1|f=menuitem:File|h=File]@55.9
chromium-dark-desktop › orbit-menu menu-enter-tab-enter burst sample 5,orbit-menu,menu,menu-enter-tab-enter,menu-enter-enter,burst,5,Enter Tab Enter,Action=file | none | @button:Add attachment,1,0,Enter>button:Add attachment[none|f=button:Add attachment|h=None]@16.2 ; Tab>button:Add attachment[menu×1|f=button:Add attachment|h=File]@43 ; Enter>menuitem:File[menu×1|f=menuitem:File|h=File]@45
chromium-dark-desktop › orbit-menu menu-enter-tab-enter burst sample 6,orbit-menu,menu,menu-enter-tab-enter,menu-enter-enter,burst,6,Enter Tab Enter,Action=file | none | @button:Add attachment,1,0,Enter>button:Add attachment[none|f=button:Add attachment|h=None]@23.7 ; Tab>button:Add attachment[menu×1|f=button:Add attachment|h=File]@49.2 ; Enter>menuitem:File[menu×1|f=menuitem:File|h=File]@51.2
chromium-dark-desktop › orbit-menu menu-enter-tab-enter burst sample 7,orbit-menu,menu,menu-enter-tab-enter,menu-enter-enter,burst,7,Enter Tab Enter,Action=file | none | @button:Add attachment,1,0,Enter>button:Add attachment[none|f=button:Add attachment|h=None]@24.3 ; Tab>button:Add attachment[menu×1|f=button:Add attachment|h=File]@56.1 ; Enter>menuitem:File[menu×1|f=menuitem:File|h=File]@58.6
chromium-dark-desktop › orbit-menu menu-enter-tab-enter burst sample 8,orbit-menu,menu,menu-enter-tab-enter,menu-enter-enter,burst,8,Enter Tab Enter,Action=file | none | @button:Add attachment,1,0,Enter>button:Add attachment[none|f=button:Add attachment|h=None]@21.1 ; Tab>button:Add attachment[menu×1|f=button:Add attachment|h=File]@47.8 ; Enter>menuitem:File[menu×1|f=menuitem:File|h=File]@50.2
chromium-dark-desktop › orbit-menu menu-enter-tab-enter burst sample 9,orbit-menu,menu,menu-enter-tab-enter,menu-enter-enter,burst,9,Enter Tab Enter,Action=file | none | @button:Add attachment,1,0,Enter>button:Add attachment[none|f=button:Add attachment|h=None]@16.9 ; Tab>button:Add attachment[menu×1|f=button:Add attachment|h=File]@47.1 ; Enter>menuitem:File[menu×1|f=menuitem:File|h=File]@49.3
chromium-dark-desktop › orbit-menu menu-enter-tab-enter burst sample 10,orbit-menu,menu,menu-enter-tab-enter,menu-enter-enter,burst,10,Enter Tab Enter,Action=file | none | @button:Add attachment,1,0,Enter>button:Add attachment[none|f=button:Add attachment|h=None]@20.5 ; Tab>button:Add attachment[menu×1|f=button:Add attachment|h=File]@46.6 ; Enter>menuitem:File[menu×1|f=menuitem:File|h=File]@48.7
chromium-dark-desktop › orbit-menu menu-enter-tab-enter burst sample 11,orbit-menu,menu,menu-enter-tab-enter,menu-enter-enter,burst,11,Enter Tab Enter,Action=file | none | @button:Add attachment,1,0,Enter>button:Add attachment[none|f=button:Add attachment|h=None]@23.7 ; Tab>button:Add attachment[menu×1|f=button:Add attachment|h=File]@51 ; Enter>menuitem:File[menu×1|f=menuitem:File|h=File]@53.1
chromium-dark-desktop › orbit-menu menu-enter-tab-enter burst sample 12,orbit-menu,menu,menu-enter-tab-enter,menu-enter-enter,burst,12,Enter Tab Enter,Action=file | none | @button:Add attachment,1,0,Enter>button:Add attachment[none|f=button:Add attachment|h=None]@19.9 ; Tab>button:Add attachment[menu×1|f=button:Add attachment|h=File]@46.2 ; Enter>menuitem:File[menu×1|f=menuitem:File|h=File]@48.1
chromium-dark-desktop › orbit-menu menu-enter-tab-enter burst sample 13,orbit-menu,menu,menu-enter-tab-enter,menu-enter-enter,burst,13,Enter Tab Enter,Action=file | none | @button:Add attachment,1,0,Enter>button:Add attachment[none|f=button:Add attachment|h=None]@31.6 ; Tab>button:Add attachment[menu×1|f=button:Add attachment|h=File]@56.8 ; Enter>menuitem:File[menu×1|f=menuitem:File|h=File]@58.7
chromium-dark-desktop › orbit-menu menu-enter-tab-enter burst sample 14,orbit-menu,menu,menu-enter-tab-enter,menu-enter-enter,burst,14,Enter Tab Enter,Action=file | none | @button:Add attachment,1,0,Enter>button:Add attachment[none|f=button:Add attachment|h=None]@28.1 ; Tab>button:Add attachment[menu×1|f=button:Add attachment|h=File]@60.3 ; Enter>menuitem:File[menu×1|f=menuitem:File|h=File]@62.9
chromium-dark-desktop › orbit-menu menu-enter-tab-enter burst sample 15,orbit-menu,menu,menu-enter-tab-enter,menu-enter-enter,burst,15,Enter Tab Enter,Action=file | none | @button:Add attachment,1,0,Enter>button:Add attachment[none|f=button:Add attachment|h=None]@28.5 ; Tab>button:Add attachment[menu×1|f=button:Add attachment|h=File]@52.9 ; Enter>menuitem:File[menu×1|f=menuitem:File|h=File]@54.6
chromium-dark-desktop › orbit-menu menu-enter-tab-enter burst sample 16,orbit-menu,menu,menu-enter-tab-enter,menu-enter-enter,burst,16,Enter Tab Enter,Action=file | none | @button:Add attachment,1,0,Enter>button:Add attachment[none|f=button:Add attachment|h=None]@15.4 ; Tab>button:Add attachment[menu×1|f=button:Add attachment|h=File]@40.2 ; Enter>menuitem:File[menu×1|f=menuitem:File|h=File]@41.9
chromium-dark-desktop › orbit-menu menu-enter-tab-enter burst sample 17,orbit-menu,menu,menu-enter-tab-enter,menu-enter-enter,burst,17,Enter Tab Enter,Action=file | none | @button:Add attachment,1,0,Enter>button:Add attachment[none|f=button:Add attachment|h=None]@32.1 ; Tab>button:Add attachment[menu×1|f=button:Add attachment|h=File]@57.6 ; Enter>menuitem:File[menu×1|f=menuitem:File|h=File]@59.4
chromium-dark-desktop › orbit-menu menu-enter-tab-enter burst sample 18,orbit-menu,menu,menu-enter-tab-enter,menu-enter-enter,burst,18,Enter Tab Enter,Action=file | none | @button:Add attachment,1,0,Enter>button:Add attachment[none|f=button:Add attachment|h=None]@15.4 ; Tab>button:Add attachment[menu×1|f=button:Add attachment|h=File]@40 ; Enter>menuitem:File[menu×1|f=menuitem:File|h=File]@41.8
chromium-dark-desktop › orbit-menu menu-enter-tab-enter burst sample 19,orbit-menu,menu,menu-enter-tab-enter,menu-enter-enter,burst,19,Enter Tab Enter,Action=file | none | @button:Add attachment,1,0,Enter>button:Add attachment[none|f=button:Add attachment|h=None]@31.3 ; Tab>button:Add attachment[menu×1|f=button:Add attachment|h=File]@56.9 ; Enter>menuitem:File[menu×1|f=menuitem:File|h=File]@58.8
chromium-dark-desktop › orbit-menu menu-enter-tab-enter paced sample 0,orbit-menu,menu,menu-enter-tab-enter,menu-enter-enter,paced,0,Enter Tab Enter,"none | dialog:Context | @dialog:Context12,800 of 128,000",0,0,Enter>button:Add attachment[none|f=button:Add attachment|h=None]@36.5 ; Tab>menuitem:File[menu×1|f=menuitem:File|h=File]@373.5 ; Enter>button:Open context[none|f=button:Open context|h=None]@699.4
chromium-dark-desktop › orbit-menu menu-enter-tab-enter paced sample 1,orbit-menu,menu,menu-enter-tab-enter,menu-enter-enter,paced,1,Enter Tab Enter,"none | dialog:Context | @dialog:Context12,800 of 128,000",0,0,Enter>button:Add attachment[none|f=button:Add attachment|h=None]@24.1 ; Tab>menuitem:File[menu×1|f=menuitem:File|h=File]@357.8 ; Enter>button:Open context[none|f=button:Open context|h=None]@685.7
chromium-dark-desktop › orbit-menu menu-enter-tab-enter paced sample 2,orbit-menu,menu,menu-enter-tab-enter,menu-enter-enter,paced,2,Enter Tab Enter,"none | dialog:Context | @dialog:Context12,800 of 128,000",0,0,Enter>button:Add attachment[none|f=button:Add attachment|h=None]@23.1 ; Tab>menuitem:File[menu×1|f=menuitem:File|h=File]@358 ; Enter>button:Open context[none|f=button:Open context|h=None]@688.1
chromium-dark-desktop › orbit-menu menu-enter-tab-enter paced sample 3,orbit-menu,menu,menu-enter-tab-enter,menu-enter-enter,paced,3,Enter Tab Enter,"none | dialog:Context | @dialog:Context12,800 of 128,000",0,0,Enter>button:Add attachment[none|f=button:Add attachment|h=None]@28 ; Tab>menuitem:File[menu×1|f=menuitem:File|h=File]@361.4 ; Enter>button:Open context[none|f=button:Open context|h=None]@692.1
chromium-dark-desktop › orbit-menu menu-enter-tab-enter paced sample 4,orbit-menu,menu,menu-enter-tab-enter,menu-enter-enter,paced,4,Enter Tab Enter,"none | dialog:Context | @dialog:Context12,800 of 128,000",0,0,Enter>button:Add attachment[none|f=button:Add attachment|h=None]@21 ; Tab>menuitem:File[menu×1|f=menuitem:File|h=File]@355.5 ; Enter>button:Open context[none|f=button:Open context|h=None]@683.8
chromium-dark-desktop › orbit-menu menu-enter-tab-enter paced sample 5,orbit-menu,menu,menu-enter-tab-enter,menu-enter-enter,paced,5,Enter Tab Enter,"none | dialog:Context | @dialog:Context12,800 of 128,000",0,0,Enter>button:Add attachment[none|f=button:Add attachment|h=None]@27.6 ; Tab>menuitem:File[menu×1|f=menuitem:File|h=File]@362.9 ; Enter>button:Open context[none|f=button:Open context|h=None]@690
chromium-dark-desktop › orbit-menu menu-enter-tab-enter paced sample 6,orbit-menu,menu,menu-enter-tab-enter,menu-enter-enter,paced,6,Enter Tab Enter,"none | dialog:Context | @dialog:Context12,800 of 128,000",0,0,Enter>button:Add attachment[none|f=button:Add attachment|h=None]@32.1 ; Tab>menuitem:File[menu×1|f=menuitem:File|h=File]@373.1 ; Enter>button:Open context[none|f=button:Open context|h=None]@700.1
chromium-dark-desktop › orbit-menu menu-enter-tab-enter paced sample 7,orbit-menu,menu,menu-enter-tab-enter,menu-enter-enter,paced,7,Enter Tab Enter,"none | dialog:Context | @dialog:Context12,800 of 128,000",0,0,Enter>button:Add attachment[none|f=button:Add attachment|h=None]@18.8 ; Tab>menuitem:File[menu×1|f=menuitem:File|h=File]@380.5 ; Enter>button:Open context[none|f=button:Open context|h=None]@706.7
chromium-dark-desktop › orbit-menu menu-enter-tab-enter paced sample 8,orbit-menu,menu,menu-enter-tab-enter,menu-enter-enter,paced,8,Enter Tab Enter,"none | dialog:Context | @dialog:Context12,800 of 128,000",0,0,Enter>button:Add attachment[none|f=button:Add attachment|h=None]@15.4 ; Tab>menuitem:File[menu×1|f=menuitem:File|h=File]@351.9 ; Enter>button:Open context[none|f=button:Open context|h=None]@686.7
chromium-dark-desktop › orbit-menu menu-enter-tab-enter paced sample 9,orbit-menu,menu,menu-enter-tab-enter,menu-enter-enter,paced,9,Enter Tab Enter,"none | dialog:Context | @dialog:Context12,800 of 128,000",0,0,Enter>button:Add attachment[none|f=button:Add attachment|h=None]@30.9 ; Tab>menuitem:File[menu×1|f=menuitem:File|h=File]@364.8 ; Enter>button:Open context[none|f=button:Open context|h=None]@692.4
chromium-dark-desktop › orbit-menu menu-enter-tab-enter paced sample 10,orbit-menu,menu,menu-enter-tab-enter,menu-enter-enter,paced,10,Enter Tab Enter,"none | dialog:Context | @dialog:Context12,800 of 128,000",0,0,Enter>button:Add attachment[none|f=button:Add attachment|h=None]@17.1 ; Tab>menuitem:File[menu×1|f=menuitem:File|h=File]@353.2 ; Enter>button:Open context[none|f=button:Open context|h=None]@680.1
chromium-dark-desktop › orbit-menu menu-enter-tab-enter paced sample 11,orbit-menu,menu,menu-enter-tab-enter,menu-enter-enter,paced,11,Enter Tab Enter,"none | dialog:Context | @dialog:Context12,800 of 128,000",0,0,Enter>button:Add attachment[none|f=button:Add attachment|h=None]@30.8 ; Tab>menuitem:File[menu×1|f=menuitem:File|h=File]@372 ; Enter>button:Open context[none|f=button:Open context|h=None]@699.5
chromium-dark-desktop › orbit-menu menu-enter-tab-enter paced sample 12,orbit-menu,menu,menu-enter-tab-enter,menu-enter-enter,paced,12,Enter Tab Enter,"none | dialog:Context | @dialog:Context12,800 of 128,000",0,0,Enter>button:Add attachment[none|f=button:Add attachment|h=None]@18.4 ; Tab>menuitem:File[menu×1|f=menuitem:File|h=File]@363.7 ; Enter>button:Open context[none|f=button:Open context|h=None]@694.4
chromium-dark-desktop › orbit-menu menu-enter-tab-enter paced sample 13,orbit-menu,menu,menu-enter-tab-enter,menu-enter-enter,paced,13,Enter Tab Enter,"none | dialog:Context | @dialog:Context12,800 of 128,000",0,0,Enter>button:Add attachment[none|f=button:Add attachment|h=None]@23 ; Tab>menuitem:File[menu×1|f=menuitem:File|h=File]@357.6 ; Enter>button:Open context[none|f=button:Open context|h=None]@686
chromium-dark-desktop › orbit-menu menu-enter-tab-enter paced sample 14,orbit-menu,menu,menu-enter-tab-enter,menu-enter-enter,paced,14,Enter Tab Enter,"none | dialog:Context | @dialog:Context12,800 of 128,000",0,0,Enter>button:Add attachment[none|f=button:Add attachment|h=None]@21.1 ; Tab>menuitem:File[menu×1|f=menuitem:File|h=File]@385.2 ; Enter>button:Open context[none|f=button:Open context|h=None]@716.3
chromium-dark-desktop › orbit-menu menu-enter-tab-enter paced sample 15,orbit-menu,menu,menu-enter-tab-enter,menu-enter-enter,paced,15,Enter Tab Enter,"none | dialog:Context | @dialog:Context12,800 of 128,000",0,0,Enter>button:Add attachment[none|f=button:Add attachment|h=None]@7.2 ; Tab>menuitem:File[menu×1|f=menuitem:File|h=File]@343.2 ; Enter>button:Open context[none|f=button:Open context|h=None]@672.3
chromium-dark-desktop › orbit-menu menu-enter-tab-enter paced sample 16,orbit-menu,menu,menu-enter-tab-enter,menu-enter-enter,paced,16,Enter Tab Enter,"none | dialog:Context | @dialog:Context12,800 of 128,000",0,0,Enter>button:Add attachment[none|f=button:Add attachment|h=None]@30.7 ; Tab>menuitem:File[menu×1|f=menuitem:File|h=File]@379.1 ; Enter>button:Open context[none|f=button:Open context|h=None]@714.6
chromium-dark-desktop › orbit-menu menu-enter-tab-enter paced sample 17,orbit-menu,menu,menu-enter-tab-enter,menu-enter-enter,paced,17,Enter Tab Enter,"none | dialog:Context | @dialog:Context12,800 of 128,000",0,0,Enter>button:Add attachment[none|f=button:Add attachment|h=None]@16.3 ; Tab>menuitem:File[menu×1|f=menuitem:File|h=File]@357.1 ; Enter>button:Open context[none|f=button:Open context|h=None]@691.4
chromium-dark-desktop › orbit-menu menu-enter-tab-enter paced sample 18,orbit-menu,menu,menu-enter-tab-enter,menu-enter-enter,paced,18,Enter Tab Enter,"none | dialog:Context | @dialog:Context12,800 of 128,000",0,0,Enter>button:Add attachment[none|f=button:Add attachment|h=None]@22.5 ; Tab>menuitem:File[menu×1|f=menuitem:File|h=File]@358.7 ; Enter>button:Open context[none|f=button:Open context|h=None]@692.9
chromium-dark-desktop › orbit-menu menu-enter-tab-enter paced sample 19,orbit-menu,menu,menu-enter-tab-enter,menu-enter-enter,paced,19,Enter Tab Enter,"none | dialog:Context | @dialog:Context12,800 of 128,000",0,0,Enter>button:Add attachment[none|f=button:Add attachment|h=None]@28.2 ; Tab>menuitem:File[menu×1|f=menuitem:File|h=File]@361.3 ; Enter>button:Open context[none|f=button:Open context|h=None]@687.5
chromium-dark-desktop › orbit-menu-sample menu-enter-tab-enter burst sample 0,orbit-menu-sample,menu,menu-enter-tab-enter,menu-enter-enter,burst,0,Enter Tab Enter,ran File | none | @button:Add attachment,1,0,Enter>button:Add attachment[none|f=button:Add attachment|h=None]@37.1 ; Tab>button:Add attachment[menu×1|f=button:Add attachment|h=File]@70.1 ; Enter>menuitem:File[menu×1|f=menuitem:File|h=File]@71.3
chromium-dark-desktop › orbit-menu-sample menu-enter-tab-enter burst sample 1,orbit-menu-sample,menu,menu-enter-tab-enter,menu-enter-enter,burst,1,Enter Tab Enter,ran File | none | @button:Add attachment,1,0,Enter>button:Add attachment[none|f=button:Add attachment|h=None]@34.5 ; Tab>button:Add attachment[menu×1|f=button:Add attachment|h=File]@65.6 ; Enter>menuitem:File[menu×1|f=menuitem:File|h=File]@66.9
chromium-dark-desktop › orbit-menu-sample menu-enter-tab-enter burst sample 2,orbit-menu-sample,menu,menu-enter-tab-enter,menu-enter-enter,burst,2,Enter Tab Enter,ran File | none | @button:Add attachment,1,0,Enter>button:Add attachment[none|f=button:Add attachment|h=None]@34.6 ; Tab>button:Add attachment[menu×1|f=button:Add attachment|h=File]@63 ; Enter>menuitem:File[menu×1|f=menuitem:File|h=File]@64.2
chromium-dark-desktop › orbit-menu-sample menu-enter-tab-enter burst sample 3,orbit-menu-sample,menu,menu-enter-tab-enter,menu-enter-enter,burst,3,Enter Tab Enter,ran File | none | @button:Add attachment,1,0,Enter>button:Add attachment[none|f=button:Add attachment|h=None]@33.7 ; Tab>button:Add attachment[menu×1|f=button:Add attachment|h=File]@68.2 ; Enter>menuitem:File[menu×1|f=menuitem:File|h=File]@69.9
chromium-dark-desktop › orbit-menu-sample menu-enter-tab-enter burst sample 4,orbit-menu-sample,menu,menu-enter-tab-enter,menu-enter-enter,burst,4,Enter Tab Enter,ran File | none | @button:Add attachment,1,0,Enter>button:Add attachment[none|f=button:Add attachment|h=None]@21.7 ; Tab>button:Add attachment[menu×1|f=button:Add attachment|h=File]@51.5 ; Enter>menuitem:File[menu×1|f=menuitem:File|h=File]@52.9
chromium-dark-desktop › orbit-menu-sample menu-enter-tab-enter burst sample 5,orbit-menu-sample,menu,menu-enter-tab-enter,menu-enter-enter,burst,5,Enter Tab Enter,ran File | none | @button:Add attachment,1,0,Enter>button:Add attachment[none|f=button:Add attachment|h=None]@21.8 ; Tab>button:Add attachment[menu×1|f=button:Add attachment|h=File]@53.2 ; Enter>menuitem:File[menu×1|f=menuitem:File|h=File]@54.6
chromium-dark-desktop › orbit-menu-sample menu-enter-tab-enter burst sample 6,orbit-menu-sample,menu,menu-enter-tab-enter,menu-enter-enter,burst,6,Enter Tab Enter,ran File | none | @button:Add attachment,1,0,Enter>button:Add attachment[none|f=button:Add attachment|h=None]@19.5 ; Tab>button:Add attachment[menu×1|f=button:Add attachment|h=File]@49.2 ; Enter>menuitem:File[menu×1|f=menuitem:File|h=File]@50.5
chromium-dark-desktop › orbit-menu-sample menu-enter-tab-enter burst sample 7,orbit-menu-sample,menu,menu-enter-tab-enter,menu-enter-enter,burst,7,Enter Tab Enter,ran File | none | @button:Add attachment,1,0,Enter>button:Add attachment[none|f=button:Add attachment|h=None]@23.4 ; Tab>button:Add attachment[menu×1|f=button:Add attachment|h=File]@57.9 ; Enter>menuitem:File[menu×1|f=menuitem:File|h=File]@59.3
chromium-dark-desktop › orbit-menu-sample menu-enter-tab-enter burst sample 8,orbit-menu-sample,menu,menu-enter-tab-enter,menu-enter-enter,burst,8,Enter Tab Enter,ran File | none | @button:Add attachment,1,0,Enter>button:Add attachment[none|f=button:Add attachment|h=None]@25.2 ; Tab>button:Add attachment[menu×1|f=button:Add attachment|h=File]@54.6 ; Enter>menuitem:File[menu×1|f=menuitem:File|h=File]@55.8
chromium-dark-desktop › orbit-menu-sample menu-enter-tab-enter burst sample 9,orbit-menu-sample,menu,menu-enter-tab-enter,menu-enter-enter,burst,9,Enter Tab Enter,ran File | none | @button:Add attachment,1,0,Enter>button:Add attachment[none|f=button:Add attachment|h=None]@23.7 ; Tab>button:Add attachment[menu×1|f=button:Add attachment|h=File]@56.1 ; Enter>menuitem:File[menu×1|f=menuitem:File|h=File]@57.4
chromium-dark-desktop › orbit-menu-sample menu-enter-tab-enter burst sample 10,orbit-menu-sample,menu,menu-enter-tab-enter,menu-enter-enter,burst,10,Enter Tab Enter,ran File | none | @button:Add attachment,1,0,Enter>button:Add attachment[none|f=button:Add attachment|h=None]@30.8 ; Tab>button:Add attachment[menu×1|f=button:Add attachment|h=File]@59.9 ; Enter>menuitem:File[menu×1|f=menuitem:File|h=File]@61
chromium-dark-desktop › orbit-menu-sample menu-enter-tab-enter burst sample 11,orbit-menu-sample,menu,menu-enter-tab-enter,menu-enter-enter,burst,11,Enter Tab Enter,ran File | none | @button:Add attachment,1,0,Enter>button:Add attachment[none|f=button:Add attachment|h=None]@26.4 ; Tab>button:Add attachment[menu×1|f=button:Add attachment|h=File]@65.8 ; Enter>menuitem:File[menu×1|f=menuitem:File|h=File]@67.7
chromium-dark-desktop › orbit-menu-sample menu-enter-tab-enter burst sample 12,orbit-menu-sample,menu,menu-enter-tab-enter,menu-enter-enter,burst,12,Enter Tab Enter,ran File | none | @button:Add attachment,1,0,Enter>button:Add attachment[none|f=button:Add attachment|h=None]@21.3 ; Tab>button:Add attachment[menu×1|f=button:Add attachment|h=File]@52.7 ; Enter>menuitem:File[menu×1|f=menuitem:File|h=File]@54.2
chromium-dark-desktop › orbit-menu-sample menu-enter-tab-enter burst sample 13,orbit-menu-sample,menu,menu-enter-tab-enter,menu-enter-enter,burst,13,Enter Tab Enter,ran File | none | @button:Add attachment,1,0,Enter>button:Add attachment[none|f=button:Add attachment|h=None]@25.1 ; Tab>button:Add attachment[menu×1|f=button:Add attachment|h=File]@57.6 ; Enter>menuitem:File[menu×1|f=menuitem:File|h=File]@59
chromium-dark-desktop › orbit-menu-sample menu-enter-tab-enter burst sample 14,orbit-menu-sample,menu,menu-enter-tab-enter,menu-enter-enter,burst,14,Enter Tab Enter,ran File | none | @button:Add attachment,1,0,Enter>button:Add attachment[none|f=button:Add attachment|h=None]@20.6 ; Tab>button:Add attachment[menu×1|f=button:Add attachment|h=File]@50.9 ; Enter>menuitem:File[menu×1|f=menuitem:File|h=File]@52.2
chromium-dark-desktop › orbit-menu-sample menu-enter-tab-enter burst sample 15,orbit-menu-sample,menu,menu-enter-tab-enter,menu-enter-enter,burst,15,Enter Tab Enter,ran File | none | @button:Add attachment,1,0,Enter>button:Add attachment[none|f=button:Add attachment|h=None]@33.7 ; Tab>button:Add attachment[menu×1|f=button:Add attachment|h=File]@63.3 ; Enter>menuitem:File[menu×1|f=menuitem:File|h=File]@64.5
chromium-dark-desktop › orbit-menu-sample menu-enter-tab-enter burst sample 16,orbit-menu-sample,menu,menu-enter-tab-enter,menu-enter-enter,burst,16,Enter Tab Enter,ran File | none | @button:Add attachment,1,0,Enter>button:Add attachment[none|f=button:Add attachment|h=None]@30.9 ; Tab>button:Add attachment[menu×1|f=button:Add attachment|h=File]@62.6 ; Enter>menuitem:File[menu×1|f=menuitem:File|h=File]@63.9
chromium-dark-desktop › orbit-menu-sample menu-enter-tab-enter burst sample 17,orbit-menu-sample,menu,menu-enter-tab-enter,menu-enter-enter,burst,17,Enter Tab Enter,ran File | none | @button:Add attachment,1,0,Enter>button:Add attachment[none|f=button:Add attachment|h=None]@26.3 ; Tab>button:Add attachment[menu×1|f=button:Add attachment|h=File]@63.7 ; Enter>menuitem:File[menu×1|f=menuitem:File|h=File]@65.6
chromium-dark-desktop › orbit-menu-sample menu-enter-tab-enter burst sample 18,orbit-menu-sample,menu,menu-enter-tab-enter,menu-enter-enter,burst,18,Enter Tab Enter,ran File | none | @button:Add attachment,1,0,Enter>button:Add attachment[none|f=button:Add attachment|h=None]@29.6 ; Tab>button:Add attachment[menu×1|f=button:Add attachment|h=File]@60.1 ; Enter>menuitem:File[menu×1|f=menuitem:File|h=File]@61.4
chromium-dark-desktop › orbit-menu-sample menu-enter-tab-enter burst sample 19,orbit-menu-sample,menu,menu-enter-tab-enter,menu-enter-enter,burst,19,Enter Tab Enter,ran File | none | @button:Add attachment,1,0,Enter>button:Add attachment[none|f=button:Add attachment|h=None]@19.9 ; Tab>button:Add attachment[menu×1|f=button:Add attachment|h=File]@48.6 ; Enter>menuitem:File[menu×1|f=menuitem:File|h=File]@49.7
chromium-dark-desktop › orbit-menu-sample menu-enter-tab-enter paced sample 0,orbit-menu-sample,menu,menu-enter-tab-enter,menu-enter-enter,paced,0,Enter Tab Enter,none | none | @button:Switch theme | theme changed,0,0,Enter>button:Add attachment[none|f=button:Add attachment|h=None]@33.2 ; Tab>menuitem:File[menu×1|f=menuitem:File|h=File]@378 ; Enter>button:Switch theme[none|f=button:Switch theme|h=None]@702.3
chromium-dark-desktop › orbit-menu-sample menu-enter-tab-enter paced sample 1,orbit-menu-sample,menu,menu-enter-tab-enter,menu-enter-enter,paced,1,Enter Tab Enter,none | none | @button:Switch theme | theme changed,0,0,Enter>button:Add attachment[none|f=button:Add attachment|h=None]@26.6 ; Tab>menuitem:File[menu×1|f=menuitem:File|h=File]@366.1 ; Enter>button:Switch theme[none|f=button:Switch theme|h=None]@698.4
chromium-dark-desktop › orbit-menu-sample menu-enter-tab-enter paced sample 2,orbit-menu-sample,menu,menu-enter-tab-enter,menu-enter-enter,paced,2,Enter Tab Enter,none | none | @button:Switch theme | theme changed,0,0,Enter>button:Add attachment[none|f=button:Add attachment|h=None]@16.5 ; Tab>menuitem:File[menu×1|f=menuitem:File|h=File]@358.7 ; Enter>button:Switch theme[none|f=button:Switch theme|h=None]@687.1
chromium-dark-desktop › orbit-menu-sample menu-enter-tab-enter paced sample 3,orbit-menu-sample,menu,menu-enter-tab-enter,menu-enter-enter,paced,3,Enter Tab Enter,none | none | @button:Switch theme | theme changed,0,0,Enter>button:Add attachment[none|f=button:Add attachment|h=None]@25.1 ; Tab>menuitem:File[menu×1|f=menuitem:File|h=File]@363.2 ; Enter>button:Switch theme[none|f=button:Switch theme|h=None]@690.1
chromium-dark-desktop › orbit-menu-sample menu-enter-tab-enter paced sample 4,orbit-menu-sample,menu,menu-enter-tab-enter,menu-enter-enter,paced,4,Enter Tab Enter,none | none | @button:Switch theme | theme changed,0,0,Enter>button:Add attachment[none|f=button:Add attachment|h=None]@23.3 ; Tab>menuitem:File[menu×1|f=menuitem:File|h=File]@363.6 ; Enter>button:Switch theme[none|f=button:Switch theme|h=None]@692
chromium-dark-desktop › orbit-menu-sample menu-enter-tab-enter paced sample 5,orbit-menu-sample,menu,menu-enter-tab-enter,menu-enter-enter,paced,5,Enter Tab Enter,none | none | @button:Switch theme | theme changed,0,0,Enter>button:Add attachment[none|f=button:Add attachment|h=None]@23.7 ; Tab>menuitem:File[menu×1|f=menuitem:File|h=File]@364.9 ; Enter>button:Switch theme[none|f=button:Switch theme|h=None]@689.9
chromium-dark-desktop › orbit-menu-sample menu-enter-tab-enter paced sample 6,orbit-menu-sample,menu,menu-enter-tab-enter,menu-enter-enter,paced,6,Enter Tab Enter,none | none | @button:Switch theme | theme changed,0,0,Enter>button:Add attachment[none|f=button:Add attachment|h=None]@31.3 ; Tab>menuitem:File[menu×1|f=menuitem:File|h=File]@372.3 ; Enter>button:Switch theme[none|f=button:Switch theme|h=None]@698
chromium-dark-desktop › orbit-menu-sample menu-enter-tab-enter paced sample 7,orbit-menu-sample,menu,menu-enter-tab-enter,menu-enter-enter,paced,7,Enter Tab Enter,none | none | @button:Switch theme | theme changed,0,0,Enter>button:Add attachment[none|f=button:Add attachment|h=None]@16.7 ; Tab>menuitem:File[menu×1|f=menuitem:File|h=File]@355.1 ; Enter>button:Switch theme[none|f=button:Switch theme|h=None]@680.9
chromium-dark-desktop › orbit-menu-sample menu-enter-tab-enter paced sample 8,orbit-menu-sample,menu,menu-enter-tab-enter,menu-enter-enter,paced,8,Enter Tab Enter,none | none | @button:Switch theme | theme changed,0,0,Enter>button:Add attachment[none|f=button:Add attachment|h=None]@29.2 ; Tab>menuitem:File[menu×1|f=menuitem:File|h=File]@375.1 ; Enter>button:Switch theme[none|f=button:Switch theme|h=None]@702.7
chromium-dark-desktop › orbit-menu-sample menu-enter-tab-enter paced sample 9,orbit-menu-sample,menu,menu-enter-tab-enter,menu-enter-enter,paced,9,Enter Tab Enter,none | none | @button:Switch theme | theme changed,0,0,Enter>button:Add attachment[none|f=button:Add attachment|h=None]@31.4 ; Tab>menuitem:File[menu×1|f=menuitem:File|h=File]@371.6 ; Enter>button:Switch theme[none|f=button:Switch theme|h=None]@697.1
chromium-dark-desktop › orbit-menu-sample menu-enter-tab-enter paced sample 10,orbit-menu-sample,menu,menu-enter-tab-enter,menu-enter-enter,paced,10,Enter Tab Enter,none | none | @button:Switch theme | theme changed,0,0,Enter>button:Add attachment[none|f=button:Add attachment|h=None]@19.6 ; Tab>menuitem:File[menu×1|f=menuitem:File|h=File]@362.6 ; Enter>button:Switch theme[none|f=button:Switch theme|h=None]@688.8
chromium-dark-desktop › orbit-menu-sample menu-enter-tab-enter paced sample 11,orbit-menu-sample,menu,menu-enter-tab-enter,menu-enter-enter,paced,11,Enter Tab Enter,none | none | @button:Switch theme | theme changed,0,0,Enter>button:Add attachment[none|f=button:Add attachment|h=None]@25.5 ; Tab>menuitem:File[menu×1|f=menuitem:File|h=File]@366.3 ; Enter>button:Switch theme[none|f=button:Switch theme|h=None]@698.2
chromium-dark-desktop › orbit-menu-sample menu-enter-tab-enter paced sample 12,orbit-menu-sample,menu,menu-enter-tab-enter,menu-enter-enter,paced,12,Enter Tab Enter,none | none | @button:Switch theme | theme changed,0,0,Enter>button:Add attachment[none|f=button:Add attachment|h=None]@22.8 ; Tab>menuitem:File[menu×1|f=menuitem:File|h=File]@366.7 ; Enter>button:Switch theme[none|f=button:Switch theme|h=None]@696.2
chromium-dark-desktop › orbit-menu-sample menu-enter-tab-enter paced sample 13,orbit-menu-sample,menu,menu-enter-tab-enter,menu-enter-enter,paced,13,Enter Tab Enter,none | none | @button:Switch theme | theme changed,0,0,Enter>button:Add attachment[none|f=button:Add attachment|h=None]@30.6 ; Tab>menuitem:File[menu×1|f=menuitem:File|h=File]@358.8 ; Enter>button:Switch theme[none|f=button:Switch theme|h=None]@684.3
chromium-dark-desktop › orbit-menu-sample menu-enter-tab-enter paced sample 14,orbit-menu-sample,menu,menu-enter-tab-enter,menu-enter-enter,paced,14,Enter Tab Enter,none | none | @button:Switch theme | theme changed,0,0,Enter>button:Add attachment[none|f=button:Add attachment|h=None]@30.7 ; Tab>menuitem:File[menu×1|f=menuitem:File|h=File]@362.1 ; Enter>button:Switch theme[none|f=button:Switch theme|h=None]@682.7
chromium-dark-desktop › orbit-menu-sample menu-enter-tab-enter paced sample 15,orbit-menu-sample,menu,menu-enter-tab-enter,menu-enter-enter,paced,15,Enter Tab Enter,none | none | @button:Switch theme | theme changed,0,0,Enter>button:Add attachment[none|f=button:Add attachment|h=None]@32.5 ; Tab>menuitem:File[menu×1|f=menuitem:File|h=File]@374.9 ; Enter>button:Switch theme[none|f=button:Switch theme|h=None]@701.8
chromium-dark-desktop › orbit-menu-sample menu-enter-tab-enter paced sample 16,orbit-menu-sample,menu,menu-enter-tab-enter,menu-enter-enter,paced,16,Enter Tab Enter,none | none | @button:Switch theme | theme changed,0,0,Enter>button:Add attachment[none|f=button:Add attachment|h=None]@18.4 ; Tab>menuitem:File[menu×1|f=menuitem:File|h=File]@362.2 ; Enter>button:Switch theme[none|f=button:Switch theme|h=None]@687.2
chromium-dark-desktop › orbit-menu-sample menu-enter-tab-enter paced sample 17,orbit-menu-sample,menu,menu-enter-tab-enter,menu-enter-enter,paced,17,Enter Tab Enter,none | none | @button:Switch theme | theme changed,0,0,Enter>button:Add attachment[none|f=button:Add attachment|h=None]@27.6 ; Tab>menuitem:File[menu×1|f=menuitem:File|h=File]@368.6 ; Enter>button:Switch theme[none|f=button:Switch theme|h=None]@700.1
chromium-dark-desktop › orbit-menu-sample menu-enter-tab-enter paced sample 18,orbit-menu-sample,menu,menu-enter-tab-enter,menu-enter-enter,paced,18,Enter Tab Enter,none | none | @button:Switch theme | theme changed,0,0,Enter>button:Add attachment[none|f=button:Add attachment|h=None]@31.9 ; Tab>menuitem:File[menu×1|f=menuitem:File|h=File]@369.4 ; Enter>button:Switch theme[none|f=button:Switch theme|h=None]@695
chromium-dark-desktop › orbit-menu-sample menu-enter-tab-enter paced sample 19,orbit-menu-sample,menu,menu-enter-tab-enter,menu-enter-enter,paced,19,Enter Tab Enter,none | none | @button:Switch theme | theme changed,0,0,Enter>button:Add attachment[none|f=button:Add attachment|h=None]@27.6 ; Tab>menuitem:File[menu×1|f=menuitem:File|h=File]@371 ; Enter>button:Switch theme[none|f=button:Switch theme|h=None]@695.8
chromium-dark-desktop › antd-menu menu-enter-tab-enter burst sample 0,antd-menu,menu,menu-enter-tab-enter,menu-enter-enter,burst,0,Enter Tab Enter,ran File | none | @body:darkSwitch themeAdd atta,1,0,Enter>button:Add attachment[none|f=button:Add attachment|h=None]@28.1 ; Tab>button:Add attachment[menu×1|f=button:Add attachment|h=None]@90.7 ; Enter>menuitem:File[menu×1|f=menuitem:File|h=None]@97.5
chromium-dark-desktop › antd-menu menu-enter-tab-enter burst sample 1,antd-menu,menu,menu-enter-tab-enter,menu-enter-enter,burst,1,Enter Tab Enter,ran File | none | @body:darkSwitch themeAdd atta,1,0,Enter>button:Add attachment[none|f=button:Add attachment|h=None]@20.7 ; Tab>button:Add attachment[menu×1|f=button:Add attachment|h=None]@85.8 ; Enter>menuitem:File[menu×1|f=menuitem:File|h=None]@89.1
chromium-dark-desktop › antd-menu menu-enter-tab-enter burst sample 2,antd-menu,menu,menu-enter-tab-enter,menu-enter-enter,burst,2,Enter Tab Enter,ran File | none | @body:darkSwitch themeAdd atta,1,0,Enter>button:Add attachment[none|f=button:Add attachment|h=None]@31.5 ; Tab>button:Add attachment[menu×1|f=button:Add attachment|h=None]@93.8 ; Enter>menuitem:File[menu×1|f=menuitem:File|h=None]@97.1
chromium-dark-desktop › antd-menu menu-enter-tab-enter burst sample 3,antd-menu,menu,menu-enter-tab-enter,menu-enter-enter,burst,3,Enter Tab Enter,ran File | none | @body:darkSwitch themeAdd atta,1,0,Enter>button:Add attachment[none|f=button:Add attachment|h=None]@23.5 ; Tab>button:Add attachment[menu×1|f=button:Add attachment|h=None]@89.4 ; Enter>menuitem:File[menu×1|f=menuitem:File|h=None]@92.8
chromium-dark-desktop › antd-menu menu-enter-tab-enter burst sample 4,antd-menu,menu,menu-enter-tab-enter,menu-enter-enter,burst,4,Enter Tab Enter,ran File | none | @body:darkSwitch themeAdd atta,1,0,Enter>button:Add attachment[none|f=button:Add attachment|h=None]@30.1 ; Tab>button:Add attachment[menu×1|f=button:Add attachment|h=None]@93 ; Enter>menuitem:File[menu×1|f=menuitem:File|h=None]@96.7
chromium-dark-desktop › antd-menu menu-enter-tab-enter burst sample 5,antd-menu,menu,menu-enter-tab-enter,menu-enter-enter,burst,5,Enter Tab Enter,ran File | none | @body:darkSwitch themeAdd atta,1,0,Enter>button:Add attachment[none|f=button:Add attachment|h=None]@31.4 ; Tab>button:Add attachment[menu×1|f=button:Add attachment|h=None]@91.7 ; Enter>menuitem:File[menu×1|f=menuitem:File|h=None]@94.7
chromium-dark-desktop › antd-menu menu-enter-tab-enter burst sample 6,antd-menu,menu,menu-enter-tab-enter,menu-enter-enter,burst,6,Enter Tab Enter,ran File | none | @body:darkSwitch themeAdd atta,1,0,Enter>button:Add attachment[none|f=button:Add attachment|h=None]@32.2 ; Tab>button:Add attachment[menu×1|f=button:Add attachment|h=None]@105.4 ; Enter>menuitem:File[menu×1|f=menuitem:File|h=None]@109.2
chromium-dark-desktop › antd-menu menu-enter-tab-enter burst sample 7,antd-menu,menu,menu-enter-tab-enter,menu-enter-enter,burst,7,Enter Tab Enter,ran File | none | @body:darkSwitch themeAdd atta,1,0,Enter>button:Add attachment[none|f=button:Add attachment|h=None]@20.1 ; Tab>button:Add attachment[menu×1|f=button:Add attachment|h=None]@82.9 ; Enter>menuitem:File[menu×1|f=menuitem:File|h=None]@86.3
chromium-dark-desktop › antd-menu menu-enter-tab-enter burst sample 8,antd-menu,menu,menu-enter-tab-enter,menu-enter-enter,burst,8,Enter Tab Enter,ran File | none | @body:darkSwitch themeAdd atta,1,0,Enter>button:Add attachment[none|f=button:Add attachment|h=None]@17.4 ; Tab>button:Add attachment[menu×1|f=button:Add attachment|h=None]@66.2 ; Enter>menuitem:File[menu×1|f=menuitem:File|h=None]@68.9
chromium-dark-desktop › antd-menu menu-enter-tab-enter burst sample 9,antd-menu,menu,menu-enter-tab-enter,menu-enter-enter,burst,9,Enter Tab Enter,ran File | none | @body:darkSwitch themeAdd atta,1,0,Enter>button:Add attachment[none|f=button:Add attachment|h=None]@20.8 ; Tab>button:Add attachment[menu×1|f=button:Add attachment|h=None]@68.7 ; Enter>menuitem:File[menu×1|f=menuitem:File|h=None]@71.1
chromium-dark-desktop › antd-menu menu-enter-tab-enter burst sample 10,antd-menu,menu,menu-enter-tab-enter,menu-enter-enter,burst,10,Enter Tab Enter,ran File | none | @body:darkSwitch themeAdd atta,1,0,Enter>button:Add attachment[none|f=button:Add attachment|h=None]@32.5 ; Tab>button:Add attachment[menu×1|f=button:Add attachment|h=None]@86.6 ; Enter>menuitem:File[menu×1|f=menuitem:File|h=None]@88.9
chromium-dark-desktop › antd-menu menu-enter-tab-enter burst sample 11,antd-menu,menu,menu-enter-tab-enter,menu-enter-enter,burst,11,Enter Tab Enter,ran File | none | @body:darkSwitch themeAdd atta,1,0,Enter>button:Add attachment[none|f=button:Add attachment|h=None]@28.7 ; Tab>button:Add attachment[menu×1|f=button:Add attachment|h=None]@72.8 ; Enter>menuitem:File[menu×1|f=menuitem:File|h=None]@75
chromium-dark-desktop › antd-menu menu-enter-tab-enter burst sample 12,antd-menu,menu,menu-enter-tab-enter,menu-enter-enter,burst,12,Enter Tab Enter,ran File | none | @body:darkSwitch themeAdd atta,1,0,Enter>button:Add attachment[none|f=button:Add attachment|h=None]@32.7 ; Tab>button:Add attachment[menu×1|f=button:Add attachment|h=None]@77.7 ; Enter>menuitem:File[menu×1|f=menuitem:File|h=None]@79.9
chromium-dark-desktop › antd-menu menu-enter-tab-enter burst sample 13,antd-menu,menu,menu-enter-tab-enter,menu-enter-enter,burst,13,Enter Tab Enter,ran File | none | @body:darkSwitch themeAdd atta,1,0,Enter>button:Add attachment[none|f=button:Add attachment|h=None]@26.5 ; Tab>button:Add attachment[menu×1|f=button:Add attachment|h=None]@72.5 ; Enter>menuitem:File[menu×1|f=menuitem:File|h=None]@74.8
chromium-dark-desktop › antd-menu menu-enter-tab-enter burst sample 14,antd-menu,menu,menu-enter-tab-enter,menu-enter-enter,burst,14,Enter Tab Enter,ran File | none | @body:darkSwitch themeAdd atta,1,0,Enter>button:Add attachment[none|f=button:Add attachment|h=None]@19.8 ; Tab>button:Add attachment[menu×1|f=button:Add attachment|h=None]@78.9 ; Enter>menuitem:File[menu×1|f=menuitem:File|h=None]@83.4
chromium-dark-desktop › antd-menu menu-enter-tab-enter burst sample 15,antd-menu,menu,menu-enter-tab-enter,menu-enter-enter,burst,15,Enter Tab Enter,ran File | none | @body:darkSwitch themeAdd atta,1,0,Enter>button:Add attachment[none|f=button:Add attachment|h=None]@22.4 ; Tab>button:Add attachment[menu×1|f=button:Add attachment|h=None]@69.6 ; Enter>menuitem:File[menu×1|f=menuitem:File|h=None]@72
chromium-dark-desktop › antd-menu menu-enter-tab-enter burst sample 16,antd-menu,menu,menu-enter-tab-enter,menu-enter-enter,burst,16,Enter Tab Enter,ran File | none | @body:darkSwitch themeAdd atta,1,0,Enter>button:Add attachment[none|f=button:Add attachment|h=None]@32.9 ; Tab>button:Add attachment[menu×1|f=button:Add attachment|h=None]@83 ; Enter>menuitem:File[menu×1|f=menuitem:File|h=None]@85.5
chromium-dark-desktop › antd-menu menu-enter-tab-enter burst sample 17,antd-menu,menu,menu-enter-tab-enter,menu-enter-enter,burst,17,Enter Tab Enter,ran File | none | @body:darkSwitch themeAdd atta,1,0,Enter>button:Add attachment[none|f=button:Add attachment|h=None]@29.5 ; Tab>button:Add attachment[menu×1|f=button:Add attachment|h=None]@98.2 ; Enter>menuitem:File[menu×1|f=menuitem:File|h=None]@101.8
chromium-dark-desktop › antd-menu menu-enter-tab-enter burst sample 18,antd-menu,menu,menu-enter-tab-enter,menu-enter-enter,burst,18,Enter Tab Enter,ran File | none | @body:darkSwitch themeAdd atta,1,0,Enter>button:Add attachment[none|f=button:Add attachment|h=None]@31.4 ; Tab>button:Add attachment[menu×1|f=button:Add attachment|h=None]@77.9 ; Enter>menuitem:File[menu×1|f=menuitem:File|h=None]@80.3
chromium-dark-desktop › antd-menu menu-enter-tab-enter burst sample 19,antd-menu,menu,menu-enter-tab-enter,menu-enter-enter,burst,19,Enter Tab Enter,ran File | none | @body:darkSwitch themeAdd atta,1,0,Enter>button:Add attachment[none|f=button:Add attachment|h=None]@30.4 ; Tab>button:Add attachment[menu×1|f=button:Add attachment|h=None]@100.1 ; Enter>menuitem:File[menu×1|f=menuitem:File|h=None]@103.6
chromium-dark-desktop › antd-menu menu-enter-tab-enter paced sample 0,antd-menu,menu,menu-enter-tab-enter,menu-enter-enter,paced,0,Enter Tab Enter,ran File | none | @body:darkSwitch themeAdd atta,1,0,Enter>button:Add attachment[none|f=button:Add attachment|h=None]@25.9 ; Tab>button:Add attachment[menu×1|f=button:Add attachment|h=None]@378.3 ; Enter>menuitem:File[menu×1|f=menuitem:File|h=None]@687
chromium-dark-desktop › antd-menu menu-enter-tab-enter paced sample 1,antd-menu,menu,menu-enter-tab-enter,menu-enter-enter,paced,1,Enter Tab Enter,ran File | none | @body:darkSwitch themeAdd atta,1,0,Enter>button:Add attachment[none|f=button:Add attachment|h=None]@26.1 ; Tab>button:Add attachment[menu×1|f=button:Add attachment|h=None]@375.8 ; Enter>menuitem:File[menu×1|f=menuitem:File|h=None]@685.1
chromium-dark-desktop › antd-menu menu-enter-tab-enter paced sample 2,antd-menu,menu,menu-enter-tab-enter,menu-enter-enter,paced,2,Enter Tab Enter,ran File | none | @body:darkSwitch themeAdd atta,1,0,Enter>button:Add attachment[none|f=button:Add attachment|h=None]@16.2 ; Tab>button:Add attachment[menu×1|f=button:Add attachment|h=None]@381.9 ; Enter>menuitem:File[menu×1|f=menuitem:File|h=None]@691.5
chromium-dark-desktop › antd-menu menu-enter-tab-enter paced sample 3,antd-menu,menu,menu-enter-tab-enter,menu-enter-enter,paced,3,Enter Tab Enter,ran File | none | @body:darkSwitch themeAdd atta,1,0,Enter>button:Add attachment[none|f=button:Add attachment|h=None]@21.9 ; Tab>button:Add attachment[menu×1|f=button:Add attachment|h=None]@397.9 ; Enter>menuitem:File[menu×1|f=menuitem:File|h=None]@709.1
chromium-dark-desktop › antd-menu menu-enter-tab-enter paced sample 4,antd-menu,menu,menu-enter-tab-enter,menu-enter-enter,paced,4,Enter Tab Enter,ran File | none | @body:darkSwitch themeAdd atta,1,0,Enter>button:Add attachment[none|f=button:Add attachment|h=None]@20 ; Tab>button:Add attachment[menu×1|f=button:Add attachment|h=None]@393.2 ; Enter>menuitem:File[menu×1|f=menuitem:File|h=None]@701.1
chromium-dark-desktop › antd-menu menu-enter-tab-enter paced sample 5,antd-menu,menu,menu-enter-tab-enter,menu-enter-enter,paced,5,Enter Tab Enter,ran File | none | @body:darkSwitch themeAdd atta,1,0,Enter>button:Add attachment[none|f=button:Add attachment|h=None]@23.3 ; Tab>button:Add attachment[menu×1|f=button:Add attachment|h=None]@395.7 ; Enter>menuitem:File[menu×1|f=menuitem:File|h=None]@703.6
chromium-dark-desktop › antd-menu menu-enter-tab-enter paced sample 6,antd-menu,menu,menu-enter-tab-enter,menu-enter-enter,paced,6,Enter Tab Enter,ran File | none | @body:darkSwitch themeAdd atta,1,0,Enter>button:Add attachment[none|f=button:Add attachment|h=None]@20.5 ; Tab>button:Add attachment[menu×1|f=button:Add attachment|h=None]@391.3 ; Enter>menuitem:File[menu×1|f=menuitem:File|h=None]@698.3
chromium-dark-desktop › antd-menu menu-enter-tab-enter paced sample 7,antd-menu,menu,menu-enter-tab-enter,menu-enter-enter,paced,7,Enter Tab Enter,ran File | none | @body:darkSwitch themeAdd atta,1,0,Enter>button:Add attachment[none|f=button:Add attachment|h=None]@16.3 ; Tab>button:Add attachment[menu×1|f=button:Add attachment|h=None]@385.3 ; Enter>menuitem:File[menu×1|f=menuitem:File|h=None]@694.8
chromium-dark-desktop › antd-menu menu-enter-tab-enter paced sample 8,antd-menu,menu,menu-enter-tab-enter,menu-enter-enter,paced,8,Enter Tab Enter,ran File | none | @body:darkSwitch themeAdd atta,1,0,Enter>button:Add attachment[none|f=button:Add attachment|h=None]@21.8 ; Tab>button:Add attachment[menu×1|f=button:Add attachment|h=None]@391.7 ; Enter>menuitem:File[menu×1|f=menuitem:File|h=None]@701.2
chromium-dark-desktop › antd-menu menu-enter-tab-enter paced sample 9,antd-menu,menu,menu-enter-tab-enter,menu-enter-enter,paced,9,Enter Tab Enter,ran File | none | @body:darkSwitch themeAdd atta,1,0,Enter>button:Add attachment[none|f=button:Add attachment|h=None]@13.6 ; Tab>button:Add attachment[menu×1|f=button:Add attachment|h=None]@389.3 ; Enter>menuitem:File[menu×1|f=menuitem:File|h=None]@696.7
chromium-dark-desktop › antd-menu menu-enter-tab-enter paced sample 10,antd-menu,menu,menu-enter-tab-enter,menu-enter-enter,paced,10,Enter Tab Enter,ran File | none | @body:darkSwitch themeAdd atta,1,0,Enter>button:Add attachment[none|f=button:Add attachment|h=None]@20.8 ; Tab>button:Add attachment[menu×1|f=button:Add attachment|h=None]@388.1 ; Enter>menuitem:File[menu×1|f=menuitem:File|h=None]@696.6
chromium-dark-desktop › antd-menu menu-enter-tab-enter paced sample 11,antd-menu,menu,menu-enter-tab-enter,menu-enter-enter,paced,11,Enter Tab Enter,ran File | none | @body:darkSwitch themeAdd atta,1,0,Enter>button:Add attachment[none|f=button:Add attachment|h=None]@24.2 ; Tab>button:Add attachment[menu×1|f=button:Add attachment|h=None]@396.5 ; Enter>menuitem:File[menu×1|f=menuitem:File|h=None]@704.6
chromium-dark-desktop › antd-menu menu-enter-tab-enter paced sample 12,antd-menu,menu,menu-enter-tab-enter,menu-enter-enter,paced,12,Enter Tab Enter,ran File | none | @body:darkSwitch themeAdd atta,1,0,Enter>button:Add attachment[none|f=button:Add attachment|h=None]@23.8 ; Tab>button:Add attachment[menu×1|f=button:Add attachment|h=None]@392.7 ; Enter>menuitem:File[menu×1|f=menuitem:File|h=None]@699.6
chromium-dark-desktop › antd-menu menu-enter-tab-enter paced sample 13,antd-menu,menu,menu-enter-tab-enter,menu-enter-enter,paced,13,Enter Tab Enter,ran File | none | @body:darkSwitch themeAdd atta,1,0,Enter>button:Add attachment[none|f=button:Add attachment|h=None]@29 ; Tab>button:Add attachment[menu×1|f=button:Add attachment|h=None]@401.2 ; Enter>menuitem:File[menu×1|f=menuitem:File|h=None]@709.4
chromium-dark-desktop › antd-menu menu-enter-tab-enter paced sample 14,antd-menu,menu,menu-enter-tab-enter,menu-enter-enter,paced,14,Enter Tab Enter,ran File | none | @body:darkSwitch themeAdd atta,1,0,Enter>button:Add attachment[none|f=button:Add attachment|h=None]@28.7 ; Tab>button:Add attachment[menu×1|f=button:Add attachment|h=None]@403.1 ; Enter>menuitem:File[menu×1|f=menuitem:File|h=None]@712.2
chromium-dark-desktop › antd-menu menu-enter-tab-enter paced sample 15,antd-menu,menu,menu-enter-tab-enter,menu-enter-enter,paced,15,Enter Tab Enter,ran File | none | @body:darkSwitch themeAdd atta,1,0,Enter>button:Add attachment[none|f=button:Add attachment|h=None]@23.4 ; Tab>button:Add attachment[menu×1|f=button:Add attachment|h=None]@396.9 ; Enter>menuitem:File[menu×1|f=menuitem:File|h=None]@704.8
chromium-dark-desktop › antd-menu menu-enter-tab-enter paced sample 16,antd-menu,menu,menu-enter-tab-enter,menu-enter-enter,paced,16,Enter Tab Enter,ran File | none | @body:darkSwitch themeAdd atta,1,0,Enter>button:Add attachment[none|f=button:Add attachment|h=None]@20.1 ; Tab>button:Add attachment[menu×1|f=button:Add attachment|h=None]@388.7 ; Enter>menuitem:File[menu×1|f=menuitem:File|h=None]@697
chromium-dark-desktop › antd-menu menu-enter-tab-enter paced sample 17,antd-menu,menu,menu-enter-tab-enter,menu-enter-enter,paced,17,Enter Tab Enter,ran File | none | @body:darkSwitch themeAdd atta,1,0,Enter>button:Add attachment[none|f=button:Add attachment|h=None]@28.5 ; Tab>button:Add attachment[menu×1|f=button:Add attachment|h=None]@405.1 ; Enter>menuitem:File[menu×1|f=menuitem:File|h=None]@712.7
chromium-dark-desktop › antd-menu menu-enter-tab-enter paced sample 18,antd-menu,menu,menu-enter-tab-enter,menu-enter-enter,paced,18,Enter Tab Enter,ran File | none | @body:darkSwitch themeAdd atta,1,0,Enter>button:Add attachment[none|f=button:Add attachment|h=None]@25.7 ; Tab>button:Add attachment[menu×1|f=button:Add attachment|h=None]@401.1 ; Enter>menuitem:File[menu×1|f=menuitem:File|h=None]@709
chromium-dark-desktop › antd-menu menu-enter-tab-enter paced sample 19,antd-menu,menu,menu-enter-tab-enter,menu-enter-enter,paced,19,Enter Tab Enter,ran File | none | @body:darkSwitch themeAdd atta,1,0,Enter>button:Add attachment[none|f=button:Add attachment|h=None]@25.7 ; Tab>button:Add attachment[menu×1|f=button:Add attachment|h=None]@392.3 ; Enter>menuitem:File[menu×1|f=menuitem:File|h=None]@699.9
chromium-dark-desktop › orbit-menu menu-enter-shift-tab burst sample 0,orbit-menu,menu,menu-enter-shift-tab,menu-enter,burst,0,Enter Shift+Tab,none | none | @body:darkSwitch themeOpen Dia,1,0,Enter>button:Add attachment[none|f=button:Add attachment|h=None]@32.6 ; Shift+Tab>button:Add attachment[menu×1|f=button:Add attachment|h=File]@57.5
chromium-dark-desktop › orbit-menu menu-enter-shift-tab burst sample 1,orbit-menu,menu,menu-enter-shift-tab,menu-enter,burst,1,Enter Shift+Tab,none | none | @body:darkSwitch themeOpen Dia,1,0,Enter>button:Add attachment[none|f=button:Add attachment|h=None]@31.6 ; Shift+Tab>button:Add attachment[menu×1|f=button:Add attachment|h=File]@58.6
chromium-dark-desktop › orbit-menu menu-enter-shift-tab burst sample 2,orbit-menu,menu,menu-enter-shift-tab,menu-enter,burst,2,Enter Shift+Tab,none | none | @body:darkSwitch themeOpen Dia,1,0,Enter>button:Add attachment[none|f=button:Add attachment|h=None]@24 ; Shift+Tab>button:Add attachment[menu×1|f=button:Add attachment|h=File]@58.3
chromium-dark-desktop › orbit-menu menu-enter-shift-tab burst sample 3,orbit-menu,menu,menu-enter-shift-tab,menu-enter,burst,3,Enter Shift+Tab,none | none | @body:darkSwitch themeOpen Dia,1,0,Enter>button:Add attachment[none|f=button:Add attachment|h=None]@31.8 ; Shift+Tab>button:Add attachment[menu×1|f=button:Add attachment|h=File]@56.8
chromium-dark-desktop › orbit-menu menu-enter-shift-tab burst sample 4,orbit-menu,menu,menu-enter-shift-tab,menu-enter,burst,4,Enter Shift+Tab,none | none | @body:darkSwitch themeOpen Dia,1,0,Enter>button:Add attachment[none|f=button:Add attachment|h=None]@24.8 ; Shift+Tab>button:Add attachment[menu×1|f=button:Add attachment|h=File]@51.5
chromium-dark-desktop › orbit-menu menu-enter-shift-tab burst sample 5,orbit-menu,menu,menu-enter-shift-tab,menu-enter,burst,5,Enter Shift+Tab,none | none | @body:darkSwitch themeOpen Dia,1,0,Enter>button:Add attachment[none|f=button:Add attachment|h=None]@27.9 ; Shift+Tab>button:Add attachment[menu×1|f=button:Add attachment|h=File]@57.2
chromium-dark-desktop › orbit-menu menu-enter-shift-tab burst sample 6,orbit-menu,menu,menu-enter-shift-tab,menu-enter,burst,6,Enter Shift+Tab,none | none | @body:darkSwitch themeOpen Dia,1,0,Enter>button:Add attachment[none|f=button:Add attachment|h=None]@19.9 ; Shift+Tab>button:Add attachment[menu×1|f=button:Add attachment|h=File]@45.2
chromium-dark-desktop › orbit-menu menu-enter-shift-tab burst sample 7,orbit-menu,menu,menu-enter-shift-tab,menu-enter,burst,7,Enter Shift+Tab,none | none | @body:darkSwitch themeOpen Dia,1,0,Enter>button:Add attachment[none|f=button:Add attachment|h=None]@17.6 ; Shift+Tab>button:Add attachment[menu×1|f=button:Add attachment|h=File]@43.2
chromium-dark-desktop › orbit-menu menu-enter-shift-tab burst sample 8,orbit-menu,menu,menu-enter-shift-tab,menu-enter,burst,8,Enter Shift+Tab,none | none | @body:darkSwitch themeOpen Dia,1,0,Enter>button:Add attachment[none|f=button:Add attachment|h=None]@29.7 ; Shift+Tab>button:Add attachment[menu×1|f=button:Add attachment|h=File]@55.2
chromium-dark-desktop › orbit-menu menu-enter-shift-tab burst sample 9,orbit-menu,menu,menu-enter-shift-tab,menu-enter,burst,9,Enter Shift+Tab,none | none | @body:darkSwitch themeOpen Dia,1,0,Enter>button:Add attachment[none|f=button:Add attachment|h=None]@26.2 ; Shift+Tab>button:Add attachment[menu×1|f=button:Add attachment|h=File]@51.9
chromium-dark-desktop › orbit-menu menu-enter-shift-tab burst sample 10,orbit-menu,menu,menu-enter-shift-tab,menu-enter,burst,10,Enter Shift+Tab,none | none | @body:darkSwitch themeOpen Dia,1,0,Enter>button:Add attachment[none|f=button:Add attachment|h=None]@16.1 ; Shift+Tab>button:Add attachment[menu×1|f=button:Add attachment|h=File]@40.8
chromium-dark-desktop › orbit-menu menu-enter-shift-tab burst sample 11,orbit-menu,menu,menu-enter-shift-tab,menu-enter,burst,11,Enter Shift+Tab,none | none | @body:darkSwitch themeOpen Dia,1,0,Enter>button:Add attachment[none|f=button:Add attachment|h=None]@19.7 ; Shift+Tab>button:Add attachment[menu×1|f=button:Add attachment|h=File]@43.9
chromium-dark-desktop › orbit-menu menu-enter-shift-tab burst sample 12,orbit-menu,menu,menu-enter-shift-tab,menu-enter,burst,12,Enter Shift+Tab,none | none | @body:darkSwitch themeOpen Dia,1,0,Enter>button:Add attachment[none|f=button:Add attachment|h=None]@25.6 ; Shift+Tab>button:Add attachment[menu×1|f=button:Add attachment|h=File]@50.5
chromium-dark-desktop › orbit-menu menu-enter-shift-tab burst sample 13,orbit-menu,menu,menu-enter-shift-tab,menu-enter,burst,13,Enter Shift+Tab,none | none | @body:darkSwitch themeOpen Dia,1,0,Enter>button:Add attachment[none|f=button:Add attachment|h=None]@22 ; Shift+Tab>button:Add attachment[menu×1|f=button:Add attachment|h=File]@46.6
chromium-dark-desktop › orbit-menu menu-enter-shift-tab burst sample 14,orbit-menu,menu,menu-enter-shift-tab,menu-enter,burst,14,Enter Shift+Tab,none | none | @body:darkSwitch themeOpen Dia,1,0,Enter>button:Add attachment[none|f=button:Add attachment|h=None]@30.5 ; Shift+Tab>button:Add attachment[menu×1|f=button:Add attachment|h=File]@56.7
chromium-dark-desktop › orbit-menu menu-enter-shift-tab burst sample 15,orbit-menu,menu,menu-enter-shift-tab,menu-enter,burst,15,Enter Shift+Tab,none | none | @body:darkSwitch themeOpen Dia,1,0,Enter>button:Add attachment[none|f=button:Add attachment|h=None]@24 ; Shift+Tab>button:Add attachment[menu×1|f=button:Add attachment|h=File]@50.6
chromium-dark-desktop › orbit-menu menu-enter-shift-tab burst sample 16,orbit-menu,menu,menu-enter-shift-tab,menu-enter,burst,16,Enter Shift+Tab,none | none | @body:darkSwitch themeOpen Dia,1,0,Enter>button:Add attachment[none|f=button:Add attachment|h=None]@19.5 ; Shift+Tab>button:Add attachment[menu×1|f=button:Add attachment|h=File]@44.2
chromium-dark-desktop › orbit-menu menu-enter-shift-tab burst sample 17,orbit-menu,menu,menu-enter-shift-tab,menu-enter,burst,17,Enter Shift+Tab,none | none | @body:darkSwitch themeOpen Dia,1,0,Enter>button:Add attachment[none|f=button:Add attachment|h=None]@19.8 ; Shift+Tab>button:Add attachment[menu×1|f=button:Add attachment|h=File]@52.4
chromium-dark-desktop › orbit-menu menu-enter-shift-tab burst sample 18,orbit-menu,menu,menu-enter-shift-tab,menu-enter,burst,18,Enter Shift+Tab,none | none | @body:darkSwitch themeOpen Dia,1,0,Enter>button:Add attachment[none|f=button:Add attachment|h=None]@33.1 ; Shift+Tab>button:Add attachment[menu×1|f=button:Add attachment|h=File]@87.1
chromium-dark-desktop › orbit-menu menu-enter-shift-tab burst sample 19,orbit-menu,menu,menu-enter-shift-tab,menu-enter,burst,19,Enter Shift+Tab,none | none | @body:darkSwitch themeOpen Dia,1,0,Enter>button:Add attachment[none|f=button:Add attachment|h=None]@33 ; Shift+Tab>button:Add attachment[menu×1|f=button:Add attachment|h=File]@57.9
chromium-dark-desktop › orbit-menu menu-enter-shift-tab paced sample 0,orbit-menu,menu,menu-enter-shift-tab,menu-enter,paced,0,Enter Shift+Tab,none | none | @button:Add attachment,0,0,Enter>button:Add attachment[none|f=button:Add attachment|h=None]@17.6 ; Shift+Tab>menuitem:File[menu×1|f=menuitem:File|h=File]@355.7
chromium-dark-desktop › orbit-menu menu-enter-shift-tab paced sample 1,orbit-menu,menu,menu-enter-shift-tab,menu-enter,paced,1,Enter Shift+Tab,none | none | @button:Add attachment,0,0,Enter>button:Add attachment[none|f=button:Add attachment|h=None]@19.9 ; Shift+Tab>menuitem:File[menu×1|f=menuitem:File|h=File]@355.9
chromium-dark-desktop › orbit-menu menu-enter-shift-tab paced sample 2,orbit-menu,menu,menu-enter-shift-tab,menu-enter,paced,2,Enter Shift+Tab,none | none | @button:Add attachment,0,0,Enter>button:Add attachment[none|f=button:Add attachment|h=None]@31.6 ; Shift+Tab>menuitem:File[menu×1|f=menuitem:File|h=File]@364.6
chromium-dark-desktop › orbit-menu menu-enter-shift-tab paced sample 3,orbit-menu,menu,menu-enter-shift-tab,menu-enter,paced,3,Enter Shift+Tab,none | none | @button:Add attachment,0,0,Enter>button:Add attachment[none|f=button:Add attachment|h=None]@15.4 ; Shift+Tab>menuitem:File[menu×1|f=menuitem:File|h=File]@371.3
chromium-dark-desktop › orbit-menu menu-enter-shift-tab paced sample 4,orbit-menu,menu,menu-enter-shift-tab,menu-enter,paced,4,Enter Shift+Tab,none | none | @button:Add attachment,0,0,Enter>button:Add attachment[none|f=button:Add attachment|h=None]@8.7 ; Shift+Tab>menuitem:File[menu×1|f=menuitem:File|h=File]@354.9
chromium-dark-desktop › orbit-menu menu-enter-shift-tab paced sample 5,orbit-menu,menu,menu-enter-shift-tab,menu-enter,paced,5,Enter Shift+Tab,none | none | @button:Add attachment,0,0,Enter>button:Add attachment[none|f=button:Add attachment|h=None]@34.4 ; Shift+Tab>menuitem:File[menu×1|f=menuitem:File|h=File]@369.6
chromium-dark-desktop › orbit-menu menu-enter-shift-tab paced sample 6,orbit-menu,menu,menu-enter-shift-tab,menu-enter,paced,6,Enter Shift+Tab,none | none | @button:Add attachment,0,0,Enter>button:Add attachment[none|f=button:Add attachment|h=None]@16 ; Shift+Tab>menuitem:File[menu×1|f=menuitem:File|h=File]@351.7
chromium-dark-desktop › orbit-menu menu-enter-shift-tab paced sample 7,orbit-menu,menu,menu-enter-shift-tab,menu-enter,paced,7,Enter Shift+Tab,none | none | @button:Add attachment,0,0,Enter>button:Add attachment[none|f=button:Add attachment|h=None]@22.2 ; Shift+Tab>menuitem:File[menu×1|f=menuitem:File|h=File]@355.2
chromium-dark-desktop › orbit-menu menu-enter-shift-tab paced sample 8,orbit-menu,menu,menu-enter-shift-tab,menu-enter,paced,8,Enter Shift+Tab,none | none | @button:Add attachment,0,0,Enter>button:Add attachment[none|f=button:Add attachment|h=None]@21.2 ; Shift+Tab>menuitem:File[menu×1|f=menuitem:File|h=File]@355
chromium-dark-desktop › orbit-menu menu-enter-shift-tab paced sample 9,orbit-menu,menu,menu-enter-shift-tab,menu-enter,paced,9,Enter Shift+Tab,none | none | @button:Add attachment,0,0,Enter>button:Add attachment[none|f=button:Add attachment|h=None]@16.8 ; Shift+Tab>menuitem:File[menu×1|f=menuitem:File|h=File]@359.4
chromium-dark-desktop › orbit-menu menu-enter-shift-tab paced sample 10,orbit-menu,menu,menu-enter-shift-tab,menu-enter,paced,10,Enter Shift+Tab,none | none | @button:Add attachment,0,0,Enter>button:Add attachment[none|f=button:Add attachment|h=None]@23.2 ; Shift+Tab>menuitem:File[menu×1|f=menuitem:File|h=File]@357.3
chromium-dark-desktop › orbit-menu menu-enter-shift-tab paced sample 11,orbit-menu,menu,menu-enter-shift-tab,menu-enter,paced,11,Enter Shift+Tab,none | none | @button:Add attachment,0,0,Enter>button:Add attachment[none|f=button:Add attachment|h=None]@20.7 ; Shift+Tab>menuitem:File[menu×1|f=menuitem:File|h=File]@374.5
chromium-dark-desktop › orbit-menu menu-enter-shift-tab paced sample 12,orbit-menu,menu,menu-enter-shift-tab,menu-enter,paced,12,Enter Shift+Tab,none | none | @button:Add attachment,0,0,Enter>button:Add attachment[none|f=button:Add attachment|h=None]@30.2 ; Shift+Tab>menuitem:File[menu×1|f=menuitem:File|h=File]@363.6
chromium-dark-desktop › orbit-menu menu-enter-shift-tab paced sample 13,orbit-menu,menu,menu-enter-shift-tab,menu-enter,paced,13,Enter Shift+Tab,none | none | @button:Add attachment,0,0,Enter>button:Add attachment[none|f=button:Add attachment|h=None]@25.3 ; Shift+Tab>menuitem:File[menu×1|f=menuitem:File|h=File]@359.8
chromium-dark-desktop › orbit-menu menu-enter-shift-tab paced sample 14,orbit-menu,menu,menu-enter-shift-tab,menu-enter,paced,14,Enter Shift+Tab,none | none | @button:Add attachment,0,0,Enter>button:Add attachment[none|f=button:Add attachment|h=None]@23.8 ; Shift+Tab>menuitem:File[menu×1|f=menuitem:File|h=File]@358.2
chromium-dark-desktop › orbit-menu menu-enter-shift-tab paced sample 15,orbit-menu,menu,menu-enter-shift-tab,menu-enter,paced,15,Enter Shift+Tab,none | none | @button:Add attachment,0,0,Enter>button:Add attachment[none|f=button:Add attachment|h=None]@31.7 ; Shift+Tab>menuitem:File[menu×1|f=menuitem:File|h=File]@366.1
chromium-dark-desktop › orbit-menu menu-enter-shift-tab paced sample 16,orbit-menu,menu,menu-enter-shift-tab,menu-enter,paced,16,Enter Shift+Tab,none | none | @button:Add attachment,0,0,Enter>button:Add attachment[none|f=button:Add attachment|h=None]@27.9 ; Shift+Tab>menuitem:File[menu×1|f=menuitem:File|h=File]@362.7
chromium-dark-desktop › orbit-menu menu-enter-shift-tab paced sample 17,orbit-menu,menu,menu-enter-shift-tab,menu-enter,paced,17,Enter Shift+Tab,none | none | @button:Add attachment,0,0,Enter>button:Add attachment[none|f=button:Add attachment|h=None]@21.2 ; Shift+Tab>menuitem:File[menu×1|f=menuitem:File|h=File]@361.6
chromium-dark-desktop › orbit-menu menu-enter-shift-tab paced sample 18,orbit-menu,menu,menu-enter-shift-tab,menu-enter,paced,18,Enter Shift+Tab,none | none | @button:Add attachment,0,0,Enter>button:Add attachment[none|f=button:Add attachment|h=None]@31.8 ; Shift+Tab>menuitem:File[menu×1|f=menuitem:File|h=File]@368.6
chromium-dark-desktop › orbit-menu menu-enter-shift-tab paced sample 19,orbit-menu,menu,menu-enter-shift-tab,menu-enter,paced,19,Enter Shift+Tab,none | none | @button:Add attachment,0,0,Enter>button:Add attachment[none|f=button:Add attachment|h=None]@22.8 ; Shift+Tab>menuitem:File[menu×1|f=menuitem:File|h=File]@358.3
chromium-dark-desktop › orbit-menu-sample menu-enter-shift-tab burst sample 0,orbit-menu-sample,menu,menu-enter-shift-tab,menu-enter,burst,0,Enter Shift+Tab,none | none | @body:darkSwitch themeAdd atta,1,0,Enter>button:Add attachment[none|f=button:Add attachment|h=None]@22 ; Shift+Tab>button:Add attachment[menu×1|f=button:Add attachment|h=File]@55.1
chromium-dark-desktop › orbit-menu-sample menu-enter-shift-tab burst sample 1,orbit-menu-sample,menu,menu-enter-shift-tab,menu-enter,burst,1,Enter Shift+Tab,none | none | @body:darkSwitch themeAdd atta,1,0,Enter>button:Add attachment[none|f=button:Add attachment|h=None]@20.5 ; Shift+Tab>button:Add attachment[menu×1|f=button:Add attachment|h=File]@54.3
chromium-dark-desktop › orbit-menu-sample menu-enter-shift-tab burst sample 2,orbit-menu-sample,menu,menu-enter-shift-tab,menu-enter,burst,2,Enter Shift+Tab,none | none | @body:darkSwitch themeAdd atta,1,0,Enter>button:Add attachment[none|f=button:Add attachment|h=None]@28.9 ; Shift+Tab>button:Add attachment[menu×1|f=button:Add attachment|h=File]@58.9
chromium-dark-desktop › orbit-menu-sample menu-enter-shift-tab burst sample 3,orbit-menu-sample,menu,menu-enter-shift-tab,menu-enter,burst,3,Enter Shift+Tab,none | none | @body:darkSwitch themeAdd atta,1,0,Enter>button:Add attachment[none|f=button:Add attachment|h=None]@30.3 ; Shift+Tab>button:Add attachment[menu×1|f=button:Add attachment|h=File]@63.3
chromium-dark-desktop › orbit-menu-sample menu-enter-shift-tab burst sample 4,orbit-menu-sample,menu,menu-enter-shift-tab,menu-enter,burst,4,Enter Shift+Tab,none | none | @body:darkSwitch themeAdd atta,1,0,Enter>button:Add attachment[none|f=button:Add attachment|h=None]@24.6 ; Shift+Tab>button:Add attachment[menu×1|f=button:Add attachment|h=File]@54.3
chromium-dark-desktop › orbit-menu-sample menu-enter-shift-tab burst sample 5,orbit-menu-sample,menu,menu-enter-shift-tab,menu-enter,burst,5,Enter Shift+Tab,none | none | @body:darkSwitch themeAdd atta,1,0,Enter>button:Add attachment[none|f=button:Add attachment|h=None]@31.1 ; Shift+Tab>button:Add attachment[menu×1|f=button:Add attachment|h=File]@71.7
chromium-dark-desktop › orbit-menu-sample menu-enter-shift-tab burst sample 6,orbit-menu-sample,menu,menu-enter-shift-tab,menu-enter,burst,6,Enter Shift+Tab,none | none | @body:darkSwitch themeAdd atta,1,0,Enter>button:Add attachment[none|f=button:Add attachment|h=None]@26 ; Shift+Tab>button:Add attachment[menu×1|f=button:Add attachment|h=File]@56.9
chromium-dark-desktop › orbit-menu-sample menu-enter-shift-tab burst sample 7,orbit-menu-sample,menu,menu-enter-shift-tab,menu-enter,burst,7,Enter Shift+Tab,none | none | @body:darkSwitch themeAdd atta,1,0,Enter>button:Add attachment[none|f=button:Add attachment|h=None]@32 ; Shift+Tab>button:Add attachment[menu×1|f=button:Add attachment|h=File]@67.8
chromium-dark-desktop › orbit-menu-sample menu-enter-shift-tab burst sample 8,orbit-menu-sample,menu,menu-enter-shift-tab,menu-enter,burst,8,Enter Shift+Tab,none | none | @body:darkSwitch themeAdd atta,1,0,Enter>button:Add attachment[none|f=button:Add attachment|h=None]@19.3 ; Shift+Tab>button:Add attachment[menu×1|f=button:Add attachment|h=File]@53.2
chromium-dark-desktop › orbit-menu-sample menu-enter-shift-tab burst sample 9,orbit-menu-sample,menu,menu-enter-shift-tab,menu-enter,burst,9,Enter Shift+Tab,none | none | @body:darkSwitch themeAdd atta,1,0,Enter>button:Add attachment[none|f=button:Add attachment|h=None]@32.2 ; Shift+Tab>button:Add attachment[menu×1|f=button:Add attachment|h=File]@61.8
chromium-dark-desktop › orbit-menu-sample menu-enter-shift-tab burst sample 10,orbit-menu-sample,menu,menu-enter-shift-tab,menu-enter,burst,10,Enter Shift+Tab,none | none | @body:darkSwitch themeAdd atta,1,0,Enter>button:Add attachment[none|f=button:Add attachment|h=None]@21.6 ; Shift+Tab>button:Add attachment[menu×1|f=button:Add attachment|h=File]@47.4
chromium-dark-desktop › orbit-menu-sample menu-enter-shift-tab burst sample 11,orbit-menu-sample,menu,menu-enter-shift-tab,menu-enter,burst,11,Enter Shift+Tab,none | none | @body:darkSwitch themeAdd atta,1,0,Enter>button:Add attachment[none|f=button:Add attachment|h=None]@23.1 ; Shift+Tab>button:Add attachment[menu×1|f=button:Add attachment|h=File]@56.5
chromium-dark-desktop › orbit-menu-sample menu-enter-shift-tab burst sample 12,orbit-menu-sample,menu,menu-enter-shift-tab,menu-enter,burst,12,Enter Shift+Tab,none | none | @body:darkSwitch themeAdd atta,1,0,Enter>button:Add attachment[none|f=button:Add attachment|h=None]@23.5 ; Shift+Tab>button:Add attachment[menu×1|f=button:Add attachment|h=File]@58.4
chromium-dark-desktop › orbit-menu-sample menu-enter-shift-tab burst sample 13,orbit-menu-sample,menu,menu-enter-shift-tab,menu-enter,burst,13,Enter Shift+Tab,none | none | @body:darkSwitch themeAdd atta,1,0,Enter>button:Add attachment[none|f=button:Add attachment|h=None]@25 ; Shift+Tab>button:Add attachment[menu×1|f=button:Add attachment|h=File]@54.2
chromium-dark-desktop › orbit-menu-sample menu-enter-shift-tab burst sample 14,orbit-menu-sample,menu,menu-enter-shift-tab,menu-enter,burst,14,Enter Shift+Tab,none | none | @body:darkSwitch themeAdd atta,1,0,Enter>button:Add attachment[none|f=button:Add attachment|h=None]@22.6 ; Shift+Tab>button:Add attachment[menu×1|f=button:Add attachment|h=File]@55.2
chromium-dark-desktop › orbit-menu-sample menu-enter-shift-tab burst sample 15,orbit-menu-sample,menu,menu-enter-shift-tab,menu-enter,burst,15,Enter Shift+Tab,none | none | @body:darkSwitch themeAdd atta,1,0,Enter>button:Add attachment[none|f=button:Add attachment|h=None]@18.8 ; Shift+Tab>button:Add attachment[menu×1|f=button:Add attachment|h=File]@47.6
chromium-dark-desktop › orbit-menu-sample menu-enter-shift-tab burst sample 16,orbit-menu-sample,menu,menu-enter-shift-tab,menu-enter,burst,16,Enter Shift+Tab,none | none | @body:darkSwitch themeAdd atta,1,0,Enter>button:Add attachment[none|f=button:Add attachment|h=None]@18.6 ; Shift+Tab>button:Add attachment[menu×1|f=button:Add attachment|h=File]@52.5
chromium-dark-desktop › orbit-menu-sample menu-enter-shift-tab burst sample 17,orbit-menu-sample,menu,menu-enter-shift-tab,menu-enter,burst,17,Enter Shift+Tab,none | none | @body:darkSwitch themeAdd atta,1,0,Enter>button:Add attachment[none|f=button:Add attachment|h=None]@29 ; Shift+Tab>button:Add attachment[menu×1|f=button:Add attachment|h=File]@59.3
chromium-dark-desktop › orbit-menu-sample menu-enter-shift-tab burst sample 18,orbit-menu-sample,menu,menu-enter-shift-tab,menu-enter,burst,18,Enter Shift+Tab,none | none | @body:darkSwitch themeAdd atta,1,0,Enter>button:Add attachment[none|f=button:Add attachment|h=None]@24.5 ; Shift+Tab>button:Add attachment[menu×1|f=button:Add attachment|h=File]@54.1
chromium-dark-desktop › orbit-menu-sample menu-enter-shift-tab burst sample 19,orbit-menu-sample,menu,menu-enter-shift-tab,menu-enter,burst,19,Enter Shift+Tab,none | none | @body:darkSwitch themeAdd atta,1,0,Enter>button:Add attachment[none|f=button:Add attachment|h=None]@26.8 ; Shift+Tab>button:Add attachment[menu×1|f=button:Add attachment|h=File]@58.2
chromium-dark-desktop › orbit-menu-sample menu-enter-shift-tab paced sample 0,orbit-menu-sample,menu,menu-enter-shift-tab,menu-enter,paced,0,Enter Shift+Tab,none | none | @button:Add attachment,0,0,Enter>button:Add attachment[none|f=button:Add attachment|h=None]@26 ; Shift+Tab>menuitem:File[menu×1|f=menuitem:File|h=File]@363.4
chromium-dark-desktop › orbit-menu-sample menu-enter-shift-tab paced sample 1,orbit-menu-sample,menu,menu-enter-shift-tab,menu-enter,paced,1,Enter Shift+Tab,none | none | @button:Add attachment,0,0,Enter>button:Add attachment[none|f=button:Add attachment|h=None]@18.9 ; Shift+Tab>menuitem:File[menu×1|f=menuitem:File|h=File]@358.5
chromium-dark-desktop › orbit-menu-sample menu-enter-shift-tab paced sample 2,orbit-menu-sample,menu,menu-enter-shift-tab,menu-enter,paced,2,Enter Shift+Tab,none | none | @button:Add attachment,0,0,Enter>button:Add attachment[none|f=button:Add attachment|h=None]@30.3 ; Shift+Tab>menuitem:File[menu×1|f=menuitem:File|h=File]@370.6
chromium-dark-desktop › orbit-menu-sample menu-enter-shift-tab paced sample 3,orbit-menu-sample,menu,menu-enter-shift-tab,menu-enter,paced,3,Enter Shift+Tab,none | none | @button:Add attachment,0,0,Enter>button:Add attachment[none|f=button:Add attachment|h=None]@29.9 ; Shift+Tab>menuitem:File[menu×1|f=menuitem:File|h=File]@373.9
chromium-dark-desktop › orbit-menu-sample menu-enter-shift-tab paced sample 4,orbit-menu-sample,menu,menu-enter-shift-tab,menu-enter,paced,4,Enter Shift+Tab,none | none | @button:Add attachment,0,0,Enter>button:Add attachment[none|f=button:Add attachment|h=None]@26.2 ; Shift+Tab>menuitem:File[menu×1|f=menuitem:File|h=File]@366.5
chromium-dark-desktop › orbit-menu-sample menu-enter-shift-tab paced sample 5,orbit-menu-sample,menu,menu-enter-shift-tab,menu-enter,paced,5,Enter Shift+Tab,none | none | @button:Add attachment,0,0,Enter>button:Add attachment[none|f=button:Add attachment|h=None]@31.4 ; Shift+Tab>menuitem:File[menu×1|f=menuitem:File|h=File]@372.1
chromium-dark-desktop › orbit-menu-sample menu-enter-shift-tab paced sample 6,orbit-menu-sample,menu,menu-enter-shift-tab,menu-enter,paced,6,Enter Shift+Tab,none | none | @button:Add attachment,0,0,Enter>button:Add attachment[none|f=button:Add attachment|h=None]@29.2 ; Shift+Tab>menuitem:File[menu×1|f=menuitem:File|h=File]@367.8
chromium-dark-desktop › orbit-menu-sample menu-enter-shift-tab paced sample 7,orbit-menu-sample,menu,menu-enter-shift-tab,menu-enter,paced,7,Enter Shift+Tab,none | none | @button:Add attachment,0,0,Enter>button:Add attachment[none|f=button:Add attachment|h=None]@30.7 ; Shift+Tab>menuitem:File[menu×1|f=menuitem:File|h=File]@371.5
chromium-dark-desktop › orbit-menu-sample menu-enter-shift-tab paced sample 8,orbit-menu-sample,menu,menu-enter-shift-tab,menu-enter,paced,8,Enter Shift+Tab,none | none | @button:Add attachment,0,0,Enter>button:Add attachment[none|f=button:Add attachment|h=None]@30.1 ; Shift+Tab>menuitem:File[menu×1|f=menuitem:File|h=File]@374.8
chromium-dark-desktop › orbit-menu-sample menu-enter-shift-tab paced sample 9,orbit-menu-sample,menu,menu-enter-shift-tab,menu-enter,paced,9,Enter Shift+Tab,none | none | @button:Add attachment,0,0,Enter>button:Add attachment[none|f=button:Add attachment|h=None]@25.8 ; Shift+Tab>menuitem:File[menu×1|f=menuitem:File|h=File]@365.3
chromium-dark-desktop › orbit-menu-sample menu-enter-shift-tab paced sample 10,orbit-menu-sample,menu,menu-enter-shift-tab,menu-enter,paced,10,Enter Shift+Tab,none | none | @button:Add attachment,0,0,Enter>button:Add attachment[none|f=button:Add attachment|h=None]@24.6 ; Shift+Tab>menuitem:File[menu×1|f=menuitem:File|h=File]@364.2
chromium-dark-desktop › orbit-menu-sample menu-enter-shift-tab paced sample 11,orbit-menu-sample,menu,menu-enter-shift-tab,menu-enter,paced,11,Enter Shift+Tab,none | none | @button:Add attachment,0,0,Enter>button:Add attachment[none|f=button:Add attachment|h=None]@33.4 ; Shift+Tab>menuitem:File[menu×1|f=menuitem:File|h=File]@383.1
chromium-dark-desktop › orbit-menu-sample menu-enter-shift-tab paced sample 12,orbit-menu-sample,menu,menu-enter-shift-tab,menu-enter,paced,12,Enter Shift+Tab,none | none | @button:Add attachment,0,0,Enter>button:Add attachment[none|f=button:Add attachment|h=None]@17 ; Shift+Tab>menuitem:File[menu×1|f=menuitem:File|h=File]@372.8
chromium-dark-desktop › orbit-menu-sample menu-enter-shift-tab paced sample 13,orbit-menu-sample,menu,menu-enter-shift-tab,menu-enter,paced,13,Enter Shift+Tab,none | none | @button:Add attachment,0,0,Enter>button:Add attachment[none|f=button:Add attachment|h=None]@19.6 ; Shift+Tab>menuitem:File[menu×1|f=menuitem:File|h=File]@369.9
chromium-dark-desktop › orbit-menu-sample menu-enter-shift-tab paced sample 14,orbit-menu-sample,menu,menu-enter-shift-tab,menu-enter,paced,14,Enter Shift+Tab,none | none | @button:Add attachment,0,0,Enter>button:Add attachment[none|f=button:Add attachment|h=None]@34 ; Shift+Tab>menuitem:File[menu×1|f=menuitem:File|h=File]@380.5
chromium-dark-desktop › orbit-menu-sample menu-enter-shift-tab paced sample 15,orbit-menu-sample,menu,menu-enter-shift-tab,menu-enter,paced,15,Enter Shift+Tab,none | none | @button:Add attachment,0,0,Enter>button:Add attachment[none|f=button:Add attachment|h=None]@30.2 ; Shift+Tab>menuitem:File[menu×1|f=menuitem:File|h=File]@371.5
chromium-dark-desktop › orbit-menu-sample menu-enter-shift-tab paced sample 16,orbit-menu-sample,menu,menu-enter-shift-tab,menu-enter,paced,16,Enter Shift+Tab,none | none | @button:Add attachment,0,0,Enter>button:Add attachment[none|f=button:Add attachment|h=None]@26.9 ; Shift+Tab>menuitem:File[menu×1|f=menuitem:File|h=File]@369.5
chromium-dark-desktop › orbit-menu-sample menu-enter-shift-tab paced sample 17,orbit-menu-sample,menu,menu-enter-shift-tab,menu-enter,paced,17,Enter Shift+Tab,none | none | @button:Add attachment,0,0,Enter>button:Add attachment[none|f=button:Add attachment|h=None]@21.7 ; Shift+Tab>menuitem:File[menu×1|f=menuitem:File|h=File]@372.2
chromium-dark-desktop › orbit-menu-sample menu-enter-shift-tab paced sample 18,orbit-menu-sample,menu,menu-enter-shift-tab,menu-enter,paced,18,Enter Shift+Tab,none | none | @button:Add attachment,0,0,Enter>button:Add attachment[none|f=button:Add attachment|h=None]@33.7 ; Shift+Tab>menuitem:File[menu×1|f=menuitem:File|h=File]@382.1
chromium-dark-desktop › orbit-menu-sample menu-enter-shift-tab paced sample 19,orbit-menu-sample,menu,menu-enter-shift-tab,menu-enter,paced,19,Enter Shift+Tab,none | none | @button:Add attachment,0,0,Enter>button:Add attachment[none|f=button:Add attachment|h=None]@34.4 ; Shift+Tab>menuitem:File[menu×1|f=menuitem:File|h=File]@378
chromium-dark-desktop › antd-menu menu-enter-shift-tab burst sample 0,antd-menu,menu,menu-enter-shift-tab,menu-enter,burst,0,Enter Shift+Tab,none | menu×1 | @menuitem:File,1,0,Enter>button:Add attachment[none|f=button:Add attachment|h=None]@15.8 ; Shift+Tab>button:Add attachment[menu×1|f=button:Add attachment|h=None]@79.2
chromium-dark-desktop › antd-menu menu-enter-shift-tab burst sample 1,antd-menu,menu,menu-enter-shift-tab,menu-enter,burst,1,Enter Shift+Tab,none | menu×1 | @menuitem:File,1,0,Enter>button:Add attachment[none|f=button:Add attachment|h=None]@32.2 ; Shift+Tab>button:Add attachment[menu×1|f=button:Add attachment|h=None]@97.6
chromium-dark-desktop › antd-menu menu-enter-shift-tab burst sample 2,antd-menu,menu,menu-enter-shift-tab,menu-enter,burst,2,Enter Shift+Tab,none | menu×1 | @menuitem:File,1,0,Enter>button:Add attachment[none|f=button:Add attachment|h=None]@29.8 ; Shift+Tab>button:Add attachment[menu×1|f=button:Add attachment|h=None]@90.6
chromium-dark-desktop › antd-menu menu-enter-shift-tab burst sample 3,antd-menu,menu,menu-enter-shift-tab,menu-enter,burst,3,Enter Shift+Tab,none | menu×1 | @menuitem:File,1,0,Enter>button:Add attachment[none|f=button:Add attachment|h=None]@31.9 ; Shift+Tab>button:Add attachment[menu×1|f=button:Add attachment|h=None]@96.2
chromium-dark-desktop › antd-menu menu-enter-shift-tab burst sample 4,antd-menu,menu,menu-enter-shift-tab,menu-enter,burst,4,Enter Shift+Tab,none | menu×1 | @menuitem:File,1,0,Enter>button:Add attachment[none|f=button:Add attachment|h=None]@19.7 ; Shift+Tab>button:Add attachment[menu×1|f=button:Add attachment|h=None]@83.5
chromium-dark-desktop › antd-menu menu-enter-shift-tab burst sample 5,antd-menu,menu,menu-enter-shift-tab,menu-enter,burst,5,Enter Shift+Tab,none | menu×1 | @menuitem:File,1,0,Enter>button:Add attachment[none|f=button:Add attachment|h=None]@19.9 ; Shift+Tab>button:Add attachment[menu×1|f=button:Add attachment|h=None]@84.9
chromium-dark-desktop › antd-menu menu-enter-shift-tab burst sample 6,antd-menu,menu,menu-enter-shift-tab,menu-enter,burst,6,Enter Shift+Tab,none | menu×1 | @menuitem:File,1,0,Enter>button:Add attachment[none|f=button:Add attachment|h=None]@24.9 ; Shift+Tab>button:Add attachment[menu×1|f=button:Add attachment|h=None]@90.8
chromium-dark-desktop › antd-menu menu-enter-shift-tab burst sample 7,antd-menu,menu,menu-enter-shift-tab,menu-enter,burst,7,Enter Shift+Tab,none | menu×1 | @menuitem:File,1,0,Enter>button:Add attachment[none|f=button:Add attachment|h=None]@22.4 ; Shift+Tab>button:Add attachment[menu×1|f=button:Add attachment|h=None]@84
chromium-dark-desktop › antd-menu menu-enter-shift-tab burst sample 8,antd-menu,menu,menu-enter-shift-tab,menu-enter,burst,8,Enter Shift+Tab,none | menu×1 | @menuitem:File,1,0,Enter>button:Add attachment[none|f=button:Add attachment|h=None]@24 ; Shift+Tab>button:Add attachment[menu×1|f=button:Add attachment|h=None]@87.6
chromium-dark-desktop › antd-menu menu-enter-shift-tab burst sample 9,antd-menu,menu,menu-enter-shift-tab,menu-enter,burst,9,Enter Shift+Tab,none | menu×1 | @menuitem:File,1,0,Enter>button:Add attachment[none|f=button:Add attachment|h=None]@21.4 ; Shift+Tab>button:Add attachment[menu×1|f=button:Add attachment|h=None]@87.6
chromium-dark-desktop › antd-menu menu-enter-shift-tab burst sample 10,antd-menu,menu,menu-enter-shift-tab,menu-enter,burst,10,Enter Shift+Tab,none | menu×1 | @menuitem:File,1,0,Enter>button:Add attachment[none|f=button:Add attachment|h=None]@33.3 ; Shift+Tab>button:Add attachment[menu×1|f=button:Add attachment|h=None]@99
chromium-dark-desktop › antd-menu menu-enter-shift-tab burst sample 11,antd-menu,menu,menu-enter-shift-tab,menu-enter,burst,11,Enter Shift+Tab,none | menu×1 | @menuitem:File,1,0,Enter>button:Add attachment[none|f=button:Add attachment|h=None]@17.3 ; Shift+Tab>button:Add attachment[menu×1|f=button:Add attachment|h=None]@77.4
chromium-dark-desktop › antd-menu menu-enter-shift-tab burst sample 12,antd-menu,menu,menu-enter-shift-tab,menu-enter,burst,12,Enter Shift+Tab,none | menu×1 | @menuitem:File,1,0,Enter>button:Add attachment[none|f=button:Add attachment|h=None]@19.6 ; Shift+Tab>button:Add attachment[menu×1|f=button:Add attachment|h=None]@81.3
chromium-dark-desktop › antd-menu menu-enter-shift-tab burst sample 13,antd-menu,menu,menu-enter-shift-tab,menu-enter,burst,13,Enter Shift+Tab,none | menu×1 | @menuitem:File,1,0,Enter>button:Add attachment[none|f=button:Add attachment|h=None]@34.4 ; Shift+Tab>button:Add attachment[menu×1|f=button:Add attachment|h=None]@99.9
chromium-dark-desktop › antd-menu menu-enter-shift-tab burst sample 14,antd-menu,menu,menu-enter-shift-tab,menu-enter,burst,14,Enter Shift+Tab,none | menu×1 | @menuitem:File,1,0,Enter>button:Add attachment[none|f=button:Add attachment|h=None]@25.7 ; Shift+Tab>button:Add attachment[menu×1|f=button:Add attachment|h=None]@104.2
chromium-dark-desktop › antd-menu menu-enter-shift-tab burst sample 15,antd-menu,menu,menu-enter-shift-tab,menu-enter,burst,15,Enter Shift+Tab,none | menu×1 | @menuitem:File,1,0,Enter>button:Add attachment[none|f=button:Add attachment|h=None]@17.1 ; Shift+Tab>button:Add attachment[menu×1|f=button:Add attachment|h=None]@79.7
chromium-dark-desktop › antd-menu menu-enter-shift-tab burst sample 16,antd-menu,menu,menu-enter-shift-tab,menu-enter,burst,16,Enter Shift+Tab,none | menu×1 | @menuitem:File,1,0,Enter>button:Add attachment[none|f=button:Add attachment|h=None]@24.4 ; Shift+Tab>button:Add attachment[menu×1|f=button:Add attachment|h=None]@91.9
chromium-dark-desktop › antd-menu menu-enter-shift-tab burst sample 17,antd-menu,menu,menu-enter-shift-tab,menu-enter,burst,17,Enter Shift+Tab,none | menu×1 | @menuitem:File,1,0,Enter>button:Add attachment[none|f=button:Add attachment|h=None]@27.2 ; Shift+Tab>button:Add attachment[menu×1|f=button:Add attachment|h=None]@89.6
chromium-dark-desktop › antd-menu menu-enter-shift-tab burst sample 18,antd-menu,menu,menu-enter-shift-tab,menu-enter,burst,18,Enter Shift+Tab,none | menu×1 | @menuitem:File,1,0,Enter>button:Add attachment[none|f=button:Add attachment|h=None]@41.4 ; Shift+Tab>button:Add attachment[menu×1|f=button:Add attachment|h=None]@115.5
chromium-dark-desktop › antd-menu menu-enter-shift-tab burst sample 19,antd-menu,menu,menu-enter-shift-tab,menu-enter,burst,19,Enter Shift+Tab,none | menu×1 | @menuitem:File,1,0,Enter>button:Add attachment[none|f=button:Add attachment|h=None]@26.7 ; Shift+Tab>button:Add attachment[menu×1|f=button:Add attachment|h=None]@87.9
chromium-dark-desktop › antd-menu menu-enter-shift-tab paced sample 0,antd-menu,menu,menu-enter-shift-tab,menu-enter,paced,0,Enter Shift+Tab,none | menu×1 | @menuitem:File,1,0,Enter>button:Add attachment[none|f=button:Add attachment|h=None]@30.4 ; Shift+Tab>button:Add attachment[menu×1|f=button:Add attachment|h=None]@399.3
chromium-dark-desktop › antd-menu menu-enter-shift-tab paced sample 1,antd-menu,menu,menu-enter-shift-tab,menu-enter,paced,1,Enter Shift+Tab,none | menu×1 | @menuitem:File,1,0,Enter>button:Add attachment[none|f=button:Add attachment|h=None]@31.5 ; Shift+Tab>button:Add attachment[menu×1|f=button:Add attachment|h=None]@416.4
chromium-dark-desktop › antd-menu menu-enter-shift-tab paced sample 2,antd-menu,menu,menu-enter-shift-tab,menu-enter,paced,2,Enter Shift+Tab,none | menu×1 | @menuitem:File,1,0,Enter>button:Add attachment[none|f=button:Add attachment|h=None]@32.1 ; Shift+Tab>button:Add attachment[menu×1|f=button:Add attachment|h=None]@412
chromium-dark-desktop › antd-menu menu-enter-shift-tab paced sample 3,antd-menu,menu,menu-enter-shift-tab,menu-enter,paced,3,Enter Shift+Tab,none | menu×1 | @menuitem:File,1,0,Enter>button:Add attachment[none|f=button:Add attachment|h=None]@19.7 ; Shift+Tab>button:Add attachment[menu×1|f=button:Add attachment|h=None]@395
chromium-dark-desktop › antd-menu menu-enter-shift-tab paced sample 4,antd-menu,menu,menu-enter-shift-tab,menu-enter,paced,4,Enter Shift+Tab,none | menu×1 | @menuitem:File,1,0,Enter>button:Add attachment[none|f=button:Add attachment|h=None]@30.1 ; Shift+Tab>button:Add attachment[menu×1|f=button:Add attachment|h=None]@398.1
chromium-dark-desktop › antd-menu menu-enter-shift-tab paced sample 5,antd-menu,menu,menu-enter-shift-tab,menu-enter,paced,5,Enter Shift+Tab,none | menu×1 | @menuitem:File,1,0,Enter>button:Add attachment[none|f=button:Add attachment|h=None]@23.9 ; Shift+Tab>button:Add attachment[menu×1|f=button:Add attachment|h=None]@417.2
chromium-dark-desktop › antd-menu menu-enter-shift-tab paced sample 6,antd-menu,menu,menu-enter-shift-tab,menu-enter,paced,6,Enter Shift+Tab,none | menu×1 | @menuitem:File,1,0,Enter>button:Add attachment[none|f=button:Add attachment|h=None]@26 ; Shift+Tab>button:Add attachment[menu×1|f=button:Add attachment|h=None]@405.9
chromium-dark-desktop › antd-menu menu-enter-shift-tab paced sample 7,antd-menu,menu,menu-enter-shift-tab,menu-enter,paced,7,Enter Shift+Tab,none | menu×1 | @menuitem:File,1,0,Enter>button:Add attachment[none|f=button:Add attachment|h=None]@30.9 ; Shift+Tab>button:Add attachment[menu×1|f=button:Add attachment|h=None]@412.5
chromium-dark-desktop › antd-menu menu-enter-shift-tab paced sample 8,antd-menu,menu,menu-enter-shift-tab,menu-enter,paced,8,Enter Shift+Tab,none | menu×1 | @menuitem:File,1,0,Enter>button:Add attachment[none|f=button:Add attachment|h=None]@16.3 ; Shift+Tab>button:Add attachment[menu×1|f=button:Add attachment|h=None]@386.8
chromium-dark-desktop › antd-menu menu-enter-shift-tab paced sample 9,antd-menu,menu,menu-enter-shift-tab,menu-enter,paced,9,Enter Shift+Tab,none | menu×1 | @menuitem:File,1,0,Enter>button:Add attachment[none|f=button:Add attachment|h=None]@29.5 ; Shift+Tab>button:Add attachment[menu×1|f=button:Add attachment|h=None]@400.2
chromium-dark-desktop › antd-menu menu-enter-shift-tab paced sample 10,antd-menu,menu,menu-enter-shift-tab,menu-enter,paced,10,Enter Shift+Tab,none | menu×1 | @menuitem:File,1,0,Enter>button:Add attachment[none|f=button:Add attachment|h=None]@32.1 ; Shift+Tab>button:Add attachment[menu×1|f=button:Add attachment|h=None]@403
chromium-dark-desktop › antd-menu menu-enter-shift-tab paced sample 11,antd-menu,menu,menu-enter-shift-tab,menu-enter,paced,11,Enter Shift+Tab,none | menu×1 | @menuitem:File,1,0,Enter>button:Add attachment[none|f=button:Add attachment|h=None]@27.1 ; Shift+Tab>button:Add attachment[menu×1|f=button:Add attachment|h=None]@408.9
chromium-dark-desktop › antd-menu menu-enter-shift-tab paced sample 12,antd-menu,menu,menu-enter-shift-tab,menu-enter,paced,12,Enter Shift+Tab,none | menu×1 | @menuitem:File,1,0,Enter>button:Add attachment[none|f=button:Add attachment|h=None]@25.9 ; Shift+Tab>button:Add attachment[menu×1|f=button:Add attachment|h=None]@395.7
chromium-dark-desktop › antd-menu menu-enter-shift-tab paced sample 13,antd-menu,menu,menu-enter-shift-tab,menu-enter,paced,13,Enter Shift+Tab,none | menu×1 | @menuitem:File,1,0,Enter>button:Add attachment[none|f=button:Add attachment|h=None]@31.2 ; Shift+Tab>button:Add attachment[menu×1|f=button:Add attachment|h=None]@402
chromium-dark-desktop › antd-menu menu-enter-shift-tab paced sample 14,antd-menu,menu,menu-enter-shift-tab,menu-enter,paced,14,Enter Shift+Tab,none | menu×1 | @menuitem:File,1,0,Enter>button:Add attachment[none|f=button:Add attachment|h=None]@25.1 ; Shift+Tab>button:Add attachment[menu×1|f=button:Add attachment|h=None]@395
chromium-dark-desktop › antd-menu menu-enter-shift-tab paced sample 15,antd-menu,menu,menu-enter-shift-tab,menu-enter,paced,15,Enter Shift+Tab,none | menu×1 | @menuitem:File,1,0,Enter>button:Add attachment[none|f=button:Add attachment|h=None]@19.9 ; Shift+Tab>button:Add attachment[menu×1|f=button:Add attachment|h=None]@392.3
chromium-dark-desktop › antd-menu menu-enter-shift-tab paced sample 16,antd-menu,menu,menu-enter-shift-tab,menu-enter,paced,16,Enter Shift+Tab,none | menu×1 | @menuitem:File,1,0,Enter>button:Add attachment[none|f=button:Add attachment|h=None]@25 ; Shift+Tab>button:Add attachment[menu×1|f=button:Add attachment|h=None]@399.8
chromium-dark-desktop › antd-menu menu-enter-shift-tab paced sample 17,antd-menu,menu,menu-enter-shift-tab,menu-enter,paced,17,Enter Shift+Tab,none | menu×1 | @menuitem:File,1,0,Enter>button:Add attachment[none|f=button:Add attachment|h=None]@22.5 ; Shift+Tab>button:Add attachment[menu×1|f=button:Add attachment|h=None]@415.3
chromium-dark-desktop › antd-menu menu-enter-shift-tab paced sample 18,antd-menu,menu,menu-enter-shift-tab,menu-enter,paced,18,Enter Shift+Tab,none | menu×1 | @menuitem:File,1,0,Enter>button:Add attachment[none|f=button:Add attachment|h=None]@25.2 ; Shift+Tab>button:Add attachment[menu×1|f=button:Add attachment|h=None]@401.8
chromium-dark-desktop › antd-menu menu-enter-shift-tab paced sample 19,antd-menu,menu,menu-enter-shift-tab,menu-enter,paced,19,Enter Shift+Tab,none | menu×1 | @menuitem:File,1,0,Enter>button:Add attachment[none|f=button:Add attachment|h=None]@23.2 ; Shift+Tab>button:Add attachment[menu×1|f=button:Add attachment|h=None]@387.7
chromium-dark-desktop › orbit-menu menu-enter-shift-tab-enter burst sample 0,orbit-menu,menu,menu-enter-shift-tab-enter,menu-enter-enter,burst,0,Enter Shift+Tab Enter,none | none | @body:darkSwitch themeOpen Dia,1,0,Enter>button:Add attachment[none|f=button:Add attachment|h=None]@29.4 ; Shift+Tab>button:Add attachment[menu×1|f=button:Add attachment|h=File]@57.1 ; Enter>body:darkSwitch themeOpen Dia[menu×1|f=body:darkSwitch themeOpen Dia|h=None]@69.8
chromium-dark-desktop › orbit-menu menu-enter-shift-tab-enter burst sample 1,orbit-menu,menu,menu-enter-shift-tab-enter,menu-enter-enter,burst,1,Enter Shift+Tab Enter,none | none | @body:darkSwitch themeOpen Dia,1,0,Enter>button:Add attachment[none|f=button:Add attachment|h=None]@25.1 ; Shift+Tab>button:Add attachment[menu×1|f=button:Add attachment|h=File]@44.8 ; Enter>body:darkSwitch themeOpen Dia[menu×1|f=body:darkSwitch themeOpen Dia|h=None]@53.2
chromium-dark-desktop › orbit-menu menu-enter-shift-tab-enter burst sample 2,orbit-menu,menu,menu-enter-shift-tab-enter,menu-enter-enter,burst,2,Enter Shift+Tab Enter,none | none | @body:darkSwitch themeOpen Dia,1,0,Enter>button:Add attachment[none|f=button:Add attachment|h=None]@26.2 ; Shift+Tab>button:Add attachment[menu×1|f=button:Add attachment|h=File]@56.8 ; Enter>body:darkSwitch themeOpen Dia[menu×1|f=body:darkSwitch themeOpen Dia|h=None]@70.9
chromium-dark-desktop › orbit-menu menu-enter-shift-tab-enter burst sample 3,orbit-menu,menu,menu-enter-shift-tab-enter,menu-enter-enter,burst,3,Enter Shift+Tab Enter,none | none | @body:darkSwitch themeOpen Dia,1,0,Enter>button:Add attachment[none|f=button:Add attachment|h=None]@33.6 ; Shift+Tab>button:Add attachment[menu×1|f=button:Add attachment|h=File]@53.8 ; Enter>body:darkSwitch themeOpen Dia[menu×1|f=body:darkSwitch themeOpen Dia|h=None]@62.7
chromium-dark-desktop › orbit-menu menu-enter-shift-tab-enter burst sample 4,orbit-menu,menu,menu-enter-shift-tab-enter,menu-enter-enter,burst,4,Enter Shift+Tab Enter,none | none | @body:darkSwitch themeOpen Dia,1,0,Enter>button:Add attachment[none|f=button:Add attachment|h=None]@20.1 ; Shift+Tab>button:Add attachment[menu×1|f=button:Add attachment|h=File]@39.5 ; Enter>body:darkSwitch themeOpen Dia[menu×1|f=body:darkSwitch themeOpen Dia|h=None]@47.9
chromium-dark-desktop › orbit-menu menu-enter-shift-tab-enter burst sample 5,orbit-menu,menu,menu-enter-shift-tab-enter,menu-enter-enter,burst,5,Enter Shift+Tab Enter,none | none | @body:darkSwitch themeOpen Dia,1,0,Enter>button:Add attachment[none|f=button:Add attachment|h=None]@12.8 ; Shift+Tab>button:Add attachment[menu×1|f=button:Add attachment|h=File]@38.9 ; Enter>body:darkSwitch themeOpen Dia[menu×1|f=body:darkSwitch themeOpen Dia|h=None]@50.6
chromium-dark-desktop › orbit-menu menu-enter-shift-tab-enter burst sample 6,orbit-menu,menu,menu-enter-shift-tab-enter,menu-enter-enter,burst,6,Enter Shift+Tab Enter,none | none | @body:darkSwitch themeOpen Dia,1,0,Enter>button:Add attachment[none|f=button:Add attachment|h=None]@17.4 ; Shift+Tab>button:Add attachment[menu×1|f=button:Add attachment|h=File]@37.5 ; Enter>body:darkSwitch themeOpen Dia[menu×1|f=body:darkSwitch themeOpen Dia|h=None]@45.8
chromium-dark-desktop › orbit-menu menu-enter-shift-tab-enter burst sample 7,orbit-menu,menu,menu-enter-shift-tab-enter,menu-enter-enter,burst,7,Enter Shift+Tab Enter,none | none | @body:darkSwitch themeOpen Dia,1,0,Enter>button:Add attachment[none|f=button:Add attachment|h=None]@29.4 ; Shift+Tab>button:Add attachment[menu×1|f=button:Add attachment|h=File]@48.1 ; Enter>body:darkSwitch themeOpen Dia[menu×1|f=body:darkSwitch themeOpen Dia|h=None]@56.2
chromium-dark-desktop › orbit-menu menu-enter-shift-tab-enter burst sample 8,orbit-menu,menu,menu-enter-shift-tab-enter,menu-enter-enter,burst,8,Enter Shift+Tab Enter,none | none | @body:darkSwitch themeOpen Dia,1,0,Enter>button:Add attachment[none|f=button:Add attachment|h=None]@35.1 ; Shift+Tab>button:Add attachment[menu×1|f=button:Add attachment|h=File]@61.3 ; Enter>body:darkSwitch themeOpen Dia[menu×1|f=body:darkSwitch themeOpen Dia|h=None]@72.8
chromium-dark-desktop › orbit-menu menu-enter-shift-tab-enter burst sample 9,orbit-menu,menu,menu-enter-shift-tab-enter,menu-enter-enter,burst,9,Enter Shift+Tab Enter,none | none | @body:darkSwitch themeOpen Dia,1,0,Enter>button:Add attachment[none|f=button:Add attachment|h=None]@22.4 ; Shift+Tab>button:Add attachment[menu×1|f=button:Add attachment|h=File]@41.8 ; Enter>body:darkSwitch themeOpen Dia[menu×1|f=body:darkSwitch themeOpen Dia|h=None]@50.5
chromium-dark-desktop › orbit-menu menu-enter-shift-tab-enter burst sample 10,orbit-menu,menu,menu-enter-shift-tab-enter,menu-enter-enter,burst,10,Enter Shift+Tab Enter,none | none | @body:darkSwitch themeOpen Dia,1,0,Enter>button:Add attachment[none|f=button:Add attachment|h=None]@23.6 ; Shift+Tab>button:Add attachment[menu×1|f=button:Add attachment|h=File]@43 ; Enter>body:darkSwitch themeOpen Dia[menu×1|f=body:darkSwitch themeOpen Dia|h=None]@50.9
chromium-dark-desktop › orbit-menu menu-enter-shift-tab-enter burst sample 11,orbit-menu,menu,menu-enter-shift-tab-enter,menu-enter-enter,burst,11,Enter Shift+Tab Enter,none | none | @body:darkSwitch themeOpen Dia,1,0,Enter>button:Add attachment[none|f=button:Add attachment|h=None]@27.7 ; Shift+Tab>button:Add attachment[menu×1|f=button:Add attachment|h=File]@47.2 ; Enter>body:darkSwitch themeOpen Dia[menu×1|f=body:darkSwitch themeOpen Dia|h=None]@55.9
chromium-dark-desktop › orbit-menu menu-enter-shift-tab-enter burst sample 12,orbit-menu,menu,menu-enter-shift-tab-enter,menu-enter-enter,burst,12,Enter Shift+Tab Enter,none | none | @body:darkSwitch themeOpen Dia,1,0,Enter>button:Add attachment[none|f=button:Add attachment|h=None]@22.4 ; Shift+Tab>button:Add attachment[menu×1|f=button:Add attachment|h=File]@54.2 ; Enter>body:darkSwitch themeOpen Dia[menu×1|f=body:darkSwitch themeOpen Dia|h=None]@68.3
chromium-dark-desktop › orbit-menu menu-enter-shift-tab-enter burst sample 13,orbit-menu,menu,menu-enter-shift-tab-enter,menu-enter-enter,burst,13,Enter Shift+Tab Enter,none | none | @body:darkSwitch themeOpen Dia,1,0,Enter>button:Add attachment[none|f=button:Add attachment|h=None]@36.8 ; Shift+Tab>button:Add attachment[menu×1|f=button:Add attachment|h=File]@62.6 ; Enter>body:darkSwitch themeOpen Dia[menu×1|f=body:darkSwitch themeOpen Dia|h=None]@73.9
chromium-dark-desktop › orbit-menu menu-enter-shift-tab-enter burst sample 14,orbit-menu,menu,menu-enter-shift-tab-enter,menu-enter-enter,burst,14,Enter Shift+Tab Enter,none | none | @body:darkSwitch themeOpen Dia,1,0,Enter>button:Add attachment[none|f=button:Add attachment|h=None]@26.1 ; Shift+Tab>button:Add attachment[menu×1|f=button:Add attachment|h=File]@54.9 ; Enter>body:darkSwitch themeOpen Dia[menu×1|f=body:darkSwitch themeOpen Dia|h=None]@67.8
chromium-dark-desktop › orbit-menu menu-enter-shift-tab-enter burst sample 15,orbit-menu,menu,menu-enter-shift-tab-enter,menu-enter-enter,burst,15,Enter Shift+Tab Enter,none | none | @body:darkSwitch themeOpen Dia,1,0,Enter>button:Add attachment[none|f=button:Add attachment|h=None]@24.2 ; Shift+Tab>button:Add attachment[menu×1|f=button:Add attachment|h=File]@51.9 ; Enter>body:darkSwitch themeOpen Dia[menu×1|f=body:darkSwitch themeOpen Dia|h=None]@64.1
chromium-dark-desktop › orbit-menu menu-enter-shift-tab-enter burst sample 16,orbit-menu,menu,menu-enter-shift-tab-enter,menu-enter-enter,burst,16,Enter Shift+Tab Enter,none | none | @body:darkSwitch themeOpen Dia,1,0,Enter>button:Add attachment[none|f=button:Add attachment|h=None]@23.4 ; Shift+Tab>button:Add attachment[menu×1|f=button:Add attachment|h=File]@50.3 ; Enter>body:darkSwitch themeOpen Dia[menu×1|f=body:darkSwitch themeOpen Dia|h=None]@63.4
chromium-dark-desktop › orbit-menu menu-enter-shift-tab-enter burst sample 17,orbit-menu,menu,menu-enter-shift-tab-enter,menu-enter-enter,burst,17,Enter Shift+Tab Enter,none | none | @body:darkSwitch themeOpen Dia,1,0,Enter>button:Add attachment[none|f=button:Add attachment|h=None]@22.6 ; Shift+Tab>button:Add attachment[menu×1|f=button:Add attachment|h=File]@49.2 ; Enter>body:darkSwitch themeOpen Dia[menu×1|f=body:darkSwitch themeOpen Dia|h=None]@60.3
chromium-dark-desktop › orbit-menu menu-enter-shift-tab-enter burst sample 18,orbit-menu,menu,menu-enter-shift-tab-enter,menu-enter-enter,burst,18,Enter Shift+Tab Enter,none | none | @body:darkSwitch themeOpen Dia,1,0,Enter>button:Add attachment[none|f=button:Add attachment|h=None]@25.7 ; Shift+Tab>button:Add attachment[menu×1|f=button:Add attachment|h=File]@52.3 ; Enter>body:darkSwitch themeOpen Dia[menu×1|f=body:darkSwitch themeOpen Dia|h=None]@65
chromium-dark-desktop › orbit-menu menu-enter-shift-tab-enter burst sample 19,orbit-menu,menu,menu-enter-shift-tab-enter,menu-enter-enter,burst,19,Enter Shift+Tab Enter,none | none | @body:darkSwitch themeOpen Dia,1,0,Enter>button:Add attachment[none|f=button:Add attachment|h=None]@16.6 ; Shift+Tab>button:Add attachment[menu×1|f=button:Add attachment|h=File]@43.6 ; Enter>body:darkSwitch themeOpen Dia[menu×1|f=body:darkSwitch themeOpen Dia|h=None]@55.7
chromium-dark-desktop › orbit-menu menu-enter-shift-tab-enter paced sample 0,orbit-menu,menu,menu-enter-shift-tab-enter,menu-enter-enter,paced,0,Enter Shift+Tab Enter,none | menu×1 | @menuitem:File,0,0,Enter>button:Add attachment[none|f=button:Add attachment|h=None]@23.1 ; Shift+Tab>menuitem:File[menu×1|f=menuitem:File|h=File]@375.6 ; Enter>button:Add attachment[none|f=button:Add attachment|h=None]@698.6
chromium-dark-desktop › orbit-menu menu-enter-shift-tab-enter paced sample 1,orbit-menu,menu,menu-enter-shift-tab-enter,menu-enter-enter,paced,1,Enter Shift+Tab Enter,none | menu×1 | @menuitem:File,0,0,Enter>button:Add attachment[none|f=button:Add attachment|h=None]@18.5 ; Shift+Tab>menuitem:File[menu×1|f=menuitem:File|h=File]@360 ; Enter>button:Add attachment[none|f=button:Add attachment|h=None]@681.4
chromium-dark-desktop › orbit-menu menu-enter-shift-tab-enter paced sample 2,orbit-menu,menu,menu-enter-shift-tab-enter,menu-enter-enter,paced,2,Enter Shift+Tab Enter,none | menu×1 | @menuitem:File,0,0,Enter>button:Add attachment[none|f=button:Add attachment|h=None]@29.8 ; Shift+Tab>menuitem:File[menu×1|f=menuitem:File|h=File]@372.1 ; Enter>button:Add attachment[none|f=button:Add attachment|h=None]@694
chromium-dark-desktop › orbit-menu menu-enter-shift-tab-enter paced sample 3,orbit-menu,menu,menu-enter-shift-tab-enter,menu-enter-enter,paced,3,Enter Shift+Tab Enter,none | menu×1 | @menuitem:File,0,0,Enter>button:Add attachment[none|f=button:Add attachment|h=None]@25.2 ; Shift+Tab>menuitem:File[menu×1|f=menuitem:File|h=File]@375.9 ; Enter>button:Add attachment[none|f=button:Add attachment|h=None]@704
chromium-dark-desktop › orbit-menu menu-enter-shift-tab-enter paced sample 4,orbit-menu,menu,menu-enter-shift-tab-enter,menu-enter-enter,paced,4,Enter Shift+Tab Enter,none | menu×1 | @menuitem:File,0,0,Enter>button:Add attachment[none|f=button:Add attachment|h=None]@24.3 ; Shift+Tab>menuitem:File[menu×1|f=menuitem:File|h=File]@358.7 ; Enter>button:Add attachment[none|f=button:Add attachment|h=None]@681.7
chromium-dark-desktop › orbit-menu menu-enter-shift-tab-enter paced sample 5,orbit-menu,menu,menu-enter-shift-tab-enter,menu-enter-enter,paced,5,Enter Shift+Tab Enter,none | menu×1 | @menuitem:File,0,0,Enter>button:Add attachment[none|f=button:Add attachment|h=None]@23.4 ; Shift+Tab>menuitem:File[menu×1|f=menuitem:File|h=File]@362.6 ; Enter>button:Add attachment[none|f=button:Add attachment|h=None]@695.4
chromium-dark-desktop › orbit-menu menu-enter-shift-tab-enter paced sample 6,orbit-menu,menu,menu-enter-shift-tab-enter,menu-enter-enter,paced,6,Enter Shift+Tab Enter,none | menu×1 | @menuitem:File,0,0,Enter>button:Add attachment[none|f=button:Add attachment|h=None]@30.6 ; Shift+Tab>menuitem:File[menu×1|f=menuitem:File|h=File]@364.1 ; Enter>button:Add attachment[none|f=button:Add attachment|h=None]@685.9
chromium-dark-desktop › orbit-menu menu-enter-shift-tab-enter paced sample 7,orbit-menu,menu,menu-enter-shift-tab-enter,menu-enter-enter,paced,7,Enter Shift+Tab Enter,none | menu×1 | @menuitem:File,0,0,Enter>button:Add attachment[none|f=button:Add attachment|h=None]@18.1 ; Shift+Tab>menuitem:File[menu×1|f=menuitem:File|h=File]@360.9 ; Enter>button:Add attachment[none|f=button:Add attachment|h=None]@681.4
chromium-dark-desktop › orbit-menu menu-enter-shift-tab-enter paced sample 8,orbit-menu,menu,menu-enter-shift-tab-enter,menu-enter-enter,paced,8,Enter Shift+Tab Enter,none | menu×1 | @menuitem:File,0,0,Enter>button:Add attachment[none|f=button:Add attachment|h=None]@25.2 ; Shift+Tab>menuitem:File[menu×1|f=menuitem:File|h=File]@365.5 ; Enter>button:Add attachment[none|f=button:Add attachment|h=None]@691.2
chromium-dark-desktop › orbit-menu menu-enter-shift-tab-enter paced sample 9,orbit-menu,menu,menu-enter-shift-tab-enter,menu-enter-enter,paced,9,Enter Shift+Tab Enter,none | menu×1 | @menuitem:File,0,0,Enter>button:Add attachment[none|f=button:Add attachment|h=None]@28.2 ; Shift+Tab>menuitem:File[menu×1|f=menuitem:File|h=File]@368.9 ; Enter>button:Add attachment[none|f=button:Add attachment|h=None]@690.7
chromium-dark-desktop › orbit-menu menu-enter-shift-tab-enter paced sample 10,orbit-menu,menu,menu-enter-shift-tab-enter,menu-enter-enter,paced,10,Enter Shift+Tab Enter,none | menu×1 | @menuitem:File,0,0,Enter>button:Add attachment[none|f=button:Add attachment|h=None]@19.2 ; Shift+Tab>menuitem:File[menu×1|f=menuitem:File|h=File]@362.6 ; Enter>button:Add attachment[none|f=button:Add attachment|h=None]@694.4
chromium-dark-desktop › orbit-menu menu-enter-shift-tab-enter paced sample 11,orbit-menu,menu,menu-enter-shift-tab-enter,menu-enter-enter,paced,11,Enter Shift+Tab Enter,none | menu×1 | @menuitem:File,0,0,Enter>button:Add attachment[none|f=button:Add attachment|h=None]@23.3 ; Shift+Tab>menuitem:File[menu×1|f=menuitem:File|h=File]@367.9 ; Enter>button:Add attachment[none|f=button:Add attachment|h=None]@697.9
chromium-dark-desktop › orbit-menu menu-enter-shift-tab-enter paced sample 12,orbit-menu,menu,menu-enter-shift-tab-enter,menu-enter-enter,paced,12,Enter Shift+Tab Enter,none | menu×1 | @menuitem:File,0,0,Enter>button:Add attachment[none|f=button:Add attachment|h=None]@20.5 ; Shift+Tab>menuitem:File[menu×1|f=menuitem:File|h=File]@367.5 ; Enter>button:Add attachment[none|f=button:Add attachment|h=None]@694
chromium-dark-desktop › orbit-menu menu-enter-shift-tab-enter paced sample 13,orbit-menu,menu,menu-enter-shift-tab-enter,menu-enter-enter,paced,13,Enter Shift+Tab Enter,none | menu×1 | @menuitem:File,0,0,Enter>button:Add attachment[none|f=button:Add attachment|h=None]@21.1 ; Shift+Tab>menuitem:File[menu×1|f=menuitem:File|h=File]@355.2 ; Enter>button:Add attachment[none|f=button:Add attachment|h=None]@681.1
chromium-dark-desktop › orbit-menu menu-enter-shift-tab-enter paced sample 14,orbit-menu,menu,menu-enter-shift-tab-enter,menu-enter-enter,paced,14,Enter Shift+Tab Enter,none | menu×1 | @menuitem:File,0,0,Enter>button:Add attachment[none|f=button:Add attachment|h=None]@32.4 ; Shift+Tab>menuitem:File[menu×1|f=menuitem:File|h=File]@377.8 ; Enter>button:Add attachment[none|f=button:Add attachment|h=None]@702.5
chromium-dark-desktop › orbit-menu menu-enter-shift-tab-enter paced sample 15,orbit-menu,menu,menu-enter-shift-tab-enter,menu-enter-enter,paced,15,Enter Shift+Tab Enter,none | menu×1 | @menuitem:File,0,0,Enter>button:Add attachment[none|f=button:Add attachment|h=None]@16.7 ; Shift+Tab>menuitem:File[menu×1|f=menuitem:File|h=File]@356.3 ; Enter>button:Add attachment[none|f=button:Add attachment|h=None]@684.6
chromium-dark-desktop › orbit-menu menu-enter-shift-tab-enter paced sample 16,orbit-menu,menu,menu-enter-shift-tab-enter,menu-enter-enter,paced,16,Enter Shift+Tab Enter,none | menu×1 | @menuitem:File,0,0,Enter>button:Add attachment[none|f=button:Add attachment|h=None]@26.8 ; Shift+Tab>menuitem:File[menu×1|f=menuitem:File|h=File]@366.5 ; Enter>button:Add attachment[none|f=button:Add attachment|h=None]@688.9
chromium-dark-desktop › orbit-menu menu-enter-shift-tab-enter paced sample 17,orbit-menu,menu,menu-enter-shift-tab-enter,menu-enter-enter,paced,17,Enter Shift+Tab Enter,none | menu×1 | @menuitem:File,0,0,Enter>button:Add attachment[none|f=button:Add attachment|h=None]@21.3 ; Shift+Tab>menuitem:File[menu×1|f=menuitem:File|h=File]@358.5 ; Enter>button:Add attachment[none|f=button:Add attachment|h=None]@685.4
chromium-dark-desktop › orbit-menu menu-enter-shift-tab-enter paced sample 18,orbit-menu,menu,menu-enter-shift-tab-enter,menu-enter-enter,paced,18,Enter Shift+Tab Enter,none | menu×1 | @menuitem:File,0,0,Enter>button:Add attachment[none|f=button:Add attachment|h=None]@21.2 ; Shift+Tab>menuitem:File[menu×1|f=menuitem:File|h=File]@363.4 ; Enter>button:Add attachment[none|f=button:Add attachment|h=None]@692.5
chromium-dark-desktop › orbit-menu menu-enter-shift-tab-enter paced sample 19,orbit-menu,menu,menu-enter-shift-tab-enter,menu-enter-enter,paced,19,Enter Shift+Tab Enter,none | menu×1 | @menuitem:File,0,0,Enter>button:Add attachment[none|f=button:Add attachment|h=None]@24.4 ; Shift+Tab>menuitem:File[menu×1|f=menuitem:File|h=File]@364.1 ; Enter>button:Add attachment[none|f=button:Add attachment|h=None]@687.3
chromium-dark-desktop › orbit-menu-sample menu-enter-shift-tab-enter burst sample 0,orbit-menu-sample,menu,menu-enter-shift-tab-enter,menu-enter-enter,burst,0,Enter Shift+Tab Enter,none | none | @body:darkSwitch themeAdd atta,1,0,Enter>button:Add attachment[none|f=button:Add attachment|h=None]@31 ; Shift+Tab>button:Add attachment[menu×1|f=button:Add attachment|h=File]@62.3 ; Enter>body:darkSwitch themeAdd atta[menu×1|f=body:darkSwitch themeAdd atta|h=None]@74
chromium-dark-desktop › orbit-menu-sample menu-enter-shift-tab-enter burst sample 1,orbit-menu-sample,menu,menu-enter-shift-tab-enter,menu-enter-enter,burst,1,Enter Shift+Tab Enter,none | none | @body:darkSwitch themeAdd atta,1,0,Enter>button:Add attachment[none|f=button:Add attachment|h=None]@23 ; Shift+Tab>button:Add attachment[menu×1|f=button:Add attachment|h=File]@62.4 ; Enter>body:darkSwitch themeAdd atta[menu×1|f=body:darkSwitch themeAdd atta|h=None]@76.5
chromium-dark-desktop › orbit-menu-sample menu-enter-shift-tab-enter burst sample 2,orbit-menu-sample,menu,menu-enter-shift-tab-enter,menu-enter-enter,burst,2,Enter Shift+Tab Enter,none | none | @body:darkSwitch themeAdd atta,1,0,Enter>button:Add attachment[none|f=button:Add attachment|h=None]@31.7 ; Shift+Tab>button:Add attachment[menu×1|f=button:Add attachment|h=File]@67 ; Enter>body:darkSwitch themeAdd atta[menu×1|f=body:darkSwitch themeAdd atta|h=None]@79.9
chromium-dark-desktop › orbit-menu-sample menu-enter-shift-tab-enter burst sample 3,orbit-menu-sample,menu,menu-enter-shift-tab-enter,menu-enter-enter,burst,3,Enter Shift+Tab Enter,none | none | @body:darkSwitch themeAdd atta,1,0,Enter>button:Add attachment[none|f=button:Add attachment|h=None]@34.9 ; Shift+Tab>button:Add attachment[menu×1|f=button:Add attachment|h=File]@69.5 ; Enter>body:darkSwitch themeAdd atta[menu×1|f=body:darkSwitch themeAdd atta|h=None]@83.6
chromium-dark-desktop › orbit-menu-sample menu-enter-shift-tab-enter burst sample 4,orbit-menu-sample,menu,menu-enter-shift-tab-enter,menu-enter-enter,burst,4,Enter Shift+Tab Enter,none | none | @body:darkSwitch themeAdd atta,1,0,Enter>button:Add attachment[none|f=button:Add attachment|h=None]@23.2 ; Shift+Tab>button:Add attachment[menu×1|f=button:Add attachment|h=File]@55.5 ; Enter>body:darkSwitch themeAdd atta[menu×1|f=body:darkSwitch themeAdd atta|h=None]@68.5
chromium-dark-desktop › orbit-menu-sample menu-enter-shift-tab-enter burst sample 5,orbit-menu-sample,menu,menu-enter-shift-tab-enter,menu-enter-enter,burst,5,Enter Shift+Tab Enter,none | none | @body:darkSwitch themeAdd atta,1,0,Enter>button:Add attachment[none|f=button:Add attachment|h=None]@29.3 ; Shift+Tab>button:Add attachment[menu×1|f=button:Add attachment|h=File]@60.2 ; Enter>body:darkSwitch themeAdd atta[menu×1|f=body:darkSwitch themeAdd atta|h=None]@72.3
chromium-dark-desktop › orbit-menu-sample menu-enter-shift-tab-enter burst sample 6,orbit-menu-sample,menu,menu-enter-shift-tab-enter,menu-enter-enter,burst,6,Enter Shift+Tab Enter,none | none | @body:darkSwitch themeAdd atta,1,0,Enter>button:Add attachment[none|f=button:Add attachment|h=None]@26.9 ; Shift+Tab>button:Add attachment[menu×1|f=button:Add attachment|h=File]@51.3 ; Enter>body:darkSwitch themeAdd atta[menu×1|f=body:darkSwitch themeAdd atta|h=None]@60.3
chromium-dark-desktop › orbit-menu-sample menu-enter-shift-tab-enter burst sample 7,orbit-menu-sample,menu,menu-enter-shift-tab-enter,menu-enter-enter,burst,7,Enter Shift+Tab Enter,none | none | @body:darkSwitch themeAdd atta,1,0,Enter>button:Add attachment[none|f=button:Add attachment|h=None]@17.6 ; Shift+Tab>button:Add attachment[menu×1|f=button:Add attachment|h=File]@48.2 ; Enter>body:darkSwitch themeAdd atta[menu×1|f=body:darkSwitch themeAdd atta|h=None]@60.3
chromium-dark-desktop › orbit-menu-sample menu-enter-shift-tab-enter burst sample 8,orbit-menu-sample,menu,menu-enter-shift-tab-enter,menu-enter-enter,burst,8,Enter Shift+Tab Enter,none | none | @body:darkSwitch themeAdd atta,1,0,Enter>button:Add attachment[none|f=button:Add attachment|h=None]@29.8 ; Shift+Tab>button:Add attachment[menu×1|f=button:Add attachment|h=File]@63.2 ; Enter>body:darkSwitch themeAdd atta[menu×1|f=body:darkSwitch themeAdd atta|h=None]@76.3
chromium-dark-desktop › orbit-menu-sample menu-enter-shift-tab-enter burst sample 9,orbit-menu-sample,menu,menu-enter-shift-tab-enter,menu-enter-enter,burst,9,Enter Shift+Tab Enter,none | none | @body:darkSwitch themeAdd atta,1,0,Enter>button:Add attachment[none|f=button:Add attachment|h=None]@24.1 ; Shift+Tab>button:Add attachment[menu×1|f=button:Add attachment|h=File]@55.5 ; Enter>body:darkSwitch themeAdd atta[menu×1|f=body:darkSwitch themeAdd atta|h=None]@68.2
chromium-dark-desktop › orbit-menu-sample menu-enter-shift-tab-enter burst sample 10,orbit-menu-sample,menu,menu-enter-shift-tab-enter,menu-enter-enter,burst,10,Enter Shift+Tab Enter,none | none | @body:darkSwitch themeAdd atta,1,0,Enter>button:Add attachment[none|f=button:Add attachment|h=None]@27.7 ; Shift+Tab>button:Add attachment[menu×1|f=button:Add attachment|h=File]@61.8 ; Enter>body:darkSwitch themeAdd atta[menu×1|f=body:darkSwitch themeAdd atta|h=None]@75.3
chromium-dark-desktop › orbit-menu-sample menu-enter-shift-tab-enter burst sample 11,orbit-menu-sample,menu,menu-enter-shift-tab-enter,menu-enter-enter,burst,11,Enter Shift+Tab Enter,none | none | @body:darkSwitch themeAdd atta,1,0,Enter>button:Add attachment[none|f=button:Add attachment|h=None]@23.4 ; Shift+Tab>button:Add attachment[menu×1|f=button:Add attachment|h=File]@58.7 ; Enter>body:darkSwitch themeAdd atta[menu×1|f=body:darkSwitch themeAdd atta|h=None]@72.6
chromium-dark-desktop › orbit-menu-sample menu-enter-shift-tab-enter burst sample 12,orbit-menu-sample,menu,menu-enter-shift-tab-enter,menu-enter-enter,burst,12,Enter Shift+Tab Enter,none | none | @body:darkSwitch themeAdd atta,1,0,Enter>button:Add attachment[none|f=button:Add attachment|h=None]@25.1 ; Shift+Tab>button:Add attachment[menu×1|f=button:Add attachment|h=File]@58.9 ; Enter>body:darkSwitch themeAdd atta[menu×1|f=body:darkSwitch themeAdd atta|h=None]@72.6
chromium-dark-desktop › orbit-menu-sample menu-enter-shift-tab-enter burst sample 13,orbit-menu-sample,menu,menu-enter-shift-tab-enter,menu-enter-enter,burst,13,Enter Shift+Tab Enter,none | none | @body:darkSwitch themeAdd atta,1,0,Enter>button:Add attachment[none|f=button:Add attachment|h=None]@27.8 ; Shift+Tab>button:Add attachment[menu×1|f=button:Add attachment|h=File]@66 ; Enter>body:darkSwitch themeAdd atta[menu×1|f=body:darkSwitch themeAdd atta|h=None]@81.4
chromium-dark-desktop › orbit-menu-sample menu-enter-shift-tab-enter burst sample 14,orbit-menu-sample,menu,menu-enter-shift-tab-enter,menu-enter-enter,burst,14,Enter Shift+Tab Enter,none | none | @body:darkSwitch themeAdd atta,1,0,Enter>button:Add attachment[none|f=button:Add attachment|h=None]@30.8 ; Shift+Tab>button:Add attachment[menu×1|f=button:Add attachment|h=File]@56.5 ; Enter>body:darkSwitch themeAdd atta[menu×1|f=body:darkSwitch themeAdd atta|h=None]@65.1
chromium-dark-desktop › orbit-menu-sample menu-enter-shift-tab-enter burst sample 15,orbit-menu-sample,menu,menu-enter-shift-tab-enter,menu-enter-enter,burst,15,Enter Shift+Tab Enter,none | none | @body:darkSwitch themeAdd atta,1,0,Enter>button:Add attachment[none|f=button:Add attachment|h=None]@27 ; Shift+Tab>button:Add attachment[menu×1|f=button:Add attachment|h=File]@114.3 ; Enter>body:darkSwitch themeAdd atta[menu×1|f=body:darkSwitch themeAdd atta|h=None]@141.7
chromium-dark-desktop › orbit-menu-sample menu-enter-shift-tab-enter burst sample 16,orbit-menu-sample,menu,menu-enter-shift-tab-enter,menu-enter-enter,burst,16,Enter Shift+Tab Enter,none | none | @body:darkSwitch themeAdd atta,1,0,Enter>button:Add attachment[none|f=button:Add attachment|h=None]@30.5 ; Shift+Tab>button:Add attachment[menu×1|f=button:Add attachment|h=File]@145.3 ; Enter>body:darkSwitch themeAdd atta[menu×1|f=body:darkSwitch themeAdd atta|h=None]@170.9
chromium-dark-desktop › orbit-menu-sample menu-enter-shift-tab-enter burst sample 17,orbit-menu-sample,menu,menu-enter-shift-tab-enter,menu-enter-enter,burst,17,Enter Shift+Tab Enter,none | none | @body:darkSwitch themeAdd atta,1,0,Enter>button:Add attachment[none|f=button:Add attachment|h=None]@41.8 ; Shift+Tab>button:Add attachment[menu×1|f=button:Add attachment|h=File]@225.3 ; Enter>body:darkSwitch themeAdd atta[menu×1|f=body:darkSwitch themeAdd atta|h=None]@243.5
chromium-dark-desktop › orbit-menu-sample menu-enter-shift-tab-enter burst sample 18,orbit-menu-sample,menu,menu-enter-shift-tab-enter,menu-enter-enter,burst,18,Enter Shift+Tab Enter,none | none | @body:darkSwitch themeAdd atta,1,0,Enter>button:Add attachment[none|f=button:Add attachment|h=None]@242.3 ; Shift+Tab>button:Add attachment[menu×1|f=button:Add attachment|h=File]@308.4 ; Enter>body:darkSwitch themeAdd atta[menu×1|f=body:darkSwitch themeAdd atta|h=None]@335.9
chromium-dark-desktop › orbit-menu-sample menu-enter-shift-tab-enter burst sample 19,orbit-menu-sample,menu,menu-enter-shift-tab-enter,menu-enter-enter,burst,19,Enter Shift+Tab Enter,none | none | @body:darkSwitch themeAdd atta,1,0,Enter>button:Add attachment[none|f=button:Add attachment|h=None]@47.2 ; Shift+Tab>button:Add attachment[menu×1|f=button:Add attachment|h=File]@146.7 ; Enter>body:darkSwitch themeAdd atta[menu×1|f=body:darkSwitch themeAdd atta|h=None]@171
chromium-dark-desktop › orbit-menu-sample menu-enter-shift-tab-enter paced sample 0,orbit-menu-sample,menu,menu-enter-shift-tab-enter,menu-enter-enter,paced,0,Enter Shift+Tab Enter,none | menu×1 | @menuitem:File,0,0,Enter>button:Add attachment[none|f=button:Add attachment|h=None]@13 ; Shift+Tab>menuitem:File[menu×1|f=menuitem:File|h=File]@427.5 ; Enter>button:Add attachment[none|f=button:Add attachment|h=None]@779
chromium-dark-desktop › orbit-menu-sample menu-enter-shift-tab-enter paced sample 1,orbit-menu-sample,menu,menu-enter-shift-tab-enter,menu-enter-enter,paced,1,Enter Shift+Tab Enter,none | menu×1 | @menuitem:File,0,0,Enter>button:Add attachment[none|f=button:Add attachment|h=None]@23.3 ; Shift+Tab>menuitem:File[menu×1|f=menuitem:File|h=File]@421.2 ; Enter>button:Add attachment[none|f=button:Add attachment|h=None]@768.6
chromium-dark-desktop › orbit-menu-sample menu-enter-shift-tab-enter paced sample 2,orbit-menu-sample,menu,menu-enter-shift-tab-enter,menu-enter-enter,paced,2,Enter Shift+Tab Enter,none | menu×1 | @menuitem:File,0,0,Enter>button:Add attachment[none|f=button:Add attachment|h=None]@11.5 ; Shift+Tab>menuitem:File[menu×1|f=menuitem:File|h=File]@465.7 ; Enter>button:Add attachment[none|f=button:Add attachment|h=None]@839.7
chromium-dark-desktop › orbit-menu-sample menu-enter-shift-tab-enter paced sample 3,orbit-menu-sample,menu,menu-enter-shift-tab-enter,menu-enter-enter,paced,3,Enter Shift+Tab Enter,none | menu×1 | @menuitem:File,0,0,Enter>button:Add attachment[none|f=button:Add attachment|h=None]@39 ; Shift+Tab>menuitem:File[menu×1|f=menuitem:File|h=File]@444.4 ; Enter>button:Add attachment[none|f=button:Add attachment|h=None]@812.6
chromium-dark-desktop › orbit-menu-sample menu-enter-shift-tab-enter paced sample 4,orbit-menu-sample,menu,menu-enter-shift-tab-enter,menu-enter-enter,paced,4,Enter Shift+Tab Enter,none | menu×1 | @menuitem:File,0,0,Enter>button:Add attachment[none|f=button:Add attachment|h=None]@25.2 ; Shift+Tab>menuitem:File[menu×1|f=menuitem:File|h=File]@397 ; Enter>button:Add attachment[none|f=button:Add attachment|h=None]@754.9
chromium-dark-desktop › orbit-menu-sample menu-enter-shift-tab-enter paced sample 5,orbit-menu-sample,menu,menu-enter-shift-tab-enter,menu-enter-enter,paced,5,Enter Shift+Tab Enter,none | menu×1 | @menuitem:File,0,0,Enter>button:Add attachment[none|f=button:Add attachment|h=None]@21.1 ; Shift+Tab>menuitem:File[menu×1|f=menuitem:File|h=File]@389.8 ; Enter>button:Add attachment[none|f=button:Add attachment|h=None]@733.4
chromium-dark-desktop › orbit-menu-sample menu-enter-shift-tab-enter paced sample 6,orbit-menu-sample,menu,menu-enter-shift-tab-enter,menu-enter-enter,paced,6,Enter Shift+Tab Enter,none | menu×1 | @menuitem:File,0,0,Enter>button:Add attachment[none|f=button:Add attachment|h=None]@30.4 ; Shift+Tab>menuitem:File[menu×1|f=menuitem:File|h=File]@387.1 ; Enter>button:Add attachment[none|f=button:Add attachment|h=None]@708.6
chromium-dark-desktop › orbit-menu-sample menu-enter-shift-tab-enter paced sample 7,orbit-menu-sample,menu,menu-enter-shift-tab-enter,menu-enter-enter,paced,7,Enter Shift+Tab Enter,none | menu×1 | @menuitem:File,0,0,Enter>button:Add attachment[none|f=button:Add attachment|h=None]@200.4 ; Shift+Tab>menuitem:File[menu×1|f=menuitem:File|h=File]@905.4 ; Enter>button:Add attachment[none|f=button:Add attachment|h=None]@1280.5
chromium-dark-desktop › orbit-menu-sample menu-enter-shift-tab-enter paced sample 8,orbit-menu-sample,menu,menu-enter-shift-tab-enter,menu-enter-enter,paced,8,Enter Shift+Tab Enter,none | menu×1 | @menuitem:File,0,0,Enter>button:Add attachment[none|f=button:Add attachment|h=None]@30 ; Shift+Tab>menuitem:File[menu×1|f=menuitem:File|h=File]@406.8 ; Enter>button:Add attachment[none|f=button:Add attachment|h=None]@1162
chromium-dark-desktop › orbit-menu-sample menu-enter-shift-tab-enter paced sample 9,orbit-menu-sample,menu,menu-enter-shift-tab-enter,menu-enter-enter,paced,9,Enter Shift+Tab Enter,none | menu×1 | @menuitem:File,0,0,Enter>button:Add attachment[none|f=button:Add attachment|h=None]@151.6 ; Shift+Tab>menuitem:File[menu×1|f=menuitem:File|h=File]@869.4 ; Enter>button:Add attachment[none|f=button:Add attachment|h=None]@1846.1
chromium-dark-desktop › orbit-menu-sample menu-enter-shift-tab-enter paced sample 10,orbit-menu-sample,menu,menu-enter-shift-tab-enter,menu-enter-enter,paced,10,Enter Shift+Tab Enter,none | menu×1 | @menuitem:File,0,0,Enter>button:Add attachment[none|f=button:Add attachment|h=None]@28.5 ; Shift+Tab>menuitem:File[menu×1|f=menuitem:File|h=File]@465.7 ; Enter>button:Add attachment[none|f=button:Add attachment|h=None]@807.9
chromium-dark-desktop › orbit-menu-sample menu-enter-shift-tab-enter paced sample 11,orbit-menu-sample,menu,menu-enter-shift-tab-enter,menu-enter-enter,paced,11,Enter Shift+Tab Enter,none | menu×1 | @menuitem:File,0,0,Enter>button:Add attachment[none|f=button:Add attachment|h=None]@28.3 ; Shift+Tab>menuitem:File[menu×1|f=menuitem:File|h=File]@439.6 ; Enter>button:Add attachment[none|f=button:Add attachment|h=None]@790.7
chromium-dark-desktop › orbit-menu-sample menu-enter-shift-tab-enter paced sample 12,orbit-menu-sample,menu,menu-enter-shift-tab-enter,menu-enter-enter,paced,12,Enter Shift+Tab Enter,none | menu×1 | @menuitem:File,0,0,Enter>button:Add attachment[none|f=button:Add attachment|h=None]@46.6 ; Shift+Tab>menuitem:File[menu×1|f=menuitem:File|h=File]@631.7 ; Enter>button:Add attachment[none|f=button:Add attachment|h=None]@987.3
chromium-dark-desktop › orbit-menu-sample menu-enter-shift-tab-enter paced sample 13,orbit-menu-sample,menu,menu-enter-shift-tab-enter,menu-enter-enter,paced,13,Enter Shift+Tab Enter,none | menu×1 | @menuitem:File,0,0,Enter>button:Add attachment[none|f=button:Add attachment|h=None]@39.2 ; Shift+Tab>menuitem:File[menu×1|f=menuitem:File|h=File]@490 ; Enter>button:Add attachment[none|f=button:Add attachment|h=None]@829.3
chromium-dark-desktop › orbit-menu-sample menu-enter-shift-tab-enter paced sample 14,orbit-menu-sample,menu,menu-enter-shift-tab-enter,menu-enter-enter,paced,14,Enter Shift+Tab Enter,none | menu×1 | @menuitem:File,0,0,Enter>button:Add attachment[none|f=button:Add attachment|h=None]@25.4 ; Shift+Tab>menuitem:File[menu×1|f=menuitem:File|h=File]@420.3 ; Enter>button:Add attachment[none|f=button:Add attachment|h=None]@774.4
chromium-dark-desktop › orbit-menu-sample menu-enter-shift-tab-enter paced sample 15,orbit-menu-sample,menu,menu-enter-shift-tab-enter,menu-enter-enter,paced,15,Enter Shift+Tab Enter,none | menu×1 | @menuitem:File,0,0,Enter>button:Add attachment[none|f=button:Add attachment|h=None]@25.8 ; Shift+Tab>menuitem:File[menu×1|f=menuitem:File|h=File]@398.3 ; Enter>button:Add attachment[none|f=button:Add attachment|h=None]@742
chromium-dark-desktop › orbit-menu-sample menu-enter-shift-tab-enter paced sample 16,orbit-menu-sample,menu,menu-enter-shift-tab-enter,menu-enter-enter,paced,16,Enter Shift+Tab Enter,none | menu×1 | @menuitem:File,0,0,Enter>button:Add attachment[none|f=button:Add attachment|h=None]@15.7 ; Shift+Tab>menuitem:File[menu×1|f=menuitem:File|h=File]@395.9 ; Enter>button:Add attachment[none|f=button:Add attachment|h=None]@789.4
chromium-dark-desktop › orbit-menu-sample menu-enter-shift-tab-enter paced sample 17,orbit-menu-sample,menu,menu-enter-shift-tab-enter,menu-enter-enter,paced,17,Enter Shift+Tab Enter,none | menu×1 | @menuitem:File,0,0,Enter>button:Add attachment[none|f=button:Add attachment|h=None]@27.8 ; Shift+Tab>menuitem:File[menu×1|f=menuitem:File|h=File]@421.5 ; Enter>button:Add attachment[none|f=button:Add attachment|h=None]@776.4
chromium-dark-desktop › orbit-menu-sample menu-enter-shift-tab-enter paced sample 18,orbit-menu-sample,menu,menu-enter-shift-tab-enter,menu-enter-enter,paced,18,Enter Shift+Tab Enter,none | menu×1 | @menuitem:File,0,0,Enter>button:Add attachment[none|f=button:Add attachment|h=None]@46.8 ; Shift+Tab>menuitem:File[menu×1|f=menuitem:File|h=File]@446.1 ; Enter>button:Add attachment[none|f=button:Add attachment|h=None]@791.6
chromium-dark-desktop › orbit-menu-sample menu-enter-shift-tab-enter paced sample 19,orbit-menu-sample,menu,menu-enter-shift-tab-enter,menu-enter-enter,paced,19,Enter Shift+Tab Enter,none | menu×1 | @menuitem:File,0,0,Enter>button:Add attachment[none|f=button:Add attachment|h=None]@42.1 ; Shift+Tab>menuitem:File[menu×1|f=menuitem:File|h=File]@489.9 ; Enter>button:Add attachment[none|f=button:Add attachment|h=None]@824
chromium-dark-desktop › antd-menu menu-enter-shift-tab-enter burst sample 0,antd-menu,menu,menu-enter-shift-tab-enter,menu-enter-enter,burst,0,Enter Shift+Tab Enter,ran File | none | @body:darkSwitch themeAdd atta,1,0,Enter>button:Add attachment[none|f=button:Add attachment|h=None]@91.4 ; Shift+Tab>button:Add attachment[menu×1|f=button:Add attachment|h=None]@199.7 ; Enter>menuitem:File[menu×1|f=menuitem:File|h=None]@223
chromium-dark-desktop › antd-menu menu-enter-shift-tab-enter burst sample 1,antd-menu,menu,menu-enter-shift-tab-enter,menu-enter-enter,burst,1,Enter Shift+Tab Enter,ran File | none | @body:darkSwitch themeAdd atta,1,0,Enter>button:Add attachment[none|f=button:Add attachment|h=None]@18.1 ; Shift+Tab>button:Add attachment[menu×1|f=button:Add attachment|h=None]@150.8 ; Enter>menuitem:File[menu×1|f=menuitem:File|h=None]@156.1
chromium-dark-desktop › antd-menu menu-enter-shift-tab-enter burst sample 2,antd-menu,menu,menu-enter-shift-tab-enter,menu-enter-enter,burst,2,Enter Shift+Tab Enter,ran File | none | @body:darkSwitch themeAdd atta,1,0,Enter>button:Add attachment[none|f=button:Add attachment|h=None]@32.5 ; Shift+Tab>button:Add attachment[menu×1|f=button:Add attachment|h=None]@162.1 ; Enter>menuitem:File[menu×1|f=menuitem:File|h=None]@169.7
chromium-dark-desktop › antd-menu menu-enter-shift-tab-enter burst sample 3,antd-menu,menu,menu-enter-shift-tab-enter,menu-enter-enter,burst,3,Enter Shift+Tab Enter,ran File | none | @body:darkSwitch themeAdd atta,1,0,Enter>button:Add attachment[none|f=button:Add attachment|h=None]@24.4 ; Shift+Tab>button:Add attachment[menu×1|f=button:Add attachment|h=None]@112.2 ; Enter>menuitem:File[menu×1|f=menuitem:File|h=None]@116.8
chromium-dark-desktop › antd-menu menu-enter-shift-tab-enter burst sample 4,antd-menu,menu,menu-enter-shift-tab-enter,menu-enter-enter,burst,4,Enter Shift+Tab Enter,ran File | none | @body:darkSwitch themeAdd atta,1,0,Enter>button:Add attachment[none|f=button:Add attachment|h=None]@19.6 ; Shift+Tab>button:Add attachment[menu×1|f=button:Add attachment|h=None]@147.1 ; Enter>menuitem:File[menu×1|f=menuitem:File|h=None]@152
chromium-dark-desktop › antd-menu menu-enter-shift-tab-enter burst sample 5,antd-menu,menu,menu-enter-shift-tab-enter,menu-enter-enter,burst,5,Enter Shift+Tab Enter,ran File | none | @body:darkSwitch themeAdd atta,1,0,Enter>button:Add attachment[none|f=button:Add attachment|h=None]@27 ; Shift+Tab>button:Add attachment[menu×1|f=button:Add attachment|h=None]@133.9 ; Enter>menuitem:File[menu×1|f=menuitem:File|h=None]@140.4
chromium-dark-desktop › antd-menu menu-enter-shift-tab-enter burst sample 6,antd-menu,menu,menu-enter-shift-tab-enter,menu-enter-enter,burst,6,Enter Shift+Tab Enter,ran File | none | @body:darkSwitch themeAdd atta,1,0,Enter>button:Add attachment[none|f=button:Add attachment|h=None]@50.1 ; Shift+Tab>button:Add attachment[menu×1|f=button:Add attachment|h=None]@158.3 ; Enter>menuitem:File[menu×1|f=menuitem:File|h=None]@163
chromium-dark-desktop › antd-menu menu-enter-shift-tab-enter burst sample 7,antd-menu,menu,menu-enter-shift-tab-enter,menu-enter-enter,burst,7,Enter Shift+Tab Enter,ran File | none | @body:darkSwitch themeAdd atta,1,0,Enter>button:Add attachment[none|f=button:Add attachment|h=None]@34.8 ; Shift+Tab>button:Add attachment[menu×1|f=button:Add attachment|h=None]@123.6 ; Enter>menuitem:File[menu×1|f=menuitem:File|h=None]@133
chromium-dark-desktop › antd-menu menu-enter-shift-tab-enter burst sample 8,antd-menu,menu,menu-enter-shift-tab-enter,menu-enter-enter,burst,8,Enter Shift+Tab Enter,ran File | none | @body:darkSwitch themeAdd atta,1,0,Enter>button:Add attachment[none|f=button:Add attachment|h=None]@23.2 ; Shift+Tab>button:Add attachment[menu×1|f=button:Add attachment|h=None]@95.6 ; Enter>menuitem:File[menu×1|f=menuitem:File|h=None]@98.1
chromium-dark-desktop › antd-menu menu-enter-shift-tab-enter burst sample 9,antd-menu,menu,menu-enter-shift-tab-enter,menu-enter-enter,burst,9,Enter Shift+Tab Enter,ran File | none | @body:darkSwitch themeAdd atta,1,0,Enter>button:Add attachment[none|f=button:Add attachment|h=None]@23.4 ; Shift+Tab>button:Add attachment[menu×1|f=button:Add attachment|h=None]@90 ; Enter>menuitem:File[menu×1|f=menuitem:File|h=None]@93.5
chromium-dark-desktop › antd-menu menu-enter-shift-tab-enter burst sample 10,antd-menu,menu,menu-enter-shift-tab-enter,menu-enter-enter,burst,10,Enter Shift+Tab Enter,ran File | none | @body:darkSwitch themeAdd atta,1,0,Enter>button:Add attachment[none|f=button:Add attachment|h=None]@28.3 ; Shift+Tab>button:Add attachment[menu×1|f=button:Add attachment|h=None]@93.8 ; Enter>menuitem:File[menu×1|f=menuitem:File|h=None]@97.1
chromium-dark-desktop › antd-menu menu-enter-shift-tab-enter burst sample 11,antd-menu,menu,menu-enter-shift-tab-enter,menu-enter-enter,burst,11,Enter Shift+Tab Enter,ran File | none | @body:darkSwitch themeAdd atta,1,0,Enter>button:Add attachment[none|f=button:Add attachment|h=None]@22.6 ; Shift+Tab>button:Add attachment[menu×1|f=button:Add attachment|h=None]@85.8 ; Enter>menuitem:File[menu×1|f=menuitem:File|h=None]@89
chromium-dark-desktop › antd-menu menu-enter-shift-tab-enter burst sample 12,antd-menu,menu,menu-enter-shift-tab-enter,menu-enter-enter,burst,12,Enter Shift+Tab Enter,ran File | none | @body:darkSwitch themeAdd atta,1,0,Enter>button:Add attachment[none|f=button:Add attachment|h=None]@24.7 ; Shift+Tab>button:Add attachment[menu×1|f=button:Add attachment|h=None]@91.2 ; Enter>menuitem:File[menu×1|f=menuitem:File|h=None]@94.3
chromium-dark-desktop › antd-menu menu-enter-shift-tab-enter burst sample 13,antd-menu,menu,menu-enter-shift-tab-enter,menu-enter-enter,burst,13,Enter Shift+Tab Enter,ran File | none | @body:darkSwitch themeAdd atta,1,0,Enter>button:Add attachment[none|f=button:Add attachment|h=None]@32.8 ; Shift+Tab>button:Add attachment[menu×1|f=button:Add attachment|h=None]@94.6 ; Enter>menuitem:File[menu×1|f=menuitem:File|h=None]@97.7
chromium-dark-desktop › antd-menu menu-enter-shift-tab-enter burst sample 14,antd-menu,menu,menu-enter-shift-tab-enter,menu-enter-enter,burst,14,Enter Shift+Tab Enter,ran File | none | @body:darkSwitch themeAdd atta,1,0,Enter>button:Add attachment[none|f=button:Add attachment|h=None]@31.4 ; Shift+Tab>button:Add attachment[menu×1|f=button:Add attachment|h=None]@90.6 ; Enter>menuitem:File[menu×1|f=menuitem:File|h=None]@93.5
chromium-dark-desktop › antd-menu menu-enter-shift-tab-enter burst sample 15,antd-menu,menu,menu-enter-shift-tab-enter,menu-enter-enter,burst,15,Enter Shift+Tab Enter,ran File | none | @body:darkSwitch themeAdd atta,1,0,Enter>button:Add attachment[none|f=button:Add attachment|h=None]@24 ; Shift+Tab>button:Add attachment[menu×1|f=button:Add attachment|h=None]@88.6 ; Enter>menuitem:File[menu×1|f=menuitem:File|h=None]@92.1
chromium-dark-desktop › antd-menu menu-enter-shift-tab-enter burst sample 16,antd-menu,menu,menu-enter-shift-tab-enter,menu-enter-enter,burst,16,Enter Shift+Tab Enter,ran File | none | @body:darkSwitch themeAdd atta,1,0,Enter>button:Add attachment[none|f=button:Add attachment|h=None]@30.6 ; Shift+Tab>button:Add attachment[menu×1|f=button:Add attachment|h=None]@94.2 ; Enter>menuitem:File[menu×1|f=menuitem:File|h=None]@97.9
chromium-dark-desktop › antd-menu menu-enter-shift-tab-enter burst sample 17,antd-menu,menu,menu-enter-shift-tab-enter,menu-enter-enter,burst,17,Enter Shift+Tab Enter,ran File | none | @body:darkSwitch themeAdd atta,1,0,Enter>button:Add attachment[none|f=button:Add attachment|h=None]@19.6 ; Shift+Tab>button:Add attachment[menu×1|f=button:Add attachment|h=None]@82.8 ; Enter>menuitem:File[menu×1|f=menuitem:File|h=None]@85.7
chromium-dark-desktop › antd-menu menu-enter-shift-tab-enter burst sample 18,antd-menu,menu,menu-enter-shift-tab-enter,menu-enter-enter,burst,18,Enter Shift+Tab Enter,ran File | none | @body:darkSwitch themeAdd atta,1,0,Enter>button:Add attachment[none|f=button:Add attachment|h=None]@25.8 ; Shift+Tab>button:Add attachment[menu×1|f=button:Add attachment|h=None]@93.4 ; Enter>menuitem:File[menu×1|f=menuitem:File|h=None]@96.6
chromium-dark-desktop › antd-menu menu-enter-shift-tab-enter burst sample 19,antd-menu,menu,menu-enter-shift-tab-enter,menu-enter-enter,burst,19,Enter Shift+Tab Enter,ran File | none | @body:darkSwitch themeAdd atta,1,0,Enter>button:Add attachment[none|f=button:Add attachment|h=None]@21.6 ; Shift+Tab>button:Add attachment[menu×1|f=button:Add attachment|h=None]@83 ; Enter>menuitem:File[menu×1|f=menuitem:File|h=None]@86
chromium-dark-desktop › antd-menu menu-enter-shift-tab-enter paced sample 0,antd-menu,menu,menu-enter-shift-tab-enter,menu-enter-enter,paced,0,Enter Shift+Tab Enter,ran File | none | @body:darkSwitch themeAdd atta,1,0,Enter>button:Add attachment[none|f=button:Add attachment|h=None]@38.1 ; Shift+Tab>button:Add attachment[menu×1|f=button:Add attachment|h=None]@418.4 ; Enter>menuitem:File[menu×1|f=menuitem:File|h=None]@726.4
chromium-dark-desktop › antd-menu menu-enter-shift-tab-enter paced sample 1,antd-menu,menu,menu-enter-shift-tab-enter,menu-enter-enter,paced,1,Enter Shift+Tab Enter,ran File | none | @body:darkSwitch themeAdd atta,1,0,Enter>button:Add attachment[none|f=button:Add attachment|h=None]@34.1 ; Shift+Tab>button:Add attachment[menu×1|f=button:Add attachment|h=None]@403.8 ; Enter>menuitem:File[menu×1|f=menuitem:File|h=None]@711.3
chromium-dark-desktop › antd-menu menu-enter-shift-tab-enter paced sample 2,antd-menu,menu,menu-enter-shift-tab-enter,menu-enter-enter,paced,2,Enter Shift+Tab Enter,ran File | none | @body:darkSwitch themeAdd atta,1,0,Enter>button:Add attachment[none|f=button:Add attachment|h=None]@33.3 ; Shift+Tab>button:Add attachment[menu×1|f=button:Add attachment|h=None]@414.8 ; Enter>menuitem:File[menu×1|f=menuitem:File|h=None]@723.5
chromium-dark-desktop › antd-menu menu-enter-shift-tab-enter paced sample 3,antd-menu,menu,menu-enter-shift-tab-enter,menu-enter-enter,paced,3,Enter Shift+Tab Enter,ran File | none | @body:darkSwitch themeAdd atta,1,0,Enter>button:Add attachment[none|f=button:Add attachment|h=None]@22.4 ; Shift+Tab>button:Add attachment[menu×1|f=button:Add attachment|h=None]@401.9 ; Enter>menuitem:File[menu×1|f=menuitem:File|h=None]@710.2
chromium-dark-desktop › antd-menu menu-enter-shift-tab-enter paced sample 4,antd-menu,menu,menu-enter-shift-tab-enter,menu-enter-enter,paced,4,Enter Shift+Tab Enter,ran File | none | @body:darkSwitch themeAdd atta,1,0,Enter>button:Add attachment[none|f=button:Add attachment|h=None]@25.5 ; Shift+Tab>button:Add attachment[menu×1|f=button:Add attachment|h=None]@398.2 ; Enter>menuitem:File[menu×1|f=menuitem:File|h=None]@705.6
chromium-dark-desktop › antd-menu menu-enter-shift-tab-enter paced sample 5,antd-menu,menu,menu-enter-shift-tab-enter,menu-enter-enter,paced,5,Enter Shift+Tab Enter,ran File | none | @body:darkSwitch themeAdd atta,1,0,Enter>button:Add attachment[none|f=button:Add attachment|h=None]@31.9 ; Shift+Tab>button:Add attachment[menu×1|f=button:Add attachment|h=None]@404.5 ; Enter>menuitem:File[menu×1|f=menuitem:File|h=None]@711.9
chromium-dark-desktop › antd-menu menu-enter-shift-tab-enter paced sample 6,antd-menu,menu,menu-enter-shift-tab-enter,menu-enter-enter,paced,6,Enter Shift+Tab Enter,ran File | none | @body:darkSwitch themeAdd atta,1,0,Enter>button:Add attachment[none|f=button:Add attachment|h=None]@15.2 ; Shift+Tab>button:Add attachment[menu×1|f=button:Add attachment|h=None]@392.1 ; Enter>menuitem:File[menu×1|f=menuitem:File|h=None]@698.6
chromium-dark-desktop › antd-menu menu-enter-shift-tab-enter paced sample 7,antd-menu,menu,menu-enter-shift-tab-enter,menu-enter-enter,paced,7,Enter Shift+Tab Enter,ran File | none | @body:darkSwitch themeAdd atta,1,0,Enter>button:Add attachment[none|f=button:Add attachment|h=None]@21.5 ; Shift+Tab>button:Add attachment[menu×1|f=button:Add attachment|h=None]@391.3 ; Enter>menuitem:File[menu×1|f=menuitem:File|h=None]@700
chromium-dark-desktop › antd-menu menu-enter-shift-tab-enter paced sample 8,antd-menu,menu,menu-enter-shift-tab-enter,menu-enter-enter,paced,8,Enter Shift+Tab Enter,ran File | none | @body:darkSwitch themeAdd atta,1,0,Enter>button:Add attachment[none|f=button:Add attachment|h=None]@31.4 ; Shift+Tab>button:Add attachment[menu×1|f=button:Add attachment|h=None]@406.2 ; Enter>menuitem:File[menu×1|f=menuitem:File|h=None]@716.9
chromium-dark-desktop › antd-menu menu-enter-shift-tab-enter paced sample 9,antd-menu,menu,menu-enter-shift-tab-enter,menu-enter-enter,paced,9,Enter Shift+Tab Enter,ran File | none | @body:darkSwitch themeAdd atta,1,0,Enter>button:Add attachment[none|f=button:Add attachment|h=None]@23.7 ; Shift+Tab>button:Add attachment[menu×1|f=button:Add attachment|h=None]@397.8 ; Enter>menuitem:File[menu×1|f=menuitem:File|h=None]@704.4
chromium-dark-desktop › antd-menu menu-enter-shift-tab-enter paced sample 10,antd-menu,menu,menu-enter-shift-tab-enter,menu-enter-enter,paced,10,Enter Shift+Tab Enter,ran File | none | @body:darkSwitch themeAdd atta,1,0,Enter>button:Add attachment[none|f=button:Add attachment|h=None]@31.5 ; Shift+Tab>button:Add attachment[menu×1|f=button:Add attachment|h=None]@402.4 ; Enter>menuitem:File[menu×1|f=menuitem:File|h=None]@710.1
chromium-dark-desktop › antd-menu menu-enter-shift-tab-enter paced sample 11,antd-menu,menu,menu-enter-shift-tab-enter,menu-enter-enter,paced,11,Enter Shift+Tab Enter,ran File | none | @body:darkSwitch themeAdd atta,1,0,Enter>button:Add attachment[none|f=button:Add attachment|h=None]@22.7 ; Shift+Tab>button:Add attachment[menu×1|f=button:Add attachment|h=None]@401.5 ; Enter>menuitem:File[menu×1|f=menuitem:File|h=None]@708.7
chromium-dark-desktop › antd-menu menu-enter-shift-tab-enter paced sample 12,antd-menu,menu,menu-enter-shift-tab-enter,menu-enter-enter,paced,12,Enter Shift+Tab Enter,ran File | none | @body:darkSwitch themeAdd atta,1,0,Enter>button:Add attachment[none|f=button:Add attachment|h=None]@28.2 ; Shift+Tab>button:Add attachment[menu×1|f=button:Add attachment|h=None]@410.6 ; Enter>menuitem:File[menu×1|f=menuitem:File|h=None]@719.8
chromium-dark-desktop › antd-menu menu-enter-shift-tab-enter paced sample 13,antd-menu,menu,menu-enter-shift-tab-enter,menu-enter-enter,paced,13,Enter Shift+Tab Enter,ran File | none | @body:darkSwitch themeAdd atta,1,0,Enter>button:Add attachment[none|f=button:Add attachment|h=None]@31.8 ; Shift+Tab>button:Add attachment[menu×1|f=button:Add attachment|h=None]@407.3 ; Enter>menuitem:File[menu×1|f=menuitem:File|h=None]@719
chromium-dark-desktop › antd-menu menu-enter-shift-tab-enter paced sample 14,antd-menu,menu,menu-enter-shift-tab-enter,menu-enter-enter,paced,14,Enter Shift+Tab Enter,ran File | none | @body:darkSwitch themeAdd atta,1,0,Enter>button:Add attachment[none|f=button:Add attachment|h=None]@29.9 ; Shift+Tab>button:Add attachment[menu×1|f=button:Add attachment|h=None]@409.4 ; Enter>menuitem:File[menu×1|f=menuitem:File|h=None]@721.4
chromium-dark-desktop › antd-menu menu-enter-shift-tab-enter paced sample 15,antd-menu,menu,menu-enter-shift-tab-enter,menu-enter-enter,paced,15,Enter Shift+Tab Enter,ran File | none | @body:darkSwitch themeAdd atta,1,0,Enter>button:Add attachment[none|f=button:Add attachment|h=None]@28.5 ; Shift+Tab>button:Add attachment[menu×1|f=button:Add attachment|h=None]@406.7 ; Enter>menuitem:File[menu×1|f=menuitem:File|h=None]@715.2
chromium-dark-desktop › antd-menu menu-enter-shift-tab-enter paced sample 16,antd-menu,menu,menu-enter-shift-tab-enter,menu-enter-enter,paced,16,Enter Shift+Tab Enter,ran File | none | @body:darkSwitch themeAdd atta,1,0,Enter>button:Add attachment[none|f=button:Add attachment|h=None]@23.4 ; Shift+Tab>button:Add attachment[menu×1|f=button:Add attachment|h=None]@415.1 ; Enter>menuitem:File[menu×1|f=menuitem:File|h=None]@722.3
chromium-dark-desktop › antd-menu menu-enter-shift-tab-enter paced sample 17,antd-menu,menu,menu-enter-shift-tab-enter,menu-enter-enter,paced,17,Enter Shift+Tab Enter,ran File | none | @body:darkSwitch themeAdd atta,1,0,Enter>button:Add attachment[none|f=button:Add attachment|h=None]@25.6 ; Shift+Tab>button:Add attachment[menu×1|f=button:Add attachment|h=None]@392.8 ; Enter>menuitem:File[menu×1|f=menuitem:File|h=None]@701
chromium-dark-desktop › antd-menu menu-enter-shift-tab-enter paced sample 18,antd-menu,menu,menu-enter-shift-tab-enter,menu-enter-enter,paced,18,Enter Shift+Tab Enter,ran File | none | @body:darkSwitch themeAdd atta,1,0,Enter>button:Add attachment[none|f=button:Add attachment|h=None]@36.5 ; Shift+Tab>button:Add attachment[menu×1|f=button:Add attachment|h=None]@411.5 ; Enter>menuitem:File[menu×1|f=menuitem:File|h=None]@718.6
chromium-dark-desktop › antd-menu menu-enter-shift-tab-enter paced sample 19,antd-menu,menu,menu-enter-shift-tab-enter,menu-enter-enter,paced,19,Enter Shift+Tab Enter,ran File | none | @body:darkSwitch themeAdd atta,1,0,Enter>button:Add attachment[none|f=button:Add attachment|h=None]@35 ; Shift+Tab>button:Add attachment[menu×1|f=button:Add attachment|h=None]@419.8 ; Enter>menuitem:File[menu×1|f=menuitem:File|h=None]@728.3
chromium-dark-desktop › orbit-menu menu-space burst sample 0,orbit-menu,menu,menu-space,,burst,0,Space,none | menu×1 | @menuitem:File,0,0,Space>button:Add attachment[none|f=button:Add attachment|h=None]@12.6
chromium-dark-desktop › orbit-menu menu-space burst sample 1,orbit-menu,menu,menu-space,,burst,1,Space,none | menu×1 | @menuitem:File,0,0,Space>button:Add attachment[none|f=button:Add attachment|h=None]@26.2
chromium-dark-desktop › orbit-menu menu-space burst sample 2,orbit-menu,menu,menu-space,,burst,2,Space,none | menu×1 | @menuitem:File,0,0,Space>button:Add attachment[none|f=button:Add attachment|h=None]@19.9
chromium-dark-desktop › orbit-menu menu-space burst sample 3,orbit-menu,menu,menu-space,,burst,3,Space,none | menu×1 | @menuitem:File,0,0,Space>button:Add attachment[none|f=button:Add attachment|h=None]@28.9
chromium-dark-desktop › orbit-menu menu-space burst sample 4,orbit-menu,menu,menu-space,,burst,4,Space,none | menu×1 | @menuitem:File,0,0,Space>button:Add attachment[none|f=button:Add attachment|h=None]@19.3
chromium-dark-desktop › orbit-menu menu-space burst sample 5,orbit-menu,menu,menu-space,,burst,5,Space,none | menu×1 | @menuitem:File,0,0,Space>button:Add attachment[none|f=button:Add attachment|h=None]@25
chromium-dark-desktop › orbit-menu menu-space burst sample 6,orbit-menu,menu,menu-space,,burst,6,Space,none | menu×1 | @menuitem:File,0,0,Space>button:Add attachment[none|f=button:Add attachment|h=None]@19.8
chromium-dark-desktop › orbit-menu menu-space burst sample 7,orbit-menu,menu,menu-space,,burst,7,Space,none | menu×1 | @menuitem:File,0,0,Space>button:Add attachment[none|f=button:Add attachment|h=None]@20.6
chromium-dark-desktop › orbit-menu menu-space burst sample 8,orbit-menu,menu,menu-space,,burst,8,Space,none | menu×1 | @menuitem:File,0,0,Space>button:Add attachment[none|f=button:Add attachment|h=None]@22.6
chromium-dark-desktop › orbit-menu menu-space burst sample 9,orbit-menu,menu,menu-space,,burst,9,Space,none | menu×1 | @menuitem:File,0,0,Space>button:Add attachment[none|f=button:Add attachment|h=None]@26.4
chromium-dark-desktop › orbit-menu menu-space burst sample 10,orbit-menu,menu,menu-space,,burst,10,Space,none | menu×1 | @menuitem:File,0,0,Space>button:Add attachment[none|f=button:Add attachment|h=None]@14.8
chromium-dark-desktop › orbit-menu menu-space burst sample 11,orbit-menu,menu,menu-space,,burst,11,Space,none | menu×1 | @menuitem:File,0,0,Space>button:Add attachment[none|f=button:Add attachment|h=None]@30.2
chromium-dark-desktop › orbit-menu menu-space burst sample 12,orbit-menu,menu,menu-space,,burst,12,Space,none | menu×1 | @menuitem:File,0,0,Space>button:Add attachment[none|f=button:Add attachment|h=None]@19.2
chromium-dark-desktop › orbit-menu menu-space burst sample 13,orbit-menu,menu,menu-space,,burst,13,Space,none | menu×1 | @menuitem:File,0,0,Space>button:Add attachment[none|f=button:Add attachment|h=None]@18.2
chromium-dark-desktop › orbit-menu menu-space burst sample 14,orbit-menu,menu,menu-space,,burst,14,Space,none | menu×1 | @menuitem:File,0,0,Space>button:Add attachment[none|f=button:Add attachment|h=None]@20.8
chromium-dark-desktop › orbit-menu menu-space burst sample 15,orbit-menu,menu,menu-space,,burst,15,Space,none | menu×1 | @menuitem:File,0,0,Space>button:Add attachment[none|f=button:Add attachment|h=None]@32.4
chromium-dark-desktop › orbit-menu menu-space burst sample 16,orbit-menu,menu,menu-space,,burst,16,Space,none | menu×1 | @menuitem:File,0,0,Space>button:Add attachment[none|f=button:Add attachment|h=None]@34.3
chromium-dark-desktop › orbit-menu menu-space burst sample 17,orbit-menu,menu,menu-space,,burst,17,Space,none | menu×1 | @menuitem:File,0,0,Space>button:Add attachment[none|f=button:Add attachment|h=None]@21
chromium-dark-desktop › orbit-menu menu-space burst sample 18,orbit-menu,menu,menu-space,,burst,18,Space,none | menu×1 | @menuitem:File,0,0,Space>button:Add attachment[none|f=button:Add attachment|h=None]@19.1
chromium-dark-desktop › orbit-menu menu-space burst sample 19,orbit-menu,menu,menu-space,,burst,19,Space,none | menu×1 | @menuitem:File,0,0,Space>button:Add attachment[none|f=button:Add attachment|h=None]@19.8
chromium-dark-desktop › orbit-menu menu-space paced sample 0,orbit-menu,menu,menu-space,,paced,0,Space,none | menu×1 | @menuitem:File,0,0,Space>button:Add attachment[none|f=button:Add attachment|h=None]@28.8
chromium-dark-desktop › orbit-menu menu-space paced sample 1,orbit-menu,menu,menu-space,,paced,1,Space,none | menu×1 | @menuitem:File,0,0,Space>button:Add attachment[none|f=button:Add attachment|h=None]@20.4
chromium-dark-desktop › orbit-menu menu-space paced sample 2,orbit-menu,menu,menu-space,,paced,2,Space,none | menu×1 | @menuitem:File,0,0,Space>button:Add attachment[none|f=button:Add attachment|h=None]@33.2
chromium-dark-desktop › orbit-menu menu-space paced sample 3,orbit-menu,menu,menu-space,,paced,3,Space,none | menu×1 | @menuitem:File,0,0,Space>button:Add attachment[none|f=button:Add attachment|h=None]@36.4
chromium-dark-desktop › orbit-menu menu-space paced sample 4,orbit-menu,menu,menu-space,,paced,4,Space,none | menu×1 | @menuitem:File,0,0,Space>button:Add attachment[none|f=button:Add attachment|h=None]@9.1
chromium-dark-desktop › orbit-menu menu-space paced sample 5,orbit-menu,menu,menu-space,,paced,5,Space,none | menu×1 | @menuitem:File,0,0,Space>button:Add attachment[none|f=button:Add attachment|h=None]@26.3
chromium-dark-desktop › orbit-menu menu-space paced sample 6,orbit-menu,menu,menu-space,,paced,6,Space,none | menu×1 | @menuitem:File,0,0,Space>button:Add attachment[none|f=button:Add attachment|h=None]@29.7
chromium-dark-desktop › orbit-menu menu-space paced sample 7,orbit-menu,menu,menu-space,,paced,7,Space,none | menu×1 | @menuitem:File,0,0,Space>button:Add attachment[none|f=button:Add attachment|h=None]@18.6
chromium-dark-desktop › orbit-menu menu-space paced sample 8,orbit-menu,menu,menu-space,,paced,8,Space,none | menu×1 | @menuitem:File,0,0,Space>button:Add attachment[none|f=button:Add attachment|h=None]@23.9
chromium-dark-desktop › orbit-menu menu-space paced sample 9,orbit-menu,menu,menu-space,,paced,9,Space,none | menu×1 | @menuitem:File,0,0,Space>button:Add attachment[none|f=button:Add attachment|h=None]@28.7
chromium-dark-desktop › orbit-menu menu-space paced sample 10,orbit-menu,menu,menu-space,,paced,10,Space,none | menu×1 | @menuitem:File,0,0,Space>button:Add attachment[none|f=button:Add attachment|h=None]@21.2
chromium-dark-desktop › orbit-menu menu-space paced sample 11,orbit-menu,menu,menu-space,,paced,11,Space,none | menu×1 | @menuitem:File,0,0,Space>button:Add attachment[none|f=button:Add attachment|h=None]@22.8
chromium-dark-desktop › orbit-menu menu-space paced sample 12,orbit-menu,menu,menu-space,,paced,12,Space,none | menu×1 | @menuitem:File,0,0,Space>button:Add attachment[none|f=button:Add attachment|h=None]@23.6
chromium-dark-desktop › orbit-menu menu-space paced sample 13,orbit-menu,menu,menu-space,,paced,13,Space,none | menu×1 | @menuitem:File,0,0,Space>button:Add attachment[none|f=button:Add attachment|h=None]@24.3
chromium-dark-desktop › orbit-menu menu-space paced sample 14,orbit-menu,menu,menu-space,,paced,14,Space,none | menu×1 | @menuitem:File,0,0,Space>button:Add attachment[none|f=button:Add attachment|h=None]@14.5
chromium-dark-desktop › orbit-menu menu-space paced sample 15,orbit-menu,menu,menu-space,,paced,15,Space,none | menu×1 | @menuitem:File,0,0,Space>button:Add attachment[none|f=button:Add attachment|h=None]@27.1
chromium-dark-desktop › orbit-menu menu-space paced sample 16,orbit-menu,menu,menu-space,,paced,16,Space,none | menu×1 | @menuitem:File,0,0,Space>button:Add attachment[none|f=button:Add attachment|h=None]@29
chromium-dark-desktop › orbit-menu menu-space paced sample 17,orbit-menu,menu,menu-space,,paced,17,Space,none | menu×1 | @menuitem:File,0,0,Space>button:Add attachment[none|f=button:Add attachment|h=None]@27.1
chromium-dark-desktop › orbit-menu menu-space paced sample 18,orbit-menu,menu,menu-space,,paced,18,Space,none | menu×1 | @menuitem:File,0,0,Space>button:Add attachment[none|f=button:Add attachment|h=None]@21.9
chromium-dark-desktop › orbit-menu menu-space paced sample 19,orbit-menu,menu,menu-space,,paced,19,Space,none | menu×1 | @menuitem:File,0,0,Space>button:Add attachment[none|f=button:Add attachment|h=None]@26.5
chromium-dark-desktop › orbit-menu-sample menu-space burst sample 0,orbit-menu-sample,menu,menu-space,,burst,0,Space,none | menu×1 | @menuitem:File,0,0,Space>button:Add attachment[none|f=button:Add attachment|h=None]@21.4
chromium-dark-desktop › orbit-menu-sample menu-space burst sample 1,orbit-menu-sample,menu,menu-space,,burst,1,Space,none | menu×1 | @menuitem:File,0,0,Space>button:Add attachment[none|f=button:Add attachment|h=None]@19.7
chromium-dark-desktop › orbit-menu-sample menu-space burst sample 2,orbit-menu-sample,menu,menu-space,,burst,2,Space,none | menu×1 | @menuitem:File,0,0,Space>button:Add attachment[none|f=button:Add attachment|h=None]@28.3
chromium-dark-desktop › orbit-menu-sample menu-space burst sample 3,orbit-menu-sample,menu,menu-space,,burst,3,Space,none | menu×1 | @menuitem:File,0,0,Space>button:Add attachment[none|f=button:Add attachment|h=None]@31.2
chromium-dark-desktop › orbit-menu-sample menu-space burst sample 4,orbit-menu-sample,menu,menu-space,,burst,4,Space,none | menu×1 | @menuitem:File,0,0,Space>button:Add attachment[none|f=button:Add attachment|h=None]@15.2
chromium-dark-desktop › orbit-menu-sample menu-space burst sample 5,orbit-menu-sample,menu,menu-space,,burst,5,Space,none | menu×1 | @menuitem:File,0,0,Space>button:Add attachment[none|f=button:Add attachment|h=None]@29
chromium-dark-desktop › orbit-menu-sample menu-space burst sample 6,orbit-menu-sample,menu,menu-space,,burst,6,Space,none | menu×1 | @menuitem:File,0,0,Space>button:Add attachment[none|f=button:Add attachment|h=None]@34.5
chromium-dark-desktop › orbit-menu-sample menu-space burst sample 7,orbit-menu-sample,menu,menu-space,,burst,7,Space,none | menu×1 | @menuitem:File,0,0,Space>button:Add attachment[none|f=button:Add attachment|h=None]@22.1
chromium-dark-desktop › orbit-menu-sample menu-space burst sample 8,orbit-menu-sample,menu,menu-space,,burst,8,Space,none | menu×1 | @menuitem:File,0,0,Space>button:Add attachment[none|f=button:Add attachment|h=None]@20.2
chromium-dark-desktop › orbit-menu-sample menu-space burst sample 9,orbit-menu-sample,menu,menu-space,,burst,9,Space,none | menu×1 | @menuitem:File,0,0,Space>button:Add attachment[none|f=button:Add attachment|h=None]@31.7
chromium-dark-desktop › orbit-menu-sample menu-space burst sample 10,orbit-menu-sample,menu,menu-space,,burst,10,Space,none | menu×1 | @menuitem:File,0,0,Space>button:Add attachment[none|f=button:Add attachment|h=None]@28
chromium-dark-desktop › orbit-menu-sample menu-space burst sample 11,orbit-menu-sample,menu,menu-space,,burst,11,Space,none | menu×1 | @menuitem:File,0,0,Space>button:Add attachment[none|f=button:Add attachment|h=None]@16.9
chromium-dark-desktop › orbit-menu-sample menu-space burst sample 12,orbit-menu-sample,menu,menu-space,,burst,12,Space,none | menu×1 | @menuitem:File,0,0,Space>button:Add attachment[none|f=button:Add attachment|h=None]@31.3
chromium-dark-desktop › orbit-menu-sample menu-space burst sample 13,orbit-menu-sample,menu,menu-space,,burst,13,Space,none | menu×1 | @menuitem:File,0,0,Space>button:Add attachment[none|f=button:Add attachment|h=None]@25.3
chromium-dark-desktop › orbit-menu-sample menu-space burst sample 14,orbit-menu-sample,menu,menu-space,,burst,14,Space,none | menu×1 | @menuitem:File,0,0,Space>button:Add attachment[none|f=button:Add attachment|h=None]@21.7
chromium-dark-desktop › orbit-menu-sample menu-space burst sample 15,orbit-menu-sample,menu,menu-space,,burst,15,Space,none | menu×1 | @menuitem:File,0,0,Space>button:Add attachment[none|f=button:Add attachment|h=None]@25.3
chromium-dark-desktop › orbit-menu-sample menu-space burst sample 16,orbit-menu-sample,menu,menu-space,,burst,16,Space,none | menu×1 | @menuitem:File,0,0,Space>button:Add attachment[none|f=button:Add attachment|h=None]@31
chromium-dark-desktop › orbit-menu-sample menu-space burst sample 17,orbit-menu-sample,menu,menu-space,,burst,17,Space,none | menu×1 | @menuitem:File,0,0,Space>button:Add attachment[none|f=button:Add attachment|h=None]@32.5
chromium-dark-desktop › orbit-menu-sample menu-space burst sample 18,orbit-menu-sample,menu,menu-space,,burst,18,Space,none | menu×1 | @menuitem:File,0,0,Space>button:Add attachment[none|f=button:Add attachment|h=None]@25.3
chromium-dark-desktop › orbit-menu-sample menu-space burst sample 19,orbit-menu-sample,menu,menu-space,,burst,19,Space,none | menu×1 | @menuitem:File,0,0,Space>button:Add attachment[none|f=button:Add attachment|h=None]@23.2
chromium-dark-desktop › orbit-menu-sample menu-space paced sample 0,orbit-menu-sample,menu,menu-space,,paced,0,Space,none | menu×1 | @menuitem:File,0,0,Space>button:Add attachment[none|f=button:Add attachment|h=None]@33.3
chromium-dark-desktop › orbit-menu-sample menu-space paced sample 1,orbit-menu-sample,menu,menu-space,,paced,1,Space,none | menu×1 | @menuitem:File,0,0,Space>button:Add attachment[none|f=button:Add attachment|h=None]@29.2
chromium-dark-desktop › orbit-menu-sample menu-space paced sample 2,orbit-menu-sample,menu,menu-space,,paced,2,Space,none | menu×1 | @menuitem:File,0,0,Space>button:Add attachment[none|f=button:Add attachment|h=None]@31.3
chromium-dark-desktop › orbit-menu-sample menu-space paced sample 3,orbit-menu-sample,menu,menu-space,,paced,3,Space,none | menu×1 | @menuitem:File,0,0,Space>button:Add attachment[none|f=button:Add attachment|h=None]@25.4
chromium-dark-desktop › orbit-menu-sample menu-space paced sample 4,orbit-menu-sample,menu,menu-space,,paced,4,Space,none | menu×1 | @menuitem:File,0,0,Space>button:Add attachment[none|f=button:Add attachment|h=None]@34.9
chromium-dark-desktop › orbit-menu-sample menu-space paced sample 5,orbit-menu-sample,menu,menu-space,,paced,5,Space,none | menu×1 | @menuitem:File,0,0,Space>button:Add attachment[none|f=button:Add attachment|h=None]@17.8
chromium-dark-desktop › orbit-menu-sample menu-space paced sample 6,orbit-menu-sample,menu,menu-space,,paced,6,Space,none | menu×1 | @menuitem:File,0,0,Space>button:Add attachment[none|f=button:Add attachment|h=None]@32.3
chromium-dark-desktop › orbit-menu-sample menu-space paced sample 7,orbit-menu-sample,menu,menu-space,,paced,7,Space,none | menu×1 | @menuitem:File,0,0,Space>button:Add attachment[none|f=button:Add attachment|h=None]@31.7
chromium-dark-desktop › orbit-menu-sample menu-space paced sample 8,orbit-menu-sample,menu,menu-space,,paced,8,Space,none | menu×1 | @menuitem:File,0,0,Space>button:Add attachment[none|f=button:Add attachment|h=None]@23.3
chromium-dark-desktop › orbit-menu-sample menu-space paced sample 9,orbit-menu-sample,menu,menu-space,,paced,9,Space,none | menu×1 | @menuitem:File,0,0,Space>button:Add attachment[none|f=button:Add attachment|h=None]@20.8
chromium-dark-desktop › orbit-menu-sample menu-space paced sample 10,orbit-menu-sample,menu,menu-space,,paced,10,Space,none | menu×1 | @menuitem:File,0,0,Space>button:Add attachment[none|f=button:Add attachment|h=None]@30.6
chromium-dark-desktop › orbit-menu-sample menu-space paced sample 11,orbit-menu-sample,menu,menu-space,,paced,11,Space,none | menu×1 | @menuitem:File,0,0,Space>button:Add attachment[none|f=button:Add attachment|h=None]@23.1
chromium-dark-desktop › orbit-menu-sample menu-space paced sample 12,orbit-menu-sample,menu,menu-space,,paced,12,Space,none | menu×1 | @menuitem:File,0,0,Space>button:Add attachment[none|f=button:Add attachment|h=None]@26.7
chromium-dark-desktop › orbit-menu-sample menu-space paced sample 13,orbit-menu-sample,menu,menu-space,,paced,13,Space,none | menu×1 | @menuitem:File,0,0,Space>button:Add attachment[none|f=button:Add attachment|h=None]@19.5
chromium-dark-desktop › orbit-menu-sample menu-space paced sample 14,orbit-menu-sample,menu,menu-space,,paced,14,Space,none | menu×1 | @menuitem:File,0,0,Space>button:Add attachment[none|f=button:Add attachment|h=None]@17
chromium-dark-desktop › orbit-menu-sample menu-space paced sample 15,orbit-menu-sample,menu,menu-space,,paced,15,Space,none | menu×1 | @menuitem:File,0,0,Space>button:Add attachment[none|f=button:Add attachment|h=None]@26.9
chromium-dark-desktop › orbit-menu-sample menu-space paced sample 16,orbit-menu-sample,menu,menu-space,,paced,16,Space,none | menu×1 | @menuitem:File,0,0,Space>button:Add attachment[none|f=button:Add attachment|h=None]@29.4
chromium-dark-desktop › orbit-menu-sample menu-space paced sample 17,orbit-menu-sample,menu,menu-space,,paced,17,Space,none | menu×1 | @menuitem:File,0,0,Space>button:Add attachment[none|f=button:Add attachment|h=None]@26.1
chromium-dark-desktop › orbit-menu-sample menu-space paced sample 18,orbit-menu-sample,menu,menu-space,,paced,18,Space,none | menu×1 | @menuitem:File,0,0,Space>button:Add attachment[none|f=button:Add attachment|h=None]@30.8
chromium-dark-desktop › orbit-menu-sample menu-space paced sample 19,orbit-menu-sample,menu,menu-space,,paced,19,Space,none | menu×1 | @menuitem:File,0,0,Space>button:Add attachment[none|f=button:Add attachment|h=None]@27.3
chromium-dark-desktop › antd-menu menu-space burst sample 0,antd-menu,menu,menu-space,,burst,0,Space,none | menu×1 | @button:Add attachment,0,0,Space>button:Add attachment[none|f=button:Add attachment|h=None]@31.4
chromium-dark-desktop › antd-menu menu-space burst sample 1,antd-menu,menu,menu-space,,burst,1,Space,none | menu×1 | @button:Add attachment,0,0,Space>button:Add attachment[none|f=button:Add attachment|h=None]@26.6
chromium-dark-desktop › antd-menu menu-space burst sample 2,antd-menu,menu,menu-space,,burst,2,Space,none | menu×1 | @button:Add attachment,0,0,Space>button:Add attachment[none|f=button:Add attachment|h=None]@25.1
chromium-dark-desktop › antd-menu menu-space burst sample 3,antd-menu,menu,menu-space,,burst,3,Space,none | menu×1 | @button:Add attachment,0,0,Space>button:Add attachment[none|f=button:Add attachment|h=None]@35.9
chromium-dark-desktop › antd-menu menu-space burst sample 4,antd-menu,menu,menu-space,,burst,4,Space,none | menu×1 | @button:Add attachment,0,0,Space>button:Add attachment[none|f=button:Add attachment|h=None]@29.4
chromium-dark-desktop › antd-menu menu-space burst sample 5,antd-menu,menu,menu-space,,burst,5,Space,none | menu×1 | @button:Add attachment,0,0,Space>button:Add attachment[none|f=button:Add attachment|h=None]@24.2
chromium-dark-desktop › antd-menu menu-space burst sample 6,antd-menu,menu,menu-space,,burst,6,Space,none | menu×1 | @button:Add attachment,0,0,Space>button:Add attachment[none|f=button:Add attachment|h=None]@30.3
chromium-dark-desktop › antd-menu menu-space burst sample 7,antd-menu,menu,menu-space,,burst,7,Space,none | menu×1 | @button:Add attachment,0,0,Space>button:Add attachment[none|f=button:Add attachment|h=None]@29
chromium-dark-desktop › antd-menu menu-space burst sample 8,antd-menu,menu,menu-space,,burst,8,Space,none | menu×1 | @button:Add attachment,0,0,Space>button:Add attachment[none|f=button:Add attachment|h=None]@16.8
chromium-dark-desktop › antd-menu menu-space burst sample 9,antd-menu,menu,menu-space,,burst,9,Space,none | menu×1 | @button:Add attachment,0,0,Space>button:Add attachment[none|f=button:Add attachment|h=None]@26
chromium-dark-desktop › antd-menu menu-space burst sample 10,antd-menu,menu,menu-space,,burst,10,Space,none | menu×1 | @button:Add attachment,0,0,Space>button:Add attachment[none|f=button:Add attachment|h=None]@31.8
chromium-dark-desktop › antd-menu menu-space burst sample 11,antd-menu,menu,menu-space,,burst,11,Space,none | menu×1 | @button:Add attachment,0,0,Space>button:Add attachment[none|f=button:Add attachment|h=None]@26.6
chromium-dark-desktop › antd-menu menu-space burst sample 12,antd-menu,menu,menu-space,,burst,12,Space,none | menu×1 | @button:Add attachment,0,0,Space>button:Add attachment[none|f=button:Add attachment|h=None]@36.2
chromium-dark-desktop › antd-menu menu-space burst sample 13,antd-menu,menu,menu-space,,burst,13,Space,none | menu×1 | @button:Add attachment,0,0,Space>button:Add attachment[none|f=button:Add attachment|h=None]@24
chromium-dark-desktop › antd-menu menu-space burst sample 14,antd-menu,menu,menu-space,,burst,14,Space,none | menu×1 | @button:Add attachment,0,0,Space>button:Add attachment[none|f=button:Add attachment|h=None]@30.2
chromium-dark-desktop › antd-menu menu-space burst sample 15,antd-menu,menu,menu-space,,burst,15,Space,none | menu×1 | @button:Add attachment,0,0,Space>button:Add attachment[none|f=button:Add attachment|h=None]@32
chromium-dark-desktop › antd-menu menu-space burst sample 16,antd-menu,menu,menu-space,,burst,16,Space,none | menu×1 | @button:Add attachment,0,0,Space>button:Add attachment[none|f=button:Add attachment|h=None]@18.6
chromium-dark-desktop › antd-menu menu-space burst sample 17,antd-menu,menu,menu-space,,burst,17,Space,none | menu×1 | @button:Add attachment,0,0,Space>button:Add attachment[none|f=button:Add attachment|h=None]@34.3
chromium-dark-desktop › antd-menu menu-space burst sample 18,antd-menu,menu,menu-space,,burst,18,Space,none | menu×1 | @button:Add attachment,0,0,Space>button:Add attachment[none|f=button:Add attachment|h=None]@23.7
chromium-dark-desktop › antd-menu menu-space burst sample 19,antd-menu,menu,menu-space,,burst,19,Space,none | menu×1 | @button:Add attachment,0,0,Space>button:Add attachment[none|f=button:Add attachment|h=None]@22
chromium-dark-desktop › antd-menu menu-space paced sample 0,antd-menu,menu,menu-space,,paced,0,Space,none | menu×1 | @button:Add attachment,0,0,Space>button:Add attachment[none|f=button:Add attachment|h=None]@37
chromium-dark-desktop › antd-menu menu-space paced sample 1,antd-menu,menu,menu-space,,paced,1,Space,none | menu×1 | @button:Add attachment,0,0,Space>button:Add attachment[none|f=button:Add attachment|h=None]@25.8
chromium-dark-desktop › antd-menu menu-space paced sample 2,antd-menu,menu,menu-space,,paced,2,Space,none | menu×1 | @button:Add attachment,0,0,Space>button:Add attachment[none|f=button:Add attachment|h=None]@23.1
chromium-dark-desktop › antd-menu menu-space paced sample 3,antd-menu,menu,menu-space,,paced,3,Space,none | menu×1 | @button:Add attachment,0,0,Space>button:Add attachment[none|f=button:Add attachment|h=None]@26.3
chromium-dark-desktop › antd-menu menu-space paced sample 4,antd-menu,menu,menu-space,,paced,4,Space,none | menu×1 | @button:Add attachment,0,0,Space>button:Add attachment[none|f=button:Add attachment|h=None]@28.9
chromium-dark-desktop › antd-menu menu-space paced sample 5,antd-menu,menu,menu-space,,paced,5,Space,none | menu×1 | @button:Add attachment,0,0,Space>button:Add attachment[none|f=button:Add attachment|h=None]@31
chromium-dark-desktop › antd-menu menu-space paced sample 6,antd-menu,menu,menu-space,,paced,6,Space,none | menu×1 | @button:Add attachment,0,0,Space>button:Add attachment[none|f=button:Add attachment|h=None]@16.5
chromium-dark-desktop › antd-menu menu-space paced sample 7,antd-menu,menu,menu-space,,paced,7,Space,none | menu×1 | @button:Add attachment,0,0,Space>button:Add attachment[none|f=button:Add attachment|h=None]@20.4
chromium-dark-desktop › antd-menu menu-space paced sample 8,antd-menu,menu,menu-space,,paced,8,Space,none | menu×1 | @button:Add attachment,0,0,Space>button:Add attachment[none|f=button:Add attachment|h=None]@18.6
chromium-dark-desktop › antd-menu menu-space paced sample 9,antd-menu,menu,menu-space,,paced,9,Space,none | menu×1 | @button:Add attachment,0,0,Space>button:Add attachment[none|f=button:Add attachment|h=None]@32.3
chromium-dark-desktop › antd-menu menu-space paced sample 10,antd-menu,menu,menu-space,,paced,10,Space,none | menu×1 | @button:Add attachment,0,0,Space>button:Add attachment[none|f=button:Add attachment|h=None]@15.5
chromium-dark-desktop › antd-menu menu-space paced sample 11,antd-menu,menu,menu-space,,paced,11,Space,none | menu×1 | @button:Add attachment,0,0,Space>button:Add attachment[none|f=button:Add attachment|h=None]@19.3
chromium-dark-desktop › antd-menu menu-space paced sample 12,antd-menu,menu,menu-space,,paced,12,Space,none | menu×1 | @button:Add attachment,0,0,Space>button:Add attachment[none|f=button:Add attachment|h=None]@31.2
chromium-dark-desktop › antd-menu menu-space paced sample 13,antd-menu,menu,menu-space,,paced,13,Space,none | menu×1 | @button:Add attachment,0,0,Space>button:Add attachment[none|f=button:Add attachment|h=None]@26.6
chromium-dark-desktop › antd-menu menu-space paced sample 14,antd-menu,menu,menu-space,,paced,14,Space,none | menu×1 | @button:Add attachment,0,0,Space>button:Add attachment[none|f=button:Add attachment|h=None]@31.4
chromium-dark-desktop › antd-menu menu-space paced sample 15,antd-menu,menu,menu-space,,paced,15,Space,none | menu×1 | @button:Add attachment,0,0,Space>button:Add attachment[none|f=button:Add attachment|h=None]@29.9
chromium-dark-desktop › antd-menu menu-space paced sample 16,antd-menu,menu,menu-space,,paced,16,Space,none | menu×1 | @button:Add attachment,0,0,Space>button:Add attachment[none|f=button:Add attachment|h=None]@28.5
chromium-dark-desktop › antd-menu menu-space paced sample 17,antd-menu,menu,menu-space,,paced,17,Space,none | menu×1 | @button:Add attachment,0,0,Space>button:Add attachment[none|f=button:Add attachment|h=None]@23.9
chromium-dark-desktop › antd-menu menu-space paced sample 18,antd-menu,menu,menu-space,,paced,18,Space,none | menu×1 | @button:Add attachment,0,0,Space>button:Add attachment[none|f=button:Add attachment|h=None]@29.3
chromium-dark-desktop › antd-menu menu-space paced sample 19,antd-menu,menu,menu-space,,paced,19,Space,none | menu×1 | @button:Add attachment,0,0,Space>button:Add attachment[none|f=button:Add attachment|h=None]@23
chromium-dark-desktop › orbit-menu menu-space-enter burst sample 0,orbit-menu,menu,menu-space-enter,menu-space,burst,0,Space Enter,Action=file | none | @button:Add attachment,1,1,Space>button:Add attachment[none|f=button:Add attachment|h=None]@16.2 ; Enter>button:Add attachment[menu×1|f=button:Add attachment|h=File]@47.8 ; Enter*>menuitem:File[menu×1|f=button:Add attachment|h=File]@48.3
chromium-dark-desktop › orbit-menu menu-space-enter burst sample 1,orbit-menu,menu,menu-space-enter,menu-space,burst,1,Space Enter,Action=file | none | @button:Add attachment,1,1,Space>button:Add attachment[none|f=button:Add attachment|h=None]@27.7 ; Enter>button:Add attachment[menu×1|f=button:Add attachment|h=File]@58.1 ; Enter*>menuitem:File[menu×1|f=button:Add attachment|h=File]@58.3
chromium-dark-desktop › orbit-menu menu-space-enter burst sample 2,orbit-menu,menu,menu-space-enter,menu-space,burst,2,Space Enter,Action=file | none | @button:Add attachment,1,1,Space>button:Add attachment[none|f=button:Add attachment|h=None]@21.3 ; Enter>button:Add attachment[menu×1|f=button:Add attachment|h=File]@49.5 ; Enter*>menuitem:File[menu×1|f=button:Add attachment|h=File]@49.7
chromium-dark-desktop › orbit-menu menu-space-enter burst sample 3,orbit-menu,menu,menu-space-enter,menu-space,burst,3,Space Enter,Action=file | none | @button:Add attachment,1,1,Space>button:Add attachment[none|f=button:Add attachment|h=None]@15.3 ; Enter>button:Add attachment[menu×1|f=button:Add attachment|h=File]@47 ; Enter*>menuitem:File[menu×1|f=button:Add attachment|h=File]@47.3
chromium-dark-desktop › orbit-menu menu-space-enter burst sample 4,orbit-menu,menu,menu-space-enter,menu-space,burst,4,Space Enter,Action=file | none | @button:Add attachment,1,1,Space>button:Add attachment[none|f=button:Add attachment|h=None]@24.4 ; Enter>button:Add attachment[menu×1|f=button:Add attachment|h=File]@50.1 ; Enter*>menuitem:File[menu×1|f=button:Add attachment|h=File]@50.3
chromium-dark-desktop › orbit-menu menu-space-enter burst sample 5,orbit-menu,menu,menu-space-enter,menu-space,burst,5,Space Enter,Action=file | none | @button:Add attachment,1,1,Space>button:Add attachment[none|f=button:Add attachment|h=None]@28.2 ; Enter>button:Add attachment[menu×1|f=button:Add attachment|h=File]@59 ; Enter*>menuitem:File[menu×1|f=button:Add attachment|h=File]@59.2
chromium-dark-desktop › orbit-menu menu-space-enter burst sample 6,orbit-menu,menu,menu-space-enter,menu-space,burst,6,Space Enter,Action=file | none | @button:Add attachment,1,1,Space>button:Add attachment[none|f=button:Add attachment|h=None]@23.5 ; Enter>button:Add attachment[menu×1|f=button:Add attachment|h=File]@51.6 ; Enter*>menuitem:File[menu×1|f=button:Add attachment|h=File]@51.7
chromium-dark-desktop › orbit-menu menu-space-enter burst sample 7,orbit-menu,menu,menu-space-enter,menu-space,burst,7,Space Enter,Action=file | none | @button:Add attachment,1,1,Space>button:Add attachment[none|f=button:Add attachment|h=None]@22.9 ; Enter>button:Add attachment[menu×1|f=button:Add attachment|h=File]@54.6 ; Enter*>menuitem:File[menu×1|f=button:Add attachment|h=File]@54.8
chromium-dark-desktop › orbit-menu menu-space-enter burst sample 8,orbit-menu,menu,menu-space-enter,menu-space,burst,8,Space Enter,Action=file | none | @button:Add attachment,1,1,Space>button:Add attachment[none|f=button:Add attachment|h=None]@29.2 ; Enter>button:Add attachment[menu×1|f=button:Add attachment|h=File]@57.1 ; Enter*>menuitem:File[menu×1|f=button:Add attachment|h=File]@57.2
chromium-dark-desktop › orbit-menu menu-space-enter burst sample 9,orbit-menu,menu,menu-space-enter,menu-space,burst,9,Space Enter,Action=file | none | @button:Add attachment,1,1,Space>button:Add attachment[none|f=button:Add attachment|h=None]@18.1 ; Enter>button:Add attachment[menu×1|f=button:Add attachment|h=File]@46.4 ; Enter*>menuitem:File[menu×1|f=button:Add attachment|h=File]@46.5
chromium-dark-desktop › orbit-menu menu-space-enter burst sample 10,orbit-menu,menu,menu-space-enter,menu-space,burst,10,Space Enter,Action=file | none | @button:Add attachment,1,1,Space>button:Add attachment[none|f=button:Add attachment|h=None]@30.4 ; Enter>button:Add attachment[menu×1|f=button:Add attachment|h=File]@55.9 ; Enter*>menuitem:File[menu×1|f=button:Add attachment|h=File]@56.1
chromium-dark-desktop › orbit-menu menu-space-enter burst sample 11,orbit-menu,menu,menu-space-enter,menu-space,burst,11,Space Enter,Action=file | none | @button:Add attachment,1,1,Space>button:Add attachment[none|f=button:Add attachment|h=None]@23.3 ; Enter>button:Add attachment[menu×1|f=button:Add attachment|h=File]@53.2 ; Enter*>menuitem:File[menu×1|f=button:Add attachment|h=File]@53.4
chromium-dark-desktop › orbit-menu menu-space-enter burst sample 12,orbit-menu,menu,menu-space-enter,menu-space,burst,12,Space Enter,Action=file | none | @button:Add attachment,1,1,Space>button:Add attachment[none|f=button:Add attachment|h=None]@31.4 ; Enter>button:Add attachment[menu×1|f=button:Add attachment|h=File]@57 ; Enter*>menuitem:File[menu×1|f=button:Add attachment|h=File]@57.2
chromium-dark-desktop › orbit-menu menu-space-enter burst sample 13,orbit-menu,menu,menu-space-enter,menu-space,burst,13,Space Enter,Action=file | none | @button:Add attachment,1,1,Space>button:Add attachment[none|f=button:Add attachment|h=None]@24 ; Enter>button:Add attachment[menu×1|f=button:Add attachment|h=File]@49.8 ; Enter*>menuitem:File[menu×1|f=button:Add attachment|h=File]@49.9
chromium-dark-desktop › orbit-menu menu-space-enter burst sample 14,orbit-menu,menu,menu-space-enter,menu-space,burst,14,Space Enter,Action=file | none | @button:Add attachment,1,1,Space>button:Add attachment[none|f=button:Add attachment|h=None]@22.7 ; Enter>button:Add attachment[menu×1|f=button:Add attachment|h=File]@47.1 ; Enter*>menuitem:File[menu×1|f=button:Add attachment|h=File]@47.2
chromium-dark-desktop › orbit-menu menu-space-enter burst sample 15,orbit-menu,menu,menu-space-enter,menu-space,burst,15,Space Enter,Action=file | none | @button:Add attachment,1,1,Space>button:Add attachment[none|f=button:Add attachment|h=None]@16.4 ; Enter>button:Add attachment[menu×1|f=button:Add attachment|h=File]@44.1 ; Enter*>menuitem:File[menu×1|f=button:Add attachment|h=File]@44.3
chromium-dark-desktop › orbit-menu menu-space-enter burst sample 16,orbit-menu,menu,menu-space-enter,menu-space,burst,16,Space Enter,Action=file | none | @button:Add attachment,1,1,Space>button:Add attachment[none|f=button:Add attachment|h=None]@30 ; Enter>button:Add attachment[menu×1|f=button:Add attachment|h=File]@57.6 ; Enter*>menuitem:File[menu×1|f=button:Add attachment|h=File]@57.8
chromium-dark-desktop › orbit-menu menu-space-enter burst sample 17,orbit-menu,menu,menu-space-enter,menu-space,burst,17,Space Enter,Action=file | none | @button:Add attachment,1,1,Space>button:Add attachment[none|f=button:Add attachment|h=None]@15.5 ; Enter>button:Add attachment[menu×1|f=button:Add attachment|h=File]@42.7 ; Enter*>menuitem:File[menu×1|f=button:Add attachment|h=File]@42.9
chromium-dark-desktop › orbit-menu menu-space-enter burst sample 18,orbit-menu,menu,menu-space-enter,menu-space,burst,18,Space Enter,Action=file | none | @button:Add attachment,1,1,Space>button:Add attachment[none|f=button:Add attachment|h=None]@34.1 ; Enter>button:Add attachment[menu×1|f=button:Add attachment|h=File]@61.6 ; Enter*>menuitem:File[menu×1|f=button:Add attachment|h=File]@61.8
chromium-dark-desktop › orbit-menu menu-space-enter burst sample 19,orbit-menu,menu,menu-space-enter,menu-space,burst,19,Space Enter,Action=file | none | @button:Add attachment,1,1,Space>button:Add attachment[none|f=button:Add attachment|h=None]@25.6 ; Enter>button:Add attachment[menu×1|f=button:Add attachment|h=File]@45.1 ; Enter*>menuitem:File[menu×1|f=button:Add attachment|h=File]@45.1
chromium-dark-desktop › orbit-menu menu-space-enter paced sample 0,orbit-menu,menu,menu-space-enter,menu-space,paced,0,Space Enter,Action=file | none | @button:Add attachment,0,0,Space>button:Add attachment[none|f=button:Add attachment|h=None]@25 ; Enter>menuitem:File[menu×1|f=menuitem:File|h=File]@363.8
chromium-dark-desktop › orbit-menu menu-space-enter paced sample 1,orbit-menu,menu,menu-space-enter,menu-space,paced,1,Space Enter,Action=file | none | @button:Add attachment,0,0,Space>button:Add attachment[none|f=button:Add attachment|h=None]@25.6 ; Enter>menuitem:File[menu×1|f=menuitem:File|h=File]@362.1
chromium-dark-desktop › orbit-menu menu-space-enter paced sample 2,orbit-menu,menu,menu-space-enter,menu-space,paced,2,Space Enter,Action=file | none | @button:Add attachment,0,0,Space>button:Add attachment[none|f=button:Add attachment|h=None]@28.6 ; Enter>menuitem:File[menu×1|f=menuitem:File|h=File]@361.1
chromium-dark-desktop › orbit-menu menu-space-enter paced sample 3,orbit-menu,menu,menu-space-enter,menu-space,paced,3,Space Enter,Action=file | none | @button:Add attachment,0,0,Space>button:Add attachment[none|f=button:Add attachment|h=None]@26.2 ; Enter>menuitem:File[menu×1|f=menuitem:File|h=File]@357.5
chromium-dark-desktop › orbit-menu menu-space-enter paced sample 4,orbit-menu,menu,menu-space-enter,menu-space,paced,4,Space Enter,Action=file | none | @button:Add attachment,0,0,Space>button:Add attachment[none|f=button:Add attachment|h=None]@29.5 ; Enter>menuitem:File[menu×1|f=menuitem:File|h=File]@361
chromium-dark-desktop › orbit-menu menu-space-enter paced sample 5,orbit-menu,menu,menu-space-enter,menu-space,paced,5,Space Enter,Action=file | none | @button:Add attachment,0,0,Space>button:Add attachment[none|f=button:Add attachment|h=None]@29.5 ; Enter>menuitem:File[menu×1|f=menuitem:File|h=File]@366.8
chromium-dark-desktop › orbit-menu menu-space-enter paced sample 6,orbit-menu,menu,menu-space-enter,menu-space,paced,6,Space Enter,Action=file | none | @button:Add attachment,0,0,Space>button:Add attachment[none|f=button:Add attachment|h=None]@27.8 ; Enter>menuitem:File[menu×1|f=menuitem:File|h=File]@367.1
chromium-dark-desktop › orbit-menu menu-space-enter paced sample 7,orbit-menu,menu,menu-space-enter,menu-space,paced,7,Space Enter,Action=file | none | @button:Add attachment,0,0,Space>button:Add attachment[none|f=button:Add attachment|h=None]@23.8 ; Enter>menuitem:File[menu×1|f=menuitem:File|h=File]@370.1
chromium-dark-desktop › orbit-menu menu-space-enter paced sample 8,orbit-menu,menu,menu-space-enter,menu-space,paced,8,Space Enter,Action=file | none | @button:Add attachment,0,0,Space>button:Add attachment[none|f=button:Add attachment|h=None]@9.9 ; Enter>menuitem:File[menu×1|f=menuitem:File|h=File]@348.9
chromium-dark-desktop › orbit-menu menu-space-enter paced sample 9,orbit-menu,menu,menu-space-enter,menu-space,paced,9,Space Enter,Action=file | none | @button:Add attachment,0,0,Space>button:Add attachment[none|f=button:Add attachment|h=None]@29.1 ; Enter>menuitem:File[menu×1|f=menuitem:File|h=File]@365.1
chromium-dark-desktop › orbit-menu menu-space-enter paced sample 10,orbit-menu,menu,menu-space-enter,menu-space,paced,10,Space Enter,Action=file | none | @button:Add attachment,0,0,Space>button:Add attachment[none|f=button:Add attachment|h=None]@19.3 ; Enter>menuitem:File[menu×1|f=menuitem:File|h=File]@359.6
chromium-dark-desktop › orbit-menu menu-space-enter paced sample 11,orbit-menu,menu,menu-space-enter,menu-space,paced,11,Space Enter,Action=file | none | @button:Add attachment,0,0,Space>button:Add attachment[none|f=button:Add attachment|h=None]@18.1 ; Enter>menuitem:File[menu×1|f=menuitem:File|h=File]@359.6
chromium-dark-desktop › orbit-menu menu-space-enter paced sample 12,orbit-menu,menu,menu-space-enter,menu-space,paced,12,Space Enter,Action=file | none | @button:Add attachment,0,0,Space>button:Add attachment[none|f=button:Add attachment|h=None]@22.1 ; Enter>menuitem:File[menu×1|f=menuitem:File|h=File]@357.4
chromium-dark-desktop › orbit-menu menu-space-enter paced sample 13,orbit-menu,menu,menu-space-enter,menu-space,paced,13,Space Enter,Action=file | none | @button:Add attachment,0,0,Space>button:Add attachment[none|f=button:Add attachment|h=None]@22 ; Enter>menuitem:File[menu×1|f=menuitem:File|h=File]@361.3
chromium-dark-desktop › orbit-menu menu-space-enter paced sample 14,orbit-menu,menu,menu-space-enter,menu-space,paced,14,Space Enter,Action=file | none | @button:Add attachment,0,0,Space>button:Add attachment[none|f=button:Add attachment|h=None]@21.2 ; Enter>menuitem:File[menu×1|f=menuitem:File|h=File]@361.8
chromium-dark-desktop › orbit-menu menu-space-enter paced sample 15,orbit-menu,menu,menu-space-enter,menu-space,paced,15,Space Enter,Action=file | none | @button:Add attachment,0,0,Space>button:Add attachment[none|f=button:Add attachment|h=None]@16.6 ; Enter>menuitem:File[menu×1|f=menuitem:File|h=File]@353.6
chromium-dark-desktop › orbit-menu menu-space-enter paced sample 16,orbit-menu,menu,menu-space-enter,menu-space,paced,16,Space Enter,Action=file | none | @button:Add attachment,0,0,Space>button:Add attachment[none|f=button:Add attachment|h=None]@25.9 ; Enter>menuitem:File[menu×1|f=menuitem:File|h=File]@366.9
chromium-dark-desktop › orbit-menu menu-space-enter paced sample 17,orbit-menu,menu,menu-space-enter,menu-space,paced,17,Space Enter,Action=file | none | @button:Add attachment,0,0,Space>button:Add attachment[none|f=button:Add attachment|h=None]@30.3 ; Enter>menuitem:File[menu×1|f=menuitem:File|h=File]@367.3
chromium-dark-desktop › orbit-menu menu-space-enter paced sample 18,orbit-menu,menu,menu-space-enter,menu-space,paced,18,Space Enter,Action=file | none | @button:Add attachment,0,0,Space>button:Add attachment[none|f=button:Add attachment|h=None]@34.9 ; Enter>menuitem:File[menu×1|f=menuitem:File|h=File]@371.8
chromium-dark-desktop › orbit-menu menu-space-enter paced sample 19,orbit-menu,menu,menu-space-enter,menu-space,paced,19,Space Enter,Action=file | none | @button:Add attachment,0,0,Space>button:Add attachment[none|f=button:Add attachment|h=None]@17.1 ; Enter>menuitem:File[menu×1|f=menuitem:File|h=File]@352.4
chromium-dark-desktop › orbit-menu-sample menu-space-enter burst sample 0,orbit-menu-sample,menu,menu-space-enter,menu-space,burst,0,Space Enter,ran File | none | @button:Add attachment,1,1,Space>button:Add attachment[none|f=button:Add attachment|h=None]@21.7 ; Enter>button:Add attachment[menu×1|f=button:Add attachment|h=File]@52.9 ; Enter*>menuitem:File[menu×1|f=button:Add attachment|h=File]@53
chromium-dark-desktop › orbit-menu-sample menu-space-enter burst sample 1,orbit-menu-sample,menu,menu-space-enter,menu-space,burst,1,Space Enter,ran File | none | @button:Add attachment,1,1,Space>button:Add attachment[none|f=button:Add attachment|h=None]@31.3 ; Enter>button:Add attachment[menu×1|f=button:Add attachment|h=File]@64.6 ; Enter*>menuitem:File[menu×1|f=button:Add attachment|h=File]@64.7
chromium-dark-desktop › orbit-menu-sample menu-space-enter burst sample 2,orbit-menu-sample,menu,menu-space-enter,menu-space,burst,2,Space Enter,ran File | none | @button:Add attachment,1,1,Space>button:Add attachment[none|f=button:Add attachment|h=None]@34.7 ; Enter>button:Add attachment[menu×1|f=button:Add attachment|h=File]@66.8 ; Enter*>menuitem:File[menu×1|f=button:Add attachment|h=File]@67
chromium-dark-desktop › orbit-menu-sample menu-space-enter burst sample 3,orbit-menu-sample,menu,menu-space-enter,menu-space,burst,3,Space Enter,ran File | none | @button:Add attachment,1,1,Space>button:Add attachment[none|f=button:Add attachment|h=None]@28.9 ; Enter>button:Add attachment[menu×1|f=button:Add attachment|h=File]@59.6 ; Enter*>menuitem:File[menu×1|f=button:Add attachment|h=File]@59.7
chromium-dark-desktop › orbit-menu-sample menu-space-enter burst sample 4,orbit-menu-sample,menu,menu-space-enter,menu-space,burst,4,Space Enter,ran File | none | @button:Add attachment,1,1,Space>button:Add attachment[none|f=button:Add attachment|h=None]@20.4 ; Enter>button:Add attachment[menu×1|f=button:Add attachment|h=File]@51.1 ; Enter*>menuitem:File[menu×1|f=button:Add attachment|h=File]@51.2
chromium-dark-desktop › orbit-menu-sample menu-space-enter burst sample 5,orbit-menu-sample,menu,menu-space-enter,menu-space,burst,5,Space Enter,ran File | none | @button:Add attachment,1,1,Space>button:Add attachment[none|f=button:Add attachment|h=None]@29.6 ; Enter>button:Add attachment[menu×1|f=button:Add attachment|h=File]@66.4 ; Enter*>menuitem:File[menu×1|f=button:Add attachment|h=File]@66.6
chromium-dark-desktop › orbit-menu-sample menu-space-enter burst sample 6,orbit-menu-sample,menu,menu-space-enter,menu-space,burst,6,Space Enter,ran File | none | @button:Add attachment,1,1,Space>button:Add attachment[none|f=button:Add attachment|h=None]@30.7 ; Enter>button:Add attachment[menu×1|f=button:Add attachment|h=File]@90.3 ; Enter*>menuitem:File[menu×1|f=button:Add attachment|h=File]@90.4
chromium-dark-desktop › orbit-menu-sample menu-space-enter burst sample 7,orbit-menu-sample,menu,menu-space-enter,menu-space,burst,7,Space Enter,ran File | none | @button:Add attachment,1,1,Space>button:Add attachment[none|f=button:Add attachment|h=None]@32.2 ; Enter>button:Add attachment[menu×1|f=button:Add attachment|h=File]@70.1 ; Enter*>menuitem:File[menu×1|f=button:Add attachment|h=File]@70.3
chromium-dark-desktop › orbit-menu-sample menu-space-enter burst sample 8,orbit-menu-sample,menu,menu-space-enter,menu-space,burst,8,Space Enter,ran File | none | @button:Add attachment,1,1,Space>button:Add attachment[none|f=button:Add attachment|h=None]@35.8 ; Enter>button:Add attachment[menu×1|f=button:Add attachment|h=File]@68.7 ; Enter*>menuitem:File[menu×1|f=button:Add attachment|h=File]@68.9
chromium-dark-desktop › orbit-menu-sample menu-space-enter burst sample 9,orbit-menu-sample,menu,menu-space-enter,menu-space,burst,9,Space Enter,ran File | none | @button:Add attachment,1,1,Space>button:Add attachment[none|f=button:Add attachment|h=None]@34.9 ; Enter>button:Add attachment[menu×1|f=button:Add attachment|h=File]@69 ; Enter*>menuitem:File[menu×1|f=button:Add attachment|h=File]@69.1
chromium-dark-desktop › orbit-menu-sample menu-space-enter burst sample 10,orbit-menu-sample,menu,menu-space-enter,menu-space,burst,10,Space Enter,ran File | none | @button:Add attachment,1,1,Space>button:Add attachment[none|f=button:Add attachment|h=None]@15.9 ; Enter>button:Add attachment[menu×1|f=button:Add attachment|h=File]@48.2 ; Enter*>menuitem:File[menu×1|f=button:Add attachment|h=File]@48.4
chromium-dark-desktop › orbit-menu-sample menu-space-enter burst sample 11,orbit-menu-sample,menu,menu-space-enter,menu-space,burst,11,Space Enter,ran File | none | @button:Add attachment,1,1,Space>button:Add attachment[none|f=button:Add attachment|h=None]@28.5 ; Enter>button:Add attachment[menu×1|f=button:Add attachment|h=File]@58.1 ; Enter*>menuitem:File[menu×1|f=button:Add attachment|h=File]@58.2
chromium-dark-desktop › orbit-menu-sample menu-space-enter burst sample 12,orbit-menu-sample,menu,menu-space-enter,menu-space,burst,12,Space Enter,ran File | none | @button:Add attachment,1,1,Space>button:Add attachment[none|f=button:Add attachment|h=None]@29.4 ; Enter>button:Add attachment[menu×1|f=button:Add attachment|h=File]@60.1 ; Enter*>menuitem:File[menu×1|f=button:Add attachment|h=File]@60.3
chromium-dark-desktop › orbit-menu-sample menu-space-enter burst sample 13,orbit-menu-sample,menu,menu-space-enter,menu-space,burst,13,Space Enter,ran File | none | @button:Add attachment,1,1,Space>button:Add attachment[none|f=button:Add attachment|h=None]@19.2 ; Enter>button:Add attachment[menu×1|f=button:Add attachment|h=File]@56.2 ; Enter*>menuitem:File[menu×1|f=button:Add attachment|h=File]@56.3
chromium-dark-desktop › orbit-menu-sample menu-space-enter burst sample 14,orbit-menu-sample,menu,menu-space-enter,menu-space,burst,14,Space Enter,ran File | none | @button:Add attachment,1,1,Space>button:Add attachment[none|f=button:Add attachment|h=None]@31.3 ; Enter>button:Add attachment[menu×1|f=button:Add attachment|h=File]@66.5 ; Enter*>menuitem:File[menu×1|f=button:Add attachment|h=File]@66.6
chromium-dark-desktop › orbit-menu-sample menu-space-enter burst sample 15,orbit-menu-sample,menu,menu-space-enter,menu-space,burst,15,Space Enter,ran File | none | @button:Add attachment,1,1,Space>button:Add attachment[none|f=button:Add attachment|h=None]@23.8 ; Enter>button:Add attachment[menu×1|f=button:Add attachment|h=File]@56 ; Enter*>menuitem:File[menu×1|f=button:Add attachment|h=File]@56.2
chromium-dark-desktop › orbit-menu-sample menu-space-enter burst sample 16,orbit-menu-sample,menu,menu-space-enter,menu-space,burst,16,Space Enter,ran File | none | @button:Add attachment,1,1,Space>button:Add attachment[none|f=button:Add attachment|h=None]@26.4 ; Enter>button:Add attachment[menu×1|f=button:Add attachment|h=File]@61.4 ; Enter*>menuitem:File[menu×1|f=button:Add attachment|h=File]@61.6
chromium-dark-desktop › orbit-menu-sample menu-space-enter burst sample 17,orbit-menu-sample,menu,menu-space-enter,menu-space,burst,17,Space Enter,ran File | none | @button:Add attachment,1,1,Space>button:Add attachment[none|f=button:Add attachment|h=None]@31 ; Enter>button:Add attachment[menu×1|f=button:Add attachment|h=File]@65.5 ; Enter*>menuitem:File[menu×1|f=button:Add attachment|h=File]@65.7
chromium-dark-desktop › orbit-menu-sample menu-space-enter burst sample 18,orbit-menu-sample,menu,menu-space-enter,menu-space,burst,18,Space Enter,ran File | none | @button:Add attachment,1,1,Space>button:Add attachment[none|f=button:Add attachment|h=None]@24.8 ; Enter>button:Add attachment[menu×1|f=button:Add attachment|h=File]@47.6 ; Enter*>menuitem:File[menu×1|f=button:Add attachment|h=File]@47.8
chromium-dark-desktop › orbit-menu-sample menu-space-enter burst sample 19,orbit-menu-sample,menu,menu-space-enter,menu-space,burst,19,Space Enter,ran File | none | @button:Add attachment,1,1,Space>button:Add attachment[none|f=button:Add attachment|h=None]@31.9 ; Enter>button:Add attachment[menu×1|f=button:Add attachment|h=File]@67.8 ; Enter*>menuitem:File[menu×1|f=button:Add attachment|h=File]@68.1
chromium-dark-desktop › orbit-menu-sample menu-space-enter paced sample 0,orbit-menu-sample,menu,menu-space-enter,menu-space,paced,0,Space Enter,ran File | none | @button:Add attachment,0,0,Space>button:Add attachment[none|f=button:Add attachment|h=None]@23.9 ; Enter>menuitem:File[menu×1|f=menuitem:File|h=File]@367.2
chromium-dark-desktop › orbit-menu-sample menu-space-enter paced sample 1,orbit-menu-sample,menu,menu-space-enter,menu-space,paced,1,Space Enter,ran File | none | @button:Add attachment,0,0,Space>button:Add attachment[none|f=button:Add attachment|h=None]@30.6 ; Enter>menuitem:File[menu×1|f=menuitem:File|h=File]@370.2
chromium-dark-desktop › orbit-menu-sample menu-space-enter paced sample 2,orbit-menu-sample,menu,menu-space-enter,menu-space,paced,2,Space Enter,ran File | none | @button:Add attachment,0,0,Space>button:Add attachment[none|f=button:Add attachment|h=None]@18 ; Enter>menuitem:File[menu×1|f=menuitem:File|h=File]@362.8
chromium-dark-desktop › orbit-menu-sample menu-space-enter paced sample 3,orbit-menu-sample,menu,menu-space-enter,menu-space,paced,3,Space Enter,ran File | none | @button:Add attachment,0,0,Space>button:Add attachment[none|f=button:Add attachment|h=None]@33.9 ; Enter>menuitem:File[menu×1|f=menuitem:File|h=File]@376.1
chromium-dark-desktop › orbit-menu-sample menu-space-enter paced sample 4,orbit-menu-sample,menu,menu-space-enter,menu-space,paced,4,Space Enter,ran File | none | @button:Add attachment,0,0,Space>button:Add attachment[none|f=button:Add attachment|h=None]@28 ; Enter>menuitem:File[menu×1|f=menuitem:File|h=File]@368.7
chromium-dark-desktop › orbit-menu-sample menu-space-enter paced sample 5,orbit-menu-sample,menu,menu-space-enter,menu-space,paced,5,Space Enter,ran File | none | @button:Add attachment,0,0,Space>button:Add attachment[none|f=button:Add attachment|h=None]@30.1 ; Enter>menuitem:File[menu×1|f=menuitem:File|h=File]@371.3
chromium-dark-desktop › orbit-menu-sample menu-space-enter paced sample 6,orbit-menu-sample,menu,menu-space-enter,menu-space,paced,6,Space Enter,ran File | none | @button:Add attachment,0,0,Space>button:Add attachment[none|f=button:Add attachment|h=None]@23.3 ; Enter>menuitem:File[menu×1|f=menuitem:File|h=File]@367.2
chromium-dark-desktop › orbit-menu-sample menu-space-enter paced sample 7,orbit-menu-sample,menu,menu-space-enter,menu-space,paced,7,Space Enter,ran File | none | @button:Add attachment,0,0,Space>button:Add attachment[none|f=button:Add attachment|h=None]@36.5 ; Enter>menuitem:File[menu×1|f=menuitem:File|h=File]@380
chromium-dark-desktop › orbit-menu-sample menu-space-enter paced sample 8,orbit-menu-sample,menu,menu-space-enter,menu-space,paced,8,Space Enter,ran File | none | @button:Add attachment,0,0,Space>button:Add attachment[none|f=button:Add attachment|h=None]@32.1 ; Enter>menuitem:File[menu×1|f=menuitem:File|h=File]@376.6
chromium-dark-desktop › orbit-menu-sample menu-space-enter paced sample 9,orbit-menu-sample,menu,menu-space-enter,menu-space,paced,9,Space Enter,ran File | none | @button:Add attachment,0,0,Space>button:Add attachment[none|f=button:Add attachment|h=None]@28.2 ; Enter>menuitem:File[menu×1|f=menuitem:File|h=File]@365.4
chromium-dark-desktop › orbit-menu-sample menu-space-enter paced sample 10,orbit-menu-sample,menu,menu-space-enter,menu-space,paced,10,Space Enter,ran File | none | @button:Add attachment,0,0,Space>button:Add attachment[none|f=button:Add attachment|h=None]@28.3 ; Enter>menuitem:File[menu×1|f=menuitem:File|h=File]@373.8
chromium-dark-desktop › orbit-menu-sample menu-space-enter paced sample 11,orbit-menu-sample,menu,menu-space-enter,menu-space,paced,11,Space Enter,ran File | none | @button:Add attachment,0,0,Space>button:Add attachment[none|f=button:Add attachment|h=None]@25.3 ; Enter>menuitem:File[menu×1|f=menuitem:File|h=File]@377.2
chromium-dark-desktop › orbit-menu-sample menu-space-enter paced sample 12,orbit-menu-sample,menu,menu-space-enter,menu-space,paced,12,Space Enter,ran File | none | @button:Add attachment,0,0,Space>button:Add attachment[none|f=button:Add attachment|h=None]@21.6 ; Enter>menuitem:File[menu×1|f=menuitem:File|h=File]@355.8
chromium-dark-desktop › orbit-menu-sample menu-space-enter paced sample 13,orbit-menu-sample,menu,menu-space-enter,menu-space,paced,13,Space Enter,ran File | none | @button:Add attachment,0,0,Space>button:Add attachment[none|f=button:Add attachment|h=None]@25.8 ; Enter>menuitem:File[menu×1|f=menuitem:File|h=File]@372.8
chromium-dark-desktop › orbit-menu-sample menu-space-enter paced sample 14,orbit-menu-sample,menu,menu-space-enter,menu-space,paced,14,Space Enter,ran File | none | @button:Add attachment,0,0,Space>button:Add attachment[none|f=button:Add attachment|h=None]@22.5 ; Enter>menuitem:File[menu×1|f=menuitem:File|h=File]@374.7
chromium-dark-desktop › orbit-menu-sample menu-space-enter paced sample 15,orbit-menu-sample,menu,menu-space-enter,menu-space,paced,15,Space Enter,ran File | none | @button:Add attachment,0,0,Space>button:Add attachment[none|f=button:Add attachment|h=None]@30.3 ; Enter>menuitem:File[menu×1|f=menuitem:File|h=File]@381.6
chromium-dark-desktop › orbit-menu-sample menu-space-enter paced sample 16,orbit-menu-sample,menu,menu-space-enter,menu-space,paced,16,Space Enter,ran File | none | @button:Add attachment,0,0,Space>button:Add attachment[none|f=button:Add attachment|h=None]@25.1 ; Enter>menuitem:File[menu×1|f=menuitem:File|h=File]@371.4
chromium-dark-desktop › orbit-menu-sample menu-space-enter paced sample 17,orbit-menu-sample,menu,menu-space-enter,menu-space,paced,17,Space Enter,ran File | none | @button:Add attachment,0,0,Space>button:Add attachment[none|f=button:Add attachment|h=None]@28.1 ; Enter>menuitem:File[menu×1|f=menuitem:File|h=File]@376
chromium-dark-desktop › orbit-menu-sample menu-space-enter paced sample 18,orbit-menu-sample,menu,menu-space-enter,menu-space,paced,18,Space Enter,ran File | none | @button:Add attachment,0,0,Space>button:Add attachment[none|f=button:Add attachment|h=None]@22.7 ; Enter>menuitem:File[menu×1|f=menuitem:File|h=File]@363.5
chromium-dark-desktop › orbit-menu-sample menu-space-enter paced sample 19,orbit-menu-sample,menu,menu-space-enter,menu-space,paced,19,Space Enter,ran File | none | @button:Add attachment,0,0,Space>button:Add attachment[none|f=button:Add attachment|h=None]@16.7 ; Enter>menuitem:File[menu×1|f=menuitem:File|h=File]@357.7
chromium-dark-desktop › antd-menu menu-space-enter burst sample 0,antd-menu,menu,menu-space-enter,menu-space,burst,0,Space Enter,none | none | @button:Add attachment,1,0,Space>button:Add attachment[none|f=button:Add attachment|h=None]@26.6 ; Enter>button:Add attachment[menu×1|f=button:Add attachment|h=None]@94.8
chromium-dark-desktop › antd-menu menu-space-enter burst sample 1,antd-menu,menu,menu-space-enter,menu-space,burst,1,Space Enter,none | none | @button:Add attachment,1,0,Space>button:Add attachment[none|f=button:Add attachment|h=None]@27 ; Enter>button:Add attachment[menu×1|f=button:Add attachment|h=None]@96.6
chromium-dark-desktop › antd-menu menu-space-enter burst sample 2,antd-menu,menu,menu-space-enter,menu-space,burst,2,Space Enter,none | none | @button:Add attachment,1,0,Space>button:Add attachment[none|f=button:Add attachment|h=None]@18.8 ; Enter>button:Add attachment[menu×1|f=button:Add attachment|h=None]@82.1
chromium-dark-desktop › antd-menu menu-space-enter burst sample 3,antd-menu,menu,menu-space-enter,menu-space,burst,3,Space Enter,none | none | @button:Add attachment,1,0,Space>button:Add attachment[none|f=button:Add attachment|h=None]@21.7 ; Enter>button:Add attachment[menu×1|f=button:Add attachment|h=None]@86.8
chromium-dark-desktop › antd-menu menu-space-enter burst sample 4,antd-menu,menu,menu-space-enter,menu-space,burst,4,Space Enter,none | none | @button:Add attachment,1,0,Space>button:Add attachment[none|f=button:Add attachment|h=None]@35.2 ; Enter>button:Add attachment[menu×1|f=button:Add attachment|h=None]@104.5
chromium-dark-desktop › antd-menu menu-space-enter burst sample 5,antd-menu,menu,menu-space-enter,menu-space,burst,5,Space Enter,none | none | @button:Add attachment,1,0,Space>button:Add attachment[none|f=button:Add attachment|h=None]@16 ; Enter>button:Add attachment[menu×1|f=button:Add attachment|h=None]@82
chromium-dark-desktop › antd-menu menu-space-enter burst sample 6,antd-menu,menu,menu-space-enter,menu-space,burst,6,Space Enter,none | none | @button:Add attachment,1,0,Space>button:Add attachment[none|f=button:Add attachment|h=None]@21.3 ; Enter>button:Add attachment[menu×1|f=button:Add attachment|h=None]@75
chromium-dark-desktop › antd-menu menu-space-enter burst sample 7,antd-menu,menu,menu-space-enter,menu-space,burst,7,Space Enter,none | none | @button:Add attachment,1,0,Space>button:Add attachment[none|f=button:Add attachment|h=None]@16 ; Enter>button:Add attachment[menu×1|f=button:Add attachment|h=None]@84
chromium-dark-desktop › antd-menu menu-space-enter burst sample 8,antd-menu,menu,menu-space-enter,menu-space,burst,8,Space Enter,none | none | @button:Add attachment,1,0,Space>button:Add attachment[none|f=button:Add attachment|h=None]@29.9 ; Enter>button:Add attachment[menu×1|f=button:Add attachment|h=None]@89.7
chromium-dark-desktop › antd-menu menu-space-enter burst sample 9,antd-menu,menu,menu-space-enter,menu-space,burst,9,Space Enter,none | none | @button:Add attachment,1,0,Space>button:Add attachment[none|f=button:Add attachment|h=None]@22.3 ; Enter>button:Add attachment[menu×1|f=button:Add attachment|h=None]@94.2
chromium-dark-desktop › antd-menu menu-space-enter burst sample 10,antd-menu,menu,menu-space-enter,menu-space,burst,10,Space Enter,none | none | @button:Add attachment,1,0,Space>button:Add attachment[none|f=button:Add attachment|h=None]@25 ; Enter>button:Add attachment[menu×1|f=button:Add attachment|h=None]@95.6
chromium-dark-desktop › antd-menu menu-space-enter burst sample 11,antd-menu,menu,menu-space-enter,menu-space,burst,11,Space Enter,none | none | @button:Add attachment,1,0,Space>button:Add attachment[none|f=button:Add attachment|h=None]@17.2 ; Enter>button:Add attachment[menu×1|f=button:Add attachment|h=None]@92.3
chromium-dark-desktop › antd-menu menu-space-enter burst sample 12,antd-menu,menu,menu-space-enter,menu-space,burst,12,Space Enter,none | none | @button:Add attachment,1,0,Space>button:Add attachment[none|f=button:Add attachment|h=None]@26.6 ; Enter>button:Add attachment[menu×1|f=button:Add attachment|h=None]@93.1
chromium-dark-desktop › antd-menu menu-space-enter burst sample 13,antd-menu,menu,menu-space-enter,menu-space,burst,13,Space Enter,none | none | @button:Add attachment,1,0,Space>button:Add attachment[none|f=button:Add attachment|h=None]@25.9 ; Enter>button:Add attachment[menu×1|f=button:Add attachment|h=None]@90.2
chromium-dark-desktop › antd-menu menu-space-enter burst sample 14,antd-menu,menu,menu-space-enter,menu-space,burst,14,Space Enter,none | none | @button:Add attachment,1,0,Space>button:Add attachment[none|f=button:Add attachment|h=None]@28.1 ; Enter>button:Add attachment[menu×1|f=button:Add attachment|h=None]@74.7
chromium-dark-desktop › antd-menu menu-space-enter burst sample 15,antd-menu,menu,menu-space-enter,menu-space,burst,15,Space Enter,none | none | @button:Add attachment,1,0,Space>button:Add attachment[none|f=button:Add attachment|h=None]@20.8 ; Enter>button:Add attachment[menu×1|f=button:Add attachment|h=None]@68
chromium-dark-desktop › antd-menu menu-space-enter burst sample 16,antd-menu,menu,menu-space-enter,menu-space,burst,16,Space Enter,none | none | @button:Add attachment,1,0,Space>button:Add attachment[none|f=button:Add attachment|h=None]@35.3 ; Enter>button:Add attachment[menu×1|f=button:Add attachment|h=None]@105.2
chromium-dark-desktop › antd-menu menu-space-enter burst sample 17,antd-menu,menu,menu-space-enter,menu-space,burst,17,Space Enter,none | none | @button:Add attachment,1,0,Space>button:Add attachment[none|f=button:Add attachment|h=None]@23 ; Enter>button:Add attachment[menu×1|f=button:Add attachment|h=None]@85.4
chromium-dark-desktop › antd-menu menu-space-enter burst sample 18,antd-menu,menu,menu-space-enter,menu-space,burst,18,Space Enter,none | none | @button:Add attachment,1,0,Space>button:Add attachment[none|f=button:Add attachment|h=None]@24.4 ; Enter>button:Add attachment[menu×1|f=button:Add attachment|h=None]@93.5
chromium-dark-desktop › antd-menu menu-space-enter burst sample 19,antd-menu,menu,menu-space-enter,menu-space,burst,19,Space Enter,none | none | @button:Add attachment,1,0,Space>button:Add attachment[none|f=button:Add attachment|h=None]@33.7 ; Enter>button:Add attachment[menu×1|f=button:Add attachment|h=None]@96.4
chromium-dark-desktop › antd-menu menu-space-enter paced sample 0,antd-menu,menu,menu-space-enter,menu-space,paced,0,Space Enter,none | none | @button:Add attachment,1,0,Space>button:Add attachment[none|f=button:Add attachment|h=None]@36.6 ; Enter>button:Add attachment[menu×1|f=button:Add attachment|h=None]@417.8
chromium-dark-desktop › antd-menu menu-space-enter paced sample 1,antd-menu,menu,menu-space-enter,menu-space,paced,1,Space Enter,none | none | @button:Add attachment,1,0,Space>button:Add attachment[none|f=button:Add attachment|h=None]@19.5 ; Enter>button:Add attachment[menu×1|f=button:Add attachment|h=None]@391.8
chromium-dark-desktop › antd-menu menu-space-enter paced sample 2,antd-menu,menu,menu-space-enter,menu-space,paced,2,Space Enter,none | none | @button:Add attachment,1,0,Space>button:Add attachment[none|f=button:Add attachment|h=None]@31.7 ; Enter>button:Add attachment[menu×1|f=button:Add attachment|h=None]@415
chromium-dark-desktop › antd-menu menu-space-enter paced sample 3,antd-menu,menu,menu-space-enter,menu-space,paced,3,Space Enter,none | none | @button:Add attachment,1,0,Space>button:Add attachment[none|f=button:Add attachment|h=None]@21.8 ; Enter>button:Add attachment[menu×1|f=button:Add attachment|h=None]@392.4
chromium-dark-desktop › antd-menu menu-space-enter paced sample 4,antd-menu,menu,menu-space-enter,menu-space,paced,4,Space Enter,none | none | @button:Add attachment,1,0,Space>button:Add attachment[none|f=button:Add attachment|h=None]@29.1 ; Enter>button:Add attachment[menu×1|f=button:Add attachment|h=None]@406.5
chromium-dark-desktop › antd-menu menu-space-enter paced sample 5,antd-menu,menu,menu-space-enter,menu-space,paced,5,Space Enter,none | none | @button:Add attachment,1,0,Space>button:Add attachment[none|f=button:Add attachment|h=None]@32.3 ; Enter>button:Add attachment[menu×1|f=button:Add attachment|h=None]@409.5
chromium-dark-desktop › antd-menu menu-space-enter paced sample 6,antd-menu,menu,menu-space-enter,menu-space,paced,6,Space Enter,none | none | @button:Add attachment,1,0,Space>button:Add attachment[none|f=button:Add attachment|h=None]@22.2 ; Enter>button:Add attachment[menu×1|f=button:Add attachment|h=None]@401.8
chromium-dark-desktop › antd-menu menu-space-enter paced sample 7,antd-menu,menu,menu-space-enter,menu-space,paced,7,Space Enter,none | none | @button:Add attachment,1,0,Space>button:Add attachment[none|f=button:Add attachment|h=None]@36.3 ; Enter>button:Add attachment[menu×1|f=button:Add attachment|h=None]@410.4
chromium-dark-desktop › antd-menu menu-space-enter paced sample 8,antd-menu,menu,menu-space-enter,menu-space,paced,8,Space Enter,none | none | @button:Add attachment,1,0,Space>button:Add attachment[none|f=button:Add attachment|h=None]@21.6 ; Enter>button:Add attachment[menu×1|f=button:Add attachment|h=None]@398.7
chromium-dark-desktop › antd-menu menu-space-enter paced sample 9,antd-menu,menu,menu-space-enter,menu-space,paced,9,Space Enter,none | none | @button:Add attachment,1,0,Space>button:Add attachment[none|f=button:Add attachment|h=None]@30.2 ; Enter>button:Add attachment[menu×1|f=button:Add attachment|h=None]@411.3
chromium-dark-desktop › antd-menu menu-space-enter paced sample 10,antd-menu,menu,menu-space-enter,menu-space,paced,10,Space Enter,none | none | @button:Add attachment,1,0,Space>button:Add attachment[none|f=button:Add attachment|h=None]@20 ; Enter>button:Add attachment[menu×1|f=button:Add attachment|h=None]@391.8
chromium-dark-desktop › antd-menu menu-space-enter paced sample 11,antd-menu,menu,menu-space-enter,menu-space,paced,11,Space Enter,none | none | @button:Add attachment,1,0,Space>button:Add attachment[none|f=button:Add attachment|h=None]@21.1 ; Enter>button:Add attachment[menu×1|f=button:Add attachment|h=None]@392.7
chromium-dark-desktop › antd-menu menu-space-enter paced sample 12,antd-menu,menu,menu-space-enter,menu-space,paced,12,Space Enter,none | none | @button:Add attachment,1,0,Space>button:Add attachment[none|f=button:Add attachment|h=None]@24.4 ; Enter>button:Add attachment[menu×1|f=button:Add attachment|h=None]@395
chromium-dark-desktop › antd-menu menu-space-enter paced sample 13,antd-menu,menu,menu-space-enter,menu-space,paced,13,Space Enter,none | none | @button:Add attachment,1,0,Space>button:Add attachment[none|f=button:Add attachment|h=None]@30.8 ; Enter>button:Add attachment[menu×1|f=button:Add attachment|h=None]@399.3
chromium-dark-desktop › antd-menu menu-space-enter paced sample 14,antd-menu,menu,menu-space-enter,menu-space,paced,14,Space Enter,none | none | @button:Add attachment,1,0,Space>button:Add attachment[none|f=button:Add attachment|h=None]@20.3 ; Enter>button:Add attachment[menu×1|f=button:Add attachment|h=None]@394.7
chromium-dark-desktop › antd-menu menu-space-enter paced sample 15,antd-menu,menu,menu-space-enter,menu-space,paced,15,Space Enter,none | none | @button:Add attachment,1,0,Space>button:Add attachment[none|f=button:Add attachment|h=None]@17.2 ; Enter>button:Add attachment[menu×1|f=button:Add attachment|h=None]@385.8
chromium-dark-desktop › antd-menu menu-space-enter paced sample 16,antd-menu,menu,menu-space-enter,menu-space,paced,16,Space Enter,none | none | @button:Add attachment,1,0,Space>button:Add attachment[none|f=button:Add attachment|h=None]@25.6 ; Enter>button:Add attachment[menu×1|f=button:Add attachment|h=None]@396.4
chromium-dark-desktop › antd-menu menu-space-enter paced sample 17,antd-menu,menu,menu-space-enter,menu-space,paced,17,Space Enter,none | none | @button:Add attachment,1,0,Space>button:Add attachment[none|f=button:Add attachment|h=None]@20 ; Enter>button:Add attachment[menu×1|f=button:Add attachment|h=None]@390.3
chromium-dark-desktop › antd-menu menu-space-enter paced sample 18,antd-menu,menu,menu-space-enter,menu-space,paced,18,Space Enter,none | none | @button:Add attachment,1,0,Space>button:Add attachment[none|f=button:Add attachment|h=None]@15.1 ; Enter>button:Add attachment[menu×1|f=button:Add attachment|h=None]@383.2
chromium-dark-desktop › antd-menu menu-space-enter paced sample 19,antd-menu,menu,menu-space-enter,menu-space,paced,19,Space Enter,none | none | @button:Add attachment,1,0,Space>button:Add attachment[none|f=button:Add attachment|h=None]@20.1 ; Enter>button:Add attachment[menu×1|f=button:Add attachment|h=None]@388.9
chromium-dark-desktop › orbit-menu menu-space-down-enter burst sample 0,orbit-menu,menu,menu-space-down-enter,menu-space-enter,burst,0,Space ArrowDown Enter,Action=image | none | @button:Add attachment,1,1,Space>button:Add attachment[none|f=button:Add attachment|h=None]@32.5 ; ArrowDown>button:Add attachment[menu×1|f=button:Add attachment|h=File]@57.3 ; ArrowDown*>menuitem:File[menu×1|f=button:Add attachment|h=File]@57.4 ; Enter>menuitem:Image[menu×1|f=menuitem:Image|h=Image]@59.2
chromium-dark-desktop › orbit-menu menu-space-down-enter burst sample 1,orbit-menu,menu,menu-space-down-enter,menu-space-enter,burst,1,Space ArrowDown Enter,Action=image | none | @button:Add attachment,1,1,Space>button:Add attachment[none|f=button:Add attachment|h=None]@28.4 ; ArrowDown>button:Add attachment[menu×1|f=button:Add attachment|h=File]@53 ; ArrowDown*>menuitem:File[menu×1|f=button:Add attachment|h=File]@53.1 ; Enter>menuitem:Image[menu×1|f=menuitem:Image|h=Image]@54.8
chromium-dark-desktop › orbit-menu menu-space-down-enter burst sample 2,orbit-menu,menu,menu-space-down-enter,menu-space-enter,burst,2,Space ArrowDown Enter,Action=image | none | @button:Add attachment,1,1,Space>button:Add attachment[none|f=button:Add attachment|h=None]@18.4 ; ArrowDown>button:Add attachment[menu×1|f=button:Add attachment|h=File]@42.9 ; ArrowDown*>menuitem:File[menu×1|f=button:Add attachment|h=File]@43 ; Enter>menuitem:Image[menu×1|f=menuitem:Image|h=Image]@44.8
chromium-dark-desktop › orbit-menu menu-space-down-enter burst sample 3,orbit-menu,menu,menu-space-down-enter,menu-space-enter,burst,3,Space ArrowDown Enter,Action=image | none | @button:Add attachment,1,1,Space>button:Add attachment[none|f=button:Add attachment|h=None]@24.7 ; ArrowDown>button:Add attachment[menu×1|f=button:Add attachment|h=File]@50 ; ArrowDown*>menuitem:File[menu×1|f=button:Add attachment|h=File]@50.1 ; Enter>menuitem:Image[menu×1|f=menuitem:Image|h=Image]@51.8
chromium-dark-desktop › orbit-menu menu-space-down-enter burst sample 4,orbit-menu,menu,menu-space-down-enter,menu-space-enter,burst,4,Space ArrowDown Enter,Action=image | none | @button:Add attachment,1,1,Space>button:Add attachment[none|f=button:Add attachment|h=None]@32.6 ; ArrowDown>button:Add attachment[menu×1|f=button:Add attachment|h=File]@56.8 ; ArrowDown*>menuitem:File[menu×1|f=button:Add attachment|h=File]@56.9 ; Enter>menuitem:Image[menu×1|f=menuitem:Image|h=Image]@58.6
chromium-dark-desktop › orbit-menu menu-space-down-enter burst sample 5,orbit-menu,menu,menu-space-down-enter,menu-space-enter,burst,5,Space ArrowDown Enter,Action=image | none | @button:Add attachment,1,1,Space>button:Add attachment[none|f=button:Add attachment|h=None]@20.7 ; ArrowDown>button:Add attachment[menu×1|f=button:Add attachment|h=File]@45.1 ; ArrowDown*>menuitem:File[menu×1|f=button:Add attachment|h=File]@45.3 ; Enter>menuitem:Image[menu×1|f=menuitem:Image|h=Image]@46.9
chromium-dark-desktop › orbit-menu menu-space-down-enter burst sample 6,orbit-menu,menu,menu-space-down-enter,menu-space-enter,burst,6,Space ArrowDown Enter,Action=image | none | @button:Add attachment,1,1,Space>button:Add attachment[none|f=button:Add attachment|h=None]@28.7 ; ArrowDown>button:Add attachment[menu×1|f=button:Add attachment|h=File]@53.8 ; ArrowDown*>menuitem:File[menu×1|f=button:Add attachment|h=File]@53.9 ; Enter>menuitem:Image[menu×1|f=menuitem:Image|h=Image]@55.8
chromium-dark-desktop › orbit-menu menu-space-down-enter burst sample 7,orbit-menu,menu,menu-space-down-enter,menu-space-enter,burst,7,Space ArrowDown Enter,Action=image | none | @button:Add attachment,1,1,Space>button:Add attachment[none|f=button:Add attachment|h=None]@21.9 ; ArrowDown>button:Add attachment[menu×1|f=button:Add attachment|h=File]@48.1 ; ArrowDown*>menuitem:File[menu×1|f=button:Add attachment|h=File]@48.2 ; Enter>menuitem:Image[menu×1|f=menuitem:Image|h=Image]@50.1
chromium-dark-desktop › orbit-menu menu-space-down-enter burst sample 8,orbit-menu,menu,menu-space-down-enter,menu-space-enter,burst,8,Space ArrowDown Enter,Action=image | none | @button:Add attachment,1,1,Space>button:Add attachment[none|f=button:Add attachment|h=None]@20.9 ; ArrowDown>button:Add attachment[menu×1|f=button:Add attachment|h=File]@49.3 ; ArrowDown*>menuitem:File[menu×1|f=button:Add attachment|h=File]@49.4 ; Enter>menuitem:Image[menu×1|f=menuitem:Image|h=Image]@51.3
chromium-dark-desktop › orbit-menu menu-space-down-enter burst sample 9,orbit-menu,menu,menu-space-down-enter,menu-space-enter,burst,9,Space ArrowDown Enter,Action=image | none | @button:Add attachment,1,1,Space>button:Add attachment[none|f=button:Add attachment|h=None]@32 ; ArrowDown>button:Add attachment[menu×1|f=button:Add attachment|h=File]@57.5 ; ArrowDown*>menuitem:File[menu×1|f=button:Add attachment|h=File]@57.6 ; Enter>menuitem:Image[menu×1|f=menuitem:Image|h=Image]@59.4
chromium-dark-desktop › orbit-menu menu-space-down-enter burst sample 10,orbit-menu,menu,menu-space-down-enter,menu-space-enter,burst,10,Space ArrowDown Enter,Action=image | none | @button:Add attachment,1,1,Space>button:Add attachment[none|f=button:Add attachment|h=None]@32 ; ArrowDown>button:Add attachment[menu×1|f=button:Add attachment|h=File]@56.9 ; ArrowDown*>menuitem:File[menu×1|f=button:Add attachment|h=File]@57 ; Enter>menuitem:Image[menu×1|f=menuitem:Image|h=Image]@58.7
chromium-dark-desktop › orbit-menu menu-space-down-enter burst sample 11,orbit-menu,menu,menu-space-down-enter,menu-space-enter,burst,11,Space ArrowDown Enter,Action=image | none | @button:Add attachment,1,1,Space>button:Add attachment[none|f=button:Add attachment|h=None]@15 ; ArrowDown>button:Add attachment[menu×1|f=button:Add attachment|h=File]@40.5 ; ArrowDown*>menuitem:File[menu×1|f=button:Add attachment|h=File]@40.7 ; Enter>menuitem:Image[menu×1|f=menuitem:Image|h=Image]@42.5
chromium-dark-desktop › orbit-menu menu-space-down-enter burst sample 12,orbit-menu,menu,menu-space-down-enter,menu-space-enter,burst,12,Space ArrowDown Enter,Action=image | none | @button:Add attachment,1,1,Space>button:Add attachment[none|f=button:Add attachment|h=None]@26.4 ; ArrowDown>button:Add attachment[menu×1|f=button:Add attachment|h=File]@50.3 ; ArrowDown*>menuitem:File[menu×1|f=button:Add attachment|h=File]@50.6 ; Enter>menuitem:Image[menu×1|f=menuitem:Image|h=Image]@52.2
chromium-dark-desktop › orbit-menu menu-space-down-enter burst sample 13,orbit-menu,menu,menu-space-down-enter,menu-space-enter,burst,13,Space ArrowDown Enter,Action=image | none | @button:Add attachment,1,1,Space>button:Add attachment[none|f=button:Add attachment|h=None]@33.9 ; ArrowDown>button:Add attachment[menu×1|f=button:Add attachment|h=File]@58.4 ; ArrowDown*>menuitem:File[menu×1|f=button:Add attachment|h=File]@58.5 ; Enter>menuitem:Image[menu×1|f=menuitem:Image|h=Image]@60.2
chromium-dark-desktop › orbit-menu menu-space-down-enter burst sample 14,orbit-menu,menu,menu-space-down-enter,menu-space-enter,burst,14,Space ArrowDown Enter,Action=image | none | @button:Add attachment,1,1,Space>button:Add attachment[none|f=button:Add attachment|h=None]@32.1 ; ArrowDown>button:Add attachment[menu×1|f=button:Add attachment|h=File]@57.3 ; ArrowDown*>menuitem:File[menu×1|f=button:Add attachment|h=File]@57.3 ; Enter>menuitem:Image[menu×1|f=menuitem:Image|h=Image]@59.1
chromium-dark-desktop › orbit-menu menu-space-down-enter burst sample 15,orbit-menu,menu,menu-space-down-enter,menu-space-enter,burst,15,Space ArrowDown Enter,Action=image | none | @button:Add attachment,1,1,Space>button:Add attachment[none|f=button:Add attachment|h=None]@24.2 ; ArrowDown>button:Add attachment[menu×1|f=button:Add attachment|h=File]@50.4 ; ArrowDown*>menuitem:File[menu×1|f=button:Add attachment|h=File]@50.6 ; Enter>menuitem:Image[menu×1|f=menuitem:Image|h=Image]@52.8
chromium-dark-desktop › orbit-menu menu-space-down-enter burst sample 16,orbit-menu,menu,menu-space-down-enter,menu-space-enter,burst,16,Space ArrowDown Enter,Action=image | none | @button:Add attachment,1,1,Space>button:Add attachment[none|f=button:Add attachment|h=None]@17.8 ; ArrowDown>button:Add attachment[menu×1|f=button:Add attachment|h=File]@46.5 ; ArrowDown*>menuitem:File[menu×1|f=button:Add attachment|h=File]@46.7 ; Enter>menuitem:Image[menu×1|f=menuitem:Image|h=Image]@49.1
chromium-dark-desktop › orbit-menu menu-space-down-enter burst sample 17,orbit-menu,menu,menu-space-down-enter,menu-space-enter,burst,17,Space ArrowDown Enter,Action=image | none | @button:Add attachment,1,1,Space>button:Add attachment[none|f=button:Add attachment|h=None]@21.7 ; ArrowDown>button:Add attachment[menu×1|f=button:Add attachment|h=File]@50.3 ; ArrowDown*>menuitem:File[menu×1|f=button:Add attachment|h=File]@50.5 ; Enter>menuitem:Image[menu×1|f=menuitem:Image|h=Image]@52.5
chromium-dark-desktop › orbit-menu menu-space-down-enter burst sample 18,orbit-menu,menu,menu-space-down-enter,menu-space-enter,burst,18,Space ArrowDown Enter,Action=image | none | @button:Add attachment,1,1,Space>button:Add attachment[none|f=button:Add attachment|h=None]@18.6 ; ArrowDown>button:Add attachment[menu×1|f=button:Add attachment|h=File]@47.7 ; ArrowDown*>menuitem:File[menu×1|f=button:Add attachment|h=File]@47.9 ; Enter>menuitem:Image[menu×1|f=menuitem:Image|h=Image]@50
chromium-dark-desktop › orbit-menu menu-space-down-enter burst sample 19,orbit-menu,menu,menu-space-down-enter,menu-space-enter,burst,19,Space ArrowDown Enter,Action=image | none | @button:Add attachment,1,1,Space>button:Add attachment[none|f=button:Add attachment|h=None]@19.5 ; ArrowDown>button:Add attachment[menu×1|f=button:Add attachment|h=File]@46.7 ; ArrowDown*>menuitem:File[menu×1|f=button:Add attachment|h=File]@46.8 ; Enter>menuitem:Image[menu×1|f=menuitem:Image|h=Image]@49
chromium-dark-desktop › orbit-menu menu-space-down-enter paced sample 0,orbit-menu,menu,menu-space-down-enter,menu-space-enter,paced,0,Space ArrowDown Enter,Action=image | none | @button:Add attachment,0,0,Space>button:Add attachment[none|f=button:Add attachment|h=None]@30.8 ; ArrowDown>menuitem:File[menu×1|f=menuitem:File|h=File]@364.8 ; Enter>menuitem:Image[menu×1|f=menuitem:Image|h=Image]@678.1
chromium-dark-desktop › orbit-menu menu-space-down-enter paced sample 1,orbit-menu,menu,menu-space-down-enter,menu-space-enter,paced,1,Space ArrowDown Enter,Action=image | none | @button:Add attachment,0,0,Space>button:Add attachment[none|f=button:Add attachment|h=None]@29.7 ; ArrowDown>menuitem:File[menu×1|f=menuitem:File|h=File]@362.6 ; Enter>menuitem:Image[menu×1|f=menuitem:Image|h=Image]@677.7
chromium-dark-desktop › orbit-menu menu-space-down-enter paced sample 2,orbit-menu,menu,menu-space-down-enter,menu-space-enter,paced,2,Space ArrowDown Enter,Action=image | none | @button:Add attachment,0,0,Space>button:Add attachment[none|f=button:Add attachment|h=None]@22.5 ; ArrowDown>menuitem:File[menu×1|f=menuitem:File|h=File]@361.6 ; Enter>menuitem:Image[menu×1|f=menuitem:Image|h=Image]@677
chromium-dark-desktop › orbit-menu menu-space-down-enter paced sample 3,orbit-menu,menu,menu-space-down-enter,menu-space-enter,paced,3,Space ArrowDown Enter,Action=image | none | @button:Add attachment,0,0,Space>button:Add attachment[none|f=button:Add attachment|h=None]@16.9 ; ArrowDown>menuitem:File[menu×1|f=menuitem:File|h=File]@355.3 ; Enter>menuitem:Image[menu×1|f=menuitem:Image|h=Image]@671.3
chromium-dark-desktop › orbit-menu menu-space-down-enter paced sample 4,orbit-menu,menu,menu-space-down-enter,menu-space-enter,paced,4,Space ArrowDown Enter,Action=image | none | @button:Add attachment,0,0,Space>button:Add attachment[none|f=button:Add attachment|h=None]@21.6 ; ArrowDown>menuitem:File[menu×1|f=menuitem:File|h=File]@358.9 ; Enter>menuitem:Image[menu×1|f=menuitem:Image|h=Image]@674
chromium-dark-desktop › orbit-menu menu-space-down-enter paced sample 5,orbit-menu,menu,menu-space-down-enter,menu-space-enter,paced,5,Space ArrowDown Enter,Action=image | none | @button:Add attachment,0,0,Space>button:Add attachment[none|f=button:Add attachment|h=None]@23.1 ; ArrowDown>menuitem:File[menu×1|f=menuitem:File|h=File]@355.3 ; Enter>menuitem:Image[menu×1|f=menuitem:Image|h=Image]@662.2
chromium-dark-desktop › orbit-menu menu-space-down-enter paced sample 6,orbit-menu,menu,menu-space-down-enter,menu-space-enter,paced,6,Space ArrowDown Enter,Action=image | none | @button:Add attachment,0,0,Space>button:Add attachment[none|f=button:Add attachment|h=None]@31.9 ; ArrowDown>menuitem:File[menu×1|f=menuitem:File|h=File]@365.7 ; Enter>menuitem:Image[menu×1|f=menuitem:Image|h=Image]@673.6
chromium-dark-desktop › orbit-menu menu-space-down-enter paced sample 7,orbit-menu,menu,menu-space-down-enter,menu-space-enter,paced,7,Space ArrowDown Enter,Action=image | none | @button:Add attachment,0,0,Space>button:Add attachment[none|f=button:Add attachment|h=None]@19 ; ArrowDown>menuitem:File[menu×1|f=menuitem:File|h=File]@350.7 ; Enter>menuitem:Image[menu×1|f=menuitem:Image|h=Image]@658.5
chromium-dark-desktop › orbit-menu menu-space-down-enter paced sample 8,orbit-menu,menu,menu-space-down-enter,menu-space-enter,paced,8,Space ArrowDown Enter,Action=image | none | @button:Add attachment,0,0,Space>button:Add attachment[none|f=button:Add attachment|h=None]@22.9 ; ArrowDown>menuitem:File[menu×1|f=menuitem:File|h=File]@360.8 ; Enter>menuitem:Image[menu×1|f=menuitem:Image|h=Image]@669.1
chromium-dark-desktop › orbit-menu menu-space-down-enter paced sample 9,orbit-menu,menu,menu-space-down-enter,menu-space-enter,paced,9,Space ArrowDown Enter,Action=image | none | @button:Add attachment,0,0,Space>button:Add attachment[none|f=button:Add attachment|h=None]@32.7 ; ArrowDown>menuitem:File[menu×1|f=menuitem:File|h=File]@371.7 ; Enter>menuitem:Image[menu×1|f=menuitem:Image|h=Image]@686.1
chromium-dark-desktop › orbit-menu menu-space-down-enter paced sample 10,orbit-menu,menu,menu-space-down-enter,menu-space-enter,paced,10,Space ArrowDown Enter,Action=image | none | @button:Add attachment,0,0,Space>button:Add attachment[none|f=button:Add attachment|h=None]@21.8 ; ArrowDown>menuitem:File[menu×1|f=menuitem:File|h=File]@350.2 ; Enter>menuitem:Image[menu×1|f=menuitem:Image|h=Image]@658.6
chromium-dark-desktop › orbit-menu menu-space-down-enter paced sample 11,orbit-menu,menu,menu-space-down-enter,menu-space-enter,paced,11,Space ArrowDown Enter,Action=image | none | @button:Add attachment,0,0,Space>button:Add attachment[none|f=button:Add attachment|h=None]@23.9 ; ArrowDown>menuitem:File[menu×1|f=menuitem:File|h=File]@356.1 ; Enter>menuitem:Image[menu×1|f=menuitem:Image|h=Image]@667.9
chromium-dark-desktop › orbit-menu menu-space-down-enter paced sample 12,orbit-menu,menu,menu-space-down-enter,menu-space-enter,paced,12,Space ArrowDown Enter,Action=image | none | @button:Add attachment,0,0,Space>button:Add attachment[none|f=button:Add attachment|h=None]@16 ; ArrowDown>menuitem:File[menu×1|f=menuitem:File|h=File]@349 ; Enter>menuitem:Image[menu×1|f=menuitem:Image|h=Image]@660.9
chromium-dark-desktop › orbit-menu menu-space-down-enter paced sample 13,orbit-menu,menu,menu-space-down-enter,menu-space-enter,paced,13,Space ArrowDown Enter,Action=image | none | @button:Add attachment,0,0,Space>button:Add attachment[none|f=button:Add attachment|h=None]@21.4 ; ArrowDown>menuitem:File[menu×1|f=menuitem:File|h=File]@359.8 ; Enter>menuitem:Image[menu×1|f=menuitem:Image|h=Image]@670.3
chromium-dark-desktop › orbit-menu menu-space-down-enter paced sample 14,orbit-menu,menu,menu-space-down-enter,menu-space-enter,paced,14,Space ArrowDown Enter,Action=image | none | @button:Add attachment,0,0,Space>button:Add attachment[none|f=button:Add attachment|h=None]@25.1 ; ArrowDown>menuitem:File[menu×1|f=menuitem:File|h=File]@364.1 ; Enter>menuitem:Image[menu×1|f=menuitem:Image|h=Image]@674
chromium-dark-desktop › orbit-menu menu-space-down-enter paced sample 15,orbit-menu,menu,menu-space-down-enter,menu-space-enter,paced,15,Space ArrowDown Enter,Action=image | none | @button:Add attachment,0,0,Space>button:Add attachment[none|f=button:Add attachment|h=None]@25.1 ; ArrowDown>menuitem:File[menu×1|f=menuitem:File|h=File]@359.8 ; Enter>menuitem:Image[menu×1|f=menuitem:Image|h=Image]@668.8
chromium-dark-desktop › orbit-menu menu-space-down-enter paced sample 16,orbit-menu,menu,menu-space-down-enter,menu-space-enter,paced,16,Space ArrowDown Enter,Action=image | none | @button:Add attachment,0,0,Space>button:Add attachment[none|f=button:Add attachment|h=None]@15.4 ; ArrowDown>menuitem:File[menu×1|f=menuitem:File|h=File]@347.6 ; Enter>menuitem:Image[menu×1|f=menuitem:Image|h=Image]@656
chromium-dark-desktop › orbit-menu menu-space-down-enter paced sample 17,orbit-menu,menu,menu-space-down-enter,menu-space-enter,paced,17,Space ArrowDown Enter,Action=image | none | @button:Add attachment,0,0,Space>button:Add attachment[none|f=button:Add attachment|h=None]@30.4 ; ArrowDown>menuitem:File[menu×1|f=menuitem:File|h=File]@363.3 ; Enter>menuitem:Image[menu×1|f=menuitem:Image|h=Image]@671.1
chromium-dark-desktop › orbit-menu menu-space-down-enter paced sample 18,orbit-menu,menu,menu-space-down-enter,menu-space-enter,paced,18,Space ArrowDown Enter,Action=image | none | @button:Add attachment,0,0,Space>button:Add attachment[none|f=button:Add attachment|h=None]@16.4 ; ArrowDown>menuitem:File[menu×1|f=menuitem:File|h=File]@349.4 ; Enter>menuitem:Image[menu×1|f=menuitem:Image|h=Image]@661.4
chromium-dark-desktop › orbit-menu menu-space-down-enter paced sample 19,orbit-menu,menu,menu-space-down-enter,menu-space-enter,paced,19,Space ArrowDown Enter,Action=image | none | @button:Add attachment,0,0,Space>button:Add attachment[none|f=button:Add attachment|h=None]@28.5 ; ArrowDown>menuitem:File[menu×1|f=menuitem:File|h=File]@361.7 ; Enter>menuitem:Image[menu×1|f=menuitem:Image|h=Image]@670.6
chromium-dark-desktop › orbit-menu-sample menu-space-down-enter burst sample 0,orbit-menu-sample,menu,menu-space-down-enter,menu-space-enter,burst,0,Space ArrowDown Enter,ran Image | none | @button:Add attachment,1,1,Space>button:Add attachment[none|f=button:Add attachment|h=None]@19.5 ; ArrowDown>button:Add attachment[menu×1|f=button:Add attachment|h=File]@50 ; ArrowDown*>menuitem:File[menu×1|f=button:Add attachment|h=File]@50.2 ; Enter>menuitem:Image[menu×1|f=menuitem:Image|h=Image]@51.9
chromium-dark-desktop › orbit-menu-sample menu-space-down-enter burst sample 1,orbit-menu-sample,menu,menu-space-down-enter,menu-space-enter,burst,1,Space ArrowDown Enter,ran Image | none | @button:Add attachment,1,1,Space>button:Add attachment[none|f=button:Add attachment|h=None]@22.1 ; ArrowDown>button:Add attachment[menu×1|f=button:Add attachment|h=File]@52.1 ; ArrowDown*>menuitem:File[menu×1|f=button:Add attachment|h=File]@52.3 ; Enter>menuitem:Image[menu×1|f=menuitem:Image|h=Image]@53.9
chromium-dark-desktop › orbit-menu-sample menu-space-down-enter burst sample 2,orbit-menu-sample,menu,menu-space-down-enter,menu-space-enter,burst,2,Space ArrowDown Enter,ran Image | none | @button:Add attachment,1,1,Space>button:Add attachment[none|f=button:Add attachment|h=None]@29.8 ; ArrowDown>button:Add attachment[menu×1|f=button:Add attachment|h=File]@59 ; ArrowDown*>menuitem:File[menu×1|f=button:Add attachment|h=File]@59 ; Enter>menuitem:Image[menu×1|f=menuitem:Image|h=Image]@60.7
chromium-dark-desktop › orbit-menu-sample menu-space-down-enter burst sample 3,orbit-menu-sample,menu,menu-space-down-enter,menu-space-enter,burst,3,Space ArrowDown Enter,ran Image | none | @button:Add attachment,1,1,Space>button:Add attachment[none|f=button:Add attachment|h=None]@34.6 ; ArrowDown>button:Add attachment[menu×1|f=button:Add attachment|h=File]@64.4 ; ArrowDown*>menuitem:File[menu×1|f=button:Add attachment|h=File]@64.5 ; Enter>menuitem:Image[menu×1|f=menuitem:Image|h=Image]@66.1
chromium-dark-desktop › orbit-menu-sample menu-space-down-enter burst sample 4,orbit-menu-sample,menu,menu-space-down-enter,menu-space-enter,burst,4,Space ArrowDown Enter,ran Image | none | @button:Add attachment,1,1,Space>button:Add attachment[none|f=button:Add attachment|h=None]@25.8 ; ArrowDown>button:Add attachment[menu×1|f=button:Add attachment|h=File]@54.7 ; ArrowDown*>menuitem:File[menu×1|f=button:Add attachment|h=File]@54.9 ; Enter>menuitem:Image[menu×1|f=menuitem:Image|h=Image]@56.5
chromium-dark-desktop › orbit-menu-sample menu-space-down-enter burst sample 5,orbit-menu-sample,menu,menu-space-down-enter,menu-space-enter,burst,5,Space ArrowDown Enter,ran Image | none | @button:Add attachment,1,1,Space>button:Add attachment[none|f=button:Add attachment|h=None]@19.3 ; ArrowDown>button:Add attachment[menu×1|f=button:Add attachment|h=File]@48.6 ; ArrowDown*>menuitem:File[menu×1|f=button:Add attachment|h=File]@48.8 ; Enter>menuitem:Image[menu×1|f=menuitem:Image|h=Image]@50.4
chromium-dark-desktop › orbit-menu-sample menu-space-down-enter burst sample 6,orbit-menu-sample,menu,menu-space-down-enter,menu-space-enter,burst,6,Space ArrowDown Enter,ran Image | none | @button:Add attachment,1,1,Space>button:Add attachment[none|f=button:Add attachment|h=None]@30.1 ; ArrowDown>button:Add attachment[menu×1|f=button:Add attachment|h=File]@60.4 ; ArrowDown*>menuitem:File[menu×1|f=button:Add attachment|h=File]@60.5 ; Enter>menuitem:Image[menu×1|f=menuitem:Image|h=Image]@62.3
chromium-dark-desktop › orbit-menu-sample menu-space-down-enter burst sample 7,orbit-menu-sample,menu,menu-space-down-enter,menu-space-enter,burst,7,Space ArrowDown Enter,ran Image | none | @button:Add attachment,1,1,Space>button:Add attachment[none|f=button:Add attachment|h=None]@20.4 ; ArrowDown>button:Add attachment[menu×1|f=button:Add attachment|h=File]@55 ; ArrowDown*>menuitem:File[menu×1|f=button:Add attachment|h=File]@55.2 ; Enter>menuitem:Image[menu×1|f=menuitem:Image|h=Image]@57.3
chromium-dark-desktop › orbit-menu-sample menu-space-down-enter burst sample 8,orbit-menu-sample,menu,menu-space-down-enter,menu-space-enter,burst,8,Space ArrowDown Enter,ran Image | none | @button:Add attachment,1,1,Space>button:Add attachment[none|f=button:Add attachment|h=None]@36 ; ArrowDown>button:Add attachment[menu×1|f=button:Add attachment|h=File]@68.4 ; ArrowDown*>menuitem:File[menu×1|f=button:Add attachment|h=File]@68.6 ; Enter>menuitem:Image[menu×1|f=menuitem:Image|h=Image]@70.6
chromium-dark-desktop › orbit-menu-sample menu-space-down-enter burst sample 9,orbit-menu-sample,menu,menu-space-down-enter,menu-space-enter,burst,9,Space ArrowDown Enter,ran Image | none | @button:Add attachment,1,1,Space>button:Add attachment[none|f=button:Add attachment|h=None]@23.3 ; ArrowDown>button:Add attachment[menu×1|f=button:Add attachment|h=File]@54.2 ; ArrowDown*>menuitem:File[menu×1|f=button:Add attachment|h=File]@54.4 ; Enter>menuitem:Image[menu×1|f=menuitem:Image|h=Image]@56
chromium-dark-desktop › orbit-menu-sample menu-space-down-enter burst sample 10,orbit-menu-sample,menu,menu-space-down-enter,menu-space-enter,burst,10,Space ArrowDown Enter,ran Image | none | @button:Add attachment,1,1,Space>button:Add attachment[none|f=button:Add attachment|h=None]@32.9 ; ArrowDown>button:Add attachment[menu×1|f=button:Add attachment|h=File]@65.8 ; ArrowDown*>menuitem:File[menu×1|f=button:Add attachment|h=File]@66 ; Enter>menuitem:Image[menu×1|f=menuitem:Image|h=Image]@67.6
chromium-dark-desktop › orbit-menu-sample menu-space-down-enter burst sample 11,orbit-menu-sample,menu,menu-space-down-enter,menu-space-enter,burst,11,Space ArrowDown Enter,ran Image | none | @button:Add attachment,1,1,Space>button:Add attachment[none|f=button:Add attachment|h=None]@19.3 ; ArrowDown>button:Add attachment[menu×1|f=button:Add attachment|h=File]@48.7 ; ArrowDown*>menuitem:File[menu×1|f=button:Add attachment|h=File]@48.8 ; Enter>menuitem:Image[menu×1|f=menuitem:Image|h=Image]@50.4
chromium-dark-desktop › orbit-menu-sample menu-space-down-enter burst sample 12,orbit-menu-sample,menu,menu-space-down-enter,menu-space-enter,burst,12,Space ArrowDown Enter,ran Image | none | @button:Add attachment,1,1,Space>button:Add attachment[none|f=button:Add attachment|h=None]@33.1 ; ArrowDown>button:Add attachment[menu×1|f=button:Add attachment|h=File]@62.7 ; ArrowDown*>menuitem:File[menu×1|f=button:Add attachment|h=File]@62.9 ; Enter>menuitem:Image[menu×1|f=menuitem:Image|h=Image]@64.5
chromium-dark-desktop › orbit-menu-sample menu-space-down-enter burst sample 13,orbit-menu-sample,menu,menu-space-down-enter,menu-space-enter,burst,13,Space ArrowDown Enter,ran Image | none | @button:Add attachment,1,1,Space>button:Add attachment[none|f=button:Add attachment|h=None]@21.2 ; ArrowDown>button:Add attachment[menu×1|f=button:Add attachment|h=File]@52.4 ; ArrowDown*>menuitem:File[menu×1|f=button:Add attachment|h=File]@52.5 ; Enter>menuitem:Image[menu×1|f=menuitem:Image|h=Image]@54.2
chromium-dark-desktop › orbit-menu-sample menu-space-down-enter burst sample 14,orbit-menu-sample,menu,menu-space-down-enter,menu-space-enter,burst,14,Space ArrowDown Enter,ran Image | none | @button:Add attachment,1,1,Space>button:Add attachment[none|f=button:Add attachment|h=None]@16.3 ; ArrowDown>button:Add attachment[menu×1|f=button:Add attachment|h=File]@45.6 ; ArrowDown*>menuitem:File[menu×1|f=button:Add attachment|h=File]@45.8 ; Enter>menuitem:Image[menu×1|f=menuitem:Image|h=Image]@47.3
chromium-dark-desktop › orbit-menu-sample menu-space-down-enter burst sample 15,orbit-menu-sample,menu,menu-space-down-enter,menu-space-enter,burst,15,Space ArrowDown Enter,ran Image | none | @button:Add attachment,1,1,Space>button:Add attachment[none|f=button:Add attachment|h=None]@18.2 ; ArrowDown>button:Add attachment[menu×1|f=button:Add attachment|h=File]@49 ; ArrowDown*>menuitem:File[menu×1|f=button:Add attachment|h=File]@49.2 ; Enter>menuitem:Image[menu×1|f=menuitem:Image|h=Image]@50.9
chromium-dark-desktop › orbit-menu-sample menu-space-down-enter burst sample 16,orbit-menu-sample,menu,menu-space-down-enter,menu-space-enter,burst,16,Space ArrowDown Enter,ran Image | none | @button:Add attachment,1,1,Space>button:Add attachment[none|f=button:Add attachment|h=None]@17.3 ; ArrowDown>button:Add attachment[menu×1|f=button:Add attachment|h=File]@52.4 ; ArrowDown*>menuitem:File[menu×1|f=button:Add attachment|h=File]@52.5 ; Enter>menuitem:Image[menu×1|f=menuitem:Image|h=Image]@54.4
chromium-dark-desktop › orbit-menu-sample menu-space-down-enter burst sample 17,orbit-menu-sample,menu,menu-space-down-enter,menu-space-enter,burst,17,Space ArrowDown Enter,ran Image | none | @button:Add attachment,1,1,Space>button:Add attachment[none|f=button:Add attachment|h=None]@23.2 ; ArrowDown>button:Add attachment[menu×1|f=button:Add attachment|h=File]@54.2 ; ArrowDown*>menuitem:File[menu×1|f=button:Add attachment|h=File]@54.3 ; Enter>menuitem:Image[menu×1|f=menuitem:Image|h=Image]@55.9
chromium-dark-desktop › orbit-menu-sample menu-space-down-enter burst sample 18,orbit-menu-sample,menu,menu-space-down-enter,menu-space-enter,burst,18,Space ArrowDown Enter,ran Image | none | @button:Add attachment,1,1,Space>button:Add attachment[none|f=button:Add attachment|h=None]@22.1 ; ArrowDown>button:Add attachment[menu×1|f=button:Add attachment|h=File]@51.5 ; ArrowDown*>menuitem:File[menu×1|f=button:Add attachment|h=File]@51.7 ; Enter>menuitem:Image[menu×1|f=menuitem:Image|h=Image]@53.3
chromium-dark-desktop › orbit-menu-sample menu-space-down-enter burst sample 19,orbit-menu-sample,menu,menu-space-down-enter,menu-space-enter,burst,19,Space ArrowDown Enter,ran Image | none | @button:Add attachment,1,1,Space>button:Add attachment[none|f=button:Add attachment|h=None]@21.3 ; ArrowDown>button:Add attachment[menu×1|f=button:Add attachment|h=File]@50.7 ; ArrowDown*>menuitem:File[menu×1|f=button:Add attachment|h=File]@50.8 ; Enter>menuitem:Image[menu×1|f=menuitem:Image|h=Image]@52.5
chromium-dark-desktop › orbit-menu-sample menu-space-down-enter paced sample 0,orbit-menu-sample,menu,menu-space-down-enter,menu-space-enter,paced,0,Space ArrowDown Enter,ran Image | none | @button:Add attachment,0,0,Space>button:Add attachment[none|f=button:Add attachment|h=None]@31.5 ; ArrowDown>menuitem:File[menu×1|f=menuitem:File|h=File]@369.6 ; Enter>menuitem:Image[menu×1|f=menuitem:Image|h=Image]@677.1
chromium-dark-desktop › orbit-menu-sample menu-space-down-enter paced sample 1,orbit-menu-sample,menu,menu-space-down-enter,menu-space-enter,paced,1,Space ArrowDown Enter,ran Image | none | @button:Add attachment,0,0,Space>button:Add attachment[none|f=button:Add attachment|h=None]@31.6 ; ArrowDown>menuitem:File[menu×1|f=menuitem:File|h=File]@368.6 ; Enter>menuitem:Image[menu×1|f=menuitem:Image|h=Image]@674.5
chromium-dark-desktop › orbit-menu-sample menu-space-down-enter paced sample 2,orbit-menu-sample,menu,menu-space-down-enter,menu-space-enter,paced,2,Space ArrowDown Enter,ran Image | none | @button:Add attachment,0,0,Space>button:Add attachment[none|f=button:Add attachment|h=None]@28.1 ; ArrowDown>menuitem:File[menu×1|f=menuitem:File|h=File]@367.9 ; Enter>menuitem:Image[menu×1|f=menuitem:Image|h=Image]@674.4
chromium-dark-desktop › orbit-menu-sample menu-space-down-enter paced sample 3,orbit-menu-sample,menu,menu-space-down-enter,menu-space-enter,paced,3,Space ArrowDown Enter,ran Image | none | @button:Add attachment,0,0,Space>button:Add attachment[none|f=button:Add attachment|h=None]@35.5 ; ArrowDown>menuitem:File[menu×1|f=menuitem:File|h=File]@378.1 ; Enter>menuitem:Image[menu×1|f=menuitem:Image|h=Image]@683.6
chromium-dark-desktop › orbit-menu-sample menu-space-down-enter paced sample 4,orbit-menu-sample,menu,menu-space-down-enter,menu-space-enter,paced,4,Space ArrowDown Enter,ran Image | none | @button:Add attachment,0,0,Space>button:Add attachment[none|f=button:Add attachment|h=None]@22 ; ArrowDown>menuitem:File[menu×1|f=menuitem:File|h=File]@363.3 ; Enter>menuitem:Image[menu×1|f=menuitem:Image|h=Image]@669.4
chromium-dark-desktop › orbit-menu-sample menu-space-down-enter paced sample 5,orbit-menu-sample,menu,menu-space-down-enter,menu-space-enter,paced,5,Space ArrowDown Enter,ran Image | none | @button:Add attachment,0,0,Space>button:Add attachment[none|f=button:Add attachment|h=None]@28 ; ArrowDown>menuitem:File[menu×1|f=menuitem:File|h=File]@368 ; Enter>menuitem:Image[menu×1|f=menuitem:Image|h=Image]@675.2
chromium-dark-desktop › orbit-menu-sample menu-space-down-enter paced sample 6,orbit-menu-sample,menu,menu-space-down-enter,menu-space-enter,paced,6,Space ArrowDown Enter,ran Image | none | @button:Add attachment,0,0,Space>button:Add attachment[none|f=button:Add attachment|h=None]@31.8 ; ArrowDown>menuitem:File[menu×1|f=menuitem:File|h=File]@371.4 ; Enter>menuitem:Image[menu×1|f=menuitem:Image|h=Image]@677.7
chromium-dark-desktop › orbit-menu-sample menu-space-down-enter paced sample 7,orbit-menu-sample,menu,menu-space-down-enter,menu-space-enter,paced,7,Space ArrowDown Enter,ran Image | none | @button:Add attachment,0,0,Space>button:Add attachment[none|f=button:Add attachment|h=None]@33.2 ; ArrowDown>menuitem:File[menu×1|f=menuitem:File|h=File]@370.9 ; Enter>menuitem:Image[menu×1|f=menuitem:Image|h=Image]@678.4
chromium-dark-desktop › orbit-menu-sample menu-space-down-enter paced sample 8,orbit-menu-sample,menu,menu-space-down-enter,menu-space-enter,paced,8,Space ArrowDown Enter,ran Image | none | @button:Add attachment,0,0,Space>button:Add attachment[none|f=button:Add attachment|h=None]@17.3 ; ArrowDown>menuitem:File[menu×1|f=menuitem:File|h=File]@354 ; Enter>menuitem:Image[menu×1|f=menuitem:Image|h=Image]@659.3
chromium-dark-desktop › orbit-menu-sample menu-space-down-enter paced sample 9,orbit-menu-sample,menu,menu-space-down-enter,menu-space-enter,paced,9,Space ArrowDown Enter,ran Image | none | @button:Add attachment,0,0,Space>button:Add attachment[none|f=button:Add attachment|h=None]@18.1 ; ArrowDown>menuitem:File[menu×1|f=menuitem:File|h=File]@361.2 ; Enter>menuitem:Image[menu×1|f=menuitem:Image|h=Image]@667.3
chromium-dark-desktop › orbit-menu-sample menu-space-down-enter paced sample 10,orbit-menu-sample,menu,menu-space-down-enter,menu-space-enter,paced,10,Space ArrowDown Enter,ran Image | none | @button:Add attachment,0,0,Space>button:Add attachment[none|f=button:Add attachment|h=None]@26.6 ; ArrowDown>menuitem:File[menu×1|f=menuitem:File|h=File]@364.5 ; Enter>menuitem:Image[menu×1|f=menuitem:Image|h=Image]@670.8
chromium-dark-desktop › orbit-menu-sample menu-space-down-enter paced sample 11,orbit-menu-sample,menu,menu-space-down-enter,menu-space-enter,paced,11,Space ArrowDown Enter,ran Image | none | @button:Add attachment,0,0,Space>button:Add attachment[none|f=button:Add attachment|h=None]@27.7 ; ArrowDown>menuitem:File[menu×1|f=menuitem:File|h=File]@382.6 ; Enter>menuitem:Image[menu×1|f=menuitem:Image|h=Image]@688.7
chromium-dark-desktop › orbit-menu-sample menu-space-down-enter paced sample 12,orbit-menu-sample,menu,menu-space-down-enter,menu-space-enter,paced,12,Space ArrowDown Enter,ran Image | none | @button:Add attachment,0,0,Space>button:Add attachment[none|f=button:Add attachment|h=None]@32.1 ; ArrowDown>menuitem:File[menu×1|f=menuitem:File|h=File]@375.3 ; Enter>menuitem:Image[menu×1|f=menuitem:Image|h=Image]@681.4
chromium-dark-desktop › orbit-menu-sample menu-space-down-enter paced sample 13,orbit-menu-sample,menu,menu-space-down-enter,menu-space-enter,paced,13,Space ArrowDown Enter,ran Image | none | @button:Add attachment,0,0,Space>button:Add attachment[none|f=button:Add attachment|h=None]@28.4 ; ArrowDown>menuitem:File[menu×1|f=menuitem:File|h=File]@364.4 ; Enter>menuitem:Image[menu×1|f=menuitem:Image|h=Image]@670.9
chromium-dark-desktop › orbit-menu-sample menu-space-down-enter paced sample 14,orbit-menu-sample,menu,menu-space-down-enter,menu-space-enter,paced,14,Space ArrowDown Enter,ran Image | none | @button:Add attachment,0,0,Space>button:Add attachment[none|f=button:Add attachment|h=None]@26.5 ; ArrowDown>menuitem:File[menu×1|f=menuitem:File|h=File]@369.7 ; Enter>menuitem:Image[menu×1|f=menuitem:Image|h=Image]@677
chromium-dark-desktop › orbit-menu-sample menu-space-down-enter paced sample 15,orbit-menu-sample,menu,menu-space-down-enter,menu-space-enter,paced,15,Space ArrowDown Enter,ran Image | none | @button:Add attachment,0,0,Space>button:Add attachment[none|f=button:Add attachment|h=None]@24.5 ; ArrowDown>menuitem:File[menu×1|f=menuitem:File|h=File]@369.5 ; Enter>menuitem:Image[menu×1|f=menuitem:Image|h=Image]@675.4
chromium-dark-desktop › orbit-menu-sample menu-space-down-enter paced sample 16,orbit-menu-sample,menu,menu-space-down-enter,menu-space-enter,paced,16,Space ArrowDown Enter,ran Image | none | @button:Add attachment,0,0,Space>button:Add attachment[none|f=button:Add attachment|h=None]@34.7 ; ArrowDown>menuitem:File[menu×1|f=menuitem:File|h=File]@375.7 ; Enter>menuitem:Image[menu×1|f=menuitem:Image|h=Image]@681
chromium-dark-desktop › orbit-menu-sample menu-space-down-enter paced sample 17,orbit-menu-sample,menu,menu-space-down-enter,menu-space-enter,paced,17,Space ArrowDown Enter,ran Image | none | @button:Add attachment,0,0,Space>button:Add attachment[none|f=button:Add attachment|h=None]@22.3 ; ArrowDown>menuitem:File[menu×1|f=menuitem:File|h=File]@359.5 ; Enter>menuitem:Image[menu×1|f=menuitem:Image|h=Image]@667.2
chromium-dark-desktop › orbit-menu-sample menu-space-down-enter paced sample 18,orbit-menu-sample,menu,menu-space-down-enter,menu-space-enter,paced,18,Space ArrowDown Enter,ran Image | none | @button:Add attachment,0,0,Space>button:Add attachment[none|f=button:Add attachment|h=None]@18.7 ; ArrowDown>menuitem:File[menu×1|f=menuitem:File|h=File]@364.1 ; Enter>menuitem:Image[menu×1|f=menuitem:Image|h=Image]@670
chromium-dark-desktop › orbit-menu-sample menu-space-down-enter paced sample 19,orbit-menu-sample,menu,menu-space-down-enter,menu-space-enter,paced,19,Space ArrowDown Enter,ran Image | none | @button:Add attachment,0,0,Space>button:Add attachment[none|f=button:Add attachment|h=None]@34.8 ; ArrowDown>menuitem:File[menu×1|f=menuitem:File|h=File]@372.4 ; Enter>menuitem:Image[menu×1|f=menuitem:Image|h=Image]@678.5
chromium-dark-desktop › antd-menu menu-space-down-enter burst sample 0,antd-menu,menu,menu-space-down-enter,menu-space-enter,burst,0,Space ArrowDown Enter,none | none | @button:Add attachment,1,0,Space>button:Add attachment[none|f=button:Add attachment|h=None]@19.8 ; ArrowDown>button:Add attachment[menu×1|f=button:Add attachment|h=None]@80.9 ; Enter>button:Add attachment[menu×1|f=button:Add attachment|h=None]@81.2
chromium-dark-desktop › antd-menu menu-space-down-enter burst sample 1,antd-menu,menu,menu-space-down-enter,menu-space-enter,burst,1,Space ArrowDown Enter,none | none | @button:Add attachment,1,0,Space>button:Add attachment[none|f=button:Add attachment|h=None]@19.1 ; ArrowDown>button:Add attachment[menu×1|f=button:Add attachment|h=None]@78.1 ; Enter>button:Add attachment[menu×1|f=button:Add attachment|h=None]@78.4
chromium-dark-desktop › antd-menu menu-space-down-enter burst sample 2,antd-menu,menu,menu-space-down-enter,menu-space-enter,burst,2,Space ArrowDown Enter,none | none | @button:Add attachment,1,0,Space>button:Add attachment[none|f=button:Add attachment|h=None]@26.9 ; ArrowDown>button:Add attachment[menu×1|f=button:Add attachment|h=None]@85.3 ; Enter>button:Add attachment[menu×1|f=button:Add attachment|h=None]@85.6
chromium-dark-desktop › antd-menu menu-space-down-enter burst sample 3,antd-menu,menu,menu-space-down-enter,menu-space-enter,burst,3,Space ArrowDown Enter,none | none | @button:Add attachment,1,0,Space>button:Add attachment[none|f=button:Add attachment|h=None]@23.9 ; ArrowDown>button:Add attachment[menu×1|f=button:Add attachment|h=None]@84.9 ; Enter>button:Add attachment[menu×1|f=button:Add attachment|h=None]@85.1
chromium-dark-desktop › antd-menu menu-space-down-enter burst sample 4,antd-menu,menu,menu-space-down-enter,menu-space-enter,burst,4,Space ArrowDown Enter,none | none | @button:Add attachment,1,0,Space>button:Add attachment[none|f=button:Add attachment|h=None]@16.6 ; ArrowDown>button:Add attachment[menu×1|f=button:Add attachment|h=None]@61.7 ; Enter>button:Add attachment[menu×1|f=button:Add attachment|h=None]@61.8
chromium-dark-desktop › antd-menu menu-space-down-enter burst sample 5,antd-menu,menu,menu-space-down-enter,menu-space-enter,burst,5,Space ArrowDown Enter,none | none | @button:Add attachment,1,0,Space>button:Add attachment[none|f=button:Add attachment|h=None]@26 ; ArrowDown>button:Add attachment[menu×1|f=button:Add attachment|h=None]@71.8 ; Enter>button:Add attachment[menu×1|f=button:Add attachment|h=None]@72
chromium-dark-desktop › antd-menu menu-space-down-enter burst sample 6,antd-menu,menu,menu-space-down-enter,menu-space-enter,burst,6,Space ArrowDown Enter,none | none | @button:Add attachment,1,0,Space>button:Add attachment[none|f=button:Add attachment|h=None]@22.8 ; ArrowDown>button:Add attachment[menu×1|f=button:Add attachment|h=None]@67.6 ; Enter>button:Add attachment[menu×1|f=button:Add attachment|h=None]@67.8
chromium-dark-desktop › antd-menu menu-space-down-enter burst sample 7,antd-menu,menu,menu-space-down-enter,menu-space-enter,burst,7,Space ArrowDown Enter,none | none | @button:Add attachment,1,0,Space>button:Add attachment[none|f=button:Add attachment|h=None]@23.9 ; ArrowDown>button:Add attachment[menu×1|f=button:Add attachment|h=None]@83.6 ; Enter>button:Add attachment[menu×1|f=button:Add attachment|h=None]@83.8
chromium-dark-desktop › antd-menu menu-space-down-enter burst sample 8,antd-menu,menu,menu-space-down-enter,menu-space-enter,burst,8,Space ArrowDown Enter,none | none | @button:Add attachment,1,0,Space>button:Add attachment[none|f=button:Add attachment|h=None]@21.5 ; ArrowDown>button:Add attachment[menu×1|f=button:Add attachment|h=None]@66.6 ; Enter>button:Add attachment[menu×1|f=button:Add attachment|h=None]@66.8
chromium-dark-desktop › antd-menu menu-space-down-enter burst sample 9,antd-menu,menu,menu-space-down-enter,menu-space-enter,burst,9,Space ArrowDown Enter,none | none | @button:Add attachment,1,0,Space>button:Add attachment[none|f=button:Add attachment|h=None]@27.3 ; ArrowDown>button:Add attachment[menu×1|f=button:Add attachment|h=None]@123.1 ; Enter>button:Add attachment[menu×1|f=button:Add attachment|h=None]@123.3
chromium-dark-desktop › antd-menu menu-space-down-enter burst sample 10,antd-menu,menu,menu-space-down-enter,menu-space-enter,burst,10,Space ArrowDown Enter,none | none | @button:Add attachment,1,0,Space>button:Add attachment[none|f=button:Add attachment|h=None]@29.4 ; ArrowDown>button:Add attachment[menu×1|f=button:Add attachment|h=None]@88.3 ; Enter>button:Add attachment[menu×1|f=button:Add attachment|h=None]@88.5
chromium-dark-desktop › antd-menu menu-space-down-enter burst sample 11,antd-menu,menu,menu-space-down-enter,menu-space-enter,burst,11,Space ArrowDown Enter,none | none | @button:Add attachment,1,0,Space>button:Add attachment[none|f=button:Add attachment|h=None]@30.2 ; ArrowDown>button:Add attachment[menu×1|f=button:Add attachment|h=None]@75.8 ; Enter>button:Add attachment[menu×1|f=button:Add attachment|h=None]@76
chromium-dark-desktop › antd-menu menu-space-down-enter burst sample 12,antd-menu,menu,menu-space-down-enter,menu-space-enter,burst,12,Space ArrowDown Enter,none | none | @button:Add attachment,1,0,Space>button:Add attachment[none|f=button:Add attachment|h=None]@25.4 ; ArrowDown>button:Add attachment[menu×1|f=button:Add attachment|h=None]@71.3 ; Enter>button:Add attachment[menu×1|f=button:Add attachment|h=None]@71.4
chromium-dark-desktop › antd-menu menu-space-down-enter burst sample 13,antd-menu,menu,menu-space-down-enter,menu-space-enter,burst,13,Space ArrowDown Enter,none | none | @button:Add attachment,1,0,Space>button:Add attachment[none|f=button:Add attachment|h=None]@17.4 ; ArrowDown>button:Add attachment[menu×1|f=button:Add attachment|h=None]@76.1 ; Enter>button:Add attachment[menu×1|f=button:Add attachment|h=None]@76.4
chromium-dark-desktop › antd-menu menu-space-down-enter burst sample 14,antd-menu,menu,menu-space-down-enter,menu-space-enter,burst,14,Space ArrowDown Enter,none | none | @button:Add attachment,1,0,Space>button:Add attachment[none|f=button:Add attachment|h=None]@20.5 ; ArrowDown>button:Add attachment[menu×1|f=button:Add attachment|h=None]@79.5 ; Enter>button:Add attachment[menu×1|f=button:Add attachment|h=None]@79.7
chromium-dark-desktop › antd-menu menu-space-down-enter burst sample 15,antd-menu,menu,menu-space-down-enter,menu-space-enter,burst,15,Space ArrowDown Enter,none | none | @button:Add attachment,1,0,Space>button:Add attachment[none|f=button:Add attachment|h=None]@25.8 ; ArrowDown>button:Add attachment[menu×1|f=button:Add attachment|h=None]@85.8 ; Enter>button:Add attachment[menu×1|f=button:Add attachment|h=None]@86
chromium-dark-desktop › antd-menu menu-space-down-enter burst sample 16,antd-menu,menu,menu-space-down-enter,menu-space-enter,burst,16,Space ArrowDown Enter,none | none | @button:Add attachment,1,0,Space>button:Add attachment[none|f=button:Add attachment|h=None]@25.7 ; ArrowDown>button:Add attachment[menu×1|f=button:Add attachment|h=None]@89.4 ; Enter>button:Add attachment[menu×1|f=button:Add attachment|h=None]@89.7
chromium-dark-desktop › antd-menu menu-space-down-enter burst sample 17,antd-menu,menu,menu-space-down-enter,menu-space-enter,burst,17,Space ArrowDown Enter,none | none | @button:Add attachment,1,0,Space>button:Add attachment[none|f=button:Add attachment|h=None]@25.3 ; ArrowDown>button:Add attachment[menu×1|f=button:Add attachment|h=None]@83.8 ; Enter>button:Add attachment[menu×1|f=button:Add attachment|h=None]@84
chromium-dark-desktop › antd-menu menu-space-down-enter burst sample 18,antd-menu,menu,menu-space-down-enter,menu-space-enter,burst,18,Space ArrowDown Enter,none | none | @button:Add attachment,1,0,Space>button:Add attachment[none|f=button:Add attachment|h=None]@26.9 ; ArrowDown>button:Add attachment[menu×1|f=button:Add attachment|h=None]@86.1 ; Enter>button:Add attachment[menu×1|f=button:Add attachment|h=None]@86.3
chromium-dark-desktop › antd-menu menu-space-down-enter burst sample 19,antd-menu,menu,menu-space-down-enter,menu-space-enter,burst,19,Space ArrowDown Enter,none | none | @button:Add attachment,1,0,Space>button:Add attachment[none|f=button:Add attachment|h=None]@19.6 ; ArrowDown>button:Add attachment[menu×1|f=button:Add attachment|h=None]@80.3 ; Enter>button:Add attachment[menu×1|f=button:Add attachment|h=None]@80.4
chromium-dark-desktop › antd-menu menu-space-down-enter paced sample 0,antd-menu,menu,menu-space-down-enter,menu-space-enter,paced,0,Space ArrowDown Enter,none | none | @button:Add attachment,1,0,Space>button:Add attachment[none|f=button:Add attachment|h=None]@23.5 ; ArrowDown>button:Add attachment[menu×1|f=button:Add attachment|h=None]@391.1 ; Enter>button:Add attachment[menu×1|f=button:Add attachment|h=None]@699.7
chromium-dark-desktop › antd-menu menu-space-down-enter paced sample 1,antd-menu,menu,menu-space-down-enter,menu-space-enter,paced,1,Space ArrowDown Enter,none | none | @button:Add attachment,1,0,Space>button:Add attachment[none|f=button:Add attachment|h=None]@22.3 ; ArrowDown>button:Add attachment[menu×1|f=button:Add attachment|h=None]@391 ; Enter>button:Add attachment[menu×1|f=button:Add attachment|h=None]@694.7
chromium-dark-desktop › antd-menu menu-space-down-enter paced sample 2,antd-menu,menu,menu-space-down-enter,menu-space-enter,paced,2,Space ArrowDown Enter,none | none | @button:Add attachment,1,0,Space>button:Add attachment[none|f=button:Add attachment|h=None]@31.6 ; ArrowDown>button:Add attachment[menu×1|f=button:Add attachment|h=None]@397.5 ; Enter>button:Add attachment[menu×1|f=button:Add attachment|h=None]@709.2
chromium-dark-desktop › antd-menu menu-space-down-enter paced sample 3,antd-menu,menu,menu-space-down-enter,menu-space-enter,paced,3,Space ArrowDown Enter,none | none | @button:Add attachment,1,0,Space>button:Add attachment[none|f=button:Add attachment|h=None]@21.3 ; ArrowDown>button:Add attachment[menu×1|f=button:Add attachment|h=None]@387.3 ; Enter>button:Add attachment[menu×1|f=button:Add attachment|h=None]@691.5
chromium-dark-desktop › antd-menu menu-space-down-enter paced sample 4,antd-menu,menu,menu-space-down-enter,menu-space-enter,paced,4,Space ArrowDown Enter,none | none | @button:Add attachment,1,0,Space>button:Add attachment[none|f=button:Add attachment|h=None]@23.3 ; ArrowDown>button:Add attachment[menu×1|f=button:Add attachment|h=None]@390.5 ; Enter>button:Add attachment[menu×1|f=button:Add attachment|h=None]@694
chromium-dark-desktop › antd-menu menu-space-down-enter paced sample 5,antd-menu,menu,menu-space-down-enter,menu-space-enter,paced,5,Space ArrowDown Enter,none | none | @button:Add attachment,1,0,Space>button:Add attachment[none|f=button:Add attachment|h=None]@35.9 ; ArrowDown>button:Add attachment[menu×1|f=button:Add attachment|h=None]@412.5 ; Enter>button:Add attachment[menu×1|f=button:Add attachment|h=None]@716.2
chromium-dark-desktop › antd-menu menu-space-down-enter paced sample 6,antd-menu,menu,menu-space-down-enter,menu-space-enter,paced,6,Space ArrowDown Enter,none | none | @button:Add attachment,1,0,Space>button:Add attachment[none|f=button:Add attachment|h=None]@25.7 ; ArrowDown>button:Add attachment[menu×1|f=button:Add attachment|h=None]@393.5 ; Enter>button:Add attachment[menu×1|f=button:Add attachment|h=None]@697.5
chromium-dark-desktop › antd-menu menu-space-down-enter paced sample 7,antd-menu,menu,menu-space-down-enter,menu-space-enter,paced,7,Space ArrowDown Enter,none | none | @button:Add attachment,1,0,Space>button:Add attachment[none|f=button:Add attachment|h=None]@29 ; ArrowDown>button:Add attachment[menu×1|f=button:Add attachment|h=None]@396.5 ; Enter>button:Add attachment[menu×1|f=button:Add attachment|h=None]@700.9
chromium-dark-desktop › antd-menu menu-space-down-enter paced sample 8,antd-menu,menu,menu-space-down-enter,menu-space-enter,paced,8,Space ArrowDown Enter,none | none | @button:Add attachment,1,0,Space>button:Add attachment[none|f=button:Add attachment|h=None]@30.7 ; ArrowDown>button:Add attachment[menu×1|f=button:Add attachment|h=None]@413.3 ; Enter>button:Add attachment[menu×1|f=button:Add attachment|h=None]@717.9
chromium-dark-desktop › antd-menu menu-space-down-enter paced sample 9,antd-menu,menu,menu-space-down-enter,menu-space-enter,paced,9,Space ArrowDown Enter,none | none | @button:Add attachment,1,0,Space>button:Add attachment[none|f=button:Add attachment|h=None]@17.7 ; ArrowDown>button:Add attachment[menu×1|f=button:Add attachment|h=None]@391.1 ; Enter>button:Add attachment[menu×1|f=button:Add attachment|h=None]@696.4
chromium-dark-desktop › antd-menu menu-space-down-enter paced sample 10,antd-menu,menu,menu-space-down-enter,menu-space-enter,paced,10,Space ArrowDown Enter,none | none | @button:Add attachment,1,0,Space>button:Add attachment[none|f=button:Add attachment|h=None]@21.6 ; ArrowDown>button:Add attachment[menu×1|f=button:Add attachment|h=None]@390.3 ; Enter>button:Add attachment[menu×1|f=button:Add attachment|h=None]@694.2
chromium-dark-desktop › antd-menu menu-space-down-enter paced sample 11,antd-menu,menu,menu-space-down-enter,menu-space-enter,paced,11,Space ArrowDown Enter,none | none | @button:Add attachment,1,0,Space>button:Add attachment[none|f=button:Add attachment|h=None]@22.9 ; ArrowDown>button:Add attachment[menu×1|f=button:Add attachment|h=None]@402.2 ; Enter>button:Add attachment[menu×1|f=button:Add attachment|h=None]@705.9
chromium-dark-desktop › antd-menu menu-space-down-enter paced sample 12,antd-menu,menu,menu-space-down-enter,menu-space-enter,paced,12,Space ArrowDown Enter,none | none | @button:Add attachment,1,0,Space>button:Add attachment[none|f=button:Add attachment|h=None]@29.7 ; ArrowDown>button:Add attachment[menu×1|f=button:Add attachment|h=None]@397.5 ; Enter>button:Add attachment[menu×1|f=button:Add attachment|h=None]@702.2
chromium-dark-desktop › antd-menu menu-space-down-enter paced sample 13,antd-menu,menu,menu-space-down-enter,menu-space-enter,paced,13,Space ArrowDown Enter,none | none | @button:Add attachment,1,0,Space>button:Add attachment[none|f=button:Add attachment|h=None]@24.1 ; ArrowDown>button:Add attachment[menu×1|f=button:Add attachment|h=None]@399.8 ; Enter>button:Add attachment[menu×1|f=button:Add attachment|h=None]@703
chromium-dark-desktop › antd-menu menu-space-down-enter paced sample 14,antd-menu,menu,menu-space-down-enter,menu-space-enter,paced,14,Space ArrowDown Enter,none | none | @button:Add attachment,1,0,Space>button:Add attachment[none|f=button:Add attachment|h=None]@17.3 ; ArrowDown>button:Add attachment[menu×1|f=button:Add attachment|h=None]@384.8 ; Enter>button:Add attachment[menu×1|f=button:Add attachment|h=None]@688.9
chromium-dark-desktop › antd-menu menu-space-down-enter paced sample 15,antd-menu,menu,menu-space-down-enter,menu-space-enter,paced,15,Space ArrowDown Enter,none | none | @button:Add attachment,1,0,Space>button:Add attachment[none|f=button:Add attachment|h=None]@25 ; ArrowDown>button:Add attachment[menu×1|f=button:Add attachment|h=None]@395.4 ; Enter>button:Add attachment[menu×1|f=button:Add attachment|h=None]@699.2
chromium-dark-desktop › antd-menu menu-space-down-enter paced sample 16,antd-menu,menu,menu-space-down-enter,menu-space-enter,paced,16,Space ArrowDown Enter,none | none | @button:Add attachment,1,0,Space>button:Add attachment[none|f=button:Add attachment|h=None]@28.3 ; ArrowDown>button:Add attachment[menu×1|f=button:Add attachment|h=None]@396.2 ; Enter>button:Add attachment[menu×1|f=button:Add attachment|h=None]@700.3
chromium-dark-desktop › antd-menu menu-space-down-enter paced sample 17,antd-menu,menu,menu-space-down-enter,menu-space-enter,paced,17,Space ArrowDown Enter,none | none | @button:Add attachment,1,0,Space>button:Add attachment[none|f=button:Add attachment|h=None]@26.6 ; ArrowDown>button:Add attachment[menu×1|f=button:Add attachment|h=None]@406.1 ; Enter>button:Add attachment[menu×1|f=button:Add attachment|h=None]@710
chromium-dark-desktop › antd-menu menu-space-down-enter paced sample 18,antd-menu,menu,menu-space-down-enter,menu-space-enter,paced,18,Space ArrowDown Enter,none | none | @button:Add attachment,1,0,Space>button:Add attachment[none|f=button:Add attachment|h=None]@30.2 ; ArrowDown>button:Add attachment[menu×1|f=button:Add attachment|h=None]@396.6 ; Enter>button:Add attachment[menu×1|f=button:Add attachment|h=None]@702
chromium-dark-desktop › antd-menu menu-space-down-enter paced sample 19,antd-menu,menu,menu-space-down-enter,menu-space-enter,paced,19,Space ArrowDown Enter,none | none | @button:Add attachment,1,0,Space>button:Add attachment[none|f=button:Add attachment|h=None]@31.7 ; ArrowDown>button:Add attachment[menu×1|f=button:Add attachment|h=None]@424 ; Enter>button:Add attachment[menu×1|f=button:Add attachment|h=None]@729.1
