test,target,kind,sequence,control,mode,run,keys,result,window,handoff,keylog
chromium-dark-desktop › orbit-popconfirm pop-enter burst sample 0,orbit-popconfirm,popconfirm,pop-enter,,burst,0,Enter,none | dialog:Delete this task? | @dialog:Delete this task?A run s,0,0,Enter>button:Delete task[none|f=button:Delete task|h=None]@28.2
chromium-dark-desktop › orbit-popconfirm pop-enter burst sample 1,orbit-popconfirm,popconfirm,pop-enter,,burst,1,Enter,none | dialog:Delete this task? | @dialog:Delete this task?A run s,0,0,Enter>button:Delete task[none|f=button:Delete task|h=None]@19.2
chromium-dark-desktop › orbit-popconfirm pop-enter burst sample 2,orbit-popconfirm,popconfirm,pop-enter,,burst,2,Enter,none | dialog:Delete this task? | @dialog:Delete this task?A run s,0,0,Enter>button:Delete task[none|f=button:Delete task|h=None]@20.9
chromium-dark-desktop › orbit-popconfirm pop-enter burst sample 3,orbit-popconfirm,popconfirm,pop-enter,,burst,3,Enter,none | dialog:Delete this task? | @dialog:Delete this task?A run s,0,0,Enter>button:Delete task[none|f=button:Delete task|h=None]@27.4
chromium-dark-desktop › orbit-popconfirm pop-enter burst sample 4,orbit-popconfirm,popconfirm,pop-enter,,burst,4,Enter,none | dialog:Delete this task? | @dialog:Delete this task?A run s,0,0,Enter>button:Delete task[none|f=button:Delete task|h=None]@23.8
chromium-dark-desktop › orbit-popconfirm pop-enter burst sample 5,orbit-popconfirm,popconfirm,pop-enter,,burst,5,Enter,none | dialog:Delete this task? | @dialog:Delete this task?A run s,0,0,Enter>button:Delete task[none|f=button:Delete task|h=None]@33.5
chromium-dark-desktop › orbit-popconfirm pop-enter burst sample 6,orbit-popconfirm,popconfirm,pop-enter,,burst,6,Enter,none | dialog:Delete this task? | @dialog:Delete this task?A run s,0,0,Enter>button:Delete task[none|f=button:Delete task|h=None]@23.3
chromium-dark-desktop › orbit-popconfirm pop-enter burst sample 7,orbit-popconfirm,popconfirm,pop-enter,,burst,7,Enter,none | dialog:Delete this task? | @dialog:Delete this task?A run s,0,0,Enter>button:Delete task[none|f=button:Delete task|h=None]@17.3
chromium-dark-desktop › orbit-popconfirm pop-enter burst sample 8,orbit-popconfirm,popconfirm,pop-enter,,burst,8,Enter,none | dialog:Delete this task? | @dialog:Delete this task?A run s,0,0,Enter>button:Delete task[none|f=button:Delete task|h=None]@30
chromium-dark-desktop › orbit-popconfirm pop-enter burst sample 9,orbit-popconfirm,popconfirm,pop-enter,,burst,9,Enter,none | dialog:Delete this task? | @dialog:Delete this task?A run s,0,0,Enter>button:Delete task[none|f=button:Delete task|h=None]@33.4
chromium-dark-desktop › orbit-popconfirm pop-enter burst sample 10,orbit-popconfirm,popconfirm,pop-enter,,burst,10,Enter,none | dialog:Delete this task? | @dialog:Delete this task?A run s,0,0,Enter>button:Delete task[none|f=button:Delete task|h=None]@24.1
chromium-dark-desktop › orbit-popconfirm pop-enter burst sample 11,orbit-popconfirm,popconfirm,pop-enter,,burst,11,Enter,none | dialog:Delete this task? | @dialog:Delete this task?A run s,0,0,Enter>button:Delete task[none|f=button:Delete task|h=None]@15.9
chromium-dark-desktop › orbit-popconfirm pop-enter burst sample 12,orbit-popconfirm,popconfirm,pop-enter,,burst,12,Enter,none | dialog:Delete this task? | @dialog:Delete this task?A run s,0,0,Enter>button:Delete task[none|f=button:Delete task|h=None]@26.3
chromium-dark-desktop › orbit-popconfirm pop-enter burst sample 13,orbit-popconfirm,popconfirm,pop-enter,,burst,13,Enter,none | dialog:Delete this task? | @dialog:Delete this task?A run s,0,0,Enter>button:Delete task[none|f=button:Delete task|h=None]@32.7
chromium-dark-desktop › orbit-popconfirm pop-enter burst sample 14,orbit-popconfirm,popconfirm,pop-enter,,burst,14,Enter,none | dialog:Delete this task? | @dialog:Delete this task?A run s,0,0,Enter>button:Delete task[none|f=button:Delete task|h=None]@27.5
chromium-dark-desktop › orbit-popconfirm pop-enter burst sample 15,orbit-popconfirm,popconfirm,pop-enter,,burst,15,Enter,none | dialog:Delete this task? | @dialog:Delete this task?A run s,0,0,Enter>button:Delete task[none|f=button:Delete task|h=None]@20.4
chromium-dark-desktop › orbit-popconfirm pop-enter burst sample 16,orbit-popconfirm,popconfirm,pop-enter,,burst,16,Enter,none | dialog:Delete this task? | @dialog:Delete this task?A run s,0,0,Enter>button:Delete task[none|f=button:Delete task|h=None]@24.7
chromium-dark-desktop › orbit-popconfirm pop-enter burst sample 17,orbit-popconfirm,popconfirm,pop-enter,,burst,17,Enter,none | dialog:Delete this task? | @dialog:Delete this task?A run s,0,0,Enter>button:Delete task[none|f=button:Delete task|h=None]@19.2
chromium-dark-desktop › orbit-popconfirm pop-enter burst sample 18,orbit-popconfirm,popconfirm,pop-enter,,burst,18,Enter,none | dialog:Delete this task? | @dialog:Delete this task?A run s,0,0,Enter>button:Delete task[none|f=button:Delete task|h=None]@18.4
chromium-dark-desktop › orbit-popconfirm pop-enter burst sample 19,orbit-popconfirm,popconfirm,pop-enter,,burst,19,Enter,none | dialog:Delete this task? | @dialog:Delete this task?A run s,0,0,Enter>button:Delete task[none|f=button:Delete task|h=None]@30.1
chromium-dark-desktop › orbit-popconfirm pop-enter paced sample 0,orbit-popconfirm,popconfirm,pop-enter,,paced,0,Enter,none | dialog:Delete this task? | @dialog:Delete this task?A run s,0,0,Enter>button:Delete task[none|f=button:Delete task|h=None]@32.1
chromium-dark-desktop › orbit-popconfirm pop-enter paced sample 1,orbit-popconfirm,popconfirm,pop-enter,,paced,1,Enter,none | dialog:Delete this task? | @dialog:Delete this task?A run s,0,0,Enter>button:Delete task[none|f=button:Delete task|h=None]@26.9
chromium-dark-desktop › orbit-popconfirm pop-enter paced sample 2,orbit-popconfirm,popconfirm,pop-enter,,paced,2,Enter,none | dialog:Delete this task? | @dialog:Delete this task?A run s,0,0,Enter>button:Delete task[none|f=button:Delete task|h=None]@19
chromium-dark-desktop › orbit-popconfirm pop-enter paced sample 3,orbit-popconfirm,popconfirm,pop-enter,,paced,3,Enter,none | dialog:Delete this task? | @dialog:Delete this task?A run s,0,0,Enter>button:Delete task[none|f=button:Delete task|h=None]@21.2
chromium-dark-desktop › orbit-popconfirm pop-enter paced sample 4,orbit-popconfirm,popconfirm,pop-enter,,paced,4,Enter,none | dialog:Delete this task? | @dialog:Delete this task?A run s,0,0,Enter>button:Delete task[none|f=button:Delete task|h=None]@20.9
chromium-dark-desktop › orbit-popconfirm pop-enter paced sample 5,orbit-popconfirm,popconfirm,pop-enter,,paced,5,Enter,none | dialog:Delete this task? | @dialog:Delete this task?A run s,0,0,Enter>button:Delete task[none|f=button:Delete task|h=None]@16.1
chromium-dark-desktop › orbit-popconfirm pop-enter paced sample 6,orbit-popconfirm,popconfirm,pop-enter,,paced,6,Enter,none | dialog:Delete this task? | @dialog:Delete this task?A run s,0,0,Enter>button:Delete task[none|f=button:Delete task|h=None]@28.2
chromium-dark-desktop › orbit-popconfirm pop-enter paced sample 7,orbit-popconfirm,popconfirm,pop-enter,,paced,7,Enter,none | dialog:Delete this task? | @dialog:Delete this task?A run s,0,0,Enter>button:Delete task[none|f=button:Delete task|h=None]@30.2
chromium-dark-desktop › orbit-popconfirm pop-enter paced sample 8,orbit-popconfirm,popconfirm,pop-enter,,paced,8,Enter,none | dialog:Delete this task? | @dialog:Delete this task?A run s,0,0,Enter>button:Delete task[none|f=button:Delete task|h=None]@26.5
chromium-dark-desktop › orbit-popconfirm pop-enter paced sample 9,orbit-popconfirm,popconfirm,pop-enter,,paced,9,Enter,none | dialog:Delete this task? | @dialog:Delete this task?A run s,0,0,Enter>button:Delete task[none|f=button:Delete task|h=None]@25.1
chromium-dark-desktop › orbit-popconfirm pop-enter paced sample 10,orbit-popconfirm,popconfirm,pop-enter,,paced,10,Enter,none | dialog:Delete this task? | @dialog:Delete this task?A run s,0,0,Enter>button:Delete task[none|f=button:Delete task|h=None]@34.1
chromium-dark-desktop › orbit-popconfirm pop-enter paced sample 11,orbit-popconfirm,popconfirm,pop-enter,,paced,11,Enter,none | dialog:Delete this task? | @dialog:Delete this task?A run s,0,0,Enter>button:Delete task[none|f=button:Delete task|h=None]@19.7
chromium-dark-desktop › orbit-popconfirm pop-enter paced sample 12,orbit-popconfirm,popconfirm,pop-enter,,paced,12,Enter,none | dialog:Delete this task? | @dialog:Delete this task?A run s,0,0,Enter>button:Delete task[none|f=button:Delete task|h=None]@30.7
chromium-dark-desktop › orbit-popconfirm pop-enter paced sample 13,orbit-popconfirm,popconfirm,pop-enter,,paced,13,Enter,none | dialog:Delete this task? | @dialog:Delete this task?A run s,0,0,Enter>button:Delete task[none|f=button:Delete task|h=None]@16.6
chromium-dark-desktop › orbit-popconfirm pop-enter paced sample 14,orbit-popconfirm,popconfirm,pop-enter,,paced,14,Enter,none | dialog:Delete this task? | @dialog:Delete this task?A run s,0,0,Enter>button:Delete task[none|f=button:Delete task|h=None]@24.3
chromium-dark-desktop › orbit-popconfirm pop-enter paced sample 15,orbit-popconfirm,popconfirm,pop-enter,,paced,15,Enter,none | dialog:Delete this task? | @dialog:Delete this task?A run s,0,0,Enter>button:Delete task[none|f=button:Delete task|h=None]@20.2
chromium-dark-desktop › orbit-popconfirm pop-enter paced sample 16,orbit-popconfirm,popconfirm,pop-enter,,paced,16,Enter,none | dialog:Delete this task? | @dialog:Delete this task?A run s,0,0,Enter>button:Delete task[none|f=button:Delete task|h=None]@30
chromium-dark-desktop › orbit-popconfirm pop-enter paced sample 17,orbit-popconfirm,popconfirm,pop-enter,,paced,17,Enter,none | dialog:Delete this task? | @dialog:Delete this task?A run s,0,0,Enter>button:Delete task[none|f=button:Delete task|h=None]@29.3
chromium-dark-desktop › orbit-popconfirm pop-enter paced sample 18,orbit-popconfirm,popconfirm,pop-enter,,paced,18,Enter,none | dialog:Delete this task? | @dialog:Delete this task?A run s,0,0,Enter>button:Delete task[none|f=button:Delete task|h=None]@20.6
chromium-dark-desktop › orbit-popconfirm pop-enter paced sample 19,orbit-popconfirm,popconfirm,pop-enter,,paced,19,Enter,none | dialog:Delete this task? | @dialog:Delete this task?A run s,0,0,Enter>button:Delete task[none|f=button:Delete task|h=None]@27.7
chromium-dark-desktop › antd-popconfirm pop-enter burst sample 0,antd-popconfirm,popconfirm,pop-enter,,burst,0,Enter,none | tooltip:Delete this task?A r | @button:Delete task,0,0,Enter>button:Delete task[none|f=button:Delete task|h=None]@27.4
chromium-dark-desktop › antd-popconfirm pop-enter burst sample 1,antd-popconfirm,popconfirm,pop-enter,,burst,1,Enter,none | tooltip:Delete this task?A r | @button:Delete task,0,0,Enter>button:Delete task[none|f=button:Delete task|h=None]@25.6
chromium-dark-desktop › antd-popconfirm pop-enter burst sample 2,antd-popconfirm,popconfirm,pop-enter,,burst,2,Enter,none | tooltip:Delete this task?A r | @button:Delete task,0,0,Enter>button:Delete task[none|f=button:Delete task|h=None]@24.4
chromium-dark-desktop › antd-popconfirm pop-enter burst sample 3,antd-popconfirm,popconfirm,pop-enter,,burst,3,Enter,none | tooltip:Delete this task?A r | @button:Delete task,0,0,Enter>button:Delete task[none|f=button:Delete task|h=None]@21.5
chromium-dark-desktop › antd-popconfirm pop-enter burst sample 4,antd-popconfirm,popconfirm,pop-enter,,burst,4,Enter,none | tooltip:Delete this task?A r | @button:Delete task,0,0,Enter>button:Delete task[none|f=button:Delete task|h=None]@28
chromium-dark-desktop › antd-popconfirm pop-enter burst sample 5,antd-popconfirm,popconfirm,pop-enter,,burst,5,Enter,none | tooltip:Delete this task?A r | @button:Delete task,0,0,Enter>button:Delete task[none|f=button:Delete task|h=None]@31.2
chromium-dark-desktop › antd-popconfirm pop-enter burst sample 6,antd-popconfirm,popconfirm,pop-enter,,burst,6,Enter,none | tooltip:Delete this task?A r | @button:Delete task,0,0,Enter>button:Delete task[none|f=button:Delete task|h=None]@36.9
chromium-dark-desktop › antd-popconfirm pop-enter burst sample 7,antd-popconfirm,popconfirm,pop-enter,,burst,7,Enter,none | tooltip:Delete this task?A r | @button:Delete task,0,0,Enter>button:Delete task[none|f=button:Delete task|h=None]@32.1
chromium-dark-desktop › antd-popconfirm pop-enter burst sample 8,antd-popconfirm,popconfirm,pop-enter,,burst,8,Enter,none | tooltip:Delete this task?A r | @button:Delete task,0,0,Enter>button:Delete task[none|f=button:Delete task|h=None]@30.8
chromium-dark-desktop › antd-popconfirm pop-enter burst sample 9,antd-popconfirm,popconfirm,pop-enter,,burst,9,Enter,none | tooltip:Delete this task?A r | @button:Delete task,0,0,Enter>button:Delete task[none|f=button:Delete task|h=None]@24.3
chromium-dark-desktop › antd-popconfirm pop-enter burst sample 10,antd-popconfirm,popconfirm,pop-enter,,burst,10,Enter,none | tooltip:Delete this task?A r | @button:Delete task,0,0,Enter>button:Delete task[none|f=button:Delete task|h=None]@28.9
chromium-dark-desktop › antd-popconfirm pop-enter burst sample 11,antd-popconfirm,popconfirm,pop-enter,,burst,11,Enter,none | tooltip:Delete this task?A r | @button:Delete task,0,0,Enter>button:Delete task[none|f=button:Delete task|h=None]@29.3
chromium-dark-desktop › antd-popconfirm pop-enter burst sample 12,antd-popconfirm,popconfirm,pop-enter,,burst,12,Enter,none | tooltip:Delete this task?A r | @button:Delete task,0,0,Enter>button:Delete task[none|f=button:Delete task|h=None]@23.5
chromium-dark-desktop › antd-popconfirm pop-enter burst sample 13,antd-popconfirm,popconfirm,pop-enter,,burst,13,Enter,none | tooltip:Delete this task?A r | @button:Delete task,0,0,Enter>button:Delete task[none|f=button:Delete task|h=None]@21.3
chromium-dark-desktop › antd-popconfirm pop-enter burst sample 14,antd-popconfirm,popconfirm,pop-enter,,burst,14,Enter,none | tooltip:Delete this task?A r | @button:Delete task,0,0,Enter>button:Delete task[none|f=button:Delete task|h=None]@26.3
chromium-dark-desktop › antd-popconfirm pop-enter burst sample 15,antd-popconfirm,popconfirm,pop-enter,,burst,15,Enter,none | tooltip:Delete this task?A r | @button:Delete task,0,0,Enter>button:Delete task[none|f=button:Delete task|h=None]@29
chromium-dark-desktop › antd-popconfirm pop-enter burst sample 16,antd-popconfirm,popconfirm,pop-enter,,burst,16,Enter,none | tooltip:Delete this task?A r | @button:Delete task,0,0,Enter>button:Delete task[none|f=button:Delete task|h=None]@31.9
chromium-dark-desktop › antd-popconfirm pop-enter burst sample 17,antd-popconfirm,popconfirm,pop-enter,,burst,17,Enter,none | tooltip:Delete this task?A r | @button:Delete task,0,0,Enter>button:Delete task[none|f=button:Delete task|h=None]@21.6
chromium-dark-desktop › antd-popconfirm pop-enter burst sample 18,antd-popconfirm,popconfirm,pop-enter,,burst,18,Enter,none | tooltip:Delete this task?A r | @button:Delete task,0,0,Enter>button:Delete task[none|f=button:Delete task|h=None]@31.2
chromium-dark-desktop › antd-popconfirm pop-enter burst sample 19,antd-popconfirm,popconfirm,pop-enter,,burst,19,Enter,none | tooltip:Delete this task?A r | @button:Delete task,0,0,Enter>button:Delete task[none|f=button:Delete task|h=None]@18.6
chromium-dark-desktop › antd-popconfirm pop-enter paced sample 0,antd-popconfirm,popconfirm,pop-enter,,paced,0,Enter,none | tooltip:Delete this task?A r | @button:Delete task,0,0,Enter>button:Delete task[none|f=button:Delete task|h=None]@17.9
chromium-dark-desktop › antd-popconfirm pop-enter paced sample 1,antd-popconfirm,popconfirm,pop-enter,,paced,1,Enter,none | tooltip:Delete this task?A r | @button:Delete task,0,0,Enter>button:Delete task[none|f=button:Delete task|h=None]@33.4
chromium-dark-desktop › antd-popconfirm pop-enter paced sample 2,antd-popconfirm,popconfirm,pop-enter,,paced,2,Enter,none | tooltip:Delete this task?A r | @button:Delete task,0,0,Enter>button:Delete task[none|f=button:Delete task|h=None]@22
chromium-dark-desktop › antd-popconfirm pop-enter paced sample 3,antd-popconfirm,popconfirm,pop-enter,,paced,3,Enter,none | tooltip:Delete this task?A r | @button:Delete task,0,0,Enter>button:Delete task[none|f=button:Delete task|h=None]@28.3
chromium-dark-desktop › antd-popconfirm pop-enter paced sample 4,antd-popconfirm,popconfirm,pop-enter,,paced,4,Enter,none | tooltip:Delete this task?A r | @button:Delete task,0,0,Enter>button:Delete task[none|f=button:Delete task|h=None]@17.4
chromium-dark-desktop › antd-popconfirm pop-enter paced sample 5,antd-popconfirm,popconfirm,pop-enter,,paced,5,Enter,none | tooltip:Delete this task?A r | @button:Delete task,0,0,Enter>button:Delete task[none|f=button:Delete task|h=None]@24.7
chromium-dark-desktop › antd-popconfirm pop-enter paced sample 6,antd-popconfirm,popconfirm,pop-enter,,paced,6,Enter,none | tooltip:Delete this task?A r | @button:Delete task,0,0,Enter>button:Delete task[none|f=button:Delete task|h=None]@26.7
chromium-dark-desktop › antd-popconfirm pop-enter paced sample 7,antd-popconfirm,popconfirm,pop-enter,,paced,7,Enter,none | tooltip:Delete this task?A r | @button:Delete task,0,0,Enter>button:Delete task[none|f=button:Delete task|h=None]@22.4
chromium-dark-desktop › antd-popconfirm pop-enter paced sample 8,antd-popconfirm,popconfirm,pop-enter,,paced,8,Enter,none | tooltip:Delete this task?A r | @button:Delete task,0,0,Enter>button:Delete task[none|f=button:Delete task|h=None]@30.3
chromium-dark-desktop › antd-popconfirm pop-enter paced sample 9,antd-popconfirm,popconfirm,pop-enter,,paced,9,Enter,none | tooltip:Delete this task?A r | @button:Delete task,0,0,Enter>button:Delete task[none|f=button:Delete task|h=None]@30.5
chromium-dark-desktop › antd-popconfirm pop-enter paced sample 10,antd-popconfirm,popconfirm,pop-enter,,paced,10,Enter,none | tooltip:Delete this task?A r | @button:Delete task,0,0,Enter>button:Delete task[none|f=button:Delete task|h=None]@22.4
chromium-dark-desktop › antd-popconfirm pop-enter paced sample 11,antd-popconfirm,popconfirm,pop-enter,,paced,11,Enter,none | tooltip:Delete this task?A r | @button:Delete task,0,0,Enter>button:Delete task[none|f=button:Delete task|h=None]@25.9
chromium-dark-desktop › antd-popconfirm pop-enter paced sample 12,antd-popconfirm,popconfirm,pop-enter,,paced,12,Enter,none | tooltip:Delete this task?A r | @button:Delete task,0,0,Enter>button:Delete task[none|f=button:Delete task|h=None]@25.3
chromium-dark-desktop › antd-popconfirm pop-enter paced sample 13,antd-popconfirm,popconfirm,pop-enter,,paced,13,Enter,none | tooltip:Delete this task?A r | @button:Delete task,0,0,Enter>button:Delete task[none|f=button:Delete task|h=None]@27.3
chromium-dark-desktop › antd-popconfirm pop-enter paced sample 14,antd-popconfirm,popconfirm,pop-enter,,paced,14,Enter,none | tooltip:Delete this task?A r | @button:Delete task,0,0,Enter>button:Delete task[none|f=button:Delete task|h=None]@16.7
chromium-dark-desktop › antd-popconfirm pop-enter paced sample 15,antd-popconfirm,popconfirm,pop-enter,,paced,15,Enter,none | tooltip:Delete this task?A r | @button:Delete task,0,0,Enter>button:Delete task[none|f=button:Delete task|h=None]@32.5
chromium-dark-desktop › antd-popconfirm pop-enter paced sample 16,antd-popconfirm,popconfirm,pop-enter,,paced,16,Enter,none | tooltip:Delete this task?A r | @button:Delete task,0,0,Enter>button:Delete task[none|f=button:Delete task|h=None]@24.9
chromium-dark-desktop › antd-popconfirm pop-enter paced sample 17,antd-popconfirm,popconfirm,pop-enter,,paced,17,Enter,none | tooltip:Delete this task?A r | @button:Delete task,0,0,Enter>button:Delete task[none|f=button:Delete task|h=None]@21.3
chromium-dark-desktop › antd-popconfirm pop-enter paced sample 18,antd-popconfirm,popconfirm,pop-enter,,paced,18,Enter,none | tooltip:Delete this task?A r | @button:Delete task,0,0,Enter>button:Delete task[none|f=button:Delete task|h=None]@19.2
chromium-dark-desktop › antd-popconfirm pop-enter paced sample 19,antd-popconfirm,popconfirm,pop-enter,,paced,19,Enter,none | tooltip:Delete this task?A r | @button:Delete task,0,0,Enter>button:Delete task[none|f=button:Delete task|h=None]@27
chromium-dark-desktop › orbit-popconfirm pop-enter-enter burst sample 0,orbit-popconfirm,popconfirm,pop-enter-enter,pop-enter,burst,0,Enter Enter,none | none | @button:Delete task,1,0,Enter>button:Delete task[none|f=button:Delete task|h=None]@43 ; Enter>button:Delete task[dialog:Delete this task?|f=button:Delete task|h=None]@70.9
chromium-dark-desktop › orbit-popconfirm pop-enter-enter burst sample 1,orbit-popconfirm,popconfirm,pop-enter-enter,pop-enter,burst,1,Enter Enter,none | none | @button:Delete task,1,0,Enter>button:Delete task[none|f=button:Delete task|h=None]@28.9 ; Enter>button:Delete task[dialog:Delete this task?|f=button:Delete task|h=None]@57.7
chromium-dark-desktop › orbit-popconfirm pop-enter-enter burst sample 2,orbit-popconfirm,popconfirm,pop-enter-enter,pop-enter,burst,2,Enter Enter,none | none | @button:Delete task,1,0,Enter>button:Delete task[none|f=button:Delete task|h=None]@32.5 ; Enter>button:Delete task[dialog:Delete this task?|f=button:Delete task|h=None]@60.9
chromium-dark-desktop › orbit-popconfirm pop-enter-enter burst sample 3,orbit-popconfirm,popconfirm,pop-enter-enter,pop-enter,burst,3,Enter Enter,none | none | @button:Delete task,1,0,Enter>button:Delete task[none|f=button:Delete task|h=None]@21 ; Enter>button:Delete task[dialog:Delete this task?|f=button:Delete task|h=None]@49.5
chromium-dark-desktop › orbit-popconfirm pop-enter-enter burst sample 4,orbit-popconfirm,popconfirm,pop-enter-enter,pop-enter,burst,4,Enter Enter,none | none | @button:Delete task,1,0,Enter>button:Delete task[none|f=button:Delete task|h=None]@28.7 ; Enter>button:Delete task[dialog:Delete this task?|f=button:Delete task|h=None]@57.9
chromium-dark-desktop › orbit-popconfirm pop-enter-enter burst sample 5,orbit-popconfirm,popconfirm,pop-enter-enter,pop-enter,burst,5,Enter Enter,none | none | @button:Delete task,1,0,Enter>button:Delete task[none|f=button:Delete task|h=None]@21.7 ; Enter>button:Delete task[dialog:Delete this task?|f=button:Delete task|h=None]@49.7
chromium-dark-desktop › orbit-popconfirm pop-enter-enter burst sample 6,orbit-popconfirm,popconfirm,pop-enter-enter,pop-enter,burst,6,Enter Enter,none | none | @button:Delete task,1,0,Enter>button:Delete task[none|f=button:Delete task|h=None]@26.4 ; Enter>button:Delete task[dialog:Delete this task?|f=button:Delete task|h=None]@54
chromium-dark-desktop › orbit-popconfirm pop-enter-enter burst sample 7,orbit-popconfirm,popconfirm,pop-enter-enter,pop-enter,burst,7,Enter Enter,none | none | @button:Delete task,1,0,Enter>button:Delete task[none|f=button:Delete task|h=None]@31.9 ; Enter>button:Delete task[dialog:Delete this task?|f=button:Delete task|h=None]@61.3
chromium-dark-desktop › orbit-popconfirm pop-enter-enter burst sample 8,orbit-popconfirm,popconfirm,pop-enter-enter,pop-enter,burst,8,Enter Enter,none | none | @button:Delete task,1,0,Enter>button:Delete task[none|f=button:Delete task|h=None]@82.7 ; Enter>button:Delete task[dialog:Delete this task?|f=button:Delete task|h=None]@536.9
chromium-dark-desktop › orbit-popconfirm pop-enter-enter burst sample 9,orbit-popconfirm,popconfirm,pop-enter-enter,pop-enter,burst,9,Enter Enter,none | none | @button:Delete task,1,0,Enter>button:Delete task[none|f=button:Delete task|h=None]@43.7 ; Enter>button:Delete task[dialog:Delete this task?|f=button:Delete task|h=None]@92.6
chromium-dark-desktop › orbit-popconfirm pop-enter-enter burst sample 10,orbit-popconfirm,popconfirm,pop-enter-enter,pop-enter,burst,10,Enter Enter,none | none | @button:Delete task,1,0,Enter>button:Delete task[none|f=button:Delete task|h=None]@39.4 ; Enter>button:Delete task[dialog:Delete this task?|f=button:Delete task|h=None]@166.8
chromium-dark-desktop › orbit-popconfirm pop-enter-enter burst sample 11,orbit-popconfirm,popconfirm,pop-enter-enter,pop-enter,burst,11,Enter Enter,none | none | @button:Delete task,1,0,Enter>button:Delete task[none|f=button:Delete task|h=None]@21 ; Enter>button:Delete task[dialog:Delete this task?|f=button:Delete task|h=None]@81.4
chromium-dark-desktop › orbit-popconfirm pop-enter-enter burst sample 12,orbit-popconfirm,popconfirm,pop-enter-enter,pop-enter,burst,12,Enter Enter,none | none | @button:Delete task,1,0,Enter>button:Delete task[none|f=button:Delete task|h=None]@19.8 ; Enter>button:Delete task[dialog:Delete this task?|f=button:Delete task|h=None]@135
chromium-dark-desktop › orbit-popconfirm pop-enter-enter burst sample 13,orbit-popconfirm,popconfirm,pop-enter-enter,pop-enter,burst,13,Enter Enter,none | none | @button:Delete task,1,0,Enter>button:Delete task[none|f=button:Delete task|h=None]@28.1 ; Enter>button:Delete task[dialog:Delete this task?|f=button:Delete task|h=None]@123
chromium-dark-desktop › orbit-popconfirm pop-enter-enter burst sample 14,orbit-popconfirm,popconfirm,pop-enter-enter,pop-enter,burst,14,Enter Enter,none | none | @button:Delete task,1,0,Enter>button:Delete task[none|f=button:Delete task|h=None]@15.9 ; Enter>button:Delete task[dialog:Delete this task?|f=button:Delete task|h=None]@70.6
chromium-dark-desktop › orbit-popconfirm pop-enter-enter burst sample 15,orbit-popconfirm,popconfirm,pop-enter-enter,pop-enter,burst,15,Enter Enter,none | none | @button:Delete task,1,0,Enter>button:Delete task[none|f=button:Delete task|h=None]@19.2 ; Enter>button:Delete task[dialog:Delete this task?|f=button:Delete task|h=None]@64.8
chromium-dark-desktop › orbit-popconfirm pop-enter-enter burst sample 16,orbit-popconfirm,popconfirm,pop-enter-enter,pop-enter,burst,16,Enter Enter,none | none | @button:Delete task,1,0,Enter>button:Delete task[none|f=button:Delete task|h=None]@19.5 ; Enter>button:Delete task[dialog:Delete this task?|f=button:Delete task|h=None]@63.9
chromium-dark-desktop › orbit-popconfirm pop-enter-enter burst sample 17,orbit-popconfirm,popconfirm,pop-enter-enter,pop-enter,burst,17,Enter Enter,none | none | @button:Delete task,1,0,Enter>button:Delete task[none|f=button:Delete task|h=None]@21.5 ; Enter>button:Delete task[dialog:Delete this task?|f=button:Delete task|h=None]@55.5
chromium-dark-desktop › orbit-popconfirm pop-enter-enter burst sample 18,orbit-popconfirm,popconfirm,pop-enter-enter,pop-enter,burst,18,Enter Enter,none | none | @button:Delete task,1,0,Enter>button:Delete task[none|f=button:Delete task|h=None]@41.9 ; Enter>button:Delete task[dialog:Delete this task?|f=button:Delete task|h=None]@84.5
chromium-dark-desktop › orbit-popconfirm pop-enter-enter burst sample 19,orbit-popconfirm,popconfirm,pop-enter-enter,pop-enter,burst,19,Enter Enter,none | none | @button:Delete task,1,0,Enter>button:Delete task[none|f=button:Delete task|h=None]@39.6 ; Enter>button:Delete task[dialog:Delete this task?|f=button:Delete task|h=None]@98.1
chromium-dark-desktop › orbit-popconfirm pop-enter-enter paced sample 0,orbit-popconfirm,popconfirm,pop-enter-enter,pop-enter,paced,0,Enter Enter,none | dialog:Delete this task? | @dialog:Delete this task?A run s,0,0,Enter>button:Delete task[none|f=button:Delete task|h=None]@11.6 ; Enter>dialog:Delete this task?A run s[dialog:Delete this task?|f=dialog:Delete this task?A run s|h=None]@415.8
chromium-dark-desktop › orbit-popconfirm pop-enter-enter paced sample 1,orbit-popconfirm,popconfirm,pop-enter-enter,pop-enter,paced,1,Enter Enter,none | dialog:Delete this task? | @dialog:Delete this task?A run s,0,0,Enter>button:Delete task[none|f=button:Delete task|h=None]@13.2 ; Enter>dialog:Delete this task?A run s[dialog:Delete this task?|f=dialog:Delete this task?A run s|h=None]@451.8
chromium-dark-desktop › orbit-popconfirm pop-enter-enter paced sample 2,orbit-popconfirm,popconfirm,pop-enter-enter,pop-enter,paced,2,Enter Enter,none | dialog:Delete this task? | @dialog:Delete this task?A run s,0,0,Enter>button:Delete task[none|f=button:Delete task|h=None]@17 ; Enter>dialog:Delete this task?A run s[dialog:Delete this task?|f=dialog:Delete this task?A run s|h=None]@525.6
chromium-dark-desktop › orbit-popconfirm pop-enter-enter paced sample 3,orbit-popconfirm,popconfirm,pop-enter-enter,pop-enter,paced,3,Enter Enter,none | dialog:Delete this task? | @dialog:Delete this task?A run s,0,0,Enter>button:Delete task[none|f=button:Delete task|h=None]@15.5 ; Enter>dialog:Delete this task?A run s[dialog:Delete this task?|f=dialog:Delete this task?A run s|h=None]@382.1
chromium-dark-desktop › orbit-popconfirm pop-enter-enter paced sample 4,orbit-popconfirm,popconfirm,pop-enter-enter,pop-enter,paced,4,Enter Enter,none | dialog:Delete this task? | @dialog:Delete this task?A run s,0,0,Enter>button:Delete task[none|f=button:Delete task|h=None]@24.3 ; Enter>dialog:Delete this task?A run s[dialog:Delete this task?|f=dialog:Delete this task?A run s|h=None]@392.6
chromium-dark-desktop › orbit-popconfirm pop-enter-enter paced sample 5,orbit-popconfirm,popconfirm,pop-enter-enter,pop-enter,paced,5,Enter Enter,none | dialog:Delete this task? | @dialog:Delete this task?A run s,0,0,Enter>button:Delete task[none|f=button:Delete task|h=None]@21.9 ; Enter>dialog:Delete this task?A run s[dialog:Delete this task?|f=dialog:Delete this task?A run s|h=None]@483.6
chromium-dark-desktop › orbit-popconfirm pop-enter-enter paced sample 6,orbit-popconfirm,popconfirm,pop-enter-enter,pop-enter,paced,6,Enter Enter,none | dialog:Delete this task? | @dialog:Delete this task?A run s,0,0,Enter>button:Delete task[none|f=button:Delete task|h=None]@23.1 ; Enter>dialog:Delete this task?A run s[dialog:Delete this task?|f=dialog:Delete this task?A run s|h=None]@412.6
chromium-dark-desktop › orbit-popconfirm pop-enter-enter paced sample 7,orbit-popconfirm,popconfirm,pop-enter-enter,pop-enter,paced,7,Enter Enter,none | dialog:Delete this task? | @dialog:Delete this task?A run s,0,0,Enter>button:Delete task[none|f=button:Delete task|h=None]@23.5 ; Enter>dialog:Delete this task?A run s[dialog:Delete this task?|f=dialog:Delete this task?A run s|h=None]@417.7
chromium-dark-desktop › orbit-popconfirm pop-enter-enter paced sample 8,orbit-popconfirm,popconfirm,pop-enter-enter,pop-enter,paced,8,Enter Enter,none | dialog:Delete this task? | @dialog:Delete this task?A run s,0,0,Enter>button:Delete task[none|f=button:Delete task|h=None]@29.8 ; Enter>dialog:Delete this task?A run s[dialog:Delete this task?|f=dialog:Delete this task?A run s|h=None]@736.3
chromium-dark-desktop › orbit-popconfirm pop-enter-enter paced sample 9,orbit-popconfirm,popconfirm,pop-enter-enter,pop-enter,paced,9,Enter Enter,none | dialog:Delete this task? | @dialog:Delete this task?A run s,0,0,Enter>button:Delete task[none|f=button:Delete task|h=None]@22.9 ; Enter>dialog:Delete this task?A run s[dialog:Delete this task?|f=dialog:Delete this task?A run s|h=None]@455
chromium-dark-desktop › orbit-popconfirm pop-enter-enter paced sample 10,orbit-popconfirm,popconfirm,pop-enter-enter,pop-enter,paced,10,Enter Enter,none | dialog:Delete this task? | @dialog:Delete this task?A run s,0,0,Enter>button:Delete task[none|f=button:Delete task|h=None]@41.7 ; Enter>dialog:Delete this task?A run s[dialog:Delete this task?|f=dialog:Delete this task?A run s|h=None]@436.4
chromium-dark-desktop › orbit-popconfirm pop-enter-enter paced sample 11,orbit-popconfirm,popconfirm,pop-enter-enter,pop-enter,paced,11,Enter Enter,none | dialog:Delete this task? | @dialog:Delete this task?A run s,0,0,Enter>button:Delete task[none|f=button:Delete task|h=None]@52.3 ; Enter>dialog:Delete this task?A run s[dialog:Delete this task?|f=dialog:Delete this task?A run s|h=None]@449.2
chromium-dark-desktop › orbit-popconfirm pop-enter-enter paced sample 12,orbit-popconfirm,popconfirm,pop-enter-enter,pop-enter,paced,12,Enter Enter,none | dialog:Delete this task? | @dialog:Delete this task?A run s,0,0,Enter>button:Delete task[none|f=button:Delete task|h=None]@44 ; Enter>dialog:Delete this task?A run s[dialog:Delete this task?|f=dialog:Delete this task?A run s|h=None]@403.9
chromium-dark-desktop › orbit-popconfirm pop-enter-enter paced sample 13,orbit-popconfirm,popconfirm,pop-enter-enter,pop-enter,paced,13,Enter Enter,none | dialog:Delete this task? | @dialog:Delete this task?A run s,0,0,Enter>button:Delete task[none|f=button:Delete task|h=None]@37.2 ; Enter>dialog:Delete this task?A run s[dialog:Delete this task?|f=dialog:Delete this task?A run s|h=None]@406.3
chromium-dark-desktop › orbit-popconfirm pop-enter-enter paced sample 14,orbit-popconfirm,popconfirm,pop-enter-enter,pop-enter,paced,14,Enter Enter,none | dialog:Delete this task? | @dialog:Delete this task?A run s,0,0,Enter>button:Delete task[none|f=button:Delete task|h=None]@19.3 ; Enter>dialog:Delete this task?A run s[dialog:Delete this task?|f=dialog:Delete this task?A run s|h=None]@428.5
chromium-dark-desktop › orbit-popconfirm pop-enter-enter paced sample 15,orbit-popconfirm,popconfirm,pop-enter-enter,pop-enter,paced,15,Enter Enter,none | dialog:Delete this task? | @dialog:Delete this task?A run s,0,0,Enter>button:Delete task[none|f=button:Delete task|h=None]@12.4 ; Enter>dialog:Delete this task?A run s[dialog:Delete this task?|f=dialog:Delete this task?A run s|h=None]@382.3
chromium-dark-desktop › orbit-popconfirm pop-enter-enter paced sample 16,orbit-popconfirm,popconfirm,pop-enter-enter,pop-enter,paced,16,Enter Enter,none | dialog:Delete this task? | @dialog:Delete this task?A run s,0,0,Enter>button:Delete task[none|f=button:Delete task|h=None]@47.9 ; Enter>dialog:Delete this task?A run s[dialog:Delete this task?|f=dialog:Delete this task?A run s|h=None]@432.9
chromium-dark-desktop › orbit-popconfirm pop-enter-enter paced sample 17,orbit-popconfirm,popconfirm,pop-enter-enter,pop-enter,paced,17,Enter Enter,none | dialog:Delete this task? | @dialog:Delete this task?A run s,0,0,Enter>button:Delete task[none|f=button:Delete task|h=None]@19.1 ; Enter>dialog:Delete this task?A run s[dialog:Delete this task?|f=dialog:Delete this task?A run s|h=None]@394.9
chromium-dark-desktop › orbit-popconfirm pop-enter-enter paced sample 18,orbit-popconfirm,popconfirm,pop-enter-enter,pop-enter,paced,18,Enter Enter,none | dialog:Delete this task? | @dialog:Delete this task?A run s,0,0,Enter>button:Delete task[none|f=button:Delete task|h=None]@30.6 ; Enter>dialog:Delete this task?A run s[dialog:Delete this task?|f=dialog:Delete this task?A run s|h=None]@435.3
chromium-dark-desktop › orbit-popconfirm pop-enter-enter paced sample 19,orbit-popconfirm,popconfirm,pop-enter-enter,pop-enter,paced,19,Enter Enter,none | dialog:Delete this task? | @dialog:Delete this task?A run s,0,0,Enter>button:Delete task[none|f=button:Delete task|h=None]@9.6 ; Enter>dialog:Delete this task?A run s[dialog:Delete this task?|f=dialog:Delete this task?A run s|h=None]@419.7
chromium-dark-desktop › antd-popconfirm pop-enter-enter burst sample 0,antd-popconfirm,popconfirm,pop-enter-enter,pop-enter,burst,0,Enter Enter,none | none | @button:Delete task,1,0,Enter>button:Delete task[none|f=button:Delete task|h=None]@53.2 ; Enter>button:Delete task[tooltip:Delete this task?A r|f=button:Delete task|h=None]@107
chromium-dark-desktop › antd-popconfirm pop-enter-enter burst sample 1,antd-popconfirm,popconfirm,pop-enter-enter,pop-enter,burst,1,Enter Enter,none | none | @button:Delete task,1,0,Enter>button:Delete task[none|f=button:Delete task|h=None]@11.1 ; Enter>button:Delete task[tooltip:Delete this task?A r|f=button:Delete task|h=None]@66.2
chromium-dark-desktop › antd-popconfirm pop-enter-enter burst sample 2,antd-popconfirm,popconfirm,pop-enter-enter,pop-enter,burst,2,Enter Enter,none | none | @button:Delete task,1,0,Enter>button:Delete task[none|f=button:Delete task|h=None]@14.3 ; Enter>button:Delete task[tooltip:Delete this task?A r|f=button:Delete task|h=None]@81
chromium-dark-desktop › antd-popconfirm pop-enter-enter burst sample 3,antd-popconfirm,popconfirm,pop-enter-enter,pop-enter,burst,3,Enter Enter,none | none | @button:Delete task,1,0,Enter>button:Delete task[none|f=button:Delete task|h=None]@23.2 ; Enter>button:Delete task[tooltip:Delete this task?A r|f=button:Delete task|h=None]@118.9
chromium-dark-desktop › antd-popconfirm pop-enter-enter burst sample 4,antd-popconfirm,popconfirm,pop-enter-enter,pop-enter,burst,4,Enter Enter,none | none | @button:Delete task,1,0,Enter>button:Delete task[none|f=button:Delete task|h=None]@27 ; Enter>button:Delete task[tooltip:Delete this task?A r|f=button:Delete task|h=None]@81.6
chromium-dark-desktop › antd-popconfirm pop-enter-enter burst sample 5,antd-popconfirm,popconfirm,pop-enter-enter,pop-enter,burst,5,Enter Enter,none | none | @button:Delete task,1,0,Enter>button:Delete task[none|f=button:Delete task|h=None]@19.9 ; Enter>button:Delete task[tooltip:Delete this task?A r|f=button:Delete task|h=None]@70.6
chromium-dark-desktop › antd-popconfirm pop-enter-enter burst sample 6,antd-popconfirm,popconfirm,pop-enter-enter,pop-enter,burst,6,Enter Enter,none | none | @button:Delete task,1,0,Enter>button:Delete task[none|f=button:Delete task|h=None]@27.1 ; Enter>button:Delete task[tooltip:Delete this task?A r|f=button:Delete task|h=None]@83
chromium-dark-desktop › antd-popconfirm pop-enter-enter burst sample 7,antd-popconfirm,popconfirm,pop-enter-enter,pop-enter,burst,7,Enter Enter,none | none | @button:Delete task,1,0,Enter>button:Delete task[none|f=button:Delete task|h=None]@20.2 ; Enter>button:Delete task[tooltip:Delete this task?A r|f=button:Delete task|h=None]@56.1
chromium-dark-desktop › antd-popconfirm pop-enter-enter burst sample 8,antd-popconfirm,popconfirm,pop-enter-enter,pop-enter,burst,8,Enter Enter,none | none | @button:Delete task,1,0,Enter>button:Delete task[none|f=button:Delete task|h=None]@23.6 ; Enter>button:Delete task[tooltip:Delete this task?A r|f=button:Delete task|h=None]@55.6
chromium-dark-desktop › antd-popconfirm pop-enter-enter burst sample 9,antd-popconfirm,popconfirm,pop-enter-enter,pop-enter,burst,9,Enter Enter,none | none | @button:Delete task,1,0,Enter>button:Delete task[none|f=button:Delete task|h=None]@28 ; Enter>button:Delete task[tooltip:Delete this task?A r|f=button:Delete task|h=None]@66
chromium-dark-desktop › antd-popconfirm pop-enter-enter burst sample 10,antd-popconfirm,popconfirm,pop-enter-enter,pop-enter,burst,10,Enter Enter,none | none | @button:Delete task,1,0,Enter>button:Delete task[none|f=button:Delete task|h=None]@19.4 ; Enter>button:Delete task[tooltip:Delete this task?A r|f=button:Delete task|h=None]@50.1
chromium-dark-desktop › antd-popconfirm pop-enter-enter burst sample 11,antd-popconfirm,popconfirm,pop-enter-enter,pop-enter,burst,11,Enter Enter,none | none | @button:Delete task,1,0,Enter>button:Delete task[none|f=button:Delete task|h=None]@31.3 ; Enter>button:Delete task[tooltip:Delete this task?A r|f=button:Delete task|h=None]@62.8
chromium-dark-desktop › antd-popconfirm pop-enter-enter burst sample 12,antd-popconfirm,popconfirm,pop-enter-enter,pop-enter,burst,12,Enter Enter,none | none | @button:Delete task,1,0,Enter>button:Delete task[none|f=button:Delete task|h=None]@15.5 ; Enter>button:Delete task[tooltip:Delete this task?A r|f=button:Delete task|h=None]@47.5
chromium-dark-desktop › antd-popconfirm pop-enter-enter burst sample 13,antd-popconfirm,popconfirm,pop-enter-enter,pop-enter,burst,13,Enter Enter,none | none | @button:Delete task,1,0,Enter>button:Delete task[none|f=button:Delete task|h=None]@29.3 ; Enter>button:Delete task[tooltip:Delete this task?A r|f=button:Delete task|h=None]@62.8
chromium-dark-desktop › antd-popconfirm pop-enter-enter burst sample 14,antd-popconfirm,popconfirm,pop-enter-enter,pop-enter,burst,14,Enter Enter,none | none | @button:Delete task,1,0,Enter>button:Delete task[none|f=button:Delete task|h=None]@29.5 ; Enter>button:Delete task[tooltip:Delete this task?A r|f=button:Delete task|h=None]@62.4
chromium-dark-desktop › antd-popconfirm pop-enter-enter burst sample 15,antd-popconfirm,popconfirm,pop-enter-enter,pop-enter,burst,15,Enter Enter,none | none | @button:Delete task,1,0,Enter>button:Delete task[none|f=button:Delete task|h=None]@30.1 ; Enter>button:Delete task[tooltip:Delete this task?A r|f=button:Delete task|h=None]@61.6
chromium-dark-desktop › antd-popconfirm pop-enter-enter burst sample 16,antd-popconfirm,popconfirm,pop-enter-enter,pop-enter,burst,16,Enter Enter,none | none | @button:Delete task,1,0,Enter>button:Delete task[none|f=button:Delete task|h=None]@20.2 ; Enter>button:Delete task[tooltip:Delete this task?A r|f=button:Delete task|h=None]@51.9
chromium-dark-desktop › antd-popconfirm pop-enter-enter burst sample 17,antd-popconfirm,popconfirm,pop-enter-enter,pop-enter,burst,17,Enter Enter,none | none | @button:Delete task,1,0,Enter>button:Delete task[none|f=button:Delete task|h=None]@31.6 ; Enter>button:Delete task[tooltip:Delete this task?A r|f=button:Delete task|h=None]@63.5
chromium-dark-desktop › antd-popconfirm pop-enter-enter burst sample 18,antd-popconfirm,popconfirm,pop-enter-enter,pop-enter,burst,18,Enter Enter,none | none | @button:Delete task,1,0,Enter>button:Delete task[none|f=button:Delete task|h=None]@25.2 ; Enter>button:Delete task[tooltip:Delete this task?A r|f=button:Delete task|h=None]@58.8
chromium-dark-desktop › antd-popconfirm pop-enter-enter burst sample 19,antd-popconfirm,popconfirm,pop-enter-enter,pop-enter,burst,19,Enter Enter,none | none | @button:Delete task,1,0,Enter>button:Delete task[none|f=button:Delete task|h=None]@24.5 ; Enter>button:Delete task[tooltip:Delete this task?A r|f=button:Delete task|h=None]@55.7
chromium-dark-desktop › antd-popconfirm pop-enter-enter paced sample 0,antd-popconfirm,popconfirm,pop-enter-enter,pop-enter,paced,0,Enter Enter,none | none | @button:Delete task,1,0,Enter>button:Delete task[none|f=button:Delete task|h=None]@22.1 ; Enter>button:Delete task[tooltip:Delete this task?A r|f=button:Delete task|h=None]@361.7
chromium-dark-desktop › antd-popconfirm pop-enter-enter paced sample 1,antd-popconfirm,popconfirm,pop-enter-enter,pop-enter,paced,1,Enter Enter,none | none | @button:Delete task,1,0,Enter>button:Delete task[none|f=button:Delete task|h=None]@25 ; Enter>button:Delete task[tooltip:Delete this task?A r|f=button:Delete task|h=None]@370.1
chromium-dark-desktop › antd-popconfirm pop-enter-enter paced sample 2,antd-popconfirm,popconfirm,pop-enter-enter,pop-enter,paced,2,Enter Enter,none | none | @button:Delete task,1,0,Enter>button:Delete task[none|f=button:Delete task|h=None]@17.9 ; Enter>button:Delete task[tooltip:Delete this task?A r|f=button:Delete task|h=None]@354.7
chromium-dark-desktop › antd-popconfirm pop-enter-enter paced sample 3,antd-popconfirm,popconfirm,pop-enter-enter,pop-enter,paced,3,Enter Enter,none | none | @button:Delete task,1,0,Enter>button:Delete task[none|f=button:Delete task|h=None]@21.5 ; Enter>button:Delete task[tooltip:Delete this task?A r|f=button:Delete task|h=None]@363.4
chromium-dark-desktop › antd-popconfirm pop-enter-enter paced sample 4,antd-popconfirm,popconfirm,pop-enter-enter,pop-enter,paced,4,Enter Enter,none | none | @button:Delete task,1,0,Enter>button:Delete task[none|f=button:Delete task|h=None]@23.5 ; Enter>button:Delete task[tooltip:Delete this task?A r|f=button:Delete task|h=None]@363.8
chromium-dark-desktop › antd-popconfirm pop-enter-enter paced sample 5,antd-popconfirm,popconfirm,pop-enter-enter,pop-enter,paced,5,Enter Enter,none | none | @button:Delete task,1,0,Enter>button:Delete task[none|f=button:Delete task|h=None]@21 ; Enter>button:Delete task[tooltip:Delete this task?A r|f=button:Delete task|h=None]@359.6
chromium-dark-desktop › antd-popconfirm pop-enter-enter paced sample 6,antd-popconfirm,popconfirm,pop-enter-enter,pop-enter,paced,6,Enter Enter,none | none | @button:Delete task,1,0,Enter>button:Delete task[none|f=button:Delete task|h=None]@33.7 ; Enter>button:Delete task[tooltip:Delete this task?A r|f=button:Delete task|h=None]@379.1
chromium-dark-desktop › antd-popconfirm pop-enter-enter paced sample 7,antd-popconfirm,popconfirm,pop-enter-enter,pop-enter,paced,7,Enter Enter,none | none | @button:Delete task,1,0,Enter>button:Delete task[none|f=button:Delete task|h=None]@26.9 ; Enter>button:Delete task[tooltip:Delete this task?A r|f=button:Delete task|h=None]@366.7
chromium-dark-desktop › antd-popconfirm pop-enter-enter paced sample 8,antd-popconfirm,popconfirm,pop-enter-enter,pop-enter,paced,8,Enter Enter,none | none | @button:Delete task,1,0,Enter>button:Delete task[none|f=button:Delete task|h=None]@25.8 ; Enter>button:Delete task[tooltip:Delete this task?A r|f=button:Delete task|h=None]@369.4
chromium-dark-desktop › antd-popconfirm pop-enter-enter paced sample 9,antd-popconfirm,popconfirm,pop-enter-enter,pop-enter,paced,9,Enter Enter,none | none | @button:Delete task,1,0,Enter>button:Delete task[none|f=button:Delete task|h=None]@20.9 ; Enter>button:Delete task[tooltip:Delete this task?A r|f=button:Delete task|h=None]@359
chromium-dark-desktop › antd-popconfirm pop-enter-enter paced sample 10,antd-popconfirm,popconfirm,pop-enter-enter,pop-enter,paced,10,Enter Enter,none | none | @button:Delete task,1,0,Enter>button:Delete task[none|f=button:Delete task|h=None]@23.4 ; Enter>button:Delete task[tooltip:Delete this task?A r|f=button:Delete task|h=None]@365
chromium-dark-desktop › antd-popconfirm pop-enter-enter paced sample 11,antd-popconfirm,popconfirm,pop-enter-enter,pop-enter,paced,11,Enter Enter,none | none | @button:Delete task,1,0,Enter>button:Delete task[none|f=button:Delete task|h=None]@28.1 ; Enter>button:Delete task[tooltip:Delete this task?A r|f=button:Delete task|h=None]@367
chromium-dark-desktop › antd-popconfirm pop-enter-enter paced sample 12,antd-popconfirm,popconfirm,pop-enter-enter,pop-enter,paced,12,Enter Enter,none | none | @button:Delete task,1,0,Enter>button:Delete task[none|f=button:Delete task|h=None]@23 ; Enter>button:Delete task[tooltip:Delete this task?A r|f=button:Delete task|h=None]@364.3
chromium-dark-desktop › antd-popconfirm pop-enter-enter paced sample 13,antd-popconfirm,popconfirm,pop-enter-enter,pop-enter,paced,13,Enter Enter,none | none | @button:Delete task,1,0,Enter>button:Delete task[none|f=button:Delete task|h=None]@29.5 ; Enter>button:Delete task[tooltip:Delete this task?A r|f=button:Delete task|h=None]@381
chromium-dark-desktop › antd-popconfirm pop-enter-enter paced sample 14,antd-popconfirm,popconfirm,pop-enter-enter,pop-enter,paced,14,Enter Enter,none | none | @button:Delete task,1,0,Enter>button:Delete task[none|f=button:Delete task|h=None]@25.4 ; Enter>button:Delete task[tooltip:Delete this task?A r|f=button:Delete task|h=None]@373.9
chromium-dark-desktop › antd-popconfirm pop-enter-enter paced sample 15,antd-popconfirm,popconfirm,pop-enter-enter,pop-enter,paced,15,Enter Enter,none | none | @button:Delete task,1,0,Enter>button:Delete task[none|f=button:Delete task|h=None]@27.1 ; Enter>button:Delete task[tooltip:Delete this task?A r|f=button:Delete task|h=None]@368
chromium-dark-desktop › antd-popconfirm pop-enter-enter paced sample 16,antd-popconfirm,popconfirm,pop-enter-enter,pop-enter,paced,16,Enter Enter,none | none | @button:Delete task,1,0,Enter>button:Delete task[none|f=button:Delete task|h=None]@32.7 ; Enter>button:Delete task[tooltip:Delete this task?A r|f=button:Delete task|h=None]@375.7
chromium-dark-desktop › antd-popconfirm pop-enter-enter paced sample 17,antd-popconfirm,popconfirm,pop-enter-enter,pop-enter,paced,17,Enter Enter,none | none | @button:Delete task,1,0,Enter>button:Delete task[none|f=button:Delete task|h=None]@27.7 ; Enter>button:Delete task[tooltip:Delete this task?A r|f=button:Delete task|h=None]@366.5
chromium-dark-desktop › antd-popconfirm pop-enter-enter paced sample 18,antd-popconfirm,popconfirm,pop-enter-enter,pop-enter,paced,18,Enter Enter,none | none | @button:Delete task,1,0,Enter>button:Delete task[none|f=button:Delete task|h=None]@19.2 ; Enter>button:Delete task[tooltip:Delete this task?A r|f=button:Delete task|h=None]@360.9
chromium-dark-desktop › antd-popconfirm pop-enter-enter paced sample 19,antd-popconfirm,popconfirm,pop-enter-enter,pop-enter,paced,19,Enter Enter,none | none | @button:Delete task,1,0,Enter>button:Delete task[none|f=button:Delete task|h=None]@33 ; Enter>button:Delete task[tooltip:Delete this task?A r|f=button:Delete task|h=None]@371.2
chromium-dark-desktop › orbit-popconfirm pop-enter-space burst sample 0,orbit-popconfirm,popconfirm,pop-enter-space,pop-enter,burst,0,Enter Space,none | none | @button:Delete task,1,0,Enter>button:Delete task[none|f=button:Delete task|h=None]@28.6 ; Space>button:Delete task[dialog:Delete this task?|f=button:Delete task|h=None]@56.5
chromium-dark-desktop › orbit-popconfirm pop-enter-space burst sample 1,orbit-popconfirm,popconfirm,pop-enter-space,pop-enter,burst,1,Enter Space,none | none | @button:Delete task,1,0,Enter>button:Delete task[none|f=button:Delete task|h=None]@34.8 ; Space>button:Delete task[dialog:Delete this task?|f=button:Delete task|h=None]@65
chromium-dark-desktop › orbit-popconfirm pop-enter-space burst sample 2,orbit-popconfirm,popconfirm,pop-enter-space,pop-enter,burst,2,Enter Space,none | none | @button:Delete task,1,0,Enter>button:Delete task[none|f=button:Delete task|h=None]@25.7 ; Space>button:Delete task[dialog:Delete this task?|f=button:Delete task|h=None]@54.6
chromium-dark-desktop › orbit-popconfirm pop-enter-space burst sample 3,orbit-popconfirm,popconfirm,pop-enter-space,pop-enter,burst,3,Enter Space,none | none | @button:Delete task,1,0,Enter>button:Delete task[none|f=button:Delete task|h=None]@19.9 ; Space>button:Delete task[dialog:Delete this task?|f=button:Delete task|h=None]@47.1
chromium-dark-desktop › orbit-popconfirm pop-enter-space burst sample 4,orbit-popconfirm,popconfirm,pop-enter-space,pop-enter,burst,4,Enter Space,none | none | @button:Delete task,1,0,Enter>button:Delete task[none|f=button:Delete task|h=None]@21.7 ; Space>button:Delete task[dialog:Delete this task?|f=button:Delete task|h=None]@49.2
chromium-dark-desktop › orbit-popconfirm pop-enter-space burst sample 5,orbit-popconfirm,popconfirm,pop-enter-space,pop-enter,burst,5,Enter Space,none | none | @button:Delete task,1,0,Enter>button:Delete task[none|f=button:Delete task|h=None]@19.3 ; Space>button:Delete task[dialog:Delete this task?|f=button:Delete task|h=None]@52.2
chromium-dark-desktop › orbit-popconfirm pop-enter-space burst sample 6,orbit-popconfirm,popconfirm,pop-enter-space,pop-enter,burst,6,Enter Space,none | none | @button:Delete task,1,0,Enter>button:Delete task[none|f=button:Delete task|h=None]@20.9 ; Space>button:Delete task[dialog:Delete this task?|f=button:Delete task|h=None]@49.2
chromium-dark-desktop › orbit-popconfirm pop-enter-space burst sample 7,orbit-popconfirm,popconfirm,pop-enter-space,pop-enter,burst,7,Enter Space,none | none | @button:Delete task,1,0,Enter>button:Delete task[none|f=button:Delete task|h=None]@23.4 ; Space>button:Delete task[dialog:Delete this task?|f=button:Delete task|h=None]@54.5
chromium-dark-desktop › orbit-popconfirm pop-enter-space burst sample 8,orbit-popconfirm,popconfirm,pop-enter-space,pop-enter,burst,8,Enter Space,none | none | @button:Delete task,1,0,Enter>button:Delete task[none|f=button:Delete task|h=None]@19.5 ; Space>button:Delete task[dialog:Delete this task?|f=button:Delete task|h=None]@47.4
chromium-dark-desktop › orbit-popconfirm pop-enter-space burst sample 9,orbit-popconfirm,popconfirm,pop-enter-space,pop-enter,burst,9,Enter Space,none | none | @button:Delete task,1,0,Enter>button:Delete task[none|f=button:Delete task|h=None]@33.7 ; Space>button:Delete task[dialog:Delete this task?|f=button:Delete task|h=None]@62
chromium-dark-desktop › orbit-popconfirm pop-enter-space burst sample 10,orbit-popconfirm,popconfirm,pop-enter-space,pop-enter,burst,10,Enter Space,none | none | @button:Delete task,1,0,Enter>button:Delete task[none|f=button:Delete task|h=None]@22.1 ; Space>button:Delete task[dialog:Delete this task?|f=button:Delete task|h=None]@49.4
chromium-dark-desktop › orbit-popconfirm pop-enter-space burst sample 11,orbit-popconfirm,popconfirm,pop-enter-space,pop-enter,burst,11,Enter Space,none | none | @button:Delete task,1,0,Enter>button:Delete task[none|f=button:Delete task|h=None]@21 ; Space>button:Delete task[dialog:Delete this task?|f=button:Delete task|h=None]@48.8
chromium-dark-desktop › orbit-popconfirm pop-enter-space burst sample 12,orbit-popconfirm,popconfirm,pop-enter-space,pop-enter,burst,12,Enter Space,none | none | @button:Delete task,1,0,Enter>button:Delete task[none|f=button:Delete task|h=None]@29.1 ; Space>button:Delete task[dialog:Delete this task?|f=button:Delete task|h=None]@66.2
chromium-dark-desktop › orbit-popconfirm pop-enter-space burst sample 13,orbit-popconfirm,popconfirm,pop-enter-space,pop-enter,burst,13,Enter Space,none | none | @button:Delete task,1,0,Enter>button:Delete task[none|f=button:Delete task|h=None]@32.8 ; Space>button:Delete task[dialog:Delete this task?|f=button:Delete task|h=None]@59
chromium-dark-desktop › orbit-popconfirm pop-enter-space burst sample 14,orbit-popconfirm,popconfirm,pop-enter-space,pop-enter,burst,14,Enter Space,none | none | @button:Delete task,1,0,Enter>button:Delete task[none|f=button:Delete task|h=None]@25.3 ; Space>button:Delete task[dialog:Delete this task?|f=button:Delete task|h=None]@52.4
chromium-dark-desktop › orbit-popconfirm pop-enter-space burst sample 15,orbit-popconfirm,popconfirm,pop-enter-space,pop-enter,burst,15,Enter Space,none | none | @button:Delete task,1,0,Enter>button:Delete task[none|f=button:Delete task|h=None]@24.5 ; Space>button:Delete task[dialog:Delete this task?|f=button:Delete task|h=None]@52.1
chromium-dark-desktop › orbit-popconfirm pop-enter-space burst sample 16,orbit-popconfirm,popconfirm,pop-enter-space,pop-enter,burst,16,Enter Space,none | none | @button:Delete task,1,0,Enter>button:Delete task[none|f=button:Delete task|h=None]@20.8 ; Space>button:Delete task[dialog:Delete this task?|f=button:Delete task|h=None]@52.4
chromium-dark-desktop › orbit-popconfirm pop-enter-space burst sample 17,orbit-popconfirm,popconfirm,pop-enter-space,pop-enter,burst,17,Enter Space,none | none | @button:Delete task,1,0,Enter>button:Delete task[none|f=button:Delete task|h=None]@44 ; Space>button:Delete task[dialog:Delete this task?|f=button:Delete task|h=None]@96.5
chromium-dark-desktop › orbit-popconfirm pop-enter-space burst sample 18,orbit-popconfirm,popconfirm,pop-enter-space,pop-enter,burst,18,Enter Space,none | none | @button:Delete task,1,0,Enter>button:Delete task[none|f=button:Delete task|h=None]@26.7 ; Space>button:Delete task[dialog:Delete this task?|f=button:Delete task|h=None]@55.2
chromium-dark-desktop › orbit-popconfirm pop-enter-space burst sample 19,orbit-popconfirm,popconfirm,pop-enter-space,pop-enter,burst,19,Enter Space,none | none | @button:Delete task,1,0,Enter>button:Delete task[none|f=button:Delete task|h=None]@34.6 ; Space>button:Delete task[dialog:Delete this task?|f=button:Delete task|h=None]@63.6
chromium-dark-desktop › orbit-popconfirm pop-enter-space paced sample 0,orbit-popconfirm,popconfirm,pop-enter-space,pop-enter,paced,0,Enter Space,none | dialog:Delete this task? | @dialog:Delete this task?A run s,0,0,Enter>button:Delete task[none|f=button:Delete task|h=None]@35.3 ; Space>dialog:Delete this task?A run s[dialog:Delete this task?|f=dialog:Delete this task?A run s|h=None]@385.5
chromium-dark-desktop › orbit-popconfirm pop-enter-space paced sample 1,orbit-popconfirm,popconfirm,pop-enter-space,pop-enter,paced,1,Enter Space,none | dialog:Delete this task? | @dialog:Delete this task?A run s,0,0,Enter>button:Delete task[none|f=button:Delete task|h=None]@18.4 ; Space>dialog:Delete this task?A run s[dialog:Delete this task?|f=dialog:Delete this task?A run s|h=None]@345.7
chromium-dark-desktop › orbit-popconfirm pop-enter-space paced sample 2,orbit-popconfirm,popconfirm,pop-enter-space,pop-enter,paced,2,Enter Space,none | dialog:Delete this task? | @dialog:Delete this task?A run s,0,0,Enter>button:Delete task[none|f=button:Delete task|h=None]@37.8 ; Space>dialog:Delete this task?A run s[dialog:Delete this task?|f=dialog:Delete this task?A run s|h=None]@381.6
chromium-dark-desktop › orbit-popconfirm pop-enter-space paced sample 3,orbit-popconfirm,popconfirm,pop-enter-space,pop-enter,paced,3,Enter Space,none | dialog:Delete this task? | @dialog:Delete this task?A run s,0,0,Enter>button:Delete task[none|f=button:Delete task|h=None]@25.4 ; Space>dialog:Delete this task?A run s[dialog:Delete this task?|f=dialog:Delete this task?A run s|h=None]@357.8
chromium-dark-desktop › orbit-popconfirm pop-enter-space paced sample 4,orbit-popconfirm,popconfirm,pop-enter-space,pop-enter,paced,4,Enter Space,none | dialog:Delete this task? | @dialog:Delete this task?A run s,0,0,Enter>button:Delete task[none|f=button:Delete task|h=None]@29.8 ; Space>dialog:Delete this task?A run s[dialog:Delete this task?|f=dialog:Delete this task?A run s|h=None]@356.1
chromium-dark-desktop › orbit-popconfirm pop-enter-space paced sample 5,orbit-popconfirm,popconfirm,pop-enter-space,pop-enter,paced,5,Enter Space,none | dialog:Delete this task? | @dialog:Delete this task?A run s,0,0,Enter>button:Delete task[none|f=button:Delete task|h=None]@16.7 ; Space>dialog:Delete this task?A run s[dialog:Delete this task?|f=dialog:Delete this task?A run s|h=None]@358.6
chromium-dark-desktop › orbit-popconfirm pop-enter-space paced sample 6,orbit-popconfirm,popconfirm,pop-enter-space,pop-enter,paced,6,Enter Space,none | dialog:Delete this task? | @dialog:Delete this task?A run s,0,0,Enter>button:Delete task[none|f=button:Delete task|h=None]@32 ; Space>dialog:Delete this task?A run s[dialog:Delete this task?|f=dialog:Delete this task?A run s|h=None]@362
chromium-dark-desktop › orbit-popconfirm pop-enter-space paced sample 7,orbit-popconfirm,popconfirm,pop-enter-space,pop-enter,paced,7,Enter Space,none | dialog:Delete this task? | @dialog:Delete this task?A run s,0,0,Enter>button:Delete task[none|f=button:Delete task|h=None]@33 ; Space>dialog:Delete this task?A run s[dialog:Delete this task?|f=dialog:Delete this task?A run s|h=None]@360.7
chromium-dark-desktop › orbit-popconfirm pop-enter-space paced sample 8,orbit-popconfirm,popconfirm,pop-enter-space,pop-enter,paced,8,Enter Space,none | dialog:Delete this task? | @dialog:Delete this task?A run s,0,0,Enter>button:Delete task[none|f=button:Delete task|h=None]@16.9 ; Space>dialog:Delete this task?A run s[dialog:Delete this task?|f=dialog:Delete this task?A run s|h=None]@354.9
chromium-dark-desktop › orbit-popconfirm pop-enter-space paced sample 9,orbit-popconfirm,popconfirm,pop-enter-space,pop-enter,paced,9,Enter Space,none | dialog:Delete this task? | @dialog:Delete this task?A run s,0,0,Enter>button:Delete task[none|f=button:Delete task|h=None]@24.1 ; Space>dialog:Delete this task?A run s[dialog:Delete this task?|f=dialog:Delete this task?A run s|h=None]@363
chromium-dark-desktop › orbit-popconfirm pop-enter-space paced sample 10,orbit-popconfirm,popconfirm,pop-enter-space,pop-enter,paced,10,Enter Space,none | dialog:Delete this task? | @dialog:Delete this task?A run s,0,0,Enter>button:Delete task[none|f=button:Delete task|h=None]@21.7 ; Space>dialog:Delete this task?A run s[dialog:Delete this task?|f=dialog:Delete this task?A run s|h=None]@351.9
chromium-dark-desktop › orbit-popconfirm pop-enter-space paced sample 11,orbit-popconfirm,popconfirm,pop-enter-space,pop-enter,paced,11,Enter Space,none | dialog:Delete this task? | @dialog:Delete this task?A run s,0,0,Enter>button:Delete task[none|f=button:Delete task|h=None]@31.6 ; Space>dialog:Delete this task?A run s[dialog:Delete this task?|f=dialog:Delete this task?A run s|h=None]@362.6
chromium-dark-desktop › orbit-popconfirm pop-enter-space paced sample 12,orbit-popconfirm,popconfirm,pop-enter-space,pop-enter,paced,12,Enter Space,none | dialog:Delete this task? | @dialog:Delete this task?A run s,0,0,Enter>button:Delete task[none|f=button:Delete task|h=None]@31.3 ; Space>dialog:Delete this task?A run s[dialog:Delete this task?|f=dialog:Delete this task?A run s|h=None]@363.7
chromium-dark-desktop › orbit-popconfirm pop-enter-space paced sample 13,orbit-popconfirm,popconfirm,pop-enter-space,pop-enter,paced,13,Enter Space,none | dialog:Delete this task? | @dialog:Delete this task?A run s,0,0,Enter>button:Delete task[none|f=button:Delete task|h=None]@29.1 ; Space>dialog:Delete this task?A run s[dialog:Delete this task?|f=dialog:Delete this task?A run s|h=None]@374.1
chromium-dark-desktop › orbit-popconfirm pop-enter-space paced sample 14,orbit-popconfirm,popconfirm,pop-enter-space,pop-enter,paced,14,Enter Space,none | dialog:Delete this task? | @dialog:Delete this task?A run s,0,0,Enter>button:Delete task[none|f=button:Delete task|h=None]@29.1 ; Space>dialog:Delete this task?A run s[dialog:Delete this task?|f=dialog:Delete this task?A run s|h=None]@365.9
chromium-dark-desktop › orbit-popconfirm pop-enter-space paced sample 15,orbit-popconfirm,popconfirm,pop-enter-space,pop-enter,paced,15,Enter Space,none | dialog:Delete this task? | @dialog:Delete this task?A run s,0,0,Enter>button:Delete task[none|f=button:Delete task|h=None]@25.5 ; Space>dialog:Delete this task?A run s[dialog:Delete this task?|f=dialog:Delete this task?A run s|h=None]@359.6
chromium-dark-desktop › orbit-popconfirm pop-enter-space paced sample 16,orbit-popconfirm,popconfirm,pop-enter-space,pop-enter,paced,16,Enter Space,none | dialog:Delete this task? | @dialog:Delete this task?A run s,0,0,Enter>button:Delete task[none|f=button:Delete task|h=None]@17.2 ; Space>dialog:Delete this task?A run s[dialog:Delete this task?|f=dialog:Delete this task?A run s|h=None]@351.7
chromium-dark-desktop › orbit-popconfirm pop-enter-space paced sample 17,orbit-popconfirm,popconfirm,pop-enter-space,pop-enter,paced,17,Enter Space,none | dialog:Delete this task? | @dialog:Delete this task?A run s,0,0,Enter>button:Delete task[none|f=button:Delete task|h=None]@27.1 ; Space>dialog:Delete this task?A run s[dialog:Delete this task?|f=dialog:Delete this task?A run s|h=None]@368.7
chromium-dark-desktop › orbit-popconfirm pop-enter-space paced sample 18,orbit-popconfirm,popconfirm,pop-enter-space,pop-enter,paced,18,Enter Space,none | dialog:Delete this task? | @dialog:Delete this task?A run s,0,0,Enter>button:Delete task[none|f=button:Delete task|h=None]@20.3 ; Space>dialog:Delete this task?A run s[dialog:Delete this task?|f=dialog:Delete this task?A run s|h=None]@359.1
chromium-dark-desktop › orbit-popconfirm pop-enter-space paced sample 19,orbit-popconfirm,popconfirm,pop-enter-space,pop-enter,paced,19,Enter Space,none | dialog:Delete this task? | @dialog:Delete this task?A run s,0,0,Enter>button:Delete task[none|f=button:Delete task|h=None]@16.1 ; Space>dialog:Delete this task?A run s[dialog:Delete this task?|f=dialog:Delete this task?A run s|h=None]@354.6
chromium-dark-desktop › antd-popconfirm pop-enter-space burst sample 0,antd-popconfirm,popconfirm,pop-enter-space,pop-enter,burst,0,Enter Space,none | none | @button:Delete task,1,0,Enter>button:Delete task[none|f=button:Delete task|h=None]@31.5 ; Space>button:Delete task[tooltip:Delete this task?A r|f=button:Delete task|h=None]@65.9
chromium-dark-desktop › antd-popconfirm pop-enter-space burst sample 1,antd-popconfirm,popconfirm,pop-enter-space,pop-enter,burst,1,Enter Space,none | none | @button:Delete task,1,0,Enter>button:Delete task[none|f=button:Delete task|h=None]@18.8 ; Space>button:Delete task[tooltip:Delete this task?A r|f=button:Delete task|h=None]@51.4
chromium-dark-desktop › antd-popconfirm pop-enter-space burst sample 2,antd-popconfirm,popconfirm,pop-enter-space,pop-enter,burst,2,Enter Space,none | none | @button:Delete task,1,0,Enter>button:Delete task[none|f=button:Delete task|h=None]@22.8 ; Space>button:Delete task[tooltip:Delete this task?A r|f=button:Delete task|h=None]@56.3
chromium-dark-desktop › antd-popconfirm pop-enter-space burst sample 3,antd-popconfirm,popconfirm,pop-enter-space,pop-enter,burst,3,Enter Space,none | none | @button:Delete task,1,0,Enter>button:Delete task[none|f=button:Delete task|h=None]@18.4 ; Space>button:Delete task[tooltip:Delete this task?A r|f=button:Delete task|h=None]@49.8
chromium-dark-desktop › antd-popconfirm pop-enter-space burst sample 4,antd-popconfirm,popconfirm,pop-enter-space,pop-enter,burst,4,Enter Space,none | none | @button:Delete task,1,0,Enter>button:Delete task[none|f=button:Delete task|h=None]@19.7 ; Space>button:Delete task[tooltip:Delete this task?A r|f=button:Delete task|h=None]@49.4
chromium-dark-desktop › antd-popconfirm pop-enter-space burst sample 5,antd-popconfirm,popconfirm,pop-enter-space,pop-enter,burst,5,Enter Space,none | none | @button:Delete task,1,0,Enter>button:Delete task[none|f=button:Delete task|h=None]@26.1 ; Space>button:Delete task[tooltip:Delete this task?A r|f=button:Delete task|h=None]@56.9
chromium-dark-desktop › antd-popconfirm pop-enter-space burst sample 6,antd-popconfirm,popconfirm,pop-enter-space,pop-enter,burst,6,Enter Space,none | none | @button:Delete task,1,0,Enter>button:Delete task[none|f=button:Delete task|h=None]@31.5 ; Space>button:Delete task[tooltip:Delete this task?A r|f=button:Delete task|h=None]@61.9
chromium-dark-desktop › antd-popconfirm pop-enter-space burst sample 7,antd-popconfirm,popconfirm,pop-enter-space,pop-enter,burst,7,Enter Space,none | none | @button:Delete task,1,0,Enter>button:Delete task[none|f=button:Delete task|h=None]@30.2 ; Space>button:Delete task[tooltip:Delete this task?A r|f=button:Delete task|h=None]@63.2
chromium-dark-desktop › antd-popconfirm pop-enter-space burst sample 8,antd-popconfirm,popconfirm,pop-enter-space,pop-enter,burst,8,Enter Space,none | none | @button:Delete task,1,0,Enter>button:Delete task[none|f=button:Delete task|h=None]@20.7 ; Space>button:Delete task[tooltip:Delete this task?A r|f=button:Delete task|h=None]@47.1
chromium-dark-desktop › antd-popconfirm pop-enter-space burst sample 9,antd-popconfirm,popconfirm,pop-enter-space,pop-enter,burst,9,Enter Space,none | none | @button:Delete task,1,0,Enter>button:Delete task[none|f=button:Delete task|h=None]@18.5 ; Space>button:Delete task[tooltip:Delete this task?A r|f=button:Delete task|h=None]@44
chromium-dark-desktop › antd-popconfirm pop-enter-space burst sample 10,antd-popconfirm,popconfirm,pop-enter-space,pop-enter,burst,10,Enter Space,none | none | @button:Delete task,1,0,Enter>button:Delete task[none|f=button:Delete task|h=None]@30 ; Space>button:Delete task[tooltip:Delete this task?A r|f=button:Delete task|h=None]@56.1
chromium-dark-desktop › antd-popconfirm pop-enter-space burst sample 11,antd-popconfirm,popconfirm,pop-enter-space,pop-enter,burst,11,Enter Space,none | none | @button:Delete task,1,0,Enter>button:Delete task[none|f=button:Delete task|h=None]@24 ; Space>button:Delete task[tooltip:Delete this task?A r|f=button:Delete task|h=None]@48.6
chromium-dark-desktop › antd-popconfirm pop-enter-space burst sample 12,antd-popconfirm,popconfirm,pop-enter-space,pop-enter,burst,12,Enter Space,none | none | @button:Delete task,1,0,Enter>button:Delete task[none|f=button:Delete task|h=None]@34 ; Space>button:Delete task[tooltip:Delete this task?A r|f=button:Delete task|h=None]@63.5
chromium-dark-desktop › antd-popconfirm pop-enter-space burst sample 13,antd-popconfirm,popconfirm,pop-enter-space,pop-enter,burst,13,Enter Space,none | none | @button:Delete task,1,0,Enter>button:Delete task[none|f=button:Delete task|h=None]@26.2 ; Space>button:Delete task[tooltip:Delete this task?A r|f=button:Delete task|h=None]@53.8
chromium-dark-desktop › antd-popconfirm pop-enter-space burst sample 14,antd-popconfirm,popconfirm,pop-enter-space,pop-enter,burst,14,Enter Space,none | none | @button:Delete task,1,0,Enter>button:Delete task[none|f=button:Delete task|h=None]@32.5 ; Space>button:Delete task[tooltip:Delete this task?A r|f=button:Delete task|h=None]@58.6
chromium-dark-desktop › antd-popconfirm pop-enter-space burst sample 15,antd-popconfirm,popconfirm,pop-enter-space,pop-enter,burst,15,Enter Space,none | none | @button:Delete task,1,0,Enter>button:Delete task[none|f=button:Delete task|h=None]@26 ; Space>button:Delete task[tooltip:Delete this task?A r|f=button:Delete task|h=None]@51.4
chromium-dark-desktop › antd-popconfirm pop-enter-space burst sample 16,antd-popconfirm,popconfirm,pop-enter-space,pop-enter,burst,16,Enter Space,none | none | @button:Delete task,1,0,Enter>button:Delete task[none|f=button:Delete task|h=None]@23.5 ; Space>button:Delete task[tooltip:Delete this task?A r|f=button:Delete task|h=None]@52.8
chromium-dark-desktop › antd-popconfirm pop-enter-space burst sample 17,antd-popconfirm,popconfirm,pop-enter-space,pop-enter,burst,17,Enter Space,none | none | @button:Delete task,1,0,Enter>button:Delete task[none|f=button:Delete task|h=None]@31.9 ; Space>button:Delete task[tooltip:Delete this task?A r|f=button:Delete task|h=None]@65.8
chromium-dark-desktop › antd-popconfirm pop-enter-space burst sample 18,antd-popconfirm,popconfirm,pop-enter-space,pop-enter,burst,18,Enter Space,none | none | @button:Delete task,1,0,Enter>button:Delete task[none|f=button:Delete task|h=None]@30.3 ; Space>button:Delete task[tooltip:Delete this task?A r|f=button:Delete task|h=None]@66.4
chromium-dark-desktop › antd-popconfirm pop-enter-space burst sample 19,antd-popconfirm,popconfirm,pop-enter-space,pop-enter,burst,19,Enter Space,none | none | @button:Delete task,1,0,Enter>button:Delete task[none|f=button:Delete task|h=None]@21.8 ; Space>button:Delete task[tooltip:Delete this task?A r|f=button:Delete task|h=None]@46.5
chromium-dark-desktop › antd-popconfirm pop-enter-space paced sample 0,antd-popconfirm,popconfirm,pop-enter-space,pop-enter,paced,0,Enter Space,none | none | @button:Delete task,1,0,Enter>button:Delete task[none|f=button:Delete task|h=None]@16.8 ; Space>button:Delete task[tooltip:Delete this task?A r|f=button:Delete task|h=None]@349.7
chromium-dark-desktop › antd-popconfirm pop-enter-space paced sample 1,antd-popconfirm,popconfirm,pop-enter-space,pop-enter,paced,1,Enter Space,none | none | @button:Delete task,1,0,Enter>button:Delete task[none|f=button:Delete task|h=None]@28.5 ; Space>button:Delete task[tooltip:Delete this task?A r|f=button:Delete task|h=None]@371.5
chromium-dark-desktop › antd-popconfirm pop-enter-space paced sample 2,antd-popconfirm,popconfirm,pop-enter-space,pop-enter,paced,2,Enter Space,none | none | @button:Delete task,1,0,Enter>button:Delete task[none|f=button:Delete task|h=None]@29.6 ; Space>button:Delete task[tooltip:Delete this task?A r|f=button:Delete task|h=None]@375.9
chromium-dark-desktop › antd-popconfirm pop-enter-space paced sample 3,antd-popconfirm,popconfirm,pop-enter-space,pop-enter,paced,3,Enter Space,none | none | @button:Delete task,1,0,Enter>button:Delete task[none|f=button:Delete task|h=None]@16.6 ; Space>button:Delete task[tooltip:Delete this task?A r|f=button:Delete task|h=None]@347.4
chromium-dark-desktop › antd-popconfirm pop-enter-space paced sample 4,antd-popconfirm,popconfirm,pop-enter-space,pop-enter,paced,4,Enter Space,none | none | @button:Delete task,1,0,Enter>button:Delete task[none|f=button:Delete task|h=None]@21.4 ; Space>button:Delete task[tooltip:Delete this task?A r|f=button:Delete task|h=None]@351
chromium-dark-desktop › antd-popconfirm pop-enter-space paced sample 5,antd-popconfirm,popconfirm,pop-enter-space,pop-enter,paced,5,Enter Space,none | none | @button:Delete task,1,0,Enter>button:Delete task[none|f=button:Delete task|h=None]@23.1 ; Space>button:Delete task[tooltip:Delete this task?A r|f=button:Delete task|h=None]@352.5
chromium-dark-desktop › antd-popconfirm pop-enter-space paced sample 6,antd-popconfirm,popconfirm,pop-enter-space,pop-enter,paced,6,Enter Space,none | none | @button:Delete task,1,0,Enter>button:Delete task[none|f=button:Delete task|h=None]@28.6 ; Space>button:Delete task[tooltip:Delete this task?A r|f=button:Delete task|h=None]@362.4
chromium-dark-desktop › antd-popconfirm pop-enter-space paced sample 7,antd-popconfirm,popconfirm,pop-enter-space,pop-enter,paced,7,Enter Space,none | none | @button:Delete task,1,0,Enter>button:Delete task[none|f=button:Delete task|h=None]@31.7 ; Space>button:Delete task[tooltip:Delete this task?A r|f=button:Delete task|h=None]@362.9
chromium-dark-desktop › antd-popconfirm pop-enter-space paced sample 8,antd-popconfirm,popconfirm,pop-enter-space,pop-enter,paced,8,Enter Space,none | none | @button:Delete task,1,0,Enter>button:Delete task[none|f=button:Delete task|h=None]@24.5 ; Space>button:Delete task[tooltip:Delete this task?A r|f=button:Delete task|h=None]@366.2
chromium-dark-desktop › antd-popconfirm pop-enter-space paced sample 9,antd-popconfirm,popconfirm,pop-enter-space,pop-enter,paced,9,Enter Space,none | none | @button:Delete task,1,0,Enter>button:Delete task[none|f=button:Delete task|h=None]@32.2 ; Space>button:Delete task[tooltip:Delete this task?A r|f=button:Delete task|h=None]@363.1
chromium-dark-desktop › antd-popconfirm pop-enter-space paced sample 10,antd-popconfirm,popconfirm,pop-enter-space,pop-enter,paced,10,Enter Space,none | none | @button:Delete task,1,0,Enter>button:Delete task[none|f=button:Delete task|h=None]@26.9 ; Space>button:Delete task[tooltip:Delete this task?A r|f=button:Delete task|h=None]@355.7
chromium-dark-desktop › antd-popconfirm pop-enter-space paced sample 11,antd-popconfirm,popconfirm,pop-enter-space,pop-enter,paced,11,Enter Space,none | none | @button:Delete task,1,0,Enter>button:Delete task[none|f=button:Delete task|h=None]@29.7 ; Space>button:Delete task[tooltip:Delete this task?A r|f=button:Delete task|h=None]@366.4
chromium-dark-desktop › antd-popconfirm pop-enter-space paced sample 12,antd-popconfirm,popconfirm,pop-enter-space,pop-enter,paced,12,Enter Space,none | none | @button:Delete task,1,0,Enter>button:Delete task[none|f=button:Delete task|h=None]@22.2 ; Space>button:Delete task[tooltip:Delete this task?A r|f=button:Delete task|h=None]@355
chromium-dark-desktop › antd-popconfirm pop-enter-space paced sample 13,antd-popconfirm,popconfirm,pop-enter-space,pop-enter,paced,13,Enter Space,none | none | @button:Delete task,1,0,Enter>button:Delete task[none|f=button:Delete task|h=None]@24.8 ; Space>button:Delete task[tooltip:Delete this task?A r|f=button:Delete task|h=None]@357.2
chromium-dark-desktop › antd-popconfirm pop-enter-space paced sample 14,antd-popconfirm,popconfirm,pop-enter-space,pop-enter,paced,14,Enter Space,none | none | @button:Delete task,1,0,Enter>button:Delete task[none|f=button:Delete task|h=None]@20.1 ; Space>button:Delete task[tooltip:Delete this task?A r|f=button:Delete task|h=None]@360.4
chromium-dark-desktop › antd-popconfirm pop-enter-space paced sample 15,antd-popconfirm,popconfirm,pop-enter-space,pop-enter,paced,15,Enter Space,none | none | @button:Delete task,1,0,Enter>button:Delete task[none|f=button:Delete task|h=None]@33.8 ; Space>button:Delete task[tooltip:Delete this task?A r|f=button:Delete task|h=None]@370.4
chromium-dark-desktop › antd-popconfirm pop-enter-space paced sample 16,antd-popconfirm,popconfirm,pop-enter-space,pop-enter,paced,16,Enter Space,none | none | @button:Delete task,1,0,Enter>button:Delete task[none|f=button:Delete task|h=None]@26 ; Space>button:Delete task[tooltip:Delete this task?A r|f=button:Delete task|h=None]@365.8
chromium-dark-desktop › antd-popconfirm pop-enter-space paced sample 17,antd-popconfirm,popconfirm,pop-enter-space,pop-enter,paced,17,Enter Space,none | none | @button:Delete task,1,0,Enter>button:Delete task[none|f=button:Delete task|h=None]@22.9 ; Space>button:Delete task[tooltip:Delete this task?A r|f=button:Delete task|h=None]@365.4
chromium-dark-desktop › antd-popconfirm pop-enter-space paced sample 18,antd-popconfirm,popconfirm,pop-enter-space,pop-enter,paced,18,Enter Space,none | none | @button:Delete task,1,0,Enter>button:Delete task[none|f=button:Delete task|h=None]@29.1 ; Space>button:Delete task[tooltip:Delete this task?A r|f=button:Delete task|h=None]@372.1
chromium-dark-desktop › antd-popconfirm pop-enter-space paced sample 19,antd-popconfirm,popconfirm,pop-enter-space,pop-enter,paced,19,Enter Space,none | none | @button:Delete task,1,0,Enter>button:Delete task[none|f=button:Delete task|h=None]@23.3 ; Space>button:Delete task[tooltip:Delete this task?A r|f=button:Delete task|h=None]@365.7
chromium-dark-desktop › orbit-popconfirm pop-enter-escape burst sample 0,orbit-popconfirm,popconfirm,pop-enter-escape,pop-enter,burst,0,Enter Escape,none | none | @button:Delete task,1,0,Enter>button:Delete task[none|f=button:Delete task|h=None]@24.2 ; Escape>button:Delete task[dialog:Delete this task?|f=button:Delete task|h=None]@55.7
chromium-dark-desktop › orbit-popconfirm pop-enter-escape burst sample 1,orbit-popconfirm,popconfirm,pop-enter-escape,pop-enter,burst,1,Enter Escape,none | none | @button:Delete task,1,0,Enter>button:Delete task[none|f=button:Delete task|h=None]@28.9 ; Escape>button:Delete task[dialog:Delete this task?|f=button:Delete task|h=None]@69.7
chromium-dark-desktop › orbit-popconfirm pop-enter-escape burst sample 2,orbit-popconfirm,popconfirm,pop-enter-escape,pop-enter,burst,2,Enter Escape,none | none | @button:Delete task,1,0,Enter>button:Delete task[none|f=button:Delete task|h=None]@20 ; Escape>button:Delete task[dialog:Delete this task?|f=button:Delete task|h=None]@54.9
chromium-dark-desktop › orbit-popconfirm pop-enter-escape burst sample 3,orbit-popconfirm,popconfirm,pop-enter-escape,pop-enter,burst,3,Enter Escape,none | none | @button:Delete task,1,0,Enter>button:Delete task[none|f=button:Delete task|h=None]@25.5 ; Escape>button:Delete task[dialog:Delete this task?|f=button:Delete task|h=None]@54.8
chromium-dark-desktop › orbit-popconfirm pop-enter-escape burst sample 4,orbit-popconfirm,popconfirm,pop-enter-escape,pop-enter,burst,4,Enter Escape,none | none | @button:Delete task,1,0,Enter>button:Delete task[none|f=button:Delete task|h=None]@32.2 ; Escape>button:Delete task[dialog:Delete this task?|f=button:Delete task|h=None]@61.9
chromium-dark-desktop › orbit-popconfirm pop-enter-escape burst sample 5,orbit-popconfirm,popconfirm,pop-enter-escape,pop-enter,burst,5,Enter Escape,none | none | @button:Delete task,1,0,Enter>button:Delete task[none|f=button:Delete task|h=None]@33.1 ; Escape>button:Delete task[dialog:Delete this task?|f=button:Delete task|h=None]@63.2
chromium-dark-desktop › orbit-popconfirm pop-enter-escape burst sample 6,orbit-popconfirm,popconfirm,pop-enter-escape,pop-enter,burst,6,Enter Escape,none | none | @button:Delete task,1,0,Enter>button:Delete task[none|f=button:Delete task|h=None]@25.4 ; Escape>button:Delete task[dialog:Delete this task?|f=button:Delete task|h=None]@56.8
chromium-dark-desktop › orbit-popconfirm pop-enter-escape burst sample 7,orbit-popconfirm,popconfirm,pop-enter-escape,pop-enter,burst,7,Enter Escape,none | none | @button:Delete task,1,0,Enter>button:Delete task[none|f=button:Delete task|h=None]@34.9 ; Escape>button:Delete task[dialog:Delete this task?|f=button:Delete task|h=None]@62.1
chromium-dark-desktop › orbit-popconfirm pop-enter-escape burst sample 8,orbit-popconfirm,popconfirm,pop-enter-escape,pop-enter,burst,8,Enter Escape,none | none | @button:Delete task,1,0,Enter>button:Delete task[none|f=button:Delete task|h=None]@33.2 ; Escape>button:Delete task[dialog:Delete this task?|f=button:Delete task|h=None]@62.6
chromium-dark-desktop › orbit-popconfirm pop-enter-escape burst sample 9,orbit-popconfirm,popconfirm,pop-enter-escape,pop-enter,burst,9,Enter Escape,none | none | @button:Delete task,1,0,Enter>button:Delete task[none|f=button:Delete task|h=None]@30 ; Escape>button:Delete task[dialog:Delete this task?|f=button:Delete task|h=None]@63
chromium-dark-desktop › orbit-popconfirm pop-enter-escape burst sample 10,orbit-popconfirm,popconfirm,pop-enter-escape,pop-enter,burst,10,Enter Escape,none | none | @button:Delete task,1,0,Enter>button:Delete task[none|f=button:Delete task|h=None]@26.1 ; Escape>button:Delete task[dialog:Delete this task?|f=button:Delete task|h=None]@56.9
chromium-dark-desktop › orbit-popconfirm pop-enter-escape burst sample 11,orbit-popconfirm,popconfirm,pop-enter-escape,pop-enter,burst,11,Enter Escape,none | none | @button:Delete task,1,0,Enter>button:Delete task[none|f=button:Delete task|h=None]@35 ; Escape>button:Delete task[dialog:Delete this task?|f=button:Delete task|h=None]@63.5
chromium-dark-desktop › orbit-popconfirm pop-enter-escape burst sample 12,orbit-popconfirm,popconfirm,pop-enter-escape,pop-enter,burst,12,Enter Escape,none | none | @button:Delete task,1,0,Enter>button:Delete task[none|f=button:Delete task|h=None]@21.6 ; Escape>button:Delete task[dialog:Delete this task?|f=button:Delete task|h=None]@49.1
chromium-dark-desktop › orbit-popconfirm pop-enter-escape burst sample 13,orbit-popconfirm,popconfirm,pop-enter-escape,pop-enter,burst,13,Enter Escape,none | none | @button:Delete task,1,0,Enter>button:Delete task[none|f=button:Delete task|h=None]@32 ; Escape>button:Delete task[dialog:Delete this task?|f=button:Delete task|h=None]@60.6
chromium-dark-desktop › orbit-popconfirm pop-enter-escape burst sample 14,orbit-popconfirm,popconfirm,pop-enter-escape,pop-enter,burst,14,Enter Escape,none | none | @button:Delete task,1,0,Enter>button:Delete task[none|f=button:Delete task|h=None]@26.4 ; Escape>button:Delete task[dialog:Delete this task?|f=button:Delete task|h=None]@52.2
chromium-dark-desktop › orbit-popconfirm pop-enter-escape burst sample 15,orbit-popconfirm,popconfirm,pop-enter-escape,pop-enter,burst,15,Enter Escape,none | none | @button:Delete task,1,0,Enter>button:Delete task[none|f=button:Delete task|h=None]@26.7 ; Escape>button:Delete task[dialog:Delete this task?|f=button:Delete task|h=None]@50.4
chromium-dark-desktop › orbit-popconfirm pop-enter-escape burst sample 16,orbit-popconfirm,popconfirm,pop-enter-escape,pop-enter,burst,16,Enter Escape,none | none | @button:Delete task,1,0,Enter>button:Delete task[none|f=button:Delete task|h=None]@17.9 ; Escape>button:Delete task[dialog:Delete this task?|f=button:Delete task|h=None]@48.7
chromium-dark-desktop › orbit-popconfirm pop-enter-escape burst sample 17,orbit-popconfirm,popconfirm,pop-enter-escape,pop-enter,burst,17,Enter Escape,none | none | @button:Delete task,1,0,Enter>button:Delete task[none|f=button:Delete task|h=None]@29.8 ; Escape>button:Delete task[dialog:Delete this task?|f=button:Delete task|h=None]@58.6
chromium-dark-desktop › orbit-popconfirm pop-enter-escape burst sample 18,orbit-popconfirm,popconfirm,pop-enter-escape,pop-enter,burst,18,Enter Escape,none | none | @button:Delete task,1,0,Enter>button:Delete task[none|f=button:Delete task|h=None]@21.3 ; Escape>button:Delete task[dialog:Delete this task?|f=button:Delete task|h=None]@52.5
chromium-dark-desktop › orbit-popconfirm pop-enter-escape burst sample 19,orbit-popconfirm,popconfirm,pop-enter-escape,pop-enter,burst,19,Enter Escape,none | none | @button:Delete task,1,0,Enter>button:Delete task[none|f=button:Delete task|h=None]@31.8 ; Escape>button:Delete task[dialog:Delete this task?|f=button:Delete task|h=None]@62.2
chromium-dark-desktop › orbit-popconfirm pop-enter-escape paced sample 0,orbit-popconfirm,popconfirm,pop-enter-escape,pop-enter,paced,0,Enter Escape,none | none | @button:Delete task,0,0,Enter>button:Delete task[none|f=button:Delete task|h=None]@21.7 ; Escape>dialog:Delete this task?A run s[dialog:Delete this task?|f=dialog:Delete this task?A run s|h=None]@366.9
chromium-dark-desktop › orbit-popconfirm pop-enter-escape paced sample 1,orbit-popconfirm,popconfirm,pop-enter-escape,pop-enter,paced,1,Enter Escape,none | none | @button:Delete task,0,0,Enter>button:Delete task[none|f=button:Delete task|h=None]@25.5 ; Escape>dialog:Delete this task?A run s[dialog:Delete this task?|f=dialog:Delete this task?A run s|h=None]@365.9
chromium-dark-desktop › orbit-popconfirm pop-enter-escape paced sample 2,orbit-popconfirm,popconfirm,pop-enter-escape,pop-enter,paced,2,Enter Escape,none | none | @button:Delete task,0,0,Enter>button:Delete task[none|f=button:Delete task|h=None]@30.2 ; Escape>dialog:Delete this task?A run s[dialog:Delete this task?|f=dialog:Delete this task?A run s|h=None]@372.9
chromium-dark-desktop › orbit-popconfirm pop-enter-escape paced sample 3,orbit-popconfirm,popconfirm,pop-enter-escape,pop-enter,paced,3,Enter Escape,none | none | @button:Delete task,0,0,Enter>button:Delete task[none|f=button:Delete task|h=None]@30.2 ; Escape>dialog:Delete this task?A run s[dialog:Delete this task?|f=dialog:Delete this task?A run s|h=None]@373.2
chromium-dark-desktop › orbit-popconfirm pop-enter-escape paced sample 4,orbit-popconfirm,popconfirm,pop-enter-escape,pop-enter,paced,4,Enter Escape,none | none | @button:Delete task,0,0,Enter>button:Delete task[none|f=button:Delete task|h=None]@27.4 ; Escape>dialog:Delete this task?A run s[dialog:Delete this task?|f=dialog:Delete this task?A run s|h=None]@368.1
chromium-dark-desktop › orbit-popconfirm pop-enter-escape paced sample 5,orbit-popconfirm,popconfirm,pop-enter-escape,pop-enter,paced,5,Enter Escape,none | none | @button:Delete task,0,0,Enter>button:Delete task[none|f=button:Delete task|h=None]@21.1 ; Escape>dialog:Delete this task?A run s[dialog:Delete this task?|f=dialog:Delete this task?A run s|h=None]@361.2
chromium-dark-desktop › orbit-popconfirm pop-enter-escape paced sample 6,orbit-popconfirm,popconfirm,pop-enter-escape,pop-enter,paced,6,Enter Escape,none | none | @button:Delete task,0,0,Enter>button:Delete task[none|f=button:Delete task|h=None]@21.5 ; Escape>dialog:Delete this task?A run s[dialog:Delete this task?|f=dialog:Delete this task?A run s|h=None]@366.6
chromium-dark-desktop › orbit-popconfirm pop-enter-escape paced sample 7,orbit-popconfirm,popconfirm,pop-enter-escape,pop-enter,paced,7,Enter Escape,none | none | @button:Delete task,0,0,Enter>button:Delete task[none|f=button:Delete task|h=None]@22.6 ; Escape>dialog:Delete this task?A run s[dialog:Delete this task?|f=dialog:Delete this task?A run s|h=None]@366.1
chromium-dark-desktop › orbit-popconfirm pop-enter-escape paced sample 8,orbit-popconfirm,popconfirm,pop-enter-escape,pop-enter,paced,8,Enter Escape,none | none | @button:Delete task,0,0,Enter>button:Delete task[none|f=button:Delete task|h=None]@28.9 ; Escape>dialog:Delete this task?A run s[dialog:Delete this task?|f=dialog:Delete this task?A run s|h=None]@367.2
chromium-dark-desktop › orbit-popconfirm pop-enter-escape paced sample 9,orbit-popconfirm,popconfirm,pop-enter-escape,pop-enter,paced,9,Enter Escape,none | none | @button:Delete task,0,0,Enter>button:Delete task[none|f=button:Delete task|h=None]@25.5 ; Escape>dialog:Delete this task?A run s[dialog:Delete this task?|f=dialog:Delete this task?A run s|h=None]@353.9
chromium-dark-desktop › orbit-popconfirm pop-enter-escape paced sample 10,orbit-popconfirm,popconfirm,pop-enter-escape,pop-enter,paced,10,Enter Escape,none | none | @button:Delete task,0,0,Enter>button:Delete task[none|f=button:Delete task|h=None]@19.3 ; Escape>dialog:Delete this task?A run s[dialog:Delete this task?|f=dialog:Delete this task?A run s|h=None]@345.1
chromium-dark-desktop › orbit-popconfirm pop-enter-escape paced sample 11,orbit-popconfirm,popconfirm,pop-enter-escape,pop-enter,paced,11,Enter Escape,none | none | @button:Delete task,0,0,Enter>button:Delete task[none|f=button:Delete task|h=None]@24.9 ; Escape>dialog:Delete this task?A run s[dialog:Delete this task?|f=dialog:Delete this task?A run s|h=None]@362.9
chromium-dark-desktop › orbit-popconfirm pop-enter-escape paced sample 12,orbit-popconfirm,popconfirm,pop-enter-escape,pop-enter,paced,12,Enter Escape,none | none | @button:Delete task,0,0,Enter>button:Delete task[none|f=button:Delete task|h=None]@20.2 ; Escape>dialog:Delete this task?A run s[dialog:Delete this task?|f=dialog:Delete this task?A run s|h=None]@348.7
chromium-dark-desktop › orbit-popconfirm pop-enter-escape paced sample 13,orbit-popconfirm,popconfirm,pop-enter-escape,pop-enter,paced,13,Enter Escape,none | none | @button:Delete task,0,0,Enter>button:Delete task[none|f=button:Delete task|h=None]@27.6 ; Escape>dialog:Delete this task?A run s[dialog:Delete this task?|f=dialog:Delete this task?A run s|h=None]@354.3
chromium-dark-desktop › orbit-popconfirm pop-enter-escape paced sample 14,orbit-popconfirm,popconfirm,pop-enter-escape,pop-enter,paced,14,Enter Escape,none | none | @button:Delete task,0,0,Enter>button:Delete task[none|f=button:Delete task|h=None]@20.7 ; Escape>dialog:Delete this task?A run s[dialog:Delete this task?|f=dialog:Delete this task?A run s|h=None]@362.4
chromium-dark-desktop › orbit-popconfirm pop-enter-escape paced sample 15,orbit-popconfirm,popconfirm,pop-enter-escape,pop-enter,paced,15,Enter Escape,none | none | @button:Delete task,0,0,Enter>button:Delete task[none|f=button:Delete task|h=None]@28.9 ; Escape>dialog:Delete this task?A run s[dialog:Delete this task?|f=dialog:Delete this task?A run s|h=None]@370
chromium-dark-desktop › orbit-popconfirm pop-enter-escape paced sample 16,orbit-popconfirm,popconfirm,pop-enter-escape,pop-enter,paced,16,Enter Escape,none | none | @button:Delete task,0,0,Enter>button:Delete task[none|f=button:Delete task|h=None]@25.7 ; Escape>dialog:Delete this task?A run s[dialog:Delete this task?|f=dialog:Delete this task?A run s|h=None]@366.8
chromium-dark-desktop › orbit-popconfirm pop-enter-escape paced sample 17,orbit-popconfirm,popconfirm,pop-enter-escape,pop-enter,paced,17,Enter Escape,none | none | @button:Delete task,0,0,Enter>button:Delete task[none|f=button:Delete task|h=None]@23.9 ; Escape>dialog:Delete this task?A run s[dialog:Delete this task?|f=dialog:Delete this task?A run s|h=None]@368
chromium-dark-desktop › orbit-popconfirm pop-enter-escape paced sample 18,orbit-popconfirm,popconfirm,pop-enter-escape,pop-enter,paced,18,Enter Escape,none | none | @button:Delete task,0,0,Enter>button:Delete task[none|f=button:Delete task|h=None]@31.6 ; Escape>dialog:Delete this task?A run s[dialog:Delete this task?|f=dialog:Delete this task?A run s|h=None]@376.5
chromium-dark-desktop › orbit-popconfirm pop-enter-escape paced sample 19,orbit-popconfirm,popconfirm,pop-enter-escape,pop-enter,paced,19,Enter Escape,none | none | @button:Delete task,0,0,Enter>button:Delete task[none|f=button:Delete task|h=None]@29.4 ; Escape>dialog:Delete this task?A run s[dialog:Delete this task?|f=dialog:Delete this task?A run s|h=None]@368.9
chromium-dark-desktop › antd-popconfirm pop-enter-escape burst sample 0,antd-popconfirm,popconfirm,pop-enter-escape,pop-enter,burst,0,Enter Escape,none | none | @button:Delete task,1,0,Enter>button:Delete task[none|f=button:Delete task|h=None]@29.5 ; Escape>button:Delete task[tooltip:Delete this task?A r|f=button:Delete task|h=None]@62.4
chromium-dark-desktop › antd-popconfirm pop-enter-escape burst sample 1,antd-popconfirm,popconfirm,pop-enter-escape,pop-enter,burst,1,Enter Escape,none | none | @button:Delete task,1,0,Enter>button:Delete task[none|f=button:Delete task|h=None]@32.1 ; Escape>button:Delete task[tooltip:Delete this task?A r|f=button:Delete task|h=None]@67.7
chromium-dark-desktop › antd-popconfirm pop-enter-escape burst sample 2,antd-popconfirm,popconfirm,pop-enter-escape,pop-enter,burst,2,Enter Escape,none | none | @button:Delete task,1,0,Enter>button:Delete task[none|f=button:Delete task|h=None]@24.7 ; Escape>button:Delete task[tooltip:Delete this task?A r|f=button:Delete task|h=None]@57.4
chromium-dark-desktop › antd-popconfirm pop-enter-escape burst sample 3,antd-popconfirm,popconfirm,pop-enter-escape,pop-enter,burst,3,Enter Escape,none | none | @button:Delete task,1,0,Enter>button:Delete task[none|f=button:Delete task|h=None]@32.2 ; Escape>button:Delete task[tooltip:Delete this task?A r|f=button:Delete task|h=None]@66.5
chromium-dark-desktop › antd-popconfirm pop-enter-escape burst sample 4,antd-popconfirm,popconfirm,pop-enter-escape,pop-enter,burst,4,Enter Escape,none | none | @button:Delete task,1,0,Enter>button:Delete task[none|f=button:Delete task|h=None]@26.3 ; Escape>button:Delete task[tooltip:Delete this task?A r|f=button:Delete task|h=None]@58.8
chromium-dark-desktop › antd-popconfirm pop-enter-escape burst sample 5,antd-popconfirm,popconfirm,pop-enter-escape,pop-enter,burst,5,Enter Escape,none | none | @button:Delete task,1,0,Enter>button:Delete task[none|f=button:Delete task|h=None]@18.9 ; Escape>button:Delete task[tooltip:Delete this task?A r|f=button:Delete task|h=None]@52.8
chromium-dark-desktop › antd-popconfirm pop-enter-escape burst sample 6,antd-popconfirm,popconfirm,pop-enter-escape,pop-enter,burst,6,Enter Escape,none | none | @button:Delete task,1,0,Enter>button:Delete task[none|f=button:Delete task|h=None]@26.5 ; Escape>button:Delete task[tooltip:Delete this task?A r|f=button:Delete task|h=None]@60.9
chromium-dark-desktop › antd-popconfirm pop-enter-escape burst sample 7,antd-popconfirm,popconfirm,pop-enter-escape,pop-enter,burst,7,Enter Escape,none | none | @button:Delete task,1,0,Enter>button:Delete task[none|f=button:Delete task|h=None]@19.5 ; Escape>button:Delete task[tooltip:Delete this task?A r|f=button:Delete task|h=None]@49.7
chromium-dark-desktop › antd-popconfirm pop-enter-escape burst sample 8,antd-popconfirm,popconfirm,pop-enter-escape,pop-enter,burst,8,Enter Escape,none | none | @button:Delete task,1,0,Enter>button:Delete task[none|f=button:Delete task|h=None]@29 ; Escape>button:Delete task[tooltip:Delete this task?A r|f=button:Delete task|h=None]@62.9
chromium-dark-desktop › antd-popconfirm pop-enter-escape burst sample 9,antd-popconfirm,popconfirm,pop-enter-escape,pop-enter,burst,9,Enter Escape,none | none | @button:Delete task,1,0,Enter>button:Delete task[none|f=button:Delete task|h=None]@32.4 ; Escape>button:Delete task[tooltip:Delete this task?A r|f=button:Delete task|h=None]@63.5
chromium-dark-desktop › antd-popconfirm pop-enter-escape burst sample 10,antd-popconfirm,popconfirm,pop-enter-escape,pop-enter,burst,10,Enter Escape,none | none | @button:Delete task,1,0,Enter>button:Delete task[none|f=button:Delete task|h=None]@29.1 ; Escape>button:Delete task[tooltip:Delete this task?A r|f=button:Delete task|h=None]@61.3
chromium-dark-desktop › antd-popconfirm pop-enter-escape burst sample 11,antd-popconfirm,popconfirm,pop-enter-escape,pop-enter,burst,11,Enter Escape,none | none | @button:Delete task,1,0,Enter>button:Delete task[none|f=button:Delete task|h=None]@31.8 ; Escape>button:Delete task[tooltip:Delete this task?A r|f=button:Delete task|h=None]@61.9
chromium-dark-desktop › antd-popconfirm pop-enter-escape burst sample 12,antd-popconfirm,popconfirm,pop-enter-escape,pop-enter,burst,12,Enter Escape,none | none | @button:Delete task,1,0,Enter>button:Delete task[none|f=button:Delete task|h=None]@27.1 ; Escape>button:Delete task[tooltip:Delete this task?A r|f=button:Delete task|h=None]@54.1
chromium-dark-desktop › antd-popconfirm pop-enter-escape burst sample 13,antd-popconfirm,popconfirm,pop-enter-escape,pop-enter,burst,13,Enter Escape,none | none | @button:Delete task,1,0,Enter>button:Delete task[none|f=button:Delete task|h=None]@32.6 ; Escape>button:Delete task[tooltip:Delete this task?A r|f=button:Delete task|h=None]@64.7
chromium-dark-desktop › antd-popconfirm pop-enter-escape burst sample 14,antd-popconfirm,popconfirm,pop-enter-escape,pop-enter,burst,14,Enter Escape,none | none | @button:Delete task,1,0,Enter>button:Delete task[none|f=button:Delete task|h=None]@16.6 ; Escape>button:Delete task[tooltip:Delete this task?A r|f=button:Delete task|h=None]@41.1
chromium-dark-desktop › antd-popconfirm pop-enter-escape burst sample 15,antd-popconfirm,popconfirm,pop-enter-escape,pop-enter,burst,15,Enter Escape,none | none | @button:Delete task,1,0,Enter>button:Delete task[none|f=button:Delete task|h=None]@27.7 ; Escape>button:Delete task[tooltip:Delete this task?A r|f=button:Delete task|h=None]@59.8
chromium-dark-desktop › antd-popconfirm pop-enter-escape burst sample 16,antd-popconfirm,popconfirm,pop-enter-escape,pop-enter,burst,16,Enter Escape,none | none | @button:Delete task,1,0,Enter>button:Delete task[none|f=button:Delete task|h=None]@26.4 ; Escape>button:Delete task[tooltip:Delete this task?A r|f=button:Delete task|h=None]@52.3
chromium-dark-desktop › antd-popconfirm pop-enter-escape burst sample 17,antd-popconfirm,popconfirm,pop-enter-escape,pop-enter,burst,17,Enter Escape,none | none | @button:Delete task,1,0,Enter>button:Delete task[none|f=button:Delete task|h=None]@21.6 ; Escape>button:Delete task[tooltip:Delete this task?A r|f=button:Delete task|h=None]@61.9
chromium-dark-desktop › antd-popconfirm pop-enter-escape burst sample 18,antd-popconfirm,popconfirm,pop-enter-escape,pop-enter,burst,18,Enter Escape,none | none | @button:Delete task,1,0,Enter>button:Delete task[none|f=button:Delete task|h=None]@29.2 ; Escape>button:Delete task[tooltip:Delete this task?A r|f=button:Delete task|h=None]@62.4
chromium-dark-desktop › antd-popconfirm pop-enter-escape burst sample 19,antd-popconfirm,popconfirm,pop-enter-escape,pop-enter,burst,19,Enter Escape,none | none | @button:Delete task,1,0,Enter>button:Delete task[none|f=button:Delete task|h=None]@35.6 ; Escape>button:Delete task[tooltip:Delete this task?A r|f=button:Delete task|h=None]@59.7
chromium-dark-desktop › antd-popconfirm pop-enter-escape paced sample 0,antd-popconfirm,popconfirm,pop-enter-escape,pop-enter,paced,0,Enter Escape,none | none | @button:Delete task,1,0,Enter>button:Delete task[none|f=button:Delete task|h=None]@18.7 ; Escape>button:Delete task[tooltip:Delete this task?A r|f=button:Delete task|h=None]@355.4
chromium-dark-desktop › antd-popconfirm pop-enter-escape paced sample 1,antd-popconfirm,popconfirm,pop-enter-escape,pop-enter,paced,1,Enter Escape,none | none | @button:Delete task,1,0,Enter>button:Delete task[none|f=button:Delete task|h=None]@26.1 ; Escape>button:Delete task[tooltip:Delete this task?A r|f=button:Delete task|h=None]@367.8
chromium-dark-desktop › antd-popconfirm pop-enter-escape paced sample 2,antd-popconfirm,popconfirm,pop-enter-escape,pop-enter,paced,2,Enter Escape,none | none | @button:Delete task,1,0,Enter>button:Delete task[none|f=button:Delete task|h=None]@21 ; Escape>button:Delete task[tooltip:Delete this task?A r|f=button:Delete task|h=None]@362.5
chromium-dark-desktop › antd-popconfirm pop-enter-escape paced sample 3,antd-popconfirm,popconfirm,pop-enter-escape,pop-enter,paced,3,Enter Escape,none | none | @button:Delete task,1,0,Enter>button:Delete task[none|f=button:Delete task|h=None]@25.1 ; Escape>button:Delete task[tooltip:Delete this task?A r|f=button:Delete task|h=None]@370.5
chromium-dark-desktop › antd-popconfirm pop-enter-escape paced sample 4,antd-popconfirm,popconfirm,pop-enter-escape,pop-enter,paced,4,Enter Escape,none | none | @button:Delete task,1,0,Enter>button:Delete task[none|f=button:Delete task|h=None]@29.9 ; Escape>button:Delete task[tooltip:Delete this task?A r|f=button:Delete task|h=None]@368.7
chromium-dark-desktop › antd-popconfirm pop-enter-escape paced sample 5,antd-popconfirm,popconfirm,pop-enter-escape,pop-enter,paced,5,Enter Escape,none | none | @button:Delete task,1,0,Enter>button:Delete task[none|f=button:Delete task|h=None]@28.7 ; Escape>button:Delete task[tooltip:Delete this task?A r|f=button:Delete task|h=None]@368.1
chromium-dark-desktop › antd-popconfirm pop-enter-escape paced sample 6,antd-popconfirm,popconfirm,pop-enter-escape,pop-enter,paced,6,Enter Escape,none | none | @button:Delete task,1,0,Enter>button:Delete task[none|f=button:Delete task|h=None]@23.7 ; Escape>button:Delete task[tooltip:Delete this task?A r|f=button:Delete task|h=None]@358.2
chromium-dark-desktop › antd-popconfirm pop-enter-escape paced sample 7,antd-popconfirm,popconfirm,pop-enter-escape,pop-enter,paced,7,Enter Escape,none | none | @button:Delete task,1,0,Enter>button:Delete task[none|f=button:Delete task|h=None]@31.3 ; Escape>button:Delete task[tooltip:Delete this task?A r|f=button:Delete task|h=None]@371.6
chromium-dark-desktop › antd-popconfirm pop-enter-escape paced sample 8,antd-popconfirm,popconfirm,pop-enter-escape,pop-enter,paced,8,Enter Escape,none | none | @button:Delete task,1,0,Enter>button:Delete task[none|f=button:Delete task|h=None]@24.8 ; Escape>button:Delete task[tooltip:Delete this task?A r|f=button:Delete task|h=None]@359.2
chromium-dark-desktop › antd-popconfirm pop-enter-escape paced sample 9,antd-popconfirm,popconfirm,pop-enter-escape,pop-enter,paced,9,Enter Escape,none | none | @button:Delete task,1,0,Enter>button:Delete task[none|f=button:Delete task|h=None]@23.1 ; Escape>button:Delete task[tooltip:Delete this task?A r|f=button:Delete task|h=None]@362.9
chromium-dark-desktop › antd-popconfirm pop-enter-escape paced sample 10,antd-popconfirm,popconfirm,pop-enter-escape,pop-enter,paced,10,Enter Escape,none | none | @button:Delete task,1,0,Enter>button:Delete task[none|f=button:Delete task|h=None]@22.7 ; Escape>button:Delete task[tooltip:Delete this task?A r|f=button:Delete task|h=None]@357.4
chromium-dark-desktop › antd-popconfirm pop-enter-escape paced sample 11,antd-popconfirm,popconfirm,pop-enter-escape,pop-enter,paced,11,Enter Escape,none | none | @button:Delete task,1,0,Enter>button:Delete task[none|f=button:Delete task|h=None]@31.8 ; Escape>button:Delete task[tooltip:Delete this task?A r|f=button:Delete task|h=None]@370.1
chromium-dark-desktop › antd-popconfirm pop-enter-escape paced sample 12,antd-popconfirm,popconfirm,pop-enter-escape,pop-enter,paced,12,Enter Escape,none | none | @button:Delete task,1,0,Enter>button:Delete task[none|f=button:Delete task|h=None]@24.9 ; Escape>button:Delete task[tooltip:Delete this task?A r|f=button:Delete task|h=None]@363.5
chromium-dark-desktop › antd-popconfirm pop-enter-escape paced sample 13,antd-popconfirm,popconfirm,pop-enter-escape,pop-enter,paced,13,Enter Escape,none | none | @button:Delete task,1,0,Enter>button:Delete task[none|f=button:Delete task|h=None]@23.9 ; Escape>button:Delete task[tooltip:Delete this task?A r|f=button:Delete task|h=None]@364.8
chromium-dark-desktop › antd-popconfirm pop-enter-escape paced sample 14,antd-popconfirm,popconfirm,pop-enter-escape,pop-enter,paced,14,Enter Escape,none | none | @button:Delete task,1,0,Enter>button:Delete task[none|f=button:Delete task|h=None]@28.4 ; Escape>button:Delete task[tooltip:Delete this task?A r|f=button:Delete task|h=None]@367.6
chromium-dark-desktop › antd-popconfirm pop-enter-escape paced sample 15,antd-popconfirm,popconfirm,pop-enter-escape,pop-enter,paced,15,Enter Escape,none | none | @button:Delete task,1,0,Enter>button:Delete task[none|f=button:Delete task|h=None]@27 ; Escape>button:Delete task[tooltip:Delete this task?A r|f=button:Delete task|h=None]@366.8
chromium-dark-desktop › antd-popconfirm pop-enter-escape paced sample 16,antd-popconfirm,popconfirm,pop-enter-escape,pop-enter,paced,16,Enter Escape,none | none | @button:Delete task,1,0,Enter>button:Delete task[none|f=button:Delete task|h=None]@30.9 ; Escape>button:Delete task[tooltip:Delete this task?A r|f=button:Delete task|h=None]@366.3
chromium-dark-desktop › antd-popconfirm pop-enter-escape paced sample 17,antd-popconfirm,popconfirm,pop-enter-escape,pop-enter,paced,17,Enter Escape,none | none | @button:Delete task,1,0,Enter>button:Delete task[none|f=button:Delete task|h=None]@36.9 ; Escape>button:Delete task[tooltip:Delete this task?A r|f=button:Delete task|h=None]@380.7
chromium-dark-desktop › antd-popconfirm pop-enter-escape paced sample 18,antd-popconfirm,popconfirm,pop-enter-escape,pop-enter,paced,18,Enter Escape,none | none | @button:Delete task,1,0,Enter>button:Delete task[none|f=button:Delete task|h=None]@26.6 ; Escape>button:Delete task[tooltip:Delete this task?A r|f=button:Delete task|h=None]@377.1
chromium-dark-desktop › antd-popconfirm pop-enter-escape paced sample 19,antd-popconfirm,popconfirm,pop-enter-escape,pop-enter,paced,19,Enter Escape,none | none | @button:Delete task,1,0,Enter>button:Delete task[none|f=button:Delete task|h=None]@34.7 ; Escape>button:Delete task[tooltip:Delete this task?A r|f=button:Delete task|h=None]@375.7
chromium-dark-desktop › orbit-popconfirm pop-enter-tab burst sample 0,orbit-popconfirm,popconfirm,pop-enter-tab,pop-enter,burst,0,Enter Tab,none | dialog:Delete this task? | @button:Cancel,1,0,Enter>button:Delete task[none|f=button:Delete task|h=None]@24.8 ; Tab>button:Delete task[dialog:Delete this task?|f=button:Delete task|h=None]@52
chromium-dark-desktop › orbit-popconfirm pop-enter-tab burst sample 1,orbit-popconfirm,popconfirm,pop-enter-tab,pop-enter,burst,1,Enter Tab,none | dialog:Delete this task? | @button:Cancel,1,0,Enter>button:Delete task[none|f=button:Delete task|h=None]@25.3 ; Tab>button:Delete task[dialog:Delete this task?|f=button:Delete task|h=None]@54.5
chromium-dark-desktop › orbit-popconfirm pop-enter-tab burst sample 2,orbit-popconfirm,popconfirm,pop-enter-tab,pop-enter,burst,2,Enter Tab,none | dialog:Delete this task? | @button:Cancel,1,0,Enter>button:Delete task[none|f=button:Delete task|h=None]@32.5 ; Tab>button:Delete task[dialog:Delete this task?|f=button:Delete task|h=None]@60.7
chromium-dark-desktop › orbit-popconfirm pop-enter-tab burst sample 3,orbit-popconfirm,popconfirm,pop-enter-tab,pop-enter,burst,3,Enter Tab,none | dialog:Delete this task? | @button:Cancel,1,0,Enter>button:Delete task[none|f=button:Delete task|h=None]@26.8 ; Tab>button:Delete task[dialog:Delete this task?|f=button:Delete task|h=None]@55
chromium-dark-desktop › orbit-popconfirm pop-enter-tab burst sample 4,orbit-popconfirm,popconfirm,pop-enter-tab,pop-enter,burst,4,Enter Tab,none | dialog:Delete this task? | @button:Cancel,1,0,Enter>button:Delete task[none|f=button:Delete task|h=None]@24.2 ; Tab>button:Delete task[dialog:Delete this task?|f=button:Delete task|h=None]@51.9
chromium-dark-desktop › orbit-popconfirm pop-enter-tab burst sample 5,orbit-popconfirm,popconfirm,pop-enter-tab,pop-enter,burst,5,Enter Tab,none | dialog:Delete this task? | @button:Cancel,1,0,Enter>button:Delete task[none|f=button:Delete task|h=None]@30.2 ; Tab>button:Delete task[dialog:Delete this task?|f=button:Delete task|h=None]@56.7
chromium-dark-desktop › orbit-popconfirm pop-enter-tab burst sample 6,orbit-popconfirm,popconfirm,pop-enter-tab,pop-enter,burst,6,Enter Tab,none | dialog:Delete this task? | @button:Cancel,1,0,Enter>button:Delete task[none|f=button:Delete task|h=None]@29.5 ; Tab>button:Delete task[dialog:Delete this task?|f=button:Delete task|h=None]@59.4
chromium-dark-desktop › orbit-popconfirm pop-enter-tab burst sample 7,orbit-popconfirm,popconfirm,pop-enter-tab,pop-enter,burst,7,Enter Tab,none | dialog:Delete this task? | @button:Cancel,1,0,Enter>button:Delete task[none|f=button:Delete task|h=None]@18.8 ; Tab>button:Delete task[dialog:Delete this task?|f=button:Delete task|h=None]@49.4
chromium-dark-desktop › orbit-popconfirm pop-enter-tab burst sample 8,orbit-popconfirm,popconfirm,pop-enter-tab,pop-enter,burst,8,Enter Tab,none | dialog:Delete this task? | @button:Cancel,1,0,Enter>button:Delete task[none|f=button:Delete task|h=None]@33 ; Tab>button:Delete task[dialog:Delete this task?|f=button:Delete task|h=None]@62.2
chromium-dark-desktop › orbit-popconfirm pop-enter-tab burst sample 9,orbit-popconfirm,popconfirm,pop-enter-tab,pop-enter,burst,9,Enter Tab,none | dialog:Delete this task? | @button:Cancel,1,0,Enter>button:Delete task[none|f=button:Delete task|h=None]@22.3 ; Tab>button:Delete task[dialog:Delete this task?|f=button:Delete task|h=None]@49.1
chromium-dark-desktop › orbit-popconfirm pop-enter-tab burst sample 10,orbit-popconfirm,popconfirm,pop-enter-tab,pop-enter,burst,10,Enter Tab,none | dialog:Delete this task? | @button:Cancel,1,0,Enter>button:Delete task[none|f=button:Delete task|h=None]@29.6 ; Tab>button:Delete task[dialog:Delete this task?|f=button:Delete task|h=None]@57.6
chromium-dark-desktop › orbit-popconfirm pop-enter-tab burst sample 11,orbit-popconfirm,popconfirm,pop-enter-tab,pop-enter,burst,11,Enter Tab,none | dialog:Delete this task? | @button:Cancel,1,0,Enter>button:Delete task[none|f=button:Delete task|h=None]@22.1 ; Tab>button:Delete task[dialog:Delete this task?|f=button:Delete task|h=None]@53.9
chromium-dark-desktop › orbit-popconfirm pop-enter-tab burst sample 12,orbit-popconfirm,popconfirm,pop-enter-tab,pop-enter,burst,12,Enter Tab,none | dialog:Delete this task? | @button:Cancel,1,0,Enter>button:Delete task[none|f=button:Delete task|h=None]@29.1 ; Tab>button:Delete task[dialog:Delete this task?|f=button:Delete task|h=None]@60.2
chromium-dark-desktop › orbit-popconfirm pop-enter-tab burst sample 13,orbit-popconfirm,popconfirm,pop-enter-tab,pop-enter,burst,13,Enter Tab,none | dialog:Delete this task? | @button:Cancel,1,0,Enter>button:Delete task[none|f=button:Delete task|h=None]@20.2 ; Tab>button:Delete task[dialog:Delete this task?|f=button:Delete task|h=None]@47.8
chromium-dark-desktop › orbit-popconfirm pop-enter-tab burst sample 14,orbit-popconfirm,popconfirm,pop-enter-tab,pop-enter,burst,14,Enter Tab,none | dialog:Delete this task? | @button:Cancel,1,0,Enter>button:Delete task[none|f=button:Delete task|h=None]@26.9 ; Tab>button:Delete task[dialog:Delete this task?|f=button:Delete task|h=None]@59.2
chromium-dark-desktop › orbit-popconfirm pop-enter-tab burst sample 15,orbit-popconfirm,popconfirm,pop-enter-tab,pop-enter,burst,15,Enter Tab,none | dialog:Delete this task? | @button:Cancel,1,0,Enter>button:Delete task[none|f=button:Delete task|h=None]@26 ; Tab>button:Delete task[dialog:Delete this task?|f=button:Delete task|h=None]@55
chromium-dark-desktop › orbit-popconfirm pop-enter-tab burst sample 16,orbit-popconfirm,popconfirm,pop-enter-tab,pop-enter,burst,16,Enter Tab,none | dialog:Delete this task? | @button:Cancel,1,0,Enter>button:Delete task[none|f=button:Delete task|h=None]@15.8 ; Tab>button:Delete task[dialog:Delete this task?|f=button:Delete task|h=None]@36.9
chromium-dark-desktop › orbit-popconfirm pop-enter-tab burst sample 17,orbit-popconfirm,popconfirm,pop-enter-tab,pop-enter,burst,17,Enter Tab,none | dialog:Delete this task? | @button:Cancel,1,0,Enter>button:Delete task[none|f=button:Delete task|h=None]@25.9 ; Tab>button:Delete task[dialog:Delete this task?|f=button:Delete task|h=None]@61.4
chromium-dark-desktop › orbit-popconfirm pop-enter-tab burst sample 18,orbit-popconfirm,popconfirm,pop-enter-tab,pop-enter,burst,18,Enter Tab,none | dialog:Delete this task? | @button:Cancel,1,0,Enter>button:Delete task[none|f=button:Delete task|h=None]@32.8 ; Tab>button:Delete task[dialog:Delete this task?|f=button:Delete task|h=None]@58.6
chromium-dark-desktop › orbit-popconfirm pop-enter-tab burst sample 19,orbit-popconfirm,popconfirm,pop-enter-tab,pop-enter,burst,19,Enter Tab,none | dialog:Delete this task? | @button:Cancel,1,0,Enter>button:Delete task[none|f=button:Delete task|h=None]@26.9 ; Tab>button:Delete task[dialog:Delete this task?|f=button:Delete task|h=None]@57.2
chromium-dark-desktop › orbit-popconfirm pop-enter-tab paced sample 0,orbit-popconfirm,popconfirm,pop-enter-tab,pop-enter,paced,0,Enter Tab,none | dialog:Delete this task? | @button:Cancel,0,0,Enter>button:Delete task[none|f=button:Delete task|h=None]@35.6 ; Tab>dialog:Delete this task?A run s[dialog:Delete this task?|f=dialog:Delete this task?A run s|h=None]@370.5
chromium-dark-desktop › orbit-popconfirm pop-enter-tab paced sample 1,orbit-popconfirm,popconfirm,pop-enter-tab,pop-enter,paced,1,Enter Tab,none | dialog:Delete this task? | @button:Cancel,0,0,Enter>button:Delete task[none|f=button:Delete task|h=None]@34.8 ; Tab>dialog:Delete this task?A run s[dialog:Delete this task?|f=dialog:Delete this task?A run s|h=None]@369.1
chromium-dark-desktop › orbit-popconfirm pop-enter-tab paced sample 2,orbit-popconfirm,popconfirm,pop-enter-tab,pop-enter,paced,2,Enter Tab,none | dialog:Delete this task? | @button:Cancel,0,0,Enter>button:Delete task[none|f=button:Delete task|h=None]@24.3 ; Tab>dialog:Delete this task?A run s[dialog:Delete this task?|f=dialog:Delete this task?A run s|h=None]@356.7
chromium-dark-desktop › orbit-popconfirm pop-enter-tab paced sample 3,orbit-popconfirm,popconfirm,pop-enter-tab,pop-enter,paced,3,Enter Tab,none | dialog:Delete this task? | @button:Cancel,0,0,Enter>button:Delete task[none|f=button:Delete task|h=None]@33.2 ; Tab>dialog:Delete this task?A run s[dialog:Delete this task?|f=dialog:Delete this task?A run s|h=None]@367.6
chromium-dark-desktop › orbit-popconfirm pop-enter-tab paced sample 4,orbit-popconfirm,popconfirm,pop-enter-tab,pop-enter,paced,4,Enter Tab,none | dialog:Delete this task? | @button:Cancel,0,0,Enter>button:Delete task[none|f=button:Delete task|h=None]@27.3 ; Tab>dialog:Delete this task?A run s[dialog:Delete this task?|f=dialog:Delete this task?A run s|h=None]@374.9
chromium-dark-desktop › orbit-popconfirm pop-enter-tab paced sample 5,orbit-popconfirm,popconfirm,pop-enter-tab,pop-enter,paced,5,Enter Tab,none | dialog:Delete this task? | @button:Cancel,0,0,Enter>button:Delete task[none|f=button:Delete task|h=None]@26.3 ; Tab>dialog:Delete this task?A run s[dialog:Delete this task?|f=dialog:Delete this task?A run s|h=None]@367.8
chromium-dark-desktop › orbit-popconfirm pop-enter-tab paced sample 6,orbit-popconfirm,popconfirm,pop-enter-tab,pop-enter,paced,6,Enter Tab,none | dialog:Delete this task? | @button:Cancel,0,0,Enter>button:Delete task[none|f=button:Delete task|h=None]@25.6 ; Tab>dialog:Delete this task?A run s[dialog:Delete this task?|f=dialog:Delete this task?A run s|h=None]@372.4
chromium-dark-desktop › orbit-popconfirm pop-enter-tab paced sample 7,orbit-popconfirm,popconfirm,pop-enter-tab,pop-enter,paced,7,Enter Tab,none | dialog:Delete this task? | @button:Cancel,0,0,Enter>button:Delete task[none|f=button:Delete task|h=None]@26.3 ; Tab>dialog:Delete this task?A run s[dialog:Delete this task?|f=dialog:Delete this task?A run s|h=None]@363.6
chromium-dark-desktop › orbit-popconfirm pop-enter-tab paced sample 8,orbit-popconfirm,popconfirm,pop-enter-tab,pop-enter,paced,8,Enter Tab,none | dialog:Delete this task? | @button:Cancel,0,0,Enter>button:Delete task[none|f=button:Delete task|h=None]@32.1 ; Tab>dialog:Delete this task?A run s[dialog:Delete this task?|f=dialog:Delete this task?A run s|h=None]@371.1
chromium-dark-desktop › orbit-popconfirm pop-enter-tab paced sample 9,orbit-popconfirm,popconfirm,pop-enter-tab,pop-enter,paced,9,Enter Tab,none | dialog:Delete this task? | @button:Cancel,0,0,Enter>button:Delete task[none|f=button:Delete task|h=None]@31.8 ; Tab>dialog:Delete this task?A run s[dialog:Delete this task?|f=dialog:Delete this task?A run s|h=None]@369.1
chromium-dark-desktop › orbit-popconfirm pop-enter-tab paced sample 10,orbit-popconfirm,popconfirm,pop-enter-tab,pop-enter,paced,10,Enter Tab,none | dialog:Delete this task? | @button:Cancel,0,0,Enter>button:Delete task[none|f=button:Delete task|h=None]@28.9 ; Tab>dialog:Delete this task?A run s[dialog:Delete this task?|f=dialog:Delete this task?A run s|h=None]@368.7
chromium-dark-desktop › orbit-popconfirm pop-enter-tab paced sample 11,orbit-popconfirm,popconfirm,pop-enter-tab,pop-enter,paced,11,Enter Tab,none | dialog:Delete this task? | @button:Cancel,0,0,Enter>button:Delete task[none|f=button:Delete task|h=None]@31.6 ; Tab>dialog:Delete this task?A run s[dialog:Delete this task?|f=dialog:Delete this task?A run s|h=None]@371.5
chromium-dark-desktop › orbit-popconfirm pop-enter-tab paced sample 12,orbit-popconfirm,popconfirm,pop-enter-tab,pop-enter,paced,12,Enter Tab,none | dialog:Delete this task? | @button:Cancel,0,0,Enter>button:Delete task[none|f=button:Delete task|h=None]@21 ; Tab>dialog:Delete this task?A run s[dialog:Delete this task?|f=dialog:Delete this task?A run s|h=None]@355.2
chromium-dark-desktop › orbit-popconfirm pop-enter-tab paced sample 13,orbit-popconfirm,popconfirm,pop-enter-tab,pop-enter,paced,13,Enter Tab,none | dialog:Delete this task? | @button:Cancel,0,0,Enter>button:Delete task[none|f=button:Delete task|h=None]@22.6 ; Tab>dialog:Delete this task?A run s[dialog:Delete this task?|f=dialog:Delete this task?A run s|h=None]@363.8
chromium-dark-desktop › orbit-popconfirm pop-enter-tab paced sample 14,orbit-popconfirm,popconfirm,pop-enter-tab,pop-enter,paced,14,Enter Tab,none | dialog:Delete this task? | @button:Cancel,0,0,Enter>button:Delete task[none|f=button:Delete task|h=None]@32.6 ; Tab>dialog:Delete this task?A run s[dialog:Delete this task?|f=dialog:Delete this task?A run s|h=None]@373
chromium-dark-desktop › orbit-popconfirm pop-enter-tab paced sample 15,orbit-popconfirm,popconfirm,pop-enter-tab,pop-enter,paced,15,Enter Tab,none | dialog:Delete this task? | @button:Cancel,0,0,Enter>button:Delete task[none|f=button:Delete task|h=None]@21.6 ; Tab>dialog:Delete this task?A run s[dialog:Delete this task?|f=dialog:Delete this task?A run s|h=None]@354.9
chromium-dark-desktop › orbit-popconfirm pop-enter-tab paced sample 16,orbit-popconfirm,popconfirm,pop-enter-tab,pop-enter,paced,16,Enter Tab,none | dialog:Delete this task? | @button:Cancel,0,0,Enter>button:Delete task[none|f=button:Delete task|h=None]@18.2 ; Tab>dialog:Delete this task?A run s[dialog:Delete this task?|f=dialog:Delete this task?A run s|h=None]@355.4
chromium-dark-desktop › orbit-popconfirm pop-enter-tab paced sample 17,orbit-popconfirm,popconfirm,pop-enter-tab,pop-enter,paced,17,Enter Tab,none | dialog:Delete this task? | @button:Cancel,0,0,Enter>button:Delete task[none|f=button:Delete task|h=None]@22.2 ; Tab>dialog:Delete this task?A run s[dialog:Delete this task?|f=dialog:Delete this task?A run s|h=None]@359.3
chromium-dark-desktop › orbit-popconfirm pop-enter-tab paced sample 18,orbit-popconfirm,popconfirm,pop-enter-tab,pop-enter,paced,18,Enter Tab,none | dialog:Delete this task? | @button:Cancel,0,0,Enter>button:Delete task[none|f=button:Delete task|h=None]@25.6 ; Tab>dialog:Delete this task?A run s[dialog:Delete this task?|f=dialog:Delete this task?A run s|h=None]@367.8
chromium-dark-desktop › orbit-popconfirm pop-enter-tab paced sample 19,orbit-popconfirm,popconfirm,pop-enter-tab,pop-enter,paced,19,Enter Tab,none | dialog:Delete this task? | @button:Cancel,0,0,Enter>button:Delete task[none|f=button:Delete task|h=None]@27 ; Tab>dialog:Delete this task?A run s[dialog:Delete this task?|f=dialog:Delete this task?A run s|h=None]@367.1
chromium-dark-desktop › antd-popconfirm pop-enter-tab burst sample 0,antd-popconfirm,popconfirm,pop-enter-tab,pop-enter,burst,0,Enter Tab,none | tooltip:Delete this task?A r | @button:Cancel,1,0,Enter>button:Delete task[none|f=button:Delete task|h=None]@36.9 ; Tab>button:Delete task[tooltip:Delete this task?A r|f=button:Delete task|h=None]@73
chromium-dark-desktop › antd-popconfirm pop-enter-tab burst sample 1,antd-popconfirm,popconfirm,pop-enter-tab,pop-enter,burst,1,Enter Tab,none | tooltip:Delete this task?A r | @button:Cancel,1,0,Enter>button:Delete task[none|f=button:Delete task|h=None]@25.1 ; Tab>button:Delete task[tooltip:Delete this task?A r|f=button:Delete task|h=None]@58.3
chromium-dark-desktop › antd-popconfirm pop-enter-tab burst sample 2,antd-popconfirm,popconfirm,pop-enter-tab,pop-enter,burst,2,Enter Tab,none | tooltip:Delete this task?A r | @button:Cancel,1,0,Enter>button:Delete task[none|f=button:Delete task|h=None]@26.8 ; Tab>button:Delete task[tooltip:Delete this task?A r|f=button:Delete task|h=None]@61.6
chromium-dark-desktop › antd-popconfirm pop-enter-tab burst sample 3,antd-popconfirm,popconfirm,pop-enter-tab,pop-enter,burst,3,Enter Tab,none | tooltip:Delete this task?A r | @button:Cancel,1,0,Enter>button:Delete task[none|f=button:Delete task|h=None]@17.8 ; Tab>button:Delete task[tooltip:Delete this task?A r|f=button:Delete task|h=None]@52.2
chromium-dark-desktop › antd-popconfirm pop-enter-tab burst sample 4,antd-popconfirm,popconfirm,pop-enter-tab,pop-enter,burst,4,Enter Tab,none | tooltip:Delete this task?A r | @button:Cancel,1,0,Enter>button:Delete task[none|f=button:Delete task|h=None]@26.6 ; Tab>button:Delete task[tooltip:Delete this task?A r|f=button:Delete task|h=None]@61.3
chromium-dark-desktop › antd-popconfirm pop-enter-tab burst sample 5,antd-popconfirm,popconfirm,pop-enter-tab,pop-enter,burst,5,Enter Tab,none | tooltip:Delete this task?A r | @button:Cancel,1,0,Enter>button:Delete task[none|f=button:Delete task|h=None]@34.4 ; Tab>button:Delete task[tooltip:Delete this task?A r|f=button:Delete task|h=None]@68.5
chromium-dark-desktop › antd-popconfirm pop-enter-tab burst sample 6,antd-popconfirm,popconfirm,pop-enter-tab,pop-enter,burst,6,Enter Tab,none | tooltip:Delete this task?A r | @button:Cancel,1,0,Enter>button:Delete task[none|f=button:Delete task|h=None]@25.8 ; Tab>button:Delete task[tooltip:Delete this task?A r|f=button:Delete task|h=None]@62.2
chromium-dark-desktop › antd-popconfirm pop-enter-tab burst sample 7,antd-popconfirm,popconfirm,pop-enter-tab,pop-enter,burst,7,Enter Tab,none | tooltip:Delete this task?A r | @button:Cancel,1,0,Enter>button:Delete task[none|f=button:Delete task|h=None]@26.9 ; Tab>button:Delete task[tooltip:Delete this task?A r|f=button:Delete task|h=None]@61.8
chromium-dark-desktop › antd-popconfirm pop-enter-tab burst sample 8,antd-popconfirm,popconfirm,pop-enter-tab,pop-enter,burst,8,Enter Tab,none | tooltip:Delete this task?A r | @button:Cancel,1,0,Enter>button:Delete task[none|f=button:Delete task|h=None]@32.7 ; Tab>button:Delete task[tooltip:Delete this task?A r|f=button:Delete task|h=None]@65
chromium-dark-desktop › antd-popconfirm pop-enter-tab burst sample 9,antd-popconfirm,popconfirm,pop-enter-tab,pop-enter,burst,9,Enter Tab,none | tooltip:Delete this task?A r | @button:Cancel,1,0,Enter>button:Delete task[none|f=button:Delete task|h=None]@36.3 ; Tab>button:Delete task[tooltip:Delete this task?A r|f=button:Delete task|h=None]@68.7
chromium-dark-desktop › antd-popconfirm pop-enter-tab burst sample 10,antd-popconfirm,popconfirm,pop-enter-tab,pop-enter,burst,10,Enter Tab,none | tooltip:Delete this task?A r | @button:Cancel,1,0,Enter>button:Delete task[none|f=button:Delete task|h=None]@27.2 ; Tab>button:Delete task[tooltip:Delete this task?A r|f=button:Delete task|h=None]@75.1
chromium-dark-desktop › antd-popconfirm pop-enter-tab burst sample 11,antd-popconfirm,popconfirm,pop-enter-tab,pop-enter,burst,11,Enter Tab,none | tooltip:Delete this task?A r | @button:Cancel,1,0,Enter>button:Delete task[none|f=button:Delete task|h=None]@17.9 ; Tab>button:Delete task[tooltip:Delete this task?A r|f=button:Delete task|h=None]@47
chromium-dark-desktop › antd-popconfirm pop-enter-tab burst sample 12,antd-popconfirm,popconfirm,pop-enter-tab,pop-enter,burst,12,Enter Tab,none | tooltip:Delete this task?A r | @button:Cancel,1,0,Enter>button:Delete task[none|f=button:Delete task|h=None]@21.2 ; Tab>button:Delete task[tooltip:Delete this task?A r|f=button:Delete task|h=None]@55.9
chromium-dark-desktop › antd-popconfirm pop-enter-tab burst sample 13,antd-popconfirm,popconfirm,pop-enter-tab,pop-enter,burst,13,Enter Tab,none | tooltip:Delete this task?A r | @button:Cancel,1,0,Enter>button:Delete task[none|f=button:Delete task|h=None]@19.3 ; Tab>button:Delete task[tooltip:Delete this task?A r|f=button:Delete task|h=None]@44.5
chromium-dark-desktop › antd-popconfirm pop-enter-tab burst sample 14,antd-popconfirm,popconfirm,pop-enter-tab,pop-enter,burst,14,Enter Tab,none | tooltip:Delete this task?A r | @button:Cancel,1,0,Enter>button:Delete task[none|f=button:Delete task|h=None]@29.6 ; Tab>button:Delete task[tooltip:Delete this task?A r|f=button:Delete task|h=None]@54.1
chromium-dark-desktop › antd-popconfirm pop-enter-tab burst sample 15,antd-popconfirm,popconfirm,pop-enter-tab,pop-enter,burst,15,Enter Tab,none | tooltip:Delete this task?A r | @button:Cancel,1,0,Enter>button:Delete task[none|f=button:Delete task|h=None]@29.1 ; Tab>button:Delete task[tooltip:Delete this task?A r|f=button:Delete task|h=None]@63.3
chromium-dark-desktop › antd-popconfirm pop-enter-tab burst sample 16,antd-popconfirm,popconfirm,pop-enter-tab,pop-enter,burst,16,Enter Tab,none | tooltip:Delete this task?A r | @button:Cancel,1,0,Enter>button:Delete task[none|f=button:Delete task|h=None]@22 ; Tab>button:Delete task[tooltip:Delete this task?A r|f=button:Delete task|h=None]@55
chromium-dark-desktop › antd-popconfirm pop-enter-tab burst sample 17,antd-popconfirm,popconfirm,pop-enter-tab,pop-enter,burst,17,Enter Tab,none | tooltip:Delete this task?A r | @button:Cancel,1,0,Enter>button:Delete task[none|f=button:Delete task|h=None]@20.5 ; Tab>button:Delete task[tooltip:Delete this task?A r|f=button:Delete task|h=None]@57.2
chromium-dark-desktop › antd-popconfirm pop-enter-tab burst sample 18,antd-popconfirm,popconfirm,pop-enter-tab,pop-enter,burst,18,Enter Tab,none | tooltip:Delete this task?A r | @button:Cancel,1,0,Enter>button:Delete task[none|f=button:Delete task|h=None]@20.8 ; Tab>button:Delete task[tooltip:Delete this task?A r|f=button:Delete task|h=None]@55.6
chromium-dark-desktop › antd-popconfirm pop-enter-tab burst sample 19,antd-popconfirm,popconfirm,pop-enter-tab,pop-enter,burst,19,Enter Tab,none | tooltip:Delete this task?A r | @button:Cancel,1,0,Enter>button:Delete task[none|f=button:Delete task|h=None]@20.5 ; Tab>button:Delete task[tooltip:Delete this task?A r|f=button:Delete task|h=None]@54
chromium-dark-desktop › antd-popconfirm pop-enter-tab paced sample 0,antd-popconfirm,popconfirm,pop-enter-tab,pop-enter,paced,0,Enter Tab,none | tooltip:Delete this task?A r | @button:Cancel,1,0,Enter>button:Delete task[none|f=button:Delete task|h=None]@23.1 ; Tab>button:Delete task[tooltip:Delete this task?A r|f=button:Delete task|h=None]@369.9
chromium-dark-desktop › antd-popconfirm pop-enter-tab paced sample 1,antd-popconfirm,popconfirm,pop-enter-tab,pop-enter,paced,1,Enter Tab,none | tooltip:Delete this task?A r | @button:Cancel,1,0,Enter>button:Delete task[none|f=button:Delete task|h=None]@27.9 ; Tab>button:Delete task[tooltip:Delete this task?A r|f=button:Delete task|h=None]@366.4
chromium-dark-desktop › antd-popconfirm pop-enter-tab paced sample 2,antd-popconfirm,popconfirm,pop-enter-tab,pop-enter,paced,2,Enter Tab,none | tooltip:Delete this task?A r | @button:Cancel,1,0,Enter>button:Delete task[none|f=button:Delete task|h=None]@31.8 ; Tab>button:Delete task[tooltip:Delete this task?A r|f=button:Delete task|h=None]@372.1
chromium-dark-desktop › antd-popconfirm pop-enter-tab paced sample 3,antd-popconfirm,popconfirm,pop-enter-tab,pop-enter,paced,3,Enter Tab,none | tooltip:Delete this task?A r | @button:Cancel,1,0,Enter>button:Delete task[none|f=button:Delete task|h=None]@23.9 ; Tab>button:Delete task[tooltip:Delete this task?A r|f=button:Delete task|h=None]@363
chromium-dark-desktop › antd-popconfirm pop-enter-tab paced sample 4,antd-popconfirm,popconfirm,pop-enter-tab,pop-enter,paced,4,Enter Tab,none | tooltip:Delete this task?A r | @button:Cancel,1,0,Enter>button:Delete task[none|f=button:Delete task|h=None]@20.4 ; Tab>button:Delete task[tooltip:Delete this task?A r|f=button:Delete task|h=None]@362.5
chromium-dark-desktop › antd-popconfirm pop-enter-tab paced sample 5,antd-popconfirm,popconfirm,pop-enter-tab,pop-enter,paced,5,Enter Tab,none | tooltip:Delete this task?A r | @button:Cancel,1,0,Enter>button:Delete task[none|f=button:Delete task|h=None]@25.4 ; Tab>button:Delete task[tooltip:Delete this task?A r|f=button:Delete task|h=None]@367.9
chromium-dark-desktop › antd-popconfirm pop-enter-tab paced sample 6,antd-popconfirm,popconfirm,pop-enter-tab,pop-enter,paced,6,Enter Tab,none | tooltip:Delete this task?A r | @button:Cancel,1,0,Enter>button:Delete task[none|f=button:Delete task|h=None]@23.3 ; Tab>button:Delete task[tooltip:Delete this task?A r|f=button:Delete task|h=None]@364.9
chromium-dark-desktop › antd-popconfirm pop-enter-tab paced sample 7,antd-popconfirm,popconfirm,pop-enter-tab,pop-enter,paced,7,Enter Tab,none | tooltip:Delete this task?A r | @button:Cancel,1,0,Enter>button:Delete task[none|f=button:Delete task|h=None]@36.2 ; Tab>button:Delete task[tooltip:Delete this task?A r|f=button:Delete task|h=None]@379
chromium-dark-desktop › antd-popconfirm pop-enter-tab paced sample 8,antd-popconfirm,popconfirm,pop-enter-tab,pop-enter,paced,8,Enter Tab,none | tooltip:Delete this task?A r | @button:Cancel,1,0,Enter>button:Delete task[none|f=button:Delete task|h=None]@22.2 ; Tab>button:Delete task[tooltip:Delete this task?A r|f=button:Delete task|h=None]@361.6
chromium-dark-desktop › antd-popconfirm pop-enter-tab paced sample 9,antd-popconfirm,popconfirm,pop-enter-tab,pop-enter,paced,9,Enter Tab,none | tooltip:Delete this task?A r | @button:Cancel,1,0,Enter>button:Delete task[none|f=button:Delete task|h=None]@30.8 ; Tab>button:Delete task[tooltip:Delete this task?A r|f=button:Delete task|h=None]@366.5
chromium-dark-desktop › antd-popconfirm pop-enter-tab paced sample 10,antd-popconfirm,popconfirm,pop-enter-tab,pop-enter,paced,10,Enter Tab,none | tooltip:Delete this task?A r | @button:Cancel,1,0,Enter>button:Delete task[none|f=button:Delete task|h=None]@30.8 ; Tab>button:Delete task[tooltip:Delete this task?A r|f=button:Delete task|h=None]@361.1
chromium-dark-desktop › antd-popconfirm pop-enter-tab paced sample 11,antd-popconfirm,popconfirm,pop-enter-tab,pop-enter,paced,11,Enter Tab,none | tooltip:Delete this task?A r | @button:Cancel,1,0,Enter>button:Delete task[none|f=button:Delete task|h=None]@27.4 ; Tab>button:Delete task[tooltip:Delete this task?A r|f=button:Delete task|h=None]@363.5
chromium-dark-desktop › antd-popconfirm pop-enter-tab paced sample 12,antd-popconfirm,popconfirm,pop-enter-tab,pop-enter,paced,12,Enter Tab,none | tooltip:Delete this task?A r | @button:Cancel,1,0,Enter>button:Delete task[none|f=button:Delete task|h=None]@29.9 ; Tab>button:Delete task[tooltip:Delete this task?A r|f=button:Delete task|h=None]@366.9
chromium-dark-desktop › antd-popconfirm pop-enter-tab paced sample 13,antd-popconfirm,popconfirm,pop-enter-tab,pop-enter,paced,13,Enter Tab,none | tooltip:Delete this task?A r | @button:Cancel,1,0,Enter>button:Delete task[none|f=button:Delete task|h=None]@27.3 ; Tab>button:Delete task[tooltip:Delete this task?A r|f=button:Delete task|h=None]@364.5
chromium-dark-desktop › antd-popconfirm pop-enter-tab paced sample 14,antd-popconfirm,popconfirm,pop-enter-tab,pop-enter,paced,14,Enter Tab,none | tooltip:Delete this task?A r | @button:Cancel,1,0,Enter>button:Delete task[none|f=button:Delete task|h=None]@28.8 ; Tab>button:Delete task[tooltip:Delete this task?A r|f=button:Delete task|h=None]@363.9
chromium-dark-desktop › antd-popconfirm pop-enter-tab paced sample 15,antd-popconfirm,popconfirm,pop-enter-tab,pop-enter,paced,15,Enter Tab,none | tooltip:Delete this task?A r | @button:Cancel,1,0,Enter>button:Delete task[none|f=button:Delete task|h=None]@17.4 ; Tab>button:Delete task[tooltip:Delete this task?A r|f=button:Delete task|h=None]@353
chromium-dark-desktop › antd-popconfirm pop-enter-tab paced sample 16,antd-popconfirm,popconfirm,pop-enter-tab,pop-enter,paced,16,Enter Tab,none | tooltip:Delete this task?A r | @button:Cancel,1,0,Enter>button:Delete task[none|f=button:Delete task|h=None]@29.2 ; Tab>button:Delete task[tooltip:Delete this task?A r|f=button:Delete task|h=None]@364.8
chromium-dark-desktop › antd-popconfirm pop-enter-tab paced sample 17,antd-popconfirm,popconfirm,pop-enter-tab,pop-enter,paced,17,Enter Tab,none | tooltip:Delete this task?A r | @button:Cancel,1,0,Enter>button:Delete task[none|f=button:Delete task|h=None]@19.2 ; Tab>button:Delete task[tooltip:Delete this task?A r|f=button:Delete task|h=None]@354.3
chromium-dark-desktop › antd-popconfirm pop-enter-tab paced sample 18,antd-popconfirm,popconfirm,pop-enter-tab,pop-enter,paced,18,Enter Tab,none | tooltip:Delete this task?A r | @button:Cancel,1,0,Enter>button:Delete task[none|f=button:Delete task|h=None]@23.7 ; Tab>button:Delete task[tooltip:Delete this task?A r|f=button:Delete task|h=None]@357.8
chromium-dark-desktop › antd-popconfirm pop-enter-tab paced sample 19,antd-popconfirm,popconfirm,pop-enter-tab,pop-enter,paced,19,Enter Tab,none | tooltip:Delete this task?A r | @button:Cancel,1,0,Enter>button:Delete task[none|f=button:Delete task|h=None]@32.2 ; Tab>button:Delete task[tooltip:Delete this task?A r|f=button:Delete task|h=None]@368.8
chromium-dark-desktop › orbit-popconfirm pop-enter-tab-enter burst sample 0,orbit-popconfirm,popconfirm,pop-enter-tab-enter,pop-enter-enter,burst,0,Enter Tab Enter,Answer=cancelled | none | @button:Delete task,1,0,Enter>button:Delete task[none|f=button:Delete task|h=None]@34.1 ; Tab>button:Delete task[dialog:Delete this task?|f=button:Delete task|h=None]@60.2 ; Enter>button:Cancel[dialog:Delete this task?|f=button:Cancel|h=None]@61.5
chromium-dark-desktop › orbit-popconfirm pop-enter-tab-enter burst sample 1,orbit-popconfirm,popconfirm,pop-enter-tab-enter,pop-enter-enter,burst,1,Enter Tab Enter,Answer=cancelled | none | @button:Delete task,1,0,Enter>button:Delete task[none|f=button:Delete task|h=None]@26.1 ; Tab>button:Delete task[dialog:Delete this task?|f=button:Delete task|h=None]@52.4 ; Enter>button:Cancel[dialog:Delete this task?|f=button:Cancel|h=None]@53.8
chromium-dark-desktop › orbit-popconfirm pop-enter-tab-enter burst sample 2,orbit-popconfirm,popconfirm,pop-enter-tab-enter,pop-enter-enter,burst,2,Enter Tab Enter,Answer=cancelled | none | @button:Delete task,1,0,Enter>button:Delete task[none|f=button:Delete task|h=None]@30.6 ; Tab>button:Delete task[dialog:Delete this task?|f=button:Delete task|h=None]@59 ; Enter>button:Cancel[dialog:Delete this task?|f=button:Cancel|h=None]@60.5
chromium-dark-desktop › orbit-popconfirm pop-enter-tab-enter burst sample 3,orbit-popconfirm,popconfirm,pop-enter-tab-enter,pop-enter-enter,burst,3,Enter Tab Enter,Answer=cancelled | none | @button:Delete task,1,0,Enter>button:Delete task[none|f=button:Delete task|h=None]@21.5 ; Tab>button:Delete task[dialog:Delete this task?|f=button:Delete task|h=None]@47.9 ; Enter>button:Cancel[dialog:Delete this task?|f=button:Cancel|h=None]@49.3
chromium-dark-desktop › orbit-popconfirm pop-enter-tab-enter burst sample 4,orbit-popconfirm,popconfirm,pop-enter-tab-enter,pop-enter-enter,burst,4,Enter Tab Enter,Answer=cancelled | none | @button:Delete task,1,0,Enter>button:Delete task[none|f=button:Delete task|h=None]@25.1 ; Tab>button:Delete task[dialog:Delete this task?|f=button:Delete task|h=None]@51.4 ; Enter>button:Cancel[dialog:Delete this task?|f=button:Cancel|h=None]@52.7
chromium-dark-desktop › orbit-popconfirm pop-enter-tab-enter burst sample 5,orbit-popconfirm,popconfirm,pop-enter-tab-enter,pop-enter-enter,burst,5,Enter Tab Enter,Answer=cancelled | none | @button:Delete task,1,0,Enter>button:Delete task[none|f=button:Delete task|h=None]@27.7 ; Tab>button:Delete task[dialog:Delete this task?|f=button:Delete task|h=None]@54.6 ; Enter>button:Cancel[dialog:Delete this task?|f=button:Cancel|h=None]@56
chromium-dark-desktop › orbit-popconfirm pop-enter-tab-enter burst sample 6,orbit-popconfirm,popconfirm,pop-enter-tab-enter,pop-enter-enter,burst,6,Enter Tab Enter,Answer=cancelled | none | @button:Delete task,1,0,Enter>button:Delete task[none|f=button:Delete task|h=None]@30.9 ; Tab>button:Delete task[dialog:Delete this task?|f=button:Delete task|h=None]@57.1 ; Enter>button:Cancel[dialog:Delete this task?|f=button:Cancel|h=None]@58.5
chromium-dark-desktop › orbit-popconfirm pop-enter-tab-enter burst sample 7,orbit-popconfirm,popconfirm,pop-enter-tab-enter,pop-enter-enter,burst,7,Enter Tab Enter,Answer=cancelled | none | @button:Delete task,1,0,Enter>button:Delete task[none|f=button:Delete task|h=None]@21.3 ; Tab>button:Delete task[dialog:Delete this task?|f=button:Delete task|h=None]@47.3 ; Enter>button:Cancel[dialog:Delete this task?|f=button:Cancel|h=None]@48.8
chromium-dark-desktop › orbit-popconfirm pop-enter-tab-enter burst sample 8,orbit-popconfirm,popconfirm,pop-enter-tab-enter,pop-enter-enter,burst,8,Enter Tab Enter,Answer=cancelled | none | @button:Delete task,1,0,Enter>button:Delete task[none|f=button:Delete task|h=None]@22.1 ; Tab>button:Delete task[dialog:Delete this task?|f=button:Delete task|h=None]@49.7 ; Enter>button:Cancel[dialog:Delete this task?|f=button:Cancel|h=None]@51
chromium-dark-desktop › orbit-popconfirm pop-enter-tab-enter burst sample 9,orbit-popconfirm,popconfirm,pop-enter-tab-enter,pop-enter-enter,burst,9,Enter Tab Enter,Answer=cancelled | none | @button:Delete task,1,0,Enter>button:Delete task[none|f=button:Delete task|h=None]@32.2 ; Tab>button:Delete task[dialog:Delete this task?|f=button:Delete task|h=None]@59.9 ; Enter>button:Cancel[dialog:Delete this task?|f=button:Cancel|h=None]@61.3
chromium-dark-desktop › orbit-popconfirm pop-enter-tab-enter burst sample 10,orbit-popconfirm,popconfirm,pop-enter-tab-enter,pop-enter-enter,burst,10,Enter Tab Enter,Answer=cancelled | none | @button:Delete task,1,0,Enter>button:Delete task[none|f=button:Delete task|h=None]@32.4 ; Tab>button:Delete task[dialog:Delete this task?|f=button:Delete task|h=None]@61.1 ; Enter>button:Cancel[dialog:Delete this task?|f=button:Cancel|h=None]@62.6
chromium-dark-desktop › orbit-popconfirm pop-enter-tab-enter burst sample 11,orbit-popconfirm,popconfirm,pop-enter-tab-enter,pop-enter-enter,burst,11,Enter Tab Enter,Answer=cancelled | none | @button:Delete task,1,0,Enter>button:Delete task[none|f=button:Delete task|h=None]@27.6 ; Tab>button:Delete task[dialog:Delete this task?|f=button:Delete task|h=None]@54 ; Enter>button:Cancel[dialog:Delete this task?|f=button:Cancel|h=None]@55.3
chromium-dark-desktop › orbit-popconfirm pop-enter-tab-enter burst sample 12,orbit-popconfirm,popconfirm,pop-enter-tab-enter,pop-enter-enter,burst,12,Enter Tab Enter,Answer=cancelled | none | @button:Delete task,1,0,Enter>button:Delete task[none|f=button:Delete task|h=None]@15.6 ; Tab>button:Delete task[dialog:Delete this task?|f=button:Delete task|h=None]@41.7 ; Enter>button:Cancel[dialog:Delete this task?|f=button:Cancel|h=None]@43.1
chromium-dark-desktop › orbit-popconfirm pop-enter-tab-enter burst sample 13,orbit-popconfirm,popconfirm,pop-enter-tab-enter,pop-enter-enter,burst,13,Enter Tab Enter,Answer=cancelled | none | @button:Delete task,1,0,Enter>button:Delete task[none|f=button:Delete task|h=None]@36 ; Tab>button:Delete task[dialog:Delete this task?|f=button:Delete task|h=None]@62.3 ; Enter>button:Cancel[dialog:Delete this task?|f=button:Cancel|h=None]@63.7
chromium-dark-desktop › orbit-popconfirm pop-enter-tab-enter burst sample 14,orbit-popconfirm,popconfirm,pop-enter-tab-enter,pop-enter-enter,burst,14,Enter Tab Enter,Answer=cancelled | none | @button:Delete task,1,0,Enter>button:Delete task[none|f=button:Delete task|h=None]@17.4 ; Tab>button:Delete task[dialog:Delete this task?|f=button:Delete task|h=None]@43 ; Enter>button:Cancel[dialog:Delete this task?|f=button:Cancel|h=None]@44.3
chromium-dark-desktop › orbit-popconfirm pop-enter-tab-enter burst sample 15,orbit-popconfirm,popconfirm,pop-enter-tab-enter,pop-enter-enter,burst,15,Enter Tab Enter,Answer=cancelled | none | @button:Delete task,1,0,Enter>button:Delete task[none|f=button:Delete task|h=None]@31.3 ; Tab>button:Delete task[dialog:Delete this task?|f=button:Delete task|h=None]@58.2 ; Enter>button:Cancel[dialog:Delete this task?|f=button:Cancel|h=None]@59.6
chromium-dark-desktop › orbit-popconfirm pop-enter-tab-enter burst sample 16,orbit-popconfirm,popconfirm,pop-enter-tab-enter,pop-enter-enter,burst,16,Enter Tab Enter,Answer=cancelled | none | @button:Delete task,1,0,Enter>button:Delete task[none|f=button:Delete task|h=None]@25.4 ; Tab>button:Delete task[dialog:Delete this task?|f=button:Delete task|h=None]@51.8 ; Enter>button:Cancel[dialog:Delete this task?|f=button:Cancel|h=None]@53.2
chromium-dark-desktop › orbit-popconfirm pop-enter-tab-enter burst sample 17,orbit-popconfirm,popconfirm,pop-enter-tab-enter,pop-enter-enter,burst,17,Enter Tab Enter,Answer=cancelled | none | @button:Delete task,1,0,Enter>button:Delete task[none|f=button:Delete task|h=None]@24.5 ; Tab>button:Delete task[dialog:Delete this task?|f=button:Delete task|h=None]@50.4 ; Enter>button:Cancel[dialog:Delete this task?|f=button:Cancel|h=None]@51.7
chromium-dark-desktop › orbit-popconfirm pop-enter-tab-enter burst sample 18,orbit-popconfirm,popconfirm,pop-enter-tab-enter,pop-enter-enter,burst,18,Enter Tab Enter,Answer=cancelled | none | @button:Delete task,1,0,Enter>button:Delete task[none|f=button:Delete task|h=None]@31 ; Tab>button:Delete task[dialog:Delete this task?|f=button:Delete task|h=None]@57.5 ; Enter>button:Cancel[dialog:Delete this task?|f=button:Cancel|h=None]@58.9
chromium-dark-desktop › orbit-popconfirm pop-enter-tab-enter burst sample 19,orbit-popconfirm,popconfirm,pop-enter-tab-enter,pop-enter-enter,burst,19,Enter Tab Enter,Answer=cancelled | none | @button:Delete task,1,0,Enter>button:Delete task[none|f=button:Delete task|h=None]@23 ; Tab>button:Delete task[dialog:Delete this task?|f=button:Delete task|h=None]@56.4 ; Enter>button:Cancel[dialog:Delete this task?|f=button:Cancel|h=None]@58.4
chromium-dark-desktop › orbit-popconfirm pop-enter-tab-enter paced sample 0,orbit-popconfirm,popconfirm,pop-enter-tab-enter,pop-enter-enter,paced,0,Enter Tab Enter,Answer=cancelled | none | @button:Delete task,0,0,Enter>button:Delete task[none|f=button:Delete task|h=None]@35.1 ; Tab>dialog:Delete this task?A run s[dialog:Delete this task?|f=dialog:Delete this task?A run s|h=None]@373.1 ; Enter>button:Cancel[dialog:Delete this task?|f=button:Cancel|h=None]@685.1
chromium-dark-desktop › orbit-popconfirm pop-enter-tab-enter paced sample 1,orbit-popconfirm,popconfirm,pop-enter-tab-enter,pop-enter-enter,paced,1,Enter Tab Enter,Answer=cancelled | none | @button:Delete task,0,0,Enter>button:Delete task[none|f=button:Delete task|h=None]@28.3 ; Tab>dialog:Delete this task?A run s[dialog:Delete this task?|f=dialog:Delete this task?A run s|h=None]@361.4 ; Enter>button:Cancel[dialog:Delete this task?|f=button:Cancel|h=None]@670.7
chromium-dark-desktop › orbit-popconfirm pop-enter-tab-enter paced sample 2,orbit-popconfirm,popconfirm,pop-enter-tab-enter,pop-enter-enter,paced,2,Enter Tab Enter,Answer=cancelled | none | @button:Delete task,0,0,Enter>button:Delete task[none|f=button:Delete task|h=None]@28.7 ; Tab>dialog:Delete this task?A run s[dialog:Delete this task?|f=dialog:Delete this task?A run s|h=None]@365.9 ; Enter>button:Cancel[dialog:Delete this task?|f=button:Cancel|h=None]@674.5
chromium-dark-desktop › orbit-popconfirm pop-enter-tab-enter paced sample 3,orbit-popconfirm,popconfirm,pop-enter-tab-enter,pop-enter-enter,paced,3,Enter Tab Enter,Answer=cancelled | none | @button:Delete task,0,0,Enter>button:Delete task[none|f=button:Delete task|h=None]@18.7 ; Tab>dialog:Delete this task?A run s[dialog:Delete this task?|f=dialog:Delete this task?A run s|h=None]@357.3 ; Enter>button:Cancel[dialog:Delete this task?|f=button:Cancel|h=None]@665.4
chromium-dark-desktop › orbit-popconfirm pop-enter-tab-enter paced sample 4,orbit-popconfirm,popconfirm,pop-enter-tab-enter,pop-enter-enter,paced,4,Enter Tab Enter,Answer=cancelled | none | @button:Delete task,0,0,Enter>button:Delete task[none|f=button:Delete task|h=None]@35.8 ; Tab>dialog:Delete this task?A run s[dialog:Delete this task?|f=dialog:Delete this task?A run s|h=None]@372.2 ; Enter>button:Cancel[dialog:Delete this task?|f=button:Cancel|h=None]@682.3
chromium-dark-desktop › orbit-popconfirm pop-enter-tab-enter paced sample 5,orbit-popconfirm,popconfirm,pop-enter-tab-enter,pop-enter-enter,paced,5,Enter Tab Enter,Answer=cancelled | none | @button:Delete task,0,0,Enter>button:Delete task[none|f=button:Delete task|h=None]@23.8 ; Tab>dialog:Delete this task?A run s[dialog:Delete this task?|f=dialog:Delete this task?A run s|h=None]@356.1 ; Enter>button:Cancel[dialog:Delete this task?|f=button:Cancel|h=None]@661.3
chromium-dark-desktop › orbit-popconfirm pop-enter-tab-enter paced sample 6,orbit-popconfirm,popconfirm,pop-enter-tab-enter,pop-enter-enter,paced,6,Enter Tab Enter,Answer=cancelled | none | @button:Delete task,0,0,Enter>button:Delete task[none|f=button:Delete task|h=None]@29.4 ; Tab>dialog:Delete this task?A run s[dialog:Delete this task?|f=dialog:Delete this task?A run s|h=None]@367.6 ; Enter>button:Cancel[dialog:Delete this task?|f=button:Cancel|h=None]@672.1
chromium-dark-desktop › orbit-popconfirm pop-enter-tab-enter paced sample 7,orbit-popconfirm,popconfirm,pop-enter-tab-enter,pop-enter-enter,paced,7,Enter Tab Enter,Answer=cancelled | none | @button:Delete task,0,0,Enter>button:Delete task[none|f=button:Delete task|h=None]@24.1 ; Tab>dialog:Delete this task?A run s[dialog:Delete this task?|f=dialog:Delete this task?A run s|h=None]@358.5 ; Enter>button:Cancel[dialog:Delete this task?|f=button:Cancel|h=None]@664.1
chromium-dark-desktop › orbit-popconfirm pop-enter-tab-enter paced sample 8,orbit-popconfirm,popconfirm,pop-enter-tab-enter,pop-enter-enter,paced,8,Enter Tab Enter,Answer=cancelled | none | @button:Delete task,0,0,Enter>button:Delete task[none|f=button:Delete task|h=None]@30 ; Tab>dialog:Delete this task?A run s[dialog:Delete this task?|f=dialog:Delete this task?A run s|h=None]@362.9 ; Enter>button:Cancel[dialog:Delete this task?|f=button:Cancel|h=None]@668.7
chromium-dark-desktop › orbit-popconfirm pop-enter-tab-enter paced sample 9,orbit-popconfirm,popconfirm,pop-enter-tab-enter,pop-enter-enter,paced,9,Enter Tab Enter,Answer=cancelled | none | @button:Delete task,0,0,Enter>button:Delete task[none|f=button:Delete task|h=None]@25.6 ; Tab>dialog:Delete this task?A run s[dialog:Delete this task?|f=dialog:Delete this task?A run s|h=None]@364 ; Enter>button:Cancel[dialog:Delete this task?|f=button:Cancel|h=None]@668.6
chromium-dark-desktop › orbit-popconfirm pop-enter-tab-enter paced sample 10,orbit-popconfirm,popconfirm,pop-enter-tab-enter,pop-enter-enter,paced,10,Enter Tab Enter,Answer=cancelled | none | @button:Delete task,0,0,Enter>button:Delete task[none|f=button:Delete task|h=None]@25.8 ; Tab>dialog:Delete this task?A run s[dialog:Delete this task?|f=dialog:Delete this task?A run s|h=None]@360.7 ; Enter>button:Cancel[dialog:Delete this task?|f=button:Cancel|h=None]@666.2
chromium-dark-desktop › orbit-popconfirm pop-enter-tab-enter paced sample 11,orbit-popconfirm,popconfirm,pop-enter-tab-enter,pop-enter-enter,paced,11,Enter Tab Enter,Answer=cancelled | none | @button:Delete task,0,0,Enter>button:Delete task[none|f=button:Delete task|h=None]@20.1 ; Tab>dialog:Delete this task?A run s[dialog:Delete this task?|f=dialog:Delete this task?A run s|h=None]@346.4 ; Enter>button:Cancel[dialog:Delete this task?|f=button:Cancel|h=None]@651.5
chromium-dark-desktop › orbit-popconfirm pop-enter-tab-enter paced sample 12,orbit-popconfirm,popconfirm,pop-enter-tab-enter,pop-enter-enter,paced,12,Enter Tab Enter,Answer=cancelled | none | @button:Delete task,0,0,Enter>button:Delete task[none|f=button:Delete task|h=None]@34.3 ; Tab>dialog:Delete this task?A run s[dialog:Delete this task?|f=dialog:Delete this task?A run s|h=None]@367.6 ; Enter>button:Cancel[dialog:Delete this task?|f=button:Cancel|h=None]@673.4
chromium-dark-desktop › orbit-popconfirm pop-enter-tab-enter paced sample 13,orbit-popconfirm,popconfirm,pop-enter-tab-enter,pop-enter-enter,paced,13,Enter Tab Enter,Answer=cancelled | none | @button:Delete task,0,0,Enter>button:Delete task[none|f=button:Delete task|h=None]@19.8 ; Tab>dialog:Delete this task?A run s[dialog:Delete this task?|f=dialog:Delete this task?A run s|h=None]@352.3 ; Enter>button:Cancel[dialog:Delete this task?|f=button:Cancel|h=None]@657.4
chromium-dark-desktop › orbit-popconfirm pop-enter-tab-enter paced sample 14,orbit-popconfirm,popconfirm,pop-enter-tab-enter,pop-enter-enter,paced,14,Enter Tab Enter,Answer=cancelled | none | @button:Delete task,0,0,Enter>button:Delete task[none|f=button:Delete task|h=None]@32.1 ; Tab>dialog:Delete this task?A run s[dialog:Delete this task?|f=dialog:Delete this task?A run s|h=None]@364.5 ; Enter>button:Cancel[dialog:Delete this task?|f=button:Cancel|h=None]@669.9
chromium-dark-desktop › orbit-popconfirm pop-enter-tab-enter paced sample 15,orbit-popconfirm,popconfirm,pop-enter-tab-enter,pop-enter-enter,paced,15,Enter Tab Enter,Answer=cancelled | none | @button:Delete task,0,0,Enter>button:Delete task[none|f=button:Delete task|h=None]@28.7 ; Tab>dialog:Delete this task?A run s[dialog:Delete this task?|f=dialog:Delete this task?A run s|h=None]@362.3 ; Enter>button:Cancel[dialog:Delete this task?|f=button:Cancel|h=None]@669.1
chromium-dark-desktop › orbit-popconfirm pop-enter-tab-enter paced sample 16,orbit-popconfirm,popconfirm,pop-enter-tab-enter,pop-enter-enter,paced,16,Enter Tab Enter,Answer=cancelled | none | @button:Delete task,0,0,Enter>button:Delete task[none|f=button:Delete task|h=None]@25 ; Tab>dialog:Delete this task?A run s[dialog:Delete this task?|f=dialog:Delete this task?A run s|h=None]@360 ; Enter>button:Cancel[dialog:Delete this task?|f=button:Cancel|h=None]@667.8
chromium-dark-desktop › orbit-popconfirm pop-enter-tab-enter paced sample 17,orbit-popconfirm,popconfirm,pop-enter-tab-enter,pop-enter-enter,paced,17,Enter Tab Enter,Answer=cancelled | none | @button:Delete task,0,0,Enter>button:Delete task[none|f=button:Delete task|h=None]@26.1 ; Tab>dialog:Delete this task?A run s[dialog:Delete this task?|f=dialog:Delete this task?A run s|h=None]@357.2 ; Enter>button:Cancel[dialog:Delete this task?|f=button:Cancel|h=None]@662.3
chromium-dark-desktop › orbit-popconfirm pop-enter-tab-enter paced sample 18,orbit-popconfirm,popconfirm,pop-enter-tab-enter,pop-enter-enter,paced,18,Enter Tab Enter,Answer=cancelled | none | @button:Delete task,0,0,Enter>button:Delete task[none|f=button:Delete task|h=None]@34.6 ; Tab>dialog:Delete this task?A run s[dialog:Delete this task?|f=dialog:Delete this task?A run s|h=None]@365.2 ; Enter>button:Cancel[dialog:Delete this task?|f=button:Cancel|h=None]@670.8
chromium-dark-desktop › orbit-popconfirm pop-enter-tab-enter paced sample 19,orbit-popconfirm,popconfirm,pop-enter-tab-enter,pop-enter-enter,paced,19,Enter Tab Enter,Answer=cancelled | none | @button:Delete task,0,0,Enter>button:Delete task[none|f=button:Delete task|h=None]@23.5 ; Tab>dialog:Delete this task?A run s[dialog:Delete this task?|f=dialog:Delete this task?A run s|h=None]@355.1 ; Enter>button:Cancel[dialog:Delete this task?|f=button:Cancel|h=None]@660
chromium-dark-desktop › antd-popconfirm pop-enter-tab-enter burst sample 0,antd-popconfirm,popconfirm,pop-enter-tab-enter,pop-enter-enter,burst,0,Enter Tab Enter,Answer=cancelled | none | @body:darkSwitch themeDelete t,1,0,Enter>button:Delete task[none|f=button:Delete task|h=None]@21.4 ; Tab>button:Delete task[tooltip:Delete this task?A r|f=button:Delete task|h=None]@51.1 ; Enter>button:Cancel[tooltip:Delete this task?A r|f=button:Cancel|h=None]@51.6
chromium-dark-desktop › antd-popconfirm pop-enter-tab-enter burst sample 1,antd-popconfirm,popconfirm,pop-enter-tab-enter,pop-enter-enter,burst,1,Enter Tab Enter,Answer=cancelled | none | @body:darkSwitch themeDelete t,1,0,Enter>button:Delete task[none|f=button:Delete task|h=None]@20.6 ; Tab>button:Delete task[tooltip:Delete this task?A r|f=button:Delete task|h=None]@53.3 ; Enter>button:Cancel[tooltip:Delete this task?A r|f=button:Cancel|h=None]@53.8
chromium-dark-desktop › antd-popconfirm pop-enter-tab-enter burst sample 2,antd-popconfirm,popconfirm,pop-enter-tab-enter,pop-enter-enter,burst,2,Enter Tab Enter,Answer=cancelled | none | @body:darkSwitch themeDelete t,1,0,Enter>button:Delete task[none|f=button:Delete task|h=None]@28.8 ; Tab>button:Delete task[tooltip:Delete this task?A r|f=button:Delete task|h=None]@59.7 ; Enter>button:Cancel[tooltip:Delete this task?A r|f=button:Cancel|h=None]@60.2
chromium-dark-desktop › antd-popconfirm pop-enter-tab-enter burst sample 3,antd-popconfirm,popconfirm,pop-enter-tab-enter,pop-enter-enter,burst,3,Enter Tab Enter,Answer=cancelled | none | @body:darkSwitch themeDelete t,1,0,Enter>button:Delete task[none|f=button:Delete task|h=None]@27.9 ; Tab>button:Delete task[tooltip:Delete this task?A r|f=button:Delete task|h=None]@59.7 ; Enter>button:Cancel[tooltip:Delete this task?A r|f=button:Cancel|h=None]@60.3
chromium-dark-desktop › antd-popconfirm pop-enter-tab-enter burst sample 4,antd-popconfirm,popconfirm,pop-enter-tab-enter,pop-enter-enter,burst,4,Enter Tab Enter,Answer=cancelled | none | @body:darkSwitch themeDelete t,1,0,Enter>button:Delete task[none|f=button:Delete task|h=None]@20.6 ; Tab>button:Delete task[tooltip:Delete this task?A r|f=button:Delete task|h=None]@51.7 ; Enter>button:Cancel[tooltip:Delete this task?A r|f=button:Cancel|h=None]@52.1
chromium-dark-desktop › antd-popconfirm pop-enter-tab-enter burst sample 5,antd-popconfirm,popconfirm,pop-enter-tab-enter,pop-enter-enter,burst,5,Enter Tab Enter,Answer=cancelled | none | @body:darkSwitch themeDelete t,1,0,Enter>button:Delete task[none|f=button:Delete task|h=None]@27.4 ; Tab>button:Delete task[tooltip:Delete this task?A r|f=button:Delete task|h=None]@56.2 ; Enter>button:Cancel[tooltip:Delete this task?A r|f=button:Cancel|h=None]@56.8
chromium-dark-desktop › antd-popconfirm pop-enter-tab-enter burst sample 6,antd-popconfirm,popconfirm,pop-enter-tab-enter,pop-enter-enter,burst,6,Enter Tab Enter,Answer=cancelled | none | @body:darkSwitch themeDelete t,1,0,Enter>button:Delete task[none|f=button:Delete task|h=None]@27.1 ; Tab>button:Delete task[tooltip:Delete this task?A r|f=button:Delete task|h=None]@57.3 ; Enter>button:Cancel[tooltip:Delete this task?A r|f=button:Cancel|h=None]@57.7
chromium-dark-desktop › antd-popconfirm pop-enter-tab-enter burst sample 7,antd-popconfirm,popconfirm,pop-enter-tab-enter,pop-enter-enter,burst,7,Enter Tab Enter,Answer=cancelled | none | @body:darkSwitch themeDelete t,1,0,Enter>button:Delete task[none|f=button:Delete task|h=None]@29.8 ; Tab>button:Delete task[tooltip:Delete this task?A r|f=button:Delete task|h=None]@59.4 ; Enter>button:Cancel[tooltip:Delete this task?A r|f=button:Cancel|h=None]@59.9
chromium-dark-desktop › antd-popconfirm pop-enter-tab-enter burst sample 8,antd-popconfirm,popconfirm,pop-enter-tab-enter,pop-enter-enter,burst,8,Enter Tab Enter,Answer=cancelled | none | @body:darkSwitch themeDelete t,1,0,Enter>button:Delete task[none|f=button:Delete task|h=None]@27.8 ; Tab>button:Delete task[tooltip:Delete this task?A r|f=button:Delete task|h=None]@60.1 ; Enter>button:Cancel[tooltip:Delete this task?A r|f=button:Cancel|h=None]@60.7
chromium-dark-desktop › antd-popconfirm pop-enter-tab-enter burst sample 9,antd-popconfirm,popconfirm,pop-enter-tab-enter,pop-enter-enter,burst,9,Enter Tab Enter,Answer=cancelled | none | @body:darkSwitch themeDelete t,1,0,Enter>button:Delete task[none|f=button:Delete task|h=None]@25.6 ; Tab>button:Delete task[tooltip:Delete this task?A r|f=button:Delete task|h=None]@57.6 ; Enter>button:Cancel[tooltip:Delete this task?A r|f=button:Cancel|h=None]@58.1
chromium-dark-desktop › antd-popconfirm pop-enter-tab-enter burst sample 10,antd-popconfirm,popconfirm,pop-enter-tab-enter,pop-enter-enter,burst,10,Enter Tab Enter,Answer=cancelled | none | @body:darkSwitch themeDelete t,1,0,Enter>button:Delete task[none|f=button:Delete task|h=None]@21.6 ; Tab>button:Delete task[tooltip:Delete this task?A r|f=button:Delete task|h=None]@51.8 ; Enter>button:Cancel[tooltip:Delete this task?A r|f=button:Cancel|h=None]@52.3
chromium-dark-desktop › antd-popconfirm pop-enter-tab-enter burst sample 11,antd-popconfirm,popconfirm,pop-enter-tab-enter,pop-enter-enter,burst,11,Enter Tab Enter,Answer=cancelled | none | @body:darkSwitch themeDelete t,1,0,Enter>button:Delete task[none|f=button:Delete task|h=None]@27 ; Tab>button:Delete task[tooltip:Delete this task?A r|f=button:Delete task|h=None]@56 ; Enter>button:Cancel[tooltip:Delete this task?A r|f=button:Cancel|h=None]@56.6
chromium-dark-desktop › antd-popconfirm pop-enter-tab-enter burst sample 12,antd-popconfirm,popconfirm,pop-enter-tab-enter,pop-enter-enter,burst,12,Enter Tab Enter,Answer=cancelled | none | @body:darkSwitch themeDelete t,1,0,Enter>button:Delete task[none|f=button:Delete task|h=None]@32.2 ; Tab>button:Delete task[tooltip:Delete this task?A r|f=button:Delete task|h=None]@61.1 ; Enter>button:Cancel[tooltip:Delete this task?A r|f=button:Cancel|h=None]@61.6
chromium-dark-desktop › antd-popconfirm pop-enter-tab-enter burst sample 13,antd-popconfirm,popconfirm,pop-enter-tab-enter,pop-enter-enter,burst,13,Enter Tab Enter,Answer=cancelled | none | @body:darkSwitch themeDelete t,1,0,Enter>button:Delete task[none|f=button:Delete task|h=None]@25.7 ; Tab>button:Delete task[tooltip:Delete this task?A r|f=button:Delete task|h=None]@55.6 ; Enter>button:Cancel[tooltip:Delete this task?A r|f=button:Cancel|h=None]@56.1
chromium-dark-desktop › antd-popconfirm pop-enter-tab-enter burst sample 14,antd-popconfirm,popconfirm,pop-enter-tab-enter,pop-enter-enter,burst,14,Enter Tab Enter,Answer=cancelled | none | @body:darkSwitch themeDelete t,1,0,Enter>button:Delete task[none|f=button:Delete task|h=None]@31.7 ; Tab>button:Delete task[tooltip:Delete this task?A r|f=button:Delete task|h=None]@60.6 ; Enter>button:Cancel[tooltip:Delete this task?A r|f=button:Cancel|h=None]@61.1
chromium-dark-desktop › antd-popconfirm pop-enter-tab-enter burst sample 15,antd-popconfirm,popconfirm,pop-enter-tab-enter,pop-enter-enter,burst,15,Enter Tab Enter,Answer=cancelled | none | @body:darkSwitch themeDelete t,1,0,Enter>button:Delete task[none|f=button:Delete task|h=None]@26 ; Tab>button:Delete task[tooltip:Delete this task?A r|f=button:Delete task|h=None]@55 ; Enter>button:Cancel[tooltip:Delete this task?A r|f=button:Cancel|h=None]@55.4
chromium-dark-desktop › antd-popconfirm pop-enter-tab-enter burst sample 16,antd-popconfirm,popconfirm,pop-enter-tab-enter,pop-enter-enter,burst,16,Enter Tab Enter,Answer=cancelled | none | @body:darkSwitch themeDelete t,1,0,Enter>button:Delete task[none|f=button:Delete task|h=None]@19 ; Tab>button:Delete task[tooltip:Delete this task?A r|f=button:Delete task|h=None]@47.4 ; Enter>button:Cancel[tooltip:Delete this task?A r|f=button:Cancel|h=None]@47.9
chromium-dark-desktop › antd-popconfirm pop-enter-tab-enter burst sample 17,antd-popconfirm,popconfirm,pop-enter-tab-enter,pop-enter-enter,burst,17,Enter Tab Enter,Answer=cancelled | none | @body:darkSwitch themeDelete t,1,0,Enter>button:Delete task[none|f=button:Delete task|h=None]@29.7 ; Tab>button:Delete task[tooltip:Delete this task?A r|f=button:Delete task|h=None]@65.8 ; Enter>button:Cancel[tooltip:Delete this task?A r|f=button:Cancel|h=None]@66.4
chromium-dark-desktop › antd-popconfirm pop-enter-tab-enter burst sample 18,antd-popconfirm,popconfirm,pop-enter-tab-enter,pop-enter-enter,burst,18,Enter Tab Enter,Answer=cancelled | none | @body:darkSwitch themeDelete t,1,0,Enter>button:Delete task[none|f=button:Delete task|h=None]@19.7 ; Tab>button:Delete task[tooltip:Delete this task?A r|f=button:Delete task|h=None]@49.8 ; Enter>button:Cancel[tooltip:Delete this task?A r|f=button:Cancel|h=None]@50.4
chromium-dark-desktop › antd-popconfirm pop-enter-tab-enter burst sample 19,antd-popconfirm,popconfirm,pop-enter-tab-enter,pop-enter-enter,burst,19,Enter Tab Enter,Answer=cancelled | none | @body:darkSwitch themeDelete t,1,0,Enter>button:Delete task[none|f=button:Delete task|h=None]@39 ; Tab>button:Delete task[tooltip:Delete this task?A r|f=button:Delete task|h=None]@68.3 ; Enter>button:Cancel[tooltip:Delete this task?A r|f=button:Cancel|h=None]@68.8
chromium-dark-desktop › antd-popconfirm pop-enter-tab-enter paced sample 0,antd-popconfirm,popconfirm,pop-enter-tab-enter,pop-enter-enter,paced,0,Enter Tab Enter,Answer=cancelled | none | @body:darkSwitch themeDelete t,1,0,Enter>button:Delete task[none|f=button:Delete task|h=None]@23.1 ; Tab>button:Delete task[tooltip:Delete this task?A r|f=button:Delete task|h=None]@357.9 ; Enter>button:Cancel[tooltip:Delete this task?A r|f=button:Cancel|h=None]@662.4
chromium-dark-desktop › antd-popconfirm pop-enter-tab-enter paced sample 1,antd-popconfirm,popconfirm,pop-enter-tab-enter,pop-enter-enter,paced,1,Enter Tab Enter,Answer=cancelled | none | @body:darkSwitch themeDelete t,1,0,Enter>button:Delete task[none|f=button:Delete task|h=None]@26.2 ; Tab>button:Delete task[tooltip:Delete this task?A r|f=button:Delete task|h=None]@361.4 ; Enter>button:Cancel[tooltip:Delete this task?A r|f=button:Cancel|h=None]@666.6
chromium-dark-desktop › antd-popconfirm pop-enter-tab-enter paced sample 2,antd-popconfirm,popconfirm,pop-enter-tab-enter,pop-enter-enter,paced,2,Enter Tab Enter,Answer=cancelled | none | @body:darkSwitch themeDelete t,1,0,Enter>button:Delete task[none|f=button:Delete task|h=None]@31 ; Tab>button:Delete task[tooltip:Delete this task?A r|f=button:Delete task|h=None]@366.7 ; Enter>button:Cancel[tooltip:Delete this task?A r|f=button:Cancel|h=None]@672.8
chromium-dark-desktop › antd-popconfirm pop-enter-tab-enter paced sample 3,antd-popconfirm,popconfirm,pop-enter-tab-enter,pop-enter-enter,paced,3,Enter Tab Enter,Answer=cancelled | none | @body:darkSwitch themeDelete t,1,0,Enter>button:Delete task[none|f=button:Delete task|h=None]@25.5 ; Tab>button:Delete task[tooltip:Delete this task?A r|f=button:Delete task|h=None]@364.7 ; Enter>button:Cancel[tooltip:Delete this task?A r|f=button:Cancel|h=None]@670
chromium-dark-desktop › antd-popconfirm pop-enter-tab-enter paced sample 4,antd-popconfirm,popconfirm,pop-enter-tab-enter,pop-enter-enter,paced,4,Enter Tab Enter,Answer=cancelled | none | @body:darkSwitch themeDelete t,1,0,Enter>button:Delete task[none|f=button:Delete task|h=None]@28 ; Tab>button:Delete task[tooltip:Delete this task?A r|f=button:Delete task|h=None]@363.6 ; Enter>button:Cancel[tooltip:Delete this task?A r|f=button:Cancel|h=None]@667.9
chromium-dark-desktop › antd-popconfirm pop-enter-tab-enter paced sample 5,antd-popconfirm,popconfirm,pop-enter-tab-enter,pop-enter-enter,paced,5,Enter Tab Enter,Answer=cancelled | none | @body:darkSwitch themeDelete t,1,0,Enter>button:Delete task[none|f=button:Delete task|h=None]@24 ; Tab>button:Delete task[tooltip:Delete this task?A r|f=button:Delete task|h=None]@357.3 ; Enter>button:Cancel[tooltip:Delete this task?A r|f=button:Cancel|h=None]@660.9
chromium-dark-desktop › antd-popconfirm pop-enter-tab-enter paced sample 6,antd-popconfirm,popconfirm,pop-enter-tab-enter,pop-enter-enter,paced,6,Enter Tab Enter,Answer=cancelled | none | @body:darkSwitch themeDelete t,1,0,Enter>button:Delete task[none|f=button:Delete task|h=None]@16.6 ; Tab>button:Delete task[tooltip:Delete this task?A r|f=button:Delete task|h=None]@349.9 ; Enter>button:Cancel[tooltip:Delete this task?A r|f=button:Cancel|h=None]@653.9
chromium-dark-desktop › antd-popconfirm pop-enter-tab-enter paced sample 7,antd-popconfirm,popconfirm,pop-enter-tab-enter,pop-enter-enter,paced,7,Enter Tab Enter,Answer=cancelled | none | @body:darkSwitch themeDelete t,1,0,Enter>button:Delete task[none|f=button:Delete task|h=None]@21.9 ; Tab>button:Delete task[tooltip:Delete this task?A r|f=button:Delete task|h=None]@355 ; Enter>button:Cancel[tooltip:Delete this task?A r|f=button:Cancel|h=None]@661.1
chromium-dark-desktop › antd-popconfirm pop-enter-tab-enter paced sample 8,antd-popconfirm,popconfirm,pop-enter-tab-enter,pop-enter-enter,paced,8,Enter Tab Enter,Answer=cancelled | none | @body:darkSwitch themeDelete t,1,0,Enter>button:Delete task[none|f=button:Delete task|h=None]@31.6 ; Tab>button:Delete task[tooltip:Delete this task?A r|f=button:Delete task|h=None]@365.1 ; Enter>button:Cancel[tooltip:Delete this task?A r|f=button:Cancel|h=None]@669.6
chromium-dark-desktop › antd-popconfirm pop-enter-tab-enter paced sample 9,antd-popconfirm,popconfirm,pop-enter-tab-enter,pop-enter-enter,paced,9,Enter Tab Enter,Answer=cancelled | none | @body:darkSwitch themeDelete t,1,0,Enter>button:Delete task[none|f=button:Delete task|h=None]@31.7 ; Tab>button:Delete task[tooltip:Delete this task?A r|f=button:Delete task|h=None]@369.7 ; Enter>button:Cancel[tooltip:Delete this task?A r|f=button:Cancel|h=None]@674.5
chromium-dark-desktop › antd-popconfirm pop-enter-tab-enter paced sample 10,antd-popconfirm,popconfirm,pop-enter-tab-enter,pop-enter-enter,paced,10,Enter Tab Enter,Answer=cancelled | none | @body:darkSwitch themeDelete t,1,0,Enter>button:Delete task[none|f=button:Delete task|h=None]@18.6 ; Tab>button:Delete task[tooltip:Delete this task?A r|f=button:Delete task|h=None]@353.3 ; Enter>button:Cancel[tooltip:Delete this task?A r|f=button:Cancel|h=None]@659.8
chromium-dark-desktop › antd-popconfirm pop-enter-tab-enter paced sample 11,antd-popconfirm,popconfirm,pop-enter-tab-enter,pop-enter-enter,paced,11,Enter Tab Enter,Answer=cancelled | none | @body:darkSwitch themeDelete t,1,0,Enter>button:Delete task[none|f=button:Delete task|h=None]@25.7 ; Tab>button:Delete task[tooltip:Delete this task?A r|f=button:Delete task|h=None]@359.2 ; Enter>button:Cancel[tooltip:Delete this task?A r|f=button:Cancel|h=None]@663.9
chromium-dark-desktop › antd-popconfirm pop-enter-tab-enter paced sample 12,antd-popconfirm,popconfirm,pop-enter-tab-enter,pop-enter-enter,paced,12,Enter Tab Enter,Answer=cancelled | none | @body:darkSwitch themeDelete t,1,0,Enter>button:Delete task[none|f=button:Delete task|h=None]@15.8 ; Tab>button:Delete task[tooltip:Delete this task?A r|f=button:Delete task|h=None]@349 ; Enter>button:Cancel[tooltip:Delete this task?A r|f=button:Cancel|h=None]@652.3
chromium-dark-desktop › antd-popconfirm pop-enter-tab-enter paced sample 13,antd-popconfirm,popconfirm,pop-enter-tab-enter,pop-enter-enter,paced,13,Enter Tab Enter,Answer=cancelled | none | @body:darkSwitch themeDelete t,1,0,Enter>button:Delete task[none|f=button:Delete task|h=None]@23.3 ; Tab>button:Delete task[tooltip:Delete this task?A r|f=button:Delete task|h=None]@350.1 ; Enter>button:Cancel[tooltip:Delete this task?A r|f=button:Cancel|h=None]@654.8
chromium-dark-desktop › antd-popconfirm pop-enter-tab-enter paced sample 14,antd-popconfirm,popconfirm,pop-enter-tab-enter,pop-enter-enter,paced,14,Enter Tab Enter,Answer=cancelled | none | @body:darkSwitch themeDelete t,1,0,Enter>button:Delete task[none|f=button:Delete task|h=None]@28.2 ; Tab>button:Delete task[tooltip:Delete this task?A r|f=button:Delete task|h=None]@355.9 ; Enter>button:Cancel[tooltip:Delete this task?A r|f=button:Cancel|h=None]@659.3
chromium-dark-desktop › antd-popconfirm pop-enter-tab-enter paced sample 15,antd-popconfirm,popconfirm,pop-enter-tab-enter,pop-enter-enter,paced,15,Enter Tab Enter,Answer=cancelled | none | @body:darkSwitch themeDelete t,1,0,Enter>button:Delete task[none|f=button:Delete task|h=None]@29 ; Tab>button:Delete task[tooltip:Delete this task?A r|f=button:Delete task|h=None]@364.9 ; Enter>button:Cancel[tooltip:Delete this task?A r|f=button:Cancel|h=None]@668.8
chromium-dark-desktop › antd-popconfirm pop-enter-tab-enter paced sample 16,antd-popconfirm,popconfirm,pop-enter-tab-enter,pop-enter-enter,paced,16,Enter Tab Enter,Answer=cancelled | none | @body:darkSwitch themeDelete t,1,0,Enter>button:Delete task[none|f=button:Delete task|h=None]@30.4 ; Tab>button:Delete task[tooltip:Delete this task?A r|f=button:Delete task|h=None]@365 ; Enter>button:Cancel[tooltip:Delete this task?A r|f=button:Cancel|h=None]@669.6
chromium-dark-desktop › antd-popconfirm pop-enter-tab-enter paced sample 17,antd-popconfirm,popconfirm,pop-enter-tab-enter,pop-enter-enter,paced,17,Enter Tab Enter,Answer=cancelled | none | @body:darkSwitch themeDelete t,1,0,Enter>button:Delete task[none|f=button:Delete task|h=None]@31.4 ; Tab>button:Delete task[tooltip:Delete this task?A r|f=button:Delete task|h=None]@366.6 ; Enter>button:Cancel[tooltip:Delete this task?A r|f=button:Cancel|h=None]@670.8
chromium-dark-desktop › antd-popconfirm pop-enter-tab-enter paced sample 18,antd-popconfirm,popconfirm,pop-enter-tab-enter,pop-enter-enter,paced,18,Enter Tab Enter,Answer=cancelled | none | @body:darkSwitch themeDelete t,1,0,Enter>button:Delete task[none|f=button:Delete task|h=None]@22.1 ; Tab>button:Delete task[tooltip:Delete this task?A r|f=button:Delete task|h=None]@365.8 ; Enter>button:Cancel[tooltip:Delete this task?A r|f=button:Cancel|h=None]@669.2
chromium-dark-desktop › antd-popconfirm pop-enter-tab-enter paced sample 19,antd-popconfirm,popconfirm,pop-enter-tab-enter,pop-enter-enter,paced,19,Enter Tab Enter,Answer=cancelled | none | @body:darkSwitch themeDelete t,1,0,Enter>button:Delete task[none|f=button:Delete task|h=None]@16.6 ; Tab>button:Delete task[tooltip:Delete this task?A r|f=button:Delete task|h=None]@351.9 ; Enter>button:Cancel[tooltip:Delete this task?A r|f=button:Cancel|h=None]@656.4
chromium-dark-desktop › orbit-popconfirm pop-enter-shift-tab burst sample 0,orbit-popconfirm,popconfirm,pop-enter-shift-tab,pop-enter,burst,0,Enter Shift+Tab,none | none | @button:Switch theme,1,0,Enter>button:Delete task[none|f=button:Delete task|h=None]@23.6 ; Shift+Tab>button:Delete task[dialog:Delete this task?|f=button:Delete task|h=None]@51.9
chromium-dark-desktop › orbit-popconfirm pop-enter-shift-tab burst sample 1,orbit-popconfirm,popconfirm,pop-enter-shift-tab,pop-enter,burst,1,Enter Shift+Tab,none | none | @button:Switch theme,1,0,Enter>button:Delete task[none|f=button:Delete task|h=None]@30.2 ; Shift+Tab>button:Delete task[dialog:Delete this task?|f=button:Delete task|h=None]@56.3
chromium-dark-desktop › orbit-popconfirm pop-enter-shift-tab burst sample 2,orbit-popconfirm,popconfirm,pop-enter-shift-tab,pop-enter,burst,2,Enter Shift+Tab,none | none | @button:Switch theme,1,0,Enter>button:Delete task[none|f=button:Delete task|h=None]@31.1 ; Shift+Tab>button:Delete task[dialog:Delete this task?|f=button:Delete task|h=None]@57.1
chromium-dark-desktop › orbit-popconfirm pop-enter-shift-tab burst sample 3,orbit-popconfirm,popconfirm,pop-enter-shift-tab,pop-enter,burst,3,Enter Shift+Tab,none | none | @button:Switch theme,1,0,Enter>button:Delete task[none|f=button:Delete task|h=None]@29 ; Shift+Tab>button:Delete task[dialog:Delete this task?|f=button:Delete task|h=None]@55.4
chromium-dark-desktop › orbit-popconfirm pop-enter-shift-tab burst sample 4,orbit-popconfirm,popconfirm,pop-enter-shift-tab,pop-enter,burst,4,Enter Shift+Tab,none | none | @button:Switch theme,1,0,Enter>button:Delete task[none|f=button:Delete task|h=None]@22.5 ; Shift+Tab>button:Delete task[dialog:Delete this task?|f=button:Delete task|h=None]@48.4
chromium-dark-desktop › orbit-popconfirm pop-enter-shift-tab burst sample 5,orbit-popconfirm,popconfirm,pop-enter-shift-tab,pop-enter,burst,5,Enter Shift+Tab,none | none | @button:Switch theme,1,0,Enter>button:Delete task[none|f=button:Delete task|h=None]@29.7 ; Shift+Tab>button:Delete task[dialog:Delete this task?|f=button:Delete task|h=None]@56.1
chromium-dark-desktop › orbit-popconfirm pop-enter-shift-tab burst sample 6,orbit-popconfirm,popconfirm,pop-enter-shift-tab,pop-enter,burst,6,Enter Shift+Tab,none | none | @button:Switch theme,1,0,Enter>button:Delete task[none|f=button:Delete task|h=None]@26 ; Shift+Tab>button:Delete task[dialog:Delete this task?|f=button:Delete task|h=None]@47.7
chromium-dark-desktop › orbit-popconfirm pop-enter-shift-tab burst sample 7,orbit-popconfirm,popconfirm,pop-enter-shift-tab,pop-enter,burst,7,Enter Shift+Tab,none | none | @button:Switch theme,1,0,Enter>button:Delete task[none|f=button:Delete task|h=None]@23.4 ; Shift+Tab>button:Delete task[dialog:Delete this task?|f=button:Delete task|h=None]@45.8
chromium-dark-desktop › orbit-popconfirm pop-enter-shift-tab burst sample 8,orbit-popconfirm,popconfirm,pop-enter-shift-tab,pop-enter,burst,8,Enter Shift+Tab,none | none | @button:Switch theme,1,0,Enter>button:Delete task[none|f=button:Delete task|h=None]@27.6 ; Shift+Tab>button:Delete task[dialog:Delete this task?|f=button:Delete task|h=None]@48.5
chromium-dark-desktop › orbit-popconfirm pop-enter-shift-tab burst sample 9,orbit-popconfirm,popconfirm,pop-enter-shift-tab,pop-enter,burst,9,Enter Shift+Tab,none | none | @button:Switch theme,1,0,Enter>button:Delete task[none|f=button:Delete task|h=None]@30.9 ; Shift+Tab>button:Delete task[dialog:Delete this task?|f=button:Delete task|h=None]@52.2
chromium-dark-desktop › orbit-popconfirm pop-enter-shift-tab burst sample 10,orbit-popconfirm,popconfirm,pop-enter-shift-tab,pop-enter,burst,10,Enter Shift+Tab,none | none | @button:Switch theme,1,0,Enter>button:Delete task[none|f=button:Delete task|h=None]@35.2 ; Shift+Tab>button:Delete task[dialog:Delete this task?|f=button:Delete task|h=None]@58.5
chromium-dark-desktop › orbit-popconfirm pop-enter-shift-tab burst sample 11,orbit-popconfirm,popconfirm,pop-enter-shift-tab,pop-enter,burst,11,Enter Shift+Tab,none | none | @button:Switch theme,1,0,Enter>button:Delete task[none|f=button:Delete task|h=None]@19.7 ; Shift+Tab>button:Delete task[dialog:Delete this task?|f=button:Delete task|h=None]@46.7
chromium-dark-desktop › orbit-popconfirm pop-enter-shift-tab burst sample 12,orbit-popconfirm,popconfirm,pop-enter-shift-tab,pop-enter,burst,12,Enter Shift+Tab,none | none | @button:Switch theme,1,0,Enter>button:Delete task[none|f=button:Delete task|h=None]@18.9 ; Shift+Tab>button:Delete task[dialog:Delete this task?|f=button:Delete task|h=None]@39.4
chromium-dark-desktop › orbit-popconfirm pop-enter-shift-tab burst sample 13,orbit-popconfirm,popconfirm,pop-enter-shift-tab,pop-enter,burst,13,Enter Shift+Tab,none | none | @button:Switch theme,1,0,Enter>button:Delete task[none|f=button:Delete task|h=None]@20.5 ; Shift+Tab>button:Delete task[dialog:Delete this task?|f=button:Delete task|h=None]@42
chromium-dark-desktop › orbit-popconfirm pop-enter-shift-tab burst sample 14,orbit-popconfirm,popconfirm,pop-enter-shift-tab,pop-enter,burst,14,Enter Shift+Tab,none | none | @button:Switch theme,1,0,Enter>button:Delete task[none|f=button:Delete task|h=None]@33.1 ; Shift+Tab>button:Delete task[dialog:Delete this task?|f=button:Delete task|h=None]@60.2
chromium-dark-desktop › orbit-popconfirm pop-enter-shift-tab burst sample 15,orbit-popconfirm,popconfirm,pop-enter-shift-tab,pop-enter,burst,15,Enter Shift+Tab,none | none | @button:Switch theme,1,0,Enter>button:Delete task[none|f=button:Delete task|h=None]@30.5 ; Shift+Tab>button:Delete task[dialog:Delete this task?|f=button:Delete task|h=None]@58
chromium-dark-desktop › orbit-popconfirm pop-enter-shift-tab burst sample 16,orbit-popconfirm,popconfirm,pop-enter-shift-tab,pop-enter,burst,16,Enter Shift+Tab,none | none | @button:Switch theme,1,0,Enter>button:Delete task[none|f=button:Delete task|h=None]@20.4 ; Shift+Tab>button:Delete task[dialog:Delete this task?|f=button:Delete task|h=None]@47.1
chromium-dark-desktop › orbit-popconfirm pop-enter-shift-tab burst sample 17,orbit-popconfirm,popconfirm,pop-enter-shift-tab,pop-enter,burst,17,Enter Shift+Tab,none | none | @button:Switch theme,1,0,Enter>button:Delete task[none|f=button:Delete task|h=None]@22.1 ; Shift+Tab>button:Delete task[dialog:Delete this task?|f=button:Delete task|h=None]@48.5
chromium-dark-desktop › orbit-popconfirm pop-enter-shift-tab burst sample 18,orbit-popconfirm,popconfirm,pop-enter-shift-tab,pop-enter,burst,18,Enter Shift+Tab,none | none | @button:Switch theme,1,0,Enter>button:Delete task[none|f=button:Delete task|h=None]@33.9 ; Shift+Tab>button:Delete task[dialog:Delete this task?|f=button:Delete task|h=None]@60.3
chromium-dark-desktop › orbit-popconfirm pop-enter-shift-tab burst sample 19,orbit-popconfirm,popconfirm,pop-enter-shift-tab,pop-enter,burst,19,Enter Shift+Tab,none | none | @button:Switch theme,1,0,Enter>button:Delete task[none|f=button:Delete task|h=None]@26.7 ; Shift+Tab>button:Delete task[dialog:Delete this task?|f=button:Delete task|h=None]@54.2
chromium-dark-desktop › orbit-popconfirm pop-enter-shift-tab paced sample 0,orbit-popconfirm,popconfirm,pop-enter-shift-tab,pop-enter,paced,0,Enter Shift+Tab,none | dialog:Delete this task? | @button:Delete task,0,0,Enter>button:Delete task[none|f=button:Delete task|h=None]@25.3 ; Shift+Tab>dialog:Delete this task?A run s[dialog:Delete this task?|f=dialog:Delete this task?A run s|h=None]@358.7
chromium-dark-desktop › orbit-popconfirm pop-enter-shift-tab paced sample 1,orbit-popconfirm,popconfirm,pop-enter-shift-tab,pop-enter,paced,1,Enter Shift+Tab,none | dialog:Delete this task? | @button:Delete task,0,0,Enter>button:Delete task[none|f=button:Delete task|h=None]@35.5 ; Shift+Tab>dialog:Delete this task?A run s[dialog:Delete this task?|f=dialog:Delete this task?A run s|h=None]@377.3
chromium-dark-desktop › orbit-popconfirm pop-enter-shift-tab paced sample 2,orbit-popconfirm,popconfirm,pop-enter-shift-tab,pop-enter,paced,2,Enter Shift+Tab,none | dialog:Delete this task? | @button:Delete task,0,0,Enter>button:Delete task[none|f=button:Delete task|h=None]@30.9 ; Shift+Tab>dialog:Delete this task?A run s[dialog:Delete this task?|f=dialog:Delete this task?A run s|h=None]@365.4
chromium-dark-desktop › orbit-popconfirm pop-enter-shift-tab paced sample 3,orbit-popconfirm,popconfirm,pop-enter-shift-tab,pop-enter,paced,3,Enter Shift+Tab,none | dialog:Delete this task? | @button:Delete task,0,0,Enter>button:Delete task[none|f=button:Delete task|h=None]@27.8 ; Shift+Tab>dialog:Delete this task?A run s[dialog:Delete this task?|f=dialog:Delete this task?A run s|h=None]@360.8
chromium-dark-desktop › orbit-popconfirm pop-enter-shift-tab paced sample 4,orbit-popconfirm,popconfirm,pop-enter-shift-tab,pop-enter,paced,4,Enter Shift+Tab,none | dialog:Delete this task? | @button:Delete task,0,0,Enter>button:Delete task[none|f=button:Delete task|h=None]@15.1 ; Shift+Tab>dialog:Delete this task?A run s[dialog:Delete this task?|f=dialog:Delete this task?A run s|h=None]@353
chromium-dark-desktop › orbit-popconfirm pop-enter-shift-tab paced sample 5,orbit-popconfirm,popconfirm,pop-enter-shift-tab,pop-enter,paced,5,Enter Shift+Tab,none | dialog:Delete this task? | @button:Delete task,0,0,Enter>button:Delete task[none|f=button:Delete task|h=None]@25.7 ; Shift+Tab>dialog:Delete this task?A run s[dialog:Delete this task?|f=dialog:Delete this task?A run s|h=None]@359.7
chromium-dark-desktop › orbit-popconfirm pop-enter-shift-tab paced sample 6,orbit-popconfirm,popconfirm,pop-enter-shift-tab,pop-enter,paced,6,Enter Shift+Tab,none | dialog:Delete this task? | @button:Delete task,0,0,Enter>button:Delete task[none|f=button:Delete task|h=None]@18.8 ; Shift+Tab>dialog:Delete this task?A run s[dialog:Delete this task?|f=dialog:Delete this task?A run s|h=None]@351.5
chromium-dark-desktop › orbit-popconfirm pop-enter-shift-tab paced sample 7,orbit-popconfirm,popconfirm,pop-enter-shift-tab,pop-enter,paced,7,Enter Shift+Tab,none | dialog:Delete this task? | @button:Delete task,0,0,Enter>button:Delete task[none|f=button:Delete task|h=None]@29 ; Shift+Tab>dialog:Delete this task?A run s[dialog:Delete this task?|f=dialog:Delete this task?A run s|h=None]@362.9
chromium-dark-desktop › orbit-popconfirm pop-enter-shift-tab paced sample 8,orbit-popconfirm,popconfirm,pop-enter-shift-tab,pop-enter,paced,8,Enter Shift+Tab,none | dialog:Delete this task? | @button:Delete task,0,0,Enter>button:Delete task[none|f=button:Delete task|h=None]@31.9 ; Shift+Tab>dialog:Delete this task?A run s[dialog:Delete this task?|f=dialog:Delete this task?A run s|h=None]@365.9
chromium-dark-desktop › orbit-popconfirm pop-enter-shift-tab paced sample 9,orbit-popconfirm,popconfirm,pop-enter-shift-tab,pop-enter,paced,9,Enter Shift+Tab,none | dialog:Delete this task? | @button:Delete task,0,0,Enter>button:Delete task[none|f=button:Delete task|h=None]@19.7 ; Shift+Tab>dialog:Delete this task?A run s[dialog:Delete this task?|f=dialog:Delete this task?A run s|h=None]@352.5
chromium-dark-desktop › orbit-popconfirm pop-enter-shift-tab paced sample 10,orbit-popconfirm,popconfirm,pop-enter-shift-tab,pop-enter,paced,10,Enter Shift+Tab,none | dialog:Delete this task? | @button:Delete task,0,0,Enter>button:Delete task[none|f=button:Delete task|h=None]@23.5 ; Shift+Tab>dialog:Delete this task?A run s[dialog:Delete this task?|f=dialog:Delete this task?A run s|h=None]@360.1
chromium-dark-desktop › orbit-popconfirm pop-enter-shift-tab paced sample 11,orbit-popconfirm,popconfirm,pop-enter-shift-tab,pop-enter,paced,11,Enter Shift+Tab,none | dialog:Delete this task? | @button:Delete task,0,0,Enter>button:Delete task[none|f=button:Delete task|h=None]@23.6 ; Shift+Tab>dialog:Delete this task?A run s[dialog:Delete this task?|f=dialog:Delete this task?A run s|h=None]@363.5
chromium-dark-desktop › orbit-popconfirm pop-enter-shift-tab paced sample 12,orbit-popconfirm,popconfirm,pop-enter-shift-tab,pop-enter,paced,12,Enter Shift+Tab,none | dialog:Delete this task? | @button:Delete task,0,0,Enter>button:Delete task[none|f=button:Delete task|h=None]@30.9 ; Shift+Tab>dialog:Delete this task?A run s[dialog:Delete this task?|f=dialog:Delete this task?A run s|h=None]@375
chromium-dark-desktop › orbit-popconfirm pop-enter-shift-tab paced sample 13,orbit-popconfirm,popconfirm,pop-enter-shift-tab,pop-enter,paced,13,Enter Shift+Tab,none | dialog:Delete this task? | @button:Delete task,0,0,Enter>button:Delete task[none|f=button:Delete task|h=None]@21.2 ; Shift+Tab>dialog:Delete this task?A run s[dialog:Delete this task?|f=dialog:Delete this task?A run s|h=None]@361.7
chromium-dark-desktop › orbit-popconfirm pop-enter-shift-tab paced sample 14,orbit-popconfirm,popconfirm,pop-enter-shift-tab,pop-enter,paced,14,Enter Shift+Tab,none | dialog:Delete this task? | @button:Delete task,0,0,Enter>button:Delete task[none|f=button:Delete task|h=None]@19.9 ; Shift+Tab>dialog:Delete this task?A run s[dialog:Delete this task?|f=dialog:Delete this task?A run s|h=None]@362.1
chromium-dark-desktop › orbit-popconfirm pop-enter-shift-tab paced sample 15,orbit-popconfirm,popconfirm,pop-enter-shift-tab,pop-enter,paced,15,Enter Shift+Tab,none | dialog:Delete this task? | @button:Delete task,0,0,Enter>button:Delete task[none|f=button:Delete task|h=None]@32.1 ; Shift+Tab>dialog:Delete this task?A run s[dialog:Delete this task?|f=dialog:Delete this task?A run s|h=None]@365.1
chromium-dark-desktop › orbit-popconfirm pop-enter-shift-tab paced sample 16,orbit-popconfirm,popconfirm,pop-enter-shift-tab,pop-enter,paced,16,Enter Shift+Tab,none | dialog:Delete this task? | @button:Delete task,0,0,Enter>button:Delete task[none|f=button:Delete task|h=None]@32.2 ; Shift+Tab>dialog:Delete this task?A run s[dialog:Delete this task?|f=dialog:Delete this task?A run s|h=None]@372.9
chromium-dark-desktop › orbit-popconfirm pop-enter-shift-tab paced sample 17,orbit-popconfirm,popconfirm,pop-enter-shift-tab,pop-enter,paced,17,Enter Shift+Tab,none | dialog:Delete this task? | @button:Delete task,0,0,Enter>button:Delete task[none|f=button:Delete task|h=None]@17.4 ; Shift+Tab>dialog:Delete this task?A run s[dialog:Delete this task?|f=dialog:Delete this task?A run s|h=None]@364.4
chromium-dark-desktop › orbit-popconfirm pop-enter-shift-tab paced sample 18,orbit-popconfirm,popconfirm,pop-enter-shift-tab,pop-enter,paced,18,Enter Shift+Tab,none | dialog:Delete this task? | @button:Delete task,0,0,Enter>button:Delete task[none|f=button:Delete task|h=None]@20.6 ; Shift+Tab>dialog:Delete this task?A run s[dialog:Delete this task?|f=dialog:Delete this task?A run s|h=None]@358.7
chromium-dark-desktop › orbit-popconfirm pop-enter-shift-tab paced sample 19,orbit-popconfirm,popconfirm,pop-enter-shift-tab,pop-enter,paced,19,Enter Shift+Tab,none | dialog:Delete this task? | @button:Delete task,0,0,Enter>button:Delete task[none|f=button:Delete task|h=None]@33.3 ; Shift+Tab>dialog:Delete this task?A run s[dialog:Delete this task?|f=dialog:Delete this task?A run s|h=None]@380.3
chromium-dark-desktop › antd-popconfirm pop-enter-shift-tab burst sample 0,antd-popconfirm,popconfirm,pop-enter-shift-tab,pop-enter,burst,0,Enter Shift+Tab,none | tooltip:Delete this task?A r | @button:Switch theme,1,0,Enter>button:Delete task[none|f=button:Delete task|h=None]@27.2 ; Shift+Tab>button:Delete task[tooltip:Delete this task?A r|f=button:Delete task|h=None]@61.7
chromium-dark-desktop › antd-popconfirm pop-enter-shift-tab burst sample 1,antd-popconfirm,popconfirm,pop-enter-shift-tab,pop-enter,burst,1,Enter Shift+Tab,none | tooltip:Delete this task?A r | @button:Switch theme,1,0,Enter>button:Delete task[none|f=button:Delete task|h=None]@36.4 ; Shift+Tab>button:Delete task[tooltip:Delete this task?A r|f=button:Delete task|h=None]@67.5
chromium-dark-desktop › antd-popconfirm pop-enter-shift-tab burst sample 2,antd-popconfirm,popconfirm,pop-enter-shift-tab,pop-enter,burst,2,Enter Shift+Tab,none | tooltip:Delete this task?A r | @button:Switch theme,1,0,Enter>button:Delete task[none|f=button:Delete task|h=None]@28 ; Shift+Tab>button:Delete task[tooltip:Delete this task?A r|f=button:Delete task|h=None]@52.9
chromium-dark-desktop › antd-popconfirm pop-enter-shift-tab burst sample 3,antd-popconfirm,popconfirm,pop-enter-shift-tab,pop-enter,burst,3,Enter Shift+Tab,none | tooltip:Delete this task?A r | @button:Switch theme,1,0,Enter>button:Delete task[none|f=button:Delete task|h=None]@21.7 ; Shift+Tab>button:Delete task[tooltip:Delete this task?A r|f=button:Delete task|h=None]@54.3
chromium-dark-desktop › antd-popconfirm pop-enter-shift-tab burst sample 4,antd-popconfirm,popconfirm,pop-enter-shift-tab,pop-enter,burst,4,Enter Shift+Tab,none | tooltip:Delete this task?A r | @button:Switch theme,1,0,Enter>button:Delete task[none|f=button:Delete task|h=None]@32 ; Shift+Tab>button:Delete task[tooltip:Delete this task?A r|f=button:Delete task|h=None]@62.8
chromium-dark-desktop › antd-popconfirm pop-enter-shift-tab burst sample 5,antd-popconfirm,popconfirm,pop-enter-shift-tab,pop-enter,burst,5,Enter Shift+Tab,none | tooltip:Delete this task?A r | @button:Switch theme,1,0,Enter>button:Delete task[none|f=button:Delete task|h=None]@19 ; Shift+Tab>button:Delete task[tooltip:Delete this task?A r|f=button:Delete task|h=None]@49.9
chromium-dark-desktop › antd-popconfirm pop-enter-shift-tab burst sample 6,antd-popconfirm,popconfirm,pop-enter-shift-tab,pop-enter,burst,6,Enter Shift+Tab,none | tooltip:Delete this task?A r | @button:Switch theme,1,0,Enter>button:Delete task[none|f=button:Delete task|h=None]@26 ; Shift+Tab>button:Delete task[tooltip:Delete this task?A r|f=button:Delete task|h=None]@54.7
chromium-dark-desktop › antd-popconfirm pop-enter-shift-tab burst sample 7,antd-popconfirm,popconfirm,pop-enter-shift-tab,pop-enter,burst,7,Enter Shift+Tab,none | tooltip:Delete this task?A r | @button:Switch theme,1,0,Enter>button:Delete task[none|f=button:Delete task|h=None]@30.1 ; Shift+Tab>button:Delete task[tooltip:Delete this task?A r|f=button:Delete task|h=None]@61.7
chromium-dark-desktop › antd-popconfirm pop-enter-shift-tab burst sample 8,antd-popconfirm,popconfirm,pop-enter-shift-tab,pop-enter,burst,8,Enter Shift+Tab,none | tooltip:Delete this task?A r | @button:Switch theme,1,0,Enter>button:Delete task[none|f=button:Delete task|h=None]@31.7 ; Shift+Tab>button:Delete task[tooltip:Delete this task?A r|f=button:Delete task|h=None]@60
chromium-dark-desktop › antd-popconfirm pop-enter-shift-tab burst sample 9,antd-popconfirm,popconfirm,pop-enter-shift-tab,pop-enter,burst,9,Enter Shift+Tab,none | tooltip:Delete this task?A r | @button:Switch theme,1,0,Enter>button:Delete task[none|f=button:Delete task|h=None]@32.6 ; Shift+Tab>button:Delete task[tooltip:Delete this task?A r|f=button:Delete task|h=None]@117.1
chromium-dark-desktop › antd-popconfirm pop-enter-shift-tab burst sample 10,antd-popconfirm,popconfirm,pop-enter-shift-tab,pop-enter,burst,10,Enter Shift+Tab,none | tooltip:Delete this task?A r | @button:Switch theme,1,0,Enter>button:Delete task[none|f=button:Delete task|h=None]@24.7 ; Shift+Tab>button:Delete task[tooltip:Delete this task?A r|f=button:Delete task|h=None]@67.1
chromium-dark-desktop › antd-popconfirm pop-enter-shift-tab burst sample 11,antd-popconfirm,popconfirm,pop-enter-shift-tab,pop-enter,burst,11,Enter Shift+Tab,none | tooltip:Delete this task?A r | @button:Switch theme,1,0,Enter>button:Delete task[none|f=button:Delete task|h=None]@26 ; Shift+Tab>button:Delete task[tooltip:Delete this task?A r|f=button:Delete task|h=None]@59.6
chromium-dark-desktop › antd-popconfirm pop-enter-shift-tab burst sample 12,antd-popconfirm,popconfirm,pop-enter-shift-tab,pop-enter,burst,12,Enter Shift+Tab,none | tooltip:Delete this task?A r | @button:Switch theme,1,0,Enter>button:Delete task[none|f=button:Delete task|h=None]@19.3 ; Shift+Tab>button:Delete task[tooltip:Delete this task?A r|f=button:Delete task|h=None]@50.9
chromium-dark-desktop › antd-popconfirm pop-enter-shift-tab burst sample 13,antd-popconfirm,popconfirm,pop-enter-shift-tab,pop-enter,burst,13,Enter Shift+Tab,none | tooltip:Delete this task?A r | @button:Switch theme,1,0,Enter>button:Delete task[none|f=button:Delete task|h=None]@17.3 ; Shift+Tab>button:Delete task[tooltip:Delete this task?A r|f=button:Delete task|h=None]@52.2
chromium-dark-desktop › antd-popconfirm pop-enter-shift-tab burst sample 14,antd-popconfirm,popconfirm,pop-enter-shift-tab,pop-enter,burst,14,Enter Shift+Tab,none | tooltip:Delete this task?A r | @button:Switch theme,1,0,Enter>button:Delete task[none|f=button:Delete task|h=None]@30.6 ; Shift+Tab>button:Delete task[tooltip:Delete this task?A r|f=button:Delete task|h=None]@60.4
chromium-dark-desktop › antd-popconfirm pop-enter-shift-tab burst sample 15,antd-popconfirm,popconfirm,pop-enter-shift-tab,pop-enter,burst,15,Enter Shift+Tab,none | tooltip:Delete this task?A r | @button:Switch theme,1,0,Enter>button:Delete task[none|f=button:Delete task|h=None]@17.5 ; Shift+Tab>button:Delete task[tooltip:Delete this task?A r|f=button:Delete task|h=None]@59.6
chromium-dark-desktop › antd-popconfirm pop-enter-shift-tab burst sample 16,antd-popconfirm,popconfirm,pop-enter-shift-tab,pop-enter,burst,16,Enter Shift+Tab,none | tooltip:Delete this task?A r | @button:Switch theme,1,0,Enter>button:Delete task[none|f=button:Delete task|h=None]@15.7 ; Shift+Tab>button:Delete task[tooltip:Delete this task?A r|f=button:Delete task|h=None]@45.8
chromium-dark-desktop › antd-popconfirm pop-enter-shift-tab burst sample 17,antd-popconfirm,popconfirm,pop-enter-shift-tab,pop-enter,burst,17,Enter Shift+Tab,none | tooltip:Delete this task?A r | @button:Switch theme,1,0,Enter>button:Delete task[none|f=button:Delete task|h=None]@33.8 ; Shift+Tab>button:Delete task[tooltip:Delete this task?A r|f=button:Delete task|h=None]@66.5
chromium-dark-desktop › antd-popconfirm pop-enter-shift-tab burst sample 18,antd-popconfirm,popconfirm,pop-enter-shift-tab,pop-enter,burst,18,Enter Shift+Tab,none | tooltip:Delete this task?A r | @button:Switch theme,1,0,Enter>button:Delete task[none|f=button:Delete task|h=None]@23.7 ; Shift+Tab>button:Delete task[tooltip:Delete this task?A r|f=button:Delete task|h=None]@53.4
chromium-dark-desktop › antd-popconfirm pop-enter-shift-tab burst sample 19,antd-popconfirm,popconfirm,pop-enter-shift-tab,pop-enter,burst,19,Enter Shift+Tab,none | tooltip:Delete this task?A r | @button:Switch theme,1,0,Enter>button:Delete task[none|f=button:Delete task|h=None]@30.1 ; Shift+Tab>button:Delete task[tooltip:Delete this task?A r|f=button:Delete task|h=None]@59.9
chromium-dark-desktop › antd-popconfirm pop-enter-shift-tab paced sample 0,antd-popconfirm,popconfirm,pop-enter-shift-tab,pop-enter,paced,0,Enter Shift+Tab,none | tooltip:Delete this task?A r | @button:Switch theme,1,0,Enter>button:Delete task[none|f=button:Delete task|h=None]@32.6 ; Shift+Tab>button:Delete task[tooltip:Delete this task?A r|f=button:Delete task|h=None]@381.6
chromium-dark-desktop › antd-popconfirm pop-enter-shift-tab paced sample 1,antd-popconfirm,popconfirm,pop-enter-shift-tab,pop-enter,paced,1,Enter Shift+Tab,none | tooltip:Delete this task?A r | @button:Switch theme,1,0,Enter>button:Delete task[none|f=button:Delete task|h=None]@20.5 ; Shift+Tab>button:Delete task[tooltip:Delete this task?A r|f=button:Delete task|h=None]@356.6
chromium-dark-desktop › antd-popconfirm pop-enter-shift-tab paced sample 2,antd-popconfirm,popconfirm,pop-enter-shift-tab,pop-enter,paced,2,Enter Shift+Tab,none | tooltip:Delete this task?A r | @button:Switch theme,1,0,Enter>button:Delete task[none|f=button:Delete task|h=None]@30.7 ; Shift+Tab>button:Delete task[tooltip:Delete this task?A r|f=button:Delete task|h=None]@365.6
chromium-dark-desktop › antd-popconfirm pop-enter-shift-tab paced sample 3,antd-popconfirm,popconfirm,pop-enter-shift-tab,pop-enter,paced,3,Enter Shift+Tab,none | tooltip:Delete this task?A r | @button:Switch theme,1,0,Enter>button:Delete task[none|f=button:Delete task|h=None]@31.2 ; Shift+Tab>button:Delete task[tooltip:Delete this task?A r|f=button:Delete task|h=None]@370.2
chromium-dark-desktop › antd-popconfirm pop-enter-shift-tab paced sample 4,antd-popconfirm,popconfirm,pop-enter-shift-tab,pop-enter,paced,4,Enter Shift+Tab,none | tooltip:Delete this task?A r | @button:Switch theme,1,0,Enter>button:Delete task[none|f=button:Delete task|h=None]@19.9 ; Shift+Tab>button:Delete task[tooltip:Delete this task?A r|f=button:Delete task|h=None]@356.7
chromium-dark-desktop › antd-popconfirm pop-enter-shift-tab paced sample 5,antd-popconfirm,popconfirm,pop-enter-shift-tab,pop-enter,paced,5,Enter Shift+Tab,none | tooltip:Delete this task?A r | @button:Switch theme,1,0,Enter>button:Delete task[none|f=button:Delete task|h=None]@18.6 ; Shift+Tab>button:Delete task[tooltip:Delete this task?A r|f=button:Delete task|h=None]@355.4
chromium-dark-desktop › antd-popconfirm pop-enter-shift-tab paced sample 6,antd-popconfirm,popconfirm,pop-enter-shift-tab,pop-enter,paced,6,Enter Shift+Tab,none | tooltip:Delete this task?A r | @button:Switch theme,1,0,Enter>button:Delete task[none|f=button:Delete task|h=None]@30.7 ; Shift+Tab>button:Delete task[tooltip:Delete this task?A r|f=button:Delete task|h=None]@366.5
chromium-dark-desktop › antd-popconfirm pop-enter-shift-tab paced sample 7,antd-popconfirm,popconfirm,pop-enter-shift-tab,pop-enter,paced,7,Enter Shift+Tab,none | tooltip:Delete this task?A r | @button:Switch theme,1,0,Enter>button:Delete task[none|f=button:Delete task|h=None]@15.9 ; Shift+Tab>button:Delete task[tooltip:Delete this task?A r|f=button:Delete task|h=None]@354.1
chromium-dark-desktop › antd-popconfirm pop-enter-shift-tab paced sample 8,antd-popconfirm,popconfirm,pop-enter-shift-tab,pop-enter,paced,8,Enter Shift+Tab,none | tooltip:Delete this task?A r | @button:Switch theme,1,0,Enter>button:Delete task[none|f=button:Delete task|h=None]@31 ; Shift+Tab>button:Delete task[tooltip:Delete this task?A r|f=button:Delete task|h=None]@367.3
chromium-dark-desktop › antd-popconfirm pop-enter-shift-tab paced sample 9,antd-popconfirm,popconfirm,pop-enter-shift-tab,pop-enter,paced,9,Enter Shift+Tab,none | tooltip:Delete this task?A r | @button:Switch theme,1,0,Enter>button:Delete task[none|f=button:Delete task|h=None]@20.2 ; Shift+Tab>button:Delete task[tooltip:Delete this task?A r|f=button:Delete task|h=None]@355.9
chromium-dark-desktop › antd-popconfirm pop-enter-shift-tab paced sample 10,antd-popconfirm,popconfirm,pop-enter-shift-tab,pop-enter,paced,10,Enter Shift+Tab,none | tooltip:Delete this task?A r | @button:Switch theme,1,0,Enter>button:Delete task[none|f=button:Delete task|h=None]@30.4 ; Shift+Tab>button:Delete task[tooltip:Delete this task?A r|f=button:Delete task|h=None]@366.4
chromium-dark-desktop › antd-popconfirm pop-enter-shift-tab paced sample 11,antd-popconfirm,popconfirm,pop-enter-shift-tab,pop-enter,paced,11,Enter Shift+Tab,none | tooltip:Delete this task?A r | @button:Switch theme,1,0,Enter>button:Delete task[none|f=button:Delete task|h=None]@23.2 ; Shift+Tab>button:Delete task[tooltip:Delete this task?A r|f=button:Delete task|h=None]@360.9
chromium-dark-desktop › antd-popconfirm pop-enter-shift-tab paced sample 12,antd-popconfirm,popconfirm,pop-enter-shift-tab,pop-enter,paced,12,Enter Shift+Tab,none | tooltip:Delete this task?A r | @button:Switch theme,1,0,Enter>button:Delete task[none|f=button:Delete task|h=None]@30.6 ; Shift+Tab>button:Delete task[tooltip:Delete this task?A r|f=button:Delete task|h=None]@374.6
chromium-dark-desktop › antd-popconfirm pop-enter-shift-tab paced sample 13,antd-popconfirm,popconfirm,pop-enter-shift-tab,pop-enter,paced,13,Enter Shift+Tab,none | tooltip:Delete this task?A r | @button:Switch theme,1,0,Enter>button:Delete task[none|f=button:Delete task|h=None]@24.7 ; Shift+Tab>button:Delete task[tooltip:Delete this task?A r|f=button:Delete task|h=None]@359.6
chromium-dark-desktop › antd-popconfirm pop-enter-shift-tab paced sample 14,antd-popconfirm,popconfirm,pop-enter-shift-tab,pop-enter,paced,14,Enter Shift+Tab,none | tooltip:Delete this task?A r | @button:Switch theme,1,0,Enter>button:Delete task[none|f=button:Delete task|h=None]@25.2 ; Shift+Tab>button:Delete task[tooltip:Delete this task?A r|f=button:Delete task|h=None]@360.4
chromium-dark-desktop › antd-popconfirm pop-enter-shift-tab paced sample 15,antd-popconfirm,popconfirm,pop-enter-shift-tab,pop-enter,paced,15,Enter Shift+Tab,none | tooltip:Delete this task?A r | @button:Switch theme,1,0,Enter>button:Delete task[none|f=button:Delete task|h=None]@27 ; Shift+Tab>button:Delete task[tooltip:Delete this task?A r|f=button:Delete task|h=None]@365.9
chromium-dark-desktop › antd-popconfirm pop-enter-shift-tab paced sample 16,antd-popconfirm,popconfirm,pop-enter-shift-tab,pop-enter,paced,16,Enter Shift+Tab,none | tooltip:Delete this task?A r | @button:Switch theme,1,0,Enter>button:Delete task[none|f=button:Delete task|h=None]@16.7 ; Shift+Tab>button:Delete task[tooltip:Delete this task?A r|f=button:Delete task|h=None]@355.3
chromium-dark-desktop › antd-popconfirm pop-enter-shift-tab paced sample 17,antd-popconfirm,popconfirm,pop-enter-shift-tab,pop-enter,paced,17,Enter Shift+Tab,none | tooltip:Delete this task?A r | @button:Switch theme,1,0,Enter>button:Delete task[none|f=button:Delete task|h=None]@18.1 ; Shift+Tab>button:Delete task[tooltip:Delete this task?A r|f=button:Delete task|h=None]@360.5
chromium-dark-desktop › antd-popconfirm pop-enter-shift-tab paced sample 18,antd-popconfirm,popconfirm,pop-enter-shift-tab,pop-enter,paced,18,Enter Shift+Tab,none | tooltip:Delete this task?A r | @button:Switch theme,1,0,Enter>button:Delete task[none|f=button:Delete task|h=None]@31.4 ; Shift+Tab>button:Delete task[tooltip:Delete this task?A r|f=button:Delete task|h=None]@365.4
chromium-dark-desktop › antd-popconfirm pop-enter-shift-tab paced sample 19,antd-popconfirm,popconfirm,pop-enter-shift-tab,pop-enter,paced,19,Enter Shift+Tab,none | tooltip:Delete this task?A r | @button:Switch theme,1,0,Enter>button:Delete task[none|f=button:Delete task|h=None]@16.2 ; Shift+Tab>button:Delete task[tooltip:Delete this task?A r|f=button:Delete task|h=None]@350.2
