test,target,kind,sequence,control,mode,run,keys,result,window,handoff,keylog
chromium-dark-desktop › orbit-field down-down-enter burst sample 0,orbit-field,select-keys,down-down-enter,,burst,0,ArrowDown ArrowDown Enter,7 | list closed | @combobox:Expires,1,1,ArrowDown>combobox:Expires[None|f=None|h=None]@49 ; ArrowDown>combobox:Expires[None|f=None|h=Never]@63.5 ; ArrowDown*>option:Never[None|f=None|h=Never]@63.9 ; Enter>option:7 days[None|f=None|h=7 days]@65.1
chromium-dark-desktop › orbit-field down-down-enter burst sample 1,orbit-field,select-keys,down-down-enter,,burst,1,ArrowDown ArrowDown Enter,7 | list closed | @combobox:Expires,1,1,ArrowDown>combobox:Expires[None|f=None|h=None]@47.3 ; ArrowDown>combobox:Expires[None|f=None|h=Never]@63.7 ; ArrowDown*>option:Never[None|f=None|h=Never]@64.3 ; Enter>option:7 days[None|f=None|h=7 days]@65.9
chromium-dark-desktop › orbit-field down-down-enter burst sample 2,orbit-field,select-keys,down-down-enter,,burst,2,ArrowDown ArrowDown Enter,7 | list closed | @combobox:Expires,1,1,ArrowDown>combobox:Expires[None|f=None|h=None]@58.4 ; ArrowDown>combobox:Expires[None|f=None|h=Never]@89 ; ArrowDown*>option:Never[None|f=None|h=Never]@90.1 ; Enter>option:7 days[None|f=None|h=7 days]@94
chromium-dark-desktop › orbit-field down-down-enter burst sample 3,orbit-field,select-keys,down-down-enter,,burst,3,ArrowDown ArrowDown Enter,7 | list closed | @combobox:Expires,1,1,ArrowDown>combobox:Expires[None|f=None|h=None]@48.5 ; ArrowDown>combobox:Expires[None|f=None|h=Never]@72.7 ; ArrowDown*>option:Never[None|f=None|h=Never]@73.4 ; Enter>option:7 days[None|f=None|h=7 days]@75.2
chromium-dark-desktop › orbit-field down-down-enter burst sample 4,orbit-field,select-keys,down-down-enter,,burst,4,ArrowDown ArrowDown Enter,7 | list closed | @combobox:Expires,1,1,ArrowDown>combobox:Expires[None|f=None|h=None]@58.8 ; ArrowDown>combobox:Expires[None|f=None|h=Never]@77.7 ; ArrowDown*>option:Never[None|f=None|h=Never]@78.3 ; Enter>option:7 days[None|f=None|h=7 days]@80.1
chromium-dark-desktop › orbit-field down-down-enter burst sample 5,orbit-field,select-keys,down-down-enter,,burst,5,ArrowDown ArrowDown Enter,7 | list closed | @combobox:Expires,1,1,ArrowDown>combobox:Expires[None|f=None|h=None]@49.3 ; ArrowDown>combobox:Expires[None|f=None|h=Never]@68.1 ; ArrowDown*>option:Never[None|f=None|h=Never]@68.6 ; Enter>option:7 days[None|f=None|h=7 days]@70.7
chromium-dark-desktop › orbit-field down-down-enter burst sample 6,orbit-field,select-keys,down-down-enter,,burst,6,ArrowDown ArrowDown Enter,7 | list closed | @combobox:Expires,1,1,ArrowDown>combobox:Expires[None|f=None|h=None]@58.7 ; ArrowDown>combobox:Expires[None|f=None|h=Never]@80.3 ; ArrowDown*>option:Never[None|f=None|h=Never]@81 ; Enter>option:7 days[None|f=None|h=7 days]@83
chromium-dark-desktop › orbit-field down-down-enter burst sample 7,orbit-field,select-keys,down-down-enter,,burst,7,ArrowDown ArrowDown Enter,7 | list closed | @combobox:Expires,1,1,ArrowDown>combobox:Expires[None|f=None|h=None]@44.8 ; ArrowDown>combobox:Expires[None|f=None|h=Never]@59.3 ; ArrowDown*>option:Never[None|f=None|h=Never]@59.7 ; Enter>option:7 days[None|f=None|h=7 days]@60.9
chromium-dark-desktop › orbit-field down-down-enter burst sample 8,orbit-field,select-keys,down-down-enter,,burst,8,ArrowDown ArrowDown Enter,7 | list closed | @combobox:Expires,1,1,ArrowDown>combobox:Expires[None|f=None|h=None]@53.8 ; ArrowDown>combobox:Expires[None|f=None|h=Never]@75.8 ; ArrowDown*>option:Never[None|f=None|h=Never]@76.5 ; Enter>option:7 days[None|f=None|h=7 days]@78.4
chromium-dark-desktop › orbit-field down-down-enter burst sample 9,orbit-field,select-keys,down-down-enter,,burst,9,ArrowDown ArrowDown Enter,7 | list closed | @combobox:Expires,1,1,ArrowDown>combobox:Expires[None|f=None|h=None]@43 ; ArrowDown>combobox:Expires[None|f=None|h=Never]@56.3 ; ArrowDown*>option:Never[None|f=None|h=Never]@56.7 ; Enter>option:7 days[None|f=None|h=7 days]@57.9
chromium-dark-desktop › orbit-field down-down-enter burst sample 10,orbit-field,select-keys,down-down-enter,,burst,10,ArrowDown ArrowDown Enter,7 | list closed | @combobox:Expires,1,1,ArrowDown>combobox:Expires[None|f=None|h=None]@47.1 ; ArrowDown>combobox:Expires[None|f=None|h=Never]@64.8 ; ArrowDown*>option:Never[None|f=None|h=Never]@65.4 ; Enter>option:7 days[None|f=None|h=7 days]@67.1
chromium-dark-desktop › orbit-field down-down-enter burst sample 11,orbit-field,select-keys,down-down-enter,,burst,11,ArrowDown ArrowDown Enter,7 | list closed | @combobox:Expires,1,1,ArrowDown>combobox:Expires[None|f=None|h=None]@43.2 ; ArrowDown>combobox:Expires[None|f=None|h=Never]@62.2 ; ArrowDown*>option:Never[None|f=None|h=Never]@62.8 ; Enter>option:7 days[None|f=None|h=7 days]@64.5
chromium-dark-desktop › orbit-field down-down-enter burst sample 12,orbit-field,select-keys,down-down-enter,,burst,12,ArrowDown ArrowDown Enter,7 | list closed | @combobox:Expires,1,1,ArrowDown>combobox:Expires[None|f=None|h=None]@52.1 ; ArrowDown>combobox:Expires[None|f=None|h=Never]@68.4 ; ArrowDown*>option:Never[None|f=None|h=Never]@68.8 ; Enter>option:7 days[None|f=None|h=7 days]@70.4
chromium-dark-desktop › orbit-field down-down-enter burst sample 13,orbit-field,select-keys,down-down-enter,,burst,13,ArrowDown ArrowDown Enter,7 | list closed | @combobox:Expires,1,1,ArrowDown>combobox:Expires[None|f=None|h=None]@41.6 ; ArrowDown>combobox:Expires[None|f=None|h=Never]@57 ; ArrowDown*>option:Never[None|f=None|h=Never]@57.5 ; Enter>option:7 days[None|f=None|h=7 days]@58.6
chromium-dark-desktop › orbit-field down-down-enter burst sample 14,orbit-field,select-keys,down-down-enter,,burst,14,ArrowDown ArrowDown Enter,7 | list closed | @combobox:Expires,1,1,ArrowDown>combobox:Expires[None|f=None|h=None]@45.2 ; ArrowDown>combobox:Expires[None|f=None|h=Never]@68.7 ; ArrowDown*>option:Never[None|f=None|h=Never]@69.6 ; Enter>option:7 days[None|f=None|h=7 days]@71.7
chromium-dark-desktop › orbit-field down-down-enter burst sample 15,orbit-field,select-keys,down-down-enter,,burst,15,ArrowDown ArrowDown Enter,7 | list closed | @combobox:Expires,1,1,ArrowDown>combobox:Expires[None|f=None|h=None]@48.7 ; ArrowDown>combobox:Expires[None|f=None|h=Never]@72 ; ArrowDown*>option:Never[None|f=None|h=Never]@72.7 ; Enter>option:7 days[None|f=None|h=7 days]@75
chromium-dark-desktop › orbit-field down-down-enter burst sample 16,orbit-field,select-keys,down-down-enter,,burst,16,ArrowDown ArrowDown Enter,7 | list closed | @combobox:Expires,1,1,ArrowDown>combobox:Expires[None|f=None|h=None]@51.6 ; ArrowDown>combobox:Expires[None|f=None|h=Never]@70.9 ; ArrowDown*>option:Never[None|f=None|h=Never]@71.3 ; Enter>option:7 days[None|f=None|h=7 days]@73.1
chromium-dark-desktop › orbit-field down-down-enter burst sample 17,orbit-field,select-keys,down-down-enter,,burst,17,ArrowDown ArrowDown Enter,7 | list closed | @combobox:Expires,1,1,ArrowDown>combobox:Expires[None|f=None|h=None]@37.9 ; ArrowDown>combobox:Expires[None|f=None|h=Never]@57.6 ; ArrowDown*>option:Never[None|f=None|h=Never]@58.4 ; Enter>option:7 days[None|f=None|h=7 days]@60.6
chromium-dark-desktop › orbit-field down-down-enter burst sample 18,orbit-field,select-keys,down-down-enter,,burst,18,ArrowDown ArrowDown Enter,7 | list closed | @combobox:Expires,1,1,ArrowDown>combobox:Expires[None|f=None|h=None]@48.8 ; ArrowDown>combobox:Expires[None|f=None|h=Never]@63.1 ; ArrowDown*>option:Never[None|f=None|h=Never]@63.5 ; Enter>option:7 days[None|f=None|h=7 days]@64.7
chromium-dark-desktop › orbit-field down-down-enter burst sample 19,orbit-field,select-keys,down-down-enter,,burst,19,ArrowDown ArrowDown Enter,7 | list closed | @combobox:Expires,1,1,ArrowDown>combobox:Expires[None|f=None|h=None]@45.5 ; ArrowDown>combobox:Expires[None|f=None|h=Never]@65 ; ArrowDown*>option:Never[None|f=None|h=Never]@65.6 ; Enter>option:7 days[None|f=None|h=7 days]@67.7
chromium-dark-desktop › orbit-field down-down-enter paced sample 0,orbit-field,select-keys,down-down-enter,,paced,0,ArrowDown ArrowDown Enter,7 | list closed | @combobox:Expires,0,0,ArrowDown>combobox:Expires[None|f=None|h=None]@45.6 ; ArrowDown>option:Never[None|f=None|h=Never]@372.2 ; Enter>option:7 days[None|f=None|h=7 days]@681.1
chromium-dark-desktop › orbit-field down-down-enter paced sample 1,orbit-field,select-keys,down-down-enter,,paced,1,ArrowDown ArrowDown Enter,7 | list closed | @combobox:Expires,0,0,ArrowDown>combobox:Expires[None|f=None|h=None]@58.6 ; ArrowDown>option:Never[None|f=None|h=Never]@385.8 ; Enter>option:7 days[None|f=None|h=7 days]@695.4
chromium-dark-desktop › orbit-field down-down-enter paced sample 2,orbit-field,select-keys,down-down-enter,,paced,2,ArrowDown ArrowDown Enter,7 | list closed | @combobox:Expires,0,0,ArrowDown>combobox:Expires[None|f=None|h=None]@42.8 ; ArrowDown>option:Never[None|f=None|h=Never]@376.2 ; Enter>option:7 days[None|f=None|h=7 days]@687.8
chromium-dark-desktop › orbit-sample down-down-enter burst sample 0,orbit-sample,select-keys,down-down-enter,,burst,0,ArrowDown ArrowDown Enter,7 days | list closed | @combobox:Sample choice,1,1,ArrowDown>combobox:Sample choice[None|f=None|h=None]@50.7 ; ArrowDown>combobox:Sample choice[None|f=None|h=Never]@72.3 ; ArrowDown*>option:Never[None|f=None|h=Never]@72.8 ; Enter>option:7 days[None|f=None|h=7 days]@74.5
chromium-dark-desktop › orbit-sample down-down-enter burst sample 1,orbit-sample,select-keys,down-down-enter,,burst,1,ArrowDown ArrowDown Enter,7 days | list closed | @combobox:Sample choice,1,1,ArrowDown>combobox:Sample choice[None|f=None|h=None]@41.7 ; ArrowDown>combobox:Sample choice[None|f=None|h=Never]@56 ; ArrowDown*>option:Never[None|f=None|h=Never]@56.4 ; Enter>option:7 days[None|f=None|h=7 days]@57.6
chromium-dark-desktop › orbit-sample down-down-enter burst sample 2,orbit-sample,select-keys,down-down-enter,,burst,2,ArrowDown ArrowDown Enter,7 days | list closed | @combobox:Sample choice,1,1,ArrowDown>combobox:Sample choice[None|f=None|h=None]@42 ; ArrowDown>combobox:Sample choice[None|f=None|h=Never]@62.4 ; ArrowDown*>option:Never[None|f=None|h=Never]@62.9 ; Enter>option:7 days[None|f=None|h=7 days]@64.8
chromium-dark-desktop › orbit-sample down-down-enter burst sample 3,orbit-sample,select-keys,down-down-enter,,burst,3,ArrowDown ArrowDown Enter,7 days | list closed | @combobox:Sample choice,1,1,ArrowDown>combobox:Sample choice[None|f=None|h=None]@55.2 ; ArrowDown>combobox:Sample choice[None|f=None|h=Never]@76.1 ; ArrowDown*>option:Never[None|f=None|h=Never]@76.7 ; Enter>option:7 days[None|f=None|h=7 days]@78.7
chromium-dark-desktop › orbit-sample down-down-enter burst sample 4,orbit-sample,select-keys,down-down-enter,,burst,4,ArrowDown ArrowDown Enter,7 days | list closed | @combobox:Sample choice,1,1,ArrowDown>combobox:Sample choice[None|f=None|h=None]@35.5 ; ArrowDown>combobox:Sample choice[None|f=None|h=Never]@48.6 ; ArrowDown*>option:Never[None|f=None|h=Never]@49 ; Enter>option:7 days[None|f=None|h=7 days]@50.1
chromium-dark-desktop › orbit-sample down-down-enter burst sample 5,orbit-sample,select-keys,down-down-enter,,burst,5,ArrowDown ArrowDown Enter,7 days | list closed | @combobox:Sample choice,1,1,ArrowDown>combobox:Sample choice[None|f=None|h=None]@42.3 ; ArrowDown>combobox:Sample choice[None|f=None|h=Never]@57 ; ArrowDown*>option:Never[None|f=None|h=Never]@57.3 ; Enter>option:7 days[None|f=None|h=7 days]@58.6
chromium-dark-desktop › orbit-sample down-down-enter burst sample 6,orbit-sample,select-keys,down-down-enter,,burst,6,ArrowDown ArrowDown Enter,7 days | list closed | @combobox:Sample choice,1,1,ArrowDown>combobox:Sample choice[None|f=None|h=None]@41.9 ; ArrowDown>combobox:Sample choice[None|f=None|h=Never]@55.7 ; ArrowDown*>option:Never[None|f=None|h=Never]@56.1 ; Enter>option:7 days[None|f=None|h=7 days]@57.3
chromium-dark-desktop › orbit-sample down-down-enter burst sample 7,orbit-sample,select-keys,down-down-enter,,burst,7,ArrowDown ArrowDown Enter,7 days | list closed | @combobox:Sample choice,1,1,ArrowDown>combobox:Sample choice[None|f=None|h=None]@50.7 ; ArrowDown>combobox:Sample choice[None|f=None|h=Never]@69.5 ; ArrowDown*>option:Never[None|f=None|h=Never]@70 ; Enter>option:7 days[None|f=None|h=7 days]@71.7
chromium-dark-desktop › orbit-sample down-down-enter burst sample 8,orbit-sample,select-keys,down-down-enter,,burst,8,ArrowDown ArrowDown Enter,7 days | list closed | @combobox:Sample choice,1,1,ArrowDown>combobox:Sample choice[None|f=None|h=None]@38.1 ; ArrowDown>combobox:Sample choice[None|f=None|h=Never]@51.7 ; ArrowDown*>option:Never[None|f=None|h=Never]@52 ; Enter>option:7 days[None|f=None|h=7 days]@53.2
chromium-dark-desktop › orbit-sample down-down-enter burst sample 9,orbit-sample,select-keys,down-down-enter,,burst,9,ArrowDown ArrowDown Enter,7 days | list closed | @combobox:Sample choice,1,1,ArrowDown>combobox:Sample choice[None|f=None|h=None]@43.7 ; ArrowDown>combobox:Sample choice[None|f=None|h=Never]@57.1 ; ArrowDown*>option:Never[None|f=None|h=Never]@57.5 ; Enter>option:7 days[None|f=None|h=7 days]@58.6
chromium-dark-desktop › orbit-sample down-down-enter burst sample 10,orbit-sample,select-keys,down-down-enter,,burst,10,ArrowDown ArrowDown Enter,7 days | list closed | @combobox:Sample choice,1,1,ArrowDown>combobox:Sample choice[None|f=None|h=None]@41.6 ; ArrowDown>combobox:Sample choice[None|f=None|h=Never]@54.8 ; ArrowDown*>option:Never[None|f=None|h=Never]@55.2 ; Enter>option:7 days[None|f=None|h=7 days]@56.3
chromium-dark-desktop › orbit-sample down-down-enter burst sample 11,orbit-sample,select-keys,down-down-enter,,burst,11,ArrowDown ArrowDown Enter,7 days | list closed | @combobox:Sample choice,1,1,ArrowDown>combobox:Sample choice[None|f=None|h=None]@48.8 ; ArrowDown>combobox:Sample choice[None|f=None|h=Never]@62.7 ; ArrowDown*>option:Never[None|f=None|h=Never]@63.1 ; Enter>option:7 days[None|f=None|h=7 days]@64.3
chromium-dark-desktop › orbit-sample down-down-enter burst sample 12,orbit-sample,select-keys,down-down-enter,,burst,12,ArrowDown ArrowDown Enter,7 days | list closed | @combobox:Sample choice,1,1,ArrowDown>combobox:Sample choice[None|f=None|h=None]@48.4 ; ArrowDown>combobox:Sample choice[None|f=None|h=Never]@65.7 ; ArrowDown*>option:Never[None|f=None|h=Never]@66.2 ; Enter>option:7 days[None|f=None|h=7 days]@67.6
chromium-dark-desktop › orbit-sample down-down-enter burst sample 13,orbit-sample,select-keys,down-down-enter,,burst,13,ArrowDown ArrowDown Enter,7 days | list closed | @combobox:Sample choice,1,1,ArrowDown>combobox:Sample choice[None|f=None|h=None]@38 ; ArrowDown>combobox:Sample choice[None|f=None|h=Never]@51.1 ; ArrowDown*>option:Never[None|f=None|h=Never]@51.5 ; Enter>option:7 days[None|f=None|h=7 days]@52.6
chromium-dark-desktop › orbit-sample down-down-enter burst sample 14,orbit-sample,select-keys,down-down-enter,,burst,14,ArrowDown ArrowDown Enter,7 days | list closed | @combobox:Sample choice,1,1,ArrowDown>combobox:Sample choice[None|f=None|h=None]@42.4 ; ArrowDown>combobox:Sample choice[None|f=None|h=Never]@56.5 ; ArrowDown*>option:Never[None|f=None|h=Never]@56.9 ; Enter>option:7 days[None|f=None|h=7 days]@58.2
chromium-dark-desktop › orbit-sample down-down-enter burst sample 15,orbit-sample,select-keys,down-down-enter,,burst,15,ArrowDown ArrowDown Enter,7 days | list closed | @combobox:Sample choice,1,1,ArrowDown>combobox:Sample choice[None|f=None|h=None]@39.5 ; ArrowDown>combobox:Sample choice[None|f=None|h=Never]@57.8 ; ArrowDown*>option:Never[None|f=None|h=Never]@58.4 ; Enter>option:7 days[None|f=None|h=7 days]@60
chromium-dark-desktop › orbit-sample down-down-enter burst sample 16,orbit-sample,select-keys,down-down-enter,,burst,16,ArrowDown ArrowDown Enter,7 days | list closed | @combobox:Sample choice,1,1,ArrowDown>combobox:Sample choice[None|f=None|h=None]@61.7 ; ArrowDown>combobox:Sample choice[None|f=None|h=Never]@87.4 ; ArrowDown*>option:Never[None|f=None|h=Never]@88.1 ; Enter>option:7 days[None|f=None|h=7 days]@90.5
chromium-dark-desktop › orbit-sample down-down-enter burst sample 17,orbit-sample,select-keys,down-down-enter,,burst,17,ArrowDown ArrowDown Enter,7 days | list closed | @combobox:Sample choice,1,1,ArrowDown>combobox:Sample choice[None|f=None|h=None]@63.9 ; ArrowDown>combobox:Sample choice[None|f=None|h=Never]@82.2 ; ArrowDown*>option:Never[None|f=None|h=Never]@82.7 ; Enter>option:7 days[None|f=None|h=7 days]@84.1
chromium-dark-desktop › orbit-sample down-down-enter burst sample 18,orbit-sample,select-keys,down-down-enter,,burst,18,ArrowDown ArrowDown Enter,7 days | list closed | @combobox:Sample choice,1,1,ArrowDown>combobox:Sample choice[None|f=None|h=None]@49.4 ; ArrowDown>combobox:Sample choice[None|f=None|h=Never]@68.6 ; ArrowDown*>option:Never[None|f=None|h=Never]@69.2 ; Enter>option:7 days[None|f=None|h=7 days]@71.1
chromium-dark-desktop › orbit-sample down-down-enter burst sample 19,orbit-sample,select-keys,down-down-enter,,burst,19,ArrowDown ArrowDown Enter,7 days | list closed | @combobox:Sample choice,1,1,ArrowDown>combobox:Sample choice[None|f=None|h=None]@45.6 ; ArrowDown>combobox:Sample choice[None|f=None|h=Never]@65.2 ; ArrowDown*>option:Never[None|f=None|h=Never]@65.8 ; Enter>option:7 days[None|f=None|h=7 days]@67.9
chromium-dark-desktop › orbit-sample down-down-enter paced sample 0,orbit-sample,select-keys,down-down-enter,,paced,0,ArrowDown ArrowDown Enter,7 days | list closed | @combobox:Sample choice,0,0,ArrowDown>combobox:Sample choice[None|f=None|h=None]@46.9 ; ArrowDown>option:Never[None|f=None|h=Never]@375.7 ; Enter>option:7 days[None|f=None|h=7 days]@682.7
chromium-dark-desktop › orbit-sample down-down-enter paced sample 1,orbit-sample,select-keys,down-down-enter,,paced,1,ArrowDown ArrowDown Enter,7 days | list closed | @combobox:Sample choice,0,0,ArrowDown>combobox:Sample choice[None|f=None|h=None]@54.6 ; ArrowDown>option:Never[None|f=None|h=Never]@382.1 ; Enter>option:7 days[None|f=None|h=7 days]@688.6
chromium-dark-desktop › orbit-sample down-down-enter paced sample 2,orbit-sample,select-keys,down-down-enter,,paced,2,ArrowDown ArrowDown Enter,7 days | list closed | @combobox:Sample choice,0,0,ArrowDown>combobox:Sample choice[None|f=None|h=None]@44.9 ; ArrowDown>option:Never[None|f=None|h=Never]@369.6 ; Enter>option:7 days[None|f=None|h=7 days]@679.6
chromium-dark-desktop › antd-sample down-down-enter burst sample 0,antd-sample,select-keys,down-down-enter,,burst,0,ArrowDown ArrowDown Enter,7 days | 7 days | list closed | @combobox:Sample choice,1,0,ArrowDown>combobox:Sample choice[None|f=None|h=None]@33.5 ; ArrowDown>combobox:Sample choice[None|f=None|h=Never]@59.3 ; Enter>combobox:Sample choice[None|f=None|h=7 days]@65
chromium-dark-desktop › antd-sample down-down-enter burst sample 1,antd-sample,select-keys,down-down-enter,,burst,1,ArrowDown ArrowDown Enter,7 days | 7 days | list closed | @combobox:Sample choice,1,0,ArrowDown>combobox:Sample choice[None|f=None|h=None]@33.4 ; ArrowDown>combobox:Sample choice[None|f=None|h=Never]@60.5 ; Enter>combobox:Sample choice[None|f=None|h=7 days]@67.5
chromium-dark-desktop › antd-sample down-down-enter burst sample 2,antd-sample,select-keys,down-down-enter,,burst,2,ArrowDown ArrowDown Enter,7 days | 7 days | list closed | @combobox:Sample choice,1,0,ArrowDown>combobox:Sample choice[None|f=None|h=None]@38.5 ; ArrowDown>combobox:Sample choice[None|f=None|h=Never]@79 ; Enter>combobox:Sample choice[None|f=None|h=7 days]@86.9
chromium-dark-desktop › antd-sample down-down-enter burst sample 3,antd-sample,select-keys,down-down-enter,,burst,3,ArrowDown ArrowDown Enter,7 days | 7 days | list closed | @combobox:Sample choice,1,0,ArrowDown>combobox:Sample choice[None|f=None|h=None]@39.5 ; ArrowDown>combobox:Sample choice[None|f=None|h=Never]@64 ; Enter>combobox:Sample choice[None|f=None|h=7 days]@69.9
chromium-dark-desktop › antd-sample down-down-enter burst sample 4,antd-sample,select-keys,down-down-enter,,burst,4,ArrowDown ArrowDown Enter,7 days | 7 days | list closed | @combobox:Sample choice,1,0,ArrowDown>combobox:Sample choice[None|f=None|h=None]@35.4 ; ArrowDown>combobox:Sample choice[None|f=None|h=Never]@58.4 ; Enter>combobox:Sample choice[None|f=None|h=7 days]@64.1
chromium-dark-desktop › antd-sample down-down-enter burst sample 5,antd-sample,select-keys,down-down-enter,,burst,5,ArrowDown ArrowDown Enter,7 days | 7 days | list closed | @combobox:Sample choice,1,0,ArrowDown>combobox:Sample choice[None|f=None|h=None]@41.2 ; ArrowDown>combobox:Sample choice[None|f=None|h=Never]@67.1 ; Enter>combobox:Sample choice[None|f=None|h=7 days]@73.5
chromium-dark-desktop › antd-sample down-down-enter burst sample 6,antd-sample,select-keys,down-down-enter,,burst,6,ArrowDown ArrowDown Enter,7 days | 7 days | list closed | @combobox:Sample choice,1,0,ArrowDown>combobox:Sample choice[None|f=None|h=None]@36.2 ; ArrowDown>combobox:Sample choice[None|f=None|h=Never]@60.3 ; Enter>combobox:Sample choice[None|f=None|h=7 days]@65.9
chromium-dark-desktop › antd-sample down-down-enter burst sample 7,antd-sample,select-keys,down-down-enter,,burst,7,ArrowDown ArrowDown Enter,7 days | 7 days | list closed | @combobox:Sample choice,1,0,ArrowDown>combobox:Sample choice[None|f=None|h=None]@34.1 ; ArrowDown>combobox:Sample choice[None|f=None|h=Never]@61.8 ; Enter>combobox:Sample choice[None|f=None|h=7 days]@69
chromium-dark-desktop › antd-sample down-down-enter burst sample 8,antd-sample,select-keys,down-down-enter,,burst,8,ArrowDown ArrowDown Enter,7 days | 7 days | list closed | @combobox:Sample choice,1,0,ArrowDown>combobox:Sample choice[None|f=None|h=None]@38 ; ArrowDown>combobox:Sample choice[None|f=None|h=Never]@63.6 ; Enter>combobox:Sample choice[None|f=None|h=7 days]@69.8
chromium-dark-desktop › antd-sample down-down-enter burst sample 9,antd-sample,select-keys,down-down-enter,,burst,9,ArrowDown ArrowDown Enter,7 days | 7 days | list closed | @combobox:Sample choice,1,0,ArrowDown>combobox:Sample choice[None|f=None|h=None]@30.8 ; ArrowDown>combobox:Sample choice[None|f=None|h=Never]@65.9 ; Enter>combobox:Sample choice[None|f=None|h=7 days]@73
chromium-dark-desktop › antd-sample down-down-enter burst sample 10,antd-sample,select-keys,down-down-enter,,burst,10,ArrowDown ArrowDown Enter,7 days | 7 days | list closed | @combobox:Sample choice,1,0,ArrowDown>combobox:Sample choice[None|f=None|h=None]@48 ; ArrowDown>combobox:Sample choice[None|f=None|h=Never]@72.6 ; Enter>combobox:Sample choice[None|f=None|h=7 days]@78.8
chromium-dark-desktop › antd-sample down-down-enter burst sample 11,antd-sample,select-keys,down-down-enter,,burst,11,ArrowDown ArrowDown Enter,7 days | 7 days | list closed | @combobox:Sample choice,1,0,ArrowDown>combobox:Sample choice[None|f=None|h=None]@40.4 ; ArrowDown>combobox:Sample choice[None|f=None|h=Never]@60.3 ; Enter>combobox:Sample choice[None|f=None|h=7 days]@65.8
chromium-dark-desktop › antd-sample down-down-enter burst sample 12,antd-sample,select-keys,down-down-enter,,burst,12,ArrowDown ArrowDown Enter,7 days | 7 days | list closed | @combobox:Sample choice,1,0,ArrowDown>combobox:Sample choice[None|f=None|h=None]@40.1 ; ArrowDown>combobox:Sample choice[None|f=None|h=Never]@72.7 ; Enter>combobox:Sample choice[None|f=None|h=7 days]@79.5
chromium-dark-desktop › antd-sample down-down-enter burst sample 13,antd-sample,select-keys,down-down-enter,,burst,13,ArrowDown ArrowDown Enter,7 days | 7 days | list closed | @combobox:Sample choice,1,0,ArrowDown>combobox:Sample choice[None|f=None|h=None]@29.7 ; ArrowDown>combobox:Sample choice[None|f=None|h=Never]@60.5 ; Enter>combobox:Sample choice[None|f=None|h=7 days]@67.3
chromium-dark-desktop › antd-sample down-down-enter burst sample 14,antd-sample,select-keys,down-down-enter,,burst,14,ArrowDown ArrowDown Enter,7 days | 7 days | list closed | @combobox:Sample choice,1,0,ArrowDown>combobox:Sample choice[None|f=None|h=None]@34.9 ; ArrowDown>combobox:Sample choice[None|f=None|h=Never]@64.2 ; Enter>combobox:Sample choice[None|f=None|h=7 days]@70.6
chromium-dark-desktop › antd-sample down-down-enter burst sample 15,antd-sample,select-keys,down-down-enter,,burst,15,ArrowDown ArrowDown Enter,7 days | 7 days | list closed | @combobox:Sample choice,1,0,ArrowDown>combobox:Sample choice[None|f=None|h=None]@33.1 ; ArrowDown>combobox:Sample choice[None|f=None|h=Never]@54.7 ; Enter>combobox:Sample choice[None|f=None|h=7 days]@60
chromium-dark-desktop › antd-sample down-down-enter burst sample 16,antd-sample,select-keys,down-down-enter,,burst,16,ArrowDown ArrowDown Enter,7 days | 7 days | list closed | @combobox:Sample choice,1,0,ArrowDown>combobox:Sample choice[None|f=None|h=None]@43.4 ; ArrowDown>combobox:Sample choice[None|f=None|h=Never]@66.5 ; Enter>combobox:Sample choice[None|f=None|h=7 days]@72.1
chromium-dark-desktop › antd-sample down-down-enter burst sample 17,antd-sample,select-keys,down-down-enter,,burst,17,ArrowDown ArrowDown Enter,7 days | 7 days | list closed | @combobox:Sample choice,1,0,ArrowDown>combobox:Sample choice[None|f=None|h=None]@39.1 ; ArrowDown>combobox:Sample choice[None|f=None|h=Never]@67.1 ; Enter>combobox:Sample choice[None|f=None|h=7 days]@74
chromium-dark-desktop › antd-sample down-down-enter burst sample 18,antd-sample,select-keys,down-down-enter,,burst,18,ArrowDown ArrowDown Enter,7 days | 7 days | list closed | @combobox:Sample choice,1,0,ArrowDown>combobox:Sample choice[None|f=None|h=None]@37.9 ; ArrowDown>combobox:Sample choice[None|f=None|h=Never]@61.3 ; Enter>combobox:Sample choice[None|f=None|h=7 days]@67.2
chromium-dark-desktop › antd-sample down-down-enter burst sample 19,antd-sample,select-keys,down-down-enter,,burst,19,ArrowDown ArrowDown Enter,7 days | 7 days | list closed | @combobox:Sample choice,1,0,ArrowDown>combobox:Sample choice[None|f=None|h=None]@41.5 ; ArrowDown>combobox:Sample choice[None|f=None|h=Never]@65.4 ; Enter>combobox:Sample choice[None|f=None|h=7 days]@71.5
chromium-dark-desktop › antd-sample down-down-enter paced sample 0,antd-sample,select-keys,down-down-enter,,paced,0,ArrowDown ArrowDown Enter,7 days | 7 days | list closed | @combobox:Sample choice,1,0,ArrowDown>combobox:Sample choice[None|f=None|h=None]@30.7 ; ArrowDown>combobox:Sample choice[None|f=None|h=Never]@361.2 ; Enter>combobox:Sample choice[None|f=None|h=7 days]@672.4
chromium-dark-desktop › antd-sample down-down-enter paced sample 1,antd-sample,select-keys,down-down-enter,,paced,1,ArrowDown ArrowDown Enter,7 days | 7 days | list closed | @combobox:Sample choice,1,0,ArrowDown>combobox:Sample choice[None|f=None|h=None]@46.3 ; ArrowDown>combobox:Sample choice[None|f=None|h=Never]@382.4 ; Enter>combobox:Sample choice[None|f=None|h=7 days]@691.4
chromium-dark-desktop › antd-sample down-down-enter paced sample 2,antd-sample,select-keys,down-down-enter,,paced,2,ArrowDown ArrowDown Enter,7 days | 7 days | list closed | @combobox:Sample choice,1,0,ArrowDown>combobox:Sample choice[None|f=None|h=None]@41.2 ; ArrowDown>combobox:Sample choice[None|f=None|h=Never]@368.4 ; Enter>combobox:Sample choice[None|f=None|h=7 days]@681
chromium-dark-desktop › orbit-combobox down-down-enter burst sample 0,orbit-combobox,select-keys,down-down-enter,,burst,0,ArrowDown ArrowDown Enter,7 days | list closed | @combobox:Sample choice,1,0,ArrowDown>combobox:Sample choice[None|f=None|h=None]@26.2 ; ArrowDown>combobox:Sample choice[None|f=None|h=Never]@55.7 ; Enter>combobox:Sample choice[None|f=None|h=7 days]@58.6
chromium-dark-desktop › orbit-combobox down-down-enter burst sample 1,orbit-combobox,select-keys,down-down-enter,,burst,1,ArrowDown ArrowDown Enter,7 days | list closed | @combobox:Sample choice,1,0,ArrowDown>combobox:Sample choice[None|f=None|h=None]@38.3 ; ArrowDown>combobox:Sample choice[None|f=None|h=Never]@70.8 ; Enter>combobox:Sample choice[None|f=None|h=7 days]@74
chromium-dark-desktop › orbit-combobox down-down-enter burst sample 2,orbit-combobox,select-keys,down-down-enter,,burst,2,ArrowDown ArrowDown Enter,7 days | list closed | @combobox:Sample choice,1,0,ArrowDown>combobox:Sample choice[None|f=None|h=None]@36.4 ; ArrowDown>combobox:Sample choice[None|f=None|h=Never]@69.1 ; Enter>combobox:Sample choice[None|f=None|h=7 days]@72.1
chromium-dark-desktop › orbit-combobox down-down-enter burst sample 3,orbit-combobox,select-keys,down-down-enter,,burst,3,ArrowDown ArrowDown Enter,7 days | list closed | @combobox:Sample choice,1,0,ArrowDown>combobox:Sample choice[None|f=None|h=None]@23.9 ; ArrowDown>combobox:Sample choice[None|f=None|h=Never]@55.5 ; Enter>combobox:Sample choice[None|f=None|h=7 days]@59.2
chromium-dark-desktop › orbit-combobox down-down-enter burst sample 4,orbit-combobox,select-keys,down-down-enter,,burst,4,ArrowDown ArrowDown Enter,7 days | list closed | @combobox:Sample choice,1,0,ArrowDown>combobox:Sample choice[None|f=None|h=None]@26.4 ; ArrowDown>combobox:Sample choice[None|f=None|h=Never]@61.9 ; Enter>combobox:Sample choice[None|f=None|h=7 days]@65.4
chromium-dark-desktop › orbit-combobox down-down-enter burst sample 5,orbit-combobox,select-keys,down-down-enter,,burst,5,ArrowDown ArrowDown Enter,7 days | list closed | @combobox:Sample choice,1,0,ArrowDown>combobox:Sample choice[None|f=None|h=None]@37.9 ; ArrowDown>combobox:Sample choice[None|f=None|h=Never]@72.4 ; Enter>combobox:Sample choice[None|f=None|h=7 days]@75.8
chromium-dark-desktop › orbit-combobox down-down-enter burst sample 6,orbit-combobox,select-keys,down-down-enter,,burst,6,ArrowDown ArrowDown Enter,7 days | list closed | @combobox:Sample choice,1,0,ArrowDown>combobox:Sample choice[None|f=None|h=None]@31.8 ; ArrowDown>combobox:Sample choice[None|f=None|h=Never]@63.6 ; Enter>combobox:Sample choice[None|f=None|h=7 days]@66.8
chromium-dark-desktop › orbit-combobox down-down-enter burst sample 7,orbit-combobox,select-keys,down-down-enter,,burst,7,ArrowDown ArrowDown Enter,7 days | list closed | @combobox:Sample choice,1,0,ArrowDown>combobox:Sample choice[None|f=None|h=None]@54.7 ; ArrowDown>combobox:Sample choice[None|f=None|h=Never]@97.9 ; Enter>combobox:Sample choice[None|f=None|h=7 days]@102
chromium-dark-desktop › orbit-combobox down-down-enter burst sample 8,orbit-combobox,select-keys,down-down-enter,,burst,8,ArrowDown ArrowDown Enter,7 days | list closed | @combobox:Sample choice,1,0,ArrowDown>combobox:Sample choice[None|f=None|h=None]@33.1 ; ArrowDown>combobox:Sample choice[None|f=None|h=Never]@71.3 ; Enter>combobox:Sample choice[None|f=None|h=7 days]@75.3
chromium-dark-desktop › orbit-combobox down-down-enter burst sample 9,orbit-combobox,select-keys,down-down-enter,,burst,9,ArrowDown ArrowDown Enter,7 days | list closed | @combobox:Sample choice,1,0,ArrowDown>combobox:Sample choice[None|f=None|h=None]@29.4 ; ArrowDown>combobox:Sample choice[None|f=None|h=Never]@64.6 ; Enter>combobox:Sample choice[None|f=None|h=7 days]@67.7
chromium-dark-desktop › orbit-combobox down-down-enter burst sample 10,orbit-combobox,select-keys,down-down-enter,,burst,10,ArrowDown ArrowDown Enter,7 days | list closed | @combobox:Sample choice,1,0,ArrowDown>combobox:Sample choice[None|f=None|h=None]@25.3 ; ArrowDown>combobox:Sample choice[None|f=None|h=Never]@56.2 ; Enter>combobox:Sample choice[None|f=None|h=7 days]@59.3
chromium-dark-desktop › orbit-combobox down-down-enter burst sample 11,orbit-combobox,select-keys,down-down-enter,,burst,11,ArrowDown ArrowDown Enter,7 days | list closed | @combobox:Sample choice,1,0,ArrowDown>combobox:Sample choice[None|f=None|h=None]@39.2 ; ArrowDown>combobox:Sample choice[None|f=None|h=Never]@71.3 ; Enter>combobox:Sample choice[None|f=None|h=7 days]@74.8
chromium-dark-desktop › orbit-combobox down-down-enter burst sample 12,orbit-combobox,select-keys,down-down-enter,,burst,12,ArrowDown ArrowDown Enter,7 days | list closed | @combobox:Sample choice,1,0,ArrowDown>combobox:Sample choice[None|f=None|h=None]@37.1 ; ArrowDown>combobox:Sample choice[None|f=None|h=Never]@73.9 ; Enter>combobox:Sample choice[None|f=None|h=7 days]@78
chromium-dark-desktop › orbit-combobox down-down-enter burst sample 13,orbit-combobox,select-keys,down-down-enter,,burst,13,ArrowDown ArrowDown Enter,7 days | list closed | @combobox:Sample choice,1,0,ArrowDown>combobox:Sample choice[None|f=None|h=None]@26.1 ; ArrowDown>combobox:Sample choice[None|f=None|h=Never]@60.7 ; Enter>combobox:Sample choice[None|f=None|h=7 days]@64.1
chromium-dark-desktop › orbit-combobox down-down-enter burst sample 14,orbit-combobox,select-keys,down-down-enter,,burst,14,ArrowDown ArrowDown Enter,7 days | list closed | @combobox:Sample choice,1,0,ArrowDown>combobox:Sample choice[None|f=None|h=None]@25.4 ; ArrowDown>combobox:Sample choice[None|f=None|h=Never]@60.7 ; Enter>combobox:Sample choice[None|f=None|h=7 days]@64.2
chromium-dark-desktop › orbit-combobox down-down-enter burst sample 15,orbit-combobox,select-keys,down-down-enter,,burst,15,ArrowDown ArrowDown Enter,7 days | list closed | @combobox:Sample choice,1,0,ArrowDown>combobox:Sample choice[None|f=None|h=None]@33.2 ; ArrowDown>combobox:Sample choice[None|f=None|h=Never]@72 ; Enter>combobox:Sample choice[None|f=None|h=7 days]@76.6
chromium-dark-desktop › orbit-combobox down-down-enter burst sample 16,orbit-combobox,select-keys,down-down-enter,,burst,16,ArrowDown ArrowDown Enter,7 days | list closed | @combobox:Sample choice,1,0,ArrowDown>combobox:Sample choice[None|f=None|h=None]@40.6 ; ArrowDown>combobox:Sample choice[None|f=None|h=Never]@76.8 ; Enter>combobox:Sample choice[None|f=None|h=7 days]@80.5
chromium-dark-desktop › orbit-combobox down-down-enter burst sample 17,orbit-combobox,select-keys,down-down-enter,,burst,17,ArrowDown ArrowDown Enter,7 days | list closed | @combobox:Sample choice,1,0,ArrowDown>combobox:Sample choice[None|f=None|h=None]@35.7 ; ArrowDown>combobox:Sample choice[None|f=None|h=Never]@72.1 ; Enter>combobox:Sample choice[None|f=None|h=7 days]@75.4
chromium-dark-desktop › orbit-combobox down-down-enter burst sample 18,orbit-combobox,select-keys,down-down-enter,,burst,18,ArrowDown ArrowDown Enter,7 days | list closed | @combobox:Sample choice,1,0,ArrowDown>combobox:Sample choice[None|f=None|h=None]@24.6 ; ArrowDown>combobox:Sample choice[None|f=None|h=Never]@59.7 ; Enter>combobox:Sample choice[None|f=None|h=7 days]@63
chromium-dark-desktop › orbit-combobox down-down-enter burst sample 19,orbit-combobox,select-keys,down-down-enter,,burst,19,ArrowDown ArrowDown Enter,7 days | list closed | @combobox:Sample choice,1,0,ArrowDown>combobox:Sample choice[None|f=None|h=None]@24.8 ; ArrowDown>combobox:Sample choice[None|f=None|h=Never]@60.2 ; Enter>combobox:Sample choice[None|f=None|h=7 days]@64.6
chromium-dark-desktop › orbit-combobox down-down-enter paced sample 0,orbit-combobox,select-keys,down-down-enter,,paced,0,ArrowDown ArrowDown Enter,7 days | list closed | @combobox:Sample choice,1,0,ArrowDown>combobox:Sample choice[None|f=None|h=None]@33.8 ; ArrowDown>combobox:Sample choice[None|f=None|h=Never]@380.9 ; Enter>combobox:Sample choice[None|f=None|h=7 days]@699.6
chromium-dark-desktop › orbit-combobox down-down-enter paced sample 1,orbit-combobox,select-keys,down-down-enter,,paced,1,ArrowDown ArrowDown Enter,7 days | list closed | @combobox:Sample choice,1,0,ArrowDown>combobox:Sample choice[None|f=None|h=None]@36.7 ; ArrowDown>combobox:Sample choice[None|f=None|h=Never]@380.2 ; Enter>combobox:Sample choice[None|f=None|h=7 days]@689.5
chromium-dark-desktop › orbit-combobox down-down-enter paced sample 2,orbit-combobox,select-keys,down-down-enter,,paced,2,ArrowDown ArrowDown Enter,7 days | list closed | @combobox:Sample choice,1,0,ArrowDown>combobox:Sample choice[None|f=None|h=None]@29.7 ; ArrowDown>combobox:Sample choice[None|f=None|h=Never]@360.9 ; Enter>combobox:Sample choice[None|f=None|h=7 days]@669.9
chromium-dark-desktop › antd-search down-down-enter burst sample 0,antd-search,select-keys,down-down-enter,,burst,0,ArrowDown ArrowDown Enter,7 days | 7 days | list closed | @combobox:Sample choice,1,0,ArrowDown>combobox:Sample choice[None|f=None|h=None]@36.7 ; ArrowDown>combobox:Sample choice[None|f=None|h=Never]@62.7 ; Enter>combobox:Sample choice[None|f=None|h=7 days]@68.9
chromium-dark-desktop › antd-search down-down-enter burst sample 1,antd-search,select-keys,down-down-enter,,burst,1,ArrowDown ArrowDown Enter,7 days | 7 days | list closed | @combobox:Sample choice,1,0,ArrowDown>combobox:Sample choice[None|f=None|h=None]@51.9 ; ArrowDown>combobox:Sample choice[None|f=None|h=Never]@77.5 ; Enter>combobox:Sample choice[None|f=None|h=7 days]@83.4
chromium-dark-desktop › antd-search down-down-enter burst sample 2,antd-search,select-keys,down-down-enter,,burst,2,ArrowDown ArrowDown Enter,7 days | 7 days | list closed | @combobox:Sample choice,1,0,ArrowDown>combobox:Sample choice[None|f=None|h=None]@29 ; ArrowDown>combobox:Sample choice[None|f=None|h=Never]@54.9 ; Enter>combobox:Sample choice[None|f=None|h=7 days]@63.1
chromium-dark-desktop › antd-search down-down-enter burst sample 3,antd-search,select-keys,down-down-enter,,burst,3,ArrowDown ArrowDown Enter,7 days | 7 days | list closed | @combobox:Sample choice,1,0,ArrowDown>combobox:Sample choice[None|f=None|h=None]@42.4 ; ArrowDown>combobox:Sample choice[None|f=None|h=Never]@69.8 ; Enter>combobox:Sample choice[None|f=None|h=7 days]@76.1
chromium-dark-desktop › antd-search down-down-enter burst sample 4,antd-search,select-keys,down-down-enter,,burst,4,ArrowDown ArrowDown Enter,7 days | 7 days | list closed | @combobox:Sample choice,1,0,ArrowDown>combobox:Sample choice[None|f=None|h=None]@44.8 ; ArrowDown>combobox:Sample choice[None|f=None|h=Never]@70.7 ; Enter>combobox:Sample choice[None|f=None|h=7 days]@76.6
chromium-dark-desktop › antd-search down-down-enter burst sample 5,antd-search,select-keys,down-down-enter,,burst,5,ArrowDown ArrowDown Enter,7 days | 7 days | list closed | @combobox:Sample choice,1,0,ArrowDown>combobox:Sample choice[None|f=None|h=None]@49.9 ; ArrowDown>combobox:Sample choice[None|f=None|h=Never]@74.9 ; Enter>combobox:Sample choice[None|f=None|h=7 days]@80.6
chromium-dark-desktop › antd-search down-down-enter burst sample 6,antd-search,select-keys,down-down-enter,,burst,6,ArrowDown ArrowDown Enter,7 days | 7 days | list closed | @combobox:Sample choice,1,0,ArrowDown>combobox:Sample choice[None|f=None|h=None]@41.2 ; ArrowDown>combobox:Sample choice[None|f=None|h=Never]@71.8 ; Enter>combobox:Sample choice[None|f=None|h=7 days]@78.9
chromium-dark-desktop › antd-search down-down-enter burst sample 7,antd-search,select-keys,down-down-enter,,burst,7,ArrowDown ArrowDown Enter,7 days | 7 days | list closed | @combobox:Sample choice,1,0,ArrowDown>combobox:Sample choice[None|f=None|h=None]@34.3 ; ArrowDown>combobox:Sample choice[None|f=None|h=Never]@61.6 ; Enter>combobox:Sample choice[None|f=None|h=7 days]@69.4
chromium-dark-desktop › antd-search down-down-enter burst sample 8,antd-search,select-keys,down-down-enter,,burst,8,ArrowDown ArrowDown Enter,7 days | 7 days | list closed | @combobox:Sample choice,1,0,ArrowDown>combobox:Sample choice[None|f=None|h=None]@32.3 ; ArrowDown>combobox:Sample choice[None|f=None|h=Never]@60.5 ; Enter>combobox:Sample choice[None|f=None|h=7 days]@70.5
chromium-dark-desktop › antd-search down-down-enter burst sample 9,antd-search,select-keys,down-down-enter,,burst,9,ArrowDown ArrowDown Enter,7 days | 7 days | list closed | @combobox:Sample choice,1,0,ArrowDown>combobox:Sample choice[None|f=None|h=None]@35.5 ; ArrowDown>combobox:Sample choice[None|f=None|h=Never]@73 ; Enter>combobox:Sample choice[None|f=None|h=7 days]@82.2
chromium-dark-desktop › antd-search down-down-enter burst sample 10,antd-search,select-keys,down-down-enter,,burst,10,ArrowDown ArrowDown Enter,7 days | 7 days | list closed | @combobox:Sample choice,1,0,ArrowDown>combobox:Sample choice[None|f=None|h=None]@41.9 ; ArrowDown>combobox:Sample choice[None|f=None|h=Never]@71.7 ; Enter>combobox:Sample choice[None|f=None|h=7 days]@77.9
chromium-dark-desktop › antd-search down-down-enter burst sample 11,antd-search,select-keys,down-down-enter,,burst,11,ArrowDown ArrowDown Enter,7 days | 7 days | list closed | @combobox:Sample choice,1,0,ArrowDown>combobox:Sample choice[None|f=None|h=None]@43.5 ; ArrowDown>combobox:Sample choice[None|f=None|h=Never]@80.6 ; Enter>combobox:Sample choice[None|f=None|h=7 days]@89.7
chromium-dark-desktop › antd-search down-down-enter burst sample 12,antd-search,select-keys,down-down-enter,,burst,12,ArrowDown ArrowDown Enter,7 days | 7 days | list closed | @combobox:Sample choice,1,0,ArrowDown>combobox:Sample choice[None|f=None|h=None]@32 ; ArrowDown>combobox:Sample choice[None|f=None|h=Never]@56.7 ; Enter>combobox:Sample choice[None|f=None|h=7 days]@63.1
chromium-dark-desktop › antd-search down-down-enter burst sample 13,antd-search,select-keys,down-down-enter,,burst,13,ArrowDown ArrowDown Enter,7 days | 7 days | list closed | @combobox:Sample choice,1,0,ArrowDown>combobox:Sample choice[None|f=None|h=None]@41 ; ArrowDown>combobox:Sample choice[None|f=None|h=Never]@66 ; Enter>combobox:Sample choice[None|f=None|h=7 days]@71.7
chromium-dark-desktop › antd-search down-down-enter burst sample 14,antd-search,select-keys,down-down-enter,,burst,14,ArrowDown ArrowDown Enter,7 days | 7 days | list closed | @combobox:Sample choice,1,0,ArrowDown>combobox:Sample choice[None|f=None|h=None]@41.8 ; ArrowDown>combobox:Sample choice[None|f=None|h=Never]@69 ; Enter>combobox:Sample choice[None|f=None|h=7 days]@76.1
chromium-dark-desktop › antd-search down-down-enter burst sample 15,antd-search,select-keys,down-down-enter,,burst,15,ArrowDown ArrowDown Enter,7 days | 7 days | list closed | @combobox:Sample choice,1,0,ArrowDown>combobox:Sample choice[None|f=None|h=None]@53.4 ; ArrowDown>combobox:Sample choice[None|f=None|h=Never]@89.2 ; Enter>combobox:Sample choice[None|f=None|h=7 days]@98.6
chromium-dark-desktop › antd-search down-down-enter burst sample 16,antd-search,select-keys,down-down-enter,,burst,16,ArrowDown ArrowDown Enter,7 days | 7 days | list closed | @combobox:Sample choice,1,0,ArrowDown>combobox:Sample choice[None|f=None|h=None]@38.2 ; ArrowDown>combobox:Sample choice[None|f=None|h=Never]@62.9 ; Enter>combobox:Sample choice[None|f=None|h=7 days]@69.3
chromium-dark-desktop › antd-search down-down-enter burst sample 17,antd-search,select-keys,down-down-enter,,burst,17,ArrowDown ArrowDown Enter,7 days | 7 days | list closed | @combobox:Sample choice,1,0,ArrowDown>combobox:Sample choice[None|f=None|h=None]@27.5 ; ArrowDown>combobox:Sample choice[None|f=None|h=Never]@54.4 ; Enter>combobox:Sample choice[None|f=None|h=7 days]@60.6
chromium-dark-desktop › antd-search down-down-enter burst sample 18,antd-search,select-keys,down-down-enter,,burst,18,ArrowDown ArrowDown Enter,7 days | 7 days | list closed | @combobox:Sample choice,1,0,ArrowDown>combobox:Sample choice[None|f=None|h=None]@27.1 ; ArrowDown>combobox:Sample choice[None|f=None|h=Never]@53.1 ; Enter>combobox:Sample choice[None|f=None|h=7 days]@58.7
chromium-dark-desktop › antd-search down-down-enter burst sample 19,antd-search,select-keys,down-down-enter,,burst,19,ArrowDown ArrowDown Enter,7 days | 7 days | list closed | @combobox:Sample choice,1,0,ArrowDown>combobox:Sample choice[None|f=None|h=None]@44.4 ; ArrowDown>combobox:Sample choice[None|f=None|h=Never]@73.2 ; Enter>combobox:Sample choice[None|f=None|h=7 days]@80.2
chromium-dark-desktop › antd-search down-down-enter paced sample 0,antd-search,select-keys,down-down-enter,,paced,0,ArrowDown ArrowDown Enter,7 days | 7 days | list closed | @combobox:Sample choice,1,0,ArrowDown>combobox:Sample choice[None|f=None|h=None]@30.1 ; ArrowDown>combobox:Sample choice[None|f=None|h=Never]@360.3 ; Enter>combobox:Sample choice[None|f=None|h=7 days]@671.6
chromium-dark-desktop › antd-search down-down-enter paced sample 1,antd-search,select-keys,down-down-enter,,paced,1,ArrowDown ArrowDown Enter,7 days | 7 days | list closed | @combobox:Sample choice,1,0,ArrowDown>combobox:Sample choice[None|f=None|h=None]@28.5 ; ArrowDown>combobox:Sample choice[None|f=None|h=Never]@358.2 ; Enter>combobox:Sample choice[None|f=None|h=7 days]@670.5
chromium-dark-desktop › antd-search down-down-enter paced sample 2,antd-search,select-keys,down-down-enter,,paced,2,ArrowDown ArrowDown Enter,7 days | 7 days | list closed | @combobox:Sample choice,1,0,ArrowDown>combobox:Sample choice[None|f=None|h=None]@35.7 ; ArrowDown>combobox:Sample choice[None|f=None|h=Never]@392.1 ; Enter>combobox:Sample choice[None|f=None|h=7 days]@735.2
chromium-dark-desktop › orbit-multiselect down-down-enter burst sample 0,orbit-multiselect,select-keys,down-down-enter,,burst,0,ArrowDown ArrowDown Enter,Bug | Ops | list open | @combobox:Sample choice,1,0,ArrowDown>combobox:Sample choice[None|f=None|h=None]@34.5 ; ArrowDown>combobox:Sample choice[None|f=None|h=Bug]@80.4 ; Enter>combobox:Sample choice[None|f=None|h=Docs]@84.7
chromium-dark-desktop › orbit-multiselect down-down-enter burst sample 1,orbit-multiselect,select-keys,down-down-enter,,burst,1,ArrowDown ArrowDown Enter,Bug | Ops | list open | @combobox:Sample choice,1,0,ArrowDown>combobox:Sample choice[None|f=None|h=None]@35.6 ; ArrowDown>combobox:Sample choice[None|f=None|h=Bug]@72.4 ; Enter>combobox:Sample choice[None|f=None|h=Docs]@75.4
chromium-dark-desktop › orbit-multiselect down-down-enter burst sample 2,orbit-multiselect,select-keys,down-down-enter,,burst,2,ArrowDown ArrowDown Enter,Bug | Ops | list open | @combobox:Sample choice,1,0,ArrowDown>combobox:Sample choice[None|f=None|h=None]@32.2 ; ArrowDown>combobox:Sample choice[None|f=None|h=Bug]@68.5 ; Enter>combobox:Sample choice[None|f=None|h=Docs]@71.8
chromium-dark-desktop › orbit-multiselect down-down-enter burst sample 3,orbit-multiselect,select-keys,down-down-enter,,burst,3,ArrowDown ArrowDown Enter,Bug | Ops | list open | @combobox:Sample choice,1,0,ArrowDown>combobox:Sample choice[None|f=None|h=None]@41.8 ; ArrowDown>combobox:Sample choice[None|f=None|h=Bug]@79.7 ; Enter>combobox:Sample choice[None|f=None|h=Docs]@83.5
chromium-dark-desktop › orbit-multiselect down-down-enter burst sample 4,orbit-multiselect,select-keys,down-down-enter,,burst,4,ArrowDown ArrowDown Enter,Bug | Ops | list open | @combobox:Sample choice,1,0,ArrowDown>combobox:Sample choice[None|f=None|h=None]@24.6 ; ArrowDown>combobox:Sample choice[None|f=None|h=Bug]@62.8 ; Enter>combobox:Sample choice[None|f=None|h=Docs]@66
chromium-dark-desktop › orbit-multiselect down-down-enter burst sample 5,orbit-multiselect,select-keys,down-down-enter,,burst,5,ArrowDown ArrowDown Enter,Bug | Ops | list open | @combobox:Sample choice,1,0,ArrowDown>combobox:Sample choice[None|f=None|h=None]@36.7 ; ArrowDown>combobox:Sample choice[None|f=None|h=Bug]@74.7 ; Enter>combobox:Sample choice[None|f=None|h=Docs]@78.4
chromium-dark-desktop › orbit-multiselect down-down-enter burst sample 6,orbit-multiselect,select-keys,down-down-enter,,burst,6,ArrowDown ArrowDown Enter,Bug | Ops | list open | @combobox:Sample choice,1,0,ArrowDown>combobox:Sample choice[None|f=None|h=None]@34.3 ; ArrowDown>combobox:Sample choice[None|f=None|h=Bug]@87.7 ; Enter>combobox:Sample choice[None|f=None|h=Docs]@92.2
chromium-dark-desktop › orbit-multiselect down-down-enter burst sample 7,orbit-multiselect,select-keys,down-down-enter,,burst,7,ArrowDown ArrowDown Enter,Bug | Ops | list open | @combobox:Sample choice,1,0,ArrowDown>combobox:Sample choice[None|f=None|h=None]@41.9 ; ArrowDown>combobox:Sample choice[None|f=None|h=Bug]@87.7 ; Enter>combobox:Sample choice[None|f=None|h=Docs]@91.8
chromium-dark-desktop › orbit-multiselect down-down-enter burst sample 8,orbit-multiselect,select-keys,down-down-enter,,burst,8,ArrowDown ArrowDown Enter,Bug | Ops | list open | @combobox:Sample choice,1,0,ArrowDown>combobox:Sample choice[None|f=None|h=None]@38.5 ; ArrowDown>combobox:Sample choice[None|f=None|h=Bug]@80.7 ; Enter>combobox:Sample choice[None|f=None|h=Docs]@84.6
chromium-dark-desktop › orbit-multiselect down-down-enter burst sample 9,orbit-multiselect,select-keys,down-down-enter,,burst,9,ArrowDown ArrowDown Enter,Bug | Ops | list open | @combobox:Sample choice,1,0,ArrowDown>combobox:Sample choice[None|f=None|h=None]@50.5 ; ArrowDown>combobox:Sample choice[None|f=None|h=Bug]@99.3 ; Enter>combobox:Sample choice[None|f=None|h=Docs]@103.9
chromium-dark-desktop › orbit-multiselect down-down-enter burst sample 10,orbit-multiselect,select-keys,down-down-enter,,burst,10,ArrowDown ArrowDown Enter,Bug | Ops | list open | @combobox:Sample choice,1,0,ArrowDown>combobox:Sample choice[None|f=None|h=None]@42.7 ; ArrowDown>combobox:Sample choice[None|f=None|h=Bug]@88.4 ; Enter>combobox:Sample choice[None|f=None|h=Docs]@91.8
chromium-dark-desktop › orbit-multiselect down-down-enter burst sample 11,orbit-multiselect,select-keys,down-down-enter,,burst,11,ArrowDown ArrowDown Enter,Bug | Ops | list open | @combobox:Sample choice,1,0,ArrowDown>combobox:Sample choice[None|f=None|h=None]@30.4 ; ArrowDown>combobox:Sample choice[None|f=None|h=Bug]@79.8 ; Enter>combobox:Sample choice[None|f=None|h=Docs]@84.5
chromium-dark-desktop › orbit-multiselect down-down-enter burst sample 12,orbit-multiselect,select-keys,down-down-enter,,burst,12,ArrowDown ArrowDown Enter,Bug | Ops | list open | @combobox:Sample choice,1,0,ArrowDown>combobox:Sample choice[None|f=None|h=None]@25.6 ; ArrowDown>combobox:Sample choice[None|f=None|h=Bug]@63.4 ; Enter>combobox:Sample choice[None|f=None|h=Docs]@66.8
chromium-dark-desktop › orbit-multiselect down-down-enter burst sample 13,orbit-multiselect,select-keys,down-down-enter,,burst,13,ArrowDown ArrowDown Enter,Bug | Ops | list open | @combobox:Sample choice,1,0,ArrowDown>combobox:Sample choice[None|f=None|h=None]@37 ; ArrowDown>combobox:Sample choice[None|f=None|h=Bug]@77.8 ; Enter>combobox:Sample choice[None|f=None|h=Docs]@81.2
chromium-dark-desktop › orbit-multiselect down-down-enter burst sample 14,orbit-multiselect,select-keys,down-down-enter,,burst,14,ArrowDown ArrowDown Enter,Bug | Ops | list open | @combobox:Sample choice,1,0,ArrowDown>combobox:Sample choice[None|f=None|h=None]@24 ; ArrowDown>combobox:Sample choice[None|f=None|h=Bug]@64 ; Enter>combobox:Sample choice[None|f=None|h=Docs]@67.1
chromium-dark-desktop › orbit-multiselect down-down-enter burst sample 15,orbit-multiselect,select-keys,down-down-enter,,burst,15,ArrowDown ArrowDown Enter,Bug | Ops | list open | @combobox:Sample choice,1,0,ArrowDown>combobox:Sample choice[None|f=None|h=None]@37.8 ; ArrowDown>combobox:Sample choice[None|f=None|h=Bug]@73.6 ; Enter>combobox:Sample choice[None|f=None|h=Docs]@76.6
chromium-dark-desktop › orbit-multiselect down-down-enter burst sample 16,orbit-multiselect,select-keys,down-down-enter,,burst,16,ArrowDown ArrowDown Enter,Bug | Ops | list open | @combobox:Sample choice,1,0,ArrowDown>combobox:Sample choice[None|f=None|h=None]@34 ; ArrowDown>combobox:Sample choice[None|f=None|h=Bug]@70.3 ; Enter>combobox:Sample choice[None|f=None|h=Docs]@73.8
chromium-dark-desktop › orbit-multiselect down-down-enter burst sample 17,orbit-multiselect,select-keys,down-down-enter,,burst,17,ArrowDown ArrowDown Enter,Bug | Ops | list open | @combobox:Sample choice,1,0,ArrowDown>combobox:Sample choice[None|f=None|h=None]@30.1 ; ArrowDown>combobox:Sample choice[None|f=None|h=Bug]@68.1 ; Enter>combobox:Sample choice[None|f=None|h=Docs]@71.4
chromium-dark-desktop › orbit-multiselect down-down-enter burst sample 18,orbit-multiselect,select-keys,down-down-enter,,burst,18,ArrowDown ArrowDown Enter,Bug | Ops | list open | @combobox:Sample choice,1,0,ArrowDown>combobox:Sample choice[None|f=None|h=None]@33.5 ; ArrowDown>combobox:Sample choice[None|f=None|h=Bug]@73 ; Enter>combobox:Sample choice[None|f=None|h=Docs]@76.5
chromium-dark-desktop › orbit-multiselect down-down-enter burst sample 19,orbit-multiselect,select-keys,down-down-enter,,burst,19,ArrowDown ArrowDown Enter,Bug | Ops | list open | @combobox:Sample choice,1,0,ArrowDown>combobox:Sample choice[None|f=None|h=None]@25.9 ; ArrowDown>combobox:Sample choice[None|f=None|h=Bug]@62.9 ; Enter>combobox:Sample choice[None|f=None|h=Docs]@66.6
chromium-dark-desktop › orbit-multiselect down-down-enter paced sample 0,orbit-multiselect,select-keys,down-down-enter,,paced,0,ArrowDown ArrowDown Enter,Bug | Ops | list open | @combobox:Sample choice,1,0,ArrowDown>combobox:Sample choice[None|f=None|h=None]@34.4 ; ArrowDown>combobox:Sample choice[None|f=None|h=Bug]@384.1 ; Enter>combobox:Sample choice[None|f=None|h=Docs]@695.1
chromium-dark-desktop › orbit-multiselect down-down-enter paced sample 1,orbit-multiselect,select-keys,down-down-enter,,paced,1,ArrowDown ArrowDown Enter,Bug | Ops | list open | @combobox:Sample choice,1,0,ArrowDown>combobox:Sample choice[None|f=None|h=None]@38.3 ; ArrowDown>combobox:Sample choice[None|f=None|h=Bug]@384.1 ; Enter>combobox:Sample choice[None|f=None|h=Docs]@699.4
chromium-dark-desktop › orbit-multiselect down-down-enter paced sample 2,orbit-multiselect,select-keys,down-down-enter,,paced,2,ArrowDown ArrowDown Enter,Bug | Ops | list open | @combobox:Sample choice,1,0,ArrowDown>combobox:Sample choice[None|f=None|h=None]@50.3 ; ArrowDown>combobox:Sample choice[None|f=None|h=Bug]@409.6 ; Enter>combobox:Sample choice[None|f=None|h=Docs]@721.9
chromium-dark-desktop › antd-multiple down-down-enter burst sample 0,antd-multiple,select-keys,down-down-enter,,burst,0,ArrowDown ArrowDown Enter,Bug | Ops | list open | @combobox:Sample choice,1,0,ArrowDown>combobox:Sample choice[None|f=None|h=None]@36.1 ; ArrowDown>combobox:Sample choice[None|f=None|h=Bug]@65.7 ; Enter>combobox:Sample choice[None|f=None|h=Docs]@72
chromium-dark-desktop › antd-multiple down-down-enter burst sample 1,antd-multiple,select-keys,down-down-enter,,burst,1,ArrowDown ArrowDown Enter,Bug | Ops | list open | @combobox:Sample choice,1,0,ArrowDown>combobox:Sample choice[None|f=None|h=None]@45.2 ; ArrowDown>combobox:Sample choice[None|f=None|h=Bug]@76.4 ; Enter>combobox:Sample choice[None|f=None|h=Docs]@82.8
chromium-dark-desktop › antd-multiple down-down-enter burst sample 2,antd-multiple,select-keys,down-down-enter,,burst,2,ArrowDown ArrowDown Enter,Bug | Ops | list open | @combobox:Sample choice,1,0,ArrowDown>combobox:Sample choice[None|f=None|h=None]@54.1 ; ArrowDown>combobox:Sample choice[None|f=None|h=Bug]@89.6 ; Enter>combobox:Sample choice[None|f=None|h=Docs]@97.3
chromium-dark-desktop › antd-multiple down-down-enter burst sample 3,antd-multiple,select-keys,down-down-enter,,burst,3,ArrowDown ArrowDown Enter,Bug | Ops | list open | @combobox:Sample choice,1,0,ArrowDown>combobox:Sample choice[None|f=None|h=None]@48.2 ; ArrowDown>combobox:Sample choice[None|f=None|h=Bug]@86.7 ; Enter>combobox:Sample choice[None|f=None|h=Docs]@93.3
chromium-dark-desktop › antd-multiple down-down-enter burst sample 4,antd-multiple,select-keys,down-down-enter,,burst,4,ArrowDown ArrowDown Enter,Bug | Ops | list open | @combobox:Sample choice,1,0,ArrowDown>combobox:Sample choice[None|f=None|h=None]@40.1 ; ArrowDown>combobox:Sample choice[None|f=None|h=Bug]@75 ; Enter>combobox:Sample choice[None|f=None|h=Docs]@83.1
chromium-dark-desktop › antd-multiple down-down-enter burst sample 5,antd-multiple,select-keys,down-down-enter,,burst,5,ArrowDown ArrowDown Enter,Bug | Ops | list open | @combobox:Sample choice,1,0,ArrowDown>combobox:Sample choice[None|f=None|h=None]@49.8 ; ArrowDown>combobox:Sample choice[None|f=None|h=Bug]@74.2 ; Enter>combobox:Sample choice[None|f=None|h=Docs]@78.9
chromium-dark-desktop › antd-multiple down-down-enter burst sample 6,antd-multiple,select-keys,down-down-enter,,burst,6,ArrowDown ArrowDown Enter,Bug | Ops | list open | @combobox:Sample choice,1,0,ArrowDown>combobox:Sample choice[None|f=None|h=None]@46.5 ; ArrowDown>combobox:Sample choice[None|f=None|h=Bug]@76.7 ; Enter>combobox:Sample choice[None|f=None|h=Docs]@82.6
chromium-dark-desktop › antd-multiple down-down-enter burst sample 7,antd-multiple,select-keys,down-down-enter,,burst,7,ArrowDown ArrowDown Enter,Bug | Ops | list open | @combobox:Sample choice,1,0,ArrowDown>combobox:Sample choice[None|f=None|h=None]@29.3 ; ArrowDown>combobox:Sample choice[None|f=None|h=Bug]@65 ; Enter>combobox:Sample choice[None|f=None|h=Docs]@71.9
chromium-dark-desktop › antd-multiple down-down-enter burst sample 8,antd-multiple,select-keys,down-down-enter,,burst,8,ArrowDown ArrowDown Enter,Bug | Ops | list open | @combobox:Sample choice,1,0,ArrowDown>combobox:Sample choice[None|f=None|h=None]@32.5 ; ArrowDown>combobox:Sample choice[None|f=None|h=Bug]@60.4 ; Enter>combobox:Sample choice[None|f=None|h=Docs]@67.3
chromium-dark-desktop › antd-multiple down-down-enter burst sample 9,antd-multiple,select-keys,down-down-enter,,burst,9,ArrowDown ArrowDown Enter,Bug | Ops | list open | @combobox:Sample choice,1,0,ArrowDown>combobox:Sample choice[None|f=None|h=None]@33.2 ; ArrowDown>combobox:Sample choice[None|f=None|h=Bug]@71.3 ; Enter>combobox:Sample choice[None|f=None|h=Docs]@78.5
chromium-dark-desktop › antd-multiple down-down-enter burst sample 10,antd-multiple,select-keys,down-down-enter,,burst,10,ArrowDown ArrowDown Enter,Bug | Ops | list open | @combobox:Sample choice,1,0,ArrowDown>combobox:Sample choice[None|f=None|h=None]@38.5 ; ArrowDown>combobox:Sample choice[None|f=None|h=Bug]@69.7 ; Enter>combobox:Sample choice[None|f=None|h=Docs]@77
chromium-dark-desktop › antd-multiple down-down-enter burst sample 11,antd-multiple,select-keys,down-down-enter,,burst,11,ArrowDown ArrowDown Enter,Bug | Ops | list open | @combobox:Sample choice,1,0,ArrowDown>combobox:Sample choice[None|f=None|h=None]@43 ; ArrowDown>combobox:Sample choice[None|f=None|h=Bug]@73.1 ; Enter>combobox:Sample choice[None|f=None|h=Docs]@81.1
chromium-dark-desktop › antd-multiple down-down-enter burst sample 12,antd-multiple,select-keys,down-down-enter,,burst,12,ArrowDown ArrowDown Enter,Bug | Ops | list open | @combobox:Sample choice,1,0,ArrowDown>combobox:Sample choice[None|f=None|h=None]@39.6 ; ArrowDown>combobox:Sample choice[None|f=None|h=Bug]@76.9 ; Enter>combobox:Sample choice[None|f=None|h=Docs]@83.8
chromium-dark-desktop › antd-multiple down-down-enter burst sample 13,antd-multiple,select-keys,down-down-enter,,burst,13,ArrowDown ArrowDown Enter,Bug | Ops | list open | @combobox:Sample choice,1,0,ArrowDown>combobox:Sample choice[None|f=None|h=None]@38.8 ; ArrowDown>combobox:Sample choice[None|f=None|h=Bug]@77.5 ; Enter>combobox:Sample choice[None|f=None|h=Docs]@85.3
chromium-dark-desktop › antd-multiple down-down-enter burst sample 14,antd-multiple,select-keys,down-down-enter,,burst,14,ArrowDown ArrowDown Enter,Bug | Ops | list open | @combobox:Sample choice,1,0,ArrowDown>combobox:Sample choice[None|f=None|h=None]@36.5 ; ArrowDown>combobox:Sample choice[None|f=None|h=Bug]@65.8 ; Enter>combobox:Sample choice[None|f=None|h=Docs]@72
chromium-dark-desktop › antd-multiple down-down-enter burst sample 15,antd-multiple,select-keys,down-down-enter,,burst,15,ArrowDown ArrowDown Enter,Bug | Ops | list open | @combobox:Sample choice,1,0,ArrowDown>combobox:Sample choice[None|f=None|h=None]@38.7 ; ArrowDown>combobox:Sample choice[None|f=None|h=Bug]@73.4 ; Enter>combobox:Sample choice[None|f=None|h=Docs]@81.7
chromium-dark-desktop › antd-multiple down-down-enter burst sample 16,antd-multiple,select-keys,down-down-enter,,burst,16,ArrowDown ArrowDown Enter,Bug | Ops | list open | @combobox:Sample choice,1,0,ArrowDown>combobox:Sample choice[None|f=None|h=None]@42.3 ; ArrowDown>combobox:Sample choice[None|f=None|h=Bug]@73.5 ; Enter>combobox:Sample choice[None|f=None|h=Docs]@80
chromium-dark-desktop › antd-multiple down-down-enter burst sample 17,antd-multiple,select-keys,down-down-enter,,burst,17,ArrowDown ArrowDown Enter,Bug | Ops | list open | @combobox:Sample choice,1,0,ArrowDown>combobox:Sample choice[None|f=None|h=None]@50.3 ; ArrowDown>combobox:Sample choice[None|f=None|h=Bug]@86.5 ; Enter>combobox:Sample choice[None|f=None|h=Docs]@94.2
chromium-dark-desktop › antd-multiple down-down-enter burst sample 18,antd-multiple,select-keys,down-down-enter,,burst,18,ArrowDown ArrowDown Enter,Bug | Ops | list open | @combobox:Sample choice,1,0,ArrowDown>combobox:Sample choice[None|f=None|h=None]@44.2 ; ArrowDown>combobox:Sample choice[None|f=None|h=Bug]@74.1 ; Enter>combobox:Sample choice[None|f=None|h=Docs]@80.1
chromium-dark-desktop › antd-multiple down-down-enter burst sample 19,antd-multiple,select-keys,down-down-enter,,burst,19,ArrowDown ArrowDown Enter,Bug | Ops | list open | @combobox:Sample choice,1,0,ArrowDown>combobox:Sample choice[None|f=None|h=None]@48.7 ; ArrowDown>combobox:Sample choice[None|f=None|h=Bug]@84.2 ; Enter>combobox:Sample choice[None|f=None|h=Docs]@91.3
chromium-dark-desktop › antd-multiple down-down-enter paced sample 0,antd-multiple,select-keys,down-down-enter,,paced,0,ArrowDown ArrowDown Enter,Bug | Ops | list open | @combobox:Sample choice,1,0,ArrowDown>combobox:Sample choice[None|f=None|h=None]@41.9 ; ArrowDown>combobox:Sample choice[None|f=None|h=Bug]@386.7 ; Enter>combobox:Sample choice[None|f=None|h=Docs]@700.9
chromium-dark-desktop › antd-multiple down-down-enter paced sample 1,antd-multiple,select-keys,down-down-enter,,paced,1,ArrowDown ArrowDown Enter,Bug | Ops | list open | @combobox:Sample choice,1,0,ArrowDown>combobox:Sample choice[None|f=None|h=None]@35.2 ; ArrowDown>combobox:Sample choice[None|f=None|h=Bug]@374.5 ; Enter>combobox:Sample choice[None|f=None|h=Docs]@695.4
chromium-dark-desktop › antd-multiple down-down-enter paced sample 2,antd-multiple,select-keys,down-down-enter,,paced,2,ArrowDown ArrowDown Enter,Bug | Ops | list open | @combobox:Sample choice,1,0,ArrowDown>combobox:Sample choice[None|f=None|h=None]@32 ; ArrowDown>combobox:Sample choice[None|f=None|h=Bug]@372.3 ; Enter>combobox:Sample choice[None|f=None|h=Docs]@685.5
chromium-dark-desktop › orbit-menu down-down-enter burst sample 0,orbit-menu,select-keys,down-down-enter,,burst,0,ArrowDown ArrowDown Enter,image | list closed | @button:Add attachment,1,1,ArrowDown>button:Add attachment[None|f=None|h=None]@34.4 ; ArrowDown>button:Add attachment[None|f=None|h=File]@59.9 ; ArrowDown*>menuitem:File[None|f=None|h=File]@60.2 ; Enter>menuitem:Image[None|f=None|h=Image]@61.9
chromium-dark-desktop › orbit-menu down-down-enter burst sample 1,orbit-menu,select-keys,down-down-enter,,burst,1,ArrowDown ArrowDown Enter,image | list closed | @button:Add attachment,1,1,ArrowDown>button:Add attachment[None|f=None|h=None]@26.9 ; ArrowDown>button:Add attachment[None|f=None|h=File]@55.1 ; ArrowDown*>menuitem:File[None|f=None|h=File]@55.3 ; Enter>menuitem:Image[None|f=None|h=Image]@57.3
chromium-dark-desktop › orbit-menu down-down-enter burst sample 2,orbit-menu,select-keys,down-down-enter,,burst,2,ArrowDown ArrowDown Enter,image | list closed | @button:Add attachment,1,1,ArrowDown>button:Add attachment[None|f=None|h=None]@41.8 ; ArrowDown>button:Add attachment[None|f=None|h=File]@66.6 ; ArrowDown*>menuitem:File[None|f=None|h=File]@66.7 ; Enter>menuitem:Image[None|f=None|h=Image]@68.4
chromium-dark-desktop › orbit-menu down-down-enter burst sample 3,orbit-menu,select-keys,down-down-enter,,burst,3,ArrowDown ArrowDown Enter,image | list closed | @button:Add attachment,1,1,ArrowDown>button:Add attachment[None|f=None|h=None]@27.1 ; ArrowDown>button:Add attachment[None|f=None|h=File]@56.2 ; ArrowDown*>menuitem:File[None|f=None|h=File]@56.3 ; Enter>menuitem:Image[None|f=None|h=Image]@58.2
chromium-dark-desktop › orbit-menu down-down-enter burst sample 4,orbit-menu,select-keys,down-down-enter,,burst,4,ArrowDown ArrowDown Enter,image | list closed | @button:Add attachment,1,1,ArrowDown>button:Add attachment[None|f=None|h=None]@33.5 ; ArrowDown>button:Add attachment[None|f=None|h=File]@59.6 ; ArrowDown*>menuitem:File[None|f=None|h=File]@59.7 ; Enter>menuitem:Image[None|f=None|h=Image]@61.5
chromium-dark-desktop › orbit-menu down-down-enter burst sample 5,orbit-menu,select-keys,down-down-enter,,burst,5,ArrowDown ArrowDown Enter,image | list closed | @button:Add attachment,1,1,ArrowDown>button:Add attachment[None|f=None|h=None]@38 ; ArrowDown>button:Add attachment[None|f=None|h=File]@66.6 ; ArrowDown*>menuitem:File[None|f=None|h=File]@66.8 ; Enter>menuitem:Image[None|f=None|h=Image]@69.2
chromium-dark-desktop › orbit-menu down-down-enter burst sample 6,orbit-menu,select-keys,down-down-enter,,burst,6,ArrowDown ArrowDown Enter,image | list closed | @button:Add attachment,1,1,ArrowDown>button:Add attachment[None|f=None|h=None]@36.1 ; ArrowDown>button:Add attachment[None|f=None|h=File]@69 ; ArrowDown*>menuitem:File[None|f=None|h=File]@69.2 ; Enter>menuitem:Image[None|f=None|h=Image]@71.9
chromium-dark-desktop › orbit-menu down-down-enter burst sample 7,orbit-menu,select-keys,down-down-enter,,burst,7,ArrowDown ArrowDown Enter,image | list closed | @button:Add attachment,1,1,ArrowDown>button:Add attachment[None|f=None|h=None]@36.1 ; ArrowDown>button:Add attachment[None|f=None|h=File]@60.8 ; ArrowDown*>menuitem:File[None|f=None|h=File]@60.8 ; Enter>menuitem:Image[None|f=None|h=Image]@62.6
chromium-dark-desktop › orbit-menu down-down-enter burst sample 8,orbit-menu,select-keys,down-down-enter,,burst,8,ArrowDown ArrowDown Enter,image | list closed | @button:Add attachment,1,1,ArrowDown>button:Add attachment[None|f=None|h=None]@28.8 ; ArrowDown>button:Add attachment[None|f=None|h=File]@57.2 ; ArrowDown*>menuitem:File[None|f=None|h=File]@57.3 ; Enter>menuitem:Image[None|f=None|h=Image]@59.2
chromium-dark-desktop › orbit-menu down-down-enter burst sample 9,orbit-menu,select-keys,down-down-enter,,burst,9,ArrowDown ArrowDown Enter,image | list closed | @button:Add attachment,1,1,ArrowDown>button:Add attachment[None|f=None|h=None]@64 ; ArrowDown>button:Add attachment[None|f=None|h=File]@98.9 ; ArrowDown*>menuitem:File[None|f=None|h=File]@99.1 ; Enter>menuitem:Image[None|f=None|h=Image]@101.6
chromium-dark-desktop › orbit-menu down-down-enter burst sample 10,orbit-menu,select-keys,down-down-enter,,burst,10,ArrowDown ArrowDown Enter,image | list closed | @button:Add attachment,1,1,ArrowDown>button:Add attachment[None|f=None|h=None]@37 ; ArrowDown>button:Add attachment[None|f=None|h=File]@68.9 ; ArrowDown*>menuitem:File[None|f=None|h=File]@69.2 ; Enter>menuitem:Image[None|f=None|h=Image]@72
chromium-dark-desktop › orbit-menu down-down-enter burst sample 11,orbit-menu,select-keys,down-down-enter,,burst,11,ArrowDown ArrowDown Enter,image | list closed | @button:Add attachment,1,1,ArrowDown>button:Add attachment[None|f=None|h=None]@35.2 ; ArrowDown>button:Add attachment[None|f=None|h=File]@62.6 ; ArrowDown*>menuitem:File[None|f=None|h=File]@62.8 ; Enter>menuitem:Image[None|f=None|h=Image]@64.8
chromium-dark-desktop › orbit-menu down-down-enter burst sample 12,orbit-menu,select-keys,down-down-enter,,burst,12,ArrowDown ArrowDown Enter,image | list closed | @button:Add attachment,1,1,ArrowDown>button:Add attachment[None|f=None|h=None]@32.6 ; ArrowDown>button:Add attachment[None|f=None|h=File]@58.4 ; ArrowDown*>menuitem:File[None|f=None|h=File]@58.5 ; Enter>menuitem:Image[None|f=None|h=Image]@60.3
chromium-dark-desktop › orbit-menu down-down-enter burst sample 13,orbit-menu,select-keys,down-down-enter,,burst,13,ArrowDown ArrowDown Enter,image | list closed | @button:Add attachment,1,1,ArrowDown>button:Add attachment[None|f=None|h=None]@34.7 ; ArrowDown>button:Add attachment[None|f=None|h=File]@65 ; ArrowDown*>menuitem:File[None|f=None|h=File]@65.1 ; Enter>menuitem:Image[None|f=None|h=Image]@67.7
chromium-dark-desktop › orbit-menu down-down-enter burst sample 14,orbit-menu,select-keys,down-down-enter,,burst,14,ArrowDown ArrowDown Enter,image | list closed | @button:Add attachment,1,1,ArrowDown>button:Add attachment[None|f=None|h=None]@56.7 ; ArrowDown>button:Add attachment[None|f=None|h=File]@92.8 ; ArrowDown*>menuitem:File[None|f=None|h=File]@92.9 ; Enter>menuitem:Image[None|f=None|h=Image]@95.8
chromium-dark-desktop › orbit-menu down-down-enter burst sample 15,orbit-menu,select-keys,down-down-enter,,burst,15,ArrowDown ArrowDown Enter,image | list closed | @button:Add attachment,1,1,ArrowDown>button:Add attachment[None|f=None|h=None]@28.6 ; ArrowDown>button:Add attachment[None|f=None|h=File]@64.7 ; ArrowDown*>menuitem:File[None|f=None|h=File]@64.8 ; Enter>menuitem:Image[None|f=None|h=Image]@68.1
chromium-dark-desktop › orbit-menu down-down-enter burst sample 16,orbit-menu,select-keys,down-down-enter,,burst,16,ArrowDown ArrowDown Enter,image | list closed | @button:Add attachment,1,1,ArrowDown>button:Add attachment[None|f=None|h=None]@45 ; ArrowDown>button:Add attachment[None|f=None|h=File]@78.6 ; ArrowDown*>menuitem:File[None|f=None|h=File]@78.7 ; Enter>menuitem:Image[None|f=None|h=Image]@81.2
chromium-dark-desktop › orbit-menu down-down-enter burst sample 17,orbit-menu,select-keys,down-down-enter,,burst,17,ArrowDown ArrowDown Enter,image | list closed | @button:Add attachment,1,1,ArrowDown>button:Add attachment[None|f=None|h=None]@43.5 ; ArrowDown>button:Add attachment[None|f=None|h=File]@80.9 ; ArrowDown*>menuitem:File[None|f=None|h=File]@81.1 ; Enter>menuitem:Image[None|f=None|h=Image]@83.9
chromium-dark-desktop › orbit-menu down-down-enter burst sample 18,orbit-menu,select-keys,down-down-enter,,burst,18,ArrowDown ArrowDown Enter,image | list closed | @button:Add attachment,1,1,ArrowDown>button:Add attachment[None|f=None|h=None]@31.3 ; ArrowDown>button:Add attachment[None|f=None|h=File]@61.2 ; ArrowDown*>menuitem:File[None|f=None|h=File]@61.4 ; Enter>menuitem:Image[None|f=None|h=Image]@63.5
chromium-dark-desktop › orbit-menu down-down-enter burst sample 19,orbit-menu,select-keys,down-down-enter,,burst,19,ArrowDown ArrowDown Enter,image | list closed | @button:Add attachment,1,1,ArrowDown>button:Add attachment[None|f=None|h=None]@34 ; ArrowDown>button:Add attachment[None|f=None|h=File]@59.9 ; ArrowDown*>menuitem:File[None|f=None|h=File]@60 ; Enter>menuitem:Image[None|f=None|h=Image]@62
chromium-dark-desktop › orbit-menu down-down-enter paced sample 0,orbit-menu,select-keys,down-down-enter,,paced,0,ArrowDown ArrowDown Enter,image | list closed | @button:Add attachment,0,0,ArrowDown>button:Add attachment[None|f=None|h=None]@34.9 ; ArrowDown>menuitem:File[None|f=None|h=File]@378.6 ; Enter>menuitem:Image[None|f=None|h=Image]@694.2
chromium-dark-desktop › orbit-menu down-down-enter paced sample 1,orbit-menu,select-keys,down-down-enter,,paced,1,ArrowDown ArrowDown Enter,image | list closed | @button:Add attachment,0,0,ArrowDown>button:Add attachment[None|f=None|h=None]@39.5 ; ArrowDown>menuitem:File[None|f=None|h=File]@381.6 ; Enter>menuitem:Image[None|f=None|h=Image]@695.2
chromium-dark-desktop › orbit-menu down-down-enter paced sample 2,orbit-menu,select-keys,down-down-enter,,paced,2,ArrowDown ArrowDown Enter,image | list closed | @button:Add attachment,0,0,ArrowDown>button:Add attachment[None|f=None|h=None]@41.1 ; ArrowDown>menuitem:File[None|f=None|h=File]@397 ; Enter>menuitem:Image[None|f=None|h=Image]@712.4
chromium-dark-desktop › orbit-field down-up-enter burst sample 0,orbit-field,select-keys,down-up-enter,,burst,0,ArrowDown ArrowUp Enter,never | list closed | @combobox:Expires,1,1,ArrowDown>combobox:Expires[None|f=None|h=None]@7.8 ; ArrowUp>combobox:Expires[None|f=None|h=7 days]@21.3 ; ArrowUp*>option:7 days[None|f=None|h=7 days]@21.6 ; Enter>option:Never[None|f=None|h=Never]@23
chromium-dark-desktop › orbit-field down-up-enter burst sample 1,orbit-field,select-keys,down-up-enter,,burst,1,ArrowDown ArrowUp Enter,never | list closed | @combobox:Expires,1,1,ArrowDown>combobox:Expires[None|f=None|h=None]@13.5 ; ArrowUp>combobox:Expires[None|f=None|h=7 days]@26 ; ArrowUp*>option:7 days[None|f=None|h=7 days]@26.2 ; Enter>option:Never[None|f=None|h=Never]@28.6
chromium-dark-desktop › orbit-field down-up-enter burst sample 2,orbit-field,select-keys,down-up-enter,,burst,2,ArrowDown ArrowUp Enter,never | list closed | @combobox:Expires,1,1,ArrowDown>combobox:Expires[None|f=None|h=None]@10.7 ; ArrowUp>combobox:Expires[None|f=None|h=7 days]@22.4 ; ArrowUp*>option:7 days[None|f=None|h=7 days]@22.7 ; Enter>option:Never[None|f=None|h=Never]@23.7
chromium-dark-desktop › orbit-field down-up-enter burst sample 3,orbit-field,select-keys,down-up-enter,,burst,3,ArrowDown ArrowUp Enter,never | list closed | @combobox:Expires,1,1,ArrowDown>combobox:Expires[None|f=None|h=None]@8.4 ; ArrowUp>combobox:Expires[None|f=None|h=7 days]@22 ; ArrowUp*>option:7 days[None|f=None|h=7 days]@22.5 ; Enter>option:Never[None|f=None|h=Never]@23.8
chromium-dark-desktop › orbit-field down-up-enter burst sample 4,orbit-field,select-keys,down-up-enter,,burst,4,ArrowDown ArrowUp Enter,never | list closed | @combobox:Expires,1,1,ArrowDown>combobox:Expires[None|f=None|h=None]@22.5 ; ArrowUp>combobox:Expires[None|f=None|h=7 days]@30.9 ; ArrowUp*>option:7 days[None|f=None|h=7 days]@31.2 ; Enter>option:Never[None|f=None|h=Never]@31.9
chromium-dark-desktop › orbit-field down-up-enter burst sample 5,orbit-field,select-keys,down-up-enter,,burst,5,ArrowDown ArrowUp Enter,never | list closed | @combobox:Expires,1,1,ArrowDown>combobox:Expires[None|f=None|h=None]@22.6 ; ArrowUp>combobox:Expires[None|f=None|h=7 days]@34.1 ; ArrowUp*>option:7 days[None|f=None|h=7 days]@34.4 ; Enter>option:Never[None|f=None|h=Never]@35.4
chromium-dark-desktop › orbit-field down-up-enter burst sample 6,orbit-field,select-keys,down-up-enter,,burst,6,ArrowDown ArrowUp Enter,never | list closed | @combobox:Expires,1,1,ArrowDown>combobox:Expires[None|f=None|h=None]@29.8 ; ArrowUp>combobox:Expires[None|f=None|h=7 days]@51.8 ; ArrowUp*>option:7 days[None|f=None|h=7 days]@52.3 ; Enter>option:Never[None|f=None|h=Never]@55.1
chromium-dark-desktop › orbit-field down-up-enter burst sample 7,orbit-field,select-keys,down-up-enter,,burst,7,ArrowDown ArrowUp Enter,never | list closed | @combobox:Expires,1,1,ArrowDown>combobox:Expires[None|f=None|h=None]@24.2 ; ArrowUp>combobox:Expires[None|f=None|h=7 days]@37.7 ; ArrowUp*>option:7 days[None|f=None|h=7 days]@38.1 ; Enter>option:Never[None|f=None|h=Never]@39.3
chromium-dark-desktop › orbit-field down-up-enter burst sample 8,orbit-field,select-keys,down-up-enter,,burst,8,ArrowDown ArrowUp Enter,never | list closed | @combobox:Expires,1,1,ArrowDown>combobox:Expires[None|f=None|h=None]@22.4 ; ArrowUp>combobox:Expires[None|f=None|h=7 days]@35.4 ; ArrowUp*>option:7 days[None|f=None|h=7 days]@35.8 ; Enter>option:Never[None|f=None|h=Never]@37
chromium-dark-desktop › orbit-field down-up-enter burst sample 9,orbit-field,select-keys,down-up-enter,,burst,9,ArrowDown ArrowUp Enter,never | list closed | @combobox:Expires,1,1,ArrowDown>combobox:Expires[None|f=None|h=None]@11.6 ; ArrowUp>combobox:Expires[None|f=None|h=7 days]@21.9 ; ArrowUp*>option:7 days[None|f=None|h=7 days]@22.1 ; Enter>option:Never[None|f=None|h=Never]@23.1
chromium-dark-desktop › orbit-field down-up-enter burst sample 10,orbit-field,select-keys,down-up-enter,,burst,10,ArrowDown ArrowUp Enter,never | list closed | @combobox:Expires,1,1,ArrowDown>combobox:Expires[None|f=None|h=None]@20.3 ; ArrowUp>combobox:Expires[None|f=None|h=7 days]@32.7 ; ArrowUp*>option:7 days[None|f=None|h=7 days]@33 ; Enter>option:Never[None|f=None|h=Never]@34.3
chromium-dark-desktop › orbit-field down-up-enter burst sample 11,orbit-field,select-keys,down-up-enter,,burst,11,ArrowDown ArrowUp Enter,never | list closed | @combobox:Expires,1,1,ArrowDown>combobox:Expires[None|f=None|h=None]@20.2 ; ArrowUp>combobox:Expires[None|f=None|h=7 days]@33.9 ; ArrowUp*>option:7 days[None|f=None|h=7 days]@34.3 ; Enter>option:Never[None|f=None|h=Never]@35.6
chromium-dark-desktop › orbit-field down-up-enter burst sample 12,orbit-field,select-keys,down-up-enter,,burst,12,ArrowDown ArrowUp Enter,never | list closed | @combobox:Expires,1,1,ArrowDown>combobox:Expires[None|f=None|h=None]@8.8 ; ArrowUp>combobox:Expires[None|f=None|h=7 days]@19.4 ; ArrowUp*>option:7 days[None|f=None|h=7 days]@19.7 ; Enter>option:Never[None|f=None|h=Never]@20.7
chromium-dark-desktop › orbit-field down-up-enter burst sample 13,orbit-field,select-keys,down-up-enter,,burst,13,ArrowDown ArrowUp Enter,never | list closed | @combobox:Expires,1,1,ArrowDown>combobox:Expires[None|f=None|h=None]@27.4 ; ArrowUp>combobox:Expires[None|f=None|h=7 days]@39.4 ; ArrowUp*>option:7 days[None|f=None|h=7 days]@39.7 ; Enter>option:Never[None|f=None|h=Never]@40.8
chromium-dark-desktop › orbit-field down-up-enter burst sample 14,orbit-field,select-keys,down-up-enter,,burst,14,ArrowDown ArrowUp Enter,never | list closed | @combobox:Expires,1,1,ArrowDown>combobox:Expires[None|f=None|h=None]@12.1 ; ArrowUp>combobox:Expires[None|f=None|h=7 days]@23.1 ; ArrowUp*>option:7 days[None|f=None|h=7 days]@23.3 ; Enter>option:Never[None|f=None|h=Never]@24.3
chromium-dark-desktop › orbit-field down-up-enter burst sample 15,orbit-field,select-keys,down-up-enter,,burst,15,ArrowDown ArrowUp Enter,never | list closed | @combobox:Expires,1,1,ArrowDown>combobox:Expires[None|f=None|h=None]@7 ; ArrowUp>combobox:Expires[None|f=None|h=7 days]@18 ; ArrowUp*>option:7 days[None|f=None|h=7 days]@18.3 ; Enter>option:Never[None|f=None|h=Never]@20.3
chromium-dark-desktop › orbit-field down-up-enter burst sample 16,orbit-field,select-keys,down-up-enter,,burst,16,ArrowDown ArrowUp Enter,never | list closed | @combobox:Expires,1,1,ArrowDown>combobox:Expires[None|f=None|h=None]@14.2 ; ArrowUp>combobox:Expires[None|f=None|h=7 days]@30.2 ; ArrowUp*>option:7 days[None|f=None|h=7 days]@30.7 ; Enter>option:Never[None|f=None|h=Never]@33.1
chromium-dark-desktop › orbit-field down-up-enter burst sample 17,orbit-field,select-keys,down-up-enter,,burst,17,ArrowDown ArrowUp Enter,never | list closed | @combobox:Expires,1,1,ArrowDown>combobox:Expires[None|f=None|h=None]@16.9 ; ArrowUp>combobox:Expires[None|f=None|h=7 days]@29 ; ArrowUp*>option:7 days[None|f=None|h=7 days]@29.4 ; Enter>option:Never[None|f=None|h=Never]@30.4
chromium-dark-desktop › orbit-field down-up-enter burst sample 18,orbit-field,select-keys,down-up-enter,,burst,18,ArrowDown ArrowUp Enter,never | list closed | @combobox:Expires,1,1,ArrowDown>combobox:Expires[None|f=None|h=None]@9.1 ; ArrowUp>combobox:Expires[None|f=None|h=7 days]@20.5 ; ArrowUp*>option:7 days[None|f=None|h=7 days]@20.8 ; Enter>option:Never[None|f=None|h=Never]@21.9
chromium-dark-desktop › orbit-field down-up-enter burst sample 19,orbit-field,select-keys,down-up-enter,,burst,19,ArrowDown ArrowUp Enter,never | list closed | @combobox:Expires,1,1,ArrowDown>combobox:Expires[None|f=None|h=None]@8.4 ; ArrowUp>combobox:Expires[None|f=None|h=7 days]@20.3 ; ArrowUp*>option:7 days[None|f=None|h=7 days]@20.6 ; Enter>option:Never[None|f=None|h=Never]@21.7
chromium-dark-desktop › orbit-field down-up-enter paced sample 0,orbit-field,select-keys,down-up-enter,,paced,0,ArrowDown ArrowUp Enter,never | list closed | @combobox:Expires,0,0,ArrowDown>combobox:Expires[None|f=None|h=None]@13.7 ; ArrowUp>option:7 days[None|f=None|h=7 days]@330.9 ; Enter>option:Never[None|f=None|h=Never]@638.2
chromium-dark-desktop › orbit-field down-up-enter paced sample 1,orbit-field,select-keys,down-up-enter,,paced,1,ArrowDown ArrowUp Enter,never | list closed | @combobox:Expires,0,0,ArrowDown>combobox:Expires[None|f=None|h=None]@10.2 ; ArrowUp>option:7 days[None|f=None|h=7 days]@325.3 ; Enter>option:Never[None|f=None|h=Never]@631.7
chromium-dark-desktop › orbit-field down-up-enter paced sample 2,orbit-field,select-keys,down-up-enter,,paced,2,ArrowDown ArrowUp Enter,never | list closed | @combobox:Expires,0,0,ArrowDown>combobox:Expires[None|f=None|h=None]@7.8 ; ArrowUp>option:7 days[None|f=None|h=7 days]@324 ; Enter>option:Never[None|f=None|h=Never]@633.6
chromium-dark-desktop › orbit-sample down-up-enter burst sample 0,orbit-sample,select-keys,down-up-enter,,burst,0,ArrowDown ArrowUp Enter,Never | list closed | @combobox:Sample choice,1,1,ArrowDown>combobox:Sample choice[None|f=None|h=None]@15.6 ; ArrowUp>combobox:Sample choice[None|f=None|h=7 days]@27.8 ; ArrowUp*>option:7 days[None|f=None|h=7 days]@28.1 ; Enter>option:Never[None|f=None|h=Never]@29.2
chromium-dark-desktop › orbit-sample down-up-enter burst sample 1,orbit-sample,select-keys,down-up-enter,,burst,1,ArrowDown ArrowUp Enter,Never | list closed | @combobox:Sample choice,1,1,ArrowDown>combobox:Sample choice[None|f=None|h=None]@16.3 ; ArrowUp>combobox:Sample choice[None|f=None|h=7 days]@31.9 ; ArrowUp*>option:7 days[None|f=None|h=7 days]@32.2 ; Enter>option:Never[None|f=None|h=Never]@33.3
chromium-dark-desktop › orbit-sample down-up-enter burst sample 2,orbit-sample,select-keys,down-up-enter,,burst,2,ArrowDown ArrowUp Enter,Never | list closed | @combobox:Sample choice,1,1,ArrowDown>combobox:Sample choice[None|f=None|h=None]@13.8 ; ArrowUp>combobox:Sample choice[None|f=None|h=7 days]@27.3 ; ArrowUp*>option:7 days[None|f=None|h=7 days]@27.6 ; Enter>option:Never[None|f=None|h=Never]@28.8
chromium-dark-desktop › orbit-sample down-up-enter burst sample 3,orbit-sample,select-keys,down-up-enter,,burst,3,ArrowDown ArrowUp Enter,Never | list closed | @combobox:Sample choice,1,1,ArrowDown>combobox:Sample choice[None|f=None|h=None]@19.5 ; ArrowUp>combobox:Sample choice[None|f=None|h=7 days]@31.2 ; ArrowUp*>option:7 days[None|f=None|h=7 days]@31.6 ; Enter>option:Never[None|f=None|h=Never]@32.8
chromium-dark-desktop › orbit-sample down-up-enter burst sample 4,orbit-sample,select-keys,down-up-enter,,burst,4,ArrowDown ArrowUp Enter,Never | list closed | @combobox:Sample choice,1,1,ArrowDown>combobox:Sample choice[None|f=None|h=None]@19.8 ; ArrowUp>combobox:Sample choice[None|f=None|h=7 days]@32.4 ; ArrowUp*>option:7 days[None|f=None|h=7 days]@32.8 ; Enter>option:Never[None|f=None|h=Never]@34.1
chromium-dark-desktop › orbit-sample down-up-enter burst sample 5,orbit-sample,select-keys,down-up-enter,,burst,5,ArrowDown ArrowUp Enter,Never | list closed | @combobox:Sample choice,1,1,ArrowDown>combobox:Sample choice[None|f=None|h=None]@21.9 ; ArrowUp>combobox:Sample choice[None|f=None|h=7 days]@36.5 ; ArrowUp*>option:7 days[None|f=None|h=7 days]@36.9 ; Enter>option:Never[None|f=None|h=Never]@38.6
chromium-dark-desktop › orbit-sample down-up-enter burst sample 6,orbit-sample,select-keys,down-up-enter,,burst,6,ArrowDown ArrowUp Enter,Never | list closed | @combobox:Sample choice,1,1,ArrowDown>combobox:Sample choice[None|f=None|h=None]@6 ; ArrowUp>combobox:Sample choice[None|f=None|h=7 days]@17.1 ; ArrowUp*>option:7 days[None|f=None|h=7 days]@17.3 ; Enter>option:Never[None|f=None|h=Never]@18.4
chromium-dark-desktop › orbit-sample down-up-enter burst sample 7,orbit-sample,select-keys,down-up-enter,,burst,7,ArrowDown ArrowUp Enter,Never | list closed | @combobox:Sample choice,1,1,ArrowDown>combobox:Sample choice[None|f=None|h=None]@23.2 ; ArrowUp>combobox:Sample choice[None|f=None|h=7 days]@38.7 ; ArrowUp*>option:7 days[None|f=None|h=7 days]@39.3 ; Enter>option:Never[None|f=None|h=Never]@40.7
chromium-dark-desktop › orbit-sample down-up-enter burst sample 8,orbit-sample,select-keys,down-up-enter,,burst,8,ArrowDown ArrowUp Enter,Never | list closed | @combobox:Sample choice,1,1,ArrowDown>combobox:Sample choice[None|f=None|h=None]@17.5 ; ArrowUp>combobox:Sample choice[None|f=None|h=7 days]@29.7 ; ArrowUp*>option:7 days[None|f=None|h=7 days]@30 ; Enter>option:Never[None|f=None|h=Never]@31
chromium-dark-desktop › orbit-sample down-up-enter burst sample 9,orbit-sample,select-keys,down-up-enter,,burst,9,ArrowDown ArrowUp Enter,Never | list closed | @combobox:Sample choice,1,1,ArrowDown>combobox:Sample choice[None|f=None|h=None]@16.1 ; ArrowUp>combobox:Sample choice[None|f=None|h=7 days]@28.1 ; ArrowUp*>option:7 days[None|f=None|h=7 days]@28.5 ; Enter>option:Never[None|f=None|h=Never]@29.6
chromium-dark-desktop › orbit-sample down-up-enter burst sample 10,orbit-sample,select-keys,down-up-enter,,burst,10,ArrowDown ArrowUp Enter,Never | list closed | @combobox:Sample choice,1,1,ArrowDown>combobox:Sample choice[None|f=None|h=None]@19.7 ; ArrowUp>combobox:Sample choice[None|f=None|h=7 days]@30.8 ; ArrowUp*>option:7 days[None|f=None|h=7 days]@31.1 ; Enter>option:Never[None|f=None|h=Never]@32.2
chromium-dark-desktop › orbit-sample down-up-enter burst sample 11,orbit-sample,select-keys,down-up-enter,,burst,11,ArrowDown ArrowUp Enter,Never | list closed | @combobox:Sample choice,1,1,ArrowDown>combobox:Sample choice[None|f=None|h=None]@11.6 ; ArrowUp>combobox:Sample choice[None|f=None|h=7 days]@23.3 ; ArrowUp*>option:7 days[None|f=None|h=7 days]@23.6 ; Enter>option:Never[None|f=None|h=Never]@24.7
chromium-dark-desktop › orbit-sample down-up-enter burst sample 12,orbit-sample,select-keys,down-up-enter,,burst,12,ArrowDown ArrowUp Enter,Never | list closed | @combobox:Sample choice,1,1,ArrowDown>combobox:Sample choice[None|f=None|h=None]@9.5 ; ArrowUp>combobox:Sample choice[None|f=None|h=7 days]@20.3 ; ArrowUp*>option:7 days[None|f=None|h=7 days]@20.6 ; Enter>option:Never[None|f=None|h=Never]@21.6
chromium-dark-desktop › orbit-sample down-up-enter burst sample 13,orbit-sample,select-keys,down-up-enter,,burst,13,ArrowDown ArrowUp Enter,Never | list closed | @combobox:Sample choice,1,1,ArrowDown>combobox:Sample choice[None|f=None|h=None]@17.6 ; ArrowUp>combobox:Sample choice[None|f=None|h=7 days]@28.3 ; ArrowUp*>option:7 days[None|f=None|h=7 days]@28.5 ; Enter>option:Never[None|f=None|h=Never]@29.5
chromium-dark-desktop › orbit-sample down-up-enter burst sample 14,orbit-sample,select-keys,down-up-enter,,burst,14,ArrowDown ArrowUp Enter,Never | list closed | @combobox:Sample choice,1,1,ArrowDown>combobox:Sample choice[None|f=None|h=None]@20.8 ; ArrowUp>combobox:Sample choice[None|f=None|h=7 days]@33.2 ; ArrowUp*>option:7 days[None|f=None|h=7 days]@33.6 ; Enter>option:Never[None|f=None|h=Never]@34.6
chromium-dark-desktop › orbit-sample down-up-enter burst sample 15,orbit-sample,select-keys,down-up-enter,,burst,15,ArrowDown ArrowUp Enter,Never | list closed | @combobox:Sample choice,1,1,ArrowDown>combobox:Sample choice[None|f=None|h=None]@21.3 ; ArrowUp>combobox:Sample choice[None|f=None|h=7 days]@32.3 ; ArrowUp*>option:7 days[None|f=None|h=7 days]@32.5 ; Enter>option:Never[None|f=None|h=Never]@33.6
chromium-dark-desktop › orbit-sample down-up-enter burst sample 16,orbit-sample,select-keys,down-up-enter,,burst,16,ArrowDown ArrowUp Enter,Never | list closed | @combobox:Sample choice,1,1,ArrowDown>combobox:Sample choice[None|f=None|h=None]@15.7 ; ArrowUp>combobox:Sample choice[None|f=None|h=7 days]@27.2 ; ArrowUp*>option:7 days[None|f=None|h=7 days]@27.5 ; Enter>option:Never[None|f=None|h=Never]@28.9
chromium-dark-desktop › orbit-sample down-up-enter burst sample 17,orbit-sample,select-keys,down-up-enter,,burst,17,ArrowDown ArrowUp Enter,Never | list closed | @combobox:Sample choice,1,1,ArrowDown>combobox:Sample choice[None|f=None|h=None]@11.2 ; ArrowUp>combobox:Sample choice[None|f=None|h=7 days]@21.8 ; ArrowUp*>option:7 days[None|f=None|h=7 days]@22.1 ; Enter>option:Never[None|f=None|h=Never]@23
chromium-dark-desktop › orbit-sample down-up-enter burst sample 18,orbit-sample,select-keys,down-up-enter,,burst,18,ArrowDown ArrowUp Enter,Never | list closed | @combobox:Sample choice,1,1,ArrowDown>combobox:Sample choice[None|f=None|h=None]@19.5 ; ArrowUp>combobox:Sample choice[None|f=None|h=7 days]@31.6 ; ArrowUp*>option:7 days[None|f=None|h=7 days]@32 ; Enter>option:Never[None|f=None|h=Never]@33
chromium-dark-desktop › orbit-sample down-up-enter burst sample 19,orbit-sample,select-keys,down-up-enter,,burst,19,ArrowDown ArrowUp Enter,Never | list closed | @combobox:Sample choice,1,1,ArrowDown>combobox:Sample choice[None|f=None|h=None]@11.9 ; ArrowUp>combobox:Sample choice[None|f=None|h=7 days]@23.2 ; ArrowUp*>option:7 days[None|f=None|h=7 days]@23.5 ; Enter>option:Never[None|f=None|h=Never]@24.5
chromium-dark-desktop › orbit-sample down-up-enter paced sample 0,orbit-sample,select-keys,down-up-enter,,paced,0,ArrowDown ArrowUp Enter,Never | list closed | @combobox:Sample choice,0,0,ArrowDown>combobox:Sample choice[None|f=None|h=None]@6.4 ; ArrowUp>option:7 days[None|f=None|h=7 days]@324 ; Enter>option:Never[None|f=None|h=Never]@630.5
chromium-dark-desktop › orbit-sample down-up-enter paced sample 1,orbit-sample,select-keys,down-up-enter,,paced,1,ArrowDown ArrowUp Enter,Never | list closed | @combobox:Sample choice,0,0,ArrowDown>combobox:Sample choice[None|f=None|h=None]@19.5 ; ArrowUp>option:7 days[None|f=None|h=7 days]@334.4 ; Enter>option:Never[None|f=None|h=Never]@641.7
chromium-dark-desktop › orbit-sample down-up-enter paced sample 2,orbit-sample,select-keys,down-up-enter,,paced,2,ArrowDown ArrowUp Enter,Never | list closed | @combobox:Sample choice,0,0,ArrowDown>combobox:Sample choice[None|f=None|h=None]@21.2 ; ArrowUp>option:7 days[None|f=None|h=7 days]@342.6 ; Enter>option:Never[None|f=None|h=Never]@649.3
chromium-dark-desktop › antd-sample down-up-enter burst sample 0,antd-sample,select-keys,down-up-enter,,burst,0,ArrowDown ArrowUp Enter,Never | Never | list closed | @combobox:Sample choice,1,0,ArrowDown>combobox:Sample choice[None|f=None|h=None]@15.8 ; ArrowUp>combobox:Sample choice[None|f=None|h=7 days]@27.8 ; Enter>combobox:Sample choice[None|f=None|h=Never]@32.4
chromium-dark-desktop › antd-sample down-up-enter burst sample 1,antd-sample,select-keys,down-up-enter,,burst,1,ArrowDown ArrowUp Enter,Never | Never | list closed | @combobox:Sample choice,1,0,ArrowDown>combobox:Sample choice[None|f=None|h=None]@21.2 ; ArrowUp>combobox:Sample choice[None|f=None|h=7 days]@31.4 ; Enter>combobox:Sample choice[None|f=None|h=Never]@36.1
chromium-dark-desktop › antd-sample down-up-enter burst sample 2,antd-sample,select-keys,down-up-enter,,burst,2,ArrowDown ArrowUp Enter,Never | Never | list closed | @combobox:Sample choice,1,0,ArrowDown>combobox:Sample choice[None|f=None|h=None]@11 ; ArrowUp>combobox:Sample choice[None|f=None|h=7 days]@21.2 ; Enter>combobox:Sample choice[None|f=None|h=Never]@25.8
chromium-dark-desktop › antd-sample down-up-enter burst sample 3,antd-sample,select-keys,down-up-enter,,burst,3,ArrowDown ArrowUp Enter,Never | Never | list closed | @combobox:Sample choice,1,0,ArrowDown>combobox:Sample choice[None|f=None|h=None]@21.1 ; ArrowUp>combobox:Sample choice[None|f=None|h=7 days]@30.1 ; Enter>combobox:Sample choice[None|f=None|h=Never]@33.9
chromium-dark-desktop › antd-sample down-up-enter burst sample 4,antd-sample,select-keys,down-up-enter,,burst,4,ArrowDown ArrowUp Enter,Never | Never | list closed | @combobox:Sample choice,1,0,ArrowDown>combobox:Sample choice[None|f=None|h=None]@10.8 ; ArrowUp>combobox:Sample choice[None|f=None|h=7 days]@23.6 ; Enter>combobox:Sample choice[None|f=None|h=Never]@27.8
chromium-dark-desktop › antd-sample down-up-enter burst sample 5,antd-sample,select-keys,down-up-enter,,burst,5,ArrowDown ArrowUp Enter,Never | Never | list closed | @combobox:Sample choice,1,0,ArrowDown>combobox:Sample choice[None|f=None|h=None]@12.6 ; ArrowUp>combobox:Sample choice[None|f=None|h=7 days]@22.6 ; Enter>combobox:Sample choice[None|f=None|h=Never]@26.9
chromium-dark-desktop › antd-sample down-up-enter burst sample 6,antd-sample,select-keys,down-up-enter,,burst,6,ArrowDown ArrowUp Enter,Never | Never | list closed | @combobox:Sample choice,1,0,ArrowDown>combobox:Sample choice[None|f=None|h=None]@15.9 ; ArrowUp>combobox:Sample choice[None|f=None|h=7 days]@25.2 ; Enter>combobox:Sample choice[None|f=None|h=Never]@29.2
chromium-dark-desktop › antd-sample down-up-enter burst sample 7,antd-sample,select-keys,down-up-enter,,burst,7,ArrowDown ArrowUp Enter,Never | Never | list closed | @combobox:Sample choice,1,0,ArrowDown>combobox:Sample choice[None|f=None|h=None]@14.4 ; ArrowUp>combobox:Sample choice[None|f=None|h=7 days]@25.3 ; Enter>combobox:Sample choice[None|f=None|h=Never]@29.9
chromium-dark-desktop › antd-sample down-up-enter burst sample 8,antd-sample,select-keys,down-up-enter,,burst,8,ArrowDown ArrowUp Enter,Never | Never | list closed | @combobox:Sample choice,1,0,ArrowDown>combobox:Sample choice[None|f=None|h=None]@10.8 ; ArrowUp>combobox:Sample choice[None|f=None|h=7 days]@22.4 ; Enter>combobox:Sample choice[None|f=None|h=Never]@26.8
chromium-dark-desktop › antd-sample down-up-enter burst sample 9,antd-sample,select-keys,down-up-enter,,burst,9,ArrowDown ArrowUp Enter,Never | Never | list closed | @combobox:Sample choice,1,0,ArrowDown>combobox:Sample choice[None|f=None|h=None]@10.6 ; ArrowUp>combobox:Sample choice[None|f=None|h=7 days]@20.3 ; Enter>combobox:Sample choice[None|f=None|h=Never]@24.6
chromium-dark-desktop › antd-sample down-up-enter burst sample 10,antd-sample,select-keys,down-up-enter,,burst,10,ArrowDown ArrowUp Enter,Never | Never | list closed | @combobox:Sample choice,1,0,ArrowDown>combobox:Sample choice[None|f=None|h=None]@7 ; ArrowUp>combobox:Sample choice[None|f=None|h=7 days]@17.6 ; Enter>combobox:Sample choice[None|f=None|h=Never]@22.2
chromium-dark-desktop › antd-sample down-up-enter burst sample 11,antd-sample,select-keys,down-up-enter,,burst,11,ArrowDown ArrowUp Enter,Never | Never | list closed | @combobox:Sample choice,1,0,ArrowDown>combobox:Sample choice[None|f=None|h=None]@17.2 ; ArrowUp>combobox:Sample choice[None|f=None|h=7 days]@28.2 ; Enter>combobox:Sample choice[None|f=None|h=Never]@32.5
chromium-dark-desktop › antd-sample down-up-enter burst sample 12,antd-sample,select-keys,down-up-enter,,burst,12,ArrowDown ArrowUp Enter,Never | Never | list closed | @combobox:Sample choice,1,0,ArrowDown>combobox:Sample choice[None|f=None|h=None]@10.8 ; ArrowUp>combobox:Sample choice[None|f=None|h=7 days]@20.3 ; Enter>combobox:Sample choice[None|f=None|h=Never]@24.3
chromium-dark-desktop › antd-sample down-up-enter burst sample 13,antd-sample,select-keys,down-up-enter,,burst,13,ArrowDown ArrowUp Enter,Never | Never | list closed | @combobox:Sample choice,1,0,ArrowDown>combobox:Sample choice[None|f=None|h=None]@14.7 ; ArrowUp>combobox:Sample choice[None|f=None|h=7 days]@24.7 ; Enter>combobox:Sample choice[None|f=None|h=Never]@28.8
chromium-dark-desktop › antd-sample down-up-enter burst sample 14,antd-sample,select-keys,down-up-enter,,burst,14,ArrowDown ArrowUp Enter,Never | Never | list closed | @combobox:Sample choice,1,0,ArrowDown>combobox:Sample choice[None|f=None|h=None]@21.2 ; ArrowUp>combobox:Sample choice[None|f=None|h=7 days]@30.9 ; Enter>combobox:Sample choice[None|f=None|h=Never]@35
chromium-dark-desktop › antd-sample down-up-enter burst sample 15,antd-sample,select-keys,down-up-enter,,burst,15,ArrowDown ArrowUp Enter,Never | Never | list closed | @combobox:Sample choice,1,0,ArrowDown>combobox:Sample choice[None|f=None|h=None]@25.7 ; ArrowUp>combobox:Sample choice[None|f=None|h=7 days]@35.2 ; Enter>combobox:Sample choice[None|f=None|h=Never]@39.2
chromium-dark-desktop › antd-sample down-up-enter burst sample 16,antd-sample,select-keys,down-up-enter,,burst,16,ArrowDown ArrowUp Enter,Never | Never | list closed | @combobox:Sample choice,1,0,ArrowDown>combobox:Sample choice[None|f=None|h=None]@12 ; ArrowUp>combobox:Sample choice[None|f=None|h=7 days]@22.5 ; Enter>combobox:Sample choice[None|f=None|h=Never]@26.4
chromium-dark-desktop › antd-sample down-up-enter burst sample 17,antd-sample,select-keys,down-up-enter,,burst,17,ArrowDown ArrowUp Enter,Never | Never | list closed | @combobox:Sample choice,1,0,ArrowDown>combobox:Sample choice[None|f=None|h=None]@11.1 ; ArrowUp>combobox:Sample choice[None|f=None|h=7 days]@20.5 ; Enter>combobox:Sample choice[None|f=None|h=Never]@24.6
chromium-dark-desktop › antd-sample down-up-enter burst sample 18,antd-sample,select-keys,down-up-enter,,burst,18,ArrowDown ArrowUp Enter,Never | Never | list closed | @combobox:Sample choice,1,0,ArrowDown>combobox:Sample choice[None|f=None|h=None]@16.5 ; ArrowUp>combobox:Sample choice[None|f=None|h=7 days]@27.4 ; Enter>combobox:Sample choice[None|f=None|h=Never]@32
chromium-dark-desktop › antd-sample down-up-enter burst sample 19,antd-sample,select-keys,down-up-enter,,burst,19,ArrowDown ArrowUp Enter,Never | Never | list closed | @combobox:Sample choice,1,0,ArrowDown>combobox:Sample choice[None|f=None|h=None]@14.9 ; ArrowUp>combobox:Sample choice[None|f=None|h=7 days]@24.1 ; Enter>combobox:Sample choice[None|f=None|h=Never]@27.9
chromium-dark-desktop › antd-sample down-up-enter paced sample 0,antd-sample,select-keys,down-up-enter,,paced,0,ArrowDown ArrowUp Enter,Never | Never | list closed | @combobox:Sample choice,1,0,ArrowDown>combobox:Sample choice[None|f=None|h=None]@14.8 ; ArrowUp>combobox:Sample choice[None|f=None|h=7 days]@327 ; Enter>combobox:Sample choice[None|f=None|h=Never]@635.8
chromium-dark-desktop › antd-sample down-up-enter paced sample 1,antd-sample,select-keys,down-up-enter,,paced,1,ArrowDown ArrowUp Enter,Never | Never | list closed | @combobox:Sample choice,1,0,ArrowDown>combobox:Sample choice[None|f=None|h=None]@15.6 ; ArrowUp>combobox:Sample choice[None|f=None|h=7 days]@329 ; Enter>combobox:Sample choice[None|f=None|h=Never]@639.2
chromium-dark-desktop › antd-sample down-up-enter paced sample 2,antd-sample,select-keys,down-up-enter,,paced,2,ArrowDown ArrowUp Enter,Never | Never | list closed | @combobox:Sample choice,1,0,ArrowDown>combobox:Sample choice[None|f=None|h=None]@12.3 ; ArrowUp>combobox:Sample choice[None|f=None|h=7 days]@325.2 ; Enter>combobox:Sample choice[None|f=None|h=Never]@635.3
chromium-dark-desktop › orbit-field down-enter burst sample 0,orbit-field,select-keys,down-enter,,burst,0,ArrowDown Enter,never | list closed | @combobox:Expires,1,1,ArrowDown>combobox:Expires[None|f=None|h=None]@32.4 ; Enter>combobox:Expires[None|f=None|h=Never]@48.8 ; Enter*>option:Never[None|f=None|h=Never]@49.5
chromium-dark-desktop › orbit-field down-enter burst sample 1,orbit-field,select-keys,down-enter,,burst,1,ArrowDown Enter,never | list closed | @combobox:Expires,1,1,ArrowDown>combobox:Expires[None|f=None|h=None]@35.5 ; Enter>combobox:Expires[None|f=None|h=Never]@51 ; Enter*>option:Never[None|f=None|h=Never]@51.6
chromium-dark-desktop › orbit-field down-enter burst sample 2,orbit-field,select-keys,down-enter,,burst,2,ArrowDown Enter,never | list closed | @combobox:Expires,1,1,ArrowDown>combobox:Expires[None|f=None|h=None]@25.7 ; Enter>combobox:Expires[None|f=None|h=Never]@41.5 ; Enter*>option:Never[None|f=None|h=Never]@42.2
chromium-dark-desktop › orbit-field down-enter burst sample 3,orbit-field,select-keys,down-enter,,burst,3,ArrowDown Enter,never | list closed | @combobox:Expires,1,1,ArrowDown>combobox:Expires[None|f=None|h=None]@37.6 ; Enter>combobox:Expires[None|f=None|h=Never]@51.3 ; Enter*>option:Never[None|f=None|h=Never]@51.9
chromium-dark-desktop › orbit-field down-enter burst sample 4,orbit-field,select-keys,down-enter,,burst,4,ArrowDown Enter,never | list closed | @combobox:Expires,1,1,ArrowDown>combobox:Expires[None|f=None|h=None]@26.5 ; Enter>combobox:Expires[None|f=None|h=Never]@40.5 ; Enter*>option:Never[None|f=None|h=Never]@41
chromium-dark-desktop › orbit-field down-enter burst sample 5,orbit-field,select-keys,down-enter,,burst,5,ArrowDown Enter,never | list closed | @combobox:Expires,1,1,ArrowDown>combobox:Expires[None|f=None|h=None]@37 ; Enter>combobox:Expires[None|f=None|h=Never]@57.3 ; Enter*>option:Never[None|f=None|h=Never]@58
chromium-dark-desktop › orbit-field down-enter burst sample 6,orbit-field,select-keys,down-enter,,burst,6,ArrowDown Enter,never | list closed | @combobox:Expires,1,1,ArrowDown>combobox:Expires[None|f=None|h=None]@33.2 ; Enter>combobox:Expires[None|f=None|h=Never]@49.1 ; Enter*>option:Never[None|f=None|h=Never]@49.8
chromium-dark-desktop › orbit-field down-enter burst sample 7,orbit-field,select-keys,down-enter,,burst,7,ArrowDown Enter,never | list closed | @combobox:Expires,1,1,ArrowDown>combobox:Expires[None|f=None|h=None]@27.1 ; Enter>combobox:Expires[None|f=None|h=Never]@43.8 ; Enter*>option:Never[None|f=None|h=Never]@44.4
chromium-dark-desktop › orbit-field down-enter burst sample 8,orbit-field,select-keys,down-enter,,burst,8,ArrowDown Enter,never | list closed | @combobox:Expires,1,1,ArrowDown>combobox:Expires[None|f=None|h=None]@35.7 ; Enter>combobox:Expires[None|f=None|h=Never]@45.7 ; Enter*>option:Never[None|f=None|h=Never]@46.1
chromium-dark-desktop › orbit-field down-enter burst sample 9,orbit-field,select-keys,down-enter,,burst,9,ArrowDown Enter,never | list closed | @combobox:Expires,1,1,ArrowDown>combobox:Expires[None|f=None|h=None]@39.4 ; Enter>combobox:Expires[None|f=None|h=Never]@55.7 ; Enter*>option:Never[None|f=None|h=Never]@56.2
chromium-dark-desktop › orbit-field down-enter burst sample 10,orbit-field,select-keys,down-enter,,burst,10,ArrowDown Enter,never | list closed | @combobox:Expires,1,1,ArrowDown>combobox:Expires[None|f=None|h=None]@39.1 ; Enter>combobox:Expires[None|f=None|h=Never]@61.9 ; Enter*>option:Never[None|f=None|h=Never]@62.7
chromium-dark-desktop › orbit-field down-enter burst sample 11,orbit-field,select-keys,down-enter,,burst,11,ArrowDown Enter,never | list closed | @combobox:Expires,1,1,ArrowDown>combobox:Expires[None|f=None|h=None]@24.7 ; Enter>combobox:Expires[None|f=None|h=Never]@38.8 ; Enter*>option:Never[None|f=None|h=Never]@39.3
chromium-dark-desktop › orbit-field down-enter burst sample 12,orbit-field,select-keys,down-enter,,burst,12,ArrowDown Enter,never | list closed | @combobox:Expires,1,1,ArrowDown>combobox:Expires[None|f=None|h=None]@38.4 ; Enter>combobox:Expires[None|f=None|h=Never]@53.8 ; Enter*>option:Never[None|f=None|h=Never]@54.3
chromium-dark-desktop › orbit-field down-enter burst sample 13,orbit-field,select-keys,down-enter,,burst,13,ArrowDown Enter,never | list closed | @combobox:Expires,1,1,ArrowDown>combobox:Expires[None|f=None|h=None]@25 ; Enter>combobox:Expires[None|f=None|h=Never]@39.5 ; Enter*>option:Never[None|f=None|h=Never]@40
chromium-dark-desktop › orbit-field down-enter burst sample 14,orbit-field,select-keys,down-enter,,burst,14,ArrowDown Enter,never | list closed | @combobox:Expires,1,1,ArrowDown>combobox:Expires[None|f=None|h=None]@37.5 ; Enter>combobox:Expires[None|f=None|h=Never]@55.1 ; Enter*>option:Never[None|f=None|h=Never]@55.8
chromium-dark-desktop › orbit-field down-enter burst sample 15,orbit-field,select-keys,down-enter,,burst,15,ArrowDown Enter,never | list closed | @combobox:Expires,1,1,ArrowDown>combobox:Expires[None|f=None|h=None]@39.6 ; Enter>combobox:Expires[None|f=None|h=Never]@54.1 ; Enter*>option:Never[None|f=None|h=Never]@54.6
chromium-dark-desktop › orbit-field down-enter burst sample 16,orbit-field,select-keys,down-enter,,burst,16,ArrowDown Enter,never | list closed | @combobox:Expires,1,1,ArrowDown>combobox:Expires[None|f=None|h=None]@24.9 ; Enter>combobox:Expires[None|f=None|h=Never]@40.2 ; Enter*>option:Never[None|f=None|h=Never]@41
chromium-dark-desktop › orbit-field down-enter burst sample 17,orbit-field,select-keys,down-enter,,burst,17,ArrowDown Enter,never | list closed | @combobox:Expires,1,1,ArrowDown>combobox:Expires[None|f=None|h=None]@31.5 ; Enter>combobox:Expires[None|f=None|h=Never]@47.5 ; Enter*>option:Never[None|f=None|h=Never]@48
chromium-dark-desktop › orbit-field down-enter burst sample 18,orbit-field,select-keys,down-enter,,burst,18,ArrowDown Enter,never | list closed | @combobox:Expires,1,1,ArrowDown>combobox:Expires[None|f=None|h=None]@35.4 ; Enter>combobox:Expires[None|f=None|h=Never]@52.3 ; Enter*>option:Never[None|f=None|h=Never]@53.1
chromium-dark-desktop › orbit-field down-enter burst sample 19,orbit-field,select-keys,down-enter,,burst,19,ArrowDown Enter,never | list closed | @combobox:Expires,1,1,ArrowDown>combobox:Expires[None|f=None|h=None]@25.1 ; Enter>combobox:Expires[None|f=None|h=Never]@40.7 ; Enter*>option:Never[None|f=None|h=Never]@41.4
chromium-dark-desktop › orbit-field down-enter paced sample 0,orbit-field,select-keys,down-enter,,paced,0,ArrowDown Enter,never | list closed | @combobox:Expires,0,0,ArrowDown>combobox:Expires[None|f=None|h=None]@38.9 ; Enter>option:Never[None|f=None|h=Never]@356.9
chromium-dark-desktop › orbit-field down-enter paced sample 1,orbit-field,select-keys,down-enter,,paced,1,ArrowDown Enter,never | list closed | @combobox:Expires,0,0,ArrowDown>combobox:Expires[None|f=None|h=None]@33.5 ; Enter>option:Never[None|f=None|h=Never]@363
chromium-dark-desktop › orbit-field down-enter paced sample 2,orbit-field,select-keys,down-enter,,paced,2,ArrowDown Enter,never | list closed | @combobox:Expires,0,0,ArrowDown>combobox:Expires[None|f=None|h=None]@33.4 ; Enter>option:Never[None|f=None|h=Never]@356.9
