test,target,kind,sequence,control,mode,run,keys,result,window,handoff,keylog
chromium-light-desktop › session submenu → ⏎ with frames held,,held,session submenu → ⏎,,held,,ArrowRight Enter,none | menu×2 | @menuitem:Codex,1,0,ArrowRight>menuitem:Provider[menu×1|f=menuitem:Provider|h=None]@ ; Enter>menuitem:Provider[menu×2|f=menuitem:Provider|h=None]@
chromium-light-desktop › session submenu → ↓ ⏎ with frames held,,held,session submenu → ↓ ⏎,,held,,ArrowRight ArrowDown Enter,Picked=group | none | @button:Session actions,1,0,ArrowRight>menuitem:Provider[menu×1|f=menuitem:Provider|h=None]@ ; ArrowDown>menuitem:Provider[menu×2|f=menuitem:Provider|h=None]@ ; Enter>menuitem:Group by tag[menu×2|f=menuitem:Group by tag|h=None]@
chromium-light-desktop › session submenu → ↑ ⏎ with frames held,,held,session submenu → ↑ ⏎,,held,,ArrowRight ArrowUp Enter,Picked=default | none | @button:Session actions,1,0,ArrowRight>menuitem:Provider[menu×1|f=menuitem:Provider|h=None]@ ; ArrowUp>menuitem:Provider[menu×2|f=menuitem:Provider|h=None]@ ; Enter>menuitem:Default model[menu×2|f=menuitem:Default model|h=None]@
chromium-light-desktop › session submenu → Home ⏎ with frames held,,held,session submenu → Home ⏎,,held,,ArrowRight Home Enter,Picked=default | none | @button:Session actions,1,0,ArrowRight>menuitem:Provider[menu×1|f=menuitem:Provider|h=None]@ ; Home>menuitem:Provider[menu×2|f=menuitem:Provider|h=None]@ ; Enter>menuitem:Default model[menu×2|f=menuitem:Default model|h=None]@
chromium-light-desktop › session submenu → End ⏎ with frames held,,held,session submenu → End ⏎,,held,,ArrowRight End Enter,Picked=delete | none | @button:Session actions,1,0,ArrowRight>menuitem:Provider[menu×1|f=menuitem:Provider|h=None]@ ; End>menuitem:Provider[menu×2|f=menuitem:Provider|h=None]@ ; Enter>menuitem:Delete[menu×2|f=menuitem:Delete|h=None]@
chromium-light-desktop › session submenu → Space with frames held,,held,session submenu → Space,,held,,ArrowRight Space,none | menu×2 | @menuitem:Codex,1,0,ArrowRight>menuitem:Provider[menu×1|f=menuitem:Provider|h=None]@ ; Space>menuitem:Provider[menu×2|f=menuitem:Provider|h=None]@
chromium-light-desktop › session submenu → ← with frames held,,held,session submenu → ←,,held,,ArrowRight ArrowLeft,none | menu×2 | @menuitem:Codex,1,0,ArrowRight>menuitem:Provider[menu×1|f=menuitem:Provider|h=None]@ ; ArrowLeft>menuitem:Provider[menu×2|f=menuitem:Provider|h=None]@
chromium-light-desktop › session submenu ⏎ ⏎ with frames held,,held,session submenu ⏎ ⏎,,held,,Enter Enter,none | menu×2 | @menuitem:Codex,1,0,Enter>menuitem:Provider[menu×1|f=menuitem:Provider|h=None]@ ; Enter>menuitem:Provider[menu×2|f=menuitem:Provider|h=None]@
chromium-light-desktop › session submenu ⏎ ↓ ⏎ with frames held,,held,session submenu ⏎ ↓ ⏎,,held,,Enter ArrowDown Enter,Picked=group | none | @button:Session actions,1,0,Enter>menuitem:Provider[menu×1|f=menuitem:Provider|h=None]@ ; ArrowDown>menuitem:Provider[menu×2|f=menuitem:Provider|h=None]@ ; Enter>menuitem:Group by tag[menu×2|f=menuitem:Group by tag|h=None]@
chromium-light-desktop › session submenu → Tab with frames held,,held,session submenu → Tab,,held,,ArrowRight Tab,none | menu×2 | @menuitem:Codex,1,0,ArrowRight>menuitem:Provider[menu×1|f=menuitem:Provider|h=None]@ ; Tab>menuitem:Provider[menu×2|f=menuitem:Provider|h=None]@
chromium-light-desktop › session submenu → Shift+Tab with frames held,,held,session submenu → Shift+Tab,,held,,ArrowRight Shift+Tab,none | none | @button:Session actions,1,0,ArrowRight>menuitem:Provider[menu×1|f=menuitem:Provider|h=None]@ ; Shift+Tab>menuitem:Provider[menu×2|f=menuitem:Provider|h=None]@
chromium-light-desktop › field submenu → ⏎ with frames held,,held,field submenu → ⏎,,held,,ArrowRight Enter,none | menu×2 | @menuitem:Codex,1,0,ArrowRight>menuitem:Provider[menu×1|f=menuitem:Provider|h=None]@ ; Enter>menuitem:Provider[menu×2|f=menuitem:Provider|h=None]@
chromium-light-desktop › field submenu → ↓ ⏎ with frames held,,held,field submenu → ↓ ⏎,,held,,ArrowRight ArrowDown Enter,Tag=true | menu×1 | @menuitemcheckbox:Important tag,1,0,ArrowRight>menuitem:Provider[menu×1|f=menuitem:Provider|h=None]@ ; ArrowDown>menuitem:Provider[menu×2|f=menuitem:Provider|h=None]@ ; Enter>menuitemcheckbox:Important tag[menu×2|f=menuitemcheckbox:Important tag|h=None]@
chromium-light-desktop › field submenu → ↑ ⏎ with frames held,,held,field submenu → ↑ ⏎,,held,,ArrowRight ArrowUp Enter,Action=default | none | @button:Session actions,1,0,ArrowRight>menuitem:Provider[menu×1|f=menuitem:Provider|h=None]@ ; ArrowUp>menuitem:Provider[menu×2|f=menuitem:Provider|h=None]@ ; Enter>menuitem:Default model[menu×2|f=menuitem:Default model|h=None]@
chromium-light-desktop › field submenu → Home ⏎ with frames held,,held,field submenu → Home ⏎,,held,,ArrowRight Home Enter,Action=default | none | @button:Session actions,1,0,ArrowRight>menuitem:Provider[menu×1|f=menuitem:Provider|h=None]@ ; Home>menuitem:Provider[menu×2|f=menuitem:Provider|h=None]@ ; Enter>menuitem:Default model[menu×2|f=menuitem:Default model|h=None]@
chromium-light-desktop › field submenu → End ⏎ with frames held,,held,field submenu → End ⏎,,held,,ArrowRight End Enter,Action=delete | none | @button:Session actions,1,0,ArrowRight>menuitem:Provider[menu×1|f=menuitem:Provider|h=None]@ ; End>menuitem:Provider[menu×2|f=menuitem:Provider|h=None]@ ; Enter>menuitem:Delete[menu×2|f=menuitem:Delete|h=None]@
chromium-light-desktop › field submenu → Space with frames held,,held,field submenu → Space,,held,,ArrowRight Space,none | menu×2 | @menuitem:Codex,1,0,ArrowRight>menuitem:Provider[menu×1|f=menuitem:Provider|h=None]@ ; Space>menuitem:Provider[menu×2|f=menuitem:Provider|h=None]@
chromium-light-desktop › field submenu → ← with frames held,,held,field submenu → ←,,held,,ArrowRight ArrowLeft,none | menu×2 | @menuitem:Codex,1,0,ArrowRight>menuitem:Provider[menu×1|f=menuitem:Provider|h=None]@ ; ArrowLeft>menuitem:Provider[menu×2|f=menuitem:Provider|h=None]@
chromium-light-desktop › field submenu ⏎ ⏎ with frames held,,held,field submenu ⏎ ⏎,,held,,Enter Enter,none | menu×2 | @menuitem:Codex,1,0,Enter>menuitem:Provider[menu×1|f=menuitem:Provider|h=None]@ ; Enter>menuitem:Provider[menu×2|f=menuitem:Provider|h=None]@
chromium-light-desktop › field submenu ⏎ ↓ ⏎ with frames held,,held,field submenu ⏎ ↓ ⏎,,held,,Enter ArrowDown Enter,Tag=true | menu×1 | @menuitemcheckbox:Important tag,1,0,Enter>menuitem:Provider[menu×1|f=menuitem:Provider|h=None]@ ; ArrowDown>menuitem:Provider[menu×2|f=menuitem:Provider|h=None]@ ; Enter>menuitemcheckbox:Important tag[menu×2|f=menuitemcheckbox:Important tag|h=None]@
chromium-light-desktop › field submenu → Tab with frames held,,held,field submenu → Tab,,held,,ArrowRight Tab,none | menu×2 | @menuitem:Codex,1,0,ArrowRight>menuitem:Provider[menu×1|f=menuitem:Provider|h=None]@ ; Tab>menuitem:Provider[menu×2|f=menuitem:Provider|h=None]@
chromium-light-desktop › field submenu → Shift+Tab with frames held,,held,field submenu → Shift+Tab,,held,,ArrowRight Shift+Tab,none | none | @button:Session actions,1,0,ArrowRight>menuitem:Provider[menu×1|f=menuitem:Provider|h=None]@ ; Shift+Tab>menuitem:Provider[menu×2|f=menuitem:Provider|h=None]@
chromium-light-desktop › menu ⏎ Tab with frames held,,held,menu ⏎ Tab,,held,,Enter Tab,none | menu×1 | @menuitem:File,1,0,Enter>button:Add attachment[none|f=button:Add attachment|h=None]@ ; Tab>button:Add attachment[menu×1|f=button:Add attachment|h=None]@
chromium-light-desktop › menu ⏎ Tab ⏎ with frames held,,held,menu ⏎ Tab ⏎,,held,,Enter Tab Enter,Action=file | none | @button:Add attachment,1,0,Enter>button:Add attachment[none|f=button:Add attachment|h=None]@ ; Tab>button:Add attachment[menu×1|f=button:Add attachment|h=None]@ ; Enter>menuitem:File[menu×1|f=menuitem:File|h=None]@
chromium-light-desktop › menu ⏎ Shift+Tab with frames held,,held,menu ⏎ Shift+Tab,,held,,Enter Shift+Tab,none | none | @body:lightSwitch themeOpen Di,1,0,Enter>button:Add attachment[none|f=button:Add attachment|h=None]@ ; Shift+Tab>button:Add attachment[menu×1|f=button:Add attachment|h=None]@
chromium-light-desktop › menu ↓ Tab with frames held,,held,menu ↓ Tab,,held,,ArrowDown Tab,none | menu×1 | @menuitem:File,1,0,ArrowDown>button:Add attachment[none|f=button:Add attachment|h=None]@ ; Tab>button:Add attachment[menu×1|f=button:Add attachment|h=None]@
chromium-light-desktop › select ↓ Tab with frames held,,held,select ↓ Tab,,held,,ArrowDown Tab,none | none | @button:Clear selection,1,0,ArrowDown>combobox:Expires[none|f=combobox:Expires|h=None]@ ; Tab>combobox:Expires[listbox×1|f=combobox:Expires|h=None]@
chromium-light-desktop › select ⏎ Tab with frames held,,held,select ⏎ Tab,,held,,Enter Tab,none | none | @button:Clear selection,1,0,Enter>combobox:Expires[none|f=combobox:Expires|h=None]@ ; Tab>combobox:Expires[listbox×1|f=combobox:Expires|h=None]@
chromium-light-desktop › select ↓ Shift+Tab with frames held,,held,select ↓ Shift+Tab,,held,,ArrowDown Shift+Tab,none | none | @button:Open legacy Modal,1,0,ArrowDown>combobox:Expires[none|f=combobox:Expires|h=None]@ ; Shift+Tab>combobox:Expires[listbox×1|f=combobox:Expires|h=None]@
chromium-light-desktop › sample select ↓ Tab with frames held,,held,sample select ↓ Tab,,held,,ArrowDown Tab,none | listbox×1 | @option:Never,1,0,ArrowDown>combobox:Sample choice[none|f=combobox:Sample choice|h=None]@ ; Tab>combobox:Sample choice[listbox×1|f=combobox:Sample choice|h=None]@
chromium-light-desktop › dialog ⏎ ⏎ with frames held,,held,dialog ⏎ ⏎,,held,,Enter Enter,none | dialog:Edit workspace | @dialog:Edit workspaceWorkspace ,1,0,Enter>button:Orbit dialog[none|f=button:Orbit dialog|h=None]@ ; Enter>button:Orbit dialog[dialog:Edit workspace|f=button:Orbit dialog|h=None]@
chromium-light-desktop › dialog ⏎ Tab with frames held,,held,dialog ⏎ Tab,,held,,Enter Tab,none | dialog:Edit workspace | @dialog:Edit workspaceWorkspace ,1,0,Enter>button:Orbit dialog[none|f=button:Orbit dialog|h=None]@ ; Tab>button:Orbit dialog[dialog:Edit workspace|f=button:Orbit dialog|h=None]@
chromium-light-desktop › dialog ⏎ Tab ⏎ with frames held,,held,dialog ⏎ Tab ⏎,,held,,Enter Tab Enter,none | dialog:Edit workspace | @button:Close,1,0,Enter>button:Orbit dialog[none|f=button:Orbit dialog|h=None]@ ; Tab>button:Orbit dialog[dialog:Edit workspace|f=button:Orbit dialog|h=None]@ ; Enter>button:AntD dialog[dialog:Edit workspace|f=button:AntD dialog|h=None]@
chromium-light-desktop › dialog ⏎ Shift+Tab with frames held,,held,dialog ⏎ Shift+Tab,,held,,Enter Shift+Tab,none | dialog:Edit workspace | @dialog:Edit workspaceWorkspace ,1,0,Enter>button:Orbit dialog[none|f=button:Orbit dialog|h=None]@ ; Shift+Tab>button:Orbit dialog[dialog:Edit workspace|f=button:Orbit dialog|h=None]@
chromium-light-desktop › dialog ⏎ Escape with frames held,,held,dialog ⏎ Escape,,held,,Enter Escape,none | none | @button:Orbit dialog,1,0,Enter>button:Orbit dialog[none|f=button:Orbit dialog|h=None]@ ; Escape>button:Orbit dialog[dialog:Edit workspace|f=button:Orbit dialog|h=None]@
chromium-light-desktop › confirm ⏎ ⏎ with frames held,,held,confirm ⏎ ⏎,,held,,Enter Enter,none | alertdialog:Delete runner? | @button:Cancel,1,0,Enter>button:Orbit confirm[none|f=button:Orbit confirm|h=None]@ ; Enter>button:Orbit confirm[alertdialog:Delete runner?|f=button:Orbit confirm|h=None]@
chromium-light-desktop › confirm ⏎ Space with frames held,,held,confirm ⏎ Space,,held,,Enter Space,none | alertdialog:Delete runner? | @button:Cancel,1,0,Enter>button:Orbit confirm[none|f=button:Orbit confirm|h=None]@ ; Space>button:Orbit confirm[alertdialog:Delete runner?|f=button:Orbit confirm|h=None]@
chromium-light-desktop › confirm ⏎ Tab with frames held,,held,confirm ⏎ Tab,,held,,Enter Tab,none | alertdialog:Delete runner? | @button:Cancel,1,0,Enter>button:Orbit confirm[none|f=button:Orbit confirm|h=None]@ ; Tab>button:Orbit confirm[alertdialog:Delete runner?|f=button:Orbit confirm|h=None]@
chromium-light-desktop › confirm ⏎ Tab ⏎ with frames held,,held,confirm ⏎ Tab ⏎,,held,,Enter Tab Enter,none | alertdialog:Delete runner?+dialog:Delete runner? | @button:Cancel,1,0,Enter>button:Orbit confirm[none|f=button:Orbit confirm|h=None]@ ; Tab>button:Orbit confirm[alertdialog:Delete runner?|f=button:Orbit confirm|h=None]@ ; Enter>button:AntD confirm[alertdialog:Delete runner?|f=button:AntD confirm|h=None]@
chromium-light-desktop › confirm ⏎ Escape with frames held,,held,confirm ⏎ Escape,,held,,Enter Escape,none | none | @button:Orbit confirm,1,0,Enter>button:Orbit confirm[none|f=button:Orbit confirm|h=None]@ ; Escape>button:Orbit confirm[alertdialog:Delete runner?|f=button:Orbit confirm|h=None]@
chromium-light-desktop › popconfirm ⏎ ⏎ (recorded) with frames held,,held,popconfirm ⏎ ⏎ (recorded),,held,,Enter Enter,none | none | @button:Delete task,1,0,Enter>button:Delete task[none|f=button:Delete task|h=None]@ ; Enter>button:Delete task[dialog:Delete this task?|f=button:Delete task|h=None]@
chromium-light-desktop › popconfirm ⏎ Space (recorded) with frames held,,held,popconfirm ⏎ Space (recorded),,held,,Enter Space,none | none | @button:Delete task,1,0,Enter>button:Delete task[none|f=button:Delete task|h=None]@ ; Space>button:Delete task[dialog:Delete this task?|f=button:Delete task|h=None]@
chromium-light-desktop › popconfirm ⏎ Escape (recorded) with frames held,,held,popconfirm ⏎ Escape (recorded),,held,,Enter Escape,none | none | @button:Delete task,1,0,Enter>button:Delete task[none|f=button:Delete task|h=None]@ ; Escape>button:Delete task[dialog:Delete this task?|f=button:Delete task|h=None]@
chromium-light-desktop › popconfirm ⏎ Tab (recorded) with frames held,,held,popconfirm ⏎ Tab (recorded),,held,,Enter Tab,none | dialog:Delete this task? | @button:Cancel,1,0,Enter>button:Delete task[none|f=button:Delete task|h=None]@ ; Tab>button:Delete task[dialog:Delete this task?|f=button:Delete task|h=None]@
chromium-light-desktop › popconfirm ⏎ Tab ⏎ (recorded) with frames held,,held,popconfirm ⏎ Tab ⏎ (recorded),,held,,Enter Tab Enter,Answer=cancelled | none | @button:Delete task,1,0,Enter>button:Delete task[none|f=button:Delete task|h=None]@ ; Tab>button:Delete task[dialog:Delete this task?|f=button:Delete task|h=None]@ ; Enter>button:Cancel[dialog:Delete this task?|f=button:Cancel|h=None]@
chromium-light-desktop › popconfirm ⏎ Shift+Tab (recorded) with frames held,,held,popconfirm ⏎ Shift+Tab (recorded),,held,,Enter Shift+Tab,none | none | @button:Switch theme,1,0,Enter>button:Delete task[none|f=button:Delete task|h=None]@ ; Shift+Tab>button:Delete task[dialog:Delete this task?|f=button:Delete task|h=None]@
chromium-light-phone › session submenu → ⏎ with frames held,,held,session submenu → ⏎,,held,,ArrowRight Enter,none | menu×2 | @menuitem:Codex,1,0,ArrowRight>menuitem:Provider[menu×1|f=menuitem:Provider|h=None]@ ; Enter>menuitem:Provider[menu×2|f=menuitem:Provider|h=None]@
chromium-light-phone › session submenu → ↓ ⏎ with frames held,,held,session submenu → ↓ ⏎,,held,,ArrowRight ArrowDown Enter,Picked=group | none | @button:Session actions,1,0,ArrowRight>menuitem:Provider[menu×1|f=menuitem:Provider|h=None]@ ; ArrowDown>menuitem:Provider[menu×2|f=menuitem:Provider|h=None]@ ; Enter>menuitem:Group by tag[menu×2|f=menuitem:Group by tag|h=None]@
chromium-light-phone › session submenu → ↑ ⏎ with frames held,,held,session submenu → ↑ ⏎,,held,,ArrowRight ArrowUp Enter,Picked=default | none | @button:Session actions,1,0,ArrowRight>menuitem:Provider[menu×1|f=menuitem:Provider|h=None]@ ; ArrowUp>menuitem:Provider[menu×2|f=menuitem:Provider|h=None]@ ; Enter>menuitem:Default model[menu×2|f=menuitem:Default model|h=None]@
chromium-light-phone › session submenu → Home ⏎ with frames held,,held,session submenu → Home ⏎,,held,,ArrowRight Home Enter,Picked=default | none | @button:Session actions,1,0,ArrowRight>menuitem:Provider[menu×1|f=menuitem:Provider|h=None]@ ; Home>menuitem:Provider[menu×2|f=menuitem:Provider|h=None]@ ; Enter>menuitem:Default model[menu×2|f=menuitem:Default model|h=None]@
chromium-light-phone › session submenu → End ⏎ with frames held,,held,session submenu → End ⏎,,held,,ArrowRight End Enter,Picked=delete | none | @button:Session actions,1,0,ArrowRight>menuitem:Provider[menu×1|f=menuitem:Provider|h=None]@ ; End>menuitem:Provider[menu×2|f=menuitem:Provider|h=None]@ ; Enter>menuitem:Delete[menu×2|f=menuitem:Delete|h=None]@
chromium-light-phone › session submenu → Space with frames held,,held,session submenu → Space,,held,,ArrowRight Space,none | menu×2 | @menuitem:Codex,1,0,ArrowRight>menuitem:Provider[menu×1|f=menuitem:Provider|h=None]@ ; Space>menuitem:Provider[menu×2|f=menuitem:Provider|h=None]@
chromium-light-phone › session submenu → ← with frames held,,held,session submenu → ←,,held,,ArrowRight ArrowLeft,none | menu×2 | @menuitem:Codex,1,0,ArrowRight>menuitem:Provider[menu×1|f=menuitem:Provider|h=None]@ ; ArrowLeft>menuitem:Provider[menu×2|f=menuitem:Provider|h=None]@
chromium-light-phone › session submenu ⏎ ⏎ with frames held,,held,session submenu ⏎ ⏎,,held,,Enter Enter,none | menu×2 | @menuitem:Codex,1,0,Enter>menuitem:Provider[menu×1|f=menuitem:Provider|h=None]@ ; Enter>menuitem:Provider[menu×2|f=menuitem:Provider|h=None]@
chromium-light-phone › session submenu ⏎ ↓ ⏎ with frames held,,held,session submenu ⏎ ↓ ⏎,,held,,Enter ArrowDown Enter,Picked=group | none | @button:Session actions,1,0,Enter>menuitem:Provider[menu×1|f=menuitem:Provider|h=None]@ ; ArrowDown>menuitem:Provider[menu×2|f=menuitem:Provider|h=None]@ ; Enter>menuitem:Group by tag[menu×2|f=menuitem:Group by tag|h=None]@
chromium-light-phone › session submenu → Tab with frames held,,held,session submenu → Tab,,held,,ArrowRight Tab,none | menu×2 | @menuitem:Codex,1,0,ArrowRight>menuitem:Provider[menu×1|f=menuitem:Provider|h=None]@ ; Tab>menuitem:Provider[menu×2|f=menuitem:Provider|h=None]@
chromium-light-phone › session submenu → Shift+Tab with frames held,,held,session submenu → Shift+Tab,,held,,ArrowRight Shift+Tab,none | none | @button:Session actions,1,0,ArrowRight>menuitem:Provider[menu×1|f=menuitem:Provider|h=None]@ ; Shift+Tab>menuitem:Provider[menu×2|f=menuitem:Provider|h=None]@
chromium-light-phone › field submenu → ⏎ with frames held,,held,field submenu → ⏎,,held,,ArrowRight Enter,none | menu×2 | @menuitem:Codex,1,0,ArrowRight>menuitem:Provider[menu×1|f=menuitem:Provider|h=None]@ ; Enter>menuitem:Provider[menu×2|f=menuitem:Provider|h=None]@
chromium-light-phone › field submenu → ↓ ⏎ with frames held,,held,field submenu → ↓ ⏎,,held,,ArrowRight ArrowDown Enter,Tag=true | menu×1 | @menuitemcheckbox:Important tag,1,0,ArrowRight>menuitem:Provider[menu×1|f=menuitem:Provider|h=None]@ ; ArrowDown>menuitem:Provider[menu×2|f=menuitem:Provider|h=None]@ ; Enter>menuitemcheckbox:Important tag[menu×2|f=menuitemcheckbox:Important tag|h=None]@
chromium-light-phone › field submenu → ↑ ⏎ with frames held,,held,field submenu → ↑ ⏎,,held,,ArrowRight ArrowUp Enter,Action=default | none | @button:Session actions,1,0,ArrowRight>menuitem:Provider[menu×1|f=menuitem:Provider|h=None]@ ; ArrowUp>menuitem:Provider[menu×2|f=menuitem:Provider|h=None]@ ; Enter>menuitem:Default model[menu×2|f=menuitem:Default model|h=None]@
chromium-light-phone › field submenu → Home ⏎ with frames held,,held,field submenu → Home ⏎,,held,,ArrowRight Home Enter,Action=default | none | @button:Session actions,1,0,ArrowRight>menuitem:Provider[menu×1|f=menuitem:Provider|h=None]@ ; Home>menuitem:Provider[menu×2|f=menuitem:Provider|h=None]@ ; Enter>menuitem:Default model[menu×2|f=menuitem:Default model|h=None]@
chromium-light-phone › field submenu → End ⏎ with frames held,,held,field submenu → End ⏎,,held,,ArrowRight End Enter,Action=delete | none | @button:Session actions,1,0,ArrowRight>menuitem:Provider[menu×1|f=menuitem:Provider|h=None]@ ; End>menuitem:Provider[menu×2|f=menuitem:Provider|h=None]@ ; Enter>menuitem:Delete[menu×2|f=menuitem:Delete|h=None]@
chromium-light-phone › field submenu → Space with frames held,,held,field submenu → Space,,held,,ArrowRight Space,none | menu×2 | @menuitem:Codex,1,0,ArrowRight>menuitem:Provider[menu×1|f=menuitem:Provider|h=None]@ ; Space>menuitem:Provider[menu×2|f=menuitem:Provider|h=None]@
chromium-light-phone › field submenu → ← with frames held,,held,field submenu → ←,,held,,ArrowRight ArrowLeft,none | menu×2 | @menuitem:Codex,1,0,ArrowRight>menuitem:Provider[menu×1|f=menuitem:Provider|h=None]@ ; ArrowLeft>menuitem:Provider[menu×2|f=menuitem:Provider|h=None]@
chromium-light-phone › field submenu ⏎ ⏎ with frames held,,held,field submenu ⏎ ⏎,,held,,Enter Enter,none | menu×2 | @menuitem:Codex,1,0,Enter>menuitem:Provider[menu×1|f=menuitem:Provider|h=None]@ ; Enter>menuitem:Provider[menu×2|f=menuitem:Provider|h=None]@
chromium-light-phone › field submenu ⏎ ↓ ⏎ with frames held,,held,field submenu ⏎ ↓ ⏎,,held,,Enter ArrowDown Enter,Tag=true | menu×1 | @menuitemcheckbox:Important tag,1,0,Enter>menuitem:Provider[menu×1|f=menuitem:Provider|h=None]@ ; ArrowDown>menuitem:Provider[menu×2|f=menuitem:Provider|h=None]@ ; Enter>menuitemcheckbox:Important tag[menu×2|f=menuitemcheckbox:Important tag|h=None]@
chromium-light-phone › field submenu → Tab with frames held,,held,field submenu → Tab,,held,,ArrowRight Tab,none | menu×2 | @menuitem:Codex,1,0,ArrowRight>menuitem:Provider[menu×1|f=menuitem:Provider|h=None]@ ; Tab>menuitem:Provider[menu×2|f=menuitem:Provider|h=None]@
chromium-light-phone › field submenu → Shift+Tab with frames held,,held,field submenu → Shift+Tab,,held,,ArrowRight Shift+Tab,none | none | @button:Session actions,1,0,ArrowRight>menuitem:Provider[menu×1|f=menuitem:Provider|h=None]@ ; Shift+Tab>menuitem:Provider[menu×2|f=menuitem:Provider|h=None]@
chromium-light-phone › menu ⏎ Tab with frames held,,held,menu ⏎ Tab,,held,,Enter Tab,none | menu×1 | @menuitem:File,1,0,Enter>button:Add attachment[none|f=button:Add attachment|h=None]@ ; Tab>button:Add attachment[menu×1|f=button:Add attachment|h=None]@
chromium-light-phone › menu ⏎ Tab ⏎ with frames held,,held,menu ⏎ Tab ⏎,,held,,Enter Tab Enter,Action=file | none | @button:Add attachment,1,0,Enter>button:Add attachment[none|f=button:Add attachment|h=None]@ ; Tab>button:Add attachment[menu×1|f=button:Add attachment|h=None]@ ; Enter>menuitem:File[menu×1|f=menuitem:File|h=None]@
chromium-light-phone › menu ⏎ Shift+Tab with frames held,,held,menu ⏎ Shift+Tab,,held,,Enter Shift+Tab,none | none | @body:lightSwitch themeOpen Di,1,0,Enter>button:Add attachment[none|f=button:Add attachment|h=None]@ ; Shift+Tab>button:Add attachment[menu×1|f=button:Add attachment|h=None]@
chromium-light-phone › menu ↓ Tab with frames held,,held,menu ↓ Tab,,held,,ArrowDown Tab,none | menu×1 | @menuitem:File,1,0,ArrowDown>button:Add attachment[none|f=button:Add attachment|h=None]@ ; Tab>button:Add attachment[menu×1|f=button:Add attachment|h=None]@
chromium-light-phone › select ↓ Tab with frames held,,held,select ↓ Tab,,held,,ArrowDown Tab,none | none | @button:Clear selection,1,0,ArrowDown>combobox:Expires[none|f=combobox:Expires|h=None]@ ; Tab>combobox:Expires[listbox×1|f=combobox:Expires|h=None]@
chromium-light-phone › select ⏎ Tab with frames held,,held,select ⏎ Tab,,held,,Enter Tab,none | none | @button:Clear selection,1,0,Enter>combobox:Expires[none|f=combobox:Expires|h=None]@ ; Tab>combobox:Expires[listbox×1|f=combobox:Expires|h=None]@
chromium-light-phone › select ↓ Shift+Tab with frames held,,held,select ↓ Shift+Tab,,held,,ArrowDown Shift+Tab,none | none | @button:Open legacy Modal,1,0,ArrowDown>combobox:Expires[none|f=combobox:Expires|h=None]@ ; Shift+Tab>combobox:Expires[listbox×1|f=combobox:Expires|h=None]@
chromium-light-phone › sample select ↓ Tab with frames held,,held,sample select ↓ Tab,,held,,ArrowDown Tab,none | listbox×1 | @option:Never,1,0,ArrowDown>combobox:Sample choice[none|f=combobox:Sample choice|h=None]@ ; Tab>combobox:Sample choice[listbox×1|f=combobox:Sample choice|h=None]@
chromium-light-phone › dialog ⏎ ⏎ with frames held,,held,dialog ⏎ ⏎,,held,,Enter Enter,none | dialog:Edit workspace | @dialog:Edit workspaceWorkspace ,1,0,Enter>button:Orbit dialog[none|f=button:Orbit dialog|h=None]@ ; Enter>button:Orbit dialog[dialog:Edit workspace|f=button:Orbit dialog|h=None]@
chromium-light-phone › dialog ⏎ Tab with frames held,,held,dialog ⏎ Tab,,held,,Enter Tab,none | dialog:Edit workspace | @dialog:Edit workspaceWorkspace ,1,0,Enter>button:Orbit dialog[none|f=button:Orbit dialog|h=None]@ ; Tab>button:Orbit dialog[dialog:Edit workspace|f=button:Orbit dialog|h=None]@
chromium-light-phone › dialog ⏎ Tab ⏎ with frames held,,held,dialog ⏎ Tab ⏎,,held,,Enter Tab Enter,none | dialog:Edit workspace | @button:Close,1,0,Enter>button:Orbit dialog[none|f=button:Orbit dialog|h=None]@ ; Tab>button:Orbit dialog[dialog:Edit workspace|f=button:Orbit dialog|h=None]@ ; Enter>button:AntD dialog[dialog:Edit workspace|f=button:AntD dialog|h=None]@
chromium-light-phone › dialog ⏎ Shift+Tab with frames held,,held,dialog ⏎ Shift+Tab,,held,,Enter Shift+Tab,none | dialog:Edit workspace | @dialog:Edit workspaceWorkspace ,1,0,Enter>button:Orbit dialog[none|f=button:Orbit dialog|h=None]@ ; Shift+Tab>button:Orbit dialog[dialog:Edit workspace|f=button:Orbit dialog|h=None]@
chromium-light-phone › dialog ⏎ Escape with frames held,,held,dialog ⏎ Escape,,held,,Enter Escape,none | none | @button:Orbit dialog,1,0,Enter>button:Orbit dialog[none|f=button:Orbit dialog|h=None]@ ; Escape>button:Orbit dialog[dialog:Edit workspace|f=button:Orbit dialog|h=None]@
chromium-light-phone › confirm ⏎ ⏎ with frames held,,held,confirm ⏎ ⏎,,held,,Enter Enter,none | alertdialog:Delete runner? | @button:Cancel,1,0,Enter>button:Orbit confirm[none|f=button:Orbit confirm|h=None]@ ; Enter>button:Orbit confirm[alertdialog:Delete runner?|f=button:Orbit confirm|h=None]@
chromium-light-phone › confirm ⏎ Space with frames held,,held,confirm ⏎ Space,,held,,Enter Space,none | alertdialog:Delete runner? | @button:Cancel,1,0,Enter>button:Orbit confirm[none|f=button:Orbit confirm|h=None]@ ; Space>button:Orbit confirm[alertdialog:Delete runner?|f=button:Orbit confirm|h=None]@
chromium-light-phone › confirm ⏎ Tab with frames held,,held,confirm ⏎ Tab,,held,,Enter Tab,none | alertdialog:Delete runner? | @button:Cancel,1,0,Enter>button:Orbit confirm[none|f=button:Orbit confirm|h=None]@ ; Tab>button:Orbit confirm[alertdialog:Delete runner?|f=button:Orbit confirm|h=None]@
chromium-light-phone › confirm ⏎ Tab ⏎ with frames held,,held,confirm ⏎ Tab ⏎,,held,,Enter Tab Enter,none | alertdialog:Delete runner?+dialog:Delete runner? | @button:Cancel,1,0,Enter>button:Orbit confirm[none|f=button:Orbit confirm|h=None]@ ; Tab>button:Orbit confirm[alertdialog:Delete runner?|f=button:Orbit confirm|h=None]@ ; Enter>button:AntD confirm[alertdialog:Delete runner?|f=button:AntD confirm|h=None]@
chromium-light-phone › confirm ⏎ Escape with frames held,,held,confirm ⏎ Escape,,held,,Enter Escape,none | none | @button:Orbit confirm,1,0,Enter>button:Orbit confirm[none|f=button:Orbit confirm|h=None]@ ; Escape>button:Orbit confirm[alertdialog:Delete runner?|f=button:Orbit confirm|h=None]@
chromium-light-phone › popconfirm ⏎ ⏎ (recorded) with frames held,,held,popconfirm ⏎ ⏎ (recorded),,held,,Enter Enter,none | none | @button:Delete task,1,0,Enter>button:Delete task[none|f=button:Delete task|h=None]@ ; Enter>button:Delete task[dialog:Delete this task?|f=button:Delete task|h=None]@
chromium-light-phone › popconfirm ⏎ Space (recorded) with frames held,,held,popconfirm ⏎ Space (recorded),,held,,Enter Space,none | none | @button:Delete task,1,0,Enter>button:Delete task[none|f=button:Delete task|h=None]@ ; Space>button:Delete task[dialog:Delete this task?|f=button:Delete task|h=None]@
chromium-light-phone › popconfirm ⏎ Escape (recorded) with frames held,,held,popconfirm ⏎ Escape (recorded),,held,,Enter Escape,none | none | @button:Delete task,1,0,Enter>button:Delete task[none|f=button:Delete task|h=None]@ ; Escape>button:Delete task[dialog:Delete this task?|f=button:Delete task|h=None]@
chromium-light-phone › popconfirm ⏎ Tab (recorded) with frames held,,held,popconfirm ⏎ Tab (recorded),,held,,Enter Tab,none | dialog:Delete this task? | @button:Cancel,1,0,Enter>button:Delete task[none|f=button:Delete task|h=None]@ ; Tab>button:Delete task[dialog:Delete this task?|f=button:Delete task|h=None]@
chromium-light-phone › popconfirm ⏎ Tab ⏎ (recorded) with frames held,,held,popconfirm ⏎ Tab ⏎ (recorded),,held,,Enter Tab Enter,Answer=cancelled | none | @button:Delete task,1,0,Enter>button:Delete task[none|f=button:Delete task|h=None]@ ; Tab>button:Delete task[dialog:Delete this task?|f=button:Delete task|h=None]@ ; Enter>button:Cancel[dialog:Delete this task?|f=button:Cancel|h=None]@
chromium-light-phone › popconfirm ⏎ Shift+Tab (recorded) with frames held,,held,popconfirm ⏎ Shift+Tab (recorded),,held,,Enter Shift+Tab,none | none | @button:Switch theme,1,0,Enter>button:Delete task[none|f=button:Delete task|h=None]@ ; Shift+Tab>button:Delete task[dialog:Delete this task?|f=button:Delete task|h=None]@
chromium-dark-desktop › session submenu → ⏎ with frames held,,held,session submenu → ⏎,,held,,ArrowRight Enter,none | menu×2 | @menuitem:Codex,1,0,ArrowRight>menuitem:Provider[menu×1|f=menuitem:Provider|h=None]@ ; Enter>menuitem:Provider[menu×2|f=menuitem:Provider|h=None]@
chromium-dark-desktop › session submenu → ↓ ⏎ with frames held,,held,session submenu → ↓ ⏎,,held,,ArrowRight ArrowDown Enter,Picked=group | none | @button:Session actions,1,0,ArrowRight>menuitem:Provider[menu×1|f=menuitem:Provider|h=None]@ ; ArrowDown>menuitem:Provider[menu×2|f=menuitem:Provider|h=None]@ ; Enter>menuitem:Group by tag[menu×2|f=menuitem:Group by tag|h=None]@
chromium-dark-desktop › session submenu → ↑ ⏎ with frames held,,held,session submenu → ↑ ⏎,,held,,ArrowRight ArrowUp Enter,Picked=default | none | @button:Session actions,1,0,ArrowRight>menuitem:Provider[menu×1|f=menuitem:Provider|h=None]@ ; ArrowUp>menuitem:Provider[menu×2|f=menuitem:Provider|h=None]@ ; Enter>menuitem:Default model[menu×2|f=menuitem:Default model|h=None]@
chromium-dark-desktop › session submenu → Home ⏎ with frames held,,held,session submenu → Home ⏎,,held,,ArrowRight Home Enter,Picked=default | none | @button:Session actions,1,0,ArrowRight>menuitem:Provider[menu×1|f=menuitem:Provider|h=None]@ ; Home>menuitem:Provider[menu×2|f=menuitem:Provider|h=None]@ ; Enter>menuitem:Default model[menu×2|f=menuitem:Default model|h=None]@
chromium-dark-desktop › session submenu → End ⏎ with frames held,,held,session submenu → End ⏎,,held,,ArrowRight End Enter,Picked=delete | none | @button:Session actions,1,0,ArrowRight>menuitem:Provider[menu×1|f=menuitem:Provider|h=None]@ ; End>menuitem:Provider[menu×2|f=menuitem:Provider|h=None]@ ; Enter>menuitem:Delete[menu×2|f=menuitem:Delete|h=None]@
chromium-dark-desktop › session submenu → Space with frames held,,held,session submenu → Space,,held,,ArrowRight Space,none | menu×2 | @menuitem:Codex,1,0,ArrowRight>menuitem:Provider[menu×1|f=menuitem:Provider|h=None]@ ; Space>menuitem:Provider[menu×2|f=menuitem:Provider|h=None]@
chromium-dark-desktop › session submenu → ← with frames held,,held,session submenu → ←,,held,,ArrowRight ArrowLeft,none | menu×2 | @menuitem:Codex,1,0,ArrowRight>menuitem:Provider[menu×1|f=menuitem:Provider|h=None]@ ; ArrowLeft>menuitem:Provider[menu×2|f=menuitem:Provider|h=None]@
chromium-dark-desktop › session submenu ⏎ ⏎ with frames held,,held,session submenu ⏎ ⏎,,held,,Enter Enter,none | menu×2 | @menuitem:Codex,1,0,Enter>menuitem:Provider[menu×1|f=menuitem:Provider|h=None]@ ; Enter>menuitem:Provider[menu×2|f=menuitem:Provider|h=None]@
chromium-dark-desktop › session submenu ⏎ ↓ ⏎ with frames held,,held,session submenu ⏎ ↓ ⏎,,held,,Enter ArrowDown Enter,Picked=group | none | @button:Session actions,1,0,Enter>menuitem:Provider[menu×1|f=menuitem:Provider|h=None]@ ; ArrowDown>menuitem:Provider[menu×2|f=menuitem:Provider|h=None]@ ; Enter>menuitem:Group by tag[menu×2|f=menuitem:Group by tag|h=None]@
chromium-dark-desktop › session submenu → Tab with frames held,,held,session submenu → Tab,,held,,ArrowRight Tab,none | menu×2 | @menuitem:Codex,1,0,ArrowRight>menuitem:Provider[menu×1|f=menuitem:Provider|h=None]@ ; Tab>menuitem:Provider[menu×2|f=menuitem:Provider|h=None]@
chromium-dark-desktop › session submenu → Shift+Tab with frames held,,held,session submenu → Shift+Tab,,held,,ArrowRight Shift+Tab,none | none | @button:Session actions,1,0,ArrowRight>menuitem:Provider[menu×1|f=menuitem:Provider|h=None]@ ; Shift+Tab>menuitem:Provider[menu×2|f=menuitem:Provider|h=None]@
chromium-dark-desktop › field submenu → ⏎ with frames held,,held,field submenu → ⏎,,held,,ArrowRight Enter,none | menu×2 | @menuitem:Codex,1,0,ArrowRight>menuitem:Provider[menu×1|f=menuitem:Provider|h=None]@ ; Enter>menuitem:Provider[menu×2|f=menuitem:Provider|h=None]@
chromium-dark-desktop › field submenu → ↓ ⏎ with frames held,,held,field submenu → ↓ ⏎,,held,,ArrowRight ArrowDown Enter,Tag=true | menu×1 | @menuitemcheckbox:Important tag,1,0,ArrowRight>menuitem:Provider[menu×1|f=menuitem:Provider|h=None]@ ; ArrowDown>menuitem:Provider[menu×2|f=menuitem:Provider|h=None]@ ; Enter>menuitemcheckbox:Important tag[menu×2|f=menuitemcheckbox:Important tag|h=None]@
chromium-dark-desktop › field submenu → ↑ ⏎ with frames held,,held,field submenu → ↑ ⏎,,held,,ArrowRight ArrowUp Enter,Action=default | none | @button:Session actions,1,0,ArrowRight>menuitem:Provider[menu×1|f=menuitem:Provider|h=None]@ ; ArrowUp>menuitem:Provider[menu×2|f=menuitem:Provider|h=None]@ ; Enter>menuitem:Default model[menu×2|f=menuitem:Default model|h=None]@
chromium-dark-desktop › field submenu → Home ⏎ with frames held,,held,field submenu → Home ⏎,,held,,ArrowRight Home Enter,Action=default | none | @button:Session actions,1,0,ArrowRight>menuitem:Provider[menu×1|f=menuitem:Provider|h=None]@ ; Home>menuitem:Provider[menu×2|f=menuitem:Provider|h=None]@ ; Enter>menuitem:Default model[menu×2|f=menuitem:Default model|h=None]@
chromium-dark-desktop › field submenu → End ⏎ with frames held,,held,field submenu → End ⏎,,held,,ArrowRight End Enter,Action=delete | none | @button:Session actions,1,0,ArrowRight>menuitem:Provider[menu×1|f=menuitem:Provider|h=None]@ ; End>menuitem:Provider[menu×2|f=menuitem:Provider|h=None]@ ; Enter>menuitem:Delete[menu×2|f=menuitem:Delete|h=None]@
chromium-dark-desktop › field submenu → Space with frames held,,held,field submenu → Space,,held,,ArrowRight Space,none | menu×2 | @menuitem:Codex,1,0,ArrowRight>menuitem:Provider[menu×1|f=menuitem:Provider|h=None]@ ; Space>menuitem:Provider[menu×2|f=menuitem:Provider|h=None]@
chromium-dark-desktop › field submenu → ← with frames held,,held,field submenu → ←,,held,,ArrowRight ArrowLeft,none | menu×2 | @menuitem:Codex,1,0,ArrowRight>menuitem:Provider[menu×1|f=menuitem:Provider|h=None]@ ; ArrowLeft>menuitem:Provider[menu×2|f=menuitem:Provider|h=None]@
chromium-dark-desktop › field submenu ⏎ ⏎ with frames held,,held,field submenu ⏎ ⏎,,held,,Enter Enter,none | menu×2 | @menuitem:Codex,1,0,Enter>menuitem:Provider[menu×1|f=menuitem:Provider|h=None]@ ; Enter>menuitem:Provider[menu×2|f=menuitem:Provider|h=None]@
chromium-dark-desktop › field submenu ⏎ ↓ ⏎ with frames held,,held,field submenu ⏎ ↓ ⏎,,held,,Enter ArrowDown Enter,Tag=true | menu×1 | @menuitemcheckbox:Important tag,1,0,Enter>menuitem:Provider[menu×1|f=menuitem:Provider|h=None]@ ; ArrowDown>menuitem:Provider[menu×2|f=menuitem:Provider|h=None]@ ; Enter>menuitemcheckbox:Important tag[menu×2|f=menuitemcheckbox:Important tag|h=None]@
chromium-dark-desktop › field submenu → Tab with frames held,,held,field submenu → Tab,,held,,ArrowRight Tab,none | menu×2 | @menuitem:Codex,1,0,ArrowRight>menuitem:Provider[menu×1|f=menuitem:Provider|h=None]@ ; Tab>menuitem:Provider[menu×2|f=menuitem:Provider|h=None]@
chromium-dark-desktop › field submenu → Shift+Tab with frames held,,held,field submenu → Shift+Tab,,held,,ArrowRight Shift+Tab,none | none | @button:Session actions,1,0,ArrowRight>menuitem:Provider[menu×1|f=menuitem:Provider|h=None]@ ; Shift+Tab>menuitem:Provider[menu×2|f=menuitem:Provider|h=None]@
chromium-dark-desktop › menu ⏎ Tab with frames held,,held,menu ⏎ Tab,,held,,Enter Tab,none | menu×1 | @menuitem:File,1,0,Enter>button:Add attachment[none|f=button:Add attachment|h=None]@ ; Tab>button:Add attachment[menu×1|f=button:Add attachment|h=None]@
chromium-dark-desktop › menu ⏎ Tab ⏎ with frames held,,held,menu ⏎ Tab ⏎,,held,,Enter Tab Enter,Action=file | none | @button:Add attachment,1,0,Enter>button:Add attachment[none|f=button:Add attachment|h=None]@ ; Tab>button:Add attachment[menu×1|f=button:Add attachment|h=None]@ ; Enter>menuitem:File[menu×1|f=menuitem:File|h=None]@
chromium-dark-desktop › menu ⏎ Shift+Tab with frames held,,held,menu ⏎ Shift+Tab,,held,,Enter Shift+Tab,none | none | @body:darkSwitch themeOpen Dia,1,0,Enter>button:Add attachment[none|f=button:Add attachment|h=None]@ ; Shift+Tab>button:Add attachment[menu×1|f=button:Add attachment|h=None]@
chromium-dark-desktop › menu ↓ Tab with frames held,,held,menu ↓ Tab,,held,,ArrowDown Tab,none | menu×1 | @menuitem:File,1,0,ArrowDown>button:Add attachment[none|f=button:Add attachment|h=None]@ ; Tab>button:Add attachment[menu×1|f=button:Add attachment|h=None]@
chromium-dark-desktop › select ↓ Tab with frames held,,held,select ↓ Tab,,held,,ArrowDown Tab,none | none | @button:Clear selection,1,0,ArrowDown>combobox:Expires[none|f=combobox:Expires|h=None]@ ; Tab>combobox:Expires[listbox×1|f=combobox:Expires|h=None]@
chromium-dark-desktop › select ⏎ Tab with frames held,,held,select ⏎ Tab,,held,,Enter Tab,none | none | @button:Clear selection,1,0,Enter>combobox:Expires[none|f=combobox:Expires|h=None]@ ; Tab>combobox:Expires[listbox×1|f=combobox:Expires|h=None]@
chromium-dark-desktop › select ↓ Shift+Tab with frames held,,held,select ↓ Shift+Tab,,held,,ArrowDown Shift+Tab,none | none | @button:Open legacy Modal,1,0,ArrowDown>combobox:Expires[none|f=combobox:Expires|h=None]@ ; Shift+Tab>combobox:Expires[listbox×1|f=combobox:Expires|h=None]@
chromium-dark-desktop › sample select ↓ Tab with frames held,,held,sample select ↓ Tab,,held,,ArrowDown Tab,none | listbox×1 | @option:Never,1,0,ArrowDown>combobox:Sample choice[none|f=combobox:Sample choice|h=None]@ ; Tab>combobox:Sample choice[listbox×1|f=combobox:Sample choice|h=None]@
chromium-dark-desktop › dialog ⏎ ⏎ with frames held,,held,dialog ⏎ ⏎,,held,,Enter Enter,none | dialog:Edit workspace | @dialog:Edit workspaceWorkspace ,1,0,Enter>button:Orbit dialog[none|f=button:Orbit dialog|h=None]@ ; Enter>button:Orbit dialog[dialog:Edit workspace|f=button:Orbit dialog|h=None]@
chromium-dark-desktop › dialog ⏎ Tab with frames held,,held,dialog ⏎ Tab,,held,,Enter Tab,none | dialog:Edit workspace | @dialog:Edit workspaceWorkspace ,1,0,Enter>button:Orbit dialog[none|f=button:Orbit dialog|h=None]@ ; Tab>button:Orbit dialog[dialog:Edit workspace|f=button:Orbit dialog|h=None]@
chromium-dark-desktop › dialog ⏎ Tab ⏎ with frames held,,held,dialog ⏎ Tab ⏎,,held,,Enter Tab Enter,none | dialog:Edit workspace | @button:Close,1,0,Enter>button:Orbit dialog[none|f=button:Orbit dialog|h=None]@ ; Tab>button:Orbit dialog[dialog:Edit workspace|f=button:Orbit dialog|h=None]@ ; Enter>button:AntD dialog[dialog:Edit workspace|f=button:AntD dialog|h=None]@
chromium-dark-desktop › dialog ⏎ Shift+Tab with frames held,,held,dialog ⏎ Shift+Tab,,held,,Enter Shift+Tab,none | dialog:Edit workspace | @dialog:Edit workspaceWorkspace ,1,0,Enter>button:Orbit dialog[none|f=button:Orbit dialog|h=None]@ ; Shift+Tab>button:Orbit dialog[dialog:Edit workspace|f=button:Orbit dialog|h=None]@
chromium-dark-desktop › dialog ⏎ Escape with frames held,,held,dialog ⏎ Escape,,held,,Enter Escape,none | none | @button:Orbit dialog,1,0,Enter>button:Orbit dialog[none|f=button:Orbit dialog|h=None]@ ; Escape>button:Orbit dialog[dialog:Edit workspace|f=button:Orbit dialog|h=None]@
chromium-dark-desktop › confirm ⏎ ⏎ with frames held,,held,confirm ⏎ ⏎,,held,,Enter Enter,none | alertdialog:Delete runner? | @button:Cancel,1,0,Enter>button:Orbit confirm[none|f=button:Orbit confirm|h=None]@ ; Enter>button:Orbit confirm[alertdialog:Delete runner?|f=button:Orbit confirm|h=None]@
chromium-dark-desktop › confirm ⏎ Space with frames held,,held,confirm ⏎ Space,,held,,Enter Space,none | alertdialog:Delete runner? | @button:Cancel,1,0,Enter>button:Orbit confirm[none|f=button:Orbit confirm|h=None]@ ; Space>button:Orbit confirm[alertdialog:Delete runner?|f=button:Orbit confirm|h=None]@
chromium-dark-desktop › confirm ⏎ Tab with frames held,,held,confirm ⏎ Tab,,held,,Enter Tab,none | alertdialog:Delete runner? | @button:Cancel,1,0,Enter>button:Orbit confirm[none|f=button:Orbit confirm|h=None]@ ; Tab>button:Orbit confirm[alertdialog:Delete runner?|f=button:Orbit confirm|h=None]@
chromium-dark-desktop › confirm ⏎ Tab ⏎ with frames held,,held,confirm ⏎ Tab ⏎,,held,,Enter Tab Enter,none | alertdialog:Delete runner?+dialog:Delete runner? | @button:Cancel,1,0,Enter>button:Orbit confirm[none|f=button:Orbit confirm|h=None]@ ; Tab>button:Orbit confirm[alertdialog:Delete runner?|f=button:Orbit confirm|h=None]@ ; Enter>button:AntD confirm[alertdialog:Delete runner?|f=button:AntD confirm|h=None]@
chromium-dark-desktop › confirm ⏎ Escape with frames held,,held,confirm ⏎ Escape,,held,,Enter Escape,none | none | @button:Orbit confirm,1,0,Enter>button:Orbit confirm[none|f=button:Orbit confirm|h=None]@ ; Escape>button:Orbit confirm[alertdialog:Delete runner?|f=button:Orbit confirm|h=None]@
chromium-dark-desktop › popconfirm ⏎ ⏎ (recorded) with frames held,,held,popconfirm ⏎ ⏎ (recorded),,held,,Enter Enter,none | none | @button:Delete task,1,0,Enter>button:Delete task[none|f=button:Delete task|h=None]@ ; Enter>button:Delete task[dialog:Delete this task?|f=button:Delete task|h=None]@
chromium-dark-desktop › popconfirm ⏎ Space (recorded) with frames held,,held,popconfirm ⏎ Space (recorded),,held,,Enter Space,none | none | @button:Delete task,1,0,Enter>button:Delete task[none|f=button:Delete task|h=None]@ ; Space>button:Delete task[dialog:Delete this task?|f=button:Delete task|h=None]@
chromium-dark-desktop › popconfirm ⏎ Escape (recorded) with frames held,,held,popconfirm ⏎ Escape (recorded),,held,,Enter Escape,none | none | @button:Delete task,1,0,Enter>button:Delete task[none|f=button:Delete task|h=None]@ ; Escape>button:Delete task[dialog:Delete this task?|f=button:Delete task|h=None]@
chromium-dark-desktop › popconfirm ⏎ Tab (recorded) with frames held,,held,popconfirm ⏎ Tab (recorded),,held,,Enter Tab,none | dialog:Delete this task? | @button:Cancel,1,0,Enter>button:Delete task[none|f=button:Delete task|h=None]@ ; Tab>button:Delete task[dialog:Delete this task?|f=button:Delete task|h=None]@
chromium-dark-desktop › popconfirm ⏎ Tab ⏎ (recorded) with frames held,,held,popconfirm ⏎ Tab ⏎ (recorded),,held,,Enter Tab Enter,Answer=cancelled | none | @button:Delete task,1,0,Enter>button:Delete task[none|f=button:Delete task|h=None]@ ; Tab>button:Delete task[dialog:Delete this task?|f=button:Delete task|h=None]@ ; Enter>button:Cancel[dialog:Delete this task?|f=button:Cancel|h=None]@
chromium-dark-desktop › popconfirm ⏎ Shift+Tab (recorded) with frames held,,held,popconfirm ⏎ Shift+Tab (recorded),,held,,Enter Shift+Tab,none | none | @button:Switch theme,1,0,Enter>button:Delete task[none|f=button:Delete task|h=None]@ ; Shift+Tab>button:Delete task[dialog:Delete this task?|f=button:Delete task|h=None]@
chromium-dark-phone › session submenu → ⏎ with frames held,,held,session submenu → ⏎,,held,,ArrowRight Enter,none | menu×2 | @menuitem:Codex,1,0,ArrowRight>menuitem:Provider[menu×1|f=menuitem:Provider|h=None]@ ; Enter>menuitem:Provider[menu×2|f=menuitem:Provider|h=None]@
chromium-dark-phone › session submenu → ↓ ⏎ with frames held,,held,session submenu → ↓ ⏎,,held,,ArrowRight ArrowDown Enter,Picked=group | none | @button:Session actions,1,0,ArrowRight>menuitem:Provider[menu×1|f=menuitem:Provider|h=None]@ ; ArrowDown>menuitem:Provider[menu×2|f=menuitem:Provider|h=None]@ ; Enter>menuitem:Group by tag[menu×2|f=menuitem:Group by tag|h=None]@
chromium-dark-phone › session submenu → ↑ ⏎ with frames held,,held,session submenu → ↑ ⏎,,held,,ArrowRight ArrowUp Enter,Picked=default | none | @button:Session actions,1,0,ArrowRight>menuitem:Provider[menu×1|f=menuitem:Provider|h=None]@ ; ArrowUp>menuitem:Provider[menu×2|f=menuitem:Provider|h=None]@ ; Enter>menuitem:Default model[menu×2|f=menuitem:Default model|h=None]@
chromium-dark-phone › session submenu → Home ⏎ with frames held,,held,session submenu → Home ⏎,,held,,ArrowRight Home Enter,Picked=default | none | @button:Session actions,1,0,ArrowRight>menuitem:Provider[menu×1|f=menuitem:Provider|h=None]@ ; Home>menuitem:Provider[menu×2|f=menuitem:Provider|h=None]@ ; Enter>menuitem:Default model[menu×2|f=menuitem:Default model|h=None]@
chromium-dark-phone › session submenu → End ⏎ with frames held,,held,session submenu → End ⏎,,held,,ArrowRight End Enter,Picked=delete | none | @button:Session actions,1,0,ArrowRight>menuitem:Provider[menu×1|f=menuitem:Provider|h=None]@ ; End>menuitem:Provider[menu×2|f=menuitem:Provider|h=None]@ ; Enter>menuitem:Delete[menu×2|f=menuitem:Delete|h=None]@
chromium-dark-phone › session submenu → Space with frames held,,held,session submenu → Space,,held,,ArrowRight Space,none | menu×2 | @menuitem:Codex,1,0,ArrowRight>menuitem:Provider[menu×1|f=menuitem:Provider|h=None]@ ; Space>menuitem:Provider[menu×2|f=menuitem:Provider|h=None]@
chromium-dark-phone › session submenu → ← with frames held,,held,session submenu → ←,,held,,ArrowRight ArrowLeft,none | menu×2 | @menuitem:Codex,1,0,ArrowRight>menuitem:Provider[menu×1|f=menuitem:Provider|h=None]@ ; ArrowLeft>menuitem:Provider[menu×2|f=menuitem:Provider|h=None]@
chromium-dark-phone › session submenu ⏎ ⏎ with frames held,,held,session submenu ⏎ ⏎,,held,,Enter Enter,none | menu×2 | @menuitem:Codex,1,0,Enter>menuitem:Provider[menu×1|f=menuitem:Provider|h=None]@ ; Enter>menuitem:Provider[menu×2|f=menuitem:Provider|h=None]@
chromium-dark-phone › session submenu ⏎ ↓ ⏎ with frames held,,held,session submenu ⏎ ↓ ⏎,,held,,Enter ArrowDown Enter,Picked=group | none | @button:Session actions,1,0,Enter>menuitem:Provider[menu×1|f=menuitem:Provider|h=None]@ ; ArrowDown>menuitem:Provider[menu×2|f=menuitem:Provider|h=None]@ ; Enter>menuitem:Group by tag[menu×2|f=menuitem:Group by tag|h=None]@
chromium-dark-phone › session submenu → Tab with frames held,,held,session submenu → Tab,,held,,ArrowRight Tab,none | menu×2 | @menuitem:Codex,1,0,ArrowRight>menuitem:Provider[menu×1|f=menuitem:Provider|h=None]@ ; Tab>menuitem:Provider[menu×2|f=menuitem:Provider|h=None]@
chromium-dark-phone › session submenu → Shift+Tab with frames held,,held,session submenu → Shift+Tab,,held,,ArrowRight Shift+Tab,none | none | @button:Session actions,1,0,ArrowRight>menuitem:Provider[menu×1|f=menuitem:Provider|h=None]@ ; Shift+Tab>menuitem:Provider[menu×2|f=menuitem:Provider|h=None]@
chromium-dark-phone › field submenu → ⏎ with frames held,,held,field submenu → ⏎,,held,,ArrowRight Enter,none | menu×2 | @menuitem:Codex,1,0,ArrowRight>menuitem:Provider[menu×1|f=menuitem:Provider|h=None]@ ; Enter>menuitem:Provider[menu×2|f=menuitem:Provider|h=None]@
chromium-dark-phone › field submenu → ↓ ⏎ with frames held,,held,field submenu → ↓ ⏎,,held,,ArrowRight ArrowDown Enter,Tag=true | menu×1 | @menuitemcheckbox:Important tag,1,0,ArrowRight>menuitem:Provider[menu×1|f=menuitem:Provider|h=None]@ ; ArrowDown>menuitem:Provider[menu×2|f=menuitem:Provider|h=None]@ ; Enter>menuitemcheckbox:Important tag[menu×2|f=menuitemcheckbox:Important tag|h=None]@
chromium-dark-phone › field submenu → ↑ ⏎ with frames held,,held,field submenu → ↑ ⏎,,held,,ArrowRight ArrowUp Enter,Action=default | none | @button:Session actions,1,0,ArrowRight>menuitem:Provider[menu×1|f=menuitem:Provider|h=None]@ ; ArrowUp>menuitem:Provider[menu×2|f=menuitem:Provider|h=None]@ ; Enter>menuitem:Default model[menu×2|f=menuitem:Default model|h=None]@
chromium-dark-phone › field submenu → Home ⏎ with frames held,,held,field submenu → Home ⏎,,held,,ArrowRight Home Enter,Action=default | none | @button:Session actions,1,0,ArrowRight>menuitem:Provider[menu×1|f=menuitem:Provider|h=None]@ ; Home>menuitem:Provider[menu×2|f=menuitem:Provider|h=None]@ ; Enter>menuitem:Default model[menu×2|f=menuitem:Default model|h=None]@
chromium-dark-phone › field submenu → End ⏎ with frames held,,held,field submenu → End ⏎,,held,,ArrowRight End Enter,Action=delete | none | @button:Session actions,1,0,ArrowRight>menuitem:Provider[menu×1|f=menuitem:Provider|h=None]@ ; End>menuitem:Provider[menu×2|f=menuitem:Provider|h=None]@ ; Enter>menuitem:Delete[menu×2|f=menuitem:Delete|h=None]@
chromium-dark-phone › field submenu → Space with frames held,,held,field submenu → Space,,held,,ArrowRight Space,none | menu×2 | @menuitem:Codex,1,0,ArrowRight>menuitem:Provider[menu×1|f=menuitem:Provider|h=None]@ ; Space>menuitem:Provider[menu×2|f=menuitem:Provider|h=None]@
chromium-dark-phone › field submenu → ← with frames held,,held,field submenu → ←,,held,,ArrowRight ArrowLeft,none | menu×2 | @menuitem:Codex,1,0,ArrowRight>menuitem:Provider[menu×1|f=menuitem:Provider|h=None]@ ; ArrowLeft>menuitem:Provider[menu×2|f=menuitem:Provider|h=None]@
chromium-dark-phone › field submenu ⏎ ⏎ with frames held,,held,field submenu ⏎ ⏎,,held,,Enter Enter,none | menu×2 | @menuitem:Codex,1,0,Enter>menuitem:Provider[menu×1|f=menuitem:Provider|h=None]@ ; Enter>menuitem:Provider[menu×2|f=menuitem:Provider|h=None]@
chromium-dark-phone › field submenu ⏎ ↓ ⏎ with frames held,,held,field submenu ⏎ ↓ ⏎,,held,,Enter ArrowDown Enter,Tag=true | menu×1 | @menuitemcheckbox:Important tag,1,0,Enter>menuitem:Provider[menu×1|f=menuitem:Provider|h=None]@ ; ArrowDown>menuitem:Provider[menu×2|f=menuitem:Provider|h=None]@ ; Enter>menuitemcheckbox:Important tag[menu×2|f=menuitemcheckbox:Important tag|h=None]@
chromium-dark-phone › field submenu → Tab with frames held,,held,field submenu → Tab,,held,,ArrowRight Tab,none | menu×2 | @menuitem:Codex,1,0,ArrowRight>menuitem:Provider[menu×1|f=menuitem:Provider|h=None]@ ; Tab>menuitem:Provider[menu×2|f=menuitem:Provider|h=None]@
chromium-dark-phone › field submenu → Shift+Tab with frames held,,held,field submenu → Shift+Tab,,held,,ArrowRight Shift+Tab,none | none | @button:Session actions,1,0,ArrowRight>menuitem:Provider[menu×1|f=menuitem:Provider|h=None]@ ; Shift+Tab>menuitem:Provider[menu×2|f=menuitem:Provider|h=None]@
chromium-dark-phone › menu ⏎ Tab with frames held,,held,menu ⏎ Tab,,held,,Enter Tab,none | menu×1 | @menuitem:File,1,0,Enter>button:Add attachment[none|f=button:Add attachment|h=None]@ ; Tab>button:Add attachment[menu×1|f=button:Add attachment|h=None]@
chromium-dark-phone › menu ⏎ Tab ⏎ with frames held,,held,menu ⏎ Tab ⏎,,held,,Enter Tab Enter,Action=file | none | @button:Add attachment,1,0,Enter>button:Add attachment[none|f=button:Add attachment|h=None]@ ; Tab>button:Add attachment[menu×1|f=button:Add attachment|h=None]@ ; Enter>menuitem:File[menu×1|f=menuitem:File|h=None]@
chromium-dark-phone › menu ⏎ Shift+Tab with frames held,,held,menu ⏎ Shift+Tab,,held,,Enter Shift+Tab,none | none | @body:darkSwitch themeOpen Dia,1,0,Enter>button:Add attachment[none|f=button:Add attachment|h=None]@ ; Shift+Tab>button:Add attachment[menu×1|f=button:Add attachment|h=None]@
chromium-dark-phone › menu ↓ Tab with frames held,,held,menu ↓ Tab,,held,,ArrowDown Tab,none | menu×1 | @menuitem:File,1,0,ArrowDown>button:Add attachment[none|f=button:Add attachment|h=None]@ ; Tab>button:Add attachment[menu×1|f=button:Add attachment|h=None]@
chromium-dark-phone › select ↓ Tab with frames held,,held,select ↓ Tab,,held,,ArrowDown Tab,none | none | @button:Clear selection,1,0,ArrowDown>combobox:Expires[none|f=combobox:Expires|h=None]@ ; Tab>combobox:Expires[listbox×1|f=combobox:Expires|h=None]@
chromium-dark-phone › select ⏎ Tab with frames held,,held,select ⏎ Tab,,held,,Enter Tab,none | none | @button:Clear selection,1,0,Enter>combobox:Expires[none|f=combobox:Expires|h=None]@ ; Tab>combobox:Expires[listbox×1|f=combobox:Expires|h=None]@
chromium-dark-phone › select ↓ Shift+Tab with frames held,,held,select ↓ Shift+Tab,,held,,ArrowDown Shift+Tab,none | none | @button:Open legacy Modal,1,0,ArrowDown>combobox:Expires[none|f=combobox:Expires|h=None]@ ; Shift+Tab>combobox:Expires[listbox×1|f=combobox:Expires|h=None]@
chromium-dark-phone › sample select ↓ Tab with frames held,,held,sample select ↓ Tab,,held,,ArrowDown Tab,none | listbox×1 | @option:Never,1,0,ArrowDown>combobox:Sample choice[none|f=combobox:Sample choice|h=None]@ ; Tab>combobox:Sample choice[listbox×1|f=combobox:Sample choice|h=None]@
chromium-dark-phone › dialog ⏎ ⏎ with frames held,,held,dialog ⏎ ⏎,,held,,Enter Enter,none | dialog:Edit workspace | @dialog:Edit workspaceWorkspace ,1,0,Enter>button:Orbit dialog[none|f=button:Orbit dialog|h=None]@ ; Enter>button:Orbit dialog[dialog:Edit workspace|f=button:Orbit dialog|h=None]@
chromium-dark-phone › dialog ⏎ Tab with frames held,,held,dialog ⏎ Tab,,held,,Enter Tab,none | dialog:Edit workspace | @dialog:Edit workspaceWorkspace ,1,0,Enter>button:Orbit dialog[none|f=button:Orbit dialog|h=None]@ ; Tab>button:Orbit dialog[dialog:Edit workspace|f=button:Orbit dialog|h=None]@
chromium-dark-phone › dialog ⏎ Tab ⏎ with frames held,,held,dialog ⏎ Tab ⏎,,held,,Enter Tab Enter,none | dialog:Edit workspace | @button:Close,1,0,Enter>button:Orbit dialog[none|f=button:Orbit dialog|h=None]@ ; Tab>button:Orbit dialog[dialog:Edit workspace|f=button:Orbit dialog|h=None]@ ; Enter>button:AntD dialog[dialog:Edit workspace|f=button:AntD dialog|h=None]@
chromium-dark-phone › dialog ⏎ Shift+Tab with frames held,,held,dialog ⏎ Shift+Tab,,held,,Enter Shift+Tab,none | dialog:Edit workspace | @dialog:Edit workspaceWorkspace ,1,0,Enter>button:Orbit dialog[none|f=button:Orbit dialog|h=None]@ ; Shift+Tab>button:Orbit dialog[dialog:Edit workspace|f=button:Orbit dialog|h=None]@
chromium-dark-phone › dialog ⏎ Escape with frames held,,held,dialog ⏎ Escape,,held,,Enter Escape,none | none | @button:Orbit dialog,1,0,Enter>button:Orbit dialog[none|f=button:Orbit dialog|h=None]@ ; Escape>button:Orbit dialog[dialog:Edit workspace|f=button:Orbit dialog|h=None]@
chromium-dark-phone › confirm ⏎ ⏎ with frames held,,held,confirm ⏎ ⏎,,held,,Enter Enter,none | alertdialog:Delete runner? | @button:Cancel,1,0,Enter>button:Orbit confirm[none|f=button:Orbit confirm|h=None]@ ; Enter>button:Orbit confirm[alertdialog:Delete runner?|f=button:Orbit confirm|h=None]@
chromium-dark-phone › confirm ⏎ Space with frames held,,held,confirm ⏎ Space,,held,,Enter Space,none | alertdialog:Delete runner? | @button:Cancel,1,0,Enter>button:Orbit confirm[none|f=button:Orbit confirm|h=None]@ ; Space>button:Orbit confirm[alertdialog:Delete runner?|f=button:Orbit confirm|h=None]@
chromium-dark-phone › confirm ⏎ Tab with frames held,,held,confirm ⏎ Tab,,held,,Enter Tab,none | alertdialog:Delete runner? | @button:Cancel,1,0,Enter>button:Orbit confirm[none|f=button:Orbit confirm|h=None]@ ; Tab>button:Orbit confirm[alertdialog:Delete runner?|f=button:Orbit confirm|h=None]@
chromium-dark-phone › confirm ⏎ Tab ⏎ with frames held,,held,confirm ⏎ Tab ⏎,,held,,Enter Tab Enter,none | alertdialog:Delete runner?+dialog:Delete runner? | @button:Cancel,1,0,Enter>button:Orbit confirm[none|f=button:Orbit confirm|h=None]@ ; Tab>button:Orbit confirm[alertdialog:Delete runner?|f=button:Orbit confirm|h=None]@ ; Enter>button:AntD confirm[alertdialog:Delete runner?|f=button:AntD confirm|h=None]@
chromium-dark-phone › confirm ⏎ Escape with frames held,,held,confirm ⏎ Escape,,held,,Enter Escape,none | none | @button:Orbit confirm,1,0,Enter>button:Orbit confirm[none|f=button:Orbit confirm|h=None]@ ; Escape>button:Orbit confirm[alertdialog:Delete runner?|f=button:Orbit confirm|h=None]@
chromium-dark-phone › popconfirm ⏎ ⏎ (recorded) with frames held,,held,popconfirm ⏎ ⏎ (recorded),,held,,Enter Enter,none | none | @button:Delete task,1,0,Enter>button:Delete task[none|f=button:Delete task|h=None]@ ; Enter>button:Delete task[dialog:Delete this task?|f=button:Delete task|h=None]@
chromium-dark-phone › popconfirm ⏎ Space (recorded) with frames held,,held,popconfirm ⏎ Space (recorded),,held,,Enter Space,none | none | @button:Delete task,1,0,Enter>button:Delete task[none|f=button:Delete task|h=None]@ ; Space>button:Delete task[dialog:Delete this task?|f=button:Delete task|h=None]@
chromium-dark-phone › popconfirm ⏎ Escape (recorded) with frames held,,held,popconfirm ⏎ Escape (recorded),,held,,Enter Escape,none | none | @button:Delete task,1,0,Enter>button:Delete task[none|f=button:Delete task|h=None]@ ; Escape>button:Delete task[dialog:Delete this task?|f=button:Delete task|h=None]@
chromium-dark-phone › popconfirm ⏎ Tab (recorded) with frames held,,held,popconfirm ⏎ Tab (recorded),,held,,Enter Tab,none | dialog:Delete this task? | @button:Cancel,1,0,Enter>button:Delete task[none|f=button:Delete task|h=None]@ ; Tab>button:Delete task[dialog:Delete this task?|f=button:Delete task|h=None]@
chromium-dark-phone › popconfirm ⏎ Tab ⏎ (recorded) with frames held,,held,popconfirm ⏎ Tab ⏎ (recorded),,held,,Enter Tab Enter,Answer=cancelled | none | @button:Delete task,1,0,Enter>button:Delete task[none|f=button:Delete task|h=None]@ ; Tab>button:Delete task[dialog:Delete this task?|f=button:Delete task|h=None]@ ; Enter>button:Cancel[dialog:Delete this task?|f=button:Cancel|h=None]@
chromium-dark-phone › popconfirm ⏎ Shift+Tab (recorded) with frames held,,held,popconfirm ⏎ Shift+Tab (recorded),,held,,Enter Shift+Tab,none | none | @button:Switch theme,1,0,Enter>button:Delete task[none|f=button:Delete task|h=None]@ ; Shift+Tab>button:Delete task[dialog:Delete this task?|f=button:Delete task|h=None]@
webkit-light-desktop › session submenu → ⏎ with frames held,,held,session submenu → ⏎,,held,,ArrowRight Enter,none | menu×2 | @menuitem:Codex,1,0,ArrowRight>menuitem:Provider[menu×1|f=menuitem:Provider|h=None]@ ; Enter>menuitem:Provider[menu×2|f=menuitem:Provider|h=None]@
webkit-light-desktop › session submenu → ↓ ⏎ with frames held,,held,session submenu → ↓ ⏎,,held,,ArrowRight ArrowDown Enter,Picked=group | none | @button:Session actions,1,0,ArrowRight>menuitem:Provider[menu×1|f=menuitem:Provider|h=None]@ ; ArrowDown>menuitem:Provider[menu×2|f=menuitem:Provider|h=None]@ ; Enter>menuitem:Group by tag[menu×2|f=menuitem:Group by tag|h=None]@
webkit-light-desktop › session submenu → ↑ ⏎ with frames held,,held,session submenu → ↑ ⏎,,held,,ArrowRight ArrowUp Enter,Picked=default | none | @button:Session actions,1,0,ArrowRight>menuitem:Provider[menu×1|f=menuitem:Provider|h=None]@ ; ArrowUp>menuitem:Provider[menu×2|f=menuitem:Provider|h=None]@ ; Enter>menuitem:Default model[menu×2|f=menuitem:Default model|h=None]@
webkit-light-desktop › session submenu → Home ⏎ with frames held,,held,session submenu → Home ⏎,,held,,ArrowRight Home Enter,Picked=default | none | @button:Session actions,1,0,ArrowRight>menuitem:Provider[menu×1|f=menuitem:Provider|h=None]@ ; Home>menuitem:Provider[menu×2|f=menuitem:Provider|h=None]@ ; Enter>menuitem:Default model[menu×2|f=menuitem:Default model|h=None]@
webkit-light-desktop › session submenu → End ⏎ with frames held,,held,session submenu → End ⏎,,held,,ArrowRight End Enter,Picked=delete | none | @button:Session actions,1,0,ArrowRight>menuitem:Provider[menu×1|f=menuitem:Provider|h=None]@ ; End>menuitem:Provider[menu×2|f=menuitem:Provider|h=None]@ ; Enter>menuitem:Delete[menu×2|f=menuitem:Delete|h=None]@
webkit-light-desktop › session submenu → Space with frames held,,held,session submenu → Space,,held,,ArrowRight Space,none | menu×2 | @menuitem:Codex,1,0,ArrowRight>menuitem:Provider[menu×1|f=menuitem:Provider|h=None]@ ; Space>menuitem:Provider[menu×2|f=menuitem:Provider|h=None]@
webkit-light-desktop › session submenu → ← with frames held,,held,session submenu → ←,,held,,ArrowRight ArrowLeft,none | menu×2 | @menuitem:Codex,1,0,ArrowRight>menuitem:Provider[menu×1|f=menuitem:Provider|h=None]@ ; ArrowLeft>menuitem:Provider[menu×2|f=menuitem:Provider|h=None]@
webkit-light-desktop › session submenu ⏎ ⏎ with frames held,,held,session submenu ⏎ ⏎,,held,,Enter Enter,none | menu×2 | @menuitem:Codex,1,0,Enter>menuitem:Provider[menu×1|f=menuitem:Provider|h=None]@ ; Enter>menuitem:Provider[menu×2|f=menuitem:Provider|h=None]@
webkit-light-desktop › session submenu ⏎ ↓ ⏎ with frames held,,held,session submenu ⏎ ↓ ⏎,,held,,Enter ArrowDown Enter,Picked=group | none | @button:Session actions,1,0,Enter>menuitem:Provider[menu×1|f=menuitem:Provider|h=None]@ ; ArrowDown>menuitem:Provider[menu×2|f=menuitem:Provider|h=None]@ ; Enter>menuitem:Group by tag[menu×2|f=menuitem:Group by tag|h=None]@
webkit-light-desktop › session submenu → Tab with frames held,,held,session submenu → Tab,,held,,ArrowRight Tab,none | menu×2 | @menuitem:Codex,1,0,ArrowRight>menuitem:Provider[menu×1|f=menuitem:Provider|h=None]@ ; Tab>menuitem:Provider[menu×2|f=menuitem:Provider|h=None]@
webkit-light-desktop › session submenu → Shift+Tab with frames held,,held,session submenu → Shift+Tab,,held,,ArrowRight Shift+Tab,none | none | @button:Session actions,1,0,ArrowRight>menuitem:Provider[menu×1|f=menuitem:Provider|h=None]@ ; Shift+Tab>menuitem:Provider[menu×2|f=menuitem:Provider|h=None]@
webkit-light-desktop › field submenu → ⏎ with frames held,,held,field submenu → ⏎,,held,,ArrowRight Enter,none | menu×2 | @menuitem:Codex,1,0,ArrowRight>menuitem:Provider[menu×1|f=menuitem:Provider|h=None]@ ; Enter>menuitem:Provider[menu×2|f=menuitem:Provider|h=None]@
webkit-light-desktop › field submenu → ↓ ⏎ with frames held,,held,field submenu → ↓ ⏎,,held,,ArrowRight ArrowDown Enter,Tag=true | menu×1 | @menuitemcheckbox:Important tag,1,0,ArrowRight>menuitem:Provider[menu×1|f=menuitem:Provider|h=None]@ ; ArrowDown>menuitem:Provider[menu×2|f=menuitem:Provider|h=None]@ ; Enter>menuitemcheckbox:Important tag[menu×2|f=menuitemcheckbox:Important tag|h=None]@
webkit-light-desktop › field submenu → ↑ ⏎ with frames held,,held,field submenu → ↑ ⏎,,held,,ArrowRight ArrowUp Enter,Action=default | none | @button:Session actions,1,0,ArrowRight>menuitem:Provider[menu×1|f=menuitem:Provider|h=None]@ ; ArrowUp>menuitem:Provider[menu×2|f=menuitem:Provider|h=None]@ ; Enter>menuitem:Default model[menu×2|f=menuitem:Default model|h=None]@
webkit-light-desktop › field submenu → Home ⏎ with frames held,,held,field submenu → Home ⏎,,held,,ArrowRight Home Enter,Action=default | none | @button:Session actions,1,0,ArrowRight>menuitem:Provider[menu×1|f=menuitem:Provider|h=None]@ ; Home>menuitem:Provider[menu×2|f=menuitem:Provider|h=None]@ ; Enter>menuitem:Default model[menu×2|f=menuitem:Default model|h=None]@
webkit-light-desktop › field submenu → End ⏎ with frames held,,held,field submenu → End ⏎,,held,,ArrowRight End Enter,Action=delete | none | @button:Session actions,1,0,ArrowRight>menuitem:Provider[menu×1|f=menuitem:Provider|h=None]@ ; End>menuitem:Provider[menu×2|f=menuitem:Provider|h=None]@ ; Enter>menuitem:Delete[menu×2|f=menuitem:Delete|h=None]@
webkit-light-desktop › field submenu → Space with frames held,,held,field submenu → Space,,held,,ArrowRight Space,none | menu×2 | @menuitem:Codex,1,0,ArrowRight>menuitem:Provider[menu×1|f=menuitem:Provider|h=None]@ ; Space>menuitem:Provider[menu×2|f=menuitem:Provider|h=None]@
webkit-light-desktop › field submenu → ← with frames held,,held,field submenu → ←,,held,,ArrowRight ArrowLeft,none | menu×2 | @menuitem:Codex,1,0,ArrowRight>menuitem:Provider[menu×1|f=menuitem:Provider|h=None]@ ; ArrowLeft>menuitem:Provider[menu×2|f=menuitem:Provider|h=None]@
webkit-light-desktop › field submenu ⏎ ⏎ with frames held,,held,field submenu ⏎ ⏎,,held,,Enter Enter,none | menu×2 | @menuitem:Codex,1,0,Enter>menuitem:Provider[menu×1|f=menuitem:Provider|h=None]@ ; Enter>menuitem:Provider[menu×2|f=menuitem:Provider|h=None]@
webkit-light-desktop › field submenu ⏎ ↓ ⏎ with frames held,,held,field submenu ⏎ ↓ ⏎,,held,,Enter ArrowDown Enter,Tag=true | menu×1 | @menuitemcheckbox:Important tag,1,0,Enter>menuitem:Provider[menu×1|f=menuitem:Provider|h=None]@ ; ArrowDown>menuitem:Provider[menu×2|f=menuitem:Provider|h=None]@ ; Enter>menuitemcheckbox:Important tag[menu×2|f=menuitemcheckbox:Important tag|h=None]@
webkit-light-desktop › field submenu → Tab with frames held,,held,field submenu → Tab,,held,,ArrowRight Tab,none | menu×2 | @menuitem:Codex,1,0,ArrowRight>menuitem:Provider[menu×1|f=menuitem:Provider|h=None]@ ; Tab>menuitem:Provider[menu×2|f=menuitem:Provider|h=None]@
webkit-light-desktop › field submenu → Shift+Tab with frames held,,held,field submenu → Shift+Tab,,held,,ArrowRight Shift+Tab,none | none | @button:Session actions,1,0,ArrowRight>menuitem:Provider[menu×1|f=menuitem:Provider|h=None]@ ; Shift+Tab>menuitem:Provider[menu×2|f=menuitem:Provider|h=None]@
webkit-light-desktop › menu ⏎ Tab with frames held,,held,menu ⏎ Tab,,held,,Enter Tab,none | menu×1 | @menuitem:File,1,0,Enter>button:Add attachment[none|f=button:Add attachment|h=None]@ ; Tab>button:Add attachment[menu×1|f=button:Add attachment|h=None]@
webkit-light-desktop › menu ⏎ Tab ⏎ with frames held,,held,menu ⏎ Tab ⏎,,held,,Enter Tab Enter,Action=file | none | @button:Add attachment,1,0,Enter>button:Add attachment[none|f=button:Add attachment|h=None]@ ; Tab>button:Add attachment[menu×1|f=button:Add attachment|h=None]@ ; Enter>menuitem:File[menu×1|f=menuitem:File|h=None]@
webkit-light-desktop › menu ⏎ Shift+Tab with frames held,,held,menu ⏎ Shift+Tab,,held,,Enter Shift+Tab,none | none | @body:lightSwitch themeOpen Di,1,0,Enter>button:Add attachment[none|f=button:Add attachment|h=None]@ ; Shift+Tab>button:Add attachment[menu×1|f=button:Add attachment|h=None]@
webkit-light-desktop › menu ↓ Tab with frames held,,held,menu ↓ Tab,,held,,ArrowDown Tab,none | menu×1 | @menuitem:File,1,0,ArrowDown>button:Add attachment[none|f=button:Add attachment|h=None]@ ; Tab>button:Add attachment[menu×1|f=button:Add attachment|h=None]@
webkit-light-desktop › select ↓ Tab with frames held,,held,select ↓ Tab,,held,,ArrowDown Tab,none | none | @button:Clear selection,1,0,ArrowDown>combobox:Expires[none|f=combobox:Expires|h=None]@ ; Tab>combobox:Expires[listbox×1|f=combobox:Expires|h=None]@
webkit-light-desktop › select ⏎ Tab with frames held,,held,select ⏎ Tab,,held,,Enter Tab,none | none | @button:Clear selection,1,0,Enter>combobox:Expires[none|f=combobox:Expires|h=None]@ ; Tab>combobox:Expires[listbox×1|f=combobox:Expires|h=None]@
webkit-light-desktop › select ↓ Shift+Tab with frames held,,held,select ↓ Shift+Tab,,held,,ArrowDown Shift+Tab,none | none | @button:Open legacy Modal,1,0,ArrowDown>combobox:Expires[none|f=combobox:Expires|h=None]@ ; Shift+Tab>combobox:Expires[listbox×1|f=combobox:Expires|h=None]@
webkit-light-desktop › sample select ↓ Tab with frames held,,held,sample select ↓ Tab,,held,,ArrowDown Tab,none | listbox×1 | @option:Never,1,0,ArrowDown>combobox:Sample choice[none|f=combobox:Sample choice|h=None]@ ; Tab>combobox:Sample choice[listbox×1|f=combobox:Sample choice|h=None]@
webkit-light-desktop › dialog ⏎ ⏎ with frames held,,held,dialog ⏎ ⏎,,held,,Enter Enter,none | dialog:Edit workspace | @dialog:Edit workspaceWorkspace ,1,0,Enter>button:Orbit dialog[none|f=button:Orbit dialog|h=None]@ ; Enter>button:Orbit dialog[dialog:Edit workspace|f=button:Orbit dialog|h=None]@
webkit-light-desktop › dialog ⏎ Tab with frames held,,held,dialog ⏎ Tab,,held,,Enter Tab,none | dialog:Edit workspace | @dialog:Edit workspaceWorkspace ,1,0,Enter>button:Orbit dialog[none|f=button:Orbit dialog|h=None]@ ; Tab>button:Orbit dialog[dialog:Edit workspace|f=button:Orbit dialog|h=None]@
webkit-light-desktop › dialog ⏎ Tab ⏎ with frames held,,held,dialog ⏎ Tab ⏎,,held,,Enter Tab Enter,none | dialog:Edit workspace | @button:Close,1,0,Enter>button:Orbit dialog[none|f=button:Orbit dialog|h=None]@ ; Tab>button:Orbit dialog[dialog:Edit workspace|f=button:Orbit dialog|h=None]@ ; Enter>button:AntD dialog[dialog:Edit workspace|f=button:AntD dialog|h=None]@
webkit-light-desktop › dialog ⏎ Shift+Tab with frames held,,held,dialog ⏎ Shift+Tab,,held,,Enter Shift+Tab,none | dialog:Edit workspace | @dialog:Edit workspaceWorkspace ,1,0,Enter>button:Orbit dialog[none|f=button:Orbit dialog|h=None]@ ; Shift+Tab>button:Orbit dialog[dialog:Edit workspace|f=button:Orbit dialog|h=None]@
webkit-light-desktop › dialog ⏎ Escape with frames held,,held,dialog ⏎ Escape,,held,,Enter Escape,none | none | @button:Orbit dialog,1,0,Enter>button:Orbit dialog[none|f=button:Orbit dialog|h=None]@ ; Escape>button:Orbit dialog[dialog:Edit workspace|f=button:Orbit dialog|h=None]@
webkit-light-desktop › confirm ⏎ ⏎ with frames held,,held,confirm ⏎ ⏎,,held,,Enter Enter,none | alertdialog:Delete runner? | @button:Cancel,1,0,Enter>button:Orbit confirm[none|f=button:Orbit confirm|h=None]@ ; Enter>button:Orbit confirm[alertdialog:Delete runner?|f=button:Orbit confirm|h=None]@
webkit-light-desktop › confirm ⏎ Space with frames held,,held,confirm ⏎ Space,,held,,Enter Space,none | alertdialog:Delete runner? | @button:Cancel,1,0,Enter>button:Orbit confirm[none|f=button:Orbit confirm|h=None]@ ; Space>button:Orbit confirm[alertdialog:Delete runner?|f=button:Orbit confirm|h=None]@
webkit-light-desktop › confirm ⏎ Tab with frames held,,held,confirm ⏎ Tab,,held,,Enter Tab,none | alertdialog:Delete runner? | @button:Cancel,1,0,Enter>button:Orbit confirm[none|f=button:Orbit confirm|h=None]@ ; Tab>button:Orbit confirm[alertdialog:Delete runner?|f=button:Orbit confirm|h=None]@
webkit-light-desktop › confirm ⏎ Tab ⏎ with frames held,,held,confirm ⏎ Tab ⏎,,held,,Enter Tab Enter,none | alertdialog:Delete runner?+dialog:Delete runner? | @button:Cancel,1,0,Enter>button:Orbit confirm[none|f=button:Orbit confirm|h=None]@ ; Tab>button:Orbit confirm[alertdialog:Delete runner?|f=button:Orbit confirm|h=None]@ ; Enter>button:AntD confirm[alertdialog:Delete runner?|f=button:AntD confirm|h=None]@
webkit-light-desktop › confirm ⏎ Escape with frames held,,held,confirm ⏎ Escape,,held,,Enter Escape,none | none | @button:Orbit confirm,1,0,Enter>button:Orbit confirm[none|f=button:Orbit confirm|h=None]@ ; Escape>button:Orbit confirm[alertdialog:Delete runner?|f=button:Orbit confirm|h=None]@
webkit-light-desktop › popconfirm ⏎ ⏎ (recorded) with frames held,,held,popconfirm ⏎ ⏎ (recorded),,held,,Enter Enter,none | none | @button:Delete task,1,0,Enter>button:Delete task[none|f=button:Delete task|h=None]@ ; Enter>button:Delete task[dialog:Delete this task?|f=button:Delete task|h=None]@
webkit-light-desktop › popconfirm ⏎ Space (recorded) with frames held,,held,popconfirm ⏎ Space (recorded),,held,,Enter Space,none | none | @button:Delete task,1,0,Enter>button:Delete task[none|f=button:Delete task|h=None]@ ; Space>button:Delete task[dialog:Delete this task?|f=button:Delete task|h=None]@
webkit-light-desktop › popconfirm ⏎ Escape (recorded) with frames held,,held,popconfirm ⏎ Escape (recorded),,held,,Enter Escape,none | none | @button:Delete task,1,0,Enter>button:Delete task[none|f=button:Delete task|h=None]@ ; Escape>button:Delete task[dialog:Delete this task?|f=button:Delete task|h=None]@
webkit-light-desktop › popconfirm ⏎ Tab (recorded) with frames held,,held,popconfirm ⏎ Tab (recorded),,held,,Enter Tab,none | dialog:Delete this task? | @button:Cancel,1,0,Enter>button:Delete task[none|f=button:Delete task|h=None]@ ; Tab>button:Delete task[dialog:Delete this task?|f=button:Delete task|h=None]@
webkit-light-desktop › popconfirm ⏎ Tab ⏎ (recorded) with frames held,,held,popconfirm ⏎ Tab ⏎ (recorded),,held,,Enter Tab Enter,Answer=cancelled | none | @button:Delete task,1,0,Enter>button:Delete task[none|f=button:Delete task|h=None]@ ; Tab>button:Delete task[dialog:Delete this task?|f=button:Delete task|h=None]@ ; Enter>button:Cancel[dialog:Delete this task?|f=button:Cancel|h=None]@
webkit-light-desktop › popconfirm ⏎ Shift+Tab (recorded) with frames held,,held,popconfirm ⏎ Shift+Tab (recorded),,held,,Enter Shift+Tab,none | none | @button:Switch theme,1,0,Enter>button:Delete task[none|f=button:Delete task|h=None]@ ; Shift+Tab>button:Delete task[dialog:Delete this task?|f=button:Delete task|h=None]@
webkit-light-phone › session submenu → ⏎ with frames held,,held,session submenu → ⏎,,held,,ArrowRight Enter,none | menu×2 | @menuitem:Codex,1,0,ArrowRight>menuitem:Provider[menu×1|f=menuitem:Provider|h=None]@ ; Enter>menuitem:Provider[menu×2|f=menuitem:Provider|h=None]@
webkit-light-phone › session submenu → ↓ ⏎ with frames held,,held,session submenu → ↓ ⏎,,held,,ArrowRight ArrowDown Enter,Picked=group | none | @button:Session actions,1,0,ArrowRight>menuitem:Provider[menu×1|f=menuitem:Provider|h=None]@ ; ArrowDown>menuitem:Provider[menu×2|f=menuitem:Provider|h=None]@ ; Enter>menuitem:Group by tag[menu×2|f=menuitem:Group by tag|h=None]@
webkit-light-phone › session submenu → ↑ ⏎ with frames held,,held,session submenu → ↑ ⏎,,held,,ArrowRight ArrowUp Enter,Picked=default | none | @button:Session actions,1,0,ArrowRight>menuitem:Provider[menu×1|f=menuitem:Provider|h=None]@ ; ArrowUp>menuitem:Provider[menu×2|f=menuitem:Provider|h=None]@ ; Enter>menuitem:Default model[menu×2|f=menuitem:Default model|h=None]@
webkit-light-phone › session submenu → Home ⏎ with frames held,,held,session submenu → Home ⏎,,held,,ArrowRight Home Enter,Picked=default | none | @button:Session actions,1,0,ArrowRight>menuitem:Provider[menu×1|f=menuitem:Provider|h=None]@ ; Home>menuitem:Provider[menu×2|f=menuitem:Provider|h=None]@ ; Enter>menuitem:Default model[menu×2|f=menuitem:Default model|h=None]@
webkit-light-phone › session submenu → End ⏎ with frames held,,held,session submenu → End ⏎,,held,,ArrowRight End Enter,Picked=delete | none | @button:Session actions,1,0,ArrowRight>menuitem:Provider[menu×1|f=menuitem:Provider|h=None]@ ; End>menuitem:Provider[menu×2|f=menuitem:Provider|h=None]@ ; Enter>menuitem:Delete[menu×2|f=menuitem:Delete|h=None]@
webkit-light-phone › session submenu → Space with frames held,,held,session submenu → Space,,held,,ArrowRight Space,none | menu×2 | @menuitem:Codex,1,0,ArrowRight>menuitem:Provider[menu×1|f=menuitem:Provider|h=None]@ ; Space>menuitem:Provider[menu×2|f=menuitem:Provider|h=None]@
webkit-light-phone › session submenu → ← with frames held,,held,session submenu → ←,,held,,ArrowRight ArrowLeft,none | menu×2 | @menuitem:Codex,1,0,ArrowRight>menuitem:Provider[menu×1|f=menuitem:Provider|h=None]@ ; ArrowLeft>menuitem:Provider[menu×2|f=menuitem:Provider|h=None]@
webkit-light-phone › session submenu ⏎ ⏎ with frames held,,held,session submenu ⏎ ⏎,,held,,Enter Enter,none | menu×2 | @menuitem:Codex,1,0,Enter>menuitem:Provider[menu×1|f=menuitem:Provider|h=None]@ ; Enter>menuitem:Provider[menu×2|f=menuitem:Provider|h=None]@
webkit-light-phone › session submenu ⏎ ↓ ⏎ with frames held,,held,session submenu ⏎ ↓ ⏎,,held,,Enter ArrowDown Enter,Picked=group | none | @button:Session actions,1,0,Enter>menuitem:Provider[menu×1|f=menuitem:Provider|h=None]@ ; ArrowDown>menuitem:Provider[menu×2|f=menuitem:Provider|h=None]@ ; Enter>menuitem:Group by tag[menu×2|f=menuitem:Group by tag|h=None]@
webkit-light-phone › session submenu → Tab with frames held,,held,session submenu → Tab,,held,,ArrowRight Tab,none | menu×2 | @menuitem:Codex,1,0,ArrowRight>menuitem:Provider[menu×1|f=menuitem:Provider|h=None]@ ; Tab>menuitem:Provider[menu×2|f=menuitem:Provider|h=None]@
webkit-light-phone › session submenu → Shift+Tab with frames held,,held,session submenu → Shift+Tab,,held,,ArrowRight Shift+Tab,none | none | @button:Session actions,1,0,ArrowRight>menuitem:Provider[menu×1|f=menuitem:Provider|h=None]@ ; Shift+Tab>menuitem:Provider[menu×2|f=menuitem:Provider|h=None]@
webkit-light-phone › field submenu → ⏎ with frames held,,held,field submenu → ⏎,,held,,ArrowRight Enter,none | menu×2 | @menuitem:Codex,1,0,ArrowRight>menuitem:Provider[menu×1|f=menuitem:Provider|h=None]@ ; Enter>menuitem:Provider[menu×2|f=menuitem:Provider|h=None]@
webkit-light-phone › field submenu → ↓ ⏎ with frames held,,held,field submenu → ↓ ⏎,,held,,ArrowRight ArrowDown Enter,Tag=true | menu×1 | @menuitemcheckbox:Important tag,1,0,ArrowRight>menuitem:Provider[menu×1|f=menuitem:Provider|h=None]@ ; ArrowDown>menuitem:Provider[menu×2|f=menuitem:Provider|h=None]@ ; Enter>menuitemcheckbox:Important tag[menu×2|f=menuitemcheckbox:Important tag|h=None]@
webkit-light-phone › field submenu → ↑ ⏎ with frames held,,held,field submenu → ↑ ⏎,,held,,ArrowRight ArrowUp Enter,Action=default | none | @button:Session actions,1,0,ArrowRight>menuitem:Provider[menu×1|f=menuitem:Provider|h=None]@ ; ArrowUp>menuitem:Provider[menu×2|f=menuitem:Provider|h=None]@ ; Enter>menuitem:Default model[menu×2|f=menuitem:Default model|h=None]@
webkit-light-phone › field submenu → Home ⏎ with frames held,,held,field submenu → Home ⏎,,held,,ArrowRight Home Enter,Action=default | none | @button:Session actions,1,0,ArrowRight>menuitem:Provider[menu×1|f=menuitem:Provider|h=None]@ ; Home>menuitem:Provider[menu×2|f=menuitem:Provider|h=None]@ ; Enter>menuitem:Default model[menu×2|f=menuitem:Default model|h=None]@
webkit-light-phone › field submenu → End ⏎ with frames held,,held,field submenu → End ⏎,,held,,ArrowRight End Enter,Action=delete | none | @button:Session actions,1,0,ArrowRight>menuitem:Provider[menu×1|f=menuitem:Provider|h=None]@ ; End>menuitem:Provider[menu×2|f=menuitem:Provider|h=None]@ ; Enter>menuitem:Delete[menu×2|f=menuitem:Delete|h=None]@
webkit-light-phone › field submenu → Space with frames held,,held,field submenu → Space,,held,,ArrowRight Space,none | menu×2 | @menuitem:Codex,1,0,ArrowRight>menuitem:Provider[menu×1|f=menuitem:Provider|h=None]@ ; Space>menuitem:Provider[menu×2|f=menuitem:Provider|h=None]@
webkit-light-phone › field submenu → ← with frames held,,held,field submenu → ←,,held,,ArrowRight ArrowLeft,none | menu×2 | @menuitem:Codex,1,0,ArrowRight>menuitem:Provider[menu×1|f=menuitem:Provider|h=None]@ ; ArrowLeft>menuitem:Provider[menu×2|f=menuitem:Provider|h=None]@
webkit-light-phone › field submenu ⏎ ⏎ with frames held,,held,field submenu ⏎ ⏎,,held,,Enter Enter,none | menu×2 | @menuitem:Codex,1,0,Enter>menuitem:Provider[menu×1|f=menuitem:Provider|h=None]@ ; Enter>menuitem:Provider[menu×2|f=menuitem:Provider|h=None]@
webkit-light-phone › field submenu ⏎ ↓ ⏎ with frames held,,held,field submenu ⏎ ↓ ⏎,,held,,Enter ArrowDown Enter,Tag=true | menu×1 | @menuitemcheckbox:Important tag,1,0,Enter>menuitem:Provider[menu×1|f=menuitem:Provider|h=None]@ ; ArrowDown>menuitem:Provider[menu×2|f=menuitem:Provider|h=None]@ ; Enter>menuitemcheckbox:Important tag[menu×2|f=menuitemcheckbox:Important tag|h=None]@
webkit-light-phone › field submenu → Tab with frames held,,held,field submenu → Tab,,held,,ArrowRight Tab,none | menu×2 | @menuitem:Codex,1,0,ArrowRight>menuitem:Provider[menu×1|f=menuitem:Provider|h=None]@ ; Tab>menuitem:Provider[menu×2|f=menuitem:Provider|h=None]@
webkit-light-phone › field submenu → Shift+Tab with frames held,,held,field submenu → Shift+Tab,,held,,ArrowRight Shift+Tab,none | none | @button:Session actions,1,0,ArrowRight>menuitem:Provider[menu×1|f=menuitem:Provider|h=None]@ ; Shift+Tab>menuitem:Provider[menu×2|f=menuitem:Provider|h=None]@
webkit-light-phone › menu ⏎ Tab with frames held,,held,menu ⏎ Tab,,held,,Enter Tab,none | menu×1 | @menuitem:File,1,0,Enter>button:Add attachment[none|f=button:Add attachment|h=None]@ ; Tab>button:Add attachment[menu×1|f=button:Add attachment|h=None]@
webkit-light-phone › menu ⏎ Tab ⏎ with frames held,,held,menu ⏎ Tab ⏎,,held,,Enter Tab Enter,Action=file | none | @button:Add attachment,1,0,Enter>button:Add attachment[none|f=button:Add attachment|h=None]@ ; Tab>button:Add attachment[menu×1|f=button:Add attachment|h=None]@ ; Enter>menuitem:File[menu×1|f=menuitem:File|h=None]@
webkit-light-phone › menu ⏎ Shift+Tab with frames held,,held,menu ⏎ Shift+Tab,,held,,Enter Shift+Tab,none | none | @body:lightSwitch themeOpen Di,1,0,Enter>button:Add attachment[none|f=button:Add attachment|h=None]@ ; Shift+Tab>button:Add attachment[menu×1|f=button:Add attachment|h=None]@
webkit-light-phone › menu ↓ Tab with frames held,,held,menu ↓ Tab,,held,,ArrowDown Tab,none | menu×1 | @menuitem:File,1,0,ArrowDown>button:Add attachment[none|f=button:Add attachment|h=None]@ ; Tab>button:Add attachment[menu×1|f=button:Add attachment|h=None]@
webkit-light-phone › select ↓ Tab with frames held,,held,select ↓ Tab,,held,,ArrowDown Tab,none | none | @button:Clear selection,1,0,ArrowDown>combobox:Expires[none|f=combobox:Expires|h=None]@ ; Tab>combobox:Expires[listbox×1|f=combobox:Expires|h=None]@
webkit-light-phone › select ⏎ Tab with frames held,,held,select ⏎ Tab,,held,,Enter Tab,none | none | @button:Clear selection,1,0,Enter>combobox:Expires[none|f=combobox:Expires|h=None]@ ; Tab>combobox:Expires[listbox×1|f=combobox:Expires|h=None]@
webkit-light-phone › select ↓ Shift+Tab with frames held,,held,select ↓ Shift+Tab,,held,,ArrowDown Shift+Tab,none | none | @button:Open legacy Modal,1,0,ArrowDown>combobox:Expires[none|f=combobox:Expires|h=None]@ ; Shift+Tab>combobox:Expires[listbox×1|f=combobox:Expires|h=None]@
webkit-light-phone › sample select ↓ Tab with frames held,,held,sample select ↓ Tab,,held,,ArrowDown Tab,none | listbox×1 | @option:Never,1,0,ArrowDown>combobox:Sample choice[none|f=combobox:Sample choice|h=None]@ ; Tab>combobox:Sample choice[listbox×1|f=combobox:Sample choice|h=None]@
webkit-light-phone › dialog ⏎ ⏎ with frames held,,held,dialog ⏎ ⏎,,held,,Enter Enter,none | dialog:Edit workspace | @dialog:Edit workspaceWorkspace ,1,0,Enter>button:Orbit dialog[none|f=button:Orbit dialog|h=None]@ ; Enter>button:Orbit dialog[dialog:Edit workspace|f=button:Orbit dialog|h=None]@
webkit-light-phone › dialog ⏎ Tab with frames held,,held,dialog ⏎ Tab,,held,,Enter Tab,none | dialog:Edit workspace | @dialog:Edit workspaceWorkspace ,1,0,Enter>button:Orbit dialog[none|f=button:Orbit dialog|h=None]@ ; Tab>button:Orbit dialog[dialog:Edit workspace|f=button:Orbit dialog|h=None]@
webkit-light-phone › dialog ⏎ Tab ⏎ with frames held,,held,dialog ⏎ Tab ⏎,,held,,Enter Tab Enter,none | dialog:Edit workspace | @button:Close,1,0,Enter>button:Orbit dialog[none|f=button:Orbit dialog|h=None]@ ; Tab>button:Orbit dialog[dialog:Edit workspace|f=button:Orbit dialog|h=None]@ ; Enter>button:AntD dialog[dialog:Edit workspace|f=button:AntD dialog|h=None]@
webkit-light-phone › dialog ⏎ Shift+Tab with frames held,,held,dialog ⏎ Shift+Tab,,held,,Enter Shift+Tab,none | dialog:Edit workspace | @dialog:Edit workspaceWorkspace ,1,0,Enter>button:Orbit dialog[none|f=button:Orbit dialog|h=None]@ ; Shift+Tab>button:Orbit dialog[dialog:Edit workspace|f=button:Orbit dialog|h=None]@
webkit-light-phone › dialog ⏎ Escape with frames held,,held,dialog ⏎ Escape,,held,,Enter Escape,none | none | @button:Orbit dialog,1,0,Enter>button:Orbit dialog[none|f=button:Orbit dialog|h=None]@ ; Escape>button:Orbit dialog[dialog:Edit workspace|f=button:Orbit dialog|h=None]@
webkit-light-phone › confirm ⏎ ⏎ with frames held,,held,confirm ⏎ ⏎,,held,,Enter Enter,none | alertdialog:Delete runner? | @button:Cancel,1,0,Enter>button:Orbit confirm[none|f=button:Orbit confirm|h=None]@ ; Enter>button:Orbit confirm[alertdialog:Delete runner?|f=button:Orbit confirm|h=None]@
webkit-light-phone › confirm ⏎ Space with frames held,,held,confirm ⏎ Space,,held,,Enter Space,none | alertdialog:Delete runner? | @button:Cancel,1,0,Enter>button:Orbit confirm[none|f=button:Orbit confirm|h=None]@ ; Space>button:Orbit confirm[alertdialog:Delete runner?|f=button:Orbit confirm|h=None]@
webkit-light-phone › confirm ⏎ Tab with frames held,,held,confirm ⏎ Tab,,held,,Enter Tab,none | alertdialog:Delete runner? | @button:Cancel,1,0,Enter>button:Orbit confirm[none|f=button:Orbit confirm|h=None]@ ; Tab>button:Orbit confirm[alertdialog:Delete runner?|f=button:Orbit confirm|h=None]@
webkit-light-phone › confirm ⏎ Tab ⏎ with frames held,,held,confirm ⏎ Tab ⏎,,held,,Enter Tab Enter,none | alertdialog:Delete runner?+dialog:Delete runner? | @button:Cancel,1,0,Enter>button:Orbit confirm[none|f=button:Orbit confirm|h=None]@ ; Tab>button:Orbit confirm[alertdialog:Delete runner?|f=button:Orbit confirm|h=None]@ ; Enter>button:AntD confirm[alertdialog:Delete runner?|f=button:AntD confirm|h=None]@
webkit-light-phone › confirm ⏎ Escape with frames held,,held,confirm ⏎ Escape,,held,,Enter Escape,none | none | @button:Orbit confirm,1,0,Enter>button:Orbit confirm[none|f=button:Orbit confirm|h=None]@ ; Escape>button:Orbit confirm[alertdialog:Delete runner?|f=button:Orbit confirm|h=None]@
webkit-light-phone › popconfirm ⏎ ⏎ (recorded) with frames held,,held,popconfirm ⏎ ⏎ (recorded),,held,,Enter Enter,none | none | @button:Delete task,1,0,Enter>button:Delete task[none|f=button:Delete task|h=None]@ ; Enter>button:Delete task[dialog:Delete this task?|f=button:Delete task|h=None]@
webkit-light-phone › popconfirm ⏎ Space (recorded) with frames held,,held,popconfirm ⏎ Space (recorded),,held,,Enter Space,none | none | @button:Delete task,1,0,Enter>button:Delete task[none|f=button:Delete task|h=None]@ ; Space>button:Delete task[dialog:Delete this task?|f=button:Delete task|h=None]@
webkit-light-phone › popconfirm ⏎ Escape (recorded) with frames held,,held,popconfirm ⏎ Escape (recorded),,held,,Enter Escape,none | none | @button:Delete task,1,0,Enter>button:Delete task[none|f=button:Delete task|h=None]@ ; Escape>button:Delete task[dialog:Delete this task?|f=button:Delete task|h=None]@
webkit-light-phone › popconfirm ⏎ Tab (recorded) with frames held,,held,popconfirm ⏎ Tab (recorded),,held,,Enter Tab,none | dialog:Delete this task? | @button:Cancel,1,0,Enter>button:Delete task[none|f=button:Delete task|h=None]@ ; Tab>button:Delete task[dialog:Delete this task?|f=button:Delete task|h=None]@
webkit-light-phone › popconfirm ⏎ Tab ⏎ (recorded) with frames held,,held,popconfirm ⏎ Tab ⏎ (recorded),,held,,Enter Tab Enter,Answer=cancelled | none | @button:Delete task,1,0,Enter>button:Delete task[none|f=button:Delete task|h=None]@ ; Tab>button:Delete task[dialog:Delete this task?|f=button:Delete task|h=None]@ ; Enter>button:Cancel[dialog:Delete this task?|f=button:Cancel|h=None]@
webkit-light-phone › popconfirm ⏎ Shift+Tab (recorded) with frames held,,held,popconfirm ⏎ Shift+Tab (recorded),,held,,Enter Shift+Tab,none | none | @button:Switch theme,1,0,Enter>button:Delete task[none|f=button:Delete task|h=None]@ ; Shift+Tab>button:Delete task[dialog:Delete this task?|f=button:Delete task|h=None]@
webkit-dark-desktop › session submenu → ⏎ with frames held,,held,session submenu → ⏎,,held,,ArrowRight Enter,none | menu×2 | @menuitem:Codex,1,0,ArrowRight>menuitem:Provider[menu×1|f=menuitem:Provider|h=None]@ ; Enter>menuitem:Provider[menu×2|f=menuitem:Provider|h=None]@
webkit-dark-desktop › session submenu → ↓ ⏎ with frames held,,held,session submenu → ↓ ⏎,,held,,ArrowRight ArrowDown Enter,Picked=group | none | @button:Session actions,1,0,ArrowRight>menuitem:Provider[menu×1|f=menuitem:Provider|h=None]@ ; ArrowDown>menuitem:Provider[menu×2|f=menuitem:Provider|h=None]@ ; Enter>menuitem:Group by tag[menu×2|f=menuitem:Group by tag|h=None]@
webkit-dark-desktop › session submenu → ↑ ⏎ with frames held,,held,session submenu → ↑ ⏎,,held,,ArrowRight ArrowUp Enter,Picked=default | none | @button:Session actions,1,0,ArrowRight>menuitem:Provider[menu×1|f=menuitem:Provider|h=None]@ ; ArrowUp>menuitem:Provider[menu×2|f=menuitem:Provider|h=None]@ ; Enter>menuitem:Default model[menu×2|f=menuitem:Default model|h=None]@
webkit-dark-desktop › session submenu → Home ⏎ with frames held,,held,session submenu → Home ⏎,,held,,ArrowRight Home Enter,Picked=default | none | @button:Session actions,1,0,ArrowRight>menuitem:Provider[menu×1|f=menuitem:Provider|h=None]@ ; Home>menuitem:Provider[menu×2|f=menuitem:Provider|h=None]@ ; Enter>menuitem:Default model[menu×2|f=menuitem:Default model|h=None]@
webkit-dark-desktop › session submenu → End ⏎ with frames held,,held,session submenu → End ⏎,,held,,ArrowRight End Enter,Picked=delete | none | @button:Session actions,1,0,ArrowRight>menuitem:Provider[menu×1|f=menuitem:Provider|h=None]@ ; End>menuitem:Provider[menu×2|f=menuitem:Provider|h=None]@ ; Enter>menuitem:Delete[menu×2|f=menuitem:Delete|h=None]@
webkit-dark-desktop › session submenu → Space with frames held,,held,session submenu → Space,,held,,ArrowRight Space,none | menu×2 | @menuitem:Codex,1,0,ArrowRight>menuitem:Provider[menu×1|f=menuitem:Provider|h=None]@ ; Space>menuitem:Provider[menu×2|f=menuitem:Provider|h=None]@
webkit-dark-desktop › session submenu → ← with frames held,,held,session submenu → ←,,held,,ArrowRight ArrowLeft,none | menu×2 | @menuitem:Codex,1,0,ArrowRight>menuitem:Provider[menu×1|f=menuitem:Provider|h=None]@ ; ArrowLeft>menuitem:Provider[menu×2|f=menuitem:Provider|h=None]@
webkit-dark-desktop › session submenu ⏎ ⏎ with frames held,,held,session submenu ⏎ ⏎,,held,,Enter Enter,none | menu×2 | @menuitem:Codex,1,0,Enter>menuitem:Provider[menu×1|f=menuitem:Provider|h=None]@ ; Enter>menuitem:Provider[menu×2|f=menuitem:Provider|h=None]@
webkit-dark-desktop › session submenu ⏎ ↓ ⏎ with frames held,,held,session submenu ⏎ ↓ ⏎,,held,,Enter ArrowDown Enter,Picked=group | none | @button:Session actions,1,0,Enter>menuitem:Provider[menu×1|f=menuitem:Provider|h=None]@ ; ArrowDown>menuitem:Provider[menu×2|f=menuitem:Provider|h=None]@ ; Enter>menuitem:Group by tag[menu×2|f=menuitem:Group by tag|h=None]@
webkit-dark-desktop › session submenu → Tab with frames held,,held,session submenu → Tab,,held,,ArrowRight Tab,none | menu×2 | @menuitem:Codex,1,0,ArrowRight>menuitem:Provider[menu×1|f=menuitem:Provider|h=None]@ ; Tab>menuitem:Provider[menu×2|f=menuitem:Provider|h=None]@
webkit-dark-desktop › session submenu → Shift+Tab with frames held,,held,session submenu → Shift+Tab,,held,,ArrowRight Shift+Tab,none | none | @button:Session actions,1,0,ArrowRight>menuitem:Provider[menu×1|f=menuitem:Provider|h=None]@ ; Shift+Tab>menuitem:Provider[menu×2|f=menuitem:Provider|h=None]@
webkit-dark-desktop › field submenu → ⏎ with frames held,,held,field submenu → ⏎,,held,,ArrowRight Enter,none | menu×2 | @menuitem:Codex,1,0,ArrowRight>menuitem:Provider[menu×1|f=menuitem:Provider|h=None]@ ; Enter>menuitem:Provider[menu×2|f=menuitem:Provider|h=None]@
webkit-dark-desktop › field submenu → ↓ ⏎ with frames held,,held,field submenu → ↓ ⏎,,held,,ArrowRight ArrowDown Enter,Tag=true | menu×1 | @menuitemcheckbox:Important tag,1,0,ArrowRight>menuitem:Provider[menu×1|f=menuitem:Provider|h=None]@ ; ArrowDown>menuitem:Provider[menu×2|f=menuitem:Provider|h=None]@ ; Enter>menuitemcheckbox:Important tag[menu×2|f=menuitemcheckbox:Important tag|h=None]@
webkit-dark-desktop › field submenu → ↑ ⏎ with frames held,,held,field submenu → ↑ ⏎,,held,,ArrowRight ArrowUp Enter,Action=default | none | @button:Session actions,1,0,ArrowRight>menuitem:Provider[menu×1|f=menuitem:Provider|h=None]@ ; ArrowUp>menuitem:Provider[menu×2|f=menuitem:Provider|h=None]@ ; Enter>menuitem:Default model[menu×2|f=menuitem:Default model|h=None]@
webkit-dark-desktop › field submenu → Home ⏎ with frames held,,held,field submenu → Home ⏎,,held,,ArrowRight Home Enter,Action=default | none | @button:Session actions,1,0,ArrowRight>menuitem:Provider[menu×1|f=menuitem:Provider|h=None]@ ; Home>menuitem:Provider[menu×2|f=menuitem:Provider|h=None]@ ; Enter>menuitem:Default model[menu×2|f=menuitem:Default model|h=None]@
webkit-dark-desktop › field submenu → End ⏎ with frames held,,held,field submenu → End ⏎,,held,,ArrowRight End Enter,Action=delete | none | @button:Session actions,1,0,ArrowRight>menuitem:Provider[menu×1|f=menuitem:Provider|h=None]@ ; End>menuitem:Provider[menu×2|f=menuitem:Provider|h=None]@ ; Enter>menuitem:Delete[menu×2|f=menuitem:Delete|h=None]@
webkit-dark-desktop › field submenu → Space with frames held,,held,field submenu → Space,,held,,ArrowRight Space,none | menu×2 | @menuitem:Codex,1,0,ArrowRight>menuitem:Provider[menu×1|f=menuitem:Provider|h=None]@ ; Space>menuitem:Provider[menu×2|f=menuitem:Provider|h=None]@
webkit-dark-desktop › field submenu → ← with frames held,,held,field submenu → ←,,held,,ArrowRight ArrowLeft,none | menu×2 | @menuitem:Codex,1,0,ArrowRight>menuitem:Provider[menu×1|f=menuitem:Provider|h=None]@ ; ArrowLeft>menuitem:Provider[menu×2|f=menuitem:Provider|h=None]@
webkit-dark-desktop › field submenu ⏎ ⏎ with frames held,,held,field submenu ⏎ ⏎,,held,,Enter Enter,none | menu×2 | @menuitem:Codex,1,0,Enter>menuitem:Provider[menu×1|f=menuitem:Provider|h=None]@ ; Enter>menuitem:Provider[menu×2|f=menuitem:Provider|h=None]@
webkit-dark-desktop › field submenu ⏎ ↓ ⏎ with frames held,,held,field submenu ⏎ ↓ ⏎,,held,,Enter ArrowDown Enter,Tag=true | menu×1 | @menuitemcheckbox:Important tag,1,0,Enter>menuitem:Provider[menu×1|f=menuitem:Provider|h=None]@ ; ArrowDown>menuitem:Provider[menu×2|f=menuitem:Provider|h=None]@ ; Enter>menuitemcheckbox:Important tag[menu×2|f=menuitemcheckbox:Important tag|h=None]@
webkit-dark-desktop › field submenu → Tab with frames held,,held,field submenu → Tab,,held,,ArrowRight Tab,none | menu×2 | @menuitem:Codex,1,0,ArrowRight>menuitem:Provider[menu×1|f=menuitem:Provider|h=None]@ ; Tab>menuitem:Provider[menu×2|f=menuitem:Provider|h=None]@
webkit-dark-desktop › field submenu → Shift+Tab with frames held,,held,field submenu → Shift+Tab,,held,,ArrowRight Shift+Tab,none | none | @button:Session actions,1,0,ArrowRight>menuitem:Provider[menu×1|f=menuitem:Provider|h=None]@ ; Shift+Tab>menuitem:Provider[menu×2|f=menuitem:Provider|h=None]@
webkit-dark-desktop › menu ⏎ Tab with frames held,,held,menu ⏎ Tab,,held,,Enter Tab,none | menu×1 | @menuitem:File,1,0,Enter>button:Add attachment[none|f=button:Add attachment|h=None]@ ; Tab>button:Add attachment[menu×1|f=button:Add attachment|h=None]@
webkit-dark-desktop › menu ⏎ Tab ⏎ with frames held,,held,menu ⏎ Tab ⏎,,held,,Enter Tab Enter,Action=file | none | @button:Add attachment,1,0,Enter>button:Add attachment[none|f=button:Add attachment|h=None]@ ; Tab>button:Add attachment[menu×1|f=button:Add attachment|h=None]@ ; Enter>menuitem:File[menu×1|f=menuitem:File|h=None]@
webkit-dark-desktop › menu ⏎ Shift+Tab with frames held,,held,menu ⏎ Shift+Tab,,held,,Enter Shift+Tab,none | none | @body:darkSwitch themeOpen Dia,1,0,Enter>button:Add attachment[none|f=button:Add attachment|h=None]@ ; Shift+Tab>button:Add attachment[menu×1|f=button:Add attachment|h=None]@
webkit-dark-desktop › menu ↓ Tab with frames held,,held,menu ↓ Tab,,held,,ArrowDown Tab,none | menu×1 | @menuitem:File,1,0,ArrowDown>button:Add attachment[none|f=button:Add attachment|h=None]@ ; Tab>button:Add attachment[menu×1|f=button:Add attachment|h=None]@
webkit-dark-desktop › select ↓ Tab with frames held,,held,select ↓ Tab,,held,,ArrowDown Tab,none | none | @button:Clear selection,1,0,ArrowDown>combobox:Expires[none|f=combobox:Expires|h=None]@ ; Tab>combobox:Expires[listbox×1|f=combobox:Expires|h=None]@
webkit-dark-desktop › select ⏎ Tab with frames held,,held,select ⏎ Tab,,held,,Enter Tab,none | none | @button:Clear selection,1,0,Enter>combobox:Expires[none|f=combobox:Expires|h=None]@ ; Tab>combobox:Expires[listbox×1|f=combobox:Expires|h=None]@
webkit-dark-desktop › select ↓ Shift+Tab with frames held,,held,select ↓ Shift+Tab,,held,,ArrowDown Shift+Tab,none | none | @button:Open legacy Modal,1,0,ArrowDown>combobox:Expires[none|f=combobox:Expires|h=None]@ ; Shift+Tab>combobox:Expires[listbox×1|f=combobox:Expires|h=None]@
webkit-dark-desktop › sample select ↓ Tab with frames held,,held,sample select ↓ Tab,,held,,ArrowDown Tab,none | listbox×1 | @option:Never,1,0,ArrowDown>combobox:Sample choice[none|f=combobox:Sample choice|h=None]@ ; Tab>combobox:Sample choice[listbox×1|f=combobox:Sample choice|h=None]@
webkit-dark-desktop › dialog ⏎ ⏎ with frames held,,held,dialog ⏎ ⏎,,held,,Enter Enter,none | dialog:Edit workspace | @dialog:Edit workspaceWorkspace ,1,0,Enter>button:Orbit dialog[none|f=button:Orbit dialog|h=None]@ ; Enter>button:Orbit dialog[dialog:Edit workspace|f=button:Orbit dialog|h=None]@
webkit-dark-desktop › dialog ⏎ Tab with frames held,,held,dialog ⏎ Tab,,held,,Enter Tab,none | dialog:Edit workspace | @dialog:Edit workspaceWorkspace ,1,0,Enter>button:Orbit dialog[none|f=button:Orbit dialog|h=None]@ ; Tab>button:Orbit dialog[dialog:Edit workspace|f=button:Orbit dialog|h=None]@
webkit-dark-desktop › dialog ⏎ Tab ⏎ with frames held,,held,dialog ⏎ Tab ⏎,,held,,Enter Tab Enter,none | dialog:Edit workspace | @button:Close,1,0,Enter>button:Orbit dialog[none|f=button:Orbit dialog|h=None]@ ; Tab>button:Orbit dialog[dialog:Edit workspace|f=button:Orbit dialog|h=None]@ ; Enter>button:AntD dialog[dialog:Edit workspace|f=button:AntD dialog|h=None]@
webkit-dark-desktop › dialog ⏎ Shift+Tab with frames held,,held,dialog ⏎ Shift+Tab,,held,,Enter Shift+Tab,none | dialog:Edit workspace | @dialog:Edit workspaceWorkspace ,1,0,Enter>button:Orbit dialog[none|f=button:Orbit dialog|h=None]@ ; Shift+Tab>button:Orbit dialog[dialog:Edit workspace|f=button:Orbit dialog|h=None]@
webkit-dark-desktop › dialog ⏎ Escape with frames held,,held,dialog ⏎ Escape,,held,,Enter Escape,none | none | @button:Orbit dialog,1,0,Enter>button:Orbit dialog[none|f=button:Orbit dialog|h=None]@ ; Escape>button:Orbit dialog[dialog:Edit workspace|f=button:Orbit dialog|h=None]@
webkit-dark-desktop › confirm ⏎ ⏎ with frames held,,held,confirm ⏎ ⏎,,held,,Enter Enter,none | alertdialog:Delete runner? | @button:Cancel,1,0,Enter>button:Orbit confirm[none|f=button:Orbit confirm|h=None]@ ; Enter>button:Orbit confirm[alertdialog:Delete runner?|f=button:Orbit confirm|h=None]@
webkit-dark-desktop › confirm ⏎ Space with frames held,,held,confirm ⏎ Space,,held,,Enter Space,none | alertdialog:Delete runner? | @button:Cancel,1,0,Enter>button:Orbit confirm[none|f=button:Orbit confirm|h=None]@ ; Space>button:Orbit confirm[alertdialog:Delete runner?|f=button:Orbit confirm|h=None]@
webkit-dark-desktop › confirm ⏎ Tab with frames held,,held,confirm ⏎ Tab,,held,,Enter Tab,none | alertdialog:Delete runner? | @button:Cancel,1,0,Enter>button:Orbit confirm[none|f=button:Orbit confirm|h=None]@ ; Tab>button:Orbit confirm[alertdialog:Delete runner?|f=button:Orbit confirm|h=None]@
webkit-dark-desktop › confirm ⏎ Tab ⏎ with frames held,,held,confirm ⏎ Tab ⏎,,held,,Enter Tab Enter,none | alertdialog:Delete runner?+dialog:Delete runner? | @button:Cancel,1,0,Enter>button:Orbit confirm[none|f=button:Orbit confirm|h=None]@ ; Tab>button:Orbit confirm[alertdialog:Delete runner?|f=button:Orbit confirm|h=None]@ ; Enter>button:AntD confirm[alertdialog:Delete runner?|f=button:AntD confirm|h=None]@
webkit-dark-desktop › confirm ⏎ Escape with frames held,,held,confirm ⏎ Escape,,held,,Enter Escape,none | none | @button:Orbit confirm,1,0,Enter>button:Orbit confirm[none|f=button:Orbit confirm|h=None]@ ; Escape>button:Orbit confirm[alertdialog:Delete runner?|f=button:Orbit confirm|h=None]@
webkit-dark-desktop › popconfirm ⏎ ⏎ (recorded) with frames held,,held,popconfirm ⏎ ⏎ (recorded),,held,,Enter Enter,none | none | @button:Delete task,1,0,Enter>button:Delete task[none|f=button:Delete task|h=None]@ ; Enter>button:Delete task[dialog:Delete this task?|f=button:Delete task|h=None]@
webkit-dark-desktop › popconfirm ⏎ Space (recorded) with frames held,,held,popconfirm ⏎ Space (recorded),,held,,Enter Space,none | none | @button:Delete task,1,0,Enter>button:Delete task[none|f=button:Delete task|h=None]@ ; Space>button:Delete task[dialog:Delete this task?|f=button:Delete task|h=None]@
webkit-dark-desktop › popconfirm ⏎ Escape (recorded) with frames held,,held,popconfirm ⏎ Escape (recorded),,held,,Enter Escape,none | none | @button:Delete task,1,0,Enter>button:Delete task[none|f=button:Delete task|h=None]@ ; Escape>button:Delete task[dialog:Delete this task?|f=button:Delete task|h=None]@
webkit-dark-desktop › popconfirm ⏎ Tab (recorded) with frames held,,held,popconfirm ⏎ Tab (recorded),,held,,Enter Tab,none | dialog:Delete this task? | @button:Cancel,1,0,Enter>button:Delete task[none|f=button:Delete task|h=None]@ ; Tab>button:Delete task[dialog:Delete this task?|f=button:Delete task|h=None]@
webkit-dark-desktop › popconfirm ⏎ Tab ⏎ (recorded) with frames held,,held,popconfirm ⏎ Tab ⏎ (recorded),,held,,Enter Tab Enter,Answer=cancelled | none | @button:Delete task,1,0,Enter>button:Delete task[none|f=button:Delete task|h=None]@ ; Tab>button:Delete task[dialog:Delete this task?|f=button:Delete task|h=None]@ ; Enter>button:Cancel[dialog:Delete this task?|f=button:Cancel|h=None]@
webkit-dark-desktop › popconfirm ⏎ Shift+Tab (recorded) with frames held,,held,popconfirm ⏎ Shift+Tab (recorded),,held,,Enter Shift+Tab,none | none | @button:Switch theme,1,0,Enter>button:Delete task[none|f=button:Delete task|h=None]@ ; Shift+Tab>button:Delete task[dialog:Delete this task?|f=button:Delete task|h=None]@
webkit-dark-phone › session submenu → ⏎ with frames held,,held,session submenu → ⏎,,held,,ArrowRight Enter,none | menu×2 | @menuitem:Codex,1,0,ArrowRight>menuitem:Provider[menu×1|f=menuitem:Provider|h=None]@ ; Enter>menuitem:Provider[menu×2|f=menuitem:Provider|h=None]@
webkit-dark-phone › session submenu → ↓ ⏎ with frames held,,held,session submenu → ↓ ⏎,,held,,ArrowRight ArrowDown Enter,Picked=group | none | @button:Session actions,1,0,ArrowRight>menuitem:Provider[menu×1|f=menuitem:Provider|h=None]@ ; ArrowDown>menuitem:Provider[menu×2|f=menuitem:Provider|h=None]@ ; Enter>menuitem:Group by tag[menu×2|f=menuitem:Group by tag|h=None]@
webkit-dark-phone › session submenu → ↑ ⏎ with frames held,,held,session submenu → ↑ ⏎,,held,,ArrowRight ArrowUp Enter,Picked=default | none | @button:Session actions,1,0,ArrowRight>menuitem:Provider[menu×1|f=menuitem:Provider|h=None]@ ; ArrowUp>menuitem:Provider[menu×2|f=menuitem:Provider|h=None]@ ; Enter>menuitem:Default model[menu×2|f=menuitem:Default model|h=None]@
webkit-dark-phone › session submenu → Home ⏎ with frames held,,held,session submenu → Home ⏎,,held,,ArrowRight Home Enter,Picked=default | none | @button:Session actions,1,0,ArrowRight>menuitem:Provider[menu×1|f=menuitem:Provider|h=None]@ ; Home>menuitem:Provider[menu×2|f=menuitem:Provider|h=None]@ ; Enter>menuitem:Default model[menu×2|f=menuitem:Default model|h=None]@
webkit-dark-phone › session submenu → End ⏎ with frames held,,held,session submenu → End ⏎,,held,,ArrowRight End Enter,Picked=delete | none | @button:Session actions,1,0,ArrowRight>menuitem:Provider[menu×1|f=menuitem:Provider|h=None]@ ; End>menuitem:Provider[menu×2|f=menuitem:Provider|h=None]@ ; Enter>menuitem:Delete[menu×2|f=menuitem:Delete|h=None]@
webkit-dark-phone › session submenu → Space with frames held,,held,session submenu → Space,,held,,ArrowRight Space,none | menu×2 | @menuitem:Codex,1,0,ArrowRight>menuitem:Provider[menu×1|f=menuitem:Provider|h=None]@ ; Space>menuitem:Provider[menu×2|f=menuitem:Provider|h=None]@
webkit-dark-phone › session submenu → ← with frames held,,held,session submenu → ←,,held,,ArrowRight ArrowLeft,none | menu×2 | @menuitem:Codex,1,0,ArrowRight>menuitem:Provider[menu×1|f=menuitem:Provider|h=None]@ ; ArrowLeft>menuitem:Provider[menu×2|f=menuitem:Provider|h=None]@
webkit-dark-phone › session submenu ⏎ ⏎ with frames held,,held,session submenu ⏎ ⏎,,held,,Enter Enter,none | menu×2 | @menuitem:Codex,1,0,Enter>menuitem:Provider[menu×1|f=menuitem:Provider|h=None]@ ; Enter>menuitem:Provider[menu×2|f=menuitem:Provider|h=None]@
webkit-dark-phone › session submenu ⏎ ↓ ⏎ with frames held,,held,session submenu ⏎ ↓ ⏎,,held,,Enter ArrowDown Enter,Picked=group | none | @button:Session actions,1,0,Enter>menuitem:Provider[menu×1|f=menuitem:Provider|h=None]@ ; ArrowDown>menuitem:Provider[menu×2|f=menuitem:Provider|h=None]@ ; Enter>menuitem:Group by tag[menu×2|f=menuitem:Group by tag|h=None]@
webkit-dark-phone › session submenu → Tab with frames held,,held,session submenu → Tab,,held,,ArrowRight Tab,none | menu×2 | @menuitem:Codex,1,0,ArrowRight>menuitem:Provider[menu×1|f=menuitem:Provider|h=None]@ ; Tab>menuitem:Provider[menu×2|f=menuitem:Provider|h=None]@
webkit-dark-phone › session submenu → Shift+Tab with frames held,,held,session submenu → Shift+Tab,,held,,ArrowRight Shift+Tab,none | none | @button:Session actions,1,0,ArrowRight>menuitem:Provider[menu×1|f=menuitem:Provider|h=None]@ ; Shift+Tab>menuitem:Provider[menu×2|f=menuitem:Provider|h=None]@
webkit-dark-phone › field submenu → ⏎ with frames held,,held,field submenu → ⏎,,held,,ArrowRight Enter,none | menu×2 | @menuitem:Codex,1,0,ArrowRight>menuitem:Provider[menu×1|f=menuitem:Provider|h=None]@ ; Enter>menuitem:Provider[menu×2|f=menuitem:Provider|h=None]@
webkit-dark-phone › field submenu → ↓ ⏎ with frames held,,held,field submenu → ↓ ⏎,,held,,ArrowRight ArrowDown Enter,Tag=true | menu×1 | @menuitemcheckbox:Important tag,1,0,ArrowRight>menuitem:Provider[menu×1|f=menuitem:Provider|h=None]@ ; ArrowDown>menuitem:Provider[menu×2|f=menuitem:Provider|h=None]@ ; Enter>menuitemcheckbox:Important tag[menu×2|f=menuitemcheckbox:Important tag|h=None]@
webkit-dark-phone › field submenu → ↑ ⏎ with frames held,,held,field submenu → ↑ ⏎,,held,,ArrowRight ArrowUp Enter,Action=default | none | @button:Session actions,1,0,ArrowRight>menuitem:Provider[menu×1|f=menuitem:Provider|h=None]@ ; ArrowUp>menuitem:Provider[menu×2|f=menuitem:Provider|h=None]@ ; Enter>menuitem:Default model[menu×2|f=menuitem:Default model|h=None]@
webkit-dark-phone › field submenu → Home ⏎ with frames held,,held,field submenu → Home ⏎,,held,,ArrowRight Home Enter,Action=default | none | @button:Session actions,1,0,ArrowRight>menuitem:Provider[menu×1|f=menuitem:Provider|h=None]@ ; Home>menuitem:Provider[menu×2|f=menuitem:Provider|h=None]@ ; Enter>menuitem:Default model[menu×2|f=menuitem:Default model|h=None]@
webkit-dark-phone › field submenu → End ⏎ with frames held,,held,field submenu → End ⏎,,held,,ArrowRight End Enter,Action=delete | none | @button:Session actions,1,0,ArrowRight>menuitem:Provider[menu×1|f=menuitem:Provider|h=None]@ ; End>menuitem:Provider[menu×2|f=menuitem:Provider|h=None]@ ; Enter>menuitem:Delete[menu×2|f=menuitem:Delete|h=None]@
webkit-dark-phone › field submenu → Space with frames held,,held,field submenu → Space,,held,,ArrowRight Space,none | menu×2 | @menuitem:Codex,1,0,ArrowRight>menuitem:Provider[menu×1|f=menuitem:Provider|h=None]@ ; Space>menuitem:Provider[menu×2|f=menuitem:Provider|h=None]@
webkit-dark-phone › field submenu → ← with frames held,,held,field submenu → ←,,held,,ArrowRight ArrowLeft,none | menu×2 | @menuitem:Codex,1,0,ArrowRight>menuitem:Provider[menu×1|f=menuitem:Provider|h=None]@ ; ArrowLeft>menuitem:Provider[menu×2|f=menuitem:Provider|h=None]@
webkit-dark-phone › field submenu ⏎ ⏎ with frames held,,held,field submenu ⏎ ⏎,,held,,Enter Enter,none | menu×2 | @menuitem:Codex,1,0,Enter>menuitem:Provider[menu×1|f=menuitem:Provider|h=None]@ ; Enter>menuitem:Provider[menu×2|f=menuitem:Provider|h=None]@
webkit-dark-phone › field submenu ⏎ ↓ ⏎ with frames held,,held,field submenu ⏎ ↓ ⏎,,held,,Enter ArrowDown Enter,Tag=true | menu×1 | @menuitemcheckbox:Important tag,1,0,Enter>menuitem:Provider[menu×1|f=menuitem:Provider|h=None]@ ; ArrowDown>menuitem:Provider[menu×2|f=menuitem:Provider|h=None]@ ; Enter>menuitemcheckbox:Important tag[menu×2|f=menuitemcheckbox:Important tag|h=None]@
webkit-dark-phone › field submenu → Tab with frames held,,held,field submenu → Tab,,held,,ArrowRight Tab,none | menu×2 | @menuitem:Codex,1,0,ArrowRight>menuitem:Provider[menu×1|f=menuitem:Provider|h=None]@ ; Tab>menuitem:Provider[menu×2|f=menuitem:Provider|h=None]@
webkit-dark-phone › field submenu → Shift+Tab with frames held,,held,field submenu → Shift+Tab,,held,,ArrowRight Shift+Tab,none | none | @button:Session actions,1,0,ArrowRight>menuitem:Provider[menu×1|f=menuitem:Provider|h=None]@ ; Shift+Tab>menuitem:Provider[menu×2|f=menuitem:Provider|h=None]@
webkit-dark-phone › menu ⏎ Tab with frames held,,held,menu ⏎ Tab,,held,,Enter Tab,none | menu×1 | @menuitem:File,1,0,Enter>button:Add attachment[none|f=button:Add attachment|h=None]@ ; Tab>button:Add attachment[menu×1|f=button:Add attachment|h=None]@
webkit-dark-phone › menu ⏎ Tab ⏎ with frames held,,held,menu ⏎ Tab ⏎,,held,,Enter Tab Enter,Action=file | none | @button:Add attachment,1,0,Enter>button:Add attachment[none|f=button:Add attachment|h=None]@ ; Tab>button:Add attachment[menu×1|f=button:Add attachment|h=None]@ ; Enter>menuitem:File[menu×1|f=menuitem:File|h=None]@
webkit-dark-phone › menu ⏎ Shift+Tab with frames held,,held,menu ⏎ Shift+Tab,,held,,Enter Shift+Tab,none | none | @body:darkSwitch themeOpen Dia,1,0,Enter>button:Add attachment[none|f=button:Add attachment|h=None]@ ; Shift+Tab>button:Add attachment[menu×1|f=button:Add attachment|h=None]@
webkit-dark-phone › menu ↓ Tab with frames held,,held,menu ↓ Tab,,held,,ArrowDown Tab,none | menu×1 | @menuitem:File,1,0,ArrowDown>button:Add attachment[none|f=button:Add attachment|h=None]@ ; Tab>button:Add attachment[menu×1|f=button:Add attachment|h=None]@
webkit-dark-phone › select ↓ Tab with frames held,,held,select ↓ Tab,,held,,ArrowDown Tab,none | none | @button:Clear selection,1,0,ArrowDown>combobox:Expires[none|f=combobox:Expires|h=None]@ ; Tab>combobox:Expires[listbox×1|f=combobox:Expires|h=None]@
webkit-dark-phone › select ⏎ Tab with frames held,,held,select ⏎ Tab,,held,,Enter Tab,none | none | @button:Clear selection,1,0,Enter>combobox:Expires[none|f=combobox:Expires|h=None]@ ; Tab>combobox:Expires[listbox×1|f=combobox:Expires|h=None]@
webkit-dark-phone › select ↓ Shift+Tab with frames held,,held,select ↓ Shift+Tab,,held,,ArrowDown Shift+Tab,none | none | @button:Open legacy Modal,1,0,ArrowDown>combobox:Expires[none|f=combobox:Expires|h=None]@ ; Shift+Tab>combobox:Expires[listbox×1|f=combobox:Expires|h=None]@
webkit-dark-phone › sample select ↓ Tab with frames held,,held,sample select ↓ Tab,,held,,ArrowDown Tab,none | listbox×1 | @option:Never,1,0,ArrowDown>combobox:Sample choice[none|f=combobox:Sample choice|h=None]@ ; Tab>combobox:Sample choice[listbox×1|f=combobox:Sample choice|h=None]@
webkit-dark-phone › dialog ⏎ ⏎ with frames held,,held,dialog ⏎ ⏎,,held,,Enter Enter,none | dialog:Edit workspace | @dialog:Edit workspaceWorkspace ,1,0,Enter>button:Orbit dialog[none|f=button:Orbit dialog|h=None]@ ; Enter>button:Orbit dialog[dialog:Edit workspace|f=button:Orbit dialog|h=None]@
webkit-dark-phone › dialog ⏎ Tab with frames held,,held,dialog ⏎ Tab,,held,,Enter Tab,none | dialog:Edit workspace | @dialog:Edit workspaceWorkspace ,1,0,Enter>button:Orbit dialog[none|f=button:Orbit dialog|h=None]@ ; Tab>button:Orbit dialog[dialog:Edit workspace|f=button:Orbit dialog|h=None]@
webkit-dark-phone › dialog ⏎ Tab ⏎ with frames held,,held,dialog ⏎ Tab ⏎,,held,,Enter Tab Enter,none | dialog:Edit workspace | @button:Close,1,0,Enter>button:Orbit dialog[none|f=button:Orbit dialog|h=None]@ ; Tab>button:Orbit dialog[dialog:Edit workspace|f=button:Orbit dialog|h=None]@ ; Enter>button:AntD dialog[dialog:Edit workspace|f=button:AntD dialog|h=None]@
webkit-dark-phone › dialog ⏎ Shift+Tab with frames held,,held,dialog ⏎ Shift+Tab,,held,,Enter Shift+Tab,none | dialog:Edit workspace | @dialog:Edit workspaceWorkspace ,1,0,Enter>button:Orbit dialog[none|f=button:Orbit dialog|h=None]@ ; Shift+Tab>button:Orbit dialog[dialog:Edit workspace|f=button:Orbit dialog|h=None]@
webkit-dark-phone › dialog ⏎ Escape with frames held,,held,dialog ⏎ Escape,,held,,Enter Escape,none | none | @button:Orbit dialog,1,0,Enter>button:Orbit dialog[none|f=button:Orbit dialog|h=None]@ ; Escape>button:Orbit dialog[dialog:Edit workspace|f=button:Orbit dialog|h=None]@
webkit-dark-phone › confirm ⏎ ⏎ with frames held,,held,confirm ⏎ ⏎,,held,,Enter Enter,none | alertdialog:Delete runner? | @button:Cancel,1,0,Enter>button:Orbit confirm[none|f=button:Orbit confirm|h=None]@ ; Enter>button:Orbit confirm[alertdialog:Delete runner?|f=button:Orbit confirm|h=None]@
webkit-dark-phone › confirm ⏎ Space with frames held,,held,confirm ⏎ Space,,held,,Enter Space,none | alertdialog:Delete runner? | @button:Cancel,1,0,Enter>button:Orbit confirm[none|f=button:Orbit confirm|h=None]@ ; Space>button:Orbit confirm[alertdialog:Delete runner?|f=button:Orbit confirm|h=None]@
webkit-dark-phone › confirm ⏎ Tab with frames held,,held,confirm ⏎ Tab,,held,,Enter Tab,none | alertdialog:Delete runner? | @button:Cancel,1,0,Enter>button:Orbit confirm[none|f=button:Orbit confirm|h=None]@ ; Tab>button:Orbit confirm[alertdialog:Delete runner?|f=button:Orbit confirm|h=None]@
webkit-dark-phone › confirm ⏎ Tab ⏎ with frames held,,held,confirm ⏎ Tab ⏎,,held,,Enter Tab Enter,none | alertdialog:Delete runner?+dialog:Delete runner? | @button:Cancel,1,0,Enter>button:Orbit confirm[none|f=button:Orbit confirm|h=None]@ ; Tab>button:Orbit confirm[alertdialog:Delete runner?|f=button:Orbit confirm|h=None]@ ; Enter>button:AntD confirm[alertdialog:Delete runner?|f=button:AntD confirm|h=None]@
webkit-dark-phone › confirm ⏎ Escape with frames held,,held,confirm ⏎ Escape,,held,,Enter Escape,none | none | @button:Orbit confirm,1,0,Enter>button:Orbit confirm[none|f=button:Orbit confirm|h=None]@ ; Escape>button:Orbit confirm[alertdialog:Delete runner?|f=button:Orbit confirm|h=None]@
webkit-dark-phone › popconfirm ⏎ ⏎ (recorded) with frames held,,held,popconfirm ⏎ ⏎ (recorded),,held,,Enter Enter,none | none | @button:Delete task,1,0,Enter>button:Delete task[none|f=button:Delete task|h=None]@ ; Enter>button:Delete task[dialog:Delete this task?|f=button:Delete task|h=None]@
webkit-dark-phone › popconfirm ⏎ Space (recorded) with frames held,,held,popconfirm ⏎ Space (recorded),,held,,Enter Space,none | none | @button:Delete task,1,0,Enter>button:Delete task[none|f=button:Delete task|h=None]@ ; Space>button:Delete task[dialog:Delete this task?|f=button:Delete task|h=None]@
webkit-dark-phone › popconfirm ⏎ Escape (recorded) with frames held,,held,popconfirm ⏎ Escape (recorded),,held,,Enter Escape,none | none | @button:Delete task,1,0,Enter>button:Delete task[none|f=button:Delete task|h=None]@ ; Escape>button:Delete task[dialog:Delete this task?|f=button:Delete task|h=None]@
webkit-dark-phone › popconfirm ⏎ Tab (recorded) with frames held,,held,popconfirm ⏎ Tab (recorded),,held,,Enter Tab,none | dialog:Delete this task? | @button:Cancel,1,0,Enter>button:Delete task[none|f=button:Delete task|h=None]@ ; Tab>button:Delete task[dialog:Delete this task?|f=button:Delete task|h=None]@
webkit-dark-phone › popconfirm ⏎ Tab ⏎ (recorded) with frames held,,held,popconfirm ⏎ Tab ⏎ (recorded),,held,,Enter Tab Enter,Answer=cancelled | none | @button:Delete task,1,0,Enter>button:Delete task[none|f=button:Delete task|h=None]@ ; Tab>button:Delete task[dialog:Delete this task?|f=button:Delete task|h=None]@ ; Enter>button:Cancel[dialog:Delete this task?|f=button:Cancel|h=None]@
webkit-dark-phone › popconfirm ⏎ Shift+Tab (recorded) with frames held,,held,popconfirm ⏎ Shift+Tab (recorded),,held,,Enter Shift+Tab,none | none | @button:Switch theme,1,0,Enter>button:Delete task[none|f=button:Delete task|h=None]@ ; Shift+Tab>button:Delete task[dialog:Delete this task?|f=button:Delete task|h=None]@
