test,target,kind,sequence,control,mode,run,keys,result,window,handoff,keylog
chromium-dark-desktop › orbit-submenu sub-right-escape burst sample 0,orbit-submenu,submenu,sub-right-escape,sub-right,burst,0,ArrowRight Escape,none | menu×1 | @menuitem:Provider,1,0,ArrowRight>menuitem:Provider[menu×1|f=menuitem:Provider|h=Provider]@13.8 ; Escape>menuitem:Provider[menu×2|f=menuitem:Provider|h=Codex]@27.8
chromium-dark-desktop › orbit-submenu sub-right-escape burst sample 1,orbit-submenu,submenu,sub-right-escape,sub-right,burst,1,ArrowRight Escape,none | menu×1 | @menuitem:Provider,1,0,ArrowRight>menuitem:Provider[menu×1|f=menuitem:Provider|h=Provider]@3.6 ; Escape>menuitem:Provider[menu×2|f=menuitem:Provider|h=Codex]@17.5
chromium-dark-desktop › orbit-submenu sub-right-escape burst sample 2,orbit-submenu,submenu,sub-right-escape,sub-right,burst,2,ArrowRight Escape,none | menu×1 | @menuitem:Provider,1,0,ArrowRight>menuitem:Provider[menu×1|f=menuitem:Provider|h=Provider]@9.6 ; Escape>menuitem:Provider[menu×2|f=menuitem:Provider|h=Codex]@24
chromium-dark-desktop › orbit-submenu sub-right-escape burst sample 3,orbit-submenu,submenu,sub-right-escape,sub-right,burst,3,ArrowRight Escape,none | menu×1 | @menuitem:Provider,1,0,ArrowRight>menuitem:Provider[menu×1|f=menuitem:Provider|h=Provider]@14 ; Escape>menuitem:Provider[menu×2|f=menuitem:Provider|h=Codex]@28.1
chromium-dark-desktop › orbit-submenu sub-right-escape burst sample 4,orbit-submenu,submenu,sub-right-escape,sub-right,burst,4,ArrowRight Escape,none | menu×1 | @menuitem:Provider,1,0,ArrowRight>menuitem:Provider[menu×1|f=menuitem:Provider|h=Provider]@13.3 ; Escape>menuitem:Provider[menu×2|f=menuitem:Provider|h=Codex]@32.2
chromium-dark-desktop › orbit-submenu sub-right-escape burst sample 5,orbit-submenu,submenu,sub-right-escape,sub-right,burst,5,ArrowRight Escape,none | menu×1 | @menuitem:Provider,1,0,ArrowRight>menuitem:Provider[menu×1|f=menuitem:Provider|h=Provider]@17.3 ; Escape>menuitem:Provider[menu×2|f=menuitem:Provider|h=Codex]@31.2
chromium-dark-desktop › orbit-submenu sub-right-escape burst sample 6,orbit-submenu,submenu,sub-right-escape,sub-right,burst,6,ArrowRight Escape,none | menu×1 | @menuitem:Provider,1,0,ArrowRight>menuitem:Provider[menu×1|f=menuitem:Provider|h=Provider]@33.2 ; Escape>menuitem:Provider[menu×2|f=menuitem:Provider|h=Codex]@50.4
chromium-dark-desktop › orbit-submenu sub-right-escape burst sample 7,orbit-submenu,submenu,sub-right-escape,sub-right,burst,7,ArrowRight Escape,none | menu×1 | @menuitem:Provider,1,0,ArrowRight>menuitem:Provider[menu×1|f=menuitem:Provider|h=Provider]@19 ; Escape>menuitem:Provider[menu×2|f=menuitem:Provider|h=Codex]@32.4
chromium-dark-desktop › orbit-submenu sub-right-escape burst sample 8,orbit-submenu,submenu,sub-right-escape,sub-right,burst,8,ArrowRight Escape,none | menu×1 | @menuitem:Provider,1,0,ArrowRight>menuitem:Provider[menu×1|f=menuitem:Provider|h=Provider]@9.2 ; Escape>menuitem:Provider[menu×2|f=menuitem:Provider|h=Codex]@24
chromium-dark-desktop › orbit-submenu sub-right-escape burst sample 9,orbit-submenu,submenu,sub-right-escape,sub-right,burst,9,ArrowRight Escape,none | menu×1 | @menuitem:Provider,1,0,ArrowRight>menuitem:Provider[menu×1|f=menuitem:Provider|h=Provider]@6.6 ; Escape>menuitem:Provider[menu×2|f=menuitem:Provider|h=Codex]@20.7
chromium-dark-desktop › orbit-submenu sub-right-escape burst sample 10,orbit-submenu,submenu,sub-right-escape,sub-right,burst,10,ArrowRight Escape,none | menu×1 | @menuitem:Provider,1,0,ArrowRight>menuitem:Provider[menu×1|f=menuitem:Provider|h=Provider]@20.2 ; Escape>menuitem:Provider[menu×2|f=menuitem:Provider|h=Codex]@35.9
chromium-dark-desktop › orbit-submenu sub-right-escape burst sample 11,orbit-submenu,submenu,sub-right-escape,sub-right,burst,11,ArrowRight Escape,none | menu×1 | @menuitem:Provider,1,0,ArrowRight>menuitem:Provider[menu×1|f=menuitem:Provider|h=Provider]@12 ; Escape>menuitem:Provider[menu×2|f=menuitem:Provider|h=Codex]@25.6
chromium-dark-desktop › orbit-submenu sub-right-escape burst sample 12,orbit-submenu,submenu,sub-right-escape,sub-right,burst,12,ArrowRight Escape,none | menu×1 | @menuitem:Provider,1,0,ArrowRight>menuitem:Provider[menu×1|f=menuitem:Provider|h=Provider]@10.4 ; Escape>menuitem:Provider[menu×2|f=menuitem:Provider|h=Codex]@24.4
chromium-dark-desktop › orbit-submenu sub-right-escape burst sample 13,orbit-submenu,submenu,sub-right-escape,sub-right,burst,13,ArrowRight Escape,none | menu×1 | @menuitem:Provider,1,0,ArrowRight>menuitem:Provider[menu×1|f=menuitem:Provider|h=Provider]@7.5 ; Escape>menuitem:Provider[menu×2|f=menuitem:Provider|h=Codex]@25
chromium-dark-desktop › orbit-submenu sub-right-escape burst sample 14,orbit-submenu,submenu,sub-right-escape,sub-right,burst,14,ArrowRight Escape,none | menu×1 | @menuitem:Provider,1,0,ArrowRight>menuitem:Provider[menu×1|f=menuitem:Provider|h=Provider]@10.2 ; Escape>menuitem:Provider[menu×2|f=menuitem:Provider|h=Codex]@23.5
chromium-dark-desktop › orbit-submenu sub-right-escape burst sample 15,orbit-submenu,submenu,sub-right-escape,sub-right,burst,15,ArrowRight Escape,none | menu×1 | @menuitem:Provider,1,0,ArrowRight>menuitem:Provider[menu×1|f=menuitem:Provider|h=Provider]@10.2 ; Escape>menuitem:Provider[menu×2|f=menuitem:Provider|h=Codex]@23.7
chromium-dark-desktop › orbit-submenu sub-right-escape burst sample 16,orbit-submenu,submenu,sub-right-escape,sub-right,burst,16,ArrowRight Escape,none | menu×1 | @menuitem:Provider,1,0,ArrowRight>menuitem:Provider[menu×1|f=menuitem:Provider|h=Provider]@11.5 ; Escape>menuitem:Provider[menu×2|f=menuitem:Provider|h=Codex]@25.5
chromium-dark-desktop › orbit-submenu sub-right-escape burst sample 17,orbit-submenu,submenu,sub-right-escape,sub-right,burst,17,ArrowRight Escape,none | menu×1 | @menuitem:Provider,1,0,ArrowRight>menuitem:Provider[menu×1|f=menuitem:Provider|h=Provider]@7.1 ; Escape>menuitem:Provider[menu×2|f=menuitem:Provider|h=Codex]@21
chromium-dark-desktop › orbit-submenu sub-right-escape burst sample 18,orbit-submenu,submenu,sub-right-escape,sub-right,burst,18,ArrowRight Escape,none | menu×1 | @menuitem:Provider,1,0,ArrowRight>menuitem:Provider[menu×1|f=menuitem:Provider|h=Provider]@4.2 ; Escape>menuitem:Provider[menu×2|f=menuitem:Provider|h=Codex]@17.3
chromium-dark-desktop › orbit-submenu sub-right-escape burst sample 19,orbit-submenu,submenu,sub-right-escape,sub-right,burst,19,ArrowRight Escape,none | menu×1 | @menuitem:Provider,1,0,ArrowRight>menuitem:Provider[menu×1|f=menuitem:Provider|h=Provider]@10.1 ; Escape>menuitem:Provider[menu×2|f=menuitem:Provider|h=Codex]@23.3
chromium-dark-desktop › orbit-submenu sub-right-escape paced sample 0,orbit-submenu,submenu,sub-right-escape,sub-right,paced,0,ArrowRight Escape,none | menu×1 | @menuitem:Provider,0,0,ArrowRight>menuitem:Provider[menu×1|f=menuitem:Provider|h=Provider]@20.2 ; Escape>menuitem:Codex[menu×2|f=menuitem:Codex|h=Codex]@345.5
chromium-dark-desktop › orbit-submenu sub-right-escape paced sample 1,orbit-submenu,submenu,sub-right-escape,sub-right,paced,1,ArrowRight Escape,none | menu×1 | @menuitem:Provider,0,0,ArrowRight>menuitem:Provider[menu×1|f=menuitem:Provider|h=Provider]@19.7 ; Escape>menuitem:Codex[menu×2|f=menuitem:Codex|h=Codex]@341.6
chromium-dark-desktop › orbit-submenu sub-right-escape paced sample 2,orbit-submenu,submenu,sub-right-escape,sub-right,paced,2,ArrowRight Escape,none | menu×1 | @menuitem:Provider,0,0,ArrowRight>menuitem:Provider[menu×1|f=menuitem:Provider|h=Provider]@13.9 ; Escape>menuitem:Codex[menu×2|f=menuitem:Codex|h=Codex]@331.8
chromium-dark-desktop › orbit-submenu sub-right-escape paced sample 3,orbit-submenu,submenu,sub-right-escape,sub-right,paced,3,ArrowRight Escape,none | menu×1 | @menuitem:Provider,0,0,ArrowRight>menuitem:Provider[menu×1|f=menuitem:Provider|h=Provider]@7.4 ; Escape>menuitem:Codex[menu×2|f=menuitem:Codex|h=Codex]@324.4
chromium-dark-desktop › orbit-submenu sub-right-escape paced sample 4,orbit-submenu,submenu,sub-right-escape,sub-right,paced,4,ArrowRight Escape,none | menu×1 | @menuitem:Provider,0,0,ArrowRight>menuitem:Provider[menu×1|f=menuitem:Provider|h=Provider]@9.4 ; Escape>menuitem:Codex[menu×2|f=menuitem:Codex|h=Codex]@327.9
chromium-dark-desktop › orbit-submenu sub-right-escape paced sample 5,orbit-submenu,submenu,sub-right-escape,sub-right,paced,5,ArrowRight Escape,none | menu×1 | @menuitem:Provider,0,0,ArrowRight>menuitem:Provider[menu×1|f=menuitem:Provider|h=Provider]@9.9 ; Escape>menuitem:Codex[menu×2|f=menuitem:Codex|h=Codex]@333.2
chromium-dark-desktop › orbit-submenu sub-right-escape paced sample 6,orbit-submenu,submenu,sub-right-escape,sub-right,paced,6,ArrowRight Escape,none | menu×1 | @menuitem:Provider,0,0,ArrowRight>menuitem:Provider[menu×1|f=menuitem:Provider|h=Provider]@17.4 ; Escape>menuitem:Codex[menu×2|f=menuitem:Codex|h=Codex]@339.2
chromium-dark-desktop › orbit-submenu sub-right-escape paced sample 7,orbit-submenu,submenu,sub-right-escape,sub-right,paced,7,ArrowRight Escape,none | menu×1 | @menuitem:Provider,0,0,ArrowRight>menuitem:Provider[menu×1|f=menuitem:Provider|h=Provider]@8.6 ; Escape>menuitem:Codex[menu×2|f=menuitem:Codex|h=Codex]@326.9
chromium-dark-desktop › orbit-submenu sub-right-escape paced sample 8,orbit-submenu,submenu,sub-right-escape,sub-right,paced,8,ArrowRight Escape,none | menu×1 | @menuitem:Provider,0,0,ArrowRight>menuitem:Provider[menu×1|f=menuitem:Provider|h=Provider]@7.9 ; Escape>menuitem:Codex[menu×2|f=menuitem:Codex|h=Codex]@332.7
chromium-dark-desktop › orbit-submenu sub-right-escape paced sample 9,orbit-submenu,submenu,sub-right-escape,sub-right,paced,9,ArrowRight Escape,none | menu×1 | @menuitem:Provider,0,0,ArrowRight>menuitem:Provider[menu×1|f=menuitem:Provider|h=Provider]@6.8 ; Escape>menuitem:Codex[menu×2|f=menuitem:Codex|h=Codex]@328.8
chromium-dark-desktop › orbit-submenu sub-right-escape paced sample 10,orbit-submenu,submenu,sub-right-escape,sub-right,paced,10,ArrowRight Escape,none | menu×1 | @menuitem:Provider,0,0,ArrowRight>menuitem:Provider[menu×1|f=menuitem:Provider|h=Provider]@4 ; Escape>menuitem:Codex[menu×2|f=menuitem:Codex|h=Codex]@325.8
chromium-dark-desktop › orbit-submenu sub-right-escape paced sample 11,orbit-submenu,submenu,sub-right-escape,sub-right,paced,11,ArrowRight Escape,none | menu×1 | @menuitem:Provider,0,0,ArrowRight>menuitem:Provider[menu×1|f=menuitem:Provider|h=Provider]@16.8 ; Escape>menuitem:Codex[menu×2|f=menuitem:Codex|h=Codex]@335.1
chromium-dark-desktop › orbit-submenu sub-right-escape paced sample 12,orbit-submenu,submenu,sub-right-escape,sub-right,paced,12,ArrowRight Escape,none | menu×1 | @menuitem:Provider,0,0,ArrowRight>menuitem:Provider[menu×1|f=menuitem:Provider|h=Provider]@21.2 ; Escape>menuitem:Codex[menu×2|f=menuitem:Codex|h=Codex]@348.2
chromium-dark-desktop › orbit-submenu sub-right-escape paced sample 13,orbit-submenu,submenu,sub-right-escape,sub-right,paced,13,ArrowRight Escape,none | menu×1 | @menuitem:Provider,0,0,ArrowRight>menuitem:Provider[menu×1|f=menuitem:Provider|h=Provider]@13.4 ; Escape>menuitem:Codex[menu×2|f=menuitem:Codex|h=Codex]@335.1
chromium-dark-desktop › orbit-submenu sub-right-escape paced sample 14,orbit-submenu,submenu,sub-right-escape,sub-right,paced,14,ArrowRight Escape,none | menu×1 | @menuitem:Provider,0,0,ArrowRight>menuitem:Provider[menu×1|f=menuitem:Provider|h=Provider]@13.3 ; Escape>menuitem:Codex[menu×2|f=menuitem:Codex|h=Codex]@341.4
chromium-dark-desktop › orbit-submenu sub-right-escape paced sample 15,orbit-submenu,submenu,sub-right-escape,sub-right,paced,15,ArrowRight Escape,none | menu×1 | @menuitem:Provider,0,0,ArrowRight>menuitem:Provider[menu×1|f=menuitem:Provider|h=Provider]@19.4 ; Escape>menuitem:Codex[menu×2|f=menuitem:Codex|h=Codex]@356.7
chromium-dark-desktop › orbit-submenu sub-right-escape paced sample 16,orbit-submenu,submenu,sub-right-escape,sub-right,paced,16,ArrowRight Escape,none | menu×1 | @menuitem:Provider,0,0,ArrowRight>menuitem:Provider[menu×1|f=menuitem:Provider|h=Provider]@11.8 ; Escape>menuitem:Codex[menu×2|f=menuitem:Codex|h=Codex]@334.6
chromium-dark-desktop › orbit-submenu sub-right-escape paced sample 17,orbit-submenu,submenu,sub-right-escape,sub-right,paced,17,ArrowRight Escape,none | menu×1 | @menuitem:Provider,0,0,ArrowRight>menuitem:Provider[menu×1|f=menuitem:Provider|h=Provider]@10.6 ; Escape>menuitem:Codex[menu×2|f=menuitem:Codex|h=Codex]@333.4
chromium-dark-desktop › orbit-submenu sub-right-escape paced sample 18,orbit-submenu,submenu,sub-right-escape,sub-right,paced,18,ArrowRight Escape,none | menu×1 | @menuitem:Provider,0,0,ArrowRight>menuitem:Provider[menu×1|f=menuitem:Provider|h=Provider]@3.5 ; Escape>menuitem:Codex[menu×2|f=menuitem:Codex|h=Codex]@321.4
chromium-dark-desktop › orbit-submenu sub-right-escape paced sample 19,orbit-submenu,submenu,sub-right-escape,sub-right,paced,19,ArrowRight Escape,none | menu×1 | @menuitem:Provider,0,0,ArrowRight>menuitem:Provider[menu×1|f=menuitem:Provider|h=Provider]@19.8 ; Escape>menuitem:Codex[menu×2|f=menuitem:Codex|h=Codex]@342.4
chromium-dark-desktop › orbit-submenu-sample sub-right-escape burst sample 0,orbit-submenu-sample,submenu,sub-right-escape,sub-right,burst,0,ArrowRight Escape,none | menu×1 | @menuitem:Provider,1,0,ArrowRight>menuitem:Provider[menu×1|f=menuitem:Provider|h=Provider]@9.6 ; Escape>menuitem:Provider[menu×2|f=menuitem:Provider|h=Codex]@23.6
chromium-dark-desktop › orbit-submenu-sample sub-right-escape burst sample 1,orbit-submenu-sample,submenu,sub-right-escape,sub-right,burst,1,ArrowRight Escape,none | menu×1 | @menuitem:Provider,1,0,ArrowRight>menuitem:Provider[menu×1|f=menuitem:Provider|h=Provider]@6.3 ; Escape>menuitem:Provider[menu×2|f=menuitem:Provider|h=Codex]@21.8
chromium-dark-desktop › orbit-submenu-sample sub-right-escape burst sample 2,orbit-submenu-sample,submenu,sub-right-escape,sub-right,burst,2,ArrowRight Escape,none | menu×1 | @menuitem:Provider,1,0,ArrowRight>menuitem:Provider[menu×1|f=menuitem:Provider|h=Provider]@11.3 ; Escape>menuitem:Provider[menu×2|f=menuitem:Provider|h=Codex]@26.7
chromium-dark-desktop › orbit-submenu-sample sub-right-escape burst sample 3,orbit-submenu-sample,submenu,sub-right-escape,sub-right,burst,3,ArrowRight Escape,none | menu×1 | @menuitem:Provider,1,0,ArrowRight>menuitem:Provider[menu×1|f=menuitem:Provider|h=Provider]@13 ; Escape>menuitem:Provider[menu×2|f=menuitem:Provider|h=Codex]@26.6
chromium-dark-desktop › orbit-submenu-sample sub-right-escape burst sample 4,orbit-submenu-sample,submenu,sub-right-escape,sub-right,burst,4,ArrowRight Escape,none | menu×1 | @menuitem:Provider,1,0,ArrowRight>menuitem:Provider[menu×1|f=menuitem:Provider|h=Provider]@14.8 ; Escape>menuitem:Provider[menu×2|f=menuitem:Provider|h=Codex]@29.3
chromium-dark-desktop › orbit-submenu-sample sub-right-escape burst sample 5,orbit-submenu-sample,submenu,sub-right-escape,sub-right,burst,5,ArrowRight Escape,none | menu×1 | @menuitem:Provider,1,0,ArrowRight>menuitem:Provider[menu×1|f=menuitem:Provider|h=Provider]@7 ; Escape>menuitem:Provider[menu×2|f=menuitem:Provider|h=Codex]@20.9
chromium-dark-desktop › orbit-submenu-sample sub-right-escape burst sample 6,orbit-submenu-sample,submenu,sub-right-escape,sub-right,burst,6,ArrowRight Escape,none | menu×1 | @menuitem:Provider,1,0,ArrowRight>menuitem:Provider[menu×1|f=menuitem:Provider|h=Provider]@7.5 ; Escape>menuitem:Provider[menu×2|f=menuitem:Provider|h=Codex]@21
chromium-dark-desktop › orbit-submenu-sample sub-right-escape burst sample 7,orbit-submenu-sample,submenu,sub-right-escape,sub-right,burst,7,ArrowRight Escape,none | menu×1 | @menuitem:Provider,1,0,ArrowRight>menuitem:Provider[menu×1|f=menuitem:Provider|h=Provider]@13.9 ; Escape>menuitem:Provider[menu×2|f=menuitem:Provider|h=Codex]@27.4
chromium-dark-desktop › orbit-submenu-sample sub-right-escape burst sample 8,orbit-submenu-sample,submenu,sub-right-escape,sub-right,burst,8,ArrowRight Escape,none | menu×1 | @menuitem:Provider,1,0,ArrowRight>menuitem:Provider[menu×1|f=menuitem:Provider|h=Provider]@8.4 ; Escape>menuitem:Provider[menu×2|f=menuitem:Provider|h=Codex]@22.8
chromium-dark-desktop › orbit-submenu-sample sub-right-escape burst sample 9,orbit-submenu-sample,submenu,sub-right-escape,sub-right,burst,9,ArrowRight Escape,none | menu×1 | @menuitem:Provider,1,0,ArrowRight>menuitem:Provider[menu×1|f=menuitem:Provider|h=Provider]@14 ; Escape>menuitem:Provider[menu×2|f=menuitem:Provider|h=Codex]@29
chromium-dark-desktop › orbit-submenu-sample sub-right-escape burst sample 10,orbit-submenu-sample,submenu,sub-right-escape,sub-right,burst,10,ArrowRight Escape,none | menu×1 | @menuitem:Provider,1,0,ArrowRight>menuitem:Provider[menu×1|f=menuitem:Provider|h=Provider]@21.1 ; Escape>menuitem:Provider[menu×2|f=menuitem:Provider|h=Codex]@38.1
chromium-dark-desktop › orbit-submenu-sample sub-right-escape burst sample 11,orbit-submenu-sample,submenu,sub-right-escape,sub-right,burst,11,ArrowRight Escape,none | menu×1 | @menuitem:Provider,1,0,ArrowRight>menuitem:Provider[menu×1|f=menuitem:Provider|h=Provider]@9.9 ; Escape>menuitem:Provider[menu×2|f=menuitem:Provider|h=Codex]@26.8
chromium-dark-desktop › orbit-submenu-sample sub-right-escape burst sample 12,orbit-submenu-sample,submenu,sub-right-escape,sub-right,burst,12,ArrowRight Escape,none | menu×1 | @menuitem:Provider,1,0,ArrowRight>menuitem:Provider[menu×1|f=menuitem:Provider|h=Provider]@20.8 ; Escape>menuitem:Provider[menu×2|f=menuitem:Provider|h=Codex]@39.9
chromium-dark-desktop › orbit-submenu-sample sub-right-escape burst sample 13,orbit-submenu-sample,submenu,sub-right-escape,sub-right,burst,13,ArrowRight Escape,none | menu×1 | @menuitem:Provider,1,0,ArrowRight>menuitem:Provider[menu×1|f=menuitem:Provider|h=Provider]@14.3 ; Escape>menuitem:Provider[menu×2|f=menuitem:Provider|h=Codex]@28.9
chromium-dark-desktop › orbit-submenu-sample sub-right-escape burst sample 14,orbit-submenu-sample,submenu,sub-right-escape,sub-right,burst,14,ArrowRight Escape,none | menu×1 | @menuitem:Provider,1,0,ArrowRight>menuitem:Provider[menu×1|f=menuitem:Provider|h=Provider]@17.2 ; Escape>menuitem:Provider[menu×2|f=menuitem:Provider|h=Codex]@35
chromium-dark-desktop › orbit-submenu-sample sub-right-escape burst sample 15,orbit-submenu-sample,submenu,sub-right-escape,sub-right,burst,15,ArrowRight Escape,none | menu×1 | @menuitem:Provider,1,0,ArrowRight>menuitem:Provider[menu×1|f=menuitem:Provider|h=Provider]@14.4 ; Escape>menuitem:Provider[menu×2|f=menuitem:Provider|h=Codex]@28.7
chromium-dark-desktop › orbit-submenu-sample sub-right-escape burst sample 16,orbit-submenu-sample,submenu,sub-right-escape,sub-right,burst,16,ArrowRight Escape,none | menu×1 | @menuitem:Provider,1,0,ArrowRight>menuitem:Provider[menu×1|f=menuitem:Provider|h=Provider]@9.8 ; Escape>menuitem:Provider[menu×2|f=menuitem:Provider|h=Codex]@20.6
chromium-dark-desktop › orbit-submenu-sample sub-right-escape burst sample 17,orbit-submenu-sample,submenu,sub-right-escape,sub-right,burst,17,ArrowRight Escape,none | menu×1 | @menuitem:Provider,1,0,ArrowRight>menuitem:Provider[menu×1|f=menuitem:Provider|h=Provider]@17.4 ; Escape>menuitem:Provider[menu×2|f=menuitem:Provider|h=Codex]@34
chromium-dark-desktop › orbit-submenu-sample sub-right-escape burst sample 18,orbit-submenu-sample,submenu,sub-right-escape,sub-right,burst,18,ArrowRight Escape,none | menu×1 | @menuitem:Provider,1,0,ArrowRight>menuitem:Provider[menu×1|f=menuitem:Provider|h=Provider]@5.4 ; Escape>menuitem:Provider[menu×2|f=menuitem:Provider|h=Codex]@22.3
chromium-dark-desktop › orbit-submenu-sample sub-right-escape burst sample 19,orbit-submenu-sample,submenu,sub-right-escape,sub-right,burst,19,ArrowRight Escape,none | menu×1 | @menuitem:Provider,1,0,ArrowRight>menuitem:Provider[menu×1|f=menuitem:Provider|h=Provider]@8 ; Escape>menuitem:Provider[menu×2|f=menuitem:Provider|h=Codex]@23.1
chromium-dark-desktop › orbit-submenu-sample sub-right-escape paced sample 0,orbit-submenu-sample,submenu,sub-right-escape,sub-right,paced,0,ArrowRight Escape,none | menu×1 | @menuitem:Provider,0,0,ArrowRight>menuitem:Provider[menu×1|f=menuitem:Provider|h=Provider]@8.2 ; Escape>menuitem:Codex[menu×2|f=menuitem:Codex|h=Codex]@335.4
chromium-dark-desktop › orbit-submenu-sample sub-right-escape paced sample 1,orbit-submenu-sample,submenu,sub-right-escape,sub-right,paced,1,ArrowRight Escape,none | menu×1 | @menuitem:Provider,0,0,ArrowRight>menuitem:Provider[menu×1|f=menuitem:Provider|h=Provider]@16.8 ; Escape>menuitem:Codex[menu×2|f=menuitem:Codex|h=Codex]@341.6
chromium-dark-desktop › orbit-submenu-sample sub-right-escape paced sample 2,orbit-submenu-sample,submenu,sub-right-escape,sub-right,paced,2,ArrowRight Escape,none | menu×1 | @menuitem:Provider,0,0,ArrowRight>menuitem:Provider[menu×1|f=menuitem:Provider|h=Provider]@10 ; Escape>menuitem:Codex[menu×2|f=menuitem:Codex|h=Codex]@344
chromium-dark-desktop › orbit-submenu-sample sub-right-escape paced sample 3,orbit-submenu-sample,submenu,sub-right-escape,sub-right,paced,3,ArrowRight Escape,none | menu×1 | @menuitem:Provider,0,0,ArrowRight>menuitem:Provider[menu×1|f=menuitem:Provider|h=Provider]@12.3 ; Escape>menuitem:Codex[menu×2|f=menuitem:Codex|h=Codex]@339.8
chromium-dark-desktop › orbit-submenu-sample sub-right-escape paced sample 4,orbit-submenu-sample,submenu,sub-right-escape,sub-right,paced,4,ArrowRight Escape,none | menu×1 | @menuitem:Provider,0,0,ArrowRight>menuitem:Provider[menu×1|f=menuitem:Provider|h=Provider]@5.6 ; Escape>menuitem:Codex[menu×2|f=menuitem:Codex|h=Codex]@331.5
chromium-dark-desktop › orbit-submenu-sample sub-right-escape paced sample 5,orbit-submenu-sample,submenu,sub-right-escape,sub-right,paced,5,ArrowRight Escape,none | menu×1 | @menuitem:Provider,0,0,ArrowRight>menuitem:Provider[menu×1|f=menuitem:Provider|h=Provider]@6.9 ; Escape>menuitem:Codex[menu×2|f=menuitem:Codex|h=Codex]@333.2
chromium-dark-desktop › orbit-submenu-sample sub-right-escape paced sample 6,orbit-submenu-sample,submenu,sub-right-escape,sub-right,paced,6,ArrowRight Escape,none | menu×1 | @menuitem:Provider,0,0,ArrowRight>menuitem:Provider[menu×1|f=menuitem:Provider|h=Provider]@19.4 ; Escape>menuitem:Codex[menu×2|f=menuitem:Codex|h=Codex]@343.3
chromium-dark-desktop › orbit-submenu-sample sub-right-escape paced sample 7,orbit-submenu-sample,submenu,sub-right-escape,sub-right,paced,7,ArrowRight Escape,none | menu×1 | @menuitem:Provider,0,0,ArrowRight>menuitem:Provider[menu×1|f=menuitem:Provider|h=Provider]@16.4 ; Escape>menuitem:Codex[menu×2|f=menuitem:Codex|h=Codex]@339.4
chromium-dark-desktop › orbit-submenu-sample sub-right-escape paced sample 8,orbit-submenu-sample,submenu,sub-right-escape,sub-right,paced,8,ArrowRight Escape,none | menu×1 | @menuitem:Provider,0,0,ArrowRight>menuitem:Provider[menu×1|f=menuitem:Provider|h=Provider]@16.6 ; Escape>menuitem:Codex[menu×2|f=menuitem:Codex|h=Codex]@358.1
chromium-dark-desktop › orbit-submenu-sample sub-right-escape paced sample 9,orbit-submenu-sample,submenu,sub-right-escape,sub-right,paced,9,ArrowRight Escape,none | menu×1 | @menuitem:Provider,0,0,ArrowRight>menuitem:Provider[menu×1|f=menuitem:Provider|h=Provider]@5.6 ; Escape>menuitem:Codex[menu×2|f=menuitem:Codex|h=Codex]@323.6
chromium-dark-desktop › orbit-submenu-sample sub-right-escape paced sample 10,orbit-submenu-sample,submenu,sub-right-escape,sub-right,paced,10,ArrowRight Escape,none | menu×1 | @menuitem:Provider,0,0,ArrowRight>menuitem:Provider[menu×1|f=menuitem:Provider|h=Provider]@27.1 ; Escape>menuitem:Codex[menu×2|f=menuitem:Codex|h=Codex]@351.2
chromium-dark-desktop › orbit-submenu-sample sub-right-escape paced sample 11,orbit-submenu-sample,submenu,sub-right-escape,sub-right,paced,11,ArrowRight Escape,none | menu×1 | @menuitem:Provider,0,0,ArrowRight>menuitem:Provider[menu×1|f=menuitem:Provider|h=Provider]@3.1 ; Escape>menuitem:Codex[menu×2|f=menuitem:Codex|h=Codex]@325.5
chromium-dark-desktop › orbit-submenu-sample sub-right-escape paced sample 12,orbit-submenu-sample,submenu,sub-right-escape,sub-right,paced,12,ArrowRight Escape,none | menu×1 | @menuitem:Provider,0,0,ArrowRight>menuitem:Provider[menu×1|f=menuitem:Provider|h=Provider]@10.2 ; Escape>menuitem:Codex[menu×2|f=menuitem:Codex|h=Codex]@337
chromium-dark-desktop › orbit-submenu-sample sub-right-escape paced sample 13,orbit-submenu-sample,submenu,sub-right-escape,sub-right,paced,13,ArrowRight Escape,none | menu×1 | @menuitem:Provider,0,0,ArrowRight>menuitem:Provider[menu×1|f=menuitem:Provider|h=Provider]@8.5 ; Escape>menuitem:Codex[menu×2|f=menuitem:Codex|h=Codex]@330.2
chromium-dark-desktop › orbit-submenu-sample sub-right-escape paced sample 14,orbit-submenu-sample,submenu,sub-right-escape,sub-right,paced,14,ArrowRight Escape,none | menu×1 | @menuitem:Provider,0,0,ArrowRight>menuitem:Provider[menu×1|f=menuitem:Provider|h=Provider]@7.2 ; Escape>menuitem:Codex[menu×2|f=menuitem:Codex|h=Codex]@331.8
chromium-dark-desktop › orbit-submenu-sample sub-right-escape paced sample 15,orbit-submenu-sample,submenu,sub-right-escape,sub-right,paced,15,ArrowRight Escape,none | menu×1 | @menuitem:Provider,0,0,ArrowRight>menuitem:Provider[menu×1|f=menuitem:Provider|h=Provider]@9.6 ; Escape>menuitem:Codex[menu×2|f=menuitem:Codex|h=Codex]@333.9
chromium-dark-desktop › orbit-submenu-sample sub-right-escape paced sample 16,orbit-submenu-sample,submenu,sub-right-escape,sub-right,paced,16,ArrowRight Escape,none | menu×1 | @menuitem:Provider,0,0,ArrowRight>menuitem:Provider[menu×1|f=menuitem:Provider|h=Provider]@15.5 ; Escape>menuitem:Codex[menu×2|f=menuitem:Codex|h=Codex]@341
chromium-dark-desktop › orbit-submenu-sample sub-right-escape paced sample 17,orbit-submenu-sample,submenu,sub-right-escape,sub-right,paced,17,ArrowRight Escape,none | menu×1 | @menuitem:Provider,0,0,ArrowRight>menuitem:Provider[menu×1|f=menuitem:Provider|h=Provider]@4.7 ; Escape>menuitem:Codex[menu×2|f=menuitem:Codex|h=Codex]@329.5
chromium-dark-desktop › orbit-submenu-sample sub-right-escape paced sample 18,orbit-submenu-sample,submenu,sub-right-escape,sub-right,paced,18,ArrowRight Escape,none | menu×1 | @menuitem:Provider,0,0,ArrowRight>menuitem:Provider[menu×1|f=menuitem:Provider|h=Provider]@15.8 ; Escape>menuitem:Codex[menu×2|f=menuitem:Codex|h=Codex]@340.5
chromium-dark-desktop › orbit-submenu-sample sub-right-escape paced sample 19,orbit-submenu-sample,submenu,sub-right-escape,sub-right,paced,19,ArrowRight Escape,none | menu×1 | @menuitem:Provider,0,0,ArrowRight>menuitem:Provider[menu×1|f=menuitem:Provider|h=Provider]@6.6 ; Escape>menuitem:Codex[menu×2|f=menuitem:Codex|h=Codex]@337.2
chromium-dark-desktop › antd-submenu sub-right-escape burst sample 0,antd-submenu,submenu,sub-right-escape,sub-right,burst,0,ArrowRight Escape,none | menu×1 | @menuitem:Codex,0,0,ArrowRight>menuitem:Provider[menu×1|f=menuitem:Provider|h=None]@19.9 ; Escape>menuitem:Provider[menu×1|f=menuitem:Provider|h=None]@28.5
chromium-dark-desktop › antd-submenu sub-right-escape burst sample 1,antd-submenu,submenu,sub-right-escape,sub-right,burst,1,ArrowRight Escape,none | menu×1 | @menuitem:Codex,0,0,ArrowRight>menuitem:Provider[menu×1|f=menuitem:Provider|h=None]@15.2 ; Escape>menuitem:Provider[menu×1|f=menuitem:Provider|h=None]@18.9
chromium-dark-desktop › antd-submenu sub-right-escape burst sample 2,antd-submenu,submenu,sub-right-escape,sub-right,burst,2,ArrowRight Escape,none | menu×1 | @menuitem:Codex,0,0,ArrowRight>menuitem:Provider[menu×1|f=menuitem:Provider|h=None]@12.3 ; Escape>menuitem:Provider[menu×1|f=menuitem:Provider|h=None]@16
chromium-dark-desktop › antd-submenu sub-right-escape burst sample 3,antd-submenu,submenu,sub-right-escape,sub-right,burst,3,ArrowRight Escape,none | menu×1 | @menuitem:Codex,0,0,ArrowRight>menuitem:Provider[menu×1|f=menuitem:Provider|h=None]@20.7 ; Escape>menuitem:Provider[menu×1|f=menuitem:Provider|h=None]@23.9
chromium-dark-desktop › antd-submenu sub-right-escape burst sample 4,antd-submenu,submenu,sub-right-escape,sub-right,burst,4,ArrowRight Escape,none | menu×1 | @menuitem:Codex,0,0,ArrowRight>menuitem:Provider[menu×1|f=menuitem:Provider|h=None]@13.7 ; Escape>menuitem:Provider[menu×1|f=menuitem:Provider|h=None]@16.8
chromium-dark-desktop › antd-submenu sub-right-escape burst sample 5,antd-submenu,submenu,sub-right-escape,sub-right,burst,5,ArrowRight Escape,none | menu×1 | @menuitem:Codex,0,0,ArrowRight>menuitem:Provider[menu×1|f=menuitem:Provider|h=None]@9 ; Escape>menuitem:Provider[menu×1|f=menuitem:Provider|h=None]@12.2
chromium-dark-desktop › antd-submenu sub-right-escape burst sample 6,antd-submenu,submenu,sub-right-escape,sub-right,burst,6,ArrowRight Escape,none | menu×1 | @menuitem:Codex,0,0,ArrowRight>menuitem:Provider[menu×1|f=menuitem:Provider|h=None]@17.7 ; Escape>menuitem:Provider[menu×1|f=menuitem:Provider|h=None]@21
chromium-dark-desktop › antd-submenu sub-right-escape burst sample 7,antd-submenu,submenu,sub-right-escape,sub-right,burst,7,ArrowRight Escape,none | menu×1 | @menuitem:Codex,0,0,ArrowRight>menuitem:Provider[menu×1|f=menuitem:Provider|h=None]@17.5 ; Escape>menuitem:Provider[menu×1|f=menuitem:Provider|h=None]@21
chromium-dark-desktop › antd-submenu sub-right-escape burst sample 8,antd-submenu,submenu,sub-right-escape,sub-right,burst,8,ArrowRight Escape,none | menu×1 | @menuitem:Codex,0,0,ArrowRight>menuitem:Provider[menu×1|f=menuitem:Provider|h=None]@13.5 ; Escape>menuitem:Provider[menu×1|f=menuitem:Provider|h=None]@16.9
chromium-dark-desktop › antd-submenu sub-right-escape burst sample 9,antd-submenu,submenu,sub-right-escape,sub-right,burst,9,ArrowRight Escape,none | menu×1 | @menuitem:Codex,0,0,ArrowRight>menuitem:Provider[menu×1|f=menuitem:Provider|h=None]@14.9 ; Escape>menuitem:Provider[menu×1|f=menuitem:Provider|h=None]@18.7
chromium-dark-desktop › antd-submenu sub-right-escape burst sample 10,antd-submenu,submenu,sub-right-escape,sub-right,burst,10,ArrowRight Escape,none | menu×1 | @menuitem:Codex,0,0,ArrowRight>menuitem:Provider[menu×1|f=menuitem:Provider|h=None]@15.8 ; Escape>menuitem:Provider[menu×1|f=menuitem:Provider|h=None]@19.2
chromium-dark-desktop › antd-submenu sub-right-escape burst sample 11,antd-submenu,submenu,sub-right-escape,sub-right,burst,11,ArrowRight Escape,none | menu×1 | @menuitem:Codex,0,0,ArrowRight>menuitem:Provider[menu×1|f=menuitem:Provider|h=None]@10.9 ; Escape>menuitem:Provider[menu×1|f=menuitem:Provider|h=None]@14.4
chromium-dark-desktop › antd-submenu sub-right-escape burst sample 12,antd-submenu,submenu,sub-right-escape,sub-right,burst,12,ArrowRight Escape,none | menu×1 | @menuitem:Codex,0,0,ArrowRight>menuitem:Provider[menu×1|f=menuitem:Provider|h=None]@17.9 ; Escape>menuitem:Provider[menu×1|f=menuitem:Provider|h=None]@21.9
chromium-dark-desktop › antd-submenu sub-right-escape burst sample 13,antd-submenu,submenu,sub-right-escape,sub-right,burst,13,ArrowRight Escape,none | menu×1 | @menuitem:Codex,0,0,ArrowRight>menuitem:Provider[menu×1|f=menuitem:Provider|h=None]@16.8 ; Escape>menuitem:Provider[menu×1|f=menuitem:Provider|h=None]@19.2
chromium-dark-desktop › antd-submenu sub-right-escape burst sample 14,antd-submenu,submenu,sub-right-escape,sub-right,burst,14,ArrowRight Escape,none | menu×1 | @menuitem:Codex,0,0,ArrowRight>menuitem:Provider[menu×1|f=menuitem:Provider|h=None]@16.7 ; Escape>menuitem:Provider[menu×1|f=menuitem:Provider|h=None]@19.9
chromium-dark-desktop › antd-submenu sub-right-escape burst sample 15,antd-submenu,submenu,sub-right-escape,sub-right,burst,15,ArrowRight Escape,none | menu×1 | @menuitem:Codex,0,0,ArrowRight>menuitem:Provider[menu×1|f=menuitem:Provider|h=None]@15.3 ; Escape>menuitem:Provider[menu×1|f=menuitem:Provider|h=None]@18.7
chromium-dark-desktop › antd-submenu sub-right-escape burst sample 16,antd-submenu,submenu,sub-right-escape,sub-right,burst,16,ArrowRight Escape,none | menu×1 | @menuitem:Codex,0,0,ArrowRight>menuitem:Provider[menu×1|f=menuitem:Provider|h=None]@7.1 ; Escape>menuitem:Provider[menu×1|f=menuitem:Provider|h=None]@10.1
chromium-dark-desktop › antd-submenu sub-right-escape burst sample 17,antd-submenu,submenu,sub-right-escape,sub-right,burst,17,ArrowRight Escape,none | menu×1 | @menuitem:Codex,0,0,ArrowRight>menuitem:Provider[menu×1|f=menuitem:Provider|h=None]@20.9 ; Escape>menuitem:Provider[menu×1|f=menuitem:Provider|h=None]@24.8
chromium-dark-desktop › antd-submenu sub-right-escape burst sample 18,antd-submenu,submenu,sub-right-escape,sub-right,burst,18,ArrowRight Escape,none | menu×1 | @menuitem:Codex,0,0,ArrowRight>menuitem:Provider[menu×1|f=menuitem:Provider|h=None]@6.3 ; Escape>menuitem:Provider[menu×1|f=menuitem:Provider|h=None]@9.4
chromium-dark-desktop › antd-submenu sub-right-escape burst sample 19,antd-submenu,submenu,sub-right-escape,sub-right,burst,19,ArrowRight Escape,none | menu×1 | @menuitem:Codex,0,0,ArrowRight>menuitem:Provider[menu×1|f=menuitem:Provider|h=None]@6.6 ; Escape>menuitem:Provider[menu×1|f=menuitem:Provider|h=None]@9.6
chromium-dark-desktop › antd-submenu sub-right-escape paced sample 0,antd-submenu,submenu,sub-right-escape,sub-right,paced,0,ArrowRight Escape,none | none | @body:darkSwitch themeAdd atta,0,0,ArrowRight>menuitem:Provider[menu×1|f=menuitem:Provider|h=None]@19.2 ; Escape>menuitem:Codex[menu×2|f=menuitem:Codex|h=None]@326.7
chromium-dark-desktop › antd-submenu sub-right-escape paced sample 1,antd-submenu,submenu,sub-right-escape,sub-right,paced,1,ArrowRight Escape,none | none | @body:darkSwitch themeAdd atta,0,0,ArrowRight>menuitem:Provider[menu×1|f=menuitem:Provider|h=None]@14.3 ; Escape>menuitem:Codex[menu×2|f=menuitem:Codex|h=None]@321.2
chromium-dark-desktop › antd-submenu sub-right-escape paced sample 2,antd-submenu,submenu,sub-right-escape,sub-right,paced,2,ArrowRight Escape,none | none | @body:darkSwitch themeAdd atta,0,0,ArrowRight>menuitem:Provider[menu×1|f=menuitem:Provider|h=None]@20.6 ; Escape>menuitem:Codex[menu×2|f=menuitem:Codex|h=None]@329.7
chromium-dark-desktop › antd-submenu sub-right-escape paced sample 3,antd-submenu,submenu,sub-right-escape,sub-right,paced,3,ArrowRight Escape,none | none | @body:darkSwitch themeAdd atta,0,0,ArrowRight>menuitem:Provider[menu×1|f=menuitem:Provider|h=None]@22 ; Escape>menuitem:Codex[menu×2|f=menuitem:Codex|h=None]@329.8
chromium-dark-desktop › antd-submenu sub-right-escape paced sample 4,antd-submenu,submenu,sub-right-escape,sub-right,paced,4,ArrowRight Escape,none | none | @body:darkSwitch themeAdd atta,0,0,ArrowRight>menuitem:Provider[menu×1|f=menuitem:Provider|h=None]@19.1 ; Escape>menuitem:Codex[menu×2|f=menuitem:Codex|h=None]@327.3
chromium-dark-desktop › antd-submenu sub-right-escape paced sample 5,antd-submenu,submenu,sub-right-escape,sub-right,paced,5,ArrowRight Escape,none | none | @body:darkSwitch themeAdd atta,0,0,ArrowRight>menuitem:Provider[menu×1|f=menuitem:Provider|h=None]@16.8 ; Escape>menuitem:Codex[menu×2|f=menuitem:Codex|h=None]@324.5
chromium-dark-desktop › antd-submenu sub-right-escape paced sample 6,antd-submenu,submenu,sub-right-escape,sub-right,paced,6,ArrowRight Escape,none | none | @body:darkSwitch themeAdd atta,0,0,ArrowRight>menuitem:Provider[menu×1|f=menuitem:Provider|h=None]@15.6 ; Escape>menuitem:Codex[menu×2|f=menuitem:Codex|h=None]@325
chromium-dark-desktop › antd-submenu sub-right-escape paced sample 7,antd-submenu,submenu,sub-right-escape,sub-right,paced,7,ArrowRight Escape,none | none | @body:darkSwitch themeAdd atta,0,0,ArrowRight>menuitem:Provider[menu×1|f=menuitem:Provider|h=None]@13.1 ; Escape>menuitem:Codex[menu×2|f=menuitem:Codex|h=None]@321.6
chromium-dark-desktop › antd-submenu sub-right-escape paced sample 8,antd-submenu,submenu,sub-right-escape,sub-right,paced,8,ArrowRight Escape,none | none | @body:darkSwitch themeAdd atta,0,0,ArrowRight>menuitem:Provider[menu×1|f=menuitem:Provider|h=None]@14.8 ; Escape>menuitem:Codex[menu×2|f=menuitem:Codex|h=None]@322.1
chromium-dark-desktop › antd-submenu sub-right-escape paced sample 9,antd-submenu,submenu,sub-right-escape,sub-right,paced,9,ArrowRight Escape,none | none | @body:darkSwitch themeAdd atta,0,0,ArrowRight>menuitem:Provider[menu×1|f=menuitem:Provider|h=None]@11.3 ; Escape>menuitem:Codex[menu×2|f=menuitem:Codex|h=None]@319.1
chromium-dark-desktop › antd-submenu sub-right-escape paced sample 10,antd-submenu,submenu,sub-right-escape,sub-right,paced,10,ArrowRight Escape,none | none | @body:darkSwitch themeAdd atta,0,0,ArrowRight>menuitem:Provider[menu×1|f=menuitem:Provider|h=None]@5.2 ; Escape>menuitem:Codex[menu×2|f=menuitem:Codex|h=None]@313.9
chromium-dark-desktop › antd-submenu sub-right-escape paced sample 11,antd-submenu,submenu,sub-right-escape,sub-right,paced,11,ArrowRight Escape,none | none | @body:darkSwitch themeAdd atta,0,0,ArrowRight>menuitem:Provider[menu×1|f=menuitem:Provider|h=None]@17.1 ; Escape>menuitem:Codex[menu×2|f=menuitem:Codex|h=None]@324.8
chromium-dark-desktop › antd-submenu sub-right-escape paced sample 12,antd-submenu,submenu,sub-right-escape,sub-right,paced,12,ArrowRight Escape,none | none | @body:darkSwitch themeAdd atta,0,0,ArrowRight>menuitem:Provider[menu×1|f=menuitem:Provider|h=None]@12.4 ; Escape>menuitem:Codex[menu×2|f=menuitem:Codex|h=None]@321.7
chromium-dark-desktop › antd-submenu sub-right-escape paced sample 13,antd-submenu,submenu,sub-right-escape,sub-right,paced,13,ArrowRight Escape,none | none | @body:darkSwitch themeAdd atta,0,0,ArrowRight>menuitem:Provider[menu×1|f=menuitem:Provider|h=None]@3 ; Escape>menuitem:Codex[menu×2|f=menuitem:Codex|h=None]@309.8
chromium-dark-desktop › antd-submenu sub-right-escape paced sample 14,antd-submenu,submenu,sub-right-escape,sub-right,paced,14,ArrowRight Escape,none | none | @body:darkSwitch themeAdd atta,0,0,ArrowRight>menuitem:Provider[menu×1|f=menuitem:Provider|h=None]@14.8 ; Escape>menuitem:Codex[menu×2|f=menuitem:Codex|h=None]@322.7
chromium-dark-desktop › antd-submenu sub-right-escape paced sample 15,antd-submenu,submenu,sub-right-escape,sub-right,paced,15,ArrowRight Escape,none | none | @body:darkSwitch themeAdd atta,0,0,ArrowRight>menuitem:Provider[menu×1|f=menuitem:Provider|h=None]@5.4 ; Escape>menuitem:Codex[menu×2|f=menuitem:Codex|h=None]@314.3
chromium-dark-desktop › antd-submenu sub-right-escape paced sample 16,antd-submenu,submenu,sub-right-escape,sub-right,paced,16,ArrowRight Escape,none | none | @body:darkSwitch themeAdd atta,0,0,ArrowRight>menuitem:Provider[menu×1|f=menuitem:Provider|h=None]@8.3 ; Escape>menuitem:Codex[menu×2|f=menuitem:Codex|h=None]@315.8
chromium-dark-desktop › antd-submenu sub-right-escape paced sample 17,antd-submenu,submenu,sub-right-escape,sub-right,paced,17,ArrowRight Escape,none | none | @body:darkSwitch themeAdd atta,0,0,ArrowRight>menuitem:Provider[menu×1|f=menuitem:Provider|h=None]@17.7 ; Escape>menuitem:Codex[menu×2|f=menuitem:Codex|h=None]@325.1
chromium-dark-desktop › antd-submenu sub-right-escape paced sample 18,antd-submenu,submenu,sub-right-escape,sub-right,paced,18,ArrowRight Escape,none | none | @body:darkSwitch themeAdd atta,0,0,ArrowRight>menuitem:Provider[menu×1|f=menuitem:Provider|h=None]@5.6 ; Escape>menuitem:Codex[menu×2|f=menuitem:Codex|h=None]@313.2
chromium-dark-desktop › antd-submenu sub-right-escape paced sample 19,antd-submenu,submenu,sub-right-escape,sub-right,paced,19,ArrowRight Escape,none | none | @body:darkSwitch themeAdd atta,0,0,ArrowRight>menuitem:Provider[menu×1|f=menuitem:Provider|h=None]@22.7 ; Escape>menuitem:Codex[menu×2|f=menuitem:Codex|h=None]@332.8
chromium-dark-desktop › orbit-session sub-right-escape burst sample 0,orbit-session,submenu,sub-right-escape,sub-right,burst,0,ArrowRight Escape,none | menu×1 | @menuitem:Provider,1,0,ArrowRight>menuitem:Provider[menu×1|f=menuitem:Provider|h=Provider]@11.6 ; Escape>menuitem:Provider[menu×2|f=menuitem:Provider|h=Codex]@29.1
chromium-dark-desktop › orbit-session sub-right-escape burst sample 1,orbit-session,submenu,sub-right-escape,sub-right,burst,1,ArrowRight Escape,none | menu×1 | @menuitem:Provider,1,0,ArrowRight>menuitem:Provider[menu×1|f=menuitem:Provider|h=Provider]@17.2 ; Escape>menuitem:Provider[menu×2|f=menuitem:Provider|h=Codex]@36.2
chromium-dark-desktop › orbit-session sub-right-escape burst sample 2,orbit-session,submenu,sub-right-escape,sub-right,burst,2,ArrowRight Escape,none | menu×1 | @menuitem:Provider,1,0,ArrowRight>menuitem:Provider[menu×1|f=menuitem:Provider|h=Provider]@18.1 ; Escape>menuitem:Provider[menu×2|f=menuitem:Provider|h=Codex]@32.8
chromium-dark-desktop › orbit-session sub-right-escape burst sample 3,orbit-session,submenu,sub-right-escape,sub-right,burst,3,ArrowRight Escape,none | menu×1 | @menuitem:Provider,1,0,ArrowRight>menuitem:Provider[menu×1|f=menuitem:Provider|h=Provider]@16.9 ; Escape>menuitem:Provider[menu×2|f=menuitem:Provider|h=Codex]@32.1
chromium-dark-desktop › orbit-session sub-right-escape burst sample 4,orbit-session,submenu,sub-right-escape,sub-right,burst,4,ArrowRight Escape,none | menu×1 | @menuitem:Provider,1,0,ArrowRight>menuitem:Provider[menu×1|f=menuitem:Provider|h=Provider]@16.7 ; Escape>menuitem:Provider[menu×2|f=menuitem:Provider|h=Codex]@34.7
chromium-dark-desktop › orbit-session sub-right-escape burst sample 5,orbit-session,submenu,sub-right-escape,sub-right,burst,5,ArrowRight Escape,none | menu×1 | @menuitem:Provider,1,0,ArrowRight>menuitem:Provider[menu×1|f=menuitem:Provider|h=Provider]@15.9 ; Escape>menuitem:Provider[menu×2|f=menuitem:Provider|h=Codex]@33.4
chromium-dark-desktop › orbit-session sub-right-escape burst sample 6,orbit-session,submenu,sub-right-escape,sub-right,burst,6,ArrowRight Escape,none | menu×1 | @menuitem:Provider,1,0,ArrowRight>menuitem:Provider[menu×1|f=menuitem:Provider|h=Provider]@5.7 ; Escape>menuitem:Provider[menu×2|f=menuitem:Provider|h=Codex]@20.7
chromium-dark-desktop › orbit-session sub-right-escape burst sample 7,orbit-session,submenu,sub-right-escape,sub-right,burst,7,ArrowRight Escape,none | menu×1 | @menuitem:Provider,1,0,ArrowRight>menuitem:Provider[menu×1|f=menuitem:Provider|h=Provider]@18.9 ; Escape>menuitem:Provider[menu×2|f=menuitem:Provider|h=Codex]@40.5
chromium-dark-desktop › orbit-session sub-right-escape burst sample 8,orbit-session,submenu,sub-right-escape,sub-right,burst,8,ArrowRight Escape,none | menu×1 | @menuitem:Provider,1,0,ArrowRight>menuitem:Provider[menu×1|f=menuitem:Provider|h=Provider]@4.9 ; Escape>menuitem:Provider[menu×2|f=menuitem:Provider|h=Codex]@20
chromium-dark-desktop › orbit-session sub-right-escape burst sample 9,orbit-session,submenu,sub-right-escape,sub-right,burst,9,ArrowRight Escape,none | menu×1 | @menuitem:Provider,1,0,ArrowRight>menuitem:Provider[menu×1|f=menuitem:Provider|h=Provider]@20.2 ; Escape>menuitem:Provider[menu×2|f=menuitem:Provider|h=Codex]@38.5
chromium-dark-desktop › orbit-session sub-right-escape burst sample 10,orbit-session,submenu,sub-right-escape,sub-right,burst,10,ArrowRight Escape,none | menu×1 | @menuitem:Provider,1,0,ArrowRight>menuitem:Provider[menu×1|f=menuitem:Provider|h=Provider]@15.1 ; Escape>menuitem:Provider[menu×2|f=menuitem:Provider|h=Codex]@30.2
chromium-dark-desktop › orbit-session sub-right-escape burst sample 11,orbit-session,submenu,sub-right-escape,sub-right,burst,11,ArrowRight Escape,none | menu×1 | @menuitem:Provider,1,0,ArrowRight>menuitem:Provider[menu×1|f=menuitem:Provider|h=Provider]@18.8 ; Escape>menuitem:Provider[menu×2|f=menuitem:Provider|h=Codex]@38.7
chromium-dark-desktop › orbit-session sub-right-escape burst sample 12,orbit-session,submenu,sub-right-escape,sub-right,burst,12,ArrowRight Escape,none | menu×1 | @menuitem:Provider,1,0,ArrowRight>menuitem:Provider[menu×1|f=menuitem:Provider|h=Provider]@17.4 ; Escape>menuitem:Provider[menu×2|f=menuitem:Provider|h=Codex]@31.8
chromium-dark-desktop › orbit-session sub-right-escape burst sample 13,orbit-session,submenu,sub-right-escape,sub-right,burst,13,ArrowRight Escape,none | menu×1 | @menuitem:Provider,1,0,ArrowRight>menuitem:Provider[menu×1|f=menuitem:Provider|h=Provider]@12.8 ; Escape>menuitem:Provider[menu×2|f=menuitem:Provider|h=Codex]@30.7
chromium-dark-desktop › orbit-session sub-right-escape burst sample 14,orbit-session,submenu,sub-right-escape,sub-right,burst,14,ArrowRight Escape,none | menu×1 | @menuitem:Provider,1,0,ArrowRight>menuitem:Provider[menu×1|f=menuitem:Provider|h=Provider]@19.6 ; Escape>menuitem:Provider[menu×2|f=menuitem:Provider|h=Codex]@35.9
chromium-dark-desktop › orbit-session sub-right-escape burst sample 15,orbit-session,submenu,sub-right-escape,sub-right,burst,15,ArrowRight Escape,none | menu×1 | @menuitem:Provider,1,0,ArrowRight>menuitem:Provider[menu×1|f=menuitem:Provider|h=Provider]@12.7 ; Escape>menuitem:Provider[menu×2|f=menuitem:Provider|h=Codex]@32.8
chromium-dark-desktop › orbit-session sub-right-escape burst sample 16,orbit-session,submenu,sub-right-escape,sub-right,burst,16,ArrowRight Escape,none | menu×1 | @menuitem:Provider,1,0,ArrowRight>menuitem:Provider[menu×1|f=menuitem:Provider|h=Provider]@13.6 ; Escape>menuitem:Provider[menu×2|f=menuitem:Provider|h=Codex]@29.1
chromium-dark-desktop › orbit-session sub-right-escape burst sample 17,orbit-session,submenu,sub-right-escape,sub-right,burst,17,ArrowRight Escape,none | menu×1 | @menuitem:Provider,1,0,ArrowRight>menuitem:Provider[menu×1|f=menuitem:Provider|h=Provider]@5.6 ; Escape>menuitem:Provider[menu×2|f=menuitem:Provider|h=Codex]@20.2
chromium-dark-desktop › orbit-session sub-right-escape burst sample 18,orbit-session,submenu,sub-right-escape,sub-right,burst,18,ArrowRight Escape,none | menu×1 | @menuitem:Provider,1,0,ArrowRight>menuitem:Provider[menu×1|f=menuitem:Provider|h=Provider]@4.6 ; Escape>menuitem:Provider[menu×2|f=menuitem:Provider|h=Codex]@18.3
chromium-dark-desktop › orbit-session sub-right-escape burst sample 19,orbit-session,submenu,sub-right-escape,sub-right,burst,19,ArrowRight Escape,none | menu×1 | @menuitem:Provider,1,0,ArrowRight>menuitem:Provider[menu×1|f=menuitem:Provider|h=Provider]@6.7 ; Escape>menuitem:Provider[menu×2|f=menuitem:Provider|h=Codex]@22.1
chromium-dark-desktop › orbit-session sub-right-escape paced sample 0,orbit-session,submenu,sub-right-escape,sub-right,paced,0,ArrowRight Escape,none | menu×1 | @menuitem:Provider,0,0,ArrowRight>menuitem:Provider[menu×1|f=menuitem:Provider|h=Provider]@6 ; Escape>menuitem:Codex[menu×2|f=menuitem:Codex|h=Codex]@330.1
chromium-dark-desktop › orbit-session sub-right-escape paced sample 1,orbit-session,submenu,sub-right-escape,sub-right,paced,1,ArrowRight Escape,none | menu×1 | @menuitem:Provider,0,0,ArrowRight>menuitem:Provider[menu×1|f=menuitem:Provider|h=Provider]@2.6 ; Escape>menuitem:Codex[menu×2|f=menuitem:Codex|h=Codex]@322.2
chromium-dark-desktop › orbit-session sub-right-escape paced sample 2,orbit-session,submenu,sub-right-escape,sub-right,paced,2,ArrowRight Escape,none | menu×1 | @menuitem:Provider,0,0,ArrowRight>menuitem:Provider[menu×1|f=menuitem:Provider|h=Provider]@18.3 ; Escape>menuitem:Codex[menu×2|f=menuitem:Codex|h=Codex]@342
chromium-dark-desktop › orbit-session sub-right-escape paced sample 3,orbit-session,submenu,sub-right-escape,sub-right,paced,3,ArrowRight Escape,none | menu×1 | @menuitem:Provider,0,0,ArrowRight>menuitem:Provider[menu×1|f=menuitem:Provider|h=Provider]@10.7 ; Escape>menuitem:Codex[menu×2|f=menuitem:Codex|h=Codex]@334
chromium-dark-desktop › orbit-session sub-right-escape paced sample 4,orbit-session,submenu,sub-right-escape,sub-right,paced,4,ArrowRight Escape,none | menu×1 | @menuitem:Provider,0,0,ArrowRight>menuitem:Provider[menu×1|f=menuitem:Provider|h=Provider]@9.2 ; Escape>menuitem:Codex[menu×2|f=menuitem:Codex|h=Codex]@334.5
chromium-dark-desktop › orbit-session sub-right-escape paced sample 5,orbit-session,submenu,sub-right-escape,sub-right,paced,5,ArrowRight Escape,none | menu×1 | @menuitem:Provider,0,0,ArrowRight>menuitem:Provider[menu×1|f=menuitem:Provider|h=Provider]@18.5 ; Escape>menuitem:Codex[menu×2|f=menuitem:Codex|h=Codex]@344.7
chromium-dark-desktop › orbit-session sub-right-escape paced sample 6,orbit-session,submenu,sub-right-escape,sub-right,paced,6,ArrowRight Escape,none | menu×1 | @menuitem:Provider,0,0,ArrowRight>menuitem:Provider[menu×1|f=menuitem:Provider|h=Provider]@5.6 ; Escape>menuitem:Codex[menu×2|f=menuitem:Codex|h=Codex]@331.7
chromium-dark-desktop › orbit-session sub-right-escape paced sample 7,orbit-session,submenu,sub-right-escape,sub-right,paced,7,ArrowRight Escape,none | menu×1 | @menuitem:Provider,0,0,ArrowRight>menuitem:Provider[menu×1|f=menuitem:Provider|h=Provider]@14.8 ; Escape>menuitem:Codex[menu×2|f=menuitem:Codex|h=Codex]@358.1
chromium-dark-desktop › orbit-session sub-right-escape paced sample 8,orbit-session,submenu,sub-right-escape,sub-right,paced,8,ArrowRight Escape,none | menu×1 | @menuitem:Provider,0,0,ArrowRight>menuitem:Provider[menu×1|f=menuitem:Provider|h=Provider]@18.4 ; Escape>menuitem:Codex[menu×2|f=menuitem:Codex|h=Codex]@336.8
chromium-dark-desktop › orbit-session sub-right-escape paced sample 9,orbit-session,submenu,sub-right-escape,sub-right,paced,9,ArrowRight Escape,none | menu×1 | @menuitem:Provider,0,0,ArrowRight>menuitem:Provider[menu×1|f=menuitem:Provider|h=Provider]@11.7 ; Escape>menuitem:Codex[menu×2|f=menuitem:Codex|h=Codex]@335.5
chromium-dark-desktop › orbit-session sub-right-escape paced sample 10,orbit-session,submenu,sub-right-escape,sub-right,paced,10,ArrowRight Escape,none | menu×1 | @menuitem:Provider,0,0,ArrowRight>menuitem:Provider[menu×1|f=menuitem:Provider|h=Provider]@17.5 ; Escape>menuitem:Codex[menu×2|f=menuitem:Codex|h=Codex]@340.6
chromium-dark-desktop › orbit-session sub-right-escape paced sample 11,orbit-session,submenu,sub-right-escape,sub-right,paced,11,ArrowRight Escape,none | menu×1 | @menuitem:Provider,0,0,ArrowRight>menuitem:Provider[menu×1|f=menuitem:Provider|h=Provider]@2.8 ; Escape>menuitem:Codex[menu×2|f=menuitem:Codex|h=Codex]@321.2
chromium-dark-desktop › orbit-session sub-right-escape paced sample 12,orbit-session,submenu,sub-right-escape,sub-right,paced,12,ArrowRight Escape,none | menu×1 | @menuitem:Provider,0,0,ArrowRight>menuitem:Provider[menu×1|f=menuitem:Provider|h=Provider]@16.9 ; Escape>menuitem:Codex[menu×2|f=menuitem:Codex|h=Codex]@340.9
chromium-dark-desktop › orbit-session sub-right-escape paced sample 13,orbit-session,submenu,sub-right-escape,sub-right,paced,13,ArrowRight Escape,none | menu×1 | @menuitem:Provider,0,0,ArrowRight>menuitem:Provider[menu×1|f=menuitem:Provider|h=Provider]@10.1 ; Escape>menuitem:Codex[menu×2|f=menuitem:Codex|h=Codex]@334.2
chromium-dark-desktop › orbit-session sub-right-escape paced sample 14,orbit-session,submenu,sub-right-escape,sub-right,paced,14,ArrowRight Escape,none | menu×1 | @menuitem:Provider,0,0,ArrowRight>menuitem:Provider[menu×1|f=menuitem:Provider|h=Provider]@17.2 ; Escape>menuitem:Codex[menu×2|f=menuitem:Codex|h=Codex]@343
chromium-dark-desktop › orbit-session sub-right-escape paced sample 15,orbit-session,submenu,sub-right-escape,sub-right,paced,15,ArrowRight Escape,none | menu×1 | @menuitem:Provider,0,0,ArrowRight>menuitem:Provider[menu×1|f=menuitem:Provider|h=Provider]@6.8 ; Escape>menuitem:Codex[menu×2|f=menuitem:Codex|h=Codex]@332.9
chromium-dark-desktop › orbit-session sub-right-escape paced sample 16,orbit-session,submenu,sub-right-escape,sub-right,paced,16,ArrowRight Escape,none | menu×1 | @menuitem:Provider,0,0,ArrowRight>menuitem:Provider[menu×1|f=menuitem:Provider|h=Provider]@18.5 ; Escape>menuitem:Codex[menu×2|f=menuitem:Codex|h=Codex]@343.2
chromium-dark-desktop › orbit-session sub-right-escape paced sample 17,orbit-session,submenu,sub-right-escape,sub-right,paced,17,ArrowRight Escape,none | menu×1 | @menuitem:Provider,0,0,ArrowRight>menuitem:Provider[menu×1|f=menuitem:Provider|h=Provider]@18 ; Escape>menuitem:Codex[menu×2|f=menuitem:Codex|h=Codex]@341.1
chromium-dark-desktop › orbit-session sub-right-escape paced sample 18,orbit-session,submenu,sub-right-escape,sub-right,paced,18,ArrowRight Escape,none | menu×1 | @menuitem:Provider,0,0,ArrowRight>menuitem:Provider[menu×1|f=menuitem:Provider|h=Provider]@9.7 ; Escape>menuitem:Codex[menu×2|f=menuitem:Codex|h=Codex]@341.2
chromium-dark-desktop › orbit-session sub-right-escape paced sample 19,orbit-session,submenu,sub-right-escape,sub-right,paced,19,ArrowRight Escape,none | menu×1 | @menuitem:Provider,0,0,ArrowRight>menuitem:Provider[menu×1|f=menuitem:Provider|h=Provider]@6.4 ; Escape>menuitem:Codex[menu×2|f=menuitem:Codex|h=Codex]@337.7
chromium-dark-desktop › antd-session sub-right-escape burst sample 0,antd-session,submenu,sub-right-escape,sub-right,burst,0,ArrowRight Escape,none | menu×1 | @menuitem:Codex,0,0,ArrowRight>menuitem:Provider[menu×1|f=menuitem:Provider|h=None]@8.5 ; Escape>menuitem:Provider[menu×1|f=menuitem:Provider|h=None]@12.7
chromium-dark-desktop › antd-session sub-right-escape burst sample 1,antd-session,submenu,sub-right-escape,sub-right,burst,1,ArrowRight Escape,none | menu×1 | @menuitem:Codex,0,0,ArrowRight>menuitem:Provider[menu×1|f=menuitem:Provider|h=None]@5 ; Escape>menuitem:Provider[menu×1|f=menuitem:Provider|h=None]@9
chromium-dark-desktop › antd-session sub-right-escape burst sample 2,antd-session,submenu,sub-right-escape,sub-right,burst,2,ArrowRight Escape,none | menu×1 | @menuitem:Codex,0,0,ArrowRight>menuitem:Provider[menu×1|f=menuitem:Provider|h=None]@7.1 ; Escape>menuitem:Provider[menu×1|f=menuitem:Provider|h=None]@11.1
chromium-dark-desktop › antd-session sub-right-escape burst sample 3,antd-session,submenu,sub-right-escape,sub-right,burst,3,ArrowRight Escape,none | menu×1 | @menuitem:Codex,0,0,ArrowRight>menuitem:Provider[menu×1|f=menuitem:Provider|h=None]@11.2 ; Escape>menuitem:Provider[menu×1|f=menuitem:Provider|h=None]@15
chromium-dark-desktop › antd-session sub-right-escape burst sample 4,antd-session,submenu,sub-right-escape,sub-right,burst,4,ArrowRight Escape,none | menu×1 | @menuitem:Codex,0,0,ArrowRight>menuitem:Provider[menu×1|f=menuitem:Provider|h=None]@19.9 ; Escape>menuitem:Provider[menu×1|f=menuitem:Provider|h=None]@24.2
chromium-dark-desktop › antd-session sub-right-escape burst sample 5,antd-session,submenu,sub-right-escape,sub-right,burst,5,ArrowRight Escape,none | menu×1 | @menuitem:Codex,0,0,ArrowRight>menuitem:Provider[menu×1|f=menuitem:Provider|h=None]@19.2 ; Escape>menuitem:Provider[menu×1|f=menuitem:Provider|h=None]@24.5
chromium-dark-desktop › antd-session sub-right-escape burst sample 6,antd-session,submenu,sub-right-escape,sub-right,burst,6,ArrowRight Escape,none | menu×1 | @menuitem:Codex,0,0,ArrowRight>menuitem:Provider[menu×1|f=menuitem:Provider|h=None]@6.7 ; Escape>menuitem:Provider[menu×1|f=menuitem:Provider|h=None]@11.3
chromium-dark-desktop › antd-session sub-right-escape burst sample 7,antd-session,submenu,sub-right-escape,sub-right,burst,7,ArrowRight Escape,none | menu×1 | @menuitem:Codex,0,0,ArrowRight>menuitem:Provider[menu×1|f=menuitem:Provider|h=None]@7.7 ; Escape>menuitem:Provider[menu×1|f=menuitem:Provider|h=None]@11.3
chromium-dark-desktop › antd-session sub-right-escape burst sample 8,antd-session,submenu,sub-right-escape,sub-right,burst,8,ArrowRight Escape,none | menu×1 | @menuitem:Codex,0,0,ArrowRight>menuitem:Provider[menu×1|f=menuitem:Provider|h=None]@8.9 ; Escape>menuitem:Provider[menu×1|f=menuitem:Provider|h=None]@12.6
chromium-dark-desktop › antd-session sub-right-escape burst sample 9,antd-session,submenu,sub-right-escape,sub-right,burst,9,ArrowRight Escape,none | menu×1 | @menuitem:Codex,0,0,ArrowRight>menuitem:Provider[menu×1|f=menuitem:Provider|h=None]@15.4 ; Escape>menuitem:Provider[menu×1|f=menuitem:Provider|h=None]@19.2
chromium-dark-desktop › antd-session sub-right-escape burst sample 10,antd-session,submenu,sub-right-escape,sub-right,burst,10,ArrowRight Escape,none | menu×1 | @menuitem:Codex,0,0,ArrowRight>menuitem:Provider[menu×1|f=menuitem:Provider|h=None]@17.3 ; Escape>menuitem:Provider[menu×1|f=menuitem:Provider|h=None]@21.1
chromium-dark-desktop › antd-session sub-right-escape burst sample 11,antd-session,submenu,sub-right-escape,sub-right,burst,11,ArrowRight Escape,none | menu×1 | @menuitem:Codex,0,0,ArrowRight>menuitem:Provider[menu×1|f=menuitem:Provider|h=None]@6.1 ; Escape>menuitem:Provider[menu×1|f=menuitem:Provider|h=None]@9.8
chromium-dark-desktop › antd-session sub-right-escape burst sample 12,antd-session,submenu,sub-right-escape,sub-right,burst,12,ArrowRight Escape,none | menu×1 | @menuitem:Codex,0,0,ArrowRight>menuitem:Provider[menu×1|f=menuitem:Provider|h=None]@18.8 ; Escape>menuitem:Provider[menu×1|f=menuitem:Provider|h=None]@22.5
chromium-dark-desktop › antd-session sub-right-escape burst sample 13,antd-session,submenu,sub-right-escape,sub-right,burst,13,ArrowRight Escape,none | menu×1 | @menuitem:Codex,0,0,ArrowRight>menuitem:Provider[menu×1|f=menuitem:Provider|h=None]@9.4 ; Escape>menuitem:Provider[menu×1|f=menuitem:Provider|h=None]@13.6
chromium-dark-desktop › antd-session sub-right-escape burst sample 14,antd-session,submenu,sub-right-escape,sub-right,burst,14,ArrowRight Escape,none | menu×1 | @menuitem:Codex,0,0,ArrowRight>menuitem:Provider[menu×1|f=menuitem:Provider|h=None]@16.1 ; Escape>menuitem:Provider[menu×1|f=menuitem:Provider|h=None]@20.3
chromium-dark-desktop › antd-session sub-right-escape burst sample 15,antd-session,submenu,sub-right-escape,sub-right,burst,15,ArrowRight Escape,none | menu×1 | @menuitem:Codex,0,0,ArrowRight>menuitem:Provider[menu×1|f=menuitem:Provider|h=None]@12.5 ; Escape>menuitem:Provider[menu×1|f=menuitem:Provider|h=None]@16.5
chromium-dark-desktop › antd-session sub-right-escape burst sample 16,antd-session,submenu,sub-right-escape,sub-right,burst,16,ArrowRight Escape,none | menu×1 | @menuitem:Codex,0,0,ArrowRight>menuitem:Provider[menu×1|f=menuitem:Provider|h=None]@14.6 ; Escape>menuitem:Provider[menu×1|f=menuitem:Provider|h=None]@18.3
chromium-dark-desktop › antd-session sub-right-escape burst sample 17,antd-session,submenu,sub-right-escape,sub-right,burst,17,ArrowRight Escape,none | menu×1 | @menuitem:Codex,0,0,ArrowRight>menuitem:Provider[menu×1|f=menuitem:Provider|h=None]@11.5 ; Escape>menuitem:Provider[menu×1|f=menuitem:Provider|h=None]@15.1
chromium-dark-desktop › antd-session sub-right-escape burst sample 18,antd-session,submenu,sub-right-escape,sub-right,burst,18,ArrowRight Escape,none | menu×1 | @menuitem:Codex,0,0,ArrowRight>menuitem:Provider[menu×1|f=menuitem:Provider|h=None]@11.1 ; Escape>menuitem:Provider[menu×1|f=menuitem:Provider|h=None]@14.7
chromium-dark-desktop › antd-session sub-right-escape burst sample 19,antd-session,submenu,sub-right-escape,sub-right,burst,19,ArrowRight Escape,none | menu×1 | @menuitem:Codex,0,0,ArrowRight>menuitem:Provider[menu×1|f=menuitem:Provider|h=None]@14.7 ; Escape>menuitem:Provider[menu×1|f=menuitem:Provider|h=None]@18.5
chromium-dark-desktop › antd-session sub-right-escape paced sample 0,antd-session,submenu,sub-right-escape,sub-right,paced,0,ArrowRight Escape,none | none | @body:darkSwitch themeSession ,0,0,ArrowRight>menuitem:Provider[menu×1|f=menuitem:Provider|h=None]@17.4 ; Escape>menuitem:Codex[menu×2|f=menuitem:Codex|h=None]@325.7
chromium-dark-desktop › antd-session sub-right-escape paced sample 1,antd-session,submenu,sub-right-escape,sub-right,paced,1,ArrowRight Escape,none | none | @body:darkSwitch themeSession ,0,0,ArrowRight>menuitem:Provider[menu×1|f=menuitem:Provider|h=None]@10.1 ; Escape>menuitem:Codex[menu×2|f=menuitem:Codex|h=None]@317.8
chromium-dark-desktop › antd-session sub-right-escape paced sample 2,antd-session,submenu,sub-right-escape,sub-right,paced,2,ArrowRight Escape,none | none | @body:darkSwitch themeSession ,0,0,ArrowRight>menuitem:Provider[menu×1|f=menuitem:Provider|h=None]@15.1 ; Escape>menuitem:Codex[menu×2|f=menuitem:Codex|h=None]@322.7
chromium-dark-desktop › antd-session sub-right-escape paced sample 3,antd-session,submenu,sub-right-escape,sub-right,paced,3,ArrowRight Escape,none | none | @body:darkSwitch themeSession ,0,0,ArrowRight>menuitem:Provider[menu×1|f=menuitem:Provider|h=None]@12.6 ; Escape>menuitem:Codex[menu×2|f=menuitem:Codex|h=None]@321.5
chromium-dark-desktop › antd-session sub-right-escape paced sample 4,antd-session,submenu,sub-right-escape,sub-right,paced,4,ArrowRight Escape,none | none | @body:darkSwitch themeSession ,0,0,ArrowRight>menuitem:Provider[menu×1|f=menuitem:Provider|h=None]@14 ; Escape>menuitem:Codex[menu×2|f=menuitem:Codex|h=None]@320.7
chromium-dark-desktop › antd-session sub-right-escape paced sample 5,antd-session,submenu,sub-right-escape,sub-right,paced,5,ArrowRight Escape,none | none | @body:darkSwitch themeSession ,0,0,ArrowRight>menuitem:Provider[menu×1|f=menuitem:Provider|h=None]@16.8 ; Escape>menuitem:Codex[menu×2|f=menuitem:Codex|h=None]@324.2
chromium-dark-desktop › antd-session sub-right-escape paced sample 6,antd-session,submenu,sub-right-escape,sub-right,paced,6,ArrowRight Escape,none | none | @body:darkSwitch themeSession ,0,0,ArrowRight>menuitem:Provider[menu×1|f=menuitem:Provider|h=None]@14.9 ; Escape>menuitem:Codex[menu×2|f=menuitem:Codex|h=None]@323.2
chromium-dark-desktop › antd-session sub-right-escape paced sample 7,antd-session,submenu,sub-right-escape,sub-right,paced,7,ArrowRight Escape,none | none | @body:darkSwitch themeSession ,0,0,ArrowRight>menuitem:Provider[menu×1|f=menuitem:Provider|h=None]@18.7 ; Escape>menuitem:Codex[menu×2|f=menuitem:Codex|h=None]@327
chromium-dark-desktop › antd-session sub-right-escape paced sample 8,antd-session,submenu,sub-right-escape,sub-right,paced,8,ArrowRight Escape,none | none | @body:darkSwitch themeSession ,0,0,ArrowRight>menuitem:Provider[menu×1|f=menuitem:Provider|h=None]@17.7 ; Escape>menuitem:Codex[menu×2|f=menuitem:Codex|h=None]@325.7
chromium-dark-desktop › antd-session sub-right-escape paced sample 9,antd-session,submenu,sub-right-escape,sub-right,paced,9,ArrowRight Escape,none | none | @body:darkSwitch themeSession ,0,0,ArrowRight>menuitem:Provider[menu×1|f=menuitem:Provider|h=None]@3.4 ; Escape>menuitem:Codex[menu×2|f=menuitem:Codex|h=None]@310.8
chromium-dark-desktop › antd-session sub-right-escape paced sample 10,antd-session,submenu,sub-right-escape,sub-right,paced,10,ArrowRight Escape,none | none | @body:darkSwitch themeSession ,0,0,ArrowRight>menuitem:Provider[menu×1|f=menuitem:Provider|h=None]@5.1 ; Escape>menuitem:Codex[menu×2|f=menuitem:Codex|h=None]@312.5
chromium-dark-desktop › antd-session sub-right-escape paced sample 11,antd-session,submenu,sub-right-escape,sub-right,paced,11,ArrowRight Escape,none | none | @body:darkSwitch themeSession ,0,0,ArrowRight>menuitem:Provider[menu×1|f=menuitem:Provider|h=None]@3.6 ; Escape>menuitem:Codex[menu×2|f=menuitem:Codex|h=None]@311.4
chromium-dark-desktop › antd-session sub-right-escape paced sample 12,antd-session,submenu,sub-right-escape,sub-right,paced,12,ArrowRight Escape,none | none | @body:darkSwitch themeSession ,0,0,ArrowRight>menuitem:Provider[menu×1|f=menuitem:Provider|h=None]@8.5 ; Escape>menuitem:Codex[menu×2|f=menuitem:Codex|h=None]@315.4
chromium-dark-desktop › antd-session sub-right-escape paced sample 13,antd-session,submenu,sub-right-escape,sub-right,paced,13,ArrowRight Escape,none | none | @body:darkSwitch themeSession ,0,0,ArrowRight>menuitem:Provider[menu×1|f=menuitem:Provider|h=None]@12.4 ; Escape>menuitem:Codex[menu×2|f=menuitem:Codex|h=None]@319.9
chromium-dark-desktop › antd-session sub-right-escape paced sample 14,antd-session,submenu,sub-right-escape,sub-right,paced,14,ArrowRight Escape,none | none | @body:darkSwitch themeSession ,0,0,ArrowRight>menuitem:Provider[menu×1|f=menuitem:Provider|h=None]@14.1 ; Escape>menuitem:Codex[menu×2|f=menuitem:Codex|h=None]@321.8
chromium-dark-desktop › antd-session sub-right-escape paced sample 15,antd-session,submenu,sub-right-escape,sub-right,paced,15,ArrowRight Escape,none | none | @body:darkSwitch themeSession ,0,0,ArrowRight>menuitem:Provider[menu×1|f=menuitem:Provider|h=None]@12.3 ; Escape>menuitem:Codex[menu×2|f=menuitem:Codex|h=None]@320.1
chromium-dark-desktop › antd-session sub-right-escape paced sample 16,antd-session,submenu,sub-right-escape,sub-right,paced,16,ArrowRight Escape,none | none | @body:darkSwitch themeSession ,0,0,ArrowRight>menuitem:Provider[menu×1|f=menuitem:Provider|h=None]@9.4 ; Escape>menuitem:Codex[menu×2|f=menuitem:Codex|h=None]@317
chromium-dark-desktop › antd-session sub-right-escape paced sample 17,antd-session,submenu,sub-right-escape,sub-right,paced,17,ArrowRight Escape,none | none | @body:darkSwitch themeSession ,0,0,ArrowRight>menuitem:Provider[menu×1|f=menuitem:Provider|h=None]@13.4 ; Escape>menuitem:Codex[menu×2|f=menuitem:Codex|h=None]@320.4
chromium-dark-desktop › antd-session sub-right-escape paced sample 18,antd-session,submenu,sub-right-escape,sub-right,paced,18,ArrowRight Escape,none | none | @body:darkSwitch themeSession ,0,0,ArrowRight>menuitem:Provider[menu×1|f=menuitem:Provider|h=None]@8.1 ; Escape>menuitem:Codex[menu×2|f=menuitem:Codex|h=None]@315.6
chromium-dark-desktop › antd-session sub-right-escape paced sample 19,antd-session,submenu,sub-right-escape,sub-right,paced,19,ArrowRight Escape,none | none | @body:darkSwitch themeSession ,0,0,ArrowRight>menuitem:Provider[menu×1|f=menuitem:Provider|h=None]@9.9 ; Escape>menuitem:Codex[menu×2|f=menuitem:Codex|h=None]@317.2
chromium-dark-desktop › orbit-submenu sub-right-space burst sample 0,orbit-submenu,submenu,sub-right-space,sub-right,burst,0,ArrowRight Space,none | menu×2 | @menuitem:Codex,1,0,ArrowRight>menuitem:Provider[menu×1|f=menuitem:Provider|h=Provider]@7.6 ; Space>menuitem:Provider[menu×2|f=menuitem:Provider|h=Codex]@22.5
chromium-dark-desktop › orbit-submenu sub-right-space burst sample 1,orbit-submenu,submenu,sub-right-space,sub-right,burst,1,ArrowRight Space,none | menu×2 | @menuitem:Codex,1,0,ArrowRight>menuitem:Provider[menu×1|f=menuitem:Provider|h=Provider]@17.9 ; Space>menuitem:Provider[menu×2|f=menuitem:Provider|h=Codex]@33.8
chromium-dark-desktop › orbit-submenu sub-right-space burst sample 2,orbit-submenu,submenu,sub-right-space,sub-right,burst,2,ArrowRight Space,none | menu×2 | @menuitem:Codex,1,0,ArrowRight>menuitem:Provider[menu×1|f=menuitem:Provider|h=Provider]@10.2 ; Space>menuitem:Provider[menu×2|f=menuitem:Provider|h=Codex]@24.9
chromium-dark-desktop › orbit-submenu sub-right-space burst sample 3,orbit-submenu,submenu,sub-right-space,sub-right,burst,3,ArrowRight Space,none | menu×2 | @menuitem:Codex,1,0,ArrowRight>menuitem:Provider[menu×1|f=menuitem:Provider|h=Provider]@12.8 ; Space>menuitem:Provider[menu×2|f=menuitem:Provider|h=Codex]@27.8
chromium-dark-desktop › orbit-submenu sub-right-space burst sample 4,orbit-submenu,submenu,sub-right-space,sub-right,burst,4,ArrowRight Space,none | menu×2 | @menuitem:Codex,1,0,ArrowRight>menuitem:Provider[menu×1|f=menuitem:Provider|h=Provider]@7 ; Space>menuitem:Provider[menu×2|f=menuitem:Provider|h=Codex]@21.7
chromium-dark-desktop › orbit-submenu sub-right-space burst sample 5,orbit-submenu,submenu,sub-right-space,sub-right,burst,5,ArrowRight Space,none | menu×2 | @menuitem:Codex,1,0,ArrowRight>menuitem:Provider[menu×1|f=menuitem:Provider|h=Provider]@12.7 ; Space>menuitem:Provider[menu×2|f=menuitem:Provider|h=Codex]@27.8
chromium-dark-desktop › orbit-submenu sub-right-space burst sample 6,orbit-submenu,submenu,sub-right-space,sub-right,burst,6,ArrowRight Space,none | menu×2 | @menuitem:Codex,1,0,ArrowRight>menuitem:Provider[menu×1|f=menuitem:Provider|h=Provider]@13.6 ; Space>menuitem:Provider[menu×2|f=menuitem:Provider|h=Codex]@27.2
chromium-dark-desktop › orbit-submenu sub-right-space burst sample 7,orbit-submenu,submenu,sub-right-space,sub-right,burst,7,ArrowRight Space,none | menu×2 | @menuitem:Codex,1,0,ArrowRight>menuitem:Provider[menu×1|f=menuitem:Provider|h=Provider]@14.5 ; Space>menuitem:Provider[menu×2|f=menuitem:Provider|h=Codex]@31.7
chromium-dark-desktop › orbit-submenu sub-right-space burst sample 8,orbit-submenu,submenu,sub-right-space,sub-right,burst,8,ArrowRight Space,none | menu×2 | @menuitem:Codex,1,0,ArrowRight>menuitem:Provider[menu×1|f=menuitem:Provider|h=Provider]@11.5 ; Space>menuitem:Provider[menu×2|f=menuitem:Provider|h=Codex]@25.9
chromium-dark-desktop › orbit-submenu sub-right-space burst sample 9,orbit-submenu,submenu,sub-right-space,sub-right,burst,9,ArrowRight Space,none | menu×2 | @menuitem:Codex,1,0,ArrowRight>menuitem:Provider[menu×1|f=menuitem:Provider|h=Provider]@10.6 ; Space>menuitem:Provider[menu×2|f=menuitem:Provider|h=Codex]@24.2
chromium-dark-desktop › orbit-submenu sub-right-space burst sample 10,orbit-submenu,submenu,sub-right-space,sub-right,burst,10,ArrowRight Space,none | menu×2 | @menuitem:Codex,1,0,ArrowRight>menuitem:Provider[menu×1|f=menuitem:Provider|h=Provider]@7.5 ; Space>menuitem:Provider[menu×2|f=menuitem:Provider|h=Codex]@21.4
chromium-dark-desktop › orbit-submenu sub-right-space burst sample 11,orbit-submenu,submenu,sub-right-space,sub-right,burst,11,ArrowRight Space,none | menu×2 | @menuitem:Codex,1,0,ArrowRight>menuitem:Provider[menu×1|f=menuitem:Provider|h=Provider]@16 ; Space>menuitem:Provider[menu×2|f=menuitem:Provider|h=Codex]@31.2
chromium-dark-desktop › orbit-submenu sub-right-space burst sample 12,orbit-submenu,submenu,sub-right-space,sub-right,burst,12,ArrowRight Space,none | menu×2 | @menuitem:Codex,1,0,ArrowRight>menuitem:Provider[menu×1|f=menuitem:Provider|h=Provider]@4.9 ; Space>menuitem:Provider[menu×2|f=menuitem:Provider|h=Codex]@18.3
chromium-dark-desktop › orbit-submenu sub-right-space burst sample 13,orbit-submenu,submenu,sub-right-space,sub-right,burst,13,ArrowRight Space,none | menu×2 | @menuitem:Codex,1,0,ArrowRight>menuitem:Provider[menu×1|f=menuitem:Provider|h=Provider]@9.8 ; Space>menuitem:Provider[menu×2|f=menuitem:Provider|h=Codex]@24.7
chromium-dark-desktop › orbit-submenu sub-right-space burst sample 14,orbit-submenu,submenu,sub-right-space,sub-right,burst,14,ArrowRight Space,none | menu×2 | @menuitem:Codex,1,0,ArrowRight>menuitem:Provider[menu×1|f=menuitem:Provider|h=Provider]@13.9 ; Space>menuitem:Provider[menu×2|f=menuitem:Provider|h=Codex]@27.5
chromium-dark-desktop › orbit-submenu sub-right-space burst sample 15,orbit-submenu,submenu,sub-right-space,sub-right,burst,15,ArrowRight Space,none | menu×2 | @menuitem:Codex,1,0,ArrowRight>menuitem:Provider[menu×1|f=menuitem:Provider|h=Provider]@12.3 ; Space>menuitem:Provider[menu×2|f=menuitem:Provider|h=Codex]@25.4
chromium-dark-desktop › orbit-submenu sub-right-space burst sample 16,orbit-submenu,submenu,sub-right-space,sub-right,burst,16,ArrowRight Space,none | menu×2 | @menuitem:Codex,1,0,ArrowRight>menuitem:Provider[menu×1|f=menuitem:Provider|h=Provider]@14.9 ; Space>menuitem:Provider[menu×2|f=menuitem:Provider|h=Codex]@29.1
chromium-dark-desktop › orbit-submenu sub-right-space burst sample 17,orbit-submenu,submenu,sub-right-space,sub-right,burst,17,ArrowRight Space,none | menu×2 | @menuitem:Codex,1,0,ArrowRight>menuitem:Provider[menu×1|f=menuitem:Provider|h=Provider]@11.8 ; Space>menuitem:Provider[menu×2|f=menuitem:Provider|h=Codex]@25.4
chromium-dark-desktop › orbit-submenu sub-right-space burst sample 18,orbit-submenu,submenu,sub-right-space,sub-right,burst,18,ArrowRight Space,none | menu×2 | @menuitem:Codex,1,0,ArrowRight>menuitem:Provider[menu×1|f=menuitem:Provider|h=Provider]@6.8 ; Space>menuitem:Provider[menu×2|f=menuitem:Provider|h=Codex]@21.2
chromium-dark-desktop › orbit-submenu sub-right-space burst sample 19,orbit-submenu,submenu,sub-right-space,sub-right,burst,19,ArrowRight Space,none | menu×2 | @menuitem:Codex,1,0,ArrowRight>menuitem:Provider[menu×1|f=menuitem:Provider|h=Provider]@4.4 ; Space>menuitem:Provider[menu×2|f=menuitem:Provider|h=Codex]@17.5
chromium-dark-desktop › orbit-submenu sub-right-space paced sample 0,orbit-submenu,submenu,sub-right-space,sub-right,paced,0,ArrowRight Space,Action=codex | none | @button:Session actions,0,0,ArrowRight>menuitem:Provider[menu×1|f=menuitem:Provider|h=Provider]@19.6 ; Space>menuitem:Codex[menu×2|f=menuitem:Codex|h=Codex]@343.4
chromium-dark-desktop › orbit-submenu sub-right-space paced sample 1,orbit-submenu,submenu,sub-right-space,sub-right,paced,1,ArrowRight Space,Action=codex | none | @button:Session actions,0,0,ArrowRight>menuitem:Provider[menu×1|f=menuitem:Provider|h=Provider]@10.6 ; Space>menuitem:Codex[menu×2|f=menuitem:Codex|h=Codex]@332.5
chromium-dark-desktop › orbit-submenu sub-right-space paced sample 2,orbit-submenu,submenu,sub-right-space,sub-right,paced,2,ArrowRight Space,Action=codex | none | @button:Session actions,0,0,ArrowRight>menuitem:Provider[menu×1|f=menuitem:Provider|h=Provider]@13.2 ; Space>menuitem:Codex[menu×2|f=menuitem:Codex|h=Codex]@335.9
chromium-dark-desktop › orbit-submenu sub-right-space paced sample 3,orbit-submenu,submenu,sub-right-space,sub-right,paced,3,ArrowRight Space,Action=codex | none | @button:Session actions,0,0,ArrowRight>menuitem:Provider[menu×1|f=menuitem:Provider|h=Provider]@11.3 ; Space>menuitem:Codex[menu×2|f=menuitem:Codex|h=Codex]@328.2
chromium-dark-desktop › orbit-submenu sub-right-space paced sample 4,orbit-submenu,submenu,sub-right-space,sub-right,paced,4,ArrowRight Space,Action=codex | none | @button:Session actions,0,0,ArrowRight>menuitem:Provider[menu×1|f=menuitem:Provider|h=Provider]@17.4 ; Space>menuitem:Codex[menu×2|f=menuitem:Codex|h=Codex]@344.5
chromium-dark-desktop › orbit-submenu sub-right-space paced sample 5,orbit-submenu,submenu,sub-right-space,sub-right,paced,5,ArrowRight Space,Action=codex | none | @button:Session actions,0,0,ArrowRight>menuitem:Provider[menu×1|f=menuitem:Provider|h=Provider]@8.4 ; Space>menuitem:Codex[menu×2|f=menuitem:Codex|h=Codex]@325.8
chromium-dark-desktop › orbit-submenu sub-right-space paced sample 6,orbit-submenu,submenu,sub-right-space,sub-right,paced,6,ArrowRight Space,Action=codex | none | @button:Session actions,0,0,ArrowRight>menuitem:Provider[menu×1|f=menuitem:Provider|h=Provider]@7.6 ; Space>menuitem:Codex[menu×2|f=menuitem:Codex|h=Codex]@325.7
chromium-dark-desktop › orbit-submenu sub-right-space paced sample 7,orbit-submenu,submenu,sub-right-space,sub-right,paced,7,ArrowRight Space,Action=codex | none | @button:Session actions,0,0,ArrowRight>menuitem:Provider[menu×1|f=menuitem:Provider|h=Provider]@17.9 ; Space>menuitem:Codex[menu×2|f=menuitem:Codex|h=Codex]@337
chromium-dark-desktop › orbit-submenu sub-right-space paced sample 8,orbit-submenu,submenu,sub-right-space,sub-right,paced,8,ArrowRight Space,Action=codex | none | @button:Session actions,0,0,ArrowRight>menuitem:Provider[menu×1|f=menuitem:Provider|h=Provider]@7.5 ; Space>menuitem:Codex[menu×2|f=menuitem:Codex|h=Codex]@325.7
chromium-dark-desktop › orbit-submenu sub-right-space paced sample 9,orbit-submenu,submenu,sub-right-space,sub-right,paced,9,ArrowRight Space,Action=codex | none | @button:Session actions,0,0,ArrowRight>menuitem:Provider[menu×1|f=menuitem:Provider|h=Provider]@16.3 ; Space>menuitem:Codex[menu×2|f=menuitem:Codex|h=Codex]@342
chromium-dark-desktop › orbit-submenu sub-right-space paced sample 10,orbit-submenu,submenu,sub-right-space,sub-right,paced,10,ArrowRight Space,Action=codex | none | @button:Session actions,0,0,ArrowRight>menuitem:Provider[menu×1|f=menuitem:Provider|h=Provider]@12.9 ; Space>menuitem:Codex[menu×2|f=menuitem:Codex|h=Codex]@331.1
chromium-dark-desktop › orbit-submenu sub-right-space paced sample 11,orbit-submenu,submenu,sub-right-space,sub-right,paced,11,ArrowRight Space,Action=codex | none | @button:Session actions,0,0,ArrowRight>menuitem:Provider[menu×1|f=menuitem:Provider|h=Provider]@8.4 ; Space>menuitem:Codex[menu×2|f=menuitem:Codex|h=Codex]@337
chromium-dark-desktop › orbit-submenu sub-right-space paced sample 12,orbit-submenu,submenu,sub-right-space,sub-right,paced,12,ArrowRight Space,Action=codex | none | @button:Session actions,0,0,ArrowRight>menuitem:Provider[menu×1|f=menuitem:Provider|h=Provider]@6.1 ; Space>menuitem:Codex[menu×2|f=menuitem:Codex|h=Codex]@330
chromium-dark-desktop › orbit-submenu sub-right-space paced sample 13,orbit-submenu,submenu,sub-right-space,sub-right,paced,13,ArrowRight Space,Action=codex | none | @button:Session actions,0,0,ArrowRight>menuitem:Provider[menu×1|f=menuitem:Provider|h=Provider]@25 ; Space>menuitem:Codex[menu×2|f=menuitem:Codex|h=Codex]@352.1
chromium-dark-desktop › orbit-submenu sub-right-space paced sample 14,orbit-submenu,submenu,sub-right-space,sub-right,paced,14,ArrowRight Space,Action=codex | none | @button:Session actions,0,0,ArrowRight>menuitem:Provider[menu×1|f=menuitem:Provider|h=Provider]@22 ; Space>menuitem:Codex[menu×2|f=menuitem:Codex|h=Codex]@345.1
chromium-dark-desktop › orbit-submenu sub-right-space paced sample 15,orbit-submenu,submenu,sub-right-space,sub-right,paced,15,ArrowRight Space,Action=codex | none | @button:Session actions,0,0,ArrowRight>menuitem:Provider[menu×1|f=menuitem:Provider|h=Provider]@11.9 ; Space>menuitem:Codex[menu×2|f=menuitem:Codex|h=Codex]@334.8
chromium-dark-desktop › orbit-submenu sub-right-space paced sample 16,orbit-submenu,submenu,sub-right-space,sub-right,paced,16,ArrowRight Space,Action=codex | none | @button:Session actions,0,0,ArrowRight>menuitem:Provider[menu×1|f=menuitem:Provider|h=Provider]@15 ; Space>menuitem:Codex[menu×2|f=menuitem:Codex|h=Codex]@342.9
chromium-dark-desktop › orbit-submenu sub-right-space paced sample 17,orbit-submenu,submenu,sub-right-space,sub-right,paced,17,ArrowRight Space,Action=codex | none | @button:Session actions,0,0,ArrowRight>menuitem:Provider[menu×1|f=menuitem:Provider|h=Provider]@3.7 ; Space>menuitem:Codex[menu×2|f=menuitem:Codex|h=Codex]@326.4
chromium-dark-desktop › orbit-submenu sub-right-space paced sample 18,orbit-submenu,submenu,sub-right-space,sub-right,paced,18,ArrowRight Space,Action=codex | none | @button:Session actions,0,0,ArrowRight>menuitem:Provider[menu×1|f=menuitem:Provider|h=Provider]@15.6 ; Space>menuitem:Codex[menu×2|f=menuitem:Codex|h=Codex]@340.7
chromium-dark-desktop › orbit-submenu sub-right-space paced sample 19,orbit-submenu,submenu,sub-right-space,sub-right,paced,19,ArrowRight Space,Action=codex | none | @button:Session actions,0,0,ArrowRight>menuitem:Provider[menu×1|f=menuitem:Provider|h=Provider]@12.7 ; Space>menuitem:Codex[menu×2|f=menuitem:Codex|h=Codex]@331.7
chromium-dark-desktop › orbit-submenu-sample sub-right-space burst sample 0,orbit-submenu-sample,submenu,sub-right-space,sub-right,burst,0,ArrowRight Space,none | menu×2 | @menuitem:Codex,1,0,ArrowRight>menuitem:Provider[menu×1|f=menuitem:Provider|h=Provider]@9 ; Space>menuitem:Provider[menu×2|f=menuitem:Provider|h=Codex]@22.3
chromium-dark-desktop › orbit-submenu-sample sub-right-space burst sample 1,orbit-submenu-sample,submenu,sub-right-space,sub-right,burst,1,ArrowRight Space,none | menu×2 | @menuitem:Codex,1,0,ArrowRight>menuitem:Provider[menu×1|f=menuitem:Provider|h=Provider]@5.6 ; Space>menuitem:Provider[menu×2|f=menuitem:Provider|h=Codex]@19.1
chromium-dark-desktop › orbit-submenu-sample sub-right-space burst sample 2,orbit-submenu-sample,submenu,sub-right-space,sub-right,burst,2,ArrowRight Space,none | menu×2 | @menuitem:Codex,1,0,ArrowRight>menuitem:Provider[menu×1|f=menuitem:Provider|h=Provider]@4.9 ; Space>menuitem:Provider[menu×2|f=menuitem:Provider|h=Codex]@25.8
chromium-dark-desktop › orbit-submenu-sample sub-right-space burst sample 3,orbit-submenu-sample,submenu,sub-right-space,sub-right,burst,3,ArrowRight Space,none | menu×2 | @menuitem:Codex,1,0,ArrowRight>menuitem:Provider[menu×1|f=menuitem:Provider|h=Provider]@4.8 ; Space>menuitem:Provider[menu×2|f=menuitem:Provider|h=Codex]@17.4
chromium-dark-desktop › orbit-submenu-sample sub-right-space burst sample 4,orbit-submenu-sample,submenu,sub-right-space,sub-right,burst,4,ArrowRight Space,none | menu×2 | @menuitem:Codex,1,0,ArrowRight>menuitem:Provider[menu×1|f=menuitem:Provider|h=Provider]@7.5 ; Space>menuitem:Provider[menu×2|f=menuitem:Provider|h=Codex]@22.1
chromium-dark-desktop › orbit-submenu-sample sub-right-space burst sample 5,orbit-submenu-sample,submenu,sub-right-space,sub-right,burst,5,ArrowRight Space,none | menu×2 | @menuitem:Codex,1,0,ArrowRight>menuitem:Provider[menu×1|f=menuitem:Provider|h=Provider]@16.7 ; Space>menuitem:Provider[menu×2|f=menuitem:Provider|h=Codex]@30
chromium-dark-desktop › orbit-submenu-sample sub-right-space burst sample 6,orbit-submenu-sample,submenu,sub-right-space,sub-right,burst,6,ArrowRight Space,none | menu×2 | @menuitem:Codex,1,0,ArrowRight>menuitem:Provider[menu×1|f=menuitem:Provider|h=Provider]@8.5 ; Space>menuitem:Provider[menu×2|f=menuitem:Provider|h=Codex]@21.4
chromium-dark-desktop › orbit-submenu-sample sub-right-space burst sample 7,orbit-submenu-sample,submenu,sub-right-space,sub-right,burst,7,ArrowRight Space,none | menu×2 | @menuitem:Codex,1,0,ArrowRight>menuitem:Provider[menu×1|f=menuitem:Provider|h=Provider]@6.1 ; Space>menuitem:Provider[menu×2|f=menuitem:Provider|h=Codex]@19.7
chromium-dark-desktop › orbit-submenu-sample sub-right-space burst sample 8,orbit-submenu-sample,submenu,sub-right-space,sub-right,burst,8,ArrowRight Space,none | menu×2 | @menuitem:Codex,1,0,ArrowRight>menuitem:Provider[menu×1|f=menuitem:Provider|h=Provider]@11.8 ; Space>menuitem:Provider[menu×2|f=menuitem:Provider|h=Codex]@25.3
chromium-dark-desktop › orbit-submenu-sample sub-right-space burst sample 9,orbit-submenu-sample,submenu,sub-right-space,sub-right,burst,9,ArrowRight Space,none | menu×2 | @menuitem:Codex,1,0,ArrowRight>menuitem:Provider[menu×1|f=menuitem:Provider|h=Provider]@9.1 ; Space>menuitem:Provider[menu×2|f=menuitem:Provider|h=Codex]@21.9
chromium-dark-desktop › orbit-submenu-sample sub-right-space burst sample 10,orbit-submenu-sample,submenu,sub-right-space,sub-right,burst,10,ArrowRight Space,none | menu×2 | @menuitem:Codex,1,0,ArrowRight>menuitem:Provider[menu×1|f=menuitem:Provider|h=Provider]@17.7 ; Space>menuitem:Provider[menu×2|f=menuitem:Provider|h=Codex]@31
chromium-dark-desktop › orbit-submenu-sample sub-right-space burst sample 11,orbit-submenu-sample,submenu,sub-right-space,sub-right,burst,11,ArrowRight Space,none | menu×2 | @menuitem:Codex,1,0,ArrowRight>menuitem:Provider[menu×1|f=menuitem:Provider|h=Provider]@19 ; Space>menuitem:Provider[menu×2|f=menuitem:Provider|h=Codex]@32.7
chromium-dark-desktop › orbit-submenu-sample sub-right-space burst sample 12,orbit-submenu-sample,submenu,sub-right-space,sub-right,burst,12,ArrowRight Space,none | menu×2 | @menuitem:Codex,1,0,ArrowRight>menuitem:Provider[menu×1|f=menuitem:Provider|h=Provider]@14 ; Space>menuitem:Provider[menu×2|f=menuitem:Provider|h=Codex]@35.1
chromium-dark-desktop › orbit-submenu-sample sub-right-space burst sample 13,orbit-submenu-sample,submenu,sub-right-space,sub-right,burst,13,ArrowRight Space,none | menu×2 | @menuitem:Codex,1,0,ArrowRight>menuitem:Provider[menu×1|f=menuitem:Provider|h=Provider]@3.6 ; Space>menuitem:Provider[menu×2|f=menuitem:Provider|h=Codex]@16.3
chromium-dark-desktop › orbit-submenu-sample sub-right-space burst sample 14,orbit-submenu-sample,submenu,sub-right-space,sub-right,burst,14,ArrowRight Space,none | menu×2 | @menuitem:Codex,1,0,ArrowRight>menuitem:Provider[menu×1|f=menuitem:Provider|h=Provider]@3.3 ; Space>menuitem:Provider[menu×2|f=menuitem:Provider|h=Codex]@16
chromium-dark-desktop › orbit-submenu-sample sub-right-space burst sample 15,orbit-submenu-sample,submenu,sub-right-space,sub-right,burst,15,ArrowRight Space,none | menu×2 | @menuitem:Codex,1,0,ArrowRight>menuitem:Provider[menu×1|f=menuitem:Provider|h=Provider]@14.8 ; Space>menuitem:Provider[menu×2|f=menuitem:Provider|h=Codex]@28.3
chromium-dark-desktop › orbit-submenu-sample sub-right-space burst sample 16,orbit-submenu-sample,submenu,sub-right-space,sub-right,burst,16,ArrowRight Space,none | menu×2 | @menuitem:Codex,1,0,ArrowRight>menuitem:Provider[menu×1|f=menuitem:Provider|h=Provider]@12.9 ; Space>menuitem:Provider[menu×2|f=menuitem:Provider|h=Codex]@28.4
chromium-dark-desktop › orbit-submenu-sample sub-right-space burst sample 17,orbit-submenu-sample,submenu,sub-right-space,sub-right,burst,17,ArrowRight Space,none | menu×2 | @menuitem:Codex,1,0,ArrowRight>menuitem:Provider[menu×1|f=menuitem:Provider|h=Provider]@15.8 ; Space>menuitem:Provider[menu×2|f=menuitem:Provider|h=Codex]@28.9
chromium-dark-desktop › orbit-submenu-sample sub-right-space burst sample 18,orbit-submenu-sample,submenu,sub-right-space,sub-right,burst,18,ArrowRight Space,none | menu×2 | @menuitem:Codex,1,0,ArrowRight>menuitem:Provider[menu×1|f=menuitem:Provider|h=Provider]@5.4 ; Space>menuitem:Provider[menu×2|f=menuitem:Provider|h=Codex]@18.3
chromium-dark-desktop › orbit-submenu-sample sub-right-space burst sample 19,orbit-submenu-sample,submenu,sub-right-space,sub-right,burst,19,ArrowRight Space,none | menu×2 | @menuitem:Codex,1,0,ArrowRight>menuitem:Provider[menu×1|f=menuitem:Provider|h=Provider]@12.2 ; Space>menuitem:Provider[menu×2|f=menuitem:Provider|h=Codex]@25.7
chromium-dark-desktop › orbit-submenu-sample sub-right-space paced sample 0,orbit-submenu-sample,submenu,sub-right-space,sub-right,paced,0,ArrowRight Space,ran Codex | none | @button:Add attachment,0,0,ArrowRight>menuitem:Provider[menu×1|f=menuitem:Provider|h=Provider]@6.3 ; Space>menuitem:Codex[menu×2|f=menuitem:Codex|h=Codex]@322.7
chromium-dark-desktop › orbit-submenu-sample sub-right-space paced sample 1,orbit-submenu-sample,submenu,sub-right-space,sub-right,paced,1,ArrowRight Space,ran Codex | none | @button:Add attachment,0,0,ArrowRight>menuitem:Provider[menu×1|f=menuitem:Provider|h=Provider]@7 ; Space>menuitem:Codex[menu×2|f=menuitem:Codex|h=Codex]@323.9
chromium-dark-desktop › orbit-submenu-sample sub-right-space paced sample 2,orbit-submenu-sample,submenu,sub-right-space,sub-right,paced,2,ArrowRight Space,ran Codex | none | @button:Add attachment,0,0,ArrowRight>menuitem:Provider[menu×1|f=menuitem:Provider|h=Provider]@13.4 ; Space>menuitem:Codex[menu×2|f=menuitem:Codex|h=Codex]@330.6
chromium-dark-desktop › orbit-submenu-sample sub-right-space paced sample 3,orbit-submenu-sample,submenu,sub-right-space,sub-right,paced,3,ArrowRight Space,ran Codex | none | @button:Add attachment,0,0,ArrowRight>menuitem:Provider[menu×1|f=menuitem:Provider|h=Provider]@12.8 ; Space>menuitem:Codex[menu×2|f=menuitem:Codex|h=Codex]@330.3
chromium-dark-desktop › orbit-submenu-sample sub-right-space paced sample 4,orbit-submenu-sample,submenu,sub-right-space,sub-right,paced,4,ArrowRight Space,ran Codex | none | @button:Add attachment,0,0,ArrowRight>menuitem:Provider[menu×1|f=menuitem:Provider|h=Provider]@3.7 ; Space>menuitem:Codex[menu×2|f=menuitem:Codex|h=Codex]@320
chromium-dark-desktop › orbit-submenu-sample sub-right-space paced sample 5,orbit-submenu-sample,submenu,sub-right-space,sub-right,paced,5,ArrowRight Space,ran Codex | none | @button:Add attachment,0,0,ArrowRight>menuitem:Provider[menu×1|f=menuitem:Provider|h=Provider]@7.2 ; Space>menuitem:Codex[menu×2|f=menuitem:Codex|h=Codex]@324.4
chromium-dark-desktop › orbit-submenu-sample sub-right-space paced sample 6,orbit-submenu-sample,submenu,sub-right-space,sub-right,paced,6,ArrowRight Space,ran Codex | none | @button:Add attachment,0,0,ArrowRight>menuitem:Provider[menu×1|f=menuitem:Provider|h=Provider]@4.8 ; Space>menuitem:Codex[menu×2|f=menuitem:Codex|h=Codex]@321.8
chromium-dark-desktop › orbit-submenu-sample sub-right-space paced sample 7,orbit-submenu-sample,submenu,sub-right-space,sub-right,paced,7,ArrowRight Space,ran Codex | none | @button:Add attachment,0,0,ArrowRight>menuitem:Provider[menu×1|f=menuitem:Provider|h=Provider]@3.5 ; Space>menuitem:Codex[menu×2|f=menuitem:Codex|h=Codex]@320.7
chromium-dark-desktop › orbit-submenu-sample sub-right-space paced sample 8,orbit-submenu-sample,submenu,sub-right-space,sub-right,paced,8,ArrowRight Space,ran Codex | none | @button:Add attachment,0,0,ArrowRight>menuitem:Provider[menu×1|f=menuitem:Provider|h=Provider]@8.4 ; Space>menuitem:Codex[menu×2|f=menuitem:Codex|h=Codex]@325.2
chromium-dark-desktop › orbit-submenu-sample sub-right-space paced sample 9,orbit-submenu-sample,submenu,sub-right-space,sub-right,paced,9,ArrowRight Space,ran Codex | none | @button:Add attachment,0,0,ArrowRight>menuitem:Provider[menu×1|f=menuitem:Provider|h=Provider]@5.3 ; Space>menuitem:Codex[menu×2|f=menuitem:Codex|h=Codex]@322.5
chromium-dark-desktop › orbit-submenu-sample sub-right-space paced sample 10,orbit-submenu-sample,submenu,sub-right-space,sub-right,paced,10,ArrowRight Space,ran Codex | none | @button:Add attachment,0,0,ArrowRight>menuitem:Provider[menu×1|f=menuitem:Provider|h=Provider]@17.5 ; Space>menuitem:Codex[menu×2|f=menuitem:Codex|h=Codex]@339.1
chromium-dark-desktop › orbit-submenu-sample sub-right-space paced sample 11,orbit-submenu-sample,submenu,sub-right-space,sub-right,paced,11,ArrowRight Space,ran Codex | none | @button:Add attachment,0,0,ArrowRight>menuitem:Provider[menu×1|f=menuitem:Provider|h=Provider]@13.6 ; Space>menuitem:Codex[menu×2|f=menuitem:Codex|h=Codex]@335.2
chromium-dark-desktop › orbit-submenu-sample sub-right-space paced sample 12,orbit-submenu-sample,submenu,sub-right-space,sub-right,paced,12,ArrowRight Space,ran Codex | none | @button:Add attachment,0,0,ArrowRight>menuitem:Provider[menu×1|f=menuitem:Provider|h=Provider]@12.1 ; Space>menuitem:Codex[menu×2|f=menuitem:Codex|h=Codex]@330.2
chromium-dark-desktop › orbit-submenu-sample sub-right-space paced sample 13,orbit-submenu-sample,submenu,sub-right-space,sub-right,paced,13,ArrowRight Space,ran Codex | none | @button:Add attachment,0,0,ArrowRight>menuitem:Provider[menu×1|f=menuitem:Provider|h=Provider]@3.2 ; Space>menuitem:Codex[menu×2|f=menuitem:Codex|h=Codex]@320.5
chromium-dark-desktop › orbit-submenu-sample sub-right-space paced sample 14,orbit-submenu-sample,submenu,sub-right-space,sub-right,paced,14,ArrowRight Space,ran Codex | none | @button:Add attachment,0,0,ArrowRight>menuitem:Provider[menu×1|f=menuitem:Provider|h=Provider]@12.8 ; Space>menuitem:Codex[menu×2|f=menuitem:Codex|h=Codex]@331.6
chromium-dark-desktop › orbit-submenu-sample sub-right-space paced sample 15,orbit-submenu-sample,submenu,sub-right-space,sub-right,paced,15,ArrowRight Space,ran Codex | none | @button:Add attachment,0,0,ArrowRight>menuitem:Provider[menu×1|f=menuitem:Provider|h=Provider]@12.8 ; Space>menuitem:Codex[menu×2|f=menuitem:Codex|h=Codex]@334.7
chromium-dark-desktop › orbit-submenu-sample sub-right-space paced sample 16,orbit-submenu-sample,submenu,sub-right-space,sub-right,paced,16,ArrowRight Space,ran Codex | none | @button:Add attachment,0,0,ArrowRight>menuitem:Provider[menu×1|f=menuitem:Provider|h=Provider]@11.9 ; Space>menuitem:Codex[menu×2|f=menuitem:Codex|h=Codex]@329.1
chromium-dark-desktop › orbit-submenu-sample sub-right-space paced sample 17,orbit-submenu-sample,submenu,sub-right-space,sub-right,paced,17,ArrowRight Space,ran Codex | none | @button:Add attachment,0,0,ArrowRight>menuitem:Provider[menu×1|f=menuitem:Provider|h=Provider]@11.4 ; Space>menuitem:Codex[menu×2|f=menuitem:Codex|h=Codex]@334.4
chromium-dark-desktop › orbit-submenu-sample sub-right-space paced sample 18,orbit-submenu-sample,submenu,sub-right-space,sub-right,paced,18,ArrowRight Space,ran Codex | none | @button:Add attachment,0,0,ArrowRight>menuitem:Provider[menu×1|f=menuitem:Provider|h=Provider]@16.4 ; Space>menuitem:Codex[menu×2|f=menuitem:Codex|h=Codex]@337.7
chromium-dark-desktop › orbit-submenu-sample sub-right-space paced sample 19,orbit-submenu-sample,submenu,sub-right-space,sub-right,paced,19,ArrowRight Space,ran Codex | none | @button:Add attachment,0,0,ArrowRight>menuitem:Provider[menu×1|f=menuitem:Provider|h=Provider]@5.4 ; Space>menuitem:Codex[menu×2|f=menuitem:Codex|h=Codex]@327.3
chromium-dark-desktop › antd-submenu sub-right-space burst sample 0,antd-submenu,submenu,sub-right-space,sub-right,burst,0,ArrowRight Space,none | menu×2 | @menuitem:Codex,0,0,ArrowRight>menuitem:Provider[menu×1|f=menuitem:Provider|h=None]@4.2 ; Space>menuitem:Provider[menu×1|f=menuitem:Provider|h=None]@7.1
chromium-dark-desktop › antd-submenu sub-right-space burst sample 1,antd-submenu,submenu,sub-right-space,sub-right,burst,1,ArrowRight Space,none | menu×2 | @menuitem:Codex,0,0,ArrowRight>menuitem:Provider[menu×1|f=menuitem:Provider|h=None]@5.6 ; Space>menuitem:Provider[menu×1|f=menuitem:Provider|h=None]@8.7
chromium-dark-desktop › antd-submenu sub-right-space burst sample 2,antd-submenu,submenu,sub-right-space,sub-right,burst,2,ArrowRight Space,none | menu×2 | @menuitem:Codex,0,0,ArrowRight>menuitem:Provider[menu×1|f=menuitem:Provider|h=None]@4.9 ; Space>menuitem:Provider[menu×1|f=menuitem:Provider|h=None]@8
chromium-dark-desktop › antd-submenu sub-right-space burst sample 3,antd-submenu,submenu,sub-right-space,sub-right,burst,3,ArrowRight Space,none | menu×2 | @menuitem:Codex,0,0,ArrowRight>menuitem:Provider[menu×1|f=menuitem:Provider|h=None]@15.9 ; Space>menuitem:Provider[menu×1|f=menuitem:Provider|h=None]@20.4
chromium-dark-desktop › antd-submenu sub-right-space burst sample 4,antd-submenu,submenu,sub-right-space,sub-right,burst,4,ArrowRight Space,none | menu×2 | @menuitem:Codex,0,0,ArrowRight>menuitem:Provider[menu×1|f=menuitem:Provider|h=None]@15.4 ; Space>menuitem:Provider[menu×1|f=menuitem:Provider|h=None]@18.7
chromium-dark-desktop › antd-submenu sub-right-space burst sample 5,antd-submenu,submenu,sub-right-space,sub-right,burst,5,ArrowRight Space,none | menu×2 | @menuitem:Codex,0,0,ArrowRight>menuitem:Provider[menu×1|f=menuitem:Provider|h=None]@18.5 ; Space>menuitem:Provider[menu×1|f=menuitem:Provider|h=None]@21.6
chromium-dark-desktop › antd-submenu sub-right-space burst sample 6,antd-submenu,submenu,sub-right-space,sub-right,burst,6,ArrowRight Space,none | menu×2 | @menuitem:Codex,0,0,ArrowRight>menuitem:Provider[menu×1|f=menuitem:Provider|h=None]@9.7 ; Space>menuitem:Provider[menu×1|f=menuitem:Provider|h=None]@12.5
chromium-dark-desktop › antd-submenu sub-right-space burst sample 7,antd-submenu,submenu,sub-right-space,sub-right,burst,7,ArrowRight Space,none | menu×2 | @menuitem:Codex,0,0,ArrowRight>menuitem:Provider[menu×1|f=menuitem:Provider|h=None]@15.8 ; Space>menuitem:Provider[menu×1|f=menuitem:Provider|h=None]@18.9
chromium-dark-desktop › antd-submenu sub-right-space burst sample 8,antd-submenu,submenu,sub-right-space,sub-right,burst,8,ArrowRight Space,none | menu×2 | @menuitem:Codex,0,0,ArrowRight>menuitem:Provider[menu×1|f=menuitem:Provider|h=None]@19.1 ; Space>menuitem:Provider[menu×1|f=menuitem:Provider|h=None]@22.1
chromium-dark-desktop › antd-submenu sub-right-space burst sample 9,antd-submenu,submenu,sub-right-space,sub-right,burst,9,ArrowRight Space,none | menu×2 | @menuitem:Codex,0,0,ArrowRight>menuitem:Provider[menu×1|f=menuitem:Provider|h=None]@20.2 ; Space>menuitem:Provider[menu×1|f=menuitem:Provider|h=None]@23.2
chromium-dark-desktop › antd-submenu sub-right-space burst sample 10,antd-submenu,submenu,sub-right-space,sub-right,burst,10,ArrowRight Space,none | menu×2 | @menuitem:Codex,0,0,ArrowRight>menuitem:Provider[menu×1|f=menuitem:Provider|h=None]@4.2 ; Space>menuitem:Provider[menu×1|f=menuitem:Provider|h=None]@7.1
chromium-dark-desktop › antd-submenu sub-right-space burst sample 11,antd-submenu,submenu,sub-right-space,sub-right,burst,11,ArrowRight Space,none | menu×2 | @menuitem:Codex,0,0,ArrowRight>menuitem:Provider[menu×1|f=menuitem:Provider|h=None]@15.9 ; Space>menuitem:Provider[menu×1|f=menuitem:Provider|h=None]@18.8
chromium-dark-desktop › antd-submenu sub-right-space burst sample 12,antd-submenu,submenu,sub-right-space,sub-right,burst,12,ArrowRight Space,none | menu×2 | @menuitem:Codex,0,0,ArrowRight>menuitem:Provider[menu×1|f=menuitem:Provider|h=None]@17.4 ; Space>menuitem:Provider[menu×1|f=menuitem:Provider|h=None]@20.3
chromium-dark-desktop › antd-submenu sub-right-space burst sample 13,antd-submenu,submenu,sub-right-space,sub-right,burst,13,ArrowRight Space,none | menu×2 | @menuitem:Codex,0,0,ArrowRight>menuitem:Provider[menu×1|f=menuitem:Provider|h=None]@12.1 ; Space>menuitem:Provider[menu×1|f=menuitem:Provider|h=None]@15.6
chromium-dark-desktop › antd-submenu sub-right-space burst sample 14,antd-submenu,submenu,sub-right-space,sub-right,burst,14,ArrowRight Space,none | menu×2 | @menuitem:Codex,0,0,ArrowRight>menuitem:Provider[menu×1|f=menuitem:Provider|h=None]@4.1 ; Space>menuitem:Provider[menu×1|f=menuitem:Provider|h=None]@7.2
chromium-dark-desktop › antd-submenu sub-right-space burst sample 15,antd-submenu,submenu,sub-right-space,sub-right,burst,15,ArrowRight Space,none | menu×2 | @menuitem:Codex,0,0,ArrowRight>menuitem:Provider[menu×1|f=menuitem:Provider|h=None]@8.1 ; Space>menuitem:Provider[menu×1|f=menuitem:Provider|h=None]@11.2
chromium-dark-desktop › antd-submenu sub-right-space burst sample 16,antd-submenu,submenu,sub-right-space,sub-right,burst,16,ArrowRight Space,none | menu×2 | @menuitem:Codex,0,0,ArrowRight>menuitem:Provider[menu×1|f=menuitem:Provider|h=None]@16.3 ; Space>menuitem:Provider[menu×1|f=menuitem:Provider|h=None]@19.7
chromium-dark-desktop › antd-submenu sub-right-space burst sample 17,antd-submenu,submenu,sub-right-space,sub-right,burst,17,ArrowRight Space,none | menu×2 | @menuitem:Codex,0,0,ArrowRight>menuitem:Provider[menu×1|f=menuitem:Provider|h=None]@5.3 ; Space>menuitem:Provider[menu×1|f=menuitem:Provider|h=None]@8.2
chromium-dark-desktop › antd-submenu sub-right-space burst sample 18,antd-submenu,submenu,sub-right-space,sub-right,burst,18,ArrowRight Space,none | menu×2 | @menuitem:Codex,0,0,ArrowRight>menuitem:Provider[menu×1|f=menuitem:Provider|h=None]@6.7 ; Space>menuitem:Provider[menu×1|f=menuitem:Provider|h=None]@10.1
chromium-dark-desktop › antd-submenu sub-right-space burst sample 19,antd-submenu,submenu,sub-right-space,sub-right,burst,19,ArrowRight Space,none | menu×2 | @menuitem:Codex,0,0,ArrowRight>menuitem:Provider[menu×1|f=menuitem:Provider|h=None]@16.7 ; Space>menuitem:Provider[menu×1|f=menuitem:Provider|h=None]@20.4
chromium-dark-desktop › antd-submenu sub-right-space paced sample 0,antd-submenu,submenu,sub-right-space,sub-right,paced,0,ArrowRight Space,none | menu×2 | @menuitem:Codex,0,0,ArrowRight>menuitem:Provider[menu×1|f=menuitem:Provider|h=None]@18.4 ; Space>menuitem:Codex[menu×2|f=menuitem:Codex|h=None]@324.1
chromium-dark-desktop › antd-submenu sub-right-space paced sample 1,antd-submenu,submenu,sub-right-space,sub-right,paced,1,ArrowRight Space,none | menu×2 | @menuitem:Codex,0,0,ArrowRight>menuitem:Provider[menu×1|f=menuitem:Provider|h=None]@16.4 ; Space>menuitem:Codex[menu×2|f=menuitem:Codex|h=None]@323.5
chromium-dark-desktop › antd-submenu sub-right-space paced sample 2,antd-submenu,submenu,sub-right-space,sub-right,paced,2,ArrowRight Space,none | menu×2 | @menuitem:Codex,0,0,ArrowRight>menuitem:Provider[menu×1|f=menuitem:Provider|h=None]@18.3 ; Space>menuitem:Codex[menu×2|f=menuitem:Codex|h=None]@325.4
chromium-dark-desktop › antd-submenu sub-right-space paced sample 3,antd-submenu,submenu,sub-right-space,sub-right,paced,3,ArrowRight Space,none | menu×2 | @menuitem:Codex,0,0,ArrowRight>menuitem:Provider[menu×1|f=menuitem:Provider|h=None]@8.8 ; Space>menuitem:Codex[menu×2|f=menuitem:Codex|h=None]@316.9
chromium-dark-desktop › antd-submenu sub-right-space paced sample 4,antd-submenu,submenu,sub-right-space,sub-right,paced,4,ArrowRight Space,none | menu×2 | @menuitem:Codex,0,0,ArrowRight>menuitem:Provider[menu×1|f=menuitem:Provider|h=None]@3.8 ; Space>menuitem:Codex[menu×2|f=menuitem:Codex|h=None]@310.5
chromium-dark-desktop › antd-submenu sub-right-space paced sample 5,antd-submenu,submenu,sub-right-space,sub-right,paced,5,ArrowRight Space,none | menu×2 | @menuitem:Codex,0,0,ArrowRight>menuitem:Provider[menu×1|f=menuitem:Provider|h=None]@9.1 ; Space>menuitem:Codex[menu×2|f=menuitem:Codex|h=None]@315.3
chromium-dark-desktop › antd-submenu sub-right-space paced sample 6,antd-submenu,submenu,sub-right-space,sub-right,paced,6,ArrowRight Space,none | menu×2 | @menuitem:Codex,0,0,ArrowRight>menuitem:Provider[menu×1|f=menuitem:Provider|h=None]@19.5 ; Space>menuitem:Codex[menu×2|f=menuitem:Codex|h=None]@327.1
chromium-dark-desktop › antd-submenu sub-right-space paced sample 7,antd-submenu,submenu,sub-right-space,sub-right,paced,7,ArrowRight Space,none | menu×2 | @menuitem:Codex,0,0,ArrowRight>menuitem:Provider[menu×1|f=menuitem:Provider|h=None]@12.9 ; Space>menuitem:Codex[menu×2|f=menuitem:Codex|h=None]@319.7
chromium-dark-desktop › antd-submenu sub-right-space paced sample 8,antd-submenu,submenu,sub-right-space,sub-right,paced,8,ArrowRight Space,none | menu×2 | @menuitem:Codex,0,0,ArrowRight>menuitem:Provider[menu×1|f=menuitem:Provider|h=None]@15.7 ; Space>menuitem:Codex[menu×2|f=menuitem:Codex|h=None]@322.3
chromium-dark-desktop › antd-submenu sub-right-space paced sample 9,antd-submenu,submenu,sub-right-space,sub-right,paced,9,ArrowRight Space,none | menu×2 | @menuitem:Codex,0,0,ArrowRight>menuitem:Provider[menu×1|f=menuitem:Provider|h=None]@11.6 ; Space>menuitem:Codex[menu×2|f=menuitem:Codex|h=None]@318.4
chromium-dark-desktop › antd-submenu sub-right-space paced sample 10,antd-submenu,submenu,sub-right-space,sub-right,paced,10,ArrowRight Space,none | menu×2 | @menuitem:Codex,0,0,ArrowRight>menuitem:Provider[menu×1|f=menuitem:Provider|h=None]@14.8 ; Space>menuitem:Codex[menu×2|f=menuitem:Codex|h=None]@321.3
chromium-dark-desktop › antd-submenu sub-right-space paced sample 11,antd-submenu,submenu,sub-right-space,sub-right,paced,11,ArrowRight Space,none | menu×2 | @menuitem:Codex,0,0,ArrowRight>menuitem:Provider[menu×1|f=menuitem:Provider|h=None]@17.6 ; Space>menuitem:Codex[menu×2|f=menuitem:Codex|h=None]@324.3
chromium-dark-desktop › antd-submenu sub-right-space paced sample 12,antd-submenu,submenu,sub-right-space,sub-right,paced,12,ArrowRight Space,none | menu×2 | @menuitem:Codex,0,0,ArrowRight>menuitem:Provider[menu×1|f=menuitem:Provider|h=None]@6.7 ; Space>menuitem:Codex[menu×2|f=menuitem:Codex|h=None]@314.6
chromium-dark-desktop › antd-submenu sub-right-space paced sample 13,antd-submenu,submenu,sub-right-space,sub-right,paced,13,ArrowRight Space,none | menu×2 | @menuitem:Codex,0,0,ArrowRight>menuitem:Provider[menu×1|f=menuitem:Provider|h=None]@14.5 ; Space>menuitem:Codex[menu×2|f=menuitem:Codex|h=None]@321.9
chromium-dark-desktop › antd-submenu sub-right-space paced sample 14,antd-submenu,submenu,sub-right-space,sub-right,paced,14,ArrowRight Space,none | menu×2 | @menuitem:Codex,0,0,ArrowRight>menuitem:Provider[menu×1|f=menuitem:Provider|h=None]@6.5 ; Space>menuitem:Codex[menu×2|f=menuitem:Codex|h=None]@312.9
chromium-dark-desktop › antd-submenu sub-right-space paced sample 15,antd-submenu,submenu,sub-right-space,sub-right,paced,15,ArrowRight Space,none | menu×2 | @menuitem:Codex,0,0,ArrowRight>menuitem:Provider[menu×1|f=menuitem:Provider|h=None]@14.7 ; Space>menuitem:Codex[menu×2|f=menuitem:Codex|h=None]@321.6
chromium-dark-desktop › antd-submenu sub-right-space paced sample 16,antd-submenu,submenu,sub-right-space,sub-right,paced,16,ArrowRight Space,none | menu×2 | @menuitem:Codex,0,0,ArrowRight>menuitem:Provider[menu×1|f=menuitem:Provider|h=None]@14.5 ; Space>menuitem:Codex[menu×2|f=menuitem:Codex|h=None]@321.7
chromium-dark-desktop › antd-submenu sub-right-space paced sample 17,antd-submenu,submenu,sub-right-space,sub-right,paced,17,ArrowRight Space,none | menu×2 | @menuitem:Codex,0,0,ArrowRight>menuitem:Provider[menu×1|f=menuitem:Provider|h=None]@5.3 ; Space>menuitem:Codex[menu×2|f=menuitem:Codex|h=None]@313.7
chromium-dark-desktop › antd-submenu sub-right-space paced sample 18,antd-submenu,submenu,sub-right-space,sub-right,paced,18,ArrowRight Space,none | menu×2 | @menuitem:Codex,0,0,ArrowRight>menuitem:Provider[menu×1|f=menuitem:Provider|h=None]@16.4 ; Space>menuitem:Codex[menu×2|f=menuitem:Codex|h=None]@323.5
chromium-dark-desktop › antd-submenu sub-right-space paced sample 19,antd-submenu,submenu,sub-right-space,sub-right,paced,19,ArrowRight Space,none | menu×2 | @menuitem:Codex,0,0,ArrowRight>menuitem:Provider[menu×1|f=menuitem:Provider|h=None]@16.9 ; Space>menuitem:Codex[menu×2|f=menuitem:Codex|h=None]@323.6
chromium-dark-desktop › orbit-session sub-right-space burst sample 0,orbit-session,submenu,sub-right-space,sub-right,burst,0,ArrowRight Space,none | menu×2 | @menuitem:Codex,1,0,ArrowRight>menuitem:Provider[menu×1|f=menuitem:Provider|h=Provider]@11.3 ; Space>menuitem:Provider[menu×2|f=menuitem:Provider|h=Codex]@26.4
chromium-dark-desktop › orbit-session sub-right-space burst sample 1,orbit-session,submenu,sub-right-space,sub-right,burst,1,ArrowRight Space,none | menu×2 | @menuitem:Codex,1,0,ArrowRight>menuitem:Provider[menu×1|f=menuitem:Provider|h=Provider]@18.9 ; Space>menuitem:Provider[menu×2|f=menuitem:Provider|h=Codex]@32
chromium-dark-desktop › orbit-session sub-right-space burst sample 2,orbit-session,submenu,sub-right-space,sub-right,burst,2,ArrowRight Space,none | menu×2 | @menuitem:Codex,1,0,ArrowRight>menuitem:Provider[menu×1|f=menuitem:Provider|h=Provider]@16.8 ; Space>menuitem:Provider[menu×2|f=menuitem:Provider|h=Codex]@31.8
chromium-dark-desktop › orbit-session sub-right-space burst sample 3,orbit-session,submenu,sub-right-space,sub-right,burst,3,ArrowRight Space,none | menu×2 | @menuitem:Codex,1,0,ArrowRight>menuitem:Provider[menu×1|f=menuitem:Provider|h=Provider]@19.2 ; Space>menuitem:Provider[menu×2|f=menuitem:Provider|h=Codex]@40.3
chromium-dark-desktop › orbit-session sub-right-space burst sample 4,orbit-session,submenu,sub-right-space,sub-right,burst,4,ArrowRight Space,none | menu×2 | @menuitem:Codex,1,0,ArrowRight>menuitem:Provider[menu×1|f=menuitem:Provider|h=Provider]@11.7 ; Space>menuitem:Provider[menu×2|f=menuitem:Provider|h=Codex]@25.8
chromium-dark-desktop › orbit-session sub-right-space burst sample 5,orbit-session,submenu,sub-right-space,sub-right,burst,5,ArrowRight Space,none | menu×2 | @menuitem:Codex,1,0,ArrowRight>menuitem:Provider[menu×1|f=menuitem:Provider|h=Provider]@9.3 ; Space>menuitem:Provider[menu×2|f=menuitem:Provider|h=Codex]@22.7
chromium-dark-desktop › orbit-session sub-right-space burst sample 6,orbit-session,submenu,sub-right-space,sub-right,burst,6,ArrowRight Space,none | menu×2 | @menuitem:Codex,1,0,ArrowRight>menuitem:Provider[menu×1|f=menuitem:Provider|h=Provider]@9.4 ; Space>menuitem:Provider[menu×2|f=menuitem:Provider|h=Codex]@22.9
chromium-dark-desktop › orbit-session sub-right-space burst sample 7,orbit-session,submenu,sub-right-space,sub-right,burst,7,ArrowRight Space,none | menu×2 | @menuitem:Codex,1,0,ArrowRight>menuitem:Provider[menu×1|f=menuitem:Provider|h=Provider]@18.5 ; Space>menuitem:Provider[menu×2|f=menuitem:Provider|h=Codex]@33.2
chromium-dark-desktop › orbit-session sub-right-space burst sample 8,orbit-session,submenu,sub-right-space,sub-right,burst,8,ArrowRight Space,none | menu×2 | @menuitem:Codex,1,0,ArrowRight>menuitem:Provider[menu×1|f=menuitem:Provider|h=Provider]@5.7 ; Space>menuitem:Provider[menu×2|f=menuitem:Provider|h=Codex]@20.4
chromium-dark-desktop › orbit-session sub-right-space burst sample 9,orbit-session,submenu,sub-right-space,sub-right,burst,9,ArrowRight Space,none | menu×2 | @menuitem:Codex,1,0,ArrowRight>menuitem:Provider[menu×1|f=menuitem:Provider|h=Provider]@9 ; Space>menuitem:Provider[menu×2|f=menuitem:Provider|h=Codex]@22.1
chromium-dark-desktop › orbit-session sub-right-space burst sample 10,orbit-session,submenu,sub-right-space,sub-right,burst,10,ArrowRight Space,none | menu×2 | @menuitem:Codex,1,0,ArrowRight>menuitem:Provider[menu×1|f=menuitem:Provider|h=Provider]@10.6 ; Space>menuitem:Provider[menu×2|f=menuitem:Provider|h=Codex]@25.1
chromium-dark-desktop › orbit-session sub-right-space burst sample 11,orbit-session,submenu,sub-right-space,sub-right,burst,11,ArrowRight Space,none | menu×2 | @menuitem:Codex,1,0,ArrowRight>menuitem:Provider[menu×1|f=menuitem:Provider|h=Provider]@3.9 ; Space>menuitem:Provider[menu×2|f=menuitem:Provider|h=Codex]@17.2
chromium-dark-desktop › orbit-session sub-right-space burst sample 12,orbit-session,submenu,sub-right-space,sub-right,burst,12,ArrowRight Space,none | menu×2 | @menuitem:Codex,1,0,ArrowRight>menuitem:Provider[menu×1|f=menuitem:Provider|h=Provider]@15.2 ; Space>menuitem:Provider[menu×2|f=menuitem:Provider|h=Codex]@28.6
chromium-dark-desktop › orbit-session sub-right-space burst sample 13,orbit-session,submenu,sub-right-space,sub-right,burst,13,ArrowRight Space,none | menu×2 | @menuitem:Codex,1,0,ArrowRight>menuitem:Provider[menu×1|f=menuitem:Provider|h=Provider]@15.2 ; Space>menuitem:Provider[menu×2|f=menuitem:Provider|h=Codex]@30.2
chromium-dark-desktop › orbit-session sub-right-space burst sample 14,orbit-session,submenu,sub-right-space,sub-right,burst,14,ArrowRight Space,none | menu×2 | @menuitem:Codex,1,0,ArrowRight>menuitem:Provider[menu×1|f=menuitem:Provider|h=Provider]@4.4 ; Space>menuitem:Provider[menu×2|f=menuitem:Provider|h=Codex]@18.6
chromium-dark-desktop › orbit-session sub-right-space burst sample 15,orbit-session,submenu,sub-right-space,sub-right,burst,15,ArrowRight Space,none | menu×2 | @menuitem:Codex,1,0,ArrowRight>menuitem:Provider[menu×1|f=menuitem:Provider|h=Provider]@20.2 ; Space>menuitem:Provider[menu×2|f=menuitem:Provider|h=Codex]@34.3
chromium-dark-desktop › orbit-session sub-right-space burst sample 16,orbit-session,submenu,sub-right-space,sub-right,burst,16,ArrowRight Space,none | menu×2 | @menuitem:Codex,1,0,ArrowRight>menuitem:Provider[menu×1|f=menuitem:Provider|h=Provider]@9.1 ; Space>menuitem:Provider[menu×2|f=menuitem:Provider|h=Codex]@24
chromium-dark-desktop › orbit-session sub-right-space burst sample 17,orbit-session,submenu,sub-right-space,sub-right,burst,17,ArrowRight Space,none | menu×2 | @menuitem:Codex,1,0,ArrowRight>menuitem:Provider[menu×1|f=menuitem:Provider|h=Provider]@17.3 ; Space>menuitem:Provider[menu×2|f=menuitem:Provider|h=Codex]@31.8
chromium-dark-desktop › orbit-session sub-right-space burst sample 18,orbit-session,submenu,sub-right-space,sub-right,burst,18,ArrowRight Space,none | menu×2 | @menuitem:Codex,1,0,ArrowRight>menuitem:Provider[menu×1|f=menuitem:Provider|h=Provider]@8.5 ; Space>menuitem:Provider[menu×2|f=menuitem:Provider|h=Codex]@22.1
chromium-dark-desktop › orbit-session sub-right-space burst sample 19,orbit-session,submenu,sub-right-space,sub-right,burst,19,ArrowRight Space,none | menu×2 | @menuitem:Codex,1,0,ArrowRight>menuitem:Provider[menu×1|f=menuitem:Provider|h=Provider]@9.2 ; Space>menuitem:Provider[menu×2|f=menuitem:Provider|h=Codex]@23.1
chromium-dark-desktop › orbit-session sub-right-space paced sample 0,orbit-session,submenu,sub-right-space,sub-right,paced,0,ArrowRight Space,Picked=codex | none | @button:Session actions,0,0,ArrowRight>menuitem:Provider[menu×1|f=menuitem:Provider|h=Provider]@13.6 ; Space>menuitem:Codex[menu×2|f=menuitem:Codex|h=Codex]@338.3
chromium-dark-desktop › orbit-session sub-right-space paced sample 1,orbit-session,submenu,sub-right-space,sub-right,paced,1,ArrowRight Space,Picked=codex | none | @button:Session actions,0,0,ArrowRight>menuitem:Provider[menu×1|f=menuitem:Provider|h=Provider]@3.6 ; Space>menuitem:Codex[menu×2|f=menuitem:Codex|h=Codex]@320.8
chromium-dark-desktop › orbit-session sub-right-space paced sample 2,orbit-session,submenu,sub-right-space,sub-right,paced,2,ArrowRight Space,Picked=codex | none | @button:Session actions,0,0,ArrowRight>menuitem:Provider[menu×1|f=menuitem:Provider|h=Provider]@18.6 ; Space>menuitem:Codex[menu×2|f=menuitem:Codex|h=Codex]@341.9
chromium-dark-desktop › orbit-session sub-right-space paced sample 3,orbit-session,submenu,sub-right-space,sub-right,paced,3,ArrowRight Space,Picked=codex | none | @button:Session actions,0,0,ArrowRight>menuitem:Provider[menu×1|f=menuitem:Provider|h=Provider]@15.9 ; Space>menuitem:Codex[menu×2|f=menuitem:Codex|h=Codex]@338.4
chromium-dark-desktop › orbit-session sub-right-space paced sample 4,orbit-session,submenu,sub-right-space,sub-right,paced,4,ArrowRight Space,Picked=codex | none | @button:Session actions,0,0,ArrowRight>menuitem:Provider[menu×1|f=menuitem:Provider|h=Provider]@19.2 ; Space>menuitem:Codex[menu×2|f=menuitem:Codex|h=Codex]@343.7
chromium-dark-desktop › orbit-session sub-right-space paced sample 5,orbit-session,submenu,sub-right-space,sub-right,paced,5,ArrowRight Space,Picked=codex | none | @button:Session actions,0,0,ArrowRight>menuitem:Provider[menu×1|f=menuitem:Provider|h=Provider]@15.3 ; Space>menuitem:Codex[menu×2|f=menuitem:Codex|h=Codex]@333.5
chromium-dark-desktop › orbit-session sub-right-space paced sample 6,orbit-session,submenu,sub-right-space,sub-right,paced,6,ArrowRight Space,Picked=codex | none | @button:Session actions,0,0,ArrowRight>menuitem:Provider[menu×1|f=menuitem:Provider|h=Provider]@7 ; Space>menuitem:Codex[menu×2|f=menuitem:Codex|h=Codex]@328
chromium-dark-desktop › orbit-session sub-right-space paced sample 7,orbit-session,submenu,sub-right-space,sub-right,paced,7,ArrowRight Space,Picked=codex | none | @button:Session actions,0,0,ArrowRight>menuitem:Provider[menu×1|f=menuitem:Provider|h=Provider]@13.2 ; Space>menuitem:Codex[menu×2|f=menuitem:Codex|h=Codex]@335.4
chromium-dark-desktop › orbit-session sub-right-space paced sample 8,orbit-session,submenu,sub-right-space,sub-right,paced,8,ArrowRight Space,Picked=codex | none | @button:Session actions,0,0,ArrowRight>menuitem:Provider[menu×1|f=menuitem:Provider|h=Provider]@15.8 ; Space>menuitem:Codex[menu×2|f=menuitem:Codex|h=Codex]@339.5
chromium-dark-desktop › orbit-session sub-right-space paced sample 9,orbit-session,submenu,sub-right-space,sub-right,paced,9,ArrowRight Space,Picked=codex | none | @button:Session actions,0,0,ArrowRight>menuitem:Provider[menu×1|f=menuitem:Provider|h=Provider]@20.4 ; Space>menuitem:Codex[menu×2|f=menuitem:Codex|h=Codex]@343.8
chromium-dark-desktop › orbit-session sub-right-space paced sample 10,orbit-session,submenu,sub-right-space,sub-right,paced,10,ArrowRight Space,Picked=codex | none | @button:Session actions,0,0,ArrowRight>menuitem:Provider[menu×1|f=menuitem:Provider|h=Provider]@20.1 ; Space>menuitem:Codex[menu×2|f=menuitem:Codex|h=Codex]@344.7
chromium-dark-desktop › orbit-session sub-right-space paced sample 11,orbit-session,submenu,sub-right-space,sub-right,paced,11,ArrowRight Space,Picked=codex | none | @button:Session actions,0,0,ArrowRight>menuitem:Provider[menu×1|f=menuitem:Provider|h=Provider]@19.7 ; Space>menuitem:Codex[menu×2|f=menuitem:Codex|h=Codex]@343
chromium-dark-desktop › orbit-session sub-right-space paced sample 12,orbit-session,submenu,sub-right-space,sub-right,paced,12,ArrowRight Space,Picked=codex | none | @button:Session actions,0,0,ArrowRight>menuitem:Provider[menu×1|f=menuitem:Provider|h=Provider]@4.4 ; Space>menuitem:Codex[menu×2|f=menuitem:Codex|h=Codex]@328.7
chromium-dark-desktop › orbit-session sub-right-space paced sample 13,orbit-session,submenu,sub-right-space,sub-right,paced,13,ArrowRight Space,Picked=codex | none | @button:Session actions,0,0,ArrowRight>menuitem:Provider[menu×1|f=menuitem:Provider|h=Provider]@11 ; Space>menuitem:Codex[menu×2|f=menuitem:Codex|h=Codex]@341.7
chromium-dark-desktop › orbit-session sub-right-space paced sample 14,orbit-session,submenu,sub-right-space,sub-right,paced,14,ArrowRight Space,Picked=codex | none | @button:Session actions,0,0,ArrowRight>menuitem:Provider[menu×1|f=menuitem:Provider|h=Provider]@18.7 ; Space>menuitem:Codex[menu×2|f=menuitem:Codex|h=Codex]@343.7
chromium-dark-desktop › orbit-session sub-right-space paced sample 15,orbit-session,submenu,sub-right-space,sub-right,paced,15,ArrowRight Space,Picked=codex | none | @button:Session actions,0,0,ArrowRight>menuitem:Provider[menu×1|f=menuitem:Provider|h=Provider]@10.7 ; Space>menuitem:Codex[menu×2|f=menuitem:Codex|h=Codex]@332.5
chromium-dark-desktop › orbit-session sub-right-space paced sample 16,orbit-session,submenu,sub-right-space,sub-right,paced,16,ArrowRight Space,Picked=codex | none | @button:Session actions,0,0,ArrowRight>menuitem:Provider[menu×1|f=menuitem:Provider|h=Provider]@17.3 ; Space>menuitem:Codex[menu×2|f=menuitem:Codex|h=Codex]@339.8
chromium-dark-desktop › orbit-session sub-right-space paced sample 17,orbit-session,submenu,sub-right-space,sub-right,paced,17,ArrowRight Space,Picked=codex | none | @button:Session actions,0,0,ArrowRight>menuitem:Provider[menu×1|f=menuitem:Provider|h=Provider]@4.6 ; Space>menuitem:Codex[menu×2|f=menuitem:Codex|h=Codex]@328.2
chromium-dark-desktop › orbit-session sub-right-space paced sample 18,orbit-session,submenu,sub-right-space,sub-right,paced,18,ArrowRight Space,Picked=codex | none | @button:Session actions,0,0,ArrowRight>menuitem:Provider[menu×1|f=menuitem:Provider|h=Provider]@9.9 ; Space>menuitem:Codex[menu×2|f=menuitem:Codex|h=Codex]@330.5
chromium-dark-desktop › orbit-session sub-right-space paced sample 19,orbit-session,submenu,sub-right-space,sub-right,paced,19,ArrowRight Space,Picked=codex | none | @button:Session actions,0,0,ArrowRight>menuitem:Provider[menu×1|f=menuitem:Provider|h=Provider]@17.1 ; Space>menuitem:Codex[menu×2|f=menuitem:Codex|h=Codex]@339.2
chromium-dark-desktop › antd-session sub-right-space burst sample 0,antd-session,submenu,sub-right-space,sub-right,burst,0,ArrowRight Space,none | menu×2 | @menuitem:Codex,0,0,ArrowRight>menuitem:Provider[menu×1|f=menuitem:Provider|h=None]@3.9 ; Space>menuitem:Provider[menu×1|f=menuitem:Provider|h=None]@7.7
chromium-dark-desktop › antd-session sub-right-space burst sample 1,antd-session,submenu,sub-right-space,sub-right,burst,1,ArrowRight Space,none | menu×2 | @menuitem:Codex,0,0,ArrowRight>menuitem:Provider[menu×1|f=menuitem:Provider|h=None]@19.6 ; Space>menuitem:Provider[menu×1|f=menuitem:Provider|h=None]@24.1
chromium-dark-desktop › antd-session sub-right-space burst sample 2,antd-session,submenu,sub-right-space,sub-right,burst,2,ArrowRight Space,none | menu×2 | @menuitem:Codex,0,0,ArrowRight>menuitem:Provider[menu×1|f=menuitem:Provider|h=None]@20.9 ; Space>menuitem:Provider[menu×1|f=menuitem:Provider|h=None]@25.2
chromium-dark-desktop › antd-session sub-right-space burst sample 3,antd-session,submenu,sub-right-space,sub-right,burst,3,ArrowRight Space,none | menu×2 | @menuitem:Codex,0,0,ArrowRight>menuitem:Provider[menu×1|f=menuitem:Provider|h=None]@7.8 ; Space>menuitem:Provider[menu×1|f=menuitem:Provider|h=None]@11.6
chromium-dark-desktop › antd-session sub-right-space burst sample 4,antd-session,submenu,sub-right-space,sub-right,burst,4,ArrowRight Space,none | menu×2 | @menuitem:Codex,0,0,ArrowRight>menuitem:Provider[menu×1|f=menuitem:Provider|h=None]@11.8 ; Space>menuitem:Provider[menu×1|f=menuitem:Provider|h=None]@15.5
chromium-dark-desktop › antd-session sub-right-space burst sample 5,antd-session,submenu,sub-right-space,sub-right,burst,5,ArrowRight Space,none | menu×2 | @menuitem:Codex,0,0,ArrowRight>menuitem:Provider[menu×1|f=menuitem:Provider|h=None]@18.9 ; Space>menuitem:Provider[menu×1|f=menuitem:Provider|h=None]@22.7
chromium-dark-desktop › antd-session sub-right-space burst sample 6,antd-session,submenu,sub-right-space,sub-right,burst,6,ArrowRight Space,none | menu×2 | @menuitem:Codex,0,0,ArrowRight>menuitem:Provider[menu×1|f=menuitem:Provider|h=None]@7.8 ; Space>menuitem:Provider[menu×1|f=menuitem:Provider|h=None]@11.5
chromium-dark-desktop › antd-session sub-right-space burst sample 7,antd-session,submenu,sub-right-space,sub-right,burst,7,ArrowRight Space,none | menu×2 | @menuitem:Codex,0,0,ArrowRight>menuitem:Provider[menu×1|f=menuitem:Provider|h=None]@13.4 ; Space>menuitem:Provider[menu×1|f=menuitem:Provider|h=None]@17.1
chromium-dark-desktop › antd-session sub-right-space burst sample 8,antd-session,submenu,sub-right-space,sub-right,burst,8,ArrowRight Space,none | menu×2 | @menuitem:Codex,0,0,ArrowRight>menuitem:Provider[menu×1|f=menuitem:Provider|h=None]@11.5 ; Space>menuitem:Provider[menu×1|f=menuitem:Provider|h=None]@15.3
chromium-dark-desktop › antd-session sub-right-space burst sample 9,antd-session,submenu,sub-right-space,sub-right,burst,9,ArrowRight Space,none | menu×2 | @menuitem:Codex,0,0,ArrowRight>menuitem:Provider[menu×1|f=menuitem:Provider|h=None]@3 ; Space>menuitem:Provider[menu×1|f=menuitem:Provider|h=None]@7.3
chromium-dark-desktop › antd-session sub-right-space burst sample 10,antd-session,submenu,sub-right-space,sub-right,burst,10,ArrowRight Space,none | menu×2 | @menuitem:Codex,0,0,ArrowRight>menuitem:Provider[menu×1|f=menuitem:Provider|h=None]@10 ; Space>menuitem:Provider[menu×1|f=menuitem:Provider|h=None]@13.7
chromium-dark-desktop › antd-session sub-right-space burst sample 11,antd-session,submenu,sub-right-space,sub-right,burst,11,ArrowRight Space,none | menu×2 | @menuitem:Codex,0,0,ArrowRight>menuitem:Provider[menu×1|f=menuitem:Provider|h=None]@18.3 ; Space>menuitem:Provider[menu×1|f=menuitem:Provider|h=None]@22.1
chromium-dark-desktop › antd-session sub-right-space burst sample 12,antd-session,submenu,sub-right-space,sub-right,burst,12,ArrowRight Space,none | menu×2 | @menuitem:Codex,0,0,ArrowRight>menuitem:Provider[menu×1|f=menuitem:Provider|h=None]@11.5 ; Space>menuitem:Provider[menu×1|f=menuitem:Provider|h=None]@15.2
chromium-dark-desktop › antd-session sub-right-space burst sample 13,antd-session,submenu,sub-right-space,sub-right,burst,13,ArrowRight Space,none | menu×2 | @menuitem:Codex,0,0,ArrowRight>menuitem:Provider[menu×1|f=menuitem:Provider|h=None]@19.3 ; Space>menuitem:Provider[menu×1|f=menuitem:Provider|h=None]@23.2
chromium-dark-desktop › antd-session sub-right-space burst sample 14,antd-session,submenu,sub-right-space,sub-right,burst,14,ArrowRight Space,none | menu×2 | @menuitem:Codex,0,0,ArrowRight>menuitem:Provider[menu×1|f=menuitem:Provider|h=None]@3.3 ; Space>menuitem:Provider[menu×1|f=menuitem:Provider|h=None]@7.2
chromium-dark-desktop › antd-session sub-right-space burst sample 15,antd-session,submenu,sub-right-space,sub-right,burst,15,ArrowRight Space,none | menu×2 | @menuitem:Codex,0,0,ArrowRight>menuitem:Provider[menu×1|f=menuitem:Provider|h=None]@19.6 ; Space>menuitem:Provider[menu×1|f=menuitem:Provider|h=None]@23.3
chromium-dark-desktop › antd-session sub-right-space burst sample 16,antd-session,submenu,sub-right-space,sub-right,burst,16,ArrowRight Space,none | menu×2 | @menuitem:Codex,0,0,ArrowRight>menuitem:Provider[menu×1|f=menuitem:Provider|h=None]@19.9 ; Space>menuitem:Provider[menu×1|f=menuitem:Provider|h=None]@23.9
chromium-dark-desktop › antd-session sub-right-space burst sample 17,antd-session,submenu,sub-right-space,sub-right,burst,17,ArrowRight Space,none | menu×2 | @menuitem:Codex,0,0,ArrowRight>menuitem:Provider[menu×1|f=menuitem:Provider|h=None]@2.5 ; Space>menuitem:Provider[menu×1|f=menuitem:Provider|h=None]@6.1
chromium-dark-desktop › antd-session sub-right-space burst sample 18,antd-session,submenu,sub-right-space,sub-right,burst,18,ArrowRight Space,none | menu×2 | @menuitem:Codex,0,0,ArrowRight>menuitem:Provider[menu×1|f=menuitem:Provider|h=None]@12.6 ; Space>menuitem:Provider[menu×1|f=menuitem:Provider|h=None]@16.6
chromium-dark-desktop › antd-session sub-right-space burst sample 19,antd-session,submenu,sub-right-space,sub-right,burst,19,ArrowRight Space,none | menu×2 | @menuitem:Codex,0,0,ArrowRight>menuitem:Provider[menu×1|f=menuitem:Provider|h=None]@5.2 ; Space>menuitem:Provider[menu×1|f=menuitem:Provider|h=None]@9.3
chromium-dark-desktop › antd-session sub-right-space paced sample 0,antd-session,submenu,sub-right-space,sub-right,paced,0,ArrowRight Space,none | menu×2 | @menuitem:Codex,0,0,ArrowRight>menuitem:Provider[menu×1|f=menuitem:Provider|h=None]@11.3 ; Space>menuitem:Codex[menu×2|f=menuitem:Codex|h=None]@318.1
chromium-dark-desktop › antd-session sub-right-space paced sample 1,antd-session,submenu,sub-right-space,sub-right,paced,1,ArrowRight Space,none | menu×2 | @menuitem:Codex,0,0,ArrowRight>menuitem:Provider[menu×1|f=menuitem:Provider|h=None]@19.6 ; Space>menuitem:Codex[menu×2|f=menuitem:Codex|h=None]@327
chromium-dark-desktop › antd-session sub-right-space paced sample 2,antd-session,submenu,sub-right-space,sub-right,paced,2,ArrowRight Space,none | menu×2 | @menuitem:Codex,0,0,ArrowRight>menuitem:Provider[menu×1|f=menuitem:Provider|h=None]@5.7 ; Space>menuitem:Codex[menu×2|f=menuitem:Codex|h=None]@312.5
chromium-dark-desktop › antd-session sub-right-space paced sample 3,antd-session,submenu,sub-right-space,sub-right,paced,3,ArrowRight Space,none | menu×2 | @menuitem:Codex,0,0,ArrowRight>menuitem:Provider[menu×1|f=menuitem:Provider|h=None]@17.8 ; Space>menuitem:Codex[menu×2|f=menuitem:Codex|h=None]@325.8
chromium-dark-desktop › antd-session sub-right-space paced sample 4,antd-session,submenu,sub-right-space,sub-right,paced,4,ArrowRight Space,none | menu×2 | @menuitem:Codex,0,0,ArrowRight>menuitem:Provider[menu×1|f=menuitem:Provider|h=None]@13.7 ; Space>menuitem:Codex[menu×2|f=menuitem:Codex|h=None]@321
chromium-dark-desktop › antd-session sub-right-space paced sample 5,antd-session,submenu,sub-right-space,sub-right,paced,5,ArrowRight Space,none | menu×2 | @menuitem:Codex,0,0,ArrowRight>menuitem:Provider[menu×1|f=menuitem:Provider|h=None]@20 ; Space>menuitem:Codex[menu×2|f=menuitem:Codex|h=None]@326.5
chromium-dark-desktop › antd-session sub-right-space paced sample 6,antd-session,submenu,sub-right-space,sub-right,paced,6,ArrowRight Space,none | menu×2 | @menuitem:Codex,0,0,ArrowRight>menuitem:Provider[menu×1|f=menuitem:Provider|h=None]@7.6 ; Space>menuitem:Codex[menu×2|f=menuitem:Codex|h=None]@314.9
chromium-dark-desktop › antd-session sub-right-space paced sample 7,antd-session,submenu,sub-right-space,sub-right,paced,7,ArrowRight Space,none | menu×2 | @menuitem:Codex,0,0,ArrowRight>menuitem:Provider[menu×1|f=menuitem:Provider|h=None]@9.1 ; Space>menuitem:Codex[menu×2|f=menuitem:Codex|h=None]@316.9
chromium-dark-desktop › antd-session sub-right-space paced sample 8,antd-session,submenu,sub-right-space,sub-right,paced,8,ArrowRight Space,none | menu×2 | @menuitem:Codex,0,0,ArrowRight>menuitem:Provider[menu×1|f=menuitem:Provider|h=None]@16.6 ; Space>menuitem:Codex[menu×2|f=menuitem:Codex|h=None]@325.2
chromium-dark-desktop › antd-session sub-right-space paced sample 9,antd-session,submenu,sub-right-space,sub-right,paced,9,ArrowRight Space,none | menu×2 | @menuitem:Codex,0,0,ArrowRight>menuitem:Provider[menu×1|f=menuitem:Provider|h=None]@16.7 ; Space>menuitem:Codex[menu×2|f=menuitem:Codex|h=None]@324.9
chromium-dark-desktop › antd-session sub-right-space paced sample 10,antd-session,submenu,sub-right-space,sub-right,paced,10,ArrowRight Space,none | menu×2 | @menuitem:Codex,0,0,ArrowRight>menuitem:Provider[menu×1|f=menuitem:Provider|h=None]@10.1 ; Space>menuitem:Codex[menu×2|f=menuitem:Codex|h=None]@317.6
chromium-dark-desktop › antd-session sub-right-space paced sample 11,antd-session,submenu,sub-right-space,sub-right,paced,11,ArrowRight Space,none | menu×2 | @menuitem:Codex,0,0,ArrowRight>menuitem:Provider[menu×1|f=menuitem:Provider|h=None]@10.4 ; Space>menuitem:Codex[menu×2|f=menuitem:Codex|h=None]@317.2
chromium-dark-desktop › antd-session sub-right-space paced sample 12,antd-session,submenu,sub-right-space,sub-right,paced,12,ArrowRight Space,none | menu×2 | @menuitem:Codex,0,0,ArrowRight>menuitem:Provider[menu×1|f=menuitem:Provider|h=None]@12.8 ; Space>menuitem:Codex[menu×2|f=menuitem:Codex|h=None]@319.7
chromium-dark-desktop › antd-session sub-right-space paced sample 13,antd-session,submenu,sub-right-space,sub-right,paced,13,ArrowRight Space,none | menu×2 | @menuitem:Codex,0,0,ArrowRight>menuitem:Provider[menu×1|f=menuitem:Provider|h=None]@3.2 ; Space>menuitem:Codex[menu×2|f=menuitem:Codex|h=None]@309.1
chromium-dark-desktop › antd-session sub-right-space paced sample 14,antd-session,submenu,sub-right-space,sub-right,paced,14,ArrowRight Space,none | menu×2 | @menuitem:Codex,0,0,ArrowRight>menuitem:Provider[menu×1|f=menuitem:Provider|h=None]@14.5 ; Space>menuitem:Codex[menu×2|f=menuitem:Codex|h=None]@321.7
chromium-dark-desktop › antd-session sub-right-space paced sample 15,antd-session,submenu,sub-right-space,sub-right,paced,15,ArrowRight Space,none | menu×2 | @menuitem:Codex,0,0,ArrowRight>menuitem:Provider[menu×1|f=menuitem:Provider|h=None]@14.1 ; Space>menuitem:Codex[menu×2|f=menuitem:Codex|h=None]@320.6
chromium-dark-desktop › antd-session sub-right-space paced sample 16,antd-session,submenu,sub-right-space,sub-right,paced,16,ArrowRight Space,none | menu×2 | @menuitem:Codex,0,0,ArrowRight>menuitem:Provider[menu×1|f=menuitem:Provider|h=None]@7 ; Space>menuitem:Codex[menu×2|f=menuitem:Codex|h=None]@314.5
chromium-dark-desktop › antd-session sub-right-space paced sample 17,antd-session,submenu,sub-right-space,sub-right,paced,17,ArrowRight Space,none | menu×2 | @menuitem:Codex,0,0,ArrowRight>menuitem:Provider[menu×1|f=menuitem:Provider|h=None]@6.8 ; Space>menuitem:Codex[menu×2|f=menuitem:Codex|h=None]@313.8
chromium-dark-desktop › antd-session sub-right-space paced sample 18,antd-session,submenu,sub-right-space,sub-right,paced,18,ArrowRight Space,none | menu×2 | @menuitem:Codex,0,0,ArrowRight>menuitem:Provider[menu×1|f=menuitem:Provider|h=None]@18 ; Space>menuitem:Codex[menu×2|f=menuitem:Codex|h=None]@325.1
chromium-dark-desktop › antd-session sub-right-space paced sample 19,antd-session,submenu,sub-right-space,sub-right,paced,19,ArrowRight Space,none | menu×2 | @menuitem:Codex,0,0,ArrowRight>menuitem:Provider[menu×1|f=menuitem:Provider|h=None]@8.3 ; Space>menuitem:Codex[menu×2|f=menuitem:Codex|h=None]@316.8
chromium-dark-desktop › orbit-submenu sub-right-home-enter burst sample 0,orbit-submenu,submenu,sub-right-home-enter,sub-right-enter,burst,0,ArrowRight Home Enter,Action=default | none | @button:Session actions,1,0,ArrowRight>menuitem:Provider[menu×1|f=menuitem:Provider|h=Provider]@5.2 ; Home>menuitem:Provider[menu×2|f=menuitem:Provider|h=Codex]@18.7 ; Enter>menuitem:Default model[menu×2|f=menuitem:Default model|h=None]@27.1
chromium-dark-desktop › orbit-submenu sub-right-home-enter burst sample 1,orbit-submenu,submenu,sub-right-home-enter,sub-right-enter,burst,1,ArrowRight Home Enter,Action=default | none | @button:Session actions,1,0,ArrowRight>menuitem:Provider[menu×1|f=menuitem:Provider|h=Provider]@5 ; Home>menuitem:Provider[menu×2|f=menuitem:Provider|h=Codex]@18 ; Enter>menuitem:Default model[menu×2|f=menuitem:Default model|h=None]@26.7
chromium-dark-desktop › orbit-submenu sub-right-home-enter burst sample 2,orbit-submenu,submenu,sub-right-home-enter,sub-right-enter,burst,2,ArrowRight Home Enter,Action=default | none | @button:Session actions,1,0,ArrowRight>menuitem:Provider[menu×1|f=menuitem:Provider|h=Provider]@12.3 ; Home>menuitem:Provider[menu×2|f=menuitem:Provider|h=Codex]@26.2 ; Enter>menuitem:Default model[menu×2|f=menuitem:Default model|h=None]@34.6
chromium-dark-desktop › orbit-submenu sub-right-home-enter burst sample 3,orbit-submenu,submenu,sub-right-home-enter,sub-right-enter,burst,3,ArrowRight Home Enter,Action=default | none | @button:Session actions,1,0,ArrowRight>menuitem:Provider[menu×1|f=menuitem:Provider|h=Provider]@14.5 ; Home>menuitem:Provider[menu×2|f=menuitem:Provider|h=Codex]@27.8 ; Enter>menuitem:Default model[menu×2|f=menuitem:Default model|h=None]@36.1
chromium-dark-desktop › orbit-submenu sub-right-home-enter burst sample 4,orbit-submenu,submenu,sub-right-home-enter,sub-right-enter,burst,4,ArrowRight Home Enter,Action=default | none | @button:Session actions,1,0,ArrowRight>menuitem:Provider[menu×1|f=menuitem:Provider|h=Provider]@17.8 ; Home>menuitem:Provider[menu×2|f=menuitem:Provider|h=Codex]@31.8 ; Enter>menuitem:Default model[menu×2|f=menuitem:Default model|h=None]@39.7
chromium-dark-desktop › orbit-submenu sub-right-home-enter burst sample 5,orbit-submenu,submenu,sub-right-home-enter,sub-right-enter,burst,5,ArrowRight Home Enter,Action=default | none | @button:Session actions,1,0,ArrowRight>menuitem:Provider[menu×1|f=menuitem:Provider|h=Provider]@12.4 ; Home>menuitem:Provider[menu×2|f=menuitem:Provider|h=Codex]@26.4 ; Enter>menuitem:Default model[menu×2|f=menuitem:Default model|h=None]@34.8
chromium-dark-desktop › orbit-submenu sub-right-home-enter burst sample 6,orbit-submenu,submenu,sub-right-home-enter,sub-right-enter,burst,6,ArrowRight Home Enter,Action=default | none | @button:Session actions,1,0,ArrowRight>menuitem:Provider[menu×1|f=menuitem:Provider|h=Provider]@3.8 ; Home>menuitem:Provider[menu×2|f=menuitem:Provider|h=Codex]@18.1 ; Enter>menuitem:Default model[menu×2|f=menuitem:Default model|h=None]@26.7
chromium-dark-desktop › orbit-submenu sub-right-home-enter burst sample 7,orbit-submenu,submenu,sub-right-home-enter,sub-right-enter,burst,7,ArrowRight Home Enter,Action=default | none | @button:Session actions,1,0,ArrowRight>menuitem:Provider[menu×1|f=menuitem:Provider|h=Provider]@23.1 ; Home>menuitem:Provider[menu×2|f=menuitem:Provider|h=Codex]@38.4 ; Enter>menuitem:Default model[menu×2|f=menuitem:Default model|h=None]@48.4
chromium-dark-desktop › orbit-submenu sub-right-home-enter burst sample 8,orbit-submenu,submenu,sub-right-home-enter,sub-right-enter,burst,8,ArrowRight Home Enter,Action=default | none | @button:Session actions,1,0,ArrowRight>menuitem:Provider[menu×1|f=menuitem:Provider|h=Provider]@11.4 ; Home>menuitem:Provider[menu×2|f=menuitem:Provider|h=Codex]@26 ; Enter>menuitem:Default model[menu×2|f=menuitem:Default model|h=None]@35.2
chromium-dark-desktop › orbit-submenu sub-right-home-enter burst sample 9,orbit-submenu,submenu,sub-right-home-enter,sub-right-enter,burst,9,ArrowRight Home Enter,Action=default | none | @button:Session actions,1,0,ArrowRight>menuitem:Provider[menu×1|f=menuitem:Provider|h=Provider]@17.9 ; Home>menuitem:Provider[menu×2|f=menuitem:Provider|h=Codex]@32.7 ; Enter>menuitem:Default model[menu×2|f=menuitem:Default model|h=None]@41.8
chromium-dark-desktop › orbit-submenu sub-right-home-enter burst sample 10,orbit-submenu,submenu,sub-right-home-enter,sub-right-enter,burst,10,ArrowRight Home Enter,Action=default | none | @button:Session actions,1,0,ArrowRight>menuitem:Provider[menu×1|f=menuitem:Provider|h=Provider]@10.6 ; Home>menuitem:Provider[menu×2|f=menuitem:Provider|h=Codex]@25 ; Enter>menuitem:Default model[menu×2|f=menuitem:Default model|h=None]@34.6
chromium-dark-desktop › orbit-submenu sub-right-home-enter burst sample 11,orbit-submenu,submenu,sub-right-home-enter,sub-right-enter,burst,11,ArrowRight Home Enter,Action=default | none | @button:Session actions,1,0,ArrowRight>menuitem:Provider[menu×1|f=menuitem:Provider|h=Provider]@5.9 ; Home>menuitem:Provider[menu×2|f=menuitem:Provider|h=Codex]@20.3 ; Enter>menuitem:Default model[menu×2|f=menuitem:Default model|h=None]@29.2
chromium-dark-desktop › orbit-submenu sub-right-home-enter burst sample 12,orbit-submenu,submenu,sub-right-home-enter,sub-right-enter,burst,12,ArrowRight Home Enter,Action=default | none | @button:Session actions,1,0,ArrowRight>menuitem:Provider[menu×1|f=menuitem:Provider|h=Provider]@18.4 ; Home>menuitem:Provider[menu×2|f=menuitem:Provider|h=Codex]@33.3 ; Enter>menuitem:Default model[menu×2|f=menuitem:Default model|h=None]@42.9
chromium-dark-desktop › orbit-submenu sub-right-home-enter burst sample 13,orbit-submenu,submenu,sub-right-home-enter,sub-right-enter,burst,13,ArrowRight Home Enter,Action=default | none | @button:Session actions,1,0,ArrowRight>menuitem:Provider[menu×1|f=menuitem:Provider|h=Provider]@11.4 ; Home>menuitem:Provider[menu×2|f=menuitem:Provider|h=Codex]@25.2 ; Enter>menuitem:Default model[menu×2|f=menuitem:Default model|h=None]@33.6
chromium-dark-desktop › orbit-submenu sub-right-home-enter burst sample 14,orbit-submenu,submenu,sub-right-home-enter,sub-right-enter,burst,14,ArrowRight Home Enter,Action=default | none | @button:Session actions,1,0,ArrowRight>menuitem:Provider[menu×1|f=menuitem:Provider|h=Provider]@12.8 ; Home>menuitem:Provider[menu×2|f=menuitem:Provider|h=Codex]@29.1 ; Enter>menuitem:Default model[menu×2|f=menuitem:Default model|h=None]@40
chromium-dark-desktop › orbit-submenu sub-right-home-enter burst sample 15,orbit-submenu,submenu,sub-right-home-enter,sub-right-enter,burst,15,ArrowRight Home Enter,Action=default | none | @button:Session actions,1,0,ArrowRight>menuitem:Provider[menu×1|f=menuitem:Provider|h=Provider]@8.8 ; Home>menuitem:Provider[menu×2|f=menuitem:Provider|h=Codex]@22.8 ; Enter>menuitem:Default model[menu×2|f=menuitem:Default model|h=None]@31.1
chromium-dark-desktop › orbit-submenu sub-right-home-enter burst sample 16,orbit-submenu,submenu,sub-right-home-enter,sub-right-enter,burst,16,ArrowRight Home Enter,Action=default | none | @button:Session actions,1,0,ArrowRight>menuitem:Provider[menu×1|f=menuitem:Provider|h=Provider]@7.9 ; Home>menuitem:Provider[menu×2|f=menuitem:Provider|h=Codex]@23.8 ; Enter>menuitem:Default model[menu×2|f=menuitem:Default model|h=None]@33.9
chromium-dark-desktop › orbit-submenu sub-right-home-enter burst sample 17,orbit-submenu,submenu,sub-right-home-enter,sub-right-enter,burst,17,ArrowRight Home Enter,Action=default | none | @button:Session actions,1,0,ArrowRight>menuitem:Provider[menu×1|f=menuitem:Provider|h=Provider]@7.1 ; Home>menuitem:Provider[menu×2|f=menuitem:Provider|h=Codex]@21.3 ; Enter>menuitem:Default model[menu×2|f=menuitem:Default model|h=None]@30.3
chromium-dark-desktop › orbit-submenu sub-right-home-enter burst sample 18,orbit-submenu,submenu,sub-right-home-enter,sub-right-enter,burst,18,ArrowRight Home Enter,Action=default | none | @button:Session actions,1,0,ArrowRight>menuitem:Provider[menu×1|f=menuitem:Provider|h=Provider]@5.2 ; Home>menuitem:Provider[menu×2|f=menuitem:Provider|h=Codex]@18.8 ; Enter>menuitem:Default model[menu×2|f=menuitem:Default model|h=None]@27.3
chromium-dark-desktop › orbit-submenu sub-right-home-enter burst sample 19,orbit-submenu,submenu,sub-right-home-enter,sub-right-enter,burst,19,ArrowRight Home Enter,Action=default | none | @button:Session actions,1,0,ArrowRight>menuitem:Provider[menu×1|f=menuitem:Provider|h=Provider]@16.8 ; Home>menuitem:Provider[menu×2|f=menuitem:Provider|h=Codex]@31.7 ; Enter>menuitem:Default model[menu×2|f=menuitem:Default model|h=None]@40.2
chromium-dark-desktop › orbit-submenu sub-right-home-enter paced sample 0,orbit-submenu,submenu,sub-right-home-enter,sub-right-enter,paced,0,ArrowRight Home Enter,Action=codex | none | @button:Session actions,0,0,ArrowRight>menuitem:Provider[menu×1|f=menuitem:Provider|h=Provider]@16.7 ; Home>menuitem:Codex[menu×2|f=menuitem:Codex|h=Codex]@341.3 ; Enter>menuitem:Codex[menu×2|f=menuitem:Codex|h=Codex]@645.7
chromium-dark-desktop › orbit-submenu sub-right-home-enter paced sample 1,orbit-submenu,submenu,sub-right-home-enter,sub-right-enter,paced,1,ArrowRight Home Enter,Action=codex | none | @button:Session actions,0,0,ArrowRight>menuitem:Provider[menu×1|f=menuitem:Provider|h=Provider]@16.2 ; Home>menuitem:Codex[menu×2|f=menuitem:Codex|h=Codex]@337.7 ; Enter>menuitem:Codex[menu×2|f=menuitem:Codex|h=Codex]@643.3
chromium-dark-desktop › orbit-submenu sub-right-home-enter paced sample 2,orbit-submenu,submenu,sub-right-home-enter,sub-right-enter,paced,2,ArrowRight Home Enter,Action=codex | none | @button:Session actions,0,0,ArrowRight>menuitem:Provider[menu×1|f=menuitem:Provider|h=Provider]@19.5 ; Home>menuitem:Codex[menu×2|f=menuitem:Codex|h=Codex]@343.3 ; Enter>menuitem:Codex[menu×2|f=menuitem:Codex|h=Codex]@647.4
chromium-dark-desktop › orbit-submenu sub-right-home-enter paced sample 3,orbit-submenu,submenu,sub-right-home-enter,sub-right-enter,paced,3,ArrowRight Home Enter,Action=codex | none | @button:Session actions,0,0,ArrowRight>menuitem:Provider[menu×1|f=menuitem:Provider|h=Provider]@18.2 ; Home>menuitem:Codex[menu×2|f=menuitem:Codex|h=Codex]@341.2 ; Enter>menuitem:Codex[menu×2|f=menuitem:Codex|h=Codex]@647.2
chromium-dark-desktop › orbit-submenu sub-right-home-enter paced sample 4,orbit-submenu,submenu,sub-right-home-enter,sub-right-enter,paced,4,ArrowRight Home Enter,Action=codex | none | @button:Session actions,0,0,ArrowRight>menuitem:Provider[menu×1|f=menuitem:Provider|h=Provider]@16.2 ; Home>menuitem:Codex[menu×2|f=menuitem:Codex|h=Codex]@346.9 ; Enter>menuitem:Codex[menu×2|f=menuitem:Codex|h=Codex]@651.9
chromium-dark-desktop › orbit-submenu sub-right-home-enter paced sample 5,orbit-submenu,submenu,sub-right-home-enter,sub-right-enter,paced,5,ArrowRight Home Enter,Action=codex | none | @button:Session actions,0,0,ArrowRight>menuitem:Provider[menu×1|f=menuitem:Provider|h=Provider]@10.3 ; Home>menuitem:Codex[menu×2|f=menuitem:Codex|h=Codex]@333.5 ; Enter>menuitem:Codex[menu×2|f=menuitem:Codex|h=Codex]@638.6
chromium-dark-desktop › orbit-submenu sub-right-home-enter paced sample 6,orbit-submenu,submenu,sub-right-home-enter,sub-right-enter,paced,6,ArrowRight Home Enter,Action=codex | none | @button:Session actions,0,0,ArrowRight>menuitem:Provider[menu×1|f=menuitem:Provider|h=Provider]@4 ; Home>menuitem:Codex[menu×2|f=menuitem:Codex|h=Codex]@323 ; Enter>menuitem:Codex[menu×2|f=menuitem:Codex|h=Codex]@628.8
chromium-dark-desktop › orbit-submenu sub-right-home-enter paced sample 7,orbit-submenu,submenu,sub-right-home-enter,sub-right-enter,paced,7,ArrowRight Home Enter,Action=codex | none | @button:Session actions,0,0,ArrowRight>menuitem:Provider[menu×1|f=menuitem:Provider|h=Provider]@13.1 ; Home>menuitem:Codex[menu×2|f=menuitem:Codex|h=Codex]@335.3 ; Enter>menuitem:Codex[menu×2|f=menuitem:Codex|h=Codex]@640.7
chromium-dark-desktop › orbit-submenu sub-right-home-enter paced sample 8,orbit-submenu,submenu,sub-right-home-enter,sub-right-enter,paced,8,ArrowRight Home Enter,Action=codex | none | @button:Session actions,0,0,ArrowRight>menuitem:Provider[menu×1|f=menuitem:Provider|h=Provider]@10 ; Home>menuitem:Codex[menu×2|f=menuitem:Codex|h=Codex]@331.3 ; Enter>menuitem:Codex[menu×2|f=menuitem:Codex|h=Codex]@636.2
chromium-dark-desktop › orbit-submenu sub-right-home-enter paced sample 9,orbit-submenu,submenu,sub-right-home-enter,sub-right-enter,paced,9,ArrowRight Home Enter,Action=codex | none | @button:Session actions,0,0,ArrowRight>menuitem:Provider[menu×1|f=menuitem:Provider|h=Provider]@12.2 ; Home>menuitem:Codex[menu×2|f=menuitem:Codex|h=Codex]@336.8 ; Enter>menuitem:Codex[menu×2|f=menuitem:Codex|h=Codex]@641.7
chromium-dark-desktop › orbit-submenu sub-right-home-enter paced sample 10,orbit-submenu,submenu,sub-right-home-enter,sub-right-enter,paced,10,ArrowRight Home Enter,Action=codex | none | @button:Session actions,0,0,ArrowRight>menuitem:Provider[menu×1|f=menuitem:Provider|h=Provider]@9.4 ; Home>menuitem:Codex[menu×2|f=menuitem:Codex|h=Codex]@333.5 ; Enter>menuitem:Codex[menu×2|f=menuitem:Codex|h=Codex]@638.1
chromium-dark-desktop › orbit-submenu sub-right-home-enter paced sample 11,orbit-submenu,submenu,sub-right-home-enter,sub-right-enter,paced,11,ArrowRight Home Enter,Action=codex | none | @button:Session actions,0,0,ArrowRight>menuitem:Provider[menu×1|f=menuitem:Provider|h=Provider]@21.4 ; Home>menuitem:Codex[menu×2|f=menuitem:Codex|h=Codex]@343.5 ; Enter>menuitem:Codex[menu×2|f=menuitem:Codex|h=Codex]@648.7
chromium-dark-desktop › orbit-submenu sub-right-home-enter paced sample 12,orbit-submenu,submenu,sub-right-home-enter,sub-right-enter,paced,12,ArrowRight Home Enter,Action=codex | none | @button:Session actions,0,0,ArrowRight>menuitem:Provider[menu×1|f=menuitem:Provider|h=Provider]@5.7 ; Home>menuitem:Codex[menu×2|f=menuitem:Codex|h=Codex]@328.7 ; Enter>menuitem:Codex[menu×2|f=menuitem:Codex|h=Codex]@634
chromium-dark-desktop › orbit-submenu sub-right-home-enter paced sample 13,orbit-submenu,submenu,sub-right-home-enter,sub-right-enter,paced,13,ArrowRight Home Enter,Action=codex | none | @button:Session actions,0,0,ArrowRight>menuitem:Provider[menu×1|f=menuitem:Provider|h=Provider]@18.8 ; Home>menuitem:Codex[menu×2|f=menuitem:Codex|h=Codex]@347.7 ; Enter>menuitem:Codex[menu×2|f=menuitem:Codex|h=Codex]@653.2
chromium-dark-desktop › orbit-submenu sub-right-home-enter paced sample 14,orbit-submenu,submenu,sub-right-home-enter,sub-right-enter,paced,14,ArrowRight Home Enter,Action=codex | none | @button:Session actions,0,0,ArrowRight>menuitem:Provider[menu×1|f=menuitem:Provider|h=Provider]@15.2 ; Home>menuitem:Codex[menu×2|f=menuitem:Codex|h=Codex]@337.8 ; Enter>menuitem:Codex[menu×2|f=menuitem:Codex|h=Codex]@642.6
chromium-dark-desktop › orbit-submenu sub-right-home-enter paced sample 15,orbit-submenu,submenu,sub-right-home-enter,sub-right-enter,paced,15,ArrowRight Home Enter,Action=codex | none | @button:Session actions,0,0,ArrowRight>menuitem:Provider[menu×1|f=menuitem:Provider|h=Provider]@6.3 ; Home>menuitem:Codex[menu×2|f=menuitem:Codex|h=Codex]@324.8 ; Enter>menuitem:Codex[menu×2|f=menuitem:Codex|h=Codex]@630.1
chromium-dark-desktop › orbit-submenu sub-right-home-enter paced sample 16,orbit-submenu,submenu,sub-right-home-enter,sub-right-enter,paced,16,ArrowRight Home Enter,Action=codex | none | @button:Session actions,0,0,ArrowRight>menuitem:Provider[menu×1|f=menuitem:Provider|h=Provider]@9.4 ; Home>menuitem:Codex[menu×2|f=menuitem:Codex|h=Codex]@331.4 ; Enter>menuitem:Codex[menu×2|f=menuitem:Codex|h=Codex]@635.8
chromium-dark-desktop › orbit-submenu sub-right-home-enter paced sample 17,orbit-submenu,submenu,sub-right-home-enter,sub-right-enter,paced,17,ArrowRight Home Enter,Action=codex | none | @button:Session actions,0,0,ArrowRight>menuitem:Provider[menu×1|f=menuitem:Provider|h=Provider]@17.1 ; Home>menuitem:Codex[menu×2|f=menuitem:Codex|h=Codex]@343.1 ; Enter>menuitem:Codex[menu×2|f=menuitem:Codex|h=Codex]@648.6
chromium-dark-desktop › orbit-submenu sub-right-home-enter paced sample 18,orbit-submenu,submenu,sub-right-home-enter,sub-right-enter,paced,18,ArrowRight Home Enter,Action=codex | none | @button:Session actions,0,0,ArrowRight>menuitem:Provider[menu×1|f=menuitem:Provider|h=Provider]@17.6 ; Home>menuitem:Codex[menu×2|f=menuitem:Codex|h=Codex]@338.4 ; Enter>menuitem:Codex[menu×2|f=menuitem:Codex|h=Codex]@642.8
chromium-dark-desktop › orbit-submenu sub-right-home-enter paced sample 19,orbit-submenu,submenu,sub-right-home-enter,sub-right-enter,paced,19,ArrowRight Home Enter,Action=codex | none | @button:Session actions,0,0,ArrowRight>menuitem:Provider[menu×1|f=menuitem:Provider|h=Provider]@10.6 ; Home>menuitem:Codex[menu×2|f=menuitem:Codex|h=Codex]@332.8 ; Enter>menuitem:Codex[menu×2|f=menuitem:Codex|h=Codex]@636.1
chromium-dark-desktop › orbit-submenu-sample sub-right-home-enter burst sample 0,orbit-submenu-sample,submenu,sub-right-home-enter,sub-right-enter,burst,0,ArrowRight Home Enter,none | menu×2 | @menuitem:Codex,1,0,ArrowRight>menuitem:Provider[menu×1|f=menuitem:Provider|h=Provider]@14.2 ; Home>menuitem:Provider[menu×2|f=menuitem:Provider|h=Codex]@28.4 ; Enter>menuitem:Provider[menu×2|f=menuitem:Provider|h=Codex]@28.6
chromium-dark-desktop › orbit-submenu-sample sub-right-home-enter burst sample 1,orbit-submenu-sample,submenu,sub-right-home-enter,sub-right-enter,burst,1,ArrowRight Home Enter,none | menu×2 | @menuitem:Codex,1,0,ArrowRight>menuitem:Provider[menu×1|f=menuitem:Provider|h=Provider]@9.9 ; Home>menuitem:Provider[menu×2|f=menuitem:Provider|h=Codex]@22.9 ; Enter>menuitem:Provider[menu×2|f=menuitem:Provider|h=Codex]@23.2
chromium-dark-desktop › orbit-submenu-sample sub-right-home-enter burst sample 2,orbit-submenu-sample,submenu,sub-right-home-enter,sub-right-enter,burst,2,ArrowRight Home Enter,none | menu×2 | @menuitem:Codex,1,0,ArrowRight>menuitem:Provider[menu×1|f=menuitem:Provider|h=Provider]@12.2 ; Home>menuitem:Provider[menu×2|f=menuitem:Provider|h=Codex]@27.2 ; Enter>menuitem:Provider[menu×2|f=menuitem:Provider|h=Codex]@27.5
chromium-dark-desktop › orbit-submenu-sample sub-right-home-enter burst sample 3,orbit-submenu-sample,submenu,sub-right-home-enter,sub-right-enter,burst,3,ArrowRight Home Enter,none | menu×2 | @menuitem:Codex,1,0,ArrowRight>menuitem:Provider[menu×1|f=menuitem:Provider|h=Provider]@13.1 ; Home>menuitem:Provider[menu×2|f=menuitem:Provider|h=Codex]@28.1 ; Enter>menuitem:Provider[menu×2|f=menuitem:Provider|h=Codex]@28.4
chromium-dark-desktop › orbit-submenu-sample sub-right-home-enter burst sample 4,orbit-submenu-sample,submenu,sub-right-home-enter,sub-right-enter,burst,4,ArrowRight Home Enter,none | menu×2 | @menuitem:Codex,1,0,ArrowRight>menuitem:Provider[menu×1|f=menuitem:Provider|h=Provider]@5.4 ; Home>menuitem:Provider[menu×2|f=menuitem:Provider|h=Codex]@18.8 ; Enter>menuitem:Provider[menu×2|f=menuitem:Provider|h=Codex]@19.2
chromium-dark-desktop › orbit-submenu-sample sub-right-home-enter burst sample 5,orbit-submenu-sample,submenu,sub-right-home-enter,sub-right-enter,burst,5,ArrowRight Home Enter,none | menu×2 | @menuitem:Codex,1,0,ArrowRight>menuitem:Provider[menu×1|f=menuitem:Provider|h=Provider]@9.8 ; Home>menuitem:Provider[menu×2|f=menuitem:Provider|h=Codex]@26.3 ; Enter>menuitem:Provider[menu×2|f=menuitem:Provider|h=Codex]@26.7
chromium-dark-desktop › orbit-submenu-sample sub-right-home-enter burst sample 6,orbit-submenu-sample,submenu,sub-right-home-enter,sub-right-enter,burst,6,ArrowRight Home Enter,none | menu×2 | @menuitem:Codex,1,0,ArrowRight>menuitem:Provider[menu×1|f=menuitem:Provider|h=Provider]@14.8 ; Home>menuitem:Provider[menu×2|f=menuitem:Provider|h=Codex]@28.2 ; Enter>menuitem:Provider[menu×2|f=menuitem:Provider|h=Codex]@28.5
chromium-dark-desktop › orbit-submenu-sample sub-right-home-enter burst sample 7,orbit-submenu-sample,submenu,sub-right-home-enter,sub-right-enter,burst,7,ArrowRight Home Enter,none | menu×2 | @menuitem:Codex,1,0,ArrowRight>menuitem:Provider[menu×1|f=menuitem:Provider|h=Provider]@14.8 ; Home>menuitem:Provider[menu×2|f=menuitem:Provider|h=Codex]@31.3 ; Enter>menuitem:Provider[menu×2|f=menuitem:Provider|h=Codex]@31.7
chromium-dark-desktop › orbit-submenu-sample sub-right-home-enter burst sample 8,orbit-submenu-sample,submenu,sub-right-home-enter,sub-right-enter,burst,8,ArrowRight Home Enter,none | menu×2 | @menuitem:Codex,1,0,ArrowRight>menuitem:Provider[menu×1|f=menuitem:Provider|h=Provider]@11.2 ; Home>menuitem:Provider[menu×2|f=menuitem:Provider|h=Codex]@28.3 ; Enter>menuitem:Provider[menu×2|f=menuitem:Provider|h=Codex]@28.6
chromium-dark-desktop › orbit-submenu-sample sub-right-home-enter burst sample 9,orbit-submenu-sample,submenu,sub-right-home-enter,sub-right-enter,burst,9,ArrowRight Home Enter,none | menu×2 | @menuitem:Codex,1,0,ArrowRight>menuitem:Provider[menu×1|f=menuitem:Provider|h=Provider]@18.3 ; Home>menuitem:Provider[menu×2|f=menuitem:Provider|h=Codex]@32.2 ; Enter>menuitem:Provider[menu×2|f=menuitem:Provider|h=Codex]@32.5
chromium-dark-desktop › orbit-submenu-sample sub-right-home-enter burst sample 10,orbit-submenu-sample,submenu,sub-right-home-enter,sub-right-enter,burst,10,ArrowRight Home Enter,none | menu×2 | @menuitem:Codex,1,0,ArrowRight>menuitem:Provider[menu×1|f=menuitem:Provider|h=Provider]@8.5 ; Home>menuitem:Provider[menu×2|f=menuitem:Provider|h=Codex]@22.9 ; Enter>menuitem:Provider[menu×2|f=menuitem:Provider|h=Codex]@23.2
chromium-dark-desktop › orbit-submenu-sample sub-right-home-enter burst sample 11,orbit-submenu-sample,submenu,sub-right-home-enter,sub-right-enter,burst,11,ArrowRight Home Enter,none | menu×2 | @menuitem:Codex,1,0,ArrowRight>menuitem:Provider[menu×1|f=menuitem:Provider|h=Provider]@20.3 ; Home>menuitem:Provider[menu×2|f=menuitem:Provider|h=Codex]@35.1 ; Enter>menuitem:Provider[menu×2|f=menuitem:Provider|h=Codex]@35.3
chromium-dark-desktop › orbit-submenu-sample sub-right-home-enter burst sample 12,orbit-submenu-sample,submenu,sub-right-home-enter,sub-right-enter,burst,12,ArrowRight Home Enter,none | menu×2 | @menuitem:Codex,1,0,ArrowRight>menuitem:Provider[menu×1|f=menuitem:Provider|h=Provider]@17.1 ; Home>menuitem:Provider[menu×2|f=menuitem:Provider|h=Codex]@31.9 ; Enter>menuitem:Provider[menu×2|f=menuitem:Provider|h=Codex]@32.2
chromium-dark-desktop › orbit-submenu-sample sub-right-home-enter burst sample 13,orbit-submenu-sample,submenu,sub-right-home-enter,sub-right-enter,burst,13,ArrowRight Home Enter,none | menu×2 | @menuitem:Codex,1,0,ArrowRight>menuitem:Provider[menu×1|f=menuitem:Provider|h=Provider]@18 ; Home>menuitem:Provider[menu×2|f=menuitem:Provider|h=Codex]@33.9 ; Enter>menuitem:Provider[menu×2|f=menuitem:Provider|h=Codex]@34.2
chromium-dark-desktop › orbit-submenu-sample sub-right-home-enter burst sample 14,orbit-submenu-sample,submenu,sub-right-home-enter,sub-right-enter,burst,14,ArrowRight Home Enter,none | menu×2 | @menuitem:Codex,1,0,ArrowRight>menuitem:Provider[menu×1|f=menuitem:Provider|h=Provider]@18.3 ; Home>menuitem:Provider[menu×2|f=menuitem:Provider|h=Codex]@32.7 ; Enter>menuitem:Provider[menu×2|f=menuitem:Provider|h=Codex]@33.1
chromium-dark-desktop › orbit-submenu-sample sub-right-home-enter burst sample 15,orbit-submenu-sample,submenu,sub-right-home-enter,sub-right-enter,burst,15,ArrowRight Home Enter,none | menu×2 | @menuitem:Codex,1,0,ArrowRight>menuitem:Provider[menu×1|f=menuitem:Provider|h=Provider]@13.4 ; Home>menuitem:Provider[menu×2|f=menuitem:Provider|h=Codex]@26.9 ; Enter>menuitem:Provider[menu×2|f=menuitem:Provider|h=Codex]@27.1
chromium-dark-desktop › orbit-submenu-sample sub-right-home-enter burst sample 16,orbit-submenu-sample,submenu,sub-right-home-enter,sub-right-enter,burst,16,ArrowRight Home Enter,none | menu×2 | @menuitem:Codex,1,0,ArrowRight>menuitem:Provider[menu×1|f=menuitem:Provider|h=Provider]@6.3 ; Home>menuitem:Provider[menu×2|f=menuitem:Provider|h=Codex]@19.6 ; Enter>menuitem:Provider[menu×2|f=menuitem:Provider|h=Codex]@19.8
chromium-dark-desktop › orbit-submenu-sample sub-right-home-enter burst sample 17,orbit-submenu-sample,submenu,sub-right-home-enter,sub-right-enter,burst,17,ArrowRight Home Enter,none | menu×2 | @menuitem:Codex,1,0,ArrowRight>menuitem:Provider[menu×1|f=menuitem:Provider|h=Provider]@13.4 ; Home>menuitem:Provider[menu×2|f=menuitem:Provider|h=Codex]@27.3 ; Enter>menuitem:Provider[menu×2|f=menuitem:Provider|h=Codex]@27.6
chromium-dark-desktop › orbit-submenu-sample sub-right-home-enter burst sample 18,orbit-submenu-sample,submenu,sub-right-home-enter,sub-right-enter,burst,18,ArrowRight Home Enter,none | menu×2 | @menuitem:Codex,1,0,ArrowRight>menuitem:Provider[menu×1|f=menuitem:Provider|h=Provider]@4.8 ; Home>menuitem:Provider[menu×2|f=menuitem:Provider|h=Codex]@18.7 ; Enter>menuitem:Provider[menu×2|f=menuitem:Provider|h=Codex]@18.9
chromium-dark-desktop › orbit-submenu-sample sub-right-home-enter burst sample 19,orbit-submenu-sample,submenu,sub-right-home-enter,sub-right-enter,burst,19,ArrowRight Home Enter,none | menu×2 | @menuitem:Codex,1,0,ArrowRight>menuitem:Provider[menu×1|f=menuitem:Provider|h=Provider]@18.9 ; Home>menuitem:Provider[menu×2|f=menuitem:Provider|h=Codex]@32.5 ; Enter>menuitem:Provider[menu×2|f=menuitem:Provider|h=Codex]@32.7
chromium-dark-desktop › orbit-submenu-sample sub-right-home-enter paced sample 0,orbit-submenu-sample,submenu,sub-right-home-enter,sub-right-enter,paced,0,ArrowRight Home Enter,ran Codex | none | @button:Add attachment,0,0,ArrowRight>menuitem:Provider[menu×1|f=menuitem:Provider|h=Provider]@4.7 ; Home>menuitem:Codex[menu×2|f=menuitem:Codex|h=Codex]@324 ; Enter>menuitem:Codex[menu×2|f=menuitem:Codex|h=Codex]@629.3
chromium-dark-desktop › orbit-submenu-sample sub-right-home-enter paced sample 1,orbit-submenu-sample,submenu,sub-right-home-enter,sub-right-enter,paced,1,ArrowRight Home Enter,ran Codex | none | @button:Add attachment,0,0,ArrowRight>menuitem:Provider[menu×1|f=menuitem:Provider|h=Provider]@13.7 ; Home>menuitem:Codex[menu×2|f=menuitem:Codex|h=Codex]@337.4 ; Enter>menuitem:Codex[menu×2|f=menuitem:Codex|h=Codex]@641.1
chromium-dark-desktop › orbit-submenu-sample sub-right-home-enter paced sample 2,orbit-submenu-sample,submenu,sub-right-home-enter,sub-right-enter,paced,2,ArrowRight Home Enter,ran Codex | none | @button:Add attachment,0,0,ArrowRight>menuitem:Provider[menu×1|f=menuitem:Provider|h=Provider]@9.6 ; Home>menuitem:Codex[menu×2|f=menuitem:Codex|h=Codex]@327.5 ; Enter>menuitem:Codex[menu×2|f=menuitem:Codex|h=Codex]@631.1
chromium-dark-desktop › orbit-submenu-sample sub-right-home-enter paced sample 3,orbit-submenu-sample,submenu,sub-right-home-enter,sub-right-enter,paced,3,ArrowRight Home Enter,ran Codex | none | @button:Add attachment,0,0,ArrowRight>menuitem:Provider[menu×1|f=menuitem:Provider|h=Provider]@19.3 ; Home>menuitem:Codex[menu×2|f=menuitem:Codex|h=Codex]@341.7 ; Enter>menuitem:Codex[menu×2|f=menuitem:Codex|h=Codex]@645.2
chromium-dark-desktop › orbit-submenu-sample sub-right-home-enter paced sample 4,orbit-submenu-sample,submenu,sub-right-home-enter,sub-right-enter,paced,4,ArrowRight Home Enter,ran Codex | none | @button:Add attachment,0,0,ArrowRight>menuitem:Provider[menu×1|f=menuitem:Provider|h=Provider]@17.7 ; Home>menuitem:Codex[menu×2|f=menuitem:Codex|h=Codex]@335.4 ; Enter>menuitem:Codex[menu×2|f=menuitem:Codex|h=Codex]@639
chromium-dark-desktop › orbit-submenu-sample sub-right-home-enter paced sample 5,orbit-submenu-sample,submenu,sub-right-home-enter,sub-right-enter,paced,5,ArrowRight Home Enter,ran Codex | none | @button:Add attachment,0,0,ArrowRight>menuitem:Provider[menu×1|f=menuitem:Provider|h=Provider]@19 ; Home>menuitem:Codex[menu×2|f=menuitem:Codex|h=Codex]@340.8 ; Enter>menuitem:Codex[menu×2|f=menuitem:Codex|h=Codex]@644.8
chromium-dark-desktop › orbit-submenu-sample sub-right-home-enter paced sample 6,orbit-submenu-sample,submenu,sub-right-home-enter,sub-right-enter,paced,6,ArrowRight Home Enter,ran Codex | none | @button:Add attachment,0,0,ArrowRight>menuitem:Provider[menu×1|f=menuitem:Provider|h=Provider]@16.5 ; Home>menuitem:Codex[menu×2|f=menuitem:Codex|h=Codex]@334 ; Enter>menuitem:Codex[menu×2|f=menuitem:Codex|h=Codex]@637.4
chromium-dark-desktop › orbit-submenu-sample sub-right-home-enter paced sample 7,orbit-submenu-sample,submenu,sub-right-home-enter,sub-right-enter,paced,7,ArrowRight Home Enter,ran Codex | none | @button:Add attachment,0,0,ArrowRight>menuitem:Provider[menu×1|f=menuitem:Provider|h=Provider]@16.8 ; Home>menuitem:Codex[menu×2|f=menuitem:Codex|h=Codex]@341 ; Enter>menuitem:Codex[menu×2|f=menuitem:Codex|h=Codex]@643.9
chromium-dark-desktop › orbit-submenu-sample sub-right-home-enter paced sample 8,orbit-submenu-sample,submenu,sub-right-home-enter,sub-right-enter,paced,8,ArrowRight Home Enter,ran Codex | none | @button:Add attachment,0,0,ArrowRight>menuitem:Provider[menu×1|f=menuitem:Provider|h=Provider]@13.7 ; Home>menuitem:Codex[menu×2|f=menuitem:Codex|h=Codex]@331.8 ; Enter>menuitem:Codex[menu×2|f=menuitem:Codex|h=Codex]@635.3
chromium-dark-desktop › orbit-submenu-sample sub-right-home-enter paced sample 9,orbit-submenu-sample,submenu,sub-right-home-enter,sub-right-enter,paced,9,ArrowRight Home Enter,ran Codex | none | @button:Add attachment,0,0,ArrowRight>menuitem:Provider[menu×1|f=menuitem:Provider|h=Provider]@8.1 ; Home>menuitem:Codex[menu×2|f=menuitem:Codex|h=Codex]@331.4 ; Enter>menuitem:Codex[menu×2|f=menuitem:Codex|h=Codex]@635.6
chromium-dark-desktop › orbit-submenu-sample sub-right-home-enter paced sample 10,orbit-submenu-sample,submenu,sub-right-home-enter,sub-right-enter,paced,10,ArrowRight Home Enter,ran Codex | none | @button:Add attachment,0,0,ArrowRight>menuitem:Provider[menu×1|f=menuitem:Provider|h=Provider]@17.1 ; Home>menuitem:Codex[menu×2|f=menuitem:Codex|h=Codex]@339 ; Enter>menuitem:Codex[menu×2|f=menuitem:Codex|h=Codex]@643.2
chromium-dark-desktop › orbit-submenu-sample sub-right-home-enter paced sample 11,orbit-submenu-sample,submenu,sub-right-home-enter,sub-right-enter,paced,11,ArrowRight Home Enter,ran Codex | none | @button:Add attachment,0,0,ArrowRight>menuitem:Provider[menu×1|f=menuitem:Provider|h=Provider]@7.3 ; Home>menuitem:Codex[menu×2|f=menuitem:Codex|h=Codex]@328.4 ; Enter>menuitem:Codex[menu×2|f=menuitem:Codex|h=Codex]@631.8
chromium-dark-desktop › orbit-submenu-sample sub-right-home-enter paced sample 12,orbit-submenu-sample,submenu,sub-right-home-enter,sub-right-enter,paced,12,ArrowRight Home Enter,ran Codex | none | @button:Add attachment,0,0,ArrowRight>menuitem:Provider[menu×1|f=menuitem:Provider|h=Provider]@9.2 ; Home>menuitem:Codex[menu×2|f=menuitem:Codex|h=Codex]@331.3 ; Enter>menuitem:Codex[menu×2|f=menuitem:Codex|h=Codex]@635.7
chromium-dark-desktop › orbit-submenu-sample sub-right-home-enter paced sample 13,orbit-submenu-sample,submenu,sub-right-home-enter,sub-right-enter,paced,13,ArrowRight Home Enter,ran Codex | none | @button:Add attachment,0,0,ArrowRight>menuitem:Provider[menu×1|f=menuitem:Provider|h=Provider]@4.5 ; Home>menuitem:Codex[menu×2|f=menuitem:Codex|h=Codex]@320.3 ; Enter>menuitem:Codex[menu×2|f=menuitem:Codex|h=Codex]@624
chromium-dark-desktop › orbit-submenu-sample sub-right-home-enter paced sample 14,orbit-submenu-sample,submenu,sub-right-home-enter,sub-right-enter,paced,14,ArrowRight Home Enter,ran Codex | none | @button:Add attachment,0,0,ArrowRight>menuitem:Provider[menu×1|f=menuitem:Provider|h=Provider]@8.6 ; Home>menuitem:Codex[menu×2|f=menuitem:Codex|h=Codex]@325.2 ; Enter>menuitem:Codex[menu×2|f=menuitem:Codex|h=Codex]@629.3
chromium-dark-desktop › orbit-submenu-sample sub-right-home-enter paced sample 15,orbit-submenu-sample,submenu,sub-right-home-enter,sub-right-enter,paced,15,ArrowRight Home Enter,ran Codex | none | @button:Add attachment,0,0,ArrowRight>menuitem:Provider[menu×1|f=menuitem:Provider|h=Provider]@6.5 ; Home>menuitem:Codex[menu×2|f=menuitem:Codex|h=Codex]@328.2 ; Enter>menuitem:Codex[menu×2|f=menuitem:Codex|h=Codex]@631.7
chromium-dark-desktop › orbit-submenu-sample sub-right-home-enter paced sample 16,orbit-submenu-sample,submenu,sub-right-home-enter,sub-right-enter,paced,16,ArrowRight Home Enter,ran Codex | none | @button:Add attachment,0,0,ArrowRight>menuitem:Provider[menu×1|f=menuitem:Provider|h=Provider]@4.7 ; Home>menuitem:Codex[menu×2|f=menuitem:Codex|h=Codex]@326.4 ; Enter>menuitem:Codex[menu×2|f=menuitem:Codex|h=Codex]@630.1
chromium-dark-desktop › orbit-submenu-sample sub-right-home-enter paced sample 17,orbit-submenu-sample,submenu,sub-right-home-enter,sub-right-enter,paced,17,ArrowRight Home Enter,ran Codex | none | @button:Add attachment,0,0,ArrowRight>menuitem:Provider[menu×1|f=menuitem:Provider|h=Provider]@11.5 ; Home>menuitem:Codex[menu×2|f=menuitem:Codex|h=Codex]@334.1 ; Enter>menuitem:Codex[menu×2|f=menuitem:Codex|h=Codex]@637.7
chromium-dark-desktop › orbit-submenu-sample sub-right-home-enter paced sample 18,orbit-submenu-sample,submenu,sub-right-home-enter,sub-right-enter,paced,18,ArrowRight Home Enter,ran Codex | none | @button:Add attachment,0,0,ArrowRight>menuitem:Provider[menu×1|f=menuitem:Provider|h=Provider]@19.3 ; Home>menuitem:Codex[menu×2|f=menuitem:Codex|h=Codex]@344.7 ; Enter>menuitem:Codex[menu×2|f=menuitem:Codex|h=Codex]@648.3
chromium-dark-desktop › orbit-submenu-sample sub-right-home-enter paced sample 19,orbit-submenu-sample,submenu,sub-right-home-enter,sub-right-enter,paced,19,ArrowRight Home Enter,ran Codex | none | @button:Add attachment,0,0,ArrowRight>menuitem:Provider[menu×1|f=menuitem:Provider|h=Provider]@16.2 ; Home>menuitem:Codex[menu×2|f=menuitem:Codex|h=Codex]@333.2 ; Enter>menuitem:Codex[menu×2|f=menuitem:Codex|h=Codex]@636.9
chromium-dark-desktop › antd-submenu sub-right-home-enter burst sample 0,antd-submenu,submenu,sub-right-home-enter,sub-right-enter,burst,0,ArrowRight Home Enter,none | menu×2 | @menuitem:Codex,0,0,ArrowRight>menuitem:Provider[menu×1|f=menuitem:Provider|h=None]@8.4 ; Home>menuitem:Provider[menu×1|f=menuitem:Provider|h=None]@11.3 ; Enter>menuitem:Provider[menu×1|f=menuitem:Provider|h=None]@12.1
chromium-dark-desktop › antd-submenu sub-right-home-enter burst sample 1,antd-submenu,submenu,sub-right-home-enter,sub-right-enter,burst,1,ArrowRight Home Enter,none | menu×2 | @menuitem:Codex,0,0,ArrowRight>menuitem:Provider[menu×1|f=menuitem:Provider|h=None]@19.3 ; Home>menuitem:Provider[menu×1|f=menuitem:Provider|h=None]@22.6 ; Enter>menuitem:Provider[menu×1|f=menuitem:Provider|h=None]@23.4
chromium-dark-desktop › antd-submenu sub-right-home-enter burst sample 2,antd-submenu,submenu,sub-right-home-enter,sub-right-enter,burst,2,ArrowRight Home Enter,none | menu×2 | @menuitem:Codex,0,0,ArrowRight>menuitem:Provider[menu×1|f=menuitem:Provider|h=None]@18.6 ; Home>menuitem:Provider[menu×1|f=menuitem:Provider|h=None]@21.8 ; Enter>menuitem:Provider[menu×1|f=menuitem:Provider|h=None]@22.6
chromium-dark-desktop › antd-submenu sub-right-home-enter burst sample 3,antd-submenu,submenu,sub-right-home-enter,sub-right-enter,burst,3,ArrowRight Home Enter,none | menu×2 | @menuitem:Codex,0,0,ArrowRight>menuitem:Provider[menu×1|f=menuitem:Provider|h=None]@4.5 ; Home>menuitem:Provider[menu×1|f=menuitem:Provider|h=None]@7.4 ; Enter>menuitem:Provider[menu×1|f=menuitem:Provider|h=None]@8.2
chromium-dark-desktop › antd-submenu sub-right-home-enter burst sample 4,antd-submenu,submenu,sub-right-home-enter,sub-right-enter,burst,4,ArrowRight Home Enter,none | menu×2 | @menuitem:Codex,0,0,ArrowRight>menuitem:Provider[menu×1|f=menuitem:Provider|h=None]@9.4 ; Home>menuitem:Provider[menu×1|f=menuitem:Provider|h=None]@12.3 ; Enter>menuitem:Provider[menu×1|f=menuitem:Provider|h=None]@12.9
chromium-dark-desktop › antd-submenu sub-right-home-enter burst sample 5,antd-submenu,submenu,sub-right-home-enter,sub-right-enter,burst,5,ArrowRight Home Enter,none | menu×2 | @menuitem:Codex,0,0,ArrowRight>menuitem:Provider[menu×1|f=menuitem:Provider|h=None]@8.6 ; Home>menuitem:Provider[menu×1|f=menuitem:Provider|h=None]@11.8 ; Enter>menuitem:Provider[menu×1|f=menuitem:Provider|h=None]@12.5
chromium-dark-desktop › antd-submenu sub-right-home-enter burst sample 6,antd-submenu,submenu,sub-right-home-enter,sub-right-enter,burst,6,ArrowRight Home Enter,none | menu×2 | @menuitem:Codex,0,0,ArrowRight>menuitem:Provider[menu×1|f=menuitem:Provider|h=None]@5.9 ; Home>menuitem:Provider[menu×1|f=menuitem:Provider|h=None]@8.9 ; Enter>menuitem:Provider[menu×1|f=menuitem:Provider|h=None]@9.7
chromium-dark-desktop › antd-submenu sub-right-home-enter burst sample 7,antd-submenu,submenu,sub-right-home-enter,sub-right-enter,burst,7,ArrowRight Home Enter,none | menu×2 | @menuitem:Codex,0,0,ArrowRight>menuitem:Provider[menu×1|f=menuitem:Provider|h=None]@19.6 ; Home>menuitem:Provider[menu×1|f=menuitem:Provider|h=None]@22.6 ; Enter>menuitem:Provider[menu×1|f=menuitem:Provider|h=None]@23.4
chromium-dark-desktop › antd-submenu sub-right-home-enter burst sample 8,antd-submenu,submenu,sub-right-home-enter,sub-right-enter,burst,8,ArrowRight Home Enter,none | menu×2 | @menuitem:Codex,0,0,ArrowRight>menuitem:Provider[menu×1|f=menuitem:Provider|h=None]@10.1 ; Home>menuitem:Provider[menu×1|f=menuitem:Provider|h=None]@13.5 ; Enter>menuitem:Provider[menu×1|f=menuitem:Provider|h=None]@14.3
chromium-dark-desktop › antd-submenu sub-right-home-enter burst sample 9,antd-submenu,submenu,sub-right-home-enter,sub-right-enter,burst,9,ArrowRight Home Enter,none | menu×2 | @menuitem:Codex,0,0,ArrowRight>menuitem:Provider[menu×1|f=menuitem:Provider|h=None]@9.3 ; Home>menuitem:Provider[menu×1|f=menuitem:Provider|h=None]@12.3 ; Enter>menuitem:Provider[menu×1|f=menuitem:Provider|h=None]@13.1
chromium-dark-desktop › antd-submenu sub-right-home-enter burst sample 10,antd-submenu,submenu,sub-right-home-enter,sub-right-enter,burst,10,ArrowRight Home Enter,none | menu×2 | @menuitem:Codex,0,0,ArrowRight>menuitem:Provider[menu×1|f=menuitem:Provider|h=None]@6.5 ; Home>menuitem:Provider[menu×1|f=menuitem:Provider|h=None]@9.8 ; Enter>menuitem:Provider[menu×1|f=menuitem:Provider|h=None]@10.6
chromium-dark-desktop › antd-submenu sub-right-home-enter burst sample 11,antd-submenu,submenu,sub-right-home-enter,sub-right-enter,burst,11,ArrowRight Home Enter,none | menu×2 | @menuitem:Codex,0,0,ArrowRight>menuitem:Provider[menu×1|f=menuitem:Provider|h=None]@3 ; Home>menuitem:Provider[menu×1|f=menuitem:Provider|h=None]@6.2 ; Enter>menuitem:Provider[menu×1|f=menuitem:Provider|h=None]@6.9
chromium-dark-desktop › antd-submenu sub-right-home-enter burst sample 12,antd-submenu,submenu,sub-right-home-enter,sub-right-enter,burst,12,ArrowRight Home Enter,none | menu×2 | @menuitem:Codex,0,0,ArrowRight>menuitem:Provider[menu×1|f=menuitem:Provider|h=None]@18.3 ; Home>menuitem:Provider[menu×1|f=menuitem:Provider|h=None]@21.3 ; Enter>menuitem:Provider[menu×1|f=menuitem:Provider|h=None]@21.9
chromium-dark-desktop › antd-submenu sub-right-home-enter burst sample 13,antd-submenu,submenu,sub-right-home-enter,sub-right-enter,burst,13,ArrowRight Home Enter,none | menu×2 | @menuitem:Codex,0,0,ArrowRight>menuitem:Provider[menu×1|f=menuitem:Provider|h=None]@15.2 ; Home>menuitem:Provider[menu×1|f=menuitem:Provider|h=None]@18.3 ; Enter>menuitem:Provider[menu×1|f=menuitem:Provider|h=None]@19
chromium-dark-desktop › antd-submenu sub-right-home-enter burst sample 14,antd-submenu,submenu,sub-right-home-enter,sub-right-enter,burst,14,ArrowRight Home Enter,none | menu×2 | @menuitem:Codex,0,0,ArrowRight>menuitem:Provider[menu×1|f=menuitem:Provider|h=None]@19.8 ; Home>menuitem:Provider[menu×1|f=menuitem:Provider|h=None]@22.7 ; Enter>menuitem:Provider[menu×1|f=menuitem:Provider|h=None]@23.4
chromium-dark-desktop › antd-submenu sub-right-home-enter burst sample 15,antd-submenu,submenu,sub-right-home-enter,sub-right-enter,burst,15,ArrowRight Home Enter,none | menu×2 | @menuitem:Codex,0,0,ArrowRight>menuitem:Provider[menu×1|f=menuitem:Provider|h=None]@5.6 ; Home>menuitem:Provider[menu×1|f=menuitem:Provider|h=None]@8.9 ; Enter>menuitem:Provider[menu×1|f=menuitem:Provider|h=None]@9.8
chromium-dark-desktop › antd-submenu sub-right-home-enter burst sample 16,antd-submenu,submenu,sub-right-home-enter,sub-right-enter,burst,16,ArrowRight Home Enter,none | menu×2 | @menuitem:Codex,0,0,ArrowRight>menuitem:Provider[menu×1|f=menuitem:Provider|h=None]@15.1 ; Home>menuitem:Provider[menu×1|f=menuitem:Provider|h=None]@17.9 ; Enter>menuitem:Provider[menu×1|f=menuitem:Provider|h=None]@18.5
chromium-dark-desktop › antd-submenu sub-right-home-enter burst sample 17,antd-submenu,submenu,sub-right-home-enter,sub-right-enter,burst,17,ArrowRight Home Enter,none | menu×2 | @menuitem:Codex,0,0,ArrowRight>menuitem:Provider[menu×1|f=menuitem:Provider|h=None]@18.2 ; Home>menuitem:Provider[menu×1|f=menuitem:Provider|h=None]@21.3 ; Enter>menuitem:Provider[menu×1|f=menuitem:Provider|h=None]@22.1
chromium-dark-desktop › antd-submenu sub-right-home-enter burst sample 18,antd-submenu,submenu,sub-right-home-enter,sub-right-enter,burst,18,ArrowRight Home Enter,none | menu×2 | @menuitem:Codex,0,0,ArrowRight>menuitem:Provider[menu×1|f=menuitem:Provider|h=None]@18.3 ; Home>menuitem:Provider[menu×1|f=menuitem:Provider|h=None]@20.7 ; Enter>menuitem:Provider[menu×1|f=menuitem:Provider|h=None]@21.2
chromium-dark-desktop › antd-submenu sub-right-home-enter burst sample 19,antd-submenu,submenu,sub-right-home-enter,sub-right-enter,burst,19,ArrowRight Home Enter,none | menu×2 | @menuitem:Codex,0,0,ArrowRight>menuitem:Provider[menu×1|f=menuitem:Provider|h=None]@17 ; Home>menuitem:Provider[menu×1|f=menuitem:Provider|h=None]@20.1 ; Enter>menuitem:Provider[menu×1|f=menuitem:Provider|h=None]@20.9
chromium-dark-desktop › antd-submenu sub-right-home-enter paced sample 0,antd-submenu,submenu,sub-right-home-enter,sub-right-enter,paced,0,ArrowRight Home Enter,ran Codex | menu×1 | @menuitem:Codex,0,0,ArrowRight>menuitem:Provider[menu×1|f=menuitem:Provider|h=None]@19.7 ; Home>menuitem:Codex[menu×2|f=menuitem:Codex|h=None]@326 ; Enter>menuitem:Codex[menu×2|f=menuitem:Codex|h=None]@630.4
chromium-dark-desktop › antd-submenu sub-right-home-enter paced sample 1,antd-submenu,submenu,sub-right-home-enter,sub-right-enter,paced,1,ArrowRight Home Enter,ran Codex | menu×1 | @menuitem:Codex,0,0,ArrowRight>menuitem:Provider[menu×1|f=menuitem:Provider|h=None]@7.4 ; Home>menuitem:Codex[menu×2|f=menuitem:Codex|h=None]@314.8 ; Enter>menuitem:Codex[menu×2|f=menuitem:Codex|h=None]@618.3
chromium-dark-desktop › antd-submenu sub-right-home-enter paced sample 2,antd-submenu,submenu,sub-right-home-enter,sub-right-enter,paced,2,ArrowRight Home Enter,ran Codex | menu×1 | @menuitem:Codex,0,0,ArrowRight>menuitem:Provider[menu×1|f=menuitem:Provider|h=None]@17 ; Home>menuitem:Codex[menu×2|f=menuitem:Codex|h=None]@323.7 ; Enter>menuitem:Codex[menu×2|f=menuitem:Codex|h=None]@628.6
chromium-dark-desktop › antd-submenu sub-right-home-enter paced sample 3,antd-submenu,submenu,sub-right-home-enter,sub-right-enter,paced,3,ArrowRight Home Enter,ran Codex | menu×1 | @menuitem:Codex,0,0,ArrowRight>menuitem:Provider[menu×1|f=menuitem:Provider|h=None]@2.9 ; Home>menuitem:Codex[menu×2|f=menuitem:Codex|h=None]@309.2 ; Enter>menuitem:Codex[menu×2|f=menuitem:Codex|h=None]@612.4
chromium-dark-desktop › antd-submenu sub-right-home-enter paced sample 4,antd-submenu,submenu,sub-right-home-enter,sub-right-enter,paced,4,ArrowRight Home Enter,ran Codex | menu×1 | @menuitem:Codex,0,0,ArrowRight>menuitem:Provider[menu×1|f=menuitem:Provider|h=None]@6.4 ; Home>menuitem:Codex[menu×2|f=menuitem:Codex|h=None]@312.9 ; Enter>menuitem:Codex[menu×2|f=menuitem:Codex|h=None]@616
chromium-dark-desktop › antd-submenu sub-right-home-enter paced sample 5,antd-submenu,submenu,sub-right-home-enter,sub-right-enter,paced,5,ArrowRight Home Enter,ran Codex | menu×1 | @menuitem:Codex,0,0,ArrowRight>menuitem:Provider[menu×1|f=menuitem:Provider|h=None]@15.1 ; Home>menuitem:Codex[menu×2|f=menuitem:Codex|h=None]@321.4 ; Enter>menuitem:Codex[menu×2|f=menuitem:Codex|h=None]@624.1
chromium-dark-desktop › antd-submenu sub-right-home-enter paced sample 6,antd-submenu,submenu,sub-right-home-enter,sub-right-enter,paced,6,ArrowRight Home Enter,ran Codex | menu×1 | @menuitem:Codex,0,0,ArrowRight>menuitem:Provider[menu×1|f=menuitem:Provider|h=None]@7.8 ; Home>menuitem:Codex[menu×2|f=menuitem:Codex|h=None]@315.3 ; Enter>menuitem:Codex[menu×2|f=menuitem:Codex|h=None]@618.7
chromium-dark-desktop › antd-submenu sub-right-home-enter paced sample 7,antd-submenu,submenu,sub-right-home-enter,sub-right-enter,paced,7,ArrowRight Home Enter,ran Codex | menu×1 | @menuitem:Codex,0,0,ArrowRight>menuitem:Provider[menu×1|f=menuitem:Provider|h=None]@10 ; Home>menuitem:Codex[menu×2|f=menuitem:Codex|h=None]@316.3 ; Enter>menuitem:Codex[menu×2|f=menuitem:Codex|h=None]@619.7
chromium-dark-desktop › antd-submenu sub-right-home-enter paced sample 8,antd-submenu,submenu,sub-right-home-enter,sub-right-enter,paced,8,ArrowRight Home Enter,ran Codex | menu×1 | @menuitem:Codex,0,0,ArrowRight>menuitem:Provider[menu×1|f=menuitem:Provider|h=None]@8.6 ; Home>menuitem:Codex[menu×2|f=menuitem:Codex|h=None]@315.7 ; Enter>menuitem:Codex[menu×2|f=menuitem:Codex|h=None]@619
chromium-dark-desktop › antd-submenu sub-right-home-enter paced sample 9,antd-submenu,submenu,sub-right-home-enter,sub-right-enter,paced,9,ArrowRight Home Enter,ran Codex | menu×1 | @menuitem:Codex,0,0,ArrowRight>menuitem:Provider[menu×1|f=menuitem:Provider|h=None]@8.4 ; Home>menuitem:Codex[menu×2|f=menuitem:Codex|h=None]@315.1 ; Enter>menuitem:Codex[menu×2|f=menuitem:Codex|h=None]@618.8
chromium-dark-desktop › antd-submenu sub-right-home-enter paced sample 10,antd-submenu,submenu,sub-right-home-enter,sub-right-enter,paced,10,ArrowRight Home Enter,ran Codex | menu×1 | @menuitem:Codex,0,0,ArrowRight>menuitem:Provider[menu×1|f=menuitem:Provider|h=None]@6.4 ; Home>menuitem:Codex[menu×2|f=menuitem:Codex|h=None]@312.9 ; Enter>menuitem:Codex[menu×2|f=menuitem:Codex|h=None]@615.4
chromium-dark-desktop › antd-submenu sub-right-home-enter paced sample 11,antd-submenu,submenu,sub-right-home-enter,sub-right-enter,paced,11,ArrowRight Home Enter,ran Codex | menu×1 | @menuitem:Codex,0,0,ArrowRight>menuitem:Provider[menu×1|f=menuitem:Provider|h=None]@16.7 ; Home>menuitem:Codex[menu×2|f=menuitem:Codex|h=None]@323.1 ; Enter>menuitem:Codex[menu×2|f=menuitem:Codex|h=None]@626.2
chromium-dark-desktop › antd-submenu sub-right-home-enter paced sample 12,antd-submenu,submenu,sub-right-home-enter,sub-right-enter,paced,12,ArrowRight Home Enter,ran Codex | menu×1 | @menuitem:Codex,0,0,ArrowRight>menuitem:Provider[menu×1|f=menuitem:Provider|h=None]@17.7 ; Home>menuitem:Codex[menu×2|f=menuitem:Codex|h=None]@324.5 ; Enter>menuitem:Codex[menu×2|f=menuitem:Codex|h=None]@628.9
chromium-dark-desktop › antd-submenu sub-right-home-enter paced sample 13,antd-submenu,submenu,sub-right-home-enter,sub-right-enter,paced,13,ArrowRight Home Enter,ran Codex | menu×1 | @menuitem:Codex,0,0,ArrowRight>menuitem:Provider[menu×1|f=menuitem:Provider|h=None]@9.2 ; Home>menuitem:Codex[menu×2|f=menuitem:Codex|h=None]@315.5 ; Enter>menuitem:Codex[menu×2|f=menuitem:Codex|h=None]@619.6
chromium-dark-desktop › antd-submenu sub-right-home-enter paced sample 14,antd-submenu,submenu,sub-right-home-enter,sub-right-enter,paced,14,ArrowRight Home Enter,ran Codex | menu×1 | @menuitem:Codex,0,0,ArrowRight>menuitem:Provider[menu×1|f=menuitem:Provider|h=None]@18 ; Home>menuitem:Codex[menu×2|f=menuitem:Codex|h=None]@324.9 ; Enter>menuitem:Codex[menu×2|f=menuitem:Codex|h=None]@628.2
chromium-dark-desktop › antd-submenu sub-right-home-enter paced sample 15,antd-submenu,submenu,sub-right-home-enter,sub-right-enter,paced,15,ArrowRight Home Enter,ran Codex | menu×1 | @menuitem:Codex,0,0,ArrowRight>menuitem:Provider[menu×1|f=menuitem:Provider|h=None]@5.5 ; Home>menuitem:Codex[menu×2|f=menuitem:Codex|h=None]@312.2 ; Enter>menuitem:Codex[menu×2|f=menuitem:Codex|h=None]@615.8
chromium-dark-desktop › antd-submenu sub-right-home-enter paced sample 16,antd-submenu,submenu,sub-right-home-enter,sub-right-enter,paced,16,ArrowRight Home Enter,ran Codex | menu×1 | @menuitem:Codex,0,0,ArrowRight>menuitem:Provider[menu×1|f=menuitem:Provider|h=None]@19.1 ; Home>menuitem:Codex[menu×2|f=menuitem:Codex|h=None]@325.4 ; Enter>menuitem:Codex[menu×2|f=menuitem:Codex|h=None]@631.2
chromium-dark-desktop › antd-submenu sub-right-home-enter paced sample 17,antd-submenu,submenu,sub-right-home-enter,sub-right-enter,paced,17,ArrowRight Home Enter,ran Codex | menu×1 | @menuitem:Codex,0,0,ArrowRight>menuitem:Provider[menu×1|f=menuitem:Provider|h=None]@9.3 ; Home>menuitem:Codex[menu×2|f=menuitem:Codex|h=None]@315.2 ; Enter>menuitem:Codex[menu×2|f=menuitem:Codex|h=None]@618.9
chromium-dark-desktop › antd-submenu sub-right-home-enter paced sample 18,antd-submenu,submenu,sub-right-home-enter,sub-right-enter,paced,18,ArrowRight Home Enter,ran Codex | menu×1 | @menuitem:Codex,0,0,ArrowRight>menuitem:Provider[menu×1|f=menuitem:Provider|h=None]@9.7 ; Home>menuitem:Codex[menu×2|f=menuitem:Codex|h=None]@315.6 ; Enter>menuitem:Codex[menu×2|f=menuitem:Codex|h=None]@619.7
chromium-dark-desktop › antd-submenu sub-right-home-enter paced sample 19,antd-submenu,submenu,sub-right-home-enter,sub-right-enter,paced,19,ArrowRight Home Enter,ran Codex | menu×1 | @menuitem:Codex,0,0,ArrowRight>menuitem:Provider[menu×1|f=menuitem:Provider|h=None]@20.2 ; Home>menuitem:Codex[menu×2|f=menuitem:Codex|h=None]@327.3 ; Enter>menuitem:Codex[menu×2|f=menuitem:Codex|h=None]@632.4
chromium-dark-desktop › orbit-session sub-right-home-enter burst sample 0,orbit-session,submenu,sub-right-home-enter,sub-right-enter,burst,0,ArrowRight Home Enter,Picked=default | none | @button:Session actions,1,0,ArrowRight>menuitem:Provider[menu×1|f=menuitem:Provider|h=Provider]@11.5 ; Home>menuitem:Provider[menu×2|f=menuitem:Provider|h=Codex]@22 ; Enter>menuitem:Default model[menu×2|f=menuitem:Default model|h=None]@29.2
chromium-dark-desktop › orbit-session sub-right-home-enter burst sample 1,orbit-session,submenu,sub-right-home-enter,sub-right-enter,burst,1,ArrowRight Home Enter,Picked=default | none | @button:Session actions,1,0,ArrowRight>menuitem:Provider[menu×1|f=menuitem:Provider|h=Provider]@4.6 ; Home>menuitem:Provider[menu×2|f=menuitem:Provider|h=Codex]@15.4 ; Enter>menuitem:Default model[menu×2|f=menuitem:Default model|h=None]@22.7
chromium-dark-desktop › orbit-session sub-right-home-enter burst sample 2,orbit-session,submenu,sub-right-home-enter,sub-right-enter,burst,2,ArrowRight Home Enter,Picked=default | none | @button:Session actions,1,0,ArrowRight>menuitem:Provider[menu×1|f=menuitem:Provider|h=Provider]@10.5 ; Home>menuitem:Provider[menu×2|f=menuitem:Provider|h=Codex]@23.7 ; Enter>menuitem:Default model[menu×2|f=menuitem:Default model|h=None]@32.9
chromium-dark-desktop › orbit-session sub-right-home-enter burst sample 3,orbit-session,submenu,sub-right-home-enter,sub-right-enter,burst,3,ArrowRight Home Enter,Picked=default | none | @button:Session actions,1,0,ArrowRight>menuitem:Provider[menu×1|f=menuitem:Provider|h=Provider]@7.7 ; Home>menuitem:Provider[menu×2|f=menuitem:Provider|h=Codex]@21.4 ; Enter>menuitem:Default model[menu×2|f=menuitem:Default model|h=None]@30.7
chromium-dark-desktop › orbit-session sub-right-home-enter burst sample 4,orbit-session,submenu,sub-right-home-enter,sub-right-enter,burst,4,ArrowRight Home Enter,Picked=default | none | @button:Session actions,1,0,ArrowRight>menuitem:Provider[menu×1|f=menuitem:Provider|h=Provider]@15.3 ; Home>menuitem:Provider[menu×2|f=menuitem:Provider|h=Codex]@25.5 ; Enter>menuitem:Default model[menu×2|f=menuitem:Default model|h=None]@32.5
chromium-dark-desktop › orbit-session sub-right-home-enter burst sample 5,orbit-session,submenu,sub-right-home-enter,sub-right-enter,burst,5,ArrowRight Home Enter,Picked=default | none | @button:Session actions,1,0,ArrowRight>menuitem:Provider[menu×1|f=menuitem:Provider|h=Provider]@3.7 ; Home>menuitem:Provider[menu×2|f=menuitem:Provider|h=Codex]@17.3 ; Enter>menuitem:Default model[menu×2|f=menuitem:Default model|h=None]@26.7
chromium-dark-desktop › orbit-session sub-right-home-enter burst sample 6,orbit-session,submenu,sub-right-home-enter,sub-right-enter,burst,6,ArrowRight Home Enter,Picked=default | none | @button:Session actions,1,0,ArrowRight>menuitem:Provider[menu×1|f=menuitem:Provider|h=Provider]@9.5 ; Home>menuitem:Provider[menu×2|f=menuitem:Provider|h=Codex]@19.6 ; Enter>menuitem:Default model[menu×2|f=menuitem:Default model|h=None]@27
chromium-dark-desktop › orbit-session sub-right-home-enter burst sample 7,orbit-session,submenu,sub-right-home-enter,sub-right-enter,burst,7,ArrowRight Home Enter,Picked=default | none | @button:Session actions,1,0,ArrowRight>menuitem:Provider[menu×1|f=menuitem:Provider|h=Provider]@11.1 ; Home>menuitem:Provider[menu×2|f=menuitem:Provider|h=Codex]@24.6 ; Enter>menuitem:Default model[menu×2|f=menuitem:Default model|h=None]@34.7
chromium-dark-desktop › orbit-session sub-right-home-enter burst sample 8,orbit-session,submenu,sub-right-home-enter,sub-right-enter,burst,8,ArrowRight Home Enter,Picked=default | none | @button:Session actions,1,0,ArrowRight>menuitem:Provider[menu×1|f=menuitem:Provider|h=Provider]@9.7 ; Home>menuitem:Provider[menu×2|f=menuitem:Provider|h=Codex]@19.7 ; Enter>menuitem:Default model[menu×2|f=menuitem:Default model|h=None]@26.8
chromium-dark-desktop › orbit-session sub-right-home-enter burst sample 9,orbit-session,submenu,sub-right-home-enter,sub-right-enter,burst,9,ArrowRight Home Enter,Picked=default | none | @button:Session actions,1,0,ArrowRight>menuitem:Provider[menu×1|f=menuitem:Provider|h=Provider]@19 ; Home>menuitem:Provider[menu×2|f=menuitem:Provider|h=Codex]@32.5 ; Enter>menuitem:Default model[menu×2|f=menuitem:Default model|h=None]@42.3
chromium-dark-desktop › orbit-session sub-right-home-enter burst sample 10,orbit-session,submenu,sub-right-home-enter,sub-right-enter,burst,10,ArrowRight Home Enter,Picked=default | none | @button:Session actions,1,0,ArrowRight>menuitem:Provider[menu×1|f=menuitem:Provider|h=Provider]@13.6 ; Home>menuitem:Provider[menu×2|f=menuitem:Provider|h=Codex]@27.6 ; Enter>menuitem:Default model[menu×2|f=menuitem:Default model|h=None]@37.2
chromium-dark-desktop › orbit-session sub-right-home-enter burst sample 11,orbit-session,submenu,sub-right-home-enter,sub-right-enter,burst,11,ArrowRight Home Enter,Picked=default | none | @button:Session actions,1,0,ArrowRight>menuitem:Provider[menu×1|f=menuitem:Provider|h=Provider]@13.1 ; Home>menuitem:Provider[menu×2|f=menuitem:Provider|h=Codex]@24 ; Enter>menuitem:Default model[menu×2|f=menuitem:Default model|h=None]@31.1
chromium-dark-desktop › orbit-session sub-right-home-enter burst sample 12,orbit-session,submenu,sub-right-home-enter,sub-right-enter,burst,12,ArrowRight Home Enter,Picked=default | none | @button:Session actions,1,0,ArrowRight>menuitem:Provider[menu×1|f=menuitem:Provider|h=Provider]@5.6 ; Home>menuitem:Provider[menu×2|f=menuitem:Provider|h=Codex]@19.8 ; Enter>menuitem:Default model[menu×2|f=menuitem:Default model|h=None]@29.8
chromium-dark-desktop › orbit-session sub-right-home-enter burst sample 13,orbit-session,submenu,sub-right-home-enter,sub-right-enter,burst,13,ArrowRight Home Enter,Picked=default | none | @button:Session actions,1,0,ArrowRight>menuitem:Provider[menu×1|f=menuitem:Provider|h=Provider]@19.7 ; Home>menuitem:Provider[menu×2|f=menuitem:Provider|h=Codex]@29.9 ; Enter>menuitem:Default model[menu×2|f=menuitem:Default model|h=None]@37.2
chromium-dark-desktop › orbit-session sub-right-home-enter burst sample 14,orbit-session,submenu,sub-right-home-enter,sub-right-enter,burst,14,ArrowRight Home Enter,Picked=default | none | @button:Session actions,1,0,ArrowRight>menuitem:Provider[menu×1|f=menuitem:Provider|h=Provider]@13.6 ; Home>menuitem:Provider[menu×2|f=menuitem:Provider|h=Codex]@23.5 ; Enter>menuitem:Default model[menu×2|f=menuitem:Default model|h=None]@30.7
chromium-dark-desktop › orbit-session sub-right-home-enter burst sample 15,orbit-session,submenu,sub-right-home-enter,sub-right-enter,burst,15,ArrowRight Home Enter,Picked=default | none | @button:Session actions,1,0,ArrowRight>menuitem:Provider[menu×1|f=menuitem:Provider|h=Provider]@15.5 ; Home>menuitem:Provider[menu×2|f=menuitem:Provider|h=Codex]@25.3 ; Enter>menuitem:Default model[menu×2|f=menuitem:Default model|h=None]@32.2
chromium-dark-desktop › orbit-session sub-right-home-enter burst sample 16,orbit-session,submenu,sub-right-home-enter,sub-right-enter,burst,16,ArrowRight Home Enter,Picked=default | none | @button:Session actions,1,0,ArrowRight>menuitem:Provider[menu×1|f=menuitem:Provider|h=Provider]@4.3 ; Home>menuitem:Provider[menu×2|f=menuitem:Provider|h=Codex]@17.4 ; Enter>menuitem:Default model[menu×2|f=menuitem:Default model|h=None]@26
chromium-dark-desktop › orbit-session sub-right-home-enter burst sample 17,orbit-session,submenu,sub-right-home-enter,sub-right-enter,burst,17,ArrowRight Home Enter,Picked=default | none | @button:Session actions,1,0,ArrowRight>menuitem:Provider[menu×1|f=menuitem:Provider|h=Provider]@16.4 ; Home>menuitem:Provider[menu×2|f=menuitem:Provider|h=Codex]@29.5 ; Enter>menuitem:Default model[menu×2|f=menuitem:Default model|h=None]@38.8
chromium-dark-desktop › orbit-session sub-right-home-enter burst sample 18,orbit-session,submenu,sub-right-home-enter,sub-right-enter,burst,18,ArrowRight Home Enter,Picked=default | none | @button:Session actions,1,0,ArrowRight>menuitem:Provider[menu×1|f=menuitem:Provider|h=Provider]@16.2 ; Home>menuitem:Provider[menu×2|f=menuitem:Provider|h=Codex]@30.2 ; Enter>menuitem:Default model[menu×2|f=menuitem:Default model|h=None]@40.3
chromium-dark-desktop › orbit-session sub-right-home-enter burst sample 19,orbit-session,submenu,sub-right-home-enter,sub-right-enter,burst,19,ArrowRight Home Enter,Picked=default | none | @button:Session actions,1,0,ArrowRight>menuitem:Provider[menu×1|f=menuitem:Provider|h=Provider]@4.5 ; Home>menuitem:Provider[menu×2|f=menuitem:Provider|h=Codex]@18 ; Enter>menuitem:Default model[menu×2|f=menuitem:Default model|h=None]@27.4
chromium-dark-desktop › orbit-session sub-right-home-enter paced sample 0,orbit-session,submenu,sub-right-home-enter,sub-right-enter,paced,0,ArrowRight Home Enter,Picked=codex | none | @button:Session actions,0,0,ArrowRight>menuitem:Provider[menu×1|f=menuitem:Provider|h=Provider]@13.4 ; Home>menuitem:Codex[menu×2|f=menuitem:Codex|h=Codex]@339 ; Enter>menuitem:Codex[menu×2|f=menuitem:Codex|h=Codex]@643
chromium-dark-desktop › orbit-session sub-right-home-enter paced sample 1,orbit-session,submenu,sub-right-home-enter,sub-right-enter,paced,1,ArrowRight Home Enter,Picked=codex | none | @button:Session actions,0,0,ArrowRight>menuitem:Provider[menu×1|f=menuitem:Provider|h=Provider]@7.9 ; Home>menuitem:Codex[menu×2|f=menuitem:Codex|h=Codex]@330.8 ; Enter>menuitem:Codex[menu×2|f=menuitem:Codex|h=Codex]@634.7
chromium-dark-desktop › orbit-session sub-right-home-enter paced sample 2,orbit-session,submenu,sub-right-home-enter,sub-right-enter,paced,2,ArrowRight Home Enter,Picked=codex | none | @button:Session actions,0,0,ArrowRight>menuitem:Provider[menu×1|f=menuitem:Provider|h=Provider]@11.7 ; Home>menuitem:Codex[menu×2|f=menuitem:Codex|h=Codex]@329.7 ; Enter>menuitem:Codex[menu×2|f=menuitem:Codex|h=Codex]@633.4
chromium-dark-desktop › orbit-session sub-right-home-enter paced sample 3,orbit-session,submenu,sub-right-home-enter,sub-right-enter,paced,3,ArrowRight Home Enter,Picked=codex | none | @button:Session actions,0,0,ArrowRight>menuitem:Provider[menu×1|f=menuitem:Provider|h=Provider]@19.3 ; Home>menuitem:Codex[menu×2|f=menuitem:Codex|h=Codex]@342 ; Enter>menuitem:Codex[menu×2|f=menuitem:Codex|h=Codex]@645.9
chromium-dark-desktop › orbit-session sub-right-home-enter paced sample 4,orbit-session,submenu,sub-right-home-enter,sub-right-enter,paced,4,ArrowRight Home Enter,Picked=codex | none | @button:Session actions,0,0,ArrowRight>menuitem:Provider[menu×1|f=menuitem:Provider|h=Provider]@3.6 ; Home>menuitem:Codex[menu×2|f=menuitem:Codex|h=Codex]@321.9 ; Enter>menuitem:Codex[menu×2|f=menuitem:Codex|h=Codex]@625.4
chromium-dark-desktop › orbit-session sub-right-home-enter paced sample 5,orbit-session,submenu,sub-right-home-enter,sub-right-enter,paced,5,ArrowRight Home Enter,Picked=codex | none | @button:Session actions,0,0,ArrowRight>menuitem:Provider[menu×1|f=menuitem:Provider|h=Provider]@6.7 ; Home>menuitem:Codex[menu×2|f=menuitem:Codex|h=Codex]@329.2 ; Enter>menuitem:Codex[menu×2|f=menuitem:Codex|h=Codex]@632.8
chromium-dark-desktop › orbit-session sub-right-home-enter paced sample 6,orbit-session,submenu,sub-right-home-enter,sub-right-enter,paced,6,ArrowRight Home Enter,Picked=codex | none | @button:Session actions,0,0,ArrowRight>menuitem:Provider[menu×1|f=menuitem:Provider|h=Provider]@19.5 ; Home>menuitem:Codex[menu×2|f=menuitem:Codex|h=Codex]@341 ; Enter>menuitem:Codex[menu×2|f=menuitem:Codex|h=Codex]@645.3
chromium-dark-desktop › orbit-session sub-right-home-enter paced sample 7,orbit-session,submenu,sub-right-home-enter,sub-right-enter,paced,7,ArrowRight Home Enter,Picked=codex | none | @button:Session actions,0,0,ArrowRight>menuitem:Provider[menu×1|f=menuitem:Provider|h=Provider]@7.6 ; Home>menuitem:Codex[menu×2|f=menuitem:Codex|h=Codex]@329.1 ; Enter>menuitem:Codex[menu×2|f=menuitem:Codex|h=Codex]@633.1
chromium-dark-desktop › orbit-session sub-right-home-enter paced sample 8,orbit-session,submenu,sub-right-home-enter,sub-right-enter,paced,8,ArrowRight Home Enter,Picked=codex | none | @button:Session actions,0,0,ArrowRight>menuitem:Provider[menu×1|f=menuitem:Provider|h=Provider]@12.3 ; Home>menuitem:Codex[menu×2|f=menuitem:Codex|h=Codex]@329.3 ; Enter>menuitem:Codex[menu×2|f=menuitem:Codex|h=Codex]@632.7
chromium-dark-desktop › orbit-session sub-right-home-enter paced sample 9,orbit-session,submenu,sub-right-home-enter,sub-right-enter,paced,9,ArrowRight Home Enter,Picked=codex | none | @button:Session actions,0,0,ArrowRight>menuitem:Provider[menu×1|f=menuitem:Provider|h=Provider]@13.4 ; Home>menuitem:Codex[menu×2|f=menuitem:Codex|h=Codex]@327.6 ; Enter>menuitem:Codex[menu×2|f=menuitem:Codex|h=Codex]@630.9
chromium-dark-desktop › orbit-session sub-right-home-enter paced sample 10,orbit-session,submenu,sub-right-home-enter,sub-right-enter,paced,10,ArrowRight Home Enter,Picked=codex | none | @button:Session actions,0,0,ArrowRight>menuitem:Provider[menu×1|f=menuitem:Provider|h=Provider]@7.5 ; Home>menuitem:Codex[menu×2|f=menuitem:Codex|h=Codex]@325 ; Enter>menuitem:Codex[menu×2|f=menuitem:Codex|h=Codex]@628.2
chromium-dark-desktop › orbit-session sub-right-home-enter paced sample 11,orbit-session,submenu,sub-right-home-enter,sub-right-enter,paced,11,ArrowRight Home Enter,Picked=codex | none | @button:Session actions,0,0,ArrowRight>menuitem:Provider[menu×1|f=menuitem:Provider|h=Provider]@3.1 ; Home>menuitem:Codex[menu×2|f=menuitem:Codex|h=Codex]@320.5 ; Enter>menuitem:Codex[menu×2|f=menuitem:Codex|h=Codex]@626.1
chromium-dark-desktop › orbit-session sub-right-home-enter paced sample 12,orbit-session,submenu,sub-right-home-enter,sub-right-enter,paced,12,ArrowRight Home Enter,Picked=codex | none | @button:Session actions,0,0,ArrowRight>menuitem:Provider[menu×1|f=menuitem:Provider|h=Provider]@11.6 ; Home>menuitem:Codex[menu×2|f=menuitem:Codex|h=Codex]@329.6 ; Enter>menuitem:Codex[menu×2|f=menuitem:Codex|h=Codex]@632.9
chromium-dark-desktop › orbit-session sub-right-home-enter paced sample 13,orbit-session,submenu,sub-right-home-enter,sub-right-enter,paced,13,ArrowRight Home Enter,Picked=codex | none | @button:Session actions,0,0,ArrowRight>menuitem:Provider[menu×1|f=menuitem:Provider|h=Provider]@17.2 ; Home>menuitem:Codex[menu×2|f=menuitem:Codex|h=Codex]@334.9 ; Enter>menuitem:Codex[menu×2|f=menuitem:Codex|h=Codex]@639
chromium-dark-desktop › orbit-session sub-right-home-enter paced sample 14,orbit-session,submenu,sub-right-home-enter,sub-right-enter,paced,14,ArrowRight Home Enter,Picked=codex | none | @button:Session actions,0,0,ArrowRight>menuitem:Provider[menu×1|f=menuitem:Provider|h=Provider]@14 ; Home>menuitem:Codex[menu×2|f=menuitem:Codex|h=Codex]@337.8 ; Enter>menuitem:Codex[menu×2|f=menuitem:Codex|h=Codex]@640.6
chromium-dark-desktop › orbit-session sub-right-home-enter paced sample 15,orbit-session,submenu,sub-right-home-enter,sub-right-enter,paced,15,ArrowRight Home Enter,Picked=codex | none | @button:Session actions,0,0,ArrowRight>menuitem:Provider[menu×1|f=menuitem:Provider|h=Provider]@4.3 ; Home>menuitem:Codex[menu×2|f=menuitem:Codex|h=Codex]@318.8 ; Enter>menuitem:Codex[menu×2|f=menuitem:Codex|h=Codex]@622.7
chromium-dark-desktop › orbit-session sub-right-home-enter paced sample 16,orbit-session,submenu,sub-right-home-enter,sub-right-enter,paced,16,ArrowRight Home Enter,Picked=codex | none | @button:Session actions,0,0,ArrowRight>menuitem:Provider[menu×1|f=menuitem:Provider|h=Provider]@7.9 ; Home>menuitem:Codex[menu×2|f=menuitem:Codex|h=Codex]@326 ; Enter>menuitem:Codex[menu×2|f=menuitem:Codex|h=Codex]@629.6
chromium-dark-desktop › orbit-session sub-right-home-enter paced sample 17,orbit-session,submenu,sub-right-home-enter,sub-right-enter,paced,17,ArrowRight Home Enter,Picked=codex | none | @button:Session actions,0,0,ArrowRight>menuitem:Provider[menu×1|f=menuitem:Provider|h=Provider]@5.2 ; Home>menuitem:Codex[menu×2|f=menuitem:Codex|h=Codex]@322.7 ; Enter>menuitem:Codex[menu×2|f=menuitem:Codex|h=Codex]@626.6
chromium-dark-desktop › orbit-session sub-right-home-enter paced sample 18,orbit-session,submenu,sub-right-home-enter,sub-right-enter,paced,18,ArrowRight Home Enter,Picked=codex | none | @button:Session actions,0,0,ArrowRight>menuitem:Provider[menu×1|f=menuitem:Provider|h=Provider]@2.3 ; Home>menuitem:Codex[menu×2|f=menuitem:Codex|h=Codex]@326 ; Enter>menuitem:Codex[menu×2|f=menuitem:Codex|h=Codex]@630.5
chromium-dark-desktop › orbit-session sub-right-home-enter paced sample 19,orbit-session,submenu,sub-right-home-enter,sub-right-enter,paced,19,ArrowRight Home Enter,Picked=codex | none | @button:Session actions,0,0,ArrowRight>menuitem:Provider[menu×1|f=menuitem:Provider|h=Provider]@4.8 ; Home>menuitem:Codex[menu×2|f=menuitem:Codex|h=Codex]@318.6 ; Enter>menuitem:Codex[menu×2|f=menuitem:Codex|h=Codex]@622.7
chromium-dark-desktop › antd-session sub-right-home-enter burst sample 0,antd-session,submenu,sub-right-home-enter,sub-right-enter,burst,0,ArrowRight Home Enter,none | menu×2 | @menuitem:Provider,0,0,ArrowRight>menuitem:Provider[menu×1|f=menuitem:Provider|h=None]@13 ; Home>menuitem:Provider[menu×1|f=menuitem:Provider|h=None]@16.7 ; Enter>menuitem:Provider[menu×1|f=menuitem:Provider|h=None]@19.3
chromium-dark-desktop › antd-session sub-right-home-enter burst sample 1,antd-session,submenu,sub-right-home-enter,sub-right-enter,burst,1,ArrowRight Home Enter,none | menu×2 | @menuitem:Provider,0,0,ArrowRight>menuitem:Provider[menu×1|f=menuitem:Provider|h=None]@14.5 ; Home>menuitem:Provider[menu×1|f=menuitem:Provider|h=None]@18.4 ; Enter>menuitem:Provider[menu×1|f=menuitem:Provider|h=None]@21.3
chromium-dark-desktop › antd-session sub-right-home-enter burst sample 2,antd-session,submenu,sub-right-home-enter,sub-right-enter,burst,2,ArrowRight Home Enter,none | menu×2 | @menuitem:Provider,0,0,ArrowRight>menuitem:Provider[menu×1|f=menuitem:Provider|h=None]@11.4 ; Home>menuitem:Provider[menu×1|f=menuitem:Provider|h=None]@15.1 ; Enter>menuitem:Provider[menu×1|f=menuitem:Provider|h=None]@17.6
chromium-dark-desktop › antd-session sub-right-home-enter burst sample 3,antd-session,submenu,sub-right-home-enter,sub-right-enter,burst,3,ArrowRight Home Enter,none | menu×2 | @menuitem:Provider,0,0,ArrowRight>menuitem:Provider[menu×1|f=menuitem:Provider|h=None]@19.3 ; Home>menuitem:Provider[menu×1|f=menuitem:Provider|h=None]@23.1 ; Enter>menuitem:Provider[menu×1|f=menuitem:Provider|h=None]@25.6
chromium-dark-desktop › antd-session sub-right-home-enter burst sample 4,antd-session,submenu,sub-right-home-enter,sub-right-enter,burst,4,ArrowRight Home Enter,none | menu×2 | @menuitem:Provider,0,0,ArrowRight>menuitem:Provider[menu×1|f=menuitem:Provider|h=None]@18.3 ; Home>menuitem:Provider[menu×1|f=menuitem:Provider|h=None]@22.2 ; Enter>menuitem:Provider[menu×1|f=menuitem:Provider|h=None]@24.7
chromium-dark-desktop › antd-session sub-right-home-enter burst sample 5,antd-session,submenu,sub-right-home-enter,sub-right-enter,burst,5,ArrowRight Home Enter,none | menu×2 | @menuitem:Provider,0,0,ArrowRight>menuitem:Provider[menu×1|f=menuitem:Provider|h=None]@14.5 ; Home>menuitem:Provider[menu×1|f=menuitem:Provider|h=None]@18.5 ; Enter>menuitem:Provider[menu×1|f=menuitem:Provider|h=None]@21.1
chromium-dark-desktop › antd-session sub-right-home-enter burst sample 6,antd-session,submenu,sub-right-home-enter,sub-right-enter,burst,6,ArrowRight Home Enter,none | menu×2 | @menuitem:Provider,0,0,ArrowRight>menuitem:Provider[menu×1|f=menuitem:Provider|h=None]@4.4 ; Home>menuitem:Provider[menu×1|f=menuitem:Provider|h=None]@8.4 ; Enter>menuitem:Provider[menu×1|f=menuitem:Provider|h=None]@11
chromium-dark-desktop › antd-session sub-right-home-enter burst sample 7,antd-session,submenu,sub-right-home-enter,sub-right-enter,burst,7,ArrowRight Home Enter,none | menu×2 | @menuitem:Provider,0,0,ArrowRight>menuitem:Provider[menu×1|f=menuitem:Provider|h=None]@24.8 ; Home>menuitem:Provider[menu×1|f=menuitem:Provider|h=None]@29 ; Enter>menuitem:Provider[menu×1|f=menuitem:Provider|h=None]@31.2
chromium-dark-desktop › antd-session sub-right-home-enter burst sample 8,antd-session,submenu,sub-right-home-enter,sub-right-enter,burst,8,ArrowRight Home Enter,none | menu×2 | @menuitem:Provider,0,0,ArrowRight>menuitem:Provider[menu×1|f=menuitem:Provider|h=None]@10.9 ; Home>menuitem:Provider[menu×1|f=menuitem:Provider|h=None]@14.8 ; Enter>menuitem:Provider[menu×1|f=menuitem:Provider|h=None]@17.3
chromium-dark-desktop › antd-session sub-right-home-enter burst sample 9,antd-session,submenu,sub-right-home-enter,sub-right-enter,burst,9,ArrowRight Home Enter,none | menu×2 | @menuitem:Provider,0,0,ArrowRight>menuitem:Provider[menu×1|f=menuitem:Provider|h=None]@13 ; Home>menuitem:Provider[menu×1|f=menuitem:Provider|h=None]@17 ; Enter>menuitem:Provider[menu×1|f=menuitem:Provider|h=None]@19.6
chromium-dark-desktop › antd-session sub-right-home-enter burst sample 10,antd-session,submenu,sub-right-home-enter,sub-right-enter,burst,10,ArrowRight Home Enter,none | menu×2 | @menuitem:Provider,0,0,ArrowRight>menuitem:Provider[menu×1|f=menuitem:Provider|h=None]@6.7 ; Home>menuitem:Provider[menu×1|f=menuitem:Provider|h=None]@10.5 ; Enter>menuitem:Provider[menu×1|f=menuitem:Provider|h=None]@12.9
chromium-dark-desktop › antd-session sub-right-home-enter burst sample 11,antd-session,submenu,sub-right-home-enter,sub-right-enter,burst,11,ArrowRight Home Enter,none | menu×2 | @menuitem:Provider,0,0,ArrowRight>menuitem:Provider[menu×1|f=menuitem:Provider|h=None]@13.3 ; Home>menuitem:Provider[menu×1|f=menuitem:Provider|h=None]@17.4 ; Enter>menuitem:Provider[menu×1|f=menuitem:Provider|h=None]@20.2
chromium-dark-desktop › antd-session sub-right-home-enter burst sample 12,antd-session,submenu,sub-right-home-enter,sub-right-enter,burst,12,ArrowRight Home Enter,none | menu×2 | @menuitem:Provider,0,0,ArrowRight>menuitem:Provider[menu×1|f=menuitem:Provider|h=None]@14.6 ; Home>menuitem:Provider[menu×1|f=menuitem:Provider|h=None]@18.6 ; Enter>menuitem:Provider[menu×1|f=menuitem:Provider|h=None]@21.1
chromium-dark-desktop › antd-session sub-right-home-enter burst sample 13,antd-session,submenu,sub-right-home-enter,sub-right-enter,burst,13,ArrowRight Home Enter,none | menu×2 | @menuitem:Provider,0,0,ArrowRight>menuitem:Provider[menu×1|f=menuitem:Provider|h=None]@12.2 ; Home>menuitem:Provider[menu×1|f=menuitem:Provider|h=None]@15.7 ; Enter>menuitem:Provider[menu×1|f=menuitem:Provider|h=None]@18.2
chromium-dark-desktop › antd-session sub-right-home-enter burst sample 14,antd-session,submenu,sub-right-home-enter,sub-right-enter,burst,14,ArrowRight Home Enter,none | menu×2 | @menuitem:Provider,0,0,ArrowRight>menuitem:Provider[menu×1|f=menuitem:Provider|h=None]@17.3 ; Home>menuitem:Provider[menu×1|f=menuitem:Provider|h=None]@20.9 ; Enter>menuitem:Provider[menu×1|f=menuitem:Provider|h=None]@23.5
chromium-dark-desktop › antd-session sub-right-home-enter burst sample 15,antd-session,submenu,sub-right-home-enter,sub-right-enter,burst,15,ArrowRight Home Enter,none | menu×2 | @menuitem:Provider,0,0,ArrowRight>menuitem:Provider[menu×1|f=menuitem:Provider|h=None]@11.1 ; Home>menuitem:Provider[menu×1|f=menuitem:Provider|h=None]@15.1 ; Enter>menuitem:Provider[menu×1|f=menuitem:Provider|h=None]@17.6
chromium-dark-desktop › antd-session sub-right-home-enter burst sample 16,antd-session,submenu,sub-right-home-enter,sub-right-enter,burst,16,ArrowRight Home Enter,none | menu×2 | @menuitem:Provider,0,0,ArrowRight>menuitem:Provider[menu×1|f=menuitem:Provider|h=None]@17.1 ; Home>menuitem:Provider[menu×1|f=menuitem:Provider|h=None]@23.8 ; Enter>menuitem:Provider[menu×1|f=menuitem:Provider|h=None]@26.3
chromium-dark-desktop › antd-session sub-right-home-enter burst sample 17,antd-session,submenu,sub-right-home-enter,sub-right-enter,burst,17,ArrowRight Home Enter,none | menu×2 | @menuitem:Provider,0,0,ArrowRight>menuitem:Provider[menu×1|f=menuitem:Provider|h=None]@21.3 ; Home>menuitem:Provider[menu×1|f=menuitem:Provider|h=None]@25 ; Enter>menuitem:Provider[menu×1|f=menuitem:Provider|h=None]@27.5
chromium-dark-desktop › antd-session sub-right-home-enter burst sample 18,antd-session,submenu,sub-right-home-enter,sub-right-enter,burst,18,ArrowRight Home Enter,none | menu×2 | @menuitem:Provider,0,0,ArrowRight>menuitem:Provider[menu×1|f=menuitem:Provider|h=None]@6.7 ; Home>menuitem:Provider[menu×1|f=menuitem:Provider|h=None]@10.6 ; Enter>menuitem:Provider[menu×1|f=menuitem:Provider|h=None]@13.2
chromium-dark-desktop › antd-session sub-right-home-enter burst sample 19,antd-session,submenu,sub-right-home-enter,sub-right-enter,burst,19,ArrowRight Home Enter,none | menu×2 | @menuitem:Provider,0,0,ArrowRight>menuitem:Provider[menu×1|f=menuitem:Provider|h=None]@18.1 ; Home>menuitem:Provider[menu×1|f=menuitem:Provider|h=None]@21.9 ; Enter>menuitem:Provider[menu×1|f=menuitem:Provider|h=None]@24.3
chromium-dark-desktop › antd-session sub-right-home-enter paced sample 0,antd-session,submenu,sub-right-home-enter,sub-right-enter,paced,0,ArrowRight Home Enter,Picked=codex | menu×1 | @menuitem:Codex,0,0,ArrowRight>menuitem:Provider[menu×1|f=menuitem:Provider|h=None]@19.4 ; Home>menuitem:Codex[menu×2|f=menuitem:Codex|h=None]@325.4 ; Enter>menuitem:Codex[menu×2|f=menuitem:Codex|h=None]@629.2
chromium-dark-desktop › antd-session sub-right-home-enter paced sample 1,antd-session,submenu,sub-right-home-enter,sub-right-enter,paced,1,ArrowRight Home Enter,Picked=codex | menu×1 | @menuitem:Codex,0,0,ArrowRight>menuitem:Provider[menu×1|f=menuitem:Provider|h=None]@16.4 ; Home>menuitem:Codex[menu×2|f=menuitem:Codex|h=None]@325 ; Enter>menuitem:Codex[menu×2|f=menuitem:Codex|h=None]@628.2
chromium-dark-desktop › antd-session sub-right-home-enter paced sample 2,antd-session,submenu,sub-right-home-enter,sub-right-enter,paced,2,ArrowRight Home Enter,Picked=codex | menu×1 | @menuitem:Codex,0,0,ArrowRight>menuitem:Provider[menu×1|f=menuitem:Provider|h=None]@6.1 ; Home>menuitem:Codex[menu×2|f=menuitem:Codex|h=None]@314.6 ; Enter>menuitem:Codex[menu×2|f=menuitem:Codex|h=None]@618.7
chromium-dark-desktop › antd-session sub-right-home-enter paced sample 3,antd-session,submenu,sub-right-home-enter,sub-right-enter,paced,3,ArrowRight Home Enter,Picked=codex | menu×1 | @menuitem:Codex,0,0,ArrowRight>menuitem:Provider[menu×1|f=menuitem:Provider|h=None]@9.2 ; Home>menuitem:Codex[menu×2|f=menuitem:Codex|h=None]@317.3 ; Enter>menuitem:Codex[menu×2|f=menuitem:Codex|h=None]@621.4
chromium-dark-desktop › antd-session sub-right-home-enter paced sample 4,antd-session,submenu,sub-right-home-enter,sub-right-enter,paced,4,ArrowRight Home Enter,Picked=codex | menu×1 | @menuitem:Codex,0,0,ArrowRight>menuitem:Provider[menu×1|f=menuitem:Provider|h=None]@11.5 ; Home>menuitem:Codex[menu×2|f=menuitem:Codex|h=None]@319.7 ; Enter>menuitem:Codex[menu×2|f=menuitem:Codex|h=None]@623
chromium-dark-desktop › antd-session sub-right-home-enter paced sample 5,antd-session,submenu,sub-right-home-enter,sub-right-enter,paced,5,ArrowRight Home Enter,Picked=codex | menu×1 | @menuitem:Codex,0,0,ArrowRight>menuitem:Provider[menu×1|f=menuitem:Provider|h=None]@5.1 ; Home>menuitem:Codex[menu×2|f=menuitem:Codex|h=None]@313.5 ; Enter>menuitem:Codex[menu×2|f=menuitem:Codex|h=None]@618.3
chromium-dark-desktop › antd-session sub-right-home-enter paced sample 6,antd-session,submenu,sub-right-home-enter,sub-right-enter,paced,6,ArrowRight Home Enter,Picked=codex | menu×1 | @menuitem:Codex,0,0,ArrowRight>menuitem:Provider[menu×1|f=menuitem:Provider|h=None]@16.7 ; Home>menuitem:Codex[menu×2|f=menuitem:Codex|h=None]@323.4 ; Enter>menuitem:Codex[menu×2|f=menuitem:Codex|h=None]@628.6
chromium-dark-desktop › antd-session sub-right-home-enter paced sample 7,antd-session,submenu,sub-right-home-enter,sub-right-enter,paced,7,ArrowRight Home Enter,Picked=codex | menu×1 | @menuitem:Codex,0,0,ArrowRight>menuitem:Provider[menu×1|f=menuitem:Provider|h=None]@13.9 ; Home>menuitem:Codex[menu×2|f=menuitem:Codex|h=None]@322.5 ; Enter>menuitem:Codex[menu×2|f=menuitem:Codex|h=None]@626.1
chromium-dark-desktop › antd-session sub-right-home-enter paced sample 8,antd-session,submenu,sub-right-home-enter,sub-right-enter,paced,8,ArrowRight Home Enter,Picked=codex | menu×1 | @menuitem:Codex,0,0,ArrowRight>menuitem:Provider[menu×1|f=menuitem:Provider|h=None]@11.2 ; Home>menuitem:Codex[menu×2|f=menuitem:Codex|h=None]@317.9 ; Enter>menuitem:Codex[menu×2|f=menuitem:Codex|h=None]@621.2
chromium-dark-desktop › antd-session sub-right-home-enter paced sample 9,antd-session,submenu,sub-right-home-enter,sub-right-enter,paced,9,ArrowRight Home Enter,Picked=codex | menu×1 | @menuitem:Codex,0,0,ArrowRight>menuitem:Provider[menu×1|f=menuitem:Provider|h=None]@11.7 ; Home>menuitem:Codex[menu×2|f=menuitem:Codex|h=None]@317.4 ; Enter>menuitem:Codex[menu×2|f=menuitem:Codex|h=None]@620.3
chromium-dark-desktop › antd-session sub-right-home-enter paced sample 10,antd-session,submenu,sub-right-home-enter,sub-right-enter,paced,10,ArrowRight Home Enter,Picked=codex | menu×1 | @menuitem:Codex,0,0,ArrowRight>menuitem:Provider[menu×1|f=menuitem:Provider|h=None]@17.6 ; Home>menuitem:Codex[menu×2|f=menuitem:Codex|h=None]@323.1 ; Enter>menuitem:Codex[menu×2|f=menuitem:Codex|h=None]@626.7
chromium-dark-desktop › antd-session sub-right-home-enter paced sample 11,antd-session,submenu,sub-right-home-enter,sub-right-enter,paced,11,ArrowRight Home Enter,Picked=codex | menu×1 | @menuitem:Codex,0,0,ArrowRight>menuitem:Provider[menu×1|f=menuitem:Provider|h=None]@6 ; Home>menuitem:Codex[menu×2|f=menuitem:Codex|h=None]@313.9 ; Enter>menuitem:Codex[menu×2|f=menuitem:Codex|h=None]@618.2
chromium-dark-desktop › antd-session sub-right-home-enter paced sample 12,antd-session,submenu,sub-right-home-enter,sub-right-enter,paced,12,ArrowRight Home Enter,Picked=codex | menu×1 | @menuitem:Codex,0,0,ArrowRight>menuitem:Provider[menu×1|f=menuitem:Provider|h=None]@17.5 ; Home>menuitem:Codex[menu×2|f=menuitem:Codex|h=None]@325.2 ; Enter>menuitem:Codex[menu×2|f=menuitem:Codex|h=None]@629.2
chromium-dark-desktop › antd-session sub-right-home-enter paced sample 13,antd-session,submenu,sub-right-home-enter,sub-right-enter,paced,13,ArrowRight Home Enter,Picked=codex | menu×1 | @menuitem:Codex,0,0,ArrowRight>menuitem:Provider[menu×1|f=menuitem:Provider|h=None]@12.8 ; Home>menuitem:Codex[menu×2|f=menuitem:Codex|h=None]@319.7 ; Enter>menuitem:Codex[menu×2|f=menuitem:Codex|h=None]@623
chromium-dark-desktop › antd-session sub-right-home-enter paced sample 14,antd-session,submenu,sub-right-home-enter,sub-right-enter,paced,14,ArrowRight Home Enter,Picked=codex | menu×1 | @menuitem:Codex,0,0,ArrowRight>menuitem:Provider[menu×1|f=menuitem:Provider|h=None]@17.1 ; Home>menuitem:Codex[menu×2|f=menuitem:Codex|h=None]@324.8 ; Enter>menuitem:Codex[menu×2|f=menuitem:Codex|h=None]@628.6
chromium-dark-desktop › antd-session sub-right-home-enter paced sample 15,antd-session,submenu,sub-right-home-enter,sub-right-enter,paced,15,ArrowRight Home Enter,Picked=codex | menu×1 | @menuitem:Codex,0,0,ArrowRight>menuitem:Provider[menu×1|f=menuitem:Provider|h=None]@10.2 ; Home>menuitem:Codex[menu×2|f=menuitem:Codex|h=None]@317.4 ; Enter>menuitem:Codex[menu×2|f=menuitem:Codex|h=None]@621.4
chromium-dark-desktop › antd-session sub-right-home-enter paced sample 16,antd-session,submenu,sub-right-home-enter,sub-right-enter,paced,16,ArrowRight Home Enter,Picked=codex | menu×1 | @menuitem:Codex,0,0,ArrowRight>menuitem:Provider[menu×1|f=menuitem:Provider|h=None]@18.8 ; Home>menuitem:Codex[menu×2|f=menuitem:Codex|h=None]@325.4 ; Enter>menuitem:Codex[menu×2|f=menuitem:Codex|h=None]@628.7
chromium-dark-desktop › antd-session sub-right-home-enter paced sample 17,antd-session,submenu,sub-right-home-enter,sub-right-enter,paced,17,ArrowRight Home Enter,Picked=codex | menu×1 | @menuitem:Codex,0,0,ArrowRight>menuitem:Provider[menu×1|f=menuitem:Provider|h=None]@8.2 ; Home>menuitem:Codex[menu×2|f=menuitem:Codex|h=None]@314.1 ; Enter>menuitem:Codex[menu×2|f=menuitem:Codex|h=None]@617.4
chromium-dark-desktop › antd-session sub-right-home-enter paced sample 18,antd-session,submenu,sub-right-home-enter,sub-right-enter,paced,18,ArrowRight Home Enter,Picked=codex | menu×1 | @menuitem:Codex,0,0,ArrowRight>menuitem:Provider[menu×1|f=menuitem:Provider|h=None]@4 ; Home>menuitem:Codex[menu×2|f=menuitem:Codex|h=None]@309.8 ; Enter>menuitem:Codex[menu×2|f=menuitem:Codex|h=None]@612.7
chromium-dark-desktop › antd-session sub-right-home-enter paced sample 19,antd-session,submenu,sub-right-home-enter,sub-right-enter,paced,19,ArrowRight Home Enter,Picked=codex | menu×1 | @menuitem:Codex,0,0,ArrowRight>menuitem:Provider[menu×1|f=menuitem:Provider|h=None]@14.7 ; Home>menuitem:Codex[menu×2|f=menuitem:Codex|h=None]@321.9 ; Enter>menuitem:Codex[menu×2|f=menuitem:Codex|h=None]@625.7
chromium-dark-desktop › orbit-submenu sub-right-end-enter burst sample 0,orbit-submenu,submenu,sub-right-end-enter,sub-right-enter,burst,0,ArrowRight End Enter,Action=delete | none | @button:Session actions,1,0,ArrowRight>menuitem:Provider[menu×1|f=menuitem:Provider|h=Provider]@19 ; End>menuitem:Provider[menu×2|f=menuitem:Provider|h=Codex]@33 ; Enter>menuitem:Delete[menu×2|f=menuitem:Delete|h=None]@41.5
chromium-dark-desktop › orbit-submenu sub-right-end-enter burst sample 1,orbit-submenu,submenu,sub-right-end-enter,sub-right-enter,burst,1,ArrowRight End Enter,Action=delete | none | @button:Session actions,1,0,ArrowRight>menuitem:Provider[menu×1|f=menuitem:Provider|h=Provider]@6.8 ; End>menuitem:Provider[menu×2|f=menuitem:Provider|h=Codex]@20.4 ; Enter>menuitem:Delete[menu×2|f=menuitem:Delete|h=None]@28.9
chromium-dark-desktop › orbit-submenu sub-right-end-enter burst sample 2,orbit-submenu,submenu,sub-right-end-enter,sub-right-enter,burst,2,ArrowRight End Enter,Action=delete | none | @button:Session actions,1,0,ArrowRight>menuitem:Provider[menu×1|f=menuitem:Provider|h=Provider]@17.9 ; End>menuitem:Provider[menu×2|f=menuitem:Provider|h=Codex]@28.3 ; Enter>menuitem:Delete[menu×2|f=menuitem:Delete|h=None]@34.5
chromium-dark-desktop › orbit-submenu sub-right-end-enter burst sample 3,orbit-submenu,submenu,sub-right-end-enter,sub-right-enter,burst,3,ArrowRight End Enter,Action=delete | none | @button:Session actions,1,0,ArrowRight>menuitem:Provider[menu×1|f=menuitem:Provider|h=Provider]@19.6 ; End>menuitem:Provider[menu×2|f=menuitem:Provider|h=Codex]@29.8 ; Enter>menuitem:Delete[menu×2|f=menuitem:Delete|h=None]@36
chromium-dark-desktop › orbit-submenu sub-right-end-enter burst sample 4,orbit-submenu,submenu,sub-right-end-enter,sub-right-enter,burst,4,ArrowRight End Enter,Action=delete | none | @button:Session actions,1,0,ArrowRight>menuitem:Provider[menu×1|f=menuitem:Provider|h=Provider]@8.5 ; End>menuitem:Provider[menu×2|f=menuitem:Provider|h=Codex]@18.5 ; Enter>menuitem:Delete[menu×2|f=menuitem:Delete|h=None]@25
chromium-dark-desktop › orbit-submenu sub-right-end-enter burst sample 5,orbit-submenu,submenu,sub-right-end-enter,sub-right-enter,burst,5,ArrowRight End Enter,Action=delete | none | @button:Session actions,1,0,ArrowRight>menuitem:Provider[menu×1|f=menuitem:Provider|h=Provider]@16.9 ; End>menuitem:Provider[menu×2|f=menuitem:Provider|h=Codex]@27.6 ; Enter>menuitem:Delete[menu×2|f=menuitem:Delete|h=None]@34.8
chromium-dark-desktop › orbit-submenu sub-right-end-enter burst sample 6,orbit-submenu,submenu,sub-right-end-enter,sub-right-enter,burst,6,ArrowRight End Enter,Action=delete | none | @button:Session actions,1,0,ArrowRight>menuitem:Provider[menu×1|f=menuitem:Provider|h=Provider]@8.2 ; End>menuitem:Provider[menu×2|f=menuitem:Provider|h=Codex]@21.9 ; Enter>menuitem:Delete[menu×2|f=menuitem:Delete|h=None]@30.5
chromium-dark-desktop › orbit-submenu sub-right-end-enter burst sample 7,orbit-submenu,submenu,sub-right-end-enter,sub-right-enter,burst,7,ArrowRight End Enter,Action=delete | none | @button:Session actions,1,0,ArrowRight>menuitem:Provider[menu×1|f=menuitem:Provider|h=Provider]@12.4 ; End>menuitem:Provider[menu×2|f=menuitem:Provider|h=Codex]@22.1 ; Enter>menuitem:Delete[menu×2|f=menuitem:Delete|h=None]@28.2
chromium-dark-desktop › orbit-submenu sub-right-end-enter burst sample 8,orbit-submenu,submenu,sub-right-end-enter,sub-right-enter,burst,8,ArrowRight End Enter,Action=delete | none | @button:Session actions,1,0,ArrowRight>menuitem:Provider[menu×1|f=menuitem:Provider|h=Provider]@6.1 ; End>menuitem:Provider[menu×2|f=menuitem:Provider|h=Codex]@15.7 ; Enter>menuitem:Delete[menu×2|f=menuitem:Delete|h=None]@21.7
chromium-dark-desktop › orbit-submenu sub-right-end-enter burst sample 9,orbit-submenu,submenu,sub-right-end-enter,sub-right-enter,burst,9,ArrowRight End Enter,Action=delete | none | @button:Session actions,1,0,ArrowRight>menuitem:Provider[menu×1|f=menuitem:Provider|h=Provider]@18.8 ; End>menuitem:Provider[menu×2|f=menuitem:Provider|h=Codex]@28.6 ; Enter>menuitem:Delete[menu×2|f=menuitem:Delete|h=None]@34.6
chromium-dark-desktop › orbit-submenu sub-right-end-enter burst sample 10,orbit-submenu,submenu,sub-right-end-enter,sub-right-enter,burst,10,ArrowRight End Enter,Action=delete | none | @button:Session actions,1,0,ArrowRight>menuitem:Provider[menu×1|f=menuitem:Provider|h=Provider]@10.2 ; End>menuitem:Provider[menu×2|f=menuitem:Provider|h=Codex]@20 ; Enter>menuitem:Delete[menu×2|f=menuitem:Delete|h=None]@26
chromium-dark-desktop › orbit-submenu sub-right-end-enter burst sample 11,orbit-submenu,submenu,sub-right-end-enter,sub-right-enter,burst,11,ArrowRight End Enter,Action=delete | none | @button:Session actions,1,0,ArrowRight>menuitem:Provider[menu×1|f=menuitem:Provider|h=Provider]@4.6 ; End>menuitem:Provider[menu×2|f=menuitem:Provider|h=Codex]@18.4 ; Enter>menuitem:Delete[menu×2|f=menuitem:Delete|h=None]@27.1
chromium-dark-desktop › orbit-submenu sub-right-end-enter burst sample 12,orbit-submenu,submenu,sub-right-end-enter,sub-right-enter,burst,12,ArrowRight End Enter,Action=delete | none | @button:Session actions,1,0,ArrowRight>menuitem:Provider[menu×1|f=menuitem:Provider|h=Provider]@19.8 ; End>menuitem:Provider[menu×2|f=menuitem:Provider|h=Codex]@33.2 ; Enter>menuitem:Delete[menu×2|f=menuitem:Delete|h=None]@41.4
chromium-dark-desktop › orbit-submenu sub-right-end-enter burst sample 13,orbit-submenu,submenu,sub-right-end-enter,sub-right-enter,burst,13,ArrowRight End Enter,Action=delete | none | @button:Session actions,1,0,ArrowRight>menuitem:Provider[menu×1|f=menuitem:Provider|h=Provider]@6.2 ; End>menuitem:Provider[menu×2|f=menuitem:Provider|h=Codex]@19.6 ; Enter>menuitem:Delete[menu×2|f=menuitem:Delete|h=None]@28
chromium-dark-desktop › orbit-submenu sub-right-end-enter burst sample 14,orbit-submenu,submenu,sub-right-end-enter,sub-right-enter,burst,14,ArrowRight End Enter,Action=delete | none | @button:Session actions,1,0,ArrowRight>menuitem:Provider[menu×1|f=menuitem:Provider|h=Provider]@18.3 ; End>menuitem:Provider[menu×2|f=menuitem:Provider|h=Codex]@31.7 ; Enter>menuitem:Delete[menu×2|f=menuitem:Delete|h=None]@40.1
chromium-dark-desktop › orbit-submenu sub-right-end-enter burst sample 15,orbit-submenu,submenu,sub-right-end-enter,sub-right-enter,burst,15,ArrowRight End Enter,Action=delete | none | @button:Session actions,1,0,ArrowRight>menuitem:Provider[menu×1|f=menuitem:Provider|h=Provider]@20 ; End>menuitem:Provider[menu×2|f=menuitem:Provider|h=Codex]@34 ; Enter>menuitem:Delete[menu×2|f=menuitem:Delete|h=None]@43.1
chromium-dark-desktop › orbit-submenu sub-right-end-enter burst sample 16,orbit-submenu,submenu,sub-right-end-enter,sub-right-enter,burst,16,ArrowRight End Enter,Action=delete | none | @button:Session actions,1,0,ArrowRight>menuitem:Provider[menu×1|f=menuitem:Provider|h=Provider]@7.6 ; End>menuitem:Provider[menu×2|f=menuitem:Provider|h=Codex]@20.9 ; Enter>menuitem:Delete[menu×2|f=menuitem:Delete|h=None]@29.3
chromium-dark-desktop › orbit-submenu sub-right-end-enter burst sample 17,orbit-submenu,submenu,sub-right-end-enter,sub-right-enter,burst,17,ArrowRight End Enter,Action=delete | none | @button:Session actions,1,0,ArrowRight>menuitem:Provider[menu×1|f=menuitem:Provider|h=Provider]@12.3 ; End>menuitem:Provider[menu×2|f=menuitem:Provider|h=Codex]@22.3 ; Enter>menuitem:Delete[menu×2|f=menuitem:Delete|h=None]@28.3
chromium-dark-desktop › orbit-submenu sub-right-end-enter burst sample 18,orbit-submenu,submenu,sub-right-end-enter,sub-right-enter,burst,18,ArrowRight End Enter,Action=delete | none | @button:Session actions,1,0,ArrowRight>menuitem:Provider[menu×1|f=menuitem:Provider|h=Provider]@6.6 ; End>menuitem:Provider[menu×2|f=menuitem:Provider|h=Codex]@20 ; Enter>menuitem:Delete[menu×2|f=menuitem:Delete|h=None]@28.5
chromium-dark-desktop › orbit-submenu sub-right-end-enter burst sample 19,orbit-submenu,submenu,sub-right-end-enter,sub-right-enter,burst,19,ArrowRight End Enter,Action=delete | none | @button:Session actions,1,0,ArrowRight>menuitem:Provider[menu×1|f=menuitem:Provider|h=Provider]@4.4 ; End>menuitem:Provider[menu×2|f=menuitem:Provider|h=Codex]@18.2 ; Enter>menuitem:Delete[menu×2|f=menuitem:Delete|h=None]@26.9
chromium-dark-desktop › orbit-submenu sub-right-end-enter paced sample 0,orbit-submenu,submenu,sub-right-end-enter,sub-right-enter,paced,0,ArrowRight End Enter,Action=claude | none | @button:Session actions,0,0,ArrowRight>menuitem:Provider[menu×1|f=menuitem:Provider|h=Provider]@3.7 ; End>menuitem:Codex[menu×2|f=menuitem:Codex|h=Codex]@317.8 ; Enter>menuitem:Claude[menu×2|f=menuitem:Claude|h=Claude]@622.9
chromium-dark-desktop › orbit-submenu sub-right-end-enter paced sample 1,orbit-submenu,submenu,sub-right-end-enter,sub-right-enter,paced,1,ArrowRight End Enter,Action=claude | none | @button:Session actions,0,0,ArrowRight>menuitem:Provider[menu×1|f=menuitem:Provider|h=Provider]@7.3 ; End>menuitem:Codex[menu×2|f=menuitem:Codex|h=Codex]@325.2 ; Enter>menuitem:Claude[menu×2|f=menuitem:Claude|h=Claude]@632.6
chromium-dark-desktop › orbit-submenu sub-right-end-enter paced sample 2,orbit-submenu,submenu,sub-right-end-enter,sub-right-enter,paced,2,ArrowRight End Enter,Action=claude | none | @button:Session actions,0,0,ArrowRight>menuitem:Provider[menu×1|f=menuitem:Provider|h=Provider]@11.3 ; End>menuitem:Codex[menu×2|f=menuitem:Codex|h=Codex]@336.7 ; Enter>menuitem:Claude[menu×2|f=menuitem:Claude|h=Claude]@643.1
chromium-dark-desktop › orbit-submenu sub-right-end-enter paced sample 3,orbit-submenu,submenu,sub-right-end-enter,sub-right-enter,paced,3,ArrowRight End Enter,Action=claude | none | @button:Session actions,0,0,ArrowRight>menuitem:Provider[menu×1|f=menuitem:Provider|h=Provider]@4.9 ; End>menuitem:Codex[menu×2|f=menuitem:Codex|h=Codex]@323.2 ; Enter>menuitem:Claude[menu×2|f=menuitem:Claude|h=Claude]@630.1
chromium-dark-desktop › orbit-submenu sub-right-end-enter paced sample 4,orbit-submenu,submenu,sub-right-end-enter,sub-right-enter,paced,4,ArrowRight End Enter,Action=claude | none | @button:Session actions,0,0,ArrowRight>menuitem:Provider[menu×1|f=menuitem:Provider|h=Provider]@19.9 ; End>menuitem:Codex[menu×2|f=menuitem:Codex|h=Codex]@341.8 ; Enter>menuitem:Claude[menu×2|f=menuitem:Claude|h=Claude]@647.9
chromium-dark-desktop › orbit-submenu sub-right-end-enter paced sample 5,orbit-submenu,submenu,sub-right-end-enter,sub-right-enter,paced,5,ArrowRight End Enter,Action=claude | none | @button:Session actions,0,0,ArrowRight>menuitem:Provider[menu×1|f=menuitem:Provider|h=Provider]@13.8 ; End>menuitem:Codex[menu×2|f=menuitem:Codex|h=Codex]@336.6 ; Enter>menuitem:Claude[menu×2|f=menuitem:Claude|h=Claude]@645.5
chromium-dark-desktop › orbit-submenu sub-right-end-enter paced sample 6,orbit-submenu,submenu,sub-right-end-enter,sub-right-enter,paced,6,ArrowRight End Enter,Action=claude | none | @button:Session actions,0,0,ArrowRight>menuitem:Provider[menu×1|f=menuitem:Provider|h=Provider]@9.5 ; End>menuitem:Codex[menu×2|f=menuitem:Codex|h=Codex]@332.4 ; Enter>menuitem:Claude[menu×2|f=menuitem:Claude|h=Claude]@638.3
chromium-dark-desktop › orbit-submenu sub-right-end-enter paced sample 7,orbit-submenu,submenu,sub-right-end-enter,sub-right-enter,paced,7,ArrowRight End Enter,Action=claude | none | @button:Session actions,0,0,ArrowRight>menuitem:Provider[menu×1|f=menuitem:Provider|h=Provider]@4.1 ; End>menuitem:Codex[menu×2|f=menuitem:Codex|h=Codex]@318.4 ; Enter>menuitem:Claude[menu×2|f=menuitem:Claude|h=Claude]@625
chromium-dark-desktop › orbit-submenu sub-right-end-enter paced sample 8,orbit-submenu,submenu,sub-right-end-enter,sub-right-enter,paced,8,ArrowRight End Enter,Action=claude | none | @button:Session actions,0,0,ArrowRight>menuitem:Provider[menu×1|f=menuitem:Provider|h=Provider]@15.6 ; End>menuitem:Codex[menu×2|f=menuitem:Codex|h=Codex]@336.6 ; Enter>menuitem:Claude[menu×2|f=menuitem:Claude|h=Claude]@643.1
chromium-dark-desktop › orbit-submenu sub-right-end-enter paced sample 9,orbit-submenu,submenu,sub-right-end-enter,sub-right-enter,paced,9,ArrowRight End Enter,Action=claude | none | @button:Session actions,0,0,ArrowRight>menuitem:Provider[menu×1|f=menuitem:Provider|h=Provider]@4.3 ; End>menuitem:Codex[menu×2|f=menuitem:Codex|h=Codex]@326 ; Enter>menuitem:Claude[menu×2|f=menuitem:Claude|h=Claude]@632.3
chromium-dark-desktop › orbit-submenu sub-right-end-enter paced sample 10,orbit-submenu,submenu,sub-right-end-enter,sub-right-enter,paced,10,ArrowRight End Enter,Action=claude | none | @button:Session actions,0,0,ArrowRight>menuitem:Provider[menu×1|f=menuitem:Provider|h=Provider]@13.2 ; End>menuitem:Codex[menu×2|f=menuitem:Codex|h=Codex]@336.2 ; Enter>menuitem:Claude[menu×2|f=menuitem:Claude|h=Claude]@642.6
chromium-dark-desktop › orbit-submenu sub-right-end-enter paced sample 11,orbit-submenu,submenu,sub-right-end-enter,sub-right-enter,paced,11,ArrowRight End Enter,Action=claude | none | @button:Session actions,0,0,ArrowRight>menuitem:Provider[menu×1|f=menuitem:Provider|h=Provider]@11.7 ; End>menuitem:Codex[menu×2|f=menuitem:Codex|h=Codex]@334.2 ; Enter>menuitem:Claude[menu×2|f=menuitem:Claude|h=Claude]@641.2
chromium-dark-desktop › orbit-submenu sub-right-end-enter paced sample 12,orbit-submenu,submenu,sub-right-end-enter,sub-right-enter,paced,12,ArrowRight End Enter,Action=claude | none | @button:Session actions,0,0,ArrowRight>menuitem:Provider[menu×1|f=menuitem:Provider|h=Provider]@9.9 ; End>menuitem:Codex[menu×2|f=menuitem:Codex|h=Codex]@334.3 ; Enter>menuitem:Claude[menu×2|f=menuitem:Claude|h=Claude]@641.2
chromium-dark-desktop › orbit-submenu sub-right-end-enter paced sample 13,orbit-submenu,submenu,sub-right-end-enter,sub-right-enter,paced,13,ArrowRight End Enter,Action=claude | none | @button:Session actions,0,0,ArrowRight>menuitem:Provider[menu×1|f=menuitem:Provider|h=Provider]@19.6 ; End>menuitem:Codex[menu×2|f=menuitem:Codex|h=Codex]@333.7 ; Enter>menuitem:Claude[menu×2|f=menuitem:Claude|h=Claude]@641.6
chromium-dark-desktop › orbit-submenu sub-right-end-enter paced sample 14,orbit-submenu,submenu,sub-right-end-enter,sub-right-enter,paced,14,ArrowRight End Enter,Action=claude | none | @button:Session actions,0,0,ArrowRight>menuitem:Provider[menu×1|f=menuitem:Provider|h=Provider]@8.2 ; End>menuitem:Codex[menu×2|f=menuitem:Codex|h=Codex]@331.1 ; Enter>menuitem:Claude[menu×2|f=menuitem:Claude|h=Claude]@639.5
chromium-dark-desktop › orbit-submenu sub-right-end-enter paced sample 15,orbit-submenu,submenu,sub-right-end-enter,sub-right-enter,paced,15,ArrowRight End Enter,Action=claude | none | @button:Session actions,0,0,ArrowRight>menuitem:Provider[menu×1|f=menuitem:Provider|h=Provider]@14.7 ; End>menuitem:Codex[menu×2|f=menuitem:Codex|h=Codex]@336.1 ; Enter>menuitem:Claude[menu×2|f=menuitem:Claude|h=Claude]@642.1
chromium-dark-desktop › orbit-submenu sub-right-end-enter paced sample 16,orbit-submenu,submenu,sub-right-end-enter,sub-right-enter,paced,16,ArrowRight End Enter,Action=claude | none | @button:Session actions,0,0,ArrowRight>menuitem:Provider[menu×1|f=menuitem:Provider|h=Provider]@17.8 ; End>menuitem:Codex[menu×2|f=menuitem:Codex|h=Codex]@336.5 ; Enter>menuitem:Claude[menu×2|f=menuitem:Claude|h=Claude]@644.2
chromium-dark-desktop › orbit-submenu sub-right-end-enter paced sample 17,orbit-submenu,submenu,sub-right-end-enter,sub-right-enter,paced,17,ArrowRight End Enter,Action=claude | none | @button:Session actions,0,0,ArrowRight>menuitem:Provider[menu×1|f=menuitem:Provider|h=Provider]@4.1 ; End>menuitem:Codex[menu×2|f=menuitem:Codex|h=Codex]@322.1 ; Enter>menuitem:Claude[menu×2|f=menuitem:Claude|h=Claude]@628.2
chromium-dark-desktop › orbit-submenu sub-right-end-enter paced sample 18,orbit-submenu,submenu,sub-right-end-enter,sub-right-enter,paced,18,ArrowRight End Enter,Action=claude | none | @button:Session actions,0,0,ArrowRight>menuitem:Provider[menu×1|f=menuitem:Provider|h=Provider]@9.1 ; End>menuitem:Codex[menu×2|f=menuitem:Codex|h=Codex]@333.4 ; Enter>menuitem:Claude[menu×2|f=menuitem:Claude|h=Claude]@640.3
chromium-dark-desktop › orbit-submenu sub-right-end-enter paced sample 19,orbit-submenu,submenu,sub-right-end-enter,sub-right-enter,paced,19,ArrowRight End Enter,Action=claude | none | @button:Session actions,0,0,ArrowRight>menuitem:Provider[menu×1|f=menuitem:Provider|h=Provider]@4.6 ; End>menuitem:Codex[menu×2|f=menuitem:Codex|h=Codex]@323 ; Enter>menuitem:Claude[menu×2|f=menuitem:Claude|h=Claude]@629.8
chromium-dark-desktop › orbit-submenu-sample sub-right-end-enter burst sample 0,orbit-submenu-sample,submenu,sub-right-end-enter,sub-right-enter,burst,0,ArrowRight End Enter,none | menu×2 | @menuitem:Codex,1,0,ArrowRight>menuitem:Provider[menu×1|f=menuitem:Provider|h=Provider]@7.2 ; End>menuitem:Provider[menu×2|f=menuitem:Provider|h=Codex]@21.9 ; Enter>menuitem:Provider[menu×2|f=menuitem:Provider|h=Codex]@22.2
chromium-dark-desktop › orbit-submenu-sample sub-right-end-enter burst sample 1,orbit-submenu-sample,submenu,sub-right-end-enter,sub-right-enter,burst,1,ArrowRight End Enter,none | menu×2 | @menuitem:Codex,1,0,ArrowRight>menuitem:Provider[menu×1|f=menuitem:Provider|h=Provider]@9.9 ; End>menuitem:Provider[menu×2|f=menuitem:Provider|h=Codex]@23.7 ; Enter>menuitem:Provider[menu×2|f=menuitem:Provider|h=Codex]@24
chromium-dark-desktop › orbit-submenu-sample sub-right-end-enter burst sample 2,orbit-submenu-sample,submenu,sub-right-end-enter,sub-right-enter,burst,2,ArrowRight End Enter,none | menu×2 | @menuitem:Codex,1,0,ArrowRight>menuitem:Provider[menu×1|f=menuitem:Provider|h=Provider]@5.9 ; End>menuitem:Provider[menu×2|f=menuitem:Provider|h=Codex]@19.6 ; Enter>menuitem:Provider[menu×2|f=menuitem:Provider|h=Codex]@19.9
chromium-dark-desktop › orbit-submenu-sample sub-right-end-enter burst sample 3,orbit-submenu-sample,submenu,sub-right-end-enter,sub-right-enter,burst,3,ArrowRight End Enter,none | menu×2 | @menuitem:Codex,1,0,ArrowRight>menuitem:Provider[menu×1|f=menuitem:Provider|h=Provider]@11.7 ; End>menuitem:Provider[menu×2|f=menuitem:Provider|h=Codex]@21.6 ; Enter>menuitem:Provider[menu×2|f=menuitem:Provider|h=Codex]@21.8
chromium-dark-desktop › orbit-submenu-sample sub-right-end-enter burst sample 4,orbit-submenu-sample,submenu,sub-right-end-enter,sub-right-enter,burst,4,ArrowRight End Enter,none | menu×2 | @menuitem:Codex,1,0,ArrowRight>menuitem:Provider[menu×1|f=menuitem:Provider|h=Provider]@17.6 ; End>menuitem:Provider[menu×2|f=menuitem:Provider|h=Codex]@31.2 ; Enter>menuitem:Provider[menu×2|f=menuitem:Provider|h=Codex]@31.5
chromium-dark-desktop › orbit-submenu-sample sub-right-end-enter burst sample 5,orbit-submenu-sample,submenu,sub-right-end-enter,sub-right-enter,burst,5,ArrowRight End Enter,none | menu×2 | @menuitem:Codex,1,0,ArrowRight>menuitem:Provider[menu×1|f=menuitem:Provider|h=Provider]@13.1 ; End>menuitem:Provider[menu×2|f=menuitem:Provider|h=Codex]@26.4 ; Enter>menuitem:Provider[menu×2|f=menuitem:Provider|h=Codex]@26.7
chromium-dark-desktop › orbit-submenu-sample sub-right-end-enter burst sample 6,orbit-submenu-sample,submenu,sub-right-end-enter,sub-right-enter,burst,6,ArrowRight End Enter,none | menu×2 | @menuitem:Codex,1,0,ArrowRight>menuitem:Provider[menu×1|f=menuitem:Provider|h=Provider]@6.6 ; End>menuitem:Provider[menu×2|f=menuitem:Provider|h=Codex]@19.7 ; Enter>menuitem:Provider[menu×2|f=menuitem:Provider|h=Codex]@20
chromium-dark-desktop › orbit-submenu-sample sub-right-end-enter burst sample 7,orbit-submenu-sample,submenu,sub-right-end-enter,sub-right-enter,burst,7,ArrowRight End Enter,none | menu×2 | @menuitem:Codex,1,0,ArrowRight>menuitem:Provider[menu×1|f=menuitem:Provider|h=Provider]@11 ; End>menuitem:Provider[menu×2|f=menuitem:Provider|h=Codex]@21.3 ; Enter>menuitem:Provider[menu×2|f=menuitem:Provider|h=Codex]@21.5
chromium-dark-desktop › orbit-submenu-sample sub-right-end-enter burst sample 8,orbit-submenu-sample,submenu,sub-right-end-enter,sub-right-enter,burst,8,ArrowRight End Enter,none | menu×2 | @menuitem:Codex,1,0,ArrowRight>menuitem:Provider[menu×1|f=menuitem:Provider|h=Provider]@14.8 ; End>menuitem:Provider[menu×2|f=menuitem:Provider|h=Codex]@28.6 ; Enter>menuitem:Provider[menu×2|f=menuitem:Provider|h=Codex]@28.9
chromium-dark-desktop › orbit-submenu-sample sub-right-end-enter burst sample 9,orbit-submenu-sample,submenu,sub-right-end-enter,sub-right-enter,burst,9,ArrowRight End Enter,none | menu×2 | @menuitem:Codex,1,0,ArrowRight>menuitem:Provider[menu×1|f=menuitem:Provider|h=Provider]@6 ; End>menuitem:Provider[menu×2|f=menuitem:Provider|h=Codex]@15.4 ; Enter>menuitem:Provider[menu×2|f=menuitem:Provider|h=Codex]@15.7
chromium-dark-desktop › orbit-submenu-sample sub-right-end-enter burst sample 10,orbit-submenu-sample,submenu,sub-right-end-enter,sub-right-enter,burst,10,ArrowRight End Enter,none | menu×2 | @menuitem:Codex,1,0,ArrowRight>menuitem:Provider[menu×1|f=menuitem:Provider|h=Provider]@11.3 ; End>menuitem:Provider[menu×2|f=menuitem:Provider|h=Codex]@21.4 ; Enter>menuitem:Provider[menu×2|f=menuitem:Provider|h=Codex]@21.6
chromium-dark-desktop › orbit-submenu-sample sub-right-end-enter burst sample 11,orbit-submenu-sample,submenu,sub-right-end-enter,sub-right-enter,burst,11,ArrowRight End Enter,none | menu×2 | @menuitem:Codex,1,0,ArrowRight>menuitem:Provider[menu×1|f=menuitem:Provider|h=Provider]@7.5 ; End>menuitem:Provider[menu×2|f=menuitem:Provider|h=Codex]@20.4 ; Enter>menuitem:Provider[menu×2|f=menuitem:Provider|h=Codex]@20.7
chromium-dark-desktop › orbit-submenu-sample sub-right-end-enter burst sample 12,orbit-submenu-sample,submenu,sub-right-end-enter,sub-right-enter,burst,12,ArrowRight End Enter,none | menu×2 | @menuitem:Codex,1,0,ArrowRight>menuitem:Provider[menu×1|f=menuitem:Provider|h=Provider]@3.8 ; End>menuitem:Provider[menu×2|f=menuitem:Provider|h=Codex]@20.6 ; Enter>menuitem:Provider[menu×2|f=menuitem:Provider|h=Codex]@21
chromium-dark-desktop › orbit-submenu-sample sub-right-end-enter burst sample 13,orbit-submenu-sample,submenu,sub-right-end-enter,sub-right-enter,burst,13,ArrowRight End Enter,none | menu×2 | @menuitem:Codex,1,0,ArrowRight>menuitem:Provider[menu×1|f=menuitem:Provider|h=Provider]@14.9 ; End>menuitem:Provider[menu×2|f=menuitem:Provider|h=Codex]@29.3 ; Enter>menuitem:Provider[menu×2|f=menuitem:Provider|h=Codex]@29.6
chromium-dark-desktop › orbit-submenu-sample sub-right-end-enter burst sample 14,orbit-submenu-sample,submenu,sub-right-end-enter,sub-right-enter,burst,14,ArrowRight End Enter,none | menu×2 | @menuitem:Codex,1,0,ArrowRight>menuitem:Provider[menu×1|f=menuitem:Provider|h=Provider]@7.7 ; End>menuitem:Provider[menu×2|f=menuitem:Provider|h=Codex]@22.2 ; Enter>menuitem:Provider[menu×2|f=menuitem:Provider|h=Codex]@22.5
chromium-dark-desktop › orbit-submenu-sample sub-right-end-enter burst sample 15,orbit-submenu-sample,submenu,sub-right-end-enter,sub-right-enter,burst,15,ArrowRight End Enter,none | menu×2 | @menuitem:Codex,1,0,ArrowRight>menuitem:Provider[menu×1|f=menuitem:Provider|h=Provider]@16.9 ; End>menuitem:Provider[menu×2|f=menuitem:Provider|h=Codex]@31.6 ; Enter>menuitem:Provider[menu×2|f=menuitem:Provider|h=Codex]@31.9
chromium-dark-desktop › orbit-submenu-sample sub-right-end-enter burst sample 16,orbit-submenu-sample,submenu,sub-right-end-enter,sub-right-enter,burst,16,ArrowRight End Enter,none | menu×2 | @menuitem:Codex,1,0,ArrowRight>menuitem:Provider[menu×1|f=menuitem:Provider|h=Provider]@14.7 ; End>menuitem:Provider[menu×2|f=menuitem:Provider|h=Codex]@30.2 ; Enter>menuitem:Provider[menu×2|f=menuitem:Provider|h=Codex]@30.4
chromium-dark-desktop › orbit-submenu-sample sub-right-end-enter burst sample 17,orbit-submenu-sample,submenu,sub-right-end-enter,sub-right-enter,burst,17,ArrowRight End Enter,none | menu×2 | @menuitem:Codex,1,0,ArrowRight>menuitem:Provider[menu×1|f=menuitem:Provider|h=Provider]@15.9 ; End>menuitem:Provider[menu×2|f=menuitem:Provider|h=Codex]@31.2 ; Enter>menuitem:Provider[menu×2|f=menuitem:Provider|h=Codex]@31.5
chromium-dark-desktop › orbit-submenu-sample sub-right-end-enter burst sample 18,orbit-submenu-sample,submenu,sub-right-end-enter,sub-right-enter,burst,18,ArrowRight End Enter,none | menu×2 | @menuitem:Codex,1,0,ArrowRight>menuitem:Provider[menu×1|f=menuitem:Provider|h=Provider]@6.6 ; End>menuitem:Provider[menu×2|f=menuitem:Provider|h=Codex]@16.6 ; Enter>menuitem:Provider[menu×2|f=menuitem:Provider|h=Codex]@16.9
chromium-dark-desktop › orbit-submenu-sample sub-right-end-enter burst sample 19,orbit-submenu-sample,submenu,sub-right-end-enter,sub-right-enter,burst,19,ArrowRight End Enter,none | menu×2 | @menuitem:Codex,1,0,ArrowRight>menuitem:Provider[menu×1|f=menuitem:Provider|h=Provider]@4.2 ; End>menuitem:Provider[menu×2|f=menuitem:Provider|h=Codex]@13.8 ; Enter>menuitem:Provider[menu×2|f=menuitem:Provider|h=Codex]@14.1
chromium-dark-desktop › orbit-submenu-sample sub-right-end-enter paced sample 0,orbit-submenu-sample,submenu,sub-right-end-enter,sub-right-enter,paced,0,ArrowRight End Enter,ran Claude | none | @button:Add attachment,0,0,ArrowRight>menuitem:Provider[menu×1|f=menuitem:Provider|h=Provider]@13.7 ; End>menuitem:Codex[menu×2|f=menuitem:Codex|h=Codex]@339.4 ; Enter>menuitem:Claude[menu×2|f=menuitem:Claude|h=Claude]@646.4
chromium-dark-desktop › orbit-submenu-sample sub-right-end-enter paced sample 1,orbit-submenu-sample,submenu,sub-right-end-enter,sub-right-enter,paced,1,ArrowRight End Enter,ran Claude | none | @button:Add attachment,0,0,ArrowRight>menuitem:Provider[menu×1|f=menuitem:Provider|h=Provider]@6.2 ; End>menuitem:Codex[menu×2|f=menuitem:Codex|h=Codex]@323.7 ; Enter>menuitem:Claude[menu×2|f=menuitem:Claude|h=Claude]@631.1
chromium-dark-desktop › orbit-submenu-sample sub-right-end-enter paced sample 2,orbit-submenu-sample,submenu,sub-right-end-enter,sub-right-enter,paced,2,ArrowRight End Enter,ran Claude | none | @button:Add attachment,0,0,ArrowRight>menuitem:Provider[menu×1|f=menuitem:Provider|h=Provider]@10.7 ; End>menuitem:Codex[menu×2|f=menuitem:Codex|h=Codex]@333.2 ; Enter>menuitem:Claude[menu×2|f=menuitem:Claude|h=Claude]@642.2
chromium-dark-desktop › orbit-submenu-sample sub-right-end-enter paced sample 3,orbit-submenu-sample,submenu,sub-right-end-enter,sub-right-enter,paced,3,ArrowRight End Enter,ran Claude | none | @button:Add attachment,0,0,ArrowRight>menuitem:Provider[menu×1|f=menuitem:Provider|h=Provider]@3.4 ; End>menuitem:Codex[menu×2|f=menuitem:Codex|h=Codex]@323.1 ; Enter>menuitem:Claude[menu×2|f=menuitem:Claude|h=Claude]@629.8
chromium-dark-desktop › orbit-submenu-sample sub-right-end-enter paced sample 4,orbit-submenu-sample,submenu,sub-right-end-enter,sub-right-enter,paced,4,ArrowRight End Enter,ran Claude | none | @button:Add attachment,0,0,ArrowRight>menuitem:Provider[menu×1|f=menuitem:Provider|h=Provider]@15.5 ; End>menuitem:Codex[menu×2|f=menuitem:Codex|h=Codex]@333.1 ; Enter>menuitem:Claude[menu×2|f=menuitem:Claude|h=Claude]@640.2
chromium-dark-desktop › orbit-submenu-sample sub-right-end-enter paced sample 5,orbit-submenu-sample,submenu,sub-right-end-enter,sub-right-enter,paced,5,ArrowRight End Enter,ran Claude | none | @button:Add attachment,0,0,ArrowRight>menuitem:Provider[menu×1|f=menuitem:Provider|h=Provider]@18.2 ; End>menuitem:Codex[menu×2|f=menuitem:Codex|h=Codex]@341.4 ; Enter>menuitem:Claude[menu×2|f=menuitem:Claude|h=Claude]@649.7
chromium-dark-desktop › orbit-submenu-sample sub-right-end-enter paced sample 6,orbit-submenu-sample,submenu,sub-right-end-enter,sub-right-enter,paced,6,ArrowRight End Enter,ran Claude | none | @button:Add attachment,0,0,ArrowRight>menuitem:Provider[menu×1|f=menuitem:Provider|h=Provider]@4.8 ; End>menuitem:Codex[menu×2|f=menuitem:Codex|h=Codex]@326.6 ; Enter>menuitem:Claude[menu×2|f=menuitem:Claude|h=Claude]@633.3
chromium-dark-desktop › orbit-submenu-sample sub-right-end-enter paced sample 7,orbit-submenu-sample,submenu,sub-right-end-enter,sub-right-enter,paced,7,ArrowRight End Enter,ran Claude | none | @button:Add attachment,0,0,ArrowRight>menuitem:Provider[menu×1|f=menuitem:Provider|h=Provider]@18.5 ; End>menuitem:Codex[menu×2|f=menuitem:Codex|h=Codex]@341.4 ; Enter>menuitem:Claude[menu×2|f=menuitem:Claude|h=Claude]@648.1
chromium-dark-desktop › orbit-submenu-sample sub-right-end-enter paced sample 8,orbit-submenu-sample,submenu,sub-right-end-enter,sub-right-enter,paced,8,ArrowRight End Enter,ran Claude | none | @button:Add attachment,0,0,ArrowRight>menuitem:Provider[menu×1|f=menuitem:Provider|h=Provider]@4.5 ; End>menuitem:Codex[menu×2|f=menuitem:Codex|h=Codex]@322.2 ; Enter>menuitem:Claude[menu×2|f=menuitem:Claude|h=Claude]@633
chromium-dark-desktop › orbit-submenu-sample sub-right-end-enter paced sample 9,orbit-submenu-sample,submenu,sub-right-end-enter,sub-right-enter,paced,9,ArrowRight End Enter,ran Claude | none | @button:Add attachment,0,0,ArrowRight>menuitem:Provider[menu×1|f=menuitem:Provider|h=Provider]@3.5 ; End>menuitem:Codex[menu×2|f=menuitem:Codex|h=Codex]@321.4 ; Enter>menuitem:Claude[menu×2|f=menuitem:Claude|h=Claude]@627.5
chromium-dark-desktop › orbit-submenu-sample sub-right-end-enter paced sample 10,orbit-submenu-sample,submenu,sub-right-end-enter,sub-right-enter,paced,10,ArrowRight End Enter,ran Claude | none | @button:Add attachment,0,0,ArrowRight>menuitem:Provider[menu×1|f=menuitem:Provider|h=Provider]@12.6 ; End>menuitem:Codex[menu×2|f=menuitem:Codex|h=Codex]@334.4 ; Enter>menuitem:Claude[menu×2|f=menuitem:Claude|h=Claude]@641.1
chromium-dark-desktop › orbit-submenu-sample sub-right-end-enter paced sample 11,orbit-submenu-sample,submenu,sub-right-end-enter,sub-right-enter,paced,11,ArrowRight End Enter,ran Claude | none | @button:Add attachment,0,0,ArrowRight>menuitem:Provider[menu×1|f=menuitem:Provider|h=Provider]@17.5 ; End>menuitem:Codex[menu×2|f=menuitem:Codex|h=Codex]@340.4 ; Enter>menuitem:Claude[menu×2|f=menuitem:Claude|h=Claude]@648.1
chromium-dark-desktop › orbit-submenu-sample sub-right-end-enter paced sample 12,orbit-submenu-sample,submenu,sub-right-end-enter,sub-right-enter,paced,12,ArrowRight End Enter,ran Claude | none | @button:Add attachment,0,0,ArrowRight>menuitem:Provider[menu×1|f=menuitem:Provider|h=Provider]@9.4 ; End>menuitem:Codex[menu×2|f=menuitem:Codex|h=Codex]@323.8 ; Enter>menuitem:Claude[menu×2|f=menuitem:Claude|h=Claude]@628.5
chromium-dark-desktop › orbit-submenu-sample sub-right-end-enter paced sample 13,orbit-submenu-sample,submenu,sub-right-end-enter,sub-right-enter,paced,13,ArrowRight End Enter,ran Claude | none | @button:Add attachment,0,0,ArrowRight>menuitem:Provider[menu×1|f=menuitem:Provider|h=Provider]@9.6 ; End>menuitem:Codex[menu×2|f=menuitem:Codex|h=Codex]@332.5 ; Enter>menuitem:Claude[menu×2|f=menuitem:Claude|h=Claude]@638
chromium-dark-desktop › orbit-submenu-sample sub-right-end-enter paced sample 14,orbit-submenu-sample,submenu,sub-right-end-enter,sub-right-enter,paced,14,ArrowRight End Enter,ran Claude | none | @button:Add attachment,0,0,ArrowRight>menuitem:Provider[menu×1|f=menuitem:Provider|h=Provider]@11.9 ; End>menuitem:Codex[menu×2|f=menuitem:Codex|h=Codex]@336.3 ; Enter>menuitem:Claude[menu×2|f=menuitem:Claude|h=Claude]@642
chromium-dark-desktop › orbit-submenu-sample sub-right-end-enter paced sample 15,orbit-submenu-sample,submenu,sub-right-end-enter,sub-right-enter,paced,15,ArrowRight End Enter,ran Claude | none | @button:Add attachment,0,0,ArrowRight>menuitem:Provider[menu×1|f=menuitem:Provider|h=Provider]@11.3 ; End>menuitem:Codex[menu×2|f=menuitem:Codex|h=Codex]@333.4 ; Enter>menuitem:Claude[menu×2|f=menuitem:Claude|h=Claude]@638.5
chromium-dark-desktop › orbit-submenu-sample sub-right-end-enter paced sample 16,orbit-submenu-sample,submenu,sub-right-end-enter,sub-right-enter,paced,16,ArrowRight End Enter,ran Claude | none | @button:Add attachment,0,0,ArrowRight>menuitem:Provider[menu×1|f=menuitem:Provider|h=Provider]@5.3 ; End>menuitem:Codex[menu×2|f=menuitem:Codex|h=Codex]@327.9 ; Enter>menuitem:Claude[menu×2|f=menuitem:Claude|h=Claude]@633.7
chromium-dark-desktop › orbit-submenu-sample sub-right-end-enter paced sample 17,orbit-submenu-sample,submenu,sub-right-end-enter,sub-right-enter,paced,17,ArrowRight End Enter,ran Claude | none | @button:Add attachment,0,0,ArrowRight>menuitem:Provider[menu×1|f=menuitem:Provider|h=Provider]@6.4 ; End>menuitem:Codex[menu×2|f=menuitem:Codex|h=Codex]@322.9 ; Enter>menuitem:Claude[menu×2|f=menuitem:Claude|h=Claude]@629.2
chromium-dark-desktop › orbit-submenu-sample sub-right-end-enter paced sample 18,orbit-submenu-sample,submenu,sub-right-end-enter,sub-right-enter,paced,18,ArrowRight End Enter,ran Claude | none | @button:Add attachment,0,0,ArrowRight>menuitem:Provider[menu×1|f=menuitem:Provider|h=Provider]@9.3 ; End>menuitem:Codex[menu×2|f=menuitem:Codex|h=Codex]@331.5 ; Enter>menuitem:Claude[menu×2|f=menuitem:Claude|h=Claude]@638.1
chromium-dark-desktop › orbit-submenu-sample sub-right-end-enter paced sample 19,orbit-submenu-sample,submenu,sub-right-end-enter,sub-right-enter,paced,19,ArrowRight End Enter,ran Claude | none | @button:Add attachment,0,0,ArrowRight>menuitem:Provider[menu×1|f=menuitem:Provider|h=Provider]@5.2 ; End>menuitem:Codex[menu×2|f=menuitem:Codex|h=Codex]@323.7 ; Enter>menuitem:Claude[menu×2|f=menuitem:Claude|h=Claude]@630.2
chromium-dark-desktop › antd-submenu sub-right-end-enter burst sample 0,antd-submenu,submenu,sub-right-end-enter,sub-right-enter,burst,0,ArrowRight End Enter,none | menu×2 | @menuitem:Codex,0,0,ArrowRight>menuitem:Provider[menu×1|f=menuitem:Provider|h=None]@7.3 ; End>menuitem:Provider[menu×1|f=menuitem:Provider|h=None]@10.8 ; Enter>menuitem:Provider[menu×1|f=menuitem:Provider|h=None]@11.4
chromium-dark-desktop › antd-submenu sub-right-end-enter burst sample 1,antd-submenu,submenu,sub-right-end-enter,sub-right-enter,burst,1,ArrowRight End Enter,none | menu×2 | @menuitem:Codex,0,0,ArrowRight>menuitem:Provider[menu×1|f=menuitem:Provider|h=None]@12.4 ; End>menuitem:Provider[menu×1|f=menuitem:Provider|h=None]@15.5 ; Enter>menuitem:Provider[menu×1|f=menuitem:Provider|h=None]@16.5
chromium-dark-desktop › antd-submenu sub-right-end-enter burst sample 2,antd-submenu,submenu,sub-right-end-enter,sub-right-enter,burst,2,ArrowRight End Enter,none | menu×2 | @menuitem:Codex,0,0,ArrowRight>menuitem:Provider[menu×1|f=menuitem:Provider|h=None]@14.5 ; End>menuitem:Provider[menu×1|f=menuitem:Provider|h=None]@17.6 ; Enter>menuitem:Provider[menu×1|f=menuitem:Provider|h=None]@18.2
chromium-dark-desktop › antd-submenu sub-right-end-enter burst sample 3,antd-submenu,submenu,sub-right-end-enter,sub-right-enter,burst,3,ArrowRight End Enter,none | menu×2 | @menuitem:Codex,0,0,ArrowRight>menuitem:Provider[menu×1|f=menuitem:Provider|h=None]@6.7 ; End>menuitem:Provider[menu×1|f=menuitem:Provider|h=None]@8.9 ; Enter>menuitem:Provider[menu×1|f=menuitem:Provider|h=None]@9.4
chromium-dark-desktop › antd-submenu sub-right-end-enter burst sample 4,antd-submenu,submenu,sub-right-end-enter,sub-right-enter,burst,4,ArrowRight End Enter,none | menu×2 | @menuitem:Codex,0,0,ArrowRight>menuitem:Provider[menu×1|f=menuitem:Provider|h=None]@18.5 ; End>menuitem:Provider[menu×1|f=menuitem:Provider|h=None]@23.8 ; Enter>menuitem:Provider[menu×1|f=menuitem:Provider|h=None]@24.4
chromium-dark-desktop › antd-submenu sub-right-end-enter burst sample 5,antd-submenu,submenu,sub-right-end-enter,sub-right-enter,burst,5,ArrowRight End Enter,none | menu×2 | @menuitem:Codex,0,0,ArrowRight>menuitem:Provider[menu×1|f=menuitem:Provider|h=None]@14.7 ; End>menuitem:Provider[menu×1|f=menuitem:Provider|h=None]@18 ; Enter>menuitem:Provider[menu×1|f=menuitem:Provider|h=None]@18.9
chromium-dark-desktop › antd-submenu sub-right-end-enter burst sample 6,antd-submenu,submenu,sub-right-end-enter,sub-right-enter,burst,6,ArrowRight End Enter,none | menu×2 | @menuitem:Codex,0,0,ArrowRight>menuitem:Provider[menu×1|f=menuitem:Provider|h=None]@4 ; End>menuitem:Provider[menu×1|f=menuitem:Provider|h=None]@7.1 ; Enter>menuitem:Provider[menu×1|f=menuitem:Provider|h=None]@7.8
chromium-dark-desktop › antd-submenu sub-right-end-enter burst sample 7,antd-submenu,submenu,sub-right-end-enter,sub-right-enter,burst,7,ArrowRight End Enter,none | menu×2 | @menuitem:Codex,0,0,ArrowRight>menuitem:Provider[menu×1|f=menuitem:Provider|h=None]@18.1 ; End>menuitem:Provider[menu×1|f=menuitem:Provider|h=None]@21.1 ; Enter>menuitem:Provider[menu×1|f=menuitem:Provider|h=None]@21.9
chromium-dark-desktop › antd-submenu sub-right-end-enter burst sample 8,antd-submenu,submenu,sub-right-end-enter,sub-right-enter,burst,8,ArrowRight End Enter,none | menu×2 | @menuitem:Codex,0,0,ArrowRight>menuitem:Provider[menu×1|f=menuitem:Provider|h=None]@14.9 ; End>menuitem:Provider[menu×1|f=menuitem:Provider|h=None]@18.5 ; Enter>menuitem:Provider[menu×1|f=menuitem:Provider|h=None]@19.4
chromium-dark-desktop › antd-submenu sub-right-end-enter burst sample 9,antd-submenu,submenu,sub-right-end-enter,sub-right-enter,burst,9,ArrowRight End Enter,none | menu×2 | @menuitem:Codex,0,0,ArrowRight>menuitem:Provider[menu×1|f=menuitem:Provider|h=None]@3.8 ; End>menuitem:Provider[menu×1|f=menuitem:Provider|h=None]@7 ; Enter>menuitem:Provider[menu×1|f=menuitem:Provider|h=None]@7.7
chromium-dark-desktop › antd-submenu sub-right-end-enter burst sample 10,antd-submenu,submenu,sub-right-end-enter,sub-right-enter,burst,10,ArrowRight End Enter,none | menu×2 | @menuitem:Codex,0,0,ArrowRight>menuitem:Provider[menu×1|f=menuitem:Provider|h=None]@10.3 ; End>menuitem:Provider[menu×1|f=menuitem:Provider|h=None]@13.7 ; Enter>menuitem:Provider[menu×1|f=menuitem:Provider|h=None]@14.5
chromium-dark-desktop › antd-submenu sub-right-end-enter burst sample 11,antd-submenu,submenu,sub-right-end-enter,sub-right-enter,burst,11,ArrowRight End Enter,none | menu×2 | @menuitem:Codex,0,0,ArrowRight>menuitem:Provider[menu×1|f=menuitem:Provider|h=None]@3.1 ; End>menuitem:Provider[menu×1|f=menuitem:Provider|h=None]@6.1 ; Enter>menuitem:Provider[menu×1|f=menuitem:Provider|h=None]@6.8
chromium-dark-desktop › antd-submenu sub-right-end-enter burst sample 12,antd-submenu,submenu,sub-right-end-enter,sub-right-enter,burst,12,ArrowRight End Enter,none | menu×2 | @menuitem:Codex,0,0,ArrowRight>menuitem:Provider[menu×1|f=menuitem:Provider|h=None]@16.6 ; End>menuitem:Provider[menu×1|f=menuitem:Provider|h=None]@20.3 ; Enter>menuitem:Provider[menu×1|f=menuitem:Provider|h=None]@21
chromium-dark-desktop › antd-submenu sub-right-end-enter burst sample 13,antd-submenu,submenu,sub-right-end-enter,sub-right-enter,burst,13,ArrowRight End Enter,none | menu×2 | @menuitem:Codex,0,0,ArrowRight>menuitem:Provider[menu×1|f=menuitem:Provider|h=None]@3.3 ; End>menuitem:Provider[menu×1|f=menuitem:Provider|h=None]@6.3 ; Enter>menuitem:Provider[menu×1|f=menuitem:Provider|h=None]@7
chromium-dark-desktop › antd-submenu sub-right-end-enter burst sample 14,antd-submenu,submenu,sub-right-end-enter,sub-right-enter,burst,14,ArrowRight End Enter,none | menu×2 | @menuitem:Codex,0,0,ArrowRight>menuitem:Provider[menu×1|f=menuitem:Provider|h=None]@10.9 ; End>menuitem:Provider[menu×1|f=menuitem:Provider|h=None]@14.1 ; Enter>menuitem:Provider[menu×1|f=menuitem:Provider|h=None]@14.9
chromium-dark-desktop › antd-submenu sub-right-end-enter burst sample 15,antd-submenu,submenu,sub-right-end-enter,sub-right-enter,burst,15,ArrowRight End Enter,none | menu×2 | @menuitem:Codex,0,0,ArrowRight>menuitem:Provider[menu×1|f=menuitem:Provider|h=None]@18.1 ; End>menuitem:Provider[menu×1|f=menuitem:Provider|h=None]@22 ; Enter>menuitem:Provider[menu×1|f=menuitem:Provider|h=None]@23
chromium-dark-desktop › antd-submenu sub-right-end-enter burst sample 16,antd-submenu,submenu,sub-right-end-enter,sub-right-enter,burst,16,ArrowRight End Enter,none | menu×2 | @menuitem:Codex,0,0,ArrowRight>menuitem:Provider[menu×1|f=menuitem:Provider|h=None]@9.3 ; End>menuitem:Provider[menu×1|f=menuitem:Provider|h=None]@12.5 ; Enter>menuitem:Provider[menu×1|f=menuitem:Provider|h=None]@13.3
chromium-dark-desktop › antd-submenu sub-right-end-enter burst sample 17,antd-submenu,submenu,sub-right-end-enter,sub-right-enter,burst,17,ArrowRight End Enter,none | menu×2 | @menuitem:Codex,0,0,ArrowRight>menuitem:Provider[menu×1|f=menuitem:Provider|h=None]@9.9 ; End>menuitem:Provider[menu×1|f=menuitem:Provider|h=None]@13 ; Enter>menuitem:Provider[menu×1|f=menuitem:Provider|h=None]@13.6
chromium-dark-desktop › antd-submenu sub-right-end-enter burst sample 18,antd-submenu,submenu,sub-right-end-enter,sub-right-enter,burst,18,ArrowRight End Enter,none | menu×2 | @menuitem:Codex,0,0,ArrowRight>menuitem:Provider[menu×1|f=menuitem:Provider|h=None]@3.9 ; End>menuitem:Provider[menu×1|f=menuitem:Provider|h=None]@6.1 ; Enter>menuitem:Provider[menu×1|f=menuitem:Provider|h=None]@6.6
chromium-dark-desktop › antd-submenu sub-right-end-enter burst sample 19,antd-submenu,submenu,sub-right-end-enter,sub-right-enter,burst,19,ArrowRight End Enter,none | menu×2 | @menuitem:Codex,0,0,ArrowRight>menuitem:Provider[menu×1|f=menuitem:Provider|h=None]@7.4 ; End>menuitem:Provider[menu×1|f=menuitem:Provider|h=None]@10.1 ; Enter>menuitem:Provider[menu×1|f=menuitem:Provider|h=None]@10.6
chromium-dark-desktop › antd-submenu sub-right-end-enter paced sample 0,antd-submenu,submenu,sub-right-end-enter,sub-right-enter,paced,0,ArrowRight End Enter,ran Claude | menu×1 | @menuitem:Claude,0,0,ArrowRight>menuitem:Provider[menu×1|f=menuitem:Provider|h=None]@11.5 ; End>menuitem:Codex[menu×2|f=menuitem:Codex|h=None]@317.7 ; Enter>menuitem:Claude[menu×2|f=menuitem:Claude|h=None]@625.4
chromium-dark-desktop › antd-submenu sub-right-end-enter paced sample 1,antd-submenu,submenu,sub-right-end-enter,sub-right-enter,paced,1,ArrowRight End Enter,ran Claude | menu×1 | @menuitem:Claude,0,0,ArrowRight>menuitem:Provider[menu×1|f=menuitem:Provider|h=None]@6.6 ; End>menuitem:Codex[menu×2|f=menuitem:Codex|h=None]@312 ; Enter>menuitem:Claude[menu×2|f=menuitem:Claude|h=None]@617.4
chromium-dark-desktop › antd-submenu sub-right-end-enter paced sample 2,antd-submenu,submenu,sub-right-end-enter,sub-right-enter,paced,2,ArrowRight End Enter,ran Claude | menu×1 | @menuitem:Claude,0,0,ArrowRight>menuitem:Provider[menu×1|f=menuitem:Provider|h=None]@3.6 ; End>menuitem:Codex[menu×2|f=menuitem:Codex|h=None]@310 ; Enter>menuitem:Claude[menu×2|f=menuitem:Claude|h=None]@617.2
chromium-dark-desktop › antd-submenu sub-right-end-enter paced sample 3,antd-submenu,submenu,sub-right-end-enter,sub-right-enter,paced,3,ArrowRight End Enter,ran Claude | menu×1 | @menuitem:Claude,0,0,ArrowRight>menuitem:Provider[menu×1|f=menuitem:Provider|h=None]@6.8 ; End>menuitem:Codex[menu×2|f=menuitem:Codex|h=None]@314.3 ; Enter>menuitem:Claude[menu×2|f=menuitem:Claude|h=None]@622.2
chromium-dark-desktop › antd-submenu sub-right-end-enter paced sample 4,antd-submenu,submenu,sub-right-end-enter,sub-right-enter,paced,4,ArrowRight End Enter,ran Claude | menu×1 | @menuitem:Claude,0,0,ArrowRight>menuitem:Provider[menu×1|f=menuitem:Provider|h=None]@14.2 ; End>menuitem:Codex[menu×2|f=menuitem:Codex|h=None]@321.8 ; Enter>menuitem:Claude[menu×2|f=menuitem:Claude|h=None]@628.4
chromium-dark-desktop › antd-submenu sub-right-end-enter paced sample 5,antd-submenu,submenu,sub-right-end-enter,sub-right-enter,paced,5,ArrowRight End Enter,ran Claude | menu×1 | @menuitem:Claude,0,0,ArrowRight>menuitem:Provider[menu×1|f=menuitem:Provider|h=None]@4 ; End>menuitem:Codex[menu×2|f=menuitem:Codex|h=None]@309.6 ; Enter>menuitem:Claude[menu×2|f=menuitem:Claude|h=None]@615
chromium-dark-desktop › antd-submenu sub-right-end-enter paced sample 6,antd-submenu,submenu,sub-right-end-enter,sub-right-enter,paced,6,ArrowRight End Enter,ran Claude | menu×1 | @menuitem:Claude,0,0,ArrowRight>menuitem:Provider[menu×1|f=menuitem:Provider|h=None]@19.3 ; End>menuitem:Codex[menu×2|f=menuitem:Codex|h=None]@326.3 ; Enter>menuitem:Claude[menu×2|f=menuitem:Claude|h=None]@632.2
chromium-dark-desktop › antd-submenu sub-right-end-enter paced sample 7,antd-submenu,submenu,sub-right-end-enter,sub-right-enter,paced,7,ArrowRight End Enter,ran Claude | menu×1 | @menuitem:Claude,0,0,ArrowRight>menuitem:Provider[menu×1|f=menuitem:Provider|h=None]@18.9 ; End>menuitem:Codex[menu×2|f=menuitem:Codex|h=None]@325.6 ; Enter>menuitem:Claude[menu×2|f=menuitem:Claude|h=None]@635.6
chromium-dark-desktop › antd-submenu sub-right-end-enter paced sample 8,antd-submenu,submenu,sub-right-end-enter,sub-right-enter,paced,8,ArrowRight End Enter,ran Claude | menu×1 | @menuitem:Claude,0,0,ArrowRight>menuitem:Provider[menu×1|f=menuitem:Provider|h=None]@6.6 ; End>menuitem:Codex[menu×2|f=menuitem:Codex|h=None]@312.7 ; Enter>menuitem:Claude[menu×2|f=menuitem:Claude|h=None]@618.5
chromium-dark-desktop › antd-submenu sub-right-end-enter paced sample 9,antd-submenu,submenu,sub-right-end-enter,sub-right-enter,paced,9,ArrowRight End Enter,ran Claude | menu×1 | @menuitem:Claude,0,0,ArrowRight>menuitem:Provider[menu×1|f=menuitem:Provider|h=None]@12.9 ; End>menuitem:Codex[menu×2|f=menuitem:Codex|h=None]@319.6 ; Enter>menuitem:Claude[menu×2|f=menuitem:Claude|h=None]@627.1
chromium-dark-desktop › antd-submenu sub-right-end-enter paced sample 10,antd-submenu,submenu,sub-right-end-enter,sub-right-enter,paced,10,ArrowRight End Enter,ran Claude | menu×1 | @menuitem:Claude,0,0,ArrowRight>menuitem:Provider[menu×1|f=menuitem:Provider|h=None]@16.6 ; End>menuitem:Codex[menu×2|f=menuitem:Codex|h=None]@323.1 ; Enter>menuitem:Claude[menu×2|f=menuitem:Claude|h=None]@630.6
chromium-dark-desktop › antd-submenu sub-right-end-enter paced sample 11,antd-submenu,submenu,sub-right-end-enter,sub-right-enter,paced,11,ArrowRight End Enter,ran Claude | menu×1 | @menuitem:Claude,0,0,ArrowRight>menuitem:Provider[menu×1|f=menuitem:Provider|h=None]@12.8 ; End>menuitem:Codex[menu×2|f=menuitem:Codex|h=None]@319.2 ; Enter>menuitem:Claude[menu×2|f=menuitem:Claude|h=None]@626
chromium-dark-desktop › antd-submenu sub-right-end-enter paced sample 12,antd-submenu,submenu,sub-right-end-enter,sub-right-enter,paced,12,ArrowRight End Enter,ran Claude | menu×1 | @menuitem:Claude,0,0,ArrowRight>menuitem:Provider[menu×1|f=menuitem:Provider|h=None]@15.7 ; End>menuitem:Codex[menu×2|f=menuitem:Codex|h=None]@322.7 ; Enter>menuitem:Claude[menu×2|f=menuitem:Claude|h=None]@630.1
chromium-dark-desktop › antd-submenu sub-right-end-enter paced sample 13,antd-submenu,submenu,sub-right-end-enter,sub-right-enter,paced,13,ArrowRight End Enter,ran Claude | menu×1 | @menuitem:Claude,0,0,ArrowRight>menuitem:Provider[menu×1|f=menuitem:Provider|h=None]@19.9 ; End>menuitem:Codex[menu×2|f=menuitem:Codex|h=None]@326.4 ; Enter>menuitem:Claude[menu×2|f=menuitem:Claude|h=None]@632.2
chromium-dark-desktop › antd-submenu sub-right-end-enter paced sample 14,antd-submenu,submenu,sub-right-end-enter,sub-right-enter,paced,14,ArrowRight End Enter,ran Claude | menu×1 | @menuitem:Claude,0,0,ArrowRight>menuitem:Provider[menu×1|f=menuitem:Provider|h=None]@8.3 ; End>menuitem:Codex[menu×2|f=menuitem:Codex|h=None]@315 ; Enter>menuitem:Claude[menu×2|f=menuitem:Claude|h=None]@623.3
chromium-dark-desktop › antd-submenu sub-right-end-enter paced sample 15,antd-submenu,submenu,sub-right-end-enter,sub-right-enter,paced,15,ArrowRight End Enter,ran Claude | menu×1 | @menuitem:Claude,0,0,ArrowRight>menuitem:Provider[menu×1|f=menuitem:Provider|h=None]@6.6 ; End>menuitem:Codex[menu×2|f=menuitem:Codex|h=None]@313.5 ; Enter>menuitem:Claude[menu×2|f=menuitem:Claude|h=None]@620.2
chromium-dark-desktop › antd-submenu sub-right-end-enter paced sample 16,antd-submenu,submenu,sub-right-end-enter,sub-right-enter,paced,16,ArrowRight End Enter,ran Claude | menu×1 | @menuitem:Claude,0,0,ArrowRight>menuitem:Provider[menu×1|f=menuitem:Provider|h=None]@4.2 ; End>menuitem:Codex[menu×2|f=menuitem:Codex|h=None]@310.4 ; Enter>menuitem:Claude[menu×2|f=menuitem:Claude|h=None]@617.2
chromium-dark-desktop › antd-submenu sub-right-end-enter paced sample 17,antd-submenu,submenu,sub-right-end-enter,sub-right-enter,paced,17,ArrowRight End Enter,ran Claude | menu×1 | @menuitem:Claude,0,0,ArrowRight>menuitem:Provider[menu×1|f=menuitem:Provider|h=None]@11.2 ; End>menuitem:Codex[menu×2|f=menuitem:Codex|h=None]@318.5 ; Enter>menuitem:Claude[menu×2|f=menuitem:Claude|h=None]@625.2
chromium-dark-desktop › antd-submenu sub-right-end-enter paced sample 18,antd-submenu,submenu,sub-right-end-enter,sub-right-enter,paced,18,ArrowRight End Enter,ran Claude | menu×1 | @menuitem:Claude,0,0,ArrowRight>menuitem:Provider[menu×1|f=menuitem:Provider|h=None]@11 ; End>menuitem:Codex[menu×2|f=menuitem:Codex|h=None]@317.3 ; Enter>menuitem:Claude[menu×2|f=menuitem:Claude|h=None]@623.7
chromium-dark-desktop › antd-submenu sub-right-end-enter paced sample 19,antd-submenu,submenu,sub-right-end-enter,sub-right-enter,paced,19,ArrowRight End Enter,ran Claude | menu×1 | @menuitem:Claude,0,0,ArrowRight>menuitem:Provider[menu×1|f=menuitem:Provider|h=None]@13.1 ; End>menuitem:Codex[menu×2|f=menuitem:Codex|h=None]@320 ; Enter>menuitem:Claude[menu×2|f=menuitem:Claude|h=None]@627
chromium-dark-desktop › orbit-session sub-right-end-enter burst sample 0,orbit-session,submenu,sub-right-end-enter,sub-right-enter,burst,0,ArrowRight End Enter,Picked=delete | none | @button:Session actions,1,0,ArrowRight>menuitem:Provider[menu×1|f=menuitem:Provider|h=Provider]@10.5 ; End>menuitem:Provider[menu×2|f=menuitem:Provider|h=Codex]@24.6 ; Enter>menuitem:Delete[menu×2|f=menuitem:Delete|h=None]@34.4
chromium-dark-desktop › orbit-session sub-right-end-enter burst sample 1,orbit-session,submenu,sub-right-end-enter,sub-right-enter,burst,1,ArrowRight End Enter,Picked=delete | none | @button:Session actions,1,0,ArrowRight>menuitem:Provider[menu×1|f=menuitem:Provider|h=Provider]@19 ; End>menuitem:Provider[menu×2|f=menuitem:Provider|h=Codex]@29.9 ; Enter>menuitem:Delete[menu×2|f=menuitem:Delete|h=None]@37
chromium-dark-desktop › orbit-session sub-right-end-enter burst sample 2,orbit-session,submenu,sub-right-end-enter,sub-right-enter,burst,2,ArrowRight End Enter,Picked=delete | none | @button:Session actions,1,0,ArrowRight>menuitem:Provider[menu×1|f=menuitem:Provider|h=Provider]@11.9 ; End>menuitem:Provider[menu×2|f=menuitem:Provider|h=Codex]@21.7 ; Enter>menuitem:Delete[menu×2|f=menuitem:Delete|h=None]@28.8
chromium-dark-desktop › orbit-session sub-right-end-enter burst sample 3,orbit-session,submenu,sub-right-end-enter,sub-right-enter,burst,3,ArrowRight End Enter,Picked=delete | none | @button:Session actions,1,0,ArrowRight>menuitem:Provider[menu×1|f=menuitem:Provider|h=Provider]@19.5 ; End>menuitem:Provider[menu×2|f=menuitem:Provider|h=Codex]@34.6 ; Enter>menuitem:Delete[menu×2|f=menuitem:Delete|h=None]@43.9
chromium-dark-desktop › orbit-session sub-right-end-enter burst sample 4,orbit-session,submenu,sub-right-end-enter,sub-right-enter,burst,4,ArrowRight End Enter,Picked=delete | none | @button:Session actions,1,0,ArrowRight>menuitem:Provider[menu×1|f=menuitem:Provider|h=Provider]@12.2 ; End>menuitem:Provider[menu×2|f=menuitem:Provider|h=Codex]@25.9 ; Enter>menuitem:Delete[menu×2|f=menuitem:Delete|h=None]@35.8
chromium-dark-desktop › orbit-session sub-right-end-enter burst sample 5,orbit-session,submenu,sub-right-end-enter,sub-right-enter,burst,5,ArrowRight End Enter,Picked=delete | none | @button:Session actions,1,0,ArrowRight>menuitem:Provider[menu×1|f=menuitem:Provider|h=Provider]@19.1 ; End>menuitem:Provider[menu×2|f=menuitem:Provider|h=Codex]@32.4 ; Enter>menuitem:Delete[menu×2|f=menuitem:Delete|h=None]@41.9
chromium-dark-desktop › orbit-session sub-right-end-enter burst sample 6,orbit-session,submenu,sub-right-end-enter,sub-right-enter,burst,6,ArrowRight End Enter,Picked=delete | none | @button:Session actions,1,0,ArrowRight>menuitem:Provider[menu×1|f=menuitem:Provider|h=Provider]@13.4 ; End>menuitem:Provider[menu×2|f=menuitem:Provider|h=Codex]@27.2 ; Enter>menuitem:Delete[menu×2|f=menuitem:Delete|h=None]@37.7
chromium-dark-desktop › orbit-session sub-right-end-enter burst sample 7,orbit-session,submenu,sub-right-end-enter,sub-right-enter,burst,7,ArrowRight End Enter,Picked=delete | none | @button:Session actions,1,0,ArrowRight>menuitem:Provider[menu×1|f=menuitem:Provider|h=Provider]@19.4 ; End>menuitem:Provider[menu×2|f=menuitem:Provider|h=Codex]@33.7 ; Enter>menuitem:Delete[menu×2|f=menuitem:Delete|h=None]@43.4
chromium-dark-desktop › orbit-session sub-right-end-enter burst sample 8,orbit-session,submenu,sub-right-end-enter,sub-right-enter,burst,8,ArrowRight End Enter,Picked=delete | none | @button:Session actions,1,0,ArrowRight>menuitem:Provider[menu×1|f=menuitem:Provider|h=Provider]@8 ; End>menuitem:Provider[menu×2|f=menuitem:Provider|h=Codex]@21.6 ; Enter>menuitem:Delete[menu×2|f=menuitem:Delete|h=None]@31.3
chromium-dark-desktop › orbit-session sub-right-end-enter burst sample 9,orbit-session,submenu,sub-right-end-enter,sub-right-enter,burst,9,ArrowRight End Enter,Picked=delete | none | @button:Session actions,1,0,ArrowRight>menuitem:Provider[menu×1|f=menuitem:Provider|h=Provider]@13.3 ; End>menuitem:Provider[menu×2|f=menuitem:Provider|h=Codex]@26.5 ; Enter>menuitem:Delete[menu×2|f=menuitem:Delete|h=None]@36.2
chromium-dark-desktop › orbit-session sub-right-end-enter burst sample 10,orbit-session,submenu,sub-right-end-enter,sub-right-enter,burst,10,ArrowRight End Enter,Picked=delete | none | @button:Session actions,1,0,ArrowRight>menuitem:Provider[menu×1|f=menuitem:Provider|h=Provider]@6.3 ; End>menuitem:Provider[menu×2|f=menuitem:Provider|h=Codex]@20 ; Enter>menuitem:Delete[menu×2|f=menuitem:Delete|h=None]@30
chromium-dark-desktop › orbit-session sub-right-end-enter burst sample 11,orbit-session,submenu,sub-right-end-enter,sub-right-enter,burst,11,ArrowRight End Enter,Picked=delete | none | @button:Session actions,1,0,ArrowRight>menuitem:Provider[menu×1|f=menuitem:Provider|h=Provider]@11.8 ; End>menuitem:Provider[menu×2|f=menuitem:Provider|h=Codex]@25.1 ; Enter>menuitem:Delete[menu×2|f=menuitem:Delete|h=None]@34.6
chromium-dark-desktop › orbit-session sub-right-end-enter burst sample 12,orbit-session,submenu,sub-right-end-enter,sub-right-enter,burst,12,ArrowRight End Enter,Picked=delete | none | @button:Session actions,1,0,ArrowRight>menuitem:Provider[menu×1|f=menuitem:Provider|h=Provider]@18 ; End>menuitem:Provider[menu×2|f=menuitem:Provider|h=Codex]@31.4 ; Enter>menuitem:Delete[menu×2|f=menuitem:Delete|h=None]@41.2
chromium-dark-desktop › orbit-session sub-right-end-enter burst sample 13,orbit-session,submenu,sub-right-end-enter,sub-right-enter,burst,13,ArrowRight End Enter,Picked=delete | none | @button:Session actions,1,0,ArrowRight>menuitem:Provider[menu×1|f=menuitem:Provider|h=Provider]@16.3 ; End>menuitem:Provider[menu×2|f=menuitem:Provider|h=Codex]@32.5 ; Enter>menuitem:Delete[menu×2|f=menuitem:Delete|h=None]@41.7
chromium-dark-desktop › orbit-session sub-right-end-enter burst sample 14,orbit-session,submenu,sub-right-end-enter,sub-right-enter,burst,14,ArrowRight End Enter,Picked=delete | none | @button:Session actions,1,0,ArrowRight>menuitem:Provider[menu×1|f=menuitem:Provider|h=Provider]@4.7 ; End>menuitem:Provider[menu×2|f=menuitem:Provider|h=Codex]@18.6 ; Enter>menuitem:Delete[menu×2|f=menuitem:Delete|h=None]@28.2
chromium-dark-desktop › orbit-session sub-right-end-enter burst sample 15,orbit-session,submenu,sub-right-end-enter,sub-right-enter,burst,15,ArrowRight End Enter,Picked=delete | none | @button:Session actions,1,0,ArrowRight>menuitem:Provider[menu×1|f=menuitem:Provider|h=Provider]@8.3 ; End>menuitem:Provider[menu×2|f=menuitem:Provider|h=Codex]@21.4 ; Enter>menuitem:Delete[menu×2|f=menuitem:Delete|h=None]@30.5
chromium-dark-desktop › orbit-session sub-right-end-enter burst sample 16,orbit-session,submenu,sub-right-end-enter,sub-right-enter,burst,16,ArrowRight End Enter,Picked=delete | none | @button:Session actions,1,0,ArrowRight>menuitem:Provider[menu×1|f=menuitem:Provider|h=Provider]@14.4 ; End>menuitem:Provider[menu×2|f=menuitem:Provider|h=Codex]@24.6 ; Enter>menuitem:Delete[menu×2|f=menuitem:Delete|h=None]@31.6
chromium-dark-desktop › orbit-session sub-right-end-enter burst sample 17,orbit-session,submenu,sub-right-end-enter,sub-right-enter,burst,17,ArrowRight End Enter,Picked=delete | none | @button:Session actions,1,0,ArrowRight>menuitem:Provider[menu×1|f=menuitem:Provider|h=Provider]@8.5 ; End>menuitem:Provider[menu×2|f=menuitem:Provider|h=Codex]@21.9 ; Enter>menuitem:Delete[menu×2|f=menuitem:Delete|h=None]@31.5
chromium-dark-desktop › orbit-session sub-right-end-enter burst sample 18,orbit-session,submenu,sub-right-end-enter,sub-right-enter,burst,18,ArrowRight End Enter,Picked=delete | none | @button:Session actions,1,0,ArrowRight>menuitem:Provider[menu×1|f=menuitem:Provider|h=Provider]@7.5 ; End>menuitem:Provider[menu×2|f=menuitem:Provider|h=Codex]@20.7 ; Enter>menuitem:Delete[menu×2|f=menuitem:Delete|h=None]@30.1
chromium-dark-desktop › orbit-session sub-right-end-enter burst sample 19,orbit-session,submenu,sub-right-end-enter,sub-right-enter,burst,19,ArrowRight End Enter,Picked=delete | none | @button:Session actions,1,0,ArrowRight>menuitem:Provider[menu×1|f=menuitem:Provider|h=Provider]@10.3 ; End>menuitem:Provider[menu×2|f=menuitem:Provider|h=Codex]@25.4 ; Enter>menuitem:Delete[menu×2|f=menuitem:Delete|h=None]@36.9
chromium-dark-desktop › orbit-session sub-right-end-enter paced sample 0,orbit-session,submenu,sub-right-end-enter,sub-right-enter,paced,0,ArrowRight End Enter,Picked=claude | none | @button:Session actions,0,0,ArrowRight>menuitem:Provider[menu×1|f=menuitem:Provider|h=Provider]@3.1 ; End>menuitem:Codex[menu×2|f=menuitem:Codex|h=Codex]@324.4 ; Enter>menuitem:Claude[menu×2|f=menuitem:Claude|h=Claude]@630.4
chromium-dark-desktop › orbit-session sub-right-end-enter paced sample 1,orbit-session,submenu,sub-right-end-enter,sub-right-enter,paced,1,ArrowRight End Enter,Picked=claude | none | @button:Session actions,0,0,ArrowRight>menuitem:Provider[menu×1|f=menuitem:Provider|h=Provider]@8.9 ; End>menuitem:Codex[menu×2|f=menuitem:Codex|h=Codex]@326.2 ; Enter>menuitem:Claude[menu×2|f=menuitem:Claude|h=Claude]@631.2
chromium-dark-desktop › orbit-session sub-right-end-enter paced sample 2,orbit-session,submenu,sub-right-end-enter,sub-right-enter,paced,2,ArrowRight End Enter,Picked=claude | none | @button:Session actions,0,0,ArrowRight>menuitem:Provider[menu×1|f=menuitem:Provider|h=Provider]@18.9 ; End>menuitem:Codex[menu×2|f=menuitem:Codex|h=Codex]@341.1 ; Enter>menuitem:Claude[menu×2|f=menuitem:Claude|h=Claude]@646.8
chromium-dark-desktop › orbit-session sub-right-end-enter paced sample 3,orbit-session,submenu,sub-right-end-enter,sub-right-enter,paced,3,ArrowRight End Enter,Picked=claude | none | @button:Session actions,0,0,ArrowRight>menuitem:Provider[menu×1|f=menuitem:Provider|h=Provider]@7.3 ; End>menuitem:Codex[menu×2|f=menuitem:Codex|h=Codex]@325.4 ; Enter>menuitem:Claude[menu×2|f=menuitem:Claude|h=Claude]@631.6
chromium-dark-desktop › orbit-session sub-right-end-enter paced sample 4,orbit-session,submenu,sub-right-end-enter,sub-right-enter,paced,4,ArrowRight End Enter,Picked=claude | none | @button:Session actions,0,0,ArrowRight>menuitem:Provider[menu×1|f=menuitem:Provider|h=Provider]@9.2 ; End>menuitem:Codex[menu×2|f=menuitem:Codex|h=Codex]@323.6 ; Enter>menuitem:Claude[menu×2|f=menuitem:Claude|h=Claude]@628.9
chromium-dark-desktop › orbit-session sub-right-end-enter paced sample 5,orbit-session,submenu,sub-right-end-enter,sub-right-enter,paced,5,ArrowRight End Enter,Picked=claude | none | @button:Session actions,0,0,ArrowRight>menuitem:Provider[menu×1|f=menuitem:Provider|h=Provider]@10 ; End>menuitem:Codex[menu×2|f=menuitem:Codex|h=Codex]@328.2 ; Enter>menuitem:Claude[menu×2|f=menuitem:Claude|h=Claude]@634.6
chromium-dark-desktop › orbit-session sub-right-end-enter paced sample 6,orbit-session,submenu,sub-right-end-enter,sub-right-enter,paced,6,ArrowRight End Enter,Picked=claude | none | @button:Session actions,0,0,ArrowRight>menuitem:Provider[menu×1|f=menuitem:Provider|h=Provider]@15.6 ; End>menuitem:Codex[menu×2|f=menuitem:Codex|h=Codex]@339.3 ; Enter>menuitem:Claude[menu×2|f=menuitem:Claude|h=Claude]@645.6
chromium-dark-desktop › orbit-session sub-right-end-enter paced sample 7,orbit-session,submenu,sub-right-end-enter,sub-right-enter,paced,7,ArrowRight End Enter,Picked=claude | none | @button:Session actions,0,0,ArrowRight>menuitem:Provider[menu×1|f=menuitem:Provider|h=Provider]@6.1 ; End>menuitem:Codex[menu×2|f=menuitem:Codex|h=Codex]@320.1 ; Enter>menuitem:Claude[menu×2|f=menuitem:Claude|h=Claude]@624.1
chromium-dark-desktop › orbit-session sub-right-end-enter paced sample 8,orbit-session,submenu,sub-right-end-enter,sub-right-enter,paced,8,ArrowRight End Enter,Picked=claude | none | @button:Session actions,0,0,ArrowRight>menuitem:Provider[menu×1|f=menuitem:Provider|h=Provider]@9.2 ; End>menuitem:Codex[menu×2|f=menuitem:Codex|h=Codex]@330.1 ; Enter>menuitem:Claude[menu×2|f=menuitem:Claude|h=Claude]@636.6
chromium-dark-desktop › orbit-session sub-right-end-enter paced sample 9,orbit-session,submenu,sub-right-end-enter,sub-right-enter,paced,9,ArrowRight End Enter,Picked=claude | none | @button:Session actions,0,0,ArrowRight>menuitem:Provider[menu×1|f=menuitem:Provider|h=Provider]@8.3 ; End>menuitem:Codex[menu×2|f=menuitem:Codex|h=Codex]@332.1 ; Enter>menuitem:Claude[menu×2|f=menuitem:Claude|h=Claude]@638
chromium-dark-desktop › orbit-session sub-right-end-enter paced sample 10,orbit-session,submenu,sub-right-end-enter,sub-right-enter,paced,10,ArrowRight End Enter,Picked=claude | none | @button:Session actions,0,0,ArrowRight>menuitem:Provider[menu×1|f=menuitem:Provider|h=Provider]@6 ; End>menuitem:Codex[menu×2|f=menuitem:Codex|h=Codex]@320.6 ; Enter>menuitem:Claude[menu×2|f=menuitem:Claude|h=Claude]@626.5
chromium-dark-desktop › orbit-session sub-right-end-enter paced sample 11,orbit-session,submenu,sub-right-end-enter,sub-right-enter,paced,11,ArrowRight End Enter,Picked=claude | none | @button:Session actions,0,0,ArrowRight>menuitem:Provider[menu×1|f=menuitem:Provider|h=Provider]@19.6 ; End>menuitem:Codex[menu×2|f=menuitem:Codex|h=Codex]@335.2 ; Enter>menuitem:Claude[menu×2|f=menuitem:Claude|h=Claude]@641.7
chromium-dark-desktop › orbit-session sub-right-end-enter paced sample 12,orbit-session,submenu,sub-right-end-enter,sub-right-enter,paced,12,ArrowRight End Enter,Picked=claude | none | @button:Session actions,0,0,ArrowRight>menuitem:Provider[menu×1|f=menuitem:Provider|h=Provider]@7.2 ; End>menuitem:Codex[menu×2|f=menuitem:Codex|h=Codex]@330.9 ; Enter>menuitem:Claude[menu×2|f=menuitem:Claude|h=Claude]@636.7
chromium-dark-desktop › orbit-session sub-right-end-enter paced sample 13,orbit-session,submenu,sub-right-end-enter,sub-right-enter,paced,13,ArrowRight End Enter,Picked=claude | none | @button:Session actions,0,0,ArrowRight>menuitem:Provider[menu×1|f=menuitem:Provider|h=Provider]@20.6 ; End>menuitem:Codex[menu×2|f=menuitem:Codex|h=Codex]@348 ; Enter>menuitem:Claude[menu×2|f=menuitem:Claude|h=Claude]@654.7
chromium-dark-desktop › orbit-session sub-right-end-enter paced sample 14,orbit-session,submenu,sub-right-end-enter,sub-right-enter,paced,14,ArrowRight End Enter,Picked=claude | none | @button:Session actions,0,0,ArrowRight>menuitem:Provider[menu×1|f=menuitem:Provider|h=Provider]@20.8 ; End>menuitem:Codex[menu×2|f=menuitem:Codex|h=Codex]@343.5 ; Enter>menuitem:Claude[menu×2|f=menuitem:Claude|h=Claude]@650.4
chromium-dark-desktop › orbit-session sub-right-end-enter paced sample 15,orbit-session,submenu,sub-right-end-enter,sub-right-enter,paced,15,ArrowRight End Enter,Picked=claude | none | @button:Session actions,0,0,ArrowRight>menuitem:Provider[menu×1|f=menuitem:Provider|h=Provider]@19.6 ; End>menuitem:Codex[menu×2|f=menuitem:Codex|h=Codex]@342.6 ; Enter>menuitem:Claude[menu×2|f=menuitem:Claude|h=Claude]@649.6
chromium-dark-desktop › orbit-session sub-right-end-enter paced sample 16,orbit-session,submenu,sub-right-end-enter,sub-right-enter,paced,16,ArrowRight End Enter,Picked=claude | none | @button:Session actions,0,0,ArrowRight>menuitem:Provider[menu×1|f=menuitem:Provider|h=Provider]@19.8 ; End>menuitem:Codex[menu×2|f=menuitem:Codex|h=Codex]@346.1 ; Enter>menuitem:Claude[menu×2|f=menuitem:Claude|h=Claude]@652.8
chromium-dark-desktop › orbit-session sub-right-end-enter paced sample 17,orbit-session,submenu,sub-right-end-enter,sub-right-enter,paced,17,ArrowRight End Enter,Picked=claude | none | @button:Session actions,0,0,ArrowRight>menuitem:Provider[menu×1|f=menuitem:Provider|h=Provider]@7.9 ; End>menuitem:Codex[menu×2|f=menuitem:Codex|h=Codex]@332.6 ; Enter>menuitem:Claude[menu×2|f=menuitem:Claude|h=Claude]@639.6
chromium-dark-desktop › orbit-session sub-right-end-enter paced sample 18,orbit-session,submenu,sub-right-end-enter,sub-right-enter,paced,18,ArrowRight End Enter,Picked=claude | none | @button:Session actions,0,0,ArrowRight>menuitem:Provider[menu×1|f=menuitem:Provider|h=Provider]@18.3 ; End>menuitem:Codex[menu×2|f=menuitem:Codex|h=Codex]@336.6 ; Enter>menuitem:Claude[menu×2|f=menuitem:Claude|h=Claude]@642.2
chromium-dark-desktop › orbit-session sub-right-end-enter paced sample 19,orbit-session,submenu,sub-right-end-enter,sub-right-enter,paced,19,ArrowRight End Enter,Picked=claude | none | @button:Session actions,0,0,ArrowRight>menuitem:Provider[menu×1|f=menuitem:Provider|h=Provider]@8.1 ; End>menuitem:Codex[menu×2|f=menuitem:Codex|h=Codex]@334.9 ; Enter>menuitem:Claude[menu×2|f=menuitem:Claude|h=Claude]@643.2
chromium-dark-desktop › antd-session sub-right-end-enter burst sample 0,antd-session,submenu,sub-right-end-enter,sub-right-enter,burst,0,ArrowRight End Enter,none | menu×2 | @menuitem:Provider,0,0,ArrowRight>menuitem:Provider[menu×1|f=menuitem:Provider|h=None]@19.4 ; End>menuitem:Provider[menu×1|f=menuitem:Provider|h=None]@23.2 ; Enter>menuitem:Provider[menu×1|f=menuitem:Provider|h=None]@25.8
chromium-dark-desktop › antd-session sub-right-end-enter burst sample 1,antd-session,submenu,sub-right-end-enter,sub-right-enter,burst,1,ArrowRight End Enter,none | menu×2 | @menuitem:Provider,0,0,ArrowRight>menuitem:Provider[menu×1|f=menuitem:Provider|h=None]@5 ; End>menuitem:Provider[menu×1|f=menuitem:Provider|h=None]@9.2 ; Enter>menuitem:Provider[menu×1|f=menuitem:Provider|h=None]@11.9
chromium-dark-desktop › antd-session sub-right-end-enter burst sample 2,antd-session,submenu,sub-right-end-enter,sub-right-enter,burst,2,ArrowRight End Enter,none | menu×2 | @menuitem:Provider,0,0,ArrowRight>menuitem:Provider[menu×1|f=menuitem:Provider|h=None]@12.3 ; End>menuitem:Provider[menu×1|f=menuitem:Provider|h=None]@16.2 ; Enter>menuitem:Provider[menu×1|f=menuitem:Provider|h=None]@18.6
chromium-dark-desktop › antd-session sub-right-end-enter burst sample 3,antd-session,submenu,sub-right-end-enter,sub-right-enter,burst,3,ArrowRight End Enter,none | menu×2 | @menuitem:Provider,0,0,ArrowRight>menuitem:Provider[menu×1|f=menuitem:Provider|h=None]@18 ; End>menuitem:Provider[menu×1|f=menuitem:Provider|h=None]@21.7 ; Enter>menuitem:Provider[menu×1|f=menuitem:Provider|h=None]@24.1
chromium-dark-desktop › antd-session sub-right-end-enter burst sample 4,antd-session,submenu,sub-right-end-enter,sub-right-enter,burst,4,ArrowRight End Enter,none | menu×2 | @menuitem:Provider,0,0,ArrowRight>menuitem:Provider[menu×1|f=menuitem:Provider|h=None]@7.4 ; End>menuitem:Provider[menu×1|f=menuitem:Provider|h=None]@11.5 ; Enter>menuitem:Provider[menu×1|f=menuitem:Provider|h=None]@14.1
chromium-dark-desktop › antd-session sub-right-end-enter burst sample 5,antd-session,submenu,sub-right-end-enter,sub-right-enter,burst,5,ArrowRight End Enter,none | menu×2 | @menuitem:Provider,0,0,ArrowRight>menuitem:Provider[menu×1|f=menuitem:Provider|h=None]@11.8 ; End>menuitem:Provider[menu×1|f=menuitem:Provider|h=None]@15.5 ; Enter>menuitem:Provider[menu×1|f=menuitem:Provider|h=None]@18
chromium-dark-desktop › antd-session sub-right-end-enter burst sample 6,antd-session,submenu,sub-right-end-enter,sub-right-enter,burst,6,ArrowRight End Enter,none | menu×2 | @menuitem:Provider,0,0,ArrowRight>menuitem:Provider[menu×1|f=menuitem:Provider|h=None]@6.3 ; End>menuitem:Provider[menu×1|f=menuitem:Provider|h=None]@9 ; Enter>menuitem:Provider[menu×1|f=menuitem:Provider|h=None]@10.7
chromium-dark-desktop › antd-session sub-right-end-enter burst sample 7,antd-session,submenu,sub-right-end-enter,sub-right-enter,burst,7,ArrowRight End Enter,none | menu×2 | @menuitem:Provider,0,0,ArrowRight>menuitem:Provider[menu×1|f=menuitem:Provider|h=None]@10.1 ; End>menuitem:Provider[menu×1|f=menuitem:Provider|h=None]@14 ; Enter>menuitem:Provider[menu×1|f=menuitem:Provider|h=None]@16.4
chromium-dark-desktop › antd-session sub-right-end-enter burst sample 8,antd-session,submenu,sub-right-end-enter,sub-right-enter,burst,8,ArrowRight End Enter,none | menu×2 | @menuitem:Provider,0,0,ArrowRight>menuitem:Provider[menu×1|f=menuitem:Provider|h=None]@5.8 ; End>menuitem:Provider[menu×1|f=menuitem:Provider|h=None]@9.6 ; Enter>menuitem:Provider[menu×1|f=menuitem:Provider|h=None]@12.1
chromium-dark-desktop › antd-session sub-right-end-enter burst sample 9,antd-session,submenu,sub-right-end-enter,sub-right-enter,burst,9,ArrowRight End Enter,none | menu×2 | @menuitem:Provider,0,0,ArrowRight>menuitem:Provider[menu×1|f=menuitem:Provider|h=None]@14.9 ; End>menuitem:Provider[menu×1|f=menuitem:Provider|h=None]@17.6 ; Enter>menuitem:Provider[menu×1|f=menuitem:Provider|h=None]@19.3
chromium-dark-desktop › antd-session sub-right-end-enter burst sample 10,antd-session,submenu,sub-right-end-enter,sub-right-enter,burst,10,ArrowRight End Enter,none | menu×2 | @menuitem:Provider,0,0,ArrowRight>menuitem:Provider[menu×1|f=menuitem:Provider|h=None]@16.1 ; End>menuitem:Provider[menu×1|f=menuitem:Provider|h=None]@18.9 ; Enter>menuitem:Provider[menu×1|f=menuitem:Provider|h=None]@20.6
chromium-dark-desktop › antd-session sub-right-end-enter burst sample 11,antd-session,submenu,sub-right-end-enter,sub-right-enter,burst,11,ArrowRight End Enter,none | menu×2 | @menuitem:Provider,0,0,ArrowRight>menuitem:Provider[menu×1|f=menuitem:Provider|h=None]@19 ; End>menuitem:Provider[menu×1|f=menuitem:Provider|h=None]@21.8 ; Enter>menuitem:Provider[menu×1|f=menuitem:Provider|h=None]@23.7
chromium-dark-desktop › antd-session sub-right-end-enter burst sample 12,antd-session,submenu,sub-right-end-enter,sub-right-enter,burst,12,ArrowRight End Enter,none | menu×2 | @menuitem:Provider,0,0,ArrowRight>menuitem:Provider[menu×1|f=menuitem:Provider|h=None]@14.2 ; End>menuitem:Provider[menu×1|f=menuitem:Provider|h=None]@17.8 ; Enter>menuitem:Provider[menu×1|f=menuitem:Provider|h=None]@20.2
chromium-dark-desktop › antd-session sub-right-end-enter burst sample 13,antd-session,submenu,sub-right-end-enter,sub-right-enter,burst,13,ArrowRight End Enter,none | menu×2 | @menuitem:Provider,0,0,ArrowRight>menuitem:Provider[menu×1|f=menuitem:Provider|h=None]@3.3 ; End>menuitem:Provider[menu×1|f=menuitem:Provider|h=None]@7.4 ; Enter>menuitem:Provider[menu×1|f=menuitem:Provider|h=None]@10.1
chromium-dark-desktop › antd-session sub-right-end-enter burst sample 14,antd-session,submenu,sub-right-end-enter,sub-right-enter,burst,14,ArrowRight End Enter,none | menu×2 | @menuitem:Provider,0,0,ArrowRight>menuitem:Provider[menu×1|f=menuitem:Provider|h=None]@16.9 ; End>menuitem:Provider[menu×1|f=menuitem:Provider|h=None]@21 ; Enter>menuitem:Provider[menu×1|f=menuitem:Provider|h=None]@23.5
chromium-dark-desktop › antd-session sub-right-end-enter burst sample 15,antd-session,submenu,sub-right-end-enter,sub-right-enter,burst,15,ArrowRight End Enter,none | menu×2 | @menuitem:Provider,0,0,ArrowRight>menuitem:Provider[menu×1|f=menuitem:Provider|h=None]@9.2 ; End>menuitem:Provider[menu×1|f=menuitem:Provider|h=None]@13.4 ; Enter>menuitem:Provider[menu×1|f=menuitem:Provider|h=None]@16.1
chromium-dark-desktop › antd-session sub-right-end-enter burst sample 16,antd-session,submenu,sub-right-end-enter,sub-right-enter,burst,16,ArrowRight End Enter,none | menu×2 | @menuitem:Provider,0,0,ArrowRight>menuitem:Provider[menu×1|f=menuitem:Provider|h=None]@11.4 ; End>menuitem:Provider[menu×1|f=menuitem:Provider|h=None]@14.5 ; Enter>menuitem:Provider[menu×1|f=menuitem:Provider|h=None]@16.2
chromium-dark-desktop › antd-session sub-right-end-enter burst sample 17,antd-session,submenu,sub-right-end-enter,sub-right-enter,burst,17,ArrowRight End Enter,none | menu×2 | @menuitem:Provider,0,0,ArrowRight>menuitem:Provider[menu×1|f=menuitem:Provider|h=None]@9.8 ; End>menuitem:Provider[menu×1|f=menuitem:Provider|h=None]@13.8 ; Enter>menuitem:Provider[menu×1|f=menuitem:Provider|h=None]@16.5
chromium-dark-desktop › antd-session sub-right-end-enter burst sample 18,antd-session,submenu,sub-right-end-enter,sub-right-enter,burst,18,ArrowRight End Enter,none | menu×2 | @menuitem:Provider,0,0,ArrowRight>menuitem:Provider[menu×1|f=menuitem:Provider|h=None]@16.1 ; End>menuitem:Provider[menu×1|f=menuitem:Provider|h=None]@20.6 ; Enter>menuitem:Provider[menu×1|f=menuitem:Provider|h=None]@23
chromium-dark-desktop › antd-session sub-right-end-enter burst sample 19,antd-session,submenu,sub-right-end-enter,sub-right-enter,burst,19,ArrowRight End Enter,none | menu×2 | @menuitem:Provider,0,0,ArrowRight>menuitem:Provider[menu×1|f=menuitem:Provider|h=None]@19.5 ; End>menuitem:Provider[menu×1|f=menuitem:Provider|h=None]@23.7 ; Enter>menuitem:Provider[menu×1|f=menuitem:Provider|h=None]@26.3
chromium-dark-desktop › antd-session sub-right-end-enter paced sample 0,antd-session,submenu,sub-right-end-enter,sub-right-enter,paced,0,ArrowRight End Enter,Picked=claude | menu×1 | @menuitem:Claude,0,0,ArrowRight>menuitem:Provider[menu×1|f=menuitem:Provider|h=None]@13.4 ; End>menuitem:Codex[menu×2|f=menuitem:Codex|h=None]@321.2 ; Enter>menuitem:Claude[menu×2|f=menuitem:Claude|h=None]@628.6
chromium-dark-desktop › antd-session sub-right-end-enter paced sample 1,antd-session,submenu,sub-right-end-enter,sub-right-enter,paced,1,ArrowRight End Enter,Picked=claude | menu×1 | @menuitem:Claude,0,0,ArrowRight>menuitem:Provider[menu×1|f=menuitem:Provider|h=None]@19.4 ; End>menuitem:Codex[menu×2|f=menuitem:Codex|h=None]@327.1 ; Enter>menuitem:Claude[menu×2|f=menuitem:Claude|h=None]@632.9
chromium-dark-desktop › antd-session sub-right-end-enter paced sample 2,antd-session,submenu,sub-right-end-enter,sub-right-enter,paced,2,ArrowRight End Enter,Picked=claude | menu×1 | @menuitem:Claude,0,0,ArrowRight>menuitem:Provider[menu×1|f=menuitem:Provider|h=None]@14.2 ; End>menuitem:Codex[menu×2|f=menuitem:Codex|h=None]@320.6 ; Enter>menuitem:Claude[menu×2|f=menuitem:Claude|h=None]@629.6
chromium-dark-desktop › antd-session sub-right-end-enter paced sample 3,antd-session,submenu,sub-right-end-enter,sub-right-enter,paced,3,ArrowRight End Enter,Picked=claude | menu×1 | @menuitem:Claude,0,0,ArrowRight>menuitem:Provider[menu×1|f=menuitem:Provider|h=None]@14 ; End>menuitem:Codex[menu×2|f=menuitem:Codex|h=None]@323.4 ; Enter>menuitem:Claude[menu×2|f=menuitem:Claude|h=None]@634.9
chromium-dark-desktop › antd-session sub-right-end-enter paced sample 4,antd-session,submenu,sub-right-end-enter,sub-right-enter,paced,4,ArrowRight End Enter,Picked=claude | menu×1 | @menuitem:Claude,0,0,ArrowRight>menuitem:Provider[menu×1|f=menuitem:Provider|h=None]@4.3 ; End>menuitem:Codex[menu×2|f=menuitem:Codex|h=None]@311.1 ; Enter>menuitem:Claude[menu×2|f=menuitem:Claude|h=None]@618
chromium-dark-desktop › antd-session sub-right-end-enter paced sample 5,antd-session,submenu,sub-right-end-enter,sub-right-enter,paced,5,ArrowRight End Enter,Picked=claude | menu×1 | @menuitem:Claude,0,0,ArrowRight>menuitem:Provider[menu×1|f=menuitem:Provider|h=None]@6 ; End>menuitem:Codex[menu×2|f=menuitem:Codex|h=None]@314.7 ; Enter>menuitem:Claude[menu×2|f=menuitem:Claude|h=None]@622.2
chromium-dark-desktop › antd-session sub-right-end-enter paced sample 6,antd-session,submenu,sub-right-end-enter,sub-right-enter,paced,6,ArrowRight End Enter,Picked=claude | menu×1 | @menuitem:Claude,0,0,ArrowRight>menuitem:Provider[menu×1|f=menuitem:Provider|h=None]@18.5 ; End>menuitem:Codex[menu×2|f=menuitem:Codex|h=None]@325.4 ; Enter>menuitem:Claude[menu×2|f=menuitem:Claude|h=None]@637.5
chromium-dark-desktop › antd-session sub-right-end-enter paced sample 7,antd-session,submenu,sub-right-end-enter,sub-right-enter,paced,7,ArrowRight End Enter,Picked=claude | menu×1 | @menuitem:Claude,0,0,ArrowRight>menuitem:Provider[menu×1|f=menuitem:Provider|h=None]@5.1 ; End>menuitem:Codex[menu×2|f=menuitem:Codex|h=None]@311.7 ; Enter>menuitem:Claude[menu×2|f=menuitem:Claude|h=None]@618.5
chromium-dark-desktop › antd-session sub-right-end-enter paced sample 8,antd-session,submenu,sub-right-end-enter,sub-right-enter,paced,8,ArrowRight End Enter,Picked=claude | menu×1 | @menuitem:Claude,0,0,ArrowRight>menuitem:Provider[menu×1|f=menuitem:Provider|h=None]@5.5 ; End>menuitem:Codex[menu×2|f=menuitem:Codex|h=None]@310.9 ; Enter>menuitem:Claude[menu×2|f=menuitem:Claude|h=None]@617.9
chromium-dark-desktop › antd-session sub-right-end-enter paced sample 9,antd-session,submenu,sub-right-end-enter,sub-right-enter,paced,9,ArrowRight End Enter,Picked=claude | menu×1 | @menuitem:Claude,0,0,ArrowRight>menuitem:Provider[menu×1|f=menuitem:Provider|h=None]@9.7 ; End>menuitem:Codex[menu×2|f=menuitem:Codex|h=None]@315.4 ; Enter>menuitem:Claude[menu×2|f=menuitem:Claude|h=None]@623.2
chromium-dark-desktop › antd-session sub-right-end-enter paced sample 10,antd-session,submenu,sub-right-end-enter,sub-right-enter,paced,10,ArrowRight End Enter,Picked=claude | menu×1 | @menuitem:Claude,0,0,ArrowRight>menuitem:Provider[menu×1|f=menuitem:Provider|h=None]@17.7 ; End>menuitem:Codex[menu×2|f=menuitem:Codex|h=None]@324.5 ; Enter>menuitem:Claude[menu×2|f=menuitem:Claude|h=None]@631.7
chromium-dark-desktop › antd-session sub-right-end-enter paced sample 11,antd-session,submenu,sub-right-end-enter,sub-right-enter,paced,11,ArrowRight End Enter,Picked=claude | menu×1 | @menuitem:Claude,0,0,ArrowRight>menuitem:Provider[menu×1|f=menuitem:Provider|h=None]@6.4 ; End>menuitem:Codex[menu×2|f=menuitem:Codex|h=None]@313.3 ; Enter>menuitem:Claude[menu×2|f=menuitem:Claude|h=None]@620.4
chromium-dark-desktop › antd-session sub-right-end-enter paced sample 12,antd-session,submenu,sub-right-end-enter,sub-right-enter,paced,12,ArrowRight End Enter,Picked=claude | menu×1 | @menuitem:Claude,0,0,ArrowRight>menuitem:Provider[menu×1|f=menuitem:Provider|h=None]@12.2 ; End>menuitem:Codex[menu×2|f=menuitem:Codex|h=None]@317.7 ; Enter>menuitem:Claude[menu×2|f=menuitem:Claude|h=None]@624.7
chromium-dark-desktop › antd-session sub-right-end-enter paced sample 13,antd-session,submenu,sub-right-end-enter,sub-right-enter,paced,13,ArrowRight End Enter,Picked=claude | menu×1 | @menuitem:Claude,0,0,ArrowRight>menuitem:Provider[menu×1|f=menuitem:Provider|h=None]@5.6 ; End>menuitem:Codex[menu×2|f=menuitem:Codex|h=None]@312.2 ; Enter>menuitem:Claude[menu×2|f=menuitem:Claude|h=None]@619
chromium-dark-desktop › antd-session sub-right-end-enter paced sample 14,antd-session,submenu,sub-right-end-enter,sub-right-enter,paced,14,ArrowRight End Enter,Picked=claude | menu×1 | @menuitem:Claude,0,0,ArrowRight>menuitem:Provider[menu×1|f=menuitem:Provider|h=None]@16.1 ; End>menuitem:Codex[menu×2|f=menuitem:Codex|h=None]@323.4 ; Enter>menuitem:Claude[menu×2|f=menuitem:Claude|h=None]@630.1
chromium-dark-desktop › antd-session sub-right-end-enter paced sample 15,antd-session,submenu,sub-right-end-enter,sub-right-enter,paced,15,ArrowRight End Enter,Picked=claude | menu×1 | @menuitem:Claude,0,0,ArrowRight>menuitem:Provider[menu×1|f=menuitem:Provider|h=None]@19.5 ; End>menuitem:Codex[menu×2|f=menuitem:Codex|h=None]@327.2 ; Enter>menuitem:Claude[menu×2|f=menuitem:Claude|h=None]@634.2
chromium-dark-desktop › antd-session sub-right-end-enter paced sample 16,antd-session,submenu,sub-right-end-enter,sub-right-enter,paced,16,ArrowRight End Enter,Picked=claude | menu×1 | @menuitem:Claude,0,0,ArrowRight>menuitem:Provider[menu×1|f=menuitem:Provider|h=None]@14.1 ; End>menuitem:Codex[menu×2|f=menuitem:Codex|h=None]@319.8 ; Enter>menuitem:Claude[menu×2|f=menuitem:Claude|h=None]@627.2
chromium-dark-desktop › antd-session sub-right-end-enter paced sample 17,antd-session,submenu,sub-right-end-enter,sub-right-enter,paced,17,ArrowRight End Enter,Picked=claude | menu×1 | @menuitem:Claude,0,0,ArrowRight>menuitem:Provider[menu×1|f=menuitem:Provider|h=None]@15.5 ; End>menuitem:Codex[menu×2|f=menuitem:Codex|h=None]@321.4 ; Enter>menuitem:Claude[menu×2|f=menuitem:Claude|h=None]@628.9
chromium-dark-desktop › antd-session sub-right-end-enter paced sample 18,antd-session,submenu,sub-right-end-enter,sub-right-enter,paced,18,ArrowRight End Enter,Picked=claude | menu×1 | @menuitem:Claude,0,0,ArrowRight>menuitem:Provider[menu×1|f=menuitem:Provider|h=None]@3.2 ; End>menuitem:Codex[menu×2|f=menuitem:Codex|h=None]@309.8 ; Enter>menuitem:Claude[menu×2|f=menuitem:Claude|h=None]@618.4
chromium-dark-desktop › antd-session sub-right-end-enter paced sample 19,antd-session,submenu,sub-right-end-enter,sub-right-enter,paced,19,ArrowRight End Enter,Picked=claude | menu×1 | @menuitem:Claude,0,0,ArrowRight>menuitem:Provider[menu×1|f=menuitem:Provider|h=None]@12.8 ; End>menuitem:Codex[menu×2|f=menuitem:Codex|h=None]@320.3 ; Enter>menuitem:Claude[menu×2|f=menuitem:Claude|h=None]@633
chromium-dark-desktop › orbit-submenu sub-right-c-enter burst sample 0,orbit-submenu,submenu,sub-right-c-enter,sub-right-enter,burst,0,ArrowRight c Enter,none | menu×2 | @menuitem:Claude,1,0,ArrowRight>menuitem:Provider[menu×1|f=menuitem:Provider|h=Provider]@17.2 ; c>menuitem:Provider[menu×2|f=menuitem:Provider|h=Codex]@31.5 ; Enter>menuitem:Provider[menu×2|f=menuitem:Provider|h=Claude]@32.5
chromium-dark-desktop › orbit-submenu sub-right-c-enter burst sample 1,orbit-submenu,submenu,sub-right-c-enter,sub-right-enter,burst,1,ArrowRight c Enter,none | menu×2 | @menuitem:Claude,1,0,ArrowRight>menuitem:Provider[menu×1|f=menuitem:Provider|h=Provider]@11.3 ; c>menuitem:Provider[menu×2|f=menuitem:Provider|h=Codex]@25 ; Enter>menuitem:Provider[menu×2|f=menuitem:Provider|h=Claude]@26
chromium-dark-desktop › orbit-submenu sub-right-c-enter burst sample 2,orbit-submenu,submenu,sub-right-c-enter,sub-right-enter,burst,2,ArrowRight c Enter,none | menu×2 | @menuitem:Claude,1,0,ArrowRight>menuitem:Provider[menu×1|f=menuitem:Provider|h=Provider]@18.2 ; c>menuitem:Provider[menu×2|f=menuitem:Provider|h=Codex]@28.9 ; Enter>menuitem:Provider[menu×2|f=menuitem:Provider|h=Claude]@29.6
chromium-dark-desktop › orbit-submenu sub-right-c-enter burst sample 3,orbit-submenu,submenu,sub-right-c-enter,sub-right-enter,burst,3,ArrowRight c Enter,none | menu×2 | @menuitem:Claude,1,0,ArrowRight>menuitem:Provider[menu×1|f=menuitem:Provider|h=Provider]@5.1 ; c>menuitem:Provider[menu×2|f=menuitem:Provider|h=Codex]@18.4 ; Enter>menuitem:Provider[menu×2|f=menuitem:Provider|h=Claude]@19.5
chromium-dark-desktop › orbit-submenu sub-right-c-enter burst sample 4,orbit-submenu,submenu,sub-right-c-enter,sub-right-enter,burst,4,ArrowRight c Enter,none | menu×2 | @menuitem:Claude,1,0,ArrowRight>menuitem:Provider[menu×1|f=menuitem:Provider|h=Provider]@8.5 ; c>menuitem:Provider[menu×2|f=menuitem:Provider|h=Codex]@18.3 ; Enter>menuitem:Provider[menu×2|f=menuitem:Provider|h=Claude]@19
chromium-dark-desktop › orbit-submenu sub-right-c-enter burst sample 5,orbit-submenu,submenu,sub-right-c-enter,sub-right-enter,burst,5,ArrowRight c Enter,none | menu×2 | @menuitem:Claude,1,0,ArrowRight>menuitem:Provider[menu×1|f=menuitem:Provider|h=Provider]@18 ; c>menuitem:Provider[menu×2|f=menuitem:Provider|h=Codex]@31.4 ; Enter>menuitem:Provider[menu×2|f=menuitem:Provider|h=Claude]@32.5
chromium-dark-desktop › orbit-submenu sub-right-c-enter burst sample 6,orbit-submenu,submenu,sub-right-c-enter,sub-right-enter,burst,6,ArrowRight c Enter,none | menu×2 | @menuitem:Claude,1,0,ArrowRight>menuitem:Provider[menu×1|f=menuitem:Provider|h=Provider]@9.5 ; c>menuitem:Provider[menu×2|f=menuitem:Provider|h=Codex]@23.2 ; Enter>menuitem:Provider[menu×2|f=menuitem:Provider|h=Claude]@24.1
chromium-dark-desktop › orbit-submenu sub-right-c-enter burst sample 7,orbit-submenu,submenu,sub-right-c-enter,sub-right-enter,burst,7,ArrowRight c Enter,none | menu×2 | @menuitem:Claude,1,0,ArrowRight>menuitem:Provider[menu×1|f=menuitem:Provider|h=Provider]@9.3 ; c>menuitem:Provider[menu×2|f=menuitem:Provider|h=Codex]@23 ; Enter>menuitem:Provider[menu×2|f=menuitem:Provider|h=Claude]@23.9
chromium-dark-desktop › orbit-submenu sub-right-c-enter burst sample 8,orbit-submenu,submenu,sub-right-c-enter,sub-right-enter,burst,8,ArrowRight c Enter,none | menu×2 | @menuitem:Claude,1,0,ArrowRight>menuitem:Provider[menu×1|f=menuitem:Provider|h=Provider]@5.1 ; c>menuitem:Provider[menu×2|f=menuitem:Provider|h=Codex]@18.2 ; Enter>menuitem:Provider[menu×2|f=menuitem:Provider|h=Claude]@19.1
chromium-dark-desktop › orbit-submenu sub-right-c-enter burst sample 9,orbit-submenu,submenu,sub-right-c-enter,sub-right-enter,burst,9,ArrowRight c Enter,none | menu×2 | @menuitem:Claude,1,0,ArrowRight>menuitem:Provider[menu×1|f=menuitem:Provider|h=Provider]@21.1 ; c>menuitem:Provider[menu×2|f=menuitem:Provider|h=Codex]@35.5 ; Enter>menuitem:Provider[menu×2|f=menuitem:Provider|h=Claude]@36.6
chromium-dark-desktop › orbit-submenu sub-right-c-enter burst sample 10,orbit-submenu,submenu,sub-right-c-enter,sub-right-enter,burst,10,ArrowRight c Enter,none | menu×2 | @menuitem:Claude,1,0,ArrowRight>menuitem:Provider[menu×1|f=menuitem:Provider|h=Provider]@20.8 ; c>menuitem:Provider[menu×2|f=menuitem:Provider|h=Codex]@34.5 ; Enter>menuitem:Provider[menu×2|f=menuitem:Provider|h=Claude]@35.3
chromium-dark-desktop › orbit-submenu sub-right-c-enter burst sample 11,orbit-submenu,submenu,sub-right-c-enter,sub-right-enter,burst,11,ArrowRight c Enter,none | menu×2 | @menuitem:Claude,1,0,ArrowRight>menuitem:Provider[menu×1|f=menuitem:Provider|h=Provider]@9.9 ; c>menuitem:Provider[menu×2|f=menuitem:Provider|h=Codex]@23.5 ; Enter>menuitem:Provider[menu×2|f=menuitem:Provider|h=Claude]@24.3
chromium-dark-desktop › orbit-submenu sub-right-c-enter burst sample 12,orbit-submenu,submenu,sub-right-c-enter,sub-right-enter,burst,12,ArrowRight c Enter,none | menu×2 | @menuitem:Claude,1,0,ArrowRight>menuitem:Provider[menu×1|f=menuitem:Provider|h=Provider]@5.4 ; c>menuitem:Provider[menu×2|f=menuitem:Provider|h=Codex]@18.5 ; Enter>menuitem:Provider[menu×2|f=menuitem:Provider|h=Claude]@19.5
chromium-dark-desktop › orbit-submenu sub-right-c-enter burst sample 13,orbit-submenu,submenu,sub-right-c-enter,sub-right-enter,burst,13,ArrowRight c Enter,none | menu×2 | @menuitem:Claude,1,0,ArrowRight>menuitem:Provider[menu×1|f=menuitem:Provider|h=Provider]@22.1 ; c>menuitem:Provider[menu×2|f=menuitem:Provider|h=Codex]@36.1 ; Enter>menuitem:Provider[menu×2|f=menuitem:Provider|h=Claude]@37.1
chromium-dark-desktop › orbit-submenu sub-right-c-enter burst sample 14,orbit-submenu,submenu,sub-right-c-enter,sub-right-enter,burst,14,ArrowRight c Enter,none | menu×2 | @menuitem:Claude,1,0,ArrowRight>menuitem:Provider[menu×1|f=menuitem:Provider|h=Provider]@8.2 ; c>menuitem:Provider[menu×2|f=menuitem:Provider|h=Codex]@17.7 ; Enter>menuitem:Provider[menu×2|f=menuitem:Provider|h=Claude]@18.4
chromium-dark-desktop › orbit-submenu sub-right-c-enter burst sample 15,orbit-submenu,submenu,sub-right-c-enter,sub-right-enter,burst,15,ArrowRight c Enter,none | menu×2 | @menuitem:Claude,1,0,ArrowRight>menuitem:Provider[menu×1|f=menuitem:Provider|h=Provider]@19.5 ; c>menuitem:Provider[menu×2|f=menuitem:Provider|h=Codex]@32.7 ; Enter>menuitem:Provider[menu×2|f=menuitem:Provider|h=Claude]@33.6
chromium-dark-desktop › orbit-submenu sub-right-c-enter burst sample 16,orbit-submenu,submenu,sub-right-c-enter,sub-right-enter,burst,16,ArrowRight c Enter,none | menu×2 | @menuitem:Claude,1,0,ArrowRight>menuitem:Provider[menu×1|f=menuitem:Provider|h=Provider]@3.8 ; c>menuitem:Provider[menu×2|f=menuitem:Provider|h=Codex]@18.1 ; Enter>menuitem:Provider[menu×2|f=menuitem:Provider|h=Claude]@19.2
chromium-dark-desktop › orbit-submenu sub-right-c-enter burst sample 17,orbit-submenu,submenu,sub-right-c-enter,sub-right-enter,burst,17,ArrowRight c Enter,none | menu×2 | @menuitem:Claude,1,0,ArrowRight>menuitem:Provider[menu×1|f=menuitem:Provider|h=Provider]@9.1 ; c>menuitem:Provider[menu×2|f=menuitem:Provider|h=Codex]@18.9 ; Enter>menuitem:Provider[menu×2|f=menuitem:Provider|h=Claude]@19.6
chromium-dark-desktop › orbit-submenu sub-right-c-enter burst sample 18,orbit-submenu,submenu,sub-right-c-enter,sub-right-enter,burst,18,ArrowRight c Enter,none | menu×2 | @menuitem:Claude,1,0,ArrowRight>menuitem:Provider[menu×1|f=menuitem:Provider|h=Provider]@5.3 ; c>menuitem:Provider[menu×2|f=menuitem:Provider|h=Codex]@19 ; Enter>menuitem:Provider[menu×2|f=menuitem:Provider|h=Claude]@20
chromium-dark-desktop › orbit-submenu sub-right-c-enter burst sample 19,orbit-submenu,submenu,sub-right-c-enter,sub-right-enter,burst,19,ArrowRight c Enter,none | menu×2 | @menuitem:Claude,1,0,ArrowRight>menuitem:Provider[menu×1|f=menuitem:Provider|h=Provider]@16.1 ; c>menuitem:Provider[menu×2|f=menuitem:Provider|h=Codex]@30 ; Enter>menuitem:Provider[menu×2|f=menuitem:Provider|h=Claude]@31.1
chromium-dark-desktop › orbit-submenu sub-right-c-enter paced sample 0,orbit-submenu,submenu,sub-right-c-enter,sub-right-enter,paced,0,ArrowRight c Enter,Action=claude | none | @button:Session actions,0,0,ArrowRight>menuitem:Provider[menu×1|f=menuitem:Provider|h=Provider]@15 ; c>menuitem:Codex[menu×2|f=menuitem:Codex|h=Codex]@328.6 ; Enter>menuitem:Claude[menu×2|f=menuitem:Claude|h=Claude]@640.8
chromium-dark-desktop › orbit-submenu sub-right-c-enter paced sample 1,orbit-submenu,submenu,sub-right-c-enter,sub-right-enter,paced,1,ArrowRight c Enter,Action=claude | none | @button:Session actions,0,0,ArrowRight>menuitem:Provider[menu×1|f=menuitem:Provider|h=Provider]@16.7 ; c>menuitem:Codex[menu×2|f=menuitem:Codex|h=Codex]@335.5 ; Enter>menuitem:Claude[menu×2|f=menuitem:Claude|h=Claude]@648
chromium-dark-desktop › orbit-submenu sub-right-c-enter paced sample 2,orbit-submenu,submenu,sub-right-c-enter,sub-right-enter,paced,2,ArrowRight c Enter,Action=claude | none | @button:Session actions,0,0,ArrowRight>menuitem:Provider[menu×1|f=menuitem:Provider|h=Provider]@5.7 ; c>menuitem:Codex[menu×2|f=menuitem:Codex|h=Codex]@321.3 ; Enter>menuitem:Claude[menu×2|f=menuitem:Claude|h=Claude]@631.5
chromium-dark-desktop › orbit-submenu sub-right-c-enter paced sample 3,orbit-submenu,submenu,sub-right-c-enter,sub-right-enter,paced,3,ArrowRight c Enter,Action=claude | none | @button:Session actions,0,0,ArrowRight>menuitem:Provider[menu×1|f=menuitem:Provider|h=Provider]@9.5 ; c>menuitem:Codex[menu×2|f=menuitem:Codex|h=Codex]@331.5 ; Enter>menuitem:Claude[menu×2|f=menuitem:Claude|h=Claude]@638.8
chromium-dark-desktop › orbit-submenu sub-right-c-enter paced sample 4,orbit-submenu,submenu,sub-right-c-enter,sub-right-enter,paced,4,ArrowRight c Enter,Action=claude | none | @button:Session actions,0,0,ArrowRight>menuitem:Provider[menu×1|f=menuitem:Provider|h=Provider]@5.8 ; c>menuitem:Codex[menu×2|f=menuitem:Codex|h=Codex]@323 ; Enter>menuitem:Claude[menu×2|f=menuitem:Claude|h=Claude]@630.1
chromium-dark-desktop › orbit-submenu sub-right-c-enter paced sample 5,orbit-submenu,submenu,sub-right-c-enter,sub-right-enter,paced,5,ArrowRight c Enter,Action=claude | none | @button:Session actions,0,0,ArrowRight>menuitem:Provider[menu×1|f=menuitem:Provider|h=Provider]@2.9 ; c>menuitem:Codex[menu×2|f=menuitem:Codex|h=Codex]@321.2 ; Enter>menuitem:Claude[menu×2|f=menuitem:Claude|h=Claude]@628.4
chromium-dark-desktop › orbit-submenu sub-right-c-enter paced sample 6,orbit-submenu,submenu,sub-right-c-enter,sub-right-enter,paced,6,ArrowRight c Enter,Action=claude | none | @button:Session actions,0,0,ArrowRight>menuitem:Provider[menu×1|f=menuitem:Provider|h=Provider]@9.6 ; c>menuitem:Codex[menu×2|f=menuitem:Codex|h=Codex]@323.9 ; Enter>menuitem:Claude[menu×2|f=menuitem:Claude|h=Claude]@628.1
chromium-dark-desktop › orbit-submenu sub-right-c-enter paced sample 7,orbit-submenu,submenu,sub-right-c-enter,sub-right-enter,paced,7,ArrowRight c Enter,Action=claude | none | @button:Session actions,0,0,ArrowRight>menuitem:Provider[menu×1|f=menuitem:Provider|h=Provider]@4.4 ; c>menuitem:Codex[menu×2|f=menuitem:Codex|h=Codex]@321.9 ; Enter>menuitem:Claude[menu×2|f=menuitem:Claude|h=Claude]@628.1
chromium-dark-desktop › orbit-submenu sub-right-c-enter paced sample 8,orbit-submenu,submenu,sub-right-c-enter,sub-right-enter,paced,8,ArrowRight c Enter,Action=claude | none | @button:Session actions,0,0,ArrowRight>menuitem:Provider[menu×1|f=menuitem:Provider|h=Provider]@17.1 ; c>menuitem:Codex[menu×2|f=menuitem:Codex|h=Codex]@342.7 ; Enter>menuitem:Claude[menu×2|f=menuitem:Claude|h=Claude]@651.1
chromium-dark-desktop › orbit-submenu sub-right-c-enter paced sample 9,orbit-submenu,submenu,sub-right-c-enter,sub-right-enter,paced,9,ArrowRight c Enter,Action=claude | none | @button:Session actions,0,0,ArrowRight>menuitem:Provider[menu×1|f=menuitem:Provider|h=Provider]@7.8 ; c>menuitem:Codex[menu×2|f=menuitem:Codex|h=Codex]@328.7 ; Enter>menuitem:Claude[menu×2|f=menuitem:Claude|h=Claude]@640.4
chromium-dark-desktop › orbit-submenu sub-right-c-enter paced sample 10,orbit-submenu,submenu,sub-right-c-enter,sub-right-enter,paced,10,ArrowRight c Enter,Action=claude | none | @button:Session actions,0,0,ArrowRight>menuitem:Provider[menu×1|f=menuitem:Provider|h=Provider]@11.2 ; c>menuitem:Codex[menu×2|f=menuitem:Codex|h=Codex]@328.7 ; Enter>menuitem:Claude[menu×2|f=menuitem:Claude|h=Claude]@635.7
chromium-dark-desktop › orbit-submenu sub-right-c-enter paced sample 11,orbit-submenu,submenu,sub-right-c-enter,sub-right-enter,paced,11,ArrowRight c Enter,Action=claude | none | @button:Session actions,0,0,ArrowRight>menuitem:Provider[menu×1|f=menuitem:Provider|h=Provider]@7.5 ; c>menuitem:Codex[menu×2|f=menuitem:Codex|h=Codex]@331.6 ; Enter>menuitem:Claude[menu×2|f=menuitem:Claude|h=Claude]@645.2
chromium-dark-desktop › orbit-submenu sub-right-c-enter paced sample 12,orbit-submenu,submenu,sub-right-c-enter,sub-right-enter,paced,12,ArrowRight c Enter,Action=claude | none | @button:Session actions,0,0,ArrowRight>menuitem:Provider[menu×1|f=menuitem:Provider|h=Provider]@15.4 ; c>menuitem:Codex[menu×2|f=menuitem:Codex|h=Codex]@328.7 ; Enter>menuitem:Claude[menu×2|f=menuitem:Claude|h=Claude]@635.6
chromium-dark-desktop › orbit-submenu sub-right-c-enter paced sample 13,orbit-submenu,submenu,sub-right-c-enter,sub-right-enter,paced,13,ArrowRight c Enter,Action=claude | none | @button:Session actions,0,0,ArrowRight>menuitem:Provider[menu×1|f=menuitem:Provider|h=Provider]@10.3 ; c>menuitem:Codex[menu×2|f=menuitem:Codex|h=Codex]@337 ; Enter>menuitem:Claude[menu×2|f=menuitem:Claude|h=Claude]@650.7
chromium-dark-desktop › orbit-submenu sub-right-c-enter paced sample 14,orbit-submenu,submenu,sub-right-c-enter,sub-right-enter,paced,14,ArrowRight c Enter,Action=claude | none | @button:Session actions,0,0,ArrowRight>menuitem:Provider[menu×1|f=menuitem:Provider|h=Provider]@6.4 ; c>menuitem:Codex[menu×2|f=menuitem:Codex|h=Codex]@323.6 ; Enter>menuitem:Claude[menu×2|f=menuitem:Claude|h=Claude]@630
chromium-dark-desktop › orbit-submenu sub-right-c-enter paced sample 15,orbit-submenu,submenu,sub-right-c-enter,sub-right-enter,paced,15,ArrowRight c Enter,Action=claude | none | @button:Session actions,0,0,ArrowRight>menuitem:Provider[menu×1|f=menuitem:Provider|h=Provider]@7.7 ; c>menuitem:Codex[menu×2|f=menuitem:Codex|h=Codex]@326.6 ; Enter>menuitem:Claude[menu×2|f=menuitem:Claude|h=Claude]@633.7
chromium-dark-desktop › orbit-submenu sub-right-c-enter paced sample 16,orbit-submenu,submenu,sub-right-c-enter,sub-right-enter,paced,16,ArrowRight c Enter,Action=claude | none | @button:Session actions,0,0,ArrowRight>menuitem:Provider[menu×1|f=menuitem:Provider|h=Provider]@11.8 ; c>menuitem:Codex[menu×2|f=menuitem:Codex|h=Codex]@329.4 ; Enter>menuitem:Claude[menu×2|f=menuitem:Claude|h=Claude]@635.2
chromium-dark-desktop › orbit-submenu sub-right-c-enter paced sample 17,orbit-submenu,submenu,sub-right-c-enter,sub-right-enter,paced,17,ArrowRight c Enter,Action=claude | none | @button:Session actions,0,0,ArrowRight>menuitem:Provider[menu×1|f=menuitem:Provider|h=Provider]@20.4 ; c>menuitem:Codex[menu×2|f=menuitem:Codex|h=Codex]@344.5 ; Enter>menuitem:Claude[menu×2|f=menuitem:Claude|h=Claude]@658.5
chromium-dark-desktop › orbit-submenu sub-right-c-enter paced sample 18,orbit-submenu,submenu,sub-right-c-enter,sub-right-enter,paced,18,ArrowRight c Enter,Action=claude | none | @button:Session actions,0,0,ArrowRight>menuitem:Provider[menu×1|f=menuitem:Provider|h=Provider]@5.6 ; c>menuitem:Codex[menu×2|f=menuitem:Codex|h=Codex]@329.6 ; Enter>menuitem:Claude[menu×2|f=menuitem:Claude|h=Claude]@641.3
chromium-dark-desktop › orbit-submenu sub-right-c-enter paced sample 19,orbit-submenu,submenu,sub-right-c-enter,sub-right-enter,paced,19,ArrowRight c Enter,Action=claude | none | @button:Session actions,0,0,ArrowRight>menuitem:Provider[menu×1|f=menuitem:Provider|h=Provider]@20 ; c>menuitem:Codex[menu×2|f=menuitem:Codex|h=Codex]@346.8 ; Enter>menuitem:Claude[menu×2|f=menuitem:Claude|h=Claude]@654.4
chromium-dark-desktop › orbit-submenu-sample sub-right-c-enter burst sample 0,orbit-submenu-sample,submenu,sub-right-c-enter,sub-right-enter,burst,0,ArrowRight c Enter,none | menu×2 | @menuitem:Claude,1,0,ArrowRight>menuitem:Provider[menu×1|f=menuitem:Provider|h=Provider]@6 ; c>menuitem:Provider[menu×2|f=menuitem:Provider|h=Codex]@15.6 ; Enter>menuitem:Provider[menu×2|f=menuitem:Provider|h=Claude]@16.3
chromium-dark-desktop › orbit-submenu-sample sub-right-c-enter burst sample 1,orbit-submenu-sample,submenu,sub-right-c-enter,sub-right-enter,burst,1,ArrowRight c Enter,none | menu×2 | @menuitem:Claude,1,0,ArrowRight>menuitem:Provider[menu×1|f=menuitem:Provider|h=Provider]@3.4 ; c>menuitem:Provider[menu×2|f=menuitem:Provider|h=Codex]@16.7 ; Enter>menuitem:Provider[menu×2|f=menuitem:Provider|h=Claude]@17.5
chromium-dark-desktop › orbit-submenu-sample sub-right-c-enter burst sample 2,orbit-submenu-sample,submenu,sub-right-c-enter,sub-right-enter,burst,2,ArrowRight c Enter,none | menu×2 | @menuitem:Claude,1,0,ArrowRight>menuitem:Provider[menu×1|f=menuitem:Provider|h=Provider]@15.6 ; c>menuitem:Provider[menu×2|f=menuitem:Provider|h=Codex]@29.3 ; Enter>menuitem:Provider[menu×2|f=menuitem:Provider|h=Claude]@30.1
chromium-dark-desktop › orbit-submenu-sample sub-right-c-enter burst sample 3,orbit-submenu-sample,submenu,sub-right-c-enter,sub-right-enter,burst,3,ArrowRight c Enter,none | menu×2 | @menuitem:Claude,1,0,ArrowRight>menuitem:Provider[menu×1|f=menuitem:Provider|h=Provider]@11.4 ; c>menuitem:Provider[menu×2|f=menuitem:Provider|h=Codex]@21 ; Enter>menuitem:Provider[menu×2|f=menuitem:Provider|h=Claude]@21.6
chromium-dark-desktop › orbit-submenu-sample sub-right-c-enter burst sample 4,orbit-submenu-sample,submenu,sub-right-c-enter,sub-right-enter,burst,4,ArrowRight c Enter,none | menu×2 | @menuitem:Claude,1,0,ArrowRight>menuitem:Provider[menu×1|f=menuitem:Provider|h=Provider]@13.7 ; c>menuitem:Provider[menu×2|f=menuitem:Provider|h=Codex]@23.5 ; Enter>menuitem:Provider[menu×2|f=menuitem:Provider|h=Claude]@24
chromium-dark-desktop › orbit-submenu-sample sub-right-c-enter burst sample 5,orbit-submenu-sample,submenu,sub-right-c-enter,sub-right-enter,burst,5,ArrowRight c Enter,none | menu×2 | @menuitem:Claude,1,0,ArrowRight>menuitem:Provider[menu×1|f=menuitem:Provider|h=Provider]@20.2 ; c>menuitem:Provider[menu×2|f=menuitem:Provider|h=Codex]@30.3 ; Enter>menuitem:Provider[menu×2|f=menuitem:Provider|h=Claude]@31
chromium-dark-desktop › orbit-submenu-sample sub-right-c-enter burst sample 6,orbit-submenu-sample,submenu,sub-right-c-enter,sub-right-enter,burst,6,ArrowRight c Enter,none | menu×2 | @menuitem:Claude,1,0,ArrowRight>menuitem:Provider[menu×1|f=menuitem:Provider|h=Provider]@7.3 ; c>menuitem:Provider[menu×2|f=menuitem:Provider|h=Codex]@20.5 ; Enter>menuitem:Provider[menu×2|f=menuitem:Provider|h=Claude]@21.5
chromium-dark-desktop › orbit-submenu-sample sub-right-c-enter burst sample 7,orbit-submenu-sample,submenu,sub-right-c-enter,sub-right-enter,burst,7,ArrowRight c Enter,none | menu×2 | @menuitem:Claude,1,0,ArrowRight>menuitem:Provider[menu×1|f=menuitem:Provider|h=Provider]@17.8 ; c>menuitem:Provider[menu×2|f=menuitem:Provider|h=Codex]@31 ; Enter>menuitem:Provider[menu×2|f=menuitem:Provider|h=Claude]@31.9
chromium-dark-desktop › orbit-submenu-sample sub-right-c-enter burst sample 8,orbit-submenu-sample,submenu,sub-right-c-enter,sub-right-enter,burst,8,ArrowRight c Enter,none | menu×2 | @menuitem:Claude,1,0,ArrowRight>menuitem:Provider[menu×1|f=menuitem:Provider|h=Provider]@14.3 ; c>menuitem:Provider[menu×2|f=menuitem:Provider|h=Codex]@25.4 ; Enter>menuitem:Provider[menu×2|f=menuitem:Provider|h=Claude]@26.2
chromium-dark-desktop › orbit-submenu-sample sub-right-c-enter burst sample 9,orbit-submenu-sample,submenu,sub-right-c-enter,sub-right-enter,burst,9,ArrowRight c Enter,none | menu×2 | @menuitem:Claude,1,0,ArrowRight>menuitem:Provider[menu×1|f=menuitem:Provider|h=Provider]@5.6 ; c>menuitem:Provider[menu×2|f=menuitem:Provider|h=Codex]@19.3 ; Enter>menuitem:Provider[menu×2|f=menuitem:Provider|h=Claude]@20.1
chromium-dark-desktop › orbit-submenu-sample sub-right-c-enter burst sample 10,orbit-submenu-sample,submenu,sub-right-c-enter,sub-right-enter,burst,10,ArrowRight c Enter,none | menu×2 | @menuitem:Claude,1,0,ArrowRight>menuitem:Provider[menu×1|f=menuitem:Provider|h=Provider]@3.9 ; c>menuitem:Provider[menu×2|f=menuitem:Provider|h=Codex]@17.4 ; Enter>menuitem:Provider[menu×2|f=menuitem:Provider|h=Claude]@18.3
chromium-dark-desktop › orbit-submenu-sample sub-right-c-enter burst sample 11,orbit-submenu-sample,submenu,sub-right-c-enter,sub-right-enter,burst,11,ArrowRight c Enter,none | menu×2 | @menuitem:Claude,1,0,ArrowRight>menuitem:Provider[menu×1|f=menuitem:Provider|h=Provider]@11.4 ; c>menuitem:Provider[menu×2|f=menuitem:Provider|h=Codex]@27.1 ; Enter>menuitem:Provider[menu×2|f=menuitem:Provider|h=Claude]@28.2
chromium-dark-desktop › orbit-submenu-sample sub-right-c-enter burst sample 12,orbit-submenu-sample,submenu,sub-right-c-enter,sub-right-enter,burst,12,ArrowRight c Enter,none | menu×2 | @menuitem:Claude,1,0,ArrowRight>menuitem:Provider[menu×1|f=menuitem:Provider|h=Provider]@10.9 ; c>menuitem:Provider[menu×2|f=menuitem:Provider|h=Codex]@25.1 ; Enter>menuitem:Provider[menu×2|f=menuitem:Provider|h=Claude]@26
chromium-dark-desktop › orbit-submenu-sample sub-right-c-enter burst sample 13,orbit-submenu-sample,submenu,sub-right-c-enter,sub-right-enter,burst,13,ArrowRight c Enter,none | menu×2 | @menuitem:Claude,1,0,ArrowRight>menuitem:Provider[menu×1|f=menuitem:Provider|h=Provider]@14 ; c>menuitem:Provider[menu×2|f=menuitem:Provider|h=Codex]@23.7 ; Enter>menuitem:Provider[menu×2|f=menuitem:Provider|h=Claude]@24.4
chromium-dark-desktop › orbit-submenu-sample sub-right-c-enter burst sample 14,orbit-submenu-sample,submenu,sub-right-c-enter,sub-right-enter,burst,14,ArrowRight c Enter,none | menu×2 | @menuitem:Claude,1,0,ArrowRight>menuitem:Provider[menu×1|f=menuitem:Provider|h=Provider]@19.6 ; c>menuitem:Provider[menu×2|f=menuitem:Provider|h=Codex]@33 ; Enter>menuitem:Provider[menu×2|f=menuitem:Provider|h=Claude]@33.9
chromium-dark-desktop › orbit-submenu-sample sub-right-c-enter burst sample 15,orbit-submenu-sample,submenu,sub-right-c-enter,sub-right-enter,burst,15,ArrowRight c Enter,none | menu×2 | @menuitem:Claude,1,0,ArrowRight>menuitem:Provider[menu×1|f=menuitem:Provider|h=Provider]@16.8 ; c>menuitem:Provider[menu×2|f=menuitem:Provider|h=Codex]@30.3 ; Enter>menuitem:Provider[menu×2|f=menuitem:Provider|h=Claude]@31.1
chromium-dark-desktop › orbit-submenu-sample sub-right-c-enter burst sample 16,orbit-submenu-sample,submenu,sub-right-c-enter,sub-right-enter,burst,16,ArrowRight c Enter,none | menu×2 | @menuitem:Claude,1,0,ArrowRight>menuitem:Provider[menu×1|f=menuitem:Provider|h=Provider]@13.6 ; c>menuitem:Provider[menu×2|f=menuitem:Provider|h=Codex]@26.9 ; Enter>menuitem:Provider[menu×2|f=menuitem:Provider|h=Claude]@27.7
chromium-dark-desktop › orbit-submenu-sample sub-right-c-enter burst sample 17,orbit-submenu-sample,submenu,sub-right-c-enter,sub-right-enter,burst,17,ArrowRight c Enter,none | menu×2 | @menuitem:Claude,1,0,ArrowRight>menuitem:Provider[menu×1|f=menuitem:Provider|h=Provider]@14.8 ; c>menuitem:Provider[menu×2|f=menuitem:Provider|h=Codex]@24.5 ; Enter>menuitem:Provider[menu×2|f=menuitem:Provider|h=Claude]@25.2
chromium-dark-desktop › orbit-submenu-sample sub-right-c-enter burst sample 18,orbit-submenu-sample,submenu,sub-right-c-enter,sub-right-enter,burst,18,ArrowRight c Enter,none | menu×2 | @menuitem:Claude,1,0,ArrowRight>menuitem:Provider[menu×1|f=menuitem:Provider|h=Provider]@4.7 ; c>menuitem:Provider[menu×2|f=menuitem:Provider|h=Codex]@17.6 ; Enter>menuitem:Provider[menu×2|f=menuitem:Provider|h=Claude]@18.5
chromium-dark-desktop › orbit-submenu-sample sub-right-c-enter burst sample 19,orbit-submenu-sample,submenu,sub-right-c-enter,sub-right-enter,burst,19,ArrowRight c Enter,none | menu×2 | @menuitem:Claude,1,0,ArrowRight>menuitem:Provider[menu×1|f=menuitem:Provider|h=Provider]@8.5 ; c>menuitem:Provider[menu×2|f=menuitem:Provider|h=Codex]@21.6 ; Enter>menuitem:Provider[menu×2|f=menuitem:Provider|h=Claude]@22.5
chromium-dark-desktop › orbit-submenu-sample sub-right-c-enter paced sample 0,orbit-submenu-sample,submenu,sub-right-c-enter,sub-right-enter,paced,0,ArrowRight c Enter,ran Claude | none | @button:Add attachment,0,0,ArrowRight>menuitem:Provider[menu×1|f=menuitem:Provider|h=Provider]@2.4 ; c>menuitem:Codex[menu×2|f=menuitem:Codex|h=Codex]@320.2 ; Enter>menuitem:Claude[menu×2|f=menuitem:Claude|h=Claude]@631
chromium-dark-desktop › orbit-submenu-sample sub-right-c-enter paced sample 1,orbit-submenu-sample,submenu,sub-right-c-enter,sub-right-enter,paced,1,ArrowRight c Enter,ran Claude | none | @button:Add attachment,0,0,ArrowRight>menuitem:Provider[menu×1|f=menuitem:Provider|h=Provider]@18.4 ; c>menuitem:Codex[menu×2|f=menuitem:Codex|h=Codex]@335.3 ; Enter>menuitem:Claude[menu×2|f=menuitem:Claude|h=Claude]@641.3
chromium-dark-desktop › orbit-submenu-sample sub-right-c-enter paced sample 2,orbit-submenu-sample,submenu,sub-right-c-enter,sub-right-enter,paced,2,ArrowRight c Enter,ran Claude | none | @button:Add attachment,0,0,ArrowRight>menuitem:Provider[menu×1|f=menuitem:Provider|h=Provider]@3.3 ; c>menuitem:Codex[menu×2|f=menuitem:Codex|h=Codex]@324.2 ; Enter>menuitem:Claude[menu×2|f=menuitem:Claude|h=Claude]@636.7
chromium-dark-desktop › orbit-submenu-sample sub-right-c-enter paced sample 3,orbit-submenu-sample,submenu,sub-right-c-enter,sub-right-enter,paced,3,ArrowRight c Enter,ran Claude | none | @button:Add attachment,0,0,ArrowRight>menuitem:Provider[menu×1|f=menuitem:Provider|h=Provider]@10.3 ; c>menuitem:Codex[menu×2|f=menuitem:Codex|h=Codex]@329.9 ; Enter>menuitem:Claude[menu×2|f=menuitem:Claude|h=Claude]@637.6
chromium-dark-desktop › orbit-submenu-sample sub-right-c-enter paced sample 4,orbit-submenu-sample,submenu,sub-right-c-enter,sub-right-enter,paced,4,ArrowRight c Enter,ran Claude | none | @button:Add attachment,0,0,ArrowRight>menuitem:Provider[menu×1|f=menuitem:Provider|h=Provider]@14.5 ; c>menuitem:Codex[menu×2|f=menuitem:Codex|h=Codex]@332.5 ; Enter>menuitem:Claude[menu×2|f=menuitem:Claude|h=Claude]@645.6
chromium-dark-desktop › orbit-submenu-sample sub-right-c-enter paced sample 5,orbit-submenu-sample,submenu,sub-right-c-enter,sub-right-enter,paced,5,ArrowRight c Enter,ran Claude | none | @button:Add attachment,0,0,ArrowRight>menuitem:Provider[menu×1|f=menuitem:Provider|h=Provider]@8.4 ; c>menuitem:Codex[menu×2|f=menuitem:Codex|h=Codex]@325.4 ; Enter>menuitem:Claude[menu×2|f=menuitem:Claude|h=Claude]@637.3
chromium-dark-desktop › orbit-submenu-sample sub-right-c-enter paced sample 6,orbit-submenu-sample,submenu,sub-right-c-enter,sub-right-enter,paced,6,ArrowRight c Enter,ran Claude | none | @button:Add attachment,0,0,ArrowRight>menuitem:Provider[menu×1|f=menuitem:Provider|h=Provider]@15.8 ; c>menuitem:Codex[menu×2|f=menuitem:Codex|h=Codex]@343.1 ; Enter>menuitem:Claude[menu×2|f=menuitem:Claude|h=Claude]@658.5
chromium-dark-desktop › orbit-submenu-sample sub-right-c-enter paced sample 7,orbit-submenu-sample,submenu,sub-right-c-enter,sub-right-enter,paced,7,ArrowRight c Enter,ran Claude | none | @button:Add attachment,0,0,ArrowRight>menuitem:Provider[menu×1|f=menuitem:Provider|h=Provider]@17.6 ; c>menuitem:Codex[menu×2|f=menuitem:Codex|h=Codex]@339.7 ; Enter>menuitem:Claude[menu×2|f=menuitem:Claude|h=Claude]@646.8
chromium-dark-desktop › orbit-submenu-sample sub-right-c-enter paced sample 8,orbit-submenu-sample,submenu,sub-right-c-enter,sub-right-enter,paced,8,ArrowRight c Enter,ran Claude | none | @button:Add attachment,0,0,ArrowRight>menuitem:Provider[menu×1|f=menuitem:Provider|h=Provider]@5.1 ; c>menuitem:Codex[menu×2|f=menuitem:Codex|h=Codex]@322.8 ; Enter>menuitem:Claude[menu×2|f=menuitem:Claude|h=Claude]@628.7
chromium-dark-desktop › orbit-submenu-sample sub-right-c-enter paced sample 9,orbit-submenu-sample,submenu,sub-right-c-enter,sub-right-enter,paced,9,ArrowRight c Enter,ran Claude | none | @button:Add attachment,0,0,ArrowRight>menuitem:Provider[menu×1|f=menuitem:Provider|h=Provider]@8.2 ; c>menuitem:Codex[menu×2|f=menuitem:Codex|h=Codex]@324.8 ; Enter>menuitem:Claude[menu×2|f=menuitem:Claude|h=Claude]@630.7
chromium-dark-desktop › orbit-submenu-sample sub-right-c-enter paced sample 10,orbit-submenu-sample,submenu,sub-right-c-enter,sub-right-enter,paced,10,ArrowRight c Enter,ran Claude | none | @button:Add attachment,0,0,ArrowRight>menuitem:Provider[menu×1|f=menuitem:Provider|h=Provider]@7.8 ; c>menuitem:Codex[menu×2|f=menuitem:Codex|h=Codex]@335.3 ; Enter>menuitem:Claude[menu×2|f=menuitem:Claude|h=Claude]@641.7
chromium-dark-desktop › orbit-submenu-sample sub-right-c-enter paced sample 11,orbit-submenu-sample,submenu,sub-right-c-enter,sub-right-enter,paced,11,ArrowRight c Enter,ran Claude | none | @button:Add attachment,0,0,ArrowRight>menuitem:Provider[menu×1|f=menuitem:Provider|h=Provider]@19.3 ; c>menuitem:Codex[menu×2|f=menuitem:Codex|h=Codex]@336.6 ; Enter>menuitem:Claude[menu×2|f=menuitem:Claude|h=Claude]@642.5
chromium-dark-desktop › orbit-submenu-sample sub-right-c-enter paced sample 12,orbit-submenu-sample,submenu,sub-right-c-enter,sub-right-enter,paced,12,ArrowRight c Enter,ran Claude | none | @button:Add attachment,0,0,ArrowRight>menuitem:Provider[menu×1|f=menuitem:Provider|h=Provider]@25.3 ; c>menuitem:Codex[menu×2|f=menuitem:Codex|h=Codex]@351.5 ; Enter>menuitem:Claude[menu×2|f=menuitem:Claude|h=Claude]@657.4
chromium-dark-desktop › orbit-submenu-sample sub-right-c-enter paced sample 13,orbit-submenu-sample,submenu,sub-right-c-enter,sub-right-enter,paced,13,ArrowRight c Enter,ran Claude | none | @button:Add attachment,0,0,ArrowRight>menuitem:Provider[menu×1|f=menuitem:Provider|h=Provider]@5.5 ; c>menuitem:Codex[menu×2|f=menuitem:Codex|h=Codex]@327.7 ; Enter>menuitem:Claude[menu×2|f=menuitem:Claude|h=Claude]@634.7
chromium-dark-desktop › orbit-submenu-sample sub-right-c-enter paced sample 14,orbit-submenu-sample,submenu,sub-right-c-enter,sub-right-enter,paced,14,ArrowRight c Enter,ran Claude | none | @button:Add attachment,0,0,ArrowRight>menuitem:Provider[menu×1|f=menuitem:Provider|h=Provider]@20.1 ; c>menuitem:Codex[menu×2|f=menuitem:Codex|h=Codex]@341.2 ; Enter>menuitem:Claude[menu×2|f=menuitem:Claude|h=Claude]@647.5
chromium-dark-desktop › orbit-submenu-sample sub-right-c-enter paced sample 15,orbit-submenu-sample,submenu,sub-right-c-enter,sub-right-enter,paced,15,ArrowRight c Enter,ran Claude | none | @button:Add attachment,0,0,ArrowRight>menuitem:Provider[menu×1|f=menuitem:Provider|h=Provider]@13.7 ; c>menuitem:Codex[menu×2|f=menuitem:Codex|h=Codex]@331.9 ; Enter>menuitem:Claude[menu×2|f=menuitem:Claude|h=Claude]@638
chromium-dark-desktop › orbit-submenu-sample sub-right-c-enter paced sample 16,orbit-submenu-sample,submenu,sub-right-c-enter,sub-right-enter,paced,16,ArrowRight c Enter,ran Claude | none | @button:Add attachment,0,0,ArrowRight>menuitem:Provider[menu×1|f=menuitem:Provider|h=Provider]@8.7 ; c>menuitem:Codex[menu×2|f=menuitem:Codex|h=Codex]@323.5 ; Enter>menuitem:Claude[menu×2|f=menuitem:Claude|h=Claude]@630.3
chromium-dark-desktop › orbit-submenu-sample sub-right-c-enter paced sample 17,orbit-submenu-sample,submenu,sub-right-c-enter,sub-right-enter,paced,17,ArrowRight c Enter,ran Claude | none | @button:Add attachment,0,0,ArrowRight>menuitem:Provider[menu×1|f=menuitem:Provider|h=Provider]@11.7 ; c>menuitem:Codex[menu×2|f=menuitem:Codex|h=Codex]@332.2 ; Enter>menuitem:Claude[menu×2|f=menuitem:Claude|h=Claude]@637.8
chromium-dark-desktop › orbit-submenu-sample sub-right-c-enter paced sample 18,orbit-submenu-sample,submenu,sub-right-c-enter,sub-right-enter,paced,18,ArrowRight c Enter,ran Claude | none | @button:Add attachment,0,0,ArrowRight>menuitem:Provider[menu×1|f=menuitem:Provider|h=Provider]@10.1 ; c>menuitem:Codex[menu×2|f=menuitem:Codex|h=Codex]@324.8 ; Enter>menuitem:Claude[menu×2|f=menuitem:Claude|h=Claude]@630.6
chromium-dark-desktop › orbit-submenu-sample sub-right-c-enter paced sample 19,orbit-submenu-sample,submenu,sub-right-c-enter,sub-right-enter,paced,19,ArrowRight c Enter,ran Claude | none | @button:Add attachment,0,0,ArrowRight>menuitem:Provider[menu×1|f=menuitem:Provider|h=Provider]@17.2 ; c>menuitem:Codex[menu×2|f=menuitem:Codex|h=Codex]@330.8 ; Enter>menuitem:Claude[menu×2|f=menuitem:Claude|h=Claude]@636.5
chromium-dark-desktop › antd-submenu sub-right-c-enter burst sample 0,antd-submenu,submenu,sub-right-c-enter,sub-right-enter,burst,0,ArrowRight c Enter,none | menu×2 | @menuitem:Codex,0,0,ArrowRight>menuitem:Provider[menu×1|f=menuitem:Provider|h=None]@7.7 ; c>menuitem:Provider[menu×1|f=menuitem:Provider|h=None]@10.2 ; Enter>menuitem:Provider[menu×1|f=menuitem:Provider|h=None]@10.3
chromium-dark-desktop › antd-submenu sub-right-c-enter burst sample 1,antd-submenu,submenu,sub-right-c-enter,sub-right-enter,burst,1,ArrowRight c Enter,none | menu×2 | @menuitem:Codex,0,0,ArrowRight>menuitem:Provider[menu×1|f=menuitem:Provider|h=None]@19.8 ; c>menuitem:Provider[menu×1|f=menuitem:Provider|h=None]@23.1 ; Enter>menuitem:Provider[menu×1|f=menuitem:Provider|h=None]@23.3
chromium-dark-desktop › antd-submenu sub-right-c-enter burst sample 2,antd-submenu,submenu,sub-right-c-enter,sub-right-enter,burst,2,ArrowRight c Enter,none | menu×2 | @menuitem:Codex,0,0,ArrowRight>menuitem:Provider[menu×1|f=menuitem:Provider|h=None]@15.8 ; c>menuitem:Provider[menu×1|f=menuitem:Provider|h=None]@19 ; Enter>menuitem:Provider[menu×1|f=menuitem:Provider|h=None]@19.2
chromium-dark-desktop › antd-submenu sub-right-c-enter burst sample 3,antd-submenu,submenu,sub-right-c-enter,sub-right-enter,burst,3,ArrowRight c Enter,none | menu×2 | @menuitem:Codex,0,0,ArrowRight>menuitem:Provider[menu×1|f=menuitem:Provider|h=None]@12.5 ; c>menuitem:Provider[menu×1|f=menuitem:Provider|h=None]@15.8 ; Enter>menuitem:Provider[menu×1|f=menuitem:Provider|h=None]@15.9
chromium-dark-desktop › antd-submenu sub-right-c-enter burst sample 4,antd-submenu,submenu,sub-right-c-enter,sub-right-enter,burst,4,ArrowRight c Enter,none | menu×2 | @menuitem:Codex,0,0,ArrowRight>menuitem:Provider[menu×1|f=menuitem:Provider|h=None]@43.6 ; c>menuitem:Provider[menu×1|f=menuitem:Provider|h=None]@54.4 ; Enter>menuitem:Provider[menu×1|f=menuitem:Provider|h=None]@54.6
chromium-dark-desktop › antd-submenu sub-right-c-enter burst sample 5,antd-submenu,submenu,sub-right-c-enter,sub-right-enter,burst,5,ArrowRight c Enter,none | menu×2 | @menuitem:Codex,0,0,ArrowRight>menuitem:Provider[menu×1|f=menuitem:Provider|h=None]@2.6 ; c>menuitem:Provider[menu×1|f=menuitem:Provider|h=None]@4.9 ; Enter>menuitem:Provider[menu×1|f=menuitem:Provider|h=None]@5
chromium-dark-desktop › antd-submenu sub-right-c-enter burst sample 6,antd-submenu,submenu,sub-right-c-enter,sub-right-enter,burst,6,ArrowRight c Enter,none | menu×2 | @menuitem:Codex,0,0,ArrowRight>menuitem:Provider[menu×1|f=menuitem:Provider|h=None]@14.6 ; c>menuitem:Provider[menu×1|f=menuitem:Provider|h=None]@17.5 ; Enter>menuitem:Provider[menu×1|f=menuitem:Provider|h=None]@17.7
chromium-dark-desktop › antd-submenu sub-right-c-enter burst sample 7,antd-submenu,submenu,sub-right-c-enter,sub-right-enter,burst,7,ArrowRight c Enter,none | menu×2 | @menuitem:Codex,0,0,ArrowRight>menuitem:Provider[menu×1|f=menuitem:Provider|h=None]@4.4 ; c>menuitem:Provider[menu×1|f=menuitem:Provider|h=None]@7.5 ; Enter>menuitem:Provider[menu×1|f=menuitem:Provider|h=None]@7.6
chromium-dark-desktop › antd-submenu sub-right-c-enter burst sample 8,antd-submenu,submenu,sub-right-c-enter,sub-right-enter,burst,8,ArrowRight c Enter,none | menu×2 | @menuitem:Codex,0,0,ArrowRight>menuitem:Provider[menu×1|f=menuitem:Provider|h=None]@11.4 ; c>menuitem:Provider[menu×1|f=menuitem:Provider|h=None]@13.8 ; Enter>menuitem:Provider[menu×1|f=menuitem:Provider|h=None]@13.9
chromium-dark-desktop › antd-submenu sub-right-c-enter burst sample 9,antd-submenu,submenu,sub-right-c-enter,sub-right-enter,burst,9,ArrowRight c Enter,none | menu×2 | @menuitem:Codex,0,0,ArrowRight>menuitem:Provider[menu×1|f=menuitem:Provider|h=None]@15.2 ; c>menuitem:Provider[menu×1|f=menuitem:Provider|h=None]@20.5 ; Enter>menuitem:Provider[menu×1|f=menuitem:Provider|h=None]@24.2
chromium-dark-desktop › antd-submenu sub-right-c-enter burst sample 10,antd-submenu,submenu,sub-right-c-enter,sub-right-enter,burst,10,ArrowRight c Enter,none | menu×2 | @menuitem:Codex,0,0,ArrowRight>menuitem:Provider[menu×1|f=menuitem:Provider|h=None]@14 ; c>menuitem:Provider[menu×1|f=menuitem:Provider|h=None]@17.7 ; Enter>menuitem:Provider[menu×1|f=menuitem:Provider|h=None]@17.8
chromium-dark-desktop › antd-submenu sub-right-c-enter burst sample 11,antd-submenu,submenu,sub-right-c-enter,sub-right-enter,burst,11,ArrowRight c Enter,none | menu×2 | @menuitem:Codex,0,0,ArrowRight>menuitem:Provider[menu×1|f=menuitem:Provider|h=None]@15.3 ; c>menuitem:Provider[menu×1|f=menuitem:Provider|h=None]@24.1 ; Enter>menuitem:Provider[menu×1|f=menuitem:Provider|h=None]@24.4
chromium-dark-desktop › antd-submenu sub-right-c-enter burst sample 12,antd-submenu,submenu,sub-right-c-enter,sub-right-enter,burst,12,ArrowRight c Enter,none | menu×2 | @menuitem:Codex,0,0,ArrowRight>menuitem:Provider[menu×1|f=menuitem:Provider|h=None]@18.9 ; c>menuitem:Provider[menu×1|f=menuitem:Provider|h=None]@23 ; Enter>menuitem:Provider[menu×1|f=menuitem:Provider|h=None]@23.4
chromium-dark-desktop › antd-submenu sub-right-c-enter burst sample 13,antd-submenu,submenu,sub-right-c-enter,sub-right-enter,burst,13,ArrowRight c Enter,none | menu×2 | @menuitem:Codex,0,0,ArrowRight>menuitem:Provider[menu×1|f=menuitem:Provider|h=None]@13.9 ; c>menuitem:Provider[menu×1|f=menuitem:Provider|h=None]@17.2 ; Enter>menuitem:Provider[menu×1|f=menuitem:Provider|h=None]@17.4
chromium-dark-desktop › antd-submenu sub-right-c-enter burst sample 14,antd-submenu,submenu,sub-right-c-enter,sub-right-enter,burst,14,ArrowRight c Enter,none | menu×2 | @menuitem:Codex,0,0,ArrowRight>menuitem:Provider[menu×1|f=menuitem:Provider|h=None]@12.8 ; c>menuitem:Provider[menu×1|f=menuitem:Provider|h=None]@16.1 ; Enter>menuitem:Provider[menu×1|f=menuitem:Provider|h=None]@16.3
chromium-dark-desktop › antd-submenu sub-right-c-enter burst sample 15,antd-submenu,submenu,sub-right-c-enter,sub-right-enter,burst,15,ArrowRight c Enter,none | menu×2 | @menuitem:Codex,0,0,ArrowRight>menuitem:Provider[menu×1|f=menuitem:Provider|h=None]@3.3 ; c>menuitem:Provider[menu×1|f=menuitem:Provider|h=None]@6.4 ; Enter>menuitem:Provider[menu×1|f=menuitem:Provider|h=None]@6.5
chromium-dark-desktop › antd-submenu sub-right-c-enter burst sample 16,antd-submenu,submenu,sub-right-c-enter,sub-right-enter,burst,16,ArrowRight c Enter,none | menu×2 | @menuitem:Codex,0,0,ArrowRight>menuitem:Provider[menu×1|f=menuitem:Provider|h=None]@46.6 ; c>menuitem:Provider[menu×1|f=menuitem:Provider|h=None]@49.9 ; Enter>menuitem:Provider[menu×1|f=menuitem:Provider|h=None]@50
chromium-dark-desktop › antd-submenu sub-right-c-enter burst sample 17,antd-submenu,submenu,sub-right-c-enter,sub-right-enter,burst,17,ArrowRight c Enter,none | menu×2 | @menuitem:Codex,0,0,ArrowRight>menuitem:Provider[menu×1|f=menuitem:Provider|h=None]@8.4 ; c>menuitem:Provider[menu×1|f=menuitem:Provider|h=None]@11.5 ; Enter>menuitem:Provider[menu×1|f=menuitem:Provider|h=None]@11.7
chromium-dark-desktop › antd-submenu sub-right-c-enter burst sample 18,antd-submenu,submenu,sub-right-c-enter,sub-right-enter,burst,18,ArrowRight c Enter,none | menu×2 | @menuitem:Codex,0,0,ArrowRight>menuitem:Provider[menu×1|f=menuitem:Provider|h=None]@13.9 ; c>menuitem:Provider[menu×1|f=menuitem:Provider|h=None]@17.1 ; Enter>menuitem:Provider[menu×1|f=menuitem:Provider|h=None]@17.3
chromium-dark-desktop › antd-submenu sub-right-c-enter burst sample 19,antd-submenu,submenu,sub-right-c-enter,sub-right-enter,burst,19,ArrowRight c Enter,none | menu×2 | @menuitem:Codex,0,0,ArrowRight>menuitem:Provider[menu×1|f=menuitem:Provider|h=None]@18 ; c>menuitem:Provider[menu×1|f=menuitem:Provider|h=None]@21.2 ; Enter>menuitem:Provider[menu×1|f=menuitem:Provider|h=None]@21.4
chromium-dark-desktop › antd-submenu sub-right-c-enter paced sample 0,antd-submenu,submenu,sub-right-c-enter,sub-right-enter,paced,0,ArrowRight c Enter,ran Codex | menu×1 | @menuitem:Codex,0,0,ArrowRight>menuitem:Provider[menu×1|f=menuitem:Provider|h=None]@10.7 ; c>menuitem:Codex[menu×2|f=menuitem:Codex|h=None]@316.7 ; Enter>menuitem:Codex[menu×2|f=menuitem:Codex|h=None]@620.3
chromium-dark-desktop › antd-submenu sub-right-c-enter paced sample 1,antd-submenu,submenu,sub-right-c-enter,sub-right-enter,paced,1,ArrowRight c Enter,ran Codex | menu×1 | @menuitem:Codex,0,0,ArrowRight>menuitem:Provider[menu×1|f=menuitem:Provider|h=None]@4.2 ; c>menuitem:Codex[menu×2|f=menuitem:Codex|h=None]@314.6 ; Enter>menuitem:Codex[menu×2|f=menuitem:Codex|h=None]@623
chromium-dark-desktop › antd-submenu sub-right-c-enter paced sample 2,antd-submenu,submenu,sub-right-c-enter,sub-right-enter,paced,2,ArrowRight c Enter,ran Codex | menu×1 | @menuitem:Codex,0,0,ArrowRight>menuitem:Provider[menu×1|f=menuitem:Provider|h=None]@7 ; c>menuitem:Codex[menu×2|f=menuitem:Codex|h=None]@313 ; Enter>menuitem:Codex[menu×2|f=menuitem:Codex|h=None]@616.1
chromium-dark-desktop › antd-submenu sub-right-c-enter paced sample 3,antd-submenu,submenu,sub-right-c-enter,sub-right-enter,paced,3,ArrowRight c Enter,ran Codex | menu×1 | @menuitem:Codex,0,0,ArrowRight>menuitem:Provider[menu×1|f=menuitem:Provider|h=None]@10.4 ; c>menuitem:Codex[menu×2|f=menuitem:Codex|h=None]@317.2 ; Enter>menuitem:Codex[menu×2|f=menuitem:Codex|h=None]@621.3
chromium-dark-desktop › antd-submenu sub-right-c-enter paced sample 4,antd-submenu,submenu,sub-right-c-enter,sub-right-enter,paced,4,ArrowRight c Enter,ran Codex | menu×1 | @menuitem:Codex,0,0,ArrowRight>menuitem:Provider[menu×1|f=menuitem:Provider|h=None]@4.1 ; c>menuitem:Codex[menu×2|f=menuitem:Codex|h=None]@310.9 ; Enter>menuitem:Codex[menu×2|f=menuitem:Codex|h=None]@614.6
chromium-dark-desktop › antd-submenu sub-right-c-enter paced sample 5,antd-submenu,submenu,sub-right-c-enter,sub-right-enter,paced,5,ArrowRight c Enter,ran Codex | menu×1 | @menuitem:Codex,0,0,ArrowRight>menuitem:Provider[menu×1|f=menuitem:Provider|h=None]@19.5 ; c>menuitem:Codex[menu×2|f=menuitem:Codex|h=None]@327 ; Enter>menuitem:Codex[menu×2|f=menuitem:Codex|h=None]@633.7
chromium-dark-desktop › antd-submenu sub-right-c-enter paced sample 6,antd-submenu,submenu,sub-right-c-enter,sub-right-enter,paced,6,ArrowRight c Enter,ran Codex | menu×1 | @menuitem:Codex,0,0,ArrowRight>menuitem:Provider[menu×1|f=menuitem:Provider|h=None]@4.8 ; c>menuitem:Codex[menu×2|f=menuitem:Codex|h=None]@311.9 ; Enter>menuitem:Codex[menu×2|f=menuitem:Codex|h=None]@615.8
chromium-dark-desktop › antd-submenu sub-right-c-enter paced sample 7,antd-submenu,submenu,sub-right-c-enter,sub-right-enter,paced,7,ArrowRight c Enter,ran Codex | menu×1 | @menuitem:Codex,0,0,ArrowRight>menuitem:Provider[menu×1|f=menuitem:Provider|h=None]@4.5 ; c>menuitem:Codex[menu×2|f=menuitem:Codex|h=None]@312.4 ; Enter>menuitem:Codex[menu×2|f=menuitem:Codex|h=None]@615.9
chromium-dark-desktop › antd-submenu sub-right-c-enter paced sample 8,antd-submenu,submenu,sub-right-c-enter,sub-right-enter,paced,8,ArrowRight c Enter,ran Codex | menu×1 | @menuitem:Codex,0,0,ArrowRight>menuitem:Provider[menu×1|f=menuitem:Provider|h=None]@7 ; c>menuitem:Codex[menu×2|f=menuitem:Codex|h=None]@313.9 ; Enter>menuitem:Codex[menu×2|f=menuitem:Codex|h=None]@618.2
chromium-dark-desktop › antd-submenu sub-right-c-enter paced sample 9,antd-submenu,submenu,sub-right-c-enter,sub-right-enter,paced,9,ArrowRight c Enter,ran Codex | menu×1 | @menuitem:Codex,0,0,ArrowRight>menuitem:Provider[menu×1|f=menuitem:Provider|h=None]@19.9 ; c>menuitem:Codex[menu×2|f=menuitem:Codex|h=None]@328.4 ; Enter>menuitem:Codex[menu×2|f=menuitem:Codex|h=None]@631.9
chromium-dark-desktop › antd-submenu sub-right-c-enter paced sample 10,antd-submenu,submenu,sub-right-c-enter,sub-right-enter,paced,10,ArrowRight c Enter,ran Codex | menu×1 | @menuitem:Codex,0,0,ArrowRight>menuitem:Provider[menu×1|f=menuitem:Provider|h=None]@20.2 ; c>menuitem:Codex[menu×2|f=menuitem:Codex|h=None]@327.5 ; Enter>menuitem:Codex[menu×2|f=menuitem:Codex|h=None]@631.7
chromium-dark-desktop › antd-submenu sub-right-c-enter paced sample 11,antd-submenu,submenu,sub-right-c-enter,sub-right-enter,paced,11,ArrowRight c Enter,ran Codex | menu×1 | @menuitem:Codex,0,0,ArrowRight>menuitem:Provider[menu×1|f=menuitem:Provider|h=None]@3.6 ; c>menuitem:Codex[menu×2|f=menuitem:Codex|h=None]@310.7 ; Enter>menuitem:Codex[menu×2|f=menuitem:Codex|h=None]@614
chromium-dark-desktop › antd-submenu sub-right-c-enter paced sample 12,antd-submenu,submenu,sub-right-c-enter,sub-right-enter,paced,12,ArrowRight c Enter,ran Codex | menu×1 | @menuitem:Codex,0,0,ArrowRight>menuitem:Provider[menu×1|f=menuitem:Provider|h=None]@14.4 ; c>menuitem:Codex[menu×2|f=menuitem:Codex|h=None]@321.6 ; Enter>menuitem:Codex[menu×2|f=menuitem:Codex|h=None]@624.9
chromium-dark-desktop › antd-submenu sub-right-c-enter paced sample 13,antd-submenu,submenu,sub-right-c-enter,sub-right-enter,paced,13,ArrowRight c Enter,ran Codex | menu×1 | @menuitem:Codex,0,0,ArrowRight>menuitem:Provider[menu×1|f=menuitem:Provider|h=None]@9.7 ; c>menuitem:Codex[menu×2|f=menuitem:Codex|h=None]@316.2 ; Enter>menuitem:Codex[menu×2|f=menuitem:Codex|h=None]@620
chromium-dark-desktop › antd-submenu sub-right-c-enter paced sample 14,antd-submenu,submenu,sub-right-c-enter,sub-right-enter,paced,14,ArrowRight c Enter,ran Codex | menu×1 | @menuitem:Codex,0,0,ArrowRight>menuitem:Provider[menu×1|f=menuitem:Provider|h=None]@5.6 ; c>menuitem:Codex[menu×2|f=menuitem:Codex|h=None]@313.2 ; Enter>menuitem:Codex[menu×2|f=menuitem:Codex|h=None]@617.7
chromium-dark-desktop › antd-submenu sub-right-c-enter paced sample 15,antd-submenu,submenu,sub-right-c-enter,sub-right-enter,paced,15,ArrowRight c Enter,ran Codex | menu×1 | @menuitem:Codex,0,0,ArrowRight>menuitem:Provider[menu×1|f=menuitem:Provider|h=None]@9.6 ; c>menuitem:Codex[menu×2|f=menuitem:Codex|h=None]@315.6 ; Enter>menuitem:Codex[menu×2|f=menuitem:Codex|h=None]@619
chromium-dark-desktop › antd-submenu sub-right-c-enter paced sample 16,antd-submenu,submenu,sub-right-c-enter,sub-right-enter,paced,16,ArrowRight c Enter,ran Codex | menu×1 | @menuitem:Codex,0,0,ArrowRight>menuitem:Provider[menu×1|f=menuitem:Provider|h=None]@7 ; c>menuitem:Codex[menu×2|f=menuitem:Codex|h=None]@312.8 ; Enter>menuitem:Codex[menu×2|f=menuitem:Codex|h=None]@615.5
chromium-dark-desktop › antd-submenu sub-right-c-enter paced sample 17,antd-submenu,submenu,sub-right-c-enter,sub-right-enter,paced,17,ArrowRight c Enter,ran Codex | menu×1 | @menuitem:Codex,0,0,ArrowRight>menuitem:Provider[menu×1|f=menuitem:Provider|h=None]@5.9 ; c>menuitem:Codex[menu×2|f=menuitem:Codex|h=None]@312.9 ; Enter>menuitem:Codex[menu×2|f=menuitem:Codex|h=None]@615.5
chromium-dark-desktop › antd-submenu sub-right-c-enter paced sample 18,antd-submenu,submenu,sub-right-c-enter,sub-right-enter,paced,18,ArrowRight c Enter,ran Codex | menu×1 | @menuitem:Codex,0,0,ArrowRight>menuitem:Provider[menu×1|f=menuitem:Provider|h=None]@21.1 ; c>menuitem:Codex[menu×2|f=menuitem:Codex|h=None]@329.9 ; Enter>menuitem:Codex[menu×2|f=menuitem:Codex|h=None]@633.8
chromium-dark-desktop › antd-submenu sub-right-c-enter paced sample 19,antd-submenu,submenu,sub-right-c-enter,sub-right-enter,paced,19,ArrowRight c Enter,ran Codex | menu×1 | @menuitem:Codex,0,0,ArrowRight>menuitem:Provider[menu×1|f=menuitem:Provider|h=None]@5.1 ; c>menuitem:Codex[menu×2|f=menuitem:Codex|h=None]@313.7 ; Enter>menuitem:Codex[menu×2|f=menuitem:Codex|h=None]@618.4
chromium-dark-desktop › orbit-session sub-right-c-enter burst sample 0,orbit-session,submenu,sub-right-c-enter,sub-right-enter,burst,0,ArrowRight c Enter,none | menu×2 | @menuitem:Claude,1,0,ArrowRight>menuitem:Provider[menu×1|f=menuitem:Provider|h=Provider]@17.9 ; c>menuitem:Provider[menu×2|f=menuitem:Provider|h=Codex]@31.6 ; Enter>menuitem:Provider[menu×2|f=menuitem:Provider|h=Claude]@32.6
chromium-dark-desktop › orbit-session sub-right-c-enter burst sample 1,orbit-session,submenu,sub-right-c-enter,sub-right-enter,burst,1,ArrowRight c Enter,none | menu×2 | @menuitem:Claude,1,0,ArrowRight>menuitem:Provider[menu×1|f=menuitem:Provider|h=Provider]@4.4 ; c>menuitem:Provider[menu×2|f=menuitem:Provider|h=Codex]@18.5 ; Enter>menuitem:Provider[menu×2|f=menuitem:Provider|h=Claude]@19.5
chromium-dark-desktop › orbit-session sub-right-c-enter burst sample 2,orbit-session,submenu,sub-right-c-enter,sub-right-enter,burst,2,ArrowRight c Enter,none | menu×2 | @menuitem:Claude,1,0,ArrowRight>menuitem:Provider[menu×1|f=menuitem:Provider|h=Provider]@7.3 ; c>menuitem:Provider[menu×2|f=menuitem:Provider|h=Codex]@21.6 ; Enter>menuitem:Provider[menu×2|f=menuitem:Provider|h=Claude]@22.5
chromium-dark-desktop › orbit-session sub-right-c-enter burst sample 3,orbit-session,submenu,sub-right-c-enter,sub-right-enter,burst,3,ArrowRight c Enter,none | menu×2 | @menuitem:Claude,1,0,ArrowRight>menuitem:Provider[menu×1|f=menuitem:Provider|h=Provider]@16.5 ; c>menuitem:Provider[menu×2|f=menuitem:Provider|h=Codex]@33.3 ; Enter>menuitem:Provider[menu×2|f=menuitem:Provider|h=Claude]@34.3
chromium-dark-desktop › orbit-session sub-right-c-enter burst sample 4,orbit-session,submenu,sub-right-c-enter,sub-right-enter,burst,4,ArrowRight c Enter,none | menu×2 | @menuitem:Claude,1,0,ArrowRight>menuitem:Provider[menu×1|f=menuitem:Provider|h=Provider]@18.3 ; c>menuitem:Provider[menu×2|f=menuitem:Provider|h=Codex]@32.1 ; Enter>menuitem:Provider[menu×2|f=menuitem:Provider|h=Claude]@33
chromium-dark-desktop › orbit-session sub-right-c-enter burst sample 5,orbit-session,submenu,sub-right-c-enter,sub-right-enter,burst,5,ArrowRight c Enter,none | menu×2 | @menuitem:Claude,1,0,ArrowRight>menuitem:Provider[menu×1|f=menuitem:Provider|h=Provider]@16 ; c>menuitem:Provider[menu×2|f=menuitem:Provider|h=Codex]@31.8 ; Enter>menuitem:Provider[menu×2|f=menuitem:Provider|h=Claude]@33.1
chromium-dark-desktop › orbit-session sub-right-c-enter burst sample 6,orbit-session,submenu,sub-right-c-enter,sub-right-enter,burst,6,ArrowRight c Enter,none | menu×2 | @menuitem:Claude,1,0,ArrowRight>menuitem:Provider[menu×1|f=menuitem:Provider|h=Provider]@12.3 ; c>menuitem:Provider[menu×2|f=menuitem:Provider|h=Codex]@27.3 ; Enter>menuitem:Provider[menu×2|f=menuitem:Provider|h=Claude]@28.2
chromium-dark-desktop › orbit-session sub-right-c-enter burst sample 7,orbit-session,submenu,sub-right-c-enter,sub-right-enter,burst,7,ArrowRight c Enter,none | menu×2 | @menuitem:Claude,1,0,ArrowRight>menuitem:Provider[menu×1|f=menuitem:Provider|h=Provider]@4.3 ; c>menuitem:Provider[menu×2|f=menuitem:Provider|h=Codex]@55 ; Enter>menuitem:Provider[menu×2|f=menuitem:Provider|h=Claude]@56.1
chromium-dark-desktop › orbit-session sub-right-c-enter burst sample 8,orbit-session,submenu,sub-right-c-enter,sub-right-enter,burst,8,ArrowRight c Enter,none | menu×2 | @menuitem:Claude,1,0,ArrowRight>menuitem:Provider[menu×1|f=menuitem:Provider|h=Provider]@7.3 ; c>menuitem:Provider[menu×2|f=menuitem:Provider|h=Codex]@21.5 ; Enter>menuitem:Provider[menu×2|f=menuitem:Provider|h=Claude]@22.4
chromium-dark-desktop › orbit-session sub-right-c-enter burst sample 9,orbit-session,submenu,sub-right-c-enter,sub-right-enter,burst,9,ArrowRight c Enter,none | menu×2 | @menuitem:Claude,1,0,ArrowRight>menuitem:Provider[menu×1|f=menuitem:Provider|h=Provider]@4.6 ; c>menuitem:Provider[menu×2|f=menuitem:Provider|h=Codex]@17.9 ; Enter>menuitem:Provider[menu×2|f=menuitem:Provider|h=Claude]@18.8
chromium-dark-desktop › orbit-session sub-right-c-enter burst sample 10,orbit-session,submenu,sub-right-c-enter,sub-right-enter,burst,10,ArrowRight c Enter,none | menu×2 | @menuitem:Claude,1,0,ArrowRight>menuitem:Provider[menu×1|f=menuitem:Provider|h=Provider]@19.6 ; c>menuitem:Provider[menu×2|f=menuitem:Provider|h=Codex]@33.6 ; Enter>menuitem:Provider[menu×2|f=menuitem:Provider|h=Claude]@34.6
chromium-dark-desktop › orbit-session sub-right-c-enter burst sample 11,orbit-session,submenu,sub-right-c-enter,sub-right-enter,burst,11,ArrowRight c Enter,none | menu×2 | @menuitem:Claude,1,0,ArrowRight>menuitem:Provider[menu×1|f=menuitem:Provider|h=Provider]@14.9 ; c>menuitem:Provider[menu×2|f=menuitem:Provider|h=Codex]@30.3 ; Enter>menuitem:Provider[menu×2|f=menuitem:Provider|h=Claude]@31.3
chromium-dark-desktop › orbit-session sub-right-c-enter burst sample 12,orbit-session,submenu,sub-right-c-enter,sub-right-enter,burst,12,ArrowRight c Enter,none | menu×2 | @menuitem:Claude,1,0,ArrowRight>menuitem:Provider[menu×1|f=menuitem:Provider|h=Provider]@12 ; c>menuitem:Provider[menu×2|f=menuitem:Provider|h=Codex]@26.5 ; Enter>menuitem:Provider[menu×2|f=menuitem:Provider|h=Claude]@27.4
chromium-dark-desktop › orbit-session sub-right-c-enter burst sample 13,orbit-session,submenu,sub-right-c-enter,sub-right-enter,burst,13,ArrowRight c Enter,none | menu×2 | @menuitem:Claude,1,0,ArrowRight>menuitem:Provider[menu×1|f=menuitem:Provider|h=Provider]@18 ; c>menuitem:Provider[menu×2|f=menuitem:Provider|h=Codex]@28.4 ; Enter>menuitem:Provider[menu×2|f=menuitem:Provider|h=Claude]@29.1
chromium-dark-desktop › orbit-session sub-right-c-enter burst sample 14,orbit-session,submenu,sub-right-c-enter,sub-right-enter,burst,14,ArrowRight c Enter,none | menu×2 | @menuitem:Claude,1,0,ArrowRight>menuitem:Provider[menu×1|f=menuitem:Provider|h=Provider]@15.6 ; c>menuitem:Provider[menu×2|f=menuitem:Provider|h=Codex]@30.5 ; Enter>menuitem:Provider[menu×2|f=menuitem:Provider|h=Claude]@31.6
chromium-dark-desktop › orbit-session sub-right-c-enter burst sample 15,orbit-session,submenu,sub-right-c-enter,sub-right-enter,burst,15,ArrowRight c Enter,none | menu×2 | @menuitem:Claude,1,0,ArrowRight>menuitem:Provider[menu×1|f=menuitem:Provider|h=Provider]@9.6 ; c>menuitem:Provider[menu×2|f=menuitem:Provider|h=Codex]@24 ; Enter>menuitem:Provider[menu×2|f=menuitem:Provider|h=Claude]@25.1
chromium-dark-desktop › orbit-session sub-right-c-enter burst sample 16,orbit-session,submenu,sub-right-c-enter,sub-right-enter,burst,16,ArrowRight c Enter,none | menu×2 | @menuitem:Claude,1,0,ArrowRight>menuitem:Provider[menu×1|f=menuitem:Provider|h=Provider]@8.4 ; c>menuitem:Provider[menu×2|f=menuitem:Provider|h=Codex]@21.9 ; Enter>menuitem:Provider[menu×2|f=menuitem:Provider|h=Claude]@22.9
chromium-dark-desktop › orbit-session sub-right-c-enter burst sample 17,orbit-session,submenu,sub-right-c-enter,sub-right-enter,burst,17,ArrowRight c Enter,none | menu×2 | @menuitem:Claude,1,0,ArrowRight>menuitem:Provider[menu×1|f=menuitem:Provider|h=Provider]@5.2 ; c>menuitem:Provider[menu×2|f=menuitem:Provider|h=Codex]@18.8 ; Enter>menuitem:Provider[menu×2|f=menuitem:Provider|h=Claude]@19.7
chromium-dark-desktop › orbit-session sub-right-c-enter burst sample 18,orbit-session,submenu,sub-right-c-enter,sub-right-enter,burst,18,ArrowRight c Enter,none | menu×2 | @menuitem:Claude,1,0,ArrowRight>menuitem:Provider[menu×1|f=menuitem:Provider|h=Provider]@13.8 ; c>menuitem:Provider[menu×2|f=menuitem:Provider|h=Codex]@24.1 ; Enter>menuitem:Provider[menu×2|f=menuitem:Provider|h=Claude]@24.8
chromium-dark-desktop › orbit-session sub-right-c-enter burst sample 19,orbit-session,submenu,sub-right-c-enter,sub-right-enter,burst,19,ArrowRight c Enter,none | menu×2 | @menuitem:Claude,1,0,ArrowRight>menuitem:Provider[menu×1|f=menuitem:Provider|h=Provider]@21 ; c>menuitem:Provider[menu×2|f=menuitem:Provider|h=Codex]@35 ; Enter>menuitem:Provider[menu×2|f=menuitem:Provider|h=Claude]@36.1
chromium-dark-desktop › orbit-session sub-right-c-enter paced sample 0,orbit-session,submenu,sub-right-c-enter,sub-right-enter,paced,0,ArrowRight c Enter,Picked=claude | none | @button:Session actions,0,0,ArrowRight>menuitem:Provider[menu×1|f=menuitem:Provider|h=Provider]@18 ; c>menuitem:Codex[menu×2|f=menuitem:Codex|h=Codex]@332.3 ; Enter>menuitem:Claude[menu×2|f=menuitem:Claude|h=Claude]@638.1
chromium-dark-desktop › orbit-session sub-right-c-enter paced sample 1,orbit-session,submenu,sub-right-c-enter,sub-right-enter,paced,1,ArrowRight c Enter,Picked=claude | none | @button:Session actions,0,0,ArrowRight>menuitem:Provider[menu×1|f=menuitem:Provider|h=Provider]@12.2 ; c>menuitem:Codex[menu×2|f=menuitem:Codex|h=Codex]@331.9 ; Enter>menuitem:Claude[menu×2|f=menuitem:Claude|h=Claude]@644.2
chromium-dark-desktop › orbit-session sub-right-c-enter paced sample 2,orbit-session,submenu,sub-right-c-enter,sub-right-enter,paced,2,ArrowRight c Enter,Picked=claude | none | @button:Session actions,0,0,ArrowRight>menuitem:Provider[menu×1|f=menuitem:Provider|h=Provider]@6.7 ; c>menuitem:Codex[menu×2|f=menuitem:Codex|h=Codex]@330.3 ; Enter>menuitem:Claude[menu×2|f=menuitem:Claude|h=Claude]@634.7
chromium-dark-desktop › orbit-session sub-right-c-enter paced sample 3,orbit-session,submenu,sub-right-c-enter,sub-right-enter,paced,3,ArrowRight c Enter,Picked=claude | none | @button:Session actions,0,0,ArrowRight>menuitem:Provider[menu×1|f=menuitem:Provider|h=Provider]@14 ; c>menuitem:Codex[menu×2|f=menuitem:Codex|h=Codex]@337.1 ; Enter>menuitem:Claude[menu×2|f=menuitem:Claude|h=Claude]@642.9
chromium-dark-desktop › orbit-session sub-right-c-enter paced sample 4,orbit-session,submenu,sub-right-c-enter,sub-right-enter,paced,4,ArrowRight c Enter,Picked=claude | none | @button:Session actions,0,0,ArrowRight>menuitem:Provider[menu×1|f=menuitem:Provider|h=Provider]@15.1 ; c>menuitem:Codex[menu×2|f=menuitem:Codex|h=Codex]@339.1 ; Enter>menuitem:Claude[menu×2|f=menuitem:Claude|h=Claude]@644.8
chromium-dark-desktop › orbit-session sub-right-c-enter paced sample 5,orbit-session,submenu,sub-right-c-enter,sub-right-enter,paced,5,ArrowRight c Enter,Picked=claude | none | @button:Session actions,0,0,ArrowRight>menuitem:Provider[menu×1|f=menuitem:Provider|h=Provider]@11.1 ; c>menuitem:Codex[menu×2|f=menuitem:Codex|h=Codex]@333.9 ; Enter>menuitem:Claude[menu×2|f=menuitem:Claude|h=Claude]@640.8
chromium-dark-desktop › orbit-session sub-right-c-enter paced sample 6,orbit-session,submenu,sub-right-c-enter,sub-right-enter,paced,6,ArrowRight c Enter,Picked=claude | none | @button:Session actions,0,0,ArrowRight>menuitem:Provider[menu×1|f=menuitem:Provider|h=Provider]@13.2 ; c>menuitem:Codex[menu×2|f=menuitem:Codex|h=Codex]@340.3 ; Enter>menuitem:Claude[menu×2|f=menuitem:Claude|h=Claude]@647.3
chromium-dark-desktop › orbit-session sub-right-c-enter paced sample 7,orbit-session,submenu,sub-right-c-enter,sub-right-enter,paced,7,ArrowRight c Enter,Picked=claude | none | @button:Session actions,0,0,ArrowRight>menuitem:Provider[menu×1|f=menuitem:Provider|h=Provider]@17.7 ; c>menuitem:Codex[menu×2|f=menuitem:Codex|h=Codex]@345.3 ; Enter>menuitem:Claude[menu×2|f=menuitem:Claude|h=Claude]@651.7
chromium-dark-desktop › orbit-session sub-right-c-enter paced sample 8,orbit-session,submenu,sub-right-c-enter,sub-right-enter,paced,8,ArrowRight c Enter,Picked=claude | none | @button:Session actions,0,0,ArrowRight>menuitem:Provider[menu×1|f=menuitem:Provider|h=Provider]@6.5 ; c>menuitem:Codex[menu×2|f=menuitem:Codex|h=Codex]@330.4 ; Enter>menuitem:Claude[menu×2|f=menuitem:Claude|h=Claude]@637.7
chromium-dark-desktop › orbit-session sub-right-c-enter paced sample 9,orbit-session,submenu,sub-right-c-enter,sub-right-enter,paced,9,ArrowRight c Enter,Picked=claude | none | @button:Session actions,0,0,ArrowRight>menuitem:Provider[menu×1|f=menuitem:Provider|h=Provider]@16.6 ; c>menuitem:Codex[menu×2|f=menuitem:Codex|h=Codex]@340.1 ; Enter>menuitem:Claude[menu×2|f=menuitem:Claude|h=Claude]@647.2
chromium-dark-desktop › orbit-session sub-right-c-enter paced sample 10,orbit-session,submenu,sub-right-c-enter,sub-right-enter,paced,10,ArrowRight c Enter,Picked=claude | none | @button:Session actions,0,0,ArrowRight>menuitem:Provider[menu×1|f=menuitem:Provider|h=Provider]@4.3 ; c>menuitem:Codex[menu×2|f=menuitem:Codex|h=Codex]@321.9 ; Enter>menuitem:Claude[menu×2|f=menuitem:Claude|h=Claude]@627.9
chromium-dark-desktop › orbit-session sub-right-c-enter paced sample 11,orbit-session,submenu,sub-right-c-enter,sub-right-enter,paced,11,ArrowRight c Enter,Picked=claude | none | @button:Session actions,0,0,ArrowRight>menuitem:Provider[menu×1|f=menuitem:Provider|h=Provider]@19.4 ; c>menuitem:Codex[menu×2|f=menuitem:Codex|h=Codex]@350.6 ; Enter>menuitem:Claude[menu×2|f=menuitem:Claude|h=Claude]@657.1
chromium-dark-desktop › orbit-session sub-right-c-enter paced sample 12,orbit-session,submenu,sub-right-c-enter,sub-right-enter,paced,12,ArrowRight c Enter,Picked=claude | none | @button:Session actions,0,0,ArrowRight>menuitem:Provider[menu×1|f=menuitem:Provider|h=Provider]@3.9 ; c>menuitem:Codex[menu×2|f=menuitem:Codex|h=Codex]@319.8 ; Enter>menuitem:Claude[menu×2|f=menuitem:Claude|h=Claude]@625.6
chromium-dark-desktop › orbit-session sub-right-c-enter paced sample 13,orbit-session,submenu,sub-right-c-enter,sub-right-enter,paced,13,ArrowRight c Enter,Picked=claude | none | @button:Session actions,0,0,ArrowRight>menuitem:Provider[menu×1|f=menuitem:Provider|h=Provider]@9.7 ; c>menuitem:Codex[menu×2|f=menuitem:Codex|h=Codex]@340.5 ; Enter>menuitem:Claude[menu×2|f=menuitem:Claude|h=Claude]@648
chromium-dark-desktop › orbit-session sub-right-c-enter paced sample 14,orbit-session,submenu,sub-right-c-enter,sub-right-enter,paced,14,ArrowRight c Enter,Picked=claude | none | @button:Session actions,0,0,ArrowRight>menuitem:Provider[menu×1|f=menuitem:Provider|h=Provider]@14.2 ; c>menuitem:Codex[menu×2|f=menuitem:Codex|h=Codex]@340.5 ; Enter>menuitem:Claude[menu×2|f=menuitem:Claude|h=Claude]@653.5
chromium-dark-desktop › orbit-session sub-right-c-enter paced sample 15,orbit-session,submenu,sub-right-c-enter,sub-right-enter,paced,15,ArrowRight c Enter,Picked=claude | none | @button:Session actions,0,0,ArrowRight>menuitem:Provider[menu×1|f=menuitem:Provider|h=Provider]@10.8 ; c>menuitem:Codex[menu×2|f=menuitem:Codex|h=Codex]@336.2 ; Enter>menuitem:Claude[menu×2|f=menuitem:Claude|h=Claude]@643.9
chromium-dark-desktop › orbit-session sub-right-c-enter paced sample 16,orbit-session,submenu,sub-right-c-enter,sub-right-enter,paced,16,ArrowRight c Enter,Picked=claude | none | @button:Session actions,0,0,ArrowRight>menuitem:Provider[menu×1|f=menuitem:Provider|h=Provider]@17 ; c>menuitem:Codex[menu×2|f=menuitem:Codex|h=Codex]@340.7 ; Enter>menuitem:Claude[menu×2|f=menuitem:Claude|h=Claude]@648.9
chromium-dark-desktop › orbit-session sub-right-c-enter paced sample 17,orbit-session,submenu,sub-right-c-enter,sub-right-enter,paced,17,ArrowRight c Enter,Picked=claude | none | @button:Session actions,0,0,ArrowRight>menuitem:Provider[menu×1|f=menuitem:Provider|h=Provider]@14.2 ; c>menuitem:Codex[menu×2|f=menuitem:Codex|h=Codex]@341.5 ; Enter>menuitem:Claude[menu×2|f=menuitem:Claude|h=Claude]@649.8
chromium-dark-desktop › orbit-session sub-right-c-enter paced sample 18,orbit-session,submenu,sub-right-c-enter,sub-right-enter,paced,18,ArrowRight c Enter,Picked=claude | none | @button:Session actions,0,0,ArrowRight>menuitem:Provider[menu×1|f=menuitem:Provider|h=Provider]@17.7 ; c>menuitem:Codex[menu×2|f=menuitem:Codex|h=Codex]@345.5 ; Enter>menuitem:Claude[menu×2|f=menuitem:Claude|h=Claude]@652.7
chromium-dark-desktop › orbit-session sub-right-c-enter paced sample 19,orbit-session,submenu,sub-right-c-enter,sub-right-enter,paced,19,ArrowRight c Enter,Picked=claude | none | @button:Session actions,0,0,ArrowRight>menuitem:Provider[menu×1|f=menuitem:Provider|h=Provider]@4.4 ; c>menuitem:Codex[menu×2|f=menuitem:Codex|h=Codex]@326.7 ; Enter>menuitem:Claude[menu×2|f=menuitem:Claude|h=Claude]@632.2
chromium-dark-desktop › antd-session sub-right-c-enter burst sample 0,antd-session,submenu,sub-right-c-enter,sub-right-enter,burst,0,ArrowRight c Enter,none | menu×2 | @menuitem:Codex,0,0,ArrowRight>menuitem:Provider[menu×1|f=menuitem:Provider|h=None]@10.6 ; c>menuitem:Provider[menu×1|f=menuitem:Provider|h=None]@15.4 ; Enter>menuitem:Provider[menu×1|f=menuitem:Provider|h=None]@15.5
chromium-dark-desktop › antd-session sub-right-c-enter burst sample 1,antd-session,submenu,sub-right-c-enter,sub-right-enter,burst,1,ArrowRight c Enter,none | menu×2 | @menuitem:Codex,0,0,ArrowRight>menuitem:Provider[menu×1|f=menuitem:Provider|h=None]@10.1 ; c>menuitem:Provider[menu×1|f=menuitem:Provider|h=None]@14.2 ; Enter>menuitem:Provider[menu×1|f=menuitem:Provider|h=None]@14.3
chromium-dark-desktop › antd-session sub-right-c-enter burst sample 2,antd-session,submenu,sub-right-c-enter,sub-right-enter,burst,2,ArrowRight c Enter,none | menu×2 | @menuitem:Codex,0,0,ArrowRight>menuitem:Provider[menu×1|f=menuitem:Provider|h=None]@13.7 ; c>menuitem:Provider[menu×1|f=menuitem:Provider|h=None]@17.8 ; Enter>menuitem:Provider[menu×1|f=menuitem:Provider|h=None]@17.9
chromium-dark-desktop › antd-session sub-right-c-enter burst sample 3,antd-session,submenu,sub-right-c-enter,sub-right-enter,burst,3,ArrowRight c Enter,none | menu×2 | @menuitem:Codex,0,0,ArrowRight>menuitem:Provider[menu×1|f=menuitem:Provider|h=None]@5.5 ; c>menuitem:Provider[menu×1|f=menuitem:Provider|h=None]@9.7 ; Enter>menuitem:Provider[menu×1|f=menuitem:Provider|h=None]@9.9
chromium-dark-desktop › antd-session sub-right-c-enter burst sample 4,antd-session,submenu,sub-right-c-enter,sub-right-enter,burst,4,ArrowRight c Enter,none | menu×2 | @menuitem:Codex,0,0,ArrowRight>menuitem:Provider[menu×1|f=menuitem:Provider|h=None]@7.8 ; c>menuitem:Provider[menu×1|f=menuitem:Provider|h=None]@12.4 ; Enter>menuitem:Provider[menu×1|f=menuitem:Provider|h=None]@12.6
chromium-dark-desktop › antd-session sub-right-c-enter burst sample 5,antd-session,submenu,sub-right-c-enter,sub-right-enter,burst,5,ArrowRight c Enter,none | menu×2 | @menuitem:Codex,0,0,ArrowRight>menuitem:Provider[menu×1|f=menuitem:Provider|h=None]@6.6 ; c>menuitem:Provider[menu×1|f=menuitem:Provider|h=None]@11.2 ; Enter>menuitem:Provider[menu×1|f=menuitem:Provider|h=None]@11.3
chromium-dark-desktop › antd-session sub-right-c-enter burst sample 6,antd-session,submenu,sub-right-c-enter,sub-right-enter,burst,6,ArrowRight c Enter,none | menu×2 | @menuitem:Codex,0,0,ArrowRight>menuitem:Provider[menu×1|f=menuitem:Provider|h=None]@14.8 ; c>menuitem:Provider[menu×1|f=menuitem:Provider|h=None]@19 ; Enter>menuitem:Provider[menu×1|f=menuitem:Provider|h=None]@19.2
chromium-dark-desktop › antd-session sub-right-c-enter burst sample 7,antd-session,submenu,sub-right-c-enter,sub-right-enter,burst,7,ArrowRight c Enter,none | menu×2 | @menuitem:Codex,0,0,ArrowRight>menuitem:Provider[menu×1|f=menuitem:Provider|h=None]@11.5 ; c>menuitem:Provider[menu×1|f=menuitem:Provider|h=None]@22.4 ; Enter>menuitem:Provider[menu×1|f=menuitem:Provider|h=None]@23.7
chromium-dark-desktop › antd-session sub-right-c-enter burst sample 8,antd-session,submenu,sub-right-c-enter,sub-right-enter,burst,8,ArrowRight c Enter,none | menu×2 | @menuitem:Codex,0,0,ArrowRight>menuitem:Provider[menu×1|f=menuitem:Provider|h=None]@17.7 ; c>menuitem:Provider[menu×1|f=menuitem:Provider|h=None]@22.2 ; Enter>menuitem:Provider[menu×1|f=menuitem:Provider|h=None]@22.3
chromium-dark-desktop › antd-session sub-right-c-enter burst sample 9,antd-session,submenu,sub-right-c-enter,sub-right-enter,burst,9,ArrowRight c Enter,none | menu×2 | @menuitem:Codex,0,0,ArrowRight>menuitem:Provider[menu×1|f=menuitem:Provider|h=None]@3.8 ; c>menuitem:Provider[menu×1|f=menuitem:Provider|h=None]@7.7 ; Enter>menuitem:Provider[menu×1|f=menuitem:Provider|h=None]@7.7
chromium-dark-desktop › antd-session sub-right-c-enter burst sample 10,antd-session,submenu,sub-right-c-enter,sub-right-enter,burst,10,ArrowRight c Enter,none | menu×2 | @menuitem:Codex,0,0,ArrowRight>menuitem:Provider[menu×1|f=menuitem:Provider|h=None]@14.9 ; c>menuitem:Provider[menu×1|f=menuitem:Provider|h=None]@18.8 ; Enter>menuitem:Provider[menu×1|f=menuitem:Provider|h=None]@18.9
chromium-dark-desktop › antd-session sub-right-c-enter burst sample 11,antd-session,submenu,sub-right-c-enter,sub-right-enter,burst,11,ArrowRight c Enter,none | menu×2 | @menuitem:Codex,0,0,ArrowRight>menuitem:Provider[menu×1|f=menuitem:Provider|h=None]@10.9 ; c>menuitem:Provider[menu×1|f=menuitem:Provider|h=None]@14.9 ; Enter>menuitem:Provider[menu×1|f=menuitem:Provider|h=None]@15
chromium-dark-desktop › antd-session sub-right-c-enter burst sample 12,antd-session,submenu,sub-right-c-enter,sub-right-enter,burst,12,ArrowRight c Enter,none | menu×2 | @menuitem:Codex,0,0,ArrowRight>menuitem:Provider[menu×1|f=menuitem:Provider|h=None]@19.5 ; c>menuitem:Provider[menu×1|f=menuitem:Provider|h=None]@23.7 ; Enter>menuitem:Provider[menu×1|f=menuitem:Provider|h=None]@23.8
chromium-dark-desktop › antd-session sub-right-c-enter burst sample 13,antd-session,submenu,sub-right-c-enter,sub-right-enter,burst,13,ArrowRight c Enter,none | menu×2 | @menuitem:Codex,0,0,ArrowRight>menuitem:Provider[menu×1|f=menuitem:Provider|h=None]@17 ; c>menuitem:Provider[menu×1|f=menuitem:Provider|h=None]@21.3 ; Enter>menuitem:Provider[menu×1|f=menuitem:Provider|h=None]@21.4
chromium-dark-desktop › antd-session sub-right-c-enter burst sample 14,antd-session,submenu,sub-right-c-enter,sub-right-enter,burst,14,ArrowRight c Enter,none | menu×2 | @menuitem:Codex,0,0,ArrowRight>menuitem:Provider[menu×1|f=menuitem:Provider|h=None]@20.3 ; c>menuitem:Provider[menu×1|f=menuitem:Provider|h=None]@24.3 ; Enter>menuitem:Provider[menu×1|f=menuitem:Provider|h=None]@24.5
chromium-dark-desktop › antd-session sub-right-c-enter burst sample 15,antd-session,submenu,sub-right-c-enter,sub-right-enter,burst,15,ArrowRight c Enter,none | menu×2 | @menuitem:Codex,0,0,ArrowRight>menuitem:Provider[menu×1|f=menuitem:Provider|h=None]@13.5 ; c>menuitem:Provider[menu×1|f=menuitem:Provider|h=None]@19.6 ; Enter>menuitem:Provider[menu×1|f=menuitem:Provider|h=None]@19.6
chromium-dark-desktop › antd-session sub-right-c-enter burst sample 16,antd-session,submenu,sub-right-c-enter,sub-right-enter,burst,16,ArrowRight c Enter,none | menu×2 | @menuitem:Codex,0,0,ArrowRight>menuitem:Provider[menu×1|f=menuitem:Provider|h=None]@17.3 ; c>menuitem:Provider[menu×1|f=menuitem:Provider|h=None]@20.3 ; Enter>menuitem:Provider[menu×1|f=menuitem:Provider|h=None]@20.4
chromium-dark-desktop › antd-session sub-right-c-enter burst sample 17,antd-session,submenu,sub-right-c-enter,sub-right-enter,burst,17,ArrowRight c Enter,none | menu×2 | @menuitem:Codex,0,0,ArrowRight>menuitem:Provider[menu×1|f=menuitem:Provider|h=None]@8 ; c>menuitem:Provider[menu×1|f=menuitem:Provider|h=None]@12.4 ; Enter>menuitem:Provider[menu×1|f=menuitem:Provider|h=None]@12.6
chromium-dark-desktop › antd-session sub-right-c-enter burst sample 18,antd-session,submenu,sub-right-c-enter,sub-right-enter,burst,18,ArrowRight c Enter,none | menu×2 | @menuitem:Codex,0,0,ArrowRight>menuitem:Provider[menu×1|f=menuitem:Provider|h=None]@4.5 ; c>menuitem:Provider[menu×1|f=menuitem:Provider|h=None]@8.8 ; Enter>menuitem:Provider[menu×1|f=menuitem:Provider|h=None]@8.9
chromium-dark-desktop › antd-session sub-right-c-enter burst sample 19,antd-session,submenu,sub-right-c-enter,sub-right-enter,burst,19,ArrowRight c Enter,none | menu×2 | @menuitem:Codex,0,0,ArrowRight>menuitem:Provider[menu×1|f=menuitem:Provider|h=None]@16 ; c>menuitem:Provider[menu×1|f=menuitem:Provider|h=None]@20.6 ; Enter>menuitem:Provider[menu×1|f=menuitem:Provider|h=None]@20.8
chromium-dark-desktop › antd-session sub-right-c-enter paced sample 0,antd-session,submenu,sub-right-c-enter,sub-right-enter,paced,0,ArrowRight c Enter,Picked=codex | menu×1 | @menuitem:Codex,0,0,ArrowRight>menuitem:Provider[menu×1|f=menuitem:Provider|h=None]@6.1 ; c>menuitem:Codex[menu×2|f=menuitem:Codex|h=None]@314.1 ; Enter>menuitem:Codex[menu×2|f=menuitem:Codex|h=None]@617.8
chromium-dark-desktop › antd-session sub-right-c-enter paced sample 1,antd-session,submenu,sub-right-c-enter,sub-right-enter,paced,1,ArrowRight c Enter,Picked=codex | menu×1 | @menuitem:Codex,0,0,ArrowRight>menuitem:Provider[menu×1|f=menuitem:Provider|h=None]@10.3 ; c>menuitem:Codex[menu×2|f=menuitem:Codex|h=None]@319.6 ; Enter>menuitem:Codex[menu×2|f=menuitem:Codex|h=None]@622.9
chromium-dark-desktop › antd-session sub-right-c-enter paced sample 2,antd-session,submenu,sub-right-c-enter,sub-right-enter,paced,2,ArrowRight c Enter,Picked=codex | menu×1 | @menuitem:Codex,0,0,ArrowRight>menuitem:Provider[menu×1|f=menuitem:Provider|h=None]@16.8 ; c>menuitem:Codex[menu×2|f=menuitem:Codex|h=None]@325.3 ; Enter>menuitem:Codex[menu×2|f=menuitem:Codex|h=None]@629.3
chromium-dark-desktop › antd-session sub-right-c-enter paced sample 3,antd-session,submenu,sub-right-c-enter,sub-right-enter,paced,3,ArrowRight c Enter,Picked=codex | menu×1 | @menuitem:Codex,0,0,ArrowRight>menuitem:Provider[menu×1|f=menuitem:Provider|h=None]@20.3 ; c>menuitem:Codex[menu×2|f=menuitem:Codex|h=None]@327.7 ; Enter>menuitem:Codex[menu×2|f=menuitem:Codex|h=None]@631.6
chromium-dark-desktop › antd-session sub-right-c-enter paced sample 4,antd-session,submenu,sub-right-c-enter,sub-right-enter,paced,4,ArrowRight c Enter,Picked=codex | menu×1 | @menuitem:Codex,0,0,ArrowRight>menuitem:Provider[menu×1|f=menuitem:Provider|h=None]@9.5 ; c>menuitem:Codex[menu×2|f=menuitem:Codex|h=None]@316.9 ; Enter>menuitem:Codex[menu×2|f=menuitem:Codex|h=None]@621.2
chromium-dark-desktop › antd-session sub-right-c-enter paced sample 5,antd-session,submenu,sub-right-c-enter,sub-right-enter,paced,5,ArrowRight c Enter,Picked=codex | menu×1 | @menuitem:Codex,0,0,ArrowRight>menuitem:Provider[menu×1|f=menuitem:Provider|h=None]@19.3 ; c>menuitem:Codex[menu×2|f=menuitem:Codex|h=None]@327.1 ; Enter>menuitem:Codex[menu×2|f=menuitem:Codex|h=None]@632
chromium-dark-desktop › antd-session sub-right-c-enter paced sample 6,antd-session,submenu,sub-right-c-enter,sub-right-enter,paced,6,ArrowRight c Enter,Picked=codex | menu×1 | @menuitem:Codex,0,0,ArrowRight>menuitem:Provider[menu×1|f=menuitem:Provider|h=None]@15.1 ; c>menuitem:Codex[menu×2|f=menuitem:Codex|h=None]@322.8 ; Enter>menuitem:Codex[menu×2|f=menuitem:Codex|h=None]@628.2
chromium-dark-desktop › antd-session sub-right-c-enter paced sample 7,antd-session,submenu,sub-right-c-enter,sub-right-enter,paced,7,ArrowRight c Enter,Picked=codex | menu×1 | @menuitem:Codex,0,0,ArrowRight>menuitem:Provider[menu×1|f=menuitem:Provider|h=None]@14.6 ; c>menuitem:Codex[menu×2|f=menuitem:Codex|h=None]@322.2 ; Enter>menuitem:Codex[menu×2|f=menuitem:Codex|h=None]@626.6
chromium-dark-desktop › antd-session sub-right-c-enter paced sample 8,antd-session,submenu,sub-right-c-enter,sub-right-enter,paced,8,ArrowRight c Enter,Picked=codex | menu×1 | @menuitem:Codex,0,0,ArrowRight>menuitem:Provider[menu×1|f=menuitem:Provider|h=None]@12.8 ; c>menuitem:Codex[menu×2|f=menuitem:Codex|h=None]@320.4 ; Enter>menuitem:Codex[menu×2|f=menuitem:Codex|h=None]@625.6
chromium-dark-desktop › antd-session sub-right-c-enter paced sample 9,antd-session,submenu,sub-right-c-enter,sub-right-enter,paced,9,ArrowRight c Enter,Picked=codex | menu×1 | @menuitem:Codex,0,0,ArrowRight>menuitem:Provider[menu×1|f=menuitem:Provider|h=None]@6.1 ; c>menuitem:Codex[menu×2|f=menuitem:Codex|h=None]@313.5 ; Enter>menuitem:Codex[menu×2|f=menuitem:Codex|h=None]@617.5
chromium-dark-desktop › antd-session sub-right-c-enter paced sample 10,antd-session,submenu,sub-right-c-enter,sub-right-enter,paced,10,ArrowRight c Enter,Picked=codex | menu×1 | @menuitem:Codex,0,0,ArrowRight>menuitem:Provider[menu×1|f=menuitem:Provider|h=None]@3.6 ; c>menuitem:Codex[menu×2|f=menuitem:Codex|h=None]@311 ; Enter>menuitem:Codex[menu×2|f=menuitem:Codex|h=None]@614.7
chromium-dark-desktop › antd-session sub-right-c-enter paced sample 11,antd-session,submenu,sub-right-c-enter,sub-right-enter,paced,11,ArrowRight c Enter,Picked=codex | menu×1 | @menuitem:Codex,0,0,ArrowRight>menuitem:Provider[menu×1|f=menuitem:Provider|h=None]@6.8 ; c>menuitem:Codex[menu×2|f=menuitem:Codex|h=None]@313.6 ; Enter>menuitem:Codex[menu×2|f=menuitem:Codex|h=None]@617.2
chromium-dark-desktop › antd-session sub-right-c-enter paced sample 12,antd-session,submenu,sub-right-c-enter,sub-right-enter,paced,12,ArrowRight c Enter,Picked=codex | menu×1 | @menuitem:Codex,0,0,ArrowRight>menuitem:Provider[menu×1|f=menuitem:Provider|h=None]@10.5 ; c>menuitem:Codex[menu×2|f=menuitem:Codex|h=None]@317.1 ; Enter>menuitem:Codex[menu×2|f=menuitem:Codex|h=None]@620.1
chromium-dark-desktop › antd-session sub-right-c-enter paced sample 13,antd-session,submenu,sub-right-c-enter,sub-right-enter,paced,13,ArrowRight c Enter,Picked=codex | menu×1 | @menuitem:Codex,0,0,ArrowRight>menuitem:Provider[menu×1|f=menuitem:Provider|h=None]@11.9 ; c>menuitem:Codex[menu×2|f=menuitem:Codex|h=None]@318.7 ; Enter>menuitem:Codex[menu×2|f=menuitem:Codex|h=None]@621.6
chromium-dark-desktop › antd-session sub-right-c-enter paced sample 14,antd-session,submenu,sub-right-c-enter,sub-right-enter,paced,14,ArrowRight c Enter,Picked=codex | menu×1 | @menuitem:Codex,0,0,ArrowRight>menuitem:Provider[menu×1|f=menuitem:Provider|h=None]@7.9 ; c>menuitem:Codex[menu×2|f=menuitem:Codex|h=None]@315.1 ; Enter>menuitem:Codex[menu×2|f=menuitem:Codex|h=None]@619.3
chromium-dark-desktop › antd-session sub-right-c-enter paced sample 15,antd-session,submenu,sub-right-c-enter,sub-right-enter,paced,15,ArrowRight c Enter,Picked=codex | menu×1 | @menuitem:Codex,0,0,ArrowRight>menuitem:Provider[menu×1|f=menuitem:Provider|h=None]@6.7 ; c>menuitem:Codex[menu×2|f=menuitem:Codex|h=None]@312.9 ; Enter>menuitem:Codex[menu×2|f=menuitem:Codex|h=None]@616.4
chromium-dark-desktop › antd-session sub-right-c-enter paced sample 16,antd-session,submenu,sub-right-c-enter,sub-right-enter,paced,16,ArrowRight c Enter,Picked=codex | menu×1 | @menuitem:Codex,0,0,ArrowRight>menuitem:Provider[menu×1|f=menuitem:Provider|h=None]@13.3 ; c>menuitem:Codex[menu×2|f=menuitem:Codex|h=None]@322.4 ; Enter>menuitem:Codex[menu×2|f=menuitem:Codex|h=None]@626.6
chromium-dark-desktop › antd-session sub-right-c-enter paced sample 17,antd-session,submenu,sub-right-c-enter,sub-right-enter,paced,17,ArrowRight c Enter,Picked=codex | menu×1 | @menuitem:Codex,0,0,ArrowRight>menuitem:Provider[menu×1|f=menuitem:Provider|h=None]@20.7 ; c>menuitem:Codex[menu×2|f=menuitem:Codex|h=None]@327.3 ; Enter>menuitem:Codex[menu×2|f=menuitem:Codex|h=None]@631.4
chromium-dark-desktop › antd-session sub-right-c-enter paced sample 18,antd-session,submenu,sub-right-c-enter,sub-right-enter,paced,18,ArrowRight c Enter,Picked=codex | menu×1 | @menuitem:Codex,0,0,ArrowRight>menuitem:Provider[menu×1|f=menuitem:Provider|h=None]@5.8 ; c>menuitem:Codex[menu×2|f=menuitem:Codex|h=None]@312.3 ; Enter>menuitem:Codex[menu×2|f=menuitem:Codex|h=None]@616.2
chromium-dark-desktop › antd-session sub-right-c-enter paced sample 19,antd-session,submenu,sub-right-c-enter,sub-right-enter,paced,19,ArrowRight c Enter,Picked=codex | menu×1 | @menuitem:Codex,0,0,ArrowRight>menuitem:Provider[menu×1|f=menuitem:Provider|h=None]@5.1 ; c>menuitem:Codex[menu×2|f=menuitem:Codex|h=None]@312.9 ; Enter>menuitem:Codex[menu×2|f=menuitem:Codex|h=None]@616.9
