test,target,kind,sequence,control,mode,run,keys,result,window,handoff,keylog
chromium-dark-desktop › orbit-field down-down-enter burst sample 0,orbit-field,select-keys,down-down-enter,,burst,0,ArrowDown ArrowDown Enter,7 | list closed | @combobox:Expires,1,1,ArrowDown>combobox:Expires[None|f=None|h=None]@59.3 ; ArrowDown>combobox:Expires[None|f=None|h=Never]@82.8 ; ArrowDown*>option:Never[None|f=None|h=Never]@83.4 ; Enter>option:7 days[None|f=None|h=7 days]@85.4
chromium-dark-desktop › orbit-field down-down-enter burst sample 1,orbit-field,select-keys,down-down-enter,,burst,1,ArrowDown ArrowDown Enter,7 | list closed | @combobox:Expires,1,1,ArrowDown>combobox:Expires[None|f=None|h=None]@57.4 ; ArrowDown>combobox:Expires[None|f=None|h=Never]@76.7 ; ArrowDown*>option:Never[None|f=None|h=Never]@77.5 ; Enter>option:7 days[None|f=None|h=7 days]@79.6
chromium-dark-desktop › orbit-field down-down-enter burst sample 2,orbit-field,select-keys,down-down-enter,,burst,2,ArrowDown ArrowDown Enter,7 | list closed | @combobox:Expires,1,1,ArrowDown>combobox:Expires[None|f=None|h=None]@45.9 ; ArrowDown>combobox:Expires[None|f=None|h=Never]@67.2 ; ArrowDown*>option:Never[None|f=None|h=Never]@67.8 ; Enter>option:7 days[None|f=None|h=7 days]@69.5
chromium-dark-desktop › orbit-field down-down-enter burst sample 3,orbit-field,select-keys,down-down-enter,,burst,3,ArrowDown ArrowDown Enter,7 | list closed | @combobox:Expires,1,1,ArrowDown>combobox:Expires[None|f=None|h=None]@35.3 ; ArrowDown>combobox:Expires[None|f=None|h=Never]@49.4 ; ArrowDown*>option:Never[None|f=None|h=Never]@49.8 ; Enter>option:7 days[None|f=None|h=7 days]@51.1
chromium-dark-desktop › orbit-field down-down-enter burst sample 4,orbit-field,select-keys,down-down-enter,,burst,4,ArrowDown ArrowDown Enter,7 | list closed | @combobox:Expires,1,1,ArrowDown>combobox:Expires[None|f=None|h=None]@54.3 ; ArrowDown>combobox:Expires[None|f=None|h=Never]@72.8 ; ArrowDown*>option:Never[None|f=None|h=Never]@73.3 ; Enter>option:7 days[None|f=None|h=7 days]@75
chromium-dark-desktop › orbit-field down-down-enter burst sample 5,orbit-field,select-keys,down-down-enter,,burst,5,ArrowDown ArrowDown Enter,7 | list closed | @combobox:Expires,1,1,ArrowDown>combobox:Expires[None|f=None|h=None]@48.7 ; ArrowDown>combobox:Expires[None|f=None|h=Never]@71.8 ; ArrowDown*>option:Never[None|f=None|h=Never]@72.4 ; Enter>option:7 days[None|f=None|h=7 days]@74.6
chromium-dark-desktop › orbit-field down-down-enter burst sample 6,orbit-field,select-keys,down-down-enter,,burst,6,ArrowDown ArrowDown Enter,7 | list closed | @combobox:Expires,1,1,ArrowDown>combobox:Expires[None|f=None|h=None]@43.2 ; ArrowDown>combobox:Expires[None|f=None|h=Never]@65.1 ; ArrowDown*>option:Never[None|f=None|h=Never]@65.8 ; Enter>option:7 days[None|f=None|h=7 days]@67.8
chromium-dark-desktop › orbit-field down-down-enter burst sample 7,orbit-field,select-keys,down-down-enter,,burst,7,ArrowDown ArrowDown Enter,7 | list closed | @combobox:Expires,1,1,ArrowDown>combobox:Expires[None|f=None|h=None]@46.5 ; ArrowDown>combobox:Expires[None|f=None|h=Never]@64.4 ; ArrowDown*>option:Never[None|f=None|h=Never]@64.9 ; Enter>option:7 days[None|f=None|h=7 days]@66.6
chromium-dark-desktop › orbit-field down-down-enter burst sample 8,orbit-field,select-keys,down-down-enter,,burst,8,ArrowDown ArrowDown Enter,7 | list closed | @combobox:Expires,1,1,ArrowDown>combobox:Expires[None|f=None|h=None]@44.7 ; ArrowDown>combobox:Expires[None|f=None|h=Never]@64.9 ; ArrowDown*>option:Never[None|f=None|h=Never]@65.6 ; Enter>option:7 days[None|f=None|h=7 days]@67.4
chromium-dark-desktop › orbit-field down-down-enter burst sample 9,orbit-field,select-keys,down-down-enter,,burst,9,ArrowDown ArrowDown Enter,7 | list closed | @combobox:Expires,1,1,ArrowDown>combobox:Expires[None|f=None|h=None]@34.7 ; ArrowDown>combobox:Expires[None|f=None|h=Never]@49.4 ; ArrowDown*>option:Never[None|f=None|h=Never]@49.8 ; Enter>option:7 days[None|f=None|h=7 days]@51
chromium-dark-desktop › orbit-field down-down-enter burst sample 10,orbit-field,select-keys,down-down-enter,,burst,10,ArrowDown ArrowDown Enter,7 | list closed | @combobox:Expires,1,1,ArrowDown>combobox:Expires[None|f=None|h=None]@53.1 ; ArrowDown>combobox:Expires[None|f=None|h=Never]@78.2 ; ArrowDown*>option:Never[None|f=None|h=Never]@79.2 ; Enter>option:7 days[None|f=None|h=7 days]@82.2
chromium-dark-desktop › orbit-field down-down-enter burst sample 11,orbit-field,select-keys,down-down-enter,,burst,11,ArrowDown ArrowDown Enter,7 | list closed | @combobox:Expires,1,1,ArrowDown>combobox:Expires[None|f=None|h=None]@64.2 ; ArrowDown>combobox:Expires[None|f=None|h=Never]@83.4 ; ArrowDown*>option:Never[None|f=None|h=Never]@84 ; Enter>option:7 days[None|f=None|h=7 days]@85.8
chromium-dark-desktop › orbit-field down-down-enter burst sample 12,orbit-field,select-keys,down-down-enter,,burst,12,ArrowDown ArrowDown Enter,7 | list closed | @combobox:Expires,1,1,ArrowDown>combobox:Expires[None|f=None|h=None]@44 ; ArrowDown>combobox:Expires[None|f=None|h=Never]@68.9 ; ArrowDown*>option:Never[None|f=None|h=Never]@69.6 ; Enter>option:7 days[None|f=None|h=7 days]@72
chromium-dark-desktop › orbit-field down-down-enter burst sample 13,orbit-field,select-keys,down-down-enter,,burst,13,ArrowDown ArrowDown Enter,7 | list closed | @combobox:Expires,1,1,ArrowDown>combobox:Expires[None|f=None|h=None]@59 ; ArrowDown>combobox:Expires[None|f=None|h=Never]@88.2 ; ArrowDown*>option:Never[None|f=None|h=Never]@89.4 ; Enter>option:7 days[None|f=None|h=7 days]@96.9
chromium-dark-desktop › orbit-field down-down-enter burst sample 14,orbit-field,select-keys,down-down-enter,,burst,14,ArrowDown ArrowDown Enter,7 | list closed | @combobox:Expires,1,1,ArrowDown>combobox:Expires[None|f=None|h=None]@86.3 ; ArrowDown>combobox:Expires[None|f=None|h=Never]@112.5 ; ArrowDown*>option:Never[None|f=None|h=Never]@113.8 ; Enter>option:7 days[None|f=None|h=7 days]@116.8
chromium-dark-desktop › orbit-field down-down-enter burst sample 15,orbit-field,select-keys,down-down-enter,,burst,15,ArrowDown ArrowDown Enter,7 | list closed | @combobox:Expires,1,1,ArrowDown>combobox:Expires[None|f=None|h=None]@56.5 ; ArrowDown>combobox:Expires[None|f=None|h=Never]@76.3 ; ArrowDown*>option:Never[None|f=None|h=Never]@76.9 ; Enter>option:7 days[None|f=None|h=7 days]@79.1
chromium-dark-desktop › orbit-field down-down-enter burst sample 16,orbit-field,select-keys,down-down-enter,,burst,16,ArrowDown ArrowDown Enter,7 | list closed | @combobox:Expires,1,1,ArrowDown>combobox:Expires[None|f=None|h=None]@52.5 ; ArrowDown>combobox:Expires[None|f=None|h=Never]@67.7 ; ArrowDown*>option:Never[None|f=None|h=Never]@68.1 ; Enter>option:7 days[None|f=None|h=7 days]@69.4
chromium-dark-desktop › orbit-field down-down-enter burst sample 17,orbit-field,select-keys,down-down-enter,,burst,17,ArrowDown ArrowDown Enter,7 | list closed | @combobox:Expires,1,1,ArrowDown>combobox:Expires[None|f=None|h=None]@38.9 ; ArrowDown>combobox:Expires[None|f=None|h=Never]@56.8 ; ArrowDown*>option:Never[None|f=None|h=Never]@57.3 ; Enter>option:7 days[None|f=None|h=7 days]@59
chromium-dark-desktop › orbit-field down-down-enter burst sample 18,orbit-field,select-keys,down-down-enter,,burst,18,ArrowDown ArrowDown Enter,7 | list closed | @combobox:Expires,1,1,ArrowDown>combobox:Expires[None|f=None|h=None]@54.8 ; ArrowDown>combobox:Expires[None|f=None|h=Never]@75.4 ; ArrowDown*>option:Never[None|f=None|h=Never]@76 ; Enter>option:7 days[None|f=None|h=7 days]@77.7
chromium-dark-desktop › orbit-field down-down-enter burst sample 19,orbit-field,select-keys,down-down-enter,,burst,19,ArrowDown ArrowDown Enter,7 | list closed | @combobox:Expires,1,1,ArrowDown>combobox:Expires[None|f=None|h=None]@40.4 ; ArrowDown>combobox:Expires[None|f=None|h=Never]@55.1 ; ArrowDown*>option:Never[None|f=None|h=Never]@55.6 ; Enter>option:7 days[None|f=None|h=7 days]@56.9
chromium-dark-desktop › orbit-field down-down-enter paced sample 0,orbit-field,select-keys,down-down-enter,,paced,0,ArrowDown ArrowDown Enter,7 | list closed | @combobox:Expires,0,0,ArrowDown>combobox:Expires[None|f=None|h=None]@41.2 ; ArrowDown>option:Never[None|f=None|h=Never]@367.1 ; Enter>option:7 days[None|f=None|h=7 days]@676.4
chromium-dark-desktop › orbit-field down-down-enter paced sample 1,orbit-field,select-keys,down-down-enter,,paced,1,ArrowDown ArrowDown Enter,7 | list closed | @combobox:Expires,0,0,ArrowDown>combobox:Expires[None|f=None|h=None]@52.7 ; ArrowDown>option:Never[None|f=None|h=Never]@378.5 ; Enter>option:7 days[None|f=None|h=7 days]@685.9
chromium-dark-desktop › orbit-field down-down-enter paced sample 2,orbit-field,select-keys,down-down-enter,,paced,2,ArrowDown ArrowDown Enter,7 | list closed | @combobox:Expires,0,0,ArrowDown>combobox:Expires[None|f=None|h=None]@43.6 ; ArrowDown>option:Never[None|f=None|h=Never]@375.2 ; Enter>option:7 days[None|f=None|h=7 days]@684.6
chromium-dark-desktop › orbit-sample down-down-enter burst sample 0,orbit-sample,select-keys,down-down-enter,,burst,0,ArrowDown ArrowDown Enter,7 days | list closed | @combobox:Sample choice,1,1,ArrowDown>combobox:Sample choice[None|f=None|h=None]@47 ; ArrowDown>combobox:Sample choice[None|f=None|h=Never]@69.1 ; ArrowDown*>option:Never[None|f=None|h=Never]@69.7 ; Enter>option:7 days[None|f=None|h=7 days]@71.6
chromium-dark-desktop › orbit-sample down-down-enter burst sample 1,orbit-sample,select-keys,down-down-enter,,burst,1,ArrowDown ArrowDown Enter,7 days | list closed | @combobox:Sample choice,1,1,ArrowDown>combobox:Sample choice[None|f=None|h=None]@36.1 ; ArrowDown>combobox:Sample choice[None|f=None|h=Never]@52.4 ; ArrowDown*>option:Never[None|f=None|h=Never]@52.9 ; Enter>option:7 days[None|f=None|h=7 days]@54.5
chromium-dark-desktop › orbit-sample down-down-enter burst sample 2,orbit-sample,select-keys,down-down-enter,,burst,2,ArrowDown ArrowDown Enter,7 days | list closed | @combobox:Sample choice,1,1,ArrowDown>combobox:Sample choice[None|f=None|h=None]@52.4 ; ArrowDown>combobox:Sample choice[None|f=None|h=Never]@70.6 ; ArrowDown*>option:Never[None|f=None|h=Never]@71.2 ; Enter>option:7 days[None|f=None|h=7 days]@72.8
chromium-dark-desktop › orbit-sample down-down-enter burst sample 3,orbit-sample,select-keys,down-down-enter,,burst,3,ArrowDown ArrowDown Enter,7 days | list closed | @combobox:Sample choice,1,1,ArrowDown>combobox:Sample choice[None|f=None|h=None]@38.4 ; ArrowDown>combobox:Sample choice[None|f=None|h=Never]@53.2 ; ArrowDown*>option:Never[None|f=None|h=Never]@53.6 ; Enter>option:7 days[None|f=None|h=7 days]@54.8
chromium-dark-desktop › orbit-sample down-down-enter burst sample 4,orbit-sample,select-keys,down-down-enter,,burst,4,ArrowDown ArrowDown Enter,7 days | list closed | @combobox:Sample choice,1,1,ArrowDown>combobox:Sample choice[None|f=None|h=None]@51.9 ; ArrowDown>combobox:Sample choice[None|f=None|h=Never]@69.3 ; ArrowDown*>option:Never[None|f=None|h=Never]@69.7 ; Enter>option:7 days[None|f=None|h=7 days]@71.1
chromium-dark-desktop › orbit-sample down-down-enter burst sample 5,orbit-sample,select-keys,down-down-enter,,burst,5,ArrowDown ArrowDown Enter,7 days | list closed | @combobox:Sample choice,1,1,ArrowDown>combobox:Sample choice[None|f=None|h=None]@47 ; ArrowDown>combobox:Sample choice[None|f=None|h=Never]@63.6 ; ArrowDown*>option:Never[None|f=None|h=Never]@64.1 ; Enter>option:7 days[None|f=None|h=7 days]@65.4
chromium-dark-desktop › orbit-sample down-down-enter burst sample 6,orbit-sample,select-keys,down-down-enter,,burst,6,ArrowDown ArrowDown Enter,7 days | list closed | @combobox:Sample choice,1,1,ArrowDown>combobox:Sample choice[None|f=None|h=None]@48.1 ; ArrowDown>combobox:Sample choice[None|f=None|h=Never]@67.3 ; ArrowDown*>option:Never[None|f=None|h=Never]@67.8 ; Enter>option:7 days[None|f=None|h=7 days]@69.6
chromium-dark-desktop › orbit-sample down-down-enter burst sample 7,orbit-sample,select-keys,down-down-enter,,burst,7,ArrowDown ArrowDown Enter,7 days | list closed | @combobox:Sample choice,1,1,ArrowDown>combobox:Sample choice[None|f=None|h=None]@48.5 ; ArrowDown>combobox:Sample choice[None|f=None|h=Never]@67.9 ; ArrowDown*>option:Never[None|f=None|h=Never]@68.6 ; Enter>option:7 days[None|f=None|h=7 days]@70.5
chromium-dark-desktop › orbit-sample down-down-enter burst sample 8,orbit-sample,select-keys,down-down-enter,,burst,8,ArrowDown ArrowDown Enter,7 days | list closed | @combobox:Sample choice,1,1,ArrowDown>combobox:Sample choice[None|f=None|h=None]@48.3 ; ArrowDown>combobox:Sample choice[None|f=None|h=Never]@61.7 ; ArrowDown*>option:Never[None|f=None|h=Never]@62.2 ; Enter>option:7 days[None|f=None|h=7 days]@63.4
chromium-dark-desktop › orbit-sample down-down-enter burst sample 9,orbit-sample,select-keys,down-down-enter,,burst,9,ArrowDown ArrowDown Enter,7 days | list closed | @combobox:Sample choice,1,1,ArrowDown>combobox:Sample choice[None|f=None|h=None]@36.6 ; ArrowDown>combobox:Sample choice[None|f=None|h=Never]@52.7 ; ArrowDown*>option:Never[None|f=None|h=Never]@53.1 ; Enter>option:7 days[None|f=None|h=7 days]@54.5
chromium-dark-desktop › orbit-sample down-down-enter burst sample 10,orbit-sample,select-keys,down-down-enter,,burst,10,ArrowDown ArrowDown Enter,7 days | list closed | @combobox:Sample choice,1,1,ArrowDown>combobox:Sample choice[None|f=None|h=None]@48.1 ; ArrowDown>combobox:Sample choice[None|f=None|h=Never]@62.6 ; ArrowDown*>option:Never[None|f=None|h=Never]@62.9 ; Enter>option:7 days[None|f=None|h=7 days]@64.2
chromium-dark-desktop › orbit-sample down-down-enter burst sample 11,orbit-sample,select-keys,down-down-enter,,burst,11,ArrowDown ArrowDown Enter,7 days | list closed | @combobox:Sample choice,1,1,ArrowDown>combobox:Sample choice[None|f=None|h=None]@51.7 ; ArrowDown>combobox:Sample choice[None|f=None|h=Never]@70.1 ; ArrowDown*>option:Never[None|f=None|h=Never]@70.8 ; Enter>option:7 days[None|f=None|h=7 days]@73.4
chromium-dark-desktop › orbit-sample down-down-enter burst sample 12,orbit-sample,select-keys,down-down-enter,,burst,12,ArrowDown ArrowDown Enter,7 days | list closed | @combobox:Sample choice,1,1,ArrowDown>combobox:Sample choice[None|f=None|h=None]@44.9 ; ArrowDown>combobox:Sample choice[None|f=None|h=Never]@65.6 ; ArrowDown*>option:Never[None|f=None|h=Never]@66.2 ; Enter>option:7 days[None|f=None|h=7 days]@68.1
chromium-dark-desktop › orbit-sample down-down-enter burst sample 13,orbit-sample,select-keys,down-down-enter,,burst,13,ArrowDown ArrowDown Enter,7 days | list closed | @combobox:Sample choice,1,1,ArrowDown>combobox:Sample choice[None|f=None|h=None]@47.5 ; ArrowDown>combobox:Sample choice[None|f=None|h=Never]@68.1 ; ArrowDown*>option:Never[None|f=None|h=Never]@68.7 ; Enter>option:7 days[None|f=None|h=7 days]@70.9
chromium-dark-desktop › orbit-sample down-down-enter burst sample 14,orbit-sample,select-keys,down-down-enter,,burst,14,ArrowDown ArrowDown Enter,7 days | list closed | @combobox:Sample choice,1,1,ArrowDown>combobox:Sample choice[None|f=None|h=None]@46.8 ; ArrowDown>combobox:Sample choice[None|f=None|h=Never]@60.4 ; ArrowDown*>option:Never[None|f=None|h=Never]@60.8 ; Enter>option:7 days[None|f=None|h=7 days]@62
chromium-dark-desktop › orbit-sample down-down-enter burst sample 15,orbit-sample,select-keys,down-down-enter,,burst,15,ArrowDown ArrowDown Enter,7 days | list closed | @combobox:Sample choice,1,1,ArrowDown>combobox:Sample choice[None|f=None|h=None]@55.5 ; ArrowDown>combobox:Sample choice[None|f=None|h=Never]@69.8 ; ArrowDown*>option:Never[None|f=None|h=Never]@70.2 ; Enter>option:7 days[None|f=None|h=7 days]@71.4
chromium-dark-desktop › orbit-sample down-down-enter burst sample 16,orbit-sample,select-keys,down-down-enter,,burst,16,ArrowDown ArrowDown Enter,7 days | list closed | @combobox:Sample choice,1,1,ArrowDown>combobox:Sample choice[None|f=None|h=None]@59.9 ; ArrowDown>combobox:Sample choice[None|f=None|h=Never]@78.4 ; ArrowDown*>option:Never[None|f=None|h=Never]@78.9 ; Enter>option:7 days[None|f=None|h=7 days]@80.9
chromium-dark-desktop › orbit-sample down-down-enter burst sample 17,orbit-sample,select-keys,down-down-enter,,burst,17,ArrowDown ArrowDown Enter,7 days | list closed | @combobox:Sample choice,1,1,ArrowDown>combobox:Sample choice[None|f=None|h=None]@48.5 ; ArrowDown>combobox:Sample choice[None|f=None|h=Never]@63.9 ; ArrowDown*>option:Never[None|f=None|h=Never]@64.3 ; Enter>option:7 days[None|f=None|h=7 days]@65.6
chromium-dark-desktop › orbit-sample down-down-enter burst sample 18,orbit-sample,select-keys,down-down-enter,,burst,18,ArrowDown ArrowDown Enter,7 days | list closed | @combobox:Sample choice,1,1,ArrowDown>combobox:Sample choice[None|f=None|h=None]@51.6 ; ArrowDown>combobox:Sample choice[None|f=None|h=Never]@73.4 ; ArrowDown*>option:Never[None|f=None|h=Never]@74.1 ; Enter>option:7 days[None|f=None|h=7 days]@76
chromium-dark-desktop › orbit-sample down-down-enter burst sample 19,orbit-sample,select-keys,down-down-enter,,burst,19,ArrowDown ArrowDown Enter,7 days | list closed | @combobox:Sample choice,1,1,ArrowDown>combobox:Sample choice[None|f=None|h=None]@52.6 ; ArrowDown>combobox:Sample choice[None|f=None|h=Never]@72.4 ; ArrowDown*>option:Never[None|f=None|h=Never]@73.2 ; Enter>option:7 days[None|f=None|h=7 days]@75.5
chromium-dark-desktop › orbit-sample down-down-enter paced sample 0,orbit-sample,select-keys,down-down-enter,,paced,0,ArrowDown ArrowDown Enter,7 days | list closed | @combobox:Sample choice,0,0,ArrowDown>combobox:Sample choice[None|f=None|h=None]@38.8 ; ArrowDown>option:Never[None|f=None|h=Never]@360 ; Enter>option:7 days[None|f=None|h=7 days]@668.2
chromium-dark-desktop › orbit-sample down-down-enter paced sample 1,orbit-sample,select-keys,down-down-enter,,paced,1,ArrowDown ArrowDown Enter,7 days | list closed | @combobox:Sample choice,0,0,ArrowDown>combobox:Sample choice[None|f=None|h=None]@48.1 ; ArrowDown>option:Never[None|f=None|h=Never]@379.2 ; Enter>option:7 days[None|f=None|h=7 days]@687.9
chromium-dark-desktop › orbit-sample down-down-enter paced sample 2,orbit-sample,select-keys,down-down-enter,,paced,2,ArrowDown ArrowDown Enter,7 days | list closed | @combobox:Sample choice,0,0,ArrowDown>combobox:Sample choice[None|f=None|h=None]@53.3 ; ArrowDown>option:Never[None|f=None|h=Never]@381.5 ; Enter>option:7 days[None|f=None|h=7 days]@688.6
chromium-dark-desktop › antd-sample down-down-enter burst sample 0,antd-sample,select-keys,down-down-enter,,burst,0,ArrowDown ArrowDown Enter,7 days | 7 days | list closed | @combobox:Sample choice,1,0,ArrowDown>combobox:Sample choice[None|f=None|h=None]@41 ; ArrowDown>combobox:Sample choice[None|f=None|h=Never]@67.6 ; Enter>combobox:Sample choice[None|f=None|h=7 days]@74.2
chromium-dark-desktop › antd-sample down-down-enter burst sample 1,antd-sample,select-keys,down-down-enter,,burst,1,ArrowDown ArrowDown Enter,7 days | 7 days | list closed | @combobox:Sample choice,1,0,ArrowDown>combobox:Sample choice[None|f=None|h=None]@35.6 ; ArrowDown>combobox:Sample choice[None|f=None|h=Never]@68 ; Enter>combobox:Sample choice[None|f=None|h=7 days]@76.3
chromium-dark-desktop › antd-sample down-down-enter burst sample 2,antd-sample,select-keys,down-down-enter,,burst,2,ArrowDown ArrowDown Enter,7 days | 7 days | list closed | @combobox:Sample choice,1,0,ArrowDown>combobox:Sample choice[None|f=None|h=None]@35.9 ; ArrowDown>combobox:Sample choice[None|f=None|h=Never]@53.1 ; Enter>combobox:Sample choice[None|f=None|h=7 days]@57.1
chromium-dark-desktop › antd-sample down-down-enter burst sample 3,antd-sample,select-keys,down-down-enter,,burst,3,ArrowDown ArrowDown Enter,7 days | 7 days | list closed | @combobox:Sample choice,1,0,ArrowDown>combobox:Sample choice[None|f=None|h=None]@42.3 ; ArrowDown>combobox:Sample choice[None|f=None|h=Never]@74.5 ; Enter>combobox:Sample choice[None|f=None|h=7 days]@83.3
chromium-dark-desktop › antd-sample down-down-enter burst sample 4,antd-sample,select-keys,down-down-enter,,burst,4,ArrowDown ArrowDown Enter,7 days | 7 days | list closed | @combobox:Sample choice,1,0,ArrowDown>combobox:Sample choice[None|f=None|h=None]@35 ; ArrowDown>combobox:Sample choice[None|f=None|h=Never]@60.8 ; Enter>combobox:Sample choice[None|f=None|h=7 days]@67.1
chromium-dark-desktop › antd-sample down-down-enter burst sample 5,antd-sample,select-keys,down-down-enter,,burst,5,ArrowDown ArrowDown Enter,7 days | 7 days | list closed | @combobox:Sample choice,1,0,ArrowDown>combobox:Sample choice[None|f=None|h=None]@38.9 ; ArrowDown>combobox:Sample choice[None|f=None|h=Never]@64.4 ; Enter>combobox:Sample choice[None|f=None|h=7 days]@70.5
chromium-dark-desktop › antd-sample down-down-enter burst sample 6,antd-sample,select-keys,down-down-enter,,burst,6,ArrowDown ArrowDown Enter,7 days | 7 days | list closed | @combobox:Sample choice,1,0,ArrowDown>combobox:Sample choice[None|f=None|h=None]@36.6 ; ArrowDown>combobox:Sample choice[None|f=None|h=Never]@62.1 ; Enter>combobox:Sample choice[None|f=None|h=7 days]@68.2
chromium-dark-desktop › antd-sample down-down-enter burst sample 7,antd-sample,select-keys,down-down-enter,,burst,7,ArrowDown ArrowDown Enter,7 days | 7 days | list closed | @combobox:Sample choice,1,0,ArrowDown>combobox:Sample choice[None|f=None|h=None]@37.3 ; ArrowDown>combobox:Sample choice[None|f=None|h=Never]@70.4 ; Enter>combobox:Sample choice[None|f=None|h=7 days]@78.3
chromium-dark-desktop › antd-sample down-down-enter burst sample 8,antd-sample,select-keys,down-down-enter,,burst,8,ArrowDown ArrowDown Enter,7 days | 7 days | list closed | @combobox:Sample choice,1,0,ArrowDown>combobox:Sample choice[None|f=None|h=None]@31 ; ArrowDown>combobox:Sample choice[None|f=None|h=Never]@61.5 ; Enter>combobox:Sample choice[None|f=None|h=7 days]@68
chromium-dark-desktop › antd-sample down-down-enter burst sample 9,antd-sample,select-keys,down-down-enter,,burst,9,ArrowDown ArrowDown Enter,7 days | 7 days | list closed | @combobox:Sample choice,1,0,ArrowDown>combobox:Sample choice[None|f=None|h=None]@38.6 ; ArrowDown>combobox:Sample choice[None|f=None|h=Never]@62.2 ; Enter>combobox:Sample choice[None|f=None|h=7 days]@68.4
chromium-dark-desktop › antd-sample down-down-enter burst sample 10,antd-sample,select-keys,down-down-enter,,burst,10,ArrowDown ArrowDown Enter,7 days | 7 days | list closed | @combobox:Sample choice,1,0,ArrowDown>combobox:Sample choice[None|f=None|h=None]@41.3 ; ArrowDown>combobox:Sample choice[None|f=None|h=Never]@67.2 ; Enter>combobox:Sample choice[None|f=None|h=7 days]@72.9
chromium-dark-desktop › antd-sample down-down-enter burst sample 11,antd-sample,select-keys,down-down-enter,,burst,11,ArrowDown ArrowDown Enter,7 days | 7 days | list closed | @combobox:Sample choice,1,0,ArrowDown>combobox:Sample choice[None|f=None|h=None]@27.6 ; ArrowDown>combobox:Sample choice[None|f=None|h=Never]@53.9 ; Enter>combobox:Sample choice[None|f=None|h=7 days]@59.8
chromium-dark-desktop › antd-sample down-down-enter burst sample 12,antd-sample,select-keys,down-down-enter,,burst,12,ArrowDown ArrowDown Enter,7 days | 7 days | list closed | @combobox:Sample choice,1,0,ArrowDown>combobox:Sample choice[None|f=None|h=None]@27.9 ; ArrowDown>combobox:Sample choice[None|f=None|h=Never]@50.6 ; Enter>combobox:Sample choice[None|f=None|h=7 days]@55.7
chromium-dark-desktop › antd-sample down-down-enter burst sample 13,antd-sample,select-keys,down-down-enter,,burst,13,ArrowDown ArrowDown Enter,7 days | 7 days | list closed | @combobox:Sample choice,1,0,ArrowDown>combobox:Sample choice[None|f=None|h=None]@43.5 ; ArrowDown>combobox:Sample choice[None|f=None|h=Never]@69.3 ; Enter>combobox:Sample choice[None|f=None|h=7 days]@76.3
chromium-dark-desktop › antd-sample down-down-enter burst sample 14,antd-sample,select-keys,down-down-enter,,burst,14,ArrowDown ArrowDown Enter,7 days | 7 days | list closed | @combobox:Sample choice,1,0,ArrowDown>combobox:Sample choice[None|f=None|h=None]@37.4 ; ArrowDown>combobox:Sample choice[None|f=None|h=Never]@62.2 ; Enter>combobox:Sample choice[None|f=None|h=7 days]@68.3
chromium-dark-desktop › antd-sample down-down-enter burst sample 15,antd-sample,select-keys,down-down-enter,,burst,15,ArrowDown ArrowDown Enter,7 days | 7 days | list closed | @combobox:Sample choice,1,0,ArrowDown>combobox:Sample choice[None|f=None|h=None]@36.4 ; ArrowDown>combobox:Sample choice[None|f=None|h=Never]@61.2 ; Enter>combobox:Sample choice[None|f=None|h=7 days]@67.1
chromium-dark-desktop › antd-sample down-down-enter burst sample 16,antd-sample,select-keys,down-down-enter,,burst,16,ArrowDown ArrowDown Enter,7 days | 7 days | list closed | @combobox:Sample choice,1,0,ArrowDown>combobox:Sample choice[None|f=None|h=None]@37.6 ; ArrowDown>combobox:Sample choice[None|f=None|h=Never]@66.3 ; Enter>combobox:Sample choice[None|f=None|h=7 days]@72.3
chromium-dark-desktop › antd-sample down-down-enter burst sample 17,antd-sample,select-keys,down-down-enter,,burst,17,ArrowDown ArrowDown Enter,7 days | 7 days | list closed | @combobox:Sample choice,1,0,ArrowDown>combobox:Sample choice[None|f=None|h=None]@41.8 ; ArrowDown>combobox:Sample choice[None|f=None|h=Never]@68.7 ; Enter>combobox:Sample choice[None|f=None|h=7 days]@74.1
chromium-dark-desktop › antd-sample down-down-enter burst sample 18,antd-sample,select-keys,down-down-enter,,burst,18,ArrowDown ArrowDown Enter,7 days | 7 days | list closed | @combobox:Sample choice,1,0,ArrowDown>combobox:Sample choice[None|f=None|h=None]@35.3 ; ArrowDown>combobox:Sample choice[None|f=None|h=Never]@62.5 ; Enter>combobox:Sample choice[None|f=None|h=7 days]@70.2
chromium-dark-desktop › antd-sample down-down-enter burst sample 19,antd-sample,select-keys,down-down-enter,,burst,19,ArrowDown ArrowDown Enter,7 days | 7 days | list closed | @combobox:Sample choice,1,0,ArrowDown>combobox:Sample choice[None|f=None|h=None]@33.4 ; ArrowDown>combobox:Sample choice[None|f=None|h=Never]@63.6 ; Enter>combobox:Sample choice[None|f=None|h=7 days]@71
chromium-dark-desktop › antd-sample down-down-enter paced sample 0,antd-sample,select-keys,down-down-enter,,paced,0,ArrowDown ArrowDown Enter,7 days | 7 days | list closed | @combobox:Sample choice,1,0,ArrowDown>combobox:Sample choice[None|f=None|h=None]@37.7 ; ArrowDown>combobox:Sample choice[None|f=None|h=Never]@367.2 ; Enter>combobox:Sample choice[None|f=None|h=7 days]@676.5
chromium-dark-desktop › antd-sample down-down-enter paced sample 1,antd-sample,select-keys,down-down-enter,,paced,1,ArrowDown ArrowDown Enter,7 days | 7 days | list closed | @combobox:Sample choice,1,0,ArrowDown>combobox:Sample choice[None|f=None|h=None]@50.6 ; ArrowDown>combobox:Sample choice[None|f=None|h=Never]@382.6 ; Enter>combobox:Sample choice[None|f=None|h=7 days]@692.9
chromium-dark-desktop › antd-sample down-down-enter paced sample 2,antd-sample,select-keys,down-down-enter,,paced,2,ArrowDown ArrowDown Enter,7 days | 7 days | list closed | @combobox:Sample choice,1,0,ArrowDown>combobox:Sample choice[None|f=None|h=None]@30.5 ; ArrowDown>combobox:Sample choice[None|f=None|h=Never]@359 ; Enter>combobox:Sample choice[None|f=None|h=7 days]@690
chromium-dark-desktop › orbit-combobox down-down-enter burst sample 0,orbit-combobox,select-keys,down-down-enter,,burst,0,ArrowDown ArrowDown Enter,7 days | list closed | @combobox:Sample choice,1,0,ArrowDown>combobox:Sample choice[None|f=None|h=None]@30.5 ; ArrowDown>combobox:Sample choice[None|f=None|h=Never]@64.4 ; Enter>combobox:Sample choice[None|f=None|h=7 days]@67.6
chromium-dark-desktop › orbit-combobox down-down-enter burst sample 1,orbit-combobox,select-keys,down-down-enter,,burst,1,ArrowDown ArrowDown Enter,7 days | list closed | @combobox:Sample choice,1,0,ArrowDown>combobox:Sample choice[None|f=None|h=None]@26.1 ; ArrowDown>combobox:Sample choice[None|f=None|h=Never]@65.6 ; Enter>combobox:Sample choice[None|f=None|h=7 days]@69.2
chromium-dark-desktop › orbit-combobox down-down-enter burst sample 2,orbit-combobox,select-keys,down-down-enter,,burst,2,ArrowDown ArrowDown Enter,7 days | list closed | @combobox:Sample choice,1,0,ArrowDown>combobox:Sample choice[None|f=None|h=None]@38.2 ; ArrowDown>combobox:Sample choice[None|f=None|h=Never]@78.8 ; Enter>combobox:Sample choice[None|f=None|h=7 days]@83.1
chromium-dark-desktop › orbit-combobox down-down-enter burst sample 3,orbit-combobox,select-keys,down-down-enter,,burst,3,ArrowDown ArrowDown Enter,7 days | list closed | @combobox:Sample choice,1,0,ArrowDown>combobox:Sample choice[None|f=None|h=None]@33.8 ; ArrowDown>combobox:Sample choice[None|f=None|h=Never]@72.9 ; Enter>combobox:Sample choice[None|f=None|h=7 days]@76.7
chromium-dark-desktop › orbit-combobox down-down-enter burst sample 4,orbit-combobox,select-keys,down-down-enter,,burst,4,ArrowDown ArrowDown Enter,7 days | list closed | @combobox:Sample choice,1,0,ArrowDown>combobox:Sample choice[None|f=None|h=None]@51.8 ; ArrowDown>combobox:Sample choice[None|f=None|h=Never]@93.3 ; Enter>combobox:Sample choice[None|f=None|h=7 days]@97.3
chromium-dark-desktop › orbit-combobox down-down-enter burst sample 5,orbit-combobox,select-keys,down-down-enter,,burst,5,ArrowDown ArrowDown Enter,7 days | list closed | @combobox:Sample choice,1,0,ArrowDown>combobox:Sample choice[None|f=None|h=None]@41.3 ; ArrowDown>combobox:Sample choice[None|f=None|h=Never]@80.5 ; Enter>combobox:Sample choice[None|f=None|h=7 days]@84.2
chromium-dark-desktop › orbit-combobox down-down-enter burst sample 6,orbit-combobox,select-keys,down-down-enter,,burst,6,ArrowDown ArrowDown Enter,7 days | list closed | @combobox:Sample choice,1,0,ArrowDown>combobox:Sample choice[None|f=None|h=None]@32.7 ; ArrowDown>combobox:Sample choice[None|f=None|h=Never]@79.8 ; Enter>combobox:Sample choice[None|f=None|h=7 days]@84.6
chromium-dark-desktop › orbit-combobox down-down-enter burst sample 7,orbit-combobox,select-keys,down-down-enter,,burst,7,ArrowDown ArrowDown Enter,7 days | list closed | @combobox:Sample choice,1,0,ArrowDown>combobox:Sample choice[None|f=None|h=None]@50.1 ; ArrowDown>combobox:Sample choice[None|f=None|h=Never]@111.3 ; Enter>combobox:Sample choice[None|f=None|h=7 days]@118.5
chromium-dark-desktop › orbit-combobox down-down-enter burst sample 8,orbit-combobox,select-keys,down-down-enter,,burst,8,ArrowDown ArrowDown Enter,7 days | list closed | @combobox:Sample choice,1,0,ArrowDown>combobox:Sample choice[None|f=None|h=None]@32.1 ; ArrowDown>combobox:Sample choice[None|f=None|h=Never]@68.5 ; Enter>combobox:Sample choice[None|f=None|h=7 days]@72.4
chromium-dark-desktop › orbit-combobox down-down-enter burst sample 9,orbit-combobox,select-keys,down-down-enter,,burst,9,ArrowDown ArrowDown Enter,7 days | list closed | @combobox:Sample choice,1,0,ArrowDown>combobox:Sample choice[None|f=None|h=None]@37.1 ; ArrowDown>combobox:Sample choice[None|f=None|h=Never]@72.1 ; Enter>combobox:Sample choice[None|f=None|h=7 days]@75.4
chromium-dark-desktop › orbit-combobox down-down-enter burst sample 10,orbit-combobox,select-keys,down-down-enter,,burst,10,ArrowDown ArrowDown Enter,7 days | list closed | @combobox:Sample choice,1,0,ArrowDown>combobox:Sample choice[None|f=None|h=None]@36 ; ArrowDown>combobox:Sample choice[None|f=None|h=Never]@74.2 ; Enter>combobox:Sample choice[None|f=None|h=7 days]@78
chromium-dark-desktop › orbit-combobox down-down-enter burst sample 11,orbit-combobox,select-keys,down-down-enter,,burst,11,ArrowDown ArrowDown Enter,7 days | list closed | @combobox:Sample choice,1,0,ArrowDown>combobox:Sample choice[None|f=None|h=None]@35.1 ; ArrowDown>combobox:Sample choice[None|f=None|h=Never]@72.3 ; Enter>combobox:Sample choice[None|f=None|h=7 days]@77.8
chromium-dark-desktop › orbit-combobox down-down-enter burst sample 12,orbit-combobox,select-keys,down-down-enter,,burst,12,ArrowDown ArrowDown Enter,7 days | list closed | @combobox:Sample choice,1,0,ArrowDown>combobox:Sample choice[None|f=None|h=None]@37.4 ; ArrowDown>combobox:Sample choice[None|f=None|h=Never]@74 ; Enter>combobox:Sample choice[None|f=None|h=7 days]@77.7
chromium-dark-desktop › orbit-combobox down-down-enter burst sample 13,orbit-combobox,select-keys,down-down-enter,,burst,13,ArrowDown ArrowDown Enter,7 days | list closed | @combobox:Sample choice,1,0,ArrowDown>combobox:Sample choice[None|f=None|h=None]@30.1 ; ArrowDown>combobox:Sample choice[None|f=None|h=Never]@64.1 ; Enter>combobox:Sample choice[None|f=None|h=7 days]@67.7
chromium-dark-desktop › orbit-combobox down-down-enter burst sample 14,orbit-combobox,select-keys,down-down-enter,,burst,14,ArrowDown ArrowDown Enter,7 days | list closed | @combobox:Sample choice,1,0,ArrowDown>combobox:Sample choice[None|f=None|h=None]@44.3 ; ArrowDown>combobox:Sample choice[None|f=None|h=Never]@82.3 ; Enter>combobox:Sample choice[None|f=None|h=7 days]@86.1
chromium-dark-desktop › orbit-combobox down-down-enter burst sample 15,orbit-combobox,select-keys,down-down-enter,,burst,15,ArrowDown ArrowDown Enter,7 days | list closed | @combobox:Sample choice,1,0,ArrowDown>combobox:Sample choice[None|f=None|h=None]@43.8 ; ArrowDown>combobox:Sample choice[None|f=None|h=Never]@100.8 ; Enter>combobox:Sample choice[None|f=None|h=7 days]@105.5
chromium-dark-desktop › orbit-combobox down-down-enter burst sample 16,orbit-combobox,select-keys,down-down-enter,,burst,16,ArrowDown ArrowDown Enter,7 days | list closed | @combobox:Sample choice,1,0,ArrowDown>combobox:Sample choice[None|f=None|h=None]@32.5 ; ArrowDown>combobox:Sample choice[None|f=None|h=Never]@66.1 ; Enter>combobox:Sample choice[None|f=None|h=7 days]@69.3
chromium-dark-desktop › orbit-combobox down-down-enter burst sample 17,orbit-combobox,select-keys,down-down-enter,,burst,17,ArrowDown ArrowDown Enter,7 days | list closed | @combobox:Sample choice,1,0,ArrowDown>combobox:Sample choice[None|f=None|h=None]@93.7 ; ArrowDown>combobox:Sample choice[None|f=None|h=Never]@135.6 ; Enter>combobox:Sample choice[None|f=None|h=7 days]@139.1
chromium-dark-desktop › orbit-combobox down-down-enter burst sample 18,orbit-combobox,select-keys,down-down-enter,,burst,18,ArrowDown ArrowDown Enter,7 days | list closed | @combobox:Sample choice,1,0,ArrowDown>combobox:Sample choice[None|f=None|h=None]@33.9 ; ArrowDown>combobox:Sample choice[None|f=None|h=Never]@71.2 ; Enter>combobox:Sample choice[None|f=None|h=7 days]@74.7
chromium-dark-desktop › orbit-combobox down-down-enter burst sample 19,orbit-combobox,select-keys,down-down-enter,,burst,19,ArrowDown ArrowDown Enter,7 days | list closed | @combobox:Sample choice,1,0,ArrowDown>combobox:Sample choice[None|f=None|h=None]@32.5 ; ArrowDown>combobox:Sample choice[None|f=None|h=Never]@66.9 ; Enter>combobox:Sample choice[None|f=None|h=7 days]@70.4
chromium-dark-desktop › orbit-combobox down-down-enter paced sample 0,orbit-combobox,select-keys,down-down-enter,,paced,0,ArrowDown ArrowDown Enter,7 days | list closed | @combobox:Sample choice,1,0,ArrowDown>combobox:Sample choice[None|f=None|h=None]@30.6 ; ArrowDown>combobox:Sample choice[None|f=None|h=Never]@381.8 ; Enter>combobox:Sample choice[None|f=None|h=7 days]@712.5
chromium-dark-desktop › orbit-combobox down-down-enter paced sample 1,orbit-combobox,select-keys,down-down-enter,,paced,1,ArrowDown ArrowDown Enter,7 days | list closed | @combobox:Sample choice,1,0,ArrowDown>combobox:Sample choice[None|f=None|h=None]@38.2 ; ArrowDown>combobox:Sample choice[None|f=None|h=Never]@433.7 ; Enter>combobox:Sample choice[None|f=None|h=7 days]@748.9
chromium-dark-desktop › orbit-combobox down-down-enter paced sample 2,orbit-combobox,select-keys,down-down-enter,,paced,2,ArrowDown ArrowDown Enter,7 days | list closed | @combobox:Sample choice,1,0,ArrowDown>combobox:Sample choice[None|f=None|h=None]@42.5 ; ArrowDown>combobox:Sample choice[None|f=None|h=Never]@409.8 ; Enter>combobox:Sample choice[None|f=None|h=7 days]@719.4
chromium-dark-desktop › antd-search down-down-enter burst sample 0,antd-search,select-keys,down-down-enter,,burst,0,ArrowDown ArrowDown Enter,7 days | 7 days | list closed | @combobox:Sample choice,1,0,ArrowDown>combobox:Sample choice[None|f=None|h=None]@43.3 ; ArrowDown>combobox:Sample choice[None|f=None|h=Never]@68.6 ; Enter>combobox:Sample choice[None|f=None|h=7 days]@75
chromium-dark-desktop › antd-search down-down-enter burst sample 1,antd-search,select-keys,down-down-enter,,burst,1,ArrowDown ArrowDown Enter,7 days | 7 days | list closed | @combobox:Sample choice,1,0,ArrowDown>combobox:Sample choice[None|f=None|h=None]@43.8 ; ArrowDown>combobox:Sample choice[None|f=None|h=Never]@71.2 ; Enter>combobox:Sample choice[None|f=None|h=7 days]@85.1
chromium-dark-desktop › antd-search down-down-enter burst sample 2,antd-search,select-keys,down-down-enter,,burst,2,ArrowDown ArrowDown Enter,7 days | 7 days | list closed | @combobox:Sample choice,1,0,ArrowDown>combobox:Sample choice[None|f=None|h=None]@41.7 ; ArrowDown>combobox:Sample choice[None|f=None|h=Never]@67.7 ; Enter>combobox:Sample choice[None|f=None|h=7 days]@73.8
chromium-dark-desktop › antd-search down-down-enter burst sample 3,antd-search,select-keys,down-down-enter,,burst,3,ArrowDown ArrowDown Enter,7 days | 7 days | list closed | @combobox:Sample choice,1,0,ArrowDown>combobox:Sample choice[None|f=None|h=None]@41.2 ; ArrowDown>combobox:Sample choice[None|f=None|h=Never]@66.5 ; Enter>combobox:Sample choice[None|f=None|h=7 days]@72
chromium-dark-desktop › antd-search down-down-enter burst sample 4,antd-search,select-keys,down-down-enter,,burst,4,ArrowDown ArrowDown Enter,7 days | 7 days | list closed | @combobox:Sample choice,1,0,ArrowDown>combobox:Sample choice[None|f=None|h=None]@44 ; ArrowDown>combobox:Sample choice[None|f=None|h=Never]@68.7 ; Enter>combobox:Sample choice[None|f=None|h=7 days]@74.2
chromium-dark-desktop › antd-search down-down-enter burst sample 5,antd-search,select-keys,down-down-enter,,burst,5,ArrowDown ArrowDown Enter,7 days | 7 days | list closed | @combobox:Sample choice,1,0,ArrowDown>combobox:Sample choice[None|f=None|h=None]@55.3 ; ArrowDown>combobox:Sample choice[None|f=None|h=Never]@98.5 ; Enter>combobox:Sample choice[None|f=None|h=7 days]@104.5
chromium-dark-desktop › antd-search down-down-enter burst sample 6,antd-search,select-keys,down-down-enter,,burst,6,ArrowDown ArrowDown Enter,7 days | 7 days | list closed | @combobox:Sample choice,1,0,ArrowDown>combobox:Sample choice[None|f=None|h=None]@34.5 ; ArrowDown>combobox:Sample choice[None|f=None|h=Never]@62.7 ; Enter>combobox:Sample choice[None|f=None|h=7 days]@69.3
chromium-dark-desktop › antd-search down-down-enter burst sample 7,antd-search,select-keys,down-down-enter,,burst,7,ArrowDown ArrowDown Enter,7 days | 7 days | list closed | @combobox:Sample choice,1,0,ArrowDown>combobox:Sample choice[None|f=None|h=None]@30.9 ; ArrowDown>combobox:Sample choice[None|f=None|h=Never]@58.1 ; Enter>combobox:Sample choice[None|f=None|h=7 days]@65.6
chromium-dark-desktop › antd-search down-down-enter burst sample 8,antd-search,select-keys,down-down-enter,,burst,8,ArrowDown ArrowDown Enter,7 days | 7 days | list closed | @combobox:Sample choice,1,0,ArrowDown>combobox:Sample choice[None|f=None|h=None]@51.8 ; ArrowDown>combobox:Sample choice[None|f=None|h=Never]@100.8 ; Enter>combobox:Sample choice[None|f=None|h=7 days]@114
chromium-dark-desktop › antd-search down-down-enter burst sample 9,antd-search,select-keys,down-down-enter,,burst,9,ArrowDown ArrowDown Enter,7 days | 7 days | list closed | @combobox:Sample choice,1,0,ArrowDown>combobox:Sample choice[None|f=None|h=None]@32.3 ; ArrowDown>combobox:Sample choice[None|f=None|h=Never]@55.1 ; Enter>combobox:Sample choice[None|f=None|h=7 days]@60.5
chromium-dark-desktop › antd-search down-down-enter burst sample 10,antd-search,select-keys,down-down-enter,,burst,10,ArrowDown ArrowDown Enter,7 days | 7 days | list closed | @combobox:Sample choice,1,0,ArrowDown>combobox:Sample choice[None|f=None|h=None]@35.7 ; ArrowDown>combobox:Sample choice[None|f=None|h=Never]@62.7 ; Enter>combobox:Sample choice[None|f=None|h=7 days]@69.2
chromium-dark-desktop › antd-search down-down-enter burst sample 11,antd-search,select-keys,down-down-enter,,burst,11,ArrowDown ArrowDown Enter,7 days | 7 days | list closed | @combobox:Sample choice,1,0,ArrowDown>combobox:Sample choice[None|f=None|h=None]@41.3 ; ArrowDown>combobox:Sample choice[None|f=None|h=Never]@65.8 ; Enter>combobox:Sample choice[None|f=None|h=7 days]@71.1
chromium-dark-desktop › antd-search down-down-enter burst sample 12,antd-search,select-keys,down-down-enter,,burst,12,ArrowDown ArrowDown Enter,7 days | 7 days | list closed | @combobox:Sample choice,1,0,ArrowDown>combobox:Sample choice[None|f=None|h=None]@39.6 ; ArrowDown>combobox:Sample choice[None|f=None|h=Never]@61.7 ; Enter>combobox:Sample choice[None|f=None|h=7 days]@67
chromium-dark-desktop › antd-search down-down-enter burst sample 13,antd-search,select-keys,down-down-enter,,burst,13,ArrowDown ArrowDown Enter,7 days | 7 days | list closed | @combobox:Sample choice,1,0,ArrowDown>combobox:Sample choice[None|f=None|h=None]@38.7 ; ArrowDown>combobox:Sample choice[None|f=None|h=Never]@62.4 ; Enter>combobox:Sample choice[None|f=None|h=7 days]@68.4
chromium-dark-desktop › antd-search down-down-enter burst sample 14,antd-search,select-keys,down-down-enter,,burst,14,ArrowDown ArrowDown Enter,7 days | 7 days | list closed | @combobox:Sample choice,1,0,ArrowDown>combobox:Sample choice[None|f=None|h=None]@27.6 ; ArrowDown>combobox:Sample choice[None|f=None|h=Never]@52.4 ; Enter>combobox:Sample choice[None|f=None|h=7 days]@58
chromium-dark-desktop › antd-search down-down-enter burst sample 15,antd-search,select-keys,down-down-enter,,burst,15,ArrowDown ArrowDown Enter,7 days | 7 days | list closed | @combobox:Sample choice,1,0,ArrowDown>combobox:Sample choice[None|f=None|h=None]@36.1 ; ArrowDown>combobox:Sample choice[None|f=None|h=Never]@62.2 ; Enter>combobox:Sample choice[None|f=None|h=7 days]@68.3
chromium-dark-desktop › antd-search down-down-enter burst sample 16,antd-search,select-keys,down-down-enter,,burst,16,ArrowDown ArrowDown Enter,7 days | 7 days | list closed | @combobox:Sample choice,1,0,ArrowDown>combobox:Sample choice[None|f=None|h=None]@29.4 ; ArrowDown>combobox:Sample choice[None|f=None|h=Never]@56 ; Enter>combobox:Sample choice[None|f=None|h=7 days]@62.4
chromium-dark-desktop › antd-search down-down-enter burst sample 17,antd-search,select-keys,down-down-enter,,burst,17,ArrowDown ArrowDown Enter,7 days | 7 days | list closed | @combobox:Sample choice,1,0,ArrowDown>combobox:Sample choice[None|f=None|h=None]@26.6 ; ArrowDown>combobox:Sample choice[None|f=None|h=Never]@52.3 ; Enter>combobox:Sample choice[None|f=None|h=7 days]@57.9
chromium-dark-desktop › antd-search down-down-enter burst sample 18,antd-search,select-keys,down-down-enter,,burst,18,ArrowDown ArrowDown Enter,7 days | 7 days | list closed | @combobox:Sample choice,1,0,ArrowDown>combobox:Sample choice[None|f=None|h=None]@38.6 ; ArrowDown>combobox:Sample choice[None|f=None|h=Never]@67.9 ; Enter>combobox:Sample choice[None|f=None|h=7 days]@74.3
chromium-dark-desktop › antd-search down-down-enter burst sample 19,antd-search,select-keys,down-down-enter,,burst,19,ArrowDown ArrowDown Enter,7 days | 7 days | list closed | @combobox:Sample choice,1,0,ArrowDown>combobox:Sample choice[None|f=None|h=None]@41.4 ; ArrowDown>combobox:Sample choice[None|f=None|h=Never]@65.5 ; Enter>combobox:Sample choice[None|f=None|h=7 days]@71.3
chromium-dark-desktop › antd-search down-down-enter paced sample 0,antd-search,select-keys,down-down-enter,,paced,0,ArrowDown ArrowDown Enter,7 days | 7 days | list closed | @combobox:Sample choice,1,0,ArrowDown>combobox:Sample choice[None|f=None|h=None]@38.1 ; ArrowDown>combobox:Sample choice[None|f=None|h=Never]@370.3 ; Enter>combobox:Sample choice[None|f=None|h=7 days]@681.3
chromium-dark-desktop › antd-search down-down-enter paced sample 1,antd-search,select-keys,down-down-enter,,paced,1,ArrowDown ArrowDown Enter,7 days | 7 days | list closed | @combobox:Sample choice,1,0,ArrowDown>combobox:Sample choice[None|f=None|h=None]@62.7 ; ArrowDown>combobox:Sample choice[None|f=None|h=Never]@496.8 ; Enter>combobox:Sample choice[None|f=None|h=7 days]@842.6
chromium-dark-desktop › antd-search down-down-enter paced sample 2,antd-search,select-keys,down-down-enter,,paced,2,ArrowDown ArrowDown Enter,7 days | 7 days | list closed | @combobox:Sample choice,1,0,ArrowDown>combobox:Sample choice[None|f=None|h=None]@93 ; ArrowDown>combobox:Sample choice[None|f=None|h=Never]@619.4 ; Enter>combobox:Sample choice[None|f=None|h=7 days]@942.7
chromium-dark-desktop › orbit-multiselect down-down-enter burst sample 0,orbit-multiselect,select-keys,down-down-enter,,burst,0,ArrowDown ArrowDown Enter,Bug | Ops | list open | @combobox:Sample choice,1,0,ArrowDown>combobox:Sample choice[None|f=None|h=None]@111.5 ; ArrowDown>combobox:Sample choice[None|f=None|h=Bug]@181.5 ; Enter>combobox:Sample choice[None|f=None|h=Docs]@189.1
chromium-dark-desktop › orbit-multiselect down-down-enter burst sample 1,orbit-multiselect,select-keys,down-down-enter,,burst,1,ArrowDown ArrowDown Enter,Bug | Ops | list open | @combobox:Sample choice,1,0,ArrowDown>combobox:Sample choice[None|f=None|h=None]@45.8 ; ArrowDown>combobox:Sample choice[None|f=None|h=Bug]@133.4 ; Enter>combobox:Sample choice[None|f=None|h=Docs]@141
chromium-dark-desktop › orbit-multiselect down-down-enter burst sample 2,orbit-multiselect,select-keys,down-down-enter,,burst,2,ArrowDown ArrowDown Enter,Bug | Ops | list open | @combobox:Sample choice,1,0,ArrowDown>combobox:Sample choice[None|f=None|h=None]@66.2 ; ArrowDown>combobox:Sample choice[None|f=None|h=Bug]@155.6 ; Enter>combobox:Sample choice[None|f=None|h=Docs]@161.8
chromium-dark-desktop › orbit-multiselect down-down-enter burst sample 3,orbit-multiselect,select-keys,down-down-enter,,burst,3,ArrowDown ArrowDown Enter,Bug | Ops | list open | @combobox:Sample choice,1,0,ArrowDown>combobox:Sample choice[None|f=None|h=None]@43.7 ; ArrowDown>combobox:Sample choice[None|f=None|h=Bug]@162.9 ; Enter>combobox:Sample choice[None|f=None|h=Docs]@172.3
chromium-dark-desktop › orbit-multiselect down-down-enter burst sample 4,orbit-multiselect,select-keys,down-down-enter,,burst,4,ArrowDown ArrowDown Enter,Bug | Ops | list open | @combobox:Sample choice,1,0,ArrowDown>combobox:Sample choice[None|f=None|h=None]@83.5 ; ArrowDown>combobox:Sample choice[None|f=None|h=Bug]@193.4 ; Enter>combobox:Sample choice[None|f=None|h=Docs]@202.6
chromium-dark-desktop › orbit-multiselect down-down-enter burst sample 5,orbit-multiselect,select-keys,down-down-enter,,burst,5,ArrowDown ArrowDown Enter,Bug | Ops | list open | @combobox:Sample choice,1,0,ArrowDown>combobox:Sample choice[None|f=None|h=None]@54.2 ; ArrowDown>combobox:Sample choice[None|f=None|h=Bug]@176.3 ; Enter>combobox:Sample choice[None|f=None|h=Docs]@182.7
chromium-dark-desktop › orbit-multiselect down-down-enter burst sample 6,orbit-multiselect,select-keys,down-down-enter,,burst,6,ArrowDown ArrowDown Enter,Bug | Ops | list open | @combobox:Sample choice,1,0,ArrowDown>combobox:Sample choice[None|f=None|h=None]@43.9 ; ArrowDown>combobox:Sample choice[None|f=None|h=Bug]@102.9 ; Enter>combobox:Sample choice[None|f=None|h=Docs]@108.5
chromium-dark-desktop › orbit-multiselect down-down-enter burst sample 7,orbit-multiselect,select-keys,down-down-enter,,burst,7,ArrowDown ArrowDown Enter,Bug | Ops | list open | @combobox:Sample choice,1,0,ArrowDown>combobox:Sample choice[None|f=None|h=None]@51.5 ; ArrowDown>combobox:Sample choice[None|f=None|h=Bug]@143.9 ; Enter>combobox:Sample choice[None|f=None|h=Docs]@157.9
chromium-dark-desktop › orbit-multiselect down-down-enter burst sample 8,orbit-multiselect,select-keys,down-down-enter,,burst,8,ArrowDown ArrowDown Enter,Bug | Ops | list open | @combobox:Sample choice,1,0,ArrowDown>combobox:Sample choice[None|f=None|h=None]@52 ; ArrowDown>combobox:Sample choice[None|f=None|h=Bug]@122.2 ; Enter>combobox:Sample choice[None|f=None|h=Docs]@127.9
chromium-dark-desktop › orbit-multiselect down-down-enter burst sample 9,orbit-multiselect,select-keys,down-down-enter,,burst,9,ArrowDown ArrowDown Enter,Bug | Ops | list open | @combobox:Sample choice,1,0,ArrowDown>combobox:Sample choice[None|f=None|h=None]@51.4 ; ArrowDown>combobox:Sample choice[None|f=None|h=Bug]@102.6 ; Enter>combobox:Sample choice[None|f=None|h=Docs]@106.7
chromium-dark-desktop › orbit-multiselect down-down-enter burst sample 10,orbit-multiselect,select-keys,down-down-enter,,burst,10,ArrowDown ArrowDown Enter,Bug | Ops | list open | @combobox:Sample choice,1,0,ArrowDown>combobox:Sample choice[None|f=None|h=None]@34.5 ; ArrowDown>combobox:Sample choice[None|f=None|h=Bug]@81.8 ; Enter>combobox:Sample choice[None|f=None|h=Docs]@85.2
chromium-dark-desktop › orbit-multiselect down-down-enter burst sample 11,orbit-multiselect,select-keys,down-down-enter,,burst,11,ArrowDown ArrowDown Enter,Bug | Ops | list open | @combobox:Sample choice,1,0,ArrowDown>combobox:Sample choice[None|f=None|h=None]@46.1 ; ArrowDown>combobox:Sample choice[None|f=None|h=Bug]@87.6 ; Enter>combobox:Sample choice[None|f=None|h=Docs]@91.4
chromium-dark-desktop › orbit-multiselect down-down-enter burst sample 12,orbit-multiselect,select-keys,down-down-enter,,burst,12,ArrowDown ArrowDown Enter,Bug | Ops | list open | @combobox:Sample choice,1,0,ArrowDown>combobox:Sample choice[None|f=None|h=None]@30.7 ; ArrowDown>combobox:Sample choice[None|f=None|h=Bug]@70 ; Enter>combobox:Sample choice[None|f=None|h=Docs]@73.5
chromium-dark-desktop › orbit-multiselect down-down-enter burst sample 13,orbit-multiselect,select-keys,down-down-enter,,burst,13,ArrowDown ArrowDown Enter,Bug | Ops | list open | @combobox:Sample choice,1,0,ArrowDown>combobox:Sample choice[None|f=None|h=None]@34.4 ; ArrowDown>combobox:Sample choice[None|f=None|h=Bug]@71.4 ; Enter>combobox:Sample choice[None|f=None|h=Docs]@76.2
chromium-dark-desktop › orbit-multiselect down-down-enter burst sample 14,orbit-multiselect,select-keys,down-down-enter,,burst,14,ArrowDown ArrowDown Enter,Bug | Ops | list open | @combobox:Sample choice,1,0,ArrowDown>combobox:Sample choice[None|f=None|h=None]@50 ; ArrowDown>combobox:Sample choice[None|f=None|h=Bug]@112.3 ; Enter>combobox:Sample choice[None|f=None|h=Docs]@117.4
chromium-dark-desktop › orbit-multiselect down-down-enter burst sample 15,orbit-multiselect,select-keys,down-down-enter,,burst,15,ArrowDown ArrowDown Enter,Bug | Ops | list open | @combobox:Sample choice,1,0,ArrowDown>combobox:Sample choice[None|f=None|h=None]@37.4 ; ArrowDown>combobox:Sample choice[None|f=None|h=Bug]@74.2 ; Enter>combobox:Sample choice[None|f=None|h=Docs]@77.4
chromium-dark-desktop › orbit-multiselect down-down-enter burst sample 16,orbit-multiselect,select-keys,down-down-enter,,burst,16,ArrowDown ArrowDown Enter,Bug | Ops | list open | @combobox:Sample choice,1,0,ArrowDown>combobox:Sample choice[None|f=None|h=None]@38.1 ; ArrowDown>combobox:Sample choice[None|f=None|h=Bug]@76.2 ; Enter>combobox:Sample choice[None|f=None|h=Docs]@79.4
chromium-dark-desktop › orbit-multiselect down-down-enter burst sample 17,orbit-multiselect,select-keys,down-down-enter,,burst,17,ArrowDown ArrowDown Enter,Bug | Ops | list open | @combobox:Sample choice,1,0,ArrowDown>combobox:Sample choice[None|f=None|h=None]@38.3 ; ArrowDown>combobox:Sample choice[None|f=None|h=Bug]@78.2 ; Enter>combobox:Sample choice[None|f=None|h=Docs]@81.3
chromium-dark-desktop › orbit-multiselect down-down-enter burst sample 18,orbit-multiselect,select-keys,down-down-enter,,burst,18,ArrowDown ArrowDown Enter,Bug | Ops | list open | @combobox:Sample choice,1,0,ArrowDown>combobox:Sample choice[None|f=None|h=None]@35.5 ; ArrowDown>combobox:Sample choice[None|f=None|h=Bug]@74.7 ; Enter>combobox:Sample choice[None|f=None|h=Docs]@77.7
chromium-dark-desktop › orbit-multiselect down-down-enter burst sample 19,orbit-multiselect,select-keys,down-down-enter,,burst,19,ArrowDown ArrowDown Enter,Bug | Ops | list open | @combobox:Sample choice,1,0,ArrowDown>combobox:Sample choice[None|f=None|h=None]@45.4 ; ArrowDown>combobox:Sample choice[None|f=None|h=Bug]@79.9 ; Enter>combobox:Sample choice[None|f=None|h=Docs]@83.2
chromium-dark-desktop › orbit-multiselect down-down-enter paced sample 0,orbit-multiselect,select-keys,down-down-enter,,paced,0,ArrowDown ArrowDown Enter,Bug | Ops | list open | @combobox:Sample choice,1,0,ArrowDown>combobox:Sample choice[None|f=None|h=None]@28.6 ; ArrowDown>combobox:Sample choice[None|f=None|h=Bug]@370.9 ; Enter>combobox:Sample choice[None|f=None|h=Docs]@684.1
chromium-dark-desktop › orbit-multiselect down-down-enter paced sample 1,orbit-multiselect,select-keys,down-down-enter,,paced,1,ArrowDown ArrowDown Enter,Bug | Ops | list open | @combobox:Sample choice,1,0,ArrowDown>combobox:Sample choice[None|f=None|h=None]@31.8 ; ArrowDown>combobox:Sample choice[None|f=None|h=Bug]@383.1 ; Enter>combobox:Sample choice[None|f=None|h=Docs]@693
chromium-dark-desktop › orbit-multiselect down-down-enter paced sample 2,orbit-multiselect,select-keys,down-down-enter,,paced,2,ArrowDown ArrowDown Enter,Bug | Ops | list open | @combobox:Sample choice,1,0,ArrowDown>combobox:Sample choice[None|f=None|h=None]@23.7 ; ArrowDown>combobox:Sample choice[None|f=None|h=Bug]@370.5 ; Enter>combobox:Sample choice[None|f=None|h=Docs]@683
chromium-dark-desktop › antd-multiple down-down-enter burst sample 0,antd-multiple,select-keys,down-down-enter,,burst,0,ArrowDown ArrowDown Enter,Bug | Ops | list open | @combobox:Sample choice,1,0,ArrowDown>combobox:Sample choice[None|f=None|h=None]@47.2 ; ArrowDown>combobox:Sample choice[None|f=None|h=Bug]@88.2 ; Enter>combobox:Sample choice[None|f=None|h=Docs]@97.3
chromium-dark-desktop › antd-multiple down-down-enter burst sample 1,antd-multiple,select-keys,down-down-enter,,burst,1,ArrowDown ArrowDown Enter,Bug | Ops | list open | @combobox:Sample choice,1,0,ArrowDown>combobox:Sample choice[None|f=None|h=None]@45.6 ; ArrowDown>combobox:Sample choice[None|f=None|h=Bug]@77.7 ; Enter>combobox:Sample choice[None|f=None|h=Docs]@84.2
chromium-dark-desktop › antd-multiple down-down-enter burst sample 2,antd-multiple,select-keys,down-down-enter,,burst,2,ArrowDown ArrowDown Enter,Bug | Ops | list open | @combobox:Sample choice,1,0,ArrowDown>combobox:Sample choice[None|f=None|h=None]@29.7 ; ArrowDown>combobox:Sample choice[None|f=None|h=Bug]@60.9 ; Enter>combobox:Sample choice[None|f=None|h=Docs]@67
chromium-dark-desktop › antd-multiple down-down-enter burst sample 3,antd-multiple,select-keys,down-down-enter,,burst,3,ArrowDown ArrowDown Enter,Bug | Ops | list open | @combobox:Sample choice,1,0,ArrowDown>combobox:Sample choice[None|f=None|h=None]@38 ; ArrowDown>combobox:Sample choice[None|f=None|h=Bug]@69.8 ; Enter>combobox:Sample choice[None|f=None|h=Docs]@76.5
chromium-dark-desktop › antd-multiple down-down-enter burst sample 4,antd-multiple,select-keys,down-down-enter,,burst,4,ArrowDown ArrowDown Enter,Bug | Ops | list open | @combobox:Sample choice,1,0,ArrowDown>combobox:Sample choice[None|f=None|h=None]@41.6 ; ArrowDown>combobox:Sample choice[None|f=None|h=Bug]@80.5 ; Enter>combobox:Sample choice[None|f=None|h=Docs]@87.3
chromium-dark-desktop › antd-multiple down-down-enter burst sample 5,antd-multiple,select-keys,down-down-enter,,burst,5,ArrowDown ArrowDown Enter,Bug | Ops | list open | @combobox:Sample choice,1,0,ArrowDown>combobox:Sample choice[None|f=None|h=None]@33.1 ; ArrowDown>combobox:Sample choice[None|f=None|h=Bug]@65.8 ; Enter>combobox:Sample choice[None|f=None|h=Docs]@72.3
chromium-dark-desktop › antd-multiple down-down-enter burst sample 6,antd-multiple,select-keys,down-down-enter,,burst,6,ArrowDown ArrowDown Enter,Bug | Ops | list open | @combobox:Sample choice,1,0,ArrowDown>combobox:Sample choice[None|f=None|h=None]@34 ; ArrowDown>combobox:Sample choice[None|f=None|h=Bug]@66.9 ; Enter>combobox:Sample choice[None|f=None|h=Docs]@74.9
chromium-dark-desktop › antd-multiple down-down-enter burst sample 7,antd-multiple,select-keys,down-down-enter,,burst,7,ArrowDown ArrowDown Enter,Bug | Ops | list open | @combobox:Sample choice,1,0,ArrowDown>combobox:Sample choice[None|f=None|h=None]@42.8 ; ArrowDown>combobox:Sample choice[None|f=None|h=Bug]@75 ; Enter>combobox:Sample choice[None|f=None|h=Docs]@81.4
chromium-dark-desktop › antd-multiple down-down-enter burst sample 8,antd-multiple,select-keys,down-down-enter,,burst,8,ArrowDown ArrowDown Enter,Bug | Ops | list open | @combobox:Sample choice,1,0,ArrowDown>combobox:Sample choice[None|f=None|h=None]@44.3 ; ArrowDown>combobox:Sample choice[None|f=None|h=Bug]@84.2 ; Enter>combobox:Sample choice[None|f=None|h=Docs]@91
chromium-dark-desktop › antd-multiple down-down-enter burst sample 9,antd-multiple,select-keys,down-down-enter,,burst,9,ArrowDown ArrowDown Enter,Bug | Ops | list open | @combobox:Sample choice,1,0,ArrowDown>combobox:Sample choice[None|f=None|h=None]@44.1 ; ArrowDown>combobox:Sample choice[None|f=None|h=Bug]@73.2 ; Enter>combobox:Sample choice[None|f=None|h=Docs]@79.6
chromium-dark-desktop › antd-multiple down-down-enter burst sample 10,antd-multiple,select-keys,down-down-enter,,burst,10,ArrowDown ArrowDown Enter,Bug | Ops | list open | @combobox:Sample choice,1,0,ArrowDown>combobox:Sample choice[None|f=None|h=None]@43.2 ; ArrowDown>combobox:Sample choice[None|f=None|h=Bug]@74.1 ; Enter>combobox:Sample choice[None|f=None|h=Docs]@80.7
chromium-dark-desktop › antd-multiple down-down-enter burst sample 11,antd-multiple,select-keys,down-down-enter,,burst,11,ArrowDown ArrowDown Enter,Bug | Ops | list open | @combobox:Sample choice,1,0,ArrowDown>combobox:Sample choice[None|f=None|h=None]@45.1 ; ArrowDown>combobox:Sample choice[None|f=None|h=Bug]@79.9 ; Enter>combobox:Sample choice[None|f=None|h=Docs]@87.5
chromium-dark-desktop › antd-multiple down-down-enter burst sample 12,antd-multiple,select-keys,down-down-enter,,burst,12,ArrowDown ArrowDown Enter,Bug | Ops | list open | @combobox:Sample choice,1,0,ArrowDown>combobox:Sample choice[None|f=None|h=None]@33.8 ; ArrowDown>combobox:Sample choice[None|f=None|h=Bug]@63.3 ; Enter>combobox:Sample choice[None|f=None|h=Docs]@69.4
chromium-dark-desktop › antd-multiple down-down-enter burst sample 13,antd-multiple,select-keys,down-down-enter,,burst,13,ArrowDown ArrowDown Enter,Bug | Ops | list open | @combobox:Sample choice,1,0,ArrowDown>combobox:Sample choice[None|f=None|h=None]@46 ; ArrowDown>combobox:Sample choice[None|f=None|h=Bug]@87.3 ; Enter>combobox:Sample choice[None|f=None|h=Docs]@93.8
chromium-dark-desktop › antd-multiple down-down-enter burst sample 14,antd-multiple,select-keys,down-down-enter,,burst,14,ArrowDown ArrowDown Enter,Bug | Ops | list open | @combobox:Sample choice,1,0,ArrowDown>combobox:Sample choice[None|f=None|h=None]@39.7 ; ArrowDown>combobox:Sample choice[None|f=None|h=Bug]@68.6 ; Enter>combobox:Sample choice[None|f=None|h=Docs]@74.5
chromium-dark-desktop › antd-multiple down-down-enter burst sample 15,antd-multiple,select-keys,down-down-enter,,burst,15,ArrowDown ArrowDown Enter,Bug | Ops | list open | @combobox:Sample choice,1,0,ArrowDown>combobox:Sample choice[None|f=None|h=None]@31.8 ; ArrowDown>combobox:Sample choice[None|f=None|h=Bug]@65.9 ; Enter>combobox:Sample choice[None|f=None|h=Docs]@71.9
chromium-dark-desktop › antd-multiple down-down-enter burst sample 16,antd-multiple,select-keys,down-down-enter,,burst,16,ArrowDown ArrowDown Enter,Bug | Ops | list open | @combobox:Sample choice,1,0,ArrowDown>combobox:Sample choice[None|f=None|h=None]@48.3 ; ArrowDown>combobox:Sample choice[None|f=None|h=Bug]@82.6 ; Enter>combobox:Sample choice[None|f=None|h=Docs]@88.8
chromium-dark-desktop › antd-multiple down-down-enter burst sample 17,antd-multiple,select-keys,down-down-enter,,burst,17,ArrowDown ArrowDown Enter,Bug | Ops | list open | @combobox:Sample choice,1,0,ArrowDown>combobox:Sample choice[None|f=None|h=None]@39.4 ; ArrowDown>combobox:Sample choice[None|f=None|h=Bug]@73.6 ; Enter>combobox:Sample choice[None|f=None|h=Docs]@82.6
chromium-dark-desktop › antd-multiple down-down-enter burst sample 18,antd-multiple,select-keys,down-down-enter,,burst,18,ArrowDown ArrowDown Enter,Bug | Ops | list open | @combobox:Sample choice,1,0,ArrowDown>combobox:Sample choice[None|f=None|h=None]@38.9 ; ArrowDown>combobox:Sample choice[None|f=None|h=Bug]@74.2 ; Enter>combobox:Sample choice[None|f=None|h=Docs]@81.4
chromium-dark-desktop › antd-multiple down-down-enter burst sample 19,antd-multiple,select-keys,down-down-enter,,burst,19,ArrowDown ArrowDown Enter,Bug | Ops | list open | @combobox:Sample choice,1,0,ArrowDown>combobox:Sample choice[None|f=None|h=None]@35.1 ; ArrowDown>combobox:Sample choice[None|f=None|h=Bug]@71.6 ; Enter>combobox:Sample choice[None|f=None|h=Docs]@77.8
chromium-dark-desktop › antd-multiple down-down-enter paced sample 0,antd-multiple,select-keys,down-down-enter,,paced,0,ArrowDown ArrowDown Enter,Bug | Ops | list open | @combobox:Sample choice,1,0,ArrowDown>combobox:Sample choice[None|f=None|h=None]@51.9 ; ArrowDown>combobox:Sample choice[None|f=None|h=Bug]@410.1 ; Enter>combobox:Sample choice[None|f=None|h=Docs]@722.9
chromium-dark-desktop › antd-multiple down-down-enter paced sample 1,antd-multiple,select-keys,down-down-enter,,paced,1,ArrowDown ArrowDown Enter,Bug | Ops | list open | @combobox:Sample choice,1,0,ArrowDown>combobox:Sample choice[None|f=None|h=None]@61.3 ; ArrowDown>combobox:Sample choice[None|f=None|h=Bug]@441.4 ; Enter>combobox:Sample choice[None|f=None|h=Docs]@757.8
chromium-dark-desktop › antd-multiple down-down-enter paced sample 2,antd-multiple,select-keys,down-down-enter,,paced,2,ArrowDown ArrowDown Enter,Bug | Ops | list open | @combobox:Sample choice,1,0,ArrowDown>combobox:Sample choice[None|f=None|h=None]@49.3 ; ArrowDown>combobox:Sample choice[None|f=None|h=Bug]@391 ; Enter>combobox:Sample choice[None|f=None|h=Docs]@707.1
chromium-dark-desktop › orbit-menu down-down-enter burst sample 0,orbit-menu,select-keys,down-down-enter,,burst,0,ArrowDown ArrowDown Enter,image | list closed | @button:Add attachment,1,1,ArrowDown>button:Add attachment[None|f=None|h=None]@35.5 ; ArrowDown>button:Add attachment[None|f=None|h=File]@67.1 ; ArrowDown*>menuitem:File[None|f=None|h=File]@67.4 ; Enter>menuitem:Image[None|f=None|h=Image]@69.9
chromium-dark-desktop › orbit-menu down-down-enter burst sample 1,orbit-menu,select-keys,down-down-enter,,burst,1,ArrowDown ArrowDown Enter,image | list closed | @button:Add attachment,1,1,ArrowDown>button:Add attachment[None|f=None|h=None]@33.5 ; ArrowDown>button:Add attachment[None|f=None|h=File]@58.4 ; ArrowDown*>menuitem:File[None|f=None|h=File]@58.5 ; Enter>menuitem:Image[None|f=None|h=Image]@60.4
chromium-dark-desktop › orbit-menu down-down-enter burst sample 2,orbit-menu,select-keys,down-down-enter,,burst,2,ArrowDown ArrowDown Enter,image | list closed | @button:Add attachment,1,1,ArrowDown>button:Add attachment[None|f=None|h=None]@39.9 ; ArrowDown>button:Add attachment[None|f=None|h=File]@70.1 ; ArrowDown*>menuitem:File[None|f=None|h=File]@70.3 ; Enter>menuitem:Image[None|f=None|h=Image]@73.5
chromium-dark-desktop › orbit-menu down-down-enter burst sample 3,orbit-menu,select-keys,down-down-enter,,burst,3,ArrowDown ArrowDown Enter,image | list closed | @button:Add attachment,1,1,ArrowDown>button:Add attachment[None|f=None|h=None]@29.1 ; ArrowDown>button:Add attachment[None|f=None|h=File]@58.2 ; ArrowDown*>menuitem:File[None|f=None|h=File]@58.4 ; Enter>menuitem:Image[None|f=None|h=Image]@60.8
chromium-dark-desktop › orbit-menu down-down-enter burst sample 4,orbit-menu,select-keys,down-down-enter,,burst,4,ArrowDown ArrowDown Enter,image | list closed | @button:Add attachment,1,1,ArrowDown>button:Add attachment[None|f=None|h=None]@35.1 ; ArrowDown>button:Add attachment[None|f=None|h=File]@65.4 ; ArrowDown*>menuitem:File[None|f=None|h=File]@65.5 ; Enter>menuitem:Image[None|f=None|h=Image]@68
chromium-dark-desktop › orbit-menu down-down-enter burst sample 5,orbit-menu,select-keys,down-down-enter,,burst,5,ArrowDown ArrowDown Enter,image | list closed | @button:Add attachment,1,1,ArrowDown>button:Add attachment[None|f=None|h=None]@36.4 ; ArrowDown>button:Add attachment[None|f=None|h=File]@63.2 ; ArrowDown*>menuitem:File[None|f=None|h=File]@63.3 ; Enter>menuitem:Image[None|f=None|h=Image]@65.5
chromium-dark-desktop › orbit-menu down-down-enter burst sample 6,orbit-menu,select-keys,down-down-enter,,burst,6,ArrowDown ArrowDown Enter,image | list closed | @button:Add attachment,1,1,ArrowDown>button:Add attachment[None|f=None|h=None]@32.7 ; ArrowDown>button:Add attachment[None|f=None|h=File]@61.1 ; ArrowDown*>menuitem:File[None|f=None|h=File]@61.2 ; Enter>menuitem:Image[None|f=None|h=Image]@63.2
chromium-dark-desktop › orbit-menu down-down-enter burst sample 7,orbit-menu,select-keys,down-down-enter,,burst,7,ArrowDown ArrowDown Enter,image | list closed | @button:Add attachment,1,1,ArrowDown>button:Add attachment[None|f=None|h=None]@32.4 ; ArrowDown>button:Add attachment[None|f=None|h=File]@63.8 ; ArrowDown*>menuitem:File[None|f=None|h=File]@64 ; Enter>menuitem:Image[None|f=None|h=Image]@66.1
chromium-dark-desktop › orbit-menu down-down-enter burst sample 8,orbit-menu,select-keys,down-down-enter,,burst,8,ArrowDown ArrowDown Enter,image | list closed | @button:Add attachment,1,1,ArrowDown>button:Add attachment[None|f=None|h=None]@38 ; ArrowDown>button:Add attachment[None|f=None|h=File]@66 ; ArrowDown*>menuitem:File[None|f=None|h=File]@66.1 ; Enter>menuitem:Image[None|f=None|h=Image]@68.2
chromium-dark-desktop › orbit-menu down-down-enter burst sample 9,orbit-menu,select-keys,down-down-enter,,burst,9,ArrowDown ArrowDown Enter,image | list closed | @button:Add attachment,1,1,ArrowDown>button:Add attachment[None|f=None|h=None]@32.4 ; ArrowDown>button:Add attachment[None|f=None|h=File]@61.3 ; ArrowDown*>menuitem:File[None|f=None|h=File]@61.5 ; Enter>menuitem:Image[None|f=None|h=Image]@64.6
chromium-dark-desktop › orbit-menu down-down-enter burst sample 10,orbit-menu,select-keys,down-down-enter,,burst,10,ArrowDown ArrowDown Enter,image | list closed | @button:Add attachment,1,1,ArrowDown>button:Add attachment[None|f=None|h=None]@36.9 ; ArrowDown>button:Add attachment[None|f=None|h=File]@63.9 ; ArrowDown*>menuitem:File[None|f=None|h=File]@64 ; Enter>menuitem:Image[None|f=None|h=Image]@66.1
chromium-dark-desktop › orbit-menu down-down-enter burst sample 11,orbit-menu,select-keys,down-down-enter,,burst,11,ArrowDown ArrowDown Enter,image | list closed | @button:Add attachment,1,1,ArrowDown>button:Add attachment[None|f=None|h=None]@40 ; ArrowDown>button:Add attachment[None|f=None|h=File]@66.3 ; ArrowDown*>menuitem:File[None|f=None|h=File]@66.4 ; Enter>menuitem:Image[None|f=None|h=Image]@68.3
chromium-dark-desktop › orbit-menu down-down-enter burst sample 12,orbit-menu,select-keys,down-down-enter,,burst,12,ArrowDown ArrowDown Enter,image | list closed | @button:Add attachment,1,1,ArrowDown>button:Add attachment[None|f=None|h=None]@26.6 ; ArrowDown>button:Add attachment[None|f=None|h=File]@51.5 ; ArrowDown*>menuitem:File[None|f=None|h=File]@51.7 ; Enter>menuitem:Image[None|f=None|h=Image]@53.6
chromium-dark-desktop › orbit-menu down-down-enter burst sample 13,orbit-menu,select-keys,down-down-enter,,burst,13,ArrowDown ArrowDown Enter,image | list closed | @button:Add attachment,1,1,ArrowDown>button:Add attachment[None|f=None|h=None]@36.7 ; ArrowDown>button:Add attachment[None|f=None|h=File]@66.3 ; ArrowDown*>menuitem:File[None|f=None|h=File]@66.4 ; Enter>menuitem:Image[None|f=None|h=Image]@68.6
chromium-dark-desktop › orbit-menu down-down-enter burst sample 14,orbit-menu,select-keys,down-down-enter,,burst,14,ArrowDown ArrowDown Enter,image | list closed | @button:Add attachment,1,1,ArrowDown>button:Add attachment[None|f=None|h=None]@37.7 ; ArrowDown>button:Add attachment[None|f=None|h=File]@65.8 ; ArrowDown*>menuitem:File[None|f=None|h=File]@65.9 ; Enter>menuitem:Image[None|f=None|h=Image]@68.5
chromium-dark-desktop › orbit-menu down-down-enter burst sample 15,orbit-menu,select-keys,down-down-enter,,burst,15,ArrowDown ArrowDown Enter,image | list closed | @button:Add attachment,1,1,ArrowDown>button:Add attachment[None|f=None|h=None]@30.5 ; ArrowDown>button:Add attachment[None|f=None|h=File]@57.1 ; ArrowDown*>menuitem:File[None|f=None|h=File]@57.3 ; Enter>menuitem:Image[None|f=None|h=Image]@59.6
chromium-dark-desktop › orbit-menu down-down-enter burst sample 16,orbit-menu,select-keys,down-down-enter,,burst,16,ArrowDown ArrowDown Enter,image | list closed | @button:Add attachment,1,1,ArrowDown>button:Add attachment[None|f=None|h=None]@39.2 ; ArrowDown>button:Add attachment[None|f=None|h=File]@67.7 ; ArrowDown*>menuitem:File[None|f=None|h=File]@67.9 ; Enter>menuitem:Image[None|f=None|h=Image]@70.1
chromium-dark-desktop › orbit-menu down-down-enter burst sample 17,orbit-menu,select-keys,down-down-enter,,burst,17,ArrowDown ArrowDown Enter,image | list closed | @button:Add attachment,1,1,ArrowDown>button:Add attachment[None|f=None|h=None]@34.7 ; ArrowDown>button:Add attachment[None|f=None|h=File]@67.2 ; ArrowDown*>menuitem:File[None|f=None|h=File]@67.4 ; Enter>menuitem:Image[None|f=None|h=Image]@69.4
chromium-dark-desktop › orbit-menu down-down-enter burst sample 18,orbit-menu,select-keys,down-down-enter,,burst,18,ArrowDown ArrowDown Enter,image | list closed | @button:Add attachment,1,1,ArrowDown>button:Add attachment[None|f=None|h=None]@37.7 ; ArrowDown>button:Add attachment[None|f=None|h=File]@69.3 ; ArrowDown*>menuitem:File[None|f=None|h=File]@69.5 ; Enter>menuitem:Image[None|f=None|h=Image]@71.5
chromium-dark-desktop › orbit-menu down-down-enter burst sample 19,orbit-menu,select-keys,down-down-enter,,burst,19,ArrowDown ArrowDown Enter,image | list closed | @button:Add attachment,1,1,ArrowDown>button:Add attachment[None|f=None|h=None]@27.9 ; ArrowDown>button:Add attachment[None|f=None|h=File]@59.5 ; ArrowDown*>menuitem:File[None|f=None|h=File]@59.7 ; Enter>menuitem:Image[None|f=None|h=Image]@62.4
chromium-dark-desktop › orbit-menu down-down-enter paced sample 0,orbit-menu,select-keys,down-down-enter,,paced,0,ArrowDown ArrowDown Enter,image | list closed | @button:Add attachment,0,0,ArrowDown>button:Add attachment[None|f=None|h=None]@30 ; ArrowDown>menuitem:File[None|f=None|h=File]@373.7 ; Enter>menuitem:Image[None|f=None|h=Image]@684
chromium-dark-desktop › orbit-menu down-down-enter paced sample 1,orbit-menu,select-keys,down-down-enter,,paced,1,ArrowDown ArrowDown Enter,image | list closed | @button:Add attachment,0,0,ArrowDown>button:Add attachment[None|f=None|h=None]@45.1 ; ArrowDown>menuitem:File[None|f=None|h=File]@403.7 ; Enter>menuitem:Image[None|f=None|h=Image]@721.3
chromium-dark-desktop › orbit-menu down-down-enter paced sample 2,orbit-menu,select-keys,down-down-enter,,paced,2,ArrowDown ArrowDown Enter,image | list closed | @button:Add attachment,0,0,ArrowDown>button:Add attachment[None|f=None|h=None]@27.4 ; ArrowDown>menuitem:File[None|f=None|h=File]@368.6 ; Enter>menuitem:Image[None|f=None|h=Image]@681.2
chromium-dark-desktop › orbit-field down-up-enter burst sample 0,orbit-field,select-keys,down-up-enter,,burst,0,ArrowDown ArrowUp Enter,never | list closed | @combobox:Expires,1,1,ArrowDown>combobox:Expires[None|f=None|h=None]@30.2 ; ArrowUp>combobox:Expires[None|f=None|h=7 days]@49 ; ArrowUp*>option:7 days[None|f=None|h=7 days]@49.6 ; Enter>option:Never[None|f=None|h=Never]@51.3
chromium-dark-desktop › orbit-field down-up-enter burst sample 1,orbit-field,select-keys,down-up-enter,,burst,1,ArrowDown ArrowUp Enter,never | list closed | @combobox:Expires,1,1,ArrowDown>combobox:Expires[None|f=None|h=None]@25 ; ArrowUp>combobox:Expires[None|f=None|h=7 days]@39.4 ; ArrowUp*>option:7 days[None|f=None|h=7 days]@39.8 ; Enter>option:Never[None|f=None|h=Never]@41.2
chromium-dark-desktop › orbit-field down-up-enter burst sample 2,orbit-field,select-keys,down-up-enter,,burst,2,ArrowDown ArrowUp Enter,never | list closed | @combobox:Expires,1,1,ArrowDown>combobox:Expires[None|f=None|h=None]@11.1 ; ArrowUp>combobox:Expires[None|f=None|h=7 days]@23.6 ; ArrowUp*>option:7 days[None|f=None|h=7 days]@24 ; Enter>option:Never[None|f=None|h=Never]@25.4
chromium-dark-desktop › orbit-field down-up-enter burst sample 3,orbit-field,select-keys,down-up-enter,,burst,3,ArrowDown ArrowUp Enter,never | list closed | @combobox:Expires,1,1,ArrowDown>combobox:Expires[None|f=None|h=None]@16.6 ; ArrowUp>combobox:Expires[None|f=None|h=7 days]@30.3 ; ArrowUp*>option:7 days[None|f=None|h=7 days]@30.6 ; Enter>option:Never[None|f=None|h=Never]@32
chromium-dark-desktop › orbit-field down-up-enter burst sample 4,orbit-field,select-keys,down-up-enter,,burst,4,ArrowDown ArrowUp Enter,never | list closed | @combobox:Expires,1,1,ArrowDown>combobox:Expires[None|f=None|h=None]@18.1 ; ArrowUp>combobox:Expires[None|f=None|h=7 days]@32.6 ; ArrowUp*>option:7 days[None|f=None|h=7 days]@32.9 ; Enter>option:Never[None|f=None|h=Never]@34.4
chromium-dark-desktop › orbit-field down-up-enter burst sample 5,orbit-field,select-keys,down-up-enter,,burst,5,ArrowDown ArrowUp Enter,never | list closed | @combobox:Expires,0,0,ArrowDown>combobox:Expires[None|f=None|h=None]@730.3 ; ArrowUp>option:7 days[None|f=None|h=7 days]@763.6 ; Enter>option:Never[None|f=None|h=Never]@800.9
chromium-dark-desktop › orbit-field down-up-enter burst sample 6,orbit-field,select-keys,down-up-enter,,burst,6,ArrowDown ArrowUp Enter,never | list closed | @combobox:Expires,1,1,ArrowDown>combobox:Expires[None|f=None|h=None]@18.4 ; ArrowUp>combobox:Expires[None|f=None|h=7 days]@29.9 ; ArrowUp*>option:7 days[None|f=None|h=7 days]@30.1 ; Enter>option:Never[None|f=None|h=Never]@32.2
chromium-dark-desktop › orbit-field down-up-enter burst sample 7,orbit-field,select-keys,down-up-enter,,burst,7,ArrowDown ArrowUp Enter,never | list closed | @combobox:Expires,1,1,ArrowDown>combobox:Expires[None|f=None|h=None]@42.3 ; ArrowUp>combobox:Expires[None|f=None|h=7 days]@58.4 ; ArrowUp*>option:7 days[None|f=None|h=7 days]@58.9 ; Enter>option:Never[None|f=None|h=Never]@63.2
chromium-dark-desktop › orbit-field down-up-enter burst sample 8,orbit-field,select-keys,down-up-enter,,burst,8,ArrowDown ArrowUp Enter,never | list closed | @combobox:Expires,1,1,ArrowDown>combobox:Expires[None|f=None|h=None]@13.2 ; ArrowUp>combobox:Expires[None|f=None|h=7 days]@25.7 ; ArrowUp*>option:7 days[None|f=None|h=7 days]@26 ; Enter>option:Never[None|f=None|h=Never]@28.2
chromium-dark-desktop › orbit-field down-up-enter burst sample 9,orbit-field,select-keys,down-up-enter,,burst,9,ArrowDown ArrowUp Enter,never | list closed | @combobox:Expires,1,1,ArrowDown>combobox:Expires[None|f=None|h=None]@8.7 ; ArrowUp>combobox:Expires[None|f=None|h=7 days]@20.2 ; ArrowUp*>option:7 days[None|f=None|h=7 days]@20.6 ; Enter>option:Never[None|f=None|h=Never]@21.7
chromium-dark-desktop › orbit-field down-up-enter burst sample 10,orbit-field,select-keys,down-up-enter,,burst,10,ArrowDown ArrowUp Enter,never | list closed | @combobox:Expires,1,1,ArrowDown>combobox:Expires[None|f=None|h=None]@22 ; ArrowUp>combobox:Expires[None|f=None|h=7 days]@36.3 ; ArrowUp*>option:7 days[None|f=None|h=7 days]@36.7 ; Enter>option:Never[None|f=None|h=Never]@38.3
chromium-dark-desktop › orbit-field down-up-enter burst sample 11,orbit-field,select-keys,down-up-enter,,burst,11,ArrowDown ArrowUp Enter,never | list closed | @combobox:Expires,1,1,ArrowDown>combobox:Expires[None|f=None|h=None]@15.5 ; ArrowUp>combobox:Expires[None|f=None|h=7 days]@26.9 ; ArrowUp*>option:7 days[None|f=None|h=7 days]@27.2 ; Enter>option:Never[None|f=None|h=Never]@28.3
chromium-dark-desktop › orbit-field down-up-enter burst sample 12,orbit-field,select-keys,down-up-enter,,burst,12,ArrowDown ArrowUp Enter,never | list closed | @combobox:Expires,1,1,ArrowDown>combobox:Expires[None|f=None|h=None]@8 ; ArrowUp>combobox:Expires[None|f=None|h=7 days]@20.7 ; ArrowUp*>option:7 days[None|f=None|h=7 days]@21 ; Enter>option:Never[None|f=None|h=Never]@22.1
chromium-dark-desktop › orbit-field down-up-enter burst sample 13,orbit-field,select-keys,down-up-enter,,burst,13,ArrowDown ArrowUp Enter,never | list closed | @combobox:Expires,1,1,ArrowDown>combobox:Expires[None|f=None|h=None]@33.6 ; ArrowUp>combobox:Expires[None|f=None|h=7 days]@54.5 ; ArrowUp*>option:7 days[None|f=None|h=7 days]@54.9 ; Enter>option:Never[None|f=None|h=Never]@61.6
chromium-dark-desktop › orbit-field down-up-enter burst sample 14,orbit-field,select-keys,down-up-enter,,burst,14,ArrowDown ArrowUp Enter,never | list closed | @combobox:Expires,1,1,ArrowDown>combobox:Expires[None|f=None|h=None]@15.8 ; ArrowUp>combobox:Expires[None|f=None|h=7 days]@28 ; ArrowUp*>option:7 days[None|f=None|h=7 days]@28.3 ; Enter>option:Never[None|f=None|h=Never]@29.4
chromium-dark-desktop › orbit-field down-up-enter burst sample 15,orbit-field,select-keys,down-up-enter,,burst,15,ArrowDown ArrowUp Enter,never | list closed | @combobox:Expires,1,1,ArrowDown>combobox:Expires[None|f=None|h=None]@16.6 ; ArrowUp>combobox:Expires[None|f=None|h=7 days]@29.5 ; ArrowUp*>option:7 days[None|f=None|h=7 days]@29.9 ; Enter>option:Never[None|f=None|h=Never]@31.2
chromium-dark-desktop › orbit-field down-up-enter burst sample 16,orbit-field,select-keys,down-up-enter,,burst,16,ArrowDown ArrowUp Enter,never | list closed | @combobox:Expires,1,1,ArrowDown>combobox:Expires[None|f=None|h=None]@14.9 ; ArrowUp>combobox:Expires[None|f=None|h=7 days]@27.5 ; ArrowUp*>option:7 days[None|f=None|h=7 days]@27.8 ; Enter>option:Never[None|f=None|h=Never]@29.1
chromium-dark-desktop › orbit-field down-up-enter burst sample 17,orbit-field,select-keys,down-up-enter,,burst,17,ArrowDown ArrowUp Enter,never | list closed | @combobox:Expires,1,1,ArrowDown>combobox:Expires[None|f=None|h=None]@17.4 ; ArrowUp>combobox:Expires[None|f=None|h=7 days]@32.6 ; ArrowUp*>option:7 days[None|f=None|h=7 days]@33 ; Enter>option:Never[None|f=None|h=Never]@34.9
chromium-dark-desktop › orbit-field down-up-enter burst sample 18,orbit-field,select-keys,down-up-enter,,burst,18,ArrowDown ArrowUp Enter,never | list closed | @combobox:Expires,1,1,ArrowDown>combobox:Expires[None|f=None|h=None]@25.8 ; ArrowUp>combobox:Expires[None|f=None|h=7 days]@45.5 ; ArrowUp*>option:7 days[None|f=None|h=7 days]@46 ; Enter>option:Never[None|f=None|h=Never]@49.2
chromium-dark-desktop › orbit-field down-up-enter burst sample 19,orbit-field,select-keys,down-up-enter,,burst,19,ArrowDown ArrowUp Enter,never | list closed | @combobox:Expires,1,1,ArrowDown>combobox:Expires[None|f=None|h=None]@19.2 ; ArrowUp>combobox:Expires[None|f=None|h=7 days]@35.4 ; ArrowUp*>option:7 days[None|f=None|h=7 days]@35.9 ; Enter>option:Never[None|f=None|h=Never]@37.4
chromium-dark-desktop › orbit-field down-up-enter paced sample 0,orbit-field,select-keys,down-up-enter,,paced,0,ArrowDown ArrowUp Enter,never | list closed | @combobox:Expires,0,0,ArrowDown>combobox:Expires[None|f=None|h=None]@8.7 ; ArrowUp>option:7 days[None|f=None|h=7 days]@326.2 ; Enter>option:Never[None|f=None|h=Never]@634.8
chromium-dark-desktop › orbit-field down-up-enter paced sample 1,orbit-field,select-keys,down-up-enter,,paced,1,ArrowDown ArrowUp Enter,never | list closed | @combobox:Expires,0,0,ArrowDown>combobox:Expires[None|f=None|h=None]@22.6 ; ArrowUp>option:7 days[None|f=None|h=7 days]@338.4 ; Enter>option:Never[None|f=None|h=Never]@650.7
chromium-dark-desktop › orbit-field down-up-enter paced sample 2,orbit-field,select-keys,down-up-enter,,paced,2,ArrowDown ArrowUp Enter,never | list closed | @combobox:Expires,0,0,ArrowDown>combobox:Expires[None|f=None|h=None]@9.3 ; ArrowUp>option:7 days[None|f=None|h=7 days]@333.1 ; Enter>option:Never[None|f=None|h=Never]@641.9
chromium-dark-desktop › orbit-sample down-up-enter burst sample 0,orbit-sample,select-keys,down-up-enter,,burst,0,ArrowDown ArrowUp Enter,Never | list closed | @combobox:Sample choice,1,1,ArrowDown>combobox:Sample choice[None|f=None|h=None]@22.2 ; ArrowUp>combobox:Sample choice[None|f=None|h=7 days]@33.8 ; ArrowUp*>option:7 days[None|f=None|h=7 days]@34.1 ; Enter>option:Never[None|f=None|h=Never]@35.3
chromium-dark-desktop › orbit-sample down-up-enter burst sample 1,orbit-sample,select-keys,down-up-enter,,burst,1,ArrowDown ArrowUp Enter,Never | list closed | @combobox:Sample choice,1,1,ArrowDown>combobox:Sample choice[None|f=None|h=None]@13.8 ; ArrowUp>combobox:Sample choice[None|f=None|h=7 days]@26.8 ; ArrowUp*>option:7 days[None|f=None|h=7 days]@27.1 ; Enter>option:Never[None|f=None|h=Never]@28.2
chromium-dark-desktop › orbit-sample down-up-enter burst sample 2,orbit-sample,select-keys,down-up-enter,,burst,2,ArrowDown ArrowUp Enter,Never | list closed | @combobox:Sample choice,1,1,ArrowDown>combobox:Sample choice[None|f=None|h=None]@23.1 ; ArrowUp>combobox:Sample choice[None|f=None|h=7 days]@37.9 ; ArrowUp*>option:7 days[None|f=None|h=7 days]@38.2 ; Enter>option:Never[None|f=None|h=Never]@39.6
chromium-dark-desktop › orbit-sample down-up-enter burst sample 3,orbit-sample,select-keys,down-up-enter,,burst,3,ArrowDown ArrowUp Enter,Never | list closed | @combobox:Sample choice,1,1,ArrowDown>combobox:Sample choice[None|f=None|h=None]@13.5 ; ArrowUp>combobox:Sample choice[None|f=None|h=7 days]@29 ; ArrowUp*>option:7 days[None|f=None|h=7 days]@29.4 ; Enter>option:Never[None|f=None|h=Never]@32.9
chromium-dark-desktop › orbit-sample down-up-enter burst sample 4,orbit-sample,select-keys,down-up-enter,,burst,4,ArrowDown ArrowUp Enter,Never | list closed | @combobox:Sample choice,1,1,ArrowDown>combobox:Sample choice[None|f=None|h=None]@17.5 ; ArrowUp>combobox:Sample choice[None|f=None|h=7 days]@36.1 ; ArrowUp*>option:7 days[None|f=None|h=7 days]@36.6 ; Enter>option:Never[None|f=None|h=Never]@38.2
chromium-dark-desktop › orbit-sample down-up-enter burst sample 5,orbit-sample,select-keys,down-up-enter,,burst,5,ArrowDown ArrowUp Enter,Never | list closed | @combobox:Sample choice,1,1,ArrowDown>combobox:Sample choice[None|f=None|h=None]@68.6 ; ArrowUp>combobox:Sample choice[None|f=None|h=7 days]@89.8 ; ArrowUp*>option:7 days[None|f=None|h=7 days]@90.4 ; Enter>option:Never[None|f=None|h=Never]@92.4
chromium-dark-desktop › orbit-sample down-up-enter burst sample 6,orbit-sample,select-keys,down-up-enter,,burst,6,ArrowDown ArrowUp Enter,Never | list closed | @combobox:Sample choice,1,1,ArrowDown>combobox:Sample choice[None|f=None|h=None]@25.8 ; ArrowUp>combobox:Sample choice[None|f=None|h=7 days]@46.1 ; ArrowUp*>option:7 days[None|f=None|h=7 days]@46.5 ; Enter>option:Never[None|f=None|h=Never]@48.5
chromium-dark-desktop › orbit-sample down-up-enter burst sample 7,orbit-sample,select-keys,down-up-enter,,burst,7,ArrowDown ArrowUp Enter,Never | list closed | @combobox:Sample choice,1,1,ArrowDown>combobox:Sample choice[None|f=None|h=None]@35.1 ; ArrowUp>combobox:Sample choice[None|f=None|h=7 days]@59.7 ; ArrowUp*>option:7 days[None|f=None|h=7 days]@60.1 ; Enter>option:Never[None|f=None|h=Never]@61.7
chromium-dark-desktop › orbit-sample down-up-enter burst sample 8,orbit-sample,select-keys,down-up-enter,,burst,8,ArrowDown ArrowUp Enter,Never | list closed | @combobox:Sample choice,1,1,ArrowDown>combobox:Sample choice[None|f=None|h=None]@26.4 ; ArrowUp>combobox:Sample choice[None|f=None|h=7 days]@40.1 ; ArrowUp*>option:7 days[None|f=None|h=7 days]@40.6 ; Enter>option:Never[None|f=None|h=Never]@41.9
chromium-dark-desktop › orbit-sample down-up-enter burst sample 9,orbit-sample,select-keys,down-up-enter,,burst,9,ArrowDown ArrowUp Enter,Never | list closed | @combobox:Sample choice,1,1,ArrowDown>combobox:Sample choice[None|f=None|h=None]@32.3 ; ArrowUp>combobox:Sample choice[None|f=None|h=7 days]@53.7 ; ArrowUp*>option:7 days[None|f=None|h=7 days]@54.1 ; Enter>option:Never[None|f=None|h=Never]@55.7
chromium-dark-desktop › orbit-sample down-up-enter burst sample 10,orbit-sample,select-keys,down-up-enter,,burst,10,ArrowDown ArrowUp Enter,Never | list closed | @combobox:Sample choice,1,1,ArrowDown>combobox:Sample choice[None|f=None|h=None]@21.4 ; ArrowUp>combobox:Sample choice[None|f=None|h=7 days]@43.3 ; ArrowUp*>option:7 days[None|f=None|h=7 days]@43.8 ; Enter>option:Never[None|f=None|h=Never]@45.8
chromium-dark-desktop › orbit-sample down-up-enter burst sample 11,orbit-sample,select-keys,down-up-enter,,burst,11,ArrowDown ArrowUp Enter,Never | list closed | @combobox:Sample choice,1,1,ArrowDown>combobox:Sample choice[None|f=None|h=None]@25.7 ; ArrowUp>combobox:Sample choice[None|f=None|h=7 days]@40.7 ; ArrowUp*>option:7 days[None|f=None|h=7 days]@41.2 ; Enter>option:Never[None|f=None|h=Never]@44.9
chromium-dark-desktop › orbit-sample down-up-enter burst sample 12,orbit-sample,select-keys,down-up-enter,,burst,12,ArrowDown ArrowUp Enter,Never | list closed | @combobox:Sample choice,1,1,ArrowDown>combobox:Sample choice[None|f=None|h=None]@19.9 ; ArrowUp>combobox:Sample choice[None|f=None|h=7 days]@33 ; ArrowUp*>option:7 days[None|f=None|h=7 days]@33.4 ; Enter>option:Never[None|f=None|h=Never]@35.6
chromium-dark-desktop › orbit-sample down-up-enter burst sample 13,orbit-sample,select-keys,down-up-enter,,burst,13,ArrowDown ArrowUp Enter,Never | list closed | @combobox:Sample choice,1,1,ArrowDown>combobox:Sample choice[None|f=None|h=None]@16.1 ; ArrowUp>combobox:Sample choice[None|f=None|h=7 days]@33.8 ; ArrowUp*>option:7 days[None|f=None|h=7 days]@34.2 ; Enter>option:Never[None|f=None|h=Never]@38.8
chromium-dark-desktop › orbit-sample down-up-enter burst sample 14,orbit-sample,select-keys,down-up-enter,,burst,14,ArrowDown ArrowUp Enter,Never | list closed | @combobox:Sample choice,1,1,ArrowDown>combobox:Sample choice[None|f=None|h=None]@37.8 ; ArrowUp>combobox:Sample choice[None|f=None|h=7 days]@58.4 ; ArrowUp*>option:7 days[None|f=None|h=7 days]@59 ; Enter>option:Never[None|f=None|h=Never]@62
chromium-dark-desktop › orbit-sample down-up-enter burst sample 15,orbit-sample,select-keys,down-up-enter,,burst,15,ArrowDown ArrowUp Enter,Never | list closed | @combobox:Sample choice,1,1,ArrowDown>combobox:Sample choice[None|f=None|h=None]@5.2 ; ArrowUp>combobox:Sample choice[None|f=None|h=7 days]@17.4 ; ArrowUp*>option:7 days[None|f=None|h=7 days]@17.7 ; Enter>option:Never[None|f=None|h=Never]@18.8
chromium-dark-desktop › orbit-sample down-up-enter burst sample 16,orbit-sample,select-keys,down-up-enter,,burst,16,ArrowDown ArrowUp Enter,Never | list closed | @combobox:Sample choice,1,1,ArrowDown>combobox:Sample choice[None|f=None|h=None]@17.8 ; ArrowUp>combobox:Sample choice[None|f=None|h=7 days]@32.2 ; ArrowUp*>option:7 days[None|f=None|h=7 days]@32.5 ; Enter>option:Never[None|f=None|h=Never]@33.9
chromium-dark-desktop › orbit-sample down-up-enter burst sample 17,orbit-sample,select-keys,down-up-enter,,burst,17,ArrowDown ArrowUp Enter,Never | list closed | @combobox:Sample choice,1,1,ArrowDown>combobox:Sample choice[None|f=None|h=None]@40 ; ArrowUp>combobox:Sample choice[None|f=None|h=7 days]@65.5 ; ArrowUp*>option:7 days[None|f=None|h=7 days]@66 ; Enter>option:Never[None|f=None|h=Never]@68.2
chromium-dark-desktop › orbit-sample down-up-enter burst sample 18,orbit-sample,select-keys,down-up-enter,,burst,18,ArrowDown ArrowUp Enter,Never | list closed | @combobox:Sample choice,1,1,ArrowDown>combobox:Sample choice[None|f=None|h=None]@22.3 ; ArrowUp>combobox:Sample choice[None|f=None|h=7 days]@35.1 ; ArrowUp*>option:7 days[None|f=None|h=7 days]@35.4 ; Enter>option:Never[None|f=None|h=Never]@36.4
chromium-dark-desktop › orbit-sample down-up-enter burst sample 19,orbit-sample,select-keys,down-up-enter,,burst,19,ArrowDown ArrowUp Enter,Never | list closed | @combobox:Sample choice,1,1,ArrowDown>combobox:Sample choice[None|f=None|h=None]@33.9 ; ArrowUp>combobox:Sample choice[None|f=None|h=7 days]@52.6 ; ArrowUp*>option:7 days[None|f=None|h=7 days]@53 ; Enter>option:Never[None|f=None|h=Never]@54.5
chromium-dark-desktop › orbit-sample down-up-enter paced sample 0,orbit-sample,select-keys,down-up-enter,,paced,0,ArrowDown ArrowUp Enter,Never | list closed | @combobox:Sample choice,0,0,ArrowDown>combobox:Sample choice[None|f=None|h=None]@4.3 ; ArrowUp>option:7 days[None|f=None|h=7 days]@315.8 ; Enter>option:Never[None|f=None|h=Never]@620.4
chromium-dark-desktop › orbit-sample down-up-enter paced sample 1,orbit-sample,select-keys,down-up-enter,,paced,1,ArrowDown ArrowUp Enter,Never | list closed | @combobox:Sample choice,0,0,ArrowDown>combobox:Sample choice[None|f=None|h=None]@17.7 ; ArrowUp>option:7 days[None|f=None|h=7 days]@338.7 ; Enter>option:Never[None|f=None|h=Never]@649.3
chromium-dark-desktop › orbit-sample down-up-enter paced sample 2,orbit-sample,select-keys,down-up-enter,,paced,2,ArrowDown ArrowUp Enter,Never | list closed | @combobox:Sample choice,0,0,ArrowDown>combobox:Sample choice[None|f=None|h=None]@25.2 ; ArrowUp>option:7 days[None|f=None|h=7 days]@371.2 ; Enter>option:Never[None|f=None|h=Never]@704.3
chromium-dark-desktop › antd-sample down-up-enter burst sample 0,antd-sample,select-keys,down-up-enter,,burst,0,ArrowDown ArrowUp Enter,Never | Never | list closed | @combobox:Sample choice,1,0,ArrowDown>combobox:Sample choice[None|f=None|h=None]@13.2 ; ArrowUp>combobox:Sample choice[None|f=None|h=7 days]@20.7 ; Enter>combobox:Sample choice[None|f=None|h=Never]@24.2
chromium-dark-desktop › antd-sample down-up-enter burst sample 1,antd-sample,select-keys,down-up-enter,,burst,1,ArrowDown ArrowUp Enter,Never | Never | list closed | @combobox:Sample choice,1,0,ArrowDown>combobox:Sample choice[None|f=None|h=None]@8.3 ; ArrowUp>combobox:Sample choice[None|f=None|h=7 days]@18.9 ; Enter>combobox:Sample choice[None|f=None|h=Never]@23.2
chromium-dark-desktop › antd-sample down-up-enter burst sample 2,antd-sample,select-keys,down-up-enter,,burst,2,ArrowDown ArrowUp Enter,Never | Never | list closed | @combobox:Sample choice,1,0,ArrowDown>combobox:Sample choice[None|f=None|h=None]@8.2 ; ArrowUp>combobox:Sample choice[None|f=None|h=7 days]@21.1 ; Enter>combobox:Sample choice[None|f=None|h=Never]@26.2
chromium-dark-desktop › antd-sample down-up-enter burst sample 3,antd-sample,select-keys,down-up-enter,,burst,3,ArrowDown ArrowUp Enter,Never | Never | list closed | @combobox:Sample choice,1,0,ArrowDown>combobox:Sample choice[None|f=None|h=None]@9.3 ; ArrowUp>combobox:Sample choice[None|f=None|h=7 days]@20.1 ; Enter>combobox:Sample choice[None|f=None|h=Never]@24.2
chromium-dark-desktop › antd-sample down-up-enter burst sample 4,antd-sample,select-keys,down-up-enter,,burst,4,ArrowDown ArrowUp Enter,Never | Never | list closed | @combobox:Sample choice,1,0,ArrowDown>combobox:Sample choice[None|f=None|h=None]@14.4 ; ArrowUp>combobox:Sample choice[None|f=None|h=7 days]@25 ; Enter>combobox:Sample choice[None|f=None|h=Never]@29.6
chromium-dark-desktop › antd-sample down-up-enter burst sample 5,antd-sample,select-keys,down-up-enter,,burst,5,ArrowDown ArrowUp Enter,Never | Never | list closed | @combobox:Sample choice,1,0,ArrowDown>combobox:Sample choice[None|f=None|h=None]@15 ; ArrowUp>combobox:Sample choice[None|f=None|h=7 days]@23.6 ; Enter>combobox:Sample choice[None|f=None|h=Never]@26.6
chromium-dark-desktop › antd-sample down-up-enter burst sample 6,antd-sample,select-keys,down-up-enter,,burst,6,ArrowDown ArrowUp Enter,Never | Never | list closed | @combobox:Sample choice,1,0,ArrowDown>combobox:Sample choice[None|f=None|h=None]@19 ; ArrowUp>combobox:Sample choice[None|f=None|h=7 days]@31.2 ; Enter>combobox:Sample choice[None|f=None|h=Never]@35.5
chromium-dark-desktop › antd-sample down-up-enter burst sample 7,antd-sample,select-keys,down-up-enter,,burst,7,ArrowDown ArrowUp Enter,Never | Never | list closed | @combobox:Sample choice,1,0,ArrowDown>combobox:Sample choice[None|f=None|h=None]@11.7 ; ArrowUp>combobox:Sample choice[None|f=None|h=7 days]@21.9 ; Enter>combobox:Sample choice[None|f=None|h=Never]@26.8
chromium-dark-desktop › antd-sample down-up-enter burst sample 8,antd-sample,select-keys,down-up-enter,,burst,8,ArrowDown ArrowUp Enter,Never | Never | list closed | @combobox:Sample choice,1,0,ArrowDown>combobox:Sample choice[None|f=None|h=None]@21.8 ; ArrowUp>combobox:Sample choice[None|f=None|h=7 days]@34.9 ; Enter>combobox:Sample choice[None|f=None|h=Never]@39.6
chromium-dark-desktop › antd-sample down-up-enter burst sample 9,antd-sample,select-keys,down-up-enter,,burst,9,ArrowDown ArrowUp Enter,Never | Never | list closed | @combobox:Sample choice,1,0,ArrowDown>combobox:Sample choice[None|f=None|h=None]@18.8 ; ArrowUp>combobox:Sample choice[None|f=None|h=7 days]@32.7 ; Enter>combobox:Sample choice[None|f=None|h=Never]@37.3
chromium-dark-desktop › antd-sample down-up-enter burst sample 10,antd-sample,select-keys,down-up-enter,,burst,10,ArrowDown ArrowUp Enter,Never | Never | list closed | @combobox:Sample choice,1,0,ArrowDown>combobox:Sample choice[None|f=None|h=None]@20 ; ArrowUp>combobox:Sample choice[None|f=None|h=7 days]@35.3 ; Enter>combobox:Sample choice[None|f=None|h=Never]@40.7
chromium-dark-desktop › antd-sample down-up-enter burst sample 11,antd-sample,select-keys,down-up-enter,,burst,11,ArrowDown ArrowUp Enter,Never | Never | list closed | @combobox:Sample choice,1,0,ArrowDown>combobox:Sample choice[None|f=None|h=None]@5.5 ; ArrowUp>combobox:Sample choice[None|f=None|h=7 days]@12.6 ; Enter>combobox:Sample choice[None|f=None|h=Never]@15.6
chromium-dark-desktop › antd-sample down-up-enter burst sample 12,antd-sample,select-keys,down-up-enter,,burst,12,ArrowDown ArrowUp Enter,Never | Never | list closed | @combobox:Sample choice,1,0,ArrowDown>combobox:Sample choice[None|f=None|h=None]@34.6 ; ArrowUp>combobox:Sample choice[None|f=None|h=7 days]@49 ; Enter>combobox:Sample choice[None|f=None|h=Never]@54.9
chromium-dark-desktop › antd-sample down-up-enter burst sample 13,antd-sample,select-keys,down-up-enter,,burst,13,ArrowDown ArrowUp Enter,Never | Never | list closed | @combobox:Sample choice,1,0,ArrowDown>combobox:Sample choice[None|f=None|h=None]@37.8 ; ArrowUp>combobox:Sample choice[None|f=None|h=7 days]@48 ; Enter>combobox:Sample choice[None|f=None|h=Never]@52.8
chromium-dark-desktop › antd-sample down-up-enter burst sample 14,antd-sample,select-keys,down-up-enter,,burst,14,ArrowDown ArrowUp Enter,Never | Never | list closed | @combobox:Sample choice,1,0,ArrowDown>combobox:Sample choice[None|f=None|h=None]@17.2 ; ArrowUp>combobox:Sample choice[None|f=None|h=7 days]@27.7 ; Enter>combobox:Sample choice[None|f=None|h=Never]@31.9
chromium-dark-desktop › antd-sample down-up-enter burst sample 15,antd-sample,select-keys,down-up-enter,,burst,15,ArrowDown ArrowUp Enter,Never | Never | list closed | @combobox:Sample choice,1,0,ArrowDown>combobox:Sample choice[None|f=None|h=None]@7.5 ; ArrowUp>combobox:Sample choice[None|f=None|h=7 days]@16.8 ; Enter>combobox:Sample choice[None|f=None|h=Never]@21
chromium-dark-desktop › antd-sample down-up-enter burst sample 16,antd-sample,select-keys,down-up-enter,,burst,16,ArrowDown ArrowUp Enter,Never | Never | list closed | @combobox:Sample choice,1,0,ArrowDown>combobox:Sample choice[None|f=None|h=None]@45.5 ; ArrowUp>combobox:Sample choice[None|f=None|h=7 days]@60.6 ; Enter>combobox:Sample choice[None|f=None|h=Never]@71.7
chromium-dark-desktop › antd-sample down-up-enter burst sample 17,antd-sample,select-keys,down-up-enter,,burst,17,ArrowDown ArrowUp Enter,Never | Never | list closed | @combobox:Sample choice,1,0,ArrowDown>combobox:Sample choice[None|f=None|h=None]@17.5 ; ArrowUp>combobox:Sample choice[None|f=None|h=7 days]@27.5 ; Enter>combobox:Sample choice[None|f=None|h=Never]@31.7
chromium-dark-desktop › antd-sample down-up-enter burst sample 18,antd-sample,select-keys,down-up-enter,,burst,18,ArrowDown ArrowUp Enter,Never | Never | list closed | @combobox:Sample choice,1,0,ArrowDown>combobox:Sample choice[None|f=None|h=None]@11.3 ; ArrowUp>combobox:Sample choice[None|f=None|h=7 days]@22.3 ; Enter>combobox:Sample choice[None|f=None|h=Never]@27.2
chromium-dark-desktop › antd-sample down-up-enter burst sample 19,antd-sample,select-keys,down-up-enter,,burst,19,ArrowDown ArrowUp Enter,Never | Never | list closed | @combobox:Sample choice,1,0,ArrowDown>combobox:Sample choice[None|f=None|h=None]@13.5 ; ArrowUp>combobox:Sample choice[None|f=None|h=7 days]@26.2 ; Enter>combobox:Sample choice[None|f=None|h=Never]@31.8
chromium-dark-desktop › antd-sample down-up-enter paced sample 0,antd-sample,select-keys,down-up-enter,,paced,0,ArrowDown ArrowUp Enter,Never | Never | list closed | @combobox:Sample choice,1,0,ArrowDown>combobox:Sample choice[None|f=None|h=None]@19.2 ; ArrowUp>combobox:Sample choice[None|f=None|h=7 days]@340.1 ; Enter>combobox:Sample choice[None|f=None|h=Never]@662.7
chromium-dark-desktop › antd-sample down-up-enter paced sample 1,antd-sample,select-keys,down-up-enter,,paced,1,ArrowDown ArrowUp Enter,Never | Never | list closed | @combobox:Sample choice,1,0,ArrowDown>combobox:Sample choice[None|f=None|h=None]@22.7 ; ArrowUp>combobox:Sample choice[None|f=None|h=7 days]@337 ; Enter>combobox:Sample choice[None|f=None|h=Never]@704.8
chromium-dark-desktop › antd-sample down-up-enter paced sample 2,antd-sample,select-keys,down-up-enter,,paced,2,ArrowDown ArrowUp Enter,Never | Never | list closed | @combobox:Sample choice,1,0,ArrowDown>combobox:Sample choice[None|f=None|h=None]@29.4 ; ArrowUp>combobox:Sample choice[None|f=None|h=7 days]@411.3 ; Enter>combobox:Sample choice[None|f=None|h=Never]@835.7
chromium-dark-desktop › orbit-field down-enter burst sample 0,orbit-field,select-keys,down-enter,,burst,0,ArrowDown Enter,never | list closed | @combobox:Expires,1,1,ArrowDown>combobox:Expires[None|f=None|h=None]@76.1 ; Enter>combobox:Expires[None|f=None|h=Never]@98.3 ; Enter*>option:Never[None|f=None|h=Never]@106.7
chromium-dark-desktop › orbit-field down-enter burst sample 1,orbit-field,select-keys,down-enter,,burst,1,ArrowDown Enter,never | list closed | @combobox:Expires,1,1,ArrowDown>combobox:Expires[None|f=None|h=None]@63.8 ; Enter>combobox:Expires[None|f=None|h=Never]@93.7 ; Enter*>option:Never[None|f=None|h=Never]@94.8
chromium-dark-desktop › orbit-field down-enter burst sample 2,orbit-field,select-keys,down-enter,,burst,2,ArrowDown Enter,never | list closed | @combobox:Expires,1,1,ArrowDown>combobox:Expires[None|f=None|h=None]@116.5 ; Enter>combobox:Expires[None|f=None|h=Never]@175.9 ; Enter*>option:Never[None|f=None|h=Never]@177.2
chromium-dark-desktop › orbit-field down-enter burst sample 3,orbit-field,select-keys,down-enter,,burst,3,ArrowDown Enter,never | list closed | @combobox:Expires,1,1,ArrowDown>combobox:Expires[None|f=None|h=None]@65.3 ; Enter>combobox:Expires[None|f=None|h=Never]@87 ; Enter*>option:Never[None|f=None|h=Never]@88
chromium-dark-desktop › orbit-field down-enter burst sample 4,orbit-field,select-keys,down-enter,,burst,4,ArrowDown Enter,never | list closed | @combobox:Expires,1,1,ArrowDown>combobox:Expires[None|f=None|h=None]@121 ; Enter>combobox:Expires[None|f=None|h=Never]@149.6 ; Enter*>option:Never[None|f=None|h=Never]@150.4
chromium-dark-desktop › orbit-field down-enter burst sample 5,orbit-field,select-keys,down-enter,,burst,5,ArrowDown Enter,never | list closed | @combobox:Expires,1,1,ArrowDown>combobox:Expires[None|f=None|h=None]@69.1 ; Enter>combobox:Expires[None|f=None|h=Never]@92.7 ; Enter*>option:Never[None|f=None|h=Never]@93.5
chromium-dark-desktop › orbit-field down-enter burst sample 6,orbit-field,select-keys,down-enter,,burst,6,ArrowDown Enter,never | list closed | @combobox:Expires,1,1,ArrowDown>combobox:Expires[None|f=None|h=None]@48.8 ; Enter>combobox:Expires[None|f=None|h=Never]@68.4 ; Enter*>option:Never[None|f=None|h=Never]@69.1
chromium-dark-desktop › orbit-field down-enter burst sample 7,orbit-field,select-keys,down-enter,,burst,7,ArrowDown Enter,never | list closed | @combobox:Expires,1,1,ArrowDown>combobox:Expires[None|f=None|h=None]@70.5 ; Enter>combobox:Expires[None|f=None|h=Never]@117.4 ; Enter*>option:Never[None|f=None|h=Never]@119
chromium-dark-desktop › orbit-field down-enter burst sample 8,orbit-field,select-keys,down-enter,,burst,8,ArrowDown Enter,never | list closed | @combobox:Expires,1,1,ArrowDown>combobox:Expires[None|f=None|h=None]@45 ; Enter>combobox:Expires[None|f=None|h=Never]@65.9 ; Enter*>option:Never[None|f=None|h=Never]@66.7
chromium-dark-desktop › orbit-field down-enter burst sample 9,orbit-field,select-keys,down-enter,,burst,9,ArrowDown Enter,never | list closed | @combobox:Expires,1,1,ArrowDown>combobox:Expires[None|f=None|h=None]@327.2 ; Enter>combobox:Expires[None|f=None|h=Never]@345.6 ; Enter*>option:Never[None|f=None|h=Never]@346.7
chromium-dark-desktop › orbit-field down-enter burst sample 10,orbit-field,select-keys,down-enter,,burst,10,ArrowDown Enter,never | list closed | @combobox:Expires,1,1,ArrowDown>combobox:Expires[None|f=None|h=None]@45.7 ; Enter>combobox:Expires[None|f=None|h=Never]@73.4 ; Enter*>option:Never[None|f=None|h=Never]@74.4
chromium-dark-desktop › orbit-field down-enter burst sample 11,orbit-field,select-keys,down-enter,,burst,11,ArrowDown Enter,never | list closed | @combobox:Expires,1,1,ArrowDown>combobox:Expires[None|f=None|h=None]@44.4 ; Enter>combobox:Expires[None|f=None|h=Never]@78.8 ; Enter*>option:Never[None|f=None|h=Never]@79.7
chromium-dark-desktop › orbit-field down-enter burst sample 12,orbit-field,select-keys,down-enter,,burst,12,ArrowDown Enter,never | list closed | @combobox:Expires,1,1,ArrowDown>combobox:Expires[None|f=None|h=None]@57.7 ; Enter>combobox:Expires[None|f=None|h=Never]@85.4 ; Enter*>option:Never[None|f=None|h=Never]@86.1
chromium-dark-desktop › orbit-field down-enter burst sample 13,orbit-field,select-keys,down-enter,,burst,13,ArrowDown Enter,never | list closed | @combobox:Expires,1,1,ArrowDown>combobox:Expires[None|f=None|h=None]@50.4 ; Enter>combobox:Expires[None|f=None|h=Never]@70.2 ; Enter*>option:Never[None|f=None|h=Never]@71
chromium-dark-desktop › orbit-field down-enter burst sample 14,orbit-field,select-keys,down-enter,,burst,14,ArrowDown Enter,never | list closed | @combobox:Expires,1,1,ArrowDown>combobox:Expires[None|f=None|h=None]@101.7 ; Enter>combobox:Expires[None|f=None|h=Never]@129.7 ; Enter*>option:Never[None|f=None|h=Never]@130.6
chromium-dark-desktop › orbit-field down-enter burst sample 15,orbit-field,select-keys,down-enter,,burst,15,ArrowDown Enter,never | list closed | @combobox:Expires,1,1,ArrowDown>combobox:Expires[None|f=None|h=None]@41.5 ; Enter>combobox:Expires[None|f=None|h=Never]@66.7 ; Enter*>option:Never[None|f=None|h=Never]@67.5
chromium-dark-desktop › orbit-field down-enter burst sample 16,orbit-field,select-keys,down-enter,,burst,16,ArrowDown Enter,never | list closed | @combobox:Expires,1,1,ArrowDown>combobox:Expires[None|f=None|h=None]@51.5 ; Enter>combobox:Expires[None|f=None|h=Never]@73.3 ; Enter*>option:Never[None|f=None|h=Never]@74.1
chromium-dark-desktop › orbit-field down-enter burst sample 17,orbit-field,select-keys,down-enter,,burst,17,ArrowDown Enter,never | list closed | @combobox:Expires,1,1,ArrowDown>combobox:Expires[None|f=None|h=None]@36.7 ; Enter>combobox:Expires[None|f=None|h=Never]@55.6 ; Enter*>option:Never[None|f=None|h=Never]@56.3
chromium-dark-desktop › orbit-field down-enter burst sample 18,orbit-field,select-keys,down-enter,,burst,18,ArrowDown Enter,never | list closed | @combobox:Expires,1,1,ArrowDown>combobox:Expires[None|f=None|h=None]@60.9 ; Enter>combobox:Expires[None|f=None|h=Never]@81.6 ; Enter*>option:Never[None|f=None|h=Never]@87.2
chromium-dark-desktop › orbit-field down-enter burst sample 19,orbit-field,select-keys,down-enter,,burst,19,ArrowDown Enter,never | list closed | @combobox:Expires,1,1,ArrowDown>combobox:Expires[None|f=None|h=None]@68.8 ; Enter>combobox:Expires[None|f=None|h=Never]@95.6 ; Enter*>option:Never[None|f=None|h=Never]@96.4
chromium-dark-desktop › orbit-field down-enter paced sample 0,orbit-field,select-keys,down-enter,,paced,0,ArrowDown Enter,never | list closed | @combobox:Expires,0,0,ArrowDown>combobox:Expires[None|f=None|h=None]@31.7 ; Enter>option:Never[None|f=None|h=Never]@362.1
chromium-dark-desktop › orbit-field down-enter paced sample 1,orbit-field,select-keys,down-enter,,paced,1,ArrowDown Enter,never | list closed | @combobox:Expires,0,0,ArrowDown>combobox:Expires[None|f=None|h=None]@54.1 ; Enter>option:Never[None|f=None|h=Never]@400.9
chromium-dark-desktop › orbit-field down-enter paced sample 2,orbit-field,select-keys,down-enter,,paced,2,ArrowDown Enter,never | list closed | @combobox:Expires,0,0,ArrowDown>combobox:Expires[None|f=None|h=None]@39 ; Enter>option:Never[None|f=None|h=Never]@379.3
