Command line invocation:
    /Applications/Xcode_26.6.app/Contents/Developer/usr/bin/xcodebuild test -project RecapEntriesProbe.xcodeproj -scheme RecapEntriesMacProbe -destination platform=macOS -derivedDataPath .dd-mac -resultBundlePath results/mac-on.xcresult CODE_SIGNING_ALLOWED=YES CODE_SIGN_IDENTITY=-

Build settings from command line:
    CODE_SIGN_IDENTITY = -
    CODE_SIGNING_ALLOWED = YES

Resolve Package Graph

Fetching from https://github.com/apple/swift-markdown

Fetching from https://github.com/swiftlang/swift-cmark.git

Fetching from https://github.com/sparkle-project/Sparkle

Creating working copy of package ‘swift-markdown’

Checking out 0.9.0 of package ‘swift-markdown’

Creating working copy of package ‘swift-cmark’

Checking out 0.9.0 of package ‘swift-cmark’

Creating working copy of package ‘Sparkle’

Checking out 2.10.0 of package ‘Sparkle’


Resolved source packages:
  Sparkle: https://github.com/sparkle-project/Sparkle @ 2.10.0
  swift-markdown: https://github.com/apple/swift-markdown @ 0.9.0
  OrbitKit: /Users/runner/work/orbit/orbit/src/macos/OrbitKit
  cmark-gfm: https://github.com/swiftlang/swift-cmark.git @ 0.9.0

Writing result bundle at path:
	/Users/runner/work/orbit/orbit/.recap-entries-probe/results/mac-on.xcresult

--- xcodebuild: WARNING: Using the first of multiple matching destinations:
{ platform:macOS, arch:arm64, id:d53fbc1eb3ad6ee4902c434a59069dc4501105d3, name:My Mac }
{ platform:macOS, arch:x86_64, id:d53fbc1eb3ad6ee4902c434a59069dc4501105d3, name:My Mac }
note: Using codesigning identity override: -
ComputePackagePrebuildTargetDependencyGraph

Prepare packages

CreateBuildRequest

SendProjectDescription

CreateBuildOperation

ComputeTargetDependencyGraph
note: Building targets in dependency order
note: Target dependency graph (12 targets)
    Target 'RecapEntriesMacProbeUITests' in project 'RecapEntriesProbe'
        ➜ Explicit dependency on target 'RecapEntriesMacProbe' in project 'RecapEntriesProbe'
    Target 'RecapEntriesMacProbe' in project 'RecapEntriesProbe'
        ➜ Explicit dependency on target 'OrbitKit' in project 'OrbitKit'
        ➜ Explicit dependency on target 'Sparkle' in project 'Sparkle'
    Target 'Sparkle' in project 'Sparkle' (no dependencies)
    Target 'OrbitKit' in project 'OrbitKit'
        ➜ Explicit dependency on target 'OrbitKit' in project 'OrbitKit'
        ➜ Explicit dependency on target 'Markdown' in project 'swift-markdown'
    Target 'OrbitKit' in project 'OrbitKit'
        ➜ Explicit dependency on target 'Markdown' in project 'swift-markdown'
    Target 'Markdown' in project 'swift-markdown'
        ➜ Explicit dependency on target 'Markdown' in project 'swift-markdown'
        ➜ Explicit dependency on target 'CAtomic' in project 'swift-markdown'
        ➜ Explicit dependency on target 'cmark-gfm' in project 'cmark-gfm'
        ➜ Explicit dependency on target 'cmark-gfm-extensions' in project 'cmark-gfm'
    Target 'Markdown' in project 'swift-markdown'
        ➜ Explicit dependency on target 'CAtomic' in project 'swift-markdown'
        ➜ Explicit dependency on target 'cmark-gfm' in project 'cmark-gfm'
        ➜ Explicit dependency on target 'cmark-gfm-extensions' in project 'cmark-gfm'
    Target 'cmark-gfm-extensions' in project 'cmark-gfm'
        ➜ Explicit dependency on target 'cmark-gfm-extensions' in project 'cmark-gfm'
        ➜ Explicit dependency on target 'cmark-gfm' in project 'cmark-gfm'
    Target 'cmark-gfm-extensions' in project 'cmark-gfm'
        ➜ Explicit dependency on target 'cmark-gfm' in project 'cmark-gfm'
    Target 'cmark-gfm' in project 'cmark-gfm'
        ➜ Explicit dependency on target 'cmark-gfm' in project 'cmark-gfm'
    Target 'cmark-gfm' in project 'cmark-gfm' (no dependencies)
    Target 'CAtomic' in project 'swift-markdown' (no dependencies)

GatherProvisioningInputs

CreateBuildDescription

ExecuteExternalTool /Applications/Xcode_26.6.app/Contents/Developer/Toolchains/XcodeDefault.xctoolchain/usr/bin/clang -v -E -dM -arch arm64 -isysroot /Applications/Xcode_26.6.app/Contents/Developer/Platforms/MacOSX.platform/Developer/SDKs/MacOSX26.5.sdk -x c -c /dev/null

ExecuteExternalTool /Applications/Xcode_26.6.app/Contents/Developer/Toolchains/XcodeDefault.xctoolchain/usr/bin/swiftc --version

ExecuteExternalTool /Applications/Xcode_26.6.app/Contents/Developer/usr/bin/actool --version --output-format xml1

ExecuteExternalTool /Applications/Xcode_26.6.app/Contents/Developer/Toolchains/XcodeDefault.xctoolchain/usr/bin/clang -v -E -dM -isysroot /Applications/Xcode_26.6.app/Contents/Developer/Platforms/MacOSX.platform/Developer/SDKs/MacOSX26.5.sdk -x c -c /dev/null

ExecuteExternalTool /Applications/Xcode_26.6.app/Contents/Developer/Toolchains/XcodeDefault.xctoolchain/usr/bin/ld -version_details

ReadFileContents /Applications/Xcode_26.6.app/Contents/Developer/Toolchains/XcodeDefault.xctoolchain/usr/share/docc/features.json

Build description signature: 98d5f14ef571f084dd9ce4e00347ff01
Build description path: /Users/runner/work/orbit/orbit/.recap-entries-probe/.dd-mac/Build/Intermediates.noindex/XCBuildData/98d5f14ef571f084dd9ce4e00347ff01.xcbuilddata
ClangStatCache /Applications/Xcode_26.6.app/Contents/Developer/Toolchains/XcodeDefault.xctoolchain/usr/bin/clang-stat-cache /Applications/Xcode_26.6.app/Contents/Developer/Platforms/MacOSX.platform/Developer/SDKs/MacOSX26.5.sdk /Users/runner/work/orbit/orbit/.recap-entries-probe/.dd-mac/SDKStatCaches.noindex/macosx26.5-25F70-688ef53f1462e2c8f657fdc38a81448fee0e6409aa6676c5e6c013d148225433.sdkstatcache
    cd /Users/runner/work/orbit/orbit/.recap-entries-probe/RecapEntriesProbe.xcodeproj
    /Applications/Xcode_26.6.app/Contents/Developer/Toolchains/XcodeDefault.xctoolchain/usr/bin/clang-stat-cache /Applications/Xcode_26.6.app/Contents/Developer/Platforms/MacOSX.platform/Developer/SDKs/MacOSX26.5.sdk -o /Users/runner/work/orbit/orbit/.recap-entries-probe/.dd-mac/SDKStatCaches.noindex/macosx26.5-25F70-688ef53f1462e2c8f657fdc38a81448fee0e6409aa6676c5e6c013d148225433.sdkstatcache

CreateBuildDirectory /Users/runner/work/orbit/orbit/.recap-entries-probe/.dd-mac/Build/Products
    cd /Users/runner/work/orbit/orbit/.recap-entries-probe/RecapEntriesProbe.xcodeproj
    builtin-create-build-directory /Users/runner/work/orbit/orbit/.recap-entries-probe/.dd-mac/Build/Products

CreateBuildDirectory /Users/runner/work/orbit/orbit/.recap-entries-probe/.dd-mac/Build/Intermediates.noindex
    cd /Users/runner/work/orbit/orbit/.recap-entries-probe/RecapEntriesProbe.xcodeproj
    builtin-create-build-directory /Users/runner/work/orbit/orbit/.recap-entries-probe/.dd-mac/Build/Intermediates.noindex

CreateBuildDirectory /Users/runner/work/orbit/orbit/.recap-entries-probe/.dd-mac/Build/Products/Debug
    cd /Users/runner/work/orbit/orbit/.recap-entries-probe/RecapEntriesProbe.xcodeproj
    builtin-create-build-directory /Users/runner/work/orbit/orbit/.recap-entries-probe/.dd-mac/Build/Products/Debug

WriteAuxiliaryFile /Users/runner/work/orbit/orbit/.recap-entries-probe/.dd-mac/Build/Intermediates.noindex/RecapEntriesProbe.build/Debug/RecapEntriesProbe-20d14421e9c9095d1e064bca5386643e-VFS/all-product-headers.yaml
    cd /Users/runner/work/orbit/orbit/.recap-entries-probe/RecapEntriesProbe.xcodeproj
    write-file /Users/runner/work/orbit/orbit/.recap-entries-probe/.dd-mac/Build/Intermediates.noindex/RecapEntriesProbe.build/Debug/RecapEntriesProbe-20d14421e9c9095d1e064bca5386643e-VFS/all-product-headers.yaml

CreateBuildDirectory /Users/runner/work/orbit/orbit/.recap-entries-probe/.dd-mac/Build/Intermediates.noindex/SwiftExplicitPrecompiledModules
    cd /Users/runner/work/orbit/orbit/.recap-entries-probe/RecapEntriesProbe.xcodeproj
    builtin-create-build-directory /Users/runner/work/orbit/orbit/.recap-entries-probe/.dd-mac/Build/Intermediates.noindex/SwiftExplicitPrecompiledModules

CreateBuildDirectory /Users/runner/work/orbit/orbit/.recap-entries-probe/.dd-mac/Build/Intermediates.noindex/ExplicitPrecompiledModules
    cd /Users/runner/work/orbit/orbit/.recap-entries-probe/RecapEntriesProbe.xcodeproj
    builtin-create-build-directory /Users/runner/work/orbit/orbit/.recap-entries-probe/.dd-mac/Build/Intermediates.noindex/ExplicitPrecompiledModules

CreateBuildDirectory /Users/runner/work/orbit/orbit/.recap-entries-probe/.dd-mac/Build/Intermediates.noindex/EagerLinkingTBDs/Debug
    cd /Users/runner/work/orbit/orbit/.recap-entries-probe/RecapEntriesProbe.xcodeproj
    builtin-create-build-directory /Users/runner/work/orbit/orbit/.recap-entries-probe/.dd-mac/Build/Intermediates.noindex/EagerLinkingTBDs/Debug

CreateBuildDirectory /Users/runner/work/orbit/orbit/.recap-entries-probe/.dd-mac/Build/Products/Debug/PackageFrameworks
    cd /Users/runner/work/orbit/orbit/.recap-entries-probe/RecapEntriesProbe.xcodeproj
    builtin-create-build-directory /Users/runner/work/orbit/orbit/.recap-entries-probe/.dd-mac/Build/Products/Debug/PackageFrameworks

WriteAuxiliaryFile /Users/runner/work/orbit/orbit/.recap-entries-probe/.dd-mac/Build/Intermediates.noindex/RecapEntriesProbe.build/Debug/RecapEntriesMacProbeUITests.build/empty-RecapEntriesMacProbeUITests.plist (in target 'RecapEntriesMacProbeUITests' from project 'RecapEntriesProbe')
    cd /Users/runner/work/orbit/orbit/.recap-entries-probe
    write-file /Users/runner/work/orbit/orbit/.recap-entries-probe/.dd-mac/Build/Intermediates.noindex/RecapEntriesProbe.build/Debug/RecapEntriesMacProbeUITests.build/empty-RecapEntriesMacProbeUITests.plist

WriteAuxiliaryFile /Users/runner/work/orbit/orbit/.recap-entries-probe/.dd-mac/Build/Intermediates.noindex/RecapEntriesProbe.build/Debug/RecapEntriesMacProbeUITests.build/RecapEntriesMacProbeUITests.hmap (in target 'RecapEntriesMacProbeUITests' from project 'RecapEntriesProbe')
    cd /Users/runner/work/orbit/orbit/.recap-entries-probe
    write-file /Users/runner/work/orbit/orbit/.recap-entries-probe/.dd-mac/Build/Intermediates.noindex/RecapEntriesProbe.build/Debug/RecapEntriesMacProbeUITests.build/RecapEntriesMacProbeUITests.hmap

WriteAuxiliaryFile /Users/runner/work/orbit/orbit/.recap-entries-probe/.dd-mac/Build/Intermediates.noindex/cmark-gfm.build/Debug/cmark-gfm-extensions.build/cmark-gfm-extensions.DependencyStaticMetadataFileList (in target 'cmark-gfm-extensions' from project 'cmark-gfm')
    cd /Users/runner/work/orbit/orbit/.recap-entries-probe/.dd-mac/SourcePackages/checkouts/swift-cmark
    write-file /Users/runner/work/orbit/orbit/.recap-entries-probe/.dd-mac/Build/Intermediates.noindex/cmark-gfm.build/Debug/cmark-gfm-extensions.build/cmark-gfm-extensions.DependencyStaticMetadataFileList

WriteAuxiliaryFile /Users/runner/work/orbit/orbit/.recap-entries-probe/.dd-mac/Build/Intermediates.noindex/cmark-gfm.build/Debug/cmark-gfm-extensions.build/cmark-gfm-extensions.DependencyMetadataFileList (in target 'cmark-gfm-extensions' from project 'cmark-gfm')
    cd /Users/runner/work/orbit/orbit/.recap-entries-probe/.dd-mac/SourcePackages/checkouts/swift-cmark
    write-file /Users/runner/work/orbit/orbit/.recap-entries-probe/.dd-mac/Build/Intermediates.noindex/cmark-gfm.build/Debug/cmark-gfm-extensions.build/cmark-gfm-extensions.DependencyMetadataFileList

WriteAuxiliaryFile /Users/runner/work/orbit/orbit/.recap-entries-probe/.dd-mac/Build/Intermediates.noindex/cmark-gfm.build/Debug/cmark-gfm-extensions.build/Objects-normal/arm64/cmark-gfm-extensions.LinkFileList (in target 'cmark-gfm-extensions' from project 'cmark-gfm')
    cd /Users/runner/work/orbit/orbit/.recap-entries-probe/.dd-mac/SourcePackages/checkouts/swift-cmark
    write-file /Users/runner/work/orbit/orbit/.recap-entries-probe/.dd-mac/Build/Intermediates.noindex/cmark-gfm.build/Debug/cmark-gfm-extensions.build/Objects-normal/arm64/cmark-gfm-extensions.LinkFileList

WriteAuxiliaryFile /Users/runner/work/orbit/orbit/.recap-entries-probe/.dd-mac/Build/Intermediates.noindex/cmark-gfm.build/Debug/cmark-gfm-extensions.build/Objects-normal/arm64/7187679823f38a2a940e0043cdf9d637-common-args.resp (in target 'cmark-gfm-extensions' from project 'cmark-gfm')
    cd /Users/runner/work/orbit/orbit/.recap-entries-probe/.dd-mac/SourcePackages/checkouts/swift-cmark
    write-file /Users/runner/work/orbit/orbit/.recap-entries-probe/.dd-mac/Build/Intermediates.noindex/cmark-gfm.build/Debug/cmark-gfm-extensions.build/Objects-normal/arm64/7187679823f38a2a940e0043cdf9d637-common-args.resp
-fmodules -gmodules '-fmodules-cache-path=/Users/runner/work/orbit/orbit/.recap-entries-probe/.dd-mac/ModuleCache.noindex' '-fmodule-name=cmark_gfm_extensions' -fpascal-strings -O0 -DSWIFT_PACKAGE '-DDEBUG=1' -g -I/Users/runner/work/orbit/orbit/.recap-entries-probe/.dd-mac/SourcePackages/checkouts/swift-cmark/src/include -I/Users/runner/work/orbit/orbit/.recap-entries-probe/.dd-mac/Build/Products/Debug/include -I/Users/runner/work/orbit/orbit/.recap-entries-probe/.dd-mac/SourcePackages/checkouts/swift-cmark/extensions/include -I/Users/runner/work/orbit/orbit/.recap-entries-probe/.dd-mac/Build/Intermediates.noindex/cmark-gfm.build/Debug/cmark-gfm-extensions.build/DerivedSources-normal/arm64 -I/Users/runner/work/orbit/orbit/.recap-entries-probe/.dd-mac/Build/Intermediates.noindex/cmark-gfm.build/Debug/cmark-gfm-extensions.build/DerivedSources/arm64 -I/Users/runner/work/orbit/orbit/.recap-entries-probe/.dd-mac/Build/Intermediates.noindex/cmark-gfm.build/Debug/cmark-gfm-extensions.build/DerivedSources -F/Users/runner/work/orbit/orbit/.recap-entries-probe/.dd-mac/Build/Products/Debug/PackageFrameworks -F/Users/runner/work/orbit/orbit/.recap-entries-probe/.dd-mac/Build/Products/Debug -iframework /Applications/Xcode_26.6.app/Contents/Developer/Platforms/MacOSX.platform/Developer/Library/Frameworks -DXcode

WriteAuxiliaryFile /Users/runner/work/orbit/orbit/.recap-entries-probe/.dd-mac/Build/Intermediates.noindex/cmark-gfm.build/Debug/cmark-gfm.build/cmark-gfm.DependencyStaticMetadataFileList (in target 'cmark-gfm' from project 'cmark-gfm')
    cd /Users/runner/work/orbit/orbit/.recap-entries-probe/.dd-mac/SourcePackages/checkouts/swift-cmark
    write-file /Users/runner/work/orbit/orbit/.recap-entries-probe/.dd-mac/Build/Intermediates.noindex/cmark-gfm.build/Debug/cmark-gfm.build/cmark-gfm.DependencyStaticMetadataFileList

WriteAuxiliaryFile /Users/runner/work/orbit/orbit/.recap-entries-probe/.dd-mac/Build/Intermediates.noindex/cmark-gfm.build/Debug/cmark-gfm.build/cmark-gfm.DependencyMetadataFileList (in target 'cmark-gfm' from project 'cmark-gfm')
    cd /Users/runner/work/orbit/orbit/.recap-entries-probe/.dd-mac/SourcePackages/checkouts/swift-cmark
    write-file /Users/runner/work/orbit/orbit/.recap-entries-probe/.dd-mac/Build/Intermediates.noindex/cmark-gfm.build/Debug/cmark-gfm.build/cmark-gfm.DependencyMetadataFileList

WriteAuxiliaryFile /Users/runner/work/orbit/orbit/.recap-entries-probe/.dd-mac/Build/Intermediates.noindex/cmark-gfm.build/Debug/cmark-gfm.build/Objects-normal/arm64/cmark-gfm.LinkFileList (in target 'cmark-gfm' from project 'cmark-gfm')
    cd /Users/runner/work/orbit/orbit/.recap-entries-probe/.dd-mac/SourcePackages/checkouts/swift-cmark
    write-file /Users/runner/work/orbit/orbit/.recap-entries-probe/.dd-mac/Build/Intermediates.noindex/cmark-gfm.build/Debug/cmark-gfm.build/Objects-normal/arm64/cmark-gfm.LinkFileList

WriteAuxiliaryFile /Users/runner/work/orbit/orbit/.recap-entries-probe/.dd-mac/Build/Intermediates.noindex/cmark-gfm.build/Debug/cmark-gfm.build/Objects-normal/arm64/7187679823f38a2a940e0043cdf9d637-common-args.resp (in target 'cmark-gfm' from project 'cmark-gfm')
    cd /Users/runner/work/orbit/orbit/.recap-entries-probe/.dd-mac/SourcePackages/checkouts/swift-cmark
    write-file /Users/runner/work/orbit/orbit/.recap-entries-probe/.dd-mac/Build/Intermediates.noindex/cmark-gfm.build/Debug/cmark-gfm.build/Objects-normal/arm64/7187679823f38a2a940e0043cdf9d637-common-args.resp
-fmodules -gmodules '-fmodules-cache-path=/Users/runner/work/orbit/orbit/.recap-entries-probe/.dd-mac/ModuleCache.noindex' '-fmodule-name=cmark_gfm' -fpascal-strings -O0 -DSWIFT_PACKAGE '-DDEBUG=1' -g -I/Users/runner/work/orbit/orbit/.recap-entries-probe/.dd-mac/Build/Products/Debug/include -I/Users/runner/work/orbit/orbit/.recap-entries-probe/.dd-mac/SourcePackages/checkouts/swift-cmark/src/include -I/Users/runner/work/orbit/orbit/.recap-entries-probe/.dd-mac/Build/Intermediates.noindex/cmark-gfm.build/Debug/cmark-gfm.build/DerivedSources-normal/arm64 -I/Users/runner/work/orbit/orbit/.recap-entries-probe/.dd-mac/Build/Intermediates.noindex/cmark-gfm.build/Debug/cmark-gfm.build/DerivedSources/arm64 -I/Users/runner/work/orbit/orbit/.recap-entries-probe/.dd-mac/Build/Intermediates.noindex/cmark-gfm.build/Debug/cmark-gfm.build/DerivedSources -F/Users/runner/work/orbit/orbit/.recap-entries-probe/.dd-mac/Build/Products/Debug -iframework /Applications/Xcode_26.6.app/Contents/Developer/Platforms/MacOSX.platform/Developer/Library/Frameworks -DXcode

WriteAuxiliaryFile /Users/runner/work/orbit/orbit/.recap-entries-probe/.dd-mac/Build/Intermediates.noindex/RecapEntriesProbe.build/Debug/RecapEntriesMacProbeUITests.build/RecapEntriesMacProbeUITests.DependencyStaticMetadataFileList (in target 'RecapEntriesMacProbeUITests' from project 'RecapEntriesProbe')
    cd /Users/runner/work/orbit/orbit/.recap-entries-probe
    write-file /Users/runner/work/orbit/orbit/.recap-entries-probe/.dd-mac/Build/Intermediates.noindex/RecapEntriesProbe.build/Debug/RecapEntriesMacProbeUITests.build/RecapEntriesMacProbeUITests.DependencyStaticMetadataFileList

WriteAuxiliaryFile /Users/runner/work/orbit/orbit/.recap-entries-probe/.dd-mac/Build/Intermediates.noindex/RecapEntriesProbe.build/Debug/RecapEntriesMacProbeUITests.build/RecapEntriesMacProbeUITests.DependencyMetadataFileList (in target 'RecapEntriesMacProbeUITests' from project 'RecapEntriesProbe')
    cd /Users/runner/work/orbit/orbit/.recap-entries-probe
    write-file /Users/runner/work/orbit/orbit/.recap-entries-probe/.dd-mac/Build/Intermediates.noindex/RecapEntriesProbe.build/Debug/RecapEntriesMacProbeUITests.build/RecapEntriesMacProbeUITests.DependencyMetadataFileList

WriteAuxiliaryFile /Users/runner/work/orbit/orbit/.recap-entries-probe/.dd-mac/Build/Intermediates.noindex/RecapEntriesProbe.build/Debug/RecapEntriesMacProbeUITests.build/RecapEntriesMacProbeUITests-project-headers.hmap (in target 'RecapEntriesMacProbeUITests' from project 'RecapEntriesProbe')
    cd /Users/runner/work/orbit/orbit/.recap-entries-probe
    write-file /Users/runner/work/orbit/orbit/.recap-entries-probe/.dd-mac/Build/Intermediates.noindex/RecapEntriesProbe.build/Debug/RecapEntriesMacProbeUITests.build/RecapEntriesMacProbeUITests-project-headers.hmap

WriteAuxiliaryFile /Users/runner/work/orbit/orbit/.recap-entries-probe/.dd-mac/Build/Intermediates.noindex/RecapEntriesProbe.build/Debug/RecapEntriesMacProbeUITests.build/RecapEntriesMacProbeUITests-own-target-headers.hmap (in target 'RecapEntriesMacProbeUITests' from project 'RecapEntriesProbe')
    cd /Users/runner/work/orbit/orbit/.recap-entries-probe
    write-file /Users/runner/work/orbit/orbit/.recap-entries-probe/.dd-mac/Build/Intermediates.noindex/RecapEntriesProbe.build/Debug/RecapEntriesMacProbeUITests.build/RecapEntriesMacProbeUITests-own-target-headers.hmap

WriteAuxiliaryFile /Users/runner/work/orbit/orbit/.recap-entries-probe/.dd-mac/Build/Intermediates.noindex/RecapEntriesProbe.build/Debug/RecapEntriesMacProbeUITests.build/RecapEntriesMacProbeUITests-generated-files.hmap (in target 'RecapEntriesMacProbeUITests' from project 'RecapEntriesProbe')
    cd /Users/runner/work/orbit/orbit/.recap-entries-probe
    write-file /Users/runner/work/orbit/orbit/.recap-entries-probe/.dd-mac/Build/Intermediates.noindex/RecapEntriesProbe.build/Debug/RecapEntriesMacProbeUITests.build/RecapEntriesMacProbeUITests-generated-files.hmap

WriteAuxiliaryFile /Users/runner/work/orbit/orbit/.recap-entries-probe/.dd-mac/Build/Intermediates.noindex/RecapEntriesProbe.build/Debug/RecapEntriesMacProbeUITests.build/RecapEntriesMacProbeUITests-all-target-headers.hmap (in target 'RecapEntriesMacProbeUITests' from project 'RecapEntriesProbe')
    cd /Users/runner/work/orbit/orbit/.recap-entries-probe
    write-file /Users/runner/work/orbit/orbit/.recap-entries-probe/.dd-mac/Build/Intermediates.noindex/RecapEntriesProbe.build/Debug/RecapEntriesMacProbeUITests.build/RecapEntriesMacProbeUITests-all-target-headers.hmap

WriteAuxiliaryFile /Users/runner/work/orbit/orbit/.recap-entries-probe/.dd-mac/Build/Intermediates.noindex/RecapEntriesProbe.build/Debug/RecapEntriesMacProbeUITests.build/RecapEntriesMacProbeUITests-all-non-framework-target-headers.hmap (in target 'RecapEntriesMacProbeUITests' from project 'RecapEntriesProbe')
    cd /Users/runner/work/orbit/orbit/.recap-entries-probe
    write-file /Users/runner/work/orbit/orbit/.recap-entries-probe/.dd-mac/Build/Intermediates.noindex/RecapEntriesProbe.build/Debug/RecapEntriesMacProbeUITests.build/RecapEntriesMacProbeUITests-all-non-framework-target-headers.hmap

WriteAuxiliaryFile /Users/runner/work/orbit/orbit/.recap-entries-probe/.dd-mac/Build/Intermediates.noindex/RecapEntriesProbe.build/Debug/RecapEntriesMacProbeUITests.build/ProductTypeInfoPlistAdditions.plist (in target 'RecapEntriesMacProbeUITests' from project 'RecapEntriesProbe')
    cd /Users/runner/work/orbit/orbit/.recap-entries-probe
    write-file /Users/runner/work/orbit/orbit/.recap-entries-probe/.dd-mac/Build/Intermediates.noindex/RecapEntriesProbe.build/Debug/RecapEntriesMacProbeUITests.build/ProductTypeInfoPlistAdditions.plist

WriteAuxiliaryFile /Users/runner/work/orbit/orbit/.recap-entries-probe/.dd-mac/Build/Intermediates.noindex/RecapEntriesProbe.build/Debug/RecapEntriesMacProbeUITests.build/Objects-normal/arm64/RecapEntriesMacProbeUITests_const_extract_protocols.json (in target 'RecapEntriesMacProbeUITests' from project 'RecapEntriesProbe')
    cd /Users/runner/work/orbit/orbit/.recap-entries-probe
    write-file /Users/runner/work/orbit/orbit/.recap-entries-probe/.dd-mac/Build/Intermediates.noindex/RecapEntriesProbe.build/Debug/RecapEntriesMacProbeUITests.build/Objects-normal/arm64/RecapEntriesMacProbeUITests_const_extract_protocols.json

WriteAuxiliaryFile /Users/runner/work/orbit/orbit/.recap-entries-probe/.dd-mac/Build/Intermediates.noindex/RecapEntriesProbe.build/Debug/RecapEntriesMacProbeUITests.build/Objects-normal/arm64/RecapEntriesMacProbeUITests.SwiftFileList (in target 'RecapEntriesMacProbeUITests' from project 'RecapEntriesProbe')
    cd /Users/runner/work/orbit/orbit/.recap-entries-probe
    write-file /Users/runner/work/orbit/orbit/.recap-entries-probe/.dd-mac/Build/Intermediates.noindex/RecapEntriesProbe.build/Debug/RecapEntriesMacProbeUITests.build/Objects-normal/arm64/RecapEntriesMacProbeUITests.SwiftFileList

WriteAuxiliaryFile /Users/runner/work/orbit/orbit/.recap-entries-probe/.dd-mac/Build/Intermediates.noindex/RecapEntriesProbe.build/Debug/RecapEntriesMacProbeUITests.build/Objects-normal/arm64/RecapEntriesMacProbeUITests.SwiftConstValuesFileList (in target 'RecapEntriesMacProbeUITests' from project 'RecapEntriesProbe')
    cd /Users/runner/work/orbit/orbit/.recap-entries-probe
    write-file /Users/runner/work/orbit/orbit/.recap-entries-probe/.dd-mac/Build/Intermediates.noindex/RecapEntriesProbe.build/Debug/RecapEntriesMacProbeUITests.build/Objects-normal/arm64/RecapEntriesMacProbeUITests.SwiftConstValuesFileList

WriteAuxiliaryFile /Users/runner/work/orbit/orbit/.recap-entries-probe/.dd-mac/Build/Intermediates.noindex/RecapEntriesProbe.build/Debug/RecapEntriesMacProbeUITests.build/Objects-normal/arm64/RecapEntriesMacProbeUITests.LinkFileList (in target 'RecapEntriesMacProbeUITests' from project 'RecapEntriesProbe')
    cd /Users/runner/work/orbit/orbit/.recap-entries-probe
    write-file /Users/runner/work/orbit/orbit/.recap-entries-probe/.dd-mac/Build/Intermediates.noindex/RecapEntriesProbe.build/Debug/RecapEntriesMacProbeUITests.build/Objects-normal/arm64/RecapEntriesMacProbeUITests.LinkFileList

WriteAuxiliaryFile /Users/runner/work/orbit/orbit/.recap-entries-probe/.dd-mac/Build/Intermediates.noindex/RecapEntriesProbe.build/Debug/RecapEntriesMacProbeUITests.build/Objects-normal/arm64/RecapEntriesMacProbeUITests-OutputFileMap.json (in target 'RecapEntriesMacProbeUITests' from project 'RecapEntriesProbe')
    cd /Users/runner/work/orbit/orbit/.recap-entries-probe
    write-file /Users/runner/work/orbit/orbit/.recap-entries-probe/.dd-mac/Build/Intermediates.noindex/RecapEntriesProbe.build/Debug/RecapEntriesMacProbeUITests.build/Objects-normal/arm64/RecapEntriesMacProbeUITests-OutputFileMap.json

WriteAuxiliaryFile /Users/runner/work/orbit/orbit/.recap-entries-probe/.dd-mac/Build/Intermediates.noindex/RecapEntriesProbe.build/Debug/RecapEntriesMacProbeUITests.build/DerivedSources/Entitlements.plist (in target 'RecapEntriesMacProbeUITests' from project 'RecapEntriesProbe')
    cd /Users/runner/work/orbit/orbit/.recap-entries-probe
    write-file /Users/runner/work/orbit/orbit/.recap-entries-probe/.dd-mac/Build/Intermediates.noindex/RecapEntriesProbe.build/Debug/RecapEntriesMacProbeUITests.build/DerivedSources/Entitlements.plist

WriteAuxiliaryFile /Users/runner/work/orbit/orbit/.recap-entries-probe/.dd-mac/Build/Intermediates.noindex/OrbitKit.build/Debug/OrbitKit.build/OrbitKit.modulemap (in target 'OrbitKit' from project 'OrbitKit')
    cd /Users/runner/work/orbit/orbit/src/macos/OrbitKit
    write-file /Users/runner/work/orbit/orbit/.recap-entries-probe/.dd-mac/Build/Intermediates.noindex/OrbitKit.build/Debug/OrbitKit.build/OrbitKit.modulemap

WriteAuxiliaryFile /Users/runner/work/orbit/orbit/.recap-entries-probe/.dd-mac/Build/Intermediates.noindex/OrbitKit.build/Debug/OrbitKit.build/OrbitKit.DependencyStaticMetadataFileList (in target 'OrbitKit' from project 'OrbitKit')
    cd /Users/runner/work/orbit/orbit/src/macos/OrbitKit
    write-file /Users/runner/work/orbit/orbit/.recap-entries-probe/.dd-mac/Build/Intermediates.noindex/OrbitKit.build/Debug/OrbitKit.build/OrbitKit.DependencyStaticMetadataFileList

WriteAuxiliaryFile /Users/runner/work/orbit/orbit/.recap-entries-probe/.dd-mac/Build/Intermediates.noindex/OrbitKit.build/Debug/OrbitKit.build/OrbitKit.DependencyMetadataFileList (in target 'OrbitKit' from project 'OrbitKit')
    cd /Users/runner/work/orbit/orbit/src/macos/OrbitKit
    write-file /Users/runner/work/orbit/orbit/.recap-entries-probe/.dd-mac/Build/Intermediates.noindex/OrbitKit.build/Debug/OrbitKit.build/OrbitKit.DependencyMetadataFileList

WriteAuxiliaryFile /Users/runner/work/orbit/orbit/.recap-entries-probe/.dd-mac/Build/Intermediates.noindex/OrbitKit.build/Debug/OrbitKit.build/Objects-normal/arm64/OrbitKit_const_extract_protocols.json (in target 'OrbitKit' from project 'OrbitKit')
    cd /Users/runner/work/orbit/orbit/src/macos/OrbitKit
    write-file /Users/runner/work/orbit/orbit/.recap-entries-probe/.dd-mac/Build/Intermediates.noindex/OrbitKit.build/Debug/OrbitKit.build/Objects-normal/arm64/OrbitKit_const_extract_protocols.json

WriteAuxiliaryFile /Users/runner/work/orbit/orbit/.recap-entries-probe/.dd-mac/Build/Intermediates.noindex/OrbitKit.build/Debug/OrbitKit.build/Objects-normal/arm64/OrbitKit.SwiftFileList (in target 'OrbitKit' from project 'OrbitKit')
    cd /Users/runner/work/orbit/orbit/src/macos/OrbitKit
    write-file /Users/runner/work/orbit/orbit/.recap-entries-probe/.dd-mac/Build/Intermediates.noindex/OrbitKit.build/Debug/OrbitKit.build/Objects-normal/arm64/OrbitKit.SwiftFileList

WriteAuxiliaryFile /Users/runner/work/orbit/orbit/.recap-entries-probe/.dd-mac/Build/Intermediates.noindex/OrbitKit.build/Debug/OrbitKit.build/Objects-normal/arm64/OrbitKit.SwiftConstValuesFileList (in target 'OrbitKit' from project 'OrbitKit')
    cd /Users/runner/work/orbit/orbit/src/macos/OrbitKit
    write-file /Users/runner/work/orbit/orbit/.recap-entries-probe/.dd-mac/Build/Intermediates.noindex/OrbitKit.build/Debug/OrbitKit.build/Objects-normal/arm64/OrbitKit.SwiftConstValuesFileList

WriteAuxiliaryFile /Users/runner/work/orbit/orbit/.recap-entries-probe/.dd-mac/Build/Intermediates.noindex/OrbitKit.build/Debug/OrbitKit.build/Objects-normal/arm64/OrbitKit.LinkFileList (in target 'OrbitKit' from project 'OrbitKit')
    cd /Users/runner/work/orbit/orbit/src/macos/OrbitKit
    write-file /Users/runner/work/orbit/orbit/.recap-entries-probe/.dd-mac/Build/Intermediates.noindex/OrbitKit.build/Debug/OrbitKit.build/Objects-normal/arm64/OrbitKit.LinkFileList

WriteAuxiliaryFile /Users/runner/work/orbit/orbit/.recap-entries-probe/.dd-mac/Build/Intermediates.noindex/OrbitKit.build/Debug/OrbitKit.build/Objects-normal/arm64/OrbitKit-OutputFileMap.json (in target 'OrbitKit' from project 'OrbitKit')
    cd /Users/runner/work/orbit/orbit/src/macos/OrbitKit
    write-file /Users/runner/work/orbit/orbit/.recap-entries-probe/.dd-mac/Build/Intermediates.noindex/OrbitKit.build/Debug/OrbitKit.build/Objects-normal/arm64/OrbitKit-OutputFileMap.json

Copy /Users/runner/work/orbit/orbit/.recap-entries-probe/.dd-mac/Build/Intermediates.noindex/GeneratedModuleMaps/OrbitKit.modulemap /Users/runner/work/orbit/orbit/.recap-entries-probe/.dd-mac/Build/Intermediates.noindex/OrbitKit.build/Debug/OrbitKit.build/OrbitKit.modulemap (in target 'OrbitKit' from project 'OrbitKit')
    cd /Users/runner/work/orbit/orbit/src/macos/OrbitKit
    builtin-copy -exclude .DS_Store -exclude CVS -exclude .svn -exclude .git -exclude .hg -resolve-src-symlinks /Users/runner/work/orbit/orbit/.recap-entries-probe/.dd-mac/Build/Intermediates.noindex/OrbitKit.build/Debug/OrbitKit.build/OrbitKit.modulemap /Users/runner/work/orbit/orbit/.recap-entries-probe/.dd-mac/Build/Intermediates.noindex/GeneratedModuleMaps

WriteAuxiliaryFile /Users/runner/work/orbit/orbit/.recap-entries-probe/.dd-mac/Build/Intermediates.noindex/swift-markdown.build/Debug/Markdown.build/Objects-normal/arm64/Markdown_const_extract_protocols.json (in target 'Markdown' from project 'swift-markdown')
    cd /Users/runner/work/orbit/orbit/.recap-entries-probe/.dd-mac/SourcePackages/checkouts/swift-markdown
    write-file /Users/runner/work/orbit/orbit/.recap-entries-probe/.dd-mac/Build/Intermediates.noindex/swift-markdown.build/Debug/Markdown.build/Objects-normal/arm64/Markdown_const_extract_protocols.json

WriteAuxiliaryFile /Users/runner/work/orbit/orbit/.recap-entries-probe/.dd-mac/Build/Intermediates.noindex/swift-markdown.build/Debug/Markdown.build/Objects-normal/arm64/Markdown.SwiftFileList (in target 'Markdown' from project 'swift-markdown')
    cd /Users/runner/work/orbit/orbit/.recap-entries-probe/.dd-mac/SourcePackages/checkouts/swift-markdown
    write-file /Users/runner/work/orbit/orbit/.recap-entries-probe/.dd-mac/Build/Intermediates.noindex/swift-markdown.build/Debug/Markdown.build/Objects-normal/arm64/Markdown.SwiftFileList

WriteAuxiliaryFile /Users/runner/work/orbit/orbit/.recap-entries-probe/.dd-mac/Build/Intermediates.noindex/swift-markdown.build/Debug/Markdown.build/Objects-normal/arm64/Markdown.SwiftConstValuesFileList (in target 'Markdown' from project 'swift-markdown')
    cd /Users/runner/work/orbit/orbit/.recap-entries-probe/.dd-mac/SourcePackages/checkouts/swift-markdown
    write-file /Users/runner/work/orbit/orbit/.recap-entries-probe/.dd-mac/Build/Intermediates.noindex/swift-markdown.build/Debug/Markdown.build/Objects-normal/arm64/Markdown.SwiftConstValuesFileList

WriteAuxiliaryFile /Users/runner/work/orbit/orbit/.recap-entries-probe/.dd-mac/Build/Intermediates.noindex/swift-markdown.build/Debug/Markdown.build/Objects-normal/arm64/Markdown.LinkFileList (in target 'Markdown' from project 'swift-markdown')
    cd /Users/runner/work/orbit/orbit/.recap-entries-probe/.dd-mac/SourcePackages/checkouts/swift-markdown
    write-file /Users/runner/work/orbit/orbit/.recap-entries-probe/.dd-mac/Build/Intermediates.noindex/swift-markdown.build/Debug/Markdown.build/Objects-normal/arm64/Markdown.LinkFileList

WriteAuxiliaryFile /Users/runner/work/orbit/orbit/.recap-entries-probe/.dd-mac/Build/Intermediates.noindex/swift-markdown.build/Debug/Markdown.build/Objects-normal/arm64/Markdown-OutputFileMap.json (in target 'Markdown' from project 'swift-markdown')
    cd /Users/runner/work/orbit/orbit/.recap-entries-probe/.dd-mac/SourcePackages/checkouts/swift-markdown
    write-file /Users/runner/work/orbit/orbit/.recap-entries-probe/.dd-mac/Build/Intermediates.noindex/swift-markdown.build/Debug/Markdown.build/Objects-normal/arm64/Markdown-OutputFileMap.json

WriteAuxiliaryFile /Users/runner/work/orbit/orbit/.recap-entries-probe/.dd-mac/Build/Intermediates.noindex/swift-markdown.build/Debug/Markdown.build/Markdown.modulemap (in target 'Markdown' from project 'swift-markdown')
    cd /Users/runner/work/orbit/orbit/.recap-entries-probe/.dd-mac/SourcePackages/checkouts/swift-markdown
    write-file /Users/runner/work/orbit/orbit/.recap-entries-probe/.dd-mac/Build/Intermediates.noindex/swift-markdown.build/Debug/Markdown.build/Markdown.modulemap

WriteAuxiliaryFile /Users/runner/work/orbit/orbit/.recap-entries-probe/.dd-mac/Build/Intermediates.noindex/swift-markdown.build/Debug/Markdown.build/Markdown.DependencyStaticMetadataFileList (in target 'Markdown' from project 'swift-markdown')
    cd /Users/runner/work/orbit/orbit/.recap-entries-probe/.dd-mac/SourcePackages/checkouts/swift-markdown
    write-file /Users/runner/work/orbit/orbit/.recap-entries-probe/.dd-mac/Build/Intermediates.noindex/swift-markdown.build/Debug/Markdown.build/Markdown.DependencyStaticMetadataFileList

WriteAuxiliaryFile /Users/runner/work/orbit/orbit/.recap-entries-probe/.dd-mac/Build/Intermediates.noindex/swift-markdown.build/Debug/Markdown.build/Markdown.DependencyMetadataFileList (in target 'Markdown' from project 'swift-markdown')
    cd /Users/runner/work/orbit/orbit/.recap-entries-probe/.dd-mac/SourcePackages/checkouts/swift-markdown
    write-file /Users/runner/work/orbit/orbit/.recap-entries-probe/.dd-mac/Build/Intermediates.noindex/swift-markdown.build/Debug/Markdown.build/Markdown.DependencyMetadataFileList

Copy /Users/runner/work/orbit/orbit/.recap-entries-probe/.dd-mac/Build/Intermediates.noindex/GeneratedModuleMaps/Markdown.modulemap /Users/runner/work/orbit/orbit/.recap-entries-probe/.dd-mac/Build/Intermediates.noindex/swift-markdown.build/Debug/Markdown.build/Markdown.modulemap (in target 'Markdown' from project 'swift-markdown')
    cd /Users/runner/work/orbit/orbit/.recap-entries-probe/.dd-mac/SourcePackages/checkouts/swift-markdown
    builtin-copy -exclude .DS_Store -exclude CVS -exclude .svn -exclude .git -exclude .hg -resolve-src-symlinks /Users/runner/work/orbit/orbit/.recap-entries-probe/.dd-mac/Build/Intermediates.noindex/swift-markdown.build/Debug/Markdown.build/Markdown.modulemap /Users/runner/work/orbit/orbit/.recap-entries-probe/.dd-mac/Build/Intermediates.noindex/GeneratedModuleMaps

WriteAuxiliaryFile /Users/runner/work/orbit/orbit/.recap-entries-probe/.dd-mac/Build/Intermediates.noindex/swift-markdown.build/Debug/CAtomic.build/Objects-normal/arm64/CAtomic.LinkFileList (in target 'CAtomic' from project 'swift-markdown')
    cd /Users/runner/work/orbit/orbit/.recap-entries-probe/.dd-mac/SourcePackages/checkouts/swift-markdown
    write-file /Users/runner/work/orbit/orbit/.recap-entries-probe/.dd-mac/Build/Intermediates.noindex/swift-markdown.build/Debug/CAtomic.build/Objects-normal/arm64/CAtomic.LinkFileList

WriteAuxiliaryFile /Users/runner/work/orbit/orbit/.recap-entries-probe/.dd-mac/Build/Intermediates.noindex/swift-markdown.build/Debug/CAtomic.build/Objects-normal/arm64/7187679823f38a2a940e0043cdf9d637-common-args.resp (in target 'CAtomic' from project 'swift-markdown')
    cd /Users/runner/work/orbit/orbit/.recap-entries-probe/.dd-mac/SourcePackages/checkouts/swift-markdown
    write-file /Users/runner/work/orbit/orbit/.recap-entries-probe/.dd-mac/Build/Intermediates.noindex/swift-markdown.build/Debug/CAtomic.build/Objects-normal/arm64/7187679823f38a2a940e0043cdf9d637-common-args.resp
-fmodules -gmodules '-fmodules-cache-path=/Users/runner/work/orbit/orbit/.recap-entries-probe/.dd-mac/ModuleCache.noindex' '-fmodule-name=CAtomic' -fpascal-strings -O0 -DSWIFT_PACKAGE '-DDEBUG=1' -g -I/Users/runner/work/orbit/orbit/.recap-entries-probe/.dd-mac/Build/Products/Debug/include -I/Users/runner/work/orbit/orbit/.recap-entries-probe/.dd-mac/SourcePackages/checkouts/swift-markdown/Sources/CAtomic/include -I/Users/runner/work/orbit/orbit/.recap-entries-probe/.dd-mac/Build/Intermediates.noindex/swift-markdown.build/Debug/CAtomic.build/DerivedSources-normal/arm64 -I/Users/runner/work/orbit/orbit/.recap-entries-probe/.dd-mac/Build/Intermediates.noindex/swift-markdown.build/Debug/CAtomic.build/DerivedSources/arm64 -I/Users/runner/work/orbit/orbit/.recap-entries-probe/.dd-mac/Build/Intermediates.noindex/swift-markdown.build/Debug/CAtomic.build/DerivedSources -F/Users/runner/work/orbit/orbit/.recap-entries-probe/.dd-mac/Build/Products/Debug -iframework /Applications/Xcode_26.6.app/Contents/Developer/Platforms/MacOSX.platform/Developer/Library/Frameworks -DXcode

WriteAuxiliaryFile /Users/runner/work/orbit/orbit/.recap-entries-probe/.dd-mac/Build/Intermediates.noindex/swift-markdown.build/Debug/CAtomic.build/CAtomic.DependencyStaticMetadataFileList (in target 'CAtomic' from project 'swift-markdown')
    cd /Users/runner/work/orbit/orbit/.recap-entries-probe/.dd-mac/SourcePackages/checkouts/swift-markdown
    write-file /Users/runner/work/orbit/orbit/.recap-entries-probe/.dd-mac/Build/Intermediates.noindex/swift-markdown.build/Debug/CAtomic.build/CAtomic.DependencyStaticMetadataFileList

WriteAuxiliaryFile /Users/runner/work/orbit/orbit/.recap-entries-probe/.dd-mac/Build/Intermediates.noindex/swift-markdown.build/Debug/CAtomic.build/CAtomic.DependencyMetadataFileList (in target 'CAtomic' from project 'swift-markdown')
    cd /Users/runner/work/orbit/orbit/.recap-entries-probe/.dd-mac/SourcePackages/checkouts/swift-markdown
    write-file /Users/runner/work/orbit/orbit/.recap-entries-probe/.dd-mac/Build/Intermediates.noindex/swift-markdown.build/Debug/CAtomic.build/CAtomic.DependencyMetadataFileList

MkDir /Users/runner/work/orbit/orbit/.recap-entries-probe/.dd-mac/Build/Products/Debug/RecapEntriesMacProbeUITests-Runner.app/Contents/PlugIns/RecapEntriesMacProbeUITests.xctest/Contents (in target 'RecapEntriesMacProbeUITests' from project 'RecapEntriesProbe')
    cd /Users/runner/work/orbit/orbit/.recap-entries-probe
    /bin/mkdir -p /Users/runner/work/orbit/orbit/.recap-entries-probe/.dd-mac/Build/Products/Debug/RecapEntriesMacProbeUITests-Runner.app/Contents/PlugIns/RecapEntriesMacProbeUITests.xctest/Contents

MkDir /Users/runner/work/orbit/orbit/.recap-entries-probe/.dd-mac/Build/Products/Debug/RecapEntriesMacProbeUITests-Runner.app/Contents/PlugIns/RecapEntriesMacProbeUITests.xctest/Contents/MacOS (in target 'RecapEntriesMacProbeUITests' from project 'RecapEntriesProbe')
    cd /Users/runner/work/orbit/orbit/.recap-entries-probe
    /bin/mkdir -p /Users/runner/work/orbit/orbit/.recap-entries-probe/.dd-mac/Build/Products/Debug/RecapEntriesMacProbeUITests-Runner.app/Contents/PlugIns/RecapEntriesMacProbeUITests.xctest/Contents/MacOS

MkDir /Users/runner/work/orbit/orbit/.recap-entries-probe/.dd-mac/Build/Products/Debug/RecapEntriesMacProbeUITests-Runner.app/Contents/PlugIns/RecapEntriesMacProbeUITests.xctest (in target 'RecapEntriesMacProbeUITests' from project 'RecapEntriesProbe')
    cd /Users/runner/work/orbit/orbit/.recap-entries-probe
    /bin/mkdir -p /Users/runner/work/orbit/orbit/.recap-entries-probe/.dd-mac/Build/Products/Debug/RecapEntriesMacProbeUITests-Runner.app/Contents/PlugIns/RecapEntriesMacProbeUITests.xctest

ProcessXCFramework /Users/runner/work/orbit/orbit/.recap-entries-probe/.dd-mac/SourcePackages/artifacts/sparkle/Sparkle/Sparkle.xcframework /Users/runner/work/orbit/orbit/.recap-entries-probe/.dd-mac/Build/Products/Debug/Sparkle.framework macos
    cd /Users/runner/work/orbit/orbit/.recap-entries-probe/RecapEntriesProbe.xcodeproj
    builtin-process-xcframework --xcframework /Users/runner/work/orbit/orbit/.recap-entries-probe/.dd-mac/SourcePackages/artifacts/sparkle/Sparkle/Sparkle.xcframework --platform macos --target-path /Users/runner/work/orbit/orbit/.recap-entries-probe/.dd-mac/Build/Products/Debug

WriteAuxiliaryFile /Users/runner/work/orbit/orbit/.recap-entries-probe/.dd-mac/Build/Intermediates.noindex/RecapEntriesProbe.build/Debug/RecapEntriesMacProbe.build/RecapEntriesMacProbe.hmap (in target 'RecapEntriesMacProbe' from project 'RecapEntriesProbe')
    cd /Users/runner/work/orbit/orbit/.recap-entries-probe
    write-file /Users/runner/work/orbit/orbit/.recap-entries-probe/.dd-mac/Build/Intermediates.noindex/RecapEntriesProbe.build/Debug/RecapEntriesMacProbe.build/RecapEntriesMacProbe.hmap

WriteAuxiliaryFile /Users/runner/work/orbit/orbit/.recap-entries-probe/.dd-mac/Build/Intermediates.noindex/RecapEntriesProbe.build/Debug/RecapEntriesMacProbe.build/RecapEntriesMacProbe.DependencyStaticMetadataFileList (in target 'RecapEntriesMacProbe' from project 'RecapEntriesProbe')
    cd /Users/runner/work/orbit/orbit/.recap-entries-probe
    write-file /Users/runner/work/orbit/orbit/.recap-entries-probe/.dd-mac/Build/Intermediates.noindex/RecapEntriesProbe.build/Debug/RecapEntriesMacProbe.build/RecapEntriesMacProbe.DependencyStaticMetadataFileList

WriteAuxiliaryFile /Users/runner/work/orbit/orbit/.recap-entries-probe/.dd-mac/Build/Intermediates.noindex/RecapEntriesProbe.build/Debug/RecapEntriesMacProbe.build/RecapEntriesMacProbe.DependencyMetadataFileList (in target 'RecapEntriesMacProbe' from project 'RecapEntriesProbe')
    cd /Users/runner/work/orbit/orbit/.recap-entries-probe
    write-file /Users/runner/work/orbit/orbit/.recap-entries-probe/.dd-mac/Build/Intermediates.noindex/RecapEntriesProbe.build/Debug/RecapEntriesMacProbe.build/RecapEntriesMacProbe.DependencyMetadataFileList

WriteAuxiliaryFile /Users/runner/work/orbit/orbit/.recap-entries-probe/.dd-mac/Build/Intermediates.noindex/RecapEntriesProbe.build/Debug/RecapEntriesMacProbe.build/RecapEntriesMacProbe-project-headers.hmap (in target 'RecapEntriesMacProbe' from project 'RecapEntriesProbe')
    cd /Users/runner/work/orbit/orbit/.recap-entries-probe
    write-file /Users/runner/work/orbit/orbit/.recap-entries-probe/.dd-mac/Build/Intermediates.noindex/RecapEntriesProbe.build/Debug/RecapEntriesMacProbe.build/RecapEntriesMacProbe-project-headers.hmap

WriteAuxiliaryFile /Users/runner/work/orbit/orbit/.recap-entries-probe/.dd-mac/Build/Intermediates.noindex/RecapEntriesProbe.build/Debug/RecapEntriesMacProbe.build/RecapEntriesMacProbe-own-target-headers.hmap (in target 'RecapEntriesMacProbe' from project 'RecapEntriesProbe')
    cd /Users/runner/work/orbit/orbit/.recap-entries-probe
    write-file /Users/runner/work/orbit/orbit/.recap-entries-probe/.dd-mac/Build/Intermediates.noindex/RecapEntriesProbe.build/Debug/RecapEntriesMacProbe.build/RecapEntriesMacProbe-own-target-headers.hmap

WriteAuxiliaryFile /Users/runner/work/orbit/orbit/.recap-entries-probe/.dd-mac/Build/Intermediates.noindex/RecapEntriesProbe.build/Debug/RecapEntriesMacProbe.build/RecapEntriesMacProbe-generated-files.hmap (in target 'RecapEntriesMacProbe' from project 'RecapEntriesProbe')
    cd /Users/runner/work/orbit/orbit/.recap-entries-probe
    write-file /Users/runner/work/orbit/orbit/.recap-entries-probe/.dd-mac/Build/Intermediates.noindex/RecapEntriesProbe.build/Debug/RecapEntriesMacProbe.build/RecapEntriesMacProbe-generated-files.hmap

WriteAuxiliaryFile /Users/runner/work/orbit/orbit/.recap-entries-probe/.dd-mac/Build/Intermediates.noindex/RecapEntriesProbe.build/Debug/RecapEntriesMacProbe.build/RecapEntriesMacProbe-all-target-headers.hmap (in target 'RecapEntriesMacProbe' from project 'RecapEntriesProbe')
    cd /Users/runner/work/orbit/orbit/.recap-entries-probe
    write-file /Users/runner/work/orbit/orbit/.recap-entries-probe/.dd-mac/Build/Intermediates.noindex/RecapEntriesProbe.build/Debug/RecapEntriesMacProbe.build/RecapEntriesMacProbe-all-target-headers.hmap

WriteAuxiliaryFile /Users/runner/work/orbit/orbit/.recap-entries-probe/.dd-mac/Build/Intermediates.noindex/RecapEntriesProbe.build/Debug/RecapEntriesMacProbe.build/RecapEntriesMacProbe-all-non-framework-target-headers.hmap (in target 'RecapEntriesMacProbe' from project 'RecapEntriesProbe')
    cd /Users/runner/work/orbit/orbit/.recap-entries-probe
    write-file /Users/runner/work/orbit/orbit/.recap-entries-probe/.dd-mac/Build/Intermediates.noindex/RecapEntriesProbe.build/Debug/RecapEntriesMacProbe.build/RecapEntriesMacProbe-all-non-framework-target-headers.hmap

WriteAuxiliaryFile /Users/runner/work/orbit/orbit/.recap-entries-probe/.dd-mac/Build/Intermediates.noindex/RecapEntriesProbe.build/Debug/RecapEntriesMacProbe.build/RecapEntriesMacProbe-DebugDylibPath-normal-arm64.txt (in target 'RecapEntriesMacProbe' from project 'RecapEntriesProbe')
    cd /Users/runner/work/orbit/orbit/.recap-entries-probe
    write-file /Users/runner/work/orbit/orbit/.recap-entries-probe/.dd-mac/Build/Intermediates.noindex/RecapEntriesProbe.build/Debug/RecapEntriesMacProbe.build/RecapEntriesMacProbe-DebugDylibPath-normal-arm64.txt

WriteAuxiliaryFile /Users/runner/work/orbit/orbit/.recap-entries-probe/.dd-mac/Build/Intermediates.noindex/RecapEntriesProbe.build/Debug/RecapEntriesMacProbe.build/RecapEntriesMacProbe-DebugDylibInstallName-normal-arm64.txt (in target 'RecapEntriesMacProbe' from project 'RecapEntriesProbe')
    cd /Users/runner/work/orbit/orbit/.recap-entries-probe
    write-file /Users/runner/work/orbit/orbit/.recap-entries-probe/.dd-mac/Build/Intermediates.noindex/RecapEntriesProbe.build/Debug/RecapEntriesMacProbe.build/RecapEntriesMacProbe-DebugDylibInstallName-normal-arm64.txt

WriteAuxiliaryFile /Users/runner/work/orbit/orbit/.recap-entries-probe/.dd-mac/Build/Intermediates.noindex/RecapEntriesProbe.build/Debug/RecapEntriesMacProbe.build/Objects-normal/arm64/RecapEntriesMacProbe_const_extract_protocols.json (in target 'RecapEntriesMacProbe' from project 'RecapEntriesProbe')
    cd /Users/runner/work/orbit/orbit/.recap-entries-probe
    write-file /Users/runner/work/orbit/orbit/.recap-entries-probe/.dd-mac/Build/Intermediates.noindex/RecapEntriesProbe.build/Debug/RecapEntriesMacProbe.build/Objects-normal/arm64/RecapEntriesMacProbe_const_extract_protocols.json

WriteAuxiliaryFile /Users/runner/work/orbit/orbit/.recap-entries-probe/.dd-mac/Build/Intermediates.noindex/RecapEntriesProbe.build/Debug/RecapEntriesMacProbe.build/Objects-normal/arm64/RecapEntriesMacProbe.SwiftFileList (in target 'RecapEntriesMacProbe' from project 'RecapEntriesProbe')
    cd /Users/runner/work/orbit/orbit/.recap-entries-probe
    write-file /Users/runner/work/orbit/orbit/.recap-entries-probe/.dd-mac/Build/Intermediates.noindex/RecapEntriesProbe.build/Debug/RecapEntriesMacProbe.build/Objects-normal/arm64/RecapEntriesMacProbe.SwiftFileList

WriteAuxiliaryFile /Users/runner/work/orbit/orbit/.recap-entries-probe/.dd-mac/Build/Intermediates.noindex/RecapEntriesProbe.build/Debug/RecapEntriesMacProbe.build/Objects-normal/arm64/RecapEntriesMacProbe.SwiftConstValuesFileList (in target 'RecapEntriesMacProbe' from project 'RecapEntriesProbe')
    cd /Users/runner/work/orbit/orbit/.recap-entries-probe
    write-file /Users/runner/work/orbit/orbit/.recap-entries-probe/.dd-mac/Build/Intermediates.noindex/RecapEntriesProbe.build/Debug/RecapEntriesMacProbe.build/Objects-normal/arm64/RecapEntriesMacProbe.SwiftConstValuesFileList

WriteAuxiliaryFile /Users/runner/work/orbit/orbit/.recap-entries-probe/.dd-mac/Build/Intermediates.noindex/RecapEntriesProbe.build/Debug/RecapEntriesMacProbe.build/Objects-normal/arm64/RecapEntriesMacProbe.LinkFileList (in target 'RecapEntriesMacProbe' from project 'RecapEntriesProbe')
    cd /Users/runner/work/orbit/orbit/.recap-entries-probe
    write-file /Users/runner/work/orbit/orbit/.recap-entries-probe/.dd-mac/Build/Intermediates.noindex/RecapEntriesProbe.build/Debug/RecapEntriesMacProbe.build/Objects-normal/arm64/RecapEntriesMacProbe.LinkFileList

WriteAuxiliaryFile /Users/runner/work/orbit/orbit/.recap-entries-probe/.dd-mac/Build/Intermediates.noindex/RecapEntriesProbe.build/Debug/RecapEntriesMacProbe.build/Objects-normal/arm64/RecapEntriesMacProbe-OutputFileMap.json (in target 'RecapEntriesMacProbe' from project 'RecapEntriesProbe')
    cd /Users/runner/work/orbit/orbit/.recap-entries-probe
    write-file /Users/runner/work/orbit/orbit/.recap-entries-probe/.dd-mac/Build/Intermediates.noindex/RecapEntriesProbe.build/Debug/RecapEntriesMacProbe.build/Objects-normal/arm64/RecapEntriesMacProbe-OutputFileMap.json

WriteAuxiliaryFile /Users/runner/work/orbit/orbit/.recap-entries-probe/.dd-mac/Build/Intermediates.noindex/RecapEntriesProbe.build/Debug/RecapEntriesMacProbe.build/DerivedSources/Entitlements.plist (in target 'RecapEntriesMacProbe' from project 'RecapEntriesProbe')
    cd /Users/runner/work/orbit/orbit/.recap-entries-probe
    write-file /Users/runner/work/orbit/orbit/.recap-entries-probe/.dd-mac/Build/Intermediates.noindex/RecapEntriesProbe.build/Debug/RecapEntriesMacProbe.build/DerivedSources/Entitlements.plist

MkDir /Users/runner/work/orbit/orbit/.recap-entries-probe/.dd-mac/Build/Products/Debug/RecapEntriesMacProbe.app/Contents/Resources (in target 'RecapEntriesMacProbe' from project 'RecapEntriesProbe')
    cd /Users/runner/work/orbit/orbit/.recap-entries-probe
    /bin/mkdir -p /Users/runner/work/orbit/orbit/.recap-entries-probe/.dd-mac/Build/Products/Debug/RecapEntriesMacProbe.app/Contents/Resources

MkDir /Users/runner/work/orbit/orbit/.recap-entries-probe/.dd-mac/Build/Products/Debug/RecapEntriesMacProbe.app/Contents/MacOS (in target 'RecapEntriesMacProbe' from project 'RecapEntriesProbe')
    cd /Users/runner/work/orbit/orbit/.recap-entries-probe
    /bin/mkdir -p /Users/runner/work/orbit/orbit/.recap-entries-probe/.dd-mac/Build/Products/Debug/RecapEntriesMacProbe.app/Contents/MacOS

MkDir /Users/runner/work/orbit/orbit/.recap-entries-probe/.dd-mac/Build/Products/Debug/RecapEntriesMacProbe.app/Contents/Frameworks (in target 'RecapEntriesMacProbe' from project 'RecapEntriesProbe')
    cd /Users/runner/work/orbit/orbit/.recap-entries-probe
    /bin/mkdir -p /Users/runner/work/orbit/orbit/.recap-entries-probe/.dd-mac/Build/Products/Debug/RecapEntriesMacProbe.app/Contents/Frameworks

MkDir /Users/runner/work/orbit/orbit/.recap-entries-probe/.dd-mac/Build/Products/Debug/RecapEntriesMacProbe.app/Contents (in target 'RecapEntriesMacProbe' from project 'RecapEntriesProbe')
    cd /Users/runner/work/orbit/orbit/.recap-entries-probe
    /bin/mkdir -p /Users/runner/work/orbit/orbit/.recap-entries-probe/.dd-mac/Build/Products/Debug/RecapEntriesMacProbe.app/Contents

MkDir /Users/runner/work/orbit/orbit/.recap-entries-probe/.dd-mac/Build/Products/Debug/RecapEntriesMacProbe.app (in target 'RecapEntriesMacProbe' from project 'RecapEntriesProbe')
    cd /Users/runner/work/orbit/orbit/.recap-entries-probe
    /bin/mkdir -p /Users/runner/work/orbit/orbit/.recap-entries-probe/.dd-mac/Build/Products/Debug/RecapEntriesMacProbe.app

ScanDependencies /Users/runner/work/orbit/orbit/.recap-entries-probe/.dd-mac/Build/Intermediates.noindex/cmark-gfm.build/Debug/cmark-gfm-extensions.build/Objects-normal/arm64/tagfilter.o /Users/runner/work/orbit/orbit/.recap-entries-probe/.dd-mac/SourcePackages/checkouts/swift-cmark/extensions/tagfilter.c normal arm64 c com.apple.compilers.llvm.clang.1_0.compiler (in target 'cmark-gfm-extensions' from project 'cmark-gfm')
    cd /Users/runner/work/orbit/orbit/.recap-entries-probe/RecapEntriesProbe.xcodeproj
    
    Using response file: /Users/runner/work/orbit/orbit/.recap-entries-probe/.dd-mac/Build/Intermediates.noindex/cmark-gfm.build/Debug/cmark-gfm-extensions.build/Objects-normal/arm64/7187679823f38a2a940e0043cdf9d637-common-args.resp
    
    builtin-ScanDependencies -o /Users/runner/work/orbit/orbit/.recap-entries-probe/.dd-mac/Build/Intermediates.noindex/cmark-gfm.build/Debug/cmark-gfm-extensions.build/Objects-normal/arm64/tagfilter.o.scan -- /Applications/Xcode_26.6.app/Contents/Developer/Toolchains/XcodeDefault.xctoolchain/usr/bin/clang -x c -ivfsstatcache /Users/runner/work/orbit/orbit/.recap-entries-probe/.dd-mac/SDKStatCaches.noindex/macosx26.5-25F70-688ef53f1462e2c8f657fdc38a81448fee0e6409aa6676c5e6c013d148225433.sdkstatcache -target arm64-apple-macos10.13 -fmessage-length\=0 -fdiagnostics-show-note-include-stack -fmacro-backtrace-limit\=0 -fno-color-diagnostics -fmodules-prune-interval\=86400 -fmodules-prune-after\=345600 -fbuild-session-file\=/Users/runner/work/orbit/orbit/.recap-entries-probe/.dd-mac/ModuleCache.noindex/Session.modulevalidation -fmodules-validate-once-per-build-session -Wnon-modular-include-in-framework-module -Werror\=non-modular-include-in-framework-module -Wno-trigraphs -Wno-missing-field-initializers -Wno-missing-prototypes -Wno-return-type -Wno-missing-braces -Wparentheses -Wswitch -Wno-unused-function -Wno-unused-label -Wno-unused-parameter -Wno-unused-variable -Wunused-value -Wno-empty-body -Wno-uninitialized -Wno-unknown-pragmas -w -Wno-shadow -Wno-four-char-constants -Wno-conversion -Wno-constant-conversion -Wno-int-conversion -Wno-bool-conversion -Wno-enum-conversion -Wno-float-conversion -Wno-non-literal-null-conversion -Wno-objc-literal-conversion -Wshorten-64-to-32 -Wpointer-sign -Wno-newline-eof -Wno-implicit-fallthrough -isysroot /Applications/Xcode_26.6.app/Contents/Developer/Platforms/MacOSX.platform/Developer/SDKs/MacOSX26.5.sdk -fstrict-aliasing -Wdeprecated-declarations -Wno-sign-conversion -Wno-infinite-recursion -Wno-comma -Wno-block-capture-autoreleasing -Wno-strict-prototypes -Wno-semicolon-before-method-body -index-store-path /Users/runner/work/orbit/orbit/.recap-entries-probe/.dd-mac/Index.noindex/DataStore @/Users/runner/work/orbit/orbit/.recap-entries-probe/.dd-mac/Build/Intermediates.noindex/cmark-gfm.build/Debug/cmark-gfm-extensions.build/Objects-normal/arm64/7187679823f38a2a940e0043cdf9d637-common-args.resp -MMD -MT dependencies -MF /Users/runner/work/orbit/orbit/.recap-entries-probe/.dd-mac/Build/Intermediates.noindex/cmark-gfm.build/Debug/cmark-gfm-extensions.build/Objects-normal/arm64/tagfilter.d --serialize-diagnostics /Users/runner/work/orbit/orbit/.recap-entries-probe/.dd-mac/Build/Intermediates.noindex/cmark-gfm.build/Debug/cmark-gfm-extensions.build/Objects-normal/arm64/tagfilter.dia -c /Users/runner/work/orbit/orbit/.recap-entries-probe/.dd-mac/SourcePackages/checkouts/swift-cmark/extensions/tagfilter.c -o /Users/runner/work/orbit/orbit/.recap-entries-probe/.dd-mac/Build/Intermediates.noindex/cmark-gfm.build/Debug/cmark-gfm-extensions.build/Objects-normal/arm64/tagfilter.o -index-unit-output-path /cmark-gfm.build/Debug/cmark-gfm-extensions.build/Objects-normal/arm64/tagfilter.o

ScanDependencies /Users/runner/work/orbit/orbit/.recap-entries-probe/.dd-mac/Build/Intermediates.noindex/cmark-gfm.build/Debug/cmark-gfm-extensions.build/Objects-normal/arm64/tasklist.o /Users/runner/work/orbit/orbit/.recap-entries-probe/.dd-mac/SourcePackages/checkouts/swift-cmark/extensions/tasklist.c normal arm64 c com.apple.compilers.llvm.clang.1_0.compiler (in target 'cmark-gfm-extensions' from project 'cmark-gfm')
    cd /Users/runner/work/orbit/orbit/.recap-entries-probe/RecapEntriesProbe.xcodeproj
    
    Using response file: /Users/runner/work/orbit/orbit/.recap-entries-probe/.dd-mac/Build/Intermediates.noindex/cmark-gfm.build/Debug/cmark-gfm-extensions.build/Objects-normal/arm64/7187679823f38a2a940e0043cdf9d637-common-args.resp
    
    builtin-ScanDependencies -o /Users/runner/work/orbit/orbit/.recap-entries-probe/.dd-mac/Build/Intermediates.noindex/cmark-gfm.build/Debug/cmark-gfm-extensions.build/Objects-normal/arm64/tasklist.o.scan -- /Applications/Xcode_26.6.app/Contents/Developer/Toolchains/XcodeDefault.xctoolchain/usr/bin/clang -x c -ivfsstatcache /Users/runner/work/orbit/orbit/.recap-entries-probe/.dd-mac/SDKStatCaches.noindex/macosx26.5-25F70-688ef53f1462e2c8f657fdc38a81448fee0e6409aa6676c5e6c013d148225433.sdkstatcache -target arm64-apple-macos10.13 -fmessage-length\=0 -fdiagnostics-show-note-include-stack -fmacro-backtrace-limit\=0 -fno-color-diagnostics -fmodules-prune-interval\=86400 -fmodules-prune-after\=345600 -fbuild-session-file\=/Users/runner/work/orbit/orbit/.recap-entries-probe/.dd-mac/ModuleCache.noindex/Session.modulevalidation -fmodules-validate-once-per-build-session -Wnon-modular-include-in-framework-module -Werror\=non-modular-include-in-framework-module -Wno-trigraphs -Wno-missing-field-initializers -Wno-missing-prototypes -Wno-return-type -Wno-missing-braces -Wparentheses -Wswitch -Wno-unused-function -Wno-unused-label -Wno-unused-parameter -Wno-unused-variable -Wunused-value -Wno-empty-body -Wno-uninitialized -Wno-unknown-pragmas -w -Wno-shadow -Wno-four-char-constants -Wno-conversion -Wno-constant-conversion -Wno-int-conversion -Wno-bool-conversion -Wno-enum-conversion -Wno-float-conversion -Wno-non-literal-null-conversion -Wno-objc-literal-conversion -Wshorten-64-to-32 -Wpointer-sign -Wno-newline-eof -Wno-implicit-fallthrough -isysroot /Applications/Xcode_26.6.app/Contents/Developer/Platforms/MacOSX.platform/Developer/SDKs/MacOSX26.5.sdk -fstrict-aliasing -Wdeprecated-declarations -Wno-sign-conversion -Wno-infinite-recursion -Wno-comma -Wno-block-capture-autoreleasing -Wno-strict-prototypes -Wno-semicolon-before-method-body -index-store-path /Users/runner/work/orbit/orbit/.recap-entries-probe/.dd-mac/Index.noindex/DataStore @/Users/runner/work/orbit/orbit/.recap-entries-probe/.dd-mac/Build/Intermediates.noindex/cmark-gfm.build/Debug/cmark-gfm-extensions.build/Objects-normal/arm64/7187679823f38a2a940e0043cdf9d637-common-args.resp -MMD -MT dependencies -MF /Users/runner/work/orbit/orbit/.recap-entries-probe/.dd-mac/Build/Intermediates.noindex/cmark-gfm.build/Debug/cmark-gfm-extensions.build/Objects-normal/arm64/tasklist.d --serialize-diagnostics /Users/runner/work/orbit/orbit/.recap-entries-probe/.dd-mac/Build/Intermediates.noindex/cmark-gfm.build/Debug/cmark-gfm-extensions.build/Objects-normal/arm64/tasklist.dia -c /Users/runner/work/orbit/orbit/.recap-entries-probe/.dd-mac/SourcePackages/checkouts/swift-cmark/extensions/tasklist.c -o /Users/runner/work/orbit/orbit/.recap-entries-probe/.dd-mac/Build/Intermediates.noindex/cmark-gfm.build/Debug/cmark-gfm-extensions.build/Objects-normal/arm64/tasklist.o -index-unit-output-path /cmark-gfm.build/Debug/cmark-gfm-extensions.build/Objects-normal/arm64/tasklist.o

ScanDependencies /Users/runner/work/orbit/orbit/.recap-entries-probe/.dd-mac/Build/Intermediates.noindex/cmark-gfm.build/Debug/cmark-gfm-extensions.build/Objects-normal/arm64/table.o /Users/runner/work/orbit/orbit/.recap-entries-probe/.dd-mac/SourcePackages/checkouts/swift-cmark/extensions/table.c normal arm64 c com.apple.compilers.llvm.clang.1_0.compiler (in target 'cmark-gfm-extensions' from project 'cmark-gfm')
    cd /Users/runner/work/orbit/orbit/.recap-entries-probe/RecapEntriesProbe.xcodeproj
    
    Using response file: /Users/runner/work/orbit/orbit/.recap-entries-probe/.dd-mac/Build/Intermediates.noindex/cmark-gfm.build/Debug/cmark-gfm-extensions.build/Objects-normal/arm64/7187679823f38a2a940e0043cdf9d637-common-args.resp
    
    builtin-ScanDependencies -o /Users/runner/work/orbit/orbit/.recap-entries-probe/.dd-mac/Build/Intermediates.noindex/cmark-gfm.build/Debug/cmark-gfm-extensions.build/Objects-normal/arm64/table.o.scan -- /Applications/Xcode_26.6.app/Contents/Developer/Toolchains/XcodeDefault.xctoolchain/usr/bin/clang -x c -ivfsstatcache /Users/runner/work/orbit/orbit/.recap-entries-probe/.dd-mac/SDKStatCaches.noindex/macosx26.5-25F70-688ef53f1462e2c8f657fdc38a81448fee0e6409aa6676c5e6c013d148225433.sdkstatcache -target arm64-apple-macos10.13 -fmessage-length\=0 -fdiagnostics-show-note-include-stack -fmacro-backtrace-limit\=0 -fno-color-diagnostics -fmodules-prune-interval\=86400 -fmodules-prune-after\=345600 -fbuild-session-file\=/Users/runner/work/orbit/orbit/.recap-entries-probe/.dd-mac/ModuleCache.noindex/Session.modulevalidation -fmodules-validate-once-per-build-session -Wnon-modular-include-in-framework-module -Werror\=non-modular-include-in-framework-module -Wno-trigraphs -Wno-missing-field-initializers -Wno-missing-prototypes -Wno-return-type -Wno-missing-braces -Wparentheses -Wswitch -Wno-unused-function -Wno-unused-label -Wno-unused-parameter -Wno-unused-variable -Wunused-value -Wno-empty-body -Wno-uninitialized -Wno-unknown-pragmas -w -Wno-shadow -Wno-four-char-constants -Wno-conversion -Wno-constant-conversion -Wno-int-conversion -Wno-bool-conversion -Wno-enum-conversion -Wno-float-conversion -Wno-non-literal-null-conversion -Wno-objc-literal-conversion -Wshorten-64-to-32 -Wpointer-sign -Wno-newline-eof -Wno-implicit-fallthrough -isysroot /Applications/Xcode_26.6.app/Contents/Developer/Platforms/MacOSX.platform/Developer/SDKs/MacOSX26.5.sdk -fstrict-aliasing -Wdeprecated-declarations -Wno-sign-conversion -Wno-infinite-recursion -Wno-comma -Wno-block-capture-autoreleasing -Wno-strict-prototypes -Wno-semicolon-before-method-body -index-store-path /Users/runner/work/orbit/orbit/.recap-entries-probe/.dd-mac/Index.noindex/DataStore @/Users/runner/work/orbit/orbit/.recap-entries-probe/.dd-mac/Build/Intermediates.noindex/cmark-gfm.build/Debug/cmark-gfm-extensions.build/Objects-normal/arm64/7187679823f38a2a940e0043cdf9d637-common-args.resp -MMD -MT dependencies -MF /Users/runner/work/orbit/orbit/.recap-entries-probe/.dd-mac/Build/Intermediates.noindex/cmark-gfm.build/Debug/cmark-gfm-extensions.build/Objects-normal/arm64/table.d --serialize-diagnostics /Users/runner/work/orbit/orbit/.recap-entries-probe/.dd-mac/Build/Intermediates.noindex/cmark-gfm.build/Debug/cmark-gfm-extensions.build/Objects-normal/arm64/table.dia -c /Users/runner/work/orbit/orbit/.recap-entries-probe/.dd-mac/SourcePackages/checkouts/swift-cmark/extensions/table.c -o /Users/runner/work/orbit/orbit/.recap-entries-probe/.dd-mac/Build/Intermediates.noindex/cmark-gfm.build/Debug/cmark-gfm-extensions.build/Objects-normal/arm64/table.o -index-unit-output-path /cmark-gfm.build/Debug/cmark-gfm-extensions.build/Objects-normal/arm64/table.o

SwiftDriver Markdown normal arm64 com.apple.xcode.tools.swift.compiler (in target 'Markdown' from project 'swift-markdown')
    cd /Users/runner/work/orbit/orbit/.recap-entries-probe/RecapEntriesProbe.xcodeproj
    builtin-SwiftDriver -- /Applications/Xcode_26.6.app/Contents/Developer/Toolchains/XcodeDefault.xctoolchain/usr/bin/swiftc -module-name Markdown -Onone @/Users/runner/work/orbit/orbit/.recap-entries-probe/.dd-mac/Build/Intermediates.noindex/swift-markdown.build/Debug/Markdown.build/Objects-normal/arm64/Markdown.SwiftFileList -DSWIFT_PACKAGE -DDEBUG -DSWIFT_MODULE_RESOURCE_BUNDLE_UNAVAILABLE -DXcode -plugin-path /Applications/Xcode_26.6.app/Contents/Developer/Toolchains/XcodeDefault.xctoolchain/usr/lib/swift/host/plugins/testing -enable-experimental-feature DebugDescriptionMacro -sdk /Applications/Xcode_26.6.app/Contents/Developer/Platforms/MacOSX.platform/Developer/SDKs/MacOSX26.5.sdk -target arm64-apple-macos10.13 -g -module-cache-path /Users/runner/work/orbit/orbit/.recap-entries-probe/.dd-mac/ModuleCache.noindex -Xfrontend -serialize-debugging-options -enable-testing -suppress-warnings -index-store-path /Users/runner/work/orbit/orbit/.recap-entries-probe/.dd-mac/Index.noindex/DataStore -Xcc -D_LIBCPP_HARDENING_MODE\=_LIBCPP_HARDENING_MODE_DEBUG -swift-version 5 -I /Users/runner/work/orbit/orbit/.recap-entries-probe/.dd-mac/Build/Products/Debug -Isystem /Applications/Xcode_26.6.app/Contents/Developer/Platforms/MacOSX.platform/Developer/usr/lib -F /Users/runner/work/orbit/orbit/.recap-entries-probe/.dd-mac/Build/Products/Debug/PackageFrameworks -F /Users/runner/work/orbit/orbit/.recap-entries-probe/.dd-mac/Build/Products/Debug/PackageFrameworks -F /Users/runner/work/orbit/orbit/.recap-entries-probe/.dd-mac/Build/Products/Debug/PackageFrameworks -F /Users/runner/work/orbit/orbit/.recap-entries-probe/.dd-mac/Build/Products/Debug -F /Applications/Xcode_26.6.app/Contents/Developer/Platforms/MacOSX.platform/Developer/Library/Frameworks -c -j3 -enable-batch-mode -incremental -Xcc -ivfsstatcache -Xcc /Users/runner/work/orbit/orbit/.recap-entries-probe/.dd-mac/SDKStatCaches.noindex/macosx26.5-25F70-688ef53f1462e2c8f657fdc38a81448fee0e6409aa6676c5e6c013d148225433.sdkstatcache -output-file-map /Users/runner/work/orbit/orbit/.recap-entries-probe/.dd-mac/Build/Intermediates.noindex/swift-markdown.build/Debug/Markdown.build/Objects-normal/arm64/Markdown-OutputFileMap.json -use-frontend-parseable-output -save-temps -no-color-diagnostics -explicit-module-build -module-cache-path /Users/runner/work/orbit/orbit/.recap-entries-probe/.dd-mac/Build/Intermediates.noindex/SwiftExplicitPrecompiledModules -clang-scanner-module-cache-path /Users/runner/work/orbit/orbit/.recap-entries-probe/.dd-mac/ModuleCache.noindex -sdk-module-cache-path /Users/runner/work/orbit/orbit/.recap-entries-probe/.dd-mac/ModuleCache.noindex -serialize-diagnostics -emit-dependencies -emit-module -emit-module-path /Users/runner/work/orbit/orbit/.recap-entries-probe/.dd-mac/Build/Intermediates.noindex/swift-markdown.build/Debug/Markdown.build/Objects-normal/arm64/Markdown.swiftmodule -user-module-version 0.9.0 -validate-clang-modules-once -clang-build-session-file /Users/runner/work/orbit/orbit/.recap-entries-probe/.dd-mac/ModuleCache.noindex/Session.modulevalidation -package-name swift_markdown -Xcc -I/Users/runner/work/orbit/orbit/.recap-entries-probe/.dd-mac/Build/Intermediates.noindex/swift-markdown.build/Debug/Markdown.build/swift-overrides.hmap -emit-const-values -Xfrontend -const-gather-protocols-file -Xfrontend /Users/runner/work/orbit/orbit/.recap-entries-probe/.dd-mac/Build/Intermediates.noindex/swift-markdown.build/Debug/Markdown.build/Objects-normal/arm64/Markdown_const_extract_protocols.json -Xcc -I/Users/runner/work/orbit/orbit/.recap-entries-probe/.dd-mac/SourcePackages/checkouts/swift-cmark/src/include -Xcc -I/Users/runner/work/orbit/orbit/.recap-entries-probe/.dd-mac/SourcePackages/checkouts/swift-cmark/extensions/include -Xcc -I/Users/runner/work/orbit/orbit/.recap-entries-probe/.dd-mac/SourcePackages/checkouts/swift-markdown/Sources/CAtomic/include -Xcc -I/Users/runner/work/orbit/orbit/.recap-entries-probe/.dd-mac/Build/Products/Debug/include -Xcc -I/Users/runner/work/orbit/orbit/.recap-entries-probe/.dd-mac/Build/Intermediates.noindex/swift-markdown.build/Debug/Markdown.build/DerivedSources-normal/arm64 -Xcc -I/Users/runner/work/orbit/orbit/.recap-entries-probe/.dd-mac/Build/Intermediates.noindex/swift-markdown.build/Debug/Markdown.build/DerivedSources/arm64 -Xcc -I/Users/runner/work/orbit/orbit/.recap-entries-probe/.dd-mac/Build/Intermediates.noindex/swift-markdown.build/Debug/Markdown.build/DerivedSources -Xcc -DSWIFT_PACKAGE -Xcc -DDEBUG\=1 -emit-objc-header -emit-objc-header-path /Users/runner/work/orbit/orbit/.recap-entries-probe/.dd-mac/Build/Intermediates.noindex/swift-markdown.build/Debug/Markdown.build/Objects-normal/arm64/Markdown-Swift.h -working-directory /Users/runner/work/orbit/orbit/.recap-entries-probe/RecapEntriesProbe.xcodeproj -experimental-emit-module-separately -disable-cmo

ScanDependencies /Users/runner/work/orbit/orbit/.recap-entries-probe/.dd-mac/Build/Intermediates.noindex/cmark-gfm.build/Debug/cmark-gfm-extensions.build/Objects-normal/arm64/strikethrough.o /Users/runner/work/orbit/orbit/.recap-entries-probe/.dd-mac/SourcePackages/checkouts/swift-cmark/extensions/strikethrough.c normal arm64 c com.apple.compilers.llvm.clang.1_0.compiler (in target 'cmark-gfm-extensions' from project 'cmark-gfm')
    cd /Users/runner/work/orbit/orbit/.recap-entries-probe/RecapEntriesProbe.xcodeproj
    
    Using response file: /Users/runner/work/orbit/orbit/.recap-entries-probe/.dd-mac/Build/Intermediates.noindex/cmark-gfm.build/Debug/cmark-gfm-extensions.build/Objects-normal/arm64/7187679823f38a2a940e0043cdf9d637-common-args.resp
    
    builtin-ScanDependencies -o /Users/runner/work/orbit/orbit/.recap-entries-probe/.dd-mac/Build/Intermediates.noindex/cmark-gfm.build/Debug/cmark-gfm-extensions.build/Objects-normal/arm64/strikethrough.o.scan -- /Applications/Xcode_26.6.app/Contents/Developer/Toolchains/XcodeDefault.xctoolchain/usr/bin/clang -x c -ivfsstatcache /Users/runner/work/orbit/orbit/.recap-entries-probe/.dd-mac/SDKStatCaches.noindex/macosx26.5-25F70-688ef53f1462e2c8f657fdc38a81448fee0e6409aa6676c5e6c013d148225433.sdkstatcache -target arm64-apple-macos10.13 -fmessage-length\=0 -fdiagnostics-show-note-include-stack -fmacro-backtrace-limit\=0 -fno-color-diagnostics -fmodules-prune-interval\=86400 -fmodules-prune-after\=345600 -fbuild-session-file\=/Users/runner/work/orbit/orbit/.recap-entries-probe/.dd-mac/ModuleCache.noindex/Session.modulevalidation -fmodules-validate-once-per-build-session -Wnon-modular-include-in-framework-module -Werror\=non-modular-include-in-framework-module -Wno-trigraphs -Wno-missing-field-initializers -Wno-missing-prototypes -Wno-return-type -Wno-missing-braces -Wparentheses -Wswitch -Wno-unused-function -Wno-unused-label -Wno-unused-parameter -Wno-unused-variable -Wunused-value -Wno-empty-body -Wno-uninitialized -Wno-unknown-pragmas -w -Wno-shadow -Wno-four-char-constants -Wno-conversion -Wno-constant-conversion -Wno-int-conversion -Wno-bool-conversion -Wno-enum-conversion -Wno-float-conversion -Wno-non-literal-null-conversion -Wno-objc-literal-conversion -Wshorten-64-to-32 -Wpointer-sign -Wno-newline-eof -Wno-implicit-fallthrough -isysroot /Applications/Xcode_26.6.app/Contents/Developer/Platforms/MacOSX.platform/Developer/SDKs/MacOSX26.5.sdk -fstrict-aliasing -Wdeprecated-declarations -Wno-sign-conversion -Wno-infinite-recursion -Wno-comma -Wno-block-capture-autoreleasing -Wno-strict-prototypes -Wno-semicolon-before-method-body -index-store-path /Users/runner/work/orbit/orbit/.recap-entries-probe/.dd-mac/Index.noindex/DataStore @/Users/runner/work/orbit/orbit/.recap-entries-probe/.dd-mac/Build/Intermediates.noindex/cmark-gfm.build/Debug/cmark-gfm-extensions.build/Objects-normal/arm64/7187679823f38a2a940e0043cdf9d637-common-args.resp -MMD -MT dependencies -MF /Users/runner/work/orbit/orbit/.recap-entries-probe/.dd-mac/Build/Intermediates.noindex/cmark-gfm.build/Debug/cmark-gfm-extensions.build/Objects-normal/arm64/strikethrough.d --serialize-diagnostics /Users/runner/work/orbit/orbit/.recap-entries-probe/.dd-mac/Build/Intermediates.noindex/cmark-gfm.build/Debug/cmark-gfm-extensions.build/Objects-normal/arm64/strikethrough.dia -c /Users/runner/work/orbit/orbit/.recap-entries-probe/.dd-mac/SourcePackages/checkouts/swift-cmark/extensions/strikethrough.c -o /Users/runner/work/orbit/orbit/.recap-entries-probe/.dd-mac/Build/Intermediates.noindex/cmark-gfm.build/Debug/cmark-gfm-extensions.build/Objects-normal/arm64/strikethrough.o -index-unit-output-path /cmark-gfm.build/Debug/cmark-gfm-extensions.build/Objects-normal/arm64/strikethrough.o

ScanDependencies /Users/runner/work/orbit/orbit/.recap-entries-probe/.dd-mac/Build/Intermediates.noindex/cmark-gfm.build/Debug/cmark-gfm-extensions.build/Objects-normal/arm64/ext_scanners.o /Users/runner/work/orbit/orbit/.recap-entries-probe/.dd-mac/SourcePackages/checkouts/swift-cmark/extensions/ext_scanners.c normal arm64 c com.apple.compilers.llvm.clang.1_0.compiler (in target 'cmark-gfm-extensions' from project 'cmark-gfm')
    cd /Users/runner/work/orbit/orbit/.recap-entries-probe/RecapEntriesProbe.xcodeproj
    
    Using response file: /Users/runner/work/orbit/orbit/.recap-entries-probe/.dd-mac/Build/Intermediates.noindex/cmark-gfm.build/Debug/cmark-gfm-extensions.build/Objects-normal/arm64/7187679823f38a2a940e0043cdf9d637-common-args.resp
    
    builtin-ScanDependencies -o /Users/runner/work/orbit/orbit/.recap-entries-probe/.dd-mac/Build/Intermediates.noindex/cmark-gfm.build/Debug/cmark-gfm-extensions.build/Objects-normal/arm64/ext_scanners.o.scan -- /Applications/Xcode_26.6.app/Contents/Developer/Toolchains/XcodeDefault.xctoolchain/usr/bin/clang -x c -ivfsstatcache /Users/runner/work/orbit/orbit/.recap-entries-probe/.dd-mac/SDKStatCaches.noindex/macosx26.5-25F70-688ef53f1462e2c8f657fdc38a81448fee0e6409aa6676c5e6c013d148225433.sdkstatcache -target arm64-apple-macos10.13 -fmessage-length\=0 -fdiagnostics-show-note-include-stack -fmacro-backtrace-limit\=0 -fno-color-diagnostics -fmodules-prune-interval\=86400 -fmodules-prune-after\=345600 -fbuild-session-file\=/Users/runner/work/orbit/orbit/.recap-entries-probe/.dd-mac/ModuleCache.noindex/Session.modulevalidation -fmodules-validate-once-per-build-session -Wnon-modular-include-in-framework-module -Werror\=non-modular-include-in-framework-module -Wno-trigraphs -Wno-missing-field-initializers -Wno-missing-prototypes -Wno-return-type -Wno-missing-braces -Wparentheses -Wswitch -Wno-unused-function -Wno-unused-label -Wno-unused-parameter -Wno-unused-variable -Wunused-value -Wno-empty-body -Wno-uninitialized -Wno-unknown-pragmas -w -Wno-shadow -Wno-four-char-constants -Wno-conversion -Wno-constant-conversion -Wno-int-conversion -Wno-bool-conversion -Wno-enum-conversion -Wno-float-conversion -Wno-non-literal-null-conversion -Wno-objc-literal-conversion -Wshorten-64-to-32 -Wpointer-sign -Wno-newline-eof -Wno-implicit-fallthrough -isysroot /Applications/Xcode_26.6.app/Contents/Developer/Platforms/MacOSX.platform/Developer/SDKs/MacOSX26.5.sdk -fstrict-aliasing -Wdeprecated-declarations -Wno-sign-conversion -Wno-infinite-recursion -Wno-comma -Wno-block-capture-autoreleasing -Wno-strict-prototypes -Wno-semicolon-before-method-body -index-store-path /Users/runner/work/orbit/orbit/.recap-entries-probe/.dd-mac/Index.noindex/DataStore @/Users/runner/work/orbit/orbit/.recap-entries-probe/.dd-mac/Build/Intermediates.noindex/cmark-gfm.build/Debug/cmark-gfm-extensions.build/Objects-normal/arm64/7187679823f38a2a940e0043cdf9d637-common-args.resp -MMD -MT dependencies -MF /Users/runner/work/orbit/orbit/.recap-entries-probe/.dd-mac/Build/Intermediates.noindex/cmark-gfm.build/Debug/cmark-gfm-extensions.build/Objects-normal/arm64/ext_scanners.d --serialize-diagnostics /Users/runner/work/orbit/orbit/.recap-entries-probe/.dd-mac/Build/Intermediates.noindex/cmark-gfm.build/Debug/cmark-gfm-extensions.build/Objects-normal/arm64/ext_scanners.dia -c /Users/runner/work/orbit/orbit/.recap-entries-probe/.dd-mac/SourcePackages/checkouts/swift-cmark/extensions/ext_scanners.c -o /Users/runner/work/orbit/orbit/.recap-entries-probe/.dd-mac/Build/Intermediates.noindex/cmark-gfm.build/Debug/cmark-gfm-extensions.build/Objects-normal/arm64/ext_scanners.o -index-unit-output-path /cmark-gfm.build/Debug/cmark-gfm-extensions.build/Objects-normal/arm64/ext_scanners.o

PrecompileModule /Users/runner/work/orbit/orbit/.recap-entries-probe/.dd-mac/Build/Intermediates.noindex/ExplicitPrecompiledModules/_Builtin_stddef-9ICV5BG2IBITI4WUTQW42V8M4.scan
    cd /
    builtin-precompileModule /Users/runner/work/orbit/orbit/.recap-entries-probe/.dd-mac/Build/Intermediates.noindex/ExplicitPrecompiledModules/_Builtin_stddef-9ICV5BG2IBITI4WUTQW42V8M4.scan

PrecompileModule /Users/runner/work/orbit/orbit/.recap-entries-probe/.dd-mac/Build/Intermediates.noindex/ExplicitPrecompiledModules/_Builtin_stdbool-DCSX8UKY0W92ZGTOELQIM3ULR.scan
    cd /
    builtin-precompileModule /Users/runner/work/orbit/orbit/.recap-entries-probe/.dd-mac/Build/Intermediates.noindex/ExplicitPrecompiledModules/_Builtin_stdbool-DCSX8UKY0W92ZGTOELQIM3ULR.scan

PrecompileModule /Users/runner/work/orbit/orbit/.recap-entries-probe/.dd-mac/Build/Intermediates.noindex/ExplicitPrecompiledModules/_AvailabilityInternal-9B9M6OK7JM9RCWTGGWL1WN5MH.scan
    cd /
    builtin-precompileModule /Users/runner/work/orbit/orbit/.recap-entries-probe/.dd-mac/Build/Intermediates.noindex/ExplicitPrecompiledModules/_AvailabilityInternal-9B9M6OK7JM9RCWTGGWL1WN5MH.scan

PrecompileModule /Users/runner/work/orbit/orbit/.recap-entries-probe/.dd-mac/Build/Intermediates.noindex/ExplicitPrecompiledModules/_Builtin_stdarg-F1K1F76PAWNTFR64DFLZP56T2.scan
    cd /
    builtin-precompileModule /Users/runner/work/orbit/orbit/.recap-entries-probe/.dd-mac/Build/Intermediates.noindex/ExplicitPrecompiledModules/_Builtin_stdarg-F1K1F76PAWNTFR64DFLZP56T2.scan

PrecompileModule /Users/runner/work/orbit/orbit/.recap-entries-probe/.dd-mac/Build/Intermediates.noindex/ExplicitPrecompiledModules/ptrcheck-19RWLZU24O168Q1VXV2HMU7XT.scan
    cd /
    builtin-precompileModule /Users/runner/work/orbit/orbit/.recap-entries-probe/.dd-mac/Build/Intermediates.noindex/ExplicitPrecompiledModules/ptrcheck-19RWLZU24O168Q1VXV2HMU7XT.scan

ScanDependencies /Users/runner/work/orbit/orbit/.recap-entries-probe/.dd-mac/Build/Intermediates.noindex/cmark-gfm.build/Debug/cmark-gfm-extensions.build/Objects-normal/arm64/core-extensions.o /Users/runner/work/orbit/orbit/.recap-entries-probe/.dd-mac/SourcePackages/checkouts/swift-cmark/extensions/core-extensions.c normal arm64 c com.apple.compilers.llvm.clang.1_0.compiler (in target 'cmark-gfm-extensions' from project 'cmark-gfm')
    cd /Users/runner/work/orbit/orbit/.recap-entries-probe/RecapEntriesProbe.xcodeproj
    
    Using response file: /Users/runner/work/orbit/orbit/.recap-entries-probe/.dd-mac/Build/Intermediates.noindex/cmark-gfm.build/Debug/cmark-gfm-extensions.build/Objects-normal/arm64/7187679823f38a2a940e0043cdf9d637-common-args.resp
    
    builtin-ScanDependencies -o /Users/runner/work/orbit/orbit/.recap-entries-probe/.dd-mac/Build/Intermediates.noindex/cmark-gfm.build/Debug/cmark-gfm-extensions.build/Objects-normal/arm64/core-extensions.o.scan -- /Applications/Xcode_26.6.app/Contents/Developer/Toolchains/XcodeDefault.xctoolchain/usr/bin/clang -x c -ivfsstatcache /Users/runner/work/orbit/orbit/.recap-entries-probe/.dd-mac/SDKStatCaches.noindex/macosx26.5-25F70-688ef53f1462e2c8f657fdc38a81448fee0e6409aa6676c5e6c013d148225433.sdkstatcache -target arm64-apple-macos10.13 -fmessage-length\=0 -fdiagnostics-show-note-include-stack -fmacro-backtrace-limit\=0 -fno-color-diagnostics -fmodules-prune-interval\=86400 -fmodules-prune-after\=345600 -fbuild-session-file\=/Users/runner/work/orbit/orbit/.recap-entries-probe/.dd-mac/ModuleCache.noindex/Session.modulevalidation -fmodules-validate-once-per-build-session -Wnon-modular-include-in-framework-module -Werror\=non-modular-include-in-framework-module -Wno-trigraphs -Wno-missing-field-initializers -Wno-missing-prototypes -Wno-return-type -Wno-missing-braces -Wparentheses -Wswitch -Wno-unused-function -Wno-unused-label -Wno-unused-parameter -Wno-unused-variable -Wunused-value -Wno-empty-body -Wno-uninitialized -Wno-unknown-pragmas -w -Wno-shadow -Wno-four-char-constants -Wno-conversion -Wno-constant-conversion -Wno-int-conversion -Wno-bool-conversion -Wno-enum-conversion -Wno-float-conversion -Wno-non-literal-null-conversion -Wno-objc-literal-conversion -Wshorten-64-to-32 -Wpointer-sign -Wno-newline-eof -Wno-implicit-fallthrough -isysroot /Applications/Xcode_26.6.app/Contents/Developer/Platforms/MacOSX.platform/Developer/SDKs/MacOSX26.5.sdk -fstrict-aliasing -Wdeprecated-declarations -Wno-sign-conversion -Wno-infinite-recursion -Wno-comma -Wno-block-capture-autoreleasing -Wno-strict-prototypes -Wno-semicolon-before-method-body -index-store-path /Users/runner/work/orbit/orbit/.recap-entries-probe/.dd-mac/Index.noindex/DataStore @/Users/runner/work/orbit/orbit/.recap-entries-probe/.dd-mac/Build/Intermediates.noindex/cmark-gfm.build/Debug/cmark-gfm-extensions.build/Objects-normal/arm64/7187679823f38a2a940e0043cdf9d637-common-args.resp -MMD -MT dependencies -MF /Users/runner/work/orbit/orbit/.recap-entries-probe/.dd-mac/Build/Intermediates.noindex/cmark-gfm.build/Debug/cmark-gfm-extensions.build/Objects-normal/arm64/core-extensions.d --serialize-diagnostics /Users/runner/work/orbit/orbit/.recap-entries-probe/.dd-mac/Build/Intermediates.noindex/cmark-gfm.build/Debug/cmark-gfm-extensions.build/Objects-normal/arm64/core-extensions.dia -c /Users/runner/work/orbit/orbit/.recap-entries-probe/.dd-mac/SourcePackages/checkouts/swift-cmark/extensions/core-extensions.c -o /Users/runner/work/orbit/orbit/.recap-entries-probe/.dd-mac/Build/Intermediates.noindex/cmark-gfm.build/Debug/cmark-gfm-extensions.build/Objects-normal/arm64/core-extensions.o -index-unit-output-path /cmark-gfm.build/Debug/cmark-gfm-extensions.build/Objects-normal/arm64/core-extensions.o

ScanDependencies /Users/runner/work/orbit/orbit/.recap-entries-probe/.dd-mac/Build/Intermediates.noindex/cmark-gfm.build/Debug/cmark-gfm-extensions.build/Objects-normal/arm64/autolink.o /Users/runner/work/orbit/orbit/.recap-entries-probe/.dd-mac/SourcePackages/checkouts/swift-cmark/extensions/autolink.c normal arm64 c com.apple.compilers.llvm.clang.1_0.compiler (in target 'cmark-gfm-extensions' from project 'cmark-gfm')
    cd /Users/runner/work/orbit/orbit/.recap-entries-probe/RecapEntriesProbe.xcodeproj
    
    Using response file: /Users/runner/work/orbit/orbit/.recap-entries-probe/.dd-mac/Build/Intermediates.noindex/cmark-gfm.build/Debug/cmark-gfm-extensions.build/Objects-normal/arm64/7187679823f38a2a940e0043cdf9d637-common-args.resp
    
    builtin-ScanDependencies -o /Users/runner/work/orbit/orbit/.recap-entries-probe/.dd-mac/Build/Intermediates.noindex/cmark-gfm.build/Debug/cmark-gfm-extensions.build/Objects-normal/arm64/autolink.o.scan -- /Applications/Xcode_26.6.app/Contents/Developer/Toolchains/XcodeDefault.xctoolchain/usr/bin/clang -x c -ivfsstatcache /Users/runner/work/orbit/orbit/.recap-entries-probe/.dd-mac/SDKStatCaches.noindex/macosx26.5-25F70-688ef53f1462e2c8f657fdc38a81448fee0e6409aa6676c5e6c013d148225433.sdkstatcache -target arm64-apple-macos10.13 -fmessage-length\=0 -fdiagnostics-show-note-include-stack -fmacro-backtrace-limit\=0 -fno-color-diagnostics -fmodules-prune-interval\=86400 -fmodules-prune-after\=345600 -fbuild-session-file\=/Users/runner/work/orbit/orbit/.recap-entries-probe/.dd-mac/ModuleCache.noindex/Session.modulevalidation -fmodules-validate-once-per-build-session -Wnon-modular-include-in-framework-module -Werror\=non-modular-include-in-framework-module -Wno-trigraphs -Wno-missing-field-initializers -Wno-missing-prototypes -Wno-return-type -Wno-missing-braces -Wparentheses -Wswitch -Wno-unused-function -Wno-unused-label -Wno-unused-parameter -Wno-unused-variable -Wunused-value -Wno-empty-body -Wno-uninitialized -Wno-unknown-pragmas -w -Wno-shadow -Wno-four-char-constants -Wno-conversion -Wno-constant-conversion -Wno-int-conversion -Wno-bool-conversion -Wno-enum-conversion -Wno-float-conversion -Wno-non-literal-null-conversion -Wno-objc-literal-conversion -Wshorten-64-to-32 -Wpointer-sign -Wno-newline-eof -Wno-implicit-fallthrough -isysroot /Applications/Xcode_26.6.app/Contents/Developer/Platforms/MacOSX.platform/Developer/SDKs/MacOSX26.5.sdk -fstrict-aliasing -Wdeprecated-declarations -Wno-sign-conversion -Wno-infinite-recursion -Wno-comma -Wno-block-capture-autoreleasing -Wno-strict-prototypes -Wno-semicolon-before-method-body -index-store-path /Users/runner/work/orbit/orbit/.recap-entries-probe/.dd-mac/Index.noindex/DataStore @/Users/runner/work/orbit/orbit/.recap-entries-probe/.dd-mac/Build/Intermediates.noindex/cmark-gfm.build/Debug/cmark-gfm-extensions.build/Objects-normal/arm64/7187679823f38a2a940e0043cdf9d637-common-args.resp -MMD -MT dependencies -MF /Users/runner/work/orbit/orbit/.recap-entries-probe/.dd-mac/Build/Intermediates.noindex/cmark-gfm.build/Debug/cmark-gfm-extensions.build/Objects-normal/arm64/autolink.d --serialize-diagnostics /Users/runner/work/orbit/orbit/.recap-entries-probe/.dd-mac/Build/Intermediates.noindex/cmark-gfm.build/Debug/cmark-gfm-extensions.build/Objects-normal/arm64/autolink.dia -c /Users/runner/work/orbit/orbit/.recap-entries-probe/.dd-mac/SourcePackages/checkouts/swift-cmark/extensions/autolink.c -o /Users/runner/work/orbit/orbit/.recap-entries-probe/.dd-mac/Build/Intermediates.noindex/cmark-gfm.build/Debug/cmark-gfm-extensions.build/Objects-normal/arm64/autolink.o -index-unit-output-path /cmark-gfm.build/Debug/cmark-gfm-extensions.build/Objects-normal/arm64/autolink.o

ScanDependencies /Users/runner/work/orbit/orbit/.recap-entries-probe/.dd-mac/Build/Intermediates.noindex/cmark-gfm.build/Debug/cmark-gfm.build/Objects-normal/arm64/xml.o /Users/runner/work/orbit/orbit/.recap-entries-probe/.dd-mac/SourcePackages/checkouts/swift-cmark/src/xml.c normal arm64 c com.apple.compilers.llvm.clang.1_0.compiler (in target 'cmark-gfm' from project 'cmark-gfm')
    cd /Users/runner/work/orbit/orbit/.recap-entries-probe/RecapEntriesProbe.xcodeproj
    
    Using response file: /Users/runner/work/orbit/orbit/.recap-entries-probe/.dd-mac/Build/Intermediates.noindex/cmark-gfm.build/Debug/cmark-gfm.build/Objects-normal/arm64/7187679823f38a2a940e0043cdf9d637-common-args.resp
    
    builtin-ScanDependencies -o /Users/runner/work/orbit/orbit/.recap-entries-probe/.dd-mac/Build/Intermediates.noindex/cmark-gfm.build/Debug/cmark-gfm.build/Objects-normal/arm64/xml.o.scan -- /Applications/Xcode_26.6.app/Contents/Developer/Toolchains/XcodeDefault.xctoolchain/usr/bin/clang -x c -ivfsstatcache /Users/runner/work/orbit/orbit/.recap-entries-probe/.dd-mac/SDKStatCaches.noindex/macosx26.5-25F70-688ef53f1462e2c8f657fdc38a81448fee0e6409aa6676c5e6c013d148225433.sdkstatcache -target arm64-apple-macos10.13 -fmessage-length\=0 -fdiagnostics-show-note-include-stack -fmacro-backtrace-limit\=0 -fno-color-diagnostics -fmodules-prune-interval\=86400 -fmodules-prune-after\=345600 -fbuild-session-file\=/Users/runner/work/orbit/orbit/.recap-entries-probe/.dd-mac/ModuleCache.noindex/Session.modulevalidation -fmodules-validate-once-per-build-session -Wnon-modular-include-in-framework-module -Werror\=non-modular-include-in-framework-module -Wno-trigraphs -Wno-missing-field-initializers -Wno-missing-prototypes -Wno-return-type -Wno-missing-braces -Wparentheses -Wswitch -Wno-unused-function -Wno-unused-label -Wno-unused-parameter -Wno-unused-variable -Wunused-value -Wno-empty-body -Wno-uninitialized -Wno-unknown-pragmas -w -Wno-shadow -Wno-four-char-constants -Wno-conversion -Wno-constant-conversion -Wno-int-conversion -Wno-bool-conversion -Wno-enum-conversion -Wno-float-conversion -Wno-non-literal-null-conversion -Wno-objc-literal-conversion -Wshorten-64-to-32 -Wpointer-sign -Wno-newline-eof -Wno-implicit-fallthrough -isysroot /Applications/Xcode_26.6.app/Contents/Developer/Platforms/MacOSX.platform/Developer/SDKs/MacOSX26.5.sdk -fstrict-aliasing -Wdeprecated-declarations -Wno-sign-conversion -Wno-infinite-recursion -Wno-comma -Wno-block-capture-autoreleasing -Wno-strict-prototypes -Wno-semicolon-before-method-body -index-store-path /Users/runner/work/orbit/orbit/.recap-entries-probe/.dd-mac/Index.noindex/DataStore @/Users/runner/work/orbit/orbit/.recap-entries-probe/.dd-mac/Build/Intermediates.noindex/cmark-gfm.build/Debug/cmark-gfm.build/Objects-normal/arm64/7187679823f38a2a940e0043cdf9d637-common-args.resp -MMD -MT dependencies -MF /Users/runner/work/orbit/orbit/.recap-entries-probe/.dd-mac/Build/Intermediates.noindex/cmark-gfm.build/Debug/cmark-gfm.build/Objects-normal/arm64/xml.d --serialize-diagnostics /Users/runner/work/orbit/orbit/.recap-entries-probe/.dd-mac/Build/Intermediates.noindex/cmark-gfm.build/Debug/cmark-gfm.build/Objects-normal/arm64/xml.dia -c /Users/runner/work/orbit/orbit/.recap-entries-probe/.dd-mac/SourcePackages/checkouts/swift-cmark/src/xml.c -o /Users/runner/work/orbit/orbit/.recap-entries-probe/.dd-mac/Build/Intermediates.noindex/cmark-gfm.build/Debug/cmark-gfm.build/Objects-normal/arm64/xml.o -index-unit-output-path /cmark-gfm.build/Debug/cmark-gfm.build/Objects-normal/arm64/xml.o

PrecompileModule /Users/runner/work/orbit/orbit/.recap-entries-probe/.dd-mac/Build/Intermediates.noindex/ExplicitPrecompiledModules/_DarwinFoundation1-407L9UCQ1V6T205HG5DKS8TQA.scan
    cd /
    builtin-precompileModule /Users/runner/work/orbit/orbit/.recap-entries-probe/.dd-mac/Build/Intermediates.noindex/ExplicitPrecompiledModules/_DarwinFoundation1-407L9UCQ1V6T205HG5DKS8TQA.scan

ScanDependencies /Users/runner/work/orbit/orbit/.recap-entries-probe/.dd-mac/Build/Intermediates.noindex/cmark-gfm.build/Debug/cmark-gfm.build/Objects-normal/arm64/utf8.o /Users/runner/work/orbit/orbit/.recap-entries-probe/.dd-mac/SourcePackages/checkouts/swift-cmark/src/utf8.c normal arm64 c com.apple.compilers.llvm.clang.1_0.compiler (in target 'cmark-gfm' from project 'cmark-gfm')
    cd /Users/runner/work/orbit/orbit/.recap-entries-probe/RecapEntriesProbe.xcodeproj
    
    Using response file: /Users/runner/work/orbit/orbit/.recap-entries-probe/.dd-mac/Build/Intermediates.noindex/cmark-gfm.build/Debug/cmark-gfm.build/Objects-normal/arm64/7187679823f38a2a940e0043cdf9d637-common-args.resp
    
    builtin-ScanDependencies -o /Users/runner/work/orbit/orbit/.recap-entries-probe/.dd-mac/Build/Intermediates.noindex/cmark-gfm.build/Debug/cmark-gfm.build/Objects-normal/arm64/utf8.o.scan -- /Applications/Xcode_26.6.app/Contents/Developer/Toolchains/XcodeDefault.xctoolchain/usr/bin/clang -x c -ivfsstatcache /Users/runner/work/orbit/orbit/.recap-entries-probe/.dd-mac/SDKStatCaches.noindex/macosx26.5-25F70-688ef53f1462e2c8f657fdc38a81448fee0e6409aa6676c5e6c013d148225433.sdkstatcache -target arm64-apple-macos10.13 -fmessage-length\=0 -fdiagnostics-show-note-include-stack -fmacro-backtrace-limit\=0 -fno-color-diagnostics -fmodules-prune-interval\=86400 -fmodules-prune-after\=345600 -fbuild-session-file\=/Users/runner/work/orbit/orbit/.recap-entries-probe/.dd-mac/ModuleCache.noindex/Session.modulevalidation -fmodules-validate-once-per-build-session -Wnon-modular-include-in-framework-module -Werror\=non-modular-include-in-framework-module -Wno-trigraphs -Wno-missing-field-initializers -Wno-missing-prototypes -Wno-return-type -Wno-missing-braces -Wparentheses -Wswitch -Wno-unused-function -Wno-unused-label -Wno-unused-parameter -Wno-unused-variable -Wunused-value -Wno-empty-body -Wno-uninitialized -Wno-unknown-pragmas -w -Wno-shadow -Wno-four-char-constants -Wno-conversion -Wno-constant-conversion -Wno-int-conversion -Wno-bool-conversion -Wno-enum-conversion -Wno-float-conversion -Wno-non-literal-null-conversion -Wno-objc-literal-conversion -Wshorten-64-to-32 -Wpointer-sign -Wno-newline-eof -Wno-implicit-fallthrough -isysroot /Applications/Xcode_26.6.app/Contents/Developer/Platforms/MacOSX.platform/Developer/SDKs/MacOSX26.5.sdk -fstrict-aliasing -Wdeprecated-declarations -Wno-sign-conversion -Wno-infinite-recursion -Wno-comma -Wno-block-capture-autoreleasing -Wno-strict-prototypes -Wno-semicolon-before-method-body -index-store-path /Users/runner/work/orbit/orbit/.recap-entries-probe/.dd-mac/Index.noindex/DataStore @/Users/runner/work/orbit/orbit/.recap-entries-probe/.dd-mac/Build/Intermediates.noindex/cmark-gfm.build/Debug/cmark-gfm.build/Objects-normal/arm64/7187679823f38a2a940e0043cdf9d637-common-args.resp -MMD -MT dependencies -MF /Users/runner/work/orbit/orbit/.recap-entries-probe/.dd-mac/Build/Intermediates.noindex/cmark-gfm.build/Debug/cmark-gfm.build/Objects-normal/arm64/utf8.d --serialize-diagnostics /Users/runner/work/orbit/orbit/.recap-entries-probe/.dd-mac/Build/Intermediates.noindex/cmark-gfm.build/Debug/cmark-gfm.build/Objects-normal/arm64/utf8.dia -c /Users/runner/work/orbit/orbit/.recap-entries-probe/.dd-mac/SourcePackages/checkouts/swift-cmark/src/utf8.c -o /Users/runner/work/orbit/orbit/.recap-entries-probe/.dd-mac/Build/Intermediates.noindex/cmark-gfm.build/Debug/cmark-gfm.build/Objects-normal/arm64/utf8.o -index-unit-output-path /cmark-gfm.build/Debug/cmark-gfm.build/Objects-normal/arm64/utf8.o

PrecompileModule /Users/runner/work/orbit/orbit/.recap-entries-probe/.dd-mac/Build/Intermediates.noindex/ExplicitPrecompiledModules/_DarwinFoundation2-EV404CW18K7NNGRIXKLRLWI60.scan
    cd /
    builtin-precompileModule /Users/runner/work/orbit/orbit/.recap-entries-probe/.dd-mac/Build/Intermediates.noindex/ExplicitPrecompiledModules/_DarwinFoundation2-EV404CW18K7NNGRIXKLRLWI60.scan

PrecompileModule /Users/runner/work/orbit/orbit/.recap-entries-probe/.dd-mac/Build/Intermediates.noindex/ExplicitPrecompiledModules/_Builtin_limits-66CCNIVVI3409U6086L3YX0YF.scan
    cd /
    builtin-precompileModule /Users/runner/work/orbit/orbit/.recap-entries-probe/.dd-mac/Build/Intermediates.noindex/ExplicitPrecompiledModules/_Builtin_limits-66CCNIVVI3409U6086L3YX0YF.scan

PrecompileModule /Users/runner/work/orbit/orbit/.recap-entries-probe/.dd-mac/Build/Intermediates.noindex/ExplicitPrecompiledModules/_Builtin_stdint-1UTZYIK9AOU3UVT7RUBDICGTD.scan
    cd /
    builtin-precompileModule /Users/runner/work/orbit/orbit/.recap-entries-probe/.dd-mac/Build/Intermediates.noindex/ExplicitPrecompiledModules/_Builtin_stdint-1UTZYIK9AOU3UVT7RUBDICGTD.scan

ScanDependencies /Users/runner/work/orbit/orbit/.recap-entries-probe/.dd-mac/Build/Intermediates.noindex/cmark-gfm.build/Debug/cmark-gfm.build/Objects-normal/arm64/syntax_extension.o /Users/runner/work/orbit/orbit/.recap-entries-probe/.dd-mac/SourcePackages/checkouts/swift-cmark/src/syntax_extension.c normal arm64 c com.apple.compilers.llvm.clang.1_0.compiler (in target 'cmark-gfm' from project 'cmark-gfm')
    cd /Users/runner/work/orbit/orbit/.recap-entries-probe/RecapEntriesProbe.xcodeproj
    
    Using response file: /Users/runner/work/orbit/orbit/.recap-entries-probe/.dd-mac/Build/Intermediates.noindex/cmark-gfm.build/Debug/cmark-gfm.build/Objects-normal/arm64/7187679823f38a2a940e0043cdf9d637-common-args.resp
    
    builtin-ScanDependencies -o /Users/runner/work/orbit/orbit/.recap-entries-probe/.dd-mac/Build/Intermediates.noindex/cmark-gfm.build/Debug/cmark-gfm.build/Objects-normal/arm64/syntax_extension.o.scan -- /Applications/Xcode_26.6.app/Contents/Developer/Toolchains/XcodeDefault.xctoolchain/usr/bin/clang -x c -ivfsstatcache /Users/runner/work/orbit/orbit/.recap-entries-probe/.dd-mac/SDKStatCaches.noindex/macosx26.5-25F70-688ef53f1462e2c8f657fdc38a81448fee0e6409aa6676c5e6c013d148225433.sdkstatcache -target arm64-apple-macos10.13 -fmessage-length\=0 -fdiagnostics-show-note-include-stack -fmacro-backtrace-limit\=0 -fno-color-diagnostics -fmodules-prune-interval\=86400 -fmodules-prune-after\=345600 -fbuild-session-file\=/Users/runner/work/orbit/orbit/.recap-entries-probe/.dd-mac/ModuleCache.noindex/Session.modulevalidation -fmodules-validate-once-per-build-session -Wnon-modular-include-in-framework-module -Werror\=non-modular-include-in-framework-module -Wno-trigraphs -Wno-missing-field-initializers -Wno-missing-prototypes -Wno-return-type -Wno-missing-braces -Wparentheses -Wswitch -Wno-unused-function -Wno-unused-label -Wno-unused-parameter -Wno-unused-variable -Wunused-value -Wno-empty-body -Wno-uninitialized -Wno-unknown-pragmas -w -Wno-shadow -Wno-four-char-constants -Wno-conversion -Wno-constant-conversion -Wno-int-conversion -Wno-bool-conversion -Wno-enum-conversion -Wno-float-conversion -Wno-non-literal-null-conversion -Wno-objc-literal-conversion -Wshorten-64-to-32 -Wpointer-sign -Wno-newline-eof -Wno-implicit-fallthrough -isysroot /Applications/Xcode_26.6.app/Contents/Developer/Platforms/MacOSX.platform/Developer/SDKs/MacOSX26.5.sdk -fstrict-aliasing -Wdeprecated-declarations -Wno-sign-conversion -Wno-infinite-recursion -Wno-comma -Wno-block-capture-autoreleasing -Wno-strict-prototypes -Wno-semicolon-before-method-body -index-store-path /Users/runner/work/orbit/orbit/.recap-entries-probe/.dd-mac/Index.noindex/DataStore @/Users/runner/work/orbit/orbit/.recap-entries-probe/.dd-mac/Build/Intermediates.noindex/cmark-gfm.build/Debug/cmark-gfm.build/Objects-normal/arm64/7187679823f38a2a940e0043cdf9d637-common-args.resp -MMD -MT dependencies -MF /Users/runner/work/orbit/orbit/.recap-entries-probe/.dd-mac/Build/Intermediates.noindex/cmark-gfm.build/Debug/cmark-gfm.build/Objects-normal/arm64/syntax_extension.d --serialize-diagnostics /Users/runner/work/orbit/orbit/.recap-entries-probe/.dd-mac/Build/Intermediates.noindex/cmark-gfm.build/Debug/cmark-gfm.build/Objects-normal/arm64/syntax_extension.dia -c /Users/runner/work/orbit/orbit/.recap-entries-probe/.dd-mac/SourcePackages/checkouts/swift-cmark/src/syntax_extension.c -o /Users/runner/work/orbit/orbit/.recap-entries-probe/.dd-mac/Build/Intermediates.noindex/cmark-gfm.build/Debug/cmark-gfm.build/Objects-normal/arm64/syntax_extension.o -index-unit-output-path /cmark-gfm.build/Debug/cmark-gfm.build/Objects-normal/arm64/syntax_extension.o

PrecompileModule /Users/runner/work/orbit/orbit/.recap-entries-probe/.dd-mac/Build/Intermediates.noindex/ExplicitPrecompiledModules/_DarwinFoundation3-A3GBBPV4ZEUZLBW8JX51FBK4L.scan
    cd /
    builtin-precompileModule /Users/runner/work/orbit/orbit/.recap-entries-probe/.dd-mac/Build/Intermediates.noindex/ExplicitPrecompiledModules/_DarwinFoundation3-A3GBBPV4ZEUZLBW8JX51FBK4L.scan

ScanDependencies /Users/runner/work/orbit/orbit/.recap-entries-probe/.dd-mac/Build/Intermediates.noindex/cmark-gfm.build/Debug/cmark-gfm.build/Objects-normal/arm64/scanners.o /Users/runner/work/orbit/orbit/.recap-entries-probe/.dd-mac/SourcePackages/checkouts/swift-cmark/src/scanners.c normal arm64 c com.apple.compilers.llvm.clang.1_0.compiler (in target 'cmark-gfm' from project 'cmark-gfm')
    cd /Users/runner/work/orbit/orbit/.recap-entries-probe/RecapEntriesProbe.xcodeproj
    
    Using response file: /Users/runner/work/orbit/orbit/.recap-entries-probe/.dd-mac/Build/Intermediates.noindex/cmark-gfm.build/Debug/cmark-gfm.build/Objects-normal/arm64/7187679823f38a2a940e0043cdf9d637-common-args.resp
    
    builtin-ScanDependencies -o /Users/runner/work/orbit/orbit/.recap-entries-probe/.dd-mac/Build/Intermediates.noindex/cmark-gfm.build/Debug/cmark-gfm.build/Objects-normal/arm64/scanners.o.scan -- /Applications/Xcode_26.6.app/Contents/Developer/Toolchains/XcodeDefault.xctoolchain/usr/bin/clang -x c -ivfsstatcache /Users/runner/work/orbit/orbit/.recap-entries-probe/.dd-mac/SDKStatCaches.noindex/macosx26.5-25F70-688ef53f1462e2c8f657fdc38a81448fee0e6409aa6676c5e6c013d148225433.sdkstatcache -target arm64-apple-macos10.13 -fmessage-length\=0 -fdiagnostics-show-note-include-stack -fmacro-backtrace-limit\=0 -fno-color-diagnostics -fmodules-prune-interval\=86400 -fmodules-prune-after\=345600 -fbuild-session-file\=/Users/runner/work/orbit/orbit/.recap-entries-probe/.dd-mac/ModuleCache.noindex/Session.modulevalidation -fmodules-validate-once-per-build-session -Wnon-modular-include-in-framework-module -Werror\=non-modular-include-in-framework-module -Wno-trigraphs -Wno-missing-field-initializers -Wno-missing-prototypes -Wno-return-type -Wno-missing-braces -Wparentheses -Wswitch -Wno-unused-function -Wno-unused-label -Wno-unused-parameter -Wno-unused-variable -Wunused-value -Wno-empty-body -Wno-uninitialized -Wno-unknown-pragmas -w -Wno-shadow -Wno-four-char-constants -Wno-conversion -Wno-constant-conversion -Wno-int-conversion -Wno-bool-conversion -Wno-enum-conversion -Wno-float-conversion -Wno-non-literal-null-conversion -Wno-objc-literal-conversion -Wshorten-64-to-32 -Wpointer-sign -Wno-newline-eof -Wno-implicit-fallthrough -isysroot /Applications/Xcode_26.6.app/Contents/Developer/Platforms/MacOSX.platform/Developer/SDKs/MacOSX26.5.sdk -fstrict-aliasing -Wdeprecated-declarations -Wno-sign-conversion -Wno-infinite-recursion -Wno-comma -Wno-block-capture-autoreleasing -Wno-strict-prototypes -Wno-semicolon-before-method-body -index-store-path /Users/runner/work/orbit/orbit/.recap-entries-probe/.dd-mac/Index.noindex/DataStore @/Users/runner/work/orbit/orbit/.recap-entries-probe/.dd-mac/Build/Intermediates.noindex/cmark-gfm.build/Debug/cmark-gfm.build/Objects-normal/arm64/7187679823f38a2a940e0043cdf9d637-common-args.resp -MMD -MT dependencies -MF /Users/runner/work/orbit/orbit/.recap-entries-probe/.dd-mac/Build/Intermediates.noindex/cmark-gfm.build/Debug/cmark-gfm.build/Objects-normal/arm64/scanners.d --serialize-diagnostics /Users/runner/work/orbit/orbit/.recap-entries-probe/.dd-mac/Build/Intermediates.noindex/cmark-gfm.build/Debug/cmark-gfm.build/Objects-normal/arm64/scanners.dia -c /Users/runner/work/orbit/orbit/.recap-entries-probe/.dd-mac/SourcePackages/checkouts/swift-cmark/src/scanners.c -o /Users/runner/work/orbit/orbit/.recap-entries-probe/.dd-mac/Build/Intermediates.noindex/cmark-gfm.build/Debug/cmark-gfm.build/Objects-normal/arm64/scanners.o -index-unit-output-path /cmark-gfm.build/Debug/cmark-gfm.build/Objects-normal/arm64/scanners.o

ScanDependencies /Users/runner/work/orbit/orbit/.recap-entries-probe/.dd-mac/Build/Intermediates.noindex/cmark-gfm.build/Debug/cmark-gfm.build/Objects-normal/arm64/render.o /Users/runner/work/orbit/orbit/.recap-entries-probe/.dd-mac/SourcePackages/checkouts/swift-cmark/src/render.c normal arm64 c com.apple.compilers.llvm.clang.1_0.compiler (in target 'cmark-gfm' from project 'cmark-gfm')
    cd /Users/runner/work/orbit/orbit/.recap-entries-probe/RecapEntriesProbe.xcodeproj
    
    Using response file: /Users/runner/work/orbit/orbit/.recap-entries-probe/.dd-mac/Build/Intermediates.noindex/cmark-gfm.build/Debug/cmark-gfm.build/Objects-normal/arm64/7187679823f38a2a940e0043cdf9d637-common-args.resp
    
    builtin-ScanDependencies -o /Users/runner/work/orbit/orbit/.recap-entries-probe/.dd-mac/Build/Intermediates.noindex/cmark-gfm.build/Debug/cmark-gfm.build/Objects-normal/arm64/render.o.scan -- /Applications/Xcode_26.6.app/Contents/Developer/Toolchains/XcodeDefault.xctoolchain/usr/bin/clang -x c -ivfsstatcache /Users/runner/work/orbit/orbit/.recap-entries-probe/.dd-mac/SDKStatCaches.noindex/macosx26.5-25F70-688ef53f1462e2c8f657fdc38a81448fee0e6409aa6676c5e6c013d148225433.sdkstatcache -target arm64-apple-macos10.13 -fmessage-length\=0 -fdiagnostics-show-note-include-stack -fmacro-backtrace-limit\=0 -fno-color-diagnostics -fmodules-prune-interval\=86400 -fmodules-prune-after\=345600 -fbuild-session-file\=/Users/runner/work/orbit/orbit/.recap-entries-probe/.dd-mac/ModuleCache.noindex/Session.modulevalidation -fmodules-validate-once-per-build-session -Wnon-modular-include-in-framework-module -Werror\=non-modular-include-in-framework-module -Wno-trigraphs -Wno-missing-field-initializers -Wno-missing-prototypes -Wno-return-type -Wno-missing-braces -Wparentheses -Wswitch -Wno-unused-function -Wno-unused-label -Wno-unused-parameter -Wno-unused-variable -Wunused-value -Wno-empty-body -Wno-uninitialized -Wno-unknown-pragmas -w -Wno-shadow -Wno-four-char-constants -Wno-conversion -Wno-constant-conversion -Wno-int-conversion -Wno-bool-conversion -Wno-enum-conversion -Wno-float-conversion -Wno-non-literal-null-conversion -Wno-objc-literal-conversion -Wshorten-64-to-32 -Wpointer-sign -Wno-newline-eof -Wno-implicit-fallthrough -isysroot /Applications/Xcode_26.6.app/Contents/Developer/Platforms/MacOSX.platform/Developer/SDKs/MacOSX26.5.sdk -fstrict-aliasing -Wdeprecated-declarations -Wno-sign-conversion -Wno-infinite-recursion -Wno-comma -Wno-block-capture-autoreleasing -Wno-strict-prototypes -Wno-semicolon-before-method-body -index-store-path /Users/runner/work/orbit/orbit/.recap-entries-probe/.dd-mac/Index.noindex/DataStore @/Users/runner/work/orbit/orbit/.recap-entries-probe/.dd-mac/Build/Intermediates.noindex/cmark-gfm.build/Debug/cmark-gfm.build/Objects-normal/arm64/7187679823f38a2a940e0043cdf9d637-common-args.resp -MMD -MT dependencies -MF /Users/runner/work/orbit/orbit/.recap-entries-probe/.dd-mac/Build/Intermediates.noindex/cmark-gfm.build/Debug/cmark-gfm.build/Objects-normal/arm64/render.d --serialize-diagnostics /Users/runner/work/orbit/orbit/.recap-entries-probe/.dd-mac/Build/Intermediates.noindex/cmark-gfm.build/Debug/cmark-gfm.build/Objects-normal/arm64/render.dia -c /Users/runner/work/orbit/orbit/.recap-entries-probe/.dd-mac/SourcePackages/checkouts/swift-cmark/src/render.c -o /Users/runner/work/orbit/orbit/.recap-entries-probe/.dd-mac/Build/Intermediates.noindex/cmark-gfm.build/Debug/cmark-gfm.build/Objects-normal/arm64/render.o -index-unit-output-path /cmark-gfm.build/Debug/cmark-gfm.build/Objects-normal/arm64/render.o

ScanDependencies /Users/runner/work/orbit/orbit/.recap-entries-probe/.dd-mac/Build/Intermediates.noindex/cmark-gfm.build/Debug/cmark-gfm.build/Objects-normal/arm64/registry.o /Users/runner/work/orbit/orbit/.recap-entries-probe/.dd-mac/SourcePackages/checkouts/swift-cmark/src/registry.c normal arm64 c com.apple.compilers.llvm.clang.1_0.compiler (in target 'cmark-gfm' from project 'cmark-gfm')
    cd /Users/runner/work/orbit/orbit/.recap-entries-probe/RecapEntriesProbe.xcodeproj
    
    Using response file: /Users/runner/work/orbit/orbit/.recap-entries-probe/.dd-mac/Build/Intermediates.noindex/cmark-gfm.build/Debug/cmark-gfm.build/Objects-normal/arm64/7187679823f38a2a940e0043cdf9d637-common-args.resp
    
    builtin-ScanDependencies -o /Users/runner/work/orbit/orbit/.recap-entries-probe/.dd-mac/Build/Intermediates.noindex/cmark-gfm.build/Debug/cmark-gfm.build/Objects-normal/arm64/registry.o.scan -- /Applications/Xcode_26.6.app/Contents/Developer/Toolchains/XcodeDefault.xctoolchain/usr/bin/clang -x c -ivfsstatcache /Users/runner/work/orbit/orbit/.recap-entries-probe/.dd-mac/SDKStatCaches.noindex/macosx26.5-25F70-688ef53f1462e2c8f657fdc38a81448fee0e6409aa6676c5e6c013d148225433.sdkstatcache -target arm64-apple-macos10.13 -fmessage-length\=0 -fdiagnostics-show-note-include-stack -fmacro-backtrace-limit\=0 -fno-color-diagnostics -fmodules-prune-interval\=86400 -fmodules-prune-after\=345600 -fbuild-session-file\=/Users/runner/work/orbit/orbit/.recap-entries-probe/.dd-mac/ModuleCache.noindex/Session.modulevalidation -fmodules-validate-once-per-build-session -Wnon-modular-include-in-framework-module -Werror\=non-modular-include-in-framework-module -Wno-trigraphs -Wno-missing-field-initializers -Wno-missing-prototypes -Wno-return-type -Wno-missing-braces -Wparentheses -Wswitch -Wno-unused-function -Wno-unused-label -Wno-unused-parameter -Wno-unused-variable -Wunused-value -Wno-empty-body -Wno-uninitialized -Wno-unknown-pragmas -w -Wno-shadow -Wno-four-char-constants -Wno-conversion -Wno-constant-conversion -Wno-int-conversion -Wno-bool-conversion -Wno-enum-conversion -Wno-float-conversion -Wno-non-literal-null-conversion -Wno-objc-literal-conversion -Wshorten-64-to-32 -Wpointer-sign -Wno-newline-eof -Wno-implicit-fallthrough -isysroot /Applications/Xcode_26.6.app/Contents/Developer/Platforms/MacOSX.platform/Developer/SDKs/MacOSX26.5.sdk -fstrict-aliasing -Wdeprecated-declarations -Wno-sign-conversion -Wno-infinite-recursion -Wno-comma -Wno-block-capture-autoreleasing -Wno-strict-prototypes -Wno-semicolon-before-method-body -index-store-path /Users/runner/work/orbit/orbit/.recap-entries-probe/.dd-mac/Index.noindex/DataStore @/Users/runner/work/orbit/orbit/.recap-entries-probe/.dd-mac/Build/Intermediates.noindex/cmark-gfm.build/Debug/cmark-gfm.build/Objects-normal/arm64/7187679823f38a2a940e0043cdf9d637-common-args.resp -MMD -MT dependencies -MF /Users/runner/work/orbit/orbit/.recap-entries-probe/.dd-mac/Build/Intermediates.noindex/cmark-gfm.build/Debug/cmark-gfm.build/Objects-normal/arm64/registry.d --serialize-diagnostics /Users/runner/work/orbit/orbit/.recap-entries-probe/.dd-mac/Build/Intermediates.noindex/cmark-gfm.build/Debug/cmark-gfm.build/Objects-normal/arm64/registry.dia -c /Users/runner/work/orbit/orbit/.recap-entries-probe/.dd-mac/SourcePackages/checkouts/swift-cmark/src/registry.c -o /Users/runner/work/orbit/orbit/.recap-entries-probe/.dd-mac/Build/Intermediates.noindex/cmark-gfm.build/Debug/cmark-gfm.build/Objects-normal/arm64/registry.o -index-unit-output-path /cmark-gfm.build/Debug/cmark-gfm.build/Objects-normal/arm64/registry.o

ScanDependencies /Users/runner/work/orbit/orbit/.recap-entries-probe/.dd-mac/Build/Intermediates.noindex/cmark-gfm.build/Debug/cmark-gfm.build/Objects-normal/arm64/references.o /Users/runner/work/orbit/orbit/.recap-entries-probe/.dd-mac/SourcePackages/checkouts/swift-cmark/src/references.c normal arm64 c com.apple.compilers.llvm.clang.1_0.compiler (in target 'cmark-gfm' from project 'cmark-gfm')
    cd /Users/runner/work/orbit/orbit/.recap-entries-probe/RecapEntriesProbe.xcodeproj
    
    Using response file: /Users/runner/work/orbit/orbit/.recap-entries-probe/.dd-mac/Build/Intermediates.noindex/cmark-gfm.build/Debug/cmark-gfm.build/Objects-normal/arm64/7187679823f38a2a940e0043cdf9d637-common-args.resp
    
    builtin-ScanDependencies -o /Users/runner/work/orbit/orbit/.recap-entries-probe/.dd-mac/Build/Intermediates.noindex/cmark-gfm.build/Debug/cmark-gfm.build/Objects-normal/arm64/references.o.scan -- /Applications/Xcode_26.6.app/Contents/Developer/Toolchains/XcodeDefault.xctoolchain/usr/bin/clang -x c -ivfsstatcache /Users/runner/work/orbit/orbit/.recap-entries-probe/.dd-mac/SDKStatCaches.noindex/macosx26.5-25F70-688ef53f1462e2c8f657fdc38a81448fee0e6409aa6676c5e6c013d148225433.sdkstatcache -target arm64-apple-macos10.13 -fmessage-length\=0 -fdiagnostics-show-note-include-stack -fmacro-backtrace-limit\=0 -fno-color-diagnostics -fmodules-prune-interval\=86400 -fmodules-prune-after\=345600 -fbuild-session-file\=/Users/runner/work/orbit/orbit/.recap-entries-probe/.dd-mac/ModuleCache.noindex/Session.modulevalidation -fmodules-validate-once-per-build-session -Wnon-modular-include-in-framework-module -Werror\=non-modular-include-in-framework-module -Wno-trigraphs -Wno-missing-field-initializers -Wno-missing-prototypes -Wno-return-type -Wno-missing-braces -Wparentheses -Wswitch -Wno-unused-function -Wno-unused-label -Wno-unused-parameter -Wno-unused-variable -Wunused-value -Wno-empty-body -Wno-uninitialized -Wno-unknown-pragmas -w -Wno-shadow -Wno-four-char-constants -Wno-conversion -Wno-constant-conversion -Wno-int-conversion -Wno-bool-conversion -Wno-enum-conversion -Wno-float-conversion -Wno-non-literal-null-conversion -Wno-objc-literal-conversion -Wshorten-64-to-32 -Wpointer-sign -Wno-newline-eof -Wno-implicit-fallthrough -isysroot /Applications/Xcode_26.6.app/Contents/Developer/Platforms/MacOSX.platform/Developer/SDKs/MacOSX26.5.sdk -fstrict-aliasing -Wdeprecated-declarations -Wno-sign-conversion -Wno-infinite-recursion -Wno-comma -Wno-block-capture-autoreleasing -Wno-strict-prototypes -Wno-semicolon-before-method-body -index-store-path /Users/runner/work/orbit/orbit/.recap-entries-probe/.dd-mac/Index.noindex/DataStore @/Users/runner/work/orbit/orbit/.recap-entries-probe/.dd-mac/Build/Intermediates.noindex/cmark-gfm.build/Debug/cmark-gfm.build/Objects-normal/arm64/7187679823f38a2a940e0043cdf9d637-common-args.resp -MMD -MT dependencies -MF /Users/runner/work/orbit/orbit/.recap-entries-probe/.dd-mac/Build/Intermediates.noindex/cmark-gfm.build/Debug/cmark-gfm.build/Objects-normal/arm64/references.d --serialize-diagnostics /Users/runner/work/orbit/orbit/.recap-entries-probe/.dd-mac/Build/Intermediates.noindex/cmark-gfm.build/Debug/cmark-gfm.build/Objects-normal/arm64/references.dia -c /Users/runner/work/orbit/orbit/.recap-entries-probe/.dd-mac/SourcePackages/checkouts/swift-cmark/src/references.c -o /Users/runner/work/orbit/orbit/.recap-entries-probe/.dd-mac/Build/Intermediates.noindex/cmark-gfm.build/Debug/cmark-gfm.build/Objects-normal/arm64/references.o -index-unit-output-path /cmark-gfm.build/Debug/cmark-gfm.build/Objects-normal/arm64/references.o

ScanDependencies /Users/runner/work/orbit/orbit/.recap-entries-probe/.dd-mac/Build/Intermediates.noindex/cmark-gfm.build/Debug/cmark-gfm.build/Objects-normal/arm64/plugin.o /Users/runner/work/orbit/orbit/.recap-entries-probe/.dd-mac/SourcePackages/checkouts/swift-cmark/src/plugin.c normal arm64 c com.apple.compilers.llvm.clang.1_0.compiler (in target 'cmark-gfm' from project 'cmark-gfm')
    cd /Users/runner/work/orbit/orbit/.recap-entries-probe/RecapEntriesProbe.xcodeproj
    
    Using response file: /Users/runner/work/orbit/orbit/.recap-entries-probe/.dd-mac/Build/Intermediates.noindex/cmark-gfm.build/Debug/cmark-gfm.build/Objects-normal/arm64/7187679823f38a2a940e0043cdf9d637-common-args.resp
    
    builtin-ScanDependencies -o /Users/runner/work/orbit/orbit/.recap-entries-probe/.dd-mac/Build/Intermediates.noindex/cmark-gfm.build/Debug/cmark-gfm.build/Objects-normal/arm64/plugin.o.scan -- /Applications/Xcode_26.6.app/Contents/Developer/Toolchains/XcodeDefault.xctoolchain/usr/bin/clang -x c -ivfsstatcache /Users/runner/work/orbit/orbit/.recap-entries-probe/.dd-mac/SDKStatCaches.noindex/macosx26.5-25F70-688ef53f1462e2c8f657fdc38a81448fee0e6409aa6676c5e6c013d148225433.sdkstatcache -target arm64-apple-macos10.13 -fmessage-length\=0 -fdiagnostics-show-note-include-stack -fmacro-backtrace-limit\=0 -fno-color-diagnostics -fmodules-prune-interval\=86400 -fmodules-prune-after\=345600 -fbuild-session-file\=/Users/runner/work/orbit/orbit/.recap-entries-probe/.dd-mac/ModuleCache.noindex/Session.modulevalidation -fmodules-validate-once-per-build-session -Wnon-modular-include-in-framework-module -Werror\=non-modular-include-in-framework-module -Wno-trigraphs -Wno-missing-field-initializers -Wno-missing-prototypes -Wno-return-type -Wno-missing-braces -Wparentheses -Wswitch -Wno-unused-function -Wno-unused-label -Wno-unused-parameter -Wno-unused-variable -Wunused-value -Wno-empty-body -Wno-uninitialized -Wno-unknown-pragmas -w -Wno-shadow -Wno-four-char-constants -Wno-conversion -Wno-constant-conversion -Wno-int-conversion -Wno-bool-conversion -Wno-enum-conversion -Wno-float-conversion -Wno-non-literal-null-conversion -Wno-objc-literal-conversion -Wshorten-64-to-32 -Wpointer-sign -Wno-newline-eof -Wno-implicit-fallthrough -isysroot /Applications/Xcode_26.6.app/Contents/Developer/Platforms/MacOSX.platform/Developer/SDKs/MacOSX26.5.sdk -fstrict-aliasing -Wdeprecated-declarations -Wno-sign-conversion -Wno-infinite-recursion -Wno-comma -Wno-block-capture-autoreleasing -Wno-strict-prototypes -Wno-semicolon-before-method-body -index-store-path /Users/runner/work/orbit/orbit/.recap-entries-probe/.dd-mac/Index.noindex/DataStore @/Users/runner/work/orbit/orbit/.recap-entries-probe/.dd-mac/Build/Intermediates.noindex/cmark-gfm.build/Debug/cmark-gfm.build/Objects-normal/arm64/7187679823f38a2a940e0043cdf9d637-common-args.resp -MMD -MT dependencies -MF /Users/runner/work/orbit/orbit/.recap-entries-probe/.dd-mac/Build/Intermediates.noindex/cmark-gfm.build/Debug/cmark-gfm.build/Objects-normal/arm64/plugin.d --serialize-diagnostics /Users/runner/work/orbit/orbit/.recap-entries-probe/.dd-mac/Build/Intermediates.noindex/cmark-gfm.build/Debug/cmark-gfm.build/Objects-normal/arm64/plugin.dia -c /Users/runner/work/orbit/orbit/.recap-entries-probe/.dd-mac/SourcePackages/checkouts/swift-cmark/src/plugin.c -o /Users/runner/work/orbit/orbit/.recap-entries-probe/.dd-mac/Build/Intermediates.noindex/cmark-gfm.build/Debug/cmark-gfm.build/Objects-normal/arm64/plugin.o -index-unit-output-path /cmark-gfm.build/Debug/cmark-gfm.build/Objects-normal/arm64/plugin.o

ScanDependencies /Users/runner/work/orbit/orbit/.recap-entries-probe/.dd-mac/Build/Intermediates.noindex/cmark-gfm.build/Debug/cmark-gfm.build/Objects-normal/arm64/plaintext.o /Users/runner/work/orbit/orbit/.recap-entries-probe/.dd-mac/SourcePackages/checkouts/swift-cmark/src/plaintext.c normal arm64 c com.apple.compilers.llvm.clang.1_0.compiler (in target 'cmark-gfm' from project 'cmark-gfm')
    cd /Users/runner/work/orbit/orbit/.recap-entries-probe/RecapEntriesProbe.xcodeproj
    
    Using response file: /Users/runner/work/orbit/orbit/.recap-entries-probe/.dd-mac/Build/Intermediates.noindex/cmark-gfm.build/Debug/cmark-gfm.build/Objects-normal/arm64/7187679823f38a2a940e0043cdf9d637-common-args.resp
    
    builtin-ScanDependencies -o /Users/runner/work/orbit/orbit/.recap-entries-probe/.dd-mac/Build/Intermediates.noindex/cmark-gfm.build/Debug/cmark-gfm.build/Objects-normal/arm64/plaintext.o.scan -- /Applications/Xcode_26.6.app/Contents/Developer/Toolchains/XcodeDefault.xctoolchain/usr/bin/clang -x c -ivfsstatcache /Users/runner/work/orbit/orbit/.recap-entries-probe/.dd-mac/SDKStatCaches.noindex/macosx26.5-25F70-688ef53f1462e2c8f657fdc38a81448fee0e6409aa6676c5e6c013d148225433.sdkstatcache -target arm64-apple-macos10.13 -fmessage-length\=0 -fdiagnostics-show-note-include-stack -fmacro-backtrace-limit\=0 -fno-color-diagnostics -fmodules-prune-interval\=86400 -fmodules-prune-after\=345600 -fbuild-session-file\=/Users/runner/work/orbit/orbit/.recap-entries-probe/.dd-mac/ModuleCache.noindex/Session.modulevalidation -fmodules-validate-once-per-build-session -Wnon-modular-include-in-framework-module -Werror\=non-modular-include-in-framework-module -Wno-trigraphs -Wno-missing-field-initializers -Wno-missing-prototypes -Wno-return-type -Wno-missing-braces -Wparentheses -Wswitch -Wno-unused-function -Wno-unused-label -Wno-unused-parameter -Wno-unused-variable -Wunused-value -Wno-empty-body -Wno-uninitialized -Wno-unknown-pragmas -w -Wno-shadow -Wno-four-char-constants -Wno-conversion -Wno-constant-conversion -Wno-int-conversion -Wno-bool-conversion -Wno-enum-conversion -Wno-float-conversion -Wno-non-literal-null-conversion -Wno-objc-literal-conversion -Wshorten-64-to-32 -Wpointer-sign -Wno-newline-eof -Wno-implicit-fallthrough -isysroot /Applications/Xcode_26.6.app/Contents/Developer/Platforms/MacOSX.platform/Developer/SDKs/MacOSX26.5.sdk -fstrict-aliasing -Wdeprecated-declarations -Wno-sign-conversion -Wno-infinite-recursion -Wno-comma -Wno-block-capture-autoreleasing -Wno-strict-prototypes -Wno-semicolon-before-method-body -index-store-path /Users/runner/work/orbit/orbit/.recap-entries-probe/.dd-mac/Index.noindex/DataStore @/Users/runner/work/orbit/orbit/.recap-entries-probe/.dd-mac/Build/Intermediates.noindex/cmark-gfm.build/Debug/cmark-gfm.build/Objects-normal/arm64/7187679823f38a2a940e0043cdf9d637-common-args.resp -MMD -MT dependencies -MF /Users/runner/work/orbit/orbit/.recap-entries-probe/.dd-mac/Build/Intermediates.noindex/cmark-gfm.build/Debug/cmark-gfm.build/Objects-normal/arm64/plaintext.d --serialize-diagnostics /Users/runner/work/orbit/orbit/.recap-entries-probe/.dd-mac/Build/Intermediates.noindex/cmark-gfm.build/Debug/cmark-gfm.build/Objects-normal/arm64/plaintext.dia -c /Users/runner/work/orbit/orbit/.recap-entries-probe/.dd-mac/SourcePackages/checkouts/swift-cmark/src/plaintext.c -o /Users/runner/work/orbit/orbit/.recap-entries-probe/.dd-mac/Build/Intermediates.noindex/cmark-gfm.build/Debug/cmark-gfm.build/Objects-normal/arm64/plaintext.o -index-unit-output-path /cmark-gfm.build/Debug/cmark-gfm.build/Objects-normal/arm64/plaintext.o

CompileC /Users/runner/work/orbit/orbit/.recap-entries-probe/.dd-mac/Build/Intermediates.noindex/cmark-gfm.build/Debug/cmark-gfm.build/Objects-normal/arm64/xml.o /Users/runner/work/orbit/orbit/.recap-entries-probe/.dd-mac/SourcePackages/checkouts/swift-cmark/src/xml.c normal arm64 c com.apple.compilers.llvm.clang.1_0.compiler (in target 'cmark-gfm' from project 'cmark-gfm')
    cd /Users/runner/work/orbit/orbit/.recap-entries-probe/RecapEntriesProbe.xcodeproj
    
    Using response file: /Users/runner/work/orbit/orbit/.recap-entries-probe/.dd-mac/Build/Intermediates.noindex/cmark-gfm.build/Debug/cmark-gfm.build/Objects-normal/arm64/7187679823f38a2a940e0043cdf9d637-common-args.resp
    
    /Applications/Xcode_26.6.app/Contents/Developer/Toolchains/XcodeDefault.xctoolchain/usr/bin/clang -x c -ivfsstatcache /Users/runner/work/orbit/orbit/.recap-entries-probe/.dd-mac/SDKStatCaches.noindex/macosx26.5-25F70-688ef53f1462e2c8f657fdc38a81448fee0e6409aa6676c5e6c013d148225433.sdkstatcache -target arm64-apple-macos10.13 -fmessage-length\=0 -fdiagnostics-show-note-include-stack -fmacro-backtrace-limit\=0 -fno-color-diagnostics -fmodules-prune-interval\=86400 -fmodules-prune-after\=345600 -fbuild-session-file\=/Users/runner/work/orbit/orbit/.recap-entries-probe/.dd-mac/ModuleCache.noindex/Session.modulevalidation -fmodules-validate-once-per-build-session -Wnon-modular-include-in-framework-module -Werror\=non-modular-include-in-framework-module -Wno-trigraphs -Wno-missing-field-initializers -Wno-missing-prototypes -Wno-return-type -Wno-missing-braces -Wparentheses -Wswitch -Wno-unused-function -Wno-unused-label -Wno-unused-parameter -Wno-unused-variable -Wunused-value -Wno-empty-body -Wno-uninitialized -Wno-unknown-pragmas -w -Wno-shadow -Wno-four-char-constants -Wno-conversion -Wno-constant-conversion -Wno-int-conversion -Wno-bool-conversion -Wno-enum-conversion -Wno-float-conversion -Wno-non-literal-null-conversion -Wno-objc-literal-conversion -Wshorten-64-to-32 -Wpointer-sign -Wno-newline-eof -Wno-implicit-fallthrough -isysroot /Applications/Xcode_26.6.app/Contents/Developer/Platforms/MacOSX.platform/Developer/SDKs/MacOSX26.5.sdk -fstrict-aliasing -Wdeprecated-declarations -Wno-sign-conversion -Wno-infinite-recursion -Wno-comma -Wno-block-capture-autoreleasing -Wno-strict-prototypes -Wno-semicolon-before-method-body -index-store-path /Users/runner/work/orbit/orbit/.recap-entries-probe/.dd-mac/Index.noindex/DataStore @/Users/runner/work/orbit/orbit/.recap-entries-probe/.dd-mac/Build/Intermediates.noindex/cmark-gfm.build/Debug/cmark-gfm.build/Objects-normal/arm64/7187679823f38a2a940e0043cdf9d637-common-args.resp -MMD -MT dependencies -MF /Users/runner/work/orbit/orbit/.recap-entries-probe/.dd-mac/Build/Intermediates.noindex/cmark-gfm.build/Debug/cmark-gfm.build/Objects-normal/arm64/xml.d --serialize-diagnostics /Users/runner/work/orbit/orbit/.recap-entries-probe/.dd-mac/Build/Intermediates.noindex/cmark-gfm.build/Debug/cmark-gfm.build/Objects-normal/arm64/xml.dia -c /Users/runner/work/orbit/orbit/.recap-entries-probe/.dd-mac/SourcePackages/checkouts/swift-cmark/src/xml.c -o /Users/runner/work/orbit/orbit/.recap-entries-probe/.dd-mac/Build/Intermediates.noindex/cmark-gfm.build/Debug/cmark-gfm.build/Objects-normal/arm64/xml.o -index-unit-output-path /cmark-gfm.build/Debug/cmark-gfm.build/Objects-normal/arm64/xml.o

CompileC /Users/runner/work/orbit/orbit/.recap-entries-probe/.dd-mac/Build/Intermediates.noindex/cmark-gfm.build/Debug/cmark-gfm.build/Objects-normal/arm64/utf8.o /Users/runner/work/orbit/orbit/.recap-entries-probe/.dd-mac/SourcePackages/checkouts/swift-cmark/src/utf8.c normal arm64 c com.apple.compilers.llvm.clang.1_0.compiler (in target 'cmark-gfm' from project 'cmark-gfm')
    cd /Users/runner/work/orbit/orbit/.recap-entries-probe/RecapEntriesProbe.xcodeproj
    
    Using response file: /Users/runner/work/orbit/orbit/.recap-entries-probe/.dd-mac/Build/Intermediates.noindex/cmark-gfm.build/Debug/cmark-gfm.build/Objects-normal/arm64/7187679823f38a2a940e0043cdf9d637-common-args.resp
    
    /Applications/Xcode_26.6.app/Contents/Developer/Toolchains/XcodeDefault.xctoolchain/usr/bin/clang -x c -ivfsstatcache /Users/runner/work/orbit/orbit/.recap-entries-probe/.dd-mac/SDKStatCaches.noindex/macosx26.5-25F70-688ef53f1462e2c8f657fdc38a81448fee0e6409aa6676c5e6c013d148225433.sdkstatcache -target arm64-apple-macos10.13 -fmessage-length\=0 -fdiagnostics-show-note-include-stack -fmacro-backtrace-limit\=0 -fno-color-diagnostics -fmodules-prune-interval\=86400 -fmodules-prune-after\=345600 -fbuild-session-file\=/Users/runner/work/orbit/orbit/.recap-entries-probe/.dd-mac/ModuleCache.noindex/Session.modulevalidation -fmodules-validate-once-per-build-session -Wnon-modular-include-in-framework-module -Werror\=non-modular-include-in-framework-module -Wno-trigraphs -Wno-missing-field-initializers -Wno-missing-prototypes -Wno-return-type -Wno-missing-braces -Wparentheses -Wswitch -Wno-unused-function -Wno-unused-label -Wno-unused-parameter -Wno-unused-variable -Wunused-value -Wno-empty-body -Wno-uninitialized -Wno-unknown-pragmas -w -Wno-shadow -Wno-four-char-constants -Wno-conversion -Wno-constant-conversion -Wno-int-conversion -Wno-bool-conversion -Wno-enum-conversion -Wno-float-conversion -Wno-non-literal-null-conversion -Wno-objc-literal-conversion -Wshorten-64-to-32 -Wpointer-sign -Wno-newline-eof -Wno-implicit-fallthrough -isysroot /Applications/Xcode_26.6.app/Contents/Developer/Platforms/MacOSX.platform/Developer/SDKs/MacOSX26.5.sdk -fstrict-aliasing -Wdeprecated-declarations -Wno-sign-conversion -Wno-infinite-recursion -Wno-comma -Wno-block-capture-autoreleasing -Wno-strict-prototypes -Wno-semicolon-before-method-body -index-store-path /Users/runner/work/orbit/orbit/.recap-entries-probe/.dd-mac/Index.noindex/DataStore @/Users/runner/work/orbit/orbit/.recap-entries-probe/.dd-mac/Build/Intermediates.noindex/cmark-gfm.build/Debug/cmark-gfm.build/Objects-normal/arm64/7187679823f38a2a940e0043cdf9d637-common-args.resp -MMD -MT dependencies -MF /Users/runner/work/orbit/orbit/.recap-entries-probe/.dd-mac/Build/Intermediates.noindex/cmark-gfm.build/Debug/cmark-gfm.build/Objects-normal/arm64/utf8.d --serialize-diagnostics /Users/runner/work/orbit/orbit/.recap-entries-probe/.dd-mac/Build/Intermediates.noindex/cmark-gfm.build/Debug/cmark-gfm.build/Objects-normal/arm64/utf8.dia -c /Users/runner/work/orbit/orbit/.recap-entries-probe/.dd-mac/SourcePackages/checkouts/swift-cmark/src/utf8.c -o /Users/runner/work/orbit/orbit/.recap-entries-probe/.dd-mac/Build/Intermediates.noindex/cmark-gfm.build/Debug/cmark-gfm.build/Objects-normal/arm64/utf8.o -index-unit-output-path /cmark-gfm.build/Debug/cmark-gfm.build/Objects-normal/arm64/utf8.o

CompileC /Users/runner/work/orbit/orbit/.recap-entries-probe/.dd-mac/Build/Intermediates.noindex/cmark-gfm.build/Debug/cmark-gfm.build/Objects-normal/arm64/syntax_extension.o /Users/runner/work/orbit/orbit/.recap-entries-probe/.dd-mac/SourcePackages/checkouts/swift-cmark/src/syntax_extension.c normal arm64 c com.apple.compilers.llvm.clang.1_0.compiler (in target 'cmark-gfm' from project 'cmark-gfm')
    cd /Users/runner/work/orbit/orbit/.recap-entries-probe/RecapEntriesProbe.xcodeproj
    
    Using response file: /Users/runner/work/orbit/orbit/.recap-entries-probe/.dd-mac/Build/Intermediates.noindex/cmark-gfm.build/Debug/cmark-gfm.build/Objects-normal/arm64/7187679823f38a2a940e0043cdf9d637-common-args.resp
    
    /Applications/Xcode_26.6.app/Contents/Developer/Toolchains/XcodeDefault.xctoolchain/usr/bin/clang -x c -ivfsstatcache /Users/runner/work/orbit/orbit/.recap-entries-probe/.dd-mac/SDKStatCaches.noindex/macosx26.5-25F70-688ef53f1462e2c8f657fdc38a81448fee0e6409aa6676c5e6c013d148225433.sdkstatcache -target arm64-apple-macos10.13 -fmessage-length\=0 -fdiagnostics-show-note-include-stack -fmacro-backtrace-limit\=0 -fno-color-diagnostics -fmodules-prune-interval\=86400 -fmodules-prune-after\=345600 -fbuild-session-file\=/Users/runner/work/orbit/orbit/.recap-entries-probe/.dd-mac/ModuleCache.noindex/Session.modulevalidation -fmodules-validate-once-per-build-session -Wnon-modular-include-in-framework-module -Werror\=non-modular-include-in-framework-module -Wno-trigraphs -Wno-missing-field-initializers -Wno-missing-prototypes -Wno-return-type -Wno-missing-braces -Wparentheses -Wswitch -Wno-unused-function -Wno-unused-label -Wno-unused-parameter -Wno-unused-variable -Wunused-value -Wno-empty-body -Wno-uninitialized -Wno-unknown-pragmas -w -Wno-shadow -Wno-four-char-constants -Wno-conversion -Wno-constant-conversion -Wno-int-conversion -Wno-bool-conversion -Wno-enum-conversion -Wno-float-conversion -Wno-non-literal-null-conversion -Wno-objc-literal-conversion -Wshorten-64-to-32 -Wpointer-sign -Wno-newline-eof -Wno-implicit-fallthrough -isysroot /Applications/Xcode_26.6.app/Contents/Developer/Platforms/MacOSX.platform/Developer/SDKs/MacOSX26.5.sdk -fstrict-aliasing -Wdeprecated-declarations -Wno-sign-conversion -Wno-infinite-recursion -Wno-comma -Wno-block-capture-autoreleasing -Wno-strict-prototypes -Wno-semicolon-before-method-body -index-store-path /Users/runner/work/orbit/orbit/.recap-entries-probe/.dd-mac/Index.noindex/DataStore @/Users/runner/work/orbit/orbit/.recap-entries-probe/.dd-mac/Build/Intermediates.noindex/cmark-gfm.build/Debug/cmark-gfm.build/Objects-normal/arm64/7187679823f38a2a940e0043cdf9d637-common-args.resp -MMD -MT dependencies -MF /Users/runner/work/orbit/orbit/.recap-entries-probe/.dd-mac/Build/Intermediates.noindex/cmark-gfm.build/Debug/cmark-gfm.build/Objects-normal/arm64/syntax_extension.d --serialize-diagnostics /Users/runner/work/orbit/orbit/.recap-entries-probe/.dd-mac/Build/Intermediates.noindex/cmark-gfm.build/Debug/cmark-gfm.build/Objects-normal/arm64/syntax_extension.dia -c /Users/runner/work/orbit/orbit/.recap-entries-probe/.dd-mac/SourcePackages/checkouts/swift-cmark/src/syntax_extension.c -o /Users/runner/work/orbit/orbit/.recap-entries-probe/.dd-mac/Build/Intermediates.noindex/cmark-gfm.build/Debug/cmark-gfm.build/Objects-normal/arm64/syntax_extension.o -index-unit-output-path /cmark-gfm.build/Debug/cmark-gfm.build/Objects-normal/arm64/syntax_extension.o

CompileC /Users/runner/work/orbit/orbit/.recap-entries-probe/.dd-mac/Build/Intermediates.noindex/cmark-gfm.build/Debug/cmark-gfm.build/Objects-normal/arm64/scanners.o /Users/runner/work/orbit/orbit/.recap-entries-probe/.dd-mac/SourcePackages/checkouts/swift-cmark/src/scanners.c normal arm64 c com.apple.compilers.llvm.clang.1_0.compiler (in target 'cmark-gfm' from project 'cmark-gfm')
    cd /Users/runner/work/orbit/orbit/.recap-entries-probe/RecapEntriesProbe.xcodeproj
    
    Using response file: /Users/runner/work/orbit/orbit/.recap-entries-probe/.dd-mac/Build/Intermediates.noindex/cmark-gfm.build/Debug/cmark-gfm.build/Objects-normal/arm64/7187679823f38a2a940e0043cdf9d637-common-args.resp
    
    /Applications/Xcode_26.6.app/Contents/Developer/Toolchains/XcodeDefault.xctoolchain/usr/bin/clang -x c -ivfsstatcache /Users/runner/work/orbit/orbit/.recap-entries-probe/.dd-mac/SDKStatCaches.noindex/macosx26.5-25F70-688ef53f1462e2c8f657fdc38a81448fee0e6409aa6676c5e6c013d148225433.sdkstatcache -target arm64-apple-macos10.13 -fmessage-length\=0 -fdiagnostics-show-note-include-stack -fmacro-backtrace-limit\=0 -fno-color-diagnostics -fmodules-prune-interval\=86400 -fmodules-prune-after\=345600 -fbuild-session-file\=/Users/runner/work/orbit/orbit/.recap-entries-probe/.dd-mac/ModuleCache.noindex/Session.modulevalidation -fmodules-validate-once-per-build-session -Wnon-modular-include-in-framework-module -Werror\=non-modular-include-in-framework-module -Wno-trigraphs -Wno-missing-field-initializers -Wno-missing-prototypes -Wno-return-type -Wno-missing-braces -Wparentheses -Wswitch -Wno-unused-function -Wno-unused-label -Wno-unused-parameter -Wno-unused-variable -Wunused-value -Wno-empty-body -Wno-uninitialized -Wno-unknown-pragmas -w -Wno-shadow -Wno-four-char-constants -Wno-conversion -Wno-constant-conversion -Wno-int-conversion -Wno-bool-conversion -Wno-enum-conversion -Wno-float-conversion -Wno-non-literal-null-conversion -Wno-objc-literal-conversion -Wshorten-64-to-32 -Wpointer-sign -Wno-newline-eof -Wno-implicit-fallthrough -isysroot /Applications/Xcode_26.6.app/Contents/Developer/Platforms/MacOSX.platform/Developer/SDKs/MacOSX26.5.sdk -fstrict-aliasing -Wdeprecated-declarations -Wno-sign-conversion -Wno-infinite-recursion -Wno-comma -Wno-block-capture-autoreleasing -Wno-strict-prototypes -Wno-semicolon-before-method-body -index-store-path /Users/runner/work/orbit/orbit/.recap-entries-probe/.dd-mac/Index.noindex/DataStore @/Users/runner/work/orbit/orbit/.recap-entries-probe/.dd-mac/Build/Intermediates.noindex/cmark-gfm.build/Debug/cmark-gfm.build/Objects-normal/arm64/7187679823f38a2a940e0043cdf9d637-common-args.resp -MMD -MT dependencies -MF /Users/runner/work/orbit/orbit/.recap-entries-probe/.dd-mac/Build/Intermediates.noindex/cmark-gfm.build/Debug/cmark-gfm.build/Objects-normal/arm64/scanners.d --serialize-diagnostics /Users/runner/work/orbit/orbit/.recap-entries-probe/.dd-mac/Build/Intermediates.noindex/cmark-gfm.build/Debug/cmark-gfm.build/Objects-normal/arm64/scanners.dia -c /Users/runner/work/orbit/orbit/.recap-entries-probe/.dd-mac/SourcePackages/checkouts/swift-cmark/src/scanners.c -o /Users/runner/work/orbit/orbit/.recap-entries-probe/.dd-mac/Build/Intermediates.noindex/cmark-gfm.build/Debug/cmark-gfm.build/Objects-normal/arm64/scanners.o -index-unit-output-path /cmark-gfm.build/Debug/cmark-gfm.build/Objects-normal/arm64/scanners.o

CompileC /Users/runner/work/orbit/orbit/.recap-entries-probe/.dd-mac/Build/Intermediates.noindex/cmark-gfm.build/Debug/cmark-gfm.build/Objects-normal/arm64/render.o /Users/runner/work/orbit/orbit/.recap-entries-probe/.dd-mac/SourcePackages/checkouts/swift-cmark/src/render.c normal arm64 c com.apple.compilers.llvm.clang.1_0.compiler (in target 'cmark-gfm' from project 'cmark-gfm')
    cd /Users/runner/work/orbit/orbit/.recap-entries-probe/RecapEntriesProbe.xcodeproj
    
    Using response file: /Users/runner/work/orbit/orbit/.recap-entries-probe/.dd-mac/Build/Intermediates.noindex/cmark-gfm.build/Debug/cmark-gfm.build/Objects-normal/arm64/7187679823f38a2a940e0043cdf9d637-common-args.resp
    
    /Applications/Xcode_26.6.app/Contents/Developer/Toolchains/XcodeDefault.xctoolchain/usr/bin/clang -x c -ivfsstatcache /Users/runner/work/orbit/orbit/.recap-entries-probe/.dd-mac/SDKStatCaches.noindex/macosx26.5-25F70-688ef53f1462e2c8f657fdc38a81448fee0e6409aa6676c5e6c013d148225433.sdkstatcache -target arm64-apple-macos10.13 -fmessage-length\=0 -fdiagnostics-show-note-include-stack -fmacro-backtrace-limit\=0 -fno-color-diagnostics -fmodules-prune-interval\=86400 -fmodules-prune-after\=345600 -fbuild-session-file\=/Users/runner/work/orbit/orbit/.recap-entries-probe/.dd-mac/ModuleCache.noindex/Session.modulevalidation -fmodules-validate-once-per-build-session -Wnon-modular-include-in-framework-module -Werror\=non-modular-include-in-framework-module -Wno-trigraphs -Wno-missing-field-initializers -Wno-missing-prototypes -Wno-return-type -Wno-missing-braces -Wparentheses -Wswitch -Wno-unused-function -Wno-unused-label -Wno-unused-parameter -Wno-unused-variable -Wunused-value -Wno-empty-body -Wno-uninitialized -Wno-unknown-pragmas -w -Wno-shadow -Wno-four-char-constants -Wno-conversion -Wno-constant-conversion -Wno-int-conversion -Wno-bool-conversion -Wno-enum-conversion -Wno-float-conversion -Wno-non-literal-null-conversion -Wno-objc-literal-conversion -Wshorten-64-to-32 -Wpointer-sign -Wno-newline-eof -Wno-implicit-fallthrough -isysroot /Applications/Xcode_26.6.app/Contents/Developer/Platforms/MacOSX.platform/Developer/SDKs/MacOSX26.5.sdk -fstrict-aliasing -Wdeprecated-declarations -Wno-sign-conversion -Wno-infinite-recursion -Wno-comma -Wno-block-capture-autoreleasing -Wno-strict-prototypes -Wno-semicolon-before-method-body -index-store-path /Users/runner/work/orbit/orbit/.recap-entries-probe/.dd-mac/Index.noindex/DataStore @/Users/runner/work/orbit/orbit/.recap-entries-probe/.dd-mac/Build/Intermediates.noindex/cmark-gfm.build/Debug/cmark-gfm.build/Objects-normal/arm64/7187679823f38a2a940e0043cdf9d637-common-args.resp -MMD -MT dependencies -MF /Users/runner/work/orbit/orbit/.recap-entries-probe/.dd-mac/Build/Intermediates.noindex/cmark-gfm.build/Debug/cmark-gfm.build/Objects-normal/arm64/render.d --serialize-diagnostics /Users/runner/work/orbit/orbit/.recap-entries-probe/.dd-mac/Build/Intermediates.noindex/cmark-gfm.build/Debug/cmark-gfm.build/Objects-normal/arm64/render.dia -c /Users/runner/work/orbit/orbit/.recap-entries-probe/.dd-mac/SourcePackages/checkouts/swift-cmark/src/render.c -o /Users/runner/work/orbit/orbit/.recap-entries-probe/.dd-mac/Build/Intermediates.noindex/cmark-gfm.build/Debug/cmark-gfm.build/Objects-normal/arm64/render.o -index-unit-output-path /cmark-gfm.build/Debug/cmark-gfm.build/Objects-normal/arm64/render.o

CompileC /Users/runner/work/orbit/orbit/.recap-entries-probe/.dd-mac/Build/Intermediates.noindex/cmark-gfm.build/Debug/cmark-gfm.build/Objects-normal/arm64/registry.o /Users/runner/work/orbit/orbit/.recap-entries-probe/.dd-mac/SourcePackages/checkouts/swift-cmark/src/registry.c normal arm64 c com.apple.compilers.llvm.clang.1_0.compiler (in target 'cmark-gfm' from project 'cmark-gfm')
    cd /Users/runner/work/orbit/orbit/.recap-entries-probe/RecapEntriesProbe.xcodeproj
    
    Using response file: /Users/runner/work/orbit/orbit/.recap-entries-probe/.dd-mac/Build/Intermediates.noindex/cmark-gfm.build/Debug/cmark-gfm.build/Objects-normal/arm64/7187679823f38a2a940e0043cdf9d637-common-args.resp
    
    /Applications/Xcode_26.6.app/Contents/Developer/Toolchains/XcodeDefault.xctoolchain/usr/bin/clang -x c -ivfsstatcache /Users/runner/work/orbit/orbit/.recap-entries-probe/.dd-mac/SDKStatCaches.noindex/macosx26.5-25F70-688ef53f1462e2c8f657fdc38a81448fee0e6409aa6676c5e6c013d148225433.sdkstatcache -target arm64-apple-macos10.13 -fmessage-length\=0 -fdiagnostics-show-note-include-stack -fmacro-backtrace-limit\=0 -fno-color-diagnostics -fmodules-prune-interval\=86400 -fmodules-prune-after\=345600 -fbuild-session-file\=/Users/runner/work/orbit/orbit/.recap-entries-probe/.dd-mac/ModuleCache.noindex/Session.modulevalidation -fmodules-validate-once-per-build-session -Wnon-modular-include-in-framework-module -Werror\=non-modular-include-in-framework-module -Wno-trigraphs -Wno-missing-field-initializers -Wno-missing-prototypes -Wno-return-type -Wno-missing-braces -Wparentheses -Wswitch -Wno-unused-function -Wno-unused-label -Wno-unused-parameter -Wno-unused-variable -Wunused-value -Wno-empty-body -Wno-uninitialized -Wno-unknown-pragmas -w -Wno-shadow -Wno-four-char-constants -Wno-conversion -Wno-constant-conversion -Wno-int-conversion -Wno-bool-conversion -Wno-enum-conversion -Wno-float-conversion -Wno-non-literal-null-conversion -Wno-objc-literal-conversion -Wshorten-64-to-32 -Wpointer-sign -Wno-newline-eof -Wno-implicit-fallthrough -isysroot /Applications/Xcode_26.6.app/Contents/Developer/Platforms/MacOSX.platform/Developer/SDKs/MacOSX26.5.sdk -fstrict-aliasing -Wdeprecated-declarations -Wno-sign-conversion -Wno-infinite-recursion -Wno-comma -Wno-block-capture-autoreleasing -Wno-strict-prototypes -Wno-semicolon-before-method-body -index-store-path /Users/runner/work/orbit/orbit/.recap-entries-probe/.dd-mac/Index.noindex/DataStore @/Users/runner/work/orbit/orbit/.recap-entries-probe/.dd-mac/Build/Intermediates.noindex/cmark-gfm.build/Debug/cmark-gfm.build/Objects-normal/arm64/7187679823f38a2a940e0043cdf9d637-common-args.resp -MMD -MT dependencies -MF /Users/runner/work/orbit/orbit/.recap-entries-probe/.dd-mac/Build/Intermediates.noindex/cmark-gfm.build/Debug/cmark-gfm.build/Objects-normal/arm64/registry.d --serialize-diagnostics /Users/runner/work/orbit/orbit/.recap-entries-probe/.dd-mac/Build/Intermediates.noindex/cmark-gfm.build/Debug/cmark-gfm.build/Objects-normal/arm64/registry.dia -c /Users/runner/work/orbit/orbit/.recap-entries-probe/.dd-mac/SourcePackages/checkouts/swift-cmark/src/registry.c -o /Users/runner/work/orbit/orbit/.recap-entries-probe/.dd-mac/Build/Intermediates.noindex/cmark-gfm.build/Debug/cmark-gfm.build/Objects-normal/arm64/registry.o -index-unit-output-path /cmark-gfm.build/Debug/cmark-gfm.build/Objects-normal/arm64/registry.o

CompileC /Users/runner/work/orbit/orbit/.recap-entries-probe/.dd-mac/Build/Intermediates.noindex/cmark-gfm.build/Debug/cmark-gfm.build/Objects-normal/arm64/references.o /Users/runner/work/orbit/orbit/.recap-entries-probe/.dd-mac/SourcePackages/checkouts/swift-cmark/src/references.c normal arm64 c com.apple.compilers.llvm.clang.1_0.compiler (in target 'cmark-gfm' from project 'cmark-gfm')
    cd /Users/runner/work/orbit/orbit/.recap-entries-probe/RecapEntriesProbe.xcodeproj
    
    Using response file: /Users/runner/work/orbit/orbit/.recap-entries-probe/.dd-mac/Build/Intermediates.noindex/cmark-gfm.build/Debug/cmark-gfm.build/Objects-normal/arm64/7187679823f38a2a940e0043cdf9d637-common-args.resp
    
    /Applications/Xcode_26.6.app/Contents/Developer/Toolchains/XcodeDefault.xctoolchain/usr/bin/clang -x c -ivfsstatcache /Users/runner/work/orbit/orbit/.recap-entries-probe/.dd-mac/SDKStatCaches.noindex/macosx26.5-25F70-688ef53f1462e2c8f657fdc38a81448fee0e6409aa6676c5e6c013d148225433.sdkstatcache -target arm64-apple-macos10.13 -fmessage-length\=0 -fdiagnostics-show-note-include-stack -fmacro-backtrace-limit\=0 -fno-color-diagnostics -fmodules-prune-interval\=86400 -fmodules-prune-after\=345600 -fbuild-session-file\=/Users/runner/work/orbit/orbit/.recap-entries-probe/.dd-mac/ModuleCache.noindex/Session.modulevalidation -fmodules-validate-once-per-build-session -Wnon-modular-include-in-framework-module -Werror\=non-modular-include-in-framework-module -Wno-trigraphs -Wno-missing-field-initializers -Wno-missing-prototypes -Wno-return-type -Wno-missing-braces -Wparentheses -Wswitch -Wno-unused-function -Wno-unused-label -Wno-unused-parameter -Wno-unused-variable -Wunused-value -Wno-empty-body -Wno-uninitialized -Wno-unknown-pragmas -w -Wno-shadow -Wno-four-char-constants -Wno-conversion -Wno-constant-conversion -Wno-int-conversion -Wno-bool-conversion -Wno-enum-conversion -Wno-float-conversion -Wno-non-literal-null-conversion -Wno-objc-literal-conversion -Wshorten-64-to-32 -Wpointer-sign -Wno-newline-eof -Wno-implicit-fallthrough -isysroot /Applications/Xcode_26.6.app/Contents/Developer/Platforms/MacOSX.platform/Developer/SDKs/MacOSX26.5.sdk -fstrict-aliasing -Wdeprecated-declarations -Wno-sign-conversion -Wno-infinite-recursion -Wno-comma -Wno-block-capture-autoreleasing -Wno-strict-prototypes -Wno-semicolon-before-method-body -index-store-path /Users/runner/work/orbit/orbit/.recap-entries-probe/.dd-mac/Index.noindex/DataStore @/Users/runner/work/orbit/orbit/.recap-entries-probe/.dd-mac/Build/Intermediates.noindex/cmark-gfm.build/Debug/cmark-gfm.build/Objects-normal/arm64/7187679823f38a2a940e0043cdf9d637-common-args.resp -MMD -MT dependencies -MF /Users/runner/work/orbit/orbit/.recap-entries-probe/.dd-mac/Build/Intermediates.noindex/cmark-gfm.build/Debug/cmark-gfm.build/Objects-normal/arm64/references.d --serialize-diagnostics /Users/runner/work/orbit/orbit/.recap-entries-probe/.dd-mac/Build/Intermediates.noindex/cmark-gfm.build/Debug/cmark-gfm.build/Objects-normal/arm64/references.dia -c /Users/runner/work/orbit/orbit/.recap-entries-probe/.dd-mac/SourcePackages/checkouts/swift-cmark/src/references.c -o /Users/runner/work/orbit/orbit/.recap-entries-probe/.dd-mac/Build/Intermediates.noindex/cmark-gfm.build/Debug/cmark-gfm.build/Objects-normal/arm64/references.o -index-unit-output-path /cmark-gfm.build/Debug/cmark-gfm.build/Objects-normal/arm64/references.o

CompileC /Users/runner/work/orbit/orbit/.recap-entries-probe/.dd-mac/Build/Intermediates.noindex/cmark-gfm.build/Debug/cmark-gfm.build/Objects-normal/arm64/plugin.o /Users/runner/work/orbit/orbit/.recap-entries-probe/.dd-mac/SourcePackages/checkouts/swift-cmark/src/plugin.c normal arm64 c com.apple.compilers.llvm.clang.1_0.compiler (in target 'cmark-gfm' from project 'cmark-gfm')
    cd /Users/runner/work/orbit/orbit/.recap-entries-probe/RecapEntriesProbe.xcodeproj
    
    Using response file: /Users/runner/work/orbit/orbit/.recap-entries-probe/.dd-mac/Build/Intermediates.noindex/cmark-gfm.build/Debug/cmark-gfm.build/Objects-normal/arm64/7187679823f38a2a940e0043cdf9d637-common-args.resp
    
    /Applications/Xcode_26.6.app/Contents/Developer/Toolchains/XcodeDefault.xctoolchain/usr/bin/clang -x c -ivfsstatcache /Users/runner/work/orbit/orbit/.recap-entries-probe/.dd-mac/SDKStatCaches.noindex/macosx26.5-25F70-688ef53f1462e2c8f657fdc38a81448fee0e6409aa6676c5e6c013d148225433.sdkstatcache -target arm64-apple-macos10.13 -fmessage-length\=0 -fdiagnostics-show-note-include-stack -fmacro-backtrace-limit\=0 -fno-color-diagnostics -fmodules-prune-interval\=86400 -fmodules-prune-after\=345600 -fbuild-session-file\=/Users/runner/work/orbit/orbit/.recap-entries-probe/.dd-mac/ModuleCache.noindex/Session.modulevalidation -fmodules-validate-once-per-build-session -Wnon-modular-include-in-framework-module -Werror\=non-modular-include-in-framework-module -Wno-trigraphs -Wno-missing-field-initializers -Wno-missing-prototypes -Wno-return-type -Wno-missing-braces -Wparentheses -Wswitch -Wno-unused-function -Wno-unused-label -Wno-unused-parameter -Wno-unused-variable -Wunused-value -Wno-empty-body -Wno-uninitialized -Wno-unknown-pragmas -w -Wno-shadow -Wno-four-char-constants -Wno-conversion -Wno-constant-conversion -Wno-int-conversion -Wno-bool-conversion -Wno-enum-conversion -Wno-float-conversion -Wno-non-literal-null-conversion -Wno-objc-literal-conversion -Wshorten-64-to-32 -Wpointer-sign -Wno-newline-eof -Wno-implicit-fallthrough -isysroot /Applications/Xcode_26.6.app/Contents/Developer/Platforms/MacOSX.platform/Developer/SDKs/MacOSX26.5.sdk -fstrict-aliasing -Wdeprecated-declarations -Wno-sign-conversion -Wno-infinite-recursion -Wno-comma -Wno-block-capture-autoreleasing -Wno-strict-prototypes -Wno-semicolon-before-method-body -index-store-path /Users/runner/work/orbit/orbit/.recap-entries-probe/.dd-mac/Index.noindex/DataStore @/Users/runner/work/orbit/orbit/.recap-entries-probe/.dd-mac/Build/Intermediates.noindex/cmark-gfm.build/Debug/cmark-gfm.build/Objects-normal/arm64/7187679823f38a2a940e0043cdf9d637-common-args.resp -MMD -MT dependencies -MF /Users/runner/work/orbit/orbit/.recap-entries-probe/.dd-mac/Build/Intermediates.noindex/cmark-gfm.build/Debug/cmark-gfm.build/Objects-normal/arm64/plugin.d --serialize-diagnostics /Users/runner/work/orbit/orbit/.recap-entries-probe/.dd-mac/Build/Intermediates.noindex/cmark-gfm.build/Debug/cmark-gfm.build/Objects-normal/arm64/plugin.dia -c /Users/runner/work/orbit/orbit/.recap-entries-probe/.dd-mac/SourcePackages/checkouts/swift-cmark/src/plugin.c -o /Users/runner/work/orbit/orbit/.recap-entries-probe/.dd-mac/Build/Intermediates.noindex/cmark-gfm.build/Debug/cmark-gfm.build/Objects-normal/arm64/plugin.o -index-unit-output-path /cmark-gfm.build/Debug/cmark-gfm.build/Objects-normal/arm64/plugin.o

CompileC /Users/runner/work/orbit/orbit/.recap-entries-probe/.dd-mac/Build/Intermediates.noindex/cmark-gfm.build/Debug/cmark-gfm.build/Objects-normal/arm64/plaintext.o /Users/runner/work/orbit/orbit/.recap-entries-probe/.dd-mac/SourcePackages/checkouts/swift-cmark/src/plaintext.c normal arm64 c com.apple.compilers.llvm.clang.1_0.compiler (in target 'cmark-gfm' from project 'cmark-gfm')
    cd /Users/runner/work/orbit/orbit/.recap-entries-probe/RecapEntriesProbe.xcodeproj
    
    Using response file: /Users/runner/work/orbit/orbit/.recap-entries-probe/.dd-mac/Build/Intermediates.noindex/cmark-gfm.build/Debug/cmark-gfm.build/Objects-normal/arm64/7187679823f38a2a940e0043cdf9d637-common-args.resp
    
    /Applications/Xcode_26.6.app/Contents/Developer/Toolchains/XcodeDefault.xctoolchain/usr/bin/clang -x c -ivfsstatcache /Users/runner/work/orbit/orbit/.recap-entries-probe/.dd-mac/SDKStatCaches.noindex/macosx26.5-25F70-688ef53f1462e2c8f657fdc38a81448fee0e6409aa6676c5e6c013d148225433.sdkstatcache -target arm64-apple-macos10.13 -fmessage-length\=0 -fdiagnostics-show-note-include-stack -fmacro-backtrace-limit\=0 -fno-color-diagnostics -fmodules-prune-interval\=86400 -fmodules-prune-after\=345600 -fbuild-session-file\=/Users/runner/work/orbit/orbit/.recap-entries-probe/.dd-mac/ModuleCache.noindex/Session.modulevalidation -fmodules-validate-once-per-build-session -Wnon-modular-include-in-framework-module -Werror\=non-modular-include-in-framework-module -Wno-trigraphs -Wno-missing-field-initializers -Wno-missing-prototypes -Wno-return-type -Wno-missing-braces -Wparentheses -Wswitch -Wno-unused-function -Wno-unused-label -Wno-unused-parameter -Wno-unused-variable -Wunused-value -Wno-empty-body -Wno-uninitialized -Wno-unknown-pragmas -w -Wno-shadow -Wno-four-char-constants -Wno-conversion -Wno-constant-conversion -Wno-int-conversion -Wno-bool-conversion -Wno-enum-conversion -Wno-float-conversion -Wno-non-literal-null-conversion -Wno-objc-literal-conversion -Wshorten-64-to-32 -Wpointer-sign -Wno-newline-eof -Wno-implicit-fallthrough -isysroot /Applications/Xcode_26.6.app/Contents/Developer/Platforms/MacOSX.platform/Developer/SDKs/MacOSX26.5.sdk -fstrict-aliasing -Wdeprecated-declarations -Wno-sign-conversion -Wno-infinite-recursion -Wno-comma -Wno-block-capture-autoreleasing -Wno-strict-prototypes -Wno-semicolon-before-method-body -index-store-path /Users/runner/work/orbit/orbit/.recap-entries-probe/.dd-mac/Index.noindex/DataStore @/Users/runner/work/orbit/orbit/.recap-entries-probe/.dd-mac/Build/Intermediates.noindex/cmark-gfm.build/Debug/cmark-gfm.build/Objects-normal/arm64/7187679823f38a2a940e0043cdf9d637-common-args.resp -MMD -MT dependencies -MF /Users/runner/work/orbit/orbit/.recap-entries-probe/.dd-mac/Build/Intermediates.noindex/cmark-gfm.build/Debug/cmark-gfm.build/Objects-normal/arm64/plaintext.d --serialize-diagnostics /Users/runner/work/orbit/orbit/.recap-entries-probe/.dd-mac/Build/Intermediates.noindex/cmark-gfm.build/Debug/cmark-gfm.build/Objects-normal/arm64/plaintext.dia -c /Users/runner/work/orbit/orbit/.recap-entries-probe/.dd-mac/SourcePackages/checkouts/swift-cmark/src/plaintext.c -o /Users/runner/work/orbit/orbit/.recap-entries-probe/.dd-mac/Build/Intermediates.noindex/cmark-gfm.build/Debug/cmark-gfm.build/Objects-normal/arm64/plaintext.o -index-unit-output-path /cmark-gfm.build/Debug/cmark-gfm.build/Objects-normal/arm64/plaintext.o

PrecompileModule /Users/runner/work/orbit/orbit/.recap-entries-probe/.dd-mac/Build/Intermediates.noindex/ExplicitPrecompiledModules/cmark_gfm-BD25E8HELLBC502EGKQJBD33D.scan
    cd /
    builtin-precompileModule /Users/runner/work/orbit/orbit/.recap-entries-probe/.dd-mac/Build/Intermediates.noindex/ExplicitPrecompiledModules/cmark_gfm-BD25E8HELLBC502EGKQJBD33D.scan

PrecompileModule /Users/runner/work/orbit/orbit/.recap-entries-probe/.dd-mac/Build/Intermediates.noindex/ExplicitPrecompiledModules/_Builtin_inttypes-3KO6RACM1S9CO7CSHOXVCQU7Z.scan
    cd /
    builtin-precompileModule /Users/runner/work/orbit/orbit/.recap-entries-probe/.dd-mac/Build/Intermediates.noindex/ExplicitPrecompiledModules/_Builtin_inttypes-3KO6RACM1S9CO7CSHOXVCQU7Z.scan

ScanDependencies /Users/runner/work/orbit/orbit/.recap-entries-probe/.dd-mac/Build/Intermediates.noindex/cmark-gfm.build/Debug/cmark-gfm.build/Objects-normal/arm64/node.o /Users/runner/work/orbit/orbit/.recap-entries-probe/.dd-mac/SourcePackages/checkouts/swift-cmark/src/node.c normal arm64 c com.apple.compilers.llvm.clang.1_0.compiler (in target 'cmark-gfm' from project 'cmark-gfm')
    cd /Users/runner/work/orbit/orbit/.recap-entries-probe/RecapEntriesProbe.xcodeproj
    
    Using response file: /Users/runner/work/orbit/orbit/.recap-entries-probe/.dd-mac/Build/Intermediates.noindex/cmark-gfm.build/Debug/cmark-gfm.build/Objects-normal/arm64/7187679823f38a2a940e0043cdf9d637-common-args.resp
    
    builtin-ScanDependencies -o /Users/runner/work/orbit/orbit/.recap-entries-probe/.dd-mac/Build/Intermediates.noindex/cmark-gfm.build/Debug/cmark-gfm.build/Objects-normal/arm64/node.o.scan -- /Applications/Xcode_26.6.app/Contents/Developer/Toolchains/XcodeDefault.xctoolchain/usr/bin/clang -x c -ivfsstatcache /Users/runner/work/orbit/orbit/.recap-entries-probe/.dd-mac/SDKStatCaches.noindex/macosx26.5-25F70-688ef53f1462e2c8f657fdc38a81448fee0e6409aa6676c5e6c013d148225433.sdkstatcache -target arm64-apple-macos10.13 -fmessage-length\=0 -fdiagnostics-show-note-include-stack -fmacro-backtrace-limit\=0 -fno-color-diagnostics -fmodules-prune-interval\=86400 -fmodules-prune-after\=345600 -fbuild-session-file\=/Users/runner/work/orbit/orbit/.recap-entries-probe/.dd-mac/ModuleCache.noindex/Session.modulevalidation -fmodules-validate-once-per-build-session -Wnon-modular-include-in-framework-module -Werror\=non-modular-include-in-framework-module -Wno-trigraphs -Wno-missing-field-initializers -Wno-missing-prototypes -Wno-return-type -Wno-missing-braces -Wparentheses -Wswitch -Wno-unused-function -Wno-unused-label -Wno-unused-parameter -Wno-unused-variable -Wunused-value -Wno-empty-body -Wno-uninitialized -Wno-unknown-pragmas -w -Wno-shadow -Wno-four-char-constants -Wno-conversion -Wno-constant-conversion -Wno-int-conversion -Wno-bool-conversion -Wno-enum-conversion -Wno-float-conversion -Wno-non-literal-null-conversion -Wno-objc-literal-conversion -Wshorten-64-to-32 -Wpointer-sign -Wno-newline-eof -Wno-implicit-fallthrough -isysroot /Applications/Xcode_26.6.app/Contents/Developer/Platforms/MacOSX.platform/Developer/SDKs/MacOSX26.5.sdk -fstrict-aliasing -Wdeprecated-declarations -Wno-sign-conversion -Wno-infinite-recursion -Wno-comma -Wno-block-capture-autoreleasing -Wno-strict-prototypes -Wno-semicolon-before-method-body -index-store-path /Users/runner/work/orbit/orbit/.recap-entries-probe/.dd-mac/Index.noindex/DataStore @/Users/runner/work/orbit/orbit/.recap-entries-probe/.dd-mac/Build/Intermediates.noindex/cmark-gfm.build/Debug/cmark-gfm.build/Objects-normal/arm64/7187679823f38a2a940e0043cdf9d637-common-args.resp -MMD -MT dependencies -MF /Users/runner/work/orbit/orbit/.recap-entries-probe/.dd-mac/Build/Intermediates.noindex/cmark-gfm.build/Debug/cmark-gfm.build/Objects-normal/arm64/node.d --serialize-diagnostics /Users/runner/work/orbit/orbit/.recap-entries-probe/.dd-mac/Build/Intermediates.noindex/cmark-gfm.build/Debug/cmark-gfm.build/Objects-normal/arm64/node.dia -c /Users/runner/work/orbit/orbit/.recap-entries-probe/.dd-mac/SourcePackages/checkouts/swift-cmark/src/node.c -o /Users/runner/work/orbit/orbit/.recap-entries-probe/.dd-mac/Build/Intermediates.noindex/cmark-gfm.build/Debug/cmark-gfm.build/Objects-normal/arm64/node.o -index-unit-output-path /cmark-gfm.build/Debug/cmark-gfm.build/Objects-normal/arm64/node.o

CompileC /Users/runner/work/orbit/orbit/.recap-entries-probe/.dd-mac/Build/Intermediates.noindex/cmark-gfm.build/Debug/cmark-gfm-extensions.build/Objects-normal/arm64/tasklist.o /Users/runner/work/orbit/orbit/.recap-entries-probe/.dd-mac/SourcePackages/checkouts/swift-cmark/extensions/tasklist.c normal arm64 c com.apple.compilers.llvm.clang.1_0.compiler (in target 'cmark-gfm-extensions' from project 'cmark-gfm')
    cd /Users/runner/work/orbit/orbit/.recap-entries-probe/RecapEntriesProbe.xcodeproj
    
    Using response file: /Users/runner/work/orbit/orbit/.recap-entries-probe/.dd-mac/Build/Intermediates.noindex/cmark-gfm.build/Debug/cmark-gfm-extensions.build/Objects-normal/arm64/7187679823f38a2a940e0043cdf9d637-common-args.resp
    
    /Applications/Xcode_26.6.app/Contents/Developer/Toolchains/XcodeDefault.xctoolchain/usr/bin/clang -x c -ivfsstatcache /Users/runner/work/orbit/orbit/.recap-entries-probe/.dd-mac/SDKStatCaches.noindex/macosx26.5-25F70-688ef53f1462e2c8f657fdc38a81448fee0e6409aa6676c5e6c013d148225433.sdkstatcache -target arm64-apple-macos10.13 -fmessage-length\=0 -fdiagnostics-show-note-include-stack -fmacro-backtrace-limit\=0 -fno-color-diagnostics -fmodules-prune-interval\=86400 -fmodules-prune-after\=345600 -fbuild-session-file\=/Users/runner/work/orbit/orbit/.recap-entries-probe/.dd-mac/ModuleCache.noindex/Session.modulevalidation -fmodules-validate-once-per-build-session -Wnon-modular-include-in-framework-module -Werror\=non-modular-include-in-framework-module -Wno-trigraphs -Wno-missing-field-initializers -Wno-missing-prototypes -Wno-return-type -Wno-missing-braces -Wparentheses -Wswitch -Wno-unused-function -Wno-unused-label -Wno-unused-parameter -Wno-unused-variable -Wunused-value -Wno-empty-body -Wno-uninitialized -Wno-unknown-pragmas -w -Wno-shadow -Wno-four-char-constants -Wno-conversion -Wno-constant-conversion -Wno-int-conversion -Wno-bool-conversion -Wno-enum-conversion -Wno-float-conversion -Wno-non-literal-null-conversion -Wno-objc-literal-conversion -Wshorten-64-to-32 -Wpointer-sign -Wno-newline-eof -Wno-implicit-fallthrough -isysroot /Applications/Xcode_26.6.app/Contents/Developer/Platforms/MacOSX.platform/Developer/SDKs/MacOSX26.5.sdk -fstrict-aliasing -Wdeprecated-declarations -Wno-sign-conversion -Wno-infinite-recursion -Wno-comma -Wno-block-capture-autoreleasing -Wno-strict-prototypes -Wno-semicolon-before-method-body -index-store-path /Users/runner/work/orbit/orbit/.recap-entries-probe/.dd-mac/Index.noindex/DataStore @/Users/runner/work/orbit/orbit/.recap-entries-probe/.dd-mac/Build/Intermediates.noindex/cmark-gfm.build/Debug/cmark-gfm-extensions.build/Objects-normal/arm64/7187679823f38a2a940e0043cdf9d637-common-args.resp -MMD -MT dependencies -MF /Users/runner/work/orbit/orbit/.recap-entries-probe/.dd-mac/Build/Intermediates.noindex/cmark-gfm.build/Debug/cmark-gfm-extensions.build/Objects-normal/arm64/tasklist.d --serialize-diagnostics /Users/runner/work/orbit/orbit/.recap-entries-probe/.dd-mac/Build/Intermediates.noindex/cmark-gfm.build/Debug/cmark-gfm-extensions.build/Objects-normal/arm64/tasklist.dia -c /Users/runner/work/orbit/orbit/.recap-entries-probe/.dd-mac/SourcePackages/checkouts/swift-cmark/extensions/tasklist.c -o /Users/runner/work/orbit/orbit/.recap-entries-probe/.dd-mac/Build/Intermediates.noindex/cmark-gfm.build/Debug/cmark-gfm-extensions.build/Objects-normal/arm64/tasklist.o -index-unit-output-path /cmark-gfm.build/Debug/cmark-gfm-extensions.build/Objects-normal/arm64/tasklist.o

CompileC /Users/runner/work/orbit/orbit/.recap-entries-probe/.dd-mac/Build/Intermediates.noindex/cmark-gfm.build/Debug/cmark-gfm-extensions.build/Objects-normal/arm64/tagfilter.o /Users/runner/work/orbit/orbit/.recap-entries-probe/.dd-mac/SourcePackages/checkouts/swift-cmark/extensions/tagfilter.c normal arm64 c com.apple.compilers.llvm.clang.1_0.compiler (in target 'cmark-gfm-extensions' from project 'cmark-gfm')
    cd /Users/runner/work/orbit/orbit/.recap-entries-probe/RecapEntriesProbe.xcodeproj
    
    Using response file: /Users/runner/work/orbit/orbit/.recap-entries-probe/.dd-mac/Build/Intermediates.noindex/cmark-gfm.build/Debug/cmark-gfm-extensions.build/Objects-normal/arm64/7187679823f38a2a940e0043cdf9d637-common-args.resp
    
    /Applications/Xcode_26.6.app/Contents/Developer/Toolchains/XcodeDefault.xctoolchain/usr/bin/clang -x c -ivfsstatcache /Users/runner/work/orbit/orbit/.recap-entries-probe/.dd-mac/SDKStatCaches.noindex/macosx26.5-25F70-688ef53f1462e2c8f657fdc38a81448fee0e6409aa6676c5e6c013d148225433.sdkstatcache -target arm64-apple-macos10.13 -fmessage-length\=0 -fdiagnostics-show-note-include-stack -fmacro-backtrace-limit\=0 -fno-color-diagnostics -fmodules-prune-interval\=86400 -fmodules-prune-after\=345600 -fbuild-session-file\=/Users/runner/work/orbit/orbit/.recap-entries-probe/.dd-mac/ModuleCache.noindex/Session.modulevalidation -fmodules-validate-once-per-build-session -Wnon-modular-include-in-framework-module -Werror\=non-modular-include-in-framework-module -Wno-trigraphs -Wno-missing-field-initializers -Wno-missing-prototypes -Wno-return-type -Wno-missing-braces -Wparentheses -Wswitch -Wno-unused-function -Wno-unused-label -Wno-unused-parameter -Wno-unused-variable -Wunused-value -Wno-empty-body -Wno-uninitialized -Wno-unknown-pragmas -w -Wno-shadow -Wno-four-char-constants -Wno-conversion -Wno-constant-conversion -Wno-int-conversion -Wno-bool-conversion -Wno-enum-conversion -Wno-float-conversion -Wno-non-literal-null-conversion -Wno-objc-literal-conversion -Wshorten-64-to-32 -Wpointer-sign -Wno-newline-eof -Wno-implicit-fallthrough -isysroot /Applications/Xcode_26.6.app/Contents/Developer/Platforms/MacOSX.platform/Developer/SDKs/MacOSX26.5.sdk -fstrict-aliasing -Wdeprecated-declarations -Wno-sign-conversion -Wno-infinite-recursion -Wno-comma -Wno-block-capture-autoreleasing -Wno-strict-prototypes -Wno-semicolon-before-method-body -index-store-path /Users/runner/work/orbit/orbit/.recap-entries-probe/.dd-mac/Index.noindex/DataStore @/Users/runner/work/orbit/orbit/.recap-entries-probe/.dd-mac/Build/Intermediates.noindex/cmark-gfm.build/Debug/cmark-gfm-extensions.build/Objects-normal/arm64/7187679823f38a2a940e0043cdf9d637-common-args.resp -MMD -MT dependencies -MF /Users/runner/work/orbit/orbit/.recap-entries-probe/.dd-mac/Build/Intermediates.noindex/cmark-gfm.build/Debug/cmark-gfm-extensions.build/Objects-normal/arm64/tagfilter.d --serialize-diagnostics /Users/runner/work/orbit/orbit/.recap-entries-probe/.dd-mac/Build/Intermediates.noindex/cmark-gfm.build/Debug/cmark-gfm-extensions.build/Objects-normal/arm64/tagfilter.dia -c /Users/runner/work/orbit/orbit/.recap-entries-probe/.dd-mac/SourcePackages/checkouts/swift-cmark/extensions/tagfilter.c -o /Users/runner/work/orbit/orbit/.recap-entries-probe/.dd-mac/Build/Intermediates.noindex/cmark-gfm.build/Debug/cmark-gfm-extensions.build/Objects-normal/arm64/tagfilter.o -index-unit-output-path /cmark-gfm.build/Debug/cmark-gfm-extensions.build/Objects-normal/arm64/tagfilter.o

CompileC /Users/runner/work/orbit/orbit/.recap-entries-probe/.dd-mac/Build/Intermediates.noindex/cmark-gfm.build/Debug/cmark-gfm-extensions.build/Objects-normal/arm64/table.o /Users/runner/work/orbit/orbit/.recap-entries-probe/.dd-mac/SourcePackages/checkouts/swift-cmark/extensions/table.c normal arm64 c com.apple.compilers.llvm.clang.1_0.compiler (in target 'cmark-gfm-extensions' from project 'cmark-gfm')
    cd /Users/runner/work/orbit/orbit/.recap-entries-probe/RecapEntriesProbe.xcodeproj
    
    Using response file: /Users/runner/work/orbit/orbit/.recap-entries-probe/.dd-mac/Build/Intermediates.noindex/cmark-gfm.build/Debug/cmark-gfm-extensions.build/Objects-normal/arm64/7187679823f38a2a940e0043cdf9d637-common-args.resp
    
    /Applications/Xcode_26.6.app/Contents/Developer/Toolchains/XcodeDefault.xctoolchain/usr/bin/clang -x c -ivfsstatcache /Users/runner/work/orbit/orbit/.recap-entries-probe/.dd-mac/SDKStatCaches.noindex/macosx26.5-25F70-688ef53f1462e2c8f657fdc38a81448fee0e6409aa6676c5e6c013d148225433.sdkstatcache -target arm64-apple-macos10.13 -fmessage-length\=0 -fdiagnostics-show-note-include-stack -fmacro-backtrace-limit\=0 -fno-color-diagnostics -fmodules-prune-interval\=86400 -fmodules-prune-after\=345600 -fbuild-session-file\=/Users/runner/work/orbit/orbit/.recap-entries-probe/.dd-mac/ModuleCache.noindex/Session.modulevalidation -fmodules-validate-once-per-build-session -Wnon-modular-include-in-framework-module -Werror\=non-modular-include-in-framework-module -Wno-trigraphs -Wno-missing-field-initializers -Wno-missing-prototypes -Wno-return-type -Wno-missing-braces -Wparentheses -Wswitch -Wno-unused-function -Wno-unused-label -Wno-unused-parameter -Wno-unused-variable -Wunused-value -Wno-empty-body -Wno-uninitialized -Wno-unknown-pragmas -w -Wno-shadow -Wno-four-char-constants -Wno-conversion -Wno-constant-conversion -Wno-int-conversion -Wno-bool-conversion -Wno-enum-conversion -Wno-float-conversion -Wno-non-literal-null-conversion -Wno-objc-literal-conversion -Wshorten-64-to-32 -Wpointer-sign -Wno-newline-eof -Wno-implicit-fallthrough -isysroot /Applications/Xcode_26.6.app/Contents/Developer/Platforms/MacOSX.platform/Developer/SDKs/MacOSX26.5.sdk -fstrict-aliasing -Wdeprecated-declarations -Wno-sign-conversion -Wno-infinite-recursion -Wno-comma -Wno-block-capture-autoreleasing -Wno-strict-prototypes -Wno-semicolon-before-method-body -index-store-path /Users/runner/work/orbit/orbit/.recap-entries-probe/.dd-mac/Index.noindex/DataStore @/Users/runner/work/orbit/orbit/.recap-entries-probe/.dd-mac/Build/Intermediates.noindex/cmark-gfm.build/Debug/cmark-gfm-extensions.build/Objects-normal/arm64/7187679823f38a2a940e0043cdf9d637-common-args.resp -MMD -MT dependencies -MF /Users/runner/work/orbit/orbit/.recap-entries-probe/.dd-mac/Build/Intermediates.noindex/cmark-gfm.build/Debug/cmark-gfm-extensions.build/Objects-normal/arm64/table.d --serialize-diagnostics /Users/runner/work/orbit/orbit/.recap-entries-probe/.dd-mac/Build/Intermediates.noindex/cmark-gfm.build/Debug/cmark-gfm-extensions.build/Objects-normal/arm64/table.dia -c /Users/runner/work/orbit/orbit/.recap-entries-probe/.dd-mac/SourcePackages/checkouts/swift-cmark/extensions/table.c -o /Users/runner/work/orbit/orbit/.recap-entries-probe/.dd-mac/Build/Intermediates.noindex/cmark-gfm.build/Debug/cmark-gfm-extensions.build/Objects-normal/arm64/table.o -index-unit-output-path /cmark-gfm.build/Debug/cmark-gfm-extensions.build/Objects-normal/arm64/table.o

CompileC /Users/runner/work/orbit/orbit/.recap-entries-probe/.dd-mac/Build/Intermediates.noindex/cmark-gfm.build/Debug/cmark-gfm-extensions.build/Objects-normal/arm64/strikethrough.o /Users/runner/work/orbit/orbit/.recap-entries-probe/.dd-mac/SourcePackages/checkouts/swift-cmark/extensions/strikethrough.c normal arm64 c com.apple.compilers.llvm.clang.1_0.compiler (in target 'cmark-gfm-extensions' from project 'cmark-gfm')
    cd /Users/runner/work/orbit/orbit/.recap-entries-probe/RecapEntriesProbe.xcodeproj
    
    Using response file: /Users/runner/work/orbit/orbit/.recap-entries-probe/.dd-mac/Build/Intermediates.noindex/cmark-gfm.build/Debug/cmark-gfm-extensions.build/Objects-normal/arm64/7187679823f38a2a940e0043cdf9d637-common-args.resp
    
    /Applications/Xcode_26.6.app/Contents/Developer/Toolchains/XcodeDefault.xctoolchain/usr/bin/clang -x c -ivfsstatcache /Users/runner/work/orbit/orbit/.recap-entries-probe/.dd-mac/SDKStatCaches.noindex/macosx26.5-25F70-688ef53f1462e2c8f657fdc38a81448fee0e6409aa6676c5e6c013d148225433.sdkstatcache -target arm64-apple-macos10.13 -fmessage-length\=0 -fdiagnostics-show-note-include-stack -fmacro-backtrace-limit\=0 -fno-color-diagnostics -fmodules-prune-interval\=86400 -fmodules-prune-after\=345600 -fbuild-session-file\=/Users/runner/work/orbit/orbit/.recap-entries-probe/.dd-mac/ModuleCache.noindex/Session.modulevalidation -fmodules-validate-once-per-build-session -Wnon-modular-include-in-framework-module -Werror\=non-modular-include-in-framework-module -Wno-trigraphs -Wno-missing-field-initializers -Wno-missing-prototypes -Wno-return-type -Wno-missing-braces -Wparentheses -Wswitch -Wno-unused-function -Wno-unused-label -Wno-unused-parameter -Wno-unused-variable -Wunused-value -Wno-empty-body -Wno-uninitialized -Wno-unknown-pragmas -w -Wno-shadow -Wno-four-char-constants -Wno-conversion -Wno-constant-conversion -Wno-int-conversion -Wno-bool-conversion -Wno-enum-conversion -Wno-float-conversion -Wno-non-literal-null-conversion -Wno-objc-literal-conversion -Wshorten-64-to-32 -Wpointer-sign -Wno-newline-eof -Wno-implicit-fallthrough -isysroot /Applications/Xcode_26.6.app/Contents/Developer/Platforms/MacOSX.platform/Developer/SDKs/MacOSX26.5.sdk -fstrict-aliasing -Wdeprecated-declarations -Wno-sign-conversion -Wno-infinite-recursion -Wno-comma -Wno-block-capture-autoreleasing -Wno-strict-prototypes -Wno-semicolon-before-method-body -index-store-path /Users/runner/work/orbit/orbit/.recap-entries-probe/.dd-mac/Index.noindex/DataStore @/Users/runner/work/orbit/orbit/.recap-entries-probe/.dd-mac/Build/Intermediates.noindex/cmark-gfm.build/Debug/cmark-gfm-extensions.build/Objects-normal/arm64/7187679823f38a2a940e0043cdf9d637-common-args.resp -MMD -MT dependencies -MF /Users/runner/work/orbit/orbit/.recap-entries-probe/.dd-mac/Build/Intermediates.noindex/cmark-gfm.build/Debug/cmark-gfm-extensions.build/Objects-normal/arm64/strikethrough.d --serialize-diagnostics /Users/runner/work/orbit/orbit/.recap-entries-probe/.dd-mac/Build/Intermediates.noindex/cmark-gfm.build/Debug/cmark-gfm-extensions.build/Objects-normal/arm64/strikethrough.dia -c /Users/runner/work/orbit/orbit/.recap-entries-probe/.dd-mac/SourcePackages/checkouts/swift-cmark/extensions/strikethrough.c -o /Users/runner/work/orbit/orbit/.recap-entries-probe/.dd-mac/Build/Intermediates.noindex/cmark-gfm.build/Debug/cmark-gfm-extensions.build/Objects-normal/arm64/strikethrough.o -index-unit-output-path /cmark-gfm.build/Debug/cmark-gfm-extensions.build/Objects-normal/arm64/strikethrough.o

CompileC /Users/runner/work/orbit/orbit/.recap-entries-probe/.dd-mac/Build/Intermediates.noindex/cmark-gfm.build/Debug/cmark-gfm-extensions.build/Objects-normal/arm64/ext_scanners.o /Users/runner/work/orbit/orbit/.recap-entries-probe/.dd-mac/SourcePackages/checkouts/swift-cmark/extensions/ext_scanners.c normal arm64 c com.apple.compilers.llvm.clang.1_0.compiler (in target 'cmark-gfm-extensions' from project 'cmark-gfm')
    cd /Users/runner/work/orbit/orbit/.recap-entries-probe/RecapEntriesProbe.xcodeproj
    
    Using response file: /Users/runner/work/orbit/orbit/.recap-entries-probe/.dd-mac/Build/Intermediates.noindex/cmark-gfm.build/Debug/cmark-gfm-extensions.build/Objects-normal/arm64/7187679823f38a2a940e0043cdf9d637-common-args.resp
    
    /Applications/Xcode_26.6.app/Contents/Developer/Toolchains/XcodeDefault.xctoolchain/usr/bin/clang -x c -ivfsstatcache /Users/runner/work/orbit/orbit/.recap-entries-probe/.dd-mac/SDKStatCaches.noindex/macosx26.5-25F70-688ef53f1462e2c8f657fdc38a81448fee0e6409aa6676c5e6c013d148225433.sdkstatcache -target arm64-apple-macos10.13 -fmessage-length\=0 -fdiagnostics-show-note-include-stack -fmacro-backtrace-limit\=0 -fno-color-diagnostics -fmodules-prune-interval\=86400 -fmodules-prune-after\=345600 -fbuild-session-file\=/Users/runner/work/orbit/orbit/.recap-entries-probe/.dd-mac/ModuleCache.noindex/Session.modulevalidation -fmodules-validate-once-per-build-session -Wnon-modular-include-in-framework-module -Werror\=non-modular-include-in-framework-module -Wno-trigraphs -Wno-missing-field-initializers -Wno-missing-prototypes -Wno-return-type -Wno-missing-braces -Wparentheses -Wswitch -Wno-unused-function -Wno-unused-label -Wno-unused-parameter -Wno-unused-variable -Wunused-value -Wno-empty-body -Wno-uninitialized -Wno-unknown-pragmas -w -Wno-shadow -Wno-four-char-constants -Wno-conversion -Wno-constant-conversion -Wno-int-conversion -Wno-bool-conversion -Wno-enum-conversion -Wno-float-conversion -Wno-non-literal-null-conversion -Wno-objc-literal-conversion -Wshorten-64-to-32 -Wpointer-sign -Wno-newline-eof -Wno-implicit-fallthrough -isysroot /Applications/Xcode_26.6.app/Contents/Developer/Platforms/MacOSX.platform/Developer/SDKs/MacOSX26.5.sdk -fstrict-aliasing -Wdeprecated-declarations -Wno-sign-conversion -Wno-infinite-recursion -Wno-comma -Wno-block-capture-autoreleasing -Wno-strict-prototypes -Wno-semicolon-before-method-body -index-store-path /Users/runner/work/orbit/orbit/.recap-entries-probe/.dd-mac/Index.noindex/DataStore @/Users/runner/work/orbit/orbit/.recap-entries-probe/.dd-mac/Build/Intermediates.noindex/cmark-gfm.build/Debug/cmark-gfm-extensions.build/Objects-normal/arm64/7187679823f38a2a940e0043cdf9d637-common-args.resp -MMD -MT dependencies -MF /Users/runner/work/orbit/orbit/.recap-entries-probe/.dd-mac/Build/Intermediates.noindex/cmark-gfm.build/Debug/cmark-gfm-extensions.build/Objects-normal/arm64/ext_scanners.d --serialize-diagnostics /Users/runner/work/orbit/orbit/.recap-entries-probe/.dd-mac/Build/Intermediates.noindex/cmark-gfm.build/Debug/cmark-gfm-extensions.build/Objects-normal/arm64/ext_scanners.dia -c /Users/runner/work/orbit/orbit/.recap-entries-probe/.dd-mac/SourcePackages/checkouts/swift-cmark/extensions/ext_scanners.c -o /Users/runner/work/orbit/orbit/.recap-entries-probe/.dd-mac/Build/Intermediates.noindex/cmark-gfm.build/Debug/cmark-gfm-extensions.build/Objects-normal/arm64/ext_scanners.o -index-unit-output-path /cmark-gfm.build/Debug/cmark-gfm-extensions.build/Objects-normal/arm64/ext_scanners.o

CompileC /Users/runner/work/orbit/orbit/.recap-entries-probe/.dd-mac/Build/Intermediates.noindex/cmark-gfm.build/Debug/cmark-gfm-extensions.build/Objects-normal/arm64/core-extensions.o /Users/runner/work/orbit/orbit/.recap-entries-probe/.dd-mac/SourcePackages/checkouts/swift-cmark/extensions/core-extensions.c normal arm64 c com.apple.compilers.llvm.clang.1_0.compiler (in target 'cmark-gfm-extensions' from project 'cmark-gfm')
    cd /Users/runner/work/orbit/orbit/.recap-entries-probe/RecapEntriesProbe.xcodeproj
    
    Using response file: /Users/runner/work/orbit/orbit/.recap-entries-probe/.dd-mac/Build/Intermediates.noindex/cmark-gfm.build/Debug/cmark-gfm-extensions.build/Objects-normal/arm64/7187679823f38a2a940e0043cdf9d637-common-args.resp
    
    /Applications/Xcode_26.6.app/Contents/Developer/Toolchains/XcodeDefault.xctoolchain/usr/bin/clang -x c -ivfsstatcache /Users/runner/work/orbit/orbit/.recap-entries-probe/.dd-mac/SDKStatCaches.noindex/macosx26.5-25F70-688ef53f1462e2c8f657fdc38a81448fee0e6409aa6676c5e6c013d148225433.sdkstatcache -target arm64-apple-macos10.13 -fmessage-length\=0 -fdiagnostics-show-note-include-stack -fmacro-backtrace-limit\=0 -fno-color-diagnostics -fmodules-prune-interval\=86400 -fmodules-prune-after\=345600 -fbuild-session-file\=/Users/runner/work/orbit/orbit/.recap-entries-probe/.dd-mac/ModuleCache.noindex/Session.modulevalidation -fmodules-validate-once-per-build-session -Wnon-modular-include-in-framework-module -Werror\=non-modular-include-in-framework-module -Wno-trigraphs -Wno-missing-field-initializers -Wno-missing-prototypes -Wno-return-type -Wno-missing-braces -Wparentheses -Wswitch -Wno-unused-function -Wno-unused-label -Wno-unused-parameter -Wno-unused-variable -Wunused-value -Wno-empty-body -Wno-uninitialized -Wno-unknown-pragmas -w -Wno-shadow -Wno-four-char-constants -Wno-conversion -Wno-constant-conversion -Wno-int-conversion -Wno-bool-conversion -Wno-enum-conversion -Wno-float-conversion -Wno-non-literal-null-conversion -Wno-objc-literal-conversion -Wshorten-64-to-32 -Wpointer-sign -Wno-newline-eof -Wno-implicit-fallthrough -isysroot /Applications/Xcode_26.6.app/Contents/Developer/Platforms/MacOSX.platform/Developer/SDKs/MacOSX26.5.sdk -fstrict-aliasing -Wdeprecated-declarations -Wno-sign-conversion -Wno-infinite-recursion -Wno-comma -Wno-block-capture-autoreleasing -Wno-strict-prototypes -Wno-semicolon-before-method-body -index-store-path /Users/runner/work/orbit/orbit/.recap-entries-probe/.dd-mac/Index.noindex/DataStore @/Users/runner/work/orbit/orbit/.recap-entries-probe/.dd-mac/Build/Intermediates.noindex/cmark-gfm.build/Debug/cmark-gfm-extensions.build/Objects-normal/arm64/7187679823f38a2a940e0043cdf9d637-common-args.resp -MMD -MT dependencies -MF /Users/runner/work/orbit/orbit/.recap-entries-probe/.dd-mac/Build/Intermediates.noindex/cmark-gfm.build/Debug/cmark-gfm-extensions.build/Objects-normal/arm64/core-extensions.d --serialize-diagnostics /Users/runner/work/orbit/orbit/.recap-entries-probe/.dd-mac/Build/Intermediates.noindex/cmark-gfm.build/Debug/cmark-gfm-extensions.build/Objects-normal/arm64/core-extensions.dia -c /Users/runner/work/orbit/orbit/.recap-entries-probe/.dd-mac/SourcePackages/checkouts/swift-cmark/extensions/core-extensions.c -o /Users/runner/work/orbit/orbit/.recap-entries-probe/.dd-mac/Build/Intermediates.noindex/cmark-gfm.build/Debug/cmark-gfm-extensions.build/Objects-normal/arm64/core-extensions.o -index-unit-output-path /cmark-gfm.build/Debug/cmark-gfm-extensions.build/Objects-normal/arm64/core-extensions.o

CompileC /Users/runner/work/orbit/orbit/.recap-entries-probe/.dd-mac/Build/Intermediates.noindex/cmark-gfm.build/Debug/cmark-gfm.build/Objects-normal/arm64/node.o /Users/runner/work/orbit/orbit/.recap-entries-probe/.dd-mac/SourcePackages/checkouts/swift-cmark/src/node.c normal arm64 c com.apple.compilers.llvm.clang.1_0.compiler (in target 'cmark-gfm' from project 'cmark-gfm')
    cd /Users/runner/work/orbit/orbit/.recap-entries-probe/RecapEntriesProbe.xcodeproj
    
    Using response file: /Users/runner/work/orbit/orbit/.recap-entries-probe/.dd-mac/Build/Intermediates.noindex/cmark-gfm.build/Debug/cmark-gfm.build/Objects-normal/arm64/7187679823f38a2a940e0043cdf9d637-common-args.resp
    
    /Applications/Xcode_26.6.app/Contents/Developer/Toolchains/XcodeDefault.xctoolchain/usr/bin/clang -x c -ivfsstatcache /Users/runner/work/orbit/orbit/.recap-entries-probe/.dd-mac/SDKStatCaches.noindex/macosx26.5-25F70-688ef53f1462e2c8f657fdc38a81448fee0e6409aa6676c5e6c013d148225433.sdkstatcache -target arm64-apple-macos10.13 -fmessage-length\=0 -fdiagnostics-show-note-include-stack -fmacro-backtrace-limit\=0 -fno-color-diagnostics -fmodules-prune-interval\=86400 -fmodules-prune-after\=345600 -fbuild-session-file\=/Users/runner/work/orbit/orbit/.recap-entries-probe/.dd-mac/ModuleCache.noindex/Session.modulevalidation -fmodules-validate-once-per-build-session -Wnon-modular-include-in-framework-module -Werror\=non-modular-include-in-framework-module -Wno-trigraphs -Wno-missing-field-initializers -Wno-missing-prototypes -Wno-return-type -Wno-missing-braces -Wparentheses -Wswitch -Wno-unused-function -Wno-unused-label -Wno-unused-parameter -Wno-unused-variable -Wunused-value -Wno-empty-body -Wno-uninitialized -Wno-unknown-pragmas -w -Wno-shadow -Wno-four-char-constants -Wno-conversion -Wno-constant-conversion -Wno-int-conversion -Wno-bool-conversion -Wno-enum-conversion -Wno-float-conversion -Wno-non-literal-null-conversion -Wno-objc-literal-conversion -Wshorten-64-to-32 -Wpointer-sign -Wno-newline-eof -Wno-implicit-fallthrough -isysroot /Applications/Xcode_26.6.app/Contents/Developer/Platforms/MacOSX.platform/Developer/SDKs/MacOSX26.5.sdk -fstrict-aliasing -Wdeprecated-declarations -Wno-sign-conversion -Wno-infinite-recursion -Wno-comma -Wno-block-capture-autoreleasing -Wno-strict-prototypes -Wno-semicolon-before-method-body -index-store-path /Users/runner/work/orbit/orbit/.recap-entries-probe/.dd-mac/Index.noindex/DataStore @/Users/runner/work/orbit/orbit/.recap-entries-probe/.dd-mac/Build/Intermediates.noindex/cmark-gfm.build/Debug/cmark-gfm.build/Objects-normal/arm64/7187679823f38a2a940e0043cdf9d637-common-args.resp -MMD -MT dependencies -MF /Users/runner/work/orbit/orbit/.recap-entries-probe/.dd-mac/Build/Intermediates.noindex/cmark-gfm.build/Debug/cmark-gfm.build/Objects-normal/arm64/node.d --serialize-diagnostics /Users/runner/work/orbit/orbit/.recap-entries-probe/.dd-mac/Build/Intermediates.noindex/cmark-gfm.build/Debug/cmark-gfm.build/Objects-normal/arm64/node.dia -c /Users/runner/work/orbit/orbit/.recap-entries-probe/.dd-mac/SourcePackages/checkouts/swift-cmark/src/node.c -o /Users/runner/work/orbit/orbit/.recap-entries-probe/.dd-mac/Build/Intermediates.noindex/cmark-gfm.build/Debug/cmark-gfm.build/Objects-normal/arm64/node.o -index-unit-output-path /cmark-gfm.build/Debug/cmark-gfm.build/Objects-normal/arm64/node.o

PrecompileModule /Users/runner/work/orbit/orbit/.recap-entries-probe/.dd-mac/Build/Intermediates.noindex/ExplicitPrecompiledModules/Darwin-EVA9DNET0L3RZHNXT2VB9YVVK.scan
    cd /
    builtin-precompileModule /Users/runner/work/orbit/orbit/.recap-entries-probe/.dd-mac/Build/Intermediates.noindex/ExplicitPrecompiledModules/Darwin-EVA9DNET0L3RZHNXT2VB9YVVK.scan

ScanDependencies /Users/runner/work/orbit/orbit/.recap-entries-probe/.dd-mac/Build/Intermediates.noindex/cmark-gfm.build/Debug/cmark-gfm.build/Objects-normal/arm64/map.o /Users/runner/work/orbit/orbit/.recap-entries-probe/.dd-mac/SourcePackages/checkouts/swift-cmark/src/map.c normal arm64 c com.apple.compilers.llvm.clang.1_0.compiler (in target 'cmark-gfm' from project 'cmark-gfm')
    cd /Users/runner/work/orbit/orbit/.recap-entries-probe/RecapEntriesProbe.xcodeproj
    
    Using response file: /Users/runner/work/orbit/orbit/.recap-entries-probe/.dd-mac/Build/Intermediates.noindex/cmark-gfm.build/Debug/cmark-gfm.build/Objects-normal/arm64/7187679823f38a2a940e0043cdf9d637-common-args.resp
    
    builtin-ScanDependencies -o /Users/runner/work/orbit/orbit/.recap-entries-probe/.dd-mac/Build/Intermediates.noindex/cmark-gfm.build/Debug/cmark-gfm.build/Objects-normal/arm64/map.o.scan -- /Applications/Xcode_26.6.app/Contents/Developer/Toolchains/XcodeDefault.xctoolchain/usr/bin/clang -x c -ivfsstatcache /Users/runner/work/orbit/orbit/.recap-entries-probe/.dd-mac/SDKStatCaches.noindex/macosx26.5-25F70-688ef53f1462e2c8f657fdc38a81448fee0e6409aa6676c5e6c013d148225433.sdkstatcache -target arm64-apple-macos10.13 -fmessage-length\=0 -fdiagnostics-show-note-include-stack -fmacro-backtrace-limit\=0 -fno-color-diagnostics -fmodules-prune-interval\=86400 -fmodules-prune-after\=345600 -fbuild-session-file\=/Users/runner/work/orbit/orbit/.recap-entries-probe/.dd-mac/ModuleCache.noindex/Session.modulevalidation -fmodules-validate-once-per-build-session -Wnon-modular-include-in-framework-module -Werror\=non-modular-include-in-framework-module -Wno-trigraphs -Wno-missing-field-initializers -Wno-missing-prototypes -Wno-return-type -Wno-missing-braces -Wparentheses -Wswitch -Wno-unused-function -Wno-unused-label -Wno-unused-parameter -Wno-unused-variable -Wunused-value -Wno-empty-body -Wno-uninitialized -Wno-unknown-pragmas -w -Wno-shadow -Wno-four-char-constants -Wno-conversion -Wno-constant-conversion -Wno-int-conversion -Wno-bool-conversion -Wno-enum-conversion -Wno-float-conversion -Wno-non-literal-null-conversion -Wno-objc-literal-conversion -Wshorten-64-to-32 -Wpointer-sign -Wno-newline-eof -Wno-implicit-fallthrough -isysroot /Applications/Xcode_26.6.app/Contents/Developer/Platforms/MacOSX.platform/Developer/SDKs/MacOSX26.5.sdk -fstrict-aliasing -Wdeprecated-declarations -Wno-sign-conversion -Wno-infinite-recursion -Wno-comma -Wno-block-capture-autoreleasing -Wno-strict-prototypes -Wno-semicolon-before-method-body -index-store-path /Users/runner/work/orbit/orbit/.recap-entries-probe/.dd-mac/Index.noindex/DataStore @/Users/runner/work/orbit/orbit/.recap-entries-probe/.dd-mac/Build/Intermediates.noindex/cmark-gfm.build/Debug/cmark-gfm.build/Objects-normal/arm64/7187679823f38a2a940e0043cdf9d637-common-args.resp -MMD -MT dependencies -MF /Users/runner/work/orbit/orbit/.recap-entries-probe/.dd-mac/Build/Intermediates.noindex/cmark-gfm.build/Debug/cmark-gfm.build/Objects-normal/arm64/map.d --serialize-diagnostics /Users/runner/work/orbit/orbit/.recap-entries-probe/.dd-mac/Build/Intermediates.noindex/cmark-gfm.build/Debug/cmark-gfm.build/Objects-normal/arm64/map.dia -c /Users/runner/work/orbit/orbit/.recap-entries-probe/.dd-mac/SourcePackages/checkouts/swift-cmark/src/map.c -o /Users/runner/work/orbit/orbit/.recap-entries-probe/.dd-mac/Build/Intermediates.noindex/cmark-gfm.build/Debug/cmark-gfm.build/Objects-normal/arm64/map.o -index-unit-output-path /cmark-gfm.build/Debug/cmark-gfm.build/Objects-normal/arm64/map.o

ScanDependencies /Users/runner/work/orbit/orbit/.recap-entries-probe/.dd-mac/Build/Intermediates.noindex/cmark-gfm.build/Debug/cmark-gfm.build/Objects-normal/arm64/man.o /Users/runner/work/orbit/orbit/.recap-entries-probe/.dd-mac/SourcePackages/checkouts/swift-cmark/src/man.c normal arm64 c com.apple.compilers.llvm.clang.1_0.compiler (in target 'cmark-gfm' from project 'cmark-gfm')
    cd /Users/runner/work/orbit/orbit/.recap-entries-probe/RecapEntriesProbe.xcodeproj
    
    Using response file: /Users/runner/work/orbit/orbit/.recap-entries-probe/.dd-mac/Build/Intermediates.noindex/cmark-gfm.build/Debug/cmark-gfm.build/Objects-normal/arm64/7187679823f38a2a940e0043cdf9d637-common-args.resp
    
    builtin-ScanDependencies -o /Users/runner/work/orbit/orbit/.recap-entries-probe/.dd-mac/Build/Intermediates.noindex/cmark-gfm.build/Debug/cmark-gfm.build/Objects-normal/arm64/man.o.scan -- /Applications/Xcode_26.6.app/Contents/Developer/Toolchains/XcodeDefault.xctoolchain/usr/bin/clang -x c -ivfsstatcache /Users/runner/work/orbit/orbit/.recap-entries-probe/.dd-mac/SDKStatCaches.noindex/macosx26.5-25F70-688ef53f1462e2c8f657fdc38a81448fee0e6409aa6676c5e6c013d148225433.sdkstatcache -target arm64-apple-macos10.13 -fmessage-length\=0 -fdiagnostics-show-note-include-stack -fmacro-backtrace-limit\=0 -fno-color-diagnostics -fmodules-prune-interval\=86400 -fmodules-prune-after\=345600 -fbuild-session-file\=/Users/runner/work/orbit/orbit/.recap-entries-probe/.dd-mac/ModuleCache.noindex/Session.modulevalidation -fmodules-validate-once-per-build-session -Wnon-modular-include-in-framework-module -Werror\=non-modular-include-in-framework-module -Wno-trigraphs -Wno-missing-field-initializers -Wno-missing-prototypes -Wno-return-type -Wno-missing-braces -Wparentheses -Wswitch -Wno-unused-function -Wno-unused-label -Wno-unused-parameter -Wno-unused-variable -Wunused-value -Wno-empty-body -Wno-uninitialized -Wno-unknown-pragmas -w -Wno-shadow -Wno-four-char-constants -Wno-conversion -Wno-constant-conversion -Wno-int-conversion -Wno-bool-conversion -Wno-enum-conversion -Wno-float-conversion -Wno-non-literal-null-conversion -Wno-objc-literal-conversion -Wshorten-64-to-32 -Wpointer-sign -Wno-newline-eof -Wno-implicit-fallthrough -isysroot /Applications/Xcode_26.6.app/Contents/Developer/Platforms/MacOSX.platform/Developer/SDKs/MacOSX26.5.sdk -fstrict-aliasing -Wdeprecated-declarations -Wno-sign-conversion -Wno-infinite-recursion -Wno-comma -Wno-block-capture-autoreleasing -Wno-strict-prototypes -Wno-semicolon-before-method-body -index-store-path /Users/runner/work/orbit/orbit/.recap-entries-probe/.dd-mac/Index.noindex/DataStore @/Users/runner/work/orbit/orbit/.recap-entries-probe/.dd-mac/Build/Intermediates.noindex/cmark-gfm.build/Debug/cmark-gfm.build/Objects-normal/arm64/7187679823f38a2a940e0043cdf9d637-common-args.resp -MMD -MT dependencies -MF /Users/runner/work/orbit/orbit/.recap-entries-probe/.dd-mac/Build/Intermediates.noindex/cmark-gfm.build/Debug/cmark-gfm.build/Objects-normal/arm64/man.d --serialize-diagnostics /Users/runner/work/orbit/orbit/.recap-entries-probe/.dd-mac/Build/Intermediates.noindex/cmark-gfm.build/Debug/cmark-gfm.build/Objects-normal/arm64/man.dia -c /Users/runner/work/orbit/orbit/.recap-entries-probe/.dd-mac/SourcePackages/checkouts/swift-cmark/src/man.c -o /Users/runner/work/orbit/orbit/.recap-entries-probe/.dd-mac/Build/Intermediates.noindex/cmark-gfm.build/Debug/cmark-gfm.build/Objects-normal/arm64/man.o -index-unit-output-path /cmark-gfm.build/Debug/cmark-gfm.build/Objects-normal/arm64/man.o

CompileC /Users/runner/work/orbit/orbit/.recap-entries-probe/.dd-mac/Build/Intermediates.noindex/cmark-gfm.build/Debug/cmark-gfm.build/Objects-normal/arm64/map.o /Users/runner/work/orbit/orbit/.recap-entries-probe/.dd-mac/SourcePackages/checkouts/swift-cmark/src/map.c normal arm64 c com.apple.compilers.llvm.clang.1_0.compiler (in target 'cmark-gfm' from project 'cmark-gfm')
    cd /Users/runner/work/orbit/orbit/.recap-entries-probe/RecapEntriesProbe.xcodeproj
    
    Using response file: /Users/runner/work/orbit/orbit/.recap-entries-probe/.dd-mac/Build/Intermediates.noindex/cmark-gfm.build/Debug/cmark-gfm.build/Objects-normal/arm64/7187679823f38a2a940e0043cdf9d637-common-args.resp
    
    /Applications/Xcode_26.6.app/Contents/Developer/Toolchains/XcodeDefault.xctoolchain/usr/bin/clang -x c -ivfsstatcache /Users/runner/work/orbit/orbit/.recap-entries-probe/.dd-mac/SDKStatCaches.noindex/macosx26.5-25F70-688ef53f1462e2c8f657fdc38a81448fee0e6409aa6676c5e6c013d148225433.sdkstatcache -target arm64-apple-macos10.13 -fmessage-length\=0 -fdiagnostics-show-note-include-stack -fmacro-backtrace-limit\=0 -fno-color-diagnostics -fmodules-prune-interval\=86400 -fmodules-prune-after\=345600 -fbuild-session-file\=/Users/runner/work/orbit/orbit/.recap-entries-probe/.dd-mac/ModuleCache.noindex/Session.modulevalidation -fmodules-validate-once-per-build-session -Wnon-modular-include-in-framework-module -Werror\=non-modular-include-in-framework-module -Wno-trigraphs -Wno-missing-field-initializers -Wno-missing-prototypes -Wno-return-type -Wno-missing-braces -Wparentheses -Wswitch -Wno-unused-function -Wno-unused-label -Wno-unused-parameter -Wno-unused-variable -Wunused-value -Wno-empty-body -Wno-uninitialized -Wno-unknown-pragmas -w -Wno-shadow -Wno-four-char-constants -Wno-conversion -Wno-constant-conversion -Wno-int-conversion -Wno-bool-conversion -Wno-enum-conversion -Wno-float-conversion -Wno-non-literal-null-conversion -Wno-objc-literal-conversion -Wshorten-64-to-32 -Wpointer-sign -Wno-newline-eof -Wno-implicit-fallthrough -isysroot /Applications/Xcode_26.6.app/Contents/Developer/Platforms/MacOSX.platform/Developer/SDKs/MacOSX26.5.sdk -fstrict-aliasing -Wdeprecated-declarations -Wno-sign-conversion -Wno-infinite-recursion -Wno-comma -Wno-block-capture-autoreleasing -Wno-strict-prototypes -Wno-semicolon-before-method-body -index-store-path /Users/runner/work/orbit/orbit/.recap-entries-probe/.dd-mac/Index.noindex/DataStore @/Users/runner/work/orbit/orbit/.recap-entries-probe/.dd-mac/Build/Intermediates.noindex/cmark-gfm.build/Debug/cmark-gfm.build/Objects-normal/arm64/7187679823f38a2a940e0043cdf9d637-common-args.resp -MMD -MT dependencies -MF /Users/runner/work/orbit/orbit/.recap-entries-probe/.dd-mac/Build/Intermediates.noindex/cmark-gfm.build/Debug/cmark-gfm.build/Objects-normal/arm64/map.d --serialize-diagnostics /Users/runner/work/orbit/orbit/.recap-entries-probe/.dd-mac/Build/Intermediates.noindex/cmark-gfm.build/Debug/cmark-gfm.build/Objects-normal/arm64/map.dia -c /Users/runner/work/orbit/orbit/.recap-entries-probe/.dd-mac/SourcePackages/checkouts/swift-cmark/src/map.c -o /Users/runner/work/orbit/orbit/.recap-entries-probe/.dd-mac/Build/Intermediates.noindex/cmark-gfm.build/Debug/cmark-gfm.build/Objects-normal/arm64/map.o -index-unit-output-path /cmark-gfm.build/Debug/cmark-gfm.build/Objects-normal/arm64/map.o

CompileC /Users/runner/work/orbit/orbit/.recap-entries-probe/.dd-mac/Build/Intermediates.noindex/cmark-gfm.build/Debug/cmark-gfm.build/Objects-normal/arm64/man.o /Users/runner/work/orbit/orbit/.recap-entries-probe/.dd-mac/SourcePackages/checkouts/swift-cmark/src/man.c normal arm64 c com.apple.compilers.llvm.clang.1_0.compiler (in target 'cmark-gfm' from project 'cmark-gfm')
    cd /Users/runner/work/orbit/orbit/.recap-entries-probe/RecapEntriesProbe.xcodeproj
    
    Using response file: /Users/runner/work/orbit/orbit/.recap-entries-probe/.dd-mac/Build/Intermediates.noindex/cmark-gfm.build/Debug/cmark-gfm.build/Objects-normal/arm64/7187679823f38a2a940e0043cdf9d637-common-args.resp
    
    /Applications/Xcode_26.6.app/Contents/Developer/Toolchains/XcodeDefault.xctoolchain/usr/bin/clang -x c -ivfsstatcache /Users/runner/work/orbit/orbit/.recap-entries-probe/.dd-mac/SDKStatCaches.noindex/macosx26.5-25F70-688ef53f1462e2c8f657fdc38a81448fee0e6409aa6676c5e6c013d148225433.sdkstatcache -target arm64-apple-macos10.13 -fmessage-length\=0 -fdiagnostics-show-note-include-stack -fmacro-backtrace-limit\=0 -fno-color-diagnostics -fmodules-prune-interval\=86400 -fmodules-prune-after\=345600 -fbuild-session-file\=/Users/runner/work/orbit/orbit/.recap-entries-probe/.dd-mac/ModuleCache.noindex/Session.modulevalidation -fmodules-validate-once-per-build-session -Wnon-modular-include-in-framework-module -Werror\=non-modular-include-in-framework-module -Wno-trigraphs -Wno-missing-field-initializers -Wno-missing-prototypes -Wno-return-type -Wno-missing-braces -Wparentheses -Wswitch -Wno-unused-function -Wno-unused-label -Wno-unused-parameter -Wno-unused-variable -Wunused-value -Wno-empty-body -Wno-uninitialized -Wno-unknown-pragmas -w -Wno-shadow -Wno-four-char-constants -Wno-conversion -Wno-constant-conversion -Wno-int-conversion -Wno-bool-conversion -Wno-enum-conversion -Wno-float-conversion -Wno-non-literal-null-conversion -Wno-objc-literal-conversion -Wshorten-64-to-32 -Wpointer-sign -Wno-newline-eof -Wno-implicit-fallthrough -isysroot /Applications/Xcode_26.6.app/Contents/Developer/Platforms/MacOSX.platform/Developer/SDKs/MacOSX26.5.sdk -fstrict-aliasing -Wdeprecated-declarations -Wno-sign-conversion -Wno-infinite-recursion -Wno-comma -Wno-block-capture-autoreleasing -Wno-strict-prototypes -Wno-semicolon-before-method-body -index-store-path /Users/runner/work/orbit/orbit/.recap-entries-probe/.dd-mac/Index.noindex/DataStore @/Users/runner/work/orbit/orbit/.recap-entries-probe/.dd-mac/Build/Intermediates.noindex/cmark-gfm.build/Debug/cmark-gfm.build/Objects-normal/arm64/7187679823f38a2a940e0043cdf9d637-common-args.resp -MMD -MT dependencies -MF /Users/runner/work/orbit/orbit/.recap-entries-probe/.dd-mac/Build/Intermediates.noindex/cmark-gfm.build/Debug/cmark-gfm.build/Objects-normal/arm64/man.d --serialize-diagnostics /Users/runner/work/orbit/orbit/.recap-entries-probe/.dd-mac/Build/Intermediates.noindex/cmark-gfm.build/Debug/cmark-gfm.build/Objects-normal/arm64/man.dia -c /Users/runner/work/orbit/orbit/.recap-entries-probe/.dd-mac/SourcePackages/checkouts/swift-cmark/src/man.c -o /Users/runner/work/orbit/orbit/.recap-entries-probe/.dd-mac/Build/Intermediates.noindex/cmark-gfm.build/Debug/cmark-gfm.build/Objects-normal/arm64/man.o -index-unit-output-path /cmark-gfm.build/Debug/cmark-gfm.build/Objects-normal/arm64/man.o

ScanDependencies /Users/runner/work/orbit/orbit/.recap-entries-probe/.dd-mac/Build/Intermediates.noindex/cmark-gfm.build/Debug/cmark-gfm.build/Objects-normal/arm64/linked_list.o /Users/runner/work/orbit/orbit/.recap-entries-probe/.dd-mac/SourcePackages/checkouts/swift-cmark/src/linked_list.c normal arm64 c com.apple.compilers.llvm.clang.1_0.compiler (in target 'cmark-gfm' from project 'cmark-gfm')
    cd /Users/runner/work/orbit/orbit/.recap-entries-probe/RecapEntriesProbe.xcodeproj
    
    Using response file: /Users/runner/work/orbit/orbit/.recap-entries-probe/.dd-mac/Build/Intermediates.noindex/cmark-gfm.build/Debug/cmark-gfm.build/Objects-normal/arm64/7187679823f38a2a940e0043cdf9d637-common-args.resp
    
    builtin-ScanDependencies -o /Users/runner/work/orbit/orbit/.recap-entries-probe/.dd-mac/Build/Intermediates.noindex/cmark-gfm.build/Debug/cmark-gfm.build/Objects-normal/arm64/linked_list.o.scan -- /Applications/Xcode_26.6.app/Contents/Developer/Toolchains/XcodeDefault.xctoolchain/usr/bin/clang -x c -ivfsstatcache /Users/runner/work/orbit/orbit/.recap-entries-probe/.dd-mac/SDKStatCaches.noindex/macosx26.5-25F70-688ef53f1462e2c8f657fdc38a81448fee0e6409aa6676c5e6c013d148225433.sdkstatcache -target arm64-apple-macos10.13 -fmessage-length\=0 -fdiagnostics-show-note-include-stack -fmacro-backtrace-limit\=0 -fno-color-diagnostics -fmodules-prune-interval\=86400 -fmodules-prune-after\=345600 -fbuild-session-file\=/Users/runner/work/orbit/orbit/.recap-entries-probe/.dd-mac/ModuleCache.noindex/Session.modulevalidation -fmodules-validate-once-per-build-session -Wnon-modular-include-in-framework-module -Werror\=non-modular-include-in-framework-module -Wno-trigraphs -Wno-missing-field-initializers -Wno-missing-prototypes -Wno-return-type -Wno-missing-braces -Wparentheses -Wswitch -Wno-unused-function -Wno-unused-label -Wno-unused-parameter -Wno-unused-variable -Wunused-value -Wno-empty-body -Wno-uninitialized -Wno-unknown-pragmas -w -Wno-shadow -Wno-four-char-constants -Wno-conversion -Wno-constant-conversion -Wno-int-conversion -Wno-bool-conversion -Wno-enum-conversion -Wno-float-conversion -Wno-non-literal-null-conversion -Wno-objc-literal-conversion -Wshorten-64-to-32 -Wpointer-sign -Wno-newline-eof -Wno-implicit-fallthrough -isysroot /Applications/Xcode_26.6.app/Contents/Developer/Platforms/MacOSX.platform/Developer/SDKs/MacOSX26.5.sdk -fstrict-aliasing -Wdeprecated-declarations -Wno-sign-conversion -Wno-infinite-recursion -Wno-comma -Wno-block-capture-autoreleasing -Wno-strict-prototypes -Wno-semicolon-before-method-body -index-store-path /Users/runner/work/orbit/orbit/.recap-entries-probe/.dd-mac/Index.noindex/DataStore @/Users/runner/work/orbit/orbit/.recap-entries-probe/.dd-mac/Build/Intermediates.noindex/cmark-gfm.build/Debug/cmark-gfm.build/Objects-normal/arm64/7187679823f38a2a940e0043cdf9d637-common-args.resp -MMD -MT dependencies -MF /Users/runner/work/orbit/orbit/.recap-entries-probe/.dd-mac/Build/Intermediates.noindex/cmark-gfm.build/Debug/cmark-gfm.build/Objects-normal/arm64/linked_list.d --serialize-diagnostics /Users/runner/work/orbit/orbit/.recap-entries-probe/.dd-mac/Build/Intermediates.noindex/cmark-gfm.build/Debug/cmark-gfm.build/Objects-normal/arm64/linked_list.dia -c /Users/runner/work/orbit/orbit/.recap-entries-probe/.dd-mac/SourcePackages/checkouts/swift-cmark/src/linked_list.c -o /Users/runner/work/orbit/orbit/.recap-entries-probe/.dd-mac/Build/Intermediates.noindex/cmark-gfm.build/Debug/cmark-gfm.build/Objects-normal/arm64/linked_list.o -index-unit-output-path /cmark-gfm.build/Debug/cmark-gfm.build/Objects-normal/arm64/linked_list.o

ScanDependencies /Users/runner/work/orbit/orbit/.recap-entries-probe/.dd-mac/Build/Intermediates.noindex/cmark-gfm.build/Debug/cmark-gfm.build/Objects-normal/arm64/latex.o /Users/runner/work/orbit/orbit/.recap-entries-probe/.dd-mac/SourcePackages/checkouts/swift-cmark/src/latex.c normal arm64 c com.apple.compilers.llvm.clang.1_0.compiler (in target 'cmark-gfm' from project 'cmark-gfm')
    cd /Users/runner/work/orbit/orbit/.recap-entries-probe/RecapEntriesProbe.xcodeproj
    
    Using response file: /Users/runner/work/orbit/orbit/.recap-entries-probe/.dd-mac/Build/Intermediates.noindex/cmark-gfm.build/Debug/cmark-gfm.build/Objects-normal/arm64/7187679823f38a2a940e0043cdf9d637-common-args.resp
    
    builtin-ScanDependencies -o /Users/runner/work/orbit/orbit/.recap-entries-probe/.dd-mac/Build/Intermediates.noindex/cmark-gfm.build/Debug/cmark-gfm.build/Objects-normal/arm64/latex.o.scan -- /Applications/Xcode_26.6.app/Contents/Developer/Toolchains/XcodeDefault.xctoolchain/usr/bin/clang -x c -ivfsstatcache /Users/runner/work/orbit/orbit/.recap-entries-probe/.dd-mac/SDKStatCaches.noindex/macosx26.5-25F70-688ef53f1462e2c8f657fdc38a81448fee0e6409aa6676c5e6c013d148225433.sdkstatcache -target arm64-apple-macos10.13 -fmessage-length\=0 -fdiagnostics-show-note-include-stack -fmacro-backtrace-limit\=0 -fno-color-diagnostics -fmodules-prune-interval\=86400 -fmodules-prune-after\=345600 -fbuild-session-file\=/Users/runner/work/orbit/orbit/.recap-entries-probe/.dd-mac/ModuleCache.noindex/Session.modulevalidation -fmodules-validate-once-per-build-session -Wnon-modular-include-in-framework-module -Werror\=non-modular-include-in-framework-module -Wno-trigraphs -Wno-missing-field-initializers -Wno-missing-prototypes -Wno-return-type -Wno-missing-braces -Wparentheses -Wswitch -Wno-unused-function -Wno-unused-label -Wno-unused-parameter -Wno-unused-variable -Wunused-value -Wno-empty-body -Wno-uninitialized -Wno-unknown-pragmas -w -Wno-shadow -Wno-four-char-constants -Wno-conversion -Wno-constant-conversion -Wno-int-conversion -Wno-bool-conversion -Wno-enum-conversion -Wno-float-conversion -Wno-non-literal-null-conversion -Wno-objc-literal-conversion -Wshorten-64-to-32 -Wpointer-sign -Wno-newline-eof -Wno-implicit-fallthrough -isysroot /Applications/Xcode_26.6.app/Contents/Developer/Platforms/MacOSX.platform/Developer/SDKs/MacOSX26.5.sdk -fstrict-aliasing -Wdeprecated-declarations -Wno-sign-conversion -Wno-infinite-recursion -Wno-comma -Wno-block-capture-autoreleasing -Wno-strict-prototypes -Wno-semicolon-before-method-body -index-store-path /Users/runner/work/orbit/orbit/.recap-entries-probe/.dd-mac/Index.noindex/DataStore @/Users/runner/work/orbit/orbit/.recap-entries-probe/.dd-mac/Build/Intermediates.noindex/cmark-gfm.build/Debug/cmark-gfm.build/Objects-normal/arm64/7187679823f38a2a940e0043cdf9d637-common-args.resp -MMD -MT dependencies -MF /Users/runner/work/orbit/orbit/.recap-entries-probe/.dd-mac/Build/Intermediates.noindex/cmark-gfm.build/Debug/cmark-gfm.build/Objects-normal/arm64/latex.d --serialize-diagnostics /Users/runner/work/orbit/orbit/.recap-entries-probe/.dd-mac/Build/Intermediates.noindex/cmark-gfm.build/Debug/cmark-gfm.build/Objects-normal/arm64/latex.dia -c /Users/runner/work/orbit/orbit/.recap-entries-probe/.dd-mac/SourcePackages/checkouts/swift-cmark/src/latex.c -o /Users/runner/work/orbit/orbit/.recap-entries-probe/.dd-mac/Build/Intermediates.noindex/cmark-gfm.build/Debug/cmark-gfm.build/Objects-normal/arm64/latex.o -index-unit-output-path /cmark-gfm.build/Debug/cmark-gfm.build/Objects-normal/arm64/latex.o

CompileC /Users/runner/work/orbit/orbit/.recap-entries-probe/.dd-mac/Build/Intermediates.noindex/cmark-gfm.build/Debug/cmark-gfm.build/Objects-normal/arm64/linked_list.o /Users/runner/work/orbit/orbit/.recap-entries-probe/.dd-mac/SourcePackages/checkouts/swift-cmark/src/linked_list.c normal arm64 c com.apple.compilers.llvm.clang.1_0.compiler (in target 'cmark-gfm' from project 'cmark-gfm')
    cd /Users/runner/work/orbit/orbit/.recap-entries-probe/RecapEntriesProbe.xcodeproj
    
    Using response file: /Users/runner/work/orbit/orbit/.recap-entries-probe/.dd-mac/Build/Intermediates.noindex/cmark-gfm.build/Debug/cmark-gfm.build/Objects-normal/arm64/7187679823f38a2a940e0043cdf9d637-common-args.resp
    
    /Applications/Xcode_26.6.app/Contents/Developer/Toolchains/XcodeDefault.xctoolchain/usr/bin/clang -x c -ivfsstatcache /Users/runner/work/orbit/orbit/.recap-entries-probe/.dd-mac/SDKStatCaches.noindex/macosx26.5-25F70-688ef53f1462e2c8f657fdc38a81448fee0e6409aa6676c5e6c013d148225433.sdkstatcache -target arm64-apple-macos10.13 -fmessage-length\=0 -fdiagnostics-show-note-include-stack -fmacro-backtrace-limit\=0 -fno-color-diagnostics -fmodules-prune-interval\=86400 -fmodules-prune-after\=345600 -fbuild-session-file\=/Users/runner/work/orbit/orbit/.recap-entries-probe/.dd-mac/ModuleCache.noindex/Session.modulevalidation -fmodules-validate-once-per-build-session -Wnon-modular-include-in-framework-module -Werror\=non-modular-include-in-framework-module -Wno-trigraphs -Wno-missing-field-initializers -Wno-missing-prototypes -Wno-return-type -Wno-missing-braces -Wparentheses -Wswitch -Wno-unused-function -Wno-unused-label -Wno-unused-parameter -Wno-unused-variable -Wunused-value -Wno-empty-body -Wno-uninitialized -Wno-unknown-pragmas -w -Wno-shadow -Wno-four-char-constants -Wno-conversion -Wno-constant-conversion -Wno-int-conversion -Wno-bool-conversion -Wno-enum-conversion -Wno-float-conversion -Wno-non-literal-null-conversion -Wno-objc-literal-conversion -Wshorten-64-to-32 -Wpointer-sign -Wno-newline-eof -Wno-implicit-fallthrough -isysroot /Applications/Xcode_26.6.app/Contents/Developer/Platforms/MacOSX.platform/Developer/SDKs/MacOSX26.5.sdk -fstrict-aliasing -Wdeprecated-declarations -Wno-sign-conversion -Wno-infinite-recursion -Wno-comma -Wno-block-capture-autoreleasing -Wno-strict-prototypes -Wno-semicolon-before-method-body -index-store-path /Users/runner/work/orbit/orbit/.recap-entries-probe/.dd-mac/Index.noindex/DataStore @/Users/runner/work/orbit/orbit/.recap-entries-probe/.dd-mac/Build/Intermediates.noindex/cmark-gfm.build/Debug/cmark-gfm.build/Objects-normal/arm64/7187679823f38a2a940e0043cdf9d637-common-args.resp -MMD -MT dependencies -MF /Users/runner/work/orbit/orbit/.recap-entries-probe/.dd-mac/Build/Intermediates.noindex/cmark-gfm.build/Debug/cmark-gfm.build/Objects-normal/arm64/linked_list.d --serialize-diagnostics /Users/runner/work/orbit/orbit/.recap-entries-probe/.dd-mac/Build/Intermediates.noindex/cmark-gfm.build/Debug/cmark-gfm.build/Objects-normal/arm64/linked_list.dia -c /Users/runner/work/orbit/orbit/.recap-entries-probe/.dd-mac/SourcePackages/checkouts/swift-cmark/src/linked_list.c -o /Users/runner/work/orbit/orbit/.recap-entries-probe/.dd-mac/Build/Intermediates.noindex/cmark-gfm.build/Debug/cmark-gfm.build/Objects-normal/arm64/linked_list.o -index-unit-output-path /cmark-gfm.build/Debug/cmark-gfm.build/Objects-normal/arm64/linked_list.o

CompileC /Users/runner/work/orbit/orbit/.recap-entries-probe/.dd-mac/Build/Intermediates.noindex/cmark-gfm.build/Debug/cmark-gfm.build/Objects-normal/arm64/latex.o /Users/runner/work/orbit/orbit/.recap-entries-probe/.dd-mac/SourcePackages/checkouts/swift-cmark/src/latex.c normal arm64 c com.apple.compilers.llvm.clang.1_0.compiler (in target 'cmark-gfm' from project 'cmark-gfm')
    cd /Users/runner/work/orbit/orbit/.recap-entries-probe/RecapEntriesProbe.xcodeproj
    
    Using response file: /Users/runner/work/orbit/orbit/.recap-entries-probe/.dd-mac/Build/Intermediates.noindex/cmark-gfm.build/Debug/cmark-gfm.build/Objects-normal/arm64/7187679823f38a2a940e0043cdf9d637-common-args.resp
    
    /Applications/Xcode_26.6.app/Contents/Developer/Toolchains/XcodeDefault.xctoolchain/usr/bin/clang -x c -ivfsstatcache /Users/runner/work/orbit/orbit/.recap-entries-probe/.dd-mac/SDKStatCaches.noindex/macosx26.5-25F70-688ef53f1462e2c8f657fdc38a81448fee0e6409aa6676c5e6c013d148225433.sdkstatcache -target arm64-apple-macos10.13 -fmessage-length\=0 -fdiagnostics-show-note-include-stack -fmacro-backtrace-limit\=0 -fno-color-diagnostics -fmodules-prune-interval\=86400 -fmodules-prune-after\=345600 -fbuild-session-file\=/Users/runner/work/orbit/orbit/.recap-entries-probe/.dd-mac/ModuleCache.noindex/Session.modulevalidation -fmodules-validate-once-per-build-session -Wnon-modular-include-in-framework-module -Werror\=non-modular-include-in-framework-module -Wno-trigraphs -Wno-missing-field-initializers -Wno-missing-prototypes -Wno-return-type -Wno-missing-braces -Wparentheses -Wswitch -Wno-unused-function -Wno-unused-label -Wno-unused-parameter -Wno-unused-variable -Wunused-value -Wno-empty-body -Wno-uninitialized -Wno-unknown-pragmas -w -Wno-shadow -Wno-four-char-constants -Wno-conversion -Wno-constant-conversion -Wno-int-conversion -Wno-bool-conversion -Wno-enum-conversion -Wno-float-conversion -Wno-non-literal-null-conversion -Wno-objc-literal-conversion -Wshorten-64-to-32 -Wpointer-sign -Wno-newline-eof -Wno-implicit-fallthrough -isysroot /Applications/Xcode_26.6.app/Contents/Developer/Platforms/MacOSX.platform/Developer/SDKs/MacOSX26.5.sdk -fstrict-aliasing -Wdeprecated-declarations -Wno-sign-conversion -Wno-infinite-recursion -Wno-comma -Wno-block-capture-autoreleasing -Wno-strict-prototypes -Wno-semicolon-before-method-body -index-store-path /Users/runner/work/orbit/orbit/.recap-entries-probe/.dd-mac/Index.noindex/DataStore @/Users/runner/work/orbit/orbit/.recap-entries-probe/.dd-mac/Build/Intermediates.noindex/cmark-gfm.build/Debug/cmark-gfm.build/Objects-normal/arm64/7187679823f38a2a940e0043cdf9d637-common-args.resp -MMD -MT dependencies -MF /Users/runner/work/orbit/orbit/.recap-entries-probe/.dd-mac/Build/Intermediates.noindex/cmark-gfm.build/Debug/cmark-gfm.build/Objects-normal/arm64/latex.d --serialize-diagnostics /Users/runner/work/orbit/orbit/.recap-entries-probe/.dd-mac/Build/Intermediates.noindex/cmark-gfm.build/Debug/cmark-gfm.build/Objects-normal/arm64/latex.dia -c /Users/runner/work/orbit/orbit/.recap-entries-probe/.dd-mac/SourcePackages/checkouts/swift-cmark/src/latex.c -o /Users/runner/work/orbit/orbit/.recap-entries-probe/.dd-mac/Build/Intermediates.noindex/cmark-gfm.build/Debug/cmark-gfm.build/Objects-normal/arm64/latex.o -index-unit-output-path /cmark-gfm.build/Debug/cmark-gfm.build/Objects-normal/arm64/latex.o

ScanDependencies /Users/runner/work/orbit/orbit/.recap-entries-probe/.dd-mac/Build/Intermediates.noindex/cmark-gfm.build/Debug/cmark-gfm.build/Objects-normal/arm64/iterator.o /Users/runner/work/orbit/orbit/.recap-entries-probe/.dd-mac/SourcePackages/checkouts/swift-cmark/src/iterator.c normal arm64 c com.apple.compilers.llvm.clang.1_0.compiler (in target 'cmark-gfm' from project 'cmark-gfm')
    cd /Users/runner/work/orbit/orbit/.recap-entries-probe/RecapEntriesProbe.xcodeproj
    
    Using response file: /Users/runner/work/orbit/orbit/.recap-entries-probe/.dd-mac/Build/Intermediates.noindex/cmark-gfm.build/Debug/cmark-gfm.build/Objects-normal/arm64/7187679823f38a2a940e0043cdf9d637-common-args.resp
    
    builtin-ScanDependencies -o /Users/runner/work/orbit/orbit/.recap-entries-probe/.dd-mac/Build/Intermediates.noindex/cmark-gfm.build/Debug/cmark-gfm.build/Objects-normal/arm64/iterator.o.scan -- /Applications/Xcode_26.6.app/Contents/Developer/Toolchains/XcodeDefault.xctoolchain/usr/bin/clang -x c -ivfsstatcache /Users/runner/work/orbit/orbit/.recap-entries-probe/.dd-mac/SDKStatCaches.noindex/macosx26.5-25F70-688ef53f1462e2c8f657fdc38a81448fee0e6409aa6676c5e6c013d148225433.sdkstatcache -target arm64-apple-macos10.13 -fmessage-length\=0 -fdiagnostics-show-note-include-stack -fmacro-backtrace-limit\=0 -fno-color-diagnostics -fmodules-prune-interval\=86400 -fmodules-prune-after\=345600 -fbuild-session-file\=/Users/runner/work/orbit/orbit/.recap-entries-probe/.dd-mac/ModuleCache.noindex/Session.modulevalidation -fmodules-validate-once-per-build-session -Wnon-modular-include-in-framework-module -Werror\=non-modular-include-in-framework-module -Wno-trigraphs -Wno-missing-field-initializers -Wno-missing-prototypes -Wno-return-type -Wno-missing-braces -Wparentheses -Wswitch -Wno-unused-function -Wno-unused-label -Wno-unused-parameter -Wno-unused-variable -Wunused-value -Wno-empty-body -Wno-uninitialized -Wno-unknown-pragmas -w -Wno-shadow -Wno-four-char-constants -Wno-conversion -Wno-constant-conversion -Wno-int-conversion -Wno-bool-conversion -Wno-enum-conversion -Wno-float-conversion -Wno-non-literal-null-conversion -Wno-objc-literal-conversion -Wshorten-64-to-32 -Wpointer-sign -Wno-newline-eof -Wno-implicit-fallthrough -isysroot /Applications/Xcode_26.6.app/Contents/Developer/Platforms/MacOSX.platform/Developer/SDKs/MacOSX26.5.sdk -fstrict-aliasing -Wdeprecated-declarations -Wno-sign-conversion -Wno-infinite-recursion -Wno-comma -Wno-block-capture-autoreleasing -Wno-strict-prototypes -Wno-semicolon-before-method-body -index-store-path /Users/runner/work/orbit/orbit/.recap-entries-probe/.dd-mac/Index.noindex/DataStore @/Users/runner/work/orbit/orbit/.recap-entries-probe/.dd-mac/Build/Intermediates.noindex/cmark-gfm.build/Debug/cmark-gfm.build/Objects-normal/arm64/7187679823f38a2a940e0043cdf9d637-common-args.resp -MMD -MT dependencies -MF /Users/runner/work/orbit/orbit/.recap-entries-probe/.dd-mac/Build/Intermediates.noindex/cmark-gfm.build/Debug/cmark-gfm.build/Objects-normal/arm64/iterator.d --serialize-diagnostics /Users/runner/work/orbit/orbit/.recap-entries-probe/.dd-mac/Build/Intermediates.noindex/cmark-gfm.build/Debug/cmark-gfm.build/Objects-normal/arm64/iterator.dia -c /Users/runner/work/orbit/orbit/.recap-entries-probe/.dd-mac/SourcePackages/checkouts/swift-cmark/src/iterator.c -o /Users/runner/work/orbit/orbit/.recap-entries-probe/.dd-mac/Build/Intermediates.noindex/cmark-gfm.build/Debug/cmark-gfm.build/Objects-normal/arm64/iterator.o -index-unit-output-path /cmark-gfm.build/Debug/cmark-gfm.build/Objects-normal/arm64/iterator.o

ScanDependencies /Users/runner/work/orbit/orbit/.recap-entries-probe/.dd-mac/Build/Intermediates.noindex/cmark-gfm.build/Debug/cmark-gfm.build/Objects-normal/arm64/inlines.o /Users/runner/work/orbit/orbit/.recap-entries-probe/.dd-mac/SourcePackages/checkouts/swift-cmark/src/inlines.c normal arm64 c com.apple.compilers.llvm.clang.1_0.compiler (in target 'cmark-gfm' from project 'cmark-gfm')
    cd /Users/runner/work/orbit/orbit/.recap-entries-probe/RecapEntriesProbe.xcodeproj
    
    Using response file: /Users/runner/work/orbit/orbit/.recap-entries-probe/.dd-mac/Build/Intermediates.noindex/cmark-gfm.build/Debug/cmark-gfm.build/Objects-normal/arm64/7187679823f38a2a940e0043cdf9d637-common-args.resp
    
    builtin-ScanDependencies -o /Users/runner/work/orbit/orbit/.recap-entries-probe/.dd-mac/Build/Intermediates.noindex/cmark-gfm.build/Debug/cmark-gfm.build/Objects-normal/arm64/inlines.o.scan -- /Applications/Xcode_26.6.app/Contents/Developer/Toolchains/XcodeDefault.xctoolchain/usr/bin/clang -x c -ivfsstatcache /Users/runner/work/orbit/orbit/.recap-entries-probe/.dd-mac/SDKStatCaches.noindex/macosx26.5-25F70-688ef53f1462e2c8f657fdc38a81448fee0e6409aa6676c5e6c013d148225433.sdkstatcache -target arm64-apple-macos10.13 -fmessage-length\=0 -fdiagnostics-show-note-include-stack -fmacro-backtrace-limit\=0 -fno-color-diagnostics -fmodules-prune-interval\=86400 -fmodules-prune-after\=345600 -fbuild-session-file\=/Users/runner/work/orbit/orbit/.recap-entries-probe/.dd-mac/ModuleCache.noindex/Session.modulevalidation -fmodules-validate-once-per-build-session -Wnon-modular-include-in-framework-module -Werror\=non-modular-include-in-framework-module -Wno-trigraphs -Wno-missing-field-initializers -Wno-missing-prototypes -Wno-return-type -Wno-missing-braces -Wparentheses -Wswitch -Wno-unused-function -Wno-unused-label -Wno-unused-parameter -Wno-unused-variable -Wunused-value -Wno-empty-body -Wno-uninitialized -Wno-unknown-pragmas -w -Wno-shadow -Wno-four-char-constants -Wno-conversion -Wno-constant-conversion -Wno-int-conversion -Wno-bool-conversion -Wno-enum-conversion -Wno-float-conversion -Wno-non-literal-null-conversion -Wno-objc-literal-conversion -Wshorten-64-to-32 -Wpointer-sign -Wno-newline-eof -Wno-implicit-fallthrough -isysroot /Applications/Xcode_26.6.app/Contents/Developer/Platforms/MacOSX.platform/Developer/SDKs/MacOSX26.5.sdk -fstrict-aliasing -Wdeprecated-declarations -Wno-sign-conversion -Wno-infinite-recursion -Wno-comma -Wno-block-capture-autoreleasing -Wno-strict-prototypes -Wno-semicolon-before-method-body -index-store-path /Users/runner/work/orbit/orbit/.recap-entries-probe/.dd-mac/Index.noindex/DataStore @/Users/runner/work/orbit/orbit/.recap-entries-probe/.dd-mac/Build/Intermediates.noindex/cmark-gfm.build/Debug/cmark-gfm.build/Objects-normal/arm64/7187679823f38a2a940e0043cdf9d637-common-args.resp -MMD -MT dependencies -MF /Users/runner/work/orbit/orbit/.recap-entries-probe/.dd-mac/Build/Intermediates.noindex/cmark-gfm.build/Debug/cmark-gfm.build/Objects-normal/arm64/inlines.d --serialize-diagnostics /Users/runner/work/orbit/orbit/.recap-entries-probe/.dd-mac/Build/Intermediates.noindex/cmark-gfm.build/Debug/cmark-gfm.build/Objects-normal/arm64/inlines.dia -c /Users/runner/work/orbit/orbit/.recap-entries-probe/.dd-mac/SourcePackages/checkouts/swift-cmark/src/inlines.c -o /Users/runner/work/orbit/orbit/.recap-entries-probe/.dd-mac/Build/Intermediates.noindex/cmark-gfm.build/Debug/cmark-gfm.build/Objects-normal/arm64/inlines.o -index-unit-output-path /cmark-gfm.build/Debug/cmark-gfm.build/Objects-normal/arm64/inlines.o

CompileC /Users/runner/work/orbit/orbit/.recap-entries-probe/.dd-mac/Build/Intermediates.noindex/cmark-gfm.build/Debug/cmark-gfm.build/Objects-normal/arm64/iterator.o /Users/runner/work/orbit/orbit/.recap-entries-probe/.dd-mac/SourcePackages/checkouts/swift-cmark/src/iterator.c normal arm64 c com.apple.compilers.llvm.clang.1_0.compiler (in target 'cmark-gfm' from project 'cmark-gfm')
    cd /Users/runner/work/orbit/orbit/.recap-entries-probe/RecapEntriesProbe.xcodeproj
    
    Using response file: /Users/runner/work/orbit/orbit/.recap-entries-probe/.dd-mac/Build/Intermediates.noindex/cmark-gfm.build/Debug/cmark-gfm.build/Objects-normal/arm64/7187679823f38a2a940e0043cdf9d637-common-args.resp
    
    /Applications/Xcode_26.6.app/Contents/Developer/Toolchains/XcodeDefault.xctoolchain/usr/bin/clang -x c -ivfsstatcache /Users/runner/work/orbit/orbit/.recap-entries-probe/.dd-mac/SDKStatCaches.noindex/macosx26.5-25F70-688ef53f1462e2c8f657fdc38a81448fee0e6409aa6676c5e6c013d148225433.sdkstatcache -target arm64-apple-macos10.13 -fmessage-length\=0 -fdiagnostics-show-note-include-stack -fmacro-backtrace-limit\=0 -fno-color-diagnostics -fmodules-prune-interval\=86400 -fmodules-prune-after\=345600 -fbuild-session-file\=/Users/runner/work/orbit/orbit/.recap-entries-probe/.dd-mac/ModuleCache.noindex/Session.modulevalidation -fmodules-validate-once-per-build-session -Wnon-modular-include-in-framework-module -Werror\=non-modular-include-in-framework-module -Wno-trigraphs -Wno-missing-field-initializers -Wno-missing-prototypes -Wno-return-type -Wno-missing-braces -Wparentheses -Wswitch -Wno-unused-function -Wno-unused-label -Wno-unused-parameter -Wno-unused-variable -Wunused-value -Wno-empty-body -Wno-uninitialized -Wno-unknown-pragmas -w -Wno-shadow -Wno-four-char-constants -Wno-conversion -Wno-constant-conversion -Wno-int-conversion -Wno-bool-conversion -Wno-enum-conversion -Wno-float-conversion -Wno-non-literal-null-conversion -Wno-objc-literal-conversion -Wshorten-64-to-32 -Wpointer-sign -Wno-newline-eof -Wno-implicit-fallthrough -isysroot /Applications/Xcode_26.6.app/Contents/Developer/Platforms/MacOSX.platform/Developer/SDKs/MacOSX26.5.sdk -fstrict-aliasing -Wdeprecated-declarations -Wno-sign-conversion -Wno-infinite-recursion -Wno-comma -Wno-block-capture-autoreleasing -Wno-strict-prototypes -Wno-semicolon-before-method-body -index-store-path /Users/runner/work/orbit/orbit/.recap-entries-probe/.dd-mac/Index.noindex/DataStore @/Users/runner/work/orbit/orbit/.recap-entries-probe/.dd-mac/Build/Intermediates.noindex/cmark-gfm.build/Debug/cmark-gfm.build/Objects-normal/arm64/7187679823f38a2a940e0043cdf9d637-common-args.resp -MMD -MT dependencies -MF /Users/runner/work/orbit/orbit/.recap-entries-probe/.dd-mac/Build/Intermediates.noindex/cmark-gfm.build/Debug/cmark-gfm.build/Objects-normal/arm64/iterator.d --serialize-diagnostics /Users/runner/work/orbit/orbit/.recap-entries-probe/.dd-mac/Build/Intermediates.noindex/cmark-gfm.build/Debug/cmark-gfm.build/Objects-normal/arm64/iterator.dia -c /Users/runner/work/orbit/orbit/.recap-entries-probe/.dd-mac/SourcePackages/checkouts/swift-cmark/src/iterator.c -o /Users/runner/work/orbit/orbit/.recap-entries-probe/.dd-mac/Build/Intermediates.noindex/cmark-gfm.build/Debug/cmark-gfm.build/Objects-normal/arm64/iterator.o -index-unit-output-path /cmark-gfm.build/Debug/cmark-gfm.build/Objects-normal/arm64/iterator.o

CompileC /Users/runner/work/orbit/orbit/.recap-entries-probe/.dd-mac/Build/Intermediates.noindex/cmark-gfm.build/Debug/cmark-gfm.build/Objects-normal/arm64/inlines.o /Users/runner/work/orbit/orbit/.recap-entries-probe/.dd-mac/SourcePackages/checkouts/swift-cmark/src/inlines.c normal arm64 c com.apple.compilers.llvm.clang.1_0.compiler (in target 'cmark-gfm' from project 'cmark-gfm')
    cd /Users/runner/work/orbit/orbit/.recap-entries-probe/RecapEntriesProbe.xcodeproj
    
    Using response file: /Users/runner/work/orbit/orbit/.recap-entries-probe/.dd-mac/Build/Intermediates.noindex/cmark-gfm.build/Debug/cmark-gfm.build/Objects-normal/arm64/7187679823f38a2a940e0043cdf9d637-common-args.resp
    
    /Applications/Xcode_26.6.app/Contents/Developer/Toolchains/XcodeDefault.xctoolchain/usr/bin/clang -x c -ivfsstatcache /Users/runner/work/orbit/orbit/.recap-entries-probe/.dd-mac/SDKStatCaches.noindex/macosx26.5-25F70-688ef53f1462e2c8f657fdc38a81448fee0e6409aa6676c5e6c013d148225433.sdkstatcache -target arm64-apple-macos10.13 -fmessage-length\=0 -fdiagnostics-show-note-include-stack -fmacro-backtrace-limit\=0 -fno-color-diagnostics -fmodules-prune-interval\=86400 -fmodules-prune-after\=345600 -fbuild-session-file\=/Users/runner/work/orbit/orbit/.recap-entries-probe/.dd-mac/ModuleCache.noindex/Session.modulevalidation -fmodules-validate-once-per-build-session -Wnon-modular-include-in-framework-module -Werror\=non-modular-include-in-framework-module -Wno-trigraphs -Wno-missing-field-initializers -Wno-missing-prototypes -Wno-return-type -Wno-missing-braces -Wparentheses -Wswitch -Wno-unused-function -Wno-unused-label -Wno-unused-parameter -Wno-unused-variable -Wunused-value -Wno-empty-body -Wno-uninitialized -Wno-unknown-pragmas -w -Wno-shadow -Wno-four-char-constants -Wno-conversion -Wno-constant-conversion -Wno-int-conversion -Wno-bool-conversion -Wno-enum-conversion -Wno-float-conversion -Wno-non-literal-null-conversion -Wno-objc-literal-conversion -Wshorten-64-to-32 -Wpointer-sign -Wno-newline-eof -Wno-implicit-fallthrough -isysroot /Applications/Xcode_26.6.app/Contents/Developer/Platforms/MacOSX.platform/Developer/SDKs/MacOSX26.5.sdk -fstrict-aliasing -Wdeprecated-declarations -Wno-sign-conversion -Wno-infinite-recursion -Wno-comma -Wno-block-capture-autoreleasing -Wno-strict-prototypes -Wno-semicolon-before-method-body -index-store-path /Users/runner/work/orbit/orbit/.recap-entries-probe/.dd-mac/Index.noindex/DataStore @/Users/runner/work/orbit/orbit/.recap-entries-probe/.dd-mac/Build/Intermediates.noindex/cmark-gfm.build/Debug/cmark-gfm.build/Objects-normal/arm64/7187679823f38a2a940e0043cdf9d637-common-args.resp -MMD -MT dependencies -MF /Users/runner/work/orbit/orbit/.recap-entries-probe/.dd-mac/Build/Intermediates.noindex/cmark-gfm.build/Debug/cmark-gfm.build/Objects-normal/arm64/inlines.d --serialize-diagnostics /Users/runner/work/orbit/orbit/.recap-entries-probe/.dd-mac/Build/Intermediates.noindex/cmark-gfm.build/Debug/cmark-gfm.build/Objects-normal/arm64/inlines.dia -c /Users/runner/work/orbit/orbit/.recap-entries-probe/.dd-mac/SourcePackages/checkouts/swift-cmark/src/inlines.c -o /Users/runner/work/orbit/orbit/.recap-entries-probe/.dd-mac/Build/Intermediates.noindex/cmark-gfm.build/Debug/cmark-gfm.build/Objects-normal/arm64/inlines.o -index-unit-output-path /cmark-gfm.build/Debug/cmark-gfm.build/Objects-normal/arm64/inlines.o

ScanDependencies /Users/runner/work/orbit/orbit/.recap-entries-probe/.dd-mac/Build/Intermediates.noindex/cmark-gfm.build/Debug/cmark-gfm.build/Objects-normal/arm64/html.o /Users/runner/work/orbit/orbit/.recap-entries-probe/.dd-mac/SourcePackages/checkouts/swift-cmark/src/html.c normal arm64 c com.apple.compilers.llvm.clang.1_0.compiler (in target 'cmark-gfm' from project 'cmark-gfm')
    cd /Users/runner/work/orbit/orbit/.recap-entries-probe/RecapEntriesProbe.xcodeproj
    
    Using response file: /Users/runner/work/orbit/orbit/.recap-entries-probe/.dd-mac/Build/Intermediates.noindex/cmark-gfm.build/Debug/cmark-gfm.build/Objects-normal/arm64/7187679823f38a2a940e0043cdf9d637-common-args.resp
    
    builtin-ScanDependencies -o /Users/runner/work/orbit/orbit/.recap-entries-probe/.dd-mac/Build/Intermediates.noindex/cmark-gfm.build/Debug/cmark-gfm.build/Objects-normal/arm64/html.o.scan -- /Applications/Xcode_26.6.app/Contents/Developer/Toolchains/XcodeDefault.xctoolchain/usr/bin/clang -x c -ivfsstatcache /Users/runner/work/orbit/orbit/.recap-entries-probe/.dd-mac/SDKStatCaches.noindex/macosx26.5-25F70-688ef53f1462e2c8f657fdc38a81448fee0e6409aa6676c5e6c013d148225433.sdkstatcache -target arm64-apple-macos10.13 -fmessage-length\=0 -fdiagnostics-show-note-include-stack -fmacro-backtrace-limit\=0 -fno-color-diagnostics -fmodules-prune-interval\=86400 -fmodules-prune-after\=345600 -fbuild-session-file\=/Users/runner/work/orbit/orbit/.recap-entries-probe/.dd-mac/ModuleCache.noindex/Session.modulevalidation -fmodules-validate-once-per-build-session -Wnon-modular-include-in-framework-module -Werror\=non-modular-include-in-framework-module -Wno-trigraphs -Wno-missing-field-initializers -Wno-missing-prototypes -Wno-return-type -Wno-missing-braces -Wparentheses -Wswitch -Wno-unused-function -Wno-unused-label -Wno-unused-parameter -Wno-unused-variable -Wunused-value -Wno-empty-body -Wno-uninitialized -Wno-unknown-pragmas -w -Wno-shadow -Wno-four-char-constants -Wno-conversion -Wno-constant-conversion -Wno-int-conversion -Wno-bool-conversion -Wno-enum-conversion -Wno-float-conversion -Wno-non-literal-null-conversion -Wno-objc-literal-conversion -Wshorten-64-to-32 -Wpointer-sign -Wno-newline-eof -Wno-implicit-fallthrough -isysroot /Applications/Xcode_26.6.app/Contents/Developer/Platforms/MacOSX.platform/Developer/SDKs/MacOSX26.5.sdk -fstrict-aliasing -Wdeprecated-declarations -Wno-sign-conversion -Wno-infinite-recursion -Wno-comma -Wno-block-capture-autoreleasing -Wno-strict-prototypes -Wno-semicolon-before-method-body -index-store-path /Users/runner/work/orbit/orbit/.recap-entries-probe/.dd-mac/Index.noindex/DataStore @/Users/runner/work/orbit/orbit/.recap-entries-probe/.dd-mac/Build/Intermediates.noindex/cmark-gfm.build/Debug/cmark-gfm.build/Objects-normal/arm64/7187679823f38a2a940e0043cdf9d637-common-args.resp -MMD -MT dependencies -MF /Users/runner/work/orbit/orbit/.recap-entries-probe/.dd-mac/Build/Intermediates.noindex/cmark-gfm.build/Debug/cmark-gfm.build/Objects-normal/arm64/html.d --serialize-diagnostics /Users/runner/work/orbit/orbit/.recap-entries-probe/.dd-mac/Build/Intermediates.noindex/cmark-gfm.build/Debug/cmark-gfm.build/Objects-normal/arm64/html.dia -c /Users/runner/work/orbit/orbit/.recap-entries-probe/.dd-mac/SourcePackages/checkouts/swift-cmark/src/html.c -o /Users/runner/work/orbit/orbit/.recap-entries-probe/.dd-mac/Build/Intermediates.noindex/cmark-gfm.build/Debug/cmark-gfm.build/Objects-normal/arm64/html.o -index-unit-output-path /cmark-gfm.build/Debug/cmark-gfm.build/Objects-normal/arm64/html.o

SwiftExplicitDependencyGeneratePcm arm64 /Users/runner/work/orbit/orbit/.recap-entries-probe/.dd-mac/ModuleCache.noindex/_Builtin_stdbool-BJPR5E6G2NLDSXMDI76MO2BGC.pcm

SwiftExplicitDependencyGeneratePcm arm64 /Users/runner/work/orbit/orbit/.recap-entries-probe/.dd-mac/ModuleCache.noindex/_Builtin_float-6QT7EYNHRH9XB98GW4DK3QKQW.pcm

SwiftExplicitDependencyGeneratePcm arm64 /Users/runner/work/orbit/orbit/.recap-entries-probe/.dd-mac/ModuleCache.noindex/_AvailabilityInternal-5ESXIGWMQHF4JEWPSNMZKJJPD.pcm

SwiftExplicitDependencyGeneratePcm arm64 /Users/runner/work/orbit/orbit/.recap-entries-probe/.dd-mac/ModuleCache.noindex/SwiftShims-1SF34BHFWVV7P61EQKYHWZEWZ.pcm

SwiftExplicitDependencyGeneratePcm arm64 /Users/runner/work/orbit/orbit/.recap-entries-probe/.dd-mac/ModuleCache.noindex/ptrcheck-3W1UGO7J7UOX7VDNB3EOEN50O.pcm

SwiftExplicitDependencyGeneratePcm arm64 /Users/runner/work/orbit/orbit/.recap-entries-probe/.dd-mac/ModuleCache.noindex/_SwiftConcurrencyShims-7Q4UP303IZDIP9CO6Z1B1KHPG.pcm

SwiftExplicitDependencyGeneratePcm arm64 /Users/runner/work/orbit/orbit/.recap-entries-probe/.dd-mac/ModuleCache.noindex/ptrauth-7H35URN0G0V38VD2ORMZ2OEV7.pcm

SwiftExplicitDependencyGeneratePcm arm64 /Users/runner/work/orbit/orbit/.recap-entries-probe/.dd-mac/ModuleCache.noindex/_DarwinFoundation1-DS4JHLMH1DMD9H0AV0GU5K5Y1.pcm

SwiftExplicitDependencyGeneratePcm arm64 /Users/runner/work/orbit/orbit/.recap-entries-probe/.dd-mac/ModuleCache.noindex/_Builtin_stdarg-EC64X9AR5UCFJSSWUON0GSDCX.pcm

SwiftExplicitDependencyGeneratePcm arm64 /Users/runner/work/orbit/orbit/.recap-entries-probe/.dd-mac/ModuleCache.noindex/_Builtin_stddef-96VN3YR1TD1OPM9XO3N61QRQC.pcm

CompileC /Users/runner/work/orbit/orbit/.recap-entries-probe/.dd-mac/Build/Intermediates.noindex/cmark-gfm.build/Debug/cmark-gfm-extensions.build/Objects-normal/arm64/autolink.o /Users/runner/work/orbit/orbit/.recap-entries-probe/.dd-mac/SourcePackages/checkouts/swift-cmark/extensions/autolink.c normal arm64 c com.apple.compilers.llvm.clang.1_0.compiler (in target 'cmark-gfm-extensions' from project 'cmark-gfm')
    cd /Users/runner/work/orbit/orbit/.recap-entries-probe/RecapEntriesProbe.xcodeproj
    
    Using response file: /Users/runner/work/orbit/orbit/.recap-entries-probe/.dd-mac/Build/Intermediates.noindex/cmark-gfm.build/Debug/cmark-gfm-extensions.build/Objects-normal/arm64/7187679823f38a2a940e0043cdf9d637-common-args.resp
    
    /Applications/Xcode_26.6.app/Contents/Developer/Toolchains/XcodeDefault.xctoolchain/usr/bin/clang -x c -ivfsstatcache /Users/runner/work/orbit/orbit/.recap-entries-probe/.dd-mac/SDKStatCaches.noindex/macosx26.5-25F70-688ef53f1462e2c8f657fdc38a81448fee0e6409aa6676c5e6c013d148225433.sdkstatcache -target arm64-apple-macos10.13 -fmessage-length\=0 -fdiagnostics-show-note-include-stack -fmacro-backtrace-limit\=0 -fno-color-diagnostics -fmodules-prune-interval\=86400 -fmodules-prune-after\=345600 -fbuild-session-file\=/Users/runner/work/orbit/orbit/.recap-entries-probe/.dd-mac/ModuleCache.noindex/Session.modulevalidation -fmodules-validate-once-per-build-session -Wnon-modular-include-in-framework-module -Werror\=non-modular-include-in-framework-module -Wno-trigraphs -Wno-missing-field-initializers -Wno-missing-prototypes -Wno-return-type -Wno-missing-braces -Wparentheses -Wswitch -Wno-unused-function -Wno-unused-label -Wno-unused-parameter -Wno-unused-variable -Wunused-value -Wno-empty-body -Wno-uninitialized -Wno-unknown-pragmas -w -Wno-shadow -Wno-four-char-constants -Wno-conversion -Wno-constant-conversion -Wno-int-conversion -Wno-bool-conversion -Wno-enum-conversion -Wno-float-conversion -Wno-non-literal-null-conversion -Wno-objc-literal-conversion -Wshorten-64-to-32 -Wpointer-sign -Wno-newline-eof -Wno-implicit-fallthrough -isysroot /Applications/Xcode_26.6.app/Contents/Developer/Platforms/MacOSX.platform/Developer/SDKs/MacOSX26.5.sdk -fstrict-aliasing -Wdeprecated-declarations -Wno-sign-conversion -Wno-infinite-recursion -Wno-comma -Wno-block-capture-autoreleasing -Wno-strict-prototypes -Wno-semicolon-before-method-body -index-store-path /Users/runner/work/orbit/orbit/.recap-entries-probe/.dd-mac/Index.noindex/DataStore @/Users/runner/work/orbit/orbit/.recap-entries-probe/.dd-mac/Build/Intermediates.noindex/cmark-gfm.build/Debug/cmark-gfm-extensions.build/Objects-normal/arm64/7187679823f38a2a940e0043cdf9d637-common-args.resp -MMD -MT dependencies -MF /Users/runner/work/orbit/orbit/.recap-entries-probe/.dd-mac/Build/Intermediates.noindex/cmark-gfm.build/Debug/cmark-gfm-extensions.build/Objects-normal/arm64/autolink.d --serialize-diagnostics /Users/runner/work/orbit/orbit/.recap-entries-probe/.dd-mac/Build/Intermediates.noindex/cmark-gfm.build/Debug/cmark-gfm-extensions.build/Objects-normal/arm64/autolink.dia -c /Users/runner/work/orbit/orbit/.recap-entries-probe/.dd-mac/SourcePackages/checkouts/swift-cmark/extensions/autolink.c -o /Users/runner/work/orbit/orbit/.recap-entries-probe/.dd-mac/Build/Intermediates.noindex/cmark-gfm.build/Debug/cmark-gfm-extensions.build/Objects-normal/arm64/autolink.o -index-unit-output-path /cmark-gfm.build/Debug/cmark-gfm-extensions.build/Objects-normal/arm64/autolink.o

SwiftExplicitDependencyGeneratePcm arm64 /Users/runner/work/orbit/orbit/.recap-entries-probe/.dd-mac/ModuleCache.noindex/_Builtin_limits-1VFLKDD09P4220WPR2JMKYUVK.pcm

CompileC /Users/runner/work/orbit/orbit/.recap-entries-probe/.dd-mac/Build/Intermediates.noindex/cmark-gfm.build/Debug/cmark-gfm.build/Objects-normal/arm64/html.o /Users/runner/work/orbit/orbit/.recap-entries-probe/.dd-mac/SourcePackages/checkouts/swift-cmark/src/html.c normal arm64 c com.apple.compilers.llvm.clang.1_0.compiler (in target 'cmark-gfm' from project 'cmark-gfm')
    cd /Users/runner/work/orbit/orbit/.recap-entries-probe/RecapEntriesProbe.xcodeproj
    
    Using response file: /Users/runner/work/orbit/orbit/.recap-entries-probe/.dd-mac/Build/Intermediates.noindex/cmark-gfm.build/Debug/cmark-gfm.build/Objects-normal/arm64/7187679823f38a2a940e0043cdf9d637-common-args.resp
    
    /Applications/Xcode_26.6.app/Contents/Developer/Toolchains/XcodeDefault.xctoolchain/usr/bin/clang -x c -ivfsstatcache /Users/runner/work/orbit/orbit/.recap-entries-probe/.dd-mac/SDKStatCaches.noindex/macosx26.5-25F70-688ef53f1462e2c8f657fdc38a81448fee0e6409aa6676c5e6c013d148225433.sdkstatcache -target arm64-apple-macos10.13 -fmessage-length\=0 -fdiagnostics-show-note-include-stack -fmacro-backtrace-limit\=0 -fno-color-diagnostics -fmodules-prune-interval\=86400 -fmodules-prune-after\=345600 -fbuild-session-file\=/Users/runner/work/orbit/orbit/.recap-entries-probe/.dd-mac/ModuleCache.noindex/Session.modulevalidation -fmodules-validate-once-per-build-session -Wnon-modular-include-in-framework-module -Werror\=non-modular-include-in-framework-module -Wno-trigraphs -Wno-missing-field-initializers -Wno-missing-prototypes -Wno-return-type -Wno-missing-braces -Wparentheses -Wswitch -Wno-unused-function -Wno-unused-label -Wno-unused-parameter -Wno-unused-variable -Wunused-value -Wno-empty-body -Wno-uninitialized -Wno-unknown-pragmas -w -Wno-shadow -Wno-four-char-constants -Wno-conversion -Wno-constant-conversion -Wno-int-conversion -Wno-bool-conversion -Wno-enum-conversion -Wno-float-conversion -Wno-non-literal-null-conversion -Wno-objc-literal-conversion -Wshorten-64-to-32 -Wpointer-sign -Wno-newline-eof -Wno-implicit-fallthrough -isysroot /Applications/Xcode_26.6.app/Contents/Developer/Platforms/MacOSX.platform/Developer/SDKs/MacOSX26.5.sdk -fstrict-aliasing -Wdeprecated-declarations -Wno-sign-conversion -Wno-infinite-recursion -Wno-comma -Wno-block-capture-autoreleasing -Wno-strict-prototypes -Wno-semicolon-before-method-body -index-store-path /Users/runner/work/orbit/orbit/.recap-entries-probe/.dd-mac/Index.noindex/DataStore @/Users/runner/work/orbit/orbit/.recap-entries-probe/.dd-mac/Build/Intermediates.noindex/cmark-gfm.build/Debug/cmark-gfm.build/Objects-normal/arm64/7187679823f38a2a940e0043cdf9d637-common-args.resp -MMD -MT dependencies -MF /Users/runner/work/orbit/orbit/.recap-entries-probe/.dd-mac/Build/Intermediates.noindex/cmark-gfm.build/Debug/cmark-gfm.build/Objects-normal/arm64/html.d --serialize-diagnostics /Users/runner/work/orbit/orbit/.recap-entries-probe/.dd-mac/Build/Intermediates.noindex/cmark-gfm.build/Debug/cmark-gfm.build/Objects-normal/arm64/html.dia -c /Users/runner/work/orbit/orbit/.recap-entries-probe/.dd-mac/SourcePackages/checkouts/swift-cmark/src/html.c -o /Users/runner/work/orbit/orbit/.recap-entries-probe/.dd-mac/Build/Intermediates.noindex/cmark-gfm.build/Debug/cmark-gfm.build/Objects-normal/arm64/html.o -index-unit-output-path /cmark-gfm.build/Debug/cmark-gfm.build/Objects-normal/arm64/html.o

SwiftExplicitDependencyGeneratePcm arm64 /Users/runner/work/orbit/orbit/.recap-entries-probe/.dd-mac/ModuleCache.noindex/_DarwinFoundation2-E313TJC50Z4BONDFOEA9Y0N2Z.pcm

ScanDependencies /Users/runner/work/orbit/orbit/.recap-entries-probe/.dd-mac/Build/Intermediates.noindex/cmark-gfm.build/Debug/cmark-gfm.build/Objects-normal/arm64/houdini_html_u.o /Users/runner/work/orbit/orbit/.recap-entries-probe/.dd-mac/SourcePackages/checkouts/swift-cmark/src/houdini_html_u.c normal arm64 c com.apple.compilers.llvm.clang.1_0.compiler (in target 'cmark-gfm' from project 'cmark-gfm')
    cd /Users/runner/work/orbit/orbit/.recap-entries-probe/RecapEntriesProbe.xcodeproj
    
    Using response file: /Users/runner/work/orbit/orbit/.recap-entries-probe/.dd-mac/Build/Intermediates.noindex/cmark-gfm.build/Debug/cmark-gfm.build/Objects-normal/arm64/7187679823f38a2a940e0043cdf9d637-common-args.resp
    
    builtin-ScanDependencies -o /Users/runner/work/orbit/orbit/.recap-entries-probe/.dd-mac/Build/Intermediates.noindex/cmark-gfm.build/Debug/cmark-gfm.build/Objects-normal/arm64/houdini_html_u.o.scan -- /Applications/Xcode_26.6.app/Contents/Developer/Toolchains/XcodeDefault.xctoolchain/usr/bin/clang -x c -ivfsstatcache /Users/runner/work/orbit/orbit/.recap-entries-probe/.dd-mac/SDKStatCaches.noindex/macosx26.5-25F70-688ef53f1462e2c8f657fdc38a81448fee0e6409aa6676c5e6c013d148225433.sdkstatcache -target arm64-apple-macos10.13 -fmessage-length\=0 -fdiagnostics-show-note-include-stack -fmacro-backtrace-limit\=0 -fno-color-diagnostics -fmodules-prune-interval\=86400 -fmodules-prune-after\=345600 -fbuild-session-file\=/Users/runner/work/orbit/orbit/.recap-entries-probe/.dd-mac/ModuleCache.noindex/Session.modulevalidation -fmodules-validate-once-per-build-session -Wnon-modular-include-in-framework-module -Werror\=non-modular-include-in-framework-module -Wno-trigraphs -Wno-missing-field-initializers -Wno-missing-prototypes -Wno-return-type -Wno-missing-braces -Wparentheses -Wswitch -Wno-unused-function -Wno-unused-label -Wno-unused-parameter -Wno-unused-variable -Wunused-value -Wno-empty-body -Wno-uninitialized -Wno-unknown-pragmas -w -Wno-shadow -Wno-four-char-constants -Wno-conversion -Wno-constant-conversion -Wno-int-conversion -Wno-bool-conversion -Wno-enum-conversion -Wno-float-conversion -Wno-non-literal-null-conversion -Wno-objc-literal-conversion -Wshorten-64-to-32 -Wpointer-sign -Wno-newline-eof -Wno-implicit-fallthrough -isysroot /Applications/Xcode_26.6.app/Contents/Developer/Platforms/MacOSX.platform/Developer/SDKs/MacOSX26.5.sdk -fstrict-aliasing -Wdeprecated-declarations -Wno-sign-conversion -Wno-infinite-recursion -Wno-comma -Wno-block-capture-autoreleasing -Wno-strict-prototypes -Wno-semicolon-before-method-body -index-store-path /Users/runner/work/orbit/orbit/.recap-entries-probe/.dd-mac/Index.noindex/DataStore @/Users/runner/work/orbit/orbit/.recap-entries-probe/.dd-mac/Build/Intermediates.noindex/cmark-gfm.build/Debug/cmark-gfm.build/Objects-normal/arm64/7187679823f38a2a940e0043cdf9d637-common-args.resp -MMD -MT dependencies -MF /Users/runner/work/orbit/orbit/.recap-entries-probe/.dd-mac/Build/Intermediates.noindex/cmark-gfm.build/Debug/cmark-gfm.build/Objects-normal/arm64/houdini_html_u.d --serialize-diagnostics /Users/runner/work/orbit/orbit/.recap-entries-probe/.dd-mac/Build/Intermediates.noindex/cmark-gfm.build/Debug/cmark-gfm.build/Objects-normal/arm64/houdini_html_u.dia -c /Users/runner/work/orbit/orbit/.recap-entries-probe/.dd-mac/SourcePackages/checkouts/swift-cmark/src/houdini_html_u.c -o /Users/runner/work/orbit/orbit/.recap-entries-probe/.dd-mac/Build/Intermediates.noindex/cmark-gfm.build/Debug/cmark-gfm.build/Objects-normal/arm64/houdini_html_u.o -index-unit-output-path /cmark-gfm.build/Debug/cmark-gfm.build/Objects-normal/arm64/houdini_html_u.o

ScanDependencies /Users/runner/work/orbit/orbit/.recap-entries-probe/.dd-mac/Build/Intermediates.noindex/cmark-gfm.build/Debug/cmark-gfm.build/Objects-normal/arm64/houdini_html_e.o /Users/runner/work/orbit/orbit/.recap-entries-probe/.dd-mac/SourcePackages/checkouts/swift-cmark/src/houdini_html_e.c normal arm64 c com.apple.compilers.llvm.clang.1_0.compiler (in target 'cmark-gfm' from project 'cmark-gfm')
    cd /Users/runner/work/orbit/orbit/.recap-entries-probe/RecapEntriesProbe.xcodeproj
    
    Using response file: /Users/runner/work/orbit/orbit/.recap-entries-probe/.dd-mac/Build/Intermediates.noindex/cmark-gfm.build/Debug/cmark-gfm.build/Objects-normal/arm64/7187679823f38a2a940e0043cdf9d637-common-args.resp
    
    builtin-ScanDependencies -o /Users/runner/work/orbit/orbit/.recap-entries-probe/.dd-mac/Build/Intermediates.noindex/cmark-gfm.build/Debug/cmark-gfm.build/Objects-normal/arm64/houdini_html_e.o.scan -- /Applications/Xcode_26.6.app/Contents/Developer/Toolchains/XcodeDefault.xctoolchain/usr/bin/clang -x c -ivfsstatcache /Users/runner/work/orbit/orbit/.recap-entries-probe/.dd-mac/SDKStatCaches.noindex/macosx26.5-25F70-688ef53f1462e2c8f657fdc38a81448fee0e6409aa6676c5e6c013d148225433.sdkstatcache -target arm64-apple-macos10.13 -fmessage-length\=0 -fdiagnostics-show-note-include-stack -fmacro-backtrace-limit\=0 -fno-color-diagnostics -fmodules-prune-interval\=86400 -fmodules-prune-after\=345600 -fbuild-session-file\=/Users/runner/work/orbit/orbit/.recap-entries-probe/.dd-mac/ModuleCache.noindex/Session.modulevalidation -fmodules-validate-once-per-build-session -Wnon-modular-include-in-framework-module -Werror\=non-modular-include-in-framework-module -Wno-trigraphs -Wno-missing-field-initializers -Wno-missing-prototypes -Wno-return-type -Wno-missing-braces -Wparentheses -Wswitch -Wno-unused-function -Wno-unused-label -Wno-unused-parameter -Wno-unused-variable -Wunused-value -Wno-empty-body -Wno-uninitialized -Wno-unknown-pragmas -w -Wno-shadow -Wno-four-char-constants -Wno-conversion -Wno-constant-conversion -Wno-int-conversion -Wno-bool-conversion -Wno-enum-conversion -Wno-float-conversion -Wno-non-literal-null-conversion -Wno-objc-literal-conversion -Wshorten-64-to-32 -Wpointer-sign -Wno-newline-eof -Wno-implicit-fallthrough -isysroot /Applications/Xcode_26.6.app/Contents/Developer/Platforms/MacOSX.platform/Developer/SDKs/MacOSX26.5.sdk -fstrict-aliasing -Wdeprecated-declarations -Wno-sign-conversion -Wno-infinite-recursion -Wno-comma -Wno-block-capture-autoreleasing -Wno-strict-prototypes -Wno-semicolon-before-method-body -index-store-path /Users/runner/work/orbit/orbit/.recap-entries-probe/.dd-mac/Index.noindex/DataStore @/Users/runner/work/orbit/orbit/.recap-entries-probe/.dd-mac/Build/Intermediates.noindex/cmark-gfm.build/Debug/cmark-gfm.build/Objects-normal/arm64/7187679823f38a2a940e0043cdf9d637-common-args.resp -MMD -MT dependencies -MF /Users/runner/work/orbit/orbit/.recap-entries-probe/.dd-mac/Build/Intermediates.noindex/cmark-gfm.build/Debug/cmark-gfm.build/Objects-normal/arm64/houdini_html_e.d --serialize-diagnostics /Users/runner/work/orbit/orbit/.recap-entries-probe/.dd-mac/Build/Intermediates.noindex/cmark-gfm.build/Debug/cmark-gfm.build/Objects-normal/arm64/houdini_html_e.dia -c /Users/runner/work/orbit/orbit/.recap-entries-probe/.dd-mac/SourcePackages/checkouts/swift-cmark/src/houdini_html_e.c -o /Users/runner/work/orbit/orbit/.recap-entries-probe/.dd-mac/Build/Intermediates.noindex/cmark-gfm.build/Debug/cmark-gfm.build/Objects-normal/arm64/houdini_html_e.o -index-unit-output-path /cmark-gfm.build/Debug/cmark-gfm.build/Objects-normal/arm64/houdini_html_e.o

ScanDependencies /Users/runner/work/orbit/orbit/.recap-entries-probe/.dd-mac/Build/Intermediates.noindex/cmark-gfm.build/Debug/cmark-gfm.build/Objects-normal/arm64/houdini_href_e.o /Users/runner/work/orbit/orbit/.recap-entries-probe/.dd-mac/SourcePackages/checkouts/swift-cmark/src/houdini_href_e.c normal arm64 c com.apple.compilers.llvm.clang.1_0.compiler (in target 'cmark-gfm' from project 'cmark-gfm')
    cd /Users/runner/work/orbit/orbit/.recap-entries-probe/RecapEntriesProbe.xcodeproj
    
    Using response file: /Users/runner/work/orbit/orbit/.recap-entries-probe/.dd-mac/Build/Intermediates.noindex/cmark-gfm.build/Debug/cmark-gfm.build/Objects-normal/arm64/7187679823f38a2a940e0043cdf9d637-common-args.resp
    
    builtin-ScanDependencies -o /Users/runner/work/orbit/orbit/.recap-entries-probe/.dd-mac/Build/Intermediates.noindex/cmark-gfm.build/Debug/cmark-gfm.build/Objects-normal/arm64/houdini_href_e.o.scan -- /Applications/Xcode_26.6.app/Contents/Developer/Toolchains/XcodeDefault.xctoolchain/usr/bin/clang -x c -ivfsstatcache /Users/runner/work/orbit/orbit/.recap-entries-probe/.dd-mac/SDKStatCaches.noindex/macosx26.5-25F70-688ef53f1462e2c8f657fdc38a81448fee0e6409aa6676c5e6c013d148225433.sdkstatcache -target arm64-apple-macos10.13 -fmessage-length\=0 -fdiagnostics-show-note-include-stack -fmacro-backtrace-limit\=0 -fno-color-diagnostics -fmodules-prune-interval\=86400 -fmodules-prune-after\=345600 -fbuild-session-file\=/Users/runner/work/orbit/orbit/.recap-entries-probe/.dd-mac/ModuleCache.noindex/Session.modulevalidation -fmodules-validate-once-per-build-session -Wnon-modular-include-in-framework-module -Werror\=non-modular-include-in-framework-module -Wno-trigraphs -Wno-missing-field-initializers -Wno-missing-prototypes -Wno-return-type -Wno-missing-braces -Wparentheses -Wswitch -Wno-unused-function -Wno-unused-label -Wno-unused-parameter -Wno-unused-variable -Wunused-value -Wno-empty-body -Wno-uninitialized -Wno-unknown-pragmas -w -Wno-shadow -Wno-four-char-constants -Wno-conversion -Wno-constant-conversion -Wno-int-conversion -Wno-bool-conversion -Wno-enum-conversion -Wno-float-conversion -Wno-non-literal-null-conversion -Wno-objc-literal-conversion -Wshorten-64-to-32 -Wpointer-sign -Wno-newline-eof -Wno-implicit-fallthrough -isysroot /Applications/Xcode_26.6.app/Contents/Developer/Platforms/MacOSX.platform/Developer/SDKs/MacOSX26.5.sdk -fstrict-aliasing -Wdeprecated-declarations -Wno-sign-conversion -Wno-infinite-recursion -Wno-comma -Wno-block-capture-autoreleasing -Wno-strict-prototypes -Wno-semicolon-before-method-body -index-store-path /Users/runner/work/orbit/orbit/.recap-entries-probe/.dd-mac/Index.noindex/DataStore @/Users/runner/work/orbit/orbit/.recap-entries-probe/.dd-mac/Build/Intermediates.noindex/cmark-gfm.build/Debug/cmark-gfm.build/Objects-normal/arm64/7187679823f38a2a940e0043cdf9d637-common-args.resp -MMD -MT dependencies -MF /Users/runner/work/orbit/orbit/.recap-entries-probe/.dd-mac/Build/Intermediates.noindex/cmark-gfm.build/Debug/cmark-gfm.build/Objects-normal/arm64/houdini_href_e.d --serialize-diagnostics /Users/runner/work/orbit/orbit/.recap-entries-probe/.dd-mac/Build/Intermediates.noindex/cmark-gfm.build/Debug/cmark-gfm.build/Objects-normal/arm64/houdini_href_e.dia -c /Users/runner/work/orbit/orbit/.recap-entries-probe/.dd-mac/SourcePackages/checkouts/swift-cmark/src/houdini_href_e.c -o /Users/runner/work/orbit/orbit/.recap-entries-probe/.dd-mac/Build/Intermediates.noindex/cmark-gfm.build/Debug/cmark-gfm.build/Objects-normal/arm64/houdini_href_e.o -index-unit-output-path /cmark-gfm.build/Debug/cmark-gfm.build/Objects-normal/arm64/houdini_href_e.o

CompileC /Users/runner/work/orbit/orbit/.recap-entries-probe/.dd-mac/Build/Intermediates.noindex/cmark-gfm.build/Debug/cmark-gfm.build/Objects-normal/arm64/houdini_html_u.o /Users/runner/work/orbit/orbit/.recap-entries-probe/.dd-mac/SourcePackages/checkouts/swift-cmark/src/houdini_html_u.c normal arm64 c com.apple.compilers.llvm.clang.1_0.compiler (in target 'cmark-gfm' from project 'cmark-gfm')
    cd /Users/runner/work/orbit/orbit/.recap-entries-probe/RecapEntriesProbe.xcodeproj
    
    Using response file: /Users/runner/work/orbit/orbit/.recap-entries-probe/.dd-mac/Build/Intermediates.noindex/cmark-gfm.build/Debug/cmark-gfm.build/Objects-normal/arm64/7187679823f38a2a940e0043cdf9d637-common-args.resp
    
    /Applications/Xcode_26.6.app/Contents/Developer/Toolchains/XcodeDefault.xctoolchain/usr/bin/clang -x c -ivfsstatcache /Users/runner/work/orbit/orbit/.recap-entries-probe/.dd-mac/SDKStatCaches.noindex/macosx26.5-25F70-688ef53f1462e2c8f657fdc38a81448fee0e6409aa6676c5e6c013d148225433.sdkstatcache -target arm64-apple-macos10.13 -fmessage-length\=0 -fdiagnostics-show-note-include-stack -fmacro-backtrace-limit\=0 -fno-color-diagnostics -fmodules-prune-interval\=86400 -fmodules-prune-after\=345600 -fbuild-session-file\=/Users/runner/work/orbit/orbit/.recap-entries-probe/.dd-mac/ModuleCache.noindex/Session.modulevalidation -fmodules-validate-once-per-build-session -Wnon-modular-include-in-framework-module -Werror\=non-modular-include-in-framework-module -Wno-trigraphs -Wno-missing-field-initializers -Wno-missing-prototypes -Wno-return-type -Wno-missing-braces -Wparentheses -Wswitch -Wno-unused-function -Wno-unused-label -Wno-unused-parameter -Wno-unused-variable -Wunused-value -Wno-empty-body -Wno-uninitialized -Wno-unknown-pragmas -w -Wno-shadow -Wno-four-char-constants -Wno-conversion -Wno-constant-conversion -Wno-int-conversion -Wno-bool-conversion -Wno-enum-conversion -Wno-float-conversion -Wno-non-literal-null-conversion -Wno-objc-literal-conversion -Wshorten-64-to-32 -Wpointer-sign -Wno-newline-eof -Wno-implicit-fallthrough -isysroot /Applications/Xcode_26.6.app/Contents/Developer/Platforms/MacOSX.platform/Developer/SDKs/MacOSX26.5.sdk -fstrict-aliasing -Wdeprecated-declarations -Wno-sign-conversion -Wno-infinite-recursion -Wno-comma -Wno-block-capture-autoreleasing -Wno-strict-prototypes -Wno-semicolon-before-method-body -index-store-path /Users/runner/work/orbit/orbit/.recap-entries-probe/.dd-mac/Index.noindex/DataStore @/Users/runner/work/orbit/orbit/.recap-entries-probe/.dd-mac/Build/Intermediates.noindex/cmark-gfm.build/Debug/cmark-gfm.build/Objects-normal/arm64/7187679823f38a2a940e0043cdf9d637-common-args.resp -MMD -MT dependencies -MF /Users/runner/work/orbit/orbit/.recap-entries-probe/.dd-mac/Build/Intermediates.noindex/cmark-gfm.build/Debug/cmark-gfm.build/Objects-normal/arm64/houdini_html_u.d --serialize-diagnostics /Users/runner/work/orbit/orbit/.recap-entries-probe/.dd-mac/Build/Intermediates.noindex/cmark-gfm.build/Debug/cmark-gfm.build/Objects-normal/arm64/houdini_html_u.dia -c /Users/runner/work/orbit/orbit/.recap-entries-probe/.dd-mac/SourcePackages/checkouts/swift-cmark/src/houdini_html_u.c -o /Users/runner/work/orbit/orbit/.recap-entries-probe/.dd-mac/Build/Intermediates.noindex/cmark-gfm.build/Debug/cmark-gfm.build/Objects-normal/arm64/houdini_html_u.o -index-unit-output-path /cmark-gfm.build/Debug/cmark-gfm.build/Objects-normal/arm64/houdini_html_u.o

CompileC /Users/runner/work/orbit/orbit/.recap-entries-probe/.dd-mac/Build/Intermediates.noindex/cmark-gfm.build/Debug/cmark-gfm.build/Objects-normal/arm64/houdini_html_e.o /Users/runner/work/orbit/orbit/.recap-entries-probe/.dd-mac/SourcePackages/checkouts/swift-cmark/src/houdini_html_e.c normal arm64 c com.apple.compilers.llvm.clang.1_0.compiler (in target 'cmark-gfm' from project 'cmark-gfm')
    cd /Users/runner/work/orbit/orbit/.recap-entries-probe/RecapEntriesProbe.xcodeproj
    
    Using response file: /Users/runner/work/orbit/orbit/.recap-entries-probe/.dd-mac/Build/Intermediates.noindex/cmark-gfm.build/Debug/cmark-gfm.build/Objects-normal/arm64/7187679823f38a2a940e0043cdf9d637-common-args.resp
    
    /Applications/Xcode_26.6.app/Contents/Developer/Toolchains/XcodeDefault.xctoolchain/usr/bin/clang -x c -ivfsstatcache /Users/runner/work/orbit/orbit/.recap-entries-probe/.dd-mac/SDKStatCaches.noindex/macosx26.5-25F70-688ef53f1462e2c8f657fdc38a81448fee0e6409aa6676c5e6c013d148225433.sdkstatcache -target arm64-apple-macos10.13 -fmessage-length\=0 -fdiagnostics-show-note-include-stack -fmacro-backtrace-limit\=0 -fno-color-diagnostics -fmodules-prune-interval\=86400 -fmodules-prune-after\=345600 -fbuild-session-file\=/Users/runner/work/orbit/orbit/.recap-entries-probe/.dd-mac/ModuleCache.noindex/Session.modulevalidation -fmodules-validate-once-per-build-session -Wnon-modular-include-in-framework-module -Werror\=non-modular-include-in-framework-module -Wno-trigraphs -Wno-missing-field-initializers -Wno-missing-prototypes -Wno-return-type -Wno-missing-braces -Wparentheses -Wswitch -Wno-unused-function -Wno-unused-label -Wno-unused-parameter -Wno-unused-variable -Wunused-value -Wno-empty-body -Wno-uninitialized -Wno-unknown-pragmas -w -Wno-shadow -Wno-four-char-constants -Wno-conversion -Wno-constant-conversion -Wno-int-conversion -Wno-bool-conversion -Wno-enum-conversion -Wno-float-conversion -Wno-non-literal-null-conversion -Wno-objc-literal-conversion -Wshorten-64-to-32 -Wpointer-sign -Wno-newline-eof -Wno-implicit-fallthrough -isysroot /Applications/Xcode_26.6.app/Contents/Developer/Platforms/MacOSX.platform/Developer/SDKs/MacOSX26.5.sdk -fstrict-aliasing -Wdeprecated-declarations -Wno-sign-conversion -Wno-infinite-recursion -Wno-comma -Wno-block-capture-autoreleasing -Wno-strict-prototypes -Wno-semicolon-before-method-body -index-store-path /Users/runner/work/orbit/orbit/.recap-entries-probe/.dd-mac/Index.noindex/DataStore @/Users/runner/work/orbit/orbit/.recap-entries-probe/.dd-mac/Build/Intermediates.noindex/cmark-gfm.build/Debug/cmark-gfm.build/Objects-normal/arm64/7187679823f38a2a940e0043cdf9d637-common-args.resp -MMD -MT dependencies -MF /Users/runner/work/orbit/orbit/.recap-entries-probe/.dd-mac/Build/Intermediates.noindex/cmark-gfm.build/Debug/cmark-gfm.build/Objects-normal/arm64/houdini_html_e.d --serialize-diagnostics /Users/runner/work/orbit/orbit/.recap-entries-probe/.dd-mac/Build/Intermediates.noindex/cmark-gfm.build/Debug/cmark-gfm.build/Objects-normal/arm64/houdini_html_e.dia -c /Users/runner/work/orbit/orbit/.recap-entries-probe/.dd-mac/SourcePackages/checkouts/swift-cmark/src/houdini_html_e.c -o /Users/runner/work/orbit/orbit/.recap-entries-probe/.dd-mac/Build/Intermediates.noindex/cmark-gfm.build/Debug/cmark-gfm.build/Objects-normal/arm64/houdini_html_e.o -index-unit-output-path /cmark-gfm.build/Debug/cmark-gfm.build/Objects-normal/arm64/houdini_html_e.o

CompileC /Users/runner/work/orbit/orbit/.recap-entries-probe/.dd-mac/Build/Intermediates.noindex/cmark-gfm.build/Debug/cmark-gfm.build/Objects-normal/arm64/houdini_href_e.o /Users/runner/work/orbit/orbit/.recap-entries-probe/.dd-mac/SourcePackages/checkouts/swift-cmark/src/houdini_href_e.c normal arm64 c com.apple.compilers.llvm.clang.1_0.compiler (in target 'cmark-gfm' from project 'cmark-gfm')
    cd /Users/runner/work/orbit/orbit/.recap-entries-probe/RecapEntriesProbe.xcodeproj
    
    Using response file: /Users/runner/work/orbit/orbit/.recap-entries-probe/.dd-mac/Build/Intermediates.noindex/cmark-gfm.build/Debug/cmark-gfm.build/Objects-normal/arm64/7187679823f38a2a940e0043cdf9d637-common-args.resp
    
    /Applications/Xcode_26.6.app/Contents/Developer/Toolchains/XcodeDefault.xctoolchain/usr/bin/clang -x c -ivfsstatcache /Users/runner/work/orbit/orbit/.recap-entries-probe/.dd-mac/SDKStatCaches.noindex/macosx26.5-25F70-688ef53f1462e2c8f657fdc38a81448fee0e6409aa6676c5e6c013d148225433.sdkstatcache -target arm64-apple-macos10.13 -fmessage-length\=0 -fdiagnostics-show-note-include-stack -fmacro-backtrace-limit\=0 -fno-color-diagnostics -fmodules-prune-interval\=86400 -fmodules-prune-after\=345600 -fbuild-session-file\=/Users/runner/work/orbit/orbit/.recap-entries-probe/.dd-mac/ModuleCache.noindex/Session.modulevalidation -fmodules-validate-once-per-build-session -Wnon-modular-include-in-framework-module -Werror\=non-modular-include-in-framework-module -Wno-trigraphs -Wno-missing-field-initializers -Wno-missing-prototypes -Wno-return-type -Wno-missing-braces -Wparentheses -Wswitch -Wno-unused-function -Wno-unused-label -Wno-unused-parameter -Wno-unused-variable -Wunused-value -Wno-empty-body -Wno-uninitialized -Wno-unknown-pragmas -w -Wno-shadow -Wno-four-char-constants -Wno-conversion -Wno-constant-conversion -Wno-int-conversion -Wno-bool-conversion -Wno-enum-conversion -Wno-float-conversion -Wno-non-literal-null-conversion -Wno-objc-literal-conversion -Wshorten-64-to-32 -Wpointer-sign -Wno-newline-eof -Wno-implicit-fallthrough -isysroot /Applications/Xcode_26.6.app/Contents/Developer/Platforms/MacOSX.platform/Developer/SDKs/MacOSX26.5.sdk -fstrict-aliasing -Wdeprecated-declarations -Wno-sign-conversion -Wno-infinite-recursion -Wno-comma -Wno-block-capture-autoreleasing -Wno-strict-prototypes -Wno-semicolon-before-method-body -index-store-path /Users/runner/work/orbit/orbit/.recap-entries-probe/.dd-mac/Index.noindex/DataStore @/Users/runner/work/orbit/orbit/.recap-entries-probe/.dd-mac/Build/Intermediates.noindex/cmark-gfm.build/Debug/cmark-gfm.build/Objects-normal/arm64/7187679823f38a2a940e0043cdf9d637-common-args.resp -MMD -MT dependencies -MF /Users/runner/work/orbit/orbit/.recap-entries-probe/.dd-mac/Build/Intermediates.noindex/cmark-gfm.build/Debug/cmark-gfm.build/Objects-normal/arm64/houdini_href_e.d --serialize-diagnostics /Users/runner/work/orbit/orbit/.recap-entries-probe/.dd-mac/Build/Intermediates.noindex/cmark-gfm.build/Debug/cmark-gfm.build/Objects-normal/arm64/houdini_href_e.dia -c /Users/runner/work/orbit/orbit/.recap-entries-probe/.dd-mac/SourcePackages/checkouts/swift-cmark/src/houdini_href_e.c -o /Users/runner/work/orbit/orbit/.recap-entries-probe/.dd-mac/Build/Intermediates.noindex/cmark-gfm.build/Debug/cmark-gfm.build/Objects-normal/arm64/houdini_href_e.o -index-unit-output-path /cmark-gfm.build/Debug/cmark-gfm.build/Objects-normal/arm64/houdini_href_e.o

ScanDependencies /Users/runner/work/orbit/orbit/.recap-entries-probe/.dd-mac/Build/Intermediates.noindex/cmark-gfm.build/Debug/cmark-gfm.build/Objects-normal/arm64/footnotes.o /Users/runner/work/orbit/orbit/.recap-entries-probe/.dd-mac/SourcePackages/checkouts/swift-cmark/src/footnotes.c normal arm64 c com.apple.compilers.llvm.clang.1_0.compiler (in target 'cmark-gfm' from project 'cmark-gfm')
    cd /Users/runner/work/orbit/orbit/.recap-entries-probe/RecapEntriesProbe.xcodeproj
    
    Using response file: /Users/runner/work/orbit/orbit/.recap-entries-probe/.dd-mac/Build/Intermediates.noindex/cmark-gfm.build/Debug/cmark-gfm.build/Objects-normal/arm64/7187679823f38a2a940e0043cdf9d637-common-args.resp
    
    builtin-ScanDependencies -o /Users/runner/work/orbit/orbit/.recap-entries-probe/.dd-mac/Build/Intermediates.noindex/cmark-gfm.build/Debug/cmark-gfm.build/Objects-normal/arm64/footnotes.o.scan -- /Applications/Xcode_26.6.app/Contents/Developer/Toolchains/XcodeDefault.xctoolchain/usr/bin/clang -x c -ivfsstatcache /Users/runner/work/orbit/orbit/.recap-entries-probe/.dd-mac/SDKStatCaches.noindex/macosx26.5-25F70-688ef53f1462e2c8f657fdc38a81448fee0e6409aa6676c5e6c013d148225433.sdkstatcache -target arm64-apple-macos10.13 -fmessage-length\=0 -fdiagnostics-show-note-include-stack -fmacro-backtrace-limit\=0 -fno-color-diagnostics -fmodules-prune-interval\=86400 -fmodules-prune-after\=345600 -fbuild-session-file\=/Users/runner/work/orbit/orbit/.recap-entries-probe/.dd-mac/ModuleCache.noindex/Session.modulevalidation -fmodules-validate-once-per-build-session -Wnon-modular-include-in-framework-module -Werror\=non-modular-include-in-framework-module -Wno-trigraphs -Wno-missing-field-initializers -Wno-missing-prototypes -Wno-return-type -Wno-missing-braces -Wparentheses -Wswitch -Wno-unused-function -Wno-unused-label -Wno-unused-parameter -Wno-unused-variable -Wunused-value -Wno-empty-body -Wno-uninitialized -Wno-unknown-pragmas -w -Wno-shadow -Wno-four-char-constants -Wno-conversion -Wno-constant-conversion -Wno-int-conversion -Wno-bool-conversion -Wno-enum-conversion -Wno-float-conversion -Wno-non-literal-null-conversion -Wno-objc-literal-conversion -Wshorten-64-to-32 -Wpointer-sign -Wno-newline-eof -Wno-implicit-fallthrough -isysroot /Applications/Xcode_26.6.app/Contents/Developer/Platforms/MacOSX.platform/Developer/SDKs/MacOSX26.5.sdk -fstrict-aliasing -Wdeprecated-declarations -Wno-sign-conversion -Wno-infinite-recursion -Wno-comma -Wno-block-capture-autoreleasing -Wno-strict-prototypes -Wno-semicolon-before-method-body -index-store-path /Users/runner/work/orbit/orbit/.recap-entries-probe/.dd-mac/Index.noindex/DataStore @/Users/runner/work/orbit/orbit/.recap-entries-probe/.dd-mac/Build/Intermediates.noindex/cmark-gfm.build/Debug/cmark-gfm.build/Objects-normal/arm64/7187679823f38a2a940e0043cdf9d637-common-args.resp -MMD -MT dependencies -MF /Users/runner/work/orbit/orbit/.recap-entries-probe/.dd-mac/Build/Intermediates.noindex/cmark-gfm.build/Debug/cmark-gfm.build/Objects-normal/arm64/footnotes.d --serialize-diagnostics /Users/runner/work/orbit/orbit/.recap-entries-probe/.dd-mac/Build/Intermediates.noindex/cmark-gfm.build/Debug/cmark-gfm.build/Objects-normal/arm64/footnotes.dia -c /Users/runner/work/orbit/orbit/.recap-entries-probe/.dd-mac/SourcePackages/checkouts/swift-cmark/src/footnotes.c -o /Users/runner/work/orbit/orbit/.recap-entries-probe/.dd-mac/Build/Intermediates.noindex/cmark-gfm.build/Debug/cmark-gfm.build/Objects-normal/arm64/footnotes.o -index-unit-output-path /cmark-gfm.build/Debug/cmark-gfm.build/Objects-normal/arm64/footnotes.o

ScanDependencies /Users/runner/work/orbit/orbit/.recap-entries-probe/.dd-mac/Build/Intermediates.noindex/cmark-gfm.build/Debug/cmark-gfm.build/Objects-normal/arm64/commonmark.o /Users/runner/work/orbit/orbit/.recap-entries-probe/.dd-mac/SourcePackages/checkouts/swift-cmark/src/commonmark.c normal arm64 c com.apple.compilers.llvm.clang.1_0.compiler (in target 'cmark-gfm' from project 'cmark-gfm')
    cd /Users/runner/work/orbit/orbit/.recap-entries-probe/RecapEntriesProbe.xcodeproj
    
    Using response file: /Users/runner/work/orbit/orbit/.recap-entries-probe/.dd-mac/Build/Intermediates.noindex/cmark-gfm.build/Debug/cmark-gfm.build/Objects-normal/arm64/7187679823f38a2a940e0043cdf9d637-common-args.resp
    
    builtin-ScanDependencies -o /Users/runner/work/orbit/orbit/.recap-entries-probe/.dd-mac/Build/Intermediates.noindex/cmark-gfm.build/Debug/cmark-gfm.build/Objects-normal/arm64/commonmark.o.scan -- /Applications/Xcode_26.6.app/Contents/Developer/Toolchains/XcodeDefault.xctoolchain/usr/bin/clang -x c -ivfsstatcache /Users/runner/work/orbit/orbit/.recap-entries-probe/.dd-mac/SDKStatCaches.noindex/macosx26.5-25F70-688ef53f1462e2c8f657fdc38a81448fee0e6409aa6676c5e6c013d148225433.sdkstatcache -target arm64-apple-macos10.13 -fmessage-length\=0 -fdiagnostics-show-note-include-stack -fmacro-backtrace-limit\=0 -fno-color-diagnostics -fmodules-prune-interval\=86400 -fmodules-prune-after\=345600 -fbuild-session-file\=/Users/runner/work/orbit/orbit/.recap-entries-probe/.dd-mac/ModuleCache.noindex/Session.modulevalidation -fmodules-validate-once-per-build-session -Wnon-modular-include-in-framework-module -Werror\=non-modular-include-in-framework-module -Wno-trigraphs -Wno-missing-field-initializers -Wno-missing-prototypes -Wno-return-type -Wno-missing-braces -Wparentheses -Wswitch -Wno-unused-function -Wno-unused-label -Wno-unused-parameter -Wno-unused-variable -Wunused-value -Wno-empty-body -Wno-uninitialized -Wno-unknown-pragmas -w -Wno-shadow -Wno-four-char-constants -Wno-conversion -Wno-constant-conversion -Wno-int-conversion -Wno-bool-conversion -Wno-enum-conversion -Wno-float-conversion -Wno-non-literal-null-conversion -Wno-objc-literal-conversion -Wshorten-64-to-32 -Wpointer-sign -Wno-newline-eof -Wno-implicit-fallthrough -isysroot /Applications/Xcode_26.6.app/Contents/Developer/Platforms/MacOSX.platform/Developer/SDKs/MacOSX26.5.sdk -fstrict-aliasing -Wdeprecated-declarations -Wno-sign-conversion -Wno-infinite-recursion -Wno-comma -Wno-block-capture-autoreleasing -Wno-strict-prototypes -Wno-semicolon-before-method-body -index-store-path /Users/runner/work/orbit/orbit/.recap-entries-probe/.dd-mac/Index.noindex/DataStore @/Users/runner/work/orbit/orbit/.recap-entries-probe/.dd-mac/Build/Intermediates.noindex/cmark-gfm.build/Debug/cmark-gfm.build/Objects-normal/arm64/7187679823f38a2a940e0043cdf9d637-common-args.resp -MMD -MT dependencies -MF /Users/runner/work/orbit/orbit/.recap-entries-probe/.dd-mac/Build/Intermediates.noindex/cmark-gfm.build/Debug/cmark-gfm.build/Objects-normal/arm64/commonmark.d --serialize-diagnostics /Users/runner/work/orbit/orbit/.recap-entries-probe/.dd-mac/Build/Intermediates.noindex/cmark-gfm.build/Debug/cmark-gfm.build/Objects-normal/arm64/commonmark.dia -c /Users/runner/work/orbit/orbit/.recap-entries-probe/.dd-mac/SourcePackages/checkouts/swift-cmark/src/commonmark.c -o /Users/runner/work/orbit/orbit/.recap-entries-probe/.dd-mac/Build/Intermediates.noindex/cmark-gfm.build/Debug/cmark-gfm.build/Objects-normal/arm64/commonmark.o -index-unit-output-path /cmark-gfm.build/Debug/cmark-gfm.build/Objects-normal/arm64/commonmark.o

ScanDependencies /Users/runner/work/orbit/orbit/.recap-entries-probe/.dd-mac/Build/Intermediates.noindex/cmark-gfm.build/Debug/cmark-gfm.build/Objects-normal/arm64/cmark_ctype.o /Users/runner/work/orbit/orbit/.recap-entries-probe/.dd-mac/SourcePackages/checkouts/swift-cmark/src/cmark_ctype.c normal arm64 c com.apple.compilers.llvm.clang.1_0.compiler (in target 'cmark-gfm' from project 'cmark-gfm')
    cd /Users/runner/work/orbit/orbit/.recap-entries-probe/RecapEntriesProbe.xcodeproj
    
    Using response file: /Users/runner/work/orbit/orbit/.recap-entries-probe/.dd-mac/Build/Intermediates.noindex/cmark-gfm.build/Debug/cmark-gfm.build/Objects-normal/arm64/7187679823f38a2a940e0043cdf9d637-common-args.resp
    
    builtin-ScanDependencies -o /Users/runner/work/orbit/orbit/.recap-entries-probe/.dd-mac/Build/Intermediates.noindex/cmark-gfm.build/Debug/cmark-gfm.build/Objects-normal/arm64/cmark_ctype.o.scan -- /Applications/Xcode_26.6.app/Contents/Developer/Toolchains/XcodeDefault.xctoolchain/usr/bin/clang -x c -ivfsstatcache /Users/runner/work/orbit/orbit/.recap-entries-probe/.dd-mac/SDKStatCaches.noindex/macosx26.5-25F70-688ef53f1462e2c8f657fdc38a81448fee0e6409aa6676c5e6c013d148225433.sdkstatcache -target arm64-apple-macos10.13 -fmessage-length\=0 -fdiagnostics-show-note-include-stack -fmacro-backtrace-limit\=0 -fno-color-diagnostics -fmodules-prune-interval\=86400 -fmodules-prune-after\=345600 -fbuild-session-file\=/Users/runner/work/orbit/orbit/.recap-entries-probe/.dd-mac/ModuleCache.noindex/Session.modulevalidation -fmodules-validate-once-per-build-session -Wnon-modular-include-in-framework-module -Werror\=non-modular-include-in-framework-module -Wno-trigraphs -Wno-missing-field-initializers -Wno-missing-prototypes -Wno-return-type -Wno-missing-braces -Wparentheses -Wswitch -Wno-unused-function -Wno-unused-label -Wno-unused-parameter -Wno-unused-variable -Wunused-value -Wno-empty-body -Wno-uninitialized -Wno-unknown-pragmas -w -Wno-shadow -Wno-four-char-constants -Wno-conversion -Wno-constant-conversion -Wno-int-conversion -Wno-bool-conversion -Wno-enum-conversion -Wno-float-conversion -Wno-non-literal-null-conversion -Wno-objc-literal-conversion -Wshorten-64-to-32 -Wpointer-sign -Wno-newline-eof -Wno-implicit-fallthrough -isysroot /Applications/Xcode_26.6.app/Contents/Developer/Platforms/MacOSX.platform/Developer/SDKs/MacOSX26.5.sdk -fstrict-aliasing -Wdeprecated-declarations -Wno-sign-conversion -Wno-infinite-recursion -Wno-comma -Wno-block-capture-autoreleasing -Wno-strict-prototypes -Wno-semicolon-before-method-body -index-store-path /Users/runner/work/orbit/orbit/.recap-entries-probe/.dd-mac/Index.noindex/DataStore @/Users/runner/work/orbit/orbit/.recap-entries-probe/.dd-mac/Build/Intermediates.noindex/cmark-gfm.build/Debug/cmark-gfm.build/Objects-normal/arm64/7187679823f38a2a940e0043cdf9d637-common-args.resp -MMD -MT dependencies -MF /Users/runner/work/orbit/orbit/.recap-entries-probe/.dd-mac/Build/Intermediates.noindex/cmark-gfm.build/Debug/cmark-gfm.build/Objects-normal/arm64/cmark_ctype.d --serialize-diagnostics /Users/runner/work/orbit/orbit/.recap-entries-probe/.dd-mac/Build/Intermediates.noindex/cmark-gfm.build/Debug/cmark-gfm.build/Objects-normal/arm64/cmark_ctype.dia -c /Users/runner/work/orbit/orbit/.recap-entries-probe/.dd-mac/SourcePackages/checkouts/swift-cmark/src/cmark_ctype.c -o /Users/runner/work/orbit/orbit/.recap-entries-probe/.dd-mac/Build/Intermediates.noindex/cmark-gfm.build/Debug/cmark-gfm.build/Objects-normal/arm64/cmark_ctype.o -index-unit-output-path /cmark-gfm.build/Debug/cmark-gfm.build/Objects-normal/arm64/cmark_ctype.o

SwiftExplicitDependencyGeneratePcm arm64 /Users/runner/work/orbit/orbit/.recap-entries-probe/.dd-mac/ModuleCache.noindex/sys_types-AS2XVMZVQNPF118P5G16IVY6Y.pcm

SwiftExplicitDependencyGeneratePcm arm64 /Users/runner/work/orbit/orbit/.recap-entries-probe/.dd-mac/ModuleCache.noindex/_Builtin_stdint-8N274DS9N9RH2UZLAXH3PSM9M.pcm

CompileC /Users/runner/work/orbit/orbit/.recap-entries-probe/.dd-mac/Build/Intermediates.noindex/cmark-gfm.build/Debug/cmark-gfm.build/Objects-normal/arm64/footnotes.o /Users/runner/work/orbit/orbit/.recap-entries-probe/.dd-mac/SourcePackages/checkouts/swift-cmark/src/footnotes.c normal arm64 c com.apple.compilers.llvm.clang.1_0.compiler (in target 'cmark-gfm' from project 'cmark-gfm')
    cd /Users/runner/work/orbit/orbit/.recap-entries-probe/RecapEntriesProbe.xcodeproj
    
    Using response file: /Users/runner/work/orbit/orbit/.recap-entries-probe/.dd-mac/Build/Intermediates.noindex/cmark-gfm.build/Debug/cmark-gfm.build/Objects-normal/arm64/7187679823f38a2a940e0043cdf9d637-common-args.resp
    
    /Applications/Xcode_26.6.app/Contents/Developer/Toolchains/XcodeDefault.xctoolchain/usr/bin/clang -x c -ivfsstatcache /Users/runner/work/orbit/orbit/.recap-entries-probe/.dd-mac/SDKStatCaches.noindex/macosx26.5-25F70-688ef53f1462e2c8f657fdc38a81448fee0e6409aa6676c5e6c013d148225433.sdkstatcache -target arm64-apple-macos10.13 -fmessage-length\=0 -fdiagnostics-show-note-include-stack -fmacro-backtrace-limit\=0 -fno-color-diagnostics -fmodules-prune-interval\=86400 -fmodules-prune-after\=345600 -fbuild-session-file\=/Users/runner/work/orbit/orbit/.recap-entries-probe/.dd-mac/ModuleCache.noindex/Session.modulevalidation -fmodules-validate-once-per-build-session -Wnon-modular-include-in-framework-module -Werror\=non-modular-include-in-framework-module -Wno-trigraphs -Wno-missing-field-initializers -Wno-missing-prototypes -Wno-return-type -Wno-missing-braces -Wparentheses -Wswitch -Wno-unused-function -Wno-unused-label -Wno-unused-parameter -Wno-unused-variable -Wunused-value -Wno-empty-body -Wno-uninitialized -Wno-unknown-pragmas -w -Wno-shadow -Wno-four-char-constants -Wno-conversion -Wno-constant-conversion -Wno-int-conversion -Wno-bool-conversion -Wno-enum-conversion -Wno-float-conversion -Wno-non-literal-null-conversion -Wno-objc-literal-conversion -Wshorten-64-to-32 -Wpointer-sign -Wno-newline-eof -Wno-implicit-fallthrough -isysroot /Applications/Xcode_26.6.app/Contents/Developer/Platforms/MacOSX.platform/Developer/SDKs/MacOSX26.5.sdk -fstrict-aliasing -Wdeprecated-declarations -Wno-sign-conversion -Wno-infinite-recursion -Wno-comma -Wno-block-capture-autoreleasing -Wno-strict-prototypes -Wno-semicolon-before-method-body -index-store-path /Users/runner/work/orbit/orbit/.recap-entries-probe/.dd-mac/Index.noindex/DataStore @/Users/runner/work/orbit/orbit/.recap-entries-probe/.dd-mac/Build/Intermediates.noindex/cmark-gfm.build/Debug/cmark-gfm.build/Objects-normal/arm64/7187679823f38a2a940e0043cdf9d637-common-args.resp -MMD -MT dependencies -MF /Users/runner/work/orbit/orbit/.recap-entries-probe/.dd-mac/Build/Intermediates.noindex/cmark-gfm.build/Debug/cmark-gfm.build/Objects-normal/arm64/footnotes.d --serialize-diagnostics /Users/runner/work/orbit/orbit/.recap-entries-probe/.dd-mac/Build/Intermediates.noindex/cmark-gfm.build/Debug/cmark-gfm.build/Objects-normal/arm64/footnotes.dia -c /Users/runner/work/orbit/orbit/.recap-entries-probe/.dd-mac/SourcePackages/checkouts/swift-cmark/src/footnotes.c -o /Users/runner/work/orbit/orbit/.recap-entries-probe/.dd-mac/Build/Intermediates.noindex/cmark-gfm.build/Debug/cmark-gfm.build/Objects-normal/arm64/footnotes.o -index-unit-output-path /cmark-gfm.build/Debug/cmark-gfm.build/Objects-normal/arm64/footnotes.o

CompileC /Users/runner/work/orbit/orbit/.recap-entries-probe/.dd-mac/Build/Intermediates.noindex/cmark-gfm.build/Debug/cmark-gfm.build/Objects-normal/arm64/commonmark.o /Users/runner/work/orbit/orbit/.recap-entries-probe/.dd-mac/SourcePackages/checkouts/swift-cmark/src/commonmark.c normal arm64 c com.apple.compilers.llvm.clang.1_0.compiler (in target 'cmark-gfm' from project 'cmark-gfm')
    cd /Users/runner/work/orbit/orbit/.recap-entries-probe/RecapEntriesProbe.xcodeproj
    
    Using response file: /Users/runner/work/orbit/orbit/.recap-entries-probe/.dd-mac/Build/Intermediates.noindex/cmark-gfm.build/Debug/cmark-gfm.build/Objects-normal/arm64/7187679823f38a2a940e0043cdf9d637-common-args.resp
    
    /Applications/Xcode_26.6.app/Contents/Developer/Toolchains/XcodeDefault.xctoolchain/usr/bin/clang -x c -ivfsstatcache /Users/runner/work/orbit/orbit/.recap-entries-probe/.dd-mac/SDKStatCaches.noindex/macosx26.5-25F70-688ef53f1462e2c8f657fdc38a81448fee0e6409aa6676c5e6c013d148225433.sdkstatcache -target arm64-apple-macos10.13 -fmessage-length\=0 -fdiagnostics-show-note-include-stack -fmacro-backtrace-limit\=0 -fno-color-diagnostics -fmodules-prune-interval\=86400 -fmodules-prune-after\=345600 -fbuild-session-file\=/Users/runner/work/orbit/orbit/.recap-entries-probe/.dd-mac/ModuleCache.noindex/Session.modulevalidation -fmodules-validate-once-per-build-session -Wnon-modular-include-in-framework-module -Werror\=non-modular-include-in-framework-module -Wno-trigraphs -Wno-missing-field-initializers -Wno-missing-prototypes -Wno-return-type -Wno-missing-braces -Wparentheses -Wswitch -Wno-unused-function -Wno-unused-label -Wno-unused-parameter -Wno-unused-variable -Wunused-value -Wno-empty-body -Wno-uninitialized -Wno-unknown-pragmas -w -Wno-shadow -Wno-four-char-constants -Wno-conversion -Wno-constant-conversion -Wno-int-conversion -Wno-bool-conversion -Wno-enum-conversion -Wno-float-conversion -Wno-non-literal-null-conversion -Wno-objc-literal-conversion -Wshorten-64-to-32 -Wpointer-sign -Wno-newline-eof -Wno-implicit-fallthrough -isysroot /Applications/Xcode_26.6.app/Contents/Developer/Platforms/MacOSX.platform/Developer/SDKs/MacOSX26.5.sdk -fstrict-aliasing -Wdeprecated-declarations -Wno-sign-conversion -Wno-infinite-recursion -Wno-comma -Wno-block-capture-autoreleasing -Wno-strict-prototypes -Wno-semicolon-before-method-body -index-store-path /Users/runner/work/orbit/orbit/.recap-entries-probe/.dd-mac/Index.noindex/DataStore @/Users/runner/work/orbit/orbit/.recap-entries-probe/.dd-mac/Build/Intermediates.noindex/cmark-gfm.build/Debug/cmark-gfm.build/Objects-normal/arm64/7187679823f38a2a940e0043cdf9d637-common-args.resp -MMD -MT dependencies -MF /Users/runner/work/orbit/orbit/.recap-entries-probe/.dd-mac/Build/Intermediates.noindex/cmark-gfm.build/Debug/cmark-gfm.build/Objects-normal/arm64/commonmark.d --serialize-diagnostics /Users/runner/work/orbit/orbit/.recap-entries-probe/.dd-mac/Build/Intermediates.noindex/cmark-gfm.build/Debug/cmark-gfm.build/Objects-normal/arm64/commonmark.dia -c /Users/runner/work/orbit/orbit/.recap-entries-probe/.dd-mac/SourcePackages/checkouts/swift-cmark/src/commonmark.c -o /Users/runner/work/orbit/orbit/.recap-entries-probe/.dd-mac/Build/Intermediates.noindex/cmark-gfm.build/Debug/cmark-gfm.build/Objects-normal/arm64/commonmark.o -index-unit-output-path /cmark-gfm.build/Debug/cmark-gfm.build/Objects-normal/arm64/commonmark.o

CompileC /Users/runner/work/orbit/orbit/.recap-entries-probe/.dd-mac/Build/Intermediates.noindex/cmark-gfm.build/Debug/cmark-gfm.build/Objects-normal/arm64/cmark_ctype.o /Users/runner/work/orbit/orbit/.recap-entries-probe/.dd-mac/SourcePackages/checkouts/swift-cmark/src/cmark_ctype.c normal arm64 c com.apple.compilers.llvm.clang.1_0.compiler (in target 'cmark-gfm' from project 'cmark-gfm')
    cd /Users/runner/work/orbit/orbit/.recap-entries-probe/RecapEntriesProbe.xcodeproj
    
    Using response file: /Users/runner/work/orbit/orbit/.recap-entries-probe/.dd-mac/Build/Intermediates.noindex/cmark-gfm.build/Debug/cmark-gfm.build/Objects-normal/arm64/7187679823f38a2a940e0043cdf9d637-common-args.resp
    
    /Applications/Xcode_26.6.app/Contents/Developer/Toolchains/XcodeDefault.xctoolchain/usr/bin/clang -x c -ivfsstatcache /Users/runner/work/orbit/orbit/.recap-entries-probe/.dd-mac/SDKStatCaches.noindex/macosx26.5-25F70-688ef53f1462e2c8f657fdc38a81448fee0e6409aa6676c5e6c013d148225433.sdkstatcache -target arm64-apple-macos10.13 -fmessage-length\=0 -fdiagnostics-show-note-include-stack -fmacro-backtrace-limit\=0 -fno-color-diagnostics -fmodules-prune-interval\=86400 -fmodules-prune-after\=345600 -fbuild-session-file\=/Users/runner/work/orbit/orbit/.recap-entries-probe/.dd-mac/ModuleCache.noindex/Session.modulevalidation -fmodules-validate-once-per-build-session -Wnon-modular-include-in-framework-module -Werror\=non-modular-include-in-framework-module -Wno-trigraphs -Wno-missing-field-initializers -Wno-missing-prototypes -Wno-return-type -Wno-missing-braces -Wparentheses -Wswitch -Wno-unused-function -Wno-unused-label -Wno-unused-parameter -Wno-unused-variable -Wunused-value -Wno-empty-body -Wno-uninitialized -Wno-unknown-pragmas -w -Wno-shadow -Wno-four-char-constants -Wno-conversion -Wno-constant-conversion -Wno-int-conversion -Wno-bool-conversion -Wno-enum-conversion -Wno-float-conversion -Wno-non-literal-null-conversion -Wno-objc-literal-conversion -Wshorten-64-to-32 -Wpointer-sign -Wno-newline-eof -Wno-implicit-fallthrough -isysroot /Applications/Xcode_26.6.app/Contents/Developer/Platforms/MacOSX.platform/Developer/SDKs/MacOSX26.5.sdk -fstrict-aliasing -Wdeprecated-declarations -Wno-sign-conversion -Wno-infinite-recursion -Wno-comma -Wno-block-capture-autoreleasing -Wno-strict-prototypes -Wno-semicolon-before-method-body -index-store-path /Users/runner/work/orbit/orbit/.recap-entries-probe/.dd-mac/Index.noindex/DataStore @/Users/runner/work/orbit/orbit/.recap-entries-probe/.dd-mac/Build/Intermediates.noindex/cmark-gfm.build/Debug/cmark-gfm.build/Objects-normal/arm64/7187679823f38a2a940e0043cdf9d637-common-args.resp -MMD -MT dependencies -MF /Users/runner/work/orbit/orbit/.recap-entries-probe/.dd-mac/Build/Intermediates.noindex/cmark-gfm.build/Debug/cmark-gfm.build/Objects-normal/arm64/cmark_ctype.d --serialize-diagnostics /Users/runner/work/orbit/orbit/.recap-entries-probe/.dd-mac/Build/Intermediates.noindex/cmark-gfm.build/Debug/cmark-gfm.build/Objects-normal/arm64/cmark_ctype.dia -c /Users/runner/work/orbit/orbit/.recap-entries-probe/.dd-mac/SourcePackages/checkouts/swift-cmark/src/cmark_ctype.c -o /Users/runner/work/orbit/orbit/.recap-entries-probe/.dd-mac/Build/Intermediates.noindex/cmark-gfm.build/Debug/cmark-gfm.build/Objects-normal/arm64/cmark_ctype.o -index-unit-output-path /cmark-gfm.build/Debug/cmark-gfm.build/Objects-normal/arm64/cmark_ctype.o

ScanDependencies /Users/runner/work/orbit/orbit/.recap-entries-probe/.dd-mac/Build/Intermediates.noindex/cmark-gfm.build/Debug/cmark-gfm.build/Objects-normal/arm64/cmark.o /Users/runner/work/orbit/orbit/.recap-entries-probe/.dd-mac/SourcePackages/checkouts/swift-cmark/src/cmark.c normal arm64 c com.apple.compilers.llvm.clang.1_0.compiler (in target 'cmark-gfm' from project 'cmark-gfm')
    cd /Users/runner/work/orbit/orbit/.recap-entries-probe/RecapEntriesProbe.xcodeproj
    
    Using response file: /Users/runner/work/orbit/orbit/.recap-entries-probe/.dd-mac/Build/Intermediates.noindex/cmark-gfm.build/Debug/cmark-gfm.build/Objects-normal/arm64/7187679823f38a2a940e0043cdf9d637-common-args.resp
    
    builtin-ScanDependencies -o /Users/runner/work/orbit/orbit/.recap-entries-probe/.dd-mac/Build/Intermediates.noindex/cmark-gfm.build/Debug/cmark-gfm.build/Objects-normal/arm64/cmark.o.scan -- /Applications/Xcode_26.6.app/Contents/Developer/Toolchains/XcodeDefault.xctoolchain/usr/bin/clang -x c -ivfsstatcache /Users/runner/work/orbit/orbit/.recap-entries-probe/.dd-mac/SDKStatCaches.noindex/macosx26.5-25F70-688ef53f1462e2c8f657fdc38a81448fee0e6409aa6676c5e6c013d148225433.sdkstatcache -target arm64-apple-macos10.13 -fmessage-length\=0 -fdiagnostics-show-note-include-stack -fmacro-backtrace-limit\=0 -fno-color-diagnostics -fmodules-prune-interval\=86400 -fmodules-prune-after\=345600 -fbuild-session-file\=/Users/runner/work/orbit/orbit/.recap-entries-probe/.dd-mac/ModuleCache.noindex/Session.modulevalidation -fmodules-validate-once-per-build-session -Wnon-modular-include-in-framework-module -Werror\=non-modular-include-in-framework-module -Wno-trigraphs -Wno-missing-field-initializers -Wno-missing-prototypes -Wno-return-type -Wno-missing-braces -Wparentheses -Wswitch -Wno-unused-function -Wno-unused-label -Wno-unused-parameter -Wno-unused-variable -Wunused-value -Wno-empty-body -Wno-uninitialized -Wno-unknown-pragmas -w -Wno-shadow -Wno-four-char-constants -Wno-conversion -Wno-constant-conversion -Wno-int-conversion -Wno-bool-conversion -Wno-enum-conversion -Wno-float-conversion -Wno-non-literal-null-conversion -Wno-objc-literal-conversion -Wshorten-64-to-32 -Wpointer-sign -Wno-newline-eof -Wno-implicit-fallthrough -isysroot /Applications/Xcode_26.6.app/Contents/Developer/Platforms/MacOSX.platform/Developer/SDKs/MacOSX26.5.sdk -fstrict-aliasing -Wdeprecated-declarations -Wno-sign-conversion -Wno-infinite-recursion -Wno-comma -Wno-block-capture-autoreleasing -Wno-strict-prototypes -Wno-semicolon-before-method-body -index-store-path /Users/runner/work/orbit/orbit/.recap-entries-probe/.dd-mac/Index.noindex/DataStore @/Users/runner/work/orbit/orbit/.recap-entries-probe/.dd-mac/Build/Intermediates.noindex/cmark-gfm.build/Debug/cmark-gfm.build/Objects-normal/arm64/7187679823f38a2a940e0043cdf9d637-common-args.resp -MMD -MT dependencies -MF /Users/runner/work/orbit/orbit/.recap-entries-probe/.dd-mac/Build/Intermediates.noindex/cmark-gfm.build/Debug/cmark-gfm.build/Objects-normal/arm64/cmark.d --serialize-diagnostics /Users/runner/work/orbit/orbit/.recap-entries-probe/.dd-mac/Build/Intermediates.noindex/cmark-gfm.build/Debug/cmark-gfm.build/Objects-normal/arm64/cmark.dia -c /Users/runner/work/orbit/orbit/.recap-entries-probe/.dd-mac/SourcePackages/checkouts/swift-cmark/src/cmark.c -o /Users/runner/work/orbit/orbit/.recap-entries-probe/.dd-mac/Build/Intermediates.noindex/cmark-gfm.build/Debug/cmark-gfm.build/Objects-normal/arm64/cmark.o -index-unit-output-path /cmark-gfm.build/Debug/cmark-gfm.build/Objects-normal/arm64/cmark.o

SwiftExplicitDependencyGeneratePcm arm64 /Users/runner/work/orbit/orbit/.recap-entries-probe/.dd-mac/Build/Intermediates.noindex/SwiftExplicitPrecompiledModules/CAtomic-9BCOOBD8QDHGD506TJ36A59Y7.pcm

SwiftExplicitDependencyGeneratePcm arm64 /Users/runner/work/orbit/orbit/.recap-entries-probe/.dd-mac/ModuleCache.noindex/_DarwinFoundation3-2MQBV8AAT45SRCQEFI8F5RDHQ.pcm

SwiftExplicitDependencyGeneratePcm arm64 /Users/runner/work/orbit/orbit/.recap-entries-probe/.dd-mac/ModuleCache.noindex/libDER-7QSWTWGWT2URLMKZS06KQNKHG.pcm

CompileC /Users/runner/work/orbit/orbit/.recap-entries-probe/.dd-mac/Build/Intermediates.noindex/cmark-gfm.build/Debug/cmark-gfm.build/Objects-normal/arm64/cmark.o /Users/runner/work/orbit/orbit/.recap-entries-probe/.dd-mac/SourcePackages/checkouts/swift-cmark/src/cmark.c normal arm64 c com.apple.compilers.llvm.clang.1_0.compiler (in target 'cmark-gfm' from project 'cmark-gfm')
    cd /Users/runner/work/orbit/orbit/.recap-entries-probe/RecapEntriesProbe.xcodeproj
    
    Using response file: /Users/runner/work/orbit/orbit/.recap-entries-probe/.dd-mac/Build/Intermediates.noindex/cmark-gfm.build/Debug/cmark-gfm.build/Objects-normal/arm64/7187679823f38a2a940e0043cdf9d637-common-args.resp
    
    /Applications/Xcode_26.6.app/Contents/Developer/Toolchains/XcodeDefault.xctoolchain/usr/bin/clang -x c -ivfsstatcache /Users/runner/work/orbit/orbit/.recap-entries-probe/.dd-mac/SDKStatCaches.noindex/macosx26.5-25F70-688ef53f1462e2c8f657fdc38a81448fee0e6409aa6676c5e6c013d148225433.sdkstatcache -target arm64-apple-macos10.13 -fmessage-length\=0 -fdiagnostics-show-note-include-stack -fmacro-backtrace-limit\=0 -fno-color-diagnostics -fmodules-prune-interval\=86400 -fmodules-prune-after\=345600 -fbuild-session-file\=/Users/runner/work/orbit/orbit/.recap-entries-probe/.dd-mac/ModuleCache.noindex/Session.modulevalidation -fmodules-validate-once-per-build-session -Wnon-modular-include-in-framework-module -Werror\=non-modular-include-in-framework-module -Wno-trigraphs -Wno-missing-field-initializers -Wno-missing-prototypes -Wno-return-type -Wno-missing-braces -Wparentheses -Wswitch -Wno-unused-function -Wno-unused-label -Wno-unused-parameter -Wno-unused-variable -Wunused-value -Wno-empty-body -Wno-uninitialized -Wno-unknown-pragmas -w -Wno-shadow -Wno-four-char-constants -Wno-conversion -Wno-constant-conversion -Wno-int-conversion -Wno-bool-conversion -Wno-enum-conversion -Wno-float-conversion -Wno-non-literal-null-conversion -Wno-objc-literal-conversion -Wshorten-64-to-32 -Wpointer-sign -Wno-newline-eof -Wno-implicit-fallthrough -isysroot /Applications/Xcode_26.6.app/Contents/Developer/Platforms/MacOSX.platform/Developer/SDKs/MacOSX26.5.sdk -fstrict-aliasing -Wdeprecated-declarations -Wno-sign-conversion -Wno-infinite-recursion -Wno-comma -Wno-block-capture-autoreleasing -Wno-strict-prototypes -Wno-semicolon-before-method-body -index-store-path /Users/runner/work/orbit/orbit/.recap-entries-probe/.dd-mac/Index.noindex/DataStore @/Users/runner/work/orbit/orbit/.recap-entries-probe/.dd-mac/Build/Intermediates.noindex/cmark-gfm.build/Debug/cmark-gfm.build/Objects-normal/arm64/7187679823f38a2a940e0043cdf9d637-common-args.resp -MMD -MT dependencies -MF /Users/runner/work/orbit/orbit/.recap-entries-probe/.dd-mac/Build/Intermediates.noindex/cmark-gfm.build/Debug/cmark-gfm.build/Objects-normal/arm64/cmark.d --serialize-diagnostics /Users/runner/work/orbit/orbit/.recap-entries-probe/.dd-mac/Build/Intermediates.noindex/cmark-gfm.build/Debug/cmark-gfm.build/Objects-normal/arm64/cmark.dia -c /Users/runner/work/orbit/orbit/.recap-entries-probe/.dd-mac/SourcePackages/checkouts/swift-cmark/src/cmark.c -o /Users/runner/work/orbit/orbit/.recap-entries-probe/.dd-mac/Build/Intermediates.noindex/cmark-gfm.build/Debug/cmark-gfm.build/Objects-normal/arm64/cmark.o -index-unit-output-path /cmark-gfm.build/Debug/cmark-gfm.build/Objects-normal/arm64/cmark.o

ScanDependencies /Users/runner/work/orbit/orbit/.recap-entries-probe/.dd-mac/Build/Intermediates.noindex/cmark-gfm.build/Debug/cmark-gfm.build/Objects-normal/arm64/buffer.o /Users/runner/work/orbit/orbit/.recap-entries-probe/.dd-mac/SourcePackages/checkouts/swift-cmark/src/buffer.c normal arm64 c com.apple.compilers.llvm.clang.1_0.compiler (in target 'cmark-gfm' from project 'cmark-gfm')
    cd /Users/runner/work/orbit/orbit/.recap-entries-probe/RecapEntriesProbe.xcodeproj
    
    Using response file: /Users/runner/work/orbit/orbit/.recap-entries-probe/.dd-mac/Build/Intermediates.noindex/cmark-gfm.build/Debug/cmark-gfm.build/Objects-normal/arm64/7187679823f38a2a940e0043cdf9d637-common-args.resp
    
    builtin-ScanDependencies -o /Users/runner/work/orbit/orbit/.recap-entries-probe/.dd-mac/Build/Intermediates.noindex/cmark-gfm.build/Debug/cmark-gfm.build/Objects-normal/arm64/buffer.o.scan -- /Applications/Xcode_26.6.app/Contents/Developer/Toolchains/XcodeDefault.xctoolchain/usr/bin/clang -x c -ivfsstatcache /Users/runner/work/orbit/orbit/.recap-entries-probe/.dd-mac/SDKStatCaches.noindex/macosx26.5-25F70-688ef53f1462e2c8f657fdc38a81448fee0e6409aa6676c5e6c013d148225433.sdkstatcache -target arm64-apple-macos10.13 -fmessage-length\=0 -fdiagnostics-show-note-include-stack -fmacro-backtrace-limit\=0 -fno-color-diagnostics -fmodules-prune-interval\=86400 -fmodules-prune-after\=345600 -fbuild-session-file\=/Users/runner/work/orbit/orbit/.recap-entries-probe/.dd-mac/ModuleCache.noindex/Session.modulevalidation -fmodules-validate-once-per-build-session -Wnon-modular-include-in-framework-module -Werror\=non-modular-include-in-framework-module -Wno-trigraphs -Wno-missing-field-initializers -Wno-missing-prototypes -Wno-return-type -Wno-missing-braces -Wparentheses -Wswitch -Wno-unused-function -Wno-unused-label -Wno-unused-parameter -Wno-unused-variable -Wunused-value -Wno-empty-body -Wno-uninitialized -Wno-unknown-pragmas -w -Wno-shadow -Wno-four-char-constants -Wno-conversion -Wno-constant-conversion -Wno-int-conversion -Wno-bool-conversion -Wno-enum-conversion -Wno-float-conversion -Wno-non-literal-null-conversion -Wno-objc-literal-conversion -Wshorten-64-to-32 -Wpointer-sign -Wno-newline-eof -Wno-implicit-fallthrough -isysroot /Applications/Xcode_26.6.app/Contents/Developer/Platforms/MacOSX.platform/Developer/SDKs/MacOSX26.5.sdk -fstrict-aliasing -Wdeprecated-declarations -Wno-sign-conversion -Wno-infinite-recursion -Wno-comma -Wno-block-capture-autoreleasing -Wno-strict-prototypes -Wno-semicolon-before-method-body -index-store-path /Users/runner/work/orbit/orbit/.recap-entries-probe/.dd-mac/Index.noindex/DataStore @/Users/runner/work/orbit/orbit/.recap-entries-probe/.dd-mac/Build/Intermediates.noindex/cmark-gfm.build/Debug/cmark-gfm.build/Objects-normal/arm64/7187679823f38a2a940e0043cdf9d637-common-args.resp -MMD -MT dependencies -MF /Users/runner/work/orbit/orbit/.recap-entries-probe/.dd-mac/Build/Intermediates.noindex/cmark-gfm.build/Debug/cmark-gfm.build/Objects-normal/arm64/buffer.d --serialize-diagnostics /Users/runner/work/orbit/orbit/.recap-entries-probe/.dd-mac/Build/Intermediates.noindex/cmark-gfm.build/Debug/cmark-gfm.build/Objects-normal/arm64/buffer.dia -c /Users/runner/work/orbit/orbit/.recap-entries-probe/.dd-mac/SourcePackages/checkouts/swift-cmark/src/buffer.c -o /Users/runner/work/orbit/orbit/.recap-entries-probe/.dd-mac/Build/Intermediates.noindex/cmark-gfm.build/Debug/cmark-gfm.build/Objects-normal/arm64/buffer.o -index-unit-output-path /cmark-gfm.build/Debug/cmark-gfm.build/Objects-normal/arm64/buffer.o

ScanDependencies /Users/runner/work/orbit/orbit/.recap-entries-probe/.dd-mac/Build/Intermediates.noindex/cmark-gfm.build/Debug/cmark-gfm.build/Objects-normal/arm64/blocks.o /Users/runner/work/orbit/orbit/.recap-entries-probe/.dd-mac/SourcePackages/checkouts/swift-cmark/src/blocks.c normal arm64 c com.apple.compilers.llvm.clang.1_0.compiler (in target 'cmark-gfm' from project 'cmark-gfm')
    cd /Users/runner/work/orbit/orbit/.recap-entries-probe/RecapEntriesProbe.xcodeproj
    
    Using response file: /Users/runner/work/orbit/orbit/.recap-entries-probe/.dd-mac/Build/Intermediates.noindex/cmark-gfm.build/Debug/cmark-gfm.build/Objects-normal/arm64/7187679823f38a2a940e0043cdf9d637-common-args.resp
    
    builtin-ScanDependencies -o /Users/runner/work/orbit/orbit/.recap-entries-probe/.dd-mac/Build/Intermediates.noindex/cmark-gfm.build/Debug/cmark-gfm.build/Objects-normal/arm64/blocks.o.scan -- /Applications/Xcode_26.6.app/Contents/Developer/Toolchains/XcodeDefault.xctoolchain/usr/bin/clang -x c -ivfsstatcache /Users/runner/work/orbit/orbit/.recap-entries-probe/.dd-mac/SDKStatCaches.noindex/macosx26.5-25F70-688ef53f1462e2c8f657fdc38a81448fee0e6409aa6676c5e6c013d148225433.sdkstatcache -target arm64-apple-macos10.13 -fmessage-length\=0 -fdiagnostics-show-note-include-stack -fmacro-backtrace-limit\=0 -fno-color-diagnostics -fmodules-prune-interval\=86400 -fmodules-prune-after\=345600 -fbuild-session-file\=/Users/runner/work/orbit/orbit/.recap-entries-probe/.dd-mac/ModuleCache.noindex/Session.modulevalidation -fmodules-validate-once-per-build-session -Wnon-modular-include-in-framework-module -Werror\=non-modular-include-in-framework-module -Wno-trigraphs -Wno-missing-field-initializers -Wno-missing-prototypes -Wno-return-type -Wno-missing-braces -Wparentheses -Wswitch -Wno-unused-function -Wno-unused-label -Wno-unused-parameter -Wno-unused-variable -Wunused-value -Wno-empty-body -Wno-uninitialized -Wno-unknown-pragmas -w -Wno-shadow -Wno-four-char-constants -Wno-conversion -Wno-constant-conversion -Wno-int-conversion -Wno-bool-conversion -Wno-enum-conversion -Wno-float-conversion -Wno-non-literal-null-conversion -Wno-objc-literal-conversion -Wshorten-64-to-32 -Wpointer-sign -Wno-newline-eof -Wno-implicit-fallthrough -isysroot /Applications/Xcode_26.6.app/Contents/Developer/Platforms/MacOSX.platform/Developer/SDKs/MacOSX26.5.sdk -fstrict-aliasing -Wdeprecated-declarations -Wno-sign-conversion -Wno-infinite-recursion -Wno-comma -Wno-block-capture-autoreleasing -Wno-strict-prototypes -Wno-semicolon-before-method-body -index-store-path /Users/runner/work/orbit/orbit/.recap-entries-probe/.dd-mac/Index.noindex/DataStore @/Users/runner/work/orbit/orbit/.recap-entries-probe/.dd-mac/Build/Intermediates.noindex/cmark-gfm.build/Debug/cmark-gfm.build/Objects-normal/arm64/7187679823f38a2a940e0043cdf9d637-common-args.resp -MMD -MT dependencies -MF /Users/runner/work/orbit/orbit/.recap-entries-probe/.dd-mac/Build/Intermediates.noindex/cmark-gfm.build/Debug/cmark-gfm.build/Objects-normal/arm64/blocks.d --serialize-diagnostics /Users/runner/work/orbit/orbit/.recap-entries-probe/.dd-mac/Build/Intermediates.noindex/cmark-gfm.build/Debug/cmark-gfm.build/Objects-normal/arm64/blocks.dia -c /Users/runner/work/orbit/orbit/.recap-entries-probe/.dd-mac/SourcePackages/checkouts/swift-cmark/src/blocks.c -o /Users/runner/work/orbit/orbit/.recap-entries-probe/.dd-mac/Build/Intermediates.noindex/cmark-gfm.build/Debug/cmark-gfm.build/Objects-normal/arm64/blocks.o -index-unit-output-path /cmark-gfm.build/Debug/cmark-gfm.build/Objects-normal/arm64/blocks.o

ScanDependencies /Users/runner/work/orbit/orbit/.recap-entries-probe/.dd-mac/Build/Intermediates.noindex/cmark-gfm.build/Debug/cmark-gfm.build/Objects-normal/arm64/arena.o /Users/runner/work/orbit/orbit/.recap-entries-probe/.dd-mac/SourcePackages/checkouts/swift-cmark/src/arena.c normal arm64 c com.apple.compilers.llvm.clang.1_0.compiler (in target 'cmark-gfm' from project 'cmark-gfm')
    cd /Users/runner/work/orbit/orbit/.recap-entries-probe/RecapEntriesProbe.xcodeproj
    
    Using response file: /Users/runner/work/orbit/orbit/.recap-entries-probe/.dd-mac/Build/Intermediates.noindex/cmark-gfm.build/Debug/cmark-gfm.build/Objects-normal/arm64/7187679823f38a2a940e0043cdf9d637-common-args.resp
    
    builtin-ScanDependencies -o /Users/runner/work/orbit/orbit/.recap-entries-probe/.dd-mac/Build/Intermediates.noindex/cmark-gfm.build/Debug/cmark-gfm.build/Objects-normal/arm64/arena.o.scan -- /Applications/Xcode_26.6.app/Contents/Developer/Toolchains/XcodeDefault.xctoolchain/usr/bin/clang -x c -ivfsstatcache /Users/runner/work/orbit/orbit/.recap-entries-probe/.dd-mac/SDKStatCaches.noindex/macosx26.5-25F70-688ef53f1462e2c8f657fdc38a81448fee0e6409aa6676c5e6c013d148225433.sdkstatcache -target arm64-apple-macos10.13 -fmessage-length\=0 -fdiagnostics-show-note-include-stack -fmacro-backtrace-limit\=0 -fno-color-diagnostics -fmodules-prune-interval\=86400 -fmodules-prune-after\=345600 -fbuild-session-file\=/Users/runner/work/orbit/orbit/.recap-entries-probe/.dd-mac/ModuleCache.noindex/Session.modulevalidation -fmodules-validate-once-per-build-session -Wnon-modular-include-in-framework-module -Werror\=non-modular-include-in-framework-module -Wno-trigraphs -Wno-missing-field-initializers -Wno-missing-prototypes -Wno-return-type -Wno-missing-braces -Wparentheses -Wswitch -Wno-unused-function -Wno-unused-label -Wno-unused-parameter -Wno-unused-variable -Wunused-value -Wno-empty-body -Wno-uninitialized -Wno-unknown-pragmas -w -Wno-shadow -Wno-four-char-constants -Wno-conversion -Wno-constant-conversion -Wno-int-conversion -Wno-bool-conversion -Wno-enum-conversion -Wno-float-conversion -Wno-non-literal-null-conversion -Wno-objc-literal-conversion -Wshorten-64-to-32 -Wpointer-sign -Wno-newline-eof -Wno-implicit-fallthrough -isysroot /Applications/Xcode_26.6.app/Contents/Developer/Platforms/MacOSX.platform/Developer/SDKs/MacOSX26.5.sdk -fstrict-aliasing -Wdeprecated-declarations -Wno-sign-conversion -Wno-infinite-recursion -Wno-comma -Wno-block-capture-autoreleasing -Wno-strict-prototypes -Wno-semicolon-before-method-body -index-store-path /Users/runner/work/orbit/orbit/.recap-entries-probe/.dd-mac/Index.noindex/DataStore @/Users/runner/work/orbit/orbit/.recap-entries-probe/.dd-mac/Build/Intermediates.noindex/cmark-gfm.build/Debug/cmark-gfm.build/Objects-normal/arm64/7187679823f38a2a940e0043cdf9d637-common-args.resp -MMD -MT dependencies -MF /Users/runner/work/orbit/orbit/.recap-entries-probe/.dd-mac/Build/Intermediates.noindex/cmark-gfm.build/Debug/cmark-gfm.build/Objects-normal/arm64/arena.d --serialize-diagnostics /Users/runner/work/orbit/orbit/.recap-entries-probe/.dd-mac/Build/Intermediates.noindex/cmark-gfm.build/Debug/cmark-gfm.build/Objects-normal/arm64/arena.dia -c /Users/runner/work/orbit/orbit/.recap-entries-probe/.dd-mac/SourcePackages/checkouts/swift-cmark/src/arena.c -o /Users/runner/work/orbit/orbit/.recap-entries-probe/.dd-mac/Build/Intermediates.noindex/cmark-gfm.build/Debug/cmark-gfm.build/Objects-normal/arm64/arena.o -index-unit-output-path /cmark-gfm.build/Debug/cmark-gfm.build/Objects-normal/arm64/arena.o

CompileC /Users/runner/work/orbit/orbit/.recap-entries-probe/.dd-mac/Build/Intermediates.noindex/cmark-gfm.build/Debug/cmark-gfm.build/Objects-normal/arm64/buffer.o /Users/runner/work/orbit/orbit/.recap-entries-probe/.dd-mac/SourcePackages/checkouts/swift-cmark/src/buffer.c normal arm64 c com.apple.compilers.llvm.clang.1_0.compiler (in target 'cmark-gfm' from project 'cmark-gfm')
    cd /Users/runner/work/orbit/orbit/.recap-entries-probe/RecapEntriesProbe.xcodeproj
    
    Using response file: /Users/runner/work/orbit/orbit/.recap-entries-probe/.dd-mac/Build/Intermediates.noindex/cmark-gfm.build/Debug/cmark-gfm.build/Objects-normal/arm64/7187679823f38a2a940e0043cdf9d637-common-args.resp
    
    /Applications/Xcode_26.6.app/Contents/Developer/Toolchains/XcodeDefault.xctoolchain/usr/bin/clang -x c -ivfsstatcache /Users/runner/work/orbit/orbit/.recap-entries-probe/.dd-mac/SDKStatCaches.noindex/macosx26.5-25F70-688ef53f1462e2c8f657fdc38a81448fee0e6409aa6676c5e6c013d148225433.sdkstatcache -target arm64-apple-macos10.13 -fmessage-length\=0 -fdiagnostics-show-note-include-stack -fmacro-backtrace-limit\=0 -fno-color-diagnostics -fmodules-prune-interval\=86400 -fmodules-prune-after\=345600 -fbuild-session-file\=/Users/runner/work/orbit/orbit/.recap-entries-probe/.dd-mac/ModuleCache.noindex/Session.modulevalidation -fmodules-validate-once-per-build-session -Wnon-modular-include-in-framework-module -Werror\=non-modular-include-in-framework-module -Wno-trigraphs -Wno-missing-field-initializers -Wno-missing-prototypes -Wno-return-type -Wno-missing-braces -Wparentheses -Wswitch -Wno-unused-function -Wno-unused-label -Wno-unused-parameter -Wno-unused-variable -Wunused-value -Wno-empty-body -Wno-uninitialized -Wno-unknown-pragmas -w -Wno-shadow -Wno-four-char-constants -Wno-conversion -Wno-constant-conversion -Wno-int-conversion -Wno-bool-conversion -Wno-enum-conversion -Wno-float-conversion -Wno-non-literal-null-conversion -Wno-objc-literal-conversion -Wshorten-64-to-32 -Wpointer-sign -Wno-newline-eof -Wno-implicit-fallthrough -isysroot /Applications/Xcode_26.6.app/Contents/Developer/Platforms/MacOSX.platform/Developer/SDKs/MacOSX26.5.sdk -fstrict-aliasing -Wdeprecated-declarations -Wno-sign-conversion -Wno-infinite-recursion -Wno-comma -Wno-block-capture-autoreleasing -Wno-strict-prototypes -Wno-semicolon-before-method-body -index-store-path /Users/runner/work/orbit/orbit/.recap-entries-probe/.dd-mac/Index.noindex/DataStore @/Users/runner/work/orbit/orbit/.recap-entries-probe/.dd-mac/Build/Intermediates.noindex/cmark-gfm.build/Debug/cmark-gfm.build/Objects-normal/arm64/7187679823f38a2a940e0043cdf9d637-common-args.resp -MMD -MT dependencies -MF /Users/runner/work/orbit/orbit/.recap-entries-probe/.dd-mac/Build/Intermediates.noindex/cmark-gfm.build/Debug/cmark-gfm.build/Objects-normal/arm64/buffer.d --serialize-diagnostics /Users/runner/work/orbit/orbit/.recap-entries-probe/.dd-mac/Build/Intermediates.noindex/cmark-gfm.build/Debug/cmark-gfm.build/Objects-normal/arm64/buffer.dia -c /Users/runner/work/orbit/orbit/.recap-entries-probe/.dd-mac/SourcePackages/checkouts/swift-cmark/src/buffer.c -o /Users/runner/work/orbit/orbit/.recap-entries-probe/.dd-mac/Build/Intermediates.noindex/cmark-gfm.build/Debug/cmark-gfm.build/Objects-normal/arm64/buffer.o -index-unit-output-path /cmark-gfm.build/Debug/cmark-gfm.build/Objects-normal/arm64/buffer.o

CompileC /Users/runner/work/orbit/orbit/.recap-entries-probe/.dd-mac/Build/Intermediates.noindex/cmark-gfm.build/Debug/cmark-gfm.build/Objects-normal/arm64/blocks.o /Users/runner/work/orbit/orbit/.recap-entries-probe/.dd-mac/SourcePackages/checkouts/swift-cmark/src/blocks.c normal arm64 c com.apple.compilers.llvm.clang.1_0.compiler (in target 'cmark-gfm' from project 'cmark-gfm')
    cd /Users/runner/work/orbit/orbit/.recap-entries-probe/RecapEntriesProbe.xcodeproj
    
    Using response file: /Users/runner/work/orbit/orbit/.recap-entries-probe/.dd-mac/Build/Intermediates.noindex/cmark-gfm.build/Debug/cmark-gfm.build/Objects-normal/arm64/7187679823f38a2a940e0043cdf9d637-common-args.resp
    
    /Applications/Xcode_26.6.app/Contents/Developer/Toolchains/XcodeDefault.xctoolchain/usr/bin/clang -x c -ivfsstatcache /Users/runner/work/orbit/orbit/.recap-entries-probe/.dd-mac/SDKStatCaches.noindex/macosx26.5-25F70-688ef53f1462e2c8f657fdc38a81448fee0e6409aa6676c5e6c013d148225433.sdkstatcache -target arm64-apple-macos10.13 -fmessage-length\=0 -fdiagnostics-show-note-include-stack -fmacro-backtrace-limit\=0 -fno-color-diagnostics -fmodules-prune-interval\=86400 -fmodules-prune-after\=345600 -fbuild-session-file\=/Users/runner/work/orbit/orbit/.recap-entries-probe/.dd-mac/ModuleCache.noindex/Session.modulevalidation -fmodules-validate-once-per-build-session -Wnon-modular-include-in-framework-module -Werror\=non-modular-include-in-framework-module -Wno-trigraphs -Wno-missing-field-initializers -Wno-missing-prototypes -Wno-return-type -Wno-missing-braces -Wparentheses -Wswitch -Wno-unused-function -Wno-unused-label -Wno-unused-parameter -Wno-unused-variable -Wunused-value -Wno-empty-body -Wno-uninitialized -Wno-unknown-pragmas -w -Wno-shadow -Wno-four-char-constants -Wno-conversion -Wno-constant-conversion -Wno-int-conversion -Wno-bool-conversion -Wno-enum-conversion -Wno-float-conversion -Wno-non-literal-null-conversion -Wno-objc-literal-conversion -Wshorten-64-to-32 -Wpointer-sign -Wno-newline-eof -Wno-implicit-fallthrough -isysroot /Applications/Xcode_26.6.app/Contents/Developer/Platforms/MacOSX.platform/Developer/SDKs/MacOSX26.5.sdk -fstrict-aliasing -Wdeprecated-declarations -Wno-sign-conversion -Wno-infinite-recursion -Wno-comma -Wno-block-capture-autoreleasing -Wno-strict-prototypes -Wno-semicolon-before-method-body -index-store-path /Users/runner/work/orbit/orbit/.recap-entries-probe/.dd-mac/Index.noindex/DataStore @/Users/runner/work/orbit/orbit/.recap-entries-probe/.dd-mac/Build/Intermediates.noindex/cmark-gfm.build/Debug/cmark-gfm.build/Objects-normal/arm64/7187679823f38a2a940e0043cdf9d637-common-args.resp -MMD -MT dependencies -MF /Users/runner/work/orbit/orbit/.recap-entries-probe/.dd-mac/Build/Intermediates.noindex/cmark-gfm.build/Debug/cmark-gfm.build/Objects-normal/arm64/blocks.d --serialize-diagnostics /Users/runner/work/orbit/orbit/.recap-entries-probe/.dd-mac/Build/Intermediates.noindex/cmark-gfm.build/Debug/cmark-gfm.build/Objects-normal/arm64/blocks.dia -c /Users/runner/work/orbit/orbit/.recap-entries-probe/.dd-mac/SourcePackages/checkouts/swift-cmark/src/blocks.c -o /Users/runner/work/orbit/orbit/.recap-entries-probe/.dd-mac/Build/Intermediates.noindex/cmark-gfm.build/Debug/cmark-gfm.build/Objects-normal/arm64/blocks.o -index-unit-output-path /cmark-gfm.build/Debug/cmark-gfm.build/Objects-normal/arm64/blocks.o

CompileC /Users/runner/work/orbit/orbit/.recap-entries-probe/.dd-mac/Build/Intermediates.noindex/cmark-gfm.build/Debug/cmark-gfm.build/Objects-normal/arm64/arena.o /Users/runner/work/orbit/orbit/.recap-entries-probe/.dd-mac/SourcePackages/checkouts/swift-cmark/src/arena.c normal arm64 c com.apple.compilers.llvm.clang.1_0.compiler (in target 'cmark-gfm' from project 'cmark-gfm')
    cd /Users/runner/work/orbit/orbit/.recap-entries-probe/RecapEntriesProbe.xcodeproj
    
    Using response file: /Users/runner/work/orbit/orbit/.recap-entries-probe/.dd-mac/Build/Intermediates.noindex/cmark-gfm.build/Debug/cmark-gfm.build/Objects-normal/arm64/7187679823f38a2a940e0043cdf9d637-common-args.resp
    
    /Applications/Xcode_26.6.app/Contents/Developer/Toolchains/XcodeDefault.xctoolchain/usr/bin/clang -x c -ivfsstatcache /Users/runner/work/orbit/orbit/.recap-entries-probe/.dd-mac/SDKStatCaches.noindex/macosx26.5-25F70-688ef53f1462e2c8f657fdc38a81448fee0e6409aa6676c5e6c013d148225433.sdkstatcache -target arm64-apple-macos10.13 -fmessage-length\=0 -fdiagnostics-show-note-include-stack -fmacro-backtrace-limit\=0 -fno-color-diagnostics -fmodules-prune-interval\=86400 -fmodules-prune-after\=345600 -fbuild-session-file\=/Users/runner/work/orbit/orbit/.recap-entries-probe/.dd-mac/ModuleCache.noindex/Session.modulevalidation -fmodules-validate-once-per-build-session -Wnon-modular-include-in-framework-module -Werror\=non-modular-include-in-framework-module -Wno-trigraphs -Wno-missing-field-initializers -Wno-missing-prototypes -Wno-return-type -Wno-missing-braces -Wparentheses -Wswitch -Wno-unused-function -Wno-unused-label -Wno-unused-parameter -Wno-unused-variable -Wunused-value -Wno-empty-body -Wno-uninitialized -Wno-unknown-pragmas -w -Wno-shadow -Wno-four-char-constants -Wno-conversion -Wno-constant-conversion -Wno-int-conversion -Wno-bool-conversion -Wno-enum-conversion -Wno-float-conversion -Wno-non-literal-null-conversion -Wno-objc-literal-conversion -Wshorten-64-to-32 -Wpointer-sign -Wno-newline-eof -Wno-implicit-fallthrough -isysroot /Applications/Xcode_26.6.app/Contents/Developer/Platforms/MacOSX.platform/Developer/SDKs/MacOSX26.5.sdk -fstrict-aliasing -Wdeprecated-declarations -Wno-sign-conversion -Wno-infinite-recursion -Wno-comma -Wno-block-capture-autoreleasing -Wno-strict-prototypes -Wno-semicolon-before-method-body -index-store-path /Users/runner/work/orbit/orbit/.recap-entries-probe/.dd-mac/Index.noindex/DataStore @/Users/runner/work/orbit/orbit/.recap-entries-probe/.dd-mac/Build/Intermediates.noindex/cmark-gfm.build/Debug/cmark-gfm.build/Objects-normal/arm64/7187679823f38a2a940e0043cdf9d637-common-args.resp -MMD -MT dependencies -MF /Users/runner/work/orbit/orbit/.recap-entries-probe/.dd-mac/Build/Intermediates.noindex/cmark-gfm.build/Debug/cmark-gfm.build/Objects-normal/arm64/arena.d --serialize-diagnostics /Users/runner/work/orbit/orbit/.recap-entries-probe/.dd-mac/Build/Intermediates.noindex/cmark-gfm.build/Debug/cmark-gfm.build/Objects-normal/arm64/arena.dia -c /Users/runner/work/orbit/orbit/.recap-entries-probe/.dd-mac/SourcePackages/checkouts/swift-cmark/src/arena.c -o /Users/runner/work/orbit/orbit/.recap-entries-probe/.dd-mac/Build/Intermediates.noindex/cmark-gfm.build/Debug/cmark-gfm.build/Objects-normal/arm64/arena.o -index-unit-output-path /cmark-gfm.build/Debug/cmark-gfm.build/Objects-normal/arm64/arena.o

SwiftExplicitDependencyGeneratePcm arm64 /Users/runner/work/orbit/orbit/.recap-entries-probe/.dd-mac/ModuleCache.noindex/_Builtin_inttypes-K8BCKG1WABP29LH7MJPG75KP.pcm

SwiftExplicitDependencyGeneratePcm arm64 /Users/runner/work/orbit/orbit/.recap-entries-probe/.dd-mac/Build/Intermediates.noindex/SwiftExplicitPrecompiledModules/cmark_gfm-5DSMMYNLR3K2R1S7Q7M41QFOV.pcm

ScanDependencies /Users/runner/work/orbit/orbit/.recap-entries-probe/.dd-mac/Build/Intermediates.noindex/swift-markdown.build/Debug/CAtomic.build/Objects-normal/arm64/CAtomic.o /Users/runner/work/orbit/orbit/.recap-entries-probe/.dd-mac/SourcePackages/checkouts/swift-markdown/Sources/CAtomic/CAtomic.c normal arm64 c com.apple.compilers.llvm.clang.1_0.compiler (in target 'CAtomic' from project 'swift-markdown')
    cd /Users/runner/work/orbit/orbit/.recap-entries-probe/RecapEntriesProbe.xcodeproj
    
    Using response file: /Users/runner/work/orbit/orbit/.recap-entries-probe/.dd-mac/Build/Intermediates.noindex/swift-markdown.build/Debug/CAtomic.build/Objects-normal/arm64/7187679823f38a2a940e0043cdf9d637-common-args.resp
    
    builtin-ScanDependencies -o /Users/runner/work/orbit/orbit/.recap-entries-probe/.dd-mac/Build/Intermediates.noindex/swift-markdown.build/Debug/CAtomic.build/Objects-normal/arm64/CAtomic.o.scan -- /Applications/Xcode_26.6.app/Contents/Developer/Toolchains/XcodeDefault.xctoolchain/usr/bin/clang -x c -ivfsstatcache /Users/runner/work/orbit/orbit/.recap-entries-probe/.dd-mac/SDKStatCaches.noindex/macosx26.5-25F70-688ef53f1462e2c8f657fdc38a81448fee0e6409aa6676c5e6c013d148225433.sdkstatcache -target arm64-apple-macos10.13 -fmessage-length\=0 -fdiagnostics-show-note-include-stack -fmacro-backtrace-limit\=0 -fno-color-diagnostics -fmodules-prune-interval\=86400 -fmodules-prune-after\=345600 -fbuild-session-file\=/Users/runner/work/orbit/orbit/.recap-entries-probe/.dd-mac/ModuleCache.noindex/Session.modulevalidation -fmodules-validate-once-per-build-session -Wnon-modular-include-in-framework-module -Werror\=non-modular-include-in-framework-module -Wno-trigraphs -Wno-missing-field-initializers -Wno-missing-prototypes -Wno-return-type -Wno-missing-braces -Wparentheses -Wswitch -Wno-unused-function -Wno-unused-label -Wno-unused-parameter -Wno-unused-variable -Wunused-value -Wno-empty-body -Wno-uninitialized -Wno-unknown-pragmas -w -Wno-shadow -Wno-four-char-constants -Wno-conversion -Wno-constant-conversion -Wno-int-conversion -Wno-bool-conversion -Wno-enum-conversion -Wno-float-conversion -Wno-non-literal-null-conversion -Wno-objc-literal-conversion -Wshorten-64-to-32 -Wpointer-sign -Wno-newline-eof -Wno-implicit-fallthrough -isysroot /Applications/Xcode_26.6.app/Contents/Developer/Platforms/MacOSX.platform/Developer/SDKs/MacOSX26.5.sdk -fstrict-aliasing -Wdeprecated-declarations -Wno-sign-conversion -Wno-infinite-recursion -Wno-comma -Wno-block-capture-autoreleasing -Wno-strict-prototypes -Wno-semicolon-before-method-body -index-store-path /Users/runner/work/orbit/orbit/.recap-entries-probe/.dd-mac/Index.noindex/DataStore @/Users/runner/work/orbit/orbit/.recap-entries-probe/.dd-mac/Build/Intermediates.noindex/swift-markdown.build/Debug/CAtomic.build/Objects-normal/arm64/7187679823f38a2a940e0043cdf9d637-common-args.resp -MMD -MT dependencies -MF /Users/runner/work/orbit/orbit/.recap-entries-probe/.dd-mac/Build/Intermediates.noindex/swift-markdown.build/Debug/CAtomic.build/Objects-normal/arm64/CAtomic.d --serialize-diagnostics /Users/runner/work/orbit/orbit/.recap-entries-probe/.dd-mac/Build/Intermediates.noindex/swift-markdown.build/Debug/CAtomic.build/Objects-normal/arm64/CAtomic.dia -c /Users/runner/work/orbit/orbit/.recap-entries-probe/.dd-mac/SourcePackages/checkouts/swift-markdown/Sources/CAtomic/CAtomic.c -o /Users/runner/work/orbit/orbit/.recap-entries-probe/.dd-mac/Build/Intermediates.noindex/swift-markdown.build/Debug/CAtomic.build/Objects-normal/arm64/CAtomic.o -index-unit-output-path /swift-markdown.build/Debug/CAtomic.build/Objects-normal/arm64/CAtomic.o

Ld /Users/runner/work/orbit/orbit/.recap-entries-probe/.dd-mac/Build/Products/Debug/cmark-gfm.o normal (in target 'cmark-gfm' from project 'cmark-gfm')
    cd /Users/runner/work/orbit/orbit/.recap-entries-probe/.dd-mac/SourcePackages/checkouts/swift-cmark
    /Applications/Xcode_26.6.app/Contents/Developer/Toolchains/XcodeDefault.xctoolchain/usr/bin/clang -Xlinker -reproducible -target arm64-apple-macos10.13 -r -isysroot /Applications/Xcode_26.6.app/Contents/Developer/Platforms/MacOSX.platform/Developer/SDKs/MacOSX26.5.sdk -O0 -w -F/Users/runner/work/orbit/orbit/.recap-entries-probe/.dd-mac/Build/Intermediates.noindex/EagerLinkingTBDs/Debug -F/Users/runner/work/orbit/orbit/.recap-entries-probe/.dd-mac/Build/Products/Debug -iframework /Applications/Xcode_26.6.app/Contents/Developer/Platforms/MacOSX.platform/Developer/Library/Frameworks -filelist /Users/runner/work/orbit/orbit/.recap-entries-probe/.dd-mac/Build/Intermediates.noindex/cmark-gfm.build/Debug/cmark-gfm.build/Objects-normal/arm64/cmark-gfm.LinkFileList -nostdlib -Xlinker -object_path_lto -Xlinker /Users/runner/work/orbit/orbit/.recap-entries-probe/.dd-mac/Build/Intermediates.noindex/cmark-gfm.build/Debug/cmark-gfm.build/Objects-normal/arm64/cmark-gfm_lto.o -Xlinker -no_deduplicate -Xlinker -dependency_info -Xlinker /Users/runner/work/orbit/orbit/.recap-entries-probe/.dd-mac/Build/Intermediates.noindex/cmark-gfm.build/Debug/cmark-gfm.build/Objects-normal/arm64/cmark-gfm_dependency_info.dat -o /Users/runner/work/orbit/orbit/.recap-entries-probe/.dd-mac/Build/Products/Debug/cmark-gfm.o

SwiftExplicitDependencyGeneratePcm arm64 /Users/runner/work/orbit/orbit/.recap-entries-probe/.dd-mac/ModuleCache.noindex/Darwin-7WCR8HXMCYQCQUPMW5LZOJWJ5.pcm

SwiftExplicitDependencyGeneratePcm arm64 /Users/runner/work/orbit/orbit/.recap-entries-probe/.dd-mac/Build/Intermediates.noindex/SwiftExplicitPrecompiledModules/cmark_gfm_extensions-10YAWRM9VKGUMD08ZLZTQGF3C.pcm

CompileC /Users/runner/work/orbit/orbit/.recap-entries-probe/.dd-mac/Build/Intermediates.noindex/swift-markdown.build/Debug/CAtomic.build/Objects-normal/arm64/CAtomic.o /Users/runner/work/orbit/orbit/.recap-entries-probe/.dd-mac/SourcePackages/checkouts/swift-markdown/Sources/CAtomic/CAtomic.c normal arm64 c com.apple.compilers.llvm.clang.1_0.compiler (in target 'CAtomic' from project 'swift-markdown')
    cd /Users/runner/work/orbit/orbit/.recap-entries-probe/RecapEntriesProbe.xcodeproj
    
    Using response file: /Users/runner/work/orbit/orbit/.recap-entries-probe/.dd-mac/Build/Intermediates.noindex/swift-markdown.build/Debug/CAtomic.build/Objects-normal/arm64/7187679823f38a2a940e0043cdf9d637-common-args.resp
    
    /Applications/Xcode_26.6.app/Contents/Developer/Toolchains/XcodeDefault.xctoolchain/usr/bin/clang -x c -ivfsstatcache /Users/runner/work/orbit/orbit/.recap-entries-probe/.dd-mac/SDKStatCaches.noindex/macosx26.5-25F70-688ef53f1462e2c8f657fdc38a81448fee0e6409aa6676c5e6c013d148225433.sdkstatcache -target arm64-apple-macos10.13 -fmessage-length\=0 -fdiagnostics-show-note-include-stack -fmacro-backtrace-limit\=0 -fno-color-diagnostics -fmodules-prune-interval\=86400 -fmodules-prune-after\=345600 -fbuild-session-file\=/Users/runner/work/orbit/orbit/.recap-entries-probe/.dd-mac/ModuleCache.noindex/Session.modulevalidation -fmodules-validate-once-per-build-session -Wnon-modular-include-in-framework-module -Werror\=non-modular-include-in-framework-module -Wno-trigraphs -Wno-missing-field-initializers -Wno-missing-prototypes -Wno-return-type -Wno-missing-braces -Wparentheses -Wswitch -Wno-unused-function -Wno-unused-label -Wno-unused-parameter -Wno-unused-variable -Wunused-value -Wno-empty-body -Wno-uninitialized -Wno-unknown-pragmas -w -Wno-shadow -Wno-four-char-constants -Wno-conversion -Wno-constant-conversion -Wno-int-conversion -Wno-bool-conversion -Wno-enum-conversion -Wno-float-conversion -Wno-non-literal-null-conversion -Wno-objc-literal-conversion -Wshorten-64-to-32 -Wpointer-sign -Wno-newline-eof -Wno-implicit-fallthrough -isysroot /Applications/Xcode_26.6.app/Contents/Developer/Platforms/MacOSX.platform/Developer/SDKs/MacOSX26.5.sdk -fstrict-aliasing -Wdeprecated-declarations -Wno-sign-conversion -Wno-infinite-recursion -Wno-comma -Wno-block-capture-autoreleasing -Wno-strict-prototypes -Wno-semicolon-before-method-body -index-store-path /Users/runner/work/orbit/orbit/.recap-entries-probe/.dd-mac/Index.noindex/DataStore @/Users/runner/work/orbit/orbit/.recap-entries-probe/.dd-mac/Build/Intermediates.noindex/swift-markdown.build/Debug/CAtomic.build/Objects-normal/arm64/7187679823f38a2a940e0043cdf9d637-common-args.resp -MMD -MT dependencies -MF /Users/runner/work/orbit/orbit/.recap-entries-probe/.dd-mac/Build/Intermediates.noindex/swift-markdown.build/Debug/CAtomic.build/Objects-normal/arm64/CAtomic.d --serialize-diagnostics /Users/runner/work/orbit/orbit/.recap-entries-probe/.dd-mac/Build/Intermediates.noindex/swift-markdown.build/Debug/CAtomic.build/Objects-normal/arm64/CAtomic.dia -c /Users/runner/work/orbit/orbit/.recap-entries-probe/.dd-mac/SourcePackages/checkouts/swift-markdown/Sources/CAtomic/CAtomic.c -o /Users/runner/work/orbit/orbit/.recap-entries-probe/.dd-mac/Build/Intermediates.noindex/swift-markdown.build/Debug/CAtomic.build/Objects-normal/arm64/CAtomic.o -index-unit-output-path /swift-markdown.build/Debug/CAtomic.build/Objects-normal/arm64/CAtomic.o

CodeSign /Users/runner/work/orbit/orbit/.recap-entries-probe/.dd-mac/Build/Products/Debug/cmark-gfm.o (in target 'cmark-gfm' from project 'cmark-gfm')
    cd /Users/runner/work/orbit/orbit/.recap-entries-probe/.dd-mac/SourcePackages/checkouts/swift-cmark
    
    Signing Identity:     "Sign to Run Locally"
    
    /usr/bin/codesign --force --sign - --timestamp\=none --generate-entitlement-der /Users/runner/work/orbit/orbit/.recap-entries-probe/.dd-mac/Build/Products/Debug/cmark-gfm.o

Ld /Users/runner/work/orbit/orbit/.recap-entries-probe/.dd-mac/Build/Products/Debug/CAtomic.o normal (in target 'CAtomic' from project 'swift-markdown')
    cd /Users/runner/work/orbit/orbit/.recap-entries-probe/.dd-mac/SourcePackages/checkouts/swift-markdown
    /Applications/Xcode_26.6.app/Contents/Developer/Toolchains/XcodeDefault.xctoolchain/usr/bin/clang -Xlinker -reproducible -target arm64-apple-macos10.13 -r -isysroot /Applications/Xcode_26.6.app/Contents/Developer/Platforms/MacOSX.platform/Developer/SDKs/MacOSX26.5.sdk -O0 -w -F/Users/runner/work/orbit/orbit/.recap-entries-probe/.dd-mac/Build/Intermediates.noindex/EagerLinkingTBDs/Debug -F/Users/runner/work/orbit/orbit/.recap-entries-probe/.dd-mac/Build/Products/Debug -iframework /Applications/Xcode_26.6.app/Contents/Developer/Platforms/MacOSX.platform/Developer/Library/Frameworks -filelist /Users/runner/work/orbit/orbit/.recap-entries-probe/.dd-mac/Build/Intermediates.noindex/swift-markdown.build/Debug/CAtomic.build/Objects-normal/arm64/CAtomic.LinkFileList -nostdlib -Xlinker -object_path_lto -Xlinker /Users/runner/work/orbit/orbit/.recap-entries-probe/.dd-mac/Build/Intermediates.noindex/swift-markdown.build/Debug/CAtomic.build/Objects-normal/arm64/CAtomic_lto.o -Xlinker -no_deduplicate -Xlinker -dependency_info -Xlinker /Users/runner/work/orbit/orbit/.recap-entries-probe/.dd-mac/Build/Intermediates.noindex/swift-markdown.build/Debug/CAtomic.build/Objects-normal/arm64/CAtomic_dependency_info.dat -o /Users/runner/work/orbit/orbit/.recap-entries-probe/.dd-mac/Build/Products/Debug/CAtomic.o

CodeSign /Users/runner/work/orbit/orbit/.recap-entries-probe/.dd-mac/Build/Products/Debug/CAtomic.o (in target 'CAtomic' from project 'swift-markdown')
    cd /Users/runner/work/orbit/orbit/.recap-entries-probe/.dd-mac/SourcePackages/checkouts/swift-markdown
    
    Signing Identity:     "Sign to Run Locally"
    
    /usr/bin/codesign --force --sign - --timestamp\=none --generate-entitlement-der /Users/runner/work/orbit/orbit/.recap-entries-probe/.dd-mac/Build/Products/Debug/CAtomic.o

RegisterExecutionPolicyException /Users/runner/work/orbit/orbit/.recap-entries-probe/.dd-mac/Build/Products/Debug/cmark-gfm.o (in target 'cmark-gfm' from project 'cmark-gfm')
    cd /Users/runner/work/orbit/orbit/.recap-entries-probe/.dd-mac/SourcePackages/checkouts/swift-cmark
    builtin-RegisterExecutionPolicyException /Users/runner/work/orbit/orbit/.recap-entries-probe/.dd-mac/Build/Products/Debug/cmark-gfm.o

RegisterExecutionPolicyException /Users/runner/work/orbit/orbit/.recap-entries-probe/.dd-mac/Build/Products/Debug/CAtomic.o (in target 'CAtomic' from project 'swift-markdown')
    cd /Users/runner/work/orbit/orbit/.recap-entries-probe/.dd-mac/SourcePackages/checkouts/swift-markdown
    builtin-RegisterExecutionPolicyException /Users/runner/work/orbit/orbit/.recap-entries-probe/.dd-mac/Build/Products/Debug/CAtomic.o

Ld /Users/runner/work/orbit/orbit/.recap-entries-probe/.dd-mac/Build/Products/Debug/cmark-gfm-extensions.o normal (in target 'cmark-gfm-extensions' from project 'cmark-gfm')
    cd /Users/runner/work/orbit/orbit/.recap-entries-probe/.dd-mac/SourcePackages/checkouts/swift-cmark
    /Applications/Xcode_26.6.app/Contents/Developer/Toolchains/XcodeDefault.xctoolchain/usr/bin/clang -Xlinker -reproducible -target arm64-apple-macos10.13 -r -isysroot /Applications/Xcode_26.6.app/Contents/Developer/Platforms/MacOSX.platform/Developer/SDKs/MacOSX26.5.sdk -O0 -w -F/Users/runner/work/orbit/orbit/.recap-entries-probe/.dd-mac/Build/Intermediates.noindex/EagerLinkingTBDs/Debug -F/Users/runner/work/orbit/orbit/.recap-entries-probe/.dd-mac/Build/Products/Debug/PackageFrameworks -F/Users/runner/work/orbit/orbit/.recap-entries-probe/.dd-mac/Build/Products/Debug -iframework /Applications/Xcode_26.6.app/Contents/Developer/Platforms/MacOSX.platform/Developer/Library/Frameworks -filelist /Users/runner/work/orbit/orbit/.recap-entries-probe/.dd-mac/Build/Intermediates.noindex/cmark-gfm.build/Debug/cmark-gfm-extensions.build/Objects-normal/arm64/cmark-gfm-extensions.LinkFileList -nostdlib -Xlinker -object_path_lto -Xlinker /Users/runner/work/orbit/orbit/.recap-entries-probe/.dd-mac/Build/Intermediates.noindex/cmark-gfm.build/Debug/cmark-gfm-extensions.build/Objects-normal/arm64/cmark-gfm-extensions_lto.o -Xlinker -no_deduplicate -Xlinker -dependency_info -Xlinker /Users/runner/work/orbit/orbit/.recap-entries-probe/.dd-mac/Build/Intermediates.noindex/cmark-gfm.build/Debug/cmark-gfm-extensions.build/Objects-normal/arm64/cmark-gfm-extensions_dependency_info.dat -o /Users/runner/work/orbit/orbit/.recap-entries-probe/.dd-mac/Build/Products/Debug/cmark-gfm-extensions.o

CodeSign /Users/runner/work/orbit/orbit/.recap-entries-probe/.dd-mac/Build/Products/Debug/cmark-gfm-extensions.o (in target 'cmark-gfm-extensions' from project 'cmark-gfm')
    cd /Users/runner/work/orbit/orbit/.recap-entries-probe/.dd-mac/SourcePackages/checkouts/swift-cmark
    
    Signing Identity:     "Sign to Run Locally"
    
    /usr/bin/codesign --force --sign - --timestamp\=none --generate-entitlement-der /Users/runner/work/orbit/orbit/.recap-entries-probe/.dd-mac/Build/Products/Debug/cmark-gfm-extensions.o

RegisterExecutionPolicyException /Users/runner/work/orbit/orbit/.recap-entries-probe/.dd-mac/Build/Products/Debug/cmark-gfm-extensions.o (in target 'cmark-gfm-extensions' from project 'cmark-gfm')
    cd /Users/runner/work/orbit/orbit/.recap-entries-probe/.dd-mac/SourcePackages/checkouts/swift-cmark
    builtin-RegisterExecutionPolicyException /Users/runner/work/orbit/orbit/.recap-entries-probe/.dd-mac/Build/Products/Debug/cmark-gfm-extensions.o

SwiftExplicitDependencyGeneratePcm arm64 /Users/runner/work/orbit/orbit/.recap-entries-probe/.dd-mac/ModuleCache.noindex/MachO-ABK2W4EB7ZLQNW3O0SZHQ0CYG.pcm

SwiftExplicitDependencyGeneratePcm arm64 /Users/runner/work/orbit/orbit/.recap-entries-probe/.dd-mac/ModuleCache.noindex/libkern-6K1MZSKDFZG23T4FRYI0VWLW3.pcm

SwiftExplicitDependencyGeneratePcm arm64 /Users/runner/work/orbit/orbit/.recap-entries-probe/.dd-mac/ModuleCache.noindex/launch-1O0QC2HZM0AM2LYZTZZG88KZ1.pcm

SwiftExplicitDependencyGeneratePcm arm64 /Users/runner/work/orbit/orbit/.recap-entries-probe/.dd-mac/ModuleCache.noindex/ObjectiveC-5I1WC7GJN8W6JDCHJCDMQ96AZ.pcm

SwiftExplicitDependencyGeneratePcm arm64 /Users/runner/work/orbit/orbit/.recap-entries-probe/.dd-mac/ModuleCache.noindex/os_object-78OQ4EUYAORU8ZL74WWXIRRIP.pcm

SwiftExplicitDependencyGeneratePcm arm64 /Users/runner/work/orbit/orbit/.recap-entries-probe/.dd-mac/ModuleCache.noindex/os_workgroup-2T8Y4TBXZ4YDVH91H4K6FLY8T.pcm

SwiftExplicitDependencyGeneratePcm arm64 /Users/runner/work/orbit/orbit/.recap-entries-probe/.dd-mac/ModuleCache.noindex/Dispatch-5OHO92IUQIY6S53DBN562L0EI.pcm

SwiftExplicitDependencyGeneratePcm arm64 /Users/runner/work/orbit/orbit/.recap-entries-probe/.dd-mac/ModuleCache.noindex/XPC-1KK2926B6I6TK9FOOCND0U5YE.pcm

SwiftExplicitDependencyGeneratePcm arm64 /Users/runner/work/orbit/orbit/.recap-entries-probe/.dd-mac/ModuleCache.noindex/CoreFoundation-2U8UZACVX0XCQ4KKUW1ZH23CJ.pcm

SwiftExplicitDependencyGeneratePcm arm64 /Users/runner/work/orbit/orbit/.recap-entries-probe/.dd-mac/ModuleCache.noindex/CFNetwork-DYXX88XFB611420KB3ARUOL4X.pcm

SwiftExplicitDependencyGeneratePcm arm64 /Users/runner/work/orbit/orbit/.recap-entries-probe/.dd-mac/ModuleCache.noindex/IOKit-D95TTWHYWDTQXQ2ERT35KWF0J.pcm

SwiftExplicitDependencyGeneratePcm arm64 /Users/runner/work/orbit/orbit/.recap-entries-probe/.dd-mac/ModuleCache.noindex/Security-2FFYKFDXRD8QXGH1LB4LIQ833.pcm

SwiftExplicitDependencyGeneratePcm arm64 /Users/runner/work/orbit/orbit/.recap-entries-probe/.dd-mac/ModuleCache.noindex/DiskArbitration-99QSMMVDXL2SDOYP1459SDFW2.pcm

SwiftExplicitDependencyGeneratePcm arm64 /Users/runner/work/orbit/orbit/.recap-entries-probe/.dd-mac/ModuleCache.noindex/CoreServices-6A4L2Y2ZE0WT9X5TBJ2L0GHBI.pcm

SwiftExplicitDependencyGeneratePcm arm64 /Users/runner/work/orbit/orbit/.recap-entries-probe/.dd-mac/ModuleCache.noindex/Foundation-97SA2EZQ9ILJAV890B9HD4F3A.pcm

SwiftEmitModule normal arm64 Emitting\ module\ for\ Markdown (in target 'Markdown' from project 'swift-markdown')

EmitSwiftModule normal arm64 (in target 'Markdown' from project 'swift-markdown')
    cd /Users/runner/work/orbit/orbit/.recap-entries-probe/RecapEntriesProbe.xcodeproj
    

SwiftCompile normal arm64 Compiling\ ChildIndexPath.swift,\ DirectiveArgument.swift,\ Document.swift,\ LiteralMarkup.swift,\ Markup.swift,\ MarkupChildren.swift,\ MarkupData.swift,\ PlainTextConvertibleMarkup.swift,\ RawMarkup.swift,\ BlockDirective.swift,\ BlockQuote.swift,\ CustomBlock.swift,\ DoxygenAbstract.swift,\ DoxygenDiscussion.swift,\ DoxygenNote.swift,\ DoxygenParameter.swift,\ DoxygenReturns.swift,\ ListItem.swift,\ OrderedList.swift,\ UnorderedList.swift,\ Paragraph.swift,\ CodeBlock.swift,\ HTMLBlock.swift,\ Heading.swift /Users/runner/work/orbit/orbit/.recap-entries-probe/.dd-mac/SourcePackages/checkouts/swift-markdown/Sources/Markdown/Base/ChildIndexPath.swift /Users/runner/work/orbit/orbit/.recap-entries-probe/.dd-mac/SourcePackages/checkouts/swift-markdown/Sources/Markdown/Base/DirectiveArgument.swift /Users/runner/work/orbit/orbit/.recap-entries-probe/.dd-mac/SourcePackages/checkouts/swift-markdown/Sources/Markdown/Base/Document.swift /Users/runner/work/orbit/orbit/.recap-entries-probe/.dd-mac/SourcePackages/checkouts/swift-markdown/Sources/Markdown/Base/LiteralMarkup.swift /Users/runner/work/orbit/orbit/.recap-entries-probe/.dd-mac/SourcePackages/checkouts/swift-markdown/Sources/Markdown/Base/Markup.swift /Users/runner/work/orbit/orbit/.recap-entries-probe/.dd-mac/SourcePackages/checkouts/swift-markdown/Sources/Markdown/Base/MarkupChildren.swift /Users/runner/work/orbit/orbit/.recap-entries-probe/.dd-mac/SourcePackages/checkouts/swift-markdown/Sources/Markdown/Base/MarkupData.swift /Users/runner/work/orbit/orbit/.recap-entries-probe/.dd-mac/SourcePackages/checkouts/swift-markdown/Sources/Markdown/Base/PlainTextConvertibleMarkup.swift /Users/runner/work/orbit/orbit/.recap-entries-probe/.dd-mac/SourcePackages/checkouts/swift-markdown/Sources/Markdown/Base/RawMarkup.swift /Users/runner/work/orbit/orbit/.recap-entries-probe/.dd-mac/SourcePackages/checkouts/swift-markdown/Sources/Markdown/Block\ Nodes/Block\ Container\ Blocks/BlockDirective.swift /Users/runner/work/orbit/orbit/.recap-entries-probe/.dd-mac/SourcePackages/checkouts/swift-markdown/Sources/Markdown/Block\ Nodes/Block\ Container\ Blocks/BlockQuote.swift /Users/runner/work/orbit/orbit/.recap-entries-probe/.dd-mac/SourcePackages/checkouts/swift-markdown/Sources/Markdown/Block\ Nodes/Block\ Container\ Blocks/CustomBlock.swift /Users/runner/work/orbit/orbit/.recap-entries-probe/.dd-mac/SourcePackages/checkouts/swift-markdown/Sources/Markdown/Block\ Nodes/Block\ Container\ Blocks/Doxygen\ Commands/DoxygenAbstract.swift /Users/runner/work/orbit/orbit/.recap-entries-probe/.dd-mac/SourcePackages/checkouts/swift-markdown/Sources/Markdown/Block\ Nodes/Block\ Container\ Blocks/Doxygen\ Commands/DoxygenDiscussion.swift /Users/runner/work/orbit/orbit/.recap-entries-probe/.dd-mac/SourcePackages/checkouts/swift-markdown/Sources/Markdown/Block\ Nodes/Block\ Container\ Blocks/Doxygen\ Commands/DoxygenNote.swift /Users/runner/work/orbit/orbit/.recap-entries-probe/.dd-mac/SourcePackages/checkouts/swift-markdown/Sources/Markdown/Block\ Nodes/Block\ Container\ Blocks/Doxygen\ Commands/DoxygenParameter.swift /Users/runner/work/orbit/orbit/.recap-entries-probe/.dd-mac/SourcePackages/checkouts/swift-markdown/Sources/Markdown/Block\ Nodes/Block\ Container\ Blocks/Doxygen\ Commands/DoxygenReturns.swift /Users/runner/work/orbit/orbit/.recap-entries-probe/.dd-mac/SourcePackages/checkouts/swift-markdown/Sources/Markdown/Block\ Nodes/Block\ Container\ Blocks/ListItem.swift /Users/runner/work/orbit/orbit/.recap-entries-probe/.dd-mac/SourcePackages/checkouts/swift-markdown/Sources/Markdown/Block\ Nodes/Block\ Container\ Blocks/OrderedList.swift /Users/runner/work/orbit/orbit/.recap-entries-probe/.dd-mac/SourcePackages/checkouts/swift-markdown/Sources/Markdown/Block\ Nodes/Block\ Container\ Blocks/UnorderedList.swift /Users/runner/work/orbit/orbit/.recap-entries-probe/.dd-mac/SourcePackages/checkouts/swift-markdown/Sources/Markdown/Block\ Nodes/Inline\ Container\ Blocks/Paragraph.swift /Users/runner/work/orbit/orbit/.recap-entries-probe/.dd-mac/SourcePackages/checkouts/swift-markdown/Sources/Markdown/Block\ Nodes/Leaf\ Blocks/CodeBlock.swift /Users/runner/work/orbit/orbit/.recap-entries-probe/.dd-mac/SourcePackages/checkouts/swift-markdown/Sources/Markdown/Block\ Nodes/Leaf\ Blocks/HTMLBlock.swift /Users/runner/work/orbit/orbit/.recap-entries-probe/.dd-mac/SourcePackages/checkouts/swift-markdown/Sources/Markdown/Block\ Nodes/Leaf\ Blocks/Heading.swift (in target 'Markdown' from project 'swift-markdown')
SwiftCompile normal arm64 /Users/runner/work/orbit/orbit/.recap-entries-probe/.dd-mac/SourcePackages/checkouts/swift-markdown/Sources/Markdown/Base/ChildIndexPath.swift (in target 'Markdown' from project 'swift-markdown')
    cd /Users/runner/work/orbit/orbit/.recap-entries-probe/RecapEntriesProbe.xcodeproj
    

SwiftCompile normal arm64 /Users/runner/work/orbit/orbit/.recap-entries-probe/.dd-mac/SourcePackages/checkouts/swift-markdown/Sources/Markdown/Base/DirectiveArgument.swift (in target 'Markdown' from project 'swift-markdown')
    cd /Users/runner/work/orbit/orbit/.recap-entries-probe/RecapEntriesProbe.xcodeproj
    

SwiftCompile normal arm64 /Users/runner/work/orbit/orbit/.recap-entries-probe/.dd-mac/SourcePackages/checkouts/swift-markdown/Sources/Markdown/Base/Document.swift (in target 'Markdown' from project 'swift-markdown')
    cd /Users/runner/work/orbit/orbit/.recap-entries-probe/RecapEntriesProbe.xcodeproj
    

SwiftCompile normal arm64 /Users/runner/work/orbit/orbit/.recap-entries-probe/.dd-mac/SourcePackages/checkouts/swift-markdown/Sources/Markdown/Base/LiteralMarkup.swift (in target 'Markdown' from project 'swift-markdown')
    cd /Users/runner/work/orbit/orbit/.recap-entries-probe/RecapEntriesProbe.xcodeproj
    

SwiftCompile normal arm64 /Users/runner/work/orbit/orbit/.recap-entries-probe/.dd-mac/SourcePackages/checkouts/swift-markdown/Sources/Markdown/Base/Markup.swift (in target 'Markdown' from project 'swift-markdown')
    cd /Users/runner/work/orbit/orbit/.recap-entries-probe/RecapEntriesProbe.xcodeproj
    

SwiftCompile normal arm64 /Users/runner/work/orbit/orbit/.recap-entries-probe/.dd-mac/SourcePackages/checkouts/swift-markdown/Sources/Markdown/Base/MarkupChildren.swift (in target 'Markdown' from project 'swift-markdown')
    cd /Users/runner/work/orbit/orbit/.recap-entries-probe/RecapEntriesProbe.xcodeproj
    

SwiftCompile normal arm64 /Users/runner/work/orbit/orbit/.recap-entries-probe/.dd-mac/SourcePackages/checkouts/swift-markdown/Sources/Markdown/Base/MarkupData.swift (in target 'Markdown' from project 'swift-markdown')
    cd /Users/runner/work/orbit/orbit/.recap-entries-probe/RecapEntriesProbe.xcodeproj
    

SwiftCompile normal arm64 /Users/runner/work/orbit/orbit/.recap-entries-probe/.dd-mac/SourcePackages/checkouts/swift-markdown/Sources/Markdown/Base/PlainTextConvertibleMarkup.swift (in target 'Markdown' from project 'swift-markdown')
    cd /Users/runner/work/orbit/orbit/.recap-entries-probe/RecapEntriesProbe.xcodeproj
    

SwiftCompile normal arm64 /Users/runner/work/orbit/orbit/.recap-entries-probe/.dd-mac/SourcePackages/checkouts/swift-markdown/Sources/Markdown/Base/RawMarkup.swift (in target 'Markdown' from project 'swift-markdown')
    cd /Users/runner/work/orbit/orbit/.recap-entries-probe/RecapEntriesProbe.xcodeproj
    

SwiftCompile normal arm64 /Users/runner/work/orbit/orbit/.recap-entries-probe/.dd-mac/SourcePackages/checkouts/swift-markdown/Sources/Markdown/Block\ Nodes/Block\ Container\ Blocks/BlockDirective.swift (in target 'Markdown' from project 'swift-markdown')
    cd /Users/runner/work/orbit/orbit/.recap-entries-probe/RecapEntriesProbe.xcodeproj
    

SwiftCompile normal arm64 /Users/runner/work/orbit/orbit/.recap-entries-probe/.dd-mac/SourcePackages/checkouts/swift-markdown/Sources/Markdown/Block\ Nodes/Block\ Container\ Blocks/BlockQuote.swift (in target 'Markdown' from project 'swift-markdown')
    cd /Users/runner/work/orbit/orbit/.recap-entries-probe/RecapEntriesProbe.xcodeproj
    

SwiftCompile normal arm64 /Users/runner/work/orbit/orbit/.recap-entries-probe/.dd-mac/SourcePackages/checkouts/swift-markdown/Sources/Markdown/Block\ Nodes/Block\ Container\ Blocks/CustomBlock.swift (in target 'Markdown' from project 'swift-markdown')
    cd /Users/runner/work/orbit/orbit/.recap-entries-probe/RecapEntriesProbe.xcodeproj
    

SwiftCompile normal arm64 /Users/runner/work/orbit/orbit/.recap-entries-probe/.dd-mac/SourcePackages/checkouts/swift-markdown/Sources/Markdown/Block\ Nodes/Block\ Container\ Blocks/Doxygen\ Commands/DoxygenAbstract.swift (in target 'Markdown' from project 'swift-markdown')
    cd /Users/runner/work/orbit/orbit/.recap-entries-probe/RecapEntriesProbe.xcodeproj
    

SwiftCompile normal arm64 /Users/runner/work/orbit/orbit/.recap-entries-probe/.dd-mac/SourcePackages/checkouts/swift-markdown/Sources/Markdown/Block\ Nodes/Block\ Container\ Blocks/Doxygen\ Commands/DoxygenDiscussion.swift (in target 'Markdown' from project 'swift-markdown')
    cd /Users/runner/work/orbit/orbit/.recap-entries-probe/RecapEntriesProbe.xcodeproj
    

SwiftCompile normal arm64 /Users/runner/work/orbit/orbit/.recap-entries-probe/.dd-mac/SourcePackages/checkouts/swift-markdown/Sources/Markdown/Block\ Nodes/Block\ Container\ Blocks/Doxygen\ Commands/DoxygenNote.swift (in target 'Markdown' from project 'swift-markdown')
    cd /Users/runner/work/orbit/orbit/.recap-entries-probe/RecapEntriesProbe.xcodeproj
    

SwiftCompile normal arm64 /Users/runner/work/orbit/orbit/.recap-entries-probe/.dd-mac/SourcePackages/checkouts/swift-markdown/Sources/Markdown/Block\ Nodes/Block\ Container\ Blocks/Doxygen\ Commands/DoxygenParameter.swift (in target 'Markdown' from project 'swift-markdown')
    cd /Users/runner/work/orbit/orbit/.recap-entries-probe/RecapEntriesProbe.xcodeproj
    

SwiftCompile normal arm64 /Users/runner/work/orbit/orbit/.recap-entries-probe/.dd-mac/SourcePackages/checkouts/swift-markdown/Sources/Markdown/Block\ Nodes/Block\ Container\ Blocks/Doxygen\ Commands/DoxygenReturns.swift (in target 'Markdown' from project 'swift-markdown')
    cd /Users/runner/work/orbit/orbit/.recap-entries-probe/RecapEntriesProbe.xcodeproj
    

SwiftCompile normal arm64 /Users/runner/work/orbit/orbit/.recap-entries-probe/.dd-mac/SourcePackages/checkouts/swift-markdown/Sources/Markdown/Block\ Nodes/Block\ Container\ Blocks/ListItem.swift (in target 'Markdown' from project 'swift-markdown')
    cd /Users/runner/work/orbit/orbit/.recap-entries-probe/RecapEntriesProbe.xcodeproj
    

SwiftCompile normal arm64 /Users/runner/work/orbit/orbit/.recap-entries-probe/.dd-mac/SourcePackages/checkouts/swift-markdown/Sources/Markdown/Block\ Nodes/Block\ Container\ Blocks/OrderedList.swift (in target 'Markdown' from project 'swift-markdown')
    cd /Users/runner/work/orbit/orbit/.recap-entries-probe/RecapEntriesProbe.xcodeproj
    

SwiftCompile normal arm64 /Users/runner/work/orbit/orbit/.recap-entries-probe/.dd-mac/SourcePackages/checkouts/swift-markdown/Sources/Markdown/Block\ Nodes/Block\ Container\ Blocks/UnorderedList.swift (in target 'Markdown' from project 'swift-markdown')
    cd /Users/runner/work/orbit/orbit/.recap-entries-probe/RecapEntriesProbe.xcodeproj
    

SwiftCompile normal arm64 /Users/runner/work/orbit/orbit/.recap-entries-probe/.dd-mac/SourcePackages/checkouts/swift-markdown/Sources/Markdown/Block\ Nodes/Inline\ Container\ Blocks/Paragraph.swift (in target 'Markdown' from project 'swift-markdown')
    cd /Users/runner/work/orbit/orbit/.recap-entries-probe/RecapEntriesProbe.xcodeproj
    

SwiftCompile normal arm64 /Users/runner/work/orbit/orbit/.recap-entries-probe/.dd-mac/SourcePackages/checkouts/swift-markdown/Sources/Markdown/Block\ Nodes/Leaf\ Blocks/CodeBlock.swift (in target 'Markdown' from project 'swift-markdown')
    cd /Users/runner/work/orbit/orbit/.recap-entries-probe/RecapEntriesProbe.xcodeproj
    

SwiftCompile normal arm64 /Users/runner/work/orbit/orbit/.recap-entries-probe/.dd-mac/SourcePackages/checkouts/swift-markdown/Sources/Markdown/Block\ Nodes/Leaf\ Blocks/HTMLBlock.swift (in target 'Markdown' from project 'swift-markdown')
    cd /Users/runner/work/orbit/orbit/.recap-entries-probe/RecapEntriesProbe.xcodeproj
    

SwiftCompile normal arm64 /Users/runner/work/orbit/orbit/.recap-entries-probe/.dd-mac/SourcePackages/checkouts/swift-markdown/Sources/Markdown/Block\ Nodes/Leaf\ Blocks/Heading.swift (in target 'Markdown' from project 'swift-markdown')
    cd /Users/runner/work/orbit/orbit/.recap-entries-probe/RecapEntriesProbe.xcodeproj
    

SwiftCompile normal arm64 Compiling\ ThematicBreak.swift,\ Table.swift,\ TableBody.swift,\ TableCell.swift,\ TableCellContainer.swift,\ TableHead.swift,\ TableRow.swift,\ Replacement.swift,\ SourceLocation.swift,\ Emphasis.swift,\ Image.swift,\ InlineAttributes.swift,\ Link.swift,\ Strikethrough.swift,\ Strong.swift,\ CustomInline.swift,\ InlineCode.swift,\ InlineHTML.swift,\ LineBreak.swift,\ SoftBreak.swift,\ SymbolLink.swift,\ Text.swift,\ Aside.swift /Users/runner/work/orbit/orbit/.recap-entries-probe/.dd-mac/SourcePackages/checkouts/swift-markdown/Sources/Markdown/Block\ Nodes/Leaf\ Blocks/ThematicBreak.swift /Users/runner/work/orbit/orbit/.recap-entries-probe/.dd-mac/SourcePackages/checkouts/swift-markdown/Sources/Markdown/Block\ Nodes/Tables/Table.swift /Users/runner/work/orbit/orbit/.recap-entries-probe/.dd-mac/SourcePackages/checkouts/swift-markdown/Sources/Markdown/Block\ Nodes/Tables/TableBody.swift /Users/runner/work/orbit/orbit/.recap-entries-probe/.dd-mac/SourcePackages/checkouts/swift-markdown/Sources/Markdown/Block\ Nodes/Tables/TableCell.swift /Users/runner/work/orbit/orbit/.recap-entries-probe/.dd-mac/SourcePackages/checkouts/swift-markdown/Sources/Markdown/Block\ Nodes/Tables/TableCellContainer.swift /Users/runner/work/orbit/orbit/.recap-entries-probe/.dd-mac/SourcePackages/checkouts/swift-markdown/Sources/Markdown/Block\ Nodes/Tables/TableHead.swift /Users/runner/work/orbit/orbit/.recap-entries-probe/.dd-mac/SourcePackages/checkouts/swift-markdown/Sources/Markdown/Block\ Nodes/Tables/TableRow.swift /Users/runner/work/orbit/orbit/.recap-entries-probe/.dd-mac/SourcePackages/checkouts/swift-markdown/Sources/Markdown/Infrastructure/Replacement.swift /Users/runner/work/orbit/orbit/.recap-entries-probe/.dd-mac/SourcePackages/checkouts/swift-markdown/Sources/Markdown/Infrastructure/SourceLocation.swift /Users/runner/work/orbit/orbit/.recap-entries-probe/.dd-mac/SourcePackages/checkouts/swift-markdown/Sources/Markdown/Inline\ Nodes/Inline\ Containers/Emphasis.swift /Users/runner/work/orbit/orbit/.recap-entries-probe/.dd-mac/SourcePackages/checkouts/swift-markdown/Sources/Markdown/Inline\ Nodes/Inline\ Containers/Image.swift /Users/runner/work/orbit/orbit/.recap-entries-probe/.dd-mac/SourcePackages/checkouts/swift-markdown/Sources/Markdown/Inline\ Nodes/Inline\ Containers/InlineAttributes.swift /Users/runner/work/orbit/orbit/.recap-entries-probe/.dd-mac/SourcePackages/checkouts/swift-markdown/Sources/Markdown/Inline\ Nodes/Inline\ Containers/Link.swift /Users/runner/work/orbit/orbit/.recap-entries-probe/.dd-mac/SourcePackages/checkouts/swift-markdown/Sources/Markdown/Inline\ Nodes/Inline\ Containers/Strikethrough.swift /Users/runner/work/orbit/orbit/.recap-entries-probe/.dd-mac/SourcePackages/checkouts/swift-markdown/Sources/Markdown/Inline\ Nodes/Inline\ Containers/Strong.swift /Users/runner/work/orbit/orbit/.recap-entries-probe/.dd-mac/SourcePackages/checkouts/swift-markdown/Sources/Markdown/Inline\ Nodes/Inline\ Leaves/CustomInline.swift /Users/runner/work/orbit/orbit/.recap-entries-probe/.dd-mac/SourcePackages/checkouts/swift-markdown/Sources/Markdown/Inline\ Nodes/Inline\ Leaves/InlineCode.swift /Users/runner/work/orbit/orbit/.recap-entries-probe/.dd-mac/SourcePackages/checkouts/swift-markdown/Sources/Markdown/Inline\ Nodes/Inline\ Leaves/InlineHTML.swift /Users/runner/work/orbit/orbit/.recap-entries-probe/.dd-mac/SourcePackages/checkouts/swift-markdown/Sources/Markdown/Inline\ Nodes/Inline\ Leaves/LineBreak.swift /Users/runner/work/orbit/orbit/.recap-entries-probe/.dd-mac/SourcePackages/checkouts/swift-markdown/Sources/Markdown/Inline\ Nodes/Inline\ Leaves/SoftBreak.swift /Users/runner/work/orbit/orbit/.recap-entries-probe/.dd-mac/SourcePackages/checkouts/swift-markdown/Sources/Markdown/Inline\ Nodes/Inline\ Leaves/SymbolLink.swift /Users/runner/work/orbit/orbit/.recap-entries-probe/.dd-mac/SourcePackages/checkouts/swift-markdown/Sources/Markdown/Inline\ Nodes/Inline\ Leaves/Text.swift /Users/runner/work/orbit/orbit/.recap-entries-probe/.dd-mac/SourcePackages/checkouts/swift-markdown/Sources/Markdown/Interpretive\ Nodes/Aside.swift (in target 'Markdown' from project 'swift-markdown')

SwiftCompile normal arm64 /Users/runner/work/orbit/orbit/.recap-entries-probe/.dd-mac/SourcePackages/checkouts/swift-markdown/Sources/Markdown/Block\ Nodes/Leaf\ Blocks/ThematicBreak.swift (in target 'Markdown' from project 'swift-markdown')
    cd /Users/runner/work/orbit/orbit/.recap-entries-probe/RecapEntriesProbe.xcodeproj
    

SwiftCompile normal arm64 /Users/runner/work/orbit/orbit/.recap-entries-probe/.dd-mac/SourcePackages/checkouts/swift-markdown/Sources/Markdown/Block\ Nodes/Tables/Table.swift (in target 'Markdown' from project 'swift-markdown')
    cd /Users/runner/work/orbit/orbit/.recap-entries-probe/RecapEntriesProbe.xcodeproj
    

SwiftCompile normal arm64 /Users/runner/work/orbit/orbit/.recap-entries-probe/.dd-mac/SourcePackages/checkouts/swift-markdown/Sources/Markdown/Block\ Nodes/Tables/TableBody.swift (in target 'Markdown' from project 'swift-markdown')
    cd /Users/runner/work/orbit/orbit/.recap-entries-probe/RecapEntriesProbe.xcodeproj
    

SwiftCompile normal arm64 /Users/runner/work/orbit/orbit/.recap-entries-probe/.dd-mac/SourcePackages/checkouts/swift-markdown/Sources/Markdown/Block\ Nodes/Tables/TableCell.swift (in target 'Markdown' from project 'swift-markdown')
    cd /Users/runner/work/orbit/orbit/.recap-entries-probe/RecapEntriesProbe.xcodeproj
    

SwiftCompile normal arm64 /Users/runner/work/orbit/orbit/.recap-entries-probe/.dd-mac/SourcePackages/checkouts/swift-markdown/Sources/Markdown/Block\ Nodes/Tables/TableCellContainer.swift (in target 'Markdown' from project 'swift-markdown')
    cd /Users/runner/work/orbit/orbit/.recap-entries-probe/RecapEntriesProbe.xcodeproj
    

SwiftCompile normal arm64 /Users/runner/work/orbit/orbit/.recap-entries-probe/.dd-mac/SourcePackages/checkouts/swift-markdown/Sources/Markdown/Block\ Nodes/Tables/TableHead.swift (in target 'Markdown' from project 'swift-markdown')
    cd /Users/runner/work/orbit/orbit/.recap-entries-probe/RecapEntriesProbe.xcodeproj
    

SwiftCompile normal arm64 /Users/runner/work/orbit/orbit/.recap-entries-probe/.dd-mac/SourcePackages/checkouts/swift-markdown/Sources/Markdown/Block\ Nodes/Tables/TableRow.swift (in target 'Markdown' from project 'swift-markdown')
    cd /Users/runner/work/orbit/orbit/.recap-entries-probe/RecapEntriesProbe.xcodeproj
    

SwiftCompile normal arm64 /Users/runner/work/orbit/orbit/.recap-entries-probe/.dd-mac/SourcePackages/checkouts/swift-markdown/Sources/Markdown/Infrastructure/Replacement.swift (in target 'Markdown' from project 'swift-markdown')
    cd /Users/runner/work/orbit/orbit/.recap-entries-probe/RecapEntriesProbe.xcodeproj
    

SwiftCompile normal arm64 /Users/runner/work/orbit/orbit/.recap-entries-probe/.dd-mac/SourcePackages/checkouts/swift-markdown/Sources/Markdown/Infrastructure/SourceLocation.swift (in target 'Markdown' from project 'swift-markdown')
    cd /Users/runner/work/orbit/orbit/.recap-entries-probe/RecapEntriesProbe.xcodeproj
    

SwiftCompile normal arm64 /Users/runner/work/orbit/orbit/.recap-entries-probe/.dd-mac/SourcePackages/checkouts/swift-markdown/Sources/Markdown/Inline\ Nodes/Inline\ Containers/Emphasis.swift (in target 'Markdown' from project 'swift-markdown')
    cd /Users/runner/work/orbit/orbit/.recap-entries-probe/RecapEntriesProbe.xcodeproj
    

SwiftCompile normal arm64 /Users/runner/work/orbit/orbit/.recap-entries-probe/.dd-mac/SourcePackages/checkouts/swift-markdown/Sources/Markdown/Inline\ Nodes/Inline\ Containers/Image.swift (in target 'Markdown' from project 'swift-markdown')
    cd /Users/runner/work/orbit/orbit/.recap-entries-probe/RecapEntriesProbe.xcodeproj
    

SwiftCompile normal arm64 /Users/runner/work/orbit/orbit/.recap-entries-probe/.dd-mac/SourcePackages/checkouts/swift-markdown/Sources/Markdown/Inline\ Nodes/Inline\ Containers/InlineAttributes.swift (in target 'Markdown' from project 'swift-markdown')
    cd /Users/runner/work/orbit/orbit/.recap-entries-probe/RecapEntriesProbe.xcodeproj
    

SwiftCompile normal arm64 /Users/runner/work/orbit/orbit/.recap-entries-probe/.dd-mac/SourcePackages/checkouts/swift-markdown/Sources/Markdown/Inline\ Nodes/Inline\ Containers/Link.swift (in target 'Markdown' from project 'swift-markdown')
    cd /Users/runner/work/orbit/orbit/.recap-entries-probe/RecapEntriesProbe.xcodeproj
    

SwiftCompile normal arm64 /Users/runner/work/orbit/orbit/.recap-entries-probe/.dd-mac/SourcePackages/checkouts/swift-markdown/Sources/Markdown/Inline\ Nodes/Inline\ Containers/Strikethrough.swift (in target 'Markdown' from project 'swift-markdown')
    cd /Users/runner/work/orbit/orbit/.recap-entries-probe/RecapEntriesProbe.xcodeproj
    

SwiftCompile normal arm64 /Users/runner/work/orbit/orbit/.recap-entries-probe/.dd-mac/SourcePackages/checkouts/swift-markdown/Sources/Markdown/Inline\ Nodes/Inline\ Containers/Strong.swift (in target 'Markdown' from project 'swift-markdown')
    cd /Users/runner/work/orbit/orbit/.recap-entries-probe/RecapEntriesProbe.xcodeproj
    

SwiftCompile normal arm64 /Users/runner/work/orbit/orbit/.recap-entries-probe/.dd-mac/SourcePackages/checkouts/swift-markdown/Sources/Markdown/Inline\ Nodes/Inline\ Leaves/CustomInline.swift (in target 'Markdown' from project 'swift-markdown')
    cd /Users/runner/work/orbit/orbit/.recap-entries-probe/RecapEntriesProbe.xcodeproj
    

SwiftCompile normal arm64 /Users/runner/work/orbit/orbit/.recap-entries-probe/.dd-mac/SourcePackages/checkouts/swift-markdown/Sources/Markdown/Inline\ Nodes/Inline\ Leaves/InlineCode.swift (in target 'Markdown' from project 'swift-markdown')
    cd /Users/runner/work/orbit/orbit/.recap-entries-probe/RecapEntriesProbe.xcodeproj
    

SwiftCompile normal arm64 /Users/runner/work/orbit/orbit/.recap-entries-probe/.dd-mac/SourcePackages/checkouts/swift-markdown/Sources/Markdown/Inline\ Nodes/Inline\ Leaves/InlineHTML.swift (in target 'Markdown' from project 'swift-markdown')
    cd /Users/runner/work/orbit/orbit/.recap-entries-probe/RecapEntriesProbe.xcodeproj
    

SwiftCompile normal arm64 /Users/runner/work/orbit/orbit/.recap-entries-probe/.dd-mac/SourcePackages/checkouts/swift-markdown/Sources/Markdown/Inline\ Nodes/Inline\ Leaves/LineBreak.swift (in target 'Markdown' from project 'swift-markdown')
    cd /Users/runner/work/orbit/orbit/.recap-entries-probe/RecapEntriesProbe.xcodeproj
    

SwiftCompile normal arm64 /Users/runner/work/orbit/orbit/.recap-entries-probe/.dd-mac/SourcePackages/checkouts/swift-markdown/Sources/Markdown/Inline\ Nodes/Inline\ Leaves/SoftBreak.swift (in target 'Markdown' from project 'swift-markdown')
    cd /Users/runner/work/orbit/orbit/.recap-entries-probe/RecapEntriesProbe.xcodeproj
    

SwiftCompile normal arm64 /Users/runner/work/orbit/orbit/.recap-entries-probe/.dd-mac/SourcePackages/checkouts/swift-markdown/Sources/Markdown/Inline\ Nodes/Inline\ Leaves/SymbolLink.swift (in target 'Markdown' from project 'swift-markdown')
    cd /Users/runner/work/orbit/orbit/.recap-entries-probe/RecapEntriesProbe.xcodeproj
    

SwiftCompile normal arm64 /Users/runner/work/orbit/orbit/.recap-entries-probe/.dd-mac/SourcePackages/checkouts/swift-markdown/Sources/Markdown/Inline\ Nodes/Inline\ Leaves/Text.swift (in target 'Markdown' from project 'swift-markdown')
    cd /Users/runner/work/orbit/orbit/.recap-entries-probe/RecapEntriesProbe.xcodeproj
    

SwiftCompile normal arm64 /Users/runner/work/orbit/orbit/.recap-entries-probe/.dd-mac/SourcePackages/checkouts/swift-markdown/Sources/Markdown/Interpretive\ Nodes/Aside.swift (in target 'Markdown' from project 'swift-markdown')
    cd /Users/runner/work/orbit/orbit/.recap-entries-probe/RecapEntriesProbe.xcodeproj
    

SwiftCompile normal arm64 Compiling\ BlockDirectiveParser.swift,\ CommonMarkConverter.swift,\ LazySplitLines.swift,\ ParseOptions.swift,\ RangeAdjuster.swift,\ RangerTracker.swift,\ MarkupRewriter.swift,\ BasicBlockContainer.swift,\ BasicInlineContainer.swift,\ BlockContainer.swift,\ BlockMarkup.swift,\ InlineContainer.swift,\ InlineMarkup.swift,\ ListItemContainer.swift,\ AtomicCounter.swift,\ CharacterExtensions.swift,\ CollectionExtensions.swift,\ StringExtensions.swift,\ MarkupVisitor.swift,\ MarkupWalker.swift,\ HTMLFormatter.swift,\ MarkupFormatter.swift,\ MarkupTreeDumper.swift /Users/runner/work/orbit/orbit/.recap-entries-probe/.dd-mac/SourcePackages/checkouts/swift-markdown/Sources/Markdown/Parser/BlockDirectiveParser.swift /Users/runner/work/orbit/orbit/.recap-entries-probe/.dd-mac/SourcePackages/checkouts/swift-markdown/Sources/Markdown/Parser/CommonMarkConverter.swift /Users/runner/work/orbit/orbit/.recap-entries-probe/.dd-mac/SourcePackages/checkouts/swift-markdown/Sources/Markdown/Parser/LazySplitLines.swift /Users/runner/work/orbit/orbit/.recap-entries-probe/.dd-mac/SourcePackages/checkouts/swift-markdown/Sources/Markdown/Parser/ParseOptions.swift /Users/runner/work/orbit/orbit/.recap-entries-probe/.dd-mac/SourcePackages/checkouts/swift-markdown/Sources/Markdown/Parser/RangeAdjuster.swift /Users/runner/work/orbit/orbit/.recap-entries-probe/.dd-mac/SourcePackages/checkouts/swift-markdown/Sources/Markdown/Parser/RangerTracker.swift /Users/runner/work/orbit/orbit/.recap-entries-probe/.dd-mac/SourcePackages/checkouts/swift-markdown/Sources/Markdown/Rewriter/MarkupRewriter.swift /Users/runner/work/orbit/orbit/.recap-entries-probe/.dd-mac/SourcePackages/checkouts/swift-markdown/Sources/Markdown/Structural\ Restrictions/BasicBlockContainer.swift /Users/runner/work/orbit/orbit/.recap-entries-probe/.dd-mac/SourcePackages/checkouts/swift-markdown/Sources/Markdown/Structural\ Restrictions/BasicInlineContainer.swift /Users/runner/work/orbit/orbit/.recap-entries-probe/.dd-mac/SourcePackages/checkouts/swift-markdown/Sources/Markdown/Structural\ Restrictions/BlockContainer.swift /Users/runner/work/orbit/orbit/.recap-entries-probe/.dd-mac/SourcePackages/checkouts/swift-markdown/Sources/Markdown/Structural\ Restrictions/BlockMarkup.swift /Users/runner/work/orbit/orbit/.recap-entries-probe/.dd-mac/SourcePackages/checkouts/swift-markdown/Sources/Markdown/Structural\ Restrictions/InlineContainer.swift /Users/runner/work/orbit/orbit/.recap-entries-probe/.dd-mac/SourcePackages/checkouts/swift-markdown/Sources/Markdown/Structural\ Restrictions/InlineMarkup.swift /Users/runner/work/orbit/orbit/.recap-entries-probe/.dd-mac/SourcePackages/checkouts/swift-markdown/Sources/Markdown/Structural\ Restrictions/ListItemContainer.swift /Users/runner/work/orbit/orbit/.recap-entries-probe/.dd-mac/SourcePackages/checkouts/swift-markdown/Sources/Markdown/Utility/AtomicCounter.swift /Users/runner/work/orbit/orbit/.recap-entries-probe/.dd-mac/SourcePackages/checkouts/swift-markdown/Sources/Markdown/Utility/CharacterExtensions.swift /Users/runner/work/orbit/orbit/.recap-entries-probe/.dd-mac/SourcePackages/checkouts/swift-markdown/Sources/Markdown/Utility/CollectionExtensions.swift /Users/runner/work/orbit/orbit/.recap-entries-probe/.dd-mac/SourcePackages/checkouts/swift-markdown/Sources/Markdown/Utility/StringExtensions.swift /Users/runner/work/orbit/orbit/.recap-entries-probe/.dd-mac/SourcePackages/checkouts/swift-markdown/Sources/Markdown/Visitor/MarkupVisitor.swift /Users/runner/work/orbit/orbit/.recap-entries-probe/.dd-mac/SourcePackages/checkouts/swift-markdown/Sources/Markdown/Walker/MarkupWalker.swift /Users/runner/work/orbit/orbit/.recap-entries-probe/.dd-mac/SourcePackages/checkouts/swift-markdown/Sources/Markdown/Walker/Walkers/HTMLFormatter.swift /Users/runner/work/orbit/orbit/.recap-entries-probe/.dd-mac/SourcePackages/checkouts/swift-markdown/Sources/Markdown/Walker/Walkers/MarkupFormatter.swift /Users/runner/work/orbit/orbit/.recap-entries-probe/.dd-mac/SourcePackages/checkouts/swift-markdown/Sources/Markdown/Walker/Walkers/MarkupTreeDumper.swift (in target 'Markdown' from project 'swift-markdown')
SwiftCompile normal arm64 /Users/runner/work/orbit/orbit/.recap-entries-probe/.dd-mac/SourcePackages/checkouts/swift-markdown/Sources/Markdown/Parser/BlockDirectiveParser.swift (in target 'Markdown' from project 'swift-markdown')
    cd /Users/runner/work/orbit/orbit/.recap-entries-probe/RecapEntriesProbe.xcodeproj
    

SwiftCompile normal arm64 /Users/runner/work/orbit/orbit/.recap-entries-probe/.dd-mac/SourcePackages/checkouts/swift-markdown/Sources/Markdown/Parser/CommonMarkConverter.swift (in target 'Markdown' from project 'swift-markdown')
    cd /Users/runner/work/orbit/orbit/.recap-entries-probe/RecapEntriesProbe.xcodeproj
    

SwiftCompile normal arm64 /Users/runner/work/orbit/orbit/.recap-entries-probe/.dd-mac/SourcePackages/checkouts/swift-markdown/Sources/Markdown/Parser/LazySplitLines.swift (in target 'Markdown' from project 'swift-markdown')
    cd /Users/runner/work/orbit/orbit/.recap-entries-probe/RecapEntriesProbe.xcodeproj
    

SwiftCompile normal arm64 /Users/runner/work/orbit/orbit/.recap-entries-probe/.dd-mac/SourcePackages/checkouts/swift-markdown/Sources/Markdown/Parser/ParseOptions.swift (in target 'Markdown' from project 'swift-markdown')
    cd /Users/runner/work/orbit/orbit/.recap-entries-probe/RecapEntriesProbe.xcodeproj
    

SwiftCompile normal arm64 /Users/runner/work/orbit/orbit/.recap-entries-probe/.dd-mac/SourcePackages/checkouts/swift-markdown/Sources/Markdown/Parser/RangeAdjuster.swift (in target 'Markdown' from project 'swift-markdown')
    cd /Users/runner/work/orbit/orbit/.recap-entries-probe/RecapEntriesProbe.xcodeproj
    

SwiftCompile normal arm64 /Users/runner/work/orbit/orbit/.recap-entries-probe/.dd-mac/SourcePackages/checkouts/swift-markdown/Sources/Markdown/Parser/RangerTracker.swift (in target 'Markdown' from project 'swift-markdown')
    cd /Users/runner/work/orbit/orbit/.recap-entries-probe/RecapEntriesProbe.xcodeproj
    

SwiftCompile normal arm64 /Users/runner/work/orbit/orbit/.recap-entries-probe/.dd-mac/SourcePackages/checkouts/swift-markdown/Sources/Markdown/Rewriter/MarkupRewriter.swift (in target 'Markdown' from project 'swift-markdown')
    cd /Users/runner/work/orbit/orbit/.recap-entries-probe/RecapEntriesProbe.xcodeproj
    

SwiftCompile normal arm64 /Users/runner/work/orbit/orbit/.recap-entries-probe/.dd-mac/SourcePackages/checkouts/swift-markdown/Sources/Markdown/Structural\ Restrictions/BasicBlockContainer.swift (in target 'Markdown' from project 'swift-markdown')
    cd /Users/runner/work/orbit/orbit/.recap-entries-probe/RecapEntriesProbe.xcodeproj
    

SwiftCompile normal arm64 /Users/runner/work/orbit/orbit/.recap-entries-probe/.dd-mac/SourcePackages/checkouts/swift-markdown/Sources/Markdown/Structural\ Restrictions/BasicInlineContainer.swift (in target 'Markdown' from project 'swift-markdown')
    cd /Users/runner/work/orbit/orbit/.recap-entries-probe/RecapEntriesProbe.xcodeproj
    

SwiftCompile normal arm64 /Users/runner/work/orbit/orbit/.recap-entries-probe/.dd-mac/SourcePackages/checkouts/swift-markdown/Sources/Markdown/Structural\ Restrictions/BlockContainer.swift (in target 'Markdown' from project 'swift-markdown')
    cd /Users/runner/work/orbit/orbit/.recap-entries-probe/RecapEntriesProbe.xcodeproj
    

SwiftCompile normal arm64 /Users/runner/work/orbit/orbit/.recap-entries-probe/.dd-mac/SourcePackages/checkouts/swift-markdown/Sources/Markdown/Structural\ Restrictions/BlockMarkup.swift (in target 'Markdown' from project 'swift-markdown')
    cd /Users/runner/work/orbit/orbit/.recap-entries-probe/RecapEntriesProbe.xcodeproj
    

SwiftCompile normal arm64 /Users/runner/work/orbit/orbit/.recap-entries-probe/.dd-mac/SourcePackages/checkouts/swift-markdown/Sources/Markdown/Structural\ Restrictions/InlineContainer.swift (in target 'Markdown' from project 'swift-markdown')
    cd /Users/runner/work/orbit/orbit/.recap-entries-probe/RecapEntriesProbe.xcodeproj
    

SwiftCompile normal arm64 /Users/runner/work/orbit/orbit/.recap-entries-probe/.dd-mac/SourcePackages/checkouts/swift-markdown/Sources/Markdown/Structural\ Restrictions/InlineMarkup.swift (in target 'Markdown' from project 'swift-markdown')
    cd /Users/runner/work/orbit/orbit/.recap-entries-probe/RecapEntriesProbe.xcodeproj
    

SwiftCompile normal arm64 /Users/runner/work/orbit/orbit/.recap-entries-probe/.dd-mac/SourcePackages/checkouts/swift-markdown/Sources/Markdown/Structural\ Restrictions/ListItemContainer.swift (in target 'Markdown' from project 'swift-markdown')
    cd /Users/runner/work/orbit/orbit/.recap-entries-probe/RecapEntriesProbe.xcodeproj
    

SwiftCompile normal arm64 /Users/runner/work/orbit/orbit/.recap-entries-probe/.dd-mac/SourcePackages/checkouts/swift-markdown/Sources/Markdown/Utility/AtomicCounter.swift (in target 'Markdown' from project 'swift-markdown')
    cd /Users/runner/work/orbit/orbit/.recap-entries-probe/RecapEntriesProbe.xcodeproj
    

SwiftCompile normal arm64 /Users/runner/work/orbit/orbit/.recap-entries-probe/.dd-mac/SourcePackages/checkouts/swift-markdown/Sources/Markdown/Utility/CharacterExtensions.swift (in target 'Markdown' from project 'swift-markdown')
    cd /Users/runner/work/orbit/orbit/.recap-entries-probe/RecapEntriesProbe.xcodeproj
    

SwiftCompile normal arm64 /Users/runner/work/orbit/orbit/.recap-entries-probe/.dd-mac/SourcePackages/checkouts/swift-markdown/Sources/Markdown/Utility/CollectionExtensions.swift (in target 'Markdown' from project 'swift-markdown')
    cd /Users/runner/work/orbit/orbit/.recap-entries-probe/RecapEntriesProbe.xcodeproj
    

SwiftCompile normal arm64 /Users/runner/work/orbit/orbit/.recap-entries-probe/.dd-mac/SourcePackages/checkouts/swift-markdown/Sources/Markdown/Utility/StringExtensions.swift (in target 'Markdown' from project 'swift-markdown')
    cd /Users/runner/work/orbit/orbit/.recap-entries-probe/RecapEntriesProbe.xcodeproj
    

SwiftCompile normal arm64 /Users/runner/work/orbit/orbit/.recap-entries-probe/.dd-mac/SourcePackages/checkouts/swift-markdown/Sources/Markdown/Visitor/MarkupVisitor.swift (in target 'Markdown' from project 'swift-markdown')
    cd /Users/runner/work/orbit/orbit/.recap-entries-probe/RecapEntriesProbe.xcodeproj
    

SwiftCompile normal arm64 /Users/runner/work/orbit/orbit/.recap-entries-probe/.dd-mac/SourcePackages/checkouts/swift-markdown/Sources/Markdown/Walker/MarkupWalker.swift (in target 'Markdown' from project 'swift-markdown')
    cd /Users/runner/work/orbit/orbit/.recap-entries-probe/RecapEntriesProbe.xcodeproj
    

SwiftCompile normal arm64 /Users/runner/work/orbit/orbit/.recap-entries-probe/.dd-mac/SourcePackages/checkouts/swift-markdown/Sources/Markdown/Walker/Walkers/HTMLFormatter.swift (in target 'Markdown' from project 'swift-markdown')
    cd /Users/runner/work/orbit/orbit/.recap-entries-probe/RecapEntriesProbe.xcodeproj
    

SwiftCompile normal arm64 /Users/runner/work/orbit/orbit/.recap-entries-probe/.dd-mac/SourcePackages/checkouts/swift-markdown/Sources/Markdown/Walker/Walkers/MarkupFormatter.swift (in target 'Markdown' from project 'swift-markdown')
    cd /Users/runner/work/orbit/orbit/.recap-entries-probe/RecapEntriesProbe.xcodeproj
    

SwiftCompile normal arm64 /Users/runner/work/orbit/orbit/.recap-entries-probe/.dd-mac/SourcePackages/checkouts/swift-markdown/Sources/Markdown/Walker/Walkers/MarkupTreeDumper.swift (in target 'Markdown' from project 'swift-markdown')
    cd /Users/runner/work/orbit/orbit/.recap-entries-probe/RecapEntriesProbe.xcodeproj
    

SwiftDriverJobDiscovery normal arm64 Emitting module for Markdown (in target 'Markdown' from project 'swift-markdown')

SwiftDriver\ Compilation\ Requirements Markdown normal arm64 com.apple.xcode.tools.swift.compiler (in target 'Markdown' from project 'swift-markdown')
    cd /Users/runner/work/orbit/orbit/.recap-entries-probe/RecapEntriesProbe.xcodeproj
    builtin-Swift-Compilation-Requirements -- /Applications/Xcode_26.6.app/Contents/Developer/Toolchains/XcodeDefault.xctoolchain/usr/bin/swiftc -module-name Markdown -Onone @/Users/runner/work/orbit/orbit/.recap-entries-probe/.dd-mac/Build/Intermediates.noindex/swift-markdown.build/Debug/Markdown.build/Objects-normal/arm64/Markdown.SwiftFileList -DSWIFT_PACKAGE -DDEBUG -DSWIFT_MODULE_RESOURCE_BUNDLE_UNAVAILABLE -DXcode -plugin-path /Applications/Xcode_26.6.app/Contents/Developer/Toolchains/XcodeDefault.xctoolchain/usr/lib/swift/host/plugins/testing -enable-experimental-feature DebugDescriptionMacro -sdk /Applications/Xcode_26.6.app/Contents/Developer/Platforms/MacOSX.platform/Developer/SDKs/MacOSX26.5.sdk -target arm64-apple-macos10.13 -g -module-cache-path /Users/runner/work/orbit/orbit/.recap-entries-probe/.dd-mac/ModuleCache.noindex -Xfrontend -serialize-debugging-options -enable-testing -suppress-warnings -index-store-path /Users/runner/work/orbit/orbit/.recap-entries-probe/.dd-mac/Index.noindex/DataStore -Xcc -D_LIBCPP_HARDENING_MODE\=_LIBCPP_HARDENING_MODE_DEBUG -swift-version 5 -I /Users/runner/work/orbit/orbit/.recap-entries-probe/.dd-mac/Build/Products/Debug -Isystem /Applications/Xcode_26.6.app/Contents/Developer/Platforms/MacOSX.platform/Developer/usr/lib -F /Users/runner/work/orbit/orbit/.recap-entries-probe/.dd-mac/Build/Products/Debug/PackageFrameworks -F /Users/runner/work/orbit/orbit/.recap-entries-probe/.dd-mac/Build/Products/Debug/PackageFrameworks -F /Users/runner/work/orbit/orbit/.recap-entries-probe/.dd-mac/Build/Products/Debug/PackageFrameworks -F /Users/runner/work/orbit/orbit/.recap-entries-probe/.dd-mac/Build/Products/Debug -F /Applications/Xcode_26.6.app/Contents/Developer/Platforms/MacOSX.platform/Developer/Library/Frameworks -c -j3 -enable-batch-mode -incremental -Xcc -ivfsstatcache -Xcc /Users/runner/work/orbit/orbit/.recap-entries-probe/.dd-mac/SDKStatCaches.noindex/macosx26.5-25F70-688ef53f1462e2c8f657fdc38a81448fee0e6409aa6676c5e6c013d148225433.sdkstatcache -output-file-map /Users/runner/work/orbit/orbit/.recap-entries-probe/.dd-mac/Build/Intermediates.noindex/swift-markdown.build/Debug/Markdown.build/Objects-normal/arm64/Markdown-OutputFileMap.json -use-frontend-parseable-output -save-temps -no-color-diagnostics -explicit-module-build -module-cache-path /Users/runner/work/orbit/orbit/.recap-entries-probe/.dd-mac/Build/Intermediates.noindex/SwiftExplicitPrecompiledModules -clang-scanner-module-cache-path /Users/runner/work/orbit/orbit/.recap-entries-probe/.dd-mac/ModuleCache.noindex -sdk-module-cache-path /Users/runner/work/orbit/orbit/.recap-entries-probe/.dd-mac/ModuleCache.noindex -serialize-diagnostics -emit-dependencies -emit-module -emit-module-path /Users/runner/work/orbit/orbit/.recap-entries-probe/.dd-mac/Build/Intermediates.noindex/swift-markdown.build/Debug/Markdown.build/Objects-normal/arm64/Markdown.swiftmodule -user-module-version 0.9.0 -validate-clang-modules-once -clang-build-session-file /Users/runner/work/orbit/orbit/.recap-entries-probe/.dd-mac/ModuleCache.noindex/Session.modulevalidation -package-name swift_markdown -Xcc -I/Users/runner/work/orbit/orbit/.recap-entries-probe/.dd-mac/Build/Intermediates.noindex/swift-markdown.build/Debug/Markdown.build/swift-overrides.hmap -emit-const-values -Xfrontend -const-gather-protocols-file -Xfrontend /Users/runner/work/orbit/orbit/.recap-entries-probe/.dd-mac/Build/Intermediates.noindex/swift-markdown.build/Debug/Markdown.build/Objects-normal/arm64/Markdown_const_extract_protocols.json -Xcc -I/Users/runner/work/orbit/orbit/.recap-entries-probe/.dd-mac/SourcePackages/checkouts/swift-cmark/src/include -Xcc -I/Users/runner/work/orbit/orbit/.recap-entries-probe/.dd-mac/SourcePackages/checkouts/swift-cmark/extensions/include -Xcc -I/Users/runner/work/orbit/orbit/.recap-entries-probe/.dd-mac/SourcePackages/checkouts/swift-markdown/Sources/CAtomic/include -Xcc -I/Users/runner/work/orbit/orbit/.recap-entries-probe/.dd-mac/Build/Products/Debug/include -Xcc -I/Users/runner/work/orbit/orbit/.recap-entries-probe/.dd-mac/Build/Intermediates.noindex/swift-markdown.build/Debug/Markdown.build/DerivedSources-normal/arm64 -Xcc -I/Users/runner/work/orbit/orbit/.recap-entries-probe/.dd-mac/Build/Intermediates.noindex/swift-markdown.build/Debug/Markdown.build/DerivedSources/arm64 -Xcc -I/Users/runner/work/orbit/orbit/.recap-entries-probe/.dd-mac/Build/Intermediates.noindex/swift-markdown.build/Debug/Markdown.build/DerivedSources -Xcc -DSWIFT_PACKAGE -Xcc -DDEBUG\=1 -emit-objc-header -emit-objc-header-path /Users/runner/work/orbit/orbit/.recap-entries-probe/.dd-mac/Build/Intermediates.noindex/swift-markdown.build/Debug/Markdown.build/Objects-normal/arm64/Markdown-Swift.h -working-directory /Users/runner/work/orbit/orbit/.recap-entries-probe/RecapEntriesProbe.xcodeproj -experimental-emit-module-separately -disable-cmo

SwiftDriverJobDiscovery normal arm64 Compiling ThematicBreak.swift, Table.swift, TableBody.swift, TableCell.swift, TableCellContainer.swift, TableHead.swift, TableRow.swift, Replacement.swift, SourceLocation.swift, Emphasis.swift, Image.swift, InlineAttributes.swift, Link.swift, Strikethrough.swift, Strong.swift, CustomInline.swift, InlineCode.swift, InlineHTML.swift, LineBreak.swift, SoftBreak.swift, SymbolLink.swift, Text.swift, Aside.swift (in target 'Markdown' from project 'swift-markdown')

SwiftDriverJobDiscovery normal arm64 Compiling ChildIndexPath.swift, DirectiveArgument.swift, Document.swift, LiteralMarkup.swift, Markup.swift, MarkupChildren.swift, MarkupData.swift, PlainTextConvertibleMarkup.swift, RawMarkup.swift, BlockDirective.swift, BlockQuote.swift, CustomBlock.swift, DoxygenAbstract.swift, DoxygenDiscussion.swift, DoxygenNote.swift, DoxygenParameter.swift, DoxygenReturns.swift, ListItem.swift, OrderedList.swift, UnorderedList.swift, Paragraph.swift, CodeBlock.swift, HTMLBlock.swift, Heading.swift (in target 'Markdown' from project 'swift-markdown')

SwiftMergeGeneratedHeaders /Users/runner/work/orbit/orbit/.recap-entries-probe/.dd-mac/Build/Intermediates.noindex/GeneratedModuleMaps/Markdown-Swift.h /Users/runner/work/orbit/orbit/.recap-entries-probe/.dd-mac/Build/Intermediates.noindex/swift-markdown.build/Debug/Markdown.build/Objects-normal/arm64/Markdown-Swift.h (in target 'Markdown' from project 'swift-markdown')
    cd /Users/runner/work/orbit/orbit/.recap-entries-probe/.dd-mac/SourcePackages/checkouts/swift-markdown
    builtin-swiftHeaderTool -arch arm64 /Users/runner/work/orbit/orbit/.recap-entries-probe/.dd-mac/Build/Intermediates.noindex/swift-markdown.build/Debug/Markdown.build/Objects-normal/arm64/Markdown-Swift.h -o /Users/runner/work/orbit/orbit/.recap-entries-probe/.dd-mac/Build/Intermediates.noindex/GeneratedModuleMaps/Markdown-Swift.h

Copy /Users/runner/work/orbit/orbit/.recap-entries-probe/.dd-mac/Build/Products/Debug/Markdown.swiftmodule/arm64-apple-macos.swiftmodule /Users/runner/work/orbit/orbit/.recap-entries-probe/.dd-mac/Build/Intermediates.noindex/swift-markdown.build/Debug/Markdown.build/Objects-normal/arm64/Markdown.swiftmodule (in target 'Markdown' from project 'swift-markdown')
    cd /Users/runner/work/orbit/orbit/.recap-entries-probe/.dd-mac/SourcePackages/checkouts/swift-markdown
    builtin-copy -exclude .DS_Store -exclude CVS -exclude .svn -exclude .git -exclude .hg -resolve-src-symlinks -rename /Users/runner/work/orbit/orbit/.recap-entries-probe/.dd-mac/Build/Intermediates.noindex/swift-markdown.build/Debug/Markdown.build/Objects-normal/arm64/Markdown.swiftmodule /Users/runner/work/orbit/orbit/.recap-entries-probe/.dd-mac/Build/Products/Debug/Markdown.swiftmodule/arm64-apple-macos.swiftmodule

Copy /Users/runner/work/orbit/orbit/.recap-entries-probe/.dd-mac/Build/Products/Debug/Markdown.swiftmodule/arm64-apple-macos.swiftdoc /Users/runner/work/orbit/orbit/.recap-entries-probe/.dd-mac/Build/Intermediates.noindex/swift-markdown.build/Debug/Markdown.build/Objects-normal/arm64/Markdown.swiftdoc (in target 'Markdown' from project 'swift-markdown')
    cd /Users/runner/work/orbit/orbit/.recap-entries-probe/.dd-mac/SourcePackages/checkouts/swift-markdown
    builtin-copy -exclude .DS_Store -exclude CVS -exclude .svn -exclude .git -exclude .hg -resolve-src-symlinks -rename /Users/runner/work/orbit/orbit/.recap-entries-probe/.dd-mac/Build/Intermediates.noindex/swift-markdown.build/Debug/Markdown.build/Objects-normal/arm64/Markdown.swiftdoc /Users/runner/work/orbit/orbit/.recap-entries-probe/.dd-mac/Build/Products/Debug/Markdown.swiftmodule/arm64-apple-macos.swiftdoc

Copy /Users/runner/work/orbit/orbit/.recap-entries-probe/.dd-mac/Build/Products/Debug/Markdown.swiftmodule/arm64-apple-macos.abi.json /Users/runner/work/orbit/orbit/.recap-entries-probe/.dd-mac/Build/Intermediates.noindex/swift-markdown.build/Debug/Markdown.build/Objects-normal/arm64/Markdown.abi.json (in target 'Markdown' from project 'swift-markdown')
    cd /Users/runner/work/orbit/orbit/.recap-entries-probe/.dd-mac/SourcePackages/checkouts/swift-markdown
    builtin-copy -exclude .DS_Store -exclude CVS -exclude .svn -exclude .git -exclude .hg -resolve-src-symlinks -rename /Users/runner/work/orbit/orbit/.recap-entries-probe/.dd-mac/Build/Intermediates.noindex/swift-markdown.build/Debug/Markdown.build/Objects-normal/arm64/Markdown.abi.json /Users/runner/work/orbit/orbit/.recap-entries-probe/.dd-mac/Build/Products/Debug/Markdown.swiftmodule/arm64-apple-macos.abi.json

Copy /Users/runner/work/orbit/orbit/.recap-entries-probe/.dd-mac/Build/Products/Debug/Markdown.swiftmodule/Project/arm64-apple-macos.swiftsourceinfo /Users/runner/work/orbit/orbit/.recap-entries-probe/.dd-mac/Build/Intermediates.noindex/swift-markdown.build/Debug/Markdown.build/Objects-normal/arm64/Markdown.swiftsourceinfo (in target 'Markdown' from project 'swift-markdown')
    cd /Users/runner/work/orbit/orbit/.recap-entries-probe/.dd-mac/SourcePackages/checkouts/swift-markdown
    builtin-copy -exclude .DS_Store -exclude CVS -exclude .svn -exclude .git -exclude .hg -resolve-src-symlinks -rename /Users/runner/work/orbit/orbit/.recap-entries-probe/.dd-mac/Build/Intermediates.noindex/swift-markdown.build/Debug/Markdown.build/Objects-normal/arm64/Markdown.swiftsourceinfo /Users/runner/work/orbit/orbit/.recap-entries-probe/.dd-mac/Build/Products/Debug/Markdown.swiftmodule/Project/arm64-apple-macos.swiftsourceinfo

SwiftDriver OrbitKit normal arm64 com.apple.xcode.tools.swift.compiler (in target 'OrbitKit' from project 'OrbitKit')
    cd /Users/runner/work/orbit/orbit/.recap-entries-probe/RecapEntriesProbe.xcodeproj
    builtin-SwiftDriver -- /Applications/Xcode_26.6.app/Contents/Developer/Toolchains/XcodeDefault.xctoolchain/usr/bin/swiftc -module-name OrbitKit -Onone @/Users/runner/work/orbit/orbit/.recap-entries-probe/.dd-mac/Build/Intermediates.noindex/OrbitKit.build/Debug/OrbitKit.build/Objects-normal/arm64/OrbitKit.SwiftFileList -DSWIFT_PACKAGE -DDEBUG -DSWIFT_MODULE_RESOURCE_BUNDLE_UNAVAILABLE -DXcode -plugin-path /Applications/Xcode_26.6.app/Contents/Developer/Toolchains/XcodeDefault.xctoolchain/usr/lib/swift/host/plugins/testing -enable-experimental-feature DebugDescriptionMacro -sdk /Applications/Xcode_26.6.app/Contents/Developer/Platforms/MacOSX.platform/Developer/SDKs/MacOSX26.5.sdk -target arm64-apple-macos13.0 -g -module-cache-path /Users/runner/work/orbit/orbit/.recap-entries-probe/.dd-mac/ModuleCache.noindex -Xfrontend -serialize-debugging-options -enable-testing -index-store-path /Users/runner/work/orbit/orbit/.recap-entries-probe/.dd-mac/Index.noindex/DataStore -Xcc -D_LIBCPP_HARDENING_MODE\=_LIBCPP_HARDENING_MODE_DEBUG -swift-version 5 -I /Users/runner/work/orbit/orbit/.recap-entries-probe/.dd-mac/Build/Products/Debug -Isystem /Applications/Xcode_26.6.app/Contents/Developer/Platforms/MacOSX.platform/Developer/usr/lib -F /Users/runner/work/orbit/orbit/.recap-entries-probe/.dd-mac/Build/Products/Debug/PackageFrameworks -F /Users/runner/work/orbit/orbit/.recap-entries-probe/.dd-mac/Build/Products/Debug/PackageFrameworks -F /Users/runner/work/orbit/orbit/.recap-entries-probe/.dd-mac/Build/Products/Debug/PackageFrameworks -F /Users/runner/work/orbit/orbit/.recap-entries-probe/.dd-mac/Build/Products/Debug/PackageFrameworks -F /Users/runner/work/orbit/orbit/.recap-entries-probe/.dd-mac/Build/Products/Debug -F /Applications/Xcode_26.6.app/Contents/Developer/Platforms/MacOSX.platform/Developer/Library/Frameworks -c -j3 -enable-batch-mode -incremental -Xcc -ivfsstatcache -Xcc /Users/runner/work/orbit/orbit/.recap-entries-probe/.dd-mac/SDKStatCaches.noindex/macosx26.5-25F70-688ef53f1462e2c8f657fdc38a81448fee0e6409aa6676c5e6c013d148225433.sdkstatcache -output-file-map /Users/runner/work/orbit/orbit/.recap-entries-probe/.dd-mac/Build/Intermediates.noindex/OrbitKit.build/Debug/OrbitKit.build/Objects-normal/arm64/OrbitKit-OutputFileMap.json -use-frontend-parseable-output -save-temps -no-color-diagnostics -explicit-module-build -module-cache-path /Users/runner/work/orbit/orbit/.recap-entries-probe/.dd-mac/Build/Intermediates.noindex/SwiftExplicitPrecompiledModules -clang-scanner-module-cache-path /Users/runner/work/orbit/orbit/.recap-entries-probe/.dd-mac/ModuleCache.noindex -sdk-module-cache-path /Users/runner/work/orbit/orbit/.recap-entries-probe/.dd-mac/ModuleCache.noindex -serialize-diagnostics -emit-dependencies -emit-module -emit-module-path /Users/runner/work/orbit/orbit/.recap-entries-probe/.dd-mac/Build/Intermediates.noindex/OrbitKit.build/Debug/OrbitKit.build/Objects-normal/arm64/OrbitKit.swiftmodule -validate-clang-modules-once -clang-build-session-file /Users/runner/work/orbit/orbit/.recap-entries-probe/.dd-mac/ModuleCache.noindex/Session.modulevalidation -package-name orbitkit -Xcc -I/Users/runner/work/orbit/orbit/.recap-entries-probe/.dd-mac/Build/Intermediates.noindex/OrbitKit.build/Debug/OrbitKit.build/swift-overrides.hmap -emit-const-values -Xfrontend -const-gather-protocols-file -Xfrontend /Users/runner/work/orbit/orbit/.recap-entries-probe/.dd-mac/Build/Intermediates.noindex/OrbitKit.build/Debug/OrbitKit.build/Objects-normal/arm64/OrbitKit_const_extract_protocols.json -Xcc -I/Users/runner/work/orbit/orbit/.recap-entries-probe/.dd-mac/SourcePackages/checkouts/swift-cmark/src/include -Xcc -I/Users/runner/work/orbit/orbit/.recap-entries-probe/.dd-mac/SourcePackages/checkouts/swift-cmark/extensions/include -Xcc -I/Users/runner/work/orbit/orbit/.recap-entries-probe/.dd-mac/SourcePackages/checkouts/swift-markdown/Sources/CAtomic/include -Xcc -I/Users/runner/work/orbit/orbit/.recap-entries-probe/.dd-mac/Build/Products/Debug/include -Xcc -I/Users/runner/work/orbit/orbit/.recap-entries-probe/.dd-mac/Build/Intermediates.noindex/OrbitKit.build/Debug/OrbitKit.build/DerivedSources-normal/arm64 -Xcc -I/Users/runner/work/orbit/orbit/.recap-entries-probe/.dd-mac/Build/Intermediates.noindex/OrbitKit.build/Debug/OrbitKit.build/DerivedSources/arm64 -Xcc -I/Users/runner/work/orbit/orbit/.recap-entries-probe/.dd-mac/Build/Intermediates.noindex/OrbitKit.build/Debug/OrbitKit.build/DerivedSources -Xcc -DSWIFT_PACKAGE -Xcc -DDEBUG\=1 -emit-objc-header -emit-objc-header-path /Users/runner/work/orbit/orbit/.recap-entries-probe/.dd-mac/Build/Intermediates.noindex/OrbitKit.build/Debug/OrbitKit.build/Objects-normal/arm64/OrbitKit-Swift.h -working-directory /Users/runner/work/orbit/orbit/.recap-entries-probe/RecapEntriesProbe.xcodeproj -experimental-emit-module-separately -disable-cmo

SwiftDriverJobDiscovery normal arm64 Compiling BlockDirectiveParser.swift, CommonMarkConverter.swift, LazySplitLines.swift, ParseOptions.swift, RangeAdjuster.swift, RangerTracker.swift, MarkupRewriter.swift, BasicBlockContainer.swift, BasicInlineContainer.swift, BlockContainer.swift, BlockMarkup.swift, InlineContainer.swift, InlineMarkup.swift, ListItemContainer.swift, AtomicCounter.swift, CharacterExtensions.swift, CollectionExtensions.swift, StringExtensions.swift, MarkupVisitor.swift, MarkupWalker.swift, HTMLFormatter.swift, MarkupFormatter.swift, MarkupTreeDumper.swift (in target 'Markdown' from project 'swift-markdown')

SwiftDriver\ Compilation Markdown normal arm64 com.apple.xcode.tools.swift.compiler (in target 'Markdown' from project 'swift-markdown')
    cd /Users/runner/work/orbit/orbit/.recap-entries-probe/RecapEntriesProbe.xcodeproj
    builtin-Swift-Compilation -- /Applications/Xcode_26.6.app/Contents/Developer/Toolchains/XcodeDefault.xctoolchain/usr/bin/swiftc -module-name Markdown -Onone @/Users/runner/work/orbit/orbit/.recap-entries-probe/.dd-mac/Build/Intermediates.noindex/swift-markdown.build/Debug/Markdown.build/Objects-normal/arm64/Markdown.SwiftFileList -DSWIFT_PACKAGE -DDEBUG -DSWIFT_MODULE_RESOURCE_BUNDLE_UNAVAILABLE -DXcode -plugin-path /Applications/Xcode_26.6.app/Contents/Developer/Toolchains/XcodeDefault.xctoolchain/usr/lib/swift/host/plugins/testing -enable-experimental-feature DebugDescriptionMacro -sdk /Applications/Xcode_26.6.app/Contents/Developer/Platforms/MacOSX.platform/Developer/SDKs/MacOSX26.5.sdk -target arm64-apple-macos10.13 -g -module-cache-path /Users/runner/work/orbit/orbit/.recap-entries-probe/.dd-mac/ModuleCache.noindex -Xfrontend -serialize-debugging-options -enable-testing -suppress-warnings -index-store-path /Users/runner/work/orbit/orbit/.recap-entries-probe/.dd-mac/Index.noindex/DataStore -Xcc -D_LIBCPP_HARDENING_MODE\=_LIBCPP_HARDENING_MODE_DEBUG -swift-version 5 -I /Users/runner/work/orbit/orbit/.recap-entries-probe/.dd-mac/Build/Products/Debug -Isystem /Applications/Xcode_26.6.app/Contents/Developer/Platforms/MacOSX.platform/Developer/usr/lib -F /Users/runner/work/orbit/orbit/.recap-entries-probe/.dd-mac/Build/Products/Debug/PackageFrameworks -F /Users/runner/work/orbit/orbit/.recap-entries-probe/.dd-mac/Build/Products/Debug/PackageFrameworks -F /Users/runner/work/orbit/orbit/.recap-entries-probe/.dd-mac/Build/Products/Debug/PackageFrameworks -F /Users/runner/work/orbit/orbit/.recap-entries-probe/.dd-mac/Build/Products/Debug -F /Applications/Xcode_26.6.app/Contents/Developer/Platforms/MacOSX.platform/Developer/Library/Frameworks -c -j3 -enable-batch-mode -incremental -Xcc -ivfsstatcache -Xcc /Users/runner/work/orbit/orbit/.recap-entries-probe/.dd-mac/SDKStatCaches.noindex/macosx26.5-25F70-688ef53f1462e2c8f657fdc38a81448fee0e6409aa6676c5e6c013d148225433.sdkstatcache -output-file-map /Users/runner/work/orbit/orbit/.recap-entries-probe/.dd-mac/Build/Intermediates.noindex/swift-markdown.build/Debug/Markdown.build/Objects-normal/arm64/Markdown-OutputFileMap.json -use-frontend-parseable-output -save-temps -no-color-diagnostics -explicit-module-build -module-cache-path /Users/runner/work/orbit/orbit/.recap-entries-probe/.dd-mac/Build/Intermediates.noindex/SwiftExplicitPrecompiledModules -clang-scanner-module-cache-path /Users/runner/work/orbit/orbit/.recap-entries-probe/.dd-mac/ModuleCache.noindex -sdk-module-cache-path /Users/runner/work/orbit/orbit/.recap-entries-probe/.dd-mac/ModuleCache.noindex -serialize-diagnostics -emit-dependencies -emit-module -emit-module-path /Users/runner/work/orbit/orbit/.recap-entries-probe/.dd-mac/Build/Intermediates.noindex/swift-markdown.build/Debug/Markdown.build/Objects-normal/arm64/Markdown.swiftmodule -user-module-version 0.9.0 -validate-clang-modules-once -clang-build-session-file /Users/runner/work/orbit/orbit/.recap-entries-probe/.dd-mac/ModuleCache.noindex/Session.modulevalidation -package-name swift_markdown -Xcc -I/Users/runner/work/orbit/orbit/.recap-entries-probe/.dd-mac/Build/Intermediates.noindex/swift-markdown.build/Debug/Markdown.build/swift-overrides.hmap -emit-const-values -Xfrontend -const-gather-protocols-file -Xfrontend /Users/runner/work/orbit/orbit/.recap-entries-probe/.dd-mac/Build/Intermediates.noindex/swift-markdown.build/Debug/Markdown.build/Objects-normal/arm64/Markdown_const_extract_protocols.json -Xcc -I/Users/runner/work/orbit/orbit/.recap-entries-probe/.dd-mac/SourcePackages/checkouts/swift-cmark/src/include -Xcc -I/Users/runner/work/orbit/orbit/.recap-entries-probe/.dd-mac/SourcePackages/checkouts/swift-cmark/extensions/include -Xcc -I/Users/runner/work/orbit/orbit/.recap-entries-probe/.dd-mac/SourcePackages/checkouts/swift-markdown/Sources/CAtomic/include -Xcc -I/Users/runner/work/orbit/orbit/.recap-entries-probe/.dd-mac/Build/Products/Debug/include -Xcc -I/Users/runner/work/orbit/orbit/.recap-entries-probe/.dd-mac/Build/Intermediates.noindex/swift-markdown.build/Debug/Markdown.build/DerivedSources-normal/arm64 -Xcc -I/Users/runner/work/orbit/orbit/.recap-entries-probe/.dd-mac/Build/Intermediates.noindex/swift-markdown.build/Debug/Markdown.build/DerivedSources/arm64 -Xcc -I/Users/runner/work/orbit/orbit/.recap-entries-probe/.dd-mac/Build/Intermediates.noindex/swift-markdown.build/Debug/Markdown.build/DerivedSources -Xcc -DSWIFT_PACKAGE -Xcc -DDEBUG\=1 -emit-objc-header -emit-objc-header-path /Users/runner/work/orbit/orbit/.recap-entries-probe/.dd-mac/Build/Intermediates.noindex/swift-markdown.build/Debug/Markdown.build/Objects-normal/arm64/Markdown-Swift.h -working-directory /Users/runner/work/orbit/orbit/.recap-entries-probe/RecapEntriesProbe.xcodeproj -experimental-emit-module-separately -disable-cmo

Ld /Users/runner/work/orbit/orbit/.recap-entries-probe/.dd-mac/Build/Products/Debug/Markdown.o normal (in target 'Markdown' from project 'swift-markdown')
    cd /Users/runner/work/orbit/orbit/.recap-entries-probe/.dd-mac/SourcePackages/checkouts/swift-markdown
    /Applications/Xcode_26.6.app/Contents/Developer/Toolchains/XcodeDefault.xctoolchain/usr/bin/clang -Xlinker -reproducible -target arm64-apple-macos10.13 -r -isysroot /Applications/Xcode_26.6.app/Contents/Developer/Platforms/MacOSX.platform/Developer/SDKs/MacOSX26.5.sdk -O0 -w -F/Users/runner/work/orbit/orbit/.recap-entries-probe/.dd-mac/Build/Intermediates.noindex/EagerLinkingTBDs/Debug -F/Users/runner/work/orbit/orbit/.recap-entries-probe/.dd-mac/Build/Products/Debug/PackageFrameworks -F/Users/runner/work/orbit/orbit/.recap-entries-probe/.dd-mac/Build/Products/Debug/PackageFrameworks -F/Users/runner/work/orbit/orbit/.recap-entries-probe/.dd-mac/Build/Products/Debug/PackageFrameworks -F/Users/runner/work/orbit/orbit/.recap-entries-probe/.dd-mac/Build/Products/Debug -iframework /Applications/Xcode_26.6.app/Contents/Developer/Platforms/MacOSX.platform/Developer/Library/Frameworks -filelist /Users/runner/work/orbit/orbit/.recap-entries-probe/.dd-mac/Build/Intermediates.noindex/swift-markdown.build/Debug/Markdown.build/Objects-normal/arm64/Markdown.LinkFileList -nostdlib -Xlinker -object_path_lto -Xlinker /Users/runner/work/orbit/orbit/.recap-entries-probe/.dd-mac/Build/Intermediates.noindex/swift-markdown.build/Debug/Markdown.build/Objects-normal/arm64/Markdown_lto.o -Xlinker -no_deduplicate -Xlinker -dependency_info -Xlinker /Users/runner/work/orbit/orbit/.recap-entries-probe/.dd-mac/Build/Intermediates.noindex/swift-markdown.build/Debug/Markdown.build/Objects-normal/arm64/Markdown_dependency_info.dat -fobjc-link-runtime -L/Applications/Xcode_26.6.app/Contents/Developer/Toolchains/XcodeDefault.xctoolchain/usr/lib/swift/macosx -L/usr/lib/swift -Xlinker -add_ast_path -Xlinker /Users/runner/work/orbit/orbit/.recap-entries-probe/.dd-mac/Build/Intermediates.noindex/swift-markdown.build/Debug/Markdown.build/Objects-normal/arm64/Markdown.swiftmodule @/Users/runner/work/orbit/orbit/.recap-entries-probe/.dd-mac/Build/Intermediates.noindex/swift-markdown.build/Debug/Markdown.build/Objects-normal/arm64/Markdown-linker-args.resp -o /Users/runner/work/orbit/orbit/.recap-entries-probe/.dd-mac/Build/Products/Debug/Markdown.o

ExtractAppIntentsMetadata (in target 'Markdown' from project 'swift-markdown')
    cd /Users/runner/work/orbit/orbit/.recap-entries-probe/.dd-mac/SourcePackages/checkouts/swift-markdown
    /Applications/Xcode_26.6.app/Contents/Developer/Toolchains/XcodeDefault.xctoolchain/usr/bin/appintentsmetadataprocessor --toolchain-dir /var/run/com.apple.security.cryptexd/mnt/com.apple.MobileAsset.MetalToolchain-v17.6.109.0.TD4BrU/Metal.xctoolchain --module-name Markdown --sdk-root /Applications/Xcode_26.6.app/Contents/Developer/Platforms/MacOSX.platform/Developer/SDKs/MacOSX26.5.sdk --xcode-version 17F113 --platform-family macOS --deployment-target 10.13 --bundle-identifier swift-markdown.Markdown --output /Users/runner/work/orbit/orbit/.recap-entries-probe/.dd-mac/Build/Products/Debug/Markdown.appintents --target-triple arm64-apple-macos10.13 --binary-file /Users/runner/work/orbit/orbit/.recap-entries-probe/.dd-mac/Build/Products/Debug/Markdown.o --dependency-file /Users/runner/work/orbit/orbit/.recap-entries-probe/.dd-mac/Build/Intermediates.noindex/swift-markdown.build/Debug/Markdown.build/Objects-normal/arm64/Markdown_dependency_info.dat --stringsdata-file /Users/runner/work/orbit/orbit/.recap-entries-probe/.dd-mac/Build/Intermediates.noindex/swift-markdown.build/Debug/Markdown.build/Objects-normal/arm64/ExtractedAppShortcutsMetadata.stringsdata --source-file-list /Users/runner/work/orbit/orbit/.recap-entries-probe/.dd-mac/Build/Intermediates.noindex/swift-markdown.build/Debug/Markdown.build/Objects-normal/arm64/Markdown.SwiftFileList --metadata-file-list /Users/runner/work/orbit/orbit/.recap-entries-probe/.dd-mac/Build/Intermediates.noindex/swift-markdown.build/Debug/Markdown.build/Markdown.DependencyMetadataFileList --static-metadata-file-list /Users/runner/work/orbit/orbit/.recap-entries-probe/.dd-mac/Build/Intermediates.noindex/swift-markdown.build/Debug/Markdown.build/Markdown.DependencyStaticMetadataFileList --swift-const-vals-list /Users/runner/work/orbit/orbit/.recap-entries-probe/.dd-mac/Build/Intermediates.noindex/swift-markdown.build/Debug/Markdown.build/Objects-normal/arm64/Markdown.SwiftConstValuesFileList --force --compile-time-extraction --deployment-aware-processing --validate-assistant-intents --no-app-shortcuts-localization
2026-10-10 05:38:12.602 appintentsmetadataprocessor[12291:40999] Starting appintentsmetadataprocessor export
2026-10-10 05:38:12.691 appintentsmetadataprocessor[12291:40999] Extracted no relevant App Intents symbols, skipping writing output

CodeSign /Users/runner/work/orbit/orbit/.recap-entries-probe/.dd-mac/Build/Products/Debug/Markdown.o (in target 'Markdown' from project 'swift-markdown')
    cd /Users/runner/work/orbit/orbit/.recap-entries-probe/.dd-mac/SourcePackages/checkouts/swift-markdown
    
    Signing Identity:     "Sign to Run Locally"
    
    /usr/bin/codesign --force --sign - --timestamp\=none --generate-entitlement-der /Users/runner/work/orbit/orbit/.recap-entries-probe/.dd-mac/Build/Products/Debug/Markdown.o

RegisterExecutionPolicyException /Users/runner/work/orbit/orbit/.recap-entries-probe/.dd-mac/Build/Products/Debug/Markdown.o (in target 'Markdown' from project 'swift-markdown')
    cd /Users/runner/work/orbit/orbit/.recap-entries-probe/.dd-mac/SourcePackages/checkouts/swift-markdown
    builtin-RegisterExecutionPolicyException /Users/runner/work/orbit/orbit/.recap-entries-probe/.dd-mac/Build/Products/Debug/Markdown.o

SwiftExplicitDependencyGeneratePcm arm64 /Users/runner/work/orbit/orbit/.recap-entries-probe/.dd-mac/ModuleCache.noindex/OpenGL-7GYKXPHQUGH7LL0VRU37PWKR0.pcm

SwiftExplicitDependencyGeneratePcm arm64 /Users/runner/work/orbit/orbit/.recap-entries-probe/.dd-mac/ModuleCache.noindex/CoreTransferable-7VZXLN6X7PAUULB4LLHCJOERT.pcm

SwiftExplicitDependencyGeneratePcm arm64 /Users/runner/work/orbit/orbit/.recap-entries-probe/.dd-mac/ModuleCache.noindex/_Builtin_stdatomic-91XIXV16SZHDPT98BU4QTIKX0.pcm

SwiftExplicitDependencyGeneratePcm arm64 /Users/runner/work/orbit/orbit/.recap-entries-probe/.dd-mac/ModuleCache.noindex/CUPS-5W0RJWH1DCTBZJ5VG44UVXC4K.pcm

SwiftExplicitDependencyGeneratePcm arm64 /Users/runner/work/orbit/orbit/.recap-entries-probe/.dd-mac/ModuleCache.noindex/Symbols-78L3BP3G17W3PO7X9PPSL0I3.pcm

SwiftExplicitDependencyGeneratePcm arm64 /Users/runner/work/orbit/orbit/.recap-entries-probe/.dd-mac/ModuleCache.noindex/os-EVADGRYUGSLRBQ28903T45YWF.pcm

SwiftExplicitDependencyGeneratePcm arm64 /Users/runner/work/orbit/orbit/.recap-entries-probe/.dd-mac/ModuleCache.noindex/ColorSync-9S105XTQAZ5P3BVYZO3H7P1B8.pcm

SwiftExplicitDependencyGeneratePcm arm64 /Users/runner/work/orbit/orbit/.recap-entries-probe/.dd-mac/ModuleCache.noindex/CoreGraphics-DNTXW9EP5F15A4HUXVY1J1NLQ.pcm

SwiftExplicitDependencyGeneratePcm arm64 /Users/runner/work/orbit/orbit/.recap-entries-probe/.dd-mac/ModuleCache.noindex/IOSurface-9TNJL2M1L064264EWLS9F9XAU.pcm

SwiftExplicitDependencyGeneratePcm arm64 /Users/runner/work/orbit/orbit/.recap-entries-probe/.dd-mac/ModuleCache.noindex/LocalAuthentication-6HJJJNKX4NPZTWNYSBJ283YT8.pcm

SwiftExplicitDependencyGeneratePcm arm64 /Users/runner/work/orbit/orbit/.recap-entries-probe/.dd-mac/ModuleCache.noindex/OSLog-B55KQNKDI4C6D0YABJN5KAMC2.pcm

SwiftExplicitDependencyGeneratePcm arm64 /Users/runner/work/orbit/orbit/.recap-entries-probe/.dd-mac/ModuleCache.noindex/_Builtin_tgmath-1HTJXJVXRG6HRZWAQLVVA8EX5.pcm

SwiftExplicitDependencyGeneratePcm arm64 /Users/runner/work/orbit/orbit/.recap-entries-probe/.dd-mac/ModuleCache.noindex/Metal-5DOK2QMTWFOE7SLW8UL01HVFE.pcm

SwiftExplicitDependencyGeneratePcm arm64 /Users/runner/work/orbit/orbit/.recap-entries-probe/.dd-mac/ModuleCache.noindex/Accessibility-E05JT758MC1VPEJS8NNEQMQ2F.pcm

SwiftExplicitDependencyGeneratePcm arm64 /Users/runner/work/orbit/orbit/.recap-entries-probe/.dd-mac/ModuleCache.noindex/CoreData-9M9XYETLXXWM8LYII8X7U2TV4.pcm

SwiftExplicitDependencyGeneratePcm arm64 /Users/runner/work/orbit/orbit/.recap-entries-probe/.dd-mac/ModuleCache.noindex/DataDetection-VZW97OD83TBG88TJTFF66K43.pcm

SwiftExplicitDependencyGeneratePcm arm64 /Users/runner/work/orbit/orbit/.recap-entries-probe/.dd-mac/ModuleCache.noindex/DeveloperToolsSupport-ACBOP26XKAN4C5VHEPN5UVVZ3.pcm

SwiftExplicitDependencyGeneratePcm arm64 /Users/runner/work/orbit/orbit/.recap-entries-probe/.dd-mac/ModuleCache.noindex/_Builtin_intrinsics-6CGA8IB570TB6KLKLB0I33G4E.pcm

SwiftExplicitDependencyGeneratePcm arm64 /Users/runner/work/orbit/orbit/.recap-entries-probe/.dd-mac/ModuleCache.noindex/UniformTypeIdentifiers-2PKJH2MKKAVXVMRAG3G4Q9LTA.pcm

SwiftExplicitDependencyGeneratePcm arm64 /Users/runner/work/orbit/orbit/.recap-entries-probe/.dd-mac/ModuleCache.noindex/ImageIO-42D9BVIMB9KQSWSOA6U9BQF91.pcm

SwiftExplicitDependencyGeneratePcm arm64 /Users/runner/work/orbit/orbit/.recap-entries-probe/.dd-mac/ModuleCache.noindex/CoreText-DRJJQOW17OK2F72FRNX4EH90V.pcm

SwiftExplicitDependencyGeneratePcm arm64 /Users/runner/work/orbit/orbit/.recap-entries-probe/.dd-mac/ModuleCache.noindex/ApplicationServices-3MMW4IKIS8EMJR8UJ6Z84ZMEH.pcm

SwiftExplicitDependencyGeneratePcm arm64 /Users/runner/work/orbit/orbit/.recap-entries-probe/.dd-mac/ModuleCache.noindex/simd-60P4TDPYODYG0RJ8MA8Z04E2J.pcm

SwiftExplicitDependencyGeneratePcm arm64 /Users/runner/work/orbit/orbit/.recap-entries-probe/.dd-mac/ModuleCache.noindex/CoreVideo-128MIK2406O6KUV5T8XXCVHOJ.pcm

SwiftExplicitDependencyGeneratePcm arm64 /Users/runner/work/orbit/orbit/.recap-entries-probe/.dd-mac/ModuleCache.noindex/QuartzCore-B820XRUZFI4WN482UM6GAA4XR.pcm

SwiftExplicitDependencyGeneratePcm arm64 /Users/runner/work/orbit/orbit/.recap-entries-probe/.dd-mac/ModuleCache.noindex/CoreImage-262OOYEDVGIBGMJAISLQRM2P6.pcm

SwiftExplicitDependencyGeneratePcm arm64 /Users/runner/work/orbit/orbit/.recap-entries-probe/.dd-mac/ModuleCache.noindex/SwiftUICore-15E9APMQZKLLEK4ABR3FNLRQG.pcm

SwiftExplicitDependencyGeneratePcm arm64 /Users/runner/work/orbit/orbit/.recap-entries-probe/.dd-mac/ModuleCache.noindex/AppKit-EO4OEBU09Q4KEXLVAO77I5F6O.pcm

SwiftExplicitDependencyGeneratePcm arm64 /Users/runner/work/orbit/orbit/.recap-entries-probe/.dd-mac/ModuleCache.noindex/Spatial-DX8ENIA0WKH4IMU8YA6DKDKH4.pcm

SwiftExplicitDependencyGeneratePcm arm64 /Users/runner/work/orbit/orbit/.recap-entries-probe/.dd-mac/ModuleCache.noindex/AuthenticationServices-2DJ58HQZLNRQBJ20DKRNOV4NS.pcm

SwiftEmitModule normal arm64 Emitting\ module\ for\ OrbitKit (in target 'OrbitKit' from project 'OrbitKit')

EmitSwiftModule normal arm64 (in target 'OrbitKit' from project 'OrbitKit')
    cd /Users/runner/work/orbit/orbit/.recap-entries-probe/RecapEntriesProbe.xcodeproj
    

SwiftCompile normal arm64 Compiling\ DeepSeekBalance.swift,\ DshRuntime.swift,\ EngineAuth.swift,\ EngineErrors.swift,\ EvidenceDecision.swift,\ ImageViewerGeometry.swift,\ Infrastructure.swift,\ KimiSite.swift,\ LaunchSnapshot.swift,\ LoadFailureLogic.swift,\ LoginFailure.swift,\ ManagedRunnerDisplay.swift,\ Markdown.swift,\ MarkdownFileRef.swift,\ MenuBar.swift,\ Navigation.swift,\ NeedsYou.swift,\ Notifications.swift,\ OpenCodeKeys.swift,\ OpenListReader.swift,\ OpenListRowUpdate.swift,\ OrbitAskPreview.swift,\ OrbitLink.swift,\ OrbitLinkCard.swift /Users/runner/work/orbit/orbit/src/macos/OrbitKit/Sources/OrbitKit/App/DeepSeekBalance.swift /Users/runner/work/orbit/orbit/src/macos/OrbitKit/Sources/OrbitKit/App/DshRuntime.swift /Users/runner/work/orbit/orbit/src/macos/OrbitKit/Sources/OrbitKit/App/EngineAuth.swift /Users/runner/work/orbit/orbit/src/macos/OrbitKit/Sources/OrbitKit/App/EngineErrors.swift /Users/runner/work/orbit/orbit/src/macos/OrbitKit/Sources/OrbitKit/App/EvidenceDecision.swift /Users/runner/work/orbit/orbit/src/macos/OrbitKit/Sources/OrbitKit/App/ImageViewerGeometry.swift /Users/runner/work/orbit/orbit/src/macos/OrbitKit/Sources/OrbitKit/App/Infrastructure.swift /Users/runner/work/orbit/orbit/src/macos/OrbitKit/Sources/OrbitKit/App/KimiSite.swift /Users/runner/work/orbit/orbit/src/macos/OrbitKit/Sources/OrbitKit/App/LaunchSnapshot.swift /Users/runner/work/orbit/orbit/src/macos/OrbitKit/Sources/OrbitKit/App/LoadFailureLogic.swift /Users/runner/work/orbit/orbit/src/macos/OrbitKit/Sources/OrbitKit/App/LoginFailure.swift /Users/runner/work/orbit/orbit/src/macos/OrbitKit/Sources/OrbitKit/App/ManagedRunnerDisplay.swift /Users/runner/work/orbit/orbit/src/macos/OrbitKit/Sources/OrbitKit/App/Markdown.swift /Users/runner/work/orbit/orbit/src/macos/OrbitKit/Sources/OrbitKit/App/MarkdownFileRef.swift /Users/runner/work/orbit/orbit/src/macos/OrbitKit/Sources/OrbitKit/App/MenuBar.swift /Users/runner/work/orbit/orbit/src/macos/OrbitKit/Sources/OrbitKit/App/Navigation.swift /Users/runner/work/orbit/orbit/src/macos/OrbitKit/Sources/OrbitKit/App/NeedsYou.swift /Users/runner/work/orbit/orbit/src/macos/OrbitKit/Sources/OrbitKit/App/Notifications.swift /Users/runner/work/orbit/orbit/src/macos/OrbitKit/Sources/OrbitKit/App/OpenCodeKeys.swift /Users/runner/work/orbit/orbit/src/macos/OrbitKit/Sources/OrbitKit/App/OpenListReader.swift /Users/runner/work/orbit/orbit/src/macos/OrbitKit/Sources/OrbitKit/App/OpenListRowUpdate.swift /Users/runner/work/orbit/orbit/src/macos/OrbitKit/Sources/OrbitKit/App/OrbitAskPreview.swift /Users/runner/work/orbit/orbit/src/macos/OrbitKit/Sources/OrbitKit/App/OrbitLink.swift /Users/runner/work/orbit/orbit/src/macos/OrbitKit/Sources/OrbitKit/App/OrbitLinkCard.swift (in target 'OrbitKit' from project 'OrbitKit')
SwiftCompile normal arm64 /Users/runner/work/orbit/orbit/src/macos/OrbitKit/Sources/OrbitKit/App/DeepSeekBalance.swift (in target 'OrbitKit' from project 'OrbitKit')
    cd /Users/runner/work/orbit/orbit/.recap-entries-probe/RecapEntriesProbe.xcodeproj
    

SwiftCompile normal arm64 /Users/runner/work/orbit/orbit/src/macos/OrbitKit/Sources/OrbitKit/App/DshRuntime.swift (in target 'OrbitKit' from project 'OrbitKit')
    cd /Users/runner/work/orbit/orbit/.recap-entries-probe/RecapEntriesProbe.xcodeproj
    

SwiftCompile normal arm64 /Users/runner/work/orbit/orbit/src/macos/OrbitKit/Sources/OrbitKit/App/EngineAuth.swift (in target 'OrbitKit' from project 'OrbitKit')
    cd /Users/runner/work/orbit/orbit/.recap-entries-probe/RecapEntriesProbe.xcodeproj
    

SwiftCompile normal arm64 /Users/runner/work/orbit/orbit/src/macos/OrbitKit/Sources/OrbitKit/App/EngineErrors.swift (in target 'OrbitKit' from project 'OrbitKit')
    cd /Users/runner/work/orbit/orbit/.recap-entries-probe/RecapEntriesProbe.xcodeproj
    

SwiftCompile normal arm64 /Users/runner/work/orbit/orbit/src/macos/OrbitKit/Sources/OrbitKit/App/EvidenceDecision.swift (in target 'OrbitKit' from project 'OrbitKit')
    cd /Users/runner/work/orbit/orbit/.recap-entries-probe/RecapEntriesProbe.xcodeproj
    

SwiftCompile normal arm64 /Users/runner/work/orbit/orbit/src/macos/OrbitKit/Sources/OrbitKit/App/ImageViewerGeometry.swift (in target 'OrbitKit' from project 'OrbitKit')
    cd /Users/runner/work/orbit/orbit/.recap-entries-probe/RecapEntriesProbe.xcodeproj
    

SwiftCompile normal arm64 /Users/runner/work/orbit/orbit/src/macos/OrbitKit/Sources/OrbitKit/App/Infrastructure.swift (in target 'OrbitKit' from project 'OrbitKit')
    cd /Users/runner/work/orbit/orbit/.recap-entries-probe/RecapEntriesProbe.xcodeproj
    

SwiftCompile normal arm64 /Users/runner/work/orbit/orbit/src/macos/OrbitKit/Sources/OrbitKit/App/KimiSite.swift (in target 'OrbitKit' from project 'OrbitKit')
    cd /Users/runner/work/orbit/orbit/.recap-entries-probe/RecapEntriesProbe.xcodeproj
    

SwiftCompile normal arm64 /Users/runner/work/orbit/orbit/src/macos/OrbitKit/Sources/OrbitKit/App/LaunchSnapshot.swift (in target 'OrbitKit' from project 'OrbitKit')
    cd /Users/runner/work/orbit/orbit/.recap-entries-probe/RecapEntriesProbe.xcodeproj
    

SwiftCompile normal arm64 /Users/runner/work/orbit/orbit/src/macos/OrbitKit/Sources/OrbitKit/App/LoadFailureLogic.swift (in target 'OrbitKit' from project 'OrbitKit')
    cd /Users/runner/work/orbit/orbit/.recap-entries-probe/RecapEntriesProbe.xcodeproj
    

SwiftCompile normal arm64 /Users/runner/work/orbit/orbit/src/macos/OrbitKit/Sources/OrbitKit/App/LoginFailure.swift (in target 'OrbitKit' from project 'OrbitKit')
    cd /Users/runner/work/orbit/orbit/.recap-entries-probe/RecapEntriesProbe.xcodeproj
    

SwiftCompile normal arm64 /Users/runner/work/orbit/orbit/src/macos/OrbitKit/Sources/OrbitKit/App/ManagedRunnerDisplay.swift (in target 'OrbitKit' from project 'OrbitKit')
    cd /Users/runner/work/orbit/orbit/.recap-entries-probe/RecapEntriesProbe.xcodeproj
    

SwiftCompile normal arm64 /Users/runner/work/orbit/orbit/src/macos/OrbitKit/Sources/OrbitKit/App/Markdown.swift (in target 'OrbitKit' from project 'OrbitKit')
    cd /Users/runner/work/orbit/orbit/.recap-entries-probe/RecapEntriesProbe.xcodeproj
    

SwiftCompile normal arm64 /Users/runner/work/orbit/orbit/src/macos/OrbitKit/Sources/OrbitKit/App/MarkdownFileRef.swift (in target 'OrbitKit' from project 'OrbitKit')
    cd /Users/runner/work/orbit/orbit/.recap-entries-probe/RecapEntriesProbe.xcodeproj
    

SwiftCompile normal arm64 /Users/runner/work/orbit/orbit/src/macos/OrbitKit/Sources/OrbitKit/App/MenuBar.swift (in target 'OrbitKit' from project 'OrbitKit')
    cd /Users/runner/work/orbit/orbit/.recap-entries-probe/RecapEntriesProbe.xcodeproj
    

SwiftCompile normal arm64 /Users/runner/work/orbit/orbit/src/macos/OrbitKit/Sources/OrbitKit/App/Navigation.swift (in target 'OrbitKit' from project 'OrbitKit')
    cd /Users/runner/work/orbit/orbit/.recap-entries-probe/RecapEntriesProbe.xcodeproj
    

SwiftCompile normal arm64 /Users/runner/work/orbit/orbit/src/macos/OrbitKit/Sources/OrbitKit/App/NeedsYou.swift (in target 'OrbitKit' from project 'OrbitKit')
    cd /Users/runner/work/orbit/orbit/.recap-entries-probe/RecapEntriesProbe.xcodeproj
    

SwiftCompile normal arm64 /Users/runner/work/orbit/orbit/src/macos/OrbitKit/Sources/OrbitKit/App/Notifications.swift (in target 'OrbitKit' from project 'OrbitKit')
    cd /Users/runner/work/orbit/orbit/.recap-entries-probe/RecapEntriesProbe.xcodeproj
    

SwiftCompile normal arm64 /Users/runner/work/orbit/orbit/src/macos/OrbitKit/Sources/OrbitKit/App/OpenCodeKeys.swift (in target 'OrbitKit' from project 'OrbitKit')
    cd /Users/runner/work/orbit/orbit/.recap-entries-probe/RecapEntriesProbe.xcodeproj
    

SwiftCompile normal arm64 /Users/runner/work/orbit/orbit/src/macos/OrbitKit/Sources/OrbitKit/App/OpenListReader.swift (in target 'OrbitKit' from project 'OrbitKit')
    cd /Users/runner/work/orbit/orbit/.recap-entries-probe/RecapEntriesProbe.xcodeproj
    

SwiftCompile normal arm64 /Users/runner/work/orbit/orbit/src/macos/OrbitKit/Sources/OrbitKit/App/OpenListRowUpdate.swift (in target 'OrbitKit' from project 'OrbitKit')
    cd /Users/runner/work/orbit/orbit/.recap-entries-probe/RecapEntriesProbe.xcodeproj
    

SwiftCompile normal arm64 /Users/runner/work/orbit/orbit/src/macos/OrbitKit/Sources/OrbitKit/App/OrbitAskPreview.swift (in target 'OrbitKit' from project 'OrbitKit')
    cd /Users/runner/work/orbit/orbit/.recap-entries-probe/RecapEntriesProbe.xcodeproj
    

SwiftCompile normal arm64 /Users/runner/work/orbit/orbit/src/macos/OrbitKit/Sources/OrbitKit/App/OrbitLink.swift (in target 'OrbitKit' from project 'OrbitKit')
    cd /Users/runner/work/orbit/orbit/.recap-entries-probe/RecapEntriesProbe.xcodeproj
    

SwiftCompile normal arm64 /Users/runner/work/orbit/orbit/src/macos/OrbitKit/Sources/OrbitKit/App/OrbitLinkCard.swift (in target 'OrbitKit' from project 'OrbitKit')
    cd /Users/runner/work/orbit/orbit/.recap-entries-probe/RecapEntriesProbe.xcodeproj
    

SwiftCompile normal arm64 Compiling\ RunnerAttention.swift,\ RunnerControl.swift,\ RunnerDownload.swift,\ RunnerPageCopy.swift,\ RunnerPageFormat.swift,\ ServerURL.swift,\ SessionCreatedTasksCopy.swift,\ SessionDetailCache.swift,\ SessionFolderCopy.swift,\ SessionFolderGrouping.swift,\ SessionGrouping.swift,\ SessionHeader.swift,\ SessionLine.swift,\ SessionListingMemo.swift,\ SessionMove.swift,\ SessionProjectCopy.swift,\ SessionProjectGrouping.swift,\ SessionProjectMembers.swift,\ SessionProviderChoices.swift,\ SessionRunStart.swift,\ SessionSearchHighlight.swift,\ SessionStatusGlyph.swift,\ SessionTaskCard.swift,\ SessionTimeGrouping.swift /Users/runner/work/orbit/orbit/src/macos/OrbitKit/Sources/OrbitKit/App/RunnerAttention.swift /Users/runner/work/orbit/orbit/src/macos/OrbitKit/Sources/OrbitKit/App/RunnerControl.swift /Users/runner/work/orbit/orbit/src/macos/OrbitKit/Sources/OrbitKit/App/RunnerDownload.swift /Users/runner/work/orbit/orbit/src/macos/OrbitKit/Sources/OrbitKit/App/RunnerPageCopy.swift /Users/runner/work/orbit/orbit/src/macos/OrbitKit/Sources/OrbitKit/App/RunnerPageFormat.swift /Users/runner/work/orbit/orbit/src/macos/OrbitKit/Sources/OrbitKit/App/ServerURL.swift /Users/runner/work/orbit/orbit/src/macos/OrbitKit/Sources/OrbitKit/App/SessionCreatedTasksCopy.swift /Users/runner/work/orbit/orbit/src/macos/OrbitKit/Sources/OrbitKit/App/SessionDetailCache.swift /Users/runner/work/orbit/orbit/src/macos/OrbitKit/Sources/OrbitKit/App/SessionFolderCopy.swift /Users/runner/work/orbit/orbit/src/macos/OrbitKit/Sources/OrbitKit/App/SessionFolderGrouping.swift /Users/runner/work/orbit/orbit/src/macos/OrbitKit/Sources/OrbitKit/App/SessionGrouping.swift /Users/runner/work/orbit/orbit/src/macos/OrbitKit/Sources/OrbitKit/App/SessionHeader.swift /Users/runner/work/orbit/orbit/src/macos/OrbitKit/Sources/OrbitKit/App/SessionLine.swift /Users/runner/work/orbit/orbit/src/macos/OrbitKit/Sources/OrbitKit/App/SessionListingMemo.swift /Users/runner/work/orbit/orbit/src/macos/OrbitKit/Sources/OrbitKit/App/SessionMove.swift /Users/runner/work/orbit/orbit/src/macos/OrbitKit/Sources/OrbitKit/App/SessionProjectCopy.swift /Users/runner/work/orbit/orbit/src/macos/OrbitKit/Sources/OrbitKit/App/SessionProjectGrouping.swift /Users/runner/work/orbit/orbit/src/macos/OrbitKit/Sources/OrbitKit/App/SessionProjectMembers.swift /Users/runner/work/orbit/orbit/src/macos/OrbitKit/Sources/OrbitKit/App/SessionProviderChoices.swift /Users/runner/work/orbit/orbit/src/macos/OrbitKit/Sources/OrbitKit/App/SessionRunStart.swift /Users/runner/work/orbit/orbit/src/macos/OrbitKit/Sources/OrbitKit/App/SessionSearchHighlight.swift /Users/runner/work/orbit/orbit/src/macos/OrbitKit/Sources/OrbitKit/App/SessionStatusGlyph.swift /Users/runner/work/orbit/orbit/src/macos/OrbitKit/Sources/OrbitKit/App/SessionTaskCard.swift /Users/runner/work/orbit/orbit/src/macos/OrbitKit/Sources/OrbitKit/App/SessionTimeGrouping.swift (in target 'OrbitKit' from project 'OrbitKit')
SwiftCompile normal arm64 /Users/runner/work/orbit/orbit/src/macos/OrbitKit/Sources/OrbitKit/App/RunnerAttention.swift (in target 'OrbitKit' from project 'OrbitKit')
    cd /Users/runner/work/orbit/orbit/.recap-entries-probe/RecapEntriesProbe.xcodeproj
    

SwiftCompile normal arm64 /Users/runner/work/orbit/orbit/src/macos/OrbitKit/Sources/OrbitKit/App/RunnerControl.swift (in target 'OrbitKit' from project 'OrbitKit')
    cd /Users/runner/work/orbit/orbit/.recap-entries-probe/RecapEntriesProbe.xcodeproj
    

SwiftCompile normal arm64 /Users/runner/work/orbit/orbit/src/macos/OrbitKit/Sources/OrbitKit/App/RunnerDownload.swift (in target 'OrbitKit' from project 'OrbitKit')
    cd /Users/runner/work/orbit/orbit/.recap-entries-probe/RecapEntriesProbe.xcodeproj
    

SwiftCompile normal arm64 /Users/runner/work/orbit/orbit/src/macos/OrbitKit/Sources/OrbitKit/App/RunnerPageCopy.swift (in target 'OrbitKit' from project 'OrbitKit')
    cd /Users/runner/work/orbit/orbit/.recap-entries-probe/RecapEntriesProbe.xcodeproj
    

SwiftCompile normal arm64 /Users/runner/work/orbit/orbit/src/macos/OrbitKit/Sources/OrbitKit/App/RunnerPageFormat.swift (in target 'OrbitKit' from project 'OrbitKit')
    cd /Users/runner/work/orbit/orbit/.recap-entries-probe/RecapEntriesProbe.xcodeproj
    

SwiftCompile normal arm64 /Users/runner/work/orbit/orbit/src/macos/OrbitKit/Sources/OrbitKit/App/ServerURL.swift (in target 'OrbitKit' from project 'OrbitKit')
    cd /Users/runner/work/orbit/orbit/.recap-entries-probe/RecapEntriesProbe.xcodeproj
    

SwiftCompile normal arm64 /Users/runner/work/orbit/orbit/src/macos/OrbitKit/Sources/OrbitKit/App/SessionCreatedTasksCopy.swift (in target 'OrbitKit' from project 'OrbitKit')
    cd /Users/runner/work/orbit/orbit/.recap-entries-probe/RecapEntriesProbe.xcodeproj
    

SwiftCompile normal arm64 /Users/runner/work/orbit/orbit/src/macos/OrbitKit/Sources/OrbitKit/App/SessionDetailCache.swift (in target 'OrbitKit' from project 'OrbitKit')
    cd /Users/runner/work/orbit/orbit/.recap-entries-probe/RecapEntriesProbe.xcodeproj
    

SwiftCompile normal arm64 /Users/runner/work/orbit/orbit/src/macos/OrbitKit/Sources/OrbitKit/App/SessionFolderCopy.swift (in target 'OrbitKit' from project 'OrbitKit')
    cd /Users/runner/work/orbit/orbit/.recap-entries-probe/RecapEntriesProbe.xcodeproj
    

SwiftCompile normal arm64 /Users/runner/work/orbit/orbit/src/macos/OrbitKit/Sources/OrbitKit/App/SessionFolderGrouping.swift (in target 'OrbitKit' from project 'OrbitKit')
    cd /Users/runner/work/orbit/orbit/.recap-entries-probe/RecapEntriesProbe.xcodeproj
    

SwiftCompile normal arm64 /Users/runner/work/orbit/orbit/src/macos/OrbitKit/Sources/OrbitKit/App/SessionGrouping.swift (in target 'OrbitKit' from project 'OrbitKit')
    cd /Users/runner/work/orbit/orbit/.recap-entries-probe/RecapEntriesProbe.xcodeproj
    

SwiftCompile normal arm64 /Users/runner/work/orbit/orbit/src/macos/OrbitKit/Sources/OrbitKit/App/SessionHeader.swift (in target 'OrbitKit' from project 'OrbitKit')
    cd /Users/runner/work/orbit/orbit/.recap-entries-probe/RecapEntriesProbe.xcodeproj
    

SwiftCompile normal arm64 /Users/runner/work/orbit/orbit/src/macos/OrbitKit/Sources/OrbitKit/App/SessionLine.swift (in target 'OrbitKit' from project 'OrbitKit')
    cd /Users/runner/work/orbit/orbit/.recap-entries-probe/RecapEntriesProbe.xcodeproj
    

SwiftCompile normal arm64 /Users/runner/work/orbit/orbit/src/macos/OrbitKit/Sources/OrbitKit/App/SessionListingMemo.swift (in target 'OrbitKit' from project 'OrbitKit')
    cd /Users/runner/work/orbit/orbit/.recap-entries-probe/RecapEntriesProbe.xcodeproj
    

SwiftCompile normal arm64 /Users/runner/work/orbit/orbit/src/macos/OrbitKit/Sources/OrbitKit/App/SessionMove.swift (in target 'OrbitKit' from project 'OrbitKit')
    cd /Users/runner/work/orbit/orbit/.recap-entries-probe/RecapEntriesProbe.xcodeproj
    

SwiftCompile normal arm64 /Users/runner/work/orbit/orbit/src/macos/OrbitKit/Sources/OrbitKit/App/SessionProjectCopy.swift (in target 'OrbitKit' from project 'OrbitKit')
    cd /Users/runner/work/orbit/orbit/.recap-entries-probe/RecapEntriesProbe.xcodeproj
    

SwiftCompile normal arm64 /Users/runner/work/orbit/orbit/src/macos/OrbitKit/Sources/OrbitKit/App/SessionProjectGrouping.swift (in target 'OrbitKit' from project 'OrbitKit')
    cd /Users/runner/work/orbit/orbit/.recap-entries-probe/RecapEntriesProbe.xcodeproj
    

SwiftCompile normal arm64 /Users/runner/work/orbit/orbit/src/macos/OrbitKit/Sources/OrbitKit/App/SessionProjectMembers.swift (in target 'OrbitKit' from project 'OrbitKit')
    cd /Users/runner/work/orbit/orbit/.recap-entries-probe/RecapEntriesProbe.xcodeproj
    

SwiftCompile normal arm64 /Users/runner/work/orbit/orbit/src/macos/OrbitKit/Sources/OrbitKit/App/SessionProviderChoices.swift (in target 'OrbitKit' from project 'OrbitKit')
    cd /Users/runner/work/orbit/orbit/.recap-entries-probe/RecapEntriesProbe.xcodeproj
    

SwiftCompile normal arm64 /Users/runner/work/orbit/orbit/src/macos/OrbitKit/Sources/OrbitKit/App/SessionRunStart.swift (in target 'OrbitKit' from project 'OrbitKit')
    cd /Users/runner/work/orbit/orbit/.recap-entries-probe/RecapEntriesProbe.xcodeproj
    

SwiftCompile normal arm64 /Users/runner/work/orbit/orbit/src/macos/OrbitKit/Sources/OrbitKit/App/SessionSearchHighlight.swift (in target 'OrbitKit' from project 'OrbitKit')
    cd /Users/runner/work/orbit/orbit/.recap-entries-probe/RecapEntriesProbe.xcodeproj
    

SwiftCompile normal arm64 /Users/runner/work/orbit/orbit/src/macos/OrbitKit/Sources/OrbitKit/App/SessionStatusGlyph.swift (in target 'OrbitKit' from project 'OrbitKit')
    cd /Users/runner/work/orbit/orbit/.recap-entries-probe/RecapEntriesProbe.xcodeproj
    

SwiftCompile normal arm64 /Users/runner/work/orbit/orbit/src/macos/OrbitKit/Sources/OrbitKit/App/SessionTaskCard.swift (in target 'OrbitKit' from project 'OrbitKit')
    cd /Users/runner/work/orbit/orbit/.recap-entries-probe/RecapEntriesProbe.xcodeproj
    

SwiftCompile normal arm64 /Users/runner/work/orbit/orbit/src/macos/OrbitKit/Sources/OrbitKit/App/SessionTimeGrouping.swift (in target 'OrbitKit' from project 'OrbitKit')
    cd /Users/runner/work/orbit/orbit/.recap-entries-probe/RecapEntriesProbe.xcodeproj
    

SwiftCompile normal arm64 Compiling\ JSONValue.swift,\ LinkPreviews.swift,\ ManagedRunner.swift,\ MergeRecovery.swift,\ OpenListDelta.swift,\ Preferences.swift,\ ProjectDetail.swift,\ ProjectOwnerItems.swift,\ ProjectPlan.swift,\ Projects.swift,\ ProviderBalance.swift,\ ProviderPools.swift,\ Providers.swift,\ PublicID.swift,\ Push.swift,\ RunEvent.swift,\ Runners.swift,\ SessionCreatedTasks.swift,\ SessionFolder.swift,\ SessionMoveTargets.swift,\ SessionProjectMembership.swift,\ ShareLinks.swift,\ SharedPools.swift,\ SourceRefusal.swift /Users/runner/work/orbit/orbit/src/macos/OrbitKit/Sources/OrbitKit/Models/JSONValue.swift /Users/runner/work/orbit/orbit/src/macos/OrbitKit/Sources/OrbitKit/Models/LinkPreviews.swift /Users/runner/work/orbit/orbit/src/macos/OrbitKit/Sources/OrbitKit/Models/ManagedRunner.swift /Users/runner/work/orbit/orbit/src/macos/OrbitKit/Sources/OrbitKit/Models/MergeRecovery.swift /Users/runner/work/orbit/orbit/src/macos/OrbitKit/Sources/OrbitKit/Models/OpenListDelta.swift /Users/runner/work/orbit/orbit/src/macos/OrbitKit/Sources/OrbitKit/Models/Preferences.swift /Users/runner/work/orbit/orbit/src/macos/OrbitKit/Sources/OrbitKit/Models/ProjectDetail.swift /Users/runner/work/orbit/orbit/src/macos/OrbitKit/Sources/OrbitKit/Models/ProjectOwnerItems.swift /Users/runner/work/orbit/orbit/src/macos/OrbitKit/Sources/OrbitKit/Models/ProjectPlan.swift /Users/runner/work/orbit/orbit/src/macos/OrbitKit/Sources/OrbitKit/Models/Projects.swift /Users/runner/work/orbit/orbit/src/macos/OrbitKit/Sources/OrbitKit/Models/ProviderBalance.swift /Users/runner/work/orbit/orbit/src/macos/OrbitKit/Sources/OrbitKit/Models/ProviderPools.swift /Users/runner/work/orbit/orbit/src/macos/OrbitKit/Sources/OrbitKit/Models/Providers.swift /Users/runner/work/orbit/orbit/src/macos/OrbitKit/Sources/OrbitKit/Models/PublicID.swift /Users/runner/work/orbit/orbit/src/macos/OrbitKit/Sources/OrbitKit/Models/Push.swift /Users/runner/work/orbit/orbit/src/macos/OrbitKit/Sources/OrbitKit/Models/RunEvent.swift /Users/runner/work/orbit/orbit/src/macos/OrbitKit/Sources/OrbitKit/Models/Runners.swift /Users/runner/work/orbit/orbit/src/macos/OrbitKit/Sources/OrbitKit/Models/SessionCreatedTasks.swift /Users/runner/work/orbit/orbit/src/macos/OrbitKit/Sources/OrbitKit/Models/SessionFolder.swift /Users/runner/work/orbit/orbit/src/macos/OrbitKit/Sources/OrbitKit/Models/SessionMoveTargets.swift /Users/runner/work/orbit/orbit/src/macos/OrbitKit/Sources/OrbitKit/Models/SessionProjectMembership.swift /Users/runner/work/orbit/orbit/src/macos/OrbitKit/Sources/OrbitKit/Models/ShareLinks.swift /Users/runner/work/orbit/orbit/src/macos/OrbitKit/Sources/OrbitKit/Models/SharedPools.swift /Users/runner/work/orbit/orbit/src/macos/OrbitKit/Sources/OrbitKit/Models/SourceRefusal.swift (in target 'OrbitKit' from project 'OrbitKit')
SwiftCompile normal arm64 /Users/runner/work/orbit/orbit/src/macos/OrbitKit/Sources/OrbitKit/Models/JSONValue.swift (in target 'OrbitKit' from project 'OrbitKit')
    cd /Users/runner/work/orbit/orbit/.recap-entries-probe/RecapEntriesProbe.xcodeproj
    

SwiftCompile normal arm64 /Users/runner/work/orbit/orbit/src/macos/OrbitKit/Sources/OrbitKit/Models/LinkPreviews.swift (in target 'OrbitKit' from project 'OrbitKit')
    cd /Users/runner/work/orbit/orbit/.recap-entries-probe/RecapEntriesProbe.xcodeproj
    

SwiftCompile normal arm64 /Users/runner/work/orbit/orbit/src/macos/OrbitKit/Sources/OrbitKit/Models/ManagedRunner.swift (in target 'OrbitKit' from project 'OrbitKit')
    cd /Users/runner/work/orbit/orbit/.recap-entries-probe/RecapEntriesProbe.xcodeproj
    

SwiftCompile normal arm64 /Users/runner/work/orbit/orbit/src/macos/OrbitKit/Sources/OrbitKit/Models/MergeRecovery.swift (in target 'OrbitKit' from project 'OrbitKit')
    cd /Users/runner/work/orbit/orbit/.recap-entries-probe/RecapEntriesProbe.xcodeproj
    

SwiftCompile normal arm64 /Users/runner/work/orbit/orbit/src/macos/OrbitKit/Sources/OrbitKit/Models/OpenListDelta.swift (in target 'OrbitKit' from project 'OrbitKit')
    cd /Users/runner/work/orbit/orbit/.recap-entries-probe/RecapEntriesProbe.xcodeproj
    

SwiftCompile normal arm64 /Users/runner/work/orbit/orbit/src/macos/OrbitKit/Sources/OrbitKit/Models/Preferences.swift (in target 'OrbitKit' from project 'OrbitKit')
    cd /Users/runner/work/orbit/orbit/.recap-entries-probe/RecapEntriesProbe.xcodeproj
    

SwiftCompile normal arm64 /Users/runner/work/orbit/orbit/src/macos/OrbitKit/Sources/OrbitKit/Models/ProjectDetail.swift (in target 'OrbitKit' from project 'OrbitKit')
    cd /Users/runner/work/orbit/orbit/.recap-entries-probe/RecapEntriesProbe.xcodeproj
    

SwiftCompile normal arm64 /Users/runner/work/orbit/orbit/src/macos/OrbitKit/Sources/OrbitKit/Models/ProjectOwnerItems.swift (in target 'OrbitKit' from project 'OrbitKit')
    cd /Users/runner/work/orbit/orbit/.recap-entries-probe/RecapEntriesProbe.xcodeproj
    

SwiftCompile normal arm64 /Users/runner/work/orbit/orbit/src/macos/OrbitKit/Sources/OrbitKit/Models/ProjectPlan.swift (in target 'OrbitKit' from project 'OrbitKit')
    cd /Users/runner/work/orbit/orbit/.recap-entries-probe/RecapEntriesProbe.xcodeproj
    

SwiftCompile normal arm64 /Users/runner/work/orbit/orbit/src/macos/OrbitKit/Sources/OrbitKit/Models/Projects.swift (in target 'OrbitKit' from project 'OrbitKit')
    cd /Users/runner/work/orbit/orbit/.recap-entries-probe/RecapEntriesProbe.xcodeproj
    

SwiftCompile normal arm64 /Users/runner/work/orbit/orbit/src/macos/OrbitKit/Sources/OrbitKit/Models/ProviderBalance.swift (in target 'OrbitKit' from project 'OrbitKit')
    cd /Users/runner/work/orbit/orbit/.recap-entries-probe/RecapEntriesProbe.xcodeproj
    

SwiftCompile normal arm64 /Users/runner/work/orbit/orbit/src/macos/OrbitKit/Sources/OrbitKit/Models/ProviderPools.swift (in target 'OrbitKit' from project 'OrbitKit')
    cd /Users/runner/work/orbit/orbit/.recap-entries-probe/RecapEntriesProbe.xcodeproj
    

SwiftCompile normal arm64 /Users/runner/work/orbit/orbit/src/macos/OrbitKit/Sources/OrbitKit/Models/Providers.swift (in target 'OrbitKit' from project 'OrbitKit')
    cd /Users/runner/work/orbit/orbit/.recap-entries-probe/RecapEntriesProbe.xcodeproj
    

SwiftCompile normal arm64 /Users/runner/work/orbit/orbit/src/macos/OrbitKit/Sources/OrbitKit/Models/PublicID.swift (in target 'OrbitKit' from project 'OrbitKit')
    cd /Users/runner/work/orbit/orbit/.recap-entries-probe/RecapEntriesProbe.xcodeproj
    

SwiftCompile normal arm64 /Users/runner/work/orbit/orbit/src/macos/OrbitKit/Sources/OrbitKit/Models/Push.swift (in target 'OrbitKit' from project 'OrbitKit')
    cd /Users/runner/work/orbit/orbit/.recap-entries-probe/RecapEntriesProbe.xcodeproj
    

SwiftCompile normal arm64 /Users/runner/work/orbit/orbit/src/macos/OrbitKit/Sources/OrbitKit/Models/RunEvent.swift (in target 'OrbitKit' from project 'OrbitKit')
    cd /Users/runner/work/orbit/orbit/.recap-entries-probe/RecapEntriesProbe.xcodeproj
    

SwiftCompile normal arm64 /Users/runner/work/orbit/orbit/src/macos/OrbitKit/Sources/OrbitKit/Models/Runners.swift (in target 'OrbitKit' from project 'OrbitKit')
    cd /Users/runner/work/orbit/orbit/.recap-entries-probe/RecapEntriesProbe.xcodeproj
    

SwiftCompile normal arm64 /Users/runner/work/orbit/orbit/src/macos/OrbitKit/Sources/OrbitKit/Models/SessionCreatedTasks.swift (in target 'OrbitKit' from project 'OrbitKit')
    cd /Users/runner/work/orbit/orbit/.recap-entries-probe/RecapEntriesProbe.xcodeproj
    

SwiftCompile normal arm64 /Users/runner/work/orbit/orbit/src/macos/OrbitKit/Sources/OrbitKit/Models/SessionFolder.swift (in target 'OrbitKit' from project 'OrbitKit')
    cd /Users/runner/work/orbit/orbit/.recap-entries-probe/RecapEntriesProbe.xcodeproj
    

SwiftCompile normal arm64 /Users/runner/work/orbit/orbit/src/macos/OrbitKit/Sources/OrbitKit/Models/SessionMoveTargets.swift (in target 'OrbitKit' from project 'OrbitKit')
    cd /Users/runner/work/orbit/orbit/.recap-entries-probe/RecapEntriesProbe.xcodeproj
    

SwiftCompile normal arm64 /Users/runner/work/orbit/orbit/src/macos/OrbitKit/Sources/OrbitKit/Models/SessionProjectMembership.swift (in target 'OrbitKit' from project 'OrbitKit')
    cd /Users/runner/work/orbit/orbit/.recap-entries-probe/RecapEntriesProbe.xcodeproj
    

SwiftCompile normal arm64 /Users/runner/work/orbit/orbit/src/macos/OrbitKit/Sources/OrbitKit/Models/ShareLinks.swift (in target 'OrbitKit' from project 'OrbitKit')
    cd /Users/runner/work/orbit/orbit/.recap-entries-probe/RecapEntriesProbe.xcodeproj
    

SwiftCompile normal arm64 /Users/runner/work/orbit/orbit/src/macos/OrbitKit/Sources/OrbitKit/Models/SharedPools.swift (in target 'OrbitKit' from project 'OrbitKit')
    cd /Users/runner/work/orbit/orbit/.recap-entries-probe/RecapEntriesProbe.xcodeproj
    

SwiftCompile normal arm64 /Users/runner/work/orbit/orbit/src/macos/OrbitKit/Sources/OrbitKit/Models/SourceRefusal.swift (in target 'OrbitKit' from project 'OrbitKit')
    cd /Users/runner/work/orbit/orbit/.recap-entries-probe/RecapEntriesProbe.xcodeproj
    

SwiftDriverJobDiscovery normal arm64 Emitting module for OrbitKit (in target 'OrbitKit' from project 'OrbitKit')

SwiftDriver\ Compilation\ Requirements OrbitKit normal arm64 com.apple.xcode.tools.swift.compiler (in target 'OrbitKit' from project 'OrbitKit')
    cd /Users/runner/work/orbit/orbit/.recap-entries-probe/RecapEntriesProbe.xcodeproj
    builtin-Swift-Compilation-Requirements -- /Applications/Xcode_26.6.app/Contents/Developer/Toolchains/XcodeDefault.xctoolchain/usr/bin/swiftc -module-name OrbitKit -Onone @/Users/runner/work/orbit/orbit/.recap-entries-probe/.dd-mac/Build/Intermediates.noindex/OrbitKit.build/Debug/OrbitKit.build/Objects-normal/arm64/OrbitKit.SwiftFileList -DSWIFT_PACKAGE -DDEBUG -DSWIFT_MODULE_RESOURCE_BUNDLE_UNAVAILABLE -DXcode -plugin-path /Applications/Xcode_26.6.app/Contents/Developer/Toolchains/XcodeDefault.xctoolchain/usr/lib/swift/host/plugins/testing -enable-experimental-feature DebugDescriptionMacro -sdk /Applications/Xcode_26.6.app/Contents/Developer/Platforms/MacOSX.platform/Developer/SDKs/MacOSX26.5.sdk -target arm64-apple-macos13.0 -g -module-cache-path /Users/runner/work/orbit/orbit/.recap-entries-probe/.dd-mac/ModuleCache.noindex -Xfrontend -serialize-debugging-options -enable-testing -index-store-path /Users/runner/work/orbit/orbit/.recap-entries-probe/.dd-mac/Index.noindex/DataStore -Xcc -D_LIBCPP_HARDENING_MODE\=_LIBCPP_HARDENING_MODE_DEBUG -swift-version 5 -I /Users/runner/work/orbit/orbit/.recap-entries-probe/.dd-mac/Build/Products/Debug -Isystem /Applications/Xcode_26.6.app/Contents/Developer/Platforms/MacOSX.platform/Developer/usr/lib -F /Users/runner/work/orbit/orbit/.recap-entries-probe/.dd-mac/Build/Products/Debug/PackageFrameworks -F /Users/runner/work/orbit/orbit/.recap-entries-probe/.dd-mac/Build/Products/Debug/PackageFrameworks -F /Users/runner/work/orbit/orbit/.recap-entries-probe/.dd-mac/Build/Products/Debug/PackageFrameworks -F /Users/runner/work/orbit/orbit/.recap-entries-probe/.dd-mac/Build/Products/Debug/PackageFrameworks -F /Users/runner/work/orbit/orbit/.recap-entries-probe/.dd-mac/Build/Products/Debug -F /Applications/Xcode_26.6.app/Contents/Developer/Platforms/MacOSX.platform/Developer/Library/Frameworks -c -j3 -enable-batch-mode -incremental -Xcc -ivfsstatcache -Xcc /Users/runner/work/orbit/orbit/.recap-entries-probe/.dd-mac/SDKStatCaches.noindex/macosx26.5-25F70-688ef53f1462e2c8f657fdc38a81448fee0e6409aa6676c5e6c013d148225433.sdkstatcache -output-file-map /Users/runner/work/orbit/orbit/.recap-entries-probe/.dd-mac/Build/Intermediates.noindex/OrbitKit.build/Debug/OrbitKit.build/Objects-normal/arm64/OrbitKit-OutputFileMap.json -use-frontend-parseable-output -save-temps -no-color-diagnostics -explicit-module-build -module-cache-path /Users/runner/work/orbit/orbit/.recap-entries-probe/.dd-mac/Build/Intermediates.noindex/SwiftExplicitPrecompiledModules -clang-scanner-module-cache-path /Users/runner/work/orbit/orbit/.recap-entries-probe/.dd-mac/ModuleCache.noindex -sdk-module-cache-path /Users/runner/work/orbit/orbit/.recap-entries-probe/.dd-mac/ModuleCache.noindex -serialize-diagnostics -emit-dependencies -emit-module -emit-module-path /Users/runner/work/orbit/orbit/.recap-entries-probe/.dd-mac/Build/Intermediates.noindex/OrbitKit.build/Debug/OrbitKit.build/Objects-normal/arm64/OrbitKit.swiftmodule -validate-clang-modules-once -clang-build-session-file /Users/runner/work/orbit/orbit/.recap-entries-probe/.dd-mac/ModuleCache.noindex/Session.modulevalidation -package-name orbitkit -Xcc -I/Users/runner/work/orbit/orbit/.recap-entries-probe/.dd-mac/Build/Intermediates.noindex/OrbitKit.build/Debug/OrbitKit.build/swift-overrides.hmap -emit-const-values -Xfrontend -const-gather-protocols-file -Xfrontend /Users/runner/work/orbit/orbit/.recap-entries-probe/.dd-mac/Build/Intermediates.noindex/OrbitKit.build/Debug/OrbitKit.build/Objects-normal/arm64/OrbitKit_const_extract_protocols.json -Xcc -I/Users/runner/work/orbit/orbit/.recap-entries-probe/.dd-mac/SourcePackages/checkouts/swift-cmark/src/include -Xcc -I/Users/runner/work/orbit/orbit/.recap-entries-probe/.dd-mac/SourcePackages/checkouts/swift-cmark/extensions/include -Xcc -I/Users/runner/work/orbit/orbit/.recap-entries-probe/.dd-mac/SourcePackages/checkouts/swift-markdown/Sources/CAtomic/include -Xcc -I/Users/runner/work/orbit/orbit/.recap-entries-probe/.dd-mac/Build/Products/Debug/include -Xcc -I/Users/runner/work/orbit/orbit/.recap-entries-probe/.dd-mac/Build/Intermediates.noindex/OrbitKit.build/Debug/OrbitKit.build/DerivedSources-normal/arm64 -Xcc -I/Users/runner/work/orbit/orbit/.recap-entries-probe/.dd-mac/Build/Intermediates.noindex/OrbitKit.build/Debug/OrbitKit.build/DerivedSources/arm64 -Xcc -I/Users/runner/work/orbit/orbit/.recap-entries-probe/.dd-mac/Build/Intermediates.noindex/OrbitKit.build/Debug/OrbitKit.build/DerivedSources -Xcc -DSWIFT_PACKAGE -Xcc -DDEBUG\=1 -emit-objc-header -emit-objc-header-path /Users/runner/work/orbit/orbit/.recap-entries-probe/.dd-mac/Build/Intermediates.noindex/OrbitKit.build/Debug/OrbitKit.build/Objects-normal/arm64/OrbitKit-Swift.h -working-directory /Users/runner/work/orbit/orbit/.recap-entries-probe/RecapEntriesProbe.xcodeproj -experimental-emit-module-separately -disable-cmo

SwiftDriverJobDiscovery normal arm64 Compiling DeepSeekBalance.swift, DshRuntime.swift, EngineAuth.swift, EngineErrors.swift, EvidenceDecision.swift, ImageViewerGeometry.swift, Infrastructure.swift, KimiSite.swift, LaunchSnapshot.swift, LoadFailureLogic.swift, LoginFailure.swift, ManagedRunnerDisplay.swift, Markdown.swift, MarkdownFileRef.swift, MenuBar.swift, Navigation.swift, NeedsYou.swift, Notifications.swift, OpenCodeKeys.swift, OpenListReader.swift, OpenListRowUpdate.swift, OrbitAskPreview.swift, OrbitLink.swift, OrbitLinkCard.swift (in target 'OrbitKit' from project 'OrbitKit')

SwiftCompile normal arm64 Compiling\ AccessTokensList.swift,\ AccountPause.swift,\ AddPoolKey.swift,\ AgentDefaults.swift,\ AgentListLogic.swift,\ AppSection.swift,\ ApprovalReviewDrafts.swift,\ Approvals.swift,\ ArtifactByteCache.swift,\ AttachmentLink.swift,\ AutoRetryLogic.swift,\ BackgroundWake.swift,\ BatchReview.swift,\ BatchTree.swift,\ BottomSearchReveal.swift,\ CoalescedRefreshQueue.swift,\ CodexAccounts.swift,\ CodexLoginPool.swift,\ CodexPoolPage.swift,\ CodexSignIn.swift,\ Composer.swift,\ CriteriaChange.swift,\ CriteriaDecision.swift,\ DeepLink.swift /Users/runner/work/orbit/orbit/src/macos/OrbitKit/Sources/OrbitKit/App/AccessTokensList.swift /Users/runner/work/orbit/orbit/src/macos/OrbitKit/Sources/OrbitKit/App/AccountPause.swift /Users/runner/work/orbit/orbit/src/macos/OrbitKit/Sources/OrbitKit/App/AddPoolKey.swift /Users/runner/work/orbit/orbit/src/macos/OrbitKit/Sources/OrbitKit/App/AgentDefaults.swift /Users/runner/work/orbit/orbit/src/macos/OrbitKit/Sources/OrbitKit/App/AgentListLogic.swift /Users/runner/work/orbit/orbit/src/macos/OrbitKit/Sources/OrbitKit/App/AppSection.swift /Users/runner/work/orbit/orbit/src/macos/OrbitKit/Sources/OrbitKit/App/ApprovalReviewDrafts.swift /Users/runner/work/orbit/orbit/src/macos/OrbitKit/Sources/OrbitKit/App/Approvals.swift /Users/runner/work/orbit/orbit/src/macos/OrbitKit/Sources/OrbitKit/App/ArtifactByteCache.swift /Users/runner/work/orbit/orbit/src/macos/OrbitKit/Sources/OrbitKit/App/AttachmentLink.swift /Users/runner/work/orbit/orbit/src/macos/OrbitKit/Sources/OrbitKit/App/AutoRetryLogic.swift /Users/runner/work/orbit/orbit/src/macos/OrbitKit/Sources/OrbitKit/App/BackgroundWake.swift /Users/runner/work/orbit/orbit/src/macos/OrbitKit/Sources/OrbitKit/App/BatchReview.swift /Users/runner/work/orbit/orbit/src/macos/OrbitKit/Sources/OrbitKit/App/BatchTree.swift /Users/runner/work/orbit/orbit/src/macos/OrbitKit/Sources/OrbitKit/App/BottomSearchReveal.swift /Users/runner/work/orbit/orbit/src/macos/OrbitKit/Sources/OrbitKit/App/CoalescedRefreshQueue.swift /Users/runner/work/orbit/orbit/src/macos/OrbitKit/Sources/OrbitKit/App/CodexAccounts.swift /Users/runner/work/orbit/orbit/src/macos/OrbitKit/Sources/OrbitKit/App/CodexLoginPool.swift /Users/runner/work/orbit/orbit/src/macos/OrbitKit/Sources/OrbitKit/App/CodexPoolPage.swift /Users/runner/work/orbit/orbit/src/macos/OrbitKit/Sources/OrbitKit/App/CodexSignIn.swift /Users/runner/work/orbit/orbit/src/macos/OrbitKit/Sources/OrbitKit/App/Composer.swift /Users/runner/work/orbit/orbit/src/macos/OrbitKit/Sources/OrbitKit/App/CriteriaChange.swift /Users/runner/work/orbit/orbit/src/macos/OrbitKit/Sources/OrbitKit/App/CriteriaDecision.swift /Users/runner/work/orbit/orbit/src/macos/OrbitKit/Sources/OrbitKit/App/DeepLink.swift (in target 'OrbitKit' from project 'OrbitKit')

SwiftCompile normal arm64 /Users/runner/work/orbit/orbit/src/macos/OrbitKit/Sources/OrbitKit/App/AccessTokensList.swift (in target 'OrbitKit' from project 'OrbitKit')
    cd /Users/runner/work/orbit/orbit/.recap-entries-probe/RecapEntriesProbe.xcodeproj
    

SwiftCompile normal arm64 /Users/runner/work/orbit/orbit/src/macos/OrbitKit/Sources/OrbitKit/App/AccountPause.swift (in target 'OrbitKit' from project 'OrbitKit')
    cd /Users/runner/work/orbit/orbit/.recap-entries-probe/RecapEntriesProbe.xcodeproj
    

SwiftCompile normal arm64 /Users/runner/work/orbit/orbit/src/macos/OrbitKit/Sources/OrbitKit/App/AddPoolKey.swift (in target 'OrbitKit' from project 'OrbitKit')
    cd /Users/runner/work/orbit/orbit/.recap-entries-probe/RecapEntriesProbe.xcodeproj
    

SwiftCompile normal arm64 /Users/runner/work/orbit/orbit/src/macos/OrbitKit/Sources/OrbitKit/App/AgentDefaults.swift (in target 'OrbitKit' from project 'OrbitKit')
    cd /Users/runner/work/orbit/orbit/.recap-entries-probe/RecapEntriesProbe.xcodeproj
    

SwiftCompile normal arm64 /Users/runner/work/orbit/orbit/src/macos/OrbitKit/Sources/OrbitKit/App/AgentListLogic.swift (in target 'OrbitKit' from project 'OrbitKit')
    cd /Users/runner/work/orbit/orbit/.recap-entries-probe/RecapEntriesProbe.xcodeproj
    

SwiftCompile normal arm64 /Users/runner/work/orbit/orbit/src/macos/OrbitKit/Sources/OrbitKit/App/AppSection.swift (in target 'OrbitKit' from project 'OrbitKit')
    cd /Users/runner/work/orbit/orbit/.recap-entries-probe/RecapEntriesProbe.xcodeproj
    

SwiftCompile normal arm64 /Users/runner/work/orbit/orbit/src/macos/OrbitKit/Sources/OrbitKit/App/ApprovalReviewDrafts.swift (in target 'OrbitKit' from project 'OrbitKit')
    cd /Users/runner/work/orbit/orbit/.recap-entries-probe/RecapEntriesProbe.xcodeproj
    

SwiftCompile normal arm64 /Users/runner/work/orbit/orbit/src/macos/OrbitKit/Sources/OrbitKit/App/Approvals.swift (in target 'OrbitKit' from project 'OrbitKit')
    cd /Users/runner/work/orbit/orbit/.recap-entries-probe/RecapEntriesProbe.xcodeproj
    

SwiftCompile normal arm64 /Users/runner/work/orbit/orbit/src/macos/OrbitKit/Sources/OrbitKit/App/ArtifactByteCache.swift (in target 'OrbitKit' from project 'OrbitKit')
    cd /Users/runner/work/orbit/orbit/.recap-entries-probe/RecapEntriesProbe.xcodeproj
    

SwiftCompile normal arm64 /Users/runner/work/orbit/orbit/src/macos/OrbitKit/Sources/OrbitKit/App/AttachmentLink.swift (in target 'OrbitKit' from project 'OrbitKit')
    cd /Users/runner/work/orbit/orbit/.recap-entries-probe/RecapEntriesProbe.xcodeproj
    

SwiftCompile normal arm64 /Users/runner/work/orbit/orbit/src/macos/OrbitKit/Sources/OrbitKit/App/AutoRetryLogic.swift (in target 'OrbitKit' from project 'OrbitKit')
    cd /Users/runner/work/orbit/orbit/.recap-entries-probe/RecapEntriesProbe.xcodeproj
    

SwiftCompile normal arm64 /Users/runner/work/orbit/orbit/src/macos/OrbitKit/Sources/OrbitKit/App/BackgroundWake.swift (in target 'OrbitKit' from project 'OrbitKit')
    cd /Users/runner/work/orbit/orbit/.recap-entries-probe/RecapEntriesProbe.xcodeproj
    

SwiftCompile normal arm64 /Users/runner/work/orbit/orbit/src/macos/OrbitKit/Sources/OrbitKit/App/BatchReview.swift (in target 'OrbitKit' from project 'OrbitKit')
    cd /Users/runner/work/orbit/orbit/.recap-entries-probe/RecapEntriesProbe.xcodeproj
    

SwiftCompile normal arm64 /Users/runner/work/orbit/orbit/src/macos/OrbitKit/Sources/OrbitKit/App/BatchTree.swift (in target 'OrbitKit' from project 'OrbitKit')
    cd /Users/runner/work/orbit/orbit/.recap-entries-probe/RecapEntriesProbe.xcodeproj
    

SwiftCompile normal arm64 /Users/runner/work/orbit/orbit/src/macos/OrbitKit/Sources/OrbitKit/App/BottomSearchReveal.swift (in target 'OrbitKit' from project 'OrbitKit')
    cd /Users/runner/work/orbit/orbit/.recap-entries-probe/RecapEntriesProbe.xcodeproj
    

SwiftCompile normal arm64 /Users/runner/work/orbit/orbit/src/macos/OrbitKit/Sources/OrbitKit/App/CoalescedRefreshQueue.swift (in target 'OrbitKit' from project 'OrbitKit')
    cd /Users/runner/work/orbit/orbit/.recap-entries-probe/RecapEntriesProbe.xcodeproj
    

SwiftCompile normal arm64 /Users/runner/work/orbit/orbit/src/macos/OrbitKit/Sources/OrbitKit/App/CodexAccounts.swift (in target 'OrbitKit' from project 'OrbitKit')
    cd /Users/runner/work/orbit/orbit/.recap-entries-probe/RecapEntriesProbe.xcodeproj
    

SwiftCompile normal arm64 /Users/runner/work/orbit/orbit/src/macos/OrbitKit/Sources/OrbitKit/App/CodexLoginPool.swift (in target 'OrbitKit' from project 'OrbitKit')
    cd /Users/runner/work/orbit/orbit/.recap-entries-probe/RecapEntriesProbe.xcodeproj
    

SwiftCompile normal arm64 /Users/runner/work/orbit/orbit/src/macos/OrbitKit/Sources/OrbitKit/App/CodexPoolPage.swift (in target 'OrbitKit' from project 'OrbitKit')
    cd /Users/runner/work/orbit/orbit/.recap-entries-probe/RecapEntriesProbe.xcodeproj
    

SwiftCompile normal arm64 /Users/runner/work/orbit/orbit/src/macos/OrbitKit/Sources/OrbitKit/App/CodexSignIn.swift (in target 'OrbitKit' from project 'OrbitKit')
    cd /Users/runner/work/orbit/orbit/.recap-entries-probe/RecapEntriesProbe.xcodeproj
    

SwiftCompile normal arm64 /Users/runner/work/orbit/orbit/src/macos/OrbitKit/Sources/OrbitKit/App/Composer.swift (in target 'OrbitKit' from project 'OrbitKit')
    cd /Users/runner/work/orbit/orbit/.recap-entries-probe/RecapEntriesProbe.xcodeproj
    

SwiftCompile normal arm64 /Users/runner/work/orbit/orbit/src/macos/OrbitKit/Sources/OrbitKit/App/CriteriaChange.swift (in target 'OrbitKit' from project 'OrbitKit')
    cd /Users/runner/work/orbit/orbit/.recap-entries-probe/RecapEntriesProbe.xcodeproj
    

SwiftCompile normal arm64 /Users/runner/work/orbit/orbit/src/macos/OrbitKit/Sources/OrbitKit/App/CriteriaDecision.swift (in target 'OrbitKit' from project 'OrbitKit')
    cd /Users/runner/work/orbit/orbit/.recap-entries-probe/RecapEntriesProbe.xcodeproj
    

SwiftCompile normal arm64 /Users/runner/work/orbit/orbit/src/macos/OrbitKit/Sources/OrbitKit/App/DeepLink.swift (in target 'OrbitKit' from project 'OrbitKit')
    cd /Users/runner/work/orbit/orbit/.recap-entries-probe/RecapEntriesProbe.xcodeproj
    

SwiftMergeGeneratedHeaders /Users/runner/work/orbit/orbit/.recap-entries-probe/.dd-mac/Build/Intermediates.noindex/GeneratedModuleMaps/OrbitKit-Swift.h /Users/runner/work/orbit/orbit/.recap-entries-probe/.dd-mac/Build/Intermediates.noindex/OrbitKit.build/Debug/OrbitKit.build/Objects-normal/arm64/OrbitKit-Swift.h (in target 'OrbitKit' from project 'OrbitKit')
    cd /Users/runner/work/orbit/orbit/src/macos/OrbitKit
    builtin-swiftHeaderTool -arch arm64 /Users/runner/work/orbit/orbit/.recap-entries-probe/.dd-mac/Build/Intermediates.noindex/OrbitKit.build/Debug/OrbitKit.build/Objects-normal/arm64/OrbitKit-Swift.h -o /Users/runner/work/orbit/orbit/.recap-entries-probe/.dd-mac/Build/Intermediates.noindex/GeneratedModuleMaps/OrbitKit-Swift.h

SwiftDriverJobDiscovery normal arm64 Compiling RunnerAttention.swift, RunnerControl.swift, RunnerDownload.swift, RunnerPageCopy.swift, RunnerPageFormat.swift, ServerURL.swift, SessionCreatedTasksCopy.swift, SessionDetailCache.swift, SessionFolderCopy.swift, SessionFolderGrouping.swift, SessionGrouping.swift, SessionHeader.swift, SessionLine.swift, SessionListingMemo.swift, SessionMove.swift, SessionProjectCopy.swift, SessionProjectGrouping.swift, SessionProjectMembers.swift, SessionProviderChoices.swift, SessionRunStart.swift, SessionSearchHighlight.swift, SessionStatusGlyph.swift, SessionTaskCard.swift, SessionTimeGrouping.swift (in target 'OrbitKit' from project 'OrbitKit')

Copy /Users/runner/work/orbit/orbit/.recap-entries-probe/.dd-mac/Build/Products/Debug/OrbitKit.swiftmodule/arm64-apple-macos.swiftmodule /Users/runner/work/orbit/orbit/.recap-entries-probe/.dd-mac/Build/Intermediates.noindex/OrbitKit.build/Debug/OrbitKit.build/Objects-normal/arm64/OrbitKit.swiftmodule (in target 'OrbitKit' from project 'OrbitKit')
    cd /Users/runner/work/orbit/orbit/src/macos/OrbitKit
    builtin-copy -exclude .DS_Store -exclude CVS -exclude .svn -exclude .git -exclude .hg -resolve-src-symlinks -rename /Users/runner/work/orbit/orbit/.recap-entries-probe/.dd-mac/Build/Intermediates.noindex/OrbitKit.build/Debug/OrbitKit.build/Objects-normal/arm64/OrbitKit.swiftmodule /Users/runner/work/orbit/orbit/.recap-entries-probe/.dd-mac/Build/Products/Debug/OrbitKit.swiftmodule/arm64-apple-macos.swiftmodule

Copy /Users/runner/work/orbit/orbit/.recap-entries-probe/.dd-mac/Build/Products/Debug/OrbitKit.swiftmodule/arm64-apple-macos.swiftdoc /Users/runner/work/orbit/orbit/.recap-entries-probe/.dd-mac/Build/Intermediates.noindex/OrbitKit.build/Debug/OrbitKit.build/Objects-normal/arm64/OrbitKit.swiftdoc (in target 'OrbitKit' from project 'OrbitKit')
    cd /Users/runner/work/orbit/orbit/src/macos/OrbitKit
    builtin-copy -exclude .DS_Store -exclude CVS -exclude .svn -exclude .git -exclude .hg -resolve-src-symlinks -rename /Users/runner/work/orbit/orbit/.recap-entries-probe/.dd-mac/Build/Intermediates.noindex/OrbitKit.build/Debug/OrbitKit.build/Objects-normal/arm64/OrbitKit.swiftdoc /Users/runner/work/orbit/orbit/.recap-entries-probe/.dd-mac/Build/Products/Debug/OrbitKit.swiftmodule/arm64-apple-macos.swiftdoc

Copy /Users/runner/work/orbit/orbit/.recap-entries-probe/.dd-mac/Build/Products/Debug/OrbitKit.swiftmodule/arm64-apple-macos.abi.json /Users/runner/work/orbit/orbit/.recap-entries-probe/.dd-mac/Build/Intermediates.noindex/OrbitKit.build/Debug/OrbitKit.build/Objects-normal/arm64/OrbitKit.abi.json (in target 'OrbitKit' from project 'OrbitKit')
    cd /Users/runner/work/orbit/orbit/src/macos/OrbitKit
    builtin-copy -exclude .DS_Store -exclude CVS -exclude .svn -exclude .git -exclude .hg -resolve-src-symlinks -rename /Users/runner/work/orbit/orbit/.recap-entries-probe/.dd-mac/Build/Intermediates.noindex/OrbitKit.build/Debug/OrbitKit.build/Objects-normal/arm64/OrbitKit.abi.json /Users/runner/work/orbit/orbit/.recap-entries-probe/.dd-mac/Build/Products/Debug/OrbitKit.swiftmodule/arm64-apple-macos.abi.json

Copy /Users/runner/work/orbit/orbit/.recap-entries-probe/.dd-mac/Build/Products/Debug/OrbitKit.swiftmodule/Project/arm64-apple-macos.swiftsourceinfo /Users/runner/work/orbit/orbit/.recap-entries-probe/.dd-mac/Build/Intermediates.noindex/OrbitKit.build/Debug/OrbitKit.build/Objects-normal/arm64/OrbitKit.swiftsourceinfo (in target 'OrbitKit' from project 'OrbitKit')
    cd /Users/runner/work/orbit/orbit/src/macos/OrbitKit
    builtin-copy -exclude .DS_Store -exclude CVS -exclude .svn -exclude .git -exclude .hg -resolve-src-symlinks -rename /Users/runner/work/orbit/orbit/.recap-entries-probe/.dd-mac/Build/Intermediates.noindex/OrbitKit.build/Debug/OrbitKit.build/Objects-normal/arm64/OrbitKit.swiftsourceinfo /Users/runner/work/orbit/orbit/.recap-entries-probe/.dd-mac/Build/Products/Debug/OrbitKit.swiftmodule/Project/arm64-apple-macos.swiftsourceinfo

SwiftCompile normal arm64 Compiling\ SessionUpsert.swift,\ SessionViews.swift,\ SessionWorkspaceMove.swift,\ SettingsHome.swift,\ ShareMarkdown.swift,\ SharePanel.swift,\ SharedLinksList.swift,\ SharedPoolAdapter.swift,\ SharedPoolPage.swift,\ SkillsLogic.swift,\ StartProject.swift,\ TagChipColor.swift,\ TaskDetailPage.swift,\ TaskJudgment.swift,\ TaskListCopy.swift,\ TaskListLogic.swift,\ TaskPageIncrementalReducer.swift,\ TaskReopen.swift,\ TaskRunHandoff.swift,\ TextFilePreview.swift,\ ToastFeed.swift,\ UnifiedDiff.swift,\ WatchEditing.swift,\ WatchProjection.swift /Users/runner/work/orbit/orbit/src/macos/OrbitKit/Sources/OrbitKit/App/SessionUpsert.swift /Users/runner/work/orbit/orbit/src/macos/OrbitKit/Sources/OrbitKit/App/SessionViews.swift /Users/runner/work/orbit/orbit/src/macos/OrbitKit/Sources/OrbitKit/App/SessionWorkspaceMove.swift /Users/runner/work/orbit/orbit/src/macos/OrbitKit/Sources/OrbitKit/App/SettingsHome.swift /Users/runner/work/orbit/orbit/src/macos/OrbitKit/Sources/OrbitKit/App/ShareMarkdown.swift /Users/runner/work/orbit/orbit/src/macos/OrbitKit/Sources/OrbitKit/App/SharePanel.swift /Users/runner/work/orbit/orbit/src/macos/OrbitKit/Sources/OrbitKit/App/SharedLinksList.swift /Users/runner/work/orbit/orbit/src/macos/OrbitKit/Sources/OrbitKit/App/SharedPoolAdapter.swift /Users/runner/work/orbit/orbit/src/macos/OrbitKit/Sources/OrbitKit/App/SharedPoolPage.swift /Users/runner/work/orbit/orbit/src/macos/OrbitKit/Sources/OrbitKit/App/SkillsLogic.swift /Users/runner/work/orbit/orbit/src/macos/OrbitKit/Sources/OrbitKit/App/StartProject.swift /Users/runner/work/orbit/orbit/src/macos/OrbitKit/Sources/OrbitKit/App/TagChipColor.swift /Users/runner/work/orbit/orbit/src/macos/OrbitKit/Sources/OrbitKit/App/TaskDetailPage.swift /Users/runner/work/orbit/orbit/src/macos/OrbitKit/Sources/OrbitKit/App/TaskJudgment.swift /Users/runner/work/orbit/orbit/src/macos/OrbitKit/Sources/OrbitKit/App/TaskListCopy.swift /Users/runner/work/orbit/orbit/src/macos/OrbitKit/Sources/OrbitKit/App/TaskListLogic.swift /Users/runner/work/orbit/orbit/src/macos/OrbitKit/Sources/OrbitKit/App/TaskPageIncrementalReducer.swift /Users/runner/work/orbit/orbit/src/macos/OrbitKit/Sources/OrbitKit/App/TaskReopen.swift /Users/runner/work/orbit/orbit/src/macos/OrbitKit/Sources/OrbitKit/App/TaskRunHandoff.swift /Users/runner/work/orbit/orbit/src/macos/OrbitKit/Sources/OrbitKit/App/TextFilePreview.swift /Users/runner/work/orbit/orbit/src/macos/OrbitKit/Sources/OrbitKit/App/ToastFeed.swift /Users/runner/work/orbit/orbit/src/macos/OrbitKit/Sources/OrbitKit/App/UnifiedDiff.swift /Users/runner/work/orbit/orbit/src/macos/OrbitKit/Sources/OrbitKit/App/WatchEditing.swift /Users/runner/work/orbit/orbit/src/macos/OrbitKit/Sources/OrbitKit/App/WatchProjection.swift (in target 'OrbitKit' from project 'OrbitKit')

SwiftCompile normal arm64 /Users/runner/work/orbit/orbit/src/macos/OrbitKit/Sources/OrbitKit/App/SessionUpsert.swift (in target 'OrbitKit' from project 'OrbitKit')
    cd /Users/runner/work/orbit/orbit/.recap-entries-probe/RecapEntriesProbe.xcodeproj
    

SwiftCompile normal arm64 /Users/runner/work/orbit/orbit/src/macos/OrbitKit/Sources/OrbitKit/App/SessionViews.swift (in target 'OrbitKit' from project 'OrbitKit')
    cd /Users/runner/work/orbit/orbit/.recap-entries-probe/RecapEntriesProbe.xcodeproj
    

SwiftCompile normal arm64 /Users/runner/work/orbit/orbit/src/macos/OrbitKit/Sources/OrbitKit/App/SessionWorkspaceMove.swift (in target 'OrbitKit' from project 'OrbitKit')
    cd /Users/runner/work/orbit/orbit/.recap-entries-probe/RecapEntriesProbe.xcodeproj
    

SwiftCompile normal arm64 /Users/runner/work/orbit/orbit/src/macos/OrbitKit/Sources/OrbitKit/App/SettingsHome.swift (in target 'OrbitKit' from project 'OrbitKit')
    cd /Users/runner/work/orbit/orbit/.recap-entries-probe/RecapEntriesProbe.xcodeproj
    

SwiftCompile normal arm64 /Users/runner/work/orbit/orbit/src/macos/OrbitKit/Sources/OrbitKit/App/ShareMarkdown.swift (in target 'OrbitKit' from project 'OrbitKit')
    cd /Users/runner/work/orbit/orbit/.recap-entries-probe/RecapEntriesProbe.xcodeproj
    

SwiftCompile normal arm64 /Users/runner/work/orbit/orbit/src/macos/OrbitKit/Sources/OrbitKit/App/SharePanel.swift (in target 'OrbitKit' from project 'OrbitKit')
    cd /Users/runner/work/orbit/orbit/.recap-entries-probe/RecapEntriesProbe.xcodeproj
    

SwiftCompile normal arm64 /Users/runner/work/orbit/orbit/src/macos/OrbitKit/Sources/OrbitKit/App/SharedLinksList.swift (in target 'OrbitKit' from project 'OrbitKit')
    cd /Users/runner/work/orbit/orbit/.recap-entries-probe/RecapEntriesProbe.xcodeproj
    

SwiftCompile normal arm64 /Users/runner/work/orbit/orbit/src/macos/OrbitKit/Sources/OrbitKit/App/SharedPoolAdapter.swift (in target 'OrbitKit' from project 'OrbitKit')
    cd /Users/runner/work/orbit/orbit/.recap-entries-probe/RecapEntriesProbe.xcodeproj
    

SwiftCompile normal arm64 /Users/runner/work/orbit/orbit/src/macos/OrbitKit/Sources/OrbitKit/App/SharedPoolPage.swift (in target 'OrbitKit' from project 'OrbitKit')
    cd /Users/runner/work/orbit/orbit/.recap-entries-probe/RecapEntriesProbe.xcodeproj
    

SwiftCompile normal arm64 /Users/runner/work/orbit/orbit/src/macos/OrbitKit/Sources/OrbitKit/App/SkillsLogic.swift (in target 'OrbitKit' from project 'OrbitKit')
    cd /Users/runner/work/orbit/orbit/.recap-entries-probe/RecapEntriesProbe.xcodeproj
    

SwiftCompile normal arm64 /Users/runner/work/orbit/orbit/src/macos/OrbitKit/Sources/OrbitKit/App/StartProject.swift (in target 'OrbitKit' from project 'OrbitKit')
    cd /Users/runner/work/orbit/orbit/.recap-entries-probe/RecapEntriesProbe.xcodeproj
    

SwiftCompile normal arm64 /Users/runner/work/orbit/orbit/src/macos/OrbitKit/Sources/OrbitKit/App/TagChipColor.swift (in target 'OrbitKit' from project 'OrbitKit')
    cd /Users/runner/work/orbit/orbit/.recap-entries-probe/RecapEntriesProbe.xcodeproj
    

SwiftCompile normal arm64 /Users/runner/work/orbit/orbit/src/macos/OrbitKit/Sources/OrbitKit/App/TaskDetailPage.swift (in target 'OrbitKit' from project 'OrbitKit')
    cd /Users/runner/work/orbit/orbit/.recap-entries-probe/RecapEntriesProbe.xcodeproj
    

SwiftCompile normal arm64 /Users/runner/work/orbit/orbit/src/macos/OrbitKit/Sources/OrbitKit/App/TaskJudgment.swift (in target 'OrbitKit' from project 'OrbitKit')
    cd /Users/runner/work/orbit/orbit/.recap-entries-probe/RecapEntriesProbe.xcodeproj
    

SwiftCompile normal arm64 /Users/runner/work/orbit/orbit/src/macos/OrbitKit/Sources/OrbitKit/App/TaskListCopy.swift (in target 'OrbitKit' from project 'OrbitKit')
    cd /Users/runner/work/orbit/orbit/.recap-entries-probe/RecapEntriesProbe.xcodeproj
    

SwiftCompile normal arm64 /Users/runner/work/orbit/orbit/src/macos/OrbitKit/Sources/OrbitKit/App/TaskListLogic.swift (in target 'OrbitKit' from project 'OrbitKit')
    cd /Users/runner/work/orbit/orbit/.recap-entries-probe/RecapEntriesProbe.xcodeproj
    

SwiftCompile normal arm64 /Users/runner/work/orbit/orbit/src/macos/OrbitKit/Sources/OrbitKit/App/TaskPageIncrementalReducer.swift (in target 'OrbitKit' from project 'OrbitKit')
    cd /Users/runner/work/orbit/orbit/.recap-entries-probe/RecapEntriesProbe.xcodeproj
    

SwiftCompile normal arm64 /Users/runner/work/orbit/orbit/src/macos/OrbitKit/Sources/OrbitKit/App/TaskReopen.swift (in target 'OrbitKit' from project 'OrbitKit')
    cd /Users/runner/work/orbit/orbit/.recap-entries-probe/RecapEntriesProbe.xcodeproj
    

SwiftCompile normal arm64 /Users/runner/work/orbit/orbit/src/macos/OrbitKit/Sources/OrbitKit/App/TaskRunHandoff.swift (in target 'OrbitKit' from project 'OrbitKit')
    cd /Users/runner/work/orbit/orbit/.recap-entries-probe/RecapEntriesProbe.xcodeproj
    

SwiftCompile normal arm64 /Users/runner/work/orbit/orbit/src/macos/OrbitKit/Sources/OrbitKit/App/TextFilePreview.swift (in target 'OrbitKit' from project 'OrbitKit')
    cd /Users/runner/work/orbit/orbit/.recap-entries-probe/RecapEntriesProbe.xcodeproj
    

SwiftCompile normal arm64 /Users/runner/work/orbit/orbit/src/macos/OrbitKit/Sources/OrbitKit/App/ToastFeed.swift (in target 'OrbitKit' from project 'OrbitKit')
    cd /Users/runner/work/orbit/orbit/.recap-entries-probe/RecapEntriesProbe.xcodeproj
    

SwiftCompile normal arm64 /Users/runner/work/orbit/orbit/src/macos/OrbitKit/Sources/OrbitKit/App/UnifiedDiff.swift (in target 'OrbitKit' from project 'OrbitKit')
    cd /Users/runner/work/orbit/orbit/.recap-entries-probe/RecapEntriesProbe.xcodeproj
    

SwiftCompile normal arm64 /Users/runner/work/orbit/orbit/src/macos/OrbitKit/Sources/OrbitKit/App/WatchEditing.swift (in target 'OrbitKit' from project 'OrbitKit')
    cd /Users/runner/work/orbit/orbit/.recap-entries-probe/RecapEntriesProbe.xcodeproj
    

SwiftCompile normal arm64 /Users/runner/work/orbit/orbit/src/macos/OrbitKit/Sources/OrbitKit/App/WatchProjection.swift (in target 'OrbitKit' from project 'OrbitKit')
    cd /Users/runner/work/orbit/orbit/.recap-entries-probe/RecapEntriesProbe.xcodeproj
    

SwiftDriverJobDiscovery normal arm64 Compiling SessionUpsert.swift, SessionViews.swift, SessionWorkspaceMove.swift, SettingsHome.swift, ShareMarkdown.swift, SharePanel.swift, SharedLinksList.swift, SharedPoolAdapter.swift, SharedPoolPage.swift, SkillsLogic.swift, StartProject.swift, TagChipColor.swift, TaskDetailPage.swift, TaskJudgment.swift, TaskListCopy.swift, TaskListLogic.swift, TaskPageIncrementalReducer.swift, TaskReopen.swift, TaskRunHandoff.swift, TextFilePreview.swift, ToastFeed.swift, UnifiedDiff.swift, WatchEditing.swift, WatchProjection.swift (in target 'OrbitKit' from project 'OrbitKit')

SwiftCompile normal arm64 Compiling\ ReferencedTask.swift,\ ScrubRailGeometry.swift,\ SessionMessage.swift,\ SessionPreviewImages.swift,\ SessionRequest.swift,\ SessionStore.swift,\ SteerDelivery.swift,\ StickyQuestionHold.swift,\ StickySummary.swift,\ TailPinning.swift,\ TaskProgress.swift,\ TaskProgressCopy.swift,\ TaskStart.swift,\ ThinkingSummary.swift,\ ToolDisplay.swift,\ ToolGroupSummary.swift,\ ToolResultContent.swift,\ Transcript.swift,\ TranscriptRecordAnchor.swift,\ TranscriptReducer.swift,\ TranscriptRows.swift,\ TranscriptStore.swift,\ TurnCards.swift /Users/runner/work/orbit/orbit/src/macos/OrbitKit/Sources/OrbitKit/Transcript/ReferencedTask.swift /Users/runner/work/orbit/orbit/src/macos/OrbitKit/Sources/OrbitKit/Transcript/ScrubRailGeometry.swift /Users/runner/work/orbit/orbit/src/macos/OrbitKit/Sources/OrbitKit/Transcript/SessionMessage.swift /Users/runner/work/orbit/orbit/src/macos/OrbitKit/Sources/OrbitKit/Transcript/SessionPreviewImages.swift /Users/runner/work/orbit/orbit/src/macos/OrbitKit/Sources/OrbitKit/Transcript/SessionRequest.swift /Users/runner/work/orbit/orbit/src/macos/OrbitKit/Sources/OrbitKit/Transcript/SessionStore.swift /Users/runner/work/orbit/orbit/src/macos/OrbitKit/Sources/OrbitKit/Transcript/SteerDelivery.swift /Users/runner/work/orbit/orbit/src/macos/OrbitKit/Sources/OrbitKit/Transcript/StickyQuestionHold.swift /Users/runner/work/orbit/orbit/src/macos/OrbitKit/Sources/OrbitKit/Transcript/StickySummary.swift /Users/runner/work/orbit/orbit/src/macos/OrbitKit/Sources/OrbitKit/Transcript/TailPinning.swift /Users/runner/work/orbit/orbit/src/macos/OrbitKit/Sources/OrbitKit/Transcript/TaskProgress.swift /Users/runner/work/orbit/orbit/src/macos/OrbitKit/Sources/OrbitKit/Transcript/TaskProgressCopy.swift /Users/runner/work/orbit/orbit/src/macos/OrbitKit/Sources/OrbitKit/Transcript/TaskStart.swift /Users/runner/work/orbit/orbit/src/macos/OrbitKit/Sources/OrbitKit/Transcript/ThinkingSummary.swift /Users/runner/work/orbit/orbit/src/macos/OrbitKit/Sources/OrbitKit/Transcript/ToolDisplay.swift /Users/runner/work/orbit/orbit/src/macos/OrbitKit/Sources/OrbitKit/Transcript/ToolGroupSummary.swift /Users/runner/work/orbit/orbit/src/macos/OrbitKit/Sources/OrbitKit/Transcript/ToolResultContent.swift /Users/runner/work/orbit/orbit/src/macos/OrbitKit/Sources/OrbitKit/Transcript/Transcript.swift /Users/runner/work/orbit/orbit/src/macos/OrbitKit/Sources/OrbitKit/Transcript/TranscriptRecordAnchor.swift /Users/runner/work/orbit/orbit/src/macos/OrbitKit/Sources/OrbitKit/Transcript/TranscriptReducer.swift /Users/runner/work/orbit/orbit/src/macos/OrbitKit/Sources/OrbitKit/Transcript/TranscriptRows.swift /Users/runner/work/orbit/orbit/src/macos/OrbitKit/Sources/OrbitKit/Transcript/TranscriptStore.swift /Users/runner/work/orbit/orbit/src/macos/OrbitKit/Sources/OrbitKit/Transcript/TurnCards.swift (in target 'OrbitKit' from project 'OrbitKit')
SwiftCompile normal arm64 /Users/runner/work/orbit/orbit/src/macos/OrbitKit/Sources/OrbitKit/Transcript/ReferencedTask.swift (in target 'OrbitKit' from project 'OrbitKit')
    cd /Users/runner/work/orbit/orbit/.recap-entries-probe/RecapEntriesProbe.xcodeproj
    

SwiftCompile normal arm64 /Users/runner/work/orbit/orbit/src/macos/OrbitKit/Sources/OrbitKit/Transcript/ScrubRailGeometry.swift (in target 'OrbitKit' from project 'OrbitKit')
    cd /Users/runner/work/orbit/orbit/.recap-entries-probe/RecapEntriesProbe.xcodeproj
    

SwiftCompile normal arm64 /Users/runner/work/orbit/orbit/src/macos/OrbitKit/Sources/OrbitKit/Transcript/SessionMessage.swift (in target 'OrbitKit' from project 'OrbitKit')
    cd /Users/runner/work/orbit/orbit/.recap-entries-probe/RecapEntriesProbe.xcodeproj
    

SwiftCompile normal arm64 /Users/runner/work/orbit/orbit/src/macos/OrbitKit/Sources/OrbitKit/Transcript/SessionPreviewImages.swift (in target 'OrbitKit' from project 'OrbitKit')
    cd /Users/runner/work/orbit/orbit/.recap-entries-probe/RecapEntriesProbe.xcodeproj
    

SwiftCompile normal arm64 /Users/runner/work/orbit/orbit/src/macos/OrbitKit/Sources/OrbitKit/Transcript/SessionRequest.swift (in target 'OrbitKit' from project 'OrbitKit')
    cd /Users/runner/work/orbit/orbit/.recap-entries-probe/RecapEntriesProbe.xcodeproj
    

SwiftCompile normal arm64 /Users/runner/work/orbit/orbit/src/macos/OrbitKit/Sources/OrbitKit/Transcript/SessionStore.swift (in target 'OrbitKit' from project 'OrbitKit')
    cd /Users/runner/work/orbit/orbit/.recap-entries-probe/RecapEntriesProbe.xcodeproj
    

SwiftCompile normal arm64 /Users/runner/work/orbit/orbit/src/macos/OrbitKit/Sources/OrbitKit/Transcript/SteerDelivery.swift (in target 'OrbitKit' from project 'OrbitKit')
    cd /Users/runner/work/orbit/orbit/.recap-entries-probe/RecapEntriesProbe.xcodeproj
    

SwiftCompile normal arm64 /Users/runner/work/orbit/orbit/src/macos/OrbitKit/Sources/OrbitKit/Transcript/StickyQuestionHold.swift (in target 'OrbitKit' from project 'OrbitKit')
    cd /Users/runner/work/orbit/orbit/.recap-entries-probe/RecapEntriesProbe.xcodeproj
    

SwiftCompile normal arm64 /Users/runner/work/orbit/orbit/src/macos/OrbitKit/Sources/OrbitKit/Transcript/StickySummary.swift (in target 'OrbitKit' from project 'OrbitKit')
    cd /Users/runner/work/orbit/orbit/.recap-entries-probe/RecapEntriesProbe.xcodeproj
    

SwiftCompile normal arm64 /Users/runner/work/orbit/orbit/src/macos/OrbitKit/Sources/OrbitKit/Transcript/TailPinning.swift (in target 'OrbitKit' from project 'OrbitKit')
    cd /Users/runner/work/orbit/orbit/.recap-entries-probe/RecapEntriesProbe.xcodeproj
    

SwiftCompile normal arm64 /Users/runner/work/orbit/orbit/src/macos/OrbitKit/Sources/OrbitKit/Transcript/TaskProgress.swift (in target 'OrbitKit' from project 'OrbitKit')
    cd /Users/runner/work/orbit/orbit/.recap-entries-probe/RecapEntriesProbe.xcodeproj
    

SwiftCompile normal arm64 /Users/runner/work/orbit/orbit/src/macos/OrbitKit/Sources/OrbitKit/Transcript/TaskProgressCopy.swift (in target 'OrbitKit' from project 'OrbitKit')
    cd /Users/runner/work/orbit/orbit/.recap-entries-probe/RecapEntriesProbe.xcodeproj
    

SwiftCompile normal arm64 /Users/runner/work/orbit/orbit/src/macos/OrbitKit/Sources/OrbitKit/Transcript/TaskStart.swift (in target 'OrbitKit' from project 'OrbitKit')
    cd /Users/runner/work/orbit/orbit/.recap-entries-probe/RecapEntriesProbe.xcodeproj
    

SwiftCompile normal arm64 /Users/runner/work/orbit/orbit/src/macos/OrbitKit/Sources/OrbitKit/Transcript/ThinkingSummary.swift (in target 'OrbitKit' from project 'OrbitKit')
    cd /Users/runner/work/orbit/orbit/.recap-entries-probe/RecapEntriesProbe.xcodeproj
    

SwiftCompile normal arm64 /Users/runner/work/orbit/orbit/src/macos/OrbitKit/Sources/OrbitKit/Transcript/ToolDisplay.swift (in target 'OrbitKit' from project 'OrbitKit')
    cd /Users/runner/work/orbit/orbit/.recap-entries-probe/RecapEntriesProbe.xcodeproj
    

SwiftCompile normal arm64 /Users/runner/work/orbit/orbit/src/macos/OrbitKit/Sources/OrbitKit/Transcript/ToolGroupSummary.swift (in target 'OrbitKit' from project 'OrbitKit')
    cd /Users/runner/work/orbit/orbit/.recap-entries-probe/RecapEntriesProbe.xcodeproj
    

SwiftCompile normal arm64 /Users/runner/work/orbit/orbit/src/macos/OrbitKit/Sources/OrbitKit/Transcript/ToolResultContent.swift (in target 'OrbitKit' from project 'OrbitKit')
    cd /Users/runner/work/orbit/orbit/.recap-entries-probe/RecapEntriesProbe.xcodeproj
    

SwiftCompile normal arm64 /Users/runner/work/orbit/orbit/src/macos/OrbitKit/Sources/OrbitKit/Transcript/Transcript.swift (in target 'OrbitKit' from project 'OrbitKit')
    cd /Users/runner/work/orbit/orbit/.recap-entries-probe/RecapEntriesProbe.xcodeproj
    

SwiftCompile normal arm64 /Users/runner/work/orbit/orbit/src/macos/OrbitKit/Sources/OrbitKit/Transcript/TranscriptRecordAnchor.swift (in target 'OrbitKit' from project 'OrbitKit')
    cd /Users/runner/work/orbit/orbit/.recap-entries-probe/RecapEntriesProbe.xcodeproj
    

SwiftCompile normal arm64 /Users/runner/work/orbit/orbit/src/macos/OrbitKit/Sources/OrbitKit/Transcript/TranscriptReducer.swift (in target 'OrbitKit' from project 'OrbitKit')
    cd /Users/runner/work/orbit/orbit/.recap-entries-probe/RecapEntriesProbe.xcodeproj
    

SwiftCompile normal arm64 /Users/runner/work/orbit/orbit/src/macos/OrbitKit/Sources/OrbitKit/Transcript/TranscriptRows.swift (in target 'OrbitKit' from project 'OrbitKit')
    cd /Users/runner/work/orbit/orbit/.recap-entries-probe/RecapEntriesProbe.xcodeproj
    

SwiftCompile normal arm64 /Users/runner/work/orbit/orbit/src/macos/OrbitKit/Sources/OrbitKit/Transcript/TranscriptStore.swift (in target 'OrbitKit' from project 'OrbitKit')
    cd /Users/runner/work/orbit/orbit/.recap-entries-probe/RecapEntriesProbe.xcodeproj
    

SwiftCompile normal arm64 /Users/runner/work/orbit/orbit/src/macos/OrbitKit/Sources/OrbitKit/Transcript/TurnCards.swift (in target 'OrbitKit' from project 'OrbitKit')
    cd /Users/runner/work/orbit/orbit/.recap-entries-probe/RecapEntriesProbe.xcodeproj
    

SwiftCompile normal arm64 Compiling\ OrbitLinkDestination.swift,\ OrbitLinkPlacement.swift,\ OrbitLinkStore.swift,\ OwnerConfirmation.swift,\ OwnerConfirmationReview.swift,\ OwnerItemCards.swift,\ PendingSessionOperations.swift,\ PinnedCache.swift,\ ProjectAttention.swift,\ ProjectCrossings.swift,\ ProjectDone.swift,\ ProjectGraphLayout.swift,\ ProjectPage.swift,\ ProjectPageSections.swift,\ ProjectRunSettings.swift,\ ProjectTimeline.swift,\ ProviderEngines.swift,\ ProviderPoolLogic.swift,\ ProvidersOverview.swift,\ RecentsLogic.swift,\ RefreshControlClearance.swift,\ RelativeTime.swift,\ RetryRoute.swift,\ RowSwipeGeometry.swift /Users/runner/work/orbit/orbit/src/macos/OrbitKit/Sources/OrbitKit/App/OrbitLinkDestination.swift /Users/runner/work/orbit/orbit/src/macos/OrbitKit/Sources/OrbitKit/App/OrbitLinkPlacement.swift /Users/runner/work/orbit/orbit/src/macos/OrbitKit/Sources/OrbitKit/App/OrbitLinkStore.swift /Users/runner/work/orbit/orbit/src/macos/OrbitKit/Sources/OrbitKit/App/OwnerConfirmation.swift /Users/runner/work/orbit/orbit/src/macos/OrbitKit/Sources/OrbitKit/App/OwnerConfirmationReview.swift /Users/runner/work/orbit/orbit/src/macos/OrbitKit/Sources/OrbitKit/App/OwnerItemCards.swift /Users/runner/work/orbit/orbit/src/macos/OrbitKit/Sources/OrbitKit/App/PendingSessionOperations.swift /Users/runner/work/orbit/orbit/src/macos/OrbitKit/Sources/OrbitKit/App/PinnedCache.swift /Users/runner/work/orbit/orbit/src/macos/OrbitKit/Sources/OrbitKit/App/ProjectAttention.swift /Users/runner/work/orbit/orbit/src/macos/OrbitKit/Sources/OrbitKit/App/ProjectCrossings.swift /Users/runner/work/orbit/orbit/src/macos/OrbitKit/Sources/OrbitKit/App/ProjectDone.swift /Users/runner/work/orbit/orbit/src/macos/OrbitKit/Sources/OrbitKit/App/ProjectGraphLayout.swift /Users/runner/work/orbit/orbit/src/macos/OrbitKit/Sources/OrbitKit/App/ProjectPage.swift /Users/runner/work/orbit/orbit/src/macos/OrbitKit/Sources/OrbitKit/App/ProjectPageSections.swift /Users/runner/work/orbit/orbit/src/macos/OrbitKit/Sources/OrbitKit/App/ProjectRunSettings.swift /Users/runner/work/orbit/orbit/src/macos/OrbitKit/Sources/OrbitKit/App/ProjectTimeline.swift /Users/runner/work/orbit/orbit/src/macos/OrbitKit/Sources/OrbitKit/App/ProviderEngines.swift /Users/runner/work/orbit/orbit/src/macos/OrbitKit/Sources/OrbitKit/App/ProviderPoolLogic.swift /Users/runner/work/orbit/orbit/src/macos/OrbitKit/Sources/OrbitKit/App/ProvidersOverview.swift /Users/runner/work/orbit/orbit/src/macos/OrbitKit/Sources/OrbitKit/App/RecentsLogic.swift /Users/runner/work/orbit/orbit/src/macos/OrbitKit/Sources/OrbitKit/App/RefreshControlClearance.swift /Users/runner/work/orbit/orbit/src/macos/OrbitKit/Sources/OrbitKit/App/RelativeTime.swift /Users/runner/work/orbit/orbit/src/macos/OrbitKit/Sources/OrbitKit/App/RetryRoute.swift /Users/runner/work/orbit/orbit/src/macos/OrbitKit/Sources/OrbitKit/App/RowSwipeGeometry.swift (in target 'OrbitKit' from project 'OrbitKit')
SwiftCompile normal arm64 /Users/runner/work/orbit/orbit/src/macos/OrbitKit/Sources/OrbitKit/App/OrbitLinkDestination.swift (in target 'OrbitKit' from project 'OrbitKit')
    cd /Users/runner/work/orbit/orbit/.recap-entries-probe/RecapEntriesProbe.xcodeproj
    

SwiftCompile normal arm64 /Users/runner/work/orbit/orbit/src/macos/OrbitKit/Sources/OrbitKit/App/OrbitLinkPlacement.swift (in target 'OrbitKit' from project 'OrbitKit')
    cd /Users/runner/work/orbit/orbit/.recap-entries-probe/RecapEntriesProbe.xcodeproj
    

SwiftCompile normal arm64 /Users/runner/work/orbit/orbit/src/macos/OrbitKit/Sources/OrbitKit/App/OrbitLinkStore.swift (in target 'OrbitKit' from project 'OrbitKit')
    cd /Users/runner/work/orbit/orbit/.recap-entries-probe/RecapEntriesProbe.xcodeproj
    

SwiftCompile normal arm64 /Users/runner/work/orbit/orbit/src/macos/OrbitKit/Sources/OrbitKit/App/OwnerConfirmation.swift (in target 'OrbitKit' from project 'OrbitKit')
    cd /Users/runner/work/orbit/orbit/.recap-entries-probe/RecapEntriesProbe.xcodeproj
    
/Users/runner/work/orbit/orbit/src/macos/OrbitKit/Sources/OrbitKit/App/OwnerConfirmation.swift:831:19: warning: immutable value 'report' was never used; consider replacing with '_' or removing it
        guard let report, let time else { return whatTheRunReported }
              ~~~~^~~~~~
              _

SwiftCompile normal arm64 /Users/runner/work/orbit/orbit/src/macos/OrbitKit/Sources/OrbitKit/App/OwnerConfirmationReview.swift (in target 'OrbitKit' from project 'OrbitKit')
    cd /Users/runner/work/orbit/orbit/.recap-entries-probe/RecapEntriesProbe.xcodeproj
    

SwiftCompile normal arm64 /Users/runner/work/orbit/orbit/src/macos/OrbitKit/Sources/OrbitKit/App/OwnerItemCards.swift (in target 'OrbitKit' from project 'OrbitKit')
    cd /Users/runner/work/orbit/orbit/.recap-entries-probe/RecapEntriesProbe.xcodeproj
    

SwiftCompile normal arm64 /Users/runner/work/orbit/orbit/src/macos/OrbitKit/Sources/OrbitKit/App/PendingSessionOperations.swift (in target 'OrbitKit' from project 'OrbitKit')
    cd /Users/runner/work/orbit/orbit/.recap-entries-probe/RecapEntriesProbe.xcodeproj
    

SwiftCompile normal arm64 /Users/runner/work/orbit/orbit/src/macos/OrbitKit/Sources/OrbitKit/App/PinnedCache.swift (in target 'OrbitKit' from project 'OrbitKit')
    cd /Users/runner/work/orbit/orbit/.recap-entries-probe/RecapEntriesProbe.xcodeproj
    

SwiftCompile normal arm64 /Users/runner/work/orbit/orbit/src/macos/OrbitKit/Sources/OrbitKit/App/ProjectAttention.swift (in target 'OrbitKit' from project 'OrbitKit')
    cd /Users/runner/work/orbit/orbit/.recap-entries-probe/RecapEntriesProbe.xcodeproj
    

SwiftCompile normal arm64 /Users/runner/work/orbit/orbit/src/macos/OrbitKit/Sources/OrbitKit/App/ProjectCrossings.swift (in target 'OrbitKit' from project 'OrbitKit')
    cd /Users/runner/work/orbit/orbit/.recap-entries-probe/RecapEntriesProbe.xcodeproj
    

SwiftCompile normal arm64 /Users/runner/work/orbit/orbit/src/macos/OrbitKit/Sources/OrbitKit/App/ProjectDone.swift (in target 'OrbitKit' from project 'OrbitKit')
    cd /Users/runner/work/orbit/orbit/.recap-entries-probe/RecapEntriesProbe.xcodeproj
    

SwiftCompile normal arm64 /Users/runner/work/orbit/orbit/src/macos/OrbitKit/Sources/OrbitKit/App/ProjectGraphLayout.swift (in target 'OrbitKit' from project 'OrbitKit')
    cd /Users/runner/work/orbit/orbit/.recap-entries-probe/RecapEntriesProbe.xcodeproj
    

SwiftCompile normal arm64 /Users/runner/work/orbit/orbit/src/macos/OrbitKit/Sources/OrbitKit/App/ProjectPage.swift (in target 'OrbitKit' from project 'OrbitKit')
    cd /Users/runner/work/orbit/orbit/.recap-entries-probe/RecapEntriesProbe.xcodeproj
    

SwiftCompile normal arm64 /Users/runner/work/orbit/orbit/src/macos/OrbitKit/Sources/OrbitKit/App/ProjectPageSections.swift (in target 'OrbitKit' from project 'OrbitKit')
    cd /Users/runner/work/orbit/orbit/.recap-entries-probe/RecapEntriesProbe.xcodeproj
    

SwiftCompile normal arm64 /Users/runner/work/orbit/orbit/src/macos/OrbitKit/Sources/OrbitKit/App/ProjectRunSettings.swift (in target 'OrbitKit' from project 'OrbitKit')
    cd /Users/runner/work/orbit/orbit/.recap-entries-probe/RecapEntriesProbe.xcodeproj
    

SwiftCompile normal arm64 /Users/runner/work/orbit/orbit/src/macos/OrbitKit/Sources/OrbitKit/App/ProjectTimeline.swift (in target 'OrbitKit' from project 'OrbitKit')
    cd /Users/runner/work/orbit/orbit/.recap-entries-probe/RecapEntriesProbe.xcodeproj
    

SwiftCompile normal arm64 /Users/runner/work/orbit/orbit/src/macos/OrbitKit/Sources/OrbitKit/App/ProviderEngines.swift (in target 'OrbitKit' from project 'OrbitKit')
    cd /Users/runner/work/orbit/orbit/.recap-entries-probe/RecapEntriesProbe.xcodeproj
    

SwiftCompile normal arm64 /Users/runner/work/orbit/orbit/src/macos/OrbitKit/Sources/OrbitKit/App/ProviderPoolLogic.swift (in target 'OrbitKit' from project 'OrbitKit')
    cd /Users/runner/work/orbit/orbit/.recap-entries-probe/RecapEntriesProbe.xcodeproj
    

SwiftCompile normal arm64 /Users/runner/work/orbit/orbit/src/macos/OrbitKit/Sources/OrbitKit/App/ProvidersOverview.swift (in target 'OrbitKit' from project 'OrbitKit')
    cd /Users/runner/work/orbit/orbit/.recap-entries-probe/RecapEntriesProbe.xcodeproj
    

SwiftCompile normal arm64 /Users/runner/work/orbit/orbit/src/macos/OrbitKit/Sources/OrbitKit/App/RecentsLogic.swift (in target 'OrbitKit' from project 'OrbitKit')
    cd /Users/runner/work/orbit/orbit/.recap-entries-probe/RecapEntriesProbe.xcodeproj
    

SwiftCompile normal arm64 /Users/runner/work/orbit/orbit/src/macos/OrbitKit/Sources/OrbitKit/App/RefreshControlClearance.swift (in target 'OrbitKit' from project 'OrbitKit')
    cd /Users/runner/work/orbit/orbit/.recap-entries-probe/RecapEntriesProbe.xcodeproj
    

SwiftCompile normal arm64 /Users/runner/work/orbit/orbit/src/macos/OrbitKit/Sources/OrbitKit/App/RelativeTime.swift (in target 'OrbitKit' from project 'OrbitKit')
    cd /Users/runner/work/orbit/orbit/.recap-entries-probe/RecapEntriesProbe.xcodeproj
    

SwiftCompile normal arm64 /Users/runner/work/orbit/orbit/src/macos/OrbitKit/Sources/OrbitKit/App/RetryRoute.swift (in target 'OrbitKit' from project 'OrbitKit')
    cd /Users/runner/work/orbit/orbit/.recap-entries-probe/RecapEntriesProbe.xcodeproj
    

SwiftCompile normal arm64 /Users/runner/work/orbit/orbit/src/macos/OrbitKit/Sources/OrbitKit/App/RowSwipeGeometry.swift (in target 'OrbitKit' from project 'OrbitKit')
    cd /Users/runner/work/orbit/orbit/.recap-entries-probe/RecapEntriesProbe.xcodeproj
    

SwiftDriverJobDiscovery normal arm64 Compiling AccessTokensList.swift, AccountPause.swift, AddPoolKey.swift, AgentDefaults.swift, AgentListLogic.swift, AppSection.swift, ApprovalReviewDrafts.swift, Approvals.swift, ArtifactByteCache.swift, AttachmentLink.swift, AutoRetryLogic.swift, BackgroundWake.swift, BatchReview.swift, BatchTree.swift, BottomSearchReveal.swift, CoalescedRefreshQueue.swift, CodexAccounts.swift, CodexLoginPool.swift, CodexPoolPage.swift, CodexSignIn.swift, Composer.swift, CriteriaChange.swift, CriteriaDecision.swift, DeepLink.swift (in target 'OrbitKit' from project 'OrbitKit')

SwiftCompile normal arm64 Compiling\ WatchStateMachine.swift,\ WatchWake.swift,\ WhoCanUseIt.swift,\ WikiArticleLogic.swift,\ WikiDocLogic.swift,\ WikiHealthLogic.swift,\ WikiLogic.swift,\ WikiModeLogic.swift,\ WikiPlanLogic.swift,\ WikiRunsLogic.swift,\ WikiSpaceLogic.swift,\ WorkspaceActivity.swift,\ WorktreeBarLogic.swift,\ WorktreeFileFailure.swift,\ GoogleSignIn.swift,\ TokenStore.swift,\ AccessTokens.swift,\ Admin.swift,\ Agents.swift,\ CodexLogin.swift,\ ControlEvent.swift,\ DTOs.swift,\ Enums.swift,\ FieldUpdate.swift /Users/runner/work/orbit/orbit/src/macos/OrbitKit/Sources/OrbitKit/App/WatchStateMachine.swift /Users/runner/work/orbit/orbit/src/macos/OrbitKit/Sources/OrbitKit/App/WatchWake.swift /Users/runner/work/orbit/orbit/src/macos/OrbitKit/Sources/OrbitKit/App/WhoCanUseIt.swift /Users/runner/work/orbit/orbit/src/macos/OrbitKit/Sources/OrbitKit/App/WikiArticleLogic.swift /Users/runner/work/orbit/orbit/src/macos/OrbitKit/Sources/OrbitKit/App/WikiDocLogic.swift /Users/runner/work/orbit/orbit/src/macos/OrbitKit/Sources/OrbitKit/App/WikiHealthLogic.swift /Users/runner/work/orbit/orbit/src/macos/OrbitKit/Sources/OrbitKit/App/WikiLogic.swift /Users/runner/work/orbit/orbit/src/macos/OrbitKit/Sources/OrbitKit/App/WikiModeLogic.swift /Users/runner/work/orbit/orbit/src/macos/OrbitKit/Sources/OrbitKit/App/WikiPlanLogic.swift /Users/runner/work/orbit/orbit/src/macos/OrbitKit/Sources/OrbitKit/App/WikiRunsLogic.swift /Users/runner/work/orbit/orbit/src/macos/OrbitKit/Sources/OrbitKit/App/WikiSpaceLogic.swift /Users/runner/work/orbit/orbit/src/macos/OrbitKit/Sources/OrbitKit/App/WorkspaceActivity.swift /Users/runner/work/orbit/orbit/src/macos/OrbitKit/Sources/OrbitKit/App/WorktreeBarLogic.swift /Users/runner/work/orbit/orbit/src/macos/OrbitKit/Sources/OrbitKit/App/WorktreeFileFailure.swift /Users/runner/work/orbit/orbit/src/macos/OrbitKit/Sources/OrbitKit/Auth/GoogleSignIn.swift /Users/runner/work/orbit/orbit/src/macos/OrbitKit/Sources/OrbitKit/Auth/TokenStore.swift /Users/runner/work/orbit/orbit/src/macos/OrbitKit/Sources/OrbitKit/Models/AccessTokens.swift /Users/runner/work/orbit/orbit/src/macos/OrbitKit/Sources/OrbitKit/Models/Admin.swift /Users/runner/work/orbit/orbit/src/macos/OrbitKit/Sources/OrbitKit/Models/Agents.swift /Users/runner/work/orbit/orbit/src/macos/OrbitKit/Sources/OrbitKit/Models/CodexLogin.swift /Users/runner/work/orbit/orbit/src/macos/OrbitKit/Sources/OrbitKit/Models/ControlEvent.swift /Users/runner/work/orbit/orbit/src/macos/OrbitKit/Sources/OrbitKit/Models/DTOs.swift /Users/runner/work/orbit/orbit/src/macos/OrbitKit/Sources/OrbitKit/Models/Enums.swift /Users/runner/work/orbit/orbit/src/macos/OrbitKit/Sources/OrbitKit/Models/FieldUpdate.swift (in target 'OrbitKit' from project 'OrbitKit')
SwiftCompile normal arm64 /Users/runner/work/orbit/orbit/src/macos/OrbitKit/Sources/OrbitKit/App/WatchStateMachine.swift (in target 'OrbitKit' from project 'OrbitKit')
    cd /Users/runner/work/orbit/orbit/.recap-entries-probe/RecapEntriesProbe.xcodeproj
    

SwiftCompile normal arm64 /Users/runner/work/orbit/orbit/src/macos/OrbitKit/Sources/OrbitKit/App/WatchWake.swift (in target 'OrbitKit' from project 'OrbitKit')
    cd /Users/runner/work/orbit/orbit/.recap-entries-probe/RecapEntriesProbe.xcodeproj
    

SwiftCompile normal arm64 /Users/runner/work/orbit/orbit/src/macos/OrbitKit/Sources/OrbitKit/App/WhoCanUseIt.swift (in target 'OrbitKit' from project 'OrbitKit')
    cd /Users/runner/work/orbit/orbit/.recap-entries-probe/RecapEntriesProbe.xcodeproj
    

SwiftCompile normal arm64 /Users/runner/work/orbit/orbit/src/macos/OrbitKit/Sources/OrbitKit/App/WikiArticleLogic.swift (in target 'OrbitKit' from project 'OrbitKit')
    cd /Users/runner/work/orbit/orbit/.recap-entries-probe/RecapEntriesProbe.xcodeproj
    

SwiftCompile normal arm64 /Users/runner/work/orbit/orbit/src/macos/OrbitKit/Sources/OrbitKit/App/WikiDocLogic.swift (in target 'OrbitKit' from project 'OrbitKit')
    cd /Users/runner/work/orbit/orbit/.recap-entries-probe/RecapEntriesProbe.xcodeproj
    

SwiftCompile normal arm64 /Users/runner/work/orbit/orbit/src/macos/OrbitKit/Sources/OrbitKit/App/WikiHealthLogic.swift (in target 'OrbitKit' from project 'OrbitKit')
    cd /Users/runner/work/orbit/orbit/.recap-entries-probe/RecapEntriesProbe.xcodeproj
    

SwiftCompile normal arm64 /Users/runner/work/orbit/orbit/src/macos/OrbitKit/Sources/OrbitKit/App/WikiLogic.swift (in target 'OrbitKit' from project 'OrbitKit')
    cd /Users/runner/work/orbit/orbit/.recap-entries-probe/RecapEntriesProbe.xcodeproj
    

SwiftCompile normal arm64 /Users/runner/work/orbit/orbit/src/macos/OrbitKit/Sources/OrbitKit/App/WikiModeLogic.swift (in target 'OrbitKit' from project 'OrbitKit')
    cd /Users/runner/work/orbit/orbit/.recap-entries-probe/RecapEntriesProbe.xcodeproj
    

SwiftCompile normal arm64 /Users/runner/work/orbit/orbit/src/macos/OrbitKit/Sources/OrbitKit/App/WikiPlanLogic.swift (in target 'OrbitKit' from project 'OrbitKit')
    cd /Users/runner/work/orbit/orbit/.recap-entries-probe/RecapEntriesProbe.xcodeproj
    

SwiftCompile normal arm64 /Users/runner/work/orbit/orbit/src/macos/OrbitKit/Sources/OrbitKit/App/WikiRunsLogic.swift (in target 'OrbitKit' from project 'OrbitKit')
    cd /Users/runner/work/orbit/orbit/.recap-entries-probe/RecapEntriesProbe.xcodeproj
    

SwiftCompile normal arm64 /Users/runner/work/orbit/orbit/src/macos/OrbitKit/Sources/OrbitKit/App/WikiSpaceLogic.swift (in target 'OrbitKit' from project 'OrbitKit')
    cd /Users/runner/work/orbit/orbit/.recap-entries-probe/RecapEntriesProbe.xcodeproj
    

SwiftCompile normal arm64 /Users/runner/work/orbit/orbit/src/macos/OrbitKit/Sources/OrbitKit/App/WorkspaceActivity.swift (in target 'OrbitKit' from project 'OrbitKit')
    cd /Users/runner/work/orbit/orbit/.recap-entries-probe/RecapEntriesProbe.xcodeproj
    

SwiftCompile normal arm64 /Users/runner/work/orbit/orbit/src/macos/OrbitKit/Sources/OrbitKit/App/WorktreeBarLogic.swift (in target 'OrbitKit' from project 'OrbitKit')
    cd /Users/runner/work/orbit/orbit/.recap-entries-probe/RecapEntriesProbe.xcodeproj
    

SwiftCompile normal arm64 /Users/runner/work/orbit/orbit/src/macos/OrbitKit/Sources/OrbitKit/App/WorktreeFileFailure.swift (in target 'OrbitKit' from project 'OrbitKit')
    cd /Users/runner/work/orbit/orbit/.recap-entries-probe/RecapEntriesProbe.xcodeproj
    

SwiftCompile normal arm64 /Users/runner/work/orbit/orbit/src/macos/OrbitKit/Sources/OrbitKit/Auth/GoogleSignIn.swift (in target 'OrbitKit' from project 'OrbitKit')
    cd /Users/runner/work/orbit/orbit/.recap-entries-probe/RecapEntriesProbe.xcodeproj
    

SwiftCompile normal arm64 /Users/runner/work/orbit/orbit/src/macos/OrbitKit/Sources/OrbitKit/Auth/TokenStore.swift (in target 'OrbitKit' from project 'OrbitKit')
    cd /Users/runner/work/orbit/orbit/.recap-entries-probe/RecapEntriesProbe.xcodeproj
    

SwiftCompile normal arm64 /Users/runner/work/orbit/orbit/src/macos/OrbitKit/Sources/OrbitKit/Models/AccessTokens.swift (in target 'OrbitKit' from project 'OrbitKit')
    cd /Users/runner/work/orbit/orbit/.recap-entries-probe/RecapEntriesProbe.xcodeproj
    

SwiftCompile normal arm64 /Users/runner/work/orbit/orbit/src/macos/OrbitKit/Sources/OrbitKit/Models/Admin.swift (in target 'OrbitKit' from project 'OrbitKit')
    cd /Users/runner/work/orbit/orbit/.recap-entries-probe/RecapEntriesProbe.xcodeproj
    

SwiftCompile normal arm64 /Users/runner/work/orbit/orbit/src/macos/OrbitKit/Sources/OrbitKit/Models/Agents.swift (in target 'OrbitKit' from project 'OrbitKit')
    cd /Users/runner/work/orbit/orbit/.recap-entries-probe/RecapEntriesProbe.xcodeproj
    

SwiftCompile normal arm64 /Users/runner/work/orbit/orbit/src/macos/OrbitKit/Sources/OrbitKit/Models/CodexLogin.swift (in target 'OrbitKit' from project 'OrbitKit')
    cd /Users/runner/work/orbit/orbit/.recap-entries-probe/RecapEntriesProbe.xcodeproj
    

SwiftCompile normal arm64 /Users/runner/work/orbit/orbit/src/macos/OrbitKit/Sources/OrbitKit/Models/ControlEvent.swift (in target 'OrbitKit' from project 'OrbitKit')
    cd /Users/runner/work/orbit/orbit/.recap-entries-probe/RecapEntriesProbe.xcodeproj
    

SwiftCompile normal arm64 /Users/runner/work/orbit/orbit/src/macos/OrbitKit/Sources/OrbitKit/Models/DTOs.swift (in target 'OrbitKit' from project 'OrbitKit')
    cd /Users/runner/work/orbit/orbit/.recap-entries-probe/RecapEntriesProbe.xcodeproj
    

SwiftCompile normal arm64 /Users/runner/work/orbit/orbit/src/macos/OrbitKit/Sources/OrbitKit/Models/Enums.swift (in target 'OrbitKit' from project 'OrbitKit')
    cd /Users/runner/work/orbit/orbit/.recap-entries-probe/RecapEntriesProbe.xcodeproj
    

SwiftCompile normal arm64 /Users/runner/work/orbit/orbit/src/macos/OrbitKit/Sources/OrbitKit/Models/FieldUpdate.swift (in target 'OrbitKit' from project 'OrbitKit')
    cd /Users/runner/work/orbit/orbit/.recap-entries-probe/RecapEntriesProbe.xcodeproj
    

SwiftDriverJobDiscovery normal arm64 Compiling JSONValue.swift, LinkPreviews.swift, ManagedRunner.swift, MergeRecovery.swift, OpenListDelta.swift, Preferences.swift, ProjectDetail.swift, ProjectOwnerItems.swift, ProjectPlan.swift, Projects.swift, ProviderBalance.swift, ProviderPools.swift, Providers.swift, PublicID.swift, Push.swift, RunEvent.swift, Runners.swift, SessionCreatedTasks.swift, SessionFolder.swift, SessionMoveTargets.swift, SessionProjectMembership.swift, ShareLinks.swift, SharedPools.swift, SourceRefusal.swift (in target 'OrbitKit' from project 'OrbitKit')

SwiftCompile normal arm64 Compiling\ TaskDetailReads.swift,\ Tasks.swift,\ Watches.swift,\ Wiki.swift,\ WikiArticles.swift,\ WikiDocs.swift,\ WikiHealth.swift,\ WikiJobs.swift,\ WikiPlan.swift,\ APIClient.swift,\ SessionRefresher.swift,\ URLSession+Orbit.swift,\ ControlStream.swift,\ EventStream.swift,\ ReconnectPolicy.swift,\ SSEFrameParser.swift,\ BackgroundJobs.swift,\ BackgroundSummary.swift,\ ConfirmationReviewTurns.swift,\ DeliveredMessage.swift,\ MonospaceOutputLayout.swift,\ OpenItemDelivery.swift,\ ProjectStarted.swift,\ QuestionRecords.swift /Users/runner/work/orbit/orbit/src/macos/OrbitKit/Sources/OrbitKit/Models/TaskDetailReads.swift /Users/runner/work/orbit/orbit/src/macos/OrbitKit/Sources/OrbitKit/Models/Tasks.swift /Users/runner/work/orbit/orbit/src/macos/OrbitKit/Sources/OrbitKit/Models/Watches.swift /Users/runner/work/orbit/orbit/src/macos/OrbitKit/Sources/OrbitKit/Models/Wiki.swift /Users/runner/work/orbit/orbit/src/macos/OrbitKit/Sources/OrbitKit/Models/WikiArticles.swift /Users/runner/work/orbit/orbit/src/macos/OrbitKit/Sources/OrbitKit/Models/WikiDocs.swift /Users/runner/work/orbit/orbit/src/macos/OrbitKit/Sources/OrbitKit/Models/WikiHealth.swift /Users/runner/work/orbit/orbit/src/macos/OrbitKit/Sources/OrbitKit/Models/WikiJobs.swift /Users/runner/work/orbit/orbit/src/macos/OrbitKit/Sources/OrbitKit/Models/WikiPlan.swift /Users/runner/work/orbit/orbit/src/macos/OrbitKit/Sources/OrbitKit/Net/APIClient.swift /Users/runner/work/orbit/orbit/src/macos/OrbitKit/Sources/OrbitKit/Net/SessionRefresher.swift /Users/runner/work/orbit/orbit/src/macos/OrbitKit/Sources/OrbitKit/Net/URLSession+Orbit.swift /Users/runner/work/orbit/orbit/src/macos/OrbitKit/Sources/OrbitKit/Realtime/ControlStream.swift /Users/runner/work/orbit/orbit/src/macos/OrbitKit/Sources/OrbitKit/Realtime/EventStream.swift /Users/runner/work/orbit/orbit/src/macos/OrbitKit/Sources/OrbitKit/Realtime/ReconnectPolicy.swift /Users/runner/work/orbit/orbit/src/macos/OrbitKit/Sources/OrbitKit/Realtime/SSEFrameParser.swift /Users/runner/work/orbit/orbit/src/macos/OrbitKit/Sources/OrbitKit/Transcript/BackgroundJobs.swift /Users/runner/work/orbit/orbit/src/macos/OrbitKit/Sources/OrbitKit/Transcript/BackgroundSummary.swift /Users/runner/work/orbit/orbit/src/macos/OrbitKit/Sources/OrbitKit/Transcript/ConfirmationReviewTurns.swift /Users/runner/work/orbit/orbit/src/macos/OrbitKit/Sources/OrbitKit/Transcript/DeliveredMessage.swift /Users/runner/work/orbit/orbit/src/macos/OrbitKit/Sources/OrbitKit/Transcript/MonospaceOutputLayout.swift /Users/runner/work/orbit/orbit/src/macos/OrbitKit/Sources/OrbitKit/Transcript/OpenItemDelivery.swift /Users/runner/work/orbit/orbit/src/macos/OrbitKit/Sources/OrbitKit/Transcript/ProjectStarted.swift /Users/runner/work/orbit/orbit/src/macos/OrbitKit/Sources/OrbitKit/Transcript/QuestionRecords.swift (in target 'OrbitKit' from project 'OrbitKit')
SwiftCompile normal arm64 /Users/runner/work/orbit/orbit/src/macos/OrbitKit/Sources/OrbitKit/Models/TaskDetailReads.swift (in target 'OrbitKit' from project 'OrbitKit')
    cd /Users/runner/work/orbit/orbit/.recap-entries-probe/RecapEntriesProbe.xcodeproj
    

SwiftCompile normal arm64 /Users/runner/work/orbit/orbit/src/macos/OrbitKit/Sources/OrbitKit/Models/Tasks.swift (in target 'OrbitKit' from project 'OrbitKit')
    cd /Users/runner/work/orbit/orbit/.recap-entries-probe/RecapEntriesProbe.xcodeproj
    

SwiftCompile normal arm64 /Users/runner/work/orbit/orbit/src/macos/OrbitKit/Sources/OrbitKit/Models/Watches.swift (in target 'OrbitKit' from project 'OrbitKit')
    cd /Users/runner/work/orbit/orbit/.recap-entries-probe/RecapEntriesProbe.xcodeproj
    

SwiftCompile normal arm64 /Users/runner/work/orbit/orbit/src/macos/OrbitKit/Sources/OrbitKit/Models/Wiki.swift (in target 'OrbitKit' from project 'OrbitKit')
    cd /Users/runner/work/orbit/orbit/.recap-entries-probe/RecapEntriesProbe.xcodeproj
    

SwiftCompile normal arm64 /Users/runner/work/orbit/orbit/src/macos/OrbitKit/Sources/OrbitKit/Models/WikiArticles.swift (in target 'OrbitKit' from project 'OrbitKit')
    cd /Users/runner/work/orbit/orbit/.recap-entries-probe/RecapEntriesProbe.xcodeproj
    

SwiftCompile normal arm64 /Users/runner/work/orbit/orbit/src/macos/OrbitKit/Sources/OrbitKit/Models/WikiDocs.swift (in target 'OrbitKit' from project 'OrbitKit')
    cd /Users/runner/work/orbit/orbit/.recap-entries-probe/RecapEntriesProbe.xcodeproj
    

SwiftCompile normal arm64 /Users/runner/work/orbit/orbit/src/macos/OrbitKit/Sources/OrbitKit/Models/WikiHealth.swift (in target 'OrbitKit' from project 'OrbitKit')
    cd /Users/runner/work/orbit/orbit/.recap-entries-probe/RecapEntriesProbe.xcodeproj
    

SwiftCompile normal arm64 /Users/runner/work/orbit/orbit/src/macos/OrbitKit/Sources/OrbitKit/Models/WikiJobs.swift (in target 'OrbitKit' from project 'OrbitKit')
    cd /Users/runner/work/orbit/orbit/.recap-entries-probe/RecapEntriesProbe.xcodeproj
    

SwiftCompile normal arm64 /Users/runner/work/orbit/orbit/src/macos/OrbitKit/Sources/OrbitKit/Models/WikiPlan.swift (in target 'OrbitKit' from project 'OrbitKit')
    cd /Users/runner/work/orbit/orbit/.recap-entries-probe/RecapEntriesProbe.xcodeproj
    

SwiftCompile normal arm64 /Users/runner/work/orbit/orbit/src/macos/OrbitKit/Sources/OrbitKit/Net/APIClient.swift (in target 'OrbitKit' from project 'OrbitKit')
    cd /Users/runner/work/orbit/orbit/.recap-entries-probe/RecapEntriesProbe.xcodeproj
    

SwiftCompile normal arm64 /Users/runner/work/orbit/orbit/src/macos/OrbitKit/Sources/OrbitKit/Net/SessionRefresher.swift (in target 'OrbitKit' from project 'OrbitKit')
    cd /Users/runner/work/orbit/orbit/.recap-entries-probe/RecapEntriesProbe.xcodeproj
    

SwiftCompile normal arm64 /Users/runner/work/orbit/orbit/src/macos/OrbitKit/Sources/OrbitKit/Net/URLSession+Orbit.swift (in target 'OrbitKit' from project 'OrbitKit')
    cd /Users/runner/work/orbit/orbit/.recap-entries-probe/RecapEntriesProbe.xcodeproj
    

SwiftCompile normal arm64 /Users/runner/work/orbit/orbit/src/macos/OrbitKit/Sources/OrbitKit/Realtime/ControlStream.swift (in target 'OrbitKit' from project 'OrbitKit')
    cd /Users/runner/work/orbit/orbit/.recap-entries-probe/RecapEntriesProbe.xcodeproj
    

SwiftCompile normal arm64 /Users/runner/work/orbit/orbit/src/macos/OrbitKit/Sources/OrbitKit/Realtime/EventStream.swift (in target 'OrbitKit' from project 'OrbitKit')
    cd /Users/runner/work/orbit/orbit/.recap-entries-probe/RecapEntriesProbe.xcodeproj
    

SwiftCompile normal arm64 /Users/runner/work/orbit/orbit/src/macos/OrbitKit/Sources/OrbitKit/Realtime/ReconnectPolicy.swift (in target 'OrbitKit' from project 'OrbitKit')
    cd /Users/runner/work/orbit/orbit/.recap-entries-probe/RecapEntriesProbe.xcodeproj
    

SwiftCompile normal arm64 /Users/runner/work/orbit/orbit/src/macos/OrbitKit/Sources/OrbitKit/Realtime/SSEFrameParser.swift (in target 'OrbitKit' from project 'OrbitKit')
    cd /Users/runner/work/orbit/orbit/.recap-entries-probe/RecapEntriesProbe.xcodeproj
    

SwiftCompile normal arm64 /Users/runner/work/orbit/orbit/src/macos/OrbitKit/Sources/OrbitKit/Transcript/BackgroundJobs.swift (in target 'OrbitKit' from project 'OrbitKit')
    cd /Users/runner/work/orbit/orbit/.recap-entries-probe/RecapEntriesProbe.xcodeproj
    

SwiftCompile normal arm64 /Users/runner/work/orbit/orbit/src/macos/OrbitKit/Sources/OrbitKit/Transcript/BackgroundSummary.swift (in target 'OrbitKit' from project 'OrbitKit')
    cd /Users/runner/work/orbit/orbit/.recap-entries-probe/RecapEntriesProbe.xcodeproj
    

SwiftCompile normal arm64 /Users/runner/work/orbit/orbit/src/macos/OrbitKit/Sources/OrbitKit/Transcript/ConfirmationReviewTurns.swift (in target 'OrbitKit' from project 'OrbitKit')
    cd /Users/runner/work/orbit/orbit/.recap-entries-probe/RecapEntriesProbe.xcodeproj
    

SwiftCompile normal arm64 /Users/runner/work/orbit/orbit/src/macos/OrbitKit/Sources/OrbitKit/Transcript/DeliveredMessage.swift (in target 'OrbitKit' from project 'OrbitKit')
    cd /Users/runner/work/orbit/orbit/.recap-entries-probe/RecapEntriesProbe.xcodeproj
    

SwiftCompile normal arm64 /Users/runner/work/orbit/orbit/src/macos/OrbitKit/Sources/OrbitKit/Transcript/MonospaceOutputLayout.swift (in target 'OrbitKit' from project 'OrbitKit')
    cd /Users/runner/work/orbit/orbit/.recap-entries-probe/RecapEntriesProbe.xcodeproj
    

SwiftCompile normal arm64 /Users/runner/work/orbit/orbit/src/macos/OrbitKit/Sources/OrbitKit/Transcript/OpenItemDelivery.swift (in target 'OrbitKit' from project 'OrbitKit')
    cd /Users/runner/work/orbit/orbit/.recap-entries-probe/RecapEntriesProbe.xcodeproj
    

SwiftCompile normal arm64 /Users/runner/work/orbit/orbit/src/macos/OrbitKit/Sources/OrbitKit/Transcript/ProjectStarted.swift (in target 'OrbitKit' from project 'OrbitKit')
    cd /Users/runner/work/orbit/orbit/.recap-entries-probe/RecapEntriesProbe.xcodeproj
    

SwiftCompile normal arm64 /Users/runner/work/orbit/orbit/src/macos/OrbitKit/Sources/OrbitKit/Transcript/QuestionRecords.swift (in target 'OrbitKit' from project 'OrbitKit')
    cd /Users/runner/work/orbit/orbit/.recap-entries-probe/RecapEntriesProbe.xcodeproj
    

SwiftDriverJobDiscovery normal arm64 Compiling ReferencedTask.swift, ScrubRailGeometry.swift, SessionMessage.swift, SessionPreviewImages.swift, SessionRequest.swift, SessionStore.swift, SteerDelivery.swift, StickyQuestionHold.swift, StickySummary.swift, TailPinning.swift, TaskProgress.swift, TaskProgressCopy.swift, TaskStart.swift, ThinkingSummary.swift, ToolDisplay.swift, ToolGroupSummary.swift, ToolResultContent.swift, Transcript.swift, TranscriptRecordAnchor.swift, TranscriptReducer.swift, TranscriptRows.swift, TranscriptStore.swift, TurnCards.swift (in target 'OrbitKit' from project 'OrbitKit')

SwiftDriverJobDiscovery normal arm64 Compiling OrbitLinkDestination.swift, OrbitLinkPlacement.swift, OrbitLinkStore.swift, OwnerConfirmation.swift, OwnerConfirmationReview.swift, OwnerItemCards.swift, PendingSessionOperations.swift, PinnedCache.swift, ProjectAttention.swift, ProjectCrossings.swift, ProjectDone.swift, ProjectGraphLayout.swift, ProjectPage.swift, ProjectPageSections.swift, ProjectRunSettings.swift, ProjectTimeline.swift, ProviderEngines.swift, ProviderPoolLogic.swift, ProvidersOverview.swift, RecentsLogic.swift, RefreshControlClearance.swift, RelativeTime.swift, RetryRoute.swift, RowSwipeGeometry.swift (in target 'OrbitKit' from project 'OrbitKit')

ProcessProductPackaging "" /Users/runner/work/orbit/orbit/.recap-entries-probe/.dd-mac/Build/Intermediates.noindex/RecapEntriesProbe.build/Debug/RecapEntriesMacProbe.build/RecapEntriesMacProbe.app.xcent (in target 'RecapEntriesMacProbe' from project 'RecapEntriesProbe')
    cd /Users/runner/work/orbit/orbit/.recap-entries-probe
    
    Entitlements:
    
    {
    "com.apple.security.get-task-allow" = 1;
}
    
    builtin-productPackagingUtility -entitlements -format xml -o /Users/runner/work/orbit/orbit/.recap-entries-probe/.dd-mac/Build/Intermediates.noindex/RecapEntriesProbe.build/Debug/RecapEntriesMacProbe.build/RecapEntriesMacProbe.app.xcent

ProcessProductPackagingDER /Users/runner/work/orbit/orbit/.recap-entries-probe/.dd-mac/Build/Intermediates.noindex/RecapEntriesProbe.build/Debug/RecapEntriesMacProbe.build/RecapEntriesMacProbe.app.xcent /Users/runner/work/orbit/orbit/.recap-entries-probe/.dd-mac/Build/Intermediates.noindex/RecapEntriesProbe.build/Debug/RecapEntriesMacProbe.build/RecapEntriesMacProbe.app.xcent.der (in target 'RecapEntriesMacProbe' from project 'RecapEntriesProbe')
    cd /Users/runner/work/orbit/orbit/.recap-entries-probe
    /usr/bin/derq query -f xml -i /Users/runner/work/orbit/orbit/.recap-entries-probe/.dd-mac/Build/Intermediates.noindex/RecapEntriesProbe.build/Debug/RecapEntriesMacProbe.build/RecapEntriesMacProbe.app.xcent -o /Users/runner/work/orbit/orbit/.recap-entries-probe/.dd-mac/Build/Intermediates.noindex/RecapEntriesProbe.build/Debug/RecapEntriesMacProbe.build/RecapEntriesMacProbe.app.xcent.der --raw

MkDir /Users/runner/work/orbit/orbit/.recap-entries-probe/.dd-mac/Build/Intermediates.noindex/RecapEntriesProbe.build/Debug/RecapEntriesMacProbe.build/assetcatalog_output/unthinned (in target 'RecapEntriesMacProbe' from project 'RecapEntriesProbe')
    cd /Users/runner/work/orbit/orbit/.recap-entries-probe
    /bin/mkdir -p /Users/runner/work/orbit/orbit/.recap-entries-probe/.dd-mac/Build/Intermediates.noindex/RecapEntriesProbe.build/Debug/RecapEntriesMacProbe.build/assetcatalog_output/unthinned

MkDir /Users/runner/work/orbit/orbit/.recap-entries-probe/.dd-mac/Build/Intermediates.noindex/RecapEntriesProbe.build/Debug/RecapEntriesMacProbe.build/assetcatalog_output/thinned (in target 'RecapEntriesMacProbe' from project 'RecapEntriesProbe')
    cd /Users/runner/work/orbit/orbit/.recap-entries-probe
    /bin/mkdir -p /Users/runner/work/orbit/orbit/.recap-entries-probe/.dd-mac/Build/Intermediates.noindex/RecapEntriesProbe.build/Debug/RecapEntriesMacProbe.build/assetcatalog_output/thinned

GenerateAssetSymbols /Users/runner/work/orbit/orbit/src/macos/Assets.xcassets (in target 'RecapEntriesMacProbe' from project 'RecapEntriesProbe')
    cd /Users/runner/work/orbit/orbit/.recap-entries-probe
    /Applications/Xcode_26.6.app/Contents/Developer/usr/bin/actool /Users/runner/work/orbit/orbit/src/macos/Assets.xcassets --compile /Users/runner/work/orbit/orbit/.recap-entries-probe/.dd-mac/Build/Products/Debug/RecapEntriesMacProbe.app/Contents/Resources --output-format human-readable-text --notices --warnings --export-dependency-info /Users/runner/work/orbit/orbit/.recap-entries-probe/.dd-mac/Build/Intermediates.noindex/RecapEntriesProbe.build/Debug/RecapEntriesMacProbe.build/assetcatalog_dependencies --output-partial-info-plist /Users/runner/work/orbit/orbit/.recap-entries-probe/.dd-mac/Build/Intermediates.noindex/RecapEntriesProbe.build/Debug/RecapEntriesMacProbe.build/assetcatalog_generated_info.plist --app-icon AppIcon --enable-on-demand-resources NO --development-region en --target-device mac --minimum-deployment-target 14.0 --platform macosx --bundle-identifier io.orbitd.recapentriesmacprobe --generate-swift-asset-symbol-extensions NO --generate-swift-asset-symbols /Users/runner/work/orbit/orbit/.recap-entries-probe/.dd-mac/Build/Intermediates.noindex/RecapEntriesProbe.build/Debug/RecapEntriesMacProbe.build/DerivedSources/GeneratedAssetSymbols.swift --generate-objc-asset-symbols /Users/runner/work/orbit/orbit/.recap-entries-probe/.dd-mac/Build/Intermediates.noindex/RecapEntriesProbe.build/Debug/RecapEntriesMacProbe.build/DerivedSources/GeneratedAssetSymbols.h --generate-asset-symbol-index /Users/runner/work/orbit/orbit/.recap-entries-probe/.dd-mac/Build/Intermediates.noindex/RecapEntriesProbe.build/Debug/RecapEntriesMacProbe.build/DerivedSources/GeneratedAssetSymbols-Index.plist
/* com.apple.actool.compilation-results */
/Users/runner/work/orbit/orbit/.recap-entries-probe/.dd-mac/Build/Intermediates.noindex/RecapEntriesProbe.build/Debug/RecapEntriesMacProbe.build/DerivedSources/GeneratedAssetSymbols-Index.plist
/Users/runner/work/orbit/orbit/.recap-entries-probe/.dd-mac/Build/Intermediates.noindex/RecapEntriesProbe.build/Debug/RecapEntriesMacProbe.build/DerivedSources/GeneratedAssetSymbols.h
/Users/runner/work/orbit/orbit/.recap-entries-probe/.dd-mac/Build/Intermediates.noindex/RecapEntriesProbe.build/Debug/RecapEntriesMacProbe.build/DerivedSources/GeneratedAssetSymbols.swift


CompileAssetCatalogVariant thinned /Users/runner/work/orbit/orbit/.recap-entries-probe/.dd-mac/Build/Products/Debug/RecapEntriesMacProbe.app/Contents/Resources /Users/runner/work/orbit/orbit/src/macos/Assets.xcassets (in target 'RecapEntriesMacProbe' from project 'RecapEntriesProbe')
    cd /Users/runner/work/orbit/orbit/.recap-entries-probe
    /Applications/Xcode_26.6.app/Contents/Developer/usr/bin/actool /Users/runner/work/orbit/orbit/src/macos/Assets.xcassets --compile /Users/runner/work/orbit/orbit/.recap-entries-probe/.dd-mac/Build/Intermediates.noindex/RecapEntriesProbe.build/Debug/RecapEntriesMacProbe.build/assetcatalog_output/thinned --output-format human-readable-text --notices --warnings --export-dependency-info /Users/runner/work/orbit/orbit/.recap-entries-probe/.dd-mac/Build/Intermediates.noindex/RecapEntriesProbe.build/Debug/RecapEntriesMacProbe.build/assetcatalog_dependencies_thinned --output-partial-info-plist /Users/runner/work/orbit/orbit/.recap-entries-probe/.dd-mac/Build/Intermediates.noindex/RecapEntriesProbe.build/Debug/RecapEntriesMacProbe.build/assetcatalog_generated_info.plist_thinned --app-icon AppIcon --enable-on-demand-resources NO --development-region en --target-device mac --minimum-deployment-target 14.0 --platform macosx
/* com.apple.actool.compilation-results */
/Users/runner/work/orbit/orbit/.recap-entries-probe/.dd-mac/Build/Intermediates.noindex/RecapEntriesProbe.build/Debug/RecapEntriesMacProbe.build/assetcatalog_generated_info.plist_thinned
/Users/runner/work/orbit/orbit/.recap-entries-probe/.dd-mac/Build/Intermediates.noindex/RecapEntriesProbe.build/Debug/RecapEntriesMacProbe.build/assetcatalog_output/thinned/AppIcon.icns
/Users/runner/work/orbit/orbit/.recap-entries-probe/.dd-mac/Build/Intermediates.noindex/RecapEntriesProbe.build/Debug/RecapEntriesMacProbe.build/assetcatalog_output/thinned/Assets.car


LinkAssetCatalog /Users/runner/work/orbit/orbit/src/macos/Assets.xcassets (in target 'RecapEntriesMacProbe' from project 'RecapEntriesProbe')
    cd /Users/runner/work/orbit/orbit/.recap-entries-probe
    builtin-linkAssetCatalog --thinned /Users/runner/work/orbit/orbit/.recap-entries-probe/.dd-mac/Build/Intermediates.noindex/RecapEntriesProbe.build/Debug/RecapEntriesMacProbe.build/assetcatalog_output/thinned --thinned-dependencies /Users/runner/work/orbit/orbit/.recap-entries-probe/.dd-mac/Build/Intermediates.noindex/RecapEntriesProbe.build/Debug/RecapEntriesMacProbe.build/assetcatalog_dependencies_thinned --thinned-info-plist-content /Users/runner/work/orbit/orbit/.recap-entries-probe/.dd-mac/Build/Intermediates.noindex/RecapEntriesProbe.build/Debug/RecapEntriesMacProbe.build/assetcatalog_generated_info.plist_thinned --unthinned /Users/runner/work/orbit/orbit/.recap-entries-probe/.dd-mac/Build/Intermediates.noindex/RecapEntriesProbe.build/Debug/RecapEntriesMacProbe.build/assetcatalog_output/unthinned --unthinned-dependencies /Users/runner/work/orbit/orbit/.recap-entries-probe/.dd-mac/Build/Intermediates.noindex/RecapEntriesProbe.build/Debug/RecapEntriesMacProbe.build/assetcatalog_dependencies_unthinned --unthinned-info-plist-content /Users/runner/work/orbit/orbit/.recap-entries-probe/.dd-mac/Build/Intermediates.noindex/RecapEntriesProbe.build/Debug/RecapEntriesMacProbe.build/assetcatalog_generated_info.plist_unthinned --output /Users/runner/work/orbit/orbit/.recap-entries-probe/.dd-mac/Build/Products/Debug/RecapEntriesMacProbe.app/Contents/Resources --plist-output /Users/runner/work/orbit/orbit/.recap-entries-probe/.dd-mac/Build/Intermediates.noindex/RecapEntriesProbe.build/Debug/RecapEntriesMacProbe.build/assetcatalog_generated_info.plist
note: Emplaced /Users/runner/work/orbit/orbit/.recap-entries-probe/.dd-mac/Build/Products/Debug/RecapEntriesMacProbe.app/Contents/Resources/Assets.car (in target 'RecapEntriesMacProbe' from project 'RecapEntriesProbe')
note: Emplaced /Users/runner/work/orbit/orbit/.recap-entries-probe/.dd-mac/Build/Products/Debug/RecapEntriesMacProbe.app/Contents/Resources/AppIcon.icns (in target 'RecapEntriesMacProbe' from project 'RecapEntriesProbe')

SwiftDriver RecapEntriesMacProbe normal arm64 com.apple.xcode.tools.swift.compiler (in target 'RecapEntriesMacProbe' from project 'RecapEntriesProbe')
    cd /Users/runner/work/orbit/orbit/.recap-entries-probe
    builtin-SwiftDriver -- /Applications/Xcode_26.6.app/Contents/Developer/Toolchains/XcodeDefault.xctoolchain/usr/bin/swiftc -module-name RecapEntriesMacProbe -Onone @/Users/runner/work/orbit/orbit/.recap-entries-probe/.dd-mac/Build/Intermediates.noindex/RecapEntriesProbe.build/Debug/RecapEntriesMacProbe.build/Objects-normal/arm64/RecapEntriesMacProbe.SwiftFileList -DDEBUG -enable-bare-slash-regex -enable-experimental-feature DebugDescriptionMacro -sdk /Applications/Xcode_26.6.app/Contents/Developer/Platforms/MacOSX.platform/Developer/SDKs/MacOSX26.5.sdk -target arm64-apple-macos14.0 -g -module-cache-path /Users/runner/work/orbit/orbit/.recap-entries-probe/.dd-mac/ModuleCache.noindex -Xfrontend -serialize-debugging-options -enable-testing -index-store-path /Users/runner/work/orbit/orbit/.recap-entries-probe/.dd-mac/Index.noindex/DataStore -Xcc -D_LIBCPP_HARDENING_MODE\=_LIBCPP_HARDENING_MODE_DEBUG -swift-version 5 -I /Users/runner/work/orbit/orbit/.recap-entries-probe/.dd-mac/Build/Products/Debug -F /Users/runner/work/orbit/orbit/.recap-entries-probe/.dd-mac/Build/Products/Debug/PackageFrameworks -F /Users/runner/work/orbit/orbit/.recap-entries-probe/.dd-mac/Build/Products/Debug/PackageFrameworks -F /Users/runner/work/orbit/orbit/.recap-entries-probe/.dd-mac/Build/Products/Debug/PackageFrameworks -F /Users/runner/work/orbit/orbit/.recap-entries-probe/.dd-mac/Build/Products/Debug/PackageFrameworks -F /Users/runner/work/orbit/orbit/.recap-entries-probe/.dd-mac/Build/Products/Debug/PackageFrameworks -F /Users/runner/work/orbit/orbit/.recap-entries-probe/.dd-mac/Build/Products/Debug -c -j3 -enable-batch-mode -incremental -Xcc -ivfsstatcache -Xcc /Users/runner/work/orbit/orbit/.recap-entries-probe/.dd-mac/SDKStatCaches.noindex/macosx26.5-25F70-688ef53f1462e2c8f657fdc38a81448fee0e6409aa6676c5e6c013d148225433.sdkstatcache -output-file-map /Users/runner/work/orbit/orbit/.recap-entries-probe/.dd-mac/Build/Intermediates.noindex/RecapEntriesProbe.build/Debug/RecapEntriesMacProbe.build/Objects-normal/arm64/RecapEntriesMacProbe-OutputFileMap.json -use-frontend-parseable-output -save-temps -no-color-diagnostics -explicit-module-build -module-cache-path /Users/runner/work/orbit/orbit/.recap-entries-probe/.dd-mac/Build/Intermediates.noindex/SwiftExplicitPrecompiledModules -clang-scanner-module-cache-path /Users/runner/work/orbit/orbit/.recap-entries-probe/.dd-mac/ModuleCache.noindex -sdk-module-cache-path /Users/runner/work/orbit/orbit/.recap-entries-probe/.dd-mac/ModuleCache.noindex -serialize-diagnostics -emit-dependencies -emit-module -emit-module-path /Users/runner/work/orbit/orbit/.recap-entries-probe/.dd-mac/Build/Intermediates.noindex/RecapEntriesProbe.build/Debug/RecapEntriesMacProbe.build/Objects-normal/arm64/RecapEntriesMacProbe.swiftmodule -validate-clang-modules-once -clang-build-session-file /Users/runner/work/orbit/orbit/.recap-entries-probe/.dd-mac/ModuleCache.noindex/Session.modulevalidation -Xcc -I/Users/runner/work/orbit/orbit/.recap-entries-probe/.dd-mac/Build/Intermediates.noindex/RecapEntriesProbe.build/Debug/RecapEntriesMacProbe.build/swift-overrides.hmap -emit-const-values -Xfrontend -const-gather-protocols-file -Xfrontend /Users/runner/work/orbit/orbit/.recap-entries-probe/.dd-mac/Build/Intermediates.noindex/RecapEntriesProbe.build/Debug/RecapEntriesMacProbe.build/Objects-normal/arm64/RecapEntriesMacProbe_const_extract_protocols.json -Xcc -iquote -Xcc /Users/runner/work/orbit/orbit/.recap-entries-probe/.dd-mac/Build/Intermediates.noindex/RecapEntriesProbe.build/Debug/RecapEntriesMacProbe.build/RecapEntriesMacProbe-generated-files.hmap -Xcc -I/Users/runner/work/orbit/orbit/.recap-entries-probe/.dd-mac/Build/Intermediates.noindex/RecapEntriesProbe.build/Debug/RecapEntriesMacProbe.build/RecapEntriesMacProbe-own-target-headers.hmap -Xcc -I/Users/runner/work/orbit/orbit/.recap-entries-probe/.dd-mac/Build/Intermediates.noindex/RecapEntriesProbe.build/Debug/RecapEntriesMacProbe.build/RecapEntriesMacProbe-all-non-framework-target-headers.hmap -Xcc -ivfsoverlay -Xcc /Users/runner/work/orbit/orbit/.recap-entries-probe/.dd-mac/Build/Intermediates.noindex/RecapEntriesProbe.build/Debug/RecapEntriesProbe-20d14421e9c9095d1e064bca5386643e-VFS/all-product-headers.yaml -Xcc -iquote -Xcc /Users/runner/work/orbit/orbit/.recap-entries-probe/.dd-mac/Build/Intermediates.noindex/RecapEntriesProbe.build/Debug/RecapEntriesMacProbe.build/RecapEntriesMacProbe-project-headers.hmap -Xcc -I/Users/runner/work/orbit/orbit/.recap-entries-probe/.dd-mac/SourcePackages/checkouts/swift-cmark/src/include -Xcc -I/Users/runner/work/orbit/orbit/.recap-entries-probe/.dd-mac/SourcePackages/checkouts/swift-cmark/extensions/include -Xcc -I/Users/runner/work/orbit/orbit/.recap-entries-probe/.dd-mac/SourcePackages/checkouts/swift-markdown/Sources/CAtomic/include -Xcc -I/Users/runner/work/orbit/orbit/.recap-entries-probe/.dd-mac/Build/Products/Debug/include -Xcc -I/Users/runner/work/orbit/orbit/.recap-entries-probe/.dd-mac/Build/Intermediates.noindex/RecapEntriesProbe.build/Debug/RecapEntriesMacProbe.build/DerivedSources-normal/arm64 -Xcc -I/Users/runner/work/orbit/orbit/.recap-entries-probe/.dd-mac/Build/Intermediates.noindex/RecapEntriesProbe.build/Debug/RecapEntriesMacProbe.build/DerivedSources/arm64 -Xcc -I/Users/runner/work/orbit/orbit/.recap-entries-probe/.dd-mac/Build/Intermediates.noindex/RecapEntriesProbe.build/Debug/RecapEntriesMacProbe.build/DerivedSources -Xcc -DDEBUG\=1 -emit-objc-header -emit-objc-header-path /Users/runner/work/orbit/orbit/.recap-entries-probe/.dd-mac/Build/Intermediates.noindex/RecapEntriesProbe.build/Debug/RecapEntriesMacProbe.build/Objects-normal/arm64/RecapEntriesMacProbe-Swift.h -working-directory /Users/runner/work/orbit/orbit/.recap-entries-probe -experimental-emit-module-separately -disable-cmo

SwiftExplicitDependencyGeneratePcm arm64 /Users/runner/work/orbit/orbit/.recap-entries-probe/.dd-mac/ModuleCache.noindex/_Builtin_stddef-29QWUL0BBXNJ6GFDR2ZFKBIIX.pcm

SwiftExplicitDependencyGeneratePcm arm64 /Users/runner/work/orbit/orbit/.recap-entries-probe/.dd-mac/ModuleCache.noindex/DeveloperToolsSupport-E9PCRFMXXW233LOF6EOG3YU39.pcm

SwiftExplicitDependencyGeneratePcm arm64 /Users/runner/work/orbit/orbit/.recap-entries-probe/.dd-mac/ModuleCache.noindex/ptrauth-7YAZ2W22GV8V931M0A3H4AXIT.pcm

SwiftExplicitDependencyGeneratePcm arm64 /Users/runner/work/orbit/orbit/.recap-entries-probe/.dd-mac/ModuleCache.noindex/SwiftShims-1TRS11OWOTOS6LKGUDEE6SKH1.pcm

SwiftExplicitDependencyGeneratePcm arm64 /Users/runner/work/orbit/orbit/.recap-entries-probe/.dd-mac/ModuleCache.noindex/_Builtin_float-9KIQ5CGUC8D9W5M6VIF34VAVQ.pcm

SwiftExplicitDependencyGeneratePcm arm64 /Users/runner/work/orbit/orbit/.recap-entries-probe/.dd-mac/ModuleCache.noindex/_SwiftConcurrencyShims-8V1VBI94XLXUFXT3RQ213V4B.pcm

SwiftExplicitDependencyGeneratePcm arm64 /Users/runner/work/orbit/orbit/.recap-entries-probe/.dd-mac/ModuleCache.noindex/ptrcheck-3BZULONUJHR25F60EWAR07EFI.pcm

SwiftExplicitDependencyGeneratePcm arm64 /Users/runner/work/orbit/orbit/.recap-entries-probe/.dd-mac/ModuleCache.noindex/_Builtin_stdbool-71TUK52EUSCZNVSVT94PBG386.pcm

SwiftExplicitDependencyGeneratePcm arm64 /Users/runner/work/orbit/orbit/.recap-entries-probe/.dd-mac/ModuleCache.noindex/_AvailabilityInternal-1XU9EE7T8GFR83JOHF5PYP0BQ.pcm

SwiftExplicitDependencyGeneratePcm arm64 /Users/runner/work/orbit/orbit/.recap-entries-probe/.dd-mac/ModuleCache.noindex/_Builtin_stdarg-2HD4D38LQUOJJ3JJ04KX7UD3O.pcm

SwiftExplicitDependencyGeneratePcm arm64 /Users/runner/work/orbit/orbit/.recap-entries-probe/.dd-mac/ModuleCache.noindex/_DarwinFoundation1-C6WQTTNQ623CD3H1FHR28JEWS.pcm

SwiftExplicitDependencyGeneratePcm arm64 /Users/runner/work/orbit/orbit/.recap-entries-probe/.dd-mac/ModuleCache.noindex/_Builtin_limits-4E3X4C23NVDRHPLYX4WJO33JD.pcm

SwiftExplicitDependencyGeneratePcm arm64 /Users/runner/work/orbit/orbit/.recap-entries-probe/.dd-mac/ModuleCache.noindex/_DarwinFoundation2-DXTMLIPCE5LBPQVP3LEFP53CJ.pcm

SwiftExplicitDependencyGeneratePcm arm64 /Users/runner/work/orbit/orbit/.recap-entries-probe/.dd-mac/ModuleCache.noindex/_Builtin_stdint-6H3PKVUGUF6AKY1S3W92Y9WXS.pcm

SwiftExplicitDependencyGeneratePcm arm64 /Users/runner/work/orbit/orbit/.recap-entries-probe/.dd-mac/ModuleCache.noindex/sys_types-F5FOLYLV681NWDKBW0GQ0FLLJ.pcm

SwiftExplicitDependencyGeneratePcm arm64 /Users/runner/work/orbit/orbit/.recap-entries-probe/.dd-mac/Build/Intermediates.noindex/SwiftExplicitPrecompiledModules/CAtomic-577EF7IBC1I0360PFRO8T48YB.pcm

SwiftExplicitDependencyGeneratePcm arm64 /Users/runner/work/orbit/orbit/.recap-entries-probe/.dd-mac/ModuleCache.noindex/_Builtin_intrinsics-92F70V8VFBVPO3P3Q620ITEB.pcm

SwiftExplicitDependencyGeneratePcm arm64 /Users/runner/work/orbit/orbit/.recap-entries-probe/.dd-mac/ModuleCache.noindex/libDER-CUYXXGXLQG1IB4T6ZH4W4BMK9.pcm

SwiftExplicitDependencyGeneratePcm arm64 /Users/runner/work/orbit/orbit/.recap-entries-probe/.dd-mac/ModuleCache.noindex/_Builtin_stdatomic-7IUHH3YZNZCRBJ28ODUR7GV4P.pcm

SwiftExplicitDependencyGeneratePcm arm64 /Users/runner/work/orbit/orbit/.recap-entries-probe/.dd-mac/ModuleCache.noindex/_Builtin_tgmath-8L3KX2KWMHMGSR24HRC0BDFVH.pcm

SwiftExplicitDependencyGeneratePcm arm64 /Users/runner/work/orbit/orbit/.recap-entries-probe/.dd-mac/ModuleCache.noindex/_DarwinFoundation3-BTEZBOU9KAZ6N6AT0CPXHAFQ2.pcm

SwiftExplicitDependencyGeneratePcm arm64 /Users/runner/work/orbit/orbit/.recap-entries-probe/.dd-mac/ModuleCache.noindex/simd-BZSET5WNPWI841CMPT53P7JK9.pcm

SwiftExplicitDependencyGeneratePcm arm64 /Users/runner/work/orbit/orbit/.recap-entries-probe/.dd-mac/Build/Intermediates.noindex/SwiftExplicitPrecompiledModules/cmark_gfm-AUZFZCPI6PBOO1N9J8G70UT0I.pcm

SwiftExplicitDependencyGeneratePcm arm64 /Users/runner/work/orbit/orbit/.recap-entries-probe/.dd-mac/ModuleCache.noindex/Spatial-1NAXXEUBWMPDJZB3GX8USKOTW.pcm

SwiftExplicitDependencyGeneratePcm arm64 /Users/runner/work/orbit/orbit/.recap-entries-probe/.dd-mac/Build/Intermediates.noindex/SwiftExplicitPrecompiledModules/cmark_gfm_extensions-4D1BAH1OE7K3TNDOIIRGZCC0Q.pcm

SwiftExplicitDependencyGeneratePcm arm64 /Users/runner/work/orbit/orbit/.recap-entries-probe/.dd-mac/ModuleCache.noindex/_Builtin_inttypes-BBFZZU5K33YGFET49U0PY5HWS.pcm

SwiftExplicitDependencyGeneratePcm arm64 /Users/runner/work/orbit/orbit/.recap-entries-probe/.dd-mac/ModuleCache.noindex/OpenGL-15V4O2AV6CQPWY3U4AD3ZD632.pcm

SwiftExplicitDependencyGeneratePcm arm64 /Users/runner/work/orbit/orbit/.recap-entries-probe/.dd-mac/ModuleCache.noindex/Darwin-BWMSIF63IUTREOFE4A33UUDD0.pcm

SwiftExplicitDependencyGeneratePcm arm64 /Users/runner/work/orbit/orbit/.recap-entries-probe/.dd-mac/ModuleCache.noindex/CUPS-278SJ5TP7BXUVCAB7S3G5NS4S.pcm

SwiftExplicitDependencyGeneratePcm arm64 /Users/runner/work/orbit/orbit/.recap-entries-probe/.dd-mac/ModuleCache.noindex/launch-17NU75LZOZFNRWW6RFD1Z5L4D.pcm

SwiftExplicitDependencyGeneratePcm arm64 /Users/runner/work/orbit/orbit/.recap-entries-probe/.dd-mac/ModuleCache.noindex/libkern-9Y52LOQFXJKLV0SHQCZG4CK95.pcm

SwiftExplicitDependencyGeneratePcm arm64 /Users/runner/work/orbit/orbit/.recap-entries-probe/.dd-mac/ModuleCache.noindex/MachO-82LIFDNDM7FV7ZJ75N08ZR9XO.pcm

SwiftExplicitDependencyGeneratePcm arm64 /Users/runner/work/orbit/orbit/.recap-entries-probe/.dd-mac/ModuleCache.noindex/ObjectiveC-4Y3JYF5QKC8V7KTGTXWSAKS0M.pcm

SwiftExplicitDependencyGeneratePcm arm64 /Users/runner/work/orbit/orbit/.recap-entries-probe/.dd-mac/ModuleCache.noindex/os_object-ER56PGJ886LMZTK20V13MY8KP.pcm

SwiftExplicitDependencyGeneratePcm arm64 /Users/runner/work/orbit/orbit/.recap-entries-probe/.dd-mac/ModuleCache.noindex/os_workgroup-DFHEHQAU2GO8I8HDMDOWUJLJG.pcm

SwiftExplicitDependencyGeneratePcm arm64 /Users/runner/work/orbit/orbit/.recap-entries-probe/.dd-mac/ModuleCache.noindex/Dispatch-DO71BUAHIHM7PQOHJI0LA3GR2.pcm

SwiftExplicitDependencyGeneratePcm arm64 /Users/runner/work/orbit/orbit/.recap-entries-probe/.dd-mac/ModuleCache.noindex/dnssd-A9O01LHN3QV7PJ23GNNP9Y461.pcm

SwiftExplicitDependencyGeneratePcm arm64 /Users/runner/work/orbit/orbit/.recap-entries-probe/.dd-mac/ModuleCache.noindex/XPC-C4T4Q8IXGCQ1FZQF51J3CLUS4.pcm

SwiftExplicitDependencyGeneratePcm arm64 /Users/runner/work/orbit/orbit/.recap-entries-probe/.dd-mac/ModuleCache.noindex/CoreFoundation-4EU7T2XRRA46CVYC4FTTLPHM2.pcm

SwiftExplicitDependencyGeneratePcm arm64 /Users/runner/work/orbit/orbit/.recap-entries-probe/.dd-mac/ModuleCache.noindex/os-AURID4GC0WC5Y2D4UIFTXFQJI.pcm

SwiftExplicitDependencyGeneratePcm arm64 /Users/runner/work/orbit/orbit/.recap-entries-probe/.dd-mac/ModuleCache.noindex/CFNetwork-82CWN02G91V0I8EG0WE71QCMN.pcm

SwiftExplicitDependencyGeneratePcm arm64 /Users/runner/work/orbit/orbit/.recap-entries-probe/.dd-mac/ModuleCache.noindex/IOKit-DLW83429FNBJCLIOA2MXNHMIN.pcm

SwiftExplicitDependencyGeneratePcm arm64 /Users/runner/work/orbit/orbit/.recap-entries-probe/.dd-mac/ModuleCache.noindex/ColorSync-8CWKVILTA4ZVN702PZXIWKNP4.pcm

SwiftExplicitDependencyGeneratePcm arm64 /Users/runner/work/orbit/orbit/.recap-entries-probe/.dd-mac/ModuleCache.noindex/DiskArbitration-3K63A9X6ZXDUT1MBEP6TQXSOE.pcm

SwiftExplicitDependencyGeneratePcm arm64 /Users/runner/work/orbit/orbit/.recap-entries-probe/.dd-mac/ModuleCache.noindex/Security-882ZLIPQZBIBTO0XVNN7N6P4T.pcm

SwiftExplicitDependencyGeneratePcm arm64 /Users/runner/work/orbit/orbit/.recap-entries-probe/.dd-mac/ModuleCache.noindex/CoreGraphics-EUQSZHLBS96UBHOGN7U5W6QQ6.pcm

SwiftExplicitDependencyGeneratePcm arm64 /Users/runner/work/orbit/orbit/.recap-entries-probe/.dd-mac/ModuleCache.noindex/CoreServices-1G8B5QZXLDVOVN0SP9CAP3JWD.pcm

SwiftExplicitDependencyGeneratePcm arm64 /Users/runner/work/orbit/orbit/.recap-entries-probe/.dd-mac/ModuleCache.noindex/ImageIO-225JNQBELA9LH46XR258L4FTA.pcm

SwiftExplicitDependencyGeneratePcm arm64 /Users/runner/work/orbit/orbit/.recap-entries-probe/.dd-mac/ModuleCache.noindex/CoreText-2QJGK8SK1TSMJUN5L0GNAQWX6.pcm

SwiftExplicitDependencyGeneratePcm arm64 /Users/runner/work/orbit/orbit/.recap-entries-probe/.dd-mac/ModuleCache.noindex/Foundation-ODCND79HURF3AS1J0BP7EBTY.pcm

SwiftExplicitDependencyGeneratePcm arm64 /Users/runner/work/orbit/orbit/.recap-entries-probe/.dd-mac/ModuleCache.noindex/UserNotifications-466ZGUTABQZ9TTBKRSH158PMW.pcm

SwiftExplicitDependencyGeneratePcm arm64 /Users/runner/work/orbit/orbit/.recap-entries-probe/.dd-mac/ModuleCache.noindex/OSLog-60PSS7C6CS713S9CF20NEBYFF.pcm

SwiftExplicitDependencyGeneratePcm arm64 /Users/runner/work/orbit/orbit/.recap-entries-probe/.dd-mac/ModuleCache.noindex/Network-T7JCX5HFX4YGRI0FKT14FU7J.pcm

SwiftDriverJobDiscovery normal arm64 Compiling WatchStateMachine.swift, WatchWake.swift, WhoCanUseIt.swift, WikiArticleLogic.swift, WikiDocLogic.swift, WikiHealthLogic.swift, WikiLogic.swift, WikiModeLogic.swift, WikiPlanLogic.swift, WikiRunsLogic.swift, WikiSpaceLogic.swift, WorkspaceActivity.swift, WorktreeBarLogic.swift, WorktreeFileFailure.swift, GoogleSignIn.swift, TokenStore.swift, AccessTokens.swift, Admin.swift, Agents.swift, CodexLogin.swift, ControlEvent.swift, DTOs.swift, Enums.swift, FieldUpdate.swift (in target 'OrbitKit' from project 'OrbitKit')

SwiftExplicitDependencyGeneratePcm arm64 /Users/runner/work/orbit/orbit/.recap-entries-probe/.dd-mac/ModuleCache.noindex/ApplicationServices-31VHPL7T2D63UHYV331FXMPLM.pcm

SwiftExplicitDependencyGeneratePcm arm64 /Users/runner/work/orbit/orbit/.recap-entries-probe/.dd-mac/ModuleCache.noindex/Accessibility-R4HQTHS7C3OJPNM7WWPTDIJ6.pcm

SwiftExplicitDependencyGeneratePcm arm64 /Users/runner/work/orbit/orbit/.recap-entries-probe/.dd-mac/ModuleCache.noindex/UniformTypeIdentifiers-D3REWP4Q8KO8J1DX05INU0ABY.pcm

SwiftExplicitDependencyGeneratePcm arm64 /Users/runner/work/orbit/orbit/.recap-entries-probe/.dd-mac/Build/Intermediates.noindex/SwiftExplicitPrecompiledModules/Sparkle-60N8RL3W9ERFSNK9PC0BSVYOM.pcm

SwiftExplicitDependencyGeneratePcm arm64 /Users/runner/work/orbit/orbit/.recap-entries-probe/.dd-mac/ModuleCache.noindex/CoreTransferable-3AY6ZRN6JHYRWY4FROGFWA7KN.pcm

SwiftExplicitDependencyGeneratePcm arm64 /Users/runner/work/orbit/orbit/.recap-entries-probe/.dd-mac/ModuleCache.noindex/DataDetection-BYC8NEWHB7AUSJNLYLUF50COB.pcm

SwiftExplicitDependencyGeneratePcm arm64 /Users/runner/work/orbit/orbit/.recap-entries-probe/.dd-mac/ModuleCache.noindex/Carbon-7SZQEK01MPCZUJKRCMVWV7CP.pcm

SwiftExplicitDependencyGeneratePcm arm64 /Users/runner/work/orbit/orbit/.recap-entries-probe/.dd-mac/ModuleCache.noindex/LocalAuthentication-90YUG4JRTX1GHRD7UZP5J3KV2.pcm

SwiftExplicitDependencyGeneratePcm arm64 /Users/runner/work/orbit/orbit/.recap-entries-probe/.dd-mac/ModuleCache.noindex/CoreData-8EAGB0X9DIAE7XVXHUGEZF7KX.pcm

SwiftExplicitDependencyGeneratePcm arm64 /Users/runner/work/orbit/orbit/.recap-entries-probe/.dd-mac/ModuleCache.noindex/Symbols-DQFNGHUXUU5P4I63QJRIM322C.pcm

SwiftExplicitDependencyGeneratePcm arm64 /Users/runner/work/orbit/orbit/.recap-entries-probe/.dd-mac/ModuleCache.noindex/IOSurface-6G4WB08D1Y999NLVGAWTYN0L4.pcm

SwiftExplicitDependencyGeneratePcm arm64 /Users/runner/work/orbit/orbit/.recap-entries-probe/.dd-mac/ModuleCache.noindex/Metal-6P9KQ6YTHTZRJP52GARY70W57.pcm

SwiftExplicitDependencyGeneratePcm arm64 /Users/runner/work/orbit/orbit/.recap-entries-probe/.dd-mac/ModuleCache.noindex/CoreVideo-EUT27F5A9H10E75EXY41PIIU1.pcm

SwiftExplicitDependencyGeneratePcm arm64 /Users/runner/work/orbit/orbit/.recap-entries-probe/.dd-mac/ModuleCache.noindex/CoreImage-3J8Q94VXONC0FOUJNE2C6PJY3.pcm

SwiftExplicitDependencyGeneratePcm arm64 /Users/runner/work/orbit/orbit/.recap-entries-probe/.dd-mac/ModuleCache.noindex/QuartzCore-XD75LHHB9V86JEKBNHZKR17U.pcm

SwiftExplicitDependencyGeneratePcm arm64 /Users/runner/work/orbit/orbit/.recap-entries-probe/.dd-mac/ModuleCache.noindex/SwiftUICore-8R1CDY5I0N3RXC2U48PURR071.pcm

SwiftExplicitDependencyGeneratePcm arm64 /Users/runner/work/orbit/orbit/.recap-entries-probe/.dd-mac/ModuleCache.noindex/AppKit-3BM72R3MCWB98CHL8YU7TY0WJ.pcm

SwiftDriverJobDiscovery normal arm64 Compiling TaskDetailReads.swift, Tasks.swift, Watches.swift, Wiki.swift, WikiArticles.swift, WikiDocs.swift, WikiHealth.swift, WikiJobs.swift, WikiPlan.swift, APIClient.swift, SessionRefresher.swift, URLSession+Orbit.swift, ControlStream.swift, EventStream.swift, ReconnectPolicy.swift, SSEFrameParser.swift, BackgroundJobs.swift, BackgroundSummary.swift, ConfirmationReviewTurns.swift, DeliveredMessage.swift, MonospaceOutputLayout.swift, OpenItemDelivery.swift, ProjectStarted.swift, QuestionRecords.swift (in target 'OrbitKit' from project 'OrbitKit')

SwiftDriver\ Compilation OrbitKit normal arm64 com.apple.xcode.tools.swift.compiler (in target 'OrbitKit' from project 'OrbitKit')
    cd /Users/runner/work/orbit/orbit/.recap-entries-probe/RecapEntriesProbe.xcodeproj
    builtin-Swift-Compilation -- /Applications/Xcode_26.6.app/Contents/Developer/Toolchains/XcodeDefault.xctoolchain/usr/bin/swiftc -module-name OrbitKit -Onone @/Users/runner/work/orbit/orbit/.recap-entries-probe/.dd-mac/Build/Intermediates.noindex/OrbitKit.build/Debug/OrbitKit.build/Objects-normal/arm64/OrbitKit.SwiftFileList -DSWIFT_PACKAGE -DDEBUG -DSWIFT_MODULE_RESOURCE_BUNDLE_UNAVAILABLE -DXcode -plugin-path /Applications/Xcode_26.6.app/Contents/Developer/Toolchains/XcodeDefault.xctoolchain/usr/lib/swift/host/plugins/testing -enable-experimental-feature DebugDescriptionMacro -sdk /Applications/Xcode_26.6.app/Contents/Developer/Platforms/MacOSX.platform/Developer/SDKs/MacOSX26.5.sdk -target arm64-apple-macos13.0 -g -module-cache-path /Users/runner/work/orbit/orbit/.recap-entries-probe/.dd-mac/ModuleCache.noindex -Xfrontend -serialize-debugging-options -enable-testing -index-store-path /Users/runner/work/orbit/orbit/.recap-entries-probe/.dd-mac/Index.noindex/DataStore -Xcc -D_LIBCPP_HARDENING_MODE\=_LIBCPP_HARDENING_MODE_DEBUG -swift-version 5 -I /Users/runner/work/orbit/orbit/.recap-entries-probe/.dd-mac/Build/Products/Debug -Isystem /Applications/Xcode_26.6.app/Contents/Developer/Platforms/MacOSX.platform/Developer/usr/lib -F /Users/runner/work/orbit/orbit/.recap-entries-probe/.dd-mac/Build/Products/Debug/PackageFrameworks -F /Users/runner/work/orbit/orbit/.recap-entries-probe/.dd-mac/Build/Products/Debug/PackageFrameworks -F /Users/runner/work/orbit/orbit/.recap-entries-probe/.dd-mac/Build/Products/Debug/PackageFrameworks -F /Users/runner/work/orbit/orbit/.recap-entries-probe/.dd-mac/Build/Products/Debug/PackageFrameworks -F /Users/runner/work/orbit/orbit/.recap-entries-probe/.dd-mac/Build/Products/Debug -F /Applications/Xcode_26.6.app/Contents/Developer/Platforms/MacOSX.platform/Developer/Library/Frameworks -c -j3 -enable-batch-mode -incremental -Xcc -ivfsstatcache -Xcc /Users/runner/work/orbit/orbit/.recap-entries-probe/.dd-mac/SDKStatCaches.noindex/macosx26.5-25F70-688ef53f1462e2c8f657fdc38a81448fee0e6409aa6676c5e6c013d148225433.sdkstatcache -output-file-map /Users/runner/work/orbit/orbit/.recap-entries-probe/.dd-mac/Build/Intermediates.noindex/OrbitKit.build/Debug/OrbitKit.build/Objects-normal/arm64/OrbitKit-OutputFileMap.json -use-frontend-parseable-output -save-temps -no-color-diagnostics -explicit-module-build -module-cache-path /Users/runner/work/orbit/orbit/.recap-entries-probe/.dd-mac/Build/Intermediates.noindex/SwiftExplicitPrecompiledModules -clang-scanner-module-cache-path /Users/runner/work/orbit/orbit/.recap-entries-probe/.dd-mac/ModuleCache.noindex -sdk-module-cache-path /Users/runner/work/orbit/orbit/.recap-entries-probe/.dd-mac/ModuleCache.noindex -serialize-diagnostics -emit-dependencies -emit-module -emit-module-path /Users/runner/work/orbit/orbit/.recap-entries-probe/.dd-mac/Build/Intermediates.noindex/OrbitKit.build/Debug/OrbitKit.build/Objects-normal/arm64/OrbitKit.swiftmodule -validate-clang-modules-once -clang-build-session-file /Users/runner/work/orbit/orbit/.recap-entries-probe/.dd-mac/ModuleCache.noindex/Session.modulevalidation -package-name orbitkit -Xcc -I/Users/runner/work/orbit/orbit/.recap-entries-probe/.dd-mac/Build/Intermediates.noindex/OrbitKit.build/Debug/OrbitKit.build/swift-overrides.hmap -emit-const-values -Xfrontend -const-gather-protocols-file -Xfrontend /Users/runner/work/orbit/orbit/.recap-entries-probe/.dd-mac/Build/Intermediates.noindex/OrbitKit.build/Debug/OrbitKit.build/Objects-normal/arm64/OrbitKit_const_extract_protocols.json -Xcc -I/Users/runner/work/orbit/orbit/.recap-entries-probe/.dd-mac/SourcePackages/checkouts/swift-cmark/src/include -Xcc -I/Users/runner/work/orbit/orbit/.recap-entries-probe/.dd-mac/SourcePackages/checkouts/swift-cmark/extensions/include -Xcc -I/Users/runner/work/orbit/orbit/.recap-entries-probe/.dd-mac/SourcePackages/checkouts/swift-markdown/Sources/CAtomic/include -Xcc -I/Users/runner/work/orbit/orbit/.recap-entries-probe/.dd-mac/Build/Products/Debug/include -Xcc -I/Users/runner/work/orbit/orbit/.recap-entries-probe/.dd-mac/Build/Intermediates.noindex/OrbitKit.build/Debug/OrbitKit.build/DerivedSources-normal/arm64 -Xcc -I/Users/runner/work/orbit/orbit/.recap-entries-probe/.dd-mac/Build/Intermediates.noindex/OrbitKit.build/Debug/OrbitKit.build/DerivedSources/arm64 -Xcc -I/Users/runner/work/orbit/orbit/.recap-entries-probe/.dd-mac/Build/Intermediates.noindex/OrbitKit.build/Debug/OrbitKit.build/DerivedSources -Xcc -DSWIFT_PACKAGE -Xcc -DDEBUG\=1 -emit-objc-header -emit-objc-header-path /Users/runner/work/orbit/orbit/.recap-entries-probe/.dd-mac/Build/Intermediates.noindex/OrbitKit.build/Debug/OrbitKit.build/Objects-normal/arm64/OrbitKit-Swift.h -working-directory /Users/runner/work/orbit/orbit/.recap-entries-probe/RecapEntriesProbe.xcodeproj -experimental-emit-module-separately -disable-cmo

Ld /Users/runner/work/orbit/orbit/.recap-entries-probe/.dd-mac/Build/Products/Debug/OrbitKit.o normal (in target 'OrbitKit' from project 'OrbitKit')
    cd /Users/runner/work/orbit/orbit/src/macos/OrbitKit
    /Applications/Xcode_26.6.app/Contents/Developer/Toolchains/XcodeDefault.xctoolchain/usr/bin/clang -Xlinker -reproducible -target arm64-apple-macos13.0 -r -isysroot /Applications/Xcode_26.6.app/Contents/Developer/Platforms/MacOSX.platform/Developer/SDKs/MacOSX26.5.sdk -O0 -F/Users/runner/work/orbit/orbit/.recap-entries-probe/.dd-mac/Build/Intermediates.noindex/EagerLinkingTBDs/Debug -F/Users/runner/work/orbit/orbit/.recap-entries-probe/.dd-mac/Build/Products/Debug/PackageFrameworks -F/Users/runner/work/orbit/orbit/.recap-entries-probe/.dd-mac/Build/Products/Debug/PackageFrameworks -F/Users/runner/work/orbit/orbit/.recap-entries-probe/.dd-mac/Build/Products/Debug/PackageFrameworks -F/Users/runner/work/orbit/orbit/.recap-entries-probe/.dd-mac/Build/Products/Debug/PackageFrameworks -F/Users/runner/work/orbit/orbit/.recap-entries-probe/.dd-mac/Build/Products/Debug -iframework /Applications/Xcode_26.6.app/Contents/Developer/Platforms/MacOSX.platform/Developer/Library/Frameworks -filelist /Users/runner/work/orbit/orbit/.recap-entries-probe/.dd-mac/Build/Intermediates.noindex/OrbitKit.build/Debug/OrbitKit.build/Objects-normal/arm64/OrbitKit.LinkFileList -nostdlib -Xlinker -object_path_lto -Xlinker /Users/runner/work/orbit/orbit/.recap-entries-probe/.dd-mac/Build/Intermediates.noindex/OrbitKit.build/Debug/OrbitKit.build/Objects-normal/arm64/OrbitKit_lto.o -Xlinker -no_deduplicate -Xlinker -dependency_info -Xlinker /Users/runner/work/orbit/orbit/.recap-entries-probe/.dd-mac/Build/Intermediates.noindex/OrbitKit.build/Debug/OrbitKit.build/Objects-normal/arm64/OrbitKit_dependency_info.dat -fobjc-link-runtime -L/Applications/Xcode_26.6.app/Contents/Developer/Toolchains/XcodeDefault.xctoolchain/usr/lib/swift/macosx -L/usr/lib/swift -Xlinker -add_ast_path -Xlinker /Users/runner/work/orbit/orbit/.recap-entries-probe/.dd-mac/Build/Intermediates.noindex/OrbitKit.build/Debug/OrbitKit.build/Objects-normal/arm64/OrbitKit.swiftmodule @/Users/runner/work/orbit/orbit/.recap-entries-probe/.dd-mac/Build/Intermediates.noindex/OrbitKit.build/Debug/OrbitKit.build/Objects-normal/arm64/OrbitKit-linker-args.resp -o /Users/runner/work/orbit/orbit/.recap-entries-probe/.dd-mac/Build/Products/Debug/OrbitKit.o

SwiftExplicitDependencyGeneratePcm arm64 /Users/runner/work/orbit/orbit/.recap-entries-probe/.dd-mac/ModuleCache.noindex/AuthenticationServices-23F12F705CAA0YGHSV7P8EKTS.pcm

SwiftExplicitDependencyGeneratePcm arm64 /Users/runner/work/orbit/orbit/.recap-entries-probe/.dd-mac/ModuleCache.noindex/SwiftUI-B4VGIXHXVSZ6QU8P5NJ5VGSTP.pcm

SwiftEmitModule normal arm64 Emitting\ module\ for\ RecapEntriesMacProbe (in target 'RecapEntriesMacProbe' from project 'RecapEntriesProbe')
EmitSwiftModule normal arm64 (in target 'RecapEntriesMacProbe' from project 'RecapEntriesProbe')
    cd /Users/runner/work/orbit/orbit/.recap-entries-probe
    

SwiftCompile normal arm64 Compiling\ UserTurnRow.swift,\ WatchViews.swift,\ WatchWakeCardView.swift,\ WatchesModel.swift,\ WatchingCard.swift,\ WikiActivityView.swift,\ WikiArticleView.swift,\ WikiContentsColumn.swift,\ WikiDocScreens.swift,\ WikiDocView.swift,\ WikiJobView.swift,\ WikiModel.swift,\ WikiPlanView.swift,\ WikiRunView.swift,\ WikiScreens.swift,\ WikiSettingsView.swift,\ WikiView.swift,\ WorktreeBar.swift,\ WorktreeFilePreview.swift,\ WorktreeModel.swift,\ GeneratedAssetSymbols.swift /Users/runner/work/orbit/orbit/src/macos/OrbitApp/Sources/OrbitApp/Views/Console/UserTurnRow.swift /Users/runner/work/orbit/orbit/src/macos/OrbitApp/Sources/OrbitApp/Views/WatchViews.swift /Users/runner/work/orbit/orbit/src/macos/OrbitApp/Sources/OrbitApp/Views/WatchWakeCardView.swift /Users/runner/work/orbit/orbit/src/macos/OrbitApp/Sources/OrbitApp/WatchesModel.swift /Users/runner/work/orbit/orbit/src/macos/OrbitApp/Sources/OrbitApp/Views/WatchingCard.swift /Users/runner/work/orbit/orbit/src/macos/OrbitApp/Sources/OrbitApp/Views/WikiActivityView.swift /Users/runner/work/orbit/orbit/src/macos/OrbitApp/Sources/OrbitApp/Views/WikiArticleView.swift /Users/runner/work/orbit/orbit/src/macos/OrbitApp/Sources/OrbitApp/Views/WikiContentsColumn.swift /Users/runner/work/orbit/orbit/src/macos/OrbitApp/Sources/OrbitApp/Views/WikiDocScreens.swift /Users/runner/work/orbit/orbit/src/macos/OrbitApp/Sources/OrbitApp/Views/WikiDocView.swift /Users/runner/work/orbit/orbit/src/macos/OrbitApp/Sources/OrbitApp/Views/WikiJobView.swift /Users/runner/work/orbit/orbit/src/macos/OrbitApp/Sources/OrbitApp/WikiModel.swift /Users/runner/work/orbit/orbit/src/macos/OrbitApp/Sources/OrbitApp/Views/WikiPlanView.swift /Users/runner/work/orbit/orbit/src/macos/OrbitApp/Sources/OrbitApp/Views/WikiRunView.swift /Users/runner/work/orbit/orbit/src/macos/OrbitApp/Sources/OrbitApp/Views/WikiScreens.swift /Users/runner/work/orbit/orbit/src/macos/OrbitApp/Sources/OrbitApp/Views/WikiSettingsView.swift /Users/runner/work/orbit/orbit/src/macos/OrbitApp/Sources/OrbitApp/Views/WikiView.swift /Users/runner/work/orbit/orbit/src/macos/OrbitApp/Sources/OrbitApp/Views/WorktreeBar.swift /Users/runner/work/orbit/orbit/src/macos/OrbitApp/Sources/OrbitApp/Views/WorktreeFilePreview.swift /Users/runner/work/orbit/orbit/src/macos/OrbitApp/Sources/OrbitApp/WorktreeModel.swift /Users/runner/work/orbit/orbit/.recap-entries-probe/.dd-mac/Build/Intermediates.noindex/RecapEntriesProbe.build/Debug/RecapEntriesMacProbe.build/DerivedSources/GeneratedAssetSymbols.swift (in target 'RecapEntriesMacProbe' from project 'RecapEntriesProbe')
SwiftCompile normal arm64 /Users/runner/work/orbit/orbit/src/macos/OrbitApp/Sources/OrbitApp/Views/Console/UserTurnRow.swift (in target 'RecapEntriesMacProbe' from project 'RecapEntriesProbe')
    cd /Users/runner/work/orbit/orbit/.recap-entries-probe
    

SwiftCompile normal arm64 /Users/runner/work/orbit/orbit/src/macos/OrbitApp/Sources/OrbitApp/Views/WatchViews.swift (in target 'RecapEntriesMacProbe' from project 'RecapEntriesProbe')
    cd /Users/runner/work/orbit/orbit/.recap-entries-probe
    

SwiftCompile normal arm64 /Users/runner/work/orbit/orbit/src/macos/OrbitApp/Sources/OrbitApp/Views/WatchWakeCardView.swift (in target 'RecapEntriesMacProbe' from project 'RecapEntriesProbe')
    cd /Users/runner/work/orbit/orbit/.recap-entries-probe
    

SwiftCompile normal arm64 /Users/runner/work/orbit/orbit/src/macos/OrbitApp/Sources/OrbitApp/WatchesModel.swift (in target 'RecapEntriesMacProbe' from project 'RecapEntriesProbe')
    cd /Users/runner/work/orbit/orbit/.recap-entries-probe
    

SwiftCompile normal arm64 /Users/runner/work/orbit/orbit/src/macos/OrbitApp/Sources/OrbitApp/Views/WatchingCard.swift (in target 'RecapEntriesMacProbe' from project 'RecapEntriesProbe')
    cd /Users/runner/work/orbit/orbit/.recap-entries-probe
    

SwiftCompile normal arm64 /Users/runner/work/orbit/orbit/src/macos/OrbitApp/Sources/OrbitApp/Views/WikiActivityView.swift (in target 'RecapEntriesMacProbe' from project 'RecapEntriesProbe')
    cd /Users/runner/work/orbit/orbit/.recap-entries-probe
    

SwiftCompile normal arm64 /Users/runner/work/orbit/orbit/src/macos/OrbitApp/Sources/OrbitApp/Views/WikiArticleView.swift (in target 'RecapEntriesMacProbe' from project 'RecapEntriesProbe')
    cd /Users/runner/work/orbit/orbit/.recap-entries-probe
    

SwiftCompile normal arm64 /Users/runner/work/orbit/orbit/src/macos/OrbitApp/Sources/OrbitApp/Views/WikiContentsColumn.swift (in target 'RecapEntriesMacProbe' from project 'RecapEntriesProbe')
    cd /Users/runner/work/orbit/orbit/.recap-entries-probe
    

SwiftCompile normal arm64 /Users/runner/work/orbit/orbit/src/macos/OrbitApp/Sources/OrbitApp/Views/WikiDocScreens.swift (in target 'RecapEntriesMacProbe' from project 'RecapEntriesProbe')
    cd /Users/runner/work/orbit/orbit/.recap-entries-probe
    

SwiftCompile normal arm64 /Users/runner/work/orbit/orbit/src/macos/OrbitApp/Sources/OrbitApp/Views/WikiDocView.swift (in target 'RecapEntriesMacProbe' from project 'RecapEntriesProbe')
    cd /Users/runner/work/orbit/orbit/.recap-entries-probe
    

SwiftCompile normal arm64 /Users/runner/work/orbit/orbit/src/macos/OrbitApp/Sources/OrbitApp/Views/WikiJobView.swift (in target 'RecapEntriesMacProbe' from project 'RecapEntriesProbe')
    cd /Users/runner/work/orbit/orbit/.recap-entries-probe
    

SwiftCompile normal arm64 /Users/runner/work/orbit/orbit/src/macos/OrbitApp/Sources/OrbitApp/WikiModel.swift (in target 'RecapEntriesMacProbe' from project 'RecapEntriesProbe')
    cd /Users/runner/work/orbit/orbit/.recap-entries-probe
    

SwiftCompile normal arm64 /Users/runner/work/orbit/orbit/src/macos/OrbitApp/Sources/OrbitApp/Views/WikiPlanView.swift (in target 'RecapEntriesMacProbe' from project 'RecapEntriesProbe')
    cd /Users/runner/work/orbit/orbit/.recap-entries-probe
    

SwiftCompile normal arm64 /Users/runner/work/orbit/orbit/src/macos/OrbitApp/Sources/OrbitApp/Views/WikiRunView.swift (in target 'RecapEntriesMacProbe' from project 'RecapEntriesProbe')
    cd /Users/runner/work/orbit/orbit/.recap-entries-probe
    

SwiftCompile normal arm64 /Users/runner/work/orbit/orbit/src/macos/OrbitApp/Sources/OrbitApp/Views/WikiScreens.swift (in target 'RecapEntriesMacProbe' from project 'RecapEntriesProbe')
    cd /Users/runner/work/orbit/orbit/.recap-entries-probe
    

SwiftCompile normal arm64 /Users/runner/work/orbit/orbit/src/macos/OrbitApp/Sources/OrbitApp/Views/WikiSettingsView.swift (in target 'RecapEntriesMacProbe' from project 'RecapEntriesProbe')
    cd /Users/runner/work/orbit/orbit/.recap-entries-probe
    

SwiftCompile normal arm64 /Users/runner/work/orbit/orbit/src/macos/OrbitApp/Sources/OrbitApp/Views/WikiView.swift (in target 'RecapEntriesMacProbe' from project 'RecapEntriesProbe')
    cd /Users/runner/work/orbit/orbit/.recap-entries-probe
    

SwiftCompile normal arm64 /Users/runner/work/orbit/orbit/src/macos/OrbitApp/Sources/OrbitApp/Views/WorktreeBar.swift (in target 'RecapEntriesMacProbe' from project 'RecapEntriesProbe')
    cd /Users/runner/work/orbit/orbit/.recap-entries-probe
    

SwiftCompile normal arm64 /Users/runner/work/orbit/orbit/src/macos/OrbitApp/Sources/OrbitApp/Views/WorktreeFilePreview.swift (in target 'RecapEntriesMacProbe' from project 'RecapEntriesProbe')
    cd /Users/runner/work/orbit/orbit/.recap-entries-probe
    

SwiftCompile normal arm64 /Users/runner/work/orbit/orbit/src/macos/OrbitApp/Sources/OrbitApp/WorktreeModel.swift (in target 'RecapEntriesMacProbe' from project 'RecapEntriesProbe')
    cd /Users/runner/work/orbit/orbit/.recap-entries-probe
    

SwiftCompile normal arm64 /Users/runner/work/orbit/orbit/.recap-entries-probe/.dd-mac/Build/Intermediates.noindex/RecapEntriesProbe.build/Debug/RecapEntriesMacProbe.build/DerivedSources/GeneratedAssetSymbols.swift (in target 'RecapEntriesMacProbe' from project 'RecapEntriesProbe')
    cd /Users/runner/work/orbit/orbit/.recap-entries-probe
    

SwiftCompile normal arm64 Compiling\ ConfirmationReviewTurnCardViews.swift,\ ConfirmationStyle.swift,\ ConsoleModel.swift,\ ConsoleRegistry.swift,\ ConsoleView.swift,\ CreatedTasksCard.swift,\ CreatedTasksModel.swift,\ CreatedTasksPage.swift,\ FileHandoff.swift,\ FollowingView.swift,\ HotKeyManager.swift,\ ImageViewer.swift,\ InfrastructureSections.swift,\ LinkDetection.swift,\ LoginView.swift,\ MainView.swift,\ ManagedRunnerBanner.swift,\ ManagedRunnerModel.swift,\ MarkdownView.swift,\ MenuBarContent.swift,\ MergeRecoverySheet.swift,\ MessageBubbles.swift /Users/runner/work/orbit/orbit/src/macos/OrbitApp/Sources/OrbitApp/Views/ConfirmationReviewTurnCardViews.swift /Users/runner/work/orbit/orbit/src/macos/OrbitApp/Sources/OrbitApp/Views/ConfirmationStyle.swift /Users/runner/work/orbit/orbit/src/macos/OrbitApp/Sources/OrbitApp/ConsoleModel.swift /Users/runner/work/orbit/orbit/src/macos/OrbitApp/Sources/OrbitApp/ConsoleRegistry.swift /Users/runner/work/orbit/orbit/src/macos/OrbitApp/Sources/OrbitApp/Views/Console/ConsoleView.swift /Users/runner/work/orbit/orbit/src/macos/OrbitApp/Sources/OrbitApp/Views/CreatedTasksCard.swift /Users/runner/work/orbit/orbit/src/macos/OrbitApp/Sources/OrbitApp/CreatedTasksModel.swift /Users/runner/work/orbit/orbit/src/macos/OrbitApp/Sources/OrbitApp/Views/CreatedTasksPage.swift /Users/runner/work/orbit/orbit/src/macos/OrbitApp/Sources/OrbitApp/Views/FileHandoff.swift /Users/runner/work/orbit/orbit/src/macos/OrbitApp/Sources/OrbitApp/Views/FollowingView.swift /Users/runner/work/orbit/orbit/src/macos/OrbitApp/Sources/OrbitApp/HotKeyManager.swift /Users/runner/work/orbit/orbit/src/macos/OrbitApp/Sources/OrbitApp/Views/Console/ImageViewer.swift /Users/runner/work/orbit/orbit/src/macos/OrbitApp/Sources/OrbitApp/Views/InfrastructureSections.swift /Users/runner/work/orbit/orbit/src/macos/OrbitApp/Sources/OrbitApp/Views/Console/LinkDetection.swift /Users/runner/work/orbit/orbit/src/macos/OrbitApp/Sources/OrbitApp/Views/LoginView.swift /Users/runner/work/orbit/orbit/src/macos/OrbitApp/Sources/OrbitApp/Views/MainView.swift /Users/runner/work/orbit/orbit/src/macos/OrbitApp/Sources/OrbitApp/Views/ManagedRunnerBanner.swift /Users/runner/work/orbit/orbit/src/macos/OrbitApp/Sources/OrbitApp/ManagedRunnerModel.swift /Users/runner/work/orbit/orbit/src/macos/OrbitApp/Sources/OrbitApp/Views/MarkdownView.swift /Users/runner/work/orbit/orbit/src/macos/OrbitApp/Sources/OrbitApp/Views/MenuBarContent.swift /Users/runner/work/orbit/orbit/src/macos/OrbitApp/Sources/OrbitApp/Views/MergeRecoverySheet.swift /Users/runner/work/orbit/orbit/src/macos/OrbitApp/Sources/OrbitApp/Views/Console/MessageBubbles.swift (in target 'RecapEntriesMacProbe' from project 'RecapEntriesProbe')

SwiftCompile normal arm64 /Users/runner/work/orbit/orbit/src/macos/OrbitApp/Sources/OrbitApp/Views/ConfirmationReviewTurnCardViews.swift (in target 'RecapEntriesMacProbe' from project 'RecapEntriesProbe')
    cd /Users/runner/work/orbit/orbit/.recap-entries-probe
    

SwiftCompile normal arm64 /Users/runner/work/orbit/orbit/src/macos/OrbitApp/Sources/OrbitApp/Views/ConfirmationStyle.swift (in target 'RecapEntriesMacProbe' from project 'RecapEntriesProbe')
    cd /Users/runner/work/orbit/orbit/.recap-entries-probe
    

SwiftCompile normal arm64 /Users/runner/work/orbit/orbit/src/macos/OrbitApp/Sources/OrbitApp/ConsoleModel.swift (in target 'RecapEntriesMacProbe' from project 'RecapEntriesProbe')
    cd /Users/runner/work/orbit/orbit/.recap-entries-probe
    

SwiftCompile normal arm64 /Users/runner/work/orbit/orbit/src/macos/OrbitApp/Sources/OrbitApp/ConsoleRegistry.swift (in target 'RecapEntriesMacProbe' from project 'RecapEntriesProbe')
    cd /Users/runner/work/orbit/orbit/.recap-entries-probe
    

SwiftCompile normal arm64 /Users/runner/work/orbit/orbit/src/macos/OrbitApp/Sources/OrbitApp/Views/Console/ConsoleView.swift (in target 'RecapEntriesMacProbe' from project 'RecapEntriesProbe')
    cd /Users/runner/work/orbit/orbit/.recap-entries-probe
    

SwiftCompile normal arm64 /Users/runner/work/orbit/orbit/src/macos/OrbitApp/Sources/OrbitApp/Views/CreatedTasksCard.swift (in target 'RecapEntriesMacProbe' from project 'RecapEntriesProbe')
    cd /Users/runner/work/orbit/orbit/.recap-entries-probe
    

SwiftCompile normal arm64 /Users/runner/work/orbit/orbit/src/macos/OrbitApp/Sources/OrbitApp/CreatedTasksModel.swift (in target 'RecapEntriesMacProbe' from project 'RecapEntriesProbe')
    cd /Users/runner/work/orbit/orbit/.recap-entries-probe
    

SwiftCompile normal arm64 /Users/runner/work/orbit/orbit/src/macos/OrbitApp/Sources/OrbitApp/Views/CreatedTasksPage.swift (in target 'RecapEntriesMacProbe' from project 'RecapEntriesProbe')
    cd /Users/runner/work/orbit/orbit/.recap-entries-probe
    

SwiftCompile normal arm64 /Users/runner/work/orbit/orbit/src/macos/OrbitApp/Sources/OrbitApp/Views/FileHandoff.swift (in target 'RecapEntriesMacProbe' from project 'RecapEntriesProbe')
    cd /Users/runner/work/orbit/orbit/.recap-entries-probe
    

SwiftCompile normal arm64 /Users/runner/work/orbit/orbit/src/macos/OrbitApp/Sources/OrbitApp/Views/FollowingView.swift (in target 'RecapEntriesMacProbe' from project 'RecapEntriesProbe')
    cd /Users/runner/work/orbit/orbit/.recap-entries-probe
    

SwiftCompile normal arm64 /Users/runner/work/orbit/orbit/src/macos/OrbitApp/Sources/OrbitApp/HotKeyManager.swift (in target 'RecapEntriesMacProbe' from project 'RecapEntriesProbe')
    cd /Users/runner/work/orbit/orbit/.recap-entries-probe
    

SwiftCompile normal arm64 /Users/runner/work/orbit/orbit/src/macos/OrbitApp/Sources/OrbitApp/Views/Console/ImageViewer.swift (in target 'RecapEntriesMacProbe' from project 'RecapEntriesProbe')
    cd /Users/runner/work/orbit/orbit/.recap-entries-probe
    

SwiftCompile normal arm64 /Users/runner/work/orbit/orbit/src/macos/OrbitApp/Sources/OrbitApp/Views/InfrastructureSections.swift (in target 'RecapEntriesMacProbe' from project 'RecapEntriesProbe')
    cd /Users/runner/work/orbit/orbit/.recap-entries-probe
    

SwiftCompile normal arm64 /Users/runner/work/orbit/orbit/src/macos/OrbitApp/Sources/OrbitApp/Views/Console/LinkDetection.swift (in target 'RecapEntriesMacProbe' from project 'RecapEntriesProbe')
    cd /Users/runner/work/orbit/orbit/.recap-entries-probe
    

SwiftCompile normal arm64 /Users/runner/work/orbit/orbit/src/macos/OrbitApp/Sources/OrbitApp/Views/LoginView.swift (in target 'RecapEntriesMacProbe' from project 'RecapEntriesProbe')
    cd /Users/runner/work/orbit/orbit/.recap-entries-probe
    

SwiftCompile normal arm64 /Users/runner/work/orbit/orbit/src/macos/OrbitApp/Sources/OrbitApp/Views/MainView.swift (in target 'RecapEntriesMacProbe' from project 'RecapEntriesProbe')
    cd /Users/runner/work/orbit/orbit/.recap-entries-probe
    

SwiftCompile normal arm64 /Users/runner/work/orbit/orbit/src/macos/OrbitApp/Sources/OrbitApp/Views/ManagedRunnerBanner.swift (in target 'RecapEntriesMacProbe' from project 'RecapEntriesProbe')
    cd /Users/runner/work/orbit/orbit/.recap-entries-probe
    

SwiftCompile normal arm64 /Users/runner/work/orbit/orbit/src/macos/OrbitApp/Sources/OrbitApp/ManagedRunnerModel.swift (in target 'RecapEntriesMacProbe' from project 'RecapEntriesProbe')
    cd /Users/runner/work/orbit/orbit/.recap-entries-probe
    

SwiftCompile normal arm64 /Users/runner/work/orbit/orbit/src/macos/OrbitApp/Sources/OrbitApp/Views/MarkdownView.swift (in target 'RecapEntriesMacProbe' from project 'RecapEntriesProbe')
    cd /Users/runner/work/orbit/orbit/.recap-entries-probe
    

SwiftCompile normal arm64 /Users/runner/work/orbit/orbit/src/macos/OrbitApp/Sources/OrbitApp/Views/MenuBarContent.swift (in target 'RecapEntriesMacProbe' from project 'RecapEntriesProbe')
    cd /Users/runner/work/orbit/orbit/.recap-entries-probe
    

SwiftCompile normal arm64 /Users/runner/work/orbit/orbit/src/macos/OrbitApp/Sources/OrbitApp/Views/MergeRecoverySheet.swift (in target 'RecapEntriesMacProbe' from project 'RecapEntriesProbe')
    cd /Users/runner/work/orbit/orbit/.recap-entries-probe
    

SwiftCompile normal arm64 /Users/runner/work/orbit/orbit/src/macos/OrbitApp/Sources/OrbitApp/Views/Console/MessageBubbles.swift (in target 'RecapEntriesMacProbe' from project 'RecapEntriesProbe')
    cd /Users/runner/work/orbit/orbit/.recap-entries-probe
    

SwiftCompile normal arm64 Compiling\ SessionRowActions.swift,\ SessionRunStartCard.swift,\ SessionSearchView.swift,\ SessionTagViews.swift,\ SettingsAdminView.swift,\ SettingsSheet.swift,\ ShareSheet.swift,\ SharedLinksModel.swift,\ SharedPoolsModel.swift,\ SkillsRunnersView.swift,\ TaskDetailParts.swift,\ TaskListParts.swift,\ TaskRunHandoffCard.swift,\ TaskStartCardView.swift,\ TasksModel.swift,\ TasksView.swift,\ ToastHost.swift,\ ToolCards.swift,\ TopInsetClearOfRefresh.swift,\ Typography.swift,\ UpdaterModel.swift /Users/runner/work/orbit/orbit/src/macos/OrbitApp/Sources/OrbitApp/Views/SessionRowActions.swift /Users/runner/work/orbit/orbit/src/macos/OrbitApp/Sources/OrbitApp/Views/Console/SessionRunStartCard.swift /Users/runner/work/orbit/orbit/src/macos/OrbitApp/Sources/OrbitApp/Views/SessionSearchView.swift /Users/runner/work/orbit/orbit/src/macos/OrbitApp/Sources/OrbitApp/Views/SessionTagViews.swift /Users/runner/work/orbit/orbit/src/macos/OrbitApp/Sources/OrbitApp/Views/SettingsAdminView.swift /Users/runner/work/orbit/orbit/src/macos/OrbitApp/Sources/OrbitApp/Views/SettingsSheet.swift /Users/runner/work/orbit/orbit/src/macos/OrbitApp/Sources/OrbitApp/Views/ShareSheet.swift /Users/runner/work/orbit/orbit/src/macos/OrbitApp/Sources/OrbitApp/SharedLinksModel.swift /Users/runner/work/orbit/orbit/src/macos/OrbitApp/Sources/OrbitApp/SharedPoolsModel.swift /Users/runner/work/orbit/orbit/src/macos/OrbitApp/Sources/OrbitApp/Views/SkillsRunnersView.swift /Users/runner/work/orbit/orbit/src/macos/OrbitApp/Sources/OrbitApp/Views/TaskDetailParts.swift /Users/runner/work/orbit/orbit/src/macos/OrbitApp/Sources/OrbitApp/Views/TaskListParts.swift /Users/runner/work/orbit/orbit/src/macos/OrbitApp/Sources/OrbitApp/Views/TaskRunHandoffCard.swift /Users/runner/work/orbit/orbit/src/macos/OrbitApp/Sources/OrbitApp/Views/TaskStartCardView.swift /Users/runner/work/orbit/orbit/src/macos/OrbitApp/Sources/OrbitApp/TasksModel.swift /Users/runner/work/orbit/orbit/src/macos/OrbitApp/Sources/OrbitApp/Views/TasksView.swift /Users/runner/work/orbit/orbit/src/macos/OrbitApp/Sources/OrbitApp/Views/ToastHost.swift /Users/runner/work/orbit/orbit/src/macos/OrbitApp/Sources/OrbitApp/Views/Console/ToolCards.swift /Users/runner/work/orbit/orbit/src/macos/OrbitApp/Sources/OrbitApp/Views/TopInsetClearOfRefresh.swift /Users/runner/work/orbit/orbit/src/macos/OrbitApp/Sources/OrbitApp/Views/Typography.swift /Users/runner/work/orbit/orbit/src/macos/OrbitApp/Sources/OrbitApp/UpdaterModel.swift (in target 'RecapEntriesMacProbe' from project 'RecapEntriesProbe')
SwiftCompile normal arm64 /Users/runner/work/orbit/orbit/src/macos/OrbitApp/Sources/OrbitApp/Views/SessionRowActions.swift (in target 'RecapEntriesMacProbe' from project 'RecapEntriesProbe')
    cd /Users/runner/work/orbit/orbit/.recap-entries-probe
    

SwiftCompile normal arm64 /Users/runner/work/orbit/orbit/src/macos/OrbitApp/Sources/OrbitApp/Views/Console/SessionRunStartCard.swift (in target 'RecapEntriesMacProbe' from project 'RecapEntriesProbe')
    cd /Users/runner/work/orbit/orbit/.recap-entries-probe
    

SwiftCompile normal arm64 /Users/runner/work/orbit/orbit/src/macos/OrbitApp/Sources/OrbitApp/Views/SessionSearchView.swift (in target 'RecapEntriesMacProbe' from project 'RecapEntriesProbe')
    cd /Users/runner/work/orbit/orbit/.recap-entries-probe
    

SwiftCompile normal arm64 /Users/runner/work/orbit/orbit/src/macos/OrbitApp/Sources/OrbitApp/Views/SessionTagViews.swift (in target 'RecapEntriesMacProbe' from project 'RecapEntriesProbe')
    cd /Users/runner/work/orbit/orbit/.recap-entries-probe
    

SwiftCompile normal arm64 /Users/runner/work/orbit/orbit/src/macos/OrbitApp/Sources/OrbitApp/Views/SettingsAdminView.swift (in target 'RecapEntriesMacProbe' from project 'RecapEntriesProbe')
    cd /Users/runner/work/orbit/orbit/.recap-entries-probe
    

SwiftCompile normal arm64 /Users/runner/work/orbit/orbit/src/macos/OrbitApp/Sources/OrbitApp/Views/SettingsSheet.swift (in target 'RecapEntriesMacProbe' from project 'RecapEntriesProbe')
    cd /Users/runner/work/orbit/orbit/.recap-entries-probe
    

SwiftCompile normal arm64 /Users/runner/work/orbit/orbit/src/macos/OrbitApp/Sources/OrbitApp/Views/ShareSheet.swift (in target 'RecapEntriesMacProbe' from project 'RecapEntriesProbe')
    cd /Users/runner/work/orbit/orbit/.recap-entries-probe
    

SwiftCompile normal arm64 /Users/runner/work/orbit/orbit/src/macos/OrbitApp/Sources/OrbitApp/SharedLinksModel.swift (in target 'RecapEntriesMacProbe' from project 'RecapEntriesProbe')
    cd /Users/runner/work/orbit/orbit/.recap-entries-probe
    

SwiftCompile normal arm64 /Users/runner/work/orbit/orbit/src/macos/OrbitApp/Sources/OrbitApp/SharedPoolsModel.swift (in target 'RecapEntriesMacProbe' from project 'RecapEntriesProbe')
    cd /Users/runner/work/orbit/orbit/.recap-entries-probe
    

SwiftCompile normal arm64 /Users/runner/work/orbit/orbit/src/macos/OrbitApp/Sources/OrbitApp/Views/SkillsRunnersView.swift (in target 'RecapEntriesMacProbe' from project 'RecapEntriesProbe')
    cd /Users/runner/work/orbit/orbit/.recap-entries-probe
    

SwiftCompile normal arm64 /Users/runner/work/orbit/orbit/src/macos/OrbitApp/Sources/OrbitApp/Views/TaskDetailParts.swift (in target 'RecapEntriesMacProbe' from project 'RecapEntriesProbe')
    cd /Users/runner/work/orbit/orbit/.recap-entries-probe
    

SwiftCompile normal arm64 /Users/runner/work/orbit/orbit/src/macos/OrbitApp/Sources/OrbitApp/Views/TaskListParts.swift (in target 'RecapEntriesMacProbe' from project 'RecapEntriesProbe')
    cd /Users/runner/work/orbit/orbit/.recap-entries-probe
    

SwiftCompile normal arm64 /Users/runner/work/orbit/orbit/src/macos/OrbitApp/Sources/OrbitApp/Views/TaskRunHandoffCard.swift (in target 'RecapEntriesMacProbe' from project 'RecapEntriesProbe')
    cd /Users/runner/work/orbit/orbit/.recap-entries-probe
    

SwiftCompile normal arm64 /Users/runner/work/orbit/orbit/src/macos/OrbitApp/Sources/OrbitApp/Views/TaskStartCardView.swift (in target 'RecapEntriesMacProbe' from project 'RecapEntriesProbe')
    cd /Users/runner/work/orbit/orbit/.recap-entries-probe
    

SwiftCompile normal arm64 /Users/runner/work/orbit/orbit/src/macos/OrbitApp/Sources/OrbitApp/TasksModel.swift (in target 'RecapEntriesMacProbe' from project 'RecapEntriesProbe')
    cd /Users/runner/work/orbit/orbit/.recap-entries-probe
    

SwiftCompile normal arm64 /Users/runner/work/orbit/orbit/src/macos/OrbitApp/Sources/OrbitApp/Views/TasksView.swift (in target 'RecapEntriesMacProbe' from project 'RecapEntriesProbe')
    cd /Users/runner/work/orbit/orbit/.recap-entries-probe
    

SwiftCompile normal arm64 /Users/runner/work/orbit/orbit/src/macos/OrbitApp/Sources/OrbitApp/Views/ToastHost.swift (in target 'RecapEntriesMacProbe' from project 'RecapEntriesProbe')
    cd /Users/runner/work/orbit/orbit/.recap-entries-probe
    

SwiftCompile normal arm64 /Users/runner/work/orbit/orbit/src/macos/OrbitApp/Sources/OrbitApp/Views/Console/ToolCards.swift (in target 'RecapEntriesMacProbe' from project 'RecapEntriesProbe')
    cd /Users/runner/work/orbit/orbit/.recap-entries-probe
    

SwiftCompile normal arm64 /Users/runner/work/orbit/orbit/src/macos/OrbitApp/Sources/OrbitApp/Views/TopInsetClearOfRefresh.swift (in target 'RecapEntriesMacProbe' from project 'RecapEntriesProbe')
    cd /Users/runner/work/orbit/orbit/.recap-entries-probe
    

SwiftCompile normal arm64 /Users/runner/work/orbit/orbit/src/macos/OrbitApp/Sources/OrbitApp/Views/Typography.swift (in target 'RecapEntriesMacProbe' from project 'RecapEntriesProbe')
    cd /Users/runner/work/orbit/orbit/.recap-entries-probe
    

SwiftCompile normal arm64 /Users/runner/work/orbit/orbit/src/macos/OrbitApp/Sources/OrbitApp/UpdaterModel.swift (in target 'RecapEntriesMacProbe' from project 'RecapEntriesProbe')
    cd /Users/runner/work/orbit/orbit/.recap-entries-probe
    

SwiftDriverJobDiscovery normal arm64 Emitting module for RecapEntriesMacProbe (in target 'RecapEntriesMacProbe' from project 'RecapEntriesProbe')

SwiftDriver\ Compilation\ Requirements RecapEntriesMacProbe normal arm64 com.apple.xcode.tools.swift.compiler (in target 'RecapEntriesMacProbe' from project 'RecapEntriesProbe')
    cd /Users/runner/work/orbit/orbit/.recap-entries-probe
    builtin-Swift-Compilation-Requirements -- /Applications/Xcode_26.6.app/Contents/Developer/Toolchains/XcodeDefault.xctoolchain/usr/bin/swiftc -module-name RecapEntriesMacProbe -Onone @/Users/runner/work/orbit/orbit/.recap-entries-probe/.dd-mac/Build/Intermediates.noindex/RecapEntriesProbe.build/Debug/RecapEntriesMacProbe.build/Objects-normal/arm64/RecapEntriesMacProbe.SwiftFileList -DDEBUG -enable-bare-slash-regex -enable-experimental-feature DebugDescriptionMacro -sdk /Applications/Xcode_26.6.app/Contents/Developer/Platforms/MacOSX.platform/Developer/SDKs/MacOSX26.5.sdk -target arm64-apple-macos14.0 -g -module-cache-path /Users/runner/work/orbit/orbit/.recap-entries-probe/.dd-mac/ModuleCache.noindex -Xfrontend -serialize-debugging-options -enable-testing -index-store-path /Users/runner/work/orbit/orbit/.recap-entries-probe/.dd-mac/Index.noindex/DataStore -Xcc -D_LIBCPP_HARDENING_MODE\=_LIBCPP_HARDENING_MODE_DEBUG -swift-version 5 -I /Users/runner/work/orbit/orbit/.recap-entries-probe/.dd-mac/Build/Products/Debug -F /Users/runner/work/orbit/orbit/.recap-entries-probe/.dd-mac/Build/Products/Debug/PackageFrameworks -F /Users/runner/work/orbit/orbit/.recap-entries-probe/.dd-mac/Build/Products/Debug/PackageFrameworks -F /Users/runner/work/orbit/orbit/.recap-entries-probe/.dd-mac/Build/Products/Debug/PackageFrameworks -F /Users/runner/work/orbit/orbit/.recap-entries-probe/.dd-mac/Build/Products/Debug/PackageFrameworks -F /Users/runner/work/orbit/orbit/.recap-entries-probe/.dd-mac/Build/Products/Debug/PackageFrameworks -F /Users/runner/work/orbit/orbit/.recap-entries-probe/.dd-mac/Build/Products/Debug -c -j3 -enable-batch-mode -incremental -Xcc -ivfsstatcache -Xcc /Users/runner/work/orbit/orbit/.recap-entries-probe/.dd-mac/SDKStatCaches.noindex/macosx26.5-25F70-688ef53f1462e2c8f657fdc38a81448fee0e6409aa6676c5e6c013d148225433.sdkstatcache -output-file-map /Users/runner/work/orbit/orbit/.recap-entries-probe/.dd-mac/Build/Intermediates.noindex/RecapEntriesProbe.build/Debug/RecapEntriesMacProbe.build/Objects-normal/arm64/RecapEntriesMacProbe-OutputFileMap.json -use-frontend-parseable-output -save-temps -no-color-diagnostics -explicit-module-build -module-cache-path /Users/runner/work/orbit/orbit/.recap-entries-probe/.dd-mac/Build/Intermediates.noindex/SwiftExplicitPrecompiledModules -clang-scanner-module-cache-path /Users/runner/work/orbit/orbit/.recap-entries-probe/.dd-mac/ModuleCache.noindex -sdk-module-cache-path /Users/runner/work/orbit/orbit/.recap-entries-probe/.dd-mac/ModuleCache.noindex -serialize-diagnostics -emit-dependencies -emit-module -emit-module-path /Users/runner/work/orbit/orbit/.recap-entries-probe/.dd-mac/Build/Intermediates.noindex/RecapEntriesProbe.build/Debug/RecapEntriesMacProbe.build/Objects-normal/arm64/RecapEntriesMacProbe.swiftmodule -validate-clang-modules-once -clang-build-session-file /Users/runner/work/orbit/orbit/.recap-entries-probe/.dd-mac/ModuleCache.noindex/Session.modulevalidation -Xcc -I/Users/runner/work/orbit/orbit/.recap-entries-probe/.dd-mac/Build/Intermediates.noindex/RecapEntriesProbe.build/Debug/RecapEntriesMacProbe.build/swift-overrides.hmap -emit-const-values -Xfrontend -const-gather-protocols-file -Xfrontend /Users/runner/work/orbit/orbit/.recap-entries-probe/.dd-mac/Build/Intermediates.noindex/RecapEntriesProbe.build/Debug/RecapEntriesMacProbe.build/Objects-normal/arm64/RecapEntriesMacProbe_const_extract_protocols.json -Xcc -iquote -Xcc /Users/runner/work/orbit/orbit/.recap-entries-probe/.dd-mac/Build/Intermediates.noindex/RecapEntriesProbe.build/Debug/RecapEntriesMacProbe.build/RecapEntriesMacProbe-generated-files.hmap -Xcc -I/Users/runner/work/orbit/orbit/.recap-entries-probe/.dd-mac/Build/Intermediates.noindex/RecapEntriesProbe.build/Debug/RecapEntriesMacProbe.build/RecapEntriesMacProbe-own-target-headers.hmap -Xcc -I/Users/runner/work/orbit/orbit/.recap-entries-probe/.dd-mac/Build/Intermediates.noindex/RecapEntriesProbe.build/Debug/RecapEntriesMacProbe.build/RecapEntriesMacProbe-all-non-framework-target-headers.hmap -Xcc -ivfsoverlay -Xcc /Users/runner/work/orbit/orbit/.recap-entries-probe/.dd-mac/Build/Intermediates.noindex/RecapEntriesProbe.build/Debug/RecapEntriesProbe-20d14421e9c9095d1e064bca5386643e-VFS/all-product-headers.yaml -Xcc -iquote -Xcc /Users/runner/work/orbit/orbit/.recap-entries-probe/.dd-mac/Build/Intermediates.noindex/RecapEntriesProbe.build/Debug/RecapEntriesMacProbe.build/RecapEntriesMacProbe-project-headers.hmap -Xcc -I/Users/runner/work/orbit/orbit/.recap-entries-probe/.dd-mac/SourcePackages/checkouts/swift-cmark/src/include -Xcc -I/Users/runner/work/orbit/orbit/.recap-entries-probe/.dd-mac/SourcePackages/checkouts/swift-cmark/extensions/include -Xcc -I/Users/runner/work/orbit/orbit/.recap-entries-probe/.dd-mac/SourcePackages/checkouts/swift-markdown/Sources/CAtomic/include -Xcc -I/Users/runner/work/orbit/orbit/.recap-entries-probe/.dd-mac/Build/Products/Debug/include -Xcc -I/Users/runner/work/orbit/orbit/.recap-entries-probe/.dd-mac/Build/Intermediates.noindex/RecapEntriesProbe.build/Debug/RecapEntriesMacProbe.build/DerivedSources-normal/arm64 -Xcc -I/Users/runner/work/orbit/orbit/.recap-entries-probe/.dd-mac/Build/Intermediates.noindex/RecapEntriesProbe.build/Debug/RecapEntriesMacProbe.build/DerivedSources/arm64 -Xcc -I/Users/runner/work/orbit/orbit/.recap-entries-probe/.dd-mac/Build/Intermediates.noindex/RecapEntriesProbe.build/Debug/RecapEntriesMacProbe.build/DerivedSources -Xcc -DDEBUG\=1 -emit-objc-header -emit-objc-header-path /Users/runner/work/orbit/orbit/.recap-entries-probe/.dd-mac/Build/Intermediates.noindex/RecapEntriesProbe.build/Debug/RecapEntriesMacProbe.build/Objects-normal/arm64/RecapEntriesMacProbe-Swift.h -working-directory /Users/runner/work/orbit/orbit/.recap-entries-probe -experimental-emit-module-separately -disable-cmo

SwiftDriverJobDiscovery normal arm64 Compiling ConfirmationReviewTurnCardViews.swift, ConfirmationStyle.swift, ConsoleModel.swift, ConsoleRegistry.swift, ConsoleView.swift, CreatedTasksCard.swift, CreatedTasksModel.swift, CreatedTasksPage.swift, FileHandoff.swift, FollowingView.swift, HotKeyManager.swift, ImageViewer.swift, InfrastructureSections.swift, LinkDetection.swift, LoginView.swift, MainView.swift, ManagedRunnerBanner.swift, ManagedRunnerModel.swift, MarkdownView.swift, MenuBarContent.swift, MergeRecoverySheet.swift, MessageBubbles.swift (in target 'RecapEntriesMacProbe' from project 'RecapEntriesProbe')

SwiftCompile normal arm64 Compiling\ AccessTokenRow.swift,\ AccessTokensModel.swift,\ AccountPauseControls.swift,\ AddRunnerSheet.swift,\ AdminModel.swift,\ AgentIdentity.swift,\ AgentsModel.swift,\ AgentsView.swift,\ AppModel.swift,\ ApprovalCards.swift,\ ApprovalReview.swift,\ AttachedNoteView.swift,\ AttachmentImageStore.swift,\ AttachmentViews.swift,\ AutoRetryCard.swift,\ BackgroundTaskViews.swift,\ BackgroundWakeCardView.swift,\ BatchCreateReview.swift,\ BrandMarks.swift,\ CodexResetCreditView.swift,\ CompactShell.swift,\ ComposerView.swift /Users/runner/work/orbit/orbit/src/macos/OrbitApp/Sources/OrbitApp/Views/AccessTokenRow.swift /Users/runner/work/orbit/orbit/src/macos/OrbitApp/Sources/OrbitApp/AccessTokensModel.swift /Users/runner/work/orbit/orbit/src/macos/OrbitApp/Sources/OrbitApp/Views/AccountPauseControls.swift /Users/runner/work/orbit/orbit/src/macos/OrbitApp/Sources/OrbitApp/Views/AddRunnerSheet.swift /Users/runner/work/orbit/orbit/src/macos/OrbitApp/Sources/OrbitApp/AdminModel.swift /Users/runner/work/orbit/orbit/src/macos/OrbitApp/Sources/OrbitApp/Views/AgentIdentity.swift /Users/runner/work/orbit/orbit/src/macos/OrbitApp/Sources/OrbitApp/AgentsModel.swift /Users/runner/work/orbit/orbit/src/macos/OrbitApp/Sources/OrbitApp/Views/AgentsView.swift /Users/runner/work/orbit/orbit/src/macos/OrbitApp/Sources/OrbitApp/AppModel.swift /Users/runner/work/orbit/orbit/src/macos/OrbitApp/Sources/OrbitApp/Views/ApprovalCards.swift /Users/runner/work/orbit/orbit/src/macos/OrbitApp/Sources/OrbitApp/Views/ApprovalReview.swift /Users/runner/work/orbit/orbit/src/macos/OrbitApp/Sources/OrbitApp/Views/Console/AttachedNoteView.swift /Users/runner/work/orbit/orbit/src/macos/OrbitApp/Sources/OrbitApp/AttachmentImageStore.swift /Users/runner/work/orbit/orbit/src/macos/OrbitApp/Sources/OrbitApp/Views/Console/AttachmentViews.swift /Users/runner/work/orbit/orbit/src/macos/OrbitApp/Sources/OrbitApp/Views/Console/AutoRetryCard.swift /Users/runner/work/orbit/orbit/src/macos/OrbitApp/Sources/OrbitApp/Views/Console/BackgroundTaskViews.swift /Users/runner/work/orbit/orbit/src/macos/OrbitApp/Sources/OrbitApp/Views/BackgroundWakeCardView.swift /Users/runner/work/orbit/orbit/src/macos/OrbitApp/Sources/OrbitApp/Views/BatchCreateReview.swift /Users/runner/work/orbit/orbit/src/macos/OrbitApp/Sources/OrbitApp/Views/BrandMarks.swift /Users/runner/work/orbit/orbit/src/macos/OrbitApp/Sources/OrbitApp/Views/CodexResetCreditView.swift /Users/runner/work/orbit/orbit/src/macos/OrbitApp/Sources/OrbitApp/Views/CompactShell.swift /Users/runner/work/orbit/orbit/src/macos/OrbitApp/Sources/OrbitApp/Views/ComposerView.swift (in target 'RecapEntriesMacProbe' from project 'RecapEntriesProbe')
SwiftCompile normal arm64 /Users/runner/work/orbit/orbit/src/macos/OrbitApp/Sources/OrbitApp/Views/AccessTokenRow.swift (in target 'RecapEntriesMacProbe' from project 'RecapEntriesProbe')
    cd /Users/runner/work/orbit/orbit/.recap-entries-probe
    

SwiftCompile normal arm64 /Users/runner/work/orbit/orbit/src/macos/OrbitApp/Sources/OrbitApp/AccessTokensModel.swift (in target 'RecapEntriesMacProbe' from project 'RecapEntriesProbe')
    cd /Users/runner/work/orbit/orbit/.recap-entries-probe
    

SwiftCompile normal arm64 /Users/runner/work/orbit/orbit/src/macos/OrbitApp/Sources/OrbitApp/Views/AccountPauseControls.swift (in target 'RecapEntriesMacProbe' from project 'RecapEntriesProbe')
    cd /Users/runner/work/orbit/orbit/.recap-entries-probe
    

SwiftCompile normal arm64 /Users/runner/work/orbit/orbit/src/macos/OrbitApp/Sources/OrbitApp/Views/AddRunnerSheet.swift (in target 'RecapEntriesMacProbe' from project 'RecapEntriesProbe')
    cd /Users/runner/work/orbit/orbit/.recap-entries-probe
    

SwiftCompile normal arm64 /Users/runner/work/orbit/orbit/src/macos/OrbitApp/Sources/OrbitApp/AdminModel.swift (in target 'RecapEntriesMacProbe' from project 'RecapEntriesProbe')
    cd /Users/runner/work/orbit/orbit/.recap-entries-probe
    

SwiftCompile normal arm64 /Users/runner/work/orbit/orbit/src/macos/OrbitApp/Sources/OrbitApp/Views/AgentIdentity.swift (in target 'RecapEntriesMacProbe' from project 'RecapEntriesProbe')
    cd /Users/runner/work/orbit/orbit/.recap-entries-probe
    

SwiftCompile normal arm64 /Users/runner/work/orbit/orbit/src/macos/OrbitApp/Sources/OrbitApp/AgentsModel.swift (in target 'RecapEntriesMacProbe' from project 'RecapEntriesProbe')
    cd /Users/runner/work/orbit/orbit/.recap-entries-probe
    

SwiftCompile normal arm64 /Users/runner/work/orbit/orbit/src/macos/OrbitApp/Sources/OrbitApp/Views/AgentsView.swift (in target 'RecapEntriesMacProbe' from project 'RecapEntriesProbe')
    cd /Users/runner/work/orbit/orbit/.recap-entries-probe
    

SwiftCompile normal arm64 /Users/runner/work/orbit/orbit/src/macos/OrbitApp/Sources/OrbitApp/AppModel.swift (in target 'RecapEntriesMacProbe' from project 'RecapEntriesProbe')
    cd /Users/runner/work/orbit/orbit/.recap-entries-probe
    

SwiftCompile normal arm64 /Users/runner/work/orbit/orbit/src/macos/OrbitApp/Sources/OrbitApp/Views/ApprovalCards.swift (in target 'RecapEntriesMacProbe' from project 'RecapEntriesProbe')
    cd /Users/runner/work/orbit/orbit/.recap-entries-probe
    

SwiftCompile normal arm64 /Users/runner/work/orbit/orbit/src/macos/OrbitApp/Sources/OrbitApp/Views/ApprovalReview.swift (in target 'RecapEntriesMacProbe' from project 'RecapEntriesProbe')
    cd /Users/runner/work/orbit/orbit/.recap-entries-probe
    

SwiftCompile normal arm64 /Users/runner/work/orbit/orbit/src/macos/OrbitApp/Sources/OrbitApp/Views/Console/AttachedNoteView.swift (in target 'RecapEntriesMacProbe' from project 'RecapEntriesProbe')
    cd /Users/runner/work/orbit/orbit/.recap-entries-probe
    

SwiftCompile normal arm64 /Users/runner/work/orbit/orbit/src/macos/OrbitApp/Sources/OrbitApp/AttachmentImageStore.swift (in target 'RecapEntriesMacProbe' from project 'RecapEntriesProbe')
    cd /Users/runner/work/orbit/orbit/.recap-entries-probe
    

SwiftCompile normal arm64 /Users/runner/work/orbit/orbit/src/macos/OrbitApp/Sources/OrbitApp/Views/Console/AttachmentViews.swift (in target 'RecapEntriesMacProbe' from project 'RecapEntriesProbe')
    cd /Users/runner/work/orbit/orbit/.recap-entries-probe
    

SwiftCompile normal arm64 /Users/runner/work/orbit/orbit/src/macos/OrbitApp/Sources/OrbitApp/Views/Console/AutoRetryCard.swift (in target 'RecapEntriesMacProbe' from project 'RecapEntriesProbe')
    cd /Users/runner/work/orbit/orbit/.recap-entries-probe
    

SwiftCompile normal arm64 /Users/runner/work/orbit/orbit/src/macos/OrbitApp/Sources/OrbitApp/Views/Console/BackgroundTaskViews.swift (in target 'RecapEntriesMacProbe' from project 'RecapEntriesProbe')
    cd /Users/runner/work/orbit/orbit/.recap-entries-probe
    

SwiftCompile normal arm64 /Users/runner/work/orbit/orbit/src/macos/OrbitApp/Sources/OrbitApp/Views/BackgroundWakeCardView.swift (in target 'RecapEntriesMacProbe' from project 'RecapEntriesProbe')
    cd /Users/runner/work/orbit/orbit/.recap-entries-probe
    

SwiftCompile normal arm64 /Users/runner/work/orbit/orbit/src/macos/OrbitApp/Sources/OrbitApp/Views/BatchCreateReview.swift (in target 'RecapEntriesMacProbe' from project 'RecapEntriesProbe')
    cd /Users/runner/work/orbit/orbit/.recap-entries-probe
    

SwiftCompile normal arm64 /Users/runner/work/orbit/orbit/src/macos/OrbitApp/Sources/OrbitApp/Views/BrandMarks.swift (in target 'RecapEntriesMacProbe' from project 'RecapEntriesProbe')
    cd /Users/runner/work/orbit/orbit/.recap-entries-probe
    

SwiftCompile normal arm64 /Users/runner/work/orbit/orbit/src/macos/OrbitApp/Sources/OrbitApp/Views/CodexResetCreditView.swift (in target 'RecapEntriesMacProbe' from project 'RecapEntriesProbe')
    cd /Users/runner/work/orbit/orbit/.recap-entries-probe
    

SwiftCompile normal arm64 /Users/runner/work/orbit/orbit/src/macos/OrbitApp/Sources/OrbitApp/Views/CompactShell.swift (in target 'RecapEntriesMacProbe' from project 'RecapEntriesProbe')
    cd /Users/runner/work/orbit/orbit/.recap-entries-probe
    

SwiftCompile normal arm64 /Users/runner/work/orbit/orbit/src/macos/OrbitApp/Sources/OrbitApp/Views/ComposerView.swift (in target 'RecapEntriesMacProbe' from project 'RecapEntriesProbe')
    cd /Users/runner/work/orbit/orbit/.recap-entries-probe
    

SwiftMergeGeneratedHeaders /Users/runner/work/orbit/orbit/.recap-entries-probe/.dd-mac/Build/Intermediates.noindex/RecapEntriesProbe.build/Debug/RecapEntriesMacProbe.build/DerivedSources/RecapEntriesMacProbe-Swift.h /Users/runner/work/orbit/orbit/.recap-entries-probe/.dd-mac/Build/Intermediates.noindex/RecapEntriesProbe.build/Debug/RecapEntriesMacProbe.build/Objects-normal/arm64/RecapEntriesMacProbe-Swift.h (in target 'RecapEntriesMacProbe' from project 'RecapEntriesProbe')
    cd /Users/runner/work/orbit/orbit/.recap-entries-probe
    builtin-swiftHeaderTool -arch arm64 /Users/runner/work/orbit/orbit/.recap-entries-probe/.dd-mac/Build/Intermediates.noindex/RecapEntriesProbe.build/Debug/RecapEntriesMacProbe.build/Objects-normal/arm64/RecapEntriesMacProbe-Swift.h -o /Users/runner/work/orbit/orbit/.recap-entries-probe/.dd-mac/Build/Intermediates.noindex/RecapEntriesProbe.build/Debug/RecapEntriesMacProbe.build/DerivedSources/RecapEntriesMacProbe-Swift.h

SwiftDriverJobDiscovery normal arm64 Compiling UserTurnRow.swift, WatchViews.swift, WatchWakeCardView.swift, WatchesModel.swift, WatchingCard.swift, WikiActivityView.swift, WikiArticleView.swift, WikiContentsColumn.swift, WikiDocScreens.swift, WikiDocView.swift, WikiJobView.swift, WikiModel.swift, WikiPlanView.swift, WikiRunView.swift, WikiScreens.swift, WikiSettingsView.swift, WikiView.swift, WorktreeBar.swift, WorktreeFilePreview.swift, WorktreeModel.swift, GeneratedAssetSymbols.swift (in target 'RecapEntriesMacProbe' from project 'RecapEntriesProbe')

Copy /Users/runner/work/orbit/orbit/.recap-entries-probe/.dd-mac/Build/Products/Debug/RecapEntriesMacProbe.swiftmodule/arm64-apple-macos.swiftmodule /Users/runner/work/orbit/orbit/.recap-entries-probe/.dd-mac/Build/Intermediates.noindex/RecapEntriesProbe.build/Debug/RecapEntriesMacProbe.build/Objects-normal/arm64/RecapEntriesMacProbe.swiftmodule (in target 'RecapEntriesMacProbe' from project 'RecapEntriesProbe')
    cd /Users/runner/work/orbit/orbit/.recap-entries-probe
    builtin-copy -exclude .DS_Store -exclude CVS -exclude .svn -exclude .git -exclude .hg -resolve-src-symlinks -rename /Users/runner/work/orbit/orbit/.recap-entries-probe/.dd-mac/Build/Intermediates.noindex/RecapEntriesProbe.build/Debug/RecapEntriesMacProbe.build/Objects-normal/arm64/RecapEntriesMacProbe.swiftmodule /Users/runner/work/orbit/orbit/.recap-entries-probe/.dd-mac/Build/Products/Debug/RecapEntriesMacProbe.swiftmodule/arm64-apple-macos.swiftmodule

Copy /Users/runner/work/orbit/orbit/.recap-entries-probe/.dd-mac/Build/Products/Debug/RecapEntriesMacProbe.swiftmodule/arm64-apple-macos.swiftdoc /Users/runner/work/orbit/orbit/.recap-entries-probe/.dd-mac/Build/Intermediates.noindex/RecapEntriesProbe.build/Debug/RecapEntriesMacProbe.build/Objects-normal/arm64/RecapEntriesMacProbe.swiftdoc (in target 'RecapEntriesMacProbe' from project 'RecapEntriesProbe')
    cd /Users/runner/work/orbit/orbit/.recap-entries-probe
    builtin-copy -exclude .DS_Store -exclude CVS -exclude .svn -exclude .git -exclude .hg -resolve-src-symlinks -rename /Users/runner/work/orbit/orbit/.recap-entries-probe/.dd-mac/Build/Intermediates.noindex/RecapEntriesProbe.build/Debug/RecapEntriesMacProbe.build/Objects-normal/arm64/RecapEntriesMacProbe.swiftdoc /Users/runner/work/orbit/orbit/.recap-entries-probe/.dd-mac/Build/Products/Debug/RecapEntriesMacProbe.swiftmodule/arm64-apple-macos.swiftdoc

Copy /Users/runner/work/orbit/orbit/.recap-entries-probe/.dd-mac/Build/Products/Debug/RecapEntriesMacProbe.swiftmodule/arm64-apple-macos.abi.json /Users/runner/work/orbit/orbit/.recap-entries-probe/.dd-mac/Build/Intermediates.noindex/RecapEntriesProbe.build/Debug/RecapEntriesMacProbe.build/Objects-normal/arm64/RecapEntriesMacProbe.abi.json (in target 'RecapEntriesMacProbe' from project 'RecapEntriesProbe')
    cd /Users/runner/work/orbit/orbit/.recap-entries-probe
    builtin-copy -exclude .DS_Store -exclude CVS -exclude .svn -exclude .git -exclude .hg -resolve-src-symlinks -rename /Users/runner/work/orbit/orbit/.recap-entries-probe/.dd-mac/Build/Intermediates.noindex/RecapEntriesProbe.build/Debug/RecapEntriesMacProbe.build/Objects-normal/arm64/RecapEntriesMacProbe.abi.json /Users/runner/work/orbit/orbit/.recap-entries-probe/.dd-mac/Build/Products/Debug/RecapEntriesMacProbe.swiftmodule/arm64-apple-macos.abi.json

Copy /Users/runner/work/orbit/orbit/.recap-entries-probe/.dd-mac/Build/Products/Debug/RecapEntriesMacProbe.swiftmodule/Project/arm64-apple-macos.swiftsourceinfo /Users/runner/work/orbit/orbit/.recap-entries-probe/.dd-mac/Build/Intermediates.noindex/RecapEntriesProbe.build/Debug/RecapEntriesMacProbe.build/Objects-normal/arm64/RecapEntriesMacProbe.swiftsourceinfo (in target 'RecapEntriesMacProbe' from project 'RecapEntriesProbe')
    cd /Users/runner/work/orbit/orbit/.recap-entries-probe
    builtin-copy -exclude .DS_Store -exclude CVS -exclude .svn -exclude .git -exclude .hg -resolve-src-symlinks -rename /Users/runner/work/orbit/orbit/.recap-entries-probe/.dd-mac/Build/Intermediates.noindex/RecapEntriesProbe.build/Debug/RecapEntriesMacProbe.build/Objects-normal/arm64/RecapEntriesMacProbe.swiftsourceinfo /Users/runner/work/orbit/orbit/.recap-entries-probe/.dd-mac/Build/Products/Debug/RecapEntriesMacProbe.swiftmodule/Project/arm64-apple-macos.swiftsourceinfo

SwiftCompile normal arm64 Compiling\ MonospaceOutputViewer.swift,\ NeedsYouBannerView.swift,\ NotificationManager.swift,\ OpenItemDeliveryCardView.swift,\ OrbitLinkCardView.swift,\ OrbitLinkCards.swift,\ Platform.swift,\ PoolChip.swift,\ ProbeArgs.swift,\ ProjectCrossingRow.swift,\ ProjectDoneCards.swift,\ ProjectGraphView.swift,\ ProjectLandingJobsSheet.swift,\ ProjectLandingRow.swift,\ ProjectMergeModel.swift,\ ProjectStartedCardView.swift,\ ProjectsModel.swift,\ ProjectsView.swift,\ ProviderPoolViews.swift,\ QuestionRecordViews.swift,\ RecapEntriesMacProbe.swift /Users/runner/work/orbit/orbit/src/macos/OrbitApp/Sources/OrbitApp/Views/Console/MonospaceOutputViewer.swift /Users/runner/work/orbit/orbit/src/macos/OrbitApp/Sources/OrbitApp/Views/NeedsYouBannerView.swift /Users/runner/work/orbit/orbit/src/macos/OrbitApp/Sources/OrbitApp/NotificationManager.swift /Users/runner/work/orbit/orbit/src/macos/OrbitApp/Sources/OrbitApp/Views/OpenItemDeliveryCardView.swift /Users/runner/work/orbit/orbit/src/macos/OrbitApp/Sources/OrbitApp/Views/OrbitLinkCardView.swift /Users/runner/work/orbit/orbit/src/macos/OrbitApp/Sources/OrbitApp/OrbitLinkCards.swift /Users/runner/work/orbit/orbit/src/macos/OrbitApp/Sources/OrbitApp/Platform.swift /Users/runner/work/orbit/orbit/src/macos/OrbitApp/Sources/OrbitApp/Views/PoolChip.swift /Users/runner/work/orbit/orbit/.recap-entries-probe/ProbeArgs.swift /Users/runner/work/orbit/orbit/src/macos/OrbitApp/Sources/OrbitApp/Views/ProjectCrossingRow.swift /Users/runner/work/orbit/orbit/src/macos/OrbitApp/Sources/OrbitApp/Views/ProjectDoneCards.swift /Users/runner/work/orbit/orbit/src/macos/OrbitApp/Sources/OrbitApp/Views/ProjectGraphView.swift /Users/runner/work/orbit/orbit/src/macos/OrbitApp/Sources/OrbitApp/Views/ProjectLandingJobsSheet.swift /Users/runner/work/orbit/orbit/src/macos/OrbitApp/Sources/OrbitApp/Views/ProjectLandingRow.swift /Users/runner/work/orbit/orbit/src/macos/OrbitApp/Sources/OrbitApp/ProjectMergeModel.swift /Users/runner/work/orbit/orbit/src/macos/OrbitApp/Sources/OrbitApp/Views/ProjectStartedCardView.swift /Users/runner/work/orbit/orbit/src/macos/OrbitApp/Sources/OrbitApp/ProjectsModel.swift /Users/runner/work/orbit/orbit/src/macos/OrbitApp/Sources/OrbitApp/Views/ProjectsView.swift /Users/runner/work/orbit/orbit/src/macos/OrbitApp/Sources/OrbitApp/Views/ProviderPoolViews.swift /Users/runner/work/orbit/orbit/src/macos/OrbitApp/Sources/OrbitApp/Views/Console/QuestionRecordViews.swift /Users/runner/work/orbit/orbit/.recap-entries-probe/mac/RecapEntriesMacProbe.swift (in target 'RecapEntriesMacProbe' from project 'RecapEntriesProbe')

SwiftCompile normal arm64 /Users/runner/work/orbit/orbit/src/macos/OrbitApp/Sources/OrbitApp/Views/Console/MonospaceOutputViewer.swift (in target 'RecapEntriesMacProbe' from project 'RecapEntriesProbe')
    cd /Users/runner/work/orbit/orbit/.recap-entries-probe
    

SwiftCompile normal arm64 /Users/runner/work/orbit/orbit/src/macos/OrbitApp/Sources/OrbitApp/Views/NeedsYouBannerView.swift (in target 'RecapEntriesMacProbe' from project 'RecapEntriesProbe')
    cd /Users/runner/work/orbit/orbit/.recap-entries-probe
    

SwiftCompile normal arm64 /Users/runner/work/orbit/orbit/src/macos/OrbitApp/Sources/OrbitApp/NotificationManager.swift (in target 'RecapEntriesMacProbe' from project 'RecapEntriesProbe')
    cd /Users/runner/work/orbit/orbit/.recap-entries-probe
    

SwiftCompile normal arm64 /Users/runner/work/orbit/orbit/src/macos/OrbitApp/Sources/OrbitApp/Views/OpenItemDeliveryCardView.swift (in target 'RecapEntriesMacProbe' from project 'RecapEntriesProbe')
    cd /Users/runner/work/orbit/orbit/.recap-entries-probe
    

SwiftCompile normal arm64 /Users/runner/work/orbit/orbit/src/macos/OrbitApp/Sources/OrbitApp/Views/OrbitLinkCardView.swift (in target 'RecapEntriesMacProbe' from project 'RecapEntriesProbe')
    cd /Users/runner/work/orbit/orbit/.recap-entries-probe
    

SwiftCompile normal arm64 /Users/runner/work/orbit/orbit/src/macos/OrbitApp/Sources/OrbitApp/OrbitLinkCards.swift (in target 'RecapEntriesMacProbe' from project 'RecapEntriesProbe')
    cd /Users/runner/work/orbit/orbit/.recap-entries-probe
    

SwiftCompile normal arm64 /Users/runner/work/orbit/orbit/src/macos/OrbitApp/Sources/OrbitApp/Platform.swift (in target 'RecapEntriesMacProbe' from project 'RecapEntriesProbe')
    cd /Users/runner/work/orbit/orbit/.recap-entries-probe
    

SwiftCompile normal arm64 /Users/runner/work/orbit/orbit/src/macos/OrbitApp/Sources/OrbitApp/Views/PoolChip.swift (in target 'RecapEntriesMacProbe' from project 'RecapEntriesProbe')
    cd /Users/runner/work/orbit/orbit/.recap-entries-probe
    

SwiftCompile normal arm64 /Users/runner/work/orbit/orbit/.recap-entries-probe/ProbeArgs.swift (in target 'RecapEntriesMacProbe' from project 'RecapEntriesProbe')
    cd /Users/runner/work/orbit/orbit/.recap-entries-probe
    

SwiftCompile normal arm64 /Users/runner/work/orbit/orbit/src/macos/OrbitApp/Sources/OrbitApp/Views/ProjectCrossingRow.swift (in target 'RecapEntriesMacProbe' from project 'RecapEntriesProbe')
    cd /Users/runner/work/orbit/orbit/.recap-entries-probe
    

SwiftCompile normal arm64 /Users/runner/work/orbit/orbit/src/macos/OrbitApp/Sources/OrbitApp/Views/ProjectDoneCards.swift (in target 'RecapEntriesMacProbe' from project 'RecapEntriesProbe')
    cd /Users/runner/work/orbit/orbit/.recap-entries-probe
    

SwiftCompile normal arm64 /Users/runner/work/orbit/orbit/src/macos/OrbitApp/Sources/OrbitApp/Views/ProjectGraphView.swift (in target 'RecapEntriesMacProbe' from project 'RecapEntriesProbe')
    cd /Users/runner/work/orbit/orbit/.recap-entries-probe
    

SwiftCompile normal arm64 /Users/runner/work/orbit/orbit/src/macos/OrbitApp/Sources/OrbitApp/Views/ProjectLandingJobsSheet.swift (in target 'RecapEntriesMacProbe' from project 'RecapEntriesProbe')
    cd /Users/runner/work/orbit/orbit/.recap-entries-probe
    

SwiftCompile normal arm64 /Users/runner/work/orbit/orbit/src/macos/OrbitApp/Sources/OrbitApp/Views/ProjectLandingRow.swift (in target 'RecapEntriesMacProbe' from project 'RecapEntriesProbe')
    cd /Users/runner/work/orbit/orbit/.recap-entries-probe
    
/Users/runner/work/orbit/orbit/src/macos/OrbitApp/Sources/OrbitApp/Views/ProjectLandingRow.swift:92:14: warning: 'onChange(of:perform:)' was deprecated in macOS 14.0: Use `onChange` with a two or zero parameter action closure instead.
            .onChange(of: running) { spun = $0 }
             ^

SwiftCompile normal arm64 /Users/runner/work/orbit/orbit/src/macos/OrbitApp/Sources/OrbitApp/ProjectMergeModel.swift (in target 'RecapEntriesMacProbe' from project 'RecapEntriesProbe')
    cd /Users/runner/work/orbit/orbit/.recap-entries-probe
    

SwiftCompile normal arm64 /Users/runner/work/orbit/orbit/src/macos/OrbitApp/Sources/OrbitApp/Views/ProjectStartedCardView.swift (in target 'RecapEntriesMacProbe' from project 'RecapEntriesProbe')
    cd /Users/runner/work/orbit/orbit/.recap-entries-probe
    

SwiftCompile normal arm64 /Users/runner/work/orbit/orbit/src/macos/OrbitApp/Sources/OrbitApp/ProjectsModel.swift (in target 'RecapEntriesMacProbe' from project 'RecapEntriesProbe')
    cd /Users/runner/work/orbit/orbit/.recap-entries-probe
    

SwiftCompile normal arm64 /Users/runner/work/orbit/orbit/src/macos/OrbitApp/Sources/OrbitApp/Views/ProjectsView.swift (in target 'RecapEntriesMacProbe' from project 'RecapEntriesProbe')
    cd /Users/runner/work/orbit/orbit/.recap-entries-probe
    

SwiftCompile normal arm64 /Users/runner/work/orbit/orbit/src/macos/OrbitApp/Sources/OrbitApp/Views/ProviderPoolViews.swift (in target 'RecapEntriesMacProbe' from project 'RecapEntriesProbe')
    cd /Users/runner/work/orbit/orbit/.recap-entries-probe
    

SwiftCompile normal arm64 /Users/runner/work/orbit/orbit/src/macos/OrbitApp/Sources/OrbitApp/Views/Console/QuestionRecordViews.swift (in target 'RecapEntriesMacProbe' from project 'RecapEntriesProbe')
    cd /Users/runner/work/orbit/orbit/.recap-entries-probe
    

SwiftCompile normal arm64 /Users/runner/work/orbit/orbit/.recap-entries-probe/mac/RecapEntriesMacProbe.swift (in target 'RecapEntriesMacProbe' from project 'RecapEntriesProbe')
    cd /Users/runner/work/orbit/orbit/.recap-entries-probe
    
/Users/runner/work/orbit/orbit/.recap-entries-probe/mac/RecapEntriesMacProbe.swift:84:27: warning: 'CGWindowListCreateImage' was deprecated in macOS 14.0: Please use ScreenCaptureKit instead.
              let image = CGWindowListCreateImage(.null, .optionIncludingWindow,
                          ^

SwiftDriverJobDiscovery normal arm64 Compiling SessionRowActions.swift, SessionRunStartCard.swift, SessionSearchView.swift, SessionTagViews.swift, SettingsAdminView.swift, SettingsSheet.swift, ShareSheet.swift, SharedLinksModel.swift, SharedPoolsModel.swift, SkillsRunnersView.swift, TaskDetailParts.swift, TaskListParts.swift, TaskRunHandoffCard.swift, TaskStartCardView.swift, TasksModel.swift, TasksView.swift, ToastHost.swift, ToolCards.swift, TopInsetClearOfRefresh.swift, Typography.swift, UpdaterModel.swift (in target 'RecapEntriesMacProbe' from project 'RecapEntriesProbe')

SwiftCompile normal arm64 Compiling\ RowSwipeActions.swift,\ RunnerControl.swift,\ RunnerControlPane.swift,\ RunnerEnginePage.swift,\ RunnerNamePage.swift,\ RunnerPageParts.swift,\ RunnerSignInModel.swift,\ RunnerSignInView.swift,\ RunnersModel.swift,\ SelectableText.swift,\ SessionCoordinatorBadge.swift,\ SessionFolderPage.swift,\ SessionLineText.swift,\ SessionListSearch.swift,\ SessionMessageCardView.swift,\ SessionMoveSheet.swift,\ SessionMoveTargetPage.swift,\ SessionProjectListSupport.swift,\ SessionProjectPage.swift,\ SessionRenameAlert.swift,\ SessionReplyCardView.swift /Users/runner/work/orbit/orbit/src/macos/OrbitApp/Sources/OrbitApp/Views/RowSwipeActions.swift /Users/runner/work/orbit/orbit/src/macos/OrbitApp/Sources/OrbitApp/RunnerControl.swift /Users/runner/work/orbit/orbit/src/macos/OrbitApp/Sources/OrbitApp/Views/RunnerControlPane.swift /Users/runner/work/orbit/orbit/src/macos/OrbitApp/Sources/OrbitApp/Views/RunnerEnginePage.swift /Users/runner/work/orbit/orbit/src/macos/OrbitApp/Sources/OrbitApp/Views/RunnerNamePage.swift /Users/runner/work/orbit/orbit/src/macos/OrbitApp/Sources/OrbitApp/Views/RunnerPageParts.swift /Users/runner/work/orbit/orbit/src/macos/OrbitApp/Sources/OrbitApp/RunnerSignInModel.swift /Users/runner/work/orbit/orbit/src/macos/OrbitApp/Sources/OrbitApp/Views/RunnerSignInView.swift /Users/runner/work/orbit/orbit/src/macos/OrbitApp/Sources/OrbitApp/RunnersModel.swift /Users/runner/work/orbit/orbit/src/macos/OrbitApp/Sources/OrbitApp/Views/Console/SelectableText.swift /Users/runner/work/orbit/orbit/src/macos/OrbitApp/Sources/OrbitApp/Views/SessionCoordinatorBadge.swift /Users/runner/work/orbit/orbit/src/macos/OrbitApp/Sources/OrbitApp/Views/SessionFolderPage.swift /Users/runner/work/orbit/orbit/src/macos/OrbitApp/Sources/OrbitApp/Views/SessionLineText.swift /Users/runner/work/orbit/orbit/src/macos/OrbitApp/Sources/OrbitApp/Views/SessionListSearch.swift /Users/runner/work/orbit/orbit/src/macos/OrbitApp/Sources/OrbitApp/Views/SessionMessageCardView.swift /Users/runner/work/orbit/orbit/src/macos/OrbitApp/Sources/OrbitApp/Views/SessionMoveSheet.swift /Users/runner/work/orbit/orbit/src/macos/OrbitApp/Sources/OrbitApp/Views/SessionMoveTargetPage.swift /Users/runner/work/orbit/orbit/src/macos/OrbitApp/Sources/OrbitApp/Views/SessionProjectListSupport.swift /Users/runner/work/orbit/orbit/src/macos/OrbitApp/Sources/OrbitApp/Views/SessionProjectPage.swift /Users/runner/work/orbit/orbit/src/macos/OrbitApp/Sources/OrbitApp/Views/SessionRenameAlert.swift /Users/runner/work/orbit/orbit/src/macos/OrbitApp/Sources/OrbitApp/Views/SessionReplyCardView.swift (in target 'RecapEntriesMacProbe' from project 'RecapEntriesProbe')

SwiftCompile normal arm64 /Users/runner/work/orbit/orbit/src/macos/OrbitApp/Sources/OrbitApp/Views/RowSwipeActions.swift (in target 'RecapEntriesMacProbe' from project 'RecapEntriesProbe')
    cd /Users/runner/work/orbit/orbit/.recap-entries-probe
    

SwiftCompile normal arm64 /Users/runner/work/orbit/orbit/src/macos/OrbitApp/Sources/OrbitApp/RunnerControl.swift (in target 'RecapEntriesMacProbe' from project 'RecapEntriesProbe')
    cd /Users/runner/work/orbit/orbit/.recap-entries-probe
    

SwiftCompile normal arm64 /Users/runner/work/orbit/orbit/src/macos/OrbitApp/Sources/OrbitApp/Views/RunnerControlPane.swift (in target 'RecapEntriesMacProbe' from project 'RecapEntriesProbe')
    cd /Users/runner/work/orbit/orbit/.recap-entries-probe
    

SwiftCompile normal arm64 /Users/runner/work/orbit/orbit/src/macos/OrbitApp/Sources/OrbitApp/Views/RunnerEnginePage.swift (in target 'RecapEntriesMacProbe' from project 'RecapEntriesProbe')
    cd /Users/runner/work/orbit/orbit/.recap-entries-probe
    

SwiftCompile normal arm64 /Users/runner/work/orbit/orbit/src/macos/OrbitApp/Sources/OrbitApp/Views/RunnerNamePage.swift (in target 'RecapEntriesMacProbe' from project 'RecapEntriesProbe')
    cd /Users/runner/work/orbit/orbit/.recap-entries-probe
    

SwiftCompile normal arm64 /Users/runner/work/orbit/orbit/src/macos/OrbitApp/Sources/OrbitApp/Views/RunnerPageParts.swift (in target 'RecapEntriesMacProbe' from project 'RecapEntriesProbe')
    cd /Users/runner/work/orbit/orbit/.recap-entries-probe
    

SwiftCompile normal arm64 /Users/runner/work/orbit/orbit/src/macos/OrbitApp/Sources/OrbitApp/RunnerSignInModel.swift (in target 'RecapEntriesMacProbe' from project 'RecapEntriesProbe')
    cd /Users/runner/work/orbit/orbit/.recap-entries-probe
    

SwiftCompile normal arm64 /Users/runner/work/orbit/orbit/src/macos/OrbitApp/Sources/OrbitApp/Views/RunnerSignInView.swift (in target 'RecapEntriesMacProbe' from project 'RecapEntriesProbe')
    cd /Users/runner/work/orbit/orbit/.recap-entries-probe
    

SwiftCompile normal arm64 /Users/runner/work/orbit/orbit/src/macos/OrbitApp/Sources/OrbitApp/RunnersModel.swift (in target 'RecapEntriesMacProbe' from project 'RecapEntriesProbe')
    cd /Users/runner/work/orbit/orbit/.recap-entries-probe
    

SwiftCompile normal arm64 /Users/runner/work/orbit/orbit/src/macos/OrbitApp/Sources/OrbitApp/Views/Console/SelectableText.swift (in target 'RecapEntriesMacProbe' from project 'RecapEntriesProbe')
    cd /Users/runner/work/orbit/orbit/.recap-entries-probe
    

SwiftCompile normal arm64 /Users/runner/work/orbit/orbit/src/macos/OrbitApp/Sources/OrbitApp/Views/SessionCoordinatorBadge.swift (in target 'RecapEntriesMacProbe' from project 'RecapEntriesProbe')
    cd /Users/runner/work/orbit/orbit/.recap-entries-probe
    

SwiftCompile normal arm64 /Users/runner/work/orbit/orbit/src/macos/OrbitApp/Sources/OrbitApp/Views/SessionFolderPage.swift (in target 'RecapEntriesMacProbe' from project 'RecapEntriesProbe')
    cd /Users/runner/work/orbit/orbit/.recap-entries-probe
    

SwiftCompile normal arm64 /Users/runner/work/orbit/orbit/src/macos/OrbitApp/Sources/OrbitApp/Views/SessionLineText.swift (in target 'RecapEntriesMacProbe' from project 'RecapEntriesProbe')
    cd /Users/runner/work/orbit/orbit/.recap-entries-probe
    

SwiftCompile normal arm64 /Users/runner/work/orbit/orbit/src/macos/OrbitApp/Sources/OrbitApp/Views/SessionListSearch.swift (in target 'RecapEntriesMacProbe' from project 'RecapEntriesProbe')
    cd /Users/runner/work/orbit/orbit/.recap-entries-probe
    

SwiftCompile normal arm64 /Users/runner/work/orbit/orbit/src/macos/OrbitApp/Sources/OrbitApp/Views/SessionMessageCardView.swift (in target 'RecapEntriesMacProbe' from project 'RecapEntriesProbe')
    cd /Users/runner/work/orbit/orbit/.recap-entries-probe
    

SwiftCompile normal arm64 /Users/runner/work/orbit/orbit/src/macos/OrbitApp/Sources/OrbitApp/Views/SessionMoveSheet.swift (in target 'RecapEntriesMacProbe' from project 'RecapEntriesProbe')
    cd /Users/runner/work/orbit/orbit/.recap-entries-probe
    

SwiftCompile normal arm64 /Users/runner/work/orbit/orbit/src/macos/OrbitApp/Sources/OrbitApp/Views/SessionMoveTargetPage.swift (in target 'RecapEntriesMacProbe' from project 'RecapEntriesProbe')
    cd /Users/runner/work/orbit/orbit/.recap-entries-probe
    

SwiftCompile normal arm64 /Users/runner/work/orbit/orbit/src/macos/OrbitApp/Sources/OrbitApp/Views/SessionProjectListSupport.swift (in target 'RecapEntriesMacProbe' from project 'RecapEntriesProbe')
    cd /Users/runner/work/orbit/orbit/.recap-entries-probe
    

SwiftCompile normal arm64 /Users/runner/work/orbit/orbit/src/macos/OrbitApp/Sources/OrbitApp/Views/SessionProjectPage.swift (in target 'RecapEntriesMacProbe' from project 'RecapEntriesProbe')
    cd /Users/runner/work/orbit/orbit/.recap-entries-probe
    

SwiftCompile normal arm64 /Users/runner/work/orbit/orbit/src/macos/OrbitApp/Sources/OrbitApp/Views/SessionRenameAlert.swift (in target 'RecapEntriesMacProbe' from project 'RecapEntriesProbe')
    cd /Users/runner/work/orbit/orbit/.recap-entries-probe
    

SwiftCompile normal arm64 /Users/runner/work/orbit/orbit/src/macos/OrbitApp/Sources/OrbitApp/Views/SessionReplyCardView.swift (in target 'RecapEntriesMacProbe' from project 'RecapEntriesProbe')
    cd /Users/runner/work/orbit/orbit/.recap-entries-probe
    

SwiftDriverJobDiscovery normal arm64 Compiling RowSwipeActions.swift, RunnerControl.swift, RunnerControlPane.swift, RunnerEnginePage.swift, RunnerNamePage.swift, RunnerPageParts.swift, RunnerSignInModel.swift, RunnerSignInView.swift, RunnersModel.swift, SelectableText.swift, SessionCoordinatorBadge.swift, SessionFolderPage.swift, SessionLineText.swift, SessionListSearch.swift, SessionMessageCardView.swift, SessionMoveSheet.swift, SessionMoveTargetPage.swift, SessionProjectListSupport.swift, SessionProjectPage.swift, SessionRenameAlert.swift, SessionReplyCardView.swift (in target 'RecapEntriesMacProbe' from project 'RecapEntriesProbe')

ExtractAppIntentsMetadata (in target 'OrbitKit' from project 'OrbitKit')
    cd /Users/runner/work/orbit/orbit/src/macos/OrbitKit
    /Applications/Xcode_26.6.app/Contents/Developer/Toolchains/XcodeDefault.xctoolchain/usr/bin/appintentsmetadataprocessor --toolchain-dir /var/run/com.apple.security.cryptexd/mnt/com.apple.MobileAsset.MetalToolchain-v17.6.109.0.TD4BrU/Metal.xctoolchain --module-name OrbitKit --sdk-root /Applications/Xcode_26.6.app/Contents/Developer/Platforms/MacOSX.platform/Developer/SDKs/MacOSX26.5.sdk --xcode-version 17F113 --platform-family macOS --deployment-target 13.0 --bundle-identifier orbitkit.OrbitKit --output /Users/runner/work/orbit/orbit/.recap-entries-probe/.dd-mac/Build/Products/Debug/OrbitKit.appintents --target-triple arm64-apple-macos13.0 --binary-file /Users/runner/work/orbit/orbit/.recap-entries-probe/.dd-mac/Build/Products/Debug/OrbitKit.o --dependency-file /Users/runner/work/orbit/orbit/.recap-entries-probe/.dd-mac/Build/Intermediates.noindex/OrbitKit.build/Debug/OrbitKit.build/Objects-normal/arm64/OrbitKit_dependency_info.dat --stringsdata-file /Users/runner/work/orbit/orbit/.recap-entries-probe/.dd-mac/Build/Intermediates.noindex/OrbitKit.build/Debug/OrbitKit.build/Objects-normal/arm64/ExtractedAppShortcutsMetadata.stringsdata --source-file-list /Users/runner/work/orbit/orbit/.recap-entries-probe/.dd-mac/Build/Intermediates.noindex/OrbitKit.build/Debug/OrbitKit.build/Objects-normal/arm64/OrbitKit.SwiftFileList --metadata-file-list /Users/runner/work/orbit/orbit/.recap-entries-probe/.dd-mac/Build/Intermediates.noindex/OrbitKit.build/Debug/OrbitKit.build/OrbitKit.DependencyMetadataFileList --static-metadata-file-list /Users/runner/work/orbit/orbit/.recap-entries-probe/.dd-mac/Build/Intermediates.noindex/OrbitKit.build/Debug/OrbitKit.build/OrbitKit.DependencyStaticMetadataFileList --swift-const-vals-list /Users/runner/work/orbit/orbit/.recap-entries-probe/.dd-mac/Build/Intermediates.noindex/OrbitKit.build/Debug/OrbitKit.build/Objects-normal/arm64/OrbitKit.SwiftConstValuesFileList --force --compile-time-extraction --deployment-aware-processing --validate-assistant-intents --no-app-shortcuts-localization
2026-10-10 05:39:48.865 appintentsmetadataprocessor[16630:50825] Starting appintentsmetadataprocessor export
2026-10-10 05:39:49.106 appintentsmetadataprocessor[16630:50825] Extracted no relevant App Intents symbols, skipping writing output

ProcessProductPackaging "" /Users/runner/work/orbit/orbit/.recap-entries-probe/.dd-mac/Build/Intermediates.noindex/RecapEntriesProbe.build/Debug/RecapEntriesMacProbeUITests.build/RecapEntriesMacProbeUITests.xctest.xcent (in target 'RecapEntriesMacProbeUITests' from project 'RecapEntriesProbe')
    cd /Users/runner/work/orbit/orbit/.recap-entries-probe
    
    Entitlements:
    
    {
    "com.apple.application-identifier" = "io.orbitd.recapentriesmacprobe.uitests.xctrunner";
    "com.apple.security.app-sandbox" = 1;
    "com.apple.security.get-task-allow" = 1;
    "com.apple.security.network.client" = 1;
    "com.apple.security.temporary-exception.files.absolute-path.read-only" =     (
        "/"
    );
    "com.apple.security.temporary-exception.mach-lookup.global-name" =     (
        "com.apple.testmanagerd",
        "com.apple.dt.testmanagerd.runner",
        "com.apple.coresymbolicationd",
        "com.apple.coredevice.version",
        "com.apple.coredevice.service",
        "com.apple.remoted"
    );
    "com.apple.security.temporary-exception.mach-lookup.local-name" =     (
        "com.apple.axserver"
    );
    "com.apple.security.temporary-exception.sbpl" =     (
        "(allow hid-control)",
        "(allow signal)"
    );
}
    
    builtin-productPackagingUtility -entitlements -format xml -o /Users/runner/work/orbit/orbit/.recap-entries-probe/.dd-mac/Build/Intermediates.noindex/RecapEntriesProbe.build/Debug/RecapEntriesMacProbeUITests.build/RecapEntriesMacProbeUITests.xctest.xcent

ProcessProductPackagingDER /Users/runner/work/orbit/orbit/.recap-entries-probe/.dd-mac/Build/Intermediates.noindex/RecapEntriesProbe.build/Debug/RecapEntriesMacProbeUITests.build/RecapEntriesMacProbeUITests.xctest.xcent /Users/runner/work/orbit/orbit/.recap-entries-probe/.dd-mac/Build/Intermediates.noindex/RecapEntriesProbe.build/Debug/RecapEntriesMacProbeUITests.build/RecapEntriesMacProbeUITests.xctest.xcent.der (in target 'RecapEntriesMacProbeUITests' from project 'RecapEntriesProbe')
    cd /Users/runner/work/orbit/orbit/.recap-entries-probe
    /usr/bin/derq query -f xml -i /Users/runner/work/orbit/orbit/.recap-entries-probe/.dd-mac/Build/Intermediates.noindex/RecapEntriesProbe.build/Debug/RecapEntriesMacProbeUITests.build/RecapEntriesMacProbeUITests.xctest.xcent -o /Users/runner/work/orbit/orbit/.recap-entries-probe/.dd-mac/Build/Intermediates.noindex/RecapEntriesProbe.build/Debug/RecapEntriesMacProbeUITests.build/RecapEntriesMacProbeUITests.xctest.xcent.der --raw

SwiftDriver RecapEntriesMacProbeUITests normal arm64 com.apple.xcode.tools.swift.compiler (in target 'RecapEntriesMacProbeUITests' from project 'RecapEntriesProbe')
    cd /Users/runner/work/orbit/orbit/.recap-entries-probe
    builtin-SwiftDriver -- /Applications/Xcode_26.6.app/Contents/Developer/Toolchains/XcodeDefault.xctoolchain/usr/bin/swiftc -module-name RecapEntriesMacProbeUITests -Onone @/Users/runner/work/orbit/orbit/.recap-entries-probe/.dd-mac/Build/Intermediates.noindex/RecapEntriesProbe.build/Debug/RecapEntriesMacProbeUITests.build/Objects-normal/arm64/RecapEntriesMacProbeUITests.SwiftFileList -DDEBUG -module-alias Testing\=_Testing_Unavailable -plugin-path /Applications/Xcode_26.6.app/Contents/Developer/Toolchains/XcodeDefault.xctoolchain/usr/lib/swift/host/plugins/testing -enable-bare-slash-regex -enable-experimental-feature DebugDescriptionMacro -sdk /Applications/Xcode_26.6.app/Contents/Developer/Platforms/MacOSX.platform/Developer/SDKs/MacOSX26.5.sdk -target arm64-apple-macos14.0 -g -module-cache-path /Users/runner/work/orbit/orbit/.recap-entries-probe/.dd-mac/ModuleCache.noindex -Xfrontend -serialize-debugging-options -enable-testing -index-store-path /Users/runner/work/orbit/orbit/.recap-entries-probe/.dd-mac/Index.noindex/DataStore -Xcc -D_LIBCPP_HARDENING_MODE\=_LIBCPP_HARDENING_MODE_DEBUG -swift-version 5 -I /Users/runner/work/orbit/orbit/.recap-entries-probe/.dd-mac/Build/Products/Debug -Isystem /Applications/Xcode_26.6.app/Contents/Developer/Platforms/MacOSX.platform/Developer/usr/lib -F /Users/runner/work/orbit/orbit/.recap-entries-probe/.dd-mac/Build/Products/Debug -F /Applications/Xcode_26.6.app/Contents/Developer/Platforms/MacOSX.platform/Developer/Library/Frameworks -c -j3 -enable-batch-mode -incremental -Xcc -ivfsstatcache -Xcc /Users/runner/work/orbit/orbit/.recap-entries-probe/.dd-mac/SDKStatCaches.noindex/macosx26.5-25F70-688ef53f1462e2c8f657fdc38a81448fee0e6409aa6676c5e6c013d148225433.sdkstatcache -output-file-map /Users/runner/work/orbit/orbit/.recap-entries-probe/.dd-mac/Build/Intermediates.noindex/RecapEntriesProbe.build/Debug/RecapEntriesMacProbeUITests.build/Objects-normal/arm64/RecapEntriesMacProbeUITests-OutputFileMap.json -use-frontend-parseable-output -save-temps -no-color-diagnostics -explicit-module-build -module-cache-path /Users/runner/work/orbit/orbit/.recap-entries-probe/.dd-mac/Build/Intermediates.noindex/SwiftExplicitPrecompiledModules -clang-scanner-module-cache-path /Users/runner/work/orbit/orbit/.recap-entries-probe/.dd-mac/ModuleCache.noindex -sdk-module-cache-path /Users/runner/work/orbit/orbit/.recap-entries-probe/.dd-mac/ModuleCache.noindex -serialize-diagnostics -emit-dependencies -emit-module -emit-module-path /Users/runner/work/orbit/orbit/.recap-entries-probe/.dd-mac/Build/Intermediates.noindex/RecapEntriesProbe.build/Debug/RecapEntriesMacProbeUITests.build/Objects-normal/arm64/RecapEntriesMacProbeUITests.swiftmodule -validate-clang-modules-once -clang-build-session-file /Users/runner/work/orbit/orbit/.recap-entries-probe/.dd-mac/ModuleCache.noindex/Session.modulevalidation -Xcc -I/Users/runner/work/orbit/orbit/.recap-entries-probe/.dd-mac/Build/Intermediates.noindex/RecapEntriesProbe.build/Debug/RecapEntriesMacProbeUITests.build/swift-overrides.hmap -emit-const-values -Xfrontend -const-gather-protocols-file -Xfrontend /Users/runner/work/orbit/orbit/.recap-entries-probe/.dd-mac/Build/Intermediates.noindex/RecapEntriesProbe.build/Debug/RecapEntriesMacProbeUITests.build/Objects-normal/arm64/RecapEntriesMacProbeUITests_const_extract_protocols.json -Xcc -iquote -Xcc /Users/runner/work/orbit/orbit/.recap-entries-probe/.dd-mac/Build/Intermediates.noindex/RecapEntriesProbe.build/Debug/RecapEntriesMacProbeUITests.build/RecapEntriesMacProbeUITests-generated-files.hmap -Xcc -I/Users/runner/work/orbit/orbit/.recap-entries-probe/.dd-mac/Build/Intermediates.noindex/RecapEntriesProbe.build/Debug/RecapEntriesMacProbeUITests.build/RecapEntriesMacProbeUITests-own-target-headers.hmap -Xcc -I/Users/runner/work/orbit/orbit/.recap-entries-probe/.dd-mac/Build/Intermediates.noindex/RecapEntriesProbe.build/Debug/RecapEntriesMacProbeUITests.build/RecapEntriesMacProbeUITests-all-non-framework-target-headers.hmap -Xcc -ivfsoverlay -Xcc /Users/runner/work/orbit/orbit/.recap-entries-probe/.dd-mac/Build/Intermediates.noindex/RecapEntriesProbe.build/Debug/RecapEntriesProbe-20d14421e9c9095d1e064bca5386643e-VFS/all-product-headers.yaml -Xcc -iquote -Xcc /Users/runner/work/orbit/orbit/.recap-entries-probe/.dd-mac/Build/Intermediates.noindex/RecapEntriesProbe.build/Debug/RecapEntriesMacProbeUITests.build/RecapEntriesMacProbeUITests-project-headers.hmap -Xcc -I/Users/runner/work/orbit/orbit/.recap-entries-probe/.dd-mac/Build/Products/Debug/include -Xcc -I/Users/runner/work/orbit/orbit/.recap-entries-probe/.dd-mac/Build/Intermediates.noindex/RecapEntriesProbe.build/Debug/RecapEntriesMacProbeUITests.build/DerivedSources-normal/arm64 -Xcc -I/Users/runner/work/orbit/orbit/.recap-entries-probe/.dd-mac/Build/Intermediates.noindex/RecapEntriesProbe.build/Debug/RecapEntriesMacProbeUITests.build/DerivedSources/arm64 -Xcc -I/Users/runner/work/orbit/orbit/.recap-entries-probe/.dd-mac/Build/Intermediates.noindex/RecapEntriesProbe.build/Debug/RecapEntriesMacProbeUITests.build/DerivedSources -Xcc -DDEBUG\=1 -emit-objc-header -emit-objc-header-path /Users/runner/work/orbit/orbit/.recap-entries-probe/.dd-mac/Build/Intermediates.noindex/RecapEntriesProbe.build/Debug/RecapEntriesMacProbeUITests.build/Objects-normal/arm64/RecapEntriesMacProbeUITests-Swift.h -working-directory /Users/runner/work/orbit/orbit/.recap-entries-probe -experimental-emit-module-separately -disable-cmo

SwiftExplicitDependencyGeneratePcm arm64 /Users/runner/work/orbit/orbit/.recap-entries-probe/.dd-mac/Build/Intermediates.noindex/SwiftExplicitPrecompiledModules/XCUIAutomation-DVXKVAKPCJOT1TQNCI6MN51P5.pcm

SwiftExplicitDependencyCompileModuleFromInterface arm64 /Users/runner/work/orbit/orbit/.recap-entries-probe/.dd-mac/Build/Intermediates.noindex/SwiftExplicitPrecompiledModules/XCUIAutomation-1TL4PRMP64STL.swiftmodule

SwiftExplicitDependencyGeneratePcm arm64 /Users/runner/work/orbit/orbit/.recap-entries-probe/.dd-mac/Build/Intermediates.noindex/SwiftExplicitPrecompiledModules/XCTest-5CQOPDKUQQBO5KRG6BEK3U5EZ.pcm

SwiftExplicitDependencyCompileModuleFromInterface arm64 /Users/runner/work/orbit/orbit/.recap-entries-probe/.dd-mac/Build/Intermediates.noindex/SwiftExplicitPrecompiledModules/XCTest-8OYQA9I6NVDK.swiftmodule

SwiftEmitModule normal arm64 Emitting\ module\ for\ RecapEntriesMacProbeUITests (in target 'RecapEntriesMacProbeUITests' from project 'RecapEntriesProbe')

EmitSwiftModule normal arm64 (in target 'RecapEntriesMacProbeUITests' from project 'RecapEntriesProbe')
    cd /Users/runner/work/orbit/orbit/.recap-entries-probe
    

SwiftCompile normal arm64 Compiling\ ProbeCase.swift /Users/runner/work/orbit/orbit/.recap-entries-probe/UITests/ProbeCase.swift (in target 'RecapEntriesMacProbeUITests' from project 'RecapEntriesProbe')

SwiftCompile normal arm64 /Users/runner/work/orbit/orbit/.recap-entries-probe/UITests/ProbeCase.swift (in target 'RecapEntriesMacProbeUITests' from project 'RecapEntriesProbe')
    cd /Users/runner/work/orbit/orbit/.recap-entries-probe
    

SwiftDriverJobDiscovery normal arm64 Emitting module for RecapEntriesMacProbeUITests (in target 'RecapEntriesMacProbeUITests' from project 'RecapEntriesProbe')

SwiftDriver\ Compilation\ Requirements RecapEntriesMacProbeUITests normal arm64 com.apple.xcode.tools.swift.compiler (in target 'RecapEntriesMacProbeUITests' from project 'RecapEntriesProbe')
    cd /Users/runner/work/orbit/orbit/.recap-entries-probe
    builtin-Swift-Compilation-Requirements -- /Applications/Xcode_26.6.app/Contents/Developer/Toolchains/XcodeDefault.xctoolchain/usr/bin/swiftc -module-name RecapEntriesMacProbeUITests -Onone @/Users/runner/work/orbit/orbit/.recap-entries-probe/.dd-mac/Build/Intermediates.noindex/RecapEntriesProbe.build/Debug/RecapEntriesMacProbeUITests.build/Objects-normal/arm64/RecapEntriesMacProbeUITests.SwiftFileList -DDEBUG -module-alias Testing\=_Testing_Unavailable -plugin-path /Applications/Xcode_26.6.app/Contents/Developer/Toolchains/XcodeDefault.xctoolchain/usr/lib/swift/host/plugins/testing -enable-bare-slash-regex -enable-experimental-feature DebugDescriptionMacro -sdk /Applications/Xcode_26.6.app/Contents/Developer/Platforms/MacOSX.platform/Developer/SDKs/MacOSX26.5.sdk -target arm64-apple-macos14.0 -g -module-cache-path /Users/runner/work/orbit/orbit/.recap-entries-probe/.dd-mac/ModuleCache.noindex -Xfrontend -serialize-debugging-options -enable-testing -index-store-path /Users/runner/work/orbit/orbit/.recap-entries-probe/.dd-mac/Index.noindex/DataStore -Xcc -D_LIBCPP_HARDENING_MODE\=_LIBCPP_HARDENING_MODE_DEBUG -swift-version 5 -I /Users/runner/work/orbit/orbit/.recap-entries-probe/.dd-mac/Build/Products/Debug -Isystem /Applications/Xcode_26.6.app/Contents/Developer/Platforms/MacOSX.platform/Developer/usr/lib -F /Users/runner/work/orbit/orbit/.recap-entries-probe/.dd-mac/Build/Products/Debug -F /Applications/Xcode_26.6.app/Contents/Developer/Platforms/MacOSX.platform/Developer/Library/Frameworks -c -j3 -enable-batch-mode -incremental -Xcc -ivfsstatcache -Xcc /Users/runner/work/orbit/orbit/.recap-entries-probe/.dd-mac/SDKStatCaches.noindex/macosx26.5-25F70-688ef53f1462e2c8f657fdc38a81448fee0e6409aa6676c5e6c013d148225433.sdkstatcache -output-file-map /Users/runner/work/orbit/orbit/.recap-entries-probe/.dd-mac/Build/Intermediates.noindex/RecapEntriesProbe.build/Debug/RecapEntriesMacProbeUITests.build/Objects-normal/arm64/RecapEntriesMacProbeUITests-OutputFileMap.json -use-frontend-parseable-output -save-temps -no-color-diagnostics -explicit-module-build -module-cache-path /Users/runner/work/orbit/orbit/.recap-entries-probe/.dd-mac/Build/Intermediates.noindex/SwiftExplicitPrecompiledModules -clang-scanner-module-cache-path /Users/runner/work/orbit/orbit/.recap-entries-probe/.dd-mac/ModuleCache.noindex -sdk-module-cache-path /Users/runner/work/orbit/orbit/.recap-entries-probe/.dd-mac/ModuleCache.noindex -serialize-diagnostics -emit-dependencies -emit-module -emit-module-path /Users/runner/work/orbit/orbit/.recap-entries-probe/.dd-mac/Build/Intermediates.noindex/RecapEntriesProbe.build/Debug/RecapEntriesMacProbeUITests.build/Objects-normal/arm64/RecapEntriesMacProbeUITests.swiftmodule -validate-clang-modules-once -clang-build-session-file /Users/runner/work/orbit/orbit/.recap-entries-probe/.dd-mac/ModuleCache.noindex/Session.modulevalidation -Xcc -I/Users/runner/work/orbit/orbit/.recap-entries-probe/.dd-mac/Build/Intermediates.noindex/RecapEntriesProbe.build/Debug/RecapEntriesMacProbeUITests.build/swift-overrides.hmap -emit-const-values -Xfrontend -const-gather-protocols-file -Xfrontend /Users/runner/work/orbit/orbit/.recap-entries-probe/.dd-mac/Build/Intermediates.noindex/RecapEntriesProbe.build/Debug/RecapEntriesMacProbeUITests.build/Objects-normal/arm64/RecapEntriesMacProbeUITests_const_extract_protocols.json -Xcc -iquote -Xcc /Users/runner/work/orbit/orbit/.recap-entries-probe/.dd-mac/Build/Intermediates.noindex/RecapEntriesProbe.build/Debug/RecapEntriesMacProbeUITests.build/RecapEntriesMacProbeUITests-generated-files.hmap -Xcc -I/Users/runner/work/orbit/orbit/.recap-entries-probe/.dd-mac/Build/Intermediates.noindex/RecapEntriesProbe.build/Debug/RecapEntriesMacProbeUITests.build/RecapEntriesMacProbeUITests-own-target-headers.hmap -Xcc -I/Users/runner/work/orbit/orbit/.recap-entries-probe/.dd-mac/Build/Intermediates.noindex/RecapEntriesProbe.build/Debug/RecapEntriesMacProbeUITests.build/RecapEntriesMacProbeUITests-all-non-framework-target-headers.hmap -Xcc -ivfsoverlay -Xcc /Users/runner/work/orbit/orbit/.recap-entries-probe/.dd-mac/Build/Intermediates.noindex/RecapEntriesProbe.build/Debug/RecapEntriesProbe-20d14421e9c9095d1e064bca5386643e-VFS/all-product-headers.yaml -Xcc -iquote -Xcc /Users/runner/work/orbit/orbit/.recap-entries-probe/.dd-mac/Build/Intermediates.noindex/RecapEntriesProbe.build/Debug/RecapEntriesMacProbeUITests.build/RecapEntriesMacProbeUITests-project-headers.hmap -Xcc -I/Users/runner/work/orbit/orbit/.recap-entries-probe/.dd-mac/Build/Products/Debug/include -Xcc -I/Users/runner/work/orbit/orbit/.recap-entries-probe/.dd-mac/Build/Intermediates.noindex/RecapEntriesProbe.build/Debug/RecapEntriesMacProbeUITests.build/DerivedSources-normal/arm64 -Xcc -I/Users/runner/work/orbit/orbit/.recap-entries-probe/.dd-mac/Build/Intermediates.noindex/RecapEntriesProbe.build/Debug/RecapEntriesMacProbeUITests.build/DerivedSources/arm64 -Xcc -I/Users/runner/work/orbit/orbit/.recap-entries-probe/.dd-mac/Build/Intermediates.noindex/RecapEntriesProbe.build/Debug/RecapEntriesMacProbeUITests.build/DerivedSources -Xcc -DDEBUG\=1 -emit-objc-header -emit-objc-header-path /Users/runner/work/orbit/orbit/.recap-entries-probe/.dd-mac/Build/Intermediates.noindex/RecapEntriesProbe.build/Debug/RecapEntriesMacProbeUITests.build/Objects-normal/arm64/RecapEntriesMacProbeUITests-Swift.h -working-directory /Users/runner/work/orbit/orbit/.recap-entries-probe -experimental-emit-module-separately -disable-cmo

SwiftDriverJobDiscovery normal arm64 Compiling ProbeCase.swift (in target 'RecapEntriesMacProbeUITests' from project 'RecapEntriesProbe')

SwiftCompile normal arm64 Compiling\ RecapEntriesShotTests.swift /Users/runner/work/orbit/orbit/.recap-entries-probe/UITests/RecapEntriesShotTests.swift (in target 'RecapEntriesMacProbeUITests' from project 'RecapEntriesProbe')

SwiftCompile normal arm64 /Users/runner/work/orbit/orbit/.recap-entries-probe/UITests/RecapEntriesShotTests.swift (in target 'RecapEntriesMacProbeUITests' from project 'RecapEntriesProbe')
    cd /Users/runner/work/orbit/orbit/.recap-entries-probe
    

SwiftMergeGeneratedHeaders /Users/runner/work/orbit/orbit/.recap-entries-probe/.dd-mac/Build/Intermediates.noindex/RecapEntriesProbe.build/Debug/RecapEntriesMacProbeUITests.build/DerivedSources/RecapEntriesMacProbeUITests-Swift.h /Users/runner/work/orbit/orbit/.recap-entries-probe/.dd-mac/Build/Intermediates.noindex/RecapEntriesProbe.build/Debug/RecapEntriesMacProbeUITests.build/Objects-normal/arm64/RecapEntriesMacProbeUITests-Swift.h (in target 'RecapEntriesMacProbeUITests' from project 'RecapEntriesProbe')
    cd /Users/runner/work/orbit/orbit/.recap-entries-probe
    builtin-swiftHeaderTool -arch arm64 /Users/runner/work/orbit/orbit/.recap-entries-probe/.dd-mac/Build/Intermediates.noindex/RecapEntriesProbe.build/Debug/RecapEntriesMacProbeUITests.build/Objects-normal/arm64/RecapEntriesMacProbeUITests-Swift.h -o /Users/runner/work/orbit/orbit/.recap-entries-probe/.dd-mac/Build/Intermediates.noindex/RecapEntriesProbe.build/Debug/RecapEntriesMacProbeUITests.build/DerivedSources/RecapEntriesMacProbeUITests-Swift.h

SwiftDriverJobDiscovery normal arm64 Compiling RecapEntriesShotTests.swift (in target 'RecapEntriesMacProbeUITests' from project 'RecapEntriesProbe')

Copy /Users/runner/work/orbit/orbit/.recap-entries-probe/.dd-mac/Build/Products/Debug/RecapEntriesMacProbeUITests.swiftmodule/arm64-apple-macos.swiftmodule /Users/runner/work/orbit/orbit/.recap-entries-probe/.dd-mac/Build/Intermediates.noindex/RecapEntriesProbe.build/Debug/RecapEntriesMacProbeUITests.build/Objects-normal/arm64/RecapEntriesMacProbeUITests.swiftmodule (in target 'RecapEntriesMacProbeUITests' from project 'RecapEntriesProbe')
    cd /Users/runner/work/orbit/orbit/.recap-entries-probe
    builtin-copy -exclude .DS_Store -exclude CVS -exclude .svn -exclude .git -exclude .hg -resolve-src-symlinks -rename /Users/runner/work/orbit/orbit/.recap-entries-probe/.dd-mac/Build/Intermediates.noindex/RecapEntriesProbe.build/Debug/RecapEntriesMacProbeUITests.build/Objects-normal/arm64/RecapEntriesMacProbeUITests.swiftmodule /Users/runner/work/orbit/orbit/.recap-entries-probe/.dd-mac/Build/Products/Debug/RecapEntriesMacProbeUITests.swiftmodule/arm64-apple-macos.swiftmodule

Copy /Users/runner/work/orbit/orbit/.recap-entries-probe/.dd-mac/Build/Products/Debug/RecapEntriesMacProbeUITests.swiftmodule/arm64-apple-macos.swiftdoc /Users/runner/work/orbit/orbit/.recap-entries-probe/.dd-mac/Build/Intermediates.noindex/RecapEntriesProbe.build/Debug/RecapEntriesMacProbeUITests.build/Objects-normal/arm64/RecapEntriesMacProbeUITests.swiftdoc (in target 'RecapEntriesMacProbeUITests' from project 'RecapEntriesProbe')
    cd /Users/runner/work/orbit/orbit/.recap-entries-probe
    builtin-copy -exclude .DS_Store -exclude CVS -exclude .svn -exclude .git -exclude .hg -resolve-src-symlinks -rename /Users/runner/work/orbit/orbit/.recap-entries-probe/.dd-mac/Build/Intermediates.noindex/RecapEntriesProbe.build/Debug/RecapEntriesMacProbeUITests.build/Objects-normal/arm64/RecapEntriesMacProbeUITests.swiftdoc /Users/runner/work/orbit/orbit/.recap-entries-probe/.dd-mac/Build/Products/Debug/RecapEntriesMacProbeUITests.swiftmodule/arm64-apple-macos.swiftdoc

Copy /Users/runner/work/orbit/orbit/.recap-entries-probe/.dd-mac/Build/Products/Debug/RecapEntriesMacProbeUITests.swiftmodule/arm64-apple-macos.abi.json /Users/runner/work/orbit/orbit/.recap-entries-probe/.dd-mac/Build/Intermediates.noindex/RecapEntriesProbe.build/Debug/RecapEntriesMacProbeUITests.build/Objects-normal/arm64/RecapEntriesMacProbeUITests.abi.json (in target 'RecapEntriesMacProbeUITests' from project 'RecapEntriesProbe')
    cd /Users/runner/work/orbit/orbit/.recap-entries-probe
    builtin-copy -exclude .DS_Store -exclude CVS -exclude .svn -exclude .git -exclude .hg -resolve-src-symlinks -rename /Users/runner/work/orbit/orbit/.recap-entries-probe/.dd-mac/Build/Intermediates.noindex/RecapEntriesProbe.build/Debug/RecapEntriesMacProbeUITests.build/Objects-normal/arm64/RecapEntriesMacProbeUITests.abi.json /Users/runner/work/orbit/orbit/.recap-entries-probe/.dd-mac/Build/Products/Debug/RecapEntriesMacProbeUITests.swiftmodule/arm64-apple-macos.abi.json

Copy /Users/runner/work/orbit/orbit/.recap-entries-probe/.dd-mac/Build/Products/Debug/RecapEntriesMacProbeUITests.swiftmodule/Project/arm64-apple-macos.swiftsourceinfo /Users/runner/work/orbit/orbit/.recap-entries-probe/.dd-mac/Build/Intermediates.noindex/RecapEntriesProbe.build/Debug/RecapEntriesMacProbeUITests.build/Objects-normal/arm64/RecapEntriesMacProbeUITests.swiftsourceinfo (in target 'RecapEntriesMacProbeUITests' from project 'RecapEntriesProbe')
    cd /Users/runner/work/orbit/orbit/.recap-entries-probe
    builtin-copy -exclude .DS_Store -exclude CVS -exclude .svn -exclude .git -exclude .hg -resolve-src-symlinks -rename /Users/runner/work/orbit/orbit/.recap-entries-probe/.dd-mac/Build/Intermediates.noindex/RecapEntriesProbe.build/Debug/RecapEntriesMacProbeUITests.build/Objects-normal/arm64/RecapEntriesMacProbeUITests.swiftsourceinfo /Users/runner/work/orbit/orbit/.recap-entries-probe/.dd-mac/Build/Products/Debug/RecapEntriesMacProbeUITests.swiftmodule/Project/arm64-apple-macos.swiftsourceinfo

SwiftDriver\ Compilation RecapEntriesMacProbeUITests normal arm64 com.apple.xcode.tools.swift.compiler (in target 'RecapEntriesMacProbeUITests' from project 'RecapEntriesProbe')
    cd /Users/runner/work/orbit/orbit/.recap-entries-probe
    builtin-Swift-Compilation -- /Applications/Xcode_26.6.app/Contents/Developer/Toolchains/XcodeDefault.xctoolchain/usr/bin/swiftc -module-name RecapEntriesMacProbeUITests -Onone @/Users/runner/work/orbit/orbit/.recap-entries-probe/.dd-mac/Build/Intermediates.noindex/RecapEntriesProbe.build/Debug/RecapEntriesMacProbeUITests.build/Objects-normal/arm64/RecapEntriesMacProbeUITests.SwiftFileList -DDEBUG -module-alias Testing\=_Testing_Unavailable -plugin-path /Applications/Xcode_26.6.app/Contents/Developer/Toolchains/XcodeDefault.xctoolchain/usr/lib/swift/host/plugins/testing -enable-bare-slash-regex -enable-experimental-feature DebugDescriptionMacro -sdk /Applications/Xcode_26.6.app/Contents/Developer/Platforms/MacOSX.platform/Developer/SDKs/MacOSX26.5.sdk -target arm64-apple-macos14.0 -g -module-cache-path /Users/runner/work/orbit/orbit/.recap-entries-probe/.dd-mac/ModuleCache.noindex -Xfrontend -serialize-debugging-options -enable-testing -index-store-path /Users/runner/work/orbit/orbit/.recap-entries-probe/.dd-mac/Index.noindex/DataStore -Xcc -D_LIBCPP_HARDENING_MODE\=_LIBCPP_HARDENING_MODE_DEBUG -swift-version 5 -I /Users/runner/work/orbit/orbit/.recap-entries-probe/.dd-mac/Build/Products/Debug -Isystem /Applications/Xcode_26.6.app/Contents/Developer/Platforms/MacOSX.platform/Developer/usr/lib -F /Users/runner/work/orbit/orbit/.recap-entries-probe/.dd-mac/Build/Products/Debug -F /Applications/Xcode_26.6.app/Contents/Developer/Platforms/MacOSX.platform/Developer/Library/Frameworks -c -j3 -enable-batch-mode -incremental -Xcc -ivfsstatcache -Xcc /Users/runner/work/orbit/orbit/.recap-entries-probe/.dd-mac/SDKStatCaches.noindex/macosx26.5-25F70-688ef53f1462e2c8f657fdc38a81448fee0e6409aa6676c5e6c013d148225433.sdkstatcache -output-file-map /Users/runner/work/orbit/orbit/.recap-entries-probe/.dd-mac/Build/Intermediates.noindex/RecapEntriesProbe.build/Debug/RecapEntriesMacProbeUITests.build/Objects-normal/arm64/RecapEntriesMacProbeUITests-OutputFileMap.json -use-frontend-parseable-output -save-temps -no-color-diagnostics -explicit-module-build -module-cache-path /Users/runner/work/orbit/orbit/.recap-entries-probe/.dd-mac/Build/Intermediates.noindex/SwiftExplicitPrecompiledModules -clang-scanner-module-cache-path /Users/runner/work/orbit/orbit/.recap-entries-probe/.dd-mac/ModuleCache.noindex -sdk-module-cache-path /Users/runner/work/orbit/orbit/.recap-entries-probe/.dd-mac/ModuleCache.noindex -serialize-diagnostics -emit-dependencies -emit-module -emit-module-path /Users/runner/work/orbit/orbit/.recap-entries-probe/.dd-mac/Build/Intermediates.noindex/RecapEntriesProbe.build/Debug/RecapEntriesMacProbeUITests.build/Objects-normal/arm64/RecapEntriesMacProbeUITests.swiftmodule -validate-clang-modules-once -clang-build-session-file /Users/runner/work/orbit/orbit/.recap-entries-probe/.dd-mac/ModuleCache.noindex/Session.modulevalidation -Xcc -I/Users/runner/work/orbit/orbit/.recap-entries-probe/.dd-mac/Build/Intermediates.noindex/RecapEntriesProbe.build/Debug/RecapEntriesMacProbeUITests.build/swift-overrides.hmap -emit-const-values -Xfrontend -const-gather-protocols-file -Xfrontend /Users/runner/work/orbit/orbit/.recap-entries-probe/.dd-mac/Build/Intermediates.noindex/RecapEntriesProbe.build/Debug/RecapEntriesMacProbeUITests.build/Objects-normal/arm64/RecapEntriesMacProbeUITests_const_extract_protocols.json -Xcc -iquote -Xcc /Users/runner/work/orbit/orbit/.recap-entries-probe/.dd-mac/Build/Intermediates.noindex/RecapEntriesProbe.build/Debug/RecapEntriesMacProbeUITests.build/RecapEntriesMacProbeUITests-generated-files.hmap -Xcc -I/Users/runner/work/orbit/orbit/.recap-entries-probe/.dd-mac/Build/Intermediates.noindex/RecapEntriesProbe.build/Debug/RecapEntriesMacProbeUITests.build/RecapEntriesMacProbeUITests-own-target-headers.hmap -Xcc -I/Users/runner/work/orbit/orbit/.recap-entries-probe/.dd-mac/Build/Intermediates.noindex/RecapEntriesProbe.build/Debug/RecapEntriesMacProbeUITests.build/RecapEntriesMacProbeUITests-all-non-framework-target-headers.hmap -Xcc -ivfsoverlay -Xcc /Users/runner/work/orbit/orbit/.recap-entries-probe/.dd-mac/Build/Intermediates.noindex/RecapEntriesProbe.build/Debug/RecapEntriesProbe-20d14421e9c9095d1e064bca5386643e-VFS/all-product-headers.yaml -Xcc -iquote -Xcc /Users/runner/work/orbit/orbit/.recap-entries-probe/.dd-mac/Build/Intermediates.noindex/RecapEntriesProbe.build/Debug/RecapEntriesMacProbeUITests.build/RecapEntriesMacProbeUITests-project-headers.hmap -Xcc -I/Users/runner/work/orbit/orbit/.recap-entries-probe/.dd-mac/Build/Products/Debug/include -Xcc -I/Users/runner/work/orbit/orbit/.recap-entries-probe/.dd-mac/Build/Intermediates.noindex/RecapEntriesProbe.build/Debug/RecapEntriesMacProbeUITests.build/DerivedSources-normal/arm64 -Xcc -I/Users/runner/work/orbit/orbit/.recap-entries-probe/.dd-mac/Build/Intermediates.noindex/RecapEntriesProbe.build/Debug/RecapEntriesMacProbeUITests.build/DerivedSources/arm64 -Xcc -I/Users/runner/work/orbit/orbit/.recap-entries-probe/.dd-mac/Build/Intermediates.noindex/RecapEntriesProbe.build/Debug/RecapEntriesMacProbeUITests.build/DerivedSources -Xcc -DDEBUG\=1 -emit-objc-header -emit-objc-header-path /Users/runner/work/orbit/orbit/.recap-entries-probe/.dd-mac/Build/Intermediates.noindex/RecapEntriesProbe.build/Debug/RecapEntriesMacProbeUITests.build/Objects-normal/arm64/RecapEntriesMacProbeUITests-Swift.h -working-directory /Users/runner/work/orbit/orbit/.recap-entries-probe -experimental-emit-module-separately -disable-cmo

CodeSign /Users/runner/work/orbit/orbit/.recap-entries-probe/.dd-mac/Build/Products/Debug/OrbitKit.o (in target 'OrbitKit' from project 'OrbitKit')
    cd /Users/runner/work/orbit/orbit/src/macos/OrbitKit
    
    Signing Identity:     "Sign to Run Locally"
    
    /usr/bin/codesign --force --sign - --timestamp\=none --generate-entitlement-der /Users/runner/work/orbit/orbit/.recap-entries-probe/.dd-mac/Build/Products/Debug/OrbitKit.o

RegisterExecutionPolicyException /Users/runner/work/orbit/orbit/.recap-entries-probe/.dd-mac/Build/Products/Debug/OrbitKit.o (in target 'OrbitKit' from project 'OrbitKit')
    cd /Users/runner/work/orbit/orbit/src/macos/OrbitKit
    builtin-RegisterExecutionPolicyException /Users/runner/work/orbit/orbit/.recap-entries-probe/.dd-mac/Build/Products/Debug/OrbitKit.o

Copy /Users/runner/work/orbit/orbit/.recap-entries-probe/.dd-mac/Build/Products/Debug/RecapEntriesMacProbe.app/Contents/Frameworks/Sparkle.framework /Users/runner/work/orbit/orbit/.recap-entries-probe/.dd-mac/SourcePackages/artifacts/sparkle/Sparkle/Sparkle.xcframework/macos-arm64_x86_64/Sparkle.framework (in target 'RecapEntriesMacProbe' from project 'RecapEntriesProbe')
    cd /Users/runner/work/orbit/orbit/.recap-entries-probe
    builtin-copy -exclude .DS_Store -exclude CVS -exclude .svn -exclude .git -exclude .hg -exclude Headers -exclude PrivateHeaders -exclude Modules -exclude \*.tbd -resolve-src-symlinks -remove-static-executable /Users/runner/work/orbit/orbit/.recap-entries-probe/.dd-mac/SourcePackages/artifacts/sparkle/Sparkle/Sparkle.xcframework/macos-arm64_x86_64/Sparkle.framework /Users/runner/work/orbit/orbit/.recap-entries-probe/.dd-mac/Build/Products/Debug/RecapEntriesMacProbe.app/Contents/Frameworks

Ld /Users/runner/work/orbit/orbit/.recap-entries-probe/.dd-mac/Build/Products/Debug/RecapEntriesMacProbe.app/Contents/MacOS/__preview.dylib normal (in target 'RecapEntriesMacProbe' from project 'RecapEntriesProbe')
    cd /Users/runner/work/orbit/orbit/.recap-entries-probe
    /Applications/Xcode_26.6.app/Contents/Developer/Toolchains/XcodeDefault.xctoolchain/usr/bin/clang -Xlinker -reproducible -target arm64-apple-macos14.0 -dynamiclib -isysroot /Applications/Xcode_26.6.app/Contents/Developer/Platforms/MacOSX.platform/Developer/SDKs/MacOSX26.5.sdk -O0 -L/Users/runner/work/orbit/orbit/.recap-entries-probe/.dd-mac/Build/Products/Debug -F/Users/runner/work/orbit/orbit/.recap-entries-probe/.dd-mac/Build/Products/Debug/PackageFrameworks -F/Users/runner/work/orbit/orbit/.recap-entries-probe/.dd-mac/Build/Products/Debug/PackageFrameworks -F/Users/runner/work/orbit/orbit/.recap-entries-probe/.dd-mac/Build/Products/Debug/PackageFrameworks -F/Users/runner/work/orbit/orbit/.recap-entries-probe/.dd-mac/Build/Products/Debug/PackageFrameworks -F/Users/runner/work/orbit/orbit/.recap-entries-probe/.dd-mac/Build/Products/Debug/PackageFrameworks -F/Users/runner/work/orbit/orbit/.recap-entries-probe/.dd-mac/Build/Products/Debug -install_name @rpath/RecapEntriesMacProbe.debug.dylib -rdynamic -Xlinker -no_deduplicate -Xlinker -dependency_info -Xlinker /Users/runner/work/orbit/orbit/.recap-entries-probe/.dd-mac/Build/Intermediates.noindex/RecapEntriesProbe.build/Debug/RecapEntriesMacProbe.build/Objects-normal/arm64/RecapEntriesMacProbe_dependency_info.dat -Xlinker -no_adhoc_codesign -o /Users/runner/work/orbit/orbit/.recap-entries-probe/.dd-mac/Build/Products/Debug/RecapEntriesMacProbe.app/Contents/MacOS/__preview.dylib

ProcessInfoPlistFile /Users/runner/work/orbit/orbit/.recap-entries-probe/.dd-mac/Build/Products/Debug/RecapEntriesMacProbe.app/Contents/Info.plist /Users/runner/work/orbit/orbit/.recap-entries-probe/Info.plist (in target 'RecapEntriesMacProbe' from project 'RecapEntriesProbe')
    cd /Users/runner/work/orbit/orbit/.recap-entries-probe
    builtin-infoPlistUtility /Users/runner/work/orbit/orbit/.recap-entries-probe/Info.plist -producttype com.apple.product-type.application -genpkginfo /Users/runner/work/orbit/orbit/.recap-entries-probe/.dd-mac/Build/Products/Debug/RecapEntriesMacProbe.app/Contents/PkgInfo -expandbuildsettings -platform macosx -additionalcontentfile /Users/runner/work/orbit/orbit/.recap-entries-probe/.dd-mac/Build/Intermediates.noindex/RecapEntriesProbe.build/Debug/RecapEntriesMacProbe.build/assetcatalog_generated_info.plist -scanforprivacyfile /Users/runner/work/orbit/orbit/.recap-entries-probe/.dd-mac/Build/Products/Debug/RecapEntriesMacProbe.app/Contents/Frameworks/Sparkle.framework -o /Users/runner/work/orbit/orbit/.recap-entries-probe/.dd-mac/Build/Products/Debug/RecapEntriesMacProbe.app/Contents/Info.plist

CodeSign /Users/runner/work/orbit/orbit/.recap-entries-probe/.dd-mac/Build/Products/Debug/RecapEntriesMacProbe.app/Contents/Frameworks/Sparkle.framework/Versions/B (in target 'RecapEntriesMacProbe' from project 'RecapEntriesProbe')
    cd /Users/runner/work/orbit/orbit/.recap-entries-probe
    
    Signing Identity:     "Sign to Run Locally"
    
    /usr/bin/codesign --force --sign - --timestamp\=none --preserve-metadata\=identifier,entitlements,flags --generate-entitlement-der /Users/runner/work/orbit/orbit/.recap-entries-probe/.dd-mac/Build/Products/Debug/RecapEntriesMacProbe.app/Contents/Frameworks/Sparkle.framework/Versions/B
/Users/runner/work/orbit/orbit/.recap-entries-probe/.dd-mac/Build/Products/Debug/RecapEntriesMacProbe.app/Contents/Frameworks/Sparkle.framework/Versions/B: replacing existing signature

SwiftDriverJobDiscovery normal arm64 Compiling MonospaceOutputViewer.swift, NeedsYouBannerView.swift, NotificationManager.swift, OpenItemDeliveryCardView.swift, OrbitLinkCardView.swift, OrbitLinkCards.swift, Platform.swift, PoolChip.swift, ProbeArgs.swift, ProjectCrossingRow.swift, ProjectDoneCards.swift, ProjectGraphView.swift, ProjectLandingJobsSheet.swift, ProjectLandingRow.swift, ProjectMergeModel.swift, ProjectStartedCardView.swift, ProjectsModel.swift, ProjectsView.swift, ProviderPoolViews.swift, QuestionRecordViews.swift, RecapEntriesMacProbe.swift (in target 'RecapEntriesMacProbe' from project 'RecapEntriesProbe')

SwiftDriverJobDiscovery normal arm64 Compiling AccessTokenRow.swift, AccessTokensModel.swift, AccountPauseControls.swift, AddRunnerSheet.swift, AdminModel.swift, AgentIdentity.swift, AgentsModel.swift, AgentsView.swift, AppModel.swift, ApprovalCards.swift, ApprovalReview.swift, AttachedNoteView.swift, AttachmentImageStore.swift, AttachmentViews.swift, AutoRetryCard.swift, BackgroundTaskViews.swift, BackgroundWakeCardView.swift, BatchCreateReview.swift, BrandMarks.swift, CodexResetCreditView.swift, CompactShell.swift, ComposerView.swift (in target 'RecapEntriesMacProbe' from project 'RecapEntriesProbe')

SwiftDriver\ Compilation RecapEntriesMacProbe normal arm64 com.apple.xcode.tools.swift.compiler (in target 'RecapEntriesMacProbe' from project 'RecapEntriesProbe')
    cd /Users/runner/work/orbit/orbit/.recap-entries-probe
    builtin-Swift-Compilation -- /Applications/Xcode_26.6.app/Contents/Developer/Toolchains/XcodeDefault.xctoolchain/usr/bin/swiftc -module-name RecapEntriesMacProbe -Onone @/Users/runner/work/orbit/orbit/.recap-entries-probe/.dd-mac/Build/Intermediates.noindex/RecapEntriesProbe.build/Debug/RecapEntriesMacProbe.build/Objects-normal/arm64/RecapEntriesMacProbe.SwiftFileList -DDEBUG -enable-bare-slash-regex -enable-experimental-feature DebugDescriptionMacro -sdk /Applications/Xcode_26.6.app/Contents/Developer/Platforms/MacOSX.platform/Developer/SDKs/MacOSX26.5.sdk -target arm64-apple-macos14.0 -g -module-cache-path /Users/runner/work/orbit/orbit/.recap-entries-probe/.dd-mac/ModuleCache.noindex -Xfrontend -serialize-debugging-options -enable-testing -index-store-path /Users/runner/work/orbit/orbit/.recap-entries-probe/.dd-mac/Index.noindex/DataStore -Xcc -D_LIBCPP_HARDENING_MODE\=_LIBCPP_HARDENING_MODE_DEBUG -swift-version 5 -I /Users/runner/work/orbit/orbit/.recap-entries-probe/.dd-mac/Build/Products/Debug -F /Users/runner/work/orbit/orbit/.recap-entries-probe/.dd-mac/Build/Products/Debug/PackageFrameworks -F /Users/runner/work/orbit/orbit/.recap-entries-probe/.dd-mac/Build/Products/Debug/PackageFrameworks -F /Users/runner/work/orbit/orbit/.recap-entries-probe/.dd-mac/Build/Products/Debug/PackageFrameworks -F /Users/runner/work/orbit/orbit/.recap-entries-probe/.dd-mac/Build/Products/Debug/PackageFrameworks -F /Users/runner/work/orbit/orbit/.recap-entries-probe/.dd-mac/Build/Products/Debug/PackageFrameworks -F /Users/runner/work/orbit/orbit/.recap-entries-probe/.dd-mac/Build/Products/Debug -c -j3 -enable-batch-mode -incremental -Xcc -ivfsstatcache -Xcc /Users/runner/work/orbit/orbit/.recap-entries-probe/.dd-mac/SDKStatCaches.noindex/macosx26.5-25F70-688ef53f1462e2c8f657fdc38a81448fee0e6409aa6676c5e6c013d148225433.sdkstatcache -output-file-map /Users/runner/work/orbit/orbit/.recap-entries-probe/.dd-mac/Build/Intermediates.noindex/RecapEntriesProbe.build/Debug/RecapEntriesMacProbe.build/Objects-normal/arm64/RecapEntriesMacProbe-OutputFileMap.json -use-frontend-parseable-output -save-temps -no-color-diagnostics -explicit-module-build -module-cache-path /Users/runner/work/orbit/orbit/.recap-entries-probe/.dd-mac/Build/Intermediates.noindex/SwiftExplicitPrecompiledModules -clang-scanner-module-cache-path /Users/runner/work/orbit/orbit/.recap-entries-probe/.dd-mac/ModuleCache.noindex -sdk-module-cache-path /Users/runner/work/orbit/orbit/.recap-entries-probe/.dd-mac/ModuleCache.noindex -serialize-diagnostics -emit-dependencies -emit-module -emit-module-path /Users/runner/work/orbit/orbit/.recap-entries-probe/.dd-mac/Build/Intermediates.noindex/RecapEntriesProbe.build/Debug/RecapEntriesMacProbe.build/Objects-normal/arm64/RecapEntriesMacProbe.swiftmodule -validate-clang-modules-once -clang-build-session-file /Users/runner/work/orbit/orbit/.recap-entries-probe/.dd-mac/ModuleCache.noindex/Session.modulevalidation -Xcc -I/Users/runner/work/orbit/orbit/.recap-entries-probe/.dd-mac/Build/Intermediates.noindex/RecapEntriesProbe.build/Debug/RecapEntriesMacProbe.build/swift-overrides.hmap -emit-const-values -Xfrontend -const-gather-protocols-file -Xfrontend /Users/runner/work/orbit/orbit/.recap-entries-probe/.dd-mac/Build/Intermediates.noindex/RecapEntriesProbe.build/Debug/RecapEntriesMacProbe.build/Objects-normal/arm64/RecapEntriesMacProbe_const_extract_protocols.json -Xcc -iquote -Xcc /Users/runner/work/orbit/orbit/.recap-entries-probe/.dd-mac/Build/Intermediates.noindex/RecapEntriesProbe.build/Debug/RecapEntriesMacProbe.build/RecapEntriesMacProbe-generated-files.hmap -Xcc -I/Users/runner/work/orbit/orbit/.recap-entries-probe/.dd-mac/Build/Intermediates.noindex/RecapEntriesProbe.build/Debug/RecapEntriesMacProbe.build/RecapEntriesMacProbe-own-target-headers.hmap -Xcc -I/Users/runner/work/orbit/orbit/.recap-entries-probe/.dd-mac/Build/Intermediates.noindex/RecapEntriesProbe.build/Debug/RecapEntriesMacProbe.build/RecapEntriesMacProbe-all-non-framework-target-headers.hmap -Xcc -ivfsoverlay -Xcc /Users/runner/work/orbit/orbit/.recap-entries-probe/.dd-mac/Build/Intermediates.noindex/RecapEntriesProbe.build/Debug/RecapEntriesProbe-20d14421e9c9095d1e064bca5386643e-VFS/all-product-headers.yaml -Xcc -iquote -Xcc /Users/runner/work/orbit/orbit/.recap-entries-probe/.dd-mac/Build/Intermediates.noindex/RecapEntriesProbe.build/Debug/RecapEntriesMacProbe.build/RecapEntriesMacProbe-project-headers.hmap -Xcc -I/Users/runner/work/orbit/orbit/.recap-entries-probe/.dd-mac/SourcePackages/checkouts/swift-cmark/src/include -Xcc -I/Users/runner/work/orbit/orbit/.recap-entries-probe/.dd-mac/SourcePackages/checkouts/swift-cmark/extensions/include -Xcc -I/Users/runner/work/orbit/orbit/.recap-entries-probe/.dd-mac/SourcePackages/checkouts/swift-markdown/Sources/CAtomic/include -Xcc -I/Users/runner/work/orbit/orbit/.recap-entries-probe/.dd-mac/Build/Products/Debug/include -Xcc -I/Users/runner/work/orbit/orbit/.recap-entries-probe/.dd-mac/Build/Intermediates.noindex/RecapEntriesProbe.build/Debug/RecapEntriesMacProbe.build/DerivedSources-normal/arm64 -Xcc -I/Users/runner/work/orbit/orbit/.recap-entries-probe/.dd-mac/Build/Intermediates.noindex/RecapEntriesProbe.build/Debug/RecapEntriesMacProbe.build/DerivedSources/arm64 -Xcc -I/Users/runner/work/orbit/orbit/.recap-entries-probe/.dd-mac/Build/Intermediates.noindex/RecapEntriesProbe.build/Debug/RecapEntriesMacProbe.build/DerivedSources -Xcc -DDEBUG\=1 -emit-objc-header -emit-objc-header-path /Users/runner/work/orbit/orbit/.recap-entries-probe/.dd-mac/Build/Intermediates.noindex/RecapEntriesProbe.build/Debug/RecapEntriesMacProbe.build/Objects-normal/arm64/RecapEntriesMacProbe-Swift.h -working-directory /Users/runner/work/orbit/orbit/.recap-entries-probe -experimental-emit-module-separately -disable-cmo

Ld /Users/runner/work/orbit/orbit/.recap-entries-probe/.dd-mac/Build/Products/Debug/RecapEntriesMacProbe.app/Contents/MacOS/RecapEntriesMacProbe.debug.dylib normal (in target 'RecapEntriesMacProbe' from project 'RecapEntriesProbe')
    cd /Users/runner/work/orbit/orbit/.recap-entries-probe
    /Applications/Xcode_26.6.app/Contents/Developer/Toolchains/XcodeDefault.xctoolchain/usr/bin/clang -Xlinker -reproducible -target arm64-apple-macos14.0 -dynamiclib -isysroot /Applications/Xcode_26.6.app/Contents/Developer/Platforms/MacOSX.platform/Developer/SDKs/MacOSX26.5.sdk -O0 -L/Users/runner/work/orbit/orbit/.recap-entries-probe/.dd-mac/Build/Intermediates.noindex/EagerLinkingTBDs/Debug -L/Users/runner/work/orbit/orbit/.recap-entries-probe/.dd-mac/Build/Products/Debug -F/Users/runner/work/orbit/orbit/.recap-entries-probe/.dd-mac/Build/Intermediates.noindex/EagerLinkingTBDs/Debug -F/Users/runner/work/orbit/orbit/.recap-entries-probe/.dd-mac/Build/Products/Debug/PackageFrameworks -F/Users/runner/work/orbit/orbit/.recap-entries-probe/.dd-mac/Build/Products/Debug/PackageFrameworks -F/Users/runner/work/orbit/orbit/.recap-entries-probe/.dd-mac/Build/Products/Debug/PackageFrameworks -F/Users/runner/work/orbit/orbit/.recap-entries-probe/.dd-mac/Build/Products/Debug/PackageFrameworks -F/Users/runner/work/orbit/orbit/.recap-entries-probe/.dd-mac/Build/Products/Debug/PackageFrameworks -F/Users/runner/work/orbit/orbit/.recap-entries-probe/.dd-mac/Build/Products/Debug -filelist /Users/runner/work/orbit/orbit/.recap-entries-probe/.dd-mac/Build/Intermediates.noindex/RecapEntriesProbe.build/Debug/RecapEntriesMacProbe.build/Objects-normal/arm64/RecapEntriesMacProbe.LinkFileList -install_name @rpath/RecapEntriesMacProbe.debug.dylib -Xlinker -rpath -Xlinker /usr/lib/swift -Xlinker -rpath -Xlinker /Users/runner/work/orbit/orbit/.recap-entries-probe/.dd-mac/Build/Products/Debug/PackageFrameworks -Xlinker -rpath -Xlinker @executable_path/../Frameworks -Xlinker -object_path_lto -Xlinker /Users/runner/work/orbit/orbit/.recap-entries-probe/.dd-mac/Build/Intermediates.noindex/RecapEntriesProbe.build/Debug/RecapEntriesMacProbe.build/Objects-normal/arm64/RecapEntriesMacProbe_lto.o -rdynamic -Xlinker -no_deduplicate -Xlinker -dependency_info -Xlinker /Users/runner/work/orbit/orbit/.recap-entries-probe/.dd-mac/Build/Intermediates.noindex/RecapEntriesProbe.build/Debug/RecapEntriesMacProbe.build/Objects-normal/arm64/RecapEntriesMacProbe_dependency_info.dat -fobjc-link-runtime -L/Applications/Xcode_26.6.app/Contents/Developer/Toolchains/XcodeDefault.xctoolchain/usr/lib/swift/macosx -L/usr/lib/swift -Xlinker -add_ast_path -Xlinker /Users/runner/work/orbit/orbit/.recap-entries-probe/.dd-mac/Build/Intermediates.noindex/RecapEntriesProbe.build/Debug/RecapEntriesMacProbe.build/Objects-normal/arm64/RecapEntriesMacProbe.swiftmodule @/Users/runner/work/orbit/orbit/.recap-entries-probe/.dd-mac/Build/Intermediates.noindex/RecapEntriesProbe.build/Debug/RecapEntriesMacProbe.build/Objects-normal/arm64/RecapEntriesMacProbe-linker-args.resp -Wl,-no_warn_duplicate_libraries -Wl,-no_warn_duplicate_libraries -Wl,-no_warn_duplicate_libraries -Wl,-no_warn_duplicate_libraries -Wl,-no_warn_duplicate_libraries -Xlinker -alias -Xlinker _main -Xlinker ___debug_main_executable_dylib_entry_point -framework Sparkle -Xlinker -no_adhoc_codesign -o /Users/runner/work/orbit/orbit/.recap-entries-probe/.dd-mac/Build/Products/Debug/RecapEntriesMacProbe.app/Contents/MacOS/RecapEntriesMacProbe.debug.dylib -Xlinker -add_ast_path -Xlinker /Users/runner/work/orbit/orbit/.recap-entries-probe/.dd-mac/Build/Intermediates.noindex/OrbitKit.build/Debug/OrbitKit.build/Objects-normal/arm64/OrbitKit.swiftmodule @/Users/runner/work/orbit/orbit/.recap-entries-probe/.dd-mac/Build/Intermediates.noindex/OrbitKit.build/Debug/OrbitKit.build/Objects-normal/arm64/OrbitKit-linker-args.resp -Xlinker -add_ast_path -Xlinker /Users/runner/work/orbit/orbit/.recap-entries-probe/.dd-mac/Build/Intermediates.noindex/swift-markdown.build/Debug/Markdown.build/Objects-normal/arm64/Markdown.swiftmodule @/Users/runner/work/orbit/orbit/.recap-entries-probe/.dd-mac/Build/Intermediates.noindex/swift-markdown.build/Debug/Markdown.build/Objects-normal/arm64/Markdown-linker-args.resp

ConstructStubExecutorLinkFileList /Users/runner/work/orbit/orbit/.recap-entries-probe/.dd-mac/Build/Intermediates.noindex/RecapEntriesProbe.build/Debug/RecapEntriesMacProbe.build/RecapEntriesMacProbe-ExecutorLinkFileList-normal-arm64.txt (in target 'RecapEntriesMacProbe' from project 'RecapEntriesProbe')
    cd /Users/runner/work/orbit/orbit/.recap-entries-probe
    construct-stub-executor-link-file-list /Users/runner/work/orbit/orbit/.recap-entries-probe/.dd-mac/Build/Products/Debug/RecapEntriesMacProbe.app/Contents/MacOS/RecapEntriesMacProbe.debug.dylib /Applications/Xcode_26.6.app/Contents/Developer/Platforms/MacOSX.platform/Developer/usr/lib/libPreviewsJITStubExecutor_no_swift_entry_point.a /Applications/Xcode_26.6.app/Contents/Developer/Platforms/MacOSX.platform/Developer/usr/lib/libPreviewsJITStubExecutor.a --output /Users/runner/work/orbit/orbit/.recap-entries-probe/.dd-mac/Build/Intermediates.noindex/RecapEntriesProbe.build/Debug/RecapEntriesMacProbe.build/RecapEntriesMacProbe-ExecutorLinkFileList-normal-arm64.txt
note: Using stub executor library with Swift entry point. (in target 'RecapEntriesMacProbe' from project 'RecapEntriesProbe')

Ld /Users/runner/work/orbit/orbit/.recap-entries-probe/.dd-mac/Build/Products/Debug/RecapEntriesMacProbe.app/Contents/MacOS/RecapEntriesMacProbe normal (in target 'RecapEntriesMacProbe' from project 'RecapEntriesProbe')
    cd /Users/runner/work/orbit/orbit/.recap-entries-probe
    /Applications/Xcode_26.6.app/Contents/Developer/Toolchains/XcodeDefault.xctoolchain/usr/bin/clang -Xlinker -reproducible -target arm64-apple-macos14.0 -isysroot /Applications/Xcode_26.6.app/Contents/Developer/Platforms/MacOSX.platform/Developer/SDKs/MacOSX26.5.sdk -O0 -L/Users/runner/work/orbit/orbit/.recap-entries-probe/.dd-mac/Build/Products/Debug -F/Users/runner/work/orbit/orbit/.recap-entries-probe/.dd-mac/Build/Products/Debug/PackageFrameworks -F/Users/runner/work/orbit/orbit/.recap-entries-probe/.dd-mac/Build/Products/Debug/PackageFrameworks -F/Users/runner/work/orbit/orbit/.recap-entries-probe/.dd-mac/Build/Products/Debug/PackageFrameworks -F/Users/runner/work/orbit/orbit/.recap-entries-probe/.dd-mac/Build/Products/Debug/PackageFrameworks -F/Users/runner/work/orbit/orbit/.recap-entries-probe/.dd-mac/Build/Products/Debug/PackageFrameworks -F/Users/runner/work/orbit/orbit/.recap-entries-probe/.dd-mac/Build/Products/Debug -Xlinker -rpath -Xlinker @executable_path -Xlinker -rpath -Xlinker /Users/runner/work/orbit/orbit/.recap-entries-probe/.dd-mac/Build/Products/Debug/PackageFrameworks -Xlinker -rpath -Xlinker @executable_path/../Frameworks -rdynamic -Xlinker -no_deduplicate -e ___debug_blank_executor_main -Xlinker -sectcreate -Xlinker __TEXT -Xlinker __debug_dylib -Xlinker /Users/runner/work/orbit/orbit/.recap-entries-probe/.dd-mac/Build/Intermediates.noindex/RecapEntriesProbe.build/Debug/RecapEntriesMacProbe.build/RecapEntriesMacProbe-DebugDylibPath-normal-arm64.txt -Xlinker -sectcreate -Xlinker __TEXT -Xlinker __debug_instlnm -Xlinker /Users/runner/work/orbit/orbit/.recap-entries-probe/.dd-mac/Build/Intermediates.noindex/RecapEntriesProbe.build/Debug/RecapEntriesMacProbe.build/RecapEntriesMacProbe-DebugDylibInstallName-normal-arm64.txt -Xlinker -filelist -Xlinker /Users/runner/work/orbit/orbit/.recap-entries-probe/.dd-mac/Build/Intermediates.noindex/RecapEntriesProbe.build/Debug/RecapEntriesMacProbe.build/RecapEntriesMacProbe-ExecutorLinkFileList-normal-arm64.txt /Users/runner/work/orbit/orbit/.recap-entries-probe/.dd-mac/Build/Products/Debug/RecapEntriesMacProbe.app/Contents/MacOS/RecapEntriesMacProbe.debug.dylib -Xlinker -no_adhoc_codesign -o /Users/runner/work/orbit/orbit/.recap-entries-probe/.dd-mac/Build/Products/Debug/RecapEntriesMacProbe.app/Contents/MacOS/RecapEntriesMacProbe

ExtractAppIntentsMetadata (in target 'RecapEntriesMacProbe' from project 'RecapEntriesProbe')
    cd /Users/runner/work/orbit/orbit/.recap-entries-probe
    /Applications/Xcode_26.6.app/Contents/Developer/Toolchains/XcodeDefault.xctoolchain/usr/bin/appintentsmetadataprocessor --toolchain-dir /var/run/com.apple.security.cryptexd/mnt/com.apple.MobileAsset.MetalToolchain-v17.6.109.0.TD4BrU/Metal.xctoolchain --module-name RecapEntriesMacProbe --sdk-root /Applications/Xcode_26.6.app/Contents/Developer/Platforms/MacOSX.platform/Developer/SDKs/MacOSX26.5.sdk --xcode-version 17F113 --platform-family macOS --deployment-target 14.0 --bundle-identifier io.orbitd.recapentriesmacprobe --output /Users/runner/work/orbit/orbit/.recap-entries-probe/.dd-mac/Build/Products/Debug/RecapEntriesMacProbe.app/Contents/Resources --target-triple arm64-apple-macos14.0 --binary-file /Users/runner/work/orbit/orbit/.recap-entries-probe/.dd-mac/Build/Products/Debug/RecapEntriesMacProbe.app/Contents/MacOS/RecapEntriesMacProbe --dependency-file /Users/runner/work/orbit/orbit/.recap-entries-probe/.dd-mac/Build/Intermediates.noindex/RecapEntriesProbe.build/Debug/RecapEntriesMacProbe.build/Objects-normal/arm64/RecapEntriesMacProbe_dependency_info.dat --stringsdata-file /Users/runner/work/orbit/orbit/.recap-entries-probe/.dd-mac/Build/Intermediates.noindex/RecapEntriesProbe.build/Debug/RecapEntriesMacProbe.build/Objects-normal/arm64/ExtractedAppShortcutsMetadata.stringsdata --source-file-list /Users/runner/work/orbit/orbit/.recap-entries-probe/.dd-mac/Build/Intermediates.noindex/RecapEntriesProbe.build/Debug/RecapEntriesMacProbe.build/Objects-normal/arm64/RecapEntriesMacProbe.SwiftFileList --metadata-file-list /Users/runner/work/orbit/orbit/.recap-entries-probe/.dd-mac/Build/Intermediates.noindex/RecapEntriesProbe.build/Debug/RecapEntriesMacProbe.build/RecapEntriesMacProbe.DependencyMetadataFileList --static-metadata-file-list /Users/runner/work/orbit/orbit/.recap-entries-probe/.dd-mac/Build/Intermediates.noindex/RecapEntriesProbe.build/Debug/RecapEntriesMacProbe.build/RecapEntriesMacProbe.DependencyStaticMetadataFileList --swift-const-vals-list /Users/runner/work/orbit/orbit/.recap-entries-probe/.dd-mac/Build/Intermediates.noindex/RecapEntriesProbe.build/Debug/RecapEntriesMacProbe.build/Objects-normal/arm64/RecapEntriesMacProbe.SwiftConstValuesFileList --compile-time-extraction --deployment-aware-processing --validate-assistant-intents --no-app-shortcuts-localization
2026-10-10 05:40:21.440 appintentsmetadataprocessor[18189:54708] Starting appintentsmetadataprocessor export
2026-10-10 05:40:21.452 appintentsmetadataprocessor[18189:54708] warning: Metadata extraction skipped. No AppIntents.framework dependency found.

CopySwiftLibs /Users/runner/work/orbit/orbit/.recap-entries-probe/.dd-mac/Build/Products/Debug/RecapEntriesMacProbe.app (in target 'RecapEntriesMacProbe' from project 'RecapEntriesProbe')
    cd /Users/runner/work/orbit/orbit/.recap-entries-probe
    builtin-swiftStdLibTool --copy --verbose --sign - --scan-executable /Users/runner/work/orbit/orbit/.recap-entries-probe/.dd-mac/Build/Products/Debug/RecapEntriesMacProbe.app/Contents/MacOS/RecapEntriesMacProbe.debug.dylib --scan-folder /Users/runner/work/orbit/orbit/.recap-entries-probe/.dd-mac/Build/Products/Debug/RecapEntriesMacProbe.app/Contents/Frameworks --scan-folder /Users/runner/work/orbit/orbit/.recap-entries-probe/.dd-mac/Build/Products/Debug/RecapEntriesMacProbe.app/Contents/PlugIns --scan-folder /Users/runner/work/orbit/orbit/.recap-entries-probe/.dd-mac/Build/Products/Debug/RecapEntriesMacProbe.app/Contents/Library/SystemExtensions --scan-folder /Users/runner/work/orbit/orbit/.recap-entries-probe/.dd-mac/Build/Products/Debug/RecapEntriesMacProbe.app/Contents/Extensions --platform macosx --toolchain /var/run/com.apple.security.cryptexd/mnt/com.apple.MobileAsset.MetalToolchain-v17.6.109.0.TD4BrU/Metal.xctoolchain --toolchain /Applications/Xcode_26.6.app/Contents/Developer/Toolchains/XcodeDefault.xctoolchain --destination /Users/runner/work/orbit/orbit/.recap-entries-probe/.dd-mac/Build/Products/Debug/RecapEntriesMacProbe.app/Contents/Frameworks --strip-bitcode --strip-bitcode-tool /Applications/Xcode_26.6.app/Contents/Developer/Toolchains/XcodeDefault.xctoolchain/usr/bin/bitcode_strip --emit-dependency-info /Users/runner/work/orbit/orbit/.recap-entries-probe/.dd-mac/Build/Intermediates.noindex/RecapEntriesProbe.build/Debug/RecapEntriesMacProbe.build/SwiftStdLibToolInputDependencies.dep --filter-for-swift-os --back-deploy-swift-span

CodeSign /Users/runner/work/orbit/orbit/.recap-entries-probe/.dd-mac/Build/Products/Debug/RecapEntriesMacProbe.app/Contents/MacOS/RecapEntriesMacProbe.debug.dylib (in target 'RecapEntriesMacProbe' from project 'RecapEntriesProbe')
    cd /Users/runner/work/orbit/orbit/.recap-entries-probe
    
    Signing Identity:     "Sign to Run Locally"
    
    /usr/bin/codesign --force --sign - --timestamp\=none --generate-entitlement-der /Users/runner/work/orbit/orbit/.recap-entries-probe/.dd-mac/Build/Products/Debug/RecapEntriesMacProbe.app/Contents/MacOS/RecapEntriesMacProbe.debug.dylib

CodeSign /Users/runner/work/orbit/orbit/.recap-entries-probe/.dd-mac/Build/Products/Debug/RecapEntriesMacProbe.app/Contents/MacOS/__preview.dylib (in target 'RecapEntriesMacProbe' from project 'RecapEntriesProbe')
    cd /Users/runner/work/orbit/orbit/.recap-entries-probe
    
    Signing Identity:     "Sign to Run Locally"
    
    /usr/bin/codesign --force --sign - --timestamp\=none --generate-entitlement-der /Users/runner/work/orbit/orbit/.recap-entries-probe/.dd-mac/Build/Products/Debug/RecapEntriesMacProbe.app/Contents/MacOS/__preview.dylib

CodeSign /Users/runner/work/orbit/orbit/.recap-entries-probe/.dd-mac/Build/Products/Debug/RecapEntriesMacProbe.app (in target 'RecapEntriesMacProbe' from project 'RecapEntriesProbe')
    cd /Users/runner/work/orbit/orbit/.recap-entries-probe
    
    Signing Identity:     "Sign to Run Locally"
    
    /usr/bin/codesign --force --sign - --entitlements /Users/runner/work/orbit/orbit/.recap-entries-probe/.dd-mac/Build/Intermediates.noindex/RecapEntriesProbe.build/Debug/RecapEntriesMacProbe.build/RecapEntriesMacProbe.app.xcent --timestamp\=none --generate-entitlement-der /Users/runner/work/orbit/orbit/.recap-entries-probe/.dd-mac/Build/Products/Debug/RecapEntriesMacProbe.app

RegisterExecutionPolicyException /Users/runner/work/orbit/orbit/.recap-entries-probe/.dd-mac/Build/Products/Debug/RecapEntriesMacProbe.app (in target 'RecapEntriesMacProbe' from project 'RecapEntriesProbe')
    cd /Users/runner/work/orbit/orbit/.recap-entries-probe
    builtin-RegisterExecutionPolicyException /Users/runner/work/orbit/orbit/.recap-entries-probe/.dd-mac/Build/Products/Debug/RecapEntriesMacProbe.app

Validate /Users/runner/work/orbit/orbit/.recap-entries-probe/.dd-mac/Build/Products/Debug/RecapEntriesMacProbe.app (in target 'RecapEntriesMacProbe' from project 'RecapEntriesProbe')
    cd /Users/runner/work/orbit/orbit/.recap-entries-probe
    builtin-validationUtility /Users/runner/work/orbit/orbit/.recap-entries-probe/.dd-mac/Build/Products/Debug/RecapEntriesMacProbe.app -no-validate-extension -infoplist-subpath Contents/Info.plist

RegisterWithLaunchServices /Users/runner/work/orbit/orbit/.recap-entries-probe/.dd-mac/Build/Products/Debug/RecapEntriesMacProbe.app (in target 'RecapEntriesMacProbe' from project 'RecapEntriesProbe')
    cd /Users/runner/work/orbit/orbit/.recap-entries-probe
    /System/Library/Frameworks/CoreServices.framework/Versions/Current/Frameworks/LaunchServices.framework/Versions/Current/Support/lsregister -f -R -trusted /Users/runner/work/orbit/orbit/.recap-entries-probe/.dd-mac/Build/Products/Debug/RecapEntriesMacProbe.app

Touch /Users/runner/work/orbit/orbit/.recap-entries-probe/.dd-mac/Build/Products/Debug/RecapEntriesMacProbe.app (in target 'RecapEntriesMacProbe' from project 'RecapEntriesProbe')
    cd /Users/runner/work/orbit/orbit/.recap-entries-probe
    /usr/bin/touch -c /Users/runner/work/orbit/orbit/.recap-entries-probe/.dd-mac/Build/Products/Debug/RecapEntriesMacProbe.app

ProcessInfoPlistFile /Users/runner/work/orbit/orbit/.recap-entries-probe/.dd-mac/Build/Products/Debug/RecapEntriesMacProbeUITests-Runner.app/Contents/PlugIns/RecapEntriesMacProbeUITests.xctest/Contents/Info.plist /Users/runner/work/orbit/orbit/.recap-entries-probe/.dd-mac/Build/Intermediates.noindex/RecapEntriesProbe.build/Debug/RecapEntriesMacProbeUITests.build/empty-RecapEntriesMacProbeUITests.plist (in target 'RecapEntriesMacProbeUITests' from project 'RecapEntriesProbe')
    cd /Users/runner/work/orbit/orbit/.recap-entries-probe
    builtin-infoPlistUtility /Users/runner/work/orbit/orbit/.recap-entries-probe/.dd-mac/Build/Intermediates.noindex/RecapEntriesProbe.build/Debug/RecapEntriesMacProbeUITests.build/empty-RecapEntriesMacProbeUITests.plist -producttype com.apple.product-type.bundle.ui-testing -expandbuildsettings -platform macosx -additionalcontentfile /Users/runner/work/orbit/orbit/.recap-entries-probe/.dd-mac/Build/Intermediates.noindex/RecapEntriesProbe.build/Debug/RecapEntriesMacProbeUITests.build/ProductTypeInfoPlistAdditions.plist -o /Users/runner/work/orbit/orbit/.recap-entries-probe/.dd-mac/Build/Products/Debug/RecapEntriesMacProbeUITests-Runner.app/Contents/PlugIns/RecapEntriesMacProbeUITests.xctest/Contents/Info.plist

Ld /Users/runner/work/orbit/orbit/.recap-entries-probe/.dd-mac/Build/Products/Debug/RecapEntriesMacProbeUITests-Runner.app/Contents/PlugIns/RecapEntriesMacProbeUITests.xctest/Contents/MacOS/RecapEntriesMacProbeUITests normal (in target 'RecapEntriesMacProbeUITests' from project 'RecapEntriesProbe')
    cd /Users/runner/work/orbit/orbit/.recap-entries-probe
    /Applications/Xcode_26.6.app/Contents/Developer/Toolchains/XcodeDefault.xctoolchain/usr/bin/clang -Xlinker -reproducible -target arm64-apple-macos14.0 -bundle -isysroot /Applications/Xcode_26.6.app/Contents/Developer/Platforms/MacOSX.platform/Developer/SDKs/MacOSX26.5.sdk -O0 -L/Users/runner/work/orbit/orbit/.recap-entries-probe/.dd-mac/Build/Intermediates.noindex/EagerLinkingTBDs/Debug -L/Users/runner/work/orbit/orbit/.recap-entries-probe/.dd-mac/Build/Products/Debug -L/Applications/Xcode_26.6.app/Contents/Developer/Platforms/MacOSX.platform/Developer/usr/lib -F/Users/runner/work/orbit/orbit/.recap-entries-probe/.dd-mac/Build/Intermediates.noindex/EagerLinkingTBDs/Debug -F/Users/runner/work/orbit/orbit/.recap-entries-probe/.dd-mac/Build/Products/Debug -iframework /Applications/Xcode_26.6.app/Contents/Developer/Platforms/MacOSX.platform/Developer/Library/Frameworks -filelist /Users/runner/work/orbit/orbit/.recap-entries-probe/.dd-mac/Build/Intermediates.noindex/RecapEntriesProbe.build/Debug/RecapEntriesMacProbeUITests.build/Objects-normal/arm64/RecapEntriesMacProbeUITests.LinkFileList -Xlinker -rpath -Xlinker /usr/lib/swift -Xlinker -rpath -Xlinker @loader_path/../Frameworks -Xlinker -rpath -Xlinker @executable_path/Frameworks -Xlinker -rpath -Xlinker @loader_path/Frameworks -Xlinker -object_path_lto -Xlinker /Users/runner/work/orbit/orbit/.recap-entries-probe/.dd-mac/Build/Intermediates.noindex/RecapEntriesProbe.build/Debug/RecapEntriesMacProbeUITests.build/Objects-normal/arm64/RecapEntriesMacProbeUITests_lto.o -rdynamic -Xlinker -no_deduplicate -Xlinker -dependency_info -Xlinker /Users/runner/work/orbit/orbit/.recap-entries-probe/.dd-mac/Build/Intermediates.noindex/RecapEntriesProbe.build/Debug/RecapEntriesMacProbeUITests.build/Objects-normal/arm64/RecapEntriesMacProbeUITests_dependency_info.dat -fobjc-link-runtime -L/Applications/Xcode_26.6.app/Contents/Developer/Toolchains/XcodeDefault.xctoolchain/usr/lib/swift/macosx -L/usr/lib/swift -Xlinker -add_ast_path -Xlinker /Users/runner/work/orbit/orbit/.recap-entries-probe/.dd-mac/Build/Intermediates.noindex/RecapEntriesProbe.build/Debug/RecapEntriesMacProbeUITests.build/Objects-normal/arm64/RecapEntriesMacProbeUITests.swiftmodule @/Users/runner/work/orbit/orbit/.recap-entries-probe/.dd-mac/Build/Intermediates.noindex/RecapEntriesProbe.build/Debug/RecapEntriesMacProbeUITests.build/Objects-normal/arm64/RecapEntriesMacProbeUITests-linker-args.resp -Xlinker -needed_framework -Xlinker XCTest -framework XCTest -Xlinker -needed-lXCTestSwiftSupport -lXCTestSwiftSupport -Xlinker -no_adhoc_codesign -o /Users/runner/work/orbit/orbit/.recap-entries-probe/.dd-mac/Build/Products/Debug/RecapEntriesMacProbeUITests-Runner.app/Contents/PlugIns/RecapEntriesMacProbeUITests.xctest/Contents/MacOS/RecapEntriesMacProbeUITests

ExtractAppIntentsMetadata (in target 'RecapEntriesMacProbeUITests' from project 'RecapEntriesProbe')
    cd /Users/runner/work/orbit/orbit/.recap-entries-probe
    /Applications/Xcode_26.6.app/Contents/Developer/Toolchains/XcodeDefault.xctoolchain/usr/bin/appintentsmetadataprocessor --toolchain-dir /var/run/com.apple.security.cryptexd/mnt/com.apple.MobileAsset.MetalToolchain-v17.6.109.0.TD4BrU/Metal.xctoolchain --module-name RecapEntriesMacProbeUITests --sdk-root /Applications/Xcode_26.6.app/Contents/Developer/Platforms/MacOSX.platform/Developer/SDKs/MacOSX26.5.sdk --xcode-version 17F113 --platform-family macOS --deployment-target 14.0 --bundle-identifier io.orbitd.recapentriesmacprobe.uitests --output /Users/runner/work/orbit/orbit/.recap-entries-probe/.dd-mac/Build/Products/Debug/RecapEntriesMacProbeUITests-Runner.app/Contents/PlugIns/RecapEntriesMacProbeUITests.xctest/Contents/Resources --target-triple arm64-apple-macos14.0 --binary-file /Users/runner/work/orbit/orbit/.recap-entries-probe/.dd-mac/Build/Products/Debug/RecapEntriesMacProbeUITests-Runner.app/Contents/PlugIns/RecapEntriesMacProbeUITests.xctest/Contents/MacOS/RecapEntriesMacProbeUITests --dependency-file /Users/runner/work/orbit/orbit/.recap-entries-probe/.dd-mac/Build/Intermediates.noindex/RecapEntriesProbe.build/Debug/RecapEntriesMacProbeUITests.build/Objects-normal/arm64/RecapEntriesMacProbeUITests_dependency_info.dat --stringsdata-file /Users/runner/work/orbit/orbit/.recap-entries-probe/.dd-mac/Build/Intermediates.noindex/RecapEntriesProbe.build/Debug/RecapEntriesMacProbeUITests.build/Objects-normal/arm64/ExtractedAppShortcutsMetadata.stringsdata --source-file-list /Users/runner/work/orbit/orbit/.recap-entries-probe/.dd-mac/Build/Intermediates.noindex/RecapEntriesProbe.build/Debug/RecapEntriesMacProbeUITests.build/Objects-normal/arm64/RecapEntriesMacProbeUITests.SwiftFileList --metadata-file-list /Users/runner/work/orbit/orbit/.recap-entries-probe/.dd-mac/Build/Intermediates.noindex/RecapEntriesProbe.build/Debug/RecapEntriesMacProbeUITests.build/RecapEntriesMacProbeUITests.DependencyMetadataFileList --static-metadata-file-list /Users/runner/work/orbit/orbit/.recap-entries-probe/.dd-mac/Build/Intermediates.noindex/RecapEntriesProbe.build/Debug/RecapEntriesMacProbeUITests.build/RecapEntriesMacProbeUITests.DependencyStaticMetadataFileList --swift-const-vals-list /Users/runner/work/orbit/orbit/.recap-entries-probe/.dd-mac/Build/Intermediates.noindex/RecapEntriesProbe.build/Debug/RecapEntriesMacProbeUITests.build/Objects-normal/arm64/RecapEntriesMacProbeUITests.SwiftConstValuesFileList --compile-time-extraction --deployment-aware-processing --validate-assistant-intents --no-app-shortcuts-localization
2026-10-10 05:40:33.565 appintentsmetadataprocessor[18600:55861] Starting appintentsmetadataprocessor export
2026-10-10 05:40:33.569 appintentsmetadataprocessor[18600:55861] warning: Metadata extraction skipped. No AppIntents.framework dependency found.

CopySwiftLibs /Users/runner/work/orbit/orbit/.recap-entries-probe/.dd-mac/Build/Products/Debug/RecapEntriesMacProbeUITests-Runner.app/Contents/PlugIns/RecapEntriesMacProbeUITests.xctest (in target 'RecapEntriesMacProbeUITests' from project 'RecapEntriesProbe')
    cd /Users/runner/work/orbit/orbit/.recap-entries-probe
    builtin-swiftStdLibTool --copy --verbose --sign - --scan-executable /Users/runner/work/orbit/orbit/.recap-entries-probe/.dd-mac/Build/Products/Debug/RecapEntriesMacProbeUITests-Runner.app/Contents/PlugIns/RecapEntriesMacProbeUITests.xctest/Contents/MacOS/RecapEntriesMacProbeUITests --scan-folder /Users/runner/work/orbit/orbit/.recap-entries-probe/.dd-mac/Build/Products/Debug/RecapEntriesMacProbeUITests-Runner.app/Contents/PlugIns/RecapEntriesMacProbeUITests.xctest/Contents/Frameworks --scan-folder /Users/runner/work/orbit/orbit/.recap-entries-probe/.dd-mac/Build/Products/Debug/RecapEntriesMacProbeUITests-Runner.app/Contents/PlugIns/RecapEntriesMacProbeUITests.xctest/Contents/PlugIns --scan-folder /Users/runner/work/orbit/orbit/.recap-entries-probe/.dd-mac/Build/Products/Debug/RecapEntriesMacProbeUITests-Runner.app/Contents/PlugIns/RecapEntriesMacProbeUITests.xctest/Contents/Library/SystemExtensions --scan-folder /Users/runner/work/orbit/orbit/.recap-entries-probe/.dd-mac/Build/Products/Debug/RecapEntriesMacProbeUITests-Runner.app/Contents/PlugIns/RecapEntriesMacProbeUITests.xctest/Contents/Extensions --platform macosx --toolchain /var/run/com.apple.security.cryptexd/mnt/com.apple.MobileAsset.MetalToolchain-v17.6.109.0.TD4BrU/Metal.xctoolchain --toolchain /Applications/Xcode_26.6.app/Contents/Developer/Toolchains/XcodeDefault.xctoolchain --destination /Users/runner/work/orbit/orbit/.recap-entries-probe/.dd-mac/Build/Products/Debug/RecapEntriesMacProbeUITests-Runner.app/Contents/PlugIns/RecapEntriesMacProbeUITests.xctest/Contents/Frameworks --strip-bitcode --scan-executable /Applications/Xcode_26.6.app/Contents/Developer/Platforms/MacOSX.platform/Developer/usr/lib/libXCTestSwiftSupport.dylib --strip-bitcode-tool /Applications/Xcode_26.6.app/Contents/Developer/Toolchains/XcodeDefault.xctoolchain/usr/bin/bitcode_strip --emit-dependency-info /Users/runner/work/orbit/orbit/.recap-entries-probe/.dd-mac/Build/Intermediates.noindex/RecapEntriesProbe.build/Debug/RecapEntriesMacProbeUITests.build/SwiftStdLibToolInputDependencies.dep --filter-for-swift-os --back-deploy-swift-span

MkDir /Users/runner/work/orbit/orbit/.recap-entries-probe/.dd-mac/Build/Products/Debug/RecapEntriesMacProbeUITests-Runner.app (in target 'RecapEntriesMacProbeUITests' from project 'RecapEntriesProbe')
    cd /Users/runner/work/orbit/orbit/.recap-entries-probe
    /bin/mkdir -p /Users/runner/work/orbit/orbit/.recap-entries-probe/.dd-mac/Build/Products/Debug/RecapEntriesMacProbeUITests-Runner.app

CopyPlistFile /Users/runner/work/orbit/orbit/.recap-entries-probe/.dd-mac/Build/Products/Debug/RecapEntriesMacProbeUITests-Runner.app/Contents/Info.plist /Applications/Xcode_26.6.app/Contents/Developer/Platforms/MacOSX.platform/Developer/Library/Xcode/Agents/XCTRunner.app/Contents/Info.plist (in target 'RecapEntriesMacProbeUITests' from project 'RecapEntriesProbe')
    cd /Users/runner/work/orbit/orbit/.recap-entries-probe
    builtin-copyPlist --validate --convert xml1 --macro-expansion WRAPPEDPRODUCTNAME RecapEntriesMacProbeUITests-Runner --macro-expansion WRAPPEDPRODUCTBUNDLEIDENTIFIER io.orbitd.recapentriesmacprobe.uitests.xctrunner --macro-expansion TESTPRODUCTNAME RecapEntriesMacProbeUITests --macro-expansion TESTPRODUCTBUNDLEIDENTIFIER io.orbitd.recapentriesmacprobe.uitests --copy-value UIDeviceFamily /Users/runner/work/orbit/orbit/.recap-entries-probe/.dd-mac/Build/Products/Debug/RecapEntriesMacProbeUITests-Runner.app/Contents/PlugIns/RecapEntriesMacProbeUITests.xctest/Contents/Info.plist --outdir /Users/runner/work/orbit/orbit/.recap-entries-probe/.dd-mac/Build/Products/Debug/RecapEntriesMacProbeUITests-Runner.app/Contents -- /Applications/Xcode_26.6.app/Contents/Developer/Platforms/MacOSX.platform/Developer/Library/Xcode/Agents/XCTRunner.app/Contents/Info.plist

CopyAndPreserveArchs /Users/runner/work/orbit/orbit/.recap-entries-probe/.dd-mac/Build/Products/Debug/RecapEntriesMacProbeUITests-Runner.app/Contents/MacOS/RecapEntriesMacProbeUITests-Runner (in target 'RecapEntriesMacProbeUITests' from project 'RecapEntriesProbe')
    cd /Users/runner/work/orbit/orbit/.recap-entries-probe
    /Applications/Xcode_26.6.app/Contents/Developer/Toolchains/XcodeDefault.xctoolchain/usr/bin/lipo /Applications/Xcode_26.6.app/Contents/Developer/Platforms/MacOSX.platform/Developer/Library/Xcode/Agents/XCTRunner.app/Contents/MacOS/XCTRunner -output /Users/runner/work/orbit/orbit/.recap-entries-probe/.dd-mac/Build/Products/Debug/RecapEntriesMacProbeUITests-Runner.app/Contents/MacOS/RecapEntriesMacProbeUITests-Runner -extract arm64

Copy /Users/runner/work/orbit/orbit/.recap-entries-probe/.dd-mac/Build/Products/Debug/RecapEntriesMacProbeUITests-Runner.app/Contents/PkgInfo /Applications/Xcode_26.6.app/Contents/Developer/Platforms/MacOSX.platform/Developer/Library/Xcode/Agents/XCTRunner.app/Contents/PkgInfo (in target 'RecapEntriesMacProbeUITests' from project 'RecapEntriesProbe')
    cd /Users/runner/work/orbit/orbit/.recap-entries-probe
    builtin-copy -exclude .DS_Store -exclude CVS -exclude .svn -exclude .git -exclude .hg -resolve-src-symlinks /Applications/Xcode_26.6.app/Contents/Developer/Platforms/MacOSX.platform/Developer/Library/Xcode/Agents/XCTRunner.app/Contents/PkgInfo /Users/runner/work/orbit/orbit/.recap-entries-probe/.dd-mac/Build/Products/Debug/RecapEntriesMacProbeUITests-Runner.app/Contents

Copy /Users/runner/work/orbit/orbit/.recap-entries-probe/.dd-mac/Build/Products/Debug/RecapEntriesMacProbeUITests-Runner.app/Contents/Frameworks/libXCTestSwiftSupport.dylib /Applications/Xcode_26.6.app/Contents/Developer/Platforms/MacOSX.platform/Developer/usr/lib/libXCTestSwiftSupport.dylib (in target 'RecapEntriesMacProbeUITests' from project 'RecapEntriesProbe')
    cd /Users/runner/work/orbit/orbit/.recap-entries-probe
    builtin-copy -exclude .DS_Store -exclude CVS -exclude .svn -exclude .git -exclude .hg -exclude Headers -exclude PrivateHeaders -exclude Modules -exclude \*.tbd -resolve-src-symlinks /Applications/Xcode_26.6.app/Contents/Developer/Platforms/MacOSX.platform/Developer/usr/lib/libXCTestSwiftSupport.dylib /Users/runner/work/orbit/orbit/.recap-entries-probe/.dd-mac/Build/Products/Debug/RecapEntriesMacProbeUITests-Runner.app/Contents/Frameworks

Copy /Users/runner/work/orbit/orbit/.recap-entries-probe/.dd-mac/Build/Products/Debug/RecapEntriesMacProbeUITests-Runner.app/Contents/Frameworks/XCUnit.framework /Applications/Xcode_26.6.app/Contents/Developer/Platforms/MacOSX.platform/Developer/Library/PrivateFrameworks/XCUnit.framework (in target 'RecapEntriesMacProbeUITests' from project 'RecapEntriesProbe')
    cd /Users/runner/work/orbit/orbit/.recap-entries-probe
    builtin-copy -exclude .DS_Store -exclude CVS -exclude .svn -exclude .git -exclude .hg -exclude Headers -exclude PrivateHeaders -exclude Modules -exclude \*.tbd -resolve-src-symlinks /Applications/Xcode_26.6.app/Contents/Developer/Platforms/MacOSX.platform/Developer/Library/PrivateFrameworks/XCUnit.framework /Users/runner/work/orbit/orbit/.recap-entries-probe/.dd-mac/Build/Products/Debug/RecapEntriesMacProbeUITests-Runner.app/Contents/Frameworks

Copy /Users/runner/work/orbit/orbit/.recap-entries-probe/.dd-mac/Build/Products/Debug/RecapEntriesMacProbeUITests-Runner.app/Contents/Frameworks/XCUIAutomation.framework /Applications/Xcode_26.6.app/Contents/Developer/Platforms/MacOSX.platform/Developer/Library/Frameworks/XCUIAutomation.framework (in target 'RecapEntriesMacProbeUITests' from project 'RecapEntriesProbe')
    cd /Users/runner/work/orbit/orbit/.recap-entries-probe
    builtin-copy -exclude .DS_Store -exclude CVS -exclude .svn -exclude .git -exclude .hg -exclude Headers -exclude PrivateHeaders -exclude Modules -exclude \*.tbd -resolve-src-symlinks /Applications/Xcode_26.6.app/Contents/Developer/Platforms/MacOSX.platform/Developer/Library/Frameworks/XCUIAutomation.framework /Users/runner/work/orbit/orbit/.recap-entries-probe/.dd-mac/Build/Products/Debug/RecapEntriesMacProbeUITests-Runner.app/Contents/Frameworks

Copy /Users/runner/work/orbit/orbit/.recap-entries-probe/.dd-mac/Build/Products/Debug/RecapEntriesMacProbeUITests-Runner.app/Contents/Frameworks/XCTestSupport.framework /Applications/Xcode_26.6.app/Contents/Developer/Platforms/MacOSX.platform/Developer/Library/PrivateFrameworks/XCTestSupport.framework (in target 'RecapEntriesMacProbeUITests' from project 'RecapEntriesProbe')
    cd /Users/runner/work/orbit/orbit/.recap-entries-probe
    builtin-copy -exclude .DS_Store -exclude CVS -exclude .svn -exclude .git -exclude .hg -exclude Headers -exclude PrivateHeaders -exclude Modules -exclude \*.tbd -resolve-src-symlinks /Applications/Xcode_26.6.app/Contents/Developer/Platforms/MacOSX.platform/Developer/Library/PrivateFrameworks/XCTestSupport.framework /Users/runner/work/orbit/orbit/.recap-entries-probe/.dd-mac/Build/Products/Debug/RecapEntriesMacProbeUITests-Runner.app/Contents/Frameworks

Copy /Users/runner/work/orbit/orbit/.recap-entries-probe/.dd-mac/Build/Products/Debug/RecapEntriesMacProbeUITests-Runner.app/Contents/Frameworks/XCTestCore.framework /Applications/Xcode_26.6.app/Contents/Developer/Platforms/MacOSX.platform/Developer/Library/PrivateFrameworks/XCTestCore.framework (in target 'RecapEntriesMacProbeUITests' from project 'RecapEntriesProbe')
    cd /Users/runner/work/orbit/orbit/.recap-entries-probe
    builtin-copy -exclude .DS_Store -exclude CVS -exclude .svn -exclude .git -exclude .hg -exclude Headers -exclude PrivateHeaders -exclude Modules -exclude \*.tbd -resolve-src-symlinks /Applications/Xcode_26.6.app/Contents/Developer/Platforms/MacOSX.platform/Developer/Library/PrivateFrameworks/XCTestCore.framework /Users/runner/work/orbit/orbit/.recap-entries-probe/.dd-mac/Build/Products/Debug/RecapEntriesMacProbeUITests-Runner.app/Contents/Frameworks

Copy /Users/runner/work/orbit/orbit/.recap-entries-probe/.dd-mac/Build/Products/Debug/RecapEntriesMacProbeUITests-Runner.app/Contents/Frameworks/XCTest.framework /Applications/Xcode_26.6.app/Contents/Developer/Platforms/MacOSX.platform/Developer/Library/Frameworks/XCTest.framework (in target 'RecapEntriesMacProbeUITests' from project 'RecapEntriesProbe')
    cd /Users/runner/work/orbit/orbit/.recap-entries-probe
    builtin-copy -exclude .DS_Store -exclude CVS -exclude .svn -exclude .git -exclude .hg -exclude Headers -exclude PrivateHeaders -exclude Modules -exclude \*.tbd -resolve-src-symlinks /Applications/Xcode_26.6.app/Contents/Developer/Platforms/MacOSX.platform/Developer/Library/Frameworks/XCTest.framework /Users/runner/work/orbit/orbit/.recap-entries-probe/.dd-mac/Build/Products/Debug/RecapEntriesMacProbeUITests-Runner.app/Contents/Frameworks

Copy /Users/runner/work/orbit/orbit/.recap-entries-probe/.dd-mac/Build/Products/Debug/RecapEntriesMacProbeUITests-Runner.app/Contents/Frameworks/XCTAutomationSupport.framework /Applications/Xcode_26.6.app/Contents/Developer/Platforms/MacOSX.platform/Developer/Library/PrivateFrameworks/XCTAutomationSupport.framework (in target 'RecapEntriesMacProbeUITests' from project 'RecapEntriesProbe')
    cd /Users/runner/work/orbit/orbit/.recap-entries-probe
    builtin-copy -exclude .DS_Store -exclude CVS -exclude .svn -exclude .git -exclude .hg -exclude Headers -exclude PrivateHeaders -exclude Modules -exclude \*.tbd -resolve-src-symlinks /Applications/Xcode_26.6.app/Contents/Developer/Platforms/MacOSX.platform/Developer/Library/PrivateFrameworks/XCTAutomationSupport.framework /Users/runner/work/orbit/orbit/.recap-entries-probe/.dd-mac/Build/Products/Debug/RecapEntriesMacProbeUITests-Runner.app/Contents/Frameworks

Copy /Users/runner/work/orbit/orbit/.recap-entries-probe/.dd-mac/Build/Products/Debug/RecapEntriesMacProbeUITests-Runner.app/Contents/Frameworks/Testing.framework /Applications/Xcode_26.6.app/Contents/Developer/Platforms/MacOSX.platform/Developer/Library/Frameworks/Testing.framework (in target 'RecapEntriesMacProbeUITests' from project 'RecapEntriesProbe')
    cd /Users/runner/work/orbit/orbit/.recap-entries-probe
    builtin-copy -exclude .DS_Store -exclude CVS -exclude .svn -exclude .git -exclude .hg -exclude Headers -exclude PrivateHeaders -exclude Modules -exclude \*.tbd -resolve-src-symlinks /Applications/Xcode_26.6.app/Contents/Developer/Platforms/MacOSX.platform/Developer/Library/Frameworks/Testing.framework /Users/runner/work/orbit/orbit/.recap-entries-probe/.dd-mac/Build/Products/Debug/RecapEntriesMacProbeUITests-Runner.app/Contents/Frameworks

CodeSign /Users/runner/work/orbit/orbit/.recap-entries-probe/.dd-mac/Build/Products/Debug/RecapEntriesMacProbeUITests-Runner.app/Contents/Frameworks/libXCTestSwiftSupport.dylib (in target 'RecapEntriesMacProbeUITests' from project 'RecapEntriesProbe')
    cd /Users/runner/work/orbit/orbit/.recap-entries-probe
    
    Signing Identity:     "Sign to Run Locally"
    
    /usr/bin/codesign --force --sign - --timestamp\=none --preserve-metadata\=identifier,entitlements,flags --generate-entitlement-der /Users/runner/work/orbit/orbit/.recap-entries-probe/.dd-mac/Build/Products/Debug/RecapEntriesMacProbeUITests-Runner.app/Contents/Frameworks/libXCTestSwiftSupport.dylib
/Users/runner/work/orbit/orbit/.recap-entries-probe/.dd-mac/Build/Products/Debug/RecapEntriesMacProbeUITests-Runner.app/Contents/Frameworks/libXCTestSwiftSupport.dylib: replacing existing signature

CodeSign /Users/runner/work/orbit/orbit/.recap-entries-probe/.dd-mac/Build/Products/Debug/RecapEntriesMacProbeUITests-Runner.app/Contents/Frameworks/XCUnit.framework (in target 'RecapEntriesMacProbeUITests' from project 'RecapEntriesProbe')
    cd /Users/runner/work/orbit/orbit/.recap-entries-probe
    
    Signing Identity:     "Sign to Run Locally"
    
    /usr/bin/codesign --force --sign - --timestamp\=none --preserve-metadata\=identifier,entitlements,flags --generate-entitlement-der /Users/runner/work/orbit/orbit/.recap-entries-probe/.dd-mac/Build/Products/Debug/RecapEntriesMacProbeUITests-Runner.app/Contents/Frameworks/XCUnit.framework
/Users/runner/work/orbit/orbit/.recap-entries-probe/.dd-mac/Build/Products/Debug/RecapEntriesMacProbeUITests-Runner.app/Contents/Frameworks/XCUnit.framework: replacing existing signature

CodeSign /Users/runner/work/orbit/orbit/.recap-entries-probe/.dd-mac/Build/Products/Debug/RecapEntriesMacProbeUITests-Runner.app/Contents/Frameworks/XCUIAutomation.framework (in target 'RecapEntriesMacProbeUITests' from project 'RecapEntriesProbe')
    cd /Users/runner/work/orbit/orbit/.recap-entries-probe
    
    Signing Identity:     "Sign to Run Locally"
    
    /usr/bin/codesign --force --sign - --timestamp\=none --preserve-metadata\=identifier,entitlements,flags --generate-entitlement-der /Users/runner/work/orbit/orbit/.recap-entries-probe/.dd-mac/Build/Products/Debug/RecapEntriesMacProbeUITests-Runner.app/Contents/Frameworks/XCUIAutomation.framework
/Users/runner/work/orbit/orbit/.recap-entries-probe/.dd-mac/Build/Products/Debug/RecapEntriesMacProbeUITests-Runner.app/Contents/Frameworks/XCUIAutomation.framework: replacing existing signature

CodeSign /Users/runner/work/orbit/orbit/.recap-entries-probe/.dd-mac/Build/Products/Debug/RecapEntriesMacProbeUITests-Runner.app/Contents/Frameworks/XCTestSupport.framework (in target 'RecapEntriesMacProbeUITests' from project 'RecapEntriesProbe')
    cd /Users/runner/work/orbit/orbit/.recap-entries-probe
    
    Signing Identity:     "Sign to Run Locally"
    
    /usr/bin/codesign --force --sign - --timestamp\=none --preserve-metadata\=identifier,entitlements,flags --generate-entitlement-der /Users/runner/work/orbit/orbit/.recap-entries-probe/.dd-mac/Build/Products/Debug/RecapEntriesMacProbeUITests-Runner.app/Contents/Frameworks/XCTestSupport.framework
/Users/runner/work/orbit/orbit/.recap-entries-probe/.dd-mac/Build/Products/Debug/RecapEntriesMacProbeUITests-Runner.app/Contents/Frameworks/XCTestSupport.framework: replacing existing signature

CodeSign /Users/runner/work/orbit/orbit/.recap-entries-probe/.dd-mac/Build/Products/Debug/RecapEntriesMacProbeUITests-Runner.app/Contents/Frameworks/XCTestCore.framework (in target 'RecapEntriesMacProbeUITests' from project 'RecapEntriesProbe')
    cd /Users/runner/work/orbit/orbit/.recap-entries-probe
    
    Signing Identity:     "Sign to Run Locally"
    
    /usr/bin/codesign --force --sign - --timestamp\=none --preserve-metadata\=identifier,entitlements,flags --generate-entitlement-der /Users/runner/work/orbit/orbit/.recap-entries-probe/.dd-mac/Build/Products/Debug/RecapEntriesMacProbeUITests-Runner.app/Contents/Frameworks/XCTestCore.framework
/Users/runner/work/orbit/orbit/.recap-entries-probe/.dd-mac/Build/Products/Debug/RecapEntriesMacProbeUITests-Runner.app/Contents/Frameworks/XCTestCore.framework: replacing existing signature

CodeSign /Users/runner/work/orbit/orbit/.recap-entries-probe/.dd-mac/Build/Products/Debug/RecapEntriesMacProbeUITests-Runner.app/Contents/Frameworks/XCTest.framework (in target 'RecapEntriesMacProbeUITests' from project 'RecapEntriesProbe')
    cd /Users/runner/work/orbit/orbit/.recap-entries-probe
    
    Signing Identity:     "Sign to Run Locally"
    
    /usr/bin/codesign --force --sign - --timestamp\=none --preserve-metadata\=identifier,entitlements,flags --generate-entitlement-der /Users/runner/work/orbit/orbit/.recap-entries-probe/.dd-mac/Build/Products/Debug/RecapEntriesMacProbeUITests-Runner.app/Contents/Frameworks/XCTest.framework
/Users/runner/work/orbit/orbit/.recap-entries-probe/.dd-mac/Build/Products/Debug/RecapEntriesMacProbeUITests-Runner.app/Contents/Frameworks/XCTest.framework: replacing existing signature

CodeSign /Users/runner/work/orbit/orbit/.recap-entries-probe/.dd-mac/Build/Products/Debug/RecapEntriesMacProbeUITests-Runner.app/Contents/Frameworks/XCTAutomationSupport.framework (in target 'RecapEntriesMacProbeUITests' from project 'RecapEntriesProbe')
    cd /Users/runner/work/orbit/orbit/.recap-entries-probe
    
    Signing Identity:     "Sign to Run Locally"
    
    /usr/bin/codesign --force --sign - --timestamp\=none --preserve-metadata\=identifier,entitlements,flags --generate-entitlement-der /Users/runner/work/orbit/orbit/.recap-entries-probe/.dd-mac/Build/Products/Debug/RecapEntriesMacProbeUITests-Runner.app/Contents/Frameworks/XCTAutomationSupport.framework
/Users/runner/work/orbit/orbit/.recap-entries-probe/.dd-mac/Build/Products/Debug/RecapEntriesMacProbeUITests-Runner.app/Contents/Frameworks/XCTAutomationSupport.framework: replacing existing signature

CodeSign /Users/runner/work/orbit/orbit/.recap-entries-probe/.dd-mac/Build/Products/Debug/RecapEntriesMacProbeUITests-Runner.app/Contents/Frameworks/Testing.framework (in target 'RecapEntriesMacProbeUITests' from project 'RecapEntriesProbe')
    cd /Users/runner/work/orbit/orbit/.recap-entries-probe
    
    Signing Identity:     "Sign to Run Locally"
    
    /usr/bin/codesign --force --sign - --timestamp\=none --preserve-metadata\=identifier,entitlements,flags --generate-entitlement-der /Users/runner/work/orbit/orbit/.recap-entries-probe/.dd-mac/Build/Products/Debug/RecapEntriesMacProbeUITests-Runner.app/Contents/Frameworks/Testing.framework
/Users/runner/work/orbit/orbit/.recap-entries-probe/.dd-mac/Build/Products/Debug/RecapEntriesMacProbeUITests-Runner.app/Contents/Frameworks/Testing.framework: replacing existing signature

CodeSign /Users/runner/work/orbit/orbit/.recap-entries-probe/.dd-mac/Build/Products/Debug/RecapEntriesMacProbeUITests-Runner.app/Contents/PlugIns/RecapEntriesMacProbeUITests.xctest (in target 'RecapEntriesMacProbeUITests' from project 'RecapEntriesProbe')
    cd /Users/runner/work/orbit/orbit/.recap-entries-probe
    
    Signing Identity:     "Sign to Run Locally"
    
    /usr/bin/codesign --force --sign - --entitlements /Users/runner/work/orbit/orbit/.recap-entries-probe/.dd-mac/Build/Intermediates.noindex/RecapEntriesProbe.build/Debug/RecapEntriesMacProbeUITests.build/RecapEntriesMacProbeUITests.xctest.xcent --timestamp\=none --generate-entitlement-der /Users/runner/work/orbit/orbit/.recap-entries-probe/.dd-mac/Build/Products/Debug/RecapEntriesMacProbeUITests-Runner.app/Contents/PlugIns/RecapEntriesMacProbeUITests.xctest

RegisterExecutionPolicyException /Users/runner/work/orbit/orbit/.recap-entries-probe/.dd-mac/Build/Products/Debug/RecapEntriesMacProbeUITests-Runner.app/Contents/PlugIns/RecapEntriesMacProbeUITests.xctest (in target 'RecapEntriesMacProbeUITests' from project 'RecapEntriesProbe')
    cd /Users/runner/work/orbit/orbit/.recap-entries-probe
    builtin-RegisterExecutionPolicyException /Users/runner/work/orbit/orbit/.recap-entries-probe/.dd-mac/Build/Products/Debug/RecapEntriesMacProbeUITests-Runner.app/Contents/PlugIns/RecapEntriesMacProbeUITests.xctest

Touch /Users/runner/work/orbit/orbit/.recap-entries-probe/.dd-mac/Build/Products/Debug/RecapEntriesMacProbeUITests-Runner.app/Contents/PlugIns/RecapEntriesMacProbeUITests.xctest (in target 'RecapEntriesMacProbeUITests' from project 'RecapEntriesProbe')
    cd /Users/runner/work/orbit/orbit/.recap-entries-probe
    /usr/bin/touch -c /Users/runner/work/orbit/orbit/.recap-entries-probe/.dd-mac/Build/Products/Debug/RecapEntriesMacProbeUITests-Runner.app/Contents/PlugIns/RecapEntriesMacProbeUITests.xctest

CodeSign /Users/runner/work/orbit/orbit/.recap-entries-probe/.dd-mac/Build/Products/Debug/RecapEntriesMacProbeUITests-Runner.app (in target 'RecapEntriesMacProbeUITests' from project 'RecapEntriesProbe')
    cd /Users/runner/work/orbit/orbit/.recap-entries-probe
    
    Signing Identity:     "Sign to Run Locally"
    
    /usr/bin/codesign --force --sign - --entitlements /Users/runner/work/orbit/orbit/.recap-entries-probe/.dd-mac/Build/Intermediates.noindex/RecapEntriesProbe.build/Debug/RecapEntriesMacProbeUITests.build/RecapEntriesMacProbeUITests.xctest.xcent --timestamp\=none --generate-entitlement-der /Users/runner/work/orbit/orbit/.recap-entries-probe/.dd-mac/Build/Products/Debug/RecapEntriesMacProbeUITests-Runner.app
/Users/runner/work/orbit/orbit/.recap-entries-probe/.dd-mac/Build/Products/Debug/RecapEntriesMacProbeUITests-Runner.app: replacing existing signature

2026-10-10 05:40:44.914789+0000 RecapEntriesMacProbeUITests-Runner[18934:56755] [Default] Running tests...
Test Suite 'All tests' started at 2026-10-10 05:40:46.161.
Test Suite 'RecapEntriesMacProbeUITests.xctest' started at 2026-10-10 05:40:46.162.
Test Suite 'RecapEntriesShotTests' started at 2026-10-10 05:40:46.162.
Test Case '-[RecapEntriesMacProbeUITests.RecapEntriesShotTests testMacShowsTheRecapOnTheChatPageAndTheProjectPage]' started.
    t =     0.00s Start Test at 2026-10-10 05:40:46.163
    t =     6.67s Set Up
    t =     7.48s Open io.orbitd.recapentriesmacprobe
    t =     7.49s     Launch io.orbitd.recapentriesmacprobe
2026-10-10 05:40:54.356 xcodebuild[8003:28464] [MT] IDELaunchParametersSnapshot: The operation couldn’t be completed. (DebuggerLLDB.DebuggerVersionStore.StoreError error 0.)
2026-10-10 05:40:54.356 xcodebuild[8003:28464] [MT] IDELaunchParametersSnapshot: no debugger version
    t =    10.25s         Wait for accessibility to load
    t =    10.67s         Setting up automation session
    t =    10.74s         Wait for io.orbitd.recapentriesmacprobe to idle
    t =    10.76s Get number of matches for: Descendants matching type Window
    t =    11.73s Get number of matches for: Descendants matching type Window
    t =    12.26s Get number of matches for: Descendants matching type Window
    t =    12.83s Get number of matches for: Descendants matching type Window
    t =    13.37s Get number of matches for: Descendants matching type Window
    t =    13.90s Get number of matches for: Descendants matching type Window
    t =    14.45s Get number of matches for: Descendants matching type Window
    t =    14.99s Get number of matches for: Descendants matching type Window
    t =    15.51s Get number of matches for: Descendants matching type Window
    t =    16.05s Get number of matches for: Descendants matching type Window
    t =    16.58s Get number of matches for: Descendants matching type Window
    t =    17.13s Get number of matches for: Descendants matching type Window
    t =    17.66s Get number of matches for: Descendants matching type Window
    t =    18.21s Get number of matches for: Descendants matching type Window
    t =    18.75s Get number of matches for: Descendants matching type Window
    t =    19.29s Get number of matches for: Descendants matching type Window
    t =    19.82s Get number of matches for: Descendants matching type Window
    t =    20.36s Get number of matches for: Descendants matching type Window
    t =    20.89s Get number of matches for: Descendants matching type Window
    t =    21.43s Get number of matches for: Descendants matching type Window
    t =    21.97s Get number of matches for: Descendants matching type Window
    t =    22.50s Get number of matches for: Descendants matching type Window
    t =    23.04s Get number of matches for: Descendants matching type Window
    t =    23.59s Get number of matches for: Descendants matching type Window
    t =    24.13s Get number of matches for: Descendants matching type Window
    t =    24.67s Get number of matches for: Descendants matching type Window
    t =    25.23s Get number of matches for: Descendants matching type Window
    t =    25.77s Requesting snapshot of accessibility hierarchy for app with pid 19155
    t =    25.87s Requesting snapshot of accessibility hierarchy for app with pid 19155
    t =    25.95s Added attachment named 'no-window-mac-chat-with-recap.txt'
    t =    25.99s Type 'n' key with modifiers '⌘' (0x10)
    t =    25.99s     Wait for io.orbitd.recapentriesmacprobe to idle
    t =    26.00s     Find the Target Application 'io.orbitd.recapentriesmacprobe'
    t =    26.04s     Check for interrupting elements affecting "RecapEntriesMacProbe" Application
    t =    26.04s     Synthesize event
    t =    28.47s     Wait for io.orbitd.recapentriesmacprobe to idle
    t =    28.47s Get number of matches for: Descendants matching type Window
    t =    28.63s Get number of matches for: Descendants matching type Window
    t =    28.73s Checking existence of `Any (First Match)`
    t =    28.82s Checking existence of `StaticText (First Match)`
    t =    28.89s Checking existence of `TextView (First Match)`
    t =    28.97s Checking existence of `Any (First Match)`
    t =    29.58s Checking existence of `Any (First Match)`
    t =    29.79s Checking existence of `StaticText (First Match)`
    t =    29.89s Checking existence of `TextView (First Match)`
    t =    29.97s Checking existence of `Any (First Match)`
    t =    30.56s Checking existence of `Any (First Match)`
    t =    30.63s Checking existence of `StaticText (First Match)`
    t =    30.69s Checking existence of `TextView (First Match)`
    t =    30.77s Checking existence of `Any (First Match)`
    t =    31.36s Checking existence of `Any (First Match)`
    t =    31.45s Checking existence of `StaticText (First Match)`
    t =    31.53s Checking existence of `TextView (First Match)`
    t =    31.58s Checking existence of `Any (First Match)`
    t =    32.16s Checking existence of `Any (First Match)`
    t =    32.39s Checking existence of `StaticText (First Match)`
    t =    32.84s Checking existence of `TextView (First Match)`
    t =    32.93s Checking existence of `Any (First Match)`
    t =    33.83s Checking existence of `Any (First Match)`
    t =    33.95s Checking existence of `StaticText (First Match)`
    t =    34.06s Checking existence of `StaticText (First Match)`
    t =    36.11s Checking existence of `Any (First Match)`
    t =    36.23s Checking existence of `StaticText (First Match)`
    t =    36.30s Checking existence of `StaticText (First Match)`
    t =    36.35s Checking existence of `Any (First Match)`
    t =    36.42s Checking existence of `StaticText (First Match)`
    t =    36.54s Checking existence of `TextView (First Match)`
    t =    36.60s Checking existence of `Any (First Match)`
    t =    37.19s Checking existence of `Any (First Match)`
    t =    37.26s Checking existence of `StaticText (First Match)`
    t =    37.34s Checking existence of `TextView (First Match)`
    t =    37.40s Checking existence of `Any (First Match)`
    t =    37.98s Checking existence of `Any (First Match)`
    t =    38.07s Checking existence of `StaticText (First Match)`
    t =    38.16s Checking existence of `TextView (First Match)`
    t =    38.43s Checking existence of `Any (First Match)`
    t =    39.02s Checking existence of `Any (First Match)`
    t =    39.12s Checking existence of `StaticText (First Match)`
    t =    39.24s Checking existence of `TextView (First Match)`
    t =    39.31s Checking existence of `Any (First Match)`
    t =    39.90s Checking existence of `Any (First Match)`
    t =    40.02s Checking existence of `StaticText (First Match)`
    t =    40.11s Checking existence of `TextView (First Match)`
    t =    40.19s Checking existence of `Any (First Match)`
    t =    40.78s Checking existence of `Any (First Match)`
    t =    40.98s Checking existence of `StaticText (First Match)`
    t =    41.12s Checking existence of `TextView (First Match)`
    t =    41.25s Checking existence of `Any (First Match)`
    t =    41.90s Checking existence of `Any (First Match)`
    t =    42.03s Checking existence of `StaticText (First Match)`
    t =    42.18s Checking existence of `StaticText (First Match)`
    t =    43.53s Checking existence of `Window (First Match)`
    t =    43.53s Checking existence of `Window (First Match)`
    t =    43.54s Checking existence of `Window (First Match)`
    t =    43.54s Find the Window (First Match)
    t =    43.66s Added attachment named 'mac-chat-with-recap'
    t =    43.66s Requesting snapshot of accessibility hierarchy for app with pid 19155
    t =    43.84s Requesting snapshot of accessibility hierarchy for app with pid 19155
    t =    44.03s Added attachment named 'tree-mac-chat-with-recap.txt'
    t =    44.03s Terminate io.orbitd.recapentriesmacprobe:19155
    t =    45.14s Open io.orbitd.recapentriesmacprobe
    t =    45.14s     Launch io.orbitd.recapentriesmacprobe
2026-10-10 05:41:31.342 xcodebuild[8003:28464] [MT] IDELaunchParametersSnapshot: The operation couldn’t be completed. (DebuggerLLDB.DebuggerVersionStore.StoreError error 0.)
2026-10-10 05:41:31.342 xcodebuild[8003:28464] [MT] IDELaunchParametersSnapshot: no debugger version
    t =    46.03s         Wait for accessibility to load
    t =    46.30s         Setting up automation session
    t =    46.32s         Wait for io.orbitd.recapentriesmacprobe to idle
    t =    46.33s Get number of matches for: Descendants matching type Window
    t =    46.99s Get number of matches for: Descendants matching type Window
    t =    47.53s Get number of matches for: Descendants matching type Window
    t =    48.08s Get number of matches for: Descendants matching type Window
    t =    48.61s Get number of matches for: Descendants matching type Window
    t =    49.14s Get number of matches for: Descendants matching type Window
    t =    49.69s Get number of matches for: Descendants matching type Window
    t =    50.22s Get number of matches for: Descendants matching type Window
    t =    50.75s Get number of matches for: Descendants matching type Window
    t =    51.28s Get number of matches for: Descendants matching type Window
    t =    51.82s Get number of matches for: Descendants matching type Window
    t =    52.37s Get number of matches for: Descendants matching type Window
    t =    52.89s Get number of matches for: Descendants matching type Window
    t =    53.42s Get number of matches for: Descendants matching type Window
    t =    53.94s Get number of matches for: Descendants matching type Window
    t =    54.48s Get number of matches for: Descendants matching type Window
    t =    55.01s Get number of matches for: Descendants matching type Window
    t =    55.57s Get number of matches for: Descendants matching type Window
    t =    56.11s Get number of matches for: Descendants matching type Window
    t =    56.65s Get number of matches for: Descendants matching type Window
    t =    57.19s Get number of matches for: Descendants matching type Window
    t =    57.77s Get number of matches for: Descendants matching type Window
    t =    58.29s Get number of matches for: Descendants matching type Window
    t =    58.83s Get number of matches for: Descendants matching type Window
    t =    59.36s Get number of matches for: Descendants matching type Window
    t =    59.88s Get number of matches for: Descendants matching type Window
    t =    60.42s Get number of matches for: Descendants matching type Window
    t =    60.95s Get number of matches for: Descendants matching type Window
    t =    61.48s Requesting snapshot of accessibility hierarchy for app with pid 20731
    t =    61.54s Requesting snapshot of accessibility hierarchy for app with pid 20731
    t =    61.60s Added attachment named 'no-window-mac-project-with-recap.txt'
    t =    61.61s Type 'n' key with modifiers '⌘' (0x10)
    t =    61.61s     Wait for io.orbitd.recapentriesmacprobe to idle
    t =    61.61s     Find the Target Application 'io.orbitd.recapentriesmacprobe'
    t =    61.65s     Check for interrupting elements affecting "RecapEntriesMacProbe" Application
    t =    61.65s     Synthesize event
    t =    62.43s     Wait for io.orbitd.recapentriesmacprobe to idle
    t =    62.43s Get number of matches for: Descendants matching type Window
    t =    62.55s Get number of matches for: Descendants matching type Window
    t =    62.67s Checking existence of `Any (First Match)`
    t =    62.75s Checking existence of `StaticText (First Match)`
    t =    62.82s Checking existence of `TextView (First Match)`
    t =    62.97s Checking existence of `Any (First Match)`
    t =    63.56s Checking existence of `Any (First Match)`
    t =    63.64s Checking existence of `StaticText (First Match)`
    t =    63.71s Checking existence of `TextView (First Match)`
    t =    63.78s Checking existence of `Any (First Match)`
    t =    64.35s Checking existence of `Any (First Match)`
    t =    64.43s Checking existence of `StaticText (First Match)`
    t =    64.50s Checking existence of `TextView (First Match)`
    t =    64.56s Checking existence of `Any (First Match)`
    t =    65.12s Checking existence of `Any (First Match)`
    t =    65.16s Checking existence of `StaticText (First Match)`
    t =    65.20s Checking existence of `TextView (First Match)`
    t =    65.26s Checking existence of `Any (First Match)`
    t =    65.81s Checking existence of `Any (First Match)`
    t =    66.02s Checking existence of `StaticText (First Match)`
    t =    66.05s Checking existence of `StaticText (First Match)`
    t =    68.15s Checking existence of `Any (First Match)`
    t =    68.35s Checking existence of `StaticText (First Match)`
    t =    68.40s Checking existence of `StaticText (First Match)`
    t =    68.47s Checking existence of `Any (First Match)`
    t =    68.59s Checking existence of `StaticText (First Match)`
    t =    68.67s Checking existence of `StaticText (First Match)`
    t =    68.76s Find the StaticText (First Match)
    t =    68.80s Find the Window (First Match)
    t =    68.81s Checking existence of `Any (First Match)`
    t =    68.91s Checking existence of `StaticText (First Match)`
    t =    69.06s Checking existence of `StaticText (First Match)`
    t =    69.13s Checking existence of `Any (First Match)`
    t =    69.28s Checking existence of `StaticText (First Match)`
    t =    69.41s Checking existence of `TextView (First Match)`
    t =    69.54s Checking existence of `Any (First Match)`
    t =    69.70s Checking existence of `Any (First Match)`
    t =    69.93s Checking existence of `StaticText (First Match)`
    t =    70.19s Checking existence of `StaticText (First Match)`
    t =    71.50s Checking existence of `Window (First Match)`
    t =    71.50s Checking existence of `Window (First Match)`
    t =    71.51s Checking existence of `Window (First Match)`
    t =    71.51s Find the Window (First Match)
    t =    71.61s Added attachment named 'mac-project-with-recap'
    t =    71.61s Requesting snapshot of accessibility hierarchy for app with pid 20731
    t =    71.96s Requesting snapshot of accessibility hierarchy for app with pid 20731
    t =    72.18s Added attachment named 'tree-mac-project-with-recap.txt'
    t =    72.19s Terminate io.orbitd.recapentriesmacprobe:20731
    t =    73.57s Added attachment named 'mac-requests-on.txt'
    t =    73.59s Tear Down
    t =    73.59s     Added attachment named 'RecapEntriesShotTeststestMacShowsTheRecapOnTheChatPageAndTheProjectPage-on-notes.txt'
Test Case '-[RecapEntriesMacProbeUITests.RecapEntriesShotTests testMacShowsTheRecapOnTheChatPageAndTheProjectPage]' passed (75.157 seconds).
Test Suite 'RecapEntriesShotTests' passed at 2026-10-10 05:42:01.320.
	 Executed 1 test, with 0 failures (0 unexpected) in 75.157 (75.158) seconds
Test Suite 'RecapEntriesMacProbeUITests.xctest' passed at 2026-10-10 05:42:01.321.
	 Executed 1 test, with 0 failures (0 unexpected) in 75.157 (75.159) seconds
Test Suite 'All tests' passed at 2026-10-10 05:42:01.321.
	 Executed 1 test, with 0 failures (0 unexpected) in 75.157 (75.160) seconds
2026-10-10 05:42:02.958 xcodebuild[8003:28464] [MT] IDETestOperationsObserverDebug: 87.661 elapsed -- Testing started completed.
2026-10-10 05:42:02.960 xcodebuild[8003:28464] [MT] IDETestOperationsObserverDebug: 0.000 sec, +0.000 sec -- start
2026-10-10 05:42:02.960 xcodebuild[8003:28464] [MT] IDETestOperationsObserverDebug: 87.661 sec, +87.661 sec -- end

Test session results, code coverage, and logs:
	/Users/runner/work/orbit/orbit/.recap-entries-probe/results/mac-on.xcresult

** TEST SUCCEEDED **

Testing started
