Command line invocation:
    /Applications/Xcode_26.6.app/Contents/Developer/usr/bin/xcodebuild build-for-testing -project EwcProbe.xcodeproj -scheme EwcProbe -destination id=22452A91-4697-4369-8812-53ADB77EB73B -derivedDataPath .dd-ios CODE_SIGNING_ALLOWED=YES CODE_SIGN_IDENTITY=-

Build settings from command line:
    CODE_SIGN_IDENTITY = -
    CODE_SIGNING_ALLOWED = YES

Resolve Package Graph

Fetching from https://github.com/apple/swift-markdown

Fetching from https://github.com/swiftlang/swift-cmark.git

Creating working copy of package ‘swift-markdown’

Checking out 0.9.0 of package ‘swift-markdown’

Creating working copy of package ‘swift-cmark’

Checking out 0.9.0 of package ‘swift-cmark’


Resolved source packages:
  cmark-gfm: https://github.com/swiftlang/swift-cmark.git @ 0.9.0
  swift-markdown: https://github.com/apple/swift-markdown @ 0.9.0
  OrbitKit: /Users/runner/work/orbit/orbit/src/macos/OrbitKit

--- xcodebuild: WARNING: Using the first of multiple matching destinations:
{ platform:iOS Simulator, arch:arm64, id:22452A91-4697-4369-8812-53ADB77EB73B, OS:26.5, name:iPhone 17 Pro }
{ platform:iOS Simulator, arch:x86_64, id:22452A91-4697-4369-8812-53ADB77EB73B, OS:26.5, name:iPhone 17 Pro }
note: Using codesigning identity override: -
ComputePackagePrebuildTargetDependencyGraph

Prepare packages

CreateBuildRequest

SendProjectDescription

CreateBuildOperation

ComputeTargetDependencyGraph
note: Building targets in dependency order
note: Target dependency graph (11 targets)
    Target 'EwcProbeUITests' in project 'EwcProbe'
        ➜ Explicit dependency on target 'EwcProbe' in project 'EwcProbe'
    Target 'EwcProbe' in project 'EwcProbe'
        ➜ Explicit dependency on target 'OrbitKit' in project 'OrbitKit'
    Target 'OrbitKit' in project 'OrbitKit'
        ➜ Explicit dependency on target 'OrbitKit' in project 'OrbitKit'
        ➜ Explicit dependency on target 'Markdown' in project 'swift-markdown'
    Target 'OrbitKit' in project 'OrbitKit'
        ➜ Explicit dependency on target 'Markdown' in project 'swift-markdown'
    Target 'Markdown' in project 'swift-markdown'
        ➜ Explicit dependency on target 'Markdown' in project 'swift-markdown'
        ➜ Explicit dependency on target 'CAtomic' in project 'swift-markdown'
        ➜ Explicit dependency on target 'cmark-gfm' in project 'cmark-gfm'
        ➜ Explicit dependency on target 'cmark-gfm-extensions' in project 'cmark-gfm'
    Target 'Markdown' in project 'swift-markdown'
        ➜ Explicit dependency on target 'CAtomic' in project 'swift-markdown'
        ➜ Explicit dependency on target 'cmark-gfm' in project 'cmark-gfm'
        ➜ Explicit dependency on target 'cmark-gfm-extensions' in project 'cmark-gfm'
    Target 'cmark-gfm-extensions' in project 'cmark-gfm'
        ➜ Explicit dependency on target 'cmark-gfm-extensions' in project 'cmark-gfm'
        ➜ Explicit dependency on target 'cmark-gfm' in project 'cmark-gfm'
    Target 'cmark-gfm-extensions' in project 'cmark-gfm'
        ➜ Explicit dependency on target 'cmark-gfm' in project 'cmark-gfm'
    Target 'cmark-gfm' in project 'cmark-gfm'
        ➜ Explicit dependency on target 'cmark-gfm' in project 'cmark-gfm'
    Target 'cmark-gfm' in project 'cmark-gfm' (no dependencies)
    Target 'CAtomic' in project 'swift-markdown' (no dependencies)

GatherProvisioningInputs

CreateBuildDescription

ExecuteExternalTool /Applications/Xcode_26.6.app/Contents/Developer/Toolchains/XcodeDefault.xctoolchain/usr/bin/clang -v -E -dM -arch arm64 -isysroot /Applications/Xcode_26.6.app/Contents/Developer/Platforms/iPhoneSimulator.platform/Developer/SDKs/iPhoneSimulator26.5.sdk -x c -c /dev/null

ExecuteExternalTool /Applications/Xcode_26.6.app/Contents/Developer/Toolchains/XcodeDefault.xctoolchain/usr/bin/swiftc --version

ExecuteExternalTool /Applications/Xcode_26.6.app/Contents/Developer/Toolchains/XcodeDefault.xctoolchain/usr/bin/clang -v -E -dM -isysroot /Applications/Xcode_26.6.app/Contents/Developer/Platforms/iPhoneSimulator.platform/Developer/SDKs/iPhoneSimulator26.5.sdk -x c -c /dev/null

ExecuteExternalTool /Applications/Xcode_26.6.app/Contents/Developer/usr/bin/actool --print-asset-tag-combinations --output-format xml1 /Users/runner/work/orbit/orbit/src/ios/Support/Assets.xcassets

ExecuteExternalTool /Applications/Xcode_26.6.app/Contents/Developer/Toolchains/XcodeDefault.xctoolchain/usr/bin/ld -version_details

ReadFileContents /Applications/Xcode_26.6.app/Contents/Developer/Toolchains/XcodeDefault.xctoolchain/usr/share/docc/features.json

ExecuteExternalTool /Applications/Xcode_26.6.app/Contents/Developer/usr/bin/actool --version --output-format xml1

Build description signature: 72ba055eccf24e47d874d66db7b7aa8c
Build description path: /Users/runner/work/orbit/orbit/.ewc-probe/.dd-ios/Build/Intermediates.noindex/XCBuildData/72ba055eccf24e47d874d66db7b7aa8c.xcbuilddata
ClangStatCache /Applications/Xcode_26.6.app/Contents/Developer/Toolchains/XcodeDefault.xctoolchain/usr/bin/clang-stat-cache /Applications/Xcode_26.6.app/Contents/Developer/Platforms/iPhoneSimulator.platform/Developer/SDKs/iPhoneSimulator26.5.sdk /Users/runner/work/orbit/orbit/.ewc-probe/.dd-ios/SDKStatCaches.noindex/iphonesimulator26.5-23F81a-688ef53f1462e2c8f657fdc38a81448ff45c64a1807a658693f2a61704f17a36.sdkstatcache
    cd /Users/runner/work/orbit/orbit/.ewc-probe/EwcProbe.xcodeproj
    /Applications/Xcode_26.6.app/Contents/Developer/Toolchains/XcodeDefault.xctoolchain/usr/bin/clang-stat-cache /Applications/Xcode_26.6.app/Contents/Developer/Platforms/iPhoneSimulator.platform/Developer/SDKs/iPhoneSimulator26.5.sdk -o /Users/runner/work/orbit/orbit/.ewc-probe/.dd-ios/SDKStatCaches.noindex/iphonesimulator26.5-23F81a-688ef53f1462e2c8f657fdc38a81448ff45c64a1807a658693f2a61704f17a36.sdkstatcache

CreateBuildDirectory /Users/runner/work/orbit/orbit/.ewc-probe/.dd-ios/Build/Intermediates.noindex
    cd /Users/runner/work/orbit/orbit/.ewc-probe/EwcProbe.xcodeproj
    builtin-create-build-directory /Users/runner/work/orbit/orbit/.ewc-probe/.dd-ios/Build/Intermediates.noindex

CreateBuildDirectory /Users/runner/work/orbit/orbit/.ewc-probe/.dd-ios/Build/Products
    cd /Users/runner/work/orbit/orbit/.ewc-probe/EwcProbe.xcodeproj
    builtin-create-build-directory /Users/runner/work/orbit/orbit/.ewc-probe/.dd-ios/Build/Products

WriteAuxiliaryFile /Users/runner/work/orbit/orbit/.ewc-probe/.dd-ios/Build/Intermediates.noindex/EwcProbe.build/Debug-iphonesimulator/EwcProbe-dbf945722ac196f419bd53f2d46c67b3-VFS-iphonesimulator/all-product-headers.yaml
    cd /Users/runner/work/orbit/orbit/.ewc-probe/EwcProbe.xcodeproj
    write-file /Users/runner/work/orbit/orbit/.ewc-probe/.dd-ios/Build/Intermediates.noindex/EwcProbe.build/Debug-iphonesimulator/EwcProbe-dbf945722ac196f419bd53f2d46c67b3-VFS-iphonesimulator/all-product-headers.yaml

CreateBuildDirectory /Users/runner/work/orbit/orbit/.ewc-probe/.dd-ios/Build/Products/Debug-iphonesimulator
    cd /Users/runner/work/orbit/orbit/.ewc-probe/EwcProbe.xcodeproj
    builtin-create-build-directory /Users/runner/work/orbit/orbit/.ewc-probe/.dd-ios/Build/Products/Debug-iphonesimulator

CreateBuildDirectory /Users/runner/work/orbit/orbit/.ewc-probe/.dd-ios/Build/Intermediates.noindex/SwiftExplicitPrecompiledModules
    cd /Users/runner/work/orbit/orbit/.ewc-probe/EwcProbe.xcodeproj
    builtin-create-build-directory /Users/runner/work/orbit/orbit/.ewc-probe/.dd-ios/Build/Intermediates.noindex/SwiftExplicitPrecompiledModules

CreateBuildDirectory /Users/runner/work/orbit/orbit/.ewc-probe/.dd-ios/Build/Intermediates.noindex/ExplicitPrecompiledModules
    cd /Users/runner/work/orbit/orbit/.ewc-probe/EwcProbe.xcodeproj
    builtin-create-build-directory /Users/runner/work/orbit/orbit/.ewc-probe/.dd-ios/Build/Intermediates.noindex/ExplicitPrecompiledModules

CreateBuildDirectory /Users/runner/work/orbit/orbit/.ewc-probe/.dd-ios/Build/Intermediates.noindex/EagerLinkingTBDs/Debug-iphonesimulator
    cd /Users/runner/work/orbit/orbit/.ewc-probe/EwcProbe.xcodeproj
    builtin-create-build-directory /Users/runner/work/orbit/orbit/.ewc-probe/.dd-ios/Build/Intermediates.noindex/EagerLinkingTBDs/Debug-iphonesimulator

CreateBuildDirectory /Users/runner/work/orbit/orbit/.ewc-probe/.dd-ios/Build/Products/Debug-iphonesimulator/PackageFrameworks
    cd /Users/runner/work/orbit/orbit/.ewc-probe/EwcProbe.xcodeproj
    builtin-create-build-directory /Users/runner/work/orbit/orbit/.ewc-probe/.dd-ios/Build/Products/Debug-iphonesimulator/PackageFrameworks

WriteAuxiliaryFile /Users/runner/work/orbit/orbit/.ewc-probe/.dd-ios/Build/Intermediates.noindex/cmark-gfm.build/Debug-iphonesimulator/cmark-gfm-extensions.build/cmark-gfm-extensions.DependencyStaticMetadataFileList (in target 'cmark-gfm-extensions' from project 'cmark-gfm')
    cd /Users/runner/work/orbit/orbit/.ewc-probe/.dd-ios/SourcePackages/checkouts/swift-cmark
    write-file /Users/runner/work/orbit/orbit/.ewc-probe/.dd-ios/Build/Intermediates.noindex/cmark-gfm.build/Debug-iphonesimulator/cmark-gfm-extensions.build/cmark-gfm-extensions.DependencyStaticMetadataFileList

WriteAuxiliaryFile /Users/runner/work/orbit/orbit/.ewc-probe/.dd-ios/Build/Intermediates.noindex/cmark-gfm.build/Debug-iphonesimulator/cmark-gfm-extensions.build/cmark-gfm-extensions.DependencyMetadataFileList (in target 'cmark-gfm-extensions' from project 'cmark-gfm')
    cd /Users/runner/work/orbit/orbit/.ewc-probe/.dd-ios/SourcePackages/checkouts/swift-cmark
    write-file /Users/runner/work/orbit/orbit/.ewc-probe/.dd-ios/Build/Intermediates.noindex/cmark-gfm.build/Debug-iphonesimulator/cmark-gfm-extensions.build/cmark-gfm-extensions.DependencyMetadataFileList

WriteAuxiliaryFile /Users/runner/work/orbit/orbit/.ewc-probe/.dd-ios/Build/Intermediates.noindex/cmark-gfm.build/Debug-iphonesimulator/cmark-gfm-extensions.build/Objects-normal/arm64/cmark-gfm-extensions.LinkFileList (in target 'cmark-gfm-extensions' from project 'cmark-gfm')
    cd /Users/runner/work/orbit/orbit/.ewc-probe/.dd-ios/SourcePackages/checkouts/swift-cmark
    write-file /Users/runner/work/orbit/orbit/.ewc-probe/.dd-ios/Build/Intermediates.noindex/cmark-gfm.build/Debug-iphonesimulator/cmark-gfm-extensions.build/Objects-normal/arm64/cmark-gfm-extensions.LinkFileList

WriteAuxiliaryFile /Users/runner/work/orbit/orbit/.ewc-probe/.dd-ios/Build/Intermediates.noindex/cmark-gfm.build/Debug-iphonesimulator/cmark-gfm-extensions.build/Objects-normal/arm64/7187679823f38a2a940e0043cdf9d637-common-args.resp (in target 'cmark-gfm-extensions' from project 'cmark-gfm')
    cd /Users/runner/work/orbit/orbit/.ewc-probe/.dd-ios/SourcePackages/checkouts/swift-cmark
    write-file /Users/runner/work/orbit/orbit/.ewc-probe/.dd-ios/Build/Intermediates.noindex/cmark-gfm.build/Debug-iphonesimulator/cmark-gfm-extensions.build/Objects-normal/arm64/7187679823f38a2a940e0043cdf9d637-common-args.resp
-fmodules -gmodules '-fmodules-cache-path=/Users/runner/work/orbit/orbit/.ewc-probe/.dd-ios/ModuleCache.noindex' '-fmodule-name=cmark_gfm_extensions' -fpascal-strings -O0 -DSWIFT_PACKAGE '-DDEBUG=1' -g -I/Users/runner/work/orbit/orbit/.ewc-probe/.dd-ios/SourcePackages/checkouts/swift-cmark/src/include -I/Users/runner/work/orbit/orbit/.ewc-probe/.dd-ios/Build/Products/Debug-iphonesimulator/include -I/Users/runner/work/orbit/orbit/.ewc-probe/.dd-ios/SourcePackages/checkouts/swift-cmark/extensions/include -I/Users/runner/work/orbit/orbit/.ewc-probe/.dd-ios/Build/Intermediates.noindex/cmark-gfm.build/Debug-iphonesimulator/cmark-gfm-extensions.build/DerivedSources-normal/arm64 -I/Users/runner/work/orbit/orbit/.ewc-probe/.dd-ios/Build/Intermediates.noindex/cmark-gfm.build/Debug-iphonesimulator/cmark-gfm-extensions.build/DerivedSources/arm64 -I/Users/runner/work/orbit/orbit/.ewc-probe/.dd-ios/Build/Intermediates.noindex/cmark-gfm.build/Debug-iphonesimulator/cmark-gfm-extensions.build/DerivedSources -F/Users/runner/work/orbit/orbit/.ewc-probe/.dd-ios/Build/Products/Debug-iphonesimulator/PackageFrameworks -F/Users/runner/work/orbit/orbit/.ewc-probe/.dd-ios/Build/Products/Debug-iphonesimulator -iframework /Applications/Xcode_26.6.app/Contents/Developer/Platforms/iPhoneSimulator.platform/Developer/Library/Frameworks -iframework /Applications/Xcode_26.6.app/Contents/Developer/Platforms/iPhoneSimulator.platform/Developer/SDKs/iPhoneSimulator26.5.sdk/Developer/Library/Frameworks -DXcode

WriteAuxiliaryFile /Users/runner/work/orbit/orbit/.ewc-probe/.dd-ios/Build/Intermediates.noindex/cmark-gfm.build/Debug-iphonesimulator/cmark-gfm.build/cmark-gfm.DependencyStaticMetadataFileList (in target 'cmark-gfm' from project 'cmark-gfm')
    cd /Users/runner/work/orbit/orbit/.ewc-probe/.dd-ios/SourcePackages/checkouts/swift-cmark
    write-file /Users/runner/work/orbit/orbit/.ewc-probe/.dd-ios/Build/Intermediates.noindex/cmark-gfm.build/Debug-iphonesimulator/cmark-gfm.build/cmark-gfm.DependencyStaticMetadataFileList

WriteAuxiliaryFile /Users/runner/work/orbit/orbit/.ewc-probe/.dd-ios/Build/Intermediates.noindex/cmark-gfm.build/Debug-iphonesimulator/cmark-gfm.build/cmark-gfm.DependencyMetadataFileList (in target 'cmark-gfm' from project 'cmark-gfm')
    cd /Users/runner/work/orbit/orbit/.ewc-probe/.dd-ios/SourcePackages/checkouts/swift-cmark
    write-file /Users/runner/work/orbit/orbit/.ewc-probe/.dd-ios/Build/Intermediates.noindex/cmark-gfm.build/Debug-iphonesimulator/cmark-gfm.build/cmark-gfm.DependencyMetadataFileList

WriteAuxiliaryFile /Users/runner/work/orbit/orbit/.ewc-probe/.dd-ios/Build/Intermediates.noindex/cmark-gfm.build/Debug-iphonesimulator/cmark-gfm.build/Objects-normal/arm64/cmark-gfm.LinkFileList (in target 'cmark-gfm' from project 'cmark-gfm')
    cd /Users/runner/work/orbit/orbit/.ewc-probe/.dd-ios/SourcePackages/checkouts/swift-cmark
    write-file /Users/runner/work/orbit/orbit/.ewc-probe/.dd-ios/Build/Intermediates.noindex/cmark-gfm.build/Debug-iphonesimulator/cmark-gfm.build/Objects-normal/arm64/cmark-gfm.LinkFileList

WriteAuxiliaryFile /Users/runner/work/orbit/orbit/.ewc-probe/.dd-ios/Build/Intermediates.noindex/cmark-gfm.build/Debug-iphonesimulator/cmark-gfm.build/Objects-normal/arm64/7187679823f38a2a940e0043cdf9d637-common-args.resp (in target 'cmark-gfm' from project 'cmark-gfm')
    cd /Users/runner/work/orbit/orbit/.ewc-probe/.dd-ios/SourcePackages/checkouts/swift-cmark
    write-file /Users/runner/work/orbit/orbit/.ewc-probe/.dd-ios/Build/Intermediates.noindex/cmark-gfm.build/Debug-iphonesimulator/cmark-gfm.build/Objects-normal/arm64/7187679823f38a2a940e0043cdf9d637-common-args.resp
-fmodules -gmodules '-fmodules-cache-path=/Users/runner/work/orbit/orbit/.ewc-probe/.dd-ios/ModuleCache.noindex' '-fmodule-name=cmark_gfm' -fpascal-strings -O0 -DSWIFT_PACKAGE '-DDEBUG=1' -g -I/Users/runner/work/orbit/orbit/.ewc-probe/.dd-ios/Build/Products/Debug-iphonesimulator/include -I/Users/runner/work/orbit/orbit/.ewc-probe/.dd-ios/SourcePackages/checkouts/swift-cmark/src/include -I/Users/runner/work/orbit/orbit/.ewc-probe/.dd-ios/Build/Intermediates.noindex/cmark-gfm.build/Debug-iphonesimulator/cmark-gfm.build/DerivedSources-normal/arm64 -I/Users/runner/work/orbit/orbit/.ewc-probe/.dd-ios/Build/Intermediates.noindex/cmark-gfm.build/Debug-iphonesimulator/cmark-gfm.build/DerivedSources/arm64 -I/Users/runner/work/orbit/orbit/.ewc-probe/.dd-ios/Build/Intermediates.noindex/cmark-gfm.build/Debug-iphonesimulator/cmark-gfm.build/DerivedSources -F/Users/runner/work/orbit/orbit/.ewc-probe/.dd-ios/Build/Products/Debug-iphonesimulator -iframework /Applications/Xcode_26.6.app/Contents/Developer/Platforms/iPhoneSimulator.platform/Developer/Library/Frameworks -iframework /Applications/Xcode_26.6.app/Contents/Developer/Platforms/iPhoneSimulator.platform/Developer/SDKs/iPhoneSimulator26.5.sdk/Developer/Library/Frameworks -DXcode

WriteAuxiliaryFile /Users/runner/work/orbit/orbit/.ewc-probe/.dd-ios/Build/Intermediates.noindex/OrbitKit.build/Debug-iphonesimulator/OrbitKit.build/OrbitKit.modulemap (in target 'OrbitKit' from project 'OrbitKit')
    cd /Users/runner/work/orbit/orbit/src/macos/OrbitKit
    write-file /Users/runner/work/orbit/orbit/.ewc-probe/.dd-ios/Build/Intermediates.noindex/OrbitKit.build/Debug-iphonesimulator/OrbitKit.build/OrbitKit.modulemap

WriteAuxiliaryFile /Users/runner/work/orbit/orbit/.ewc-probe/.dd-ios/Build/Intermediates.noindex/OrbitKit.build/Debug-iphonesimulator/OrbitKit.build/OrbitKit.DependencyStaticMetadataFileList (in target 'OrbitKit' from project 'OrbitKit')
    cd /Users/runner/work/orbit/orbit/src/macos/OrbitKit
    write-file /Users/runner/work/orbit/orbit/.ewc-probe/.dd-ios/Build/Intermediates.noindex/OrbitKit.build/Debug-iphonesimulator/OrbitKit.build/OrbitKit.DependencyStaticMetadataFileList

WriteAuxiliaryFile /Users/runner/work/orbit/orbit/.ewc-probe/.dd-ios/Build/Intermediates.noindex/OrbitKit.build/Debug-iphonesimulator/OrbitKit.build/OrbitKit.DependencyMetadataFileList (in target 'OrbitKit' from project 'OrbitKit')
    cd /Users/runner/work/orbit/orbit/src/macos/OrbitKit
    write-file /Users/runner/work/orbit/orbit/.ewc-probe/.dd-ios/Build/Intermediates.noindex/OrbitKit.build/Debug-iphonesimulator/OrbitKit.build/OrbitKit.DependencyMetadataFileList

WriteAuxiliaryFile /Users/runner/work/orbit/orbit/.ewc-probe/.dd-ios/Build/Intermediates.noindex/OrbitKit.build/Debug-iphonesimulator/OrbitKit.build/Objects-normal/arm64/OrbitKit_const_extract_protocols.json (in target 'OrbitKit' from project 'OrbitKit')
    cd /Users/runner/work/orbit/orbit/src/macos/OrbitKit
    write-file /Users/runner/work/orbit/orbit/.ewc-probe/.dd-ios/Build/Intermediates.noindex/OrbitKit.build/Debug-iphonesimulator/OrbitKit.build/Objects-normal/arm64/OrbitKit_const_extract_protocols.json

WriteAuxiliaryFile /Users/runner/work/orbit/orbit/.ewc-probe/.dd-ios/Build/Intermediates.noindex/OrbitKit.build/Debug-iphonesimulator/OrbitKit.build/Objects-normal/arm64/OrbitKit.SwiftFileList (in target 'OrbitKit' from project 'OrbitKit')
    cd /Users/runner/work/orbit/orbit/src/macos/OrbitKit
    write-file /Users/runner/work/orbit/orbit/.ewc-probe/.dd-ios/Build/Intermediates.noindex/OrbitKit.build/Debug-iphonesimulator/OrbitKit.build/Objects-normal/arm64/OrbitKit.SwiftFileList

WriteAuxiliaryFile /Users/runner/work/orbit/orbit/.ewc-probe/.dd-ios/Build/Intermediates.noindex/OrbitKit.build/Debug-iphonesimulator/OrbitKit.build/Objects-normal/arm64/OrbitKit.SwiftConstValuesFileList (in target 'OrbitKit' from project 'OrbitKit')
    cd /Users/runner/work/orbit/orbit/src/macos/OrbitKit
    write-file /Users/runner/work/orbit/orbit/.ewc-probe/.dd-ios/Build/Intermediates.noindex/OrbitKit.build/Debug-iphonesimulator/OrbitKit.build/Objects-normal/arm64/OrbitKit.SwiftConstValuesFileList

WriteAuxiliaryFile /Users/runner/work/orbit/orbit/.ewc-probe/.dd-ios/Build/Intermediates.noindex/OrbitKit.build/Debug-iphonesimulator/OrbitKit.build/Objects-normal/arm64/OrbitKit.LinkFileList (in target 'OrbitKit' from project 'OrbitKit')
    cd /Users/runner/work/orbit/orbit/src/macos/OrbitKit
    write-file /Users/runner/work/orbit/orbit/.ewc-probe/.dd-ios/Build/Intermediates.noindex/OrbitKit.build/Debug-iphonesimulator/OrbitKit.build/Objects-normal/arm64/OrbitKit.LinkFileList

WriteAuxiliaryFile /Users/runner/work/orbit/orbit/.ewc-probe/.dd-ios/Build/Intermediates.noindex/OrbitKit.build/Debug-iphonesimulator/OrbitKit.build/Objects-normal/arm64/OrbitKit-OutputFileMap.json (in target 'OrbitKit' from project 'OrbitKit')
    cd /Users/runner/work/orbit/orbit/src/macos/OrbitKit
    write-file /Users/runner/work/orbit/orbit/.ewc-probe/.dd-ios/Build/Intermediates.noindex/OrbitKit.build/Debug-iphonesimulator/OrbitKit.build/Objects-normal/arm64/OrbitKit-OutputFileMap.json

Copy /Users/runner/work/orbit/orbit/.ewc-probe/.dd-ios/Build/Intermediates.noindex/GeneratedModuleMaps-iphonesimulator/OrbitKit.modulemap /Users/runner/work/orbit/orbit/.ewc-probe/.dd-ios/Build/Intermediates.noindex/OrbitKit.build/Debug-iphonesimulator/OrbitKit.build/OrbitKit.modulemap (in target 'OrbitKit' from project 'OrbitKit')
    cd /Users/runner/work/orbit/orbit/src/macos/OrbitKit
    builtin-copy -exclude .DS_Store -exclude CVS -exclude .svn -exclude .git -exclude .hg -resolve-src-symlinks /Users/runner/work/orbit/orbit/.ewc-probe/.dd-ios/Build/Intermediates.noindex/OrbitKit.build/Debug-iphonesimulator/OrbitKit.build/OrbitKit.modulemap /Users/runner/work/orbit/orbit/.ewc-probe/.dd-ios/Build/Intermediates.noindex/GeneratedModuleMaps-iphonesimulator

WriteAuxiliaryFile /Users/runner/work/orbit/orbit/.ewc-probe/.dd-ios/Build/Intermediates.noindex/swift-markdown.build/Debug-iphonesimulator/Markdown.build/Objects-normal/arm64/Markdown_const_extract_protocols.json (in target 'Markdown' from project 'swift-markdown')
    cd /Users/runner/work/orbit/orbit/.ewc-probe/.dd-ios/SourcePackages/checkouts/swift-markdown
    write-file /Users/runner/work/orbit/orbit/.ewc-probe/.dd-ios/Build/Intermediates.noindex/swift-markdown.build/Debug-iphonesimulator/Markdown.build/Objects-normal/arm64/Markdown_const_extract_protocols.json

WriteAuxiliaryFile /Users/runner/work/orbit/orbit/.ewc-probe/.dd-ios/Build/Intermediates.noindex/swift-markdown.build/Debug-iphonesimulator/Markdown.build/Objects-normal/arm64/Markdown.SwiftFileList (in target 'Markdown' from project 'swift-markdown')
    cd /Users/runner/work/orbit/orbit/.ewc-probe/.dd-ios/SourcePackages/checkouts/swift-markdown
    write-file /Users/runner/work/orbit/orbit/.ewc-probe/.dd-ios/Build/Intermediates.noindex/swift-markdown.build/Debug-iphonesimulator/Markdown.build/Objects-normal/arm64/Markdown.SwiftFileList

WriteAuxiliaryFile /Users/runner/work/orbit/orbit/.ewc-probe/.dd-ios/Build/Intermediates.noindex/swift-markdown.build/Debug-iphonesimulator/Markdown.build/Objects-normal/arm64/Markdown.SwiftConstValuesFileList (in target 'Markdown' from project 'swift-markdown')
    cd /Users/runner/work/orbit/orbit/.ewc-probe/.dd-ios/SourcePackages/checkouts/swift-markdown
    write-file /Users/runner/work/orbit/orbit/.ewc-probe/.dd-ios/Build/Intermediates.noindex/swift-markdown.build/Debug-iphonesimulator/Markdown.build/Objects-normal/arm64/Markdown.SwiftConstValuesFileList

WriteAuxiliaryFile /Users/runner/work/orbit/orbit/.ewc-probe/.dd-ios/Build/Intermediates.noindex/swift-markdown.build/Debug-iphonesimulator/Markdown.build/Objects-normal/arm64/Markdown.LinkFileList (in target 'Markdown' from project 'swift-markdown')
    cd /Users/runner/work/orbit/orbit/.ewc-probe/.dd-ios/SourcePackages/checkouts/swift-markdown
    write-file /Users/runner/work/orbit/orbit/.ewc-probe/.dd-ios/Build/Intermediates.noindex/swift-markdown.build/Debug-iphonesimulator/Markdown.build/Objects-normal/arm64/Markdown.LinkFileList

WriteAuxiliaryFile /Users/runner/work/orbit/orbit/.ewc-probe/.dd-ios/Build/Intermediates.noindex/swift-markdown.build/Debug-iphonesimulator/Markdown.build/Objects-normal/arm64/Markdown-OutputFileMap.json (in target 'Markdown' from project 'swift-markdown')
    cd /Users/runner/work/orbit/orbit/.ewc-probe/.dd-ios/SourcePackages/checkouts/swift-markdown
    write-file /Users/runner/work/orbit/orbit/.ewc-probe/.dd-ios/Build/Intermediates.noindex/swift-markdown.build/Debug-iphonesimulator/Markdown.build/Objects-normal/arm64/Markdown-OutputFileMap.json

WriteAuxiliaryFile /Users/runner/work/orbit/orbit/.ewc-probe/.dd-ios/Build/Intermediates.noindex/swift-markdown.build/Debug-iphonesimulator/Markdown.build/Markdown.modulemap (in target 'Markdown' from project 'swift-markdown')
    cd /Users/runner/work/orbit/orbit/.ewc-probe/.dd-ios/SourcePackages/checkouts/swift-markdown
    write-file /Users/runner/work/orbit/orbit/.ewc-probe/.dd-ios/Build/Intermediates.noindex/swift-markdown.build/Debug-iphonesimulator/Markdown.build/Markdown.modulemap

WriteAuxiliaryFile /Users/runner/work/orbit/orbit/.ewc-probe/.dd-ios/Build/Intermediates.noindex/swift-markdown.build/Debug-iphonesimulator/Markdown.build/Markdown.DependencyStaticMetadataFileList (in target 'Markdown' from project 'swift-markdown')
    cd /Users/runner/work/orbit/orbit/.ewc-probe/.dd-ios/SourcePackages/checkouts/swift-markdown
    write-file /Users/runner/work/orbit/orbit/.ewc-probe/.dd-ios/Build/Intermediates.noindex/swift-markdown.build/Debug-iphonesimulator/Markdown.build/Markdown.DependencyStaticMetadataFileList

WriteAuxiliaryFile /Users/runner/work/orbit/orbit/.ewc-probe/.dd-ios/Build/Intermediates.noindex/swift-markdown.build/Debug-iphonesimulator/Markdown.build/Markdown.DependencyMetadataFileList (in target 'Markdown' from project 'swift-markdown')
    cd /Users/runner/work/orbit/orbit/.ewc-probe/.dd-ios/SourcePackages/checkouts/swift-markdown
    write-file /Users/runner/work/orbit/orbit/.ewc-probe/.dd-ios/Build/Intermediates.noindex/swift-markdown.build/Debug-iphonesimulator/Markdown.build/Markdown.DependencyMetadataFileList

Copy /Users/runner/work/orbit/orbit/.ewc-probe/.dd-ios/Build/Intermediates.noindex/GeneratedModuleMaps-iphonesimulator/Markdown.modulemap /Users/runner/work/orbit/orbit/.ewc-probe/.dd-ios/Build/Intermediates.noindex/swift-markdown.build/Debug-iphonesimulator/Markdown.build/Markdown.modulemap (in target 'Markdown' from project 'swift-markdown')
    cd /Users/runner/work/orbit/orbit/.ewc-probe/.dd-ios/SourcePackages/checkouts/swift-markdown
    builtin-copy -exclude .DS_Store -exclude CVS -exclude .svn -exclude .git -exclude .hg -resolve-src-symlinks /Users/runner/work/orbit/orbit/.ewc-probe/.dd-ios/Build/Intermediates.noindex/swift-markdown.build/Debug-iphonesimulator/Markdown.build/Markdown.modulemap /Users/runner/work/orbit/orbit/.ewc-probe/.dd-ios/Build/Intermediates.noindex/GeneratedModuleMaps-iphonesimulator

WriteAuxiliaryFile /Users/runner/work/orbit/orbit/.ewc-probe/.dd-ios/Build/Intermediates.noindex/EwcProbe.build/Debug-iphonesimulator/EwcProbeUITests.build/empty-EwcProbeUITests.plist (in target 'EwcProbeUITests' from project 'EwcProbe')
    cd /Users/runner/work/orbit/orbit/.ewc-probe
    write-file /Users/runner/work/orbit/orbit/.ewc-probe/.dd-ios/Build/Intermediates.noindex/EwcProbe.build/Debug-iphonesimulator/EwcProbeUITests.build/empty-EwcProbeUITests.plist

WriteAuxiliaryFile /Users/runner/work/orbit/orbit/.ewc-probe/.dd-ios/Build/Intermediates.noindex/EwcProbe.build/Debug-iphonesimulator/EwcProbeUITests.build/ProductTypeInfoPlistAdditions.plist (in target 'EwcProbeUITests' from project 'EwcProbe')
    cd /Users/runner/work/orbit/orbit/.ewc-probe
    write-file /Users/runner/work/orbit/orbit/.ewc-probe/.dd-ios/Build/Intermediates.noindex/EwcProbe.build/Debug-iphonesimulator/EwcProbeUITests.build/ProductTypeInfoPlistAdditions.plist

WriteAuxiliaryFile /Users/runner/work/orbit/orbit/.ewc-probe/.dd-ios/Build/Intermediates.noindex/EwcProbe.build/Debug-iphonesimulator/EwcProbeUITests.build/Objects-normal/arm64/EwcProbeUITests_const_extract_protocols.json (in target 'EwcProbeUITests' from project 'EwcProbe')
    cd /Users/runner/work/orbit/orbit/.ewc-probe
    write-file /Users/runner/work/orbit/orbit/.ewc-probe/.dd-ios/Build/Intermediates.noindex/EwcProbe.build/Debug-iphonesimulator/EwcProbeUITests.build/Objects-normal/arm64/EwcProbeUITests_const_extract_protocols.json

WriteAuxiliaryFile /Users/runner/work/orbit/orbit/.ewc-probe/.dd-ios/Build/Intermediates.noindex/EwcProbe.build/Debug-iphonesimulator/EwcProbeUITests.build/Objects-normal/arm64/EwcProbeUITests.SwiftFileList (in target 'EwcProbeUITests' from project 'EwcProbe')
    cd /Users/runner/work/orbit/orbit/.ewc-probe
    write-file /Users/runner/work/orbit/orbit/.ewc-probe/.dd-ios/Build/Intermediates.noindex/EwcProbe.build/Debug-iphonesimulator/EwcProbeUITests.build/Objects-normal/arm64/EwcProbeUITests.SwiftFileList

WriteAuxiliaryFile /Users/runner/work/orbit/orbit/.ewc-probe/.dd-ios/Build/Intermediates.noindex/EwcProbe.build/Debug-iphonesimulator/EwcProbeUITests.build/Objects-normal/arm64/EwcProbeUITests.SwiftConstValuesFileList (in target 'EwcProbeUITests' from project 'EwcProbe')
    cd /Users/runner/work/orbit/orbit/.ewc-probe
    write-file /Users/runner/work/orbit/orbit/.ewc-probe/.dd-ios/Build/Intermediates.noindex/EwcProbe.build/Debug-iphonesimulator/EwcProbeUITests.build/Objects-normal/arm64/EwcProbeUITests.SwiftConstValuesFileList

WriteAuxiliaryFile /Users/runner/work/orbit/orbit/.ewc-probe/.dd-ios/Build/Intermediates.noindex/EwcProbe.build/Debug-iphonesimulator/EwcProbeUITests.build/Objects-normal/arm64/EwcProbeUITests.LinkFileList (in target 'EwcProbeUITests' from project 'EwcProbe')
    cd /Users/runner/work/orbit/orbit/.ewc-probe
    write-file /Users/runner/work/orbit/orbit/.ewc-probe/.dd-ios/Build/Intermediates.noindex/EwcProbe.build/Debug-iphonesimulator/EwcProbeUITests.build/Objects-normal/arm64/EwcProbeUITests.LinkFileList

WriteAuxiliaryFile /Users/runner/work/orbit/orbit/.ewc-probe/.dd-ios/Build/Intermediates.noindex/EwcProbe.build/Debug-iphonesimulator/EwcProbeUITests.build/Objects-normal/arm64/EwcProbeUITests-OutputFileMap.json (in target 'EwcProbeUITests' from project 'EwcProbe')
    cd /Users/runner/work/orbit/orbit/.ewc-probe
    write-file /Users/runner/work/orbit/orbit/.ewc-probe/.dd-ios/Build/Intermediates.noindex/EwcProbe.build/Debug-iphonesimulator/EwcProbeUITests.build/Objects-normal/arm64/EwcProbeUITests-OutputFileMap.json

WriteAuxiliaryFile /Users/runner/work/orbit/orbit/.ewc-probe/.dd-ios/Build/Intermediates.noindex/EwcProbe.build/Debug-iphonesimulator/EwcProbeUITests.build/EwcProbeUITests.hmap (in target 'EwcProbeUITests' from project 'EwcProbe')
    cd /Users/runner/work/orbit/orbit/.ewc-probe
    write-file /Users/runner/work/orbit/orbit/.ewc-probe/.dd-ios/Build/Intermediates.noindex/EwcProbe.build/Debug-iphonesimulator/EwcProbeUITests.build/EwcProbeUITests.hmap

WriteAuxiliaryFile /Users/runner/work/orbit/orbit/.ewc-probe/.dd-ios/Build/Intermediates.noindex/EwcProbe.build/Debug-iphonesimulator/EwcProbeUITests.build/EwcProbeUITests.DependencyStaticMetadataFileList (in target 'EwcProbeUITests' from project 'EwcProbe')
    cd /Users/runner/work/orbit/orbit/.ewc-probe
    write-file /Users/runner/work/orbit/orbit/.ewc-probe/.dd-ios/Build/Intermediates.noindex/EwcProbe.build/Debug-iphonesimulator/EwcProbeUITests.build/EwcProbeUITests.DependencyStaticMetadataFileList

WriteAuxiliaryFile /Users/runner/work/orbit/orbit/.ewc-probe/.dd-ios/Build/Intermediates.noindex/EwcProbe.build/Debug-iphonesimulator/EwcProbeUITests.build/EwcProbeUITests.DependencyMetadataFileList (in target 'EwcProbeUITests' from project 'EwcProbe')
    cd /Users/runner/work/orbit/orbit/.ewc-probe
    write-file /Users/runner/work/orbit/orbit/.ewc-probe/.dd-ios/Build/Intermediates.noindex/EwcProbe.build/Debug-iphonesimulator/EwcProbeUITests.build/EwcProbeUITests.DependencyMetadataFileList

WriteAuxiliaryFile /Users/runner/work/orbit/orbit/.ewc-probe/.dd-ios/Build/Intermediates.noindex/EwcProbe.build/Debug-iphonesimulator/EwcProbeUITests.build/EwcProbeUITests-project-headers.hmap (in target 'EwcProbeUITests' from project 'EwcProbe')
    cd /Users/runner/work/orbit/orbit/.ewc-probe
    write-file /Users/runner/work/orbit/orbit/.ewc-probe/.dd-ios/Build/Intermediates.noindex/EwcProbe.build/Debug-iphonesimulator/EwcProbeUITests.build/EwcProbeUITests-project-headers.hmap

WriteAuxiliaryFile /Users/runner/work/orbit/orbit/.ewc-probe/.dd-ios/Build/Intermediates.noindex/EwcProbe.build/Debug-iphonesimulator/EwcProbeUITests.build/EwcProbeUITests-own-target-headers.hmap (in target 'EwcProbeUITests' from project 'EwcProbe')
    cd /Users/runner/work/orbit/orbit/.ewc-probe
    write-file /Users/runner/work/orbit/orbit/.ewc-probe/.dd-ios/Build/Intermediates.noindex/EwcProbe.build/Debug-iphonesimulator/EwcProbeUITests.build/EwcProbeUITests-own-target-headers.hmap

WriteAuxiliaryFile /Users/runner/work/orbit/orbit/.ewc-probe/.dd-ios/Build/Intermediates.noindex/EwcProbe.build/Debug-iphonesimulator/EwcProbeUITests.build/EwcProbeUITests-generated-files.hmap (in target 'EwcProbeUITests' from project 'EwcProbe')
    cd /Users/runner/work/orbit/orbit/.ewc-probe
    write-file /Users/runner/work/orbit/orbit/.ewc-probe/.dd-ios/Build/Intermediates.noindex/EwcProbe.build/Debug-iphonesimulator/EwcProbeUITests.build/EwcProbeUITests-generated-files.hmap

WriteAuxiliaryFile /Users/runner/work/orbit/orbit/.ewc-probe/.dd-ios/Build/Intermediates.noindex/EwcProbe.build/Debug-iphonesimulator/EwcProbeUITests.build/EwcProbeUITests-all-target-headers.hmap (in target 'EwcProbeUITests' from project 'EwcProbe')
    cd /Users/runner/work/orbit/orbit/.ewc-probe
    write-file /Users/runner/work/orbit/orbit/.ewc-probe/.dd-ios/Build/Intermediates.noindex/EwcProbe.build/Debug-iphonesimulator/EwcProbeUITests.build/EwcProbeUITests-all-target-headers.hmap

WriteAuxiliaryFile /Users/runner/work/orbit/orbit/.ewc-probe/.dd-ios/Build/Intermediates.noindex/EwcProbe.build/Debug-iphonesimulator/EwcProbeUITests.build/EwcProbeUITests-all-non-framework-target-headers.hmap (in target 'EwcProbeUITests' from project 'EwcProbe')
    cd /Users/runner/work/orbit/orbit/.ewc-probe
    write-file /Users/runner/work/orbit/orbit/.ewc-probe/.dd-ios/Build/Intermediates.noindex/EwcProbe.build/Debug-iphonesimulator/EwcProbeUITests.build/EwcProbeUITests-all-non-framework-target-headers.hmap

WriteAuxiliaryFile /Users/runner/work/orbit/orbit/.ewc-probe/.dd-ios/Build/Intermediates.noindex/EwcProbe.build/Debug-iphonesimulator/EwcProbeUITests.build/DerivedSources/Entitlements-Simulated.plist (in target 'EwcProbeUITests' from project 'EwcProbe')
    cd /Users/runner/work/orbit/orbit/.ewc-probe
    write-file /Users/runner/work/orbit/orbit/.ewc-probe/.dd-ios/Build/Intermediates.noindex/EwcProbe.build/Debug-iphonesimulator/EwcProbeUITests.build/DerivedSources/Entitlements-Simulated.plist

WriteAuxiliaryFile /Users/runner/work/orbit/orbit/.ewc-probe/.dd-ios/Build/Intermediates.noindex/EwcProbe.build/Debug-iphonesimulator/EwcProbe.build/Objects-normal/arm64/EwcProbe_const_extract_protocols.json (in target 'EwcProbe' from project 'EwcProbe')
    cd /Users/runner/work/orbit/orbit/.ewc-probe
    write-file /Users/runner/work/orbit/orbit/.ewc-probe/.dd-ios/Build/Intermediates.noindex/EwcProbe.build/Debug-iphonesimulator/EwcProbe.build/Objects-normal/arm64/EwcProbe_const_extract_protocols.json

WriteAuxiliaryFile /Users/runner/work/orbit/orbit/.ewc-probe/.dd-ios/Build/Intermediates.noindex/EwcProbe.build/Debug-iphonesimulator/EwcProbe.build/Objects-normal/arm64/EwcProbe.SwiftFileList (in target 'EwcProbe' from project 'EwcProbe')
    cd /Users/runner/work/orbit/orbit/.ewc-probe
    write-file /Users/runner/work/orbit/orbit/.ewc-probe/.dd-ios/Build/Intermediates.noindex/EwcProbe.build/Debug-iphonesimulator/EwcProbe.build/Objects-normal/arm64/EwcProbe.SwiftFileList

WriteAuxiliaryFile /Users/runner/work/orbit/orbit/.ewc-probe/.dd-ios/Build/Intermediates.noindex/EwcProbe.build/Debug-iphonesimulator/EwcProbe.build/Objects-normal/arm64/EwcProbe.SwiftConstValuesFileList (in target 'EwcProbe' from project 'EwcProbe')
    cd /Users/runner/work/orbit/orbit/.ewc-probe
    write-file /Users/runner/work/orbit/orbit/.ewc-probe/.dd-ios/Build/Intermediates.noindex/EwcProbe.build/Debug-iphonesimulator/EwcProbe.build/Objects-normal/arm64/EwcProbe.SwiftConstValuesFileList

WriteAuxiliaryFile /Users/runner/work/orbit/orbit/.ewc-probe/.dd-ios/Build/Intermediates.noindex/EwcProbe.build/Debug-iphonesimulator/EwcProbe.build/Objects-normal/arm64/EwcProbe.LinkFileList (in target 'EwcProbe' from project 'EwcProbe')
    cd /Users/runner/work/orbit/orbit/.ewc-probe
    write-file /Users/runner/work/orbit/orbit/.ewc-probe/.dd-ios/Build/Intermediates.noindex/EwcProbe.build/Debug-iphonesimulator/EwcProbe.build/Objects-normal/arm64/EwcProbe.LinkFileList

WriteAuxiliaryFile /Users/runner/work/orbit/orbit/.ewc-probe/.dd-ios/Build/Intermediates.noindex/EwcProbe.build/Debug-iphonesimulator/EwcProbe.build/Objects-normal/arm64/EwcProbe-OutputFileMap.json (in target 'EwcProbe' from project 'EwcProbe')
    cd /Users/runner/work/orbit/orbit/.ewc-probe
    write-file /Users/runner/work/orbit/orbit/.ewc-probe/.dd-ios/Build/Intermediates.noindex/EwcProbe.build/Debug-iphonesimulator/EwcProbe.build/Objects-normal/arm64/EwcProbe-OutputFileMap.json

WriteAuxiliaryFile /Users/runner/work/orbit/orbit/.ewc-probe/.dd-ios/Build/Intermediates.noindex/EwcProbe.build/Debug-iphonesimulator/EwcProbe.build/EwcProbe.hmap (in target 'EwcProbe' from project 'EwcProbe')
    cd /Users/runner/work/orbit/orbit/.ewc-probe
    write-file /Users/runner/work/orbit/orbit/.ewc-probe/.dd-ios/Build/Intermediates.noindex/EwcProbe.build/Debug-iphonesimulator/EwcProbe.build/EwcProbe.hmap

WriteAuxiliaryFile /Users/runner/work/orbit/orbit/.ewc-probe/.dd-ios/Build/Intermediates.noindex/EwcProbe.build/Debug-iphonesimulator/EwcProbe.build/EwcProbe.DependencyStaticMetadataFileList (in target 'EwcProbe' from project 'EwcProbe')
    cd /Users/runner/work/orbit/orbit/.ewc-probe
    write-file /Users/runner/work/orbit/orbit/.ewc-probe/.dd-ios/Build/Intermediates.noindex/EwcProbe.build/Debug-iphonesimulator/EwcProbe.build/EwcProbe.DependencyStaticMetadataFileList

WriteAuxiliaryFile /Users/runner/work/orbit/orbit/.ewc-probe/.dd-ios/Build/Intermediates.noindex/EwcProbe.build/Debug-iphonesimulator/EwcProbe.build/EwcProbe.DependencyMetadataFileList (in target 'EwcProbe' from project 'EwcProbe')
    cd /Users/runner/work/orbit/orbit/.ewc-probe
    write-file /Users/runner/work/orbit/orbit/.ewc-probe/.dd-ios/Build/Intermediates.noindex/EwcProbe.build/Debug-iphonesimulator/EwcProbe.build/EwcProbe.DependencyMetadataFileList

WriteAuxiliaryFile /Users/runner/work/orbit/orbit/.ewc-probe/.dd-ios/Build/Intermediates.noindex/EwcProbe.build/Debug-iphonesimulator/EwcProbe.build/EwcProbe-project-headers.hmap (in target 'EwcProbe' from project 'EwcProbe')
    cd /Users/runner/work/orbit/orbit/.ewc-probe
    write-file /Users/runner/work/orbit/orbit/.ewc-probe/.dd-ios/Build/Intermediates.noindex/EwcProbe.build/Debug-iphonesimulator/EwcProbe.build/EwcProbe-project-headers.hmap

WriteAuxiliaryFile /Users/runner/work/orbit/orbit/.ewc-probe/.dd-ios/Build/Intermediates.noindex/EwcProbe.build/Debug-iphonesimulator/EwcProbe.build/EwcProbe-own-target-headers.hmap (in target 'EwcProbe' from project 'EwcProbe')
    cd /Users/runner/work/orbit/orbit/.ewc-probe
    write-file /Users/runner/work/orbit/orbit/.ewc-probe/.dd-ios/Build/Intermediates.noindex/EwcProbe.build/Debug-iphonesimulator/EwcProbe.build/EwcProbe-own-target-headers.hmap

WriteAuxiliaryFile /Users/runner/work/orbit/orbit/.ewc-probe/.dd-ios/Build/Intermediates.noindex/EwcProbe.build/Debug-iphonesimulator/EwcProbe.build/EwcProbe-generated-files.hmap (in target 'EwcProbe' from project 'EwcProbe')
    cd /Users/runner/work/orbit/orbit/.ewc-probe
    write-file /Users/runner/work/orbit/orbit/.ewc-probe/.dd-ios/Build/Intermediates.noindex/EwcProbe.build/Debug-iphonesimulator/EwcProbe.build/EwcProbe-generated-files.hmap

WriteAuxiliaryFile /Users/runner/work/orbit/orbit/.ewc-probe/.dd-ios/Build/Intermediates.noindex/EwcProbe.build/Debug-iphonesimulator/EwcProbe.build/EwcProbe-all-target-headers.hmap (in target 'EwcProbe' from project 'EwcProbe')
    cd /Users/runner/work/orbit/orbit/.ewc-probe
    write-file /Users/runner/work/orbit/orbit/.ewc-probe/.dd-ios/Build/Intermediates.noindex/EwcProbe.build/Debug-iphonesimulator/EwcProbe.build/EwcProbe-all-target-headers.hmap

WriteAuxiliaryFile /Users/runner/work/orbit/orbit/.ewc-probe/.dd-ios/Build/Intermediates.noindex/EwcProbe.build/Debug-iphonesimulator/EwcProbe.build/EwcProbe-all-non-framework-target-headers.hmap (in target 'EwcProbe' from project 'EwcProbe')
    cd /Users/runner/work/orbit/orbit/.ewc-probe
    write-file /Users/runner/work/orbit/orbit/.ewc-probe/.dd-ios/Build/Intermediates.noindex/EwcProbe.build/Debug-iphonesimulator/EwcProbe.build/EwcProbe-all-non-framework-target-headers.hmap

WriteAuxiliaryFile /Users/runner/work/orbit/orbit/.ewc-probe/.dd-ios/Build/Intermediates.noindex/EwcProbe.build/Debug-iphonesimulator/EwcProbe.build/EwcProbe-DebugDylibPath-normal-arm64.txt (in target 'EwcProbe' from project 'EwcProbe')
    cd /Users/runner/work/orbit/orbit/.ewc-probe
    write-file /Users/runner/work/orbit/orbit/.ewc-probe/.dd-ios/Build/Intermediates.noindex/EwcProbe.build/Debug-iphonesimulator/EwcProbe.build/EwcProbe-DebugDylibPath-normal-arm64.txt

WriteAuxiliaryFile /Users/runner/work/orbit/orbit/.ewc-probe/.dd-ios/Build/Intermediates.noindex/EwcProbe.build/Debug-iphonesimulator/EwcProbe.build/EwcProbe-DebugDylibInstallName-normal-arm64.txt (in target 'EwcProbe' from project 'EwcProbe')
    cd /Users/runner/work/orbit/orbit/.ewc-probe
    write-file /Users/runner/work/orbit/orbit/.ewc-probe/.dd-ios/Build/Intermediates.noindex/EwcProbe.build/Debug-iphonesimulator/EwcProbe.build/EwcProbe-DebugDylibInstallName-normal-arm64.txt

WriteAuxiliaryFile /Users/runner/work/orbit/orbit/.ewc-probe/.dd-ios/Build/Intermediates.noindex/EwcProbe.build/Debug-iphonesimulator/EwcProbe.build/DerivedSources/Entitlements-Simulated.plist (in target 'EwcProbe' from project 'EwcProbe')
    cd /Users/runner/work/orbit/orbit/.ewc-probe
    write-file /Users/runner/work/orbit/orbit/.ewc-probe/.dd-ios/Build/Intermediates.noindex/EwcProbe.build/Debug-iphonesimulator/EwcProbe.build/DerivedSources/Entitlements-Simulated.plist

WriteAuxiliaryFile /Users/runner/work/orbit/orbit/.ewc-probe/.dd-ios/Build/Intermediates.noindex/swift-markdown.build/Debug-iphonesimulator/CAtomic.build/Objects-normal/arm64/CAtomic.LinkFileList (in target 'CAtomic' from project 'swift-markdown')
    cd /Users/runner/work/orbit/orbit/.ewc-probe/.dd-ios/SourcePackages/checkouts/swift-markdown
    write-file /Users/runner/work/orbit/orbit/.ewc-probe/.dd-ios/Build/Intermediates.noindex/swift-markdown.build/Debug-iphonesimulator/CAtomic.build/Objects-normal/arm64/CAtomic.LinkFileList

WriteAuxiliaryFile /Users/runner/work/orbit/orbit/.ewc-probe/.dd-ios/Build/Intermediates.noindex/swift-markdown.build/Debug-iphonesimulator/CAtomic.build/Objects-normal/arm64/7187679823f38a2a940e0043cdf9d637-common-args.resp (in target 'CAtomic' from project 'swift-markdown')
    cd /Users/runner/work/orbit/orbit/.ewc-probe/.dd-ios/SourcePackages/checkouts/swift-markdown
    write-file /Users/runner/work/orbit/orbit/.ewc-probe/.dd-ios/Build/Intermediates.noindex/swift-markdown.build/Debug-iphonesimulator/CAtomic.build/Objects-normal/arm64/7187679823f38a2a940e0043cdf9d637-common-args.resp
-fmodules -gmodules '-fmodules-cache-path=/Users/runner/work/orbit/orbit/.ewc-probe/.dd-ios/ModuleCache.noindex' '-fmodule-name=CAtomic' -fpascal-strings -O0 -DSWIFT_PACKAGE '-DDEBUG=1' -g -I/Users/runner/work/orbit/orbit/.ewc-probe/.dd-ios/Build/Products/Debug-iphonesimulator/include -I/Users/runner/work/orbit/orbit/.ewc-probe/.dd-ios/SourcePackages/checkouts/swift-markdown/Sources/CAtomic/include -I/Users/runner/work/orbit/orbit/.ewc-probe/.dd-ios/Build/Intermediates.noindex/swift-markdown.build/Debug-iphonesimulator/CAtomic.build/DerivedSources-normal/arm64 -I/Users/runner/work/orbit/orbit/.ewc-probe/.dd-ios/Build/Intermediates.noindex/swift-markdown.build/Debug-iphonesimulator/CAtomic.build/DerivedSources/arm64 -I/Users/runner/work/orbit/orbit/.ewc-probe/.dd-ios/Build/Intermediates.noindex/swift-markdown.build/Debug-iphonesimulator/CAtomic.build/DerivedSources -F/Users/runner/work/orbit/orbit/.ewc-probe/.dd-ios/Build/Products/Debug-iphonesimulator -iframework /Applications/Xcode_26.6.app/Contents/Developer/Platforms/iPhoneSimulator.platform/Developer/Library/Frameworks -iframework /Applications/Xcode_26.6.app/Contents/Developer/Platforms/iPhoneSimulator.platform/Developer/SDKs/iPhoneSimulator26.5.sdk/Developer/Library/Frameworks -DXcode

WriteAuxiliaryFile /Users/runner/work/orbit/orbit/.ewc-probe/.dd-ios/Build/Intermediates.noindex/swift-markdown.build/Debug-iphonesimulator/CAtomic.build/CAtomic.DependencyStaticMetadataFileList (in target 'CAtomic' from project 'swift-markdown')
    cd /Users/runner/work/orbit/orbit/.ewc-probe/.dd-ios/SourcePackages/checkouts/swift-markdown
    write-file /Users/runner/work/orbit/orbit/.ewc-probe/.dd-ios/Build/Intermediates.noindex/swift-markdown.build/Debug-iphonesimulator/CAtomic.build/CAtomic.DependencyStaticMetadataFileList

WriteAuxiliaryFile /Users/runner/work/orbit/orbit/.ewc-probe/.dd-ios/Build/Intermediates.noindex/swift-markdown.build/Debug-iphonesimulator/CAtomic.build/CAtomic.DependencyMetadataFileList (in target 'CAtomic' from project 'swift-markdown')
    cd /Users/runner/work/orbit/orbit/.ewc-probe/.dd-ios/SourcePackages/checkouts/swift-markdown
    write-file /Users/runner/work/orbit/orbit/.ewc-probe/.dd-ios/Build/Intermediates.noindex/swift-markdown.build/Debug-iphonesimulator/CAtomic.build/CAtomic.DependencyMetadataFileList

MkDir /Users/runner/work/orbit/orbit/.ewc-probe/.dd-ios/Build/Products/Debug-iphonesimulator/EwcProbe.app (in target 'EwcProbe' from project 'EwcProbe')
    cd /Users/runner/work/orbit/orbit/.ewc-probe
    /bin/mkdir -p /Users/runner/work/orbit/orbit/.ewc-probe/.dd-ios/Build/Products/Debug-iphonesimulator/EwcProbe.app

MkDir /Users/runner/work/orbit/orbit/.ewc-probe/.dd-ios/Build/Products/Debug-iphonesimulator/EwcProbeUITests-Runner.app/PlugIns/EwcProbeUITests.xctest (in target 'EwcProbeUITests' from project 'EwcProbe')
    cd /Users/runner/work/orbit/orbit/.ewc-probe
    /bin/mkdir -p /Users/runner/work/orbit/orbit/.ewc-probe/.dd-ios/Build/Products/Debug-iphonesimulator/EwcProbeUITests-Runner.app/PlugIns/EwcProbeUITests.xctest

SwiftDriver Markdown normal arm64 com.apple.xcode.tools.swift.compiler (in target 'Markdown' from project 'swift-markdown')
    cd /Users/runner/work/orbit/orbit/.ewc-probe/EwcProbe.xcodeproj
    builtin-SwiftDriver -- /Applications/Xcode_26.6.app/Contents/Developer/Toolchains/XcodeDefault.xctoolchain/usr/bin/swiftc -module-name Markdown -Onone @/Users/runner/work/orbit/orbit/.ewc-probe/.dd-ios/Build/Intermediates.noindex/swift-markdown.build/Debug-iphonesimulator/Markdown.build/Objects-normal/arm64/Markdown.SwiftFileList -DSWIFT_PACKAGE -DDEBUG -DSWIFT_MODULE_RESOURCE_BUNDLE_UNAVAILABLE -DXcode -plugin-path /Applications/Xcode_26.6.app/Contents/Developer/Toolchains/XcodeDefault.xctoolchain/usr/lib/swift/host/plugins/testing -enable-experimental-feature DebugDescriptionMacro -sdk /Applications/Xcode_26.6.app/Contents/Developer/Platforms/iPhoneSimulator.platform/Developer/SDKs/iPhoneSimulator26.5.sdk -target arm64-apple-ios12.0-simulator -g -module-cache-path /Users/runner/work/orbit/orbit/.ewc-probe/.dd-ios/ModuleCache.noindex -Xfrontend -serialize-debugging-options -enable-testing -suppress-warnings -index-store-path /Users/runner/work/orbit/orbit/.ewc-probe/.dd-ios/Index.noindex/DataStore -Xcc -D_LIBCPP_HARDENING_MODE\=_LIBCPP_HARDENING_MODE_DEBUG -swift-version 5 -I /Users/runner/work/orbit/orbit/.ewc-probe/.dd-ios/Build/Products/Debug-iphonesimulator -Isystem /Applications/Xcode_26.6.app/Contents/Developer/Platforms/iPhoneSimulator.platform/Developer/usr/lib -F /Users/runner/work/orbit/orbit/.ewc-probe/.dd-ios/Build/Products/Debug-iphonesimulator/PackageFrameworks -F /Users/runner/work/orbit/orbit/.ewc-probe/.dd-ios/Build/Products/Debug-iphonesimulator/PackageFrameworks -F /Users/runner/work/orbit/orbit/.ewc-probe/.dd-ios/Build/Products/Debug-iphonesimulator/PackageFrameworks -F /Users/runner/work/orbit/orbit/.ewc-probe/.dd-ios/Build/Products/Debug-iphonesimulator -F /Applications/Xcode_26.6.app/Contents/Developer/Platforms/iPhoneSimulator.platform/Developer/Library/Frameworks -F /Applications/Xcode_26.6.app/Contents/Developer/Platforms/iPhoneSimulator.platform/Developer/SDKs/iPhoneSimulator26.5.sdk/Developer/Library/Frameworks -c -j3 -enable-batch-mode -incremental -Xcc -ivfsstatcache -Xcc /Users/runner/work/orbit/orbit/.ewc-probe/.dd-ios/SDKStatCaches.noindex/iphonesimulator26.5-23F81a-688ef53f1462e2c8f657fdc38a81448ff45c64a1807a658693f2a61704f17a36.sdkstatcache -output-file-map /Users/runner/work/orbit/orbit/.ewc-probe/.dd-ios/Build/Intermediates.noindex/swift-markdown.build/Debug-iphonesimulator/Markdown.build/Objects-normal/arm64/Markdown-OutputFileMap.json -use-frontend-parseable-output -save-temps -no-color-diagnostics -explicit-module-build -module-cache-path /Users/runner/work/orbit/orbit/.ewc-probe/.dd-ios/Build/Intermediates.noindex/SwiftExplicitPrecompiledModules -clang-scanner-module-cache-path /Users/runner/work/orbit/orbit/.ewc-probe/.dd-ios/ModuleCache.noindex -sdk-module-cache-path /Users/runner/work/orbit/orbit/.ewc-probe/.dd-ios/ModuleCache.noindex -serialize-diagnostics -emit-dependencies -emit-module -emit-module-path /Users/runner/work/orbit/orbit/.ewc-probe/.dd-ios/Build/Intermediates.noindex/swift-markdown.build/Debug-iphonesimulator/Markdown.build/Objects-normal/arm64/Markdown.swiftmodule -user-module-version 0.9.0 -validate-clang-modules-once -clang-build-session-file /Users/runner/work/orbit/orbit/.ewc-probe/.dd-ios/ModuleCache.noindex/Session.modulevalidation -package-name swift_markdown -Xcc -I/Users/runner/work/orbit/orbit/.ewc-probe/.dd-ios/Build/Intermediates.noindex/swift-markdown.build/Debug-iphonesimulator/Markdown.build/swift-overrides.hmap -emit-const-values -Xfrontend -const-gather-protocols-file -Xfrontend /Users/runner/work/orbit/orbit/.ewc-probe/.dd-ios/Build/Intermediates.noindex/swift-markdown.build/Debug-iphonesimulator/Markdown.build/Objects-normal/arm64/Markdown_const_extract_protocols.json -Xcc -I/Users/runner/work/orbit/orbit/.ewc-probe/.dd-ios/SourcePackages/checkouts/swift-cmark/src/include -Xcc -I/Users/runner/work/orbit/orbit/.ewc-probe/.dd-ios/SourcePackages/checkouts/swift-cmark/extensions/include -Xcc -I/Users/runner/work/orbit/orbit/.ewc-probe/.dd-ios/SourcePackages/checkouts/swift-markdown/Sources/CAtomic/include -Xcc -I/Users/runner/work/orbit/orbit/.ewc-probe/.dd-ios/Build/Products/Debug-iphonesimulator/include -Xcc -I/Users/runner/work/orbit/orbit/.ewc-probe/.dd-ios/Build/Intermediates.noindex/swift-markdown.build/Debug-iphonesimulator/Markdown.build/DerivedSources-normal/arm64 -Xcc -I/Users/runner/work/orbit/orbit/.ewc-probe/.dd-ios/Build/Intermediates.noindex/swift-markdown.build/Debug-iphonesimulator/Markdown.build/DerivedSources/arm64 -Xcc -I/Users/runner/work/orbit/orbit/.ewc-probe/.dd-ios/Build/Intermediates.noindex/swift-markdown.build/Debug-iphonesimulator/Markdown.build/DerivedSources -Xcc -DSWIFT_PACKAGE -Xcc -DDEBUG\=1 -emit-objc-header -emit-objc-header-path /Users/runner/work/orbit/orbit/.ewc-probe/.dd-ios/Build/Intermediates.noindex/swift-markdown.build/Debug-iphonesimulator/Markdown.build/Objects-normal/arm64/Markdown-Swift.h -working-directory /Users/runner/work/orbit/orbit/.ewc-probe/EwcProbe.xcodeproj -experimental-emit-module-separately -disable-cmo

ScanDependencies /Users/runner/work/orbit/orbit/.ewc-probe/.dd-ios/Build/Intermediates.noindex/cmark-gfm.build/Debug-iphonesimulator/cmark-gfm-extensions.build/Objects-normal/arm64/tagfilter.o /Users/runner/work/orbit/orbit/.ewc-probe/.dd-ios/SourcePackages/checkouts/swift-cmark/extensions/tagfilter.c normal arm64 c com.apple.compilers.llvm.clang.1_0.compiler (in target 'cmark-gfm-extensions' from project 'cmark-gfm')
    cd /Users/runner/work/orbit/orbit/.ewc-probe/EwcProbe.xcodeproj
    
    Using response file: /Users/runner/work/orbit/orbit/.ewc-probe/.dd-ios/Build/Intermediates.noindex/cmark-gfm.build/Debug-iphonesimulator/cmark-gfm-extensions.build/Objects-normal/arm64/7187679823f38a2a940e0043cdf9d637-common-args.resp
    
    builtin-ScanDependencies -o /Users/runner/work/orbit/orbit/.ewc-probe/.dd-ios/Build/Intermediates.noindex/cmark-gfm.build/Debug-iphonesimulator/cmark-gfm-extensions.build/Objects-normal/arm64/tagfilter.o.scan -- /Applications/Xcode_26.6.app/Contents/Developer/Toolchains/XcodeDefault.xctoolchain/usr/bin/clang -x c -ivfsstatcache /Users/runner/work/orbit/orbit/.ewc-probe/.dd-ios/SDKStatCaches.noindex/iphonesimulator26.5-23F81a-688ef53f1462e2c8f657fdc38a81448ff45c64a1807a658693f2a61704f17a36.sdkstatcache -target arm64-apple-ios12.0-simulator -fmessage-length\=0 -fdiagnostics-show-note-include-stack -fmacro-backtrace-limit\=0 -fno-color-diagnostics -fmodules-prune-interval\=86400 -fmodules-prune-after\=345600 -fbuild-session-file\=/Users/runner/work/orbit/orbit/.ewc-probe/.dd-ios/ModuleCache.noindex/Session.modulevalidation -fmodules-validate-once-per-build-session -Wnon-modular-include-in-framework-module -Werror\=non-modular-include-in-framework-module -Wno-trigraphs -Wno-missing-field-initializers -Wno-missing-prototypes -Wno-return-type -Wno-missing-braces -Wparentheses -Wswitch -Wno-unused-function -Wno-unused-label -Wno-unused-parameter -Wno-unused-variable -Wunused-value -Wno-empty-body -Wno-uninitialized -Wno-unknown-pragmas -w -Wno-shadow -Wno-four-char-constants -Wno-conversion -Wno-constant-conversion -Wno-int-conversion -Wno-bool-conversion -Wno-enum-conversion -Wno-float-conversion -Wno-non-literal-null-conversion -Wno-objc-literal-conversion -Wshorten-64-to-32 -Wpointer-sign -Wno-newline-eof -Wno-implicit-fallthrough -isysroot /Applications/Xcode_26.6.app/Contents/Developer/Platforms/iPhoneSimulator.platform/Developer/SDKs/iPhoneSimulator26.5.sdk -fstrict-aliasing -Wdeprecated-declarations -Wno-sign-conversion -Wno-infinite-recursion -Wno-comma -Wno-block-capture-autoreleasing -Wno-strict-prototypes -Wno-semicolon-before-method-body -index-store-path /Users/runner/work/orbit/orbit/.ewc-probe/.dd-ios/Index.noindex/DataStore @/Users/runner/work/orbit/orbit/.ewc-probe/.dd-ios/Build/Intermediates.noindex/cmark-gfm.build/Debug-iphonesimulator/cmark-gfm-extensions.build/Objects-normal/arm64/7187679823f38a2a940e0043cdf9d637-common-args.resp -MMD -MT dependencies -MF /Users/runner/work/orbit/orbit/.ewc-probe/.dd-ios/Build/Intermediates.noindex/cmark-gfm.build/Debug-iphonesimulator/cmark-gfm-extensions.build/Objects-normal/arm64/tagfilter.d --serialize-diagnostics /Users/runner/work/orbit/orbit/.ewc-probe/.dd-ios/Build/Intermediates.noindex/cmark-gfm.build/Debug-iphonesimulator/cmark-gfm-extensions.build/Objects-normal/arm64/tagfilter.dia -c /Users/runner/work/orbit/orbit/.ewc-probe/.dd-ios/SourcePackages/checkouts/swift-cmark/extensions/tagfilter.c -o /Users/runner/work/orbit/orbit/.ewc-probe/.dd-ios/Build/Intermediates.noindex/cmark-gfm.build/Debug-iphonesimulator/cmark-gfm-extensions.build/Objects-normal/arm64/tagfilter.o -index-unit-output-path /cmark-gfm.build/Debug-iphonesimulator/cmark-gfm-extensions.build/Objects-normal/arm64/tagfilter.o

ScanDependencies /Users/runner/work/orbit/orbit/.ewc-probe/.dd-ios/Build/Intermediates.noindex/cmark-gfm.build/Debug-iphonesimulator/cmark-gfm-extensions.build/Objects-normal/arm64/tasklist.o /Users/runner/work/orbit/orbit/.ewc-probe/.dd-ios/SourcePackages/checkouts/swift-cmark/extensions/tasklist.c normal arm64 c com.apple.compilers.llvm.clang.1_0.compiler (in target 'cmark-gfm-extensions' from project 'cmark-gfm')
    cd /Users/runner/work/orbit/orbit/.ewc-probe/EwcProbe.xcodeproj
    
    Using response file: /Users/runner/work/orbit/orbit/.ewc-probe/.dd-ios/Build/Intermediates.noindex/cmark-gfm.build/Debug-iphonesimulator/cmark-gfm-extensions.build/Objects-normal/arm64/7187679823f38a2a940e0043cdf9d637-common-args.resp
    
    builtin-ScanDependencies -o /Users/runner/work/orbit/orbit/.ewc-probe/.dd-ios/Build/Intermediates.noindex/cmark-gfm.build/Debug-iphonesimulator/cmark-gfm-extensions.build/Objects-normal/arm64/tasklist.o.scan -- /Applications/Xcode_26.6.app/Contents/Developer/Toolchains/XcodeDefault.xctoolchain/usr/bin/clang -x c -ivfsstatcache /Users/runner/work/orbit/orbit/.ewc-probe/.dd-ios/SDKStatCaches.noindex/iphonesimulator26.5-23F81a-688ef53f1462e2c8f657fdc38a81448ff45c64a1807a658693f2a61704f17a36.sdkstatcache -target arm64-apple-ios12.0-simulator -fmessage-length\=0 -fdiagnostics-show-note-include-stack -fmacro-backtrace-limit\=0 -fno-color-diagnostics -fmodules-prune-interval\=86400 -fmodules-prune-after\=345600 -fbuild-session-file\=/Users/runner/work/orbit/orbit/.ewc-probe/.dd-ios/ModuleCache.noindex/Session.modulevalidation -fmodules-validate-once-per-build-session -Wnon-modular-include-in-framework-module -Werror\=non-modular-include-in-framework-module -Wno-trigraphs -Wno-missing-field-initializers -Wno-missing-prototypes -Wno-return-type -Wno-missing-braces -Wparentheses -Wswitch -Wno-unused-function -Wno-unused-label -Wno-unused-parameter -Wno-unused-variable -Wunused-value -Wno-empty-body -Wno-uninitialized -Wno-unknown-pragmas -w -Wno-shadow -Wno-four-char-constants -Wno-conversion -Wno-constant-conversion -Wno-int-conversion -Wno-bool-conversion -Wno-enum-conversion -Wno-float-conversion -Wno-non-literal-null-conversion -Wno-objc-literal-conversion -Wshorten-64-to-32 -Wpointer-sign -Wno-newline-eof -Wno-implicit-fallthrough -isysroot /Applications/Xcode_26.6.app/Contents/Developer/Platforms/iPhoneSimulator.platform/Developer/SDKs/iPhoneSimulator26.5.sdk -fstrict-aliasing -Wdeprecated-declarations -Wno-sign-conversion -Wno-infinite-recursion -Wno-comma -Wno-block-capture-autoreleasing -Wno-strict-prototypes -Wno-semicolon-before-method-body -index-store-path /Users/runner/work/orbit/orbit/.ewc-probe/.dd-ios/Index.noindex/DataStore @/Users/runner/work/orbit/orbit/.ewc-probe/.dd-ios/Build/Intermediates.noindex/cmark-gfm.build/Debug-iphonesimulator/cmark-gfm-extensions.build/Objects-normal/arm64/7187679823f38a2a940e0043cdf9d637-common-args.resp -MMD -MT dependencies -MF /Users/runner/work/orbit/orbit/.ewc-probe/.dd-ios/Build/Intermediates.noindex/cmark-gfm.build/Debug-iphonesimulator/cmark-gfm-extensions.build/Objects-normal/arm64/tasklist.d --serialize-diagnostics /Users/runner/work/orbit/orbit/.ewc-probe/.dd-ios/Build/Intermediates.noindex/cmark-gfm.build/Debug-iphonesimulator/cmark-gfm-extensions.build/Objects-normal/arm64/tasklist.dia -c /Users/runner/work/orbit/orbit/.ewc-probe/.dd-ios/SourcePackages/checkouts/swift-cmark/extensions/tasklist.c -o /Users/runner/work/orbit/orbit/.ewc-probe/.dd-ios/Build/Intermediates.noindex/cmark-gfm.build/Debug-iphonesimulator/cmark-gfm-extensions.build/Objects-normal/arm64/tasklist.o -index-unit-output-path /cmark-gfm.build/Debug-iphonesimulator/cmark-gfm-extensions.build/Objects-normal/arm64/tasklist.o

ScanDependencies /Users/runner/work/orbit/orbit/.ewc-probe/.dd-ios/Build/Intermediates.noindex/cmark-gfm.build/Debug-iphonesimulator/cmark-gfm-extensions.build/Objects-normal/arm64/table.o /Users/runner/work/orbit/orbit/.ewc-probe/.dd-ios/SourcePackages/checkouts/swift-cmark/extensions/table.c normal arm64 c com.apple.compilers.llvm.clang.1_0.compiler (in target 'cmark-gfm-extensions' from project 'cmark-gfm')
    cd /Users/runner/work/orbit/orbit/.ewc-probe/EwcProbe.xcodeproj
    
    Using response file: /Users/runner/work/orbit/orbit/.ewc-probe/.dd-ios/Build/Intermediates.noindex/cmark-gfm.build/Debug-iphonesimulator/cmark-gfm-extensions.build/Objects-normal/arm64/7187679823f38a2a940e0043cdf9d637-common-args.resp
    
    builtin-ScanDependencies -o /Users/runner/work/orbit/orbit/.ewc-probe/.dd-ios/Build/Intermediates.noindex/cmark-gfm.build/Debug-iphonesimulator/cmark-gfm-extensions.build/Objects-normal/arm64/table.o.scan -- /Applications/Xcode_26.6.app/Contents/Developer/Toolchains/XcodeDefault.xctoolchain/usr/bin/clang -x c -ivfsstatcache /Users/runner/work/orbit/orbit/.ewc-probe/.dd-ios/SDKStatCaches.noindex/iphonesimulator26.5-23F81a-688ef53f1462e2c8f657fdc38a81448ff45c64a1807a658693f2a61704f17a36.sdkstatcache -target arm64-apple-ios12.0-simulator -fmessage-length\=0 -fdiagnostics-show-note-include-stack -fmacro-backtrace-limit\=0 -fno-color-diagnostics -fmodules-prune-interval\=86400 -fmodules-prune-after\=345600 -fbuild-session-file\=/Users/runner/work/orbit/orbit/.ewc-probe/.dd-ios/ModuleCache.noindex/Session.modulevalidation -fmodules-validate-once-per-build-session -Wnon-modular-include-in-framework-module -Werror\=non-modular-include-in-framework-module -Wno-trigraphs -Wno-missing-field-initializers -Wno-missing-prototypes -Wno-return-type -Wno-missing-braces -Wparentheses -Wswitch -Wno-unused-function -Wno-unused-label -Wno-unused-parameter -Wno-unused-variable -Wunused-value -Wno-empty-body -Wno-uninitialized -Wno-unknown-pragmas -w -Wno-shadow -Wno-four-char-constants -Wno-conversion -Wno-constant-conversion -Wno-int-conversion -Wno-bool-conversion -Wno-enum-conversion -Wno-float-conversion -Wno-non-literal-null-conversion -Wno-objc-literal-conversion -Wshorten-64-to-32 -Wpointer-sign -Wno-newline-eof -Wno-implicit-fallthrough -isysroot /Applications/Xcode_26.6.app/Contents/Developer/Platforms/iPhoneSimulator.platform/Developer/SDKs/iPhoneSimulator26.5.sdk -fstrict-aliasing -Wdeprecated-declarations -Wno-sign-conversion -Wno-infinite-recursion -Wno-comma -Wno-block-capture-autoreleasing -Wno-strict-prototypes -Wno-semicolon-before-method-body -index-store-path /Users/runner/work/orbit/orbit/.ewc-probe/.dd-ios/Index.noindex/DataStore @/Users/runner/work/orbit/orbit/.ewc-probe/.dd-ios/Build/Intermediates.noindex/cmark-gfm.build/Debug-iphonesimulator/cmark-gfm-extensions.build/Objects-normal/arm64/7187679823f38a2a940e0043cdf9d637-common-args.resp -MMD -MT dependencies -MF /Users/runner/work/orbit/orbit/.ewc-probe/.dd-ios/Build/Intermediates.noindex/cmark-gfm.build/Debug-iphonesimulator/cmark-gfm-extensions.build/Objects-normal/arm64/table.d --serialize-diagnostics /Users/runner/work/orbit/orbit/.ewc-probe/.dd-ios/Build/Intermediates.noindex/cmark-gfm.build/Debug-iphonesimulator/cmark-gfm-extensions.build/Objects-normal/arm64/table.dia -c /Users/runner/work/orbit/orbit/.ewc-probe/.dd-ios/SourcePackages/checkouts/swift-cmark/extensions/table.c -o /Users/runner/work/orbit/orbit/.ewc-probe/.dd-ios/Build/Intermediates.noindex/cmark-gfm.build/Debug-iphonesimulator/cmark-gfm-extensions.build/Objects-normal/arm64/table.o -index-unit-output-path /cmark-gfm.build/Debug-iphonesimulator/cmark-gfm-extensions.build/Objects-normal/arm64/table.o

ScanDependencies /Users/runner/work/orbit/orbit/.ewc-probe/.dd-ios/Build/Intermediates.noindex/cmark-gfm.build/Debug-iphonesimulator/cmark-gfm-extensions.build/Objects-normal/arm64/strikethrough.o /Users/runner/work/orbit/orbit/.ewc-probe/.dd-ios/SourcePackages/checkouts/swift-cmark/extensions/strikethrough.c normal arm64 c com.apple.compilers.llvm.clang.1_0.compiler (in target 'cmark-gfm-extensions' from project 'cmark-gfm')
    cd /Users/runner/work/orbit/orbit/.ewc-probe/EwcProbe.xcodeproj
    
    Using response file: /Users/runner/work/orbit/orbit/.ewc-probe/.dd-ios/Build/Intermediates.noindex/cmark-gfm.build/Debug-iphonesimulator/cmark-gfm-extensions.build/Objects-normal/arm64/7187679823f38a2a940e0043cdf9d637-common-args.resp
    
    builtin-ScanDependencies -o /Users/runner/work/orbit/orbit/.ewc-probe/.dd-ios/Build/Intermediates.noindex/cmark-gfm.build/Debug-iphonesimulator/cmark-gfm-extensions.build/Objects-normal/arm64/strikethrough.o.scan -- /Applications/Xcode_26.6.app/Contents/Developer/Toolchains/XcodeDefault.xctoolchain/usr/bin/clang -x c -ivfsstatcache /Users/runner/work/orbit/orbit/.ewc-probe/.dd-ios/SDKStatCaches.noindex/iphonesimulator26.5-23F81a-688ef53f1462e2c8f657fdc38a81448ff45c64a1807a658693f2a61704f17a36.sdkstatcache -target arm64-apple-ios12.0-simulator -fmessage-length\=0 -fdiagnostics-show-note-include-stack -fmacro-backtrace-limit\=0 -fno-color-diagnostics -fmodules-prune-interval\=86400 -fmodules-prune-after\=345600 -fbuild-session-file\=/Users/runner/work/orbit/orbit/.ewc-probe/.dd-ios/ModuleCache.noindex/Session.modulevalidation -fmodules-validate-once-per-build-session -Wnon-modular-include-in-framework-module -Werror\=non-modular-include-in-framework-module -Wno-trigraphs -Wno-missing-field-initializers -Wno-missing-prototypes -Wno-return-type -Wno-missing-braces -Wparentheses -Wswitch -Wno-unused-function -Wno-unused-label -Wno-unused-parameter -Wno-unused-variable -Wunused-value -Wno-empty-body -Wno-uninitialized -Wno-unknown-pragmas -w -Wno-shadow -Wno-four-char-constants -Wno-conversion -Wno-constant-conversion -Wno-int-conversion -Wno-bool-conversion -Wno-enum-conversion -Wno-float-conversion -Wno-non-literal-null-conversion -Wno-objc-literal-conversion -Wshorten-64-to-32 -Wpointer-sign -Wno-newline-eof -Wno-implicit-fallthrough -isysroot /Applications/Xcode_26.6.app/Contents/Developer/Platforms/iPhoneSimulator.platform/Developer/SDKs/iPhoneSimulator26.5.sdk -fstrict-aliasing -Wdeprecated-declarations -Wno-sign-conversion -Wno-infinite-recursion -Wno-comma -Wno-block-capture-autoreleasing -Wno-strict-prototypes -Wno-semicolon-before-method-body -index-store-path /Users/runner/work/orbit/orbit/.ewc-probe/.dd-ios/Index.noindex/DataStore @/Users/runner/work/orbit/orbit/.ewc-probe/.dd-ios/Build/Intermediates.noindex/cmark-gfm.build/Debug-iphonesimulator/cmark-gfm-extensions.build/Objects-normal/arm64/7187679823f38a2a940e0043cdf9d637-common-args.resp -MMD -MT dependencies -MF /Users/runner/work/orbit/orbit/.ewc-probe/.dd-ios/Build/Intermediates.noindex/cmark-gfm.build/Debug-iphonesimulator/cmark-gfm-extensions.build/Objects-normal/arm64/strikethrough.d --serialize-diagnostics /Users/runner/work/orbit/orbit/.ewc-probe/.dd-ios/Build/Intermediates.noindex/cmark-gfm.build/Debug-iphonesimulator/cmark-gfm-extensions.build/Objects-normal/arm64/strikethrough.dia -c /Users/runner/work/orbit/orbit/.ewc-probe/.dd-ios/SourcePackages/checkouts/swift-cmark/extensions/strikethrough.c -o /Users/runner/work/orbit/orbit/.ewc-probe/.dd-ios/Build/Intermediates.noindex/cmark-gfm.build/Debug-iphonesimulator/cmark-gfm-extensions.build/Objects-normal/arm64/strikethrough.o -index-unit-output-path /cmark-gfm.build/Debug-iphonesimulator/cmark-gfm-extensions.build/Objects-normal/arm64/strikethrough.o

PrecompileModule /Users/runner/work/orbit/orbit/.ewc-probe/.dd-ios/Build/Intermediates.noindex/ExplicitPrecompiledModules/_AvailabilityInternal-89B25DNH7IK8IHR83P7W4J6XO.scan
    cd /
    builtin-precompileModule /Users/runner/work/orbit/orbit/.ewc-probe/.dd-ios/Build/Intermediates.noindex/ExplicitPrecompiledModules/_AvailabilityInternal-89B25DNH7IK8IHR83P7W4J6XO.scan

PrecompileModule /Users/runner/work/orbit/orbit/.ewc-probe/.dd-ios/Build/Intermediates.noindex/ExplicitPrecompiledModules/ptrcheck-F4PZGGNJ02LH3RECM1M5CZ02P.scan
    cd /
    builtin-precompileModule /Users/runner/work/orbit/orbit/.ewc-probe/.dd-ios/Build/Intermediates.noindex/ExplicitPrecompiledModules/ptrcheck-F4PZGGNJ02LH3RECM1M5CZ02P.scan

PrecompileModule /Users/runner/work/orbit/orbit/.ewc-probe/.dd-ios/Build/Intermediates.noindex/ExplicitPrecompiledModules/_Builtin_stdbool-EK1WY0N2VW0TQ8VUJMVL05LUN.scan
    cd /
    builtin-precompileModule /Users/runner/work/orbit/orbit/.ewc-probe/.dd-ios/Build/Intermediates.noindex/ExplicitPrecompiledModules/_Builtin_stdbool-EK1WY0N2VW0TQ8VUJMVL05LUN.scan

PrecompileModule /Users/runner/work/orbit/orbit/.ewc-probe/.dd-ios/Build/Intermediates.noindex/ExplicitPrecompiledModules/_Builtin_stddef-90NT93AVVZCV6TJ11RI475VVQ.scan
    cd /
    builtin-precompileModule /Users/runner/work/orbit/orbit/.ewc-probe/.dd-ios/Build/Intermediates.noindex/ExplicitPrecompiledModules/_Builtin_stddef-90NT93AVVZCV6TJ11RI475VVQ.scan

PrecompileModule /Users/runner/work/orbit/orbit/.ewc-probe/.dd-ios/Build/Intermediates.noindex/ExplicitPrecompiledModules/_DarwinFoundation1-2MUHL8QET10NBG3L7UV294WQE.scan
    cd /
    builtin-precompileModule /Users/runner/work/orbit/orbit/.ewc-probe/.dd-ios/Build/Intermediates.noindex/ExplicitPrecompiledModules/_DarwinFoundation1-2MUHL8QET10NBG3L7UV294WQE.scan

PrecompileModule /Users/runner/work/orbit/orbit/.ewc-probe/.dd-ios/Build/Intermediates.noindex/ExplicitPrecompiledModules/_Builtin_stdarg-DT9SQTCT5O9D6K93SPTRNQ8XY.scan
    cd /
    builtin-precompileModule /Users/runner/work/orbit/orbit/.ewc-probe/.dd-ios/Build/Intermediates.noindex/ExplicitPrecompiledModules/_Builtin_stdarg-DT9SQTCT5O9D6K93SPTRNQ8XY.scan

ScanDependencies /Users/runner/work/orbit/orbit/.ewc-probe/.dd-ios/Build/Intermediates.noindex/cmark-gfm.build/Debug-iphonesimulator/cmark-gfm-extensions.build/Objects-normal/arm64/ext_scanners.o /Users/runner/work/orbit/orbit/.ewc-probe/.dd-ios/SourcePackages/checkouts/swift-cmark/extensions/ext_scanners.c normal arm64 c com.apple.compilers.llvm.clang.1_0.compiler (in target 'cmark-gfm-extensions' from project 'cmark-gfm')
    cd /Users/runner/work/orbit/orbit/.ewc-probe/EwcProbe.xcodeproj
    
    Using response file: /Users/runner/work/orbit/orbit/.ewc-probe/.dd-ios/Build/Intermediates.noindex/cmark-gfm.build/Debug-iphonesimulator/cmark-gfm-extensions.build/Objects-normal/arm64/7187679823f38a2a940e0043cdf9d637-common-args.resp
    
    builtin-ScanDependencies -o /Users/runner/work/orbit/orbit/.ewc-probe/.dd-ios/Build/Intermediates.noindex/cmark-gfm.build/Debug-iphonesimulator/cmark-gfm-extensions.build/Objects-normal/arm64/ext_scanners.o.scan -- /Applications/Xcode_26.6.app/Contents/Developer/Toolchains/XcodeDefault.xctoolchain/usr/bin/clang -x c -ivfsstatcache /Users/runner/work/orbit/orbit/.ewc-probe/.dd-ios/SDKStatCaches.noindex/iphonesimulator26.5-23F81a-688ef53f1462e2c8f657fdc38a81448ff45c64a1807a658693f2a61704f17a36.sdkstatcache -target arm64-apple-ios12.0-simulator -fmessage-length\=0 -fdiagnostics-show-note-include-stack -fmacro-backtrace-limit\=0 -fno-color-diagnostics -fmodules-prune-interval\=86400 -fmodules-prune-after\=345600 -fbuild-session-file\=/Users/runner/work/orbit/orbit/.ewc-probe/.dd-ios/ModuleCache.noindex/Session.modulevalidation -fmodules-validate-once-per-build-session -Wnon-modular-include-in-framework-module -Werror\=non-modular-include-in-framework-module -Wno-trigraphs -Wno-missing-field-initializers -Wno-missing-prototypes -Wno-return-type -Wno-missing-braces -Wparentheses -Wswitch -Wno-unused-function -Wno-unused-label -Wno-unused-parameter -Wno-unused-variable -Wunused-value -Wno-empty-body -Wno-uninitialized -Wno-unknown-pragmas -w -Wno-shadow -Wno-four-char-constants -Wno-conversion -Wno-constant-conversion -Wno-int-conversion -Wno-bool-conversion -Wno-enum-conversion -Wno-float-conversion -Wno-non-literal-null-conversion -Wno-objc-literal-conversion -Wshorten-64-to-32 -Wpointer-sign -Wno-newline-eof -Wno-implicit-fallthrough -isysroot /Applications/Xcode_26.6.app/Contents/Developer/Platforms/iPhoneSimulator.platform/Developer/SDKs/iPhoneSimulator26.5.sdk -fstrict-aliasing -Wdeprecated-declarations -Wno-sign-conversion -Wno-infinite-recursion -Wno-comma -Wno-block-capture-autoreleasing -Wno-strict-prototypes -Wno-semicolon-before-method-body -index-store-path /Users/runner/work/orbit/orbit/.ewc-probe/.dd-ios/Index.noindex/DataStore @/Users/runner/work/orbit/orbit/.ewc-probe/.dd-ios/Build/Intermediates.noindex/cmark-gfm.build/Debug-iphonesimulator/cmark-gfm-extensions.build/Objects-normal/arm64/7187679823f38a2a940e0043cdf9d637-common-args.resp -MMD -MT dependencies -MF /Users/runner/work/orbit/orbit/.ewc-probe/.dd-ios/Build/Intermediates.noindex/cmark-gfm.build/Debug-iphonesimulator/cmark-gfm-extensions.build/Objects-normal/arm64/ext_scanners.d --serialize-diagnostics /Users/runner/work/orbit/orbit/.ewc-probe/.dd-ios/Build/Intermediates.noindex/cmark-gfm.build/Debug-iphonesimulator/cmark-gfm-extensions.build/Objects-normal/arm64/ext_scanners.dia -c /Users/runner/work/orbit/orbit/.ewc-probe/.dd-ios/SourcePackages/checkouts/swift-cmark/extensions/ext_scanners.c -o /Users/runner/work/orbit/orbit/.ewc-probe/.dd-ios/Build/Intermediates.noindex/cmark-gfm.build/Debug-iphonesimulator/cmark-gfm-extensions.build/Objects-normal/arm64/ext_scanners.o -index-unit-output-path /cmark-gfm.build/Debug-iphonesimulator/cmark-gfm-extensions.build/Objects-normal/arm64/ext_scanners.o

ScanDependencies /Users/runner/work/orbit/orbit/.ewc-probe/.dd-ios/Build/Intermediates.noindex/cmark-gfm.build/Debug-iphonesimulator/cmark-gfm-extensions.build/Objects-normal/arm64/core-extensions.o /Users/runner/work/orbit/orbit/.ewc-probe/.dd-ios/SourcePackages/checkouts/swift-cmark/extensions/core-extensions.c normal arm64 c com.apple.compilers.llvm.clang.1_0.compiler (in target 'cmark-gfm-extensions' from project 'cmark-gfm')
    cd /Users/runner/work/orbit/orbit/.ewc-probe/EwcProbe.xcodeproj
    
    Using response file: /Users/runner/work/orbit/orbit/.ewc-probe/.dd-ios/Build/Intermediates.noindex/cmark-gfm.build/Debug-iphonesimulator/cmark-gfm-extensions.build/Objects-normal/arm64/7187679823f38a2a940e0043cdf9d637-common-args.resp
    
    builtin-ScanDependencies -o /Users/runner/work/orbit/orbit/.ewc-probe/.dd-ios/Build/Intermediates.noindex/cmark-gfm.build/Debug-iphonesimulator/cmark-gfm-extensions.build/Objects-normal/arm64/core-extensions.o.scan -- /Applications/Xcode_26.6.app/Contents/Developer/Toolchains/XcodeDefault.xctoolchain/usr/bin/clang -x c -ivfsstatcache /Users/runner/work/orbit/orbit/.ewc-probe/.dd-ios/SDKStatCaches.noindex/iphonesimulator26.5-23F81a-688ef53f1462e2c8f657fdc38a81448ff45c64a1807a658693f2a61704f17a36.sdkstatcache -target arm64-apple-ios12.0-simulator -fmessage-length\=0 -fdiagnostics-show-note-include-stack -fmacro-backtrace-limit\=0 -fno-color-diagnostics -fmodules-prune-interval\=86400 -fmodules-prune-after\=345600 -fbuild-session-file\=/Users/runner/work/orbit/orbit/.ewc-probe/.dd-ios/ModuleCache.noindex/Session.modulevalidation -fmodules-validate-once-per-build-session -Wnon-modular-include-in-framework-module -Werror\=non-modular-include-in-framework-module -Wno-trigraphs -Wno-missing-field-initializers -Wno-missing-prototypes -Wno-return-type -Wno-missing-braces -Wparentheses -Wswitch -Wno-unused-function -Wno-unused-label -Wno-unused-parameter -Wno-unused-variable -Wunused-value -Wno-empty-body -Wno-uninitialized -Wno-unknown-pragmas -w -Wno-shadow -Wno-four-char-constants -Wno-conversion -Wno-constant-conversion -Wno-int-conversion -Wno-bool-conversion -Wno-enum-conversion -Wno-float-conversion -Wno-non-literal-null-conversion -Wno-objc-literal-conversion -Wshorten-64-to-32 -Wpointer-sign -Wno-newline-eof -Wno-implicit-fallthrough -isysroot /Applications/Xcode_26.6.app/Contents/Developer/Platforms/iPhoneSimulator.platform/Developer/SDKs/iPhoneSimulator26.5.sdk -fstrict-aliasing -Wdeprecated-declarations -Wno-sign-conversion -Wno-infinite-recursion -Wno-comma -Wno-block-capture-autoreleasing -Wno-strict-prototypes -Wno-semicolon-before-method-body -index-store-path /Users/runner/work/orbit/orbit/.ewc-probe/.dd-ios/Index.noindex/DataStore @/Users/runner/work/orbit/orbit/.ewc-probe/.dd-ios/Build/Intermediates.noindex/cmark-gfm.build/Debug-iphonesimulator/cmark-gfm-extensions.build/Objects-normal/arm64/7187679823f38a2a940e0043cdf9d637-common-args.resp -MMD -MT dependencies -MF /Users/runner/work/orbit/orbit/.ewc-probe/.dd-ios/Build/Intermediates.noindex/cmark-gfm.build/Debug-iphonesimulator/cmark-gfm-extensions.build/Objects-normal/arm64/core-extensions.d --serialize-diagnostics /Users/runner/work/orbit/orbit/.ewc-probe/.dd-ios/Build/Intermediates.noindex/cmark-gfm.build/Debug-iphonesimulator/cmark-gfm-extensions.build/Objects-normal/arm64/core-extensions.dia -c /Users/runner/work/orbit/orbit/.ewc-probe/.dd-ios/SourcePackages/checkouts/swift-cmark/extensions/core-extensions.c -o /Users/runner/work/orbit/orbit/.ewc-probe/.dd-ios/Build/Intermediates.noindex/cmark-gfm.build/Debug-iphonesimulator/cmark-gfm-extensions.build/Objects-normal/arm64/core-extensions.o -index-unit-output-path /cmark-gfm.build/Debug-iphonesimulator/cmark-gfm-extensions.build/Objects-normal/arm64/core-extensions.o

ScanDependencies /Users/runner/work/orbit/orbit/.ewc-probe/.dd-ios/Build/Intermediates.noindex/cmark-gfm.build/Debug-iphonesimulator/cmark-gfm-extensions.build/Objects-normal/arm64/autolink.o /Users/runner/work/orbit/orbit/.ewc-probe/.dd-ios/SourcePackages/checkouts/swift-cmark/extensions/autolink.c normal arm64 c com.apple.compilers.llvm.clang.1_0.compiler (in target 'cmark-gfm-extensions' from project 'cmark-gfm')
    cd /Users/runner/work/orbit/orbit/.ewc-probe/EwcProbe.xcodeproj
    
    Using response file: /Users/runner/work/orbit/orbit/.ewc-probe/.dd-ios/Build/Intermediates.noindex/cmark-gfm.build/Debug-iphonesimulator/cmark-gfm-extensions.build/Objects-normal/arm64/7187679823f38a2a940e0043cdf9d637-common-args.resp
    
    builtin-ScanDependencies -o /Users/runner/work/orbit/orbit/.ewc-probe/.dd-ios/Build/Intermediates.noindex/cmark-gfm.build/Debug-iphonesimulator/cmark-gfm-extensions.build/Objects-normal/arm64/autolink.o.scan -- /Applications/Xcode_26.6.app/Contents/Developer/Toolchains/XcodeDefault.xctoolchain/usr/bin/clang -x c -ivfsstatcache /Users/runner/work/orbit/orbit/.ewc-probe/.dd-ios/SDKStatCaches.noindex/iphonesimulator26.5-23F81a-688ef53f1462e2c8f657fdc38a81448ff45c64a1807a658693f2a61704f17a36.sdkstatcache -target arm64-apple-ios12.0-simulator -fmessage-length\=0 -fdiagnostics-show-note-include-stack -fmacro-backtrace-limit\=0 -fno-color-diagnostics -fmodules-prune-interval\=86400 -fmodules-prune-after\=345600 -fbuild-session-file\=/Users/runner/work/orbit/orbit/.ewc-probe/.dd-ios/ModuleCache.noindex/Session.modulevalidation -fmodules-validate-once-per-build-session -Wnon-modular-include-in-framework-module -Werror\=non-modular-include-in-framework-module -Wno-trigraphs -Wno-missing-field-initializers -Wno-missing-prototypes -Wno-return-type -Wno-missing-braces -Wparentheses -Wswitch -Wno-unused-function -Wno-unused-label -Wno-unused-parameter -Wno-unused-variable -Wunused-value -Wno-empty-body -Wno-uninitialized -Wno-unknown-pragmas -w -Wno-shadow -Wno-four-char-constants -Wno-conversion -Wno-constant-conversion -Wno-int-conversion -Wno-bool-conversion -Wno-enum-conversion -Wno-float-conversion -Wno-non-literal-null-conversion -Wno-objc-literal-conversion -Wshorten-64-to-32 -Wpointer-sign -Wno-newline-eof -Wno-implicit-fallthrough -isysroot /Applications/Xcode_26.6.app/Contents/Developer/Platforms/iPhoneSimulator.platform/Developer/SDKs/iPhoneSimulator26.5.sdk -fstrict-aliasing -Wdeprecated-declarations -Wno-sign-conversion -Wno-infinite-recursion -Wno-comma -Wno-block-capture-autoreleasing -Wno-strict-prototypes -Wno-semicolon-before-method-body -index-store-path /Users/runner/work/orbit/orbit/.ewc-probe/.dd-ios/Index.noindex/DataStore @/Users/runner/work/orbit/orbit/.ewc-probe/.dd-ios/Build/Intermediates.noindex/cmark-gfm.build/Debug-iphonesimulator/cmark-gfm-extensions.build/Objects-normal/arm64/7187679823f38a2a940e0043cdf9d637-common-args.resp -MMD -MT dependencies -MF /Users/runner/work/orbit/orbit/.ewc-probe/.dd-ios/Build/Intermediates.noindex/cmark-gfm.build/Debug-iphonesimulator/cmark-gfm-extensions.build/Objects-normal/arm64/autolink.d --serialize-diagnostics /Users/runner/work/orbit/orbit/.ewc-probe/.dd-ios/Build/Intermediates.noindex/cmark-gfm.build/Debug-iphonesimulator/cmark-gfm-extensions.build/Objects-normal/arm64/autolink.dia -c /Users/runner/work/orbit/orbit/.ewc-probe/.dd-ios/SourcePackages/checkouts/swift-cmark/extensions/autolink.c -o /Users/runner/work/orbit/orbit/.ewc-probe/.dd-ios/Build/Intermediates.noindex/cmark-gfm.build/Debug-iphonesimulator/cmark-gfm-extensions.build/Objects-normal/arm64/autolink.o -index-unit-output-path /cmark-gfm.build/Debug-iphonesimulator/cmark-gfm-extensions.build/Objects-normal/arm64/autolink.o

ScanDependencies /Users/runner/work/orbit/orbit/.ewc-probe/.dd-ios/Build/Intermediates.noindex/cmark-gfm.build/Debug-iphonesimulator/cmark-gfm.build/Objects-normal/arm64/xml.o /Users/runner/work/orbit/orbit/.ewc-probe/.dd-ios/SourcePackages/checkouts/swift-cmark/src/xml.c normal arm64 c com.apple.compilers.llvm.clang.1_0.compiler (in target 'cmark-gfm' from project 'cmark-gfm')
    cd /Users/runner/work/orbit/orbit/.ewc-probe/EwcProbe.xcodeproj
    
    Using response file: /Users/runner/work/orbit/orbit/.ewc-probe/.dd-ios/Build/Intermediates.noindex/cmark-gfm.build/Debug-iphonesimulator/cmark-gfm.build/Objects-normal/arm64/7187679823f38a2a940e0043cdf9d637-common-args.resp
    
    builtin-ScanDependencies -o /Users/runner/work/orbit/orbit/.ewc-probe/.dd-ios/Build/Intermediates.noindex/cmark-gfm.build/Debug-iphonesimulator/cmark-gfm.build/Objects-normal/arm64/xml.o.scan -- /Applications/Xcode_26.6.app/Contents/Developer/Toolchains/XcodeDefault.xctoolchain/usr/bin/clang -x c -ivfsstatcache /Users/runner/work/orbit/orbit/.ewc-probe/.dd-ios/SDKStatCaches.noindex/iphonesimulator26.5-23F81a-688ef53f1462e2c8f657fdc38a81448ff45c64a1807a658693f2a61704f17a36.sdkstatcache -target arm64-apple-ios12.0-simulator -fmessage-length\=0 -fdiagnostics-show-note-include-stack -fmacro-backtrace-limit\=0 -fno-color-diagnostics -fmodules-prune-interval\=86400 -fmodules-prune-after\=345600 -fbuild-session-file\=/Users/runner/work/orbit/orbit/.ewc-probe/.dd-ios/ModuleCache.noindex/Session.modulevalidation -fmodules-validate-once-per-build-session -Wnon-modular-include-in-framework-module -Werror\=non-modular-include-in-framework-module -Wno-trigraphs -Wno-missing-field-initializers -Wno-missing-prototypes -Wno-return-type -Wno-missing-braces -Wparentheses -Wswitch -Wno-unused-function -Wno-unused-label -Wno-unused-parameter -Wno-unused-variable -Wunused-value -Wno-empty-body -Wno-uninitialized -Wno-unknown-pragmas -w -Wno-shadow -Wno-four-char-constants -Wno-conversion -Wno-constant-conversion -Wno-int-conversion -Wno-bool-conversion -Wno-enum-conversion -Wno-float-conversion -Wno-non-literal-null-conversion -Wno-objc-literal-conversion -Wshorten-64-to-32 -Wpointer-sign -Wno-newline-eof -Wno-implicit-fallthrough -isysroot /Applications/Xcode_26.6.app/Contents/Developer/Platforms/iPhoneSimulator.platform/Developer/SDKs/iPhoneSimulator26.5.sdk -fstrict-aliasing -Wdeprecated-declarations -Wno-sign-conversion -Wno-infinite-recursion -Wno-comma -Wno-block-capture-autoreleasing -Wno-strict-prototypes -Wno-semicolon-before-method-body -index-store-path /Users/runner/work/orbit/orbit/.ewc-probe/.dd-ios/Index.noindex/DataStore @/Users/runner/work/orbit/orbit/.ewc-probe/.dd-ios/Build/Intermediates.noindex/cmark-gfm.build/Debug-iphonesimulator/cmark-gfm.build/Objects-normal/arm64/7187679823f38a2a940e0043cdf9d637-common-args.resp -MMD -MT dependencies -MF /Users/runner/work/orbit/orbit/.ewc-probe/.dd-ios/Build/Intermediates.noindex/cmark-gfm.build/Debug-iphonesimulator/cmark-gfm.build/Objects-normal/arm64/xml.d --serialize-diagnostics /Users/runner/work/orbit/orbit/.ewc-probe/.dd-ios/Build/Intermediates.noindex/cmark-gfm.build/Debug-iphonesimulator/cmark-gfm.build/Objects-normal/arm64/xml.dia -c /Users/runner/work/orbit/orbit/.ewc-probe/.dd-ios/SourcePackages/checkouts/swift-cmark/src/xml.c -o /Users/runner/work/orbit/orbit/.ewc-probe/.dd-ios/Build/Intermediates.noindex/cmark-gfm.build/Debug-iphonesimulator/cmark-gfm.build/Objects-normal/arm64/xml.o -index-unit-output-path /cmark-gfm.build/Debug-iphonesimulator/cmark-gfm.build/Objects-normal/arm64/xml.o

PrecompileModule /Users/runner/work/orbit/orbit/.ewc-probe/.dd-ios/Build/Intermediates.noindex/ExplicitPrecompiledModules/_Builtin_limits-B8Z373A2ALGI0QUV0QSQQORRW.scan
    cd /
    builtin-precompileModule /Users/runner/work/orbit/orbit/.ewc-probe/.dd-ios/Build/Intermediates.noindex/ExplicitPrecompiledModules/_Builtin_limits-B8Z373A2ALGI0QUV0QSQQORRW.scan

PrecompileModule /Users/runner/work/orbit/orbit/.ewc-probe/.dd-ios/Build/Intermediates.noindex/ExplicitPrecompiledModules/_DarwinFoundation2-4OO7VVC4DHT8IPRWT2M95PNY8.scan
    cd /
    builtin-precompileModule /Users/runner/work/orbit/orbit/.ewc-probe/.dd-ios/Build/Intermediates.noindex/ExplicitPrecompiledModules/_DarwinFoundation2-4OO7VVC4DHT8IPRWT2M95PNY8.scan

ScanDependencies /Users/runner/work/orbit/orbit/.ewc-probe/.dd-ios/Build/Intermediates.noindex/cmark-gfm.build/Debug-iphonesimulator/cmark-gfm.build/Objects-normal/arm64/utf8.o /Users/runner/work/orbit/orbit/.ewc-probe/.dd-ios/SourcePackages/checkouts/swift-cmark/src/utf8.c normal arm64 c com.apple.compilers.llvm.clang.1_0.compiler (in target 'cmark-gfm' from project 'cmark-gfm')
    cd /Users/runner/work/orbit/orbit/.ewc-probe/EwcProbe.xcodeproj
    
    Using response file: /Users/runner/work/orbit/orbit/.ewc-probe/.dd-ios/Build/Intermediates.noindex/cmark-gfm.build/Debug-iphonesimulator/cmark-gfm.build/Objects-normal/arm64/7187679823f38a2a940e0043cdf9d637-common-args.resp
    
    builtin-ScanDependencies -o /Users/runner/work/orbit/orbit/.ewc-probe/.dd-ios/Build/Intermediates.noindex/cmark-gfm.build/Debug-iphonesimulator/cmark-gfm.build/Objects-normal/arm64/utf8.o.scan -- /Applications/Xcode_26.6.app/Contents/Developer/Toolchains/XcodeDefault.xctoolchain/usr/bin/clang -x c -ivfsstatcache /Users/runner/work/orbit/orbit/.ewc-probe/.dd-ios/SDKStatCaches.noindex/iphonesimulator26.5-23F81a-688ef53f1462e2c8f657fdc38a81448ff45c64a1807a658693f2a61704f17a36.sdkstatcache -target arm64-apple-ios12.0-simulator -fmessage-length\=0 -fdiagnostics-show-note-include-stack -fmacro-backtrace-limit\=0 -fno-color-diagnostics -fmodules-prune-interval\=86400 -fmodules-prune-after\=345600 -fbuild-session-file\=/Users/runner/work/orbit/orbit/.ewc-probe/.dd-ios/ModuleCache.noindex/Session.modulevalidation -fmodules-validate-once-per-build-session -Wnon-modular-include-in-framework-module -Werror\=non-modular-include-in-framework-module -Wno-trigraphs -Wno-missing-field-initializers -Wno-missing-prototypes -Wno-return-type -Wno-missing-braces -Wparentheses -Wswitch -Wno-unused-function -Wno-unused-label -Wno-unused-parameter -Wno-unused-variable -Wunused-value -Wno-empty-body -Wno-uninitialized -Wno-unknown-pragmas -w -Wno-shadow -Wno-four-char-constants -Wno-conversion -Wno-constant-conversion -Wno-int-conversion -Wno-bool-conversion -Wno-enum-conversion -Wno-float-conversion -Wno-non-literal-null-conversion -Wno-objc-literal-conversion -Wshorten-64-to-32 -Wpointer-sign -Wno-newline-eof -Wno-implicit-fallthrough -isysroot /Applications/Xcode_26.6.app/Contents/Developer/Platforms/iPhoneSimulator.platform/Developer/SDKs/iPhoneSimulator26.5.sdk -fstrict-aliasing -Wdeprecated-declarations -Wno-sign-conversion -Wno-infinite-recursion -Wno-comma -Wno-block-capture-autoreleasing -Wno-strict-prototypes -Wno-semicolon-before-method-body -index-store-path /Users/runner/work/orbit/orbit/.ewc-probe/.dd-ios/Index.noindex/DataStore @/Users/runner/work/orbit/orbit/.ewc-probe/.dd-ios/Build/Intermediates.noindex/cmark-gfm.build/Debug-iphonesimulator/cmark-gfm.build/Objects-normal/arm64/7187679823f38a2a940e0043cdf9d637-common-args.resp -MMD -MT dependencies -MF /Users/runner/work/orbit/orbit/.ewc-probe/.dd-ios/Build/Intermediates.noindex/cmark-gfm.build/Debug-iphonesimulator/cmark-gfm.build/Objects-normal/arm64/utf8.d --serialize-diagnostics /Users/runner/work/orbit/orbit/.ewc-probe/.dd-ios/Build/Intermediates.noindex/cmark-gfm.build/Debug-iphonesimulator/cmark-gfm.build/Objects-normal/arm64/utf8.dia -c /Users/runner/work/orbit/orbit/.ewc-probe/.dd-ios/SourcePackages/checkouts/swift-cmark/src/utf8.c -o /Users/runner/work/orbit/orbit/.ewc-probe/.dd-ios/Build/Intermediates.noindex/cmark-gfm.build/Debug-iphonesimulator/cmark-gfm.build/Objects-normal/arm64/utf8.o -index-unit-output-path /cmark-gfm.build/Debug-iphonesimulator/cmark-gfm.build/Objects-normal/arm64/utf8.o

ScanDependencies /Users/runner/work/orbit/orbit/.ewc-probe/.dd-ios/Build/Intermediates.noindex/cmark-gfm.build/Debug-iphonesimulator/cmark-gfm.build/Objects-normal/arm64/syntax_extension.o /Users/runner/work/orbit/orbit/.ewc-probe/.dd-ios/SourcePackages/checkouts/swift-cmark/src/syntax_extension.c normal arm64 c com.apple.compilers.llvm.clang.1_0.compiler (in target 'cmark-gfm' from project 'cmark-gfm')
    cd /Users/runner/work/orbit/orbit/.ewc-probe/EwcProbe.xcodeproj
    
    Using response file: /Users/runner/work/orbit/orbit/.ewc-probe/.dd-ios/Build/Intermediates.noindex/cmark-gfm.build/Debug-iphonesimulator/cmark-gfm.build/Objects-normal/arm64/7187679823f38a2a940e0043cdf9d637-common-args.resp
    
    builtin-ScanDependencies -o /Users/runner/work/orbit/orbit/.ewc-probe/.dd-ios/Build/Intermediates.noindex/cmark-gfm.build/Debug-iphonesimulator/cmark-gfm.build/Objects-normal/arm64/syntax_extension.o.scan -- /Applications/Xcode_26.6.app/Contents/Developer/Toolchains/XcodeDefault.xctoolchain/usr/bin/clang -x c -ivfsstatcache /Users/runner/work/orbit/orbit/.ewc-probe/.dd-ios/SDKStatCaches.noindex/iphonesimulator26.5-23F81a-688ef53f1462e2c8f657fdc38a81448ff45c64a1807a658693f2a61704f17a36.sdkstatcache -target arm64-apple-ios12.0-simulator -fmessage-length\=0 -fdiagnostics-show-note-include-stack -fmacro-backtrace-limit\=0 -fno-color-diagnostics -fmodules-prune-interval\=86400 -fmodules-prune-after\=345600 -fbuild-session-file\=/Users/runner/work/orbit/orbit/.ewc-probe/.dd-ios/ModuleCache.noindex/Session.modulevalidation -fmodules-validate-once-per-build-session -Wnon-modular-include-in-framework-module -Werror\=non-modular-include-in-framework-module -Wno-trigraphs -Wno-missing-field-initializers -Wno-missing-prototypes -Wno-return-type -Wno-missing-braces -Wparentheses -Wswitch -Wno-unused-function -Wno-unused-label -Wno-unused-parameter -Wno-unused-variable -Wunused-value -Wno-empty-body -Wno-uninitialized -Wno-unknown-pragmas -w -Wno-shadow -Wno-four-char-constants -Wno-conversion -Wno-constant-conversion -Wno-int-conversion -Wno-bool-conversion -Wno-enum-conversion -Wno-float-conversion -Wno-non-literal-null-conversion -Wno-objc-literal-conversion -Wshorten-64-to-32 -Wpointer-sign -Wno-newline-eof -Wno-implicit-fallthrough -isysroot /Applications/Xcode_26.6.app/Contents/Developer/Platforms/iPhoneSimulator.platform/Developer/SDKs/iPhoneSimulator26.5.sdk -fstrict-aliasing -Wdeprecated-declarations -Wno-sign-conversion -Wno-infinite-recursion -Wno-comma -Wno-block-capture-autoreleasing -Wno-strict-prototypes -Wno-semicolon-before-method-body -index-store-path /Users/runner/work/orbit/orbit/.ewc-probe/.dd-ios/Index.noindex/DataStore @/Users/runner/work/orbit/orbit/.ewc-probe/.dd-ios/Build/Intermediates.noindex/cmark-gfm.build/Debug-iphonesimulator/cmark-gfm.build/Objects-normal/arm64/7187679823f38a2a940e0043cdf9d637-common-args.resp -MMD -MT dependencies -MF /Users/runner/work/orbit/orbit/.ewc-probe/.dd-ios/Build/Intermediates.noindex/cmark-gfm.build/Debug-iphonesimulator/cmark-gfm.build/Objects-normal/arm64/syntax_extension.d --serialize-diagnostics /Users/runner/work/orbit/orbit/.ewc-probe/.dd-ios/Build/Intermediates.noindex/cmark-gfm.build/Debug-iphonesimulator/cmark-gfm.build/Objects-normal/arm64/syntax_extension.dia -c /Users/runner/work/orbit/orbit/.ewc-probe/.dd-ios/SourcePackages/checkouts/swift-cmark/src/syntax_extension.c -o /Users/runner/work/orbit/orbit/.ewc-probe/.dd-ios/Build/Intermediates.noindex/cmark-gfm.build/Debug-iphonesimulator/cmark-gfm.build/Objects-normal/arm64/syntax_extension.o -index-unit-output-path /cmark-gfm.build/Debug-iphonesimulator/cmark-gfm.build/Objects-normal/arm64/syntax_extension.o

ScanDependencies /Users/runner/work/orbit/orbit/.ewc-probe/.dd-ios/Build/Intermediates.noindex/cmark-gfm.build/Debug-iphonesimulator/cmark-gfm.build/Objects-normal/arm64/scanners.o /Users/runner/work/orbit/orbit/.ewc-probe/.dd-ios/SourcePackages/checkouts/swift-cmark/src/scanners.c normal arm64 c com.apple.compilers.llvm.clang.1_0.compiler (in target 'cmark-gfm' from project 'cmark-gfm')
    cd /Users/runner/work/orbit/orbit/.ewc-probe/EwcProbe.xcodeproj
    
    Using response file: /Users/runner/work/orbit/orbit/.ewc-probe/.dd-ios/Build/Intermediates.noindex/cmark-gfm.build/Debug-iphonesimulator/cmark-gfm.build/Objects-normal/arm64/7187679823f38a2a940e0043cdf9d637-common-args.resp
    
    builtin-ScanDependencies -o /Users/runner/work/orbit/orbit/.ewc-probe/.dd-ios/Build/Intermediates.noindex/cmark-gfm.build/Debug-iphonesimulator/cmark-gfm.build/Objects-normal/arm64/scanners.o.scan -- /Applications/Xcode_26.6.app/Contents/Developer/Toolchains/XcodeDefault.xctoolchain/usr/bin/clang -x c -ivfsstatcache /Users/runner/work/orbit/orbit/.ewc-probe/.dd-ios/SDKStatCaches.noindex/iphonesimulator26.5-23F81a-688ef53f1462e2c8f657fdc38a81448ff45c64a1807a658693f2a61704f17a36.sdkstatcache -target arm64-apple-ios12.0-simulator -fmessage-length\=0 -fdiagnostics-show-note-include-stack -fmacro-backtrace-limit\=0 -fno-color-diagnostics -fmodules-prune-interval\=86400 -fmodules-prune-after\=345600 -fbuild-session-file\=/Users/runner/work/orbit/orbit/.ewc-probe/.dd-ios/ModuleCache.noindex/Session.modulevalidation -fmodules-validate-once-per-build-session -Wnon-modular-include-in-framework-module -Werror\=non-modular-include-in-framework-module -Wno-trigraphs -Wno-missing-field-initializers -Wno-missing-prototypes -Wno-return-type -Wno-missing-braces -Wparentheses -Wswitch -Wno-unused-function -Wno-unused-label -Wno-unused-parameter -Wno-unused-variable -Wunused-value -Wno-empty-body -Wno-uninitialized -Wno-unknown-pragmas -w -Wno-shadow -Wno-four-char-constants -Wno-conversion -Wno-constant-conversion -Wno-int-conversion -Wno-bool-conversion -Wno-enum-conversion -Wno-float-conversion -Wno-non-literal-null-conversion -Wno-objc-literal-conversion -Wshorten-64-to-32 -Wpointer-sign -Wno-newline-eof -Wno-implicit-fallthrough -isysroot /Applications/Xcode_26.6.app/Contents/Developer/Platforms/iPhoneSimulator.platform/Developer/SDKs/iPhoneSimulator26.5.sdk -fstrict-aliasing -Wdeprecated-declarations -Wno-sign-conversion -Wno-infinite-recursion -Wno-comma -Wno-block-capture-autoreleasing -Wno-strict-prototypes -Wno-semicolon-before-method-body -index-store-path /Users/runner/work/orbit/orbit/.ewc-probe/.dd-ios/Index.noindex/DataStore @/Users/runner/work/orbit/orbit/.ewc-probe/.dd-ios/Build/Intermediates.noindex/cmark-gfm.build/Debug-iphonesimulator/cmark-gfm.build/Objects-normal/arm64/7187679823f38a2a940e0043cdf9d637-common-args.resp -MMD -MT dependencies -MF /Users/runner/work/orbit/orbit/.ewc-probe/.dd-ios/Build/Intermediates.noindex/cmark-gfm.build/Debug-iphonesimulator/cmark-gfm.build/Objects-normal/arm64/scanners.d --serialize-diagnostics /Users/runner/work/orbit/orbit/.ewc-probe/.dd-ios/Build/Intermediates.noindex/cmark-gfm.build/Debug-iphonesimulator/cmark-gfm.build/Objects-normal/arm64/scanners.dia -c /Users/runner/work/orbit/orbit/.ewc-probe/.dd-ios/SourcePackages/checkouts/swift-cmark/src/scanners.c -o /Users/runner/work/orbit/orbit/.ewc-probe/.dd-ios/Build/Intermediates.noindex/cmark-gfm.build/Debug-iphonesimulator/cmark-gfm.build/Objects-normal/arm64/scanners.o -index-unit-output-path /cmark-gfm.build/Debug-iphonesimulator/cmark-gfm.build/Objects-normal/arm64/scanners.o

ScanDependencies /Users/runner/work/orbit/orbit/.ewc-probe/.dd-ios/Build/Intermediates.noindex/cmark-gfm.build/Debug-iphonesimulator/cmark-gfm.build/Objects-normal/arm64/render.o /Users/runner/work/orbit/orbit/.ewc-probe/.dd-ios/SourcePackages/checkouts/swift-cmark/src/render.c normal arm64 c com.apple.compilers.llvm.clang.1_0.compiler (in target 'cmark-gfm' from project 'cmark-gfm')
    cd /Users/runner/work/orbit/orbit/.ewc-probe/EwcProbe.xcodeproj
    
    Using response file: /Users/runner/work/orbit/orbit/.ewc-probe/.dd-ios/Build/Intermediates.noindex/cmark-gfm.build/Debug-iphonesimulator/cmark-gfm.build/Objects-normal/arm64/7187679823f38a2a940e0043cdf9d637-common-args.resp
    
    builtin-ScanDependencies -o /Users/runner/work/orbit/orbit/.ewc-probe/.dd-ios/Build/Intermediates.noindex/cmark-gfm.build/Debug-iphonesimulator/cmark-gfm.build/Objects-normal/arm64/render.o.scan -- /Applications/Xcode_26.6.app/Contents/Developer/Toolchains/XcodeDefault.xctoolchain/usr/bin/clang -x c -ivfsstatcache /Users/runner/work/orbit/orbit/.ewc-probe/.dd-ios/SDKStatCaches.noindex/iphonesimulator26.5-23F81a-688ef53f1462e2c8f657fdc38a81448ff45c64a1807a658693f2a61704f17a36.sdkstatcache -target arm64-apple-ios12.0-simulator -fmessage-length\=0 -fdiagnostics-show-note-include-stack -fmacro-backtrace-limit\=0 -fno-color-diagnostics -fmodules-prune-interval\=86400 -fmodules-prune-after\=345600 -fbuild-session-file\=/Users/runner/work/orbit/orbit/.ewc-probe/.dd-ios/ModuleCache.noindex/Session.modulevalidation -fmodules-validate-once-per-build-session -Wnon-modular-include-in-framework-module -Werror\=non-modular-include-in-framework-module -Wno-trigraphs -Wno-missing-field-initializers -Wno-missing-prototypes -Wno-return-type -Wno-missing-braces -Wparentheses -Wswitch -Wno-unused-function -Wno-unused-label -Wno-unused-parameter -Wno-unused-variable -Wunused-value -Wno-empty-body -Wno-uninitialized -Wno-unknown-pragmas -w -Wno-shadow -Wno-four-char-constants -Wno-conversion -Wno-constant-conversion -Wno-int-conversion -Wno-bool-conversion -Wno-enum-conversion -Wno-float-conversion -Wno-non-literal-null-conversion -Wno-objc-literal-conversion -Wshorten-64-to-32 -Wpointer-sign -Wno-newline-eof -Wno-implicit-fallthrough -isysroot /Applications/Xcode_26.6.app/Contents/Developer/Platforms/iPhoneSimulator.platform/Developer/SDKs/iPhoneSimulator26.5.sdk -fstrict-aliasing -Wdeprecated-declarations -Wno-sign-conversion -Wno-infinite-recursion -Wno-comma -Wno-block-capture-autoreleasing -Wno-strict-prototypes -Wno-semicolon-before-method-body -index-store-path /Users/runner/work/orbit/orbit/.ewc-probe/.dd-ios/Index.noindex/DataStore @/Users/runner/work/orbit/orbit/.ewc-probe/.dd-ios/Build/Intermediates.noindex/cmark-gfm.build/Debug-iphonesimulator/cmark-gfm.build/Objects-normal/arm64/7187679823f38a2a940e0043cdf9d637-common-args.resp -MMD -MT dependencies -MF /Users/runner/work/orbit/orbit/.ewc-probe/.dd-ios/Build/Intermediates.noindex/cmark-gfm.build/Debug-iphonesimulator/cmark-gfm.build/Objects-normal/arm64/render.d --serialize-diagnostics /Users/runner/work/orbit/orbit/.ewc-probe/.dd-ios/Build/Intermediates.noindex/cmark-gfm.build/Debug-iphonesimulator/cmark-gfm.build/Objects-normal/arm64/render.dia -c /Users/runner/work/orbit/orbit/.ewc-probe/.dd-ios/SourcePackages/checkouts/swift-cmark/src/render.c -o /Users/runner/work/orbit/orbit/.ewc-probe/.dd-ios/Build/Intermediates.noindex/cmark-gfm.build/Debug-iphonesimulator/cmark-gfm.build/Objects-normal/arm64/render.o -index-unit-output-path /cmark-gfm.build/Debug-iphonesimulator/cmark-gfm.build/Objects-normal/arm64/render.o

ScanDependencies /Users/runner/work/orbit/orbit/.ewc-probe/.dd-ios/Build/Intermediates.noindex/cmark-gfm.build/Debug-iphonesimulator/cmark-gfm.build/Objects-normal/arm64/registry.o /Users/runner/work/orbit/orbit/.ewc-probe/.dd-ios/SourcePackages/checkouts/swift-cmark/src/registry.c normal arm64 c com.apple.compilers.llvm.clang.1_0.compiler (in target 'cmark-gfm' from project 'cmark-gfm')
    cd /Users/runner/work/orbit/orbit/.ewc-probe/EwcProbe.xcodeproj
    
    Using response file: /Users/runner/work/orbit/orbit/.ewc-probe/.dd-ios/Build/Intermediates.noindex/cmark-gfm.build/Debug-iphonesimulator/cmark-gfm.build/Objects-normal/arm64/7187679823f38a2a940e0043cdf9d637-common-args.resp
    
    builtin-ScanDependencies -o /Users/runner/work/orbit/orbit/.ewc-probe/.dd-ios/Build/Intermediates.noindex/cmark-gfm.build/Debug-iphonesimulator/cmark-gfm.build/Objects-normal/arm64/registry.o.scan -- /Applications/Xcode_26.6.app/Contents/Developer/Toolchains/XcodeDefault.xctoolchain/usr/bin/clang -x c -ivfsstatcache /Users/runner/work/orbit/orbit/.ewc-probe/.dd-ios/SDKStatCaches.noindex/iphonesimulator26.5-23F81a-688ef53f1462e2c8f657fdc38a81448ff45c64a1807a658693f2a61704f17a36.sdkstatcache -target arm64-apple-ios12.0-simulator -fmessage-length\=0 -fdiagnostics-show-note-include-stack -fmacro-backtrace-limit\=0 -fno-color-diagnostics -fmodules-prune-interval\=86400 -fmodules-prune-after\=345600 -fbuild-session-file\=/Users/runner/work/orbit/orbit/.ewc-probe/.dd-ios/ModuleCache.noindex/Session.modulevalidation -fmodules-validate-once-per-build-session -Wnon-modular-include-in-framework-module -Werror\=non-modular-include-in-framework-module -Wno-trigraphs -Wno-missing-field-initializers -Wno-missing-prototypes -Wno-return-type -Wno-missing-braces -Wparentheses -Wswitch -Wno-unused-function -Wno-unused-label -Wno-unused-parameter -Wno-unused-variable -Wunused-value -Wno-empty-body -Wno-uninitialized -Wno-unknown-pragmas -w -Wno-shadow -Wno-four-char-constants -Wno-conversion -Wno-constant-conversion -Wno-int-conversion -Wno-bool-conversion -Wno-enum-conversion -Wno-float-conversion -Wno-non-literal-null-conversion -Wno-objc-literal-conversion -Wshorten-64-to-32 -Wpointer-sign -Wno-newline-eof -Wno-implicit-fallthrough -isysroot /Applications/Xcode_26.6.app/Contents/Developer/Platforms/iPhoneSimulator.platform/Developer/SDKs/iPhoneSimulator26.5.sdk -fstrict-aliasing -Wdeprecated-declarations -Wno-sign-conversion -Wno-infinite-recursion -Wno-comma -Wno-block-capture-autoreleasing -Wno-strict-prototypes -Wno-semicolon-before-method-body -index-store-path /Users/runner/work/orbit/orbit/.ewc-probe/.dd-ios/Index.noindex/DataStore @/Users/runner/work/orbit/orbit/.ewc-probe/.dd-ios/Build/Intermediates.noindex/cmark-gfm.build/Debug-iphonesimulator/cmark-gfm.build/Objects-normal/arm64/7187679823f38a2a940e0043cdf9d637-common-args.resp -MMD -MT dependencies -MF /Users/runner/work/orbit/orbit/.ewc-probe/.dd-ios/Build/Intermediates.noindex/cmark-gfm.build/Debug-iphonesimulator/cmark-gfm.build/Objects-normal/arm64/registry.d --serialize-diagnostics /Users/runner/work/orbit/orbit/.ewc-probe/.dd-ios/Build/Intermediates.noindex/cmark-gfm.build/Debug-iphonesimulator/cmark-gfm.build/Objects-normal/arm64/registry.dia -c /Users/runner/work/orbit/orbit/.ewc-probe/.dd-ios/SourcePackages/checkouts/swift-cmark/src/registry.c -o /Users/runner/work/orbit/orbit/.ewc-probe/.dd-ios/Build/Intermediates.noindex/cmark-gfm.build/Debug-iphonesimulator/cmark-gfm.build/Objects-normal/arm64/registry.o -index-unit-output-path /cmark-gfm.build/Debug-iphonesimulator/cmark-gfm.build/Objects-normal/arm64/registry.o

ScanDependencies /Users/runner/work/orbit/orbit/.ewc-probe/.dd-ios/Build/Intermediates.noindex/cmark-gfm.build/Debug-iphonesimulator/cmark-gfm.build/Objects-normal/arm64/references.o /Users/runner/work/orbit/orbit/.ewc-probe/.dd-ios/SourcePackages/checkouts/swift-cmark/src/references.c normal arm64 c com.apple.compilers.llvm.clang.1_0.compiler (in target 'cmark-gfm' from project 'cmark-gfm')
    cd /Users/runner/work/orbit/orbit/.ewc-probe/EwcProbe.xcodeproj
    
    Using response file: /Users/runner/work/orbit/orbit/.ewc-probe/.dd-ios/Build/Intermediates.noindex/cmark-gfm.build/Debug-iphonesimulator/cmark-gfm.build/Objects-normal/arm64/7187679823f38a2a940e0043cdf9d637-common-args.resp
    
    builtin-ScanDependencies -o /Users/runner/work/orbit/orbit/.ewc-probe/.dd-ios/Build/Intermediates.noindex/cmark-gfm.build/Debug-iphonesimulator/cmark-gfm.build/Objects-normal/arm64/references.o.scan -- /Applications/Xcode_26.6.app/Contents/Developer/Toolchains/XcodeDefault.xctoolchain/usr/bin/clang -x c -ivfsstatcache /Users/runner/work/orbit/orbit/.ewc-probe/.dd-ios/SDKStatCaches.noindex/iphonesimulator26.5-23F81a-688ef53f1462e2c8f657fdc38a81448ff45c64a1807a658693f2a61704f17a36.sdkstatcache -target arm64-apple-ios12.0-simulator -fmessage-length\=0 -fdiagnostics-show-note-include-stack -fmacro-backtrace-limit\=0 -fno-color-diagnostics -fmodules-prune-interval\=86400 -fmodules-prune-after\=345600 -fbuild-session-file\=/Users/runner/work/orbit/orbit/.ewc-probe/.dd-ios/ModuleCache.noindex/Session.modulevalidation -fmodules-validate-once-per-build-session -Wnon-modular-include-in-framework-module -Werror\=non-modular-include-in-framework-module -Wno-trigraphs -Wno-missing-field-initializers -Wno-missing-prototypes -Wno-return-type -Wno-missing-braces -Wparentheses -Wswitch -Wno-unused-function -Wno-unused-label -Wno-unused-parameter -Wno-unused-variable -Wunused-value -Wno-empty-body -Wno-uninitialized -Wno-unknown-pragmas -w -Wno-shadow -Wno-four-char-constants -Wno-conversion -Wno-constant-conversion -Wno-int-conversion -Wno-bool-conversion -Wno-enum-conversion -Wno-float-conversion -Wno-non-literal-null-conversion -Wno-objc-literal-conversion -Wshorten-64-to-32 -Wpointer-sign -Wno-newline-eof -Wno-implicit-fallthrough -isysroot /Applications/Xcode_26.6.app/Contents/Developer/Platforms/iPhoneSimulator.platform/Developer/SDKs/iPhoneSimulator26.5.sdk -fstrict-aliasing -Wdeprecated-declarations -Wno-sign-conversion -Wno-infinite-recursion -Wno-comma -Wno-block-capture-autoreleasing -Wno-strict-prototypes -Wno-semicolon-before-method-body -index-store-path /Users/runner/work/orbit/orbit/.ewc-probe/.dd-ios/Index.noindex/DataStore @/Users/runner/work/orbit/orbit/.ewc-probe/.dd-ios/Build/Intermediates.noindex/cmark-gfm.build/Debug-iphonesimulator/cmark-gfm.build/Objects-normal/arm64/7187679823f38a2a940e0043cdf9d637-common-args.resp -MMD -MT dependencies -MF /Users/runner/work/orbit/orbit/.ewc-probe/.dd-ios/Build/Intermediates.noindex/cmark-gfm.build/Debug-iphonesimulator/cmark-gfm.build/Objects-normal/arm64/references.d --serialize-diagnostics /Users/runner/work/orbit/orbit/.ewc-probe/.dd-ios/Build/Intermediates.noindex/cmark-gfm.build/Debug-iphonesimulator/cmark-gfm.build/Objects-normal/arm64/references.dia -c /Users/runner/work/orbit/orbit/.ewc-probe/.dd-ios/SourcePackages/checkouts/swift-cmark/src/references.c -o /Users/runner/work/orbit/orbit/.ewc-probe/.dd-ios/Build/Intermediates.noindex/cmark-gfm.build/Debug-iphonesimulator/cmark-gfm.build/Objects-normal/arm64/references.o -index-unit-output-path /cmark-gfm.build/Debug-iphonesimulator/cmark-gfm.build/Objects-normal/arm64/references.o

ScanDependencies /Users/runner/work/orbit/orbit/.ewc-probe/.dd-ios/Build/Intermediates.noindex/cmark-gfm.build/Debug-iphonesimulator/cmark-gfm.build/Objects-normal/arm64/plugin.o /Users/runner/work/orbit/orbit/.ewc-probe/.dd-ios/SourcePackages/checkouts/swift-cmark/src/plugin.c normal arm64 c com.apple.compilers.llvm.clang.1_0.compiler (in target 'cmark-gfm' from project 'cmark-gfm')
    cd /Users/runner/work/orbit/orbit/.ewc-probe/EwcProbe.xcodeproj
    
    Using response file: /Users/runner/work/orbit/orbit/.ewc-probe/.dd-ios/Build/Intermediates.noindex/cmark-gfm.build/Debug-iphonesimulator/cmark-gfm.build/Objects-normal/arm64/7187679823f38a2a940e0043cdf9d637-common-args.resp
    
    builtin-ScanDependencies -o /Users/runner/work/orbit/orbit/.ewc-probe/.dd-ios/Build/Intermediates.noindex/cmark-gfm.build/Debug-iphonesimulator/cmark-gfm.build/Objects-normal/arm64/plugin.o.scan -- /Applications/Xcode_26.6.app/Contents/Developer/Toolchains/XcodeDefault.xctoolchain/usr/bin/clang -x c -ivfsstatcache /Users/runner/work/orbit/orbit/.ewc-probe/.dd-ios/SDKStatCaches.noindex/iphonesimulator26.5-23F81a-688ef53f1462e2c8f657fdc38a81448ff45c64a1807a658693f2a61704f17a36.sdkstatcache -target arm64-apple-ios12.0-simulator -fmessage-length\=0 -fdiagnostics-show-note-include-stack -fmacro-backtrace-limit\=0 -fno-color-diagnostics -fmodules-prune-interval\=86400 -fmodules-prune-after\=345600 -fbuild-session-file\=/Users/runner/work/orbit/orbit/.ewc-probe/.dd-ios/ModuleCache.noindex/Session.modulevalidation -fmodules-validate-once-per-build-session -Wnon-modular-include-in-framework-module -Werror\=non-modular-include-in-framework-module -Wno-trigraphs -Wno-missing-field-initializers -Wno-missing-prototypes -Wno-return-type -Wno-missing-braces -Wparentheses -Wswitch -Wno-unused-function -Wno-unused-label -Wno-unused-parameter -Wno-unused-variable -Wunused-value -Wno-empty-body -Wno-uninitialized -Wno-unknown-pragmas -w -Wno-shadow -Wno-four-char-constants -Wno-conversion -Wno-constant-conversion -Wno-int-conversion -Wno-bool-conversion -Wno-enum-conversion -Wno-float-conversion -Wno-non-literal-null-conversion -Wno-objc-literal-conversion -Wshorten-64-to-32 -Wpointer-sign -Wno-newline-eof -Wno-implicit-fallthrough -isysroot /Applications/Xcode_26.6.app/Contents/Developer/Platforms/iPhoneSimulator.platform/Developer/SDKs/iPhoneSimulator26.5.sdk -fstrict-aliasing -Wdeprecated-declarations -Wno-sign-conversion -Wno-infinite-recursion -Wno-comma -Wno-block-capture-autoreleasing -Wno-strict-prototypes -Wno-semicolon-before-method-body -index-store-path /Users/runner/work/orbit/orbit/.ewc-probe/.dd-ios/Index.noindex/DataStore @/Users/runner/work/orbit/orbit/.ewc-probe/.dd-ios/Build/Intermediates.noindex/cmark-gfm.build/Debug-iphonesimulator/cmark-gfm.build/Objects-normal/arm64/7187679823f38a2a940e0043cdf9d637-common-args.resp -MMD -MT dependencies -MF /Users/runner/work/orbit/orbit/.ewc-probe/.dd-ios/Build/Intermediates.noindex/cmark-gfm.build/Debug-iphonesimulator/cmark-gfm.build/Objects-normal/arm64/plugin.d --serialize-diagnostics /Users/runner/work/orbit/orbit/.ewc-probe/.dd-ios/Build/Intermediates.noindex/cmark-gfm.build/Debug-iphonesimulator/cmark-gfm.build/Objects-normal/arm64/plugin.dia -c /Users/runner/work/orbit/orbit/.ewc-probe/.dd-ios/SourcePackages/checkouts/swift-cmark/src/plugin.c -o /Users/runner/work/orbit/orbit/.ewc-probe/.dd-ios/Build/Intermediates.noindex/cmark-gfm.build/Debug-iphonesimulator/cmark-gfm.build/Objects-normal/arm64/plugin.o -index-unit-output-path /cmark-gfm.build/Debug-iphonesimulator/cmark-gfm.build/Objects-normal/arm64/plugin.o

ScanDependencies /Users/runner/work/orbit/orbit/.ewc-probe/.dd-ios/Build/Intermediates.noindex/cmark-gfm.build/Debug-iphonesimulator/cmark-gfm.build/Objects-normal/arm64/plaintext.o /Users/runner/work/orbit/orbit/.ewc-probe/.dd-ios/SourcePackages/checkouts/swift-cmark/src/plaintext.c normal arm64 c com.apple.compilers.llvm.clang.1_0.compiler (in target 'cmark-gfm' from project 'cmark-gfm')
    cd /Users/runner/work/orbit/orbit/.ewc-probe/EwcProbe.xcodeproj
    
    Using response file: /Users/runner/work/orbit/orbit/.ewc-probe/.dd-ios/Build/Intermediates.noindex/cmark-gfm.build/Debug-iphonesimulator/cmark-gfm.build/Objects-normal/arm64/7187679823f38a2a940e0043cdf9d637-common-args.resp
    
    builtin-ScanDependencies -o /Users/runner/work/orbit/orbit/.ewc-probe/.dd-ios/Build/Intermediates.noindex/cmark-gfm.build/Debug-iphonesimulator/cmark-gfm.build/Objects-normal/arm64/plaintext.o.scan -- /Applications/Xcode_26.6.app/Contents/Developer/Toolchains/XcodeDefault.xctoolchain/usr/bin/clang -x c -ivfsstatcache /Users/runner/work/orbit/orbit/.ewc-probe/.dd-ios/SDKStatCaches.noindex/iphonesimulator26.5-23F81a-688ef53f1462e2c8f657fdc38a81448ff45c64a1807a658693f2a61704f17a36.sdkstatcache -target arm64-apple-ios12.0-simulator -fmessage-length\=0 -fdiagnostics-show-note-include-stack -fmacro-backtrace-limit\=0 -fno-color-diagnostics -fmodules-prune-interval\=86400 -fmodules-prune-after\=345600 -fbuild-session-file\=/Users/runner/work/orbit/orbit/.ewc-probe/.dd-ios/ModuleCache.noindex/Session.modulevalidation -fmodules-validate-once-per-build-session -Wnon-modular-include-in-framework-module -Werror\=non-modular-include-in-framework-module -Wno-trigraphs -Wno-missing-field-initializers -Wno-missing-prototypes -Wno-return-type -Wno-missing-braces -Wparentheses -Wswitch -Wno-unused-function -Wno-unused-label -Wno-unused-parameter -Wno-unused-variable -Wunused-value -Wno-empty-body -Wno-uninitialized -Wno-unknown-pragmas -w -Wno-shadow -Wno-four-char-constants -Wno-conversion -Wno-constant-conversion -Wno-int-conversion -Wno-bool-conversion -Wno-enum-conversion -Wno-float-conversion -Wno-non-literal-null-conversion -Wno-objc-literal-conversion -Wshorten-64-to-32 -Wpointer-sign -Wno-newline-eof -Wno-implicit-fallthrough -isysroot /Applications/Xcode_26.6.app/Contents/Developer/Platforms/iPhoneSimulator.platform/Developer/SDKs/iPhoneSimulator26.5.sdk -fstrict-aliasing -Wdeprecated-declarations -Wno-sign-conversion -Wno-infinite-recursion -Wno-comma -Wno-block-capture-autoreleasing -Wno-strict-prototypes -Wno-semicolon-before-method-body -index-store-path /Users/runner/work/orbit/orbit/.ewc-probe/.dd-ios/Index.noindex/DataStore @/Users/runner/work/orbit/orbit/.ewc-probe/.dd-ios/Build/Intermediates.noindex/cmark-gfm.build/Debug-iphonesimulator/cmark-gfm.build/Objects-normal/arm64/7187679823f38a2a940e0043cdf9d637-common-args.resp -MMD -MT dependencies -MF /Users/runner/work/orbit/orbit/.ewc-probe/.dd-ios/Build/Intermediates.noindex/cmark-gfm.build/Debug-iphonesimulator/cmark-gfm.build/Objects-normal/arm64/plaintext.d --serialize-diagnostics /Users/runner/work/orbit/orbit/.ewc-probe/.dd-ios/Build/Intermediates.noindex/cmark-gfm.build/Debug-iphonesimulator/cmark-gfm.build/Objects-normal/arm64/plaintext.dia -c /Users/runner/work/orbit/orbit/.ewc-probe/.dd-ios/SourcePackages/checkouts/swift-cmark/src/plaintext.c -o /Users/runner/work/orbit/orbit/.ewc-probe/.dd-ios/Build/Intermediates.noindex/cmark-gfm.build/Debug-iphonesimulator/cmark-gfm.build/Objects-normal/arm64/plaintext.o -index-unit-output-path /cmark-gfm.build/Debug-iphonesimulator/cmark-gfm.build/Objects-normal/arm64/plaintext.o

ScanDependencies /Users/runner/work/orbit/orbit/.ewc-probe/.dd-ios/Build/Intermediates.noindex/cmark-gfm.build/Debug-iphonesimulator/cmark-gfm.build/Objects-normal/arm64/node.o /Users/runner/work/orbit/orbit/.ewc-probe/.dd-ios/SourcePackages/checkouts/swift-cmark/src/node.c normal arm64 c com.apple.compilers.llvm.clang.1_0.compiler (in target 'cmark-gfm' from project 'cmark-gfm')
    cd /Users/runner/work/orbit/orbit/.ewc-probe/EwcProbe.xcodeproj
    
    Using response file: /Users/runner/work/orbit/orbit/.ewc-probe/.dd-ios/Build/Intermediates.noindex/cmark-gfm.build/Debug-iphonesimulator/cmark-gfm.build/Objects-normal/arm64/7187679823f38a2a940e0043cdf9d637-common-args.resp
    
    builtin-ScanDependencies -o /Users/runner/work/orbit/orbit/.ewc-probe/.dd-ios/Build/Intermediates.noindex/cmark-gfm.build/Debug-iphonesimulator/cmark-gfm.build/Objects-normal/arm64/node.o.scan -- /Applications/Xcode_26.6.app/Contents/Developer/Toolchains/XcodeDefault.xctoolchain/usr/bin/clang -x c -ivfsstatcache /Users/runner/work/orbit/orbit/.ewc-probe/.dd-ios/SDKStatCaches.noindex/iphonesimulator26.5-23F81a-688ef53f1462e2c8f657fdc38a81448ff45c64a1807a658693f2a61704f17a36.sdkstatcache -target arm64-apple-ios12.0-simulator -fmessage-length\=0 -fdiagnostics-show-note-include-stack -fmacro-backtrace-limit\=0 -fno-color-diagnostics -fmodules-prune-interval\=86400 -fmodules-prune-after\=345600 -fbuild-session-file\=/Users/runner/work/orbit/orbit/.ewc-probe/.dd-ios/ModuleCache.noindex/Session.modulevalidation -fmodules-validate-once-per-build-session -Wnon-modular-include-in-framework-module -Werror\=non-modular-include-in-framework-module -Wno-trigraphs -Wno-missing-field-initializers -Wno-missing-prototypes -Wno-return-type -Wno-missing-braces -Wparentheses -Wswitch -Wno-unused-function -Wno-unused-label -Wno-unused-parameter -Wno-unused-variable -Wunused-value -Wno-empty-body -Wno-uninitialized -Wno-unknown-pragmas -w -Wno-shadow -Wno-four-char-constants -Wno-conversion -Wno-constant-conversion -Wno-int-conversion -Wno-bool-conversion -Wno-enum-conversion -Wno-float-conversion -Wno-non-literal-null-conversion -Wno-objc-literal-conversion -Wshorten-64-to-32 -Wpointer-sign -Wno-newline-eof -Wno-implicit-fallthrough -isysroot /Applications/Xcode_26.6.app/Contents/Developer/Platforms/iPhoneSimulator.platform/Developer/SDKs/iPhoneSimulator26.5.sdk -fstrict-aliasing -Wdeprecated-declarations -Wno-sign-conversion -Wno-infinite-recursion -Wno-comma -Wno-block-capture-autoreleasing -Wno-strict-prototypes -Wno-semicolon-before-method-body -index-store-path /Users/runner/work/orbit/orbit/.ewc-probe/.dd-ios/Index.noindex/DataStore @/Users/runner/work/orbit/orbit/.ewc-probe/.dd-ios/Build/Intermediates.noindex/cmark-gfm.build/Debug-iphonesimulator/cmark-gfm.build/Objects-normal/arm64/7187679823f38a2a940e0043cdf9d637-common-args.resp -MMD -MT dependencies -MF /Users/runner/work/orbit/orbit/.ewc-probe/.dd-ios/Build/Intermediates.noindex/cmark-gfm.build/Debug-iphonesimulator/cmark-gfm.build/Objects-normal/arm64/node.d --serialize-diagnostics /Users/runner/work/orbit/orbit/.ewc-probe/.dd-ios/Build/Intermediates.noindex/cmark-gfm.build/Debug-iphonesimulator/cmark-gfm.build/Objects-normal/arm64/node.dia -c /Users/runner/work/orbit/orbit/.ewc-probe/.dd-ios/SourcePackages/checkouts/swift-cmark/src/node.c -o /Users/runner/work/orbit/orbit/.ewc-probe/.dd-ios/Build/Intermediates.noindex/cmark-gfm.build/Debug-iphonesimulator/cmark-gfm.build/Objects-normal/arm64/node.o -index-unit-output-path /cmark-gfm.build/Debug-iphonesimulator/cmark-gfm.build/Objects-normal/arm64/node.o

PrecompileModule /Users/runner/work/orbit/orbit/.ewc-probe/.dd-ios/Build/Intermediates.noindex/ExplicitPrecompiledModules/_Builtin_stdint-BML8C7U88ID228XL4ORJNHI4B.scan
    cd /
    builtin-precompileModule /Users/runner/work/orbit/orbit/.ewc-probe/.dd-ios/Build/Intermediates.noindex/ExplicitPrecompiledModules/_Builtin_stdint-BML8C7U88ID228XL4ORJNHI4B.scan

ScanDependencies /Users/runner/work/orbit/orbit/.ewc-probe/.dd-ios/Build/Intermediates.noindex/cmark-gfm.build/Debug-iphonesimulator/cmark-gfm.build/Objects-normal/arm64/map.o /Users/runner/work/orbit/orbit/.ewc-probe/.dd-ios/SourcePackages/checkouts/swift-cmark/src/map.c normal arm64 c com.apple.compilers.llvm.clang.1_0.compiler (in target 'cmark-gfm' from project 'cmark-gfm')
    cd /Users/runner/work/orbit/orbit/.ewc-probe/EwcProbe.xcodeproj
    
    Using response file: /Users/runner/work/orbit/orbit/.ewc-probe/.dd-ios/Build/Intermediates.noindex/cmark-gfm.build/Debug-iphonesimulator/cmark-gfm.build/Objects-normal/arm64/7187679823f38a2a940e0043cdf9d637-common-args.resp
    
    builtin-ScanDependencies -o /Users/runner/work/orbit/orbit/.ewc-probe/.dd-ios/Build/Intermediates.noindex/cmark-gfm.build/Debug-iphonesimulator/cmark-gfm.build/Objects-normal/arm64/map.o.scan -- /Applications/Xcode_26.6.app/Contents/Developer/Toolchains/XcodeDefault.xctoolchain/usr/bin/clang -x c -ivfsstatcache /Users/runner/work/orbit/orbit/.ewc-probe/.dd-ios/SDKStatCaches.noindex/iphonesimulator26.5-23F81a-688ef53f1462e2c8f657fdc38a81448ff45c64a1807a658693f2a61704f17a36.sdkstatcache -target arm64-apple-ios12.0-simulator -fmessage-length\=0 -fdiagnostics-show-note-include-stack -fmacro-backtrace-limit\=0 -fno-color-diagnostics -fmodules-prune-interval\=86400 -fmodules-prune-after\=345600 -fbuild-session-file\=/Users/runner/work/orbit/orbit/.ewc-probe/.dd-ios/ModuleCache.noindex/Session.modulevalidation -fmodules-validate-once-per-build-session -Wnon-modular-include-in-framework-module -Werror\=non-modular-include-in-framework-module -Wno-trigraphs -Wno-missing-field-initializers -Wno-missing-prototypes -Wno-return-type -Wno-missing-braces -Wparentheses -Wswitch -Wno-unused-function -Wno-unused-label -Wno-unused-parameter -Wno-unused-variable -Wunused-value -Wno-empty-body -Wno-uninitialized -Wno-unknown-pragmas -w -Wno-shadow -Wno-four-char-constants -Wno-conversion -Wno-constant-conversion -Wno-int-conversion -Wno-bool-conversion -Wno-enum-conversion -Wno-float-conversion -Wno-non-literal-null-conversion -Wno-objc-literal-conversion -Wshorten-64-to-32 -Wpointer-sign -Wno-newline-eof -Wno-implicit-fallthrough -isysroot /Applications/Xcode_26.6.app/Contents/Developer/Platforms/iPhoneSimulator.platform/Developer/SDKs/iPhoneSimulator26.5.sdk -fstrict-aliasing -Wdeprecated-declarations -Wno-sign-conversion -Wno-infinite-recursion -Wno-comma -Wno-block-capture-autoreleasing -Wno-strict-prototypes -Wno-semicolon-before-method-body -index-store-path /Users/runner/work/orbit/orbit/.ewc-probe/.dd-ios/Index.noindex/DataStore @/Users/runner/work/orbit/orbit/.ewc-probe/.dd-ios/Build/Intermediates.noindex/cmark-gfm.build/Debug-iphonesimulator/cmark-gfm.build/Objects-normal/arm64/7187679823f38a2a940e0043cdf9d637-common-args.resp -MMD -MT dependencies -MF /Users/runner/work/orbit/orbit/.ewc-probe/.dd-ios/Build/Intermediates.noindex/cmark-gfm.build/Debug-iphonesimulator/cmark-gfm.build/Objects-normal/arm64/map.d --serialize-diagnostics /Users/runner/work/orbit/orbit/.ewc-probe/.dd-ios/Build/Intermediates.noindex/cmark-gfm.build/Debug-iphonesimulator/cmark-gfm.build/Objects-normal/arm64/map.dia -c /Users/runner/work/orbit/orbit/.ewc-probe/.dd-ios/SourcePackages/checkouts/swift-cmark/src/map.c -o /Users/runner/work/orbit/orbit/.ewc-probe/.dd-ios/Build/Intermediates.noindex/cmark-gfm.build/Debug-iphonesimulator/cmark-gfm.build/Objects-normal/arm64/map.o -index-unit-output-path /cmark-gfm.build/Debug-iphonesimulator/cmark-gfm.build/Objects-normal/arm64/map.o

ScanDependencies /Users/runner/work/orbit/orbit/.ewc-probe/.dd-ios/Build/Intermediates.noindex/cmark-gfm.build/Debug-iphonesimulator/cmark-gfm.build/Objects-normal/arm64/man.o /Users/runner/work/orbit/orbit/.ewc-probe/.dd-ios/SourcePackages/checkouts/swift-cmark/src/man.c normal arm64 c com.apple.compilers.llvm.clang.1_0.compiler (in target 'cmark-gfm' from project 'cmark-gfm')
    cd /Users/runner/work/orbit/orbit/.ewc-probe/EwcProbe.xcodeproj
    
    Using response file: /Users/runner/work/orbit/orbit/.ewc-probe/.dd-ios/Build/Intermediates.noindex/cmark-gfm.build/Debug-iphonesimulator/cmark-gfm.build/Objects-normal/arm64/7187679823f38a2a940e0043cdf9d637-common-args.resp
    
    builtin-ScanDependencies -o /Users/runner/work/orbit/orbit/.ewc-probe/.dd-ios/Build/Intermediates.noindex/cmark-gfm.build/Debug-iphonesimulator/cmark-gfm.build/Objects-normal/arm64/man.o.scan -- /Applications/Xcode_26.6.app/Contents/Developer/Toolchains/XcodeDefault.xctoolchain/usr/bin/clang -x c -ivfsstatcache /Users/runner/work/orbit/orbit/.ewc-probe/.dd-ios/SDKStatCaches.noindex/iphonesimulator26.5-23F81a-688ef53f1462e2c8f657fdc38a81448ff45c64a1807a658693f2a61704f17a36.sdkstatcache -target arm64-apple-ios12.0-simulator -fmessage-length\=0 -fdiagnostics-show-note-include-stack -fmacro-backtrace-limit\=0 -fno-color-diagnostics -fmodules-prune-interval\=86400 -fmodules-prune-after\=345600 -fbuild-session-file\=/Users/runner/work/orbit/orbit/.ewc-probe/.dd-ios/ModuleCache.noindex/Session.modulevalidation -fmodules-validate-once-per-build-session -Wnon-modular-include-in-framework-module -Werror\=non-modular-include-in-framework-module -Wno-trigraphs -Wno-missing-field-initializers -Wno-missing-prototypes -Wno-return-type -Wno-missing-braces -Wparentheses -Wswitch -Wno-unused-function -Wno-unused-label -Wno-unused-parameter -Wno-unused-variable -Wunused-value -Wno-empty-body -Wno-uninitialized -Wno-unknown-pragmas -w -Wno-shadow -Wno-four-char-constants -Wno-conversion -Wno-constant-conversion -Wno-int-conversion -Wno-bool-conversion -Wno-enum-conversion -Wno-float-conversion -Wno-non-literal-null-conversion -Wno-objc-literal-conversion -Wshorten-64-to-32 -Wpointer-sign -Wno-newline-eof -Wno-implicit-fallthrough -isysroot /Applications/Xcode_26.6.app/Contents/Developer/Platforms/iPhoneSimulator.platform/Developer/SDKs/iPhoneSimulator26.5.sdk -fstrict-aliasing -Wdeprecated-declarations -Wno-sign-conversion -Wno-infinite-recursion -Wno-comma -Wno-block-capture-autoreleasing -Wno-strict-prototypes -Wno-semicolon-before-method-body -index-store-path /Users/runner/work/orbit/orbit/.ewc-probe/.dd-ios/Index.noindex/DataStore @/Users/runner/work/orbit/orbit/.ewc-probe/.dd-ios/Build/Intermediates.noindex/cmark-gfm.build/Debug-iphonesimulator/cmark-gfm.build/Objects-normal/arm64/7187679823f38a2a940e0043cdf9d637-common-args.resp -MMD -MT dependencies -MF /Users/runner/work/orbit/orbit/.ewc-probe/.dd-ios/Build/Intermediates.noindex/cmark-gfm.build/Debug-iphonesimulator/cmark-gfm.build/Objects-normal/arm64/man.d --serialize-diagnostics /Users/runner/work/orbit/orbit/.ewc-probe/.dd-ios/Build/Intermediates.noindex/cmark-gfm.build/Debug-iphonesimulator/cmark-gfm.build/Objects-normal/arm64/man.dia -c /Users/runner/work/orbit/orbit/.ewc-probe/.dd-ios/SourcePackages/checkouts/swift-cmark/src/man.c -o /Users/runner/work/orbit/orbit/.ewc-probe/.dd-ios/Build/Intermediates.noindex/cmark-gfm.build/Debug-iphonesimulator/cmark-gfm.build/Objects-normal/arm64/man.o -index-unit-output-path /cmark-gfm.build/Debug-iphonesimulator/cmark-gfm.build/Objects-normal/arm64/man.o

PrecompileModule /Users/runner/work/orbit/orbit/.ewc-probe/.dd-ios/Build/Intermediates.noindex/ExplicitPrecompiledModules/_DarwinFoundation3-A1CWMRZJ3Z81W41GFH9YFFS2A.scan
    cd /
    builtin-precompileModule /Users/runner/work/orbit/orbit/.ewc-probe/.dd-ios/Build/Intermediates.noindex/ExplicitPrecompiledModules/_DarwinFoundation3-A1CWMRZJ3Z81W41GFH9YFFS2A.scan

ScanDependencies /Users/runner/work/orbit/orbit/.ewc-probe/.dd-ios/Build/Intermediates.noindex/cmark-gfm.build/Debug-iphonesimulator/cmark-gfm.build/Objects-normal/arm64/linked_list.o /Users/runner/work/orbit/orbit/.ewc-probe/.dd-ios/SourcePackages/checkouts/swift-cmark/src/linked_list.c normal arm64 c com.apple.compilers.llvm.clang.1_0.compiler (in target 'cmark-gfm' from project 'cmark-gfm')
    cd /Users/runner/work/orbit/orbit/.ewc-probe/EwcProbe.xcodeproj
    
    Using response file: /Users/runner/work/orbit/orbit/.ewc-probe/.dd-ios/Build/Intermediates.noindex/cmark-gfm.build/Debug-iphonesimulator/cmark-gfm.build/Objects-normal/arm64/7187679823f38a2a940e0043cdf9d637-common-args.resp
    
    builtin-ScanDependencies -o /Users/runner/work/orbit/orbit/.ewc-probe/.dd-ios/Build/Intermediates.noindex/cmark-gfm.build/Debug-iphonesimulator/cmark-gfm.build/Objects-normal/arm64/linked_list.o.scan -- /Applications/Xcode_26.6.app/Contents/Developer/Toolchains/XcodeDefault.xctoolchain/usr/bin/clang -x c -ivfsstatcache /Users/runner/work/orbit/orbit/.ewc-probe/.dd-ios/SDKStatCaches.noindex/iphonesimulator26.5-23F81a-688ef53f1462e2c8f657fdc38a81448ff45c64a1807a658693f2a61704f17a36.sdkstatcache -target arm64-apple-ios12.0-simulator -fmessage-length\=0 -fdiagnostics-show-note-include-stack -fmacro-backtrace-limit\=0 -fno-color-diagnostics -fmodules-prune-interval\=86400 -fmodules-prune-after\=345600 -fbuild-session-file\=/Users/runner/work/orbit/orbit/.ewc-probe/.dd-ios/ModuleCache.noindex/Session.modulevalidation -fmodules-validate-once-per-build-session -Wnon-modular-include-in-framework-module -Werror\=non-modular-include-in-framework-module -Wno-trigraphs -Wno-missing-field-initializers -Wno-missing-prototypes -Wno-return-type -Wno-missing-braces -Wparentheses -Wswitch -Wno-unused-function -Wno-unused-label -Wno-unused-parameter -Wno-unused-variable -Wunused-value -Wno-empty-body -Wno-uninitialized -Wno-unknown-pragmas -w -Wno-shadow -Wno-four-char-constants -Wno-conversion -Wno-constant-conversion -Wno-int-conversion -Wno-bool-conversion -Wno-enum-conversion -Wno-float-conversion -Wno-non-literal-null-conversion -Wno-objc-literal-conversion -Wshorten-64-to-32 -Wpointer-sign -Wno-newline-eof -Wno-implicit-fallthrough -isysroot /Applications/Xcode_26.6.app/Contents/Developer/Platforms/iPhoneSimulator.platform/Developer/SDKs/iPhoneSimulator26.5.sdk -fstrict-aliasing -Wdeprecated-declarations -Wno-sign-conversion -Wno-infinite-recursion -Wno-comma -Wno-block-capture-autoreleasing -Wno-strict-prototypes -Wno-semicolon-before-method-body -index-store-path /Users/runner/work/orbit/orbit/.ewc-probe/.dd-ios/Index.noindex/DataStore @/Users/runner/work/orbit/orbit/.ewc-probe/.dd-ios/Build/Intermediates.noindex/cmark-gfm.build/Debug-iphonesimulator/cmark-gfm.build/Objects-normal/arm64/7187679823f38a2a940e0043cdf9d637-common-args.resp -MMD -MT dependencies -MF /Users/runner/work/orbit/orbit/.ewc-probe/.dd-ios/Build/Intermediates.noindex/cmark-gfm.build/Debug-iphonesimulator/cmark-gfm.build/Objects-normal/arm64/linked_list.d --serialize-diagnostics /Users/runner/work/orbit/orbit/.ewc-probe/.dd-ios/Build/Intermediates.noindex/cmark-gfm.build/Debug-iphonesimulator/cmark-gfm.build/Objects-normal/arm64/linked_list.dia -c /Users/runner/work/orbit/orbit/.ewc-probe/.dd-ios/SourcePackages/checkouts/swift-cmark/src/linked_list.c -o /Users/runner/work/orbit/orbit/.ewc-probe/.dd-ios/Build/Intermediates.noindex/cmark-gfm.build/Debug-iphonesimulator/cmark-gfm.build/Objects-normal/arm64/linked_list.o -index-unit-output-path /cmark-gfm.build/Debug-iphonesimulator/cmark-gfm.build/Objects-normal/arm64/linked_list.o

ScanDependencies /Users/runner/work/orbit/orbit/.ewc-probe/.dd-ios/Build/Intermediates.noindex/cmark-gfm.build/Debug-iphonesimulator/cmark-gfm.build/Objects-normal/arm64/latex.o /Users/runner/work/orbit/orbit/.ewc-probe/.dd-ios/SourcePackages/checkouts/swift-cmark/src/latex.c normal arm64 c com.apple.compilers.llvm.clang.1_0.compiler (in target 'cmark-gfm' from project 'cmark-gfm')
    cd /Users/runner/work/orbit/orbit/.ewc-probe/EwcProbe.xcodeproj
    
    Using response file: /Users/runner/work/orbit/orbit/.ewc-probe/.dd-ios/Build/Intermediates.noindex/cmark-gfm.build/Debug-iphonesimulator/cmark-gfm.build/Objects-normal/arm64/7187679823f38a2a940e0043cdf9d637-common-args.resp
    
    builtin-ScanDependencies -o /Users/runner/work/orbit/orbit/.ewc-probe/.dd-ios/Build/Intermediates.noindex/cmark-gfm.build/Debug-iphonesimulator/cmark-gfm.build/Objects-normal/arm64/latex.o.scan -- /Applications/Xcode_26.6.app/Contents/Developer/Toolchains/XcodeDefault.xctoolchain/usr/bin/clang -x c -ivfsstatcache /Users/runner/work/orbit/orbit/.ewc-probe/.dd-ios/SDKStatCaches.noindex/iphonesimulator26.5-23F81a-688ef53f1462e2c8f657fdc38a81448ff45c64a1807a658693f2a61704f17a36.sdkstatcache -target arm64-apple-ios12.0-simulator -fmessage-length\=0 -fdiagnostics-show-note-include-stack -fmacro-backtrace-limit\=0 -fno-color-diagnostics -fmodules-prune-interval\=86400 -fmodules-prune-after\=345600 -fbuild-session-file\=/Users/runner/work/orbit/orbit/.ewc-probe/.dd-ios/ModuleCache.noindex/Session.modulevalidation -fmodules-validate-once-per-build-session -Wnon-modular-include-in-framework-module -Werror\=non-modular-include-in-framework-module -Wno-trigraphs -Wno-missing-field-initializers -Wno-missing-prototypes -Wno-return-type -Wno-missing-braces -Wparentheses -Wswitch -Wno-unused-function -Wno-unused-label -Wno-unused-parameter -Wno-unused-variable -Wunused-value -Wno-empty-body -Wno-uninitialized -Wno-unknown-pragmas -w -Wno-shadow -Wno-four-char-constants -Wno-conversion -Wno-constant-conversion -Wno-int-conversion -Wno-bool-conversion -Wno-enum-conversion -Wno-float-conversion -Wno-non-literal-null-conversion -Wno-objc-literal-conversion -Wshorten-64-to-32 -Wpointer-sign -Wno-newline-eof -Wno-implicit-fallthrough -isysroot /Applications/Xcode_26.6.app/Contents/Developer/Platforms/iPhoneSimulator.platform/Developer/SDKs/iPhoneSimulator26.5.sdk -fstrict-aliasing -Wdeprecated-declarations -Wno-sign-conversion -Wno-infinite-recursion -Wno-comma -Wno-block-capture-autoreleasing -Wno-strict-prototypes -Wno-semicolon-before-method-body -index-store-path /Users/runner/work/orbit/orbit/.ewc-probe/.dd-ios/Index.noindex/DataStore @/Users/runner/work/orbit/orbit/.ewc-probe/.dd-ios/Build/Intermediates.noindex/cmark-gfm.build/Debug-iphonesimulator/cmark-gfm.build/Objects-normal/arm64/7187679823f38a2a940e0043cdf9d637-common-args.resp -MMD -MT dependencies -MF /Users/runner/work/orbit/orbit/.ewc-probe/.dd-ios/Build/Intermediates.noindex/cmark-gfm.build/Debug-iphonesimulator/cmark-gfm.build/Objects-normal/arm64/latex.d --serialize-diagnostics /Users/runner/work/orbit/orbit/.ewc-probe/.dd-ios/Build/Intermediates.noindex/cmark-gfm.build/Debug-iphonesimulator/cmark-gfm.build/Objects-normal/arm64/latex.dia -c /Users/runner/work/orbit/orbit/.ewc-probe/.dd-ios/SourcePackages/checkouts/swift-cmark/src/latex.c -o /Users/runner/work/orbit/orbit/.ewc-probe/.dd-ios/Build/Intermediates.noindex/cmark-gfm.build/Debug-iphonesimulator/cmark-gfm.build/Objects-normal/arm64/latex.o -index-unit-output-path /cmark-gfm.build/Debug-iphonesimulator/cmark-gfm.build/Objects-normal/arm64/latex.o

ScanDependencies /Users/runner/work/orbit/orbit/.ewc-probe/.dd-ios/Build/Intermediates.noindex/cmark-gfm.build/Debug-iphonesimulator/cmark-gfm.build/Objects-normal/arm64/iterator.o /Users/runner/work/orbit/orbit/.ewc-probe/.dd-ios/SourcePackages/checkouts/swift-cmark/src/iterator.c normal arm64 c com.apple.compilers.llvm.clang.1_0.compiler (in target 'cmark-gfm' from project 'cmark-gfm')
    cd /Users/runner/work/orbit/orbit/.ewc-probe/EwcProbe.xcodeproj
    
    Using response file: /Users/runner/work/orbit/orbit/.ewc-probe/.dd-ios/Build/Intermediates.noindex/cmark-gfm.build/Debug-iphonesimulator/cmark-gfm.build/Objects-normal/arm64/7187679823f38a2a940e0043cdf9d637-common-args.resp
    
    builtin-ScanDependencies -o /Users/runner/work/orbit/orbit/.ewc-probe/.dd-ios/Build/Intermediates.noindex/cmark-gfm.build/Debug-iphonesimulator/cmark-gfm.build/Objects-normal/arm64/iterator.o.scan -- /Applications/Xcode_26.6.app/Contents/Developer/Toolchains/XcodeDefault.xctoolchain/usr/bin/clang -x c -ivfsstatcache /Users/runner/work/orbit/orbit/.ewc-probe/.dd-ios/SDKStatCaches.noindex/iphonesimulator26.5-23F81a-688ef53f1462e2c8f657fdc38a81448ff45c64a1807a658693f2a61704f17a36.sdkstatcache -target arm64-apple-ios12.0-simulator -fmessage-length\=0 -fdiagnostics-show-note-include-stack -fmacro-backtrace-limit\=0 -fno-color-diagnostics -fmodules-prune-interval\=86400 -fmodules-prune-after\=345600 -fbuild-session-file\=/Users/runner/work/orbit/orbit/.ewc-probe/.dd-ios/ModuleCache.noindex/Session.modulevalidation -fmodules-validate-once-per-build-session -Wnon-modular-include-in-framework-module -Werror\=non-modular-include-in-framework-module -Wno-trigraphs -Wno-missing-field-initializers -Wno-missing-prototypes -Wno-return-type -Wno-missing-braces -Wparentheses -Wswitch -Wno-unused-function -Wno-unused-label -Wno-unused-parameter -Wno-unused-variable -Wunused-value -Wno-empty-body -Wno-uninitialized -Wno-unknown-pragmas -w -Wno-shadow -Wno-four-char-constants -Wno-conversion -Wno-constant-conversion -Wno-int-conversion -Wno-bool-conversion -Wno-enum-conversion -Wno-float-conversion -Wno-non-literal-null-conversion -Wno-objc-literal-conversion -Wshorten-64-to-32 -Wpointer-sign -Wno-newline-eof -Wno-implicit-fallthrough -isysroot /Applications/Xcode_26.6.app/Contents/Developer/Platforms/iPhoneSimulator.platform/Developer/SDKs/iPhoneSimulator26.5.sdk -fstrict-aliasing -Wdeprecated-declarations -Wno-sign-conversion -Wno-infinite-recursion -Wno-comma -Wno-block-capture-autoreleasing -Wno-strict-prototypes -Wno-semicolon-before-method-body -index-store-path /Users/runner/work/orbit/orbit/.ewc-probe/.dd-ios/Index.noindex/DataStore @/Users/runner/work/orbit/orbit/.ewc-probe/.dd-ios/Build/Intermediates.noindex/cmark-gfm.build/Debug-iphonesimulator/cmark-gfm.build/Objects-normal/arm64/7187679823f38a2a940e0043cdf9d637-common-args.resp -MMD -MT dependencies -MF /Users/runner/work/orbit/orbit/.ewc-probe/.dd-ios/Build/Intermediates.noindex/cmark-gfm.build/Debug-iphonesimulator/cmark-gfm.build/Objects-normal/arm64/iterator.d --serialize-diagnostics /Users/runner/work/orbit/orbit/.ewc-probe/.dd-ios/Build/Intermediates.noindex/cmark-gfm.build/Debug-iphonesimulator/cmark-gfm.build/Objects-normal/arm64/iterator.dia -c /Users/runner/work/orbit/orbit/.ewc-probe/.dd-ios/SourcePackages/checkouts/swift-cmark/src/iterator.c -o /Users/runner/work/orbit/orbit/.ewc-probe/.dd-ios/Build/Intermediates.noindex/cmark-gfm.build/Debug-iphonesimulator/cmark-gfm.build/Objects-normal/arm64/iterator.o -index-unit-output-path /cmark-gfm.build/Debug-iphonesimulator/cmark-gfm.build/Objects-normal/arm64/iterator.o

ScanDependencies /Users/runner/work/orbit/orbit/.ewc-probe/.dd-ios/Build/Intermediates.noindex/cmark-gfm.build/Debug-iphonesimulator/cmark-gfm.build/Objects-normal/arm64/inlines.o /Users/runner/work/orbit/orbit/.ewc-probe/.dd-ios/SourcePackages/checkouts/swift-cmark/src/inlines.c normal arm64 c com.apple.compilers.llvm.clang.1_0.compiler (in target 'cmark-gfm' from project 'cmark-gfm')
    cd /Users/runner/work/orbit/orbit/.ewc-probe/EwcProbe.xcodeproj
    
    Using response file: /Users/runner/work/orbit/orbit/.ewc-probe/.dd-ios/Build/Intermediates.noindex/cmark-gfm.build/Debug-iphonesimulator/cmark-gfm.build/Objects-normal/arm64/7187679823f38a2a940e0043cdf9d637-common-args.resp
    
    builtin-ScanDependencies -o /Users/runner/work/orbit/orbit/.ewc-probe/.dd-ios/Build/Intermediates.noindex/cmark-gfm.build/Debug-iphonesimulator/cmark-gfm.build/Objects-normal/arm64/inlines.o.scan -- /Applications/Xcode_26.6.app/Contents/Developer/Toolchains/XcodeDefault.xctoolchain/usr/bin/clang -x c -ivfsstatcache /Users/runner/work/orbit/orbit/.ewc-probe/.dd-ios/SDKStatCaches.noindex/iphonesimulator26.5-23F81a-688ef53f1462e2c8f657fdc38a81448ff45c64a1807a658693f2a61704f17a36.sdkstatcache -target arm64-apple-ios12.0-simulator -fmessage-length\=0 -fdiagnostics-show-note-include-stack -fmacro-backtrace-limit\=0 -fno-color-diagnostics -fmodules-prune-interval\=86400 -fmodules-prune-after\=345600 -fbuild-session-file\=/Users/runner/work/orbit/orbit/.ewc-probe/.dd-ios/ModuleCache.noindex/Session.modulevalidation -fmodules-validate-once-per-build-session -Wnon-modular-include-in-framework-module -Werror\=non-modular-include-in-framework-module -Wno-trigraphs -Wno-missing-field-initializers -Wno-missing-prototypes -Wno-return-type -Wno-missing-braces -Wparentheses -Wswitch -Wno-unused-function -Wno-unused-label -Wno-unused-parameter -Wno-unused-variable -Wunused-value -Wno-empty-body -Wno-uninitialized -Wno-unknown-pragmas -w -Wno-shadow -Wno-four-char-constants -Wno-conversion -Wno-constant-conversion -Wno-int-conversion -Wno-bool-conversion -Wno-enum-conversion -Wno-float-conversion -Wno-non-literal-null-conversion -Wno-objc-literal-conversion -Wshorten-64-to-32 -Wpointer-sign -Wno-newline-eof -Wno-implicit-fallthrough -isysroot /Applications/Xcode_26.6.app/Contents/Developer/Platforms/iPhoneSimulator.platform/Developer/SDKs/iPhoneSimulator26.5.sdk -fstrict-aliasing -Wdeprecated-declarations -Wno-sign-conversion -Wno-infinite-recursion -Wno-comma -Wno-block-capture-autoreleasing -Wno-strict-prototypes -Wno-semicolon-before-method-body -index-store-path /Users/runner/work/orbit/orbit/.ewc-probe/.dd-ios/Index.noindex/DataStore @/Users/runner/work/orbit/orbit/.ewc-probe/.dd-ios/Build/Intermediates.noindex/cmark-gfm.build/Debug-iphonesimulator/cmark-gfm.build/Objects-normal/arm64/7187679823f38a2a940e0043cdf9d637-common-args.resp -MMD -MT dependencies -MF /Users/runner/work/orbit/orbit/.ewc-probe/.dd-ios/Build/Intermediates.noindex/cmark-gfm.build/Debug-iphonesimulator/cmark-gfm.build/Objects-normal/arm64/inlines.d --serialize-diagnostics /Users/runner/work/orbit/orbit/.ewc-probe/.dd-ios/Build/Intermediates.noindex/cmark-gfm.build/Debug-iphonesimulator/cmark-gfm.build/Objects-normal/arm64/inlines.dia -c /Users/runner/work/orbit/orbit/.ewc-probe/.dd-ios/SourcePackages/checkouts/swift-cmark/src/inlines.c -o /Users/runner/work/orbit/orbit/.ewc-probe/.dd-ios/Build/Intermediates.noindex/cmark-gfm.build/Debug-iphonesimulator/cmark-gfm.build/Objects-normal/arm64/inlines.o -index-unit-output-path /cmark-gfm.build/Debug-iphonesimulator/cmark-gfm.build/Objects-normal/arm64/inlines.o

ScanDependencies /Users/runner/work/orbit/orbit/.ewc-probe/.dd-ios/Build/Intermediates.noindex/cmark-gfm.build/Debug-iphonesimulator/cmark-gfm.build/Objects-normal/arm64/html.o /Users/runner/work/orbit/orbit/.ewc-probe/.dd-ios/SourcePackages/checkouts/swift-cmark/src/html.c normal arm64 c com.apple.compilers.llvm.clang.1_0.compiler (in target 'cmark-gfm' from project 'cmark-gfm')
    cd /Users/runner/work/orbit/orbit/.ewc-probe/EwcProbe.xcodeproj
    
    Using response file: /Users/runner/work/orbit/orbit/.ewc-probe/.dd-ios/Build/Intermediates.noindex/cmark-gfm.build/Debug-iphonesimulator/cmark-gfm.build/Objects-normal/arm64/7187679823f38a2a940e0043cdf9d637-common-args.resp
    
    builtin-ScanDependencies -o /Users/runner/work/orbit/orbit/.ewc-probe/.dd-ios/Build/Intermediates.noindex/cmark-gfm.build/Debug-iphonesimulator/cmark-gfm.build/Objects-normal/arm64/html.o.scan -- /Applications/Xcode_26.6.app/Contents/Developer/Toolchains/XcodeDefault.xctoolchain/usr/bin/clang -x c -ivfsstatcache /Users/runner/work/orbit/orbit/.ewc-probe/.dd-ios/SDKStatCaches.noindex/iphonesimulator26.5-23F81a-688ef53f1462e2c8f657fdc38a81448ff45c64a1807a658693f2a61704f17a36.sdkstatcache -target arm64-apple-ios12.0-simulator -fmessage-length\=0 -fdiagnostics-show-note-include-stack -fmacro-backtrace-limit\=0 -fno-color-diagnostics -fmodules-prune-interval\=86400 -fmodules-prune-after\=345600 -fbuild-session-file\=/Users/runner/work/orbit/orbit/.ewc-probe/.dd-ios/ModuleCache.noindex/Session.modulevalidation -fmodules-validate-once-per-build-session -Wnon-modular-include-in-framework-module -Werror\=non-modular-include-in-framework-module -Wno-trigraphs -Wno-missing-field-initializers -Wno-missing-prototypes -Wno-return-type -Wno-missing-braces -Wparentheses -Wswitch -Wno-unused-function -Wno-unused-label -Wno-unused-parameter -Wno-unused-variable -Wunused-value -Wno-empty-body -Wno-uninitialized -Wno-unknown-pragmas -w -Wno-shadow -Wno-four-char-constants -Wno-conversion -Wno-constant-conversion -Wno-int-conversion -Wno-bool-conversion -Wno-enum-conversion -Wno-float-conversion -Wno-non-literal-null-conversion -Wno-objc-literal-conversion -Wshorten-64-to-32 -Wpointer-sign -Wno-newline-eof -Wno-implicit-fallthrough -isysroot /Applications/Xcode_26.6.app/Contents/Developer/Platforms/iPhoneSimulator.platform/Developer/SDKs/iPhoneSimulator26.5.sdk -fstrict-aliasing -Wdeprecated-declarations -Wno-sign-conversion -Wno-infinite-recursion -Wno-comma -Wno-block-capture-autoreleasing -Wno-strict-prototypes -Wno-semicolon-before-method-body -index-store-path /Users/runner/work/orbit/orbit/.ewc-probe/.dd-ios/Index.noindex/DataStore @/Users/runner/work/orbit/orbit/.ewc-probe/.dd-ios/Build/Intermediates.noindex/cmark-gfm.build/Debug-iphonesimulator/cmark-gfm.build/Objects-normal/arm64/7187679823f38a2a940e0043cdf9d637-common-args.resp -MMD -MT dependencies -MF /Users/runner/work/orbit/orbit/.ewc-probe/.dd-ios/Build/Intermediates.noindex/cmark-gfm.build/Debug-iphonesimulator/cmark-gfm.build/Objects-normal/arm64/html.d --serialize-diagnostics /Users/runner/work/orbit/orbit/.ewc-probe/.dd-ios/Build/Intermediates.noindex/cmark-gfm.build/Debug-iphonesimulator/cmark-gfm.build/Objects-normal/arm64/html.dia -c /Users/runner/work/orbit/orbit/.ewc-probe/.dd-ios/SourcePackages/checkouts/swift-cmark/src/html.c -o /Users/runner/work/orbit/orbit/.ewc-probe/.dd-ios/Build/Intermediates.noindex/cmark-gfm.build/Debug-iphonesimulator/cmark-gfm.build/Objects-normal/arm64/html.o -index-unit-output-path /cmark-gfm.build/Debug-iphonesimulator/cmark-gfm.build/Objects-normal/arm64/html.o

ScanDependencies /Users/runner/work/orbit/orbit/.ewc-probe/.dd-ios/Build/Intermediates.noindex/cmark-gfm.build/Debug-iphonesimulator/cmark-gfm.build/Objects-normal/arm64/houdini_html_u.o /Users/runner/work/orbit/orbit/.ewc-probe/.dd-ios/SourcePackages/checkouts/swift-cmark/src/houdini_html_u.c normal arm64 c com.apple.compilers.llvm.clang.1_0.compiler (in target 'cmark-gfm' from project 'cmark-gfm')
    cd /Users/runner/work/orbit/orbit/.ewc-probe/EwcProbe.xcodeproj
    
    Using response file: /Users/runner/work/orbit/orbit/.ewc-probe/.dd-ios/Build/Intermediates.noindex/cmark-gfm.build/Debug-iphonesimulator/cmark-gfm.build/Objects-normal/arm64/7187679823f38a2a940e0043cdf9d637-common-args.resp
    
    builtin-ScanDependencies -o /Users/runner/work/orbit/orbit/.ewc-probe/.dd-ios/Build/Intermediates.noindex/cmark-gfm.build/Debug-iphonesimulator/cmark-gfm.build/Objects-normal/arm64/houdini_html_u.o.scan -- /Applications/Xcode_26.6.app/Contents/Developer/Toolchains/XcodeDefault.xctoolchain/usr/bin/clang -x c -ivfsstatcache /Users/runner/work/orbit/orbit/.ewc-probe/.dd-ios/SDKStatCaches.noindex/iphonesimulator26.5-23F81a-688ef53f1462e2c8f657fdc38a81448ff45c64a1807a658693f2a61704f17a36.sdkstatcache -target arm64-apple-ios12.0-simulator -fmessage-length\=0 -fdiagnostics-show-note-include-stack -fmacro-backtrace-limit\=0 -fno-color-diagnostics -fmodules-prune-interval\=86400 -fmodules-prune-after\=345600 -fbuild-session-file\=/Users/runner/work/orbit/orbit/.ewc-probe/.dd-ios/ModuleCache.noindex/Session.modulevalidation -fmodules-validate-once-per-build-session -Wnon-modular-include-in-framework-module -Werror\=non-modular-include-in-framework-module -Wno-trigraphs -Wno-missing-field-initializers -Wno-missing-prototypes -Wno-return-type -Wno-missing-braces -Wparentheses -Wswitch -Wno-unused-function -Wno-unused-label -Wno-unused-parameter -Wno-unused-variable -Wunused-value -Wno-empty-body -Wno-uninitialized -Wno-unknown-pragmas -w -Wno-shadow -Wno-four-char-constants -Wno-conversion -Wno-constant-conversion -Wno-int-conversion -Wno-bool-conversion -Wno-enum-conversion -Wno-float-conversion -Wno-non-literal-null-conversion -Wno-objc-literal-conversion -Wshorten-64-to-32 -Wpointer-sign -Wno-newline-eof -Wno-implicit-fallthrough -isysroot /Applications/Xcode_26.6.app/Contents/Developer/Platforms/iPhoneSimulator.platform/Developer/SDKs/iPhoneSimulator26.5.sdk -fstrict-aliasing -Wdeprecated-declarations -Wno-sign-conversion -Wno-infinite-recursion -Wno-comma -Wno-block-capture-autoreleasing -Wno-strict-prototypes -Wno-semicolon-before-method-body -index-store-path /Users/runner/work/orbit/orbit/.ewc-probe/.dd-ios/Index.noindex/DataStore @/Users/runner/work/orbit/orbit/.ewc-probe/.dd-ios/Build/Intermediates.noindex/cmark-gfm.build/Debug-iphonesimulator/cmark-gfm.build/Objects-normal/arm64/7187679823f38a2a940e0043cdf9d637-common-args.resp -MMD -MT dependencies -MF /Users/runner/work/orbit/orbit/.ewc-probe/.dd-ios/Build/Intermediates.noindex/cmark-gfm.build/Debug-iphonesimulator/cmark-gfm.build/Objects-normal/arm64/houdini_html_u.d --serialize-diagnostics /Users/runner/work/orbit/orbit/.ewc-probe/.dd-ios/Build/Intermediates.noindex/cmark-gfm.build/Debug-iphonesimulator/cmark-gfm.build/Objects-normal/arm64/houdini_html_u.dia -c /Users/runner/work/orbit/orbit/.ewc-probe/.dd-ios/SourcePackages/checkouts/swift-cmark/src/houdini_html_u.c -o /Users/runner/work/orbit/orbit/.ewc-probe/.dd-ios/Build/Intermediates.noindex/cmark-gfm.build/Debug-iphonesimulator/cmark-gfm.build/Objects-normal/arm64/houdini_html_u.o -index-unit-output-path /cmark-gfm.build/Debug-iphonesimulator/cmark-gfm.build/Objects-normal/arm64/houdini_html_u.o

ScanDependencies /Users/runner/work/orbit/orbit/.ewc-probe/.dd-ios/Build/Intermediates.noindex/cmark-gfm.build/Debug-iphonesimulator/cmark-gfm.build/Objects-normal/arm64/houdini_html_e.o /Users/runner/work/orbit/orbit/.ewc-probe/.dd-ios/SourcePackages/checkouts/swift-cmark/src/houdini_html_e.c normal arm64 c com.apple.compilers.llvm.clang.1_0.compiler (in target 'cmark-gfm' from project 'cmark-gfm')
    cd /Users/runner/work/orbit/orbit/.ewc-probe/EwcProbe.xcodeproj
    
    Using response file: /Users/runner/work/orbit/orbit/.ewc-probe/.dd-ios/Build/Intermediates.noindex/cmark-gfm.build/Debug-iphonesimulator/cmark-gfm.build/Objects-normal/arm64/7187679823f38a2a940e0043cdf9d637-common-args.resp
    
    builtin-ScanDependencies -o /Users/runner/work/orbit/orbit/.ewc-probe/.dd-ios/Build/Intermediates.noindex/cmark-gfm.build/Debug-iphonesimulator/cmark-gfm.build/Objects-normal/arm64/houdini_html_e.o.scan -- /Applications/Xcode_26.6.app/Contents/Developer/Toolchains/XcodeDefault.xctoolchain/usr/bin/clang -x c -ivfsstatcache /Users/runner/work/orbit/orbit/.ewc-probe/.dd-ios/SDKStatCaches.noindex/iphonesimulator26.5-23F81a-688ef53f1462e2c8f657fdc38a81448ff45c64a1807a658693f2a61704f17a36.sdkstatcache -target arm64-apple-ios12.0-simulator -fmessage-length\=0 -fdiagnostics-show-note-include-stack -fmacro-backtrace-limit\=0 -fno-color-diagnostics -fmodules-prune-interval\=86400 -fmodules-prune-after\=345600 -fbuild-session-file\=/Users/runner/work/orbit/orbit/.ewc-probe/.dd-ios/ModuleCache.noindex/Session.modulevalidation -fmodules-validate-once-per-build-session -Wnon-modular-include-in-framework-module -Werror\=non-modular-include-in-framework-module -Wno-trigraphs -Wno-missing-field-initializers -Wno-missing-prototypes -Wno-return-type -Wno-missing-braces -Wparentheses -Wswitch -Wno-unused-function -Wno-unused-label -Wno-unused-parameter -Wno-unused-variable -Wunused-value -Wno-empty-body -Wno-uninitialized -Wno-unknown-pragmas -w -Wno-shadow -Wno-four-char-constants -Wno-conversion -Wno-constant-conversion -Wno-int-conversion -Wno-bool-conversion -Wno-enum-conversion -Wno-float-conversion -Wno-non-literal-null-conversion -Wno-objc-literal-conversion -Wshorten-64-to-32 -Wpointer-sign -Wno-newline-eof -Wno-implicit-fallthrough -isysroot /Applications/Xcode_26.6.app/Contents/Developer/Platforms/iPhoneSimulator.platform/Developer/SDKs/iPhoneSimulator26.5.sdk -fstrict-aliasing -Wdeprecated-declarations -Wno-sign-conversion -Wno-infinite-recursion -Wno-comma -Wno-block-capture-autoreleasing -Wno-strict-prototypes -Wno-semicolon-before-method-body -index-store-path /Users/runner/work/orbit/orbit/.ewc-probe/.dd-ios/Index.noindex/DataStore @/Users/runner/work/orbit/orbit/.ewc-probe/.dd-ios/Build/Intermediates.noindex/cmark-gfm.build/Debug-iphonesimulator/cmark-gfm.build/Objects-normal/arm64/7187679823f38a2a940e0043cdf9d637-common-args.resp -MMD -MT dependencies -MF /Users/runner/work/orbit/orbit/.ewc-probe/.dd-ios/Build/Intermediates.noindex/cmark-gfm.build/Debug-iphonesimulator/cmark-gfm.build/Objects-normal/arm64/houdini_html_e.d --serialize-diagnostics /Users/runner/work/orbit/orbit/.ewc-probe/.dd-ios/Build/Intermediates.noindex/cmark-gfm.build/Debug-iphonesimulator/cmark-gfm.build/Objects-normal/arm64/houdini_html_e.dia -c /Users/runner/work/orbit/orbit/.ewc-probe/.dd-ios/SourcePackages/checkouts/swift-cmark/src/houdini_html_e.c -o /Users/runner/work/orbit/orbit/.ewc-probe/.dd-ios/Build/Intermediates.noindex/cmark-gfm.build/Debug-iphonesimulator/cmark-gfm.build/Objects-normal/arm64/houdini_html_e.o -index-unit-output-path /cmark-gfm.build/Debug-iphonesimulator/cmark-gfm.build/Objects-normal/arm64/houdini_html_e.o

CompileC /Users/runner/work/orbit/orbit/.ewc-probe/.dd-ios/Build/Intermediates.noindex/cmark-gfm.build/Debug-iphonesimulator/cmark-gfm.build/Objects-normal/arm64/xml.o /Users/runner/work/orbit/orbit/.ewc-probe/.dd-ios/SourcePackages/checkouts/swift-cmark/src/xml.c normal arm64 c com.apple.compilers.llvm.clang.1_0.compiler (in target 'cmark-gfm' from project 'cmark-gfm')
    cd /Users/runner/work/orbit/orbit/.ewc-probe/EwcProbe.xcodeproj
    
    Using response file: /Users/runner/work/orbit/orbit/.ewc-probe/.dd-ios/Build/Intermediates.noindex/cmark-gfm.build/Debug-iphonesimulator/cmark-gfm.build/Objects-normal/arm64/7187679823f38a2a940e0043cdf9d637-common-args.resp
    
    /Applications/Xcode_26.6.app/Contents/Developer/Toolchains/XcodeDefault.xctoolchain/usr/bin/clang -x c -ivfsstatcache /Users/runner/work/orbit/orbit/.ewc-probe/.dd-ios/SDKStatCaches.noindex/iphonesimulator26.5-23F81a-688ef53f1462e2c8f657fdc38a81448ff45c64a1807a658693f2a61704f17a36.sdkstatcache -target arm64-apple-ios12.0-simulator -fmessage-length\=0 -fdiagnostics-show-note-include-stack -fmacro-backtrace-limit\=0 -fno-color-diagnostics -fmodules-prune-interval\=86400 -fmodules-prune-after\=345600 -fbuild-session-file\=/Users/runner/work/orbit/orbit/.ewc-probe/.dd-ios/ModuleCache.noindex/Session.modulevalidation -fmodules-validate-once-per-build-session -Wnon-modular-include-in-framework-module -Werror\=non-modular-include-in-framework-module -Wno-trigraphs -Wno-missing-field-initializers -Wno-missing-prototypes -Wno-return-type -Wno-missing-braces -Wparentheses -Wswitch -Wno-unused-function -Wno-unused-label -Wno-unused-parameter -Wno-unused-variable -Wunused-value -Wno-empty-body -Wno-uninitialized -Wno-unknown-pragmas -w -Wno-shadow -Wno-four-char-constants -Wno-conversion -Wno-constant-conversion -Wno-int-conversion -Wno-bool-conversion -Wno-enum-conversion -Wno-float-conversion -Wno-non-literal-null-conversion -Wno-objc-literal-conversion -Wshorten-64-to-32 -Wpointer-sign -Wno-newline-eof -Wno-implicit-fallthrough -isysroot /Applications/Xcode_26.6.app/Contents/Developer/Platforms/iPhoneSimulator.platform/Developer/SDKs/iPhoneSimulator26.5.sdk -fstrict-aliasing -Wdeprecated-declarations -Wno-sign-conversion -Wno-infinite-recursion -Wno-comma -Wno-block-capture-autoreleasing -Wno-strict-prototypes -Wno-semicolon-before-method-body -index-store-path /Users/runner/work/orbit/orbit/.ewc-probe/.dd-ios/Index.noindex/DataStore @/Users/runner/work/orbit/orbit/.ewc-probe/.dd-ios/Build/Intermediates.noindex/cmark-gfm.build/Debug-iphonesimulator/cmark-gfm.build/Objects-normal/arm64/7187679823f38a2a940e0043cdf9d637-common-args.resp -MMD -MT dependencies -MF /Users/runner/work/orbit/orbit/.ewc-probe/.dd-ios/Build/Intermediates.noindex/cmark-gfm.build/Debug-iphonesimulator/cmark-gfm.build/Objects-normal/arm64/xml.d --serialize-diagnostics /Users/runner/work/orbit/orbit/.ewc-probe/.dd-ios/Build/Intermediates.noindex/cmark-gfm.build/Debug-iphonesimulator/cmark-gfm.build/Objects-normal/arm64/xml.dia -c /Users/runner/work/orbit/orbit/.ewc-probe/.dd-ios/SourcePackages/checkouts/swift-cmark/src/xml.c -o /Users/runner/work/orbit/orbit/.ewc-probe/.dd-ios/Build/Intermediates.noindex/cmark-gfm.build/Debug-iphonesimulator/cmark-gfm.build/Objects-normal/arm64/xml.o -index-unit-output-path /cmark-gfm.build/Debug-iphonesimulator/cmark-gfm.build/Objects-normal/arm64/xml.o

CompileC /Users/runner/work/orbit/orbit/.ewc-probe/.dd-ios/Build/Intermediates.noindex/cmark-gfm.build/Debug-iphonesimulator/cmark-gfm.build/Objects-normal/arm64/utf8.o /Users/runner/work/orbit/orbit/.ewc-probe/.dd-ios/SourcePackages/checkouts/swift-cmark/src/utf8.c normal arm64 c com.apple.compilers.llvm.clang.1_0.compiler (in target 'cmark-gfm' from project 'cmark-gfm')
    cd /Users/runner/work/orbit/orbit/.ewc-probe/EwcProbe.xcodeproj
    
    Using response file: /Users/runner/work/orbit/orbit/.ewc-probe/.dd-ios/Build/Intermediates.noindex/cmark-gfm.build/Debug-iphonesimulator/cmark-gfm.build/Objects-normal/arm64/7187679823f38a2a940e0043cdf9d637-common-args.resp
    
    /Applications/Xcode_26.6.app/Contents/Developer/Toolchains/XcodeDefault.xctoolchain/usr/bin/clang -x c -ivfsstatcache /Users/runner/work/orbit/orbit/.ewc-probe/.dd-ios/SDKStatCaches.noindex/iphonesimulator26.5-23F81a-688ef53f1462e2c8f657fdc38a81448ff45c64a1807a658693f2a61704f17a36.sdkstatcache -target arm64-apple-ios12.0-simulator -fmessage-length\=0 -fdiagnostics-show-note-include-stack -fmacro-backtrace-limit\=0 -fno-color-diagnostics -fmodules-prune-interval\=86400 -fmodules-prune-after\=345600 -fbuild-session-file\=/Users/runner/work/orbit/orbit/.ewc-probe/.dd-ios/ModuleCache.noindex/Session.modulevalidation -fmodules-validate-once-per-build-session -Wnon-modular-include-in-framework-module -Werror\=non-modular-include-in-framework-module -Wno-trigraphs -Wno-missing-field-initializers -Wno-missing-prototypes -Wno-return-type -Wno-missing-braces -Wparentheses -Wswitch -Wno-unused-function -Wno-unused-label -Wno-unused-parameter -Wno-unused-variable -Wunused-value -Wno-empty-body -Wno-uninitialized -Wno-unknown-pragmas -w -Wno-shadow -Wno-four-char-constants -Wno-conversion -Wno-constant-conversion -Wno-int-conversion -Wno-bool-conversion -Wno-enum-conversion -Wno-float-conversion -Wno-non-literal-null-conversion -Wno-objc-literal-conversion -Wshorten-64-to-32 -Wpointer-sign -Wno-newline-eof -Wno-implicit-fallthrough -isysroot /Applications/Xcode_26.6.app/Contents/Developer/Platforms/iPhoneSimulator.platform/Developer/SDKs/iPhoneSimulator26.5.sdk -fstrict-aliasing -Wdeprecated-declarations -Wno-sign-conversion -Wno-infinite-recursion -Wno-comma -Wno-block-capture-autoreleasing -Wno-strict-prototypes -Wno-semicolon-before-method-body -index-store-path /Users/runner/work/orbit/orbit/.ewc-probe/.dd-ios/Index.noindex/DataStore @/Users/runner/work/orbit/orbit/.ewc-probe/.dd-ios/Build/Intermediates.noindex/cmark-gfm.build/Debug-iphonesimulator/cmark-gfm.build/Objects-normal/arm64/7187679823f38a2a940e0043cdf9d637-common-args.resp -MMD -MT dependencies -MF /Users/runner/work/orbit/orbit/.ewc-probe/.dd-ios/Build/Intermediates.noindex/cmark-gfm.build/Debug-iphonesimulator/cmark-gfm.build/Objects-normal/arm64/utf8.d --serialize-diagnostics /Users/runner/work/orbit/orbit/.ewc-probe/.dd-ios/Build/Intermediates.noindex/cmark-gfm.build/Debug-iphonesimulator/cmark-gfm.build/Objects-normal/arm64/utf8.dia -c /Users/runner/work/orbit/orbit/.ewc-probe/.dd-ios/SourcePackages/checkouts/swift-cmark/src/utf8.c -o /Users/runner/work/orbit/orbit/.ewc-probe/.dd-ios/Build/Intermediates.noindex/cmark-gfm.build/Debug-iphonesimulator/cmark-gfm.build/Objects-normal/arm64/utf8.o -index-unit-output-path /cmark-gfm.build/Debug-iphonesimulator/cmark-gfm.build/Objects-normal/arm64/utf8.o

CompileC /Users/runner/work/orbit/orbit/.ewc-probe/.dd-ios/Build/Intermediates.noindex/cmark-gfm.build/Debug-iphonesimulator/cmark-gfm.build/Objects-normal/arm64/syntax_extension.o /Users/runner/work/orbit/orbit/.ewc-probe/.dd-ios/SourcePackages/checkouts/swift-cmark/src/syntax_extension.c normal arm64 c com.apple.compilers.llvm.clang.1_0.compiler (in target 'cmark-gfm' from project 'cmark-gfm')
    cd /Users/runner/work/orbit/orbit/.ewc-probe/EwcProbe.xcodeproj
    
    Using response file: /Users/runner/work/orbit/orbit/.ewc-probe/.dd-ios/Build/Intermediates.noindex/cmark-gfm.build/Debug-iphonesimulator/cmark-gfm.build/Objects-normal/arm64/7187679823f38a2a940e0043cdf9d637-common-args.resp
    
    /Applications/Xcode_26.6.app/Contents/Developer/Toolchains/XcodeDefault.xctoolchain/usr/bin/clang -x c -ivfsstatcache /Users/runner/work/orbit/orbit/.ewc-probe/.dd-ios/SDKStatCaches.noindex/iphonesimulator26.5-23F81a-688ef53f1462e2c8f657fdc38a81448ff45c64a1807a658693f2a61704f17a36.sdkstatcache -target arm64-apple-ios12.0-simulator -fmessage-length\=0 -fdiagnostics-show-note-include-stack -fmacro-backtrace-limit\=0 -fno-color-diagnostics -fmodules-prune-interval\=86400 -fmodules-prune-after\=345600 -fbuild-session-file\=/Users/runner/work/orbit/orbit/.ewc-probe/.dd-ios/ModuleCache.noindex/Session.modulevalidation -fmodules-validate-once-per-build-session -Wnon-modular-include-in-framework-module -Werror\=non-modular-include-in-framework-module -Wno-trigraphs -Wno-missing-field-initializers -Wno-missing-prototypes -Wno-return-type -Wno-missing-braces -Wparentheses -Wswitch -Wno-unused-function -Wno-unused-label -Wno-unused-parameter -Wno-unused-variable -Wunused-value -Wno-empty-body -Wno-uninitialized -Wno-unknown-pragmas -w -Wno-shadow -Wno-four-char-constants -Wno-conversion -Wno-constant-conversion -Wno-int-conversion -Wno-bool-conversion -Wno-enum-conversion -Wno-float-conversion -Wno-non-literal-null-conversion -Wno-objc-literal-conversion -Wshorten-64-to-32 -Wpointer-sign -Wno-newline-eof -Wno-implicit-fallthrough -isysroot /Applications/Xcode_26.6.app/Contents/Developer/Platforms/iPhoneSimulator.platform/Developer/SDKs/iPhoneSimulator26.5.sdk -fstrict-aliasing -Wdeprecated-declarations -Wno-sign-conversion -Wno-infinite-recursion -Wno-comma -Wno-block-capture-autoreleasing -Wno-strict-prototypes -Wno-semicolon-before-method-body -index-store-path /Users/runner/work/orbit/orbit/.ewc-probe/.dd-ios/Index.noindex/DataStore @/Users/runner/work/orbit/orbit/.ewc-probe/.dd-ios/Build/Intermediates.noindex/cmark-gfm.build/Debug-iphonesimulator/cmark-gfm.build/Objects-normal/arm64/7187679823f38a2a940e0043cdf9d637-common-args.resp -MMD -MT dependencies -MF /Users/runner/work/orbit/orbit/.ewc-probe/.dd-ios/Build/Intermediates.noindex/cmark-gfm.build/Debug-iphonesimulator/cmark-gfm.build/Objects-normal/arm64/syntax_extension.d --serialize-diagnostics /Users/runner/work/orbit/orbit/.ewc-probe/.dd-ios/Build/Intermediates.noindex/cmark-gfm.build/Debug-iphonesimulator/cmark-gfm.build/Objects-normal/arm64/syntax_extension.dia -c /Users/runner/work/orbit/orbit/.ewc-probe/.dd-ios/SourcePackages/checkouts/swift-cmark/src/syntax_extension.c -o /Users/runner/work/orbit/orbit/.ewc-probe/.dd-ios/Build/Intermediates.noindex/cmark-gfm.build/Debug-iphonesimulator/cmark-gfm.build/Objects-normal/arm64/syntax_extension.o -index-unit-output-path /cmark-gfm.build/Debug-iphonesimulator/cmark-gfm.build/Objects-normal/arm64/syntax_extension.o

SwiftExplicitDependencyGeneratePcm arm64 /Users/runner/work/orbit/orbit/.ewc-probe/.dd-ios/ModuleCache.noindex/_Builtin_float-D3NK76S1NQ06YWOY4IT9W78OM.pcm

SwiftExplicitDependencyGeneratePcm arm64 /Users/runner/work/orbit/orbit/.ewc-probe/.dd-ios/ModuleCache.noindex/_AvailabilityInternal-1ZK4YNZ7NNF9EZGHVGO6LJCTU.pcm

SwiftExplicitDependencyGeneratePcm arm64 /Users/runner/work/orbit/orbit/.ewc-probe/.dd-ios/ModuleCache.noindex/_SwiftConcurrencyShims-6N9AA4A6RZGKRA8RSWP3KB82R.pcm

SwiftExplicitDependencyGeneratePcm arm64 /Users/runner/work/orbit/orbit/.ewc-probe/.dd-ios/ModuleCache.noindex/_Builtin_stddef-4P17RMJB5QEDUI02T0WCWGF4I.pcm

SwiftExplicitDependencyGeneratePcm arm64 /Users/runner/work/orbit/orbit/.ewc-probe/.dd-ios/ModuleCache.noindex/_Builtin_stdbool-EIEQH9TEUQ30QT3FB26AF7V05.pcm

SwiftExplicitDependencyGeneratePcm arm64 /Users/runner/work/orbit/orbit/.ewc-probe/.dd-ios/ModuleCache.noindex/_Builtin_stdarg-1ODL54097KPYBBPI1PVGWHJDK.pcm

SwiftExplicitDependencyGeneratePcm arm64 /Users/runner/work/orbit/orbit/.ewc-probe/.dd-ios/ModuleCache.noindex/ptrauth-CBSQBNNWYY4859VK24Y7QMK3Y.pcm

SwiftExplicitDependencyGeneratePcm arm64 /Users/runner/work/orbit/orbit/.ewc-probe/.dd-ios/ModuleCache.noindex/ptrcheck-3XA963O4G30CV59DWFZ1IH5LR.pcm

SwiftExplicitDependencyGeneratePcm arm64 /Users/runner/work/orbit/orbit/.ewc-probe/.dd-ios/ModuleCache.noindex/SwiftShims-26SYVX3SPSQ6N0WEKBQNJ9PLZ.pcm

CompileC /Users/runner/work/orbit/orbit/.ewc-probe/.dd-ios/Build/Intermediates.noindex/cmark-gfm.build/Debug-iphonesimulator/cmark-gfm.build/Objects-normal/arm64/scanners.o /Users/runner/work/orbit/orbit/.ewc-probe/.dd-ios/SourcePackages/checkouts/swift-cmark/src/scanners.c normal arm64 c com.apple.compilers.llvm.clang.1_0.compiler (in target 'cmark-gfm' from project 'cmark-gfm')
    cd /Users/runner/work/orbit/orbit/.ewc-probe/EwcProbe.xcodeproj
    
    Using response file: /Users/runner/work/orbit/orbit/.ewc-probe/.dd-ios/Build/Intermediates.noindex/cmark-gfm.build/Debug-iphonesimulator/cmark-gfm.build/Objects-normal/arm64/7187679823f38a2a940e0043cdf9d637-common-args.resp
    
    /Applications/Xcode_26.6.app/Contents/Developer/Toolchains/XcodeDefault.xctoolchain/usr/bin/clang -x c -ivfsstatcache /Users/runner/work/orbit/orbit/.ewc-probe/.dd-ios/SDKStatCaches.noindex/iphonesimulator26.5-23F81a-688ef53f1462e2c8f657fdc38a81448ff45c64a1807a658693f2a61704f17a36.sdkstatcache -target arm64-apple-ios12.0-simulator -fmessage-length\=0 -fdiagnostics-show-note-include-stack -fmacro-backtrace-limit\=0 -fno-color-diagnostics -fmodules-prune-interval\=86400 -fmodules-prune-after\=345600 -fbuild-session-file\=/Users/runner/work/orbit/orbit/.ewc-probe/.dd-ios/ModuleCache.noindex/Session.modulevalidation -fmodules-validate-once-per-build-session -Wnon-modular-include-in-framework-module -Werror\=non-modular-include-in-framework-module -Wno-trigraphs -Wno-missing-field-initializers -Wno-missing-prototypes -Wno-return-type -Wno-missing-braces -Wparentheses -Wswitch -Wno-unused-function -Wno-unused-label -Wno-unused-parameter -Wno-unused-variable -Wunused-value -Wno-empty-body -Wno-uninitialized -Wno-unknown-pragmas -w -Wno-shadow -Wno-four-char-constants -Wno-conversion -Wno-constant-conversion -Wno-int-conversion -Wno-bool-conversion -Wno-enum-conversion -Wno-float-conversion -Wno-non-literal-null-conversion -Wno-objc-literal-conversion -Wshorten-64-to-32 -Wpointer-sign -Wno-newline-eof -Wno-implicit-fallthrough -isysroot /Applications/Xcode_26.6.app/Contents/Developer/Platforms/iPhoneSimulator.platform/Developer/SDKs/iPhoneSimulator26.5.sdk -fstrict-aliasing -Wdeprecated-declarations -Wno-sign-conversion -Wno-infinite-recursion -Wno-comma -Wno-block-capture-autoreleasing -Wno-strict-prototypes -Wno-semicolon-before-method-body -index-store-path /Users/runner/work/orbit/orbit/.ewc-probe/.dd-ios/Index.noindex/DataStore @/Users/runner/work/orbit/orbit/.ewc-probe/.dd-ios/Build/Intermediates.noindex/cmark-gfm.build/Debug-iphonesimulator/cmark-gfm.build/Objects-normal/arm64/7187679823f38a2a940e0043cdf9d637-common-args.resp -MMD -MT dependencies -MF /Users/runner/work/orbit/orbit/.ewc-probe/.dd-ios/Build/Intermediates.noindex/cmark-gfm.build/Debug-iphonesimulator/cmark-gfm.build/Objects-normal/arm64/scanners.d --serialize-diagnostics /Users/runner/work/orbit/orbit/.ewc-probe/.dd-ios/Build/Intermediates.noindex/cmark-gfm.build/Debug-iphonesimulator/cmark-gfm.build/Objects-normal/arm64/scanners.dia -c /Users/runner/work/orbit/orbit/.ewc-probe/.dd-ios/SourcePackages/checkouts/swift-cmark/src/scanners.c -o /Users/runner/work/orbit/orbit/.ewc-probe/.dd-ios/Build/Intermediates.noindex/cmark-gfm.build/Debug-iphonesimulator/cmark-gfm.build/Objects-normal/arm64/scanners.o -index-unit-output-path /cmark-gfm.build/Debug-iphonesimulator/cmark-gfm.build/Objects-normal/arm64/scanners.o

SwiftExplicitDependencyGeneratePcm arm64 /Users/runner/work/orbit/orbit/.ewc-probe/.dd-ios/ModuleCache.noindex/_DarwinFoundation1-4J82M7M4XINV0382QLU610J50.pcm

CompileC /Users/runner/work/orbit/orbit/.ewc-probe/.dd-ios/Build/Intermediates.noindex/cmark-gfm.build/Debug-iphonesimulator/cmark-gfm.build/Objects-normal/arm64/render.o /Users/runner/work/orbit/orbit/.ewc-probe/.dd-ios/SourcePackages/checkouts/swift-cmark/src/render.c normal arm64 c com.apple.compilers.llvm.clang.1_0.compiler (in target 'cmark-gfm' from project 'cmark-gfm')
    cd /Users/runner/work/orbit/orbit/.ewc-probe/EwcProbe.xcodeproj
    
    Using response file: /Users/runner/work/orbit/orbit/.ewc-probe/.dd-ios/Build/Intermediates.noindex/cmark-gfm.build/Debug-iphonesimulator/cmark-gfm.build/Objects-normal/arm64/7187679823f38a2a940e0043cdf9d637-common-args.resp
    
    /Applications/Xcode_26.6.app/Contents/Developer/Toolchains/XcodeDefault.xctoolchain/usr/bin/clang -x c -ivfsstatcache /Users/runner/work/orbit/orbit/.ewc-probe/.dd-ios/SDKStatCaches.noindex/iphonesimulator26.5-23F81a-688ef53f1462e2c8f657fdc38a81448ff45c64a1807a658693f2a61704f17a36.sdkstatcache -target arm64-apple-ios12.0-simulator -fmessage-length\=0 -fdiagnostics-show-note-include-stack -fmacro-backtrace-limit\=0 -fno-color-diagnostics -fmodules-prune-interval\=86400 -fmodules-prune-after\=345600 -fbuild-session-file\=/Users/runner/work/orbit/orbit/.ewc-probe/.dd-ios/ModuleCache.noindex/Session.modulevalidation -fmodules-validate-once-per-build-session -Wnon-modular-include-in-framework-module -Werror\=non-modular-include-in-framework-module -Wno-trigraphs -Wno-missing-field-initializers -Wno-missing-prototypes -Wno-return-type -Wno-missing-braces -Wparentheses -Wswitch -Wno-unused-function -Wno-unused-label -Wno-unused-parameter -Wno-unused-variable -Wunused-value -Wno-empty-body -Wno-uninitialized -Wno-unknown-pragmas -w -Wno-shadow -Wno-four-char-constants -Wno-conversion -Wno-constant-conversion -Wno-int-conversion -Wno-bool-conversion -Wno-enum-conversion -Wno-float-conversion -Wno-non-literal-null-conversion -Wno-objc-literal-conversion -Wshorten-64-to-32 -Wpointer-sign -Wno-newline-eof -Wno-implicit-fallthrough -isysroot /Applications/Xcode_26.6.app/Contents/Developer/Platforms/iPhoneSimulator.platform/Developer/SDKs/iPhoneSimulator26.5.sdk -fstrict-aliasing -Wdeprecated-declarations -Wno-sign-conversion -Wno-infinite-recursion -Wno-comma -Wno-block-capture-autoreleasing -Wno-strict-prototypes -Wno-semicolon-before-method-body -index-store-path /Users/runner/work/orbit/orbit/.ewc-probe/.dd-ios/Index.noindex/DataStore @/Users/runner/work/orbit/orbit/.ewc-probe/.dd-ios/Build/Intermediates.noindex/cmark-gfm.build/Debug-iphonesimulator/cmark-gfm.build/Objects-normal/arm64/7187679823f38a2a940e0043cdf9d637-common-args.resp -MMD -MT dependencies -MF /Users/runner/work/orbit/orbit/.ewc-probe/.dd-ios/Build/Intermediates.noindex/cmark-gfm.build/Debug-iphonesimulator/cmark-gfm.build/Objects-normal/arm64/render.d --serialize-diagnostics /Users/runner/work/orbit/orbit/.ewc-probe/.dd-ios/Build/Intermediates.noindex/cmark-gfm.build/Debug-iphonesimulator/cmark-gfm.build/Objects-normal/arm64/render.dia -c /Users/runner/work/orbit/orbit/.ewc-probe/.dd-ios/SourcePackages/checkouts/swift-cmark/src/render.c -o /Users/runner/work/orbit/orbit/.ewc-probe/.dd-ios/Build/Intermediates.noindex/cmark-gfm.build/Debug-iphonesimulator/cmark-gfm.build/Objects-normal/arm64/render.o -index-unit-output-path /cmark-gfm.build/Debug-iphonesimulator/cmark-gfm.build/Objects-normal/arm64/render.o

CompileC /Users/runner/work/orbit/orbit/.ewc-probe/.dd-ios/Build/Intermediates.noindex/cmark-gfm.build/Debug-iphonesimulator/cmark-gfm.build/Objects-normal/arm64/registry.o /Users/runner/work/orbit/orbit/.ewc-probe/.dd-ios/SourcePackages/checkouts/swift-cmark/src/registry.c normal arm64 c com.apple.compilers.llvm.clang.1_0.compiler (in target 'cmark-gfm' from project 'cmark-gfm')
    cd /Users/runner/work/orbit/orbit/.ewc-probe/EwcProbe.xcodeproj
    
    Using response file: /Users/runner/work/orbit/orbit/.ewc-probe/.dd-ios/Build/Intermediates.noindex/cmark-gfm.build/Debug-iphonesimulator/cmark-gfm.build/Objects-normal/arm64/7187679823f38a2a940e0043cdf9d637-common-args.resp
    
    /Applications/Xcode_26.6.app/Contents/Developer/Toolchains/XcodeDefault.xctoolchain/usr/bin/clang -x c -ivfsstatcache /Users/runner/work/orbit/orbit/.ewc-probe/.dd-ios/SDKStatCaches.noindex/iphonesimulator26.5-23F81a-688ef53f1462e2c8f657fdc38a81448ff45c64a1807a658693f2a61704f17a36.sdkstatcache -target arm64-apple-ios12.0-simulator -fmessage-length\=0 -fdiagnostics-show-note-include-stack -fmacro-backtrace-limit\=0 -fno-color-diagnostics -fmodules-prune-interval\=86400 -fmodules-prune-after\=345600 -fbuild-session-file\=/Users/runner/work/orbit/orbit/.ewc-probe/.dd-ios/ModuleCache.noindex/Session.modulevalidation -fmodules-validate-once-per-build-session -Wnon-modular-include-in-framework-module -Werror\=non-modular-include-in-framework-module -Wno-trigraphs -Wno-missing-field-initializers -Wno-missing-prototypes -Wno-return-type -Wno-missing-braces -Wparentheses -Wswitch -Wno-unused-function -Wno-unused-label -Wno-unused-parameter -Wno-unused-variable -Wunused-value -Wno-empty-body -Wno-uninitialized -Wno-unknown-pragmas -w -Wno-shadow -Wno-four-char-constants -Wno-conversion -Wno-constant-conversion -Wno-int-conversion -Wno-bool-conversion -Wno-enum-conversion -Wno-float-conversion -Wno-non-literal-null-conversion -Wno-objc-literal-conversion -Wshorten-64-to-32 -Wpointer-sign -Wno-newline-eof -Wno-implicit-fallthrough -isysroot /Applications/Xcode_26.6.app/Contents/Developer/Platforms/iPhoneSimulator.platform/Developer/SDKs/iPhoneSimulator26.5.sdk -fstrict-aliasing -Wdeprecated-declarations -Wno-sign-conversion -Wno-infinite-recursion -Wno-comma -Wno-block-capture-autoreleasing -Wno-strict-prototypes -Wno-semicolon-before-method-body -index-store-path /Users/runner/work/orbit/orbit/.ewc-probe/.dd-ios/Index.noindex/DataStore @/Users/runner/work/orbit/orbit/.ewc-probe/.dd-ios/Build/Intermediates.noindex/cmark-gfm.build/Debug-iphonesimulator/cmark-gfm.build/Objects-normal/arm64/7187679823f38a2a940e0043cdf9d637-common-args.resp -MMD -MT dependencies -MF /Users/runner/work/orbit/orbit/.ewc-probe/.dd-ios/Build/Intermediates.noindex/cmark-gfm.build/Debug-iphonesimulator/cmark-gfm.build/Objects-normal/arm64/registry.d --serialize-diagnostics /Users/runner/work/orbit/orbit/.ewc-probe/.dd-ios/Build/Intermediates.noindex/cmark-gfm.build/Debug-iphonesimulator/cmark-gfm.build/Objects-normal/arm64/registry.dia -c /Users/runner/work/orbit/orbit/.ewc-probe/.dd-ios/SourcePackages/checkouts/swift-cmark/src/registry.c -o /Users/runner/work/orbit/orbit/.ewc-probe/.dd-ios/Build/Intermediates.noindex/cmark-gfm.build/Debug-iphonesimulator/cmark-gfm.build/Objects-normal/arm64/registry.o -index-unit-output-path /cmark-gfm.build/Debug-iphonesimulator/cmark-gfm.build/Objects-normal/arm64/registry.o

SwiftExplicitDependencyGeneratePcm arm64 /Users/runner/work/orbit/orbit/.ewc-probe/.dd-ios/ModuleCache.noindex/_Builtin_limits-DUC62KEXJRILCX3V50SZ9XA7F.pcm

SwiftExplicitDependencyGeneratePcm arm64 /Users/runner/work/orbit/orbit/.ewc-probe/.dd-ios/ModuleCache.noindex/_DarwinFoundation2-BEN27U9CKUWR7Q8GN1MOJ8EGH.pcm

CompileC /Users/runner/work/orbit/orbit/.ewc-probe/.dd-ios/Build/Intermediates.noindex/cmark-gfm.build/Debug-iphonesimulator/cmark-gfm.build/Objects-normal/arm64/references.o /Users/runner/work/orbit/orbit/.ewc-probe/.dd-ios/SourcePackages/checkouts/swift-cmark/src/references.c normal arm64 c com.apple.compilers.llvm.clang.1_0.compiler (in target 'cmark-gfm' from project 'cmark-gfm')
    cd /Users/runner/work/orbit/orbit/.ewc-probe/EwcProbe.xcodeproj
    
    Using response file: /Users/runner/work/orbit/orbit/.ewc-probe/.dd-ios/Build/Intermediates.noindex/cmark-gfm.build/Debug-iphonesimulator/cmark-gfm.build/Objects-normal/arm64/7187679823f38a2a940e0043cdf9d637-common-args.resp
    
    /Applications/Xcode_26.6.app/Contents/Developer/Toolchains/XcodeDefault.xctoolchain/usr/bin/clang -x c -ivfsstatcache /Users/runner/work/orbit/orbit/.ewc-probe/.dd-ios/SDKStatCaches.noindex/iphonesimulator26.5-23F81a-688ef53f1462e2c8f657fdc38a81448ff45c64a1807a658693f2a61704f17a36.sdkstatcache -target arm64-apple-ios12.0-simulator -fmessage-length\=0 -fdiagnostics-show-note-include-stack -fmacro-backtrace-limit\=0 -fno-color-diagnostics -fmodules-prune-interval\=86400 -fmodules-prune-after\=345600 -fbuild-session-file\=/Users/runner/work/orbit/orbit/.ewc-probe/.dd-ios/ModuleCache.noindex/Session.modulevalidation -fmodules-validate-once-per-build-session -Wnon-modular-include-in-framework-module -Werror\=non-modular-include-in-framework-module -Wno-trigraphs -Wno-missing-field-initializers -Wno-missing-prototypes -Wno-return-type -Wno-missing-braces -Wparentheses -Wswitch -Wno-unused-function -Wno-unused-label -Wno-unused-parameter -Wno-unused-variable -Wunused-value -Wno-empty-body -Wno-uninitialized -Wno-unknown-pragmas -w -Wno-shadow -Wno-four-char-constants -Wno-conversion -Wno-constant-conversion -Wno-int-conversion -Wno-bool-conversion -Wno-enum-conversion -Wno-float-conversion -Wno-non-literal-null-conversion -Wno-objc-literal-conversion -Wshorten-64-to-32 -Wpointer-sign -Wno-newline-eof -Wno-implicit-fallthrough -isysroot /Applications/Xcode_26.6.app/Contents/Developer/Platforms/iPhoneSimulator.platform/Developer/SDKs/iPhoneSimulator26.5.sdk -fstrict-aliasing -Wdeprecated-declarations -Wno-sign-conversion -Wno-infinite-recursion -Wno-comma -Wno-block-capture-autoreleasing -Wno-strict-prototypes -Wno-semicolon-before-method-body -index-store-path /Users/runner/work/orbit/orbit/.ewc-probe/.dd-ios/Index.noindex/DataStore @/Users/runner/work/orbit/orbit/.ewc-probe/.dd-ios/Build/Intermediates.noindex/cmark-gfm.build/Debug-iphonesimulator/cmark-gfm.build/Objects-normal/arm64/7187679823f38a2a940e0043cdf9d637-common-args.resp -MMD -MT dependencies -MF /Users/runner/work/orbit/orbit/.ewc-probe/.dd-ios/Build/Intermediates.noindex/cmark-gfm.build/Debug-iphonesimulator/cmark-gfm.build/Objects-normal/arm64/references.d --serialize-diagnostics /Users/runner/work/orbit/orbit/.ewc-probe/.dd-ios/Build/Intermediates.noindex/cmark-gfm.build/Debug-iphonesimulator/cmark-gfm.build/Objects-normal/arm64/references.dia -c /Users/runner/work/orbit/orbit/.ewc-probe/.dd-ios/SourcePackages/checkouts/swift-cmark/src/references.c -o /Users/runner/work/orbit/orbit/.ewc-probe/.dd-ios/Build/Intermediates.noindex/cmark-gfm.build/Debug-iphonesimulator/cmark-gfm.build/Objects-normal/arm64/references.o -index-unit-output-path /cmark-gfm.build/Debug-iphonesimulator/cmark-gfm.build/Objects-normal/arm64/references.o

CompileC /Users/runner/work/orbit/orbit/.ewc-probe/.dd-ios/Build/Intermediates.noindex/cmark-gfm.build/Debug-iphonesimulator/cmark-gfm.build/Objects-normal/arm64/plugin.o /Users/runner/work/orbit/orbit/.ewc-probe/.dd-ios/SourcePackages/checkouts/swift-cmark/src/plugin.c normal arm64 c com.apple.compilers.llvm.clang.1_0.compiler (in target 'cmark-gfm' from project 'cmark-gfm')
    cd /Users/runner/work/orbit/orbit/.ewc-probe/EwcProbe.xcodeproj
    
    Using response file: /Users/runner/work/orbit/orbit/.ewc-probe/.dd-ios/Build/Intermediates.noindex/cmark-gfm.build/Debug-iphonesimulator/cmark-gfm.build/Objects-normal/arm64/7187679823f38a2a940e0043cdf9d637-common-args.resp
    
    /Applications/Xcode_26.6.app/Contents/Developer/Toolchains/XcodeDefault.xctoolchain/usr/bin/clang -x c -ivfsstatcache /Users/runner/work/orbit/orbit/.ewc-probe/.dd-ios/SDKStatCaches.noindex/iphonesimulator26.5-23F81a-688ef53f1462e2c8f657fdc38a81448ff45c64a1807a658693f2a61704f17a36.sdkstatcache -target arm64-apple-ios12.0-simulator -fmessage-length\=0 -fdiagnostics-show-note-include-stack -fmacro-backtrace-limit\=0 -fno-color-diagnostics -fmodules-prune-interval\=86400 -fmodules-prune-after\=345600 -fbuild-session-file\=/Users/runner/work/orbit/orbit/.ewc-probe/.dd-ios/ModuleCache.noindex/Session.modulevalidation -fmodules-validate-once-per-build-session -Wnon-modular-include-in-framework-module -Werror\=non-modular-include-in-framework-module -Wno-trigraphs -Wno-missing-field-initializers -Wno-missing-prototypes -Wno-return-type -Wno-missing-braces -Wparentheses -Wswitch -Wno-unused-function -Wno-unused-label -Wno-unused-parameter -Wno-unused-variable -Wunused-value -Wno-empty-body -Wno-uninitialized -Wno-unknown-pragmas -w -Wno-shadow -Wno-four-char-constants -Wno-conversion -Wno-constant-conversion -Wno-int-conversion -Wno-bool-conversion -Wno-enum-conversion -Wno-float-conversion -Wno-non-literal-null-conversion -Wno-objc-literal-conversion -Wshorten-64-to-32 -Wpointer-sign -Wno-newline-eof -Wno-implicit-fallthrough -isysroot /Applications/Xcode_26.6.app/Contents/Developer/Platforms/iPhoneSimulator.platform/Developer/SDKs/iPhoneSimulator26.5.sdk -fstrict-aliasing -Wdeprecated-declarations -Wno-sign-conversion -Wno-infinite-recursion -Wno-comma -Wno-block-capture-autoreleasing -Wno-strict-prototypes -Wno-semicolon-before-method-body -index-store-path /Users/runner/work/orbit/orbit/.ewc-probe/.dd-ios/Index.noindex/DataStore @/Users/runner/work/orbit/orbit/.ewc-probe/.dd-ios/Build/Intermediates.noindex/cmark-gfm.build/Debug-iphonesimulator/cmark-gfm.build/Objects-normal/arm64/7187679823f38a2a940e0043cdf9d637-common-args.resp -MMD -MT dependencies -MF /Users/runner/work/orbit/orbit/.ewc-probe/.dd-ios/Build/Intermediates.noindex/cmark-gfm.build/Debug-iphonesimulator/cmark-gfm.build/Objects-normal/arm64/plugin.d --serialize-diagnostics /Users/runner/work/orbit/orbit/.ewc-probe/.dd-ios/Build/Intermediates.noindex/cmark-gfm.build/Debug-iphonesimulator/cmark-gfm.build/Objects-normal/arm64/plugin.dia -c /Users/runner/work/orbit/orbit/.ewc-probe/.dd-ios/SourcePackages/checkouts/swift-cmark/src/plugin.c -o /Users/runner/work/orbit/orbit/.ewc-probe/.dd-ios/Build/Intermediates.noindex/cmark-gfm.build/Debug-iphonesimulator/cmark-gfm.build/Objects-normal/arm64/plugin.o -index-unit-output-path /cmark-gfm.build/Debug-iphonesimulator/cmark-gfm.build/Objects-normal/arm64/plugin.o

CompileC /Users/runner/work/orbit/orbit/.ewc-probe/.dd-ios/Build/Intermediates.noindex/cmark-gfm.build/Debug-iphonesimulator/cmark-gfm.build/Objects-normal/arm64/plaintext.o /Users/runner/work/orbit/orbit/.ewc-probe/.dd-ios/SourcePackages/checkouts/swift-cmark/src/plaintext.c normal arm64 c com.apple.compilers.llvm.clang.1_0.compiler (in target 'cmark-gfm' from project 'cmark-gfm')
    cd /Users/runner/work/orbit/orbit/.ewc-probe/EwcProbe.xcodeproj
    
    Using response file: /Users/runner/work/orbit/orbit/.ewc-probe/.dd-ios/Build/Intermediates.noindex/cmark-gfm.build/Debug-iphonesimulator/cmark-gfm.build/Objects-normal/arm64/7187679823f38a2a940e0043cdf9d637-common-args.resp
    
    /Applications/Xcode_26.6.app/Contents/Developer/Toolchains/XcodeDefault.xctoolchain/usr/bin/clang -x c -ivfsstatcache /Users/runner/work/orbit/orbit/.ewc-probe/.dd-ios/SDKStatCaches.noindex/iphonesimulator26.5-23F81a-688ef53f1462e2c8f657fdc38a81448ff45c64a1807a658693f2a61704f17a36.sdkstatcache -target arm64-apple-ios12.0-simulator -fmessage-length\=0 -fdiagnostics-show-note-include-stack -fmacro-backtrace-limit\=0 -fno-color-diagnostics -fmodules-prune-interval\=86400 -fmodules-prune-after\=345600 -fbuild-session-file\=/Users/runner/work/orbit/orbit/.ewc-probe/.dd-ios/ModuleCache.noindex/Session.modulevalidation -fmodules-validate-once-per-build-session -Wnon-modular-include-in-framework-module -Werror\=non-modular-include-in-framework-module -Wno-trigraphs -Wno-missing-field-initializers -Wno-missing-prototypes -Wno-return-type -Wno-missing-braces -Wparentheses -Wswitch -Wno-unused-function -Wno-unused-label -Wno-unused-parameter -Wno-unused-variable -Wunused-value -Wno-empty-body -Wno-uninitialized -Wno-unknown-pragmas -w -Wno-shadow -Wno-four-char-constants -Wno-conversion -Wno-constant-conversion -Wno-int-conversion -Wno-bool-conversion -Wno-enum-conversion -Wno-float-conversion -Wno-non-literal-null-conversion -Wno-objc-literal-conversion -Wshorten-64-to-32 -Wpointer-sign -Wno-newline-eof -Wno-implicit-fallthrough -isysroot /Applications/Xcode_26.6.app/Contents/Developer/Platforms/iPhoneSimulator.platform/Developer/SDKs/iPhoneSimulator26.5.sdk -fstrict-aliasing -Wdeprecated-declarations -Wno-sign-conversion -Wno-infinite-recursion -Wno-comma -Wno-block-capture-autoreleasing -Wno-strict-prototypes -Wno-semicolon-before-method-body -index-store-path /Users/runner/work/orbit/orbit/.ewc-probe/.dd-ios/Index.noindex/DataStore @/Users/runner/work/orbit/orbit/.ewc-probe/.dd-ios/Build/Intermediates.noindex/cmark-gfm.build/Debug-iphonesimulator/cmark-gfm.build/Objects-normal/arm64/7187679823f38a2a940e0043cdf9d637-common-args.resp -MMD -MT dependencies -MF /Users/runner/work/orbit/orbit/.ewc-probe/.dd-ios/Build/Intermediates.noindex/cmark-gfm.build/Debug-iphonesimulator/cmark-gfm.build/Objects-normal/arm64/plaintext.d --serialize-diagnostics /Users/runner/work/orbit/orbit/.ewc-probe/.dd-ios/Build/Intermediates.noindex/cmark-gfm.build/Debug-iphonesimulator/cmark-gfm.build/Objects-normal/arm64/plaintext.dia -c /Users/runner/work/orbit/orbit/.ewc-probe/.dd-ios/SourcePackages/checkouts/swift-cmark/src/plaintext.c -o /Users/runner/work/orbit/orbit/.ewc-probe/.dd-ios/Build/Intermediates.noindex/cmark-gfm.build/Debug-iphonesimulator/cmark-gfm.build/Objects-normal/arm64/plaintext.o -index-unit-output-path /cmark-gfm.build/Debug-iphonesimulator/cmark-gfm.build/Objects-normal/arm64/plaintext.o

CompileC /Users/runner/work/orbit/orbit/.ewc-probe/.dd-ios/Build/Intermediates.noindex/cmark-gfm.build/Debug-iphonesimulator/cmark-gfm.build/Objects-normal/arm64/node.o /Users/runner/work/orbit/orbit/.ewc-probe/.dd-ios/SourcePackages/checkouts/swift-cmark/src/node.c normal arm64 c com.apple.compilers.llvm.clang.1_0.compiler (in target 'cmark-gfm' from project 'cmark-gfm')
    cd /Users/runner/work/orbit/orbit/.ewc-probe/EwcProbe.xcodeproj
    
    Using response file: /Users/runner/work/orbit/orbit/.ewc-probe/.dd-ios/Build/Intermediates.noindex/cmark-gfm.build/Debug-iphonesimulator/cmark-gfm.build/Objects-normal/arm64/7187679823f38a2a940e0043cdf9d637-common-args.resp
    
    /Applications/Xcode_26.6.app/Contents/Developer/Toolchains/XcodeDefault.xctoolchain/usr/bin/clang -x c -ivfsstatcache /Users/runner/work/orbit/orbit/.ewc-probe/.dd-ios/SDKStatCaches.noindex/iphonesimulator26.5-23F81a-688ef53f1462e2c8f657fdc38a81448ff45c64a1807a658693f2a61704f17a36.sdkstatcache -target arm64-apple-ios12.0-simulator -fmessage-length\=0 -fdiagnostics-show-note-include-stack -fmacro-backtrace-limit\=0 -fno-color-diagnostics -fmodules-prune-interval\=86400 -fmodules-prune-after\=345600 -fbuild-session-file\=/Users/runner/work/orbit/orbit/.ewc-probe/.dd-ios/ModuleCache.noindex/Session.modulevalidation -fmodules-validate-once-per-build-session -Wnon-modular-include-in-framework-module -Werror\=non-modular-include-in-framework-module -Wno-trigraphs -Wno-missing-field-initializers -Wno-missing-prototypes -Wno-return-type -Wno-missing-braces -Wparentheses -Wswitch -Wno-unused-function -Wno-unused-label -Wno-unused-parameter -Wno-unused-variable -Wunused-value -Wno-empty-body -Wno-uninitialized -Wno-unknown-pragmas -w -Wno-shadow -Wno-four-char-constants -Wno-conversion -Wno-constant-conversion -Wno-int-conversion -Wno-bool-conversion -Wno-enum-conversion -Wno-float-conversion -Wno-non-literal-null-conversion -Wno-objc-literal-conversion -Wshorten-64-to-32 -Wpointer-sign -Wno-newline-eof -Wno-implicit-fallthrough -isysroot /Applications/Xcode_26.6.app/Contents/Developer/Platforms/iPhoneSimulator.platform/Developer/SDKs/iPhoneSimulator26.5.sdk -fstrict-aliasing -Wdeprecated-declarations -Wno-sign-conversion -Wno-infinite-recursion -Wno-comma -Wno-block-capture-autoreleasing -Wno-strict-prototypes -Wno-semicolon-before-method-body -index-store-path /Users/runner/work/orbit/orbit/.ewc-probe/.dd-ios/Index.noindex/DataStore @/Users/runner/work/orbit/orbit/.ewc-probe/.dd-ios/Build/Intermediates.noindex/cmark-gfm.build/Debug-iphonesimulator/cmark-gfm.build/Objects-normal/arm64/7187679823f38a2a940e0043cdf9d637-common-args.resp -MMD -MT dependencies -MF /Users/runner/work/orbit/orbit/.ewc-probe/.dd-ios/Build/Intermediates.noindex/cmark-gfm.build/Debug-iphonesimulator/cmark-gfm.build/Objects-normal/arm64/node.d --serialize-diagnostics /Users/runner/work/orbit/orbit/.ewc-probe/.dd-ios/Build/Intermediates.noindex/cmark-gfm.build/Debug-iphonesimulator/cmark-gfm.build/Objects-normal/arm64/node.dia -c /Users/runner/work/orbit/orbit/.ewc-probe/.dd-ios/SourcePackages/checkouts/swift-cmark/src/node.c -o /Users/runner/work/orbit/orbit/.ewc-probe/.dd-ios/Build/Intermediates.noindex/cmark-gfm.build/Debug-iphonesimulator/cmark-gfm.build/Objects-normal/arm64/node.o -index-unit-output-path /cmark-gfm.build/Debug-iphonesimulator/cmark-gfm.build/Objects-normal/arm64/node.o

CompileC /Users/runner/work/orbit/orbit/.ewc-probe/.dd-ios/Build/Intermediates.noindex/cmark-gfm.build/Debug-iphonesimulator/cmark-gfm.build/Objects-normal/arm64/map.o /Users/runner/work/orbit/orbit/.ewc-probe/.dd-ios/SourcePackages/checkouts/swift-cmark/src/map.c normal arm64 c com.apple.compilers.llvm.clang.1_0.compiler (in target 'cmark-gfm' from project 'cmark-gfm')
    cd /Users/runner/work/orbit/orbit/.ewc-probe/EwcProbe.xcodeproj
    
    Using response file: /Users/runner/work/orbit/orbit/.ewc-probe/.dd-ios/Build/Intermediates.noindex/cmark-gfm.build/Debug-iphonesimulator/cmark-gfm.build/Objects-normal/arm64/7187679823f38a2a940e0043cdf9d637-common-args.resp
    
    /Applications/Xcode_26.6.app/Contents/Developer/Toolchains/XcodeDefault.xctoolchain/usr/bin/clang -x c -ivfsstatcache /Users/runner/work/orbit/orbit/.ewc-probe/.dd-ios/SDKStatCaches.noindex/iphonesimulator26.5-23F81a-688ef53f1462e2c8f657fdc38a81448ff45c64a1807a658693f2a61704f17a36.sdkstatcache -target arm64-apple-ios12.0-simulator -fmessage-length\=0 -fdiagnostics-show-note-include-stack -fmacro-backtrace-limit\=0 -fno-color-diagnostics -fmodules-prune-interval\=86400 -fmodules-prune-after\=345600 -fbuild-session-file\=/Users/runner/work/orbit/orbit/.ewc-probe/.dd-ios/ModuleCache.noindex/Session.modulevalidation -fmodules-validate-once-per-build-session -Wnon-modular-include-in-framework-module -Werror\=non-modular-include-in-framework-module -Wno-trigraphs -Wno-missing-field-initializers -Wno-missing-prototypes -Wno-return-type -Wno-missing-braces -Wparentheses -Wswitch -Wno-unused-function -Wno-unused-label -Wno-unused-parameter -Wno-unused-variable -Wunused-value -Wno-empty-body -Wno-uninitialized -Wno-unknown-pragmas -w -Wno-shadow -Wno-four-char-constants -Wno-conversion -Wno-constant-conversion -Wno-int-conversion -Wno-bool-conversion -Wno-enum-conversion -Wno-float-conversion -Wno-non-literal-null-conversion -Wno-objc-literal-conversion -Wshorten-64-to-32 -Wpointer-sign -Wno-newline-eof -Wno-implicit-fallthrough -isysroot /Applications/Xcode_26.6.app/Contents/Developer/Platforms/iPhoneSimulator.platform/Developer/SDKs/iPhoneSimulator26.5.sdk -fstrict-aliasing -Wdeprecated-declarations -Wno-sign-conversion -Wno-infinite-recursion -Wno-comma -Wno-block-capture-autoreleasing -Wno-strict-prototypes -Wno-semicolon-before-method-body -index-store-path /Users/runner/work/orbit/orbit/.ewc-probe/.dd-ios/Index.noindex/DataStore @/Users/runner/work/orbit/orbit/.ewc-probe/.dd-ios/Build/Intermediates.noindex/cmark-gfm.build/Debug-iphonesimulator/cmark-gfm.build/Objects-normal/arm64/7187679823f38a2a940e0043cdf9d637-common-args.resp -MMD -MT dependencies -MF /Users/runner/work/orbit/orbit/.ewc-probe/.dd-ios/Build/Intermediates.noindex/cmark-gfm.build/Debug-iphonesimulator/cmark-gfm.build/Objects-normal/arm64/map.d --serialize-diagnostics /Users/runner/work/orbit/orbit/.ewc-probe/.dd-ios/Build/Intermediates.noindex/cmark-gfm.build/Debug-iphonesimulator/cmark-gfm.build/Objects-normal/arm64/map.dia -c /Users/runner/work/orbit/orbit/.ewc-probe/.dd-ios/SourcePackages/checkouts/swift-cmark/src/map.c -o /Users/runner/work/orbit/orbit/.ewc-probe/.dd-ios/Build/Intermediates.noindex/cmark-gfm.build/Debug-iphonesimulator/cmark-gfm.build/Objects-normal/arm64/map.o -index-unit-output-path /cmark-gfm.build/Debug-iphonesimulator/cmark-gfm.build/Objects-normal/arm64/map.o

CompileC /Users/runner/work/orbit/orbit/.ewc-probe/.dd-ios/Build/Intermediates.noindex/cmark-gfm.build/Debug-iphonesimulator/cmark-gfm.build/Objects-normal/arm64/man.o /Users/runner/work/orbit/orbit/.ewc-probe/.dd-ios/SourcePackages/checkouts/swift-cmark/src/man.c normal arm64 c com.apple.compilers.llvm.clang.1_0.compiler (in target 'cmark-gfm' from project 'cmark-gfm')
    cd /Users/runner/work/orbit/orbit/.ewc-probe/EwcProbe.xcodeproj
    
    Using response file: /Users/runner/work/orbit/orbit/.ewc-probe/.dd-ios/Build/Intermediates.noindex/cmark-gfm.build/Debug-iphonesimulator/cmark-gfm.build/Objects-normal/arm64/7187679823f38a2a940e0043cdf9d637-common-args.resp
    
    /Applications/Xcode_26.6.app/Contents/Developer/Toolchains/XcodeDefault.xctoolchain/usr/bin/clang -x c -ivfsstatcache /Users/runner/work/orbit/orbit/.ewc-probe/.dd-ios/SDKStatCaches.noindex/iphonesimulator26.5-23F81a-688ef53f1462e2c8f657fdc38a81448ff45c64a1807a658693f2a61704f17a36.sdkstatcache -target arm64-apple-ios12.0-simulator -fmessage-length\=0 -fdiagnostics-show-note-include-stack -fmacro-backtrace-limit\=0 -fno-color-diagnostics -fmodules-prune-interval\=86400 -fmodules-prune-after\=345600 -fbuild-session-file\=/Users/runner/work/orbit/orbit/.ewc-probe/.dd-ios/ModuleCache.noindex/Session.modulevalidation -fmodules-validate-once-per-build-session -Wnon-modular-include-in-framework-module -Werror\=non-modular-include-in-framework-module -Wno-trigraphs -Wno-missing-field-initializers -Wno-missing-prototypes -Wno-return-type -Wno-missing-braces -Wparentheses -Wswitch -Wno-unused-function -Wno-unused-label -Wno-unused-parameter -Wno-unused-variable -Wunused-value -Wno-empty-body -Wno-uninitialized -Wno-unknown-pragmas -w -Wno-shadow -Wno-four-char-constants -Wno-conversion -Wno-constant-conversion -Wno-int-conversion -Wno-bool-conversion -Wno-enum-conversion -Wno-float-conversion -Wno-non-literal-null-conversion -Wno-objc-literal-conversion -Wshorten-64-to-32 -Wpointer-sign -Wno-newline-eof -Wno-implicit-fallthrough -isysroot /Applications/Xcode_26.6.app/Contents/Developer/Platforms/iPhoneSimulator.platform/Developer/SDKs/iPhoneSimulator26.5.sdk -fstrict-aliasing -Wdeprecated-declarations -Wno-sign-conversion -Wno-infinite-recursion -Wno-comma -Wno-block-capture-autoreleasing -Wno-strict-prototypes -Wno-semicolon-before-method-body -index-store-path /Users/runner/work/orbit/orbit/.ewc-probe/.dd-ios/Index.noindex/DataStore @/Users/runner/work/orbit/orbit/.ewc-probe/.dd-ios/Build/Intermediates.noindex/cmark-gfm.build/Debug-iphonesimulator/cmark-gfm.build/Objects-normal/arm64/7187679823f38a2a940e0043cdf9d637-common-args.resp -MMD -MT dependencies -MF /Users/runner/work/orbit/orbit/.ewc-probe/.dd-ios/Build/Intermediates.noindex/cmark-gfm.build/Debug-iphonesimulator/cmark-gfm.build/Objects-normal/arm64/man.d --serialize-diagnostics /Users/runner/work/orbit/orbit/.ewc-probe/.dd-ios/Build/Intermediates.noindex/cmark-gfm.build/Debug-iphonesimulator/cmark-gfm.build/Objects-normal/arm64/man.dia -c /Users/runner/work/orbit/orbit/.ewc-probe/.dd-ios/SourcePackages/checkouts/swift-cmark/src/man.c -o /Users/runner/work/orbit/orbit/.ewc-probe/.dd-ios/Build/Intermediates.noindex/cmark-gfm.build/Debug-iphonesimulator/cmark-gfm.build/Objects-normal/arm64/man.o -index-unit-output-path /cmark-gfm.build/Debug-iphonesimulator/cmark-gfm.build/Objects-normal/arm64/man.o

SwiftExplicitDependencyGeneratePcm arm64 /Users/runner/work/orbit/orbit/.ewc-probe/.dd-ios/ModuleCache.noindex/sys_types-DKH7GOX3HJTUCS6R9Q9MQ96OA.pcm

SwiftExplicitDependencyGeneratePcm arm64 /Users/runner/work/orbit/orbit/.ewc-probe/.dd-ios/ModuleCache.noindex/_Builtin_stdint-5NA4BH5X0317NZ1Z6J09JLAP6.pcm

CompileC /Users/runner/work/orbit/orbit/.ewc-probe/.dd-ios/Build/Intermediates.noindex/cmark-gfm.build/Debug-iphonesimulator/cmark-gfm.build/Objects-normal/arm64/linked_list.o /Users/runner/work/orbit/orbit/.ewc-probe/.dd-ios/SourcePackages/checkouts/swift-cmark/src/linked_list.c normal arm64 c com.apple.compilers.llvm.clang.1_0.compiler (in target 'cmark-gfm' from project 'cmark-gfm')
    cd /Users/runner/work/orbit/orbit/.ewc-probe/EwcProbe.xcodeproj
    
    Using response file: /Users/runner/work/orbit/orbit/.ewc-probe/.dd-ios/Build/Intermediates.noindex/cmark-gfm.build/Debug-iphonesimulator/cmark-gfm.build/Objects-normal/arm64/7187679823f38a2a940e0043cdf9d637-common-args.resp
    
    /Applications/Xcode_26.6.app/Contents/Developer/Toolchains/XcodeDefault.xctoolchain/usr/bin/clang -x c -ivfsstatcache /Users/runner/work/orbit/orbit/.ewc-probe/.dd-ios/SDKStatCaches.noindex/iphonesimulator26.5-23F81a-688ef53f1462e2c8f657fdc38a81448ff45c64a1807a658693f2a61704f17a36.sdkstatcache -target arm64-apple-ios12.0-simulator -fmessage-length\=0 -fdiagnostics-show-note-include-stack -fmacro-backtrace-limit\=0 -fno-color-diagnostics -fmodules-prune-interval\=86400 -fmodules-prune-after\=345600 -fbuild-session-file\=/Users/runner/work/orbit/orbit/.ewc-probe/.dd-ios/ModuleCache.noindex/Session.modulevalidation -fmodules-validate-once-per-build-session -Wnon-modular-include-in-framework-module -Werror\=non-modular-include-in-framework-module -Wno-trigraphs -Wno-missing-field-initializers -Wno-missing-prototypes -Wno-return-type -Wno-missing-braces -Wparentheses -Wswitch -Wno-unused-function -Wno-unused-label -Wno-unused-parameter -Wno-unused-variable -Wunused-value -Wno-empty-body -Wno-uninitialized -Wno-unknown-pragmas -w -Wno-shadow -Wno-four-char-constants -Wno-conversion -Wno-constant-conversion -Wno-int-conversion -Wno-bool-conversion -Wno-enum-conversion -Wno-float-conversion -Wno-non-literal-null-conversion -Wno-objc-literal-conversion -Wshorten-64-to-32 -Wpointer-sign -Wno-newline-eof -Wno-implicit-fallthrough -isysroot /Applications/Xcode_26.6.app/Contents/Developer/Platforms/iPhoneSimulator.platform/Developer/SDKs/iPhoneSimulator26.5.sdk -fstrict-aliasing -Wdeprecated-declarations -Wno-sign-conversion -Wno-infinite-recursion -Wno-comma -Wno-block-capture-autoreleasing -Wno-strict-prototypes -Wno-semicolon-before-method-body -index-store-path /Users/runner/work/orbit/orbit/.ewc-probe/.dd-ios/Index.noindex/DataStore @/Users/runner/work/orbit/orbit/.ewc-probe/.dd-ios/Build/Intermediates.noindex/cmark-gfm.build/Debug-iphonesimulator/cmark-gfm.build/Objects-normal/arm64/7187679823f38a2a940e0043cdf9d637-common-args.resp -MMD -MT dependencies -MF /Users/runner/work/orbit/orbit/.ewc-probe/.dd-ios/Build/Intermediates.noindex/cmark-gfm.build/Debug-iphonesimulator/cmark-gfm.build/Objects-normal/arm64/linked_list.d --serialize-diagnostics /Users/runner/work/orbit/orbit/.ewc-probe/.dd-ios/Build/Intermediates.noindex/cmark-gfm.build/Debug-iphonesimulator/cmark-gfm.build/Objects-normal/arm64/linked_list.dia -c /Users/runner/work/orbit/orbit/.ewc-probe/.dd-ios/SourcePackages/checkouts/swift-cmark/src/linked_list.c -o /Users/runner/work/orbit/orbit/.ewc-probe/.dd-ios/Build/Intermediates.noindex/cmark-gfm.build/Debug-iphonesimulator/cmark-gfm.build/Objects-normal/arm64/linked_list.o -index-unit-output-path /cmark-gfm.build/Debug-iphonesimulator/cmark-gfm.build/Objects-normal/arm64/linked_list.o

CompileC /Users/runner/work/orbit/orbit/.ewc-probe/.dd-ios/Build/Intermediates.noindex/cmark-gfm.build/Debug-iphonesimulator/cmark-gfm.build/Objects-normal/arm64/latex.o /Users/runner/work/orbit/orbit/.ewc-probe/.dd-ios/SourcePackages/checkouts/swift-cmark/src/latex.c normal arm64 c com.apple.compilers.llvm.clang.1_0.compiler (in target 'cmark-gfm' from project 'cmark-gfm')
    cd /Users/runner/work/orbit/orbit/.ewc-probe/EwcProbe.xcodeproj
    
    Using response file: /Users/runner/work/orbit/orbit/.ewc-probe/.dd-ios/Build/Intermediates.noindex/cmark-gfm.build/Debug-iphonesimulator/cmark-gfm.build/Objects-normal/arm64/7187679823f38a2a940e0043cdf9d637-common-args.resp
    
    /Applications/Xcode_26.6.app/Contents/Developer/Toolchains/XcodeDefault.xctoolchain/usr/bin/clang -x c -ivfsstatcache /Users/runner/work/orbit/orbit/.ewc-probe/.dd-ios/SDKStatCaches.noindex/iphonesimulator26.5-23F81a-688ef53f1462e2c8f657fdc38a81448ff45c64a1807a658693f2a61704f17a36.sdkstatcache -target arm64-apple-ios12.0-simulator -fmessage-length\=0 -fdiagnostics-show-note-include-stack -fmacro-backtrace-limit\=0 -fno-color-diagnostics -fmodules-prune-interval\=86400 -fmodules-prune-after\=345600 -fbuild-session-file\=/Users/runner/work/orbit/orbit/.ewc-probe/.dd-ios/ModuleCache.noindex/Session.modulevalidation -fmodules-validate-once-per-build-session -Wnon-modular-include-in-framework-module -Werror\=non-modular-include-in-framework-module -Wno-trigraphs -Wno-missing-field-initializers -Wno-missing-prototypes -Wno-return-type -Wno-missing-braces -Wparentheses -Wswitch -Wno-unused-function -Wno-unused-label -Wno-unused-parameter -Wno-unused-variable -Wunused-value -Wno-empty-body -Wno-uninitialized -Wno-unknown-pragmas -w -Wno-shadow -Wno-four-char-constants -Wno-conversion -Wno-constant-conversion -Wno-int-conversion -Wno-bool-conversion -Wno-enum-conversion -Wno-float-conversion -Wno-non-literal-null-conversion -Wno-objc-literal-conversion -Wshorten-64-to-32 -Wpointer-sign -Wno-newline-eof -Wno-implicit-fallthrough -isysroot /Applications/Xcode_26.6.app/Contents/Developer/Platforms/iPhoneSimulator.platform/Developer/SDKs/iPhoneSimulator26.5.sdk -fstrict-aliasing -Wdeprecated-declarations -Wno-sign-conversion -Wno-infinite-recursion -Wno-comma -Wno-block-capture-autoreleasing -Wno-strict-prototypes -Wno-semicolon-before-method-body -index-store-path /Users/runner/work/orbit/orbit/.ewc-probe/.dd-ios/Index.noindex/DataStore @/Users/runner/work/orbit/orbit/.ewc-probe/.dd-ios/Build/Intermediates.noindex/cmark-gfm.build/Debug-iphonesimulator/cmark-gfm.build/Objects-normal/arm64/7187679823f38a2a940e0043cdf9d637-common-args.resp -MMD -MT dependencies -MF /Users/runner/work/orbit/orbit/.ewc-probe/.dd-ios/Build/Intermediates.noindex/cmark-gfm.build/Debug-iphonesimulator/cmark-gfm.build/Objects-normal/arm64/latex.d --serialize-diagnostics /Users/runner/work/orbit/orbit/.ewc-probe/.dd-ios/Build/Intermediates.noindex/cmark-gfm.build/Debug-iphonesimulator/cmark-gfm.build/Objects-normal/arm64/latex.dia -c /Users/runner/work/orbit/orbit/.ewc-probe/.dd-ios/SourcePackages/checkouts/swift-cmark/src/latex.c -o /Users/runner/work/orbit/orbit/.ewc-probe/.dd-ios/Build/Intermediates.noindex/cmark-gfm.build/Debug-iphonesimulator/cmark-gfm.build/Objects-normal/arm64/latex.o -index-unit-output-path /cmark-gfm.build/Debug-iphonesimulator/cmark-gfm.build/Objects-normal/arm64/latex.o

CompileC /Users/runner/work/orbit/orbit/.ewc-probe/.dd-ios/Build/Intermediates.noindex/cmark-gfm.build/Debug-iphonesimulator/cmark-gfm.build/Objects-normal/arm64/iterator.o /Users/runner/work/orbit/orbit/.ewc-probe/.dd-ios/SourcePackages/checkouts/swift-cmark/src/iterator.c normal arm64 c com.apple.compilers.llvm.clang.1_0.compiler (in target 'cmark-gfm' from project 'cmark-gfm')
    cd /Users/runner/work/orbit/orbit/.ewc-probe/EwcProbe.xcodeproj
    
    Using response file: /Users/runner/work/orbit/orbit/.ewc-probe/.dd-ios/Build/Intermediates.noindex/cmark-gfm.build/Debug-iphonesimulator/cmark-gfm.build/Objects-normal/arm64/7187679823f38a2a940e0043cdf9d637-common-args.resp
    
    /Applications/Xcode_26.6.app/Contents/Developer/Toolchains/XcodeDefault.xctoolchain/usr/bin/clang -x c -ivfsstatcache /Users/runner/work/orbit/orbit/.ewc-probe/.dd-ios/SDKStatCaches.noindex/iphonesimulator26.5-23F81a-688ef53f1462e2c8f657fdc38a81448ff45c64a1807a658693f2a61704f17a36.sdkstatcache -target arm64-apple-ios12.0-simulator -fmessage-length\=0 -fdiagnostics-show-note-include-stack -fmacro-backtrace-limit\=0 -fno-color-diagnostics -fmodules-prune-interval\=86400 -fmodules-prune-after\=345600 -fbuild-session-file\=/Users/runner/work/orbit/orbit/.ewc-probe/.dd-ios/ModuleCache.noindex/Session.modulevalidation -fmodules-validate-once-per-build-session -Wnon-modular-include-in-framework-module -Werror\=non-modular-include-in-framework-module -Wno-trigraphs -Wno-missing-field-initializers -Wno-missing-prototypes -Wno-return-type -Wno-missing-braces -Wparentheses -Wswitch -Wno-unused-function -Wno-unused-label -Wno-unused-parameter -Wno-unused-variable -Wunused-value -Wno-empty-body -Wno-uninitialized -Wno-unknown-pragmas -w -Wno-shadow -Wno-four-char-constants -Wno-conversion -Wno-constant-conversion -Wno-int-conversion -Wno-bool-conversion -Wno-enum-conversion -Wno-float-conversion -Wno-non-literal-null-conversion -Wno-objc-literal-conversion -Wshorten-64-to-32 -Wpointer-sign -Wno-newline-eof -Wno-implicit-fallthrough -isysroot /Applications/Xcode_26.6.app/Contents/Developer/Platforms/iPhoneSimulator.platform/Developer/SDKs/iPhoneSimulator26.5.sdk -fstrict-aliasing -Wdeprecated-declarations -Wno-sign-conversion -Wno-infinite-recursion -Wno-comma -Wno-block-capture-autoreleasing -Wno-strict-prototypes -Wno-semicolon-before-method-body -index-store-path /Users/runner/work/orbit/orbit/.ewc-probe/.dd-ios/Index.noindex/DataStore @/Users/runner/work/orbit/orbit/.ewc-probe/.dd-ios/Build/Intermediates.noindex/cmark-gfm.build/Debug-iphonesimulator/cmark-gfm.build/Objects-normal/arm64/7187679823f38a2a940e0043cdf9d637-common-args.resp -MMD -MT dependencies -MF /Users/runner/work/orbit/orbit/.ewc-probe/.dd-ios/Build/Intermediates.noindex/cmark-gfm.build/Debug-iphonesimulator/cmark-gfm.build/Objects-normal/arm64/iterator.d --serialize-diagnostics /Users/runner/work/orbit/orbit/.ewc-probe/.dd-ios/Build/Intermediates.noindex/cmark-gfm.build/Debug-iphonesimulator/cmark-gfm.build/Objects-normal/arm64/iterator.dia -c /Users/runner/work/orbit/orbit/.ewc-probe/.dd-ios/SourcePackages/checkouts/swift-cmark/src/iterator.c -o /Users/runner/work/orbit/orbit/.ewc-probe/.dd-ios/Build/Intermediates.noindex/cmark-gfm.build/Debug-iphonesimulator/cmark-gfm.build/Objects-normal/arm64/iterator.o -index-unit-output-path /cmark-gfm.build/Debug-iphonesimulator/cmark-gfm.build/Objects-normal/arm64/iterator.o

SwiftExplicitDependencyGeneratePcm arm64 /Users/runner/work/orbit/orbit/.ewc-probe/.dd-ios/ModuleCache.noindex/_DarwinFoundation3-EZCOWCD54YY11E5H5JIAEOJKQ.pcm

SwiftExplicitDependencyGeneratePcm arm64 /Users/runner/work/orbit/orbit/.ewc-probe/.dd-ios/Build/Intermediates.noindex/SwiftExplicitPrecompiledModules/CAtomic-78WM328BE0HYG5FTE61E0GYZN.pcm

CompileC /Users/runner/work/orbit/orbit/.ewc-probe/.dd-ios/Build/Intermediates.noindex/cmark-gfm.build/Debug-iphonesimulator/cmark-gfm.build/Objects-normal/arm64/inlines.o /Users/runner/work/orbit/orbit/.ewc-probe/.dd-ios/SourcePackages/checkouts/swift-cmark/src/inlines.c normal arm64 c com.apple.compilers.llvm.clang.1_0.compiler (in target 'cmark-gfm' from project 'cmark-gfm')
    cd /Users/runner/work/orbit/orbit/.ewc-probe/EwcProbe.xcodeproj
    
    Using response file: /Users/runner/work/orbit/orbit/.ewc-probe/.dd-ios/Build/Intermediates.noindex/cmark-gfm.build/Debug-iphonesimulator/cmark-gfm.build/Objects-normal/arm64/7187679823f38a2a940e0043cdf9d637-common-args.resp
    
    /Applications/Xcode_26.6.app/Contents/Developer/Toolchains/XcodeDefault.xctoolchain/usr/bin/clang -x c -ivfsstatcache /Users/runner/work/orbit/orbit/.ewc-probe/.dd-ios/SDKStatCaches.noindex/iphonesimulator26.5-23F81a-688ef53f1462e2c8f657fdc38a81448ff45c64a1807a658693f2a61704f17a36.sdkstatcache -target arm64-apple-ios12.0-simulator -fmessage-length\=0 -fdiagnostics-show-note-include-stack -fmacro-backtrace-limit\=0 -fno-color-diagnostics -fmodules-prune-interval\=86400 -fmodules-prune-after\=345600 -fbuild-session-file\=/Users/runner/work/orbit/orbit/.ewc-probe/.dd-ios/ModuleCache.noindex/Session.modulevalidation -fmodules-validate-once-per-build-session -Wnon-modular-include-in-framework-module -Werror\=non-modular-include-in-framework-module -Wno-trigraphs -Wno-missing-field-initializers -Wno-missing-prototypes -Wno-return-type -Wno-missing-braces -Wparentheses -Wswitch -Wno-unused-function -Wno-unused-label -Wno-unused-parameter -Wno-unused-variable -Wunused-value -Wno-empty-body -Wno-uninitialized -Wno-unknown-pragmas -w -Wno-shadow -Wno-four-char-constants -Wno-conversion -Wno-constant-conversion -Wno-int-conversion -Wno-bool-conversion -Wno-enum-conversion -Wno-float-conversion -Wno-non-literal-null-conversion -Wno-objc-literal-conversion -Wshorten-64-to-32 -Wpointer-sign -Wno-newline-eof -Wno-implicit-fallthrough -isysroot /Applications/Xcode_26.6.app/Contents/Developer/Platforms/iPhoneSimulator.platform/Developer/SDKs/iPhoneSimulator26.5.sdk -fstrict-aliasing -Wdeprecated-declarations -Wno-sign-conversion -Wno-infinite-recursion -Wno-comma -Wno-block-capture-autoreleasing -Wno-strict-prototypes -Wno-semicolon-before-method-body -index-store-path /Users/runner/work/orbit/orbit/.ewc-probe/.dd-ios/Index.noindex/DataStore @/Users/runner/work/orbit/orbit/.ewc-probe/.dd-ios/Build/Intermediates.noindex/cmark-gfm.build/Debug-iphonesimulator/cmark-gfm.build/Objects-normal/arm64/7187679823f38a2a940e0043cdf9d637-common-args.resp -MMD -MT dependencies -MF /Users/runner/work/orbit/orbit/.ewc-probe/.dd-ios/Build/Intermediates.noindex/cmark-gfm.build/Debug-iphonesimulator/cmark-gfm.build/Objects-normal/arm64/inlines.d --serialize-diagnostics /Users/runner/work/orbit/orbit/.ewc-probe/.dd-ios/Build/Intermediates.noindex/cmark-gfm.build/Debug-iphonesimulator/cmark-gfm.build/Objects-normal/arm64/inlines.dia -c /Users/runner/work/orbit/orbit/.ewc-probe/.dd-ios/SourcePackages/checkouts/swift-cmark/src/inlines.c -o /Users/runner/work/orbit/orbit/.ewc-probe/.dd-ios/Build/Intermediates.noindex/cmark-gfm.build/Debug-iphonesimulator/cmark-gfm.build/Objects-normal/arm64/inlines.o -index-unit-output-path /cmark-gfm.build/Debug-iphonesimulator/cmark-gfm.build/Objects-normal/arm64/inlines.o

CompileC /Users/runner/work/orbit/orbit/.ewc-probe/.dd-ios/Build/Intermediates.noindex/cmark-gfm.build/Debug-iphonesimulator/cmark-gfm.build/Objects-normal/arm64/html.o /Users/runner/work/orbit/orbit/.ewc-probe/.dd-ios/SourcePackages/checkouts/swift-cmark/src/html.c normal arm64 c com.apple.compilers.llvm.clang.1_0.compiler (in target 'cmark-gfm' from project 'cmark-gfm')
    cd /Users/runner/work/orbit/orbit/.ewc-probe/EwcProbe.xcodeproj
    
    Using response file: /Users/runner/work/orbit/orbit/.ewc-probe/.dd-ios/Build/Intermediates.noindex/cmark-gfm.build/Debug-iphonesimulator/cmark-gfm.build/Objects-normal/arm64/7187679823f38a2a940e0043cdf9d637-common-args.resp
    
    /Applications/Xcode_26.6.app/Contents/Developer/Toolchains/XcodeDefault.xctoolchain/usr/bin/clang -x c -ivfsstatcache /Users/runner/work/orbit/orbit/.ewc-probe/.dd-ios/SDKStatCaches.noindex/iphonesimulator26.5-23F81a-688ef53f1462e2c8f657fdc38a81448ff45c64a1807a658693f2a61704f17a36.sdkstatcache -target arm64-apple-ios12.0-simulator -fmessage-length\=0 -fdiagnostics-show-note-include-stack -fmacro-backtrace-limit\=0 -fno-color-diagnostics -fmodules-prune-interval\=86400 -fmodules-prune-after\=345600 -fbuild-session-file\=/Users/runner/work/orbit/orbit/.ewc-probe/.dd-ios/ModuleCache.noindex/Session.modulevalidation -fmodules-validate-once-per-build-session -Wnon-modular-include-in-framework-module -Werror\=non-modular-include-in-framework-module -Wno-trigraphs -Wno-missing-field-initializers -Wno-missing-prototypes -Wno-return-type -Wno-missing-braces -Wparentheses -Wswitch -Wno-unused-function -Wno-unused-label -Wno-unused-parameter -Wno-unused-variable -Wunused-value -Wno-empty-body -Wno-uninitialized -Wno-unknown-pragmas -w -Wno-shadow -Wno-four-char-constants -Wno-conversion -Wno-constant-conversion -Wno-int-conversion -Wno-bool-conversion -Wno-enum-conversion -Wno-float-conversion -Wno-non-literal-null-conversion -Wno-objc-literal-conversion -Wshorten-64-to-32 -Wpointer-sign -Wno-newline-eof -Wno-implicit-fallthrough -isysroot /Applications/Xcode_26.6.app/Contents/Developer/Platforms/iPhoneSimulator.platform/Developer/SDKs/iPhoneSimulator26.5.sdk -fstrict-aliasing -Wdeprecated-declarations -Wno-sign-conversion -Wno-infinite-recursion -Wno-comma -Wno-block-capture-autoreleasing -Wno-strict-prototypes -Wno-semicolon-before-method-body -index-store-path /Users/runner/work/orbit/orbit/.ewc-probe/.dd-ios/Index.noindex/DataStore @/Users/runner/work/orbit/orbit/.ewc-probe/.dd-ios/Build/Intermediates.noindex/cmark-gfm.build/Debug-iphonesimulator/cmark-gfm.build/Objects-normal/arm64/7187679823f38a2a940e0043cdf9d637-common-args.resp -MMD -MT dependencies -MF /Users/runner/work/orbit/orbit/.ewc-probe/.dd-ios/Build/Intermediates.noindex/cmark-gfm.build/Debug-iphonesimulator/cmark-gfm.build/Objects-normal/arm64/html.d --serialize-diagnostics /Users/runner/work/orbit/orbit/.ewc-probe/.dd-ios/Build/Intermediates.noindex/cmark-gfm.build/Debug-iphonesimulator/cmark-gfm.build/Objects-normal/arm64/html.dia -c /Users/runner/work/orbit/orbit/.ewc-probe/.dd-ios/SourcePackages/checkouts/swift-cmark/src/html.c -o /Users/runner/work/orbit/orbit/.ewc-probe/.dd-ios/Build/Intermediates.noindex/cmark-gfm.build/Debug-iphonesimulator/cmark-gfm.build/Objects-normal/arm64/html.o -index-unit-output-path /cmark-gfm.build/Debug-iphonesimulator/cmark-gfm.build/Objects-normal/arm64/html.o

CompileC /Users/runner/work/orbit/orbit/.ewc-probe/.dd-ios/Build/Intermediates.noindex/cmark-gfm.build/Debug-iphonesimulator/cmark-gfm.build/Objects-normal/arm64/houdini_html_u.o /Users/runner/work/orbit/orbit/.ewc-probe/.dd-ios/SourcePackages/checkouts/swift-cmark/src/houdini_html_u.c normal arm64 c com.apple.compilers.llvm.clang.1_0.compiler (in target 'cmark-gfm' from project 'cmark-gfm')
    cd /Users/runner/work/orbit/orbit/.ewc-probe/EwcProbe.xcodeproj
    
    Using response file: /Users/runner/work/orbit/orbit/.ewc-probe/.dd-ios/Build/Intermediates.noindex/cmark-gfm.build/Debug-iphonesimulator/cmark-gfm.build/Objects-normal/arm64/7187679823f38a2a940e0043cdf9d637-common-args.resp
    
    /Applications/Xcode_26.6.app/Contents/Developer/Toolchains/XcodeDefault.xctoolchain/usr/bin/clang -x c -ivfsstatcache /Users/runner/work/orbit/orbit/.ewc-probe/.dd-ios/SDKStatCaches.noindex/iphonesimulator26.5-23F81a-688ef53f1462e2c8f657fdc38a81448ff45c64a1807a658693f2a61704f17a36.sdkstatcache -target arm64-apple-ios12.0-simulator -fmessage-length\=0 -fdiagnostics-show-note-include-stack -fmacro-backtrace-limit\=0 -fno-color-diagnostics -fmodules-prune-interval\=86400 -fmodules-prune-after\=345600 -fbuild-session-file\=/Users/runner/work/orbit/orbit/.ewc-probe/.dd-ios/ModuleCache.noindex/Session.modulevalidation -fmodules-validate-once-per-build-session -Wnon-modular-include-in-framework-module -Werror\=non-modular-include-in-framework-module -Wno-trigraphs -Wno-missing-field-initializers -Wno-missing-prototypes -Wno-return-type -Wno-missing-braces -Wparentheses -Wswitch -Wno-unused-function -Wno-unused-label -Wno-unused-parameter -Wno-unused-variable -Wunused-value -Wno-empty-body -Wno-uninitialized -Wno-unknown-pragmas -w -Wno-shadow -Wno-four-char-constants -Wno-conversion -Wno-constant-conversion -Wno-int-conversion -Wno-bool-conversion -Wno-enum-conversion -Wno-float-conversion -Wno-non-literal-null-conversion -Wno-objc-literal-conversion -Wshorten-64-to-32 -Wpointer-sign -Wno-newline-eof -Wno-implicit-fallthrough -isysroot /Applications/Xcode_26.6.app/Contents/Developer/Platforms/iPhoneSimulator.platform/Developer/SDKs/iPhoneSimulator26.5.sdk -fstrict-aliasing -Wdeprecated-declarations -Wno-sign-conversion -Wno-infinite-recursion -Wno-comma -Wno-block-capture-autoreleasing -Wno-strict-prototypes -Wno-semicolon-before-method-body -index-store-path /Users/runner/work/orbit/orbit/.ewc-probe/.dd-ios/Index.noindex/DataStore @/Users/runner/work/orbit/orbit/.ewc-probe/.dd-ios/Build/Intermediates.noindex/cmark-gfm.build/Debug-iphonesimulator/cmark-gfm.build/Objects-normal/arm64/7187679823f38a2a940e0043cdf9d637-common-args.resp -MMD -MT dependencies -MF /Users/runner/work/orbit/orbit/.ewc-probe/.dd-ios/Build/Intermediates.noindex/cmark-gfm.build/Debug-iphonesimulator/cmark-gfm.build/Objects-normal/arm64/houdini_html_u.d --serialize-diagnostics /Users/runner/work/orbit/orbit/.ewc-probe/.dd-ios/Build/Intermediates.noindex/cmark-gfm.build/Debug-iphonesimulator/cmark-gfm.build/Objects-normal/arm64/houdini_html_u.dia -c /Users/runner/work/orbit/orbit/.ewc-probe/.dd-ios/SourcePackages/checkouts/swift-cmark/src/houdini_html_u.c -o /Users/runner/work/orbit/orbit/.ewc-probe/.dd-ios/Build/Intermediates.noindex/cmark-gfm.build/Debug-iphonesimulator/cmark-gfm.build/Objects-normal/arm64/houdini_html_u.o -index-unit-output-path /cmark-gfm.build/Debug-iphonesimulator/cmark-gfm.build/Objects-normal/arm64/houdini_html_u.o

SwiftExplicitDependencyGeneratePcm arm64 /Users/runner/work/orbit/orbit/.ewc-probe/.dd-ios/Build/Intermediates.noindex/SwiftExplicitPrecompiledModules/cmark_gfm-7ZB6H35MIWC3YL25CRP2J3WZ7.pcm

SwiftExplicitDependencyGeneratePcm arm64 /Users/runner/work/orbit/orbit/.ewc-probe/.dd-ios/ModuleCache.noindex/_Builtin_inttypes-8EPWIC718TA81FISH8QIAYO4K.pcm

CompileC /Users/runner/work/orbit/orbit/.ewc-probe/.dd-ios/Build/Intermediates.noindex/cmark-gfm.build/Debug-iphonesimulator/cmark-gfm.build/Objects-normal/arm64/houdini_html_e.o /Users/runner/work/orbit/orbit/.ewc-probe/.dd-ios/SourcePackages/checkouts/swift-cmark/src/houdini_html_e.c normal arm64 c com.apple.compilers.llvm.clang.1_0.compiler (in target 'cmark-gfm' from project 'cmark-gfm')
    cd /Users/runner/work/orbit/orbit/.ewc-probe/EwcProbe.xcodeproj
    
    Using response file: /Users/runner/work/orbit/orbit/.ewc-probe/.dd-ios/Build/Intermediates.noindex/cmark-gfm.build/Debug-iphonesimulator/cmark-gfm.build/Objects-normal/arm64/7187679823f38a2a940e0043cdf9d637-common-args.resp
    
    /Applications/Xcode_26.6.app/Contents/Developer/Toolchains/XcodeDefault.xctoolchain/usr/bin/clang -x c -ivfsstatcache /Users/runner/work/orbit/orbit/.ewc-probe/.dd-ios/SDKStatCaches.noindex/iphonesimulator26.5-23F81a-688ef53f1462e2c8f657fdc38a81448ff45c64a1807a658693f2a61704f17a36.sdkstatcache -target arm64-apple-ios12.0-simulator -fmessage-length\=0 -fdiagnostics-show-note-include-stack -fmacro-backtrace-limit\=0 -fno-color-diagnostics -fmodules-prune-interval\=86400 -fmodules-prune-after\=345600 -fbuild-session-file\=/Users/runner/work/orbit/orbit/.ewc-probe/.dd-ios/ModuleCache.noindex/Session.modulevalidation -fmodules-validate-once-per-build-session -Wnon-modular-include-in-framework-module -Werror\=non-modular-include-in-framework-module -Wno-trigraphs -Wno-missing-field-initializers -Wno-missing-prototypes -Wno-return-type -Wno-missing-braces -Wparentheses -Wswitch -Wno-unused-function -Wno-unused-label -Wno-unused-parameter -Wno-unused-variable -Wunused-value -Wno-empty-body -Wno-uninitialized -Wno-unknown-pragmas -w -Wno-shadow -Wno-four-char-constants -Wno-conversion -Wno-constant-conversion -Wno-int-conversion -Wno-bool-conversion -Wno-enum-conversion -Wno-float-conversion -Wno-non-literal-null-conversion -Wno-objc-literal-conversion -Wshorten-64-to-32 -Wpointer-sign -Wno-newline-eof -Wno-implicit-fallthrough -isysroot /Applications/Xcode_26.6.app/Contents/Developer/Platforms/iPhoneSimulator.platform/Developer/SDKs/iPhoneSimulator26.5.sdk -fstrict-aliasing -Wdeprecated-declarations -Wno-sign-conversion -Wno-infinite-recursion -Wno-comma -Wno-block-capture-autoreleasing -Wno-strict-prototypes -Wno-semicolon-before-method-body -index-store-path /Users/runner/work/orbit/orbit/.ewc-probe/.dd-ios/Index.noindex/DataStore @/Users/runner/work/orbit/orbit/.ewc-probe/.dd-ios/Build/Intermediates.noindex/cmark-gfm.build/Debug-iphonesimulator/cmark-gfm.build/Objects-normal/arm64/7187679823f38a2a940e0043cdf9d637-common-args.resp -MMD -MT dependencies -MF /Users/runner/work/orbit/orbit/.ewc-probe/.dd-ios/Build/Intermediates.noindex/cmark-gfm.build/Debug-iphonesimulator/cmark-gfm.build/Objects-normal/arm64/houdini_html_e.d --serialize-diagnostics /Users/runner/work/orbit/orbit/.ewc-probe/.dd-ios/Build/Intermediates.noindex/cmark-gfm.build/Debug-iphonesimulator/cmark-gfm.build/Objects-normal/arm64/houdini_html_e.dia -c /Users/runner/work/orbit/orbit/.ewc-probe/.dd-ios/SourcePackages/checkouts/swift-cmark/src/houdini_html_e.c -o /Users/runner/work/orbit/orbit/.ewc-probe/.dd-ios/Build/Intermediates.noindex/cmark-gfm.build/Debug-iphonesimulator/cmark-gfm.build/Objects-normal/arm64/houdini_html_e.o -index-unit-output-path /cmark-gfm.build/Debug-iphonesimulator/cmark-gfm.build/Objects-normal/arm64/houdini_html_e.o

PrecompileModule /Users/runner/work/orbit/orbit/.ewc-probe/.dd-ios/Build/Intermediates.noindex/ExplicitPrecompiledModules/_Builtin_inttypes-2AWMWTVMB7FYQZRCA0RH3J3B8.scan
    cd /
    builtin-precompileModule /Users/runner/work/orbit/orbit/.ewc-probe/.dd-ios/Build/Intermediates.noindex/ExplicitPrecompiledModules/_Builtin_inttypes-2AWMWTVMB7FYQZRCA0RH3J3B8.scan

SwiftExplicitDependencyGeneratePcm arm64 /Users/runner/work/orbit/orbit/.ewc-probe/.dd-ios/ModuleCache.noindex/Darwin-COB0GG206HE5XXJ8SGD1PPIQ9.pcm

PrecompileModule /Users/runner/work/orbit/orbit/.ewc-probe/.dd-ios/Build/Intermediates.noindex/ExplicitPrecompiledModules/cmark_gfm-96FCYHV55W3T2D2LSX31KOU2D.scan
    cd /
    builtin-precompileModule /Users/runner/work/orbit/orbit/.ewc-probe/.dd-ios/Build/Intermediates.noindex/ExplicitPrecompiledModules/cmark_gfm-96FCYHV55W3T2D2LSX31KOU2D.scan

PrecompileModule /Users/runner/work/orbit/orbit/.ewc-probe/.dd-ios/Build/Intermediates.noindex/ExplicitPrecompiledModules/Darwin-431UM1ZHY79I1VSW6GL85CZIM.scan
    cd /
    builtin-precompileModule /Users/runner/work/orbit/orbit/.ewc-probe/.dd-ios/Build/Intermediates.noindex/ExplicitPrecompiledModules/Darwin-431UM1ZHY79I1VSW6GL85CZIM.scan

SwiftExplicitDependencyGeneratePcm arm64 /Users/runner/work/orbit/orbit/.ewc-probe/.dd-ios/Build/Intermediates.noindex/SwiftExplicitPrecompiledModules/cmark_gfm_extensions-CDABY0OMM1ZI80UKLTQGBQ1J9.pcm

CompileC /Users/runner/work/orbit/orbit/.ewc-probe/.dd-ios/Build/Intermediates.noindex/cmark-gfm.build/Debug-iphonesimulator/cmark-gfm-extensions.build/Objects-normal/arm64/tasklist.o /Users/runner/work/orbit/orbit/.ewc-probe/.dd-ios/SourcePackages/checkouts/swift-cmark/extensions/tasklist.c normal arm64 c com.apple.compilers.llvm.clang.1_0.compiler (in target 'cmark-gfm-extensions' from project 'cmark-gfm')
    cd /Users/runner/work/orbit/orbit/.ewc-probe/EwcProbe.xcodeproj
    
    Using response file: /Users/runner/work/orbit/orbit/.ewc-probe/.dd-ios/Build/Intermediates.noindex/cmark-gfm.build/Debug-iphonesimulator/cmark-gfm-extensions.build/Objects-normal/arm64/7187679823f38a2a940e0043cdf9d637-common-args.resp
    
    /Applications/Xcode_26.6.app/Contents/Developer/Toolchains/XcodeDefault.xctoolchain/usr/bin/clang -x c -ivfsstatcache /Users/runner/work/orbit/orbit/.ewc-probe/.dd-ios/SDKStatCaches.noindex/iphonesimulator26.5-23F81a-688ef53f1462e2c8f657fdc38a81448ff45c64a1807a658693f2a61704f17a36.sdkstatcache -target arm64-apple-ios12.0-simulator -fmessage-length\=0 -fdiagnostics-show-note-include-stack -fmacro-backtrace-limit\=0 -fno-color-diagnostics -fmodules-prune-interval\=86400 -fmodules-prune-after\=345600 -fbuild-session-file\=/Users/runner/work/orbit/orbit/.ewc-probe/.dd-ios/ModuleCache.noindex/Session.modulevalidation -fmodules-validate-once-per-build-session -Wnon-modular-include-in-framework-module -Werror\=non-modular-include-in-framework-module -Wno-trigraphs -Wno-missing-field-initializers -Wno-missing-prototypes -Wno-return-type -Wno-missing-braces -Wparentheses -Wswitch -Wno-unused-function -Wno-unused-label -Wno-unused-parameter -Wno-unused-variable -Wunused-value -Wno-empty-body -Wno-uninitialized -Wno-unknown-pragmas -w -Wno-shadow -Wno-four-char-constants -Wno-conversion -Wno-constant-conversion -Wno-int-conversion -Wno-bool-conversion -Wno-enum-conversion -Wno-float-conversion -Wno-non-literal-null-conversion -Wno-objc-literal-conversion -Wshorten-64-to-32 -Wpointer-sign -Wno-newline-eof -Wno-implicit-fallthrough -isysroot /Applications/Xcode_26.6.app/Contents/Developer/Platforms/iPhoneSimulator.platform/Developer/SDKs/iPhoneSimulator26.5.sdk -fstrict-aliasing -Wdeprecated-declarations -Wno-sign-conversion -Wno-infinite-recursion -Wno-comma -Wno-block-capture-autoreleasing -Wno-strict-prototypes -Wno-semicolon-before-method-body -index-store-path /Users/runner/work/orbit/orbit/.ewc-probe/.dd-ios/Index.noindex/DataStore @/Users/runner/work/orbit/orbit/.ewc-probe/.dd-ios/Build/Intermediates.noindex/cmark-gfm.build/Debug-iphonesimulator/cmark-gfm-extensions.build/Objects-normal/arm64/7187679823f38a2a940e0043cdf9d637-common-args.resp -MMD -MT dependencies -MF /Users/runner/work/orbit/orbit/.ewc-probe/.dd-ios/Build/Intermediates.noindex/cmark-gfm.build/Debug-iphonesimulator/cmark-gfm-extensions.build/Objects-normal/arm64/tasklist.d --serialize-diagnostics /Users/runner/work/orbit/orbit/.ewc-probe/.dd-ios/Build/Intermediates.noindex/cmark-gfm.build/Debug-iphonesimulator/cmark-gfm-extensions.build/Objects-normal/arm64/tasklist.dia -c /Users/runner/work/orbit/orbit/.ewc-probe/.dd-ios/SourcePackages/checkouts/swift-cmark/extensions/tasklist.c -o /Users/runner/work/orbit/orbit/.ewc-probe/.dd-ios/Build/Intermediates.noindex/cmark-gfm.build/Debug-iphonesimulator/cmark-gfm-extensions.build/Objects-normal/arm64/tasklist.o -index-unit-output-path /cmark-gfm.build/Debug-iphonesimulator/cmark-gfm-extensions.build/Objects-normal/arm64/tasklist.o

CompileC /Users/runner/work/orbit/orbit/.ewc-probe/.dd-ios/Build/Intermediates.noindex/cmark-gfm.build/Debug-iphonesimulator/cmark-gfm-extensions.build/Objects-normal/arm64/tagfilter.o /Users/runner/work/orbit/orbit/.ewc-probe/.dd-ios/SourcePackages/checkouts/swift-cmark/extensions/tagfilter.c normal arm64 c com.apple.compilers.llvm.clang.1_0.compiler (in target 'cmark-gfm-extensions' from project 'cmark-gfm')
    cd /Users/runner/work/orbit/orbit/.ewc-probe/EwcProbe.xcodeproj
    
    Using response file: /Users/runner/work/orbit/orbit/.ewc-probe/.dd-ios/Build/Intermediates.noindex/cmark-gfm.build/Debug-iphonesimulator/cmark-gfm-extensions.build/Objects-normal/arm64/7187679823f38a2a940e0043cdf9d637-common-args.resp
    
    /Applications/Xcode_26.6.app/Contents/Developer/Toolchains/XcodeDefault.xctoolchain/usr/bin/clang -x c -ivfsstatcache /Users/runner/work/orbit/orbit/.ewc-probe/.dd-ios/SDKStatCaches.noindex/iphonesimulator26.5-23F81a-688ef53f1462e2c8f657fdc38a81448ff45c64a1807a658693f2a61704f17a36.sdkstatcache -target arm64-apple-ios12.0-simulator -fmessage-length\=0 -fdiagnostics-show-note-include-stack -fmacro-backtrace-limit\=0 -fno-color-diagnostics -fmodules-prune-interval\=86400 -fmodules-prune-after\=345600 -fbuild-session-file\=/Users/runner/work/orbit/orbit/.ewc-probe/.dd-ios/ModuleCache.noindex/Session.modulevalidation -fmodules-validate-once-per-build-session -Wnon-modular-include-in-framework-module -Werror\=non-modular-include-in-framework-module -Wno-trigraphs -Wno-missing-field-initializers -Wno-missing-prototypes -Wno-return-type -Wno-missing-braces -Wparentheses -Wswitch -Wno-unused-function -Wno-unused-label -Wno-unused-parameter -Wno-unused-variable -Wunused-value -Wno-empty-body -Wno-uninitialized -Wno-unknown-pragmas -w -Wno-shadow -Wno-four-char-constants -Wno-conversion -Wno-constant-conversion -Wno-int-conversion -Wno-bool-conversion -Wno-enum-conversion -Wno-float-conversion -Wno-non-literal-null-conversion -Wno-objc-literal-conversion -Wshorten-64-to-32 -Wpointer-sign -Wno-newline-eof -Wno-implicit-fallthrough -isysroot /Applications/Xcode_26.6.app/Contents/Developer/Platforms/iPhoneSimulator.platform/Developer/SDKs/iPhoneSimulator26.5.sdk -fstrict-aliasing -Wdeprecated-declarations -Wno-sign-conversion -Wno-infinite-recursion -Wno-comma -Wno-block-capture-autoreleasing -Wno-strict-prototypes -Wno-semicolon-before-method-body -index-store-path /Users/runner/work/orbit/orbit/.ewc-probe/.dd-ios/Index.noindex/DataStore @/Users/runner/work/orbit/orbit/.ewc-probe/.dd-ios/Build/Intermediates.noindex/cmark-gfm.build/Debug-iphonesimulator/cmark-gfm-extensions.build/Objects-normal/arm64/7187679823f38a2a940e0043cdf9d637-common-args.resp -MMD -MT dependencies -MF /Users/runner/work/orbit/orbit/.ewc-probe/.dd-ios/Build/Intermediates.noindex/cmark-gfm.build/Debug-iphonesimulator/cmark-gfm-extensions.build/Objects-normal/arm64/tagfilter.d --serialize-diagnostics /Users/runner/work/orbit/orbit/.ewc-probe/.dd-ios/Build/Intermediates.noindex/cmark-gfm.build/Debug-iphonesimulator/cmark-gfm-extensions.build/Objects-normal/arm64/tagfilter.dia -c /Users/runner/work/orbit/orbit/.ewc-probe/.dd-ios/SourcePackages/checkouts/swift-cmark/extensions/tagfilter.c -o /Users/runner/work/orbit/orbit/.ewc-probe/.dd-ios/Build/Intermediates.noindex/cmark-gfm.build/Debug-iphonesimulator/cmark-gfm-extensions.build/Objects-normal/arm64/tagfilter.o -index-unit-output-path /cmark-gfm.build/Debug-iphonesimulator/cmark-gfm-extensions.build/Objects-normal/arm64/tagfilter.o

CompileC /Users/runner/work/orbit/orbit/.ewc-probe/.dd-ios/Build/Intermediates.noindex/cmark-gfm.build/Debug-iphonesimulator/cmark-gfm-extensions.build/Objects-normal/arm64/table.o /Users/runner/work/orbit/orbit/.ewc-probe/.dd-ios/SourcePackages/checkouts/swift-cmark/extensions/table.c normal arm64 c com.apple.compilers.llvm.clang.1_0.compiler (in target 'cmark-gfm-extensions' from project 'cmark-gfm')
    cd /Users/runner/work/orbit/orbit/.ewc-probe/EwcProbe.xcodeproj
    
    Using response file: /Users/runner/work/orbit/orbit/.ewc-probe/.dd-ios/Build/Intermediates.noindex/cmark-gfm.build/Debug-iphonesimulator/cmark-gfm-extensions.build/Objects-normal/arm64/7187679823f38a2a940e0043cdf9d637-common-args.resp
    
    /Applications/Xcode_26.6.app/Contents/Developer/Toolchains/XcodeDefault.xctoolchain/usr/bin/clang -x c -ivfsstatcache /Users/runner/work/orbit/orbit/.ewc-probe/.dd-ios/SDKStatCaches.noindex/iphonesimulator26.5-23F81a-688ef53f1462e2c8f657fdc38a81448ff45c64a1807a658693f2a61704f17a36.sdkstatcache -target arm64-apple-ios12.0-simulator -fmessage-length\=0 -fdiagnostics-show-note-include-stack -fmacro-backtrace-limit\=0 -fno-color-diagnostics -fmodules-prune-interval\=86400 -fmodules-prune-after\=345600 -fbuild-session-file\=/Users/runner/work/orbit/orbit/.ewc-probe/.dd-ios/ModuleCache.noindex/Session.modulevalidation -fmodules-validate-once-per-build-session -Wnon-modular-include-in-framework-module -Werror\=non-modular-include-in-framework-module -Wno-trigraphs -Wno-missing-field-initializers -Wno-missing-prototypes -Wno-return-type -Wno-missing-braces -Wparentheses -Wswitch -Wno-unused-function -Wno-unused-label -Wno-unused-parameter -Wno-unused-variable -Wunused-value -Wno-empty-body -Wno-uninitialized -Wno-unknown-pragmas -w -Wno-shadow -Wno-four-char-constants -Wno-conversion -Wno-constant-conversion -Wno-int-conversion -Wno-bool-conversion -Wno-enum-conversion -Wno-float-conversion -Wno-non-literal-null-conversion -Wno-objc-literal-conversion -Wshorten-64-to-32 -Wpointer-sign -Wno-newline-eof -Wno-implicit-fallthrough -isysroot /Applications/Xcode_26.6.app/Contents/Developer/Platforms/iPhoneSimulator.platform/Developer/SDKs/iPhoneSimulator26.5.sdk -fstrict-aliasing -Wdeprecated-declarations -Wno-sign-conversion -Wno-infinite-recursion -Wno-comma -Wno-block-capture-autoreleasing -Wno-strict-prototypes -Wno-semicolon-before-method-body -index-store-path /Users/runner/work/orbit/orbit/.ewc-probe/.dd-ios/Index.noindex/DataStore @/Users/runner/work/orbit/orbit/.ewc-probe/.dd-ios/Build/Intermediates.noindex/cmark-gfm.build/Debug-iphonesimulator/cmark-gfm-extensions.build/Objects-normal/arm64/7187679823f38a2a940e0043cdf9d637-common-args.resp -MMD -MT dependencies -MF /Users/runner/work/orbit/orbit/.ewc-probe/.dd-ios/Build/Intermediates.noindex/cmark-gfm.build/Debug-iphonesimulator/cmark-gfm-extensions.build/Objects-normal/arm64/table.d --serialize-diagnostics /Users/runner/work/orbit/orbit/.ewc-probe/.dd-ios/Build/Intermediates.noindex/cmark-gfm.build/Debug-iphonesimulator/cmark-gfm-extensions.build/Objects-normal/arm64/table.dia -c /Users/runner/work/orbit/orbit/.ewc-probe/.dd-ios/SourcePackages/checkouts/swift-cmark/extensions/table.c -o /Users/runner/work/orbit/orbit/.ewc-probe/.dd-ios/Build/Intermediates.noindex/cmark-gfm.build/Debug-iphonesimulator/cmark-gfm-extensions.build/Objects-normal/arm64/table.o -index-unit-output-path /cmark-gfm.build/Debug-iphonesimulator/cmark-gfm-extensions.build/Objects-normal/arm64/table.o

CompileC /Users/runner/work/orbit/orbit/.ewc-probe/.dd-ios/Build/Intermediates.noindex/cmark-gfm.build/Debug-iphonesimulator/cmark-gfm-extensions.build/Objects-normal/arm64/strikethrough.o /Users/runner/work/orbit/orbit/.ewc-probe/.dd-ios/SourcePackages/checkouts/swift-cmark/extensions/strikethrough.c normal arm64 c com.apple.compilers.llvm.clang.1_0.compiler (in target 'cmark-gfm-extensions' from project 'cmark-gfm')
    cd /Users/runner/work/orbit/orbit/.ewc-probe/EwcProbe.xcodeproj
    
    Using response file: /Users/runner/work/orbit/orbit/.ewc-probe/.dd-ios/Build/Intermediates.noindex/cmark-gfm.build/Debug-iphonesimulator/cmark-gfm-extensions.build/Objects-normal/arm64/7187679823f38a2a940e0043cdf9d637-common-args.resp
    
    /Applications/Xcode_26.6.app/Contents/Developer/Toolchains/XcodeDefault.xctoolchain/usr/bin/clang -x c -ivfsstatcache /Users/runner/work/orbit/orbit/.ewc-probe/.dd-ios/SDKStatCaches.noindex/iphonesimulator26.5-23F81a-688ef53f1462e2c8f657fdc38a81448ff45c64a1807a658693f2a61704f17a36.sdkstatcache -target arm64-apple-ios12.0-simulator -fmessage-length\=0 -fdiagnostics-show-note-include-stack -fmacro-backtrace-limit\=0 -fno-color-diagnostics -fmodules-prune-interval\=86400 -fmodules-prune-after\=345600 -fbuild-session-file\=/Users/runner/work/orbit/orbit/.ewc-probe/.dd-ios/ModuleCache.noindex/Session.modulevalidation -fmodules-validate-once-per-build-session -Wnon-modular-include-in-framework-module -Werror\=non-modular-include-in-framework-module -Wno-trigraphs -Wno-missing-field-initializers -Wno-missing-prototypes -Wno-return-type -Wno-missing-braces -Wparentheses -Wswitch -Wno-unused-function -Wno-unused-label -Wno-unused-parameter -Wno-unused-variable -Wunused-value -Wno-empty-body -Wno-uninitialized -Wno-unknown-pragmas -w -Wno-shadow -Wno-four-char-constants -Wno-conversion -Wno-constant-conversion -Wno-int-conversion -Wno-bool-conversion -Wno-enum-conversion -Wno-float-conversion -Wno-non-literal-null-conversion -Wno-objc-literal-conversion -Wshorten-64-to-32 -Wpointer-sign -Wno-newline-eof -Wno-implicit-fallthrough -isysroot /Applications/Xcode_26.6.app/Contents/Developer/Platforms/iPhoneSimulator.platform/Developer/SDKs/iPhoneSimulator26.5.sdk -fstrict-aliasing -Wdeprecated-declarations -Wno-sign-conversion -Wno-infinite-recursion -Wno-comma -Wno-block-capture-autoreleasing -Wno-strict-prototypes -Wno-semicolon-before-method-body -index-store-path /Users/runner/work/orbit/orbit/.ewc-probe/.dd-ios/Index.noindex/DataStore @/Users/runner/work/orbit/orbit/.ewc-probe/.dd-ios/Build/Intermediates.noindex/cmark-gfm.build/Debug-iphonesimulator/cmark-gfm-extensions.build/Objects-normal/arm64/7187679823f38a2a940e0043cdf9d637-common-args.resp -MMD -MT dependencies -MF /Users/runner/work/orbit/orbit/.ewc-probe/.dd-ios/Build/Intermediates.noindex/cmark-gfm.build/Debug-iphonesimulator/cmark-gfm-extensions.build/Objects-normal/arm64/strikethrough.d --serialize-diagnostics /Users/runner/work/orbit/orbit/.ewc-probe/.dd-ios/Build/Intermediates.noindex/cmark-gfm.build/Debug-iphonesimulator/cmark-gfm-extensions.build/Objects-normal/arm64/strikethrough.dia -c /Users/runner/work/orbit/orbit/.ewc-probe/.dd-ios/SourcePackages/checkouts/swift-cmark/extensions/strikethrough.c -o /Users/runner/work/orbit/orbit/.ewc-probe/.dd-ios/Build/Intermediates.noindex/cmark-gfm.build/Debug-iphonesimulator/cmark-gfm-extensions.build/Objects-normal/arm64/strikethrough.o -index-unit-output-path /cmark-gfm.build/Debug-iphonesimulator/cmark-gfm-extensions.build/Objects-normal/arm64/strikethrough.o

CompileC /Users/runner/work/orbit/orbit/.ewc-probe/.dd-ios/Build/Intermediates.noindex/cmark-gfm.build/Debug-iphonesimulator/cmark-gfm-extensions.build/Objects-normal/arm64/ext_scanners.o /Users/runner/work/orbit/orbit/.ewc-probe/.dd-ios/SourcePackages/checkouts/swift-cmark/extensions/ext_scanners.c normal arm64 c com.apple.compilers.llvm.clang.1_0.compiler (in target 'cmark-gfm-extensions' from project 'cmark-gfm')
    cd /Users/runner/work/orbit/orbit/.ewc-probe/EwcProbe.xcodeproj
    
    Using response file: /Users/runner/work/orbit/orbit/.ewc-probe/.dd-ios/Build/Intermediates.noindex/cmark-gfm.build/Debug-iphonesimulator/cmark-gfm-extensions.build/Objects-normal/arm64/7187679823f38a2a940e0043cdf9d637-common-args.resp
    
    /Applications/Xcode_26.6.app/Contents/Developer/Toolchains/XcodeDefault.xctoolchain/usr/bin/clang -x c -ivfsstatcache /Users/runner/work/orbit/orbit/.ewc-probe/.dd-ios/SDKStatCaches.noindex/iphonesimulator26.5-23F81a-688ef53f1462e2c8f657fdc38a81448ff45c64a1807a658693f2a61704f17a36.sdkstatcache -target arm64-apple-ios12.0-simulator -fmessage-length\=0 -fdiagnostics-show-note-include-stack -fmacro-backtrace-limit\=0 -fno-color-diagnostics -fmodules-prune-interval\=86400 -fmodules-prune-after\=345600 -fbuild-session-file\=/Users/runner/work/orbit/orbit/.ewc-probe/.dd-ios/ModuleCache.noindex/Session.modulevalidation -fmodules-validate-once-per-build-session -Wnon-modular-include-in-framework-module -Werror\=non-modular-include-in-framework-module -Wno-trigraphs -Wno-missing-field-initializers -Wno-missing-prototypes -Wno-return-type -Wno-missing-braces -Wparentheses -Wswitch -Wno-unused-function -Wno-unused-label -Wno-unused-parameter -Wno-unused-variable -Wunused-value -Wno-empty-body -Wno-uninitialized -Wno-unknown-pragmas -w -Wno-shadow -Wno-four-char-constants -Wno-conversion -Wno-constant-conversion -Wno-int-conversion -Wno-bool-conversion -Wno-enum-conversion -Wno-float-conversion -Wno-non-literal-null-conversion -Wno-objc-literal-conversion -Wshorten-64-to-32 -Wpointer-sign -Wno-newline-eof -Wno-implicit-fallthrough -isysroot /Applications/Xcode_26.6.app/Contents/Developer/Platforms/iPhoneSimulator.platform/Developer/SDKs/iPhoneSimulator26.5.sdk -fstrict-aliasing -Wdeprecated-declarations -Wno-sign-conversion -Wno-infinite-recursion -Wno-comma -Wno-block-capture-autoreleasing -Wno-strict-prototypes -Wno-semicolon-before-method-body -index-store-path /Users/runner/work/orbit/orbit/.ewc-probe/.dd-ios/Index.noindex/DataStore @/Users/runner/work/orbit/orbit/.ewc-probe/.dd-ios/Build/Intermediates.noindex/cmark-gfm.build/Debug-iphonesimulator/cmark-gfm-extensions.build/Objects-normal/arm64/7187679823f38a2a940e0043cdf9d637-common-args.resp -MMD -MT dependencies -MF /Users/runner/work/orbit/orbit/.ewc-probe/.dd-ios/Build/Intermediates.noindex/cmark-gfm.build/Debug-iphonesimulator/cmark-gfm-extensions.build/Objects-normal/arm64/ext_scanners.d --serialize-diagnostics /Users/runner/work/orbit/orbit/.ewc-probe/.dd-ios/Build/Intermediates.noindex/cmark-gfm.build/Debug-iphonesimulator/cmark-gfm-extensions.build/Objects-normal/arm64/ext_scanners.dia -c /Users/runner/work/orbit/orbit/.ewc-probe/.dd-ios/SourcePackages/checkouts/swift-cmark/extensions/ext_scanners.c -o /Users/runner/work/orbit/orbit/.ewc-probe/.dd-ios/Build/Intermediates.noindex/cmark-gfm.build/Debug-iphonesimulator/cmark-gfm-extensions.build/Objects-normal/arm64/ext_scanners.o -index-unit-output-path /cmark-gfm.build/Debug-iphonesimulator/cmark-gfm-extensions.build/Objects-normal/arm64/ext_scanners.o

CompileC /Users/runner/work/orbit/orbit/.ewc-probe/.dd-ios/Build/Intermediates.noindex/cmark-gfm.build/Debug-iphonesimulator/cmark-gfm-extensions.build/Objects-normal/arm64/core-extensions.o /Users/runner/work/orbit/orbit/.ewc-probe/.dd-ios/SourcePackages/checkouts/swift-cmark/extensions/core-extensions.c normal arm64 c com.apple.compilers.llvm.clang.1_0.compiler (in target 'cmark-gfm-extensions' from project 'cmark-gfm')
    cd /Users/runner/work/orbit/orbit/.ewc-probe/EwcProbe.xcodeproj
    
    Using response file: /Users/runner/work/orbit/orbit/.ewc-probe/.dd-ios/Build/Intermediates.noindex/cmark-gfm.build/Debug-iphonesimulator/cmark-gfm-extensions.build/Objects-normal/arm64/7187679823f38a2a940e0043cdf9d637-common-args.resp
    
    /Applications/Xcode_26.6.app/Contents/Developer/Toolchains/XcodeDefault.xctoolchain/usr/bin/clang -x c -ivfsstatcache /Users/runner/work/orbit/orbit/.ewc-probe/.dd-ios/SDKStatCaches.noindex/iphonesimulator26.5-23F81a-688ef53f1462e2c8f657fdc38a81448ff45c64a1807a658693f2a61704f17a36.sdkstatcache -target arm64-apple-ios12.0-simulator -fmessage-length\=0 -fdiagnostics-show-note-include-stack -fmacro-backtrace-limit\=0 -fno-color-diagnostics -fmodules-prune-interval\=86400 -fmodules-prune-after\=345600 -fbuild-session-file\=/Users/runner/work/orbit/orbit/.ewc-probe/.dd-ios/ModuleCache.noindex/Session.modulevalidation -fmodules-validate-once-per-build-session -Wnon-modular-include-in-framework-module -Werror\=non-modular-include-in-framework-module -Wno-trigraphs -Wno-missing-field-initializers -Wno-missing-prototypes -Wno-return-type -Wno-missing-braces -Wparentheses -Wswitch -Wno-unused-function -Wno-unused-label -Wno-unused-parameter -Wno-unused-variable -Wunused-value -Wno-empty-body -Wno-uninitialized -Wno-unknown-pragmas -w -Wno-shadow -Wno-four-char-constants -Wno-conversion -Wno-constant-conversion -Wno-int-conversion -Wno-bool-conversion -Wno-enum-conversion -Wno-float-conversion -Wno-non-literal-null-conversion -Wno-objc-literal-conversion -Wshorten-64-to-32 -Wpointer-sign -Wno-newline-eof -Wno-implicit-fallthrough -isysroot /Applications/Xcode_26.6.app/Contents/Developer/Platforms/iPhoneSimulator.platform/Developer/SDKs/iPhoneSimulator26.5.sdk -fstrict-aliasing -Wdeprecated-declarations -Wno-sign-conversion -Wno-infinite-recursion -Wno-comma -Wno-block-capture-autoreleasing -Wno-strict-prototypes -Wno-semicolon-before-method-body -index-store-path /Users/runner/work/orbit/orbit/.ewc-probe/.dd-ios/Index.noindex/DataStore @/Users/runner/work/orbit/orbit/.ewc-probe/.dd-ios/Build/Intermediates.noindex/cmark-gfm.build/Debug-iphonesimulator/cmark-gfm-extensions.build/Objects-normal/arm64/7187679823f38a2a940e0043cdf9d637-common-args.resp -MMD -MT dependencies -MF /Users/runner/work/orbit/orbit/.ewc-probe/.dd-ios/Build/Intermediates.noindex/cmark-gfm.build/Debug-iphonesimulator/cmark-gfm-extensions.build/Objects-normal/arm64/core-extensions.d --serialize-diagnostics /Users/runner/work/orbit/orbit/.ewc-probe/.dd-ios/Build/Intermediates.noindex/cmark-gfm.build/Debug-iphonesimulator/cmark-gfm-extensions.build/Objects-normal/arm64/core-extensions.dia -c /Users/runner/work/orbit/orbit/.ewc-probe/.dd-ios/SourcePackages/checkouts/swift-cmark/extensions/core-extensions.c -o /Users/runner/work/orbit/orbit/.ewc-probe/.dd-ios/Build/Intermediates.noindex/cmark-gfm.build/Debug-iphonesimulator/cmark-gfm-extensions.build/Objects-normal/arm64/core-extensions.o -index-unit-output-path /cmark-gfm.build/Debug-iphonesimulator/cmark-gfm-extensions.build/Objects-normal/arm64/core-extensions.o

CompileC /Users/runner/work/orbit/orbit/.ewc-probe/.dd-ios/Build/Intermediates.noindex/cmark-gfm.build/Debug-iphonesimulator/cmark-gfm-extensions.build/Objects-normal/arm64/autolink.o /Users/runner/work/orbit/orbit/.ewc-probe/.dd-ios/SourcePackages/checkouts/swift-cmark/extensions/autolink.c normal arm64 c com.apple.compilers.llvm.clang.1_0.compiler (in target 'cmark-gfm-extensions' from project 'cmark-gfm')
    cd /Users/runner/work/orbit/orbit/.ewc-probe/EwcProbe.xcodeproj
    
    Using response file: /Users/runner/work/orbit/orbit/.ewc-probe/.dd-ios/Build/Intermediates.noindex/cmark-gfm.build/Debug-iphonesimulator/cmark-gfm-extensions.build/Objects-normal/arm64/7187679823f38a2a940e0043cdf9d637-common-args.resp
    
    /Applications/Xcode_26.6.app/Contents/Developer/Toolchains/XcodeDefault.xctoolchain/usr/bin/clang -x c -ivfsstatcache /Users/runner/work/orbit/orbit/.ewc-probe/.dd-ios/SDKStatCaches.noindex/iphonesimulator26.5-23F81a-688ef53f1462e2c8f657fdc38a81448ff45c64a1807a658693f2a61704f17a36.sdkstatcache -target arm64-apple-ios12.0-simulator -fmessage-length\=0 -fdiagnostics-show-note-include-stack -fmacro-backtrace-limit\=0 -fno-color-diagnostics -fmodules-prune-interval\=86400 -fmodules-prune-after\=345600 -fbuild-session-file\=/Users/runner/work/orbit/orbit/.ewc-probe/.dd-ios/ModuleCache.noindex/Session.modulevalidation -fmodules-validate-once-per-build-session -Wnon-modular-include-in-framework-module -Werror\=non-modular-include-in-framework-module -Wno-trigraphs -Wno-missing-field-initializers -Wno-missing-prototypes -Wno-return-type -Wno-missing-braces -Wparentheses -Wswitch -Wno-unused-function -Wno-unused-label -Wno-unused-parameter -Wno-unused-variable -Wunused-value -Wno-empty-body -Wno-uninitialized -Wno-unknown-pragmas -w -Wno-shadow -Wno-four-char-constants -Wno-conversion -Wno-constant-conversion -Wno-int-conversion -Wno-bool-conversion -Wno-enum-conversion -Wno-float-conversion -Wno-non-literal-null-conversion -Wno-objc-literal-conversion -Wshorten-64-to-32 -Wpointer-sign -Wno-newline-eof -Wno-implicit-fallthrough -isysroot /Applications/Xcode_26.6.app/Contents/Developer/Platforms/iPhoneSimulator.platform/Developer/SDKs/iPhoneSimulator26.5.sdk -fstrict-aliasing -Wdeprecated-declarations -Wno-sign-conversion -Wno-infinite-recursion -Wno-comma -Wno-block-capture-autoreleasing -Wno-strict-prototypes -Wno-semicolon-before-method-body -index-store-path /Users/runner/work/orbit/orbit/.ewc-probe/.dd-ios/Index.noindex/DataStore @/Users/runner/work/orbit/orbit/.ewc-probe/.dd-ios/Build/Intermediates.noindex/cmark-gfm.build/Debug-iphonesimulator/cmark-gfm-extensions.build/Objects-normal/arm64/7187679823f38a2a940e0043cdf9d637-common-args.resp -MMD -MT dependencies -MF /Users/runner/work/orbit/orbit/.ewc-probe/.dd-ios/Build/Intermediates.noindex/cmark-gfm.build/Debug-iphonesimulator/cmark-gfm-extensions.build/Objects-normal/arm64/autolink.d --serialize-diagnostics /Users/runner/work/orbit/orbit/.ewc-probe/.dd-ios/Build/Intermediates.noindex/cmark-gfm.build/Debug-iphonesimulator/cmark-gfm-extensions.build/Objects-normal/arm64/autolink.dia -c /Users/runner/work/orbit/orbit/.ewc-probe/.dd-ios/SourcePackages/checkouts/swift-cmark/extensions/autolink.c -o /Users/runner/work/orbit/orbit/.ewc-probe/.dd-ios/Build/Intermediates.noindex/cmark-gfm.build/Debug-iphonesimulator/cmark-gfm-extensions.build/Objects-normal/arm64/autolink.o -index-unit-output-path /cmark-gfm.build/Debug-iphonesimulator/cmark-gfm-extensions.build/Objects-normal/arm64/autolink.o

ScanDependencies /Users/runner/work/orbit/orbit/.ewc-probe/.dd-ios/Build/Intermediates.noindex/cmark-gfm.build/Debug-iphonesimulator/cmark-gfm.build/Objects-normal/arm64/houdini_href_e.o /Users/runner/work/orbit/orbit/.ewc-probe/.dd-ios/SourcePackages/checkouts/swift-cmark/src/houdini_href_e.c normal arm64 c com.apple.compilers.llvm.clang.1_0.compiler (in target 'cmark-gfm' from project 'cmark-gfm')
    cd /Users/runner/work/orbit/orbit/.ewc-probe/EwcProbe.xcodeproj
    
    Using response file: /Users/runner/work/orbit/orbit/.ewc-probe/.dd-ios/Build/Intermediates.noindex/cmark-gfm.build/Debug-iphonesimulator/cmark-gfm.build/Objects-normal/arm64/7187679823f38a2a940e0043cdf9d637-common-args.resp
    
    builtin-ScanDependencies -o /Users/runner/work/orbit/orbit/.ewc-probe/.dd-ios/Build/Intermediates.noindex/cmark-gfm.build/Debug-iphonesimulator/cmark-gfm.build/Objects-normal/arm64/houdini_href_e.o.scan -- /Applications/Xcode_26.6.app/Contents/Developer/Toolchains/XcodeDefault.xctoolchain/usr/bin/clang -x c -ivfsstatcache /Users/runner/work/orbit/orbit/.ewc-probe/.dd-ios/SDKStatCaches.noindex/iphonesimulator26.5-23F81a-688ef53f1462e2c8f657fdc38a81448ff45c64a1807a658693f2a61704f17a36.sdkstatcache -target arm64-apple-ios12.0-simulator -fmessage-length\=0 -fdiagnostics-show-note-include-stack -fmacro-backtrace-limit\=0 -fno-color-diagnostics -fmodules-prune-interval\=86400 -fmodules-prune-after\=345600 -fbuild-session-file\=/Users/runner/work/orbit/orbit/.ewc-probe/.dd-ios/ModuleCache.noindex/Session.modulevalidation -fmodules-validate-once-per-build-session -Wnon-modular-include-in-framework-module -Werror\=non-modular-include-in-framework-module -Wno-trigraphs -Wno-missing-field-initializers -Wno-missing-prototypes -Wno-return-type -Wno-missing-braces -Wparentheses -Wswitch -Wno-unused-function -Wno-unused-label -Wno-unused-parameter -Wno-unused-variable -Wunused-value -Wno-empty-body -Wno-uninitialized -Wno-unknown-pragmas -w -Wno-shadow -Wno-four-char-constants -Wno-conversion -Wno-constant-conversion -Wno-int-conversion -Wno-bool-conversion -Wno-enum-conversion -Wno-float-conversion -Wno-non-literal-null-conversion -Wno-objc-literal-conversion -Wshorten-64-to-32 -Wpointer-sign -Wno-newline-eof -Wno-implicit-fallthrough -isysroot /Applications/Xcode_26.6.app/Contents/Developer/Platforms/iPhoneSimulator.platform/Developer/SDKs/iPhoneSimulator26.5.sdk -fstrict-aliasing -Wdeprecated-declarations -Wno-sign-conversion -Wno-infinite-recursion -Wno-comma -Wno-block-capture-autoreleasing -Wno-strict-prototypes -Wno-semicolon-before-method-body -index-store-path /Users/runner/work/orbit/orbit/.ewc-probe/.dd-ios/Index.noindex/DataStore @/Users/runner/work/orbit/orbit/.ewc-probe/.dd-ios/Build/Intermediates.noindex/cmark-gfm.build/Debug-iphonesimulator/cmark-gfm.build/Objects-normal/arm64/7187679823f38a2a940e0043cdf9d637-common-args.resp -MMD -MT dependencies -MF /Users/runner/work/orbit/orbit/.ewc-probe/.dd-ios/Build/Intermediates.noindex/cmark-gfm.build/Debug-iphonesimulator/cmark-gfm.build/Objects-normal/arm64/houdini_href_e.d --serialize-diagnostics /Users/runner/work/orbit/orbit/.ewc-probe/.dd-ios/Build/Intermediates.noindex/cmark-gfm.build/Debug-iphonesimulator/cmark-gfm.build/Objects-normal/arm64/houdini_href_e.dia -c /Users/runner/work/orbit/orbit/.ewc-probe/.dd-ios/SourcePackages/checkouts/swift-cmark/src/houdini_href_e.c -o /Users/runner/work/orbit/orbit/.ewc-probe/.dd-ios/Build/Intermediates.noindex/cmark-gfm.build/Debug-iphonesimulator/cmark-gfm.build/Objects-normal/arm64/houdini_href_e.o -index-unit-output-path /cmark-gfm.build/Debug-iphonesimulator/cmark-gfm.build/Objects-normal/arm64/houdini_href_e.o

ScanDependencies /Users/runner/work/orbit/orbit/.ewc-probe/.dd-ios/Build/Intermediates.noindex/cmark-gfm.build/Debug-iphonesimulator/cmark-gfm.build/Objects-normal/arm64/footnotes.o /Users/runner/work/orbit/orbit/.ewc-probe/.dd-ios/SourcePackages/checkouts/swift-cmark/src/footnotes.c normal arm64 c com.apple.compilers.llvm.clang.1_0.compiler (in target 'cmark-gfm' from project 'cmark-gfm')
    cd /Users/runner/work/orbit/orbit/.ewc-probe/EwcProbe.xcodeproj
    
    Using response file: /Users/runner/work/orbit/orbit/.ewc-probe/.dd-ios/Build/Intermediates.noindex/cmark-gfm.build/Debug-iphonesimulator/cmark-gfm.build/Objects-normal/arm64/7187679823f38a2a940e0043cdf9d637-common-args.resp
    
    builtin-ScanDependencies -o /Users/runner/work/orbit/orbit/.ewc-probe/.dd-ios/Build/Intermediates.noindex/cmark-gfm.build/Debug-iphonesimulator/cmark-gfm.build/Objects-normal/arm64/footnotes.o.scan -- /Applications/Xcode_26.6.app/Contents/Developer/Toolchains/XcodeDefault.xctoolchain/usr/bin/clang -x c -ivfsstatcache /Users/runner/work/orbit/orbit/.ewc-probe/.dd-ios/SDKStatCaches.noindex/iphonesimulator26.5-23F81a-688ef53f1462e2c8f657fdc38a81448ff45c64a1807a658693f2a61704f17a36.sdkstatcache -target arm64-apple-ios12.0-simulator -fmessage-length\=0 -fdiagnostics-show-note-include-stack -fmacro-backtrace-limit\=0 -fno-color-diagnostics -fmodules-prune-interval\=86400 -fmodules-prune-after\=345600 -fbuild-session-file\=/Users/runner/work/orbit/orbit/.ewc-probe/.dd-ios/ModuleCache.noindex/Session.modulevalidation -fmodules-validate-once-per-build-session -Wnon-modular-include-in-framework-module -Werror\=non-modular-include-in-framework-module -Wno-trigraphs -Wno-missing-field-initializers -Wno-missing-prototypes -Wno-return-type -Wno-missing-braces -Wparentheses -Wswitch -Wno-unused-function -Wno-unused-label -Wno-unused-parameter -Wno-unused-variable -Wunused-value -Wno-empty-body -Wno-uninitialized -Wno-unknown-pragmas -w -Wno-shadow -Wno-four-char-constants -Wno-conversion -Wno-constant-conversion -Wno-int-conversion -Wno-bool-conversion -Wno-enum-conversion -Wno-float-conversion -Wno-non-literal-null-conversion -Wno-objc-literal-conversion -Wshorten-64-to-32 -Wpointer-sign -Wno-newline-eof -Wno-implicit-fallthrough -isysroot /Applications/Xcode_26.6.app/Contents/Developer/Platforms/iPhoneSimulator.platform/Developer/SDKs/iPhoneSimulator26.5.sdk -fstrict-aliasing -Wdeprecated-declarations -Wno-sign-conversion -Wno-infinite-recursion -Wno-comma -Wno-block-capture-autoreleasing -Wno-strict-prototypes -Wno-semicolon-before-method-body -index-store-path /Users/runner/work/orbit/orbit/.ewc-probe/.dd-ios/Index.noindex/DataStore @/Users/runner/work/orbit/orbit/.ewc-probe/.dd-ios/Build/Intermediates.noindex/cmark-gfm.build/Debug-iphonesimulator/cmark-gfm.build/Objects-normal/arm64/7187679823f38a2a940e0043cdf9d637-common-args.resp -MMD -MT dependencies -MF /Users/runner/work/orbit/orbit/.ewc-probe/.dd-ios/Build/Intermediates.noindex/cmark-gfm.build/Debug-iphonesimulator/cmark-gfm.build/Objects-normal/arm64/footnotes.d --serialize-diagnostics /Users/runner/work/orbit/orbit/.ewc-probe/.dd-ios/Build/Intermediates.noindex/cmark-gfm.build/Debug-iphonesimulator/cmark-gfm.build/Objects-normal/arm64/footnotes.dia -c /Users/runner/work/orbit/orbit/.ewc-probe/.dd-ios/SourcePackages/checkouts/swift-cmark/src/footnotes.c -o /Users/runner/work/orbit/orbit/.ewc-probe/.dd-ios/Build/Intermediates.noindex/cmark-gfm.build/Debug-iphonesimulator/cmark-gfm.build/Objects-normal/arm64/footnotes.o -index-unit-output-path /cmark-gfm.build/Debug-iphonesimulator/cmark-gfm.build/Objects-normal/arm64/footnotes.o

SwiftExplicitDependencyGeneratePcm arm64 /Users/runner/work/orbit/orbit/.ewc-probe/.dd-ios/ModuleCache.noindex/ObjectiveC-8G7MB2W8KBOFC84DC54RQJMHX.pcm

CompileC /Users/runner/work/orbit/orbit/.ewc-probe/.dd-ios/Build/Intermediates.noindex/cmark-gfm.build/Debug-iphonesimulator/cmark-gfm.build/Objects-normal/arm64/footnotes.o /Users/runner/work/orbit/orbit/.ewc-probe/.dd-ios/SourcePackages/checkouts/swift-cmark/src/footnotes.c normal arm64 c com.apple.compilers.llvm.clang.1_0.compiler (in target 'cmark-gfm' from project 'cmark-gfm')
    cd /Users/runner/work/orbit/orbit/.ewc-probe/EwcProbe.xcodeproj
    
    Using response file: /Users/runner/work/orbit/orbit/.ewc-probe/.dd-ios/Build/Intermediates.noindex/cmark-gfm.build/Debug-iphonesimulator/cmark-gfm.build/Objects-normal/arm64/7187679823f38a2a940e0043cdf9d637-common-args.resp
    
    /Applications/Xcode_26.6.app/Contents/Developer/Toolchains/XcodeDefault.xctoolchain/usr/bin/clang -x c -ivfsstatcache /Users/runner/work/orbit/orbit/.ewc-probe/.dd-ios/SDKStatCaches.noindex/iphonesimulator26.5-23F81a-688ef53f1462e2c8f657fdc38a81448ff45c64a1807a658693f2a61704f17a36.sdkstatcache -target arm64-apple-ios12.0-simulator -fmessage-length\=0 -fdiagnostics-show-note-include-stack -fmacro-backtrace-limit\=0 -fno-color-diagnostics -fmodules-prune-interval\=86400 -fmodules-prune-after\=345600 -fbuild-session-file\=/Users/runner/work/orbit/orbit/.ewc-probe/.dd-ios/ModuleCache.noindex/Session.modulevalidation -fmodules-validate-once-per-build-session -Wnon-modular-include-in-framework-module -Werror\=non-modular-include-in-framework-module -Wno-trigraphs -Wno-missing-field-initializers -Wno-missing-prototypes -Wno-return-type -Wno-missing-braces -Wparentheses -Wswitch -Wno-unused-function -Wno-unused-label -Wno-unused-parameter -Wno-unused-variable -Wunused-value -Wno-empty-body -Wno-uninitialized -Wno-unknown-pragmas -w -Wno-shadow -Wno-four-char-constants -Wno-conversion -Wno-constant-conversion -Wno-int-conversion -Wno-bool-conversion -Wno-enum-conversion -Wno-float-conversion -Wno-non-literal-null-conversion -Wno-objc-literal-conversion -Wshorten-64-to-32 -Wpointer-sign -Wno-newline-eof -Wno-implicit-fallthrough -isysroot /Applications/Xcode_26.6.app/Contents/Developer/Platforms/iPhoneSimulator.platform/Developer/SDKs/iPhoneSimulator26.5.sdk -fstrict-aliasing -Wdeprecated-declarations -Wno-sign-conversion -Wno-infinite-recursion -Wno-comma -Wno-block-capture-autoreleasing -Wno-strict-prototypes -Wno-semicolon-before-method-body -index-store-path /Users/runner/work/orbit/orbit/.ewc-probe/.dd-ios/Index.noindex/DataStore @/Users/runner/work/orbit/orbit/.ewc-probe/.dd-ios/Build/Intermediates.noindex/cmark-gfm.build/Debug-iphonesimulator/cmark-gfm.build/Objects-normal/arm64/7187679823f38a2a940e0043cdf9d637-common-args.resp -MMD -MT dependencies -MF /Users/runner/work/orbit/orbit/.ewc-probe/.dd-ios/Build/Intermediates.noindex/cmark-gfm.build/Debug-iphonesimulator/cmark-gfm.build/Objects-normal/arm64/footnotes.d --serialize-diagnostics /Users/runner/work/orbit/orbit/.ewc-probe/.dd-ios/Build/Intermediates.noindex/cmark-gfm.build/Debug-iphonesimulator/cmark-gfm.build/Objects-normal/arm64/footnotes.dia -c /Users/runner/work/orbit/orbit/.ewc-probe/.dd-ios/SourcePackages/checkouts/swift-cmark/src/footnotes.c -o /Users/runner/work/orbit/orbit/.ewc-probe/.dd-ios/Build/Intermediates.noindex/cmark-gfm.build/Debug-iphonesimulator/cmark-gfm.build/Objects-normal/arm64/footnotes.o -index-unit-output-path /cmark-gfm.build/Debug-iphonesimulator/cmark-gfm.build/Objects-normal/arm64/footnotes.o

CompileC /Users/runner/work/orbit/orbit/.ewc-probe/.dd-ios/Build/Intermediates.noindex/cmark-gfm.build/Debug-iphonesimulator/cmark-gfm.build/Objects-normal/arm64/houdini_href_e.o /Users/runner/work/orbit/orbit/.ewc-probe/.dd-ios/SourcePackages/checkouts/swift-cmark/src/houdini_href_e.c normal arm64 c com.apple.compilers.llvm.clang.1_0.compiler (in target 'cmark-gfm' from project 'cmark-gfm')
    cd /Users/runner/work/orbit/orbit/.ewc-probe/EwcProbe.xcodeproj
    
    Using response file: /Users/runner/work/orbit/orbit/.ewc-probe/.dd-ios/Build/Intermediates.noindex/cmark-gfm.build/Debug-iphonesimulator/cmark-gfm.build/Objects-normal/arm64/7187679823f38a2a940e0043cdf9d637-common-args.resp
    
    /Applications/Xcode_26.6.app/Contents/Developer/Toolchains/XcodeDefault.xctoolchain/usr/bin/clang -x c -ivfsstatcache /Users/runner/work/orbit/orbit/.ewc-probe/.dd-ios/SDKStatCaches.noindex/iphonesimulator26.5-23F81a-688ef53f1462e2c8f657fdc38a81448ff45c64a1807a658693f2a61704f17a36.sdkstatcache -target arm64-apple-ios12.0-simulator -fmessage-length\=0 -fdiagnostics-show-note-include-stack -fmacro-backtrace-limit\=0 -fno-color-diagnostics -fmodules-prune-interval\=86400 -fmodules-prune-after\=345600 -fbuild-session-file\=/Users/runner/work/orbit/orbit/.ewc-probe/.dd-ios/ModuleCache.noindex/Session.modulevalidation -fmodules-validate-once-per-build-session -Wnon-modular-include-in-framework-module -Werror\=non-modular-include-in-framework-module -Wno-trigraphs -Wno-missing-field-initializers -Wno-missing-prototypes -Wno-return-type -Wno-missing-braces -Wparentheses -Wswitch -Wno-unused-function -Wno-unused-label -Wno-unused-parameter -Wno-unused-variable -Wunused-value -Wno-empty-body -Wno-uninitialized -Wno-unknown-pragmas -w -Wno-shadow -Wno-four-char-constants -Wno-conversion -Wno-constant-conversion -Wno-int-conversion -Wno-bool-conversion -Wno-enum-conversion -Wno-float-conversion -Wno-non-literal-null-conversion -Wno-objc-literal-conversion -Wshorten-64-to-32 -Wpointer-sign -Wno-newline-eof -Wno-implicit-fallthrough -isysroot /Applications/Xcode_26.6.app/Contents/Developer/Platforms/iPhoneSimulator.platform/Developer/SDKs/iPhoneSimulator26.5.sdk -fstrict-aliasing -Wdeprecated-declarations -Wno-sign-conversion -Wno-infinite-recursion -Wno-comma -Wno-block-capture-autoreleasing -Wno-strict-prototypes -Wno-semicolon-before-method-body -index-store-path /Users/runner/work/orbit/orbit/.ewc-probe/.dd-ios/Index.noindex/DataStore @/Users/runner/work/orbit/orbit/.ewc-probe/.dd-ios/Build/Intermediates.noindex/cmark-gfm.build/Debug-iphonesimulator/cmark-gfm.build/Objects-normal/arm64/7187679823f38a2a940e0043cdf9d637-common-args.resp -MMD -MT dependencies -MF /Users/runner/work/orbit/orbit/.ewc-probe/.dd-ios/Build/Intermediates.noindex/cmark-gfm.build/Debug-iphonesimulator/cmark-gfm.build/Objects-normal/arm64/houdini_href_e.d --serialize-diagnostics /Users/runner/work/orbit/orbit/.ewc-probe/.dd-ios/Build/Intermediates.noindex/cmark-gfm.build/Debug-iphonesimulator/cmark-gfm.build/Objects-normal/arm64/houdini_href_e.dia -c /Users/runner/work/orbit/orbit/.ewc-probe/.dd-ios/SourcePackages/checkouts/swift-cmark/src/houdini_href_e.c -o /Users/runner/work/orbit/orbit/.ewc-probe/.dd-ios/Build/Intermediates.noindex/cmark-gfm.build/Debug-iphonesimulator/cmark-gfm.build/Objects-normal/arm64/houdini_href_e.o -index-unit-output-path /cmark-gfm.build/Debug-iphonesimulator/cmark-gfm.build/Objects-normal/arm64/houdini_href_e.o

ScanDependencies /Users/runner/work/orbit/orbit/.ewc-probe/.dd-ios/Build/Intermediates.noindex/cmark-gfm.build/Debug-iphonesimulator/cmark-gfm.build/Objects-normal/arm64/commonmark.o /Users/runner/work/orbit/orbit/.ewc-probe/.dd-ios/SourcePackages/checkouts/swift-cmark/src/commonmark.c normal arm64 c com.apple.compilers.llvm.clang.1_0.compiler (in target 'cmark-gfm' from project 'cmark-gfm')
    cd /Users/runner/work/orbit/orbit/.ewc-probe/EwcProbe.xcodeproj
    
    Using response file: /Users/runner/work/orbit/orbit/.ewc-probe/.dd-ios/Build/Intermediates.noindex/cmark-gfm.build/Debug-iphonesimulator/cmark-gfm.build/Objects-normal/arm64/7187679823f38a2a940e0043cdf9d637-common-args.resp
    
    builtin-ScanDependencies -o /Users/runner/work/orbit/orbit/.ewc-probe/.dd-ios/Build/Intermediates.noindex/cmark-gfm.build/Debug-iphonesimulator/cmark-gfm.build/Objects-normal/arm64/commonmark.o.scan -- /Applications/Xcode_26.6.app/Contents/Developer/Toolchains/XcodeDefault.xctoolchain/usr/bin/clang -x c -ivfsstatcache /Users/runner/work/orbit/orbit/.ewc-probe/.dd-ios/SDKStatCaches.noindex/iphonesimulator26.5-23F81a-688ef53f1462e2c8f657fdc38a81448ff45c64a1807a658693f2a61704f17a36.sdkstatcache -target arm64-apple-ios12.0-simulator -fmessage-length\=0 -fdiagnostics-show-note-include-stack -fmacro-backtrace-limit\=0 -fno-color-diagnostics -fmodules-prune-interval\=86400 -fmodules-prune-after\=345600 -fbuild-session-file\=/Users/runner/work/orbit/orbit/.ewc-probe/.dd-ios/ModuleCache.noindex/Session.modulevalidation -fmodules-validate-once-per-build-session -Wnon-modular-include-in-framework-module -Werror\=non-modular-include-in-framework-module -Wno-trigraphs -Wno-missing-field-initializers -Wno-missing-prototypes -Wno-return-type -Wno-missing-braces -Wparentheses -Wswitch -Wno-unused-function -Wno-unused-label -Wno-unused-parameter -Wno-unused-variable -Wunused-value -Wno-empty-body -Wno-uninitialized -Wno-unknown-pragmas -w -Wno-shadow -Wno-four-char-constants -Wno-conversion -Wno-constant-conversion -Wno-int-conversion -Wno-bool-conversion -Wno-enum-conversion -Wno-float-conversion -Wno-non-literal-null-conversion -Wno-objc-literal-conversion -Wshorten-64-to-32 -Wpointer-sign -Wno-newline-eof -Wno-implicit-fallthrough -isysroot /Applications/Xcode_26.6.app/Contents/Developer/Platforms/iPhoneSimulator.platform/Developer/SDKs/iPhoneSimulator26.5.sdk -fstrict-aliasing -Wdeprecated-declarations -Wno-sign-conversion -Wno-infinite-recursion -Wno-comma -Wno-block-capture-autoreleasing -Wno-strict-prototypes -Wno-semicolon-before-method-body -index-store-path /Users/runner/work/orbit/orbit/.ewc-probe/.dd-ios/Index.noindex/DataStore @/Users/runner/work/orbit/orbit/.ewc-probe/.dd-ios/Build/Intermediates.noindex/cmark-gfm.build/Debug-iphonesimulator/cmark-gfm.build/Objects-normal/arm64/7187679823f38a2a940e0043cdf9d637-common-args.resp -MMD -MT dependencies -MF /Users/runner/work/orbit/orbit/.ewc-probe/.dd-ios/Build/Intermediates.noindex/cmark-gfm.build/Debug-iphonesimulator/cmark-gfm.build/Objects-normal/arm64/commonmark.d --serialize-diagnostics /Users/runner/work/orbit/orbit/.ewc-probe/.dd-ios/Build/Intermediates.noindex/cmark-gfm.build/Debug-iphonesimulator/cmark-gfm.build/Objects-normal/arm64/commonmark.dia -c /Users/runner/work/orbit/orbit/.ewc-probe/.dd-ios/SourcePackages/checkouts/swift-cmark/src/commonmark.c -o /Users/runner/work/orbit/orbit/.ewc-probe/.dd-ios/Build/Intermediates.noindex/cmark-gfm.build/Debug-iphonesimulator/cmark-gfm.build/Objects-normal/arm64/commonmark.o -index-unit-output-path /cmark-gfm.build/Debug-iphonesimulator/cmark-gfm.build/Objects-normal/arm64/commonmark.o

ScanDependencies /Users/runner/work/orbit/orbit/.ewc-probe/.dd-ios/Build/Intermediates.noindex/cmark-gfm.build/Debug-iphonesimulator/cmark-gfm.build/Objects-normal/arm64/cmark_ctype.o /Users/runner/work/orbit/orbit/.ewc-probe/.dd-ios/SourcePackages/checkouts/swift-cmark/src/cmark_ctype.c normal arm64 c com.apple.compilers.llvm.clang.1_0.compiler (in target 'cmark-gfm' from project 'cmark-gfm')
    cd /Users/runner/work/orbit/orbit/.ewc-probe/EwcProbe.xcodeproj
    
    Using response file: /Users/runner/work/orbit/orbit/.ewc-probe/.dd-ios/Build/Intermediates.noindex/cmark-gfm.build/Debug-iphonesimulator/cmark-gfm.build/Objects-normal/arm64/7187679823f38a2a940e0043cdf9d637-common-args.resp
    
    builtin-ScanDependencies -o /Users/runner/work/orbit/orbit/.ewc-probe/.dd-ios/Build/Intermediates.noindex/cmark-gfm.build/Debug-iphonesimulator/cmark-gfm.build/Objects-normal/arm64/cmark_ctype.o.scan -- /Applications/Xcode_26.6.app/Contents/Developer/Toolchains/XcodeDefault.xctoolchain/usr/bin/clang -x c -ivfsstatcache /Users/runner/work/orbit/orbit/.ewc-probe/.dd-ios/SDKStatCaches.noindex/iphonesimulator26.5-23F81a-688ef53f1462e2c8f657fdc38a81448ff45c64a1807a658693f2a61704f17a36.sdkstatcache -target arm64-apple-ios12.0-simulator -fmessage-length\=0 -fdiagnostics-show-note-include-stack -fmacro-backtrace-limit\=0 -fno-color-diagnostics -fmodules-prune-interval\=86400 -fmodules-prune-after\=345600 -fbuild-session-file\=/Users/runner/work/orbit/orbit/.ewc-probe/.dd-ios/ModuleCache.noindex/Session.modulevalidation -fmodules-validate-once-per-build-session -Wnon-modular-include-in-framework-module -Werror\=non-modular-include-in-framework-module -Wno-trigraphs -Wno-missing-field-initializers -Wno-missing-prototypes -Wno-return-type -Wno-missing-braces -Wparentheses -Wswitch -Wno-unused-function -Wno-unused-label -Wno-unused-parameter -Wno-unused-variable -Wunused-value -Wno-empty-body -Wno-uninitialized -Wno-unknown-pragmas -w -Wno-shadow -Wno-four-char-constants -Wno-conversion -Wno-constant-conversion -Wno-int-conversion -Wno-bool-conversion -Wno-enum-conversion -Wno-float-conversion -Wno-non-literal-null-conversion -Wno-objc-literal-conversion -Wshorten-64-to-32 -Wpointer-sign -Wno-newline-eof -Wno-implicit-fallthrough -isysroot /Applications/Xcode_26.6.app/Contents/Developer/Platforms/iPhoneSimulator.platform/Developer/SDKs/iPhoneSimulator26.5.sdk -fstrict-aliasing -Wdeprecated-declarations -Wno-sign-conversion -Wno-infinite-recursion -Wno-comma -Wno-block-capture-autoreleasing -Wno-strict-prototypes -Wno-semicolon-before-method-body -index-store-path /Users/runner/work/orbit/orbit/.ewc-probe/.dd-ios/Index.noindex/DataStore @/Users/runner/work/orbit/orbit/.ewc-probe/.dd-ios/Build/Intermediates.noindex/cmark-gfm.build/Debug-iphonesimulator/cmark-gfm.build/Objects-normal/arm64/7187679823f38a2a940e0043cdf9d637-common-args.resp -MMD -MT dependencies -MF /Users/runner/work/orbit/orbit/.ewc-probe/.dd-ios/Build/Intermediates.noindex/cmark-gfm.build/Debug-iphonesimulator/cmark-gfm.build/Objects-normal/arm64/cmark_ctype.d --serialize-diagnostics /Users/runner/work/orbit/orbit/.ewc-probe/.dd-ios/Build/Intermediates.noindex/cmark-gfm.build/Debug-iphonesimulator/cmark-gfm.build/Objects-normal/arm64/cmark_ctype.dia -c /Users/runner/work/orbit/orbit/.ewc-probe/.dd-ios/SourcePackages/checkouts/swift-cmark/src/cmark_ctype.c -o /Users/runner/work/orbit/orbit/.ewc-probe/.dd-ios/Build/Intermediates.noindex/cmark-gfm.build/Debug-iphonesimulator/cmark-gfm.build/Objects-normal/arm64/cmark_ctype.o -index-unit-output-path /cmark-gfm.build/Debug-iphonesimulator/cmark-gfm.build/Objects-normal/arm64/cmark_ctype.o

ScanDependencies /Users/runner/work/orbit/orbit/.ewc-probe/.dd-ios/Build/Intermediates.noindex/cmark-gfm.build/Debug-iphonesimulator/cmark-gfm.build/Objects-normal/arm64/cmark.o /Users/runner/work/orbit/orbit/.ewc-probe/.dd-ios/SourcePackages/checkouts/swift-cmark/src/cmark.c normal arm64 c com.apple.compilers.llvm.clang.1_0.compiler (in target 'cmark-gfm' from project 'cmark-gfm')
    cd /Users/runner/work/orbit/orbit/.ewc-probe/EwcProbe.xcodeproj
    
    Using response file: /Users/runner/work/orbit/orbit/.ewc-probe/.dd-ios/Build/Intermediates.noindex/cmark-gfm.build/Debug-iphonesimulator/cmark-gfm.build/Objects-normal/arm64/7187679823f38a2a940e0043cdf9d637-common-args.resp
    
    builtin-ScanDependencies -o /Users/runner/work/orbit/orbit/.ewc-probe/.dd-ios/Build/Intermediates.noindex/cmark-gfm.build/Debug-iphonesimulator/cmark-gfm.build/Objects-normal/arm64/cmark.o.scan -- /Applications/Xcode_26.6.app/Contents/Developer/Toolchains/XcodeDefault.xctoolchain/usr/bin/clang -x c -ivfsstatcache /Users/runner/work/orbit/orbit/.ewc-probe/.dd-ios/SDKStatCaches.noindex/iphonesimulator26.5-23F81a-688ef53f1462e2c8f657fdc38a81448ff45c64a1807a658693f2a61704f17a36.sdkstatcache -target arm64-apple-ios12.0-simulator -fmessage-length\=0 -fdiagnostics-show-note-include-stack -fmacro-backtrace-limit\=0 -fno-color-diagnostics -fmodules-prune-interval\=86400 -fmodules-prune-after\=345600 -fbuild-session-file\=/Users/runner/work/orbit/orbit/.ewc-probe/.dd-ios/ModuleCache.noindex/Session.modulevalidation -fmodules-validate-once-per-build-session -Wnon-modular-include-in-framework-module -Werror\=non-modular-include-in-framework-module -Wno-trigraphs -Wno-missing-field-initializers -Wno-missing-prototypes -Wno-return-type -Wno-missing-braces -Wparentheses -Wswitch -Wno-unused-function -Wno-unused-label -Wno-unused-parameter -Wno-unused-variable -Wunused-value -Wno-empty-body -Wno-uninitialized -Wno-unknown-pragmas -w -Wno-shadow -Wno-four-char-constants -Wno-conversion -Wno-constant-conversion -Wno-int-conversion -Wno-bool-conversion -Wno-enum-conversion -Wno-float-conversion -Wno-non-literal-null-conversion -Wno-objc-literal-conversion -Wshorten-64-to-32 -Wpointer-sign -Wno-newline-eof -Wno-implicit-fallthrough -isysroot /Applications/Xcode_26.6.app/Contents/Developer/Platforms/iPhoneSimulator.platform/Developer/SDKs/iPhoneSimulator26.5.sdk -fstrict-aliasing -Wdeprecated-declarations -Wno-sign-conversion -Wno-infinite-recursion -Wno-comma -Wno-block-capture-autoreleasing -Wno-strict-prototypes -Wno-semicolon-before-method-body -index-store-path /Users/runner/work/orbit/orbit/.ewc-probe/.dd-ios/Index.noindex/DataStore @/Users/runner/work/orbit/orbit/.ewc-probe/.dd-ios/Build/Intermediates.noindex/cmark-gfm.build/Debug-iphonesimulator/cmark-gfm.build/Objects-normal/arm64/7187679823f38a2a940e0043cdf9d637-common-args.resp -MMD -MT dependencies -MF /Users/runner/work/orbit/orbit/.ewc-probe/.dd-ios/Build/Intermediates.noindex/cmark-gfm.build/Debug-iphonesimulator/cmark-gfm.build/Objects-normal/arm64/cmark.d --serialize-diagnostics /Users/runner/work/orbit/orbit/.ewc-probe/.dd-ios/Build/Intermediates.noindex/cmark-gfm.build/Debug-iphonesimulator/cmark-gfm.build/Objects-normal/arm64/cmark.dia -c /Users/runner/work/orbit/orbit/.ewc-probe/.dd-ios/SourcePackages/checkouts/swift-cmark/src/cmark.c -o /Users/runner/work/orbit/orbit/.ewc-probe/.dd-ios/Build/Intermediates.noindex/cmark-gfm.build/Debug-iphonesimulator/cmark-gfm.build/Objects-normal/arm64/cmark.o -index-unit-output-path /cmark-gfm.build/Debug-iphonesimulator/cmark-gfm.build/Objects-normal/arm64/cmark.o

CompileC /Users/runner/work/orbit/orbit/.ewc-probe/.dd-ios/Build/Intermediates.noindex/cmark-gfm.build/Debug-iphonesimulator/cmark-gfm.build/Objects-normal/arm64/commonmark.o /Users/runner/work/orbit/orbit/.ewc-probe/.dd-ios/SourcePackages/checkouts/swift-cmark/src/commonmark.c normal arm64 c com.apple.compilers.llvm.clang.1_0.compiler (in target 'cmark-gfm' from project 'cmark-gfm')
    cd /Users/runner/work/orbit/orbit/.ewc-probe/EwcProbe.xcodeproj
    
    Using response file: /Users/runner/work/orbit/orbit/.ewc-probe/.dd-ios/Build/Intermediates.noindex/cmark-gfm.build/Debug-iphonesimulator/cmark-gfm.build/Objects-normal/arm64/7187679823f38a2a940e0043cdf9d637-common-args.resp
    
    /Applications/Xcode_26.6.app/Contents/Developer/Toolchains/XcodeDefault.xctoolchain/usr/bin/clang -x c -ivfsstatcache /Users/runner/work/orbit/orbit/.ewc-probe/.dd-ios/SDKStatCaches.noindex/iphonesimulator26.5-23F81a-688ef53f1462e2c8f657fdc38a81448ff45c64a1807a658693f2a61704f17a36.sdkstatcache -target arm64-apple-ios12.0-simulator -fmessage-length\=0 -fdiagnostics-show-note-include-stack -fmacro-backtrace-limit\=0 -fno-color-diagnostics -fmodules-prune-interval\=86400 -fmodules-prune-after\=345600 -fbuild-session-file\=/Users/runner/work/orbit/orbit/.ewc-probe/.dd-ios/ModuleCache.noindex/Session.modulevalidation -fmodules-validate-once-per-build-session -Wnon-modular-include-in-framework-module -Werror\=non-modular-include-in-framework-module -Wno-trigraphs -Wno-missing-field-initializers -Wno-missing-prototypes -Wno-return-type -Wno-missing-braces -Wparentheses -Wswitch -Wno-unused-function -Wno-unused-label -Wno-unused-parameter -Wno-unused-variable -Wunused-value -Wno-empty-body -Wno-uninitialized -Wno-unknown-pragmas -w -Wno-shadow -Wno-four-char-constants -Wno-conversion -Wno-constant-conversion -Wno-int-conversion -Wno-bool-conversion -Wno-enum-conversion -Wno-float-conversion -Wno-non-literal-null-conversion -Wno-objc-literal-conversion -Wshorten-64-to-32 -Wpointer-sign -Wno-newline-eof -Wno-implicit-fallthrough -isysroot /Applications/Xcode_26.6.app/Contents/Developer/Platforms/iPhoneSimulator.platform/Developer/SDKs/iPhoneSimulator26.5.sdk -fstrict-aliasing -Wdeprecated-declarations -Wno-sign-conversion -Wno-infinite-recursion -Wno-comma -Wno-block-capture-autoreleasing -Wno-strict-prototypes -Wno-semicolon-before-method-body -index-store-path /Users/runner/work/orbit/orbit/.ewc-probe/.dd-ios/Index.noindex/DataStore @/Users/runner/work/orbit/orbit/.ewc-probe/.dd-ios/Build/Intermediates.noindex/cmark-gfm.build/Debug-iphonesimulator/cmark-gfm.build/Objects-normal/arm64/7187679823f38a2a940e0043cdf9d637-common-args.resp -MMD -MT dependencies -MF /Users/runner/work/orbit/orbit/.ewc-probe/.dd-ios/Build/Intermediates.noindex/cmark-gfm.build/Debug-iphonesimulator/cmark-gfm.build/Objects-normal/arm64/commonmark.d --serialize-diagnostics /Users/runner/work/orbit/orbit/.ewc-probe/.dd-ios/Build/Intermediates.noindex/cmark-gfm.build/Debug-iphonesimulator/cmark-gfm.build/Objects-normal/arm64/commonmark.dia -c /Users/runner/work/orbit/orbit/.ewc-probe/.dd-ios/SourcePackages/checkouts/swift-cmark/src/commonmark.c -o /Users/runner/work/orbit/orbit/.ewc-probe/.dd-ios/Build/Intermediates.noindex/cmark-gfm.build/Debug-iphonesimulator/cmark-gfm.build/Objects-normal/arm64/commonmark.o -index-unit-output-path /cmark-gfm.build/Debug-iphonesimulator/cmark-gfm.build/Objects-normal/arm64/commonmark.o

CompileC /Users/runner/work/orbit/orbit/.ewc-probe/.dd-ios/Build/Intermediates.noindex/cmark-gfm.build/Debug-iphonesimulator/cmark-gfm.build/Objects-normal/arm64/cmark_ctype.o /Users/runner/work/orbit/orbit/.ewc-probe/.dd-ios/SourcePackages/checkouts/swift-cmark/src/cmark_ctype.c normal arm64 c com.apple.compilers.llvm.clang.1_0.compiler (in target 'cmark-gfm' from project 'cmark-gfm')
    cd /Users/runner/work/orbit/orbit/.ewc-probe/EwcProbe.xcodeproj
    
    Using response file: /Users/runner/work/orbit/orbit/.ewc-probe/.dd-ios/Build/Intermediates.noindex/cmark-gfm.build/Debug-iphonesimulator/cmark-gfm.build/Objects-normal/arm64/7187679823f38a2a940e0043cdf9d637-common-args.resp
    
    /Applications/Xcode_26.6.app/Contents/Developer/Toolchains/XcodeDefault.xctoolchain/usr/bin/clang -x c -ivfsstatcache /Users/runner/work/orbit/orbit/.ewc-probe/.dd-ios/SDKStatCaches.noindex/iphonesimulator26.5-23F81a-688ef53f1462e2c8f657fdc38a81448ff45c64a1807a658693f2a61704f17a36.sdkstatcache -target arm64-apple-ios12.0-simulator -fmessage-length\=0 -fdiagnostics-show-note-include-stack -fmacro-backtrace-limit\=0 -fno-color-diagnostics -fmodules-prune-interval\=86400 -fmodules-prune-after\=345600 -fbuild-session-file\=/Users/runner/work/orbit/orbit/.ewc-probe/.dd-ios/ModuleCache.noindex/Session.modulevalidation -fmodules-validate-once-per-build-session -Wnon-modular-include-in-framework-module -Werror\=non-modular-include-in-framework-module -Wno-trigraphs -Wno-missing-field-initializers -Wno-missing-prototypes -Wno-return-type -Wno-missing-braces -Wparentheses -Wswitch -Wno-unused-function -Wno-unused-label -Wno-unused-parameter -Wno-unused-variable -Wunused-value -Wno-empty-body -Wno-uninitialized -Wno-unknown-pragmas -w -Wno-shadow -Wno-four-char-constants -Wno-conversion -Wno-constant-conversion -Wno-int-conversion -Wno-bool-conversion -Wno-enum-conversion -Wno-float-conversion -Wno-non-literal-null-conversion -Wno-objc-literal-conversion -Wshorten-64-to-32 -Wpointer-sign -Wno-newline-eof -Wno-implicit-fallthrough -isysroot /Applications/Xcode_26.6.app/Contents/Developer/Platforms/iPhoneSimulator.platform/Developer/SDKs/iPhoneSimulator26.5.sdk -fstrict-aliasing -Wdeprecated-declarations -Wno-sign-conversion -Wno-infinite-recursion -Wno-comma -Wno-block-capture-autoreleasing -Wno-strict-prototypes -Wno-semicolon-before-method-body -index-store-path /Users/runner/work/orbit/orbit/.ewc-probe/.dd-ios/Index.noindex/DataStore @/Users/runner/work/orbit/orbit/.ewc-probe/.dd-ios/Build/Intermediates.noindex/cmark-gfm.build/Debug-iphonesimulator/cmark-gfm.build/Objects-normal/arm64/7187679823f38a2a940e0043cdf9d637-common-args.resp -MMD -MT dependencies -MF /Users/runner/work/orbit/orbit/.ewc-probe/.dd-ios/Build/Intermediates.noindex/cmark-gfm.build/Debug-iphonesimulator/cmark-gfm.build/Objects-normal/arm64/cmark_ctype.d --serialize-diagnostics /Users/runner/work/orbit/orbit/.ewc-probe/.dd-ios/Build/Intermediates.noindex/cmark-gfm.build/Debug-iphonesimulator/cmark-gfm.build/Objects-normal/arm64/cmark_ctype.dia -c /Users/runner/work/orbit/orbit/.ewc-probe/.dd-ios/SourcePackages/checkouts/swift-cmark/src/cmark_ctype.c -o /Users/runner/work/orbit/orbit/.ewc-probe/.dd-ios/Build/Intermediates.noindex/cmark-gfm.build/Debug-iphonesimulator/cmark-gfm.build/Objects-normal/arm64/cmark_ctype.o -index-unit-output-path /cmark-gfm.build/Debug-iphonesimulator/cmark-gfm.build/Objects-normal/arm64/cmark_ctype.o

CompileC /Users/runner/work/orbit/orbit/.ewc-probe/.dd-ios/Build/Intermediates.noindex/cmark-gfm.build/Debug-iphonesimulator/cmark-gfm.build/Objects-normal/arm64/cmark.o /Users/runner/work/orbit/orbit/.ewc-probe/.dd-ios/SourcePackages/checkouts/swift-cmark/src/cmark.c normal arm64 c com.apple.compilers.llvm.clang.1_0.compiler (in target 'cmark-gfm' from project 'cmark-gfm')
    cd /Users/runner/work/orbit/orbit/.ewc-probe/EwcProbe.xcodeproj
    
    Using response file: /Users/runner/work/orbit/orbit/.ewc-probe/.dd-ios/Build/Intermediates.noindex/cmark-gfm.build/Debug-iphonesimulator/cmark-gfm.build/Objects-normal/arm64/7187679823f38a2a940e0043cdf9d637-common-args.resp
    
    /Applications/Xcode_26.6.app/Contents/Developer/Toolchains/XcodeDefault.xctoolchain/usr/bin/clang -x c -ivfsstatcache /Users/runner/work/orbit/orbit/.ewc-probe/.dd-ios/SDKStatCaches.noindex/iphonesimulator26.5-23F81a-688ef53f1462e2c8f657fdc38a81448ff45c64a1807a658693f2a61704f17a36.sdkstatcache -target arm64-apple-ios12.0-simulator -fmessage-length\=0 -fdiagnostics-show-note-include-stack -fmacro-backtrace-limit\=0 -fno-color-diagnostics -fmodules-prune-interval\=86400 -fmodules-prune-after\=345600 -fbuild-session-file\=/Users/runner/work/orbit/orbit/.ewc-probe/.dd-ios/ModuleCache.noindex/Session.modulevalidation -fmodules-validate-once-per-build-session -Wnon-modular-include-in-framework-module -Werror\=non-modular-include-in-framework-module -Wno-trigraphs -Wno-missing-field-initializers -Wno-missing-prototypes -Wno-return-type -Wno-missing-braces -Wparentheses -Wswitch -Wno-unused-function -Wno-unused-label -Wno-unused-parameter -Wno-unused-variable -Wunused-value -Wno-empty-body -Wno-uninitialized -Wno-unknown-pragmas -w -Wno-shadow -Wno-four-char-constants -Wno-conversion -Wno-constant-conversion -Wno-int-conversion -Wno-bool-conversion -Wno-enum-conversion -Wno-float-conversion -Wno-non-literal-null-conversion -Wno-objc-literal-conversion -Wshorten-64-to-32 -Wpointer-sign -Wno-newline-eof -Wno-implicit-fallthrough -isysroot /Applications/Xcode_26.6.app/Contents/Developer/Platforms/iPhoneSimulator.platform/Developer/SDKs/iPhoneSimulator26.5.sdk -fstrict-aliasing -Wdeprecated-declarations -Wno-sign-conversion -Wno-infinite-recursion -Wno-comma -Wno-block-capture-autoreleasing -Wno-strict-prototypes -Wno-semicolon-before-method-body -index-store-path /Users/runner/work/orbit/orbit/.ewc-probe/.dd-ios/Index.noindex/DataStore @/Users/runner/work/orbit/orbit/.ewc-probe/.dd-ios/Build/Intermediates.noindex/cmark-gfm.build/Debug-iphonesimulator/cmark-gfm.build/Objects-normal/arm64/7187679823f38a2a940e0043cdf9d637-common-args.resp -MMD -MT dependencies -MF /Users/runner/work/orbit/orbit/.ewc-probe/.dd-ios/Build/Intermediates.noindex/cmark-gfm.build/Debug-iphonesimulator/cmark-gfm.build/Objects-normal/arm64/cmark.d --serialize-diagnostics /Users/runner/work/orbit/orbit/.ewc-probe/.dd-ios/Build/Intermediates.noindex/cmark-gfm.build/Debug-iphonesimulator/cmark-gfm.build/Objects-normal/arm64/cmark.dia -c /Users/runner/work/orbit/orbit/.ewc-probe/.dd-ios/SourcePackages/checkouts/swift-cmark/src/cmark.c -o /Users/runner/work/orbit/orbit/.ewc-probe/.dd-ios/Build/Intermediates.noindex/cmark-gfm.build/Debug-iphonesimulator/cmark-gfm.build/Objects-normal/arm64/cmark.o -index-unit-output-path /cmark-gfm.build/Debug-iphonesimulator/cmark-gfm.build/Objects-normal/arm64/cmark.o

ScanDependencies /Users/runner/work/orbit/orbit/.ewc-probe/.dd-ios/Build/Intermediates.noindex/cmark-gfm.build/Debug-iphonesimulator/cmark-gfm.build/Objects-normal/arm64/buffer.o /Users/runner/work/orbit/orbit/.ewc-probe/.dd-ios/SourcePackages/checkouts/swift-cmark/src/buffer.c normal arm64 c com.apple.compilers.llvm.clang.1_0.compiler (in target 'cmark-gfm' from project 'cmark-gfm')
    cd /Users/runner/work/orbit/orbit/.ewc-probe/EwcProbe.xcodeproj
    
    Using response file: /Users/runner/work/orbit/orbit/.ewc-probe/.dd-ios/Build/Intermediates.noindex/cmark-gfm.build/Debug-iphonesimulator/cmark-gfm.build/Objects-normal/arm64/7187679823f38a2a940e0043cdf9d637-common-args.resp
    
    builtin-ScanDependencies -o /Users/runner/work/orbit/orbit/.ewc-probe/.dd-ios/Build/Intermediates.noindex/cmark-gfm.build/Debug-iphonesimulator/cmark-gfm.build/Objects-normal/arm64/buffer.o.scan -- /Applications/Xcode_26.6.app/Contents/Developer/Toolchains/XcodeDefault.xctoolchain/usr/bin/clang -x c -ivfsstatcache /Users/runner/work/orbit/orbit/.ewc-probe/.dd-ios/SDKStatCaches.noindex/iphonesimulator26.5-23F81a-688ef53f1462e2c8f657fdc38a81448ff45c64a1807a658693f2a61704f17a36.sdkstatcache -target arm64-apple-ios12.0-simulator -fmessage-length\=0 -fdiagnostics-show-note-include-stack -fmacro-backtrace-limit\=0 -fno-color-diagnostics -fmodules-prune-interval\=86400 -fmodules-prune-after\=345600 -fbuild-session-file\=/Users/runner/work/orbit/orbit/.ewc-probe/.dd-ios/ModuleCache.noindex/Session.modulevalidation -fmodules-validate-once-per-build-session -Wnon-modular-include-in-framework-module -Werror\=non-modular-include-in-framework-module -Wno-trigraphs -Wno-missing-field-initializers -Wno-missing-prototypes -Wno-return-type -Wno-missing-braces -Wparentheses -Wswitch -Wno-unused-function -Wno-unused-label -Wno-unused-parameter -Wno-unused-variable -Wunused-value -Wno-empty-body -Wno-uninitialized -Wno-unknown-pragmas -w -Wno-shadow -Wno-four-char-constants -Wno-conversion -Wno-constant-conversion -Wno-int-conversion -Wno-bool-conversion -Wno-enum-conversion -Wno-float-conversion -Wno-non-literal-null-conversion -Wno-objc-literal-conversion -Wshorten-64-to-32 -Wpointer-sign -Wno-newline-eof -Wno-implicit-fallthrough -isysroot /Applications/Xcode_26.6.app/Contents/Developer/Platforms/iPhoneSimulator.platform/Developer/SDKs/iPhoneSimulator26.5.sdk -fstrict-aliasing -Wdeprecated-declarations -Wno-sign-conversion -Wno-infinite-recursion -Wno-comma -Wno-block-capture-autoreleasing -Wno-strict-prototypes -Wno-semicolon-before-method-body -index-store-path /Users/runner/work/orbit/orbit/.ewc-probe/.dd-ios/Index.noindex/DataStore @/Users/runner/work/orbit/orbit/.ewc-probe/.dd-ios/Build/Intermediates.noindex/cmark-gfm.build/Debug-iphonesimulator/cmark-gfm.build/Objects-normal/arm64/7187679823f38a2a940e0043cdf9d637-common-args.resp -MMD -MT dependencies -MF /Users/runner/work/orbit/orbit/.ewc-probe/.dd-ios/Build/Intermediates.noindex/cmark-gfm.build/Debug-iphonesimulator/cmark-gfm.build/Objects-normal/arm64/buffer.d --serialize-diagnostics /Users/runner/work/orbit/orbit/.ewc-probe/.dd-ios/Build/Intermediates.noindex/cmark-gfm.build/Debug-iphonesimulator/cmark-gfm.build/Objects-normal/arm64/buffer.dia -c /Users/runner/work/orbit/orbit/.ewc-probe/.dd-ios/SourcePackages/checkouts/swift-cmark/src/buffer.c -o /Users/runner/work/orbit/orbit/.ewc-probe/.dd-ios/Build/Intermediates.noindex/cmark-gfm.build/Debug-iphonesimulator/cmark-gfm.build/Objects-normal/arm64/buffer.o -index-unit-output-path /cmark-gfm.build/Debug-iphonesimulator/cmark-gfm.build/Objects-normal/arm64/buffer.o

SwiftExplicitDependencyGeneratePcm arm64 /Users/runner/work/orbit/orbit/.ewc-probe/.dd-ios/ModuleCache.noindex/os_object-4CA6TFPQHX3N19HD0VVSTINUS.pcm

ScanDependencies /Users/runner/work/orbit/orbit/.ewc-probe/.dd-ios/Build/Intermediates.noindex/cmark-gfm.build/Debug-iphonesimulator/cmark-gfm.build/Objects-normal/arm64/blocks.o /Users/runner/work/orbit/orbit/.ewc-probe/.dd-ios/SourcePackages/checkouts/swift-cmark/src/blocks.c normal arm64 c com.apple.compilers.llvm.clang.1_0.compiler (in target 'cmark-gfm' from project 'cmark-gfm')
    cd /Users/runner/work/orbit/orbit/.ewc-probe/EwcProbe.xcodeproj
    
    Using response file: /Users/runner/work/orbit/orbit/.ewc-probe/.dd-ios/Build/Intermediates.noindex/cmark-gfm.build/Debug-iphonesimulator/cmark-gfm.build/Objects-normal/arm64/7187679823f38a2a940e0043cdf9d637-common-args.resp
    
    builtin-ScanDependencies -o /Users/runner/work/orbit/orbit/.ewc-probe/.dd-ios/Build/Intermediates.noindex/cmark-gfm.build/Debug-iphonesimulator/cmark-gfm.build/Objects-normal/arm64/blocks.o.scan -- /Applications/Xcode_26.6.app/Contents/Developer/Toolchains/XcodeDefault.xctoolchain/usr/bin/clang -x c -ivfsstatcache /Users/runner/work/orbit/orbit/.ewc-probe/.dd-ios/SDKStatCaches.noindex/iphonesimulator26.5-23F81a-688ef53f1462e2c8f657fdc38a81448ff45c64a1807a658693f2a61704f17a36.sdkstatcache -target arm64-apple-ios12.0-simulator -fmessage-length\=0 -fdiagnostics-show-note-include-stack -fmacro-backtrace-limit\=0 -fno-color-diagnostics -fmodules-prune-interval\=86400 -fmodules-prune-after\=345600 -fbuild-session-file\=/Users/runner/work/orbit/orbit/.ewc-probe/.dd-ios/ModuleCache.noindex/Session.modulevalidation -fmodules-validate-once-per-build-session -Wnon-modular-include-in-framework-module -Werror\=non-modular-include-in-framework-module -Wno-trigraphs -Wno-missing-field-initializers -Wno-missing-prototypes -Wno-return-type -Wno-missing-braces -Wparentheses -Wswitch -Wno-unused-function -Wno-unused-label -Wno-unused-parameter -Wno-unused-variable -Wunused-value -Wno-empty-body -Wno-uninitialized -Wno-unknown-pragmas -w -Wno-shadow -Wno-four-char-constants -Wno-conversion -Wno-constant-conversion -Wno-int-conversion -Wno-bool-conversion -Wno-enum-conversion -Wno-float-conversion -Wno-non-literal-null-conversion -Wno-objc-literal-conversion -Wshorten-64-to-32 -Wpointer-sign -Wno-newline-eof -Wno-implicit-fallthrough -isysroot /Applications/Xcode_26.6.app/Contents/Developer/Platforms/iPhoneSimulator.platform/Developer/SDKs/iPhoneSimulator26.5.sdk -fstrict-aliasing -Wdeprecated-declarations -Wno-sign-conversion -Wno-infinite-recursion -Wno-comma -Wno-block-capture-autoreleasing -Wno-strict-prototypes -Wno-semicolon-before-method-body -index-store-path /Users/runner/work/orbit/orbit/.ewc-probe/.dd-ios/Index.noindex/DataStore @/Users/runner/work/orbit/orbit/.ewc-probe/.dd-ios/Build/Intermediates.noindex/cmark-gfm.build/Debug-iphonesimulator/cmark-gfm.build/Objects-normal/arm64/7187679823f38a2a940e0043cdf9d637-common-args.resp -MMD -MT dependencies -MF /Users/runner/work/orbit/orbit/.ewc-probe/.dd-ios/Build/Intermediates.noindex/cmark-gfm.build/Debug-iphonesimulator/cmark-gfm.build/Objects-normal/arm64/blocks.d --serialize-diagnostics /Users/runner/work/orbit/orbit/.ewc-probe/.dd-ios/Build/Intermediates.noindex/cmark-gfm.build/Debug-iphonesimulator/cmark-gfm.build/Objects-normal/arm64/blocks.dia -c /Users/runner/work/orbit/orbit/.ewc-probe/.dd-ios/SourcePackages/checkouts/swift-cmark/src/blocks.c -o /Users/runner/work/orbit/orbit/.ewc-probe/.dd-ios/Build/Intermediates.noindex/cmark-gfm.build/Debug-iphonesimulator/cmark-gfm.build/Objects-normal/arm64/blocks.o -index-unit-output-path /cmark-gfm.build/Debug-iphonesimulator/cmark-gfm.build/Objects-normal/arm64/blocks.o

CompileC /Users/runner/work/orbit/orbit/.ewc-probe/.dd-ios/Build/Intermediates.noindex/cmark-gfm.build/Debug-iphonesimulator/cmark-gfm.build/Objects-normal/arm64/buffer.o /Users/runner/work/orbit/orbit/.ewc-probe/.dd-ios/SourcePackages/checkouts/swift-cmark/src/buffer.c normal arm64 c com.apple.compilers.llvm.clang.1_0.compiler (in target 'cmark-gfm' from project 'cmark-gfm')
    cd /Users/runner/work/orbit/orbit/.ewc-probe/EwcProbe.xcodeproj
    
    Using response file: /Users/runner/work/orbit/orbit/.ewc-probe/.dd-ios/Build/Intermediates.noindex/cmark-gfm.build/Debug-iphonesimulator/cmark-gfm.build/Objects-normal/arm64/7187679823f38a2a940e0043cdf9d637-common-args.resp
    
    /Applications/Xcode_26.6.app/Contents/Developer/Toolchains/XcodeDefault.xctoolchain/usr/bin/clang -x c -ivfsstatcache /Users/runner/work/orbit/orbit/.ewc-probe/.dd-ios/SDKStatCaches.noindex/iphonesimulator26.5-23F81a-688ef53f1462e2c8f657fdc38a81448ff45c64a1807a658693f2a61704f17a36.sdkstatcache -target arm64-apple-ios12.0-simulator -fmessage-length\=0 -fdiagnostics-show-note-include-stack -fmacro-backtrace-limit\=0 -fno-color-diagnostics -fmodules-prune-interval\=86400 -fmodules-prune-after\=345600 -fbuild-session-file\=/Users/runner/work/orbit/orbit/.ewc-probe/.dd-ios/ModuleCache.noindex/Session.modulevalidation -fmodules-validate-once-per-build-session -Wnon-modular-include-in-framework-module -Werror\=non-modular-include-in-framework-module -Wno-trigraphs -Wno-missing-field-initializers -Wno-missing-prototypes -Wno-return-type -Wno-missing-braces -Wparentheses -Wswitch -Wno-unused-function -Wno-unused-label -Wno-unused-parameter -Wno-unused-variable -Wunused-value -Wno-empty-body -Wno-uninitialized -Wno-unknown-pragmas -w -Wno-shadow -Wno-four-char-constants -Wno-conversion -Wno-constant-conversion -Wno-int-conversion -Wno-bool-conversion -Wno-enum-conversion -Wno-float-conversion -Wno-non-literal-null-conversion -Wno-objc-literal-conversion -Wshorten-64-to-32 -Wpointer-sign -Wno-newline-eof -Wno-implicit-fallthrough -isysroot /Applications/Xcode_26.6.app/Contents/Developer/Platforms/iPhoneSimulator.platform/Developer/SDKs/iPhoneSimulator26.5.sdk -fstrict-aliasing -Wdeprecated-declarations -Wno-sign-conversion -Wno-infinite-recursion -Wno-comma -Wno-block-capture-autoreleasing -Wno-strict-prototypes -Wno-semicolon-before-method-body -index-store-path /Users/runner/work/orbit/orbit/.ewc-probe/.dd-ios/Index.noindex/DataStore @/Users/runner/work/orbit/orbit/.ewc-probe/.dd-ios/Build/Intermediates.noindex/cmark-gfm.build/Debug-iphonesimulator/cmark-gfm.build/Objects-normal/arm64/7187679823f38a2a940e0043cdf9d637-common-args.resp -MMD -MT dependencies -MF /Users/runner/work/orbit/orbit/.ewc-probe/.dd-ios/Build/Intermediates.noindex/cmark-gfm.build/Debug-iphonesimulator/cmark-gfm.build/Objects-normal/arm64/buffer.d --serialize-diagnostics /Users/runner/work/orbit/orbit/.ewc-probe/.dd-ios/Build/Intermediates.noindex/cmark-gfm.build/Debug-iphonesimulator/cmark-gfm.build/Objects-normal/arm64/buffer.dia -c /Users/runner/work/orbit/orbit/.ewc-probe/.dd-ios/SourcePackages/checkouts/swift-cmark/src/buffer.c -o /Users/runner/work/orbit/orbit/.ewc-probe/.dd-ios/Build/Intermediates.noindex/cmark-gfm.build/Debug-iphonesimulator/cmark-gfm.build/Objects-normal/arm64/buffer.o -index-unit-output-path /cmark-gfm.build/Debug-iphonesimulator/cmark-gfm.build/Objects-normal/arm64/buffer.o

CompileC /Users/runner/work/orbit/orbit/.ewc-probe/.dd-ios/Build/Intermediates.noindex/cmark-gfm.build/Debug-iphonesimulator/cmark-gfm.build/Objects-normal/arm64/blocks.o /Users/runner/work/orbit/orbit/.ewc-probe/.dd-ios/SourcePackages/checkouts/swift-cmark/src/blocks.c normal arm64 c com.apple.compilers.llvm.clang.1_0.compiler (in target 'cmark-gfm' from project 'cmark-gfm')
    cd /Users/runner/work/orbit/orbit/.ewc-probe/EwcProbe.xcodeproj
    
    Using response file: /Users/runner/work/orbit/orbit/.ewc-probe/.dd-ios/Build/Intermediates.noindex/cmark-gfm.build/Debug-iphonesimulator/cmark-gfm.build/Objects-normal/arm64/7187679823f38a2a940e0043cdf9d637-common-args.resp
    
    /Applications/Xcode_26.6.app/Contents/Developer/Toolchains/XcodeDefault.xctoolchain/usr/bin/clang -x c -ivfsstatcache /Users/runner/work/orbit/orbit/.ewc-probe/.dd-ios/SDKStatCaches.noindex/iphonesimulator26.5-23F81a-688ef53f1462e2c8f657fdc38a81448ff45c64a1807a658693f2a61704f17a36.sdkstatcache -target arm64-apple-ios12.0-simulator -fmessage-length\=0 -fdiagnostics-show-note-include-stack -fmacro-backtrace-limit\=0 -fno-color-diagnostics -fmodules-prune-interval\=86400 -fmodules-prune-after\=345600 -fbuild-session-file\=/Users/runner/work/orbit/orbit/.ewc-probe/.dd-ios/ModuleCache.noindex/Session.modulevalidation -fmodules-validate-once-per-build-session -Wnon-modular-include-in-framework-module -Werror\=non-modular-include-in-framework-module -Wno-trigraphs -Wno-missing-field-initializers -Wno-missing-prototypes -Wno-return-type -Wno-missing-braces -Wparentheses -Wswitch -Wno-unused-function -Wno-unused-label -Wno-unused-parameter -Wno-unused-variable -Wunused-value -Wno-empty-body -Wno-uninitialized -Wno-unknown-pragmas -w -Wno-shadow -Wno-four-char-constants -Wno-conversion -Wno-constant-conversion -Wno-int-conversion -Wno-bool-conversion -Wno-enum-conversion -Wno-float-conversion -Wno-non-literal-null-conversion -Wno-objc-literal-conversion -Wshorten-64-to-32 -Wpointer-sign -Wno-newline-eof -Wno-implicit-fallthrough -isysroot /Applications/Xcode_26.6.app/Contents/Developer/Platforms/iPhoneSimulator.platform/Developer/SDKs/iPhoneSimulator26.5.sdk -fstrict-aliasing -Wdeprecated-declarations -Wno-sign-conversion -Wno-infinite-recursion -Wno-comma -Wno-block-capture-autoreleasing -Wno-strict-prototypes -Wno-semicolon-before-method-body -index-store-path /Users/runner/work/orbit/orbit/.ewc-probe/.dd-ios/Index.noindex/DataStore @/Users/runner/work/orbit/orbit/.ewc-probe/.dd-ios/Build/Intermediates.noindex/cmark-gfm.build/Debug-iphonesimulator/cmark-gfm.build/Objects-normal/arm64/7187679823f38a2a940e0043cdf9d637-common-args.resp -MMD -MT dependencies -MF /Users/runner/work/orbit/orbit/.ewc-probe/.dd-ios/Build/Intermediates.noindex/cmark-gfm.build/Debug-iphonesimulator/cmark-gfm.build/Objects-normal/arm64/blocks.d --serialize-diagnostics /Users/runner/work/orbit/orbit/.ewc-probe/.dd-ios/Build/Intermediates.noindex/cmark-gfm.build/Debug-iphonesimulator/cmark-gfm.build/Objects-normal/arm64/blocks.dia -c /Users/runner/work/orbit/orbit/.ewc-probe/.dd-ios/SourcePackages/checkouts/swift-cmark/src/blocks.c -o /Users/runner/work/orbit/orbit/.ewc-probe/.dd-ios/Build/Intermediates.noindex/cmark-gfm.build/Debug-iphonesimulator/cmark-gfm.build/Objects-normal/arm64/blocks.o -index-unit-output-path /cmark-gfm.build/Debug-iphonesimulator/cmark-gfm.build/Objects-normal/arm64/blocks.o

ScanDependencies /Users/runner/work/orbit/orbit/.ewc-probe/.dd-ios/Build/Intermediates.noindex/cmark-gfm.build/Debug-iphonesimulator/cmark-gfm.build/Objects-normal/arm64/arena.o /Users/runner/work/orbit/orbit/.ewc-probe/.dd-ios/SourcePackages/checkouts/swift-cmark/src/arena.c normal arm64 c com.apple.compilers.llvm.clang.1_0.compiler (in target 'cmark-gfm' from project 'cmark-gfm')
    cd /Users/runner/work/orbit/orbit/.ewc-probe/EwcProbe.xcodeproj
    
    Using response file: /Users/runner/work/orbit/orbit/.ewc-probe/.dd-ios/Build/Intermediates.noindex/cmark-gfm.build/Debug-iphonesimulator/cmark-gfm.build/Objects-normal/arm64/7187679823f38a2a940e0043cdf9d637-common-args.resp
    
    builtin-ScanDependencies -o /Users/runner/work/orbit/orbit/.ewc-probe/.dd-ios/Build/Intermediates.noindex/cmark-gfm.build/Debug-iphonesimulator/cmark-gfm.build/Objects-normal/arm64/arena.o.scan -- /Applications/Xcode_26.6.app/Contents/Developer/Toolchains/XcodeDefault.xctoolchain/usr/bin/clang -x c -ivfsstatcache /Users/runner/work/orbit/orbit/.ewc-probe/.dd-ios/SDKStatCaches.noindex/iphonesimulator26.5-23F81a-688ef53f1462e2c8f657fdc38a81448ff45c64a1807a658693f2a61704f17a36.sdkstatcache -target arm64-apple-ios12.0-simulator -fmessage-length\=0 -fdiagnostics-show-note-include-stack -fmacro-backtrace-limit\=0 -fno-color-diagnostics -fmodules-prune-interval\=86400 -fmodules-prune-after\=345600 -fbuild-session-file\=/Users/runner/work/orbit/orbit/.ewc-probe/.dd-ios/ModuleCache.noindex/Session.modulevalidation -fmodules-validate-once-per-build-session -Wnon-modular-include-in-framework-module -Werror\=non-modular-include-in-framework-module -Wno-trigraphs -Wno-missing-field-initializers -Wno-missing-prototypes -Wno-return-type -Wno-missing-braces -Wparentheses -Wswitch -Wno-unused-function -Wno-unused-label -Wno-unused-parameter -Wno-unused-variable -Wunused-value -Wno-empty-body -Wno-uninitialized -Wno-unknown-pragmas -w -Wno-shadow -Wno-four-char-constants -Wno-conversion -Wno-constant-conversion -Wno-int-conversion -Wno-bool-conversion -Wno-enum-conversion -Wno-float-conversion -Wno-non-literal-null-conversion -Wno-objc-literal-conversion -Wshorten-64-to-32 -Wpointer-sign -Wno-newline-eof -Wno-implicit-fallthrough -isysroot /Applications/Xcode_26.6.app/Contents/Developer/Platforms/iPhoneSimulator.platform/Developer/SDKs/iPhoneSimulator26.5.sdk -fstrict-aliasing -Wdeprecated-declarations -Wno-sign-conversion -Wno-infinite-recursion -Wno-comma -Wno-block-capture-autoreleasing -Wno-strict-prototypes -Wno-semicolon-before-method-body -index-store-path /Users/runner/work/orbit/orbit/.ewc-probe/.dd-ios/Index.noindex/DataStore @/Users/runner/work/orbit/orbit/.ewc-probe/.dd-ios/Build/Intermediates.noindex/cmark-gfm.build/Debug-iphonesimulator/cmark-gfm.build/Objects-normal/arm64/7187679823f38a2a940e0043cdf9d637-common-args.resp -MMD -MT dependencies -MF /Users/runner/work/orbit/orbit/.ewc-probe/.dd-ios/Build/Intermediates.noindex/cmark-gfm.build/Debug-iphonesimulator/cmark-gfm.build/Objects-normal/arm64/arena.d --serialize-diagnostics /Users/runner/work/orbit/orbit/.ewc-probe/.dd-ios/Build/Intermediates.noindex/cmark-gfm.build/Debug-iphonesimulator/cmark-gfm.build/Objects-normal/arm64/arena.dia -c /Users/runner/work/orbit/orbit/.ewc-probe/.dd-ios/SourcePackages/checkouts/swift-cmark/src/arena.c -o /Users/runner/work/orbit/orbit/.ewc-probe/.dd-ios/Build/Intermediates.noindex/cmark-gfm.build/Debug-iphonesimulator/cmark-gfm.build/Objects-normal/arm64/arena.o -index-unit-output-path /cmark-gfm.build/Debug-iphonesimulator/cmark-gfm.build/Objects-normal/arm64/arena.o

ScanDependencies /Users/runner/work/orbit/orbit/.ewc-probe/.dd-ios/Build/Intermediates.noindex/swift-markdown.build/Debug-iphonesimulator/CAtomic.build/Objects-normal/arm64/CAtomic.o /Users/runner/work/orbit/orbit/.ewc-probe/.dd-ios/SourcePackages/checkouts/swift-markdown/Sources/CAtomic/CAtomic.c normal arm64 c com.apple.compilers.llvm.clang.1_0.compiler (in target 'CAtomic' from project 'swift-markdown')
    cd /Users/runner/work/orbit/orbit/.ewc-probe/EwcProbe.xcodeproj
    
    Using response file: /Users/runner/work/orbit/orbit/.ewc-probe/.dd-ios/Build/Intermediates.noindex/swift-markdown.build/Debug-iphonesimulator/CAtomic.build/Objects-normal/arm64/7187679823f38a2a940e0043cdf9d637-common-args.resp
    
    builtin-ScanDependencies -o /Users/runner/work/orbit/orbit/.ewc-probe/.dd-ios/Build/Intermediates.noindex/swift-markdown.build/Debug-iphonesimulator/CAtomic.build/Objects-normal/arm64/CAtomic.o.scan -- /Applications/Xcode_26.6.app/Contents/Developer/Toolchains/XcodeDefault.xctoolchain/usr/bin/clang -x c -ivfsstatcache /Users/runner/work/orbit/orbit/.ewc-probe/.dd-ios/SDKStatCaches.noindex/iphonesimulator26.5-23F81a-688ef53f1462e2c8f657fdc38a81448ff45c64a1807a658693f2a61704f17a36.sdkstatcache -target arm64-apple-ios12.0-simulator -fmessage-length\=0 -fdiagnostics-show-note-include-stack -fmacro-backtrace-limit\=0 -fno-color-diagnostics -fmodules-prune-interval\=86400 -fmodules-prune-after\=345600 -fbuild-session-file\=/Users/runner/work/orbit/orbit/.ewc-probe/.dd-ios/ModuleCache.noindex/Session.modulevalidation -fmodules-validate-once-per-build-session -Wnon-modular-include-in-framework-module -Werror\=non-modular-include-in-framework-module -Wno-trigraphs -Wno-missing-field-initializers -Wno-missing-prototypes -Wno-return-type -Wno-missing-braces -Wparentheses -Wswitch -Wno-unused-function -Wno-unused-label -Wno-unused-parameter -Wno-unused-variable -Wunused-value -Wno-empty-body -Wno-uninitialized -Wno-unknown-pragmas -w -Wno-shadow -Wno-four-char-constants -Wno-conversion -Wno-constant-conversion -Wno-int-conversion -Wno-bool-conversion -Wno-enum-conversion -Wno-float-conversion -Wno-non-literal-null-conversion -Wno-objc-literal-conversion -Wshorten-64-to-32 -Wpointer-sign -Wno-newline-eof -Wno-implicit-fallthrough -isysroot /Applications/Xcode_26.6.app/Contents/Developer/Platforms/iPhoneSimulator.platform/Developer/SDKs/iPhoneSimulator26.5.sdk -fstrict-aliasing -Wdeprecated-declarations -Wno-sign-conversion -Wno-infinite-recursion -Wno-comma -Wno-block-capture-autoreleasing -Wno-strict-prototypes -Wno-semicolon-before-method-body -index-store-path /Users/runner/work/orbit/orbit/.ewc-probe/.dd-ios/Index.noindex/DataStore @/Users/runner/work/orbit/orbit/.ewc-probe/.dd-ios/Build/Intermediates.noindex/swift-markdown.build/Debug-iphonesimulator/CAtomic.build/Objects-normal/arm64/7187679823f38a2a940e0043cdf9d637-common-args.resp -MMD -MT dependencies -MF /Users/runner/work/orbit/orbit/.ewc-probe/.dd-ios/Build/Intermediates.noindex/swift-markdown.build/Debug-iphonesimulator/CAtomic.build/Objects-normal/arm64/CAtomic.d --serialize-diagnostics /Users/runner/work/orbit/orbit/.ewc-probe/.dd-ios/Build/Intermediates.noindex/swift-markdown.build/Debug-iphonesimulator/CAtomic.build/Objects-normal/arm64/CAtomic.dia -c /Users/runner/work/orbit/orbit/.ewc-probe/.dd-ios/SourcePackages/checkouts/swift-markdown/Sources/CAtomic/CAtomic.c -o /Users/runner/work/orbit/orbit/.ewc-probe/.dd-ios/Build/Intermediates.noindex/swift-markdown.build/Debug-iphonesimulator/CAtomic.build/Objects-normal/arm64/CAtomic.o -index-unit-output-path /swift-markdown.build/Debug-iphonesimulator/CAtomic.build/Objects-normal/arm64/CAtomic.o

CompileC /Users/runner/work/orbit/orbit/.ewc-probe/.dd-ios/Build/Intermediates.noindex/cmark-gfm.build/Debug-iphonesimulator/cmark-gfm.build/Objects-normal/arm64/arena.o /Users/runner/work/orbit/orbit/.ewc-probe/.dd-ios/SourcePackages/checkouts/swift-cmark/src/arena.c normal arm64 c com.apple.compilers.llvm.clang.1_0.compiler (in target 'cmark-gfm' from project 'cmark-gfm')
    cd /Users/runner/work/orbit/orbit/.ewc-probe/EwcProbe.xcodeproj
    
    Using response file: /Users/runner/work/orbit/orbit/.ewc-probe/.dd-ios/Build/Intermediates.noindex/cmark-gfm.build/Debug-iphonesimulator/cmark-gfm.build/Objects-normal/arm64/7187679823f38a2a940e0043cdf9d637-common-args.resp
    
    /Applications/Xcode_26.6.app/Contents/Developer/Toolchains/XcodeDefault.xctoolchain/usr/bin/clang -x c -ivfsstatcache /Users/runner/work/orbit/orbit/.ewc-probe/.dd-ios/SDKStatCaches.noindex/iphonesimulator26.5-23F81a-688ef53f1462e2c8f657fdc38a81448ff45c64a1807a658693f2a61704f17a36.sdkstatcache -target arm64-apple-ios12.0-simulator -fmessage-length\=0 -fdiagnostics-show-note-include-stack -fmacro-backtrace-limit\=0 -fno-color-diagnostics -fmodules-prune-interval\=86400 -fmodules-prune-after\=345600 -fbuild-session-file\=/Users/runner/work/orbit/orbit/.ewc-probe/.dd-ios/ModuleCache.noindex/Session.modulevalidation -fmodules-validate-once-per-build-session -Wnon-modular-include-in-framework-module -Werror\=non-modular-include-in-framework-module -Wno-trigraphs -Wno-missing-field-initializers -Wno-missing-prototypes -Wno-return-type -Wno-missing-braces -Wparentheses -Wswitch -Wno-unused-function -Wno-unused-label -Wno-unused-parameter -Wno-unused-variable -Wunused-value -Wno-empty-body -Wno-uninitialized -Wno-unknown-pragmas -w -Wno-shadow -Wno-four-char-constants -Wno-conversion -Wno-constant-conversion -Wno-int-conversion -Wno-bool-conversion -Wno-enum-conversion -Wno-float-conversion -Wno-non-literal-null-conversion -Wno-objc-literal-conversion -Wshorten-64-to-32 -Wpointer-sign -Wno-newline-eof -Wno-implicit-fallthrough -isysroot /Applications/Xcode_26.6.app/Contents/Developer/Platforms/iPhoneSimulator.platform/Developer/SDKs/iPhoneSimulator26.5.sdk -fstrict-aliasing -Wdeprecated-declarations -Wno-sign-conversion -Wno-infinite-recursion -Wno-comma -Wno-block-capture-autoreleasing -Wno-strict-prototypes -Wno-semicolon-before-method-body -index-store-path /Users/runner/work/orbit/orbit/.ewc-probe/.dd-ios/Index.noindex/DataStore @/Users/runner/work/orbit/orbit/.ewc-probe/.dd-ios/Build/Intermediates.noindex/cmark-gfm.build/Debug-iphonesimulator/cmark-gfm.build/Objects-normal/arm64/7187679823f38a2a940e0043cdf9d637-common-args.resp -MMD -MT dependencies -MF /Users/runner/work/orbit/orbit/.ewc-probe/.dd-ios/Build/Intermediates.noindex/cmark-gfm.build/Debug-iphonesimulator/cmark-gfm.build/Objects-normal/arm64/arena.d --serialize-diagnostics /Users/runner/work/orbit/orbit/.ewc-probe/.dd-ios/Build/Intermediates.noindex/cmark-gfm.build/Debug-iphonesimulator/cmark-gfm.build/Objects-normal/arm64/arena.dia -c /Users/runner/work/orbit/orbit/.ewc-probe/.dd-ios/SourcePackages/checkouts/swift-cmark/src/arena.c -o /Users/runner/work/orbit/orbit/.ewc-probe/.dd-ios/Build/Intermediates.noindex/cmark-gfm.build/Debug-iphonesimulator/cmark-gfm.build/Objects-normal/arm64/arena.o -index-unit-output-path /cmark-gfm.build/Debug-iphonesimulator/cmark-gfm.build/Objects-normal/arm64/arena.o

SwiftExplicitDependencyGeneratePcm arm64 /Users/runner/work/orbit/orbit/.ewc-probe/.dd-ios/ModuleCache.noindex/os_workgroup-E56MZJG0ZCPSEIXP2WQOYQ555.pcm

Ld /Users/runner/work/orbit/orbit/.ewc-probe/.dd-ios/Build/Products/Debug-iphonesimulator/cmark-gfm.o normal (in target 'cmark-gfm' from project 'cmark-gfm')
    cd /Users/runner/work/orbit/orbit/.ewc-probe/.dd-ios/SourcePackages/checkouts/swift-cmark
    /Applications/Xcode_26.6.app/Contents/Developer/Toolchains/XcodeDefault.xctoolchain/usr/bin/clang -Xlinker -reproducible -target arm64-apple-ios12.0-simulator -r -isysroot /Applications/Xcode_26.6.app/Contents/Developer/Platforms/iPhoneSimulator.platform/Developer/SDKs/iPhoneSimulator26.5.sdk -O0 -w -F/Users/runner/work/orbit/orbit/.ewc-probe/.dd-ios/Build/Intermediates.noindex/EagerLinkingTBDs/Debug-iphonesimulator -F/Users/runner/work/orbit/orbit/.ewc-probe/.dd-ios/Build/Products/Debug-iphonesimulator -iframework /Applications/Xcode_26.6.app/Contents/Developer/Platforms/iPhoneSimulator.platform/Developer/Library/Frameworks -iframework /Applications/Xcode_26.6.app/Contents/Developer/Platforms/iPhoneSimulator.platform/Developer/SDKs/iPhoneSimulator26.5.sdk/Developer/Library/Frameworks -filelist /Users/runner/work/orbit/orbit/.ewc-probe/.dd-ios/Build/Intermediates.noindex/cmark-gfm.build/Debug-iphonesimulator/cmark-gfm.build/Objects-normal/arm64/cmark-gfm.LinkFileList -nostdlib -Xlinker -object_path_lto -Xlinker /Users/runner/work/orbit/orbit/.ewc-probe/.dd-ios/Build/Intermediates.noindex/cmark-gfm.build/Debug-iphonesimulator/cmark-gfm.build/Objects-normal/arm64/cmark-gfm_lto.o -Xlinker -no_deduplicate -Xlinker -objc_abi_version -Xlinker 2 -Xlinker -dependency_info -Xlinker /Users/runner/work/orbit/orbit/.ewc-probe/.dd-ios/Build/Intermediates.noindex/cmark-gfm.build/Debug-iphonesimulator/cmark-gfm.build/Objects-normal/arm64/cmark-gfm_dependency_info.dat -o /Users/runner/work/orbit/orbit/.ewc-probe/.dd-ios/Build/Products/Debug-iphonesimulator/cmark-gfm.o

CompileC /Users/runner/work/orbit/orbit/.ewc-probe/.dd-ios/Build/Intermediates.noindex/swift-markdown.build/Debug-iphonesimulator/CAtomic.build/Objects-normal/arm64/CAtomic.o /Users/runner/work/orbit/orbit/.ewc-probe/.dd-ios/SourcePackages/checkouts/swift-markdown/Sources/CAtomic/CAtomic.c normal arm64 c com.apple.compilers.llvm.clang.1_0.compiler (in target 'CAtomic' from project 'swift-markdown')
    cd /Users/runner/work/orbit/orbit/.ewc-probe/EwcProbe.xcodeproj
    
    Using response file: /Users/runner/work/orbit/orbit/.ewc-probe/.dd-ios/Build/Intermediates.noindex/swift-markdown.build/Debug-iphonesimulator/CAtomic.build/Objects-normal/arm64/7187679823f38a2a940e0043cdf9d637-common-args.resp
    
    /Applications/Xcode_26.6.app/Contents/Developer/Toolchains/XcodeDefault.xctoolchain/usr/bin/clang -x c -ivfsstatcache /Users/runner/work/orbit/orbit/.ewc-probe/.dd-ios/SDKStatCaches.noindex/iphonesimulator26.5-23F81a-688ef53f1462e2c8f657fdc38a81448ff45c64a1807a658693f2a61704f17a36.sdkstatcache -target arm64-apple-ios12.0-simulator -fmessage-length\=0 -fdiagnostics-show-note-include-stack -fmacro-backtrace-limit\=0 -fno-color-diagnostics -fmodules-prune-interval\=86400 -fmodules-prune-after\=345600 -fbuild-session-file\=/Users/runner/work/orbit/orbit/.ewc-probe/.dd-ios/ModuleCache.noindex/Session.modulevalidation -fmodules-validate-once-per-build-session -Wnon-modular-include-in-framework-module -Werror\=non-modular-include-in-framework-module -Wno-trigraphs -Wno-missing-field-initializers -Wno-missing-prototypes -Wno-return-type -Wno-missing-braces -Wparentheses -Wswitch -Wno-unused-function -Wno-unused-label -Wno-unused-parameter -Wno-unused-variable -Wunused-value -Wno-empty-body -Wno-uninitialized -Wno-unknown-pragmas -w -Wno-shadow -Wno-four-char-constants -Wno-conversion -Wno-constant-conversion -Wno-int-conversion -Wno-bool-conversion -Wno-enum-conversion -Wno-float-conversion -Wno-non-literal-null-conversion -Wno-objc-literal-conversion -Wshorten-64-to-32 -Wpointer-sign -Wno-newline-eof -Wno-implicit-fallthrough -isysroot /Applications/Xcode_26.6.app/Contents/Developer/Platforms/iPhoneSimulator.platform/Developer/SDKs/iPhoneSimulator26.5.sdk -fstrict-aliasing -Wdeprecated-declarations -Wno-sign-conversion -Wno-infinite-recursion -Wno-comma -Wno-block-capture-autoreleasing -Wno-strict-prototypes -Wno-semicolon-before-method-body -index-store-path /Users/runner/work/orbit/orbit/.ewc-probe/.dd-ios/Index.noindex/DataStore @/Users/runner/work/orbit/orbit/.ewc-probe/.dd-ios/Build/Intermediates.noindex/swift-markdown.build/Debug-iphonesimulator/CAtomic.build/Objects-normal/arm64/7187679823f38a2a940e0043cdf9d637-common-args.resp -MMD -MT dependencies -MF /Users/runner/work/orbit/orbit/.ewc-probe/.dd-ios/Build/Intermediates.noindex/swift-markdown.build/Debug-iphonesimulator/CAtomic.build/Objects-normal/arm64/CAtomic.d --serialize-diagnostics /Users/runner/work/orbit/orbit/.ewc-probe/.dd-ios/Build/Intermediates.noindex/swift-markdown.build/Debug-iphonesimulator/CAtomic.build/Objects-normal/arm64/CAtomic.dia -c /Users/runner/work/orbit/orbit/.ewc-probe/.dd-ios/SourcePackages/checkouts/swift-markdown/Sources/CAtomic/CAtomic.c -o /Users/runner/work/orbit/orbit/.ewc-probe/.dd-ios/Build/Intermediates.noindex/swift-markdown.build/Debug-iphonesimulator/CAtomic.build/Objects-normal/arm64/CAtomic.o -index-unit-output-path /swift-markdown.build/Debug-iphonesimulator/CAtomic.build/Objects-normal/arm64/CAtomic.o

Ld /Users/runner/work/orbit/orbit/.ewc-probe/.dd-ios/Build/Products/Debug-iphonesimulator/CAtomic.o normal (in target 'CAtomic' from project 'swift-markdown')
    cd /Users/runner/work/orbit/orbit/.ewc-probe/.dd-ios/SourcePackages/checkouts/swift-markdown
    /Applications/Xcode_26.6.app/Contents/Developer/Toolchains/XcodeDefault.xctoolchain/usr/bin/clang -Xlinker -reproducible -target arm64-apple-ios12.0-simulator -r -isysroot /Applications/Xcode_26.6.app/Contents/Developer/Platforms/iPhoneSimulator.platform/Developer/SDKs/iPhoneSimulator26.5.sdk -O0 -w -F/Users/runner/work/orbit/orbit/.ewc-probe/.dd-ios/Build/Intermediates.noindex/EagerLinkingTBDs/Debug-iphonesimulator -F/Users/runner/work/orbit/orbit/.ewc-probe/.dd-ios/Build/Products/Debug-iphonesimulator -iframework /Applications/Xcode_26.6.app/Contents/Developer/Platforms/iPhoneSimulator.platform/Developer/Library/Frameworks -iframework /Applications/Xcode_26.6.app/Contents/Developer/Platforms/iPhoneSimulator.platform/Developer/SDKs/iPhoneSimulator26.5.sdk/Developer/Library/Frameworks -filelist /Users/runner/work/orbit/orbit/.ewc-probe/.dd-ios/Build/Intermediates.noindex/swift-markdown.build/Debug-iphonesimulator/CAtomic.build/Objects-normal/arm64/CAtomic.LinkFileList -nostdlib -Xlinker -object_path_lto -Xlinker /Users/runner/work/orbit/orbit/.ewc-probe/.dd-ios/Build/Intermediates.noindex/swift-markdown.build/Debug-iphonesimulator/CAtomic.build/Objects-normal/arm64/CAtomic_lto.o -Xlinker -no_deduplicate -Xlinker -objc_abi_version -Xlinker 2 -Xlinker -dependency_info -Xlinker /Users/runner/work/orbit/orbit/.ewc-probe/.dd-ios/Build/Intermediates.noindex/swift-markdown.build/Debug-iphonesimulator/CAtomic.build/Objects-normal/arm64/CAtomic_dependency_info.dat -o /Users/runner/work/orbit/orbit/.ewc-probe/.dd-ios/Build/Products/Debug-iphonesimulator/CAtomic.o

SwiftExplicitDependencyGeneratePcm arm64 /Users/runner/work/orbit/orbit/.ewc-probe/.dd-ios/ModuleCache.noindex/Dispatch-EJMW4GF2R8LWNPYFZ3IUQ6CWJ.pcm

CodeSign /Users/runner/work/orbit/orbit/.ewc-probe/.dd-ios/Build/Products/Debug-iphonesimulator/cmark-gfm.o (in target 'cmark-gfm' from project 'cmark-gfm')
    cd /Users/runner/work/orbit/orbit/.ewc-probe/.dd-ios/SourcePackages/checkouts/swift-cmark
    
    Signing Identity:     "Sign to Run Locally"
    
    /usr/bin/codesign --force --sign - --timestamp\=none --generate-entitlement-der /Users/runner/work/orbit/orbit/.ewc-probe/.dd-ios/Build/Products/Debug-iphonesimulator/cmark-gfm.o

CodeSign /Users/runner/work/orbit/orbit/.ewc-probe/.dd-ios/Build/Products/Debug-iphonesimulator/CAtomic.o (in target 'CAtomic' from project 'swift-markdown')
    cd /Users/runner/work/orbit/orbit/.ewc-probe/.dd-ios/SourcePackages/checkouts/swift-markdown
    
    Signing Identity:     "Sign to Run Locally"
    
    /usr/bin/codesign --force --sign - --timestamp\=none --generate-entitlement-der /Users/runner/work/orbit/orbit/.ewc-probe/.dd-ios/Build/Products/Debug-iphonesimulator/CAtomic.o

RegisterExecutionPolicyException /Users/runner/work/orbit/orbit/.ewc-probe/.dd-ios/Build/Products/Debug-iphonesimulator/CAtomic.o (in target 'CAtomic' from project 'swift-markdown')
    cd /Users/runner/work/orbit/orbit/.ewc-probe/.dd-ios/SourcePackages/checkouts/swift-markdown
    builtin-RegisterExecutionPolicyException /Users/runner/work/orbit/orbit/.ewc-probe/.dd-ios/Build/Products/Debug-iphonesimulator/CAtomic.o

RegisterExecutionPolicyException /Users/runner/work/orbit/orbit/.ewc-probe/.dd-ios/Build/Products/Debug-iphonesimulator/cmark-gfm.o (in target 'cmark-gfm' from project 'cmark-gfm')
    cd /Users/runner/work/orbit/orbit/.ewc-probe/.dd-ios/SourcePackages/checkouts/swift-cmark
    builtin-RegisterExecutionPolicyException /Users/runner/work/orbit/orbit/.ewc-probe/.dd-ios/Build/Products/Debug-iphonesimulator/cmark-gfm.o

SwiftExplicitDependencyGeneratePcm arm64 /Users/runner/work/orbit/orbit/.ewc-probe/.dd-ios/ModuleCache.noindex/XPC-1JD3ZLFKBQS5F7LL8S4LE6OLZ.pcm

SwiftExplicitDependencyGeneratePcm arm64 /Users/runner/work/orbit/orbit/.ewc-probe/.dd-ios/ModuleCache.noindex/CoreFoundation-95B2VEDAWTG69YSDMCKUFM5ZB.pcm

Ld /Users/runner/work/orbit/orbit/.ewc-probe/.dd-ios/Build/Products/Debug-iphonesimulator/cmark-gfm-extensions.o normal (in target 'cmark-gfm-extensions' from project 'cmark-gfm')
    cd /Users/runner/work/orbit/orbit/.ewc-probe/.dd-ios/SourcePackages/checkouts/swift-cmark
    /Applications/Xcode_26.6.app/Contents/Developer/Toolchains/XcodeDefault.xctoolchain/usr/bin/clang -Xlinker -reproducible -target arm64-apple-ios12.0-simulator -r -isysroot /Applications/Xcode_26.6.app/Contents/Developer/Platforms/iPhoneSimulator.platform/Developer/SDKs/iPhoneSimulator26.5.sdk -O0 -w -F/Users/runner/work/orbit/orbit/.ewc-probe/.dd-ios/Build/Intermediates.noindex/EagerLinkingTBDs/Debug-iphonesimulator -F/Users/runner/work/orbit/orbit/.ewc-probe/.dd-ios/Build/Products/Debug-iphonesimulator/PackageFrameworks -F/Users/runner/work/orbit/orbit/.ewc-probe/.dd-ios/Build/Products/Debug-iphonesimulator -iframework /Applications/Xcode_26.6.app/Contents/Developer/Platforms/iPhoneSimulator.platform/Developer/Library/Frameworks -iframework /Applications/Xcode_26.6.app/Contents/Developer/Platforms/iPhoneSimulator.platform/Developer/SDKs/iPhoneSimulator26.5.sdk/Developer/Library/Frameworks -filelist /Users/runner/work/orbit/orbit/.ewc-probe/.dd-ios/Build/Intermediates.noindex/cmark-gfm.build/Debug-iphonesimulator/cmark-gfm-extensions.build/Objects-normal/arm64/cmark-gfm-extensions.LinkFileList -nostdlib -Xlinker -object_path_lto -Xlinker /Users/runner/work/orbit/orbit/.ewc-probe/.dd-ios/Build/Intermediates.noindex/cmark-gfm.build/Debug-iphonesimulator/cmark-gfm-extensions.build/Objects-normal/arm64/cmark-gfm-extensions_lto.o -Xlinker -no_deduplicate -Xlinker -objc_abi_version -Xlinker 2 -Xlinker -dependency_info -Xlinker /Users/runner/work/orbit/orbit/.ewc-probe/.dd-ios/Build/Intermediates.noindex/cmark-gfm.build/Debug-iphonesimulator/cmark-gfm-extensions.build/Objects-normal/arm64/cmark-gfm-extensions_dependency_info.dat -o /Users/runner/work/orbit/orbit/.ewc-probe/.dd-ios/Build/Products/Debug-iphonesimulator/cmark-gfm-extensions.o

CodeSign /Users/runner/work/orbit/orbit/.ewc-probe/.dd-ios/Build/Products/Debug-iphonesimulator/cmark-gfm-extensions.o (in target 'cmark-gfm-extensions' from project 'cmark-gfm')
    cd /Users/runner/work/orbit/orbit/.ewc-probe/.dd-ios/SourcePackages/checkouts/swift-cmark
    
    Signing Identity:     "Sign to Run Locally"
    
    /usr/bin/codesign --force --sign - --timestamp\=none --generate-entitlement-der /Users/runner/work/orbit/orbit/.ewc-probe/.dd-ios/Build/Products/Debug-iphonesimulator/cmark-gfm-extensions.o

RegisterExecutionPolicyException /Users/runner/work/orbit/orbit/.ewc-probe/.dd-ios/Build/Products/Debug-iphonesimulator/cmark-gfm-extensions.o (in target 'cmark-gfm-extensions' from project 'cmark-gfm')
    cd /Users/runner/work/orbit/orbit/.ewc-probe/.dd-ios/SourcePackages/checkouts/swift-cmark
    builtin-RegisterExecutionPolicyException /Users/runner/work/orbit/orbit/.ewc-probe/.dd-ios/Build/Products/Debug-iphonesimulator/cmark-gfm-extensions.o

SwiftExplicitDependencyGeneratePcm arm64 /Users/runner/work/orbit/orbit/.ewc-probe/.dd-ios/ModuleCache.noindex/Security-E25OLTLGDTYUBAS19FNG8DDGP.pcm

SwiftExplicitDependencyGeneratePcm arm64 /Users/runner/work/orbit/orbit/.ewc-probe/.dd-ios/ModuleCache.noindex/CFNetwork-6J3SPMNLJBT8UO0K9PD1N7JUR.pcm

SwiftExplicitDependencyGeneratePcm arm64 /Users/runner/work/orbit/orbit/.ewc-probe/.dd-ios/ModuleCache.noindex/Foundation-2ZN5T4UD0RTA0HLPWI53M2GE4.pcm

SwiftEmitModule normal arm64 Emitting\ module\ for\ Markdown (in target 'Markdown' from project 'swift-markdown')

EmitSwiftModule normal arm64 (in target 'Markdown' from project 'swift-markdown')
    cd /Users/runner/work/orbit/orbit/.ewc-probe/EwcProbe.xcodeproj
    

SwiftCompile normal arm64 Compiling\ ThematicBreak.swift,\ Table.swift,\ TableBody.swift,\ TableCell.swift,\ TableCellContainer.swift,\ TableHead.swift,\ TableRow.swift,\ Replacement.swift,\ SourceLocation.swift,\ Emphasis.swift,\ Image.swift,\ InlineAttributes.swift,\ Link.swift,\ Strikethrough.swift,\ Strong.swift,\ CustomInline.swift,\ InlineCode.swift,\ InlineHTML.swift,\ LineBreak.swift,\ SoftBreak.swift,\ SymbolLink.swift,\ Text.swift,\ Aside.swift /Users/runner/work/orbit/orbit/.ewc-probe/.dd-ios/SourcePackages/checkouts/swift-markdown/Sources/Markdown/Block\ Nodes/Leaf\ Blocks/ThematicBreak.swift /Users/runner/work/orbit/orbit/.ewc-probe/.dd-ios/SourcePackages/checkouts/swift-markdown/Sources/Markdown/Block\ Nodes/Tables/Table.swift /Users/runner/work/orbit/orbit/.ewc-probe/.dd-ios/SourcePackages/checkouts/swift-markdown/Sources/Markdown/Block\ Nodes/Tables/TableBody.swift /Users/runner/work/orbit/orbit/.ewc-probe/.dd-ios/SourcePackages/checkouts/swift-markdown/Sources/Markdown/Block\ Nodes/Tables/TableCell.swift /Users/runner/work/orbit/orbit/.ewc-probe/.dd-ios/SourcePackages/checkouts/swift-markdown/Sources/Markdown/Block\ Nodes/Tables/TableCellContainer.swift /Users/runner/work/orbit/orbit/.ewc-probe/.dd-ios/SourcePackages/checkouts/swift-markdown/Sources/Markdown/Block\ Nodes/Tables/TableHead.swift /Users/runner/work/orbit/orbit/.ewc-probe/.dd-ios/SourcePackages/checkouts/swift-markdown/Sources/Markdown/Block\ Nodes/Tables/TableRow.swift /Users/runner/work/orbit/orbit/.ewc-probe/.dd-ios/SourcePackages/checkouts/swift-markdown/Sources/Markdown/Infrastructure/Replacement.swift /Users/runner/work/orbit/orbit/.ewc-probe/.dd-ios/SourcePackages/checkouts/swift-markdown/Sources/Markdown/Infrastructure/SourceLocation.swift /Users/runner/work/orbit/orbit/.ewc-probe/.dd-ios/SourcePackages/checkouts/swift-markdown/Sources/Markdown/Inline\ Nodes/Inline\ Containers/Emphasis.swift /Users/runner/work/orbit/orbit/.ewc-probe/.dd-ios/SourcePackages/checkouts/swift-markdown/Sources/Markdown/Inline\ Nodes/Inline\ Containers/Image.swift /Users/runner/work/orbit/orbit/.ewc-probe/.dd-ios/SourcePackages/checkouts/swift-markdown/Sources/Markdown/Inline\ Nodes/Inline\ Containers/InlineAttributes.swift /Users/runner/work/orbit/orbit/.ewc-probe/.dd-ios/SourcePackages/checkouts/swift-markdown/Sources/Markdown/Inline\ Nodes/Inline\ Containers/Link.swift /Users/runner/work/orbit/orbit/.ewc-probe/.dd-ios/SourcePackages/checkouts/swift-markdown/Sources/Markdown/Inline\ Nodes/Inline\ Containers/Strikethrough.swift /Users/runner/work/orbit/orbit/.ewc-probe/.dd-ios/SourcePackages/checkouts/swift-markdown/Sources/Markdown/Inline\ Nodes/Inline\ Containers/Strong.swift /Users/runner/work/orbit/orbit/.ewc-probe/.dd-ios/SourcePackages/checkouts/swift-markdown/Sources/Markdown/Inline\ Nodes/Inline\ Leaves/CustomInline.swift /Users/runner/work/orbit/orbit/.ewc-probe/.dd-ios/SourcePackages/checkouts/swift-markdown/Sources/Markdown/Inline\ Nodes/Inline\ Leaves/InlineCode.swift /Users/runner/work/orbit/orbit/.ewc-probe/.dd-ios/SourcePackages/checkouts/swift-markdown/Sources/Markdown/Inline\ Nodes/Inline\ Leaves/InlineHTML.swift /Users/runner/work/orbit/orbit/.ewc-probe/.dd-ios/SourcePackages/checkouts/swift-markdown/Sources/Markdown/Inline\ Nodes/Inline\ Leaves/LineBreak.swift /Users/runner/work/orbit/orbit/.ewc-probe/.dd-ios/SourcePackages/checkouts/swift-markdown/Sources/Markdown/Inline\ Nodes/Inline\ Leaves/SoftBreak.swift /Users/runner/work/orbit/orbit/.ewc-probe/.dd-ios/SourcePackages/checkouts/swift-markdown/Sources/Markdown/Inline\ Nodes/Inline\ Leaves/SymbolLink.swift /Users/runner/work/orbit/orbit/.ewc-probe/.dd-ios/SourcePackages/checkouts/swift-markdown/Sources/Markdown/Inline\ Nodes/Inline\ Leaves/Text.swift /Users/runner/work/orbit/orbit/.ewc-probe/.dd-ios/SourcePackages/checkouts/swift-markdown/Sources/Markdown/Interpretive\ Nodes/Aside.swift (in target 'Markdown' from project 'swift-markdown')
SwiftCompile normal arm64 /Users/runner/work/orbit/orbit/.ewc-probe/.dd-ios/SourcePackages/checkouts/swift-markdown/Sources/Markdown/Block\ Nodes/Leaf\ Blocks/ThematicBreak.swift (in target 'Markdown' from project 'swift-markdown')
    cd /Users/runner/work/orbit/orbit/.ewc-probe/EwcProbe.xcodeproj
    

SwiftCompile normal arm64 /Users/runner/work/orbit/orbit/.ewc-probe/.dd-ios/SourcePackages/checkouts/swift-markdown/Sources/Markdown/Block\ Nodes/Tables/Table.swift (in target 'Markdown' from project 'swift-markdown')
    cd /Users/runner/work/orbit/orbit/.ewc-probe/EwcProbe.xcodeproj
    

SwiftCompile normal arm64 /Users/runner/work/orbit/orbit/.ewc-probe/.dd-ios/SourcePackages/checkouts/swift-markdown/Sources/Markdown/Block\ Nodes/Tables/TableBody.swift (in target 'Markdown' from project 'swift-markdown')
    cd /Users/runner/work/orbit/orbit/.ewc-probe/EwcProbe.xcodeproj
    

SwiftCompile normal arm64 /Users/runner/work/orbit/orbit/.ewc-probe/.dd-ios/SourcePackages/checkouts/swift-markdown/Sources/Markdown/Block\ Nodes/Tables/TableCell.swift (in target 'Markdown' from project 'swift-markdown')
    cd /Users/runner/work/orbit/orbit/.ewc-probe/EwcProbe.xcodeproj
    

SwiftCompile normal arm64 /Users/runner/work/orbit/orbit/.ewc-probe/.dd-ios/SourcePackages/checkouts/swift-markdown/Sources/Markdown/Block\ Nodes/Tables/TableCellContainer.swift (in target 'Markdown' from project 'swift-markdown')
    cd /Users/runner/work/orbit/orbit/.ewc-probe/EwcProbe.xcodeproj
    

SwiftCompile normal arm64 /Users/runner/work/orbit/orbit/.ewc-probe/.dd-ios/SourcePackages/checkouts/swift-markdown/Sources/Markdown/Block\ Nodes/Tables/TableHead.swift (in target 'Markdown' from project 'swift-markdown')
    cd /Users/runner/work/orbit/orbit/.ewc-probe/EwcProbe.xcodeproj
    

SwiftCompile normal arm64 /Users/runner/work/orbit/orbit/.ewc-probe/.dd-ios/SourcePackages/checkouts/swift-markdown/Sources/Markdown/Block\ Nodes/Tables/TableRow.swift (in target 'Markdown' from project 'swift-markdown')
    cd /Users/runner/work/orbit/orbit/.ewc-probe/EwcProbe.xcodeproj
    

SwiftCompile normal arm64 /Users/runner/work/orbit/orbit/.ewc-probe/.dd-ios/SourcePackages/checkouts/swift-markdown/Sources/Markdown/Infrastructure/Replacement.swift (in target 'Markdown' from project 'swift-markdown')
    cd /Users/runner/work/orbit/orbit/.ewc-probe/EwcProbe.xcodeproj
    

SwiftCompile normal arm64 /Users/runner/work/orbit/orbit/.ewc-probe/.dd-ios/SourcePackages/checkouts/swift-markdown/Sources/Markdown/Infrastructure/SourceLocation.swift (in target 'Markdown' from project 'swift-markdown')
    cd /Users/runner/work/orbit/orbit/.ewc-probe/EwcProbe.xcodeproj
    

SwiftCompile normal arm64 /Users/runner/work/orbit/orbit/.ewc-probe/.dd-ios/SourcePackages/checkouts/swift-markdown/Sources/Markdown/Inline\ Nodes/Inline\ Containers/Emphasis.swift (in target 'Markdown' from project 'swift-markdown')
    cd /Users/runner/work/orbit/orbit/.ewc-probe/EwcProbe.xcodeproj
    

SwiftCompile normal arm64 /Users/runner/work/orbit/orbit/.ewc-probe/.dd-ios/SourcePackages/checkouts/swift-markdown/Sources/Markdown/Inline\ Nodes/Inline\ Containers/Image.swift (in target 'Markdown' from project 'swift-markdown')
    cd /Users/runner/work/orbit/orbit/.ewc-probe/EwcProbe.xcodeproj
    

SwiftCompile normal arm64 /Users/runner/work/orbit/orbit/.ewc-probe/.dd-ios/SourcePackages/checkouts/swift-markdown/Sources/Markdown/Inline\ Nodes/Inline\ Containers/InlineAttributes.swift (in target 'Markdown' from project 'swift-markdown')
    cd /Users/runner/work/orbit/orbit/.ewc-probe/EwcProbe.xcodeproj
    

SwiftCompile normal arm64 /Users/runner/work/orbit/orbit/.ewc-probe/.dd-ios/SourcePackages/checkouts/swift-markdown/Sources/Markdown/Inline\ Nodes/Inline\ Containers/Link.swift (in target 'Markdown' from project 'swift-markdown')
    cd /Users/runner/work/orbit/orbit/.ewc-probe/EwcProbe.xcodeproj
    

SwiftCompile normal arm64 /Users/runner/work/orbit/orbit/.ewc-probe/.dd-ios/SourcePackages/checkouts/swift-markdown/Sources/Markdown/Inline\ Nodes/Inline\ Containers/Strikethrough.swift (in target 'Markdown' from project 'swift-markdown')
    cd /Users/runner/work/orbit/orbit/.ewc-probe/EwcProbe.xcodeproj
    

SwiftCompile normal arm64 /Users/runner/work/orbit/orbit/.ewc-probe/.dd-ios/SourcePackages/checkouts/swift-markdown/Sources/Markdown/Inline\ Nodes/Inline\ Containers/Strong.swift (in target 'Markdown' from project 'swift-markdown')
    cd /Users/runner/work/orbit/orbit/.ewc-probe/EwcProbe.xcodeproj
    

SwiftCompile normal arm64 /Users/runner/work/orbit/orbit/.ewc-probe/.dd-ios/SourcePackages/checkouts/swift-markdown/Sources/Markdown/Inline\ Nodes/Inline\ Leaves/CustomInline.swift (in target 'Markdown' from project 'swift-markdown')
    cd /Users/runner/work/orbit/orbit/.ewc-probe/EwcProbe.xcodeproj
    

SwiftCompile normal arm64 /Users/runner/work/orbit/orbit/.ewc-probe/.dd-ios/SourcePackages/checkouts/swift-markdown/Sources/Markdown/Inline\ Nodes/Inline\ Leaves/InlineCode.swift (in target 'Markdown' from project 'swift-markdown')
    cd /Users/runner/work/orbit/orbit/.ewc-probe/EwcProbe.xcodeproj
    

SwiftCompile normal arm64 /Users/runner/work/orbit/orbit/.ewc-probe/.dd-ios/SourcePackages/checkouts/swift-markdown/Sources/Markdown/Inline\ Nodes/Inline\ Leaves/InlineHTML.swift (in target 'Markdown' from project 'swift-markdown')
    cd /Users/runner/work/orbit/orbit/.ewc-probe/EwcProbe.xcodeproj
    

SwiftCompile normal arm64 /Users/runner/work/orbit/orbit/.ewc-probe/.dd-ios/SourcePackages/checkouts/swift-markdown/Sources/Markdown/Inline\ Nodes/Inline\ Leaves/LineBreak.swift (in target 'Markdown' from project 'swift-markdown')
    cd /Users/runner/work/orbit/orbit/.ewc-probe/EwcProbe.xcodeproj
    

SwiftCompile normal arm64 /Users/runner/work/orbit/orbit/.ewc-probe/.dd-ios/SourcePackages/checkouts/swift-markdown/Sources/Markdown/Inline\ Nodes/Inline\ Leaves/SoftBreak.swift (in target 'Markdown' from project 'swift-markdown')
    cd /Users/runner/work/orbit/orbit/.ewc-probe/EwcProbe.xcodeproj
    

SwiftCompile normal arm64 /Users/runner/work/orbit/orbit/.ewc-probe/.dd-ios/SourcePackages/checkouts/swift-markdown/Sources/Markdown/Inline\ Nodes/Inline\ Leaves/SymbolLink.swift (in target 'Markdown' from project 'swift-markdown')
    cd /Users/runner/work/orbit/orbit/.ewc-probe/EwcProbe.xcodeproj
    

SwiftCompile normal arm64 /Users/runner/work/orbit/orbit/.ewc-probe/.dd-ios/SourcePackages/checkouts/swift-markdown/Sources/Markdown/Inline\ Nodes/Inline\ Leaves/Text.swift (in target 'Markdown' from project 'swift-markdown')
    cd /Users/runner/work/orbit/orbit/.ewc-probe/EwcProbe.xcodeproj
    

SwiftCompile normal arm64 /Users/runner/work/orbit/orbit/.ewc-probe/.dd-ios/SourcePackages/checkouts/swift-markdown/Sources/Markdown/Interpretive\ Nodes/Aside.swift (in target 'Markdown' from project 'swift-markdown')
    cd /Users/runner/work/orbit/orbit/.ewc-probe/EwcProbe.xcodeproj
    

SwiftCompile normal arm64 Compiling\ BlockDirectiveParser.swift,\ CommonMarkConverter.swift,\ LazySplitLines.swift,\ ParseOptions.swift,\ RangeAdjuster.swift,\ RangerTracker.swift,\ MarkupRewriter.swift,\ BasicBlockContainer.swift,\ BasicInlineContainer.swift,\ BlockContainer.swift,\ BlockMarkup.swift,\ InlineContainer.swift,\ InlineMarkup.swift,\ ListItemContainer.swift,\ AtomicCounter.swift,\ CharacterExtensions.swift,\ CollectionExtensions.swift,\ StringExtensions.swift,\ MarkupVisitor.swift,\ MarkupWalker.swift,\ HTMLFormatter.swift,\ MarkupFormatter.swift,\ MarkupTreeDumper.swift /Users/runner/work/orbit/orbit/.ewc-probe/.dd-ios/SourcePackages/checkouts/swift-markdown/Sources/Markdown/Parser/BlockDirectiveParser.swift /Users/runner/work/orbit/orbit/.ewc-probe/.dd-ios/SourcePackages/checkouts/swift-markdown/Sources/Markdown/Parser/CommonMarkConverter.swift /Users/runner/work/orbit/orbit/.ewc-probe/.dd-ios/SourcePackages/checkouts/swift-markdown/Sources/Markdown/Parser/LazySplitLines.swift /Users/runner/work/orbit/orbit/.ewc-probe/.dd-ios/SourcePackages/checkouts/swift-markdown/Sources/Markdown/Parser/ParseOptions.swift /Users/runner/work/orbit/orbit/.ewc-probe/.dd-ios/SourcePackages/checkouts/swift-markdown/Sources/Markdown/Parser/RangeAdjuster.swift /Users/runner/work/orbit/orbit/.ewc-probe/.dd-ios/SourcePackages/checkouts/swift-markdown/Sources/Markdown/Parser/RangerTracker.swift /Users/runner/work/orbit/orbit/.ewc-probe/.dd-ios/SourcePackages/checkouts/swift-markdown/Sources/Markdown/Rewriter/MarkupRewriter.swift /Users/runner/work/orbit/orbit/.ewc-probe/.dd-ios/SourcePackages/checkouts/swift-markdown/Sources/Markdown/Structural\ Restrictions/BasicBlockContainer.swift /Users/runner/work/orbit/orbit/.ewc-probe/.dd-ios/SourcePackages/checkouts/swift-markdown/Sources/Markdown/Structural\ Restrictions/BasicInlineContainer.swift /Users/runner/work/orbit/orbit/.ewc-probe/.dd-ios/SourcePackages/checkouts/swift-markdown/Sources/Markdown/Structural\ Restrictions/BlockContainer.swift /Users/runner/work/orbit/orbit/.ewc-probe/.dd-ios/SourcePackages/checkouts/swift-markdown/Sources/Markdown/Structural\ Restrictions/BlockMarkup.swift /Users/runner/work/orbit/orbit/.ewc-probe/.dd-ios/SourcePackages/checkouts/swift-markdown/Sources/Markdown/Structural\ Restrictions/InlineContainer.swift /Users/runner/work/orbit/orbit/.ewc-probe/.dd-ios/SourcePackages/checkouts/swift-markdown/Sources/Markdown/Structural\ Restrictions/InlineMarkup.swift /Users/runner/work/orbit/orbit/.ewc-probe/.dd-ios/SourcePackages/checkouts/swift-markdown/Sources/Markdown/Structural\ Restrictions/ListItemContainer.swift /Users/runner/work/orbit/orbit/.ewc-probe/.dd-ios/SourcePackages/checkouts/swift-markdown/Sources/Markdown/Utility/AtomicCounter.swift /Users/runner/work/orbit/orbit/.ewc-probe/.dd-ios/SourcePackages/checkouts/swift-markdown/Sources/Markdown/Utility/CharacterExtensions.swift /Users/runner/work/orbit/orbit/.ewc-probe/.dd-ios/SourcePackages/checkouts/swift-markdown/Sources/Markdown/Utility/CollectionExtensions.swift /Users/runner/work/orbit/orbit/.ewc-probe/.dd-ios/SourcePackages/checkouts/swift-markdown/Sources/Markdown/Utility/StringExtensions.swift /Users/runner/work/orbit/orbit/.ewc-probe/.dd-ios/SourcePackages/checkouts/swift-markdown/Sources/Markdown/Visitor/MarkupVisitor.swift /Users/runner/work/orbit/orbit/.ewc-probe/.dd-ios/SourcePackages/checkouts/swift-markdown/Sources/Markdown/Walker/MarkupWalker.swift /Users/runner/work/orbit/orbit/.ewc-probe/.dd-ios/SourcePackages/checkouts/swift-markdown/Sources/Markdown/Walker/Walkers/HTMLFormatter.swift /Users/runner/work/orbit/orbit/.ewc-probe/.dd-ios/SourcePackages/checkouts/swift-markdown/Sources/Markdown/Walker/Walkers/MarkupFormatter.swift /Users/runner/work/orbit/orbit/.ewc-probe/.dd-ios/SourcePackages/checkouts/swift-markdown/Sources/Markdown/Walker/Walkers/MarkupTreeDumper.swift (in target 'Markdown' from project 'swift-markdown')
SwiftCompile normal arm64 /Users/runner/work/orbit/orbit/.ewc-probe/.dd-ios/SourcePackages/checkouts/swift-markdown/Sources/Markdown/Parser/BlockDirectiveParser.swift (in target 'Markdown' from project 'swift-markdown')
    cd /Users/runner/work/orbit/orbit/.ewc-probe/EwcProbe.xcodeproj
    

SwiftCompile normal arm64 /Users/runner/work/orbit/orbit/.ewc-probe/.dd-ios/SourcePackages/checkouts/swift-markdown/Sources/Markdown/Parser/CommonMarkConverter.swift (in target 'Markdown' from project 'swift-markdown')
    cd /Users/runner/work/orbit/orbit/.ewc-probe/EwcProbe.xcodeproj
    

SwiftCompile normal arm64 /Users/runner/work/orbit/orbit/.ewc-probe/.dd-ios/SourcePackages/checkouts/swift-markdown/Sources/Markdown/Parser/LazySplitLines.swift (in target 'Markdown' from project 'swift-markdown')
    cd /Users/runner/work/orbit/orbit/.ewc-probe/EwcProbe.xcodeproj
    

SwiftCompile normal arm64 /Users/runner/work/orbit/orbit/.ewc-probe/.dd-ios/SourcePackages/checkouts/swift-markdown/Sources/Markdown/Parser/ParseOptions.swift (in target 'Markdown' from project 'swift-markdown')
    cd /Users/runner/work/orbit/orbit/.ewc-probe/EwcProbe.xcodeproj
    

SwiftCompile normal arm64 /Users/runner/work/orbit/orbit/.ewc-probe/.dd-ios/SourcePackages/checkouts/swift-markdown/Sources/Markdown/Parser/RangeAdjuster.swift (in target 'Markdown' from project 'swift-markdown')
    cd /Users/runner/work/orbit/orbit/.ewc-probe/EwcProbe.xcodeproj
    

SwiftCompile normal arm64 /Users/runner/work/orbit/orbit/.ewc-probe/.dd-ios/SourcePackages/checkouts/swift-markdown/Sources/Markdown/Parser/RangerTracker.swift (in target 'Markdown' from project 'swift-markdown')
    cd /Users/runner/work/orbit/orbit/.ewc-probe/EwcProbe.xcodeproj
    

SwiftCompile normal arm64 /Users/runner/work/orbit/orbit/.ewc-probe/.dd-ios/SourcePackages/checkouts/swift-markdown/Sources/Markdown/Rewriter/MarkupRewriter.swift (in target 'Markdown' from project 'swift-markdown')
    cd /Users/runner/work/orbit/orbit/.ewc-probe/EwcProbe.xcodeproj
    

SwiftCompile normal arm64 /Users/runner/work/orbit/orbit/.ewc-probe/.dd-ios/SourcePackages/checkouts/swift-markdown/Sources/Markdown/Structural\ Restrictions/BasicBlockContainer.swift (in target 'Markdown' from project 'swift-markdown')
    cd /Users/runner/work/orbit/orbit/.ewc-probe/EwcProbe.xcodeproj
    

SwiftCompile normal arm64 /Users/runner/work/orbit/orbit/.ewc-probe/.dd-ios/SourcePackages/checkouts/swift-markdown/Sources/Markdown/Structural\ Restrictions/BasicInlineContainer.swift (in target 'Markdown' from project 'swift-markdown')
    cd /Users/runner/work/orbit/orbit/.ewc-probe/EwcProbe.xcodeproj
    

SwiftCompile normal arm64 /Users/runner/work/orbit/orbit/.ewc-probe/.dd-ios/SourcePackages/checkouts/swift-markdown/Sources/Markdown/Structural\ Restrictions/BlockContainer.swift (in target 'Markdown' from project 'swift-markdown')
    cd /Users/runner/work/orbit/orbit/.ewc-probe/EwcProbe.xcodeproj
    

SwiftCompile normal arm64 /Users/runner/work/orbit/orbit/.ewc-probe/.dd-ios/SourcePackages/checkouts/swift-markdown/Sources/Markdown/Structural\ Restrictions/BlockMarkup.swift (in target 'Markdown' from project 'swift-markdown')
    cd /Users/runner/work/orbit/orbit/.ewc-probe/EwcProbe.xcodeproj
    

SwiftCompile normal arm64 /Users/runner/work/orbit/orbit/.ewc-probe/.dd-ios/SourcePackages/checkouts/swift-markdown/Sources/Markdown/Structural\ Restrictions/InlineContainer.swift (in target 'Markdown' from project 'swift-markdown')
    cd /Users/runner/work/orbit/orbit/.ewc-probe/EwcProbe.xcodeproj
    

SwiftCompile normal arm64 /Users/runner/work/orbit/orbit/.ewc-probe/.dd-ios/SourcePackages/checkouts/swift-markdown/Sources/Markdown/Structural\ Restrictions/InlineMarkup.swift (in target 'Markdown' from project 'swift-markdown')
    cd /Users/runner/work/orbit/orbit/.ewc-probe/EwcProbe.xcodeproj
    

SwiftCompile normal arm64 /Users/runner/work/orbit/orbit/.ewc-probe/.dd-ios/SourcePackages/checkouts/swift-markdown/Sources/Markdown/Structural\ Restrictions/ListItemContainer.swift (in target 'Markdown' from project 'swift-markdown')
    cd /Users/runner/work/orbit/orbit/.ewc-probe/EwcProbe.xcodeproj
    

SwiftCompile normal arm64 /Users/runner/work/orbit/orbit/.ewc-probe/.dd-ios/SourcePackages/checkouts/swift-markdown/Sources/Markdown/Utility/AtomicCounter.swift (in target 'Markdown' from project 'swift-markdown')
    cd /Users/runner/work/orbit/orbit/.ewc-probe/EwcProbe.xcodeproj
    

SwiftCompile normal arm64 /Users/runner/work/orbit/orbit/.ewc-probe/.dd-ios/SourcePackages/checkouts/swift-markdown/Sources/Markdown/Utility/CharacterExtensions.swift (in target 'Markdown' from project 'swift-markdown')
    cd /Users/runner/work/orbit/orbit/.ewc-probe/EwcProbe.xcodeproj
    

SwiftCompile normal arm64 /Users/runner/work/orbit/orbit/.ewc-probe/.dd-ios/SourcePackages/checkouts/swift-markdown/Sources/Markdown/Utility/CollectionExtensions.swift (in target 'Markdown' from project 'swift-markdown')
    cd /Users/runner/work/orbit/orbit/.ewc-probe/EwcProbe.xcodeproj
    

SwiftCompile normal arm64 /Users/runner/work/orbit/orbit/.ewc-probe/.dd-ios/SourcePackages/checkouts/swift-markdown/Sources/Markdown/Utility/StringExtensions.swift (in target 'Markdown' from project 'swift-markdown')
    cd /Users/runner/work/orbit/orbit/.ewc-probe/EwcProbe.xcodeproj
    

SwiftCompile normal arm64 /Users/runner/work/orbit/orbit/.ewc-probe/.dd-ios/SourcePackages/checkouts/swift-markdown/Sources/Markdown/Visitor/MarkupVisitor.swift (in target 'Markdown' from project 'swift-markdown')
    cd /Users/runner/work/orbit/orbit/.ewc-probe/EwcProbe.xcodeproj
    

SwiftCompile normal arm64 /Users/runner/work/orbit/orbit/.ewc-probe/.dd-ios/SourcePackages/checkouts/swift-markdown/Sources/Markdown/Walker/MarkupWalker.swift (in target 'Markdown' from project 'swift-markdown')
    cd /Users/runner/work/orbit/orbit/.ewc-probe/EwcProbe.xcodeproj
    

SwiftCompile normal arm64 /Users/runner/work/orbit/orbit/.ewc-probe/.dd-ios/SourcePackages/checkouts/swift-markdown/Sources/Markdown/Walker/Walkers/HTMLFormatter.swift (in target 'Markdown' from project 'swift-markdown')
    cd /Users/runner/work/orbit/orbit/.ewc-probe/EwcProbe.xcodeproj
    

SwiftCompile normal arm64 /Users/runner/work/orbit/orbit/.ewc-probe/.dd-ios/SourcePackages/checkouts/swift-markdown/Sources/Markdown/Walker/Walkers/MarkupFormatter.swift (in target 'Markdown' from project 'swift-markdown')
    cd /Users/runner/work/orbit/orbit/.ewc-probe/EwcProbe.xcodeproj
    

SwiftCompile normal arm64 /Users/runner/work/orbit/orbit/.ewc-probe/.dd-ios/SourcePackages/checkouts/swift-markdown/Sources/Markdown/Walker/Walkers/MarkupTreeDumper.swift (in target 'Markdown' from project 'swift-markdown')
    cd /Users/runner/work/orbit/orbit/.ewc-probe/EwcProbe.xcodeproj
    

SwiftCompile normal arm64 Compiling\ ChildIndexPath.swift,\ DirectiveArgument.swift,\ Document.swift,\ LiteralMarkup.swift,\ Markup.swift,\ MarkupChildren.swift,\ MarkupData.swift,\ PlainTextConvertibleMarkup.swift,\ RawMarkup.swift,\ BlockDirective.swift,\ BlockQuote.swift,\ CustomBlock.swift,\ DoxygenAbstract.swift,\ DoxygenDiscussion.swift,\ DoxygenNote.swift,\ DoxygenParameter.swift,\ DoxygenReturns.swift,\ ListItem.swift,\ OrderedList.swift,\ UnorderedList.swift,\ Paragraph.swift,\ CodeBlock.swift,\ HTMLBlock.swift,\ Heading.swift /Users/runner/work/orbit/orbit/.ewc-probe/.dd-ios/SourcePackages/checkouts/swift-markdown/Sources/Markdown/Base/ChildIndexPath.swift /Users/runner/work/orbit/orbit/.ewc-probe/.dd-ios/SourcePackages/checkouts/swift-markdown/Sources/Markdown/Base/DirectiveArgument.swift /Users/runner/work/orbit/orbit/.ewc-probe/.dd-ios/SourcePackages/checkouts/swift-markdown/Sources/Markdown/Base/Document.swift /Users/runner/work/orbit/orbit/.ewc-probe/.dd-ios/SourcePackages/checkouts/swift-markdown/Sources/Markdown/Base/LiteralMarkup.swift /Users/runner/work/orbit/orbit/.ewc-probe/.dd-ios/SourcePackages/checkouts/swift-markdown/Sources/Markdown/Base/Markup.swift /Users/runner/work/orbit/orbit/.ewc-probe/.dd-ios/SourcePackages/checkouts/swift-markdown/Sources/Markdown/Base/MarkupChildren.swift /Users/runner/work/orbit/orbit/.ewc-probe/.dd-ios/SourcePackages/checkouts/swift-markdown/Sources/Markdown/Base/MarkupData.swift /Users/runner/work/orbit/orbit/.ewc-probe/.dd-ios/SourcePackages/checkouts/swift-markdown/Sources/Markdown/Base/PlainTextConvertibleMarkup.swift /Users/runner/work/orbit/orbit/.ewc-probe/.dd-ios/SourcePackages/checkouts/swift-markdown/Sources/Markdown/Base/RawMarkup.swift /Users/runner/work/orbit/orbit/.ewc-probe/.dd-ios/SourcePackages/checkouts/swift-markdown/Sources/Markdown/Block\ Nodes/Block\ Container\ Blocks/BlockDirective.swift /Users/runner/work/orbit/orbit/.ewc-probe/.dd-ios/SourcePackages/checkouts/swift-markdown/Sources/Markdown/Block\ Nodes/Block\ Container\ Blocks/BlockQuote.swift /Users/runner/work/orbit/orbit/.ewc-probe/.dd-ios/SourcePackages/checkouts/swift-markdown/Sources/Markdown/Block\ Nodes/Block\ Container\ Blocks/CustomBlock.swift /Users/runner/work/orbit/orbit/.ewc-probe/.dd-ios/SourcePackages/checkouts/swift-markdown/Sources/Markdown/Block\ Nodes/Block\ Container\ Blocks/Doxygen\ Commands/DoxygenAbstract.swift /Users/runner/work/orbit/orbit/.ewc-probe/.dd-ios/SourcePackages/checkouts/swift-markdown/Sources/Markdown/Block\ Nodes/Block\ Container\ Blocks/Doxygen\ Commands/DoxygenDiscussion.swift /Users/runner/work/orbit/orbit/.ewc-probe/.dd-ios/SourcePackages/checkouts/swift-markdown/Sources/Markdown/Block\ Nodes/Block\ Container\ Blocks/Doxygen\ Commands/DoxygenNote.swift /Users/runner/work/orbit/orbit/.ewc-probe/.dd-ios/SourcePackages/checkouts/swift-markdown/Sources/Markdown/Block\ Nodes/Block\ Container\ Blocks/Doxygen\ Commands/DoxygenParameter.swift /Users/runner/work/orbit/orbit/.ewc-probe/.dd-ios/SourcePackages/checkouts/swift-markdown/Sources/Markdown/Block\ Nodes/Block\ Container\ Blocks/Doxygen\ Commands/DoxygenReturns.swift /Users/runner/work/orbit/orbit/.ewc-probe/.dd-ios/SourcePackages/checkouts/swift-markdown/Sources/Markdown/Block\ Nodes/Block\ Container\ Blocks/ListItem.swift /Users/runner/work/orbit/orbit/.ewc-probe/.dd-ios/SourcePackages/checkouts/swift-markdown/Sources/Markdown/Block\ Nodes/Block\ Container\ Blocks/OrderedList.swift /Users/runner/work/orbit/orbit/.ewc-probe/.dd-ios/SourcePackages/checkouts/swift-markdown/Sources/Markdown/Block\ Nodes/Block\ Container\ Blocks/UnorderedList.swift /Users/runner/work/orbit/orbit/.ewc-probe/.dd-ios/SourcePackages/checkouts/swift-markdown/Sources/Markdown/Block\ Nodes/Inline\ Container\ Blocks/Paragraph.swift /Users/runner/work/orbit/orbit/.ewc-probe/.dd-ios/SourcePackages/checkouts/swift-markdown/Sources/Markdown/Block\ Nodes/Leaf\ Blocks/CodeBlock.swift /Users/runner/work/orbit/orbit/.ewc-probe/.dd-ios/SourcePackages/checkouts/swift-markdown/Sources/Markdown/Block\ Nodes/Leaf\ Blocks/HTMLBlock.swift /Users/runner/work/orbit/orbit/.ewc-probe/.dd-ios/SourcePackages/checkouts/swift-markdown/Sources/Markdown/Block\ Nodes/Leaf\ Blocks/Heading.swift (in target 'Markdown' from project 'swift-markdown')

SwiftCompile normal arm64 /Users/runner/work/orbit/orbit/.ewc-probe/.dd-ios/SourcePackages/checkouts/swift-markdown/Sources/Markdown/Base/ChildIndexPath.swift (in target 'Markdown' from project 'swift-markdown')
    cd /Users/runner/work/orbit/orbit/.ewc-probe/EwcProbe.xcodeproj
    

SwiftCompile normal arm64 /Users/runner/work/orbit/orbit/.ewc-probe/.dd-ios/SourcePackages/checkouts/swift-markdown/Sources/Markdown/Base/DirectiveArgument.swift (in target 'Markdown' from project 'swift-markdown')
    cd /Users/runner/work/orbit/orbit/.ewc-probe/EwcProbe.xcodeproj
    

SwiftCompile normal arm64 /Users/runner/work/orbit/orbit/.ewc-probe/.dd-ios/SourcePackages/checkouts/swift-markdown/Sources/Markdown/Base/Document.swift (in target 'Markdown' from project 'swift-markdown')
    cd /Users/runner/work/orbit/orbit/.ewc-probe/EwcProbe.xcodeproj
    

SwiftCompile normal arm64 /Users/runner/work/orbit/orbit/.ewc-probe/.dd-ios/SourcePackages/checkouts/swift-markdown/Sources/Markdown/Base/LiteralMarkup.swift (in target 'Markdown' from project 'swift-markdown')
    cd /Users/runner/work/orbit/orbit/.ewc-probe/EwcProbe.xcodeproj
    

SwiftCompile normal arm64 /Users/runner/work/orbit/orbit/.ewc-probe/.dd-ios/SourcePackages/checkouts/swift-markdown/Sources/Markdown/Base/Markup.swift (in target 'Markdown' from project 'swift-markdown')
    cd /Users/runner/work/orbit/orbit/.ewc-probe/EwcProbe.xcodeproj
    

SwiftCompile normal arm64 /Users/runner/work/orbit/orbit/.ewc-probe/.dd-ios/SourcePackages/checkouts/swift-markdown/Sources/Markdown/Base/MarkupChildren.swift (in target 'Markdown' from project 'swift-markdown')
    cd /Users/runner/work/orbit/orbit/.ewc-probe/EwcProbe.xcodeproj
    

SwiftCompile normal arm64 /Users/runner/work/orbit/orbit/.ewc-probe/.dd-ios/SourcePackages/checkouts/swift-markdown/Sources/Markdown/Base/MarkupData.swift (in target 'Markdown' from project 'swift-markdown')
    cd /Users/runner/work/orbit/orbit/.ewc-probe/EwcProbe.xcodeproj
    

SwiftCompile normal arm64 /Users/runner/work/orbit/orbit/.ewc-probe/.dd-ios/SourcePackages/checkouts/swift-markdown/Sources/Markdown/Base/PlainTextConvertibleMarkup.swift (in target 'Markdown' from project 'swift-markdown')
    cd /Users/runner/work/orbit/orbit/.ewc-probe/EwcProbe.xcodeproj
    

SwiftCompile normal arm64 /Users/runner/work/orbit/orbit/.ewc-probe/.dd-ios/SourcePackages/checkouts/swift-markdown/Sources/Markdown/Base/RawMarkup.swift (in target 'Markdown' from project 'swift-markdown')
    cd /Users/runner/work/orbit/orbit/.ewc-probe/EwcProbe.xcodeproj
    

SwiftCompile normal arm64 /Users/runner/work/orbit/orbit/.ewc-probe/.dd-ios/SourcePackages/checkouts/swift-markdown/Sources/Markdown/Block\ Nodes/Block\ Container\ Blocks/BlockDirective.swift (in target 'Markdown' from project 'swift-markdown')
    cd /Users/runner/work/orbit/orbit/.ewc-probe/EwcProbe.xcodeproj
    

SwiftCompile normal arm64 /Users/runner/work/orbit/orbit/.ewc-probe/.dd-ios/SourcePackages/checkouts/swift-markdown/Sources/Markdown/Block\ Nodes/Block\ Container\ Blocks/BlockQuote.swift (in target 'Markdown' from project 'swift-markdown')
    cd /Users/runner/work/orbit/orbit/.ewc-probe/EwcProbe.xcodeproj
    

SwiftCompile normal arm64 /Users/runner/work/orbit/orbit/.ewc-probe/.dd-ios/SourcePackages/checkouts/swift-markdown/Sources/Markdown/Block\ Nodes/Block\ Container\ Blocks/CustomBlock.swift (in target 'Markdown' from project 'swift-markdown')
    cd /Users/runner/work/orbit/orbit/.ewc-probe/EwcProbe.xcodeproj
    

SwiftCompile normal arm64 /Users/runner/work/orbit/orbit/.ewc-probe/.dd-ios/SourcePackages/checkouts/swift-markdown/Sources/Markdown/Block\ Nodes/Block\ Container\ Blocks/Doxygen\ Commands/DoxygenAbstract.swift (in target 'Markdown' from project 'swift-markdown')
    cd /Users/runner/work/orbit/orbit/.ewc-probe/EwcProbe.xcodeproj
    

SwiftCompile normal arm64 /Users/runner/work/orbit/orbit/.ewc-probe/.dd-ios/SourcePackages/checkouts/swift-markdown/Sources/Markdown/Block\ Nodes/Block\ Container\ Blocks/Doxygen\ Commands/DoxygenDiscussion.swift (in target 'Markdown' from project 'swift-markdown')
    cd /Users/runner/work/orbit/orbit/.ewc-probe/EwcProbe.xcodeproj
    

SwiftCompile normal arm64 /Users/runner/work/orbit/orbit/.ewc-probe/.dd-ios/SourcePackages/checkouts/swift-markdown/Sources/Markdown/Block\ Nodes/Block\ Container\ Blocks/Doxygen\ Commands/DoxygenNote.swift (in target 'Markdown' from project 'swift-markdown')
    cd /Users/runner/work/orbit/orbit/.ewc-probe/EwcProbe.xcodeproj
    

SwiftCompile normal arm64 /Users/runner/work/orbit/orbit/.ewc-probe/.dd-ios/SourcePackages/checkouts/swift-markdown/Sources/Markdown/Block\ Nodes/Block\ Container\ Blocks/Doxygen\ Commands/DoxygenParameter.swift (in target 'Markdown' from project 'swift-markdown')
    cd /Users/runner/work/orbit/orbit/.ewc-probe/EwcProbe.xcodeproj
    

SwiftCompile normal arm64 /Users/runner/work/orbit/orbit/.ewc-probe/.dd-ios/SourcePackages/checkouts/swift-markdown/Sources/Markdown/Block\ Nodes/Block\ Container\ Blocks/Doxygen\ Commands/DoxygenReturns.swift (in target 'Markdown' from project 'swift-markdown')
    cd /Users/runner/work/orbit/orbit/.ewc-probe/EwcProbe.xcodeproj
    

SwiftCompile normal arm64 /Users/runner/work/orbit/orbit/.ewc-probe/.dd-ios/SourcePackages/checkouts/swift-markdown/Sources/Markdown/Block\ Nodes/Block\ Container\ Blocks/ListItem.swift (in target 'Markdown' from project 'swift-markdown')
    cd /Users/runner/work/orbit/orbit/.ewc-probe/EwcProbe.xcodeproj
    

SwiftCompile normal arm64 /Users/runner/work/orbit/orbit/.ewc-probe/.dd-ios/SourcePackages/checkouts/swift-markdown/Sources/Markdown/Block\ Nodes/Block\ Container\ Blocks/OrderedList.swift (in target 'Markdown' from project 'swift-markdown')
    cd /Users/runner/work/orbit/orbit/.ewc-probe/EwcProbe.xcodeproj
    

SwiftCompile normal arm64 /Users/runner/work/orbit/orbit/.ewc-probe/.dd-ios/SourcePackages/checkouts/swift-markdown/Sources/Markdown/Block\ Nodes/Block\ Container\ Blocks/UnorderedList.swift (in target 'Markdown' from project 'swift-markdown')
    cd /Users/runner/work/orbit/orbit/.ewc-probe/EwcProbe.xcodeproj
    

SwiftCompile normal arm64 /Users/runner/work/orbit/orbit/.ewc-probe/.dd-ios/SourcePackages/checkouts/swift-markdown/Sources/Markdown/Block\ Nodes/Inline\ Container\ Blocks/Paragraph.swift (in target 'Markdown' from project 'swift-markdown')
    cd /Users/runner/work/orbit/orbit/.ewc-probe/EwcProbe.xcodeproj
    

SwiftCompile normal arm64 /Users/runner/work/orbit/orbit/.ewc-probe/.dd-ios/SourcePackages/checkouts/swift-markdown/Sources/Markdown/Block\ Nodes/Leaf\ Blocks/CodeBlock.swift (in target 'Markdown' from project 'swift-markdown')
    cd /Users/runner/work/orbit/orbit/.ewc-probe/EwcProbe.xcodeproj
    

SwiftCompile normal arm64 /Users/runner/work/orbit/orbit/.ewc-probe/.dd-ios/SourcePackages/checkouts/swift-markdown/Sources/Markdown/Block\ Nodes/Leaf\ Blocks/HTMLBlock.swift (in target 'Markdown' from project 'swift-markdown')
    cd /Users/runner/work/orbit/orbit/.ewc-probe/EwcProbe.xcodeproj
    

SwiftCompile normal arm64 /Users/runner/work/orbit/orbit/.ewc-probe/.dd-ios/SourcePackages/checkouts/swift-markdown/Sources/Markdown/Block\ Nodes/Leaf\ Blocks/Heading.swift (in target 'Markdown' from project 'swift-markdown')
    cd /Users/runner/work/orbit/orbit/.ewc-probe/EwcProbe.xcodeproj
    

SwiftDriverJobDiscovery normal arm64 Emitting module for Markdown (in target 'Markdown' from project 'swift-markdown')

SwiftDriver\ Compilation\ Requirements Markdown normal arm64 com.apple.xcode.tools.swift.compiler (in target 'Markdown' from project 'swift-markdown')
    cd /Users/runner/work/orbit/orbit/.ewc-probe/EwcProbe.xcodeproj
    builtin-Swift-Compilation-Requirements -- /Applications/Xcode_26.6.app/Contents/Developer/Toolchains/XcodeDefault.xctoolchain/usr/bin/swiftc -module-name Markdown -Onone @/Users/runner/work/orbit/orbit/.ewc-probe/.dd-ios/Build/Intermediates.noindex/swift-markdown.build/Debug-iphonesimulator/Markdown.build/Objects-normal/arm64/Markdown.SwiftFileList -DSWIFT_PACKAGE -DDEBUG -DSWIFT_MODULE_RESOURCE_BUNDLE_UNAVAILABLE -DXcode -plugin-path /Applications/Xcode_26.6.app/Contents/Developer/Toolchains/XcodeDefault.xctoolchain/usr/lib/swift/host/plugins/testing -enable-experimental-feature DebugDescriptionMacro -sdk /Applications/Xcode_26.6.app/Contents/Developer/Platforms/iPhoneSimulator.platform/Developer/SDKs/iPhoneSimulator26.5.sdk -target arm64-apple-ios12.0-simulator -g -module-cache-path /Users/runner/work/orbit/orbit/.ewc-probe/.dd-ios/ModuleCache.noindex -Xfrontend -serialize-debugging-options -enable-testing -suppress-warnings -index-store-path /Users/runner/work/orbit/orbit/.ewc-probe/.dd-ios/Index.noindex/DataStore -Xcc -D_LIBCPP_HARDENING_MODE\=_LIBCPP_HARDENING_MODE_DEBUG -swift-version 5 -I /Users/runner/work/orbit/orbit/.ewc-probe/.dd-ios/Build/Products/Debug-iphonesimulator -Isystem /Applications/Xcode_26.6.app/Contents/Developer/Platforms/iPhoneSimulator.platform/Developer/usr/lib -F /Users/runner/work/orbit/orbit/.ewc-probe/.dd-ios/Build/Products/Debug-iphonesimulator/PackageFrameworks -F /Users/runner/work/orbit/orbit/.ewc-probe/.dd-ios/Build/Products/Debug-iphonesimulator/PackageFrameworks -F /Users/runner/work/orbit/orbit/.ewc-probe/.dd-ios/Build/Products/Debug-iphonesimulator/PackageFrameworks -F /Users/runner/work/orbit/orbit/.ewc-probe/.dd-ios/Build/Products/Debug-iphonesimulator -F /Applications/Xcode_26.6.app/Contents/Developer/Platforms/iPhoneSimulator.platform/Developer/Library/Frameworks -F /Applications/Xcode_26.6.app/Contents/Developer/Platforms/iPhoneSimulator.platform/Developer/SDKs/iPhoneSimulator26.5.sdk/Developer/Library/Frameworks -c -j3 -enable-batch-mode -incremental -Xcc -ivfsstatcache -Xcc /Users/runner/work/orbit/orbit/.ewc-probe/.dd-ios/SDKStatCaches.noindex/iphonesimulator26.5-23F81a-688ef53f1462e2c8f657fdc38a81448ff45c64a1807a658693f2a61704f17a36.sdkstatcache -output-file-map /Users/runner/work/orbit/orbit/.ewc-probe/.dd-ios/Build/Intermediates.noindex/swift-markdown.build/Debug-iphonesimulator/Markdown.build/Objects-normal/arm64/Markdown-OutputFileMap.json -use-frontend-parseable-output -save-temps -no-color-diagnostics -explicit-module-build -module-cache-path /Users/runner/work/orbit/orbit/.ewc-probe/.dd-ios/Build/Intermediates.noindex/SwiftExplicitPrecompiledModules -clang-scanner-module-cache-path /Users/runner/work/orbit/orbit/.ewc-probe/.dd-ios/ModuleCache.noindex -sdk-module-cache-path /Users/runner/work/orbit/orbit/.ewc-probe/.dd-ios/ModuleCache.noindex -serialize-diagnostics -emit-dependencies -emit-module -emit-module-path /Users/runner/work/orbit/orbit/.ewc-probe/.dd-ios/Build/Intermediates.noindex/swift-markdown.build/Debug-iphonesimulator/Markdown.build/Objects-normal/arm64/Markdown.swiftmodule -user-module-version 0.9.0 -validate-clang-modules-once -clang-build-session-file /Users/runner/work/orbit/orbit/.ewc-probe/.dd-ios/ModuleCache.noindex/Session.modulevalidation -package-name swift_markdown -Xcc -I/Users/runner/work/orbit/orbit/.ewc-probe/.dd-ios/Build/Intermediates.noindex/swift-markdown.build/Debug-iphonesimulator/Markdown.build/swift-overrides.hmap -emit-const-values -Xfrontend -const-gather-protocols-file -Xfrontend /Users/runner/work/orbit/orbit/.ewc-probe/.dd-ios/Build/Intermediates.noindex/swift-markdown.build/Debug-iphonesimulator/Markdown.build/Objects-normal/arm64/Markdown_const_extract_protocols.json -Xcc -I/Users/runner/work/orbit/orbit/.ewc-probe/.dd-ios/SourcePackages/checkouts/swift-cmark/src/include -Xcc -I/Users/runner/work/orbit/orbit/.ewc-probe/.dd-ios/SourcePackages/checkouts/swift-cmark/extensions/include -Xcc -I/Users/runner/work/orbit/orbit/.ewc-probe/.dd-ios/SourcePackages/checkouts/swift-markdown/Sources/CAtomic/include -Xcc -I/Users/runner/work/orbit/orbit/.ewc-probe/.dd-ios/Build/Products/Debug-iphonesimulator/include -Xcc -I/Users/runner/work/orbit/orbit/.ewc-probe/.dd-ios/Build/Intermediates.noindex/swift-markdown.build/Debug-iphonesimulator/Markdown.build/DerivedSources-normal/arm64 -Xcc -I/Users/runner/work/orbit/orbit/.ewc-probe/.dd-ios/Build/Intermediates.noindex/swift-markdown.build/Debug-iphonesimulator/Markdown.build/DerivedSources/arm64 -Xcc -I/Users/runner/work/orbit/orbit/.ewc-probe/.dd-ios/Build/Intermediates.noindex/swift-markdown.build/Debug-iphonesimulator/Markdown.build/DerivedSources -Xcc -DSWIFT_PACKAGE -Xcc -DDEBUG\=1 -emit-objc-header -emit-objc-header-path /Users/runner/work/orbit/orbit/.ewc-probe/.dd-ios/Build/Intermediates.noindex/swift-markdown.build/Debug-iphonesimulator/Markdown.build/Objects-normal/arm64/Markdown-Swift.h -working-directory /Users/runner/work/orbit/orbit/.ewc-probe/EwcProbe.xcodeproj -experimental-emit-module-separately -disable-cmo

SwiftDriverJobDiscovery normal arm64 Compiling ThematicBreak.swift, Table.swift, TableBody.swift, TableCell.swift, TableCellContainer.swift, TableHead.swift, TableRow.swift, Replacement.swift, SourceLocation.swift, Emphasis.swift, Image.swift, InlineAttributes.swift, Link.swift, Strikethrough.swift, Strong.swift, CustomInline.swift, InlineCode.swift, InlineHTML.swift, LineBreak.swift, SoftBreak.swift, SymbolLink.swift, Text.swift, Aside.swift (in target 'Markdown' from project 'swift-markdown')

SwiftMergeGeneratedHeaders /Users/runner/work/orbit/orbit/.ewc-probe/.dd-ios/Build/Intermediates.noindex/GeneratedModuleMaps-iphonesimulator/Markdown-Swift.h /Users/runner/work/orbit/orbit/.ewc-probe/.dd-ios/Build/Intermediates.noindex/swift-markdown.build/Debug-iphonesimulator/Markdown.build/Objects-normal/arm64/Markdown-Swift.h (in target 'Markdown' from project 'swift-markdown')
    cd /Users/runner/work/orbit/orbit/.ewc-probe/.dd-ios/SourcePackages/checkouts/swift-markdown
    builtin-swiftHeaderTool -arch arm64 /Users/runner/work/orbit/orbit/.ewc-probe/.dd-ios/Build/Intermediates.noindex/swift-markdown.build/Debug-iphonesimulator/Markdown.build/Objects-normal/arm64/Markdown-Swift.h -o /Users/runner/work/orbit/orbit/.ewc-probe/.dd-ios/Build/Intermediates.noindex/GeneratedModuleMaps-iphonesimulator/Markdown-Swift.h

Copy /Users/runner/work/orbit/orbit/.ewc-probe/.dd-ios/Build/Products/Debug-iphonesimulator/Markdown.swiftmodule/arm64-apple-ios-simulator.swiftmodule /Users/runner/work/orbit/orbit/.ewc-probe/.dd-ios/Build/Intermediates.noindex/swift-markdown.build/Debug-iphonesimulator/Markdown.build/Objects-normal/arm64/Markdown.swiftmodule (in target 'Markdown' from project 'swift-markdown')
    cd /Users/runner/work/orbit/orbit/.ewc-probe/.dd-ios/SourcePackages/checkouts/swift-markdown
    builtin-copy -exclude .DS_Store -exclude CVS -exclude .svn -exclude .git -exclude .hg -resolve-src-symlinks -rename /Users/runner/work/orbit/orbit/.ewc-probe/.dd-ios/Build/Intermediates.noindex/swift-markdown.build/Debug-iphonesimulator/Markdown.build/Objects-normal/arm64/Markdown.swiftmodule /Users/runner/work/orbit/orbit/.ewc-probe/.dd-ios/Build/Products/Debug-iphonesimulator/Markdown.swiftmodule/arm64-apple-ios-simulator.swiftmodule

Copy /Users/runner/work/orbit/orbit/.ewc-probe/.dd-ios/Build/Products/Debug-iphonesimulator/Markdown.swiftmodule/arm64-apple-ios-simulator.swiftdoc /Users/runner/work/orbit/orbit/.ewc-probe/.dd-ios/Build/Intermediates.noindex/swift-markdown.build/Debug-iphonesimulator/Markdown.build/Objects-normal/arm64/Markdown.swiftdoc (in target 'Markdown' from project 'swift-markdown')
    cd /Users/runner/work/orbit/orbit/.ewc-probe/.dd-ios/SourcePackages/checkouts/swift-markdown
    builtin-copy -exclude .DS_Store -exclude CVS -exclude .svn -exclude .git -exclude .hg -resolve-src-symlinks -rename /Users/runner/work/orbit/orbit/.ewc-probe/.dd-ios/Build/Intermediates.noindex/swift-markdown.build/Debug-iphonesimulator/Markdown.build/Objects-normal/arm64/Markdown.swiftdoc /Users/runner/work/orbit/orbit/.ewc-probe/.dd-ios/Build/Products/Debug-iphonesimulator/Markdown.swiftmodule/arm64-apple-ios-simulator.swiftdoc

Copy /Users/runner/work/orbit/orbit/.ewc-probe/.dd-ios/Build/Products/Debug-iphonesimulator/Markdown.swiftmodule/arm64-apple-ios-simulator.abi.json /Users/runner/work/orbit/orbit/.ewc-probe/.dd-ios/Build/Intermediates.noindex/swift-markdown.build/Debug-iphonesimulator/Markdown.build/Objects-normal/arm64/Markdown.abi.json (in target 'Markdown' from project 'swift-markdown')
    cd /Users/runner/work/orbit/orbit/.ewc-probe/.dd-ios/SourcePackages/checkouts/swift-markdown
    builtin-copy -exclude .DS_Store -exclude CVS -exclude .svn -exclude .git -exclude .hg -resolve-src-symlinks -rename /Users/runner/work/orbit/orbit/.ewc-probe/.dd-ios/Build/Intermediates.noindex/swift-markdown.build/Debug-iphonesimulator/Markdown.build/Objects-normal/arm64/Markdown.abi.json /Users/runner/work/orbit/orbit/.ewc-probe/.dd-ios/Build/Products/Debug-iphonesimulator/Markdown.swiftmodule/arm64-apple-ios-simulator.abi.json

Copy /Users/runner/work/orbit/orbit/.ewc-probe/.dd-ios/Build/Products/Debug-iphonesimulator/Markdown.swiftmodule/Project/arm64-apple-ios-simulator.swiftsourceinfo /Users/runner/work/orbit/orbit/.ewc-probe/.dd-ios/Build/Intermediates.noindex/swift-markdown.build/Debug-iphonesimulator/Markdown.build/Objects-normal/arm64/Markdown.swiftsourceinfo (in target 'Markdown' from project 'swift-markdown')
    cd /Users/runner/work/orbit/orbit/.ewc-probe/.dd-ios/SourcePackages/checkouts/swift-markdown
    builtin-copy -exclude .DS_Store -exclude CVS -exclude .svn -exclude .git -exclude .hg -resolve-src-symlinks -rename /Users/runner/work/orbit/orbit/.ewc-probe/.dd-ios/Build/Intermediates.noindex/swift-markdown.build/Debug-iphonesimulator/Markdown.build/Objects-normal/arm64/Markdown.swiftsourceinfo /Users/runner/work/orbit/orbit/.ewc-probe/.dd-ios/Build/Products/Debug-iphonesimulator/Markdown.swiftmodule/Project/arm64-apple-ios-simulator.swiftsourceinfo

SwiftDriver OrbitKit normal arm64 com.apple.xcode.tools.swift.compiler (in target 'OrbitKit' from project 'OrbitKit')
    cd /Users/runner/work/orbit/orbit/.ewc-probe/EwcProbe.xcodeproj
    builtin-SwiftDriver -- /Applications/Xcode_26.6.app/Contents/Developer/Toolchains/XcodeDefault.xctoolchain/usr/bin/swiftc -module-name OrbitKit -Onone @/Users/runner/work/orbit/orbit/.ewc-probe/.dd-ios/Build/Intermediates.noindex/OrbitKit.build/Debug-iphonesimulator/OrbitKit.build/Objects-normal/arm64/OrbitKit.SwiftFileList -DSWIFT_PACKAGE -DDEBUG -DSWIFT_MODULE_RESOURCE_BUNDLE_UNAVAILABLE -DXcode -plugin-path /Applications/Xcode_26.6.app/Contents/Developer/Toolchains/XcodeDefault.xctoolchain/usr/lib/swift/host/plugins/testing -enable-experimental-feature DebugDescriptionMacro -sdk /Applications/Xcode_26.6.app/Contents/Developer/Platforms/iPhoneSimulator.platform/Developer/SDKs/iPhoneSimulator26.5.sdk -target arm64-apple-ios17.0-simulator -g -module-cache-path /Users/runner/work/orbit/orbit/.ewc-probe/.dd-ios/ModuleCache.noindex -Xfrontend -serialize-debugging-options -enable-testing -index-store-path /Users/runner/work/orbit/orbit/.ewc-probe/.dd-ios/Index.noindex/DataStore -Xcc -D_LIBCPP_HARDENING_MODE\=_LIBCPP_HARDENING_MODE_DEBUG -swift-version 5 -I /Users/runner/work/orbit/orbit/.ewc-probe/.dd-ios/Build/Products/Debug-iphonesimulator -Isystem /Applications/Xcode_26.6.app/Contents/Developer/Platforms/iPhoneSimulator.platform/Developer/usr/lib -F /Users/runner/work/orbit/orbit/.ewc-probe/.dd-ios/Build/Products/Debug-iphonesimulator/PackageFrameworks -F /Users/runner/work/orbit/orbit/.ewc-probe/.dd-ios/Build/Products/Debug-iphonesimulator/PackageFrameworks -F /Users/runner/work/orbit/orbit/.ewc-probe/.dd-ios/Build/Products/Debug-iphonesimulator/PackageFrameworks -F /Users/runner/work/orbit/orbit/.ewc-probe/.dd-ios/Build/Products/Debug-iphonesimulator/PackageFrameworks -F /Users/runner/work/orbit/orbit/.ewc-probe/.dd-ios/Build/Products/Debug-iphonesimulator -F /Applications/Xcode_26.6.app/Contents/Developer/Platforms/iPhoneSimulator.platform/Developer/Library/Frameworks -F /Applications/Xcode_26.6.app/Contents/Developer/Platforms/iPhoneSimulator.platform/Developer/SDKs/iPhoneSimulator26.5.sdk/Developer/Library/Frameworks -c -j3 -enable-batch-mode -incremental -Xcc -ivfsstatcache -Xcc /Users/runner/work/orbit/orbit/.ewc-probe/.dd-ios/SDKStatCaches.noindex/iphonesimulator26.5-23F81a-688ef53f1462e2c8f657fdc38a81448ff45c64a1807a658693f2a61704f17a36.sdkstatcache -output-file-map /Users/runner/work/orbit/orbit/.ewc-probe/.dd-ios/Build/Intermediates.noindex/OrbitKit.build/Debug-iphonesimulator/OrbitKit.build/Objects-normal/arm64/OrbitKit-OutputFileMap.json -use-frontend-parseable-output -save-temps -no-color-diagnostics -explicit-module-build -module-cache-path /Users/runner/work/orbit/orbit/.ewc-probe/.dd-ios/Build/Intermediates.noindex/SwiftExplicitPrecompiledModules -clang-scanner-module-cache-path /Users/runner/work/orbit/orbit/.ewc-probe/.dd-ios/ModuleCache.noindex -sdk-module-cache-path /Users/runner/work/orbit/orbit/.ewc-probe/.dd-ios/ModuleCache.noindex -serialize-diagnostics -emit-dependencies -emit-module -emit-module-path /Users/runner/work/orbit/orbit/.ewc-probe/.dd-ios/Build/Intermediates.noindex/OrbitKit.build/Debug-iphonesimulator/OrbitKit.build/Objects-normal/arm64/OrbitKit.swiftmodule -validate-clang-modules-once -clang-build-session-file /Users/runner/work/orbit/orbit/.ewc-probe/.dd-ios/ModuleCache.noindex/Session.modulevalidation -package-name orbitkit -Xcc -I/Users/runner/work/orbit/orbit/.ewc-probe/.dd-ios/Build/Intermediates.noindex/OrbitKit.build/Debug-iphonesimulator/OrbitKit.build/swift-overrides.hmap -emit-const-values -Xfrontend -const-gather-protocols-file -Xfrontend /Users/runner/work/orbit/orbit/.ewc-probe/.dd-ios/Build/Intermediates.noindex/OrbitKit.build/Debug-iphonesimulator/OrbitKit.build/Objects-normal/arm64/OrbitKit_const_extract_protocols.json -Xcc -I/Users/runner/work/orbit/orbit/.ewc-probe/.dd-ios/SourcePackages/checkouts/swift-cmark/src/include -Xcc -I/Users/runner/work/orbit/orbit/.ewc-probe/.dd-ios/SourcePackages/checkouts/swift-cmark/extensions/include -Xcc -I/Users/runner/work/orbit/orbit/.ewc-probe/.dd-ios/SourcePackages/checkouts/swift-markdown/Sources/CAtomic/include -Xcc -I/Users/runner/work/orbit/orbit/.ewc-probe/.dd-ios/Build/Products/Debug-iphonesimulator/include -Xcc -I/Users/runner/work/orbit/orbit/.ewc-probe/.dd-ios/Build/Intermediates.noindex/OrbitKit.build/Debug-iphonesimulator/OrbitKit.build/DerivedSources-normal/arm64 -Xcc -I/Users/runner/work/orbit/orbit/.ewc-probe/.dd-ios/Build/Intermediates.noindex/OrbitKit.build/Debug-iphonesimulator/OrbitKit.build/DerivedSources/arm64 -Xcc -I/Users/runner/work/orbit/orbit/.ewc-probe/.dd-ios/Build/Intermediates.noindex/OrbitKit.build/Debug-iphonesimulator/OrbitKit.build/DerivedSources -Xcc -DSWIFT_PACKAGE -Xcc -DDEBUG\=1 -emit-objc-header -emit-objc-header-path /Users/runner/work/orbit/orbit/.ewc-probe/.dd-ios/Build/Intermediates.noindex/OrbitKit.build/Debug-iphonesimulator/OrbitKit.build/Objects-normal/arm64/OrbitKit-Swift.h -working-directory /Users/runner/work/orbit/orbit/.ewc-probe/EwcProbe.xcodeproj -experimental-emit-module-separately -disable-cmo

SwiftDriverJobDiscovery normal arm64 Compiling ChildIndexPath.swift, DirectiveArgument.swift, Document.swift, LiteralMarkup.swift, Markup.swift, MarkupChildren.swift, MarkupData.swift, PlainTextConvertibleMarkup.swift, RawMarkup.swift, BlockDirective.swift, BlockQuote.swift, CustomBlock.swift, DoxygenAbstract.swift, DoxygenDiscussion.swift, DoxygenNote.swift, DoxygenParameter.swift, DoxygenReturns.swift, ListItem.swift, OrderedList.swift, UnorderedList.swift, Paragraph.swift, CodeBlock.swift, HTMLBlock.swift, Heading.swift (in target 'Markdown' from project 'swift-markdown')

SwiftDriverJobDiscovery normal arm64 Compiling BlockDirectiveParser.swift, CommonMarkConverter.swift, LazySplitLines.swift, ParseOptions.swift, RangeAdjuster.swift, RangerTracker.swift, MarkupRewriter.swift, BasicBlockContainer.swift, BasicInlineContainer.swift, BlockContainer.swift, BlockMarkup.swift, InlineContainer.swift, InlineMarkup.swift, ListItemContainer.swift, AtomicCounter.swift, CharacterExtensions.swift, CollectionExtensions.swift, StringExtensions.swift, MarkupVisitor.swift, MarkupWalker.swift, HTMLFormatter.swift, MarkupFormatter.swift, MarkupTreeDumper.swift (in target 'Markdown' from project 'swift-markdown')

SwiftDriver\ Compilation Markdown normal arm64 com.apple.xcode.tools.swift.compiler (in target 'Markdown' from project 'swift-markdown')
    cd /Users/runner/work/orbit/orbit/.ewc-probe/EwcProbe.xcodeproj
    builtin-Swift-Compilation -- /Applications/Xcode_26.6.app/Contents/Developer/Toolchains/XcodeDefault.xctoolchain/usr/bin/swiftc -module-name Markdown -Onone @/Users/runner/work/orbit/orbit/.ewc-probe/.dd-ios/Build/Intermediates.noindex/swift-markdown.build/Debug-iphonesimulator/Markdown.build/Objects-normal/arm64/Markdown.SwiftFileList -DSWIFT_PACKAGE -DDEBUG -DSWIFT_MODULE_RESOURCE_BUNDLE_UNAVAILABLE -DXcode -plugin-path /Applications/Xcode_26.6.app/Contents/Developer/Toolchains/XcodeDefault.xctoolchain/usr/lib/swift/host/plugins/testing -enable-experimental-feature DebugDescriptionMacro -sdk /Applications/Xcode_26.6.app/Contents/Developer/Platforms/iPhoneSimulator.platform/Developer/SDKs/iPhoneSimulator26.5.sdk -target arm64-apple-ios12.0-simulator -g -module-cache-path /Users/runner/work/orbit/orbit/.ewc-probe/.dd-ios/ModuleCache.noindex -Xfrontend -serialize-debugging-options -enable-testing -suppress-warnings -index-store-path /Users/runner/work/orbit/orbit/.ewc-probe/.dd-ios/Index.noindex/DataStore -Xcc -D_LIBCPP_HARDENING_MODE\=_LIBCPP_HARDENING_MODE_DEBUG -swift-version 5 -I /Users/runner/work/orbit/orbit/.ewc-probe/.dd-ios/Build/Products/Debug-iphonesimulator -Isystem /Applications/Xcode_26.6.app/Contents/Developer/Platforms/iPhoneSimulator.platform/Developer/usr/lib -F /Users/runner/work/orbit/orbit/.ewc-probe/.dd-ios/Build/Products/Debug-iphonesimulator/PackageFrameworks -F /Users/runner/work/orbit/orbit/.ewc-probe/.dd-ios/Build/Products/Debug-iphonesimulator/PackageFrameworks -F /Users/runner/work/orbit/orbit/.ewc-probe/.dd-ios/Build/Products/Debug-iphonesimulator/PackageFrameworks -F /Users/runner/work/orbit/orbit/.ewc-probe/.dd-ios/Build/Products/Debug-iphonesimulator -F /Applications/Xcode_26.6.app/Contents/Developer/Platforms/iPhoneSimulator.platform/Developer/Library/Frameworks -F /Applications/Xcode_26.6.app/Contents/Developer/Platforms/iPhoneSimulator.platform/Developer/SDKs/iPhoneSimulator26.5.sdk/Developer/Library/Frameworks -c -j3 -enable-batch-mode -incremental -Xcc -ivfsstatcache -Xcc /Users/runner/work/orbit/orbit/.ewc-probe/.dd-ios/SDKStatCaches.noindex/iphonesimulator26.5-23F81a-688ef53f1462e2c8f657fdc38a81448ff45c64a1807a658693f2a61704f17a36.sdkstatcache -output-file-map /Users/runner/work/orbit/orbit/.ewc-probe/.dd-ios/Build/Intermediates.noindex/swift-markdown.build/Debug-iphonesimulator/Markdown.build/Objects-normal/arm64/Markdown-OutputFileMap.json -use-frontend-parseable-output -save-temps -no-color-diagnostics -explicit-module-build -module-cache-path /Users/runner/work/orbit/orbit/.ewc-probe/.dd-ios/Build/Intermediates.noindex/SwiftExplicitPrecompiledModules -clang-scanner-module-cache-path /Users/runner/work/orbit/orbit/.ewc-probe/.dd-ios/ModuleCache.noindex -sdk-module-cache-path /Users/runner/work/orbit/orbit/.ewc-probe/.dd-ios/ModuleCache.noindex -serialize-diagnostics -emit-dependencies -emit-module -emit-module-path /Users/runner/work/orbit/orbit/.ewc-probe/.dd-ios/Build/Intermediates.noindex/swift-markdown.build/Debug-iphonesimulator/Markdown.build/Objects-normal/arm64/Markdown.swiftmodule -user-module-version 0.9.0 -validate-clang-modules-once -clang-build-session-file /Users/runner/work/orbit/orbit/.ewc-probe/.dd-ios/ModuleCache.noindex/Session.modulevalidation -package-name swift_markdown -Xcc -I/Users/runner/work/orbit/orbit/.ewc-probe/.dd-ios/Build/Intermediates.noindex/swift-markdown.build/Debug-iphonesimulator/Markdown.build/swift-overrides.hmap -emit-const-values -Xfrontend -const-gather-protocols-file -Xfrontend /Users/runner/work/orbit/orbit/.ewc-probe/.dd-ios/Build/Intermediates.noindex/swift-markdown.build/Debug-iphonesimulator/Markdown.build/Objects-normal/arm64/Markdown_const_extract_protocols.json -Xcc -I/Users/runner/work/orbit/orbit/.ewc-probe/.dd-ios/SourcePackages/checkouts/swift-cmark/src/include -Xcc -I/Users/runner/work/orbit/orbit/.ewc-probe/.dd-ios/SourcePackages/checkouts/swift-cmark/extensions/include -Xcc -I/Users/runner/work/orbit/orbit/.ewc-probe/.dd-ios/SourcePackages/checkouts/swift-markdown/Sources/CAtomic/include -Xcc -I/Users/runner/work/orbit/orbit/.ewc-probe/.dd-ios/Build/Products/Debug-iphonesimulator/include -Xcc -I/Users/runner/work/orbit/orbit/.ewc-probe/.dd-ios/Build/Intermediates.noindex/swift-markdown.build/Debug-iphonesimulator/Markdown.build/DerivedSources-normal/arm64 -Xcc -I/Users/runner/work/orbit/orbit/.ewc-probe/.dd-ios/Build/Intermediates.noindex/swift-markdown.build/Debug-iphonesimulator/Markdown.build/DerivedSources/arm64 -Xcc -I/Users/runner/work/orbit/orbit/.ewc-probe/.dd-ios/Build/Intermediates.noindex/swift-markdown.build/Debug-iphonesimulator/Markdown.build/DerivedSources -Xcc -DSWIFT_PACKAGE -Xcc -DDEBUG\=1 -emit-objc-header -emit-objc-header-path /Users/runner/work/orbit/orbit/.ewc-probe/.dd-ios/Build/Intermediates.noindex/swift-markdown.build/Debug-iphonesimulator/Markdown.build/Objects-normal/arm64/Markdown-Swift.h -working-directory /Users/runner/work/orbit/orbit/.ewc-probe/EwcProbe.xcodeproj -experimental-emit-module-separately -disable-cmo

Ld /Users/runner/work/orbit/orbit/.ewc-probe/.dd-ios/Build/Products/Debug-iphonesimulator/Markdown.o normal (in target 'Markdown' from project 'swift-markdown')
    cd /Users/runner/work/orbit/orbit/.ewc-probe/.dd-ios/SourcePackages/checkouts/swift-markdown
    /Applications/Xcode_26.6.app/Contents/Developer/Toolchains/XcodeDefault.xctoolchain/usr/bin/clang -Xlinker -reproducible -target arm64-apple-ios12.0-simulator -r -isysroot /Applications/Xcode_26.6.app/Contents/Developer/Platforms/iPhoneSimulator.platform/Developer/SDKs/iPhoneSimulator26.5.sdk -O0 -w -F/Users/runner/work/orbit/orbit/.ewc-probe/.dd-ios/Build/Intermediates.noindex/EagerLinkingTBDs/Debug-iphonesimulator -F/Users/runner/work/orbit/orbit/.ewc-probe/.dd-ios/Build/Products/Debug-iphonesimulator/PackageFrameworks -F/Users/runner/work/orbit/orbit/.ewc-probe/.dd-ios/Build/Products/Debug-iphonesimulator/PackageFrameworks -F/Users/runner/work/orbit/orbit/.ewc-probe/.dd-ios/Build/Products/Debug-iphonesimulator/PackageFrameworks -F/Users/runner/work/orbit/orbit/.ewc-probe/.dd-ios/Build/Products/Debug-iphonesimulator -iframework /Applications/Xcode_26.6.app/Contents/Developer/Platforms/iPhoneSimulator.platform/Developer/Library/Frameworks -iframework /Applications/Xcode_26.6.app/Contents/Developer/Platforms/iPhoneSimulator.platform/Developer/SDKs/iPhoneSimulator26.5.sdk/Developer/Library/Frameworks -filelist /Users/runner/work/orbit/orbit/.ewc-probe/.dd-ios/Build/Intermediates.noindex/swift-markdown.build/Debug-iphonesimulator/Markdown.build/Objects-normal/arm64/Markdown.LinkFileList -nostdlib -Xlinker -object_path_lto -Xlinker /Users/runner/work/orbit/orbit/.ewc-probe/.dd-ios/Build/Intermediates.noindex/swift-markdown.build/Debug-iphonesimulator/Markdown.build/Objects-normal/arm64/Markdown_lto.o -Xlinker -no_deduplicate -Xlinker -objc_abi_version -Xlinker 2 -Xlinker -dependency_info -Xlinker /Users/runner/work/orbit/orbit/.ewc-probe/.dd-ios/Build/Intermediates.noindex/swift-markdown.build/Debug-iphonesimulator/Markdown.build/Objects-normal/arm64/Markdown_dependency_info.dat -fobjc-link-runtime -L/Applications/Xcode_26.6.app/Contents/Developer/Toolchains/XcodeDefault.xctoolchain/usr/lib/swift/iphonesimulator -L/usr/lib/swift -Xlinker -add_ast_path -Xlinker /Users/runner/work/orbit/orbit/.ewc-probe/.dd-ios/Build/Intermediates.noindex/swift-markdown.build/Debug-iphonesimulator/Markdown.build/Objects-normal/arm64/Markdown.swiftmodule @/Users/runner/work/orbit/orbit/.ewc-probe/.dd-ios/Build/Intermediates.noindex/swift-markdown.build/Debug-iphonesimulator/Markdown.build/Objects-normal/arm64/Markdown-linker-args.resp -o /Users/runner/work/orbit/orbit/.ewc-probe/.dd-ios/Build/Products/Debug-iphonesimulator/Markdown.o

ExtractAppIntentsMetadata (in target 'Markdown' from project 'swift-markdown')
    cd /Users/runner/work/orbit/orbit/.ewc-probe/.dd-ios/SourcePackages/checkouts/swift-markdown
    /Applications/Xcode_26.6.app/Contents/Developer/Toolchains/XcodeDefault.xctoolchain/usr/bin/appintentsmetadataprocessor --toolchain-dir /var/run/com.apple.security.cryptexd/mnt/com.apple.MobileAsset.MetalToolchain-v17.6.109.0.PEdrhZ/Metal.xctoolchain --module-name Markdown --sdk-root /Applications/Xcode_26.6.app/Contents/Developer/Platforms/iPhoneSimulator.platform/Developer/SDKs/iPhoneSimulator26.5.sdk --xcode-version 17F113 --platform-family iOS --deployment-target 12.0 --bundle-identifier swift-markdown.Markdown --output /Users/runner/work/orbit/orbit/.ewc-probe/.dd-ios/Build/Products/Debug-iphonesimulator/Markdown.appintents --target-triple arm64-apple-ios12.0-simulator --binary-file /Users/runner/work/orbit/orbit/.ewc-probe/.dd-ios/Build/Products/Debug-iphonesimulator/Markdown.o --dependency-file /Users/runner/work/orbit/orbit/.ewc-probe/.dd-ios/Build/Intermediates.noindex/swift-markdown.build/Debug-iphonesimulator/Markdown.build/Objects-normal/arm64/Markdown_dependency_info.dat --stringsdata-file /Users/runner/work/orbit/orbit/.ewc-probe/.dd-ios/Build/Intermediates.noindex/swift-markdown.build/Debug-iphonesimulator/Markdown.build/Objects-normal/arm64/ExtractedAppShortcutsMetadata.stringsdata --source-file-list /Users/runner/work/orbit/orbit/.ewc-probe/.dd-ios/Build/Intermediates.noindex/swift-markdown.build/Debug-iphonesimulator/Markdown.build/Objects-normal/arm64/Markdown.SwiftFileList --metadata-file-list /Users/runner/work/orbit/orbit/.ewc-probe/.dd-ios/Build/Intermediates.noindex/swift-markdown.build/Debug-iphonesimulator/Markdown.build/Markdown.DependencyMetadataFileList --static-metadata-file-list /Users/runner/work/orbit/orbit/.ewc-probe/.dd-ios/Build/Intermediates.noindex/swift-markdown.build/Debug-iphonesimulator/Markdown.build/Markdown.DependencyStaticMetadataFileList --swift-const-vals-list /Users/runner/work/orbit/orbit/.ewc-probe/.dd-ios/Build/Intermediates.noindex/swift-markdown.build/Debug-iphonesimulator/Markdown.build/Objects-normal/arm64/Markdown.SwiftConstValuesFileList --force --compile-time-extraction --deployment-aware-processing --validate-assistant-intents --no-app-shortcuts-localization
2026-10-09 21:45:38.773 appintentsmetadataprocessor[8085:30235] Starting appintentsmetadataprocessor export
2026-10-09 21:45:38.896 appintentsmetadataprocessor[8085:30235] Extracted no relevant App Intents symbols, skipping writing output

CodeSign /Users/runner/work/orbit/orbit/.ewc-probe/.dd-ios/Build/Products/Debug-iphonesimulator/Markdown.o (in target 'Markdown' from project 'swift-markdown')
    cd /Users/runner/work/orbit/orbit/.ewc-probe/.dd-ios/SourcePackages/checkouts/swift-markdown
    
    Signing Identity:     "Sign to Run Locally"
    
    /usr/bin/codesign --force --sign - --timestamp\=none --generate-entitlement-der /Users/runner/work/orbit/orbit/.ewc-probe/.dd-ios/Build/Products/Debug-iphonesimulator/Markdown.o

RegisterExecutionPolicyException /Users/runner/work/orbit/orbit/.ewc-probe/.dd-ios/Build/Products/Debug-iphonesimulator/Markdown.o (in target 'Markdown' from project 'swift-markdown')
    cd /Users/runner/work/orbit/orbit/.ewc-probe/.dd-ios/SourcePackages/checkouts/swift-markdown
    builtin-RegisterExecutionPolicyException /Users/runner/work/orbit/orbit/.ewc-probe/.dd-ios/Build/Products/Debug-iphonesimulator/Markdown.o

SwiftExplicitDependencyGeneratePcm arm64 /Users/runner/work/orbit/orbit/.ewc-probe/.dd-ios/ModuleCache.noindex/IOSurface-DBA1SH6R4Q5B1PASU7BH18GWG.pcm

SwiftExplicitDependencyGeneratePcm arm64 /Users/runner/work/orbit/orbit/.ewc-probe/.dd-ios/ModuleCache.noindex/_Builtin_tgmath-EDZHOU32UMUGI29BBZARHIN7U.pcm

SwiftExplicitDependencyGeneratePcm arm64 /Users/runner/work/orbit/orbit/.ewc-probe/.dd-ios/ModuleCache.noindex/Symbols-12AKA362N6E25OA51N9HQO33A.pcm

SwiftExplicitDependencyGeneratePcm arm64 /Users/runner/work/orbit/orbit/.ewc-probe/.dd-ios/ModuleCache.noindex/_Builtin_intrinsics-6O9PC7UTG50NBQ570AUHCU6UQ.pcm

SwiftExplicitDependencyGeneratePcm arm64 /Users/runner/work/orbit/orbit/.ewc-probe/.dd-ios/ModuleCache.noindex/UserNotifications-DULWV8CGHQO3QILU2METFITL1.pcm

SwiftExplicitDependencyGeneratePcm arm64 /Users/runner/work/orbit/orbit/.ewc-probe/.dd-ios/ModuleCache.noindex/UniformTypeIdentifiers-E0S29115NM9I06QVXSCYY1PC.pcm

SwiftExplicitDependencyGeneratePcm arm64 /Users/runner/work/orbit/orbit/.ewc-probe/.dd-ios/ModuleCache.noindex/DataDetection-2EZUIWENJP4NXFBMZEZIPZV8G.pcm

SwiftExplicitDependencyGeneratePcm arm64 /Users/runner/work/orbit/orbit/.ewc-probe/.dd-ios/ModuleCache.noindex/UIUtilities-JTK6LKJ6ISW6JJUWFOR1VP6T.pcm

SwiftExplicitDependencyGeneratePcm arm64 /Users/runner/work/orbit/orbit/.ewc-probe/.dd-ios/ModuleCache.noindex/CoreTransferable-4KDZP71VNSJKJJFL0L5Z5X94F.pcm

SwiftExplicitDependencyGeneratePcm arm64 /Users/runner/work/orbit/orbit/.ewc-probe/.dd-ios/ModuleCache.noindex/Metal-36T0423UAUM8QD0APSD134RIK.pcm

SwiftExplicitDependencyGeneratePcm arm64 /Users/runner/work/orbit/orbit/.ewc-probe/.dd-ios/ModuleCache.noindex/MachO-46ERTW0O0XF5RZGGAQE5JNHAM.pcm

SwiftExplicitDependencyGeneratePcm arm64 /Users/runner/work/orbit/orbit/.ewc-probe/.dd-ios/ModuleCache.noindex/_Builtin_stdatomic-4DOL9Z4RWXFJSLHISHKRNUC1H.pcm

SwiftExplicitDependencyGeneratePcm arm64 /Users/runner/work/orbit/orbit/.ewc-probe/.dd-ios/ModuleCache.noindex/OpenGLES-4Z7IL5FVHI0O05RMSWYASH96V.pcm

SwiftExplicitDependencyGeneratePcm arm64 /Users/runner/work/orbit/orbit/.ewc-probe/.dd-ios/ModuleCache.noindex/LocalAuthentication-OHZCV8WZHI314N1VQA5D87PX.pcm

SwiftExplicitDependencyGeneratePcm arm64 /Users/runner/work/orbit/orbit/.ewc-probe/.dd-ios/ModuleCache.noindex/os-4SME4AXX69E6C0YQ2C0IWE55K.pcm

SwiftExplicitDependencyGeneratePcm arm64 /Users/runner/work/orbit/orbit/.ewc-probe/.dd-ios/ModuleCache.noindex/CoreGraphics-6NXTPSP77C665GOFKDZHE0Q5S.pcm

SwiftExplicitDependencyGeneratePcm arm64 /Users/runner/work/orbit/orbit/.ewc-probe/.dd-ios/ModuleCache.noindex/simd-AYG3W553UYBLW1JRGVGCFPZWM.pcm

SwiftExplicitDependencyGeneratePcm arm64 /Users/runner/work/orbit/orbit/.ewc-probe/.dd-ios/ModuleCache.noindex/DeveloperToolsSupport-5N2G54BHLYWW753K1BDNYSSFD.pcm

SwiftExplicitDependencyGeneratePcm arm64 /Users/runner/work/orbit/orbit/.ewc-probe/.dd-ios/ModuleCache.noindex/OSLog-F66FI7ODIVZI3A6VRQW52AYC.pcm

SwiftExplicitDependencyGeneratePcm arm64 /Users/runner/work/orbit/orbit/.ewc-probe/.dd-ios/ModuleCache.noindex/FileProvider-5EZ8F4U2MYIH5E5S2XK1TYUXW.pcm

SwiftExplicitDependencyGeneratePcm arm64 /Users/runner/work/orbit/orbit/.ewc-probe/.dd-ios/ModuleCache.noindex/ImageIO-4UGOIVYVSC9KDC75UQ9H8N49M.pcm

SwiftExplicitDependencyGeneratePcm arm64 /Users/runner/work/orbit/orbit/.ewc-probe/.dd-ios/ModuleCache.noindex/Accessibility-4D2XF6F1GFOISF28V38RKRJXY.pcm

SwiftExplicitDependencyGeneratePcm arm64 /Users/runner/work/orbit/orbit/.ewc-probe/.dd-ios/ModuleCache.noindex/CoreText-8HYXDJX4OBKVDNUFRZG8BTYEL.pcm

SwiftExplicitDependencyGeneratePcm arm64 /Users/runner/work/orbit/orbit/.ewc-probe/.dd-ios/ModuleCache.noindex/CoreVideo-4FPBLGW30B02ZQCHS7L1PCWLR.pcm

SwiftExplicitDependencyGeneratePcm arm64 /Users/runner/work/orbit/orbit/.ewc-probe/.dd-ios/ModuleCache.noindex/QuartzCore-7NUEEBMURUTYKJ3FB6I6END0C.pcm

SwiftExplicitDependencyGeneratePcm arm64 /Users/runner/work/orbit/orbit/.ewc-probe/.dd-ios/ModuleCache.noindex/CoreImage-1CQBHC3ODD1MK7YLXD38F9KSS.pcm

SwiftExplicitDependencyGeneratePcm arm64 /Users/runner/work/orbit/orbit/.ewc-probe/.dd-ios/ModuleCache.noindex/Spatial-315U8FGQCVVUECQOV5UXD4DYF.pcm

SwiftExplicitDependencyGeneratePcm arm64 /Users/runner/work/orbit/orbit/.ewc-probe/.dd-ios/ModuleCache.noindex/SwiftUICore-76PVRACX1CKZYPGHVW5V5EO1Z.pcm

SwiftExplicitDependencyGeneratePcm arm64 /Users/runner/work/orbit/orbit/.ewc-probe/.dd-ios/ModuleCache.noindex/UIKit-DZB6WMDK85QIP1QE4DBWMJJO9.pcm

SwiftExplicitDependencyGeneratePcm arm64 /Users/runner/work/orbit/orbit/.ewc-probe/.dd-ios/ModuleCache.noindex/AuthenticationServices-DETMV5FASZ99Q47UW8F8N749P.pcm

SwiftEmitModule normal arm64 Emitting\ module\ for\ OrbitKit (in target 'OrbitKit' from project 'OrbitKit')

EmitSwiftModule normal arm64 (in target 'OrbitKit' from project 'OrbitKit')
    cd /Users/runner/work/orbit/orbit/.ewc-probe/EwcProbe.xcodeproj
    

SwiftCompile normal arm64 Compiling\ WatchWake.swift,\ WhoCanUseIt.swift,\ WikiArticleLogic.swift,\ WikiDocLogic.swift,\ WikiHealthLogic.swift,\ WikiLogic.swift,\ WikiModeLogic.swift,\ WikiPlanLogic.swift,\ WikiRunsLogic.swift,\ WikiSpaceLogic.swift,\ WorkspaceActivity.swift,\ WorktreeBarLogic.swift,\ WorktreeFileFailure.swift,\ GoogleSignIn.swift,\ TokenStore.swift,\ AccessTokens.swift,\ Admin.swift,\ Agents.swift,\ CodexLogin.swift,\ ControlEvent.swift,\ DTOs.swift,\ Enums.swift,\ FieldUpdate.swift,\ JSONValue.swift /Users/runner/work/orbit/orbit/src/macos/OrbitKit/Sources/OrbitKit/App/WatchWake.swift /Users/runner/work/orbit/orbit/src/macos/OrbitKit/Sources/OrbitKit/App/WhoCanUseIt.swift /Users/runner/work/orbit/orbit/src/macos/OrbitKit/Sources/OrbitKit/App/WikiArticleLogic.swift /Users/runner/work/orbit/orbit/src/macos/OrbitKit/Sources/OrbitKit/App/WikiDocLogic.swift /Users/runner/work/orbit/orbit/src/macos/OrbitKit/Sources/OrbitKit/App/WikiHealthLogic.swift /Users/runner/work/orbit/orbit/src/macos/OrbitKit/Sources/OrbitKit/App/WikiLogic.swift /Users/runner/work/orbit/orbit/src/macos/OrbitKit/Sources/OrbitKit/App/WikiModeLogic.swift /Users/runner/work/orbit/orbit/src/macos/OrbitKit/Sources/OrbitKit/App/WikiPlanLogic.swift /Users/runner/work/orbit/orbit/src/macos/OrbitKit/Sources/OrbitKit/App/WikiRunsLogic.swift /Users/runner/work/orbit/orbit/src/macos/OrbitKit/Sources/OrbitKit/App/WikiSpaceLogic.swift /Users/runner/work/orbit/orbit/src/macos/OrbitKit/Sources/OrbitKit/App/WorkspaceActivity.swift /Users/runner/work/orbit/orbit/src/macos/OrbitKit/Sources/OrbitKit/App/WorktreeBarLogic.swift /Users/runner/work/orbit/orbit/src/macos/OrbitKit/Sources/OrbitKit/App/WorktreeFileFailure.swift /Users/runner/work/orbit/orbit/src/macos/OrbitKit/Sources/OrbitKit/Auth/GoogleSignIn.swift /Users/runner/work/orbit/orbit/src/macos/OrbitKit/Sources/OrbitKit/Auth/TokenStore.swift /Users/runner/work/orbit/orbit/src/macos/OrbitKit/Sources/OrbitKit/Models/AccessTokens.swift /Users/runner/work/orbit/orbit/src/macos/OrbitKit/Sources/OrbitKit/Models/Admin.swift /Users/runner/work/orbit/orbit/src/macos/OrbitKit/Sources/OrbitKit/Models/Agents.swift /Users/runner/work/orbit/orbit/src/macos/OrbitKit/Sources/OrbitKit/Models/CodexLogin.swift /Users/runner/work/orbit/orbit/src/macos/OrbitKit/Sources/OrbitKit/Models/ControlEvent.swift /Users/runner/work/orbit/orbit/src/macos/OrbitKit/Sources/OrbitKit/Models/DTOs.swift /Users/runner/work/orbit/orbit/src/macos/OrbitKit/Sources/OrbitKit/Models/Enums.swift /Users/runner/work/orbit/orbit/src/macos/OrbitKit/Sources/OrbitKit/Models/FieldUpdate.swift /Users/runner/work/orbit/orbit/src/macos/OrbitKit/Sources/OrbitKit/Models/JSONValue.swift (in target 'OrbitKit' from project 'OrbitKit')
SwiftCompile normal arm64 /Users/runner/work/orbit/orbit/src/macos/OrbitKit/Sources/OrbitKit/App/WatchWake.swift (in target 'OrbitKit' from project 'OrbitKit')
    cd /Users/runner/work/orbit/orbit/.ewc-probe/EwcProbe.xcodeproj
    

SwiftCompile normal arm64 /Users/runner/work/orbit/orbit/src/macos/OrbitKit/Sources/OrbitKit/App/WhoCanUseIt.swift (in target 'OrbitKit' from project 'OrbitKit')
    cd /Users/runner/work/orbit/orbit/.ewc-probe/EwcProbe.xcodeproj
    

SwiftCompile normal arm64 /Users/runner/work/orbit/orbit/src/macos/OrbitKit/Sources/OrbitKit/App/WikiArticleLogic.swift (in target 'OrbitKit' from project 'OrbitKit')
    cd /Users/runner/work/orbit/orbit/.ewc-probe/EwcProbe.xcodeproj
    

SwiftCompile normal arm64 /Users/runner/work/orbit/orbit/src/macos/OrbitKit/Sources/OrbitKit/App/WikiDocLogic.swift (in target 'OrbitKit' from project 'OrbitKit')
    cd /Users/runner/work/orbit/orbit/.ewc-probe/EwcProbe.xcodeproj
    

SwiftCompile normal arm64 /Users/runner/work/orbit/orbit/src/macos/OrbitKit/Sources/OrbitKit/App/WikiHealthLogic.swift (in target 'OrbitKit' from project 'OrbitKit')
    cd /Users/runner/work/orbit/orbit/.ewc-probe/EwcProbe.xcodeproj
    

SwiftCompile normal arm64 /Users/runner/work/orbit/orbit/src/macos/OrbitKit/Sources/OrbitKit/App/WikiLogic.swift (in target 'OrbitKit' from project 'OrbitKit')
    cd /Users/runner/work/orbit/orbit/.ewc-probe/EwcProbe.xcodeproj
    

SwiftCompile normal arm64 /Users/runner/work/orbit/orbit/src/macos/OrbitKit/Sources/OrbitKit/App/WikiModeLogic.swift (in target 'OrbitKit' from project 'OrbitKit')
    cd /Users/runner/work/orbit/orbit/.ewc-probe/EwcProbe.xcodeproj
    

SwiftCompile normal arm64 /Users/runner/work/orbit/orbit/src/macos/OrbitKit/Sources/OrbitKit/App/WikiPlanLogic.swift (in target 'OrbitKit' from project 'OrbitKit')
    cd /Users/runner/work/orbit/orbit/.ewc-probe/EwcProbe.xcodeproj
    

SwiftCompile normal arm64 /Users/runner/work/orbit/orbit/src/macos/OrbitKit/Sources/OrbitKit/App/WikiRunsLogic.swift (in target 'OrbitKit' from project 'OrbitKit')
    cd /Users/runner/work/orbit/orbit/.ewc-probe/EwcProbe.xcodeproj
    

SwiftCompile normal arm64 /Users/runner/work/orbit/orbit/src/macos/OrbitKit/Sources/OrbitKit/App/WikiSpaceLogic.swift (in target 'OrbitKit' from project 'OrbitKit')
    cd /Users/runner/work/orbit/orbit/.ewc-probe/EwcProbe.xcodeproj
    

SwiftCompile normal arm64 /Users/runner/work/orbit/orbit/src/macos/OrbitKit/Sources/OrbitKit/App/WorkspaceActivity.swift (in target 'OrbitKit' from project 'OrbitKit')
    cd /Users/runner/work/orbit/orbit/.ewc-probe/EwcProbe.xcodeproj
    

SwiftCompile normal arm64 /Users/runner/work/orbit/orbit/src/macos/OrbitKit/Sources/OrbitKit/App/WorktreeBarLogic.swift (in target 'OrbitKit' from project 'OrbitKit')
    cd /Users/runner/work/orbit/orbit/.ewc-probe/EwcProbe.xcodeproj
    

SwiftCompile normal arm64 /Users/runner/work/orbit/orbit/src/macos/OrbitKit/Sources/OrbitKit/App/WorktreeFileFailure.swift (in target 'OrbitKit' from project 'OrbitKit')
    cd /Users/runner/work/orbit/orbit/.ewc-probe/EwcProbe.xcodeproj
    

SwiftCompile normal arm64 /Users/runner/work/orbit/orbit/src/macos/OrbitKit/Sources/OrbitKit/Auth/GoogleSignIn.swift (in target 'OrbitKit' from project 'OrbitKit')
    cd /Users/runner/work/orbit/orbit/.ewc-probe/EwcProbe.xcodeproj
    

SwiftCompile normal arm64 /Users/runner/work/orbit/orbit/src/macos/OrbitKit/Sources/OrbitKit/Auth/TokenStore.swift (in target 'OrbitKit' from project 'OrbitKit')
    cd /Users/runner/work/orbit/orbit/.ewc-probe/EwcProbe.xcodeproj
    

SwiftCompile normal arm64 /Users/runner/work/orbit/orbit/src/macos/OrbitKit/Sources/OrbitKit/Models/AccessTokens.swift (in target 'OrbitKit' from project 'OrbitKit')
    cd /Users/runner/work/orbit/orbit/.ewc-probe/EwcProbe.xcodeproj
    

SwiftCompile normal arm64 /Users/runner/work/orbit/orbit/src/macos/OrbitKit/Sources/OrbitKit/Models/Admin.swift (in target 'OrbitKit' from project 'OrbitKit')
    cd /Users/runner/work/orbit/orbit/.ewc-probe/EwcProbe.xcodeproj
    

SwiftCompile normal arm64 /Users/runner/work/orbit/orbit/src/macos/OrbitKit/Sources/OrbitKit/Models/Agents.swift (in target 'OrbitKit' from project 'OrbitKit')
    cd /Users/runner/work/orbit/orbit/.ewc-probe/EwcProbe.xcodeproj
    

SwiftCompile normal arm64 /Users/runner/work/orbit/orbit/src/macos/OrbitKit/Sources/OrbitKit/Models/CodexLogin.swift (in target 'OrbitKit' from project 'OrbitKit')
    cd /Users/runner/work/orbit/orbit/.ewc-probe/EwcProbe.xcodeproj
    

SwiftCompile normal arm64 /Users/runner/work/orbit/orbit/src/macos/OrbitKit/Sources/OrbitKit/Models/ControlEvent.swift (in target 'OrbitKit' from project 'OrbitKit')
    cd /Users/runner/work/orbit/orbit/.ewc-probe/EwcProbe.xcodeproj
    

SwiftCompile normal arm64 /Users/runner/work/orbit/orbit/src/macos/OrbitKit/Sources/OrbitKit/Models/DTOs.swift (in target 'OrbitKit' from project 'OrbitKit')
    cd /Users/runner/work/orbit/orbit/.ewc-probe/EwcProbe.xcodeproj
    

SwiftCompile normal arm64 /Users/runner/work/orbit/orbit/src/macos/OrbitKit/Sources/OrbitKit/Models/Enums.swift (in target 'OrbitKit' from project 'OrbitKit')
    cd /Users/runner/work/orbit/orbit/.ewc-probe/EwcProbe.xcodeproj
    

SwiftCompile normal arm64 /Users/runner/work/orbit/orbit/src/macos/OrbitKit/Sources/OrbitKit/Models/FieldUpdate.swift (in target 'OrbitKit' from project 'OrbitKit')
    cd /Users/runner/work/orbit/orbit/.ewc-probe/EwcProbe.xcodeproj
    

SwiftCompile normal arm64 /Users/runner/work/orbit/orbit/src/macos/OrbitKit/Sources/OrbitKit/Models/JSONValue.swift (in target 'OrbitKit' from project 'OrbitKit')
    cd /Users/runner/work/orbit/orbit/.ewc-probe/EwcProbe.xcodeproj
    

SwiftCompile normal arm64 Compiling\ TaskDetailReads.swift,\ Tasks.swift,\ Watches.swift,\ Wiki.swift,\ WikiArticles.swift,\ WikiDocs.swift,\ WikiHealth.swift,\ WikiJobs.swift,\ WikiPlan.swift,\ APIClient.swift,\ SessionRefresher.swift,\ URLSession+Orbit.swift,\ ControlStream.swift,\ EventStream.swift,\ ReconnectPolicy.swift,\ SSEFrameParser.swift,\ BackgroundJobs.swift,\ BackgroundSummary.swift,\ ConfirmationReviewTurns.swift,\ DeliveredMessage.swift,\ MonospaceOutputLayout.swift,\ OpenItemDelivery.swift,\ ProjectStarted.swift /Users/runner/work/orbit/orbit/src/macos/OrbitKit/Sources/OrbitKit/Models/TaskDetailReads.swift /Users/runner/work/orbit/orbit/src/macos/OrbitKit/Sources/OrbitKit/Models/Tasks.swift /Users/runner/work/orbit/orbit/src/macos/OrbitKit/Sources/OrbitKit/Models/Watches.swift /Users/runner/work/orbit/orbit/src/macos/OrbitKit/Sources/OrbitKit/Models/Wiki.swift /Users/runner/work/orbit/orbit/src/macos/OrbitKit/Sources/OrbitKit/Models/WikiArticles.swift /Users/runner/work/orbit/orbit/src/macos/OrbitKit/Sources/OrbitKit/Models/WikiDocs.swift /Users/runner/work/orbit/orbit/src/macos/OrbitKit/Sources/OrbitKit/Models/WikiHealth.swift /Users/runner/work/orbit/orbit/src/macos/OrbitKit/Sources/OrbitKit/Models/WikiJobs.swift /Users/runner/work/orbit/orbit/src/macos/OrbitKit/Sources/OrbitKit/Models/WikiPlan.swift /Users/runner/work/orbit/orbit/src/macos/OrbitKit/Sources/OrbitKit/Net/APIClient.swift /Users/runner/work/orbit/orbit/src/macos/OrbitKit/Sources/OrbitKit/Net/SessionRefresher.swift /Users/runner/work/orbit/orbit/src/macos/OrbitKit/Sources/OrbitKit/Net/URLSession+Orbit.swift /Users/runner/work/orbit/orbit/src/macos/OrbitKit/Sources/OrbitKit/Realtime/ControlStream.swift /Users/runner/work/orbit/orbit/src/macos/OrbitKit/Sources/OrbitKit/Realtime/EventStream.swift /Users/runner/work/orbit/orbit/src/macos/OrbitKit/Sources/OrbitKit/Realtime/ReconnectPolicy.swift /Users/runner/work/orbit/orbit/src/macos/OrbitKit/Sources/OrbitKit/Realtime/SSEFrameParser.swift /Users/runner/work/orbit/orbit/src/macos/OrbitKit/Sources/OrbitKit/Transcript/BackgroundJobs.swift /Users/runner/work/orbit/orbit/src/macos/OrbitKit/Sources/OrbitKit/Transcript/BackgroundSummary.swift /Users/runner/work/orbit/orbit/src/macos/OrbitKit/Sources/OrbitKit/Transcript/ConfirmationReviewTurns.swift /Users/runner/work/orbit/orbit/src/macos/OrbitKit/Sources/OrbitKit/Transcript/DeliveredMessage.swift /Users/runner/work/orbit/orbit/src/macos/OrbitKit/Sources/OrbitKit/Transcript/MonospaceOutputLayout.swift /Users/runner/work/orbit/orbit/src/macos/OrbitKit/Sources/OrbitKit/Transcript/OpenItemDelivery.swift /Users/runner/work/orbit/orbit/src/macos/OrbitKit/Sources/OrbitKit/Transcript/ProjectStarted.swift (in target 'OrbitKit' from project 'OrbitKit')
SwiftCompile normal arm64 /Users/runner/work/orbit/orbit/src/macos/OrbitKit/Sources/OrbitKit/Models/TaskDetailReads.swift (in target 'OrbitKit' from project 'OrbitKit')
    cd /Users/runner/work/orbit/orbit/.ewc-probe/EwcProbe.xcodeproj
    

SwiftCompile normal arm64 /Users/runner/work/orbit/orbit/src/macos/OrbitKit/Sources/OrbitKit/Models/Tasks.swift (in target 'OrbitKit' from project 'OrbitKit')
    cd /Users/runner/work/orbit/orbit/.ewc-probe/EwcProbe.xcodeproj
    

SwiftCompile normal arm64 /Users/runner/work/orbit/orbit/src/macos/OrbitKit/Sources/OrbitKit/Models/Watches.swift (in target 'OrbitKit' from project 'OrbitKit')
    cd /Users/runner/work/orbit/orbit/.ewc-probe/EwcProbe.xcodeproj
    

SwiftCompile normal arm64 /Users/runner/work/orbit/orbit/src/macos/OrbitKit/Sources/OrbitKit/Models/Wiki.swift (in target 'OrbitKit' from project 'OrbitKit')
    cd /Users/runner/work/orbit/orbit/.ewc-probe/EwcProbe.xcodeproj
    

SwiftCompile normal arm64 /Users/runner/work/orbit/orbit/src/macos/OrbitKit/Sources/OrbitKit/Models/WikiArticles.swift (in target 'OrbitKit' from project 'OrbitKit')
    cd /Users/runner/work/orbit/orbit/.ewc-probe/EwcProbe.xcodeproj
    

SwiftCompile normal arm64 /Users/runner/work/orbit/orbit/src/macos/OrbitKit/Sources/OrbitKit/Models/WikiDocs.swift (in target 'OrbitKit' from project 'OrbitKit')
    cd /Users/runner/work/orbit/orbit/.ewc-probe/EwcProbe.xcodeproj
    

SwiftCompile normal arm64 /Users/runner/work/orbit/orbit/src/macos/OrbitKit/Sources/OrbitKit/Models/WikiHealth.swift (in target 'OrbitKit' from project 'OrbitKit')
    cd /Users/runner/work/orbit/orbit/.ewc-probe/EwcProbe.xcodeproj
    

SwiftCompile normal arm64 /Users/runner/work/orbit/orbit/src/macos/OrbitKit/Sources/OrbitKit/Models/WikiJobs.swift (in target 'OrbitKit' from project 'OrbitKit')
    cd /Users/runner/work/orbit/orbit/.ewc-probe/EwcProbe.xcodeproj
    

SwiftCompile normal arm64 /Users/runner/work/orbit/orbit/src/macos/OrbitKit/Sources/OrbitKit/Models/WikiPlan.swift (in target 'OrbitKit' from project 'OrbitKit')
    cd /Users/runner/work/orbit/orbit/.ewc-probe/EwcProbe.xcodeproj
    

SwiftCompile normal arm64 /Users/runner/work/orbit/orbit/src/macos/OrbitKit/Sources/OrbitKit/Net/APIClient.swift (in target 'OrbitKit' from project 'OrbitKit')
    cd /Users/runner/work/orbit/orbit/.ewc-probe/EwcProbe.xcodeproj
    

SwiftCompile normal arm64 /Users/runner/work/orbit/orbit/src/macos/OrbitKit/Sources/OrbitKit/Net/SessionRefresher.swift (in target 'OrbitKit' from project 'OrbitKit')
    cd /Users/runner/work/orbit/orbit/.ewc-probe/EwcProbe.xcodeproj
    

SwiftCompile normal arm64 /Users/runner/work/orbit/orbit/src/macos/OrbitKit/Sources/OrbitKit/Net/URLSession+Orbit.swift (in target 'OrbitKit' from project 'OrbitKit')
    cd /Users/runner/work/orbit/orbit/.ewc-probe/EwcProbe.xcodeproj
    

SwiftCompile normal arm64 /Users/runner/work/orbit/orbit/src/macos/OrbitKit/Sources/OrbitKit/Realtime/ControlStream.swift (in target 'OrbitKit' from project 'OrbitKit')
    cd /Users/runner/work/orbit/orbit/.ewc-probe/EwcProbe.xcodeproj
    

SwiftCompile normal arm64 /Users/runner/work/orbit/orbit/src/macos/OrbitKit/Sources/OrbitKit/Realtime/EventStream.swift (in target 'OrbitKit' from project 'OrbitKit')
    cd /Users/runner/work/orbit/orbit/.ewc-probe/EwcProbe.xcodeproj
    

SwiftCompile normal arm64 /Users/runner/work/orbit/orbit/src/macos/OrbitKit/Sources/OrbitKit/Realtime/ReconnectPolicy.swift (in target 'OrbitKit' from project 'OrbitKit')
    cd /Users/runner/work/orbit/orbit/.ewc-probe/EwcProbe.xcodeproj
    

SwiftCompile normal arm64 /Users/runner/work/orbit/orbit/src/macos/OrbitKit/Sources/OrbitKit/Realtime/SSEFrameParser.swift (in target 'OrbitKit' from project 'OrbitKit')
    cd /Users/runner/work/orbit/orbit/.ewc-probe/EwcProbe.xcodeproj
    

SwiftCompile normal arm64 /Users/runner/work/orbit/orbit/src/macos/OrbitKit/Sources/OrbitKit/Transcript/BackgroundJobs.swift (in target 'OrbitKit' from project 'OrbitKit')
    cd /Users/runner/work/orbit/orbit/.ewc-probe/EwcProbe.xcodeproj
    

SwiftCompile normal arm64 /Users/runner/work/orbit/orbit/src/macos/OrbitKit/Sources/OrbitKit/Transcript/BackgroundSummary.swift (in target 'OrbitKit' from project 'OrbitKit')
    cd /Users/runner/work/orbit/orbit/.ewc-probe/EwcProbe.xcodeproj
    

SwiftCompile normal arm64 /Users/runner/work/orbit/orbit/src/macos/OrbitKit/Sources/OrbitKit/Transcript/ConfirmationReviewTurns.swift (in target 'OrbitKit' from project 'OrbitKit')
    cd /Users/runner/work/orbit/orbit/.ewc-probe/EwcProbe.xcodeproj
    

SwiftCompile normal arm64 /Users/runner/work/orbit/orbit/src/macos/OrbitKit/Sources/OrbitKit/Transcript/DeliveredMessage.swift (in target 'OrbitKit' from project 'OrbitKit')
    cd /Users/runner/work/orbit/orbit/.ewc-probe/EwcProbe.xcodeproj
    

SwiftCompile normal arm64 /Users/runner/work/orbit/orbit/src/macos/OrbitKit/Sources/OrbitKit/Transcript/MonospaceOutputLayout.swift (in target 'OrbitKit' from project 'OrbitKit')
    cd /Users/runner/work/orbit/orbit/.ewc-probe/EwcProbe.xcodeproj
    

SwiftCompile normal arm64 /Users/runner/work/orbit/orbit/src/macos/OrbitKit/Sources/OrbitKit/Transcript/OpenItemDelivery.swift (in target 'OrbitKit' from project 'OrbitKit')
    cd /Users/runner/work/orbit/orbit/.ewc-probe/EwcProbe.xcodeproj
    

SwiftCompile normal arm64 /Users/runner/work/orbit/orbit/src/macos/OrbitKit/Sources/OrbitKit/Transcript/ProjectStarted.swift (in target 'OrbitKit' from project 'OrbitKit')
    cd /Users/runner/work/orbit/orbit/.ewc-probe/EwcProbe.xcodeproj
    

SwiftCompile normal arm64 Compiling\ OrbitLinkDestination.swift,\ OrbitLinkPlacement.swift,\ OrbitLinkStore.swift,\ OwnerConfirmation.swift,\ OwnerConfirmationReview.swift,\ OwnerItemCards.swift,\ PendingSessionOperations.swift,\ PinnedCache.swift,\ ProjectAttention.swift,\ ProjectCrossings.swift,\ ProjectDone.swift,\ ProjectGraphLayout.swift,\ ProjectPage.swift,\ ProjectPageSections.swift,\ ProjectRunSettings.swift,\ ProjectTimeline.swift,\ ProviderPoolLogic.swift,\ ProvidersOverview.swift,\ RecentsLogic.swift,\ RefreshControlClearance.swift,\ RelativeTime.swift,\ RetryRoute.swift,\ RowSwipeGeometry.swift,\ RunnerAttention.swift /Users/runner/work/orbit/orbit/src/macos/OrbitKit/Sources/OrbitKit/App/OrbitLinkDestination.swift /Users/runner/work/orbit/orbit/src/macos/OrbitKit/Sources/OrbitKit/App/OrbitLinkPlacement.swift /Users/runner/work/orbit/orbit/src/macos/OrbitKit/Sources/OrbitKit/App/OrbitLinkStore.swift /Users/runner/work/orbit/orbit/src/macos/OrbitKit/Sources/OrbitKit/App/OwnerConfirmation.swift /Users/runner/work/orbit/orbit/src/macos/OrbitKit/Sources/OrbitKit/App/OwnerConfirmationReview.swift /Users/runner/work/orbit/orbit/src/macos/OrbitKit/Sources/OrbitKit/App/OwnerItemCards.swift /Users/runner/work/orbit/orbit/src/macos/OrbitKit/Sources/OrbitKit/App/PendingSessionOperations.swift /Users/runner/work/orbit/orbit/src/macos/OrbitKit/Sources/OrbitKit/App/PinnedCache.swift /Users/runner/work/orbit/orbit/src/macos/OrbitKit/Sources/OrbitKit/App/ProjectAttention.swift /Users/runner/work/orbit/orbit/src/macos/OrbitKit/Sources/OrbitKit/App/ProjectCrossings.swift /Users/runner/work/orbit/orbit/src/macos/OrbitKit/Sources/OrbitKit/App/ProjectDone.swift /Users/runner/work/orbit/orbit/src/macos/OrbitKit/Sources/OrbitKit/App/ProjectGraphLayout.swift /Users/runner/work/orbit/orbit/src/macos/OrbitKit/Sources/OrbitKit/App/ProjectPage.swift /Users/runner/work/orbit/orbit/src/macos/OrbitKit/Sources/OrbitKit/App/ProjectPageSections.swift /Users/runner/work/orbit/orbit/src/macos/OrbitKit/Sources/OrbitKit/App/ProjectRunSettings.swift /Users/runner/work/orbit/orbit/src/macos/OrbitKit/Sources/OrbitKit/App/ProjectTimeline.swift /Users/runner/work/orbit/orbit/src/macos/OrbitKit/Sources/OrbitKit/App/ProviderPoolLogic.swift /Users/runner/work/orbit/orbit/src/macos/OrbitKit/Sources/OrbitKit/App/ProvidersOverview.swift /Users/runner/work/orbit/orbit/src/macos/OrbitKit/Sources/OrbitKit/App/RecentsLogic.swift /Users/runner/work/orbit/orbit/src/macos/OrbitKit/Sources/OrbitKit/App/RefreshControlClearance.swift /Users/runner/work/orbit/orbit/src/macos/OrbitKit/Sources/OrbitKit/App/RelativeTime.swift /Users/runner/work/orbit/orbit/src/macos/OrbitKit/Sources/OrbitKit/App/RetryRoute.swift /Users/runner/work/orbit/orbit/src/macos/OrbitKit/Sources/OrbitKit/App/RowSwipeGeometry.swift /Users/runner/work/orbit/orbit/src/macos/OrbitKit/Sources/OrbitKit/App/RunnerAttention.swift (in target 'OrbitKit' from project 'OrbitKit')
SwiftCompile normal arm64 /Users/runner/work/orbit/orbit/src/macos/OrbitKit/Sources/OrbitKit/App/OrbitLinkDestination.swift (in target 'OrbitKit' from project 'OrbitKit')
    cd /Users/runner/work/orbit/orbit/.ewc-probe/EwcProbe.xcodeproj
    

SwiftCompile normal arm64 /Users/runner/work/orbit/orbit/src/macos/OrbitKit/Sources/OrbitKit/App/OrbitLinkPlacement.swift (in target 'OrbitKit' from project 'OrbitKit')
    cd /Users/runner/work/orbit/orbit/.ewc-probe/EwcProbe.xcodeproj
    

SwiftCompile normal arm64 /Users/runner/work/orbit/orbit/src/macos/OrbitKit/Sources/OrbitKit/App/OrbitLinkStore.swift (in target 'OrbitKit' from project 'OrbitKit')
    cd /Users/runner/work/orbit/orbit/.ewc-probe/EwcProbe.xcodeproj
    

SwiftCompile normal arm64 /Users/runner/work/orbit/orbit/src/macos/OrbitKit/Sources/OrbitKit/App/OwnerConfirmation.swift (in target 'OrbitKit' from project 'OrbitKit')
    cd /Users/runner/work/orbit/orbit/.ewc-probe/EwcProbe.xcodeproj
    
/Users/runner/work/orbit/orbit/src/macos/OrbitKit/Sources/OrbitKit/App/OwnerConfirmation.swift:831:19: warning: immutable value 'report' was never used; consider replacing with '_' or removing it
        guard let report, let time else { return whatTheRunReported }
              ~~~~^~~~~~
              _

SwiftCompile normal arm64 /Users/runner/work/orbit/orbit/src/macos/OrbitKit/Sources/OrbitKit/App/OwnerConfirmationReview.swift (in target 'OrbitKit' from project 'OrbitKit')
    cd /Users/runner/work/orbit/orbit/.ewc-probe/EwcProbe.xcodeproj
    

SwiftCompile normal arm64 /Users/runner/work/orbit/orbit/src/macos/OrbitKit/Sources/OrbitKit/App/OwnerItemCards.swift (in target 'OrbitKit' from project 'OrbitKit')
    cd /Users/runner/work/orbit/orbit/.ewc-probe/EwcProbe.xcodeproj
    

SwiftCompile normal arm64 /Users/runner/work/orbit/orbit/src/macos/OrbitKit/Sources/OrbitKit/App/PendingSessionOperations.swift (in target 'OrbitKit' from project 'OrbitKit')
    cd /Users/runner/work/orbit/orbit/.ewc-probe/EwcProbe.xcodeproj
    

SwiftCompile normal arm64 /Users/runner/work/orbit/orbit/src/macos/OrbitKit/Sources/OrbitKit/App/PinnedCache.swift (in target 'OrbitKit' from project 'OrbitKit')
    cd /Users/runner/work/orbit/orbit/.ewc-probe/EwcProbe.xcodeproj
    

SwiftCompile normal arm64 /Users/runner/work/orbit/orbit/src/macos/OrbitKit/Sources/OrbitKit/App/ProjectAttention.swift (in target 'OrbitKit' from project 'OrbitKit')
    cd /Users/runner/work/orbit/orbit/.ewc-probe/EwcProbe.xcodeproj
    

SwiftCompile normal arm64 /Users/runner/work/orbit/orbit/src/macos/OrbitKit/Sources/OrbitKit/App/ProjectCrossings.swift (in target 'OrbitKit' from project 'OrbitKit')
    cd /Users/runner/work/orbit/orbit/.ewc-probe/EwcProbe.xcodeproj
    

SwiftCompile normal arm64 /Users/runner/work/orbit/orbit/src/macos/OrbitKit/Sources/OrbitKit/App/ProjectDone.swift (in target 'OrbitKit' from project 'OrbitKit')
    cd /Users/runner/work/orbit/orbit/.ewc-probe/EwcProbe.xcodeproj
    

SwiftCompile normal arm64 /Users/runner/work/orbit/orbit/src/macos/OrbitKit/Sources/OrbitKit/App/ProjectGraphLayout.swift (in target 'OrbitKit' from project 'OrbitKit')
    cd /Users/runner/work/orbit/orbit/.ewc-probe/EwcProbe.xcodeproj
    

SwiftCompile normal arm64 /Users/runner/work/orbit/orbit/src/macos/OrbitKit/Sources/OrbitKit/App/ProjectPage.swift (in target 'OrbitKit' from project 'OrbitKit')
    cd /Users/runner/work/orbit/orbit/.ewc-probe/EwcProbe.xcodeproj
    

SwiftCompile normal arm64 /Users/runner/work/orbit/orbit/src/macos/OrbitKit/Sources/OrbitKit/App/ProjectPageSections.swift (in target 'OrbitKit' from project 'OrbitKit')
    cd /Users/runner/work/orbit/orbit/.ewc-probe/EwcProbe.xcodeproj
    

SwiftCompile normal arm64 /Users/runner/work/orbit/orbit/src/macos/OrbitKit/Sources/OrbitKit/App/ProjectRunSettings.swift (in target 'OrbitKit' from project 'OrbitKit')
    cd /Users/runner/work/orbit/orbit/.ewc-probe/EwcProbe.xcodeproj
    

SwiftCompile normal arm64 /Users/runner/work/orbit/orbit/src/macos/OrbitKit/Sources/OrbitKit/App/ProjectTimeline.swift (in target 'OrbitKit' from project 'OrbitKit')
    cd /Users/runner/work/orbit/orbit/.ewc-probe/EwcProbe.xcodeproj
    

SwiftCompile normal arm64 /Users/runner/work/orbit/orbit/src/macos/OrbitKit/Sources/OrbitKit/App/ProviderPoolLogic.swift (in target 'OrbitKit' from project 'OrbitKit')
    cd /Users/runner/work/orbit/orbit/.ewc-probe/EwcProbe.xcodeproj
    

SwiftCompile normal arm64 /Users/runner/work/orbit/orbit/src/macos/OrbitKit/Sources/OrbitKit/App/ProvidersOverview.swift (in target 'OrbitKit' from project 'OrbitKit')
    cd /Users/runner/work/orbit/orbit/.ewc-probe/EwcProbe.xcodeproj
    

SwiftCompile normal arm64 /Users/runner/work/orbit/orbit/src/macos/OrbitKit/Sources/OrbitKit/App/RecentsLogic.swift (in target 'OrbitKit' from project 'OrbitKit')
    cd /Users/runner/work/orbit/orbit/.ewc-probe/EwcProbe.xcodeproj
    

SwiftCompile normal arm64 /Users/runner/work/orbit/orbit/src/macos/OrbitKit/Sources/OrbitKit/App/RefreshControlClearance.swift (in target 'OrbitKit' from project 'OrbitKit')
    cd /Users/runner/work/orbit/orbit/.ewc-probe/EwcProbe.xcodeproj
    

SwiftCompile normal arm64 /Users/runner/work/orbit/orbit/src/macos/OrbitKit/Sources/OrbitKit/App/RelativeTime.swift (in target 'OrbitKit' from project 'OrbitKit')
    cd /Users/runner/work/orbit/orbit/.ewc-probe/EwcProbe.xcodeproj
    

SwiftCompile normal arm64 /Users/runner/work/orbit/orbit/src/macos/OrbitKit/Sources/OrbitKit/App/RetryRoute.swift (in target 'OrbitKit' from project 'OrbitKit')
    cd /Users/runner/work/orbit/orbit/.ewc-probe/EwcProbe.xcodeproj
    

SwiftCompile normal arm64 /Users/runner/work/orbit/orbit/src/macos/OrbitKit/Sources/OrbitKit/App/RowSwipeGeometry.swift (in target 'OrbitKit' from project 'OrbitKit')
    cd /Users/runner/work/orbit/orbit/.ewc-probe/EwcProbe.xcodeproj
    

SwiftCompile normal arm64 /Users/runner/work/orbit/orbit/src/macos/OrbitKit/Sources/OrbitKit/App/RunnerAttention.swift (in target 'OrbitKit' from project 'OrbitKit')
    cd /Users/runner/work/orbit/orbit/.ewc-probe/EwcProbe.xcodeproj
    

SwiftDriverJobDiscovery normal arm64 Emitting module for OrbitKit (in target 'OrbitKit' from project 'OrbitKit')

SwiftDriver\ Compilation\ Requirements OrbitKit normal arm64 com.apple.xcode.tools.swift.compiler (in target 'OrbitKit' from project 'OrbitKit')
    cd /Users/runner/work/orbit/orbit/.ewc-probe/EwcProbe.xcodeproj
    builtin-Swift-Compilation-Requirements -- /Applications/Xcode_26.6.app/Contents/Developer/Toolchains/XcodeDefault.xctoolchain/usr/bin/swiftc -module-name OrbitKit -Onone @/Users/runner/work/orbit/orbit/.ewc-probe/.dd-ios/Build/Intermediates.noindex/OrbitKit.build/Debug-iphonesimulator/OrbitKit.build/Objects-normal/arm64/OrbitKit.SwiftFileList -DSWIFT_PACKAGE -DDEBUG -DSWIFT_MODULE_RESOURCE_BUNDLE_UNAVAILABLE -DXcode -plugin-path /Applications/Xcode_26.6.app/Contents/Developer/Toolchains/XcodeDefault.xctoolchain/usr/lib/swift/host/plugins/testing -enable-experimental-feature DebugDescriptionMacro -sdk /Applications/Xcode_26.6.app/Contents/Developer/Platforms/iPhoneSimulator.platform/Developer/SDKs/iPhoneSimulator26.5.sdk -target arm64-apple-ios17.0-simulator -g -module-cache-path /Users/runner/work/orbit/orbit/.ewc-probe/.dd-ios/ModuleCache.noindex -Xfrontend -serialize-debugging-options -enable-testing -index-store-path /Users/runner/work/orbit/orbit/.ewc-probe/.dd-ios/Index.noindex/DataStore -Xcc -D_LIBCPP_HARDENING_MODE\=_LIBCPP_HARDENING_MODE_DEBUG -swift-version 5 -I /Users/runner/work/orbit/orbit/.ewc-probe/.dd-ios/Build/Products/Debug-iphonesimulator -Isystem /Applications/Xcode_26.6.app/Contents/Developer/Platforms/iPhoneSimulator.platform/Developer/usr/lib -F /Users/runner/work/orbit/orbit/.ewc-probe/.dd-ios/Build/Products/Debug-iphonesimulator/PackageFrameworks -F /Users/runner/work/orbit/orbit/.ewc-probe/.dd-ios/Build/Products/Debug-iphonesimulator/PackageFrameworks -F /Users/runner/work/orbit/orbit/.ewc-probe/.dd-ios/Build/Products/Debug-iphonesimulator/PackageFrameworks -F /Users/runner/work/orbit/orbit/.ewc-probe/.dd-ios/Build/Products/Debug-iphonesimulator/PackageFrameworks -F /Users/runner/work/orbit/orbit/.ewc-probe/.dd-ios/Build/Products/Debug-iphonesimulator -F /Applications/Xcode_26.6.app/Contents/Developer/Platforms/iPhoneSimulator.platform/Developer/Library/Frameworks -F /Applications/Xcode_26.6.app/Contents/Developer/Platforms/iPhoneSimulator.platform/Developer/SDKs/iPhoneSimulator26.5.sdk/Developer/Library/Frameworks -c -j3 -enable-batch-mode -incremental -Xcc -ivfsstatcache -Xcc /Users/runner/work/orbit/orbit/.ewc-probe/.dd-ios/SDKStatCaches.noindex/iphonesimulator26.5-23F81a-688ef53f1462e2c8f657fdc38a81448ff45c64a1807a658693f2a61704f17a36.sdkstatcache -output-file-map /Users/runner/work/orbit/orbit/.ewc-probe/.dd-ios/Build/Intermediates.noindex/OrbitKit.build/Debug-iphonesimulator/OrbitKit.build/Objects-normal/arm64/OrbitKit-OutputFileMap.json -use-frontend-parseable-output -save-temps -no-color-diagnostics -explicit-module-build -module-cache-path /Users/runner/work/orbit/orbit/.ewc-probe/.dd-ios/Build/Intermediates.noindex/SwiftExplicitPrecompiledModules -clang-scanner-module-cache-path /Users/runner/work/orbit/orbit/.ewc-probe/.dd-ios/ModuleCache.noindex -sdk-module-cache-path /Users/runner/work/orbit/orbit/.ewc-probe/.dd-ios/ModuleCache.noindex -serialize-diagnostics -emit-dependencies -emit-module -emit-module-path /Users/runner/work/orbit/orbit/.ewc-probe/.dd-ios/Build/Intermediates.noindex/OrbitKit.build/Debug-iphonesimulator/OrbitKit.build/Objects-normal/arm64/OrbitKit.swiftmodule -validate-clang-modules-once -clang-build-session-file /Users/runner/work/orbit/orbit/.ewc-probe/.dd-ios/ModuleCache.noindex/Session.modulevalidation -package-name orbitkit -Xcc -I/Users/runner/work/orbit/orbit/.ewc-probe/.dd-ios/Build/Intermediates.noindex/OrbitKit.build/Debug-iphonesimulator/OrbitKit.build/swift-overrides.hmap -emit-const-values -Xfrontend -const-gather-protocols-file -Xfrontend /Users/runner/work/orbit/orbit/.ewc-probe/.dd-ios/Build/Intermediates.noindex/OrbitKit.build/Debug-iphonesimulator/OrbitKit.build/Objects-normal/arm64/OrbitKit_const_extract_protocols.json -Xcc -I/Users/runner/work/orbit/orbit/.ewc-probe/.dd-ios/SourcePackages/checkouts/swift-cmark/src/include -Xcc -I/Users/runner/work/orbit/orbit/.ewc-probe/.dd-ios/SourcePackages/checkouts/swift-cmark/extensions/include -Xcc -I/Users/runner/work/orbit/orbit/.ewc-probe/.dd-ios/SourcePackages/checkouts/swift-markdown/Sources/CAtomic/include -Xcc -I/Users/runner/work/orbit/orbit/.ewc-probe/.dd-ios/Build/Products/Debug-iphonesimulator/include -Xcc -I/Users/runner/work/orbit/orbit/.ewc-probe/.dd-ios/Build/Intermediates.noindex/OrbitKit.build/Debug-iphonesimulator/OrbitKit.build/DerivedSources-normal/arm64 -Xcc -I/Users/runner/work/orbit/orbit/.ewc-probe/.dd-ios/Build/Intermediates.noindex/OrbitKit.build/Debug-iphonesimulator/OrbitKit.build/DerivedSources/arm64 -Xcc -I/Users/runner/work/orbit/orbit/.ewc-probe/.dd-ios/Build/Intermediates.noindex/OrbitKit.build/Debug-iphonesimulator/OrbitKit.build/DerivedSources -Xcc -DSWIFT_PACKAGE -Xcc -DDEBUG\=1 -emit-objc-header -emit-objc-header-path /Users/runner/work/orbit/orbit/.ewc-probe/.dd-ios/Build/Intermediates.noindex/OrbitKit.build/Debug-iphonesimulator/OrbitKit.build/Objects-normal/arm64/OrbitKit-Swift.h -working-directory /Users/runner/work/orbit/orbit/.ewc-probe/EwcProbe.xcodeproj -experimental-emit-module-separately -disable-cmo

SwiftDriverJobDiscovery normal arm64 Compiling WatchWake.swift, WhoCanUseIt.swift, WikiArticleLogic.swift, WikiDocLogic.swift, WikiHealthLogic.swift, WikiLogic.swift, WikiModeLogic.swift, WikiPlanLogic.swift, WikiRunsLogic.swift, WikiSpaceLogic.swift, WorkspaceActivity.swift, WorktreeBarLogic.swift, WorktreeFileFailure.swift, GoogleSignIn.swift, TokenStore.swift, AccessTokens.swift, Admin.swift, Agents.swift, CodexLogin.swift, ControlEvent.swift, DTOs.swift, Enums.swift, FieldUpdate.swift, JSONValue.swift (in target 'OrbitKit' from project 'OrbitKit')

SwiftCompile normal arm64 Compiling\ DeepSeekBalance.swift,\ DshRuntime.swift,\ EngineAuth.swift,\ EngineErrors.swift,\ EvidenceDecision.swift,\ ImageViewerGeometry.swift,\ Infrastructure.swift,\ KimiSite.swift,\ LaunchSnapshot.swift,\ LoadFailureLogic.swift,\ LoginFailure.swift,\ ManagedRunnerDisplay.swift,\ Markdown.swift,\ MarkdownFileRef.swift,\ MenuBar.swift,\ Navigation.swift,\ NeedsYou.swift,\ Notifications.swift,\ OpenCodeKeys.swift,\ OpenListReader.swift,\ OpenListRowUpdate.swift,\ OrbitAskPreview.swift,\ OrbitLink.swift,\ OrbitLinkCard.swift /Users/runner/work/orbit/orbit/src/macos/OrbitKit/Sources/OrbitKit/App/DeepSeekBalance.swift /Users/runner/work/orbit/orbit/src/macos/OrbitKit/Sources/OrbitKit/App/DshRuntime.swift /Users/runner/work/orbit/orbit/src/macos/OrbitKit/Sources/OrbitKit/App/EngineAuth.swift /Users/runner/work/orbit/orbit/src/macos/OrbitKit/Sources/OrbitKit/App/EngineErrors.swift /Users/runner/work/orbit/orbit/src/macos/OrbitKit/Sources/OrbitKit/App/EvidenceDecision.swift /Users/runner/work/orbit/orbit/src/macos/OrbitKit/Sources/OrbitKit/App/ImageViewerGeometry.swift /Users/runner/work/orbit/orbit/src/macos/OrbitKit/Sources/OrbitKit/App/Infrastructure.swift /Users/runner/work/orbit/orbit/src/macos/OrbitKit/Sources/OrbitKit/App/KimiSite.swift /Users/runner/work/orbit/orbit/src/macos/OrbitKit/Sources/OrbitKit/App/LaunchSnapshot.swift /Users/runner/work/orbit/orbit/src/macos/OrbitKit/Sources/OrbitKit/App/LoadFailureLogic.swift /Users/runner/work/orbit/orbit/src/macos/OrbitKit/Sources/OrbitKit/App/LoginFailure.swift /Users/runner/work/orbit/orbit/src/macos/OrbitKit/Sources/OrbitKit/App/ManagedRunnerDisplay.swift /Users/runner/work/orbit/orbit/src/macos/OrbitKit/Sources/OrbitKit/App/Markdown.swift /Users/runner/work/orbit/orbit/src/macos/OrbitKit/Sources/OrbitKit/App/MarkdownFileRef.swift /Users/runner/work/orbit/orbit/src/macos/OrbitKit/Sources/OrbitKit/App/MenuBar.swift /Users/runner/work/orbit/orbit/src/macos/OrbitKit/Sources/OrbitKit/App/Navigation.swift /Users/runner/work/orbit/orbit/src/macos/OrbitKit/Sources/OrbitKit/App/NeedsYou.swift /Users/runner/work/orbit/orbit/src/macos/OrbitKit/Sources/OrbitKit/App/Notifications.swift /Users/runner/work/orbit/orbit/src/macos/OrbitKit/Sources/OrbitKit/App/OpenCodeKeys.swift /Users/runner/work/orbit/orbit/src/macos/OrbitKit/Sources/OrbitKit/App/OpenListReader.swift /Users/runner/work/orbit/orbit/src/macos/OrbitKit/Sources/OrbitKit/App/OpenListRowUpdate.swift /Users/runner/work/orbit/orbit/src/macos/OrbitKit/Sources/OrbitKit/App/OrbitAskPreview.swift /Users/runner/work/orbit/orbit/src/macos/OrbitKit/Sources/OrbitKit/App/OrbitLink.swift /Users/runner/work/orbit/orbit/src/macos/OrbitKit/Sources/OrbitKit/App/OrbitLinkCard.swift (in target 'OrbitKit' from project 'OrbitKit')
SwiftCompile normal arm64 /Users/runner/work/orbit/orbit/src/macos/OrbitKit/Sources/OrbitKit/App/DeepSeekBalance.swift (in target 'OrbitKit' from project 'OrbitKit')
    cd /Users/runner/work/orbit/orbit/.ewc-probe/EwcProbe.xcodeproj
    

SwiftCompile normal arm64 /Users/runner/work/orbit/orbit/src/macos/OrbitKit/Sources/OrbitKit/App/DshRuntime.swift (in target 'OrbitKit' from project 'OrbitKit')
    cd /Users/runner/work/orbit/orbit/.ewc-probe/EwcProbe.xcodeproj
    

SwiftCompile normal arm64 /Users/runner/work/orbit/orbit/src/macos/OrbitKit/Sources/OrbitKit/App/EngineAuth.swift (in target 'OrbitKit' from project 'OrbitKit')
    cd /Users/runner/work/orbit/orbit/.ewc-probe/EwcProbe.xcodeproj
    

SwiftCompile normal arm64 /Users/runner/work/orbit/orbit/src/macos/OrbitKit/Sources/OrbitKit/App/EngineErrors.swift (in target 'OrbitKit' from project 'OrbitKit')
    cd /Users/runner/work/orbit/orbit/.ewc-probe/EwcProbe.xcodeproj
    

SwiftCompile normal arm64 /Users/runner/work/orbit/orbit/src/macos/OrbitKit/Sources/OrbitKit/App/EvidenceDecision.swift (in target 'OrbitKit' from project 'OrbitKit')
    cd /Users/runner/work/orbit/orbit/.ewc-probe/EwcProbe.xcodeproj
    

SwiftCompile normal arm64 /Users/runner/work/orbit/orbit/src/macos/OrbitKit/Sources/OrbitKit/App/ImageViewerGeometry.swift (in target 'OrbitKit' from project 'OrbitKit')
    cd /Users/runner/work/orbit/orbit/.ewc-probe/EwcProbe.xcodeproj
    

SwiftCompile normal arm64 /Users/runner/work/orbit/orbit/src/macos/OrbitKit/Sources/OrbitKit/App/Infrastructure.swift (in target 'OrbitKit' from project 'OrbitKit')
    cd /Users/runner/work/orbit/orbit/.ewc-probe/EwcProbe.xcodeproj
    

SwiftCompile normal arm64 /Users/runner/work/orbit/orbit/src/macos/OrbitKit/Sources/OrbitKit/App/KimiSite.swift (in target 'OrbitKit' from project 'OrbitKit')
    cd /Users/runner/work/orbit/orbit/.ewc-probe/EwcProbe.xcodeproj
    

SwiftCompile normal arm64 /Users/runner/work/orbit/orbit/src/macos/OrbitKit/Sources/OrbitKit/App/LaunchSnapshot.swift (in target 'OrbitKit' from project 'OrbitKit')
    cd /Users/runner/work/orbit/orbit/.ewc-probe/EwcProbe.xcodeproj
    

SwiftCompile normal arm64 /Users/runner/work/orbit/orbit/src/macos/OrbitKit/Sources/OrbitKit/App/LoadFailureLogic.swift (in target 'OrbitKit' from project 'OrbitKit')
    cd /Users/runner/work/orbit/orbit/.ewc-probe/EwcProbe.xcodeproj
    

SwiftCompile normal arm64 /Users/runner/work/orbit/orbit/src/macos/OrbitKit/Sources/OrbitKit/App/LoginFailure.swift (in target 'OrbitKit' from project 'OrbitKit')
    cd /Users/runner/work/orbit/orbit/.ewc-probe/EwcProbe.xcodeproj
    

SwiftCompile normal arm64 /Users/runner/work/orbit/orbit/src/macos/OrbitKit/Sources/OrbitKit/App/ManagedRunnerDisplay.swift (in target 'OrbitKit' from project 'OrbitKit')
    cd /Users/runner/work/orbit/orbit/.ewc-probe/EwcProbe.xcodeproj
    

SwiftCompile normal arm64 /Users/runner/work/orbit/orbit/src/macos/OrbitKit/Sources/OrbitKit/App/Markdown.swift (in target 'OrbitKit' from project 'OrbitKit')
    cd /Users/runner/work/orbit/orbit/.ewc-probe/EwcProbe.xcodeproj
    

SwiftCompile normal arm64 /Users/runner/work/orbit/orbit/src/macos/OrbitKit/Sources/OrbitKit/App/MarkdownFileRef.swift (in target 'OrbitKit' from project 'OrbitKit')
    cd /Users/runner/work/orbit/orbit/.ewc-probe/EwcProbe.xcodeproj
    

SwiftCompile normal arm64 /Users/runner/work/orbit/orbit/src/macos/OrbitKit/Sources/OrbitKit/App/MenuBar.swift (in target 'OrbitKit' from project 'OrbitKit')
    cd /Users/runner/work/orbit/orbit/.ewc-probe/EwcProbe.xcodeproj
    

SwiftCompile normal arm64 /Users/runner/work/orbit/orbit/src/macos/OrbitKit/Sources/OrbitKit/App/Navigation.swift (in target 'OrbitKit' from project 'OrbitKit')
    cd /Users/runner/work/orbit/orbit/.ewc-probe/EwcProbe.xcodeproj
    

SwiftCompile normal arm64 /Users/runner/work/orbit/orbit/src/macos/OrbitKit/Sources/OrbitKit/App/NeedsYou.swift (in target 'OrbitKit' from project 'OrbitKit')
    cd /Users/runner/work/orbit/orbit/.ewc-probe/EwcProbe.xcodeproj
    

SwiftCompile normal arm64 /Users/runner/work/orbit/orbit/src/macos/OrbitKit/Sources/OrbitKit/App/Notifications.swift (in target 'OrbitKit' from project 'OrbitKit')
    cd /Users/runner/work/orbit/orbit/.ewc-probe/EwcProbe.xcodeproj
    

SwiftCompile normal arm64 /Users/runner/work/orbit/orbit/src/macos/OrbitKit/Sources/OrbitKit/App/OpenCodeKeys.swift (in target 'OrbitKit' from project 'OrbitKit')
    cd /Users/runner/work/orbit/orbit/.ewc-probe/EwcProbe.xcodeproj
    

SwiftCompile normal arm64 /Users/runner/work/orbit/orbit/src/macos/OrbitKit/Sources/OrbitKit/App/OpenListReader.swift (in target 'OrbitKit' from project 'OrbitKit')
    cd /Users/runner/work/orbit/orbit/.ewc-probe/EwcProbe.xcodeproj
    

SwiftCompile normal arm64 /Users/runner/work/orbit/orbit/src/macos/OrbitKit/Sources/OrbitKit/App/OpenListRowUpdate.swift (in target 'OrbitKit' from project 'OrbitKit')
    cd /Users/runner/work/orbit/orbit/.ewc-probe/EwcProbe.xcodeproj
    

SwiftCompile normal arm64 /Users/runner/work/orbit/orbit/src/macos/OrbitKit/Sources/OrbitKit/App/OrbitAskPreview.swift (in target 'OrbitKit' from project 'OrbitKit')
    cd /Users/runner/work/orbit/orbit/.ewc-probe/EwcProbe.xcodeproj
    

SwiftCompile normal arm64 /Users/runner/work/orbit/orbit/src/macos/OrbitKit/Sources/OrbitKit/App/OrbitLink.swift (in target 'OrbitKit' from project 'OrbitKit')
    cd /Users/runner/work/orbit/orbit/.ewc-probe/EwcProbe.xcodeproj
    

SwiftCompile normal arm64 /Users/runner/work/orbit/orbit/src/macos/OrbitKit/Sources/OrbitKit/App/OrbitLinkCard.swift (in target 'OrbitKit' from project 'OrbitKit')
    cd /Users/runner/work/orbit/orbit/.ewc-probe/EwcProbe.xcodeproj
    

SwiftMergeGeneratedHeaders /Users/runner/work/orbit/orbit/.ewc-probe/.dd-ios/Build/Intermediates.noindex/GeneratedModuleMaps-iphonesimulator/OrbitKit-Swift.h /Users/runner/work/orbit/orbit/.ewc-probe/.dd-ios/Build/Intermediates.noindex/OrbitKit.build/Debug-iphonesimulator/OrbitKit.build/Objects-normal/arm64/OrbitKit-Swift.h (in target 'OrbitKit' from project 'OrbitKit')
    cd /Users/runner/work/orbit/orbit/src/macos/OrbitKit
    builtin-swiftHeaderTool -arch arm64 /Users/runner/work/orbit/orbit/.ewc-probe/.dd-ios/Build/Intermediates.noindex/OrbitKit.build/Debug-iphonesimulator/OrbitKit.build/Objects-normal/arm64/OrbitKit-Swift.h -o /Users/runner/work/orbit/orbit/.ewc-probe/.dd-ios/Build/Intermediates.noindex/GeneratedModuleMaps-iphonesimulator/OrbitKit-Swift.h

SwiftDriverJobDiscovery normal arm64 Compiling TaskDetailReads.swift, Tasks.swift, Watches.swift, Wiki.swift, WikiArticles.swift, WikiDocs.swift, WikiHealth.swift, WikiJobs.swift, WikiPlan.swift, APIClient.swift, SessionRefresher.swift, URLSession+Orbit.swift, ControlStream.swift, EventStream.swift, ReconnectPolicy.swift, SSEFrameParser.swift, BackgroundJobs.swift, BackgroundSummary.swift, ConfirmationReviewTurns.swift, DeliveredMessage.swift, MonospaceOutputLayout.swift, OpenItemDelivery.swift, ProjectStarted.swift (in target 'OrbitKit' from project 'OrbitKit')

Copy /Users/runner/work/orbit/orbit/.ewc-probe/.dd-ios/Build/Products/Debug-iphonesimulator/OrbitKit.swiftmodule/arm64-apple-ios-simulator.swiftmodule /Users/runner/work/orbit/orbit/.ewc-probe/.dd-ios/Build/Intermediates.noindex/OrbitKit.build/Debug-iphonesimulator/OrbitKit.build/Objects-normal/arm64/OrbitKit.swiftmodule (in target 'OrbitKit' from project 'OrbitKit')
    cd /Users/runner/work/orbit/orbit/src/macos/OrbitKit
    builtin-copy -exclude .DS_Store -exclude CVS -exclude .svn -exclude .git -exclude .hg -resolve-src-symlinks -rename /Users/runner/work/orbit/orbit/.ewc-probe/.dd-ios/Build/Intermediates.noindex/OrbitKit.build/Debug-iphonesimulator/OrbitKit.build/Objects-normal/arm64/OrbitKit.swiftmodule /Users/runner/work/orbit/orbit/.ewc-probe/.dd-ios/Build/Products/Debug-iphonesimulator/OrbitKit.swiftmodule/arm64-apple-ios-simulator.swiftmodule

Copy /Users/runner/work/orbit/orbit/.ewc-probe/.dd-ios/Build/Products/Debug-iphonesimulator/OrbitKit.swiftmodule/arm64-apple-ios-simulator.swiftdoc /Users/runner/work/orbit/orbit/.ewc-probe/.dd-ios/Build/Intermediates.noindex/OrbitKit.build/Debug-iphonesimulator/OrbitKit.build/Objects-normal/arm64/OrbitKit.swiftdoc (in target 'OrbitKit' from project 'OrbitKit')
    cd /Users/runner/work/orbit/orbit/src/macos/OrbitKit
    builtin-copy -exclude .DS_Store -exclude CVS -exclude .svn -exclude .git -exclude .hg -resolve-src-symlinks -rename /Users/runner/work/orbit/orbit/.ewc-probe/.dd-ios/Build/Intermediates.noindex/OrbitKit.build/Debug-iphonesimulator/OrbitKit.build/Objects-normal/arm64/OrbitKit.swiftdoc /Users/runner/work/orbit/orbit/.ewc-probe/.dd-ios/Build/Products/Debug-iphonesimulator/OrbitKit.swiftmodule/arm64-apple-ios-simulator.swiftdoc

Copy /Users/runner/work/orbit/orbit/.ewc-probe/.dd-ios/Build/Products/Debug-iphonesimulator/OrbitKit.swiftmodule/arm64-apple-ios-simulator.abi.json /Users/runner/work/orbit/orbit/.ewc-probe/.dd-ios/Build/Intermediates.noindex/OrbitKit.build/Debug-iphonesimulator/OrbitKit.build/Objects-normal/arm64/OrbitKit.abi.json (in target 'OrbitKit' from project 'OrbitKit')
    cd /Users/runner/work/orbit/orbit/src/macos/OrbitKit
    builtin-copy -exclude .DS_Store -exclude CVS -exclude .svn -exclude .git -exclude .hg -resolve-src-symlinks -rename /Users/runner/work/orbit/orbit/.ewc-probe/.dd-ios/Build/Intermediates.noindex/OrbitKit.build/Debug-iphonesimulator/OrbitKit.build/Objects-normal/arm64/OrbitKit.abi.json /Users/runner/work/orbit/orbit/.ewc-probe/.dd-ios/Build/Products/Debug-iphonesimulator/OrbitKit.swiftmodule/arm64-apple-ios-simulator.abi.json

Copy /Users/runner/work/orbit/orbit/.ewc-probe/.dd-ios/Build/Products/Debug-iphonesimulator/OrbitKit.swiftmodule/Project/arm64-apple-ios-simulator.swiftsourceinfo /Users/runner/work/orbit/orbit/.ewc-probe/.dd-ios/Build/Intermediates.noindex/OrbitKit.build/Debug-iphonesimulator/OrbitKit.build/Objects-normal/arm64/OrbitKit.swiftsourceinfo (in target 'OrbitKit' from project 'OrbitKit')
    cd /Users/runner/work/orbit/orbit/src/macos/OrbitKit
    builtin-copy -exclude .DS_Store -exclude CVS -exclude .svn -exclude .git -exclude .hg -resolve-src-symlinks -rename /Users/runner/work/orbit/orbit/.ewc-probe/.dd-ios/Build/Intermediates.noindex/OrbitKit.build/Debug-iphonesimulator/OrbitKit.build/Objects-normal/arm64/OrbitKit.swiftsourceinfo /Users/runner/work/orbit/orbit/.ewc-probe/.dd-ios/Build/Products/Debug-iphonesimulator/OrbitKit.swiftmodule/Project/arm64-apple-ios-simulator.swiftsourceinfo

SwiftCompile normal arm64 Compiling\ SessionViews.swift,\ SessionWorkspaceMove.swift,\ SettingsHome.swift,\ ShareMarkdown.swift,\ SharePanel.swift,\ SharedLinksList.swift,\ SharedPoolAdapter.swift,\ SharedPoolPage.swift,\ SkillsLogic.swift,\ StartProject.swift,\ TagChipColor.swift,\ TaskDetailPage.swift,\ TaskJudgment.swift,\ TaskListCopy.swift,\ TaskListLogic.swift,\ TaskPageIncrementalReducer.swift,\ TaskReopen.swift,\ TaskRunHandoff.swift,\ TextFilePreview.swift,\ ToastFeed.swift,\ UnifiedDiff.swift,\ WatchEditing.swift,\ WatchProjection.swift,\ WatchStateMachine.swift /Users/runner/work/orbit/orbit/src/macos/OrbitKit/Sources/OrbitKit/App/SessionViews.swift /Users/runner/work/orbit/orbit/src/macos/OrbitKit/Sources/OrbitKit/App/SessionWorkspaceMove.swift /Users/runner/work/orbit/orbit/src/macos/OrbitKit/Sources/OrbitKit/App/SettingsHome.swift /Users/runner/work/orbit/orbit/src/macos/OrbitKit/Sources/OrbitKit/App/ShareMarkdown.swift /Users/runner/work/orbit/orbit/src/macos/OrbitKit/Sources/OrbitKit/App/SharePanel.swift /Users/runner/work/orbit/orbit/src/macos/OrbitKit/Sources/OrbitKit/App/SharedLinksList.swift /Users/runner/work/orbit/orbit/src/macos/OrbitKit/Sources/OrbitKit/App/SharedPoolAdapter.swift /Users/runner/work/orbit/orbit/src/macos/OrbitKit/Sources/OrbitKit/App/SharedPoolPage.swift /Users/runner/work/orbit/orbit/src/macos/OrbitKit/Sources/OrbitKit/App/SkillsLogic.swift /Users/runner/work/orbit/orbit/src/macos/OrbitKit/Sources/OrbitKit/App/StartProject.swift /Users/runner/work/orbit/orbit/src/macos/OrbitKit/Sources/OrbitKit/App/TagChipColor.swift /Users/runner/work/orbit/orbit/src/macos/OrbitKit/Sources/OrbitKit/App/TaskDetailPage.swift /Users/runner/work/orbit/orbit/src/macos/OrbitKit/Sources/OrbitKit/App/TaskJudgment.swift /Users/runner/work/orbit/orbit/src/macos/OrbitKit/Sources/OrbitKit/App/TaskListCopy.swift /Users/runner/work/orbit/orbit/src/macos/OrbitKit/Sources/OrbitKit/App/TaskListLogic.swift /Users/runner/work/orbit/orbit/src/macos/OrbitKit/Sources/OrbitKit/App/TaskPageIncrementalReducer.swift /Users/runner/work/orbit/orbit/src/macos/OrbitKit/Sources/OrbitKit/App/TaskReopen.swift /Users/runner/work/orbit/orbit/src/macos/OrbitKit/Sources/OrbitKit/App/TaskRunHandoff.swift /Users/runner/work/orbit/orbit/src/macos/OrbitKit/Sources/OrbitKit/App/TextFilePreview.swift /Users/runner/work/orbit/orbit/src/macos/OrbitKit/Sources/OrbitKit/App/ToastFeed.swift /Users/runner/work/orbit/orbit/src/macos/OrbitKit/Sources/OrbitKit/App/UnifiedDiff.swift /Users/runner/work/orbit/orbit/src/macos/OrbitKit/Sources/OrbitKit/App/WatchEditing.swift /Users/runner/work/orbit/orbit/src/macos/OrbitKit/Sources/OrbitKit/App/WatchProjection.swift /Users/runner/work/orbit/orbit/src/macos/OrbitKit/Sources/OrbitKit/App/WatchStateMachine.swift (in target 'OrbitKit' from project 'OrbitKit')
SwiftCompile normal arm64 /Users/runner/work/orbit/orbit/src/macos/OrbitKit/Sources/OrbitKit/App/SessionViews.swift (in target 'OrbitKit' from project 'OrbitKit')
    cd /Users/runner/work/orbit/orbit/.ewc-probe/EwcProbe.xcodeproj
    

SwiftCompile normal arm64 /Users/runner/work/orbit/orbit/src/macos/OrbitKit/Sources/OrbitKit/App/SessionWorkspaceMove.swift (in target 'OrbitKit' from project 'OrbitKit')
    cd /Users/runner/work/orbit/orbit/.ewc-probe/EwcProbe.xcodeproj
    

SwiftCompile normal arm64 /Users/runner/work/orbit/orbit/src/macos/OrbitKit/Sources/OrbitKit/App/SettingsHome.swift (in target 'OrbitKit' from project 'OrbitKit')
    cd /Users/runner/work/orbit/orbit/.ewc-probe/EwcProbe.xcodeproj
    

SwiftCompile normal arm64 /Users/runner/work/orbit/orbit/src/macos/OrbitKit/Sources/OrbitKit/App/ShareMarkdown.swift (in target 'OrbitKit' from project 'OrbitKit')
    cd /Users/runner/work/orbit/orbit/.ewc-probe/EwcProbe.xcodeproj
    

SwiftCompile normal arm64 /Users/runner/work/orbit/orbit/src/macos/OrbitKit/Sources/OrbitKit/App/SharePanel.swift (in target 'OrbitKit' from project 'OrbitKit')
    cd /Users/runner/work/orbit/orbit/.ewc-probe/EwcProbe.xcodeproj
    

SwiftCompile normal arm64 /Users/runner/work/orbit/orbit/src/macos/OrbitKit/Sources/OrbitKit/App/SharedLinksList.swift (in target 'OrbitKit' from project 'OrbitKit')
    cd /Users/runner/work/orbit/orbit/.ewc-probe/EwcProbe.xcodeproj
    

SwiftCompile normal arm64 /Users/runner/work/orbit/orbit/src/macos/OrbitKit/Sources/OrbitKit/App/SharedPoolAdapter.swift (in target 'OrbitKit' from project 'OrbitKit')
    cd /Users/runner/work/orbit/orbit/.ewc-probe/EwcProbe.xcodeproj
    

SwiftCompile normal arm64 /Users/runner/work/orbit/orbit/src/macos/OrbitKit/Sources/OrbitKit/App/SharedPoolPage.swift (in target 'OrbitKit' from project 'OrbitKit')
    cd /Users/runner/work/orbit/orbit/.ewc-probe/EwcProbe.xcodeproj
    

SwiftCompile normal arm64 /Users/runner/work/orbit/orbit/src/macos/OrbitKit/Sources/OrbitKit/App/SkillsLogic.swift (in target 'OrbitKit' from project 'OrbitKit')
    cd /Users/runner/work/orbit/orbit/.ewc-probe/EwcProbe.xcodeproj
    

SwiftCompile normal arm64 /Users/runner/work/orbit/orbit/src/macos/OrbitKit/Sources/OrbitKit/App/StartProject.swift (in target 'OrbitKit' from project 'OrbitKit')
    cd /Users/runner/work/orbit/orbit/.ewc-probe/EwcProbe.xcodeproj
    

SwiftCompile normal arm64 /Users/runner/work/orbit/orbit/src/macos/OrbitKit/Sources/OrbitKit/App/TagChipColor.swift (in target 'OrbitKit' from project 'OrbitKit')
    cd /Users/runner/work/orbit/orbit/.ewc-probe/EwcProbe.xcodeproj
    

SwiftCompile normal arm64 /Users/runner/work/orbit/orbit/src/macos/OrbitKit/Sources/OrbitKit/App/TaskDetailPage.swift (in target 'OrbitKit' from project 'OrbitKit')
    cd /Users/runner/work/orbit/orbit/.ewc-probe/EwcProbe.xcodeproj
    

SwiftCompile normal arm64 /Users/runner/work/orbit/orbit/src/macos/OrbitKit/Sources/OrbitKit/App/TaskJudgment.swift (in target 'OrbitKit' from project 'OrbitKit')
    cd /Users/runner/work/orbit/orbit/.ewc-probe/EwcProbe.xcodeproj
    

SwiftCompile normal arm64 /Users/runner/work/orbit/orbit/src/macos/OrbitKit/Sources/OrbitKit/App/TaskListCopy.swift (in target 'OrbitKit' from project 'OrbitKit')
    cd /Users/runner/work/orbit/orbit/.ewc-probe/EwcProbe.xcodeproj
    

SwiftCompile normal arm64 /Users/runner/work/orbit/orbit/src/macos/OrbitKit/Sources/OrbitKit/App/TaskListLogic.swift (in target 'OrbitKit' from project 'OrbitKit')
    cd /Users/runner/work/orbit/orbit/.ewc-probe/EwcProbe.xcodeproj
    

SwiftCompile normal arm64 /Users/runner/work/orbit/orbit/src/macos/OrbitKit/Sources/OrbitKit/App/TaskPageIncrementalReducer.swift (in target 'OrbitKit' from project 'OrbitKit')
    cd /Users/runner/work/orbit/orbit/.ewc-probe/EwcProbe.xcodeproj
    

SwiftCompile normal arm64 /Users/runner/work/orbit/orbit/src/macos/OrbitKit/Sources/OrbitKit/App/TaskReopen.swift (in target 'OrbitKit' from project 'OrbitKit')
    cd /Users/runner/work/orbit/orbit/.ewc-probe/EwcProbe.xcodeproj
    

SwiftCompile normal arm64 /Users/runner/work/orbit/orbit/src/macos/OrbitKit/Sources/OrbitKit/App/TaskRunHandoff.swift (in target 'OrbitKit' from project 'OrbitKit')
    cd /Users/runner/work/orbit/orbit/.ewc-probe/EwcProbe.xcodeproj
    

SwiftCompile normal arm64 /Users/runner/work/orbit/orbit/src/macos/OrbitKit/Sources/OrbitKit/App/TextFilePreview.swift (in target 'OrbitKit' from project 'OrbitKit')
    cd /Users/runner/work/orbit/orbit/.ewc-probe/EwcProbe.xcodeproj
    

SwiftCompile normal arm64 /Users/runner/work/orbit/orbit/src/macos/OrbitKit/Sources/OrbitKit/App/ToastFeed.swift (in target 'OrbitKit' from project 'OrbitKit')
    cd /Users/runner/work/orbit/orbit/.ewc-probe/EwcProbe.xcodeproj
    

SwiftCompile normal arm64 /Users/runner/work/orbit/orbit/src/macos/OrbitKit/Sources/OrbitKit/App/UnifiedDiff.swift (in target 'OrbitKit' from project 'OrbitKit')
    cd /Users/runner/work/orbit/orbit/.ewc-probe/EwcProbe.xcodeproj
    

SwiftCompile normal arm64 /Users/runner/work/orbit/orbit/src/macos/OrbitKit/Sources/OrbitKit/App/WatchEditing.swift (in target 'OrbitKit' from project 'OrbitKit')
    cd /Users/runner/work/orbit/orbit/.ewc-probe/EwcProbe.xcodeproj
    

SwiftCompile normal arm64 /Users/runner/work/orbit/orbit/src/macos/OrbitKit/Sources/OrbitKit/App/WatchProjection.swift (in target 'OrbitKit' from project 'OrbitKit')
    cd /Users/runner/work/orbit/orbit/.ewc-probe/EwcProbe.xcodeproj
    

SwiftCompile normal arm64 /Users/runner/work/orbit/orbit/src/macos/OrbitKit/Sources/OrbitKit/App/WatchStateMachine.swift (in target 'OrbitKit' from project 'OrbitKit')
    cd /Users/runner/work/orbit/orbit/.ewc-probe/EwcProbe.xcodeproj
    

SwiftDriverJobDiscovery normal arm64 Compiling OrbitLinkDestination.swift, OrbitLinkPlacement.swift, OrbitLinkStore.swift, OwnerConfirmation.swift, OwnerConfirmationReview.swift, OwnerItemCards.swift, PendingSessionOperations.swift, PinnedCache.swift, ProjectAttention.swift, ProjectCrossings.swift, ProjectDone.swift, ProjectGraphLayout.swift, ProjectPage.swift, ProjectPageSections.swift, ProjectRunSettings.swift, ProjectTimeline.swift, ProviderPoolLogic.swift, ProvidersOverview.swift, RecentsLogic.swift, RefreshControlClearance.swift, RelativeTime.swift, RetryRoute.swift, RowSwipeGeometry.swift, RunnerAttention.swift (in target 'OrbitKit' from project 'OrbitKit')

SwiftCompile normal arm64 Compiling\ LinkPreviews.swift,\ ManagedRunner.swift,\ MergeRecovery.swift,\ OpenListDelta.swift,\ Preferences.swift,\ ProjectDetail.swift,\ ProjectOwnerItems.swift,\ ProjectPlan.swift,\ Projects.swift,\ ProviderBalance.swift,\ ProviderPools.swift,\ Providers.swift,\ PublicID.swift,\ Push.swift,\ RunEvent.swift,\ Runners.swift,\ SessionCreatedTasks.swift,\ SessionFolder.swift,\ SessionMoveTargets.swift,\ SessionProjectMembership.swift,\ ShareLinks.swift,\ SharedPools.swift,\ SourceRefusal.swift /Users/runner/work/orbit/orbit/src/macos/OrbitKit/Sources/OrbitKit/Models/LinkPreviews.swift /Users/runner/work/orbit/orbit/src/macos/OrbitKit/Sources/OrbitKit/Models/ManagedRunner.swift /Users/runner/work/orbit/orbit/src/macos/OrbitKit/Sources/OrbitKit/Models/MergeRecovery.swift /Users/runner/work/orbit/orbit/src/macos/OrbitKit/Sources/OrbitKit/Models/OpenListDelta.swift /Users/runner/work/orbit/orbit/src/macos/OrbitKit/Sources/OrbitKit/Models/Preferences.swift /Users/runner/work/orbit/orbit/src/macos/OrbitKit/Sources/OrbitKit/Models/ProjectDetail.swift /Users/runner/work/orbit/orbit/src/macos/OrbitKit/Sources/OrbitKit/Models/ProjectOwnerItems.swift /Users/runner/work/orbit/orbit/src/macos/OrbitKit/Sources/OrbitKit/Models/ProjectPlan.swift /Users/runner/work/orbit/orbit/src/macos/OrbitKit/Sources/OrbitKit/Models/Projects.swift /Users/runner/work/orbit/orbit/src/macos/OrbitKit/Sources/OrbitKit/Models/ProviderBalance.swift /Users/runner/work/orbit/orbit/src/macos/OrbitKit/Sources/OrbitKit/Models/ProviderPools.swift /Users/runner/work/orbit/orbit/src/macos/OrbitKit/Sources/OrbitKit/Models/Providers.swift /Users/runner/work/orbit/orbit/src/macos/OrbitKit/Sources/OrbitKit/Models/PublicID.swift /Users/runner/work/orbit/orbit/src/macos/OrbitKit/Sources/OrbitKit/Models/Push.swift /Users/runner/work/orbit/orbit/src/macos/OrbitKit/Sources/OrbitKit/Models/RunEvent.swift /Users/runner/work/orbit/orbit/src/macos/OrbitKit/Sources/OrbitKit/Models/Runners.swift /Users/runner/work/orbit/orbit/src/macos/OrbitKit/Sources/OrbitKit/Models/SessionCreatedTasks.swift /Users/runner/work/orbit/orbit/src/macos/OrbitKit/Sources/OrbitKit/Models/SessionFolder.swift /Users/runner/work/orbit/orbit/src/macos/OrbitKit/Sources/OrbitKit/Models/SessionMoveTargets.swift /Users/runner/work/orbit/orbit/src/macos/OrbitKit/Sources/OrbitKit/Models/SessionProjectMembership.swift /Users/runner/work/orbit/orbit/src/macos/OrbitKit/Sources/OrbitKit/Models/ShareLinks.swift /Users/runner/work/orbit/orbit/src/macos/OrbitKit/Sources/OrbitKit/Models/SharedPools.swift /Users/runner/work/orbit/orbit/src/macos/OrbitKit/Sources/OrbitKit/Models/SourceRefusal.swift (in target 'OrbitKit' from project 'OrbitKit')
SwiftCompile normal arm64 /Users/runner/work/orbit/orbit/src/macos/OrbitKit/Sources/OrbitKit/Models/LinkPreviews.swift (in target 'OrbitKit' from project 'OrbitKit')
    cd /Users/runner/work/orbit/orbit/.ewc-probe/EwcProbe.xcodeproj
    

SwiftCompile normal arm64 /Users/runner/work/orbit/orbit/src/macos/OrbitKit/Sources/OrbitKit/Models/ManagedRunner.swift (in target 'OrbitKit' from project 'OrbitKit')
    cd /Users/runner/work/orbit/orbit/.ewc-probe/EwcProbe.xcodeproj
    

SwiftCompile normal arm64 /Users/runner/work/orbit/orbit/src/macos/OrbitKit/Sources/OrbitKit/Models/MergeRecovery.swift (in target 'OrbitKit' from project 'OrbitKit')
    cd /Users/runner/work/orbit/orbit/.ewc-probe/EwcProbe.xcodeproj
    

SwiftCompile normal arm64 /Users/runner/work/orbit/orbit/src/macos/OrbitKit/Sources/OrbitKit/Models/OpenListDelta.swift (in target 'OrbitKit' from project 'OrbitKit')
    cd /Users/runner/work/orbit/orbit/.ewc-probe/EwcProbe.xcodeproj
    

SwiftCompile normal arm64 /Users/runner/work/orbit/orbit/src/macos/OrbitKit/Sources/OrbitKit/Models/Preferences.swift (in target 'OrbitKit' from project 'OrbitKit')
    cd /Users/runner/work/orbit/orbit/.ewc-probe/EwcProbe.xcodeproj
    

SwiftCompile normal arm64 /Users/runner/work/orbit/orbit/src/macos/OrbitKit/Sources/OrbitKit/Models/ProjectDetail.swift (in target 'OrbitKit' from project 'OrbitKit')
    cd /Users/runner/work/orbit/orbit/.ewc-probe/EwcProbe.xcodeproj
    

SwiftCompile normal arm64 /Users/runner/work/orbit/orbit/src/macos/OrbitKit/Sources/OrbitKit/Models/ProjectOwnerItems.swift (in target 'OrbitKit' from project 'OrbitKit')
    cd /Users/runner/work/orbit/orbit/.ewc-probe/EwcProbe.xcodeproj
    

SwiftCompile normal arm64 /Users/runner/work/orbit/orbit/src/macos/OrbitKit/Sources/OrbitKit/Models/ProjectPlan.swift (in target 'OrbitKit' from project 'OrbitKit')
    cd /Users/runner/work/orbit/orbit/.ewc-probe/EwcProbe.xcodeproj
    

SwiftCompile normal arm64 /Users/runner/work/orbit/orbit/src/macos/OrbitKit/Sources/OrbitKit/Models/Projects.swift (in target 'OrbitKit' from project 'OrbitKit')
    cd /Users/runner/work/orbit/orbit/.ewc-probe/EwcProbe.xcodeproj
    

SwiftCompile normal arm64 /Users/runner/work/orbit/orbit/src/macos/OrbitKit/Sources/OrbitKit/Models/ProviderBalance.swift (in target 'OrbitKit' from project 'OrbitKit')
    cd /Users/runner/work/orbit/orbit/.ewc-probe/EwcProbe.xcodeproj
    

SwiftCompile normal arm64 /Users/runner/work/orbit/orbit/src/macos/OrbitKit/Sources/OrbitKit/Models/ProviderPools.swift (in target 'OrbitKit' from project 'OrbitKit')
    cd /Users/runner/work/orbit/orbit/.ewc-probe/EwcProbe.xcodeproj
    

SwiftCompile normal arm64 /Users/runner/work/orbit/orbit/src/macos/OrbitKit/Sources/OrbitKit/Models/Providers.swift (in target 'OrbitKit' from project 'OrbitKit')
    cd /Users/runner/work/orbit/orbit/.ewc-probe/EwcProbe.xcodeproj
    

SwiftCompile normal arm64 /Users/runner/work/orbit/orbit/src/macos/OrbitKit/Sources/OrbitKit/Models/PublicID.swift (in target 'OrbitKit' from project 'OrbitKit')
    cd /Users/runner/work/orbit/orbit/.ewc-probe/EwcProbe.xcodeproj
    

SwiftCompile normal arm64 /Users/runner/work/orbit/orbit/src/macos/OrbitKit/Sources/OrbitKit/Models/Push.swift (in target 'OrbitKit' from project 'OrbitKit')
    cd /Users/runner/work/orbit/orbit/.ewc-probe/EwcProbe.xcodeproj
    

SwiftCompile normal arm64 /Users/runner/work/orbit/orbit/src/macos/OrbitKit/Sources/OrbitKit/Models/RunEvent.swift (in target 'OrbitKit' from project 'OrbitKit')
    cd /Users/runner/work/orbit/orbit/.ewc-probe/EwcProbe.xcodeproj
    

SwiftCompile normal arm64 /Users/runner/work/orbit/orbit/src/macos/OrbitKit/Sources/OrbitKit/Models/Runners.swift (in target 'OrbitKit' from project 'OrbitKit')
    cd /Users/runner/work/orbit/orbit/.ewc-probe/EwcProbe.xcodeproj
    

SwiftCompile normal arm64 /Users/runner/work/orbit/orbit/src/macos/OrbitKit/Sources/OrbitKit/Models/SessionCreatedTasks.swift (in target 'OrbitKit' from project 'OrbitKit')
    cd /Users/runner/work/orbit/orbit/.ewc-probe/EwcProbe.xcodeproj
    

SwiftCompile normal arm64 /Users/runner/work/orbit/orbit/src/macos/OrbitKit/Sources/OrbitKit/Models/SessionFolder.swift (in target 'OrbitKit' from project 'OrbitKit')
    cd /Users/runner/work/orbit/orbit/.ewc-probe/EwcProbe.xcodeproj
    

SwiftCompile normal arm64 /Users/runner/work/orbit/orbit/src/macos/OrbitKit/Sources/OrbitKit/Models/SessionMoveTargets.swift (in target 'OrbitKit' from project 'OrbitKit')
    cd /Users/runner/work/orbit/orbit/.ewc-probe/EwcProbe.xcodeproj
    

SwiftCompile normal arm64 /Users/runner/work/orbit/orbit/src/macos/OrbitKit/Sources/OrbitKit/Models/SessionProjectMembership.swift (in target 'OrbitKit' from project 'OrbitKit')
    cd /Users/runner/work/orbit/orbit/.ewc-probe/EwcProbe.xcodeproj
    

SwiftCompile normal arm64 /Users/runner/work/orbit/orbit/src/macos/OrbitKit/Sources/OrbitKit/Models/ShareLinks.swift (in target 'OrbitKit' from project 'OrbitKit')
    cd /Users/runner/work/orbit/orbit/.ewc-probe/EwcProbe.xcodeproj
    

SwiftCompile normal arm64 /Users/runner/work/orbit/orbit/src/macos/OrbitKit/Sources/OrbitKit/Models/SharedPools.swift (in target 'OrbitKit' from project 'OrbitKit')
    cd /Users/runner/work/orbit/orbit/.ewc-probe/EwcProbe.xcodeproj
    

SwiftCompile normal arm64 /Users/runner/work/orbit/orbit/src/macos/OrbitKit/Sources/OrbitKit/Models/SourceRefusal.swift (in target 'OrbitKit' from project 'OrbitKit')
    cd /Users/runner/work/orbit/orbit/.ewc-probe/EwcProbe.xcodeproj
    

SwiftCompile normal arm64 Compiling\ AccessTokensList.swift,\ AccountPause.swift,\ AddPoolKey.swift,\ AgentDefaults.swift,\ AgentListLogic.swift,\ AppSection.swift,\ ApprovalReviewDrafts.swift,\ Approvals.swift,\ ArtifactByteCache.swift,\ AttachmentLink.swift,\ AutoRetryLogic.swift,\ BackgroundWake.swift,\ BatchReview.swift,\ BatchTree.swift,\ BottomSearchReveal.swift,\ CoalescedRefreshQueue.swift,\ CodexAccounts.swift,\ CodexLoginPool.swift,\ CodexPoolPage.swift,\ CodexSignIn.swift,\ Composer.swift,\ CriteriaChange.swift,\ CriteriaDecision.swift,\ DeepLink.swift /Users/runner/work/orbit/orbit/src/macos/OrbitKit/Sources/OrbitKit/App/AccessTokensList.swift /Users/runner/work/orbit/orbit/src/macos/OrbitKit/Sources/OrbitKit/App/AccountPause.swift /Users/runner/work/orbit/orbit/src/macos/OrbitKit/Sources/OrbitKit/App/AddPoolKey.swift /Users/runner/work/orbit/orbit/src/macos/OrbitKit/Sources/OrbitKit/App/AgentDefaults.swift /Users/runner/work/orbit/orbit/src/macos/OrbitKit/Sources/OrbitKit/App/AgentListLogic.swift /Users/runner/work/orbit/orbit/src/macos/OrbitKit/Sources/OrbitKit/App/AppSection.swift /Users/runner/work/orbit/orbit/src/macos/OrbitKit/Sources/OrbitKit/App/ApprovalReviewDrafts.swift /Users/runner/work/orbit/orbit/src/macos/OrbitKit/Sources/OrbitKit/App/Approvals.swift /Users/runner/work/orbit/orbit/src/macos/OrbitKit/Sources/OrbitKit/App/ArtifactByteCache.swift /Users/runner/work/orbit/orbit/src/macos/OrbitKit/Sources/OrbitKit/App/AttachmentLink.swift /Users/runner/work/orbit/orbit/src/macos/OrbitKit/Sources/OrbitKit/App/AutoRetryLogic.swift /Users/runner/work/orbit/orbit/src/macos/OrbitKit/Sources/OrbitKit/App/BackgroundWake.swift /Users/runner/work/orbit/orbit/src/macos/OrbitKit/Sources/OrbitKit/App/BatchReview.swift /Users/runner/work/orbit/orbit/src/macos/OrbitKit/Sources/OrbitKit/App/BatchTree.swift /Users/runner/work/orbit/orbit/src/macos/OrbitKit/Sources/OrbitKit/App/BottomSearchReveal.swift /Users/runner/work/orbit/orbit/src/macos/OrbitKit/Sources/OrbitKit/App/CoalescedRefreshQueue.swift /Users/runner/work/orbit/orbit/src/macos/OrbitKit/Sources/OrbitKit/App/CodexAccounts.swift /Users/runner/work/orbit/orbit/src/macos/OrbitKit/Sources/OrbitKit/App/CodexLoginPool.swift /Users/runner/work/orbit/orbit/src/macos/OrbitKit/Sources/OrbitKit/App/CodexPoolPage.swift /Users/runner/work/orbit/orbit/src/macos/OrbitKit/Sources/OrbitKit/App/CodexSignIn.swift /Users/runner/work/orbit/orbit/src/macos/OrbitKit/Sources/OrbitKit/App/Composer.swift /Users/runner/work/orbit/orbit/src/macos/OrbitKit/Sources/OrbitKit/App/CriteriaChange.swift /Users/runner/work/orbit/orbit/src/macos/OrbitKit/Sources/OrbitKit/App/CriteriaDecision.swift /Users/runner/work/orbit/orbit/src/macos/OrbitKit/Sources/OrbitKit/App/DeepLink.swift (in target 'OrbitKit' from project 'OrbitKit')

SwiftCompile normal arm64 /Users/runner/work/orbit/orbit/src/macos/OrbitKit/Sources/OrbitKit/App/AccessTokensList.swift (in target 'OrbitKit' from project 'OrbitKit')
    cd /Users/runner/work/orbit/orbit/.ewc-probe/EwcProbe.xcodeproj
    

SwiftCompile normal arm64 /Users/runner/work/orbit/orbit/src/macos/OrbitKit/Sources/OrbitKit/App/AccountPause.swift (in target 'OrbitKit' from project 'OrbitKit')
    cd /Users/runner/work/orbit/orbit/.ewc-probe/EwcProbe.xcodeproj
    

SwiftCompile normal arm64 /Users/runner/work/orbit/orbit/src/macos/OrbitKit/Sources/OrbitKit/App/AddPoolKey.swift (in target 'OrbitKit' from project 'OrbitKit')
    cd /Users/runner/work/orbit/orbit/.ewc-probe/EwcProbe.xcodeproj
    

SwiftCompile normal arm64 /Users/runner/work/orbit/orbit/src/macos/OrbitKit/Sources/OrbitKit/App/AgentDefaults.swift (in target 'OrbitKit' from project 'OrbitKit')
    cd /Users/runner/work/orbit/orbit/.ewc-probe/EwcProbe.xcodeproj
    

SwiftCompile normal arm64 /Users/runner/work/orbit/orbit/src/macos/OrbitKit/Sources/OrbitKit/App/AgentListLogic.swift (in target 'OrbitKit' from project 'OrbitKit')
    cd /Users/runner/work/orbit/orbit/.ewc-probe/EwcProbe.xcodeproj
    

SwiftCompile normal arm64 /Users/runner/work/orbit/orbit/src/macos/OrbitKit/Sources/OrbitKit/App/AppSection.swift (in target 'OrbitKit' from project 'OrbitKit')
    cd /Users/runner/work/orbit/orbit/.ewc-probe/EwcProbe.xcodeproj
    

SwiftCompile normal arm64 /Users/runner/work/orbit/orbit/src/macos/OrbitKit/Sources/OrbitKit/App/ApprovalReviewDrafts.swift (in target 'OrbitKit' from project 'OrbitKit')
    cd /Users/runner/work/orbit/orbit/.ewc-probe/EwcProbe.xcodeproj
    

SwiftCompile normal arm64 /Users/runner/work/orbit/orbit/src/macos/OrbitKit/Sources/OrbitKit/App/Approvals.swift (in target 'OrbitKit' from project 'OrbitKit')
    cd /Users/runner/work/orbit/orbit/.ewc-probe/EwcProbe.xcodeproj
    

SwiftCompile normal arm64 /Users/runner/work/orbit/orbit/src/macos/OrbitKit/Sources/OrbitKit/App/ArtifactByteCache.swift (in target 'OrbitKit' from project 'OrbitKit')
    cd /Users/runner/work/orbit/orbit/.ewc-probe/EwcProbe.xcodeproj
    

SwiftCompile normal arm64 /Users/runner/work/orbit/orbit/src/macos/OrbitKit/Sources/OrbitKit/App/AttachmentLink.swift (in target 'OrbitKit' from project 'OrbitKit')
    cd /Users/runner/work/orbit/orbit/.ewc-probe/EwcProbe.xcodeproj
    

SwiftCompile normal arm64 /Users/runner/work/orbit/orbit/src/macos/OrbitKit/Sources/OrbitKit/App/AutoRetryLogic.swift (in target 'OrbitKit' from project 'OrbitKit')
    cd /Users/runner/work/orbit/orbit/.ewc-probe/EwcProbe.xcodeproj
    

SwiftCompile normal arm64 /Users/runner/work/orbit/orbit/src/macos/OrbitKit/Sources/OrbitKit/App/BackgroundWake.swift (in target 'OrbitKit' from project 'OrbitKit')
    cd /Users/runner/work/orbit/orbit/.ewc-probe/EwcProbe.xcodeproj
    

SwiftCompile normal arm64 /Users/runner/work/orbit/orbit/src/macos/OrbitKit/Sources/OrbitKit/App/BatchReview.swift (in target 'OrbitKit' from project 'OrbitKit')
    cd /Users/runner/work/orbit/orbit/.ewc-probe/EwcProbe.xcodeproj
    

SwiftCompile normal arm64 /Users/runner/work/orbit/orbit/src/macos/OrbitKit/Sources/OrbitKit/App/BatchTree.swift (in target 'OrbitKit' from project 'OrbitKit')
    cd /Users/runner/work/orbit/orbit/.ewc-probe/EwcProbe.xcodeproj
    

SwiftCompile normal arm64 /Users/runner/work/orbit/orbit/src/macos/OrbitKit/Sources/OrbitKit/App/BottomSearchReveal.swift (in target 'OrbitKit' from project 'OrbitKit')
    cd /Users/runner/work/orbit/orbit/.ewc-probe/EwcProbe.xcodeproj
    

SwiftCompile normal arm64 /Users/runner/work/orbit/orbit/src/macos/OrbitKit/Sources/OrbitKit/App/CoalescedRefreshQueue.swift (in target 'OrbitKit' from project 'OrbitKit')
    cd /Users/runner/work/orbit/orbit/.ewc-probe/EwcProbe.xcodeproj
    

SwiftCompile normal arm64 /Users/runner/work/orbit/orbit/src/macos/OrbitKit/Sources/OrbitKit/App/CodexAccounts.swift (in target 'OrbitKit' from project 'OrbitKit')
    cd /Users/runner/work/orbit/orbit/.ewc-probe/EwcProbe.xcodeproj
    

SwiftCompile normal arm64 /Users/runner/work/orbit/orbit/src/macos/OrbitKit/Sources/OrbitKit/App/CodexLoginPool.swift (in target 'OrbitKit' from project 'OrbitKit')
    cd /Users/runner/work/orbit/orbit/.ewc-probe/EwcProbe.xcodeproj
    

SwiftCompile normal arm64 /Users/runner/work/orbit/orbit/src/macos/OrbitKit/Sources/OrbitKit/App/CodexPoolPage.swift (in target 'OrbitKit' from project 'OrbitKit')
    cd /Users/runner/work/orbit/orbit/.ewc-probe/EwcProbe.xcodeproj
    

SwiftCompile normal arm64 /Users/runner/work/orbit/orbit/src/macos/OrbitKit/Sources/OrbitKit/App/CodexSignIn.swift (in target 'OrbitKit' from project 'OrbitKit')
    cd /Users/runner/work/orbit/orbit/.ewc-probe/EwcProbe.xcodeproj
    

SwiftCompile normal arm64 /Users/runner/work/orbit/orbit/src/macos/OrbitKit/Sources/OrbitKit/App/Composer.swift (in target 'OrbitKit' from project 'OrbitKit')
    cd /Users/runner/work/orbit/orbit/.ewc-probe/EwcProbe.xcodeproj
    

SwiftCompile normal arm64 /Users/runner/work/orbit/orbit/src/macos/OrbitKit/Sources/OrbitKit/App/CriteriaChange.swift (in target 'OrbitKit' from project 'OrbitKit')
    cd /Users/runner/work/orbit/orbit/.ewc-probe/EwcProbe.xcodeproj
    

SwiftCompile normal arm64 /Users/runner/work/orbit/orbit/src/macos/OrbitKit/Sources/OrbitKit/App/CriteriaDecision.swift (in target 'OrbitKit' from project 'OrbitKit')
    cd /Users/runner/work/orbit/orbit/.ewc-probe/EwcProbe.xcodeproj
    

SwiftCompile normal arm64 /Users/runner/work/orbit/orbit/src/macos/OrbitKit/Sources/OrbitKit/App/DeepLink.swift (in target 'OrbitKit' from project 'OrbitKit')
    cd /Users/runner/work/orbit/orbit/.ewc-probe/EwcProbe.xcodeproj
    

SwiftDriverJobDiscovery normal arm64 Compiling DeepSeekBalance.swift, DshRuntime.swift, EngineAuth.swift, EngineErrors.swift, EvidenceDecision.swift, ImageViewerGeometry.swift, Infrastructure.swift, KimiSite.swift, LaunchSnapshot.swift, LoadFailureLogic.swift, LoginFailure.swift, ManagedRunnerDisplay.swift, Markdown.swift, MarkdownFileRef.swift, MenuBar.swift, Navigation.swift, NeedsYou.swift, Notifications.swift, OpenCodeKeys.swift, OpenListReader.swift, OpenListRowUpdate.swift, OrbitAskPreview.swift, OrbitLink.swift, OrbitLinkCard.swift (in target 'OrbitKit' from project 'OrbitKit')

SwiftCompile normal arm64 Compiling\ RunnerControl.swift,\ RunnerDownload.swift,\ RunnerPageCopy.swift,\ RunnerPageFormat.swift,\ ServerURL.swift,\ SessionCreatedTasksCopy.swift,\ SessionDetailCache.swift,\ SessionFolderCopy.swift,\ SessionFolderGrouping.swift,\ SessionGrouping.swift,\ SessionHeader.swift,\ SessionLine.swift,\ SessionListingMemo.swift,\ SessionMove.swift,\ SessionProjectCopy.swift,\ SessionProjectGrouping.swift,\ SessionProjectMembers.swift,\ SessionProviderChoices.swift,\ SessionRunStart.swift,\ SessionSearchHighlight.swift,\ SessionStatusGlyph.swift,\ SessionTaskCard.swift,\ SessionTimeGrouping.swift,\ SessionUpsert.swift /Users/runner/work/orbit/orbit/src/macos/OrbitKit/Sources/OrbitKit/App/RunnerControl.swift /Users/runner/work/orbit/orbit/src/macos/OrbitKit/Sources/OrbitKit/App/RunnerDownload.swift /Users/runner/work/orbit/orbit/src/macos/OrbitKit/Sources/OrbitKit/App/RunnerPageCopy.swift /Users/runner/work/orbit/orbit/src/macos/OrbitKit/Sources/OrbitKit/App/RunnerPageFormat.swift /Users/runner/work/orbit/orbit/src/macos/OrbitKit/Sources/OrbitKit/App/ServerURL.swift /Users/runner/work/orbit/orbit/src/macos/OrbitKit/Sources/OrbitKit/App/SessionCreatedTasksCopy.swift /Users/runner/work/orbit/orbit/src/macos/OrbitKit/Sources/OrbitKit/App/SessionDetailCache.swift /Users/runner/work/orbit/orbit/src/macos/OrbitKit/Sources/OrbitKit/App/SessionFolderCopy.swift /Users/runner/work/orbit/orbit/src/macos/OrbitKit/Sources/OrbitKit/App/SessionFolderGrouping.swift /Users/runner/work/orbit/orbit/src/macos/OrbitKit/Sources/OrbitKit/App/SessionGrouping.swift /Users/runner/work/orbit/orbit/src/macos/OrbitKit/Sources/OrbitKit/App/SessionHeader.swift /Users/runner/work/orbit/orbit/src/macos/OrbitKit/Sources/OrbitKit/App/SessionLine.swift /Users/runner/work/orbit/orbit/src/macos/OrbitKit/Sources/OrbitKit/App/SessionListingMemo.swift /Users/runner/work/orbit/orbit/src/macos/OrbitKit/Sources/OrbitKit/App/SessionMove.swift /Users/runner/work/orbit/orbit/src/macos/OrbitKit/Sources/OrbitKit/App/SessionProjectCopy.swift /Users/runner/work/orbit/orbit/src/macos/OrbitKit/Sources/OrbitKit/App/SessionProjectGrouping.swift /Users/runner/work/orbit/orbit/src/macos/OrbitKit/Sources/OrbitKit/App/SessionProjectMembers.swift /Users/runner/work/orbit/orbit/src/macos/OrbitKit/Sources/OrbitKit/App/SessionProviderChoices.swift /Users/runner/work/orbit/orbit/src/macos/OrbitKit/Sources/OrbitKit/App/SessionRunStart.swift /Users/runner/work/orbit/orbit/src/macos/OrbitKit/Sources/OrbitKit/App/SessionSearchHighlight.swift /Users/runner/work/orbit/orbit/src/macos/OrbitKit/Sources/OrbitKit/App/SessionStatusGlyph.swift /Users/runner/work/orbit/orbit/src/macos/OrbitKit/Sources/OrbitKit/App/SessionTaskCard.swift /Users/runner/work/orbit/orbit/src/macos/OrbitKit/Sources/OrbitKit/App/SessionTimeGrouping.swift /Users/runner/work/orbit/orbit/src/macos/OrbitKit/Sources/OrbitKit/App/SessionUpsert.swift (in target 'OrbitKit' from project 'OrbitKit')

SwiftCompile normal arm64 /Users/runner/work/orbit/orbit/src/macos/OrbitKit/Sources/OrbitKit/App/RunnerControl.swift (in target 'OrbitKit' from project 'OrbitKit')
    cd /Users/runner/work/orbit/orbit/.ewc-probe/EwcProbe.xcodeproj
    

SwiftCompile normal arm64 /Users/runner/work/orbit/orbit/src/macos/OrbitKit/Sources/OrbitKit/App/RunnerDownload.swift (in target 'OrbitKit' from project 'OrbitKit')
    cd /Users/runner/work/orbit/orbit/.ewc-probe/EwcProbe.xcodeproj
    

SwiftCompile normal arm64 /Users/runner/work/orbit/orbit/src/macos/OrbitKit/Sources/OrbitKit/App/RunnerPageCopy.swift (in target 'OrbitKit' from project 'OrbitKit')
    cd /Users/runner/work/orbit/orbit/.ewc-probe/EwcProbe.xcodeproj
    

SwiftCompile normal arm64 /Users/runner/work/orbit/orbit/src/macos/OrbitKit/Sources/OrbitKit/App/RunnerPageFormat.swift (in target 'OrbitKit' from project 'OrbitKit')
    cd /Users/runner/work/orbit/orbit/.ewc-probe/EwcProbe.xcodeproj
    

SwiftCompile normal arm64 /Users/runner/work/orbit/orbit/src/macos/OrbitKit/Sources/OrbitKit/App/ServerURL.swift (in target 'OrbitKit' from project 'OrbitKit')
    cd /Users/runner/work/orbit/orbit/.ewc-probe/EwcProbe.xcodeproj
    

SwiftCompile normal arm64 /Users/runner/work/orbit/orbit/src/macos/OrbitKit/Sources/OrbitKit/App/SessionCreatedTasksCopy.swift (in target 'OrbitKit' from project 'OrbitKit')
    cd /Users/runner/work/orbit/orbit/.ewc-probe/EwcProbe.xcodeproj
    

SwiftCompile normal arm64 /Users/runner/work/orbit/orbit/src/macos/OrbitKit/Sources/OrbitKit/App/SessionDetailCache.swift (in target 'OrbitKit' from project 'OrbitKit')
    cd /Users/runner/work/orbit/orbit/.ewc-probe/EwcProbe.xcodeproj
    

SwiftCompile normal arm64 /Users/runner/work/orbit/orbit/src/macos/OrbitKit/Sources/OrbitKit/App/SessionFolderCopy.swift (in target 'OrbitKit' from project 'OrbitKit')
    cd /Users/runner/work/orbit/orbit/.ewc-probe/EwcProbe.xcodeproj
    

SwiftCompile normal arm64 /Users/runner/work/orbit/orbit/src/macos/OrbitKit/Sources/OrbitKit/App/SessionFolderGrouping.swift (in target 'OrbitKit' from project 'OrbitKit')
    cd /Users/runner/work/orbit/orbit/.ewc-probe/EwcProbe.xcodeproj
    

SwiftCompile normal arm64 /Users/runner/work/orbit/orbit/src/macos/OrbitKit/Sources/OrbitKit/App/SessionGrouping.swift (in target 'OrbitKit' from project 'OrbitKit')
    cd /Users/runner/work/orbit/orbit/.ewc-probe/EwcProbe.xcodeproj
    

SwiftCompile normal arm64 /Users/runner/work/orbit/orbit/src/macos/OrbitKit/Sources/OrbitKit/App/SessionHeader.swift (in target 'OrbitKit' from project 'OrbitKit')
    cd /Users/runner/work/orbit/orbit/.ewc-probe/EwcProbe.xcodeproj
    

SwiftCompile normal arm64 /Users/runner/work/orbit/orbit/src/macos/OrbitKit/Sources/OrbitKit/App/SessionLine.swift (in target 'OrbitKit' from project 'OrbitKit')
    cd /Users/runner/work/orbit/orbit/.ewc-probe/EwcProbe.xcodeproj
    

SwiftCompile normal arm64 /Users/runner/work/orbit/orbit/src/macos/OrbitKit/Sources/OrbitKit/App/SessionListingMemo.swift (in target 'OrbitKit' from project 'OrbitKit')
    cd /Users/runner/work/orbit/orbit/.ewc-probe/EwcProbe.xcodeproj
    

SwiftCompile normal arm64 /Users/runner/work/orbit/orbit/src/macos/OrbitKit/Sources/OrbitKit/App/SessionMove.swift (in target 'OrbitKit' from project 'OrbitKit')
    cd /Users/runner/work/orbit/orbit/.ewc-probe/EwcProbe.xcodeproj
    

SwiftCompile normal arm64 /Users/runner/work/orbit/orbit/src/macos/OrbitKit/Sources/OrbitKit/App/SessionProjectCopy.swift (in target 'OrbitKit' from project 'OrbitKit')
    cd /Users/runner/work/orbit/orbit/.ewc-probe/EwcProbe.xcodeproj
    

SwiftCompile normal arm64 /Users/runner/work/orbit/orbit/src/macos/OrbitKit/Sources/OrbitKit/App/SessionProjectGrouping.swift (in target 'OrbitKit' from project 'OrbitKit')
    cd /Users/runner/work/orbit/orbit/.ewc-probe/EwcProbe.xcodeproj
    

SwiftCompile normal arm64 /Users/runner/work/orbit/orbit/src/macos/OrbitKit/Sources/OrbitKit/App/SessionProjectMembers.swift (in target 'OrbitKit' from project 'OrbitKit')
    cd /Users/runner/work/orbit/orbit/.ewc-probe/EwcProbe.xcodeproj
    

SwiftCompile normal arm64 /Users/runner/work/orbit/orbit/src/macos/OrbitKit/Sources/OrbitKit/App/SessionProviderChoices.swift (in target 'OrbitKit' from project 'OrbitKit')
    cd /Users/runner/work/orbit/orbit/.ewc-probe/EwcProbe.xcodeproj
    

SwiftCompile normal arm64 /Users/runner/work/orbit/orbit/src/macos/OrbitKit/Sources/OrbitKit/App/SessionRunStart.swift (in target 'OrbitKit' from project 'OrbitKit')
    cd /Users/runner/work/orbit/orbit/.ewc-probe/EwcProbe.xcodeproj
    

SwiftCompile normal arm64 /Users/runner/work/orbit/orbit/src/macos/OrbitKit/Sources/OrbitKit/App/SessionSearchHighlight.swift (in target 'OrbitKit' from project 'OrbitKit')
    cd /Users/runner/work/orbit/orbit/.ewc-probe/EwcProbe.xcodeproj
    

SwiftCompile normal arm64 /Users/runner/work/orbit/orbit/src/macos/OrbitKit/Sources/OrbitKit/App/SessionStatusGlyph.swift (in target 'OrbitKit' from project 'OrbitKit')
    cd /Users/runner/work/orbit/orbit/.ewc-probe/EwcProbe.xcodeproj
    

SwiftCompile normal arm64 /Users/runner/work/orbit/orbit/src/macos/OrbitKit/Sources/OrbitKit/App/SessionTaskCard.swift (in target 'OrbitKit' from project 'OrbitKit')
    cd /Users/runner/work/orbit/orbit/.ewc-probe/EwcProbe.xcodeproj
    

SwiftCompile normal arm64 /Users/runner/work/orbit/orbit/src/macos/OrbitKit/Sources/OrbitKit/App/SessionTimeGrouping.swift (in target 'OrbitKit' from project 'OrbitKit')
    cd /Users/runner/work/orbit/orbit/.ewc-probe/EwcProbe.xcodeproj
    

SwiftCompile normal arm64 /Users/runner/work/orbit/orbit/src/macos/OrbitKit/Sources/OrbitKit/App/SessionUpsert.swift (in target 'OrbitKit' from project 'OrbitKit')
    cd /Users/runner/work/orbit/orbit/.ewc-probe/EwcProbe.xcodeproj
    

SwiftDriverJobDiscovery normal arm64 Compiling SessionViews.swift, SessionWorkspaceMove.swift, SettingsHome.swift, ShareMarkdown.swift, SharePanel.swift, SharedLinksList.swift, SharedPoolAdapter.swift, SharedPoolPage.swift, SkillsLogic.swift, StartProject.swift, TagChipColor.swift, TaskDetailPage.swift, TaskJudgment.swift, TaskListCopy.swift, TaskListLogic.swift, TaskPageIncrementalReducer.swift, TaskReopen.swift, TaskRunHandoff.swift, TextFilePreview.swift, ToastFeed.swift, UnifiedDiff.swift, WatchEditing.swift, WatchProjection.swift, WatchStateMachine.swift (in target 'OrbitKit' from project 'OrbitKit')

SwiftCompile normal arm64 Compiling\ ReferencedTask.swift,\ ScrubRailGeometry.swift,\ SessionMessage.swift,\ SessionPreviewImages.swift,\ SessionRequest.swift,\ SessionStore.swift,\ SteerDelivery.swift,\ StickyQuestionHold.swift,\ StickySummary.swift,\ TailPinning.swift,\ TaskProgress.swift,\ TaskProgressCopy.swift,\ TaskStart.swift,\ ThinkingSummary.swift,\ ToolDisplay.swift,\ ToolGroupSummary.swift,\ ToolResultContent.swift,\ Transcript.swift,\ TranscriptRecordAnchor.swift,\ TranscriptReducer.swift,\ TranscriptRows.swift,\ TranscriptStore.swift,\ TurnCards.swift /Users/runner/work/orbit/orbit/src/macos/OrbitKit/Sources/OrbitKit/Transcript/ReferencedTask.swift /Users/runner/work/orbit/orbit/src/macos/OrbitKit/Sources/OrbitKit/Transcript/ScrubRailGeometry.swift /Users/runner/work/orbit/orbit/src/macos/OrbitKit/Sources/OrbitKit/Transcript/SessionMessage.swift /Users/runner/work/orbit/orbit/src/macos/OrbitKit/Sources/OrbitKit/Transcript/SessionPreviewImages.swift /Users/runner/work/orbit/orbit/src/macos/OrbitKit/Sources/OrbitKit/Transcript/SessionRequest.swift /Users/runner/work/orbit/orbit/src/macos/OrbitKit/Sources/OrbitKit/Transcript/SessionStore.swift /Users/runner/work/orbit/orbit/src/macos/OrbitKit/Sources/OrbitKit/Transcript/SteerDelivery.swift /Users/runner/work/orbit/orbit/src/macos/OrbitKit/Sources/OrbitKit/Transcript/StickyQuestionHold.swift /Users/runner/work/orbit/orbit/src/macos/OrbitKit/Sources/OrbitKit/Transcript/StickySummary.swift /Users/runner/work/orbit/orbit/src/macos/OrbitKit/Sources/OrbitKit/Transcript/TailPinning.swift /Users/runner/work/orbit/orbit/src/macos/OrbitKit/Sources/OrbitKit/Transcript/TaskProgress.swift /Users/runner/work/orbit/orbit/src/macos/OrbitKit/Sources/OrbitKit/Transcript/TaskProgressCopy.swift /Users/runner/work/orbit/orbit/src/macos/OrbitKit/Sources/OrbitKit/Transcript/TaskStart.swift /Users/runner/work/orbit/orbit/src/macos/OrbitKit/Sources/OrbitKit/Transcript/ThinkingSummary.swift /Users/runner/work/orbit/orbit/src/macos/OrbitKit/Sources/OrbitKit/Transcript/ToolDisplay.swift /Users/runner/work/orbit/orbit/src/macos/OrbitKit/Sources/OrbitKit/Transcript/ToolGroupSummary.swift /Users/runner/work/orbit/orbit/src/macos/OrbitKit/Sources/OrbitKit/Transcript/ToolResultContent.swift /Users/runner/work/orbit/orbit/src/macos/OrbitKit/Sources/OrbitKit/Transcript/Transcript.swift /Users/runner/work/orbit/orbit/src/macos/OrbitKit/Sources/OrbitKit/Transcript/TranscriptRecordAnchor.swift /Users/runner/work/orbit/orbit/src/macos/OrbitKit/Sources/OrbitKit/Transcript/TranscriptReducer.swift /Users/runner/work/orbit/orbit/src/macos/OrbitKit/Sources/OrbitKit/Transcript/TranscriptRows.swift /Users/runner/work/orbit/orbit/src/macos/OrbitKit/Sources/OrbitKit/Transcript/TranscriptStore.swift /Users/runner/work/orbit/orbit/src/macos/OrbitKit/Sources/OrbitKit/Transcript/TurnCards.swift (in target 'OrbitKit' from project 'OrbitKit')
SwiftCompile normal arm64 /Users/runner/work/orbit/orbit/src/macos/OrbitKit/Sources/OrbitKit/Transcript/ReferencedTask.swift (in target 'OrbitKit' from project 'OrbitKit')
    cd /Users/runner/work/orbit/orbit/.ewc-probe/EwcProbe.xcodeproj
    

SwiftCompile normal arm64 /Users/runner/work/orbit/orbit/src/macos/OrbitKit/Sources/OrbitKit/Transcript/ScrubRailGeometry.swift (in target 'OrbitKit' from project 'OrbitKit')
    cd /Users/runner/work/orbit/orbit/.ewc-probe/EwcProbe.xcodeproj
    

SwiftCompile normal arm64 /Users/runner/work/orbit/orbit/src/macos/OrbitKit/Sources/OrbitKit/Transcript/SessionMessage.swift (in target 'OrbitKit' from project 'OrbitKit')
    cd /Users/runner/work/orbit/orbit/.ewc-probe/EwcProbe.xcodeproj
    

SwiftCompile normal arm64 /Users/runner/work/orbit/orbit/src/macos/OrbitKit/Sources/OrbitKit/Transcript/SessionPreviewImages.swift (in target 'OrbitKit' from project 'OrbitKit')
    cd /Users/runner/work/orbit/orbit/.ewc-probe/EwcProbe.xcodeproj
    

SwiftCompile normal arm64 /Users/runner/work/orbit/orbit/src/macos/OrbitKit/Sources/OrbitKit/Transcript/SessionRequest.swift (in target 'OrbitKit' from project 'OrbitKit')
    cd /Users/runner/work/orbit/orbit/.ewc-probe/EwcProbe.xcodeproj
    

SwiftCompile normal arm64 /Users/runner/work/orbit/orbit/src/macos/OrbitKit/Sources/OrbitKit/Transcript/SessionStore.swift (in target 'OrbitKit' from project 'OrbitKit')
    cd /Users/runner/work/orbit/orbit/.ewc-probe/EwcProbe.xcodeproj
    

SwiftCompile normal arm64 /Users/runner/work/orbit/orbit/src/macos/OrbitKit/Sources/OrbitKit/Transcript/SteerDelivery.swift (in target 'OrbitKit' from project 'OrbitKit')
    cd /Users/runner/work/orbit/orbit/.ewc-probe/EwcProbe.xcodeproj
    

SwiftCompile normal arm64 /Users/runner/work/orbit/orbit/src/macos/OrbitKit/Sources/OrbitKit/Transcript/StickyQuestionHold.swift (in target 'OrbitKit' from project 'OrbitKit')
    cd /Users/runner/work/orbit/orbit/.ewc-probe/EwcProbe.xcodeproj
    

SwiftCompile normal arm64 /Users/runner/work/orbit/orbit/src/macos/OrbitKit/Sources/OrbitKit/Transcript/StickySummary.swift (in target 'OrbitKit' from project 'OrbitKit')
    cd /Users/runner/work/orbit/orbit/.ewc-probe/EwcProbe.xcodeproj
    

SwiftCompile normal arm64 /Users/runner/work/orbit/orbit/src/macos/OrbitKit/Sources/OrbitKit/Transcript/TailPinning.swift (in target 'OrbitKit' from project 'OrbitKit')
    cd /Users/runner/work/orbit/orbit/.ewc-probe/EwcProbe.xcodeproj
    

SwiftCompile normal arm64 /Users/runner/work/orbit/orbit/src/macos/OrbitKit/Sources/OrbitKit/Transcript/TaskProgress.swift (in target 'OrbitKit' from project 'OrbitKit')
    cd /Users/runner/work/orbit/orbit/.ewc-probe/EwcProbe.xcodeproj
    

SwiftCompile normal arm64 /Users/runner/work/orbit/orbit/src/macos/OrbitKit/Sources/OrbitKit/Transcript/TaskProgressCopy.swift (in target 'OrbitKit' from project 'OrbitKit')
    cd /Users/runner/work/orbit/orbit/.ewc-probe/EwcProbe.xcodeproj
    

SwiftCompile normal arm64 /Users/runner/work/orbit/orbit/src/macos/OrbitKit/Sources/OrbitKit/Transcript/TaskStart.swift (in target 'OrbitKit' from project 'OrbitKit')
    cd /Users/runner/work/orbit/orbit/.ewc-probe/EwcProbe.xcodeproj
    

SwiftCompile normal arm64 /Users/runner/work/orbit/orbit/src/macos/OrbitKit/Sources/OrbitKit/Transcript/ThinkingSummary.swift (in target 'OrbitKit' from project 'OrbitKit')
    cd /Users/runner/work/orbit/orbit/.ewc-probe/EwcProbe.xcodeproj
    

SwiftCompile normal arm64 /Users/runner/work/orbit/orbit/src/macos/OrbitKit/Sources/OrbitKit/Transcript/ToolDisplay.swift (in target 'OrbitKit' from project 'OrbitKit')
    cd /Users/runner/work/orbit/orbit/.ewc-probe/EwcProbe.xcodeproj
    

SwiftCompile normal arm64 /Users/runner/work/orbit/orbit/src/macos/OrbitKit/Sources/OrbitKit/Transcript/ToolGroupSummary.swift (in target 'OrbitKit' from project 'OrbitKit')
    cd /Users/runner/work/orbit/orbit/.ewc-probe/EwcProbe.xcodeproj
    

SwiftCompile normal arm64 /Users/runner/work/orbit/orbit/src/macos/OrbitKit/Sources/OrbitKit/Transcript/ToolResultContent.swift (in target 'OrbitKit' from project 'OrbitKit')
    cd /Users/runner/work/orbit/orbit/.ewc-probe/EwcProbe.xcodeproj
    

SwiftCompile normal arm64 /Users/runner/work/orbit/orbit/src/macos/OrbitKit/Sources/OrbitKit/Transcript/Transcript.swift (in target 'OrbitKit' from project 'OrbitKit')
    cd /Users/runner/work/orbit/orbit/.ewc-probe/EwcProbe.xcodeproj
    

SwiftCompile normal arm64 /Users/runner/work/orbit/orbit/src/macos/OrbitKit/Sources/OrbitKit/Transcript/TranscriptRecordAnchor.swift (in target 'OrbitKit' from project 'OrbitKit')
    cd /Users/runner/work/orbit/orbit/.ewc-probe/EwcProbe.xcodeproj
    

SwiftCompile normal arm64 /Users/runner/work/orbit/orbit/src/macos/OrbitKit/Sources/OrbitKit/Transcript/TranscriptReducer.swift (in target 'OrbitKit' from project 'OrbitKit')
    cd /Users/runner/work/orbit/orbit/.ewc-probe/EwcProbe.xcodeproj
    

SwiftCompile normal arm64 /Users/runner/work/orbit/orbit/src/macos/OrbitKit/Sources/OrbitKit/Transcript/TranscriptRows.swift (in target 'OrbitKit' from project 'OrbitKit')
    cd /Users/runner/work/orbit/orbit/.ewc-probe/EwcProbe.xcodeproj
    

SwiftCompile normal arm64 /Users/runner/work/orbit/orbit/src/macos/OrbitKit/Sources/OrbitKit/Transcript/TranscriptStore.swift (in target 'OrbitKit' from project 'OrbitKit')
    cd /Users/runner/work/orbit/orbit/.ewc-probe/EwcProbe.xcodeproj
    

SwiftCompile normal arm64 /Users/runner/work/orbit/orbit/src/macos/OrbitKit/Sources/OrbitKit/Transcript/TurnCards.swift (in target 'OrbitKit' from project 'OrbitKit')
    cd /Users/runner/work/orbit/orbit/.ewc-probe/EwcProbe.xcodeproj
    

SwiftDriverJobDiscovery normal arm64 Compiling RunnerControl.swift, RunnerDownload.swift, RunnerPageCopy.swift, RunnerPageFormat.swift, ServerURL.swift, SessionCreatedTasksCopy.swift, SessionDetailCache.swift, SessionFolderCopy.swift, SessionFolderGrouping.swift, SessionGrouping.swift, SessionHeader.swift, SessionLine.swift, SessionListingMemo.swift, SessionMove.swift, SessionProjectCopy.swift, SessionProjectGrouping.swift, SessionProjectMembers.swift, SessionProviderChoices.swift, SessionRunStart.swift, SessionSearchHighlight.swift, SessionStatusGlyph.swift, SessionTaskCard.swift, SessionTimeGrouping.swift, SessionUpsert.swift (in target 'OrbitKit' from project 'OrbitKit')

SwiftDriverJobDiscovery normal arm64 Compiling AccessTokensList.swift, AccountPause.swift, AddPoolKey.swift, AgentDefaults.swift, AgentListLogic.swift, AppSection.swift, ApprovalReviewDrafts.swift, Approvals.swift, ArtifactByteCache.swift, AttachmentLink.swift, AutoRetryLogic.swift, BackgroundWake.swift, BatchReview.swift, BatchTree.swift, BottomSearchReveal.swift, CoalescedRefreshQueue.swift, CodexAccounts.swift, CodexLoginPool.swift, CodexPoolPage.swift, CodexSignIn.swift, Composer.swift, CriteriaChange.swift, CriteriaDecision.swift, DeepLink.swift (in target 'OrbitKit' from project 'OrbitKit')

ProcessProductPackaging "" /Users/runner/work/orbit/orbit/.ewc-probe/.dd-ios/Build/Intermediates.noindex/EwcProbe.build/Debug-iphonesimulator/EwcProbe.build/EwcProbe.app-Simulated.xcent (in target 'EwcProbe' from project 'EwcProbe')
    cd /Users/runner/work/orbit/orbit/.ewc-probe
    
    Entitlements:
    
    {
    "application-identifier" = "FAKETEAMID.io.orbitd.ewcprobe";
}
    
    builtin-productPackagingUtility -entitlements -format xml -o /Users/runner/work/orbit/orbit/.ewc-probe/.dd-ios/Build/Intermediates.noindex/EwcProbe.build/Debug-iphonesimulator/EwcProbe.build/EwcProbe.app-Simulated.xcent

ProcessProductPackagingDER /Users/runner/work/orbit/orbit/.ewc-probe/.dd-ios/Build/Intermediates.noindex/EwcProbe.build/Debug-iphonesimulator/EwcProbe.build/EwcProbe.app-Simulated.xcent /Users/runner/work/orbit/orbit/.ewc-probe/.dd-ios/Build/Intermediates.noindex/EwcProbe.build/Debug-iphonesimulator/EwcProbe.build/EwcProbe.app-Simulated.xcent.der (in target 'EwcProbe' from project 'EwcProbe')
    cd /Users/runner/work/orbit/orbit/.ewc-probe
    /usr/bin/derq query -f xml -i /Users/runner/work/orbit/orbit/.ewc-probe/.dd-ios/Build/Intermediates.noindex/EwcProbe.build/Debug-iphonesimulator/EwcProbe.build/EwcProbe.app-Simulated.xcent -o /Users/runner/work/orbit/orbit/.ewc-probe/.dd-ios/Build/Intermediates.noindex/EwcProbe.build/Debug-iphonesimulator/EwcProbe.build/EwcProbe.app-Simulated.xcent.der --raw

MkDir /Users/runner/work/orbit/orbit/.ewc-probe/.dd-ios/Build/Intermediates.noindex/EwcProbe.build/Debug-iphonesimulator/EwcProbe.build/assetcatalog_output/unthinned (in target 'EwcProbe' from project 'EwcProbe')
    cd /Users/runner/work/orbit/orbit/.ewc-probe
    /bin/mkdir -p /Users/runner/work/orbit/orbit/.ewc-probe/.dd-ios/Build/Intermediates.noindex/EwcProbe.build/Debug-iphonesimulator/EwcProbe.build/assetcatalog_output/unthinned

MkDir /Users/runner/work/orbit/orbit/.ewc-probe/.dd-ios/Build/Intermediates.noindex/EwcProbe.build/Debug-iphonesimulator/EwcProbe.build/assetcatalog_output/thinned (in target 'EwcProbe' from project 'EwcProbe')
    cd /Users/runner/work/orbit/orbit/.ewc-probe
    /bin/mkdir -p /Users/runner/work/orbit/orbit/.ewc-probe/.dd-ios/Build/Intermediates.noindex/EwcProbe.build/Debug-iphonesimulator/EwcProbe.build/assetcatalog_output/thinned

GenerateAssetSymbols /Users/runner/work/orbit/orbit/src/ios/Support/Assets.xcassets (in target 'EwcProbe' from project 'EwcProbe')
    cd /Users/runner/work/orbit/orbit/.ewc-probe
    /Applications/Xcode_26.6.app/Contents/Developer/usr/bin/actool /Users/runner/work/orbit/orbit/src/ios/Support/Assets.xcassets --compile /Users/runner/work/orbit/orbit/.ewc-probe/.dd-ios/Build/Products/Debug-iphonesimulator/EwcProbe.app --output-format human-readable-text --notices --warnings --export-dependency-info /Users/runner/work/orbit/orbit/.ewc-probe/.dd-ios/Build/Intermediates.noindex/EwcProbe.build/Debug-iphonesimulator/EwcProbe.build/assetcatalog_dependencies --output-partial-info-plist /Users/runner/work/orbit/orbit/.ewc-probe/.dd-ios/Build/Intermediates.noindex/EwcProbe.build/Debug-iphonesimulator/EwcProbe.build/assetcatalog_generated_info.plist --app-icon AppIcon --accent-color AccentColor --compress-pngs --enable-on-demand-resources YES --development-region en --target-device iphone --minimum-deployment-target 17.0 --platform iphonesimulator --bundle-identifier io.orbitd.ewcprobe --generate-swift-asset-symbol-extensions NO --generate-swift-asset-symbols /Users/runner/work/orbit/orbit/.ewc-probe/.dd-ios/Build/Intermediates.noindex/EwcProbe.build/Debug-iphonesimulator/EwcProbe.build/DerivedSources/GeneratedAssetSymbols.swift --generate-objc-asset-symbols /Users/runner/work/orbit/orbit/.ewc-probe/.dd-ios/Build/Intermediates.noindex/EwcProbe.build/Debug-iphonesimulator/EwcProbe.build/DerivedSources/GeneratedAssetSymbols.h --generate-asset-symbol-index /Users/runner/work/orbit/orbit/.ewc-probe/.dd-ios/Build/Intermediates.noindex/EwcProbe.build/Debug-iphonesimulator/EwcProbe.build/DerivedSources/GeneratedAssetSymbols-Index.plist
/* com.apple.actool.compilation-results */
/Users/runner/work/orbit/orbit/.ewc-probe/.dd-ios/Build/Intermediates.noindex/EwcProbe.build/Debug-iphonesimulator/EwcProbe.build/DerivedSources/GeneratedAssetSymbols-Index.plist
/Users/runner/work/orbit/orbit/.ewc-probe/.dd-ios/Build/Intermediates.noindex/EwcProbe.build/Debug-iphonesimulator/EwcProbe.build/DerivedSources/GeneratedAssetSymbols.h
/Users/runner/work/orbit/orbit/.ewc-probe/.dd-ios/Build/Intermediates.noindex/EwcProbe.build/Debug-iphonesimulator/EwcProbe.build/DerivedSources/GeneratedAssetSymbols.swift


CompileAssetCatalogVariant thinned /Users/runner/work/orbit/orbit/.ewc-probe/.dd-ios/Build/Products/Debug-iphonesimulator/EwcProbe.app /Users/runner/work/orbit/orbit/src/ios/Support/Assets.xcassets (in target 'EwcProbe' from project 'EwcProbe')
    cd /Users/runner/work/orbit/orbit/.ewc-probe
    /Applications/Xcode_26.6.app/Contents/Developer/usr/bin/actool /Users/runner/work/orbit/orbit/src/ios/Support/Assets.xcassets --compile /Users/runner/work/orbit/orbit/.ewc-probe/.dd-ios/Build/Intermediates.noindex/EwcProbe.build/Debug-iphonesimulator/EwcProbe.build/assetcatalog_output/thinned --output-format human-readable-text --notices --warnings --export-dependency-info /Users/runner/work/orbit/orbit/.ewc-probe/.dd-ios/Build/Intermediates.noindex/EwcProbe.build/Debug-iphonesimulator/EwcProbe.build/assetcatalog_dependencies_thinned --output-partial-info-plist /Users/runner/work/orbit/orbit/.ewc-probe/.dd-ios/Build/Intermediates.noindex/EwcProbe.build/Debug-iphonesimulator/EwcProbe.build/assetcatalog_generated_info.plist_thinned --app-icon AppIcon --accent-color AccentColor --compress-pngs --enable-on-demand-resources YES --filter-for-thinning-device-configuration iPhone18,1 --filter-for-device-os-version 26.5 --development-region en --target-device iphone --minimum-deployment-target 17.0 --platform iphonesimulator
/* com.apple.actool.compilation-results */
/Users/runner/work/orbit/orbit/.ewc-probe/.dd-ios/Build/Intermediates.noindex/EwcProbe.build/Debug-iphonesimulator/EwcProbe.build/assetcatalog_generated_info.plist_thinned
/Users/runner/work/orbit/orbit/.ewc-probe/.dd-ios/Build/Intermediates.noindex/EwcProbe.build/Debug-iphonesimulator/EwcProbe.build/assetcatalog_output/thinned/AppIcon60x60@2x.png
/Users/runner/work/orbit/orbit/.ewc-probe/.dd-ios/Build/Intermediates.noindex/EwcProbe.build/Debug-iphonesimulator/EwcProbe.build/assetcatalog_output/thinned/AppIcon76x76@2x~ipad.png
/Users/runner/work/orbit/orbit/.ewc-probe/.dd-ios/Build/Intermediates.noindex/EwcProbe.build/Debug-iphonesimulator/EwcProbe.build/assetcatalog_output/thinned/Assets.car


SwiftDriverJobDiscovery normal arm64 Compiling LinkPreviews.swift, ManagedRunner.swift, MergeRecovery.swift, OpenListDelta.swift, Preferences.swift, ProjectDetail.swift, ProjectOwnerItems.swift, ProjectPlan.swift, Projects.swift, ProviderBalance.swift, ProviderPools.swift, Providers.swift, PublicID.swift, Push.swift, RunEvent.swift, Runners.swift, SessionCreatedTasks.swift, SessionFolder.swift, SessionMoveTargets.swift, SessionProjectMembership.swift, ShareLinks.swift, SharedPools.swift, SourceRefusal.swift (in target 'OrbitKit' from project 'OrbitKit')

SwiftDriver EwcProbe normal arm64 com.apple.xcode.tools.swift.compiler (in target 'EwcProbe' from project 'EwcProbe')
    cd /Users/runner/work/orbit/orbit/.ewc-probe
    builtin-SwiftDriver -- /Applications/Xcode_26.6.app/Contents/Developer/Toolchains/XcodeDefault.xctoolchain/usr/bin/swiftc -module-name EwcProbe -Onone @/Users/runner/work/orbit/orbit/.ewc-probe/.dd-ios/Build/Intermediates.noindex/EwcProbe.build/Debug-iphonesimulator/EwcProbe.build/Objects-normal/arm64/EwcProbe.SwiftFileList -DDEBUG -enable-bare-slash-regex -enable-experimental-feature DebugDescriptionMacro -sdk /Applications/Xcode_26.6.app/Contents/Developer/Platforms/iPhoneSimulator.platform/Developer/SDKs/iPhoneSimulator26.5.sdk -target arm64-apple-ios17.0-simulator -g -module-cache-path /Users/runner/work/orbit/orbit/.ewc-probe/.dd-ios/ModuleCache.noindex -Xfrontend -serialize-debugging-options -enable-testing -index-store-path /Users/runner/work/orbit/orbit/.ewc-probe/.dd-ios/Index.noindex/DataStore -Xcc -D_LIBCPP_HARDENING_MODE\=_LIBCPP_HARDENING_MODE_DEBUG -swift-version 5 -I /Users/runner/work/orbit/orbit/.ewc-probe/.dd-ios/Build/Products/Debug-iphonesimulator -F /Users/runner/work/orbit/orbit/.ewc-probe/.dd-ios/Build/Products/Debug-iphonesimulator/PackageFrameworks -F /Users/runner/work/orbit/orbit/.ewc-probe/.dd-ios/Build/Products/Debug-iphonesimulator/PackageFrameworks -F /Users/runner/work/orbit/orbit/.ewc-probe/.dd-ios/Build/Products/Debug-iphonesimulator/PackageFrameworks -F /Users/runner/work/orbit/orbit/.ewc-probe/.dd-ios/Build/Products/Debug-iphonesimulator/PackageFrameworks -F /Users/runner/work/orbit/orbit/.ewc-probe/.dd-ios/Build/Products/Debug-iphonesimulator/PackageFrameworks -F /Users/runner/work/orbit/orbit/.ewc-probe/.dd-ios/Build/Products/Debug-iphonesimulator -c -j3 -enable-batch-mode -incremental -Xcc -ivfsstatcache -Xcc /Users/runner/work/orbit/orbit/.ewc-probe/.dd-ios/SDKStatCaches.noindex/iphonesimulator26.5-23F81a-688ef53f1462e2c8f657fdc38a81448ff45c64a1807a658693f2a61704f17a36.sdkstatcache -output-file-map /Users/runner/work/orbit/orbit/.ewc-probe/.dd-ios/Build/Intermediates.noindex/EwcProbe.build/Debug-iphonesimulator/EwcProbe.build/Objects-normal/arm64/EwcProbe-OutputFileMap.json -use-frontend-parseable-output -save-temps -no-color-diagnostics -explicit-module-build -module-cache-path /Users/runner/work/orbit/orbit/.ewc-probe/.dd-ios/Build/Intermediates.noindex/SwiftExplicitPrecompiledModules -clang-scanner-module-cache-path /Users/runner/work/orbit/orbit/.ewc-probe/.dd-ios/ModuleCache.noindex -sdk-module-cache-path /Users/runner/work/orbit/orbit/.ewc-probe/.dd-ios/ModuleCache.noindex -serialize-diagnostics -emit-dependencies -emit-module -emit-module-path /Users/runner/work/orbit/orbit/.ewc-probe/.dd-ios/Build/Intermediates.noindex/EwcProbe.build/Debug-iphonesimulator/EwcProbe.build/Objects-normal/arm64/EwcProbe.swiftmodule -validate-clang-modules-once -clang-build-session-file /Users/runner/work/orbit/orbit/.ewc-probe/.dd-ios/ModuleCache.noindex/Session.modulevalidation -Xcc -I/Users/runner/work/orbit/orbit/.ewc-probe/.dd-ios/Build/Intermediates.noindex/EwcProbe.build/Debug-iphonesimulator/EwcProbe.build/swift-overrides.hmap -emit-const-values -Xfrontend -const-gather-protocols-file -Xfrontend /Users/runner/work/orbit/orbit/.ewc-probe/.dd-ios/Build/Intermediates.noindex/EwcProbe.build/Debug-iphonesimulator/EwcProbe.build/Objects-normal/arm64/EwcProbe_const_extract_protocols.json -Xcc -iquote -Xcc /Users/runner/work/orbit/orbit/.ewc-probe/.dd-ios/Build/Intermediates.noindex/EwcProbe.build/Debug-iphonesimulator/EwcProbe.build/EwcProbe-generated-files.hmap -Xcc -I/Users/runner/work/orbit/orbit/.ewc-probe/.dd-ios/Build/Intermediates.noindex/EwcProbe.build/Debug-iphonesimulator/EwcProbe.build/EwcProbe-own-target-headers.hmap -Xcc -I/Users/runner/work/orbit/orbit/.ewc-probe/.dd-ios/Build/Intermediates.noindex/EwcProbe.build/Debug-iphonesimulator/EwcProbe.build/EwcProbe-all-non-framework-target-headers.hmap -Xcc -ivfsoverlay -Xcc /Users/runner/work/orbit/orbit/.ewc-probe/.dd-ios/Build/Intermediates.noindex/EwcProbe.build/Debug-iphonesimulator/EwcProbe-dbf945722ac196f419bd53f2d46c67b3-VFS-iphonesimulator/all-product-headers.yaml -Xcc -iquote -Xcc /Users/runner/work/orbit/orbit/.ewc-probe/.dd-ios/Build/Intermediates.noindex/EwcProbe.build/Debug-iphonesimulator/EwcProbe.build/EwcProbe-project-headers.hmap -Xcc -I/Users/runner/work/orbit/orbit/.ewc-probe/.dd-ios/SourcePackages/checkouts/swift-cmark/src/include -Xcc -I/Users/runner/work/orbit/orbit/.ewc-probe/.dd-ios/SourcePackages/checkouts/swift-cmark/extensions/include -Xcc -I/Users/runner/work/orbit/orbit/.ewc-probe/.dd-ios/SourcePackages/checkouts/swift-markdown/Sources/CAtomic/include -Xcc -I/Users/runner/work/orbit/orbit/.ewc-probe/.dd-ios/Build/Products/Debug-iphonesimulator/include -Xcc -I/Users/runner/work/orbit/orbit/.ewc-probe/.dd-ios/Build/Intermediates.noindex/EwcProbe.build/Debug-iphonesimulator/EwcProbe.build/DerivedSources-normal/arm64 -Xcc -I/Users/runner/work/orbit/orbit/.ewc-probe/.dd-ios/Build/Intermediates.noindex/EwcProbe.build/Debug-iphonesimulator/EwcProbe.build/DerivedSources/arm64 -Xcc -I/Users/runner/work/orbit/orbit/.ewc-probe/.dd-ios/Build/Intermediates.noindex/EwcProbe.build/Debug-iphonesimulator/EwcProbe.build/DerivedSources -Xcc -DDEBUG\=1 -emit-objc-header -emit-objc-header-path /Users/runner/work/orbit/orbit/.ewc-probe/.dd-ios/Build/Intermediates.noindex/EwcProbe.build/Debug-iphonesimulator/EwcProbe.build/Objects-normal/arm64/EwcProbe-Swift.h -working-directory /Users/runner/work/orbit/orbit/.ewc-probe -experimental-emit-module-separately -disable-cmo

SwiftExplicitDependencyGeneratePcm arm64 /Users/runner/work/orbit/orbit/.ewc-probe/.dd-ios/ModuleCache.noindex/_Builtin_stdarg-7Q1LTQ3SRZ6Y15XPGKML5JHQ9.pcm

SwiftExplicitDependencyGeneratePcm arm64 /Users/runner/work/orbit/orbit/.ewc-probe/.dd-ios/ModuleCache.noindex/ptrauth-39AF488GA7LCPVFQ70Z2558F5.pcm

SwiftExplicitDependencyGeneratePcm arm64 /Users/runner/work/orbit/orbit/.ewc-probe/.dd-ios/ModuleCache.noindex/_AvailabilityInternal-12VTYYTU268TVV7C9FFSC41IM.pcm

SwiftExplicitDependencyGeneratePcm arm64 /Users/runner/work/orbit/orbit/.ewc-probe/.dd-ios/ModuleCache.noindex/_Builtin_float-BSUR1R2T9OJJDAQV20F7G4UV2.pcm

SwiftExplicitDependencyGeneratePcm arm64 /Users/runner/work/orbit/orbit/.ewc-probe/.dd-ios/ModuleCache.noindex/_Builtin_stdbool-9EGF6D54ULEWFOAWLBKSW1OOY.pcm

SwiftExplicitDependencyGeneratePcm arm64 /Users/runner/work/orbit/orbit/.ewc-probe/.dd-ios/ModuleCache.noindex/SwiftShims-DYYYZ9OBVUOMEQJPFNC2DN2QA.pcm

SwiftExplicitDependencyGeneratePcm arm64 /Users/runner/work/orbit/orbit/.ewc-probe/.dd-ios/ModuleCache.noindex/_Builtin_stddef-CYBRB509LMPH4STN25O5I815C.pcm

SwiftExplicitDependencyGeneratePcm arm64 /Users/runner/work/orbit/orbit/.ewc-probe/.dd-ios/ModuleCache.noindex/ptrcheck-4RFAVLEMP5CMNER8RM1F1UNRN.pcm

SwiftExplicitDependencyGeneratePcm arm64 /Users/runner/work/orbit/orbit/.ewc-probe/.dd-ios/ModuleCache.noindex/_SwiftConcurrencyShims-3RL9Y5A5QIZSGJADZ4V8AD2V0.pcm

SwiftExplicitDependencyGeneratePcm arm64 /Users/runner/work/orbit/orbit/.ewc-probe/.dd-ios/ModuleCache.noindex/_DarwinFoundation1-F2J9SSC4CXR7RDAHEHWFA9J3H.pcm

SwiftExplicitDependencyGeneratePcm arm64 /Users/runner/work/orbit/orbit/.ewc-probe/.dd-ios/ModuleCache.noindex/DeveloperToolsSupport-DG1ZE041O46FE00T8HVD3TY0B.pcm

SwiftExplicitDependencyGeneratePcm arm64 /Users/runner/work/orbit/orbit/.ewc-probe/.dd-ios/ModuleCache.noindex/ExtensionFoundation-5BYVWXYO94AWIR9KJ769HJWKL.pcm

SwiftExplicitDependencyGeneratePcm arm64 /Users/runner/work/orbit/orbit/.ewc-probe/.dd-ios/ModuleCache.noindex/_Builtin_limits-48L98UUHXVM7I1I52KSC7YVU0.pcm

SwiftExplicitDependencyGeneratePcm arm64 /Users/runner/work/orbit/orbit/.ewc-probe/.dd-ios/ModuleCache.noindex/_DarwinFoundation2-35ZD6VRNXY1Z2SED58LOH4Z5M.pcm

SwiftExplicitDependencyGeneratePcm arm64 /Users/runner/work/orbit/orbit/.ewc-probe/.dd-ios/ModuleCache.noindex/_Builtin_stdint-6WD1CGP34VTO6WWJ0PQEJLBZD.pcm

SwiftExplicitDependencyGeneratePcm arm64 /Users/runner/work/orbit/orbit/.ewc-probe/.dd-ios/ModuleCache.noindex/sys_types-72I3W0OFNGJ3F4IXTQYY51ANW.pcm

SwiftExplicitDependencyGeneratePcm arm64 /Users/runner/work/orbit/orbit/.ewc-probe/.dd-ios/Build/Intermediates.noindex/SwiftExplicitPrecompiledModules/CAtomic-8HESP8CTKMMHMCWSJ64QKR21R.pcm

SwiftExplicitDependencyGeneratePcm arm64 /Users/runner/work/orbit/orbit/.ewc-probe/.dd-ios/ModuleCache.noindex/_Builtin_tgmath-68AXLNZ9AU0IXWAAIU8X31E9W.pcm

SwiftExplicitDependencyGeneratePcm arm64 /Users/runner/work/orbit/orbit/.ewc-probe/.dd-ios/ModuleCache.noindex/_DarwinFoundation3-9GZ78VZ1A385MD8PTZIK98EHE.pcm

SwiftExplicitDependencyGeneratePcm arm64 /Users/runner/work/orbit/orbit/.ewc-probe/.dd-ios/ModuleCache.noindex/_Builtin_intrinsics-5D9GFL9PH37YMD51G7YWXI7S1.pcm

SwiftExplicitDependencyGeneratePcm arm64 /Users/runner/work/orbit/orbit/.ewc-probe/.dd-ios/ModuleCache.noindex/_Builtin_inttypes-9ME4VY7ZPNESXQ4QI0M1XP07K.pcm

SwiftDriverJobDiscovery normal arm64 Compiling ReferencedTask.swift, ScrubRailGeometry.swift, SessionMessage.swift, SessionPreviewImages.swift, SessionRequest.swift, SessionStore.swift, SteerDelivery.swift, StickyQuestionHold.swift, StickySummary.swift, TailPinning.swift, TaskProgress.swift, TaskProgressCopy.swift, TaskStart.swift, ThinkingSummary.swift, ToolDisplay.swift, ToolGroupSummary.swift, ToolResultContent.swift, Transcript.swift, TranscriptRecordAnchor.swift, TranscriptReducer.swift, TranscriptRows.swift, TranscriptStore.swift, TurnCards.swift (in target 'OrbitKit' from project 'OrbitKit')

SwiftExplicitDependencyGeneratePcm arm64 /Users/runner/work/orbit/orbit/.ewc-probe/.dd-ios/ModuleCache.noindex/_Builtin_stdatomic-85PPJ6XZXAMQD8WKRMU6M4273.pcm

SwiftExplicitDependencyGeneratePcm arm64 /Users/runner/work/orbit/orbit/.ewc-probe/.dd-ios/Build/Intermediates.noindex/SwiftExplicitPrecompiledModules/cmark_gfm-IGC4ZFTKCZ6Z7Y6NNHNOUGIU.pcm

SwiftExplicitDependencyGeneratePcm arm64 /Users/runner/work/orbit/orbit/.ewc-probe/.dd-ios/ModuleCache.noindex/Darwin-B08PO41ZCZ24F3CKVYMAEJJM2.pcm

SwiftExplicitDependencyGeneratePcm arm64 /Users/runner/work/orbit/orbit/.ewc-probe/.dd-ios/Build/Intermediates.noindex/SwiftExplicitPrecompiledModules/cmark_gfm_extensions-62166VQOGJ20580DK0XYRQPKG.pcm

SwiftExplicitDependencyGeneratePcm arm64 /Users/runner/work/orbit/orbit/.ewc-probe/.dd-ios/ModuleCache.noindex/simd-BQ99W919GO3TCD5N6M5BWR7RZ.pcm

SwiftDriver\ Compilation OrbitKit normal arm64 com.apple.xcode.tools.swift.compiler (in target 'OrbitKit' from project 'OrbitKit')
    cd /Users/runner/work/orbit/orbit/.ewc-probe/EwcProbe.xcodeproj
    builtin-Swift-Compilation -- /Applications/Xcode_26.6.app/Contents/Developer/Toolchains/XcodeDefault.xctoolchain/usr/bin/swiftc -module-name OrbitKit -Onone @/Users/runner/work/orbit/orbit/.ewc-probe/.dd-ios/Build/Intermediates.noindex/OrbitKit.build/Debug-iphonesimulator/OrbitKit.build/Objects-normal/arm64/OrbitKit.SwiftFileList -DSWIFT_PACKAGE -DDEBUG -DSWIFT_MODULE_RESOURCE_BUNDLE_UNAVAILABLE -DXcode -plugin-path /Applications/Xcode_26.6.app/Contents/Developer/Toolchains/XcodeDefault.xctoolchain/usr/lib/swift/host/plugins/testing -enable-experimental-feature DebugDescriptionMacro -sdk /Applications/Xcode_26.6.app/Contents/Developer/Platforms/iPhoneSimulator.platform/Developer/SDKs/iPhoneSimulator26.5.sdk -target arm64-apple-ios17.0-simulator -g -module-cache-path /Users/runner/work/orbit/orbit/.ewc-probe/.dd-ios/ModuleCache.noindex -Xfrontend -serialize-debugging-options -enable-testing -index-store-path /Users/runner/work/orbit/orbit/.ewc-probe/.dd-ios/Index.noindex/DataStore -Xcc -D_LIBCPP_HARDENING_MODE\=_LIBCPP_HARDENING_MODE_DEBUG -swift-version 5 -I /Users/runner/work/orbit/orbit/.ewc-probe/.dd-ios/Build/Products/Debug-iphonesimulator -Isystem /Applications/Xcode_26.6.app/Contents/Developer/Platforms/iPhoneSimulator.platform/Developer/usr/lib -F /Users/runner/work/orbit/orbit/.ewc-probe/.dd-ios/Build/Products/Debug-iphonesimulator/PackageFrameworks -F /Users/runner/work/orbit/orbit/.ewc-probe/.dd-ios/Build/Products/Debug-iphonesimulator/PackageFrameworks -F /Users/runner/work/orbit/orbit/.ewc-probe/.dd-ios/Build/Products/Debug-iphonesimulator/PackageFrameworks -F /Users/runner/work/orbit/orbit/.ewc-probe/.dd-ios/Build/Products/Debug-iphonesimulator/PackageFrameworks -F /Users/runner/work/orbit/orbit/.ewc-probe/.dd-ios/Build/Products/Debug-iphonesimulator -F /Applications/Xcode_26.6.app/Contents/Developer/Platforms/iPhoneSimulator.platform/Developer/Library/Frameworks -F /Applications/Xcode_26.6.app/Contents/Developer/Platforms/iPhoneSimulator.platform/Developer/SDKs/iPhoneSimulator26.5.sdk/Developer/Library/Frameworks -c -j3 -enable-batch-mode -incremental -Xcc -ivfsstatcache -Xcc /Users/runner/work/orbit/orbit/.ewc-probe/.dd-ios/SDKStatCaches.noindex/iphonesimulator26.5-23F81a-688ef53f1462e2c8f657fdc38a81448ff45c64a1807a658693f2a61704f17a36.sdkstatcache -output-file-map /Users/runner/work/orbit/orbit/.ewc-probe/.dd-ios/Build/Intermediates.noindex/OrbitKit.build/Debug-iphonesimulator/OrbitKit.build/Objects-normal/arm64/OrbitKit-OutputFileMap.json -use-frontend-parseable-output -save-temps -no-color-diagnostics -explicit-module-build -module-cache-path /Users/runner/work/orbit/orbit/.ewc-probe/.dd-ios/Build/Intermediates.noindex/SwiftExplicitPrecompiledModules -clang-scanner-module-cache-path /Users/runner/work/orbit/orbit/.ewc-probe/.dd-ios/ModuleCache.noindex -sdk-module-cache-path /Users/runner/work/orbit/orbit/.ewc-probe/.dd-ios/ModuleCache.noindex -serialize-diagnostics -emit-dependencies -emit-module -emit-module-path /Users/runner/work/orbit/orbit/.ewc-probe/.dd-ios/Build/Intermediates.noindex/OrbitKit.build/Debug-iphonesimulator/OrbitKit.build/Objects-normal/arm64/OrbitKit.swiftmodule -validate-clang-modules-once -clang-build-session-file /Users/runner/work/orbit/orbit/.ewc-probe/.dd-ios/ModuleCache.noindex/Session.modulevalidation -package-name orbitkit -Xcc -I/Users/runner/work/orbit/orbit/.ewc-probe/.dd-ios/Build/Intermediates.noindex/OrbitKit.build/Debug-iphonesimulator/OrbitKit.build/swift-overrides.hmap -emit-const-values -Xfrontend -const-gather-protocols-file -Xfrontend /Users/runner/work/orbit/orbit/.ewc-probe/.dd-ios/Build/Intermediates.noindex/OrbitKit.build/Debug-iphonesimulator/OrbitKit.build/Objects-normal/arm64/OrbitKit_const_extract_protocols.json -Xcc -I/Users/runner/work/orbit/orbit/.ewc-probe/.dd-ios/SourcePackages/checkouts/swift-cmark/src/include -Xcc -I/Users/runner/work/orbit/orbit/.ewc-probe/.dd-ios/SourcePackages/checkouts/swift-cmark/extensions/include -Xcc -I/Users/runner/work/orbit/orbit/.ewc-probe/.dd-ios/SourcePackages/checkouts/swift-markdown/Sources/CAtomic/include -Xcc -I/Users/runner/work/orbit/orbit/.ewc-probe/.dd-ios/Build/Products/Debug-iphonesimulator/include -Xcc -I/Users/runner/work/orbit/orbit/.ewc-probe/.dd-ios/Build/Intermediates.noindex/OrbitKit.build/Debug-iphonesimulator/OrbitKit.build/DerivedSources-normal/arm64 -Xcc -I/Users/runner/work/orbit/orbit/.ewc-probe/.dd-ios/Build/Intermediates.noindex/OrbitKit.build/Debug-iphonesimulator/OrbitKit.build/DerivedSources/arm64 -Xcc -I/Users/runner/work/orbit/orbit/.ewc-probe/.dd-ios/Build/Intermediates.noindex/OrbitKit.build/Debug-iphonesimulator/OrbitKit.build/DerivedSources -Xcc -DSWIFT_PACKAGE -Xcc -DDEBUG\=1 -emit-objc-header -emit-objc-header-path /Users/runner/work/orbit/orbit/.ewc-probe/.dd-ios/Build/Intermediates.noindex/OrbitKit.build/Debug-iphonesimulator/OrbitKit.build/Objects-normal/arm64/OrbitKit-Swift.h -working-directory /Users/runner/work/orbit/orbit/.ewc-probe/EwcProbe.xcodeproj -experimental-emit-module-separately -disable-cmo

SwiftExplicitDependencyGeneratePcm arm64 /Users/runner/work/orbit/orbit/.ewc-probe/.dd-ios/ModuleCache.noindex/Spatial-BILJ8APXCCD7G68QGD1DXJK9Z.pcm

Ld /Users/runner/work/orbit/orbit/.ewc-probe/.dd-ios/Build/Products/Debug-iphonesimulator/OrbitKit.o normal (in target 'OrbitKit' from project 'OrbitKit')
    cd /Users/runner/work/orbit/orbit/src/macos/OrbitKit
    /Applications/Xcode_26.6.app/Contents/Developer/Toolchains/XcodeDefault.xctoolchain/usr/bin/clang -Xlinker -reproducible -target arm64-apple-ios17.0-simulator -r -isysroot /Applications/Xcode_26.6.app/Contents/Developer/Platforms/iPhoneSimulator.platform/Developer/SDKs/iPhoneSimulator26.5.sdk -O0 -F/Users/runner/work/orbit/orbit/.ewc-probe/.dd-ios/Build/Intermediates.noindex/EagerLinkingTBDs/Debug-iphonesimulator -F/Users/runner/work/orbit/orbit/.ewc-probe/.dd-ios/Build/Products/Debug-iphonesimulator/PackageFrameworks -F/Users/runner/work/orbit/orbit/.ewc-probe/.dd-ios/Build/Products/Debug-iphonesimulator/PackageFrameworks -F/Users/runner/work/orbit/orbit/.ewc-probe/.dd-ios/Build/Products/Debug-iphonesimulator/PackageFrameworks -F/Users/runner/work/orbit/orbit/.ewc-probe/.dd-ios/Build/Products/Debug-iphonesimulator/PackageFrameworks -F/Users/runner/work/orbit/orbit/.ewc-probe/.dd-ios/Build/Products/Debug-iphonesimulator -iframework /Applications/Xcode_26.6.app/Contents/Developer/Platforms/iPhoneSimulator.platform/Developer/Library/Frameworks -iframework /Applications/Xcode_26.6.app/Contents/Developer/Platforms/iPhoneSimulator.platform/Developer/SDKs/iPhoneSimulator26.5.sdk/Developer/Library/Frameworks -filelist /Users/runner/work/orbit/orbit/.ewc-probe/.dd-ios/Build/Intermediates.noindex/OrbitKit.build/Debug-iphonesimulator/OrbitKit.build/Objects-normal/arm64/OrbitKit.LinkFileList -nostdlib -Xlinker -object_path_lto -Xlinker /Users/runner/work/orbit/orbit/.ewc-probe/.dd-ios/Build/Intermediates.noindex/OrbitKit.build/Debug-iphonesimulator/OrbitKit.build/Objects-normal/arm64/OrbitKit_lto.o -Xlinker -no_deduplicate -Xlinker -objc_abi_version -Xlinker 2 -Xlinker -dependency_info -Xlinker /Users/runner/work/orbit/orbit/.ewc-probe/.dd-ios/Build/Intermediates.noindex/OrbitKit.build/Debug-iphonesimulator/OrbitKit.build/Objects-normal/arm64/OrbitKit_dependency_info.dat -fobjc-link-runtime -L/Applications/Xcode_26.6.app/Contents/Developer/Toolchains/XcodeDefault.xctoolchain/usr/lib/swift/iphonesimulator -L/usr/lib/swift -Xlinker -add_ast_path -Xlinker /Users/runner/work/orbit/orbit/.ewc-probe/.dd-ios/Build/Intermediates.noindex/OrbitKit.build/Debug-iphonesimulator/OrbitKit.build/Objects-normal/arm64/OrbitKit.swiftmodule @/Users/runner/work/orbit/orbit/.ewc-probe/.dd-ios/Build/Intermediates.noindex/OrbitKit.build/Debug-iphonesimulator/OrbitKit.build/Objects-normal/arm64/OrbitKit-linker-args.resp -o /Users/runner/work/orbit/orbit/.ewc-probe/.dd-ios/Build/Products/Debug-iphonesimulator/OrbitKit.o

SwiftExplicitDependencyGeneratePcm arm64 /Users/runner/work/orbit/orbit/.ewc-probe/.dd-ios/ModuleCache.noindex/ObjectiveC-81OD9KMIQB5UG9ADOKGSMH83L.pcm

SwiftExplicitDependencyGeneratePcm arm64 /Users/runner/work/orbit/orbit/.ewc-probe/.dd-ios/ModuleCache.noindex/MachO-5722F3SVV03QZ5U5FVQGGDIEG.pcm

SwiftExplicitDependencyGeneratePcm arm64 /Users/runner/work/orbit/orbit/.ewc-probe/.dd-ios/ModuleCache.noindex/os_object-7K9L6XGBD5B8LLZ8IE5VOZCZL.pcm

SwiftExplicitDependencyGeneratePcm arm64 /Users/runner/work/orbit/orbit/.ewc-probe/.dd-ios/ModuleCache.noindex/os_workgroup-7ZDSLJIB4EN933ENBZETUN8VI.pcm

SwiftExplicitDependencyGeneratePcm arm64 /Users/runner/work/orbit/orbit/.ewc-probe/.dd-ios/ModuleCache.noindex/Dispatch-CKY3ZTQ5D3HXAXYWTF5G0356V.pcm

SwiftExplicitDependencyGeneratePcm arm64 /Users/runner/work/orbit/orbit/.ewc-probe/.dd-ios/ModuleCache.noindex/XPC-DDAJFCF3RW3WUTZPI5YJLOM1E.pcm

SwiftExplicitDependencyGeneratePcm arm64 /Users/runner/work/orbit/orbit/.ewc-probe/.dd-ios/ModuleCache.noindex/CoreFoundation-1UN5DB9NPM16Y3GUVRQFCV0IY.pcm

SwiftExplicitDependencyGeneratePcm arm64 /Users/runner/work/orbit/orbit/.ewc-probe/.dd-ios/ModuleCache.noindex/os-6OEFXTGVM1ZT4GZCTVA9EEKVV.pcm

SwiftExplicitDependencyGeneratePcm arm64 /Users/runner/work/orbit/orbit/.ewc-probe/.dd-ios/ModuleCache.noindex/dnssd-9PRHQH8Y8M24S4HV49C3FBV2O.pcm

SwiftExplicitDependencyGeneratePcm arm64 /Users/runner/work/orbit/orbit/.ewc-probe/.dd-ios/ModuleCache.noindex/CoreAudioTypes-DL9ZPJ9H9IW0WK4ZHQGFSUL79.pcm

SwiftExplicitDependencyGeneratePcm arm64 /Users/runner/work/orbit/orbit/.ewc-probe/.dd-ios/ModuleCache.noindex/CoreGraphics-5VRNARDESWTOEWS57E3LD1U4Q.pcm

SwiftExplicitDependencyGeneratePcm arm64 /Users/runner/work/orbit/orbit/.ewc-probe/.dd-ios/ModuleCache.noindex/Security-D09L73OH6XXWZ83BZ009QV8TM.pcm

SwiftExplicitDependencyGeneratePcm arm64 /Users/runner/work/orbit/orbit/.ewc-probe/.dd-ios/ModuleCache.noindex/CFNetwork-824JV63Q8UMD91ILPXM7M0FDW.pcm

SwiftExplicitDependencyGeneratePcm arm64 /Users/runner/work/orbit/orbit/.ewc-probe/.dd-ios/ModuleCache.noindex/CoreText-6EMEAI07YKAMKVB0ZKDT7JJ7O.pcm

SwiftExplicitDependencyGeneratePcm arm64 /Users/runner/work/orbit/orbit/.ewc-probe/.dd-ios/ModuleCache.noindex/CoreAudio-UZTCL4XRTNX772OS55S2J8PH.pcm

SwiftExplicitDependencyGeneratePcm arm64 /Users/runner/work/orbit/orbit/.ewc-probe/.dd-ios/ModuleCache.noindex/Foundation-3TNPFY9HP01OOAIBFRN1T3897.pcm

SwiftExplicitDependencyGeneratePcm arm64 /Users/runner/work/orbit/orbit/.ewc-probe/.dd-ios/ModuleCache.noindex/ImageIO-8YTNV35ADF0DXNAG4H9XQC91I.pcm

ExtractAppIntentsMetadata (in target 'OrbitKit' from project 'OrbitKit')
    cd /Users/runner/work/orbit/orbit/src/macos/OrbitKit
    /Applications/Xcode_26.6.app/Contents/Developer/Toolchains/XcodeDefault.xctoolchain/usr/bin/appintentsmetadataprocessor --toolchain-dir /var/run/com.apple.security.cryptexd/mnt/com.apple.MobileAsset.MetalToolchain-v17.6.109.0.PEdrhZ/Metal.xctoolchain --module-name OrbitKit --sdk-root /Applications/Xcode_26.6.app/Contents/Developer/Platforms/iPhoneSimulator.platform/Developer/SDKs/iPhoneSimulator26.5.sdk --xcode-version 17F113 --platform-family iOS --deployment-target 17.0 --bundle-identifier orbitkit.OrbitKit --output /Users/runner/work/orbit/orbit/.ewc-probe/.dd-ios/Build/Products/Debug-iphonesimulator/OrbitKit.appintents --target-triple arm64-apple-ios17.0-simulator --binary-file /Users/runner/work/orbit/orbit/.ewc-probe/.dd-ios/Build/Products/Debug-iphonesimulator/OrbitKit.o --dependency-file /Users/runner/work/orbit/orbit/.ewc-probe/.dd-ios/Build/Intermediates.noindex/OrbitKit.build/Debug-iphonesimulator/OrbitKit.build/Objects-normal/arm64/OrbitKit_dependency_info.dat --stringsdata-file /Users/runner/work/orbit/orbit/.ewc-probe/.dd-ios/Build/Intermediates.noindex/OrbitKit.build/Debug-iphonesimulator/OrbitKit.build/Objects-normal/arm64/ExtractedAppShortcutsMetadata.stringsdata --source-file-list /Users/runner/work/orbit/orbit/.ewc-probe/.dd-ios/Build/Intermediates.noindex/OrbitKit.build/Debug-iphonesimulator/OrbitKit.build/Objects-normal/arm64/OrbitKit.SwiftFileList --metadata-file-list /Users/runner/work/orbit/orbit/.ewc-probe/.dd-ios/Build/Intermediates.noindex/OrbitKit.build/Debug-iphonesimulator/OrbitKit.build/OrbitKit.DependencyMetadataFileList --static-metadata-file-list /Users/runner/work/orbit/orbit/.ewc-probe/.dd-ios/Build/Intermediates.noindex/OrbitKit.build/Debug-iphonesimulator/OrbitKit.build/OrbitKit.DependencyStaticMetadataFileList --swift-const-vals-list /Users/runner/work/orbit/orbit/.ewc-probe/.dd-ios/Build/Intermediates.noindex/OrbitKit.build/Debug-iphonesimulator/OrbitKit.build/Objects-normal/arm64/OrbitKit.SwiftConstValuesFileList --force --compile-time-extraction --deployment-aware-processing --validate-assistant-intents --no-app-shortcuts-localization
2026-10-09 21:46:22.594 appintentsmetadataprocessor[8227:31126] Starting appintentsmetadataprocessor export
2026-10-09 21:46:22.644 appintentsmetadataprocessor[8227:31126] Extracted no relevant App Intents symbols, skipping writing output

CodeSign /Users/runner/work/orbit/orbit/.ewc-probe/.dd-ios/Build/Products/Debug-iphonesimulator/OrbitKit.o (in target 'OrbitKit' from project 'OrbitKit')
    cd /Users/runner/work/orbit/orbit/src/macos/OrbitKit
    
    Signing Identity:     "Sign to Run Locally"
    
    /usr/bin/codesign --force --sign - --timestamp\=none --generate-entitlement-der /Users/runner/work/orbit/orbit/.ewc-probe/.dd-ios/Build/Products/Debug-iphonesimulator/OrbitKit.o

RegisterExecutionPolicyException /Users/runner/work/orbit/orbit/.ewc-probe/.dd-ios/Build/Products/Debug-iphonesimulator/OrbitKit.o (in target 'OrbitKit' from project 'OrbitKit')
    cd /Users/runner/work/orbit/orbit/src/macos/OrbitKit
    builtin-RegisterExecutionPolicyException /Users/runner/work/orbit/orbit/.ewc-probe/.dd-ios/Build/Products/Debug-iphonesimulator/OrbitKit.o

Ld /Users/runner/work/orbit/orbit/.ewc-probe/.dd-ios/Build/Products/Debug-iphonesimulator/EwcProbe.app/__preview.dylib normal (in target 'EwcProbe' from project 'EwcProbe')
    cd /Users/runner/work/orbit/orbit/.ewc-probe
    /Applications/Xcode_26.6.app/Contents/Developer/Toolchains/XcodeDefault.xctoolchain/usr/bin/clang -Xlinker -reproducible -target arm64-apple-ios17.0-simulator -dynamiclib -isysroot /Applications/Xcode_26.6.app/Contents/Developer/Platforms/iPhoneSimulator.platform/Developer/SDKs/iPhoneSimulator26.5.sdk -O0 -L/Users/runner/work/orbit/orbit/.ewc-probe/.dd-ios/Build/Products/Debug-iphonesimulator -F/Users/runner/work/orbit/orbit/.ewc-probe/.dd-ios/Build/Products/Debug-iphonesimulator/PackageFrameworks -F/Users/runner/work/orbit/orbit/.ewc-probe/.dd-ios/Build/Products/Debug-iphonesimulator/PackageFrameworks -F/Users/runner/work/orbit/orbit/.ewc-probe/.dd-ios/Build/Products/Debug-iphonesimulator/PackageFrameworks -F/Users/runner/work/orbit/orbit/.ewc-probe/.dd-ios/Build/Products/Debug-iphonesimulator/PackageFrameworks -F/Users/runner/work/orbit/orbit/.ewc-probe/.dd-ios/Build/Products/Debug-iphonesimulator/PackageFrameworks -F/Users/runner/work/orbit/orbit/.ewc-probe/.dd-ios/Build/Products/Debug-iphonesimulator -install_name @rpath/EwcProbe.debug.dylib -Xlinker -dead_strip -rdynamic -Xlinker -no_deduplicate -Xlinker -objc_abi_version -Xlinker 2 -Xlinker -dependency_info -Xlinker /Users/runner/work/orbit/orbit/.ewc-probe/.dd-ios/Build/Intermediates.noindex/EwcProbe.build/Debug-iphonesimulator/EwcProbe.build/Objects-normal/arm64/EwcProbe_dependency_info.dat -Xlinker -sectcreate -Xlinker __TEXT -Xlinker __entitlements -Xlinker /Users/runner/work/orbit/orbit/.ewc-probe/.dd-ios/Build/Intermediates.noindex/EwcProbe.build/Debug-iphonesimulator/EwcProbe.build/EwcProbe.app-Simulated.xcent -Xlinker -sectcreate -Xlinker __TEXT -Xlinker __ents_der -Xlinker /Users/runner/work/orbit/orbit/.ewc-probe/.dd-ios/Build/Intermediates.noindex/EwcProbe.build/Debug-iphonesimulator/EwcProbe.build/EwcProbe.app-Simulated.xcent.der -Xlinker -no_adhoc_codesign -o /Users/runner/work/orbit/orbit/.ewc-probe/.dd-ios/Build/Products/Debug-iphonesimulator/EwcProbe.app/__preview.dylib

SwiftExplicitDependencyGeneratePcm arm64 /Users/runner/work/orbit/orbit/.ewc-probe/.dd-ios/ModuleCache.noindex/LocalAuthentication-7GBHFROKSKKSC4I5F77KPHLGV.pcm

SwiftExplicitDependencyGeneratePcm arm64 /Users/runner/work/orbit/orbit/.ewc-probe/.dd-ios/ModuleCache.noindex/Network-9N5BLO449LLAV6DQRQAHMQLMW.pcm

SwiftExplicitDependencyGeneratePcm arm64 /Users/runner/work/orbit/orbit/.ewc-probe/.dd-ios/ModuleCache.noindex/Accessibility-44YBVMEKAJJHM9APMSJZJZNFA.pcm

SwiftExplicitDependencyGeneratePcm arm64 /Users/runner/work/orbit/orbit/.ewc-probe/.dd-ios/ModuleCache.noindex/UIUtilities-5ILAD2YOLFZM266XSA67N9EEF.pcm

SwiftExplicitDependencyGeneratePcm arm64 /Users/runner/work/orbit/orbit/.ewc-probe/.dd-ios/ModuleCache.noindex/_LocationEssentials-EPMKUU3Q18RH6ES2KX3WL5NWM.pcm

SwiftExplicitDependencyGeneratePcm arm64 /Users/runner/work/orbit/orbit/.ewc-probe/.dd-ios/ModuleCache.noindex/CoreMIDI-A11CF7H85KNRC9GCRCWCRTEL7.pcm

SwiftExplicitDependencyGeneratePcm arm64 /Users/runner/work/orbit/orbit/.ewc-probe/.dd-ios/ModuleCache.noindex/AVRouting-9RYJ59EWPGBL73QAS94I25FHI.pcm

SwiftExplicitDependencyGeneratePcm arm64 /Users/runner/work/orbit/orbit/.ewc-probe/.dd-ios/ModuleCache.noindex/CoreData-A05VJZQ3SMARTZ0BW7XN2QPUL.pcm

SwiftExplicitDependencyGeneratePcm arm64 /Users/runner/work/orbit/orbit/.ewc-probe/.dd-ios/ModuleCache.noindex/FileProvider-8JXIOVUPVWE7ADEPX5JA3IC65.pcm

SwiftExplicitDependencyGeneratePcm arm64 /Users/runner/work/orbit/orbit/.ewc-probe/.dd-ios/ModuleCache.noindex/CoreLocation-E1L0F8SOB5LYQGAT6D1TVDQV5.pcm

SwiftExplicitDependencyGeneratePcm arm64 /Users/runner/work/orbit/orbit/.ewc-probe/.dd-ios/ModuleCache.noindex/Symbols-42ING458YVKXC7S4AKZWXKVA7.pcm

SwiftExplicitDependencyGeneratePcm arm64 /Users/runner/work/orbit/orbit/.ewc-probe/.dd-ios/ModuleCache.noindex/IOSurface-BGWB5MIYJOCSZBSI1BVOTU4QU.pcm

SwiftExplicitDependencyGeneratePcm arm64 /Users/runner/work/orbit/orbit/.ewc-probe/.dd-ios/ModuleCache.noindex/CoreTransferable-EYTNB72JMEJAXVZ9NMAUXL55.pcm

SwiftExplicitDependencyGeneratePcm arm64 /Users/runner/work/orbit/orbit/.ewc-probe/.dd-ios/ModuleCache.noindex/AudioToolbox-BKKCRCIWAB6S538J8HR9ZHCAW.pcm

SwiftExplicitDependencyGeneratePcm arm64 /Users/runner/work/orbit/orbit/.ewc-probe/.dd-ios/ModuleCache.noindex/DataDetection-ETWAPROCOYGEWG8BOMVSGBZ4P.pcm

SwiftExplicitDependencyGeneratePcm arm64 /Users/runner/work/orbit/orbit/.ewc-probe/.dd-ios/ModuleCache.noindex/Metal-23VWQFLEHKLRHLGIMMRSS9Z2P.pcm

SwiftExplicitDependencyGeneratePcm arm64 /Users/runner/work/orbit/orbit/.ewc-probe/.dd-ios/ModuleCache.noindex/UserNotifications-BI21D9TZCO6PBW56UTF7HN1FV.pcm

SwiftExplicitDependencyGeneratePcm arm64 /Users/runner/work/orbit/orbit/.ewc-probe/.dd-ios/ModuleCache.noindex/UniformTypeIdentifiers-81L14THH1V0NK5WKRJXM1NMDE.pcm

SwiftExplicitDependencyGeneratePcm arm64 /Users/runner/work/orbit/orbit/.ewc-probe/.dd-ios/ModuleCache.noindex/OSLog-1ATJTU480Q34SADD73BQBKMA2.pcm

SwiftExplicitDependencyGeneratePcm arm64 /Users/runner/work/orbit/orbit/.ewc-probe/.dd-ios/ModuleCache.noindex/OpenGLES-EEMVCX8ASMGU5L4HSS56JNN6T.pcm

SwiftExplicitDependencyGeneratePcm arm64 /Users/runner/work/orbit/orbit/.ewc-probe/.dd-ios/ModuleCache.noindex/CoreVideo-5KPA360JAVFS3OVDCMAKOSEK9.pcm

SwiftExplicitDependencyGeneratePcm arm64 /Users/runner/work/orbit/orbit/.ewc-probe/.dd-ios/ModuleCache.noindex/CoreImage-8PCZ8EZUZ5NQXX9ZY2X01CFL1.pcm

SwiftExplicitDependencyGeneratePcm arm64 /Users/runner/work/orbit/orbit/.ewc-probe/.dd-ios/ModuleCache.noindex/CoreMedia-1DKHIFC16BOPOQRTQFQ8W3XZ5.pcm

SwiftExplicitDependencyGeneratePcm arm64 /Users/runner/work/orbit/orbit/.ewc-probe/.dd-ios/ModuleCache.noindex/QuartzCore-B70JNI7B78GLNN1Y8DNUB16RW.pcm

SwiftExplicitDependencyGeneratePcm arm64 /Users/runner/work/orbit/orbit/.ewc-probe/.dd-ios/ModuleCache.noindex/MediaToolbox-17PRVYNK2RD8FT3R537Q81MGA.pcm

SwiftExplicitDependencyGeneratePcm arm64 /Users/runner/work/orbit/orbit/.ewc-probe/.dd-ios/ModuleCache.noindex/AVFAudio-DWJULHKIVCU8L78GTF7N219QB.pcm

SwiftExplicitDependencyGeneratePcm arm64 /Users/runner/work/orbit/orbit/.ewc-probe/.dd-ios/ModuleCache.noindex/UIKit-4VD67WU577XHPOHXIU5O3KLPO.pcm

SwiftExplicitDependencyGeneratePcm arm64 /Users/runner/work/orbit/orbit/.ewc-probe/.dd-ios/ModuleCache.noindex/SwiftUICore-F0QWSWW7VIBJY3FRU9NIH9F3F.pcm

SwiftExplicitDependencyGeneratePcm arm64 /Users/runner/work/orbit/orbit/.ewc-probe/.dd-ios/ModuleCache.noindex/AVFoundation-2CM8VS7F04IZM92T5ZY2K19KB.pcm

SwiftExplicitDependencyGeneratePcm arm64 /Users/runner/work/orbit/orbit/.ewc-probe/.dd-ios/ModuleCache.noindex/Photos-BMMZYIQHB8IMNQG99GZBABNXR.pcm

SwiftExplicitDependencyGeneratePcm arm64 /Users/runner/work/orbit/orbit/.ewc-probe/.dd-ios/ModuleCache.noindex/SwiftUI-6IQ5Z8HBDL8X2FBEQYOOT12OR.pcm

SwiftExplicitDependencyGeneratePcm arm64 /Users/runner/work/orbit/orbit/.ewc-probe/.dd-ios/ModuleCache.noindex/AuthenticationServices-36LURA5W1MYST3K78SDSWF4V5.pcm

SwiftExplicitDependencyGeneratePcm arm64 /Users/runner/work/orbit/orbit/.ewc-probe/.dd-ios/ModuleCache.noindex/PhotosUI-1CTNXPLO4B1I2BO27YHRW94QW.pcm

SwiftEmitModule normal arm64 Emitting\ module\ for\ EwcProbe (in target 'EwcProbe' from project 'EwcProbe')

EmitSwiftModule normal arm64 (in target 'EwcProbe' from project 'EwcProbe')
    cd /Users/runner/work/orbit/orbit/.ewc-probe
    

SwiftCompile normal arm64 Compiling\ ToolCards.swift,\ TopInsetClearOfRefresh.swift,\ Typography.swift,\ UserTurnRow.swift,\ WatchViews.swift,\ WatchWakeCardView.swift,\ WatchesModel.swift,\ WatchingCard.swift,\ WikiActivityView.swift,\ WikiArticleView.swift,\ WikiContentsColumn.swift,\ WikiDocScreens.swift,\ WikiDocView.swift,\ WikiJobView.swift,\ WikiModel.swift,\ WikiPlanView.swift,\ WikiRunView.swift,\ WikiScreens.swift,\ WikiSettingsView.swift,\ WikiView.swift,\ WorktreeBar.swift,\ WorktreeFilePreview.swift,\ WorktreeModel.swift,\ GeneratedAssetSymbols.swift /Users/runner/work/orbit/orbit/src/macos/OrbitApp/Sources/OrbitApp/Views/Console/ToolCards.swift /Users/runner/work/orbit/orbit/src/macos/OrbitApp/Sources/OrbitApp/Views/TopInsetClearOfRefresh.swift /Users/runner/work/orbit/orbit/src/macos/OrbitApp/Sources/OrbitApp/Views/Typography.swift /Users/runner/work/orbit/orbit/src/macos/OrbitApp/Sources/OrbitApp/Views/Console/UserTurnRow.swift /Users/runner/work/orbit/orbit/src/macos/OrbitApp/Sources/OrbitApp/Views/WatchViews.swift /Users/runner/work/orbit/orbit/src/macos/OrbitApp/Sources/OrbitApp/Views/WatchWakeCardView.swift /Users/runner/work/orbit/orbit/src/macos/OrbitApp/Sources/OrbitApp/WatchesModel.swift /Users/runner/work/orbit/orbit/src/macos/OrbitApp/Sources/OrbitApp/Views/WatchingCard.swift /Users/runner/work/orbit/orbit/src/macos/OrbitApp/Sources/OrbitApp/Views/WikiActivityView.swift /Users/runner/work/orbit/orbit/src/macos/OrbitApp/Sources/OrbitApp/Views/WikiArticleView.swift /Users/runner/work/orbit/orbit/src/macos/OrbitApp/Sources/OrbitApp/Views/WikiContentsColumn.swift /Users/runner/work/orbit/orbit/src/macos/OrbitApp/Sources/OrbitApp/Views/WikiDocScreens.swift /Users/runner/work/orbit/orbit/src/macos/OrbitApp/Sources/OrbitApp/Views/WikiDocView.swift /Users/runner/work/orbit/orbit/src/macos/OrbitApp/Sources/OrbitApp/Views/WikiJobView.swift /Users/runner/work/orbit/orbit/src/macos/OrbitApp/Sources/OrbitApp/WikiModel.swift /Users/runner/work/orbit/orbit/src/macos/OrbitApp/Sources/OrbitApp/Views/WikiPlanView.swift /Users/runner/work/orbit/orbit/src/macos/OrbitApp/Sources/OrbitApp/Views/WikiRunView.swift /Users/runner/work/orbit/orbit/src/macos/OrbitApp/Sources/OrbitApp/Views/WikiScreens.swift /Users/runner/work/orbit/orbit/src/macos/OrbitApp/Sources/OrbitApp/Views/WikiSettingsView.swift /Users/runner/work/orbit/orbit/src/macos/OrbitApp/Sources/OrbitApp/Views/WikiView.swift /Users/runner/work/orbit/orbit/src/macos/OrbitApp/Sources/OrbitApp/Views/WorktreeBar.swift /Users/runner/work/orbit/orbit/src/macos/OrbitApp/Sources/OrbitApp/Views/WorktreeFilePreview.swift /Users/runner/work/orbit/orbit/src/macos/OrbitApp/Sources/OrbitApp/WorktreeModel.swift /Users/runner/work/orbit/orbit/.ewc-probe/.dd-ios/Build/Intermediates.noindex/EwcProbe.build/Debug-iphonesimulator/EwcProbe.build/DerivedSources/GeneratedAssetSymbols.swift (in target 'EwcProbe' from project 'EwcProbe')

SwiftCompile normal arm64 /Users/runner/work/orbit/orbit/src/macos/OrbitApp/Sources/OrbitApp/Views/Console/ToolCards.swift (in target 'EwcProbe' from project 'EwcProbe')
    cd /Users/runner/work/orbit/orbit/.ewc-probe
    

SwiftCompile normal arm64 /Users/runner/work/orbit/orbit/src/macos/OrbitApp/Sources/OrbitApp/Views/TopInsetClearOfRefresh.swift (in target 'EwcProbe' from project 'EwcProbe')
    cd /Users/runner/work/orbit/orbit/.ewc-probe
    

SwiftCompile normal arm64 /Users/runner/work/orbit/orbit/src/macos/OrbitApp/Sources/OrbitApp/Views/Typography.swift (in target 'EwcProbe' from project 'EwcProbe')
    cd /Users/runner/work/orbit/orbit/.ewc-probe
    

SwiftCompile normal arm64 /Users/runner/work/orbit/orbit/src/macos/OrbitApp/Sources/OrbitApp/Views/Console/UserTurnRow.swift (in target 'EwcProbe' from project 'EwcProbe')
    cd /Users/runner/work/orbit/orbit/.ewc-probe
    

SwiftCompile normal arm64 /Users/runner/work/orbit/orbit/src/macos/OrbitApp/Sources/OrbitApp/Views/WatchViews.swift (in target 'EwcProbe' from project 'EwcProbe')
    cd /Users/runner/work/orbit/orbit/.ewc-probe
    

SwiftCompile normal arm64 /Users/runner/work/orbit/orbit/src/macos/OrbitApp/Sources/OrbitApp/Views/WatchWakeCardView.swift (in target 'EwcProbe' from project 'EwcProbe')
    cd /Users/runner/work/orbit/orbit/.ewc-probe
    

SwiftCompile normal arm64 /Users/runner/work/orbit/orbit/src/macos/OrbitApp/Sources/OrbitApp/WatchesModel.swift (in target 'EwcProbe' from project 'EwcProbe')
    cd /Users/runner/work/orbit/orbit/.ewc-probe
    

SwiftCompile normal arm64 /Users/runner/work/orbit/orbit/src/macos/OrbitApp/Sources/OrbitApp/Views/WatchingCard.swift (in target 'EwcProbe' from project 'EwcProbe')
    cd /Users/runner/work/orbit/orbit/.ewc-probe
    

SwiftCompile normal arm64 /Users/runner/work/orbit/orbit/src/macos/OrbitApp/Sources/OrbitApp/Views/WikiActivityView.swift (in target 'EwcProbe' from project 'EwcProbe')
    cd /Users/runner/work/orbit/orbit/.ewc-probe
    

SwiftCompile normal arm64 /Users/runner/work/orbit/orbit/src/macos/OrbitApp/Sources/OrbitApp/Views/WikiArticleView.swift (in target 'EwcProbe' from project 'EwcProbe')
    cd /Users/runner/work/orbit/orbit/.ewc-probe
    

SwiftCompile normal arm64 /Users/runner/work/orbit/orbit/src/macos/OrbitApp/Sources/OrbitApp/Views/WikiContentsColumn.swift (in target 'EwcProbe' from project 'EwcProbe')
    cd /Users/runner/work/orbit/orbit/.ewc-probe
    

SwiftCompile normal arm64 /Users/runner/work/orbit/orbit/src/macos/OrbitApp/Sources/OrbitApp/Views/WikiDocScreens.swift (in target 'EwcProbe' from project 'EwcProbe')
    cd /Users/runner/work/orbit/orbit/.ewc-probe
    

SwiftCompile normal arm64 /Users/runner/work/orbit/orbit/src/macos/OrbitApp/Sources/OrbitApp/Views/WikiDocView.swift (in target 'EwcProbe' from project 'EwcProbe')
    cd /Users/runner/work/orbit/orbit/.ewc-probe
    

SwiftCompile normal arm64 /Users/runner/work/orbit/orbit/src/macos/OrbitApp/Sources/OrbitApp/Views/WikiJobView.swift (in target 'EwcProbe' from project 'EwcProbe')
    cd /Users/runner/work/orbit/orbit/.ewc-probe
    

SwiftCompile normal arm64 /Users/runner/work/orbit/orbit/src/macos/OrbitApp/Sources/OrbitApp/WikiModel.swift (in target 'EwcProbe' from project 'EwcProbe')
    cd /Users/runner/work/orbit/orbit/.ewc-probe
    

SwiftCompile normal arm64 /Users/runner/work/orbit/orbit/src/macos/OrbitApp/Sources/OrbitApp/Views/WikiPlanView.swift (in target 'EwcProbe' from project 'EwcProbe')
    cd /Users/runner/work/orbit/orbit/.ewc-probe
    

SwiftCompile normal arm64 /Users/runner/work/orbit/orbit/src/macos/OrbitApp/Sources/OrbitApp/Views/WikiRunView.swift (in target 'EwcProbe' from project 'EwcProbe')
    cd /Users/runner/work/orbit/orbit/.ewc-probe
    

SwiftCompile normal arm64 /Users/runner/work/orbit/orbit/src/macos/OrbitApp/Sources/OrbitApp/Views/WikiScreens.swift (in target 'EwcProbe' from project 'EwcProbe')
    cd /Users/runner/work/orbit/orbit/.ewc-probe
    

SwiftCompile normal arm64 /Users/runner/work/orbit/orbit/src/macos/OrbitApp/Sources/OrbitApp/Views/WikiSettingsView.swift (in target 'EwcProbe' from project 'EwcProbe')
    cd /Users/runner/work/orbit/orbit/.ewc-probe
    

SwiftCompile normal arm64 /Users/runner/work/orbit/orbit/src/macos/OrbitApp/Sources/OrbitApp/Views/WikiView.swift (in target 'EwcProbe' from project 'EwcProbe')
    cd /Users/runner/work/orbit/orbit/.ewc-probe
    

SwiftCompile normal arm64 /Users/runner/work/orbit/orbit/src/macos/OrbitApp/Sources/OrbitApp/Views/WorktreeBar.swift (in target 'EwcProbe' from project 'EwcProbe')
    cd /Users/runner/work/orbit/orbit/.ewc-probe
    

SwiftCompile normal arm64 /Users/runner/work/orbit/orbit/src/macos/OrbitApp/Sources/OrbitApp/Views/WorktreeFilePreview.swift (in target 'EwcProbe' from project 'EwcProbe')
    cd /Users/runner/work/orbit/orbit/.ewc-probe
    

SwiftCompile normal arm64 /Users/runner/work/orbit/orbit/src/macos/OrbitApp/Sources/OrbitApp/WorktreeModel.swift (in target 'EwcProbe' from project 'EwcProbe')
    cd /Users/runner/work/orbit/orbit/.ewc-probe
    

SwiftCompile normal arm64 /Users/runner/work/orbit/orbit/.ewc-probe/.dd-ios/Build/Intermediates.noindex/EwcProbe.build/Debug-iphonesimulator/EwcProbe.build/DerivedSources/GeneratedAssetSymbols.swift (in target 'EwcProbe' from project 'EwcProbe')
    cd /Users/runner/work/orbit/orbit/.ewc-probe
    

SwiftCompile normal arm64 Compiling\ ConsoleRegistry.swift,\ ConsoleView.swift,\ CreatedTasksCard.swift,\ CreatedTasksModel.swift,\ CreatedTasksPage.swift,\ EwcProbe.swift,\ FileHandoff.swift,\ FollowingView.swift,\ ImageViewer.swift,\ InfrastructureSections.swift,\ LinkDetection.swift,\ LoginView.swift,\ MainView.swift,\ ManagedRunnerBanner.swift,\ ManagedRunnerModel.swift,\ MarkdownView.swift,\ MergeRecoverySheet.swift,\ MessageBubbles.swift,\ MonospaceOutputViewer.swift,\ NeedsYouBannerView.swift,\ NotificationManager.swift,\ OpenItemDeliveryCardView.swift,\ OrbitLinkCardView.swift,\ OrbitLinkCards.swift,\ Platform.swift /Users/runner/work/orbit/orbit/src/macos/OrbitApp/Sources/OrbitApp/ConsoleRegistry.swift /Users/runner/work/orbit/orbit/src/macos/OrbitApp/Sources/OrbitApp/Views/Console/ConsoleView.swift /Users/runner/work/orbit/orbit/src/macos/OrbitApp/Sources/OrbitApp/Views/CreatedTasksCard.swift /Users/runner/work/orbit/orbit/src/macos/OrbitApp/Sources/OrbitApp/CreatedTasksModel.swift /Users/runner/work/orbit/orbit/src/macos/OrbitApp/Sources/OrbitApp/Views/CreatedTasksPage.swift /Users/runner/work/orbit/orbit/.ewc-probe/ios/EwcProbe.swift /Users/runner/work/orbit/orbit/src/macos/OrbitApp/Sources/OrbitApp/Views/FileHandoff.swift /Users/runner/work/orbit/orbit/src/macos/OrbitApp/Sources/OrbitApp/Views/FollowingView.swift /Users/runner/work/orbit/orbit/src/macos/OrbitApp/Sources/OrbitApp/Views/Console/ImageViewer.swift /Users/runner/work/orbit/orbit/src/macos/OrbitApp/Sources/OrbitApp/Views/InfrastructureSections.swift /Users/runner/work/orbit/orbit/src/macos/OrbitApp/Sources/OrbitApp/Views/Console/LinkDetection.swift /Users/runner/work/orbit/orbit/src/macos/OrbitApp/Sources/OrbitApp/Views/LoginView.swift /Users/runner/work/orbit/orbit/src/macos/OrbitApp/Sources/OrbitApp/Views/MainView.swift /Users/runner/work/orbit/orbit/src/macos/OrbitApp/Sources/OrbitApp/Views/ManagedRunnerBanner.swift /Users/runner/work/orbit/orbit/src/macos/OrbitApp/Sources/OrbitApp/ManagedRunnerModel.swift /Users/runner/work/orbit/orbit/src/macos/OrbitApp/Sources/OrbitApp/Views/MarkdownView.swift /Users/runner/work/orbit/orbit/src/macos/OrbitApp/Sources/OrbitApp/Views/MergeRecoverySheet.swift /Users/runner/work/orbit/orbit/src/macos/OrbitApp/Sources/OrbitApp/Views/Console/MessageBubbles.swift /Users/runner/work/orbit/orbit/src/macos/OrbitApp/Sources/OrbitApp/Views/Console/MonospaceOutputViewer.swift /Users/runner/work/orbit/orbit/src/macos/OrbitApp/Sources/OrbitApp/Views/NeedsYouBannerView.swift /Users/runner/work/orbit/orbit/src/macos/OrbitApp/Sources/OrbitApp/NotificationManager.swift /Users/runner/work/orbit/orbit/src/macos/OrbitApp/Sources/OrbitApp/Views/OpenItemDeliveryCardView.swift /Users/runner/work/orbit/orbit/src/macos/OrbitApp/Sources/OrbitApp/Views/OrbitLinkCardView.swift /Users/runner/work/orbit/orbit/src/macos/OrbitApp/Sources/OrbitApp/OrbitLinkCards.swift /Users/runner/work/orbit/orbit/src/macos/OrbitApp/Sources/OrbitApp/Platform.swift (in target 'EwcProbe' from project 'EwcProbe')

SwiftCompile normal arm64 /Users/runner/work/orbit/orbit/src/macos/OrbitApp/Sources/OrbitApp/ConsoleRegistry.swift (in target 'EwcProbe' from project 'EwcProbe')
    cd /Users/runner/work/orbit/orbit/.ewc-probe
    

SwiftCompile normal arm64 /Users/runner/work/orbit/orbit/src/macos/OrbitApp/Sources/OrbitApp/Views/Console/ConsoleView.swift (in target 'EwcProbe' from project 'EwcProbe')
    cd /Users/runner/work/orbit/orbit/.ewc-probe
    

SwiftCompile normal arm64 /Users/runner/work/orbit/orbit/src/macos/OrbitApp/Sources/OrbitApp/Views/CreatedTasksCard.swift (in target 'EwcProbe' from project 'EwcProbe')
    cd /Users/runner/work/orbit/orbit/.ewc-probe
    

SwiftCompile normal arm64 /Users/runner/work/orbit/orbit/src/macos/OrbitApp/Sources/OrbitApp/CreatedTasksModel.swift (in target 'EwcProbe' from project 'EwcProbe')
    cd /Users/runner/work/orbit/orbit/.ewc-probe
    

SwiftCompile normal arm64 /Users/runner/work/orbit/orbit/src/macos/OrbitApp/Sources/OrbitApp/Views/CreatedTasksPage.swift (in target 'EwcProbe' from project 'EwcProbe')
    cd /Users/runner/work/orbit/orbit/.ewc-probe
    

SwiftCompile normal arm64 /Users/runner/work/orbit/orbit/.ewc-probe/ios/EwcProbe.swift (in target 'EwcProbe' from project 'EwcProbe')
    cd /Users/runner/work/orbit/orbit/.ewc-probe
    

SwiftCompile normal arm64 /Users/runner/work/orbit/orbit/src/macos/OrbitApp/Sources/OrbitApp/Views/FileHandoff.swift (in target 'EwcProbe' from project 'EwcProbe')
    cd /Users/runner/work/orbit/orbit/.ewc-probe
    

SwiftCompile normal arm64 /Users/runner/work/orbit/orbit/src/macos/OrbitApp/Sources/OrbitApp/Views/FollowingView.swift (in target 'EwcProbe' from project 'EwcProbe')
    cd /Users/runner/work/orbit/orbit/.ewc-probe
    

SwiftCompile normal arm64 /Users/runner/work/orbit/orbit/src/macos/OrbitApp/Sources/OrbitApp/Views/Console/ImageViewer.swift (in target 'EwcProbe' from project 'EwcProbe')
    cd /Users/runner/work/orbit/orbit/.ewc-probe
    

SwiftCompile normal arm64 /Users/runner/work/orbit/orbit/src/macos/OrbitApp/Sources/OrbitApp/Views/InfrastructureSections.swift (in target 'EwcProbe' from project 'EwcProbe')
    cd /Users/runner/work/orbit/orbit/.ewc-probe
    

SwiftCompile normal arm64 /Users/runner/work/orbit/orbit/src/macos/OrbitApp/Sources/OrbitApp/Views/Console/LinkDetection.swift (in target 'EwcProbe' from project 'EwcProbe')
    cd /Users/runner/work/orbit/orbit/.ewc-probe
    

SwiftCompile normal arm64 /Users/runner/work/orbit/orbit/src/macos/OrbitApp/Sources/OrbitApp/Views/LoginView.swift (in target 'EwcProbe' from project 'EwcProbe')
    cd /Users/runner/work/orbit/orbit/.ewc-probe
    

SwiftCompile normal arm64 /Users/runner/work/orbit/orbit/src/macos/OrbitApp/Sources/OrbitApp/Views/MainView.swift (in target 'EwcProbe' from project 'EwcProbe')
    cd /Users/runner/work/orbit/orbit/.ewc-probe
    

SwiftCompile normal arm64 /Users/runner/work/orbit/orbit/src/macos/OrbitApp/Sources/OrbitApp/Views/ManagedRunnerBanner.swift (in target 'EwcProbe' from project 'EwcProbe')
    cd /Users/runner/work/orbit/orbit/.ewc-probe
    

SwiftCompile normal arm64 /Users/runner/work/orbit/orbit/src/macos/OrbitApp/Sources/OrbitApp/ManagedRunnerModel.swift (in target 'EwcProbe' from project 'EwcProbe')
    cd /Users/runner/work/orbit/orbit/.ewc-probe
    

SwiftCompile normal arm64 /Users/runner/work/orbit/orbit/src/macos/OrbitApp/Sources/OrbitApp/Views/MarkdownView.swift (in target 'EwcProbe' from project 'EwcProbe')
    cd /Users/runner/work/orbit/orbit/.ewc-probe
    

SwiftCompile normal arm64 /Users/runner/work/orbit/orbit/src/macos/OrbitApp/Sources/OrbitApp/Views/MergeRecoverySheet.swift (in target 'EwcProbe' from project 'EwcProbe')
    cd /Users/runner/work/orbit/orbit/.ewc-probe
    

SwiftCompile normal arm64 /Users/runner/work/orbit/orbit/src/macos/OrbitApp/Sources/OrbitApp/Views/Console/MessageBubbles.swift (in target 'EwcProbe' from project 'EwcProbe')
    cd /Users/runner/work/orbit/orbit/.ewc-probe
    

SwiftCompile normal arm64 /Users/runner/work/orbit/orbit/src/macos/OrbitApp/Sources/OrbitApp/Views/Console/MonospaceOutputViewer.swift (in target 'EwcProbe' from project 'EwcProbe')
    cd /Users/runner/work/orbit/orbit/.ewc-probe
    

SwiftCompile normal arm64 /Users/runner/work/orbit/orbit/src/macos/OrbitApp/Sources/OrbitApp/Views/NeedsYouBannerView.swift (in target 'EwcProbe' from project 'EwcProbe')
    cd /Users/runner/work/orbit/orbit/.ewc-probe
    

SwiftCompile normal arm64 /Users/runner/work/orbit/orbit/src/macos/OrbitApp/Sources/OrbitApp/NotificationManager.swift (in target 'EwcProbe' from project 'EwcProbe')
    cd /Users/runner/work/orbit/orbit/.ewc-probe
    

SwiftCompile normal arm64 /Users/runner/work/orbit/orbit/src/macos/OrbitApp/Sources/OrbitApp/Views/OpenItemDeliveryCardView.swift (in target 'EwcProbe' from project 'EwcProbe')
    cd /Users/runner/work/orbit/orbit/.ewc-probe
    

SwiftCompile normal arm64 /Users/runner/work/orbit/orbit/src/macos/OrbitApp/Sources/OrbitApp/Views/OrbitLinkCardView.swift (in target 'EwcProbe' from project 'EwcProbe')
    cd /Users/runner/work/orbit/orbit/.ewc-probe
    

SwiftCompile normal arm64 /Users/runner/work/orbit/orbit/src/macos/OrbitApp/Sources/OrbitApp/OrbitLinkCards.swift (in target 'EwcProbe' from project 'EwcProbe')
    cd /Users/runner/work/orbit/orbit/.ewc-probe
    

SwiftCompile normal arm64 /Users/runner/work/orbit/orbit/src/macos/OrbitApp/Sources/OrbitApp/Platform.swift (in target 'EwcProbe' from project 'EwcProbe')
    cd /Users/runner/work/orbit/orbit/.ewc-probe
    

SwiftDriverJobDiscovery normal arm64 Emitting module for EwcProbe (in target 'EwcProbe' from project 'EwcProbe')

SwiftDriver\ Compilation\ Requirements EwcProbe normal arm64 com.apple.xcode.tools.swift.compiler (in target 'EwcProbe' from project 'EwcProbe')
    cd /Users/runner/work/orbit/orbit/.ewc-probe
    builtin-Swift-Compilation-Requirements -- /Applications/Xcode_26.6.app/Contents/Developer/Toolchains/XcodeDefault.xctoolchain/usr/bin/swiftc -module-name EwcProbe -Onone @/Users/runner/work/orbit/orbit/.ewc-probe/.dd-ios/Build/Intermediates.noindex/EwcProbe.build/Debug-iphonesimulator/EwcProbe.build/Objects-normal/arm64/EwcProbe.SwiftFileList -DDEBUG -enable-bare-slash-regex -enable-experimental-feature DebugDescriptionMacro -sdk /Applications/Xcode_26.6.app/Contents/Developer/Platforms/iPhoneSimulator.platform/Developer/SDKs/iPhoneSimulator26.5.sdk -target arm64-apple-ios17.0-simulator -g -module-cache-path /Users/runner/work/orbit/orbit/.ewc-probe/.dd-ios/ModuleCache.noindex -Xfrontend -serialize-debugging-options -enable-testing -index-store-path /Users/runner/work/orbit/orbit/.ewc-probe/.dd-ios/Index.noindex/DataStore -Xcc -D_LIBCPP_HARDENING_MODE\=_LIBCPP_HARDENING_MODE_DEBUG -swift-version 5 -I /Users/runner/work/orbit/orbit/.ewc-probe/.dd-ios/Build/Products/Debug-iphonesimulator -F /Users/runner/work/orbit/orbit/.ewc-probe/.dd-ios/Build/Products/Debug-iphonesimulator/PackageFrameworks -F /Users/runner/work/orbit/orbit/.ewc-probe/.dd-ios/Build/Products/Debug-iphonesimulator/PackageFrameworks -F /Users/runner/work/orbit/orbit/.ewc-probe/.dd-ios/Build/Products/Debug-iphonesimulator/PackageFrameworks -F /Users/runner/work/orbit/orbit/.ewc-probe/.dd-ios/Build/Products/Debug-iphonesimulator/PackageFrameworks -F /Users/runner/work/orbit/orbit/.ewc-probe/.dd-ios/Build/Products/Debug-iphonesimulator/PackageFrameworks -F /Users/runner/work/orbit/orbit/.ewc-probe/.dd-ios/Build/Products/Debug-iphonesimulator -c -j3 -enable-batch-mode -incremental -Xcc -ivfsstatcache -Xcc /Users/runner/work/orbit/orbit/.ewc-probe/.dd-ios/SDKStatCaches.noindex/iphonesimulator26.5-23F81a-688ef53f1462e2c8f657fdc38a81448ff45c64a1807a658693f2a61704f17a36.sdkstatcache -output-file-map /Users/runner/work/orbit/orbit/.ewc-probe/.dd-ios/Build/Intermediates.noindex/EwcProbe.build/Debug-iphonesimulator/EwcProbe.build/Objects-normal/arm64/EwcProbe-OutputFileMap.json -use-frontend-parseable-output -save-temps -no-color-diagnostics -explicit-module-build -module-cache-path /Users/runner/work/orbit/orbit/.ewc-probe/.dd-ios/Build/Intermediates.noindex/SwiftExplicitPrecompiledModules -clang-scanner-module-cache-path /Users/runner/work/orbit/orbit/.ewc-probe/.dd-ios/ModuleCache.noindex -sdk-module-cache-path /Users/runner/work/orbit/orbit/.ewc-probe/.dd-ios/ModuleCache.noindex -serialize-diagnostics -emit-dependencies -emit-module -emit-module-path /Users/runner/work/orbit/orbit/.ewc-probe/.dd-ios/Build/Intermediates.noindex/EwcProbe.build/Debug-iphonesimulator/EwcProbe.build/Objects-normal/arm64/EwcProbe.swiftmodule -validate-clang-modules-once -clang-build-session-file /Users/runner/work/orbit/orbit/.ewc-probe/.dd-ios/ModuleCache.noindex/Session.modulevalidation -Xcc -I/Users/runner/work/orbit/orbit/.ewc-probe/.dd-ios/Build/Intermediates.noindex/EwcProbe.build/Debug-iphonesimulator/EwcProbe.build/swift-overrides.hmap -emit-const-values -Xfrontend -const-gather-protocols-file -Xfrontend /Users/runner/work/orbit/orbit/.ewc-probe/.dd-ios/Build/Intermediates.noindex/EwcProbe.build/Debug-iphonesimulator/EwcProbe.build/Objects-normal/arm64/EwcProbe_const_extract_protocols.json -Xcc -iquote -Xcc /Users/runner/work/orbit/orbit/.ewc-probe/.dd-ios/Build/Intermediates.noindex/EwcProbe.build/Debug-iphonesimulator/EwcProbe.build/EwcProbe-generated-files.hmap -Xcc -I/Users/runner/work/orbit/orbit/.ewc-probe/.dd-ios/Build/Intermediates.noindex/EwcProbe.build/Debug-iphonesimulator/EwcProbe.build/EwcProbe-own-target-headers.hmap -Xcc -I/Users/runner/work/orbit/orbit/.ewc-probe/.dd-ios/Build/Intermediates.noindex/EwcProbe.build/Debug-iphonesimulator/EwcProbe.build/EwcProbe-all-non-framework-target-headers.hmap -Xcc -ivfsoverlay -Xcc /Users/runner/work/orbit/orbit/.ewc-probe/.dd-ios/Build/Intermediates.noindex/EwcProbe.build/Debug-iphonesimulator/EwcProbe-dbf945722ac196f419bd53f2d46c67b3-VFS-iphonesimulator/all-product-headers.yaml -Xcc -iquote -Xcc /Users/runner/work/orbit/orbit/.ewc-probe/.dd-ios/Build/Intermediates.noindex/EwcProbe.build/Debug-iphonesimulator/EwcProbe.build/EwcProbe-project-headers.hmap -Xcc -I/Users/runner/work/orbit/orbit/.ewc-probe/.dd-ios/SourcePackages/checkouts/swift-cmark/src/include -Xcc -I/Users/runner/work/orbit/orbit/.ewc-probe/.dd-ios/SourcePackages/checkouts/swift-cmark/extensions/include -Xcc -I/Users/runner/work/orbit/orbit/.ewc-probe/.dd-ios/SourcePackages/checkouts/swift-markdown/Sources/CAtomic/include -Xcc -I/Users/runner/work/orbit/orbit/.ewc-probe/.dd-ios/Build/Products/Debug-iphonesimulator/include -Xcc -I/Users/runner/work/orbit/orbit/.ewc-probe/.dd-ios/Build/Intermediates.noindex/EwcProbe.build/Debug-iphonesimulator/EwcProbe.build/DerivedSources-normal/arm64 -Xcc -I/Users/runner/work/orbit/orbit/.ewc-probe/.dd-ios/Build/Intermediates.noindex/EwcProbe.build/Debug-iphonesimulator/EwcProbe.build/DerivedSources/arm64 -Xcc -I/Users/runner/work/orbit/orbit/.ewc-probe/.dd-ios/Build/Intermediates.noindex/EwcProbe.build/Debug-iphonesimulator/EwcProbe.build/DerivedSources -Xcc -DDEBUG\=1 -emit-objc-header -emit-objc-header-path /Users/runner/work/orbit/orbit/.ewc-probe/.dd-ios/Build/Intermediates.noindex/EwcProbe.build/Debug-iphonesimulator/EwcProbe.build/Objects-normal/arm64/EwcProbe-Swift.h -working-directory /Users/runner/work/orbit/orbit/.ewc-probe -experimental-emit-module-separately -disable-cmo

SwiftDriverJobDiscovery normal arm64 Compiling ToolCards.swift, TopInsetClearOfRefresh.swift, Typography.swift, UserTurnRow.swift, WatchViews.swift, WatchWakeCardView.swift, WatchesModel.swift, WatchingCard.swift, WikiActivityView.swift, WikiArticleView.swift, WikiContentsColumn.swift, WikiDocScreens.swift, WikiDocView.swift, WikiJobView.swift, WikiModel.swift, WikiPlanView.swift, WikiRunView.swift, WikiScreens.swift, WikiSettingsView.swift, WikiView.swift, WorktreeBar.swift, WorktreeFilePreview.swift, WorktreeModel.swift, GeneratedAssetSymbols.swift (in target 'EwcProbe' from project 'EwcProbe')

SwiftCompile normal arm64 Compiling\ SessionMessageCardView.swift,\ SessionMoveSheet.swift,\ SessionMoveTargetPage.swift,\ SessionProjectListSupport.swift,\ SessionProjectPage.swift,\ SessionRenameAlert.swift,\ SessionReplyCardView.swift,\ SessionRowActions.swift,\ SessionRunStartCard.swift,\ SessionSearchView.swift,\ SessionTagViews.swift,\ SettingsAdminView.swift,\ SettingsSheet.swift,\ ShareSheet.swift,\ SharedLinksModel.swift,\ SharedPoolsModel.swift,\ SkillsRunnersView.swift,\ TaskDetailParts.swift,\ TaskListParts.swift,\ TaskRunHandoffCard.swift,\ TaskStartCardView.swift,\ TasksModel.swift,\ TasksView.swift,\ ToastHost.swift /Users/runner/work/orbit/orbit/src/macos/OrbitApp/Sources/OrbitApp/Views/SessionMessageCardView.swift /Users/runner/work/orbit/orbit/src/macos/OrbitApp/Sources/OrbitApp/Views/SessionMoveSheet.swift /Users/runner/work/orbit/orbit/src/macos/OrbitApp/Sources/OrbitApp/Views/SessionMoveTargetPage.swift /Users/runner/work/orbit/orbit/src/macos/OrbitApp/Sources/OrbitApp/Views/SessionProjectListSupport.swift /Users/runner/work/orbit/orbit/src/macos/OrbitApp/Sources/OrbitApp/Views/SessionProjectPage.swift /Users/runner/work/orbit/orbit/src/macos/OrbitApp/Sources/OrbitApp/Views/SessionRenameAlert.swift /Users/runner/work/orbit/orbit/src/macos/OrbitApp/Sources/OrbitApp/Views/SessionReplyCardView.swift /Users/runner/work/orbit/orbit/src/macos/OrbitApp/Sources/OrbitApp/Views/SessionRowActions.swift /Users/runner/work/orbit/orbit/src/macos/OrbitApp/Sources/OrbitApp/Views/Console/SessionRunStartCard.swift /Users/runner/work/orbit/orbit/src/macos/OrbitApp/Sources/OrbitApp/Views/SessionSearchView.swift /Users/runner/work/orbit/orbit/src/macos/OrbitApp/Sources/OrbitApp/Views/SessionTagViews.swift /Users/runner/work/orbit/orbit/src/macos/OrbitApp/Sources/OrbitApp/Views/SettingsAdminView.swift /Users/runner/work/orbit/orbit/src/macos/OrbitApp/Sources/OrbitApp/Views/SettingsSheet.swift /Users/runner/work/orbit/orbit/src/macos/OrbitApp/Sources/OrbitApp/Views/ShareSheet.swift /Users/runner/work/orbit/orbit/src/macos/OrbitApp/Sources/OrbitApp/SharedLinksModel.swift /Users/runner/work/orbit/orbit/src/macos/OrbitApp/Sources/OrbitApp/SharedPoolsModel.swift /Users/runner/work/orbit/orbit/src/macos/OrbitApp/Sources/OrbitApp/Views/SkillsRunnersView.swift /Users/runner/work/orbit/orbit/src/macos/OrbitApp/Sources/OrbitApp/Views/TaskDetailParts.swift /Users/runner/work/orbit/orbit/src/macos/OrbitApp/Sources/OrbitApp/Views/TaskListParts.swift /Users/runner/work/orbit/orbit/src/macos/OrbitApp/Sources/OrbitApp/Views/TaskRunHandoffCard.swift /Users/runner/work/orbit/orbit/src/macos/OrbitApp/Sources/OrbitApp/Views/TaskStartCardView.swift /Users/runner/work/orbit/orbit/src/macos/OrbitApp/Sources/OrbitApp/TasksModel.swift /Users/runner/work/orbit/orbit/src/macos/OrbitApp/Sources/OrbitApp/Views/TasksView.swift /Users/runner/work/orbit/orbit/src/macos/OrbitApp/Sources/OrbitApp/Views/ToastHost.swift (in target 'EwcProbe' from project 'EwcProbe')
SwiftCompile normal arm64 /Users/runner/work/orbit/orbit/src/macos/OrbitApp/Sources/OrbitApp/Views/SessionMessageCardView.swift (in target 'EwcProbe' from project 'EwcProbe')
    cd /Users/runner/work/orbit/orbit/.ewc-probe
    

SwiftCompile normal arm64 /Users/runner/work/orbit/orbit/src/macos/OrbitApp/Sources/OrbitApp/Views/SessionMoveSheet.swift (in target 'EwcProbe' from project 'EwcProbe')
    cd /Users/runner/work/orbit/orbit/.ewc-probe
    

SwiftCompile normal arm64 /Users/runner/work/orbit/orbit/src/macos/OrbitApp/Sources/OrbitApp/Views/SessionMoveTargetPage.swift (in target 'EwcProbe' from project 'EwcProbe')
    cd /Users/runner/work/orbit/orbit/.ewc-probe
    

SwiftCompile normal arm64 /Users/runner/work/orbit/orbit/src/macos/OrbitApp/Sources/OrbitApp/Views/SessionProjectListSupport.swift (in target 'EwcProbe' from project 'EwcProbe')
    cd /Users/runner/work/orbit/orbit/.ewc-probe
    

SwiftCompile normal arm64 /Users/runner/work/orbit/orbit/src/macos/OrbitApp/Sources/OrbitApp/Views/SessionProjectPage.swift (in target 'EwcProbe' from project 'EwcProbe')
    cd /Users/runner/work/orbit/orbit/.ewc-probe
    

SwiftCompile normal arm64 /Users/runner/work/orbit/orbit/src/macos/OrbitApp/Sources/OrbitApp/Views/SessionRenameAlert.swift (in target 'EwcProbe' from project 'EwcProbe')
    cd /Users/runner/work/orbit/orbit/.ewc-probe
    

SwiftCompile normal arm64 /Users/runner/work/orbit/orbit/src/macos/OrbitApp/Sources/OrbitApp/Views/SessionReplyCardView.swift (in target 'EwcProbe' from project 'EwcProbe')
    cd /Users/runner/work/orbit/orbit/.ewc-probe
    

SwiftCompile normal arm64 /Users/runner/work/orbit/orbit/src/macos/OrbitApp/Sources/OrbitApp/Views/SessionRowActions.swift (in target 'EwcProbe' from project 'EwcProbe')
    cd /Users/runner/work/orbit/orbit/.ewc-probe
    

SwiftCompile normal arm64 /Users/runner/work/orbit/orbit/src/macos/OrbitApp/Sources/OrbitApp/Views/Console/SessionRunStartCard.swift (in target 'EwcProbe' from project 'EwcProbe')
    cd /Users/runner/work/orbit/orbit/.ewc-probe
    

SwiftCompile normal arm64 /Users/runner/work/orbit/orbit/src/macos/OrbitApp/Sources/OrbitApp/Views/SessionSearchView.swift (in target 'EwcProbe' from project 'EwcProbe')
    cd /Users/runner/work/orbit/orbit/.ewc-probe
    

SwiftCompile normal arm64 /Users/runner/work/orbit/orbit/src/macos/OrbitApp/Sources/OrbitApp/Views/SessionTagViews.swift (in target 'EwcProbe' from project 'EwcProbe')
    cd /Users/runner/work/orbit/orbit/.ewc-probe
    

SwiftCompile normal arm64 /Users/runner/work/orbit/orbit/src/macos/OrbitApp/Sources/OrbitApp/Views/SettingsAdminView.swift (in target 'EwcProbe' from project 'EwcProbe')
    cd /Users/runner/work/orbit/orbit/.ewc-probe
    

SwiftCompile normal arm64 /Users/runner/work/orbit/orbit/src/macos/OrbitApp/Sources/OrbitApp/Views/SettingsSheet.swift (in target 'EwcProbe' from project 'EwcProbe')
    cd /Users/runner/work/orbit/orbit/.ewc-probe
    

SwiftCompile normal arm64 /Users/runner/work/orbit/orbit/src/macos/OrbitApp/Sources/OrbitApp/Views/ShareSheet.swift (in target 'EwcProbe' from project 'EwcProbe')
    cd /Users/runner/work/orbit/orbit/.ewc-probe
    

SwiftCompile normal arm64 /Users/runner/work/orbit/orbit/src/macos/OrbitApp/Sources/OrbitApp/SharedLinksModel.swift (in target 'EwcProbe' from project 'EwcProbe')
    cd /Users/runner/work/orbit/orbit/.ewc-probe
    

SwiftCompile normal arm64 /Users/runner/work/orbit/orbit/src/macos/OrbitApp/Sources/OrbitApp/SharedPoolsModel.swift (in target 'EwcProbe' from project 'EwcProbe')
    cd /Users/runner/work/orbit/orbit/.ewc-probe
    

SwiftCompile normal arm64 /Users/runner/work/orbit/orbit/src/macos/OrbitApp/Sources/OrbitApp/Views/SkillsRunnersView.swift (in target 'EwcProbe' from project 'EwcProbe')
    cd /Users/runner/work/orbit/orbit/.ewc-probe
    

SwiftCompile normal arm64 /Users/runner/work/orbit/orbit/src/macos/OrbitApp/Sources/OrbitApp/Views/TaskDetailParts.swift (in target 'EwcProbe' from project 'EwcProbe')
    cd /Users/runner/work/orbit/orbit/.ewc-probe
    

SwiftCompile normal arm64 /Users/runner/work/orbit/orbit/src/macos/OrbitApp/Sources/OrbitApp/Views/TaskListParts.swift (in target 'EwcProbe' from project 'EwcProbe')
    cd /Users/runner/work/orbit/orbit/.ewc-probe
    

SwiftCompile normal arm64 /Users/runner/work/orbit/orbit/src/macos/OrbitApp/Sources/OrbitApp/Views/TaskRunHandoffCard.swift (in target 'EwcProbe' from project 'EwcProbe')
    cd /Users/runner/work/orbit/orbit/.ewc-probe
    

SwiftCompile normal arm64 /Users/runner/work/orbit/orbit/src/macos/OrbitApp/Sources/OrbitApp/Views/TaskStartCardView.swift (in target 'EwcProbe' from project 'EwcProbe')
    cd /Users/runner/work/orbit/orbit/.ewc-probe
    

SwiftCompile normal arm64 /Users/runner/work/orbit/orbit/src/macos/OrbitApp/Sources/OrbitApp/TasksModel.swift (in target 'EwcProbe' from project 'EwcProbe')
    cd /Users/runner/work/orbit/orbit/.ewc-probe
    

SwiftCompile normal arm64 /Users/runner/work/orbit/orbit/src/macos/OrbitApp/Sources/OrbitApp/Views/TasksView.swift (in target 'EwcProbe' from project 'EwcProbe')
    cd /Users/runner/work/orbit/orbit/.ewc-probe
    

SwiftCompile normal arm64 /Users/runner/work/orbit/orbit/src/macos/OrbitApp/Sources/OrbitApp/Views/ToastHost.swift (in target 'EwcProbe' from project 'EwcProbe')
    cd /Users/runner/work/orbit/orbit/.ewc-probe
    

SwiftMergeGeneratedHeaders /Users/runner/work/orbit/orbit/.ewc-probe/.dd-ios/Build/Intermediates.noindex/EwcProbe.build/Debug-iphonesimulator/EwcProbe.build/DerivedSources/EwcProbe-Swift.h /Users/runner/work/orbit/orbit/.ewc-probe/.dd-ios/Build/Intermediates.noindex/EwcProbe.build/Debug-iphonesimulator/EwcProbe.build/Objects-normal/arm64/EwcProbe-Swift.h (in target 'EwcProbe' from project 'EwcProbe')
    cd /Users/runner/work/orbit/orbit/.ewc-probe
    builtin-swiftHeaderTool -arch arm64 /Users/runner/work/orbit/orbit/.ewc-probe/.dd-ios/Build/Intermediates.noindex/EwcProbe.build/Debug-iphonesimulator/EwcProbe.build/Objects-normal/arm64/EwcProbe-Swift.h -o /Users/runner/work/orbit/orbit/.ewc-probe/.dd-ios/Build/Intermediates.noindex/EwcProbe.build/Debug-iphonesimulator/EwcProbe.build/DerivedSources/EwcProbe-Swift.h

SwiftDriverJobDiscovery normal arm64 Compiling ConsoleRegistry.swift, ConsoleView.swift, CreatedTasksCard.swift, CreatedTasksModel.swift, CreatedTasksPage.swift, EwcProbe.swift, FileHandoff.swift, FollowingView.swift, ImageViewer.swift, InfrastructureSections.swift, LinkDetection.swift, LoginView.swift, MainView.swift, ManagedRunnerBanner.swift, ManagedRunnerModel.swift, MarkdownView.swift, MergeRecoverySheet.swift, MessageBubbles.swift, MonospaceOutputViewer.swift, NeedsYouBannerView.swift, NotificationManager.swift, OpenItemDeliveryCardView.swift, OrbitLinkCardView.swift, OrbitLinkCards.swift, Platform.swift (in target 'EwcProbe' from project 'EwcProbe')

Copy /Users/runner/work/orbit/orbit/.ewc-probe/.dd-ios/Build/Products/Debug-iphonesimulator/EwcProbe.swiftmodule/arm64-apple-ios-simulator.swiftmodule /Users/runner/work/orbit/orbit/.ewc-probe/.dd-ios/Build/Intermediates.noindex/EwcProbe.build/Debug-iphonesimulator/EwcProbe.build/Objects-normal/arm64/EwcProbe.swiftmodule (in target 'EwcProbe' from project 'EwcProbe')
    cd /Users/runner/work/orbit/orbit/.ewc-probe
    builtin-copy -exclude .DS_Store -exclude CVS -exclude .svn -exclude .git -exclude .hg -resolve-src-symlinks -rename /Users/runner/work/orbit/orbit/.ewc-probe/.dd-ios/Build/Intermediates.noindex/EwcProbe.build/Debug-iphonesimulator/EwcProbe.build/Objects-normal/arm64/EwcProbe.swiftmodule /Users/runner/work/orbit/orbit/.ewc-probe/.dd-ios/Build/Products/Debug-iphonesimulator/EwcProbe.swiftmodule/arm64-apple-ios-simulator.swiftmodule

Copy /Users/runner/work/orbit/orbit/.ewc-probe/.dd-ios/Build/Products/Debug-iphonesimulator/EwcProbe.swiftmodule/arm64-apple-ios-simulator.swiftdoc /Users/runner/work/orbit/orbit/.ewc-probe/.dd-ios/Build/Intermediates.noindex/EwcProbe.build/Debug-iphonesimulator/EwcProbe.build/Objects-normal/arm64/EwcProbe.swiftdoc (in target 'EwcProbe' from project 'EwcProbe')
    cd /Users/runner/work/orbit/orbit/.ewc-probe
    builtin-copy -exclude .DS_Store -exclude CVS -exclude .svn -exclude .git -exclude .hg -resolve-src-symlinks -rename /Users/runner/work/orbit/orbit/.ewc-probe/.dd-ios/Build/Intermediates.noindex/EwcProbe.build/Debug-iphonesimulator/EwcProbe.build/Objects-normal/arm64/EwcProbe.swiftdoc /Users/runner/work/orbit/orbit/.ewc-probe/.dd-ios/Build/Products/Debug-iphonesimulator/EwcProbe.swiftmodule/arm64-apple-ios-simulator.swiftdoc

Copy /Users/runner/work/orbit/orbit/.ewc-probe/.dd-ios/Build/Products/Debug-iphonesimulator/EwcProbe.swiftmodule/arm64-apple-ios-simulator.abi.json /Users/runner/work/orbit/orbit/.ewc-probe/.dd-ios/Build/Intermediates.noindex/EwcProbe.build/Debug-iphonesimulator/EwcProbe.build/Objects-normal/arm64/EwcProbe.abi.json (in target 'EwcProbe' from project 'EwcProbe')
    cd /Users/runner/work/orbit/orbit/.ewc-probe
    builtin-copy -exclude .DS_Store -exclude CVS -exclude .svn -exclude .git -exclude .hg -resolve-src-symlinks -rename /Users/runner/work/orbit/orbit/.ewc-probe/.dd-ios/Build/Intermediates.noindex/EwcProbe.build/Debug-iphonesimulator/EwcProbe.build/Objects-normal/arm64/EwcProbe.abi.json /Users/runner/work/orbit/orbit/.ewc-probe/.dd-ios/Build/Products/Debug-iphonesimulator/EwcProbe.swiftmodule/arm64-apple-ios-simulator.abi.json

Copy /Users/runner/work/orbit/orbit/.ewc-probe/.dd-ios/Build/Products/Debug-iphonesimulator/EwcProbe.swiftmodule/Project/arm64-apple-ios-simulator.swiftsourceinfo /Users/runner/work/orbit/orbit/.ewc-probe/.dd-ios/Build/Intermediates.noindex/EwcProbe.build/Debug-iphonesimulator/EwcProbe.build/Objects-normal/arm64/EwcProbe.swiftsourceinfo (in target 'EwcProbe' from project 'EwcProbe')
    cd /Users/runner/work/orbit/orbit/.ewc-probe
    builtin-copy -exclude .DS_Store -exclude CVS -exclude .svn -exclude .git -exclude .hg -resolve-src-symlinks -rename /Users/runner/work/orbit/orbit/.ewc-probe/.dd-ios/Build/Intermediates.noindex/EwcProbe.build/Debug-iphonesimulator/EwcProbe.build/Objects-normal/arm64/EwcProbe.swiftsourceinfo /Users/runner/work/orbit/orbit/.ewc-probe/.dd-ios/Build/Products/Debug-iphonesimulator/EwcProbe.swiftmodule/Project/arm64-apple-ios-simulator.swiftsourceinfo

SwiftCompile normal arm64 Compiling\ AccessTokenRow.swift,\ AccessTokensModel.swift,\ AccountPauseControls.swift,\ AddRunnerSheet.swift,\ AdminModel.swift,\ AgentIdentity.swift,\ AgentsModel.swift,\ AgentsView.swift,\ AppModel.swift,\ ApprovalCards.swift,\ ApprovalReview.swift,\ AttachedNoteView.swift,\ AttachmentImageStore.swift,\ AttachmentViews.swift,\ AutoRetryCard.swift,\ BackgroundTaskViews.swift,\ BackgroundWakeCardView.swift,\ BatchCreateReview.swift,\ BrandMarks.swift,\ CodexResetCreditView.swift,\ CompactShell.swift,\ ComposerView.swift,\ ConfirmationReviewTurnCardViews.swift,\ ConfirmationStyle.swift,\ ConsoleModel.swift /Users/runner/work/orbit/orbit/src/macos/OrbitApp/Sources/OrbitApp/Views/AccessTokenRow.swift /Users/runner/work/orbit/orbit/src/macos/OrbitApp/Sources/OrbitApp/AccessTokensModel.swift /Users/runner/work/orbit/orbit/src/macos/OrbitApp/Sources/OrbitApp/Views/AccountPauseControls.swift /Users/runner/work/orbit/orbit/src/macos/OrbitApp/Sources/OrbitApp/Views/AddRunnerSheet.swift /Users/runner/work/orbit/orbit/src/macos/OrbitApp/Sources/OrbitApp/AdminModel.swift /Users/runner/work/orbit/orbit/src/macos/OrbitApp/Sources/OrbitApp/Views/AgentIdentity.swift /Users/runner/work/orbit/orbit/src/macos/OrbitApp/Sources/OrbitApp/AgentsModel.swift /Users/runner/work/orbit/orbit/src/macos/OrbitApp/Sources/OrbitApp/Views/AgentsView.swift /Users/runner/work/orbit/orbit/src/macos/OrbitApp/Sources/OrbitApp/AppModel.swift /Users/runner/work/orbit/orbit/src/macos/OrbitApp/Sources/OrbitApp/Views/ApprovalCards.swift /Users/runner/work/orbit/orbit/src/macos/OrbitApp/Sources/OrbitApp/Views/ApprovalReview.swift /Users/runner/work/orbit/orbit/src/macos/OrbitApp/Sources/OrbitApp/Views/Console/AttachedNoteView.swift /Users/runner/work/orbit/orbit/src/macos/OrbitApp/Sources/OrbitApp/AttachmentImageStore.swift /Users/runner/work/orbit/orbit/src/macos/OrbitApp/Sources/OrbitApp/Views/Console/AttachmentViews.swift /Users/runner/work/orbit/orbit/src/macos/OrbitApp/Sources/OrbitApp/Views/Console/AutoRetryCard.swift /Users/runner/work/orbit/orbit/src/macos/OrbitApp/Sources/OrbitApp/Views/Console/BackgroundTaskViews.swift /Users/runner/work/orbit/orbit/src/macos/OrbitApp/Sources/OrbitApp/Views/BackgroundWakeCardView.swift /Users/runner/work/orbit/orbit/src/macos/OrbitApp/Sources/OrbitApp/Views/BatchCreateReview.swift /Users/runner/work/orbit/orbit/src/macos/OrbitApp/Sources/OrbitApp/Views/BrandMarks.swift /Users/runner/work/orbit/orbit/src/macos/OrbitApp/Sources/OrbitApp/Views/CodexResetCreditView.swift /Users/runner/work/orbit/orbit/src/macos/OrbitApp/Sources/OrbitApp/Views/CompactShell.swift /Users/runner/work/orbit/orbit/src/macos/OrbitApp/Sources/OrbitApp/Views/ComposerView.swift /Users/runner/work/orbit/orbit/src/macos/OrbitApp/Sources/OrbitApp/Views/ConfirmationReviewTurnCardViews.swift /Users/runner/work/orbit/orbit/src/macos/OrbitApp/Sources/OrbitApp/Views/ConfirmationStyle.swift /Users/runner/work/orbit/orbit/src/macos/OrbitApp/Sources/OrbitApp/ConsoleModel.swift (in target 'EwcProbe' from project 'EwcProbe')
SwiftCompile normal arm64 /Users/runner/work/orbit/orbit/src/macos/OrbitApp/Sources/OrbitApp/Views/AccessTokenRow.swift (in target 'EwcProbe' from project 'EwcProbe')
    cd /Users/runner/work/orbit/orbit/.ewc-probe
    

SwiftCompile normal arm64 /Users/runner/work/orbit/orbit/src/macos/OrbitApp/Sources/OrbitApp/AccessTokensModel.swift (in target 'EwcProbe' from project 'EwcProbe')
    cd /Users/runner/work/orbit/orbit/.ewc-probe
    

SwiftCompile normal arm64 /Users/runner/work/orbit/orbit/src/macos/OrbitApp/Sources/OrbitApp/Views/AccountPauseControls.swift (in target 'EwcProbe' from project 'EwcProbe')
    cd /Users/runner/work/orbit/orbit/.ewc-probe
    

SwiftCompile normal arm64 /Users/runner/work/orbit/orbit/src/macos/OrbitApp/Sources/OrbitApp/Views/AddRunnerSheet.swift (in target 'EwcProbe' from project 'EwcProbe')
    cd /Users/runner/work/orbit/orbit/.ewc-probe
    

SwiftCompile normal arm64 /Users/runner/work/orbit/orbit/src/macos/OrbitApp/Sources/OrbitApp/AdminModel.swift (in target 'EwcProbe' from project 'EwcProbe')
    cd /Users/runner/work/orbit/orbit/.ewc-probe
    

SwiftCompile normal arm64 /Users/runner/work/orbit/orbit/src/macos/OrbitApp/Sources/OrbitApp/Views/AgentIdentity.swift (in target 'EwcProbe' from project 'EwcProbe')
    cd /Users/runner/work/orbit/orbit/.ewc-probe
    

SwiftCompile normal arm64 /Users/runner/work/orbit/orbit/src/macos/OrbitApp/Sources/OrbitApp/AgentsModel.swift (in target 'EwcProbe' from project 'EwcProbe')
    cd /Users/runner/work/orbit/orbit/.ewc-probe
    

SwiftCompile normal arm64 /Users/runner/work/orbit/orbit/src/macos/OrbitApp/Sources/OrbitApp/Views/AgentsView.swift (in target 'EwcProbe' from project 'EwcProbe')
    cd /Users/runner/work/orbit/orbit/.ewc-probe
    

SwiftCompile normal arm64 /Users/runner/work/orbit/orbit/src/macos/OrbitApp/Sources/OrbitApp/AppModel.swift (in target 'EwcProbe' from project 'EwcProbe')
    cd /Users/runner/work/orbit/orbit/.ewc-probe
    

SwiftCompile normal arm64 /Users/runner/work/orbit/orbit/src/macos/OrbitApp/Sources/OrbitApp/Views/ApprovalCards.swift (in target 'EwcProbe' from project 'EwcProbe')
    cd /Users/runner/work/orbit/orbit/.ewc-probe
    

SwiftCompile normal arm64 /Users/runner/work/orbit/orbit/src/macos/OrbitApp/Sources/OrbitApp/Views/ApprovalReview.swift (in target 'EwcProbe' from project 'EwcProbe')
    cd /Users/runner/work/orbit/orbit/.ewc-probe
    

SwiftCompile normal arm64 /Users/runner/work/orbit/orbit/src/macos/OrbitApp/Sources/OrbitApp/Views/Console/AttachedNoteView.swift (in target 'EwcProbe' from project 'EwcProbe')
    cd /Users/runner/work/orbit/orbit/.ewc-probe
    

SwiftCompile normal arm64 /Users/runner/work/orbit/orbit/src/macos/OrbitApp/Sources/OrbitApp/AttachmentImageStore.swift (in target 'EwcProbe' from project 'EwcProbe')
    cd /Users/runner/work/orbit/orbit/.ewc-probe
    

SwiftCompile normal arm64 /Users/runner/work/orbit/orbit/src/macos/OrbitApp/Sources/OrbitApp/Views/Console/AttachmentViews.swift (in target 'EwcProbe' from project 'EwcProbe')
    cd /Users/runner/work/orbit/orbit/.ewc-probe
    

SwiftCompile normal arm64 /Users/runner/work/orbit/orbit/src/macos/OrbitApp/Sources/OrbitApp/Views/Console/AutoRetryCard.swift (in target 'EwcProbe' from project 'EwcProbe')
    cd /Users/runner/work/orbit/orbit/.ewc-probe
    

SwiftCompile normal arm64 /Users/runner/work/orbit/orbit/src/macos/OrbitApp/Sources/OrbitApp/Views/Console/BackgroundTaskViews.swift (in target 'EwcProbe' from project 'EwcProbe')
    cd /Users/runner/work/orbit/orbit/.ewc-probe
    

SwiftCompile normal arm64 /Users/runner/work/orbit/orbit/src/macos/OrbitApp/Sources/OrbitApp/Views/BackgroundWakeCardView.swift (in target 'EwcProbe' from project 'EwcProbe')
    cd /Users/runner/work/orbit/orbit/.ewc-probe
    

SwiftCompile normal arm64 /Users/runner/work/orbit/orbit/src/macos/OrbitApp/Sources/OrbitApp/Views/BatchCreateReview.swift (in target 'EwcProbe' from project 'EwcProbe')
    cd /Users/runner/work/orbit/orbit/.ewc-probe
    

SwiftCompile normal arm64 /Users/runner/work/orbit/orbit/src/macos/OrbitApp/Sources/OrbitApp/Views/BrandMarks.swift (in target 'EwcProbe' from project 'EwcProbe')
    cd /Users/runner/work/orbit/orbit/.ewc-probe
    

SwiftCompile normal arm64 /Users/runner/work/orbit/orbit/src/macos/OrbitApp/Sources/OrbitApp/Views/CodexResetCreditView.swift (in target 'EwcProbe' from project 'EwcProbe')
    cd /Users/runner/work/orbit/orbit/.ewc-probe
    

SwiftCompile normal arm64 /Users/runner/work/orbit/orbit/src/macos/OrbitApp/Sources/OrbitApp/Views/CompactShell.swift (in target 'EwcProbe' from project 'EwcProbe')
    cd /Users/runner/work/orbit/orbit/.ewc-probe
    

SwiftCompile normal arm64 /Users/runner/work/orbit/orbit/src/macos/OrbitApp/Sources/OrbitApp/Views/ComposerView.swift (in target 'EwcProbe' from project 'EwcProbe')
    cd /Users/runner/work/orbit/orbit/.ewc-probe
    

SwiftCompile normal arm64 /Users/runner/work/orbit/orbit/src/macos/OrbitApp/Sources/OrbitApp/Views/ConfirmationReviewTurnCardViews.swift (in target 'EwcProbe' from project 'EwcProbe')
    cd /Users/runner/work/orbit/orbit/.ewc-probe
    

SwiftCompile normal arm64 /Users/runner/work/orbit/orbit/src/macos/OrbitApp/Sources/OrbitApp/Views/ConfirmationStyle.swift (in target 'EwcProbe' from project 'EwcProbe')
    cd /Users/runner/work/orbit/orbit/.ewc-probe
    

SwiftCompile normal arm64 /Users/runner/work/orbit/orbit/src/macos/OrbitApp/Sources/OrbitApp/ConsoleModel.swift (in target 'EwcProbe' from project 'EwcProbe')
    cd /Users/runner/work/orbit/orbit/.ewc-probe
    

LinkAssetCatalog /Users/runner/work/orbit/orbit/src/ios/Support/Assets.xcassets (in target 'EwcProbe' from project 'EwcProbe')
    cd /Users/runner/work/orbit/orbit/.ewc-probe
    builtin-linkAssetCatalog --thinned /Users/runner/work/orbit/orbit/.ewc-probe/.dd-ios/Build/Intermediates.noindex/EwcProbe.build/Debug-iphonesimulator/EwcProbe.build/assetcatalog_output/thinned --thinned-dependencies /Users/runner/work/orbit/orbit/.ewc-probe/.dd-ios/Build/Intermediates.noindex/EwcProbe.build/Debug-iphonesimulator/EwcProbe.build/assetcatalog_dependencies_thinned --thinned-info-plist-content /Users/runner/work/orbit/orbit/.ewc-probe/.dd-ios/Build/Intermediates.noindex/EwcProbe.build/Debug-iphonesimulator/EwcProbe.build/assetcatalog_generated_info.plist_thinned --unthinned /Users/runner/work/orbit/orbit/.ewc-probe/.dd-ios/Build/Intermediates.noindex/EwcProbe.build/Debug-iphonesimulator/EwcProbe.build/assetcatalog_output/unthinned --unthinned-dependencies /Users/runner/work/orbit/orbit/.ewc-probe/.dd-ios/Build/Intermediates.noindex/EwcProbe.build/Debug-iphonesimulator/EwcProbe.build/assetcatalog_dependencies_unthinned --unthinned-info-plist-content /Users/runner/work/orbit/orbit/.ewc-probe/.dd-ios/Build/Intermediates.noindex/EwcProbe.build/Debug-iphonesimulator/EwcProbe.build/assetcatalog_generated_info.plist_unthinned --output /Users/runner/work/orbit/orbit/.ewc-probe/.dd-ios/Build/Products/Debug-iphonesimulator/EwcProbe.app --plist-output /Users/runner/work/orbit/orbit/.ewc-probe/.dd-ios/Build/Intermediates.noindex/EwcProbe.build/Debug-iphonesimulator/EwcProbe.build/assetcatalog_generated_info.plist
note: Emplaced /Users/runner/work/orbit/orbit/.ewc-probe/.dd-ios/Build/Products/Debug-iphonesimulator/EwcProbe.app/AppIcon60x60@2x.png (in target 'EwcProbe' from project 'EwcProbe')
note: Emplaced /Users/runner/work/orbit/orbit/.ewc-probe/.dd-ios/Build/Products/Debug-iphonesimulator/EwcProbe.app/Assets.car (in target 'EwcProbe' from project 'EwcProbe')
note: Emplaced /Users/runner/work/orbit/orbit/.ewc-probe/.dd-ios/Build/Products/Debug-iphonesimulator/EwcProbe.app/AppIcon76x76@2x~ipad.png (in target 'EwcProbe' from project 'EwcProbe')

ProcessInfoPlistFile /Users/runner/work/orbit/orbit/.ewc-probe/.dd-ios/Build/Products/Debug-iphonesimulator/EwcProbe.app/Info.plist /Users/runner/work/orbit/orbit/.ewc-probe/Info.plist (in target 'EwcProbe' from project 'EwcProbe')
    cd /Users/runner/work/orbit/orbit/.ewc-probe
    builtin-infoPlistUtility /Users/runner/work/orbit/orbit/.ewc-probe/Info.plist -producttype com.apple.product-type.application -genpkginfo /Users/runner/work/orbit/orbit/.ewc-probe/.dd-ios/Build/Products/Debug-iphonesimulator/EwcProbe.app/PkgInfo -expandbuildsettings -format binary -platform iphonesimulator -additionalcontentfile /Users/runner/work/orbit/orbit/.ewc-probe/.dd-ios/Build/Intermediates.noindex/EwcProbe.build/Debug-iphonesimulator/EwcProbe.build/assetcatalog_generated_info.plist -o /Users/runner/work/orbit/orbit/.ewc-probe/.dd-ios/Build/Products/Debug-iphonesimulator/EwcProbe.app/Info.plist

SwiftCompile normal arm64 Compiling\ PoolChip.swift,\ ProbeArgs.swift,\ ProjectCrossingRow.swift,\ ProjectDoneCards.swift,\ ProjectGraphView.swift,\ ProjectLandingJobsSheet.swift,\ ProjectLandingRow.swift,\ ProjectMergeModel.swift,\ ProjectStartedCardView.swift,\ ProjectsModel.swift,\ ProjectsView.swift,\ ProviderPoolViews.swift,\ Push.swift,\ RowSwipeActions.swift,\ RunnerEnginePage.swift,\ RunnerNamePage.swift,\ RunnerPageParts.swift,\ RunnerSignInModel.swift,\ RunnerSignInView.swift,\ RunnersModel.swift,\ SelectableText.swift,\ SessionCoordinatorBadge.swift,\ SessionFolderPage.swift,\ SessionListSearch.swift /Users/runner/work/orbit/orbit/src/macos/OrbitApp/Sources/OrbitApp/Views/PoolChip.swift /Users/runner/work/orbit/orbit/.ewc-probe/ProbeArgs.swift /Users/runner/work/orbit/orbit/src/macos/OrbitApp/Sources/OrbitApp/Views/ProjectCrossingRow.swift /Users/runner/work/orbit/orbit/src/macos/OrbitApp/Sources/OrbitApp/Views/ProjectDoneCards.swift /Users/runner/work/orbit/orbit/src/macos/OrbitApp/Sources/OrbitApp/Views/ProjectGraphView.swift /Users/runner/work/orbit/orbit/src/macos/OrbitApp/Sources/OrbitApp/Views/ProjectLandingJobsSheet.swift /Users/runner/work/orbit/orbit/src/macos/OrbitApp/Sources/OrbitApp/Views/ProjectLandingRow.swift /Users/runner/work/orbit/orbit/src/macos/OrbitApp/Sources/OrbitApp/ProjectMergeModel.swift /Users/runner/work/orbit/orbit/src/macos/OrbitApp/Sources/OrbitApp/Views/ProjectStartedCardView.swift /Users/runner/work/orbit/orbit/src/macos/OrbitApp/Sources/OrbitApp/ProjectsModel.swift /Users/runner/work/orbit/orbit/src/macos/OrbitApp/Sources/OrbitApp/Views/ProjectsView.swift /Users/runner/work/orbit/orbit/src/macos/OrbitApp/Sources/OrbitApp/Views/ProviderPoolViews.swift /Users/runner/work/orbit/orbit/src/ios/Sources/Push.swift /Users/runner/work/orbit/orbit/src/macos/OrbitApp/Sources/OrbitApp/Views/RowSwipeActions.swift /Users/runner/work/orbit/orbit/src/macos/OrbitApp/Sources/OrbitApp/Views/RunnerEnginePage.swift /Users/runner/work/orbit/orbit/src/macos/OrbitApp/Sources/OrbitApp/Views/RunnerNamePage.swift /Users/runner/work/orbit/orbit/src/macos/OrbitApp/Sources/OrbitApp/Views/RunnerPageParts.swift /Users/runner/work/orbit/orbit/src/macos/OrbitApp/Sources/OrbitApp/RunnerSignInModel.swift /Users/runner/work/orbit/orbit/src/macos/OrbitApp/Sources/OrbitApp/Views/RunnerSignInView.swift /Users/runner/work/orbit/orbit/src/macos/OrbitApp/Sources/OrbitApp/RunnersModel.swift /Users/runner/work/orbit/orbit/src/macos/OrbitApp/Sources/OrbitApp/Views/Console/SelectableText.swift /Users/runner/work/orbit/orbit/src/macos/OrbitApp/Sources/OrbitApp/Views/SessionCoordinatorBadge.swift /Users/runner/work/orbit/orbit/src/macos/OrbitApp/Sources/OrbitApp/Views/SessionFolderPage.swift /Users/runner/work/orbit/orbit/src/macos/OrbitApp/Sources/OrbitApp/Views/SessionListSearch.swift (in target 'EwcProbe' from project 'EwcProbe')
SwiftCompile normal arm64 /Users/runner/work/orbit/orbit/src/macos/OrbitApp/Sources/OrbitApp/Views/PoolChip.swift (in target 'EwcProbe' from project 'EwcProbe')
    cd /Users/runner/work/orbit/orbit/.ewc-probe
    

SwiftCompile normal arm64 /Users/runner/work/orbit/orbit/.ewc-probe/ProbeArgs.swift (in target 'EwcProbe' from project 'EwcProbe')
    cd /Users/runner/work/orbit/orbit/.ewc-probe
    

SwiftCompile normal arm64 /Users/runner/work/orbit/orbit/src/macos/OrbitApp/Sources/OrbitApp/Views/ProjectCrossingRow.swift (in target 'EwcProbe' from project 'EwcProbe')
    cd /Users/runner/work/orbit/orbit/.ewc-probe
    

SwiftCompile normal arm64 /Users/runner/work/orbit/orbit/src/macos/OrbitApp/Sources/OrbitApp/Views/ProjectDoneCards.swift (in target 'EwcProbe' from project 'EwcProbe')
    cd /Users/runner/work/orbit/orbit/.ewc-probe
    

SwiftCompile normal arm64 /Users/runner/work/orbit/orbit/src/macos/OrbitApp/Sources/OrbitApp/Views/ProjectGraphView.swift (in target 'EwcProbe' from project 'EwcProbe')
    cd /Users/runner/work/orbit/orbit/.ewc-probe
    

SwiftCompile normal arm64 /Users/runner/work/orbit/orbit/src/macos/OrbitApp/Sources/OrbitApp/Views/ProjectLandingJobsSheet.swift (in target 'EwcProbe' from project 'EwcProbe')
    cd /Users/runner/work/orbit/orbit/.ewc-probe
    

SwiftCompile normal arm64 /Users/runner/work/orbit/orbit/src/macos/OrbitApp/Sources/OrbitApp/Views/ProjectLandingRow.swift (in target 'EwcProbe' from project 'EwcProbe')
    cd /Users/runner/work/orbit/orbit/.ewc-probe
    
/Users/runner/work/orbit/orbit/src/macos/OrbitApp/Sources/OrbitApp/Views/ProjectLandingRow.swift:92:14: warning: 'onChange(of:perform:)' was deprecated in iOS 17.0: Use `onChange` with a two or zero parameter action closure instead.
            .onChange(of: running) { spun = $0 }
             ^

SwiftCompile normal arm64 /Users/runner/work/orbit/orbit/src/macos/OrbitApp/Sources/OrbitApp/ProjectMergeModel.swift (in target 'EwcProbe' from project 'EwcProbe')
    cd /Users/runner/work/orbit/orbit/.ewc-probe
    

SwiftCompile normal arm64 /Users/runner/work/orbit/orbit/src/macos/OrbitApp/Sources/OrbitApp/Views/ProjectStartedCardView.swift (in target 'EwcProbe' from project 'EwcProbe')
    cd /Users/runner/work/orbit/orbit/.ewc-probe
    

SwiftCompile normal arm64 /Users/runner/work/orbit/orbit/src/macos/OrbitApp/Sources/OrbitApp/ProjectsModel.swift (in target 'EwcProbe' from project 'EwcProbe')
    cd /Users/runner/work/orbit/orbit/.ewc-probe
    

SwiftCompile normal arm64 /Users/runner/work/orbit/orbit/src/macos/OrbitApp/Sources/OrbitApp/Views/ProjectsView.swift (in target 'EwcProbe' from project 'EwcProbe')
    cd /Users/runner/work/orbit/orbit/.ewc-probe
    

SwiftCompile normal arm64 /Users/runner/work/orbit/orbit/src/macos/OrbitApp/Sources/OrbitApp/Views/ProviderPoolViews.swift (in target 'EwcProbe' from project 'EwcProbe')
    cd /Users/runner/work/orbit/orbit/.ewc-probe
    

SwiftCompile normal arm64 /Users/runner/work/orbit/orbit/src/ios/Sources/Push.swift (in target 'EwcProbe' from project 'EwcProbe')
    cd /Users/runner/work/orbit/orbit/.ewc-probe
    

SwiftCompile normal arm64 /Users/runner/work/orbit/orbit/src/macos/OrbitApp/Sources/OrbitApp/Views/RowSwipeActions.swift (in target 'EwcProbe' from project 'EwcProbe')
    cd /Users/runner/work/orbit/orbit/.ewc-probe
    

SwiftCompile normal arm64 /Users/runner/work/orbit/orbit/src/macos/OrbitApp/Sources/OrbitApp/Views/RunnerEnginePage.swift (in target 'EwcProbe' from project 'EwcProbe')
    cd /Users/runner/work/orbit/orbit/.ewc-probe
    

SwiftCompile normal arm64 /Users/runner/work/orbit/orbit/src/macos/OrbitApp/Sources/OrbitApp/Views/RunnerNamePage.swift (in target 'EwcProbe' from project 'EwcProbe')
    cd /Users/runner/work/orbit/orbit/.ewc-probe
    

SwiftCompile normal arm64 /Users/runner/work/orbit/orbit/src/macos/OrbitApp/Sources/OrbitApp/Views/RunnerPageParts.swift (in target 'EwcProbe' from project 'EwcProbe')
    cd /Users/runner/work/orbit/orbit/.ewc-probe
    

SwiftCompile normal arm64 /Users/runner/work/orbit/orbit/src/macos/OrbitApp/Sources/OrbitApp/RunnerSignInModel.swift (in target 'EwcProbe' from project 'EwcProbe')
    cd /Users/runner/work/orbit/orbit/.ewc-probe
    

SwiftCompile normal arm64 /Users/runner/work/orbit/orbit/src/macos/OrbitApp/Sources/OrbitApp/Views/RunnerSignInView.swift (in target 'EwcProbe' from project 'EwcProbe')
    cd /Users/runner/work/orbit/orbit/.ewc-probe
    

SwiftCompile normal arm64 /Users/runner/work/orbit/orbit/src/macos/OrbitApp/Sources/OrbitApp/RunnersModel.swift (in target 'EwcProbe' from project 'EwcProbe')
    cd /Users/runner/work/orbit/orbit/.ewc-probe
    

SwiftCompile normal arm64 /Users/runner/work/orbit/orbit/src/macos/OrbitApp/Sources/OrbitApp/Views/Console/SelectableText.swift (in target 'EwcProbe' from project 'EwcProbe')
    cd /Users/runner/work/orbit/orbit/.ewc-probe
    

SwiftCompile normal arm64 /Users/runner/work/orbit/orbit/src/macos/OrbitApp/Sources/OrbitApp/Views/SessionCoordinatorBadge.swift (in target 'EwcProbe' from project 'EwcProbe')
    cd /Users/runner/work/orbit/orbit/.ewc-probe
    

SwiftCompile normal arm64 /Users/runner/work/orbit/orbit/src/macos/OrbitApp/Sources/OrbitApp/Views/SessionFolderPage.swift (in target 'EwcProbe' from project 'EwcProbe')
    cd /Users/runner/work/orbit/orbit/.ewc-probe
    

SwiftCompile normal arm64 /Users/runner/work/orbit/orbit/src/macos/OrbitApp/Sources/OrbitApp/Views/SessionListSearch.swift (in target 'EwcProbe' from project 'EwcProbe')
    cd /Users/runner/work/orbit/orbit/.ewc-probe
    

SwiftDriverJobDiscovery normal arm64 Compiling SessionMessageCardView.swift, SessionMoveSheet.swift, SessionMoveTargetPage.swift, SessionProjectListSupport.swift, SessionProjectPage.swift, SessionRenameAlert.swift, SessionReplyCardView.swift, SessionRowActions.swift, SessionRunStartCard.swift, SessionSearchView.swift, SessionTagViews.swift, SettingsAdminView.swift, SettingsSheet.swift, ShareSheet.swift, SharedLinksModel.swift, SharedPoolsModel.swift, SkillsRunnersView.swift, TaskDetailParts.swift, TaskListParts.swift, TaskRunHandoffCard.swift, TaskStartCardView.swift, TasksModel.swift, TasksView.swift, ToastHost.swift (in target 'EwcProbe' from project 'EwcProbe')

ProcessProductPackaging "" /Users/runner/work/orbit/orbit/.ewc-probe/.dd-ios/Build/Intermediates.noindex/EwcProbe.build/Debug-iphonesimulator/EwcProbeUITests.build/EwcProbeUITests.xctest-Simulated.xcent (in target 'EwcProbeUITests' from project 'EwcProbe')
    cd /Users/runner/work/orbit/orbit/.ewc-probe
    
    Entitlements:
    
    {
    "application-identifier" = "FAKETEAMID.io.orbitd.ewcprobe.uitests.xctrunner";
    "keychain-access-groups" =     (
        "FAKETEAMID.io.orbitd.ewcprobe.uitests.xctrunner"
    );
}
    
    builtin-productPackagingUtility -entitlements -format xml -o /Users/runner/work/orbit/orbit/.ewc-probe/.dd-ios/Build/Intermediates.noindex/EwcProbe.build/Debug-iphonesimulator/EwcProbeUITests.build/EwcProbeUITests.xctest-Simulated.xcent

ProcessProductPackagingDER /Users/runner/work/orbit/orbit/.ewc-probe/.dd-ios/Build/Intermediates.noindex/EwcProbe.build/Debug-iphonesimulator/EwcProbeUITests.build/EwcProbeUITests.xctest-Simulated.xcent /Users/runner/work/orbit/orbit/.ewc-probe/.dd-ios/Build/Intermediates.noindex/EwcProbe.build/Debug-iphonesimulator/EwcProbeUITests.build/EwcProbeUITests.xctest-Simulated.xcent.der (in target 'EwcProbeUITests' from project 'EwcProbe')
    cd /Users/runner/work/orbit/orbit/.ewc-probe
    /usr/bin/derq query -f xml -i /Users/runner/work/orbit/orbit/.ewc-probe/.dd-ios/Build/Intermediates.noindex/EwcProbe.build/Debug-iphonesimulator/EwcProbeUITests.build/EwcProbeUITests.xctest-Simulated.xcent -o /Users/runner/work/orbit/orbit/.ewc-probe/.dd-ios/Build/Intermediates.noindex/EwcProbe.build/Debug-iphonesimulator/EwcProbeUITests.build/EwcProbeUITests.xctest-Simulated.xcent.der --raw

SwiftDriver EwcProbeUITests normal arm64 com.apple.xcode.tools.swift.compiler (in target 'EwcProbeUITests' from project 'EwcProbe')
    cd /Users/runner/work/orbit/orbit/.ewc-probe
    builtin-SwiftDriver -- /Applications/Xcode_26.6.app/Contents/Developer/Toolchains/XcodeDefault.xctoolchain/usr/bin/swiftc -module-name EwcProbeUITests -Onone @/Users/runner/work/orbit/orbit/.ewc-probe/.dd-ios/Build/Intermediates.noindex/EwcProbe.build/Debug-iphonesimulator/EwcProbeUITests.build/Objects-normal/arm64/EwcProbeUITests.SwiftFileList -DDEBUG -module-alias Testing\=_Testing_Unavailable -plugin-path /Applications/Xcode_26.6.app/Contents/Developer/Toolchains/XcodeDefault.xctoolchain/usr/lib/swift/host/plugins/testing -enable-bare-slash-regex -enable-experimental-feature DebugDescriptionMacro -sdk /Applications/Xcode_26.6.app/Contents/Developer/Platforms/iPhoneSimulator.platform/Developer/SDKs/iPhoneSimulator26.5.sdk -target arm64-apple-ios17.0-simulator -g -module-cache-path /Users/runner/work/orbit/orbit/.ewc-probe/.dd-ios/ModuleCache.noindex -Xfrontend -serialize-debugging-options -enable-testing -index-store-path /Users/runner/work/orbit/orbit/.ewc-probe/.dd-ios/Index.noindex/DataStore -Xcc -D_LIBCPP_HARDENING_MODE\=_LIBCPP_HARDENING_MODE_DEBUG -swift-version 5 -I /Users/runner/work/orbit/orbit/.ewc-probe/.dd-ios/Build/Products/Debug-iphonesimulator -Isystem /Applications/Xcode_26.6.app/Contents/Developer/Platforms/iPhoneSimulator.platform/Developer/usr/lib -F /Users/runner/work/orbit/orbit/.ewc-probe/.dd-ios/Build/Products/Debug-iphonesimulator -F /Applications/Xcode_26.6.app/Contents/Developer/Platforms/iPhoneSimulator.platform/Developer/Library/Frameworks -F /Applications/Xcode_26.6.app/Contents/Developer/Platforms/iPhoneSimulator.platform/Developer/SDKs/iPhoneSimulator26.5.sdk/Developer/Library/Frameworks -c -j3 -enable-batch-mode -incremental -Xcc -ivfsstatcache -Xcc /Users/runner/work/orbit/orbit/.ewc-probe/.dd-ios/SDKStatCaches.noindex/iphonesimulator26.5-23F81a-688ef53f1462e2c8f657fdc38a81448ff45c64a1807a658693f2a61704f17a36.sdkstatcache -output-file-map /Users/runner/work/orbit/orbit/.ewc-probe/.dd-ios/Build/Intermediates.noindex/EwcProbe.build/Debug-iphonesimulator/EwcProbeUITests.build/Objects-normal/arm64/EwcProbeUITests-OutputFileMap.json -use-frontend-parseable-output -save-temps -no-color-diagnostics -explicit-module-build -module-cache-path /Users/runner/work/orbit/orbit/.ewc-probe/.dd-ios/Build/Intermediates.noindex/SwiftExplicitPrecompiledModules -clang-scanner-module-cache-path /Users/runner/work/orbit/orbit/.ewc-probe/.dd-ios/ModuleCache.noindex -sdk-module-cache-path /Users/runner/work/orbit/orbit/.ewc-probe/.dd-ios/ModuleCache.noindex -serialize-diagnostics -emit-dependencies -emit-module -emit-module-path /Users/runner/work/orbit/orbit/.ewc-probe/.dd-ios/Build/Intermediates.noindex/EwcProbe.build/Debug-iphonesimulator/EwcProbeUITests.build/Objects-normal/arm64/EwcProbeUITests.swiftmodule -validate-clang-modules-once -clang-build-session-file /Users/runner/work/orbit/orbit/.ewc-probe/.dd-ios/ModuleCache.noindex/Session.modulevalidation -Xcc -I/Users/runner/work/orbit/orbit/.ewc-probe/.dd-ios/Build/Intermediates.noindex/EwcProbe.build/Debug-iphonesimulator/EwcProbeUITests.build/swift-overrides.hmap -emit-const-values -Xfrontend -const-gather-protocols-file -Xfrontend /Users/runner/work/orbit/orbit/.ewc-probe/.dd-ios/Build/Intermediates.noindex/EwcProbe.build/Debug-iphonesimulator/EwcProbeUITests.build/Objects-normal/arm64/EwcProbeUITests_const_extract_protocols.json -Xcc -iquote -Xcc /Users/runner/work/orbit/orbit/.ewc-probe/.dd-ios/Build/Intermediates.noindex/EwcProbe.build/Debug-iphonesimulator/EwcProbeUITests.build/EwcProbeUITests-generated-files.hmap -Xcc -I/Users/runner/work/orbit/orbit/.ewc-probe/.dd-ios/Build/Intermediates.noindex/EwcProbe.build/Debug-iphonesimulator/EwcProbeUITests.build/EwcProbeUITests-own-target-headers.hmap -Xcc -I/Users/runner/work/orbit/orbit/.ewc-probe/.dd-ios/Build/Intermediates.noindex/EwcProbe.build/Debug-iphonesimulator/EwcProbeUITests.build/EwcProbeUITests-all-non-framework-target-headers.hmap -Xcc -ivfsoverlay -Xcc /Users/runner/work/orbit/orbit/.ewc-probe/.dd-ios/Build/Intermediates.noindex/EwcProbe.build/Debug-iphonesimulator/EwcProbe-dbf945722ac196f419bd53f2d46c67b3-VFS-iphonesimulator/all-product-headers.yaml -Xcc -iquote -Xcc /Users/runner/work/orbit/orbit/.ewc-probe/.dd-ios/Build/Intermediates.noindex/EwcProbe.build/Debug-iphonesimulator/EwcProbeUITests.build/EwcProbeUITests-project-headers.hmap -Xcc -I/Users/runner/work/orbit/orbit/.ewc-probe/.dd-ios/Build/Products/Debug-iphonesimulator/include -Xcc -I/Users/runner/work/orbit/orbit/.ewc-probe/.dd-ios/Build/Intermediates.noindex/EwcProbe.build/Debug-iphonesimulator/EwcProbeUITests.build/DerivedSources-normal/arm64 -Xcc -I/Users/runner/work/orbit/orbit/.ewc-probe/.dd-ios/Build/Intermediates.noindex/EwcProbe.build/Debug-iphonesimulator/EwcProbeUITests.build/DerivedSources/arm64 -Xcc -I/Users/runner/work/orbit/orbit/.ewc-probe/.dd-ios/Build/Intermediates.noindex/EwcProbe.build/Debug-iphonesimulator/EwcProbeUITests.build/DerivedSources -Xcc -DDEBUG\=1 -emit-objc-header -emit-objc-header-path /Users/runner/work/orbit/orbit/.ewc-probe/.dd-ios/Build/Intermediates.noindex/EwcProbe.build/Debug-iphonesimulator/EwcProbeUITests.build/Objects-normal/arm64/EwcProbeUITests-Swift.h -working-directory /Users/runner/work/orbit/orbit/.ewc-probe -experimental-emit-module-separately -disable-cmo

SwiftExplicitDependencyGeneratePcm arm64 /Users/runner/work/orbit/orbit/.ewc-probe/.dd-ios/Build/Intermediates.noindex/SwiftExplicitPrecompiledModules/XCUIAutomation-U24PLYEG7X8GNPG57HPIMGIW.pcm

SwiftExplicitDependencyCompileModuleFromInterface arm64 /Users/runner/work/orbit/orbit/.ewc-probe/.dd-ios/Build/Intermediates.noindex/SwiftExplicitPrecompiledModules/XCUIAutomation-28EGTM4KVKJCH.swiftmodule

SwiftExplicitDependencyGeneratePcm arm64 /Users/runner/work/orbit/orbit/.ewc-probe/.dd-ios/Build/Intermediates.noindex/SwiftExplicitPrecompiledModules/XCTest-7WVT17GRXFPHN5ZC9F3FHMN0U.pcm

SwiftExplicitDependencyCompileModuleFromInterface arm64 /Users/runner/work/orbit/orbit/.ewc-probe/.dd-ios/Build/Intermediates.noindex/SwiftExplicitPrecompiledModules/XCTest-15L5T6IXIDOQ.swiftmodule

SwiftEmitModule normal arm64 Emitting\ module\ for\ EwcProbeUITests (in target 'EwcProbeUITests' from project 'EwcProbe')

EmitSwiftModule normal arm64 (in target 'EwcProbeUITests' from project 'EwcProbe')
    cd /Users/runner/work/orbit/orbit/.ewc-probe
    

SwiftCompile normal arm64 Compiling\ ProbeCase.swift /Users/runner/work/orbit/orbit/.ewc-probe/UITests/ProbeCase.swift (in target 'EwcProbeUITests' from project 'EwcProbe')

SwiftCompile normal arm64 /Users/runner/work/orbit/orbit/.ewc-probe/UITests/ProbeCase.swift (in target 'EwcProbeUITests' from project 'EwcProbe')
    cd /Users/runner/work/orbit/orbit/.ewc-probe
    

SwiftDriverJobDiscovery normal arm64 Emitting module for EwcProbeUITests (in target 'EwcProbeUITests' from project 'EwcProbe')

SwiftDriver\ Compilation\ Requirements EwcProbeUITests normal arm64 com.apple.xcode.tools.swift.compiler (in target 'EwcProbeUITests' from project 'EwcProbe')
    cd /Users/runner/work/orbit/orbit/.ewc-probe
    builtin-Swift-Compilation-Requirements -- /Applications/Xcode_26.6.app/Contents/Developer/Toolchains/XcodeDefault.xctoolchain/usr/bin/swiftc -module-name EwcProbeUITests -Onone @/Users/runner/work/orbit/orbit/.ewc-probe/.dd-ios/Build/Intermediates.noindex/EwcProbe.build/Debug-iphonesimulator/EwcProbeUITests.build/Objects-normal/arm64/EwcProbeUITests.SwiftFileList -DDEBUG -module-alias Testing\=_Testing_Unavailable -plugin-path /Applications/Xcode_26.6.app/Contents/Developer/Toolchains/XcodeDefault.xctoolchain/usr/lib/swift/host/plugins/testing -enable-bare-slash-regex -enable-experimental-feature DebugDescriptionMacro -sdk /Applications/Xcode_26.6.app/Contents/Developer/Platforms/iPhoneSimulator.platform/Developer/SDKs/iPhoneSimulator26.5.sdk -target arm64-apple-ios17.0-simulator -g -module-cache-path /Users/runner/work/orbit/orbit/.ewc-probe/.dd-ios/ModuleCache.noindex -Xfrontend -serialize-debugging-options -enable-testing -index-store-path /Users/runner/work/orbit/orbit/.ewc-probe/.dd-ios/Index.noindex/DataStore -Xcc -D_LIBCPP_HARDENING_MODE\=_LIBCPP_HARDENING_MODE_DEBUG -swift-version 5 -I /Users/runner/work/orbit/orbit/.ewc-probe/.dd-ios/Build/Products/Debug-iphonesimulator -Isystem /Applications/Xcode_26.6.app/Contents/Developer/Platforms/iPhoneSimulator.platform/Developer/usr/lib -F /Users/runner/work/orbit/orbit/.ewc-probe/.dd-ios/Build/Products/Debug-iphonesimulator -F /Applications/Xcode_26.6.app/Contents/Developer/Platforms/iPhoneSimulator.platform/Developer/Library/Frameworks -F /Applications/Xcode_26.6.app/Contents/Developer/Platforms/iPhoneSimulator.platform/Developer/SDKs/iPhoneSimulator26.5.sdk/Developer/Library/Frameworks -c -j3 -enable-batch-mode -incremental -Xcc -ivfsstatcache -Xcc /Users/runner/work/orbit/orbit/.ewc-probe/.dd-ios/SDKStatCaches.noindex/iphonesimulator26.5-23F81a-688ef53f1462e2c8f657fdc38a81448ff45c64a1807a658693f2a61704f17a36.sdkstatcache -output-file-map /Users/runner/work/orbit/orbit/.ewc-probe/.dd-ios/Build/Intermediates.noindex/EwcProbe.build/Debug-iphonesimulator/EwcProbeUITests.build/Objects-normal/arm64/EwcProbeUITests-OutputFileMap.json -use-frontend-parseable-output -save-temps -no-color-diagnostics -explicit-module-build -module-cache-path /Users/runner/work/orbit/orbit/.ewc-probe/.dd-ios/Build/Intermediates.noindex/SwiftExplicitPrecompiledModules -clang-scanner-module-cache-path /Users/runner/work/orbit/orbit/.ewc-probe/.dd-ios/ModuleCache.noindex -sdk-module-cache-path /Users/runner/work/orbit/orbit/.ewc-probe/.dd-ios/ModuleCache.noindex -serialize-diagnostics -emit-dependencies -emit-module -emit-module-path /Users/runner/work/orbit/orbit/.ewc-probe/.dd-ios/Build/Intermediates.noindex/EwcProbe.build/Debug-iphonesimulator/EwcProbeUITests.build/Objects-normal/arm64/EwcProbeUITests.swiftmodule -validate-clang-modules-once -clang-build-session-file /Users/runner/work/orbit/orbit/.ewc-probe/.dd-ios/ModuleCache.noindex/Session.modulevalidation -Xcc -I/Users/runner/work/orbit/orbit/.ewc-probe/.dd-ios/Build/Intermediates.noindex/EwcProbe.build/Debug-iphonesimulator/EwcProbeUITests.build/swift-overrides.hmap -emit-const-values -Xfrontend -const-gather-protocols-file -Xfrontend /Users/runner/work/orbit/orbit/.ewc-probe/.dd-ios/Build/Intermediates.noindex/EwcProbe.build/Debug-iphonesimulator/EwcProbeUITests.build/Objects-normal/arm64/EwcProbeUITests_const_extract_protocols.json -Xcc -iquote -Xcc /Users/runner/work/orbit/orbit/.ewc-probe/.dd-ios/Build/Intermediates.noindex/EwcProbe.build/Debug-iphonesimulator/EwcProbeUITests.build/EwcProbeUITests-generated-files.hmap -Xcc -I/Users/runner/work/orbit/orbit/.ewc-probe/.dd-ios/Build/Intermediates.noindex/EwcProbe.build/Debug-iphonesimulator/EwcProbeUITests.build/EwcProbeUITests-own-target-headers.hmap -Xcc -I/Users/runner/work/orbit/orbit/.ewc-probe/.dd-ios/Build/Intermediates.noindex/EwcProbe.build/Debug-iphonesimulator/EwcProbeUITests.build/EwcProbeUITests-all-non-framework-target-headers.hmap -Xcc -ivfsoverlay -Xcc /Users/runner/work/orbit/orbit/.ewc-probe/.dd-ios/Build/Intermediates.noindex/EwcProbe.build/Debug-iphonesimulator/EwcProbe-dbf945722ac196f419bd53f2d46c67b3-VFS-iphonesimulator/all-product-headers.yaml -Xcc -iquote -Xcc /Users/runner/work/orbit/orbit/.ewc-probe/.dd-ios/Build/Intermediates.noindex/EwcProbe.build/Debug-iphonesimulator/EwcProbeUITests.build/EwcProbeUITests-project-headers.hmap -Xcc -I/Users/runner/work/orbit/orbit/.ewc-probe/.dd-ios/Build/Products/Debug-iphonesimulator/include -Xcc -I/Users/runner/work/orbit/orbit/.ewc-probe/.dd-ios/Build/Intermediates.noindex/EwcProbe.build/Debug-iphonesimulator/EwcProbeUITests.build/DerivedSources-normal/arm64 -Xcc -I/Users/runner/work/orbit/orbit/.ewc-probe/.dd-ios/Build/Intermediates.noindex/EwcProbe.build/Debug-iphonesimulator/EwcProbeUITests.build/DerivedSources/arm64 -Xcc -I/Users/runner/work/orbit/orbit/.ewc-probe/.dd-ios/Build/Intermediates.noindex/EwcProbe.build/Debug-iphonesimulator/EwcProbeUITests.build/DerivedSources -Xcc -DDEBUG\=1 -emit-objc-header -emit-objc-header-path /Users/runner/work/orbit/orbit/.ewc-probe/.dd-ios/Build/Intermediates.noindex/EwcProbe.build/Debug-iphonesimulator/EwcProbeUITests.build/Objects-normal/arm64/EwcProbeUITests-Swift.h -working-directory /Users/runner/work/orbit/orbit/.ewc-probe -experimental-emit-module-separately -disable-cmo

SwiftDriverJobDiscovery normal arm64 Compiling ProbeCase.swift (in target 'EwcProbeUITests' from project 'EwcProbe')

SwiftCompile normal arm64 Compiling\ QueueShotTests.swift /Users/runner/work/orbit/orbit/.ewc-probe/UITests/QueueShotTests.swift (in target 'EwcProbeUITests' from project 'EwcProbe')

SwiftCompile normal arm64 /Users/runner/work/orbit/orbit/.ewc-probe/UITests/QueueShotTests.swift (in target 'EwcProbeUITests' from project 'EwcProbe')
    cd /Users/runner/work/orbit/orbit/.ewc-probe
    

SwiftMergeGeneratedHeaders /Users/runner/work/orbit/orbit/.ewc-probe/.dd-ios/Build/Intermediates.noindex/EwcProbe.build/Debug-iphonesimulator/EwcProbeUITests.build/DerivedSources/EwcProbeUITests-Swift.h /Users/runner/work/orbit/orbit/.ewc-probe/.dd-ios/Build/Intermediates.noindex/EwcProbe.build/Debug-iphonesimulator/EwcProbeUITests.build/Objects-normal/arm64/EwcProbeUITests-Swift.h (in target 'EwcProbeUITests' from project 'EwcProbe')
    cd /Users/runner/work/orbit/orbit/.ewc-probe
    builtin-swiftHeaderTool -arch arm64 /Users/runner/work/orbit/orbit/.ewc-probe/.dd-ios/Build/Intermediates.noindex/EwcProbe.build/Debug-iphonesimulator/EwcProbeUITests.build/Objects-normal/arm64/EwcProbeUITests-Swift.h -o /Users/runner/work/orbit/orbit/.ewc-probe/.dd-ios/Build/Intermediates.noindex/EwcProbe.build/Debug-iphonesimulator/EwcProbeUITests.build/DerivedSources/EwcProbeUITests-Swift.h

SwiftDriverJobDiscovery normal arm64 Compiling QueueShotTests.swift (in target 'EwcProbeUITests' from project 'EwcProbe')

Copy /Users/runner/work/orbit/orbit/.ewc-probe/.dd-ios/Build/Products/Debug-iphonesimulator/EwcProbeUITests.swiftmodule/arm64-apple-ios-simulator.swiftmodule /Users/runner/work/orbit/orbit/.ewc-probe/.dd-ios/Build/Intermediates.noindex/EwcProbe.build/Debug-iphonesimulator/EwcProbeUITests.build/Objects-normal/arm64/EwcProbeUITests.swiftmodule (in target 'EwcProbeUITests' from project 'EwcProbe')
    cd /Users/runner/work/orbit/orbit/.ewc-probe
    builtin-copy -exclude .DS_Store -exclude CVS -exclude .svn -exclude .git -exclude .hg -resolve-src-symlinks -rename /Users/runner/work/orbit/orbit/.ewc-probe/.dd-ios/Build/Intermediates.noindex/EwcProbe.build/Debug-iphonesimulator/EwcProbeUITests.build/Objects-normal/arm64/EwcProbeUITests.swiftmodule /Users/runner/work/orbit/orbit/.ewc-probe/.dd-ios/Build/Products/Debug-iphonesimulator/EwcProbeUITests.swiftmodule/arm64-apple-ios-simulator.swiftmodule

Copy /Users/runner/work/orbit/orbit/.ewc-probe/.dd-ios/Build/Products/Debug-iphonesimulator/EwcProbeUITests.swiftmodule/arm64-apple-ios-simulator.swiftdoc /Users/runner/work/orbit/orbit/.ewc-probe/.dd-ios/Build/Intermediates.noindex/EwcProbe.build/Debug-iphonesimulator/EwcProbeUITests.build/Objects-normal/arm64/EwcProbeUITests.swiftdoc (in target 'EwcProbeUITests' from project 'EwcProbe')
    cd /Users/runner/work/orbit/orbit/.ewc-probe
    builtin-copy -exclude .DS_Store -exclude CVS -exclude .svn -exclude .git -exclude .hg -resolve-src-symlinks -rename /Users/runner/work/orbit/orbit/.ewc-probe/.dd-ios/Build/Intermediates.noindex/EwcProbe.build/Debug-iphonesimulator/EwcProbeUITests.build/Objects-normal/arm64/EwcProbeUITests.swiftdoc /Users/runner/work/orbit/orbit/.ewc-probe/.dd-ios/Build/Products/Debug-iphonesimulator/EwcProbeUITests.swiftmodule/arm64-apple-ios-simulator.swiftdoc

Copy /Users/runner/work/orbit/orbit/.ewc-probe/.dd-ios/Build/Products/Debug-iphonesimulator/EwcProbeUITests.swiftmodule/arm64-apple-ios-simulator.abi.json /Users/runner/work/orbit/orbit/.ewc-probe/.dd-ios/Build/Intermediates.noindex/EwcProbe.build/Debug-iphonesimulator/EwcProbeUITests.build/Objects-normal/arm64/EwcProbeUITests.abi.json (in target 'EwcProbeUITests' from project 'EwcProbe')
    cd /Users/runner/work/orbit/orbit/.ewc-probe
    builtin-copy -exclude .DS_Store -exclude CVS -exclude .svn -exclude .git -exclude .hg -resolve-src-symlinks -rename /Users/runner/work/orbit/orbit/.ewc-probe/.dd-ios/Build/Intermediates.noindex/EwcProbe.build/Debug-iphonesimulator/EwcProbeUITests.build/Objects-normal/arm64/EwcProbeUITests.abi.json /Users/runner/work/orbit/orbit/.ewc-probe/.dd-ios/Build/Products/Debug-iphonesimulator/EwcProbeUITests.swiftmodule/arm64-apple-ios-simulator.abi.json

Copy /Users/runner/work/orbit/orbit/.ewc-probe/.dd-ios/Build/Products/Debug-iphonesimulator/EwcProbeUITests.swiftmodule/Project/arm64-apple-ios-simulator.swiftsourceinfo /Users/runner/work/orbit/orbit/.ewc-probe/.dd-ios/Build/Intermediates.noindex/EwcProbe.build/Debug-iphonesimulator/EwcProbeUITests.build/Objects-normal/arm64/EwcProbeUITests.swiftsourceinfo (in target 'EwcProbeUITests' from project 'EwcProbe')
    cd /Users/runner/work/orbit/orbit/.ewc-probe
    builtin-copy -exclude .DS_Store -exclude CVS -exclude .svn -exclude .git -exclude .hg -resolve-src-symlinks -rename /Users/runner/work/orbit/orbit/.ewc-probe/.dd-ios/Build/Intermediates.noindex/EwcProbe.build/Debug-iphonesimulator/EwcProbeUITests.build/Objects-normal/arm64/EwcProbeUITests.swiftsourceinfo /Users/runner/work/orbit/orbit/.ewc-probe/.dd-ios/Build/Products/Debug-iphonesimulator/EwcProbeUITests.swiftmodule/Project/arm64-apple-ios-simulator.swiftsourceinfo

SwiftDriver\ Compilation EwcProbeUITests normal arm64 com.apple.xcode.tools.swift.compiler (in target 'EwcProbeUITests' from project 'EwcProbe')
    cd /Users/runner/work/orbit/orbit/.ewc-probe
    builtin-Swift-Compilation -- /Applications/Xcode_26.6.app/Contents/Developer/Toolchains/XcodeDefault.xctoolchain/usr/bin/swiftc -module-name EwcProbeUITests -Onone @/Users/runner/work/orbit/orbit/.ewc-probe/.dd-ios/Build/Intermediates.noindex/EwcProbe.build/Debug-iphonesimulator/EwcProbeUITests.build/Objects-normal/arm64/EwcProbeUITests.SwiftFileList -DDEBUG -module-alias Testing\=_Testing_Unavailable -plugin-path /Applications/Xcode_26.6.app/Contents/Developer/Toolchains/XcodeDefault.xctoolchain/usr/lib/swift/host/plugins/testing -enable-bare-slash-regex -enable-experimental-feature DebugDescriptionMacro -sdk /Applications/Xcode_26.6.app/Contents/Developer/Platforms/iPhoneSimulator.platform/Developer/SDKs/iPhoneSimulator26.5.sdk -target arm64-apple-ios17.0-simulator -g -module-cache-path /Users/runner/work/orbit/orbit/.ewc-probe/.dd-ios/ModuleCache.noindex -Xfrontend -serialize-debugging-options -enable-testing -index-store-path /Users/runner/work/orbit/orbit/.ewc-probe/.dd-ios/Index.noindex/DataStore -Xcc -D_LIBCPP_HARDENING_MODE\=_LIBCPP_HARDENING_MODE_DEBUG -swift-version 5 -I /Users/runner/work/orbit/orbit/.ewc-probe/.dd-ios/Build/Products/Debug-iphonesimulator -Isystem /Applications/Xcode_26.6.app/Contents/Developer/Platforms/iPhoneSimulator.platform/Developer/usr/lib -F /Users/runner/work/orbit/orbit/.ewc-probe/.dd-ios/Build/Products/Debug-iphonesimulator -F /Applications/Xcode_26.6.app/Contents/Developer/Platforms/iPhoneSimulator.platform/Developer/Library/Frameworks -F /Applications/Xcode_26.6.app/Contents/Developer/Platforms/iPhoneSimulator.platform/Developer/SDKs/iPhoneSimulator26.5.sdk/Developer/Library/Frameworks -c -j3 -enable-batch-mode -incremental -Xcc -ivfsstatcache -Xcc /Users/runner/work/orbit/orbit/.ewc-probe/.dd-ios/SDKStatCaches.noindex/iphonesimulator26.5-23F81a-688ef53f1462e2c8f657fdc38a81448ff45c64a1807a658693f2a61704f17a36.sdkstatcache -output-file-map /Users/runner/work/orbit/orbit/.ewc-probe/.dd-ios/Build/Intermediates.noindex/EwcProbe.build/Debug-iphonesimulator/EwcProbeUITests.build/Objects-normal/arm64/EwcProbeUITests-OutputFileMap.json -use-frontend-parseable-output -save-temps -no-color-diagnostics -explicit-module-build -module-cache-path /Users/runner/work/orbit/orbit/.ewc-probe/.dd-ios/Build/Intermediates.noindex/SwiftExplicitPrecompiledModules -clang-scanner-module-cache-path /Users/runner/work/orbit/orbit/.ewc-probe/.dd-ios/ModuleCache.noindex -sdk-module-cache-path /Users/runner/work/orbit/orbit/.ewc-probe/.dd-ios/ModuleCache.noindex -serialize-diagnostics -emit-dependencies -emit-module -emit-module-path /Users/runner/work/orbit/orbit/.ewc-probe/.dd-ios/Build/Intermediates.noindex/EwcProbe.build/Debug-iphonesimulator/EwcProbeUITests.build/Objects-normal/arm64/EwcProbeUITests.swiftmodule -validate-clang-modules-once -clang-build-session-file /Users/runner/work/orbit/orbit/.ewc-probe/.dd-ios/ModuleCache.noindex/Session.modulevalidation -Xcc -I/Users/runner/work/orbit/orbit/.ewc-probe/.dd-ios/Build/Intermediates.noindex/EwcProbe.build/Debug-iphonesimulator/EwcProbeUITests.build/swift-overrides.hmap -emit-const-values -Xfrontend -const-gather-protocols-file -Xfrontend /Users/runner/work/orbit/orbit/.ewc-probe/.dd-ios/Build/Intermediates.noindex/EwcProbe.build/Debug-iphonesimulator/EwcProbeUITests.build/Objects-normal/arm64/EwcProbeUITests_const_extract_protocols.json -Xcc -iquote -Xcc /Users/runner/work/orbit/orbit/.ewc-probe/.dd-ios/Build/Intermediates.noindex/EwcProbe.build/Debug-iphonesimulator/EwcProbeUITests.build/EwcProbeUITests-generated-files.hmap -Xcc -I/Users/runner/work/orbit/orbit/.ewc-probe/.dd-ios/Build/Intermediates.noindex/EwcProbe.build/Debug-iphonesimulator/EwcProbeUITests.build/EwcProbeUITests-own-target-headers.hmap -Xcc -I/Users/runner/work/orbit/orbit/.ewc-probe/.dd-ios/Build/Intermediates.noindex/EwcProbe.build/Debug-iphonesimulator/EwcProbeUITests.build/EwcProbeUITests-all-non-framework-target-headers.hmap -Xcc -ivfsoverlay -Xcc /Users/runner/work/orbit/orbit/.ewc-probe/.dd-ios/Build/Intermediates.noindex/EwcProbe.build/Debug-iphonesimulator/EwcProbe-dbf945722ac196f419bd53f2d46c67b3-VFS-iphonesimulator/all-product-headers.yaml -Xcc -iquote -Xcc /Users/runner/work/orbit/orbit/.ewc-probe/.dd-ios/Build/Intermediates.noindex/EwcProbe.build/Debug-iphonesimulator/EwcProbeUITests.build/EwcProbeUITests-project-headers.hmap -Xcc -I/Users/runner/work/orbit/orbit/.ewc-probe/.dd-ios/Build/Products/Debug-iphonesimulator/include -Xcc -I/Users/runner/work/orbit/orbit/.ewc-probe/.dd-ios/Build/Intermediates.noindex/EwcProbe.build/Debug-iphonesimulator/EwcProbeUITests.build/DerivedSources-normal/arm64 -Xcc -I/Users/runner/work/orbit/orbit/.ewc-probe/.dd-ios/Build/Intermediates.noindex/EwcProbe.build/Debug-iphonesimulator/EwcProbeUITests.build/DerivedSources/arm64 -Xcc -I/Users/runner/work/orbit/orbit/.ewc-probe/.dd-ios/Build/Intermediates.noindex/EwcProbe.build/Debug-iphonesimulator/EwcProbeUITests.build/DerivedSources -Xcc -DDEBUG\=1 -emit-objc-header -emit-objc-header-path /Users/runner/work/orbit/orbit/.ewc-probe/.dd-ios/Build/Intermediates.noindex/EwcProbe.build/Debug-iphonesimulator/EwcProbeUITests.build/Objects-normal/arm64/EwcProbeUITests-Swift.h -working-directory /Users/runner/work/orbit/orbit/.ewc-probe -experimental-emit-module-separately -disable-cmo

SwiftDriverJobDiscovery normal arm64 Compiling AccessTokenRow.swift, AccessTokensModel.swift, AccountPauseControls.swift, AddRunnerSheet.swift, AdminModel.swift, AgentIdentity.swift, AgentsModel.swift, AgentsView.swift, AppModel.swift, ApprovalCards.swift, ApprovalReview.swift, AttachedNoteView.swift, AttachmentImageStore.swift, AttachmentViews.swift, AutoRetryCard.swift, BackgroundTaskViews.swift, BackgroundWakeCardView.swift, BatchCreateReview.swift, BrandMarks.swift, CodexResetCreditView.swift, CompactShell.swift, ComposerView.swift, ConfirmationReviewTurnCardViews.swift, ConfirmationStyle.swift, ConsoleModel.swift (in target 'EwcProbe' from project 'EwcProbe')

SwiftDriverJobDiscovery normal arm64 Compiling PoolChip.swift, ProbeArgs.swift, ProjectCrossingRow.swift, ProjectDoneCards.swift, ProjectGraphView.swift, ProjectLandingJobsSheet.swift, ProjectLandingRow.swift, ProjectMergeModel.swift, ProjectStartedCardView.swift, ProjectsModel.swift, ProjectsView.swift, ProviderPoolViews.swift, Push.swift, RowSwipeActions.swift, RunnerEnginePage.swift, RunnerNamePage.swift, RunnerPageParts.swift, RunnerSignInModel.swift, RunnerSignInView.swift, RunnersModel.swift, SelectableText.swift, SessionCoordinatorBadge.swift, SessionFolderPage.swift, SessionListSearch.swift (in target 'EwcProbe' from project 'EwcProbe')

SwiftDriver\ Compilation EwcProbe normal arm64 com.apple.xcode.tools.swift.compiler (in target 'EwcProbe' from project 'EwcProbe')
    cd /Users/runner/work/orbit/orbit/.ewc-probe
    builtin-Swift-Compilation -- /Applications/Xcode_26.6.app/Contents/Developer/Toolchains/XcodeDefault.xctoolchain/usr/bin/swiftc -module-name EwcProbe -Onone @/Users/runner/work/orbit/orbit/.ewc-probe/.dd-ios/Build/Intermediates.noindex/EwcProbe.build/Debug-iphonesimulator/EwcProbe.build/Objects-normal/arm64/EwcProbe.SwiftFileList -DDEBUG -enable-bare-slash-regex -enable-experimental-feature DebugDescriptionMacro -sdk /Applications/Xcode_26.6.app/Contents/Developer/Platforms/iPhoneSimulator.platform/Developer/SDKs/iPhoneSimulator26.5.sdk -target arm64-apple-ios17.0-simulator -g -module-cache-path /Users/runner/work/orbit/orbit/.ewc-probe/.dd-ios/ModuleCache.noindex -Xfrontend -serialize-debugging-options -enable-testing -index-store-path /Users/runner/work/orbit/orbit/.ewc-probe/.dd-ios/Index.noindex/DataStore -Xcc -D_LIBCPP_HARDENING_MODE\=_LIBCPP_HARDENING_MODE_DEBUG -swift-version 5 -I /Users/runner/work/orbit/orbit/.ewc-probe/.dd-ios/Build/Products/Debug-iphonesimulator -F /Users/runner/work/orbit/orbit/.ewc-probe/.dd-ios/Build/Products/Debug-iphonesimulator/PackageFrameworks -F /Users/runner/work/orbit/orbit/.ewc-probe/.dd-ios/Build/Products/Debug-iphonesimulator/PackageFrameworks -F /Users/runner/work/orbit/orbit/.ewc-probe/.dd-ios/Build/Products/Debug-iphonesimulator/PackageFrameworks -F /Users/runner/work/orbit/orbit/.ewc-probe/.dd-ios/Build/Products/Debug-iphonesimulator/PackageFrameworks -F /Users/runner/work/orbit/orbit/.ewc-probe/.dd-ios/Build/Products/Debug-iphonesimulator/PackageFrameworks -F /Users/runner/work/orbit/orbit/.ewc-probe/.dd-ios/Build/Products/Debug-iphonesimulator -c -j3 -enable-batch-mode -incremental -Xcc -ivfsstatcache -Xcc /Users/runner/work/orbit/orbit/.ewc-probe/.dd-ios/SDKStatCaches.noindex/iphonesimulator26.5-23F81a-688ef53f1462e2c8f657fdc38a81448ff45c64a1807a658693f2a61704f17a36.sdkstatcache -output-file-map /Users/runner/work/orbit/orbit/.ewc-probe/.dd-ios/Build/Intermediates.noindex/EwcProbe.build/Debug-iphonesimulator/EwcProbe.build/Objects-normal/arm64/EwcProbe-OutputFileMap.json -use-frontend-parseable-output -save-temps -no-color-diagnostics -explicit-module-build -module-cache-path /Users/runner/work/orbit/orbit/.ewc-probe/.dd-ios/Build/Intermediates.noindex/SwiftExplicitPrecompiledModules -clang-scanner-module-cache-path /Users/runner/work/orbit/orbit/.ewc-probe/.dd-ios/ModuleCache.noindex -sdk-module-cache-path /Users/runner/work/orbit/orbit/.ewc-probe/.dd-ios/ModuleCache.noindex -serialize-diagnostics -emit-dependencies -emit-module -emit-module-path /Users/runner/work/orbit/orbit/.ewc-probe/.dd-ios/Build/Intermediates.noindex/EwcProbe.build/Debug-iphonesimulator/EwcProbe.build/Objects-normal/arm64/EwcProbe.swiftmodule -validate-clang-modules-once -clang-build-session-file /Users/runner/work/orbit/orbit/.ewc-probe/.dd-ios/ModuleCache.noindex/Session.modulevalidation -Xcc -I/Users/runner/work/orbit/orbit/.ewc-probe/.dd-ios/Build/Intermediates.noindex/EwcProbe.build/Debug-iphonesimulator/EwcProbe.build/swift-overrides.hmap -emit-const-values -Xfrontend -const-gather-protocols-file -Xfrontend /Users/runner/work/orbit/orbit/.ewc-probe/.dd-ios/Build/Intermediates.noindex/EwcProbe.build/Debug-iphonesimulator/EwcProbe.build/Objects-normal/arm64/EwcProbe_const_extract_protocols.json -Xcc -iquote -Xcc /Users/runner/work/orbit/orbit/.ewc-probe/.dd-ios/Build/Intermediates.noindex/EwcProbe.build/Debug-iphonesimulator/EwcProbe.build/EwcProbe-generated-files.hmap -Xcc -I/Users/runner/work/orbit/orbit/.ewc-probe/.dd-ios/Build/Intermediates.noindex/EwcProbe.build/Debug-iphonesimulator/EwcProbe.build/EwcProbe-own-target-headers.hmap -Xcc -I/Users/runner/work/orbit/orbit/.ewc-probe/.dd-ios/Build/Intermediates.noindex/EwcProbe.build/Debug-iphonesimulator/EwcProbe.build/EwcProbe-all-non-framework-target-headers.hmap -Xcc -ivfsoverlay -Xcc /Users/runner/work/orbit/orbit/.ewc-probe/.dd-ios/Build/Intermediates.noindex/EwcProbe.build/Debug-iphonesimulator/EwcProbe-dbf945722ac196f419bd53f2d46c67b3-VFS-iphonesimulator/all-product-headers.yaml -Xcc -iquote -Xcc /Users/runner/work/orbit/orbit/.ewc-probe/.dd-ios/Build/Intermediates.noindex/EwcProbe.build/Debug-iphonesimulator/EwcProbe.build/EwcProbe-project-headers.hmap -Xcc -I/Users/runner/work/orbit/orbit/.ewc-probe/.dd-ios/SourcePackages/checkouts/swift-cmark/src/include -Xcc -I/Users/runner/work/orbit/orbit/.ewc-probe/.dd-ios/SourcePackages/checkouts/swift-cmark/extensions/include -Xcc -I/Users/runner/work/orbit/orbit/.ewc-probe/.dd-ios/SourcePackages/checkouts/swift-markdown/Sources/CAtomic/include -Xcc -I/Users/runner/work/orbit/orbit/.ewc-probe/.dd-ios/Build/Products/Debug-iphonesimulator/include -Xcc -I/Users/runner/work/orbit/orbit/.ewc-probe/.dd-ios/Build/Intermediates.noindex/EwcProbe.build/Debug-iphonesimulator/EwcProbe.build/DerivedSources-normal/arm64 -Xcc -I/Users/runner/work/orbit/orbit/.ewc-probe/.dd-ios/Build/Intermediates.noindex/EwcProbe.build/Debug-iphonesimulator/EwcProbe.build/DerivedSources/arm64 -Xcc -I/Users/runner/work/orbit/orbit/.ewc-probe/.dd-ios/Build/Intermediates.noindex/EwcProbe.build/Debug-iphonesimulator/EwcProbe.build/DerivedSources -Xcc -DDEBUG\=1 -emit-objc-header -emit-objc-header-path /Users/runner/work/orbit/orbit/.ewc-probe/.dd-ios/Build/Intermediates.noindex/EwcProbe.build/Debug-iphonesimulator/EwcProbe.build/Objects-normal/arm64/EwcProbe-Swift.h -working-directory /Users/runner/work/orbit/orbit/.ewc-probe -experimental-emit-module-separately -disable-cmo

Ld /Users/runner/work/orbit/orbit/.ewc-probe/.dd-ios/Build/Products/Debug-iphonesimulator/EwcProbe.app/EwcProbe.debug.dylib normal (in target 'EwcProbe' from project 'EwcProbe')
    cd /Users/runner/work/orbit/orbit/.ewc-probe
    /Applications/Xcode_26.6.app/Contents/Developer/Toolchains/XcodeDefault.xctoolchain/usr/bin/clang -Xlinker -reproducible -target arm64-apple-ios17.0-simulator -dynamiclib -isysroot /Applications/Xcode_26.6.app/Contents/Developer/Platforms/iPhoneSimulator.platform/Developer/SDKs/iPhoneSimulator26.5.sdk -O0 -L/Users/runner/work/orbit/orbit/.ewc-probe/.dd-ios/Build/Intermediates.noindex/EagerLinkingTBDs/Debug-iphonesimulator -L/Users/runner/work/orbit/orbit/.ewc-probe/.dd-ios/Build/Products/Debug-iphonesimulator -F/Users/runner/work/orbit/orbit/.ewc-probe/.dd-ios/Build/Intermediates.noindex/EagerLinkingTBDs/Debug-iphonesimulator -F/Users/runner/work/orbit/orbit/.ewc-probe/.dd-ios/Build/Products/Debug-iphonesimulator/PackageFrameworks -F/Users/runner/work/orbit/orbit/.ewc-probe/.dd-ios/Build/Products/Debug-iphonesimulator/PackageFrameworks -F/Users/runner/work/orbit/orbit/.ewc-probe/.dd-ios/Build/Products/Debug-iphonesimulator/PackageFrameworks -F/Users/runner/work/orbit/orbit/.ewc-probe/.dd-ios/Build/Products/Debug-iphonesimulator/PackageFrameworks -F/Users/runner/work/orbit/orbit/.ewc-probe/.dd-ios/Build/Products/Debug-iphonesimulator/PackageFrameworks -F/Users/runner/work/orbit/orbit/.ewc-probe/.dd-ios/Build/Products/Debug-iphonesimulator -filelist /Users/runner/work/orbit/orbit/.ewc-probe/.dd-ios/Build/Intermediates.noindex/EwcProbe.build/Debug-iphonesimulator/EwcProbe.build/Objects-normal/arm64/EwcProbe.LinkFileList -install_name @rpath/EwcProbe.debug.dylib -Xlinker -rpath -Xlinker /usr/lib/swift -Xlinker -rpath -Xlinker /Users/runner/work/orbit/orbit/.ewc-probe/.dd-ios/Build/Products/Debug-iphonesimulator/PackageFrameworks -Xlinker -rpath -Xlinker @executable_path/Frameworks -Xlinker -dead_strip -Xlinker -object_path_lto -Xlinker /Users/runner/work/orbit/orbit/.ewc-probe/.dd-ios/Build/Intermediates.noindex/EwcProbe.build/Debug-iphonesimulator/EwcProbe.build/Objects-normal/arm64/EwcProbe_lto.o -rdynamic -Xlinker -no_deduplicate -Xlinker -objc_abi_version -Xlinker 2 -Xlinker -dependency_info -Xlinker /Users/runner/work/orbit/orbit/.ewc-probe/.dd-ios/Build/Intermediates.noindex/EwcProbe.build/Debug-iphonesimulator/EwcProbe.build/Objects-normal/arm64/EwcProbe_dependency_info.dat -fobjc-link-runtime -L/Applications/Xcode_26.6.app/Contents/Developer/Toolchains/XcodeDefault.xctoolchain/usr/lib/swift/iphonesimulator -L/usr/lib/swift -Xlinker -add_ast_path -Xlinker /Users/runner/work/orbit/orbit/.ewc-probe/.dd-ios/Build/Intermediates.noindex/EwcProbe.build/Debug-iphonesimulator/EwcProbe.build/Objects-normal/arm64/EwcProbe.swiftmodule @/Users/runner/work/orbit/orbit/.ewc-probe/.dd-ios/Build/Intermediates.noindex/EwcProbe.build/Debug-iphonesimulator/EwcProbe.build/Objects-normal/arm64/EwcProbe-linker-args.resp -Wl,-no_warn_duplicate_libraries -Wl,-no_warn_duplicate_libraries -Wl,-no_warn_duplicate_libraries -Wl,-no_warn_duplicate_libraries -Wl,-no_warn_duplicate_libraries -Xlinker -alias -Xlinker _main -Xlinker ___debug_main_executable_dylib_entry_point -Xlinker -no_adhoc_codesign -o /Users/runner/work/orbit/orbit/.ewc-probe/.dd-ios/Build/Products/Debug-iphonesimulator/EwcProbe.app/EwcProbe.debug.dylib -Xlinker -add_ast_path -Xlinker /Users/runner/work/orbit/orbit/.ewc-probe/.dd-ios/Build/Intermediates.noindex/OrbitKit.build/Debug-iphonesimulator/OrbitKit.build/Objects-normal/arm64/OrbitKit.swiftmodule @/Users/runner/work/orbit/orbit/.ewc-probe/.dd-ios/Build/Intermediates.noindex/OrbitKit.build/Debug-iphonesimulator/OrbitKit.build/Objects-normal/arm64/OrbitKit-linker-args.resp -Xlinker -add_ast_path -Xlinker /Users/runner/work/orbit/orbit/.ewc-probe/.dd-ios/Build/Intermediates.noindex/swift-markdown.build/Debug-iphonesimulator/Markdown.build/Objects-normal/arm64/Markdown.swiftmodule @/Users/runner/work/orbit/orbit/.ewc-probe/.dd-ios/Build/Intermediates.noindex/swift-markdown.build/Debug-iphonesimulator/Markdown.build/Objects-normal/arm64/Markdown-linker-args.resp

ConstructStubExecutorLinkFileList /Users/runner/work/orbit/orbit/.ewc-probe/.dd-ios/Build/Intermediates.noindex/EwcProbe.build/Debug-iphonesimulator/EwcProbe.build/EwcProbe-ExecutorLinkFileList-normal-arm64.txt (in target 'EwcProbe' from project 'EwcProbe')
    cd /Users/runner/work/orbit/orbit/.ewc-probe
    construct-stub-executor-link-file-list /Users/runner/work/orbit/orbit/.ewc-probe/.dd-ios/Build/Products/Debug-iphonesimulator/EwcProbe.app/EwcProbe.debug.dylib /Applications/Xcode_26.6.app/Contents/Developer/Platforms/iPhoneSimulator.platform/Developer/usr/lib/libPreviewsJITStubExecutor_no_swift_entry_point.a /Applications/Xcode_26.6.app/Contents/Developer/Platforms/iPhoneSimulator.platform/Developer/usr/lib/libPreviewsJITStubExecutor.a --output /Users/runner/work/orbit/orbit/.ewc-probe/.dd-ios/Build/Intermediates.noindex/EwcProbe.build/Debug-iphonesimulator/EwcProbe.build/EwcProbe-ExecutorLinkFileList-normal-arm64.txt
note: Using stub executor library with Swift entry point. (in target 'EwcProbe' from project 'EwcProbe')

Ld /Users/runner/work/orbit/orbit/.ewc-probe/.dd-ios/Build/Products/Debug-iphonesimulator/EwcProbe.app/EwcProbe normal (in target 'EwcProbe' from project 'EwcProbe')
    cd /Users/runner/work/orbit/orbit/.ewc-probe
    /Applications/Xcode_26.6.app/Contents/Developer/Toolchains/XcodeDefault.xctoolchain/usr/bin/clang -Xlinker -reproducible -target arm64-apple-ios17.0-simulator -isysroot /Applications/Xcode_26.6.app/Contents/Developer/Platforms/iPhoneSimulator.platform/Developer/SDKs/iPhoneSimulator26.5.sdk -O0 -L/Users/runner/work/orbit/orbit/.ewc-probe/.dd-ios/Build/Products/Debug-iphonesimulator -F/Users/runner/work/orbit/orbit/.ewc-probe/.dd-ios/Build/Products/Debug-iphonesimulator/PackageFrameworks -F/Users/runner/work/orbit/orbit/.ewc-probe/.dd-ios/Build/Products/Debug-iphonesimulator/PackageFrameworks -F/Users/runner/work/orbit/orbit/.ewc-probe/.dd-ios/Build/Products/Debug-iphonesimulator/PackageFrameworks -F/Users/runner/work/orbit/orbit/.ewc-probe/.dd-ios/Build/Products/Debug-iphonesimulator/PackageFrameworks -F/Users/runner/work/orbit/orbit/.ewc-probe/.dd-ios/Build/Products/Debug-iphonesimulator/PackageFrameworks -F/Users/runner/work/orbit/orbit/.ewc-probe/.dd-ios/Build/Products/Debug-iphonesimulator -Xlinker -rpath -Xlinker @executable_path -Xlinker -rpath -Xlinker /Users/runner/work/orbit/orbit/.ewc-probe/.dd-ios/Build/Products/Debug-iphonesimulator/PackageFrameworks -Xlinker -rpath -Xlinker @executable_path/Frameworks -rdynamic -Xlinker -no_deduplicate -Xlinker -objc_abi_version -Xlinker 2 -e ___debug_blank_executor_main -Xlinker -sectcreate -Xlinker __TEXT -Xlinker __debug_dylib -Xlinker /Users/runner/work/orbit/orbit/.ewc-probe/.dd-ios/Build/Intermediates.noindex/EwcProbe.build/Debug-iphonesimulator/EwcProbe.build/EwcProbe-DebugDylibPath-normal-arm64.txt -Xlinker -sectcreate -Xlinker __TEXT -Xlinker __debug_instlnm -Xlinker /Users/runner/work/orbit/orbit/.ewc-probe/.dd-ios/Build/Intermediates.noindex/EwcProbe.build/Debug-iphonesimulator/EwcProbe.build/EwcProbe-DebugDylibInstallName-normal-arm64.txt -Xlinker -filelist -Xlinker /Users/runner/work/orbit/orbit/.ewc-probe/.dd-ios/Build/Intermediates.noindex/EwcProbe.build/Debug-iphonesimulator/EwcProbe.build/EwcProbe-ExecutorLinkFileList-normal-arm64.txt -Xlinker -sectcreate -Xlinker __TEXT -Xlinker __entitlements -Xlinker /Users/runner/work/orbit/orbit/.ewc-probe/.dd-ios/Build/Intermediates.noindex/EwcProbe.build/Debug-iphonesimulator/EwcProbe.build/EwcProbe.app-Simulated.xcent -Xlinker -sectcreate -Xlinker __TEXT -Xlinker __ents_der -Xlinker /Users/runner/work/orbit/orbit/.ewc-probe/.dd-ios/Build/Intermediates.noindex/EwcProbe.build/Debug-iphonesimulator/EwcProbe.build/EwcProbe.app-Simulated.xcent.der /Users/runner/work/orbit/orbit/.ewc-probe/.dd-ios/Build/Products/Debug-iphonesimulator/EwcProbe.app/EwcProbe.debug.dylib -Xlinker -no_adhoc_codesign -o /Users/runner/work/orbit/orbit/.ewc-probe/.dd-ios/Build/Products/Debug-iphonesimulator/EwcProbe.app/EwcProbe

CopySwiftLibs /Users/runner/work/orbit/orbit/.ewc-probe/.dd-ios/Build/Products/Debug-iphonesimulator/EwcProbe.app (in target 'EwcProbe' from project 'EwcProbe')
    cd /Users/runner/work/orbit/orbit/.ewc-probe
    builtin-swiftStdLibTool --copy --verbose --sign - --scan-executable /Users/runner/work/orbit/orbit/.ewc-probe/.dd-ios/Build/Products/Debug-iphonesimulator/EwcProbe.app/EwcProbe.debug.dylib --scan-folder /Users/runner/work/orbit/orbit/.ewc-probe/.dd-ios/Build/Products/Debug-iphonesimulator/EwcProbe.app/Frameworks --scan-folder /Users/runner/work/orbit/orbit/.ewc-probe/.dd-ios/Build/Products/Debug-iphonesimulator/EwcProbe.app/PlugIns --scan-folder /Users/runner/work/orbit/orbit/.ewc-probe/.dd-ios/Build/Products/Debug-iphonesimulator/EwcProbe.app/SystemExtensions --scan-folder /Users/runner/work/orbit/orbit/.ewc-probe/.dd-ios/Build/Products/Debug-iphonesimulator/EwcProbe.app/Extensions --platform iphonesimulator --toolchain /var/run/com.apple.security.cryptexd/mnt/com.apple.MobileAsset.MetalToolchain-v17.6.109.0.PEdrhZ/Metal.xctoolchain --toolchain /Applications/Xcode_26.6.app/Contents/Developer/Toolchains/XcodeDefault.xctoolchain --destination /Users/runner/work/orbit/orbit/.ewc-probe/.dd-ios/Build/Products/Debug-iphonesimulator/EwcProbe.app/Frameworks --strip-bitcode --strip-bitcode-tool /Applications/Xcode_26.6.app/Contents/Developer/Toolchains/XcodeDefault.xctoolchain/usr/bin/bitcode_strip --emit-dependency-info /Users/runner/work/orbit/orbit/.ewc-probe/.dd-ios/Build/Intermediates.noindex/EwcProbe.build/Debug-iphonesimulator/EwcProbe.build/SwiftStdLibToolInputDependencies.dep --filter-for-swift-os

ExtractAppIntentsMetadata (in target 'EwcProbe' from project 'EwcProbe')
    cd /Users/runner/work/orbit/orbit/.ewc-probe
    /Applications/Xcode_26.6.app/Contents/Developer/Toolchains/XcodeDefault.xctoolchain/usr/bin/appintentsmetadataprocessor --toolchain-dir /var/run/com.apple.security.cryptexd/mnt/com.apple.MobileAsset.MetalToolchain-v17.6.109.0.PEdrhZ/Metal.xctoolchain --module-name EwcProbe --sdk-root /Applications/Xcode_26.6.app/Contents/Developer/Platforms/iPhoneSimulator.platform/Developer/SDKs/iPhoneSimulator26.5.sdk --xcode-version 17F113 --platform-family iOS --deployment-target 17.0 --bundle-identifier io.orbitd.ewcprobe --output /Users/runner/work/orbit/orbit/.ewc-probe/.dd-ios/Build/Products/Debug-iphonesimulator/EwcProbe.app --target-triple arm64-apple-ios17.0-simulator --binary-file /Users/runner/work/orbit/orbit/.ewc-probe/.dd-ios/Build/Products/Debug-iphonesimulator/EwcProbe.app/EwcProbe --dependency-file /Users/runner/work/orbit/orbit/.ewc-probe/.dd-ios/Build/Intermediates.noindex/EwcProbe.build/Debug-iphonesimulator/EwcProbe.build/Objects-normal/arm64/EwcProbe_dependency_info.dat --stringsdata-file /Users/runner/work/orbit/orbit/.ewc-probe/.dd-ios/Build/Intermediates.noindex/EwcProbe.build/Debug-iphonesimulator/EwcProbe.build/Objects-normal/arm64/ExtractedAppShortcutsMetadata.stringsdata --source-file-list /Users/runner/work/orbit/orbit/.ewc-probe/.dd-ios/Build/Intermediates.noindex/EwcProbe.build/Debug-iphonesimulator/EwcProbe.build/Objects-normal/arm64/EwcProbe.SwiftFileList --metadata-file-list /Users/runner/work/orbit/orbit/.ewc-probe/.dd-ios/Build/Intermediates.noindex/EwcProbe.build/Debug-iphonesimulator/EwcProbe.build/EwcProbe.DependencyMetadataFileList --static-metadata-file-list /Users/runner/work/orbit/orbit/.ewc-probe/.dd-ios/Build/Intermediates.noindex/EwcProbe.build/Debug-iphonesimulator/EwcProbe.build/EwcProbe.DependencyStaticMetadataFileList --swift-const-vals-list /Users/runner/work/orbit/orbit/.ewc-probe/.dd-ios/Build/Intermediates.noindex/EwcProbe.build/Debug-iphonesimulator/EwcProbe.build/Objects-normal/arm64/EwcProbe.SwiftConstValuesFileList --compile-time-extraction --deployment-aware-processing --validate-assistant-intents --no-app-shortcuts-localization
2026-10-09 21:49:47.378 appintentsmetadataprocessor[14428:46855] Starting appintentsmetadataprocessor export
2026-10-09 21:49:47.480 appintentsmetadataprocessor[14428:46855] warning: Metadata extraction skipped. No AppIntents.framework dependency found.

AppIntentsSSUTraining (in target 'EwcProbe' from project 'EwcProbe')
    cd /Users/runner/work/orbit/orbit/.ewc-probe
    /Applications/Xcode_26.6.app/Contents/Developer/Toolchains/XcodeDefault.xctoolchain/usr/bin/appintentsnltrainingprocessor --infoplist-path /Users/runner/work/orbit/orbit/.ewc-probe/.dd-ios/Build/Products/Debug-iphonesimulator/EwcProbe.app/Info.plist --temp-dir-path /Users/runner/work/orbit/orbit/.ewc-probe/.dd-ios/Build/Intermediates.noindex/EwcProbe.build/Debug-iphonesimulator/EwcProbe.build/ssu --bundle-id io.orbitd.ewcprobe --product-path /Users/runner/work/orbit/orbit/.ewc-probe/.dd-ios/Build/Products/Debug-iphonesimulator/EwcProbe.app --extracted-metadata-path /Users/runner/work/orbit/orbit/.ewc-probe/.dd-ios/Build/Products/Debug-iphonesimulator/EwcProbe.app/Metadata.appintents --metadata-file-list /Users/runner/work/orbit/orbit/.ewc-probe/.dd-ios/Build/Intermediates.noindex/EwcProbe.build/Debug-iphonesimulator/EwcProbe.build/EwcProbe.DependencyMetadataFileList --source-file /Users/runner/work/orbit/orbit/.ewc-probe/.dd-ios/Build/Products/Debug-iphonesimulator/EwcProbe.app/Info.plist --archive-ssu-assets
2026-10-09 21:49:47.563 appintentsnltrainingprocessor[14431:46868] Parsing options for appintentsnltrainingprocessor
2026-10-09 21:49:47.564 appintentsnltrainingprocessor[14431:46868] Starting AppIntents SSU YAML Generation
2026-10-09 21:49:47.569 appintentsnltrainingprocessor[14431:46868] No AppShortcuts found - Skipping.

CodeSign /Users/runner/work/orbit/orbit/.ewc-probe/.dd-ios/Build/Products/Debug-iphonesimulator/EwcProbe.app/EwcProbe.debug.dylib (in target 'EwcProbe' from project 'EwcProbe')
    cd /Users/runner/work/orbit/orbit/.ewc-probe
    
    Signing Identity:     "Sign to Run Locally"
    
    /usr/bin/codesign --force --sign - --timestamp\=none --generate-entitlement-der /Users/runner/work/orbit/orbit/.ewc-probe/.dd-ios/Build/Products/Debug-iphonesimulator/EwcProbe.app/EwcProbe.debug.dylib

CodeSign /Users/runner/work/orbit/orbit/.ewc-probe/.dd-ios/Build/Products/Debug-iphonesimulator/EwcProbe.app/__preview.dylib (in target 'EwcProbe' from project 'EwcProbe')
    cd /Users/runner/work/orbit/orbit/.ewc-probe
    
    Signing Identity:     "Sign to Run Locally"
    
    /usr/bin/codesign --force --sign - --timestamp\=none --generate-entitlement-der /Users/runner/work/orbit/orbit/.ewc-probe/.dd-ios/Build/Products/Debug-iphonesimulator/EwcProbe.app/__preview.dylib

CodeSign /Users/runner/work/orbit/orbit/.ewc-probe/.dd-ios/Build/Products/Debug-iphonesimulator/EwcProbe.app (in target 'EwcProbe' from project 'EwcProbe')
    cd /Users/runner/work/orbit/orbit/.ewc-probe
    
    Signing Identity:     "Sign to Run Locally"
    
    /usr/bin/codesign --force --sign - --timestamp\=none --generate-entitlement-der /Users/runner/work/orbit/orbit/.ewc-probe/.dd-ios/Build/Products/Debug-iphonesimulator/EwcProbe.app

RegisterExecutionPolicyException /Users/runner/work/orbit/orbit/.ewc-probe/.dd-ios/Build/Products/Debug-iphonesimulator/EwcProbe.app (in target 'EwcProbe' from project 'EwcProbe')
    cd /Users/runner/work/orbit/orbit/.ewc-probe
    builtin-RegisterExecutionPolicyException /Users/runner/work/orbit/orbit/.ewc-probe/.dd-ios/Build/Products/Debug-iphonesimulator/EwcProbe.app

Validate /Users/runner/work/orbit/orbit/.ewc-probe/.dd-ios/Build/Products/Debug-iphonesimulator/EwcProbe.app (in target 'EwcProbe' from project 'EwcProbe')
    cd /Users/runner/work/orbit/orbit/.ewc-probe
    builtin-validationUtility /Users/runner/work/orbit/orbit/.ewc-probe/.dd-ios/Build/Products/Debug-iphonesimulator/EwcProbe.app -shallow-bundle -infoplist-subpath Info.plist

Touch /Users/runner/work/orbit/orbit/.ewc-probe/.dd-ios/Build/Products/Debug-iphonesimulator/EwcProbe.app (in target 'EwcProbe' from project 'EwcProbe')
    cd /Users/runner/work/orbit/orbit/.ewc-probe
    /usr/bin/touch -c /Users/runner/work/orbit/orbit/.ewc-probe/.dd-ios/Build/Products/Debug-iphonesimulator/EwcProbe.app

ProcessInfoPlistFile /Users/runner/work/orbit/orbit/.ewc-probe/.dd-ios/Build/Products/Debug-iphonesimulator/EwcProbeUITests-Runner.app/PlugIns/EwcProbeUITests.xctest/Info.plist /Users/runner/work/orbit/orbit/.ewc-probe/.dd-ios/Build/Intermediates.noindex/EwcProbe.build/Debug-iphonesimulator/EwcProbeUITests.build/empty-EwcProbeUITests.plist (in target 'EwcProbeUITests' from project 'EwcProbe')
    cd /Users/runner/work/orbit/orbit/.ewc-probe
    builtin-infoPlistUtility /Users/runner/work/orbit/orbit/.ewc-probe/.dd-ios/Build/Intermediates.noindex/EwcProbe.build/Debug-iphonesimulator/EwcProbeUITests.build/empty-EwcProbeUITests.plist -producttype com.apple.product-type.bundle.ui-testing -expandbuildsettings -format binary -platform iphonesimulator -additionalcontentfile /Users/runner/work/orbit/orbit/.ewc-probe/.dd-ios/Build/Intermediates.noindex/EwcProbe.build/Debug-iphonesimulator/EwcProbeUITests.build/ProductTypeInfoPlistAdditions.plist -o /Users/runner/work/orbit/orbit/.ewc-probe/.dd-ios/Build/Products/Debug-iphonesimulator/EwcProbeUITests-Runner.app/PlugIns/EwcProbeUITests.xctest/Info.plist

Ld /Users/runner/work/orbit/orbit/.ewc-probe/.dd-ios/Build/Products/Debug-iphonesimulator/EwcProbeUITests-Runner.app/PlugIns/EwcProbeUITests.xctest/EwcProbeUITests normal (in target 'EwcProbeUITests' from project 'EwcProbe')
    cd /Users/runner/work/orbit/orbit/.ewc-probe
    /Applications/Xcode_26.6.app/Contents/Developer/Toolchains/XcodeDefault.xctoolchain/usr/bin/clang -Xlinker -reproducible -target arm64-apple-ios17.0-simulator -bundle -isysroot /Applications/Xcode_26.6.app/Contents/Developer/Platforms/iPhoneSimulator.platform/Developer/SDKs/iPhoneSimulator26.5.sdk -O0 -L/Users/runner/work/orbit/orbit/.ewc-probe/.dd-ios/Build/Intermediates.noindex/EagerLinkingTBDs/Debug-iphonesimulator -L/Users/runner/work/orbit/orbit/.ewc-probe/.dd-ios/Build/Products/Debug-iphonesimulator -L/Applications/Xcode_26.6.app/Contents/Developer/Platforms/iPhoneSimulator.platform/Developer/usr/lib -F/Users/runner/work/orbit/orbit/.ewc-probe/.dd-ios/Build/Intermediates.noindex/EagerLinkingTBDs/Debug-iphonesimulator -F/Users/runner/work/orbit/orbit/.ewc-probe/.dd-ios/Build/Products/Debug-iphonesimulator -iframework /Applications/Xcode_26.6.app/Contents/Developer/Platforms/iPhoneSimulator.platform/Developer/Library/Frameworks -iframework /Applications/Xcode_26.6.app/Contents/Developer/Platforms/iPhoneSimulator.platform/Developer/SDKs/iPhoneSimulator26.5.sdk/Developer/Library/Frameworks -filelist /Users/runner/work/orbit/orbit/.ewc-probe/.dd-ios/Build/Intermediates.noindex/EwcProbe.build/Debug-iphonesimulator/EwcProbeUITests.build/Objects-normal/arm64/EwcProbeUITests.LinkFileList -Xlinker -rpath -Xlinker /usr/lib/swift -Xlinker -rpath -Xlinker @loader_path/Frameworks -Xlinker -rpath -Xlinker @executable_path/Frameworks -Xlinker -dead_strip -Xlinker -object_path_lto -Xlinker /Users/runner/work/orbit/orbit/.ewc-probe/.dd-ios/Build/Intermediates.noindex/EwcProbe.build/Debug-iphonesimulator/EwcProbeUITests.build/Objects-normal/arm64/EwcProbeUITests_lto.o -rdynamic -Xlinker -no_deduplicate -Xlinker -objc_abi_version -Xlinker 2 -Xlinker -dependency_info -Xlinker /Users/runner/work/orbit/orbit/.ewc-probe/.dd-ios/Build/Intermediates.noindex/EwcProbe.build/Debug-iphonesimulator/EwcProbeUITests.build/Objects-normal/arm64/EwcProbeUITests_dependency_info.dat -fobjc-link-runtime -L/Applications/Xcode_26.6.app/Contents/Developer/Toolchains/XcodeDefault.xctoolchain/usr/lib/swift/iphonesimulator -L/usr/lib/swift -Xlinker -add_ast_path -Xlinker /Users/runner/work/orbit/orbit/.ewc-probe/.dd-ios/Build/Intermediates.noindex/EwcProbe.build/Debug-iphonesimulator/EwcProbeUITests.build/Objects-normal/arm64/EwcProbeUITests.swiftmodule @/Users/runner/work/orbit/orbit/.ewc-probe/.dd-ios/Build/Intermediates.noindex/EwcProbe.build/Debug-iphonesimulator/EwcProbeUITests.build/Objects-normal/arm64/EwcProbeUITests-linker-args.resp -Xlinker -needed_framework -Xlinker XCTest -framework XCTest -Xlinker -needed-lXCTestSwiftSupport -lXCTestSwiftSupport -Xlinker -sectcreate -Xlinker __TEXT -Xlinker __entitlements -Xlinker /Users/runner/work/orbit/orbit/.ewc-probe/.dd-ios/Build/Intermediates.noindex/EwcProbe.build/Debug-iphonesimulator/EwcProbeUITests.build/EwcProbeUITests.xctest-Simulated.xcent -Xlinker -sectcreate -Xlinker __TEXT -Xlinker __ents_der -Xlinker /Users/runner/work/orbit/orbit/.ewc-probe/.dd-ios/Build/Intermediates.noindex/EwcProbe.build/Debug-iphonesimulator/EwcProbeUITests.build/EwcProbeUITests.xctest-Simulated.xcent.der -Xlinker -no_adhoc_codesign -o /Users/runner/work/orbit/orbit/.ewc-probe/.dd-ios/Build/Products/Debug-iphonesimulator/EwcProbeUITests-Runner.app/PlugIns/EwcProbeUITests.xctest/EwcProbeUITests

CopySwiftLibs /Users/runner/work/orbit/orbit/.ewc-probe/.dd-ios/Build/Products/Debug-iphonesimulator/EwcProbeUITests-Runner.app/PlugIns/EwcProbeUITests.xctest (in target 'EwcProbeUITests' from project 'EwcProbe')
    cd /Users/runner/work/orbit/orbit/.ewc-probe
    builtin-swiftStdLibTool --copy --verbose --sign - --scan-executable /Users/runner/work/orbit/orbit/.ewc-probe/.dd-ios/Build/Products/Debug-iphonesimulator/EwcProbeUITests-Runner.app/PlugIns/EwcProbeUITests.xctest/EwcProbeUITests --scan-folder /Users/runner/work/orbit/orbit/.ewc-probe/.dd-ios/Build/Products/Debug-iphonesimulator/EwcProbeUITests-Runner.app/PlugIns/EwcProbeUITests.xctest/Frameworks --scan-folder /Users/runner/work/orbit/orbit/.ewc-probe/.dd-ios/Build/Products/Debug-iphonesimulator/EwcProbeUITests-Runner.app/PlugIns/EwcProbeUITests.xctest/PlugIns --scan-folder /Users/runner/work/orbit/orbit/.ewc-probe/.dd-ios/Build/Products/Debug-iphonesimulator/EwcProbeUITests-Runner.app/PlugIns/EwcProbeUITests.xctest/SystemExtensions --scan-folder /Users/runner/work/orbit/orbit/.ewc-probe/.dd-ios/Build/Products/Debug-iphonesimulator/EwcProbeUITests-Runner.app/PlugIns/EwcProbeUITests.xctest/Extensions --platform iphonesimulator --toolchain /var/run/com.apple.security.cryptexd/mnt/com.apple.MobileAsset.MetalToolchain-v17.6.109.0.PEdrhZ/Metal.xctoolchain --toolchain /Applications/Xcode_26.6.app/Contents/Developer/Toolchains/XcodeDefault.xctoolchain --destination /Users/runner/work/orbit/orbit/.ewc-probe/.dd-ios/Build/Products/Debug-iphonesimulator/EwcProbeUITests-Runner.app/PlugIns/EwcProbeUITests.xctest/Frameworks --strip-bitcode --scan-executable /Applications/Xcode_26.6.app/Contents/Developer/Platforms/iPhoneSimulator.platform/Developer/usr/lib/libXCTestSwiftSupport.dylib --strip-bitcode-tool /Applications/Xcode_26.6.app/Contents/Developer/Toolchains/XcodeDefault.xctoolchain/usr/bin/bitcode_strip --emit-dependency-info /Users/runner/work/orbit/orbit/.ewc-probe/.dd-ios/Build/Intermediates.noindex/EwcProbe.build/Debug-iphonesimulator/EwcProbeUITests.build/SwiftStdLibToolInputDependencies.dep --filter-for-swift-os

ExtractAppIntentsMetadata (in target 'EwcProbeUITests' from project 'EwcProbe')
    cd /Users/runner/work/orbit/orbit/.ewc-probe
    /Applications/Xcode_26.6.app/Contents/Developer/Toolchains/XcodeDefault.xctoolchain/usr/bin/appintentsmetadataprocessor --toolchain-dir /var/run/com.apple.security.cryptexd/mnt/com.apple.MobileAsset.MetalToolchain-v17.6.109.0.PEdrhZ/Metal.xctoolchain --module-name EwcProbeUITests --sdk-root /Applications/Xcode_26.6.app/Contents/Developer/Platforms/iPhoneSimulator.platform/Developer/SDKs/iPhoneSimulator26.5.sdk --xcode-version 17F113 --platform-family iOS --deployment-target 17.0 --bundle-identifier io.orbitd.ewcprobe.uitests --output /Users/runner/work/orbit/orbit/.ewc-probe/.dd-ios/Build/Products/Debug-iphonesimulator/EwcProbeUITests-Runner.app/PlugIns/EwcProbeUITests.xctest --target-triple arm64-apple-ios17.0-simulator --binary-file /Users/runner/work/orbit/orbit/.ewc-probe/.dd-ios/Build/Products/Debug-iphonesimulator/EwcProbeUITests-Runner.app/PlugIns/EwcProbeUITests.xctest/EwcProbeUITests --dependency-file /Users/runner/work/orbit/orbit/.ewc-probe/.dd-ios/Build/Intermediates.noindex/EwcProbe.build/Debug-iphonesimulator/EwcProbeUITests.build/Objects-normal/arm64/EwcProbeUITests_dependency_info.dat --stringsdata-file /Users/runner/work/orbit/orbit/.ewc-probe/.dd-ios/Build/Intermediates.noindex/EwcProbe.build/Debug-iphonesimulator/EwcProbeUITests.build/Objects-normal/arm64/ExtractedAppShortcutsMetadata.stringsdata --source-file-list /Users/runner/work/orbit/orbit/.ewc-probe/.dd-ios/Build/Intermediates.noindex/EwcProbe.build/Debug-iphonesimulator/EwcProbeUITests.build/Objects-normal/arm64/EwcProbeUITests.SwiftFileList --metadata-file-list /Users/runner/work/orbit/orbit/.ewc-probe/.dd-ios/Build/Intermediates.noindex/EwcProbe.build/Debug-iphonesimulator/EwcProbeUITests.build/EwcProbeUITests.DependencyMetadataFileList --static-metadata-file-list /Users/runner/work/orbit/orbit/.ewc-probe/.dd-ios/Build/Intermediates.noindex/EwcProbe.build/Debug-iphonesimulator/EwcProbeUITests.build/EwcProbeUITests.DependencyStaticMetadataFileList --swift-const-vals-list /Users/runner/work/orbit/orbit/.ewc-probe/.dd-ios/Build/Intermediates.noindex/EwcProbe.build/Debug-iphonesimulator/EwcProbeUITests.build/Objects-normal/arm64/EwcProbeUITests.SwiftConstValuesFileList --compile-time-extraction --deployment-aware-processing --validate-assistant-intents --no-app-shortcuts-localization
2026-10-09 21:49:49.000 appintentsmetadataprocessor[14439:46921] Starting appintentsmetadataprocessor export
2026-10-09 21:49:49.005 appintentsmetadataprocessor[14439:46921] warning: Metadata extraction skipped. No AppIntents.framework dependency found.

AppIntentsSSUTraining (in target 'EwcProbeUITests' from project 'EwcProbe')
    cd /Users/runner/work/orbit/orbit/.ewc-probe
    /Applications/Xcode_26.6.app/Contents/Developer/Toolchains/XcodeDefault.xctoolchain/usr/bin/appintentsnltrainingprocessor --infoplist-path /Users/runner/work/orbit/orbit/.ewc-probe/.dd-ios/Build/Products/Debug-iphonesimulator/EwcProbeUITests-Runner.app/PlugIns/EwcProbeUITests.xctest/Info.plist --temp-dir-path /Users/runner/work/orbit/orbit/.ewc-probe/.dd-ios/Build/Intermediates.noindex/EwcProbe.build/Debug-iphonesimulator/EwcProbeUITests.build/ssu --bundle-id io.orbitd.ewcprobe.uitests --product-path /Users/runner/work/orbit/orbit/.ewc-probe/.dd-ios/Build/Products/Debug-iphonesimulator/EwcProbeUITests-Runner.app/PlugIns/EwcProbeUITests.xctest --extracted-metadata-path /Users/runner/work/orbit/orbit/.ewc-probe/.dd-ios/Build/Products/Debug-iphonesimulator/EwcProbeUITests-Runner.app/PlugIns/EwcProbeUITests.xctest/Metadata.appintents --metadata-file-list /Users/runner/work/orbit/orbit/.ewc-probe/.dd-ios/Build/Intermediates.noindex/EwcProbe.build/Debug-iphonesimulator/EwcProbeUITests.build/EwcProbeUITests.DependencyMetadataFileList --source-file /Users/runner/work/orbit/orbit/.ewc-probe/.dd-ios/Build/Products/Debug-iphonesimulator/EwcProbeUITests-Runner.app/PlugIns/EwcProbeUITests.xctest/Info.plist --archive-ssu-assets
2026-10-09 21:49:49.044 appintentsnltrainingprocessor[14440:46926] Parsing options for appintentsnltrainingprocessor
2026-10-09 21:49:49.045 appintentsnltrainingprocessor[14440:46926] Starting AppIntents SSU YAML Generation
2026-10-09 21:49:49.045 appintentsnltrainingprocessor[14440:46926] No AppShortcuts found - Skipping.

MkDir /Users/runner/work/orbit/orbit/.ewc-probe/.dd-ios/Build/Products/Debug-iphonesimulator/EwcProbeUITests-Runner.app (in target 'EwcProbeUITests' from project 'EwcProbe')
    cd /Users/runner/work/orbit/orbit/.ewc-probe
    /bin/mkdir -p /Users/runner/work/orbit/orbit/.ewc-probe/.dd-ios/Build/Products/Debug-iphonesimulator/EwcProbeUITests-Runner.app

CopyPlistFile /Users/runner/work/orbit/orbit/.ewc-probe/.dd-ios/Build/Products/Debug-iphonesimulator/EwcProbeUITests-Runner.app/Info.plist /Applications/Xcode_26.6.app/Contents/Developer/Platforms/iPhoneSimulator.platform/Developer/Library/Xcode/Agents/XCTRunner.app/Info.plist (in target 'EwcProbeUITests' from project 'EwcProbe')
    cd /Users/runner/work/orbit/orbit/.ewc-probe
    builtin-copyPlist --validate --convert xml1 --macro-expansion WRAPPEDPRODUCTNAME EwcProbeUITests-Runner --macro-expansion WRAPPEDPRODUCTBUNDLEIDENTIFIER io.orbitd.ewcprobe.uitests.xctrunner --macro-expansion TESTPRODUCTNAME EwcProbeUITests --macro-expansion TESTPRODUCTBUNDLEIDENTIFIER io.orbitd.ewcprobe.uitests --copy-value UIDeviceFamily /Users/runner/work/orbit/orbit/.ewc-probe/.dd-ios/Build/Products/Debug-iphonesimulator/EwcProbeUITests-Runner.app/PlugIns/EwcProbeUITests.xctest/Info.plist --outdir /Users/runner/work/orbit/orbit/.ewc-probe/.dd-ios/Build/Products/Debug-iphonesimulator/EwcProbeUITests-Runner.app -- /Applications/Xcode_26.6.app/Contents/Developer/Platforms/iPhoneSimulator.platform/Developer/Library/Xcode/Agents/XCTRunner.app/Info.plist

CopyAndPreserveArchs /Users/runner/work/orbit/orbit/.ewc-probe/.dd-ios/Build/Products/Debug-iphonesimulator/EwcProbeUITests-Runner.app/EwcProbeUITests-Runner (in target 'EwcProbeUITests' from project 'EwcProbe')
    cd /Users/runner/work/orbit/orbit/.ewc-probe
    /Applications/Xcode_26.6.app/Contents/Developer/Toolchains/XcodeDefault.xctoolchain/usr/bin/lipo /Applications/Xcode_26.6.app/Contents/Developer/Platforms/iPhoneSimulator.platform/Developer/Library/Xcode/Agents/XCTRunner.app/XCTRunner -output /Users/runner/work/orbit/orbit/.ewc-probe/.dd-ios/Build/Products/Debug-iphonesimulator/EwcProbeUITests-Runner.app/EwcProbeUITests-Runner -extract arm64

Copy /Users/runner/work/orbit/orbit/.ewc-probe/.dd-ios/Build/Products/Debug-iphonesimulator/EwcProbeUITests-Runner.app/PkgInfo /Applications/Xcode_26.6.app/Contents/Developer/Platforms/iPhoneSimulator.platform/Developer/Library/Xcode/Agents/XCTRunner.app/PkgInfo (in target 'EwcProbeUITests' from project 'EwcProbe')
    cd /Users/runner/work/orbit/orbit/.ewc-probe
    builtin-copy -exclude .DS_Store -exclude CVS -exclude .svn -exclude .git -exclude .hg -resolve-src-symlinks /Applications/Xcode_26.6.app/Contents/Developer/Platforms/iPhoneSimulator.platform/Developer/Library/Xcode/Agents/XCTRunner.app/PkgInfo /Users/runner/work/orbit/orbit/.ewc-probe/.dd-ios/Build/Products/Debug-iphonesimulator/EwcProbeUITests-Runner.app

Copy /Users/runner/work/orbit/orbit/.ewc-probe/.dd-ios/Build/Products/Debug-iphonesimulator/EwcProbeUITests-Runner.app/Frameworks/libXCTestSwiftSupport.dylib /Applications/Xcode_26.6.app/Contents/Developer/Platforms/iPhoneSimulator.platform/Developer/usr/lib/libXCTestSwiftSupport.dylib (in target 'EwcProbeUITests' from project 'EwcProbe')
    cd /Users/runner/work/orbit/orbit/.ewc-probe
    builtin-copy -exclude .DS_Store -exclude CVS -exclude .svn -exclude .git -exclude .hg -exclude Headers -exclude PrivateHeaders -exclude Modules -exclude \*.tbd -resolve-src-symlinks /Applications/Xcode_26.6.app/Contents/Developer/Platforms/iPhoneSimulator.platform/Developer/usr/lib/libXCTestSwiftSupport.dylib /Users/runner/work/orbit/orbit/.ewc-probe/.dd-ios/Build/Products/Debug-iphonesimulator/EwcProbeUITests-Runner.app/Frameworks

Copy /Users/runner/work/orbit/orbit/.ewc-probe/.dd-ios/Build/Products/Debug-iphonesimulator/EwcProbeUITests-Runner.app/Frameworks/XCUnit.framework /Applications/Xcode_26.6.app/Contents/Developer/Platforms/iPhoneSimulator.platform/Developer/Library/PrivateFrameworks/XCUnit.framework (in target 'EwcProbeUITests' from project 'EwcProbe')
    cd /Users/runner/work/orbit/orbit/.ewc-probe
    builtin-copy -exclude .DS_Store -exclude CVS -exclude .svn -exclude .git -exclude .hg -exclude Headers -exclude PrivateHeaders -exclude Modules -exclude \*.tbd -resolve-src-symlinks /Applications/Xcode_26.6.app/Contents/Developer/Platforms/iPhoneSimulator.platform/Developer/Library/PrivateFrameworks/XCUnit.framework /Users/runner/work/orbit/orbit/.ewc-probe/.dd-ios/Build/Products/Debug-iphonesimulator/EwcProbeUITests-Runner.app/Frameworks

Copy /Users/runner/work/orbit/orbit/.ewc-probe/.dd-ios/Build/Products/Debug-iphonesimulator/EwcProbeUITests-Runner.app/Frameworks/XCUIAutomation.framework /Applications/Xcode_26.6.app/Contents/Developer/Platforms/iPhoneSimulator.platform/Developer/Library/Frameworks/XCUIAutomation.framework (in target 'EwcProbeUITests' from project 'EwcProbe')
    cd /Users/runner/work/orbit/orbit/.ewc-probe
    builtin-copy -exclude .DS_Store -exclude CVS -exclude .svn -exclude .git -exclude .hg -exclude Headers -exclude PrivateHeaders -exclude Modules -exclude \*.tbd -resolve-src-symlinks /Applications/Xcode_26.6.app/Contents/Developer/Platforms/iPhoneSimulator.platform/Developer/Library/Frameworks/XCUIAutomation.framework /Users/runner/work/orbit/orbit/.ewc-probe/.dd-ios/Build/Products/Debug-iphonesimulator/EwcProbeUITests-Runner.app/Frameworks

Copy /Users/runner/work/orbit/orbit/.ewc-probe/.dd-ios/Build/Products/Debug-iphonesimulator/EwcProbeUITests-Runner.app/Frameworks/XCTestSupport.framework /Applications/Xcode_26.6.app/Contents/Developer/Platforms/iPhoneSimulator.platform/Developer/Library/PrivateFrameworks/XCTestSupport.framework (in target 'EwcProbeUITests' from project 'EwcProbe')
    cd /Users/runner/work/orbit/orbit/.ewc-probe
    builtin-copy -exclude .DS_Store -exclude CVS -exclude .svn -exclude .git -exclude .hg -exclude Headers -exclude PrivateHeaders -exclude Modules -exclude \*.tbd -resolve-src-symlinks /Applications/Xcode_26.6.app/Contents/Developer/Platforms/iPhoneSimulator.platform/Developer/Library/PrivateFrameworks/XCTestSupport.framework /Users/runner/work/orbit/orbit/.ewc-probe/.dd-ios/Build/Products/Debug-iphonesimulator/EwcProbeUITests-Runner.app/Frameworks

Copy /Users/runner/work/orbit/orbit/.ewc-probe/.dd-ios/Build/Products/Debug-iphonesimulator/EwcProbeUITests-Runner.app/Frameworks/XCTestCore.framework /Applications/Xcode_26.6.app/Contents/Developer/Platforms/iPhoneSimulator.platform/Developer/Library/PrivateFrameworks/XCTestCore.framework (in target 'EwcProbeUITests' from project 'EwcProbe')
    cd /Users/runner/work/orbit/orbit/.ewc-probe
    builtin-copy -exclude .DS_Store -exclude CVS -exclude .svn -exclude .git -exclude .hg -exclude Headers -exclude PrivateHeaders -exclude Modules -exclude \*.tbd -resolve-src-symlinks /Applications/Xcode_26.6.app/Contents/Developer/Platforms/iPhoneSimulator.platform/Developer/Library/PrivateFrameworks/XCTestCore.framework /Users/runner/work/orbit/orbit/.ewc-probe/.dd-ios/Build/Products/Debug-iphonesimulator/EwcProbeUITests-Runner.app/Frameworks

Copy /Users/runner/work/orbit/orbit/.ewc-probe/.dd-ios/Build/Products/Debug-iphonesimulator/EwcProbeUITests-Runner.app/Frameworks/XCTest.framework /Applications/Xcode_26.6.app/Contents/Developer/Platforms/iPhoneSimulator.platform/Developer/Library/Frameworks/XCTest.framework (in target 'EwcProbeUITests' from project 'EwcProbe')
    cd /Users/runner/work/orbit/orbit/.ewc-probe
    builtin-copy -exclude .DS_Store -exclude CVS -exclude .svn -exclude .git -exclude .hg -exclude Headers -exclude PrivateHeaders -exclude Modules -exclude \*.tbd -resolve-src-symlinks /Applications/Xcode_26.6.app/Contents/Developer/Platforms/iPhoneSimulator.platform/Developer/Library/Frameworks/XCTest.framework /Users/runner/work/orbit/orbit/.ewc-probe/.dd-ios/Build/Products/Debug-iphonesimulator/EwcProbeUITests-Runner.app/Frameworks

Copy /Users/runner/work/orbit/orbit/.ewc-probe/.dd-ios/Build/Products/Debug-iphonesimulator/EwcProbeUITests-Runner.app/Frameworks/XCTAutomationSupport.framework /Applications/Xcode_26.6.app/Contents/Developer/Platforms/iPhoneSimulator.platform/Developer/Library/PrivateFrameworks/XCTAutomationSupport.framework (in target 'EwcProbeUITests' from project 'EwcProbe')
    cd /Users/runner/work/orbit/orbit/.ewc-probe
    builtin-copy -exclude .DS_Store -exclude CVS -exclude .svn -exclude .git -exclude .hg -exclude Headers -exclude PrivateHeaders -exclude Modules -exclude \*.tbd -resolve-src-symlinks /Applications/Xcode_26.6.app/Contents/Developer/Platforms/iPhoneSimulator.platform/Developer/Library/PrivateFrameworks/XCTAutomationSupport.framework /Users/runner/work/orbit/orbit/.ewc-probe/.dd-ios/Build/Products/Debug-iphonesimulator/EwcProbeUITests-Runner.app/Frameworks

Copy /Users/runner/work/orbit/orbit/.ewc-probe/.dd-ios/Build/Products/Debug-iphonesimulator/EwcProbeUITests-Runner.app/Frameworks/Testing.framework /Applications/Xcode_26.6.app/Contents/Developer/Platforms/iPhoneSimulator.platform/Developer/Library/Frameworks/Testing.framework (in target 'EwcProbeUITests' from project 'EwcProbe')
    cd /Users/runner/work/orbit/orbit/.ewc-probe
    builtin-copy -exclude .DS_Store -exclude CVS -exclude .svn -exclude .git -exclude .hg -exclude Headers -exclude PrivateHeaders -exclude Modules -exclude \*.tbd -resolve-src-symlinks /Applications/Xcode_26.6.app/Contents/Developer/Platforms/iPhoneSimulator.platform/Developer/Library/Frameworks/Testing.framework /Users/runner/work/orbit/orbit/.ewc-probe/.dd-ios/Build/Products/Debug-iphonesimulator/EwcProbeUITests-Runner.app/Frameworks

CodeSign /Users/runner/work/orbit/orbit/.ewc-probe/.dd-ios/Build/Products/Debug-iphonesimulator/EwcProbeUITests-Runner.app/PlugIns/EwcProbeUITests.xctest (in target 'EwcProbeUITests' from project 'EwcProbe')
    cd /Users/runner/work/orbit/orbit/.ewc-probe
    
    Signing Identity:     "Sign to Run Locally"
    
    /usr/bin/codesign --force --sign - --timestamp\=none --generate-entitlement-der /Users/runner/work/orbit/orbit/.ewc-probe/.dd-ios/Build/Products/Debug-iphonesimulator/EwcProbeUITests-Runner.app/PlugIns/EwcProbeUITests.xctest

CodeSign /Users/runner/work/orbit/orbit/.ewc-probe/.dd-ios/Build/Products/Debug-iphonesimulator/EwcProbeUITests-Runner.app (in target 'EwcProbeUITests' from project 'EwcProbe')
    cd /Users/runner/work/orbit/orbit/.ewc-probe
    
    Signing Identity:     "Sign to Run Locally"
    
    /usr/bin/codesign --force --sign - --timestamp\=none --generate-entitlement-der /Users/runner/work/orbit/orbit/.ewc-probe/.dd-ios/Build/Products/Debug-iphonesimulator/EwcProbeUITests-Runner.app
/Users/runner/work/orbit/orbit/.ewc-probe/.dd-ios/Build/Products/Debug-iphonesimulator/EwcProbeUITests-Runner.app: replacing existing signature

RegisterExecutionPolicyException /Users/runner/work/orbit/orbit/.ewc-probe/.dd-ios/Build/Products/Debug-iphonesimulator/EwcProbeUITests-Runner.app/PlugIns/EwcProbeUITests.xctest (in target 'EwcProbeUITests' from project 'EwcProbe')
    cd /Users/runner/work/orbit/orbit/.ewc-probe
    builtin-RegisterExecutionPolicyException /Users/runner/work/orbit/orbit/.ewc-probe/.dd-ios/Build/Products/Debug-iphonesimulator/EwcProbeUITests-Runner.app/PlugIns/EwcProbeUITests.xctest

Touch /Users/runner/work/orbit/orbit/.ewc-probe/.dd-ios/Build/Products/Debug-iphonesimulator/EwcProbeUITests-Runner.app/PlugIns/EwcProbeUITests.xctest (in target 'EwcProbeUITests' from project 'EwcProbe')
    cd /Users/runner/work/orbit/orbit/.ewc-probe
    /usr/bin/touch -c /Users/runner/work/orbit/orbit/.ewc-probe/.dd-ios/Build/Products/Debug-iphonesimulator/EwcProbeUITests-Runner.app/PlugIns/EwcProbeUITests.xctest

** TEST BUILD SUCCEEDED **

Command line invocation:
    /Applications/Xcode_26.6.app/Contents/Developer/usr/bin/xcodebuild test-without-building -project EwcProbe.xcodeproj -scheme EwcProbe -destination id=22452A91-4697-4369-8812-53ADB77EB73B -derivedDataPath .dd-ios -resultBundlePath results/test1QueuedSheetAndSentLight.xcresult -only-testing EwcProbeUITests/QueueShotTests/test1QueuedSheetAndSentLight CODE_SIGNING_ALLOWED=YES CODE_SIGN_IDENTITY=-

Build settings from command line:
    CODE_SIGN_IDENTITY = -
    CODE_SIGNING_ALLOWED = YES

Resolve Package Graph


Resolved source packages:
  cmark-gfm: https://github.com/swiftlang/swift-cmark.git @ 0.9.0
  OrbitKit: /Users/runner/work/orbit/orbit/src/macos/OrbitKit
  swift-markdown: https://github.com/apple/swift-markdown @ 0.9.0

Writing result bundle at path:
	/Users/runner/work/orbit/orbit/.ewc-probe/results/test1QueuedSheetAndSentLight.xcresult

--- xcodebuild: WARNING: Using the first of multiple matching destinations:
{ platform:iOS Simulator, arch:arm64, id:22452A91-4697-4369-8812-53ADB77EB73B, OS:26.5, name:iPhone 17 Pro }
{ platform:iOS Simulator, arch:x86_64, id:22452A91-4697-4369-8812-53ADB77EB73B, OS:26.5, name:iPhone 17 Pro }
2026-10-09 21:50:57.245332+0000 EwcProbeUITests-Runner[17020:53620] [Default] Running tests...
objc[17020]: Class UIAccessibilityLoaderWebShared is implemented in both /Library/Developer/CoreSimulator/Volumes/iOS_23F77/Library/Developer/CoreSimulator/Profiles/Runtimes/iOS 26.5.simruntime/Contents/Resources/RuntimeRoot/System/Library/AccessibilityBundles/WebCore.axbundle/WebCore (0x107d28310) and /Library/Developer/CoreSimulator/Volumes/iOS_23F77/Library/Developer/CoreSimulator/Profiles/Runtimes/iOS 26.5.simruntime/Contents/Resources/RuntimeRoot/System/Library/AccessibilityBundles/WebKit.axbundle/WebKit (0x108590398). This may cause spurious casting failures and mysterious crashes. One of the duplicates must be removed or renamed.
    t =      nans Interface orientation changed to Portrait
Test Suite 'Selected tests' started at 2026-10-09 21:51:11.735.
Test Suite 'EwcProbeUITests.xctest' started at 2026-10-09 21:51:11.738.
Test Suite 'QueueShotTests' started at 2026-10-09 21:51:11.739.
Test Case '-[EwcProbeUITests.QueueShotTests test1QueuedSheetAndSentLight]' started.
    t =     0.00s Start Test at 2026-10-09 21:51:11.742
    t =     1.71s Set Up
    t =     2.03s Open io.orbitd.ewcprobe
    t =     2.03s     Launch io.orbitd.ewcprobe
2026-10-09 21:51:14.426 xcodebuild[15143:48741] [MT] IDELaunchParametersSnapshot: The operation couldn’t be completed. (DebuggerLLDB.DebuggerVersionStore.StoreError error 0.)
2026-10-09 21:51:14.426 xcodebuild[15143:48741] [MT] IDELaunchParametersSnapshot: no debugger version
    t =    23.06s         Setting up automation session
    t =    33.62s         Wait for io.orbitd.ewcprobe to idle
    t =    55.27s Checking existence of `Any (First Match)`
    t =    57.44s Checking existence of `Any (First Match)`
    t =    61.69s Checking existence of `Any (First Match)`
    t =    64.17s Checking existence of `Any (First Match)`
    t =    65.57s Checking existence of `Any (First Match)`
    t =    66.78s Checking existence of `Any (First Match)`
    t =    68.06s Checking existence of `Any (First Match)`
    t =    69.94s Checking existence of `Any (First Match)`
    t =    71.48s Checking existence of `Any (First Match)`
    t =    73.07s Checking existence of `Any (First Match)`
    t =    74.46s Checking existence of `Any (First Match)`
    t =    76.03s Checking existence of `Any (First Match)`
    t =    77.30s Checking existence of `Any (First Match)`
    t =    78.61s Checking existence of `Any (First Match)`
    t =    79.88s Checking existence of `Any (First Match)`
    t =    81.77s Checking existence of `Any (First Match)`
    t =    84.98s Checking existence of `Any (First Match)`
    t =    85.30s Checking existence of `Any (First Match)`
    t =    85.57s Checking existence of `Any (First Match)`
    t =    85.80s Checking existence of `Any (First Match)`
    t =    85.99s Checking existence of `Any (First Match)`
    t =    86.39s Checking existence of `Any (First Match)`
    t =    86.62s Checking existence of `Any (First Match)`
    t =    86.72s Checking existence of `Any (First Match)`
    t =    86.95s Checking existence of `Any (First Match)`
    t =    87.18s Checking existence of `Any (First Match)`
    t =    87.41s Checking existence of `Any (First Match)`
    t =    87.63s Get all elements bound by index for: Elements matching predicate 'label BEGINSWITH "Decide it myself"'
    t =    87.74s Checking existence of `Button (Element at index 0)`
    t =    87.83s Find the Button (Element at index 0)
    t =    88.05s Checking existence of `"Decide it myself" Button`
    t =    88.15s Find the "Decide it myself" Button
    t =    88.27s Find the "Decide it myself" Button
    t =    88.39s Checking existence of `"Decide it myself" Button`
    t =    88.49s Find the "Decide it myself" Button
    t =    88.59s Press Window (First Match)[0.03, 0.62] for 0.1 seconds, then drag to Window (First Match)[0.03, 0.62] -> (0.0, -140.0) with velocity of 250.00 pixels per second, and then hold for 0.6 seconds 
    t =    88.59s     Wait for io.orbitd.ewcprobe to idle
    t =    88.60s     Find the Window (First Match)
    t =    88.62s     Check for interrupting elements affecting Window
    t =    88.78s     Synthesize event
    t =    88.78s         Find the Window at {{0.0, 0.0}, {402.0, 874.0}}
    t =    88.81s         Find the Window at {{0.0, 0.0}, {402.0, 874.0}}
    t =    88.83s         Find the Window at {{0.0, 0.0}, {402.0, 874.0}}
    t =    88.86s         Find the Window at {{0.0, 0.0}, {402.0, 874.0}}
    t =    88.88s         Find the Window at {{0.0, 0.0}, {402.0, 874.0}}
    t =    90.49s     Wait for io.orbitd.ewcprobe to idle
    t =    91.51s Checking existence of `"Decide it myself" Button`
    t =    91.62s Find the "Decide it myself" Button
    t =    91.75s Find the "Decide it myself" Button
    t =    91.84s Checking existence of `"Decide it myself" Button`
    t =    91.95s Find the "Decide it myself" Button
    t =    92.07s Press Window at {{0.0, 0.0}, {402.0, 874.0}}[0.03, 0.62] for 0.1 seconds, then drag to Window at {{0.0, 0.0}, {402.0, 874.0}}[0.03, 0.62] -> (0.0, -140.0) with velocity of 250.00 pixels per second, and then hold for 0.6 seconds 
    t =    92.07s     Wait for io.orbitd.ewcprobe to idle
    t =    92.07s     Find the Window at {{0.0, 0.0}, {402.0, 874.0}}
    t =    92.12s     Check for interrupting elements affecting Window
    t =    92.23s     Synthesize event
    t =    92.23s         Find the Window at {{0.0, 0.0}, {402.0, 874.0}}
    t =    92.28s         Find the Window at {{0.0, 0.0}, {402.0, 874.0}}
    t =    92.32s         Find the Window at {{0.0, 0.0}, {402.0, 874.0}}
    t =    92.35s         Find the Window at {{0.0, 0.0}, {402.0, 874.0}}
    t =    92.39s         Find the Window at {{0.0, 0.0}, {402.0, 874.0}}
    t =    93.88s     Wait for io.orbitd.ewcprobe to idle
    t =    95.24s Checking existence of `"Decide it myself" Button`
    t =    95.35s Find the "Decide it myself" Button
    t =    95.45s Find the "Decide it myself" Button
    t =    95.54s Checking existence of `"Decide it myself" Button`
    t =    95.62s Find the "Decide it myself" Button
    t =    95.72s Press Window at {{0.0, 0.0}, {402.0, 874.0}}[0.03, 0.62] for 0.1 seconds, then drag to Window at {{0.0, 0.0}, {402.0, 874.0}}[0.03, 0.62] -> (0.0, -140.0) with velocity of 250.00 pixels per second, and then hold for 0.6 seconds 
    t =    95.72s     Wait for io.orbitd.ewcprobe to idle
    t =    95.72s     Find the Window at {{0.0, 0.0}, {402.0, 874.0}}
    t =    95.73s     Check for interrupting elements affecting Window
    t =    95.82s     Synthesize event
    t =    95.82s         Find the Window at {{0.0, 0.0}, {402.0, 874.0}}
    t =    95.85s         Find the Window at {{0.0, 0.0}, {402.0, 874.0}}
    t =    95.91s         Find the Window at {{0.0, 0.0}, {402.0, 874.0}}
    t =    95.95s         Find the Window at {{0.0, 0.0}, {402.0, 874.0}}
    t =    95.97s         Find the Window at {{0.0, 0.0}, {402.0, 874.0}}
    t =    97.44s     Wait for io.orbitd.ewcprobe to idle
    t =    98.83s Checking existence of `"Decide it myself" Button`
    t =    99.00s Find the "Decide it myself" Button
    t =    99.11s Find the "Decide it myself" Button
    t =    99.44s Checking existence of `"Decide it myself" Button`
    t =    99.56s Find the "Decide it myself" Button
    t =    99.71s Press Window at {{0.0, 0.0}, {402.0, 874.0}}[0.03, 0.62] for 0.1 seconds, then drag to Window at {{0.0, 0.0}, {402.0, 874.0}}[0.03, 0.62] -> (0.0, -140.0) with velocity of 250.00 pixels per second, and then hold for 0.6 seconds 
    t =    99.71s     Wait for io.orbitd.ewcprobe to idle
    t =    99.71s     Find the Window at {{0.0, 0.0}, {402.0, 874.0}}
    t =    99.76s     Check for interrupting elements affecting Window
    t =    99.89s     Synthesize event
    t =    99.89s         Find the Window at {{0.0, 0.0}, {402.0, 874.0}}
    t =    99.96s         Find the Window at {{0.0, 0.0}, {402.0, 874.0}}
    t =   100.06s         Find the Window at {{0.0, 0.0}, {402.0, 874.0}}
    t =   100.10s         Find the Window at {{0.0, 0.0}, {402.0, 874.0}}
    t =   100.19s         Find the Window at {{0.0, 0.0}, {402.0, 874.0}}
    t =   101.74s     Wait for io.orbitd.ewcprobe to idle
    t =   103.04s Checking existence of `"Decide it myself" Button`
    t =   103.20s Find the "Decide it myself" Button
    t =   103.39s Find the "Decide it myself" Button
    t =   103.49s Checking existence of `"Decide it myself" Button`
    t =   103.58s Find the "Decide it myself" Button
    t =   103.66s Press Window at {{0.0, 0.0}, {402.0, 874.0}}[0.03, 0.62] for 0.1 seconds, then drag to Window at {{0.0, 0.0}, {402.0, 874.0}}[0.03, 0.62] -> (0.0, -140.0) with velocity of 250.00 pixels per second, and then hold for 0.6 seconds 
    t =   103.66s     Wait for io.orbitd.ewcprobe to idle
    t =   103.66s     Find the Window at {{0.0, 0.0}, {402.0, 874.0}}
    t =   103.67s     Check for interrupting elements affecting Window
    t =   103.74s     Synthesize event
    t =   103.74s         Find the Window at {{0.0, 0.0}, {402.0, 874.0}}
    t =   103.75s         Find the Window at {{0.0, 0.0}, {402.0, 874.0}}
    t =   103.77s         Find the Window at {{0.0, 0.0}, {402.0, 874.0}}
    t =   103.78s         Find the Window at {{0.0, 0.0}, {402.0, 874.0}}
    t =   103.81s         Find the Window at {{0.0, 0.0}, {402.0, 874.0}}
    t =   105.29s     Wait for io.orbitd.ewcprobe to idle
    t =   106.65s Checking existence of `"Decide it myself" Button`
    t =   106.77s Find the "Decide it myself" Button
    t =   106.87s Find the "Decide it myself" Button
    t =   106.99s Checking existence of `"Decide it myself" Button`
    t =   107.09s Find the "Decide it myself" Button
    t =   107.18s Press Window at {{0.0, 0.0}, {402.0, 874.0}}[0.03, 0.62] for 0.1 seconds, then drag to Window at {{0.0, 0.0}, {402.0, 874.0}}[0.03, 0.62] -> (0.0, -140.0) with velocity of 250.00 pixels per second, and then hold for 0.6 seconds 
    t =   107.18s     Wait for io.orbitd.ewcprobe to idle
    t =   107.19s     Find the Window at {{0.0, 0.0}, {402.0, 874.0}}
    t =   107.20s     Check for interrupting elements affecting Window
    t =   107.27s     Synthesize event
    t =   107.27s         Find the Window at {{0.0, 0.0}, {402.0, 874.0}}
    t =   107.30s         Find the Window at {{0.0, 0.0}, {402.0, 874.0}}
    t =   107.32s         Find the Window at {{0.0, 0.0}, {402.0, 874.0}}
    t =   107.35s         Find the Window at {{0.0, 0.0}, {402.0, 874.0}}
    t =   107.40s         Find the Window at {{0.0, 0.0}, {402.0, 874.0}}
    t =   109.00s     Wait for io.orbitd.ewcprobe to idle
    t =   110.39s Checking existence of `"Decide it myself" Button`
    t =   110.54s Find the "Decide it myself" Button
    t =   110.66s Find the "Decide it myself" Button
    t =   110.80s Checking existence of `"Decide it myself" Button`
    t =   110.89s Find the "Decide it myself" Button
    t =   111.01s Press Window at {{0.0, 0.0}, {402.0, 874.0}}[0.03, 0.62] for 0.1 seconds, then drag to Window at {{0.0, 0.0}, {402.0, 874.0}}[0.03, 0.62] -> (0.0, -140.0) with velocity of 250.00 pixels per second, and then hold for 0.6 seconds 
    t =   111.02s     Wait for io.orbitd.ewcprobe to idle
    t =   111.02s     Find the Window at {{0.0, 0.0}, {402.0, 874.0}}
    t =   111.04s     Check for interrupting elements affecting Window
    t =   111.14s     Synthesize event
    t =   111.14s         Find the Window at {{0.0, 0.0}, {402.0, 874.0}}
    t =   111.17s         Find the Window at {{0.0, 0.0}, {402.0, 874.0}}
    t =   111.22s         Find the Window at {{0.0, 0.0}, {402.0, 874.0}}
    t =   111.25s         Find the Window at {{0.0, 0.0}, {402.0, 874.0}}
    t =   111.28s         Find the Window at {{0.0, 0.0}, {402.0, 874.0}}
    t =   112.80s     Wait for io.orbitd.ewcprobe to idle
    t =   114.21s Checking existence of `"Decide it myself" Button`
    t =   114.34s Find the "Decide it myself" Button
    t =   114.43s Find the "Decide it myself" Button
    t =   114.50s Checking existence of `"Decide it myself" Button`
    t =   114.62s Find the "Decide it myself" Button
    t =   114.76s Press Window at {{0.0, 0.0}, {402.0, 874.0}}[0.03, 0.62] for 0.1 seconds, then drag to Window at {{0.0, 0.0}, {402.0, 874.0}}[0.03, 0.62] -> (0.0, -140.0) with velocity of 250.00 pixels per second, and then hold for 0.6 seconds 
    t =   114.76s     Wait for io.orbitd.ewcprobe to idle
    t =   114.76s     Find the Window at {{0.0, 0.0}, {402.0, 874.0}}
    t =   114.81s     Check for interrupting elements affecting Window
    t =   114.93s     Synthesize event
    t =   114.93s         Find the Window at {{0.0, 0.0}, {402.0, 874.0}}
    t =   114.96s         Find the Window at {{0.0, 0.0}, {402.0, 874.0}}
    t =   115.00s         Find the Window at {{0.0, 0.0}, {402.0, 874.0}}
    t =   115.07s         Find the Window at {{0.0, 0.0}, {402.0, 874.0}}
    t =   115.12s         Find the Window at {{0.0, 0.0}, {402.0, 874.0}}
    t =   116.62s     Wait for io.orbitd.ewcprobe to idle
    t =   118.01s Checking existence of `"Decide it myself" Button`
    t =   118.12s Find the "Decide it myself" Button
    t =   118.19s Find the "Decide it myself" Button
    t =   118.26s Checking existence of `"Decide it myself" Button`
    t =   118.34s Find the "Decide it myself" Button
    t =   118.44s Press Window at {{0.0, 0.0}, {402.0, 874.0}}[0.03, 0.62] for 0.1 seconds, then drag to Window at {{0.0, 0.0}, {402.0, 874.0}}[0.03, 0.62] -> (0.0, -140.0) with velocity of 250.00 pixels per second, and then hold for 0.6 seconds 
    t =   118.44s     Wait for io.orbitd.ewcprobe to idle
    t =   118.44s     Find the Window at {{0.0, 0.0}, {402.0, 874.0}}
    t =   118.45s     Check for interrupting elements affecting Window
    t =   118.52s     Synthesize event
    t =   118.52s         Find the Window at {{0.0, 0.0}, {402.0, 874.0}}
    t =   118.54s         Find the Window at {{0.0, 0.0}, {402.0, 874.0}}
    t =   118.56s         Find the Window at {{0.0, 0.0}, {402.0, 874.0}}
    t =   118.58s         Find the Window at {{0.0, 0.0}, {402.0, 874.0}}
    t =   118.60s         Find the Window at {{0.0, 0.0}, {402.0, 874.0}}
    t =   120.07s     Wait for io.orbitd.ewcprobe to idle
    t =   121.45s Checking existence of `"Decide it myself" Button`
    t =   121.56s Find the "Decide it myself" Button
    t =   121.67s Find the "Decide it myself" Button
    t =   121.74s Checking existence of `"Decide it myself" Button`
    t =   121.82s Find the "Decide it myself" Button
    t =   121.92s Press Window at {{0.0, 0.0}, {402.0, 874.0}}[0.03, 0.62] for 0.1 seconds, then drag to Window at {{0.0, 0.0}, {402.0, 874.0}}[0.03, 0.62] -> (0.0, -140.0) with velocity of 250.00 pixels per second, and then hold for 0.6 seconds 
    t =   121.92s     Wait for io.orbitd.ewcprobe to idle
    t =   121.93s     Find the Window at {{0.0, 0.0}, {402.0, 874.0}}
    t =   121.94s     Check for interrupting elements affecting Window
    t =   122.01s     Synthesize event
    t =   122.01s         Find the Window at {{0.0, 0.0}, {402.0, 874.0}}
    t =   122.03s         Find the Window at {{0.0, 0.0}, {402.0, 874.0}}
    t =   122.04s         Find the Window at {{0.0, 0.0}, {402.0, 874.0}}
    t =   122.06s         Find the Window at {{0.0, 0.0}, {402.0, 874.0}}
    t =   122.07s         Find the Window at {{0.0, 0.0}, {402.0, 874.0}}
    t =   123.54s     Wait for io.orbitd.ewcprobe to idle
    t =   124.92s Checking existence of `"Decide it myself" Button`
    t =   125.02s Find the "Decide it myself" Button
    t =   125.12s Find the "Decide it myself" Button
    t =   125.23s Checking existence of `"Decide it myself" Button`
    t =   125.31s Find the "Decide it myself" Button
    t =   125.40s Press Window at {{0.0, 0.0}, {402.0, 874.0}}[0.03, 0.62] for 0.1 seconds, then drag to Window at {{0.0, 0.0}, {402.0, 874.0}}[0.03, 0.62] -> (0.0, -140.0) with velocity of 250.00 pixels per second, and then hold for 0.6 seconds 
    t =   125.40s     Wait for io.orbitd.ewcprobe to idle
    t =   125.42s     Find the Window at {{0.0, 0.0}, {402.0, 874.0}}
    t =   125.43s     Check for interrupting elements affecting Window
    t =   125.56s     Synthesize event
    t =   125.56s         Find the Window at {{0.0, 0.0}, {402.0, 874.0}}
    t =   125.58s         Find the Window at {{0.0, 0.0}, {402.0, 874.0}}
    t =   125.61s         Find the Window at {{0.0, 0.0}, {402.0, 874.0}}
    t =   125.63s         Find the Window at {{0.0, 0.0}, {402.0, 874.0}}
    t =   125.67s         Find the Window at {{0.0, 0.0}, {402.0, 874.0}}
    t =   127.19s     Wait for io.orbitd.ewcprobe to idle
    t =   128.59s Checking existence of `"Decide it myself" Button`
    t =   129.05s Find the "Decide it myself" Button
    t =   129.26s Find the "Decide it myself" Button
    t =   129.50s Checking existence of `"Decide it myself" Button`
    t =   129.83s Find the "Decide it myself" Button
    t =   129.97s Press Window at {{0.0, 0.0}, {402.0, 874.0}}[0.03, 0.62] for 0.1 seconds, then drag to Window at {{0.0, 0.0}, {402.0, 874.0}}[0.03, 0.62] -> (0.0, -140.0) with velocity of 250.00 pixels per second, and then hold for 0.6 seconds 
    t =   129.97s     Wait for io.orbitd.ewcprobe to idle
    t =   129.97s     Find the Window at {{0.0, 0.0}, {402.0, 874.0}}
    t =   129.99s     Check for interrupting elements affecting Window
    t =   130.08s     Synthesize event
    t =   130.08s         Find the Window at {{0.0, 0.0}, {402.0, 874.0}}
    t =   130.10s         Find the Window at {{0.0, 0.0}, {402.0, 874.0}}
    t =   130.13s         Find the Window at {{0.0, 0.0}, {402.0, 874.0}}
    t =   130.16s         Find the Window at {{0.0, 0.0}, {402.0, 874.0}}
    t =   130.19s         Find the Window at {{0.0, 0.0}, {402.0, 874.0}}
    t =   131.67s     Wait for io.orbitd.ewcprobe to idle
    t =   133.05s Checking existence of `"Decide it myself" Button`
    t =   133.20s Find the "Decide it myself" Button
    t =   133.35s Find the "Decide it myself" Button
    t =   133.47s Checking existence of `"Decide it myself" Button`
    t =   133.58s Find the "Decide it myself" Button
    t =   133.68s Press Window at {{0.0, 0.0}, {402.0, 874.0}}[0.03, 0.62] for 0.1 seconds, then drag to Window at {{0.0, 0.0}, {402.0, 874.0}}[0.03, 0.62] -> (0.0, -140.0) with velocity of 250.00 pixels per second, and then hold for 0.6 seconds 
    t =   133.68s     Wait for io.orbitd.ewcprobe to idle
    t =   133.69s     Find the Window at {{0.0, 0.0}, {402.0, 874.0}}
    t =   133.70s     Check for interrupting elements affecting Window
    t =   133.81s     Synthesize event
    t =   133.81s         Find the Window at {{0.0, 0.0}, {402.0, 874.0}}
    t =   133.83s         Find the Window at {{0.0, 0.0}, {402.0, 874.0}}
    t =   133.85s         Find the Window at {{0.0, 0.0}, {402.0, 874.0}}
    t =   133.87s         Find the Window at {{0.0, 0.0}, {402.0, 874.0}}
    t =   133.90s         Find the Window at {{0.0, 0.0}, {402.0, 874.0}}
    t =   135.37s     Wait for io.orbitd.ewcprobe to idle
    t =   136.75s Checking existence of `"Decide it myself" Button`
    t =   136.87s Find the "Decide it myself" Button
    t =   137.00s Find the "Decide it myself" Button
    t =   137.12s Checking existence of `"Decide it myself" Button`
    t =   137.23s Find the "Decide it myself" Button
    t =   137.36s Press Window at {{0.0, 0.0}, {402.0, 874.0}}[0.03, 0.62] for 0.1 seconds, then drag to Window at {{0.0, 0.0}, {402.0, 874.0}}[0.03, 0.62] -> (0.0, -140.0) with velocity of 250.00 pixels per second, and then hold for 0.6 seconds 
    t =   137.36s     Wait for io.orbitd.ewcprobe to idle
    t =   137.37s     Find the Window at {{0.0, 0.0}, {402.0, 874.0}}
    t =   137.38s     Check for interrupting elements affecting Window
    t =   137.46s     Synthesize event
    t =   137.46s         Find the Window at {{0.0, 0.0}, {402.0, 874.0}}
    t =   137.48s         Find the Window at {{0.0, 0.0}, {402.0, 874.0}}
    t =   137.49s         Find the Window at {{0.0, 0.0}, {402.0, 874.0}}
    t =   137.50s         Find the Window at {{0.0, 0.0}, {402.0, 874.0}}
    t =   137.53s         Find the Window at {{0.0, 0.0}, {402.0, 874.0}}
    t =   139.00s     Wait for io.orbitd.ewcprobe to idle
    t =   140.39s Find the "Decide it myself" Button
    t =   140.72s Requesting snapshot of accessibility hierarchy for app with pid 19436
    t =   141.50s Requesting snapshot of accessibility hierarchy for app with pid 19436
    t =   143.19s Get all elements bound by index for: Descendants matching type StaticText
    t =   143.26s Find the StaticText (Element at index 0)
    t =   143.31s Find the StaticText (Element at index 1)
    t =   143.37s Find the StaticText (Element at index 2)
    t =   143.43s Find the StaticText (Element at index 3)
    t =   143.49s Find the StaticText (Element at index 4)
    t =   143.55s Find the StaticText (Element at index 5)
    t =   143.60s Find the StaticText (Element at index 6)
    t =   143.66s Find the StaticText (Element at index 7)
    t =   143.72s Find the StaticText (Element at index 8)
    t =   143.79s Find the StaticText (Element at index 9)
    t =   143.85s Find the StaticText (Element at index 10)
    t =   143.94s Find the StaticText (Element at index 11)
    t =   144.04s Find the StaticText (Element at index 12)
    t =   144.16s Find the StaticText (Element at index 13)
    t =   144.25s Find the StaticText (Element at index 14)
    t =   144.31s Find the StaticText (Element at index 15)
    t =   144.36s Find the StaticText (Element at index 16)
    t =   144.42s Find the StaticText (Element at index 17)
    t =   144.49s Find the StaticText (Element at index 18)
    t =   144.58s Find the StaticText (Element at index 19)
    t =   144.66s Find the StaticText (Element at index 20)
    t =   144.72s Find the StaticText (Element at index 21)
    t =   144.79s Find the StaticText (Element at index 22)
    t =   144.85s Find the StaticText (Element at index 23)
    t =   144.92s Find the StaticText (Element at index 24)
    t =   144.98s Find the StaticText (Element at index 25)
    t =   145.08s Find the StaticText (Element at index 26)
    t =   145.18s Find the StaticText (Element at index 27)
    t =   145.29s Get all elements bound by index for: Descendants matching type Button
    t =   145.36s Find the Button (Element at index 0)
    t =   145.41s Find the Button (Element at index 1)
    t =   145.46s Find the Button (Element at index 2)
    t =   145.51s Find the Button (Element at index 3)
    t =   145.56s Find the Button (Element at index 4)
    t =   145.61s Find the Button (Element at index 5)
    t =   145.67s Find the Button (Element at index 6)
    t =   145.72s Find the Button (Element at index 7)
    t =   145.78s Find the Button (Element at index 8)
    t =   145.85s Find the Button (Element at index 9)
    t =   145.94s Find the Button (Element at index 10)
    t =   146.05s Find the Button (Element at index 11)
    t =   146.12s Find the Button (Element at index 12)
    t =   146.19s Find the Button (Element at index 13)
    t =   146.25s Find the Button (Element at index 14)
    t =   146.31s Find the Button (Element at index 15)
    t =   146.37s Find the Button (Element at index 16)
    t =   146.47s Find the Button (Element at index 17)
    t =   146.58s Find the Button (Element at index 18)
    t =   146.70s Find the Button (Element at index 19)
    t =   146.79s Find the Button (Element at index 20)
    t =   146.92s Find the Button (Element at index 21)
    t =   147.23s Added attachment named 'ios-01-queued'
    t =   147.23s Requesting snapshot of accessibility hierarchy for app with pid 19436
    t =   147.62s Requesting snapshot of accessibility hierarchy for app with pid 19436
    t =   147.73s Get all elements bound by index for: Elements matching predicate 'label BEGINSWITH "Decide it myself"'
    t =   147.81s Checking existence of `Button (Element at index 0)`
    t =   147.88s Find the Button (Element at index 0)
    t =   147.98s Waiting 10.0s for "Decide it myself" Button to exist
    t =   149.00s     Checking `Expect predicate `existsNoRetry == 1` for object "Decide it myself" Button`
    t =   149.01s         Checking existence of `"Decide it myself" Button`
    t =   149.08s Checking existence of `"Decide it myself" Button`
    t =   149.16s Find the "Decide it myself" Button
    t =   149.23s Find the "Decide it myself" Button
    t =   149.31s Find the "Decide it myself" Button
    t =   149.39s Find the "Decide it myself" Button
    t =   149.48s Find the "Decide it myself" Button
    t =   149.56s Find the "Decide it myself" Button
    t =   149.66s Tap "Decide it myself" Button
    t =   149.66s     Wait for io.orbitd.ewcprobe to idle
    t =   149.66s     Find the "Decide it myself" Button
    t =   149.74s     Check for interrupting elements affecting "Decide it myself" Button
    t =   149.81s     Synthesize event
    t =   150.12s     Wait for io.orbitd.ewcprobe to idle
    t =   151.30s Checking existence of `Any (First Match)`
    t =   153.49s Checking existence of `Any (First Match)`
    t =   153.72s Checking existence of `Any (First Match)`
    t =   153.91s Checking existence of `Any (First Match)`
    t =   154.16s Checking existence of `Any (First Match)`
    t =   154.40s Checking existence of `Any (First Match)`
    t =   154.59s Checking existence of `Any (First Match)`
    t =   154.77s Checking existence of `Any (First Match)`
    t =   154.94s Get all elements bound by index for: Descendants matching type StaticText
    t =   155.05s Find the StaticText (Element at index 0)
    t =   155.15s Find the StaticText (Element at index 1)
    t =   155.26s Find the StaticText (Element at index 2)
    t =   155.33s Find the StaticText (Element at index 3)
    t =   155.40s Find the StaticText (Element at index 4)
    t =   155.47s Find the StaticText (Element at index 5)
    t =   155.54s Find the StaticText (Element at index 6)
    t =   155.61s Find the StaticText (Element at index 7)
    t =   155.70s Find the StaticText (Element at index 8)
    t =   155.76s Find the StaticText (Element at index 9)
    t =   155.84s Find the StaticText (Element at index 10)
    t =   155.92s Find the StaticText (Element at index 11)
    t =   156.00s Find the StaticText (Element at index 12)
    t =   156.08s Find the StaticText (Element at index 13)
    t =   156.17s Find the StaticText (Element at index 14)
    t =   156.26s Find the StaticText (Element at index 15)
    t =   156.34s Find the StaticText (Element at index 16)
    t =   156.41s Find the StaticText (Element at index 17)
    t =   156.48s Find the StaticText (Element at index 18)
    t =   156.55s Find the StaticText (Element at index 19)
    t =   156.63s Find the StaticText (Element at index 20)
    t =   156.72s Find the StaticText (Element at index 21)
    t =   156.81s Find the StaticText (Element at index 22)
    t =   156.90s Find the StaticText (Element at index 23)
    t =   156.99s Find the StaticText (Element at index 24)
    t =   157.09s Find the StaticText (Element at index 25)
    t =   157.19s Find the StaticText (Element at index 26)
    t =   157.28s Find the StaticText (Element at index 27)
    t =   157.39s Find the StaticText (Element at index 28)
    t =   157.60s Find the StaticText (Element at index 29)
    t =   157.70s Find the StaticText (Element at index 30)
    t =   157.80s Find the StaticText (Element at index 31)
    t =   157.91s Find the StaticText (Element at index 32)
    t =   158.02s Find the StaticText (Element at index 33)
    t =   158.12s Find the StaticText (Element at index 34)
    t =   158.23s Find the StaticText (Element at index 35)
    t =   158.33s Find the StaticText (Element at index 36)
    t =   158.43s Find the StaticText (Element at index 37)
    t =   158.51s Find the StaticText (Element at index 38)
    t =   158.60s Find the StaticText (Element at index 39)
    t =   158.69s Find the StaticText (Element at index 40)
    t =   158.78s Find the StaticText (Element at index 41)
    t =   158.87s Find the StaticText (Element at index 42)
    t =   158.96s Find the StaticText (Element at index 43)
    t =   159.08s Find the StaticText (Element at index 44)
    t =   159.17s Get all elements bound by index for: Descendants matching type Button
    t =   159.27s Find the Button (Element at index 0)
    t =   159.34s Find the Button (Element at index 1)
    t =   159.41s Find the Button (Element at index 2)
    t =   159.49s Find the Button (Element at index 3)
    t =   159.58s Find the Button (Element at index 4)
    t =   159.66s Find the Button (Element at index 5)
    t =   159.73s Find the Button (Element at index 6)
    t =   159.81s Find the Button (Element at index 7)
    t =   159.87s Find the Button (Element at index 8)
    t =   159.96s Find the Button (Element at index 9)
    t =   160.02s Find the Button (Element at index 10)
    t =   160.11s Find the Button (Element at index 11)
    t =   160.21s Find the Button (Element at index 12)
    t =   160.29s Find the Button (Element at index 13)
    t =   160.38s Find the Button (Element at index 14)
    t =   160.46s Find the Button (Element at index 15)
    t =   160.57s Find the Button (Element at index 16)
    t =   160.69s Find the Button (Element at index 17)
    t =   160.77s Find the Button (Element at index 18)
    t =   160.88s Find the Button (Element at index 19)
    t =   160.98s Find the Button (Element at index 20)
    t =   161.08s Find the Button (Element at index 21)
    t =   161.20s Find the Button (Element at index 22)
    t =   161.31s Find the Button (Element at index 23)
    t =   161.41s Find the Button (Element at index 24)
    t =   161.51s Find the Button (Element at index 25)
    t =   161.62s Find the Button (Element at index 26)
    t =   161.73s Find the Button (Element at index 27)
    t =   161.88s Find the Button (Element at index 28)
    t =   162.02s Find the Button (Element at index 29)
    t =   162.38s Added attachment named 'ios-02-sheet'
    t =   162.39s Requesting snapshot of accessibility hierarchy for app with pid 19436
    t =   162.97s Requesting snapshot of accessibility hierarchy for app with pid 19436
    t =   163.15s Waiting 5.0s for "Close" Button to exist
    t =   164.16s     Checking `Expect predicate `existsNoRetry == 1` for object "Close" Button`
    t =   164.16s         Checking existence of `"Close" Button`
    t =   164.26s Tap "Close" Button
    t =   164.26s     Wait for io.orbitd.ewcprobe to idle
    t =   164.27s     Find the "Close" Button
    t =   164.37s     Check for interrupting elements affecting "xmark" Button
    t =   164.46s     Synthesize event
    t =   164.78s     Wait for io.orbitd.ewcprobe to idle
    t =   167.18s Checking existence of `Any (First Match)`
    t =   168.35s Checking existence of `Any (First Match)`
    t =   169.67s Checking existence of `Any (First Match)`
    t =   170.86s Checking existence of `Any (First Match)`
    t =   171.77s Added attachment named 'ios-03a-back'
    t =   171.77s Checking existence of `Any (First Match)`
    t =   172.98s Checking existence of `Any (First Match)`
    t =   174.13s Checking existence of `Any (First Match)`
    t =   175.32s Checking existence of `Any (First Match)`
    t =   176.55s Checking existence of `Any (First Match)`
    t =   177.71s Checking existence of `Any (First Match)`
    t =   179.57s Checking existence of `Any (First Match)`
    t =   180.80s Checking existence of `Any (First Match)`
    t =   182.00s Checking existence of `Any (First Match)`
    t =   182.31s Checking existence of `Any (First Match)`
    t =   185.08s Checking existence of `"Scroll to latest" Button`
    t =   185.19s Checking existence of `Any (First Match)`
    t =   185.35s Find the Any (First Match)
    t =   185.51s Checking existence of `Any (First Match)`
    t =   185.69s Checking existence of `Any (First Match)`
    t =   185.89s Checking existence of `Any (First Match)`
    t =   186.08s Checking existence of `Any (First Match)`
    t =   186.26s Checking existence of `Any (First Match)`
    t =   186.45s Find the Any (First Match)
    t =   186.62s Find the "Sent to the coordinator · 5:53 AM" StaticText
    t =   186.81s Find the "Sent to the coordinator · 5:53 AM" StaticText
    t =   187.00s Find the "Sent to the coordinator · 5:53 AM" StaticText
    t =   187.14s Find the "Sent to the coordinator · 5:53 AM" StaticText
    t =   187.31s Checking existence of `Any (First Match)`
    t =   187.49s Find the Any (First Match)
    t =   187.68s Find the "[Project “Tablet 客户端：与 iOS 体验对齐” has evidence waiting for your judgment] Task “B07c · 卡片增量与会话提醒条（B07-1/2/3/4/5/6/7/8/9/11）” submitted revision 1 of its completion evidence. This revision was submitted at 2026-10-09T21:50:53.750Z while you were unavailable. It waited for you; nobody has decided it yet." TextView
    t =   187.86s Find the "[Project “Tablet 客户端：与 iOS 体验对齐” has evidence waiting for your judgment] Task “B07c · 卡片增量与会话提醒条（B07-1/2/3/4/5/6/7/8/9/11）” submitted revision 1 of its completion evidence. This revision was submitted at 2026-10-09T21:50:53.750Z while you were unavailable. It waited for you; nobody has decided it yet." TextView
    t =   188.06s Find the "[Project “Tablet 客户端：与 iOS 体验对齐” has evidence waiting for your judgment] Task “B07c · 卡片增量与会话提醒条（B07-1/2/3/4/5/6/7/8/9/11）” submitted revision 1 of its completion evidence. This revision was submitted at 2026-10-09T21:50:53.750Z while you were unavailable. It waited for you; nobody has decided it yet." TextView
    t =   188.24s Find the "[Project “Tablet 客户端：与 iOS 体验对齐” has evidence waiting for your judgment] Task “B07c · 卡片增量与会话提醒条（B07-1/2/3/4/5/6/7/8/9/11）” submitted revision 1 of its completion evidence. This revision was submitted at 2026-10-09T21:50:53.750Z while you were unavailable. It waited for you; nobody has decided it yet." TextView
    t =   188.42s Checking existence of `"Sent to the coordinator · 5:53 AM" StaticText`
    t =   188.58s Checking existence of `"[Project “Tablet 客户端：与 iOS 体验对齐” has evidence waiting for your judgment] Task “B07c · 卡片增量与会话提醒条（B07-1/2/3/4/5/6/7/8/9/11）” submitted revision 1 of its completion evidence. This revision was submitted at 2026-10-09T21:50:53.750Z while you were unavailable. It waited for you; nobody has decided it yet." TextView`
    t =   188.78s Find the "Sent to the coordinator · 5:53 AM" StaticText
    t =   188.95s Find the "[Project “Tablet 客户端：与 iOS 体验对齐” has evidence waiting for your judgment] Task “B07c · 卡片增量与会话提醒条（B07-1/2/3/4/5/6/7/8/9/11）” submitted revision 1 of its completion evidence. This revision was submitted at 2026-10-09T21:50:53.750Z while you were unavailable. It waited for you; nobody has decided it yet." TextView
    t =   189.13s Get all elements bound by index for: Descendants matching type StaticText
    t =   189.19s Find the StaticText (Element at index 0)
    t =   189.26s Find the StaticText (Element at index 1)
    t =   189.32s Find the StaticText (Element at index 2)
    t =   189.37s Find the StaticText (Element at index 3)
    t =   189.42s Find the StaticText (Element at index 4)
    t =   189.48s Find the StaticText (Element at index 5)
    t =   189.53s Find the StaticText (Element at index 6)
    t =   189.58s Find the StaticText (Element at index 7)
    t =   189.63s Find the StaticText (Element at index 8)
    t =   189.69s Find the StaticText (Element at index 9)
    t =   189.74s Find the StaticText (Element at index 10)
    t =   189.81s Find the StaticText (Element at index 11)
    t =   189.89s Find the StaticText (Element at index 12)
    t =   189.98s Find the StaticText (Element at index 13)
    t =   190.04s Find the StaticText (Element at index 14)
    t =   190.10s Find the StaticText (Element at index 15)
    t =   190.18s Find the StaticText (Element at index 16)
    t =   190.25s Find the StaticText (Element at index 17)
    t =   190.31s Find the StaticText (Element at index 18)
    t =   190.38s Find the StaticText (Element at index 19)
    t =   190.46s Get all elements bound by index for: Descendants matching type Button
    t =   190.54s Find the Button (Element at index 0)
    t =   190.60s Find the Button (Element at index 1)
    t =   190.67s Find the Button (Element at index 2)
    t =   190.73s Find the Button (Element at index 3)
    t =   190.79s Find the Button (Element at index 4)
    t =   190.85s Find the Button (Element at index 5)
    t =   190.91s Find the Button (Element at index 6)
    t =   190.96s Find the Button (Element at index 7)
    t =   191.02s Find the Button (Element at index 8)
    t =   191.11s Find the Button (Element at index 9)
    t =   191.24s Find the Button (Element at index 10)
    t =   191.31s Find the Button (Element at index 11)
    t =   191.39s Find the Button (Element at index 12)
    t =   191.46s Find the Button (Element at index 13)
    t =   191.53s Find the Button (Element at index 14)
    t =   191.59s Find the Button (Element at index 15)
    t =   191.67s Find the Button (Element at index 16)
    t =   191.75s Find the Button (Element at index 17)
    t =   191.81s Find the Button (Element at index 18)
    t =   191.90s Find the Button (Element at index 19)
    t =   191.97s Find the Button (Element at index 20)
    t =   192.29s Added attachment named 'ios-03-sent'
    t =   192.30s Requesting snapshot of accessibility hierarchy for app with pid 19436
    t =   192.67s Requesting snapshot of accessibility hierarchy for app with pid 19436
    t =   192.92s Tear Down
Test Case '-[EwcProbeUITests.QueueShotTests test1QueuedSheetAndSentLight]' passed (193.324 seconds).
Test Suite 'QueueShotTests' passed at 2026-10-09 21:54:25.066.
	 Executed 1 test, with 0 failures (0 unexpected) in 193.324 (193.328) seconds
Test Suite 'EwcProbeUITests.xctest' passed at 2026-10-09 21:54:25.067.
	 Executed 1 test, with 0 failures (0 unexpected) in 193.324 (193.330) seconds
Test Suite 'Selected tests' passed at 2026-10-09 21:54:25.068.
	 Executed 1 test, with 0 failures (0 unexpected) in 193.324 (193.332) seconds
2026-10-09 21:54:52.793 xcodebuild[15143:48741] [MT] IDETestOperationsObserverDebug: 276.974 elapsed -- Testing started completed.
2026-10-09 21:54:52.794 xcodebuild[15143:48741] [MT] IDETestOperationsObserverDebug: 0.000 sec, +0.000 sec -- start
2026-10-09 21:54:52.794 xcodebuild[15143:48741] [MT] IDETestOperationsObserverDebug: 276.975 sec, +276.975 sec -- end

Test session results, code coverage, and logs:
	/Users/runner/work/orbit/orbit/.ewc-probe/results/test1QueuedSheetAndSentLight.xcresult

** TEST EXECUTE SUCCEEDED **

Testing started
Command line invocation:
    /Applications/Xcode_26.6.app/Contents/Developer/usr/bin/xcodebuild test-without-building -project EwcProbe.xcodeproj -scheme EwcProbe -destination id=22452A91-4697-4369-8812-53ADB77EB73B -derivedDataPath .dd-ios -resultBundlePath results/test2QueuedSheetAndSentDark.xcresult -only-testing EwcProbeUITests/QueueShotTests/test2QueuedSheetAndSentDark CODE_SIGNING_ALLOWED=YES CODE_SIGN_IDENTITY=-

Build settings from command line:
    CODE_SIGN_IDENTITY = -
    CODE_SIGNING_ALLOWED = YES

Resolve Package Graph


Resolved source packages:
  cmark-gfm: https://github.com/swiftlang/swift-cmark.git @ 0.9.0
  OrbitKit: /Users/runner/work/orbit/orbit/src/macos/OrbitKit
  swift-markdown: https://github.com/apple/swift-markdown @ 0.9.0

Writing result bundle at path:
	/Users/runner/work/orbit/orbit/.ewc-probe/results/test2QueuedSheetAndSentDark.xcresult

--- xcodebuild: WARNING: Using the first of multiple matching destinations:
{ platform:iOS Simulator, arch:arm64, id:22452A91-4697-4369-8812-53ADB77EB73B, OS:26.5, name:iPhone 17 Pro }
{ platform:iOS Simulator, arch:x86_64, id:22452A91-4697-4369-8812-53ADB77EB73B, OS:26.5, name:iPhone 17 Pro }
2026-10-09 21:55:20.509251+0000 EwcProbeUITests-Runner[30595:88147] [Default] Running tests...
    t =      nans Interface orientation changed to Portrait
Test Suite 'Selected tests' started at 2026-10-09 21:55:22.731.
Test Suite 'EwcProbeUITests.xctest' started at 2026-10-09 21:55:22.732.
Test Suite 'QueueShotTests' started at 2026-10-09 21:55:22.732.
Test Case '-[EwcProbeUITests.QueueShotTests test2QueuedSheetAndSentDark]' started.
    t =     0.00s Start Test at 2026-10-09 21:55:22.733
    t =     0.18s Set Up
objc[30595]: Class UIAccessibilityLoaderWebShared is implemented in both /Library/Developer/CoreSimulator/Volumes/iOS_23F77/Library/Developer/CoreSimulator/Profiles/Runtimes/iOS 26.5.simruntime/Contents/Resources/RuntimeRoot/System/Library/AccessibilityBundles/WebCore.axbundle/WebCore (0x10a664310) and /Library/Developer/CoreSimulator/Volumes/iOS_23F77/Library/Developer/CoreSimulator/Profiles/Runtimes/iOS 26.5.simruntime/Contents/Resources/RuntimeRoot/System/Library/AccessibilityBundles/WebKit.axbundle/WebKit (0x10a6ec398). This may cause spurious casting failures and mysterious crashes. One of the duplicates must be removed or renamed.
    t =     1.36s Open io.orbitd.ewcprobe
    t =     1.36s     Launch io.orbitd.ewcprobe
2026-10-09 21:55:24.886 xcodebuild[29622:85766] [MT] IDELaunchParametersSnapshot: The operation couldn’t be completed. (DebuggerLLDB.DebuggerVersionStore.StoreError error 0.)
2026-10-09 21:55:24.886 xcodebuild[29622:85766] [MT] IDELaunchParametersSnapshot: no debugger version
    t =     6.31s         Setting up automation session
    t =    14.35s         Wait for io.orbitd.ewcprobe to idle
    t =    35.21s Checking existence of `Any (First Match)`
    t =    37.56s Checking existence of `Any (First Match)`
    t =    44.22s Checking existence of `Any (First Match)`
    t =    46.94s Checking existence of `Any (First Match)`
    t =    48.19s Checking existence of `Any (First Match)`
    t =    49.38s Checking existence of `Any (First Match)`
    t =    50.57s Checking existence of `Any (First Match)`
    t =    51.72s Checking existence of `Any (First Match)`
    t =    52.89s Checking existence of `Any (First Match)`
    t =    54.07s Checking existence of `Any (First Match)`
    t =    55.28s Checking existence of `Any (First Match)`
    t =    56.48s Checking existence of `Any (First Match)`
    t =    57.64s Checking existence of `Any (First Match)`
    t =    62.47s Checking existence of `Any (First Match)`
    t =    62.66s Checking existence of `Any (First Match)`
    t =    62.87s Checking existence of `Any (First Match)`
    t =    63.07s Checking existence of `Any (First Match)`
    t =    63.30s Checking existence of `Any (First Match)`
    t =    63.49s Checking existence of `Any (First Match)`
    t =    63.64s Checking existence of `Any (First Match)`
    t =    63.88s Checking existence of `Any (First Match)`
    t =    64.08s Checking existence of `Any (First Match)`
    t =    64.25s Checking existence of `Any (First Match)`
    t =    64.45s Checking existence of `Any (First Match)`
    t =    64.64s Get all elements bound by index for: Elements matching predicate 'label BEGINSWITH "Decide it myself"'
    t =    64.78s Checking existence of `Button (Element at index 0)`
    t =    64.86s Find the Button (Element at index 0)
    t =    65.09s Checking existence of `"Decide it myself" Button`
    t =    65.24s Find the "Decide it myself" Button
    t =    65.36s Find the "Decide it myself" Button
    t =    65.47s Checking existence of `"Decide it myself" Button`
    t =    65.56s Find the "Decide it myself" Button
    t =    65.69s Press Window (First Match)[0.03, 0.62] for 0.1 seconds, then drag to Window (First Match)[0.03, 0.62] -> (0.0, -140.0) with velocity of 250.00 pixels per second, and then hold for 0.6 seconds 
    t =    65.69s     Wait for io.orbitd.ewcprobe to idle
    t =    65.70s     Find the Window (First Match)
    t =    65.72s     Check for interrupting elements affecting Window
    t =    65.83s     Synthesize event
    t =    65.83s         Find the Window at {{0.0, 0.0}, {402.0, 874.0}}
    t =    65.85s         Find the Window at {{0.0, 0.0}, {402.0, 874.0}}
    t =    65.87s         Find the Window at {{0.0, 0.0}, {402.0, 874.0}}
    t =    65.91s         Find the Window at {{0.0, 0.0}, {402.0, 874.0}}
    t =    65.93s         Find the Window at {{0.0, 0.0}, {402.0, 874.0}}
    t =    67.42s     Wait for io.orbitd.ewcprobe to idle
    t =    68.79s Checking existence of `"Decide it myself" Button`
    t =    68.85s Find the "Decide it myself" Button
    t =    68.93s Find the "Decide it myself" Button
    t =    69.00s Checking existence of `"Decide it myself" Button`
    t =    69.07s Find the "Decide it myself" Button
    t =    69.16s Press Window at {{0.0, 0.0}, {402.0, 874.0}}[0.03, 0.62] for 0.1 seconds, then drag to Window at {{0.0, 0.0}, {402.0, 874.0}}[0.03, 0.62] -> (0.0, -140.0) with velocity of 250.00 pixels per second, and then hold for 0.6 seconds 
    t =    69.16s     Wait for io.orbitd.ewcprobe to idle
    t =    69.17s     Find the Window at {{0.0, 0.0}, {402.0, 874.0}}
    t =    69.18s     Check for interrupting elements affecting Window
    t =    69.26s     Synthesize event
    t =    69.26s         Find the Window at {{0.0, 0.0}, {402.0, 874.0}}
    t =    69.27s         Find the Window at {{0.0, 0.0}, {402.0, 874.0}}
    t =    69.29s         Find the Window at {{0.0, 0.0}, {402.0, 874.0}}
    t =    69.30s         Find the Window at {{0.0, 0.0}, {402.0, 874.0}}
    t =    69.32s         Find the Window at {{0.0, 0.0}, {402.0, 874.0}}
    t =    70.78s     Wait for io.orbitd.ewcprobe to idle
    t =    72.17s Checking existence of `"Decide it myself" Button`
    t =    72.29s Find the "Decide it myself" Button
    t =    72.36s Find the "Decide it myself" Button
    t =    72.44s Checking existence of `"Decide it myself" Button`
    t =    72.51s Find the "Decide it myself" Button
    t =    72.58s Press Window at {{0.0, 0.0}, {402.0, 874.0}}[0.03, 0.62] for 0.1 seconds, then drag to Window at {{0.0, 0.0}, {402.0, 874.0}}[0.03, 0.62] -> (0.0, -140.0) with velocity of 250.00 pixels per second, and then hold for 0.6 seconds 
    t =    72.58s     Wait for io.orbitd.ewcprobe to idle
    t =    72.58s     Find the Window at {{0.0, 0.0}, {402.0, 874.0}}
    t =    72.60s     Check for interrupting elements affecting Window
    t =    72.67s     Synthesize event
    t =    72.67s         Find the Window at {{0.0, 0.0}, {402.0, 874.0}}
    t =    72.69s         Find the Window at {{0.0, 0.0}, {402.0, 874.0}}
    t =    72.71s         Find the Window at {{0.0, 0.0}, {402.0, 874.0}}
    t =    72.73s         Find the Window at {{0.0, 0.0}, {402.0, 874.0}}
    t =    72.74s         Find the Window at {{0.0, 0.0}, {402.0, 874.0}}
    t =    74.20s     Wait for io.orbitd.ewcprobe to idle
    t =    75.59s Checking existence of `"Decide it myself" Button`
    t =    75.68s Find the "Decide it myself" Button
    t =    75.76s Find the "Decide it myself" Button
    t =    75.84s Checking existence of `"Decide it myself" Button`
    t =    75.92s Find the "Decide it myself" Button
    t =    76.05s Press Window at {{0.0, 0.0}, {402.0, 874.0}}[0.03, 0.62] for 0.1 seconds, then drag to Window at {{0.0, 0.0}, {402.0, 874.0}}[0.03, 0.62] -> (0.0, -140.0) with velocity of 250.00 pixels per second, and then hold for 0.6 seconds 
    t =    76.05s     Wait for io.orbitd.ewcprobe to idle
    t =    76.06s     Find the Window at {{0.0, 0.0}, {402.0, 874.0}}
    t =    76.07s     Check for interrupting elements affecting Window
    t =    76.15s     Synthesize event
    t =    76.15s         Find the Window at {{0.0, 0.0}, {402.0, 874.0}}
    t =    76.16s         Find the Window at {{0.0, 0.0}, {402.0, 874.0}}
    t =    76.19s         Find the Window at {{0.0, 0.0}, {402.0, 874.0}}
    t =    76.20s         Find the Window at {{0.0, 0.0}, {402.0, 874.0}}
    t =    76.23s         Find the Window at {{0.0, 0.0}, {402.0, 874.0}}
    t =    77.69s     Wait for io.orbitd.ewcprobe to idle
    t =    79.07s Checking existence of `"Decide it myself" Button`
    t =    79.15s Find the "Decide it myself" Button
    t =    79.24s Find the "Decide it myself" Button
    t =    79.32s Checking existence of `"Decide it myself" Button`
    t =    79.41s Find the "Decide it myself" Button
    t =    79.49s Press Window at {{0.0, 0.0}, {402.0, 874.0}}[0.03, 0.62] for 0.1 seconds, then drag to Window at {{0.0, 0.0}, {402.0, 874.0}}[0.03, 0.62] -> (0.0, -140.0) with velocity of 250.00 pixels per second, and then hold for 0.6 seconds 
    t =    79.49s     Wait for io.orbitd.ewcprobe to idle
    t =    79.50s     Find the Window at {{0.0, 0.0}, {402.0, 874.0}}
    t =    79.51s     Check for interrupting elements affecting Window
    t =    79.58s     Synthesize event
    t =    79.59s         Find the Window at {{0.0, 0.0}, {402.0, 874.0}}
    t =    79.61s         Find the Window at {{0.0, 0.0}, {402.0, 874.0}}
    t =    79.62s         Find the Window at {{0.0, 0.0}, {402.0, 874.0}}
    t =    79.64s         Find the Window at {{0.0, 0.0}, {402.0, 874.0}}
    t =    79.66s         Find the Window at {{0.0, 0.0}, {402.0, 874.0}}
    t =    81.12s     Wait for io.orbitd.ewcprobe to idle
    t =    82.49s Checking existence of `"Decide it myself" Button`
    t =    82.60s Find the "Decide it myself" Button
    t =    82.70s Find the "Decide it myself" Button
    t =    82.80s Checking existence of `"Decide it myself" Button`
    t =    82.86s Find the "Decide it myself" Button
    t =    82.98s Press Window at {{0.0, 0.0}, {402.0, 874.0}}[0.03, 0.62] for 0.1 seconds, then drag to Window at {{0.0, 0.0}, {402.0, 874.0}}[0.03, 0.62] -> (0.0, -140.0) with velocity of 250.00 pixels per second, and then hold for 0.6 seconds 
    t =    82.98s     Wait for io.orbitd.ewcprobe to idle
    t =    82.98s     Find the Window at {{0.0, 0.0}, {402.0, 874.0}}
    t =    83.01s     Check for interrupting elements affecting Window
    t =    83.09s     Synthesize event
    t =    83.09s         Find the Window at {{0.0, 0.0}, {402.0, 874.0}}
    t =    83.11s         Find the Window at {{0.0, 0.0}, {402.0, 874.0}}
    t =    83.13s         Find the Window at {{0.0, 0.0}, {402.0, 874.0}}
    t =    83.14s         Find the Window at {{0.0, 0.0}, {402.0, 874.0}}
    t =    83.16s         Find the Window at {{0.0, 0.0}, {402.0, 874.0}}
    t =    84.63s     Wait for io.orbitd.ewcprobe to idle
    t =    85.99s Checking existence of `"Decide it myself" Button`
    t =    86.06s Find the "Decide it myself" Button
    t =    86.14s Find the "Decide it myself" Button
    t =    86.20s Checking existence of `"Decide it myself" Button`
    t =    86.29s Find the "Decide it myself" Button
    t =    86.37s Press Window at {{0.0, 0.0}, {402.0, 874.0}}[0.03, 0.62] for 0.1 seconds, then drag to Window at {{0.0, 0.0}, {402.0, 874.0}}[0.03, 0.62] -> (0.0, -140.0) with velocity of 250.00 pixels per second, and then hold for 0.6 seconds 
    t =    86.37s     Wait for io.orbitd.ewcprobe to idle
    t =    86.37s     Find the Window at {{0.0, 0.0}, {402.0, 874.0}}
    t =    86.38s     Check for interrupting elements affecting Window
    t =    86.45s     Synthesize event
    t =    86.45s         Find the Window at {{0.0, 0.0}, {402.0, 874.0}}
    t =    86.47s         Find the Window at {{0.0, 0.0}, {402.0, 874.0}}
    t =    86.48s         Find the Window at {{0.0, 0.0}, {402.0, 874.0}}
    t =    86.50s         Find the Window at {{0.0, 0.0}, {402.0, 874.0}}
    t =    86.51s         Find the Window at {{0.0, 0.0}, {402.0, 874.0}}
    t =    88.01s     Wait for io.orbitd.ewcprobe to idle
    t =    89.39s Checking existence of `"Decide it myself" Button`
    t =    89.46s Find the "Decide it myself" Button
    t =    89.53s Find the "Decide it myself" Button
    t =    89.62s Checking existence of `"Decide it myself" Button`
    t =    89.67s Find the "Decide it myself" Button
    t =    89.75s Press Window at {{0.0, 0.0}, {402.0, 874.0}}[0.03, 0.62] for 0.1 seconds, then drag to Window at {{0.0, 0.0}, {402.0, 874.0}}[0.03, 0.62] -> (0.0, -140.0) with velocity of 250.00 pixels per second, and then hold for 0.6 seconds 
    t =    89.75s     Wait for io.orbitd.ewcprobe to idle
    t =    89.75s     Find the Window at {{0.0, 0.0}, {402.0, 874.0}}
    t =    89.76s     Check for interrupting elements affecting Window
    t =    89.83s     Synthesize event
    t =    89.83s         Find the Window at {{0.0, 0.0}, {402.0, 874.0}}
    t =    89.84s         Find the Window at {{0.0, 0.0}, {402.0, 874.0}}
    t =    89.85s         Find the Window at {{0.0, 0.0}, {402.0, 874.0}}
    t =    89.87s         Find the Window at {{0.0, 0.0}, {402.0, 874.0}}
    t =    89.88s         Find the Window at {{0.0, 0.0}, {402.0, 874.0}}
    t =    91.34s     Wait for io.orbitd.ewcprobe to idle
    t =    92.72s Checking existence of `"Decide it myself" Button`
    t =    92.79s Find the "Decide it myself" Button
    t =    92.94s Find the "Decide it myself" Button
    t =    93.05s Checking existence of `"Decide it myself" Button`
    t =    93.12s Find the "Decide it myself" Button
    t =    93.20s Press Window at {{0.0, 0.0}, {402.0, 874.0}}[0.03, 0.62] for 0.1 seconds, then drag to Window at {{0.0, 0.0}, {402.0, 874.0}}[0.03, 0.62] -> (0.0, -140.0) with velocity of 250.00 pixels per second, and then hold for 0.6 seconds 
    t =    93.20s     Wait for io.orbitd.ewcprobe to idle
    t =    93.20s     Find the Window at {{0.0, 0.0}, {402.0, 874.0}}
    t =    93.21s     Check for interrupting elements affecting Window
    t =    93.27s     Synthesize event
    t =    93.28s         Find the Window at {{0.0, 0.0}, {402.0, 874.0}}
    t =    93.29s         Find the Window at {{0.0, 0.0}, {402.0, 874.0}}
    t =    93.31s         Find the Window at {{0.0, 0.0}, {402.0, 874.0}}
    t =    93.32s         Find the Window at {{0.0, 0.0}, {402.0, 874.0}}
    t =    93.34s         Find the Window at {{0.0, 0.0}, {402.0, 874.0}}
    t =    94.80s     Wait for io.orbitd.ewcprobe to idle
    t =    96.17s Checking existence of `"Decide it myself" Button`
    t =    96.24s Find the "Decide it myself" Button
    t =    96.33s Find the "Decide it myself" Button
    t =    96.42s Checking existence of `"Decide it myself" Button`
    t =    96.50s Find the "Decide it myself" Button
    t =    96.59s Press Window at {{0.0, 0.0}, {402.0, 874.0}}[0.03, 0.62] for 0.1 seconds, then drag to Window at {{0.0, 0.0}, {402.0, 874.0}}[0.03, 0.62] -> (0.0, -140.0) with velocity of 250.00 pixels per second, and then hold for 0.6 seconds 
    t =    96.59s     Wait for io.orbitd.ewcprobe to idle
    t =    96.59s     Find the Window at {{0.0, 0.0}, {402.0, 874.0}}
    t =    96.60s     Check for interrupting elements affecting Window
    t =    96.68s     Synthesize event
    t =    96.68s         Find the Window at {{0.0, 0.0}, {402.0, 874.0}}
    t =    96.70s         Find the Window at {{0.0, 0.0}, {402.0, 874.0}}
    t =    96.71s         Find the Window at {{0.0, 0.0}, {402.0, 874.0}}
    t =    96.73s         Find the Window at {{0.0, 0.0}, {402.0, 874.0}}
    t =    96.75s         Find the Window at {{0.0, 0.0}, {402.0, 874.0}}
    t =    98.22s     Wait for io.orbitd.ewcprobe to idle
    t =    99.61s Checking existence of `"Decide it myself" Button`
    t =    99.70s Find the "Decide it myself" Button
    t =    99.82s Find the "Decide it myself" Button
    t =    99.93s Checking existence of `"Decide it myself" Button`
    t =   100.02s Find the "Decide it myself" Button
    t =   100.12s Press Window at {{0.0, 0.0}, {402.0, 874.0}}[0.03, 0.62] for 0.1 seconds, then drag to Window at {{0.0, 0.0}, {402.0, 874.0}}[0.03, 0.62] -> (0.0, -140.0) with velocity of 250.00 pixels per second, and then hold for 0.6 seconds 
    t =   100.12s     Wait for io.orbitd.ewcprobe to idle
    t =   100.12s     Find the Window at {{0.0, 0.0}, {402.0, 874.0}}
    t =   100.14s     Check for interrupting elements affecting Window
    t =   100.25s     Synthesize event
    t =   100.25s         Find the Window at {{0.0, 0.0}, {402.0, 874.0}}
    t =   100.27s         Find the Window at {{0.0, 0.0}, {402.0, 874.0}}
    t =   100.28s         Find the Window at {{0.0, 0.0}, {402.0, 874.0}}
    t =   100.30s         Find the Window at {{0.0, 0.0}, {402.0, 874.0}}
    t =   100.31s         Find the Window at {{0.0, 0.0}, {402.0, 874.0}}
    t =   101.80s     Wait for io.orbitd.ewcprobe to idle
    t =   103.18s Checking existence of `"Decide it myself" Button`
    t =   103.26s Find the "Decide it myself" Button
    t =   103.32s Find the "Decide it myself" Button
    t =   103.40s Checking existence of `"Decide it myself" Button`
    t =   103.46s Find the "Decide it myself" Button
    t =   103.53s Press Window at {{0.0, 0.0}, {402.0, 874.0}}[0.03, 0.62] for 0.1 seconds, then drag to Window at {{0.0, 0.0}, {402.0, 874.0}}[0.03, 0.62] -> (0.0, -140.0) with velocity of 250.00 pixels per second, and then hold for 0.6 seconds 
    t =   103.53s     Wait for io.orbitd.ewcprobe to idle
    t =   103.53s     Find the Window at {{0.0, 0.0}, {402.0, 874.0}}
    t =   103.54s     Check for interrupting elements affecting Window
    t =   103.62s     Synthesize event
    t =   103.63s         Find the Window at {{0.0, 0.0}, {402.0, 874.0}}
    t =   103.64s         Find the Window at {{0.0, 0.0}, {402.0, 874.0}}
    t =   103.66s         Find the Window at {{0.0, 0.0}, {402.0, 874.0}}
    t =   103.67s         Find the Window at {{0.0, 0.0}, {402.0, 874.0}}
    t =   103.69s         Find the Window at {{0.0, 0.0}, {402.0, 874.0}}
    t =   105.15s     Wait for io.orbitd.ewcprobe to idle
    t =   106.53s Checking existence of `"Decide it myself" Button`
    t =   106.62s Find the "Decide it myself" Button
    t =   106.70s Find the "Decide it myself" Button
    t =   106.80s Checking existence of `"Decide it myself" Button`
    t =   106.89s Find the "Decide it myself" Button
    t =   106.97s Press Window at {{0.0, 0.0}, {402.0, 874.0}}[0.03, 0.62] for 0.1 seconds, then drag to Window at {{0.0, 0.0}, {402.0, 874.0}}[0.03, 0.62] -> (0.0, -140.0) with velocity of 250.00 pixels per second, and then hold for 0.6 seconds 
    t =   106.97s     Wait for io.orbitd.ewcprobe to idle
    t =   106.98s     Find the Window at {{0.0, 0.0}, {402.0, 874.0}}
    t =   106.99s     Check for interrupting elements affecting Window
    t =   107.06s     Synthesize event
    t =   107.06s         Find the Window at {{0.0, 0.0}, {402.0, 874.0}}
    t =   107.09s         Find the Window at {{0.0, 0.0}, {402.0, 874.0}}
    t =   107.14s         Find the Window at {{0.0, 0.0}, {402.0, 874.0}}
    t =   107.16s         Find the Window at {{0.0, 0.0}, {402.0, 874.0}}
    t =   107.20s         Find the Window at {{0.0, 0.0}, {402.0, 874.0}}
    t =   108.76s     Wait for io.orbitd.ewcprobe to idle
    t =   110.16s Checking existence of `"Decide it myself" Button`
    t =   110.23s Find the "Decide it myself" Button
    t =   110.34s Find the "Decide it myself" Button
    t =   110.43s Checking existence of `"Decide it myself" Button`
    t =   110.49s Find the "Decide it myself" Button
    t =   110.57s Press Window at {{0.0, 0.0}, {402.0, 874.0}}[0.03, 0.62] for 0.1 seconds, then drag to Window at {{0.0, 0.0}, {402.0, 874.0}}[0.03, 0.62] -> (0.0, -140.0) with velocity of 250.00 pixels per second, and then hold for 0.6 seconds 
    t =   110.57s     Wait for io.orbitd.ewcprobe to idle
    t =   110.57s     Find the Window at {{0.0, 0.0}, {402.0, 874.0}}
    t =   110.58s     Check for interrupting elements affecting Window
    t =   110.65s     Synthesize event
    t =   110.65s         Find the Window at {{0.0, 0.0}, {402.0, 874.0}}
    t =   110.66s         Find the Window at {{0.0, 0.0}, {402.0, 874.0}}
    t =   110.68s         Find the Window at {{0.0, 0.0}, {402.0, 874.0}}
    t =   110.69s         Find the Window at {{0.0, 0.0}, {402.0, 874.0}}
    t =   110.71s         Find the Window at {{0.0, 0.0}, {402.0, 874.0}}
    t =   112.17s     Wait for io.orbitd.ewcprobe to idle
    t =   113.59s Find the "Decide it myself" Button
    t =   114.06s Requesting snapshot of accessibility hierarchy for app with pid 31395
    t =   114.72s Requesting snapshot of accessibility hierarchy for app with pid 31395
    t =   116.36s Get all elements bound by index for: Descendants matching type StaticText
    t =   116.49s Find the StaticText (Element at index 0)
    t =   116.59s Find the StaticText (Element at index 1)
    t =   116.65s Find the StaticText (Element at index 2)
    t =   116.73s Find the StaticText (Element at index 3)
    t =   116.80s Find the StaticText (Element at index 4)
    t =   116.90s Find the StaticText (Element at index 5)
    t =   116.98s Find the StaticText (Element at index 6)
    t =   117.04s Find the StaticText (Element at index 7)
    t =   117.14s Find the StaticText (Element at index 8)
    t =   117.20s Find the StaticText (Element at index 9)
    t =   117.29s Find the StaticText (Element at index 10)
    t =   117.41s Find the StaticText (Element at index 11)
    t =   117.48s Find the StaticText (Element at index 12)
    t =   117.58s Find the StaticText (Element at index 13)
    t =   117.69s Find the StaticText (Element at index 14)
    t =   117.89s Find the StaticText (Element at index 15)
    t =   117.98s Find the StaticText (Element at index 16)
    t =   118.06s Find the StaticText (Element at index 17)
    t =   118.18s Find the StaticText (Element at index 18)
    t =   118.35s Find the StaticText (Element at index 19)
    t =   118.46s Find the StaticText (Element at index 20)
    t =   118.57s Find the StaticText (Element at index 21)
    t =   118.63s Find the StaticText (Element at index 22)
    t =   118.73s Find the StaticText (Element at index 23)
    t =   118.85s Find the StaticText (Element at index 24)
    t =   118.95s Find the StaticText (Element at index 25)
    t =   119.03s Find the StaticText (Element at index 26)
    t =   119.11s Find the StaticText (Element at index 27)
    t =   119.18s Get all elements bound by index for: Descendants matching type Button
    t =   119.26s Find the Button (Element at index 0)
    t =   119.33s Find the Button (Element at index 1)
    t =   119.39s Find the Button (Element at index 2)
    t =   119.49s Find the Button (Element at index 3)
    t =   119.58s Find the Button (Element at index 4)
    t =   119.67s Find the Button (Element at index 5)
    t =   119.76s Find the Button (Element at index 6)
    t =   119.91s Find the Button (Element at index 7)
    t =   120.03s Find the Button (Element at index 8)
    t =   120.11s Find the Button (Element at index 9)
    t =   120.18s Find the Button (Element at index 10)
    t =   120.24s Find the Button (Element at index 11)
    t =   120.33s Find the Button (Element at index 12)
    t =   120.43s Find the Button (Element at index 13)
    t =   120.52s Find the Button (Element at index 14)
    t =   120.63s Find the Button (Element at index 15)
    t =   120.71s Find the Button (Element at index 16)
    t =   120.78s Find the Button (Element at index 17)
    t =   120.85s Find the Button (Element at index 18)
    t =   120.91s Find the Button (Element at index 19)
    t =   120.98s Find the Button (Element at index 20)
    t =   121.04s Find the Button (Element at index 21)
    t =   121.94s Added attachment named 'ios-01-queued-dark'
    t =   121.95s Get all elements bound by index for: Elements matching predicate 'label BEGINSWITH "Decide it myself"'
    t =   122.05s Checking existence of `Button (Element at index 0)`
    t =   122.12s Find the Button (Element at index 0)
    t =   122.22s Waiting 10.0s for "Decide it myself" Button to exist
    t =   123.24s     Checking `Expect predicate `existsNoRetry == 1` for object "Decide it myself" Button`
    t =   123.25s         Checking existence of `"Decide it myself" Button`
    t =   123.32s Checking existence of `"Decide it myself" Button`
    t =   123.40s Find the "Decide it myself" Button
    t =   123.47s Find the "Decide it myself" Button
    t =   123.54s Find the "Decide it myself" Button
    t =   123.62s Find the "Decide it myself" Button
    t =   123.71s Find the "Decide it myself" Button
    t =   123.81s Find the "Decide it myself" Button
    t =   123.91s Tap "Decide it myself" Button
    t =   123.91s     Wait for io.orbitd.ewcprobe to idle
    t =   123.92s     Find the "Decide it myself" Button
    t =   124.01s     Check for interrupting elements affecting "Decide it myself" Button
    t =   124.08s     Synthesize event
    t =   124.40s     Wait for io.orbitd.ewcprobe to idle
    t =   125.29s Checking existence of `Any (First Match)`
    t =   128.08s Checking existence of `Any (First Match)`
    t =   128.38s Checking existence of `Any (First Match)`
    t =   128.89s Checking existence of `Any (First Match)`
    t =   129.36s Checking existence of `Any (First Match)`
    t =   129.81s Checking existence of `Any (First Match)`
    t =   130.05s Checking existence of `Any (First Match)`
    t =   130.28s Checking existence of `Any (First Match)`
    t =   130.50s Get all elements bound by index for: Descendants matching type StaticText
    t =   130.63s Find the StaticText (Element at index 0)
    t =   130.76s Find the StaticText (Element at index 1)
    t =   130.88s Find the StaticText (Element at index 2)
    t =   130.99s Find the StaticText (Element at index 3)
    t =   131.10s Find the StaticText (Element at index 4)
    t =   131.21s Find the StaticText (Element at index 5)
    t =   131.33s Find the StaticText (Element at index 6)
    t =   131.44s Find the StaticText (Element at index 7)
    t =   131.55s Find the StaticText (Element at index 8)
    t =   131.65s Find the StaticText (Element at index 9)
    t =   131.75s Find the StaticText (Element at index 10)
    t =   131.85s Find the StaticText (Element at index 11)
    t =   131.93s Find the StaticText (Element at index 12)
    t =   132.02s Find the StaticText (Element at index 13)
    t =   132.10s Find the StaticText (Element at index 14)
    t =   132.20s Find the StaticText (Element at index 15)
    t =   132.30s Find the StaticText (Element at index 16)
    t =   132.42s Find the StaticText (Element at index 17)
    t =   132.52s Find the StaticText (Element at index 18)
    t =   132.61s Find the StaticText (Element at index 19)
    t =   132.71s Find the StaticText (Element at index 20)
    t =   132.80s Find the StaticText (Element at index 21)
    t =   132.91s Find the StaticText (Element at index 22)
    t =   133.00s Find the StaticText (Element at index 23)
    t =   133.11s Find the StaticText (Element at index 24)
    t =   133.21s Find the StaticText (Element at index 25)
    t =   133.32s Find the StaticText (Element at index 26)
    t =   133.43s Find the StaticText (Element at index 27)
    t =   133.53s Find the StaticText (Element at index 28)
    t =   133.63s Find the StaticText (Element at index 29)
    t =   133.74s Find the StaticText (Element at index 30)
    t =   133.84s Find the StaticText (Element at index 31)
    t =   133.95s Find the StaticText (Element at index 32)
    t =   134.05s Find the StaticText (Element at index 33)
    t =   134.16s Find the StaticText (Element at index 34)
    t =   134.27s Find the StaticText (Element at index 35)
    t =   134.37s Find the StaticText (Element at index 36)
    t =   134.49s Find the StaticText (Element at index 37)
    t =   134.61s Find the StaticText (Element at index 38)
    t =   134.73s Find the StaticText (Element at index 39)
    t =   134.83s Find the StaticText (Element at index 40)
    t =   135.01s Find the StaticText (Element at index 41)
    t =   135.21s Find the StaticText (Element at index 42)
    t =   135.32s Find the StaticText (Element at index 43)
    t =   135.44s Find the StaticText (Element at index 44)
    t =   135.53s Get all elements bound by index for: Descendants matching type Button
    t =   135.65s Find the Button (Element at index 0)
    t =   135.73s Find the Button (Element at index 1)
    t =   135.82s Find the Button (Element at index 2)
    t =   135.90s Find the Button (Element at index 3)
    t =   135.97s Find the Button (Element at index 4)
    t =   136.05s Find the Button (Element at index 5)
    t =   136.14s Find the Button (Element at index 6)
    t =   136.23s Find the Button (Element at index 7)
    t =   136.32s Find the Button (Element at index 8)
    t =   136.44s Find the Button (Element at index 9)
    t =   136.54s Find the Button (Element at index 10)
    t =   136.62s Find the Button (Element at index 11)
    t =   136.72s Find the Button (Element at index 12)
    t =   136.81s Find the Button (Element at index 13)
    t =   137.11s Find the Button (Element at index 14)
    t =   137.31s Find the Button (Element at index 15)
    t =   137.56s Find the Button (Element at index 16)
    t =   137.89s Find the Button (Element at index 17)
    t =   138.02s Find the Button (Element at index 18)
    t =   138.12s Find the Button (Element at index 19)
    t =   138.24s Find the Button (Element at index 20)
    t =   138.35s Find the Button (Element at index 21)
    t =   138.45s Find the Button (Element at index 22)
    t =   138.58s Find the Button (Element at index 23)
    t =   138.69s Find the Button (Element at index 24)
    t =   138.84s Find the Button (Element at index 25)
    t =   138.92s Find the Button (Element at index 26)
    t =   139.01s Find the Button (Element at index 27)
    t =   139.10s Find the Button (Element at index 28)
    t =   139.19s Find the Button (Element at index 29)
    t =   139.53s Added attachment named 'ios-02-sheet-dark'
    t =   139.53s Waiting 5.0s for "Close" Button to exist
    t =   140.61s     Checking `Expect predicate `existsNoRetry == 1` for object "Close" Button`
    t =   140.61s         Checking existence of `"Close" Button`
    t =   140.74s Tap "Close" Button
    t =   140.74s     Wait for io.orbitd.ewcprobe to idle
    t =   140.74s     Find the "Close" Button
    t =   140.86s     Check for interrupting elements affecting "xmark" Button
    t =   140.96s     Synthesize event
    t =   141.28s     Wait for io.orbitd.ewcprobe to idle
    t =   143.67s Checking existence of `Any (First Match)`
    t =   144.97s Checking existence of `Any (First Match)`
    t =   146.23s Checking existence of `Any (First Match)`
    t =   147.52s Checking existence of `Any (First Match)`
    t =   148.72s Checking existence of `Any (First Match)`
    t =   149.60s Added attachment named 'ios-03a-back-dark'
    t =   149.61s Checking existence of `Any (First Match)`
    t =   150.85s Checking existence of `Any (First Match)`
    t =   152.11s Checking existence of `Any (First Match)`
    t =   153.45s Checking existence of `Any (First Match)`
    t =   154.65s Checking existence of `Any (First Match)`
    t =   155.97s Checking existence of `Any (First Match)`
    t =   157.26s Checking existence of `Any (First Match)`
    t =   158.81s Checking existence of `Any (First Match)`
    t =   159.02s Checking existence of `Any (First Match)`
    t =   161.81s Checking existence of `"Scroll to latest" Button`
    t =   161.94s Checking existence of `Any (First Match)`
    t =   162.50s Find the Any (First Match)
    t =   162.79s Checking existence of `Any (First Match)`
    t =   163.03s Checking existence of `Any (First Match)`
    t =   163.45s Checking existence of `Any (First Match)`
    t =   163.70s Checking existence of `Any (First Match)`
    t =   163.91s Checking existence of `Any (First Match)`
    t =   164.10s Find the Any (First Match)
    t =   164.37s Find the "Sent to the coordinator · 5:57 AM" StaticText
    t =   164.85s Find the "Sent to the coordinator · 5:57 AM" StaticText
    t =   165.14s Find the "Sent to the coordinator · 5:57 AM" StaticText
    t =   165.61s Find the "Sent to the coordinator · 5:57 AM" StaticText
    t =   165.87s Checking existence of `Any (First Match)`
    t =   166.09s Find the Any (First Match)
    t =   166.34s Find the "[Project “Tablet 客户端：与 iOS 体验对齐” has evidence waiting for your judgment] Task “B07c · 卡片增量与会话提醒条（B07-1/2/3/4/5/6/7/8/9/11）” submitted revision 1 of its completion evidence. This revision was submitted at 2026-10-09T21:55:03.521Z while you were unavailable. It waited for you; nobody has decided it yet." TextView
    t =   166.58s Find the "[Project “Tablet 客户端：与 iOS 体验对齐” has evidence waiting for your judgment] Task “B07c · 卡片增量与会话提醒条（B07-1/2/3/4/5/6/7/8/9/11）” submitted revision 1 of its completion evidence. This revision was submitted at 2026-10-09T21:55:03.521Z while you were unavailable. It waited for you; nobody has decided it yet." TextView
    t =   166.76s Find the "[Project “Tablet 客户端：与 iOS 体验对齐” has evidence waiting for your judgment] Task “B07c · 卡片增量与会话提醒条（B07-1/2/3/4/5/6/7/8/9/11）” submitted revision 1 of its completion evidence. This revision was submitted at 2026-10-09T21:55:03.521Z while you were unavailable. It waited for you; nobody has decided it yet." TextView
    t =   166.94s Find the "[Project “Tablet 客户端：与 iOS 体验对齐” has evidence waiting for your judgment] Task “B07c · 卡片增量与会话提醒条（B07-1/2/3/4/5/6/7/8/9/11）” submitted revision 1 of its completion evidence. This revision was submitted at 2026-10-09T21:55:03.521Z while you were unavailable. It waited for you; nobody has decided it yet." TextView
    t =   167.16s Checking existence of `"Sent to the coordinator · 5:57 AM" StaticText`
    t =   167.33s Checking existence of `"[Project “Tablet 客户端：与 iOS 体验对齐” has evidence waiting for your judgment] Task “B07c · 卡片增量与会话提醒条（B07-1/2/3/4/5/6/7/8/9/11）” submitted revision 1 of its completion evidence. This revision was submitted at 2026-10-09T21:55:03.521Z while you were unavailable. It waited for you; nobody has decided it yet." TextView`
    t =   167.51s Find the "Sent to the coordinator · 5:57 AM" StaticText
    t =   167.84s Find the "[Project “Tablet 客户端：与 iOS 体验对齐” has evidence waiting for your judgment] Task “B07c · 卡片增量与会话提醒条（B07-1/2/3/4/5/6/7/8/9/11）” submitted revision 1 of its completion evidence. This revision was submitted at 2026-10-09T21:55:03.521Z while you were unavailable. It waited for you; nobody has decided it yet." TextView
    t =   168.03s Get all elements bound by index for: Descendants matching type StaticText
    t =   168.11s Find the StaticText (Element at index 0)
    t =   168.17s Find the StaticText (Element at index 1)
    t =   168.23s Find the StaticText (Element at index 2)
    t =   168.29s Find the StaticText (Element at index 3)
    t =   168.36s Find the StaticText (Element at index 4)
    t =   168.42s Find the StaticText (Element at index 5)
    t =   168.51s Find the StaticText (Element at index 6)
    t =   168.59s Find the StaticText (Element at index 7)
    t =   168.67s Find the StaticText (Element at index 8)
    t =   168.75s Find the StaticText (Element at index 9)
    t =   168.83s Find the StaticText (Element at index 10)
    t =   168.90s Find the StaticText (Element at index 11)
    t =   168.96s Find the StaticText (Element at index 12)
    t =   169.08s Find the StaticText (Element at index 13)
    t =   169.17s Find the StaticText (Element at index 14)
    t =   169.23s Find the StaticText (Element at index 15)
    t =   169.30s Find the StaticText (Element at index 16)
    t =   169.36s Find the StaticText (Element at index 17)
    t =   169.44s Find the StaticText (Element at index 18)
    t =   169.52s Find the StaticText (Element at index 19)
    t =   169.60s Get all elements bound by index for: Descendants matching type Button
    t =   169.66s Find the Button (Element at index 0)
    t =   169.73s Find the Button (Element at index 1)
    t =   169.79s Find the Button (Element at index 2)
    t =   169.84s Find the Button (Element at index 3)
    t =   169.90s Find the Button (Element at index 4)
    t =   169.97s Find the Button (Element at index 5)
    t =   170.03s Find the Button (Element at index 6)
    t =   170.16s Find the Button (Element at index 7)
    t =   170.26s Find the Button (Element at index 8)
    t =   170.32s Find the Button (Element at index 9)
    t =   170.38s Find the Button (Element at index 10)
    t =   170.44s Find the Button (Element at index 11)
    t =   170.51s Find the Button (Element at index 12)
    t =   170.57s Find the Button (Element at index 13)
    t =   170.65s Find the Button (Element at index 14)
    t =   170.76s Find the Button (Element at index 15)
    t =   170.84s Find the Button (Element at index 16)
    t =   170.90s Find the Button (Element at index 17)
    t =   170.97s Find the Button (Element at index 18)
    t =   171.04s Find the Button (Element at index 19)
    t =   171.12s Find the Button (Element at index 20)
    t =   171.39s Added attachment named 'ios-03-sent-dark'
    t =   171.39s Requesting snapshot of accessibility hierarchy for app with pid 31395
    t =   171.81s Requesting snapshot of accessibility hierarchy for app with pid 31395
    t =   171.99s Tear Down
Test Case '-[EwcProbeUITests.QueueShotTests test2QueuedSheetAndSentDark]' passed (172.513 seconds).
Test Suite 'QueueShotTests' passed at 2026-10-09 21:58:15.246.
	 Executed 1 test, with 0 failures (0 unexpected) in 172.513 (172.514) seconds
Test Suite 'EwcProbeUITests.xctest' passed at 2026-10-09 21:58:15.247.
	 Executed 1 test, with 0 failures (0 unexpected) in 172.513 (172.515) seconds
Test Suite 'Selected tests' passed at 2026-10-09 21:58:15.247.
	 Executed 1 test, with 0 failures (0 unexpected) in 172.513 (172.516) seconds
2026-10-09 21:58:41.500 xcodebuild[29622:85766] [MT] IDETestOperationsObserverDebug: 209.802 elapsed -- Testing started completed.
2026-10-09 21:58:41.501 xcodebuild[29622:85766] [MT] IDETestOperationsObserverDebug: 0.000 sec, +0.000 sec -- start
2026-10-09 21:58:41.501 xcodebuild[29622:85766] [MT] IDETestOperationsObserverDebug: 209.802 sec, +209.802 sec -- end

Test session results, code coverage, and logs:
	/Users/runner/work/orbit/orbit/.ewc-probe/results/test2QueuedSheetAndSentDark.xcresult

** TEST EXECUTE SUCCEEDED **

Testing started
Command line invocation:
    /Applications/Xcode_26.6.app/Contents/Developer/usr/bin/xcodebuild test-without-building -project EwcProbe.xcodeproj -scheme EwcProbe -destination id=22452A91-4697-4369-8812-53ADB77EB73B -derivedDataPath .dd-ios -resultBundlePath results/test3ConfirmFromTheSheet.xcresult -only-testing EwcProbeUITests/QueueShotTests/test3ConfirmFromTheSheet CODE_SIGNING_ALLOWED=YES CODE_SIGN_IDENTITY=-

Build settings from command line:
    CODE_SIGN_IDENTITY = -
    CODE_SIGNING_ALLOWED = YES

Resolve Package Graph


Resolved source packages:
  cmark-gfm: https://github.com/swiftlang/swift-cmark.git @ 0.9.0
  OrbitKit: /Users/runner/work/orbit/orbit/src/macos/OrbitKit
  swift-markdown: https://github.com/apple/swift-markdown @ 0.9.0

Writing result bundle at path:
	/Users/runner/work/orbit/orbit/.ewc-probe/results/test3ConfirmFromTheSheet.xcresult

--- xcodebuild: WARNING: Using the first of multiple matching destinations:
{ platform:iOS Simulator, arch:arm64, id:22452A91-4697-4369-8812-53ADB77EB73B, OS:26.5, name:iPhone 17 Pro }
{ platform:iOS Simulator, arch:x86_64, id:22452A91-4697-4369-8812-53ADB77EB73B, OS:26.5, name:iPhone 17 Pro }
2026-10-09 21:59:27.804337+0000 EwcProbeUITests-Runner[44400:124441] [Default] Running tests...
2026-10-09 21:59:28.017906+0000 EwcProbeUITests-Runner[44400:124905] [General] Failed to send CA Event for app launch measurements for ca_event_type: 0 event_name: com.apple.app_launch_measurement.FirstFramePresentationMetric
    t =      nans Interface orientation changed to Portrait
2026-10-09 21:59:31.497727+0000 EwcProbeUITests-Runner[44400:124904] [General] Failed to send CA Event for app launch measurements for ca_event_type: 1 event_name: com.apple.app_launch_measurement.ExtendedLaunchMetrics
Test Suite 'Selected tests' started at 2026-10-09 21:59:31.626.
Test Suite 'EwcProbeUITests.xctest' started at 2026-10-09 21:59:31.627.
Test Suite 'QueueShotTests' started at 2026-10-09 21:59:31.627.
Test Case '-[EwcProbeUITests.QueueShotTests test3ConfirmFromTheSheet]' started.
    t =     0.00s Start Test at 2026-10-09 21:59:31.633
    t =     0.22s Set Up
objc[44400]: Class UIAccessibilityLoaderWebShared is implemented in both /Library/Developer/CoreSimulator/Volumes/iOS_23F77/Library/Developer/CoreSimulator/Profiles/Runtimes/iOS 26.5.simruntime/Contents/Resources/RuntimeRoot/System/Library/AccessibilityBundles/WebCore.axbundle/WebCore (0x1083b4310) and /Library/Developer/CoreSimulator/Volumes/iOS_23F77/Library/Developer/CoreSimulator/Profiles/Runtimes/iOS 26.5.simruntime/Contents/Resources/RuntimeRoot/System/Library/AccessibilityBundles/WebKit.axbundle/WebKit (0x108848398). This may cause spurious casting failures and mysterious crashes. One of the duplicates must be removed or renamed.
    t =     1.40s Open io.orbitd.ewcprobe
    t =     1.40s     Launch io.orbitd.ewcprobe
2026-10-09 21:59:33.818 xcodebuild[42601:120004] [MT] IDELaunchParametersSnapshot: The operation couldn’t be completed. (DebuggerLLDB.DebuggerVersionStore.StoreError error 0.)
2026-10-09 21:59:33.818 xcodebuild[42601:120004] [MT] IDELaunchParametersSnapshot: no debugger version
    t =     8.38s         Setting up automation session
    t =    10.89s         Wait for io.orbitd.ewcprobe to idle
    t =    14.21s Checking existence of `Any (First Match)`
    t =    15.92s Checking existence of `Any (First Match)`
    t =    24.32s Checking existence of `Any (First Match)`
    t =    28.37s Get all elements bound by index for: Elements matching predicate 'label BEGINSWITH "Decide it myself"'
    t =    28.64s Checking existence of `Button (Element at index 0)`
    t =    28.75s Find the Button (Element at index 0)
    t =    28.94s Waiting 10.0s for "Decide it myself" Button to exist
    t =    29.99s     Checking `Expect predicate `existsNoRetry == 1` for object "Decide it myself" Button`
    t =    30.00s         Checking existence of `"Decide it myself" Button`
    t =    30.12s Checking existence of `"Decide it myself" Button`
    t =    30.26s Find the "Decide it myself" Button
    t =    30.39s Find the "Decide it myself" Button
    t =    30.48s Find the "Decide it myself" Button
    t =    30.59s Find the "Decide it myself" Button
    t =    30.69s Find the "Decide it myself" Button
    t =    30.84s Find the "Decide it myself" Button
    t =    30.98s Tap "Decide it myself" Button
    t =    30.98s     Wait for io.orbitd.ewcprobe to idle
    t =    30.98s     Find the "Decide it myself" Button
    t =    31.09s     Check for interrupting elements affecting "Decide it myself" Button
    t =    31.21s     Synthesize event
    t =    31.53s     Wait for io.orbitd.ewcprobe to idle
    t =    32.24s Checking existence of `Any (First Match)`
    t =    35.04s Checking existence of `Any (First Match)`
    t =    35.65s Checking existence of `Any (First Match)`
    t =    36.26s Checking existence of `Any (First Match)`
    t =    36.76s Checking existence of `Any (First Match)`
    t =    37.26s Checking existence of `Any (First Match)`
    t =    37.62s Checking existence of `Any (First Match)`
    t =    38.67s Checking existence of `Any (First Match)`
    t =    39.14s Get all elements bound by index for: Descendants matching type StaticText
    t =    39.30s Find the StaticText (Element at index 0)
    t =    39.42s Find the StaticText (Element at index 1)
    t =    39.51s Find the StaticText (Element at index 2)
    t =    39.61s Find the StaticText (Element at index 3)
    t =    39.72s Find the StaticText (Element at index 4)
    t =    39.87s Find the StaticText (Element at index 5)
    t =    40.01s Find the StaticText (Element at index 6)
    t =    40.14s Find the StaticText (Element at index 7)
    t =    40.30s Find the StaticText (Element at index 8)
    t =    40.41s Find the StaticText (Element at index 9)
    t =    40.52s Find the StaticText (Element at index 10)
    t =    40.65s Find the StaticText (Element at index 11)
    t =    40.77s Find the StaticText (Element at index 12)
    t =    40.91s Find the StaticText (Element at index 13)
    t =    41.03s Find the StaticText (Element at index 14)
    t =    41.15s Find the StaticText (Element at index 15)
    t =    41.29s Find the StaticText (Element at index 16)
    t =    41.46s Find the StaticText (Element at index 17)
    t =    41.58s Find the StaticText (Element at index 18)
    t =    41.69s Find the StaticText (Element at index 19)
    t =    41.84s Find the StaticText (Element at index 20)
    t =    42.03s Find the StaticText (Element at index 21)
    t =    42.16s Find the StaticText (Element at index 22)
    t =    42.27s Find the StaticText (Element at index 23)
    t =    42.38s Find the StaticText (Element at index 24)
    t =    42.50s Find the StaticText (Element at index 25)
    t =    42.62s Find the StaticText (Element at index 26)
    t =    42.85s Find the StaticText (Element at index 27)
    t =    43.02s Find the StaticText (Element at index 28)
    t =    43.16s Find the StaticText (Element at index 29)
    t =    43.33s Find the StaticText (Element at index 30)
    t =    43.49s Find the StaticText (Element at index 31)
    t =    43.66s Find the StaticText (Element at index 32)
    t =    43.83s Find the StaticText (Element at index 33)
    t =    43.99s Find the StaticText (Element at index 34)
    t =    44.18s Find the StaticText (Element at index 35)
    t =    44.33s Find the StaticText (Element at index 36)
    t =    44.52s Find the StaticText (Element at index 37)
    t =    44.78s Find the StaticText (Element at index 38)
    t =    44.91s Find the StaticText (Element at index 39)
    t =    45.24s Find the StaticText (Element at index 40)
    t =    45.41s Find the StaticText (Element at index 41)
    t =    45.53s Find the StaticText (Element at index 42)
    t =    45.67s Find the StaticText (Element at index 43)
    t =    45.81s Find the StaticText (Element at index 44)
    t =    45.93s Get all elements bound by index for: Descendants matching type Button
    t =    46.06s Find the Button (Element at index 0)
    t =    46.16s Find the Button (Element at index 1)
    t =    46.31s Find the Button (Element at index 2)
    t =    46.41s Find the Button (Element at index 3)
    t =    46.52s Find the Button (Element at index 4)
    t =    46.65s Find the Button (Element at index 5)
    t =    46.78s Find the Button (Element at index 6)
    t =    47.00s Find the Button (Element at index 7)
    t =    47.20s Find the Button (Element at index 8)
    t =    47.32s Find the Button (Element at index 9)
    t =    47.44s Find the Button (Element at index 10)
    t =    47.54s Find the Button (Element at index 11)
    t =    47.67s Find the Button (Element at index 12)
    t =    47.83s Find the Button (Element at index 13)
    t =    47.99s Find the Button (Element at index 14)
    t =    48.14s Find the Button (Element at index 15)
    t =    48.32s Find the Button (Element at index 16)
    t =    48.44s Find the Button (Element at index 17)
    t =    48.62s Find the Button (Element at index 18)
    t =    48.75s Find the Button (Element at index 19)
    t =    48.90s Find the Button (Element at index 20)
    t =    49.01s Find the Button (Element at index 21)
    t =    49.11s Find the Button (Element at index 22)
    t =    49.23s Find the Button (Element at index 23)
    t =    49.39s Find the Button (Element at index 24)
    t =    49.52s Find the Button (Element at index 25)
    t =    49.63s Find the Button (Element at index 26)
    t =    49.78s Find the Button (Element at index 27)
    t =    49.89s Find the Button (Element at index 28)
    t =    50.01s Find the Button (Element at index 29)
    t =    50.15s Get all elements bound by index for: Elements matching predicate 'label BEGINSWITH "Confirm done"'
    t =    50.29s Checking existence of `Button (Element at index 0)`
    t =    50.43s Find the Button (Element at index 0)
    t =    50.57s Checking existence of `"Confirm done" Button`
    t =    50.67s Tap "Confirm done" Button
    t =    50.67s     Wait for io.orbitd.ewcprobe to idle
    t =    50.67s     Find the "Confirm done" Button
    t =    50.83s     Check for interrupting elements affecting "Confirm done" Button
    t =    50.94s     Synthesize event
    t =    51.25s     Wait for io.orbitd.ewcprobe to idle
    t =    51.39s Checking existence of `Any (First Match)`
    t =    55.77s Checking existence of `"Close" Button`
    t =    55.97s Checking existence of `Any (First Match)`
    t =    57.82s Checking existence of `Any (First Match)`
    t =    58.04s Checking existence of `Any (First Match)`
    t =    58.26s Get all elements bound by index for: Descendants matching type StaticText
    t =    58.34s Find the StaticText (Element at index 0)
    t =    58.41s Find the StaticText (Element at index 1)
    t =    58.48s Find the StaticText (Element at index 2)
    t =    58.56s Find the StaticText (Element at index 3)
    t =    58.62s Find the StaticText (Element at index 4)
    t =    58.69s Find the StaticText (Element at index 5)
    t =    58.76s Find the StaticText (Element at index 6)
    t =    58.82s Find the StaticText (Element at index 7)
    t =    58.90s Find the StaticText (Element at index 8)
    t =    58.98s Find the StaticText (Element at index 9)
    t =    59.10s Find the StaticText (Element at index 10)
    t =    59.22s Find the StaticText (Element at index 11)
    t =    59.32s Find the StaticText (Element at index 12)
    t =    59.40s Find the StaticText (Element at index 13)
    t =    59.48s Find the StaticText (Element at index 14)
    t =    59.56s Find the StaticText (Element at index 15)
    t =    59.63s Find the StaticText (Element at index 16)
    t =    59.68s Find the StaticText (Element at index 17)
    t =    59.75s Find the StaticText (Element at index 18)
    t =    59.83s Find the StaticText (Element at index 19)
    t =    59.90s Find the StaticText (Element at index 20)
    t =    60.04s Find the StaticText (Element at index 21)
    t =    60.12s Find the StaticText (Element at index 22)
    t =    60.18s Find the StaticText (Element at index 23)
    t =    60.27s Find the StaticText (Element at index 24)
    t =    60.35s Get all elements bound by index for: Descendants matching type Button
    t =    60.42s Find the Button (Element at index 0)
    t =    60.49s Find the Button (Element at index 1)
    t =    60.59s Find the Button (Element at index 2)
    t =    60.67s Find the Button (Element at index 3)
    t =    60.73s Find the Button (Element at index 4)
    t =    60.81s Find the Button (Element at index 5)
    t =    60.87s Find the Button (Element at index 6)
    t =    60.93s Find the Button (Element at index 7)
    t =    61.03s Find the Button (Element at index 8)
    t =    61.13s Find the Button (Element at index 9)
    t =    61.20s Find the Button (Element at index 10)
    t =    61.27s Find the Button (Element at index 11)
    t =    61.34s Find the Button (Element at index 12)
    t =    61.48s Find the Button (Element at index 13)
    t =    61.57s Find the Button (Element at index 14)
    t =    61.63s Find the Button (Element at index 15)
    t =    61.69s Find the Button (Element at index 16)
    t =    61.78s Find the Button (Element at index 17)
    t =    61.87s Find the Button (Element at index 18)
    t =    61.96s Find the Button (Element at index 19)
    t =    62.04s Find the Button (Element at index 20)
    t =    62.12s Find the Button (Element at index 21)
    t =    62.39s Added attachment named 'ios-04-decided'
    t =    62.40s Tear Down
Test Case '-[EwcProbeUITests.QueueShotTests test3ConfirmFromTheSheet]' passed (62.914 seconds).
Test Suite 'QueueShotTests' passed at 2026-10-09 22:00:34.545.
	 Executed 1 test, with 0 failures (0 unexpected) in 62.914 (62.918) seconds
Test Suite 'EwcProbeUITests.xctest' passed at 2026-10-09 22:00:34.546.
	 Executed 1 test, with 0 failures (0 unexpected) in 62.914 (62.919) seconds
Test Suite 'Selected tests' passed at 2026-10-09 22:00:34.547.
	 Executed 1 test, with 0 failures (0 unexpected) in 62.914 (62.920) seconds
2026-10-09 22:01:00.801 xcodebuild[42601:120004] [MT] IDETestOperationsObserverDebug: 117.496 elapsed -- Testing started completed.
2026-10-09 22:01:00.803 xcodebuild[42601:120004] [MT] IDETestOperationsObserverDebug: 0.000 sec, +0.000 sec -- start
2026-10-09 22:01:00.803 xcodebuild[42601:120004] [MT] IDETestOperationsObserverDebug: 117.496 sec, +117.496 sec -- end

Test session results, code coverage, and logs:
	/Users/runner/work/orbit/orbit/.ewc-probe/results/test3ConfirmFromTheSheet.xcresult

** TEST EXECUTE SUCCEEDED **

Testing started
