Command line invocation:
    /Applications/Xcode_26.6.app/Contents/Developer/usr/bin/xcodebuild test -project A1Probe.xcodeproj -scheme A1MacProbe -destination platform=macOS -derivedDataPath .dd-mac -resultBundlePath results/mac.xcresult CODE_SIGNING_ALLOWED=YES CODE_SIGN_IDENTITY=-

Build settings from command line:
    CODE_SIGN_IDENTITY = -
    CODE_SIGNING_ALLOWED = YES

Resolve Package Graph

Fetching from https://github.com/apple/swift-markdown

Fetching from https://github.com/swiftlang/swift-cmark.git

Fetching from https://github.com/sparkle-project/Sparkle

Creating working copy of package ‘Sparkle’

Checking out 2.10.0 of package ‘Sparkle’

Creating working copy of package ‘swift-cmark’

Checking out 0.9.0 of package ‘swift-cmark’

Creating working copy of package ‘swift-markdown’

Checking out 0.9.0 of package ‘swift-markdown’


Resolved source packages:
  Sparkle: https://github.com/sparkle-project/Sparkle @ 2.10.0
  cmark-gfm: https://github.com/swiftlang/swift-cmark.git @ 0.9.0
  OrbitKit: /Users/runner/work/orbit/orbit/src/macos/OrbitKit
  swift-markdown: https://github.com/apple/swift-markdown @ 0.9.0

Writing result bundle at path:
	/Users/runner/work/orbit/orbit/.a1-probe/results/mac.xcresult

--- xcodebuild: WARNING: Using the first of multiple matching destinations:
{ platform:macOS, arch:arm64, id:2dd61858c86a304199c013b660eb0c986d7d8e9e, name:My Mac }
{ platform:macOS, arch:x86_64, id:2dd61858c86a304199c013b660eb0c986d7d8e9e, name:My Mac }
note: Using codesigning identity override: -
ComputePackagePrebuildTargetDependencyGraph

Prepare packages

CreateBuildRequest

SendProjectDescription

CreateBuildOperation

ComputeTargetDependencyGraph
note: Building targets in dependency order
note: Target dependency graph (12 targets)
    Target 'A1MacProbeUITests' in project 'A1Probe'
        ➜ Explicit dependency on target 'A1MacProbe' in project 'A1Probe'
    Target 'A1MacProbe' in project 'A1Probe'
        ➜ Explicit dependency on target 'OrbitKit' in project 'OrbitKit'
        ➜ Explicit dependency on target 'Sparkle' in project 'Sparkle'
    Target 'Sparkle' in project 'Sparkle' (no dependencies)
    Target 'OrbitKit' in project 'OrbitKit'
        ➜ Explicit dependency on target 'OrbitKit' in project 'OrbitKit'
        ➜ Explicit dependency on target 'Markdown' in project 'swift-markdown'
    Target 'OrbitKit' in project 'OrbitKit'
        ➜ Explicit dependency on target 'Markdown' in project 'swift-markdown'
    Target 'Markdown' in project 'swift-markdown'
        ➜ Explicit dependency on target 'Markdown' in project 'swift-markdown'
        ➜ Explicit dependency on target 'CAtomic' in project 'swift-markdown'
        ➜ Explicit dependency on target 'cmark-gfm' in project 'cmark-gfm'
        ➜ Explicit dependency on target 'cmark-gfm-extensions' in project 'cmark-gfm'
    Target 'Markdown' in project 'swift-markdown'
        ➜ Explicit dependency on target 'CAtomic' in project 'swift-markdown'
        ➜ Explicit dependency on target 'cmark-gfm' in project 'cmark-gfm'
        ➜ Explicit dependency on target 'cmark-gfm-extensions' in project 'cmark-gfm'
    Target 'cmark-gfm-extensions' in project 'cmark-gfm'
        ➜ Explicit dependency on target 'cmark-gfm-extensions' in project 'cmark-gfm'
        ➜ Explicit dependency on target 'cmark-gfm' in project 'cmark-gfm'
    Target 'cmark-gfm-extensions' in project 'cmark-gfm'
        ➜ Explicit dependency on target 'cmark-gfm' in project 'cmark-gfm'
    Target 'cmark-gfm' in project 'cmark-gfm'
        ➜ Explicit dependency on target 'cmark-gfm' in project 'cmark-gfm'
    Target 'cmark-gfm' in project 'cmark-gfm' (no dependencies)
    Target 'CAtomic' in project 'swift-markdown' (no dependencies)

GatherProvisioningInputs

CreateBuildDescription

ExecuteExternalTool /Applications/Xcode_26.6.app/Contents/Developer/Toolchains/XcodeDefault.xctoolchain/usr/bin/clang -v -E -dM -arch arm64 -isysroot /Applications/Xcode_26.6.app/Contents/Developer/Platforms/MacOSX.platform/Developer/SDKs/MacOSX26.5.sdk -x c -c /dev/null

ExecuteExternalTool /Applications/Xcode_26.6.app/Contents/Developer/Toolchains/XcodeDefault.xctoolchain/usr/bin/swiftc --version

ExecuteExternalTool /Applications/Xcode_26.6.app/Contents/Developer/usr/bin/actool --version --output-format xml1

ExecuteExternalTool /Applications/Xcode_26.6.app/Contents/Developer/Toolchains/XcodeDefault.xctoolchain/usr/bin/clang -v -E -dM -isysroot /Applications/Xcode_26.6.app/Contents/Developer/Platforms/MacOSX.platform/Developer/SDKs/MacOSX26.5.sdk -x c -c /dev/null

ExecuteExternalTool /Applications/Xcode_26.6.app/Contents/Developer/Toolchains/XcodeDefault.xctoolchain/usr/bin/ld -version_details

ReadFileContents /Applications/Xcode_26.6.app/Contents/Developer/Toolchains/XcodeDefault.xctoolchain/usr/share/docc/features.json

Build description signature: 1a390d00a099dee39aab2d7d605f0633
Build description path: /Users/runner/work/orbit/orbit/.a1-probe/.dd-mac/Build/Intermediates.noindex/XCBuildData/1a390d00a099dee39aab2d7d605f0633.xcbuilddata
ClangStatCache /Applications/Xcode_26.6.app/Contents/Developer/Toolchains/XcodeDefault.xctoolchain/usr/bin/clang-stat-cache /Applications/Xcode_26.6.app/Contents/Developer/Platforms/MacOSX.platform/Developer/SDKs/MacOSX26.5.sdk /Users/runner/work/orbit/orbit/.a1-probe/.dd-mac/SDKStatCaches.noindex/macosx26.5-25F70-688ef53f1462e2c8f657fdc38a81448fee0e6409aa6676c5e6c013d148225433.sdkstatcache
    cd /Users/runner/work/orbit/orbit/.a1-probe/A1Probe.xcodeproj
    /Applications/Xcode_26.6.app/Contents/Developer/Toolchains/XcodeDefault.xctoolchain/usr/bin/clang-stat-cache /Applications/Xcode_26.6.app/Contents/Developer/Platforms/MacOSX.platform/Developer/SDKs/MacOSX26.5.sdk -o /Users/runner/work/orbit/orbit/.a1-probe/.dd-mac/SDKStatCaches.noindex/macosx26.5-25F70-688ef53f1462e2c8f657fdc38a81448fee0e6409aa6676c5e6c013d148225433.sdkstatcache

CreateBuildDirectory /Users/runner/work/orbit/orbit/.a1-probe/.dd-mac/Build/Products
    cd /Users/runner/work/orbit/orbit/.a1-probe/A1Probe.xcodeproj
    builtin-create-build-directory /Users/runner/work/orbit/orbit/.a1-probe/.dd-mac/Build/Products

CreateBuildDirectory /Users/runner/work/orbit/orbit/.a1-probe/.dd-mac/Build/Intermediates.noindex
    cd /Users/runner/work/orbit/orbit/.a1-probe/A1Probe.xcodeproj
    builtin-create-build-directory /Users/runner/work/orbit/orbit/.a1-probe/.dd-mac/Build/Intermediates.noindex

WriteAuxiliaryFile /Users/runner/work/orbit/orbit/.a1-probe/.dd-mac/Build/Intermediates.noindex/A1Probe.build/Debug/A1Probe-28d184ade4e2bbd2bd06734e27fd34bd-VFS/all-product-headers.yaml
    cd /Users/runner/work/orbit/orbit/.a1-probe/A1Probe.xcodeproj
    write-file /Users/runner/work/orbit/orbit/.a1-probe/.dd-mac/Build/Intermediates.noindex/A1Probe.build/Debug/A1Probe-28d184ade4e2bbd2bd06734e27fd34bd-VFS/all-product-headers.yaml

CreateBuildDirectory /Users/runner/work/orbit/orbit/.a1-probe/.dd-mac/Build/Products/Debug
    cd /Users/runner/work/orbit/orbit/.a1-probe/A1Probe.xcodeproj
    builtin-create-build-directory /Users/runner/work/orbit/orbit/.a1-probe/.dd-mac/Build/Products/Debug

CreateBuildDirectory /Users/runner/work/orbit/orbit/.a1-probe/.dd-mac/Build/Intermediates.noindex/SwiftExplicitPrecompiledModules
    cd /Users/runner/work/orbit/orbit/.a1-probe/A1Probe.xcodeproj
    builtin-create-build-directory /Users/runner/work/orbit/orbit/.a1-probe/.dd-mac/Build/Intermediates.noindex/SwiftExplicitPrecompiledModules

CreateBuildDirectory /Users/runner/work/orbit/orbit/.a1-probe/.dd-mac/Build/Intermediates.noindex/ExplicitPrecompiledModules
    cd /Users/runner/work/orbit/orbit/.a1-probe/A1Probe.xcodeproj
    builtin-create-build-directory /Users/runner/work/orbit/orbit/.a1-probe/.dd-mac/Build/Intermediates.noindex/ExplicitPrecompiledModules

CreateBuildDirectory /Users/runner/work/orbit/orbit/.a1-probe/.dd-mac/Build/Intermediates.noindex/EagerLinkingTBDs/Debug
    cd /Users/runner/work/orbit/orbit/.a1-probe/A1Probe.xcodeproj
    builtin-create-build-directory /Users/runner/work/orbit/orbit/.a1-probe/.dd-mac/Build/Intermediates.noindex/EagerLinkingTBDs/Debug

CreateBuildDirectory /Users/runner/work/orbit/orbit/.a1-probe/.dd-mac/Build/Products/Debug/PackageFrameworks
    cd /Users/runner/work/orbit/orbit/.a1-probe/A1Probe.xcodeproj
    builtin-create-build-directory /Users/runner/work/orbit/orbit/.a1-probe/.dd-mac/Build/Products/Debug/PackageFrameworks

WriteAuxiliaryFile /Users/runner/work/orbit/orbit/.a1-probe/.dd-mac/Build/Intermediates.noindex/A1Probe.build/Debug/A1MacProbeUITests.build/ProductTypeInfoPlistAdditions.plist (in target 'A1MacProbeUITests' from project 'A1Probe')
    cd /Users/runner/work/orbit/orbit/.a1-probe
    write-file /Users/runner/work/orbit/orbit/.a1-probe/.dd-mac/Build/Intermediates.noindex/A1Probe.build/Debug/A1MacProbeUITests.build/ProductTypeInfoPlistAdditions.plist

WriteAuxiliaryFile /Users/runner/work/orbit/orbit/.a1-probe/.dd-mac/Build/Intermediates.noindex/A1Probe.build/Debug/A1MacProbeUITests.build/empty-A1MacProbeUITests.plist (in target 'A1MacProbeUITests' from project 'A1Probe')
    cd /Users/runner/work/orbit/orbit/.a1-probe
    write-file /Users/runner/work/orbit/orbit/.a1-probe/.dd-mac/Build/Intermediates.noindex/A1Probe.build/Debug/A1MacProbeUITests.build/empty-A1MacProbeUITests.plist

WriteAuxiliaryFile /Users/runner/work/orbit/orbit/.a1-probe/.dd-mac/Build/Intermediates.noindex/cmark-gfm.build/Debug/cmark-gfm-extensions.build/cmark-gfm-extensions.DependencyStaticMetadataFileList (in target 'cmark-gfm-extensions' from project 'cmark-gfm')
    cd /Users/runner/work/orbit/orbit/.a1-probe/.dd-mac/SourcePackages/checkouts/swift-cmark
    write-file /Users/runner/work/orbit/orbit/.a1-probe/.dd-mac/Build/Intermediates.noindex/cmark-gfm.build/Debug/cmark-gfm-extensions.build/cmark-gfm-extensions.DependencyStaticMetadataFileList

WriteAuxiliaryFile /Users/runner/work/orbit/orbit/.a1-probe/.dd-mac/Build/Intermediates.noindex/cmark-gfm.build/Debug/cmark-gfm-extensions.build/cmark-gfm-extensions.DependencyMetadataFileList (in target 'cmark-gfm-extensions' from project 'cmark-gfm')
    cd /Users/runner/work/orbit/orbit/.a1-probe/.dd-mac/SourcePackages/checkouts/swift-cmark
    write-file /Users/runner/work/orbit/orbit/.a1-probe/.dd-mac/Build/Intermediates.noindex/cmark-gfm.build/Debug/cmark-gfm-extensions.build/cmark-gfm-extensions.DependencyMetadataFileList

WriteAuxiliaryFile /Users/runner/work/orbit/orbit/.a1-probe/.dd-mac/Build/Intermediates.noindex/cmark-gfm.build/Debug/cmark-gfm-extensions.build/Objects-normal/arm64/cmark-gfm-extensions.LinkFileList (in target 'cmark-gfm-extensions' from project 'cmark-gfm')
    cd /Users/runner/work/orbit/orbit/.a1-probe/.dd-mac/SourcePackages/checkouts/swift-cmark
    write-file /Users/runner/work/orbit/orbit/.a1-probe/.dd-mac/Build/Intermediates.noindex/cmark-gfm.build/Debug/cmark-gfm-extensions.build/Objects-normal/arm64/cmark-gfm-extensions.LinkFileList

WriteAuxiliaryFile /Users/runner/work/orbit/orbit/.a1-probe/.dd-mac/Build/Intermediates.noindex/cmark-gfm.build/Debug/cmark-gfm-extensions.build/Objects-normal/arm64/7187679823f38a2a940e0043cdf9d637-common-args.resp (in target 'cmark-gfm-extensions' from project 'cmark-gfm')
    cd /Users/runner/work/orbit/orbit/.a1-probe/.dd-mac/SourcePackages/checkouts/swift-cmark
    write-file /Users/runner/work/orbit/orbit/.a1-probe/.dd-mac/Build/Intermediates.noindex/cmark-gfm.build/Debug/cmark-gfm-extensions.build/Objects-normal/arm64/7187679823f38a2a940e0043cdf9d637-common-args.resp
-fmodules -gmodules '-fmodules-cache-path=/Users/runner/work/orbit/orbit/.a1-probe/.dd-mac/ModuleCache.noindex' '-fmodule-name=cmark_gfm_extensions' -fpascal-strings -O0 -DSWIFT_PACKAGE '-DDEBUG=1' -g -I/Users/runner/work/orbit/orbit/.a1-probe/.dd-mac/SourcePackages/checkouts/swift-cmark/src/include -I/Users/runner/work/orbit/orbit/.a1-probe/.dd-mac/Build/Products/Debug/include -I/Users/runner/work/orbit/orbit/.a1-probe/.dd-mac/SourcePackages/checkouts/swift-cmark/extensions/include -I/Users/runner/work/orbit/orbit/.a1-probe/.dd-mac/Build/Intermediates.noindex/cmark-gfm.build/Debug/cmark-gfm-extensions.build/DerivedSources-normal/arm64 -I/Users/runner/work/orbit/orbit/.a1-probe/.dd-mac/Build/Intermediates.noindex/cmark-gfm.build/Debug/cmark-gfm-extensions.build/DerivedSources/arm64 -I/Users/runner/work/orbit/orbit/.a1-probe/.dd-mac/Build/Intermediates.noindex/cmark-gfm.build/Debug/cmark-gfm-extensions.build/DerivedSources -F/Users/runner/work/orbit/orbit/.a1-probe/.dd-mac/Build/Products/Debug/PackageFrameworks -F/Users/runner/work/orbit/orbit/.a1-probe/.dd-mac/Build/Products/Debug -iframework /Applications/Xcode_26.6.app/Contents/Developer/Platforms/MacOSX.platform/Developer/Library/Frameworks -DXcode

WriteAuxiliaryFile /Users/runner/work/orbit/orbit/.a1-probe/.dd-mac/Build/Intermediates.noindex/cmark-gfm.build/Debug/cmark-gfm.build/cmark-gfm.DependencyStaticMetadataFileList (in target 'cmark-gfm' from project 'cmark-gfm')
    cd /Users/runner/work/orbit/orbit/.a1-probe/.dd-mac/SourcePackages/checkouts/swift-cmark
    write-file /Users/runner/work/orbit/orbit/.a1-probe/.dd-mac/Build/Intermediates.noindex/cmark-gfm.build/Debug/cmark-gfm.build/cmark-gfm.DependencyStaticMetadataFileList

WriteAuxiliaryFile /Users/runner/work/orbit/orbit/.a1-probe/.dd-mac/Build/Intermediates.noindex/cmark-gfm.build/Debug/cmark-gfm.build/cmark-gfm.DependencyMetadataFileList (in target 'cmark-gfm' from project 'cmark-gfm')
    cd /Users/runner/work/orbit/orbit/.a1-probe/.dd-mac/SourcePackages/checkouts/swift-cmark
    write-file /Users/runner/work/orbit/orbit/.a1-probe/.dd-mac/Build/Intermediates.noindex/cmark-gfm.build/Debug/cmark-gfm.build/cmark-gfm.DependencyMetadataFileList

WriteAuxiliaryFile /Users/runner/work/orbit/orbit/.a1-probe/.dd-mac/Build/Intermediates.noindex/cmark-gfm.build/Debug/cmark-gfm.build/Objects-normal/arm64/cmark-gfm.LinkFileList (in target 'cmark-gfm' from project 'cmark-gfm')
    cd /Users/runner/work/orbit/orbit/.a1-probe/.dd-mac/SourcePackages/checkouts/swift-cmark
    write-file /Users/runner/work/orbit/orbit/.a1-probe/.dd-mac/Build/Intermediates.noindex/cmark-gfm.build/Debug/cmark-gfm.build/Objects-normal/arm64/cmark-gfm.LinkFileList

WriteAuxiliaryFile /Users/runner/work/orbit/orbit/.a1-probe/.dd-mac/Build/Intermediates.noindex/cmark-gfm.build/Debug/cmark-gfm.build/Objects-normal/arm64/7187679823f38a2a940e0043cdf9d637-common-args.resp (in target 'cmark-gfm' from project 'cmark-gfm')
    cd /Users/runner/work/orbit/orbit/.a1-probe/.dd-mac/SourcePackages/checkouts/swift-cmark
    write-file /Users/runner/work/orbit/orbit/.a1-probe/.dd-mac/Build/Intermediates.noindex/cmark-gfm.build/Debug/cmark-gfm.build/Objects-normal/arm64/7187679823f38a2a940e0043cdf9d637-common-args.resp
-fmodules -gmodules '-fmodules-cache-path=/Users/runner/work/orbit/orbit/.a1-probe/.dd-mac/ModuleCache.noindex' '-fmodule-name=cmark_gfm' -fpascal-strings -O0 -DSWIFT_PACKAGE '-DDEBUG=1' -g -I/Users/runner/work/orbit/orbit/.a1-probe/.dd-mac/Build/Products/Debug/include -I/Users/runner/work/orbit/orbit/.a1-probe/.dd-mac/SourcePackages/checkouts/swift-cmark/src/include -I/Users/runner/work/orbit/orbit/.a1-probe/.dd-mac/Build/Intermediates.noindex/cmark-gfm.build/Debug/cmark-gfm.build/DerivedSources-normal/arm64 -I/Users/runner/work/orbit/orbit/.a1-probe/.dd-mac/Build/Intermediates.noindex/cmark-gfm.build/Debug/cmark-gfm.build/DerivedSources/arm64 -I/Users/runner/work/orbit/orbit/.a1-probe/.dd-mac/Build/Intermediates.noindex/cmark-gfm.build/Debug/cmark-gfm.build/DerivedSources -F/Users/runner/work/orbit/orbit/.a1-probe/.dd-mac/Build/Products/Debug -iframework /Applications/Xcode_26.6.app/Contents/Developer/Platforms/MacOSX.platform/Developer/Library/Frameworks -DXcode

WriteAuxiliaryFile /Users/runner/work/orbit/orbit/.a1-probe/.dd-mac/Build/Intermediates.noindex/OrbitKit.build/Debug/OrbitKit.build/OrbitKit.modulemap (in target 'OrbitKit' from project 'OrbitKit')
    cd /Users/runner/work/orbit/orbit/src/macos/OrbitKit
    write-file /Users/runner/work/orbit/orbit/.a1-probe/.dd-mac/Build/Intermediates.noindex/OrbitKit.build/Debug/OrbitKit.build/OrbitKit.modulemap

WriteAuxiliaryFile /Users/runner/work/orbit/orbit/.a1-probe/.dd-mac/Build/Intermediates.noindex/OrbitKit.build/Debug/OrbitKit.build/OrbitKit.DependencyStaticMetadataFileList (in target 'OrbitKit' from project 'OrbitKit')
    cd /Users/runner/work/orbit/orbit/src/macos/OrbitKit
    write-file /Users/runner/work/orbit/orbit/.a1-probe/.dd-mac/Build/Intermediates.noindex/OrbitKit.build/Debug/OrbitKit.build/OrbitKit.DependencyStaticMetadataFileList

WriteAuxiliaryFile /Users/runner/work/orbit/orbit/.a1-probe/.dd-mac/Build/Intermediates.noindex/OrbitKit.build/Debug/OrbitKit.build/OrbitKit.DependencyMetadataFileList (in target 'OrbitKit' from project 'OrbitKit')
    cd /Users/runner/work/orbit/orbit/src/macos/OrbitKit
    write-file /Users/runner/work/orbit/orbit/.a1-probe/.dd-mac/Build/Intermediates.noindex/OrbitKit.build/Debug/OrbitKit.build/OrbitKit.DependencyMetadataFileList

WriteAuxiliaryFile /Users/runner/work/orbit/orbit/.a1-probe/.dd-mac/Build/Intermediates.noindex/OrbitKit.build/Debug/OrbitKit.build/Objects-normal/arm64/OrbitKit_const_extract_protocols.json (in target 'OrbitKit' from project 'OrbitKit')
    cd /Users/runner/work/orbit/orbit/src/macos/OrbitKit
    write-file /Users/runner/work/orbit/orbit/.a1-probe/.dd-mac/Build/Intermediates.noindex/OrbitKit.build/Debug/OrbitKit.build/Objects-normal/arm64/OrbitKit_const_extract_protocols.json

WriteAuxiliaryFile /Users/runner/work/orbit/orbit/.a1-probe/.dd-mac/Build/Intermediates.noindex/OrbitKit.build/Debug/OrbitKit.build/Objects-normal/arm64/OrbitKit.SwiftFileList (in target 'OrbitKit' from project 'OrbitKit')
    cd /Users/runner/work/orbit/orbit/src/macos/OrbitKit
    write-file /Users/runner/work/orbit/orbit/.a1-probe/.dd-mac/Build/Intermediates.noindex/OrbitKit.build/Debug/OrbitKit.build/Objects-normal/arm64/OrbitKit.SwiftFileList

WriteAuxiliaryFile /Users/runner/work/orbit/orbit/.a1-probe/.dd-mac/Build/Intermediates.noindex/OrbitKit.build/Debug/OrbitKit.build/Objects-normal/arm64/OrbitKit.SwiftConstValuesFileList (in target 'OrbitKit' from project 'OrbitKit')
    cd /Users/runner/work/orbit/orbit/src/macos/OrbitKit
    write-file /Users/runner/work/orbit/orbit/.a1-probe/.dd-mac/Build/Intermediates.noindex/OrbitKit.build/Debug/OrbitKit.build/Objects-normal/arm64/OrbitKit.SwiftConstValuesFileList

WriteAuxiliaryFile /Users/runner/work/orbit/orbit/.a1-probe/.dd-mac/Build/Intermediates.noindex/OrbitKit.build/Debug/OrbitKit.build/Objects-normal/arm64/OrbitKit.LinkFileList (in target 'OrbitKit' from project 'OrbitKit')
    cd /Users/runner/work/orbit/orbit/src/macos/OrbitKit
    write-file /Users/runner/work/orbit/orbit/.a1-probe/.dd-mac/Build/Intermediates.noindex/OrbitKit.build/Debug/OrbitKit.build/Objects-normal/arm64/OrbitKit.LinkFileList

WriteAuxiliaryFile /Users/runner/work/orbit/orbit/.a1-probe/.dd-mac/Build/Intermediates.noindex/OrbitKit.build/Debug/OrbitKit.build/Objects-normal/arm64/OrbitKit-OutputFileMap.json (in target 'OrbitKit' from project 'OrbitKit')
    cd /Users/runner/work/orbit/orbit/src/macos/OrbitKit
    write-file /Users/runner/work/orbit/orbit/.a1-probe/.dd-mac/Build/Intermediates.noindex/OrbitKit.build/Debug/OrbitKit.build/Objects-normal/arm64/OrbitKit-OutputFileMap.json

WriteAuxiliaryFile /Users/runner/work/orbit/orbit/.a1-probe/.dd-mac/Build/Intermediates.noindex/swift-markdown.build/Debug/Markdown.build/Objects-normal/arm64/Markdown_const_extract_protocols.json (in target 'Markdown' from project 'swift-markdown')
    cd /Users/runner/work/orbit/orbit/.a1-probe/.dd-mac/SourcePackages/checkouts/swift-markdown
    write-file /Users/runner/work/orbit/orbit/.a1-probe/.dd-mac/Build/Intermediates.noindex/swift-markdown.build/Debug/Markdown.build/Objects-normal/arm64/Markdown_const_extract_protocols.json

WriteAuxiliaryFile /Users/runner/work/orbit/orbit/.a1-probe/.dd-mac/Build/Intermediates.noindex/swift-markdown.build/Debug/Markdown.build/Objects-normal/arm64/Markdown.SwiftFileList (in target 'Markdown' from project 'swift-markdown')
    cd /Users/runner/work/orbit/orbit/.a1-probe/.dd-mac/SourcePackages/checkouts/swift-markdown
    write-file /Users/runner/work/orbit/orbit/.a1-probe/.dd-mac/Build/Intermediates.noindex/swift-markdown.build/Debug/Markdown.build/Objects-normal/arm64/Markdown.SwiftFileList

WriteAuxiliaryFile /Users/runner/work/orbit/orbit/.a1-probe/.dd-mac/Build/Intermediates.noindex/swift-markdown.build/Debug/Markdown.build/Objects-normal/arm64/Markdown.SwiftConstValuesFileList (in target 'Markdown' from project 'swift-markdown')
    cd /Users/runner/work/orbit/orbit/.a1-probe/.dd-mac/SourcePackages/checkouts/swift-markdown
    write-file /Users/runner/work/orbit/orbit/.a1-probe/.dd-mac/Build/Intermediates.noindex/swift-markdown.build/Debug/Markdown.build/Objects-normal/arm64/Markdown.SwiftConstValuesFileList

WriteAuxiliaryFile /Users/runner/work/orbit/orbit/.a1-probe/.dd-mac/Build/Intermediates.noindex/swift-markdown.build/Debug/Markdown.build/Objects-normal/arm64/Markdown.LinkFileList (in target 'Markdown' from project 'swift-markdown')
    cd /Users/runner/work/orbit/orbit/.a1-probe/.dd-mac/SourcePackages/checkouts/swift-markdown
    write-file /Users/runner/work/orbit/orbit/.a1-probe/.dd-mac/Build/Intermediates.noindex/swift-markdown.build/Debug/Markdown.build/Objects-normal/arm64/Markdown.LinkFileList

WriteAuxiliaryFile /Users/runner/work/orbit/orbit/.a1-probe/.dd-mac/Build/Intermediates.noindex/swift-markdown.build/Debug/Markdown.build/Objects-normal/arm64/Markdown-OutputFileMap.json (in target 'Markdown' from project 'swift-markdown')
    cd /Users/runner/work/orbit/orbit/.a1-probe/.dd-mac/SourcePackages/checkouts/swift-markdown
    write-file /Users/runner/work/orbit/orbit/.a1-probe/.dd-mac/Build/Intermediates.noindex/swift-markdown.build/Debug/Markdown.build/Objects-normal/arm64/Markdown-OutputFileMap.json

WriteAuxiliaryFile /Users/runner/work/orbit/orbit/.a1-probe/.dd-mac/Build/Intermediates.noindex/swift-markdown.build/Debug/Markdown.build/Markdown.modulemap (in target 'Markdown' from project 'swift-markdown')
    cd /Users/runner/work/orbit/orbit/.a1-probe/.dd-mac/SourcePackages/checkouts/swift-markdown
    write-file /Users/runner/work/orbit/orbit/.a1-probe/.dd-mac/Build/Intermediates.noindex/swift-markdown.build/Debug/Markdown.build/Markdown.modulemap

WriteAuxiliaryFile /Users/runner/work/orbit/orbit/.a1-probe/.dd-mac/Build/Intermediates.noindex/swift-markdown.build/Debug/Markdown.build/Markdown.DependencyStaticMetadataFileList (in target 'Markdown' from project 'swift-markdown')
    cd /Users/runner/work/orbit/orbit/.a1-probe/.dd-mac/SourcePackages/checkouts/swift-markdown
    write-file /Users/runner/work/orbit/orbit/.a1-probe/.dd-mac/Build/Intermediates.noindex/swift-markdown.build/Debug/Markdown.build/Markdown.DependencyStaticMetadataFileList

WriteAuxiliaryFile /Users/runner/work/orbit/orbit/.a1-probe/.dd-mac/Build/Intermediates.noindex/swift-markdown.build/Debug/Markdown.build/Markdown.DependencyMetadataFileList (in target 'Markdown' from project 'swift-markdown')
    cd /Users/runner/work/orbit/orbit/.a1-probe/.dd-mac/SourcePackages/checkouts/swift-markdown
    write-file /Users/runner/work/orbit/orbit/.a1-probe/.dd-mac/Build/Intermediates.noindex/swift-markdown.build/Debug/Markdown.build/Markdown.DependencyMetadataFileList

WriteAuxiliaryFile /Users/runner/work/orbit/orbit/.a1-probe/.dd-mac/Build/Intermediates.noindex/swift-markdown.build/Debug/CAtomic.build/Objects-normal/arm64/CAtomic.LinkFileList (in target 'CAtomic' from project 'swift-markdown')
    cd /Users/runner/work/orbit/orbit/.a1-probe/.dd-mac/SourcePackages/checkouts/swift-markdown
    write-file /Users/runner/work/orbit/orbit/.a1-probe/.dd-mac/Build/Intermediates.noindex/swift-markdown.build/Debug/CAtomic.build/Objects-normal/arm64/CAtomic.LinkFileList

WriteAuxiliaryFile /Users/runner/work/orbit/orbit/.a1-probe/.dd-mac/Build/Intermediates.noindex/swift-markdown.build/Debug/CAtomic.build/Objects-normal/arm64/7187679823f38a2a940e0043cdf9d637-common-args.resp (in target 'CAtomic' from project 'swift-markdown')
    cd /Users/runner/work/orbit/orbit/.a1-probe/.dd-mac/SourcePackages/checkouts/swift-markdown
    write-file /Users/runner/work/orbit/orbit/.a1-probe/.dd-mac/Build/Intermediates.noindex/swift-markdown.build/Debug/CAtomic.build/Objects-normal/arm64/7187679823f38a2a940e0043cdf9d637-common-args.resp
-fmodules -gmodules '-fmodules-cache-path=/Users/runner/work/orbit/orbit/.a1-probe/.dd-mac/ModuleCache.noindex' '-fmodule-name=CAtomic' -fpascal-strings -O0 -DSWIFT_PACKAGE '-DDEBUG=1' -g -I/Users/runner/work/orbit/orbit/.a1-probe/.dd-mac/Build/Products/Debug/include -I/Users/runner/work/orbit/orbit/.a1-probe/.dd-mac/SourcePackages/checkouts/swift-markdown/Sources/CAtomic/include -I/Users/runner/work/orbit/orbit/.a1-probe/.dd-mac/Build/Intermediates.noindex/swift-markdown.build/Debug/CAtomic.build/DerivedSources-normal/arm64 -I/Users/runner/work/orbit/orbit/.a1-probe/.dd-mac/Build/Intermediates.noindex/swift-markdown.build/Debug/CAtomic.build/DerivedSources/arm64 -I/Users/runner/work/orbit/orbit/.a1-probe/.dd-mac/Build/Intermediates.noindex/swift-markdown.build/Debug/CAtomic.build/DerivedSources -F/Users/runner/work/orbit/orbit/.a1-probe/.dd-mac/Build/Products/Debug -iframework /Applications/Xcode_26.6.app/Contents/Developer/Platforms/MacOSX.platform/Developer/Library/Frameworks -DXcode

Copy /Users/runner/work/orbit/orbit/.a1-probe/.dd-mac/Build/Intermediates.noindex/GeneratedModuleMaps/OrbitKit.modulemap /Users/runner/work/orbit/orbit/.a1-probe/.dd-mac/Build/Intermediates.noindex/OrbitKit.build/Debug/OrbitKit.build/OrbitKit.modulemap (in target 'OrbitKit' from project 'OrbitKit')
    cd /Users/runner/work/orbit/orbit/src/macos/OrbitKit
    builtin-copy -exclude .DS_Store -exclude CVS -exclude .svn -exclude .git -exclude .hg -resolve-src-symlinks /Users/runner/work/orbit/orbit/.a1-probe/.dd-mac/Build/Intermediates.noindex/OrbitKit.build/Debug/OrbitKit.build/OrbitKit.modulemap /Users/runner/work/orbit/orbit/.a1-probe/.dd-mac/Build/Intermediates.noindex/GeneratedModuleMaps

WriteAuxiliaryFile /Users/runner/work/orbit/orbit/.a1-probe/.dd-mac/Build/Intermediates.noindex/swift-markdown.build/Debug/CAtomic.build/CAtomic.DependencyStaticMetadataFileList (in target 'CAtomic' from project 'swift-markdown')
    cd /Users/runner/work/orbit/orbit/.a1-probe/.dd-mac/SourcePackages/checkouts/swift-markdown
    write-file /Users/runner/work/orbit/orbit/.a1-probe/.dd-mac/Build/Intermediates.noindex/swift-markdown.build/Debug/CAtomic.build/CAtomic.DependencyStaticMetadataFileList

Copy /Users/runner/work/orbit/orbit/.a1-probe/.dd-mac/Build/Intermediates.noindex/GeneratedModuleMaps/Markdown.modulemap /Users/runner/work/orbit/orbit/.a1-probe/.dd-mac/Build/Intermediates.noindex/swift-markdown.build/Debug/Markdown.build/Markdown.modulemap (in target 'Markdown' from project 'swift-markdown')
    cd /Users/runner/work/orbit/orbit/.a1-probe/.dd-mac/SourcePackages/checkouts/swift-markdown
    builtin-copy -exclude .DS_Store -exclude CVS -exclude .svn -exclude .git -exclude .hg -resolve-src-symlinks /Users/runner/work/orbit/orbit/.a1-probe/.dd-mac/Build/Intermediates.noindex/swift-markdown.build/Debug/Markdown.build/Markdown.modulemap /Users/runner/work/orbit/orbit/.a1-probe/.dd-mac/Build/Intermediates.noindex/GeneratedModuleMaps

WriteAuxiliaryFile /Users/runner/work/orbit/orbit/.a1-probe/.dd-mac/Build/Intermediates.noindex/swift-markdown.build/Debug/CAtomic.build/CAtomic.DependencyMetadataFileList (in target 'CAtomic' from project 'swift-markdown')
    cd /Users/runner/work/orbit/orbit/.a1-probe/.dd-mac/SourcePackages/checkouts/swift-markdown
    write-file /Users/runner/work/orbit/orbit/.a1-probe/.dd-mac/Build/Intermediates.noindex/swift-markdown.build/Debug/CAtomic.build/CAtomic.DependencyMetadataFileList

WriteAuxiliaryFile /Users/runner/work/orbit/orbit/.a1-probe/.dd-mac/Build/Intermediates.noindex/A1Probe.build/Debug/A1MacProbeUITests.build/Objects-normal/arm64/A1MacProbeUITests_const_extract_protocols.json (in target 'A1MacProbeUITests' from project 'A1Probe')
    cd /Users/runner/work/orbit/orbit/.a1-probe
    write-file /Users/runner/work/orbit/orbit/.a1-probe/.dd-mac/Build/Intermediates.noindex/A1Probe.build/Debug/A1MacProbeUITests.build/Objects-normal/arm64/A1MacProbeUITests_const_extract_protocols.json

WriteAuxiliaryFile /Users/runner/work/orbit/orbit/.a1-probe/.dd-mac/Build/Intermediates.noindex/A1Probe.build/Debug/A1MacProbeUITests.build/Objects-normal/arm64/A1MacProbeUITests.SwiftFileList (in target 'A1MacProbeUITests' from project 'A1Probe')
    cd /Users/runner/work/orbit/orbit/.a1-probe
    write-file /Users/runner/work/orbit/orbit/.a1-probe/.dd-mac/Build/Intermediates.noindex/A1Probe.build/Debug/A1MacProbeUITests.build/Objects-normal/arm64/A1MacProbeUITests.SwiftFileList

WriteAuxiliaryFile /Users/runner/work/orbit/orbit/.a1-probe/.dd-mac/Build/Intermediates.noindex/A1Probe.build/Debug/A1MacProbeUITests.build/Objects-normal/arm64/A1MacProbeUITests.SwiftConstValuesFileList (in target 'A1MacProbeUITests' from project 'A1Probe')
    cd /Users/runner/work/orbit/orbit/.a1-probe
    write-file /Users/runner/work/orbit/orbit/.a1-probe/.dd-mac/Build/Intermediates.noindex/A1Probe.build/Debug/A1MacProbeUITests.build/Objects-normal/arm64/A1MacProbeUITests.SwiftConstValuesFileList

WriteAuxiliaryFile /Users/runner/work/orbit/orbit/.a1-probe/.dd-mac/Build/Intermediates.noindex/A1Probe.build/Debug/A1MacProbeUITests.build/Objects-normal/arm64/A1MacProbeUITests.LinkFileList (in target 'A1MacProbeUITests' from project 'A1Probe')
    cd /Users/runner/work/orbit/orbit/.a1-probe
    write-file /Users/runner/work/orbit/orbit/.a1-probe/.dd-mac/Build/Intermediates.noindex/A1Probe.build/Debug/A1MacProbeUITests.build/Objects-normal/arm64/A1MacProbeUITests.LinkFileList

WriteAuxiliaryFile /Users/runner/work/orbit/orbit/.a1-probe/.dd-mac/Build/Intermediates.noindex/A1Probe.build/Debug/A1MacProbeUITests.build/Objects-normal/arm64/A1MacProbeUITests-OutputFileMap.json (in target 'A1MacProbeUITests' from project 'A1Probe')
    cd /Users/runner/work/orbit/orbit/.a1-probe
    write-file /Users/runner/work/orbit/orbit/.a1-probe/.dd-mac/Build/Intermediates.noindex/A1Probe.build/Debug/A1MacProbeUITests.build/Objects-normal/arm64/A1MacProbeUITests-OutputFileMap.json

WriteAuxiliaryFile /Users/runner/work/orbit/orbit/.a1-probe/.dd-mac/Build/Intermediates.noindex/A1Probe.build/Debug/A1MacProbeUITests.build/DerivedSources/Entitlements.plist (in target 'A1MacProbeUITests' from project 'A1Probe')
    cd /Users/runner/work/orbit/orbit/.a1-probe
    write-file /Users/runner/work/orbit/orbit/.a1-probe/.dd-mac/Build/Intermediates.noindex/A1Probe.build/Debug/A1MacProbeUITests.build/DerivedSources/Entitlements.plist

WriteAuxiliaryFile /Users/runner/work/orbit/orbit/.a1-probe/.dd-mac/Build/Intermediates.noindex/A1Probe.build/Debug/A1MacProbeUITests.build/A1MacProbeUITests.hmap (in target 'A1MacProbeUITests' from project 'A1Probe')
    cd /Users/runner/work/orbit/orbit/.a1-probe
    write-file /Users/runner/work/orbit/orbit/.a1-probe/.dd-mac/Build/Intermediates.noindex/A1Probe.build/Debug/A1MacProbeUITests.build/A1MacProbeUITests.hmap

WriteAuxiliaryFile /Users/runner/work/orbit/orbit/.a1-probe/.dd-mac/Build/Intermediates.noindex/A1Probe.build/Debug/A1MacProbeUITests.build/A1MacProbeUITests.DependencyStaticMetadataFileList (in target 'A1MacProbeUITests' from project 'A1Probe')
    cd /Users/runner/work/orbit/orbit/.a1-probe
    write-file /Users/runner/work/orbit/orbit/.a1-probe/.dd-mac/Build/Intermediates.noindex/A1Probe.build/Debug/A1MacProbeUITests.build/A1MacProbeUITests.DependencyStaticMetadataFileList

WriteAuxiliaryFile /Users/runner/work/orbit/orbit/.a1-probe/.dd-mac/Build/Intermediates.noindex/A1Probe.build/Debug/A1MacProbeUITests.build/A1MacProbeUITests.DependencyMetadataFileList (in target 'A1MacProbeUITests' from project 'A1Probe')
    cd /Users/runner/work/orbit/orbit/.a1-probe
    write-file /Users/runner/work/orbit/orbit/.a1-probe/.dd-mac/Build/Intermediates.noindex/A1Probe.build/Debug/A1MacProbeUITests.build/A1MacProbeUITests.DependencyMetadataFileList

WriteAuxiliaryFile /Users/runner/work/orbit/orbit/.a1-probe/.dd-mac/Build/Intermediates.noindex/A1Probe.build/Debug/A1MacProbeUITests.build/A1MacProbeUITests-project-headers.hmap (in target 'A1MacProbeUITests' from project 'A1Probe')
    cd /Users/runner/work/orbit/orbit/.a1-probe
    write-file /Users/runner/work/orbit/orbit/.a1-probe/.dd-mac/Build/Intermediates.noindex/A1Probe.build/Debug/A1MacProbeUITests.build/A1MacProbeUITests-project-headers.hmap

WriteAuxiliaryFile /Users/runner/work/orbit/orbit/.a1-probe/.dd-mac/Build/Intermediates.noindex/A1Probe.build/Debug/A1MacProbeUITests.build/A1MacProbeUITests-own-target-headers.hmap (in target 'A1MacProbeUITests' from project 'A1Probe')
    cd /Users/runner/work/orbit/orbit/.a1-probe
    write-file /Users/runner/work/orbit/orbit/.a1-probe/.dd-mac/Build/Intermediates.noindex/A1Probe.build/Debug/A1MacProbeUITests.build/A1MacProbeUITests-own-target-headers.hmap

WriteAuxiliaryFile /Users/runner/work/orbit/orbit/.a1-probe/.dd-mac/Build/Intermediates.noindex/A1Probe.build/Debug/A1MacProbeUITests.build/A1MacProbeUITests-generated-files.hmap (in target 'A1MacProbeUITests' from project 'A1Probe')
    cd /Users/runner/work/orbit/orbit/.a1-probe
    write-file /Users/runner/work/orbit/orbit/.a1-probe/.dd-mac/Build/Intermediates.noindex/A1Probe.build/Debug/A1MacProbeUITests.build/A1MacProbeUITests-generated-files.hmap

WriteAuxiliaryFile /Users/runner/work/orbit/orbit/.a1-probe/.dd-mac/Build/Intermediates.noindex/A1Probe.build/Debug/A1MacProbeUITests.build/A1MacProbeUITests-all-target-headers.hmap (in target 'A1MacProbeUITests' from project 'A1Probe')
    cd /Users/runner/work/orbit/orbit/.a1-probe
    write-file /Users/runner/work/orbit/orbit/.a1-probe/.dd-mac/Build/Intermediates.noindex/A1Probe.build/Debug/A1MacProbeUITests.build/A1MacProbeUITests-all-target-headers.hmap

WriteAuxiliaryFile /Users/runner/work/orbit/orbit/.a1-probe/.dd-mac/Build/Intermediates.noindex/A1Probe.build/Debug/A1MacProbeUITests.build/A1MacProbeUITests-all-non-framework-target-headers.hmap (in target 'A1MacProbeUITests' from project 'A1Probe')
    cd /Users/runner/work/orbit/orbit/.a1-probe
    write-file /Users/runner/work/orbit/orbit/.a1-probe/.dd-mac/Build/Intermediates.noindex/A1Probe.build/Debug/A1MacProbeUITests.build/A1MacProbeUITests-all-non-framework-target-headers.hmap

MkDir /Users/runner/work/orbit/orbit/.a1-probe/.dd-mac/Build/Products/Debug/A1MacProbeUITests-Runner.app/Contents/PlugIns/A1MacProbeUITests.xctest/Contents (in target 'A1MacProbeUITests' from project 'A1Probe')
    cd /Users/runner/work/orbit/orbit/.a1-probe
    /bin/mkdir -p /Users/runner/work/orbit/orbit/.a1-probe/.dd-mac/Build/Products/Debug/A1MacProbeUITests-Runner.app/Contents/PlugIns/A1MacProbeUITests.xctest/Contents

MkDir /Users/runner/work/orbit/orbit/.a1-probe/.dd-mac/Build/Products/Debug/A1MacProbeUITests-Runner.app/Contents/PlugIns/A1MacProbeUITests.xctest/Contents/MacOS (in target 'A1MacProbeUITests' from project 'A1Probe')
    cd /Users/runner/work/orbit/orbit/.a1-probe
    /bin/mkdir -p /Users/runner/work/orbit/orbit/.a1-probe/.dd-mac/Build/Products/Debug/A1MacProbeUITests-Runner.app/Contents/PlugIns/A1MacProbeUITests.xctest/Contents/MacOS

MkDir /Users/runner/work/orbit/orbit/.a1-probe/.dd-mac/Build/Products/Debug/A1MacProbeUITests-Runner.app/Contents/PlugIns/A1MacProbeUITests.xctest (in target 'A1MacProbeUITests' from project 'A1Probe')
    cd /Users/runner/work/orbit/orbit/.a1-probe
    /bin/mkdir -p /Users/runner/work/orbit/orbit/.a1-probe/.dd-mac/Build/Products/Debug/A1MacProbeUITests-Runner.app/Contents/PlugIns/A1MacProbeUITests.xctest

ProcessXCFramework /Users/runner/work/orbit/orbit/.a1-probe/.dd-mac/SourcePackages/artifacts/sparkle/Sparkle/Sparkle.xcframework /Users/runner/work/orbit/orbit/.a1-probe/.dd-mac/Build/Products/Debug/Sparkle.framework macos
    cd /Users/runner/work/orbit/orbit/.a1-probe/A1Probe.xcodeproj
    builtin-process-xcframework --xcframework /Users/runner/work/orbit/orbit/.a1-probe/.dd-mac/SourcePackages/artifacts/sparkle/Sparkle/Sparkle.xcframework --platform macos --target-path /Users/runner/work/orbit/orbit/.a1-probe/.dd-mac/Build/Products/Debug

WriteAuxiliaryFile /Users/runner/work/orbit/orbit/.a1-probe/.dd-mac/Build/Intermediates.noindex/A1Probe.build/Debug/A1MacProbe.build/Objects-normal/arm64/A1MacProbe_const_extract_protocols.json (in target 'A1MacProbe' from project 'A1Probe')
    cd /Users/runner/work/orbit/orbit/.a1-probe
    write-file /Users/runner/work/orbit/orbit/.a1-probe/.dd-mac/Build/Intermediates.noindex/A1Probe.build/Debug/A1MacProbe.build/Objects-normal/arm64/A1MacProbe_const_extract_protocols.json

WriteAuxiliaryFile /Users/runner/work/orbit/orbit/.a1-probe/.dd-mac/Build/Intermediates.noindex/A1Probe.build/Debug/A1MacProbe.build/Objects-normal/arm64/A1MacProbe.SwiftFileList (in target 'A1MacProbe' from project 'A1Probe')
    cd /Users/runner/work/orbit/orbit/.a1-probe
    write-file /Users/runner/work/orbit/orbit/.a1-probe/.dd-mac/Build/Intermediates.noindex/A1Probe.build/Debug/A1MacProbe.build/Objects-normal/arm64/A1MacProbe.SwiftFileList

WriteAuxiliaryFile /Users/runner/work/orbit/orbit/.a1-probe/.dd-mac/Build/Intermediates.noindex/A1Probe.build/Debug/A1MacProbe.build/Objects-normal/arm64/A1MacProbe.SwiftConstValuesFileList (in target 'A1MacProbe' from project 'A1Probe')
    cd /Users/runner/work/orbit/orbit/.a1-probe
    write-file /Users/runner/work/orbit/orbit/.a1-probe/.dd-mac/Build/Intermediates.noindex/A1Probe.build/Debug/A1MacProbe.build/Objects-normal/arm64/A1MacProbe.SwiftConstValuesFileList

WriteAuxiliaryFile /Users/runner/work/orbit/orbit/.a1-probe/.dd-mac/Build/Intermediates.noindex/A1Probe.build/Debug/A1MacProbe.build/Objects-normal/arm64/A1MacProbe.LinkFileList (in target 'A1MacProbe' from project 'A1Probe')
    cd /Users/runner/work/orbit/orbit/.a1-probe
    write-file /Users/runner/work/orbit/orbit/.a1-probe/.dd-mac/Build/Intermediates.noindex/A1Probe.build/Debug/A1MacProbe.build/Objects-normal/arm64/A1MacProbe.LinkFileList

WriteAuxiliaryFile /Users/runner/work/orbit/orbit/.a1-probe/.dd-mac/Build/Intermediates.noindex/A1Probe.build/Debug/A1MacProbe.build/Objects-normal/arm64/A1MacProbe-OutputFileMap.json (in target 'A1MacProbe' from project 'A1Probe')
    cd /Users/runner/work/orbit/orbit/.a1-probe
    write-file /Users/runner/work/orbit/orbit/.a1-probe/.dd-mac/Build/Intermediates.noindex/A1Probe.build/Debug/A1MacProbe.build/Objects-normal/arm64/A1MacProbe-OutputFileMap.json

WriteAuxiliaryFile /Users/runner/work/orbit/orbit/.a1-probe/.dd-mac/Build/Intermediates.noindex/A1Probe.build/Debug/A1MacProbe.build/DerivedSources/Entitlements.plist (in target 'A1MacProbe' from project 'A1Probe')
    cd /Users/runner/work/orbit/orbit/.a1-probe
    write-file /Users/runner/work/orbit/orbit/.a1-probe/.dd-mac/Build/Intermediates.noindex/A1Probe.build/Debug/A1MacProbe.build/DerivedSources/Entitlements.plist

WriteAuxiliaryFile /Users/runner/work/orbit/orbit/.a1-probe/.dd-mac/Build/Intermediates.noindex/A1Probe.build/Debug/A1MacProbe.build/A1MacProbe.hmap (in target 'A1MacProbe' from project 'A1Probe')
    cd /Users/runner/work/orbit/orbit/.a1-probe
    write-file /Users/runner/work/orbit/orbit/.a1-probe/.dd-mac/Build/Intermediates.noindex/A1Probe.build/Debug/A1MacProbe.build/A1MacProbe.hmap

WriteAuxiliaryFile /Users/runner/work/orbit/orbit/.a1-probe/.dd-mac/Build/Intermediates.noindex/A1Probe.build/Debug/A1MacProbe.build/A1MacProbe.DependencyStaticMetadataFileList (in target 'A1MacProbe' from project 'A1Probe')
    cd /Users/runner/work/orbit/orbit/.a1-probe
    write-file /Users/runner/work/orbit/orbit/.a1-probe/.dd-mac/Build/Intermediates.noindex/A1Probe.build/Debug/A1MacProbe.build/A1MacProbe.DependencyStaticMetadataFileList

WriteAuxiliaryFile /Users/runner/work/orbit/orbit/.a1-probe/.dd-mac/Build/Intermediates.noindex/A1Probe.build/Debug/A1MacProbe.build/A1MacProbe.DependencyMetadataFileList (in target 'A1MacProbe' from project 'A1Probe')
    cd /Users/runner/work/orbit/orbit/.a1-probe
    write-file /Users/runner/work/orbit/orbit/.a1-probe/.dd-mac/Build/Intermediates.noindex/A1Probe.build/Debug/A1MacProbe.build/A1MacProbe.DependencyMetadataFileList

WriteAuxiliaryFile /Users/runner/work/orbit/orbit/.a1-probe/.dd-mac/Build/Intermediates.noindex/A1Probe.build/Debug/A1MacProbe.build/A1MacProbe-project-headers.hmap (in target 'A1MacProbe' from project 'A1Probe')
    cd /Users/runner/work/orbit/orbit/.a1-probe
    write-file /Users/runner/work/orbit/orbit/.a1-probe/.dd-mac/Build/Intermediates.noindex/A1Probe.build/Debug/A1MacProbe.build/A1MacProbe-project-headers.hmap

WriteAuxiliaryFile /Users/runner/work/orbit/orbit/.a1-probe/.dd-mac/Build/Intermediates.noindex/A1Probe.build/Debug/A1MacProbe.build/A1MacProbe-own-target-headers.hmap (in target 'A1MacProbe' from project 'A1Probe')
    cd /Users/runner/work/orbit/orbit/.a1-probe
    write-file /Users/runner/work/orbit/orbit/.a1-probe/.dd-mac/Build/Intermediates.noindex/A1Probe.build/Debug/A1MacProbe.build/A1MacProbe-own-target-headers.hmap

WriteAuxiliaryFile /Users/runner/work/orbit/orbit/.a1-probe/.dd-mac/Build/Intermediates.noindex/A1Probe.build/Debug/A1MacProbe.build/A1MacProbe-generated-files.hmap (in target 'A1MacProbe' from project 'A1Probe')
    cd /Users/runner/work/orbit/orbit/.a1-probe
    write-file /Users/runner/work/orbit/orbit/.a1-probe/.dd-mac/Build/Intermediates.noindex/A1Probe.build/Debug/A1MacProbe.build/A1MacProbe-generated-files.hmap

WriteAuxiliaryFile /Users/runner/work/orbit/orbit/.a1-probe/.dd-mac/Build/Intermediates.noindex/A1Probe.build/Debug/A1MacProbe.build/A1MacProbe-all-target-headers.hmap (in target 'A1MacProbe' from project 'A1Probe')
    cd /Users/runner/work/orbit/orbit/.a1-probe
    write-file /Users/runner/work/orbit/orbit/.a1-probe/.dd-mac/Build/Intermediates.noindex/A1Probe.build/Debug/A1MacProbe.build/A1MacProbe-all-target-headers.hmap

WriteAuxiliaryFile /Users/runner/work/orbit/orbit/.a1-probe/.dd-mac/Build/Intermediates.noindex/A1Probe.build/Debug/A1MacProbe.build/A1MacProbe-all-non-framework-target-headers.hmap (in target 'A1MacProbe' from project 'A1Probe')
    cd /Users/runner/work/orbit/orbit/.a1-probe
    write-file /Users/runner/work/orbit/orbit/.a1-probe/.dd-mac/Build/Intermediates.noindex/A1Probe.build/Debug/A1MacProbe.build/A1MacProbe-all-non-framework-target-headers.hmap

WriteAuxiliaryFile /Users/runner/work/orbit/orbit/.a1-probe/.dd-mac/Build/Intermediates.noindex/A1Probe.build/Debug/A1MacProbe.build/A1MacProbe-DebugDylibPath-normal-arm64.txt (in target 'A1MacProbe' from project 'A1Probe')
    cd /Users/runner/work/orbit/orbit/.a1-probe
    write-file /Users/runner/work/orbit/orbit/.a1-probe/.dd-mac/Build/Intermediates.noindex/A1Probe.build/Debug/A1MacProbe.build/A1MacProbe-DebugDylibPath-normal-arm64.txt

WriteAuxiliaryFile /Users/runner/work/orbit/orbit/.a1-probe/.dd-mac/Build/Intermediates.noindex/A1Probe.build/Debug/A1MacProbe.build/A1MacProbe-DebugDylibInstallName-normal-arm64.txt (in target 'A1MacProbe' from project 'A1Probe')
    cd /Users/runner/work/orbit/orbit/.a1-probe
    write-file /Users/runner/work/orbit/orbit/.a1-probe/.dd-mac/Build/Intermediates.noindex/A1Probe.build/Debug/A1MacProbe.build/A1MacProbe-DebugDylibInstallName-normal-arm64.txt

MkDir /Users/runner/work/orbit/orbit/.a1-probe/.dd-mac/Build/Products/Debug/A1MacProbe.app/Contents/Resources (in target 'A1MacProbe' from project 'A1Probe')
    cd /Users/runner/work/orbit/orbit/.a1-probe
    /bin/mkdir -p /Users/runner/work/orbit/orbit/.a1-probe/.dd-mac/Build/Products/Debug/A1MacProbe.app/Contents/Resources

MkDir /Users/runner/work/orbit/orbit/.a1-probe/.dd-mac/Build/Products/Debug/A1MacProbe.app/Contents/MacOS (in target 'A1MacProbe' from project 'A1Probe')
    cd /Users/runner/work/orbit/orbit/.a1-probe
    /bin/mkdir -p /Users/runner/work/orbit/orbit/.a1-probe/.dd-mac/Build/Products/Debug/A1MacProbe.app/Contents/MacOS

MkDir /Users/runner/work/orbit/orbit/.a1-probe/.dd-mac/Build/Products/Debug/A1MacProbe.app/Contents/Frameworks (in target 'A1MacProbe' from project 'A1Probe')
    cd /Users/runner/work/orbit/orbit/.a1-probe
    /bin/mkdir -p /Users/runner/work/orbit/orbit/.a1-probe/.dd-mac/Build/Products/Debug/A1MacProbe.app/Contents/Frameworks

MkDir /Users/runner/work/orbit/orbit/.a1-probe/.dd-mac/Build/Products/Debug/A1MacProbe.app/Contents (in target 'A1MacProbe' from project 'A1Probe')
    cd /Users/runner/work/orbit/orbit/.a1-probe
    /bin/mkdir -p /Users/runner/work/orbit/orbit/.a1-probe/.dd-mac/Build/Products/Debug/A1MacProbe.app/Contents

MkDir /Users/runner/work/orbit/orbit/.a1-probe/.dd-mac/Build/Products/Debug/A1MacProbe.app (in target 'A1MacProbe' from project 'A1Probe')
    cd /Users/runner/work/orbit/orbit/.a1-probe
    /bin/mkdir -p /Users/runner/work/orbit/orbit/.a1-probe/.dd-mac/Build/Products/Debug/A1MacProbe.app

SwiftDriver Markdown normal arm64 com.apple.xcode.tools.swift.compiler (in target 'Markdown' from project 'swift-markdown')
    cd /Users/runner/work/orbit/orbit/.a1-probe/A1Probe.xcodeproj
    builtin-SwiftDriver -- /Applications/Xcode_26.6.app/Contents/Developer/Toolchains/XcodeDefault.xctoolchain/usr/bin/swiftc -module-name Markdown -Onone @/Users/runner/work/orbit/orbit/.a1-probe/.dd-mac/Build/Intermediates.noindex/swift-markdown.build/Debug/Markdown.build/Objects-normal/arm64/Markdown.SwiftFileList -DSWIFT_PACKAGE -DDEBUG -DSWIFT_MODULE_RESOURCE_BUNDLE_UNAVAILABLE -DXcode -plugin-path /Applications/Xcode_26.6.app/Contents/Developer/Toolchains/XcodeDefault.xctoolchain/usr/lib/swift/host/plugins/testing -enable-experimental-feature DebugDescriptionMacro -sdk /Applications/Xcode_26.6.app/Contents/Developer/Platforms/MacOSX.platform/Developer/SDKs/MacOSX26.5.sdk -target arm64-apple-macos10.13 -g -module-cache-path /Users/runner/work/orbit/orbit/.a1-probe/.dd-mac/ModuleCache.noindex -Xfrontend -serialize-debugging-options -enable-testing -suppress-warnings -index-store-path /Users/runner/work/orbit/orbit/.a1-probe/.dd-mac/Index.noindex/DataStore -Xcc -D_LIBCPP_HARDENING_MODE\=_LIBCPP_HARDENING_MODE_DEBUG -swift-version 5 -I /Users/runner/work/orbit/orbit/.a1-probe/.dd-mac/Build/Products/Debug -Isystem /Applications/Xcode_26.6.app/Contents/Developer/Platforms/MacOSX.platform/Developer/usr/lib -F /Users/runner/work/orbit/orbit/.a1-probe/.dd-mac/Build/Products/Debug/PackageFrameworks -F /Users/runner/work/orbit/orbit/.a1-probe/.dd-mac/Build/Products/Debug/PackageFrameworks -F /Users/runner/work/orbit/orbit/.a1-probe/.dd-mac/Build/Products/Debug/PackageFrameworks -F /Users/runner/work/orbit/orbit/.a1-probe/.dd-mac/Build/Products/Debug -F /Applications/Xcode_26.6.app/Contents/Developer/Platforms/MacOSX.platform/Developer/Library/Frameworks -c -j3 -enable-batch-mode -incremental -Xcc -ivfsstatcache -Xcc /Users/runner/work/orbit/orbit/.a1-probe/.dd-mac/SDKStatCaches.noindex/macosx26.5-25F70-688ef53f1462e2c8f657fdc38a81448fee0e6409aa6676c5e6c013d148225433.sdkstatcache -output-file-map /Users/runner/work/orbit/orbit/.a1-probe/.dd-mac/Build/Intermediates.noindex/swift-markdown.build/Debug/Markdown.build/Objects-normal/arm64/Markdown-OutputFileMap.json -use-frontend-parseable-output -save-temps -no-color-diagnostics -explicit-module-build -module-cache-path /Users/runner/work/orbit/orbit/.a1-probe/.dd-mac/Build/Intermediates.noindex/SwiftExplicitPrecompiledModules -clang-scanner-module-cache-path /Users/runner/work/orbit/orbit/.a1-probe/.dd-mac/ModuleCache.noindex -sdk-module-cache-path /Users/runner/work/orbit/orbit/.a1-probe/.dd-mac/ModuleCache.noindex -serialize-diagnostics -emit-dependencies -emit-module -emit-module-path /Users/runner/work/orbit/orbit/.a1-probe/.dd-mac/Build/Intermediates.noindex/swift-markdown.build/Debug/Markdown.build/Objects-normal/arm64/Markdown.swiftmodule -user-module-version 0.9.0 -validate-clang-modules-once -clang-build-session-file /Users/runner/work/orbit/orbit/.a1-probe/.dd-mac/ModuleCache.noindex/Session.modulevalidation -package-name swift_markdown -Xcc -I/Users/runner/work/orbit/orbit/.a1-probe/.dd-mac/Build/Intermediates.noindex/swift-markdown.build/Debug/Markdown.build/swift-overrides.hmap -emit-const-values -Xfrontend -const-gather-protocols-file -Xfrontend /Users/runner/work/orbit/orbit/.a1-probe/.dd-mac/Build/Intermediates.noindex/swift-markdown.build/Debug/Markdown.build/Objects-normal/arm64/Markdown_const_extract_protocols.json -Xcc -I/Users/runner/work/orbit/orbit/.a1-probe/.dd-mac/SourcePackages/checkouts/swift-cmark/src/include -Xcc -I/Users/runner/work/orbit/orbit/.a1-probe/.dd-mac/SourcePackages/checkouts/swift-cmark/extensions/include -Xcc -I/Users/runner/work/orbit/orbit/.a1-probe/.dd-mac/SourcePackages/checkouts/swift-markdown/Sources/CAtomic/include -Xcc -I/Users/runner/work/orbit/orbit/.a1-probe/.dd-mac/Build/Products/Debug/include -Xcc -I/Users/runner/work/orbit/orbit/.a1-probe/.dd-mac/Build/Intermediates.noindex/swift-markdown.build/Debug/Markdown.build/DerivedSources-normal/arm64 -Xcc -I/Users/runner/work/orbit/orbit/.a1-probe/.dd-mac/Build/Intermediates.noindex/swift-markdown.build/Debug/Markdown.build/DerivedSources/arm64 -Xcc -I/Users/runner/work/orbit/orbit/.a1-probe/.dd-mac/Build/Intermediates.noindex/swift-markdown.build/Debug/Markdown.build/DerivedSources -Xcc -DSWIFT_PACKAGE -Xcc -DDEBUG\=1 -emit-objc-header -emit-objc-header-path /Users/runner/work/orbit/orbit/.a1-probe/.dd-mac/Build/Intermediates.noindex/swift-markdown.build/Debug/Markdown.build/Objects-normal/arm64/Markdown-Swift.h -working-directory /Users/runner/work/orbit/orbit/.a1-probe/A1Probe.xcodeproj -experimental-emit-module-separately -disable-cmo

ScanDependencies /Users/runner/work/orbit/orbit/.a1-probe/.dd-mac/Build/Intermediates.noindex/cmark-gfm.build/Debug/cmark-gfm-extensions.build/Objects-normal/arm64/tasklist.o /Users/runner/work/orbit/orbit/.a1-probe/.dd-mac/SourcePackages/checkouts/swift-cmark/extensions/tasklist.c normal arm64 c com.apple.compilers.llvm.clang.1_0.compiler (in target 'cmark-gfm-extensions' from project 'cmark-gfm')
    cd /Users/runner/work/orbit/orbit/.a1-probe/A1Probe.xcodeproj
    
    Using response file: /Users/runner/work/orbit/orbit/.a1-probe/.dd-mac/Build/Intermediates.noindex/cmark-gfm.build/Debug/cmark-gfm-extensions.build/Objects-normal/arm64/7187679823f38a2a940e0043cdf9d637-common-args.resp
    
    builtin-ScanDependencies -o /Users/runner/work/orbit/orbit/.a1-probe/.dd-mac/Build/Intermediates.noindex/cmark-gfm.build/Debug/cmark-gfm-extensions.build/Objects-normal/arm64/tasklist.o.scan -- /Applications/Xcode_26.6.app/Contents/Developer/Toolchains/XcodeDefault.xctoolchain/usr/bin/clang -x c -ivfsstatcache /Users/runner/work/orbit/orbit/.a1-probe/.dd-mac/SDKStatCaches.noindex/macosx26.5-25F70-688ef53f1462e2c8f657fdc38a81448fee0e6409aa6676c5e6c013d148225433.sdkstatcache -target arm64-apple-macos10.13 -fmessage-length\=0 -fdiagnostics-show-note-include-stack -fmacro-backtrace-limit\=0 -fno-color-diagnostics -fmodules-prune-interval\=86400 -fmodules-prune-after\=345600 -fbuild-session-file\=/Users/runner/work/orbit/orbit/.a1-probe/.dd-mac/ModuleCache.noindex/Session.modulevalidation -fmodules-validate-once-per-build-session -Wnon-modular-include-in-framework-module -Werror\=non-modular-include-in-framework-module -Wno-trigraphs -Wno-missing-field-initializers -Wno-missing-prototypes -Wno-return-type -Wno-missing-braces -Wparentheses -Wswitch -Wno-unused-function -Wno-unused-label -Wno-unused-parameter -Wno-unused-variable -Wunused-value -Wno-empty-body -Wno-uninitialized -Wno-unknown-pragmas -w -Wno-shadow -Wno-four-char-constants -Wno-conversion -Wno-constant-conversion -Wno-int-conversion -Wno-bool-conversion -Wno-enum-conversion -Wno-float-conversion -Wno-non-literal-null-conversion -Wno-objc-literal-conversion -Wshorten-64-to-32 -Wpointer-sign -Wno-newline-eof -Wno-implicit-fallthrough -isysroot /Applications/Xcode_26.6.app/Contents/Developer/Platforms/MacOSX.platform/Developer/SDKs/MacOSX26.5.sdk -fstrict-aliasing -Wdeprecated-declarations -Wno-sign-conversion -Wno-infinite-recursion -Wno-comma -Wno-block-capture-autoreleasing -Wno-strict-prototypes -Wno-semicolon-before-method-body -index-store-path /Users/runner/work/orbit/orbit/.a1-probe/.dd-mac/Index.noindex/DataStore @/Users/runner/work/orbit/orbit/.a1-probe/.dd-mac/Build/Intermediates.noindex/cmark-gfm.build/Debug/cmark-gfm-extensions.build/Objects-normal/arm64/7187679823f38a2a940e0043cdf9d637-common-args.resp -MMD -MT dependencies -MF /Users/runner/work/orbit/orbit/.a1-probe/.dd-mac/Build/Intermediates.noindex/cmark-gfm.build/Debug/cmark-gfm-extensions.build/Objects-normal/arm64/tasklist.d --serialize-diagnostics /Users/runner/work/orbit/orbit/.a1-probe/.dd-mac/Build/Intermediates.noindex/cmark-gfm.build/Debug/cmark-gfm-extensions.build/Objects-normal/arm64/tasklist.dia -c /Users/runner/work/orbit/orbit/.a1-probe/.dd-mac/SourcePackages/checkouts/swift-cmark/extensions/tasklist.c -o /Users/runner/work/orbit/orbit/.a1-probe/.dd-mac/Build/Intermediates.noindex/cmark-gfm.build/Debug/cmark-gfm-extensions.build/Objects-normal/arm64/tasklist.o -index-unit-output-path /cmark-gfm.build/Debug/cmark-gfm-extensions.build/Objects-normal/arm64/tasklist.o

ScanDependencies /Users/runner/work/orbit/orbit/.a1-probe/.dd-mac/Build/Intermediates.noindex/cmark-gfm.build/Debug/cmark-gfm-extensions.build/Objects-normal/arm64/tagfilter.o /Users/runner/work/orbit/orbit/.a1-probe/.dd-mac/SourcePackages/checkouts/swift-cmark/extensions/tagfilter.c normal arm64 c com.apple.compilers.llvm.clang.1_0.compiler (in target 'cmark-gfm-extensions' from project 'cmark-gfm')
    cd /Users/runner/work/orbit/orbit/.a1-probe/A1Probe.xcodeproj
    
    Using response file: /Users/runner/work/orbit/orbit/.a1-probe/.dd-mac/Build/Intermediates.noindex/cmark-gfm.build/Debug/cmark-gfm-extensions.build/Objects-normal/arm64/7187679823f38a2a940e0043cdf9d637-common-args.resp
    
    builtin-ScanDependencies -o /Users/runner/work/orbit/orbit/.a1-probe/.dd-mac/Build/Intermediates.noindex/cmark-gfm.build/Debug/cmark-gfm-extensions.build/Objects-normal/arm64/tagfilter.o.scan -- /Applications/Xcode_26.6.app/Contents/Developer/Toolchains/XcodeDefault.xctoolchain/usr/bin/clang -x c -ivfsstatcache /Users/runner/work/orbit/orbit/.a1-probe/.dd-mac/SDKStatCaches.noindex/macosx26.5-25F70-688ef53f1462e2c8f657fdc38a81448fee0e6409aa6676c5e6c013d148225433.sdkstatcache -target arm64-apple-macos10.13 -fmessage-length\=0 -fdiagnostics-show-note-include-stack -fmacro-backtrace-limit\=0 -fno-color-diagnostics -fmodules-prune-interval\=86400 -fmodules-prune-after\=345600 -fbuild-session-file\=/Users/runner/work/orbit/orbit/.a1-probe/.dd-mac/ModuleCache.noindex/Session.modulevalidation -fmodules-validate-once-per-build-session -Wnon-modular-include-in-framework-module -Werror\=non-modular-include-in-framework-module -Wno-trigraphs -Wno-missing-field-initializers -Wno-missing-prototypes -Wno-return-type -Wno-missing-braces -Wparentheses -Wswitch -Wno-unused-function -Wno-unused-label -Wno-unused-parameter -Wno-unused-variable -Wunused-value -Wno-empty-body -Wno-uninitialized -Wno-unknown-pragmas -w -Wno-shadow -Wno-four-char-constants -Wno-conversion -Wno-constant-conversion -Wno-int-conversion -Wno-bool-conversion -Wno-enum-conversion -Wno-float-conversion -Wno-non-literal-null-conversion -Wno-objc-literal-conversion -Wshorten-64-to-32 -Wpointer-sign -Wno-newline-eof -Wno-implicit-fallthrough -isysroot /Applications/Xcode_26.6.app/Contents/Developer/Platforms/MacOSX.platform/Developer/SDKs/MacOSX26.5.sdk -fstrict-aliasing -Wdeprecated-declarations -Wno-sign-conversion -Wno-infinite-recursion -Wno-comma -Wno-block-capture-autoreleasing -Wno-strict-prototypes -Wno-semicolon-before-method-body -index-store-path /Users/runner/work/orbit/orbit/.a1-probe/.dd-mac/Index.noindex/DataStore @/Users/runner/work/orbit/orbit/.a1-probe/.dd-mac/Build/Intermediates.noindex/cmark-gfm.build/Debug/cmark-gfm-extensions.build/Objects-normal/arm64/7187679823f38a2a940e0043cdf9d637-common-args.resp -MMD -MT dependencies -MF /Users/runner/work/orbit/orbit/.a1-probe/.dd-mac/Build/Intermediates.noindex/cmark-gfm.build/Debug/cmark-gfm-extensions.build/Objects-normal/arm64/tagfilter.d --serialize-diagnostics /Users/runner/work/orbit/orbit/.a1-probe/.dd-mac/Build/Intermediates.noindex/cmark-gfm.build/Debug/cmark-gfm-extensions.build/Objects-normal/arm64/tagfilter.dia -c /Users/runner/work/orbit/orbit/.a1-probe/.dd-mac/SourcePackages/checkouts/swift-cmark/extensions/tagfilter.c -o /Users/runner/work/orbit/orbit/.a1-probe/.dd-mac/Build/Intermediates.noindex/cmark-gfm.build/Debug/cmark-gfm-extensions.build/Objects-normal/arm64/tagfilter.o -index-unit-output-path /cmark-gfm.build/Debug/cmark-gfm-extensions.build/Objects-normal/arm64/tagfilter.o

ScanDependencies /Users/runner/work/orbit/orbit/.a1-probe/.dd-mac/Build/Intermediates.noindex/cmark-gfm.build/Debug/cmark-gfm-extensions.build/Objects-normal/arm64/table.o /Users/runner/work/orbit/orbit/.a1-probe/.dd-mac/SourcePackages/checkouts/swift-cmark/extensions/table.c normal arm64 c com.apple.compilers.llvm.clang.1_0.compiler (in target 'cmark-gfm-extensions' from project 'cmark-gfm')
    cd /Users/runner/work/orbit/orbit/.a1-probe/A1Probe.xcodeproj
    
    Using response file: /Users/runner/work/orbit/orbit/.a1-probe/.dd-mac/Build/Intermediates.noindex/cmark-gfm.build/Debug/cmark-gfm-extensions.build/Objects-normal/arm64/7187679823f38a2a940e0043cdf9d637-common-args.resp
    
    builtin-ScanDependencies -o /Users/runner/work/orbit/orbit/.a1-probe/.dd-mac/Build/Intermediates.noindex/cmark-gfm.build/Debug/cmark-gfm-extensions.build/Objects-normal/arm64/table.o.scan -- /Applications/Xcode_26.6.app/Contents/Developer/Toolchains/XcodeDefault.xctoolchain/usr/bin/clang -x c -ivfsstatcache /Users/runner/work/orbit/orbit/.a1-probe/.dd-mac/SDKStatCaches.noindex/macosx26.5-25F70-688ef53f1462e2c8f657fdc38a81448fee0e6409aa6676c5e6c013d148225433.sdkstatcache -target arm64-apple-macos10.13 -fmessage-length\=0 -fdiagnostics-show-note-include-stack -fmacro-backtrace-limit\=0 -fno-color-diagnostics -fmodules-prune-interval\=86400 -fmodules-prune-after\=345600 -fbuild-session-file\=/Users/runner/work/orbit/orbit/.a1-probe/.dd-mac/ModuleCache.noindex/Session.modulevalidation -fmodules-validate-once-per-build-session -Wnon-modular-include-in-framework-module -Werror\=non-modular-include-in-framework-module -Wno-trigraphs -Wno-missing-field-initializers -Wno-missing-prototypes -Wno-return-type -Wno-missing-braces -Wparentheses -Wswitch -Wno-unused-function -Wno-unused-label -Wno-unused-parameter -Wno-unused-variable -Wunused-value -Wno-empty-body -Wno-uninitialized -Wno-unknown-pragmas -w -Wno-shadow -Wno-four-char-constants -Wno-conversion -Wno-constant-conversion -Wno-int-conversion -Wno-bool-conversion -Wno-enum-conversion -Wno-float-conversion -Wno-non-literal-null-conversion -Wno-objc-literal-conversion -Wshorten-64-to-32 -Wpointer-sign -Wno-newline-eof -Wno-implicit-fallthrough -isysroot /Applications/Xcode_26.6.app/Contents/Developer/Platforms/MacOSX.platform/Developer/SDKs/MacOSX26.5.sdk -fstrict-aliasing -Wdeprecated-declarations -Wno-sign-conversion -Wno-infinite-recursion -Wno-comma -Wno-block-capture-autoreleasing -Wno-strict-prototypes -Wno-semicolon-before-method-body -index-store-path /Users/runner/work/orbit/orbit/.a1-probe/.dd-mac/Index.noindex/DataStore @/Users/runner/work/orbit/orbit/.a1-probe/.dd-mac/Build/Intermediates.noindex/cmark-gfm.build/Debug/cmark-gfm-extensions.build/Objects-normal/arm64/7187679823f38a2a940e0043cdf9d637-common-args.resp -MMD -MT dependencies -MF /Users/runner/work/orbit/orbit/.a1-probe/.dd-mac/Build/Intermediates.noindex/cmark-gfm.build/Debug/cmark-gfm-extensions.build/Objects-normal/arm64/table.d --serialize-diagnostics /Users/runner/work/orbit/orbit/.a1-probe/.dd-mac/Build/Intermediates.noindex/cmark-gfm.build/Debug/cmark-gfm-extensions.build/Objects-normal/arm64/table.dia -c /Users/runner/work/orbit/orbit/.a1-probe/.dd-mac/SourcePackages/checkouts/swift-cmark/extensions/table.c -o /Users/runner/work/orbit/orbit/.a1-probe/.dd-mac/Build/Intermediates.noindex/cmark-gfm.build/Debug/cmark-gfm-extensions.build/Objects-normal/arm64/table.o -index-unit-output-path /cmark-gfm.build/Debug/cmark-gfm-extensions.build/Objects-normal/arm64/table.o

ScanDependencies /Users/runner/work/orbit/orbit/.a1-probe/.dd-mac/Build/Intermediates.noindex/cmark-gfm.build/Debug/cmark-gfm-extensions.build/Objects-normal/arm64/strikethrough.o /Users/runner/work/orbit/orbit/.a1-probe/.dd-mac/SourcePackages/checkouts/swift-cmark/extensions/strikethrough.c normal arm64 c com.apple.compilers.llvm.clang.1_0.compiler (in target 'cmark-gfm-extensions' from project 'cmark-gfm')
    cd /Users/runner/work/orbit/orbit/.a1-probe/A1Probe.xcodeproj
    
    Using response file: /Users/runner/work/orbit/orbit/.a1-probe/.dd-mac/Build/Intermediates.noindex/cmark-gfm.build/Debug/cmark-gfm-extensions.build/Objects-normal/arm64/7187679823f38a2a940e0043cdf9d637-common-args.resp
    
    builtin-ScanDependencies -o /Users/runner/work/orbit/orbit/.a1-probe/.dd-mac/Build/Intermediates.noindex/cmark-gfm.build/Debug/cmark-gfm-extensions.build/Objects-normal/arm64/strikethrough.o.scan -- /Applications/Xcode_26.6.app/Contents/Developer/Toolchains/XcodeDefault.xctoolchain/usr/bin/clang -x c -ivfsstatcache /Users/runner/work/orbit/orbit/.a1-probe/.dd-mac/SDKStatCaches.noindex/macosx26.5-25F70-688ef53f1462e2c8f657fdc38a81448fee0e6409aa6676c5e6c013d148225433.sdkstatcache -target arm64-apple-macos10.13 -fmessage-length\=0 -fdiagnostics-show-note-include-stack -fmacro-backtrace-limit\=0 -fno-color-diagnostics -fmodules-prune-interval\=86400 -fmodules-prune-after\=345600 -fbuild-session-file\=/Users/runner/work/orbit/orbit/.a1-probe/.dd-mac/ModuleCache.noindex/Session.modulevalidation -fmodules-validate-once-per-build-session -Wnon-modular-include-in-framework-module -Werror\=non-modular-include-in-framework-module -Wno-trigraphs -Wno-missing-field-initializers -Wno-missing-prototypes -Wno-return-type -Wno-missing-braces -Wparentheses -Wswitch -Wno-unused-function -Wno-unused-label -Wno-unused-parameter -Wno-unused-variable -Wunused-value -Wno-empty-body -Wno-uninitialized -Wno-unknown-pragmas -w -Wno-shadow -Wno-four-char-constants -Wno-conversion -Wno-constant-conversion -Wno-int-conversion -Wno-bool-conversion -Wno-enum-conversion -Wno-float-conversion -Wno-non-literal-null-conversion -Wno-objc-literal-conversion -Wshorten-64-to-32 -Wpointer-sign -Wno-newline-eof -Wno-implicit-fallthrough -isysroot /Applications/Xcode_26.6.app/Contents/Developer/Platforms/MacOSX.platform/Developer/SDKs/MacOSX26.5.sdk -fstrict-aliasing -Wdeprecated-declarations -Wno-sign-conversion -Wno-infinite-recursion -Wno-comma -Wno-block-capture-autoreleasing -Wno-strict-prototypes -Wno-semicolon-before-method-body -index-store-path /Users/runner/work/orbit/orbit/.a1-probe/.dd-mac/Index.noindex/DataStore @/Users/runner/work/orbit/orbit/.a1-probe/.dd-mac/Build/Intermediates.noindex/cmark-gfm.build/Debug/cmark-gfm-extensions.build/Objects-normal/arm64/7187679823f38a2a940e0043cdf9d637-common-args.resp -MMD -MT dependencies -MF /Users/runner/work/orbit/orbit/.a1-probe/.dd-mac/Build/Intermediates.noindex/cmark-gfm.build/Debug/cmark-gfm-extensions.build/Objects-normal/arm64/strikethrough.d --serialize-diagnostics /Users/runner/work/orbit/orbit/.a1-probe/.dd-mac/Build/Intermediates.noindex/cmark-gfm.build/Debug/cmark-gfm-extensions.build/Objects-normal/arm64/strikethrough.dia -c /Users/runner/work/orbit/orbit/.a1-probe/.dd-mac/SourcePackages/checkouts/swift-cmark/extensions/strikethrough.c -o /Users/runner/work/orbit/orbit/.a1-probe/.dd-mac/Build/Intermediates.noindex/cmark-gfm.build/Debug/cmark-gfm-extensions.build/Objects-normal/arm64/strikethrough.o -index-unit-output-path /cmark-gfm.build/Debug/cmark-gfm-extensions.build/Objects-normal/arm64/strikethrough.o

PrecompileModule /Users/runner/work/orbit/orbit/.a1-probe/.dd-mac/Build/Intermediates.noindex/ExplicitPrecompiledModules/_Builtin_stdbool-5BD6OQNIPHV0XHR0STHU81VCR.scan
    cd /
    builtin-precompileModule /Users/runner/work/orbit/orbit/.a1-probe/.dd-mac/Build/Intermediates.noindex/ExplicitPrecompiledModules/_Builtin_stdbool-5BD6OQNIPHV0XHR0STHU81VCR.scan

PrecompileModule /Users/runner/work/orbit/orbit/.a1-probe/.dd-mac/Build/Intermediates.noindex/ExplicitPrecompiledModules/_AvailabilityInternal-77MBUN6J4YZ8A5NQPC5Q19S28.scan
    cd /
    builtin-precompileModule /Users/runner/work/orbit/orbit/.a1-probe/.dd-mac/Build/Intermediates.noindex/ExplicitPrecompiledModules/_AvailabilityInternal-77MBUN6J4YZ8A5NQPC5Q19S28.scan

PrecompileModule /Users/runner/work/orbit/orbit/.a1-probe/.dd-mac/Build/Intermediates.noindex/ExplicitPrecompiledModules/_Builtin_stddef-56SM8HH8EA898EJX9OP32GLW3.scan
    cd /
    builtin-precompileModule /Users/runner/work/orbit/orbit/.a1-probe/.dd-mac/Build/Intermediates.noindex/ExplicitPrecompiledModules/_Builtin_stddef-56SM8HH8EA898EJX9OP32GLW3.scan

PrecompileModule /Users/runner/work/orbit/orbit/.a1-probe/.dd-mac/Build/Intermediates.noindex/ExplicitPrecompiledModules/_Builtin_stdarg-5NZ2M8RGW5JYG71WQUNJEJ68H.scan
    cd /
    builtin-precompileModule /Users/runner/work/orbit/orbit/.a1-probe/.dd-mac/Build/Intermediates.noindex/ExplicitPrecompiledModules/_Builtin_stdarg-5NZ2M8RGW5JYG71WQUNJEJ68H.scan

PrecompileModule /Users/runner/work/orbit/orbit/.a1-probe/.dd-mac/Build/Intermediates.noindex/ExplicitPrecompiledModules/ptrcheck-537XEW9TZ927HBASBC4W8GEOT.scan
    cd /
    builtin-precompileModule /Users/runner/work/orbit/orbit/.a1-probe/.dd-mac/Build/Intermediates.noindex/ExplicitPrecompiledModules/ptrcheck-537XEW9TZ927HBASBC4W8GEOT.scan

ScanDependencies /Users/runner/work/orbit/orbit/.a1-probe/.dd-mac/Build/Intermediates.noindex/cmark-gfm.build/Debug/cmark-gfm-extensions.build/Objects-normal/arm64/ext_scanners.o /Users/runner/work/orbit/orbit/.a1-probe/.dd-mac/SourcePackages/checkouts/swift-cmark/extensions/ext_scanners.c normal arm64 c com.apple.compilers.llvm.clang.1_0.compiler (in target 'cmark-gfm-extensions' from project 'cmark-gfm')
    cd /Users/runner/work/orbit/orbit/.a1-probe/A1Probe.xcodeproj
    
    Using response file: /Users/runner/work/orbit/orbit/.a1-probe/.dd-mac/Build/Intermediates.noindex/cmark-gfm.build/Debug/cmark-gfm-extensions.build/Objects-normal/arm64/7187679823f38a2a940e0043cdf9d637-common-args.resp
    
    builtin-ScanDependencies -o /Users/runner/work/orbit/orbit/.a1-probe/.dd-mac/Build/Intermediates.noindex/cmark-gfm.build/Debug/cmark-gfm-extensions.build/Objects-normal/arm64/ext_scanners.o.scan -- /Applications/Xcode_26.6.app/Contents/Developer/Toolchains/XcodeDefault.xctoolchain/usr/bin/clang -x c -ivfsstatcache /Users/runner/work/orbit/orbit/.a1-probe/.dd-mac/SDKStatCaches.noindex/macosx26.5-25F70-688ef53f1462e2c8f657fdc38a81448fee0e6409aa6676c5e6c013d148225433.sdkstatcache -target arm64-apple-macos10.13 -fmessage-length\=0 -fdiagnostics-show-note-include-stack -fmacro-backtrace-limit\=0 -fno-color-diagnostics -fmodules-prune-interval\=86400 -fmodules-prune-after\=345600 -fbuild-session-file\=/Users/runner/work/orbit/orbit/.a1-probe/.dd-mac/ModuleCache.noindex/Session.modulevalidation -fmodules-validate-once-per-build-session -Wnon-modular-include-in-framework-module -Werror\=non-modular-include-in-framework-module -Wno-trigraphs -Wno-missing-field-initializers -Wno-missing-prototypes -Wno-return-type -Wno-missing-braces -Wparentheses -Wswitch -Wno-unused-function -Wno-unused-label -Wno-unused-parameter -Wno-unused-variable -Wunused-value -Wno-empty-body -Wno-uninitialized -Wno-unknown-pragmas -w -Wno-shadow -Wno-four-char-constants -Wno-conversion -Wno-constant-conversion -Wno-int-conversion -Wno-bool-conversion -Wno-enum-conversion -Wno-float-conversion -Wno-non-literal-null-conversion -Wno-objc-literal-conversion -Wshorten-64-to-32 -Wpointer-sign -Wno-newline-eof -Wno-implicit-fallthrough -isysroot /Applications/Xcode_26.6.app/Contents/Developer/Platforms/MacOSX.platform/Developer/SDKs/MacOSX26.5.sdk -fstrict-aliasing -Wdeprecated-declarations -Wno-sign-conversion -Wno-infinite-recursion -Wno-comma -Wno-block-capture-autoreleasing -Wno-strict-prototypes -Wno-semicolon-before-method-body -index-store-path /Users/runner/work/orbit/orbit/.a1-probe/.dd-mac/Index.noindex/DataStore @/Users/runner/work/orbit/orbit/.a1-probe/.dd-mac/Build/Intermediates.noindex/cmark-gfm.build/Debug/cmark-gfm-extensions.build/Objects-normal/arm64/7187679823f38a2a940e0043cdf9d637-common-args.resp -MMD -MT dependencies -MF /Users/runner/work/orbit/orbit/.a1-probe/.dd-mac/Build/Intermediates.noindex/cmark-gfm.build/Debug/cmark-gfm-extensions.build/Objects-normal/arm64/ext_scanners.d --serialize-diagnostics /Users/runner/work/orbit/orbit/.a1-probe/.dd-mac/Build/Intermediates.noindex/cmark-gfm.build/Debug/cmark-gfm-extensions.build/Objects-normal/arm64/ext_scanners.dia -c /Users/runner/work/orbit/orbit/.a1-probe/.dd-mac/SourcePackages/checkouts/swift-cmark/extensions/ext_scanners.c -o /Users/runner/work/orbit/orbit/.a1-probe/.dd-mac/Build/Intermediates.noindex/cmark-gfm.build/Debug/cmark-gfm-extensions.build/Objects-normal/arm64/ext_scanners.o -index-unit-output-path /cmark-gfm.build/Debug/cmark-gfm-extensions.build/Objects-normal/arm64/ext_scanners.o

ScanDependencies /Users/runner/work/orbit/orbit/.a1-probe/.dd-mac/Build/Intermediates.noindex/cmark-gfm.build/Debug/cmark-gfm-extensions.build/Objects-normal/arm64/core-extensions.o /Users/runner/work/orbit/orbit/.a1-probe/.dd-mac/SourcePackages/checkouts/swift-cmark/extensions/core-extensions.c normal arm64 c com.apple.compilers.llvm.clang.1_0.compiler (in target 'cmark-gfm-extensions' from project 'cmark-gfm')
    cd /Users/runner/work/orbit/orbit/.a1-probe/A1Probe.xcodeproj
    
    Using response file: /Users/runner/work/orbit/orbit/.a1-probe/.dd-mac/Build/Intermediates.noindex/cmark-gfm.build/Debug/cmark-gfm-extensions.build/Objects-normal/arm64/7187679823f38a2a940e0043cdf9d637-common-args.resp
    
    builtin-ScanDependencies -o /Users/runner/work/orbit/orbit/.a1-probe/.dd-mac/Build/Intermediates.noindex/cmark-gfm.build/Debug/cmark-gfm-extensions.build/Objects-normal/arm64/core-extensions.o.scan -- /Applications/Xcode_26.6.app/Contents/Developer/Toolchains/XcodeDefault.xctoolchain/usr/bin/clang -x c -ivfsstatcache /Users/runner/work/orbit/orbit/.a1-probe/.dd-mac/SDKStatCaches.noindex/macosx26.5-25F70-688ef53f1462e2c8f657fdc38a81448fee0e6409aa6676c5e6c013d148225433.sdkstatcache -target arm64-apple-macos10.13 -fmessage-length\=0 -fdiagnostics-show-note-include-stack -fmacro-backtrace-limit\=0 -fno-color-diagnostics -fmodules-prune-interval\=86400 -fmodules-prune-after\=345600 -fbuild-session-file\=/Users/runner/work/orbit/orbit/.a1-probe/.dd-mac/ModuleCache.noindex/Session.modulevalidation -fmodules-validate-once-per-build-session -Wnon-modular-include-in-framework-module -Werror\=non-modular-include-in-framework-module -Wno-trigraphs -Wno-missing-field-initializers -Wno-missing-prototypes -Wno-return-type -Wno-missing-braces -Wparentheses -Wswitch -Wno-unused-function -Wno-unused-label -Wno-unused-parameter -Wno-unused-variable -Wunused-value -Wno-empty-body -Wno-uninitialized -Wno-unknown-pragmas -w -Wno-shadow -Wno-four-char-constants -Wno-conversion -Wno-constant-conversion -Wno-int-conversion -Wno-bool-conversion -Wno-enum-conversion -Wno-float-conversion -Wno-non-literal-null-conversion -Wno-objc-literal-conversion -Wshorten-64-to-32 -Wpointer-sign -Wno-newline-eof -Wno-implicit-fallthrough -isysroot /Applications/Xcode_26.6.app/Contents/Developer/Platforms/MacOSX.platform/Developer/SDKs/MacOSX26.5.sdk -fstrict-aliasing -Wdeprecated-declarations -Wno-sign-conversion -Wno-infinite-recursion -Wno-comma -Wno-block-capture-autoreleasing -Wno-strict-prototypes -Wno-semicolon-before-method-body -index-store-path /Users/runner/work/orbit/orbit/.a1-probe/.dd-mac/Index.noindex/DataStore @/Users/runner/work/orbit/orbit/.a1-probe/.dd-mac/Build/Intermediates.noindex/cmark-gfm.build/Debug/cmark-gfm-extensions.build/Objects-normal/arm64/7187679823f38a2a940e0043cdf9d637-common-args.resp -MMD -MT dependencies -MF /Users/runner/work/orbit/orbit/.a1-probe/.dd-mac/Build/Intermediates.noindex/cmark-gfm.build/Debug/cmark-gfm-extensions.build/Objects-normal/arm64/core-extensions.d --serialize-diagnostics /Users/runner/work/orbit/orbit/.a1-probe/.dd-mac/Build/Intermediates.noindex/cmark-gfm.build/Debug/cmark-gfm-extensions.build/Objects-normal/arm64/core-extensions.dia -c /Users/runner/work/orbit/orbit/.a1-probe/.dd-mac/SourcePackages/checkouts/swift-cmark/extensions/core-extensions.c -o /Users/runner/work/orbit/orbit/.a1-probe/.dd-mac/Build/Intermediates.noindex/cmark-gfm.build/Debug/cmark-gfm-extensions.build/Objects-normal/arm64/core-extensions.o -index-unit-output-path /cmark-gfm.build/Debug/cmark-gfm-extensions.build/Objects-normal/arm64/core-extensions.o

ScanDependencies /Users/runner/work/orbit/orbit/.a1-probe/.dd-mac/Build/Intermediates.noindex/cmark-gfm.build/Debug/cmark-gfm-extensions.build/Objects-normal/arm64/autolink.o /Users/runner/work/orbit/orbit/.a1-probe/.dd-mac/SourcePackages/checkouts/swift-cmark/extensions/autolink.c normal arm64 c com.apple.compilers.llvm.clang.1_0.compiler (in target 'cmark-gfm-extensions' from project 'cmark-gfm')
    cd /Users/runner/work/orbit/orbit/.a1-probe/A1Probe.xcodeproj
    
    Using response file: /Users/runner/work/orbit/orbit/.a1-probe/.dd-mac/Build/Intermediates.noindex/cmark-gfm.build/Debug/cmark-gfm-extensions.build/Objects-normal/arm64/7187679823f38a2a940e0043cdf9d637-common-args.resp
    
    builtin-ScanDependencies -o /Users/runner/work/orbit/orbit/.a1-probe/.dd-mac/Build/Intermediates.noindex/cmark-gfm.build/Debug/cmark-gfm-extensions.build/Objects-normal/arm64/autolink.o.scan -- /Applications/Xcode_26.6.app/Contents/Developer/Toolchains/XcodeDefault.xctoolchain/usr/bin/clang -x c -ivfsstatcache /Users/runner/work/orbit/orbit/.a1-probe/.dd-mac/SDKStatCaches.noindex/macosx26.5-25F70-688ef53f1462e2c8f657fdc38a81448fee0e6409aa6676c5e6c013d148225433.sdkstatcache -target arm64-apple-macos10.13 -fmessage-length\=0 -fdiagnostics-show-note-include-stack -fmacro-backtrace-limit\=0 -fno-color-diagnostics -fmodules-prune-interval\=86400 -fmodules-prune-after\=345600 -fbuild-session-file\=/Users/runner/work/orbit/orbit/.a1-probe/.dd-mac/ModuleCache.noindex/Session.modulevalidation -fmodules-validate-once-per-build-session -Wnon-modular-include-in-framework-module -Werror\=non-modular-include-in-framework-module -Wno-trigraphs -Wno-missing-field-initializers -Wno-missing-prototypes -Wno-return-type -Wno-missing-braces -Wparentheses -Wswitch -Wno-unused-function -Wno-unused-label -Wno-unused-parameter -Wno-unused-variable -Wunused-value -Wno-empty-body -Wno-uninitialized -Wno-unknown-pragmas -w -Wno-shadow -Wno-four-char-constants -Wno-conversion -Wno-constant-conversion -Wno-int-conversion -Wno-bool-conversion -Wno-enum-conversion -Wno-float-conversion -Wno-non-literal-null-conversion -Wno-objc-literal-conversion -Wshorten-64-to-32 -Wpointer-sign -Wno-newline-eof -Wno-implicit-fallthrough -isysroot /Applications/Xcode_26.6.app/Contents/Developer/Platforms/MacOSX.platform/Developer/SDKs/MacOSX26.5.sdk -fstrict-aliasing -Wdeprecated-declarations -Wno-sign-conversion -Wno-infinite-recursion -Wno-comma -Wno-block-capture-autoreleasing -Wno-strict-prototypes -Wno-semicolon-before-method-body -index-store-path /Users/runner/work/orbit/orbit/.a1-probe/.dd-mac/Index.noindex/DataStore @/Users/runner/work/orbit/orbit/.a1-probe/.dd-mac/Build/Intermediates.noindex/cmark-gfm.build/Debug/cmark-gfm-extensions.build/Objects-normal/arm64/7187679823f38a2a940e0043cdf9d637-common-args.resp -MMD -MT dependencies -MF /Users/runner/work/orbit/orbit/.a1-probe/.dd-mac/Build/Intermediates.noindex/cmark-gfm.build/Debug/cmark-gfm-extensions.build/Objects-normal/arm64/autolink.d --serialize-diagnostics /Users/runner/work/orbit/orbit/.a1-probe/.dd-mac/Build/Intermediates.noindex/cmark-gfm.build/Debug/cmark-gfm-extensions.build/Objects-normal/arm64/autolink.dia -c /Users/runner/work/orbit/orbit/.a1-probe/.dd-mac/SourcePackages/checkouts/swift-cmark/extensions/autolink.c -o /Users/runner/work/orbit/orbit/.a1-probe/.dd-mac/Build/Intermediates.noindex/cmark-gfm.build/Debug/cmark-gfm-extensions.build/Objects-normal/arm64/autolink.o -index-unit-output-path /cmark-gfm.build/Debug/cmark-gfm-extensions.build/Objects-normal/arm64/autolink.o

PrecompileModule /Users/runner/work/orbit/orbit/.a1-probe/.dd-mac/Build/Intermediates.noindex/ExplicitPrecompiledModules/_DarwinFoundation1-4SEIHWR4MUJPG65NCNTRKAKA8.scan
    cd /
    builtin-precompileModule /Users/runner/work/orbit/orbit/.a1-probe/.dd-mac/Build/Intermediates.noindex/ExplicitPrecompiledModules/_DarwinFoundation1-4SEIHWR4MUJPG65NCNTRKAKA8.scan

ScanDependencies /Users/runner/work/orbit/orbit/.a1-probe/.dd-mac/Build/Intermediates.noindex/cmark-gfm.build/Debug/cmark-gfm.build/Objects-normal/arm64/xml.o /Users/runner/work/orbit/orbit/.a1-probe/.dd-mac/SourcePackages/checkouts/swift-cmark/src/xml.c normal arm64 c com.apple.compilers.llvm.clang.1_0.compiler (in target 'cmark-gfm' from project 'cmark-gfm')
    cd /Users/runner/work/orbit/orbit/.a1-probe/A1Probe.xcodeproj
    
    Using response file: /Users/runner/work/orbit/orbit/.a1-probe/.dd-mac/Build/Intermediates.noindex/cmark-gfm.build/Debug/cmark-gfm.build/Objects-normal/arm64/7187679823f38a2a940e0043cdf9d637-common-args.resp
    
    builtin-ScanDependencies -o /Users/runner/work/orbit/orbit/.a1-probe/.dd-mac/Build/Intermediates.noindex/cmark-gfm.build/Debug/cmark-gfm.build/Objects-normal/arm64/xml.o.scan -- /Applications/Xcode_26.6.app/Contents/Developer/Toolchains/XcodeDefault.xctoolchain/usr/bin/clang -x c -ivfsstatcache /Users/runner/work/orbit/orbit/.a1-probe/.dd-mac/SDKStatCaches.noindex/macosx26.5-25F70-688ef53f1462e2c8f657fdc38a81448fee0e6409aa6676c5e6c013d148225433.sdkstatcache -target arm64-apple-macos10.13 -fmessage-length\=0 -fdiagnostics-show-note-include-stack -fmacro-backtrace-limit\=0 -fno-color-diagnostics -fmodules-prune-interval\=86400 -fmodules-prune-after\=345600 -fbuild-session-file\=/Users/runner/work/orbit/orbit/.a1-probe/.dd-mac/ModuleCache.noindex/Session.modulevalidation -fmodules-validate-once-per-build-session -Wnon-modular-include-in-framework-module -Werror\=non-modular-include-in-framework-module -Wno-trigraphs -Wno-missing-field-initializers -Wno-missing-prototypes -Wno-return-type -Wno-missing-braces -Wparentheses -Wswitch -Wno-unused-function -Wno-unused-label -Wno-unused-parameter -Wno-unused-variable -Wunused-value -Wno-empty-body -Wno-uninitialized -Wno-unknown-pragmas -w -Wno-shadow -Wno-four-char-constants -Wno-conversion -Wno-constant-conversion -Wno-int-conversion -Wno-bool-conversion -Wno-enum-conversion -Wno-float-conversion -Wno-non-literal-null-conversion -Wno-objc-literal-conversion -Wshorten-64-to-32 -Wpointer-sign -Wno-newline-eof -Wno-implicit-fallthrough -isysroot /Applications/Xcode_26.6.app/Contents/Developer/Platforms/MacOSX.platform/Developer/SDKs/MacOSX26.5.sdk -fstrict-aliasing -Wdeprecated-declarations -Wno-sign-conversion -Wno-infinite-recursion -Wno-comma -Wno-block-capture-autoreleasing -Wno-strict-prototypes -Wno-semicolon-before-method-body -index-store-path /Users/runner/work/orbit/orbit/.a1-probe/.dd-mac/Index.noindex/DataStore @/Users/runner/work/orbit/orbit/.a1-probe/.dd-mac/Build/Intermediates.noindex/cmark-gfm.build/Debug/cmark-gfm.build/Objects-normal/arm64/7187679823f38a2a940e0043cdf9d637-common-args.resp -MMD -MT dependencies -MF /Users/runner/work/orbit/orbit/.a1-probe/.dd-mac/Build/Intermediates.noindex/cmark-gfm.build/Debug/cmark-gfm.build/Objects-normal/arm64/xml.d --serialize-diagnostics /Users/runner/work/orbit/orbit/.a1-probe/.dd-mac/Build/Intermediates.noindex/cmark-gfm.build/Debug/cmark-gfm.build/Objects-normal/arm64/xml.dia -c /Users/runner/work/orbit/orbit/.a1-probe/.dd-mac/SourcePackages/checkouts/swift-cmark/src/xml.c -o /Users/runner/work/orbit/orbit/.a1-probe/.dd-mac/Build/Intermediates.noindex/cmark-gfm.build/Debug/cmark-gfm.build/Objects-normal/arm64/xml.o -index-unit-output-path /cmark-gfm.build/Debug/cmark-gfm.build/Objects-normal/arm64/xml.o

PrecompileModule /Users/runner/work/orbit/orbit/.a1-probe/.dd-mac/Build/Intermediates.noindex/ExplicitPrecompiledModules/_DarwinFoundation2-8RHX9Q0WIUYYN103A3ONOXD84.scan
    cd /
    builtin-precompileModule /Users/runner/work/orbit/orbit/.a1-probe/.dd-mac/Build/Intermediates.noindex/ExplicitPrecompiledModules/_DarwinFoundation2-8RHX9Q0WIUYYN103A3ONOXD84.scan

PrecompileModule /Users/runner/work/orbit/orbit/.a1-probe/.dd-mac/Build/Intermediates.noindex/ExplicitPrecompiledModules/_Builtin_limits-163V91ZYKK8QAEHP9GL4EDL0D.scan
    cd /
    builtin-precompileModule /Users/runner/work/orbit/orbit/.a1-probe/.dd-mac/Build/Intermediates.noindex/ExplicitPrecompiledModules/_Builtin_limits-163V91ZYKK8QAEHP9GL4EDL0D.scan

ScanDependencies /Users/runner/work/orbit/orbit/.a1-probe/.dd-mac/Build/Intermediates.noindex/cmark-gfm.build/Debug/cmark-gfm.build/Objects-normal/arm64/utf8.o /Users/runner/work/orbit/orbit/.a1-probe/.dd-mac/SourcePackages/checkouts/swift-cmark/src/utf8.c normal arm64 c com.apple.compilers.llvm.clang.1_0.compiler (in target 'cmark-gfm' from project 'cmark-gfm')
    cd /Users/runner/work/orbit/orbit/.a1-probe/A1Probe.xcodeproj
    
    Using response file: /Users/runner/work/orbit/orbit/.a1-probe/.dd-mac/Build/Intermediates.noindex/cmark-gfm.build/Debug/cmark-gfm.build/Objects-normal/arm64/7187679823f38a2a940e0043cdf9d637-common-args.resp
    
    builtin-ScanDependencies -o /Users/runner/work/orbit/orbit/.a1-probe/.dd-mac/Build/Intermediates.noindex/cmark-gfm.build/Debug/cmark-gfm.build/Objects-normal/arm64/utf8.o.scan -- /Applications/Xcode_26.6.app/Contents/Developer/Toolchains/XcodeDefault.xctoolchain/usr/bin/clang -x c -ivfsstatcache /Users/runner/work/orbit/orbit/.a1-probe/.dd-mac/SDKStatCaches.noindex/macosx26.5-25F70-688ef53f1462e2c8f657fdc38a81448fee0e6409aa6676c5e6c013d148225433.sdkstatcache -target arm64-apple-macos10.13 -fmessage-length\=0 -fdiagnostics-show-note-include-stack -fmacro-backtrace-limit\=0 -fno-color-diagnostics -fmodules-prune-interval\=86400 -fmodules-prune-after\=345600 -fbuild-session-file\=/Users/runner/work/orbit/orbit/.a1-probe/.dd-mac/ModuleCache.noindex/Session.modulevalidation -fmodules-validate-once-per-build-session -Wnon-modular-include-in-framework-module -Werror\=non-modular-include-in-framework-module -Wno-trigraphs -Wno-missing-field-initializers -Wno-missing-prototypes -Wno-return-type -Wno-missing-braces -Wparentheses -Wswitch -Wno-unused-function -Wno-unused-label -Wno-unused-parameter -Wno-unused-variable -Wunused-value -Wno-empty-body -Wno-uninitialized -Wno-unknown-pragmas -w -Wno-shadow -Wno-four-char-constants -Wno-conversion -Wno-constant-conversion -Wno-int-conversion -Wno-bool-conversion -Wno-enum-conversion -Wno-float-conversion -Wno-non-literal-null-conversion -Wno-objc-literal-conversion -Wshorten-64-to-32 -Wpointer-sign -Wno-newline-eof -Wno-implicit-fallthrough -isysroot /Applications/Xcode_26.6.app/Contents/Developer/Platforms/MacOSX.platform/Developer/SDKs/MacOSX26.5.sdk -fstrict-aliasing -Wdeprecated-declarations -Wno-sign-conversion -Wno-infinite-recursion -Wno-comma -Wno-block-capture-autoreleasing -Wno-strict-prototypes -Wno-semicolon-before-method-body -index-store-path /Users/runner/work/orbit/orbit/.a1-probe/.dd-mac/Index.noindex/DataStore @/Users/runner/work/orbit/orbit/.a1-probe/.dd-mac/Build/Intermediates.noindex/cmark-gfm.build/Debug/cmark-gfm.build/Objects-normal/arm64/7187679823f38a2a940e0043cdf9d637-common-args.resp -MMD -MT dependencies -MF /Users/runner/work/orbit/orbit/.a1-probe/.dd-mac/Build/Intermediates.noindex/cmark-gfm.build/Debug/cmark-gfm.build/Objects-normal/arm64/utf8.d --serialize-diagnostics /Users/runner/work/orbit/orbit/.a1-probe/.dd-mac/Build/Intermediates.noindex/cmark-gfm.build/Debug/cmark-gfm.build/Objects-normal/arm64/utf8.dia -c /Users/runner/work/orbit/orbit/.a1-probe/.dd-mac/SourcePackages/checkouts/swift-cmark/src/utf8.c -o /Users/runner/work/orbit/orbit/.a1-probe/.dd-mac/Build/Intermediates.noindex/cmark-gfm.build/Debug/cmark-gfm.build/Objects-normal/arm64/utf8.o -index-unit-output-path /cmark-gfm.build/Debug/cmark-gfm.build/Objects-normal/arm64/utf8.o

ScanDependencies /Users/runner/work/orbit/orbit/.a1-probe/.dd-mac/Build/Intermediates.noindex/cmark-gfm.build/Debug/cmark-gfm.build/Objects-normal/arm64/syntax_extension.o /Users/runner/work/orbit/orbit/.a1-probe/.dd-mac/SourcePackages/checkouts/swift-cmark/src/syntax_extension.c normal arm64 c com.apple.compilers.llvm.clang.1_0.compiler (in target 'cmark-gfm' from project 'cmark-gfm')
    cd /Users/runner/work/orbit/orbit/.a1-probe/A1Probe.xcodeproj
    
    Using response file: /Users/runner/work/orbit/orbit/.a1-probe/.dd-mac/Build/Intermediates.noindex/cmark-gfm.build/Debug/cmark-gfm.build/Objects-normal/arm64/7187679823f38a2a940e0043cdf9d637-common-args.resp
    
    builtin-ScanDependencies -o /Users/runner/work/orbit/orbit/.a1-probe/.dd-mac/Build/Intermediates.noindex/cmark-gfm.build/Debug/cmark-gfm.build/Objects-normal/arm64/syntax_extension.o.scan -- /Applications/Xcode_26.6.app/Contents/Developer/Toolchains/XcodeDefault.xctoolchain/usr/bin/clang -x c -ivfsstatcache /Users/runner/work/orbit/orbit/.a1-probe/.dd-mac/SDKStatCaches.noindex/macosx26.5-25F70-688ef53f1462e2c8f657fdc38a81448fee0e6409aa6676c5e6c013d148225433.sdkstatcache -target arm64-apple-macos10.13 -fmessage-length\=0 -fdiagnostics-show-note-include-stack -fmacro-backtrace-limit\=0 -fno-color-diagnostics -fmodules-prune-interval\=86400 -fmodules-prune-after\=345600 -fbuild-session-file\=/Users/runner/work/orbit/orbit/.a1-probe/.dd-mac/ModuleCache.noindex/Session.modulevalidation -fmodules-validate-once-per-build-session -Wnon-modular-include-in-framework-module -Werror\=non-modular-include-in-framework-module -Wno-trigraphs -Wno-missing-field-initializers -Wno-missing-prototypes -Wno-return-type -Wno-missing-braces -Wparentheses -Wswitch -Wno-unused-function -Wno-unused-label -Wno-unused-parameter -Wno-unused-variable -Wunused-value -Wno-empty-body -Wno-uninitialized -Wno-unknown-pragmas -w -Wno-shadow -Wno-four-char-constants -Wno-conversion -Wno-constant-conversion -Wno-int-conversion -Wno-bool-conversion -Wno-enum-conversion -Wno-float-conversion -Wno-non-literal-null-conversion -Wno-objc-literal-conversion -Wshorten-64-to-32 -Wpointer-sign -Wno-newline-eof -Wno-implicit-fallthrough -isysroot /Applications/Xcode_26.6.app/Contents/Developer/Platforms/MacOSX.platform/Developer/SDKs/MacOSX26.5.sdk -fstrict-aliasing -Wdeprecated-declarations -Wno-sign-conversion -Wno-infinite-recursion -Wno-comma -Wno-block-capture-autoreleasing -Wno-strict-prototypes -Wno-semicolon-before-method-body -index-store-path /Users/runner/work/orbit/orbit/.a1-probe/.dd-mac/Index.noindex/DataStore @/Users/runner/work/orbit/orbit/.a1-probe/.dd-mac/Build/Intermediates.noindex/cmark-gfm.build/Debug/cmark-gfm.build/Objects-normal/arm64/7187679823f38a2a940e0043cdf9d637-common-args.resp -MMD -MT dependencies -MF /Users/runner/work/orbit/orbit/.a1-probe/.dd-mac/Build/Intermediates.noindex/cmark-gfm.build/Debug/cmark-gfm.build/Objects-normal/arm64/syntax_extension.d --serialize-diagnostics /Users/runner/work/orbit/orbit/.a1-probe/.dd-mac/Build/Intermediates.noindex/cmark-gfm.build/Debug/cmark-gfm.build/Objects-normal/arm64/syntax_extension.dia -c /Users/runner/work/orbit/orbit/.a1-probe/.dd-mac/SourcePackages/checkouts/swift-cmark/src/syntax_extension.c -o /Users/runner/work/orbit/orbit/.a1-probe/.dd-mac/Build/Intermediates.noindex/cmark-gfm.build/Debug/cmark-gfm.build/Objects-normal/arm64/syntax_extension.o -index-unit-output-path /cmark-gfm.build/Debug/cmark-gfm.build/Objects-normal/arm64/syntax_extension.o

ScanDependencies /Users/runner/work/orbit/orbit/.a1-probe/.dd-mac/Build/Intermediates.noindex/cmark-gfm.build/Debug/cmark-gfm.build/Objects-normal/arm64/scanners.o /Users/runner/work/orbit/orbit/.a1-probe/.dd-mac/SourcePackages/checkouts/swift-cmark/src/scanners.c normal arm64 c com.apple.compilers.llvm.clang.1_0.compiler (in target 'cmark-gfm' from project 'cmark-gfm')
    cd /Users/runner/work/orbit/orbit/.a1-probe/A1Probe.xcodeproj
    
    Using response file: /Users/runner/work/orbit/orbit/.a1-probe/.dd-mac/Build/Intermediates.noindex/cmark-gfm.build/Debug/cmark-gfm.build/Objects-normal/arm64/7187679823f38a2a940e0043cdf9d637-common-args.resp
    
    builtin-ScanDependencies -o /Users/runner/work/orbit/orbit/.a1-probe/.dd-mac/Build/Intermediates.noindex/cmark-gfm.build/Debug/cmark-gfm.build/Objects-normal/arm64/scanners.o.scan -- /Applications/Xcode_26.6.app/Contents/Developer/Toolchains/XcodeDefault.xctoolchain/usr/bin/clang -x c -ivfsstatcache /Users/runner/work/orbit/orbit/.a1-probe/.dd-mac/SDKStatCaches.noindex/macosx26.5-25F70-688ef53f1462e2c8f657fdc38a81448fee0e6409aa6676c5e6c013d148225433.sdkstatcache -target arm64-apple-macos10.13 -fmessage-length\=0 -fdiagnostics-show-note-include-stack -fmacro-backtrace-limit\=0 -fno-color-diagnostics -fmodules-prune-interval\=86400 -fmodules-prune-after\=345600 -fbuild-session-file\=/Users/runner/work/orbit/orbit/.a1-probe/.dd-mac/ModuleCache.noindex/Session.modulevalidation -fmodules-validate-once-per-build-session -Wnon-modular-include-in-framework-module -Werror\=non-modular-include-in-framework-module -Wno-trigraphs -Wno-missing-field-initializers -Wno-missing-prototypes -Wno-return-type -Wno-missing-braces -Wparentheses -Wswitch -Wno-unused-function -Wno-unused-label -Wno-unused-parameter -Wno-unused-variable -Wunused-value -Wno-empty-body -Wno-uninitialized -Wno-unknown-pragmas -w -Wno-shadow -Wno-four-char-constants -Wno-conversion -Wno-constant-conversion -Wno-int-conversion -Wno-bool-conversion -Wno-enum-conversion -Wno-float-conversion -Wno-non-literal-null-conversion -Wno-objc-literal-conversion -Wshorten-64-to-32 -Wpointer-sign -Wno-newline-eof -Wno-implicit-fallthrough -isysroot /Applications/Xcode_26.6.app/Contents/Developer/Platforms/MacOSX.platform/Developer/SDKs/MacOSX26.5.sdk -fstrict-aliasing -Wdeprecated-declarations -Wno-sign-conversion -Wno-infinite-recursion -Wno-comma -Wno-block-capture-autoreleasing -Wno-strict-prototypes -Wno-semicolon-before-method-body -index-store-path /Users/runner/work/orbit/orbit/.a1-probe/.dd-mac/Index.noindex/DataStore @/Users/runner/work/orbit/orbit/.a1-probe/.dd-mac/Build/Intermediates.noindex/cmark-gfm.build/Debug/cmark-gfm.build/Objects-normal/arm64/7187679823f38a2a940e0043cdf9d637-common-args.resp -MMD -MT dependencies -MF /Users/runner/work/orbit/orbit/.a1-probe/.dd-mac/Build/Intermediates.noindex/cmark-gfm.build/Debug/cmark-gfm.build/Objects-normal/arm64/scanners.d --serialize-diagnostics /Users/runner/work/orbit/orbit/.a1-probe/.dd-mac/Build/Intermediates.noindex/cmark-gfm.build/Debug/cmark-gfm.build/Objects-normal/arm64/scanners.dia -c /Users/runner/work/orbit/orbit/.a1-probe/.dd-mac/SourcePackages/checkouts/swift-cmark/src/scanners.c -o /Users/runner/work/orbit/orbit/.a1-probe/.dd-mac/Build/Intermediates.noindex/cmark-gfm.build/Debug/cmark-gfm.build/Objects-normal/arm64/scanners.o -index-unit-output-path /cmark-gfm.build/Debug/cmark-gfm.build/Objects-normal/arm64/scanners.o

PrecompileModule /Users/runner/work/orbit/orbit/.a1-probe/.dd-mac/Build/Intermediates.noindex/ExplicitPrecompiledModules/_Builtin_stdint-A8ZLX2X4W8PFS1PVB8JLOXL6V.scan
    cd /
    builtin-precompileModule /Users/runner/work/orbit/orbit/.a1-probe/.dd-mac/Build/Intermediates.noindex/ExplicitPrecompiledModules/_Builtin_stdint-A8ZLX2X4W8PFS1PVB8JLOXL6V.scan

ScanDependencies /Users/runner/work/orbit/orbit/.a1-probe/.dd-mac/Build/Intermediates.noindex/cmark-gfm.build/Debug/cmark-gfm.build/Objects-normal/arm64/render.o /Users/runner/work/orbit/orbit/.a1-probe/.dd-mac/SourcePackages/checkouts/swift-cmark/src/render.c normal arm64 c com.apple.compilers.llvm.clang.1_0.compiler (in target 'cmark-gfm' from project 'cmark-gfm')
    cd /Users/runner/work/orbit/orbit/.a1-probe/A1Probe.xcodeproj
    
    Using response file: /Users/runner/work/orbit/orbit/.a1-probe/.dd-mac/Build/Intermediates.noindex/cmark-gfm.build/Debug/cmark-gfm.build/Objects-normal/arm64/7187679823f38a2a940e0043cdf9d637-common-args.resp
    
    builtin-ScanDependencies -o /Users/runner/work/orbit/orbit/.a1-probe/.dd-mac/Build/Intermediates.noindex/cmark-gfm.build/Debug/cmark-gfm.build/Objects-normal/arm64/render.o.scan -- /Applications/Xcode_26.6.app/Contents/Developer/Toolchains/XcodeDefault.xctoolchain/usr/bin/clang -x c -ivfsstatcache /Users/runner/work/orbit/orbit/.a1-probe/.dd-mac/SDKStatCaches.noindex/macosx26.5-25F70-688ef53f1462e2c8f657fdc38a81448fee0e6409aa6676c5e6c013d148225433.sdkstatcache -target arm64-apple-macos10.13 -fmessage-length\=0 -fdiagnostics-show-note-include-stack -fmacro-backtrace-limit\=0 -fno-color-diagnostics -fmodules-prune-interval\=86400 -fmodules-prune-after\=345600 -fbuild-session-file\=/Users/runner/work/orbit/orbit/.a1-probe/.dd-mac/ModuleCache.noindex/Session.modulevalidation -fmodules-validate-once-per-build-session -Wnon-modular-include-in-framework-module -Werror\=non-modular-include-in-framework-module -Wno-trigraphs -Wno-missing-field-initializers -Wno-missing-prototypes -Wno-return-type -Wno-missing-braces -Wparentheses -Wswitch -Wno-unused-function -Wno-unused-label -Wno-unused-parameter -Wno-unused-variable -Wunused-value -Wno-empty-body -Wno-uninitialized -Wno-unknown-pragmas -w -Wno-shadow -Wno-four-char-constants -Wno-conversion -Wno-constant-conversion -Wno-int-conversion -Wno-bool-conversion -Wno-enum-conversion -Wno-float-conversion -Wno-non-literal-null-conversion -Wno-objc-literal-conversion -Wshorten-64-to-32 -Wpointer-sign -Wno-newline-eof -Wno-implicit-fallthrough -isysroot /Applications/Xcode_26.6.app/Contents/Developer/Platforms/MacOSX.platform/Developer/SDKs/MacOSX26.5.sdk -fstrict-aliasing -Wdeprecated-declarations -Wno-sign-conversion -Wno-infinite-recursion -Wno-comma -Wno-block-capture-autoreleasing -Wno-strict-prototypes -Wno-semicolon-before-method-body -index-store-path /Users/runner/work/orbit/orbit/.a1-probe/.dd-mac/Index.noindex/DataStore @/Users/runner/work/orbit/orbit/.a1-probe/.dd-mac/Build/Intermediates.noindex/cmark-gfm.build/Debug/cmark-gfm.build/Objects-normal/arm64/7187679823f38a2a940e0043cdf9d637-common-args.resp -MMD -MT dependencies -MF /Users/runner/work/orbit/orbit/.a1-probe/.dd-mac/Build/Intermediates.noindex/cmark-gfm.build/Debug/cmark-gfm.build/Objects-normal/arm64/render.d --serialize-diagnostics /Users/runner/work/orbit/orbit/.a1-probe/.dd-mac/Build/Intermediates.noindex/cmark-gfm.build/Debug/cmark-gfm.build/Objects-normal/arm64/render.dia -c /Users/runner/work/orbit/orbit/.a1-probe/.dd-mac/SourcePackages/checkouts/swift-cmark/src/render.c -o /Users/runner/work/orbit/orbit/.a1-probe/.dd-mac/Build/Intermediates.noindex/cmark-gfm.build/Debug/cmark-gfm.build/Objects-normal/arm64/render.o -index-unit-output-path /cmark-gfm.build/Debug/cmark-gfm.build/Objects-normal/arm64/render.o

ScanDependencies /Users/runner/work/orbit/orbit/.a1-probe/.dd-mac/Build/Intermediates.noindex/cmark-gfm.build/Debug/cmark-gfm.build/Objects-normal/arm64/registry.o /Users/runner/work/orbit/orbit/.a1-probe/.dd-mac/SourcePackages/checkouts/swift-cmark/src/registry.c normal arm64 c com.apple.compilers.llvm.clang.1_0.compiler (in target 'cmark-gfm' from project 'cmark-gfm')
    cd /Users/runner/work/orbit/orbit/.a1-probe/A1Probe.xcodeproj
    
    Using response file: /Users/runner/work/orbit/orbit/.a1-probe/.dd-mac/Build/Intermediates.noindex/cmark-gfm.build/Debug/cmark-gfm.build/Objects-normal/arm64/7187679823f38a2a940e0043cdf9d637-common-args.resp
    
    builtin-ScanDependencies -o /Users/runner/work/orbit/orbit/.a1-probe/.dd-mac/Build/Intermediates.noindex/cmark-gfm.build/Debug/cmark-gfm.build/Objects-normal/arm64/registry.o.scan -- /Applications/Xcode_26.6.app/Contents/Developer/Toolchains/XcodeDefault.xctoolchain/usr/bin/clang -x c -ivfsstatcache /Users/runner/work/orbit/orbit/.a1-probe/.dd-mac/SDKStatCaches.noindex/macosx26.5-25F70-688ef53f1462e2c8f657fdc38a81448fee0e6409aa6676c5e6c013d148225433.sdkstatcache -target arm64-apple-macos10.13 -fmessage-length\=0 -fdiagnostics-show-note-include-stack -fmacro-backtrace-limit\=0 -fno-color-diagnostics -fmodules-prune-interval\=86400 -fmodules-prune-after\=345600 -fbuild-session-file\=/Users/runner/work/orbit/orbit/.a1-probe/.dd-mac/ModuleCache.noindex/Session.modulevalidation -fmodules-validate-once-per-build-session -Wnon-modular-include-in-framework-module -Werror\=non-modular-include-in-framework-module -Wno-trigraphs -Wno-missing-field-initializers -Wno-missing-prototypes -Wno-return-type -Wno-missing-braces -Wparentheses -Wswitch -Wno-unused-function -Wno-unused-label -Wno-unused-parameter -Wno-unused-variable -Wunused-value -Wno-empty-body -Wno-uninitialized -Wno-unknown-pragmas -w -Wno-shadow -Wno-four-char-constants -Wno-conversion -Wno-constant-conversion -Wno-int-conversion -Wno-bool-conversion -Wno-enum-conversion -Wno-float-conversion -Wno-non-literal-null-conversion -Wno-objc-literal-conversion -Wshorten-64-to-32 -Wpointer-sign -Wno-newline-eof -Wno-implicit-fallthrough -isysroot /Applications/Xcode_26.6.app/Contents/Developer/Platforms/MacOSX.platform/Developer/SDKs/MacOSX26.5.sdk -fstrict-aliasing -Wdeprecated-declarations -Wno-sign-conversion -Wno-infinite-recursion -Wno-comma -Wno-block-capture-autoreleasing -Wno-strict-prototypes -Wno-semicolon-before-method-body -index-store-path /Users/runner/work/orbit/orbit/.a1-probe/.dd-mac/Index.noindex/DataStore @/Users/runner/work/orbit/orbit/.a1-probe/.dd-mac/Build/Intermediates.noindex/cmark-gfm.build/Debug/cmark-gfm.build/Objects-normal/arm64/7187679823f38a2a940e0043cdf9d637-common-args.resp -MMD -MT dependencies -MF /Users/runner/work/orbit/orbit/.a1-probe/.dd-mac/Build/Intermediates.noindex/cmark-gfm.build/Debug/cmark-gfm.build/Objects-normal/arm64/registry.d --serialize-diagnostics /Users/runner/work/orbit/orbit/.a1-probe/.dd-mac/Build/Intermediates.noindex/cmark-gfm.build/Debug/cmark-gfm.build/Objects-normal/arm64/registry.dia -c /Users/runner/work/orbit/orbit/.a1-probe/.dd-mac/SourcePackages/checkouts/swift-cmark/src/registry.c -o /Users/runner/work/orbit/orbit/.a1-probe/.dd-mac/Build/Intermediates.noindex/cmark-gfm.build/Debug/cmark-gfm.build/Objects-normal/arm64/registry.o -index-unit-output-path /cmark-gfm.build/Debug/cmark-gfm.build/Objects-normal/arm64/registry.o

PrecompileModule /Users/runner/work/orbit/orbit/.a1-probe/.dd-mac/Build/Intermediates.noindex/ExplicitPrecompiledModules/_DarwinFoundation3-BV9W4MSE1MBPJPV7SRKHD23C.scan
    cd /
    builtin-precompileModule /Users/runner/work/orbit/orbit/.a1-probe/.dd-mac/Build/Intermediates.noindex/ExplicitPrecompiledModules/_DarwinFoundation3-BV9W4MSE1MBPJPV7SRKHD23C.scan

ScanDependencies /Users/runner/work/orbit/orbit/.a1-probe/.dd-mac/Build/Intermediates.noindex/cmark-gfm.build/Debug/cmark-gfm.build/Objects-normal/arm64/references.o /Users/runner/work/orbit/orbit/.a1-probe/.dd-mac/SourcePackages/checkouts/swift-cmark/src/references.c normal arm64 c com.apple.compilers.llvm.clang.1_0.compiler (in target 'cmark-gfm' from project 'cmark-gfm')
    cd /Users/runner/work/orbit/orbit/.a1-probe/A1Probe.xcodeproj
    
    Using response file: /Users/runner/work/orbit/orbit/.a1-probe/.dd-mac/Build/Intermediates.noindex/cmark-gfm.build/Debug/cmark-gfm.build/Objects-normal/arm64/7187679823f38a2a940e0043cdf9d637-common-args.resp
    
    builtin-ScanDependencies -o /Users/runner/work/orbit/orbit/.a1-probe/.dd-mac/Build/Intermediates.noindex/cmark-gfm.build/Debug/cmark-gfm.build/Objects-normal/arm64/references.o.scan -- /Applications/Xcode_26.6.app/Contents/Developer/Toolchains/XcodeDefault.xctoolchain/usr/bin/clang -x c -ivfsstatcache /Users/runner/work/orbit/orbit/.a1-probe/.dd-mac/SDKStatCaches.noindex/macosx26.5-25F70-688ef53f1462e2c8f657fdc38a81448fee0e6409aa6676c5e6c013d148225433.sdkstatcache -target arm64-apple-macos10.13 -fmessage-length\=0 -fdiagnostics-show-note-include-stack -fmacro-backtrace-limit\=0 -fno-color-diagnostics -fmodules-prune-interval\=86400 -fmodules-prune-after\=345600 -fbuild-session-file\=/Users/runner/work/orbit/orbit/.a1-probe/.dd-mac/ModuleCache.noindex/Session.modulevalidation -fmodules-validate-once-per-build-session -Wnon-modular-include-in-framework-module -Werror\=non-modular-include-in-framework-module -Wno-trigraphs -Wno-missing-field-initializers -Wno-missing-prototypes -Wno-return-type -Wno-missing-braces -Wparentheses -Wswitch -Wno-unused-function -Wno-unused-label -Wno-unused-parameter -Wno-unused-variable -Wunused-value -Wno-empty-body -Wno-uninitialized -Wno-unknown-pragmas -w -Wno-shadow -Wno-four-char-constants -Wno-conversion -Wno-constant-conversion -Wno-int-conversion -Wno-bool-conversion -Wno-enum-conversion -Wno-float-conversion -Wno-non-literal-null-conversion -Wno-objc-literal-conversion -Wshorten-64-to-32 -Wpointer-sign -Wno-newline-eof -Wno-implicit-fallthrough -isysroot /Applications/Xcode_26.6.app/Contents/Developer/Platforms/MacOSX.platform/Developer/SDKs/MacOSX26.5.sdk -fstrict-aliasing -Wdeprecated-declarations -Wno-sign-conversion -Wno-infinite-recursion -Wno-comma -Wno-block-capture-autoreleasing -Wno-strict-prototypes -Wno-semicolon-before-method-body -index-store-path /Users/runner/work/orbit/orbit/.a1-probe/.dd-mac/Index.noindex/DataStore @/Users/runner/work/orbit/orbit/.a1-probe/.dd-mac/Build/Intermediates.noindex/cmark-gfm.build/Debug/cmark-gfm.build/Objects-normal/arm64/7187679823f38a2a940e0043cdf9d637-common-args.resp -MMD -MT dependencies -MF /Users/runner/work/orbit/orbit/.a1-probe/.dd-mac/Build/Intermediates.noindex/cmark-gfm.build/Debug/cmark-gfm.build/Objects-normal/arm64/references.d --serialize-diagnostics /Users/runner/work/orbit/orbit/.a1-probe/.dd-mac/Build/Intermediates.noindex/cmark-gfm.build/Debug/cmark-gfm.build/Objects-normal/arm64/references.dia -c /Users/runner/work/orbit/orbit/.a1-probe/.dd-mac/SourcePackages/checkouts/swift-cmark/src/references.c -o /Users/runner/work/orbit/orbit/.a1-probe/.dd-mac/Build/Intermediates.noindex/cmark-gfm.build/Debug/cmark-gfm.build/Objects-normal/arm64/references.o -index-unit-output-path /cmark-gfm.build/Debug/cmark-gfm.build/Objects-normal/arm64/references.o

ScanDependencies /Users/runner/work/orbit/orbit/.a1-probe/.dd-mac/Build/Intermediates.noindex/cmark-gfm.build/Debug/cmark-gfm.build/Objects-normal/arm64/plugin.o /Users/runner/work/orbit/orbit/.a1-probe/.dd-mac/SourcePackages/checkouts/swift-cmark/src/plugin.c normal arm64 c com.apple.compilers.llvm.clang.1_0.compiler (in target 'cmark-gfm' from project 'cmark-gfm')
    cd /Users/runner/work/orbit/orbit/.a1-probe/A1Probe.xcodeproj
    
    Using response file: /Users/runner/work/orbit/orbit/.a1-probe/.dd-mac/Build/Intermediates.noindex/cmark-gfm.build/Debug/cmark-gfm.build/Objects-normal/arm64/7187679823f38a2a940e0043cdf9d637-common-args.resp
    
    builtin-ScanDependencies -o /Users/runner/work/orbit/orbit/.a1-probe/.dd-mac/Build/Intermediates.noindex/cmark-gfm.build/Debug/cmark-gfm.build/Objects-normal/arm64/plugin.o.scan -- /Applications/Xcode_26.6.app/Contents/Developer/Toolchains/XcodeDefault.xctoolchain/usr/bin/clang -x c -ivfsstatcache /Users/runner/work/orbit/orbit/.a1-probe/.dd-mac/SDKStatCaches.noindex/macosx26.5-25F70-688ef53f1462e2c8f657fdc38a81448fee0e6409aa6676c5e6c013d148225433.sdkstatcache -target arm64-apple-macos10.13 -fmessage-length\=0 -fdiagnostics-show-note-include-stack -fmacro-backtrace-limit\=0 -fno-color-diagnostics -fmodules-prune-interval\=86400 -fmodules-prune-after\=345600 -fbuild-session-file\=/Users/runner/work/orbit/orbit/.a1-probe/.dd-mac/ModuleCache.noindex/Session.modulevalidation -fmodules-validate-once-per-build-session -Wnon-modular-include-in-framework-module -Werror\=non-modular-include-in-framework-module -Wno-trigraphs -Wno-missing-field-initializers -Wno-missing-prototypes -Wno-return-type -Wno-missing-braces -Wparentheses -Wswitch -Wno-unused-function -Wno-unused-label -Wno-unused-parameter -Wno-unused-variable -Wunused-value -Wno-empty-body -Wno-uninitialized -Wno-unknown-pragmas -w -Wno-shadow -Wno-four-char-constants -Wno-conversion -Wno-constant-conversion -Wno-int-conversion -Wno-bool-conversion -Wno-enum-conversion -Wno-float-conversion -Wno-non-literal-null-conversion -Wno-objc-literal-conversion -Wshorten-64-to-32 -Wpointer-sign -Wno-newline-eof -Wno-implicit-fallthrough -isysroot /Applications/Xcode_26.6.app/Contents/Developer/Platforms/MacOSX.platform/Developer/SDKs/MacOSX26.5.sdk -fstrict-aliasing -Wdeprecated-declarations -Wno-sign-conversion -Wno-infinite-recursion -Wno-comma -Wno-block-capture-autoreleasing -Wno-strict-prototypes -Wno-semicolon-before-method-body -index-store-path /Users/runner/work/orbit/orbit/.a1-probe/.dd-mac/Index.noindex/DataStore @/Users/runner/work/orbit/orbit/.a1-probe/.dd-mac/Build/Intermediates.noindex/cmark-gfm.build/Debug/cmark-gfm.build/Objects-normal/arm64/7187679823f38a2a940e0043cdf9d637-common-args.resp -MMD -MT dependencies -MF /Users/runner/work/orbit/orbit/.a1-probe/.dd-mac/Build/Intermediates.noindex/cmark-gfm.build/Debug/cmark-gfm.build/Objects-normal/arm64/plugin.d --serialize-diagnostics /Users/runner/work/orbit/orbit/.a1-probe/.dd-mac/Build/Intermediates.noindex/cmark-gfm.build/Debug/cmark-gfm.build/Objects-normal/arm64/plugin.dia -c /Users/runner/work/orbit/orbit/.a1-probe/.dd-mac/SourcePackages/checkouts/swift-cmark/src/plugin.c -o /Users/runner/work/orbit/orbit/.a1-probe/.dd-mac/Build/Intermediates.noindex/cmark-gfm.build/Debug/cmark-gfm.build/Objects-normal/arm64/plugin.o -index-unit-output-path /cmark-gfm.build/Debug/cmark-gfm.build/Objects-normal/arm64/plugin.o

ScanDependencies /Users/runner/work/orbit/orbit/.a1-probe/.dd-mac/Build/Intermediates.noindex/cmark-gfm.build/Debug/cmark-gfm.build/Objects-normal/arm64/plaintext.o /Users/runner/work/orbit/orbit/.a1-probe/.dd-mac/SourcePackages/checkouts/swift-cmark/src/plaintext.c normal arm64 c com.apple.compilers.llvm.clang.1_0.compiler (in target 'cmark-gfm' from project 'cmark-gfm')
    cd /Users/runner/work/orbit/orbit/.a1-probe/A1Probe.xcodeproj
    
    Using response file: /Users/runner/work/orbit/orbit/.a1-probe/.dd-mac/Build/Intermediates.noindex/cmark-gfm.build/Debug/cmark-gfm.build/Objects-normal/arm64/7187679823f38a2a940e0043cdf9d637-common-args.resp
    
    builtin-ScanDependencies -o /Users/runner/work/orbit/orbit/.a1-probe/.dd-mac/Build/Intermediates.noindex/cmark-gfm.build/Debug/cmark-gfm.build/Objects-normal/arm64/plaintext.o.scan -- /Applications/Xcode_26.6.app/Contents/Developer/Toolchains/XcodeDefault.xctoolchain/usr/bin/clang -x c -ivfsstatcache /Users/runner/work/orbit/orbit/.a1-probe/.dd-mac/SDKStatCaches.noindex/macosx26.5-25F70-688ef53f1462e2c8f657fdc38a81448fee0e6409aa6676c5e6c013d148225433.sdkstatcache -target arm64-apple-macos10.13 -fmessage-length\=0 -fdiagnostics-show-note-include-stack -fmacro-backtrace-limit\=0 -fno-color-diagnostics -fmodules-prune-interval\=86400 -fmodules-prune-after\=345600 -fbuild-session-file\=/Users/runner/work/orbit/orbit/.a1-probe/.dd-mac/ModuleCache.noindex/Session.modulevalidation -fmodules-validate-once-per-build-session -Wnon-modular-include-in-framework-module -Werror\=non-modular-include-in-framework-module -Wno-trigraphs -Wno-missing-field-initializers -Wno-missing-prototypes -Wno-return-type -Wno-missing-braces -Wparentheses -Wswitch -Wno-unused-function -Wno-unused-label -Wno-unused-parameter -Wno-unused-variable -Wunused-value -Wno-empty-body -Wno-uninitialized -Wno-unknown-pragmas -w -Wno-shadow -Wno-four-char-constants -Wno-conversion -Wno-constant-conversion -Wno-int-conversion -Wno-bool-conversion -Wno-enum-conversion -Wno-float-conversion -Wno-non-literal-null-conversion -Wno-objc-literal-conversion -Wshorten-64-to-32 -Wpointer-sign -Wno-newline-eof -Wno-implicit-fallthrough -isysroot /Applications/Xcode_26.6.app/Contents/Developer/Platforms/MacOSX.platform/Developer/SDKs/MacOSX26.5.sdk -fstrict-aliasing -Wdeprecated-declarations -Wno-sign-conversion -Wno-infinite-recursion -Wno-comma -Wno-block-capture-autoreleasing -Wno-strict-prototypes -Wno-semicolon-before-method-body -index-store-path /Users/runner/work/orbit/orbit/.a1-probe/.dd-mac/Index.noindex/DataStore @/Users/runner/work/orbit/orbit/.a1-probe/.dd-mac/Build/Intermediates.noindex/cmark-gfm.build/Debug/cmark-gfm.build/Objects-normal/arm64/7187679823f38a2a940e0043cdf9d637-common-args.resp -MMD -MT dependencies -MF /Users/runner/work/orbit/orbit/.a1-probe/.dd-mac/Build/Intermediates.noindex/cmark-gfm.build/Debug/cmark-gfm.build/Objects-normal/arm64/plaintext.d --serialize-diagnostics /Users/runner/work/orbit/orbit/.a1-probe/.dd-mac/Build/Intermediates.noindex/cmark-gfm.build/Debug/cmark-gfm.build/Objects-normal/arm64/plaintext.dia -c /Users/runner/work/orbit/orbit/.a1-probe/.dd-mac/SourcePackages/checkouts/swift-cmark/src/plaintext.c -o /Users/runner/work/orbit/orbit/.a1-probe/.dd-mac/Build/Intermediates.noindex/cmark-gfm.build/Debug/cmark-gfm.build/Objects-normal/arm64/plaintext.o -index-unit-output-path /cmark-gfm.build/Debug/cmark-gfm.build/Objects-normal/arm64/plaintext.o

ScanDependencies /Users/runner/work/orbit/orbit/.a1-probe/.dd-mac/Build/Intermediates.noindex/cmark-gfm.build/Debug/cmark-gfm.build/Objects-normal/arm64/node.o /Users/runner/work/orbit/orbit/.a1-probe/.dd-mac/SourcePackages/checkouts/swift-cmark/src/node.c normal arm64 c com.apple.compilers.llvm.clang.1_0.compiler (in target 'cmark-gfm' from project 'cmark-gfm')
    cd /Users/runner/work/orbit/orbit/.a1-probe/A1Probe.xcodeproj
    
    Using response file: /Users/runner/work/orbit/orbit/.a1-probe/.dd-mac/Build/Intermediates.noindex/cmark-gfm.build/Debug/cmark-gfm.build/Objects-normal/arm64/7187679823f38a2a940e0043cdf9d637-common-args.resp
    
    builtin-ScanDependencies -o /Users/runner/work/orbit/orbit/.a1-probe/.dd-mac/Build/Intermediates.noindex/cmark-gfm.build/Debug/cmark-gfm.build/Objects-normal/arm64/node.o.scan -- /Applications/Xcode_26.6.app/Contents/Developer/Toolchains/XcodeDefault.xctoolchain/usr/bin/clang -x c -ivfsstatcache /Users/runner/work/orbit/orbit/.a1-probe/.dd-mac/SDKStatCaches.noindex/macosx26.5-25F70-688ef53f1462e2c8f657fdc38a81448fee0e6409aa6676c5e6c013d148225433.sdkstatcache -target arm64-apple-macos10.13 -fmessage-length\=0 -fdiagnostics-show-note-include-stack -fmacro-backtrace-limit\=0 -fno-color-diagnostics -fmodules-prune-interval\=86400 -fmodules-prune-after\=345600 -fbuild-session-file\=/Users/runner/work/orbit/orbit/.a1-probe/.dd-mac/ModuleCache.noindex/Session.modulevalidation -fmodules-validate-once-per-build-session -Wnon-modular-include-in-framework-module -Werror\=non-modular-include-in-framework-module -Wno-trigraphs -Wno-missing-field-initializers -Wno-missing-prototypes -Wno-return-type -Wno-missing-braces -Wparentheses -Wswitch -Wno-unused-function -Wno-unused-label -Wno-unused-parameter -Wno-unused-variable -Wunused-value -Wno-empty-body -Wno-uninitialized -Wno-unknown-pragmas -w -Wno-shadow -Wno-four-char-constants -Wno-conversion -Wno-constant-conversion -Wno-int-conversion -Wno-bool-conversion -Wno-enum-conversion -Wno-float-conversion -Wno-non-literal-null-conversion -Wno-objc-literal-conversion -Wshorten-64-to-32 -Wpointer-sign -Wno-newline-eof -Wno-implicit-fallthrough -isysroot /Applications/Xcode_26.6.app/Contents/Developer/Platforms/MacOSX.platform/Developer/SDKs/MacOSX26.5.sdk -fstrict-aliasing -Wdeprecated-declarations -Wno-sign-conversion -Wno-infinite-recursion -Wno-comma -Wno-block-capture-autoreleasing -Wno-strict-prototypes -Wno-semicolon-before-method-body -index-store-path /Users/runner/work/orbit/orbit/.a1-probe/.dd-mac/Index.noindex/DataStore @/Users/runner/work/orbit/orbit/.a1-probe/.dd-mac/Build/Intermediates.noindex/cmark-gfm.build/Debug/cmark-gfm.build/Objects-normal/arm64/7187679823f38a2a940e0043cdf9d637-common-args.resp -MMD -MT dependencies -MF /Users/runner/work/orbit/orbit/.a1-probe/.dd-mac/Build/Intermediates.noindex/cmark-gfm.build/Debug/cmark-gfm.build/Objects-normal/arm64/node.d --serialize-diagnostics /Users/runner/work/orbit/orbit/.a1-probe/.dd-mac/Build/Intermediates.noindex/cmark-gfm.build/Debug/cmark-gfm.build/Objects-normal/arm64/node.dia -c /Users/runner/work/orbit/orbit/.a1-probe/.dd-mac/SourcePackages/checkouts/swift-cmark/src/node.c -o /Users/runner/work/orbit/orbit/.a1-probe/.dd-mac/Build/Intermediates.noindex/cmark-gfm.build/Debug/cmark-gfm.build/Objects-normal/arm64/node.o -index-unit-output-path /cmark-gfm.build/Debug/cmark-gfm.build/Objects-normal/arm64/node.o

ScanDependencies /Users/runner/work/orbit/orbit/.a1-probe/.dd-mac/Build/Intermediates.noindex/cmark-gfm.build/Debug/cmark-gfm.build/Objects-normal/arm64/map.o /Users/runner/work/orbit/orbit/.a1-probe/.dd-mac/SourcePackages/checkouts/swift-cmark/src/map.c normal arm64 c com.apple.compilers.llvm.clang.1_0.compiler (in target 'cmark-gfm' from project 'cmark-gfm')
    cd /Users/runner/work/orbit/orbit/.a1-probe/A1Probe.xcodeproj
    
    Using response file: /Users/runner/work/orbit/orbit/.a1-probe/.dd-mac/Build/Intermediates.noindex/cmark-gfm.build/Debug/cmark-gfm.build/Objects-normal/arm64/7187679823f38a2a940e0043cdf9d637-common-args.resp
    
    builtin-ScanDependencies -o /Users/runner/work/orbit/orbit/.a1-probe/.dd-mac/Build/Intermediates.noindex/cmark-gfm.build/Debug/cmark-gfm.build/Objects-normal/arm64/map.o.scan -- /Applications/Xcode_26.6.app/Contents/Developer/Toolchains/XcodeDefault.xctoolchain/usr/bin/clang -x c -ivfsstatcache /Users/runner/work/orbit/orbit/.a1-probe/.dd-mac/SDKStatCaches.noindex/macosx26.5-25F70-688ef53f1462e2c8f657fdc38a81448fee0e6409aa6676c5e6c013d148225433.sdkstatcache -target arm64-apple-macos10.13 -fmessage-length\=0 -fdiagnostics-show-note-include-stack -fmacro-backtrace-limit\=0 -fno-color-diagnostics -fmodules-prune-interval\=86400 -fmodules-prune-after\=345600 -fbuild-session-file\=/Users/runner/work/orbit/orbit/.a1-probe/.dd-mac/ModuleCache.noindex/Session.modulevalidation -fmodules-validate-once-per-build-session -Wnon-modular-include-in-framework-module -Werror\=non-modular-include-in-framework-module -Wno-trigraphs -Wno-missing-field-initializers -Wno-missing-prototypes -Wno-return-type -Wno-missing-braces -Wparentheses -Wswitch -Wno-unused-function -Wno-unused-label -Wno-unused-parameter -Wno-unused-variable -Wunused-value -Wno-empty-body -Wno-uninitialized -Wno-unknown-pragmas -w -Wno-shadow -Wno-four-char-constants -Wno-conversion -Wno-constant-conversion -Wno-int-conversion -Wno-bool-conversion -Wno-enum-conversion -Wno-float-conversion -Wno-non-literal-null-conversion -Wno-objc-literal-conversion -Wshorten-64-to-32 -Wpointer-sign -Wno-newline-eof -Wno-implicit-fallthrough -isysroot /Applications/Xcode_26.6.app/Contents/Developer/Platforms/MacOSX.platform/Developer/SDKs/MacOSX26.5.sdk -fstrict-aliasing -Wdeprecated-declarations -Wno-sign-conversion -Wno-infinite-recursion -Wno-comma -Wno-block-capture-autoreleasing -Wno-strict-prototypes -Wno-semicolon-before-method-body -index-store-path /Users/runner/work/orbit/orbit/.a1-probe/.dd-mac/Index.noindex/DataStore @/Users/runner/work/orbit/orbit/.a1-probe/.dd-mac/Build/Intermediates.noindex/cmark-gfm.build/Debug/cmark-gfm.build/Objects-normal/arm64/7187679823f38a2a940e0043cdf9d637-common-args.resp -MMD -MT dependencies -MF /Users/runner/work/orbit/orbit/.a1-probe/.dd-mac/Build/Intermediates.noindex/cmark-gfm.build/Debug/cmark-gfm.build/Objects-normal/arm64/map.d --serialize-diagnostics /Users/runner/work/orbit/orbit/.a1-probe/.dd-mac/Build/Intermediates.noindex/cmark-gfm.build/Debug/cmark-gfm.build/Objects-normal/arm64/map.dia -c /Users/runner/work/orbit/orbit/.a1-probe/.dd-mac/SourcePackages/checkouts/swift-cmark/src/map.c -o /Users/runner/work/orbit/orbit/.a1-probe/.dd-mac/Build/Intermediates.noindex/cmark-gfm.build/Debug/cmark-gfm.build/Objects-normal/arm64/map.o -index-unit-output-path /cmark-gfm.build/Debug/cmark-gfm.build/Objects-normal/arm64/map.o

ScanDependencies /Users/runner/work/orbit/orbit/.a1-probe/.dd-mac/Build/Intermediates.noindex/cmark-gfm.build/Debug/cmark-gfm.build/Objects-normal/arm64/man.o /Users/runner/work/orbit/orbit/.a1-probe/.dd-mac/SourcePackages/checkouts/swift-cmark/src/man.c normal arm64 c com.apple.compilers.llvm.clang.1_0.compiler (in target 'cmark-gfm' from project 'cmark-gfm')
    cd /Users/runner/work/orbit/orbit/.a1-probe/A1Probe.xcodeproj
    
    Using response file: /Users/runner/work/orbit/orbit/.a1-probe/.dd-mac/Build/Intermediates.noindex/cmark-gfm.build/Debug/cmark-gfm.build/Objects-normal/arm64/7187679823f38a2a940e0043cdf9d637-common-args.resp
    
    builtin-ScanDependencies -o /Users/runner/work/orbit/orbit/.a1-probe/.dd-mac/Build/Intermediates.noindex/cmark-gfm.build/Debug/cmark-gfm.build/Objects-normal/arm64/man.o.scan -- /Applications/Xcode_26.6.app/Contents/Developer/Toolchains/XcodeDefault.xctoolchain/usr/bin/clang -x c -ivfsstatcache /Users/runner/work/orbit/orbit/.a1-probe/.dd-mac/SDKStatCaches.noindex/macosx26.5-25F70-688ef53f1462e2c8f657fdc38a81448fee0e6409aa6676c5e6c013d148225433.sdkstatcache -target arm64-apple-macos10.13 -fmessage-length\=0 -fdiagnostics-show-note-include-stack -fmacro-backtrace-limit\=0 -fno-color-diagnostics -fmodules-prune-interval\=86400 -fmodules-prune-after\=345600 -fbuild-session-file\=/Users/runner/work/orbit/orbit/.a1-probe/.dd-mac/ModuleCache.noindex/Session.modulevalidation -fmodules-validate-once-per-build-session -Wnon-modular-include-in-framework-module -Werror\=non-modular-include-in-framework-module -Wno-trigraphs -Wno-missing-field-initializers -Wno-missing-prototypes -Wno-return-type -Wno-missing-braces -Wparentheses -Wswitch -Wno-unused-function -Wno-unused-label -Wno-unused-parameter -Wno-unused-variable -Wunused-value -Wno-empty-body -Wno-uninitialized -Wno-unknown-pragmas -w -Wno-shadow -Wno-four-char-constants -Wno-conversion -Wno-constant-conversion -Wno-int-conversion -Wno-bool-conversion -Wno-enum-conversion -Wno-float-conversion -Wno-non-literal-null-conversion -Wno-objc-literal-conversion -Wshorten-64-to-32 -Wpointer-sign -Wno-newline-eof -Wno-implicit-fallthrough -isysroot /Applications/Xcode_26.6.app/Contents/Developer/Platforms/MacOSX.platform/Developer/SDKs/MacOSX26.5.sdk -fstrict-aliasing -Wdeprecated-declarations -Wno-sign-conversion -Wno-infinite-recursion -Wno-comma -Wno-block-capture-autoreleasing -Wno-strict-prototypes -Wno-semicolon-before-method-body -index-store-path /Users/runner/work/orbit/orbit/.a1-probe/.dd-mac/Index.noindex/DataStore @/Users/runner/work/orbit/orbit/.a1-probe/.dd-mac/Build/Intermediates.noindex/cmark-gfm.build/Debug/cmark-gfm.build/Objects-normal/arm64/7187679823f38a2a940e0043cdf9d637-common-args.resp -MMD -MT dependencies -MF /Users/runner/work/orbit/orbit/.a1-probe/.dd-mac/Build/Intermediates.noindex/cmark-gfm.build/Debug/cmark-gfm.build/Objects-normal/arm64/man.d --serialize-diagnostics /Users/runner/work/orbit/orbit/.a1-probe/.dd-mac/Build/Intermediates.noindex/cmark-gfm.build/Debug/cmark-gfm.build/Objects-normal/arm64/man.dia -c /Users/runner/work/orbit/orbit/.a1-probe/.dd-mac/SourcePackages/checkouts/swift-cmark/src/man.c -o /Users/runner/work/orbit/orbit/.a1-probe/.dd-mac/Build/Intermediates.noindex/cmark-gfm.build/Debug/cmark-gfm.build/Objects-normal/arm64/man.o -index-unit-output-path /cmark-gfm.build/Debug/cmark-gfm.build/Objects-normal/arm64/man.o

CompileC /Users/runner/work/orbit/orbit/.a1-probe/.dd-mac/Build/Intermediates.noindex/cmark-gfm.build/Debug/cmark-gfm.build/Objects-normal/arm64/xml.o /Users/runner/work/orbit/orbit/.a1-probe/.dd-mac/SourcePackages/checkouts/swift-cmark/src/xml.c normal arm64 c com.apple.compilers.llvm.clang.1_0.compiler (in target 'cmark-gfm' from project 'cmark-gfm')
    cd /Users/runner/work/orbit/orbit/.a1-probe/A1Probe.xcodeproj
    
    Using response file: /Users/runner/work/orbit/orbit/.a1-probe/.dd-mac/Build/Intermediates.noindex/cmark-gfm.build/Debug/cmark-gfm.build/Objects-normal/arm64/7187679823f38a2a940e0043cdf9d637-common-args.resp
    
    /Applications/Xcode_26.6.app/Contents/Developer/Toolchains/XcodeDefault.xctoolchain/usr/bin/clang -x c -ivfsstatcache /Users/runner/work/orbit/orbit/.a1-probe/.dd-mac/SDKStatCaches.noindex/macosx26.5-25F70-688ef53f1462e2c8f657fdc38a81448fee0e6409aa6676c5e6c013d148225433.sdkstatcache -target arm64-apple-macos10.13 -fmessage-length\=0 -fdiagnostics-show-note-include-stack -fmacro-backtrace-limit\=0 -fno-color-diagnostics -fmodules-prune-interval\=86400 -fmodules-prune-after\=345600 -fbuild-session-file\=/Users/runner/work/orbit/orbit/.a1-probe/.dd-mac/ModuleCache.noindex/Session.modulevalidation -fmodules-validate-once-per-build-session -Wnon-modular-include-in-framework-module -Werror\=non-modular-include-in-framework-module -Wno-trigraphs -Wno-missing-field-initializers -Wno-missing-prototypes -Wno-return-type -Wno-missing-braces -Wparentheses -Wswitch -Wno-unused-function -Wno-unused-label -Wno-unused-parameter -Wno-unused-variable -Wunused-value -Wno-empty-body -Wno-uninitialized -Wno-unknown-pragmas -w -Wno-shadow -Wno-four-char-constants -Wno-conversion -Wno-constant-conversion -Wno-int-conversion -Wno-bool-conversion -Wno-enum-conversion -Wno-float-conversion -Wno-non-literal-null-conversion -Wno-objc-literal-conversion -Wshorten-64-to-32 -Wpointer-sign -Wno-newline-eof -Wno-implicit-fallthrough -isysroot /Applications/Xcode_26.6.app/Contents/Developer/Platforms/MacOSX.platform/Developer/SDKs/MacOSX26.5.sdk -fstrict-aliasing -Wdeprecated-declarations -Wno-sign-conversion -Wno-infinite-recursion -Wno-comma -Wno-block-capture-autoreleasing -Wno-strict-prototypes -Wno-semicolon-before-method-body -index-store-path /Users/runner/work/orbit/orbit/.a1-probe/.dd-mac/Index.noindex/DataStore @/Users/runner/work/orbit/orbit/.a1-probe/.dd-mac/Build/Intermediates.noindex/cmark-gfm.build/Debug/cmark-gfm.build/Objects-normal/arm64/7187679823f38a2a940e0043cdf9d637-common-args.resp -MMD -MT dependencies -MF /Users/runner/work/orbit/orbit/.a1-probe/.dd-mac/Build/Intermediates.noindex/cmark-gfm.build/Debug/cmark-gfm.build/Objects-normal/arm64/xml.d --serialize-diagnostics /Users/runner/work/orbit/orbit/.a1-probe/.dd-mac/Build/Intermediates.noindex/cmark-gfm.build/Debug/cmark-gfm.build/Objects-normal/arm64/xml.dia -c /Users/runner/work/orbit/orbit/.a1-probe/.dd-mac/SourcePackages/checkouts/swift-cmark/src/xml.c -o /Users/runner/work/orbit/orbit/.a1-probe/.dd-mac/Build/Intermediates.noindex/cmark-gfm.build/Debug/cmark-gfm.build/Objects-normal/arm64/xml.o -index-unit-output-path /cmark-gfm.build/Debug/cmark-gfm.build/Objects-normal/arm64/xml.o

CompileC /Users/runner/work/orbit/orbit/.a1-probe/.dd-mac/Build/Intermediates.noindex/cmark-gfm.build/Debug/cmark-gfm.build/Objects-normal/arm64/utf8.o /Users/runner/work/orbit/orbit/.a1-probe/.dd-mac/SourcePackages/checkouts/swift-cmark/src/utf8.c normal arm64 c com.apple.compilers.llvm.clang.1_0.compiler (in target 'cmark-gfm' from project 'cmark-gfm')
    cd /Users/runner/work/orbit/orbit/.a1-probe/A1Probe.xcodeproj
    
    Using response file: /Users/runner/work/orbit/orbit/.a1-probe/.dd-mac/Build/Intermediates.noindex/cmark-gfm.build/Debug/cmark-gfm.build/Objects-normal/arm64/7187679823f38a2a940e0043cdf9d637-common-args.resp
    
    /Applications/Xcode_26.6.app/Contents/Developer/Toolchains/XcodeDefault.xctoolchain/usr/bin/clang -x c -ivfsstatcache /Users/runner/work/orbit/orbit/.a1-probe/.dd-mac/SDKStatCaches.noindex/macosx26.5-25F70-688ef53f1462e2c8f657fdc38a81448fee0e6409aa6676c5e6c013d148225433.sdkstatcache -target arm64-apple-macos10.13 -fmessage-length\=0 -fdiagnostics-show-note-include-stack -fmacro-backtrace-limit\=0 -fno-color-diagnostics -fmodules-prune-interval\=86400 -fmodules-prune-after\=345600 -fbuild-session-file\=/Users/runner/work/orbit/orbit/.a1-probe/.dd-mac/ModuleCache.noindex/Session.modulevalidation -fmodules-validate-once-per-build-session -Wnon-modular-include-in-framework-module -Werror\=non-modular-include-in-framework-module -Wno-trigraphs -Wno-missing-field-initializers -Wno-missing-prototypes -Wno-return-type -Wno-missing-braces -Wparentheses -Wswitch -Wno-unused-function -Wno-unused-label -Wno-unused-parameter -Wno-unused-variable -Wunused-value -Wno-empty-body -Wno-uninitialized -Wno-unknown-pragmas -w -Wno-shadow -Wno-four-char-constants -Wno-conversion -Wno-constant-conversion -Wno-int-conversion -Wno-bool-conversion -Wno-enum-conversion -Wno-float-conversion -Wno-non-literal-null-conversion -Wno-objc-literal-conversion -Wshorten-64-to-32 -Wpointer-sign -Wno-newline-eof -Wno-implicit-fallthrough -isysroot /Applications/Xcode_26.6.app/Contents/Developer/Platforms/MacOSX.platform/Developer/SDKs/MacOSX26.5.sdk -fstrict-aliasing -Wdeprecated-declarations -Wno-sign-conversion -Wno-infinite-recursion -Wno-comma -Wno-block-capture-autoreleasing -Wno-strict-prototypes -Wno-semicolon-before-method-body -index-store-path /Users/runner/work/orbit/orbit/.a1-probe/.dd-mac/Index.noindex/DataStore @/Users/runner/work/orbit/orbit/.a1-probe/.dd-mac/Build/Intermediates.noindex/cmark-gfm.build/Debug/cmark-gfm.build/Objects-normal/arm64/7187679823f38a2a940e0043cdf9d637-common-args.resp -MMD -MT dependencies -MF /Users/runner/work/orbit/orbit/.a1-probe/.dd-mac/Build/Intermediates.noindex/cmark-gfm.build/Debug/cmark-gfm.build/Objects-normal/arm64/utf8.d --serialize-diagnostics /Users/runner/work/orbit/orbit/.a1-probe/.dd-mac/Build/Intermediates.noindex/cmark-gfm.build/Debug/cmark-gfm.build/Objects-normal/arm64/utf8.dia -c /Users/runner/work/orbit/orbit/.a1-probe/.dd-mac/SourcePackages/checkouts/swift-cmark/src/utf8.c -o /Users/runner/work/orbit/orbit/.a1-probe/.dd-mac/Build/Intermediates.noindex/cmark-gfm.build/Debug/cmark-gfm.build/Objects-normal/arm64/utf8.o -index-unit-output-path /cmark-gfm.build/Debug/cmark-gfm.build/Objects-normal/arm64/utf8.o

CompileC /Users/runner/work/orbit/orbit/.a1-probe/.dd-mac/Build/Intermediates.noindex/cmark-gfm.build/Debug/cmark-gfm.build/Objects-normal/arm64/syntax_extension.o /Users/runner/work/orbit/orbit/.a1-probe/.dd-mac/SourcePackages/checkouts/swift-cmark/src/syntax_extension.c normal arm64 c com.apple.compilers.llvm.clang.1_0.compiler (in target 'cmark-gfm' from project 'cmark-gfm')
    cd /Users/runner/work/orbit/orbit/.a1-probe/A1Probe.xcodeproj
    
    Using response file: /Users/runner/work/orbit/orbit/.a1-probe/.dd-mac/Build/Intermediates.noindex/cmark-gfm.build/Debug/cmark-gfm.build/Objects-normal/arm64/7187679823f38a2a940e0043cdf9d637-common-args.resp
    
    /Applications/Xcode_26.6.app/Contents/Developer/Toolchains/XcodeDefault.xctoolchain/usr/bin/clang -x c -ivfsstatcache /Users/runner/work/orbit/orbit/.a1-probe/.dd-mac/SDKStatCaches.noindex/macosx26.5-25F70-688ef53f1462e2c8f657fdc38a81448fee0e6409aa6676c5e6c013d148225433.sdkstatcache -target arm64-apple-macos10.13 -fmessage-length\=0 -fdiagnostics-show-note-include-stack -fmacro-backtrace-limit\=0 -fno-color-diagnostics -fmodules-prune-interval\=86400 -fmodules-prune-after\=345600 -fbuild-session-file\=/Users/runner/work/orbit/orbit/.a1-probe/.dd-mac/ModuleCache.noindex/Session.modulevalidation -fmodules-validate-once-per-build-session -Wnon-modular-include-in-framework-module -Werror\=non-modular-include-in-framework-module -Wno-trigraphs -Wno-missing-field-initializers -Wno-missing-prototypes -Wno-return-type -Wno-missing-braces -Wparentheses -Wswitch -Wno-unused-function -Wno-unused-label -Wno-unused-parameter -Wno-unused-variable -Wunused-value -Wno-empty-body -Wno-uninitialized -Wno-unknown-pragmas -w -Wno-shadow -Wno-four-char-constants -Wno-conversion -Wno-constant-conversion -Wno-int-conversion -Wno-bool-conversion -Wno-enum-conversion -Wno-float-conversion -Wno-non-literal-null-conversion -Wno-objc-literal-conversion -Wshorten-64-to-32 -Wpointer-sign -Wno-newline-eof -Wno-implicit-fallthrough -isysroot /Applications/Xcode_26.6.app/Contents/Developer/Platforms/MacOSX.platform/Developer/SDKs/MacOSX26.5.sdk -fstrict-aliasing -Wdeprecated-declarations -Wno-sign-conversion -Wno-infinite-recursion -Wno-comma -Wno-block-capture-autoreleasing -Wno-strict-prototypes -Wno-semicolon-before-method-body -index-store-path /Users/runner/work/orbit/orbit/.a1-probe/.dd-mac/Index.noindex/DataStore @/Users/runner/work/orbit/orbit/.a1-probe/.dd-mac/Build/Intermediates.noindex/cmark-gfm.build/Debug/cmark-gfm.build/Objects-normal/arm64/7187679823f38a2a940e0043cdf9d637-common-args.resp -MMD -MT dependencies -MF /Users/runner/work/orbit/orbit/.a1-probe/.dd-mac/Build/Intermediates.noindex/cmark-gfm.build/Debug/cmark-gfm.build/Objects-normal/arm64/syntax_extension.d --serialize-diagnostics /Users/runner/work/orbit/orbit/.a1-probe/.dd-mac/Build/Intermediates.noindex/cmark-gfm.build/Debug/cmark-gfm.build/Objects-normal/arm64/syntax_extension.dia -c /Users/runner/work/orbit/orbit/.a1-probe/.dd-mac/SourcePackages/checkouts/swift-cmark/src/syntax_extension.c -o /Users/runner/work/orbit/orbit/.a1-probe/.dd-mac/Build/Intermediates.noindex/cmark-gfm.build/Debug/cmark-gfm.build/Objects-normal/arm64/syntax_extension.o -index-unit-output-path /cmark-gfm.build/Debug/cmark-gfm.build/Objects-normal/arm64/syntax_extension.o

CompileC /Users/runner/work/orbit/orbit/.a1-probe/.dd-mac/Build/Intermediates.noindex/cmark-gfm.build/Debug/cmark-gfm.build/Objects-normal/arm64/scanners.o /Users/runner/work/orbit/orbit/.a1-probe/.dd-mac/SourcePackages/checkouts/swift-cmark/src/scanners.c normal arm64 c com.apple.compilers.llvm.clang.1_0.compiler (in target 'cmark-gfm' from project 'cmark-gfm')
    cd /Users/runner/work/orbit/orbit/.a1-probe/A1Probe.xcodeproj
    
    Using response file: /Users/runner/work/orbit/orbit/.a1-probe/.dd-mac/Build/Intermediates.noindex/cmark-gfm.build/Debug/cmark-gfm.build/Objects-normal/arm64/7187679823f38a2a940e0043cdf9d637-common-args.resp
    
    /Applications/Xcode_26.6.app/Contents/Developer/Toolchains/XcodeDefault.xctoolchain/usr/bin/clang -x c -ivfsstatcache /Users/runner/work/orbit/orbit/.a1-probe/.dd-mac/SDKStatCaches.noindex/macosx26.5-25F70-688ef53f1462e2c8f657fdc38a81448fee0e6409aa6676c5e6c013d148225433.sdkstatcache -target arm64-apple-macos10.13 -fmessage-length\=0 -fdiagnostics-show-note-include-stack -fmacro-backtrace-limit\=0 -fno-color-diagnostics -fmodules-prune-interval\=86400 -fmodules-prune-after\=345600 -fbuild-session-file\=/Users/runner/work/orbit/orbit/.a1-probe/.dd-mac/ModuleCache.noindex/Session.modulevalidation -fmodules-validate-once-per-build-session -Wnon-modular-include-in-framework-module -Werror\=non-modular-include-in-framework-module -Wno-trigraphs -Wno-missing-field-initializers -Wno-missing-prototypes -Wno-return-type -Wno-missing-braces -Wparentheses -Wswitch -Wno-unused-function -Wno-unused-label -Wno-unused-parameter -Wno-unused-variable -Wunused-value -Wno-empty-body -Wno-uninitialized -Wno-unknown-pragmas -w -Wno-shadow -Wno-four-char-constants -Wno-conversion -Wno-constant-conversion -Wno-int-conversion -Wno-bool-conversion -Wno-enum-conversion -Wno-float-conversion -Wno-non-literal-null-conversion -Wno-objc-literal-conversion -Wshorten-64-to-32 -Wpointer-sign -Wno-newline-eof -Wno-implicit-fallthrough -isysroot /Applications/Xcode_26.6.app/Contents/Developer/Platforms/MacOSX.platform/Developer/SDKs/MacOSX26.5.sdk -fstrict-aliasing -Wdeprecated-declarations -Wno-sign-conversion -Wno-infinite-recursion -Wno-comma -Wno-block-capture-autoreleasing -Wno-strict-prototypes -Wno-semicolon-before-method-body -index-store-path /Users/runner/work/orbit/orbit/.a1-probe/.dd-mac/Index.noindex/DataStore @/Users/runner/work/orbit/orbit/.a1-probe/.dd-mac/Build/Intermediates.noindex/cmark-gfm.build/Debug/cmark-gfm.build/Objects-normal/arm64/7187679823f38a2a940e0043cdf9d637-common-args.resp -MMD -MT dependencies -MF /Users/runner/work/orbit/orbit/.a1-probe/.dd-mac/Build/Intermediates.noindex/cmark-gfm.build/Debug/cmark-gfm.build/Objects-normal/arm64/scanners.d --serialize-diagnostics /Users/runner/work/orbit/orbit/.a1-probe/.dd-mac/Build/Intermediates.noindex/cmark-gfm.build/Debug/cmark-gfm.build/Objects-normal/arm64/scanners.dia -c /Users/runner/work/orbit/orbit/.a1-probe/.dd-mac/SourcePackages/checkouts/swift-cmark/src/scanners.c -o /Users/runner/work/orbit/orbit/.a1-probe/.dd-mac/Build/Intermediates.noindex/cmark-gfm.build/Debug/cmark-gfm.build/Objects-normal/arm64/scanners.o -index-unit-output-path /cmark-gfm.build/Debug/cmark-gfm.build/Objects-normal/arm64/scanners.o

CompileC /Users/runner/work/orbit/orbit/.a1-probe/.dd-mac/Build/Intermediates.noindex/cmark-gfm.build/Debug/cmark-gfm.build/Objects-normal/arm64/render.o /Users/runner/work/orbit/orbit/.a1-probe/.dd-mac/SourcePackages/checkouts/swift-cmark/src/render.c normal arm64 c com.apple.compilers.llvm.clang.1_0.compiler (in target 'cmark-gfm' from project 'cmark-gfm')
    cd /Users/runner/work/orbit/orbit/.a1-probe/A1Probe.xcodeproj
    
    Using response file: /Users/runner/work/orbit/orbit/.a1-probe/.dd-mac/Build/Intermediates.noindex/cmark-gfm.build/Debug/cmark-gfm.build/Objects-normal/arm64/7187679823f38a2a940e0043cdf9d637-common-args.resp
    
    /Applications/Xcode_26.6.app/Contents/Developer/Toolchains/XcodeDefault.xctoolchain/usr/bin/clang -x c -ivfsstatcache /Users/runner/work/orbit/orbit/.a1-probe/.dd-mac/SDKStatCaches.noindex/macosx26.5-25F70-688ef53f1462e2c8f657fdc38a81448fee0e6409aa6676c5e6c013d148225433.sdkstatcache -target arm64-apple-macos10.13 -fmessage-length\=0 -fdiagnostics-show-note-include-stack -fmacro-backtrace-limit\=0 -fno-color-diagnostics -fmodules-prune-interval\=86400 -fmodules-prune-after\=345600 -fbuild-session-file\=/Users/runner/work/orbit/orbit/.a1-probe/.dd-mac/ModuleCache.noindex/Session.modulevalidation -fmodules-validate-once-per-build-session -Wnon-modular-include-in-framework-module -Werror\=non-modular-include-in-framework-module -Wno-trigraphs -Wno-missing-field-initializers -Wno-missing-prototypes -Wno-return-type -Wno-missing-braces -Wparentheses -Wswitch -Wno-unused-function -Wno-unused-label -Wno-unused-parameter -Wno-unused-variable -Wunused-value -Wno-empty-body -Wno-uninitialized -Wno-unknown-pragmas -w -Wno-shadow -Wno-four-char-constants -Wno-conversion -Wno-constant-conversion -Wno-int-conversion -Wno-bool-conversion -Wno-enum-conversion -Wno-float-conversion -Wno-non-literal-null-conversion -Wno-objc-literal-conversion -Wshorten-64-to-32 -Wpointer-sign -Wno-newline-eof -Wno-implicit-fallthrough -isysroot /Applications/Xcode_26.6.app/Contents/Developer/Platforms/MacOSX.platform/Developer/SDKs/MacOSX26.5.sdk -fstrict-aliasing -Wdeprecated-declarations -Wno-sign-conversion -Wno-infinite-recursion -Wno-comma -Wno-block-capture-autoreleasing -Wno-strict-prototypes -Wno-semicolon-before-method-body -index-store-path /Users/runner/work/orbit/orbit/.a1-probe/.dd-mac/Index.noindex/DataStore @/Users/runner/work/orbit/orbit/.a1-probe/.dd-mac/Build/Intermediates.noindex/cmark-gfm.build/Debug/cmark-gfm.build/Objects-normal/arm64/7187679823f38a2a940e0043cdf9d637-common-args.resp -MMD -MT dependencies -MF /Users/runner/work/orbit/orbit/.a1-probe/.dd-mac/Build/Intermediates.noindex/cmark-gfm.build/Debug/cmark-gfm.build/Objects-normal/arm64/render.d --serialize-diagnostics /Users/runner/work/orbit/orbit/.a1-probe/.dd-mac/Build/Intermediates.noindex/cmark-gfm.build/Debug/cmark-gfm.build/Objects-normal/arm64/render.dia -c /Users/runner/work/orbit/orbit/.a1-probe/.dd-mac/SourcePackages/checkouts/swift-cmark/src/render.c -o /Users/runner/work/orbit/orbit/.a1-probe/.dd-mac/Build/Intermediates.noindex/cmark-gfm.build/Debug/cmark-gfm.build/Objects-normal/arm64/render.o -index-unit-output-path /cmark-gfm.build/Debug/cmark-gfm.build/Objects-normal/arm64/render.o

CompileC /Users/runner/work/orbit/orbit/.a1-probe/.dd-mac/Build/Intermediates.noindex/cmark-gfm.build/Debug/cmark-gfm.build/Objects-normal/arm64/registry.o /Users/runner/work/orbit/orbit/.a1-probe/.dd-mac/SourcePackages/checkouts/swift-cmark/src/registry.c normal arm64 c com.apple.compilers.llvm.clang.1_0.compiler (in target 'cmark-gfm' from project 'cmark-gfm')
    cd /Users/runner/work/orbit/orbit/.a1-probe/A1Probe.xcodeproj
    
    Using response file: /Users/runner/work/orbit/orbit/.a1-probe/.dd-mac/Build/Intermediates.noindex/cmark-gfm.build/Debug/cmark-gfm.build/Objects-normal/arm64/7187679823f38a2a940e0043cdf9d637-common-args.resp
    
    /Applications/Xcode_26.6.app/Contents/Developer/Toolchains/XcodeDefault.xctoolchain/usr/bin/clang -x c -ivfsstatcache /Users/runner/work/orbit/orbit/.a1-probe/.dd-mac/SDKStatCaches.noindex/macosx26.5-25F70-688ef53f1462e2c8f657fdc38a81448fee0e6409aa6676c5e6c013d148225433.sdkstatcache -target arm64-apple-macos10.13 -fmessage-length\=0 -fdiagnostics-show-note-include-stack -fmacro-backtrace-limit\=0 -fno-color-diagnostics -fmodules-prune-interval\=86400 -fmodules-prune-after\=345600 -fbuild-session-file\=/Users/runner/work/orbit/orbit/.a1-probe/.dd-mac/ModuleCache.noindex/Session.modulevalidation -fmodules-validate-once-per-build-session -Wnon-modular-include-in-framework-module -Werror\=non-modular-include-in-framework-module -Wno-trigraphs -Wno-missing-field-initializers -Wno-missing-prototypes -Wno-return-type -Wno-missing-braces -Wparentheses -Wswitch -Wno-unused-function -Wno-unused-label -Wno-unused-parameter -Wno-unused-variable -Wunused-value -Wno-empty-body -Wno-uninitialized -Wno-unknown-pragmas -w -Wno-shadow -Wno-four-char-constants -Wno-conversion -Wno-constant-conversion -Wno-int-conversion -Wno-bool-conversion -Wno-enum-conversion -Wno-float-conversion -Wno-non-literal-null-conversion -Wno-objc-literal-conversion -Wshorten-64-to-32 -Wpointer-sign -Wno-newline-eof -Wno-implicit-fallthrough -isysroot /Applications/Xcode_26.6.app/Contents/Developer/Platforms/MacOSX.platform/Developer/SDKs/MacOSX26.5.sdk -fstrict-aliasing -Wdeprecated-declarations -Wno-sign-conversion -Wno-infinite-recursion -Wno-comma -Wno-block-capture-autoreleasing -Wno-strict-prototypes -Wno-semicolon-before-method-body -index-store-path /Users/runner/work/orbit/orbit/.a1-probe/.dd-mac/Index.noindex/DataStore @/Users/runner/work/orbit/orbit/.a1-probe/.dd-mac/Build/Intermediates.noindex/cmark-gfm.build/Debug/cmark-gfm.build/Objects-normal/arm64/7187679823f38a2a940e0043cdf9d637-common-args.resp -MMD -MT dependencies -MF /Users/runner/work/orbit/orbit/.a1-probe/.dd-mac/Build/Intermediates.noindex/cmark-gfm.build/Debug/cmark-gfm.build/Objects-normal/arm64/registry.d --serialize-diagnostics /Users/runner/work/orbit/orbit/.a1-probe/.dd-mac/Build/Intermediates.noindex/cmark-gfm.build/Debug/cmark-gfm.build/Objects-normal/arm64/registry.dia -c /Users/runner/work/orbit/orbit/.a1-probe/.dd-mac/SourcePackages/checkouts/swift-cmark/src/registry.c -o /Users/runner/work/orbit/orbit/.a1-probe/.dd-mac/Build/Intermediates.noindex/cmark-gfm.build/Debug/cmark-gfm.build/Objects-normal/arm64/registry.o -index-unit-output-path /cmark-gfm.build/Debug/cmark-gfm.build/Objects-normal/arm64/registry.o

CompileC /Users/runner/work/orbit/orbit/.a1-probe/.dd-mac/Build/Intermediates.noindex/cmark-gfm.build/Debug/cmark-gfm.build/Objects-normal/arm64/references.o /Users/runner/work/orbit/orbit/.a1-probe/.dd-mac/SourcePackages/checkouts/swift-cmark/src/references.c normal arm64 c com.apple.compilers.llvm.clang.1_0.compiler (in target 'cmark-gfm' from project 'cmark-gfm')
    cd /Users/runner/work/orbit/orbit/.a1-probe/A1Probe.xcodeproj
    
    Using response file: /Users/runner/work/orbit/orbit/.a1-probe/.dd-mac/Build/Intermediates.noindex/cmark-gfm.build/Debug/cmark-gfm.build/Objects-normal/arm64/7187679823f38a2a940e0043cdf9d637-common-args.resp
    
    /Applications/Xcode_26.6.app/Contents/Developer/Toolchains/XcodeDefault.xctoolchain/usr/bin/clang -x c -ivfsstatcache /Users/runner/work/orbit/orbit/.a1-probe/.dd-mac/SDKStatCaches.noindex/macosx26.5-25F70-688ef53f1462e2c8f657fdc38a81448fee0e6409aa6676c5e6c013d148225433.sdkstatcache -target arm64-apple-macos10.13 -fmessage-length\=0 -fdiagnostics-show-note-include-stack -fmacro-backtrace-limit\=0 -fno-color-diagnostics -fmodules-prune-interval\=86400 -fmodules-prune-after\=345600 -fbuild-session-file\=/Users/runner/work/orbit/orbit/.a1-probe/.dd-mac/ModuleCache.noindex/Session.modulevalidation -fmodules-validate-once-per-build-session -Wnon-modular-include-in-framework-module -Werror\=non-modular-include-in-framework-module -Wno-trigraphs -Wno-missing-field-initializers -Wno-missing-prototypes -Wno-return-type -Wno-missing-braces -Wparentheses -Wswitch -Wno-unused-function -Wno-unused-label -Wno-unused-parameter -Wno-unused-variable -Wunused-value -Wno-empty-body -Wno-uninitialized -Wno-unknown-pragmas -w -Wno-shadow -Wno-four-char-constants -Wno-conversion -Wno-constant-conversion -Wno-int-conversion -Wno-bool-conversion -Wno-enum-conversion -Wno-float-conversion -Wno-non-literal-null-conversion -Wno-objc-literal-conversion -Wshorten-64-to-32 -Wpointer-sign -Wno-newline-eof -Wno-implicit-fallthrough -isysroot /Applications/Xcode_26.6.app/Contents/Developer/Platforms/MacOSX.platform/Developer/SDKs/MacOSX26.5.sdk -fstrict-aliasing -Wdeprecated-declarations -Wno-sign-conversion -Wno-infinite-recursion -Wno-comma -Wno-block-capture-autoreleasing -Wno-strict-prototypes -Wno-semicolon-before-method-body -index-store-path /Users/runner/work/orbit/orbit/.a1-probe/.dd-mac/Index.noindex/DataStore @/Users/runner/work/orbit/orbit/.a1-probe/.dd-mac/Build/Intermediates.noindex/cmark-gfm.build/Debug/cmark-gfm.build/Objects-normal/arm64/7187679823f38a2a940e0043cdf9d637-common-args.resp -MMD -MT dependencies -MF /Users/runner/work/orbit/orbit/.a1-probe/.dd-mac/Build/Intermediates.noindex/cmark-gfm.build/Debug/cmark-gfm.build/Objects-normal/arm64/references.d --serialize-diagnostics /Users/runner/work/orbit/orbit/.a1-probe/.dd-mac/Build/Intermediates.noindex/cmark-gfm.build/Debug/cmark-gfm.build/Objects-normal/arm64/references.dia -c /Users/runner/work/orbit/orbit/.a1-probe/.dd-mac/SourcePackages/checkouts/swift-cmark/src/references.c -o /Users/runner/work/orbit/orbit/.a1-probe/.dd-mac/Build/Intermediates.noindex/cmark-gfm.build/Debug/cmark-gfm.build/Objects-normal/arm64/references.o -index-unit-output-path /cmark-gfm.build/Debug/cmark-gfm.build/Objects-normal/arm64/references.o

CompileC /Users/runner/work/orbit/orbit/.a1-probe/.dd-mac/Build/Intermediates.noindex/cmark-gfm.build/Debug/cmark-gfm.build/Objects-normal/arm64/plugin.o /Users/runner/work/orbit/orbit/.a1-probe/.dd-mac/SourcePackages/checkouts/swift-cmark/src/plugin.c normal arm64 c com.apple.compilers.llvm.clang.1_0.compiler (in target 'cmark-gfm' from project 'cmark-gfm')
    cd /Users/runner/work/orbit/orbit/.a1-probe/A1Probe.xcodeproj
    
    Using response file: /Users/runner/work/orbit/orbit/.a1-probe/.dd-mac/Build/Intermediates.noindex/cmark-gfm.build/Debug/cmark-gfm.build/Objects-normal/arm64/7187679823f38a2a940e0043cdf9d637-common-args.resp
    
    /Applications/Xcode_26.6.app/Contents/Developer/Toolchains/XcodeDefault.xctoolchain/usr/bin/clang -x c -ivfsstatcache /Users/runner/work/orbit/orbit/.a1-probe/.dd-mac/SDKStatCaches.noindex/macosx26.5-25F70-688ef53f1462e2c8f657fdc38a81448fee0e6409aa6676c5e6c013d148225433.sdkstatcache -target arm64-apple-macos10.13 -fmessage-length\=0 -fdiagnostics-show-note-include-stack -fmacro-backtrace-limit\=0 -fno-color-diagnostics -fmodules-prune-interval\=86400 -fmodules-prune-after\=345600 -fbuild-session-file\=/Users/runner/work/orbit/orbit/.a1-probe/.dd-mac/ModuleCache.noindex/Session.modulevalidation -fmodules-validate-once-per-build-session -Wnon-modular-include-in-framework-module -Werror\=non-modular-include-in-framework-module -Wno-trigraphs -Wno-missing-field-initializers -Wno-missing-prototypes -Wno-return-type -Wno-missing-braces -Wparentheses -Wswitch -Wno-unused-function -Wno-unused-label -Wno-unused-parameter -Wno-unused-variable -Wunused-value -Wno-empty-body -Wno-uninitialized -Wno-unknown-pragmas -w -Wno-shadow -Wno-four-char-constants -Wno-conversion -Wno-constant-conversion -Wno-int-conversion -Wno-bool-conversion -Wno-enum-conversion -Wno-float-conversion -Wno-non-literal-null-conversion -Wno-objc-literal-conversion -Wshorten-64-to-32 -Wpointer-sign -Wno-newline-eof -Wno-implicit-fallthrough -isysroot /Applications/Xcode_26.6.app/Contents/Developer/Platforms/MacOSX.platform/Developer/SDKs/MacOSX26.5.sdk -fstrict-aliasing -Wdeprecated-declarations -Wno-sign-conversion -Wno-infinite-recursion -Wno-comma -Wno-block-capture-autoreleasing -Wno-strict-prototypes -Wno-semicolon-before-method-body -index-store-path /Users/runner/work/orbit/orbit/.a1-probe/.dd-mac/Index.noindex/DataStore @/Users/runner/work/orbit/orbit/.a1-probe/.dd-mac/Build/Intermediates.noindex/cmark-gfm.build/Debug/cmark-gfm.build/Objects-normal/arm64/7187679823f38a2a940e0043cdf9d637-common-args.resp -MMD -MT dependencies -MF /Users/runner/work/orbit/orbit/.a1-probe/.dd-mac/Build/Intermediates.noindex/cmark-gfm.build/Debug/cmark-gfm.build/Objects-normal/arm64/plugin.d --serialize-diagnostics /Users/runner/work/orbit/orbit/.a1-probe/.dd-mac/Build/Intermediates.noindex/cmark-gfm.build/Debug/cmark-gfm.build/Objects-normal/arm64/plugin.dia -c /Users/runner/work/orbit/orbit/.a1-probe/.dd-mac/SourcePackages/checkouts/swift-cmark/src/plugin.c -o /Users/runner/work/orbit/orbit/.a1-probe/.dd-mac/Build/Intermediates.noindex/cmark-gfm.build/Debug/cmark-gfm.build/Objects-normal/arm64/plugin.o -index-unit-output-path /cmark-gfm.build/Debug/cmark-gfm.build/Objects-normal/arm64/plugin.o

CompileC /Users/runner/work/orbit/orbit/.a1-probe/.dd-mac/Build/Intermediates.noindex/cmark-gfm.build/Debug/cmark-gfm.build/Objects-normal/arm64/plaintext.o /Users/runner/work/orbit/orbit/.a1-probe/.dd-mac/SourcePackages/checkouts/swift-cmark/src/plaintext.c normal arm64 c com.apple.compilers.llvm.clang.1_0.compiler (in target 'cmark-gfm' from project 'cmark-gfm')
    cd /Users/runner/work/orbit/orbit/.a1-probe/A1Probe.xcodeproj
    
    Using response file: /Users/runner/work/orbit/orbit/.a1-probe/.dd-mac/Build/Intermediates.noindex/cmark-gfm.build/Debug/cmark-gfm.build/Objects-normal/arm64/7187679823f38a2a940e0043cdf9d637-common-args.resp
    
    /Applications/Xcode_26.6.app/Contents/Developer/Toolchains/XcodeDefault.xctoolchain/usr/bin/clang -x c -ivfsstatcache /Users/runner/work/orbit/orbit/.a1-probe/.dd-mac/SDKStatCaches.noindex/macosx26.5-25F70-688ef53f1462e2c8f657fdc38a81448fee0e6409aa6676c5e6c013d148225433.sdkstatcache -target arm64-apple-macos10.13 -fmessage-length\=0 -fdiagnostics-show-note-include-stack -fmacro-backtrace-limit\=0 -fno-color-diagnostics -fmodules-prune-interval\=86400 -fmodules-prune-after\=345600 -fbuild-session-file\=/Users/runner/work/orbit/orbit/.a1-probe/.dd-mac/ModuleCache.noindex/Session.modulevalidation -fmodules-validate-once-per-build-session -Wnon-modular-include-in-framework-module -Werror\=non-modular-include-in-framework-module -Wno-trigraphs -Wno-missing-field-initializers -Wno-missing-prototypes -Wno-return-type -Wno-missing-braces -Wparentheses -Wswitch -Wno-unused-function -Wno-unused-label -Wno-unused-parameter -Wno-unused-variable -Wunused-value -Wno-empty-body -Wno-uninitialized -Wno-unknown-pragmas -w -Wno-shadow -Wno-four-char-constants -Wno-conversion -Wno-constant-conversion -Wno-int-conversion -Wno-bool-conversion -Wno-enum-conversion -Wno-float-conversion -Wno-non-literal-null-conversion -Wno-objc-literal-conversion -Wshorten-64-to-32 -Wpointer-sign -Wno-newline-eof -Wno-implicit-fallthrough -isysroot /Applications/Xcode_26.6.app/Contents/Developer/Platforms/MacOSX.platform/Developer/SDKs/MacOSX26.5.sdk -fstrict-aliasing -Wdeprecated-declarations -Wno-sign-conversion -Wno-infinite-recursion -Wno-comma -Wno-block-capture-autoreleasing -Wno-strict-prototypes -Wno-semicolon-before-method-body -index-store-path /Users/runner/work/orbit/orbit/.a1-probe/.dd-mac/Index.noindex/DataStore @/Users/runner/work/orbit/orbit/.a1-probe/.dd-mac/Build/Intermediates.noindex/cmark-gfm.build/Debug/cmark-gfm.build/Objects-normal/arm64/7187679823f38a2a940e0043cdf9d637-common-args.resp -MMD -MT dependencies -MF /Users/runner/work/orbit/orbit/.a1-probe/.dd-mac/Build/Intermediates.noindex/cmark-gfm.build/Debug/cmark-gfm.build/Objects-normal/arm64/plaintext.d --serialize-diagnostics /Users/runner/work/orbit/orbit/.a1-probe/.dd-mac/Build/Intermediates.noindex/cmark-gfm.build/Debug/cmark-gfm.build/Objects-normal/arm64/plaintext.dia -c /Users/runner/work/orbit/orbit/.a1-probe/.dd-mac/SourcePackages/checkouts/swift-cmark/src/plaintext.c -o /Users/runner/work/orbit/orbit/.a1-probe/.dd-mac/Build/Intermediates.noindex/cmark-gfm.build/Debug/cmark-gfm.build/Objects-normal/arm64/plaintext.o -index-unit-output-path /cmark-gfm.build/Debug/cmark-gfm.build/Objects-normal/arm64/plaintext.o

CompileC /Users/runner/work/orbit/orbit/.a1-probe/.dd-mac/Build/Intermediates.noindex/cmark-gfm.build/Debug/cmark-gfm.build/Objects-normal/arm64/node.o /Users/runner/work/orbit/orbit/.a1-probe/.dd-mac/SourcePackages/checkouts/swift-cmark/src/node.c normal arm64 c com.apple.compilers.llvm.clang.1_0.compiler (in target 'cmark-gfm' from project 'cmark-gfm')
    cd /Users/runner/work/orbit/orbit/.a1-probe/A1Probe.xcodeproj
    
    Using response file: /Users/runner/work/orbit/orbit/.a1-probe/.dd-mac/Build/Intermediates.noindex/cmark-gfm.build/Debug/cmark-gfm.build/Objects-normal/arm64/7187679823f38a2a940e0043cdf9d637-common-args.resp
    
    /Applications/Xcode_26.6.app/Contents/Developer/Toolchains/XcodeDefault.xctoolchain/usr/bin/clang -x c -ivfsstatcache /Users/runner/work/orbit/orbit/.a1-probe/.dd-mac/SDKStatCaches.noindex/macosx26.5-25F70-688ef53f1462e2c8f657fdc38a81448fee0e6409aa6676c5e6c013d148225433.sdkstatcache -target arm64-apple-macos10.13 -fmessage-length\=0 -fdiagnostics-show-note-include-stack -fmacro-backtrace-limit\=0 -fno-color-diagnostics -fmodules-prune-interval\=86400 -fmodules-prune-after\=345600 -fbuild-session-file\=/Users/runner/work/orbit/orbit/.a1-probe/.dd-mac/ModuleCache.noindex/Session.modulevalidation -fmodules-validate-once-per-build-session -Wnon-modular-include-in-framework-module -Werror\=non-modular-include-in-framework-module -Wno-trigraphs -Wno-missing-field-initializers -Wno-missing-prototypes -Wno-return-type -Wno-missing-braces -Wparentheses -Wswitch -Wno-unused-function -Wno-unused-label -Wno-unused-parameter -Wno-unused-variable -Wunused-value -Wno-empty-body -Wno-uninitialized -Wno-unknown-pragmas -w -Wno-shadow -Wno-four-char-constants -Wno-conversion -Wno-constant-conversion -Wno-int-conversion -Wno-bool-conversion -Wno-enum-conversion -Wno-float-conversion -Wno-non-literal-null-conversion -Wno-objc-literal-conversion -Wshorten-64-to-32 -Wpointer-sign -Wno-newline-eof -Wno-implicit-fallthrough -isysroot /Applications/Xcode_26.6.app/Contents/Developer/Platforms/MacOSX.platform/Developer/SDKs/MacOSX26.5.sdk -fstrict-aliasing -Wdeprecated-declarations -Wno-sign-conversion -Wno-infinite-recursion -Wno-comma -Wno-block-capture-autoreleasing -Wno-strict-prototypes -Wno-semicolon-before-method-body -index-store-path /Users/runner/work/orbit/orbit/.a1-probe/.dd-mac/Index.noindex/DataStore @/Users/runner/work/orbit/orbit/.a1-probe/.dd-mac/Build/Intermediates.noindex/cmark-gfm.build/Debug/cmark-gfm.build/Objects-normal/arm64/7187679823f38a2a940e0043cdf9d637-common-args.resp -MMD -MT dependencies -MF /Users/runner/work/orbit/orbit/.a1-probe/.dd-mac/Build/Intermediates.noindex/cmark-gfm.build/Debug/cmark-gfm.build/Objects-normal/arm64/node.d --serialize-diagnostics /Users/runner/work/orbit/orbit/.a1-probe/.dd-mac/Build/Intermediates.noindex/cmark-gfm.build/Debug/cmark-gfm.build/Objects-normal/arm64/node.dia -c /Users/runner/work/orbit/orbit/.a1-probe/.dd-mac/SourcePackages/checkouts/swift-cmark/src/node.c -o /Users/runner/work/orbit/orbit/.a1-probe/.dd-mac/Build/Intermediates.noindex/cmark-gfm.build/Debug/cmark-gfm.build/Objects-normal/arm64/node.o -index-unit-output-path /cmark-gfm.build/Debug/cmark-gfm.build/Objects-normal/arm64/node.o

CompileC /Users/runner/work/orbit/orbit/.a1-probe/.dd-mac/Build/Intermediates.noindex/cmark-gfm.build/Debug/cmark-gfm.build/Objects-normal/arm64/map.o /Users/runner/work/orbit/orbit/.a1-probe/.dd-mac/SourcePackages/checkouts/swift-cmark/src/map.c normal arm64 c com.apple.compilers.llvm.clang.1_0.compiler (in target 'cmark-gfm' from project 'cmark-gfm')
    cd /Users/runner/work/orbit/orbit/.a1-probe/A1Probe.xcodeproj
    
    Using response file: /Users/runner/work/orbit/orbit/.a1-probe/.dd-mac/Build/Intermediates.noindex/cmark-gfm.build/Debug/cmark-gfm.build/Objects-normal/arm64/7187679823f38a2a940e0043cdf9d637-common-args.resp
    
    /Applications/Xcode_26.6.app/Contents/Developer/Toolchains/XcodeDefault.xctoolchain/usr/bin/clang -x c -ivfsstatcache /Users/runner/work/orbit/orbit/.a1-probe/.dd-mac/SDKStatCaches.noindex/macosx26.5-25F70-688ef53f1462e2c8f657fdc38a81448fee0e6409aa6676c5e6c013d148225433.sdkstatcache -target arm64-apple-macos10.13 -fmessage-length\=0 -fdiagnostics-show-note-include-stack -fmacro-backtrace-limit\=0 -fno-color-diagnostics -fmodules-prune-interval\=86400 -fmodules-prune-after\=345600 -fbuild-session-file\=/Users/runner/work/orbit/orbit/.a1-probe/.dd-mac/ModuleCache.noindex/Session.modulevalidation -fmodules-validate-once-per-build-session -Wnon-modular-include-in-framework-module -Werror\=non-modular-include-in-framework-module -Wno-trigraphs -Wno-missing-field-initializers -Wno-missing-prototypes -Wno-return-type -Wno-missing-braces -Wparentheses -Wswitch -Wno-unused-function -Wno-unused-label -Wno-unused-parameter -Wno-unused-variable -Wunused-value -Wno-empty-body -Wno-uninitialized -Wno-unknown-pragmas -w -Wno-shadow -Wno-four-char-constants -Wno-conversion -Wno-constant-conversion -Wno-int-conversion -Wno-bool-conversion -Wno-enum-conversion -Wno-float-conversion -Wno-non-literal-null-conversion -Wno-objc-literal-conversion -Wshorten-64-to-32 -Wpointer-sign -Wno-newline-eof -Wno-implicit-fallthrough -isysroot /Applications/Xcode_26.6.app/Contents/Developer/Platforms/MacOSX.platform/Developer/SDKs/MacOSX26.5.sdk -fstrict-aliasing -Wdeprecated-declarations -Wno-sign-conversion -Wno-infinite-recursion -Wno-comma -Wno-block-capture-autoreleasing -Wno-strict-prototypes -Wno-semicolon-before-method-body -index-store-path /Users/runner/work/orbit/orbit/.a1-probe/.dd-mac/Index.noindex/DataStore @/Users/runner/work/orbit/orbit/.a1-probe/.dd-mac/Build/Intermediates.noindex/cmark-gfm.build/Debug/cmark-gfm.build/Objects-normal/arm64/7187679823f38a2a940e0043cdf9d637-common-args.resp -MMD -MT dependencies -MF /Users/runner/work/orbit/orbit/.a1-probe/.dd-mac/Build/Intermediates.noindex/cmark-gfm.build/Debug/cmark-gfm.build/Objects-normal/arm64/map.d --serialize-diagnostics /Users/runner/work/orbit/orbit/.a1-probe/.dd-mac/Build/Intermediates.noindex/cmark-gfm.build/Debug/cmark-gfm.build/Objects-normal/arm64/map.dia -c /Users/runner/work/orbit/orbit/.a1-probe/.dd-mac/SourcePackages/checkouts/swift-cmark/src/map.c -o /Users/runner/work/orbit/orbit/.a1-probe/.dd-mac/Build/Intermediates.noindex/cmark-gfm.build/Debug/cmark-gfm.build/Objects-normal/arm64/map.o -index-unit-output-path /cmark-gfm.build/Debug/cmark-gfm.build/Objects-normal/arm64/map.o

CompileC /Users/runner/work/orbit/orbit/.a1-probe/.dd-mac/Build/Intermediates.noindex/cmark-gfm.build/Debug/cmark-gfm.build/Objects-normal/arm64/man.o /Users/runner/work/orbit/orbit/.a1-probe/.dd-mac/SourcePackages/checkouts/swift-cmark/src/man.c normal arm64 c com.apple.compilers.llvm.clang.1_0.compiler (in target 'cmark-gfm' from project 'cmark-gfm')
    cd /Users/runner/work/orbit/orbit/.a1-probe/A1Probe.xcodeproj
    
    Using response file: /Users/runner/work/orbit/orbit/.a1-probe/.dd-mac/Build/Intermediates.noindex/cmark-gfm.build/Debug/cmark-gfm.build/Objects-normal/arm64/7187679823f38a2a940e0043cdf9d637-common-args.resp
    
    /Applications/Xcode_26.6.app/Contents/Developer/Toolchains/XcodeDefault.xctoolchain/usr/bin/clang -x c -ivfsstatcache /Users/runner/work/orbit/orbit/.a1-probe/.dd-mac/SDKStatCaches.noindex/macosx26.5-25F70-688ef53f1462e2c8f657fdc38a81448fee0e6409aa6676c5e6c013d148225433.sdkstatcache -target arm64-apple-macos10.13 -fmessage-length\=0 -fdiagnostics-show-note-include-stack -fmacro-backtrace-limit\=0 -fno-color-diagnostics -fmodules-prune-interval\=86400 -fmodules-prune-after\=345600 -fbuild-session-file\=/Users/runner/work/orbit/orbit/.a1-probe/.dd-mac/ModuleCache.noindex/Session.modulevalidation -fmodules-validate-once-per-build-session -Wnon-modular-include-in-framework-module -Werror\=non-modular-include-in-framework-module -Wno-trigraphs -Wno-missing-field-initializers -Wno-missing-prototypes -Wno-return-type -Wno-missing-braces -Wparentheses -Wswitch -Wno-unused-function -Wno-unused-label -Wno-unused-parameter -Wno-unused-variable -Wunused-value -Wno-empty-body -Wno-uninitialized -Wno-unknown-pragmas -w -Wno-shadow -Wno-four-char-constants -Wno-conversion -Wno-constant-conversion -Wno-int-conversion -Wno-bool-conversion -Wno-enum-conversion -Wno-float-conversion -Wno-non-literal-null-conversion -Wno-objc-literal-conversion -Wshorten-64-to-32 -Wpointer-sign -Wno-newline-eof -Wno-implicit-fallthrough -isysroot /Applications/Xcode_26.6.app/Contents/Developer/Platforms/MacOSX.platform/Developer/SDKs/MacOSX26.5.sdk -fstrict-aliasing -Wdeprecated-declarations -Wno-sign-conversion -Wno-infinite-recursion -Wno-comma -Wno-block-capture-autoreleasing -Wno-strict-prototypes -Wno-semicolon-before-method-body -index-store-path /Users/runner/work/orbit/orbit/.a1-probe/.dd-mac/Index.noindex/DataStore @/Users/runner/work/orbit/orbit/.a1-probe/.dd-mac/Build/Intermediates.noindex/cmark-gfm.build/Debug/cmark-gfm.build/Objects-normal/arm64/7187679823f38a2a940e0043cdf9d637-common-args.resp -MMD -MT dependencies -MF /Users/runner/work/orbit/orbit/.a1-probe/.dd-mac/Build/Intermediates.noindex/cmark-gfm.build/Debug/cmark-gfm.build/Objects-normal/arm64/man.d --serialize-diagnostics /Users/runner/work/orbit/orbit/.a1-probe/.dd-mac/Build/Intermediates.noindex/cmark-gfm.build/Debug/cmark-gfm.build/Objects-normal/arm64/man.dia -c /Users/runner/work/orbit/orbit/.a1-probe/.dd-mac/SourcePackages/checkouts/swift-cmark/src/man.c -o /Users/runner/work/orbit/orbit/.a1-probe/.dd-mac/Build/Intermediates.noindex/cmark-gfm.build/Debug/cmark-gfm.build/Objects-normal/arm64/man.o -index-unit-output-path /cmark-gfm.build/Debug/cmark-gfm.build/Objects-normal/arm64/man.o

PrecompileModule /Users/runner/work/orbit/orbit/.a1-probe/.dd-mac/Build/Intermediates.noindex/ExplicitPrecompiledModules/_Builtin_inttypes-DUOLIKJ4AOOQ8QAOR2WV9H0YS.scan
    cd /
    builtin-precompileModule /Users/runner/work/orbit/orbit/.a1-probe/.dd-mac/Build/Intermediates.noindex/ExplicitPrecompiledModules/_Builtin_inttypes-DUOLIKJ4AOOQ8QAOR2WV9H0YS.scan

PrecompileModule /Users/runner/work/orbit/orbit/.a1-probe/.dd-mac/Build/Intermediates.noindex/ExplicitPrecompiledModules/cmark_gfm-CQZX0WZ75VO10NFKXNVWUISPC.scan
    cd /
    builtin-precompileModule /Users/runner/work/orbit/orbit/.a1-probe/.dd-mac/Build/Intermediates.noindex/ExplicitPrecompiledModules/cmark_gfm-CQZX0WZ75VO10NFKXNVWUISPC.scan

PrecompileModule /Users/runner/work/orbit/orbit/.a1-probe/.dd-mac/Build/Intermediates.noindex/ExplicitPrecompiledModules/Darwin-15YMHRWLI7BNEGG8RMNQAJOUU.scan
    cd /
    builtin-precompileModule /Users/runner/work/orbit/orbit/.a1-probe/.dd-mac/Build/Intermediates.noindex/ExplicitPrecompiledModules/Darwin-15YMHRWLI7BNEGG8RMNQAJOUU.scan

ScanDependencies /Users/runner/work/orbit/orbit/.a1-probe/.dd-mac/Build/Intermediates.noindex/cmark-gfm.build/Debug/cmark-gfm.build/Objects-normal/arm64/linked_list.o /Users/runner/work/orbit/orbit/.a1-probe/.dd-mac/SourcePackages/checkouts/swift-cmark/src/linked_list.c normal arm64 c com.apple.compilers.llvm.clang.1_0.compiler (in target 'cmark-gfm' from project 'cmark-gfm')
    cd /Users/runner/work/orbit/orbit/.a1-probe/A1Probe.xcodeproj
    
    Using response file: /Users/runner/work/orbit/orbit/.a1-probe/.dd-mac/Build/Intermediates.noindex/cmark-gfm.build/Debug/cmark-gfm.build/Objects-normal/arm64/7187679823f38a2a940e0043cdf9d637-common-args.resp
    
    builtin-ScanDependencies -o /Users/runner/work/orbit/orbit/.a1-probe/.dd-mac/Build/Intermediates.noindex/cmark-gfm.build/Debug/cmark-gfm.build/Objects-normal/arm64/linked_list.o.scan -- /Applications/Xcode_26.6.app/Contents/Developer/Toolchains/XcodeDefault.xctoolchain/usr/bin/clang -x c -ivfsstatcache /Users/runner/work/orbit/orbit/.a1-probe/.dd-mac/SDKStatCaches.noindex/macosx26.5-25F70-688ef53f1462e2c8f657fdc38a81448fee0e6409aa6676c5e6c013d148225433.sdkstatcache -target arm64-apple-macos10.13 -fmessage-length\=0 -fdiagnostics-show-note-include-stack -fmacro-backtrace-limit\=0 -fno-color-diagnostics -fmodules-prune-interval\=86400 -fmodules-prune-after\=345600 -fbuild-session-file\=/Users/runner/work/orbit/orbit/.a1-probe/.dd-mac/ModuleCache.noindex/Session.modulevalidation -fmodules-validate-once-per-build-session -Wnon-modular-include-in-framework-module -Werror\=non-modular-include-in-framework-module -Wno-trigraphs -Wno-missing-field-initializers -Wno-missing-prototypes -Wno-return-type -Wno-missing-braces -Wparentheses -Wswitch -Wno-unused-function -Wno-unused-label -Wno-unused-parameter -Wno-unused-variable -Wunused-value -Wno-empty-body -Wno-uninitialized -Wno-unknown-pragmas -w -Wno-shadow -Wno-four-char-constants -Wno-conversion -Wno-constant-conversion -Wno-int-conversion -Wno-bool-conversion -Wno-enum-conversion -Wno-float-conversion -Wno-non-literal-null-conversion -Wno-objc-literal-conversion -Wshorten-64-to-32 -Wpointer-sign -Wno-newline-eof -Wno-implicit-fallthrough -isysroot /Applications/Xcode_26.6.app/Contents/Developer/Platforms/MacOSX.platform/Developer/SDKs/MacOSX26.5.sdk -fstrict-aliasing -Wdeprecated-declarations -Wno-sign-conversion -Wno-infinite-recursion -Wno-comma -Wno-block-capture-autoreleasing -Wno-strict-prototypes -Wno-semicolon-before-method-body -index-store-path /Users/runner/work/orbit/orbit/.a1-probe/.dd-mac/Index.noindex/DataStore @/Users/runner/work/orbit/orbit/.a1-probe/.dd-mac/Build/Intermediates.noindex/cmark-gfm.build/Debug/cmark-gfm.build/Objects-normal/arm64/7187679823f38a2a940e0043cdf9d637-common-args.resp -MMD -MT dependencies -MF /Users/runner/work/orbit/orbit/.a1-probe/.dd-mac/Build/Intermediates.noindex/cmark-gfm.build/Debug/cmark-gfm.build/Objects-normal/arm64/linked_list.d --serialize-diagnostics /Users/runner/work/orbit/orbit/.a1-probe/.dd-mac/Build/Intermediates.noindex/cmark-gfm.build/Debug/cmark-gfm.build/Objects-normal/arm64/linked_list.dia -c /Users/runner/work/orbit/orbit/.a1-probe/.dd-mac/SourcePackages/checkouts/swift-cmark/src/linked_list.c -o /Users/runner/work/orbit/orbit/.a1-probe/.dd-mac/Build/Intermediates.noindex/cmark-gfm.build/Debug/cmark-gfm.build/Objects-normal/arm64/linked_list.o -index-unit-output-path /cmark-gfm.build/Debug/cmark-gfm.build/Objects-normal/arm64/linked_list.o

CompileC /Users/runner/work/orbit/orbit/.a1-probe/.dd-mac/Build/Intermediates.noindex/cmark-gfm.build/Debug/cmark-gfm-extensions.build/Objects-normal/arm64/tasklist.o /Users/runner/work/orbit/orbit/.a1-probe/.dd-mac/SourcePackages/checkouts/swift-cmark/extensions/tasklist.c normal arm64 c com.apple.compilers.llvm.clang.1_0.compiler (in target 'cmark-gfm-extensions' from project 'cmark-gfm')
    cd /Users/runner/work/orbit/orbit/.a1-probe/A1Probe.xcodeproj
    
    Using response file: /Users/runner/work/orbit/orbit/.a1-probe/.dd-mac/Build/Intermediates.noindex/cmark-gfm.build/Debug/cmark-gfm-extensions.build/Objects-normal/arm64/7187679823f38a2a940e0043cdf9d637-common-args.resp
    
    /Applications/Xcode_26.6.app/Contents/Developer/Toolchains/XcodeDefault.xctoolchain/usr/bin/clang -x c -ivfsstatcache /Users/runner/work/orbit/orbit/.a1-probe/.dd-mac/SDKStatCaches.noindex/macosx26.5-25F70-688ef53f1462e2c8f657fdc38a81448fee0e6409aa6676c5e6c013d148225433.sdkstatcache -target arm64-apple-macos10.13 -fmessage-length\=0 -fdiagnostics-show-note-include-stack -fmacro-backtrace-limit\=0 -fno-color-diagnostics -fmodules-prune-interval\=86400 -fmodules-prune-after\=345600 -fbuild-session-file\=/Users/runner/work/orbit/orbit/.a1-probe/.dd-mac/ModuleCache.noindex/Session.modulevalidation -fmodules-validate-once-per-build-session -Wnon-modular-include-in-framework-module -Werror\=non-modular-include-in-framework-module -Wno-trigraphs -Wno-missing-field-initializers -Wno-missing-prototypes -Wno-return-type -Wno-missing-braces -Wparentheses -Wswitch -Wno-unused-function -Wno-unused-label -Wno-unused-parameter -Wno-unused-variable -Wunused-value -Wno-empty-body -Wno-uninitialized -Wno-unknown-pragmas -w -Wno-shadow -Wno-four-char-constants -Wno-conversion -Wno-constant-conversion -Wno-int-conversion -Wno-bool-conversion -Wno-enum-conversion -Wno-float-conversion -Wno-non-literal-null-conversion -Wno-objc-literal-conversion -Wshorten-64-to-32 -Wpointer-sign -Wno-newline-eof -Wno-implicit-fallthrough -isysroot /Applications/Xcode_26.6.app/Contents/Developer/Platforms/MacOSX.platform/Developer/SDKs/MacOSX26.5.sdk -fstrict-aliasing -Wdeprecated-declarations -Wno-sign-conversion -Wno-infinite-recursion -Wno-comma -Wno-block-capture-autoreleasing -Wno-strict-prototypes -Wno-semicolon-before-method-body -index-store-path /Users/runner/work/orbit/orbit/.a1-probe/.dd-mac/Index.noindex/DataStore @/Users/runner/work/orbit/orbit/.a1-probe/.dd-mac/Build/Intermediates.noindex/cmark-gfm.build/Debug/cmark-gfm-extensions.build/Objects-normal/arm64/7187679823f38a2a940e0043cdf9d637-common-args.resp -MMD -MT dependencies -MF /Users/runner/work/orbit/orbit/.a1-probe/.dd-mac/Build/Intermediates.noindex/cmark-gfm.build/Debug/cmark-gfm-extensions.build/Objects-normal/arm64/tasklist.d --serialize-diagnostics /Users/runner/work/orbit/orbit/.a1-probe/.dd-mac/Build/Intermediates.noindex/cmark-gfm.build/Debug/cmark-gfm-extensions.build/Objects-normal/arm64/tasklist.dia -c /Users/runner/work/orbit/orbit/.a1-probe/.dd-mac/SourcePackages/checkouts/swift-cmark/extensions/tasklist.c -o /Users/runner/work/orbit/orbit/.a1-probe/.dd-mac/Build/Intermediates.noindex/cmark-gfm.build/Debug/cmark-gfm-extensions.build/Objects-normal/arm64/tasklist.o -index-unit-output-path /cmark-gfm.build/Debug/cmark-gfm-extensions.build/Objects-normal/arm64/tasklist.o

CompileC /Users/runner/work/orbit/orbit/.a1-probe/.dd-mac/Build/Intermediates.noindex/cmark-gfm.build/Debug/cmark-gfm-extensions.build/Objects-normal/arm64/tagfilter.o /Users/runner/work/orbit/orbit/.a1-probe/.dd-mac/SourcePackages/checkouts/swift-cmark/extensions/tagfilter.c normal arm64 c com.apple.compilers.llvm.clang.1_0.compiler (in target 'cmark-gfm-extensions' from project 'cmark-gfm')
    cd /Users/runner/work/orbit/orbit/.a1-probe/A1Probe.xcodeproj
    
    Using response file: /Users/runner/work/orbit/orbit/.a1-probe/.dd-mac/Build/Intermediates.noindex/cmark-gfm.build/Debug/cmark-gfm-extensions.build/Objects-normal/arm64/7187679823f38a2a940e0043cdf9d637-common-args.resp
    
    /Applications/Xcode_26.6.app/Contents/Developer/Toolchains/XcodeDefault.xctoolchain/usr/bin/clang -x c -ivfsstatcache /Users/runner/work/orbit/orbit/.a1-probe/.dd-mac/SDKStatCaches.noindex/macosx26.5-25F70-688ef53f1462e2c8f657fdc38a81448fee0e6409aa6676c5e6c013d148225433.sdkstatcache -target arm64-apple-macos10.13 -fmessage-length\=0 -fdiagnostics-show-note-include-stack -fmacro-backtrace-limit\=0 -fno-color-diagnostics -fmodules-prune-interval\=86400 -fmodules-prune-after\=345600 -fbuild-session-file\=/Users/runner/work/orbit/orbit/.a1-probe/.dd-mac/ModuleCache.noindex/Session.modulevalidation -fmodules-validate-once-per-build-session -Wnon-modular-include-in-framework-module -Werror\=non-modular-include-in-framework-module -Wno-trigraphs -Wno-missing-field-initializers -Wno-missing-prototypes -Wno-return-type -Wno-missing-braces -Wparentheses -Wswitch -Wno-unused-function -Wno-unused-label -Wno-unused-parameter -Wno-unused-variable -Wunused-value -Wno-empty-body -Wno-uninitialized -Wno-unknown-pragmas -w -Wno-shadow -Wno-four-char-constants -Wno-conversion -Wno-constant-conversion -Wno-int-conversion -Wno-bool-conversion -Wno-enum-conversion -Wno-float-conversion -Wno-non-literal-null-conversion -Wno-objc-literal-conversion -Wshorten-64-to-32 -Wpointer-sign -Wno-newline-eof -Wno-implicit-fallthrough -isysroot /Applications/Xcode_26.6.app/Contents/Developer/Platforms/MacOSX.platform/Developer/SDKs/MacOSX26.5.sdk -fstrict-aliasing -Wdeprecated-declarations -Wno-sign-conversion -Wno-infinite-recursion -Wno-comma -Wno-block-capture-autoreleasing -Wno-strict-prototypes -Wno-semicolon-before-method-body -index-store-path /Users/runner/work/orbit/orbit/.a1-probe/.dd-mac/Index.noindex/DataStore @/Users/runner/work/orbit/orbit/.a1-probe/.dd-mac/Build/Intermediates.noindex/cmark-gfm.build/Debug/cmark-gfm-extensions.build/Objects-normal/arm64/7187679823f38a2a940e0043cdf9d637-common-args.resp -MMD -MT dependencies -MF /Users/runner/work/orbit/orbit/.a1-probe/.dd-mac/Build/Intermediates.noindex/cmark-gfm.build/Debug/cmark-gfm-extensions.build/Objects-normal/arm64/tagfilter.d --serialize-diagnostics /Users/runner/work/orbit/orbit/.a1-probe/.dd-mac/Build/Intermediates.noindex/cmark-gfm.build/Debug/cmark-gfm-extensions.build/Objects-normal/arm64/tagfilter.dia -c /Users/runner/work/orbit/orbit/.a1-probe/.dd-mac/SourcePackages/checkouts/swift-cmark/extensions/tagfilter.c -o /Users/runner/work/orbit/orbit/.a1-probe/.dd-mac/Build/Intermediates.noindex/cmark-gfm.build/Debug/cmark-gfm-extensions.build/Objects-normal/arm64/tagfilter.o -index-unit-output-path /cmark-gfm.build/Debug/cmark-gfm-extensions.build/Objects-normal/arm64/tagfilter.o

CompileC /Users/runner/work/orbit/orbit/.a1-probe/.dd-mac/Build/Intermediates.noindex/cmark-gfm.build/Debug/cmark-gfm-extensions.build/Objects-normal/arm64/table.o /Users/runner/work/orbit/orbit/.a1-probe/.dd-mac/SourcePackages/checkouts/swift-cmark/extensions/table.c normal arm64 c com.apple.compilers.llvm.clang.1_0.compiler (in target 'cmark-gfm-extensions' from project 'cmark-gfm')
    cd /Users/runner/work/orbit/orbit/.a1-probe/A1Probe.xcodeproj
    
    Using response file: /Users/runner/work/orbit/orbit/.a1-probe/.dd-mac/Build/Intermediates.noindex/cmark-gfm.build/Debug/cmark-gfm-extensions.build/Objects-normal/arm64/7187679823f38a2a940e0043cdf9d637-common-args.resp
    
    /Applications/Xcode_26.6.app/Contents/Developer/Toolchains/XcodeDefault.xctoolchain/usr/bin/clang -x c -ivfsstatcache /Users/runner/work/orbit/orbit/.a1-probe/.dd-mac/SDKStatCaches.noindex/macosx26.5-25F70-688ef53f1462e2c8f657fdc38a81448fee0e6409aa6676c5e6c013d148225433.sdkstatcache -target arm64-apple-macos10.13 -fmessage-length\=0 -fdiagnostics-show-note-include-stack -fmacro-backtrace-limit\=0 -fno-color-diagnostics -fmodules-prune-interval\=86400 -fmodules-prune-after\=345600 -fbuild-session-file\=/Users/runner/work/orbit/orbit/.a1-probe/.dd-mac/ModuleCache.noindex/Session.modulevalidation -fmodules-validate-once-per-build-session -Wnon-modular-include-in-framework-module -Werror\=non-modular-include-in-framework-module -Wno-trigraphs -Wno-missing-field-initializers -Wno-missing-prototypes -Wno-return-type -Wno-missing-braces -Wparentheses -Wswitch -Wno-unused-function -Wno-unused-label -Wno-unused-parameter -Wno-unused-variable -Wunused-value -Wno-empty-body -Wno-uninitialized -Wno-unknown-pragmas -w -Wno-shadow -Wno-four-char-constants -Wno-conversion -Wno-constant-conversion -Wno-int-conversion -Wno-bool-conversion -Wno-enum-conversion -Wno-float-conversion -Wno-non-literal-null-conversion -Wno-objc-literal-conversion -Wshorten-64-to-32 -Wpointer-sign -Wno-newline-eof -Wno-implicit-fallthrough -isysroot /Applications/Xcode_26.6.app/Contents/Developer/Platforms/MacOSX.platform/Developer/SDKs/MacOSX26.5.sdk -fstrict-aliasing -Wdeprecated-declarations -Wno-sign-conversion -Wno-infinite-recursion -Wno-comma -Wno-block-capture-autoreleasing -Wno-strict-prototypes -Wno-semicolon-before-method-body -index-store-path /Users/runner/work/orbit/orbit/.a1-probe/.dd-mac/Index.noindex/DataStore @/Users/runner/work/orbit/orbit/.a1-probe/.dd-mac/Build/Intermediates.noindex/cmark-gfm.build/Debug/cmark-gfm-extensions.build/Objects-normal/arm64/7187679823f38a2a940e0043cdf9d637-common-args.resp -MMD -MT dependencies -MF /Users/runner/work/orbit/orbit/.a1-probe/.dd-mac/Build/Intermediates.noindex/cmark-gfm.build/Debug/cmark-gfm-extensions.build/Objects-normal/arm64/table.d --serialize-diagnostics /Users/runner/work/orbit/orbit/.a1-probe/.dd-mac/Build/Intermediates.noindex/cmark-gfm.build/Debug/cmark-gfm-extensions.build/Objects-normal/arm64/table.dia -c /Users/runner/work/orbit/orbit/.a1-probe/.dd-mac/SourcePackages/checkouts/swift-cmark/extensions/table.c -o /Users/runner/work/orbit/orbit/.a1-probe/.dd-mac/Build/Intermediates.noindex/cmark-gfm.build/Debug/cmark-gfm-extensions.build/Objects-normal/arm64/table.o -index-unit-output-path /cmark-gfm.build/Debug/cmark-gfm-extensions.build/Objects-normal/arm64/table.o

CompileC /Users/runner/work/orbit/orbit/.a1-probe/.dd-mac/Build/Intermediates.noindex/cmark-gfm.build/Debug/cmark-gfm-extensions.build/Objects-normal/arm64/strikethrough.o /Users/runner/work/orbit/orbit/.a1-probe/.dd-mac/SourcePackages/checkouts/swift-cmark/extensions/strikethrough.c normal arm64 c com.apple.compilers.llvm.clang.1_0.compiler (in target 'cmark-gfm-extensions' from project 'cmark-gfm')
    cd /Users/runner/work/orbit/orbit/.a1-probe/A1Probe.xcodeproj
    
    Using response file: /Users/runner/work/orbit/orbit/.a1-probe/.dd-mac/Build/Intermediates.noindex/cmark-gfm.build/Debug/cmark-gfm-extensions.build/Objects-normal/arm64/7187679823f38a2a940e0043cdf9d637-common-args.resp
    
    /Applications/Xcode_26.6.app/Contents/Developer/Toolchains/XcodeDefault.xctoolchain/usr/bin/clang -x c -ivfsstatcache /Users/runner/work/orbit/orbit/.a1-probe/.dd-mac/SDKStatCaches.noindex/macosx26.5-25F70-688ef53f1462e2c8f657fdc38a81448fee0e6409aa6676c5e6c013d148225433.sdkstatcache -target arm64-apple-macos10.13 -fmessage-length\=0 -fdiagnostics-show-note-include-stack -fmacro-backtrace-limit\=0 -fno-color-diagnostics -fmodules-prune-interval\=86400 -fmodules-prune-after\=345600 -fbuild-session-file\=/Users/runner/work/orbit/orbit/.a1-probe/.dd-mac/ModuleCache.noindex/Session.modulevalidation -fmodules-validate-once-per-build-session -Wnon-modular-include-in-framework-module -Werror\=non-modular-include-in-framework-module -Wno-trigraphs -Wno-missing-field-initializers -Wno-missing-prototypes -Wno-return-type -Wno-missing-braces -Wparentheses -Wswitch -Wno-unused-function -Wno-unused-label -Wno-unused-parameter -Wno-unused-variable -Wunused-value -Wno-empty-body -Wno-uninitialized -Wno-unknown-pragmas -w -Wno-shadow -Wno-four-char-constants -Wno-conversion -Wno-constant-conversion -Wno-int-conversion -Wno-bool-conversion -Wno-enum-conversion -Wno-float-conversion -Wno-non-literal-null-conversion -Wno-objc-literal-conversion -Wshorten-64-to-32 -Wpointer-sign -Wno-newline-eof -Wno-implicit-fallthrough -isysroot /Applications/Xcode_26.6.app/Contents/Developer/Platforms/MacOSX.platform/Developer/SDKs/MacOSX26.5.sdk -fstrict-aliasing -Wdeprecated-declarations -Wno-sign-conversion -Wno-infinite-recursion -Wno-comma -Wno-block-capture-autoreleasing -Wno-strict-prototypes -Wno-semicolon-before-method-body -index-store-path /Users/runner/work/orbit/orbit/.a1-probe/.dd-mac/Index.noindex/DataStore @/Users/runner/work/orbit/orbit/.a1-probe/.dd-mac/Build/Intermediates.noindex/cmark-gfm.build/Debug/cmark-gfm-extensions.build/Objects-normal/arm64/7187679823f38a2a940e0043cdf9d637-common-args.resp -MMD -MT dependencies -MF /Users/runner/work/orbit/orbit/.a1-probe/.dd-mac/Build/Intermediates.noindex/cmark-gfm.build/Debug/cmark-gfm-extensions.build/Objects-normal/arm64/strikethrough.d --serialize-diagnostics /Users/runner/work/orbit/orbit/.a1-probe/.dd-mac/Build/Intermediates.noindex/cmark-gfm.build/Debug/cmark-gfm-extensions.build/Objects-normal/arm64/strikethrough.dia -c /Users/runner/work/orbit/orbit/.a1-probe/.dd-mac/SourcePackages/checkouts/swift-cmark/extensions/strikethrough.c -o /Users/runner/work/orbit/orbit/.a1-probe/.dd-mac/Build/Intermediates.noindex/cmark-gfm.build/Debug/cmark-gfm-extensions.build/Objects-normal/arm64/strikethrough.o -index-unit-output-path /cmark-gfm.build/Debug/cmark-gfm-extensions.build/Objects-normal/arm64/strikethrough.o

CompileC /Users/runner/work/orbit/orbit/.a1-probe/.dd-mac/Build/Intermediates.noindex/cmark-gfm.build/Debug/cmark-gfm-extensions.build/Objects-normal/arm64/ext_scanners.o /Users/runner/work/orbit/orbit/.a1-probe/.dd-mac/SourcePackages/checkouts/swift-cmark/extensions/ext_scanners.c normal arm64 c com.apple.compilers.llvm.clang.1_0.compiler (in target 'cmark-gfm-extensions' from project 'cmark-gfm')
    cd /Users/runner/work/orbit/orbit/.a1-probe/A1Probe.xcodeproj
    
    Using response file: /Users/runner/work/orbit/orbit/.a1-probe/.dd-mac/Build/Intermediates.noindex/cmark-gfm.build/Debug/cmark-gfm-extensions.build/Objects-normal/arm64/7187679823f38a2a940e0043cdf9d637-common-args.resp
    
    /Applications/Xcode_26.6.app/Contents/Developer/Toolchains/XcodeDefault.xctoolchain/usr/bin/clang -x c -ivfsstatcache /Users/runner/work/orbit/orbit/.a1-probe/.dd-mac/SDKStatCaches.noindex/macosx26.5-25F70-688ef53f1462e2c8f657fdc38a81448fee0e6409aa6676c5e6c013d148225433.sdkstatcache -target arm64-apple-macos10.13 -fmessage-length\=0 -fdiagnostics-show-note-include-stack -fmacro-backtrace-limit\=0 -fno-color-diagnostics -fmodules-prune-interval\=86400 -fmodules-prune-after\=345600 -fbuild-session-file\=/Users/runner/work/orbit/orbit/.a1-probe/.dd-mac/ModuleCache.noindex/Session.modulevalidation -fmodules-validate-once-per-build-session -Wnon-modular-include-in-framework-module -Werror\=non-modular-include-in-framework-module -Wno-trigraphs -Wno-missing-field-initializers -Wno-missing-prototypes -Wno-return-type -Wno-missing-braces -Wparentheses -Wswitch -Wno-unused-function -Wno-unused-label -Wno-unused-parameter -Wno-unused-variable -Wunused-value -Wno-empty-body -Wno-uninitialized -Wno-unknown-pragmas -w -Wno-shadow -Wno-four-char-constants -Wno-conversion -Wno-constant-conversion -Wno-int-conversion -Wno-bool-conversion -Wno-enum-conversion -Wno-float-conversion -Wno-non-literal-null-conversion -Wno-objc-literal-conversion -Wshorten-64-to-32 -Wpointer-sign -Wno-newline-eof -Wno-implicit-fallthrough -isysroot /Applications/Xcode_26.6.app/Contents/Developer/Platforms/MacOSX.platform/Developer/SDKs/MacOSX26.5.sdk -fstrict-aliasing -Wdeprecated-declarations -Wno-sign-conversion -Wno-infinite-recursion -Wno-comma -Wno-block-capture-autoreleasing -Wno-strict-prototypes -Wno-semicolon-before-method-body -index-store-path /Users/runner/work/orbit/orbit/.a1-probe/.dd-mac/Index.noindex/DataStore @/Users/runner/work/orbit/orbit/.a1-probe/.dd-mac/Build/Intermediates.noindex/cmark-gfm.build/Debug/cmark-gfm-extensions.build/Objects-normal/arm64/7187679823f38a2a940e0043cdf9d637-common-args.resp -MMD -MT dependencies -MF /Users/runner/work/orbit/orbit/.a1-probe/.dd-mac/Build/Intermediates.noindex/cmark-gfm.build/Debug/cmark-gfm-extensions.build/Objects-normal/arm64/ext_scanners.d --serialize-diagnostics /Users/runner/work/orbit/orbit/.a1-probe/.dd-mac/Build/Intermediates.noindex/cmark-gfm.build/Debug/cmark-gfm-extensions.build/Objects-normal/arm64/ext_scanners.dia -c /Users/runner/work/orbit/orbit/.a1-probe/.dd-mac/SourcePackages/checkouts/swift-cmark/extensions/ext_scanners.c -o /Users/runner/work/orbit/orbit/.a1-probe/.dd-mac/Build/Intermediates.noindex/cmark-gfm.build/Debug/cmark-gfm-extensions.build/Objects-normal/arm64/ext_scanners.o -index-unit-output-path /cmark-gfm.build/Debug/cmark-gfm-extensions.build/Objects-normal/arm64/ext_scanners.o

CompileC /Users/runner/work/orbit/orbit/.a1-probe/.dd-mac/Build/Intermediates.noindex/cmark-gfm.build/Debug/cmark-gfm-extensions.build/Objects-normal/arm64/core-extensions.o /Users/runner/work/orbit/orbit/.a1-probe/.dd-mac/SourcePackages/checkouts/swift-cmark/extensions/core-extensions.c normal arm64 c com.apple.compilers.llvm.clang.1_0.compiler (in target 'cmark-gfm-extensions' from project 'cmark-gfm')
    cd /Users/runner/work/orbit/orbit/.a1-probe/A1Probe.xcodeproj
    
    Using response file: /Users/runner/work/orbit/orbit/.a1-probe/.dd-mac/Build/Intermediates.noindex/cmark-gfm.build/Debug/cmark-gfm-extensions.build/Objects-normal/arm64/7187679823f38a2a940e0043cdf9d637-common-args.resp
    
    /Applications/Xcode_26.6.app/Contents/Developer/Toolchains/XcodeDefault.xctoolchain/usr/bin/clang -x c -ivfsstatcache /Users/runner/work/orbit/orbit/.a1-probe/.dd-mac/SDKStatCaches.noindex/macosx26.5-25F70-688ef53f1462e2c8f657fdc38a81448fee0e6409aa6676c5e6c013d148225433.sdkstatcache -target arm64-apple-macos10.13 -fmessage-length\=0 -fdiagnostics-show-note-include-stack -fmacro-backtrace-limit\=0 -fno-color-diagnostics -fmodules-prune-interval\=86400 -fmodules-prune-after\=345600 -fbuild-session-file\=/Users/runner/work/orbit/orbit/.a1-probe/.dd-mac/ModuleCache.noindex/Session.modulevalidation -fmodules-validate-once-per-build-session -Wnon-modular-include-in-framework-module -Werror\=non-modular-include-in-framework-module -Wno-trigraphs -Wno-missing-field-initializers -Wno-missing-prototypes -Wno-return-type -Wno-missing-braces -Wparentheses -Wswitch -Wno-unused-function -Wno-unused-label -Wno-unused-parameter -Wno-unused-variable -Wunused-value -Wno-empty-body -Wno-uninitialized -Wno-unknown-pragmas -w -Wno-shadow -Wno-four-char-constants -Wno-conversion -Wno-constant-conversion -Wno-int-conversion -Wno-bool-conversion -Wno-enum-conversion -Wno-float-conversion -Wno-non-literal-null-conversion -Wno-objc-literal-conversion -Wshorten-64-to-32 -Wpointer-sign -Wno-newline-eof -Wno-implicit-fallthrough -isysroot /Applications/Xcode_26.6.app/Contents/Developer/Platforms/MacOSX.platform/Developer/SDKs/MacOSX26.5.sdk -fstrict-aliasing -Wdeprecated-declarations -Wno-sign-conversion -Wno-infinite-recursion -Wno-comma -Wno-block-capture-autoreleasing -Wno-strict-prototypes -Wno-semicolon-before-method-body -index-store-path /Users/runner/work/orbit/orbit/.a1-probe/.dd-mac/Index.noindex/DataStore @/Users/runner/work/orbit/orbit/.a1-probe/.dd-mac/Build/Intermediates.noindex/cmark-gfm.build/Debug/cmark-gfm-extensions.build/Objects-normal/arm64/7187679823f38a2a940e0043cdf9d637-common-args.resp -MMD -MT dependencies -MF /Users/runner/work/orbit/orbit/.a1-probe/.dd-mac/Build/Intermediates.noindex/cmark-gfm.build/Debug/cmark-gfm-extensions.build/Objects-normal/arm64/core-extensions.d --serialize-diagnostics /Users/runner/work/orbit/orbit/.a1-probe/.dd-mac/Build/Intermediates.noindex/cmark-gfm.build/Debug/cmark-gfm-extensions.build/Objects-normal/arm64/core-extensions.dia -c /Users/runner/work/orbit/orbit/.a1-probe/.dd-mac/SourcePackages/checkouts/swift-cmark/extensions/core-extensions.c -o /Users/runner/work/orbit/orbit/.a1-probe/.dd-mac/Build/Intermediates.noindex/cmark-gfm.build/Debug/cmark-gfm-extensions.build/Objects-normal/arm64/core-extensions.o -index-unit-output-path /cmark-gfm.build/Debug/cmark-gfm-extensions.build/Objects-normal/arm64/core-extensions.o

CompileC /Users/runner/work/orbit/orbit/.a1-probe/.dd-mac/Build/Intermediates.noindex/cmark-gfm.build/Debug/cmark-gfm.build/Objects-normal/arm64/linked_list.o /Users/runner/work/orbit/orbit/.a1-probe/.dd-mac/SourcePackages/checkouts/swift-cmark/src/linked_list.c normal arm64 c com.apple.compilers.llvm.clang.1_0.compiler (in target 'cmark-gfm' from project 'cmark-gfm')
    cd /Users/runner/work/orbit/orbit/.a1-probe/A1Probe.xcodeproj
    
    Using response file: /Users/runner/work/orbit/orbit/.a1-probe/.dd-mac/Build/Intermediates.noindex/cmark-gfm.build/Debug/cmark-gfm.build/Objects-normal/arm64/7187679823f38a2a940e0043cdf9d637-common-args.resp
    
    /Applications/Xcode_26.6.app/Contents/Developer/Toolchains/XcodeDefault.xctoolchain/usr/bin/clang -x c -ivfsstatcache /Users/runner/work/orbit/orbit/.a1-probe/.dd-mac/SDKStatCaches.noindex/macosx26.5-25F70-688ef53f1462e2c8f657fdc38a81448fee0e6409aa6676c5e6c013d148225433.sdkstatcache -target arm64-apple-macos10.13 -fmessage-length\=0 -fdiagnostics-show-note-include-stack -fmacro-backtrace-limit\=0 -fno-color-diagnostics -fmodules-prune-interval\=86400 -fmodules-prune-after\=345600 -fbuild-session-file\=/Users/runner/work/orbit/orbit/.a1-probe/.dd-mac/ModuleCache.noindex/Session.modulevalidation -fmodules-validate-once-per-build-session -Wnon-modular-include-in-framework-module -Werror\=non-modular-include-in-framework-module -Wno-trigraphs -Wno-missing-field-initializers -Wno-missing-prototypes -Wno-return-type -Wno-missing-braces -Wparentheses -Wswitch -Wno-unused-function -Wno-unused-label -Wno-unused-parameter -Wno-unused-variable -Wunused-value -Wno-empty-body -Wno-uninitialized -Wno-unknown-pragmas -w -Wno-shadow -Wno-four-char-constants -Wno-conversion -Wno-constant-conversion -Wno-int-conversion -Wno-bool-conversion -Wno-enum-conversion -Wno-float-conversion -Wno-non-literal-null-conversion -Wno-objc-literal-conversion -Wshorten-64-to-32 -Wpointer-sign -Wno-newline-eof -Wno-implicit-fallthrough -isysroot /Applications/Xcode_26.6.app/Contents/Developer/Platforms/MacOSX.platform/Developer/SDKs/MacOSX26.5.sdk -fstrict-aliasing -Wdeprecated-declarations -Wno-sign-conversion -Wno-infinite-recursion -Wno-comma -Wno-block-capture-autoreleasing -Wno-strict-prototypes -Wno-semicolon-before-method-body -index-store-path /Users/runner/work/orbit/orbit/.a1-probe/.dd-mac/Index.noindex/DataStore @/Users/runner/work/orbit/orbit/.a1-probe/.dd-mac/Build/Intermediates.noindex/cmark-gfm.build/Debug/cmark-gfm.build/Objects-normal/arm64/7187679823f38a2a940e0043cdf9d637-common-args.resp -MMD -MT dependencies -MF /Users/runner/work/orbit/orbit/.a1-probe/.dd-mac/Build/Intermediates.noindex/cmark-gfm.build/Debug/cmark-gfm.build/Objects-normal/arm64/linked_list.d --serialize-diagnostics /Users/runner/work/orbit/orbit/.a1-probe/.dd-mac/Build/Intermediates.noindex/cmark-gfm.build/Debug/cmark-gfm.build/Objects-normal/arm64/linked_list.dia -c /Users/runner/work/orbit/orbit/.a1-probe/.dd-mac/SourcePackages/checkouts/swift-cmark/src/linked_list.c -o /Users/runner/work/orbit/orbit/.a1-probe/.dd-mac/Build/Intermediates.noindex/cmark-gfm.build/Debug/cmark-gfm.build/Objects-normal/arm64/linked_list.o -index-unit-output-path /cmark-gfm.build/Debug/cmark-gfm.build/Objects-normal/arm64/linked_list.o

ScanDependencies /Users/runner/work/orbit/orbit/.a1-probe/.dd-mac/Build/Intermediates.noindex/cmark-gfm.build/Debug/cmark-gfm.build/Objects-normal/arm64/latex.o /Users/runner/work/orbit/orbit/.a1-probe/.dd-mac/SourcePackages/checkouts/swift-cmark/src/latex.c normal arm64 c com.apple.compilers.llvm.clang.1_0.compiler (in target 'cmark-gfm' from project 'cmark-gfm')
    cd /Users/runner/work/orbit/orbit/.a1-probe/A1Probe.xcodeproj
    
    Using response file: /Users/runner/work/orbit/orbit/.a1-probe/.dd-mac/Build/Intermediates.noindex/cmark-gfm.build/Debug/cmark-gfm.build/Objects-normal/arm64/7187679823f38a2a940e0043cdf9d637-common-args.resp
    
    builtin-ScanDependencies -o /Users/runner/work/orbit/orbit/.a1-probe/.dd-mac/Build/Intermediates.noindex/cmark-gfm.build/Debug/cmark-gfm.build/Objects-normal/arm64/latex.o.scan -- /Applications/Xcode_26.6.app/Contents/Developer/Toolchains/XcodeDefault.xctoolchain/usr/bin/clang -x c -ivfsstatcache /Users/runner/work/orbit/orbit/.a1-probe/.dd-mac/SDKStatCaches.noindex/macosx26.5-25F70-688ef53f1462e2c8f657fdc38a81448fee0e6409aa6676c5e6c013d148225433.sdkstatcache -target arm64-apple-macos10.13 -fmessage-length\=0 -fdiagnostics-show-note-include-stack -fmacro-backtrace-limit\=0 -fno-color-diagnostics -fmodules-prune-interval\=86400 -fmodules-prune-after\=345600 -fbuild-session-file\=/Users/runner/work/orbit/orbit/.a1-probe/.dd-mac/ModuleCache.noindex/Session.modulevalidation -fmodules-validate-once-per-build-session -Wnon-modular-include-in-framework-module -Werror\=non-modular-include-in-framework-module -Wno-trigraphs -Wno-missing-field-initializers -Wno-missing-prototypes -Wno-return-type -Wno-missing-braces -Wparentheses -Wswitch -Wno-unused-function -Wno-unused-label -Wno-unused-parameter -Wno-unused-variable -Wunused-value -Wno-empty-body -Wno-uninitialized -Wno-unknown-pragmas -w -Wno-shadow -Wno-four-char-constants -Wno-conversion -Wno-constant-conversion -Wno-int-conversion -Wno-bool-conversion -Wno-enum-conversion -Wno-float-conversion -Wno-non-literal-null-conversion -Wno-objc-literal-conversion -Wshorten-64-to-32 -Wpointer-sign -Wno-newline-eof -Wno-implicit-fallthrough -isysroot /Applications/Xcode_26.6.app/Contents/Developer/Platforms/MacOSX.platform/Developer/SDKs/MacOSX26.5.sdk -fstrict-aliasing -Wdeprecated-declarations -Wno-sign-conversion -Wno-infinite-recursion -Wno-comma -Wno-block-capture-autoreleasing -Wno-strict-prototypes -Wno-semicolon-before-method-body -index-store-path /Users/runner/work/orbit/orbit/.a1-probe/.dd-mac/Index.noindex/DataStore @/Users/runner/work/orbit/orbit/.a1-probe/.dd-mac/Build/Intermediates.noindex/cmark-gfm.build/Debug/cmark-gfm.build/Objects-normal/arm64/7187679823f38a2a940e0043cdf9d637-common-args.resp -MMD -MT dependencies -MF /Users/runner/work/orbit/orbit/.a1-probe/.dd-mac/Build/Intermediates.noindex/cmark-gfm.build/Debug/cmark-gfm.build/Objects-normal/arm64/latex.d --serialize-diagnostics /Users/runner/work/orbit/orbit/.a1-probe/.dd-mac/Build/Intermediates.noindex/cmark-gfm.build/Debug/cmark-gfm.build/Objects-normal/arm64/latex.dia -c /Users/runner/work/orbit/orbit/.a1-probe/.dd-mac/SourcePackages/checkouts/swift-cmark/src/latex.c -o /Users/runner/work/orbit/orbit/.a1-probe/.dd-mac/Build/Intermediates.noindex/cmark-gfm.build/Debug/cmark-gfm.build/Objects-normal/arm64/latex.o -index-unit-output-path /cmark-gfm.build/Debug/cmark-gfm.build/Objects-normal/arm64/latex.o

ScanDependencies /Users/runner/work/orbit/orbit/.a1-probe/.dd-mac/Build/Intermediates.noindex/cmark-gfm.build/Debug/cmark-gfm.build/Objects-normal/arm64/iterator.o /Users/runner/work/orbit/orbit/.a1-probe/.dd-mac/SourcePackages/checkouts/swift-cmark/src/iterator.c normal arm64 c com.apple.compilers.llvm.clang.1_0.compiler (in target 'cmark-gfm' from project 'cmark-gfm')
    cd /Users/runner/work/orbit/orbit/.a1-probe/A1Probe.xcodeproj
    
    Using response file: /Users/runner/work/orbit/orbit/.a1-probe/.dd-mac/Build/Intermediates.noindex/cmark-gfm.build/Debug/cmark-gfm.build/Objects-normal/arm64/7187679823f38a2a940e0043cdf9d637-common-args.resp
    
    builtin-ScanDependencies -o /Users/runner/work/orbit/orbit/.a1-probe/.dd-mac/Build/Intermediates.noindex/cmark-gfm.build/Debug/cmark-gfm.build/Objects-normal/arm64/iterator.o.scan -- /Applications/Xcode_26.6.app/Contents/Developer/Toolchains/XcodeDefault.xctoolchain/usr/bin/clang -x c -ivfsstatcache /Users/runner/work/orbit/orbit/.a1-probe/.dd-mac/SDKStatCaches.noindex/macosx26.5-25F70-688ef53f1462e2c8f657fdc38a81448fee0e6409aa6676c5e6c013d148225433.sdkstatcache -target arm64-apple-macos10.13 -fmessage-length\=0 -fdiagnostics-show-note-include-stack -fmacro-backtrace-limit\=0 -fno-color-diagnostics -fmodules-prune-interval\=86400 -fmodules-prune-after\=345600 -fbuild-session-file\=/Users/runner/work/orbit/orbit/.a1-probe/.dd-mac/ModuleCache.noindex/Session.modulevalidation -fmodules-validate-once-per-build-session -Wnon-modular-include-in-framework-module -Werror\=non-modular-include-in-framework-module -Wno-trigraphs -Wno-missing-field-initializers -Wno-missing-prototypes -Wno-return-type -Wno-missing-braces -Wparentheses -Wswitch -Wno-unused-function -Wno-unused-label -Wno-unused-parameter -Wno-unused-variable -Wunused-value -Wno-empty-body -Wno-uninitialized -Wno-unknown-pragmas -w -Wno-shadow -Wno-four-char-constants -Wno-conversion -Wno-constant-conversion -Wno-int-conversion -Wno-bool-conversion -Wno-enum-conversion -Wno-float-conversion -Wno-non-literal-null-conversion -Wno-objc-literal-conversion -Wshorten-64-to-32 -Wpointer-sign -Wno-newline-eof -Wno-implicit-fallthrough -isysroot /Applications/Xcode_26.6.app/Contents/Developer/Platforms/MacOSX.platform/Developer/SDKs/MacOSX26.5.sdk -fstrict-aliasing -Wdeprecated-declarations -Wno-sign-conversion -Wno-infinite-recursion -Wno-comma -Wno-block-capture-autoreleasing -Wno-strict-prototypes -Wno-semicolon-before-method-body -index-store-path /Users/runner/work/orbit/orbit/.a1-probe/.dd-mac/Index.noindex/DataStore @/Users/runner/work/orbit/orbit/.a1-probe/.dd-mac/Build/Intermediates.noindex/cmark-gfm.build/Debug/cmark-gfm.build/Objects-normal/arm64/7187679823f38a2a940e0043cdf9d637-common-args.resp -MMD -MT dependencies -MF /Users/runner/work/orbit/orbit/.a1-probe/.dd-mac/Build/Intermediates.noindex/cmark-gfm.build/Debug/cmark-gfm.build/Objects-normal/arm64/iterator.d --serialize-diagnostics /Users/runner/work/orbit/orbit/.a1-probe/.dd-mac/Build/Intermediates.noindex/cmark-gfm.build/Debug/cmark-gfm.build/Objects-normal/arm64/iterator.dia -c /Users/runner/work/orbit/orbit/.a1-probe/.dd-mac/SourcePackages/checkouts/swift-cmark/src/iterator.c -o /Users/runner/work/orbit/orbit/.a1-probe/.dd-mac/Build/Intermediates.noindex/cmark-gfm.build/Debug/cmark-gfm.build/Objects-normal/arm64/iterator.o -index-unit-output-path /cmark-gfm.build/Debug/cmark-gfm.build/Objects-normal/arm64/iterator.o

CompileC /Users/runner/work/orbit/orbit/.a1-probe/.dd-mac/Build/Intermediates.noindex/cmark-gfm.build/Debug/cmark-gfm.build/Objects-normal/arm64/latex.o /Users/runner/work/orbit/orbit/.a1-probe/.dd-mac/SourcePackages/checkouts/swift-cmark/src/latex.c normal arm64 c com.apple.compilers.llvm.clang.1_0.compiler (in target 'cmark-gfm' from project 'cmark-gfm')
    cd /Users/runner/work/orbit/orbit/.a1-probe/A1Probe.xcodeproj
    
    Using response file: /Users/runner/work/orbit/orbit/.a1-probe/.dd-mac/Build/Intermediates.noindex/cmark-gfm.build/Debug/cmark-gfm.build/Objects-normal/arm64/7187679823f38a2a940e0043cdf9d637-common-args.resp
    
    /Applications/Xcode_26.6.app/Contents/Developer/Toolchains/XcodeDefault.xctoolchain/usr/bin/clang -x c -ivfsstatcache /Users/runner/work/orbit/orbit/.a1-probe/.dd-mac/SDKStatCaches.noindex/macosx26.5-25F70-688ef53f1462e2c8f657fdc38a81448fee0e6409aa6676c5e6c013d148225433.sdkstatcache -target arm64-apple-macos10.13 -fmessage-length\=0 -fdiagnostics-show-note-include-stack -fmacro-backtrace-limit\=0 -fno-color-diagnostics -fmodules-prune-interval\=86400 -fmodules-prune-after\=345600 -fbuild-session-file\=/Users/runner/work/orbit/orbit/.a1-probe/.dd-mac/ModuleCache.noindex/Session.modulevalidation -fmodules-validate-once-per-build-session -Wnon-modular-include-in-framework-module -Werror\=non-modular-include-in-framework-module -Wno-trigraphs -Wno-missing-field-initializers -Wno-missing-prototypes -Wno-return-type -Wno-missing-braces -Wparentheses -Wswitch -Wno-unused-function -Wno-unused-label -Wno-unused-parameter -Wno-unused-variable -Wunused-value -Wno-empty-body -Wno-uninitialized -Wno-unknown-pragmas -w -Wno-shadow -Wno-four-char-constants -Wno-conversion -Wno-constant-conversion -Wno-int-conversion -Wno-bool-conversion -Wno-enum-conversion -Wno-float-conversion -Wno-non-literal-null-conversion -Wno-objc-literal-conversion -Wshorten-64-to-32 -Wpointer-sign -Wno-newline-eof -Wno-implicit-fallthrough -isysroot /Applications/Xcode_26.6.app/Contents/Developer/Platforms/MacOSX.platform/Developer/SDKs/MacOSX26.5.sdk -fstrict-aliasing -Wdeprecated-declarations -Wno-sign-conversion -Wno-infinite-recursion -Wno-comma -Wno-block-capture-autoreleasing -Wno-strict-prototypes -Wno-semicolon-before-method-body -index-store-path /Users/runner/work/orbit/orbit/.a1-probe/.dd-mac/Index.noindex/DataStore @/Users/runner/work/orbit/orbit/.a1-probe/.dd-mac/Build/Intermediates.noindex/cmark-gfm.build/Debug/cmark-gfm.build/Objects-normal/arm64/7187679823f38a2a940e0043cdf9d637-common-args.resp -MMD -MT dependencies -MF /Users/runner/work/orbit/orbit/.a1-probe/.dd-mac/Build/Intermediates.noindex/cmark-gfm.build/Debug/cmark-gfm.build/Objects-normal/arm64/latex.d --serialize-diagnostics /Users/runner/work/orbit/orbit/.a1-probe/.dd-mac/Build/Intermediates.noindex/cmark-gfm.build/Debug/cmark-gfm.build/Objects-normal/arm64/latex.dia -c /Users/runner/work/orbit/orbit/.a1-probe/.dd-mac/SourcePackages/checkouts/swift-cmark/src/latex.c -o /Users/runner/work/orbit/orbit/.a1-probe/.dd-mac/Build/Intermediates.noindex/cmark-gfm.build/Debug/cmark-gfm.build/Objects-normal/arm64/latex.o -index-unit-output-path /cmark-gfm.build/Debug/cmark-gfm.build/Objects-normal/arm64/latex.o

CompileC /Users/runner/work/orbit/orbit/.a1-probe/.dd-mac/Build/Intermediates.noindex/cmark-gfm.build/Debug/cmark-gfm.build/Objects-normal/arm64/iterator.o /Users/runner/work/orbit/orbit/.a1-probe/.dd-mac/SourcePackages/checkouts/swift-cmark/src/iterator.c normal arm64 c com.apple.compilers.llvm.clang.1_0.compiler (in target 'cmark-gfm' from project 'cmark-gfm')
    cd /Users/runner/work/orbit/orbit/.a1-probe/A1Probe.xcodeproj
    
    Using response file: /Users/runner/work/orbit/orbit/.a1-probe/.dd-mac/Build/Intermediates.noindex/cmark-gfm.build/Debug/cmark-gfm.build/Objects-normal/arm64/7187679823f38a2a940e0043cdf9d637-common-args.resp
    
    /Applications/Xcode_26.6.app/Contents/Developer/Toolchains/XcodeDefault.xctoolchain/usr/bin/clang -x c -ivfsstatcache /Users/runner/work/orbit/orbit/.a1-probe/.dd-mac/SDKStatCaches.noindex/macosx26.5-25F70-688ef53f1462e2c8f657fdc38a81448fee0e6409aa6676c5e6c013d148225433.sdkstatcache -target arm64-apple-macos10.13 -fmessage-length\=0 -fdiagnostics-show-note-include-stack -fmacro-backtrace-limit\=0 -fno-color-diagnostics -fmodules-prune-interval\=86400 -fmodules-prune-after\=345600 -fbuild-session-file\=/Users/runner/work/orbit/orbit/.a1-probe/.dd-mac/ModuleCache.noindex/Session.modulevalidation -fmodules-validate-once-per-build-session -Wnon-modular-include-in-framework-module -Werror\=non-modular-include-in-framework-module -Wno-trigraphs -Wno-missing-field-initializers -Wno-missing-prototypes -Wno-return-type -Wno-missing-braces -Wparentheses -Wswitch -Wno-unused-function -Wno-unused-label -Wno-unused-parameter -Wno-unused-variable -Wunused-value -Wno-empty-body -Wno-uninitialized -Wno-unknown-pragmas -w -Wno-shadow -Wno-four-char-constants -Wno-conversion -Wno-constant-conversion -Wno-int-conversion -Wno-bool-conversion -Wno-enum-conversion -Wno-float-conversion -Wno-non-literal-null-conversion -Wno-objc-literal-conversion -Wshorten-64-to-32 -Wpointer-sign -Wno-newline-eof -Wno-implicit-fallthrough -isysroot /Applications/Xcode_26.6.app/Contents/Developer/Platforms/MacOSX.platform/Developer/SDKs/MacOSX26.5.sdk -fstrict-aliasing -Wdeprecated-declarations -Wno-sign-conversion -Wno-infinite-recursion -Wno-comma -Wno-block-capture-autoreleasing -Wno-strict-prototypes -Wno-semicolon-before-method-body -index-store-path /Users/runner/work/orbit/orbit/.a1-probe/.dd-mac/Index.noindex/DataStore @/Users/runner/work/orbit/orbit/.a1-probe/.dd-mac/Build/Intermediates.noindex/cmark-gfm.build/Debug/cmark-gfm.build/Objects-normal/arm64/7187679823f38a2a940e0043cdf9d637-common-args.resp -MMD -MT dependencies -MF /Users/runner/work/orbit/orbit/.a1-probe/.dd-mac/Build/Intermediates.noindex/cmark-gfm.build/Debug/cmark-gfm.build/Objects-normal/arm64/iterator.d --serialize-diagnostics /Users/runner/work/orbit/orbit/.a1-probe/.dd-mac/Build/Intermediates.noindex/cmark-gfm.build/Debug/cmark-gfm.build/Objects-normal/arm64/iterator.dia -c /Users/runner/work/orbit/orbit/.a1-probe/.dd-mac/SourcePackages/checkouts/swift-cmark/src/iterator.c -o /Users/runner/work/orbit/orbit/.a1-probe/.dd-mac/Build/Intermediates.noindex/cmark-gfm.build/Debug/cmark-gfm.build/Objects-normal/arm64/iterator.o -index-unit-output-path /cmark-gfm.build/Debug/cmark-gfm.build/Objects-normal/arm64/iterator.o

ScanDependencies /Users/runner/work/orbit/orbit/.a1-probe/.dd-mac/Build/Intermediates.noindex/cmark-gfm.build/Debug/cmark-gfm.build/Objects-normal/arm64/inlines.o /Users/runner/work/orbit/orbit/.a1-probe/.dd-mac/SourcePackages/checkouts/swift-cmark/src/inlines.c normal arm64 c com.apple.compilers.llvm.clang.1_0.compiler (in target 'cmark-gfm' from project 'cmark-gfm')
    cd /Users/runner/work/orbit/orbit/.a1-probe/A1Probe.xcodeproj
    
    Using response file: /Users/runner/work/orbit/orbit/.a1-probe/.dd-mac/Build/Intermediates.noindex/cmark-gfm.build/Debug/cmark-gfm.build/Objects-normal/arm64/7187679823f38a2a940e0043cdf9d637-common-args.resp
    
    builtin-ScanDependencies -o /Users/runner/work/orbit/orbit/.a1-probe/.dd-mac/Build/Intermediates.noindex/cmark-gfm.build/Debug/cmark-gfm.build/Objects-normal/arm64/inlines.o.scan -- /Applications/Xcode_26.6.app/Contents/Developer/Toolchains/XcodeDefault.xctoolchain/usr/bin/clang -x c -ivfsstatcache /Users/runner/work/orbit/orbit/.a1-probe/.dd-mac/SDKStatCaches.noindex/macosx26.5-25F70-688ef53f1462e2c8f657fdc38a81448fee0e6409aa6676c5e6c013d148225433.sdkstatcache -target arm64-apple-macos10.13 -fmessage-length\=0 -fdiagnostics-show-note-include-stack -fmacro-backtrace-limit\=0 -fno-color-diagnostics -fmodules-prune-interval\=86400 -fmodules-prune-after\=345600 -fbuild-session-file\=/Users/runner/work/orbit/orbit/.a1-probe/.dd-mac/ModuleCache.noindex/Session.modulevalidation -fmodules-validate-once-per-build-session -Wnon-modular-include-in-framework-module -Werror\=non-modular-include-in-framework-module -Wno-trigraphs -Wno-missing-field-initializers -Wno-missing-prototypes -Wno-return-type -Wno-missing-braces -Wparentheses -Wswitch -Wno-unused-function -Wno-unused-label -Wno-unused-parameter -Wno-unused-variable -Wunused-value -Wno-empty-body -Wno-uninitialized -Wno-unknown-pragmas -w -Wno-shadow -Wno-four-char-constants -Wno-conversion -Wno-constant-conversion -Wno-int-conversion -Wno-bool-conversion -Wno-enum-conversion -Wno-float-conversion -Wno-non-literal-null-conversion -Wno-objc-literal-conversion -Wshorten-64-to-32 -Wpointer-sign -Wno-newline-eof -Wno-implicit-fallthrough -isysroot /Applications/Xcode_26.6.app/Contents/Developer/Platforms/MacOSX.platform/Developer/SDKs/MacOSX26.5.sdk -fstrict-aliasing -Wdeprecated-declarations -Wno-sign-conversion -Wno-infinite-recursion -Wno-comma -Wno-block-capture-autoreleasing -Wno-strict-prototypes -Wno-semicolon-before-method-body -index-store-path /Users/runner/work/orbit/orbit/.a1-probe/.dd-mac/Index.noindex/DataStore @/Users/runner/work/orbit/orbit/.a1-probe/.dd-mac/Build/Intermediates.noindex/cmark-gfm.build/Debug/cmark-gfm.build/Objects-normal/arm64/7187679823f38a2a940e0043cdf9d637-common-args.resp -MMD -MT dependencies -MF /Users/runner/work/orbit/orbit/.a1-probe/.dd-mac/Build/Intermediates.noindex/cmark-gfm.build/Debug/cmark-gfm.build/Objects-normal/arm64/inlines.d --serialize-diagnostics /Users/runner/work/orbit/orbit/.a1-probe/.dd-mac/Build/Intermediates.noindex/cmark-gfm.build/Debug/cmark-gfm.build/Objects-normal/arm64/inlines.dia -c /Users/runner/work/orbit/orbit/.a1-probe/.dd-mac/SourcePackages/checkouts/swift-cmark/src/inlines.c -o /Users/runner/work/orbit/orbit/.a1-probe/.dd-mac/Build/Intermediates.noindex/cmark-gfm.build/Debug/cmark-gfm.build/Objects-normal/arm64/inlines.o -index-unit-output-path /cmark-gfm.build/Debug/cmark-gfm.build/Objects-normal/arm64/inlines.o

ScanDependencies /Users/runner/work/orbit/orbit/.a1-probe/.dd-mac/Build/Intermediates.noindex/cmark-gfm.build/Debug/cmark-gfm.build/Objects-normal/arm64/html.o /Users/runner/work/orbit/orbit/.a1-probe/.dd-mac/SourcePackages/checkouts/swift-cmark/src/html.c normal arm64 c com.apple.compilers.llvm.clang.1_0.compiler (in target 'cmark-gfm' from project 'cmark-gfm')
    cd /Users/runner/work/orbit/orbit/.a1-probe/A1Probe.xcodeproj
    
    Using response file: /Users/runner/work/orbit/orbit/.a1-probe/.dd-mac/Build/Intermediates.noindex/cmark-gfm.build/Debug/cmark-gfm.build/Objects-normal/arm64/7187679823f38a2a940e0043cdf9d637-common-args.resp
    
    builtin-ScanDependencies -o /Users/runner/work/orbit/orbit/.a1-probe/.dd-mac/Build/Intermediates.noindex/cmark-gfm.build/Debug/cmark-gfm.build/Objects-normal/arm64/html.o.scan -- /Applications/Xcode_26.6.app/Contents/Developer/Toolchains/XcodeDefault.xctoolchain/usr/bin/clang -x c -ivfsstatcache /Users/runner/work/orbit/orbit/.a1-probe/.dd-mac/SDKStatCaches.noindex/macosx26.5-25F70-688ef53f1462e2c8f657fdc38a81448fee0e6409aa6676c5e6c013d148225433.sdkstatcache -target arm64-apple-macos10.13 -fmessage-length\=0 -fdiagnostics-show-note-include-stack -fmacro-backtrace-limit\=0 -fno-color-diagnostics -fmodules-prune-interval\=86400 -fmodules-prune-after\=345600 -fbuild-session-file\=/Users/runner/work/orbit/orbit/.a1-probe/.dd-mac/ModuleCache.noindex/Session.modulevalidation -fmodules-validate-once-per-build-session -Wnon-modular-include-in-framework-module -Werror\=non-modular-include-in-framework-module -Wno-trigraphs -Wno-missing-field-initializers -Wno-missing-prototypes -Wno-return-type -Wno-missing-braces -Wparentheses -Wswitch -Wno-unused-function -Wno-unused-label -Wno-unused-parameter -Wno-unused-variable -Wunused-value -Wno-empty-body -Wno-uninitialized -Wno-unknown-pragmas -w -Wno-shadow -Wno-four-char-constants -Wno-conversion -Wno-constant-conversion -Wno-int-conversion -Wno-bool-conversion -Wno-enum-conversion -Wno-float-conversion -Wno-non-literal-null-conversion -Wno-objc-literal-conversion -Wshorten-64-to-32 -Wpointer-sign -Wno-newline-eof -Wno-implicit-fallthrough -isysroot /Applications/Xcode_26.6.app/Contents/Developer/Platforms/MacOSX.platform/Developer/SDKs/MacOSX26.5.sdk -fstrict-aliasing -Wdeprecated-declarations -Wno-sign-conversion -Wno-infinite-recursion -Wno-comma -Wno-block-capture-autoreleasing -Wno-strict-prototypes -Wno-semicolon-before-method-body -index-store-path /Users/runner/work/orbit/orbit/.a1-probe/.dd-mac/Index.noindex/DataStore @/Users/runner/work/orbit/orbit/.a1-probe/.dd-mac/Build/Intermediates.noindex/cmark-gfm.build/Debug/cmark-gfm.build/Objects-normal/arm64/7187679823f38a2a940e0043cdf9d637-common-args.resp -MMD -MT dependencies -MF /Users/runner/work/orbit/orbit/.a1-probe/.dd-mac/Build/Intermediates.noindex/cmark-gfm.build/Debug/cmark-gfm.build/Objects-normal/arm64/html.d --serialize-diagnostics /Users/runner/work/orbit/orbit/.a1-probe/.dd-mac/Build/Intermediates.noindex/cmark-gfm.build/Debug/cmark-gfm.build/Objects-normal/arm64/html.dia -c /Users/runner/work/orbit/orbit/.a1-probe/.dd-mac/SourcePackages/checkouts/swift-cmark/src/html.c -o /Users/runner/work/orbit/orbit/.a1-probe/.dd-mac/Build/Intermediates.noindex/cmark-gfm.build/Debug/cmark-gfm.build/Objects-normal/arm64/html.o -index-unit-output-path /cmark-gfm.build/Debug/cmark-gfm.build/Objects-normal/arm64/html.o

CompileC /Users/runner/work/orbit/orbit/.a1-probe/.dd-mac/Build/Intermediates.noindex/cmark-gfm.build/Debug/cmark-gfm.build/Objects-normal/arm64/inlines.o /Users/runner/work/orbit/orbit/.a1-probe/.dd-mac/SourcePackages/checkouts/swift-cmark/src/inlines.c normal arm64 c com.apple.compilers.llvm.clang.1_0.compiler (in target 'cmark-gfm' from project 'cmark-gfm')
    cd /Users/runner/work/orbit/orbit/.a1-probe/A1Probe.xcodeproj
    
    Using response file: /Users/runner/work/orbit/orbit/.a1-probe/.dd-mac/Build/Intermediates.noindex/cmark-gfm.build/Debug/cmark-gfm.build/Objects-normal/arm64/7187679823f38a2a940e0043cdf9d637-common-args.resp
    
    /Applications/Xcode_26.6.app/Contents/Developer/Toolchains/XcodeDefault.xctoolchain/usr/bin/clang -x c -ivfsstatcache /Users/runner/work/orbit/orbit/.a1-probe/.dd-mac/SDKStatCaches.noindex/macosx26.5-25F70-688ef53f1462e2c8f657fdc38a81448fee0e6409aa6676c5e6c013d148225433.sdkstatcache -target arm64-apple-macos10.13 -fmessage-length\=0 -fdiagnostics-show-note-include-stack -fmacro-backtrace-limit\=0 -fno-color-diagnostics -fmodules-prune-interval\=86400 -fmodules-prune-after\=345600 -fbuild-session-file\=/Users/runner/work/orbit/orbit/.a1-probe/.dd-mac/ModuleCache.noindex/Session.modulevalidation -fmodules-validate-once-per-build-session -Wnon-modular-include-in-framework-module -Werror\=non-modular-include-in-framework-module -Wno-trigraphs -Wno-missing-field-initializers -Wno-missing-prototypes -Wno-return-type -Wno-missing-braces -Wparentheses -Wswitch -Wno-unused-function -Wno-unused-label -Wno-unused-parameter -Wno-unused-variable -Wunused-value -Wno-empty-body -Wno-uninitialized -Wno-unknown-pragmas -w -Wno-shadow -Wno-four-char-constants -Wno-conversion -Wno-constant-conversion -Wno-int-conversion -Wno-bool-conversion -Wno-enum-conversion -Wno-float-conversion -Wno-non-literal-null-conversion -Wno-objc-literal-conversion -Wshorten-64-to-32 -Wpointer-sign -Wno-newline-eof -Wno-implicit-fallthrough -isysroot /Applications/Xcode_26.6.app/Contents/Developer/Platforms/MacOSX.platform/Developer/SDKs/MacOSX26.5.sdk -fstrict-aliasing -Wdeprecated-declarations -Wno-sign-conversion -Wno-infinite-recursion -Wno-comma -Wno-block-capture-autoreleasing -Wno-strict-prototypes -Wno-semicolon-before-method-body -index-store-path /Users/runner/work/orbit/orbit/.a1-probe/.dd-mac/Index.noindex/DataStore @/Users/runner/work/orbit/orbit/.a1-probe/.dd-mac/Build/Intermediates.noindex/cmark-gfm.build/Debug/cmark-gfm.build/Objects-normal/arm64/7187679823f38a2a940e0043cdf9d637-common-args.resp -MMD -MT dependencies -MF /Users/runner/work/orbit/orbit/.a1-probe/.dd-mac/Build/Intermediates.noindex/cmark-gfm.build/Debug/cmark-gfm.build/Objects-normal/arm64/inlines.d --serialize-diagnostics /Users/runner/work/orbit/orbit/.a1-probe/.dd-mac/Build/Intermediates.noindex/cmark-gfm.build/Debug/cmark-gfm.build/Objects-normal/arm64/inlines.dia -c /Users/runner/work/orbit/orbit/.a1-probe/.dd-mac/SourcePackages/checkouts/swift-cmark/src/inlines.c -o /Users/runner/work/orbit/orbit/.a1-probe/.dd-mac/Build/Intermediates.noindex/cmark-gfm.build/Debug/cmark-gfm.build/Objects-normal/arm64/inlines.o -index-unit-output-path /cmark-gfm.build/Debug/cmark-gfm.build/Objects-normal/arm64/inlines.o

CompileC /Users/runner/work/orbit/orbit/.a1-probe/.dd-mac/Build/Intermediates.noindex/cmark-gfm.build/Debug/cmark-gfm.build/Objects-normal/arm64/html.o /Users/runner/work/orbit/orbit/.a1-probe/.dd-mac/SourcePackages/checkouts/swift-cmark/src/html.c normal arm64 c com.apple.compilers.llvm.clang.1_0.compiler (in target 'cmark-gfm' from project 'cmark-gfm')
    cd /Users/runner/work/orbit/orbit/.a1-probe/A1Probe.xcodeproj
    
    Using response file: /Users/runner/work/orbit/orbit/.a1-probe/.dd-mac/Build/Intermediates.noindex/cmark-gfm.build/Debug/cmark-gfm.build/Objects-normal/arm64/7187679823f38a2a940e0043cdf9d637-common-args.resp
    
    /Applications/Xcode_26.6.app/Contents/Developer/Toolchains/XcodeDefault.xctoolchain/usr/bin/clang -x c -ivfsstatcache /Users/runner/work/orbit/orbit/.a1-probe/.dd-mac/SDKStatCaches.noindex/macosx26.5-25F70-688ef53f1462e2c8f657fdc38a81448fee0e6409aa6676c5e6c013d148225433.sdkstatcache -target arm64-apple-macos10.13 -fmessage-length\=0 -fdiagnostics-show-note-include-stack -fmacro-backtrace-limit\=0 -fno-color-diagnostics -fmodules-prune-interval\=86400 -fmodules-prune-after\=345600 -fbuild-session-file\=/Users/runner/work/orbit/orbit/.a1-probe/.dd-mac/ModuleCache.noindex/Session.modulevalidation -fmodules-validate-once-per-build-session -Wnon-modular-include-in-framework-module -Werror\=non-modular-include-in-framework-module -Wno-trigraphs -Wno-missing-field-initializers -Wno-missing-prototypes -Wno-return-type -Wno-missing-braces -Wparentheses -Wswitch -Wno-unused-function -Wno-unused-label -Wno-unused-parameter -Wno-unused-variable -Wunused-value -Wno-empty-body -Wno-uninitialized -Wno-unknown-pragmas -w -Wno-shadow -Wno-four-char-constants -Wno-conversion -Wno-constant-conversion -Wno-int-conversion -Wno-bool-conversion -Wno-enum-conversion -Wno-float-conversion -Wno-non-literal-null-conversion -Wno-objc-literal-conversion -Wshorten-64-to-32 -Wpointer-sign -Wno-newline-eof -Wno-implicit-fallthrough -isysroot /Applications/Xcode_26.6.app/Contents/Developer/Platforms/MacOSX.platform/Developer/SDKs/MacOSX26.5.sdk -fstrict-aliasing -Wdeprecated-declarations -Wno-sign-conversion -Wno-infinite-recursion -Wno-comma -Wno-block-capture-autoreleasing -Wno-strict-prototypes -Wno-semicolon-before-method-body -index-store-path /Users/runner/work/orbit/orbit/.a1-probe/.dd-mac/Index.noindex/DataStore @/Users/runner/work/orbit/orbit/.a1-probe/.dd-mac/Build/Intermediates.noindex/cmark-gfm.build/Debug/cmark-gfm.build/Objects-normal/arm64/7187679823f38a2a940e0043cdf9d637-common-args.resp -MMD -MT dependencies -MF /Users/runner/work/orbit/orbit/.a1-probe/.dd-mac/Build/Intermediates.noindex/cmark-gfm.build/Debug/cmark-gfm.build/Objects-normal/arm64/html.d --serialize-diagnostics /Users/runner/work/orbit/orbit/.a1-probe/.dd-mac/Build/Intermediates.noindex/cmark-gfm.build/Debug/cmark-gfm.build/Objects-normal/arm64/html.dia -c /Users/runner/work/orbit/orbit/.a1-probe/.dd-mac/SourcePackages/checkouts/swift-cmark/src/html.c -o /Users/runner/work/orbit/orbit/.a1-probe/.dd-mac/Build/Intermediates.noindex/cmark-gfm.build/Debug/cmark-gfm.build/Objects-normal/arm64/html.o -index-unit-output-path /cmark-gfm.build/Debug/cmark-gfm.build/Objects-normal/arm64/html.o

CompileC /Users/runner/work/orbit/orbit/.a1-probe/.dd-mac/Build/Intermediates.noindex/cmark-gfm.build/Debug/cmark-gfm-extensions.build/Objects-normal/arm64/autolink.o /Users/runner/work/orbit/orbit/.a1-probe/.dd-mac/SourcePackages/checkouts/swift-cmark/extensions/autolink.c normal arm64 c com.apple.compilers.llvm.clang.1_0.compiler (in target 'cmark-gfm-extensions' from project 'cmark-gfm')
    cd /Users/runner/work/orbit/orbit/.a1-probe/A1Probe.xcodeproj
    
    Using response file: /Users/runner/work/orbit/orbit/.a1-probe/.dd-mac/Build/Intermediates.noindex/cmark-gfm.build/Debug/cmark-gfm-extensions.build/Objects-normal/arm64/7187679823f38a2a940e0043cdf9d637-common-args.resp
    
    /Applications/Xcode_26.6.app/Contents/Developer/Toolchains/XcodeDefault.xctoolchain/usr/bin/clang -x c -ivfsstatcache /Users/runner/work/orbit/orbit/.a1-probe/.dd-mac/SDKStatCaches.noindex/macosx26.5-25F70-688ef53f1462e2c8f657fdc38a81448fee0e6409aa6676c5e6c013d148225433.sdkstatcache -target arm64-apple-macos10.13 -fmessage-length\=0 -fdiagnostics-show-note-include-stack -fmacro-backtrace-limit\=0 -fno-color-diagnostics -fmodules-prune-interval\=86400 -fmodules-prune-after\=345600 -fbuild-session-file\=/Users/runner/work/orbit/orbit/.a1-probe/.dd-mac/ModuleCache.noindex/Session.modulevalidation -fmodules-validate-once-per-build-session -Wnon-modular-include-in-framework-module -Werror\=non-modular-include-in-framework-module -Wno-trigraphs -Wno-missing-field-initializers -Wno-missing-prototypes -Wno-return-type -Wno-missing-braces -Wparentheses -Wswitch -Wno-unused-function -Wno-unused-label -Wno-unused-parameter -Wno-unused-variable -Wunused-value -Wno-empty-body -Wno-uninitialized -Wno-unknown-pragmas -w -Wno-shadow -Wno-four-char-constants -Wno-conversion -Wno-constant-conversion -Wno-int-conversion -Wno-bool-conversion -Wno-enum-conversion -Wno-float-conversion -Wno-non-literal-null-conversion -Wno-objc-literal-conversion -Wshorten-64-to-32 -Wpointer-sign -Wno-newline-eof -Wno-implicit-fallthrough -isysroot /Applications/Xcode_26.6.app/Contents/Developer/Platforms/MacOSX.platform/Developer/SDKs/MacOSX26.5.sdk -fstrict-aliasing -Wdeprecated-declarations -Wno-sign-conversion -Wno-infinite-recursion -Wno-comma -Wno-block-capture-autoreleasing -Wno-strict-prototypes -Wno-semicolon-before-method-body -index-store-path /Users/runner/work/orbit/orbit/.a1-probe/.dd-mac/Index.noindex/DataStore @/Users/runner/work/orbit/orbit/.a1-probe/.dd-mac/Build/Intermediates.noindex/cmark-gfm.build/Debug/cmark-gfm-extensions.build/Objects-normal/arm64/7187679823f38a2a940e0043cdf9d637-common-args.resp -MMD -MT dependencies -MF /Users/runner/work/orbit/orbit/.a1-probe/.dd-mac/Build/Intermediates.noindex/cmark-gfm.build/Debug/cmark-gfm-extensions.build/Objects-normal/arm64/autolink.d --serialize-diagnostics /Users/runner/work/orbit/orbit/.a1-probe/.dd-mac/Build/Intermediates.noindex/cmark-gfm.build/Debug/cmark-gfm-extensions.build/Objects-normal/arm64/autolink.dia -c /Users/runner/work/orbit/orbit/.a1-probe/.dd-mac/SourcePackages/checkouts/swift-cmark/extensions/autolink.c -o /Users/runner/work/orbit/orbit/.a1-probe/.dd-mac/Build/Intermediates.noindex/cmark-gfm.build/Debug/cmark-gfm-extensions.build/Objects-normal/arm64/autolink.o -index-unit-output-path /cmark-gfm.build/Debug/cmark-gfm-extensions.build/Objects-normal/arm64/autolink.o

ScanDependencies /Users/runner/work/orbit/orbit/.a1-probe/.dd-mac/Build/Intermediates.noindex/cmark-gfm.build/Debug/cmark-gfm.build/Objects-normal/arm64/houdini_html_u.o /Users/runner/work/orbit/orbit/.a1-probe/.dd-mac/SourcePackages/checkouts/swift-cmark/src/houdini_html_u.c normal arm64 c com.apple.compilers.llvm.clang.1_0.compiler (in target 'cmark-gfm' from project 'cmark-gfm')
    cd /Users/runner/work/orbit/orbit/.a1-probe/A1Probe.xcodeproj
    
    Using response file: /Users/runner/work/orbit/orbit/.a1-probe/.dd-mac/Build/Intermediates.noindex/cmark-gfm.build/Debug/cmark-gfm.build/Objects-normal/arm64/7187679823f38a2a940e0043cdf9d637-common-args.resp
    
    builtin-ScanDependencies -o /Users/runner/work/orbit/orbit/.a1-probe/.dd-mac/Build/Intermediates.noindex/cmark-gfm.build/Debug/cmark-gfm.build/Objects-normal/arm64/houdini_html_u.o.scan -- /Applications/Xcode_26.6.app/Contents/Developer/Toolchains/XcodeDefault.xctoolchain/usr/bin/clang -x c -ivfsstatcache /Users/runner/work/orbit/orbit/.a1-probe/.dd-mac/SDKStatCaches.noindex/macosx26.5-25F70-688ef53f1462e2c8f657fdc38a81448fee0e6409aa6676c5e6c013d148225433.sdkstatcache -target arm64-apple-macos10.13 -fmessage-length\=0 -fdiagnostics-show-note-include-stack -fmacro-backtrace-limit\=0 -fno-color-diagnostics -fmodules-prune-interval\=86400 -fmodules-prune-after\=345600 -fbuild-session-file\=/Users/runner/work/orbit/orbit/.a1-probe/.dd-mac/ModuleCache.noindex/Session.modulevalidation -fmodules-validate-once-per-build-session -Wnon-modular-include-in-framework-module -Werror\=non-modular-include-in-framework-module -Wno-trigraphs -Wno-missing-field-initializers -Wno-missing-prototypes -Wno-return-type -Wno-missing-braces -Wparentheses -Wswitch -Wno-unused-function -Wno-unused-label -Wno-unused-parameter -Wno-unused-variable -Wunused-value -Wno-empty-body -Wno-uninitialized -Wno-unknown-pragmas -w -Wno-shadow -Wno-four-char-constants -Wno-conversion -Wno-constant-conversion -Wno-int-conversion -Wno-bool-conversion -Wno-enum-conversion -Wno-float-conversion -Wno-non-literal-null-conversion -Wno-objc-literal-conversion -Wshorten-64-to-32 -Wpointer-sign -Wno-newline-eof -Wno-implicit-fallthrough -isysroot /Applications/Xcode_26.6.app/Contents/Developer/Platforms/MacOSX.platform/Developer/SDKs/MacOSX26.5.sdk -fstrict-aliasing -Wdeprecated-declarations -Wno-sign-conversion -Wno-infinite-recursion -Wno-comma -Wno-block-capture-autoreleasing -Wno-strict-prototypes -Wno-semicolon-before-method-body -index-store-path /Users/runner/work/orbit/orbit/.a1-probe/.dd-mac/Index.noindex/DataStore @/Users/runner/work/orbit/orbit/.a1-probe/.dd-mac/Build/Intermediates.noindex/cmark-gfm.build/Debug/cmark-gfm.build/Objects-normal/arm64/7187679823f38a2a940e0043cdf9d637-common-args.resp -MMD -MT dependencies -MF /Users/runner/work/orbit/orbit/.a1-probe/.dd-mac/Build/Intermediates.noindex/cmark-gfm.build/Debug/cmark-gfm.build/Objects-normal/arm64/houdini_html_u.d --serialize-diagnostics /Users/runner/work/orbit/orbit/.a1-probe/.dd-mac/Build/Intermediates.noindex/cmark-gfm.build/Debug/cmark-gfm.build/Objects-normal/arm64/houdini_html_u.dia -c /Users/runner/work/orbit/orbit/.a1-probe/.dd-mac/SourcePackages/checkouts/swift-cmark/src/houdini_html_u.c -o /Users/runner/work/orbit/orbit/.a1-probe/.dd-mac/Build/Intermediates.noindex/cmark-gfm.build/Debug/cmark-gfm.build/Objects-normal/arm64/houdini_html_u.o -index-unit-output-path /cmark-gfm.build/Debug/cmark-gfm.build/Objects-normal/arm64/houdini_html_u.o

SwiftExplicitDependencyGeneratePcm arm64 /Users/runner/work/orbit/orbit/.a1-probe/.dd-mac/ModuleCache.noindex/_Builtin_float-9S4JZRCUO8NDWAGCQZSVKJQK7.pcm

SwiftExplicitDependencyGeneratePcm arm64 /Users/runner/work/orbit/orbit/.a1-probe/.dd-mac/ModuleCache.noindex/_Builtin_stdarg-1EKD6N7XQ0PBOA9I1BEVOBKCX.pcm

SwiftExplicitDependencyGeneratePcm arm64 /Users/runner/work/orbit/orbit/.a1-probe/.dd-mac/ModuleCache.noindex/_Builtin_stddef-AELM5NDFBQXT0I7D3Q1QPN14X.pcm

SwiftExplicitDependencyGeneratePcm arm64 /Users/runner/work/orbit/orbit/.a1-probe/.dd-mac/ModuleCache.noindex/_SwiftConcurrencyShims-D7XP6SOK18E5YOVXVEOIQ1OGV.pcm

SwiftExplicitDependencyGeneratePcm arm64 /Users/runner/work/orbit/orbit/.a1-probe/.dd-mac/ModuleCache.noindex/ptrauth-7XY51DC26MREIBJQPF37U606C.pcm

SwiftExplicitDependencyGeneratePcm arm64 /Users/runner/work/orbit/orbit/.a1-probe/.dd-mac/ModuleCache.noindex/_Builtin_stdbool-CBH3BLWJE6ZSOHAXBSR0MM9OQ.pcm

SwiftExplicitDependencyGeneratePcm arm64 /Users/runner/work/orbit/orbit/.a1-probe/.dd-mac/ModuleCache.noindex/_AvailabilityInternal-12AGFNKCRDY1XZJFFQOS4V3SD.pcm

SwiftExplicitDependencyGeneratePcm arm64 /Users/runner/work/orbit/orbit/.a1-probe/.dd-mac/ModuleCache.noindex/SwiftShims-5NNWVJDKLMIGR4TS76KKEUO96.pcm

SwiftExplicitDependencyGeneratePcm arm64 /Users/runner/work/orbit/orbit/.a1-probe/.dd-mac/ModuleCache.noindex/ptrcheck-3S1282MR1OYPC4HHYS6VN77NT.pcm

CompileC /Users/runner/work/orbit/orbit/.a1-probe/.dd-mac/Build/Intermediates.noindex/cmark-gfm.build/Debug/cmark-gfm.build/Objects-normal/arm64/houdini_html_u.o /Users/runner/work/orbit/orbit/.a1-probe/.dd-mac/SourcePackages/checkouts/swift-cmark/src/houdini_html_u.c normal arm64 c com.apple.compilers.llvm.clang.1_0.compiler (in target 'cmark-gfm' from project 'cmark-gfm')
    cd /Users/runner/work/orbit/orbit/.a1-probe/A1Probe.xcodeproj
    
    Using response file: /Users/runner/work/orbit/orbit/.a1-probe/.dd-mac/Build/Intermediates.noindex/cmark-gfm.build/Debug/cmark-gfm.build/Objects-normal/arm64/7187679823f38a2a940e0043cdf9d637-common-args.resp
    
    /Applications/Xcode_26.6.app/Contents/Developer/Toolchains/XcodeDefault.xctoolchain/usr/bin/clang -x c -ivfsstatcache /Users/runner/work/orbit/orbit/.a1-probe/.dd-mac/SDKStatCaches.noindex/macosx26.5-25F70-688ef53f1462e2c8f657fdc38a81448fee0e6409aa6676c5e6c013d148225433.sdkstatcache -target arm64-apple-macos10.13 -fmessage-length\=0 -fdiagnostics-show-note-include-stack -fmacro-backtrace-limit\=0 -fno-color-diagnostics -fmodules-prune-interval\=86400 -fmodules-prune-after\=345600 -fbuild-session-file\=/Users/runner/work/orbit/orbit/.a1-probe/.dd-mac/ModuleCache.noindex/Session.modulevalidation -fmodules-validate-once-per-build-session -Wnon-modular-include-in-framework-module -Werror\=non-modular-include-in-framework-module -Wno-trigraphs -Wno-missing-field-initializers -Wno-missing-prototypes -Wno-return-type -Wno-missing-braces -Wparentheses -Wswitch -Wno-unused-function -Wno-unused-label -Wno-unused-parameter -Wno-unused-variable -Wunused-value -Wno-empty-body -Wno-uninitialized -Wno-unknown-pragmas -w -Wno-shadow -Wno-four-char-constants -Wno-conversion -Wno-constant-conversion -Wno-int-conversion -Wno-bool-conversion -Wno-enum-conversion -Wno-float-conversion -Wno-non-literal-null-conversion -Wno-objc-literal-conversion -Wshorten-64-to-32 -Wpointer-sign -Wno-newline-eof -Wno-implicit-fallthrough -isysroot /Applications/Xcode_26.6.app/Contents/Developer/Platforms/MacOSX.platform/Developer/SDKs/MacOSX26.5.sdk -fstrict-aliasing -Wdeprecated-declarations -Wno-sign-conversion -Wno-infinite-recursion -Wno-comma -Wno-block-capture-autoreleasing -Wno-strict-prototypes -Wno-semicolon-before-method-body -index-store-path /Users/runner/work/orbit/orbit/.a1-probe/.dd-mac/Index.noindex/DataStore @/Users/runner/work/orbit/orbit/.a1-probe/.dd-mac/Build/Intermediates.noindex/cmark-gfm.build/Debug/cmark-gfm.build/Objects-normal/arm64/7187679823f38a2a940e0043cdf9d637-common-args.resp -MMD -MT dependencies -MF /Users/runner/work/orbit/orbit/.a1-probe/.dd-mac/Build/Intermediates.noindex/cmark-gfm.build/Debug/cmark-gfm.build/Objects-normal/arm64/houdini_html_u.d --serialize-diagnostics /Users/runner/work/orbit/orbit/.a1-probe/.dd-mac/Build/Intermediates.noindex/cmark-gfm.build/Debug/cmark-gfm.build/Objects-normal/arm64/houdini_html_u.dia -c /Users/runner/work/orbit/orbit/.a1-probe/.dd-mac/SourcePackages/checkouts/swift-cmark/src/houdini_html_u.c -o /Users/runner/work/orbit/orbit/.a1-probe/.dd-mac/Build/Intermediates.noindex/cmark-gfm.build/Debug/cmark-gfm.build/Objects-normal/arm64/houdini_html_u.o -index-unit-output-path /cmark-gfm.build/Debug/cmark-gfm.build/Objects-normal/arm64/houdini_html_u.o

ScanDependencies /Users/runner/work/orbit/orbit/.a1-probe/.dd-mac/Build/Intermediates.noindex/cmark-gfm.build/Debug/cmark-gfm.build/Objects-normal/arm64/houdini_html_e.o /Users/runner/work/orbit/orbit/.a1-probe/.dd-mac/SourcePackages/checkouts/swift-cmark/src/houdini_html_e.c normal arm64 c com.apple.compilers.llvm.clang.1_0.compiler (in target 'cmark-gfm' from project 'cmark-gfm')
    cd /Users/runner/work/orbit/orbit/.a1-probe/A1Probe.xcodeproj
    
    Using response file: /Users/runner/work/orbit/orbit/.a1-probe/.dd-mac/Build/Intermediates.noindex/cmark-gfm.build/Debug/cmark-gfm.build/Objects-normal/arm64/7187679823f38a2a940e0043cdf9d637-common-args.resp
    
    builtin-ScanDependencies -o /Users/runner/work/orbit/orbit/.a1-probe/.dd-mac/Build/Intermediates.noindex/cmark-gfm.build/Debug/cmark-gfm.build/Objects-normal/arm64/houdini_html_e.o.scan -- /Applications/Xcode_26.6.app/Contents/Developer/Toolchains/XcodeDefault.xctoolchain/usr/bin/clang -x c -ivfsstatcache /Users/runner/work/orbit/orbit/.a1-probe/.dd-mac/SDKStatCaches.noindex/macosx26.5-25F70-688ef53f1462e2c8f657fdc38a81448fee0e6409aa6676c5e6c013d148225433.sdkstatcache -target arm64-apple-macos10.13 -fmessage-length\=0 -fdiagnostics-show-note-include-stack -fmacro-backtrace-limit\=0 -fno-color-diagnostics -fmodules-prune-interval\=86400 -fmodules-prune-after\=345600 -fbuild-session-file\=/Users/runner/work/orbit/orbit/.a1-probe/.dd-mac/ModuleCache.noindex/Session.modulevalidation -fmodules-validate-once-per-build-session -Wnon-modular-include-in-framework-module -Werror\=non-modular-include-in-framework-module -Wno-trigraphs -Wno-missing-field-initializers -Wno-missing-prototypes -Wno-return-type -Wno-missing-braces -Wparentheses -Wswitch -Wno-unused-function -Wno-unused-label -Wno-unused-parameter -Wno-unused-variable -Wunused-value -Wno-empty-body -Wno-uninitialized -Wno-unknown-pragmas -w -Wno-shadow -Wno-four-char-constants -Wno-conversion -Wno-constant-conversion -Wno-int-conversion -Wno-bool-conversion -Wno-enum-conversion -Wno-float-conversion -Wno-non-literal-null-conversion -Wno-objc-literal-conversion -Wshorten-64-to-32 -Wpointer-sign -Wno-newline-eof -Wno-implicit-fallthrough -isysroot /Applications/Xcode_26.6.app/Contents/Developer/Platforms/MacOSX.platform/Developer/SDKs/MacOSX26.5.sdk -fstrict-aliasing -Wdeprecated-declarations -Wno-sign-conversion -Wno-infinite-recursion -Wno-comma -Wno-block-capture-autoreleasing -Wno-strict-prototypes -Wno-semicolon-before-method-body -index-store-path /Users/runner/work/orbit/orbit/.a1-probe/.dd-mac/Index.noindex/DataStore @/Users/runner/work/orbit/orbit/.a1-probe/.dd-mac/Build/Intermediates.noindex/cmark-gfm.build/Debug/cmark-gfm.build/Objects-normal/arm64/7187679823f38a2a940e0043cdf9d637-common-args.resp -MMD -MT dependencies -MF /Users/runner/work/orbit/orbit/.a1-probe/.dd-mac/Build/Intermediates.noindex/cmark-gfm.build/Debug/cmark-gfm.build/Objects-normal/arm64/houdini_html_e.d --serialize-diagnostics /Users/runner/work/orbit/orbit/.a1-probe/.dd-mac/Build/Intermediates.noindex/cmark-gfm.build/Debug/cmark-gfm.build/Objects-normal/arm64/houdini_html_e.dia -c /Users/runner/work/orbit/orbit/.a1-probe/.dd-mac/SourcePackages/checkouts/swift-cmark/src/houdini_html_e.c -o /Users/runner/work/orbit/orbit/.a1-probe/.dd-mac/Build/Intermediates.noindex/cmark-gfm.build/Debug/cmark-gfm.build/Objects-normal/arm64/houdini_html_e.o -index-unit-output-path /cmark-gfm.build/Debug/cmark-gfm.build/Objects-normal/arm64/houdini_html_e.o

SwiftExplicitDependencyGeneratePcm arm64 /Users/runner/work/orbit/orbit/.a1-probe/.dd-mac/ModuleCache.noindex/_DarwinFoundation1-33Z9AYXIZ1UG35NJA0LCGE2RH.pcm

CompileC /Users/runner/work/orbit/orbit/.a1-probe/.dd-mac/Build/Intermediates.noindex/cmark-gfm.build/Debug/cmark-gfm.build/Objects-normal/arm64/houdini_html_e.o /Users/runner/work/orbit/orbit/.a1-probe/.dd-mac/SourcePackages/checkouts/swift-cmark/src/houdini_html_e.c normal arm64 c com.apple.compilers.llvm.clang.1_0.compiler (in target 'cmark-gfm' from project 'cmark-gfm')
    cd /Users/runner/work/orbit/orbit/.a1-probe/A1Probe.xcodeproj
    
    Using response file: /Users/runner/work/orbit/orbit/.a1-probe/.dd-mac/Build/Intermediates.noindex/cmark-gfm.build/Debug/cmark-gfm.build/Objects-normal/arm64/7187679823f38a2a940e0043cdf9d637-common-args.resp
    
    /Applications/Xcode_26.6.app/Contents/Developer/Toolchains/XcodeDefault.xctoolchain/usr/bin/clang -x c -ivfsstatcache /Users/runner/work/orbit/orbit/.a1-probe/.dd-mac/SDKStatCaches.noindex/macosx26.5-25F70-688ef53f1462e2c8f657fdc38a81448fee0e6409aa6676c5e6c013d148225433.sdkstatcache -target arm64-apple-macos10.13 -fmessage-length\=0 -fdiagnostics-show-note-include-stack -fmacro-backtrace-limit\=0 -fno-color-diagnostics -fmodules-prune-interval\=86400 -fmodules-prune-after\=345600 -fbuild-session-file\=/Users/runner/work/orbit/orbit/.a1-probe/.dd-mac/ModuleCache.noindex/Session.modulevalidation -fmodules-validate-once-per-build-session -Wnon-modular-include-in-framework-module -Werror\=non-modular-include-in-framework-module -Wno-trigraphs -Wno-missing-field-initializers -Wno-missing-prototypes -Wno-return-type -Wno-missing-braces -Wparentheses -Wswitch -Wno-unused-function -Wno-unused-label -Wno-unused-parameter -Wno-unused-variable -Wunused-value -Wno-empty-body -Wno-uninitialized -Wno-unknown-pragmas -w -Wno-shadow -Wno-four-char-constants -Wno-conversion -Wno-constant-conversion -Wno-int-conversion -Wno-bool-conversion -Wno-enum-conversion -Wno-float-conversion -Wno-non-literal-null-conversion -Wno-objc-literal-conversion -Wshorten-64-to-32 -Wpointer-sign -Wno-newline-eof -Wno-implicit-fallthrough -isysroot /Applications/Xcode_26.6.app/Contents/Developer/Platforms/MacOSX.platform/Developer/SDKs/MacOSX26.5.sdk -fstrict-aliasing -Wdeprecated-declarations -Wno-sign-conversion -Wno-infinite-recursion -Wno-comma -Wno-block-capture-autoreleasing -Wno-strict-prototypes -Wno-semicolon-before-method-body -index-store-path /Users/runner/work/orbit/orbit/.a1-probe/.dd-mac/Index.noindex/DataStore @/Users/runner/work/orbit/orbit/.a1-probe/.dd-mac/Build/Intermediates.noindex/cmark-gfm.build/Debug/cmark-gfm.build/Objects-normal/arm64/7187679823f38a2a940e0043cdf9d637-common-args.resp -MMD -MT dependencies -MF /Users/runner/work/orbit/orbit/.a1-probe/.dd-mac/Build/Intermediates.noindex/cmark-gfm.build/Debug/cmark-gfm.build/Objects-normal/arm64/houdini_html_e.d --serialize-diagnostics /Users/runner/work/orbit/orbit/.a1-probe/.dd-mac/Build/Intermediates.noindex/cmark-gfm.build/Debug/cmark-gfm.build/Objects-normal/arm64/houdini_html_e.dia -c /Users/runner/work/orbit/orbit/.a1-probe/.dd-mac/SourcePackages/checkouts/swift-cmark/src/houdini_html_e.c -o /Users/runner/work/orbit/orbit/.a1-probe/.dd-mac/Build/Intermediates.noindex/cmark-gfm.build/Debug/cmark-gfm.build/Objects-normal/arm64/houdini_html_e.o -index-unit-output-path /cmark-gfm.build/Debug/cmark-gfm.build/Objects-normal/arm64/houdini_html_e.o

ScanDependencies /Users/runner/work/orbit/orbit/.a1-probe/.dd-mac/Build/Intermediates.noindex/cmark-gfm.build/Debug/cmark-gfm.build/Objects-normal/arm64/houdini_href_e.o /Users/runner/work/orbit/orbit/.a1-probe/.dd-mac/SourcePackages/checkouts/swift-cmark/src/houdini_href_e.c normal arm64 c com.apple.compilers.llvm.clang.1_0.compiler (in target 'cmark-gfm' from project 'cmark-gfm')
    cd /Users/runner/work/orbit/orbit/.a1-probe/A1Probe.xcodeproj
    
    Using response file: /Users/runner/work/orbit/orbit/.a1-probe/.dd-mac/Build/Intermediates.noindex/cmark-gfm.build/Debug/cmark-gfm.build/Objects-normal/arm64/7187679823f38a2a940e0043cdf9d637-common-args.resp
    
    builtin-ScanDependencies -o /Users/runner/work/orbit/orbit/.a1-probe/.dd-mac/Build/Intermediates.noindex/cmark-gfm.build/Debug/cmark-gfm.build/Objects-normal/arm64/houdini_href_e.o.scan -- /Applications/Xcode_26.6.app/Contents/Developer/Toolchains/XcodeDefault.xctoolchain/usr/bin/clang -x c -ivfsstatcache /Users/runner/work/orbit/orbit/.a1-probe/.dd-mac/SDKStatCaches.noindex/macosx26.5-25F70-688ef53f1462e2c8f657fdc38a81448fee0e6409aa6676c5e6c013d148225433.sdkstatcache -target arm64-apple-macos10.13 -fmessage-length\=0 -fdiagnostics-show-note-include-stack -fmacro-backtrace-limit\=0 -fno-color-diagnostics -fmodules-prune-interval\=86400 -fmodules-prune-after\=345600 -fbuild-session-file\=/Users/runner/work/orbit/orbit/.a1-probe/.dd-mac/ModuleCache.noindex/Session.modulevalidation -fmodules-validate-once-per-build-session -Wnon-modular-include-in-framework-module -Werror\=non-modular-include-in-framework-module -Wno-trigraphs -Wno-missing-field-initializers -Wno-missing-prototypes -Wno-return-type -Wno-missing-braces -Wparentheses -Wswitch -Wno-unused-function -Wno-unused-label -Wno-unused-parameter -Wno-unused-variable -Wunused-value -Wno-empty-body -Wno-uninitialized -Wno-unknown-pragmas -w -Wno-shadow -Wno-four-char-constants -Wno-conversion -Wno-constant-conversion -Wno-int-conversion -Wno-bool-conversion -Wno-enum-conversion -Wno-float-conversion -Wno-non-literal-null-conversion -Wno-objc-literal-conversion -Wshorten-64-to-32 -Wpointer-sign -Wno-newline-eof -Wno-implicit-fallthrough -isysroot /Applications/Xcode_26.6.app/Contents/Developer/Platforms/MacOSX.platform/Developer/SDKs/MacOSX26.5.sdk -fstrict-aliasing -Wdeprecated-declarations -Wno-sign-conversion -Wno-infinite-recursion -Wno-comma -Wno-block-capture-autoreleasing -Wno-strict-prototypes -Wno-semicolon-before-method-body -index-store-path /Users/runner/work/orbit/orbit/.a1-probe/.dd-mac/Index.noindex/DataStore @/Users/runner/work/orbit/orbit/.a1-probe/.dd-mac/Build/Intermediates.noindex/cmark-gfm.build/Debug/cmark-gfm.build/Objects-normal/arm64/7187679823f38a2a940e0043cdf9d637-common-args.resp -MMD -MT dependencies -MF /Users/runner/work/orbit/orbit/.a1-probe/.dd-mac/Build/Intermediates.noindex/cmark-gfm.build/Debug/cmark-gfm.build/Objects-normal/arm64/houdini_href_e.d --serialize-diagnostics /Users/runner/work/orbit/orbit/.a1-probe/.dd-mac/Build/Intermediates.noindex/cmark-gfm.build/Debug/cmark-gfm.build/Objects-normal/arm64/houdini_href_e.dia -c /Users/runner/work/orbit/orbit/.a1-probe/.dd-mac/SourcePackages/checkouts/swift-cmark/src/houdini_href_e.c -o /Users/runner/work/orbit/orbit/.a1-probe/.dd-mac/Build/Intermediates.noindex/cmark-gfm.build/Debug/cmark-gfm.build/Objects-normal/arm64/houdini_href_e.o -index-unit-output-path /cmark-gfm.build/Debug/cmark-gfm.build/Objects-normal/arm64/houdini_href_e.o

ScanDependencies /Users/runner/work/orbit/orbit/.a1-probe/.dd-mac/Build/Intermediates.noindex/cmark-gfm.build/Debug/cmark-gfm.build/Objects-normal/arm64/footnotes.o /Users/runner/work/orbit/orbit/.a1-probe/.dd-mac/SourcePackages/checkouts/swift-cmark/src/footnotes.c normal arm64 c com.apple.compilers.llvm.clang.1_0.compiler (in target 'cmark-gfm' from project 'cmark-gfm')
    cd /Users/runner/work/orbit/orbit/.a1-probe/A1Probe.xcodeproj
    
    Using response file: /Users/runner/work/orbit/orbit/.a1-probe/.dd-mac/Build/Intermediates.noindex/cmark-gfm.build/Debug/cmark-gfm.build/Objects-normal/arm64/7187679823f38a2a940e0043cdf9d637-common-args.resp
    
    builtin-ScanDependencies -o /Users/runner/work/orbit/orbit/.a1-probe/.dd-mac/Build/Intermediates.noindex/cmark-gfm.build/Debug/cmark-gfm.build/Objects-normal/arm64/footnotes.o.scan -- /Applications/Xcode_26.6.app/Contents/Developer/Toolchains/XcodeDefault.xctoolchain/usr/bin/clang -x c -ivfsstatcache /Users/runner/work/orbit/orbit/.a1-probe/.dd-mac/SDKStatCaches.noindex/macosx26.5-25F70-688ef53f1462e2c8f657fdc38a81448fee0e6409aa6676c5e6c013d148225433.sdkstatcache -target arm64-apple-macos10.13 -fmessage-length\=0 -fdiagnostics-show-note-include-stack -fmacro-backtrace-limit\=0 -fno-color-diagnostics -fmodules-prune-interval\=86400 -fmodules-prune-after\=345600 -fbuild-session-file\=/Users/runner/work/orbit/orbit/.a1-probe/.dd-mac/ModuleCache.noindex/Session.modulevalidation -fmodules-validate-once-per-build-session -Wnon-modular-include-in-framework-module -Werror\=non-modular-include-in-framework-module -Wno-trigraphs -Wno-missing-field-initializers -Wno-missing-prototypes -Wno-return-type -Wno-missing-braces -Wparentheses -Wswitch -Wno-unused-function -Wno-unused-label -Wno-unused-parameter -Wno-unused-variable -Wunused-value -Wno-empty-body -Wno-uninitialized -Wno-unknown-pragmas -w -Wno-shadow -Wno-four-char-constants -Wno-conversion -Wno-constant-conversion -Wno-int-conversion -Wno-bool-conversion -Wno-enum-conversion -Wno-float-conversion -Wno-non-literal-null-conversion -Wno-objc-literal-conversion -Wshorten-64-to-32 -Wpointer-sign -Wno-newline-eof -Wno-implicit-fallthrough -isysroot /Applications/Xcode_26.6.app/Contents/Developer/Platforms/MacOSX.platform/Developer/SDKs/MacOSX26.5.sdk -fstrict-aliasing -Wdeprecated-declarations -Wno-sign-conversion -Wno-infinite-recursion -Wno-comma -Wno-block-capture-autoreleasing -Wno-strict-prototypes -Wno-semicolon-before-method-body -index-store-path /Users/runner/work/orbit/orbit/.a1-probe/.dd-mac/Index.noindex/DataStore @/Users/runner/work/orbit/orbit/.a1-probe/.dd-mac/Build/Intermediates.noindex/cmark-gfm.build/Debug/cmark-gfm.build/Objects-normal/arm64/7187679823f38a2a940e0043cdf9d637-common-args.resp -MMD -MT dependencies -MF /Users/runner/work/orbit/orbit/.a1-probe/.dd-mac/Build/Intermediates.noindex/cmark-gfm.build/Debug/cmark-gfm.build/Objects-normal/arm64/footnotes.d --serialize-diagnostics /Users/runner/work/orbit/orbit/.a1-probe/.dd-mac/Build/Intermediates.noindex/cmark-gfm.build/Debug/cmark-gfm.build/Objects-normal/arm64/footnotes.dia -c /Users/runner/work/orbit/orbit/.a1-probe/.dd-mac/SourcePackages/checkouts/swift-cmark/src/footnotes.c -o /Users/runner/work/orbit/orbit/.a1-probe/.dd-mac/Build/Intermediates.noindex/cmark-gfm.build/Debug/cmark-gfm.build/Objects-normal/arm64/footnotes.o -index-unit-output-path /cmark-gfm.build/Debug/cmark-gfm.build/Objects-normal/arm64/footnotes.o

ScanDependencies /Users/runner/work/orbit/orbit/.a1-probe/.dd-mac/Build/Intermediates.noindex/cmark-gfm.build/Debug/cmark-gfm.build/Objects-normal/arm64/commonmark.o /Users/runner/work/orbit/orbit/.a1-probe/.dd-mac/SourcePackages/checkouts/swift-cmark/src/commonmark.c normal arm64 c com.apple.compilers.llvm.clang.1_0.compiler (in target 'cmark-gfm' from project 'cmark-gfm')
    cd /Users/runner/work/orbit/orbit/.a1-probe/A1Probe.xcodeproj
    
    Using response file: /Users/runner/work/orbit/orbit/.a1-probe/.dd-mac/Build/Intermediates.noindex/cmark-gfm.build/Debug/cmark-gfm.build/Objects-normal/arm64/7187679823f38a2a940e0043cdf9d637-common-args.resp
    
    builtin-ScanDependencies -o /Users/runner/work/orbit/orbit/.a1-probe/.dd-mac/Build/Intermediates.noindex/cmark-gfm.build/Debug/cmark-gfm.build/Objects-normal/arm64/commonmark.o.scan -- /Applications/Xcode_26.6.app/Contents/Developer/Toolchains/XcodeDefault.xctoolchain/usr/bin/clang -x c -ivfsstatcache /Users/runner/work/orbit/orbit/.a1-probe/.dd-mac/SDKStatCaches.noindex/macosx26.5-25F70-688ef53f1462e2c8f657fdc38a81448fee0e6409aa6676c5e6c013d148225433.sdkstatcache -target arm64-apple-macos10.13 -fmessage-length\=0 -fdiagnostics-show-note-include-stack -fmacro-backtrace-limit\=0 -fno-color-diagnostics -fmodules-prune-interval\=86400 -fmodules-prune-after\=345600 -fbuild-session-file\=/Users/runner/work/orbit/orbit/.a1-probe/.dd-mac/ModuleCache.noindex/Session.modulevalidation -fmodules-validate-once-per-build-session -Wnon-modular-include-in-framework-module -Werror\=non-modular-include-in-framework-module -Wno-trigraphs -Wno-missing-field-initializers -Wno-missing-prototypes -Wno-return-type -Wno-missing-braces -Wparentheses -Wswitch -Wno-unused-function -Wno-unused-label -Wno-unused-parameter -Wno-unused-variable -Wunused-value -Wno-empty-body -Wno-uninitialized -Wno-unknown-pragmas -w -Wno-shadow -Wno-four-char-constants -Wno-conversion -Wno-constant-conversion -Wno-int-conversion -Wno-bool-conversion -Wno-enum-conversion -Wno-float-conversion -Wno-non-literal-null-conversion -Wno-objc-literal-conversion -Wshorten-64-to-32 -Wpointer-sign -Wno-newline-eof -Wno-implicit-fallthrough -isysroot /Applications/Xcode_26.6.app/Contents/Developer/Platforms/MacOSX.platform/Developer/SDKs/MacOSX26.5.sdk -fstrict-aliasing -Wdeprecated-declarations -Wno-sign-conversion -Wno-infinite-recursion -Wno-comma -Wno-block-capture-autoreleasing -Wno-strict-prototypes -Wno-semicolon-before-method-body -index-store-path /Users/runner/work/orbit/orbit/.a1-probe/.dd-mac/Index.noindex/DataStore @/Users/runner/work/orbit/orbit/.a1-probe/.dd-mac/Build/Intermediates.noindex/cmark-gfm.build/Debug/cmark-gfm.build/Objects-normal/arm64/7187679823f38a2a940e0043cdf9d637-common-args.resp -MMD -MT dependencies -MF /Users/runner/work/orbit/orbit/.a1-probe/.dd-mac/Build/Intermediates.noindex/cmark-gfm.build/Debug/cmark-gfm.build/Objects-normal/arm64/commonmark.d --serialize-diagnostics /Users/runner/work/orbit/orbit/.a1-probe/.dd-mac/Build/Intermediates.noindex/cmark-gfm.build/Debug/cmark-gfm.build/Objects-normal/arm64/commonmark.dia -c /Users/runner/work/orbit/orbit/.a1-probe/.dd-mac/SourcePackages/checkouts/swift-cmark/src/commonmark.c -o /Users/runner/work/orbit/orbit/.a1-probe/.dd-mac/Build/Intermediates.noindex/cmark-gfm.build/Debug/cmark-gfm.build/Objects-normal/arm64/commonmark.o -index-unit-output-path /cmark-gfm.build/Debug/cmark-gfm.build/Objects-normal/arm64/commonmark.o

CompileC /Users/runner/work/orbit/orbit/.a1-probe/.dd-mac/Build/Intermediates.noindex/cmark-gfm.build/Debug/cmark-gfm.build/Objects-normal/arm64/houdini_href_e.o /Users/runner/work/orbit/orbit/.a1-probe/.dd-mac/SourcePackages/checkouts/swift-cmark/src/houdini_href_e.c normal arm64 c com.apple.compilers.llvm.clang.1_0.compiler (in target 'cmark-gfm' from project 'cmark-gfm')
    cd /Users/runner/work/orbit/orbit/.a1-probe/A1Probe.xcodeproj
    
    Using response file: /Users/runner/work/orbit/orbit/.a1-probe/.dd-mac/Build/Intermediates.noindex/cmark-gfm.build/Debug/cmark-gfm.build/Objects-normal/arm64/7187679823f38a2a940e0043cdf9d637-common-args.resp
    
    /Applications/Xcode_26.6.app/Contents/Developer/Toolchains/XcodeDefault.xctoolchain/usr/bin/clang -x c -ivfsstatcache /Users/runner/work/orbit/orbit/.a1-probe/.dd-mac/SDKStatCaches.noindex/macosx26.5-25F70-688ef53f1462e2c8f657fdc38a81448fee0e6409aa6676c5e6c013d148225433.sdkstatcache -target arm64-apple-macos10.13 -fmessage-length\=0 -fdiagnostics-show-note-include-stack -fmacro-backtrace-limit\=0 -fno-color-diagnostics -fmodules-prune-interval\=86400 -fmodules-prune-after\=345600 -fbuild-session-file\=/Users/runner/work/orbit/orbit/.a1-probe/.dd-mac/ModuleCache.noindex/Session.modulevalidation -fmodules-validate-once-per-build-session -Wnon-modular-include-in-framework-module -Werror\=non-modular-include-in-framework-module -Wno-trigraphs -Wno-missing-field-initializers -Wno-missing-prototypes -Wno-return-type -Wno-missing-braces -Wparentheses -Wswitch -Wno-unused-function -Wno-unused-label -Wno-unused-parameter -Wno-unused-variable -Wunused-value -Wno-empty-body -Wno-uninitialized -Wno-unknown-pragmas -w -Wno-shadow -Wno-four-char-constants -Wno-conversion -Wno-constant-conversion -Wno-int-conversion -Wno-bool-conversion -Wno-enum-conversion -Wno-float-conversion -Wno-non-literal-null-conversion -Wno-objc-literal-conversion -Wshorten-64-to-32 -Wpointer-sign -Wno-newline-eof -Wno-implicit-fallthrough -isysroot /Applications/Xcode_26.6.app/Contents/Developer/Platforms/MacOSX.platform/Developer/SDKs/MacOSX26.5.sdk -fstrict-aliasing -Wdeprecated-declarations -Wno-sign-conversion -Wno-infinite-recursion -Wno-comma -Wno-block-capture-autoreleasing -Wno-strict-prototypes -Wno-semicolon-before-method-body -index-store-path /Users/runner/work/orbit/orbit/.a1-probe/.dd-mac/Index.noindex/DataStore @/Users/runner/work/orbit/orbit/.a1-probe/.dd-mac/Build/Intermediates.noindex/cmark-gfm.build/Debug/cmark-gfm.build/Objects-normal/arm64/7187679823f38a2a940e0043cdf9d637-common-args.resp -MMD -MT dependencies -MF /Users/runner/work/orbit/orbit/.a1-probe/.dd-mac/Build/Intermediates.noindex/cmark-gfm.build/Debug/cmark-gfm.build/Objects-normal/arm64/houdini_href_e.d --serialize-diagnostics /Users/runner/work/orbit/orbit/.a1-probe/.dd-mac/Build/Intermediates.noindex/cmark-gfm.build/Debug/cmark-gfm.build/Objects-normal/arm64/houdini_href_e.dia -c /Users/runner/work/orbit/orbit/.a1-probe/.dd-mac/SourcePackages/checkouts/swift-cmark/src/houdini_href_e.c -o /Users/runner/work/orbit/orbit/.a1-probe/.dd-mac/Build/Intermediates.noindex/cmark-gfm.build/Debug/cmark-gfm.build/Objects-normal/arm64/houdini_href_e.o -index-unit-output-path /cmark-gfm.build/Debug/cmark-gfm.build/Objects-normal/arm64/houdini_href_e.o

CompileC /Users/runner/work/orbit/orbit/.a1-probe/.dd-mac/Build/Intermediates.noindex/cmark-gfm.build/Debug/cmark-gfm.build/Objects-normal/arm64/footnotes.o /Users/runner/work/orbit/orbit/.a1-probe/.dd-mac/SourcePackages/checkouts/swift-cmark/src/footnotes.c normal arm64 c com.apple.compilers.llvm.clang.1_0.compiler (in target 'cmark-gfm' from project 'cmark-gfm')
    cd /Users/runner/work/orbit/orbit/.a1-probe/A1Probe.xcodeproj
    
    Using response file: /Users/runner/work/orbit/orbit/.a1-probe/.dd-mac/Build/Intermediates.noindex/cmark-gfm.build/Debug/cmark-gfm.build/Objects-normal/arm64/7187679823f38a2a940e0043cdf9d637-common-args.resp
    
    /Applications/Xcode_26.6.app/Contents/Developer/Toolchains/XcodeDefault.xctoolchain/usr/bin/clang -x c -ivfsstatcache /Users/runner/work/orbit/orbit/.a1-probe/.dd-mac/SDKStatCaches.noindex/macosx26.5-25F70-688ef53f1462e2c8f657fdc38a81448fee0e6409aa6676c5e6c013d148225433.sdkstatcache -target arm64-apple-macos10.13 -fmessage-length\=0 -fdiagnostics-show-note-include-stack -fmacro-backtrace-limit\=0 -fno-color-diagnostics -fmodules-prune-interval\=86400 -fmodules-prune-after\=345600 -fbuild-session-file\=/Users/runner/work/orbit/orbit/.a1-probe/.dd-mac/ModuleCache.noindex/Session.modulevalidation -fmodules-validate-once-per-build-session -Wnon-modular-include-in-framework-module -Werror\=non-modular-include-in-framework-module -Wno-trigraphs -Wno-missing-field-initializers -Wno-missing-prototypes -Wno-return-type -Wno-missing-braces -Wparentheses -Wswitch -Wno-unused-function -Wno-unused-label -Wno-unused-parameter -Wno-unused-variable -Wunused-value -Wno-empty-body -Wno-uninitialized -Wno-unknown-pragmas -w -Wno-shadow -Wno-four-char-constants -Wno-conversion -Wno-constant-conversion -Wno-int-conversion -Wno-bool-conversion -Wno-enum-conversion -Wno-float-conversion -Wno-non-literal-null-conversion -Wno-objc-literal-conversion -Wshorten-64-to-32 -Wpointer-sign -Wno-newline-eof -Wno-implicit-fallthrough -isysroot /Applications/Xcode_26.6.app/Contents/Developer/Platforms/MacOSX.platform/Developer/SDKs/MacOSX26.5.sdk -fstrict-aliasing -Wdeprecated-declarations -Wno-sign-conversion -Wno-infinite-recursion -Wno-comma -Wno-block-capture-autoreleasing -Wno-strict-prototypes -Wno-semicolon-before-method-body -index-store-path /Users/runner/work/orbit/orbit/.a1-probe/.dd-mac/Index.noindex/DataStore @/Users/runner/work/orbit/orbit/.a1-probe/.dd-mac/Build/Intermediates.noindex/cmark-gfm.build/Debug/cmark-gfm.build/Objects-normal/arm64/7187679823f38a2a940e0043cdf9d637-common-args.resp -MMD -MT dependencies -MF /Users/runner/work/orbit/orbit/.a1-probe/.dd-mac/Build/Intermediates.noindex/cmark-gfm.build/Debug/cmark-gfm.build/Objects-normal/arm64/footnotes.d --serialize-diagnostics /Users/runner/work/orbit/orbit/.a1-probe/.dd-mac/Build/Intermediates.noindex/cmark-gfm.build/Debug/cmark-gfm.build/Objects-normal/arm64/footnotes.dia -c /Users/runner/work/orbit/orbit/.a1-probe/.dd-mac/SourcePackages/checkouts/swift-cmark/src/footnotes.c -o /Users/runner/work/orbit/orbit/.a1-probe/.dd-mac/Build/Intermediates.noindex/cmark-gfm.build/Debug/cmark-gfm.build/Objects-normal/arm64/footnotes.o -index-unit-output-path /cmark-gfm.build/Debug/cmark-gfm.build/Objects-normal/arm64/footnotes.o

CompileC /Users/runner/work/orbit/orbit/.a1-probe/.dd-mac/Build/Intermediates.noindex/cmark-gfm.build/Debug/cmark-gfm.build/Objects-normal/arm64/commonmark.o /Users/runner/work/orbit/orbit/.a1-probe/.dd-mac/SourcePackages/checkouts/swift-cmark/src/commonmark.c normal arm64 c com.apple.compilers.llvm.clang.1_0.compiler (in target 'cmark-gfm' from project 'cmark-gfm')
    cd /Users/runner/work/orbit/orbit/.a1-probe/A1Probe.xcodeproj
    
    Using response file: /Users/runner/work/orbit/orbit/.a1-probe/.dd-mac/Build/Intermediates.noindex/cmark-gfm.build/Debug/cmark-gfm.build/Objects-normal/arm64/7187679823f38a2a940e0043cdf9d637-common-args.resp
    
    /Applications/Xcode_26.6.app/Contents/Developer/Toolchains/XcodeDefault.xctoolchain/usr/bin/clang -x c -ivfsstatcache /Users/runner/work/orbit/orbit/.a1-probe/.dd-mac/SDKStatCaches.noindex/macosx26.5-25F70-688ef53f1462e2c8f657fdc38a81448fee0e6409aa6676c5e6c013d148225433.sdkstatcache -target arm64-apple-macos10.13 -fmessage-length\=0 -fdiagnostics-show-note-include-stack -fmacro-backtrace-limit\=0 -fno-color-diagnostics -fmodules-prune-interval\=86400 -fmodules-prune-after\=345600 -fbuild-session-file\=/Users/runner/work/orbit/orbit/.a1-probe/.dd-mac/ModuleCache.noindex/Session.modulevalidation -fmodules-validate-once-per-build-session -Wnon-modular-include-in-framework-module -Werror\=non-modular-include-in-framework-module -Wno-trigraphs -Wno-missing-field-initializers -Wno-missing-prototypes -Wno-return-type -Wno-missing-braces -Wparentheses -Wswitch -Wno-unused-function -Wno-unused-label -Wno-unused-parameter -Wno-unused-variable -Wunused-value -Wno-empty-body -Wno-uninitialized -Wno-unknown-pragmas -w -Wno-shadow -Wno-four-char-constants -Wno-conversion -Wno-constant-conversion -Wno-int-conversion -Wno-bool-conversion -Wno-enum-conversion -Wno-float-conversion -Wno-non-literal-null-conversion -Wno-objc-literal-conversion -Wshorten-64-to-32 -Wpointer-sign -Wno-newline-eof -Wno-implicit-fallthrough -isysroot /Applications/Xcode_26.6.app/Contents/Developer/Platforms/MacOSX.platform/Developer/SDKs/MacOSX26.5.sdk -fstrict-aliasing -Wdeprecated-declarations -Wno-sign-conversion -Wno-infinite-recursion -Wno-comma -Wno-block-capture-autoreleasing -Wno-strict-prototypes -Wno-semicolon-before-method-body -index-store-path /Users/runner/work/orbit/orbit/.a1-probe/.dd-mac/Index.noindex/DataStore @/Users/runner/work/orbit/orbit/.a1-probe/.dd-mac/Build/Intermediates.noindex/cmark-gfm.build/Debug/cmark-gfm.build/Objects-normal/arm64/7187679823f38a2a940e0043cdf9d637-common-args.resp -MMD -MT dependencies -MF /Users/runner/work/orbit/orbit/.a1-probe/.dd-mac/Build/Intermediates.noindex/cmark-gfm.build/Debug/cmark-gfm.build/Objects-normal/arm64/commonmark.d --serialize-diagnostics /Users/runner/work/orbit/orbit/.a1-probe/.dd-mac/Build/Intermediates.noindex/cmark-gfm.build/Debug/cmark-gfm.build/Objects-normal/arm64/commonmark.dia -c /Users/runner/work/orbit/orbit/.a1-probe/.dd-mac/SourcePackages/checkouts/swift-cmark/src/commonmark.c -o /Users/runner/work/orbit/orbit/.a1-probe/.dd-mac/Build/Intermediates.noindex/cmark-gfm.build/Debug/cmark-gfm.build/Objects-normal/arm64/commonmark.o -index-unit-output-path /cmark-gfm.build/Debug/cmark-gfm.build/Objects-normal/arm64/commonmark.o

SwiftExplicitDependencyGeneratePcm arm64 /Users/runner/work/orbit/orbit/.a1-probe/.dd-mac/ModuleCache.noindex/_Builtin_limits-4YPVI7K64JIL8AUO03NKIQ61Z.pcm

SwiftExplicitDependencyGeneratePcm arm64 /Users/runner/work/orbit/orbit/.a1-probe/.dd-mac/ModuleCache.noindex/_DarwinFoundation2-S12ZFYALLJQQ6SQZBHYV0ETA.pcm

ScanDependencies /Users/runner/work/orbit/orbit/.a1-probe/.dd-mac/Build/Intermediates.noindex/cmark-gfm.build/Debug/cmark-gfm.build/Objects-normal/arm64/cmark_ctype.o /Users/runner/work/orbit/orbit/.a1-probe/.dd-mac/SourcePackages/checkouts/swift-cmark/src/cmark_ctype.c normal arm64 c com.apple.compilers.llvm.clang.1_0.compiler (in target 'cmark-gfm' from project 'cmark-gfm')
    cd /Users/runner/work/orbit/orbit/.a1-probe/A1Probe.xcodeproj
    
    Using response file: /Users/runner/work/orbit/orbit/.a1-probe/.dd-mac/Build/Intermediates.noindex/cmark-gfm.build/Debug/cmark-gfm.build/Objects-normal/arm64/7187679823f38a2a940e0043cdf9d637-common-args.resp
    
    builtin-ScanDependencies -o /Users/runner/work/orbit/orbit/.a1-probe/.dd-mac/Build/Intermediates.noindex/cmark-gfm.build/Debug/cmark-gfm.build/Objects-normal/arm64/cmark_ctype.o.scan -- /Applications/Xcode_26.6.app/Contents/Developer/Toolchains/XcodeDefault.xctoolchain/usr/bin/clang -x c -ivfsstatcache /Users/runner/work/orbit/orbit/.a1-probe/.dd-mac/SDKStatCaches.noindex/macosx26.5-25F70-688ef53f1462e2c8f657fdc38a81448fee0e6409aa6676c5e6c013d148225433.sdkstatcache -target arm64-apple-macos10.13 -fmessage-length\=0 -fdiagnostics-show-note-include-stack -fmacro-backtrace-limit\=0 -fno-color-diagnostics -fmodules-prune-interval\=86400 -fmodules-prune-after\=345600 -fbuild-session-file\=/Users/runner/work/orbit/orbit/.a1-probe/.dd-mac/ModuleCache.noindex/Session.modulevalidation -fmodules-validate-once-per-build-session -Wnon-modular-include-in-framework-module -Werror\=non-modular-include-in-framework-module -Wno-trigraphs -Wno-missing-field-initializers -Wno-missing-prototypes -Wno-return-type -Wno-missing-braces -Wparentheses -Wswitch -Wno-unused-function -Wno-unused-label -Wno-unused-parameter -Wno-unused-variable -Wunused-value -Wno-empty-body -Wno-uninitialized -Wno-unknown-pragmas -w -Wno-shadow -Wno-four-char-constants -Wno-conversion -Wno-constant-conversion -Wno-int-conversion -Wno-bool-conversion -Wno-enum-conversion -Wno-float-conversion -Wno-non-literal-null-conversion -Wno-objc-literal-conversion -Wshorten-64-to-32 -Wpointer-sign -Wno-newline-eof -Wno-implicit-fallthrough -isysroot /Applications/Xcode_26.6.app/Contents/Developer/Platforms/MacOSX.platform/Developer/SDKs/MacOSX26.5.sdk -fstrict-aliasing -Wdeprecated-declarations -Wno-sign-conversion -Wno-infinite-recursion -Wno-comma -Wno-block-capture-autoreleasing -Wno-strict-prototypes -Wno-semicolon-before-method-body -index-store-path /Users/runner/work/orbit/orbit/.a1-probe/.dd-mac/Index.noindex/DataStore @/Users/runner/work/orbit/orbit/.a1-probe/.dd-mac/Build/Intermediates.noindex/cmark-gfm.build/Debug/cmark-gfm.build/Objects-normal/arm64/7187679823f38a2a940e0043cdf9d637-common-args.resp -MMD -MT dependencies -MF /Users/runner/work/orbit/orbit/.a1-probe/.dd-mac/Build/Intermediates.noindex/cmark-gfm.build/Debug/cmark-gfm.build/Objects-normal/arm64/cmark_ctype.d --serialize-diagnostics /Users/runner/work/orbit/orbit/.a1-probe/.dd-mac/Build/Intermediates.noindex/cmark-gfm.build/Debug/cmark-gfm.build/Objects-normal/arm64/cmark_ctype.dia -c /Users/runner/work/orbit/orbit/.a1-probe/.dd-mac/SourcePackages/checkouts/swift-cmark/src/cmark_ctype.c -o /Users/runner/work/orbit/orbit/.a1-probe/.dd-mac/Build/Intermediates.noindex/cmark-gfm.build/Debug/cmark-gfm.build/Objects-normal/arm64/cmark_ctype.o -index-unit-output-path /cmark-gfm.build/Debug/cmark-gfm.build/Objects-normal/arm64/cmark_ctype.o

ScanDependencies /Users/runner/work/orbit/orbit/.a1-probe/.dd-mac/Build/Intermediates.noindex/cmark-gfm.build/Debug/cmark-gfm.build/Objects-normal/arm64/cmark.o /Users/runner/work/orbit/orbit/.a1-probe/.dd-mac/SourcePackages/checkouts/swift-cmark/src/cmark.c normal arm64 c com.apple.compilers.llvm.clang.1_0.compiler (in target 'cmark-gfm' from project 'cmark-gfm')
    cd /Users/runner/work/orbit/orbit/.a1-probe/A1Probe.xcodeproj
    
    Using response file: /Users/runner/work/orbit/orbit/.a1-probe/.dd-mac/Build/Intermediates.noindex/cmark-gfm.build/Debug/cmark-gfm.build/Objects-normal/arm64/7187679823f38a2a940e0043cdf9d637-common-args.resp
    
    builtin-ScanDependencies -o /Users/runner/work/orbit/orbit/.a1-probe/.dd-mac/Build/Intermediates.noindex/cmark-gfm.build/Debug/cmark-gfm.build/Objects-normal/arm64/cmark.o.scan -- /Applications/Xcode_26.6.app/Contents/Developer/Toolchains/XcodeDefault.xctoolchain/usr/bin/clang -x c -ivfsstatcache /Users/runner/work/orbit/orbit/.a1-probe/.dd-mac/SDKStatCaches.noindex/macosx26.5-25F70-688ef53f1462e2c8f657fdc38a81448fee0e6409aa6676c5e6c013d148225433.sdkstatcache -target arm64-apple-macos10.13 -fmessage-length\=0 -fdiagnostics-show-note-include-stack -fmacro-backtrace-limit\=0 -fno-color-diagnostics -fmodules-prune-interval\=86400 -fmodules-prune-after\=345600 -fbuild-session-file\=/Users/runner/work/orbit/orbit/.a1-probe/.dd-mac/ModuleCache.noindex/Session.modulevalidation -fmodules-validate-once-per-build-session -Wnon-modular-include-in-framework-module -Werror\=non-modular-include-in-framework-module -Wno-trigraphs -Wno-missing-field-initializers -Wno-missing-prototypes -Wno-return-type -Wno-missing-braces -Wparentheses -Wswitch -Wno-unused-function -Wno-unused-label -Wno-unused-parameter -Wno-unused-variable -Wunused-value -Wno-empty-body -Wno-uninitialized -Wno-unknown-pragmas -w -Wno-shadow -Wno-four-char-constants -Wno-conversion -Wno-constant-conversion -Wno-int-conversion -Wno-bool-conversion -Wno-enum-conversion -Wno-float-conversion -Wno-non-literal-null-conversion -Wno-objc-literal-conversion -Wshorten-64-to-32 -Wpointer-sign -Wno-newline-eof -Wno-implicit-fallthrough -isysroot /Applications/Xcode_26.6.app/Contents/Developer/Platforms/MacOSX.platform/Developer/SDKs/MacOSX26.5.sdk -fstrict-aliasing -Wdeprecated-declarations -Wno-sign-conversion -Wno-infinite-recursion -Wno-comma -Wno-block-capture-autoreleasing -Wno-strict-prototypes -Wno-semicolon-before-method-body -index-store-path /Users/runner/work/orbit/orbit/.a1-probe/.dd-mac/Index.noindex/DataStore @/Users/runner/work/orbit/orbit/.a1-probe/.dd-mac/Build/Intermediates.noindex/cmark-gfm.build/Debug/cmark-gfm.build/Objects-normal/arm64/7187679823f38a2a940e0043cdf9d637-common-args.resp -MMD -MT dependencies -MF /Users/runner/work/orbit/orbit/.a1-probe/.dd-mac/Build/Intermediates.noindex/cmark-gfm.build/Debug/cmark-gfm.build/Objects-normal/arm64/cmark.d --serialize-diagnostics /Users/runner/work/orbit/orbit/.a1-probe/.dd-mac/Build/Intermediates.noindex/cmark-gfm.build/Debug/cmark-gfm.build/Objects-normal/arm64/cmark.dia -c /Users/runner/work/orbit/orbit/.a1-probe/.dd-mac/SourcePackages/checkouts/swift-cmark/src/cmark.c -o /Users/runner/work/orbit/orbit/.a1-probe/.dd-mac/Build/Intermediates.noindex/cmark-gfm.build/Debug/cmark-gfm.build/Objects-normal/arm64/cmark.o -index-unit-output-path /cmark-gfm.build/Debug/cmark-gfm.build/Objects-normal/arm64/cmark.o

CompileC /Users/runner/work/orbit/orbit/.a1-probe/.dd-mac/Build/Intermediates.noindex/cmark-gfm.build/Debug/cmark-gfm.build/Objects-normal/arm64/cmark_ctype.o /Users/runner/work/orbit/orbit/.a1-probe/.dd-mac/SourcePackages/checkouts/swift-cmark/src/cmark_ctype.c normal arm64 c com.apple.compilers.llvm.clang.1_0.compiler (in target 'cmark-gfm' from project 'cmark-gfm')
    cd /Users/runner/work/orbit/orbit/.a1-probe/A1Probe.xcodeproj
    
    Using response file: /Users/runner/work/orbit/orbit/.a1-probe/.dd-mac/Build/Intermediates.noindex/cmark-gfm.build/Debug/cmark-gfm.build/Objects-normal/arm64/7187679823f38a2a940e0043cdf9d637-common-args.resp
    
    /Applications/Xcode_26.6.app/Contents/Developer/Toolchains/XcodeDefault.xctoolchain/usr/bin/clang -x c -ivfsstatcache /Users/runner/work/orbit/orbit/.a1-probe/.dd-mac/SDKStatCaches.noindex/macosx26.5-25F70-688ef53f1462e2c8f657fdc38a81448fee0e6409aa6676c5e6c013d148225433.sdkstatcache -target arm64-apple-macos10.13 -fmessage-length\=0 -fdiagnostics-show-note-include-stack -fmacro-backtrace-limit\=0 -fno-color-diagnostics -fmodules-prune-interval\=86400 -fmodules-prune-after\=345600 -fbuild-session-file\=/Users/runner/work/orbit/orbit/.a1-probe/.dd-mac/ModuleCache.noindex/Session.modulevalidation -fmodules-validate-once-per-build-session -Wnon-modular-include-in-framework-module -Werror\=non-modular-include-in-framework-module -Wno-trigraphs -Wno-missing-field-initializers -Wno-missing-prototypes -Wno-return-type -Wno-missing-braces -Wparentheses -Wswitch -Wno-unused-function -Wno-unused-label -Wno-unused-parameter -Wno-unused-variable -Wunused-value -Wno-empty-body -Wno-uninitialized -Wno-unknown-pragmas -w -Wno-shadow -Wno-four-char-constants -Wno-conversion -Wno-constant-conversion -Wno-int-conversion -Wno-bool-conversion -Wno-enum-conversion -Wno-float-conversion -Wno-non-literal-null-conversion -Wno-objc-literal-conversion -Wshorten-64-to-32 -Wpointer-sign -Wno-newline-eof -Wno-implicit-fallthrough -isysroot /Applications/Xcode_26.6.app/Contents/Developer/Platforms/MacOSX.platform/Developer/SDKs/MacOSX26.5.sdk -fstrict-aliasing -Wdeprecated-declarations -Wno-sign-conversion -Wno-infinite-recursion -Wno-comma -Wno-block-capture-autoreleasing -Wno-strict-prototypes -Wno-semicolon-before-method-body -index-store-path /Users/runner/work/orbit/orbit/.a1-probe/.dd-mac/Index.noindex/DataStore @/Users/runner/work/orbit/orbit/.a1-probe/.dd-mac/Build/Intermediates.noindex/cmark-gfm.build/Debug/cmark-gfm.build/Objects-normal/arm64/7187679823f38a2a940e0043cdf9d637-common-args.resp -MMD -MT dependencies -MF /Users/runner/work/orbit/orbit/.a1-probe/.dd-mac/Build/Intermediates.noindex/cmark-gfm.build/Debug/cmark-gfm.build/Objects-normal/arm64/cmark_ctype.d --serialize-diagnostics /Users/runner/work/orbit/orbit/.a1-probe/.dd-mac/Build/Intermediates.noindex/cmark-gfm.build/Debug/cmark-gfm.build/Objects-normal/arm64/cmark_ctype.dia -c /Users/runner/work/orbit/orbit/.a1-probe/.dd-mac/SourcePackages/checkouts/swift-cmark/src/cmark_ctype.c -o /Users/runner/work/orbit/orbit/.a1-probe/.dd-mac/Build/Intermediates.noindex/cmark-gfm.build/Debug/cmark-gfm.build/Objects-normal/arm64/cmark_ctype.o -index-unit-output-path /cmark-gfm.build/Debug/cmark-gfm.build/Objects-normal/arm64/cmark_ctype.o

ScanDependencies /Users/runner/work/orbit/orbit/.a1-probe/.dd-mac/Build/Intermediates.noindex/cmark-gfm.build/Debug/cmark-gfm.build/Objects-normal/arm64/buffer.o /Users/runner/work/orbit/orbit/.a1-probe/.dd-mac/SourcePackages/checkouts/swift-cmark/src/buffer.c normal arm64 c com.apple.compilers.llvm.clang.1_0.compiler (in target 'cmark-gfm' from project 'cmark-gfm')
    cd /Users/runner/work/orbit/orbit/.a1-probe/A1Probe.xcodeproj
    
    Using response file: /Users/runner/work/orbit/orbit/.a1-probe/.dd-mac/Build/Intermediates.noindex/cmark-gfm.build/Debug/cmark-gfm.build/Objects-normal/arm64/7187679823f38a2a940e0043cdf9d637-common-args.resp
    
    builtin-ScanDependencies -o /Users/runner/work/orbit/orbit/.a1-probe/.dd-mac/Build/Intermediates.noindex/cmark-gfm.build/Debug/cmark-gfm.build/Objects-normal/arm64/buffer.o.scan -- /Applications/Xcode_26.6.app/Contents/Developer/Toolchains/XcodeDefault.xctoolchain/usr/bin/clang -x c -ivfsstatcache /Users/runner/work/orbit/orbit/.a1-probe/.dd-mac/SDKStatCaches.noindex/macosx26.5-25F70-688ef53f1462e2c8f657fdc38a81448fee0e6409aa6676c5e6c013d148225433.sdkstatcache -target arm64-apple-macos10.13 -fmessage-length\=0 -fdiagnostics-show-note-include-stack -fmacro-backtrace-limit\=0 -fno-color-diagnostics -fmodules-prune-interval\=86400 -fmodules-prune-after\=345600 -fbuild-session-file\=/Users/runner/work/orbit/orbit/.a1-probe/.dd-mac/ModuleCache.noindex/Session.modulevalidation -fmodules-validate-once-per-build-session -Wnon-modular-include-in-framework-module -Werror\=non-modular-include-in-framework-module -Wno-trigraphs -Wno-missing-field-initializers -Wno-missing-prototypes -Wno-return-type -Wno-missing-braces -Wparentheses -Wswitch -Wno-unused-function -Wno-unused-label -Wno-unused-parameter -Wno-unused-variable -Wunused-value -Wno-empty-body -Wno-uninitialized -Wno-unknown-pragmas -w -Wno-shadow -Wno-four-char-constants -Wno-conversion -Wno-constant-conversion -Wno-int-conversion -Wno-bool-conversion -Wno-enum-conversion -Wno-float-conversion -Wno-non-literal-null-conversion -Wno-objc-literal-conversion -Wshorten-64-to-32 -Wpointer-sign -Wno-newline-eof -Wno-implicit-fallthrough -isysroot /Applications/Xcode_26.6.app/Contents/Developer/Platforms/MacOSX.platform/Developer/SDKs/MacOSX26.5.sdk -fstrict-aliasing -Wdeprecated-declarations -Wno-sign-conversion -Wno-infinite-recursion -Wno-comma -Wno-block-capture-autoreleasing -Wno-strict-prototypes -Wno-semicolon-before-method-body -index-store-path /Users/runner/work/orbit/orbit/.a1-probe/.dd-mac/Index.noindex/DataStore @/Users/runner/work/orbit/orbit/.a1-probe/.dd-mac/Build/Intermediates.noindex/cmark-gfm.build/Debug/cmark-gfm.build/Objects-normal/arm64/7187679823f38a2a940e0043cdf9d637-common-args.resp -MMD -MT dependencies -MF /Users/runner/work/orbit/orbit/.a1-probe/.dd-mac/Build/Intermediates.noindex/cmark-gfm.build/Debug/cmark-gfm.build/Objects-normal/arm64/buffer.d --serialize-diagnostics /Users/runner/work/orbit/orbit/.a1-probe/.dd-mac/Build/Intermediates.noindex/cmark-gfm.build/Debug/cmark-gfm.build/Objects-normal/arm64/buffer.dia -c /Users/runner/work/orbit/orbit/.a1-probe/.dd-mac/SourcePackages/checkouts/swift-cmark/src/buffer.c -o /Users/runner/work/orbit/orbit/.a1-probe/.dd-mac/Build/Intermediates.noindex/cmark-gfm.build/Debug/cmark-gfm.build/Objects-normal/arm64/buffer.o -index-unit-output-path /cmark-gfm.build/Debug/cmark-gfm.build/Objects-normal/arm64/buffer.o

CompileC /Users/runner/work/orbit/orbit/.a1-probe/.dd-mac/Build/Intermediates.noindex/cmark-gfm.build/Debug/cmark-gfm.build/Objects-normal/arm64/cmark.o /Users/runner/work/orbit/orbit/.a1-probe/.dd-mac/SourcePackages/checkouts/swift-cmark/src/cmark.c normal arm64 c com.apple.compilers.llvm.clang.1_0.compiler (in target 'cmark-gfm' from project 'cmark-gfm')
    cd /Users/runner/work/orbit/orbit/.a1-probe/A1Probe.xcodeproj
    
    Using response file: /Users/runner/work/orbit/orbit/.a1-probe/.dd-mac/Build/Intermediates.noindex/cmark-gfm.build/Debug/cmark-gfm.build/Objects-normal/arm64/7187679823f38a2a940e0043cdf9d637-common-args.resp
    
    /Applications/Xcode_26.6.app/Contents/Developer/Toolchains/XcodeDefault.xctoolchain/usr/bin/clang -x c -ivfsstatcache /Users/runner/work/orbit/orbit/.a1-probe/.dd-mac/SDKStatCaches.noindex/macosx26.5-25F70-688ef53f1462e2c8f657fdc38a81448fee0e6409aa6676c5e6c013d148225433.sdkstatcache -target arm64-apple-macos10.13 -fmessage-length\=0 -fdiagnostics-show-note-include-stack -fmacro-backtrace-limit\=0 -fno-color-diagnostics -fmodules-prune-interval\=86400 -fmodules-prune-after\=345600 -fbuild-session-file\=/Users/runner/work/orbit/orbit/.a1-probe/.dd-mac/ModuleCache.noindex/Session.modulevalidation -fmodules-validate-once-per-build-session -Wnon-modular-include-in-framework-module -Werror\=non-modular-include-in-framework-module -Wno-trigraphs -Wno-missing-field-initializers -Wno-missing-prototypes -Wno-return-type -Wno-missing-braces -Wparentheses -Wswitch -Wno-unused-function -Wno-unused-label -Wno-unused-parameter -Wno-unused-variable -Wunused-value -Wno-empty-body -Wno-uninitialized -Wno-unknown-pragmas -w -Wno-shadow -Wno-four-char-constants -Wno-conversion -Wno-constant-conversion -Wno-int-conversion -Wno-bool-conversion -Wno-enum-conversion -Wno-float-conversion -Wno-non-literal-null-conversion -Wno-objc-literal-conversion -Wshorten-64-to-32 -Wpointer-sign -Wno-newline-eof -Wno-implicit-fallthrough -isysroot /Applications/Xcode_26.6.app/Contents/Developer/Platforms/MacOSX.platform/Developer/SDKs/MacOSX26.5.sdk -fstrict-aliasing -Wdeprecated-declarations -Wno-sign-conversion -Wno-infinite-recursion -Wno-comma -Wno-block-capture-autoreleasing -Wno-strict-prototypes -Wno-semicolon-before-method-body -index-store-path /Users/runner/work/orbit/orbit/.a1-probe/.dd-mac/Index.noindex/DataStore @/Users/runner/work/orbit/orbit/.a1-probe/.dd-mac/Build/Intermediates.noindex/cmark-gfm.build/Debug/cmark-gfm.build/Objects-normal/arm64/7187679823f38a2a940e0043cdf9d637-common-args.resp -MMD -MT dependencies -MF /Users/runner/work/orbit/orbit/.a1-probe/.dd-mac/Build/Intermediates.noindex/cmark-gfm.build/Debug/cmark-gfm.build/Objects-normal/arm64/cmark.d --serialize-diagnostics /Users/runner/work/orbit/orbit/.a1-probe/.dd-mac/Build/Intermediates.noindex/cmark-gfm.build/Debug/cmark-gfm.build/Objects-normal/arm64/cmark.dia -c /Users/runner/work/orbit/orbit/.a1-probe/.dd-mac/SourcePackages/checkouts/swift-cmark/src/cmark.c -o /Users/runner/work/orbit/orbit/.a1-probe/.dd-mac/Build/Intermediates.noindex/cmark-gfm.build/Debug/cmark-gfm.build/Objects-normal/arm64/cmark.o -index-unit-output-path /cmark-gfm.build/Debug/cmark-gfm.build/Objects-normal/arm64/cmark.o

CompileC /Users/runner/work/orbit/orbit/.a1-probe/.dd-mac/Build/Intermediates.noindex/cmark-gfm.build/Debug/cmark-gfm.build/Objects-normal/arm64/buffer.o /Users/runner/work/orbit/orbit/.a1-probe/.dd-mac/SourcePackages/checkouts/swift-cmark/src/buffer.c normal arm64 c com.apple.compilers.llvm.clang.1_0.compiler (in target 'cmark-gfm' from project 'cmark-gfm')
    cd /Users/runner/work/orbit/orbit/.a1-probe/A1Probe.xcodeproj
    
    Using response file: /Users/runner/work/orbit/orbit/.a1-probe/.dd-mac/Build/Intermediates.noindex/cmark-gfm.build/Debug/cmark-gfm.build/Objects-normal/arm64/7187679823f38a2a940e0043cdf9d637-common-args.resp
    
    /Applications/Xcode_26.6.app/Contents/Developer/Toolchains/XcodeDefault.xctoolchain/usr/bin/clang -x c -ivfsstatcache /Users/runner/work/orbit/orbit/.a1-probe/.dd-mac/SDKStatCaches.noindex/macosx26.5-25F70-688ef53f1462e2c8f657fdc38a81448fee0e6409aa6676c5e6c013d148225433.sdkstatcache -target arm64-apple-macos10.13 -fmessage-length\=0 -fdiagnostics-show-note-include-stack -fmacro-backtrace-limit\=0 -fno-color-diagnostics -fmodules-prune-interval\=86400 -fmodules-prune-after\=345600 -fbuild-session-file\=/Users/runner/work/orbit/orbit/.a1-probe/.dd-mac/ModuleCache.noindex/Session.modulevalidation -fmodules-validate-once-per-build-session -Wnon-modular-include-in-framework-module -Werror\=non-modular-include-in-framework-module -Wno-trigraphs -Wno-missing-field-initializers -Wno-missing-prototypes -Wno-return-type -Wno-missing-braces -Wparentheses -Wswitch -Wno-unused-function -Wno-unused-label -Wno-unused-parameter -Wno-unused-variable -Wunused-value -Wno-empty-body -Wno-uninitialized -Wno-unknown-pragmas -w -Wno-shadow -Wno-four-char-constants -Wno-conversion -Wno-constant-conversion -Wno-int-conversion -Wno-bool-conversion -Wno-enum-conversion -Wno-float-conversion -Wno-non-literal-null-conversion -Wno-objc-literal-conversion -Wshorten-64-to-32 -Wpointer-sign -Wno-newline-eof -Wno-implicit-fallthrough -isysroot /Applications/Xcode_26.6.app/Contents/Developer/Platforms/MacOSX.platform/Developer/SDKs/MacOSX26.5.sdk -fstrict-aliasing -Wdeprecated-declarations -Wno-sign-conversion -Wno-infinite-recursion -Wno-comma -Wno-block-capture-autoreleasing -Wno-strict-prototypes -Wno-semicolon-before-method-body -index-store-path /Users/runner/work/orbit/orbit/.a1-probe/.dd-mac/Index.noindex/DataStore @/Users/runner/work/orbit/orbit/.a1-probe/.dd-mac/Build/Intermediates.noindex/cmark-gfm.build/Debug/cmark-gfm.build/Objects-normal/arm64/7187679823f38a2a940e0043cdf9d637-common-args.resp -MMD -MT dependencies -MF /Users/runner/work/orbit/orbit/.a1-probe/.dd-mac/Build/Intermediates.noindex/cmark-gfm.build/Debug/cmark-gfm.build/Objects-normal/arm64/buffer.d --serialize-diagnostics /Users/runner/work/orbit/orbit/.a1-probe/.dd-mac/Build/Intermediates.noindex/cmark-gfm.build/Debug/cmark-gfm.build/Objects-normal/arm64/buffer.dia -c /Users/runner/work/orbit/orbit/.a1-probe/.dd-mac/SourcePackages/checkouts/swift-cmark/src/buffer.c -o /Users/runner/work/orbit/orbit/.a1-probe/.dd-mac/Build/Intermediates.noindex/cmark-gfm.build/Debug/cmark-gfm.build/Objects-normal/arm64/buffer.o -index-unit-output-path /cmark-gfm.build/Debug/cmark-gfm.build/Objects-normal/arm64/buffer.o

ScanDependencies /Users/runner/work/orbit/orbit/.a1-probe/.dd-mac/Build/Intermediates.noindex/cmark-gfm.build/Debug/cmark-gfm.build/Objects-normal/arm64/blocks.o /Users/runner/work/orbit/orbit/.a1-probe/.dd-mac/SourcePackages/checkouts/swift-cmark/src/blocks.c normal arm64 c com.apple.compilers.llvm.clang.1_0.compiler (in target 'cmark-gfm' from project 'cmark-gfm')
    cd /Users/runner/work/orbit/orbit/.a1-probe/A1Probe.xcodeproj
    
    Using response file: /Users/runner/work/orbit/orbit/.a1-probe/.dd-mac/Build/Intermediates.noindex/cmark-gfm.build/Debug/cmark-gfm.build/Objects-normal/arm64/7187679823f38a2a940e0043cdf9d637-common-args.resp
    
    builtin-ScanDependencies -o /Users/runner/work/orbit/orbit/.a1-probe/.dd-mac/Build/Intermediates.noindex/cmark-gfm.build/Debug/cmark-gfm.build/Objects-normal/arm64/blocks.o.scan -- /Applications/Xcode_26.6.app/Contents/Developer/Toolchains/XcodeDefault.xctoolchain/usr/bin/clang -x c -ivfsstatcache /Users/runner/work/orbit/orbit/.a1-probe/.dd-mac/SDKStatCaches.noindex/macosx26.5-25F70-688ef53f1462e2c8f657fdc38a81448fee0e6409aa6676c5e6c013d148225433.sdkstatcache -target arm64-apple-macos10.13 -fmessage-length\=0 -fdiagnostics-show-note-include-stack -fmacro-backtrace-limit\=0 -fno-color-diagnostics -fmodules-prune-interval\=86400 -fmodules-prune-after\=345600 -fbuild-session-file\=/Users/runner/work/orbit/orbit/.a1-probe/.dd-mac/ModuleCache.noindex/Session.modulevalidation -fmodules-validate-once-per-build-session -Wnon-modular-include-in-framework-module -Werror\=non-modular-include-in-framework-module -Wno-trigraphs -Wno-missing-field-initializers -Wno-missing-prototypes -Wno-return-type -Wno-missing-braces -Wparentheses -Wswitch -Wno-unused-function -Wno-unused-label -Wno-unused-parameter -Wno-unused-variable -Wunused-value -Wno-empty-body -Wno-uninitialized -Wno-unknown-pragmas -w -Wno-shadow -Wno-four-char-constants -Wno-conversion -Wno-constant-conversion -Wno-int-conversion -Wno-bool-conversion -Wno-enum-conversion -Wno-float-conversion -Wno-non-literal-null-conversion -Wno-objc-literal-conversion -Wshorten-64-to-32 -Wpointer-sign -Wno-newline-eof -Wno-implicit-fallthrough -isysroot /Applications/Xcode_26.6.app/Contents/Developer/Platforms/MacOSX.platform/Developer/SDKs/MacOSX26.5.sdk -fstrict-aliasing -Wdeprecated-declarations -Wno-sign-conversion -Wno-infinite-recursion -Wno-comma -Wno-block-capture-autoreleasing -Wno-strict-prototypes -Wno-semicolon-before-method-body -index-store-path /Users/runner/work/orbit/orbit/.a1-probe/.dd-mac/Index.noindex/DataStore @/Users/runner/work/orbit/orbit/.a1-probe/.dd-mac/Build/Intermediates.noindex/cmark-gfm.build/Debug/cmark-gfm.build/Objects-normal/arm64/7187679823f38a2a940e0043cdf9d637-common-args.resp -MMD -MT dependencies -MF /Users/runner/work/orbit/orbit/.a1-probe/.dd-mac/Build/Intermediates.noindex/cmark-gfm.build/Debug/cmark-gfm.build/Objects-normal/arm64/blocks.d --serialize-diagnostics /Users/runner/work/orbit/orbit/.a1-probe/.dd-mac/Build/Intermediates.noindex/cmark-gfm.build/Debug/cmark-gfm.build/Objects-normal/arm64/blocks.dia -c /Users/runner/work/orbit/orbit/.a1-probe/.dd-mac/SourcePackages/checkouts/swift-cmark/src/blocks.c -o /Users/runner/work/orbit/orbit/.a1-probe/.dd-mac/Build/Intermediates.noindex/cmark-gfm.build/Debug/cmark-gfm.build/Objects-normal/arm64/blocks.o -index-unit-output-path /cmark-gfm.build/Debug/cmark-gfm.build/Objects-normal/arm64/blocks.o

ScanDependencies /Users/runner/work/orbit/orbit/.a1-probe/.dd-mac/Build/Intermediates.noindex/cmark-gfm.build/Debug/cmark-gfm.build/Objects-normal/arm64/arena.o /Users/runner/work/orbit/orbit/.a1-probe/.dd-mac/SourcePackages/checkouts/swift-cmark/src/arena.c normal arm64 c com.apple.compilers.llvm.clang.1_0.compiler (in target 'cmark-gfm' from project 'cmark-gfm')
    cd /Users/runner/work/orbit/orbit/.a1-probe/A1Probe.xcodeproj
    
    Using response file: /Users/runner/work/orbit/orbit/.a1-probe/.dd-mac/Build/Intermediates.noindex/cmark-gfm.build/Debug/cmark-gfm.build/Objects-normal/arm64/7187679823f38a2a940e0043cdf9d637-common-args.resp
    
    builtin-ScanDependencies -o /Users/runner/work/orbit/orbit/.a1-probe/.dd-mac/Build/Intermediates.noindex/cmark-gfm.build/Debug/cmark-gfm.build/Objects-normal/arm64/arena.o.scan -- /Applications/Xcode_26.6.app/Contents/Developer/Toolchains/XcodeDefault.xctoolchain/usr/bin/clang -x c -ivfsstatcache /Users/runner/work/orbit/orbit/.a1-probe/.dd-mac/SDKStatCaches.noindex/macosx26.5-25F70-688ef53f1462e2c8f657fdc38a81448fee0e6409aa6676c5e6c013d148225433.sdkstatcache -target arm64-apple-macos10.13 -fmessage-length\=0 -fdiagnostics-show-note-include-stack -fmacro-backtrace-limit\=0 -fno-color-diagnostics -fmodules-prune-interval\=86400 -fmodules-prune-after\=345600 -fbuild-session-file\=/Users/runner/work/orbit/orbit/.a1-probe/.dd-mac/ModuleCache.noindex/Session.modulevalidation -fmodules-validate-once-per-build-session -Wnon-modular-include-in-framework-module -Werror\=non-modular-include-in-framework-module -Wno-trigraphs -Wno-missing-field-initializers -Wno-missing-prototypes -Wno-return-type -Wno-missing-braces -Wparentheses -Wswitch -Wno-unused-function -Wno-unused-label -Wno-unused-parameter -Wno-unused-variable -Wunused-value -Wno-empty-body -Wno-uninitialized -Wno-unknown-pragmas -w -Wno-shadow -Wno-four-char-constants -Wno-conversion -Wno-constant-conversion -Wno-int-conversion -Wno-bool-conversion -Wno-enum-conversion -Wno-float-conversion -Wno-non-literal-null-conversion -Wno-objc-literal-conversion -Wshorten-64-to-32 -Wpointer-sign -Wno-newline-eof -Wno-implicit-fallthrough -isysroot /Applications/Xcode_26.6.app/Contents/Developer/Platforms/MacOSX.platform/Developer/SDKs/MacOSX26.5.sdk -fstrict-aliasing -Wdeprecated-declarations -Wno-sign-conversion -Wno-infinite-recursion -Wno-comma -Wno-block-capture-autoreleasing -Wno-strict-prototypes -Wno-semicolon-before-method-body -index-store-path /Users/runner/work/orbit/orbit/.a1-probe/.dd-mac/Index.noindex/DataStore @/Users/runner/work/orbit/orbit/.a1-probe/.dd-mac/Build/Intermediates.noindex/cmark-gfm.build/Debug/cmark-gfm.build/Objects-normal/arm64/7187679823f38a2a940e0043cdf9d637-common-args.resp -MMD -MT dependencies -MF /Users/runner/work/orbit/orbit/.a1-probe/.dd-mac/Build/Intermediates.noindex/cmark-gfm.build/Debug/cmark-gfm.build/Objects-normal/arm64/arena.d --serialize-diagnostics /Users/runner/work/orbit/orbit/.a1-probe/.dd-mac/Build/Intermediates.noindex/cmark-gfm.build/Debug/cmark-gfm.build/Objects-normal/arm64/arena.dia -c /Users/runner/work/orbit/orbit/.a1-probe/.dd-mac/SourcePackages/checkouts/swift-cmark/src/arena.c -o /Users/runner/work/orbit/orbit/.a1-probe/.dd-mac/Build/Intermediates.noindex/cmark-gfm.build/Debug/cmark-gfm.build/Objects-normal/arm64/arena.o -index-unit-output-path /cmark-gfm.build/Debug/cmark-gfm.build/Objects-normal/arm64/arena.o

ScanDependencies /Users/runner/work/orbit/orbit/.a1-probe/.dd-mac/Build/Intermediates.noindex/swift-markdown.build/Debug/CAtomic.build/Objects-normal/arm64/CAtomic.o /Users/runner/work/orbit/orbit/.a1-probe/.dd-mac/SourcePackages/checkouts/swift-markdown/Sources/CAtomic/CAtomic.c normal arm64 c com.apple.compilers.llvm.clang.1_0.compiler (in target 'CAtomic' from project 'swift-markdown')
    cd /Users/runner/work/orbit/orbit/.a1-probe/A1Probe.xcodeproj
    
    Using response file: /Users/runner/work/orbit/orbit/.a1-probe/.dd-mac/Build/Intermediates.noindex/swift-markdown.build/Debug/CAtomic.build/Objects-normal/arm64/7187679823f38a2a940e0043cdf9d637-common-args.resp
    
    builtin-ScanDependencies -o /Users/runner/work/orbit/orbit/.a1-probe/.dd-mac/Build/Intermediates.noindex/swift-markdown.build/Debug/CAtomic.build/Objects-normal/arm64/CAtomic.o.scan -- /Applications/Xcode_26.6.app/Contents/Developer/Toolchains/XcodeDefault.xctoolchain/usr/bin/clang -x c -ivfsstatcache /Users/runner/work/orbit/orbit/.a1-probe/.dd-mac/SDKStatCaches.noindex/macosx26.5-25F70-688ef53f1462e2c8f657fdc38a81448fee0e6409aa6676c5e6c013d148225433.sdkstatcache -target arm64-apple-macos10.13 -fmessage-length\=0 -fdiagnostics-show-note-include-stack -fmacro-backtrace-limit\=0 -fno-color-diagnostics -fmodules-prune-interval\=86400 -fmodules-prune-after\=345600 -fbuild-session-file\=/Users/runner/work/orbit/orbit/.a1-probe/.dd-mac/ModuleCache.noindex/Session.modulevalidation -fmodules-validate-once-per-build-session -Wnon-modular-include-in-framework-module -Werror\=non-modular-include-in-framework-module -Wno-trigraphs -Wno-missing-field-initializers -Wno-missing-prototypes -Wno-return-type -Wno-missing-braces -Wparentheses -Wswitch -Wno-unused-function -Wno-unused-label -Wno-unused-parameter -Wno-unused-variable -Wunused-value -Wno-empty-body -Wno-uninitialized -Wno-unknown-pragmas -w -Wno-shadow -Wno-four-char-constants -Wno-conversion -Wno-constant-conversion -Wno-int-conversion -Wno-bool-conversion -Wno-enum-conversion -Wno-float-conversion -Wno-non-literal-null-conversion -Wno-objc-literal-conversion -Wshorten-64-to-32 -Wpointer-sign -Wno-newline-eof -Wno-implicit-fallthrough -isysroot /Applications/Xcode_26.6.app/Contents/Developer/Platforms/MacOSX.platform/Developer/SDKs/MacOSX26.5.sdk -fstrict-aliasing -Wdeprecated-declarations -Wno-sign-conversion -Wno-infinite-recursion -Wno-comma -Wno-block-capture-autoreleasing -Wno-strict-prototypes -Wno-semicolon-before-method-body -index-store-path /Users/runner/work/orbit/orbit/.a1-probe/.dd-mac/Index.noindex/DataStore @/Users/runner/work/orbit/orbit/.a1-probe/.dd-mac/Build/Intermediates.noindex/swift-markdown.build/Debug/CAtomic.build/Objects-normal/arm64/7187679823f38a2a940e0043cdf9d637-common-args.resp -MMD -MT dependencies -MF /Users/runner/work/orbit/orbit/.a1-probe/.dd-mac/Build/Intermediates.noindex/swift-markdown.build/Debug/CAtomic.build/Objects-normal/arm64/CAtomic.d --serialize-diagnostics /Users/runner/work/orbit/orbit/.a1-probe/.dd-mac/Build/Intermediates.noindex/swift-markdown.build/Debug/CAtomic.build/Objects-normal/arm64/CAtomic.dia -c /Users/runner/work/orbit/orbit/.a1-probe/.dd-mac/SourcePackages/checkouts/swift-markdown/Sources/CAtomic/CAtomic.c -o /Users/runner/work/orbit/orbit/.a1-probe/.dd-mac/Build/Intermediates.noindex/swift-markdown.build/Debug/CAtomic.build/Objects-normal/arm64/CAtomic.o -index-unit-output-path /swift-markdown.build/Debug/CAtomic.build/Objects-normal/arm64/CAtomic.o

SwiftExplicitDependencyGeneratePcm arm64 /Users/runner/work/orbit/orbit/.a1-probe/.dd-mac/ModuleCache.noindex/sys_types-BRQZ8E461HNPLIHO5JF79H6Y8.pcm

SwiftExplicitDependencyGeneratePcm arm64 /Users/runner/work/orbit/orbit/.a1-probe/.dd-mac/ModuleCache.noindex/_Builtin_stdint-DMTYP8KIS14RK0E9V88LX3K2S.pcm

CompileC /Users/runner/work/orbit/orbit/.a1-probe/.dd-mac/Build/Intermediates.noindex/cmark-gfm.build/Debug/cmark-gfm.build/Objects-normal/arm64/blocks.o /Users/runner/work/orbit/orbit/.a1-probe/.dd-mac/SourcePackages/checkouts/swift-cmark/src/blocks.c normal arm64 c com.apple.compilers.llvm.clang.1_0.compiler (in target 'cmark-gfm' from project 'cmark-gfm')
    cd /Users/runner/work/orbit/orbit/.a1-probe/A1Probe.xcodeproj
    
    Using response file: /Users/runner/work/orbit/orbit/.a1-probe/.dd-mac/Build/Intermediates.noindex/cmark-gfm.build/Debug/cmark-gfm.build/Objects-normal/arm64/7187679823f38a2a940e0043cdf9d637-common-args.resp
    
    /Applications/Xcode_26.6.app/Contents/Developer/Toolchains/XcodeDefault.xctoolchain/usr/bin/clang -x c -ivfsstatcache /Users/runner/work/orbit/orbit/.a1-probe/.dd-mac/SDKStatCaches.noindex/macosx26.5-25F70-688ef53f1462e2c8f657fdc38a81448fee0e6409aa6676c5e6c013d148225433.sdkstatcache -target arm64-apple-macos10.13 -fmessage-length\=0 -fdiagnostics-show-note-include-stack -fmacro-backtrace-limit\=0 -fno-color-diagnostics -fmodules-prune-interval\=86400 -fmodules-prune-after\=345600 -fbuild-session-file\=/Users/runner/work/orbit/orbit/.a1-probe/.dd-mac/ModuleCache.noindex/Session.modulevalidation -fmodules-validate-once-per-build-session -Wnon-modular-include-in-framework-module -Werror\=non-modular-include-in-framework-module -Wno-trigraphs -Wno-missing-field-initializers -Wno-missing-prototypes -Wno-return-type -Wno-missing-braces -Wparentheses -Wswitch -Wno-unused-function -Wno-unused-label -Wno-unused-parameter -Wno-unused-variable -Wunused-value -Wno-empty-body -Wno-uninitialized -Wno-unknown-pragmas -w -Wno-shadow -Wno-four-char-constants -Wno-conversion -Wno-constant-conversion -Wno-int-conversion -Wno-bool-conversion -Wno-enum-conversion -Wno-float-conversion -Wno-non-literal-null-conversion -Wno-objc-literal-conversion -Wshorten-64-to-32 -Wpointer-sign -Wno-newline-eof -Wno-implicit-fallthrough -isysroot /Applications/Xcode_26.6.app/Contents/Developer/Platforms/MacOSX.platform/Developer/SDKs/MacOSX26.5.sdk -fstrict-aliasing -Wdeprecated-declarations -Wno-sign-conversion -Wno-infinite-recursion -Wno-comma -Wno-block-capture-autoreleasing -Wno-strict-prototypes -Wno-semicolon-before-method-body -index-store-path /Users/runner/work/orbit/orbit/.a1-probe/.dd-mac/Index.noindex/DataStore @/Users/runner/work/orbit/orbit/.a1-probe/.dd-mac/Build/Intermediates.noindex/cmark-gfm.build/Debug/cmark-gfm.build/Objects-normal/arm64/7187679823f38a2a940e0043cdf9d637-common-args.resp -MMD -MT dependencies -MF /Users/runner/work/orbit/orbit/.a1-probe/.dd-mac/Build/Intermediates.noindex/cmark-gfm.build/Debug/cmark-gfm.build/Objects-normal/arm64/blocks.d --serialize-diagnostics /Users/runner/work/orbit/orbit/.a1-probe/.dd-mac/Build/Intermediates.noindex/cmark-gfm.build/Debug/cmark-gfm.build/Objects-normal/arm64/blocks.dia -c /Users/runner/work/orbit/orbit/.a1-probe/.dd-mac/SourcePackages/checkouts/swift-cmark/src/blocks.c -o /Users/runner/work/orbit/orbit/.a1-probe/.dd-mac/Build/Intermediates.noindex/cmark-gfm.build/Debug/cmark-gfm.build/Objects-normal/arm64/blocks.o -index-unit-output-path /cmark-gfm.build/Debug/cmark-gfm.build/Objects-normal/arm64/blocks.o

CompileC /Users/runner/work/orbit/orbit/.a1-probe/.dd-mac/Build/Intermediates.noindex/cmark-gfm.build/Debug/cmark-gfm.build/Objects-normal/arm64/arena.o /Users/runner/work/orbit/orbit/.a1-probe/.dd-mac/SourcePackages/checkouts/swift-cmark/src/arena.c normal arm64 c com.apple.compilers.llvm.clang.1_0.compiler (in target 'cmark-gfm' from project 'cmark-gfm')
    cd /Users/runner/work/orbit/orbit/.a1-probe/A1Probe.xcodeproj
    
    Using response file: /Users/runner/work/orbit/orbit/.a1-probe/.dd-mac/Build/Intermediates.noindex/cmark-gfm.build/Debug/cmark-gfm.build/Objects-normal/arm64/7187679823f38a2a940e0043cdf9d637-common-args.resp
    
    /Applications/Xcode_26.6.app/Contents/Developer/Toolchains/XcodeDefault.xctoolchain/usr/bin/clang -x c -ivfsstatcache /Users/runner/work/orbit/orbit/.a1-probe/.dd-mac/SDKStatCaches.noindex/macosx26.5-25F70-688ef53f1462e2c8f657fdc38a81448fee0e6409aa6676c5e6c013d148225433.sdkstatcache -target arm64-apple-macos10.13 -fmessage-length\=0 -fdiagnostics-show-note-include-stack -fmacro-backtrace-limit\=0 -fno-color-diagnostics -fmodules-prune-interval\=86400 -fmodules-prune-after\=345600 -fbuild-session-file\=/Users/runner/work/orbit/orbit/.a1-probe/.dd-mac/ModuleCache.noindex/Session.modulevalidation -fmodules-validate-once-per-build-session -Wnon-modular-include-in-framework-module -Werror\=non-modular-include-in-framework-module -Wno-trigraphs -Wno-missing-field-initializers -Wno-missing-prototypes -Wno-return-type -Wno-missing-braces -Wparentheses -Wswitch -Wno-unused-function -Wno-unused-label -Wno-unused-parameter -Wno-unused-variable -Wunused-value -Wno-empty-body -Wno-uninitialized -Wno-unknown-pragmas -w -Wno-shadow -Wno-four-char-constants -Wno-conversion -Wno-constant-conversion -Wno-int-conversion -Wno-bool-conversion -Wno-enum-conversion -Wno-float-conversion -Wno-non-literal-null-conversion -Wno-objc-literal-conversion -Wshorten-64-to-32 -Wpointer-sign -Wno-newline-eof -Wno-implicit-fallthrough -isysroot /Applications/Xcode_26.6.app/Contents/Developer/Platforms/MacOSX.platform/Developer/SDKs/MacOSX26.5.sdk -fstrict-aliasing -Wdeprecated-declarations -Wno-sign-conversion -Wno-infinite-recursion -Wno-comma -Wno-block-capture-autoreleasing -Wno-strict-prototypes -Wno-semicolon-before-method-body -index-store-path /Users/runner/work/orbit/orbit/.a1-probe/.dd-mac/Index.noindex/DataStore @/Users/runner/work/orbit/orbit/.a1-probe/.dd-mac/Build/Intermediates.noindex/cmark-gfm.build/Debug/cmark-gfm.build/Objects-normal/arm64/7187679823f38a2a940e0043cdf9d637-common-args.resp -MMD -MT dependencies -MF /Users/runner/work/orbit/orbit/.a1-probe/.dd-mac/Build/Intermediates.noindex/cmark-gfm.build/Debug/cmark-gfm.build/Objects-normal/arm64/arena.d --serialize-diagnostics /Users/runner/work/orbit/orbit/.a1-probe/.dd-mac/Build/Intermediates.noindex/cmark-gfm.build/Debug/cmark-gfm.build/Objects-normal/arm64/arena.dia -c /Users/runner/work/orbit/orbit/.a1-probe/.dd-mac/SourcePackages/checkouts/swift-cmark/src/arena.c -o /Users/runner/work/orbit/orbit/.a1-probe/.dd-mac/Build/Intermediates.noindex/cmark-gfm.build/Debug/cmark-gfm.build/Objects-normal/arm64/arena.o -index-unit-output-path /cmark-gfm.build/Debug/cmark-gfm.build/Objects-normal/arm64/arena.o

CompileC /Users/runner/work/orbit/orbit/.a1-probe/.dd-mac/Build/Intermediates.noindex/swift-markdown.build/Debug/CAtomic.build/Objects-normal/arm64/CAtomic.o /Users/runner/work/orbit/orbit/.a1-probe/.dd-mac/SourcePackages/checkouts/swift-markdown/Sources/CAtomic/CAtomic.c normal arm64 c com.apple.compilers.llvm.clang.1_0.compiler (in target 'CAtomic' from project 'swift-markdown')
    cd /Users/runner/work/orbit/orbit/.a1-probe/A1Probe.xcodeproj
    
    Using response file: /Users/runner/work/orbit/orbit/.a1-probe/.dd-mac/Build/Intermediates.noindex/swift-markdown.build/Debug/CAtomic.build/Objects-normal/arm64/7187679823f38a2a940e0043cdf9d637-common-args.resp
    
    /Applications/Xcode_26.6.app/Contents/Developer/Toolchains/XcodeDefault.xctoolchain/usr/bin/clang -x c -ivfsstatcache /Users/runner/work/orbit/orbit/.a1-probe/.dd-mac/SDKStatCaches.noindex/macosx26.5-25F70-688ef53f1462e2c8f657fdc38a81448fee0e6409aa6676c5e6c013d148225433.sdkstatcache -target arm64-apple-macos10.13 -fmessage-length\=0 -fdiagnostics-show-note-include-stack -fmacro-backtrace-limit\=0 -fno-color-diagnostics -fmodules-prune-interval\=86400 -fmodules-prune-after\=345600 -fbuild-session-file\=/Users/runner/work/orbit/orbit/.a1-probe/.dd-mac/ModuleCache.noindex/Session.modulevalidation -fmodules-validate-once-per-build-session -Wnon-modular-include-in-framework-module -Werror\=non-modular-include-in-framework-module -Wno-trigraphs -Wno-missing-field-initializers -Wno-missing-prototypes -Wno-return-type -Wno-missing-braces -Wparentheses -Wswitch -Wno-unused-function -Wno-unused-label -Wno-unused-parameter -Wno-unused-variable -Wunused-value -Wno-empty-body -Wno-uninitialized -Wno-unknown-pragmas -w -Wno-shadow -Wno-four-char-constants -Wno-conversion -Wno-constant-conversion -Wno-int-conversion -Wno-bool-conversion -Wno-enum-conversion -Wno-float-conversion -Wno-non-literal-null-conversion -Wno-objc-literal-conversion -Wshorten-64-to-32 -Wpointer-sign -Wno-newline-eof -Wno-implicit-fallthrough -isysroot /Applications/Xcode_26.6.app/Contents/Developer/Platforms/MacOSX.platform/Developer/SDKs/MacOSX26.5.sdk -fstrict-aliasing -Wdeprecated-declarations -Wno-sign-conversion -Wno-infinite-recursion -Wno-comma -Wno-block-capture-autoreleasing -Wno-strict-prototypes -Wno-semicolon-before-method-body -index-store-path /Users/runner/work/orbit/orbit/.a1-probe/.dd-mac/Index.noindex/DataStore @/Users/runner/work/orbit/orbit/.a1-probe/.dd-mac/Build/Intermediates.noindex/swift-markdown.build/Debug/CAtomic.build/Objects-normal/arm64/7187679823f38a2a940e0043cdf9d637-common-args.resp -MMD -MT dependencies -MF /Users/runner/work/orbit/orbit/.a1-probe/.dd-mac/Build/Intermediates.noindex/swift-markdown.build/Debug/CAtomic.build/Objects-normal/arm64/CAtomic.d --serialize-diagnostics /Users/runner/work/orbit/orbit/.a1-probe/.dd-mac/Build/Intermediates.noindex/swift-markdown.build/Debug/CAtomic.build/Objects-normal/arm64/CAtomic.dia -c /Users/runner/work/orbit/orbit/.a1-probe/.dd-mac/SourcePackages/checkouts/swift-markdown/Sources/CAtomic/CAtomic.c -o /Users/runner/work/orbit/orbit/.a1-probe/.dd-mac/Build/Intermediates.noindex/swift-markdown.build/Debug/CAtomic.build/Objects-normal/arm64/CAtomic.o -index-unit-output-path /swift-markdown.build/Debug/CAtomic.build/Objects-normal/arm64/CAtomic.o

SwiftExplicitDependencyGeneratePcm arm64 /Users/runner/work/orbit/orbit/.a1-probe/.dd-mac/ModuleCache.noindex/libDER-EH67B51PL9LR8CA2NF3SRFUND.pcm

Ld /Users/runner/work/orbit/orbit/.a1-probe/.dd-mac/Build/Products/Debug/CAtomic.o normal (in target 'CAtomic' from project 'swift-markdown')
    cd /Users/runner/work/orbit/orbit/.a1-probe/.dd-mac/SourcePackages/checkouts/swift-markdown
    /Applications/Xcode_26.6.app/Contents/Developer/Toolchains/XcodeDefault.xctoolchain/usr/bin/clang -Xlinker -reproducible -target arm64-apple-macos10.13 -r -isysroot /Applications/Xcode_26.6.app/Contents/Developer/Platforms/MacOSX.platform/Developer/SDKs/MacOSX26.5.sdk -O0 -w -F/Users/runner/work/orbit/orbit/.a1-probe/.dd-mac/Build/Intermediates.noindex/EagerLinkingTBDs/Debug -F/Users/runner/work/orbit/orbit/.a1-probe/.dd-mac/Build/Products/Debug -iframework /Applications/Xcode_26.6.app/Contents/Developer/Platforms/MacOSX.platform/Developer/Library/Frameworks -filelist /Users/runner/work/orbit/orbit/.a1-probe/.dd-mac/Build/Intermediates.noindex/swift-markdown.build/Debug/CAtomic.build/Objects-normal/arm64/CAtomic.LinkFileList -nostdlib -Xlinker -object_path_lto -Xlinker /Users/runner/work/orbit/orbit/.a1-probe/.dd-mac/Build/Intermediates.noindex/swift-markdown.build/Debug/CAtomic.build/Objects-normal/arm64/CAtomic_lto.o -Xlinker -no_deduplicate -Xlinker -dependency_info -Xlinker /Users/runner/work/orbit/orbit/.a1-probe/.dd-mac/Build/Intermediates.noindex/swift-markdown.build/Debug/CAtomic.build/Objects-normal/arm64/CAtomic_dependency_info.dat -o /Users/runner/work/orbit/orbit/.a1-probe/.dd-mac/Build/Products/Debug/CAtomic.o

SwiftExplicitDependencyGeneratePcm arm64 /Users/runner/work/orbit/orbit/.a1-probe/.dd-mac/Build/Intermediates.noindex/SwiftExplicitPrecompiledModules/CAtomic-41CR97IMUQ1S1N3IL2RNEYSAH.pcm

Ld /Users/runner/work/orbit/orbit/.a1-probe/.dd-mac/Build/Products/Debug/cmark-gfm.o normal (in target 'cmark-gfm' from project 'cmark-gfm')
    cd /Users/runner/work/orbit/orbit/.a1-probe/.dd-mac/SourcePackages/checkouts/swift-cmark
    /Applications/Xcode_26.6.app/Contents/Developer/Toolchains/XcodeDefault.xctoolchain/usr/bin/clang -Xlinker -reproducible -target arm64-apple-macos10.13 -r -isysroot /Applications/Xcode_26.6.app/Contents/Developer/Platforms/MacOSX.platform/Developer/SDKs/MacOSX26.5.sdk -O0 -w -F/Users/runner/work/orbit/orbit/.a1-probe/.dd-mac/Build/Intermediates.noindex/EagerLinkingTBDs/Debug -F/Users/runner/work/orbit/orbit/.a1-probe/.dd-mac/Build/Products/Debug -iframework /Applications/Xcode_26.6.app/Contents/Developer/Platforms/MacOSX.platform/Developer/Library/Frameworks -filelist /Users/runner/work/orbit/orbit/.a1-probe/.dd-mac/Build/Intermediates.noindex/cmark-gfm.build/Debug/cmark-gfm.build/Objects-normal/arm64/cmark-gfm.LinkFileList -nostdlib -Xlinker -object_path_lto -Xlinker /Users/runner/work/orbit/orbit/.a1-probe/.dd-mac/Build/Intermediates.noindex/cmark-gfm.build/Debug/cmark-gfm.build/Objects-normal/arm64/cmark-gfm_lto.o -Xlinker -no_deduplicate -Xlinker -dependency_info -Xlinker /Users/runner/work/orbit/orbit/.a1-probe/.dd-mac/Build/Intermediates.noindex/cmark-gfm.build/Debug/cmark-gfm.build/Objects-normal/arm64/cmark-gfm_dependency_info.dat -o /Users/runner/work/orbit/orbit/.a1-probe/.dd-mac/Build/Products/Debug/cmark-gfm.o

SwiftExplicitDependencyGeneratePcm arm64 /Users/runner/work/orbit/orbit/.a1-probe/.dd-mac/ModuleCache.noindex/_DarwinFoundation3-ER7U40Q2LD3YE9Y1P0JSIN0GY.pcm

CodeSign /Users/runner/work/orbit/orbit/.a1-probe/.dd-mac/Build/Products/Debug/CAtomic.o (in target 'CAtomic' from project 'swift-markdown')
    cd /Users/runner/work/orbit/orbit/.a1-probe/.dd-mac/SourcePackages/checkouts/swift-markdown
    
    Signing Identity:     "Sign to Run Locally"
    
    /usr/bin/codesign --force --sign - --timestamp\=none --generate-entitlement-der /Users/runner/work/orbit/orbit/.a1-probe/.dd-mac/Build/Products/Debug/CAtomic.o

CodeSign /Users/runner/work/orbit/orbit/.a1-probe/.dd-mac/Build/Products/Debug/cmark-gfm.o (in target 'cmark-gfm' from project 'cmark-gfm')
    cd /Users/runner/work/orbit/orbit/.a1-probe/.dd-mac/SourcePackages/checkouts/swift-cmark
    
    Signing Identity:     "Sign to Run Locally"
    
    /usr/bin/codesign --force --sign - --timestamp\=none --generate-entitlement-der /Users/runner/work/orbit/orbit/.a1-probe/.dd-mac/Build/Products/Debug/cmark-gfm.o

RegisterExecutionPolicyException /Users/runner/work/orbit/orbit/.a1-probe/.dd-mac/Build/Products/Debug/cmark-gfm.o (in target 'cmark-gfm' from project 'cmark-gfm')
    cd /Users/runner/work/orbit/orbit/.a1-probe/.dd-mac/SourcePackages/checkouts/swift-cmark
    builtin-RegisterExecutionPolicyException /Users/runner/work/orbit/orbit/.a1-probe/.dd-mac/Build/Products/Debug/cmark-gfm.o

RegisterExecutionPolicyException /Users/runner/work/orbit/orbit/.a1-probe/.dd-mac/Build/Products/Debug/CAtomic.o (in target 'CAtomic' from project 'swift-markdown')
    cd /Users/runner/work/orbit/orbit/.a1-probe/.dd-mac/SourcePackages/checkouts/swift-markdown
    builtin-RegisterExecutionPolicyException /Users/runner/work/orbit/orbit/.a1-probe/.dd-mac/Build/Products/Debug/CAtomic.o

Ld /Users/runner/work/orbit/orbit/.a1-probe/.dd-mac/Build/Products/Debug/cmark-gfm-extensions.o normal (in target 'cmark-gfm-extensions' from project 'cmark-gfm')
    cd /Users/runner/work/orbit/orbit/.a1-probe/.dd-mac/SourcePackages/checkouts/swift-cmark
    /Applications/Xcode_26.6.app/Contents/Developer/Toolchains/XcodeDefault.xctoolchain/usr/bin/clang -Xlinker -reproducible -target arm64-apple-macos10.13 -r -isysroot /Applications/Xcode_26.6.app/Contents/Developer/Platforms/MacOSX.platform/Developer/SDKs/MacOSX26.5.sdk -O0 -w -F/Users/runner/work/orbit/orbit/.a1-probe/.dd-mac/Build/Intermediates.noindex/EagerLinkingTBDs/Debug -F/Users/runner/work/orbit/orbit/.a1-probe/.dd-mac/Build/Products/Debug/PackageFrameworks -F/Users/runner/work/orbit/orbit/.a1-probe/.dd-mac/Build/Products/Debug -iframework /Applications/Xcode_26.6.app/Contents/Developer/Platforms/MacOSX.platform/Developer/Library/Frameworks -filelist /Users/runner/work/orbit/orbit/.a1-probe/.dd-mac/Build/Intermediates.noindex/cmark-gfm.build/Debug/cmark-gfm-extensions.build/Objects-normal/arm64/cmark-gfm-extensions.LinkFileList -nostdlib -Xlinker -object_path_lto -Xlinker /Users/runner/work/orbit/orbit/.a1-probe/.dd-mac/Build/Intermediates.noindex/cmark-gfm.build/Debug/cmark-gfm-extensions.build/Objects-normal/arm64/cmark-gfm-extensions_lto.o -Xlinker -no_deduplicate -Xlinker -dependency_info -Xlinker /Users/runner/work/orbit/orbit/.a1-probe/.dd-mac/Build/Intermediates.noindex/cmark-gfm.build/Debug/cmark-gfm-extensions.build/Objects-normal/arm64/cmark-gfm-extensions_dependency_info.dat -o /Users/runner/work/orbit/orbit/.a1-probe/.dd-mac/Build/Products/Debug/cmark-gfm-extensions.o

CodeSign /Users/runner/work/orbit/orbit/.a1-probe/.dd-mac/Build/Products/Debug/cmark-gfm-extensions.o (in target 'cmark-gfm-extensions' from project 'cmark-gfm')
    cd /Users/runner/work/orbit/orbit/.a1-probe/.dd-mac/SourcePackages/checkouts/swift-cmark
    
    Signing Identity:     "Sign to Run Locally"
    
    /usr/bin/codesign --force --sign - --timestamp\=none --generate-entitlement-der /Users/runner/work/orbit/orbit/.a1-probe/.dd-mac/Build/Products/Debug/cmark-gfm-extensions.o

RegisterExecutionPolicyException /Users/runner/work/orbit/orbit/.a1-probe/.dd-mac/Build/Products/Debug/cmark-gfm-extensions.o (in target 'cmark-gfm-extensions' from project 'cmark-gfm')
    cd /Users/runner/work/orbit/orbit/.a1-probe/.dd-mac/SourcePackages/checkouts/swift-cmark
    builtin-RegisterExecutionPolicyException /Users/runner/work/orbit/orbit/.a1-probe/.dd-mac/Build/Products/Debug/cmark-gfm-extensions.o

SwiftExplicitDependencyGeneratePcm arm64 /Users/runner/work/orbit/orbit/.a1-probe/.dd-mac/Build/Intermediates.noindex/SwiftExplicitPrecompiledModules/cmark_gfm-8CF08BO8VLB0QDSBFUUQMAN8H.pcm

SwiftExplicitDependencyGeneratePcm arm64 /Users/runner/work/orbit/orbit/.a1-probe/.dd-mac/ModuleCache.noindex/_Builtin_inttypes-3FWXPI6F82M9FLYBOJLWPUH94.pcm

SwiftExplicitDependencyGeneratePcm arm64 /Users/runner/work/orbit/orbit/.a1-probe/.dd-mac/ModuleCache.noindex/Darwin-E3PHK4ZIU6DM02NQMXI7Y7OC1.pcm

SwiftExplicitDependencyGeneratePcm arm64 /Users/runner/work/orbit/orbit/.a1-probe/.dd-mac/Build/Intermediates.noindex/SwiftExplicitPrecompiledModules/cmark_gfm_extensions-5C5CI9JYM46YBYNTQI29B1ABZ.pcm

SwiftExplicitDependencyGeneratePcm arm64 /Users/runner/work/orbit/orbit/.a1-probe/.dd-mac/ModuleCache.noindex/libkern-CG1SLKH7VBIIQUQB92DMIM5UU.pcm

SwiftExplicitDependencyGeneratePcm arm64 /Users/runner/work/orbit/orbit/.a1-probe/.dd-mac/ModuleCache.noindex/MachO-6JXQ99EROL8EKMCENGZL8NIMA.pcm

SwiftExplicitDependencyGeneratePcm arm64 /Users/runner/work/orbit/orbit/.a1-probe/.dd-mac/ModuleCache.noindex/launch-1PCOQL6B84JJ7Y35TO4LBA8F4.pcm

SwiftExplicitDependencyGeneratePcm arm64 /Users/runner/work/orbit/orbit/.a1-probe/.dd-mac/ModuleCache.noindex/ObjectiveC-98EK7A7BNM61EGFCTA4JDRNX4.pcm

SwiftExplicitDependencyGeneratePcm arm64 /Users/runner/work/orbit/orbit/.a1-probe/.dd-mac/ModuleCache.noindex/os_object-TGKL3ATP776RYLG1NAWM1AXF.pcm

SwiftExplicitDependencyGeneratePcm arm64 /Users/runner/work/orbit/orbit/.a1-probe/.dd-mac/ModuleCache.noindex/os_workgroup-1TZWNJFUD0X2JT4CFVIRMM3I8.pcm

SwiftExplicitDependencyGeneratePcm arm64 /Users/runner/work/orbit/orbit/.a1-probe/.dd-mac/ModuleCache.noindex/Dispatch-A7IWK48YEX14BIJ1XTADUMH42.pcm

SwiftExplicitDependencyGeneratePcm arm64 /Users/runner/work/orbit/orbit/.a1-probe/.dd-mac/ModuleCache.noindex/XPC-DOQRC8UO8566IUYLBBEYHGHG.pcm

SwiftExplicitDependencyGeneratePcm arm64 /Users/runner/work/orbit/orbit/.a1-probe/.dd-mac/ModuleCache.noindex/CoreFoundation-EJ7PHGAG1G9VNGFC5XNDQ8LXD.pcm

SwiftExplicitDependencyGeneratePcm arm64 /Users/runner/work/orbit/orbit/.a1-probe/.dd-mac/ModuleCache.noindex/IOKit-3Q84C6BH4PXZVNGYKL8HHBYP7.pcm

SwiftExplicitDependencyGeneratePcm arm64 /Users/runner/work/orbit/orbit/.a1-probe/.dd-mac/ModuleCache.noindex/CFNetwork-ABBJ2VT52W97PPQ1L8QITCLSB.pcm

SwiftExplicitDependencyGeneratePcm arm64 /Users/runner/work/orbit/orbit/.a1-probe/.dd-mac/ModuleCache.noindex/Security-DRLHUGDRW3J81R2BJAIQO9NVH.pcm

SwiftExplicitDependencyGeneratePcm arm64 /Users/runner/work/orbit/orbit/.a1-probe/.dd-mac/ModuleCache.noindex/DiskArbitration-180BTXL7T39271JGM289W6L2J.pcm

SwiftExplicitDependencyGeneratePcm arm64 /Users/runner/work/orbit/orbit/.a1-probe/.dd-mac/ModuleCache.noindex/CoreServices-BTN55FLIJXE5MMIK2KLCET2I3.pcm

SwiftExplicitDependencyGeneratePcm arm64 /Users/runner/work/orbit/orbit/.a1-probe/.dd-mac/ModuleCache.noindex/Foundation-D5WTDVXLH9SWVYFH2KYEI4MD7.pcm

SwiftEmitModule normal arm64 Emitting\ module\ for\ Markdown (in target 'Markdown' from project 'swift-markdown')

EmitSwiftModule normal arm64 (in target 'Markdown' from project 'swift-markdown')
    cd /Users/runner/work/orbit/orbit/.a1-probe/A1Probe.xcodeproj
    

SwiftCompile normal arm64 Compiling\ ThematicBreak.swift,\ Table.swift,\ TableBody.swift,\ TableCell.swift,\ TableCellContainer.swift,\ TableHead.swift,\ TableRow.swift,\ Replacement.swift,\ SourceLocation.swift,\ Emphasis.swift,\ Image.swift,\ InlineAttributes.swift,\ Link.swift,\ Strikethrough.swift,\ Strong.swift,\ CustomInline.swift,\ InlineCode.swift,\ InlineHTML.swift,\ LineBreak.swift,\ SoftBreak.swift,\ SymbolLink.swift,\ Text.swift,\ Aside.swift /Users/runner/work/orbit/orbit/.a1-probe/.dd-mac/SourcePackages/checkouts/swift-markdown/Sources/Markdown/Block\ Nodes/Leaf\ Blocks/ThematicBreak.swift /Users/runner/work/orbit/orbit/.a1-probe/.dd-mac/SourcePackages/checkouts/swift-markdown/Sources/Markdown/Block\ Nodes/Tables/Table.swift /Users/runner/work/orbit/orbit/.a1-probe/.dd-mac/SourcePackages/checkouts/swift-markdown/Sources/Markdown/Block\ Nodes/Tables/TableBody.swift /Users/runner/work/orbit/orbit/.a1-probe/.dd-mac/SourcePackages/checkouts/swift-markdown/Sources/Markdown/Block\ Nodes/Tables/TableCell.swift /Users/runner/work/orbit/orbit/.a1-probe/.dd-mac/SourcePackages/checkouts/swift-markdown/Sources/Markdown/Block\ Nodes/Tables/TableCellContainer.swift /Users/runner/work/orbit/orbit/.a1-probe/.dd-mac/SourcePackages/checkouts/swift-markdown/Sources/Markdown/Block\ Nodes/Tables/TableHead.swift /Users/runner/work/orbit/orbit/.a1-probe/.dd-mac/SourcePackages/checkouts/swift-markdown/Sources/Markdown/Block\ Nodes/Tables/TableRow.swift /Users/runner/work/orbit/orbit/.a1-probe/.dd-mac/SourcePackages/checkouts/swift-markdown/Sources/Markdown/Infrastructure/Replacement.swift /Users/runner/work/orbit/orbit/.a1-probe/.dd-mac/SourcePackages/checkouts/swift-markdown/Sources/Markdown/Infrastructure/SourceLocation.swift /Users/runner/work/orbit/orbit/.a1-probe/.dd-mac/SourcePackages/checkouts/swift-markdown/Sources/Markdown/Inline\ Nodes/Inline\ Containers/Emphasis.swift /Users/runner/work/orbit/orbit/.a1-probe/.dd-mac/SourcePackages/checkouts/swift-markdown/Sources/Markdown/Inline\ Nodes/Inline\ Containers/Image.swift /Users/runner/work/orbit/orbit/.a1-probe/.dd-mac/SourcePackages/checkouts/swift-markdown/Sources/Markdown/Inline\ Nodes/Inline\ Containers/InlineAttributes.swift /Users/runner/work/orbit/orbit/.a1-probe/.dd-mac/SourcePackages/checkouts/swift-markdown/Sources/Markdown/Inline\ Nodes/Inline\ Containers/Link.swift /Users/runner/work/orbit/orbit/.a1-probe/.dd-mac/SourcePackages/checkouts/swift-markdown/Sources/Markdown/Inline\ Nodes/Inline\ Containers/Strikethrough.swift /Users/runner/work/orbit/orbit/.a1-probe/.dd-mac/SourcePackages/checkouts/swift-markdown/Sources/Markdown/Inline\ Nodes/Inline\ Containers/Strong.swift /Users/runner/work/orbit/orbit/.a1-probe/.dd-mac/SourcePackages/checkouts/swift-markdown/Sources/Markdown/Inline\ Nodes/Inline\ Leaves/CustomInline.swift /Users/runner/work/orbit/orbit/.a1-probe/.dd-mac/SourcePackages/checkouts/swift-markdown/Sources/Markdown/Inline\ Nodes/Inline\ Leaves/InlineCode.swift /Users/runner/work/orbit/orbit/.a1-probe/.dd-mac/SourcePackages/checkouts/swift-markdown/Sources/Markdown/Inline\ Nodes/Inline\ Leaves/InlineHTML.swift /Users/runner/work/orbit/orbit/.a1-probe/.dd-mac/SourcePackages/checkouts/swift-markdown/Sources/Markdown/Inline\ Nodes/Inline\ Leaves/LineBreak.swift /Users/runner/work/orbit/orbit/.a1-probe/.dd-mac/SourcePackages/checkouts/swift-markdown/Sources/Markdown/Inline\ Nodes/Inline\ Leaves/SoftBreak.swift /Users/runner/work/orbit/orbit/.a1-probe/.dd-mac/SourcePackages/checkouts/swift-markdown/Sources/Markdown/Inline\ Nodes/Inline\ Leaves/SymbolLink.swift /Users/runner/work/orbit/orbit/.a1-probe/.dd-mac/SourcePackages/checkouts/swift-markdown/Sources/Markdown/Inline\ Nodes/Inline\ Leaves/Text.swift /Users/runner/work/orbit/orbit/.a1-probe/.dd-mac/SourcePackages/checkouts/swift-markdown/Sources/Markdown/Interpretive\ Nodes/Aside.swift (in target 'Markdown' from project 'swift-markdown')
SwiftCompile normal arm64 /Users/runner/work/orbit/orbit/.a1-probe/.dd-mac/SourcePackages/checkouts/swift-markdown/Sources/Markdown/Block\ Nodes/Leaf\ Blocks/ThematicBreak.swift (in target 'Markdown' from project 'swift-markdown')
    cd /Users/runner/work/orbit/orbit/.a1-probe/A1Probe.xcodeproj
    

SwiftCompile normal arm64 /Users/runner/work/orbit/orbit/.a1-probe/.dd-mac/SourcePackages/checkouts/swift-markdown/Sources/Markdown/Block\ Nodes/Tables/Table.swift (in target 'Markdown' from project 'swift-markdown')
    cd /Users/runner/work/orbit/orbit/.a1-probe/A1Probe.xcodeproj
    

SwiftCompile normal arm64 /Users/runner/work/orbit/orbit/.a1-probe/.dd-mac/SourcePackages/checkouts/swift-markdown/Sources/Markdown/Block\ Nodes/Tables/TableBody.swift (in target 'Markdown' from project 'swift-markdown')
    cd /Users/runner/work/orbit/orbit/.a1-probe/A1Probe.xcodeproj
    

SwiftCompile normal arm64 /Users/runner/work/orbit/orbit/.a1-probe/.dd-mac/SourcePackages/checkouts/swift-markdown/Sources/Markdown/Block\ Nodes/Tables/TableCell.swift (in target 'Markdown' from project 'swift-markdown')
    cd /Users/runner/work/orbit/orbit/.a1-probe/A1Probe.xcodeproj
    

SwiftCompile normal arm64 /Users/runner/work/orbit/orbit/.a1-probe/.dd-mac/SourcePackages/checkouts/swift-markdown/Sources/Markdown/Block\ Nodes/Tables/TableCellContainer.swift (in target 'Markdown' from project 'swift-markdown')
    cd /Users/runner/work/orbit/orbit/.a1-probe/A1Probe.xcodeproj
    

SwiftCompile normal arm64 /Users/runner/work/orbit/orbit/.a1-probe/.dd-mac/SourcePackages/checkouts/swift-markdown/Sources/Markdown/Block\ Nodes/Tables/TableHead.swift (in target 'Markdown' from project 'swift-markdown')
    cd /Users/runner/work/orbit/orbit/.a1-probe/A1Probe.xcodeproj
    

SwiftCompile normal arm64 /Users/runner/work/orbit/orbit/.a1-probe/.dd-mac/SourcePackages/checkouts/swift-markdown/Sources/Markdown/Block\ Nodes/Tables/TableRow.swift (in target 'Markdown' from project 'swift-markdown')
    cd /Users/runner/work/orbit/orbit/.a1-probe/A1Probe.xcodeproj
    

SwiftCompile normal arm64 /Users/runner/work/orbit/orbit/.a1-probe/.dd-mac/SourcePackages/checkouts/swift-markdown/Sources/Markdown/Infrastructure/Replacement.swift (in target 'Markdown' from project 'swift-markdown')
    cd /Users/runner/work/orbit/orbit/.a1-probe/A1Probe.xcodeproj
    

SwiftCompile normal arm64 /Users/runner/work/orbit/orbit/.a1-probe/.dd-mac/SourcePackages/checkouts/swift-markdown/Sources/Markdown/Infrastructure/SourceLocation.swift (in target 'Markdown' from project 'swift-markdown')
    cd /Users/runner/work/orbit/orbit/.a1-probe/A1Probe.xcodeproj
    

SwiftCompile normal arm64 /Users/runner/work/orbit/orbit/.a1-probe/.dd-mac/SourcePackages/checkouts/swift-markdown/Sources/Markdown/Inline\ Nodes/Inline\ Containers/Emphasis.swift (in target 'Markdown' from project 'swift-markdown')
    cd /Users/runner/work/orbit/orbit/.a1-probe/A1Probe.xcodeproj
    

SwiftCompile normal arm64 /Users/runner/work/orbit/orbit/.a1-probe/.dd-mac/SourcePackages/checkouts/swift-markdown/Sources/Markdown/Inline\ Nodes/Inline\ Containers/Image.swift (in target 'Markdown' from project 'swift-markdown')
    cd /Users/runner/work/orbit/orbit/.a1-probe/A1Probe.xcodeproj
    

SwiftCompile normal arm64 /Users/runner/work/orbit/orbit/.a1-probe/.dd-mac/SourcePackages/checkouts/swift-markdown/Sources/Markdown/Inline\ Nodes/Inline\ Containers/InlineAttributes.swift (in target 'Markdown' from project 'swift-markdown')
    cd /Users/runner/work/orbit/orbit/.a1-probe/A1Probe.xcodeproj
    

SwiftCompile normal arm64 /Users/runner/work/orbit/orbit/.a1-probe/.dd-mac/SourcePackages/checkouts/swift-markdown/Sources/Markdown/Inline\ Nodes/Inline\ Containers/Link.swift (in target 'Markdown' from project 'swift-markdown')
    cd /Users/runner/work/orbit/orbit/.a1-probe/A1Probe.xcodeproj
    

SwiftCompile normal arm64 /Users/runner/work/orbit/orbit/.a1-probe/.dd-mac/SourcePackages/checkouts/swift-markdown/Sources/Markdown/Inline\ Nodes/Inline\ Containers/Strikethrough.swift (in target 'Markdown' from project 'swift-markdown')
    cd /Users/runner/work/orbit/orbit/.a1-probe/A1Probe.xcodeproj
    

SwiftCompile normal arm64 /Users/runner/work/orbit/orbit/.a1-probe/.dd-mac/SourcePackages/checkouts/swift-markdown/Sources/Markdown/Inline\ Nodes/Inline\ Containers/Strong.swift (in target 'Markdown' from project 'swift-markdown')
    cd /Users/runner/work/orbit/orbit/.a1-probe/A1Probe.xcodeproj
    

SwiftCompile normal arm64 /Users/runner/work/orbit/orbit/.a1-probe/.dd-mac/SourcePackages/checkouts/swift-markdown/Sources/Markdown/Inline\ Nodes/Inline\ Leaves/CustomInline.swift (in target 'Markdown' from project 'swift-markdown')
    cd /Users/runner/work/orbit/orbit/.a1-probe/A1Probe.xcodeproj
    

SwiftCompile normal arm64 /Users/runner/work/orbit/orbit/.a1-probe/.dd-mac/SourcePackages/checkouts/swift-markdown/Sources/Markdown/Inline\ Nodes/Inline\ Leaves/InlineCode.swift (in target 'Markdown' from project 'swift-markdown')
    cd /Users/runner/work/orbit/orbit/.a1-probe/A1Probe.xcodeproj
    

SwiftCompile normal arm64 /Users/runner/work/orbit/orbit/.a1-probe/.dd-mac/SourcePackages/checkouts/swift-markdown/Sources/Markdown/Inline\ Nodes/Inline\ Leaves/InlineHTML.swift (in target 'Markdown' from project 'swift-markdown')
    cd /Users/runner/work/orbit/orbit/.a1-probe/A1Probe.xcodeproj
    

SwiftCompile normal arm64 /Users/runner/work/orbit/orbit/.a1-probe/.dd-mac/SourcePackages/checkouts/swift-markdown/Sources/Markdown/Inline\ Nodes/Inline\ Leaves/LineBreak.swift (in target 'Markdown' from project 'swift-markdown')
    cd /Users/runner/work/orbit/orbit/.a1-probe/A1Probe.xcodeproj
    

SwiftCompile normal arm64 /Users/runner/work/orbit/orbit/.a1-probe/.dd-mac/SourcePackages/checkouts/swift-markdown/Sources/Markdown/Inline\ Nodes/Inline\ Leaves/SoftBreak.swift (in target 'Markdown' from project 'swift-markdown')
    cd /Users/runner/work/orbit/orbit/.a1-probe/A1Probe.xcodeproj
    

SwiftCompile normal arm64 /Users/runner/work/orbit/orbit/.a1-probe/.dd-mac/SourcePackages/checkouts/swift-markdown/Sources/Markdown/Inline\ Nodes/Inline\ Leaves/SymbolLink.swift (in target 'Markdown' from project 'swift-markdown')
    cd /Users/runner/work/orbit/orbit/.a1-probe/A1Probe.xcodeproj
    

SwiftCompile normal arm64 /Users/runner/work/orbit/orbit/.a1-probe/.dd-mac/SourcePackages/checkouts/swift-markdown/Sources/Markdown/Inline\ Nodes/Inline\ Leaves/Text.swift (in target 'Markdown' from project 'swift-markdown')
    cd /Users/runner/work/orbit/orbit/.a1-probe/A1Probe.xcodeproj
    

SwiftCompile normal arm64 /Users/runner/work/orbit/orbit/.a1-probe/.dd-mac/SourcePackages/checkouts/swift-markdown/Sources/Markdown/Interpretive\ Nodes/Aside.swift (in target 'Markdown' from project 'swift-markdown')
    cd /Users/runner/work/orbit/orbit/.a1-probe/A1Probe.xcodeproj
    

SwiftCompile normal arm64 Compiling\ ChildIndexPath.swift,\ DirectiveArgument.swift,\ Document.swift,\ LiteralMarkup.swift,\ Markup.swift,\ MarkupChildren.swift,\ MarkupData.swift,\ PlainTextConvertibleMarkup.swift,\ RawMarkup.swift,\ BlockDirective.swift,\ BlockQuote.swift,\ CustomBlock.swift,\ DoxygenAbstract.swift,\ DoxygenDiscussion.swift,\ DoxygenNote.swift,\ DoxygenParameter.swift,\ DoxygenReturns.swift,\ ListItem.swift,\ OrderedList.swift,\ UnorderedList.swift,\ Paragraph.swift,\ CodeBlock.swift,\ HTMLBlock.swift,\ Heading.swift /Users/runner/work/orbit/orbit/.a1-probe/.dd-mac/SourcePackages/checkouts/swift-markdown/Sources/Markdown/Base/ChildIndexPath.swift /Users/runner/work/orbit/orbit/.a1-probe/.dd-mac/SourcePackages/checkouts/swift-markdown/Sources/Markdown/Base/DirectiveArgument.swift /Users/runner/work/orbit/orbit/.a1-probe/.dd-mac/SourcePackages/checkouts/swift-markdown/Sources/Markdown/Base/Document.swift /Users/runner/work/orbit/orbit/.a1-probe/.dd-mac/SourcePackages/checkouts/swift-markdown/Sources/Markdown/Base/LiteralMarkup.swift /Users/runner/work/orbit/orbit/.a1-probe/.dd-mac/SourcePackages/checkouts/swift-markdown/Sources/Markdown/Base/Markup.swift /Users/runner/work/orbit/orbit/.a1-probe/.dd-mac/SourcePackages/checkouts/swift-markdown/Sources/Markdown/Base/MarkupChildren.swift /Users/runner/work/orbit/orbit/.a1-probe/.dd-mac/SourcePackages/checkouts/swift-markdown/Sources/Markdown/Base/MarkupData.swift /Users/runner/work/orbit/orbit/.a1-probe/.dd-mac/SourcePackages/checkouts/swift-markdown/Sources/Markdown/Base/PlainTextConvertibleMarkup.swift /Users/runner/work/orbit/orbit/.a1-probe/.dd-mac/SourcePackages/checkouts/swift-markdown/Sources/Markdown/Base/RawMarkup.swift /Users/runner/work/orbit/orbit/.a1-probe/.dd-mac/SourcePackages/checkouts/swift-markdown/Sources/Markdown/Block\ Nodes/Block\ Container\ Blocks/BlockDirective.swift /Users/runner/work/orbit/orbit/.a1-probe/.dd-mac/SourcePackages/checkouts/swift-markdown/Sources/Markdown/Block\ Nodes/Block\ Container\ Blocks/BlockQuote.swift /Users/runner/work/orbit/orbit/.a1-probe/.dd-mac/SourcePackages/checkouts/swift-markdown/Sources/Markdown/Block\ Nodes/Block\ Container\ Blocks/CustomBlock.swift /Users/runner/work/orbit/orbit/.a1-probe/.dd-mac/SourcePackages/checkouts/swift-markdown/Sources/Markdown/Block\ Nodes/Block\ Container\ Blocks/Doxygen\ Commands/DoxygenAbstract.swift /Users/runner/work/orbit/orbit/.a1-probe/.dd-mac/SourcePackages/checkouts/swift-markdown/Sources/Markdown/Block\ Nodes/Block\ Container\ Blocks/Doxygen\ Commands/DoxygenDiscussion.swift /Users/runner/work/orbit/orbit/.a1-probe/.dd-mac/SourcePackages/checkouts/swift-markdown/Sources/Markdown/Block\ Nodes/Block\ Container\ Blocks/Doxygen\ Commands/DoxygenNote.swift /Users/runner/work/orbit/orbit/.a1-probe/.dd-mac/SourcePackages/checkouts/swift-markdown/Sources/Markdown/Block\ Nodes/Block\ Container\ Blocks/Doxygen\ Commands/DoxygenParameter.swift /Users/runner/work/orbit/orbit/.a1-probe/.dd-mac/SourcePackages/checkouts/swift-markdown/Sources/Markdown/Block\ Nodes/Block\ Container\ Blocks/Doxygen\ Commands/DoxygenReturns.swift /Users/runner/work/orbit/orbit/.a1-probe/.dd-mac/SourcePackages/checkouts/swift-markdown/Sources/Markdown/Block\ Nodes/Block\ Container\ Blocks/ListItem.swift /Users/runner/work/orbit/orbit/.a1-probe/.dd-mac/SourcePackages/checkouts/swift-markdown/Sources/Markdown/Block\ Nodes/Block\ Container\ Blocks/OrderedList.swift /Users/runner/work/orbit/orbit/.a1-probe/.dd-mac/SourcePackages/checkouts/swift-markdown/Sources/Markdown/Block\ Nodes/Block\ Container\ Blocks/UnorderedList.swift /Users/runner/work/orbit/orbit/.a1-probe/.dd-mac/SourcePackages/checkouts/swift-markdown/Sources/Markdown/Block\ Nodes/Inline\ Container\ Blocks/Paragraph.swift /Users/runner/work/orbit/orbit/.a1-probe/.dd-mac/SourcePackages/checkouts/swift-markdown/Sources/Markdown/Block\ Nodes/Leaf\ Blocks/CodeBlock.swift /Users/runner/work/orbit/orbit/.a1-probe/.dd-mac/SourcePackages/checkouts/swift-markdown/Sources/Markdown/Block\ Nodes/Leaf\ Blocks/HTMLBlock.swift /Users/runner/work/orbit/orbit/.a1-probe/.dd-mac/SourcePackages/checkouts/swift-markdown/Sources/Markdown/Block\ Nodes/Leaf\ Blocks/Heading.swift (in target 'Markdown' from project 'swift-markdown')
SwiftCompile normal arm64 /Users/runner/work/orbit/orbit/.a1-probe/.dd-mac/SourcePackages/checkouts/swift-markdown/Sources/Markdown/Base/ChildIndexPath.swift (in target 'Markdown' from project 'swift-markdown')
    cd /Users/runner/work/orbit/orbit/.a1-probe/A1Probe.xcodeproj
    

SwiftCompile normal arm64 /Users/runner/work/orbit/orbit/.a1-probe/.dd-mac/SourcePackages/checkouts/swift-markdown/Sources/Markdown/Base/DirectiveArgument.swift (in target 'Markdown' from project 'swift-markdown')
    cd /Users/runner/work/orbit/orbit/.a1-probe/A1Probe.xcodeproj
    

SwiftCompile normal arm64 /Users/runner/work/orbit/orbit/.a1-probe/.dd-mac/SourcePackages/checkouts/swift-markdown/Sources/Markdown/Base/Document.swift (in target 'Markdown' from project 'swift-markdown')
    cd /Users/runner/work/orbit/orbit/.a1-probe/A1Probe.xcodeproj
    

SwiftCompile normal arm64 /Users/runner/work/orbit/orbit/.a1-probe/.dd-mac/SourcePackages/checkouts/swift-markdown/Sources/Markdown/Base/LiteralMarkup.swift (in target 'Markdown' from project 'swift-markdown')
    cd /Users/runner/work/orbit/orbit/.a1-probe/A1Probe.xcodeproj
    

SwiftCompile normal arm64 /Users/runner/work/orbit/orbit/.a1-probe/.dd-mac/SourcePackages/checkouts/swift-markdown/Sources/Markdown/Base/Markup.swift (in target 'Markdown' from project 'swift-markdown')
    cd /Users/runner/work/orbit/orbit/.a1-probe/A1Probe.xcodeproj
    

SwiftCompile normal arm64 /Users/runner/work/orbit/orbit/.a1-probe/.dd-mac/SourcePackages/checkouts/swift-markdown/Sources/Markdown/Base/MarkupChildren.swift (in target 'Markdown' from project 'swift-markdown')
    cd /Users/runner/work/orbit/orbit/.a1-probe/A1Probe.xcodeproj
    

SwiftCompile normal arm64 /Users/runner/work/orbit/orbit/.a1-probe/.dd-mac/SourcePackages/checkouts/swift-markdown/Sources/Markdown/Base/MarkupData.swift (in target 'Markdown' from project 'swift-markdown')
    cd /Users/runner/work/orbit/orbit/.a1-probe/A1Probe.xcodeproj
    

SwiftCompile normal arm64 /Users/runner/work/orbit/orbit/.a1-probe/.dd-mac/SourcePackages/checkouts/swift-markdown/Sources/Markdown/Base/PlainTextConvertibleMarkup.swift (in target 'Markdown' from project 'swift-markdown')
    cd /Users/runner/work/orbit/orbit/.a1-probe/A1Probe.xcodeproj
    

SwiftCompile normal arm64 /Users/runner/work/orbit/orbit/.a1-probe/.dd-mac/SourcePackages/checkouts/swift-markdown/Sources/Markdown/Base/RawMarkup.swift (in target 'Markdown' from project 'swift-markdown')
    cd /Users/runner/work/orbit/orbit/.a1-probe/A1Probe.xcodeproj
    

SwiftCompile normal arm64 /Users/runner/work/orbit/orbit/.a1-probe/.dd-mac/SourcePackages/checkouts/swift-markdown/Sources/Markdown/Block\ Nodes/Block\ Container\ Blocks/BlockDirective.swift (in target 'Markdown' from project 'swift-markdown')
    cd /Users/runner/work/orbit/orbit/.a1-probe/A1Probe.xcodeproj
    

SwiftCompile normal arm64 /Users/runner/work/orbit/orbit/.a1-probe/.dd-mac/SourcePackages/checkouts/swift-markdown/Sources/Markdown/Block\ Nodes/Block\ Container\ Blocks/BlockQuote.swift (in target 'Markdown' from project 'swift-markdown')
    cd /Users/runner/work/orbit/orbit/.a1-probe/A1Probe.xcodeproj
    

SwiftCompile normal arm64 /Users/runner/work/orbit/orbit/.a1-probe/.dd-mac/SourcePackages/checkouts/swift-markdown/Sources/Markdown/Block\ Nodes/Block\ Container\ Blocks/CustomBlock.swift (in target 'Markdown' from project 'swift-markdown')
    cd /Users/runner/work/orbit/orbit/.a1-probe/A1Probe.xcodeproj
    

SwiftCompile normal arm64 /Users/runner/work/orbit/orbit/.a1-probe/.dd-mac/SourcePackages/checkouts/swift-markdown/Sources/Markdown/Block\ Nodes/Block\ Container\ Blocks/Doxygen\ Commands/DoxygenAbstract.swift (in target 'Markdown' from project 'swift-markdown')
    cd /Users/runner/work/orbit/orbit/.a1-probe/A1Probe.xcodeproj
    

SwiftCompile normal arm64 /Users/runner/work/orbit/orbit/.a1-probe/.dd-mac/SourcePackages/checkouts/swift-markdown/Sources/Markdown/Block\ Nodes/Block\ Container\ Blocks/Doxygen\ Commands/DoxygenDiscussion.swift (in target 'Markdown' from project 'swift-markdown')
    cd /Users/runner/work/orbit/orbit/.a1-probe/A1Probe.xcodeproj
    

SwiftCompile normal arm64 /Users/runner/work/orbit/orbit/.a1-probe/.dd-mac/SourcePackages/checkouts/swift-markdown/Sources/Markdown/Block\ Nodes/Block\ Container\ Blocks/Doxygen\ Commands/DoxygenNote.swift (in target 'Markdown' from project 'swift-markdown')
    cd /Users/runner/work/orbit/orbit/.a1-probe/A1Probe.xcodeproj
    

SwiftCompile normal arm64 /Users/runner/work/orbit/orbit/.a1-probe/.dd-mac/SourcePackages/checkouts/swift-markdown/Sources/Markdown/Block\ Nodes/Block\ Container\ Blocks/Doxygen\ Commands/DoxygenParameter.swift (in target 'Markdown' from project 'swift-markdown')
    cd /Users/runner/work/orbit/orbit/.a1-probe/A1Probe.xcodeproj
    

SwiftCompile normal arm64 /Users/runner/work/orbit/orbit/.a1-probe/.dd-mac/SourcePackages/checkouts/swift-markdown/Sources/Markdown/Block\ Nodes/Block\ Container\ Blocks/Doxygen\ Commands/DoxygenReturns.swift (in target 'Markdown' from project 'swift-markdown')
    cd /Users/runner/work/orbit/orbit/.a1-probe/A1Probe.xcodeproj
    

SwiftCompile normal arm64 /Users/runner/work/orbit/orbit/.a1-probe/.dd-mac/SourcePackages/checkouts/swift-markdown/Sources/Markdown/Block\ Nodes/Block\ Container\ Blocks/ListItem.swift (in target 'Markdown' from project 'swift-markdown')
    cd /Users/runner/work/orbit/orbit/.a1-probe/A1Probe.xcodeproj
    

SwiftCompile normal arm64 /Users/runner/work/orbit/orbit/.a1-probe/.dd-mac/SourcePackages/checkouts/swift-markdown/Sources/Markdown/Block\ Nodes/Block\ Container\ Blocks/OrderedList.swift (in target 'Markdown' from project 'swift-markdown')
    cd /Users/runner/work/orbit/orbit/.a1-probe/A1Probe.xcodeproj
    

SwiftCompile normal arm64 /Users/runner/work/orbit/orbit/.a1-probe/.dd-mac/SourcePackages/checkouts/swift-markdown/Sources/Markdown/Block\ Nodes/Block\ Container\ Blocks/UnorderedList.swift (in target 'Markdown' from project 'swift-markdown')
    cd /Users/runner/work/orbit/orbit/.a1-probe/A1Probe.xcodeproj
    

SwiftCompile normal arm64 /Users/runner/work/orbit/orbit/.a1-probe/.dd-mac/SourcePackages/checkouts/swift-markdown/Sources/Markdown/Block\ Nodes/Inline\ Container\ Blocks/Paragraph.swift (in target 'Markdown' from project 'swift-markdown')
    cd /Users/runner/work/orbit/orbit/.a1-probe/A1Probe.xcodeproj
    

SwiftCompile normal arm64 /Users/runner/work/orbit/orbit/.a1-probe/.dd-mac/SourcePackages/checkouts/swift-markdown/Sources/Markdown/Block\ Nodes/Leaf\ Blocks/CodeBlock.swift (in target 'Markdown' from project 'swift-markdown')
    cd /Users/runner/work/orbit/orbit/.a1-probe/A1Probe.xcodeproj
    

SwiftCompile normal arm64 /Users/runner/work/orbit/orbit/.a1-probe/.dd-mac/SourcePackages/checkouts/swift-markdown/Sources/Markdown/Block\ Nodes/Leaf\ Blocks/HTMLBlock.swift (in target 'Markdown' from project 'swift-markdown')
    cd /Users/runner/work/orbit/orbit/.a1-probe/A1Probe.xcodeproj
    

SwiftCompile normal arm64 /Users/runner/work/orbit/orbit/.a1-probe/.dd-mac/SourcePackages/checkouts/swift-markdown/Sources/Markdown/Block\ Nodes/Leaf\ Blocks/Heading.swift (in target 'Markdown' from project 'swift-markdown')
    cd /Users/runner/work/orbit/orbit/.a1-probe/A1Probe.xcodeproj
    

SwiftCompile normal arm64 Compiling\ BlockDirectiveParser.swift,\ CommonMarkConverter.swift,\ LazySplitLines.swift,\ ParseOptions.swift,\ RangeAdjuster.swift,\ RangerTracker.swift,\ MarkupRewriter.swift,\ BasicBlockContainer.swift,\ BasicInlineContainer.swift,\ BlockContainer.swift,\ BlockMarkup.swift,\ InlineContainer.swift,\ InlineMarkup.swift,\ ListItemContainer.swift,\ AtomicCounter.swift,\ CharacterExtensions.swift,\ CollectionExtensions.swift,\ StringExtensions.swift,\ MarkupVisitor.swift,\ MarkupWalker.swift,\ HTMLFormatter.swift,\ MarkupFormatter.swift,\ MarkupTreeDumper.swift /Users/runner/work/orbit/orbit/.a1-probe/.dd-mac/SourcePackages/checkouts/swift-markdown/Sources/Markdown/Parser/BlockDirectiveParser.swift /Users/runner/work/orbit/orbit/.a1-probe/.dd-mac/SourcePackages/checkouts/swift-markdown/Sources/Markdown/Parser/CommonMarkConverter.swift /Users/runner/work/orbit/orbit/.a1-probe/.dd-mac/SourcePackages/checkouts/swift-markdown/Sources/Markdown/Parser/LazySplitLines.swift /Users/runner/work/orbit/orbit/.a1-probe/.dd-mac/SourcePackages/checkouts/swift-markdown/Sources/Markdown/Parser/ParseOptions.swift /Users/runner/work/orbit/orbit/.a1-probe/.dd-mac/SourcePackages/checkouts/swift-markdown/Sources/Markdown/Parser/RangeAdjuster.swift /Users/runner/work/orbit/orbit/.a1-probe/.dd-mac/SourcePackages/checkouts/swift-markdown/Sources/Markdown/Parser/RangerTracker.swift /Users/runner/work/orbit/orbit/.a1-probe/.dd-mac/SourcePackages/checkouts/swift-markdown/Sources/Markdown/Rewriter/MarkupRewriter.swift /Users/runner/work/orbit/orbit/.a1-probe/.dd-mac/SourcePackages/checkouts/swift-markdown/Sources/Markdown/Structural\ Restrictions/BasicBlockContainer.swift /Users/runner/work/orbit/orbit/.a1-probe/.dd-mac/SourcePackages/checkouts/swift-markdown/Sources/Markdown/Structural\ Restrictions/BasicInlineContainer.swift /Users/runner/work/orbit/orbit/.a1-probe/.dd-mac/SourcePackages/checkouts/swift-markdown/Sources/Markdown/Structural\ Restrictions/BlockContainer.swift /Users/runner/work/orbit/orbit/.a1-probe/.dd-mac/SourcePackages/checkouts/swift-markdown/Sources/Markdown/Structural\ Restrictions/BlockMarkup.swift /Users/runner/work/orbit/orbit/.a1-probe/.dd-mac/SourcePackages/checkouts/swift-markdown/Sources/Markdown/Structural\ Restrictions/InlineContainer.swift /Users/runner/work/orbit/orbit/.a1-probe/.dd-mac/SourcePackages/checkouts/swift-markdown/Sources/Markdown/Structural\ Restrictions/InlineMarkup.swift /Users/runner/work/orbit/orbit/.a1-probe/.dd-mac/SourcePackages/checkouts/swift-markdown/Sources/Markdown/Structural\ Restrictions/ListItemContainer.swift /Users/runner/work/orbit/orbit/.a1-probe/.dd-mac/SourcePackages/checkouts/swift-markdown/Sources/Markdown/Utility/AtomicCounter.swift /Users/runner/work/orbit/orbit/.a1-probe/.dd-mac/SourcePackages/checkouts/swift-markdown/Sources/Markdown/Utility/CharacterExtensions.swift /Users/runner/work/orbit/orbit/.a1-probe/.dd-mac/SourcePackages/checkouts/swift-markdown/Sources/Markdown/Utility/CollectionExtensions.swift /Users/runner/work/orbit/orbit/.a1-probe/.dd-mac/SourcePackages/checkouts/swift-markdown/Sources/Markdown/Utility/StringExtensions.swift /Users/runner/work/orbit/orbit/.a1-probe/.dd-mac/SourcePackages/checkouts/swift-markdown/Sources/Markdown/Visitor/MarkupVisitor.swift /Users/runner/work/orbit/orbit/.a1-probe/.dd-mac/SourcePackages/checkouts/swift-markdown/Sources/Markdown/Walker/MarkupWalker.swift /Users/runner/work/orbit/orbit/.a1-probe/.dd-mac/SourcePackages/checkouts/swift-markdown/Sources/Markdown/Walker/Walkers/HTMLFormatter.swift /Users/runner/work/orbit/orbit/.a1-probe/.dd-mac/SourcePackages/checkouts/swift-markdown/Sources/Markdown/Walker/Walkers/MarkupFormatter.swift /Users/runner/work/orbit/orbit/.a1-probe/.dd-mac/SourcePackages/checkouts/swift-markdown/Sources/Markdown/Walker/Walkers/MarkupTreeDumper.swift (in target 'Markdown' from project 'swift-markdown')
SwiftCompile normal arm64 /Users/runner/work/orbit/orbit/.a1-probe/.dd-mac/SourcePackages/checkouts/swift-markdown/Sources/Markdown/Parser/BlockDirectiveParser.swift (in target 'Markdown' from project 'swift-markdown')
    cd /Users/runner/work/orbit/orbit/.a1-probe/A1Probe.xcodeproj
    

SwiftCompile normal arm64 /Users/runner/work/orbit/orbit/.a1-probe/.dd-mac/SourcePackages/checkouts/swift-markdown/Sources/Markdown/Parser/CommonMarkConverter.swift (in target 'Markdown' from project 'swift-markdown')
    cd /Users/runner/work/orbit/orbit/.a1-probe/A1Probe.xcodeproj
    

SwiftCompile normal arm64 /Users/runner/work/orbit/orbit/.a1-probe/.dd-mac/SourcePackages/checkouts/swift-markdown/Sources/Markdown/Parser/LazySplitLines.swift (in target 'Markdown' from project 'swift-markdown')
    cd /Users/runner/work/orbit/orbit/.a1-probe/A1Probe.xcodeproj
    

SwiftCompile normal arm64 /Users/runner/work/orbit/orbit/.a1-probe/.dd-mac/SourcePackages/checkouts/swift-markdown/Sources/Markdown/Parser/ParseOptions.swift (in target 'Markdown' from project 'swift-markdown')
    cd /Users/runner/work/orbit/orbit/.a1-probe/A1Probe.xcodeproj
    

SwiftCompile normal arm64 /Users/runner/work/orbit/orbit/.a1-probe/.dd-mac/SourcePackages/checkouts/swift-markdown/Sources/Markdown/Parser/RangeAdjuster.swift (in target 'Markdown' from project 'swift-markdown')
    cd /Users/runner/work/orbit/orbit/.a1-probe/A1Probe.xcodeproj
    

SwiftCompile normal arm64 /Users/runner/work/orbit/orbit/.a1-probe/.dd-mac/SourcePackages/checkouts/swift-markdown/Sources/Markdown/Parser/RangerTracker.swift (in target 'Markdown' from project 'swift-markdown')
    cd /Users/runner/work/orbit/orbit/.a1-probe/A1Probe.xcodeproj
    

SwiftCompile normal arm64 /Users/runner/work/orbit/orbit/.a1-probe/.dd-mac/SourcePackages/checkouts/swift-markdown/Sources/Markdown/Rewriter/MarkupRewriter.swift (in target 'Markdown' from project 'swift-markdown')
    cd /Users/runner/work/orbit/orbit/.a1-probe/A1Probe.xcodeproj
    

SwiftCompile normal arm64 /Users/runner/work/orbit/orbit/.a1-probe/.dd-mac/SourcePackages/checkouts/swift-markdown/Sources/Markdown/Structural\ Restrictions/BasicBlockContainer.swift (in target 'Markdown' from project 'swift-markdown')
    cd /Users/runner/work/orbit/orbit/.a1-probe/A1Probe.xcodeproj
    

SwiftCompile normal arm64 /Users/runner/work/orbit/orbit/.a1-probe/.dd-mac/SourcePackages/checkouts/swift-markdown/Sources/Markdown/Structural\ Restrictions/BasicInlineContainer.swift (in target 'Markdown' from project 'swift-markdown')
    cd /Users/runner/work/orbit/orbit/.a1-probe/A1Probe.xcodeproj
    

SwiftCompile normal arm64 /Users/runner/work/orbit/orbit/.a1-probe/.dd-mac/SourcePackages/checkouts/swift-markdown/Sources/Markdown/Structural\ Restrictions/BlockContainer.swift (in target 'Markdown' from project 'swift-markdown')
    cd /Users/runner/work/orbit/orbit/.a1-probe/A1Probe.xcodeproj
    

SwiftCompile normal arm64 /Users/runner/work/orbit/orbit/.a1-probe/.dd-mac/SourcePackages/checkouts/swift-markdown/Sources/Markdown/Structural\ Restrictions/BlockMarkup.swift (in target 'Markdown' from project 'swift-markdown')
    cd /Users/runner/work/orbit/orbit/.a1-probe/A1Probe.xcodeproj
    

SwiftCompile normal arm64 /Users/runner/work/orbit/orbit/.a1-probe/.dd-mac/SourcePackages/checkouts/swift-markdown/Sources/Markdown/Structural\ Restrictions/InlineContainer.swift (in target 'Markdown' from project 'swift-markdown')
    cd /Users/runner/work/orbit/orbit/.a1-probe/A1Probe.xcodeproj
    

SwiftCompile normal arm64 /Users/runner/work/orbit/orbit/.a1-probe/.dd-mac/SourcePackages/checkouts/swift-markdown/Sources/Markdown/Structural\ Restrictions/InlineMarkup.swift (in target 'Markdown' from project 'swift-markdown')
    cd /Users/runner/work/orbit/orbit/.a1-probe/A1Probe.xcodeproj
    

SwiftCompile normal arm64 /Users/runner/work/orbit/orbit/.a1-probe/.dd-mac/SourcePackages/checkouts/swift-markdown/Sources/Markdown/Structural\ Restrictions/ListItemContainer.swift (in target 'Markdown' from project 'swift-markdown')
    cd /Users/runner/work/orbit/orbit/.a1-probe/A1Probe.xcodeproj
    

SwiftCompile normal arm64 /Users/runner/work/orbit/orbit/.a1-probe/.dd-mac/SourcePackages/checkouts/swift-markdown/Sources/Markdown/Utility/AtomicCounter.swift (in target 'Markdown' from project 'swift-markdown')
    cd /Users/runner/work/orbit/orbit/.a1-probe/A1Probe.xcodeproj
    

SwiftCompile normal arm64 /Users/runner/work/orbit/orbit/.a1-probe/.dd-mac/SourcePackages/checkouts/swift-markdown/Sources/Markdown/Utility/CharacterExtensions.swift (in target 'Markdown' from project 'swift-markdown')
    cd /Users/runner/work/orbit/orbit/.a1-probe/A1Probe.xcodeproj
    

SwiftCompile normal arm64 /Users/runner/work/orbit/orbit/.a1-probe/.dd-mac/SourcePackages/checkouts/swift-markdown/Sources/Markdown/Utility/CollectionExtensions.swift (in target 'Markdown' from project 'swift-markdown')
    cd /Users/runner/work/orbit/orbit/.a1-probe/A1Probe.xcodeproj
    

SwiftCompile normal arm64 /Users/runner/work/orbit/orbit/.a1-probe/.dd-mac/SourcePackages/checkouts/swift-markdown/Sources/Markdown/Utility/StringExtensions.swift (in target 'Markdown' from project 'swift-markdown')
    cd /Users/runner/work/orbit/orbit/.a1-probe/A1Probe.xcodeproj
    

SwiftCompile normal arm64 /Users/runner/work/orbit/orbit/.a1-probe/.dd-mac/SourcePackages/checkouts/swift-markdown/Sources/Markdown/Visitor/MarkupVisitor.swift (in target 'Markdown' from project 'swift-markdown')
    cd /Users/runner/work/orbit/orbit/.a1-probe/A1Probe.xcodeproj
    

SwiftCompile normal arm64 /Users/runner/work/orbit/orbit/.a1-probe/.dd-mac/SourcePackages/checkouts/swift-markdown/Sources/Markdown/Walker/MarkupWalker.swift (in target 'Markdown' from project 'swift-markdown')
    cd /Users/runner/work/orbit/orbit/.a1-probe/A1Probe.xcodeproj
    

SwiftCompile normal arm64 /Users/runner/work/orbit/orbit/.a1-probe/.dd-mac/SourcePackages/checkouts/swift-markdown/Sources/Markdown/Walker/Walkers/HTMLFormatter.swift (in target 'Markdown' from project 'swift-markdown')
    cd /Users/runner/work/orbit/orbit/.a1-probe/A1Probe.xcodeproj
    

SwiftCompile normal arm64 /Users/runner/work/orbit/orbit/.a1-probe/.dd-mac/SourcePackages/checkouts/swift-markdown/Sources/Markdown/Walker/Walkers/MarkupFormatter.swift (in target 'Markdown' from project 'swift-markdown')
    cd /Users/runner/work/orbit/orbit/.a1-probe/A1Probe.xcodeproj
    

SwiftCompile normal arm64 /Users/runner/work/orbit/orbit/.a1-probe/.dd-mac/SourcePackages/checkouts/swift-markdown/Sources/Markdown/Walker/Walkers/MarkupTreeDumper.swift (in target 'Markdown' from project 'swift-markdown')
    cd /Users/runner/work/orbit/orbit/.a1-probe/A1Probe.xcodeproj
    

SwiftDriverJobDiscovery normal arm64 Emitting module for Markdown (in target 'Markdown' from project 'swift-markdown')

SwiftDriver\ Compilation\ Requirements Markdown normal arm64 com.apple.xcode.tools.swift.compiler (in target 'Markdown' from project 'swift-markdown')
    cd /Users/runner/work/orbit/orbit/.a1-probe/A1Probe.xcodeproj
    builtin-Swift-Compilation-Requirements -- /Applications/Xcode_26.6.app/Contents/Developer/Toolchains/XcodeDefault.xctoolchain/usr/bin/swiftc -module-name Markdown -Onone @/Users/runner/work/orbit/orbit/.a1-probe/.dd-mac/Build/Intermediates.noindex/swift-markdown.build/Debug/Markdown.build/Objects-normal/arm64/Markdown.SwiftFileList -DSWIFT_PACKAGE -DDEBUG -DSWIFT_MODULE_RESOURCE_BUNDLE_UNAVAILABLE -DXcode -plugin-path /Applications/Xcode_26.6.app/Contents/Developer/Toolchains/XcodeDefault.xctoolchain/usr/lib/swift/host/plugins/testing -enable-experimental-feature DebugDescriptionMacro -sdk /Applications/Xcode_26.6.app/Contents/Developer/Platforms/MacOSX.platform/Developer/SDKs/MacOSX26.5.sdk -target arm64-apple-macos10.13 -g -module-cache-path /Users/runner/work/orbit/orbit/.a1-probe/.dd-mac/ModuleCache.noindex -Xfrontend -serialize-debugging-options -enable-testing -suppress-warnings -index-store-path /Users/runner/work/orbit/orbit/.a1-probe/.dd-mac/Index.noindex/DataStore -Xcc -D_LIBCPP_HARDENING_MODE\=_LIBCPP_HARDENING_MODE_DEBUG -swift-version 5 -I /Users/runner/work/orbit/orbit/.a1-probe/.dd-mac/Build/Products/Debug -Isystem /Applications/Xcode_26.6.app/Contents/Developer/Platforms/MacOSX.platform/Developer/usr/lib -F /Users/runner/work/orbit/orbit/.a1-probe/.dd-mac/Build/Products/Debug/PackageFrameworks -F /Users/runner/work/orbit/orbit/.a1-probe/.dd-mac/Build/Products/Debug/PackageFrameworks -F /Users/runner/work/orbit/orbit/.a1-probe/.dd-mac/Build/Products/Debug/PackageFrameworks -F /Users/runner/work/orbit/orbit/.a1-probe/.dd-mac/Build/Products/Debug -F /Applications/Xcode_26.6.app/Contents/Developer/Platforms/MacOSX.platform/Developer/Library/Frameworks -c -j3 -enable-batch-mode -incremental -Xcc -ivfsstatcache -Xcc /Users/runner/work/orbit/orbit/.a1-probe/.dd-mac/SDKStatCaches.noindex/macosx26.5-25F70-688ef53f1462e2c8f657fdc38a81448fee0e6409aa6676c5e6c013d148225433.sdkstatcache -output-file-map /Users/runner/work/orbit/orbit/.a1-probe/.dd-mac/Build/Intermediates.noindex/swift-markdown.build/Debug/Markdown.build/Objects-normal/arm64/Markdown-OutputFileMap.json -use-frontend-parseable-output -save-temps -no-color-diagnostics -explicit-module-build -module-cache-path /Users/runner/work/orbit/orbit/.a1-probe/.dd-mac/Build/Intermediates.noindex/SwiftExplicitPrecompiledModules -clang-scanner-module-cache-path /Users/runner/work/orbit/orbit/.a1-probe/.dd-mac/ModuleCache.noindex -sdk-module-cache-path /Users/runner/work/orbit/orbit/.a1-probe/.dd-mac/ModuleCache.noindex -serialize-diagnostics -emit-dependencies -emit-module -emit-module-path /Users/runner/work/orbit/orbit/.a1-probe/.dd-mac/Build/Intermediates.noindex/swift-markdown.build/Debug/Markdown.build/Objects-normal/arm64/Markdown.swiftmodule -user-module-version 0.9.0 -validate-clang-modules-once -clang-build-session-file /Users/runner/work/orbit/orbit/.a1-probe/.dd-mac/ModuleCache.noindex/Session.modulevalidation -package-name swift_markdown -Xcc -I/Users/runner/work/orbit/orbit/.a1-probe/.dd-mac/Build/Intermediates.noindex/swift-markdown.build/Debug/Markdown.build/swift-overrides.hmap -emit-const-values -Xfrontend -const-gather-protocols-file -Xfrontend /Users/runner/work/orbit/orbit/.a1-probe/.dd-mac/Build/Intermediates.noindex/swift-markdown.build/Debug/Markdown.build/Objects-normal/arm64/Markdown_const_extract_protocols.json -Xcc -I/Users/runner/work/orbit/orbit/.a1-probe/.dd-mac/SourcePackages/checkouts/swift-cmark/src/include -Xcc -I/Users/runner/work/orbit/orbit/.a1-probe/.dd-mac/SourcePackages/checkouts/swift-cmark/extensions/include -Xcc -I/Users/runner/work/orbit/orbit/.a1-probe/.dd-mac/SourcePackages/checkouts/swift-markdown/Sources/CAtomic/include -Xcc -I/Users/runner/work/orbit/orbit/.a1-probe/.dd-mac/Build/Products/Debug/include -Xcc -I/Users/runner/work/orbit/orbit/.a1-probe/.dd-mac/Build/Intermediates.noindex/swift-markdown.build/Debug/Markdown.build/DerivedSources-normal/arm64 -Xcc -I/Users/runner/work/orbit/orbit/.a1-probe/.dd-mac/Build/Intermediates.noindex/swift-markdown.build/Debug/Markdown.build/DerivedSources/arm64 -Xcc -I/Users/runner/work/orbit/orbit/.a1-probe/.dd-mac/Build/Intermediates.noindex/swift-markdown.build/Debug/Markdown.build/DerivedSources -Xcc -DSWIFT_PACKAGE -Xcc -DDEBUG\=1 -emit-objc-header -emit-objc-header-path /Users/runner/work/orbit/orbit/.a1-probe/.dd-mac/Build/Intermediates.noindex/swift-markdown.build/Debug/Markdown.build/Objects-normal/arm64/Markdown-Swift.h -working-directory /Users/runner/work/orbit/orbit/.a1-probe/A1Probe.xcodeproj -experimental-emit-module-separately -disable-cmo

SwiftDriverJobDiscovery normal arm64 Compiling ThematicBreak.swift, Table.swift, TableBody.swift, TableCell.swift, TableCellContainer.swift, TableHead.swift, TableRow.swift, Replacement.swift, SourceLocation.swift, Emphasis.swift, Image.swift, InlineAttributes.swift, Link.swift, Strikethrough.swift, Strong.swift, CustomInline.swift, InlineCode.swift, InlineHTML.swift, LineBreak.swift, SoftBreak.swift, SymbolLink.swift, Text.swift, Aside.swift (in target 'Markdown' from project 'swift-markdown')

SwiftDriverJobDiscovery normal arm64 Compiling ChildIndexPath.swift, DirectiveArgument.swift, Document.swift, LiteralMarkup.swift, Markup.swift, MarkupChildren.swift, MarkupData.swift, PlainTextConvertibleMarkup.swift, RawMarkup.swift, BlockDirective.swift, BlockQuote.swift, CustomBlock.swift, DoxygenAbstract.swift, DoxygenDiscussion.swift, DoxygenNote.swift, DoxygenParameter.swift, DoxygenReturns.swift, ListItem.swift, OrderedList.swift, UnorderedList.swift, Paragraph.swift, CodeBlock.swift, HTMLBlock.swift, Heading.swift (in target 'Markdown' from project 'swift-markdown')

SwiftMergeGeneratedHeaders /Users/runner/work/orbit/orbit/.a1-probe/.dd-mac/Build/Intermediates.noindex/GeneratedModuleMaps/Markdown-Swift.h /Users/runner/work/orbit/orbit/.a1-probe/.dd-mac/Build/Intermediates.noindex/swift-markdown.build/Debug/Markdown.build/Objects-normal/arm64/Markdown-Swift.h (in target 'Markdown' from project 'swift-markdown')
    cd /Users/runner/work/orbit/orbit/.a1-probe/.dd-mac/SourcePackages/checkouts/swift-markdown
    builtin-swiftHeaderTool -arch arm64 /Users/runner/work/orbit/orbit/.a1-probe/.dd-mac/Build/Intermediates.noindex/swift-markdown.build/Debug/Markdown.build/Objects-normal/arm64/Markdown-Swift.h -o /Users/runner/work/orbit/orbit/.a1-probe/.dd-mac/Build/Intermediates.noindex/GeneratedModuleMaps/Markdown-Swift.h

Copy /Users/runner/work/orbit/orbit/.a1-probe/.dd-mac/Build/Products/Debug/Markdown.swiftmodule/arm64-apple-macos.swiftmodule /Users/runner/work/orbit/orbit/.a1-probe/.dd-mac/Build/Intermediates.noindex/swift-markdown.build/Debug/Markdown.build/Objects-normal/arm64/Markdown.swiftmodule (in target 'Markdown' from project 'swift-markdown')
    cd /Users/runner/work/orbit/orbit/.a1-probe/.dd-mac/SourcePackages/checkouts/swift-markdown
    builtin-copy -exclude .DS_Store -exclude CVS -exclude .svn -exclude .git -exclude .hg -resolve-src-symlinks -rename /Users/runner/work/orbit/orbit/.a1-probe/.dd-mac/Build/Intermediates.noindex/swift-markdown.build/Debug/Markdown.build/Objects-normal/arm64/Markdown.swiftmodule /Users/runner/work/orbit/orbit/.a1-probe/.dd-mac/Build/Products/Debug/Markdown.swiftmodule/arm64-apple-macos.swiftmodule

Copy /Users/runner/work/orbit/orbit/.a1-probe/.dd-mac/Build/Products/Debug/Markdown.swiftmodule/arm64-apple-macos.swiftdoc /Users/runner/work/orbit/orbit/.a1-probe/.dd-mac/Build/Intermediates.noindex/swift-markdown.build/Debug/Markdown.build/Objects-normal/arm64/Markdown.swiftdoc (in target 'Markdown' from project 'swift-markdown')
    cd /Users/runner/work/orbit/orbit/.a1-probe/.dd-mac/SourcePackages/checkouts/swift-markdown
    builtin-copy -exclude .DS_Store -exclude CVS -exclude .svn -exclude .git -exclude .hg -resolve-src-symlinks -rename /Users/runner/work/orbit/orbit/.a1-probe/.dd-mac/Build/Intermediates.noindex/swift-markdown.build/Debug/Markdown.build/Objects-normal/arm64/Markdown.swiftdoc /Users/runner/work/orbit/orbit/.a1-probe/.dd-mac/Build/Products/Debug/Markdown.swiftmodule/arm64-apple-macos.swiftdoc

Copy /Users/runner/work/orbit/orbit/.a1-probe/.dd-mac/Build/Products/Debug/Markdown.swiftmodule/arm64-apple-macos.abi.json /Users/runner/work/orbit/orbit/.a1-probe/.dd-mac/Build/Intermediates.noindex/swift-markdown.build/Debug/Markdown.build/Objects-normal/arm64/Markdown.abi.json (in target 'Markdown' from project 'swift-markdown')
    cd /Users/runner/work/orbit/orbit/.a1-probe/.dd-mac/SourcePackages/checkouts/swift-markdown
    builtin-copy -exclude .DS_Store -exclude CVS -exclude .svn -exclude .git -exclude .hg -resolve-src-symlinks -rename /Users/runner/work/orbit/orbit/.a1-probe/.dd-mac/Build/Intermediates.noindex/swift-markdown.build/Debug/Markdown.build/Objects-normal/arm64/Markdown.abi.json /Users/runner/work/orbit/orbit/.a1-probe/.dd-mac/Build/Products/Debug/Markdown.swiftmodule/arm64-apple-macos.abi.json

Copy /Users/runner/work/orbit/orbit/.a1-probe/.dd-mac/Build/Products/Debug/Markdown.swiftmodule/Project/arm64-apple-macos.swiftsourceinfo /Users/runner/work/orbit/orbit/.a1-probe/.dd-mac/Build/Intermediates.noindex/swift-markdown.build/Debug/Markdown.build/Objects-normal/arm64/Markdown.swiftsourceinfo (in target 'Markdown' from project 'swift-markdown')
    cd /Users/runner/work/orbit/orbit/.a1-probe/.dd-mac/SourcePackages/checkouts/swift-markdown
    builtin-copy -exclude .DS_Store -exclude CVS -exclude .svn -exclude .git -exclude .hg -resolve-src-symlinks -rename /Users/runner/work/orbit/orbit/.a1-probe/.dd-mac/Build/Intermediates.noindex/swift-markdown.build/Debug/Markdown.build/Objects-normal/arm64/Markdown.swiftsourceinfo /Users/runner/work/orbit/orbit/.a1-probe/.dd-mac/Build/Products/Debug/Markdown.swiftmodule/Project/arm64-apple-macos.swiftsourceinfo

SwiftDriver OrbitKit normal arm64 com.apple.xcode.tools.swift.compiler (in target 'OrbitKit' from project 'OrbitKit')
    cd /Users/runner/work/orbit/orbit/.a1-probe/A1Probe.xcodeproj
    builtin-SwiftDriver -- /Applications/Xcode_26.6.app/Contents/Developer/Toolchains/XcodeDefault.xctoolchain/usr/bin/swiftc -module-name OrbitKit -Onone @/Users/runner/work/orbit/orbit/.a1-probe/.dd-mac/Build/Intermediates.noindex/OrbitKit.build/Debug/OrbitKit.build/Objects-normal/arm64/OrbitKit.SwiftFileList -DSWIFT_PACKAGE -DDEBUG -DSWIFT_MODULE_RESOURCE_BUNDLE_UNAVAILABLE -DXcode -plugin-path /Applications/Xcode_26.6.app/Contents/Developer/Toolchains/XcodeDefault.xctoolchain/usr/lib/swift/host/plugins/testing -enable-experimental-feature DebugDescriptionMacro -sdk /Applications/Xcode_26.6.app/Contents/Developer/Platforms/MacOSX.platform/Developer/SDKs/MacOSX26.5.sdk -target arm64-apple-macos13.0 -g -module-cache-path /Users/runner/work/orbit/orbit/.a1-probe/.dd-mac/ModuleCache.noindex -Xfrontend -serialize-debugging-options -enable-testing -index-store-path /Users/runner/work/orbit/orbit/.a1-probe/.dd-mac/Index.noindex/DataStore -Xcc -D_LIBCPP_HARDENING_MODE\=_LIBCPP_HARDENING_MODE_DEBUG -swift-version 5 -I /Users/runner/work/orbit/orbit/.a1-probe/.dd-mac/Build/Products/Debug -Isystem /Applications/Xcode_26.6.app/Contents/Developer/Platforms/MacOSX.platform/Developer/usr/lib -F /Users/runner/work/orbit/orbit/.a1-probe/.dd-mac/Build/Products/Debug/PackageFrameworks -F /Users/runner/work/orbit/orbit/.a1-probe/.dd-mac/Build/Products/Debug/PackageFrameworks -F /Users/runner/work/orbit/orbit/.a1-probe/.dd-mac/Build/Products/Debug/PackageFrameworks -F /Users/runner/work/orbit/orbit/.a1-probe/.dd-mac/Build/Products/Debug/PackageFrameworks -F /Users/runner/work/orbit/orbit/.a1-probe/.dd-mac/Build/Products/Debug -F /Applications/Xcode_26.6.app/Contents/Developer/Platforms/MacOSX.platform/Developer/Library/Frameworks -c -j3 -enable-batch-mode -incremental -Xcc -ivfsstatcache -Xcc /Users/runner/work/orbit/orbit/.a1-probe/.dd-mac/SDKStatCaches.noindex/macosx26.5-25F70-688ef53f1462e2c8f657fdc38a81448fee0e6409aa6676c5e6c013d148225433.sdkstatcache -output-file-map /Users/runner/work/orbit/orbit/.a1-probe/.dd-mac/Build/Intermediates.noindex/OrbitKit.build/Debug/OrbitKit.build/Objects-normal/arm64/OrbitKit-OutputFileMap.json -use-frontend-parseable-output -save-temps -no-color-diagnostics -explicit-module-build -module-cache-path /Users/runner/work/orbit/orbit/.a1-probe/.dd-mac/Build/Intermediates.noindex/SwiftExplicitPrecompiledModules -clang-scanner-module-cache-path /Users/runner/work/orbit/orbit/.a1-probe/.dd-mac/ModuleCache.noindex -sdk-module-cache-path /Users/runner/work/orbit/orbit/.a1-probe/.dd-mac/ModuleCache.noindex -serialize-diagnostics -emit-dependencies -emit-module -emit-module-path /Users/runner/work/orbit/orbit/.a1-probe/.dd-mac/Build/Intermediates.noindex/OrbitKit.build/Debug/OrbitKit.build/Objects-normal/arm64/OrbitKit.swiftmodule -validate-clang-modules-once -clang-build-session-file /Users/runner/work/orbit/orbit/.a1-probe/.dd-mac/ModuleCache.noindex/Session.modulevalidation -package-name orbitkit -Xcc -I/Users/runner/work/orbit/orbit/.a1-probe/.dd-mac/Build/Intermediates.noindex/OrbitKit.build/Debug/OrbitKit.build/swift-overrides.hmap -emit-const-values -Xfrontend -const-gather-protocols-file -Xfrontend /Users/runner/work/orbit/orbit/.a1-probe/.dd-mac/Build/Intermediates.noindex/OrbitKit.build/Debug/OrbitKit.build/Objects-normal/arm64/OrbitKit_const_extract_protocols.json -Xcc -I/Users/runner/work/orbit/orbit/.a1-probe/.dd-mac/SourcePackages/checkouts/swift-cmark/src/include -Xcc -I/Users/runner/work/orbit/orbit/.a1-probe/.dd-mac/SourcePackages/checkouts/swift-cmark/extensions/include -Xcc -I/Users/runner/work/orbit/orbit/.a1-probe/.dd-mac/SourcePackages/checkouts/swift-markdown/Sources/CAtomic/include -Xcc -I/Users/runner/work/orbit/orbit/.a1-probe/.dd-mac/Build/Products/Debug/include -Xcc -I/Users/runner/work/orbit/orbit/.a1-probe/.dd-mac/Build/Intermediates.noindex/OrbitKit.build/Debug/OrbitKit.build/DerivedSources-normal/arm64 -Xcc -I/Users/runner/work/orbit/orbit/.a1-probe/.dd-mac/Build/Intermediates.noindex/OrbitKit.build/Debug/OrbitKit.build/DerivedSources/arm64 -Xcc -I/Users/runner/work/orbit/orbit/.a1-probe/.dd-mac/Build/Intermediates.noindex/OrbitKit.build/Debug/OrbitKit.build/DerivedSources -Xcc -DSWIFT_PACKAGE -Xcc -DDEBUG\=1 -emit-objc-header -emit-objc-header-path /Users/runner/work/orbit/orbit/.a1-probe/.dd-mac/Build/Intermediates.noindex/OrbitKit.build/Debug/OrbitKit.build/Objects-normal/arm64/OrbitKit-Swift.h -working-directory /Users/runner/work/orbit/orbit/.a1-probe/A1Probe.xcodeproj -experimental-emit-module-separately -disable-cmo

SwiftDriverJobDiscovery normal arm64 Compiling BlockDirectiveParser.swift, CommonMarkConverter.swift, LazySplitLines.swift, ParseOptions.swift, RangeAdjuster.swift, RangerTracker.swift, MarkupRewriter.swift, BasicBlockContainer.swift, BasicInlineContainer.swift, BlockContainer.swift, BlockMarkup.swift, InlineContainer.swift, InlineMarkup.swift, ListItemContainer.swift, AtomicCounter.swift, CharacterExtensions.swift, CollectionExtensions.swift, StringExtensions.swift, MarkupVisitor.swift, MarkupWalker.swift, HTMLFormatter.swift, MarkupFormatter.swift, MarkupTreeDumper.swift (in target 'Markdown' from project 'swift-markdown')

SwiftDriver\ Compilation Markdown normal arm64 com.apple.xcode.tools.swift.compiler (in target 'Markdown' from project 'swift-markdown')
    cd /Users/runner/work/orbit/orbit/.a1-probe/A1Probe.xcodeproj
    builtin-Swift-Compilation -- /Applications/Xcode_26.6.app/Contents/Developer/Toolchains/XcodeDefault.xctoolchain/usr/bin/swiftc -module-name Markdown -Onone @/Users/runner/work/orbit/orbit/.a1-probe/.dd-mac/Build/Intermediates.noindex/swift-markdown.build/Debug/Markdown.build/Objects-normal/arm64/Markdown.SwiftFileList -DSWIFT_PACKAGE -DDEBUG -DSWIFT_MODULE_RESOURCE_BUNDLE_UNAVAILABLE -DXcode -plugin-path /Applications/Xcode_26.6.app/Contents/Developer/Toolchains/XcodeDefault.xctoolchain/usr/lib/swift/host/plugins/testing -enable-experimental-feature DebugDescriptionMacro -sdk /Applications/Xcode_26.6.app/Contents/Developer/Platforms/MacOSX.platform/Developer/SDKs/MacOSX26.5.sdk -target arm64-apple-macos10.13 -g -module-cache-path /Users/runner/work/orbit/orbit/.a1-probe/.dd-mac/ModuleCache.noindex -Xfrontend -serialize-debugging-options -enable-testing -suppress-warnings -index-store-path /Users/runner/work/orbit/orbit/.a1-probe/.dd-mac/Index.noindex/DataStore -Xcc -D_LIBCPP_HARDENING_MODE\=_LIBCPP_HARDENING_MODE_DEBUG -swift-version 5 -I /Users/runner/work/orbit/orbit/.a1-probe/.dd-mac/Build/Products/Debug -Isystem /Applications/Xcode_26.6.app/Contents/Developer/Platforms/MacOSX.platform/Developer/usr/lib -F /Users/runner/work/orbit/orbit/.a1-probe/.dd-mac/Build/Products/Debug/PackageFrameworks -F /Users/runner/work/orbit/orbit/.a1-probe/.dd-mac/Build/Products/Debug/PackageFrameworks -F /Users/runner/work/orbit/orbit/.a1-probe/.dd-mac/Build/Products/Debug/PackageFrameworks -F /Users/runner/work/orbit/orbit/.a1-probe/.dd-mac/Build/Products/Debug -F /Applications/Xcode_26.6.app/Contents/Developer/Platforms/MacOSX.platform/Developer/Library/Frameworks -c -j3 -enable-batch-mode -incremental -Xcc -ivfsstatcache -Xcc /Users/runner/work/orbit/orbit/.a1-probe/.dd-mac/SDKStatCaches.noindex/macosx26.5-25F70-688ef53f1462e2c8f657fdc38a81448fee0e6409aa6676c5e6c013d148225433.sdkstatcache -output-file-map /Users/runner/work/orbit/orbit/.a1-probe/.dd-mac/Build/Intermediates.noindex/swift-markdown.build/Debug/Markdown.build/Objects-normal/arm64/Markdown-OutputFileMap.json -use-frontend-parseable-output -save-temps -no-color-diagnostics -explicit-module-build -module-cache-path /Users/runner/work/orbit/orbit/.a1-probe/.dd-mac/Build/Intermediates.noindex/SwiftExplicitPrecompiledModules -clang-scanner-module-cache-path /Users/runner/work/orbit/orbit/.a1-probe/.dd-mac/ModuleCache.noindex -sdk-module-cache-path /Users/runner/work/orbit/orbit/.a1-probe/.dd-mac/ModuleCache.noindex -serialize-diagnostics -emit-dependencies -emit-module -emit-module-path /Users/runner/work/orbit/orbit/.a1-probe/.dd-mac/Build/Intermediates.noindex/swift-markdown.build/Debug/Markdown.build/Objects-normal/arm64/Markdown.swiftmodule -user-module-version 0.9.0 -validate-clang-modules-once -clang-build-session-file /Users/runner/work/orbit/orbit/.a1-probe/.dd-mac/ModuleCache.noindex/Session.modulevalidation -package-name swift_markdown -Xcc -I/Users/runner/work/orbit/orbit/.a1-probe/.dd-mac/Build/Intermediates.noindex/swift-markdown.build/Debug/Markdown.build/swift-overrides.hmap -emit-const-values -Xfrontend -const-gather-protocols-file -Xfrontend /Users/runner/work/orbit/orbit/.a1-probe/.dd-mac/Build/Intermediates.noindex/swift-markdown.build/Debug/Markdown.build/Objects-normal/arm64/Markdown_const_extract_protocols.json -Xcc -I/Users/runner/work/orbit/orbit/.a1-probe/.dd-mac/SourcePackages/checkouts/swift-cmark/src/include -Xcc -I/Users/runner/work/orbit/orbit/.a1-probe/.dd-mac/SourcePackages/checkouts/swift-cmark/extensions/include -Xcc -I/Users/runner/work/orbit/orbit/.a1-probe/.dd-mac/SourcePackages/checkouts/swift-markdown/Sources/CAtomic/include -Xcc -I/Users/runner/work/orbit/orbit/.a1-probe/.dd-mac/Build/Products/Debug/include -Xcc -I/Users/runner/work/orbit/orbit/.a1-probe/.dd-mac/Build/Intermediates.noindex/swift-markdown.build/Debug/Markdown.build/DerivedSources-normal/arm64 -Xcc -I/Users/runner/work/orbit/orbit/.a1-probe/.dd-mac/Build/Intermediates.noindex/swift-markdown.build/Debug/Markdown.build/DerivedSources/arm64 -Xcc -I/Users/runner/work/orbit/orbit/.a1-probe/.dd-mac/Build/Intermediates.noindex/swift-markdown.build/Debug/Markdown.build/DerivedSources -Xcc -DSWIFT_PACKAGE -Xcc -DDEBUG\=1 -emit-objc-header -emit-objc-header-path /Users/runner/work/orbit/orbit/.a1-probe/.dd-mac/Build/Intermediates.noindex/swift-markdown.build/Debug/Markdown.build/Objects-normal/arm64/Markdown-Swift.h -working-directory /Users/runner/work/orbit/orbit/.a1-probe/A1Probe.xcodeproj -experimental-emit-module-separately -disable-cmo

Ld /Users/runner/work/orbit/orbit/.a1-probe/.dd-mac/Build/Products/Debug/Markdown.o normal (in target 'Markdown' from project 'swift-markdown')
    cd /Users/runner/work/orbit/orbit/.a1-probe/.dd-mac/SourcePackages/checkouts/swift-markdown
    /Applications/Xcode_26.6.app/Contents/Developer/Toolchains/XcodeDefault.xctoolchain/usr/bin/clang -Xlinker -reproducible -target arm64-apple-macos10.13 -r -isysroot /Applications/Xcode_26.6.app/Contents/Developer/Platforms/MacOSX.platform/Developer/SDKs/MacOSX26.5.sdk -O0 -w -F/Users/runner/work/orbit/orbit/.a1-probe/.dd-mac/Build/Intermediates.noindex/EagerLinkingTBDs/Debug -F/Users/runner/work/orbit/orbit/.a1-probe/.dd-mac/Build/Products/Debug/PackageFrameworks -F/Users/runner/work/orbit/orbit/.a1-probe/.dd-mac/Build/Products/Debug/PackageFrameworks -F/Users/runner/work/orbit/orbit/.a1-probe/.dd-mac/Build/Products/Debug/PackageFrameworks -F/Users/runner/work/orbit/orbit/.a1-probe/.dd-mac/Build/Products/Debug -iframework /Applications/Xcode_26.6.app/Contents/Developer/Platforms/MacOSX.platform/Developer/Library/Frameworks -filelist /Users/runner/work/orbit/orbit/.a1-probe/.dd-mac/Build/Intermediates.noindex/swift-markdown.build/Debug/Markdown.build/Objects-normal/arm64/Markdown.LinkFileList -nostdlib -Xlinker -object_path_lto -Xlinker /Users/runner/work/orbit/orbit/.a1-probe/.dd-mac/Build/Intermediates.noindex/swift-markdown.build/Debug/Markdown.build/Objects-normal/arm64/Markdown_lto.o -Xlinker -no_deduplicate -Xlinker -dependency_info -Xlinker /Users/runner/work/orbit/orbit/.a1-probe/.dd-mac/Build/Intermediates.noindex/swift-markdown.build/Debug/Markdown.build/Objects-normal/arm64/Markdown_dependency_info.dat -fobjc-link-runtime -L/Applications/Xcode_26.6.app/Contents/Developer/Toolchains/XcodeDefault.xctoolchain/usr/lib/swift/macosx -L/usr/lib/swift -Xlinker -add_ast_path -Xlinker /Users/runner/work/orbit/orbit/.a1-probe/.dd-mac/Build/Intermediates.noindex/swift-markdown.build/Debug/Markdown.build/Objects-normal/arm64/Markdown.swiftmodule @/Users/runner/work/orbit/orbit/.a1-probe/.dd-mac/Build/Intermediates.noindex/swift-markdown.build/Debug/Markdown.build/Objects-normal/arm64/Markdown-linker-args.resp -o /Users/runner/work/orbit/orbit/.a1-probe/.dd-mac/Build/Products/Debug/Markdown.o

ExtractAppIntentsMetadata (in target 'Markdown' from project 'swift-markdown')
    cd /Users/runner/work/orbit/orbit/.a1-probe/.dd-mac/SourcePackages/checkouts/swift-markdown
    /Applications/Xcode_26.6.app/Contents/Developer/Toolchains/XcodeDefault.xctoolchain/usr/bin/appintentsmetadataprocessor --toolchain-dir /var/run/com.apple.security.cryptexd/mnt/com.apple.MobileAsset.MetalToolchain-v17.6.109.0.QFSZvD/Metal.xctoolchain --module-name Markdown --sdk-root /Applications/Xcode_26.6.app/Contents/Developer/Platforms/MacOSX.platform/Developer/SDKs/MacOSX26.5.sdk --xcode-version 17F113 --platform-family macOS --deployment-target 10.13 --bundle-identifier swift-markdown.Markdown --output /Users/runner/work/orbit/orbit/.a1-probe/.dd-mac/Build/Products/Debug/Markdown.appintents --target-triple arm64-apple-macos10.13 --binary-file /Users/runner/work/orbit/orbit/.a1-probe/.dd-mac/Build/Products/Debug/Markdown.o --dependency-file /Users/runner/work/orbit/orbit/.a1-probe/.dd-mac/Build/Intermediates.noindex/swift-markdown.build/Debug/Markdown.build/Objects-normal/arm64/Markdown_dependency_info.dat --stringsdata-file /Users/runner/work/orbit/orbit/.a1-probe/.dd-mac/Build/Intermediates.noindex/swift-markdown.build/Debug/Markdown.build/Objects-normal/arm64/ExtractedAppShortcutsMetadata.stringsdata --source-file-list /Users/runner/work/orbit/orbit/.a1-probe/.dd-mac/Build/Intermediates.noindex/swift-markdown.build/Debug/Markdown.build/Objects-normal/arm64/Markdown.SwiftFileList --metadata-file-list /Users/runner/work/orbit/orbit/.a1-probe/.dd-mac/Build/Intermediates.noindex/swift-markdown.build/Debug/Markdown.build/Markdown.DependencyMetadataFileList --static-metadata-file-list /Users/runner/work/orbit/orbit/.a1-probe/.dd-mac/Build/Intermediates.noindex/swift-markdown.build/Debug/Markdown.build/Markdown.DependencyStaticMetadataFileList --swift-const-vals-list /Users/runner/work/orbit/orbit/.a1-probe/.dd-mac/Build/Intermediates.noindex/swift-markdown.build/Debug/Markdown.build/Objects-normal/arm64/Markdown.SwiftConstValuesFileList --force --compile-time-extraction --deployment-aware-processing --validate-assistant-intents --no-app-shortcuts-localization
2026-10-06 22:30:05.606 appintentsmetadataprocessor[6781:25665] Starting appintentsmetadataprocessor export
2026-10-06 22:30:05.704 appintentsmetadataprocessor[6781:25665] Extracted no relevant App Intents symbols, skipping writing output

CodeSign /Users/runner/work/orbit/orbit/.a1-probe/.dd-mac/Build/Products/Debug/Markdown.o (in target 'Markdown' from project 'swift-markdown')
    cd /Users/runner/work/orbit/orbit/.a1-probe/.dd-mac/SourcePackages/checkouts/swift-markdown
    
    Signing Identity:     "Sign to Run Locally"
    
    /usr/bin/codesign --force --sign - --timestamp\=none --generate-entitlement-der /Users/runner/work/orbit/orbit/.a1-probe/.dd-mac/Build/Products/Debug/Markdown.o

RegisterExecutionPolicyException /Users/runner/work/orbit/orbit/.a1-probe/.dd-mac/Build/Products/Debug/Markdown.o (in target 'Markdown' from project 'swift-markdown')
    cd /Users/runner/work/orbit/orbit/.a1-probe/.dd-mac/SourcePackages/checkouts/swift-markdown
    builtin-RegisterExecutionPolicyException /Users/runner/work/orbit/orbit/.a1-probe/.dd-mac/Build/Products/Debug/Markdown.o

SwiftExplicitDependencyGeneratePcm arm64 /Users/runner/work/orbit/orbit/.a1-probe/.dd-mac/ModuleCache.noindex/DeveloperToolsSupport-ACRRFMCBICM3AOCIZCI9590ZY.pcm

SwiftExplicitDependencyGeneratePcm arm64 /Users/runner/work/orbit/orbit/.a1-probe/.dd-mac/ModuleCache.noindex/UniformTypeIdentifiers-EJ7ZV2Z8OUFHWSD9TC9B7JMIA.pcm

SwiftExplicitDependencyGeneratePcm arm64 /Users/runner/work/orbit/orbit/.a1-probe/.dd-mac/ModuleCache.noindex/ColorSync-EF6M7X341JAY49S892Q5N7K6D.pcm

SwiftExplicitDependencyGeneratePcm arm64 /Users/runner/work/orbit/orbit/.a1-probe/.dd-mac/ModuleCache.noindex/Symbols-9K321PNU9WFSZS8A5PEX25QFA.pcm

SwiftExplicitDependencyGeneratePcm arm64 /Users/runner/work/orbit/orbit/.a1-probe/.dd-mac/ModuleCache.noindex/CUPS-EFX7240PIJ020NVNVFYV7JDTW.pcm

SwiftExplicitDependencyGeneratePcm arm64 /Users/runner/work/orbit/orbit/.a1-probe/.dd-mac/ModuleCache.noindex/DataDetection-6JGF5BADNMA78SBUCC8YJUYJX.pcm

SwiftExplicitDependencyGeneratePcm arm64 /Users/runner/work/orbit/orbit/.a1-probe/.dd-mac/ModuleCache.noindex/_Builtin_intrinsics-8YV32Z9Q9SGZ9J4FVG5I87U7W.pcm

SwiftExplicitDependencyGeneratePcm arm64 /Users/runner/work/orbit/orbit/.a1-probe/.dd-mac/ModuleCache.noindex/CoreTransferable-3I28P4SW5A0OPTP1FHTT4S9U9.pcm

SwiftExplicitDependencyGeneratePcm arm64 /Users/runner/work/orbit/orbit/.a1-probe/.dd-mac/ModuleCache.noindex/LocalAuthentication-36R1UE2SXU9WRUXVVLAD3EN4E.pcm

SwiftExplicitDependencyGeneratePcm arm64 /Users/runner/work/orbit/orbit/.a1-probe/.dd-mac/ModuleCache.noindex/_Builtin_tgmath-4BVA5O324L90ATV7SURGNUQHI.pcm

SwiftExplicitDependencyGeneratePcm arm64 /Users/runner/work/orbit/orbit/.a1-probe/.dd-mac/ModuleCache.noindex/_Builtin_stdatomic-3012X62YP5R6EF4Q8QKQRU8HQ.pcm

SwiftExplicitDependencyGeneratePcm arm64 /Users/runner/work/orbit/orbit/.a1-probe/.dd-mac/ModuleCache.noindex/OpenGL-8KY44LL6NWZVU7WG5OUVI0EK.pcm

SwiftExplicitDependencyGeneratePcm arm64 /Users/runner/work/orbit/orbit/.a1-probe/.dd-mac/ModuleCache.noindex/CoreData-1SV8KC2B5101DO4UDXS1JD36Z.pcm

SwiftExplicitDependencyGeneratePcm arm64 /Users/runner/work/orbit/orbit/.a1-probe/.dd-mac/ModuleCache.noindex/os-2LIIWBTTJF6VC8JYE21DK9JWI.pcm

SwiftExplicitDependencyGeneratePcm arm64 /Users/runner/work/orbit/orbit/.a1-probe/.dd-mac/ModuleCache.noindex/simd-40OTGH67GD2LXZ52TPFC0JAGH.pcm

SwiftExplicitDependencyGeneratePcm arm64 /Users/runner/work/orbit/orbit/.a1-probe/.dd-mac/ModuleCache.noindex/OSLog-BQD4APZK8AC8IRL2AJ0FH96XH.pcm

SwiftExplicitDependencyGeneratePcm arm64 /Users/runner/work/orbit/orbit/.a1-probe/.dd-mac/ModuleCache.noindex/IOSurface-5A5LP51E0KSCW2IMKHP0J1DI3.pcm

SwiftExplicitDependencyGeneratePcm arm64 /Users/runner/work/orbit/orbit/.a1-probe/.dd-mac/ModuleCache.noindex/CoreGraphics-DZ4T8Z1BYWCT9WPN5SD4I3WWO.pcm

SwiftExplicitDependencyGeneratePcm arm64 /Users/runner/work/orbit/orbit/.a1-probe/.dd-mac/ModuleCache.noindex/Metal-A4WR2LHFH7V0HF2TNCCMN1W6V.pcm

SwiftExplicitDependencyGeneratePcm arm64 /Users/runner/work/orbit/orbit/.a1-probe/.dd-mac/ModuleCache.noindex/CoreText-P6WLADORB5T63PVCL09LSGNW.pcm

SwiftExplicitDependencyGeneratePcm arm64 /Users/runner/work/orbit/orbit/.a1-probe/.dd-mac/ModuleCache.noindex/Accessibility-7H668A5HRA59EHYL6W0O00LCH.pcm

SwiftExplicitDependencyGeneratePcm arm64 /Users/runner/work/orbit/orbit/.a1-probe/.dd-mac/ModuleCache.noindex/ImageIO-8AHOTQ14E2QBZT7U44V47DK13.pcm

SwiftExplicitDependencyGeneratePcm arm64 /Users/runner/work/orbit/orbit/.a1-probe/.dd-mac/ModuleCache.noindex/Spatial-BBBGEVQ2PBK3V9RJHCI9UIYCG.pcm

SwiftExplicitDependencyGeneratePcm arm64 /Users/runner/work/orbit/orbit/.a1-probe/.dd-mac/ModuleCache.noindex/ApplicationServices-95OICOMMI5RKJJJXVPUA2R93M.pcm

SwiftExplicitDependencyGeneratePcm arm64 /Users/runner/work/orbit/orbit/.a1-probe/.dd-mac/ModuleCache.noindex/CoreVideo-304H25398FA0DBWVELOGU44ER.pcm

SwiftExplicitDependencyGeneratePcm arm64 /Users/runner/work/orbit/orbit/.a1-probe/.dd-mac/ModuleCache.noindex/QuartzCore-D98UWKNU5U5AI94V31KBMS4ID.pcm

SwiftExplicitDependencyGeneratePcm arm64 /Users/runner/work/orbit/orbit/.a1-probe/.dd-mac/ModuleCache.noindex/CoreImage-DT7SEZBUI76QVJD19DJCEWPR1.pcm

SwiftExplicitDependencyGeneratePcm arm64 /Users/runner/work/orbit/orbit/.a1-probe/.dd-mac/ModuleCache.noindex/SwiftUICore-4SWW0KI4LNHVZCWIKMHFYA329.pcm

SwiftExplicitDependencyGeneratePcm arm64 /Users/runner/work/orbit/orbit/.a1-probe/.dd-mac/ModuleCache.noindex/AppKit-EG4Z34A0K3VRKTBV6TUSIV50O.pcm

SwiftExplicitDependencyGeneratePcm arm64 /Users/runner/work/orbit/orbit/.a1-probe/.dd-mac/ModuleCache.noindex/AuthenticationServices-EIDDUMS978DRR3YN3SB7TQRPJ.pcm

SwiftEmitModule normal arm64 Emitting\ module\ for\ OrbitKit (in target 'OrbitKit' from project 'OrbitKit')

EmitSwiftModule normal arm64 (in target 'OrbitKit' from project 'OrbitKit')
    cd /Users/runner/work/orbit/orbit/.a1-probe/A1Probe.xcodeproj
    

SwiftCompile normal arm64 Compiling\ OpenItemDelivery.swift,\ ProjectStarted.swift,\ ReferencedTask.swift,\ ScrubRailGeometry.swift,\ SessionMessage.swift,\ SessionPreviewImages.swift,\ SessionRequest.swift,\ SessionStore.swift,\ SteerDelivery.swift,\ StickyQuestionHold.swift,\ StickySummary.swift,\ TailPinning.swift,\ TaskProgress.swift,\ TaskProgressCopy.swift,\ TaskStart.swift,\ ThinkingSummary.swift,\ ToolDisplay.swift,\ ToolGroupSummary.swift,\ ToolResultContent.swift,\ Transcript.swift,\ TranscriptRecordAnchor.swift,\ TranscriptReducer.swift,\ TranscriptRows.swift,\ TranscriptStore.swift,\ TurnCards.swift /Users/runner/work/orbit/orbit/src/macos/OrbitKit/Sources/OrbitKit/Transcript/OpenItemDelivery.swift /Users/runner/work/orbit/orbit/src/macos/OrbitKit/Sources/OrbitKit/Transcript/ProjectStarted.swift /Users/runner/work/orbit/orbit/src/macos/OrbitKit/Sources/OrbitKit/Transcript/ReferencedTask.swift /Users/runner/work/orbit/orbit/src/macos/OrbitKit/Sources/OrbitKit/Transcript/ScrubRailGeometry.swift /Users/runner/work/orbit/orbit/src/macos/OrbitKit/Sources/OrbitKit/Transcript/SessionMessage.swift /Users/runner/work/orbit/orbit/src/macos/OrbitKit/Sources/OrbitKit/Transcript/SessionPreviewImages.swift /Users/runner/work/orbit/orbit/src/macos/OrbitKit/Sources/OrbitKit/Transcript/SessionRequest.swift /Users/runner/work/orbit/orbit/src/macos/OrbitKit/Sources/OrbitKit/Transcript/SessionStore.swift /Users/runner/work/orbit/orbit/src/macos/OrbitKit/Sources/OrbitKit/Transcript/SteerDelivery.swift /Users/runner/work/orbit/orbit/src/macos/OrbitKit/Sources/OrbitKit/Transcript/StickyQuestionHold.swift /Users/runner/work/orbit/orbit/src/macos/OrbitKit/Sources/OrbitKit/Transcript/StickySummary.swift /Users/runner/work/orbit/orbit/src/macos/OrbitKit/Sources/OrbitKit/Transcript/TailPinning.swift /Users/runner/work/orbit/orbit/src/macos/OrbitKit/Sources/OrbitKit/Transcript/TaskProgress.swift /Users/runner/work/orbit/orbit/src/macos/OrbitKit/Sources/OrbitKit/Transcript/TaskProgressCopy.swift /Users/runner/work/orbit/orbit/src/macos/OrbitKit/Sources/OrbitKit/Transcript/TaskStart.swift /Users/runner/work/orbit/orbit/src/macos/OrbitKit/Sources/OrbitKit/Transcript/ThinkingSummary.swift /Users/runner/work/orbit/orbit/src/macos/OrbitKit/Sources/OrbitKit/Transcript/ToolDisplay.swift /Users/runner/work/orbit/orbit/src/macos/OrbitKit/Sources/OrbitKit/Transcript/ToolGroupSummary.swift /Users/runner/work/orbit/orbit/src/macos/OrbitKit/Sources/OrbitKit/Transcript/ToolResultContent.swift /Users/runner/work/orbit/orbit/src/macos/OrbitKit/Sources/OrbitKit/Transcript/Transcript.swift /Users/runner/work/orbit/orbit/src/macos/OrbitKit/Sources/OrbitKit/Transcript/TranscriptRecordAnchor.swift /Users/runner/work/orbit/orbit/src/macos/OrbitKit/Sources/OrbitKit/Transcript/TranscriptReducer.swift /Users/runner/work/orbit/orbit/src/macos/OrbitKit/Sources/OrbitKit/Transcript/TranscriptRows.swift /Users/runner/work/orbit/orbit/src/macos/OrbitKit/Sources/OrbitKit/Transcript/TranscriptStore.swift /Users/runner/work/orbit/orbit/src/macos/OrbitKit/Sources/OrbitKit/Transcript/TurnCards.swift (in target 'OrbitKit' from project 'OrbitKit')
SwiftCompile normal arm64 /Users/runner/work/orbit/orbit/src/macos/OrbitKit/Sources/OrbitKit/Transcript/OpenItemDelivery.swift (in target 'OrbitKit' from project 'OrbitKit')
    cd /Users/runner/work/orbit/orbit/.a1-probe/A1Probe.xcodeproj
    

SwiftCompile normal arm64 /Users/runner/work/orbit/orbit/src/macos/OrbitKit/Sources/OrbitKit/Transcript/ProjectStarted.swift (in target 'OrbitKit' from project 'OrbitKit')
    cd /Users/runner/work/orbit/orbit/.a1-probe/A1Probe.xcodeproj
    

SwiftCompile normal arm64 /Users/runner/work/orbit/orbit/src/macos/OrbitKit/Sources/OrbitKit/Transcript/ReferencedTask.swift (in target 'OrbitKit' from project 'OrbitKit')
    cd /Users/runner/work/orbit/orbit/.a1-probe/A1Probe.xcodeproj
    

SwiftCompile normal arm64 /Users/runner/work/orbit/orbit/src/macos/OrbitKit/Sources/OrbitKit/Transcript/ScrubRailGeometry.swift (in target 'OrbitKit' from project 'OrbitKit')
    cd /Users/runner/work/orbit/orbit/.a1-probe/A1Probe.xcodeproj
    

SwiftCompile normal arm64 /Users/runner/work/orbit/orbit/src/macos/OrbitKit/Sources/OrbitKit/Transcript/SessionMessage.swift (in target 'OrbitKit' from project 'OrbitKit')
    cd /Users/runner/work/orbit/orbit/.a1-probe/A1Probe.xcodeproj
    

SwiftCompile normal arm64 /Users/runner/work/orbit/orbit/src/macos/OrbitKit/Sources/OrbitKit/Transcript/SessionPreviewImages.swift (in target 'OrbitKit' from project 'OrbitKit')
    cd /Users/runner/work/orbit/orbit/.a1-probe/A1Probe.xcodeproj
    

SwiftCompile normal arm64 /Users/runner/work/orbit/orbit/src/macos/OrbitKit/Sources/OrbitKit/Transcript/SessionRequest.swift (in target 'OrbitKit' from project 'OrbitKit')
    cd /Users/runner/work/orbit/orbit/.a1-probe/A1Probe.xcodeproj
    

SwiftCompile normal arm64 /Users/runner/work/orbit/orbit/src/macos/OrbitKit/Sources/OrbitKit/Transcript/SessionStore.swift (in target 'OrbitKit' from project 'OrbitKit')
    cd /Users/runner/work/orbit/orbit/.a1-probe/A1Probe.xcodeproj
    

SwiftCompile normal arm64 /Users/runner/work/orbit/orbit/src/macos/OrbitKit/Sources/OrbitKit/Transcript/SteerDelivery.swift (in target 'OrbitKit' from project 'OrbitKit')
    cd /Users/runner/work/orbit/orbit/.a1-probe/A1Probe.xcodeproj
    

SwiftCompile normal arm64 /Users/runner/work/orbit/orbit/src/macos/OrbitKit/Sources/OrbitKit/Transcript/StickyQuestionHold.swift (in target 'OrbitKit' from project 'OrbitKit')
    cd /Users/runner/work/orbit/orbit/.a1-probe/A1Probe.xcodeproj
    

SwiftCompile normal arm64 /Users/runner/work/orbit/orbit/src/macos/OrbitKit/Sources/OrbitKit/Transcript/StickySummary.swift (in target 'OrbitKit' from project 'OrbitKit')
    cd /Users/runner/work/orbit/orbit/.a1-probe/A1Probe.xcodeproj
    

SwiftCompile normal arm64 /Users/runner/work/orbit/orbit/src/macos/OrbitKit/Sources/OrbitKit/Transcript/TailPinning.swift (in target 'OrbitKit' from project 'OrbitKit')
    cd /Users/runner/work/orbit/orbit/.a1-probe/A1Probe.xcodeproj
    

SwiftCompile normal arm64 /Users/runner/work/orbit/orbit/src/macos/OrbitKit/Sources/OrbitKit/Transcript/TaskProgress.swift (in target 'OrbitKit' from project 'OrbitKit')
    cd /Users/runner/work/orbit/orbit/.a1-probe/A1Probe.xcodeproj
    

SwiftCompile normal arm64 /Users/runner/work/orbit/orbit/src/macos/OrbitKit/Sources/OrbitKit/Transcript/TaskProgressCopy.swift (in target 'OrbitKit' from project 'OrbitKit')
    cd /Users/runner/work/orbit/orbit/.a1-probe/A1Probe.xcodeproj
    

SwiftCompile normal arm64 /Users/runner/work/orbit/orbit/src/macos/OrbitKit/Sources/OrbitKit/Transcript/TaskStart.swift (in target 'OrbitKit' from project 'OrbitKit')
    cd /Users/runner/work/orbit/orbit/.a1-probe/A1Probe.xcodeproj
    

SwiftCompile normal arm64 /Users/runner/work/orbit/orbit/src/macos/OrbitKit/Sources/OrbitKit/Transcript/ThinkingSummary.swift (in target 'OrbitKit' from project 'OrbitKit')
    cd /Users/runner/work/orbit/orbit/.a1-probe/A1Probe.xcodeproj
    

SwiftCompile normal arm64 /Users/runner/work/orbit/orbit/src/macos/OrbitKit/Sources/OrbitKit/Transcript/ToolDisplay.swift (in target 'OrbitKit' from project 'OrbitKit')
    cd /Users/runner/work/orbit/orbit/.a1-probe/A1Probe.xcodeproj
    

SwiftCompile normal arm64 /Users/runner/work/orbit/orbit/src/macos/OrbitKit/Sources/OrbitKit/Transcript/ToolGroupSummary.swift (in target 'OrbitKit' from project 'OrbitKit')
    cd /Users/runner/work/orbit/orbit/.a1-probe/A1Probe.xcodeproj
    

SwiftCompile normal arm64 /Users/runner/work/orbit/orbit/src/macos/OrbitKit/Sources/OrbitKit/Transcript/ToolResultContent.swift (in target 'OrbitKit' from project 'OrbitKit')
    cd /Users/runner/work/orbit/orbit/.a1-probe/A1Probe.xcodeproj
    

SwiftCompile normal arm64 /Users/runner/work/orbit/orbit/src/macos/OrbitKit/Sources/OrbitKit/Transcript/Transcript.swift (in target 'OrbitKit' from project 'OrbitKit')
    cd /Users/runner/work/orbit/orbit/.a1-probe/A1Probe.xcodeproj
    

SwiftCompile normal arm64 /Users/runner/work/orbit/orbit/src/macos/OrbitKit/Sources/OrbitKit/Transcript/TranscriptRecordAnchor.swift (in target 'OrbitKit' from project 'OrbitKit')
    cd /Users/runner/work/orbit/orbit/.a1-probe/A1Probe.xcodeproj
    

SwiftCompile normal arm64 /Users/runner/work/orbit/orbit/src/macos/OrbitKit/Sources/OrbitKit/Transcript/TranscriptReducer.swift (in target 'OrbitKit' from project 'OrbitKit')
    cd /Users/runner/work/orbit/orbit/.a1-probe/A1Probe.xcodeproj
    

SwiftCompile normal arm64 /Users/runner/work/orbit/orbit/src/macos/OrbitKit/Sources/OrbitKit/Transcript/TranscriptRows.swift (in target 'OrbitKit' from project 'OrbitKit')
    cd /Users/runner/work/orbit/orbit/.a1-probe/A1Probe.xcodeproj
    

SwiftCompile normal arm64 /Users/runner/work/orbit/orbit/src/macos/OrbitKit/Sources/OrbitKit/Transcript/TranscriptStore.swift (in target 'OrbitKit' from project 'OrbitKit')
    cd /Users/runner/work/orbit/orbit/.a1-probe/A1Probe.xcodeproj
    

SwiftCompile normal arm64 /Users/runner/work/orbit/orbit/src/macos/OrbitKit/Sources/OrbitKit/Transcript/TurnCards.swift (in target 'OrbitKit' from project 'OrbitKit')
    cd /Users/runner/work/orbit/orbit/.a1-probe/A1Probe.xcodeproj
    

SwiftCompile normal arm64 Compiling\ SessionGrouping.swift,\ SessionHeader.swift,\ SessionLine.swift,\ SessionListingMemo.swift,\ SessionMove.swift,\ SessionProjectCopy.swift,\ SessionProjectGrouping.swift,\ SessionProjectMembers.swift,\ SessionProviderChoices.swift,\ SessionSearchHighlight.swift,\ SessionStatusGlyph.swift,\ SessionTimeGrouping.swift,\ SessionUpsert.swift,\ SessionViews.swift,\ SessionWorkspaceMove.swift,\ SettingsHome.swift,\ ShareMarkdown.swift,\ SharePanel.swift,\ SharedLinksList.swift,\ SharedPoolAdapter.swift,\ SharedPoolPage.swift,\ SkillsLogic.swift,\ StartProject.swift,\ TagChipColor.swift,\ TaskDetailPage.swift /Users/runner/work/orbit/orbit/src/macos/OrbitKit/Sources/OrbitKit/App/SessionGrouping.swift /Users/runner/work/orbit/orbit/src/macos/OrbitKit/Sources/OrbitKit/App/SessionHeader.swift /Users/runner/work/orbit/orbit/src/macos/OrbitKit/Sources/OrbitKit/App/SessionLine.swift /Users/runner/work/orbit/orbit/src/macos/OrbitKit/Sources/OrbitKit/App/SessionListingMemo.swift /Users/runner/work/orbit/orbit/src/macos/OrbitKit/Sources/OrbitKit/App/SessionMove.swift /Users/runner/work/orbit/orbit/src/macos/OrbitKit/Sources/OrbitKit/App/SessionProjectCopy.swift /Users/runner/work/orbit/orbit/src/macos/OrbitKit/Sources/OrbitKit/App/SessionProjectGrouping.swift /Users/runner/work/orbit/orbit/src/macos/OrbitKit/Sources/OrbitKit/App/SessionProjectMembers.swift /Users/runner/work/orbit/orbit/src/macos/OrbitKit/Sources/OrbitKit/App/SessionProviderChoices.swift /Users/runner/work/orbit/orbit/src/macos/OrbitKit/Sources/OrbitKit/App/SessionSearchHighlight.swift /Users/runner/work/orbit/orbit/src/macos/OrbitKit/Sources/OrbitKit/App/SessionStatusGlyph.swift /Users/runner/work/orbit/orbit/src/macos/OrbitKit/Sources/OrbitKit/App/SessionTimeGrouping.swift /Users/runner/work/orbit/orbit/src/macos/OrbitKit/Sources/OrbitKit/App/SessionUpsert.swift /Users/runner/work/orbit/orbit/src/macos/OrbitKit/Sources/OrbitKit/App/SessionViews.swift /Users/runner/work/orbit/orbit/src/macos/OrbitKit/Sources/OrbitKit/App/SessionWorkspaceMove.swift /Users/runner/work/orbit/orbit/src/macos/OrbitKit/Sources/OrbitKit/App/SettingsHome.swift /Users/runner/work/orbit/orbit/src/macos/OrbitKit/Sources/OrbitKit/App/ShareMarkdown.swift /Users/runner/work/orbit/orbit/src/macos/OrbitKit/Sources/OrbitKit/App/SharePanel.swift /Users/runner/work/orbit/orbit/src/macos/OrbitKit/Sources/OrbitKit/App/SharedLinksList.swift /Users/runner/work/orbit/orbit/src/macos/OrbitKit/Sources/OrbitKit/App/SharedPoolAdapter.swift /Users/runner/work/orbit/orbit/src/macos/OrbitKit/Sources/OrbitKit/App/SharedPoolPage.swift /Users/runner/work/orbit/orbit/src/macos/OrbitKit/Sources/OrbitKit/App/SkillsLogic.swift /Users/runner/work/orbit/orbit/src/macos/OrbitKit/Sources/OrbitKit/App/StartProject.swift /Users/runner/work/orbit/orbit/src/macos/OrbitKit/Sources/OrbitKit/App/TagChipColor.swift /Users/runner/work/orbit/orbit/src/macos/OrbitKit/Sources/OrbitKit/App/TaskDetailPage.swift (in target 'OrbitKit' from project 'OrbitKit')

SwiftCompile normal arm64 /Users/runner/work/orbit/orbit/src/macos/OrbitKit/Sources/OrbitKit/App/SessionGrouping.swift (in target 'OrbitKit' from project 'OrbitKit')
    cd /Users/runner/work/orbit/orbit/.a1-probe/A1Probe.xcodeproj
    

SwiftCompile normal arm64 /Users/runner/work/orbit/orbit/src/macos/OrbitKit/Sources/OrbitKit/App/SessionHeader.swift (in target 'OrbitKit' from project 'OrbitKit')
    cd /Users/runner/work/orbit/orbit/.a1-probe/A1Probe.xcodeproj
    

SwiftCompile normal arm64 /Users/runner/work/orbit/orbit/src/macos/OrbitKit/Sources/OrbitKit/App/SessionLine.swift (in target 'OrbitKit' from project 'OrbitKit')
    cd /Users/runner/work/orbit/orbit/.a1-probe/A1Probe.xcodeproj
    

SwiftCompile normal arm64 /Users/runner/work/orbit/orbit/src/macos/OrbitKit/Sources/OrbitKit/App/SessionListingMemo.swift (in target 'OrbitKit' from project 'OrbitKit')
    cd /Users/runner/work/orbit/orbit/.a1-probe/A1Probe.xcodeproj
    

SwiftCompile normal arm64 /Users/runner/work/orbit/orbit/src/macos/OrbitKit/Sources/OrbitKit/App/SessionMove.swift (in target 'OrbitKit' from project 'OrbitKit')
    cd /Users/runner/work/orbit/orbit/.a1-probe/A1Probe.xcodeproj
    

SwiftCompile normal arm64 /Users/runner/work/orbit/orbit/src/macos/OrbitKit/Sources/OrbitKit/App/SessionProjectCopy.swift (in target 'OrbitKit' from project 'OrbitKit')
    cd /Users/runner/work/orbit/orbit/.a1-probe/A1Probe.xcodeproj
    

SwiftCompile normal arm64 /Users/runner/work/orbit/orbit/src/macos/OrbitKit/Sources/OrbitKit/App/SessionProjectGrouping.swift (in target 'OrbitKit' from project 'OrbitKit')
    cd /Users/runner/work/orbit/orbit/.a1-probe/A1Probe.xcodeproj
    

SwiftCompile normal arm64 /Users/runner/work/orbit/orbit/src/macos/OrbitKit/Sources/OrbitKit/App/SessionProjectMembers.swift (in target 'OrbitKit' from project 'OrbitKit')
    cd /Users/runner/work/orbit/orbit/.a1-probe/A1Probe.xcodeproj
    

SwiftCompile normal arm64 /Users/runner/work/orbit/orbit/src/macos/OrbitKit/Sources/OrbitKit/App/SessionProviderChoices.swift (in target 'OrbitKit' from project 'OrbitKit')
    cd /Users/runner/work/orbit/orbit/.a1-probe/A1Probe.xcodeproj
    

SwiftCompile normal arm64 /Users/runner/work/orbit/orbit/src/macos/OrbitKit/Sources/OrbitKit/App/SessionSearchHighlight.swift (in target 'OrbitKit' from project 'OrbitKit')
    cd /Users/runner/work/orbit/orbit/.a1-probe/A1Probe.xcodeproj
    

SwiftCompile normal arm64 /Users/runner/work/orbit/orbit/src/macos/OrbitKit/Sources/OrbitKit/App/SessionStatusGlyph.swift (in target 'OrbitKit' from project 'OrbitKit')
    cd /Users/runner/work/orbit/orbit/.a1-probe/A1Probe.xcodeproj
    

SwiftCompile normal arm64 /Users/runner/work/orbit/orbit/src/macos/OrbitKit/Sources/OrbitKit/App/SessionTimeGrouping.swift (in target 'OrbitKit' from project 'OrbitKit')
    cd /Users/runner/work/orbit/orbit/.a1-probe/A1Probe.xcodeproj
    

SwiftCompile normal arm64 /Users/runner/work/orbit/orbit/src/macos/OrbitKit/Sources/OrbitKit/App/SessionUpsert.swift (in target 'OrbitKit' from project 'OrbitKit')
    cd /Users/runner/work/orbit/orbit/.a1-probe/A1Probe.xcodeproj
    

SwiftCompile normal arm64 /Users/runner/work/orbit/orbit/src/macos/OrbitKit/Sources/OrbitKit/App/SessionViews.swift (in target 'OrbitKit' from project 'OrbitKit')
    cd /Users/runner/work/orbit/orbit/.a1-probe/A1Probe.xcodeproj
    

SwiftCompile normal arm64 /Users/runner/work/orbit/orbit/src/macos/OrbitKit/Sources/OrbitKit/App/SessionWorkspaceMove.swift (in target 'OrbitKit' from project 'OrbitKit')
    cd /Users/runner/work/orbit/orbit/.a1-probe/A1Probe.xcodeproj
    

SwiftCompile normal arm64 /Users/runner/work/orbit/orbit/src/macos/OrbitKit/Sources/OrbitKit/App/SettingsHome.swift (in target 'OrbitKit' from project 'OrbitKit')
    cd /Users/runner/work/orbit/orbit/.a1-probe/A1Probe.xcodeproj
    

SwiftCompile normal arm64 /Users/runner/work/orbit/orbit/src/macos/OrbitKit/Sources/OrbitKit/App/ShareMarkdown.swift (in target 'OrbitKit' from project 'OrbitKit')
    cd /Users/runner/work/orbit/orbit/.a1-probe/A1Probe.xcodeproj
    

SwiftCompile normal arm64 /Users/runner/work/orbit/orbit/src/macos/OrbitKit/Sources/OrbitKit/App/SharePanel.swift (in target 'OrbitKit' from project 'OrbitKit')
    cd /Users/runner/work/orbit/orbit/.a1-probe/A1Probe.xcodeproj
    

SwiftCompile normal arm64 /Users/runner/work/orbit/orbit/src/macos/OrbitKit/Sources/OrbitKit/App/SharedLinksList.swift (in target 'OrbitKit' from project 'OrbitKit')
    cd /Users/runner/work/orbit/orbit/.a1-probe/A1Probe.xcodeproj
    

SwiftCompile normal arm64 /Users/runner/work/orbit/orbit/src/macos/OrbitKit/Sources/OrbitKit/App/SharedPoolAdapter.swift (in target 'OrbitKit' from project 'OrbitKit')
    cd /Users/runner/work/orbit/orbit/.a1-probe/A1Probe.xcodeproj
    

SwiftCompile normal arm64 /Users/runner/work/orbit/orbit/src/macos/OrbitKit/Sources/OrbitKit/App/SharedPoolPage.swift (in target 'OrbitKit' from project 'OrbitKit')
    cd /Users/runner/work/orbit/orbit/.a1-probe/A1Probe.xcodeproj
    

SwiftCompile normal arm64 /Users/runner/work/orbit/orbit/src/macos/OrbitKit/Sources/OrbitKit/App/SkillsLogic.swift (in target 'OrbitKit' from project 'OrbitKit')
    cd /Users/runner/work/orbit/orbit/.a1-probe/A1Probe.xcodeproj
    

SwiftCompile normal arm64 /Users/runner/work/orbit/orbit/src/macos/OrbitKit/Sources/OrbitKit/App/StartProject.swift (in target 'OrbitKit' from project 'OrbitKit')
    cd /Users/runner/work/orbit/orbit/.a1-probe/A1Probe.xcodeproj
    

SwiftCompile normal arm64 /Users/runner/work/orbit/orbit/src/macos/OrbitKit/Sources/OrbitKit/App/TagChipColor.swift (in target 'OrbitKit' from project 'OrbitKit')
    cd /Users/runner/work/orbit/orbit/.a1-probe/A1Probe.xcodeproj
    

SwiftCompile normal arm64 /Users/runner/work/orbit/orbit/src/macos/OrbitKit/Sources/OrbitKit/App/TaskDetailPage.swift (in target 'OrbitKit' from project 'OrbitKit')
    cd /Users/runner/work/orbit/orbit/.a1-probe/A1Probe.xcodeproj
    

SwiftCompile normal arm64 Compiling\ SessionFolder.swift,\ SessionMoveTargets.swift,\ SessionProjectMembership.swift,\ ShareLinks.swift,\ SharedPools.swift,\ TaskDetailReads.swift,\ Tasks.swift,\ Watches.swift,\ Wiki.swift,\ WikiArticles.swift,\ WikiDocs.swift,\ WikiHealth.swift,\ WikiPlan.swift,\ APIClient.swift,\ SessionRefresher.swift,\ URLSession+Orbit.swift,\ ControlStream.swift,\ EventStream.swift,\ ReconnectPolicy.swift,\ SSEFrameParser.swift,\ BackgroundJobs.swift,\ BackgroundSummary.swift,\ ConfirmationReviewTurns.swift,\ DeliveredMessage.swift,\ MonospaceOutputLayout.swift /Users/runner/work/orbit/orbit/src/macos/OrbitKit/Sources/OrbitKit/Models/SessionFolder.swift /Users/runner/work/orbit/orbit/src/macos/OrbitKit/Sources/OrbitKit/Models/SessionMoveTargets.swift /Users/runner/work/orbit/orbit/src/macos/OrbitKit/Sources/OrbitKit/Models/SessionProjectMembership.swift /Users/runner/work/orbit/orbit/src/macos/OrbitKit/Sources/OrbitKit/Models/ShareLinks.swift /Users/runner/work/orbit/orbit/src/macos/OrbitKit/Sources/OrbitKit/Models/SharedPools.swift /Users/runner/work/orbit/orbit/src/macos/OrbitKit/Sources/OrbitKit/Models/TaskDetailReads.swift /Users/runner/work/orbit/orbit/src/macos/OrbitKit/Sources/OrbitKit/Models/Tasks.swift /Users/runner/work/orbit/orbit/src/macos/OrbitKit/Sources/OrbitKit/Models/Watches.swift /Users/runner/work/orbit/orbit/src/macos/OrbitKit/Sources/OrbitKit/Models/Wiki.swift /Users/runner/work/orbit/orbit/src/macos/OrbitKit/Sources/OrbitKit/Models/WikiArticles.swift /Users/runner/work/orbit/orbit/src/macos/OrbitKit/Sources/OrbitKit/Models/WikiDocs.swift /Users/runner/work/orbit/orbit/src/macos/OrbitKit/Sources/OrbitKit/Models/WikiHealth.swift /Users/runner/work/orbit/orbit/src/macos/OrbitKit/Sources/OrbitKit/Models/WikiPlan.swift /Users/runner/work/orbit/orbit/src/macos/OrbitKit/Sources/OrbitKit/Net/APIClient.swift /Users/runner/work/orbit/orbit/src/macos/OrbitKit/Sources/OrbitKit/Net/SessionRefresher.swift /Users/runner/work/orbit/orbit/src/macos/OrbitKit/Sources/OrbitKit/Net/URLSession+Orbit.swift /Users/runner/work/orbit/orbit/src/macos/OrbitKit/Sources/OrbitKit/Realtime/ControlStream.swift /Users/runner/work/orbit/orbit/src/macos/OrbitKit/Sources/OrbitKit/Realtime/EventStream.swift /Users/runner/work/orbit/orbit/src/macos/OrbitKit/Sources/OrbitKit/Realtime/ReconnectPolicy.swift /Users/runner/work/orbit/orbit/src/macos/OrbitKit/Sources/OrbitKit/Realtime/SSEFrameParser.swift /Users/runner/work/orbit/orbit/src/macos/OrbitKit/Sources/OrbitKit/Transcript/BackgroundJobs.swift /Users/runner/work/orbit/orbit/src/macos/OrbitKit/Sources/OrbitKit/Transcript/BackgroundSummary.swift /Users/runner/work/orbit/orbit/src/macos/OrbitKit/Sources/OrbitKit/Transcript/ConfirmationReviewTurns.swift /Users/runner/work/orbit/orbit/src/macos/OrbitKit/Sources/OrbitKit/Transcript/DeliveredMessage.swift /Users/runner/work/orbit/orbit/src/macos/OrbitKit/Sources/OrbitKit/Transcript/MonospaceOutputLayout.swift (in target 'OrbitKit' from project 'OrbitKit')
SwiftCompile normal arm64 /Users/runner/work/orbit/orbit/src/macos/OrbitKit/Sources/OrbitKit/Models/SessionFolder.swift (in target 'OrbitKit' from project 'OrbitKit')
    cd /Users/runner/work/orbit/orbit/.a1-probe/A1Probe.xcodeproj
    

SwiftCompile normal arm64 /Users/runner/work/orbit/orbit/src/macos/OrbitKit/Sources/OrbitKit/Models/SessionMoveTargets.swift (in target 'OrbitKit' from project 'OrbitKit')
    cd /Users/runner/work/orbit/orbit/.a1-probe/A1Probe.xcodeproj
    

SwiftCompile normal arm64 /Users/runner/work/orbit/orbit/src/macos/OrbitKit/Sources/OrbitKit/Models/SessionProjectMembership.swift (in target 'OrbitKit' from project 'OrbitKit')
    cd /Users/runner/work/orbit/orbit/.a1-probe/A1Probe.xcodeproj
    

SwiftCompile normal arm64 /Users/runner/work/orbit/orbit/src/macos/OrbitKit/Sources/OrbitKit/Models/ShareLinks.swift (in target 'OrbitKit' from project 'OrbitKit')
    cd /Users/runner/work/orbit/orbit/.a1-probe/A1Probe.xcodeproj
    

SwiftCompile normal arm64 /Users/runner/work/orbit/orbit/src/macos/OrbitKit/Sources/OrbitKit/Models/SharedPools.swift (in target 'OrbitKit' from project 'OrbitKit')
    cd /Users/runner/work/orbit/orbit/.a1-probe/A1Probe.xcodeproj
    

SwiftCompile normal arm64 /Users/runner/work/orbit/orbit/src/macos/OrbitKit/Sources/OrbitKit/Models/TaskDetailReads.swift (in target 'OrbitKit' from project 'OrbitKit')
    cd /Users/runner/work/orbit/orbit/.a1-probe/A1Probe.xcodeproj
    

SwiftCompile normal arm64 /Users/runner/work/orbit/orbit/src/macos/OrbitKit/Sources/OrbitKit/Models/Tasks.swift (in target 'OrbitKit' from project 'OrbitKit')
    cd /Users/runner/work/orbit/orbit/.a1-probe/A1Probe.xcodeproj
    

SwiftCompile normal arm64 /Users/runner/work/orbit/orbit/src/macos/OrbitKit/Sources/OrbitKit/Models/Watches.swift (in target 'OrbitKit' from project 'OrbitKit')
    cd /Users/runner/work/orbit/orbit/.a1-probe/A1Probe.xcodeproj
    

SwiftCompile normal arm64 /Users/runner/work/orbit/orbit/src/macos/OrbitKit/Sources/OrbitKit/Models/Wiki.swift (in target 'OrbitKit' from project 'OrbitKit')
    cd /Users/runner/work/orbit/orbit/.a1-probe/A1Probe.xcodeproj
    

SwiftCompile normal arm64 /Users/runner/work/orbit/orbit/src/macos/OrbitKit/Sources/OrbitKit/Models/WikiArticles.swift (in target 'OrbitKit' from project 'OrbitKit')
    cd /Users/runner/work/orbit/orbit/.a1-probe/A1Probe.xcodeproj
    

SwiftCompile normal arm64 /Users/runner/work/orbit/orbit/src/macos/OrbitKit/Sources/OrbitKit/Models/WikiDocs.swift (in target 'OrbitKit' from project 'OrbitKit')
    cd /Users/runner/work/orbit/orbit/.a1-probe/A1Probe.xcodeproj
    

SwiftCompile normal arm64 /Users/runner/work/orbit/orbit/src/macos/OrbitKit/Sources/OrbitKit/Models/WikiHealth.swift (in target 'OrbitKit' from project 'OrbitKit')
    cd /Users/runner/work/orbit/orbit/.a1-probe/A1Probe.xcodeproj
    

SwiftCompile normal arm64 /Users/runner/work/orbit/orbit/src/macos/OrbitKit/Sources/OrbitKit/Models/WikiPlan.swift (in target 'OrbitKit' from project 'OrbitKit')
    cd /Users/runner/work/orbit/orbit/.a1-probe/A1Probe.xcodeproj
    

SwiftCompile normal arm64 /Users/runner/work/orbit/orbit/src/macos/OrbitKit/Sources/OrbitKit/Net/APIClient.swift (in target 'OrbitKit' from project 'OrbitKit')
    cd /Users/runner/work/orbit/orbit/.a1-probe/A1Probe.xcodeproj
    

SwiftCompile normal arm64 /Users/runner/work/orbit/orbit/src/macos/OrbitKit/Sources/OrbitKit/Net/SessionRefresher.swift (in target 'OrbitKit' from project 'OrbitKit')
    cd /Users/runner/work/orbit/orbit/.a1-probe/A1Probe.xcodeproj
    

SwiftCompile normal arm64 /Users/runner/work/orbit/orbit/src/macos/OrbitKit/Sources/OrbitKit/Net/URLSession+Orbit.swift (in target 'OrbitKit' from project 'OrbitKit')
    cd /Users/runner/work/orbit/orbit/.a1-probe/A1Probe.xcodeproj
    

SwiftCompile normal arm64 /Users/runner/work/orbit/orbit/src/macos/OrbitKit/Sources/OrbitKit/Realtime/ControlStream.swift (in target 'OrbitKit' from project 'OrbitKit')
    cd /Users/runner/work/orbit/orbit/.a1-probe/A1Probe.xcodeproj
    

SwiftCompile normal arm64 /Users/runner/work/orbit/orbit/src/macos/OrbitKit/Sources/OrbitKit/Realtime/EventStream.swift (in target 'OrbitKit' from project 'OrbitKit')
    cd /Users/runner/work/orbit/orbit/.a1-probe/A1Probe.xcodeproj
    

SwiftCompile normal arm64 /Users/runner/work/orbit/orbit/src/macos/OrbitKit/Sources/OrbitKit/Realtime/ReconnectPolicy.swift (in target 'OrbitKit' from project 'OrbitKit')
    cd /Users/runner/work/orbit/orbit/.a1-probe/A1Probe.xcodeproj
    

SwiftCompile normal arm64 /Users/runner/work/orbit/orbit/src/macos/OrbitKit/Sources/OrbitKit/Realtime/SSEFrameParser.swift (in target 'OrbitKit' from project 'OrbitKit')
    cd /Users/runner/work/orbit/orbit/.a1-probe/A1Probe.xcodeproj
    

SwiftCompile normal arm64 /Users/runner/work/orbit/orbit/src/macos/OrbitKit/Sources/OrbitKit/Transcript/BackgroundJobs.swift (in target 'OrbitKit' from project 'OrbitKit')
    cd /Users/runner/work/orbit/orbit/.a1-probe/A1Probe.xcodeproj
    

SwiftCompile normal arm64 /Users/runner/work/orbit/orbit/src/macos/OrbitKit/Sources/OrbitKit/Transcript/BackgroundSummary.swift (in target 'OrbitKit' from project 'OrbitKit')
    cd /Users/runner/work/orbit/orbit/.a1-probe/A1Probe.xcodeproj
    

SwiftCompile normal arm64 /Users/runner/work/orbit/orbit/src/macos/OrbitKit/Sources/OrbitKit/Transcript/ConfirmationReviewTurns.swift (in target 'OrbitKit' from project 'OrbitKit')
    cd /Users/runner/work/orbit/orbit/.a1-probe/A1Probe.xcodeproj
    

SwiftCompile normal arm64 /Users/runner/work/orbit/orbit/src/macos/OrbitKit/Sources/OrbitKit/Transcript/DeliveredMessage.swift (in target 'OrbitKit' from project 'OrbitKit')
    cd /Users/runner/work/orbit/orbit/.a1-probe/A1Probe.xcodeproj
    

SwiftCompile normal arm64 /Users/runner/work/orbit/orbit/src/macos/OrbitKit/Sources/OrbitKit/Transcript/MonospaceOutputLayout.swift (in target 'OrbitKit' from project 'OrbitKit')
    cd /Users/runner/work/orbit/orbit/.a1-probe/A1Probe.xcodeproj
    

SwiftDriverJobDiscovery normal arm64 Emitting module for OrbitKit (in target 'OrbitKit' from project 'OrbitKit')

SwiftDriver\ Compilation\ Requirements OrbitKit normal arm64 com.apple.xcode.tools.swift.compiler (in target 'OrbitKit' from project 'OrbitKit')
    cd /Users/runner/work/orbit/orbit/.a1-probe/A1Probe.xcodeproj
    builtin-Swift-Compilation-Requirements -- /Applications/Xcode_26.6.app/Contents/Developer/Toolchains/XcodeDefault.xctoolchain/usr/bin/swiftc -module-name OrbitKit -Onone @/Users/runner/work/orbit/orbit/.a1-probe/.dd-mac/Build/Intermediates.noindex/OrbitKit.build/Debug/OrbitKit.build/Objects-normal/arm64/OrbitKit.SwiftFileList -DSWIFT_PACKAGE -DDEBUG -DSWIFT_MODULE_RESOURCE_BUNDLE_UNAVAILABLE -DXcode -plugin-path /Applications/Xcode_26.6.app/Contents/Developer/Toolchains/XcodeDefault.xctoolchain/usr/lib/swift/host/plugins/testing -enable-experimental-feature DebugDescriptionMacro -sdk /Applications/Xcode_26.6.app/Contents/Developer/Platforms/MacOSX.platform/Developer/SDKs/MacOSX26.5.sdk -target arm64-apple-macos13.0 -g -module-cache-path /Users/runner/work/orbit/orbit/.a1-probe/.dd-mac/ModuleCache.noindex -Xfrontend -serialize-debugging-options -enable-testing -index-store-path /Users/runner/work/orbit/orbit/.a1-probe/.dd-mac/Index.noindex/DataStore -Xcc -D_LIBCPP_HARDENING_MODE\=_LIBCPP_HARDENING_MODE_DEBUG -swift-version 5 -I /Users/runner/work/orbit/orbit/.a1-probe/.dd-mac/Build/Products/Debug -Isystem /Applications/Xcode_26.6.app/Contents/Developer/Platforms/MacOSX.platform/Developer/usr/lib -F /Users/runner/work/orbit/orbit/.a1-probe/.dd-mac/Build/Products/Debug/PackageFrameworks -F /Users/runner/work/orbit/orbit/.a1-probe/.dd-mac/Build/Products/Debug/PackageFrameworks -F /Users/runner/work/orbit/orbit/.a1-probe/.dd-mac/Build/Products/Debug/PackageFrameworks -F /Users/runner/work/orbit/orbit/.a1-probe/.dd-mac/Build/Products/Debug/PackageFrameworks -F /Users/runner/work/orbit/orbit/.a1-probe/.dd-mac/Build/Products/Debug -F /Applications/Xcode_26.6.app/Contents/Developer/Platforms/MacOSX.platform/Developer/Library/Frameworks -c -j3 -enable-batch-mode -incremental -Xcc -ivfsstatcache -Xcc /Users/runner/work/orbit/orbit/.a1-probe/.dd-mac/SDKStatCaches.noindex/macosx26.5-25F70-688ef53f1462e2c8f657fdc38a81448fee0e6409aa6676c5e6c013d148225433.sdkstatcache -output-file-map /Users/runner/work/orbit/orbit/.a1-probe/.dd-mac/Build/Intermediates.noindex/OrbitKit.build/Debug/OrbitKit.build/Objects-normal/arm64/OrbitKit-OutputFileMap.json -use-frontend-parseable-output -save-temps -no-color-diagnostics -explicit-module-build -module-cache-path /Users/runner/work/orbit/orbit/.a1-probe/.dd-mac/Build/Intermediates.noindex/SwiftExplicitPrecompiledModules -clang-scanner-module-cache-path /Users/runner/work/orbit/orbit/.a1-probe/.dd-mac/ModuleCache.noindex -sdk-module-cache-path /Users/runner/work/orbit/orbit/.a1-probe/.dd-mac/ModuleCache.noindex -serialize-diagnostics -emit-dependencies -emit-module -emit-module-path /Users/runner/work/orbit/orbit/.a1-probe/.dd-mac/Build/Intermediates.noindex/OrbitKit.build/Debug/OrbitKit.build/Objects-normal/arm64/OrbitKit.swiftmodule -validate-clang-modules-once -clang-build-session-file /Users/runner/work/orbit/orbit/.a1-probe/.dd-mac/ModuleCache.noindex/Session.modulevalidation -package-name orbitkit -Xcc -I/Users/runner/work/orbit/orbit/.a1-probe/.dd-mac/Build/Intermediates.noindex/OrbitKit.build/Debug/OrbitKit.build/swift-overrides.hmap -emit-const-values -Xfrontend -const-gather-protocols-file -Xfrontend /Users/runner/work/orbit/orbit/.a1-probe/.dd-mac/Build/Intermediates.noindex/OrbitKit.build/Debug/OrbitKit.build/Objects-normal/arm64/OrbitKit_const_extract_protocols.json -Xcc -I/Users/runner/work/orbit/orbit/.a1-probe/.dd-mac/SourcePackages/checkouts/swift-cmark/src/include -Xcc -I/Users/runner/work/orbit/orbit/.a1-probe/.dd-mac/SourcePackages/checkouts/swift-cmark/extensions/include -Xcc -I/Users/runner/work/orbit/orbit/.a1-probe/.dd-mac/SourcePackages/checkouts/swift-markdown/Sources/CAtomic/include -Xcc -I/Users/runner/work/orbit/orbit/.a1-probe/.dd-mac/Build/Products/Debug/include -Xcc -I/Users/runner/work/orbit/orbit/.a1-probe/.dd-mac/Build/Intermediates.noindex/OrbitKit.build/Debug/OrbitKit.build/DerivedSources-normal/arm64 -Xcc -I/Users/runner/work/orbit/orbit/.a1-probe/.dd-mac/Build/Intermediates.noindex/OrbitKit.build/Debug/OrbitKit.build/DerivedSources/arm64 -Xcc -I/Users/runner/work/orbit/orbit/.a1-probe/.dd-mac/Build/Intermediates.noindex/OrbitKit.build/Debug/OrbitKit.build/DerivedSources -Xcc -DSWIFT_PACKAGE -Xcc -DDEBUG\=1 -emit-objc-header -emit-objc-header-path /Users/runner/work/orbit/orbit/.a1-probe/.dd-mac/Build/Intermediates.noindex/OrbitKit.build/Debug/OrbitKit.build/Objects-normal/arm64/OrbitKit-Swift.h -working-directory /Users/runner/work/orbit/orbit/.a1-probe/A1Probe.xcodeproj -experimental-emit-module-separately -disable-cmo

SwiftDriverJobDiscovery normal arm64 Compiling SessionGrouping.swift, SessionHeader.swift, SessionLine.swift, SessionListingMemo.swift, SessionMove.swift, SessionProjectCopy.swift, SessionProjectGrouping.swift, SessionProjectMembers.swift, SessionProviderChoices.swift, SessionSearchHighlight.swift, SessionStatusGlyph.swift, SessionTimeGrouping.swift, SessionUpsert.swift, SessionViews.swift, SessionWorkspaceMove.swift, SettingsHome.swift, ShareMarkdown.swift, SharePanel.swift, SharedLinksList.swift, SharedPoolAdapter.swift, SharedPoolPage.swift, SkillsLogic.swift, StartProject.swift, TagChipColor.swift, TaskDetailPage.swift (in target 'OrbitKit' from project 'OrbitKit')

SwiftCompile normal arm64 Compiling\ TokenStore.swift,\ AccessTokens.swift,\ Admin.swift,\ Agents.swift,\ CodexLogin.swift,\ ControlEvent.swift,\ DTOs.swift,\ Enums.swift,\ FieldUpdate.swift,\ JSONValue.swift,\ LinkPreviews.swift,\ MergeRecovery.swift,\ OpenListDelta.swift,\ Preferences.swift,\ ProjectDetail.swift,\ ProjectOwnerItems.swift,\ ProjectPlan.swift,\ Projects.swift,\ ProviderPools.swift,\ Providers.swift,\ PublicID.swift,\ Push.swift,\ RunEvent.swift,\ Runners.swift,\ SessionCreatedTasks.swift /Users/runner/work/orbit/orbit/src/macos/OrbitKit/Sources/OrbitKit/Auth/TokenStore.swift /Users/runner/work/orbit/orbit/src/macos/OrbitKit/Sources/OrbitKit/Models/AccessTokens.swift /Users/runner/work/orbit/orbit/src/macos/OrbitKit/Sources/OrbitKit/Models/Admin.swift /Users/runner/work/orbit/orbit/src/macos/OrbitKit/Sources/OrbitKit/Models/Agents.swift /Users/runner/work/orbit/orbit/src/macos/OrbitKit/Sources/OrbitKit/Models/CodexLogin.swift /Users/runner/work/orbit/orbit/src/macos/OrbitKit/Sources/OrbitKit/Models/ControlEvent.swift /Users/runner/work/orbit/orbit/src/macos/OrbitKit/Sources/OrbitKit/Models/DTOs.swift /Users/runner/work/orbit/orbit/src/macos/OrbitKit/Sources/OrbitKit/Models/Enums.swift /Users/runner/work/orbit/orbit/src/macos/OrbitKit/Sources/OrbitKit/Models/FieldUpdate.swift /Users/runner/work/orbit/orbit/src/macos/OrbitKit/Sources/OrbitKit/Models/JSONValue.swift /Users/runner/work/orbit/orbit/src/macos/OrbitKit/Sources/OrbitKit/Models/LinkPreviews.swift /Users/runner/work/orbit/orbit/src/macos/OrbitKit/Sources/OrbitKit/Models/MergeRecovery.swift /Users/runner/work/orbit/orbit/src/macos/OrbitKit/Sources/OrbitKit/Models/OpenListDelta.swift /Users/runner/work/orbit/orbit/src/macos/OrbitKit/Sources/OrbitKit/Models/Preferences.swift /Users/runner/work/orbit/orbit/src/macos/OrbitKit/Sources/OrbitKit/Models/ProjectDetail.swift /Users/runner/work/orbit/orbit/src/macos/OrbitKit/Sources/OrbitKit/Models/ProjectOwnerItems.swift /Users/runner/work/orbit/orbit/src/macos/OrbitKit/Sources/OrbitKit/Models/ProjectPlan.swift /Users/runner/work/orbit/orbit/src/macos/OrbitKit/Sources/OrbitKit/Models/Projects.swift /Users/runner/work/orbit/orbit/src/macos/OrbitKit/Sources/OrbitKit/Models/ProviderPools.swift /Users/runner/work/orbit/orbit/src/macos/OrbitKit/Sources/OrbitKit/Models/Providers.swift /Users/runner/work/orbit/orbit/src/macos/OrbitKit/Sources/OrbitKit/Models/PublicID.swift /Users/runner/work/orbit/orbit/src/macos/OrbitKit/Sources/OrbitKit/Models/Push.swift /Users/runner/work/orbit/orbit/src/macos/OrbitKit/Sources/OrbitKit/Models/RunEvent.swift /Users/runner/work/orbit/orbit/src/macos/OrbitKit/Sources/OrbitKit/Models/Runners.swift /Users/runner/work/orbit/orbit/src/macos/OrbitKit/Sources/OrbitKit/Models/SessionCreatedTasks.swift (in target 'OrbitKit' from project 'OrbitKit')
SwiftCompile normal arm64 /Users/runner/work/orbit/orbit/src/macos/OrbitKit/Sources/OrbitKit/Auth/TokenStore.swift (in target 'OrbitKit' from project 'OrbitKit')
    cd /Users/runner/work/orbit/orbit/.a1-probe/A1Probe.xcodeproj
    

SwiftCompile normal arm64 /Users/runner/work/orbit/orbit/src/macos/OrbitKit/Sources/OrbitKit/Models/AccessTokens.swift (in target 'OrbitKit' from project 'OrbitKit')
    cd /Users/runner/work/orbit/orbit/.a1-probe/A1Probe.xcodeproj
    

SwiftCompile normal arm64 /Users/runner/work/orbit/orbit/src/macos/OrbitKit/Sources/OrbitKit/Models/Admin.swift (in target 'OrbitKit' from project 'OrbitKit')
    cd /Users/runner/work/orbit/orbit/.a1-probe/A1Probe.xcodeproj
    

SwiftCompile normal arm64 /Users/runner/work/orbit/orbit/src/macos/OrbitKit/Sources/OrbitKit/Models/Agents.swift (in target 'OrbitKit' from project 'OrbitKit')
    cd /Users/runner/work/orbit/orbit/.a1-probe/A1Probe.xcodeproj
    

SwiftCompile normal arm64 /Users/runner/work/orbit/orbit/src/macos/OrbitKit/Sources/OrbitKit/Models/CodexLogin.swift (in target 'OrbitKit' from project 'OrbitKit')
    cd /Users/runner/work/orbit/orbit/.a1-probe/A1Probe.xcodeproj
    

SwiftCompile normal arm64 /Users/runner/work/orbit/orbit/src/macos/OrbitKit/Sources/OrbitKit/Models/ControlEvent.swift (in target 'OrbitKit' from project 'OrbitKit')
    cd /Users/runner/work/orbit/orbit/.a1-probe/A1Probe.xcodeproj
    

SwiftCompile normal arm64 /Users/runner/work/orbit/orbit/src/macos/OrbitKit/Sources/OrbitKit/Models/DTOs.swift (in target 'OrbitKit' from project 'OrbitKit')
    cd /Users/runner/work/orbit/orbit/.a1-probe/A1Probe.xcodeproj
    

SwiftCompile normal arm64 /Users/runner/work/orbit/orbit/src/macos/OrbitKit/Sources/OrbitKit/Models/Enums.swift (in target 'OrbitKit' from project 'OrbitKit')
    cd /Users/runner/work/orbit/orbit/.a1-probe/A1Probe.xcodeproj
    

SwiftCompile normal arm64 /Users/runner/work/orbit/orbit/src/macos/OrbitKit/Sources/OrbitKit/Models/FieldUpdate.swift (in target 'OrbitKit' from project 'OrbitKit')
    cd /Users/runner/work/orbit/orbit/.a1-probe/A1Probe.xcodeproj
    

SwiftCompile normal arm64 /Users/runner/work/orbit/orbit/src/macos/OrbitKit/Sources/OrbitKit/Models/JSONValue.swift (in target 'OrbitKit' from project 'OrbitKit')
    cd /Users/runner/work/orbit/orbit/.a1-probe/A1Probe.xcodeproj
    

SwiftCompile normal arm64 /Users/runner/work/orbit/orbit/src/macos/OrbitKit/Sources/OrbitKit/Models/LinkPreviews.swift (in target 'OrbitKit' from project 'OrbitKit')
    cd /Users/runner/work/orbit/orbit/.a1-probe/A1Probe.xcodeproj
    

SwiftCompile normal arm64 /Users/runner/work/orbit/orbit/src/macos/OrbitKit/Sources/OrbitKit/Models/MergeRecovery.swift (in target 'OrbitKit' from project 'OrbitKit')
    cd /Users/runner/work/orbit/orbit/.a1-probe/A1Probe.xcodeproj
    

SwiftCompile normal arm64 /Users/runner/work/orbit/orbit/src/macos/OrbitKit/Sources/OrbitKit/Models/OpenListDelta.swift (in target 'OrbitKit' from project 'OrbitKit')
    cd /Users/runner/work/orbit/orbit/.a1-probe/A1Probe.xcodeproj
    

SwiftCompile normal arm64 /Users/runner/work/orbit/orbit/src/macos/OrbitKit/Sources/OrbitKit/Models/Preferences.swift (in target 'OrbitKit' from project 'OrbitKit')
    cd /Users/runner/work/orbit/orbit/.a1-probe/A1Probe.xcodeproj
    

SwiftCompile normal arm64 /Users/runner/work/orbit/orbit/src/macos/OrbitKit/Sources/OrbitKit/Models/ProjectDetail.swift (in target 'OrbitKit' from project 'OrbitKit')
    cd /Users/runner/work/orbit/orbit/.a1-probe/A1Probe.xcodeproj
    

SwiftCompile normal arm64 /Users/runner/work/orbit/orbit/src/macos/OrbitKit/Sources/OrbitKit/Models/ProjectOwnerItems.swift (in target 'OrbitKit' from project 'OrbitKit')
    cd /Users/runner/work/orbit/orbit/.a1-probe/A1Probe.xcodeproj
    

SwiftCompile normal arm64 /Users/runner/work/orbit/orbit/src/macos/OrbitKit/Sources/OrbitKit/Models/ProjectPlan.swift (in target 'OrbitKit' from project 'OrbitKit')
    cd /Users/runner/work/orbit/orbit/.a1-probe/A1Probe.xcodeproj
    

SwiftCompile normal arm64 /Users/runner/work/orbit/orbit/src/macos/OrbitKit/Sources/OrbitKit/Models/Projects.swift (in target 'OrbitKit' from project 'OrbitKit')
    cd /Users/runner/work/orbit/orbit/.a1-probe/A1Probe.xcodeproj
    

SwiftCompile normal arm64 /Users/runner/work/orbit/orbit/src/macos/OrbitKit/Sources/OrbitKit/Models/ProviderPools.swift (in target 'OrbitKit' from project 'OrbitKit')
    cd /Users/runner/work/orbit/orbit/.a1-probe/A1Probe.xcodeproj
    

SwiftCompile normal arm64 /Users/runner/work/orbit/orbit/src/macos/OrbitKit/Sources/OrbitKit/Models/Providers.swift (in target 'OrbitKit' from project 'OrbitKit')
    cd /Users/runner/work/orbit/orbit/.a1-probe/A1Probe.xcodeproj
    

SwiftCompile normal arm64 /Users/runner/work/orbit/orbit/src/macos/OrbitKit/Sources/OrbitKit/Models/PublicID.swift (in target 'OrbitKit' from project 'OrbitKit')
    cd /Users/runner/work/orbit/orbit/.a1-probe/A1Probe.xcodeproj
    

SwiftCompile normal arm64 /Users/runner/work/orbit/orbit/src/macos/OrbitKit/Sources/OrbitKit/Models/Push.swift (in target 'OrbitKit' from project 'OrbitKit')
    cd /Users/runner/work/orbit/orbit/.a1-probe/A1Probe.xcodeproj
    

SwiftCompile normal arm64 /Users/runner/work/orbit/orbit/src/macos/OrbitKit/Sources/OrbitKit/Models/RunEvent.swift (in target 'OrbitKit' from project 'OrbitKit')
    cd /Users/runner/work/orbit/orbit/.a1-probe/A1Probe.xcodeproj
    

SwiftCompile normal arm64 /Users/runner/work/orbit/orbit/src/macos/OrbitKit/Sources/OrbitKit/Models/Runners.swift (in target 'OrbitKit' from project 'OrbitKit')
    cd /Users/runner/work/orbit/orbit/.a1-probe/A1Probe.xcodeproj
    

SwiftCompile normal arm64 /Users/runner/work/orbit/orbit/src/macos/OrbitKit/Sources/OrbitKit/Models/SessionCreatedTasks.swift (in target 'OrbitKit' from project 'OrbitKit')
    cd /Users/runner/work/orbit/orbit/.a1-probe/A1Probe.xcodeproj
    

SwiftMergeGeneratedHeaders /Users/runner/work/orbit/orbit/.a1-probe/.dd-mac/Build/Intermediates.noindex/GeneratedModuleMaps/OrbitKit-Swift.h /Users/runner/work/orbit/orbit/.a1-probe/.dd-mac/Build/Intermediates.noindex/OrbitKit.build/Debug/OrbitKit.build/Objects-normal/arm64/OrbitKit-Swift.h (in target 'OrbitKit' from project 'OrbitKit')
    cd /Users/runner/work/orbit/orbit/src/macos/OrbitKit
    builtin-swiftHeaderTool -arch arm64 /Users/runner/work/orbit/orbit/.a1-probe/.dd-mac/Build/Intermediates.noindex/OrbitKit.build/Debug/OrbitKit.build/Objects-normal/arm64/OrbitKit-Swift.h -o /Users/runner/work/orbit/orbit/.a1-probe/.dd-mac/Build/Intermediates.noindex/GeneratedModuleMaps/OrbitKit-Swift.h

SwiftDriverJobDiscovery normal arm64 Compiling OpenItemDelivery.swift, ProjectStarted.swift, ReferencedTask.swift, ScrubRailGeometry.swift, SessionMessage.swift, SessionPreviewImages.swift, SessionRequest.swift, SessionStore.swift, SteerDelivery.swift, StickyQuestionHold.swift, StickySummary.swift, TailPinning.swift, TaskProgress.swift, TaskProgressCopy.swift, TaskStart.swift, ThinkingSummary.swift, ToolDisplay.swift, ToolGroupSummary.swift, ToolResultContent.swift, Transcript.swift, TranscriptRecordAnchor.swift, TranscriptReducer.swift, TranscriptRows.swift, TranscriptStore.swift, TurnCards.swift (in target 'OrbitKit' from project 'OrbitKit')

Copy /Users/runner/work/orbit/orbit/.a1-probe/.dd-mac/Build/Products/Debug/OrbitKit.swiftmodule/arm64-apple-macos.swiftmodule /Users/runner/work/orbit/orbit/.a1-probe/.dd-mac/Build/Intermediates.noindex/OrbitKit.build/Debug/OrbitKit.build/Objects-normal/arm64/OrbitKit.swiftmodule (in target 'OrbitKit' from project 'OrbitKit')
    cd /Users/runner/work/orbit/orbit/src/macos/OrbitKit
    builtin-copy -exclude .DS_Store -exclude CVS -exclude .svn -exclude .git -exclude .hg -resolve-src-symlinks -rename /Users/runner/work/orbit/orbit/.a1-probe/.dd-mac/Build/Intermediates.noindex/OrbitKit.build/Debug/OrbitKit.build/Objects-normal/arm64/OrbitKit.swiftmodule /Users/runner/work/orbit/orbit/.a1-probe/.dd-mac/Build/Products/Debug/OrbitKit.swiftmodule/arm64-apple-macos.swiftmodule

Copy /Users/runner/work/orbit/orbit/.a1-probe/.dd-mac/Build/Products/Debug/OrbitKit.swiftmodule/arm64-apple-macos.swiftdoc /Users/runner/work/orbit/orbit/.a1-probe/.dd-mac/Build/Intermediates.noindex/OrbitKit.build/Debug/OrbitKit.build/Objects-normal/arm64/OrbitKit.swiftdoc (in target 'OrbitKit' from project 'OrbitKit')
    cd /Users/runner/work/orbit/orbit/src/macos/OrbitKit
    builtin-copy -exclude .DS_Store -exclude CVS -exclude .svn -exclude .git -exclude .hg -resolve-src-symlinks -rename /Users/runner/work/orbit/orbit/.a1-probe/.dd-mac/Build/Intermediates.noindex/OrbitKit.build/Debug/OrbitKit.build/Objects-normal/arm64/OrbitKit.swiftdoc /Users/runner/work/orbit/orbit/.a1-probe/.dd-mac/Build/Products/Debug/OrbitKit.swiftmodule/arm64-apple-macos.swiftdoc

Copy /Users/runner/work/orbit/orbit/.a1-probe/.dd-mac/Build/Products/Debug/OrbitKit.swiftmodule/arm64-apple-macos.abi.json /Users/runner/work/orbit/orbit/.a1-probe/.dd-mac/Build/Intermediates.noindex/OrbitKit.build/Debug/OrbitKit.build/Objects-normal/arm64/OrbitKit.abi.json (in target 'OrbitKit' from project 'OrbitKit')
    cd /Users/runner/work/orbit/orbit/src/macos/OrbitKit
    builtin-copy -exclude .DS_Store -exclude CVS -exclude .svn -exclude .git -exclude .hg -resolve-src-symlinks -rename /Users/runner/work/orbit/orbit/.a1-probe/.dd-mac/Build/Intermediates.noindex/OrbitKit.build/Debug/OrbitKit.build/Objects-normal/arm64/OrbitKit.abi.json /Users/runner/work/orbit/orbit/.a1-probe/.dd-mac/Build/Products/Debug/OrbitKit.swiftmodule/arm64-apple-macos.abi.json

Copy /Users/runner/work/orbit/orbit/.a1-probe/.dd-mac/Build/Products/Debug/OrbitKit.swiftmodule/Project/arm64-apple-macos.swiftsourceinfo /Users/runner/work/orbit/orbit/.a1-probe/.dd-mac/Build/Intermediates.noindex/OrbitKit.build/Debug/OrbitKit.build/Objects-normal/arm64/OrbitKit.swiftsourceinfo (in target 'OrbitKit' from project 'OrbitKit')
    cd /Users/runner/work/orbit/orbit/src/macos/OrbitKit
    builtin-copy -exclude .DS_Store -exclude CVS -exclude .svn -exclude .git -exclude .hg -resolve-src-symlinks -rename /Users/runner/work/orbit/orbit/.a1-probe/.dd-mac/Build/Intermediates.noindex/OrbitKit.build/Debug/OrbitKit.build/Objects-normal/arm64/OrbitKit.swiftsourceinfo /Users/runner/work/orbit/orbit/.a1-probe/.dd-mac/Build/Products/Debug/OrbitKit.swiftmodule/Project/arm64-apple-macos.swiftsourceinfo

SwiftCompile normal arm64 Compiling\ PinnedCache.swift,\ ProjectAttention.swift,\ ProjectDone.swift,\ ProjectGraphLayout.swift,\ ProjectPage.swift,\ ProjectPageSections.swift,\ ProjectRunSettings.swift,\ ProjectTimeline.swift,\ ProviderPoolLogic.swift,\ ProvidersOverview.swift,\ RecentsLogic.swift,\ RefreshControlClearance.swift,\ RelativeTime.swift,\ RetryRoute.swift,\ RowSwipeGeometry.swift,\ RunnerAttention.swift,\ RunnerControl.swift,\ RunnerDownload.swift,\ RunnerPageCopy.swift,\ RunnerPageFormat.swift,\ ServerURL.swift,\ SessionCreatedTasksCopy.swift,\ SessionDetailCache.swift,\ SessionFolderCopy.swift,\ SessionFolderGrouping.swift /Users/runner/work/orbit/orbit/src/macos/OrbitKit/Sources/OrbitKit/App/PinnedCache.swift /Users/runner/work/orbit/orbit/src/macos/OrbitKit/Sources/OrbitKit/App/ProjectAttention.swift /Users/runner/work/orbit/orbit/src/macos/OrbitKit/Sources/OrbitKit/App/ProjectDone.swift /Users/runner/work/orbit/orbit/src/macos/OrbitKit/Sources/OrbitKit/App/ProjectGraphLayout.swift /Users/runner/work/orbit/orbit/src/macos/OrbitKit/Sources/OrbitKit/App/ProjectPage.swift /Users/runner/work/orbit/orbit/src/macos/OrbitKit/Sources/OrbitKit/App/ProjectPageSections.swift /Users/runner/work/orbit/orbit/src/macos/OrbitKit/Sources/OrbitKit/App/ProjectRunSettings.swift /Users/runner/work/orbit/orbit/src/macos/OrbitKit/Sources/OrbitKit/App/ProjectTimeline.swift /Users/runner/work/orbit/orbit/src/macos/OrbitKit/Sources/OrbitKit/App/ProviderPoolLogic.swift /Users/runner/work/orbit/orbit/src/macos/OrbitKit/Sources/OrbitKit/App/ProvidersOverview.swift /Users/runner/work/orbit/orbit/src/macos/OrbitKit/Sources/OrbitKit/App/RecentsLogic.swift /Users/runner/work/orbit/orbit/src/macos/OrbitKit/Sources/OrbitKit/App/RefreshControlClearance.swift /Users/runner/work/orbit/orbit/src/macos/OrbitKit/Sources/OrbitKit/App/RelativeTime.swift /Users/runner/work/orbit/orbit/src/macos/OrbitKit/Sources/OrbitKit/App/RetryRoute.swift /Users/runner/work/orbit/orbit/src/macos/OrbitKit/Sources/OrbitKit/App/RowSwipeGeometry.swift /Users/runner/work/orbit/orbit/src/macos/OrbitKit/Sources/OrbitKit/App/RunnerAttention.swift /Users/runner/work/orbit/orbit/src/macos/OrbitKit/Sources/OrbitKit/App/RunnerControl.swift /Users/runner/work/orbit/orbit/src/macos/OrbitKit/Sources/OrbitKit/App/RunnerDownload.swift /Users/runner/work/orbit/orbit/src/macos/OrbitKit/Sources/OrbitKit/App/RunnerPageCopy.swift /Users/runner/work/orbit/orbit/src/macos/OrbitKit/Sources/OrbitKit/App/RunnerPageFormat.swift /Users/runner/work/orbit/orbit/src/macos/OrbitKit/Sources/OrbitKit/App/ServerURL.swift /Users/runner/work/orbit/orbit/src/macos/OrbitKit/Sources/OrbitKit/App/SessionCreatedTasksCopy.swift /Users/runner/work/orbit/orbit/src/macos/OrbitKit/Sources/OrbitKit/App/SessionDetailCache.swift /Users/runner/work/orbit/orbit/src/macos/OrbitKit/Sources/OrbitKit/App/SessionFolderCopy.swift /Users/runner/work/orbit/orbit/src/macos/OrbitKit/Sources/OrbitKit/App/SessionFolderGrouping.swift (in target 'OrbitKit' from project 'OrbitKit')

SwiftCompile normal arm64 /Users/runner/work/orbit/orbit/src/macos/OrbitKit/Sources/OrbitKit/App/PinnedCache.swift (in target 'OrbitKit' from project 'OrbitKit')
    cd /Users/runner/work/orbit/orbit/.a1-probe/A1Probe.xcodeproj
    

SwiftCompile normal arm64 /Users/runner/work/orbit/orbit/src/macos/OrbitKit/Sources/OrbitKit/App/ProjectAttention.swift (in target 'OrbitKit' from project 'OrbitKit')
    cd /Users/runner/work/orbit/orbit/.a1-probe/A1Probe.xcodeproj
    

SwiftCompile normal arm64 /Users/runner/work/orbit/orbit/src/macos/OrbitKit/Sources/OrbitKit/App/ProjectDone.swift (in target 'OrbitKit' from project 'OrbitKit')
    cd /Users/runner/work/orbit/orbit/.a1-probe/A1Probe.xcodeproj
    

SwiftCompile normal arm64 /Users/runner/work/orbit/orbit/src/macos/OrbitKit/Sources/OrbitKit/App/ProjectGraphLayout.swift (in target 'OrbitKit' from project 'OrbitKit')
    cd /Users/runner/work/orbit/orbit/.a1-probe/A1Probe.xcodeproj
    

SwiftCompile normal arm64 /Users/runner/work/orbit/orbit/src/macos/OrbitKit/Sources/OrbitKit/App/ProjectPage.swift (in target 'OrbitKit' from project 'OrbitKit')
    cd /Users/runner/work/orbit/orbit/.a1-probe/A1Probe.xcodeproj
    

SwiftCompile normal arm64 /Users/runner/work/orbit/orbit/src/macos/OrbitKit/Sources/OrbitKit/App/ProjectPageSections.swift (in target 'OrbitKit' from project 'OrbitKit')
    cd /Users/runner/work/orbit/orbit/.a1-probe/A1Probe.xcodeproj
    

SwiftCompile normal arm64 /Users/runner/work/orbit/orbit/src/macos/OrbitKit/Sources/OrbitKit/App/ProjectRunSettings.swift (in target 'OrbitKit' from project 'OrbitKit')
    cd /Users/runner/work/orbit/orbit/.a1-probe/A1Probe.xcodeproj
    

SwiftCompile normal arm64 /Users/runner/work/orbit/orbit/src/macos/OrbitKit/Sources/OrbitKit/App/ProjectTimeline.swift (in target 'OrbitKit' from project 'OrbitKit')
    cd /Users/runner/work/orbit/orbit/.a1-probe/A1Probe.xcodeproj
    

SwiftCompile normal arm64 /Users/runner/work/orbit/orbit/src/macos/OrbitKit/Sources/OrbitKit/App/ProviderPoolLogic.swift (in target 'OrbitKit' from project 'OrbitKit')
    cd /Users/runner/work/orbit/orbit/.a1-probe/A1Probe.xcodeproj
    

SwiftCompile normal arm64 /Users/runner/work/orbit/orbit/src/macos/OrbitKit/Sources/OrbitKit/App/ProvidersOverview.swift (in target 'OrbitKit' from project 'OrbitKit')
    cd /Users/runner/work/orbit/orbit/.a1-probe/A1Probe.xcodeproj
    

SwiftCompile normal arm64 /Users/runner/work/orbit/orbit/src/macos/OrbitKit/Sources/OrbitKit/App/RecentsLogic.swift (in target 'OrbitKit' from project 'OrbitKit')
    cd /Users/runner/work/orbit/orbit/.a1-probe/A1Probe.xcodeproj
    

SwiftCompile normal arm64 /Users/runner/work/orbit/orbit/src/macos/OrbitKit/Sources/OrbitKit/App/RefreshControlClearance.swift (in target 'OrbitKit' from project 'OrbitKit')
    cd /Users/runner/work/orbit/orbit/.a1-probe/A1Probe.xcodeproj
    

SwiftCompile normal arm64 /Users/runner/work/orbit/orbit/src/macos/OrbitKit/Sources/OrbitKit/App/RelativeTime.swift (in target 'OrbitKit' from project 'OrbitKit')
    cd /Users/runner/work/orbit/orbit/.a1-probe/A1Probe.xcodeproj
    

SwiftCompile normal arm64 /Users/runner/work/orbit/orbit/src/macos/OrbitKit/Sources/OrbitKit/App/RetryRoute.swift (in target 'OrbitKit' from project 'OrbitKit')
    cd /Users/runner/work/orbit/orbit/.a1-probe/A1Probe.xcodeproj
    

SwiftCompile normal arm64 /Users/runner/work/orbit/orbit/src/macos/OrbitKit/Sources/OrbitKit/App/RowSwipeGeometry.swift (in target 'OrbitKit' from project 'OrbitKit')
    cd /Users/runner/work/orbit/orbit/.a1-probe/A1Probe.xcodeproj
    

SwiftCompile normal arm64 /Users/runner/work/orbit/orbit/src/macos/OrbitKit/Sources/OrbitKit/App/RunnerAttention.swift (in target 'OrbitKit' from project 'OrbitKit')
    cd /Users/runner/work/orbit/orbit/.a1-probe/A1Probe.xcodeproj
    

SwiftCompile normal arm64 /Users/runner/work/orbit/orbit/src/macos/OrbitKit/Sources/OrbitKit/App/RunnerControl.swift (in target 'OrbitKit' from project 'OrbitKit')
    cd /Users/runner/work/orbit/orbit/.a1-probe/A1Probe.xcodeproj
    

SwiftCompile normal arm64 /Users/runner/work/orbit/orbit/src/macos/OrbitKit/Sources/OrbitKit/App/RunnerDownload.swift (in target 'OrbitKit' from project 'OrbitKit')
    cd /Users/runner/work/orbit/orbit/.a1-probe/A1Probe.xcodeproj
    

SwiftCompile normal arm64 /Users/runner/work/orbit/orbit/src/macos/OrbitKit/Sources/OrbitKit/App/RunnerPageCopy.swift (in target 'OrbitKit' from project 'OrbitKit')
    cd /Users/runner/work/orbit/orbit/.a1-probe/A1Probe.xcodeproj
    

SwiftCompile normal arm64 /Users/runner/work/orbit/orbit/src/macos/OrbitKit/Sources/OrbitKit/App/RunnerPageFormat.swift (in target 'OrbitKit' from project 'OrbitKit')
    cd /Users/runner/work/orbit/orbit/.a1-probe/A1Probe.xcodeproj
    

SwiftCompile normal arm64 /Users/runner/work/orbit/orbit/src/macos/OrbitKit/Sources/OrbitKit/App/ServerURL.swift (in target 'OrbitKit' from project 'OrbitKit')
    cd /Users/runner/work/orbit/orbit/.a1-probe/A1Probe.xcodeproj
    

SwiftCompile normal arm64 /Users/runner/work/orbit/orbit/src/macos/OrbitKit/Sources/OrbitKit/App/SessionCreatedTasksCopy.swift (in target 'OrbitKit' from project 'OrbitKit')
    cd /Users/runner/work/orbit/orbit/.a1-probe/A1Probe.xcodeproj
    

SwiftCompile normal arm64 /Users/runner/work/orbit/orbit/src/macos/OrbitKit/Sources/OrbitKit/App/SessionDetailCache.swift (in target 'OrbitKit' from project 'OrbitKit')
    cd /Users/runner/work/orbit/orbit/.a1-probe/A1Probe.xcodeproj
    

SwiftCompile normal arm64 /Users/runner/work/orbit/orbit/src/macos/OrbitKit/Sources/OrbitKit/App/SessionFolderCopy.swift (in target 'OrbitKit' from project 'OrbitKit')
    cd /Users/runner/work/orbit/orbit/.a1-probe/A1Probe.xcodeproj
    

SwiftCompile normal arm64 /Users/runner/work/orbit/orbit/src/macos/OrbitKit/Sources/OrbitKit/App/SessionFolderGrouping.swift (in target 'OrbitKit' from project 'OrbitKit')
    cd /Users/runner/work/orbit/orbit/.a1-probe/A1Probe.xcodeproj
    

SwiftDriverJobDiscovery normal arm64 Compiling PinnedCache.swift, ProjectAttention.swift, ProjectDone.swift, ProjectGraphLayout.swift, ProjectPage.swift, ProjectPageSections.swift, ProjectRunSettings.swift, ProjectTimeline.swift, ProviderPoolLogic.swift, ProvidersOverview.swift, RecentsLogic.swift, RefreshControlClearance.swift, RelativeTime.swift, RetryRoute.swift, RowSwipeGeometry.swift, RunnerAttention.swift, RunnerControl.swift, RunnerDownload.swift, RunnerPageCopy.swift, RunnerPageFormat.swift, ServerURL.swift, SessionCreatedTasksCopy.swift, SessionDetailCache.swift, SessionFolderCopy.swift, SessionFolderGrouping.swift (in target 'OrbitKit' from project 'OrbitKit')

SwiftCompile normal arm64 Compiling\ AccessTokensList.swift,\ AccountPause.swift,\ AddPoolKey.swift,\ AgentDefaults.swift,\ AgentListLogic.swift,\ AppSection.swift,\ ApprovalReviewDrafts.swift,\ Approvals.swift,\ ArtifactByteCache.swift,\ AttachmentLink.swift,\ AutoRetryLogic.swift,\ BackgroundWake.swift,\ BatchTree.swift,\ BottomSearchReveal.swift,\ CoalescedRefreshQueue.swift,\ CodexAccounts.swift,\ CodexLoginPool.swift,\ CodexPoolPage.swift,\ CodexSignIn.swift,\ Composer.swift,\ CriteriaChange.swift,\ CriteriaDecision.swift,\ DeepLink.swift,\ DshRuntime.swift,\ EngineAuth.swift /Users/runner/work/orbit/orbit/src/macos/OrbitKit/Sources/OrbitKit/App/AccessTokensList.swift /Users/runner/work/orbit/orbit/src/macos/OrbitKit/Sources/OrbitKit/App/AccountPause.swift /Users/runner/work/orbit/orbit/src/macos/OrbitKit/Sources/OrbitKit/App/AddPoolKey.swift /Users/runner/work/orbit/orbit/src/macos/OrbitKit/Sources/OrbitKit/App/AgentDefaults.swift /Users/runner/work/orbit/orbit/src/macos/OrbitKit/Sources/OrbitKit/App/AgentListLogic.swift /Users/runner/work/orbit/orbit/src/macos/OrbitKit/Sources/OrbitKit/App/AppSection.swift /Users/runner/work/orbit/orbit/src/macos/OrbitKit/Sources/OrbitKit/App/ApprovalReviewDrafts.swift /Users/runner/work/orbit/orbit/src/macos/OrbitKit/Sources/OrbitKit/App/Approvals.swift /Users/runner/work/orbit/orbit/src/macos/OrbitKit/Sources/OrbitKit/App/ArtifactByteCache.swift /Users/runner/work/orbit/orbit/src/macos/OrbitKit/Sources/OrbitKit/App/AttachmentLink.swift /Users/runner/work/orbit/orbit/src/macos/OrbitKit/Sources/OrbitKit/App/AutoRetryLogic.swift /Users/runner/work/orbit/orbit/src/macos/OrbitKit/Sources/OrbitKit/App/BackgroundWake.swift /Users/runner/work/orbit/orbit/src/macos/OrbitKit/Sources/OrbitKit/App/BatchTree.swift /Users/runner/work/orbit/orbit/src/macos/OrbitKit/Sources/OrbitKit/App/BottomSearchReveal.swift /Users/runner/work/orbit/orbit/src/macos/OrbitKit/Sources/OrbitKit/App/CoalescedRefreshQueue.swift /Users/runner/work/orbit/orbit/src/macos/OrbitKit/Sources/OrbitKit/App/CodexAccounts.swift /Users/runner/work/orbit/orbit/src/macos/OrbitKit/Sources/OrbitKit/App/CodexLoginPool.swift /Users/runner/work/orbit/orbit/src/macos/OrbitKit/Sources/OrbitKit/App/CodexPoolPage.swift /Users/runner/work/orbit/orbit/src/macos/OrbitKit/Sources/OrbitKit/App/CodexSignIn.swift /Users/runner/work/orbit/orbit/src/macos/OrbitKit/Sources/OrbitKit/App/Composer.swift /Users/runner/work/orbit/orbit/src/macos/OrbitKit/Sources/OrbitKit/App/CriteriaChange.swift /Users/runner/work/orbit/orbit/src/macos/OrbitKit/Sources/OrbitKit/App/CriteriaDecision.swift /Users/runner/work/orbit/orbit/src/macos/OrbitKit/Sources/OrbitKit/App/DeepLink.swift /Users/runner/work/orbit/orbit/src/macos/OrbitKit/Sources/OrbitKit/App/DshRuntime.swift /Users/runner/work/orbit/orbit/src/macos/OrbitKit/Sources/OrbitKit/App/EngineAuth.swift (in target 'OrbitKit' from project 'OrbitKit')
SwiftCompile normal arm64 /Users/runner/work/orbit/orbit/src/macos/OrbitKit/Sources/OrbitKit/App/AccessTokensList.swift (in target 'OrbitKit' from project 'OrbitKit')
    cd /Users/runner/work/orbit/orbit/.a1-probe/A1Probe.xcodeproj
    

SwiftCompile normal arm64 /Users/runner/work/orbit/orbit/src/macos/OrbitKit/Sources/OrbitKit/App/AccountPause.swift (in target 'OrbitKit' from project 'OrbitKit')
    cd /Users/runner/work/orbit/orbit/.a1-probe/A1Probe.xcodeproj
    

SwiftCompile normal arm64 /Users/runner/work/orbit/orbit/src/macos/OrbitKit/Sources/OrbitKit/App/AddPoolKey.swift (in target 'OrbitKit' from project 'OrbitKit')
    cd /Users/runner/work/orbit/orbit/.a1-probe/A1Probe.xcodeproj
    

SwiftCompile normal arm64 /Users/runner/work/orbit/orbit/src/macos/OrbitKit/Sources/OrbitKit/App/AgentDefaults.swift (in target 'OrbitKit' from project 'OrbitKit')
    cd /Users/runner/work/orbit/orbit/.a1-probe/A1Probe.xcodeproj
    

SwiftCompile normal arm64 /Users/runner/work/orbit/orbit/src/macos/OrbitKit/Sources/OrbitKit/App/AgentListLogic.swift (in target 'OrbitKit' from project 'OrbitKit')
    cd /Users/runner/work/orbit/orbit/.a1-probe/A1Probe.xcodeproj
    

SwiftCompile normal arm64 /Users/runner/work/orbit/orbit/src/macos/OrbitKit/Sources/OrbitKit/App/AppSection.swift (in target 'OrbitKit' from project 'OrbitKit')
    cd /Users/runner/work/orbit/orbit/.a1-probe/A1Probe.xcodeproj
    

SwiftCompile normal arm64 /Users/runner/work/orbit/orbit/src/macos/OrbitKit/Sources/OrbitKit/App/ApprovalReviewDrafts.swift (in target 'OrbitKit' from project 'OrbitKit')
    cd /Users/runner/work/orbit/orbit/.a1-probe/A1Probe.xcodeproj
    

SwiftCompile normal arm64 /Users/runner/work/orbit/orbit/src/macos/OrbitKit/Sources/OrbitKit/App/Approvals.swift (in target 'OrbitKit' from project 'OrbitKit')
    cd /Users/runner/work/orbit/orbit/.a1-probe/A1Probe.xcodeproj
    

SwiftCompile normal arm64 /Users/runner/work/orbit/orbit/src/macos/OrbitKit/Sources/OrbitKit/App/ArtifactByteCache.swift (in target 'OrbitKit' from project 'OrbitKit')
    cd /Users/runner/work/orbit/orbit/.a1-probe/A1Probe.xcodeproj
    

SwiftCompile normal arm64 /Users/runner/work/orbit/orbit/src/macos/OrbitKit/Sources/OrbitKit/App/AttachmentLink.swift (in target 'OrbitKit' from project 'OrbitKit')
    cd /Users/runner/work/orbit/orbit/.a1-probe/A1Probe.xcodeproj
    

SwiftCompile normal arm64 /Users/runner/work/orbit/orbit/src/macos/OrbitKit/Sources/OrbitKit/App/AutoRetryLogic.swift (in target 'OrbitKit' from project 'OrbitKit')
    cd /Users/runner/work/orbit/orbit/.a1-probe/A1Probe.xcodeproj
    

SwiftCompile normal arm64 /Users/runner/work/orbit/orbit/src/macos/OrbitKit/Sources/OrbitKit/App/BackgroundWake.swift (in target 'OrbitKit' from project 'OrbitKit')
    cd /Users/runner/work/orbit/orbit/.a1-probe/A1Probe.xcodeproj
    

SwiftCompile normal arm64 /Users/runner/work/orbit/orbit/src/macos/OrbitKit/Sources/OrbitKit/App/BatchTree.swift (in target 'OrbitKit' from project 'OrbitKit')
    cd /Users/runner/work/orbit/orbit/.a1-probe/A1Probe.xcodeproj
    

SwiftCompile normal arm64 /Users/runner/work/orbit/orbit/src/macos/OrbitKit/Sources/OrbitKit/App/BottomSearchReveal.swift (in target 'OrbitKit' from project 'OrbitKit')
    cd /Users/runner/work/orbit/orbit/.a1-probe/A1Probe.xcodeproj
    

SwiftCompile normal arm64 /Users/runner/work/orbit/orbit/src/macos/OrbitKit/Sources/OrbitKit/App/CoalescedRefreshQueue.swift (in target 'OrbitKit' from project 'OrbitKit')
    cd /Users/runner/work/orbit/orbit/.a1-probe/A1Probe.xcodeproj
    

SwiftCompile normal arm64 /Users/runner/work/orbit/orbit/src/macos/OrbitKit/Sources/OrbitKit/App/CodexAccounts.swift (in target 'OrbitKit' from project 'OrbitKit')
    cd /Users/runner/work/orbit/orbit/.a1-probe/A1Probe.xcodeproj
    

SwiftCompile normal arm64 /Users/runner/work/orbit/orbit/src/macos/OrbitKit/Sources/OrbitKit/App/CodexLoginPool.swift (in target 'OrbitKit' from project 'OrbitKit')
    cd /Users/runner/work/orbit/orbit/.a1-probe/A1Probe.xcodeproj
    

SwiftCompile normal arm64 /Users/runner/work/orbit/orbit/src/macos/OrbitKit/Sources/OrbitKit/App/CodexPoolPage.swift (in target 'OrbitKit' from project 'OrbitKit')
    cd /Users/runner/work/orbit/orbit/.a1-probe/A1Probe.xcodeproj
    

SwiftCompile normal arm64 /Users/runner/work/orbit/orbit/src/macos/OrbitKit/Sources/OrbitKit/App/CodexSignIn.swift (in target 'OrbitKit' from project 'OrbitKit')
    cd /Users/runner/work/orbit/orbit/.a1-probe/A1Probe.xcodeproj
    

SwiftCompile normal arm64 /Users/runner/work/orbit/orbit/src/macos/OrbitKit/Sources/OrbitKit/App/Composer.swift (in target 'OrbitKit' from project 'OrbitKit')
    cd /Users/runner/work/orbit/orbit/.a1-probe/A1Probe.xcodeproj
    

SwiftCompile normal arm64 /Users/runner/work/orbit/orbit/src/macos/OrbitKit/Sources/OrbitKit/App/CriteriaChange.swift (in target 'OrbitKit' from project 'OrbitKit')
    cd /Users/runner/work/orbit/orbit/.a1-probe/A1Probe.xcodeproj
    

SwiftCompile normal arm64 /Users/runner/work/orbit/orbit/src/macos/OrbitKit/Sources/OrbitKit/App/CriteriaDecision.swift (in target 'OrbitKit' from project 'OrbitKit')
    cd /Users/runner/work/orbit/orbit/.a1-probe/A1Probe.xcodeproj
    

SwiftCompile normal arm64 /Users/runner/work/orbit/orbit/src/macos/OrbitKit/Sources/OrbitKit/App/DeepLink.swift (in target 'OrbitKit' from project 'OrbitKit')
    cd /Users/runner/work/orbit/orbit/.a1-probe/A1Probe.xcodeproj
    

SwiftCompile normal arm64 /Users/runner/work/orbit/orbit/src/macos/OrbitKit/Sources/OrbitKit/App/DshRuntime.swift (in target 'OrbitKit' from project 'OrbitKit')
    cd /Users/runner/work/orbit/orbit/.a1-probe/A1Probe.xcodeproj
    

SwiftCompile normal arm64 /Users/runner/work/orbit/orbit/src/macos/OrbitKit/Sources/OrbitKit/App/EngineAuth.swift (in target 'OrbitKit' from project 'OrbitKit')
    cd /Users/runner/work/orbit/orbit/.a1-probe/A1Probe.xcodeproj
    

SwiftCompile normal arm64 Compiling\ EngineErrors.swift,\ EvidenceDecision.swift,\ ImageViewerGeometry.swift,\ LaunchSnapshot.swift,\ LoadFailureLogic.swift,\ LoginFailure.swift,\ Markdown.swift,\ MarkdownFileRef.swift,\ MenuBar.swift,\ Navigation.swift,\ NeedsYou.swift,\ Notifications.swift,\ OpenCodeKeys.swift,\ OpenListReader.swift,\ OpenListRowUpdate.swift,\ OrbitAskPreview.swift,\ OrbitLink.swift,\ OrbitLinkCard.swift,\ OrbitLinkDestination.swift,\ OrbitLinkPlacement.swift,\ OrbitLinkStore.swift,\ OwnerConfirmation.swift,\ OwnerConfirmationReview.swift,\ OwnerItemCards.swift,\ PendingSessionOperations.swift /Users/runner/work/orbit/orbit/src/macos/OrbitKit/Sources/OrbitKit/App/EngineErrors.swift /Users/runner/work/orbit/orbit/src/macos/OrbitKit/Sources/OrbitKit/App/EvidenceDecision.swift /Users/runner/work/orbit/orbit/src/macos/OrbitKit/Sources/OrbitKit/App/ImageViewerGeometry.swift /Users/runner/work/orbit/orbit/src/macos/OrbitKit/Sources/OrbitKit/App/LaunchSnapshot.swift /Users/runner/work/orbit/orbit/src/macos/OrbitKit/Sources/OrbitKit/App/LoadFailureLogic.swift /Users/runner/work/orbit/orbit/src/macos/OrbitKit/Sources/OrbitKit/App/LoginFailure.swift /Users/runner/work/orbit/orbit/src/macos/OrbitKit/Sources/OrbitKit/App/Markdown.swift /Users/runner/work/orbit/orbit/src/macos/OrbitKit/Sources/OrbitKit/App/MarkdownFileRef.swift /Users/runner/work/orbit/orbit/src/macos/OrbitKit/Sources/OrbitKit/App/MenuBar.swift /Users/runner/work/orbit/orbit/src/macos/OrbitKit/Sources/OrbitKit/App/Navigation.swift /Users/runner/work/orbit/orbit/src/macos/OrbitKit/Sources/OrbitKit/App/NeedsYou.swift /Users/runner/work/orbit/orbit/src/macos/OrbitKit/Sources/OrbitKit/App/Notifications.swift /Users/runner/work/orbit/orbit/src/macos/OrbitKit/Sources/OrbitKit/App/OpenCodeKeys.swift /Users/runner/work/orbit/orbit/src/macos/OrbitKit/Sources/OrbitKit/App/OpenListReader.swift /Users/runner/work/orbit/orbit/src/macos/OrbitKit/Sources/OrbitKit/App/OpenListRowUpdate.swift /Users/runner/work/orbit/orbit/src/macos/OrbitKit/Sources/OrbitKit/App/OrbitAskPreview.swift /Users/runner/work/orbit/orbit/src/macos/OrbitKit/Sources/OrbitKit/App/OrbitLink.swift /Users/runner/work/orbit/orbit/src/macos/OrbitKit/Sources/OrbitKit/App/OrbitLinkCard.swift /Users/runner/work/orbit/orbit/src/macos/OrbitKit/Sources/OrbitKit/App/OrbitLinkDestination.swift /Users/runner/work/orbit/orbit/src/macos/OrbitKit/Sources/OrbitKit/App/OrbitLinkPlacement.swift /Users/runner/work/orbit/orbit/src/macos/OrbitKit/Sources/OrbitKit/App/OrbitLinkStore.swift /Users/runner/work/orbit/orbit/src/macos/OrbitKit/Sources/OrbitKit/App/OwnerConfirmation.swift /Users/runner/work/orbit/orbit/src/macos/OrbitKit/Sources/OrbitKit/App/OwnerConfirmationReview.swift /Users/runner/work/orbit/orbit/src/macos/OrbitKit/Sources/OrbitKit/App/OwnerItemCards.swift /Users/runner/work/orbit/orbit/src/macos/OrbitKit/Sources/OrbitKit/App/PendingSessionOperations.swift (in target 'OrbitKit' from project 'OrbitKit')
SwiftCompile normal arm64 /Users/runner/work/orbit/orbit/src/macos/OrbitKit/Sources/OrbitKit/App/EngineErrors.swift (in target 'OrbitKit' from project 'OrbitKit')
    cd /Users/runner/work/orbit/orbit/.a1-probe/A1Probe.xcodeproj
    

SwiftCompile normal arm64 /Users/runner/work/orbit/orbit/src/macos/OrbitKit/Sources/OrbitKit/App/EvidenceDecision.swift (in target 'OrbitKit' from project 'OrbitKit')
    cd /Users/runner/work/orbit/orbit/.a1-probe/A1Probe.xcodeproj
    

SwiftCompile normal arm64 /Users/runner/work/orbit/orbit/src/macos/OrbitKit/Sources/OrbitKit/App/ImageViewerGeometry.swift (in target 'OrbitKit' from project 'OrbitKit')
    cd /Users/runner/work/orbit/orbit/.a1-probe/A1Probe.xcodeproj
    

SwiftCompile normal arm64 /Users/runner/work/orbit/orbit/src/macos/OrbitKit/Sources/OrbitKit/App/LaunchSnapshot.swift (in target 'OrbitKit' from project 'OrbitKit')
    cd /Users/runner/work/orbit/orbit/.a1-probe/A1Probe.xcodeproj
    

SwiftCompile normal arm64 /Users/runner/work/orbit/orbit/src/macos/OrbitKit/Sources/OrbitKit/App/LoadFailureLogic.swift (in target 'OrbitKit' from project 'OrbitKit')
    cd /Users/runner/work/orbit/orbit/.a1-probe/A1Probe.xcodeproj
    

SwiftCompile normal arm64 /Users/runner/work/orbit/orbit/src/macos/OrbitKit/Sources/OrbitKit/App/LoginFailure.swift (in target 'OrbitKit' from project 'OrbitKit')
    cd /Users/runner/work/orbit/orbit/.a1-probe/A1Probe.xcodeproj
    

SwiftCompile normal arm64 /Users/runner/work/orbit/orbit/src/macos/OrbitKit/Sources/OrbitKit/App/Markdown.swift (in target 'OrbitKit' from project 'OrbitKit')
    cd /Users/runner/work/orbit/orbit/.a1-probe/A1Probe.xcodeproj
    

SwiftCompile normal arm64 /Users/runner/work/orbit/orbit/src/macos/OrbitKit/Sources/OrbitKit/App/MarkdownFileRef.swift (in target 'OrbitKit' from project 'OrbitKit')
    cd /Users/runner/work/orbit/orbit/.a1-probe/A1Probe.xcodeproj
    

SwiftCompile normal arm64 /Users/runner/work/orbit/orbit/src/macos/OrbitKit/Sources/OrbitKit/App/MenuBar.swift (in target 'OrbitKit' from project 'OrbitKit')
    cd /Users/runner/work/orbit/orbit/.a1-probe/A1Probe.xcodeproj
    

SwiftCompile normal arm64 /Users/runner/work/orbit/orbit/src/macos/OrbitKit/Sources/OrbitKit/App/Navigation.swift (in target 'OrbitKit' from project 'OrbitKit')
    cd /Users/runner/work/orbit/orbit/.a1-probe/A1Probe.xcodeproj
    

SwiftCompile normal arm64 /Users/runner/work/orbit/orbit/src/macos/OrbitKit/Sources/OrbitKit/App/NeedsYou.swift (in target 'OrbitKit' from project 'OrbitKit')
    cd /Users/runner/work/orbit/orbit/.a1-probe/A1Probe.xcodeproj
    

SwiftCompile normal arm64 /Users/runner/work/orbit/orbit/src/macos/OrbitKit/Sources/OrbitKit/App/Notifications.swift (in target 'OrbitKit' from project 'OrbitKit')
    cd /Users/runner/work/orbit/orbit/.a1-probe/A1Probe.xcodeproj
    

SwiftCompile normal arm64 /Users/runner/work/orbit/orbit/src/macos/OrbitKit/Sources/OrbitKit/App/OpenCodeKeys.swift (in target 'OrbitKit' from project 'OrbitKit')
    cd /Users/runner/work/orbit/orbit/.a1-probe/A1Probe.xcodeproj
    

SwiftCompile normal arm64 /Users/runner/work/orbit/orbit/src/macos/OrbitKit/Sources/OrbitKit/App/OpenListReader.swift (in target 'OrbitKit' from project 'OrbitKit')
    cd /Users/runner/work/orbit/orbit/.a1-probe/A1Probe.xcodeproj
    

SwiftCompile normal arm64 /Users/runner/work/orbit/orbit/src/macos/OrbitKit/Sources/OrbitKit/App/OpenListRowUpdate.swift (in target 'OrbitKit' from project 'OrbitKit')
    cd /Users/runner/work/orbit/orbit/.a1-probe/A1Probe.xcodeproj
    

SwiftCompile normal arm64 /Users/runner/work/orbit/orbit/src/macos/OrbitKit/Sources/OrbitKit/App/OrbitAskPreview.swift (in target 'OrbitKit' from project 'OrbitKit')
    cd /Users/runner/work/orbit/orbit/.a1-probe/A1Probe.xcodeproj
    

SwiftCompile normal arm64 /Users/runner/work/orbit/orbit/src/macos/OrbitKit/Sources/OrbitKit/App/OrbitLink.swift (in target 'OrbitKit' from project 'OrbitKit')
    cd /Users/runner/work/orbit/orbit/.a1-probe/A1Probe.xcodeproj
    

SwiftCompile normal arm64 /Users/runner/work/orbit/orbit/src/macos/OrbitKit/Sources/OrbitKit/App/OrbitLinkCard.swift (in target 'OrbitKit' from project 'OrbitKit')
    cd /Users/runner/work/orbit/orbit/.a1-probe/A1Probe.xcodeproj
    

SwiftCompile normal arm64 /Users/runner/work/orbit/orbit/src/macos/OrbitKit/Sources/OrbitKit/App/OrbitLinkDestination.swift (in target 'OrbitKit' from project 'OrbitKit')
    cd /Users/runner/work/orbit/orbit/.a1-probe/A1Probe.xcodeproj
    

SwiftCompile normal arm64 /Users/runner/work/orbit/orbit/src/macos/OrbitKit/Sources/OrbitKit/App/OrbitLinkPlacement.swift (in target 'OrbitKit' from project 'OrbitKit')
    cd /Users/runner/work/orbit/orbit/.a1-probe/A1Probe.xcodeproj
    

SwiftCompile normal arm64 /Users/runner/work/orbit/orbit/src/macos/OrbitKit/Sources/OrbitKit/App/OrbitLinkStore.swift (in target 'OrbitKit' from project 'OrbitKit')
    cd /Users/runner/work/orbit/orbit/.a1-probe/A1Probe.xcodeproj
    

SwiftCompile normal arm64 /Users/runner/work/orbit/orbit/src/macos/OrbitKit/Sources/OrbitKit/App/OwnerConfirmation.swift (in target 'OrbitKit' from project 'OrbitKit')
    cd /Users/runner/work/orbit/orbit/.a1-probe/A1Probe.xcodeproj
    
/Users/runner/work/orbit/orbit/src/macos/OrbitKit/Sources/OrbitKit/App/OwnerConfirmation.swift:831:19: warning: immutable value 'report' was never used; consider replacing with '_' or removing it
        guard let report, let time else { return whatTheRunReported }
              ~~~~^~~~~~
              _

SwiftCompile normal arm64 /Users/runner/work/orbit/orbit/src/macos/OrbitKit/Sources/OrbitKit/App/OwnerConfirmationReview.swift (in target 'OrbitKit' from project 'OrbitKit')
    cd /Users/runner/work/orbit/orbit/.a1-probe/A1Probe.xcodeproj
    

SwiftCompile normal arm64 /Users/runner/work/orbit/orbit/src/macos/OrbitKit/Sources/OrbitKit/App/OwnerItemCards.swift (in target 'OrbitKit' from project 'OrbitKit')
    cd /Users/runner/work/orbit/orbit/.a1-probe/A1Probe.xcodeproj
    

SwiftCompile normal arm64 /Users/runner/work/orbit/orbit/src/macos/OrbitKit/Sources/OrbitKit/App/PendingSessionOperations.swift (in target 'OrbitKit' from project 'OrbitKit')
    cd /Users/runner/work/orbit/orbit/.a1-probe/A1Probe.xcodeproj
    

SwiftDriverJobDiscovery normal arm64 Compiling SessionFolder.swift, SessionMoveTargets.swift, SessionProjectMembership.swift, ShareLinks.swift, SharedPools.swift, TaskDetailReads.swift, Tasks.swift, Watches.swift, Wiki.swift, WikiArticles.swift, WikiDocs.swift, WikiHealth.swift, WikiPlan.swift, APIClient.swift, SessionRefresher.swift, URLSession+Orbit.swift, ControlStream.swift, EventStream.swift, ReconnectPolicy.swift, SSEFrameParser.swift, BackgroundJobs.swift, BackgroundSummary.swift, ConfirmationReviewTurns.swift, DeliveredMessage.swift, MonospaceOutputLayout.swift (in target 'OrbitKit' from project 'OrbitKit')

SwiftCompile normal arm64 Compiling\ TaskJudgment.swift,\ TaskListCopy.swift,\ TaskListLogic.swift,\ TaskPageIncrementalReducer.swift,\ TaskReopen.swift,\ TaskRunHandoff.swift,\ TextFilePreview.swift,\ ToastFeed.swift,\ UnifiedDiff.swift,\ WatchEditing.swift,\ WatchProjection.swift,\ WatchStateMachine.swift,\ WatchWake.swift,\ WhoCanUseIt.swift,\ WikiArticleLogic.swift,\ WikiDocLogic.swift,\ WikiHealthLogic.swift,\ WikiLogic.swift,\ WikiModeLogic.swift,\ WikiPlanLogic.swift,\ WikiSpaceLogic.swift,\ WorkspaceActivity.swift,\ WorktreeBarLogic.swift,\ WorktreeFileFailure.swift,\ GoogleSignIn.swift /Users/runner/work/orbit/orbit/src/macos/OrbitKit/Sources/OrbitKit/App/TaskJudgment.swift /Users/runner/work/orbit/orbit/src/macos/OrbitKit/Sources/OrbitKit/App/TaskListCopy.swift /Users/runner/work/orbit/orbit/src/macos/OrbitKit/Sources/OrbitKit/App/TaskListLogic.swift /Users/runner/work/orbit/orbit/src/macos/OrbitKit/Sources/OrbitKit/App/TaskPageIncrementalReducer.swift /Users/runner/work/orbit/orbit/src/macos/OrbitKit/Sources/OrbitKit/App/TaskReopen.swift /Users/runner/work/orbit/orbit/src/macos/OrbitKit/Sources/OrbitKit/App/TaskRunHandoff.swift /Users/runner/work/orbit/orbit/src/macos/OrbitKit/Sources/OrbitKit/App/TextFilePreview.swift /Users/runner/work/orbit/orbit/src/macos/OrbitKit/Sources/OrbitKit/App/ToastFeed.swift /Users/runner/work/orbit/orbit/src/macos/OrbitKit/Sources/OrbitKit/App/UnifiedDiff.swift /Users/runner/work/orbit/orbit/src/macos/OrbitKit/Sources/OrbitKit/App/WatchEditing.swift /Users/runner/work/orbit/orbit/src/macos/OrbitKit/Sources/OrbitKit/App/WatchProjection.swift /Users/runner/work/orbit/orbit/src/macos/OrbitKit/Sources/OrbitKit/App/WatchStateMachine.swift /Users/runner/work/orbit/orbit/src/macos/OrbitKit/Sources/OrbitKit/App/WatchWake.swift /Users/runner/work/orbit/orbit/src/macos/OrbitKit/Sources/OrbitKit/App/WhoCanUseIt.swift /Users/runner/work/orbit/orbit/src/macos/OrbitKit/Sources/OrbitKit/App/WikiArticleLogic.swift /Users/runner/work/orbit/orbit/src/macos/OrbitKit/Sources/OrbitKit/App/WikiDocLogic.swift /Users/runner/work/orbit/orbit/src/macos/OrbitKit/Sources/OrbitKit/App/WikiHealthLogic.swift /Users/runner/work/orbit/orbit/src/macos/OrbitKit/Sources/OrbitKit/App/WikiLogic.swift /Users/runner/work/orbit/orbit/src/macos/OrbitKit/Sources/OrbitKit/App/WikiModeLogic.swift /Users/runner/work/orbit/orbit/src/macos/OrbitKit/Sources/OrbitKit/App/WikiPlanLogic.swift /Users/runner/work/orbit/orbit/src/macos/OrbitKit/Sources/OrbitKit/App/WikiSpaceLogic.swift /Users/runner/work/orbit/orbit/src/macos/OrbitKit/Sources/OrbitKit/App/WorkspaceActivity.swift /Users/runner/work/orbit/orbit/src/macos/OrbitKit/Sources/OrbitKit/App/WorktreeBarLogic.swift /Users/runner/work/orbit/orbit/src/macos/OrbitKit/Sources/OrbitKit/App/WorktreeFileFailure.swift /Users/runner/work/orbit/orbit/src/macos/OrbitKit/Sources/OrbitKit/Auth/GoogleSignIn.swift (in target 'OrbitKit' from project 'OrbitKit')
SwiftCompile normal arm64 /Users/runner/work/orbit/orbit/src/macos/OrbitKit/Sources/OrbitKit/App/TaskJudgment.swift (in target 'OrbitKit' from project 'OrbitKit')
    cd /Users/runner/work/orbit/orbit/.a1-probe/A1Probe.xcodeproj
    

SwiftCompile normal arm64 /Users/runner/work/orbit/orbit/src/macos/OrbitKit/Sources/OrbitKit/App/TaskListCopy.swift (in target 'OrbitKit' from project 'OrbitKit')
    cd /Users/runner/work/orbit/orbit/.a1-probe/A1Probe.xcodeproj
    

SwiftCompile normal arm64 /Users/runner/work/orbit/orbit/src/macos/OrbitKit/Sources/OrbitKit/App/TaskListLogic.swift (in target 'OrbitKit' from project 'OrbitKit')
    cd /Users/runner/work/orbit/orbit/.a1-probe/A1Probe.xcodeproj
    

SwiftCompile normal arm64 /Users/runner/work/orbit/orbit/src/macos/OrbitKit/Sources/OrbitKit/App/TaskPageIncrementalReducer.swift (in target 'OrbitKit' from project 'OrbitKit')
    cd /Users/runner/work/orbit/orbit/.a1-probe/A1Probe.xcodeproj
    

SwiftCompile normal arm64 /Users/runner/work/orbit/orbit/src/macos/OrbitKit/Sources/OrbitKit/App/TaskReopen.swift (in target 'OrbitKit' from project 'OrbitKit')
    cd /Users/runner/work/orbit/orbit/.a1-probe/A1Probe.xcodeproj
    

SwiftCompile normal arm64 /Users/runner/work/orbit/orbit/src/macos/OrbitKit/Sources/OrbitKit/App/TaskRunHandoff.swift (in target 'OrbitKit' from project 'OrbitKit')
    cd /Users/runner/work/orbit/orbit/.a1-probe/A1Probe.xcodeproj
    

SwiftCompile normal arm64 /Users/runner/work/orbit/orbit/src/macos/OrbitKit/Sources/OrbitKit/App/TextFilePreview.swift (in target 'OrbitKit' from project 'OrbitKit')
    cd /Users/runner/work/orbit/orbit/.a1-probe/A1Probe.xcodeproj
    

SwiftCompile normal arm64 /Users/runner/work/orbit/orbit/src/macos/OrbitKit/Sources/OrbitKit/App/ToastFeed.swift (in target 'OrbitKit' from project 'OrbitKit')
    cd /Users/runner/work/orbit/orbit/.a1-probe/A1Probe.xcodeproj
    

SwiftCompile normal arm64 /Users/runner/work/orbit/orbit/src/macos/OrbitKit/Sources/OrbitKit/App/UnifiedDiff.swift (in target 'OrbitKit' from project 'OrbitKit')
    cd /Users/runner/work/orbit/orbit/.a1-probe/A1Probe.xcodeproj
    

SwiftCompile normal arm64 /Users/runner/work/orbit/orbit/src/macos/OrbitKit/Sources/OrbitKit/App/WatchEditing.swift (in target 'OrbitKit' from project 'OrbitKit')
    cd /Users/runner/work/orbit/orbit/.a1-probe/A1Probe.xcodeproj
    

SwiftCompile normal arm64 /Users/runner/work/orbit/orbit/src/macos/OrbitKit/Sources/OrbitKit/App/WatchProjection.swift (in target 'OrbitKit' from project 'OrbitKit')
    cd /Users/runner/work/orbit/orbit/.a1-probe/A1Probe.xcodeproj
    

SwiftCompile normal arm64 /Users/runner/work/orbit/orbit/src/macos/OrbitKit/Sources/OrbitKit/App/WatchStateMachine.swift (in target 'OrbitKit' from project 'OrbitKit')
    cd /Users/runner/work/orbit/orbit/.a1-probe/A1Probe.xcodeproj
    

SwiftCompile normal arm64 /Users/runner/work/orbit/orbit/src/macos/OrbitKit/Sources/OrbitKit/App/WatchWake.swift (in target 'OrbitKit' from project 'OrbitKit')
    cd /Users/runner/work/orbit/orbit/.a1-probe/A1Probe.xcodeproj
    

SwiftCompile normal arm64 /Users/runner/work/orbit/orbit/src/macos/OrbitKit/Sources/OrbitKit/App/WhoCanUseIt.swift (in target 'OrbitKit' from project 'OrbitKit')
    cd /Users/runner/work/orbit/orbit/.a1-probe/A1Probe.xcodeproj
    

SwiftCompile normal arm64 /Users/runner/work/orbit/orbit/src/macos/OrbitKit/Sources/OrbitKit/App/WikiArticleLogic.swift (in target 'OrbitKit' from project 'OrbitKit')
    cd /Users/runner/work/orbit/orbit/.a1-probe/A1Probe.xcodeproj
    

SwiftCompile normal arm64 /Users/runner/work/orbit/orbit/src/macos/OrbitKit/Sources/OrbitKit/App/WikiDocLogic.swift (in target 'OrbitKit' from project 'OrbitKit')
    cd /Users/runner/work/orbit/orbit/.a1-probe/A1Probe.xcodeproj
    

SwiftCompile normal arm64 /Users/runner/work/orbit/orbit/src/macos/OrbitKit/Sources/OrbitKit/App/WikiHealthLogic.swift (in target 'OrbitKit' from project 'OrbitKit')
    cd /Users/runner/work/orbit/orbit/.a1-probe/A1Probe.xcodeproj
    

SwiftCompile normal arm64 /Users/runner/work/orbit/orbit/src/macos/OrbitKit/Sources/OrbitKit/App/WikiLogic.swift (in target 'OrbitKit' from project 'OrbitKit')
    cd /Users/runner/work/orbit/orbit/.a1-probe/A1Probe.xcodeproj
    

SwiftCompile normal arm64 /Users/runner/work/orbit/orbit/src/macos/OrbitKit/Sources/OrbitKit/App/WikiModeLogic.swift (in target 'OrbitKit' from project 'OrbitKit')
    cd /Users/runner/work/orbit/orbit/.a1-probe/A1Probe.xcodeproj
    

SwiftCompile normal arm64 /Users/runner/work/orbit/orbit/src/macos/OrbitKit/Sources/OrbitKit/App/WikiPlanLogic.swift (in target 'OrbitKit' from project 'OrbitKit')
    cd /Users/runner/work/orbit/orbit/.a1-probe/A1Probe.xcodeproj
    

SwiftCompile normal arm64 /Users/runner/work/orbit/orbit/src/macos/OrbitKit/Sources/OrbitKit/App/WikiSpaceLogic.swift (in target 'OrbitKit' from project 'OrbitKit')
    cd /Users/runner/work/orbit/orbit/.a1-probe/A1Probe.xcodeproj
    

SwiftCompile normal arm64 /Users/runner/work/orbit/orbit/src/macos/OrbitKit/Sources/OrbitKit/App/WorkspaceActivity.swift (in target 'OrbitKit' from project 'OrbitKit')
    cd /Users/runner/work/orbit/orbit/.a1-probe/A1Probe.xcodeproj
    

SwiftCompile normal arm64 /Users/runner/work/orbit/orbit/src/macos/OrbitKit/Sources/OrbitKit/App/WorktreeBarLogic.swift (in target 'OrbitKit' from project 'OrbitKit')
    cd /Users/runner/work/orbit/orbit/.a1-probe/A1Probe.xcodeproj
    

SwiftCompile normal arm64 /Users/runner/work/orbit/orbit/src/macos/OrbitKit/Sources/OrbitKit/App/WorktreeFileFailure.swift (in target 'OrbitKit' from project 'OrbitKit')
    cd /Users/runner/work/orbit/orbit/.a1-probe/A1Probe.xcodeproj
    

SwiftCompile normal arm64 /Users/runner/work/orbit/orbit/src/macos/OrbitKit/Sources/OrbitKit/Auth/GoogleSignIn.swift (in target 'OrbitKit' from project 'OrbitKit')
    cd /Users/runner/work/orbit/orbit/.a1-probe/A1Probe.xcodeproj
    

SwiftDriverJobDiscovery normal arm64 Compiling TokenStore.swift, AccessTokens.swift, Admin.swift, Agents.swift, CodexLogin.swift, ControlEvent.swift, DTOs.swift, Enums.swift, FieldUpdate.swift, JSONValue.swift, LinkPreviews.swift, MergeRecovery.swift, OpenListDelta.swift, Preferences.swift, ProjectDetail.swift, ProjectOwnerItems.swift, ProjectPlan.swift, Projects.swift, ProviderPools.swift, Providers.swift, PublicID.swift, Push.swift, RunEvent.swift, Runners.swift, SessionCreatedTasks.swift (in target 'OrbitKit' from project 'OrbitKit')

SwiftDriverJobDiscovery normal arm64 Compiling AccessTokensList.swift, AccountPause.swift, AddPoolKey.swift, AgentDefaults.swift, AgentListLogic.swift, AppSection.swift, ApprovalReviewDrafts.swift, Approvals.swift, ArtifactByteCache.swift, AttachmentLink.swift, AutoRetryLogic.swift, BackgroundWake.swift, BatchTree.swift, BottomSearchReveal.swift, CoalescedRefreshQueue.swift, CodexAccounts.swift, CodexLoginPool.swift, CodexPoolPage.swift, CodexSignIn.swift, Composer.swift, CriteriaChange.swift, CriteriaDecision.swift, DeepLink.swift, DshRuntime.swift, EngineAuth.swift (in target 'OrbitKit' from project 'OrbitKit')

ProcessProductPackaging "" /Users/runner/work/orbit/orbit/.a1-probe/.dd-mac/Build/Intermediates.noindex/A1Probe.build/Debug/A1MacProbe.build/A1MacProbe.app.xcent (in target 'A1MacProbe' from project 'A1Probe')
    cd /Users/runner/work/orbit/orbit/.a1-probe
    
    Entitlements:
    
    {
    "com.apple.security.get-task-allow" = 1;
}
    
    builtin-productPackagingUtility -entitlements -format xml -o /Users/runner/work/orbit/orbit/.a1-probe/.dd-mac/Build/Intermediates.noindex/A1Probe.build/Debug/A1MacProbe.build/A1MacProbe.app.xcent

ProcessProductPackagingDER /Users/runner/work/orbit/orbit/.a1-probe/.dd-mac/Build/Intermediates.noindex/A1Probe.build/Debug/A1MacProbe.build/A1MacProbe.app.xcent /Users/runner/work/orbit/orbit/.a1-probe/.dd-mac/Build/Intermediates.noindex/A1Probe.build/Debug/A1MacProbe.build/A1MacProbe.app.xcent.der (in target 'A1MacProbe' from project 'A1Probe')
    cd /Users/runner/work/orbit/orbit/.a1-probe
    /usr/bin/derq query -f xml -i /Users/runner/work/orbit/orbit/.a1-probe/.dd-mac/Build/Intermediates.noindex/A1Probe.build/Debug/A1MacProbe.build/A1MacProbe.app.xcent -o /Users/runner/work/orbit/orbit/.a1-probe/.dd-mac/Build/Intermediates.noindex/A1Probe.build/Debug/A1MacProbe.build/A1MacProbe.app.xcent.der --raw

MkDir /Users/runner/work/orbit/orbit/.a1-probe/.dd-mac/Build/Intermediates.noindex/A1Probe.build/Debug/A1MacProbe.build/assetcatalog_output/unthinned (in target 'A1MacProbe' from project 'A1Probe')
    cd /Users/runner/work/orbit/orbit/.a1-probe
    /bin/mkdir -p /Users/runner/work/orbit/orbit/.a1-probe/.dd-mac/Build/Intermediates.noindex/A1Probe.build/Debug/A1MacProbe.build/assetcatalog_output/unthinned

MkDir /Users/runner/work/orbit/orbit/.a1-probe/.dd-mac/Build/Intermediates.noindex/A1Probe.build/Debug/A1MacProbe.build/assetcatalog_output/thinned (in target 'A1MacProbe' from project 'A1Probe')
    cd /Users/runner/work/orbit/orbit/.a1-probe
    /bin/mkdir -p /Users/runner/work/orbit/orbit/.a1-probe/.dd-mac/Build/Intermediates.noindex/A1Probe.build/Debug/A1MacProbe.build/assetcatalog_output/thinned

GenerateAssetSymbols /Users/runner/work/orbit/orbit/src/macos/Assets.xcassets (in target 'A1MacProbe' from project 'A1Probe')
    cd /Users/runner/work/orbit/orbit/.a1-probe
    /Applications/Xcode_26.6.app/Contents/Developer/usr/bin/actool /Users/runner/work/orbit/orbit/src/macos/Assets.xcassets --compile /Users/runner/work/orbit/orbit/.a1-probe/.dd-mac/Build/Products/Debug/A1MacProbe.app/Contents/Resources --output-format human-readable-text --notices --warnings --export-dependency-info /Users/runner/work/orbit/orbit/.a1-probe/.dd-mac/Build/Intermediates.noindex/A1Probe.build/Debug/A1MacProbe.build/assetcatalog_dependencies --output-partial-info-plist /Users/runner/work/orbit/orbit/.a1-probe/.dd-mac/Build/Intermediates.noindex/A1Probe.build/Debug/A1MacProbe.build/assetcatalog_generated_info.plist --app-icon AppIcon --enable-on-demand-resources NO --development-region en --target-device mac --minimum-deployment-target 14.0 --platform macosx --bundle-identifier io.orbitd.a1macprobe --generate-swift-asset-symbol-extensions NO --generate-swift-asset-symbols /Users/runner/work/orbit/orbit/.a1-probe/.dd-mac/Build/Intermediates.noindex/A1Probe.build/Debug/A1MacProbe.build/DerivedSources/GeneratedAssetSymbols.swift --generate-objc-asset-symbols /Users/runner/work/orbit/orbit/.a1-probe/.dd-mac/Build/Intermediates.noindex/A1Probe.build/Debug/A1MacProbe.build/DerivedSources/GeneratedAssetSymbols.h --generate-asset-symbol-index /Users/runner/work/orbit/orbit/.a1-probe/.dd-mac/Build/Intermediates.noindex/A1Probe.build/Debug/A1MacProbe.build/DerivedSources/GeneratedAssetSymbols-Index.plist
/* com.apple.actool.compilation-results */
/Users/runner/work/orbit/orbit/.a1-probe/.dd-mac/Build/Intermediates.noindex/A1Probe.build/Debug/A1MacProbe.build/DerivedSources/GeneratedAssetSymbols-Index.plist
/Users/runner/work/orbit/orbit/.a1-probe/.dd-mac/Build/Intermediates.noindex/A1Probe.build/Debug/A1MacProbe.build/DerivedSources/GeneratedAssetSymbols.h
/Users/runner/work/orbit/orbit/.a1-probe/.dd-mac/Build/Intermediates.noindex/A1Probe.build/Debug/A1MacProbe.build/DerivedSources/GeneratedAssetSymbols.swift


CompileAssetCatalogVariant thinned /Users/runner/work/orbit/orbit/.a1-probe/.dd-mac/Build/Products/Debug/A1MacProbe.app/Contents/Resources /Users/runner/work/orbit/orbit/src/macos/Assets.xcassets (in target 'A1MacProbe' from project 'A1Probe')
    cd /Users/runner/work/orbit/orbit/.a1-probe
    /Applications/Xcode_26.6.app/Contents/Developer/usr/bin/actool /Users/runner/work/orbit/orbit/src/macos/Assets.xcassets --compile /Users/runner/work/orbit/orbit/.a1-probe/.dd-mac/Build/Intermediates.noindex/A1Probe.build/Debug/A1MacProbe.build/assetcatalog_output/thinned --output-format human-readable-text --notices --warnings --export-dependency-info /Users/runner/work/orbit/orbit/.a1-probe/.dd-mac/Build/Intermediates.noindex/A1Probe.build/Debug/A1MacProbe.build/assetcatalog_dependencies_thinned --output-partial-info-plist /Users/runner/work/orbit/orbit/.a1-probe/.dd-mac/Build/Intermediates.noindex/A1Probe.build/Debug/A1MacProbe.build/assetcatalog_generated_info.plist_thinned --app-icon AppIcon --enable-on-demand-resources NO --development-region en --target-device mac --minimum-deployment-target 14.0 --platform macosx
/* com.apple.actool.compilation-results */
/Users/runner/work/orbit/orbit/.a1-probe/.dd-mac/Build/Intermediates.noindex/A1Probe.build/Debug/A1MacProbe.build/assetcatalog_generated_info.plist_thinned
/Users/runner/work/orbit/orbit/.a1-probe/.dd-mac/Build/Intermediates.noindex/A1Probe.build/Debug/A1MacProbe.build/assetcatalog_output/thinned/AppIcon.icns
/Users/runner/work/orbit/orbit/.a1-probe/.dd-mac/Build/Intermediates.noindex/A1Probe.build/Debug/A1MacProbe.build/assetcatalog_output/thinned/Assets.car


LinkAssetCatalog /Users/runner/work/orbit/orbit/src/macos/Assets.xcassets (in target 'A1MacProbe' from project 'A1Probe')
    cd /Users/runner/work/orbit/orbit/.a1-probe
    builtin-linkAssetCatalog --thinned /Users/runner/work/orbit/orbit/.a1-probe/.dd-mac/Build/Intermediates.noindex/A1Probe.build/Debug/A1MacProbe.build/assetcatalog_output/thinned --thinned-dependencies /Users/runner/work/orbit/orbit/.a1-probe/.dd-mac/Build/Intermediates.noindex/A1Probe.build/Debug/A1MacProbe.build/assetcatalog_dependencies_thinned --thinned-info-plist-content /Users/runner/work/orbit/orbit/.a1-probe/.dd-mac/Build/Intermediates.noindex/A1Probe.build/Debug/A1MacProbe.build/assetcatalog_generated_info.plist_thinned --unthinned /Users/runner/work/orbit/orbit/.a1-probe/.dd-mac/Build/Intermediates.noindex/A1Probe.build/Debug/A1MacProbe.build/assetcatalog_output/unthinned --unthinned-dependencies /Users/runner/work/orbit/orbit/.a1-probe/.dd-mac/Build/Intermediates.noindex/A1Probe.build/Debug/A1MacProbe.build/assetcatalog_dependencies_unthinned --unthinned-info-plist-content /Users/runner/work/orbit/orbit/.a1-probe/.dd-mac/Build/Intermediates.noindex/A1Probe.build/Debug/A1MacProbe.build/assetcatalog_generated_info.plist_unthinned --output /Users/runner/work/orbit/orbit/.a1-probe/.dd-mac/Build/Products/Debug/A1MacProbe.app/Contents/Resources --plist-output /Users/runner/work/orbit/orbit/.a1-probe/.dd-mac/Build/Intermediates.noindex/A1Probe.build/Debug/A1MacProbe.build/assetcatalog_generated_info.plist
note: Emplaced /Users/runner/work/orbit/orbit/.a1-probe/.dd-mac/Build/Products/Debug/A1MacProbe.app/Contents/Resources/Assets.car (in target 'A1MacProbe' from project 'A1Probe')
note: Emplaced /Users/runner/work/orbit/orbit/.a1-probe/.dd-mac/Build/Products/Debug/A1MacProbe.app/Contents/Resources/AppIcon.icns (in target 'A1MacProbe' from project 'A1Probe')

SwiftDriver A1MacProbe normal arm64 com.apple.xcode.tools.swift.compiler (in target 'A1MacProbe' from project 'A1Probe')
    cd /Users/runner/work/orbit/orbit/.a1-probe
    builtin-SwiftDriver -- /Applications/Xcode_26.6.app/Contents/Developer/Toolchains/XcodeDefault.xctoolchain/usr/bin/swiftc -module-name A1MacProbe -Onone @/Users/runner/work/orbit/orbit/.a1-probe/.dd-mac/Build/Intermediates.noindex/A1Probe.build/Debug/A1MacProbe.build/Objects-normal/arm64/A1MacProbe.SwiftFileList -DDEBUG -enable-bare-slash-regex -enable-experimental-feature DebugDescriptionMacro -sdk /Applications/Xcode_26.6.app/Contents/Developer/Platforms/MacOSX.platform/Developer/SDKs/MacOSX26.5.sdk -target arm64-apple-macos14.0 -g -module-cache-path /Users/runner/work/orbit/orbit/.a1-probe/.dd-mac/ModuleCache.noindex -Xfrontend -serialize-debugging-options -enable-testing -index-store-path /Users/runner/work/orbit/orbit/.a1-probe/.dd-mac/Index.noindex/DataStore -Xcc -D_LIBCPP_HARDENING_MODE\=_LIBCPP_HARDENING_MODE_DEBUG -swift-version 5 -I /Users/runner/work/orbit/orbit/.a1-probe/.dd-mac/Build/Products/Debug -F /Users/runner/work/orbit/orbit/.a1-probe/.dd-mac/Build/Products/Debug/PackageFrameworks -F /Users/runner/work/orbit/orbit/.a1-probe/.dd-mac/Build/Products/Debug/PackageFrameworks -F /Users/runner/work/orbit/orbit/.a1-probe/.dd-mac/Build/Products/Debug/PackageFrameworks -F /Users/runner/work/orbit/orbit/.a1-probe/.dd-mac/Build/Products/Debug/PackageFrameworks -F /Users/runner/work/orbit/orbit/.a1-probe/.dd-mac/Build/Products/Debug/PackageFrameworks -F /Users/runner/work/orbit/orbit/.a1-probe/.dd-mac/Build/Products/Debug -c -j3 -enable-batch-mode -incremental -Xcc -ivfsstatcache -Xcc /Users/runner/work/orbit/orbit/.a1-probe/.dd-mac/SDKStatCaches.noindex/macosx26.5-25F70-688ef53f1462e2c8f657fdc38a81448fee0e6409aa6676c5e6c013d148225433.sdkstatcache -output-file-map /Users/runner/work/orbit/orbit/.a1-probe/.dd-mac/Build/Intermediates.noindex/A1Probe.build/Debug/A1MacProbe.build/Objects-normal/arm64/A1MacProbe-OutputFileMap.json -use-frontend-parseable-output -save-temps -no-color-diagnostics -explicit-module-build -module-cache-path /Users/runner/work/orbit/orbit/.a1-probe/.dd-mac/Build/Intermediates.noindex/SwiftExplicitPrecompiledModules -clang-scanner-module-cache-path /Users/runner/work/orbit/orbit/.a1-probe/.dd-mac/ModuleCache.noindex -sdk-module-cache-path /Users/runner/work/orbit/orbit/.a1-probe/.dd-mac/ModuleCache.noindex -serialize-diagnostics -emit-dependencies -emit-module -emit-module-path /Users/runner/work/orbit/orbit/.a1-probe/.dd-mac/Build/Intermediates.noindex/A1Probe.build/Debug/A1MacProbe.build/Objects-normal/arm64/A1MacProbe.swiftmodule -validate-clang-modules-once -clang-build-session-file /Users/runner/work/orbit/orbit/.a1-probe/.dd-mac/ModuleCache.noindex/Session.modulevalidation -Xcc -I/Users/runner/work/orbit/orbit/.a1-probe/.dd-mac/Build/Intermediates.noindex/A1Probe.build/Debug/A1MacProbe.build/swift-overrides.hmap -emit-const-values -Xfrontend -const-gather-protocols-file -Xfrontend /Users/runner/work/orbit/orbit/.a1-probe/.dd-mac/Build/Intermediates.noindex/A1Probe.build/Debug/A1MacProbe.build/Objects-normal/arm64/A1MacProbe_const_extract_protocols.json -Xcc -iquote -Xcc /Users/runner/work/orbit/orbit/.a1-probe/.dd-mac/Build/Intermediates.noindex/A1Probe.build/Debug/A1MacProbe.build/A1MacProbe-generated-files.hmap -Xcc -I/Users/runner/work/orbit/orbit/.a1-probe/.dd-mac/Build/Intermediates.noindex/A1Probe.build/Debug/A1MacProbe.build/A1MacProbe-own-target-headers.hmap -Xcc -I/Users/runner/work/orbit/orbit/.a1-probe/.dd-mac/Build/Intermediates.noindex/A1Probe.build/Debug/A1MacProbe.build/A1MacProbe-all-non-framework-target-headers.hmap -Xcc -ivfsoverlay -Xcc /Users/runner/work/orbit/orbit/.a1-probe/.dd-mac/Build/Intermediates.noindex/A1Probe.build/Debug/A1Probe-28d184ade4e2bbd2bd06734e27fd34bd-VFS/all-product-headers.yaml -Xcc -iquote -Xcc /Users/runner/work/orbit/orbit/.a1-probe/.dd-mac/Build/Intermediates.noindex/A1Probe.build/Debug/A1MacProbe.build/A1MacProbe-project-headers.hmap -Xcc -I/Users/runner/work/orbit/orbit/.a1-probe/.dd-mac/SourcePackages/checkouts/swift-cmark/src/include -Xcc -I/Users/runner/work/orbit/orbit/.a1-probe/.dd-mac/SourcePackages/checkouts/swift-cmark/extensions/include -Xcc -I/Users/runner/work/orbit/orbit/.a1-probe/.dd-mac/SourcePackages/checkouts/swift-markdown/Sources/CAtomic/include -Xcc -I/Users/runner/work/orbit/orbit/.a1-probe/.dd-mac/Build/Products/Debug/include -Xcc -I/Users/runner/work/orbit/orbit/.a1-probe/.dd-mac/Build/Intermediates.noindex/A1Probe.build/Debug/A1MacProbe.build/DerivedSources-normal/arm64 -Xcc -I/Users/runner/work/orbit/orbit/.a1-probe/.dd-mac/Build/Intermediates.noindex/A1Probe.build/Debug/A1MacProbe.build/DerivedSources/arm64 -Xcc -I/Users/runner/work/orbit/orbit/.a1-probe/.dd-mac/Build/Intermediates.noindex/A1Probe.build/Debug/A1MacProbe.build/DerivedSources -Xcc -DDEBUG\=1 -emit-objc-header -emit-objc-header-path /Users/runner/work/orbit/orbit/.a1-probe/.dd-mac/Build/Intermediates.noindex/A1Probe.build/Debug/A1MacProbe.build/Objects-normal/arm64/A1MacProbe-Swift.h -working-directory /Users/runner/work/orbit/orbit/.a1-probe -experimental-emit-module-separately -disable-cmo

SwiftExplicitDependencyGeneratePcm arm64 /Users/runner/work/orbit/orbit/.a1-probe/.dd-mac/ModuleCache.noindex/_Builtin_stddef-1QKXJWBOTEWWA8JK8F2KJ46B4.pcm

SwiftExplicitDependencyGeneratePcm arm64 /Users/runner/work/orbit/orbit/.a1-probe/.dd-mac/ModuleCache.noindex/ptrcheck-9445CA4M4CW1V9FD9ZI8RHKDM.pcm

SwiftExplicitDependencyGeneratePcm arm64 /Users/runner/work/orbit/orbit/.a1-probe/.dd-mac/ModuleCache.noindex/SwiftShims-1W74CO0J4DNMZ5OTGPPJNOJTU.pcm

SwiftExplicitDependencyGeneratePcm arm64 /Users/runner/work/orbit/orbit/.a1-probe/.dd-mac/ModuleCache.noindex/_Builtin_float-6DNPU6GFA689IUEPN0XWI2ZO6.pcm

SwiftExplicitDependencyGeneratePcm arm64 /Users/runner/work/orbit/orbit/.a1-probe/.dd-mac/ModuleCache.noindex/DeveloperToolsSupport-219881YM72RQTC26TM2U7CG1U.pcm

SwiftExplicitDependencyGeneratePcm arm64 /Users/runner/work/orbit/orbit/.a1-probe/.dd-mac/ModuleCache.noindex/_Builtin_stdbool-44ID3BKSC0EEL89GUAMY1PUTP.pcm

SwiftExplicitDependencyGeneratePcm arm64 /Users/runner/work/orbit/orbit/.a1-probe/.dd-mac/ModuleCache.noindex/ptrauth-3FT5AUDFASH1Q3Y2BTIMP4630.pcm

SwiftExplicitDependencyGeneratePcm arm64 /Users/runner/work/orbit/orbit/.a1-probe/.dd-mac/ModuleCache.noindex/_AvailabilityInternal-6S1HG6SO2ZZ356W99SBZEJOGG.pcm

SwiftExplicitDependencyGeneratePcm arm64 /Users/runner/work/orbit/orbit/.a1-probe/.dd-mac/ModuleCache.noindex/_Builtin_stdarg-AIRWPX5D491NOF5XQ0WKD53ZA.pcm

SwiftExplicitDependencyGeneratePcm arm64 /Users/runner/work/orbit/orbit/.a1-probe/.dd-mac/ModuleCache.noindex/_DarwinFoundation1-8C0GLUH9Q3A5PMW2RJXNGTC6L.pcm

SwiftExplicitDependencyGeneratePcm arm64 /Users/runner/work/orbit/orbit/.a1-probe/.dd-mac/ModuleCache.noindex/_SwiftConcurrencyShims-4QX79XIG92I06HSZ8QYU4T130.pcm

SwiftExplicitDependencyGeneratePcm arm64 /Users/runner/work/orbit/orbit/.a1-probe/.dd-mac/ModuleCache.noindex/_Builtin_limits-9C5F0RDGHSVC9LFTB5KSMPF9N.pcm

SwiftExplicitDependencyGeneratePcm arm64 /Users/runner/work/orbit/orbit/.a1-probe/.dd-mac/ModuleCache.noindex/_DarwinFoundation2-1Y556I46A6WT3KP3ZRWTSJ4BH.pcm

SwiftExplicitDependencyGeneratePcm arm64 /Users/runner/work/orbit/orbit/.a1-probe/.dd-mac/ModuleCache.noindex/_Builtin_tgmath-8FOWQVX2HK2ZJF7U5XODWTYKI.pcm

SwiftExplicitDependencyGeneratePcm arm64 /Users/runner/work/orbit/orbit/.a1-probe/.dd-mac/ModuleCache.noindex/sys_types-6J45OMOPUVF6D68WZOFJBDWJY.pcm

SwiftExplicitDependencyGeneratePcm arm64 /Users/runner/work/orbit/orbit/.a1-probe/.dd-mac/ModuleCache.noindex/_Builtin_stdint-1FOAP2PM545E9KR1EFNVABLTQ.pcm

SwiftExplicitDependencyGeneratePcm arm64 /Users/runner/work/orbit/orbit/.a1-probe/.dd-mac/ModuleCache.noindex/_Builtin_intrinsics-33X6WVEZV1TZMN0RQEED9AJTI.pcm

SwiftExplicitDependencyGeneratePcm arm64 /Users/runner/work/orbit/orbit/.a1-probe/.dd-mac/ModuleCache.noindex/_Builtin_stdatomic-20ZM2HIVCN9Q9OX15N2F8NYES.pcm

SwiftExplicitDependencyGeneratePcm arm64 /Users/runner/work/orbit/orbit/.a1-probe/.dd-mac/ModuleCache.noindex/OpenGL-4FIGVASTPUBSZILYAJC1V0HZY.pcm

SwiftExplicitDependencyGeneratePcm arm64 /Users/runner/work/orbit/orbit/.a1-probe/.dd-mac/Build/Intermediates.noindex/SwiftExplicitPrecompiledModules/CAtomic-581F8PZCORLQGHUFINTTIXBCW.pcm

SwiftExplicitDependencyGeneratePcm arm64 /Users/runner/work/orbit/orbit/.a1-probe/.dd-mac/ModuleCache.noindex/libDER-EG311DZYZB5A5LAWBVOU5PI4F.pcm

SwiftExplicitDependencyGeneratePcm arm64 /Users/runner/work/orbit/orbit/.a1-probe/.dd-mac/ModuleCache.noindex/_DarwinFoundation3-3JEVUTBFSZOCCA79D5VRC5X8K.pcm

SwiftExplicitDependencyGeneratePcm arm64 /Users/runner/work/orbit/orbit/.a1-probe/.dd-mac/ModuleCache.noindex/simd-229TCCP6FOOXOFIH5K926Y4EW.pcm

SwiftExplicitDependencyGeneratePcm arm64 /Users/runner/work/orbit/orbit/.a1-probe/.dd-mac/Build/Intermediates.noindex/SwiftExplicitPrecompiledModules/cmark_gfm-538167ZR79MPZ9Q4IX2SRFU89.pcm

SwiftExplicitDependencyGeneratePcm arm64 /Users/runner/work/orbit/orbit/.a1-probe/.dd-mac/ModuleCache.noindex/Spatial-B6IPB8RQYL2PGFND68P9AMEH2.pcm

SwiftExplicitDependencyGeneratePcm arm64 /Users/runner/work/orbit/orbit/.a1-probe/.dd-mac/ModuleCache.noindex/_Builtin_inttypes-1DJDTNCGGJDCU1ZD0PJY5SZ1F.pcm

SwiftExplicitDependencyGeneratePcm arm64 /Users/runner/work/orbit/orbit/.a1-probe/.dd-mac/Build/Intermediates.noindex/SwiftExplicitPrecompiledModules/cmark_gfm_extensions-89YO4MI4TQR86896S4ZJ1VCG8.pcm

SwiftExplicitDependencyGeneratePcm arm64 /Users/runner/work/orbit/orbit/.a1-probe/.dd-mac/ModuleCache.noindex/Darwin-5DQUN4SLEWDVPO7PHYD66YULD.pcm

SwiftExplicitDependencyGeneratePcm arm64 /Users/runner/work/orbit/orbit/.a1-probe/.dd-mac/ModuleCache.noindex/CUPS-6JE2YXIONYGVZ6OP1ISCDYGPB.pcm

SwiftExplicitDependencyGeneratePcm arm64 /Users/runner/work/orbit/orbit/.a1-probe/.dd-mac/ModuleCache.noindex/launch-FMHB0GZDMCAWPMCF0BMO88XA.pcm

SwiftExplicitDependencyGeneratePcm arm64 /Users/runner/work/orbit/orbit/.a1-probe/.dd-mac/ModuleCache.noindex/libkern-6A6EP7AY1NOSHBBYXPQUCLBC9.pcm

SwiftExplicitDependencyGeneratePcm arm64 /Users/runner/work/orbit/orbit/.a1-probe/.dd-mac/ModuleCache.noindex/MachO-7J4WET4UFG3K00I26N691Z62Y.pcm

SwiftExplicitDependencyGeneratePcm arm64 /Users/runner/work/orbit/orbit/.a1-probe/.dd-mac/ModuleCache.noindex/ObjectiveC-EWWS70QM3E6NMDC2ZVK2UQP6D.pcm

SwiftExplicitDependencyGeneratePcm arm64 /Users/runner/work/orbit/orbit/.a1-probe/.dd-mac/ModuleCache.noindex/os_object-EQONYLPHSN27INZYAM3R3GL4P.pcm

SwiftExplicitDependencyGeneratePcm arm64 /Users/runner/work/orbit/orbit/.a1-probe/.dd-mac/ModuleCache.noindex/os_workgroup-41PZTM554UK42L0GFK5UH1YU2.pcm

SwiftDriverJobDiscovery normal arm64 Compiling EngineErrors.swift, EvidenceDecision.swift, ImageViewerGeometry.swift, LaunchSnapshot.swift, LoadFailureLogic.swift, LoginFailure.swift, Markdown.swift, MarkdownFileRef.swift, MenuBar.swift, Navigation.swift, NeedsYou.swift, Notifications.swift, OpenCodeKeys.swift, OpenListReader.swift, OpenListRowUpdate.swift, OrbitAskPreview.swift, OrbitLink.swift, OrbitLinkCard.swift, OrbitLinkDestination.swift, OrbitLinkPlacement.swift, OrbitLinkStore.swift, OwnerConfirmation.swift, OwnerConfirmationReview.swift, OwnerItemCards.swift, PendingSessionOperations.swift (in target 'OrbitKit' from project 'OrbitKit')

SwiftExplicitDependencyGeneratePcm arm64 /Users/runner/work/orbit/orbit/.a1-probe/.dd-mac/ModuleCache.noindex/Dispatch-6XNH5P2R6VAL84ARWY85AX33Z.pcm

SwiftExplicitDependencyGeneratePcm arm64 /Users/runner/work/orbit/orbit/.a1-probe/.dd-mac/ModuleCache.noindex/XPC-B70FYUDNTC6199WSGQ5E1T277.pcm

SwiftExplicitDependencyGeneratePcm arm64 /Users/runner/work/orbit/orbit/.a1-probe/.dd-mac/ModuleCache.noindex/CoreFoundation-5FHRQBM1T5EKGER6NS02Z7LUH.pcm

SwiftExplicitDependencyGeneratePcm arm64 /Users/runner/work/orbit/orbit/.a1-probe/.dd-mac/ModuleCache.noindex/dnssd-5RP9M2RWA4QZXDTIXBP52O8F.pcm

SwiftExplicitDependencyGeneratePcm arm64 /Users/runner/work/orbit/orbit/.a1-probe/.dd-mac/ModuleCache.noindex/os-CJSHTEFWP1GE3DN7L514BFYM.pcm

SwiftExplicitDependencyGeneratePcm arm64 /Users/runner/work/orbit/orbit/.a1-probe/.dd-mac/ModuleCache.noindex/CFNetwork-5KBLNFGG5WL1225MQAM4PA2MP.pcm

SwiftExplicitDependencyGeneratePcm arm64 /Users/runner/work/orbit/orbit/.a1-probe/.dd-mac/ModuleCache.noindex/Security-BXMWFLNRXIU1TPHPW2N6YH69T.pcm

SwiftExplicitDependencyGeneratePcm arm64 /Users/runner/work/orbit/orbit/.a1-probe/.dd-mac/ModuleCache.noindex/IOKit-9J4DLS3J4JRS5N3NSN8G129S2.pcm

SwiftExplicitDependencyGeneratePcm arm64 /Users/runner/work/orbit/orbit/.a1-probe/.dd-mac/ModuleCache.noindex/ColorSync-CWG7P8F0NIRYJQGWQCD7EZME9.pcm

SwiftExplicitDependencyGeneratePcm arm64 /Users/runner/work/orbit/orbit/.a1-probe/.dd-mac/ModuleCache.noindex/CoreGraphics-AMBOZ36XM8ZUAOOZH1AC9KZUB.pcm

SwiftExplicitDependencyGeneratePcm arm64 /Users/runner/work/orbit/orbit/.a1-probe/.dd-mac/ModuleCache.noindex/DiskArbitration-629A4AWJKKKA7N3BWO4JES1C2.pcm

SwiftExplicitDependencyGeneratePcm arm64 /Users/runner/work/orbit/orbit/.a1-probe/.dd-mac/ModuleCache.noindex/CoreServices-8B6CDBHN1WSJ7ERQSDRIF58OR.pcm

SwiftExplicitDependencyGeneratePcm arm64 /Users/runner/work/orbit/orbit/.a1-probe/.dd-mac/ModuleCache.noindex/ImageIO-WEDF2OI783AUT1RPW6E2LXNO.pcm

SwiftExplicitDependencyGeneratePcm arm64 /Users/runner/work/orbit/orbit/.a1-probe/.dd-mac/ModuleCache.noindex/CoreText-BFPE2P629PEB45Z1TO9GLDKFP.pcm

SwiftExplicitDependencyGeneratePcm arm64 /Users/runner/work/orbit/orbit/.a1-probe/.dd-mac/ModuleCache.noindex/Foundation-59H0X43VY1QCJNFURUXK8OZMJ.pcm

SwiftDriverJobDiscovery normal arm64 Compiling TaskJudgment.swift, TaskListCopy.swift, TaskListLogic.swift, TaskPageIncrementalReducer.swift, TaskReopen.swift, TaskRunHandoff.swift, TextFilePreview.swift, ToastFeed.swift, UnifiedDiff.swift, WatchEditing.swift, WatchProjection.swift, WatchStateMachine.swift, WatchWake.swift, WhoCanUseIt.swift, WikiArticleLogic.swift, WikiDocLogic.swift, WikiHealthLogic.swift, WikiLogic.swift, WikiModeLogic.swift, WikiPlanLogic.swift, WikiSpaceLogic.swift, WorkspaceActivity.swift, WorktreeBarLogic.swift, WorktreeFileFailure.swift, GoogleSignIn.swift (in target 'OrbitKit' from project 'OrbitKit')

SwiftDriver\ Compilation OrbitKit normal arm64 com.apple.xcode.tools.swift.compiler (in target 'OrbitKit' from project 'OrbitKit')
    cd /Users/runner/work/orbit/orbit/.a1-probe/A1Probe.xcodeproj
    builtin-Swift-Compilation -- /Applications/Xcode_26.6.app/Contents/Developer/Toolchains/XcodeDefault.xctoolchain/usr/bin/swiftc -module-name OrbitKit -Onone @/Users/runner/work/orbit/orbit/.a1-probe/.dd-mac/Build/Intermediates.noindex/OrbitKit.build/Debug/OrbitKit.build/Objects-normal/arm64/OrbitKit.SwiftFileList -DSWIFT_PACKAGE -DDEBUG -DSWIFT_MODULE_RESOURCE_BUNDLE_UNAVAILABLE -DXcode -plugin-path /Applications/Xcode_26.6.app/Contents/Developer/Toolchains/XcodeDefault.xctoolchain/usr/lib/swift/host/plugins/testing -enable-experimental-feature DebugDescriptionMacro -sdk /Applications/Xcode_26.6.app/Contents/Developer/Platforms/MacOSX.platform/Developer/SDKs/MacOSX26.5.sdk -target arm64-apple-macos13.0 -g -module-cache-path /Users/runner/work/orbit/orbit/.a1-probe/.dd-mac/ModuleCache.noindex -Xfrontend -serialize-debugging-options -enable-testing -index-store-path /Users/runner/work/orbit/orbit/.a1-probe/.dd-mac/Index.noindex/DataStore -Xcc -D_LIBCPP_HARDENING_MODE\=_LIBCPP_HARDENING_MODE_DEBUG -swift-version 5 -I /Users/runner/work/orbit/orbit/.a1-probe/.dd-mac/Build/Products/Debug -Isystem /Applications/Xcode_26.6.app/Contents/Developer/Platforms/MacOSX.platform/Developer/usr/lib -F /Users/runner/work/orbit/orbit/.a1-probe/.dd-mac/Build/Products/Debug/PackageFrameworks -F /Users/runner/work/orbit/orbit/.a1-probe/.dd-mac/Build/Products/Debug/PackageFrameworks -F /Users/runner/work/orbit/orbit/.a1-probe/.dd-mac/Build/Products/Debug/PackageFrameworks -F /Users/runner/work/orbit/orbit/.a1-probe/.dd-mac/Build/Products/Debug/PackageFrameworks -F /Users/runner/work/orbit/orbit/.a1-probe/.dd-mac/Build/Products/Debug -F /Applications/Xcode_26.6.app/Contents/Developer/Platforms/MacOSX.platform/Developer/Library/Frameworks -c -j3 -enable-batch-mode -incremental -Xcc -ivfsstatcache -Xcc /Users/runner/work/orbit/orbit/.a1-probe/.dd-mac/SDKStatCaches.noindex/macosx26.5-25F70-688ef53f1462e2c8f657fdc38a81448fee0e6409aa6676c5e6c013d148225433.sdkstatcache -output-file-map /Users/runner/work/orbit/orbit/.a1-probe/.dd-mac/Build/Intermediates.noindex/OrbitKit.build/Debug/OrbitKit.build/Objects-normal/arm64/OrbitKit-OutputFileMap.json -use-frontend-parseable-output -save-temps -no-color-diagnostics -explicit-module-build -module-cache-path /Users/runner/work/orbit/orbit/.a1-probe/.dd-mac/Build/Intermediates.noindex/SwiftExplicitPrecompiledModules -clang-scanner-module-cache-path /Users/runner/work/orbit/orbit/.a1-probe/.dd-mac/ModuleCache.noindex -sdk-module-cache-path /Users/runner/work/orbit/orbit/.a1-probe/.dd-mac/ModuleCache.noindex -serialize-diagnostics -emit-dependencies -emit-module -emit-module-path /Users/runner/work/orbit/orbit/.a1-probe/.dd-mac/Build/Intermediates.noindex/OrbitKit.build/Debug/OrbitKit.build/Objects-normal/arm64/OrbitKit.swiftmodule -validate-clang-modules-once -clang-build-session-file /Users/runner/work/orbit/orbit/.a1-probe/.dd-mac/ModuleCache.noindex/Session.modulevalidation -package-name orbitkit -Xcc -I/Users/runner/work/orbit/orbit/.a1-probe/.dd-mac/Build/Intermediates.noindex/OrbitKit.build/Debug/OrbitKit.build/swift-overrides.hmap -emit-const-values -Xfrontend -const-gather-protocols-file -Xfrontend /Users/runner/work/orbit/orbit/.a1-probe/.dd-mac/Build/Intermediates.noindex/OrbitKit.build/Debug/OrbitKit.build/Objects-normal/arm64/OrbitKit_const_extract_protocols.json -Xcc -I/Users/runner/work/orbit/orbit/.a1-probe/.dd-mac/SourcePackages/checkouts/swift-cmark/src/include -Xcc -I/Users/runner/work/orbit/orbit/.a1-probe/.dd-mac/SourcePackages/checkouts/swift-cmark/extensions/include -Xcc -I/Users/runner/work/orbit/orbit/.a1-probe/.dd-mac/SourcePackages/checkouts/swift-markdown/Sources/CAtomic/include -Xcc -I/Users/runner/work/orbit/orbit/.a1-probe/.dd-mac/Build/Products/Debug/include -Xcc -I/Users/runner/work/orbit/orbit/.a1-probe/.dd-mac/Build/Intermediates.noindex/OrbitKit.build/Debug/OrbitKit.build/DerivedSources-normal/arm64 -Xcc -I/Users/runner/work/orbit/orbit/.a1-probe/.dd-mac/Build/Intermediates.noindex/OrbitKit.build/Debug/OrbitKit.build/DerivedSources/arm64 -Xcc -I/Users/runner/work/orbit/orbit/.a1-probe/.dd-mac/Build/Intermediates.noindex/OrbitKit.build/Debug/OrbitKit.build/DerivedSources -Xcc -DSWIFT_PACKAGE -Xcc -DDEBUG\=1 -emit-objc-header -emit-objc-header-path /Users/runner/work/orbit/orbit/.a1-probe/.dd-mac/Build/Intermediates.noindex/OrbitKit.build/Debug/OrbitKit.build/Objects-normal/arm64/OrbitKit-Swift.h -working-directory /Users/runner/work/orbit/orbit/.a1-probe/A1Probe.xcodeproj -experimental-emit-module-separately -disable-cmo

Ld /Users/runner/work/orbit/orbit/.a1-probe/.dd-mac/Build/Products/Debug/OrbitKit.o normal (in target 'OrbitKit' from project 'OrbitKit')
    cd /Users/runner/work/orbit/orbit/src/macos/OrbitKit
    /Applications/Xcode_26.6.app/Contents/Developer/Toolchains/XcodeDefault.xctoolchain/usr/bin/clang -Xlinker -reproducible -target arm64-apple-macos13.0 -r -isysroot /Applications/Xcode_26.6.app/Contents/Developer/Platforms/MacOSX.platform/Developer/SDKs/MacOSX26.5.sdk -O0 -F/Users/runner/work/orbit/orbit/.a1-probe/.dd-mac/Build/Intermediates.noindex/EagerLinkingTBDs/Debug -F/Users/runner/work/orbit/orbit/.a1-probe/.dd-mac/Build/Products/Debug/PackageFrameworks -F/Users/runner/work/orbit/orbit/.a1-probe/.dd-mac/Build/Products/Debug/PackageFrameworks -F/Users/runner/work/orbit/orbit/.a1-probe/.dd-mac/Build/Products/Debug/PackageFrameworks -F/Users/runner/work/orbit/orbit/.a1-probe/.dd-mac/Build/Products/Debug/PackageFrameworks -F/Users/runner/work/orbit/orbit/.a1-probe/.dd-mac/Build/Products/Debug -iframework /Applications/Xcode_26.6.app/Contents/Developer/Platforms/MacOSX.platform/Developer/Library/Frameworks -filelist /Users/runner/work/orbit/orbit/.a1-probe/.dd-mac/Build/Intermediates.noindex/OrbitKit.build/Debug/OrbitKit.build/Objects-normal/arm64/OrbitKit.LinkFileList -nostdlib -Xlinker -object_path_lto -Xlinker /Users/runner/work/orbit/orbit/.a1-probe/.dd-mac/Build/Intermediates.noindex/OrbitKit.build/Debug/OrbitKit.build/Objects-normal/arm64/OrbitKit_lto.o -Xlinker -no_deduplicate -Xlinker -dependency_info -Xlinker /Users/runner/work/orbit/orbit/.a1-probe/.dd-mac/Build/Intermediates.noindex/OrbitKit.build/Debug/OrbitKit.build/Objects-normal/arm64/OrbitKit_dependency_info.dat -fobjc-link-runtime -L/Applications/Xcode_26.6.app/Contents/Developer/Toolchains/XcodeDefault.xctoolchain/usr/lib/swift/macosx -L/usr/lib/swift -Xlinker -add_ast_path -Xlinker /Users/runner/work/orbit/orbit/.a1-probe/.dd-mac/Build/Intermediates.noindex/OrbitKit.build/Debug/OrbitKit.build/Objects-normal/arm64/OrbitKit.swiftmodule @/Users/runner/work/orbit/orbit/.a1-probe/.dd-mac/Build/Intermediates.noindex/OrbitKit.build/Debug/OrbitKit.build/Objects-normal/arm64/OrbitKit-linker-args.resp -o /Users/runner/work/orbit/orbit/.a1-probe/.dd-mac/Build/Products/Debug/OrbitKit.o

SwiftExplicitDependencyGeneratePcm arm64 /Users/runner/work/orbit/orbit/.a1-probe/.dd-mac/ModuleCache.noindex/ApplicationServices-DBGZCGK0LTI2I1ZY6VZ02WRJH.pcm

SwiftExplicitDependencyGeneratePcm arm64 /Users/runner/work/orbit/orbit/.a1-probe/.dd-mac/ModuleCache.noindex/DataDetection-8RY7UNRVWW56PG4YRU4J8ZG3G.pcm

SwiftExplicitDependencyGeneratePcm arm64 /Users/runner/work/orbit/orbit/.a1-probe/.dd-mac/ModuleCache.noindex/Network-B5CY70QO22Z5CYIA209WDE0I5.pcm

SwiftExplicitDependencyGeneratePcm arm64 /Users/runner/work/orbit/orbit/.a1-probe/.dd-mac/ModuleCache.noindex/UniformTypeIdentifiers-CAWILR7HD47N4K5SO0DECU6CN.pcm

SwiftExplicitDependencyGeneratePcm arm64 /Users/runner/work/orbit/orbit/.a1-probe/.dd-mac/ModuleCache.noindex/UserNotifications-6Q90YS62QNJFTLI5Z2FG5A7H8.pcm

SwiftExplicitDependencyGeneratePcm arm64 /Users/runner/work/orbit/orbit/.a1-probe/.dd-mac/ModuleCache.noindex/Carbon-4WBVM8YPTBD0NBQYPL3891F05.pcm

SwiftExplicitDependencyGeneratePcm arm64 /Users/runner/work/orbit/orbit/.a1-probe/.dd-mac/ModuleCache.noindex/Accessibility-B05ZIORW37VQJ0PEMVDWXCBA5.pcm

SwiftExplicitDependencyGeneratePcm arm64 /Users/runner/work/orbit/orbit/.a1-probe/.dd-mac/ModuleCache.noindex/IOSurface-AMN0TJ73UYV274G5EX4YM0102.pcm

SwiftExplicitDependencyGeneratePcm arm64 /Users/runner/work/orbit/orbit/.a1-probe/.dd-mac/ModuleCache.noindex/CoreData-24JBSME2MHQ6M36Z7YT7GP3ZT.pcm

SwiftExplicitDependencyGeneratePcm arm64 /Users/runner/work/orbit/orbit/.a1-probe/.dd-mac/ModuleCache.noindex/Metal-ADOD1RCLFLHHML0CEN95ET16P.pcm

SwiftExplicitDependencyGeneratePcm arm64 /Users/runner/work/orbit/orbit/.a1-probe/.dd-mac/Build/Intermediates.noindex/SwiftExplicitPrecompiledModules/Sparkle-DY20X0Z4ZR7PERU7HKQ1CAK79.pcm

SwiftExplicitDependencyGeneratePcm arm64 /Users/runner/work/orbit/orbit/.a1-probe/.dd-mac/ModuleCache.noindex/Symbols-CODJ4VYF4ZL1PAJ2UPIYNAJQ1.pcm

SwiftExplicitDependencyGeneratePcm arm64 /Users/runner/work/orbit/orbit/.a1-probe/.dd-mac/ModuleCache.noindex/OSLog-CR8DRKO1EPHBQ10FJH42J2QTV.pcm

SwiftExplicitDependencyGeneratePcm arm64 /Users/runner/work/orbit/orbit/.a1-probe/.dd-mac/ModuleCache.noindex/CoreTransferable-CB8RBDQL8WCWXX6TAKW4AS8V2.pcm

SwiftExplicitDependencyGeneratePcm arm64 /Users/runner/work/orbit/orbit/.a1-probe/.dd-mac/ModuleCache.noindex/LocalAuthentication-4TTHDA5RNHOS8JVV08B9P90R8.pcm

SwiftExplicitDependencyGeneratePcm arm64 /Users/runner/work/orbit/orbit/.a1-probe/.dd-mac/ModuleCache.noindex/CoreVideo-AEUL8CVAGKUBXF7LTIE2KACNM.pcm

ExtractAppIntentsMetadata (in target 'OrbitKit' from project 'OrbitKit')
    cd /Users/runner/work/orbit/orbit/src/macos/OrbitKit
    /Applications/Xcode_26.6.app/Contents/Developer/Toolchains/XcodeDefault.xctoolchain/usr/bin/appintentsmetadataprocessor --toolchain-dir /var/run/com.apple.security.cryptexd/mnt/com.apple.MobileAsset.MetalToolchain-v17.6.109.0.QFSZvD/Metal.xctoolchain --module-name OrbitKit --sdk-root /Applications/Xcode_26.6.app/Contents/Developer/Platforms/MacOSX.platform/Developer/SDKs/MacOSX26.5.sdk --xcode-version 17F113 --platform-family macOS --deployment-target 13.0 --bundle-identifier orbitkit.OrbitKit --output /Users/runner/work/orbit/orbit/.a1-probe/.dd-mac/Build/Products/Debug/OrbitKit.appintents --target-triple arm64-apple-macos13.0 --binary-file /Users/runner/work/orbit/orbit/.a1-probe/.dd-mac/Build/Products/Debug/OrbitKit.o --dependency-file /Users/runner/work/orbit/orbit/.a1-probe/.dd-mac/Build/Intermediates.noindex/OrbitKit.build/Debug/OrbitKit.build/Objects-normal/arm64/OrbitKit_dependency_info.dat --stringsdata-file /Users/runner/work/orbit/orbit/.a1-probe/.dd-mac/Build/Intermediates.noindex/OrbitKit.build/Debug/OrbitKit.build/Objects-normal/arm64/ExtractedAppShortcutsMetadata.stringsdata --source-file-list /Users/runner/work/orbit/orbit/.a1-probe/.dd-mac/Build/Intermediates.noindex/OrbitKit.build/Debug/OrbitKit.build/Objects-normal/arm64/OrbitKit.SwiftFileList --metadata-file-list /Users/runner/work/orbit/orbit/.a1-probe/.dd-mac/Build/Intermediates.noindex/OrbitKit.build/Debug/OrbitKit.build/OrbitKit.DependencyMetadataFileList --static-metadata-file-list /Users/runner/work/orbit/orbit/.a1-probe/.dd-mac/Build/Intermediates.noindex/OrbitKit.build/Debug/OrbitKit.build/OrbitKit.DependencyStaticMetadataFileList --swift-const-vals-list /Users/runner/work/orbit/orbit/.a1-probe/.dd-mac/Build/Intermediates.noindex/OrbitKit.build/Debug/OrbitKit.build/Objects-normal/arm64/OrbitKit.SwiftConstValuesFileList --force --compile-time-extraction --deployment-aware-processing --validate-assistant-intents --no-app-shortcuts-localization
2026-10-06 22:30:34.152 appintentsmetadataprocessor[6926:26568] Starting appintentsmetadataprocessor export
2026-10-06 22:30:34.188 appintentsmetadataprocessor[6926:26568] Extracted no relevant App Intents symbols, skipping writing output

CodeSign /Users/runner/work/orbit/orbit/.a1-probe/.dd-mac/Build/Products/Debug/OrbitKit.o (in target 'OrbitKit' from project 'OrbitKit')
    cd /Users/runner/work/orbit/orbit/src/macos/OrbitKit
    
    Signing Identity:     "Sign to Run Locally"
    
    /usr/bin/codesign --force --sign - --timestamp\=none --generate-entitlement-der /Users/runner/work/orbit/orbit/.a1-probe/.dd-mac/Build/Products/Debug/OrbitKit.o

SwiftExplicitDependencyGeneratePcm arm64 /Users/runner/work/orbit/orbit/.a1-probe/.dd-mac/ModuleCache.noindex/QuartzCore-BZJLCMU0QSVL6EO8E1G15IL3Y.pcm

SwiftExplicitDependencyGeneratePcm arm64 /Users/runner/work/orbit/orbit/.a1-probe/.dd-mac/ModuleCache.noindex/CoreImage-8JJUOVLZHL05YREBHTJUZC5IC.pcm

RegisterExecutionPolicyException /Users/runner/work/orbit/orbit/.a1-probe/.dd-mac/Build/Products/Debug/OrbitKit.o (in target 'OrbitKit' from project 'OrbitKit')
    cd /Users/runner/work/orbit/orbit/src/macos/OrbitKit
    builtin-RegisterExecutionPolicyException /Users/runner/work/orbit/orbit/.a1-probe/.dd-mac/Build/Products/Debug/OrbitKit.o

Copy /Users/runner/work/orbit/orbit/.a1-probe/.dd-mac/Build/Products/Debug/A1MacProbe.app/Contents/Frameworks/Sparkle.framework /Users/runner/work/orbit/orbit/.a1-probe/.dd-mac/SourcePackages/artifacts/sparkle/Sparkle/Sparkle.xcframework/macos-arm64_x86_64/Sparkle.framework (in target 'A1MacProbe' from project 'A1Probe')
    cd /Users/runner/work/orbit/orbit/.a1-probe
    builtin-copy -exclude .DS_Store -exclude CVS -exclude .svn -exclude .git -exclude .hg -exclude Headers -exclude PrivateHeaders -exclude Modules -exclude \*.tbd -resolve-src-symlinks -remove-static-executable /Users/runner/work/orbit/orbit/.a1-probe/.dd-mac/SourcePackages/artifacts/sparkle/Sparkle/Sparkle.xcframework/macos-arm64_x86_64/Sparkle.framework /Users/runner/work/orbit/orbit/.a1-probe/.dd-mac/Build/Products/Debug/A1MacProbe.app/Contents/Frameworks

Ld /Users/runner/work/orbit/orbit/.a1-probe/.dd-mac/Build/Products/Debug/A1MacProbe.app/Contents/MacOS/__preview.dylib normal (in target 'A1MacProbe' from project 'A1Probe')
    cd /Users/runner/work/orbit/orbit/.a1-probe
    /Applications/Xcode_26.6.app/Contents/Developer/Toolchains/XcodeDefault.xctoolchain/usr/bin/clang -Xlinker -reproducible -target arm64-apple-macos14.0 -dynamiclib -isysroot /Applications/Xcode_26.6.app/Contents/Developer/Platforms/MacOSX.platform/Developer/SDKs/MacOSX26.5.sdk -O0 -L/Users/runner/work/orbit/orbit/.a1-probe/.dd-mac/Build/Products/Debug -F/Users/runner/work/orbit/orbit/.a1-probe/.dd-mac/Build/Products/Debug/PackageFrameworks -F/Users/runner/work/orbit/orbit/.a1-probe/.dd-mac/Build/Products/Debug/PackageFrameworks -F/Users/runner/work/orbit/orbit/.a1-probe/.dd-mac/Build/Products/Debug/PackageFrameworks -F/Users/runner/work/orbit/orbit/.a1-probe/.dd-mac/Build/Products/Debug/PackageFrameworks -F/Users/runner/work/orbit/orbit/.a1-probe/.dd-mac/Build/Products/Debug/PackageFrameworks -F/Users/runner/work/orbit/orbit/.a1-probe/.dd-mac/Build/Products/Debug -install_name @rpath/A1MacProbe.debug.dylib -rdynamic -Xlinker -no_deduplicate -Xlinker -dependency_info -Xlinker /Users/runner/work/orbit/orbit/.a1-probe/.dd-mac/Build/Intermediates.noindex/A1Probe.build/Debug/A1MacProbe.build/Objects-normal/arm64/A1MacProbe_dependency_info.dat -Xlinker -no_adhoc_codesign -o /Users/runner/work/orbit/orbit/.a1-probe/.dd-mac/Build/Products/Debug/A1MacProbe.app/Contents/MacOS/__preview.dylib

SwiftExplicitDependencyGeneratePcm arm64 /Users/runner/work/orbit/orbit/.a1-probe/.dd-mac/ModuleCache.noindex/SwiftUICore-BE1I107J8P1UA1CRGCGG6TC2.pcm

SwiftExplicitDependencyGeneratePcm arm64 /Users/runner/work/orbit/orbit/.a1-probe/.dd-mac/ModuleCache.noindex/AppKit-AK3WKBYISG0V2YWCUZZC5J3TW.pcm

ProcessInfoPlistFile /Users/runner/work/orbit/orbit/.a1-probe/.dd-mac/Build/Products/Debug/A1MacProbe.app/Contents/Info.plist /Users/runner/work/orbit/orbit/.a1-probe/Info.plist (in target 'A1MacProbe' from project 'A1Probe')
    cd /Users/runner/work/orbit/orbit/.a1-probe
    builtin-infoPlistUtility /Users/runner/work/orbit/orbit/.a1-probe/Info.plist -producttype com.apple.product-type.application -genpkginfo /Users/runner/work/orbit/orbit/.a1-probe/.dd-mac/Build/Products/Debug/A1MacProbe.app/Contents/PkgInfo -expandbuildsettings -platform macosx -additionalcontentfile /Users/runner/work/orbit/orbit/.a1-probe/.dd-mac/Build/Intermediates.noindex/A1Probe.build/Debug/A1MacProbe.build/assetcatalog_generated_info.plist -scanforprivacyfile /Users/runner/work/orbit/orbit/.a1-probe/.dd-mac/Build/Products/Debug/A1MacProbe.app/Contents/Frameworks/Sparkle.framework -o /Users/runner/work/orbit/orbit/.a1-probe/.dd-mac/Build/Products/Debug/A1MacProbe.app/Contents/Info.plist

CodeSign /Users/runner/work/orbit/orbit/.a1-probe/.dd-mac/Build/Products/Debug/A1MacProbe.app/Contents/Frameworks/Sparkle.framework/Versions/B (in target 'A1MacProbe' from project 'A1Probe')
    cd /Users/runner/work/orbit/orbit/.a1-probe
    
    Signing Identity:     "Sign to Run Locally"
    
    /usr/bin/codesign --force --sign - --timestamp\=none --preserve-metadata\=identifier,entitlements,flags --generate-entitlement-der /Users/runner/work/orbit/orbit/.a1-probe/.dd-mac/Build/Products/Debug/A1MacProbe.app/Contents/Frameworks/Sparkle.framework/Versions/B
/Users/runner/work/orbit/orbit/.a1-probe/.dd-mac/Build/Products/Debug/A1MacProbe.app/Contents/Frameworks/Sparkle.framework/Versions/B: replacing existing signature

SwiftExplicitDependencyGeneratePcm arm64 /Users/runner/work/orbit/orbit/.a1-probe/.dd-mac/ModuleCache.noindex/SwiftUI-71X3QT72QAT25NRGXOFHZBANN.pcm

SwiftExplicitDependencyGeneratePcm arm64 /Users/runner/work/orbit/orbit/.a1-probe/.dd-mac/ModuleCache.noindex/AuthenticationServices-5SQT9GKUD0GLTS3RLNX3O5KTX.pcm

SwiftEmitModule normal arm64 Emitting\ module\ for\ A1MacProbe (in target 'A1MacProbe' from project 'A1Probe')

EmitSwiftModule normal arm64 (in target 'A1MacProbe' from project 'A1Probe')
    cd /Users/runner/work/orbit/orbit/.a1-probe
    

SwiftCompile normal arm64 Compiling\ ToolCards.swift,\ TopInsetClearOfRefresh.swift,\ Typography.swift,\ UpdaterModel.swift,\ UserTurnRow.swift,\ WatchViews.swift,\ WatchWakeCardView.swift,\ WatchesModel.swift,\ WatchingCard.swift,\ WikiActivityView.swift,\ WikiArticleView.swift,\ WikiDocScreens.swift,\ WikiDocView.swift,\ WikiModel.swift,\ WikiPlanView.swift,\ WikiRunView.swift,\ WikiScreens.swift,\ WikiSettingsView.swift,\ WikiView.swift,\ WorktreeBar.swift,\ WorktreeFilePreview.swift,\ WorktreeModel.swift,\ GeneratedAssetSymbols.swift /Users/runner/work/orbit/orbit/src/macos/OrbitApp/Sources/OrbitApp/Views/Console/ToolCards.swift /Users/runner/work/orbit/orbit/src/macos/OrbitApp/Sources/OrbitApp/Views/TopInsetClearOfRefresh.swift /Users/runner/work/orbit/orbit/src/macos/OrbitApp/Sources/OrbitApp/Views/Typography.swift /Users/runner/work/orbit/orbit/src/macos/OrbitApp/Sources/OrbitApp/UpdaterModel.swift /Users/runner/work/orbit/orbit/src/macos/OrbitApp/Sources/OrbitApp/Views/Console/UserTurnRow.swift /Users/runner/work/orbit/orbit/src/macos/OrbitApp/Sources/OrbitApp/Views/WatchViews.swift /Users/runner/work/orbit/orbit/src/macos/OrbitApp/Sources/OrbitApp/Views/WatchWakeCardView.swift /Users/runner/work/orbit/orbit/src/macos/OrbitApp/Sources/OrbitApp/WatchesModel.swift /Users/runner/work/orbit/orbit/src/macos/OrbitApp/Sources/OrbitApp/Views/WatchingCard.swift /Users/runner/work/orbit/orbit/src/macos/OrbitApp/Sources/OrbitApp/Views/WikiActivityView.swift /Users/runner/work/orbit/orbit/src/macos/OrbitApp/Sources/OrbitApp/Views/WikiArticleView.swift /Users/runner/work/orbit/orbit/src/macos/OrbitApp/Sources/OrbitApp/Views/WikiDocScreens.swift /Users/runner/work/orbit/orbit/src/macos/OrbitApp/Sources/OrbitApp/Views/WikiDocView.swift /Users/runner/work/orbit/orbit/src/macos/OrbitApp/Sources/OrbitApp/WikiModel.swift /Users/runner/work/orbit/orbit/src/macos/OrbitApp/Sources/OrbitApp/Views/WikiPlanView.swift /Users/runner/work/orbit/orbit/src/macos/OrbitApp/Sources/OrbitApp/Views/WikiRunView.swift /Users/runner/work/orbit/orbit/src/macos/OrbitApp/Sources/OrbitApp/Views/WikiScreens.swift /Users/runner/work/orbit/orbit/src/macos/OrbitApp/Sources/OrbitApp/Views/WikiSettingsView.swift /Users/runner/work/orbit/orbit/src/macos/OrbitApp/Sources/OrbitApp/Views/WikiView.swift /Users/runner/work/orbit/orbit/src/macos/OrbitApp/Sources/OrbitApp/Views/WorktreeBar.swift /Users/runner/work/orbit/orbit/src/macos/OrbitApp/Sources/OrbitApp/Views/WorktreeFilePreview.swift /Users/runner/work/orbit/orbit/src/macos/OrbitApp/Sources/OrbitApp/WorktreeModel.swift /Users/runner/work/orbit/orbit/.a1-probe/.dd-mac/Build/Intermediates.noindex/A1Probe.build/Debug/A1MacProbe.build/DerivedSources/GeneratedAssetSymbols.swift (in target 'A1MacProbe' from project 'A1Probe')
SwiftCompile normal arm64 /Users/runner/work/orbit/orbit/src/macos/OrbitApp/Sources/OrbitApp/Views/Console/ToolCards.swift (in target 'A1MacProbe' from project 'A1Probe')
    cd /Users/runner/work/orbit/orbit/.a1-probe
    

SwiftCompile normal arm64 /Users/runner/work/orbit/orbit/src/macos/OrbitApp/Sources/OrbitApp/Views/TopInsetClearOfRefresh.swift (in target 'A1MacProbe' from project 'A1Probe')
    cd /Users/runner/work/orbit/orbit/.a1-probe
    

SwiftCompile normal arm64 /Users/runner/work/orbit/orbit/src/macos/OrbitApp/Sources/OrbitApp/Views/Typography.swift (in target 'A1MacProbe' from project 'A1Probe')
    cd /Users/runner/work/orbit/orbit/.a1-probe
    

SwiftCompile normal arm64 /Users/runner/work/orbit/orbit/src/macos/OrbitApp/Sources/OrbitApp/UpdaterModel.swift (in target 'A1MacProbe' from project 'A1Probe')
    cd /Users/runner/work/orbit/orbit/.a1-probe
    

SwiftCompile normal arm64 /Users/runner/work/orbit/orbit/src/macos/OrbitApp/Sources/OrbitApp/Views/Console/UserTurnRow.swift (in target 'A1MacProbe' from project 'A1Probe')
    cd /Users/runner/work/orbit/orbit/.a1-probe
    

SwiftCompile normal arm64 /Users/runner/work/orbit/orbit/src/macos/OrbitApp/Sources/OrbitApp/Views/WatchViews.swift (in target 'A1MacProbe' from project 'A1Probe')
    cd /Users/runner/work/orbit/orbit/.a1-probe
    

SwiftCompile normal arm64 /Users/runner/work/orbit/orbit/src/macos/OrbitApp/Sources/OrbitApp/Views/WatchWakeCardView.swift (in target 'A1MacProbe' from project 'A1Probe')
    cd /Users/runner/work/orbit/orbit/.a1-probe
    

SwiftCompile normal arm64 /Users/runner/work/orbit/orbit/src/macos/OrbitApp/Sources/OrbitApp/WatchesModel.swift (in target 'A1MacProbe' from project 'A1Probe')
    cd /Users/runner/work/orbit/orbit/.a1-probe
    

SwiftCompile normal arm64 /Users/runner/work/orbit/orbit/src/macos/OrbitApp/Sources/OrbitApp/Views/WatchingCard.swift (in target 'A1MacProbe' from project 'A1Probe')
    cd /Users/runner/work/orbit/orbit/.a1-probe
    

SwiftCompile normal arm64 /Users/runner/work/orbit/orbit/src/macos/OrbitApp/Sources/OrbitApp/Views/WikiActivityView.swift (in target 'A1MacProbe' from project 'A1Probe')
    cd /Users/runner/work/orbit/orbit/.a1-probe
    

SwiftCompile normal arm64 /Users/runner/work/orbit/orbit/src/macos/OrbitApp/Sources/OrbitApp/Views/WikiArticleView.swift (in target 'A1MacProbe' from project 'A1Probe')
    cd /Users/runner/work/orbit/orbit/.a1-probe
    

SwiftCompile normal arm64 /Users/runner/work/orbit/orbit/src/macos/OrbitApp/Sources/OrbitApp/Views/WikiDocScreens.swift (in target 'A1MacProbe' from project 'A1Probe')
    cd /Users/runner/work/orbit/orbit/.a1-probe
    

SwiftCompile normal arm64 /Users/runner/work/orbit/orbit/src/macos/OrbitApp/Sources/OrbitApp/Views/WikiDocView.swift (in target 'A1MacProbe' from project 'A1Probe')
    cd /Users/runner/work/orbit/orbit/.a1-probe
    

SwiftCompile normal arm64 /Users/runner/work/orbit/orbit/src/macos/OrbitApp/Sources/OrbitApp/WikiModel.swift (in target 'A1MacProbe' from project 'A1Probe')
    cd /Users/runner/work/orbit/orbit/.a1-probe
    

SwiftCompile normal arm64 /Users/runner/work/orbit/orbit/src/macos/OrbitApp/Sources/OrbitApp/Views/WikiPlanView.swift (in target 'A1MacProbe' from project 'A1Probe')
    cd /Users/runner/work/orbit/orbit/.a1-probe
    

SwiftCompile normal arm64 /Users/runner/work/orbit/orbit/src/macos/OrbitApp/Sources/OrbitApp/Views/WikiRunView.swift (in target 'A1MacProbe' from project 'A1Probe')
    cd /Users/runner/work/orbit/orbit/.a1-probe
    

SwiftCompile normal arm64 /Users/runner/work/orbit/orbit/src/macos/OrbitApp/Sources/OrbitApp/Views/WikiScreens.swift (in target 'A1MacProbe' from project 'A1Probe')
    cd /Users/runner/work/orbit/orbit/.a1-probe
    

SwiftCompile normal arm64 /Users/runner/work/orbit/orbit/src/macos/OrbitApp/Sources/OrbitApp/Views/WikiSettingsView.swift (in target 'A1MacProbe' from project 'A1Probe')
    cd /Users/runner/work/orbit/orbit/.a1-probe
    

SwiftCompile normal arm64 /Users/runner/work/orbit/orbit/src/macos/OrbitApp/Sources/OrbitApp/Views/WikiView.swift (in target 'A1MacProbe' from project 'A1Probe')
    cd /Users/runner/work/orbit/orbit/.a1-probe
    

SwiftCompile normal arm64 /Users/runner/work/orbit/orbit/src/macos/OrbitApp/Sources/OrbitApp/Views/WorktreeBar.swift (in target 'A1MacProbe' from project 'A1Probe')
    cd /Users/runner/work/orbit/orbit/.a1-probe
    

SwiftCompile normal arm64 /Users/runner/work/orbit/orbit/src/macos/OrbitApp/Sources/OrbitApp/Views/WorktreeFilePreview.swift (in target 'A1MacProbe' from project 'A1Probe')
    cd /Users/runner/work/orbit/orbit/.a1-probe
    

SwiftCompile normal arm64 /Users/runner/work/orbit/orbit/src/macos/OrbitApp/Sources/OrbitApp/WorktreeModel.swift (in target 'A1MacProbe' from project 'A1Probe')
    cd /Users/runner/work/orbit/orbit/.a1-probe
    

SwiftCompile normal arm64 /Users/runner/work/orbit/orbit/.a1-probe/.dd-mac/Build/Intermediates.noindex/A1Probe.build/Debug/A1MacProbe.build/DerivedSources/GeneratedAssetSymbols.swift (in target 'A1MacProbe' from project 'A1Probe')
    cd /Users/runner/work/orbit/orbit/.a1-probe
    

SwiftCompile normal arm64 Compiling\ Platform.swift,\ ProbeArgs.swift,\ ProjectDoneCards.swift,\ ProjectGraphView.swift,\ ProjectLandingRow.swift,\ ProjectMergeModel.swift,\ ProjectStartedCardView.swift,\ ProjectsModel.swift,\ ProjectsView.swift,\ ProviderPoolViews.swift,\ RowSwipeActions.swift,\ RunnerControl.swift,\ RunnerControlPane.swift,\ RunnerEnginePage.swift,\ RunnerNamePage.swift,\ RunnerPageParts.swift,\ RunnerSignInModel.swift,\ RunnerSignInView.swift,\ RunnersModel.swift,\ SelectableText.swift,\ SessionCoordinatorBadge.swift,\ SessionFolderPage.swift,\ SessionListSearch.swift /Users/runner/work/orbit/orbit/src/macos/OrbitApp/Sources/OrbitApp/Platform.swift /Users/runner/work/orbit/orbit/.a1-probe/ProbeArgs.swift /Users/runner/work/orbit/orbit/src/macos/OrbitApp/Sources/OrbitApp/Views/ProjectDoneCards.swift /Users/runner/work/orbit/orbit/src/macos/OrbitApp/Sources/OrbitApp/Views/ProjectGraphView.swift /Users/runner/work/orbit/orbit/src/macos/OrbitApp/Sources/OrbitApp/Views/ProjectLandingRow.swift /Users/runner/work/orbit/orbit/src/macos/OrbitApp/Sources/OrbitApp/ProjectMergeModel.swift /Users/runner/work/orbit/orbit/src/macos/OrbitApp/Sources/OrbitApp/Views/ProjectStartedCardView.swift /Users/runner/work/orbit/orbit/src/macos/OrbitApp/Sources/OrbitApp/ProjectsModel.swift /Users/runner/work/orbit/orbit/src/macos/OrbitApp/Sources/OrbitApp/Views/ProjectsView.swift /Users/runner/work/orbit/orbit/src/macos/OrbitApp/Sources/OrbitApp/Views/ProviderPoolViews.swift /Users/runner/work/orbit/orbit/src/macos/OrbitApp/Sources/OrbitApp/Views/RowSwipeActions.swift /Users/runner/work/orbit/orbit/src/macos/OrbitApp/Sources/OrbitApp/RunnerControl.swift /Users/runner/work/orbit/orbit/src/macos/OrbitApp/Sources/OrbitApp/Views/RunnerControlPane.swift /Users/runner/work/orbit/orbit/src/macos/OrbitApp/Sources/OrbitApp/Views/RunnerEnginePage.swift /Users/runner/work/orbit/orbit/src/macos/OrbitApp/Sources/OrbitApp/Views/RunnerNamePage.swift /Users/runner/work/orbit/orbit/src/macos/OrbitApp/Sources/OrbitApp/Views/RunnerPageParts.swift /Users/runner/work/orbit/orbit/src/macos/OrbitApp/Sources/OrbitApp/RunnerSignInModel.swift /Users/runner/work/orbit/orbit/src/macos/OrbitApp/Sources/OrbitApp/Views/RunnerSignInView.swift /Users/runner/work/orbit/orbit/src/macos/OrbitApp/Sources/OrbitApp/RunnersModel.swift /Users/runner/work/orbit/orbit/src/macos/OrbitApp/Sources/OrbitApp/Views/Console/SelectableText.swift /Users/runner/work/orbit/orbit/src/macos/OrbitApp/Sources/OrbitApp/Views/SessionCoordinatorBadge.swift /Users/runner/work/orbit/orbit/src/macos/OrbitApp/Sources/OrbitApp/Views/SessionFolderPage.swift /Users/runner/work/orbit/orbit/src/macos/OrbitApp/Sources/OrbitApp/Views/SessionListSearch.swift (in target 'A1MacProbe' from project 'A1Probe')

SwiftCompile normal arm64 /Users/runner/work/orbit/orbit/src/macos/OrbitApp/Sources/OrbitApp/Platform.swift (in target 'A1MacProbe' from project 'A1Probe')
    cd /Users/runner/work/orbit/orbit/.a1-probe
    

SwiftCompile normal arm64 /Users/runner/work/orbit/orbit/.a1-probe/ProbeArgs.swift (in target 'A1MacProbe' from project 'A1Probe')
    cd /Users/runner/work/orbit/orbit/.a1-probe
    

SwiftCompile normal arm64 /Users/runner/work/orbit/orbit/src/macos/OrbitApp/Sources/OrbitApp/Views/ProjectDoneCards.swift (in target 'A1MacProbe' from project 'A1Probe')
    cd /Users/runner/work/orbit/orbit/.a1-probe
    

SwiftCompile normal arm64 /Users/runner/work/orbit/orbit/src/macos/OrbitApp/Sources/OrbitApp/Views/ProjectGraphView.swift (in target 'A1MacProbe' from project 'A1Probe')
    cd /Users/runner/work/orbit/orbit/.a1-probe
    

SwiftCompile normal arm64 /Users/runner/work/orbit/orbit/src/macos/OrbitApp/Sources/OrbitApp/Views/ProjectLandingRow.swift (in target 'A1MacProbe' from project 'A1Probe')
    cd /Users/runner/work/orbit/orbit/.a1-probe
    
/Users/runner/work/orbit/orbit/src/macos/OrbitApp/Sources/OrbitApp/Views/ProjectLandingRow.swift:73:14: warning: 'onChange(of:perform:)' was deprecated in macOS 14.0: Use `onChange` with a two or zero parameter action closure instead.
            .onChange(of: running) { spun = $0 }
             ^

SwiftCompile normal arm64 /Users/runner/work/orbit/orbit/src/macos/OrbitApp/Sources/OrbitApp/ProjectMergeModel.swift (in target 'A1MacProbe' from project 'A1Probe')
    cd /Users/runner/work/orbit/orbit/.a1-probe
    

SwiftCompile normal arm64 /Users/runner/work/orbit/orbit/src/macos/OrbitApp/Sources/OrbitApp/Views/ProjectStartedCardView.swift (in target 'A1MacProbe' from project 'A1Probe')
    cd /Users/runner/work/orbit/orbit/.a1-probe
    

SwiftCompile normal arm64 /Users/runner/work/orbit/orbit/src/macos/OrbitApp/Sources/OrbitApp/ProjectsModel.swift (in target 'A1MacProbe' from project 'A1Probe')
    cd /Users/runner/work/orbit/orbit/.a1-probe
    

SwiftCompile normal arm64 /Users/runner/work/orbit/orbit/src/macos/OrbitApp/Sources/OrbitApp/Views/ProjectsView.swift (in target 'A1MacProbe' from project 'A1Probe')
    cd /Users/runner/work/orbit/orbit/.a1-probe
    

SwiftCompile normal arm64 /Users/runner/work/orbit/orbit/src/macos/OrbitApp/Sources/OrbitApp/Views/ProviderPoolViews.swift (in target 'A1MacProbe' from project 'A1Probe')
    cd /Users/runner/work/orbit/orbit/.a1-probe
    

SwiftCompile normal arm64 /Users/runner/work/orbit/orbit/src/macos/OrbitApp/Sources/OrbitApp/Views/RowSwipeActions.swift (in target 'A1MacProbe' from project 'A1Probe')
    cd /Users/runner/work/orbit/orbit/.a1-probe
    

SwiftCompile normal arm64 /Users/runner/work/orbit/orbit/src/macos/OrbitApp/Sources/OrbitApp/RunnerControl.swift (in target 'A1MacProbe' from project 'A1Probe')
    cd /Users/runner/work/orbit/orbit/.a1-probe
    

SwiftCompile normal arm64 /Users/runner/work/orbit/orbit/src/macos/OrbitApp/Sources/OrbitApp/Views/RunnerControlPane.swift (in target 'A1MacProbe' from project 'A1Probe')
    cd /Users/runner/work/orbit/orbit/.a1-probe
    

SwiftCompile normal arm64 /Users/runner/work/orbit/orbit/src/macos/OrbitApp/Sources/OrbitApp/Views/RunnerEnginePage.swift (in target 'A1MacProbe' from project 'A1Probe')
    cd /Users/runner/work/orbit/orbit/.a1-probe
    

SwiftCompile normal arm64 /Users/runner/work/orbit/orbit/src/macos/OrbitApp/Sources/OrbitApp/Views/RunnerNamePage.swift (in target 'A1MacProbe' from project 'A1Probe')
    cd /Users/runner/work/orbit/orbit/.a1-probe
    

SwiftCompile normal arm64 /Users/runner/work/orbit/orbit/src/macos/OrbitApp/Sources/OrbitApp/Views/RunnerPageParts.swift (in target 'A1MacProbe' from project 'A1Probe')
    cd /Users/runner/work/orbit/orbit/.a1-probe
    

SwiftCompile normal arm64 /Users/runner/work/orbit/orbit/src/macos/OrbitApp/Sources/OrbitApp/RunnerSignInModel.swift (in target 'A1MacProbe' from project 'A1Probe')
    cd /Users/runner/work/orbit/orbit/.a1-probe
    

SwiftCompile normal arm64 /Users/runner/work/orbit/orbit/src/macos/OrbitApp/Sources/OrbitApp/Views/RunnerSignInView.swift (in target 'A1MacProbe' from project 'A1Probe')
    cd /Users/runner/work/orbit/orbit/.a1-probe
    

SwiftCompile normal arm64 /Users/runner/work/orbit/orbit/src/macos/OrbitApp/Sources/OrbitApp/RunnersModel.swift (in target 'A1MacProbe' from project 'A1Probe')
    cd /Users/runner/work/orbit/orbit/.a1-probe
    

SwiftCompile normal arm64 /Users/runner/work/orbit/orbit/src/macos/OrbitApp/Sources/OrbitApp/Views/Console/SelectableText.swift (in target 'A1MacProbe' from project 'A1Probe')
    cd /Users/runner/work/orbit/orbit/.a1-probe
    

SwiftCompile normal arm64 /Users/runner/work/orbit/orbit/src/macos/OrbitApp/Sources/OrbitApp/Views/SessionCoordinatorBadge.swift (in target 'A1MacProbe' from project 'A1Probe')
    cd /Users/runner/work/orbit/orbit/.a1-probe
    

SwiftCompile normal arm64 /Users/runner/work/orbit/orbit/src/macos/OrbitApp/Sources/OrbitApp/Views/SessionFolderPage.swift (in target 'A1MacProbe' from project 'A1Probe')
    cd /Users/runner/work/orbit/orbit/.a1-probe
    

SwiftCompile normal arm64 /Users/runner/work/orbit/orbit/src/macos/OrbitApp/Sources/OrbitApp/Views/SessionListSearch.swift (in target 'A1MacProbe' from project 'A1Probe')
    cd /Users/runner/work/orbit/orbit/.a1-probe
    

SwiftCompile normal arm64 Compiling\ SessionMessageCardView.swift,\ SessionMoveSheet.swift,\ SessionMoveTargetPage.swift,\ SessionProjectListSupport.swift,\ SessionProjectPage.swift,\ SessionRenameAlert.swift,\ SessionReplyCardView.swift,\ SessionRowActions.swift,\ SessionSearchView.swift,\ SessionTagViews.swift,\ SettingsAdminView.swift,\ SettingsSheet.swift,\ ShareSheet.swift,\ SharedLinksModel.swift,\ SharedPoolsModel.swift,\ SkillsRunnersView.swift,\ TaskDetailParts.swift,\ TaskListParts.swift,\ TaskRunHandoffCard.swift,\ TaskStartCardView.swift,\ TasksModel.swift,\ TasksView.swift,\ ToastHost.swift /Users/runner/work/orbit/orbit/src/macos/OrbitApp/Sources/OrbitApp/Views/SessionMessageCardView.swift /Users/runner/work/orbit/orbit/src/macos/OrbitApp/Sources/OrbitApp/Views/SessionMoveSheet.swift /Users/runner/work/orbit/orbit/src/macos/OrbitApp/Sources/OrbitApp/Views/SessionMoveTargetPage.swift /Users/runner/work/orbit/orbit/src/macos/OrbitApp/Sources/OrbitApp/Views/SessionProjectListSupport.swift /Users/runner/work/orbit/orbit/src/macos/OrbitApp/Sources/OrbitApp/Views/SessionProjectPage.swift /Users/runner/work/orbit/orbit/src/macos/OrbitApp/Sources/OrbitApp/Views/SessionRenameAlert.swift /Users/runner/work/orbit/orbit/src/macos/OrbitApp/Sources/OrbitApp/Views/SessionReplyCardView.swift /Users/runner/work/orbit/orbit/src/macos/OrbitApp/Sources/OrbitApp/Views/SessionRowActions.swift /Users/runner/work/orbit/orbit/src/macos/OrbitApp/Sources/OrbitApp/Views/SessionSearchView.swift /Users/runner/work/orbit/orbit/src/macos/OrbitApp/Sources/OrbitApp/Views/SessionTagViews.swift /Users/runner/work/orbit/orbit/src/macos/OrbitApp/Sources/OrbitApp/Views/SettingsAdminView.swift /Users/runner/work/orbit/orbit/src/macos/OrbitApp/Sources/OrbitApp/Views/SettingsSheet.swift /Users/runner/work/orbit/orbit/src/macos/OrbitApp/Sources/OrbitApp/Views/ShareSheet.swift /Users/runner/work/orbit/orbit/src/macos/OrbitApp/Sources/OrbitApp/SharedLinksModel.swift /Users/runner/work/orbit/orbit/src/macos/OrbitApp/Sources/OrbitApp/SharedPoolsModel.swift /Users/runner/work/orbit/orbit/src/macos/OrbitApp/Sources/OrbitApp/Views/SkillsRunnersView.swift /Users/runner/work/orbit/orbit/src/macos/OrbitApp/Sources/OrbitApp/Views/TaskDetailParts.swift /Users/runner/work/orbit/orbit/src/macos/OrbitApp/Sources/OrbitApp/Views/TaskListParts.swift /Users/runner/work/orbit/orbit/src/macos/OrbitApp/Sources/OrbitApp/Views/TaskRunHandoffCard.swift /Users/runner/work/orbit/orbit/src/macos/OrbitApp/Sources/OrbitApp/Views/TaskStartCardView.swift /Users/runner/work/orbit/orbit/src/macos/OrbitApp/Sources/OrbitApp/TasksModel.swift /Users/runner/work/orbit/orbit/src/macos/OrbitApp/Sources/OrbitApp/Views/TasksView.swift /Users/runner/work/orbit/orbit/src/macos/OrbitApp/Sources/OrbitApp/Views/ToastHost.swift (in target 'A1MacProbe' from project 'A1Probe')

SwiftCompile normal arm64 /Users/runner/work/orbit/orbit/src/macos/OrbitApp/Sources/OrbitApp/Views/SessionMessageCardView.swift (in target 'A1MacProbe' from project 'A1Probe')
    cd /Users/runner/work/orbit/orbit/.a1-probe
    

SwiftCompile normal arm64 /Users/runner/work/orbit/orbit/src/macos/OrbitApp/Sources/OrbitApp/Views/SessionMoveSheet.swift (in target 'A1MacProbe' from project 'A1Probe')
    cd /Users/runner/work/orbit/orbit/.a1-probe
    

SwiftCompile normal arm64 /Users/runner/work/orbit/orbit/src/macos/OrbitApp/Sources/OrbitApp/Views/SessionMoveTargetPage.swift (in target 'A1MacProbe' from project 'A1Probe')
    cd /Users/runner/work/orbit/orbit/.a1-probe
    

SwiftCompile normal arm64 /Users/runner/work/orbit/orbit/src/macos/OrbitApp/Sources/OrbitApp/Views/SessionProjectListSupport.swift (in target 'A1MacProbe' from project 'A1Probe')
    cd /Users/runner/work/orbit/orbit/.a1-probe
    

SwiftCompile normal arm64 /Users/runner/work/orbit/orbit/src/macos/OrbitApp/Sources/OrbitApp/Views/SessionProjectPage.swift (in target 'A1MacProbe' from project 'A1Probe')
    cd /Users/runner/work/orbit/orbit/.a1-probe
    

SwiftCompile normal arm64 /Users/runner/work/orbit/orbit/src/macos/OrbitApp/Sources/OrbitApp/Views/SessionRenameAlert.swift (in target 'A1MacProbe' from project 'A1Probe')
    cd /Users/runner/work/orbit/orbit/.a1-probe
    

SwiftCompile normal arm64 /Users/runner/work/orbit/orbit/src/macos/OrbitApp/Sources/OrbitApp/Views/SessionReplyCardView.swift (in target 'A1MacProbe' from project 'A1Probe')
    cd /Users/runner/work/orbit/orbit/.a1-probe
    

SwiftCompile normal arm64 /Users/runner/work/orbit/orbit/src/macos/OrbitApp/Sources/OrbitApp/Views/SessionRowActions.swift (in target 'A1MacProbe' from project 'A1Probe')
    cd /Users/runner/work/orbit/orbit/.a1-probe
    

SwiftCompile normal arm64 /Users/runner/work/orbit/orbit/src/macos/OrbitApp/Sources/OrbitApp/Views/SessionSearchView.swift (in target 'A1MacProbe' from project 'A1Probe')
    cd /Users/runner/work/orbit/orbit/.a1-probe
    

SwiftCompile normal arm64 /Users/runner/work/orbit/orbit/src/macos/OrbitApp/Sources/OrbitApp/Views/SessionTagViews.swift (in target 'A1MacProbe' from project 'A1Probe')
    cd /Users/runner/work/orbit/orbit/.a1-probe
    

SwiftCompile normal arm64 /Users/runner/work/orbit/orbit/src/macos/OrbitApp/Sources/OrbitApp/Views/SettingsAdminView.swift (in target 'A1MacProbe' from project 'A1Probe')
    cd /Users/runner/work/orbit/orbit/.a1-probe
    

SwiftCompile normal arm64 /Users/runner/work/orbit/orbit/src/macos/OrbitApp/Sources/OrbitApp/Views/SettingsSheet.swift (in target 'A1MacProbe' from project 'A1Probe')
    cd /Users/runner/work/orbit/orbit/.a1-probe
    

SwiftCompile normal arm64 /Users/runner/work/orbit/orbit/src/macos/OrbitApp/Sources/OrbitApp/Views/ShareSheet.swift (in target 'A1MacProbe' from project 'A1Probe')
    cd /Users/runner/work/orbit/orbit/.a1-probe
    

SwiftCompile normal arm64 /Users/runner/work/orbit/orbit/src/macos/OrbitApp/Sources/OrbitApp/SharedLinksModel.swift (in target 'A1MacProbe' from project 'A1Probe')
    cd /Users/runner/work/orbit/orbit/.a1-probe
    

SwiftCompile normal arm64 /Users/runner/work/orbit/orbit/src/macos/OrbitApp/Sources/OrbitApp/SharedPoolsModel.swift (in target 'A1MacProbe' from project 'A1Probe')
    cd /Users/runner/work/orbit/orbit/.a1-probe
    

SwiftCompile normal arm64 /Users/runner/work/orbit/orbit/src/macos/OrbitApp/Sources/OrbitApp/Views/SkillsRunnersView.swift (in target 'A1MacProbe' from project 'A1Probe')
    cd /Users/runner/work/orbit/orbit/.a1-probe
    

SwiftCompile normal arm64 /Users/runner/work/orbit/orbit/src/macos/OrbitApp/Sources/OrbitApp/Views/TaskDetailParts.swift (in target 'A1MacProbe' from project 'A1Probe')
    cd /Users/runner/work/orbit/orbit/.a1-probe
    

SwiftCompile normal arm64 /Users/runner/work/orbit/orbit/src/macos/OrbitApp/Sources/OrbitApp/Views/TaskListParts.swift (in target 'A1MacProbe' from project 'A1Probe')
    cd /Users/runner/work/orbit/orbit/.a1-probe
    

SwiftCompile normal arm64 /Users/runner/work/orbit/orbit/src/macos/OrbitApp/Sources/OrbitApp/Views/TaskRunHandoffCard.swift (in target 'A1MacProbe' from project 'A1Probe')
    cd /Users/runner/work/orbit/orbit/.a1-probe
    

SwiftCompile normal arm64 /Users/runner/work/orbit/orbit/src/macos/OrbitApp/Sources/OrbitApp/Views/TaskStartCardView.swift (in target 'A1MacProbe' from project 'A1Probe')
    cd /Users/runner/work/orbit/orbit/.a1-probe
    

SwiftCompile normal arm64 /Users/runner/work/orbit/orbit/src/macos/OrbitApp/Sources/OrbitApp/TasksModel.swift (in target 'A1MacProbe' from project 'A1Probe')
    cd /Users/runner/work/orbit/orbit/.a1-probe
    

SwiftCompile normal arm64 /Users/runner/work/orbit/orbit/src/macos/OrbitApp/Sources/OrbitApp/Views/TasksView.swift (in target 'A1MacProbe' from project 'A1Probe')
    cd /Users/runner/work/orbit/orbit/.a1-probe
    

SwiftCompile normal arm64 /Users/runner/work/orbit/orbit/src/macos/OrbitApp/Sources/OrbitApp/Views/ToastHost.swift (in target 'A1MacProbe' from project 'A1Probe')
    cd /Users/runner/work/orbit/orbit/.a1-probe
    

SwiftDriverJobDiscovery normal arm64 Emitting module for A1MacProbe (in target 'A1MacProbe' from project 'A1Probe')

SwiftDriver\ Compilation\ Requirements A1MacProbe normal arm64 com.apple.xcode.tools.swift.compiler (in target 'A1MacProbe' from project 'A1Probe')
    cd /Users/runner/work/orbit/orbit/.a1-probe
    builtin-Swift-Compilation-Requirements -- /Applications/Xcode_26.6.app/Contents/Developer/Toolchains/XcodeDefault.xctoolchain/usr/bin/swiftc -module-name A1MacProbe -Onone @/Users/runner/work/orbit/orbit/.a1-probe/.dd-mac/Build/Intermediates.noindex/A1Probe.build/Debug/A1MacProbe.build/Objects-normal/arm64/A1MacProbe.SwiftFileList -DDEBUG -enable-bare-slash-regex -enable-experimental-feature DebugDescriptionMacro -sdk /Applications/Xcode_26.6.app/Contents/Developer/Platforms/MacOSX.platform/Developer/SDKs/MacOSX26.5.sdk -target arm64-apple-macos14.0 -g -module-cache-path /Users/runner/work/orbit/orbit/.a1-probe/.dd-mac/ModuleCache.noindex -Xfrontend -serialize-debugging-options -enable-testing -index-store-path /Users/runner/work/orbit/orbit/.a1-probe/.dd-mac/Index.noindex/DataStore -Xcc -D_LIBCPP_HARDENING_MODE\=_LIBCPP_HARDENING_MODE_DEBUG -swift-version 5 -I /Users/runner/work/orbit/orbit/.a1-probe/.dd-mac/Build/Products/Debug -F /Users/runner/work/orbit/orbit/.a1-probe/.dd-mac/Build/Products/Debug/PackageFrameworks -F /Users/runner/work/orbit/orbit/.a1-probe/.dd-mac/Build/Products/Debug/PackageFrameworks -F /Users/runner/work/orbit/orbit/.a1-probe/.dd-mac/Build/Products/Debug/PackageFrameworks -F /Users/runner/work/orbit/orbit/.a1-probe/.dd-mac/Build/Products/Debug/PackageFrameworks -F /Users/runner/work/orbit/orbit/.a1-probe/.dd-mac/Build/Products/Debug/PackageFrameworks -F /Users/runner/work/orbit/orbit/.a1-probe/.dd-mac/Build/Products/Debug -c -j3 -enable-batch-mode -incremental -Xcc -ivfsstatcache -Xcc /Users/runner/work/orbit/orbit/.a1-probe/.dd-mac/SDKStatCaches.noindex/macosx26.5-25F70-688ef53f1462e2c8f657fdc38a81448fee0e6409aa6676c5e6c013d148225433.sdkstatcache -output-file-map /Users/runner/work/orbit/orbit/.a1-probe/.dd-mac/Build/Intermediates.noindex/A1Probe.build/Debug/A1MacProbe.build/Objects-normal/arm64/A1MacProbe-OutputFileMap.json -use-frontend-parseable-output -save-temps -no-color-diagnostics -explicit-module-build -module-cache-path /Users/runner/work/orbit/orbit/.a1-probe/.dd-mac/Build/Intermediates.noindex/SwiftExplicitPrecompiledModules -clang-scanner-module-cache-path /Users/runner/work/orbit/orbit/.a1-probe/.dd-mac/ModuleCache.noindex -sdk-module-cache-path /Users/runner/work/orbit/orbit/.a1-probe/.dd-mac/ModuleCache.noindex -serialize-diagnostics -emit-dependencies -emit-module -emit-module-path /Users/runner/work/orbit/orbit/.a1-probe/.dd-mac/Build/Intermediates.noindex/A1Probe.build/Debug/A1MacProbe.build/Objects-normal/arm64/A1MacProbe.swiftmodule -validate-clang-modules-once -clang-build-session-file /Users/runner/work/orbit/orbit/.a1-probe/.dd-mac/ModuleCache.noindex/Session.modulevalidation -Xcc -I/Users/runner/work/orbit/orbit/.a1-probe/.dd-mac/Build/Intermediates.noindex/A1Probe.build/Debug/A1MacProbe.build/swift-overrides.hmap -emit-const-values -Xfrontend -const-gather-protocols-file -Xfrontend /Users/runner/work/orbit/orbit/.a1-probe/.dd-mac/Build/Intermediates.noindex/A1Probe.build/Debug/A1MacProbe.build/Objects-normal/arm64/A1MacProbe_const_extract_protocols.json -Xcc -iquote -Xcc /Users/runner/work/orbit/orbit/.a1-probe/.dd-mac/Build/Intermediates.noindex/A1Probe.build/Debug/A1MacProbe.build/A1MacProbe-generated-files.hmap -Xcc -I/Users/runner/work/orbit/orbit/.a1-probe/.dd-mac/Build/Intermediates.noindex/A1Probe.build/Debug/A1MacProbe.build/A1MacProbe-own-target-headers.hmap -Xcc -I/Users/runner/work/orbit/orbit/.a1-probe/.dd-mac/Build/Intermediates.noindex/A1Probe.build/Debug/A1MacProbe.build/A1MacProbe-all-non-framework-target-headers.hmap -Xcc -ivfsoverlay -Xcc /Users/runner/work/orbit/orbit/.a1-probe/.dd-mac/Build/Intermediates.noindex/A1Probe.build/Debug/A1Probe-28d184ade4e2bbd2bd06734e27fd34bd-VFS/all-product-headers.yaml -Xcc -iquote -Xcc /Users/runner/work/orbit/orbit/.a1-probe/.dd-mac/Build/Intermediates.noindex/A1Probe.build/Debug/A1MacProbe.build/A1MacProbe-project-headers.hmap -Xcc -I/Users/runner/work/orbit/orbit/.a1-probe/.dd-mac/SourcePackages/checkouts/swift-cmark/src/include -Xcc -I/Users/runner/work/orbit/orbit/.a1-probe/.dd-mac/SourcePackages/checkouts/swift-cmark/extensions/include -Xcc -I/Users/runner/work/orbit/orbit/.a1-probe/.dd-mac/SourcePackages/checkouts/swift-markdown/Sources/CAtomic/include -Xcc -I/Users/runner/work/orbit/orbit/.a1-probe/.dd-mac/Build/Products/Debug/include -Xcc -I/Users/runner/work/orbit/orbit/.a1-probe/.dd-mac/Build/Intermediates.noindex/A1Probe.build/Debug/A1MacProbe.build/DerivedSources-normal/arm64 -Xcc -I/Users/runner/work/orbit/orbit/.a1-probe/.dd-mac/Build/Intermediates.noindex/A1Probe.build/Debug/A1MacProbe.build/DerivedSources/arm64 -Xcc -I/Users/runner/work/orbit/orbit/.a1-probe/.dd-mac/Build/Intermediates.noindex/A1Probe.build/Debug/A1MacProbe.build/DerivedSources -Xcc -DDEBUG\=1 -emit-objc-header -emit-objc-header-path /Users/runner/work/orbit/orbit/.a1-probe/.dd-mac/Build/Intermediates.noindex/A1Probe.build/Debug/A1MacProbe.build/Objects-normal/arm64/A1MacProbe-Swift.h -working-directory /Users/runner/work/orbit/orbit/.a1-probe -experimental-emit-module-separately -disable-cmo

SwiftDriverJobDiscovery normal arm64 Compiling Platform.swift, ProbeArgs.swift, ProjectDoneCards.swift, ProjectGraphView.swift, ProjectLandingRow.swift, ProjectMergeModel.swift, ProjectStartedCardView.swift, ProjectsModel.swift, ProjectsView.swift, ProviderPoolViews.swift, RowSwipeActions.swift, RunnerControl.swift, RunnerControlPane.swift, RunnerEnginePage.swift, RunnerNamePage.swift, RunnerPageParts.swift, RunnerSignInModel.swift, RunnerSignInView.swift, RunnersModel.swift, SelectableText.swift, SessionCoordinatorBadge.swift, SessionFolderPage.swift, SessionListSearch.swift (in target 'A1MacProbe' from project 'A1Probe')

SwiftCompile normal arm64 Compiling\ ConsoleModel.swift,\ ConsoleRegistry.swift,\ ConsoleView.swift,\ CreatedTasksCard.swift,\ CreatedTasksModel.swift,\ CreatedTasksPage.swift,\ FileHandoff.swift,\ FollowingView.swift,\ HotKeyManager.swift,\ ImageViewer.swift,\ LinkDetection.swift,\ LoginView.swift,\ MainView.swift,\ MarkdownView.swift,\ MenuBarContent.swift,\ MergeRecoverySheet.swift,\ MessageBubbles.swift,\ MonospaceOutputViewer.swift,\ NeedsYouBannerView.swift,\ NotificationManager.swift,\ OpenItemDeliveryCardView.swift,\ OrbitLinkCardView.swift,\ OrbitLinkCards.swift /Users/runner/work/orbit/orbit/src/macos/OrbitApp/Sources/OrbitApp/ConsoleModel.swift /Users/runner/work/orbit/orbit/src/macos/OrbitApp/Sources/OrbitApp/ConsoleRegistry.swift /Users/runner/work/orbit/orbit/src/macos/OrbitApp/Sources/OrbitApp/Views/Console/ConsoleView.swift /Users/runner/work/orbit/orbit/src/macos/OrbitApp/Sources/OrbitApp/Views/CreatedTasksCard.swift /Users/runner/work/orbit/orbit/src/macos/OrbitApp/Sources/OrbitApp/CreatedTasksModel.swift /Users/runner/work/orbit/orbit/src/macos/OrbitApp/Sources/OrbitApp/Views/CreatedTasksPage.swift /Users/runner/work/orbit/orbit/src/macos/OrbitApp/Sources/OrbitApp/Views/FileHandoff.swift /Users/runner/work/orbit/orbit/src/macos/OrbitApp/Sources/OrbitApp/Views/FollowingView.swift /Users/runner/work/orbit/orbit/src/macos/OrbitApp/Sources/OrbitApp/HotKeyManager.swift /Users/runner/work/orbit/orbit/src/macos/OrbitApp/Sources/OrbitApp/Views/Console/ImageViewer.swift /Users/runner/work/orbit/orbit/src/macos/OrbitApp/Sources/OrbitApp/Views/Console/LinkDetection.swift /Users/runner/work/orbit/orbit/src/macos/OrbitApp/Sources/OrbitApp/Views/LoginView.swift /Users/runner/work/orbit/orbit/src/macos/OrbitApp/Sources/OrbitApp/Views/MainView.swift /Users/runner/work/orbit/orbit/src/macos/OrbitApp/Sources/OrbitApp/Views/MarkdownView.swift /Users/runner/work/orbit/orbit/src/macos/OrbitApp/Sources/OrbitApp/Views/MenuBarContent.swift /Users/runner/work/orbit/orbit/src/macos/OrbitApp/Sources/OrbitApp/Views/MergeRecoverySheet.swift /Users/runner/work/orbit/orbit/src/macos/OrbitApp/Sources/OrbitApp/Views/Console/MessageBubbles.swift /Users/runner/work/orbit/orbit/src/macos/OrbitApp/Sources/OrbitApp/Views/Console/MonospaceOutputViewer.swift /Users/runner/work/orbit/orbit/src/macos/OrbitApp/Sources/OrbitApp/Views/NeedsYouBannerView.swift /Users/runner/work/orbit/orbit/src/macos/OrbitApp/Sources/OrbitApp/NotificationManager.swift /Users/runner/work/orbit/orbit/src/macos/OrbitApp/Sources/OrbitApp/Views/OpenItemDeliveryCardView.swift /Users/runner/work/orbit/orbit/src/macos/OrbitApp/Sources/OrbitApp/Views/OrbitLinkCardView.swift /Users/runner/work/orbit/orbit/src/macos/OrbitApp/Sources/OrbitApp/OrbitLinkCards.swift (in target 'A1MacProbe' from project 'A1Probe')
SwiftCompile normal arm64 /Users/runner/work/orbit/orbit/src/macos/OrbitApp/Sources/OrbitApp/ConsoleModel.swift (in target 'A1MacProbe' from project 'A1Probe')
    cd /Users/runner/work/orbit/orbit/.a1-probe
    

SwiftCompile normal arm64 /Users/runner/work/orbit/orbit/src/macos/OrbitApp/Sources/OrbitApp/ConsoleRegistry.swift (in target 'A1MacProbe' from project 'A1Probe')
    cd /Users/runner/work/orbit/orbit/.a1-probe
    

SwiftCompile normal arm64 /Users/runner/work/orbit/orbit/src/macos/OrbitApp/Sources/OrbitApp/Views/Console/ConsoleView.swift (in target 'A1MacProbe' from project 'A1Probe')
    cd /Users/runner/work/orbit/orbit/.a1-probe
    

SwiftCompile normal arm64 /Users/runner/work/orbit/orbit/src/macos/OrbitApp/Sources/OrbitApp/Views/CreatedTasksCard.swift (in target 'A1MacProbe' from project 'A1Probe')
    cd /Users/runner/work/orbit/orbit/.a1-probe
    

SwiftCompile normal arm64 /Users/runner/work/orbit/orbit/src/macos/OrbitApp/Sources/OrbitApp/CreatedTasksModel.swift (in target 'A1MacProbe' from project 'A1Probe')
    cd /Users/runner/work/orbit/orbit/.a1-probe
    

SwiftCompile normal arm64 /Users/runner/work/orbit/orbit/src/macos/OrbitApp/Sources/OrbitApp/Views/CreatedTasksPage.swift (in target 'A1MacProbe' from project 'A1Probe')
    cd /Users/runner/work/orbit/orbit/.a1-probe
    

SwiftCompile normal arm64 /Users/runner/work/orbit/orbit/src/macos/OrbitApp/Sources/OrbitApp/Views/FileHandoff.swift (in target 'A1MacProbe' from project 'A1Probe')
    cd /Users/runner/work/orbit/orbit/.a1-probe
    

SwiftCompile normal arm64 /Users/runner/work/orbit/orbit/src/macos/OrbitApp/Sources/OrbitApp/Views/FollowingView.swift (in target 'A1MacProbe' from project 'A1Probe')
    cd /Users/runner/work/orbit/orbit/.a1-probe
    

SwiftCompile normal arm64 /Users/runner/work/orbit/orbit/src/macos/OrbitApp/Sources/OrbitApp/HotKeyManager.swift (in target 'A1MacProbe' from project 'A1Probe')
    cd /Users/runner/work/orbit/orbit/.a1-probe
    

SwiftCompile normal arm64 /Users/runner/work/orbit/orbit/src/macos/OrbitApp/Sources/OrbitApp/Views/Console/ImageViewer.swift (in target 'A1MacProbe' from project 'A1Probe')
    cd /Users/runner/work/orbit/orbit/.a1-probe
    

SwiftCompile normal arm64 /Users/runner/work/orbit/orbit/src/macos/OrbitApp/Sources/OrbitApp/Views/Console/LinkDetection.swift (in target 'A1MacProbe' from project 'A1Probe')
    cd /Users/runner/work/orbit/orbit/.a1-probe
    

SwiftCompile normal arm64 /Users/runner/work/orbit/orbit/src/macos/OrbitApp/Sources/OrbitApp/Views/LoginView.swift (in target 'A1MacProbe' from project 'A1Probe')
    cd /Users/runner/work/orbit/orbit/.a1-probe
    

SwiftCompile normal arm64 /Users/runner/work/orbit/orbit/src/macos/OrbitApp/Sources/OrbitApp/Views/MainView.swift (in target 'A1MacProbe' from project 'A1Probe')
    cd /Users/runner/work/orbit/orbit/.a1-probe
    

SwiftCompile normal arm64 /Users/runner/work/orbit/orbit/src/macos/OrbitApp/Sources/OrbitApp/Views/MarkdownView.swift (in target 'A1MacProbe' from project 'A1Probe')
    cd /Users/runner/work/orbit/orbit/.a1-probe
    

SwiftCompile normal arm64 /Users/runner/work/orbit/orbit/src/macos/OrbitApp/Sources/OrbitApp/Views/MenuBarContent.swift (in target 'A1MacProbe' from project 'A1Probe')
    cd /Users/runner/work/orbit/orbit/.a1-probe
    

SwiftCompile normal arm64 /Users/runner/work/orbit/orbit/src/macos/OrbitApp/Sources/OrbitApp/Views/MergeRecoverySheet.swift (in target 'A1MacProbe' from project 'A1Probe')
    cd /Users/runner/work/orbit/orbit/.a1-probe
    

SwiftCompile normal arm64 /Users/runner/work/orbit/orbit/src/macos/OrbitApp/Sources/OrbitApp/Views/Console/MessageBubbles.swift (in target 'A1MacProbe' from project 'A1Probe')
    cd /Users/runner/work/orbit/orbit/.a1-probe
    

SwiftCompile normal arm64 /Users/runner/work/orbit/orbit/src/macos/OrbitApp/Sources/OrbitApp/Views/Console/MonospaceOutputViewer.swift (in target 'A1MacProbe' from project 'A1Probe')
    cd /Users/runner/work/orbit/orbit/.a1-probe
    

SwiftCompile normal arm64 /Users/runner/work/orbit/orbit/src/macos/OrbitApp/Sources/OrbitApp/Views/NeedsYouBannerView.swift (in target 'A1MacProbe' from project 'A1Probe')
    cd /Users/runner/work/orbit/orbit/.a1-probe
    

SwiftCompile normal arm64 /Users/runner/work/orbit/orbit/src/macos/OrbitApp/Sources/OrbitApp/NotificationManager.swift (in target 'A1MacProbe' from project 'A1Probe')
    cd /Users/runner/work/orbit/orbit/.a1-probe
    

SwiftCompile normal arm64 /Users/runner/work/orbit/orbit/src/macos/OrbitApp/Sources/OrbitApp/Views/OpenItemDeliveryCardView.swift (in target 'A1MacProbe' from project 'A1Probe')
    cd /Users/runner/work/orbit/orbit/.a1-probe
    

SwiftCompile normal arm64 /Users/runner/work/orbit/orbit/src/macos/OrbitApp/Sources/OrbitApp/Views/OrbitLinkCardView.swift (in target 'A1MacProbe' from project 'A1Probe')
    cd /Users/runner/work/orbit/orbit/.a1-probe
    

SwiftCompile normal arm64 /Users/runner/work/orbit/orbit/src/macos/OrbitApp/Sources/OrbitApp/OrbitLinkCards.swift (in target 'A1MacProbe' from project 'A1Probe')
    cd /Users/runner/work/orbit/orbit/.a1-probe
    

SwiftMergeGeneratedHeaders /Users/runner/work/orbit/orbit/.a1-probe/.dd-mac/Build/Intermediates.noindex/A1Probe.build/Debug/A1MacProbe.build/DerivedSources/A1MacProbe-Swift.h /Users/runner/work/orbit/orbit/.a1-probe/.dd-mac/Build/Intermediates.noindex/A1Probe.build/Debug/A1MacProbe.build/Objects-normal/arm64/A1MacProbe-Swift.h (in target 'A1MacProbe' from project 'A1Probe')
    cd /Users/runner/work/orbit/orbit/.a1-probe
    builtin-swiftHeaderTool -arch arm64 /Users/runner/work/orbit/orbit/.a1-probe/.dd-mac/Build/Intermediates.noindex/A1Probe.build/Debug/A1MacProbe.build/Objects-normal/arm64/A1MacProbe-Swift.h -o /Users/runner/work/orbit/orbit/.a1-probe/.dd-mac/Build/Intermediates.noindex/A1Probe.build/Debug/A1MacProbe.build/DerivedSources/A1MacProbe-Swift.h

SwiftDriverJobDiscovery normal arm64 Compiling SessionMessageCardView.swift, SessionMoveSheet.swift, SessionMoveTargetPage.swift, SessionProjectListSupport.swift, SessionProjectPage.swift, SessionRenameAlert.swift, SessionReplyCardView.swift, SessionRowActions.swift, SessionSearchView.swift, SessionTagViews.swift, SettingsAdminView.swift, SettingsSheet.swift, ShareSheet.swift, SharedLinksModel.swift, SharedPoolsModel.swift, SkillsRunnersView.swift, TaskDetailParts.swift, TaskListParts.swift, TaskRunHandoffCard.swift, TaskStartCardView.swift, TasksModel.swift, TasksView.swift, ToastHost.swift (in target 'A1MacProbe' from project 'A1Probe')

Copy /Users/runner/work/orbit/orbit/.a1-probe/.dd-mac/Build/Products/Debug/A1MacProbe.swiftmodule/arm64-apple-macos.swiftmodule /Users/runner/work/orbit/orbit/.a1-probe/.dd-mac/Build/Intermediates.noindex/A1Probe.build/Debug/A1MacProbe.build/Objects-normal/arm64/A1MacProbe.swiftmodule (in target 'A1MacProbe' from project 'A1Probe')
    cd /Users/runner/work/orbit/orbit/.a1-probe
    builtin-copy -exclude .DS_Store -exclude CVS -exclude .svn -exclude .git -exclude .hg -resolve-src-symlinks -rename /Users/runner/work/orbit/orbit/.a1-probe/.dd-mac/Build/Intermediates.noindex/A1Probe.build/Debug/A1MacProbe.build/Objects-normal/arm64/A1MacProbe.swiftmodule /Users/runner/work/orbit/orbit/.a1-probe/.dd-mac/Build/Products/Debug/A1MacProbe.swiftmodule/arm64-apple-macos.swiftmodule

Copy /Users/runner/work/orbit/orbit/.a1-probe/.dd-mac/Build/Products/Debug/A1MacProbe.swiftmodule/arm64-apple-macos.swiftdoc /Users/runner/work/orbit/orbit/.a1-probe/.dd-mac/Build/Intermediates.noindex/A1Probe.build/Debug/A1MacProbe.build/Objects-normal/arm64/A1MacProbe.swiftdoc (in target 'A1MacProbe' from project 'A1Probe')
    cd /Users/runner/work/orbit/orbit/.a1-probe
    builtin-copy -exclude .DS_Store -exclude CVS -exclude .svn -exclude .git -exclude .hg -resolve-src-symlinks -rename /Users/runner/work/orbit/orbit/.a1-probe/.dd-mac/Build/Intermediates.noindex/A1Probe.build/Debug/A1MacProbe.build/Objects-normal/arm64/A1MacProbe.swiftdoc /Users/runner/work/orbit/orbit/.a1-probe/.dd-mac/Build/Products/Debug/A1MacProbe.swiftmodule/arm64-apple-macos.swiftdoc

Copy /Users/runner/work/orbit/orbit/.a1-probe/.dd-mac/Build/Products/Debug/A1MacProbe.swiftmodule/arm64-apple-macos.abi.json /Users/runner/work/orbit/orbit/.a1-probe/.dd-mac/Build/Intermediates.noindex/A1Probe.build/Debug/A1MacProbe.build/Objects-normal/arm64/A1MacProbe.abi.json (in target 'A1MacProbe' from project 'A1Probe')
    cd /Users/runner/work/orbit/orbit/.a1-probe
    builtin-copy -exclude .DS_Store -exclude CVS -exclude .svn -exclude .git -exclude .hg -resolve-src-symlinks -rename /Users/runner/work/orbit/orbit/.a1-probe/.dd-mac/Build/Intermediates.noindex/A1Probe.build/Debug/A1MacProbe.build/Objects-normal/arm64/A1MacProbe.abi.json /Users/runner/work/orbit/orbit/.a1-probe/.dd-mac/Build/Products/Debug/A1MacProbe.swiftmodule/arm64-apple-macos.abi.json

Copy /Users/runner/work/orbit/orbit/.a1-probe/.dd-mac/Build/Products/Debug/A1MacProbe.swiftmodule/Project/arm64-apple-macos.swiftsourceinfo /Users/runner/work/orbit/orbit/.a1-probe/.dd-mac/Build/Intermediates.noindex/A1Probe.build/Debug/A1MacProbe.build/Objects-normal/arm64/A1MacProbe.swiftsourceinfo (in target 'A1MacProbe' from project 'A1Probe')
    cd /Users/runner/work/orbit/orbit/.a1-probe
    builtin-copy -exclude .DS_Store -exclude CVS -exclude .svn -exclude .git -exclude .hg -resolve-src-symlinks -rename /Users/runner/work/orbit/orbit/.a1-probe/.dd-mac/Build/Intermediates.noindex/A1Probe.build/Debug/A1MacProbe.build/Objects-normal/arm64/A1MacProbe.swiftsourceinfo /Users/runner/work/orbit/orbit/.a1-probe/.dd-mac/Build/Products/Debug/A1MacProbe.swiftmodule/Project/arm64-apple-macos.swiftsourceinfo

SwiftCompile normal arm64 Compiling\ A1MacProbe.swift,\ AccessTokenRow.swift,\ AccessTokensModel.swift,\ AccountPauseControls.swift,\ AddRunnerSheet.swift,\ AdminModel.swift,\ AgentIdentity.swift,\ AgentsModel.swift,\ AgentsView.swift,\ AppModel.swift,\ ApprovalCards.swift,\ ApprovalReview.swift,\ AttachedNoteView.swift,\ AttachmentImageStore.swift,\ AttachmentViews.swift,\ AutoRetryCard.swift,\ BackgroundTaskViews.swift,\ BackgroundWakeCardView.swift,\ BrandMarks.swift,\ CodexResetCreditView.swift,\ CompactShell.swift,\ ComposerView.swift,\ ConfirmationReviewTurnCardViews.swift,\ ConfirmationStyle.swift /Users/runner/work/orbit/orbit/.a1-probe/mac/A1MacProbe.swift /Users/runner/work/orbit/orbit/src/macos/OrbitApp/Sources/OrbitApp/Views/AccessTokenRow.swift /Users/runner/work/orbit/orbit/src/macos/OrbitApp/Sources/OrbitApp/AccessTokensModel.swift /Users/runner/work/orbit/orbit/src/macos/OrbitApp/Sources/OrbitApp/Views/AccountPauseControls.swift /Users/runner/work/orbit/orbit/src/macos/OrbitApp/Sources/OrbitApp/Views/AddRunnerSheet.swift /Users/runner/work/orbit/orbit/src/macos/OrbitApp/Sources/OrbitApp/AdminModel.swift /Users/runner/work/orbit/orbit/src/macos/OrbitApp/Sources/OrbitApp/Views/AgentIdentity.swift /Users/runner/work/orbit/orbit/src/macos/OrbitApp/Sources/OrbitApp/AgentsModel.swift /Users/runner/work/orbit/orbit/src/macos/OrbitApp/Sources/OrbitApp/Views/AgentsView.swift /Users/runner/work/orbit/orbit/src/macos/OrbitApp/Sources/OrbitApp/AppModel.swift /Users/runner/work/orbit/orbit/src/macos/OrbitApp/Sources/OrbitApp/Views/ApprovalCards.swift /Users/runner/work/orbit/orbit/src/macos/OrbitApp/Sources/OrbitApp/Views/ApprovalReview.swift /Users/runner/work/orbit/orbit/src/macos/OrbitApp/Sources/OrbitApp/Views/Console/AttachedNoteView.swift /Users/runner/work/orbit/orbit/src/macos/OrbitApp/Sources/OrbitApp/AttachmentImageStore.swift /Users/runner/work/orbit/orbit/src/macos/OrbitApp/Sources/OrbitApp/Views/Console/AttachmentViews.swift /Users/runner/work/orbit/orbit/src/macos/OrbitApp/Sources/OrbitApp/Views/Console/AutoRetryCard.swift /Users/runner/work/orbit/orbit/src/macos/OrbitApp/Sources/OrbitApp/Views/Console/BackgroundTaskViews.swift /Users/runner/work/orbit/orbit/src/macos/OrbitApp/Sources/OrbitApp/Views/BackgroundWakeCardView.swift /Users/runner/work/orbit/orbit/src/macos/OrbitApp/Sources/OrbitApp/Views/BrandMarks.swift /Users/runner/work/orbit/orbit/src/macos/OrbitApp/Sources/OrbitApp/Views/CodexResetCreditView.swift /Users/runner/work/orbit/orbit/src/macos/OrbitApp/Sources/OrbitApp/Views/CompactShell.swift /Users/runner/work/orbit/orbit/src/macos/OrbitApp/Sources/OrbitApp/Views/ComposerView.swift /Users/runner/work/orbit/orbit/src/macos/OrbitApp/Sources/OrbitApp/Views/ConfirmationReviewTurnCardViews.swift /Users/runner/work/orbit/orbit/src/macos/OrbitApp/Sources/OrbitApp/Views/ConfirmationStyle.swift (in target 'A1MacProbe' from project 'A1Probe')
SwiftCompile normal arm64 /Users/runner/work/orbit/orbit/.a1-probe/mac/A1MacProbe.swift (in target 'A1MacProbe' from project 'A1Probe')
    cd /Users/runner/work/orbit/orbit/.a1-probe
    

SwiftCompile normal arm64 /Users/runner/work/orbit/orbit/src/macos/OrbitApp/Sources/OrbitApp/Views/AccessTokenRow.swift (in target 'A1MacProbe' from project 'A1Probe')
    cd /Users/runner/work/orbit/orbit/.a1-probe
    

SwiftCompile normal arm64 /Users/runner/work/orbit/orbit/src/macos/OrbitApp/Sources/OrbitApp/AccessTokensModel.swift (in target 'A1MacProbe' from project 'A1Probe')
    cd /Users/runner/work/orbit/orbit/.a1-probe
    

SwiftCompile normal arm64 /Users/runner/work/orbit/orbit/src/macos/OrbitApp/Sources/OrbitApp/Views/AccountPauseControls.swift (in target 'A1MacProbe' from project 'A1Probe')
    cd /Users/runner/work/orbit/orbit/.a1-probe
    

SwiftCompile normal arm64 /Users/runner/work/orbit/orbit/src/macos/OrbitApp/Sources/OrbitApp/Views/AddRunnerSheet.swift (in target 'A1MacProbe' from project 'A1Probe')
    cd /Users/runner/work/orbit/orbit/.a1-probe
    

SwiftCompile normal arm64 /Users/runner/work/orbit/orbit/src/macos/OrbitApp/Sources/OrbitApp/AdminModel.swift (in target 'A1MacProbe' from project 'A1Probe')
    cd /Users/runner/work/orbit/orbit/.a1-probe
    

SwiftCompile normal arm64 /Users/runner/work/orbit/orbit/src/macos/OrbitApp/Sources/OrbitApp/Views/AgentIdentity.swift (in target 'A1MacProbe' from project 'A1Probe')
    cd /Users/runner/work/orbit/orbit/.a1-probe
    

SwiftCompile normal arm64 /Users/runner/work/orbit/orbit/src/macos/OrbitApp/Sources/OrbitApp/AgentsModel.swift (in target 'A1MacProbe' from project 'A1Probe')
    cd /Users/runner/work/orbit/orbit/.a1-probe
    

SwiftCompile normal arm64 /Users/runner/work/orbit/orbit/src/macos/OrbitApp/Sources/OrbitApp/Views/AgentsView.swift (in target 'A1MacProbe' from project 'A1Probe')
    cd /Users/runner/work/orbit/orbit/.a1-probe
    

SwiftCompile normal arm64 /Users/runner/work/orbit/orbit/src/macos/OrbitApp/Sources/OrbitApp/AppModel.swift (in target 'A1MacProbe' from project 'A1Probe')
    cd /Users/runner/work/orbit/orbit/.a1-probe
    

SwiftCompile normal arm64 /Users/runner/work/orbit/orbit/src/macos/OrbitApp/Sources/OrbitApp/Views/ApprovalCards.swift (in target 'A1MacProbe' from project 'A1Probe')
    cd /Users/runner/work/orbit/orbit/.a1-probe
    

SwiftCompile normal arm64 /Users/runner/work/orbit/orbit/src/macos/OrbitApp/Sources/OrbitApp/Views/ApprovalReview.swift (in target 'A1MacProbe' from project 'A1Probe')
    cd /Users/runner/work/orbit/orbit/.a1-probe
    

SwiftCompile normal arm64 /Users/runner/work/orbit/orbit/src/macos/OrbitApp/Sources/OrbitApp/Views/Console/AttachedNoteView.swift (in target 'A1MacProbe' from project 'A1Probe')
    cd /Users/runner/work/orbit/orbit/.a1-probe
    

SwiftCompile normal arm64 /Users/runner/work/orbit/orbit/src/macos/OrbitApp/Sources/OrbitApp/AttachmentImageStore.swift (in target 'A1MacProbe' from project 'A1Probe')
    cd /Users/runner/work/orbit/orbit/.a1-probe
    

SwiftCompile normal arm64 /Users/runner/work/orbit/orbit/src/macos/OrbitApp/Sources/OrbitApp/Views/Console/AttachmentViews.swift (in target 'A1MacProbe' from project 'A1Probe')
    cd /Users/runner/work/orbit/orbit/.a1-probe
    

SwiftCompile normal arm64 /Users/runner/work/orbit/orbit/src/macos/OrbitApp/Sources/OrbitApp/Views/Console/AutoRetryCard.swift (in target 'A1MacProbe' from project 'A1Probe')
    cd /Users/runner/work/orbit/orbit/.a1-probe
    

SwiftCompile normal arm64 /Users/runner/work/orbit/orbit/src/macos/OrbitApp/Sources/OrbitApp/Views/Console/BackgroundTaskViews.swift (in target 'A1MacProbe' from project 'A1Probe')
    cd /Users/runner/work/orbit/orbit/.a1-probe
    

SwiftCompile normal arm64 /Users/runner/work/orbit/orbit/src/macos/OrbitApp/Sources/OrbitApp/Views/BackgroundWakeCardView.swift (in target 'A1MacProbe' from project 'A1Probe')
    cd /Users/runner/work/orbit/orbit/.a1-probe
    

SwiftCompile normal arm64 /Users/runner/work/orbit/orbit/src/macos/OrbitApp/Sources/OrbitApp/Views/BrandMarks.swift (in target 'A1MacProbe' from project 'A1Probe')
    cd /Users/runner/work/orbit/orbit/.a1-probe
    

SwiftCompile normal arm64 /Users/runner/work/orbit/orbit/src/macos/OrbitApp/Sources/OrbitApp/Views/CodexResetCreditView.swift (in target 'A1MacProbe' from project 'A1Probe')
    cd /Users/runner/work/orbit/orbit/.a1-probe
    

SwiftCompile normal arm64 /Users/runner/work/orbit/orbit/src/macos/OrbitApp/Sources/OrbitApp/Views/CompactShell.swift (in target 'A1MacProbe' from project 'A1Probe')
    cd /Users/runner/work/orbit/orbit/.a1-probe
    

SwiftCompile normal arm64 /Users/runner/work/orbit/orbit/src/macos/OrbitApp/Sources/OrbitApp/Views/ComposerView.swift (in target 'A1MacProbe' from project 'A1Probe')
    cd /Users/runner/work/orbit/orbit/.a1-probe
    

SwiftCompile normal arm64 /Users/runner/work/orbit/orbit/src/macos/OrbitApp/Sources/OrbitApp/Views/ConfirmationReviewTurnCardViews.swift (in target 'A1MacProbe' from project 'A1Probe')
    cd /Users/runner/work/orbit/orbit/.a1-probe
    

SwiftCompile normal arm64 /Users/runner/work/orbit/orbit/src/macos/OrbitApp/Sources/OrbitApp/Views/ConfirmationStyle.swift (in target 'A1MacProbe' from project 'A1Probe')
    cd /Users/runner/work/orbit/orbit/.a1-probe
    

SwiftDriverJobDiscovery normal arm64 Compiling ToolCards.swift, TopInsetClearOfRefresh.swift, Typography.swift, UpdaterModel.swift, UserTurnRow.swift, WatchViews.swift, WatchWakeCardView.swift, WatchesModel.swift, WatchingCard.swift, WikiActivityView.swift, WikiArticleView.swift, WikiDocScreens.swift, WikiDocView.swift, WikiModel.swift, WikiPlanView.swift, WikiRunView.swift, WikiScreens.swift, WikiSettingsView.swift, WikiView.swift, WorktreeBar.swift, WorktreeFilePreview.swift, WorktreeModel.swift, GeneratedAssetSymbols.swift (in target 'A1MacProbe' from project 'A1Probe')

ProcessProductPackaging "" /Users/runner/work/orbit/orbit/.a1-probe/.dd-mac/Build/Intermediates.noindex/A1Probe.build/Debug/A1MacProbeUITests.build/A1MacProbeUITests.xctest.xcent (in target 'A1MacProbeUITests' from project 'A1Probe')
    cd /Users/runner/work/orbit/orbit/.a1-probe
    
    Entitlements:
    
    {
    "com.apple.application-identifier" = "io.orbitd.a1macprobe.uitests.xctrunner";
    "com.apple.security.app-sandbox" = 1;
    "com.apple.security.get-task-allow" = 1;
    "com.apple.security.network.client" = 1;
    "com.apple.security.temporary-exception.files.absolute-path.read-only" =     (
        "/"
    );
    "com.apple.security.temporary-exception.mach-lookup.global-name" =     (
        "com.apple.testmanagerd",
        "com.apple.dt.testmanagerd.runner",
        "com.apple.coresymbolicationd",
        "com.apple.coredevice.version",
        "com.apple.coredevice.service",
        "com.apple.remoted"
    );
    "com.apple.security.temporary-exception.mach-lookup.local-name" =     (
        "com.apple.axserver"
    );
    "com.apple.security.temporary-exception.sbpl" =     (
        "(allow hid-control)",
        "(allow signal)"
    );
}
    
    builtin-productPackagingUtility -entitlements -format xml -o /Users/runner/work/orbit/orbit/.a1-probe/.dd-mac/Build/Intermediates.noindex/A1Probe.build/Debug/A1MacProbeUITests.build/A1MacProbeUITests.xctest.xcent

ProcessProductPackagingDER /Users/runner/work/orbit/orbit/.a1-probe/.dd-mac/Build/Intermediates.noindex/A1Probe.build/Debug/A1MacProbeUITests.build/A1MacProbeUITests.xctest.xcent /Users/runner/work/orbit/orbit/.a1-probe/.dd-mac/Build/Intermediates.noindex/A1Probe.build/Debug/A1MacProbeUITests.build/A1MacProbeUITests.xctest.xcent.der (in target 'A1MacProbeUITests' from project 'A1Probe')
    cd /Users/runner/work/orbit/orbit/.a1-probe
    /usr/bin/derq query -f xml -i /Users/runner/work/orbit/orbit/.a1-probe/.dd-mac/Build/Intermediates.noindex/A1Probe.build/Debug/A1MacProbeUITests.build/A1MacProbeUITests.xctest.xcent -o /Users/runner/work/orbit/orbit/.a1-probe/.dd-mac/Build/Intermediates.noindex/A1Probe.build/Debug/A1MacProbeUITests.build/A1MacProbeUITests.xctest.xcent.der --raw

SwiftDriver A1MacProbeUITests normal arm64 com.apple.xcode.tools.swift.compiler (in target 'A1MacProbeUITests' from project 'A1Probe')
    cd /Users/runner/work/orbit/orbit/.a1-probe
    builtin-SwiftDriver -- /Applications/Xcode_26.6.app/Contents/Developer/Toolchains/XcodeDefault.xctoolchain/usr/bin/swiftc -module-name A1MacProbeUITests -Onone @/Users/runner/work/orbit/orbit/.a1-probe/.dd-mac/Build/Intermediates.noindex/A1Probe.build/Debug/A1MacProbeUITests.build/Objects-normal/arm64/A1MacProbeUITests.SwiftFileList -DDEBUG -module-alias Testing\=_Testing_Unavailable -plugin-path /Applications/Xcode_26.6.app/Contents/Developer/Toolchains/XcodeDefault.xctoolchain/usr/lib/swift/host/plugins/testing -enable-bare-slash-regex -enable-experimental-feature DebugDescriptionMacro -sdk /Applications/Xcode_26.6.app/Contents/Developer/Platforms/MacOSX.platform/Developer/SDKs/MacOSX26.5.sdk -target arm64-apple-macos14.0 -g -module-cache-path /Users/runner/work/orbit/orbit/.a1-probe/.dd-mac/ModuleCache.noindex -Xfrontend -serialize-debugging-options -enable-testing -index-store-path /Users/runner/work/orbit/orbit/.a1-probe/.dd-mac/Index.noindex/DataStore -Xcc -D_LIBCPP_HARDENING_MODE\=_LIBCPP_HARDENING_MODE_DEBUG -swift-version 5 -I /Users/runner/work/orbit/orbit/.a1-probe/.dd-mac/Build/Products/Debug -Isystem /Applications/Xcode_26.6.app/Contents/Developer/Platforms/MacOSX.platform/Developer/usr/lib -F /Users/runner/work/orbit/orbit/.a1-probe/.dd-mac/Build/Products/Debug -F /Applications/Xcode_26.6.app/Contents/Developer/Platforms/MacOSX.platform/Developer/Library/Frameworks -c -j3 -enable-batch-mode -incremental -Xcc -ivfsstatcache -Xcc /Users/runner/work/orbit/orbit/.a1-probe/.dd-mac/SDKStatCaches.noindex/macosx26.5-25F70-688ef53f1462e2c8f657fdc38a81448fee0e6409aa6676c5e6c013d148225433.sdkstatcache -output-file-map /Users/runner/work/orbit/orbit/.a1-probe/.dd-mac/Build/Intermediates.noindex/A1Probe.build/Debug/A1MacProbeUITests.build/Objects-normal/arm64/A1MacProbeUITests-OutputFileMap.json -use-frontend-parseable-output -save-temps -no-color-diagnostics -explicit-module-build -module-cache-path /Users/runner/work/orbit/orbit/.a1-probe/.dd-mac/Build/Intermediates.noindex/SwiftExplicitPrecompiledModules -clang-scanner-module-cache-path /Users/runner/work/orbit/orbit/.a1-probe/.dd-mac/ModuleCache.noindex -sdk-module-cache-path /Users/runner/work/orbit/orbit/.a1-probe/.dd-mac/ModuleCache.noindex -serialize-diagnostics -emit-dependencies -emit-module -emit-module-path /Users/runner/work/orbit/orbit/.a1-probe/.dd-mac/Build/Intermediates.noindex/A1Probe.build/Debug/A1MacProbeUITests.build/Objects-normal/arm64/A1MacProbeUITests.swiftmodule -validate-clang-modules-once -clang-build-session-file /Users/runner/work/orbit/orbit/.a1-probe/.dd-mac/ModuleCache.noindex/Session.modulevalidation -Xcc -I/Users/runner/work/orbit/orbit/.a1-probe/.dd-mac/Build/Intermediates.noindex/A1Probe.build/Debug/A1MacProbeUITests.build/swift-overrides.hmap -emit-const-values -Xfrontend -const-gather-protocols-file -Xfrontend /Users/runner/work/orbit/orbit/.a1-probe/.dd-mac/Build/Intermediates.noindex/A1Probe.build/Debug/A1MacProbeUITests.build/Objects-normal/arm64/A1MacProbeUITests_const_extract_protocols.json -Xcc -iquote -Xcc /Users/runner/work/orbit/orbit/.a1-probe/.dd-mac/Build/Intermediates.noindex/A1Probe.build/Debug/A1MacProbeUITests.build/A1MacProbeUITests-generated-files.hmap -Xcc -I/Users/runner/work/orbit/orbit/.a1-probe/.dd-mac/Build/Intermediates.noindex/A1Probe.build/Debug/A1MacProbeUITests.build/A1MacProbeUITests-own-target-headers.hmap -Xcc -I/Users/runner/work/orbit/orbit/.a1-probe/.dd-mac/Build/Intermediates.noindex/A1Probe.build/Debug/A1MacProbeUITests.build/A1MacProbeUITests-all-non-framework-target-headers.hmap -Xcc -ivfsoverlay -Xcc /Users/runner/work/orbit/orbit/.a1-probe/.dd-mac/Build/Intermediates.noindex/A1Probe.build/Debug/A1Probe-28d184ade4e2bbd2bd06734e27fd34bd-VFS/all-product-headers.yaml -Xcc -iquote -Xcc /Users/runner/work/orbit/orbit/.a1-probe/.dd-mac/Build/Intermediates.noindex/A1Probe.build/Debug/A1MacProbeUITests.build/A1MacProbeUITests-project-headers.hmap -Xcc -I/Users/runner/work/orbit/orbit/.a1-probe/.dd-mac/Build/Products/Debug/include -Xcc -I/Users/runner/work/orbit/orbit/.a1-probe/.dd-mac/Build/Intermediates.noindex/A1Probe.build/Debug/A1MacProbeUITests.build/DerivedSources-normal/arm64 -Xcc -I/Users/runner/work/orbit/orbit/.a1-probe/.dd-mac/Build/Intermediates.noindex/A1Probe.build/Debug/A1MacProbeUITests.build/DerivedSources/arm64 -Xcc -I/Users/runner/work/orbit/orbit/.a1-probe/.dd-mac/Build/Intermediates.noindex/A1Probe.build/Debug/A1MacProbeUITests.build/DerivedSources -Xcc -DDEBUG\=1 -emit-objc-header -emit-objc-header-path /Users/runner/work/orbit/orbit/.a1-probe/.dd-mac/Build/Intermediates.noindex/A1Probe.build/Debug/A1MacProbeUITests.build/Objects-normal/arm64/A1MacProbeUITests-Swift.h -working-directory /Users/runner/work/orbit/orbit/.a1-probe -experimental-emit-module-separately -disable-cmo

SwiftExplicitDependencyGeneratePcm arm64 /Users/runner/work/orbit/orbit/.a1-probe/.dd-mac/Build/Intermediates.noindex/SwiftExplicitPrecompiledModules/XCUIAutomation-8BXGP2QKG2RGEXIQQM27MX8GG.pcm

SwiftExplicitDependencyGeneratePcm arm64 /Users/runner/work/orbit/orbit/.a1-probe/.dd-mac/Build/Intermediates.noindex/SwiftExplicitPrecompiledModules/XCTest-AMI6A97U9URY4LHZQR66LQ6CO.pcm

SwiftExplicitDependencyCompileModuleFromInterface arm64 /Users/runner/work/orbit/orbit/.a1-probe/.dd-mac/Build/Intermediates.noindex/SwiftExplicitPrecompiledModules/XCUIAutomation-AEBGS7SB0OIB.swiftmodule

SwiftExplicitDependencyCompileModuleFromInterface arm64 /Users/runner/work/orbit/orbit/.a1-probe/.dd-mac/Build/Intermediates.noindex/SwiftExplicitPrecompiledModules/XCTest-PCXHZ6VAMBJM.swiftmodule

SwiftEmitModule normal arm64 Emitting\ module\ for\ A1MacProbeUITests (in target 'A1MacProbeUITests' from project 'A1Probe')

EmitSwiftModule normal arm64 (in target 'A1MacProbeUITests' from project 'A1Probe')
    cd /Users/runner/work/orbit/orbit/.a1-probe
    

SwiftCompile normal arm64 Compiling\ ProbeCase.swift /Users/runner/work/orbit/orbit/.a1-probe/UITests/ProbeCase.swift (in target 'A1MacProbeUITests' from project 'A1Probe')

SwiftCompile normal arm64 /Users/runner/work/orbit/orbit/.a1-probe/UITests/ProbeCase.swift (in target 'A1MacProbeUITests' from project 'A1Probe')
    cd /Users/runner/work/orbit/orbit/.a1-probe
    

SwiftDriverJobDiscovery normal arm64 Emitting module for A1MacProbeUITests (in target 'A1MacProbeUITests' from project 'A1Probe')

SwiftDriver\ Compilation\ Requirements A1MacProbeUITests normal arm64 com.apple.xcode.tools.swift.compiler (in target 'A1MacProbeUITests' from project 'A1Probe')
    cd /Users/runner/work/orbit/orbit/.a1-probe
    builtin-Swift-Compilation-Requirements -- /Applications/Xcode_26.6.app/Contents/Developer/Toolchains/XcodeDefault.xctoolchain/usr/bin/swiftc -module-name A1MacProbeUITests -Onone @/Users/runner/work/orbit/orbit/.a1-probe/.dd-mac/Build/Intermediates.noindex/A1Probe.build/Debug/A1MacProbeUITests.build/Objects-normal/arm64/A1MacProbeUITests.SwiftFileList -DDEBUG -module-alias Testing\=_Testing_Unavailable -plugin-path /Applications/Xcode_26.6.app/Contents/Developer/Toolchains/XcodeDefault.xctoolchain/usr/lib/swift/host/plugins/testing -enable-bare-slash-regex -enable-experimental-feature DebugDescriptionMacro -sdk /Applications/Xcode_26.6.app/Contents/Developer/Platforms/MacOSX.platform/Developer/SDKs/MacOSX26.5.sdk -target arm64-apple-macos14.0 -g -module-cache-path /Users/runner/work/orbit/orbit/.a1-probe/.dd-mac/ModuleCache.noindex -Xfrontend -serialize-debugging-options -enable-testing -index-store-path /Users/runner/work/orbit/orbit/.a1-probe/.dd-mac/Index.noindex/DataStore -Xcc -D_LIBCPP_HARDENING_MODE\=_LIBCPP_HARDENING_MODE_DEBUG -swift-version 5 -I /Users/runner/work/orbit/orbit/.a1-probe/.dd-mac/Build/Products/Debug -Isystem /Applications/Xcode_26.6.app/Contents/Developer/Platforms/MacOSX.platform/Developer/usr/lib -F /Users/runner/work/orbit/orbit/.a1-probe/.dd-mac/Build/Products/Debug -F /Applications/Xcode_26.6.app/Contents/Developer/Platforms/MacOSX.platform/Developer/Library/Frameworks -c -j3 -enable-batch-mode -incremental -Xcc -ivfsstatcache -Xcc /Users/runner/work/orbit/orbit/.a1-probe/.dd-mac/SDKStatCaches.noindex/macosx26.5-25F70-688ef53f1462e2c8f657fdc38a81448fee0e6409aa6676c5e6c013d148225433.sdkstatcache -output-file-map /Users/runner/work/orbit/orbit/.a1-probe/.dd-mac/Build/Intermediates.noindex/A1Probe.build/Debug/A1MacProbeUITests.build/Objects-normal/arm64/A1MacProbeUITests-OutputFileMap.json -use-frontend-parseable-output -save-temps -no-color-diagnostics -explicit-module-build -module-cache-path /Users/runner/work/orbit/orbit/.a1-probe/.dd-mac/Build/Intermediates.noindex/SwiftExplicitPrecompiledModules -clang-scanner-module-cache-path /Users/runner/work/orbit/orbit/.a1-probe/.dd-mac/ModuleCache.noindex -sdk-module-cache-path /Users/runner/work/orbit/orbit/.a1-probe/.dd-mac/ModuleCache.noindex -serialize-diagnostics -emit-dependencies -emit-module -emit-module-path /Users/runner/work/orbit/orbit/.a1-probe/.dd-mac/Build/Intermediates.noindex/A1Probe.build/Debug/A1MacProbeUITests.build/Objects-normal/arm64/A1MacProbeUITests.swiftmodule -validate-clang-modules-once -clang-build-session-file /Users/runner/work/orbit/orbit/.a1-probe/.dd-mac/ModuleCache.noindex/Session.modulevalidation -Xcc -I/Users/runner/work/orbit/orbit/.a1-probe/.dd-mac/Build/Intermediates.noindex/A1Probe.build/Debug/A1MacProbeUITests.build/swift-overrides.hmap -emit-const-values -Xfrontend -const-gather-protocols-file -Xfrontend /Users/runner/work/orbit/orbit/.a1-probe/.dd-mac/Build/Intermediates.noindex/A1Probe.build/Debug/A1MacProbeUITests.build/Objects-normal/arm64/A1MacProbeUITests_const_extract_protocols.json -Xcc -iquote -Xcc /Users/runner/work/orbit/orbit/.a1-probe/.dd-mac/Build/Intermediates.noindex/A1Probe.build/Debug/A1MacProbeUITests.build/A1MacProbeUITests-generated-files.hmap -Xcc -I/Users/runner/work/orbit/orbit/.a1-probe/.dd-mac/Build/Intermediates.noindex/A1Probe.build/Debug/A1MacProbeUITests.build/A1MacProbeUITests-own-target-headers.hmap -Xcc -I/Users/runner/work/orbit/orbit/.a1-probe/.dd-mac/Build/Intermediates.noindex/A1Probe.build/Debug/A1MacProbeUITests.build/A1MacProbeUITests-all-non-framework-target-headers.hmap -Xcc -ivfsoverlay -Xcc /Users/runner/work/orbit/orbit/.a1-probe/.dd-mac/Build/Intermediates.noindex/A1Probe.build/Debug/A1Probe-28d184ade4e2bbd2bd06734e27fd34bd-VFS/all-product-headers.yaml -Xcc -iquote -Xcc /Users/runner/work/orbit/orbit/.a1-probe/.dd-mac/Build/Intermediates.noindex/A1Probe.build/Debug/A1MacProbeUITests.build/A1MacProbeUITests-project-headers.hmap -Xcc -I/Users/runner/work/orbit/orbit/.a1-probe/.dd-mac/Build/Products/Debug/include -Xcc -I/Users/runner/work/orbit/orbit/.a1-probe/.dd-mac/Build/Intermediates.noindex/A1Probe.build/Debug/A1MacProbeUITests.build/DerivedSources-normal/arm64 -Xcc -I/Users/runner/work/orbit/orbit/.a1-probe/.dd-mac/Build/Intermediates.noindex/A1Probe.build/Debug/A1MacProbeUITests.build/DerivedSources/arm64 -Xcc -I/Users/runner/work/orbit/orbit/.a1-probe/.dd-mac/Build/Intermediates.noindex/A1Probe.build/Debug/A1MacProbeUITests.build/DerivedSources -Xcc -DDEBUG\=1 -emit-objc-header -emit-objc-header-path /Users/runner/work/orbit/orbit/.a1-probe/.dd-mac/Build/Intermediates.noindex/A1Probe.build/Debug/A1MacProbeUITests.build/Objects-normal/arm64/A1MacProbeUITests-Swift.h -working-directory /Users/runner/work/orbit/orbit/.a1-probe -experimental-emit-module-separately -disable-cmo

SwiftDriverJobDiscovery normal arm64 Compiling ProbeCase.swift (in target 'A1MacProbeUITests' from project 'A1Probe')

SwiftCompile normal arm64 Compiling\ GoogleShotTests.swift /Users/runner/work/orbit/orbit/.a1-probe/UITests/GoogleShotTests.swift (in target 'A1MacProbeUITests' from project 'A1Probe')

SwiftCompile normal arm64 /Users/runner/work/orbit/orbit/.a1-probe/UITests/GoogleShotTests.swift (in target 'A1MacProbeUITests' from project 'A1Probe')
    cd /Users/runner/work/orbit/orbit/.a1-probe
    

SwiftMergeGeneratedHeaders /Users/runner/work/orbit/orbit/.a1-probe/.dd-mac/Build/Intermediates.noindex/A1Probe.build/Debug/A1MacProbeUITests.build/DerivedSources/A1MacProbeUITests-Swift.h /Users/runner/work/orbit/orbit/.a1-probe/.dd-mac/Build/Intermediates.noindex/A1Probe.build/Debug/A1MacProbeUITests.build/Objects-normal/arm64/A1MacProbeUITests-Swift.h (in target 'A1MacProbeUITests' from project 'A1Probe')
    cd /Users/runner/work/orbit/orbit/.a1-probe
    builtin-swiftHeaderTool -arch arm64 /Users/runner/work/orbit/orbit/.a1-probe/.dd-mac/Build/Intermediates.noindex/A1Probe.build/Debug/A1MacProbeUITests.build/Objects-normal/arm64/A1MacProbeUITests-Swift.h -o /Users/runner/work/orbit/orbit/.a1-probe/.dd-mac/Build/Intermediates.noindex/A1Probe.build/Debug/A1MacProbeUITests.build/DerivedSources/A1MacProbeUITests-Swift.h

SwiftDriverJobDiscovery normal arm64 Compiling GoogleShotTests.swift (in target 'A1MacProbeUITests' from project 'A1Probe')

Copy /Users/runner/work/orbit/orbit/.a1-probe/.dd-mac/Build/Products/Debug/A1MacProbeUITests.swiftmodule/arm64-apple-macos.swiftmodule /Users/runner/work/orbit/orbit/.a1-probe/.dd-mac/Build/Intermediates.noindex/A1Probe.build/Debug/A1MacProbeUITests.build/Objects-normal/arm64/A1MacProbeUITests.swiftmodule (in target 'A1MacProbeUITests' from project 'A1Probe')
    cd /Users/runner/work/orbit/orbit/.a1-probe
    builtin-copy -exclude .DS_Store -exclude CVS -exclude .svn -exclude .git -exclude .hg -resolve-src-symlinks -rename /Users/runner/work/orbit/orbit/.a1-probe/.dd-mac/Build/Intermediates.noindex/A1Probe.build/Debug/A1MacProbeUITests.build/Objects-normal/arm64/A1MacProbeUITests.swiftmodule /Users/runner/work/orbit/orbit/.a1-probe/.dd-mac/Build/Products/Debug/A1MacProbeUITests.swiftmodule/arm64-apple-macos.swiftmodule

Copy /Users/runner/work/orbit/orbit/.a1-probe/.dd-mac/Build/Products/Debug/A1MacProbeUITests.swiftmodule/arm64-apple-macos.swiftdoc /Users/runner/work/orbit/orbit/.a1-probe/.dd-mac/Build/Intermediates.noindex/A1Probe.build/Debug/A1MacProbeUITests.build/Objects-normal/arm64/A1MacProbeUITests.swiftdoc (in target 'A1MacProbeUITests' from project 'A1Probe')
    cd /Users/runner/work/orbit/orbit/.a1-probe
    builtin-copy -exclude .DS_Store -exclude CVS -exclude .svn -exclude .git -exclude .hg -resolve-src-symlinks -rename /Users/runner/work/orbit/orbit/.a1-probe/.dd-mac/Build/Intermediates.noindex/A1Probe.build/Debug/A1MacProbeUITests.build/Objects-normal/arm64/A1MacProbeUITests.swiftdoc /Users/runner/work/orbit/orbit/.a1-probe/.dd-mac/Build/Products/Debug/A1MacProbeUITests.swiftmodule/arm64-apple-macos.swiftdoc

Copy /Users/runner/work/orbit/orbit/.a1-probe/.dd-mac/Build/Products/Debug/A1MacProbeUITests.swiftmodule/arm64-apple-macos.abi.json /Users/runner/work/orbit/orbit/.a1-probe/.dd-mac/Build/Intermediates.noindex/A1Probe.build/Debug/A1MacProbeUITests.build/Objects-normal/arm64/A1MacProbeUITests.abi.json (in target 'A1MacProbeUITests' from project 'A1Probe')
    cd /Users/runner/work/orbit/orbit/.a1-probe
    builtin-copy -exclude .DS_Store -exclude CVS -exclude .svn -exclude .git -exclude .hg -resolve-src-symlinks -rename /Users/runner/work/orbit/orbit/.a1-probe/.dd-mac/Build/Intermediates.noindex/A1Probe.build/Debug/A1MacProbeUITests.build/Objects-normal/arm64/A1MacProbeUITests.abi.json /Users/runner/work/orbit/orbit/.a1-probe/.dd-mac/Build/Products/Debug/A1MacProbeUITests.swiftmodule/arm64-apple-macos.abi.json

Copy /Users/runner/work/orbit/orbit/.a1-probe/.dd-mac/Build/Products/Debug/A1MacProbeUITests.swiftmodule/Project/arm64-apple-macos.swiftsourceinfo /Users/runner/work/orbit/orbit/.a1-probe/.dd-mac/Build/Intermediates.noindex/A1Probe.build/Debug/A1MacProbeUITests.build/Objects-normal/arm64/A1MacProbeUITests.swiftsourceinfo (in target 'A1MacProbeUITests' from project 'A1Probe')
    cd /Users/runner/work/orbit/orbit/.a1-probe
    builtin-copy -exclude .DS_Store -exclude CVS -exclude .svn -exclude .git -exclude .hg -resolve-src-symlinks -rename /Users/runner/work/orbit/orbit/.a1-probe/.dd-mac/Build/Intermediates.noindex/A1Probe.build/Debug/A1MacProbeUITests.build/Objects-normal/arm64/A1MacProbeUITests.swiftsourceinfo /Users/runner/work/orbit/orbit/.a1-probe/.dd-mac/Build/Products/Debug/A1MacProbeUITests.swiftmodule/Project/arm64-apple-macos.swiftsourceinfo

SwiftDriver\ Compilation A1MacProbeUITests normal arm64 com.apple.xcode.tools.swift.compiler (in target 'A1MacProbeUITests' from project 'A1Probe')
    cd /Users/runner/work/orbit/orbit/.a1-probe
    builtin-Swift-Compilation -- /Applications/Xcode_26.6.app/Contents/Developer/Toolchains/XcodeDefault.xctoolchain/usr/bin/swiftc -module-name A1MacProbeUITests -Onone @/Users/runner/work/orbit/orbit/.a1-probe/.dd-mac/Build/Intermediates.noindex/A1Probe.build/Debug/A1MacProbeUITests.build/Objects-normal/arm64/A1MacProbeUITests.SwiftFileList -DDEBUG -module-alias Testing\=_Testing_Unavailable -plugin-path /Applications/Xcode_26.6.app/Contents/Developer/Toolchains/XcodeDefault.xctoolchain/usr/lib/swift/host/plugins/testing -enable-bare-slash-regex -enable-experimental-feature DebugDescriptionMacro -sdk /Applications/Xcode_26.6.app/Contents/Developer/Platforms/MacOSX.platform/Developer/SDKs/MacOSX26.5.sdk -target arm64-apple-macos14.0 -g -module-cache-path /Users/runner/work/orbit/orbit/.a1-probe/.dd-mac/ModuleCache.noindex -Xfrontend -serialize-debugging-options -enable-testing -index-store-path /Users/runner/work/orbit/orbit/.a1-probe/.dd-mac/Index.noindex/DataStore -Xcc -D_LIBCPP_HARDENING_MODE\=_LIBCPP_HARDENING_MODE_DEBUG -swift-version 5 -I /Users/runner/work/orbit/orbit/.a1-probe/.dd-mac/Build/Products/Debug -Isystem /Applications/Xcode_26.6.app/Contents/Developer/Platforms/MacOSX.platform/Developer/usr/lib -F /Users/runner/work/orbit/orbit/.a1-probe/.dd-mac/Build/Products/Debug -F /Applications/Xcode_26.6.app/Contents/Developer/Platforms/MacOSX.platform/Developer/Library/Frameworks -c -j3 -enable-batch-mode -incremental -Xcc -ivfsstatcache -Xcc /Users/runner/work/orbit/orbit/.a1-probe/.dd-mac/SDKStatCaches.noindex/macosx26.5-25F70-688ef53f1462e2c8f657fdc38a81448fee0e6409aa6676c5e6c013d148225433.sdkstatcache -output-file-map /Users/runner/work/orbit/orbit/.a1-probe/.dd-mac/Build/Intermediates.noindex/A1Probe.build/Debug/A1MacProbeUITests.build/Objects-normal/arm64/A1MacProbeUITests-OutputFileMap.json -use-frontend-parseable-output -save-temps -no-color-diagnostics -explicit-module-build -module-cache-path /Users/runner/work/orbit/orbit/.a1-probe/.dd-mac/Build/Intermediates.noindex/SwiftExplicitPrecompiledModules -clang-scanner-module-cache-path /Users/runner/work/orbit/orbit/.a1-probe/.dd-mac/ModuleCache.noindex -sdk-module-cache-path /Users/runner/work/orbit/orbit/.a1-probe/.dd-mac/ModuleCache.noindex -serialize-diagnostics -emit-dependencies -emit-module -emit-module-path /Users/runner/work/orbit/orbit/.a1-probe/.dd-mac/Build/Intermediates.noindex/A1Probe.build/Debug/A1MacProbeUITests.build/Objects-normal/arm64/A1MacProbeUITests.swiftmodule -validate-clang-modules-once -clang-build-session-file /Users/runner/work/orbit/orbit/.a1-probe/.dd-mac/ModuleCache.noindex/Session.modulevalidation -Xcc -I/Users/runner/work/orbit/orbit/.a1-probe/.dd-mac/Build/Intermediates.noindex/A1Probe.build/Debug/A1MacProbeUITests.build/swift-overrides.hmap -emit-const-values -Xfrontend -const-gather-protocols-file -Xfrontend /Users/runner/work/orbit/orbit/.a1-probe/.dd-mac/Build/Intermediates.noindex/A1Probe.build/Debug/A1MacProbeUITests.build/Objects-normal/arm64/A1MacProbeUITests_const_extract_protocols.json -Xcc -iquote -Xcc /Users/runner/work/orbit/orbit/.a1-probe/.dd-mac/Build/Intermediates.noindex/A1Probe.build/Debug/A1MacProbeUITests.build/A1MacProbeUITests-generated-files.hmap -Xcc -I/Users/runner/work/orbit/orbit/.a1-probe/.dd-mac/Build/Intermediates.noindex/A1Probe.build/Debug/A1MacProbeUITests.build/A1MacProbeUITests-own-target-headers.hmap -Xcc -I/Users/runner/work/orbit/orbit/.a1-probe/.dd-mac/Build/Intermediates.noindex/A1Probe.build/Debug/A1MacProbeUITests.build/A1MacProbeUITests-all-non-framework-target-headers.hmap -Xcc -ivfsoverlay -Xcc /Users/runner/work/orbit/orbit/.a1-probe/.dd-mac/Build/Intermediates.noindex/A1Probe.build/Debug/A1Probe-28d184ade4e2bbd2bd06734e27fd34bd-VFS/all-product-headers.yaml -Xcc -iquote -Xcc /Users/runner/work/orbit/orbit/.a1-probe/.dd-mac/Build/Intermediates.noindex/A1Probe.build/Debug/A1MacProbeUITests.build/A1MacProbeUITests-project-headers.hmap -Xcc -I/Users/runner/work/orbit/orbit/.a1-probe/.dd-mac/Build/Products/Debug/include -Xcc -I/Users/runner/work/orbit/orbit/.a1-probe/.dd-mac/Build/Intermediates.noindex/A1Probe.build/Debug/A1MacProbeUITests.build/DerivedSources-normal/arm64 -Xcc -I/Users/runner/work/orbit/orbit/.a1-probe/.dd-mac/Build/Intermediates.noindex/A1Probe.build/Debug/A1MacProbeUITests.build/DerivedSources/arm64 -Xcc -I/Users/runner/work/orbit/orbit/.a1-probe/.dd-mac/Build/Intermediates.noindex/A1Probe.build/Debug/A1MacProbeUITests.build/DerivedSources -Xcc -DDEBUG\=1 -emit-objc-header -emit-objc-header-path /Users/runner/work/orbit/orbit/.a1-probe/.dd-mac/Build/Intermediates.noindex/A1Probe.build/Debug/A1MacProbeUITests.build/Objects-normal/arm64/A1MacProbeUITests-Swift.h -working-directory /Users/runner/work/orbit/orbit/.a1-probe -experimental-emit-module-separately -disable-cmo

SwiftDriverJobDiscovery normal arm64 Compiling ConsoleModel.swift, ConsoleRegistry.swift, ConsoleView.swift, CreatedTasksCard.swift, CreatedTasksModel.swift, CreatedTasksPage.swift, FileHandoff.swift, FollowingView.swift, HotKeyManager.swift, ImageViewer.swift, LinkDetection.swift, LoginView.swift, MainView.swift, MarkdownView.swift, MenuBarContent.swift, MergeRecoverySheet.swift, MessageBubbles.swift, MonospaceOutputViewer.swift, NeedsYouBannerView.swift, NotificationManager.swift, OpenItemDeliveryCardView.swift, OrbitLinkCardView.swift, OrbitLinkCards.swift (in target 'A1MacProbe' from project 'A1Probe')

SwiftDriverJobDiscovery normal arm64 Compiling A1MacProbe.swift, AccessTokenRow.swift, AccessTokensModel.swift, AccountPauseControls.swift, AddRunnerSheet.swift, AdminModel.swift, AgentIdentity.swift, AgentsModel.swift, AgentsView.swift, AppModel.swift, ApprovalCards.swift, ApprovalReview.swift, AttachedNoteView.swift, AttachmentImageStore.swift, AttachmentViews.swift, AutoRetryCard.swift, BackgroundTaskViews.swift, BackgroundWakeCardView.swift, BrandMarks.swift, CodexResetCreditView.swift, CompactShell.swift, ComposerView.swift, ConfirmationReviewTurnCardViews.swift, ConfirmationStyle.swift (in target 'A1MacProbe' from project 'A1Probe')

SwiftDriver\ Compilation A1MacProbe normal arm64 com.apple.xcode.tools.swift.compiler (in target 'A1MacProbe' from project 'A1Probe')
    cd /Users/runner/work/orbit/orbit/.a1-probe
    builtin-Swift-Compilation -- /Applications/Xcode_26.6.app/Contents/Developer/Toolchains/XcodeDefault.xctoolchain/usr/bin/swiftc -module-name A1MacProbe -Onone @/Users/runner/work/orbit/orbit/.a1-probe/.dd-mac/Build/Intermediates.noindex/A1Probe.build/Debug/A1MacProbe.build/Objects-normal/arm64/A1MacProbe.SwiftFileList -DDEBUG -enable-bare-slash-regex -enable-experimental-feature DebugDescriptionMacro -sdk /Applications/Xcode_26.6.app/Contents/Developer/Platforms/MacOSX.platform/Developer/SDKs/MacOSX26.5.sdk -target arm64-apple-macos14.0 -g -module-cache-path /Users/runner/work/orbit/orbit/.a1-probe/.dd-mac/ModuleCache.noindex -Xfrontend -serialize-debugging-options -enable-testing -index-store-path /Users/runner/work/orbit/orbit/.a1-probe/.dd-mac/Index.noindex/DataStore -Xcc -D_LIBCPP_HARDENING_MODE\=_LIBCPP_HARDENING_MODE_DEBUG -swift-version 5 -I /Users/runner/work/orbit/orbit/.a1-probe/.dd-mac/Build/Products/Debug -F /Users/runner/work/orbit/orbit/.a1-probe/.dd-mac/Build/Products/Debug/PackageFrameworks -F /Users/runner/work/orbit/orbit/.a1-probe/.dd-mac/Build/Products/Debug/PackageFrameworks -F /Users/runner/work/orbit/orbit/.a1-probe/.dd-mac/Build/Products/Debug/PackageFrameworks -F /Users/runner/work/orbit/orbit/.a1-probe/.dd-mac/Build/Products/Debug/PackageFrameworks -F /Users/runner/work/orbit/orbit/.a1-probe/.dd-mac/Build/Products/Debug/PackageFrameworks -F /Users/runner/work/orbit/orbit/.a1-probe/.dd-mac/Build/Products/Debug -c -j3 -enable-batch-mode -incremental -Xcc -ivfsstatcache -Xcc /Users/runner/work/orbit/orbit/.a1-probe/.dd-mac/SDKStatCaches.noindex/macosx26.5-25F70-688ef53f1462e2c8f657fdc38a81448fee0e6409aa6676c5e6c013d148225433.sdkstatcache -output-file-map /Users/runner/work/orbit/orbit/.a1-probe/.dd-mac/Build/Intermediates.noindex/A1Probe.build/Debug/A1MacProbe.build/Objects-normal/arm64/A1MacProbe-OutputFileMap.json -use-frontend-parseable-output -save-temps -no-color-diagnostics -explicit-module-build -module-cache-path /Users/runner/work/orbit/orbit/.a1-probe/.dd-mac/Build/Intermediates.noindex/SwiftExplicitPrecompiledModules -clang-scanner-module-cache-path /Users/runner/work/orbit/orbit/.a1-probe/.dd-mac/ModuleCache.noindex -sdk-module-cache-path /Users/runner/work/orbit/orbit/.a1-probe/.dd-mac/ModuleCache.noindex -serialize-diagnostics -emit-dependencies -emit-module -emit-module-path /Users/runner/work/orbit/orbit/.a1-probe/.dd-mac/Build/Intermediates.noindex/A1Probe.build/Debug/A1MacProbe.build/Objects-normal/arm64/A1MacProbe.swiftmodule -validate-clang-modules-once -clang-build-session-file /Users/runner/work/orbit/orbit/.a1-probe/.dd-mac/ModuleCache.noindex/Session.modulevalidation -Xcc -I/Users/runner/work/orbit/orbit/.a1-probe/.dd-mac/Build/Intermediates.noindex/A1Probe.build/Debug/A1MacProbe.build/swift-overrides.hmap -emit-const-values -Xfrontend -const-gather-protocols-file -Xfrontend /Users/runner/work/orbit/orbit/.a1-probe/.dd-mac/Build/Intermediates.noindex/A1Probe.build/Debug/A1MacProbe.build/Objects-normal/arm64/A1MacProbe_const_extract_protocols.json -Xcc -iquote -Xcc /Users/runner/work/orbit/orbit/.a1-probe/.dd-mac/Build/Intermediates.noindex/A1Probe.build/Debug/A1MacProbe.build/A1MacProbe-generated-files.hmap -Xcc -I/Users/runner/work/orbit/orbit/.a1-probe/.dd-mac/Build/Intermediates.noindex/A1Probe.build/Debug/A1MacProbe.build/A1MacProbe-own-target-headers.hmap -Xcc -I/Users/runner/work/orbit/orbit/.a1-probe/.dd-mac/Build/Intermediates.noindex/A1Probe.build/Debug/A1MacProbe.build/A1MacProbe-all-non-framework-target-headers.hmap -Xcc -ivfsoverlay -Xcc /Users/runner/work/orbit/orbit/.a1-probe/.dd-mac/Build/Intermediates.noindex/A1Probe.build/Debug/A1Probe-28d184ade4e2bbd2bd06734e27fd34bd-VFS/all-product-headers.yaml -Xcc -iquote -Xcc /Users/runner/work/orbit/orbit/.a1-probe/.dd-mac/Build/Intermediates.noindex/A1Probe.build/Debug/A1MacProbe.build/A1MacProbe-project-headers.hmap -Xcc -I/Users/runner/work/orbit/orbit/.a1-probe/.dd-mac/SourcePackages/checkouts/swift-cmark/src/include -Xcc -I/Users/runner/work/orbit/orbit/.a1-probe/.dd-mac/SourcePackages/checkouts/swift-cmark/extensions/include -Xcc -I/Users/runner/work/orbit/orbit/.a1-probe/.dd-mac/SourcePackages/checkouts/swift-markdown/Sources/CAtomic/include -Xcc -I/Users/runner/work/orbit/orbit/.a1-probe/.dd-mac/Build/Products/Debug/include -Xcc -I/Users/runner/work/orbit/orbit/.a1-probe/.dd-mac/Build/Intermediates.noindex/A1Probe.build/Debug/A1MacProbe.build/DerivedSources-normal/arm64 -Xcc -I/Users/runner/work/orbit/orbit/.a1-probe/.dd-mac/Build/Intermediates.noindex/A1Probe.build/Debug/A1MacProbe.build/DerivedSources/arm64 -Xcc -I/Users/runner/work/orbit/orbit/.a1-probe/.dd-mac/Build/Intermediates.noindex/A1Probe.build/Debug/A1MacProbe.build/DerivedSources -Xcc -DDEBUG\=1 -emit-objc-header -emit-objc-header-path /Users/runner/work/orbit/orbit/.a1-probe/.dd-mac/Build/Intermediates.noindex/A1Probe.build/Debug/A1MacProbe.build/Objects-normal/arm64/A1MacProbe-Swift.h -working-directory /Users/runner/work/orbit/orbit/.a1-probe -experimental-emit-module-separately -disable-cmo

Ld /Users/runner/work/orbit/orbit/.a1-probe/.dd-mac/Build/Products/Debug/A1MacProbe.app/Contents/MacOS/A1MacProbe.debug.dylib normal (in target 'A1MacProbe' from project 'A1Probe')
    cd /Users/runner/work/orbit/orbit/.a1-probe
    /Applications/Xcode_26.6.app/Contents/Developer/Toolchains/XcodeDefault.xctoolchain/usr/bin/clang -Xlinker -reproducible -target arm64-apple-macos14.0 -dynamiclib -isysroot /Applications/Xcode_26.6.app/Contents/Developer/Platforms/MacOSX.platform/Developer/SDKs/MacOSX26.5.sdk -O0 -L/Users/runner/work/orbit/orbit/.a1-probe/.dd-mac/Build/Intermediates.noindex/EagerLinkingTBDs/Debug -L/Users/runner/work/orbit/orbit/.a1-probe/.dd-mac/Build/Products/Debug -F/Users/runner/work/orbit/orbit/.a1-probe/.dd-mac/Build/Intermediates.noindex/EagerLinkingTBDs/Debug -F/Users/runner/work/orbit/orbit/.a1-probe/.dd-mac/Build/Products/Debug/PackageFrameworks -F/Users/runner/work/orbit/orbit/.a1-probe/.dd-mac/Build/Products/Debug/PackageFrameworks -F/Users/runner/work/orbit/orbit/.a1-probe/.dd-mac/Build/Products/Debug/PackageFrameworks -F/Users/runner/work/orbit/orbit/.a1-probe/.dd-mac/Build/Products/Debug/PackageFrameworks -F/Users/runner/work/orbit/orbit/.a1-probe/.dd-mac/Build/Products/Debug/PackageFrameworks -F/Users/runner/work/orbit/orbit/.a1-probe/.dd-mac/Build/Products/Debug -filelist /Users/runner/work/orbit/orbit/.a1-probe/.dd-mac/Build/Intermediates.noindex/A1Probe.build/Debug/A1MacProbe.build/Objects-normal/arm64/A1MacProbe.LinkFileList -install_name @rpath/A1MacProbe.debug.dylib -Xlinker -rpath -Xlinker /usr/lib/swift -Xlinker -rpath -Xlinker /Users/runner/work/orbit/orbit/.a1-probe/.dd-mac/Build/Products/Debug/PackageFrameworks -Xlinker -rpath -Xlinker @executable_path/../Frameworks -Xlinker -object_path_lto -Xlinker /Users/runner/work/orbit/orbit/.a1-probe/.dd-mac/Build/Intermediates.noindex/A1Probe.build/Debug/A1MacProbe.build/Objects-normal/arm64/A1MacProbe_lto.o -rdynamic -Xlinker -no_deduplicate -Xlinker -dependency_info -Xlinker /Users/runner/work/orbit/orbit/.a1-probe/.dd-mac/Build/Intermediates.noindex/A1Probe.build/Debug/A1MacProbe.build/Objects-normal/arm64/A1MacProbe_dependency_info.dat -fobjc-link-runtime -L/Applications/Xcode_26.6.app/Contents/Developer/Toolchains/XcodeDefault.xctoolchain/usr/lib/swift/macosx -L/usr/lib/swift -Xlinker -add_ast_path -Xlinker /Users/runner/work/orbit/orbit/.a1-probe/.dd-mac/Build/Intermediates.noindex/A1Probe.build/Debug/A1MacProbe.build/Objects-normal/arm64/A1MacProbe.swiftmodule @/Users/runner/work/orbit/orbit/.a1-probe/.dd-mac/Build/Intermediates.noindex/A1Probe.build/Debug/A1MacProbe.build/Objects-normal/arm64/A1MacProbe-linker-args.resp -Wl,-no_warn_duplicate_libraries -Wl,-no_warn_duplicate_libraries -Wl,-no_warn_duplicate_libraries -Wl,-no_warn_duplicate_libraries -Wl,-no_warn_duplicate_libraries -Xlinker -alias -Xlinker _main -Xlinker ___debug_main_executable_dylib_entry_point -framework Sparkle -Xlinker -no_adhoc_codesign -o /Users/runner/work/orbit/orbit/.a1-probe/.dd-mac/Build/Products/Debug/A1MacProbe.app/Contents/MacOS/A1MacProbe.debug.dylib -Xlinker -add_ast_path -Xlinker /Users/runner/work/orbit/orbit/.a1-probe/.dd-mac/Build/Intermediates.noindex/OrbitKit.build/Debug/OrbitKit.build/Objects-normal/arm64/OrbitKit.swiftmodule @/Users/runner/work/orbit/orbit/.a1-probe/.dd-mac/Build/Intermediates.noindex/OrbitKit.build/Debug/OrbitKit.build/Objects-normal/arm64/OrbitKit-linker-args.resp -Xlinker -add_ast_path -Xlinker /Users/runner/work/orbit/orbit/.a1-probe/.dd-mac/Build/Intermediates.noindex/swift-markdown.build/Debug/Markdown.build/Objects-normal/arm64/Markdown.swiftmodule @/Users/runner/work/orbit/orbit/.a1-probe/.dd-mac/Build/Intermediates.noindex/swift-markdown.build/Debug/Markdown.build/Objects-normal/arm64/Markdown-linker-args.resp

ConstructStubExecutorLinkFileList /Users/runner/work/orbit/orbit/.a1-probe/.dd-mac/Build/Intermediates.noindex/A1Probe.build/Debug/A1MacProbe.build/A1MacProbe-ExecutorLinkFileList-normal-arm64.txt (in target 'A1MacProbe' from project 'A1Probe')
    cd /Users/runner/work/orbit/orbit/.a1-probe
    construct-stub-executor-link-file-list /Users/runner/work/orbit/orbit/.a1-probe/.dd-mac/Build/Products/Debug/A1MacProbe.app/Contents/MacOS/A1MacProbe.debug.dylib /Applications/Xcode_26.6.app/Contents/Developer/Platforms/MacOSX.platform/Developer/usr/lib/libPreviewsJITStubExecutor_no_swift_entry_point.a /Applications/Xcode_26.6.app/Contents/Developer/Platforms/MacOSX.platform/Developer/usr/lib/libPreviewsJITStubExecutor.a --output /Users/runner/work/orbit/orbit/.a1-probe/.dd-mac/Build/Intermediates.noindex/A1Probe.build/Debug/A1MacProbe.build/A1MacProbe-ExecutorLinkFileList-normal-arm64.txt
note: Using stub executor library with Swift entry point. (in target 'A1MacProbe' from project 'A1Probe')

Ld /Users/runner/work/orbit/orbit/.a1-probe/.dd-mac/Build/Products/Debug/A1MacProbe.app/Contents/MacOS/A1MacProbe normal (in target 'A1MacProbe' from project 'A1Probe')
    cd /Users/runner/work/orbit/orbit/.a1-probe
    /Applications/Xcode_26.6.app/Contents/Developer/Toolchains/XcodeDefault.xctoolchain/usr/bin/clang -Xlinker -reproducible -target arm64-apple-macos14.0 -isysroot /Applications/Xcode_26.6.app/Contents/Developer/Platforms/MacOSX.platform/Developer/SDKs/MacOSX26.5.sdk -O0 -L/Users/runner/work/orbit/orbit/.a1-probe/.dd-mac/Build/Products/Debug -F/Users/runner/work/orbit/orbit/.a1-probe/.dd-mac/Build/Products/Debug/PackageFrameworks -F/Users/runner/work/orbit/orbit/.a1-probe/.dd-mac/Build/Products/Debug/PackageFrameworks -F/Users/runner/work/orbit/orbit/.a1-probe/.dd-mac/Build/Products/Debug/PackageFrameworks -F/Users/runner/work/orbit/orbit/.a1-probe/.dd-mac/Build/Products/Debug/PackageFrameworks -F/Users/runner/work/orbit/orbit/.a1-probe/.dd-mac/Build/Products/Debug/PackageFrameworks -F/Users/runner/work/orbit/orbit/.a1-probe/.dd-mac/Build/Products/Debug -Xlinker -rpath -Xlinker @executable_path -Xlinker -rpath -Xlinker /Users/runner/work/orbit/orbit/.a1-probe/.dd-mac/Build/Products/Debug/PackageFrameworks -Xlinker -rpath -Xlinker @executable_path/../Frameworks -rdynamic -Xlinker -no_deduplicate -e ___debug_blank_executor_main -Xlinker -sectcreate -Xlinker __TEXT -Xlinker __debug_dylib -Xlinker /Users/runner/work/orbit/orbit/.a1-probe/.dd-mac/Build/Intermediates.noindex/A1Probe.build/Debug/A1MacProbe.build/A1MacProbe-DebugDylibPath-normal-arm64.txt -Xlinker -sectcreate -Xlinker __TEXT -Xlinker __debug_instlnm -Xlinker /Users/runner/work/orbit/orbit/.a1-probe/.dd-mac/Build/Intermediates.noindex/A1Probe.build/Debug/A1MacProbe.build/A1MacProbe-DebugDylibInstallName-normal-arm64.txt -Xlinker -filelist -Xlinker /Users/runner/work/orbit/orbit/.a1-probe/.dd-mac/Build/Intermediates.noindex/A1Probe.build/Debug/A1MacProbe.build/A1MacProbe-ExecutorLinkFileList-normal-arm64.txt /Users/runner/work/orbit/orbit/.a1-probe/.dd-mac/Build/Products/Debug/A1MacProbe.app/Contents/MacOS/A1MacProbe.debug.dylib -Xlinker -no_adhoc_codesign -o /Users/runner/work/orbit/orbit/.a1-probe/.dd-mac/Build/Products/Debug/A1MacProbe.app/Contents/MacOS/A1MacProbe

ExtractAppIntentsMetadata (in target 'A1MacProbe' from project 'A1Probe')
    cd /Users/runner/work/orbit/orbit/.a1-probe
    /Applications/Xcode_26.6.app/Contents/Developer/Toolchains/XcodeDefault.xctoolchain/usr/bin/appintentsmetadataprocessor --toolchain-dir /var/run/com.apple.security.cryptexd/mnt/com.apple.MobileAsset.MetalToolchain-v17.6.109.0.QFSZvD/Metal.xctoolchain --module-name A1MacProbe --sdk-root /Applications/Xcode_26.6.app/Contents/Developer/Platforms/MacOSX.platform/Developer/SDKs/MacOSX26.5.sdk --xcode-version 17F113 --platform-family macOS --deployment-target 14.0 --bundle-identifier io.orbitd.a1macprobe --output /Users/runner/work/orbit/orbit/.a1-probe/.dd-mac/Build/Products/Debug/A1MacProbe.app/Contents/Resources --target-triple arm64-apple-macos14.0 --binary-file /Users/runner/work/orbit/orbit/.a1-probe/.dd-mac/Build/Products/Debug/A1MacProbe.app/Contents/MacOS/A1MacProbe --dependency-file /Users/runner/work/orbit/orbit/.a1-probe/.dd-mac/Build/Intermediates.noindex/A1Probe.build/Debug/A1MacProbe.build/Objects-normal/arm64/A1MacProbe_dependency_info.dat --stringsdata-file /Users/runner/work/orbit/orbit/.a1-probe/.dd-mac/Build/Intermediates.noindex/A1Probe.build/Debug/A1MacProbe.build/Objects-normal/arm64/ExtractedAppShortcutsMetadata.stringsdata --source-file-list /Users/runner/work/orbit/orbit/.a1-probe/.dd-mac/Build/Intermediates.noindex/A1Probe.build/Debug/A1MacProbe.build/Objects-normal/arm64/A1MacProbe.SwiftFileList --metadata-file-list /Users/runner/work/orbit/orbit/.a1-probe/.dd-mac/Build/Intermediates.noindex/A1Probe.build/Debug/A1MacProbe.build/A1MacProbe.DependencyMetadataFileList --static-metadata-file-list /Users/runner/work/orbit/orbit/.a1-probe/.dd-mac/Build/Intermediates.noindex/A1Probe.build/Debug/A1MacProbe.build/A1MacProbe.DependencyStaticMetadataFileList --swift-const-vals-list /Users/runner/work/orbit/orbit/.a1-probe/.dd-mac/Build/Intermediates.noindex/A1Probe.build/Debug/A1MacProbe.build/Objects-normal/arm64/A1MacProbe.SwiftConstValuesFileList --compile-time-extraction --deployment-aware-processing --validate-assistant-intents --no-app-shortcuts-localization
2026-10-06 22:31:22.787 appintentsmetadataprocessor[7597:28590] Starting appintentsmetadataprocessor export
2026-10-06 22:31:22.795 appintentsmetadataprocessor[7597:28590] warning: Metadata extraction skipped. No AppIntents.framework dependency found.

CopySwiftLibs /Users/runner/work/orbit/orbit/.a1-probe/.dd-mac/Build/Products/Debug/A1MacProbe.app (in target 'A1MacProbe' from project 'A1Probe')
    cd /Users/runner/work/orbit/orbit/.a1-probe
    builtin-swiftStdLibTool --copy --verbose --sign - --scan-executable /Users/runner/work/orbit/orbit/.a1-probe/.dd-mac/Build/Products/Debug/A1MacProbe.app/Contents/MacOS/A1MacProbe.debug.dylib --scan-folder /Users/runner/work/orbit/orbit/.a1-probe/.dd-mac/Build/Products/Debug/A1MacProbe.app/Contents/Frameworks --scan-folder /Users/runner/work/orbit/orbit/.a1-probe/.dd-mac/Build/Products/Debug/A1MacProbe.app/Contents/PlugIns --scan-folder /Users/runner/work/orbit/orbit/.a1-probe/.dd-mac/Build/Products/Debug/A1MacProbe.app/Contents/Library/SystemExtensions --scan-folder /Users/runner/work/orbit/orbit/.a1-probe/.dd-mac/Build/Products/Debug/A1MacProbe.app/Contents/Extensions --platform macosx --toolchain /var/run/com.apple.security.cryptexd/mnt/com.apple.MobileAsset.MetalToolchain-v17.6.109.0.QFSZvD/Metal.xctoolchain --toolchain /Applications/Xcode_26.6.app/Contents/Developer/Toolchains/XcodeDefault.xctoolchain --destination /Users/runner/work/orbit/orbit/.a1-probe/.dd-mac/Build/Products/Debug/A1MacProbe.app/Contents/Frameworks --strip-bitcode --strip-bitcode-tool /Applications/Xcode_26.6.app/Contents/Developer/Toolchains/XcodeDefault.xctoolchain/usr/bin/bitcode_strip --emit-dependency-info /Users/runner/work/orbit/orbit/.a1-probe/.dd-mac/Build/Intermediates.noindex/A1Probe.build/Debug/A1MacProbe.build/SwiftStdLibToolInputDependencies.dep --filter-for-swift-os --back-deploy-swift-span

CodeSign /Users/runner/work/orbit/orbit/.a1-probe/.dd-mac/Build/Products/Debug/A1MacProbe.app/Contents/MacOS/A1MacProbe.debug.dylib (in target 'A1MacProbe' from project 'A1Probe')
    cd /Users/runner/work/orbit/orbit/.a1-probe
    
    Signing Identity:     "Sign to Run Locally"
    
    /usr/bin/codesign --force --sign - --timestamp\=none --generate-entitlement-der /Users/runner/work/orbit/orbit/.a1-probe/.dd-mac/Build/Products/Debug/A1MacProbe.app/Contents/MacOS/A1MacProbe.debug.dylib

CodeSign /Users/runner/work/orbit/orbit/.a1-probe/.dd-mac/Build/Products/Debug/A1MacProbe.app/Contents/MacOS/__preview.dylib (in target 'A1MacProbe' from project 'A1Probe')
    cd /Users/runner/work/orbit/orbit/.a1-probe
    
    Signing Identity:     "Sign to Run Locally"
    
    /usr/bin/codesign --force --sign - --timestamp\=none --generate-entitlement-der /Users/runner/work/orbit/orbit/.a1-probe/.dd-mac/Build/Products/Debug/A1MacProbe.app/Contents/MacOS/__preview.dylib

CodeSign /Users/runner/work/orbit/orbit/.a1-probe/.dd-mac/Build/Products/Debug/A1MacProbe.app (in target 'A1MacProbe' from project 'A1Probe')
    cd /Users/runner/work/orbit/orbit/.a1-probe
    
    Signing Identity:     "Sign to Run Locally"
    
    /usr/bin/codesign --force --sign - --entitlements /Users/runner/work/orbit/orbit/.a1-probe/.dd-mac/Build/Intermediates.noindex/A1Probe.build/Debug/A1MacProbe.build/A1MacProbe.app.xcent --timestamp\=none --generate-entitlement-der /Users/runner/work/orbit/orbit/.a1-probe/.dd-mac/Build/Products/Debug/A1MacProbe.app

RegisterExecutionPolicyException /Users/runner/work/orbit/orbit/.a1-probe/.dd-mac/Build/Products/Debug/A1MacProbe.app (in target 'A1MacProbe' from project 'A1Probe')
    cd /Users/runner/work/orbit/orbit/.a1-probe
    builtin-RegisterExecutionPolicyException /Users/runner/work/orbit/orbit/.a1-probe/.dd-mac/Build/Products/Debug/A1MacProbe.app

Validate /Users/runner/work/orbit/orbit/.a1-probe/.dd-mac/Build/Products/Debug/A1MacProbe.app (in target 'A1MacProbe' from project 'A1Probe')
    cd /Users/runner/work/orbit/orbit/.a1-probe
    builtin-validationUtility /Users/runner/work/orbit/orbit/.a1-probe/.dd-mac/Build/Products/Debug/A1MacProbe.app -no-validate-extension -infoplist-subpath Contents/Info.plist

Touch /Users/runner/work/orbit/orbit/.a1-probe/.dd-mac/Build/Products/Debug/A1MacProbe.app (in target 'A1MacProbe' from project 'A1Probe')
    cd /Users/runner/work/orbit/orbit/.a1-probe
    /usr/bin/touch -c /Users/runner/work/orbit/orbit/.a1-probe/.dd-mac/Build/Products/Debug/A1MacProbe.app

RegisterWithLaunchServices /Users/runner/work/orbit/orbit/.a1-probe/.dd-mac/Build/Products/Debug/A1MacProbe.app (in target 'A1MacProbe' from project 'A1Probe')
    cd /Users/runner/work/orbit/orbit/.a1-probe
    /System/Library/Frameworks/CoreServices.framework/Versions/Current/Frameworks/LaunchServices.framework/Versions/Current/Support/lsregister -f -R -trusted /Users/runner/work/orbit/orbit/.a1-probe/.dd-mac/Build/Products/Debug/A1MacProbe.app

ProcessInfoPlistFile /Users/runner/work/orbit/orbit/.a1-probe/.dd-mac/Build/Products/Debug/A1MacProbeUITests-Runner.app/Contents/PlugIns/A1MacProbeUITests.xctest/Contents/Info.plist /Users/runner/work/orbit/orbit/.a1-probe/.dd-mac/Build/Intermediates.noindex/A1Probe.build/Debug/A1MacProbeUITests.build/empty-A1MacProbeUITests.plist (in target 'A1MacProbeUITests' from project 'A1Probe')
    cd /Users/runner/work/orbit/orbit/.a1-probe
    builtin-infoPlistUtility /Users/runner/work/orbit/orbit/.a1-probe/.dd-mac/Build/Intermediates.noindex/A1Probe.build/Debug/A1MacProbeUITests.build/empty-A1MacProbeUITests.plist -producttype com.apple.product-type.bundle.ui-testing -expandbuildsettings -platform macosx -additionalcontentfile /Users/runner/work/orbit/orbit/.a1-probe/.dd-mac/Build/Intermediates.noindex/A1Probe.build/Debug/A1MacProbeUITests.build/ProductTypeInfoPlistAdditions.plist -o /Users/runner/work/orbit/orbit/.a1-probe/.dd-mac/Build/Products/Debug/A1MacProbeUITests-Runner.app/Contents/PlugIns/A1MacProbeUITests.xctest/Contents/Info.plist

Ld /Users/runner/work/orbit/orbit/.a1-probe/.dd-mac/Build/Products/Debug/A1MacProbeUITests-Runner.app/Contents/PlugIns/A1MacProbeUITests.xctest/Contents/MacOS/A1MacProbeUITests normal (in target 'A1MacProbeUITests' from project 'A1Probe')
    cd /Users/runner/work/orbit/orbit/.a1-probe
    /Applications/Xcode_26.6.app/Contents/Developer/Toolchains/XcodeDefault.xctoolchain/usr/bin/clang -Xlinker -reproducible -target arm64-apple-macos14.0 -bundle -isysroot /Applications/Xcode_26.6.app/Contents/Developer/Platforms/MacOSX.platform/Developer/SDKs/MacOSX26.5.sdk -O0 -L/Users/runner/work/orbit/orbit/.a1-probe/.dd-mac/Build/Intermediates.noindex/EagerLinkingTBDs/Debug -L/Users/runner/work/orbit/orbit/.a1-probe/.dd-mac/Build/Products/Debug -L/Applications/Xcode_26.6.app/Contents/Developer/Platforms/MacOSX.platform/Developer/usr/lib -F/Users/runner/work/orbit/orbit/.a1-probe/.dd-mac/Build/Intermediates.noindex/EagerLinkingTBDs/Debug -F/Users/runner/work/orbit/orbit/.a1-probe/.dd-mac/Build/Products/Debug -iframework /Applications/Xcode_26.6.app/Contents/Developer/Platforms/MacOSX.platform/Developer/Library/Frameworks -filelist /Users/runner/work/orbit/orbit/.a1-probe/.dd-mac/Build/Intermediates.noindex/A1Probe.build/Debug/A1MacProbeUITests.build/Objects-normal/arm64/A1MacProbeUITests.LinkFileList -Xlinker -rpath -Xlinker /usr/lib/swift -Xlinker -rpath -Xlinker @loader_path/../Frameworks -Xlinker -rpath -Xlinker @executable_path/Frameworks -Xlinker -rpath -Xlinker @loader_path/Frameworks -Xlinker -object_path_lto -Xlinker /Users/runner/work/orbit/orbit/.a1-probe/.dd-mac/Build/Intermediates.noindex/A1Probe.build/Debug/A1MacProbeUITests.build/Objects-normal/arm64/A1MacProbeUITests_lto.o -rdynamic -Xlinker -no_deduplicate -Xlinker -dependency_info -Xlinker /Users/runner/work/orbit/orbit/.a1-probe/.dd-mac/Build/Intermediates.noindex/A1Probe.build/Debug/A1MacProbeUITests.build/Objects-normal/arm64/A1MacProbeUITests_dependency_info.dat -fobjc-link-runtime -L/Applications/Xcode_26.6.app/Contents/Developer/Toolchains/XcodeDefault.xctoolchain/usr/lib/swift/macosx -L/usr/lib/swift -Xlinker -add_ast_path -Xlinker /Users/runner/work/orbit/orbit/.a1-probe/.dd-mac/Build/Intermediates.noindex/A1Probe.build/Debug/A1MacProbeUITests.build/Objects-normal/arm64/A1MacProbeUITests.swiftmodule @/Users/runner/work/orbit/orbit/.a1-probe/.dd-mac/Build/Intermediates.noindex/A1Probe.build/Debug/A1MacProbeUITests.build/Objects-normal/arm64/A1MacProbeUITests-linker-args.resp -Xlinker -needed_framework -Xlinker XCTest -framework XCTest -Xlinker -needed-lXCTestSwiftSupport -lXCTestSwiftSupport -Xlinker -no_adhoc_codesign -o /Users/runner/work/orbit/orbit/.a1-probe/.dd-mac/Build/Products/Debug/A1MacProbeUITests-Runner.app/Contents/PlugIns/A1MacProbeUITests.xctest/Contents/MacOS/A1MacProbeUITests

ExtractAppIntentsMetadata (in target 'A1MacProbeUITests' from project 'A1Probe')
    cd /Users/runner/work/orbit/orbit/.a1-probe
    /Applications/Xcode_26.6.app/Contents/Developer/Toolchains/XcodeDefault.xctoolchain/usr/bin/appintentsmetadataprocessor --toolchain-dir /var/run/com.apple.security.cryptexd/mnt/com.apple.MobileAsset.MetalToolchain-v17.6.109.0.QFSZvD/Metal.xctoolchain --module-name A1MacProbeUITests --sdk-root /Applications/Xcode_26.6.app/Contents/Developer/Platforms/MacOSX.platform/Developer/SDKs/MacOSX26.5.sdk --xcode-version 17F113 --platform-family macOS --deployment-target 14.0 --bundle-identifier io.orbitd.a1macprobe.uitests --output /Users/runner/work/orbit/orbit/.a1-probe/.dd-mac/Build/Products/Debug/A1MacProbeUITests-Runner.app/Contents/PlugIns/A1MacProbeUITests.xctest/Contents/Resources --target-triple arm64-apple-macos14.0 --binary-file /Users/runner/work/orbit/orbit/.a1-probe/.dd-mac/Build/Products/Debug/A1MacProbeUITests-Runner.app/Contents/PlugIns/A1MacProbeUITests.xctest/Contents/MacOS/A1MacProbeUITests --dependency-file /Users/runner/work/orbit/orbit/.a1-probe/.dd-mac/Build/Intermediates.noindex/A1Probe.build/Debug/A1MacProbeUITests.build/Objects-normal/arm64/A1MacProbeUITests_dependency_info.dat --stringsdata-file /Users/runner/work/orbit/orbit/.a1-probe/.dd-mac/Build/Intermediates.noindex/A1Probe.build/Debug/A1MacProbeUITests.build/Objects-normal/arm64/ExtractedAppShortcutsMetadata.stringsdata --source-file-list /Users/runner/work/orbit/orbit/.a1-probe/.dd-mac/Build/Intermediates.noindex/A1Probe.build/Debug/A1MacProbeUITests.build/Objects-normal/arm64/A1MacProbeUITests.SwiftFileList --metadata-file-list /Users/runner/work/orbit/orbit/.a1-probe/.dd-mac/Build/Intermediates.noindex/A1Probe.build/Debug/A1MacProbeUITests.build/A1MacProbeUITests.DependencyMetadataFileList --static-metadata-file-list /Users/runner/work/orbit/orbit/.a1-probe/.dd-mac/Build/Intermediates.noindex/A1Probe.build/Debug/A1MacProbeUITests.build/A1MacProbeUITests.DependencyStaticMetadataFileList --swift-const-vals-list /Users/runner/work/orbit/orbit/.a1-probe/.dd-mac/Build/Intermediates.noindex/A1Probe.build/Debug/A1MacProbeUITests.build/Objects-normal/arm64/A1MacProbeUITests.SwiftConstValuesFileList --compile-time-extraction --deployment-aware-processing --validate-assistant-intents --no-app-shortcuts-localization
2026-10-06 22:31:29.583 appintentsmetadataprocessor[7619:28800] Starting appintentsmetadataprocessor export
2026-10-06 22:31:29.586 appintentsmetadataprocessor[7619:28800] warning: Metadata extraction skipped. No AppIntents.framework dependency found.

CopySwiftLibs /Users/runner/work/orbit/orbit/.a1-probe/.dd-mac/Build/Products/Debug/A1MacProbeUITests-Runner.app/Contents/PlugIns/A1MacProbeUITests.xctest (in target 'A1MacProbeUITests' from project 'A1Probe')
    cd /Users/runner/work/orbit/orbit/.a1-probe
    builtin-swiftStdLibTool --copy --verbose --sign - --scan-executable /Users/runner/work/orbit/orbit/.a1-probe/.dd-mac/Build/Products/Debug/A1MacProbeUITests-Runner.app/Contents/PlugIns/A1MacProbeUITests.xctest/Contents/MacOS/A1MacProbeUITests --scan-folder /Users/runner/work/orbit/orbit/.a1-probe/.dd-mac/Build/Products/Debug/A1MacProbeUITests-Runner.app/Contents/PlugIns/A1MacProbeUITests.xctest/Contents/Frameworks --scan-folder /Users/runner/work/orbit/orbit/.a1-probe/.dd-mac/Build/Products/Debug/A1MacProbeUITests-Runner.app/Contents/PlugIns/A1MacProbeUITests.xctest/Contents/PlugIns --scan-folder /Users/runner/work/orbit/orbit/.a1-probe/.dd-mac/Build/Products/Debug/A1MacProbeUITests-Runner.app/Contents/PlugIns/A1MacProbeUITests.xctest/Contents/Library/SystemExtensions --scan-folder /Users/runner/work/orbit/orbit/.a1-probe/.dd-mac/Build/Products/Debug/A1MacProbeUITests-Runner.app/Contents/PlugIns/A1MacProbeUITests.xctest/Contents/Extensions --platform macosx --toolchain /var/run/com.apple.security.cryptexd/mnt/com.apple.MobileAsset.MetalToolchain-v17.6.109.0.QFSZvD/Metal.xctoolchain --toolchain /Applications/Xcode_26.6.app/Contents/Developer/Toolchains/XcodeDefault.xctoolchain --destination /Users/runner/work/orbit/orbit/.a1-probe/.dd-mac/Build/Products/Debug/A1MacProbeUITests-Runner.app/Contents/PlugIns/A1MacProbeUITests.xctest/Contents/Frameworks --strip-bitcode --scan-executable /Applications/Xcode_26.6.app/Contents/Developer/Platforms/MacOSX.platform/Developer/usr/lib/libXCTestSwiftSupport.dylib --strip-bitcode-tool /Applications/Xcode_26.6.app/Contents/Developer/Toolchains/XcodeDefault.xctoolchain/usr/bin/bitcode_strip --emit-dependency-info /Users/runner/work/orbit/orbit/.a1-probe/.dd-mac/Build/Intermediates.noindex/A1Probe.build/Debug/A1MacProbeUITests.build/SwiftStdLibToolInputDependencies.dep --filter-for-swift-os --back-deploy-swift-span

MkDir /Users/runner/work/orbit/orbit/.a1-probe/.dd-mac/Build/Products/Debug/A1MacProbeUITests-Runner.app (in target 'A1MacProbeUITests' from project 'A1Probe')
    cd /Users/runner/work/orbit/orbit/.a1-probe
    /bin/mkdir -p /Users/runner/work/orbit/orbit/.a1-probe/.dd-mac/Build/Products/Debug/A1MacProbeUITests-Runner.app

CopyPlistFile /Users/runner/work/orbit/orbit/.a1-probe/.dd-mac/Build/Products/Debug/A1MacProbeUITests-Runner.app/Contents/Info.plist /Applications/Xcode_26.6.app/Contents/Developer/Platforms/MacOSX.platform/Developer/Library/Xcode/Agents/XCTRunner.app/Contents/Info.plist (in target 'A1MacProbeUITests' from project 'A1Probe')
    cd /Users/runner/work/orbit/orbit/.a1-probe
    builtin-copyPlist --validate --convert xml1 --macro-expansion WRAPPEDPRODUCTNAME A1MacProbeUITests-Runner --macro-expansion WRAPPEDPRODUCTBUNDLEIDENTIFIER io.orbitd.a1macprobe.uitests.xctrunner --macro-expansion TESTPRODUCTNAME A1MacProbeUITests --macro-expansion TESTPRODUCTBUNDLEIDENTIFIER io.orbitd.a1macprobe.uitests --copy-value UIDeviceFamily /Users/runner/work/orbit/orbit/.a1-probe/.dd-mac/Build/Products/Debug/A1MacProbeUITests-Runner.app/Contents/PlugIns/A1MacProbeUITests.xctest/Contents/Info.plist --outdir /Users/runner/work/orbit/orbit/.a1-probe/.dd-mac/Build/Products/Debug/A1MacProbeUITests-Runner.app/Contents -- /Applications/Xcode_26.6.app/Contents/Developer/Platforms/MacOSX.platform/Developer/Library/Xcode/Agents/XCTRunner.app/Contents/Info.plist

CopyAndPreserveArchs /Users/runner/work/orbit/orbit/.a1-probe/.dd-mac/Build/Products/Debug/A1MacProbeUITests-Runner.app/Contents/MacOS/A1MacProbeUITests-Runner (in target 'A1MacProbeUITests' from project 'A1Probe')
    cd /Users/runner/work/orbit/orbit/.a1-probe
    /Applications/Xcode_26.6.app/Contents/Developer/Toolchains/XcodeDefault.xctoolchain/usr/bin/lipo /Applications/Xcode_26.6.app/Contents/Developer/Platforms/MacOSX.platform/Developer/Library/Xcode/Agents/XCTRunner.app/Contents/MacOS/XCTRunner -output /Users/runner/work/orbit/orbit/.a1-probe/.dd-mac/Build/Products/Debug/A1MacProbeUITests-Runner.app/Contents/MacOS/A1MacProbeUITests-Runner -extract arm64

Copy /Users/runner/work/orbit/orbit/.a1-probe/.dd-mac/Build/Products/Debug/A1MacProbeUITests-Runner.app/Contents/PkgInfo /Applications/Xcode_26.6.app/Contents/Developer/Platforms/MacOSX.platform/Developer/Library/Xcode/Agents/XCTRunner.app/Contents/PkgInfo (in target 'A1MacProbeUITests' from project 'A1Probe')
    cd /Users/runner/work/orbit/orbit/.a1-probe
    builtin-copy -exclude .DS_Store -exclude CVS -exclude .svn -exclude .git -exclude .hg -resolve-src-symlinks /Applications/Xcode_26.6.app/Contents/Developer/Platforms/MacOSX.platform/Developer/Library/Xcode/Agents/XCTRunner.app/Contents/PkgInfo /Users/runner/work/orbit/orbit/.a1-probe/.dd-mac/Build/Products/Debug/A1MacProbeUITests-Runner.app/Contents

Copy /Users/runner/work/orbit/orbit/.a1-probe/.dd-mac/Build/Products/Debug/A1MacProbeUITests-Runner.app/Contents/Frameworks/libXCTestSwiftSupport.dylib /Applications/Xcode_26.6.app/Contents/Developer/Platforms/MacOSX.platform/Developer/usr/lib/libXCTestSwiftSupport.dylib (in target 'A1MacProbeUITests' from project 'A1Probe')
    cd /Users/runner/work/orbit/orbit/.a1-probe
    builtin-copy -exclude .DS_Store -exclude CVS -exclude .svn -exclude .git -exclude .hg -exclude Headers -exclude PrivateHeaders -exclude Modules -exclude \*.tbd -resolve-src-symlinks /Applications/Xcode_26.6.app/Contents/Developer/Platforms/MacOSX.platform/Developer/usr/lib/libXCTestSwiftSupport.dylib /Users/runner/work/orbit/orbit/.a1-probe/.dd-mac/Build/Products/Debug/A1MacProbeUITests-Runner.app/Contents/Frameworks

Copy /Users/runner/work/orbit/orbit/.a1-probe/.dd-mac/Build/Products/Debug/A1MacProbeUITests-Runner.app/Contents/Frameworks/XCUnit.framework /Applications/Xcode_26.6.app/Contents/Developer/Platforms/MacOSX.platform/Developer/Library/PrivateFrameworks/XCUnit.framework (in target 'A1MacProbeUITests' from project 'A1Probe')
    cd /Users/runner/work/orbit/orbit/.a1-probe
    builtin-copy -exclude .DS_Store -exclude CVS -exclude .svn -exclude .git -exclude .hg -exclude Headers -exclude PrivateHeaders -exclude Modules -exclude \*.tbd -resolve-src-symlinks /Applications/Xcode_26.6.app/Contents/Developer/Platforms/MacOSX.platform/Developer/Library/PrivateFrameworks/XCUnit.framework /Users/runner/work/orbit/orbit/.a1-probe/.dd-mac/Build/Products/Debug/A1MacProbeUITests-Runner.app/Contents/Frameworks

Copy /Users/runner/work/orbit/orbit/.a1-probe/.dd-mac/Build/Products/Debug/A1MacProbeUITests-Runner.app/Contents/Frameworks/XCUIAutomation.framework /Applications/Xcode_26.6.app/Contents/Developer/Platforms/MacOSX.platform/Developer/Library/Frameworks/XCUIAutomation.framework (in target 'A1MacProbeUITests' from project 'A1Probe')
    cd /Users/runner/work/orbit/orbit/.a1-probe
    builtin-copy -exclude .DS_Store -exclude CVS -exclude .svn -exclude .git -exclude .hg -exclude Headers -exclude PrivateHeaders -exclude Modules -exclude \*.tbd -resolve-src-symlinks /Applications/Xcode_26.6.app/Contents/Developer/Platforms/MacOSX.platform/Developer/Library/Frameworks/XCUIAutomation.framework /Users/runner/work/orbit/orbit/.a1-probe/.dd-mac/Build/Products/Debug/A1MacProbeUITests-Runner.app/Contents/Frameworks

Copy /Users/runner/work/orbit/orbit/.a1-probe/.dd-mac/Build/Products/Debug/A1MacProbeUITests-Runner.app/Contents/Frameworks/XCTestSupport.framework /Applications/Xcode_26.6.app/Contents/Developer/Platforms/MacOSX.platform/Developer/Library/PrivateFrameworks/XCTestSupport.framework (in target 'A1MacProbeUITests' from project 'A1Probe')
    cd /Users/runner/work/orbit/orbit/.a1-probe
    builtin-copy -exclude .DS_Store -exclude CVS -exclude .svn -exclude .git -exclude .hg -exclude Headers -exclude PrivateHeaders -exclude Modules -exclude \*.tbd -resolve-src-symlinks /Applications/Xcode_26.6.app/Contents/Developer/Platforms/MacOSX.platform/Developer/Library/PrivateFrameworks/XCTestSupport.framework /Users/runner/work/orbit/orbit/.a1-probe/.dd-mac/Build/Products/Debug/A1MacProbeUITests-Runner.app/Contents/Frameworks

Copy /Users/runner/work/orbit/orbit/.a1-probe/.dd-mac/Build/Products/Debug/A1MacProbeUITests-Runner.app/Contents/Frameworks/XCTestCore.framework /Applications/Xcode_26.6.app/Contents/Developer/Platforms/MacOSX.platform/Developer/Library/PrivateFrameworks/XCTestCore.framework (in target 'A1MacProbeUITests' from project 'A1Probe')
    cd /Users/runner/work/orbit/orbit/.a1-probe
    builtin-copy -exclude .DS_Store -exclude CVS -exclude .svn -exclude .git -exclude .hg -exclude Headers -exclude PrivateHeaders -exclude Modules -exclude \*.tbd -resolve-src-symlinks /Applications/Xcode_26.6.app/Contents/Developer/Platforms/MacOSX.platform/Developer/Library/PrivateFrameworks/XCTestCore.framework /Users/runner/work/orbit/orbit/.a1-probe/.dd-mac/Build/Products/Debug/A1MacProbeUITests-Runner.app/Contents/Frameworks

Copy /Users/runner/work/orbit/orbit/.a1-probe/.dd-mac/Build/Products/Debug/A1MacProbeUITests-Runner.app/Contents/Frameworks/XCTest.framework /Applications/Xcode_26.6.app/Contents/Developer/Platforms/MacOSX.platform/Developer/Library/Frameworks/XCTest.framework (in target 'A1MacProbeUITests' from project 'A1Probe')
    cd /Users/runner/work/orbit/orbit/.a1-probe
    builtin-copy -exclude .DS_Store -exclude CVS -exclude .svn -exclude .git -exclude .hg -exclude Headers -exclude PrivateHeaders -exclude Modules -exclude \*.tbd -resolve-src-symlinks /Applications/Xcode_26.6.app/Contents/Developer/Platforms/MacOSX.platform/Developer/Library/Frameworks/XCTest.framework /Users/runner/work/orbit/orbit/.a1-probe/.dd-mac/Build/Products/Debug/A1MacProbeUITests-Runner.app/Contents/Frameworks

Copy /Users/runner/work/orbit/orbit/.a1-probe/.dd-mac/Build/Products/Debug/A1MacProbeUITests-Runner.app/Contents/Frameworks/XCTAutomationSupport.framework /Applications/Xcode_26.6.app/Contents/Developer/Platforms/MacOSX.platform/Developer/Library/PrivateFrameworks/XCTAutomationSupport.framework (in target 'A1MacProbeUITests' from project 'A1Probe')
    cd /Users/runner/work/orbit/orbit/.a1-probe
    builtin-copy -exclude .DS_Store -exclude CVS -exclude .svn -exclude .git -exclude .hg -exclude Headers -exclude PrivateHeaders -exclude Modules -exclude \*.tbd -resolve-src-symlinks /Applications/Xcode_26.6.app/Contents/Developer/Platforms/MacOSX.platform/Developer/Library/PrivateFrameworks/XCTAutomationSupport.framework /Users/runner/work/orbit/orbit/.a1-probe/.dd-mac/Build/Products/Debug/A1MacProbeUITests-Runner.app/Contents/Frameworks

Copy /Users/runner/work/orbit/orbit/.a1-probe/.dd-mac/Build/Products/Debug/A1MacProbeUITests-Runner.app/Contents/Frameworks/Testing.framework /Applications/Xcode_26.6.app/Contents/Developer/Platforms/MacOSX.platform/Developer/Library/Frameworks/Testing.framework (in target 'A1MacProbeUITests' from project 'A1Probe')
    cd /Users/runner/work/orbit/orbit/.a1-probe
    builtin-copy -exclude .DS_Store -exclude CVS -exclude .svn -exclude .git -exclude .hg -exclude Headers -exclude PrivateHeaders -exclude Modules -exclude \*.tbd -resolve-src-symlinks /Applications/Xcode_26.6.app/Contents/Developer/Platforms/MacOSX.platform/Developer/Library/Frameworks/Testing.framework /Users/runner/work/orbit/orbit/.a1-probe/.dd-mac/Build/Products/Debug/A1MacProbeUITests-Runner.app/Contents/Frameworks

CodeSign /Users/runner/work/orbit/orbit/.a1-probe/.dd-mac/Build/Products/Debug/A1MacProbeUITests-Runner.app/Contents/Frameworks/libXCTestSwiftSupport.dylib (in target 'A1MacProbeUITests' from project 'A1Probe')
    cd /Users/runner/work/orbit/orbit/.a1-probe
    
    Signing Identity:     "Sign to Run Locally"
    
    /usr/bin/codesign --force --sign - --timestamp\=none --preserve-metadata\=identifier,entitlements,flags --generate-entitlement-der /Users/runner/work/orbit/orbit/.a1-probe/.dd-mac/Build/Products/Debug/A1MacProbeUITests-Runner.app/Contents/Frameworks/libXCTestSwiftSupport.dylib
/Users/runner/work/orbit/orbit/.a1-probe/.dd-mac/Build/Products/Debug/A1MacProbeUITests-Runner.app/Contents/Frameworks/libXCTestSwiftSupport.dylib: replacing existing signature

CodeSign /Users/runner/work/orbit/orbit/.a1-probe/.dd-mac/Build/Products/Debug/A1MacProbeUITests-Runner.app/Contents/Frameworks/XCUnit.framework (in target 'A1MacProbeUITests' from project 'A1Probe')
    cd /Users/runner/work/orbit/orbit/.a1-probe
    
    Signing Identity:     "Sign to Run Locally"
    
    /usr/bin/codesign --force --sign - --timestamp\=none --preserve-metadata\=identifier,entitlements,flags --generate-entitlement-der /Users/runner/work/orbit/orbit/.a1-probe/.dd-mac/Build/Products/Debug/A1MacProbeUITests-Runner.app/Contents/Frameworks/XCUnit.framework
/Users/runner/work/orbit/orbit/.a1-probe/.dd-mac/Build/Products/Debug/A1MacProbeUITests-Runner.app/Contents/Frameworks/XCUnit.framework: replacing existing signature

CodeSign /Users/runner/work/orbit/orbit/.a1-probe/.dd-mac/Build/Products/Debug/A1MacProbeUITests-Runner.app/Contents/Frameworks/XCUIAutomation.framework (in target 'A1MacProbeUITests' from project 'A1Probe')
    cd /Users/runner/work/orbit/orbit/.a1-probe
    
    Signing Identity:     "Sign to Run Locally"
    
    /usr/bin/codesign --force --sign - --timestamp\=none --preserve-metadata\=identifier,entitlements,flags --generate-entitlement-der /Users/runner/work/orbit/orbit/.a1-probe/.dd-mac/Build/Products/Debug/A1MacProbeUITests-Runner.app/Contents/Frameworks/XCUIAutomation.framework
/Users/runner/work/orbit/orbit/.a1-probe/.dd-mac/Build/Products/Debug/A1MacProbeUITests-Runner.app/Contents/Frameworks/XCUIAutomation.framework: replacing existing signature

CodeSign /Users/runner/work/orbit/orbit/.a1-probe/.dd-mac/Build/Products/Debug/A1MacProbeUITests-Runner.app/Contents/Frameworks/XCTestSupport.framework (in target 'A1MacProbeUITests' from project 'A1Probe')
    cd /Users/runner/work/orbit/orbit/.a1-probe
    
    Signing Identity:     "Sign to Run Locally"
    
    /usr/bin/codesign --force --sign - --timestamp\=none --preserve-metadata\=identifier,entitlements,flags --generate-entitlement-der /Users/runner/work/orbit/orbit/.a1-probe/.dd-mac/Build/Products/Debug/A1MacProbeUITests-Runner.app/Contents/Frameworks/XCTestSupport.framework
/Users/runner/work/orbit/orbit/.a1-probe/.dd-mac/Build/Products/Debug/A1MacProbeUITests-Runner.app/Contents/Frameworks/XCTestSupport.framework: replacing existing signature

CodeSign /Users/runner/work/orbit/orbit/.a1-probe/.dd-mac/Build/Products/Debug/A1MacProbeUITests-Runner.app/Contents/Frameworks/XCTestCore.framework (in target 'A1MacProbeUITests' from project 'A1Probe')
    cd /Users/runner/work/orbit/orbit/.a1-probe
    
    Signing Identity:     "Sign to Run Locally"
    
    /usr/bin/codesign --force --sign - --timestamp\=none --preserve-metadata\=identifier,entitlements,flags --generate-entitlement-der /Users/runner/work/orbit/orbit/.a1-probe/.dd-mac/Build/Products/Debug/A1MacProbeUITests-Runner.app/Contents/Frameworks/XCTestCore.framework
/Users/runner/work/orbit/orbit/.a1-probe/.dd-mac/Build/Products/Debug/A1MacProbeUITests-Runner.app/Contents/Frameworks/XCTestCore.framework: replacing existing signature

CodeSign /Users/runner/work/orbit/orbit/.a1-probe/.dd-mac/Build/Products/Debug/A1MacProbeUITests-Runner.app/Contents/Frameworks/XCTest.framework (in target 'A1MacProbeUITests' from project 'A1Probe')
    cd /Users/runner/work/orbit/orbit/.a1-probe
    
    Signing Identity:     "Sign to Run Locally"
    
    /usr/bin/codesign --force --sign - --timestamp\=none --preserve-metadata\=identifier,entitlements,flags --generate-entitlement-der /Users/runner/work/orbit/orbit/.a1-probe/.dd-mac/Build/Products/Debug/A1MacProbeUITests-Runner.app/Contents/Frameworks/XCTest.framework
/Users/runner/work/orbit/orbit/.a1-probe/.dd-mac/Build/Products/Debug/A1MacProbeUITests-Runner.app/Contents/Frameworks/XCTest.framework: replacing existing signature

CodeSign /Users/runner/work/orbit/orbit/.a1-probe/.dd-mac/Build/Products/Debug/A1MacProbeUITests-Runner.app/Contents/Frameworks/XCTAutomationSupport.framework (in target 'A1MacProbeUITests' from project 'A1Probe')
    cd /Users/runner/work/orbit/orbit/.a1-probe
    
    Signing Identity:     "Sign to Run Locally"
    
    /usr/bin/codesign --force --sign - --timestamp\=none --preserve-metadata\=identifier,entitlements,flags --generate-entitlement-der /Users/runner/work/orbit/orbit/.a1-probe/.dd-mac/Build/Products/Debug/A1MacProbeUITests-Runner.app/Contents/Frameworks/XCTAutomationSupport.framework
/Users/runner/work/orbit/orbit/.a1-probe/.dd-mac/Build/Products/Debug/A1MacProbeUITests-Runner.app/Contents/Frameworks/XCTAutomationSupport.framework: replacing existing signature

CodeSign /Users/runner/work/orbit/orbit/.a1-probe/.dd-mac/Build/Products/Debug/A1MacProbeUITests-Runner.app/Contents/Frameworks/Testing.framework (in target 'A1MacProbeUITests' from project 'A1Probe')
    cd /Users/runner/work/orbit/orbit/.a1-probe
    
    Signing Identity:     "Sign to Run Locally"
    
    /usr/bin/codesign --force --sign - --timestamp\=none --preserve-metadata\=identifier,entitlements,flags --generate-entitlement-der /Users/runner/work/orbit/orbit/.a1-probe/.dd-mac/Build/Products/Debug/A1MacProbeUITests-Runner.app/Contents/Frameworks/Testing.framework
/Users/runner/work/orbit/orbit/.a1-probe/.dd-mac/Build/Products/Debug/A1MacProbeUITests-Runner.app/Contents/Frameworks/Testing.framework: replacing existing signature

CodeSign /Users/runner/work/orbit/orbit/.a1-probe/.dd-mac/Build/Products/Debug/A1MacProbeUITests-Runner.app/Contents/PlugIns/A1MacProbeUITests.xctest (in target 'A1MacProbeUITests' from project 'A1Probe')
    cd /Users/runner/work/orbit/orbit/.a1-probe
    
    Signing Identity:     "Sign to Run Locally"
    
    /usr/bin/codesign --force --sign - --entitlements /Users/runner/work/orbit/orbit/.a1-probe/.dd-mac/Build/Intermediates.noindex/A1Probe.build/Debug/A1MacProbeUITests.build/A1MacProbeUITests.xctest.xcent --timestamp\=none --generate-entitlement-der /Users/runner/work/orbit/orbit/.a1-probe/.dd-mac/Build/Products/Debug/A1MacProbeUITests-Runner.app/Contents/PlugIns/A1MacProbeUITests.xctest

CodeSign /Users/runner/work/orbit/orbit/.a1-probe/.dd-mac/Build/Products/Debug/A1MacProbeUITests-Runner.app (in target 'A1MacProbeUITests' from project 'A1Probe')
    cd /Users/runner/work/orbit/orbit/.a1-probe
    
    Signing Identity:     "Sign to Run Locally"
    
    /usr/bin/codesign --force --sign - --entitlements /Users/runner/work/orbit/orbit/.a1-probe/.dd-mac/Build/Intermediates.noindex/A1Probe.build/Debug/A1MacProbeUITests.build/A1MacProbeUITests.xctest.xcent --timestamp\=none --generate-entitlement-der /Users/runner/work/orbit/orbit/.a1-probe/.dd-mac/Build/Products/Debug/A1MacProbeUITests-Runner.app
/Users/runner/work/orbit/orbit/.a1-probe/.dd-mac/Build/Products/Debug/A1MacProbeUITests-Runner.app: replacing existing signature

RegisterExecutionPolicyException /Users/runner/work/orbit/orbit/.a1-probe/.dd-mac/Build/Products/Debug/A1MacProbeUITests-Runner.app/Contents/PlugIns/A1MacProbeUITests.xctest (in target 'A1MacProbeUITests' from project 'A1Probe')
    cd /Users/runner/work/orbit/orbit/.a1-probe
    builtin-RegisterExecutionPolicyException /Users/runner/work/orbit/orbit/.a1-probe/.dd-mac/Build/Products/Debug/A1MacProbeUITests-Runner.app/Contents/PlugIns/A1MacProbeUITests.xctest

Touch /Users/runner/work/orbit/orbit/.a1-probe/.dd-mac/Build/Products/Debug/A1MacProbeUITests-Runner.app/Contents/PlugIns/A1MacProbeUITests.xctest (in target 'A1MacProbeUITests' from project 'A1Probe')
    cd /Users/runner/work/orbit/orbit/.a1-probe
    /usr/bin/touch -c /Users/runner/work/orbit/orbit/.a1-probe/.dd-mac/Build/Products/Debug/A1MacProbeUITests-Runner.app/Contents/PlugIns/A1MacProbeUITests.xctest

2026-10-06 22:31:34.481174+0000 A1MacProbeUITests-Runner[7674:28995] [Default] Running tests...
Test Suite 'All tests' started at 2026-10-06 22:31:35.656.
Test Suite 'A1MacProbeUITests.xctest' started at 2026-10-06 22:31:35.657.
Test Suite 'GoogleShotTests' started at 2026-10-06 22:31:35.657.
Test Case '-[A1MacProbeUITests.GoogleShotTests test1GoogleOnAndOpeningAccounts]' started.
    t =     0.00s Start Test at 2026-10-06 22:31:35.658
    t =     1.24s Set Up
    t =     1.58s Open io.orbitd.a1macprobe
    t =     1.58s     Launch io.orbitd.a1macprobe
2026-10-06 22:31:37.619 xcodebuild[2741:14169] [MT] IDELaunchParametersSnapshot: The operation couldn’t be completed. (DebuggerLLDB.DebuggerVersionStore.StoreError error 0.)
2026-10-06 22:31:37.619 xcodebuild[2741:14169] [MT] IDELaunchParametersSnapshot: no debugger version
    t =     2.97s         Wait for accessibility to load
    t =     4.07s         Setting up automation session
    t =     4.10s         Wait for io.orbitd.a1macprobe to idle
    t =     4.11s Get number of matches for: Descendants matching type Window
    t =     4.67s Get number of matches for: Descendants matching type Window
    t =     4.71s Checking existence of `Any (First Match)`
    t =     4.75s Checking existence of `Any (First Match)`
    t =     8.30s Checking existence of `Button (First Match)`
    t =     8.32s Checking existence of `Any (First Match)`
    t =     8.38s Checking existence of `StaticText (First Match)`
    t =     8.39s Checking existence of `StaticText (First Match)`
    t =     8.40s Checking existence of `Any (First Match)`
    t =     8.41s Checking existence of `Any (First Match)`
    t =     8.42s Checking existence of `Window (First Match)`
    t =     8.42s Checking existence of `Window (First Match)`
    t =     8.42s Find the Window (First Match)
    t =     8.52s Added attachment named 'mac-1-google-on-signup-open'
    t =     8.52s Requesting snapshot of accessibility hierarchy for app with pid 7684
    t =     8.57s Requesting snapshot of accessibility hierarchy for app with pid 7684
    t =     8.60s Added attachment named 'mac-tree-1-google-on-signup-open.txt'
    t =     8.61s Tear Down
    t =     8.61s     Added attachment named 'mac-GoogleShotTeststest1GoogleOnAndOpeningAccounts-notes.txt'
Test Case '-[A1MacProbeUITests.GoogleShotTests test1GoogleOnAndOpeningAccounts]' passed (8.871 seconds).
Test Case '-[A1MacProbeUITests.GoogleShotTests test2GoogleOnForExistingAccounts]' started.
    t =     0.00s Start Test at 2026-10-06 22:31:44.530
    t =     0.12s Set Up
    t =     0.13s Open io.orbitd.a1macprobe
    t =     0.13s     Launch io.orbitd.a1macprobe
    t =     0.13s         Terminate io.orbitd.a1macprobe:7684
2026-10-06 22:31:45.696 xcodebuild[2741:14169] [MT] IDELaunchParametersSnapshot: The operation couldn’t be completed. (DebuggerLLDB.DebuggerVersionStore.StoreError error 0.)
2026-10-06 22:31:45.696 xcodebuild[2741:14169] [MT] IDELaunchParametersSnapshot: no debugger version
    t =     1.49s         Wait for accessibility to load
    t =     1.72s         Setting up automation session
    t =     1.73s         Wait for io.orbitd.a1macprobe to idle
    t =     1.73s Get number of matches for: Descendants matching type Window
    t =     2.02s Get number of matches for: Descendants matching type Window
    t =     2.05s Checking existence of `Any (First Match)`
    t =     2.10s Checking existence of `Any (First Match)`
    t =     5.65s Checking existence of `Button (First Match)`
    t =     5.66s Checking existence of `Any (First Match)`
    t =     5.70s Checking existence of `StaticText (First Match)`
    t =     5.73s Checking existence of `Any (First Match)`
    t =     5.75s Checking existence of `Any (First Match)`
    t =     5.76s Checking existence of `Any (First Match)`
    t =     5.76s Checking existence of `Window (First Match)`
    t =     5.77s Checking existence of `Window (First Match)`
    t =     5.77s Find the Window (First Match)
    t =     5.81s Added attachment named 'mac-2-google-on-existing-accounts'
    t =     5.81s Requesting snapshot of accessibility hierarchy for app with pid 8325
    t =     5.86s Requesting snapshot of accessibility hierarchy for app with pid 8325
    t =     5.90s Added attachment named 'mac-tree-2-google-on-existing-accounts.txt'
    t =     5.90s Tear Down
    t =     5.90s     Added attachment named 'mac-GoogleShotTeststest2GoogleOnForExistingAccounts-notes.txt'
Test Case '-[A1MacProbeUITests.GoogleShotTests test2GoogleOnForExistingAccounts]' passed (6.136 seconds).
Test Case '-[A1MacProbeUITests.GoogleShotTests test3GoogleOff]' started.
    t =     0.00s Start Test at 2026-10-06 22:31:50.666
    t =     0.07s Set Up
    t =     0.07s Open io.orbitd.a1macprobe
    t =     0.08s     Launch io.orbitd.a1macprobe
    t =     0.08s         Terminate io.orbitd.a1macprobe:8325
2026-10-06 22:31:51.769 xcodebuild[2741:14169] [MT] IDELaunchParametersSnapshot: The operation couldn’t be completed. (DebuggerLLDB.DebuggerVersionStore.StoreError error 0.)
2026-10-06 22:31:51.769 xcodebuild[2741:14169] [MT] IDELaunchParametersSnapshot: no debugger version
    t =     1.44s         Wait for accessibility to load
    t =     1.64s         Setting up automation session
    t =     1.65s         Wait for io.orbitd.a1macprobe to idle
    t =     1.66s Get number of matches for: Descendants matching type Window
    t =     2.09s Get number of matches for: Descendants matching type Window
    t =     2.15s Checking existence of `Any (First Match)`
    t =     2.19s Checking existence of `StaticText (First Match)`
    t =     2.20s Checking existence of `StaticText (First Match)`
    t =     5.72s Checking existence of `Button (First Match)`
    t =     5.76s Checking existence of `Any (First Match)`
    t =     5.79s Checking existence of `StaticText (First Match)`
    t =     5.81s Checking existence of `Any (First Match)`
    t =     5.83s Checking existence of `Any (First Match)`
    t =     5.84s Checking existence of `Any (First Match)`
    t =     5.84s Checking existence of `Window (First Match)`
    t =     5.85s Checking existence of `Window (First Match)`
    t =     5.85s Find the Window (First Match)
    t =     5.88s Added attachment named 'mac-3-google-off'
    t =     5.88s Requesting snapshot of accessibility hierarchy for app with pid 8337
    t =     5.92s Requesting snapshot of accessibility hierarchy for app with pid 8337
    t =     5.95s Added attachment named 'mac-tree-3-google-off.txt'
    t =     5.95s Tear Down
    t =     5.95s     Added attachment named 'mac-GoogleShotTeststest3GoogleOff-notes.txt'
Test Case '-[A1MacProbeUITests.GoogleShotTests test3GoogleOff]' passed (6.195 seconds).
Test Case '-[A1MacProbeUITests.GoogleShotTests test4ServerFromBeforeGoogleSignIn]' started.
    t =     0.00s Start Test at 2026-10-06 22:31:56.862
    t =     0.08s Set Up
    t =     0.09s Open io.orbitd.a1macprobe
    t =     0.09s     Launch io.orbitd.a1macprobe
    t =     0.09s         Terminate io.orbitd.a1macprobe:8337
2026-10-06 22:31:57.969 xcodebuild[2741:14169] [MT] IDELaunchParametersSnapshot: The operation couldn’t be completed. (DebuggerLLDB.DebuggerVersionStore.StoreError error 0.)
2026-10-06 22:31:57.969 xcodebuild[2741:14169] [MT] IDELaunchParametersSnapshot: no debugger version
    t =     1.39s         Wait for accessibility to load
    t =     1.61s         Setting up automation session
    t =     1.62s         Wait for io.orbitd.a1macprobe to idle
    t =     1.62s Get number of matches for: Descendants matching type Window
    t =     1.94s Get number of matches for: Descendants matching type Window
    t =     1.98s Checking existence of `Any (First Match)`
    t =     2.05s Checking existence of `StaticText (First Match)`
    t =     2.05s Checking existence of `StaticText (First Match)`
    t =     5.57s Checking existence of `Button (First Match)`
    t =     5.62s Checking existence of `Any (First Match)`
    t =     5.65s Checking existence of `StaticText (First Match)`
    t =     5.68s Checking existence of `Any (First Match)`
    t =     5.71s Checking existence of `Any (First Match)`
    t =     5.72s Checking existence of `Any (First Match)`
    t =     5.73s Checking existence of `Window (First Match)`
    t =     5.73s Checking existence of `Window (First Match)`
    t =     5.73s Find the Window (First Match)
    t =     5.79s Added attachment named 'mac-4-old-server-404'
    t =     5.79s Requesting snapshot of accessibility hierarchy for app with pid 8985
    t =     5.84s Requesting snapshot of accessibility hierarchy for app with pid 8985
    t =     5.88s Added attachment named 'mac-tree-4-old-server-404.txt'
    t =     5.88s Tear Down
    t =     5.88s     Added attachment named 'mac-GoogleShotTeststest4ServerFromBeforeGoogleSignIn-notes.txt'
Test Case '-[A1MacProbeUITests.GoogleShotTests test4ServerFromBeforeGoogleSignIn]' passed (6.115 seconds).
Test Case '-[A1MacProbeUITests.GoogleShotTests test5GoogleOnDark]' started.
    t =     0.00s Start Test at 2026-10-06 22:32:02.978
    t =     0.11s Set Up
    t =     0.17s Open io.orbitd.a1macprobe
    t =     0.17s     Launch io.orbitd.a1macprobe
    t =     0.17s         Terminate io.orbitd.a1macprobe:8985
2026-10-06 22:32:04.350 xcodebuild[2741:14169] [MT] IDELaunchParametersSnapshot: The operation couldn’t be completed. (DebuggerLLDB.DebuggerVersionStore.StoreError error 0.)
2026-10-06 22:32:04.350 xcodebuild[2741:14169] [MT] IDELaunchParametersSnapshot: no debugger version
    t =     3.26s         Wait for accessibility to load
    t =     3.46s         Setting up automation session
    t =     3.49s         Wait for io.orbitd.a1macprobe to idle
    t =     3.50s Get number of matches for: Descendants matching type Window
    t =     3.70s Get number of matches for: Descendants matching type Window
    t =     3.75s Checking existence of `Any (First Match)`
    t =     3.77s Checking existence of `Any (First Match)`
    t =     8.60s Checking existence of `Button (First Match)`
    t =     8.61s Checking existence of `Any (First Match)`
    t =     8.66s Checking existence of `StaticText (First Match)`
    t =     8.67s Checking existence of `StaticText (First Match)`
    t =     8.68s Checking existence of `Any (First Match)`
    t =     8.69s Checking existence of `Any (First Match)`
    t =     8.70s Checking existence of `Window (First Match)`
    t =     8.70s Checking existence of `Window (First Match)`
    t =     8.70s Find the Window (First Match)
    t =     8.75s Added attachment named 'mac-5-google-on-signup-open-dark'
    t =     8.75s Requesting snapshot of accessibility hierarchy for app with pid 8999
    t =     8.81s Requesting snapshot of accessibility hierarchy for app with pid 8999
    t =     8.86s Added attachment named 'mac-tree-5-google-on-signup-open-dark.txt'
    t =     8.86s Tear Down
    t =     8.86s     Added attachment named 'mac-GoogleShotTeststest5GoogleOnDark-notes.txt'
Test Case '-[A1MacProbeUITests.GoogleShotTests test5GoogleOnDark]' passed (9.247 seconds).
Test Case '-[A1MacProbeUITests.GoogleShotTests test6ContinueWithGoogleSignsIn]' started.
    t =     0.00s Start Test at 2026-10-06 22:32:12.225
    t =     0.18s Set Up
    t =     0.28s Open io.orbitd.a1macprobe
    t =     0.28s     Launch io.orbitd.a1macprobe
    t =     0.28s         Terminate io.orbitd.a1macprobe:8999
2026-10-06 22:32:14.024 xcodebuild[2741:14169] [MT] IDELaunchParametersSnapshot: The operation couldn’t be completed. (DebuggerLLDB.DebuggerVersionStore.StoreError error 0.)
2026-10-06 22:32:14.025 xcodebuild[2741:14169] [MT] IDELaunchParametersSnapshot: no debugger version
    t =     2.94s         Wait for accessibility to load
    t =     3.45s         Setting up automation session
    t =     3.53s         Wait for io.orbitd.a1macprobe to idle
    t =     3.53s Get number of matches for: Descendants matching type Window
    t =     3.66s Get number of matches for: Descendants matching type Window
    t =     3.68s Checking existence of `Any (First Match)`
    t =     3.72s Checking existence of `Any (First Match)`
    t =     5.24s Checking existence of `Button (First Match)`
    t =     5.25s Click Button (First Match)
    t =     5.25s     Wait for io.orbitd.a1macprobe to idle
    t =     5.25s     Find the Button (First Match)
    t =     5.26s     Check for interrupting elements affecting "Continue with Google" Button
    t =     5.30s     Synthesize event
    t =     5.80s     Wait for io.orbitd.a1macprobe to idle
    t =     5.80s Checking existence of `Any (First Match)`
    t =     5.87s Checking existence of `StaticText (First Match)`
    t =     5.93s Checking existence of `Any (First Match)`
    t =     5.98s Checking existence of `"Continue" Button`
    t =     6.53s Checking existence of `Any (First Match)`
    t =     6.59s Checking existence of `StaticText (First Match)`
    t =     6.64s Checking existence of `Any (First Match)`
    t =     6.71s Checking existence of `"Continue" Button`
    t =     7.28s Checking existence of `Any (First Match)`
    t =     7.34s Checking existence of `StaticText (First Match)`
    t =     7.43s Checking existence of `Any (First Match)`
    t =     7.54s Checking existence of `"Continue" Button`
    t =     8.16s Checking existence of `Any (First Match)`
    t =     8.30s Checking existence of `StaticText (First Match)`
    t =     8.36s Checking existence of `Any (First Match)`
    t =     8.42s Checking existence of `"Continue" Button`
    t =     8.60s Added attachment named 'mac-6-sign-in-meanwhile-4'
    t =     9.10s Checking existence of `Any (First Match)`
    t =     9.17s Checking existence of `StaticText (First Match)`
    t =     9.22s Checking existence of `Any (First Match)`
    t =     9.29s Checking existence of `"Continue" Button`
    t =     9.86s Checking existence of `Any (First Match)`
    t =     9.93s Checking existence of `StaticText (First Match)`
    t =     9.98s Checking existence of `Any (First Match)`
    t =    10.06s Checking existence of `"Continue" Button`
    t =    10.63s Checking existence of `Any (First Match)`
    t =    10.70s Checking existence of `StaticText (First Match)`
    t =    10.75s Checking existence of `Any (First Match)`
    t =    10.82s Checking existence of `"Continue" Button`
    t =    11.38s Checking existence of `Any (First Match)`
    t =    11.42s Checking existence of `StaticText (First Match)`
    t =    11.47s Checking existence of `Any (First Match)`
    t =    11.52s Checking existence of `"Continue" Button`
    t =    12.09s Checking existence of `Any (First Match)`
    t =    12.15s Checking existence of `StaticText (First Match)`
    t =    12.22s Checking existence of `Any (First Match)`
    t =    12.30s Checking existence of `"Continue" Button`
    t =    12.91s Checking existence of `Any (First Match)`
    t =    12.95s Checking existence of `StaticText (First Match)`
    t =    13.01s Checking existence of `Any (First Match)`
    t =    13.07s Checking existence of `"Continue" Button`
    t =    13.61s Checking existence of `Any (First Match)`
    t =    13.66s Checking existence of `StaticText (First Match)`
    t =    13.69s Checking existence of `Any (First Match)`
    t =    13.76s Checking existence of `"Continue" Button`
    t =    14.30s Checking existence of `Any (First Match)`
    t =    14.33s Checking existence of `StaticText (First Match)`
    t =    14.36s Checking existence of `Any (First Match)`
    t =    14.41s Checking existence of `"Continue" Button`
    t =    14.95s Checking existence of `Any (First Match)`
    t =    14.99s Checking existence of `StaticText (First Match)`
    t =    15.03s Checking existence of `Any (First Match)`
    t =    15.07s Checking existence of `"Continue" Button`
    t =    15.61s Checking existence of `Any (First Match)`
    t =    15.65s Checking existence of `StaticText (First Match)`
    t =    15.69s Checking existence of `Any (First Match)`
    t =    15.74s Checking existence of `"Continue" Button`
    t =    16.29s Checking existence of `Any (First Match)`
    t =    16.34s Checking existence of `StaticText (First Match)`
    t =    16.38s Checking existence of `Any (First Match)`
    t =    16.42s Checking existence of `"Continue" Button`
    t =    16.97s Checking existence of `Any (First Match)`
    t =    17.02s Checking existence of `StaticText (First Match)`
    t =    17.06s Checking existence of `Any (First Match)`
    t =    17.10s Checking existence of `"Continue" Button`
    t =    17.65s Checking existence of `Any (First Match)`
    t =    17.68s Checking existence of `StaticText (First Match)`
    t =    17.72s Checking existence of `Any (First Match)`
    t =    17.75s Checking existence of `"Continue" Button`
    t =    18.30s Checking existence of `Any (First Match)`
    t =    18.33s Checking existence of `StaticText (First Match)`
    t =    18.37s Checking existence of `Any (First Match)`
    t =    18.41s Checking existence of `"Continue" Button`
    t =    18.95s Checking existence of `Any (First Match)`
    t =    18.99s Checking existence of `StaticText (First Match)`
    t =    19.03s Checking existence of `Any (First Match)`
    t =    19.08s Checking existence of `"Continue" Button`
    t =    19.61s Checking existence of `Any (First Match)`
    t =    19.65s Checking existence of `StaticText (First Match)`
    t =    19.69s Checking existence of `Any (First Match)`
    t =    19.73s Checking existence of `"Continue" Button`
    t =    20.27s Checking existence of `Any (First Match)`
    t =    20.31s Checking existence of `StaticText (First Match)`
    t =    20.35s Checking existence of `Any (First Match)`
    t =    20.39s Checking existence of `"Continue" Button`
    t =    20.94s Checking existence of `Any (First Match)`
    t =    21.00s Checking existence of `StaticText (First Match)`
    t =    21.05s Checking existence of `Any (First Match)`
    t =    21.12s Checking existence of `"Continue" Button`
    t =    21.66s Checking existence of `Any (First Match)`
    t =    21.71s Checking existence of `StaticText (First Match)`
    t =    21.74s Checking existence of `Any (First Match)`
    t =    21.78s Checking existence of `"Continue" Button`
    t =    22.32s Checking existence of `Any (First Match)`
    t =    22.35s Checking existence of `StaticText (First Match)`
    t =    22.38s Checking existence of `Any (First Match)`
    t =    22.42s Checking existence of `"Continue" Button`
    t =    22.97s Checking existence of `Any (First Match)`
    t =    23.01s Checking existence of `StaticText (First Match)`
    t =    23.04s Checking existence of `Any (First Match)`
    t =    23.08s Checking existence of `"Continue" Button`
    t =    23.63s Checking existence of `Any (First Match)`
    t =    23.67s Checking existence of `StaticText (First Match)`
    t =    23.71s Checking existence of `Any (First Match)`
    t =    23.75s Checking existence of `"Continue" Button`
    t =    24.30s Checking existence of `Any (First Match)`
    t =    24.35s Checking existence of `StaticText (First Match)`
    t =    24.39s Checking existence of `Any (First Match)`
    t =    24.43s Checking existence of `"Continue" Button`
    t =    24.97s Checking existence of `Any (First Match)`
    t =    25.01s Checking existence of `StaticText (First Match)`
    t =    25.06s Checking existence of `Any (First Match)`
    t =    25.10s Checking existence of `"Continue" Button`
    t =    25.65s Checking existence of `Any (First Match)`
    t =    25.69s Checking existence of `StaticText (First Match)`
    t =    25.72s Checking existence of `Any (First Match)`
    t =    25.76s Checking existence of `"Continue" Button`
    t =    26.31s Checking existence of `Any (First Match)`
    t =    26.34s Checking existence of `StaticText (First Match)`
    t =    26.38s Checking existence of `Any (First Match)`
    t =    26.42s Checking existence of `"Continue" Button`
    t =    26.53s Added attachment named 'mac-6-sign-in-meanwhile-30'
    t =    27.03s Checking existence of `Any (First Match)`
    t =    27.07s Checking existence of `StaticText (First Match)`
    t =    27.11s Checking existence of `Any (First Match)`
    t =    27.16s Checking existence of `"Continue" Button`
    t =    27.70s Checking existence of `Any (First Match)`
    t =    27.75s Checking existence of `StaticText (First Match)`
    t =    27.79s Checking existence of `Any (First Match)`
    t =    27.82s Checking existence of `"Continue" Button`
    t =    28.37s Checking existence of `Any (First Match)`
    t =    28.42s Checking existence of `StaticText (First Match)`
    t =    28.46s Checking existence of `Any (First Match)`
    t =    28.50s Checking existence of `"Continue" Button`
    t =    29.04s Checking existence of `Any (First Match)`
    t =    29.07s Checking existence of `StaticText (First Match)`
    t =    29.10s Checking existence of `Any (First Match)`
    t =    29.15s Checking existence of `"Continue" Button`
    t =    29.69s Checking existence of `Any (First Match)`
    t =    29.73s Checking existence of `StaticText (First Match)`
    t =    29.77s Checking existence of `Any (First Match)`
    t =    29.81s Checking existence of `"Continue" Button`
    t =    30.35s Checking existence of `Any (First Match)`
    t =    30.39s Checking existence of `StaticText (First Match)`
    t =    30.43s Checking existence of `Any (First Match)`
    t =    30.47s Checking existence of `"Continue" Button`
    t =    31.01s Checking existence of `Any (First Match)`
    t =    31.06s Checking existence of `StaticText (First Match)`
    t =    31.12s Checking existence of `Any (First Match)`
    t =    31.15s Checking existence of `"Continue" Button`
    t =    31.70s Checking existence of `Any (First Match)`
    t =    31.73s Checking existence of `StaticText (First Match)`
    t =    31.77s Checking existence of `Any (First Match)`
    t =    31.81s Checking existence of `"Continue" Button`
    t =    32.35s Checking existence of `Any (First Match)`
    t =    32.39s Checking existence of `StaticText (First Match)`
    t =    32.43s Checking existence of `Any (First Match)`
    t =    32.47s Checking existence of `"Continue" Button`
    t =    33.00s Checking existence of `Any (First Match)`
    t =    33.06s Checking existence of `StaticText (First Match)`
    t =    33.10s Checking existence of `Any (First Match)`
    t =    33.17s Checking existence of `"Continue" Button`
    t =    33.72s Checking existence of `Any (First Match)`
    t =    33.77s Checking existence of `StaticText (First Match)`
    t =    33.82s Checking existence of `Any (First Match)`
    t =    33.88s Checking existence of `"Continue" Button`
    t =    34.43s Checking existence of `Any (First Match)`
    t =    34.47s Checking existence of `StaticText (First Match)`
    t =    34.51s Checking existence of `Any (First Match)`
    t =    34.55s Checking existence of `"Continue" Button`
    t =    35.09s Checking existence of `Any (First Match)`
    t =    35.13s Checking existence of `StaticText (First Match)`
    t =    35.17s Checking existence of `Any (First Match)`
    t =    35.21s Checking existence of `"Continue" Button`
    t =    35.75s Checking existence of `Any (First Match)`
    t =    35.79s Checking existence of `StaticText (First Match)`
    t =    35.83s Checking existence of `Any (First Match)`
    t =    35.87s Checking existence of `"Continue" Button`
    t =    36.41s Checking existence of `Any (First Match)`
    t =    36.45s Checking existence of `StaticText (First Match)`
    t =    36.48s Checking existence of `Any (First Match)`
    t =    36.52s Checking existence of `"Continue" Button`
    t =    37.06s Checking existence of `Any (First Match)`
    t =    37.11s Checking existence of `StaticText (First Match)`
    t =    37.15s Checking existence of `Any (First Match)`
    t =    37.20s Checking existence of `"Continue" Button`
    t =    37.76s Checking existence of `Any (First Match)`
    t =    37.80s Checking existence of `StaticText (First Match)`
    t =    37.84s Checking existence of `Any (First Match)`
    t =    37.88s Checking existence of `"Continue" Button`
    t =    38.42s Checking existence of `Any (First Match)`
    t =    38.46s Checking existence of `StaticText (First Match)`
    t =    38.50s Checking existence of `Any (First Match)`
    t =    38.54s Checking existence of `"Continue" Button`
    t =    39.08s Checking existence of `Any (First Match)`
    t =    39.13s Checking existence of `StaticText (First Match)`
    t =    39.18s Checking existence of `Any (First Match)`
    t =    39.22s Checking existence of `"Continue" Button`
    t =    39.77s Checking existence of `Any (First Match)`
    t =    39.82s Checking existence of `StaticText (First Match)`
    t =    39.85s Checking existence of `Any (First Match)`
    t =    39.89s Checking existence of `"Continue" Button`
    t =    40.43s Checking existence of `Any (First Match)`
    t =    40.47s Checking existence of `StaticText (First Match)`
    t =    40.51s Checking existence of `Any (First Match)`
    t =    40.55s Checking existence of `"Continue" Button`
    t =    41.09s Checking existence of `Any (First Match)`
    t =    41.13s Checking existence of `StaticText (First Match)`
    t =    41.17s Checking existence of `Any (First Match)`
    t =    41.20s Checking existence of `"Continue" Button`
    t =    41.74s Checking existence of `Any (First Match)`
    t =    41.78s Checking existence of `StaticText (First Match)`
    t =    41.82s Checking existence of `Any (First Match)`
    t =    41.85s Checking existence of `"Continue" Button`
    t =    42.39s Checking existence of `Any (First Match)`
    t =    42.43s Checking existence of `StaticText (First Match)`
    t =    42.47s Checking existence of `Any (First Match)`
    t =    42.54s Checking existence of `"Continue" Button`
    t =    43.10s Checking existence of `Any (First Match)`
    t =    43.14s Checking existence of `StaticText (First Match)`
    t =    43.17s Checking existence of `Any (First Match)`
    t =    43.21s Checking existence of `"Continue" Button`
    t =    43.75s Checking existence of `Any (First Match)`
    t =    43.78s Checking existence of `StaticText (First Match)`
    t =    43.82s Checking existence of `Any (First Match)`
    t =    43.85s Checking existence of `"Continue" Button`
    t =    44.40s Checking existence of `Any (First Match)`
    t =    44.44s Checking existence of `StaticText (First Match)`
    t =    44.47s Checking existence of `Any (First Match)`
    t =    44.51s Checking existence of `"Continue" Button`
    t =    45.05s Checking existence of `Any (First Match)`
    t =    45.09s Checking existence of `StaticText (First Match)`
    t =    45.12s Checking existence of `Any (First Match)`
    t =    45.16s Checking existence of `"Continue" Button`
    t =    45.70s Checking existence of `Any (First Match)`
    t =    45.75s Checking existence of `StaticText (First Match)`
    t =    45.79s Checking existence of `Any (First Match)`
    t =    45.84s Checking existence of `"Continue" Button`
    t =    46.38s Checking existence of `Any (First Match)`
    t =    46.42s Checking existence of `StaticText (First Match)`
    t =    46.46s Checking existence of `Any (First Match)`
    t =    46.49s Checking existence of `"Continue" Button`
    t =    46.61s Added attachment named 'mac-6-sign-in-meanwhile-60'
    t =    47.11s Checking existence of `Any (First Match)`
    t =    47.15s Checking existence of `StaticText (First Match)`
    t =    47.19s Checking existence of `Any (First Match)`
    t =    47.22s Checking existence of `"Continue" Button`
    t =    47.76s Checking existence of `Any (First Match)`
    t =    47.81s Checking existence of `StaticText (First Match)`
    t =    47.86s Checking existence of `Any (First Match)`
    t =    47.92s Checking existence of `"Continue" Button`
    t =    48.46s Checking existence of `Any (First Match)`
    t =    48.51s Checking existence of `StaticText (First Match)`
    t =    48.54s Checking existence of `Any (First Match)`
    t =    48.58s Checking existence of `"Continue" Button`
    t =    49.13s Checking existence of `Any (First Match)`
    t =    49.17s Checking existence of `StaticText (First Match)`
    t =    49.20s Checking existence of `Any (First Match)`
    t =    49.24s Checking existence of `"Continue" Button`
    t =    49.78s Checking existence of `Any (First Match)`
    t =    49.83s Checking existence of `StaticText (First Match)`
    t =    49.88s Checking existence of `Any (First Match)`
    t =    49.92s Checking existence of `"Continue" Button`
    t =    50.47s Checking existence of `Any (First Match)`
    t =    50.51s Checking existence of `StaticText (First Match)`
    t =    50.55s Checking existence of `Any (First Match)`
    t =    50.59s Checking existence of `"Continue" Button`
    t =    51.14s Checking existence of `Any (First Match)`
    t =    51.18s Checking existence of `StaticText (First Match)`
    t =    51.22s Checking existence of `Any (First Match)`
    t =    51.26s Checking existence of `"Continue" Button`
    t =    51.80s Checking existence of `Any (First Match)`
    t =    51.83s Checking existence of `StaticText (First Match)`
    t =    51.87s Checking existence of `Any (First Match)`
    t =    51.91s Checking existence of `"Continue" Button`
    t =    52.45s Checking existence of `Any (First Match)`
    t =    52.49s Checking existence of `StaticText (First Match)`
    t =    52.53s Checking existence of `Any (First Match)`
    t =    52.56s Checking existence of `"Continue" Button`
    t =    53.11s Checking existence of `Any (First Match)`
    t =    53.15s Checking existence of `StaticText (First Match)`
    t =    53.18s Checking existence of `Any (First Match)`
    t =    53.22s Checking existence of `"Continue" Button`
    t =    53.76s Checking existence of `Any (First Match)`
    t =    53.81s Checking existence of `StaticText (First Match)`
    t =    53.85s Checking existence of `Any (First Match)`
    t =    53.90s Checking existence of `"Continue" Button`
    t =    54.44s Checking existence of `Any (First Match)`
    t =    54.47s Checking existence of `StaticText (First Match)`
    t =    54.50s Checking existence of `Any (First Match)`
    t =    54.54s Checking existence of `"Continue" Button`
    t =    55.09s Checking existence of `Any (First Match)`
    t =    55.12s Checking existence of `StaticText (First Match)`
    t =    55.16s Checking existence of `Any (First Match)`
    t =    55.19s Checking existence of `"Continue" Button`
    t =    55.73s Checking existence of `Any (First Match)`
    t =    55.77s Checking existence of `StaticText (First Match)`
    t =    55.80s Checking existence of `Any (First Match)`
    t =    55.84s Checking existence of `"Continue" Button`
    t =    56.38s Checking existence of `Any (First Match)`
    t =    56.44s Checking existence of `StaticText (First Match)`
    t =    56.51s Checking existence of `Any (First Match)`
    t =    56.56s Checking existence of `"Continue" Button`
    t =    57.15s Checking existence of `Any (First Match)`
    t =    57.19s Checking existence of `StaticText (First Match)`
    t =    57.30s Checking existence of `Any (First Match)`
    t =    57.33s Checking existence of `"Continue" Button`
    t =    57.87s Checking existence of `Any (First Match)`
    t =    58.05s Checking existence of `StaticText (First Match)`
    t =    58.11s Checking existence of `Any (First Match)`
    t =    58.17s Checking existence of `"Continue" Button`
    t =    58.72s Checking existence of `Any (First Match)`
    t =    58.76s Checking existence of `StaticText (First Match)`
    t =    58.79s Checking existence of `Any (First Match)`
    t =    58.83s Checking existence of `"Continue" Button`
    t =    59.37s Checking existence of `Any (First Match)`
    t =    59.41s Checking existence of `StaticText (First Match)`
    t =    59.45s Checking existence of `Any (First Match)`
    t =    59.51s Checking existence of `"Continue" Button`
    t =    60.05s Checking existence of `Any (First Match)`
    t =    60.09s Checking existence of `StaticText (First Match)`
    t =    60.13s Checking existence of `Any (First Match)`
    t =    60.17s Checking existence of `"Continue" Button`
    t =    60.72s Checking existence of `Any (First Match)`
    t =    60.75s Checking existence of `StaticText (First Match)`
    t =    60.79s Checking existence of `Any (First Match)`
    t =    60.83s Checking existence of `"Continue" Button`
    t =    61.37s Checking existence of `Any (First Match)`
    t =    61.42s Checking existence of `StaticText (First Match)`
    t =    61.46s Checking existence of `Any (First Match)`
    t =    61.50s Checking existence of `"Continue" Button`
    t =    62.04s Checking existence of `Any (First Match)`
    t =    62.08s Checking existence of `StaticText (First Match)`
    t =    62.12s Checking existence of `Any (First Match)`
    t =    62.16s Checking existence of `"Continue" Button`
    t =    62.70s Checking existence of `Any (First Match)`
    t =    62.74s Checking existence of `StaticText (First Match)`
    t =    62.77s Checking existence of `Any (First Match)`
    t =    62.81s Checking existence of `"Continue" Button`
    t =    63.36s Checking existence of `Any (First Match)`
    t =    63.42s Checking existence of `StaticText (First Match)`
    t =    63.47s Checking existence of `Any (First Match)`
    t =    63.52s Checking existence of `"Continue" Button`
    t =    64.07s Checking existence of `Any (First Match)`
    t =    64.10s Checking existence of `StaticText (First Match)`
    t =    64.13s Checking existence of `Any (First Match)`
    t =    64.17s Checking existence of `"Continue" Button`
    t =    64.71s Checking existence of `Any (First Match)`
    t =    64.76s Checking existence of `StaticText (First Match)`
    t =    64.79s Checking existence of `Any (First Match)`
    t =    64.84s Checking existence of `"Continue" Button`
    t =    65.38s Checking existence of `Any (First Match)`
    t =    65.42s Checking existence of `StaticText (First Match)`
    t =    65.45s Checking existence of `Any (First Match)`
    t =    65.49s Checking existence of `"Continue" Button`
    t =    66.03s Checking existence of `Any (First Match)`
    t =    66.07s Checking existence of `StaticText (First Match)`
    t =    66.10s Checking existence of `Any (First Match)`
    t =    66.14s Checking existence of `"Continue" Button`
    t =    66.68s Checking existence of `Any (First Match)`
    t =    66.71s Checking existence of `StaticText (First Match)`
    t =    66.75s Checking existence of `Any (First Match)`
    t =    66.79s Checking existence of `"Continue" Button`
    t =    66.88s Added attachment named 'mac-6-sign-in-meanwhile-90'
    t =    67.39s Checking existence of `Any (First Match)`
    t =    67.43s Checking existence of `StaticText (First Match)`
    t =    67.47s Checking existence of `Any (First Match)`
    t =    67.51s Checking existence of `"Continue" Button`
    t =    68.05s Checking existence of `Any (First Match)`
    t =    68.08s Checking existence of `StaticText (First Match)`
    t =    68.12s Checking existence of `Any (First Match)`
    t =    68.16s Checking existence of `"Continue" Button`
    t =    68.69s Checking existence of `Any (First Match)`
    t =    68.73s Checking existence of `StaticText (First Match)`
    t =    68.76s Checking existence of `Any (First Match)`
    t =    68.80s Checking existence of `"Continue" Button`
    t =    69.35s Checking existence of `Any (First Match)`
    t =    69.38s Checking existence of `StaticText (First Match)`
    t =    69.42s Checking existence of `Any (First Match)`
    t =    69.46s Checking existence of `"Continue" Button`
    t =    70.01s Checking existence of `Any (First Match)`
    t =    70.05s Checking existence of `StaticText (First Match)`
    t =    70.08s Checking existence of `Any (First Match)`
    t =    70.12s Checking existence of `"Continue" Button`
    t =    70.66s Checking existence of `Any (First Match)`
    t =    70.70s Checking existence of `StaticText (First Match)`
    t =    70.73s Checking existence of `Any (First Match)`
    t =    70.77s Checking existence of `"Continue" Button`
    t =    71.31s Checking existence of `Any (First Match)`
    t =    71.36s Checking existence of `StaticText (First Match)`
    t =    71.40s Checking existence of `Any (First Match)`
    t =    71.44s Checking existence of `"Continue" Button`
    t =    71.98s Checking existence of `Any (First Match)`
    t =    72.02s Checking existence of `StaticText (First Match)`
    t =    72.06s Checking existence of `Any (First Match)`
    t =    72.11s Checking existence of `"Continue" Button`
    t =    72.66s Checking existence of `Any (First Match)`
    t =    72.71s Checking existence of `StaticText (First Match)`
    t =    72.75s Checking existence of `Any (First Match)`
    t =    72.80s Checking existence of `"Continue" Button`
    t =    73.36s Checking existence of `Any (First Match)`
    t =    73.39s Checking existence of `StaticText (First Match)`
    t =    73.42s Checking existence of `Any (First Match)`
    t =    73.46s Checking existence of `"Continue" Button`
    t =    74.00s Checking existence of `Any (First Match)`
    t =    74.04s Checking existence of `StaticText (First Match)`
    t =    74.07s Checking existence of `Any (First Match)`
    t =    74.11s Checking existence of `"Continue" Button`
    t =    74.65s Checking existence of `Any (First Match)`
    t =    74.69s Checking existence of `StaticText (First Match)`
    t =    74.73s Checking existence of `Any (First Match)`
    t =    74.77s Checking existence of `"Continue" Button`
    t =    75.31s Checking existence of `Any (First Match)`
    t =    75.35s Checking existence of `StaticText (First Match)`
    t =    75.39s Checking existence of `Any (First Match)`
    t =    75.43s Checking existence of `"Continue" Button`
    t =    75.98s Checking existence of `Any (First Match)`
    t =    76.02s Checking existence of `StaticText (First Match)`
    t =    76.09s Checking existence of `Any (First Match)`
    t =    76.15s Checking existence of `"Continue" Button`
    t =    76.71s Checking existence of `Any (First Match)`
    t =    76.77s Checking existence of `StaticText (First Match)`
    t =    76.81s Checking existence of `Any (First Match)`
    t =    76.87s Checking existence of `"Continue" Button`
    t =    77.43s Checking existence of `Any (First Match)`
    t =    77.48s Checking existence of `StaticText (First Match)`
    t =    77.52s Checking existence of `Any (First Match)`
    t =    77.56s Checking existence of `"Continue" Button`
    t =    78.11s Checking existence of `Any (First Match)`
    t =    78.18s Checking existence of `StaticText (First Match)`
    t =    78.23s Checking existence of `Any (First Match)`
    t =    78.28s Checking existence of `"Continue" Button`
    t =    78.83s Checking existence of `Any (First Match)`
    t =    78.88s Checking existence of `StaticText (First Match)`
    t =    78.92s Checking existence of `Any (First Match)`
    t =    78.96s Checking existence of `"Continue" Button`
    t =    79.50s Checking existence of `Any (First Match)`
    t =    79.57s Checking existence of `StaticText (First Match)`
    t =    79.61s Checking existence of `Any (First Match)`
    t =    79.66s Checking existence of `"Continue" Button`
    t =    80.22s Checking existence of `Any (First Match)`
    t =    80.28s Checking existence of `StaticText (First Match)`
    t =    80.32s Checking existence of `Any (First Match)`
    t =    80.38s Checking existence of `"Continue" Button`
    t =    80.93s Checking existence of `Any (First Match)`
    t =    80.98s Checking existence of `StaticText (First Match)`
    t =    81.02s Checking existence of `Any (First Match)`
    t =    81.08s Checking existence of `"Continue" Button`
    t =    81.62s Checking existence of `Any (First Match)`
    t =    81.66s Checking existence of `StaticText (First Match)`
    t =    81.71s Checking existence of `Any (First Match)`
    t =    81.78s Checking existence of `"Continue" Button`
    t =    82.32s Checking existence of `Any (First Match)`
    t =    82.37s Checking existence of `StaticText (First Match)`
    t =    82.41s Checking existence of `Any (First Match)`
    t =    82.45s Checking existence of `"Continue" Button`
    t =    82.99s Checking existence of `Any (First Match)`
    t =    83.03s Checking existence of `StaticText (First Match)`
    t =    83.07s Checking existence of `Any (First Match)`
    t =    83.11s Checking existence of `"Continue" Button`
    t =    83.66s Checking existence of `Any (First Match)`
    t =    83.71s Checking existence of `StaticText (First Match)`
    t =    83.75s Checking existence of `Any (First Match)`
    t =    83.80s Checking existence of `"Continue" Button`
    t =    84.35s Checking existence of `Any (First Match)`
    t =    84.40s Checking existence of `StaticText (First Match)`
    t =    84.43s Checking existence of `Any (First Match)`
    t =    84.48s Checking existence of `"Continue" Button`
    t =    85.04s Checking existence of `Any (First Match)`
    t =    85.08s Checking existence of `StaticText (First Match)`
    t =    85.12s Checking existence of `Any (First Match)`
    t =    85.15s Checking existence of `"Continue" Button`
    t =    85.69s Checking existence of `Any (First Match)`
    t =    85.73s Checking existence of `StaticText (First Match)`
    t =    85.77s Checking existence of `Any (First Match)`
    t =    85.81s Checking existence of `"Continue" Button`
    t =    86.36s Checking existence of `Any (First Match)`
    t =    86.40s Checking existence of `StaticText (First Match)`
    t =    86.44s Checking existence of `Any (First Match)`
    t =    86.48s Checking existence of `"Continue" Button`
    t =    87.02s Checking existence of `Any (First Match)`
    t =    87.09s Checking existence of `StaticText (First Match)`
    t =    87.14s Checking existence of `Any (First Match)`
    t =    87.20s Checking existence of `"Continue" Button`
    t =    87.32s Added attachment named 'mac-6-sign-in-meanwhile-120'
    t =    87.82s Checking existence of `Any (First Match)`
    t =    87.86s Checking existence of `StaticText (First Match)`
    t =    87.90s Checking existence of `Any (First Match)`
    t =    87.93s Checking existence of `"Continue" Button`
    t =    88.48s Checking existence of `Any (First Match)`
    t =    88.51s Checking existence of `StaticText (First Match)`
    t =    88.54s Checking existence of `Any (First Match)`
    t =    88.58s Checking existence of `"Continue" Button`
    t =    89.15s Checking existence of `Any (First Match)`
    t =    89.38s Checking existence of `StaticText (First Match)`
    t =    89.41s Checking existence of `Any (First Match)`
    t =    89.45s Checking existence of `"Continue" Button`
    t =    89.99s Checking existence of `Any (First Match)`
    t =    90.02s Checking existence of `StaticText (First Match)`
    t =    90.06s Checking existence of `Any (First Match)`
    t =    90.10s Checking existence of `"Continue" Button`
    t =    90.65s Checking existence of `Any (First Match)`
    t =    90.68s Checking existence of `StaticText (First Match)`
    t =    90.71s Checking existence of `Any (First Match)`
    t =    90.75s Checking existence of `"Continue" Button`
    t =    91.29s Checking existence of `Any (First Match)`
    t =    91.38s Checking existence of `StaticText (First Match)`
    t =    91.42s Checking existence of `Any (First Match)`
    t =    91.47s Checking existence of `"Continue" Button`
    t =    92.02s Checking existence of `Any (First Match)`
    t =    92.08s Checking existence of `StaticText (First Match)`
    t =    92.13s Checking existence of `Any (First Match)`
    t =    92.16s Checking existence of `"Continue" Button`
    t =    92.71s Checking existence of `Any (First Match)`
    t =    92.74s Checking existence of `StaticText (First Match)`
    t =    92.77s Checking existence of `Any (First Match)`
    t =    92.81s Checking existence of `"Continue" Button`
    t =    93.38s Checking existence of `Any (First Match)`
    t =    93.46s Checking existence of `StaticText (First Match)`
    t =    93.50s Checking existence of `Any (First Match)`
    t =    93.55s Checking existence of `"Continue" Button`
    t =    94.11s Checking existence of `Any (First Match)`
    t =    94.14s Checking existence of `StaticText (First Match)`
    t =    94.18s Checking existence of `Any (First Match)`
    t =    94.22s Checking existence of `"Continue" Button`
    t =    94.76s Checking existence of `Any (First Match)`
    t =    94.82s Checking existence of `StaticText (First Match)`
    t =    94.87s Checking existence of `Any (First Match)`
    t =    94.92s Checking existence of `"Continue" Button`
    t =    95.49s Checking existence of `Any (First Match)`
    t =    95.54s Checking existence of `StaticText (First Match)`
    t =    95.59s Checking existence of `Any (First Match)`
    t =    95.64s Checking existence of `"Continue" Button`
    t =    96.19s Open io.orbitd.a1macprobe
    t =    96.19s     Activate io.orbitd.a1macprobe
    t =    96.28s         Wait for io.orbitd.a1macprobe to idle
    t =    96.47s Requesting snapshot of accessibility hierarchy for app with pid 9197
    t =    96.67s Requesting snapshot of accessibility hierarchy for app with pid 9197
    t =    96.72s Added attachment named 'mac-missing-signed-in.txt'
    t =    96.78s Added attachment named 'mac-6-never-signed-in'
    t =    96.93s Get all elements bound by index for: Descendants matching type StaticText
    t =    96.96s Find the StaticText (Element at index 0)
    t =    96.99s Find the StaticText (Element at index 1)
    t =    97.02s Find the StaticText (Element at index 2)
    t =    97.05s Find the StaticText (Element at index 3)
    t =    97.08s Find the StaticText (Element at index 4)
    t =    97.12s Find the StaticText (Element at index 5)
    t =    97.16s Find the StaticText (Element at index 6)
/Users/runner/work/orbit/orbit/.a1-probe/UITests/GoogleShotTests.swift:106: error: -[A1MacProbeUITests.GoogleShotTests test6ContinueWithGoogleSignsIn] : failed - Continue with Google never signed in; the stub saw ["GET /api/auth/methods"]; the page says ["", "", "", "", "", "", ""]
    t =    97.72s Tear Down
    t =    97.72s     Added attachment named 'mac-GoogleShotTeststest6ContinueWithGoogleSignsIn-notes.txt'
Test Case '-[A1MacProbeUITests.GoogleShotTests test6ContinueWithGoogleSignsIn]' failed (98.243 seconds).
Test Case '-[A1MacProbeUITests.GoogleShotTests test7ARefusedGoogleSignInSaysWhy]' started.
    t =     0.00s Start Test at 2026-10-06 22:33:50.470
    t =     0.25s Set Up
    t =     0.27s Open io.orbitd.a1macprobe
    t =     0.27s     Launch io.orbitd.a1macprobe
    t =     0.27s         Terminate io.orbitd.a1macprobe:9197
2026-10-06 22:33:51.795 xcodebuild[2741:14169] [MT] IDELaunchParametersSnapshot: The operation couldn’t be completed. (DebuggerLLDB.DebuggerVersionStore.StoreError error 0.)
2026-10-06 22:33:51.795 xcodebuild[2741:14169] [MT] IDELaunchParametersSnapshot: no debugger version
    t =     2.76s         Wait for accessibility to load
    t =     3.14s         Setting up automation session
    t =     3.18s         Wait for io.orbitd.a1macprobe to idle
    t =     3.20s Checking existence of `"Allow" Button`
    t =     3.40s Checking existence of `"Don't Allow" Button`
    t =     3.46s Checking existence of `"OK" Button`
    t =     3.47s Checking existence of `"Ignore" Button`
    t =     3.48s Get number of matches for: Descendants matching type Window
    t =     3.66s Get number of matches for: Descendants matching type Window
    t =     3.70s Checking existence of `Any (First Match)`
    t =     3.70s Checking existence of `Any (First Match)`
    t =     5.22s Checking existence of `Button (First Match)`
    t =     5.23s Click Button (First Match)
    t =     5.23s     Wait for io.orbitd.a1macprobe to idle
    t =     5.23s     Find the Button (First Match)
    t =     5.24s     Check for interrupting elements affecting "Continue with Google" Button
    t =     5.26s     Synthesize event
    t =     5.61s     Wait for io.orbitd.a1macprobe to idle
    t =     5.63s Checking existence of `Any (First Match)`
    t =     5.68s Checking existence of `StaticText (First Match)`
    t =     5.72s Checking existence of `Any (First Match)`
    t =     5.76s Checking existence of `"Continue" Button`
    t =     6.31s Checking existence of `Any (First Match)`
    t =     6.55s Checking existence of `StaticText (First Match)`
    t =     6.59s Checking existence of `Any (First Match)`
    t =     6.64s Checking existence of `"Continue" Button`
    t =     7.19s Checking existence of `Any (First Match)`
    t =     7.23s Checking existence of `StaticText (First Match)`
    t =     7.27s Checking existence of `Any (First Match)`
    t =     7.31s Checking existence of `"Continue" Button`
    t =     7.87s Checking existence of `Any (First Match)`
    t =     7.94s Checking existence of `StaticText (First Match)`
    t =     7.99s Checking existence of `Any (First Match)`
    t =     8.05s Checking existence of `"Continue" Button`
    t =     8.17s Added attachment named 'mac-7-refused-meanwhile-4'
    t =     8.68s Checking existence of `Any (First Match)`
    t =     8.73s Checking existence of `StaticText (First Match)`
    t =     8.77s Checking existence of `Any (First Match)`
    t =     8.81s Checking existence of `"Continue" Button`
    t =     9.35s Checking existence of `Any (First Match)`
    t =     9.39s Checking existence of `StaticText (First Match)`
    t =     9.42s Checking existence of `Any (First Match)`
    t =     9.46s Checking existence of `"Continue" Button`
    t =    10.00s Checking existence of `Any (First Match)`
    t =    10.04s Checking existence of `StaticText (First Match)`
    t =    10.07s Checking existence of `Any (First Match)`
    t =    10.11s Checking existence of `"Continue" Button`
    t =    10.66s Checking existence of `Any (First Match)`
    t =    10.71s Checking existence of `StaticText (First Match)`
    t =    10.74s Checking existence of `Any (First Match)`
    t =    10.78s Checking existence of `"Continue" Button`
    t =    11.32s Checking existence of `Any (First Match)`
    t =    11.35s Checking existence of `StaticText (First Match)`
    t =    11.38s Checking existence of `Any (First Match)`
    t =    11.42s Checking existence of `"Continue" Button`
    t =    11.96s Checking existence of `Any (First Match)`
    t =    11.99s Checking existence of `StaticText (First Match)`
    t =    12.03s Checking existence of `Any (First Match)`
    t =    12.08s Checking existence of `"Continue" Button`
    t =    12.62s Checking existence of `Any (First Match)`
    t =    12.65s Checking existence of `StaticText (First Match)`
    t =    12.68s Checking existence of `Any (First Match)`
    t =    12.71s Checking existence of `"Continue" Button`
    t =    13.24s Checking existence of `Any (First Match)`
    t =    13.31s Checking existence of `StaticText (First Match)`
    t =    13.34s Checking existence of `Any (First Match)`
    t =    13.38s Checking existence of `"Continue" Button`
    t =    13.92s Checking existence of `Any (First Match)`
    t =    13.95s Checking existence of `StaticText (First Match)`
    t =    13.99s Checking existence of `Any (First Match)`
    t =    14.03s Checking existence of `"Continue" Button`
    t =    14.57s Checking existence of `Any (First Match)`
    t =    14.64s Checking existence of `StaticText (First Match)`
    t =    14.69s Checking existence of `Any (First Match)`
    t =    14.74s Checking existence of `"Continue" Button`
    t =    15.29s Checking existence of `Any (First Match)`
    t =    15.32s Checking existence of `StaticText (First Match)`
    t =    15.35s Checking existence of `Any (First Match)`
    t =    15.39s Checking existence of `"Continue" Button`
    t =    15.93s Checking existence of `Any (First Match)`
    t =    16.00s Checking existence of `StaticText (First Match)`
    t =    16.04s Checking existence of `Any (First Match)`
    t =    16.08s Checking existence of `"Continue" Button`
    t =    16.63s Checking existence of `Any (First Match)`
    t =    16.67s Checking existence of `StaticText (First Match)`
    t =    16.71s Checking existence of `Any (First Match)`
    t =    16.75s Checking existence of `"Continue" Button`
    t =    17.29s Checking existence of `Any (First Match)`
    t =    17.33s Checking existence of `StaticText (First Match)`
    t =    17.36s Checking existence of `Any (First Match)`
    t =    17.40s Checking existence of `"Continue" Button`
    t =    17.94s Checking existence of `Any (First Match)`
    t =    17.98s Checking existence of `StaticText (First Match)`
    t =    18.01s Checking existence of `Any (First Match)`
    t =    18.05s Checking existence of `"Continue" Button`
    t =    18.59s Checking existence of `Any (First Match)`
    t =    18.63s Checking existence of `StaticText (First Match)`
    t =    18.66s Checking existence of `Any (First Match)`
    t =    18.70s Checking existence of `"Continue" Button`
    t =    19.24s Checking existence of `Any (First Match)`
    t =    19.27s Checking existence of `StaticText (First Match)`
    t =    19.31s Checking existence of `Any (First Match)`
    t =    19.35s Checking existence of `"Continue" Button`
    t =    19.91s Checking existence of `Any (First Match)`
    t =    19.95s Checking existence of `StaticText (First Match)`
    t =    20.00s Checking existence of `Any (First Match)`
    t =    20.10s Checking existence of `"Continue" Button`
    t =    20.65s Checking existence of `Any (First Match)`
    t =    20.69s Checking existence of `StaticText (First Match)`
    t =    20.72s Checking existence of `Any (First Match)`
    t =    20.76s Checking existence of `"Continue" Button`
    t =    21.30s Checking existence of `Any (First Match)`
    t =    21.35s Checking existence of `StaticText (First Match)`
    t =    21.39s Checking existence of `Any (First Match)`
    t =    21.43s Checking existence of `"Continue" Button`
    t =    21.97s Checking existence of `Any (First Match)`
    t =    22.00s Checking existence of `StaticText (First Match)`
    t =    22.03s Checking existence of `Any (First Match)`
    t =    22.07s Checking existence of `"Continue" Button`
    t =    22.61s Checking existence of `Any (First Match)`
    t =    22.65s Checking existence of `StaticText (First Match)`
    t =    22.68s Checking existence of `Any (First Match)`
    t =    22.72s Checking existence of `"Continue" Button`
    t =    23.26s Checking existence of `Any (First Match)`
    t =    23.30s Checking existence of `StaticText (First Match)`
    t =    23.33s Checking existence of `Any (First Match)`
    t =    23.37s Checking existence of `"Continue" Button`
    t =    23.91s Checking existence of `Any (First Match)`
    t =    23.99s Checking existence of `StaticText (First Match)`
    t =    24.05s Checking existence of `Any (First Match)`
    t =    24.10s Checking existence of `"Continue" Button`
    t =    24.68s Checking existence of `Any (First Match)`
    t =    24.72s Checking existence of `StaticText (First Match)`
    t =    24.77s Checking existence of `Any (First Match)`
    t =    24.81s Checking existence of `"Continue" Button`
    t =    25.35s Checking existence of `Any (First Match)`
    t =    25.39s Checking existence of `StaticText (First Match)`
    t =    25.43s Checking existence of `Any (First Match)`
    t =    25.50s Checking existence of `"Continue" Button`
    t =    25.66s Added attachment named 'mac-7-refused-meanwhile-30'
    t =    26.16s Checking existence of `Any (First Match)`
    t =    26.20s Checking existence of `StaticText (First Match)`
    t =    26.23s Checking existence of `Any (First Match)`
    t =    26.26s Checking existence of `"Continue" Button`
    t =    26.81s Checking existence of `Any (First Match)`
    t =    26.84s Checking existence of `StaticText (First Match)`
    t =    26.87s Checking existence of `Any (First Match)`
    t =    26.91s Checking existence of `"Continue" Button`
    t =    27.44s Checking existence of `Any (First Match)`
    t =    27.48s Checking existence of `StaticText (First Match)`
    t =    27.51s Checking existence of `Any (First Match)`
    t =    27.55s Checking existence of `"Continue" Button`
    t =    28.09s Checking existence of `Any (First Match)`
    t =    28.13s Checking existence of `StaticText (First Match)`
    t =    28.16s Checking existence of `Any (First Match)`
    t =    28.20s Checking existence of `"Continue" Button`
    t =    28.74s Checking existence of `Any (First Match)`
    t =    28.78s Checking existence of `StaticText (First Match)`
    t =    28.82s Checking existence of `Any (First Match)`
    t =    28.86s Checking existence of `"Continue" Button`
    t =    29.41s Checking existence of `Any (First Match)`
    t =    29.45s Checking existence of `StaticText (First Match)`
    t =    29.49s Checking existence of `Any (First Match)`
    t =    29.52s Checking existence of `"Continue" Button`
    t =    30.07s Checking existence of `Any (First Match)`
    t =    30.10s Checking existence of `StaticText (First Match)`
    t =    30.14s Checking existence of `Any (First Match)`
    t =    30.18s Checking existence of `"Continue" Button`
    t =    30.73s Checking existence of `Any (First Match)`
    t =    30.81s Checking existence of `StaticText (First Match)`
    t =    30.88s Checking existence of `Any (First Match)`
    t =    30.98s Checking existence of `"Continue" Button`
    t =    31.58s Checking existence of `Any (First Match)`
    t =    31.62s Checking existence of `StaticText (First Match)`
    t =    31.67s Checking existence of `Any (First Match)`
    t =    31.72s Checking existence of `"Continue" Button`
    t =    32.27s Checking existence of `Any (First Match)`
    t =    32.30s Checking existence of `StaticText (First Match)`
    t =    32.34s Checking existence of `Any (First Match)`
    t =    32.38s Checking existence of `"Continue" Button`
    t =    32.92s Checking existence of `Any (First Match)`
    t =    32.95s Checking existence of `StaticText (First Match)`
    t =    32.99s Checking existence of `Any (First Match)`
    t =    33.02s Checking existence of `"Continue" Button`
    t =    33.57s Checking existence of `Any (First Match)`
    t =    33.66s Checking existence of `StaticText (First Match)`
    t =    33.70s Checking existence of `Any (First Match)`
    t =    33.75s Checking existence of `"Continue" Button`
    t =    34.30s Checking existence of `Any (First Match)`
    t =    34.34s Checking existence of `StaticText (First Match)`
    t =    34.39s Checking existence of `Any (First Match)`
    t =    34.44s Checking existence of `"Continue" Button`
    t =    34.98s Checking existence of `Any (First Match)`
    t =    35.02s Checking existence of `StaticText (First Match)`
    t =    35.06s Checking existence of `Any (First Match)`
    t =    35.10s Checking existence of `"Continue" Button`
    t =    35.65s Checking existence of `Any (First Match)`
    t =    35.68s Checking existence of `StaticText (First Match)`
    t =    35.72s Checking existence of `Any (First Match)`
    t =    35.76s Checking existence of `"Continue" Button`
    t =    36.30s Checking existence of `Any (First Match)`
    t =    36.34s Checking existence of `StaticText (First Match)`
    t =    36.38s Checking existence of `Any (First Match)`
    t =    36.42s Checking existence of `"Continue" Button`
    t =    36.96s Checking existence of `Any (First Match)`
    t =    37.00s Checking existence of `StaticText (First Match)`
    t =    37.03s Checking existence of `Any (First Match)`
    t =    37.07s Checking existence of `"Continue" Button`
    t =    37.61s Checking existence of `Any (First Match)`
    t =    37.65s Checking existence of `StaticText (First Match)`
    t =    37.68s Checking existence of `Any (First Match)`
    t =    37.71s Checking existence of `"Continue" Button`
    t =    38.25s Checking existence of `Any (First Match)`
    t =    38.28s Checking existence of `StaticText (First Match)`
    t =    38.32s Checking existence of `Any (First Match)`
    t =    38.35s Checking existence of `"Continue" Button`
    t =    38.88s Checking existence of `Any (First Match)`
    t =    38.92s Checking existence of `StaticText (First Match)`
    t =    38.95s Checking existence of `Any (First Match)`
    t =    38.99s Checking existence of `"Continue" Button`
    t =    39.54s Checking existence of `Any (First Match)`
    t =    39.56s Checking existence of `StaticText (First Match)`
    t =    39.60s Checking existence of `Any (First Match)`
    t =    39.63s Checking existence of `"Continue" Button`
    t =    40.19s Checking existence of `Any (First Match)`
    t =    40.22s Checking existence of `StaticText (First Match)`
    t =    40.26s Checking existence of `Any (First Match)`
    t =    40.30s Checking existence of `"Continue" Button`
    t =    40.83s Checking existence of `Any (First Match)`
    t =    40.87s Checking existence of `StaticText (First Match)`
    t =    40.90s Checking existence of `Any (First Match)`
    t =    40.94s Checking existence of `"Continue" Button`
    t =    41.48s Checking existence of `Any (First Match)`
    t =    41.57s Checking existence of `StaticText (First Match)`
    t =    41.62s Checking existence of `Any (First Match)`
    t =    41.67s Checking existence of `"Continue" Button`
    t =    42.24s Checking existence of `Any (First Match)`
    t =    42.28s Checking existence of `StaticText (First Match)`
    t =    42.32s Checking existence of `Any (First Match)`
2026-10-06 22:34:33.726387+0000 A1MacProbeUITests-Runner[7674:28995] [general] *** Assertion failure in -[XCUIApplication commonInitWithApplicationSpecifier:device:], XCUIApplication.m:236
/Users/runner/work/orbit/orbit/.a1-probe/UITests/GoogleShotTests.swift:87: error: -[A1MacProbeUITests.GoogleShotTests test7ARefusedGoogleSignInSaysWhy] : The app representing com.apple.AuthenticationServicesCore.AuthenticationServicesAgent could not be found. (NSInternalInconsistencyException)
    t =    43.29s Tear Down
    t =    43.29s     Added attachment named 'mac-GoogleShotTeststest7ARefusedGoogleSignInSaysWhy-notes.txt'
Test Case '-[A1MacProbeUITests.GoogleShotTests test7ARefusedGoogleSignInSaysWhy]' failed (43.547 seconds).
Test Suite 'GoogleShotTests' failed at 2026-10-06 22:34:34.016.
	 Executed 7 tests, with 2 failures (1 unexpected) in 178.355 (178.359) seconds
Test Suite 'A1MacProbeUITests.xctest' failed at 2026-10-06 22:34:34.018.
	 Executed 7 tests, with 2 failures (1 unexpected) in 178.355 (178.361) seconds
Test Suite 'All tests' failed at 2026-10-06 22:34:34.018.
	 Executed 7 tests, with 2 failures (1 unexpected) in 178.355 (178.362) seconds
2026-10-06 22:34:38.145 xcodebuild[2741:14169] [MT] IDETestOperationsObserverDebug: 188.033 elapsed -- Testing started completed.
2026-10-06 22:34:38.145 xcodebuild[2741:14169] [MT] IDETestOperationsObserverDebug: 0.000 sec, +0.000 sec -- start
2026-10-06 22:34:38.145 xcodebuild[2741:14169] [MT] IDETestOperationsObserverDebug: 188.033 sec, +188.033 sec -- end

Test session results, code coverage, and logs:
	/Users/runner/work/orbit/orbit/.a1-probe/results/mac.xcresult

Failing tests:
	GoogleShotTests.test6ContinueWithGoogleSignsIn()
	GoogleShotTests.test7ARefusedGoogleSignInSaysWhy()

** TEST FAILED **

Testing started
