test,target,kind,sequence,control,mode,run,keys,result,window,handoff,keylog
chromium-dark-desktop › orbit-field select-down-tab burst sample 0,orbit-field,select,select-down-tab,select-down,burst,0,ArrowDown Tab,never | list closed | none | @button:Clear selection,1,0,ArrowDown>combobox:Expires[none|f=combobox:Expires|h=None]@37.1 ; Tab>combobox:Expires[listbox×1|f=combobox:Expires|h=Never]@54.6
chromium-dark-desktop › orbit-field select-down-tab burst sample 1,orbit-field,select,select-down-tab,select-down,burst,1,ArrowDown Tab,never | list closed | none | @button:Clear selection,1,0,ArrowDown>combobox:Expires[none|f=combobox:Expires|h=None]@25.7 ; Tab>combobox:Expires[listbox×1|f=combobox:Expires|h=Never]@44.3
chromium-dark-desktop › orbit-field select-down-tab burst sample 2,orbit-field,select,select-down-tab,select-down,burst,2,ArrowDown Tab,never | list closed | none | @button:Clear selection,1,0,ArrowDown>combobox:Expires[none|f=combobox:Expires|h=None]@29.9 ; Tab>combobox:Expires[listbox×1|f=combobox:Expires|h=Never]@47.1
chromium-dark-desktop › orbit-field select-down-tab burst sample 3,orbit-field,select,select-down-tab,select-down,burst,3,ArrowDown Tab,never | list closed | none | @button:Clear selection,1,0,ArrowDown>combobox:Expires[none|f=combobox:Expires|h=None]@32.6 ; Tab>combobox:Expires[listbox×1|f=combobox:Expires|h=Never]@51.5
chromium-dark-desktop › orbit-field select-down-tab burst sample 4,orbit-field,select,select-down-tab,select-down,burst,4,ArrowDown Tab,never | list closed | none | @button:Clear selection,1,0,ArrowDown>combobox:Expires[none|f=combobox:Expires|h=None]@21.1 ; Tab>combobox:Expires[listbox×1|f=combobox:Expires|h=Never]@40.4
chromium-dark-desktop › orbit-field select-down-tab burst sample 5,orbit-field,select,select-down-tab,select-down,burst,5,ArrowDown Tab,never | list closed | none | @button:Clear selection,1,0,ArrowDown>combobox:Expires[none|f=combobox:Expires|h=None]@36.9 ; Tab>combobox:Expires[listbox×1|f=combobox:Expires|h=Never]@55.8
chromium-dark-desktop › orbit-field select-down-tab burst sample 6,orbit-field,select,select-down-tab,select-down,burst,6,ArrowDown Tab,never | list closed | none | @button:Clear selection,1,0,ArrowDown>combobox:Expires[none|f=combobox:Expires|h=None]@26.1 ; Tab>combobox:Expires[listbox×1|f=combobox:Expires|h=Never]@43.9
chromium-dark-desktop › orbit-field select-down-tab burst sample 7,orbit-field,select,select-down-tab,select-down,burst,7,ArrowDown Tab,never | list closed | none | @button:Clear selection,1,0,ArrowDown>combobox:Expires[none|f=combobox:Expires|h=None]@32.7 ; Tab>combobox:Expires[listbox×1|f=combobox:Expires|h=Never]@50.8
chromium-dark-desktop › orbit-field select-down-tab burst sample 8,orbit-field,select,select-down-tab,select-down,burst,8,ArrowDown Tab,never | list closed | none | @button:Clear selection,1,0,ArrowDown>combobox:Expires[none|f=combobox:Expires|h=None]@30 ; Tab>combobox:Expires[listbox×1|f=combobox:Expires|h=Never]@47.7
chromium-dark-desktop › orbit-field select-down-tab burst sample 9,orbit-field,select,select-down-tab,select-down,burst,9,ArrowDown Tab,never | list closed | none | @button:Clear selection,1,0,ArrowDown>combobox:Expires[none|f=combobox:Expires|h=None]@21.3 ; Tab>combobox:Expires[listbox×1|f=combobox:Expires|h=Never]@39.7
chromium-dark-desktop › orbit-field select-down-tab burst sample 10,orbit-field,select,select-down-tab,select-down,burst,10,ArrowDown Tab,never | list closed | none | @button:Clear selection,1,0,ArrowDown>combobox:Expires[none|f=combobox:Expires|h=None]@25.1 ; Tab>combobox:Expires[listbox×1|f=combobox:Expires|h=Never]@45.9
chromium-dark-desktop › orbit-field select-down-tab burst sample 11,orbit-field,select,select-down-tab,select-down,burst,11,ArrowDown Tab,never | list closed | none | @button:Clear selection,1,0,ArrowDown>combobox:Expires[none|f=combobox:Expires|h=None]@36.4 ; Tab>combobox:Expires[listbox×1|f=combobox:Expires|h=Never]@55
chromium-dark-desktop › orbit-field select-down-tab burst sample 12,orbit-field,select,select-down-tab,select-down,burst,12,ArrowDown Tab,never | list closed | none | @button:Clear selection,1,0,ArrowDown>combobox:Expires[none|f=combobox:Expires|h=None]@35.2 ; Tab>combobox:Expires[listbox×1|f=combobox:Expires|h=Never]@54
chromium-dark-desktop › orbit-field select-down-tab burst sample 13,orbit-field,select,select-down-tab,select-down,burst,13,ArrowDown Tab,never | list closed | none | @button:Clear selection,1,0,ArrowDown>combobox:Expires[none|f=combobox:Expires|h=None]@40.5 ; Tab>combobox:Expires[listbox×1|f=combobox:Expires|h=Never]@59.2
chromium-dark-desktop › orbit-field select-down-tab burst sample 14,orbit-field,select,select-down-tab,select-down,burst,14,ArrowDown Tab,never | list closed | none | @button:Clear selection,1,0,ArrowDown>combobox:Expires[none|f=combobox:Expires|h=None]@28.5 ; Tab>combobox:Expires[listbox×1|f=combobox:Expires|h=Never]@46.8
chromium-dark-desktop › orbit-field select-down-tab burst sample 15,orbit-field,select,select-down-tab,select-down,burst,15,ArrowDown Tab,never | list closed | none | @button:Clear selection,1,0,ArrowDown>combobox:Expires[none|f=combobox:Expires|h=None]@29.6 ; Tab>combobox:Expires[listbox×1|f=combobox:Expires|h=Never]@49.5
chromium-dark-desktop › orbit-field select-down-tab burst sample 16,orbit-field,select,select-down-tab,select-down,burst,16,ArrowDown Tab,never | list closed | none | @button:Clear selection,1,0,ArrowDown>combobox:Expires[none|f=combobox:Expires|h=None]@34.3 ; Tab>combobox:Expires[listbox×1|f=combobox:Expires|h=Never]@47.6
chromium-dark-desktop › orbit-field select-down-tab burst sample 17,orbit-field,select,select-down-tab,select-down,burst,17,ArrowDown Tab,never | list closed | none | @button:Clear selection,1,0,ArrowDown>combobox:Expires[none|f=combobox:Expires|h=None]@25 ; Tab>combobox:Expires[listbox×1|f=combobox:Expires|h=Never]@38.6
chromium-dark-desktop › orbit-field select-down-tab burst sample 18,orbit-field,select,select-down-tab,select-down,burst,18,ArrowDown Tab,never | list closed | none | @button:Clear selection,1,0,ArrowDown>combobox:Expires[none|f=combobox:Expires|h=None]@22.4 ; Tab>combobox:Expires[listbox×1|f=combobox:Expires|h=Never]@35.6
chromium-dark-desktop › orbit-field select-down-tab burst sample 19,orbit-field,select,select-down-tab,select-down,burst,19,ArrowDown Tab,never | list closed | none | @button:Clear selection,1,0,ArrowDown>combobox:Expires[none|f=combobox:Expires|h=None]@23.1 ; Tab>combobox:Expires[listbox×1|f=combobox:Expires|h=Never]@40.5
chromium-dark-desktop › orbit-field select-down-tab paced sample 0,orbit-field,select,select-down-tab,select-down,paced,0,ArrowDown Tab,never | list closed | none | @combobox:Workspace,0,0,ArrowDown>combobox:Expires[none|f=combobox:Expires|h=None]@22.7 ; Tab>option:Never[listbox×1|f=option:Never|h=Never]@351.4
chromium-dark-desktop › orbit-field select-down-tab paced sample 1,orbit-field,select,select-down-tab,select-down,paced,1,ArrowDown Tab,never | list closed | none | @combobox:Workspace,0,0,ArrowDown>combobox:Expires[none|f=combobox:Expires|h=None]@35.3 ; Tab>option:Never[listbox×1|f=option:Never|h=Never]@360.1
chromium-dark-desktop › orbit-field select-down-tab paced sample 2,orbit-field,select,select-down-tab,select-down,paced,2,ArrowDown Tab,never | list closed | none | @combobox:Workspace,0,0,ArrowDown>combobox:Expires[none|f=combobox:Expires|h=None]@32.8 ; Tab>option:Never[listbox×1|f=option:Never|h=Never]@359.9
chromium-dark-desktop › orbit-field select-down-tab paced sample 3,orbit-field,select,select-down-tab,select-down,paced,3,ArrowDown Tab,never | list closed | none | @combobox:Workspace,0,0,ArrowDown>combobox:Expires[none|f=combobox:Expires|h=None]@34.8 ; Tab>option:Never[listbox×1|f=option:Never|h=Never]@361.7
chromium-dark-desktop › orbit-field select-down-tab paced sample 4,orbit-field,select,select-down-tab,select-down,paced,4,ArrowDown Tab,never | list closed | none | @combobox:Workspace,0,0,ArrowDown>combobox:Expires[none|f=combobox:Expires|h=None]@30.2 ; Tab>option:Never[listbox×1|f=option:Never|h=Never]@360.8
chromium-dark-desktop › orbit-field select-down-tab paced sample 5,orbit-field,select,select-down-tab,select-down,paced,5,ArrowDown Tab,never | list closed | none | @combobox:Workspace,0,0,ArrowDown>combobox:Expires[none|f=combobox:Expires|h=None]@31.9 ; Tab>option:Never[listbox×1|f=option:Never|h=Never]@363.2
chromium-dark-desktop › orbit-field select-down-tab paced sample 6,orbit-field,select,select-down-tab,select-down,paced,6,ArrowDown Tab,never | list closed | none | @combobox:Workspace,0,0,ArrowDown>combobox:Expires[none|f=combobox:Expires|h=None]@27.6 ; Tab>option:Never[listbox×1|f=option:Never|h=Never]@351
chromium-dark-desktop › orbit-field select-down-tab paced sample 7,orbit-field,select,select-down-tab,select-down,paced,7,ArrowDown Tab,never | list closed | none | @combobox:Workspace,0,0,ArrowDown>combobox:Expires[none|f=combobox:Expires|h=None]@33.2 ; Tab>option:Never[listbox×1|f=option:Never|h=Never]@350.3
chromium-dark-desktop › orbit-field select-down-tab paced sample 8,orbit-field,select,select-down-tab,select-down,paced,8,ArrowDown Tab,never | list closed | none | @combobox:Workspace,0,0,ArrowDown>combobox:Expires[none|f=combobox:Expires|h=None]@37.1 ; Tab>option:Never[listbox×1|f=option:Never|h=Never]@358.7
chromium-dark-desktop › orbit-field select-down-tab paced sample 9,orbit-field,select,select-down-tab,select-down,paced,9,ArrowDown Tab,never | list closed | none | @combobox:Workspace,0,0,ArrowDown>combobox:Expires[none|f=combobox:Expires|h=None]@21.1 ; Tab>option:Never[listbox×1|f=option:Never|h=Never]@338.2
chromium-dark-desktop › orbit-field select-down-tab paced sample 10,orbit-field,select,select-down-tab,select-down,paced,10,ArrowDown Tab,never | list closed | none | @combobox:Workspace,0,0,ArrowDown>combobox:Expires[none|f=combobox:Expires|h=None]@22.1 ; Tab>option:Never[listbox×1|f=option:Never|h=Never]@348.3
chromium-dark-desktop › orbit-field select-down-tab paced sample 11,orbit-field,select,select-down-tab,select-down,paced,11,ArrowDown Tab,never | list closed | none | @combobox:Workspace,0,0,ArrowDown>combobox:Expires[none|f=combobox:Expires|h=None]@29.2 ; Tab>option:Never[listbox×1|f=option:Never|h=Never]@356.2
chromium-dark-desktop › orbit-field select-down-tab paced sample 12,orbit-field,select,select-down-tab,select-down,paced,12,ArrowDown Tab,never | list closed | none | @combobox:Workspace,0,0,ArrowDown>combobox:Expires[none|f=combobox:Expires|h=None]@28.5 ; Tab>option:Never[listbox×1|f=option:Never|h=Never]@354
chromium-dark-desktop › orbit-field select-down-tab paced sample 13,orbit-field,select,select-down-tab,select-down,paced,13,ArrowDown Tab,never | list closed | none | @combobox:Workspace,0,0,ArrowDown>combobox:Expires[none|f=combobox:Expires|h=None]@28 ; Tab>option:Never[listbox×1|f=option:Never|h=Never]@358.3
chromium-dark-desktop › orbit-field select-down-tab paced sample 14,orbit-field,select,select-down-tab,select-down,paced,14,ArrowDown Tab,never | list closed | none | @combobox:Workspace,0,0,ArrowDown>combobox:Expires[none|f=combobox:Expires|h=None]@20.7 ; Tab>option:Never[listbox×1|f=option:Never|h=Never]@344.8
chromium-dark-desktop › orbit-field select-down-tab paced sample 15,orbit-field,select,select-down-tab,select-down,paced,15,ArrowDown Tab,never | list closed | none | @combobox:Workspace,0,0,ArrowDown>combobox:Expires[none|f=combobox:Expires|h=None]@30.5 ; Tab>option:Never[listbox×1|f=option:Never|h=Never]@356.3
chromium-dark-desktop › orbit-field select-down-tab paced sample 16,orbit-field,select,select-down-tab,select-down,paced,16,ArrowDown Tab,never | list closed | none | @combobox:Workspace,0,0,ArrowDown>combobox:Expires[none|f=combobox:Expires|h=None]@32.4 ; Tab>option:Never[listbox×1|f=option:Never|h=Never]@357.8
chromium-dark-desktop › orbit-field select-down-tab paced sample 17,orbit-field,select,select-down-tab,select-down,paced,17,ArrowDown Tab,never | list closed | none | @combobox:Workspace,0,0,ArrowDown>combobox:Expires[none|f=combobox:Expires|h=None]@33.5 ; Tab>option:Never[listbox×1|f=option:Never|h=Never]@358.8
chromium-dark-desktop › orbit-field select-down-tab paced sample 18,orbit-field,select,select-down-tab,select-down,paced,18,ArrowDown Tab,never | list closed | none | @combobox:Workspace,0,0,ArrowDown>combobox:Expires[none|f=combobox:Expires|h=None]@36.2 ; Tab>option:Never[listbox×1|f=option:Never|h=Never]@362.4
chromium-dark-desktop › orbit-field select-down-tab paced sample 19,orbit-field,select,select-down-tab,select-down,paced,19,ArrowDown Tab,never | list closed | none | @combobox:Workspace,0,0,ArrowDown>combobox:Expires[none|f=combobox:Expires|h=None]@22.4 ; Tab>option:Never[listbox×1|f=option:Never|h=Never]@346.6
chromium-dark-desktop › orbit-sample select-down-tab burst sample 0,orbit-sample,select,select-down-tab,select-down,burst,0,ArrowDown Tab,Never | list open | listbox×1 | @option:Never,1,0,ArrowDown>combobox:Sample choice[none|f=combobox:Sample choice|h=None]@36.1 ; Tab>combobox:Sample choice[listbox×1|f=combobox:Sample choice|h=Never]@53.1
chromium-dark-desktop › orbit-sample select-down-tab burst sample 1,orbit-sample,select,select-down-tab,select-down,burst,1,ArrowDown Tab,Never | list open | listbox×1 | @option:Never,1,0,ArrowDown>combobox:Sample choice[none|f=combobox:Sample choice|h=None]@24.8 ; Tab>combobox:Sample choice[listbox×1|f=combobox:Sample choice|h=Never]@42.3
chromium-dark-desktop › orbit-sample select-down-tab burst sample 2,orbit-sample,select,select-down-tab,select-down,burst,2,ArrowDown Tab,Never | list open | listbox×1 | @option:Never,1,0,ArrowDown>combobox:Sample choice[none|f=combobox:Sample choice|h=None]@20.9 ; Tab>combobox:Sample choice[listbox×1|f=combobox:Sample choice|h=Never]@38.9
chromium-dark-desktop › orbit-sample select-down-tab burst sample 3,orbit-sample,select,select-down-tab,select-down,burst,3,ArrowDown Tab,Never | list open | listbox×1 | @option:Never,1,0,ArrowDown>combobox:Sample choice[none|f=combobox:Sample choice|h=None]@33.6 ; Tab>combobox:Sample choice[listbox×1|f=combobox:Sample choice|h=Never]@55.7
chromium-dark-desktop › orbit-sample select-down-tab burst sample 4,orbit-sample,select,select-down-tab,select-down,burst,4,ArrowDown Tab,Never | list open | listbox×1 | @option:Never,1,0,ArrowDown>combobox:Sample choice[none|f=combobox:Sample choice|h=None]@29.7 ; Tab>combobox:Sample choice[listbox×1|f=combobox:Sample choice|h=Never]@48
chromium-dark-desktop › orbit-sample select-down-tab burst sample 5,orbit-sample,select,select-down-tab,select-down,burst,5,ArrowDown Tab,Never | list open | listbox×1 | @option:Never,1,0,ArrowDown>combobox:Sample choice[none|f=combobox:Sample choice|h=None]@23.1 ; Tab>combobox:Sample choice[listbox×1|f=combobox:Sample choice|h=Never]@43.9
chromium-dark-desktop › orbit-sample select-down-tab burst sample 6,orbit-sample,select,select-down-tab,select-down,burst,6,ArrowDown Tab,Never | list open | listbox×1 | @option:Never,1,0,ArrowDown>combobox:Sample choice[none|f=combobox:Sample choice|h=None]@33.6 ; Tab>combobox:Sample choice[listbox×1|f=combobox:Sample choice|h=Never]@52.3
chromium-dark-desktop › orbit-sample select-down-tab burst sample 7,orbit-sample,select,select-down-tab,select-down,burst,7,ArrowDown Tab,Never | list open | listbox×1 | @option:Never,1,0,ArrowDown>combobox:Sample choice[none|f=combobox:Sample choice|h=None]@22.6 ; Tab>combobox:Sample choice[listbox×1|f=combobox:Sample choice|h=Never]@40.4
chromium-dark-desktop › orbit-sample select-down-tab burst sample 8,orbit-sample,select,select-down-tab,select-down,burst,8,ArrowDown Tab,Never | list open | listbox×1 | @option:Never,1,0,ArrowDown>combobox:Sample choice[none|f=combobox:Sample choice|h=None]@24.9 ; Tab>combobox:Sample choice[listbox×1|f=combobox:Sample choice|h=Never]@38.4
chromium-dark-desktop › orbit-sample select-down-tab burst sample 9,orbit-sample,select,select-down-tab,select-down,burst,9,ArrowDown Tab,Never | list open | listbox×1 | @option:Never,1,0,ArrowDown>combobox:Sample choice[none|f=combobox:Sample choice|h=None]@31.2 ; Tab>combobox:Sample choice[listbox×1|f=combobox:Sample choice|h=Never]@49.7
chromium-dark-desktop › orbit-sample select-down-tab burst sample 10,orbit-sample,select,select-down-tab,select-down,burst,10,ArrowDown Tab,Never | list open | listbox×1 | @option:Never,1,0,ArrowDown>combobox:Sample choice[none|f=combobox:Sample choice|h=None]@28.9 ; Tab>combobox:Sample choice[listbox×1|f=combobox:Sample choice|h=Never]@46.4
chromium-dark-desktop › orbit-sample select-down-tab burst sample 11,orbit-sample,select,select-down-tab,select-down,burst,11,ArrowDown Tab,Never | list open | listbox×1 | @option:Never,1,0,ArrowDown>combobox:Sample choice[none|f=combobox:Sample choice|h=None]@36.2 ; Tab>combobox:Sample choice[listbox×1|f=combobox:Sample choice|h=Never]@56.4
chromium-dark-desktop › orbit-sample select-down-tab burst sample 12,orbit-sample,select,select-down-tab,select-down,burst,12,ArrowDown Tab,Never | list open | listbox×1 | @option:Never,1,0,ArrowDown>combobox:Sample choice[none|f=combobox:Sample choice|h=None]@30.5 ; Tab>combobox:Sample choice[listbox×1|f=combobox:Sample choice|h=Never]@47.7
chromium-dark-desktop › orbit-sample select-down-tab burst sample 13,orbit-sample,select,select-down-tab,select-down,burst,13,ArrowDown Tab,Never | list open | listbox×1 | @option:Never,1,0,ArrowDown>combobox:Sample choice[none|f=combobox:Sample choice|h=None]@32.7 ; Tab>combobox:Sample choice[listbox×1|f=combobox:Sample choice|h=Never]@49.9
chromium-dark-desktop › orbit-sample select-down-tab burst sample 14,orbit-sample,select,select-down-tab,select-down,burst,14,ArrowDown Tab,Never | list open | listbox×1 | @option:Never,1,0,ArrowDown>combobox:Sample choice[none|f=combobox:Sample choice|h=None]@33.5 ; Tab>combobox:Sample choice[listbox×1|f=combobox:Sample choice|h=Never]@54.9
chromium-dark-desktop › orbit-sample select-down-tab burst sample 15,orbit-sample,select,select-down-tab,select-down,burst,15,ArrowDown Tab,Never | list open | listbox×1 | @option:Never,1,0,ArrowDown>combobox:Sample choice[none|f=combobox:Sample choice|h=None]@26.6 ; Tab>combobox:Sample choice[listbox×1|f=combobox:Sample choice|h=Never]@43.7
chromium-dark-desktop › orbit-sample select-down-tab burst sample 16,orbit-sample,select,select-down-tab,select-down,burst,16,ArrowDown Tab,Never | list open | listbox×1 | @option:Never,1,0,ArrowDown>combobox:Sample choice[none|f=combobox:Sample choice|h=None]@32.9 ; Tab>combobox:Sample choice[listbox×1|f=combobox:Sample choice|h=Never]@50.2
chromium-dark-desktop › orbit-sample select-down-tab burst sample 17,orbit-sample,select,select-down-tab,select-down,burst,17,ArrowDown Tab,Never | list open | listbox×1 | @option:Never,1,0,ArrowDown>combobox:Sample choice[none|f=combobox:Sample choice|h=None]@20 ; Tab>combobox:Sample choice[listbox×1|f=combobox:Sample choice|h=Never]@36.9
chromium-dark-desktop › orbit-sample select-down-tab burst sample 18,orbit-sample,select,select-down-tab,select-down,burst,18,ArrowDown Tab,Never | list open | listbox×1 | @option:Never,1,0,ArrowDown>combobox:Sample choice[none|f=combobox:Sample choice|h=None]@24 ; Tab>combobox:Sample choice[listbox×1|f=combobox:Sample choice|h=Never]@42
chromium-dark-desktop › orbit-sample select-down-tab burst sample 19,orbit-sample,select,select-down-tab,select-down,burst,19,ArrowDown Tab,Never | list open | listbox×1 | @option:Never,1,0,ArrowDown>combobox:Sample choice[none|f=combobox:Sample choice|h=None]@20.5 ; Tab>combobox:Sample choice[listbox×1|f=combobox:Sample choice|h=Never]@34
chromium-dark-desktop › orbit-sample select-down-tab paced sample 0,orbit-sample,select,select-down-tab,select-down,paced,0,ArrowDown Tab,Never | list closed | none | @combobox:Sample choice,0,0,ArrowDown>combobox:Sample choice[none|f=combobox:Sample choice|h=None]@28.4 ; Tab>option:Never[listbox×1|f=option:Never|h=Never]@352.1
chromium-dark-desktop › orbit-sample select-down-tab paced sample 1,orbit-sample,select,select-down-tab,select-down,paced,1,ArrowDown Tab,Never | list closed | none | @combobox:Sample choice,0,0,ArrowDown>combobox:Sample choice[none|f=combobox:Sample choice|h=None]@27.4 ; Tab>option:Never[listbox×1|f=option:Never|h=Never]@347.5
chromium-dark-desktop › orbit-sample select-down-tab paced sample 2,orbit-sample,select,select-down-tab,select-down,paced,2,ArrowDown Tab,Never | list closed | none | @combobox:Sample choice,0,0,ArrowDown>combobox:Sample choice[none|f=combobox:Sample choice|h=None]@34.2 ; Tab>option:Never[listbox×1|f=option:Never|h=Never]@358
chromium-dark-desktop › orbit-sample select-down-tab paced sample 3,orbit-sample,select,select-down-tab,select-down,paced,3,ArrowDown Tab,Never | list closed | none | @combobox:Sample choice,0,0,ArrowDown>combobox:Sample choice[none|f=combobox:Sample choice|h=None]@23.8 ; Tab>option:Never[listbox×1|f=option:Never|h=Never]@348.2
chromium-dark-desktop › orbit-sample select-down-tab paced sample 4,orbit-sample,select,select-down-tab,select-down,paced,4,ArrowDown Tab,Never | list closed | none | @combobox:Sample choice,0,0,ArrowDown>combobox:Sample choice[none|f=combobox:Sample choice|h=None]@26.2 ; Tab>option:Never[listbox×1|f=option:Never|h=Never]@351.2
chromium-dark-desktop › orbit-sample select-down-tab paced sample 5,orbit-sample,select,select-down-tab,select-down,paced,5,ArrowDown Tab,Never | list closed | none | @combobox:Sample choice,0,0,ArrowDown>combobox:Sample choice[none|f=combobox:Sample choice|h=None]@33.4 ; Tab>option:Never[listbox×1|f=option:Never|h=Never]@357.6
chromium-dark-desktop › orbit-sample select-down-tab paced sample 6,orbit-sample,select,select-down-tab,select-down,paced,6,ArrowDown Tab,Never | list closed | none | @combobox:Sample choice,0,0,ArrowDown>combobox:Sample choice[none|f=combobox:Sample choice|h=None]@32.2 ; Tab>option:Never[listbox×1|f=option:Never|h=Never]@356.9
chromium-dark-desktop › orbit-sample select-down-tab paced sample 7,orbit-sample,select,select-down-tab,select-down,paced,7,ArrowDown Tab,Never | list closed | none | @combobox:Sample choice,0,0,ArrowDown>combobox:Sample choice[none|f=combobox:Sample choice|h=None]@35.1 ; Tab>option:Never[listbox×1|f=option:Never|h=Never]@361.2
chromium-dark-desktop › orbit-sample select-down-tab paced sample 8,orbit-sample,select,select-down-tab,select-down,paced,8,ArrowDown Tab,Never | list closed | none | @combobox:Sample choice,0,0,ArrowDown>combobox:Sample choice[none|f=combobox:Sample choice|h=None]@32.5 ; Tab>option:Never[listbox×1|f=option:Never|h=Never]@357.1
chromium-dark-desktop › orbit-sample select-down-tab paced sample 9,orbit-sample,select,select-down-tab,select-down,paced,9,ArrowDown Tab,Never | list closed | none | @combobox:Sample choice,0,0,ArrowDown>combobox:Sample choice[none|f=combobox:Sample choice|h=None]@23 ; Tab>option:Never[listbox×1|f=option:Never|h=Never]@348.1
chromium-dark-desktop › orbit-sample select-down-tab paced sample 10,orbit-sample,select,select-down-tab,select-down,paced,10,ArrowDown Tab,Never | list closed | none | @combobox:Sample choice,0,0,ArrowDown>combobox:Sample choice[none|f=combobox:Sample choice|h=None]@27.8 ; Tab>option:Never[listbox×1|f=option:Never|h=Never]@350.4
chromium-dark-desktop › orbit-sample select-down-tab paced sample 11,orbit-sample,select,select-down-tab,select-down,paced,11,ArrowDown Tab,Never | list closed | none | @combobox:Sample choice,0,0,ArrowDown>combobox:Sample choice[none|f=combobox:Sample choice|h=None]@30.8 ; Tab>option:Never[listbox×1|f=option:Never|h=Never]@347.6
chromium-dark-desktop › orbit-sample select-down-tab paced sample 12,orbit-sample,select,select-down-tab,select-down,paced,12,ArrowDown Tab,Never | list closed | none | @combobox:Sample choice,0,0,ArrowDown>combobox:Sample choice[none|f=combobox:Sample choice|h=None]@21 ; Tab>option:Never[listbox×1|f=option:Never|h=Never]@340.2
chromium-dark-desktop › orbit-sample select-down-tab paced sample 13,orbit-sample,select,select-down-tab,select-down,paced,13,ArrowDown Tab,Never | list closed | none | @combobox:Sample choice,0,0,ArrowDown>combobox:Sample choice[none|f=combobox:Sample choice|h=None]@23.2 ; Tab>option:Never[listbox×1|f=option:Never|h=Never]@341.1
chromium-dark-desktop › orbit-sample select-down-tab paced sample 14,orbit-sample,select,select-down-tab,select-down,paced,14,ArrowDown Tab,Never | list closed | none | @combobox:Sample choice,0,0,ArrowDown>combobox:Sample choice[none|f=combobox:Sample choice|h=None]@34.3 ; Tab>option:Never[listbox×1|f=option:Never|h=Never]@354.5
chromium-dark-desktop › orbit-sample select-down-tab paced sample 15,orbit-sample,select,select-down-tab,select-down,paced,15,ArrowDown Tab,Never | list closed | none | @combobox:Sample choice,0,0,ArrowDown>combobox:Sample choice[none|f=combobox:Sample choice|h=None]@25.9 ; Tab>option:Never[listbox×1|f=option:Never|h=Never]@345.7
chromium-dark-desktop › orbit-sample select-down-tab paced sample 16,orbit-sample,select,select-down-tab,select-down,paced,16,ArrowDown Tab,Never | list closed | none | @combobox:Sample choice,0,0,ArrowDown>combobox:Sample choice[none|f=combobox:Sample choice|h=None]@26.6 ; Tab>option:Never[listbox×1|f=option:Never|h=Never]@343.3
chromium-dark-desktop › orbit-sample select-down-tab paced sample 17,orbit-sample,select,select-down-tab,select-down,paced,17,ArrowDown Tab,Never | list closed | none | @combobox:Sample choice,0,0,ArrowDown>combobox:Sample choice[none|f=combobox:Sample choice|h=None]@24.9 ; Tab>option:Never[listbox×1|f=option:Never|h=Never]@345.8
chromium-dark-desktop › orbit-sample select-down-tab paced sample 18,orbit-sample,select,select-down-tab,select-down,paced,18,ArrowDown Tab,Never | list closed | none | @combobox:Sample choice,0,0,ArrowDown>combobox:Sample choice[none|f=combobox:Sample choice|h=None]@19.2 ; Tab>option:Never[listbox×1|f=option:Never|h=Never]@343.4
chromium-dark-desktop › orbit-sample select-down-tab paced sample 19,orbit-sample,select,select-down-tab,select-down,paced,19,ArrowDown Tab,Never | list closed | none | @combobox:Sample choice,0,0,ArrowDown>combobox:Sample choice[none|f=combobox:Sample choice|h=None]@32.9 ; Tab>option:Never[listbox×1|f=option:Never|h=Never]@356.7
chromium-dark-desktop › antd-sample select-down-tab burst sample 0,antd-sample,select,select-down-tab,select-down,burst,0,ArrowDown Tab,Never | list closed | none | @combobox:Sample choice,1,0,ArrowDown>combobox:Sample choice[none|f=combobox:Sample choice|h=None]@21.2 ; Tab>combobox:Sample choice[listbox×1|f=combobox:Sample choice|h=Never]@43.4
chromium-dark-desktop › antd-sample select-down-tab burst sample 1,antd-sample,select,select-down-tab,select-down,burst,1,ArrowDown Tab,Never | list closed | none | @combobox:Sample choice,1,0,ArrowDown>combobox:Sample choice[none|f=combobox:Sample choice|h=None]@28 ; Tab>combobox:Sample choice[listbox×1|f=combobox:Sample choice|h=Never]@53
chromium-dark-desktop › antd-sample select-down-tab burst sample 2,antd-sample,select,select-down-tab,select-down,burst,2,ArrowDown Tab,Never | list closed | none | @combobox:Sample choice,1,0,ArrowDown>combobox:Sample choice[none|f=combobox:Sample choice|h=None]@36.1 ; Tab>combobox:Sample choice[listbox×1|f=combobox:Sample choice|h=Never]@60.3
chromium-dark-desktop › antd-sample select-down-tab burst sample 3,antd-sample,select,select-down-tab,select-down,burst,3,ArrowDown Tab,Never | list closed | none | @combobox:Sample choice,1,0,ArrowDown>combobox:Sample choice[none|f=combobox:Sample choice|h=None]@26.6 ; Tab>combobox:Sample choice[listbox×1|f=combobox:Sample choice|h=Never]@50.5
chromium-dark-desktop › antd-sample select-down-tab burst sample 4,antd-sample,select,select-down-tab,select-down,burst,4,ArrowDown Tab,Never | list closed | none | @combobox:Sample choice,1,0,ArrowDown>combobox:Sample choice[none|f=combobox:Sample choice|h=None]@28.3 ; Tab>combobox:Sample choice[listbox×1|f=combobox:Sample choice|h=Never]@49.8
chromium-dark-desktop › antd-sample select-down-tab burst sample 5,antd-sample,select,select-down-tab,select-down,burst,5,ArrowDown Tab,Never | list closed | none | @combobox:Sample choice,1,0,ArrowDown>combobox:Sample choice[none|f=combobox:Sample choice|h=None]@22.4 ; Tab>combobox:Sample choice[listbox×1|f=combobox:Sample choice|h=Never]@43.3
chromium-dark-desktop › antd-sample select-down-tab burst sample 6,antd-sample,select,select-down-tab,select-down,burst,6,ArrowDown Tab,Never | list closed | none | @combobox:Sample choice,1,0,ArrowDown>combobox:Sample choice[none|f=combobox:Sample choice|h=None]@33 ; Tab>combobox:Sample choice[listbox×1|f=combobox:Sample choice|h=Never]@55.3
chromium-dark-desktop › antd-sample select-down-tab burst sample 7,antd-sample,select,select-down-tab,select-down,burst,7,ArrowDown Tab,Never | list closed | none | @combobox:Sample choice,1,0,ArrowDown>combobox:Sample choice[none|f=combobox:Sample choice|h=None]@29.7 ; Tab>combobox:Sample choice[listbox×1|f=combobox:Sample choice|h=Never]@51.5
chromium-dark-desktop › antd-sample select-down-tab burst sample 8,antd-sample,select,select-down-tab,select-down,burst,8,ArrowDown Tab,Never | list closed | none | @combobox:Sample choice,1,0,ArrowDown>combobox:Sample choice[none|f=combobox:Sample choice|h=None]@24.9 ; Tab>combobox:Sample choice[listbox×1|f=combobox:Sample choice|h=Never]@47
chromium-dark-desktop › antd-sample select-down-tab burst sample 9,antd-sample,select,select-down-tab,select-down,burst,9,ArrowDown Tab,Never | list closed | none | @combobox:Sample choice,1,0,ArrowDown>combobox:Sample choice[none|f=combobox:Sample choice|h=None]@23.3 ; Tab>combobox:Sample choice[listbox×1|f=combobox:Sample choice|h=Never]@46.1
chromium-dark-desktop › antd-sample select-down-tab burst sample 10,antd-sample,select,select-down-tab,select-down,burst,10,ArrowDown Tab,Never | list closed | none | @combobox:Sample choice,1,0,ArrowDown>combobox:Sample choice[none|f=combobox:Sample choice|h=None]@28.7 ; Tab>combobox:Sample choice[listbox×1|f=combobox:Sample choice|h=Never]@50.1
chromium-dark-desktop › antd-sample select-down-tab burst sample 11,antd-sample,select,select-down-tab,select-down,burst,11,ArrowDown Tab,Never | list closed | none | @combobox:Sample choice,1,0,ArrowDown>combobox:Sample choice[none|f=combobox:Sample choice|h=None]@30.1 ; Tab>combobox:Sample choice[listbox×1|f=combobox:Sample choice|h=Never]@51.6
chromium-dark-desktop › antd-sample select-down-tab burst sample 12,antd-sample,select,select-down-tab,select-down,burst,12,ArrowDown Tab,Never | list closed | none | @combobox:Sample choice,1,0,ArrowDown>combobox:Sample choice[none|f=combobox:Sample choice|h=None]@20 ; Tab>combobox:Sample choice[listbox×1|f=combobox:Sample choice|h=Never]@41.7
chromium-dark-desktop › antd-sample select-down-tab burst sample 13,antd-sample,select,select-down-tab,select-down,burst,13,ArrowDown Tab,Never | list closed | none | @combobox:Sample choice,1,0,ArrowDown>combobox:Sample choice[none|f=combobox:Sample choice|h=None]@23.5 ; Tab>combobox:Sample choice[listbox×1|f=combobox:Sample choice|h=Never]@45.8
chromium-dark-desktop › antd-sample select-down-tab burst sample 14,antd-sample,select,select-down-tab,select-down,burst,14,ArrowDown Tab,Never | list closed | none | @combobox:Sample choice,1,0,ArrowDown>combobox:Sample choice[none|f=combobox:Sample choice|h=None]@34 ; Tab>combobox:Sample choice[listbox×1|f=combobox:Sample choice|h=Never]@58.9
chromium-dark-desktop › antd-sample select-down-tab burst sample 15,antd-sample,select,select-down-tab,select-down,burst,15,ArrowDown Tab,Never | list closed | none | @combobox:Sample choice,1,0,ArrowDown>combobox:Sample choice[none|f=combobox:Sample choice|h=None]@22.4 ; Tab>combobox:Sample choice[listbox×1|f=combobox:Sample choice|h=Never]@45.4
chromium-dark-desktop › antd-sample select-down-tab burst sample 16,antd-sample,select,select-down-tab,select-down,burst,16,ArrowDown Tab,Never | list closed | none | @combobox:Sample choice,1,0,ArrowDown>combobox:Sample choice[none|f=combobox:Sample choice|h=None]@23.3 ; Tab>combobox:Sample choice[listbox×1|f=combobox:Sample choice|h=Never]@46.2
chromium-dark-desktop › antd-sample select-down-tab burst sample 17,antd-sample,select,select-down-tab,select-down,burst,17,ArrowDown Tab,Never | list closed | none | @combobox:Sample choice,1,0,ArrowDown>combobox:Sample choice[none|f=combobox:Sample choice|h=None]@16.2 ; Tab>combobox:Sample choice[listbox×1|f=combobox:Sample choice|h=Never]@39.5
chromium-dark-desktop › antd-sample select-down-tab burst sample 18,antd-sample,select,select-down-tab,select-down,burst,18,ArrowDown Tab,Never | list closed | none | @combobox:Sample choice,1,0,ArrowDown>combobox:Sample choice[none|f=combobox:Sample choice|h=None]@30.5 ; Tab>combobox:Sample choice[listbox×1|f=combobox:Sample choice|h=Never]@52.9
chromium-dark-desktop › antd-sample select-down-tab burst sample 19,antd-sample,select,select-down-tab,select-down,burst,19,ArrowDown Tab,Never | list closed | none | @combobox:Sample choice,1,0,ArrowDown>combobox:Sample choice[none|f=combobox:Sample choice|h=None]@22.7 ; Tab>combobox:Sample choice[listbox×1|f=combobox:Sample choice|h=Never]@45
chromium-dark-desktop › antd-sample select-down-tab paced sample 0,antd-sample,select,select-down-tab,select-down,paced,0,ArrowDown Tab,Never | list closed | none | @combobox:Sample choice,1,0,ArrowDown>combobox:Sample choice[none|f=combobox:Sample choice|h=None]@33.4 ; Tab>combobox:Sample choice[listbox×1|f=combobox:Sample choice|h=Never]@366.3
chromium-dark-desktop › antd-sample select-down-tab paced sample 1,antd-sample,select,select-down-tab,select-down,paced,1,ArrowDown Tab,Never | list closed | none | @combobox:Sample choice,1,0,ArrowDown>combobox:Sample choice[none|f=combobox:Sample choice|h=None]@35.9 ; Tab>combobox:Sample choice[listbox×1|f=combobox:Sample choice|h=Never]@366.9
chromium-dark-desktop › antd-sample select-down-tab paced sample 2,antd-sample,select,select-down-tab,select-down,paced,2,ArrowDown Tab,Never | list closed | none | @combobox:Sample choice,1,0,ArrowDown>combobox:Sample choice[none|f=combobox:Sample choice|h=None]@31.6 ; Tab>combobox:Sample choice[listbox×1|f=combobox:Sample choice|h=Never]@365.7
chromium-dark-desktop › antd-sample select-down-tab paced sample 3,antd-sample,select,select-down-tab,select-down,paced,3,ArrowDown Tab,Never | list closed | none | @combobox:Sample choice,1,0,ArrowDown>combobox:Sample choice[none|f=combobox:Sample choice|h=None]@34.7 ; Tab>combobox:Sample choice[listbox×1|f=combobox:Sample choice|h=Never]@365.7
chromium-dark-desktop › antd-sample select-down-tab paced sample 4,antd-sample,select,select-down-tab,select-down,paced,4,ArrowDown Tab,Never | list closed | none | @combobox:Sample choice,1,0,ArrowDown>combobox:Sample choice[none|f=combobox:Sample choice|h=None]@22 ; Tab>combobox:Sample choice[listbox×1|f=combobox:Sample choice|h=Never]@351.6
chromium-dark-desktop › antd-sample select-down-tab paced sample 5,antd-sample,select,select-down-tab,select-down,paced,5,ArrowDown Tab,Never | list closed | none | @combobox:Sample choice,1,0,ArrowDown>combobox:Sample choice[none|f=combobox:Sample choice|h=None]@26.6 ; Tab>combobox:Sample choice[listbox×1|f=combobox:Sample choice|h=Never]@356.8
chromium-dark-desktop › antd-sample select-down-tab paced sample 6,antd-sample,select,select-down-tab,select-down,paced,6,ArrowDown Tab,Never | list closed | none | @combobox:Sample choice,1,0,ArrowDown>combobox:Sample choice[none|f=combobox:Sample choice|h=None]@30.7 ; Tab>combobox:Sample choice[listbox×1|f=combobox:Sample choice|h=Never]@357.3
chromium-dark-desktop › antd-sample select-down-tab paced sample 7,antd-sample,select,select-down-tab,select-down,paced,7,ArrowDown Tab,Never | list closed | none | @combobox:Sample choice,1,0,ArrowDown>combobox:Sample choice[none|f=combobox:Sample choice|h=None]@30.5 ; Tab>combobox:Sample choice[listbox×1|f=combobox:Sample choice|h=Never]@357.8
chromium-dark-desktop › antd-sample select-down-tab paced sample 8,antd-sample,select,select-down-tab,select-down,paced,8,ArrowDown Tab,Never | list closed | none | @combobox:Sample choice,1,0,ArrowDown>combobox:Sample choice[none|f=combobox:Sample choice|h=None]@20.7 ; Tab>combobox:Sample choice[listbox×1|f=combobox:Sample choice|h=Never]@349.8
chromium-dark-desktop › antd-sample select-down-tab paced sample 9,antd-sample,select,select-down-tab,select-down,paced,9,ArrowDown Tab,Never | list closed | none | @combobox:Sample choice,1,0,ArrowDown>combobox:Sample choice[none|f=combobox:Sample choice|h=None]@34.9 ; Tab>combobox:Sample choice[listbox×1|f=combobox:Sample choice|h=Never]@368.2
chromium-dark-desktop › antd-sample select-down-tab paced sample 10,antd-sample,select,select-down-tab,select-down,paced,10,ArrowDown Tab,Never | list closed | none | @combobox:Sample choice,1,0,ArrowDown>combobox:Sample choice[none|f=combobox:Sample choice|h=None]@30.9 ; Tab>combobox:Sample choice[listbox×1|f=combobox:Sample choice|h=Never]@357.8
chromium-dark-desktop › antd-sample select-down-tab paced sample 11,antd-sample,select,select-down-tab,select-down,paced,11,ArrowDown Tab,Never | list closed | none | @combobox:Sample choice,1,0,ArrowDown>combobox:Sample choice[none|f=combobox:Sample choice|h=None]@23.4 ; Tab>combobox:Sample choice[listbox×1|f=combobox:Sample choice|h=Never]@350.1
chromium-dark-desktop › antd-sample select-down-tab paced sample 12,antd-sample,select,select-down-tab,select-down,paced,12,ArrowDown Tab,Never | list closed | none | @combobox:Sample choice,1,0,ArrowDown>combobox:Sample choice[none|f=combobox:Sample choice|h=None]@23.1 ; Tab>combobox:Sample choice[listbox×1|f=combobox:Sample choice|h=Never]@355.7
chromium-dark-desktop › antd-sample select-down-tab paced sample 13,antd-sample,select,select-down-tab,select-down,paced,13,ArrowDown Tab,Never | list closed | none | @combobox:Sample choice,1,0,ArrowDown>combobox:Sample choice[none|f=combobox:Sample choice|h=None]@32.6 ; Tab>combobox:Sample choice[listbox×1|f=combobox:Sample choice|h=Never]@365.1
chromium-dark-desktop › antd-sample select-down-tab paced sample 14,antd-sample,select,select-down-tab,select-down,paced,14,ArrowDown Tab,Never | list closed | none | @combobox:Sample choice,1,0,ArrowDown>combobox:Sample choice[none|f=combobox:Sample choice|h=None]@33.1 ; Tab>combobox:Sample choice[listbox×1|f=combobox:Sample choice|h=Never]@360.7
chromium-dark-desktop › antd-sample select-down-tab paced sample 15,antd-sample,select,select-down-tab,select-down,paced,15,ArrowDown Tab,Never | list closed | none | @combobox:Sample choice,1,0,ArrowDown>combobox:Sample choice[none|f=combobox:Sample choice|h=None]@28.8 ; Tab>combobox:Sample choice[listbox×1|f=combobox:Sample choice|h=Never]@357.2
chromium-dark-desktop › antd-sample select-down-tab paced sample 16,antd-sample,select,select-down-tab,select-down,paced,16,ArrowDown Tab,Never | list closed | none | @combobox:Sample choice,1,0,ArrowDown>combobox:Sample choice[none|f=combobox:Sample choice|h=None]@17.9 ; Tab>combobox:Sample choice[listbox×1|f=combobox:Sample choice|h=Never]@346.6
chromium-dark-desktop › antd-sample select-down-tab paced sample 17,antd-sample,select,select-down-tab,select-down,paced,17,ArrowDown Tab,Never | list closed | none | @combobox:Sample choice,1,0,ArrowDown>combobox:Sample choice[none|f=combobox:Sample choice|h=None]@21.7 ; Tab>combobox:Sample choice[listbox×1|f=combobox:Sample choice|h=Never]@350.8
chromium-dark-desktop › antd-sample select-down-tab paced sample 18,antd-sample,select,select-down-tab,select-down,paced,18,ArrowDown Tab,Never | list closed | none | @combobox:Sample choice,1,0,ArrowDown>combobox:Sample choice[none|f=combobox:Sample choice|h=None]@34.9 ; Tab>combobox:Sample choice[listbox×1|f=combobox:Sample choice|h=Never]@362.5
chromium-dark-desktop › antd-sample select-down-tab paced sample 19,antd-sample,select,select-down-tab,select-down,paced,19,ArrowDown Tab,Never | list closed | none | @combobox:Sample choice,1,0,ArrowDown>combobox:Sample choice[none|f=combobox:Sample choice|h=None]@28.5 ; Tab>combobox:Sample choice[listbox×1|f=combobox:Sample choice|h=Never]@357
chromium-dark-desktop › orbit-field select-down-shift-tab burst sample 0,orbit-field,select,select-down-shift-tab,select-down,burst,0,ArrowDown Shift+Tab,never | list closed | none | @button:Open legacy Modal,1,0,ArrowDown>combobox:Expires[none|f=combobox:Expires|h=None]@28.2 ; Shift+Tab>combobox:Expires[listbox×1|f=combobox:Expires|h=Never]@45.9
chromium-dark-desktop › orbit-field select-down-shift-tab burst sample 1,orbit-field,select,select-down-shift-tab,select-down,burst,1,ArrowDown Shift+Tab,never | list closed | none | @button:Open legacy Modal,1,0,ArrowDown>combobox:Expires[none|f=combobox:Expires|h=None]@31.9 ; Shift+Tab>combobox:Expires[listbox×1|f=combobox:Expires|h=Never]@52.2
chromium-dark-desktop › orbit-field select-down-shift-tab burst sample 2,orbit-field,select,select-down-shift-tab,select-down,burst,2,ArrowDown Shift+Tab,never | list closed | none | @button:Open legacy Modal,1,0,ArrowDown>combobox:Expires[none|f=combobox:Expires|h=None]@27.1 ; Shift+Tab>combobox:Expires[listbox×1|f=combobox:Expires|h=Never]@49.8
chromium-dark-desktop › orbit-field select-down-shift-tab burst sample 3,orbit-field,select,select-down-shift-tab,select-down,burst,3,ArrowDown Shift+Tab,never | list closed | none | @button:Open legacy Modal,1,0,ArrowDown>combobox:Expires[none|f=combobox:Expires|h=None]@33.3 ; Shift+Tab>combobox:Expires[listbox×1|f=combobox:Expires|h=Never]@57.2
chromium-dark-desktop › orbit-field select-down-shift-tab burst sample 4,orbit-field,select,select-down-shift-tab,select-down,burst,4,ArrowDown Shift+Tab,never | list closed | none | @button:Open legacy Modal,1,0,ArrowDown>combobox:Expires[none|f=combobox:Expires|h=None]@22.1 ; Shift+Tab>combobox:Expires[listbox×1|f=combobox:Expires|h=Never]@39.8
chromium-dark-desktop › orbit-field select-down-shift-tab burst sample 5,orbit-field,select,select-down-shift-tab,select-down,burst,5,ArrowDown Shift+Tab,never | list closed | none | @button:Open legacy Modal,1,0,ArrowDown>combobox:Expires[none|f=combobox:Expires|h=None]@32.1 ; Shift+Tab>combobox:Expires[listbox×1|f=combobox:Expires|h=Never]@50.1
chromium-dark-desktop › orbit-field select-down-shift-tab burst sample 6,orbit-field,select,select-down-shift-tab,select-down,burst,6,ArrowDown Shift+Tab,never | list closed | none | @button:Open legacy Modal,1,0,ArrowDown>combobox:Expires[none|f=combobox:Expires|h=None]@31.7 ; Shift+Tab>combobox:Expires[listbox×1|f=combobox:Expires|h=Never]@50.3
chromium-dark-desktop › orbit-field select-down-shift-tab burst sample 7,orbit-field,select,select-down-shift-tab,select-down,burst,7,ArrowDown Shift+Tab,never | list closed | none | @button:Open legacy Modal,1,0,ArrowDown>combobox:Expires[none|f=combobox:Expires|h=None]@28.8 ; Shift+Tab>combobox:Expires[listbox×1|f=combobox:Expires|h=Never]@49.3
chromium-dark-desktop › orbit-field select-down-shift-tab burst sample 8,orbit-field,select,select-down-shift-tab,select-down,burst,8,ArrowDown Shift+Tab,never | list closed | none | @button:Open legacy Modal,1,0,ArrowDown>combobox:Expires[none|f=combobox:Expires|h=None]@21.4 ; Shift+Tab>combobox:Expires[listbox×1|f=combobox:Expires|h=Never]@41.6
chromium-dark-desktop › orbit-field select-down-shift-tab burst sample 9,orbit-field,select,select-down-shift-tab,select-down,burst,9,ArrowDown Shift+Tab,never | list closed | none | @button:Open legacy Modal,1,0,ArrowDown>combobox:Expires[none|f=combobox:Expires|h=None]@27.7 ; Shift+Tab>combobox:Expires[listbox×1|f=combobox:Expires|h=Never]@47.1
chromium-dark-desktop › orbit-field select-down-shift-tab burst sample 10,orbit-field,select,select-down-shift-tab,select-down,burst,10,ArrowDown Shift+Tab,never | list closed | none | @button:Open legacy Modal,1,0,ArrowDown>combobox:Expires[none|f=combobox:Expires|h=None]@35 ; Shift+Tab>combobox:Expires[listbox×1|f=combobox:Expires|h=Never]@59.4
chromium-dark-desktop › orbit-field select-down-shift-tab burst sample 11,orbit-field,select,select-down-shift-tab,select-down,burst,11,ArrowDown Shift+Tab,never | list closed | none | @button:Open legacy Modal,1,0,ArrowDown>combobox:Expires[none|f=combobox:Expires|h=None]@27.1 ; Shift+Tab>combobox:Expires[listbox×1|f=combobox:Expires|h=Never]@44.6
chromium-dark-desktop › orbit-field select-down-shift-tab burst sample 12,orbit-field,select,select-down-shift-tab,select-down,burst,12,ArrowDown Shift+Tab,never | list closed | none | @button:Open legacy Modal,1,0,ArrowDown>combobox:Expires[none|f=combobox:Expires|h=None]@32.9 ; Shift+Tab>combobox:Expires[listbox×1|f=combobox:Expires|h=Never]@51.9
chromium-dark-desktop › orbit-field select-down-shift-tab burst sample 13,orbit-field,select,select-down-shift-tab,select-down,burst,13,ArrowDown Shift+Tab,never | list closed | none | @button:Open legacy Modal,1,0,ArrowDown>combobox:Expires[none|f=combobox:Expires|h=None]@23.8 ; Shift+Tab>combobox:Expires[listbox×1|f=combobox:Expires|h=Never]@43.4
chromium-dark-desktop › orbit-field select-down-shift-tab burst sample 14,orbit-field,select,select-down-shift-tab,select-down,burst,14,ArrowDown Shift+Tab,never | list closed | none | @button:Open legacy Modal,1,0,ArrowDown>combobox:Expires[none|f=combobox:Expires|h=None]@33.8 ; Shift+Tab>combobox:Expires[listbox×1|f=combobox:Expires|h=Never]@51.9
chromium-dark-desktop › orbit-field select-down-shift-tab burst sample 15,orbit-field,select,select-down-shift-tab,select-down,burst,15,ArrowDown Shift+Tab,never | list closed | none | @button:Open legacy Modal,1,0,ArrowDown>combobox:Expires[none|f=combobox:Expires|h=None]@26.9 ; Shift+Tab>combobox:Expires[listbox×1|f=combobox:Expires|h=Never]@49.4
chromium-dark-desktop › orbit-field select-down-shift-tab burst sample 16,orbit-field,select,select-down-shift-tab,select-down,burst,16,ArrowDown Shift+Tab,never | list closed | none | @button:Open legacy Modal,1,0,ArrowDown>combobox:Expires[none|f=combobox:Expires|h=None]@22.1 ; Shift+Tab>combobox:Expires[listbox×1|f=combobox:Expires|h=Never]@40.5
chromium-dark-desktop › orbit-field select-down-shift-tab burst sample 17,orbit-field,select,select-down-shift-tab,select-down,burst,17,ArrowDown Shift+Tab,never | list closed | none | @button:Open legacy Modal,1,0,ArrowDown>combobox:Expires[none|f=combobox:Expires|h=None]@38 ; Shift+Tab>combobox:Expires[listbox×1|f=combobox:Expires|h=Never]@56.9
chromium-dark-desktop › orbit-field select-down-shift-tab burst sample 18,orbit-field,select,select-down-shift-tab,select-down,burst,18,ArrowDown Shift+Tab,never | list closed | none | @button:Open legacy Modal,1,0,ArrowDown>combobox:Expires[none|f=combobox:Expires|h=None]@32.4 ; Shift+Tab>combobox:Expires[listbox×1|f=combobox:Expires|h=Never]@50.7
chromium-dark-desktop › orbit-field select-down-shift-tab burst sample 19,orbit-field,select,select-down-shift-tab,select-down,burst,19,ArrowDown Shift+Tab,never | list closed | none | @button:Open legacy Modal,1,0,ArrowDown>combobox:Expires[none|f=combobox:Expires|h=None]@20.8 ; Shift+Tab>combobox:Expires[listbox×1|f=combobox:Expires|h=Never]@39
chromium-dark-desktop › orbit-field select-down-shift-tab paced sample 0,orbit-field,select,select-down-shift-tab,select-down,paced,0,ArrowDown Shift+Tab,never | list closed | none | @combobox:Expires,0,0,ArrowDown>combobox:Expires[none|f=combobox:Expires|h=None]@29.2 ; Shift+Tab>option:Never[listbox×1|f=option:Never|h=Never]@367.5
chromium-dark-desktop › orbit-field select-down-shift-tab paced sample 1,orbit-field,select,select-down-shift-tab,select-down,paced,1,ArrowDown Shift+Tab,never | list closed | none | @combobox:Expires,0,0,ArrowDown>combobox:Expires[none|f=combobox:Expires|h=None]@30.2 ; Shift+Tab>option:Never[listbox×1|f=option:Never|h=Never]@359.2
chromium-dark-desktop › orbit-field select-down-shift-tab paced sample 2,orbit-field,select,select-down-shift-tab,select-down,paced,2,ArrowDown Shift+Tab,never | list closed | none | @combobox:Expires,0,0,ArrowDown>combobox:Expires[none|f=combobox:Expires|h=None]@30.9 ; Shift+Tab>option:Never[listbox×1|f=option:Never|h=Never]@360.1
chromium-dark-desktop › orbit-field select-down-shift-tab paced sample 3,orbit-field,select,select-down-shift-tab,select-down,paced,3,ArrowDown Shift+Tab,never | list closed | none | @combobox:Expires,0,0,ArrowDown>combobox:Expires[none|f=combobox:Expires|h=None]@38.1 ; Shift+Tab>option:Never[listbox×1|f=option:Never|h=Never]@366.5
chromium-dark-desktop › orbit-field select-down-shift-tab paced sample 4,orbit-field,select,select-down-shift-tab,select-down,paced,4,ArrowDown Shift+Tab,never | list closed | none | @combobox:Expires,0,0,ArrowDown>combobox:Expires[none|f=combobox:Expires|h=None]@36.4 ; Shift+Tab>option:Never[listbox×1|f=option:Never|h=Never]@363.7
chromium-dark-desktop › orbit-field select-down-shift-tab paced sample 5,orbit-field,select,select-down-shift-tab,select-down,paced,5,ArrowDown Shift+Tab,never | list closed | none | @combobox:Expires,0,0,ArrowDown>combobox:Expires[none|f=combobox:Expires|h=None]@29.5 ; Shift+Tab>option:Never[listbox×1|f=option:Never|h=Never]@364.1
chromium-dark-desktop › orbit-field select-down-shift-tab paced sample 6,orbit-field,select,select-down-shift-tab,select-down,paced,6,ArrowDown Shift+Tab,never | list closed | none | @combobox:Expires,0,0,ArrowDown>combobox:Expires[none|f=combobox:Expires|h=None]@24.2 ; Shift+Tab>option:Never[listbox×1|f=option:Never|h=Never]@350.3
chromium-dark-desktop › orbit-field select-down-shift-tab paced sample 7,orbit-field,select,select-down-shift-tab,select-down,paced,7,ArrowDown Shift+Tab,never | list closed | none | @combobox:Expires,0,0,ArrowDown>combobox:Expires[none|f=combobox:Expires|h=None]@26.9 ; Shift+Tab>option:Never[listbox×1|f=option:Never|h=Never]@356.1
chromium-dark-desktop › orbit-field select-down-shift-tab paced sample 8,orbit-field,select,select-down-shift-tab,select-down,paced,8,ArrowDown Shift+Tab,never | list closed | none | @combobox:Expires,0,0,ArrowDown>combobox:Expires[none|f=combobox:Expires|h=None]@30 ; Shift+Tab>option:Never[listbox×1|f=option:Never|h=Never]@358.7
chromium-dark-desktop › orbit-field select-down-shift-tab paced sample 9,orbit-field,select,select-down-shift-tab,select-down,paced,9,ArrowDown Shift+Tab,never | list closed | none | @combobox:Expires,0,0,ArrowDown>combobox:Expires[none|f=combobox:Expires|h=None]@29.1 ; Shift+Tab>option:Never[listbox×1|f=option:Never|h=Never]@357.7
chromium-dark-desktop › orbit-field select-down-shift-tab paced sample 10,orbit-field,select,select-down-shift-tab,select-down,paced,10,ArrowDown Shift+Tab,never | list closed | none | @combobox:Expires,0,0,ArrowDown>combobox:Expires[none|f=combobox:Expires|h=None]@37.6 ; Shift+Tab>option:Never[listbox×1|f=option:Never|h=Never]@368.2
chromium-dark-desktop › orbit-field select-down-shift-tab paced sample 11,orbit-field,select,select-down-shift-tab,select-down,paced,11,ArrowDown Shift+Tab,never | list closed | none | @combobox:Expires,0,0,ArrowDown>combobox:Expires[none|f=combobox:Expires|h=None]@24.5 ; Shift+Tab>option:Never[listbox×1|f=option:Never|h=Never]@355.3
chromium-dark-desktop › orbit-field select-down-shift-tab paced sample 12,orbit-field,select,select-down-shift-tab,select-down,paced,12,ArrowDown Shift+Tab,never | list closed | none | @combobox:Expires,0,0,ArrowDown>combobox:Expires[none|f=combobox:Expires|h=None]@30.5 ; Shift+Tab>option:Never[listbox×1|f=option:Never|h=Never]@361
chromium-dark-desktop › orbit-field select-down-shift-tab paced sample 13,orbit-field,select,select-down-shift-tab,select-down,paced,13,ArrowDown Shift+Tab,never | list closed | none | @combobox:Expires,0,0,ArrowDown>combobox:Expires[none|f=combobox:Expires|h=None]@30.8 ; Shift+Tab>option:Never[listbox×1|f=option:Never|h=Never]@356.6
chromium-dark-desktop › orbit-field select-down-shift-tab paced sample 14,orbit-field,select,select-down-shift-tab,select-down,paced,14,ArrowDown Shift+Tab,never | list closed | none | @combobox:Expires,0,0,ArrowDown>combobox:Expires[none|f=combobox:Expires|h=None]@28.8 ; Shift+Tab>option:Never[listbox×1|f=option:Never|h=Never]@355.3
chromium-dark-desktop › orbit-field select-down-shift-tab paced sample 15,orbit-field,select,select-down-shift-tab,select-down,paced,15,ArrowDown Shift+Tab,never | list closed | none | @combobox:Expires,0,0,ArrowDown>combobox:Expires[none|f=combobox:Expires|h=None]@27.1 ; Shift+Tab>option:Never[listbox×1|f=option:Never|h=Never]@354.4
chromium-dark-desktop › orbit-field select-down-shift-tab paced sample 16,orbit-field,select,select-down-shift-tab,select-down,paced,16,ArrowDown Shift+Tab,never | list closed | none | @combobox:Expires,0,0,ArrowDown>combobox:Expires[none|f=combobox:Expires|h=None]@20.7 ; Shift+Tab>option:Never[listbox×1|f=option:Never|h=Never]@349
chromium-dark-desktop › orbit-field select-down-shift-tab paced sample 17,orbit-field,select,select-down-shift-tab,select-down,paced,17,ArrowDown Shift+Tab,never | list closed | none | @combobox:Expires,0,0,ArrowDown>combobox:Expires[none|f=combobox:Expires|h=None]@20.8 ; Shift+Tab>option:Never[listbox×1|f=option:Never|h=Never]@348.2
chromium-dark-desktop › orbit-field select-down-shift-tab paced sample 18,orbit-field,select,select-down-shift-tab,select-down,paced,18,ArrowDown Shift+Tab,never | list closed | none | @combobox:Expires,0,0,ArrowDown>combobox:Expires[none|f=combobox:Expires|h=None]@35.7 ; Shift+Tab>option:Never[listbox×1|f=option:Never|h=Never]@366.5
chromium-dark-desktop › orbit-field select-down-shift-tab paced sample 19,orbit-field,select,select-down-shift-tab,select-down,paced,19,ArrowDown Shift+Tab,never | list closed | none | @combobox:Expires,0,0,ArrowDown>combobox:Expires[none|f=combobox:Expires|h=None]@29.5 ; Shift+Tab>option:Never[listbox×1|f=option:Never|h=Never]@359.4
chromium-dark-desktop › orbit-sample select-down-shift-tab burst sample 0,orbit-sample,select,select-down-shift-tab,select-down,burst,0,ArrowDown Shift+Tab,Never | list closed | none | @button:Switch theme,1,0,ArrowDown>combobox:Sample choice[none|f=combobox:Sample choice|h=None]@22.1 ; Shift+Tab>combobox:Sample choice[listbox×1|f=combobox:Sample choice|h=Never]@40.8
chromium-dark-desktop › orbit-sample select-down-shift-tab burst sample 1,orbit-sample,select,select-down-shift-tab,select-down,burst,1,ArrowDown Shift+Tab,Never | list closed | none | @button:Switch theme,1,0,ArrowDown>combobox:Sample choice[none|f=combobox:Sample choice|h=None]@34.4 ; Shift+Tab>combobox:Sample choice[listbox×1|f=combobox:Sample choice|h=Never]@54.4
chromium-dark-desktop › orbit-sample select-down-shift-tab burst sample 2,orbit-sample,select,select-down-shift-tab,select-down,burst,2,ArrowDown Shift+Tab,Never | list closed | none | @button:Switch theme,1,0,ArrowDown>combobox:Sample choice[none|f=combobox:Sample choice|h=None]@33.5 ; Shift+Tab>combobox:Sample choice[listbox×1|f=combobox:Sample choice|h=Never]@51.6
chromium-dark-desktop › orbit-sample select-down-shift-tab burst sample 3,orbit-sample,select,select-down-shift-tab,select-down,burst,3,ArrowDown Shift+Tab,Never | list closed | none | @button:Switch theme,1,0,ArrowDown>combobox:Sample choice[none|f=combobox:Sample choice|h=None]@27.9 ; Shift+Tab>combobox:Sample choice[listbox×1|f=combobox:Sample choice|h=Never]@45.9
chromium-dark-desktop › orbit-sample select-down-shift-tab burst sample 4,orbit-sample,select,select-down-shift-tab,select-down,burst,4,ArrowDown Shift+Tab,Never | list closed | none | @button:Switch theme,1,0,ArrowDown>combobox:Sample choice[none|f=combobox:Sample choice|h=None]@24.8 ; Shift+Tab>combobox:Sample choice[listbox×1|f=combobox:Sample choice|h=Never]@44.1
chromium-dark-desktop › orbit-sample select-down-shift-tab burst sample 5,orbit-sample,select,select-down-shift-tab,select-down,burst,5,ArrowDown Shift+Tab,Never | list closed | none | @button:Switch theme,1,0,ArrowDown>combobox:Sample choice[none|f=combobox:Sample choice|h=None]@23.9 ; Shift+Tab>combobox:Sample choice[listbox×1|f=combobox:Sample choice|h=Never]@42.2
chromium-dark-desktop › orbit-sample select-down-shift-tab burst sample 6,orbit-sample,select,select-down-shift-tab,select-down,burst,6,ArrowDown Shift+Tab,Never | list closed | none | @button:Switch theme,1,0,ArrowDown>combobox:Sample choice[none|f=combobox:Sample choice|h=None]@23.7 ; Shift+Tab>combobox:Sample choice[listbox×1|f=combobox:Sample choice|h=Never]@46
chromium-dark-desktop › orbit-sample select-down-shift-tab burst sample 7,orbit-sample,select,select-down-shift-tab,select-down,burst,7,ArrowDown Shift+Tab,Never | list closed | none | @button:Switch theme,1,0,ArrowDown>combobox:Sample choice[none|f=combobox:Sample choice|h=None]@22.5 ; Shift+Tab>combobox:Sample choice[listbox×1|f=combobox:Sample choice|h=Never]@42
chromium-dark-desktop › orbit-sample select-down-shift-tab burst sample 8,orbit-sample,select,select-down-shift-tab,select-down,burst,8,ArrowDown Shift+Tab,Never | list closed | none | @button:Switch theme,1,0,ArrowDown>combobox:Sample choice[none|f=combobox:Sample choice|h=None]@25 ; Shift+Tab>combobox:Sample choice[listbox×1|f=combobox:Sample choice|h=Never]@44.8
chromium-dark-desktop › orbit-sample select-down-shift-tab burst sample 9,orbit-sample,select,select-down-shift-tab,select-down,burst,9,ArrowDown Shift+Tab,Never | list closed | none | @button:Switch theme,1,0,ArrowDown>combobox:Sample choice[none|f=combobox:Sample choice|h=None]@27.5 ; Shift+Tab>combobox:Sample choice[listbox×1|f=combobox:Sample choice|h=Never]@47.9
chromium-dark-desktop › orbit-sample select-down-shift-tab burst sample 10,orbit-sample,select,select-down-shift-tab,select-down,burst,10,ArrowDown Shift+Tab,Never | list closed | none | @button:Switch theme,1,0,ArrowDown>combobox:Sample choice[none|f=combobox:Sample choice|h=None]@27.3 ; Shift+Tab>combobox:Sample choice[listbox×1|f=combobox:Sample choice|h=Never]@50
chromium-dark-desktop › orbit-sample select-down-shift-tab burst sample 11,orbit-sample,select,select-down-shift-tab,select-down,burst,11,ArrowDown Shift+Tab,Never | list closed | none | @button:Switch theme,1,0,ArrowDown>combobox:Sample choice[none|f=combobox:Sample choice|h=None]@28.9 ; Shift+Tab>combobox:Sample choice[listbox×1|f=combobox:Sample choice|h=Never]@53.2
chromium-dark-desktop › orbit-sample select-down-shift-tab burst sample 12,orbit-sample,select,select-down-shift-tab,select-down,burst,12,ArrowDown Shift+Tab,Never | list closed | none | @button:Switch theme,1,0,ArrowDown>combobox:Sample choice[none|f=combobox:Sample choice|h=None]@31.3 ; Shift+Tab>combobox:Sample choice[listbox×1|f=combobox:Sample choice|h=Never]@50.5
chromium-dark-desktop › orbit-sample select-down-shift-tab burst sample 13,orbit-sample,select,select-down-shift-tab,select-down,burst,13,ArrowDown Shift+Tab,Never | list closed | none | @button:Switch theme,1,0,ArrowDown>combobox:Sample choice[none|f=combobox:Sample choice|h=None]@25.1 ; Shift+Tab>combobox:Sample choice[listbox×1|f=combobox:Sample choice|h=Never]@43.2
chromium-dark-desktop › orbit-sample select-down-shift-tab burst sample 14,orbit-sample,select,select-down-shift-tab,select-down,burst,14,ArrowDown Shift+Tab,Never | list closed | none | @button:Switch theme,1,0,ArrowDown>combobox:Sample choice[none|f=combobox:Sample choice|h=None]@36.6 ; Shift+Tab>combobox:Sample choice[listbox×1|f=combobox:Sample choice|h=Never]@56.2
chromium-dark-desktop › orbit-sample select-down-shift-tab burst sample 15,orbit-sample,select,select-down-shift-tab,select-down,burst,15,ArrowDown Shift+Tab,Never | list closed | none | @button:Switch theme,1,0,ArrowDown>combobox:Sample choice[none|f=combobox:Sample choice|h=None]@44.8 ; Shift+Tab>combobox:Sample choice[listbox×1|f=combobox:Sample choice|h=Never]@102.9
chromium-dark-desktop › orbit-sample select-down-shift-tab burst sample 16,orbit-sample,select,select-down-shift-tab,select-down,burst,16,ArrowDown Shift+Tab,Never | list closed | none | @button:Switch theme,1,0,ArrowDown>combobox:Sample choice[none|f=combobox:Sample choice|h=None]@24.1 ; Shift+Tab>combobox:Sample choice[listbox×1|f=combobox:Sample choice|h=Never]@48.5
chromium-dark-desktop › orbit-sample select-down-shift-tab burst sample 17,orbit-sample,select,select-down-shift-tab,select-down,burst,17,ArrowDown Shift+Tab,Never | list closed | none | @button:Switch theme,1,0,ArrowDown>combobox:Sample choice[none|f=combobox:Sample choice|h=None]@28.5 ; Shift+Tab>combobox:Sample choice[listbox×1|f=combobox:Sample choice|h=Never]@48.1
chromium-dark-desktop › orbit-sample select-down-shift-tab burst sample 18,orbit-sample,select,select-down-shift-tab,select-down,burst,18,ArrowDown Shift+Tab,Never | list closed | none | @button:Switch theme,1,0,ArrowDown>combobox:Sample choice[none|f=combobox:Sample choice|h=None]@18.3 ; Shift+Tab>combobox:Sample choice[listbox×1|f=combobox:Sample choice|h=Never]@38.2
chromium-dark-desktop › orbit-sample select-down-shift-tab burst sample 19,orbit-sample,select,select-down-shift-tab,select-down,burst,19,ArrowDown Shift+Tab,Never | list closed | none | @button:Switch theme,1,0,ArrowDown>combobox:Sample choice[none|f=combobox:Sample choice|h=None]@29.8 ; Shift+Tab>combobox:Sample choice[listbox×1|f=combobox:Sample choice|h=Never]@49.6
chromium-dark-desktop › orbit-sample select-down-shift-tab paced sample 0,orbit-sample,select,select-down-shift-tab,select-down,paced,0,ArrowDown Shift+Tab,Never | list closed | none | @combobox:Sample choice,0,0,ArrowDown>combobox:Sample choice[none|f=combobox:Sample choice|h=None]@28 ; Shift+Tab>option:Never[listbox×1|f=option:Never|h=Never]@357.9
chromium-dark-desktop › orbit-sample select-down-shift-tab paced sample 1,orbit-sample,select,select-down-shift-tab,select-down,paced,1,ArrowDown Shift+Tab,Never | list closed | none | @combobox:Sample choice,0,0,ArrowDown>combobox:Sample choice[none|f=combobox:Sample choice|h=None]@32.7 ; Shift+Tab>option:Never[listbox×1|f=option:Never|h=Never]@363.3
chromium-dark-desktop › orbit-sample select-down-shift-tab paced sample 2,orbit-sample,select,select-down-shift-tab,select-down,paced,2,ArrowDown Shift+Tab,Never | list closed | none | @combobox:Sample choice,0,0,ArrowDown>combobox:Sample choice[none|f=combobox:Sample choice|h=None]@33.4 ; Shift+Tab>option:Never[listbox×1|f=option:Never|h=Never]@355.5
chromium-dark-desktop › orbit-sample select-down-shift-tab paced sample 3,orbit-sample,select,select-down-shift-tab,select-down,paced,3,ArrowDown Shift+Tab,Never | list closed | none | @combobox:Sample choice,0,0,ArrowDown>combobox:Sample choice[none|f=combobox:Sample choice|h=None]@34 ; Shift+Tab>option:Never[listbox×1|f=option:Never|h=Never]@377.6
chromium-dark-desktop › orbit-sample select-down-shift-tab paced sample 4,orbit-sample,select,select-down-shift-tab,select-down,paced,4,ArrowDown Shift+Tab,Never | list closed | none | @combobox:Sample choice,0,0,ArrowDown>combobox:Sample choice[none|f=combobox:Sample choice|h=None]@23 ; Shift+Tab>option:Never[listbox×1|f=option:Never|h=Never]@348.9
chromium-dark-desktop › orbit-sample select-down-shift-tab paced sample 5,orbit-sample,select,select-down-shift-tab,select-down,paced,5,ArrowDown Shift+Tab,Never | list closed | none | @combobox:Sample choice,0,0,ArrowDown>combobox:Sample choice[none|f=combobox:Sample choice|h=None]@30.1 ; Shift+Tab>option:Never[listbox×1|f=option:Never|h=Never]@356.3
chromium-dark-desktop › orbit-sample select-down-shift-tab paced sample 6,orbit-sample,select,select-down-shift-tab,select-down,paced,6,ArrowDown Shift+Tab,Never | list closed | none | @combobox:Sample choice,0,0,ArrowDown>combobox:Sample choice[none|f=combobox:Sample choice|h=None]@22.6 ; Shift+Tab>option:Never[listbox×1|f=option:Never|h=Never]@354.9
chromium-dark-desktop › orbit-sample select-down-shift-tab paced sample 7,orbit-sample,select,select-down-shift-tab,select-down,paced,7,ArrowDown Shift+Tab,Never | list closed | none | @combobox:Sample choice,0,0,ArrowDown>combobox:Sample choice[none|f=combobox:Sample choice|h=None]@35.8 ; Shift+Tab>option:Never[listbox×1|f=option:Never|h=Never]@362.1
chromium-dark-desktop › orbit-sample select-down-shift-tab paced sample 8,orbit-sample,select,select-down-shift-tab,select-down,paced,8,ArrowDown Shift+Tab,Never | list closed | none | @combobox:Sample choice,0,0,ArrowDown>combobox:Sample choice[none|f=combobox:Sample choice|h=None]@25.7 ; Shift+Tab>option:Never[listbox×1|f=option:Never|h=Never]@352.8
chromium-dark-desktop › orbit-sample select-down-shift-tab paced sample 9,orbit-sample,select,select-down-shift-tab,select-down,paced,9,ArrowDown Shift+Tab,Never | list closed | none | @combobox:Sample choice,0,0,ArrowDown>combobox:Sample choice[none|f=combobox:Sample choice|h=None]@33.3 ; Shift+Tab>option:Never[listbox×1|f=option:Never|h=Never]@358.3
chromium-dark-desktop › orbit-sample select-down-shift-tab paced sample 10,orbit-sample,select,select-down-shift-tab,select-down,paced,10,ArrowDown Shift+Tab,Never | list closed | none | @combobox:Sample choice,0,0,ArrowDown>combobox:Sample choice[none|f=combobox:Sample choice|h=None]@24 ; Shift+Tab>option:Never[listbox×1|f=option:Never|h=Never]@352.7
chromium-dark-desktop › orbit-sample select-down-shift-tab paced sample 11,orbit-sample,select,select-down-shift-tab,select-down,paced,11,ArrowDown Shift+Tab,Never | list closed | none | @combobox:Sample choice,0,0,ArrowDown>combobox:Sample choice[none|f=combobox:Sample choice|h=None]@30.4 ; Shift+Tab>option:Never[listbox×1|f=option:Never|h=Never]@355.2
chromium-dark-desktop › orbit-sample select-down-shift-tab paced sample 12,orbit-sample,select,select-down-shift-tab,select-down,paced,12,ArrowDown Shift+Tab,Never | list closed | none | @combobox:Sample choice,0,0,ArrowDown>combobox:Sample choice[none|f=combobox:Sample choice|h=None]@21 ; Shift+Tab>option:Never[listbox×1|f=option:Never|h=Never]@350
chromium-dark-desktop › orbit-sample select-down-shift-tab paced sample 13,orbit-sample,select,select-down-shift-tab,select-down,paced,13,ArrowDown Shift+Tab,Never | list closed | none | @combobox:Sample choice,0,0,ArrowDown>combobox:Sample choice[none|f=combobox:Sample choice|h=None]@22.6 ; Shift+Tab>option:Never[listbox×1|f=option:Never|h=Never]@346.4
chromium-dark-desktop › orbit-sample select-down-shift-tab paced sample 14,orbit-sample,select,select-down-shift-tab,select-down,paced,14,ArrowDown Shift+Tab,Never | list closed | none | @combobox:Sample choice,0,0,ArrowDown>combobox:Sample choice[none|f=combobox:Sample choice|h=None]@31 ; Shift+Tab>option:Never[listbox×1|f=option:Never|h=Never]@355.3
chromium-dark-desktop › orbit-sample select-down-shift-tab paced sample 15,orbit-sample,select,select-down-shift-tab,select-down,paced,15,ArrowDown Shift+Tab,Never | list closed | none | @combobox:Sample choice,0,0,ArrowDown>combobox:Sample choice[none|f=combobox:Sample choice|h=None]@32.5 ; Shift+Tab>option:Never[listbox×1|f=option:Never|h=Never]@362.7
chromium-dark-desktop › orbit-sample select-down-shift-tab paced sample 16,orbit-sample,select,select-down-shift-tab,select-down,paced,16,ArrowDown Shift+Tab,Never | list closed | none | @combobox:Sample choice,0,0,ArrowDown>combobox:Sample choice[none|f=combobox:Sample choice|h=None]@26.1 ; Shift+Tab>option:Never[listbox×1|f=option:Never|h=Never]@352.8
chromium-dark-desktop › orbit-sample select-down-shift-tab paced sample 17,orbit-sample,select,select-down-shift-tab,select-down,paced,17,ArrowDown Shift+Tab,Never | list closed | none | @combobox:Sample choice,0,0,ArrowDown>combobox:Sample choice[none|f=combobox:Sample choice|h=None]@26.4 ; Shift+Tab>option:Never[listbox×1|f=option:Never|h=Never]@353.1
chromium-dark-desktop › orbit-sample select-down-shift-tab paced sample 18,orbit-sample,select,select-down-shift-tab,select-down,paced,18,ArrowDown Shift+Tab,Never | list closed | none | @combobox:Sample choice,0,0,ArrowDown>combobox:Sample choice[none|f=combobox:Sample choice|h=None]@28.1 ; Shift+Tab>option:Never[listbox×1|f=option:Never|h=Never]@355
chromium-dark-desktop › orbit-sample select-down-shift-tab paced sample 19,orbit-sample,select,select-down-shift-tab,select-down,paced,19,ArrowDown Shift+Tab,Never | list closed | none | @combobox:Sample choice,0,0,ArrowDown>combobox:Sample choice[none|f=combobox:Sample choice|h=None]@21 ; Shift+Tab>option:Never[listbox×1|f=option:Never|h=Never]@346.7
chromium-dark-desktop › antd-sample select-down-shift-tab burst sample 0,antd-sample,select,select-down-shift-tab,select-down,burst,0,ArrowDown Shift+Tab,Never | list closed | none | @combobox:Sample choice,1,0,ArrowDown>combobox:Sample choice[none|f=combobox:Sample choice|h=None]@19.9 ; Shift+Tab>combobox:Sample choice[listbox×1|f=combobox:Sample choice|h=Never]@42.9
chromium-dark-desktop › antd-sample select-down-shift-tab burst sample 1,antd-sample,select,select-down-shift-tab,select-down,burst,1,ArrowDown Shift+Tab,Never | list closed | none | @combobox:Sample choice,1,0,ArrowDown>combobox:Sample choice[none|f=combobox:Sample choice|h=None]@22.4 ; Shift+Tab>combobox:Sample choice[listbox×1|f=combobox:Sample choice|h=Never]@46
chromium-dark-desktop › antd-sample select-down-shift-tab burst sample 2,antd-sample,select,select-down-shift-tab,select-down,burst,2,ArrowDown Shift+Tab,Never | list closed | none | @combobox:Sample choice,1,0,ArrowDown>combobox:Sample choice[none|f=combobox:Sample choice|h=None]@19.8 ; Shift+Tab>combobox:Sample choice[listbox×1|f=combobox:Sample choice|h=Never]@42.3
chromium-dark-desktop › antd-sample select-down-shift-tab burst sample 3,antd-sample,select,select-down-shift-tab,select-down,burst,3,ArrowDown Shift+Tab,Never | list closed | none | @combobox:Sample choice,1,0,ArrowDown>combobox:Sample choice[none|f=combobox:Sample choice|h=None]@33.7 ; Shift+Tab>combobox:Sample choice[listbox×1|f=combobox:Sample choice|h=Never]@58
chromium-dark-desktop › antd-sample select-down-shift-tab burst sample 4,antd-sample,select,select-down-shift-tab,select-down,burst,4,ArrowDown Shift+Tab,Never | list closed | none | @combobox:Sample choice,1,0,ArrowDown>combobox:Sample choice[none|f=combobox:Sample choice|h=None]@21.8 ; Shift+Tab>combobox:Sample choice[listbox×1|f=combobox:Sample choice|h=Never]@44.4
chromium-dark-desktop › antd-sample select-down-shift-tab burst sample 5,antd-sample,select,select-down-shift-tab,select-down,burst,5,ArrowDown Shift+Tab,Never | list closed | none | @combobox:Sample choice,1,0,ArrowDown>combobox:Sample choice[none|f=combobox:Sample choice|h=None]@36.1 ; Shift+Tab>combobox:Sample choice[listbox×1|f=combobox:Sample choice|h=Never]@59
chromium-dark-desktop › antd-sample select-down-shift-tab burst sample 6,antd-sample,select,select-down-shift-tab,select-down,burst,6,ArrowDown Shift+Tab,Never | list closed | none | @combobox:Sample choice,1,0,ArrowDown>combobox:Sample choice[none|f=combobox:Sample choice|h=None]@27.1 ; Shift+Tab>combobox:Sample choice[listbox×1|f=combobox:Sample choice|h=Never]@51.6
chromium-dark-desktop › antd-sample select-down-shift-tab burst sample 7,antd-sample,select,select-down-shift-tab,select-down,burst,7,ArrowDown Shift+Tab,Never | list closed | none | @combobox:Sample choice,1,0,ArrowDown>combobox:Sample choice[none|f=combobox:Sample choice|h=None]@21.3 ; Shift+Tab>combobox:Sample choice[listbox×1|f=combobox:Sample choice|h=Never]@42.8
chromium-dark-desktop › antd-sample select-down-shift-tab burst sample 8,antd-sample,select,select-down-shift-tab,select-down,burst,8,ArrowDown Shift+Tab,Never | list closed | none | @combobox:Sample choice,1,0,ArrowDown>combobox:Sample choice[none|f=combobox:Sample choice|h=None]@20.2 ; Shift+Tab>combobox:Sample choice[listbox×1|f=combobox:Sample choice|h=Never]@43.5
chromium-dark-desktop › antd-sample select-down-shift-tab burst sample 9,antd-sample,select,select-down-shift-tab,select-down,burst,9,ArrowDown Shift+Tab,Never | list closed | none | @combobox:Sample choice,1,0,ArrowDown>combobox:Sample choice[none|f=combobox:Sample choice|h=None]@26.6 ; Shift+Tab>combobox:Sample choice[listbox×1|f=combobox:Sample choice|h=Never]@47.9
chromium-dark-desktop › antd-sample select-down-shift-tab burst sample 10,antd-sample,select,select-down-shift-tab,select-down,burst,10,ArrowDown Shift+Tab,Never | list closed | none | @combobox:Sample choice,1,0,ArrowDown>combobox:Sample choice[none|f=combobox:Sample choice|h=None]@25.7 ; Shift+Tab>combobox:Sample choice[listbox×1|f=combobox:Sample choice|h=Never]@47.9
chromium-dark-desktop › antd-sample select-down-shift-tab burst sample 11,antd-sample,select,select-down-shift-tab,select-down,burst,11,ArrowDown Shift+Tab,Never | list closed | none | @combobox:Sample choice,1,0,ArrowDown>combobox:Sample choice[none|f=combobox:Sample choice|h=None]@20.6 ; Shift+Tab>combobox:Sample choice[listbox×1|f=combobox:Sample choice|h=Never]@44.2
chromium-dark-desktop › antd-sample select-down-shift-tab burst sample 12,antd-sample,select,select-down-shift-tab,select-down,burst,12,ArrowDown Shift+Tab,Never | list closed | none | @combobox:Sample choice,1,0,ArrowDown>combobox:Sample choice[none|f=combobox:Sample choice|h=None]@32 ; Shift+Tab>combobox:Sample choice[listbox×1|f=combobox:Sample choice|h=Never]@54.2
chromium-dark-desktop › antd-sample select-down-shift-tab burst sample 13,antd-sample,select,select-down-shift-tab,select-down,burst,13,ArrowDown Shift+Tab,Never | list closed | none | @combobox:Sample choice,1,0,ArrowDown>combobox:Sample choice[none|f=combobox:Sample choice|h=None]@28.4 ; Shift+Tab>combobox:Sample choice[listbox×1|f=combobox:Sample choice|h=Never]@50.1
chromium-dark-desktop › antd-sample select-down-shift-tab burst sample 14,antd-sample,select,select-down-shift-tab,select-down,burst,14,ArrowDown Shift+Tab,Never | list closed | none | @combobox:Sample choice,1,0,ArrowDown>combobox:Sample choice[none|f=combobox:Sample choice|h=None]@18.8 ; Shift+Tab>combobox:Sample choice[listbox×1|f=combobox:Sample choice|h=Never]@35.4
chromium-dark-desktop › antd-sample select-down-shift-tab burst sample 15,antd-sample,select,select-down-shift-tab,select-down,burst,15,ArrowDown Shift+Tab,Never | list closed | none | @combobox:Sample choice,1,0,ArrowDown>combobox:Sample choice[none|f=combobox:Sample choice|h=None]@22.5 ; Shift+Tab>combobox:Sample choice[listbox×1|f=combobox:Sample choice|h=Never]@39.6
chromium-dark-desktop › antd-sample select-down-shift-tab burst sample 16,antd-sample,select,select-down-shift-tab,select-down,burst,16,ArrowDown Shift+Tab,Never | list closed | none | @combobox:Sample choice,1,0,ArrowDown>combobox:Sample choice[none|f=combobox:Sample choice|h=None]@32.6 ; Shift+Tab>combobox:Sample choice[listbox×1|f=combobox:Sample choice|h=Never]@49.4
chromium-dark-desktop › antd-sample select-down-shift-tab burst sample 17,antd-sample,select,select-down-shift-tab,select-down,burst,17,ArrowDown Shift+Tab,Never | list closed | none | @combobox:Sample choice,1,0,ArrowDown>combobox:Sample choice[none|f=combobox:Sample choice|h=None]@29.8 ; Shift+Tab>combobox:Sample choice[listbox×1|f=combobox:Sample choice|h=Never]@54.6
chromium-dark-desktop › antd-sample select-down-shift-tab burst sample 18,antd-sample,select,select-down-shift-tab,select-down,burst,18,ArrowDown Shift+Tab,Never | list closed | none | @combobox:Sample choice,1,0,ArrowDown>combobox:Sample choice[none|f=combobox:Sample choice|h=None]@30.8 ; Shift+Tab>combobox:Sample choice[listbox×1|f=combobox:Sample choice|h=Never]@47.3
chromium-dark-desktop › antd-sample select-down-shift-tab burst sample 19,antd-sample,select,select-down-shift-tab,select-down,burst,19,ArrowDown Shift+Tab,Never | list closed | none | @combobox:Sample choice,1,0,ArrowDown>combobox:Sample choice[none|f=combobox:Sample choice|h=None]@33.2 ; Shift+Tab>combobox:Sample choice[listbox×1|f=combobox:Sample choice|h=Never]@56.3
chromium-dark-desktop › antd-sample select-down-shift-tab paced sample 0,antd-sample,select,select-down-shift-tab,select-down,paced,0,ArrowDown Shift+Tab,Never | list closed | none | @combobox:Sample choice,1,0,ArrowDown>combobox:Sample choice[none|f=combobox:Sample choice|h=None]@35.2 ; Shift+Tab>combobox:Sample choice[listbox×1|f=combobox:Sample choice|h=Never]@364.3
chromium-dark-desktop › antd-sample select-down-shift-tab paced sample 1,antd-sample,select,select-down-shift-tab,select-down,paced,1,ArrowDown Shift+Tab,Never | list closed | none | @combobox:Sample choice,1,0,ArrowDown>combobox:Sample choice[none|f=combobox:Sample choice|h=None]@23.8 ; Shift+Tab>combobox:Sample choice[listbox×1|f=combobox:Sample choice|h=Never]@345.8
chromium-dark-desktop › antd-sample select-down-shift-tab paced sample 2,antd-sample,select,select-down-shift-tab,select-down,paced,2,ArrowDown Shift+Tab,Never | list closed | none | @combobox:Sample choice,1,0,ArrowDown>combobox:Sample choice[none|f=combobox:Sample choice|h=None]@22.4 ; Shift+Tab>combobox:Sample choice[listbox×1|f=combobox:Sample choice|h=Never]@349.8
chromium-dark-desktop › antd-sample select-down-shift-tab paced sample 3,antd-sample,select,select-down-shift-tab,select-down,paced,3,ArrowDown Shift+Tab,Never | list closed | none | @combobox:Sample choice,1,0,ArrowDown>combobox:Sample choice[none|f=combobox:Sample choice|h=None]@32.1 ; Shift+Tab>combobox:Sample choice[listbox×1|f=combobox:Sample choice|h=Never]@358.9
chromium-dark-desktop › antd-sample select-down-shift-tab paced sample 4,antd-sample,select,select-down-shift-tab,select-down,paced,4,ArrowDown Shift+Tab,Never | list closed | none | @combobox:Sample choice,1,0,ArrowDown>combobox:Sample choice[none|f=combobox:Sample choice|h=None]@35.9 ; Shift+Tab>combobox:Sample choice[listbox×1|f=combobox:Sample choice|h=Never]@362.9
chromium-dark-desktop › antd-sample select-down-shift-tab paced sample 5,antd-sample,select,select-down-shift-tab,select-down,paced,5,ArrowDown Shift+Tab,Never | list closed | none | @combobox:Sample choice,1,0,ArrowDown>combobox:Sample choice[none|f=combobox:Sample choice|h=None]@27.3 ; Shift+Tab>combobox:Sample choice[listbox×1|f=combobox:Sample choice|h=Never]@355.3
chromium-dark-desktop › antd-sample select-down-shift-tab paced sample 6,antd-sample,select,select-down-shift-tab,select-down,paced,6,ArrowDown Shift+Tab,Never | list closed | none | @combobox:Sample choice,1,0,ArrowDown>combobox:Sample choice[none|f=combobox:Sample choice|h=None]@24 ; Shift+Tab>combobox:Sample choice[listbox×1|f=combobox:Sample choice|h=Never]@348.9
chromium-dark-desktop › antd-sample select-down-shift-tab paced sample 7,antd-sample,select,select-down-shift-tab,select-down,paced,7,ArrowDown Shift+Tab,Never | list closed | none | @combobox:Sample choice,1,0,ArrowDown>combobox:Sample choice[none|f=combobox:Sample choice|h=None]@31.3 ; Shift+Tab>combobox:Sample choice[listbox×1|f=combobox:Sample choice|h=Never]@356.2
chromium-dark-desktop › antd-sample select-down-shift-tab paced sample 8,antd-sample,select,select-down-shift-tab,select-down,paced,8,ArrowDown Shift+Tab,Never | list closed | none | @combobox:Sample choice,1,0,ArrowDown>combobox:Sample choice[none|f=combobox:Sample choice|h=None]@23.7 ; Shift+Tab>combobox:Sample choice[listbox×1|f=combobox:Sample choice|h=Never]@350.6
chromium-dark-desktop › antd-sample select-down-shift-tab paced sample 9,antd-sample,select,select-down-shift-tab,select-down,paced,9,ArrowDown Shift+Tab,Never | list closed | none | @combobox:Sample choice,1,0,ArrowDown>combobox:Sample choice[none|f=combobox:Sample choice|h=None]@21.9 ; Shift+Tab>combobox:Sample choice[listbox×1|f=combobox:Sample choice|h=Never]@349.7
chromium-dark-desktop › antd-sample select-down-shift-tab paced sample 10,antd-sample,select,select-down-shift-tab,select-down,paced,10,ArrowDown Shift+Tab,Never | list closed | none | @combobox:Sample choice,1,0,ArrowDown>combobox:Sample choice[none|f=combobox:Sample choice|h=None]@22.1 ; Shift+Tab>combobox:Sample choice[listbox×1|f=combobox:Sample choice|h=Never]@347.4
chromium-dark-desktop › antd-sample select-down-shift-tab paced sample 11,antd-sample,select,select-down-shift-tab,select-down,paced,11,ArrowDown Shift+Tab,Never | list closed | none | @combobox:Sample choice,1,0,ArrowDown>combobox:Sample choice[none|f=combobox:Sample choice|h=None]@33.7 ; Shift+Tab>combobox:Sample choice[listbox×1|f=combobox:Sample choice|h=Never]@361.4
chromium-dark-desktop › antd-sample select-down-shift-tab paced sample 12,antd-sample,select,select-down-shift-tab,select-down,paced,12,ArrowDown Shift+Tab,Never | list closed | none | @combobox:Sample choice,1,0,ArrowDown>combobox:Sample choice[none|f=combobox:Sample choice|h=None]@27.7 ; Shift+Tab>combobox:Sample choice[listbox×1|f=combobox:Sample choice|h=Never]@354.9
chromium-dark-desktop › antd-sample select-down-shift-tab paced sample 13,antd-sample,select,select-down-shift-tab,select-down,paced,13,ArrowDown Shift+Tab,Never | list closed | none | @combobox:Sample choice,1,0,ArrowDown>combobox:Sample choice[none|f=combobox:Sample choice|h=None]@19.6 ; Shift+Tab>combobox:Sample choice[listbox×1|f=combobox:Sample choice|h=Never]@343
chromium-dark-desktop › antd-sample select-down-shift-tab paced sample 14,antd-sample,select,select-down-shift-tab,select-down,paced,14,ArrowDown Shift+Tab,Never | list closed | none | @combobox:Sample choice,1,0,ArrowDown>combobox:Sample choice[none|f=combobox:Sample choice|h=None]@35.3 ; Shift+Tab>combobox:Sample choice[listbox×1|f=combobox:Sample choice|h=Never]@356.7
chromium-dark-desktop › antd-sample select-down-shift-tab paced sample 15,antd-sample,select,select-down-shift-tab,select-down,paced,15,ArrowDown Shift+Tab,Never | list closed | none | @combobox:Sample choice,1,0,ArrowDown>combobox:Sample choice[none|f=combobox:Sample choice|h=None]@23.5 ; Shift+Tab>combobox:Sample choice[listbox×1|f=combobox:Sample choice|h=Never]@350.9
chromium-dark-desktop › antd-sample select-down-shift-tab paced sample 16,antd-sample,select,select-down-shift-tab,select-down,paced,16,ArrowDown Shift+Tab,Never | list closed | none | @combobox:Sample choice,1,0,ArrowDown>combobox:Sample choice[none|f=combobox:Sample choice|h=None]@32.7 ; Shift+Tab>combobox:Sample choice[listbox×1|f=combobox:Sample choice|h=Never]@358.9
chromium-dark-desktop › antd-sample select-down-shift-tab paced sample 17,antd-sample,select,select-down-shift-tab,select-down,paced,17,ArrowDown Shift+Tab,Never | list closed | none | @combobox:Sample choice,1,0,ArrowDown>combobox:Sample choice[none|f=combobox:Sample choice|h=None]@33.1 ; Shift+Tab>combobox:Sample choice[listbox×1|f=combobox:Sample choice|h=Never]@374
chromium-dark-desktop › antd-sample select-down-shift-tab paced sample 18,antd-sample,select,select-down-shift-tab,select-down,paced,18,ArrowDown Shift+Tab,Never | list closed | none | @combobox:Sample choice,1,0,ArrowDown>combobox:Sample choice[none|f=combobox:Sample choice|h=None]@34.6 ; Shift+Tab>combobox:Sample choice[listbox×1|f=combobox:Sample choice|h=Never]@362.6
chromium-dark-desktop › antd-sample select-down-shift-tab paced sample 19,antd-sample,select,select-down-shift-tab,select-down,paced,19,ArrowDown Shift+Tab,Never | list closed | none | @combobox:Sample choice,1,0,ArrowDown>combobox:Sample choice[none|f=combobox:Sample choice|h=None]@24.8 ; Shift+Tab>combobox:Sample choice[listbox×1|f=combobox:Sample choice|h=Never]@350.7
chromium-dark-desktop › orbit-field select-down-down-tab burst sample 0,orbit-field,select,select-down-down-tab,select-down-down,burst,0,ArrowDown ArrowDown Tab,never | list closed | none | @combobox:Workspace,1,1,ArrowDown>combobox:Expires[none|f=combobox:Expires|h=None]@24.8 ; ArrowDown>combobox:Expires[listbox×1|f=combobox:Expires|h=Never]@42.9 ; ArrowDown*>option:Never[listbox×1|f=option:Never|h=Never]@43.3 ; Tab>option:7 days[listbox×1|f=option:7 days|h=7 days]@45.2
chromium-dark-desktop › orbit-field select-down-down-tab burst sample 1,orbit-field,select,select-down-down-tab,select-down-down,burst,1,ArrowDown ArrowDown Tab,never | list closed | none | @combobox:Workspace,1,1,ArrowDown>combobox:Expires[none|f=combobox:Expires|h=None]@17.5 ; ArrowDown>combobox:Expires[listbox×1|f=combobox:Expires|h=Never]@34.6 ; ArrowDown*>option:Never[listbox×1|f=option:Never|h=Never]@35.2 ; Tab>option:7 days[listbox×1|f=option:7 days|h=7 days]@36.7
chromium-dark-desktop › orbit-field select-down-down-tab burst sample 2,orbit-field,select,select-down-down-tab,select-down-down,burst,2,ArrowDown ArrowDown Tab,never | list closed | none | @combobox:Workspace,1,1,ArrowDown>combobox:Expires[none|f=combobox:Expires|h=None]@33.9 ; ArrowDown>combobox:Expires[listbox×1|f=combobox:Expires|h=Never]@51.6 ; ArrowDown*>option:Never[listbox×1|f=option:Never|h=Never]@52.2 ; Tab>option:7 days[listbox×1|f=option:7 days|h=7 days]@53.8
chromium-dark-desktop › orbit-field select-down-down-tab burst sample 3,orbit-field,select,select-down-down-tab,select-down-down,burst,3,ArrowDown ArrowDown Tab,never | list closed | none | @combobox:Workspace,1,1,ArrowDown>combobox:Expires[none|f=combobox:Expires|h=None]@23 ; ArrowDown>combobox:Expires[listbox×1|f=combobox:Expires|h=Never]@41.6 ; ArrowDown*>option:Never[listbox×1|f=option:Never|h=Never]@42.2 ; Tab>option:7 days[listbox×1|f=option:7 days|h=7 days]@44.1
chromium-dark-desktop › orbit-field select-down-down-tab burst sample 4,orbit-field,select,select-down-down-tab,select-down-down,burst,4,ArrowDown ArrowDown Tab,never | list closed | none | @combobox:Workspace,1,1,ArrowDown>combobox:Expires[none|f=combobox:Expires|h=None]@23.8 ; ArrowDown>combobox:Expires[listbox×1|f=combobox:Expires|h=Never]@41.2 ; ArrowDown*>option:Never[listbox×1|f=option:Never|h=Never]@41.7 ; Tab>option:7 days[listbox×1|f=option:7 days|h=7 days]@43.3
chromium-dark-desktop › orbit-field select-down-down-tab burst sample 5,orbit-field,select,select-down-down-tab,select-down-down,burst,5,ArrowDown ArrowDown Tab,never | list closed | none | @combobox:Workspace,1,1,ArrowDown>combobox:Expires[none|f=combobox:Expires|h=None]@32.6 ; ArrowDown>combobox:Expires[listbox×1|f=combobox:Expires|h=Never]@51 ; ArrowDown*>option:Never[listbox×1|f=option:Never|h=Never]@51.6 ; Tab>option:7 days[listbox×1|f=option:7 days|h=7 days]@53.2
chromium-dark-desktop › orbit-field select-down-down-tab burst sample 6,orbit-field,select,select-down-down-tab,select-down-down,burst,6,ArrowDown ArrowDown Tab,never | list closed | none | @combobox:Workspace,1,1,ArrowDown>combobox:Expires[none|f=combobox:Expires|h=None]@17 ; ArrowDown>combobox:Expires[listbox×1|f=combobox:Expires|h=Never]@33.9 ; ArrowDown*>option:Never[listbox×1|f=option:Never|h=Never]@34.5 ; Tab>option:7 days[listbox×1|f=option:7 days|h=7 days]@36
chromium-dark-desktop › orbit-field select-down-down-tab burst sample 7,orbit-field,select,select-down-down-tab,select-down-down,burst,7,ArrowDown ArrowDown Tab,never | list closed | none | @combobox:Workspace,1,1,ArrowDown>combobox:Expires[none|f=combobox:Expires|h=None]@17.9 ; ArrowDown>combobox:Expires[listbox×1|f=combobox:Expires|h=Never]@35.8 ; ArrowDown*>option:Never[listbox×1|f=option:Never|h=Never]@36.4 ; Tab>option:7 days[listbox×1|f=option:7 days|h=7 days]@38
chromium-dark-desktop › orbit-field select-down-down-tab burst sample 8,orbit-field,select,select-down-down-tab,select-down-down,burst,8,ArrowDown ArrowDown Tab,never | list closed | none | @combobox:Workspace,1,1,ArrowDown>combobox:Expires[none|f=combobox:Expires|h=None]@24.1 ; ArrowDown>combobox:Expires[listbox×1|f=combobox:Expires|h=Never]@42.8 ; ArrowDown*>option:Never[listbox×1|f=option:Never|h=Never]@43.4 ; Tab>option:7 days[listbox×1|f=option:7 days|h=7 days]@45.2
chromium-dark-desktop › orbit-field select-down-down-tab burst sample 9,orbit-field,select,select-down-down-tab,select-down-down,burst,9,ArrowDown ArrowDown Tab,never | list closed | none | @combobox:Workspace,1,1,ArrowDown>combobox:Expires[none|f=combobox:Expires|h=None]@34.3 ; ArrowDown>combobox:Expires[listbox×1|f=combobox:Expires|h=Never]@52.8 ; ArrowDown*>option:Never[listbox×1|f=option:Never|h=Never]@53.4 ; Tab>option:7 days[listbox×1|f=option:7 days|h=7 days]@55.1
chromium-dark-desktop › orbit-field select-down-down-tab burst sample 10,orbit-field,select,select-down-down-tab,select-down-down,burst,10,ArrowDown ArrowDown Tab,never | list closed | none | @combobox:Workspace,1,1,ArrowDown>combobox:Expires[none|f=combobox:Expires|h=None]@33.9 ; ArrowDown>combobox:Expires[listbox×1|f=combobox:Expires|h=Never]@51.4 ; ArrowDown*>option:Never[listbox×1|f=option:Never|h=Never]@52 ; Tab>option:7 days[listbox×1|f=option:7 days|h=7 days]@53.7
chromium-dark-desktop › orbit-field select-down-down-tab burst sample 11,orbit-field,select,select-down-down-tab,select-down-down,burst,11,ArrowDown ArrowDown Tab,never | list closed | none | @combobox:Workspace,1,1,ArrowDown>combobox:Expires[none|f=combobox:Expires|h=None]@32.5 ; ArrowDown>combobox:Expires[listbox×1|f=combobox:Expires|h=Never]@51.1 ; ArrowDown*>option:Never[listbox×1|f=option:Never|h=Never]@51.8 ; Tab>option:7 days[listbox×1|f=option:7 days|h=7 days]@53.7
chromium-dark-desktop › orbit-field select-down-down-tab burst sample 12,orbit-field,select,select-down-down-tab,select-down-down,burst,12,ArrowDown ArrowDown Tab,never | list closed | none | @combobox:Workspace,1,1,ArrowDown>combobox:Expires[none|f=combobox:Expires|h=None]@34.3 ; ArrowDown>combobox:Expires[listbox×1|f=combobox:Expires|h=Never]@53.5 ; ArrowDown*>option:Never[listbox×1|f=option:Never|h=Never]@54.2 ; Tab>option:7 days[listbox×1|f=option:7 days|h=7 days]@56.1
chromium-dark-desktop › orbit-field select-down-down-tab burst sample 13,orbit-field,select,select-down-down-tab,select-down-down,burst,13,ArrowDown ArrowDown Tab,never | list closed | none | @combobox:Workspace,1,1,ArrowDown>combobox:Expires[none|f=combobox:Expires|h=None]@34.8 ; ArrowDown>combobox:Expires[listbox×1|f=combobox:Expires|h=Never]@53.7 ; ArrowDown*>option:Never[listbox×1|f=option:Never|h=Never]@54.3 ; Tab>option:7 days[listbox×1|f=option:7 days|h=7 days]@56
chromium-dark-desktop › orbit-field select-down-down-tab burst sample 14,orbit-field,select,select-down-down-tab,select-down-down,burst,14,ArrowDown ArrowDown Tab,never | list closed | none | @combobox:Workspace,1,1,ArrowDown>combobox:Expires[none|f=combobox:Expires|h=None]@31.1 ; ArrowDown>combobox:Expires[listbox×1|f=combobox:Expires|h=Never]@49.1 ; ArrowDown*>option:Never[listbox×1|f=option:Never|h=Never]@49.6 ; Tab>option:7 days[listbox×1|f=option:7 days|h=7 days]@51.3
chromium-dark-desktop › orbit-field select-down-down-tab burst sample 15,orbit-field,select,select-down-down-tab,select-down-down,burst,15,ArrowDown ArrowDown Tab,never | list closed | none | @combobox:Workspace,1,1,ArrowDown>combobox:Expires[none|f=combobox:Expires|h=None]@18.8 ; ArrowDown>combobox:Expires[listbox×1|f=combobox:Expires|h=Never]@36.4 ; ArrowDown*>option:Never[listbox×1|f=option:Never|h=Never]@36.9 ; Tab>option:7 days[listbox×1|f=option:7 days|h=7 days]@38.5
chromium-dark-desktop › orbit-field select-down-down-tab burst sample 16,orbit-field,select,select-down-down-tab,select-down-down,burst,16,ArrowDown ArrowDown Tab,never | list closed | none | @combobox:Workspace,1,1,ArrowDown>combobox:Expires[none|f=combobox:Expires|h=None]@34.1 ; ArrowDown>combobox:Expires[listbox×1|f=combobox:Expires|h=Never]@52.3 ; ArrowDown*>option:Never[listbox×1|f=option:Never|h=Never]@52.9 ; Tab>option:7 days[listbox×1|f=option:7 days|h=7 days]@54.6
chromium-dark-desktop › orbit-field select-down-down-tab burst sample 17,orbit-field,select,select-down-down-tab,select-down-down,burst,17,ArrowDown ArrowDown Tab,never | list closed | none | @combobox:Workspace,1,1,ArrowDown>combobox:Expires[none|f=combobox:Expires|h=None]@23.1 ; ArrowDown>combobox:Expires[listbox×1|f=combobox:Expires|h=Never]@41.8 ; ArrowDown*>option:Never[listbox×1|f=option:Never|h=Never]@42.4 ; Tab>option:7 days[listbox×1|f=option:7 days|h=7 days]@44.3
chromium-dark-desktop › orbit-field select-down-down-tab burst sample 18,orbit-field,select,select-down-down-tab,select-down-down,burst,18,ArrowDown ArrowDown Tab,never | list closed | none | @combobox:Workspace,1,1,ArrowDown>combobox:Expires[none|f=combobox:Expires|h=None]@30.6 ; ArrowDown>combobox:Expires[listbox×1|f=combobox:Expires|h=Never]@47.9 ; ArrowDown*>option:Never[listbox×1|f=option:Never|h=Never]@48.5 ; Tab>option:7 days[listbox×1|f=option:7 days|h=7 days]@50.1
chromium-dark-desktop › orbit-field select-down-down-tab burst sample 19,orbit-field,select,select-down-down-tab,select-down-down,burst,19,ArrowDown ArrowDown Tab,never | list closed | none | @combobox:Workspace,1,1,ArrowDown>combobox:Expires[none|f=combobox:Expires|h=None]@30.3 ; ArrowDown>combobox:Expires[listbox×1|f=combobox:Expires|h=Never]@49.4 ; ArrowDown*>option:Never[listbox×1|f=option:Never|h=Never]@50 ; Tab>option:7 days[listbox×1|f=option:7 days|h=7 days]@51.7
chromium-dark-desktop › orbit-field select-down-down-tab paced sample 0,orbit-field,select,select-down-down-tab,select-down-down,paced,0,ArrowDown ArrowDown Tab,never | list closed | none | @combobox:Workspace,0,0,ArrowDown>combobox:Expires[none|f=combobox:Expires|h=None]@32.8 ; ArrowDown>option:Never[listbox×1|f=option:Never|h=Never]@357.8 ; Tab>option:7 days[listbox×1|f=option:7 days|h=7 days]@668.3
chromium-dark-desktop › orbit-field select-down-down-tab paced sample 1,orbit-field,select,select-down-down-tab,select-down-down,paced,1,ArrowDown ArrowDown Tab,never | list closed | none | @combobox:Workspace,0,0,ArrowDown>combobox:Expires[none|f=combobox:Expires|h=None]@26 ; ArrowDown>option:Never[listbox×1|f=option:Never|h=Never]@352.1 ; Tab>option:7 days[listbox×1|f=option:7 days|h=7 days]@660.4
chromium-dark-desktop › orbit-field select-down-down-tab paced sample 2,orbit-field,select,select-down-down-tab,select-down-down,paced,2,ArrowDown ArrowDown Tab,never | list closed | none | @combobox:Workspace,0,0,ArrowDown>combobox:Expires[none|f=combobox:Expires|h=None]@28.1 ; ArrowDown>option:Never[listbox×1|f=option:Never|h=Never]@354.6 ; Tab>option:7 days[listbox×1|f=option:7 days|h=7 days]@663.8
chromium-dark-desktop › orbit-field select-down-down-tab paced sample 3,orbit-field,select,select-down-down-tab,select-down-down,paced,3,ArrowDown ArrowDown Tab,never | list closed | none | @combobox:Workspace,0,0,ArrowDown>combobox:Expires[none|f=combobox:Expires|h=None]@34.3 ; ArrowDown>option:Never[listbox×1|f=option:Never|h=Never]@364.5 ; Tab>option:7 days[listbox×1|f=option:7 days|h=7 days]@672.9
chromium-dark-desktop › orbit-field select-down-down-tab paced sample 4,orbit-field,select,select-down-down-tab,select-down-down,paced,4,ArrowDown ArrowDown Tab,never | list closed | none | @combobox:Workspace,0,0,ArrowDown>combobox:Expires[none|f=combobox:Expires|h=None]@26.2 ; ArrowDown>option:Never[listbox×1|f=option:Never|h=Never]@356.4 ; Tab>option:7 days[listbox×1|f=option:7 days|h=7 days]@667.8
chromium-dark-desktop › orbit-field select-down-down-tab paced sample 5,orbit-field,select,select-down-down-tab,select-down-down,paced,5,ArrowDown ArrowDown Tab,never | list closed | none | @combobox:Workspace,0,0,ArrowDown>combobox:Expires[none|f=combobox:Expires|h=None]@30 ; ArrowDown>option:Never[listbox×1|f=option:Never|h=Never]@357.7 ; Tab>option:7 days[listbox×1|f=option:7 days|h=7 days]@669.8
chromium-dark-desktop › orbit-field select-down-down-tab paced sample 6,orbit-field,select,select-down-down-tab,select-down-down,paced,6,ArrowDown ArrowDown Tab,never | list closed | none | @combobox:Workspace,0,0,ArrowDown>combobox:Expires[none|f=combobox:Expires|h=None]@37.1 ; ArrowDown>option:Never[listbox×1|f=option:Never|h=Never]@370 ; Tab>option:7 days[listbox×1|f=option:7 days|h=7 days]@694.3
chromium-dark-desktop › orbit-field select-down-down-tab paced sample 7,orbit-field,select,select-down-down-tab,select-down-down,paced,7,ArrowDown ArrowDown Tab,never | list closed | none | @combobox:Workspace,0,0,ArrowDown>combobox:Expires[none|f=combobox:Expires|h=None]@28.7 ; ArrowDown>option:Never[listbox×1|f=option:Never|h=Never]@356 ; Tab>option:7 days[listbox×1|f=option:7 days|h=7 days]@664.6
chromium-dark-desktop › orbit-field select-down-down-tab paced sample 8,orbit-field,select,select-down-down-tab,select-down-down,paced,8,ArrowDown ArrowDown Tab,never | list closed | none | @combobox:Workspace,0,0,ArrowDown>combobox:Expires[none|f=combobox:Expires|h=None]@22.4 ; ArrowDown>option:Never[listbox×1|f=option:Never|h=Never]@347.3 ; Tab>option:7 days[listbox×1|f=option:7 days|h=7 days]@655.2
chromium-dark-desktop › orbit-field select-down-down-tab paced sample 9,orbit-field,select,select-down-down-tab,select-down-down,paced,9,ArrowDown ArrowDown Tab,never | list closed | none | @combobox:Workspace,0,0,ArrowDown>combobox:Expires[none|f=combobox:Expires|h=None]@21.9 ; ArrowDown>option:Never[listbox×1|f=option:Never|h=Never]@351.4 ; Tab>option:7 days[listbox×1|f=option:7 days|h=7 days]@659.4
chromium-dark-desktop › orbit-field select-down-down-tab paced sample 10,orbit-field,select,select-down-down-tab,select-down-down,paced,10,ArrowDown ArrowDown Tab,never | list closed | none | @combobox:Workspace,0,0,ArrowDown>combobox:Expires[none|f=combobox:Expires|h=None]@38.3 ; ArrowDown>option:Never[listbox×1|f=option:Never|h=Never]@364.1 ; Tab>option:7 days[listbox×1|f=option:7 days|h=7 days]@673.2
chromium-dark-desktop › orbit-field select-down-down-tab paced sample 11,orbit-field,select,select-down-down-tab,select-down-down,paced,11,ArrowDown ArrowDown Tab,never | list closed | none | @combobox:Workspace,0,0,ArrowDown>combobox:Expires[none|f=combobox:Expires|h=None]@26.2 ; ArrowDown>option:Never[listbox×1|f=option:Never|h=Never]@357.1 ; Tab>option:7 days[listbox×1|f=option:7 days|h=7 days]@664.7
chromium-dark-desktop › orbit-field select-down-down-tab paced sample 12,orbit-field,select,select-down-down-tab,select-down-down,paced,12,ArrowDown ArrowDown Tab,never | list closed | none | @combobox:Workspace,0,0,ArrowDown>combobox:Expires[none|f=combobox:Expires|h=None]@30.2 ; ArrowDown>option:Never[listbox×1|f=option:Never|h=Never]@355.4 ; Tab>option:7 days[listbox×1|f=option:7 days|h=7 days]@665.3
chromium-dark-desktop › orbit-field select-down-down-tab paced sample 13,orbit-field,select,select-down-down-tab,select-down-down,paced,13,ArrowDown ArrowDown Tab,never | list closed | none | @combobox:Workspace,0,0,ArrowDown>combobox:Expires[none|f=combobox:Expires|h=None]@20.8 ; ArrowDown>option:Never[listbox×1|f=option:Never|h=Never]@345.5 ; Tab>option:7 days[listbox×1|f=option:7 days|h=7 days]@659.1
chromium-dark-desktop › orbit-field select-down-down-tab paced sample 14,orbit-field,select,select-down-down-tab,select-down-down,paced,14,ArrowDown ArrowDown Tab,never | list closed | none | @combobox:Workspace,0,0,ArrowDown>combobox:Expires[none|f=combobox:Expires|h=None]@30.8 ; ArrowDown>option:Never[listbox×1|f=option:Never|h=Never]@356.6 ; Tab>option:7 days[listbox×1|f=option:7 days|h=7 days]@663
chromium-dark-desktop › orbit-field select-down-down-tab paced sample 15,orbit-field,select,select-down-down-tab,select-down-down,paced,15,ArrowDown ArrowDown Tab,never | list closed | none | @combobox:Workspace,0,0,ArrowDown>combobox:Expires[none|f=combobox:Expires|h=None]@37.3 ; ArrowDown>option:Never[listbox×1|f=option:Never|h=Never]@366.5 ; Tab>option:7 days[listbox×1|f=option:7 days|h=7 days]@680
chromium-dark-desktop › orbit-field select-down-down-tab paced sample 16,orbit-field,select,select-down-down-tab,select-down-down,paced,16,ArrowDown ArrowDown Tab,never | list closed | none | @combobox:Workspace,0,0,ArrowDown>combobox:Expires[none|f=combobox:Expires|h=None]@25.8 ; ArrowDown>option:Never[listbox×1|f=option:Never|h=Never]@351 ; Tab>option:7 days[listbox×1|f=option:7 days|h=7 days]@657
chromium-dark-desktop › orbit-field select-down-down-tab paced sample 17,orbit-field,select,select-down-down-tab,select-down-down,paced,17,ArrowDown ArrowDown Tab,never | list closed | none | @combobox:Workspace,0,0,ArrowDown>combobox:Expires[none|f=combobox:Expires|h=None]@35.6 ; ArrowDown>option:Never[listbox×1|f=option:Never|h=Never]@361.3 ; Tab>option:7 days[listbox×1|f=option:7 days|h=7 days]@669.1
chromium-dark-desktop › orbit-field select-down-down-tab paced sample 18,orbit-field,select,select-down-down-tab,select-down-down,paced,18,ArrowDown ArrowDown Tab,never | list closed | none | @combobox:Workspace,0,0,ArrowDown>combobox:Expires[none|f=combobox:Expires|h=None]@30.5 ; ArrowDown>option:Never[listbox×1|f=option:Never|h=Never]@356.4 ; Tab>option:7 days[listbox×1|f=option:7 days|h=7 days]@664.5
chromium-dark-desktop › orbit-field select-down-down-tab paced sample 19,orbit-field,select,select-down-down-tab,select-down-down,paced,19,ArrowDown ArrowDown Tab,never | list closed | none | @combobox:Workspace,0,0,ArrowDown>combobox:Expires[none|f=combobox:Expires|h=None]@34.3 ; ArrowDown>option:Never[listbox×1|f=option:Never|h=Never]@359.2 ; Tab>option:7 days[listbox×1|f=option:7 days|h=7 days]@668.4
chromium-dark-desktop › orbit-sample select-down-down-tab burst sample 0,orbit-sample,select,select-down-down-tab,select-down-down,burst,0,ArrowDown ArrowDown Tab,Never | list closed | none | @combobox:Sample choice,1,1,ArrowDown>combobox:Sample choice[none|f=combobox:Sample choice|h=None]@27.8 ; ArrowDown>combobox:Sample choice[listbox×1|f=combobox:Sample choice|h=Never]@44.9 ; ArrowDown*>option:Never[listbox×1|f=option:Never|h=Never]@45.4 ; Tab>option:7 days[listbox×1|f=option:7 days|h=7 days]@47
chromium-dark-desktop › orbit-sample select-down-down-tab burst sample 1,orbit-sample,select,select-down-down-tab,select-down-down,burst,1,ArrowDown ArrowDown Tab,Never | list closed | none | @combobox:Sample choice,1,1,ArrowDown>combobox:Sample choice[none|f=combobox:Sample choice|h=None]@30.5 ; ArrowDown>combobox:Sample choice[listbox×1|f=combobox:Sample choice|h=Never]@52.4 ; ArrowDown*>option:Never[listbox×1|f=option:Never|h=Never]@53.1 ; Tab>option:7 days[listbox×1|f=option:7 days|h=7 days]@55.1
chromium-dark-desktop › orbit-sample select-down-down-tab burst sample 2,orbit-sample,select,select-down-down-tab,select-down-down,burst,2,ArrowDown ArrowDown Tab,Never | list closed | none | @combobox:Sample choice,1,1,ArrowDown>combobox:Sample choice[none|f=combobox:Sample choice|h=None]@24.8 ; ArrowDown>combobox:Sample choice[listbox×1|f=combobox:Sample choice|h=Never]@42 ; ArrowDown*>option:Never[listbox×1|f=option:Never|h=Never]@42.6 ; Tab>option:7 days[listbox×1|f=option:7 days|h=7 days]@44.1
chromium-dark-desktop › orbit-sample select-down-down-tab burst sample 3,orbit-sample,select,select-down-down-tab,select-down-down,burst,3,ArrowDown ArrowDown Tab,Never | list closed | none | @combobox:Sample choice,1,1,ArrowDown>combobox:Sample choice[none|f=combobox:Sample choice|h=None]@37.4 ; ArrowDown>combobox:Sample choice[listbox×1|f=combobox:Sample choice|h=Never]@67 ; ArrowDown*>option:Never[listbox×1|f=option:Never|h=Never]@67.8 ; Tab>option:7 days[listbox×1|f=option:7 days|h=7 days]@70.2
chromium-dark-desktop › orbit-sample select-down-down-tab burst sample 4,orbit-sample,select,select-down-down-tab,select-down-down,burst,4,ArrowDown ArrowDown Tab,Never | list closed | none | @combobox:Sample choice,1,1,ArrowDown>combobox:Sample choice[none|f=combobox:Sample choice|h=None]@27.1 ; ArrowDown>combobox:Sample choice[listbox×1|f=combobox:Sample choice|h=Never]@50.3 ; ArrowDown*>option:Never[listbox×1|f=option:Never|h=Never]@50.9 ; Tab>option:7 days[listbox×1|f=option:7 days|h=7 days]@52.8
chromium-dark-desktop › orbit-sample select-down-down-tab burst sample 5,orbit-sample,select,select-down-down-tab,select-down-down,burst,5,ArrowDown ArrowDown Tab,Never | list closed | none | @combobox:Sample choice,1,1,ArrowDown>combobox:Sample choice[none|f=combobox:Sample choice|h=None]@28.4 ; ArrowDown>combobox:Sample choice[listbox×1|f=combobox:Sample choice|h=Never]@45.3 ; ArrowDown*>option:Never[listbox×1|f=option:Never|h=Never]@45.8 ; Tab>option:7 days[listbox×1|f=option:7 days|h=7 days]@47.2
chromium-dark-desktop › orbit-sample select-down-down-tab burst sample 6,orbit-sample,select,select-down-down-tab,select-down-down,burst,6,ArrowDown ArrowDown Tab,Never | list closed | none | @combobox:Sample choice,1,1,ArrowDown>combobox:Sample choice[none|f=combobox:Sample choice|h=None]@36 ; ArrowDown>combobox:Sample choice[listbox×1|f=combobox:Sample choice|h=Never]@58.3 ; ArrowDown*>option:Never[listbox×1|f=option:Never|h=Never]@59 ; Tab>option:7 days[listbox×1|f=option:7 days|h=7 days]@61.1
chromium-dark-desktop › orbit-sample select-down-down-tab burst sample 7,orbit-sample,select,select-down-down-tab,select-down-down,burst,7,ArrowDown ArrowDown Tab,Never | list closed | none | @combobox:Sample choice,1,1,ArrowDown>combobox:Sample choice[none|f=combobox:Sample choice|h=None]@20.2 ; ArrowDown>combobox:Sample choice[listbox×1|f=combobox:Sample choice|h=Never]@36.7 ; ArrowDown*>option:Never[listbox×1|f=option:Never|h=Never]@37.2 ; Tab>option:7 days[listbox×1|f=option:7 days|h=7 days]@38.7
chromium-dark-desktop › orbit-sample select-down-down-tab burst sample 8,orbit-sample,select,select-down-down-tab,select-down-down,burst,8,ArrowDown ArrowDown Tab,Never | list closed | none | @combobox:Sample choice,1,1,ArrowDown>combobox:Sample choice[none|f=combobox:Sample choice|h=None]@35.6 ; ArrowDown>combobox:Sample choice[listbox×1|f=combobox:Sample choice|h=Never]@55 ; ArrowDown*>option:Never[listbox×1|f=option:Never|h=Never]@55.6 ; Tab>option:7 days[listbox×1|f=option:7 days|h=7 days]@57.5
chromium-dark-desktop › orbit-sample select-down-down-tab burst sample 9,orbit-sample,select,select-down-down-tab,select-down-down,burst,9,ArrowDown ArrowDown Tab,Never | list closed | none | @combobox:Sample choice,1,1,ArrowDown>combobox:Sample choice[none|f=combobox:Sample choice|h=None]@29.1 ; ArrowDown>combobox:Sample choice[listbox×1|f=combobox:Sample choice|h=Never]@46.1 ; ArrowDown*>option:Never[listbox×1|f=option:Never|h=Never]@46.5 ; Tab>option:7 days[listbox×1|f=option:7 days|h=7 days]@48.1
chromium-dark-desktop › orbit-sample select-down-down-tab burst sample 10,orbit-sample,select,select-down-down-tab,select-down-down,burst,10,ArrowDown ArrowDown Tab,Never | list closed | none | @combobox:Sample choice,1,1,ArrowDown>combobox:Sample choice[none|f=combobox:Sample choice|h=None]@34.5 ; ArrowDown>combobox:Sample choice[listbox×1|f=combobox:Sample choice|h=Never]@52.5 ; ArrowDown*>option:Never[listbox×1|f=option:Never|h=Never]@53 ; Tab>option:7 days[listbox×1|f=option:7 days|h=7 days]@54.6
chromium-dark-desktop › orbit-sample select-down-down-tab burst sample 11,orbit-sample,select,select-down-down-tab,select-down-down,burst,11,ArrowDown ArrowDown Tab,Never | list closed | none | @combobox:Sample choice,1,1,ArrowDown>combobox:Sample choice[none|f=combobox:Sample choice|h=None]@21.2 ; ArrowDown>combobox:Sample choice[listbox×1|f=combobox:Sample choice|h=Never]@40.3 ; ArrowDown*>option:Never[listbox×1|f=option:Never|h=Never]@40.7 ; Tab>option:7 days[listbox×1|f=option:7 days|h=7 days]@42.3
chromium-dark-desktop › orbit-sample select-down-down-tab burst sample 12,orbit-sample,select,select-down-down-tab,select-down-down,burst,12,ArrowDown ArrowDown Tab,Never | list closed | none | @combobox:Sample choice,1,1,ArrowDown>combobox:Sample choice[none|f=combobox:Sample choice|h=None]@30.9 ; ArrowDown>combobox:Sample choice[listbox×1|f=combobox:Sample choice|h=Never]@48 ; ArrowDown*>option:Never[listbox×1|f=option:Never|h=Never]@48.5 ; Tab>option:7 days[listbox×1|f=option:7 days|h=7 days]@50
chromium-dark-desktop › orbit-sample select-down-down-tab burst sample 13,orbit-sample,select,select-down-down-tab,select-down-down,burst,13,ArrowDown ArrowDown Tab,Never | list closed | none | @combobox:Sample choice,1,1,ArrowDown>combobox:Sample choice[none|f=combobox:Sample choice|h=None]@26.8 ; ArrowDown>combobox:Sample choice[listbox×1|f=combobox:Sample choice|h=Never]@46.2 ; ArrowDown*>option:Never[listbox×1|f=option:Never|h=Never]@46.8 ; Tab>option:7 days[listbox×1|f=option:7 days|h=7 days]@48.6
chromium-dark-desktop › orbit-sample select-down-down-tab burst sample 14,orbit-sample,select,select-down-down-tab,select-down-down,burst,14,ArrowDown ArrowDown Tab,Never | list closed | none | @combobox:Sample choice,1,1,ArrowDown>combobox:Sample choice[none|f=combobox:Sample choice|h=None]@25.3 ; ArrowDown>combobox:Sample choice[listbox×1|f=combobox:Sample choice|h=Never]@43.9 ; ArrowDown*>option:Never[listbox×1|f=option:Never|h=Never]@44.5 ; Tab>option:7 days[listbox×1|f=option:7 days|h=7 days]@46
chromium-dark-desktop › orbit-sample select-down-down-tab burst sample 15,orbit-sample,select,select-down-down-tab,select-down-down,burst,15,ArrowDown ArrowDown Tab,Never | list closed | none | @combobox:Sample choice,1,1,ArrowDown>combobox:Sample choice[none|f=combobox:Sample choice|h=None]@29.2 ; ArrowDown>combobox:Sample choice[listbox×1|f=combobox:Sample choice|h=Never]@46.3 ; ArrowDown*>option:Never[listbox×1|f=option:Never|h=Never]@46.8 ; Tab>option:7 days[listbox×1|f=option:7 days|h=7 days]@48.5
chromium-dark-desktop › orbit-sample select-down-down-tab burst sample 16,orbit-sample,select,select-down-down-tab,select-down-down,burst,16,ArrowDown ArrowDown Tab,Never | list closed | none | @combobox:Sample choice,1,1,ArrowDown>combobox:Sample choice[none|f=combobox:Sample choice|h=None]@25.3 ; ArrowDown>combobox:Sample choice[listbox×1|f=combobox:Sample choice|h=Never]@48 ; ArrowDown*>option:Never[listbox×1|f=option:Never|h=Never]@48.8 ; Tab>option:7 days[listbox×1|f=option:7 days|h=7 days]@51.1
chromium-dark-desktop › orbit-sample select-down-down-tab burst sample 17,orbit-sample,select,select-down-down-tab,select-down-down,burst,17,ArrowDown ArrowDown Tab,Never | list closed | none | @combobox:Sample choice,1,1,ArrowDown>combobox:Sample choice[none|f=combobox:Sample choice|h=None]@34.1 ; ArrowDown>combobox:Sample choice[listbox×1|f=combobox:Sample choice|h=Never]@51.5 ; ArrowDown*>option:Never[listbox×1|f=option:Never|h=Never]@52 ; Tab>option:7 days[listbox×1|f=option:7 days|h=7 days]@53.6
chromium-dark-desktop › orbit-sample select-down-down-tab burst sample 18,orbit-sample,select,select-down-down-tab,select-down-down,burst,18,ArrowDown ArrowDown Tab,Never | list closed | none | @combobox:Sample choice,1,1,ArrowDown>combobox:Sample choice[none|f=combobox:Sample choice|h=None]@21.9 ; ArrowDown>combobox:Sample choice[listbox×1|f=combobox:Sample choice|h=Never]@39.4 ; ArrowDown*>option:Never[listbox×1|f=option:Never|h=Never]@40 ; Tab>option:7 days[listbox×1|f=option:7 days|h=7 days]@41.4
chromium-dark-desktop › orbit-sample select-down-down-tab burst sample 19,orbit-sample,select,select-down-down-tab,select-down-down,burst,19,ArrowDown ArrowDown Tab,Never | list closed | none | @combobox:Sample choice,1,1,ArrowDown>combobox:Sample choice[none|f=combobox:Sample choice|h=None]@28.2 ; ArrowDown>combobox:Sample choice[listbox×1|f=combobox:Sample choice|h=Never]@45.8 ; ArrowDown*>option:Never[listbox×1|f=option:Never|h=Never]@46.3 ; Tab>option:7 days[listbox×1|f=option:7 days|h=7 days]@48
chromium-dark-desktop › orbit-sample select-down-down-tab paced sample 0,orbit-sample,select,select-down-down-tab,select-down-down,paced,0,ArrowDown ArrowDown Tab,Never | list closed | none | @combobox:Sample choice,0,0,ArrowDown>combobox:Sample choice[none|f=combobox:Sample choice|h=None]@35.4 ; ArrowDown>option:Never[listbox×1|f=option:Never|h=Never]@360.1 ; Tab>option:7 days[listbox×1|f=option:7 days|h=7 days]@666.5
chromium-dark-desktop › orbit-sample select-down-down-tab paced sample 1,orbit-sample,select,select-down-down-tab,select-down-down,paced,1,ArrowDown ArrowDown Tab,Never | list closed | none | @combobox:Sample choice,0,0,ArrowDown>combobox:Sample choice[none|f=combobox:Sample choice|h=None]@20.1 ; ArrowDown>option:Never[listbox×1|f=option:Never|h=Never]@343.4 ; Tab>option:7 days[listbox×1|f=option:7 days|h=7 days]@649.5
chromium-dark-desktop › orbit-sample select-down-down-tab paced sample 2,orbit-sample,select,select-down-down-tab,select-down-down,paced,2,ArrowDown ArrowDown Tab,Never | list closed | none | @combobox:Sample choice,0,0,ArrowDown>combobox:Sample choice[none|f=combobox:Sample choice|h=None]@28.4 ; ArrowDown>option:Never[listbox×1|f=option:Never|h=Never]@352.3 ; Tab>option:7 days[listbox×1|f=option:7 days|h=7 days]@658.8
chromium-dark-desktop › orbit-sample select-down-down-tab paced sample 3,orbit-sample,select,select-down-down-tab,select-down-down,paced,3,ArrowDown ArrowDown Tab,Never | list closed | none | @combobox:Sample choice,0,0,ArrowDown>combobox:Sample choice[none|f=combobox:Sample choice|h=None]@21.7 ; ArrowDown>option:Never[listbox×1|f=option:Never|h=Never]@354.1 ; Tab>option:7 days[listbox×1|f=option:7 days|h=7 days]@661.7
chromium-dark-desktop › orbit-sample select-down-down-tab paced sample 4,orbit-sample,select,select-down-down-tab,select-down-down,paced,4,ArrowDown ArrowDown Tab,Never | list closed | none | @combobox:Sample choice,0,0,ArrowDown>combobox:Sample choice[none|f=combobox:Sample choice|h=None]@31.8 ; ArrowDown>option:Never[listbox×1|f=option:Never|h=Never]@355.7 ; Tab>option:7 days[listbox×1|f=option:7 days|h=7 days]@671
chromium-dark-desktop › orbit-sample select-down-down-tab paced sample 5,orbit-sample,select,select-down-down-tab,select-down-down,paced,5,ArrowDown ArrowDown Tab,Never | list closed | none | @combobox:Sample choice,0,0,ArrowDown>combobox:Sample choice[none|f=combobox:Sample choice|h=None]@18.4 ; ArrowDown>option:Never[listbox×1|f=option:Never|h=Never]@339.9 ; Tab>option:7 days[listbox×1|f=option:7 days|h=7 days]@646.8
chromium-dark-desktop › orbit-sample select-down-down-tab paced sample 6,orbit-sample,select,select-down-down-tab,select-down-down,paced,6,ArrowDown ArrowDown Tab,Never | list closed | none | @combobox:Sample choice,0,0,ArrowDown>combobox:Sample choice[none|f=combobox:Sample choice|h=None]@30.3 ; ArrowDown>option:Never[listbox×1|f=option:Never|h=Never]@354.7 ; Tab>option:7 days[listbox×1|f=option:7 days|h=7 days]@660.4
chromium-dark-desktop › orbit-sample select-down-down-tab paced sample 7,orbit-sample,select,select-down-down-tab,select-down-down,paced,7,ArrowDown ArrowDown Tab,Never | list closed | none | @combobox:Sample choice,0,0,ArrowDown>combobox:Sample choice[none|f=combobox:Sample choice|h=None]@32.4 ; ArrowDown>option:Never[listbox×1|f=option:Never|h=Never]@361.6 ; Tab>option:7 days[listbox×1|f=option:7 days|h=7 days]@667.4
chromium-dark-desktop › orbit-sample select-down-down-tab paced sample 8,orbit-sample,select,select-down-down-tab,select-down-down,paced,8,ArrowDown ArrowDown Tab,Never | list closed | none | @combobox:Sample choice,0,0,ArrowDown>combobox:Sample choice[none|f=combobox:Sample choice|h=None]@23.9 ; ArrowDown>option:Never[listbox×1|f=option:Never|h=Never]@345.6 ; Tab>option:7 days[listbox×1|f=option:7 days|h=7 days]@654.4
chromium-dark-desktop › orbit-sample select-down-down-tab paced sample 9,orbit-sample,select,select-down-down-tab,select-down-down,paced,9,ArrowDown ArrowDown Tab,Never | list closed | none | @combobox:Sample choice,0,0,ArrowDown>combobox:Sample choice[none|f=combobox:Sample choice|h=None]@27.5 ; ArrowDown>option:Never[listbox×1|f=option:Never|h=Never]@350.4 ; Tab>option:7 days[listbox×1|f=option:7 days|h=7 days]@656.9
chromium-dark-desktop › orbit-sample select-down-down-tab paced sample 10,orbit-sample,select,select-down-down-tab,select-down-down,paced,10,ArrowDown ArrowDown Tab,Never | list closed | none | @combobox:Sample choice,0,0,ArrowDown>combobox:Sample choice[none|f=combobox:Sample choice|h=None]@30.4 ; ArrowDown>option:Never[listbox×1|f=option:Never|h=Never]@360.7 ; Tab>option:7 days[listbox×1|f=option:7 days|h=7 days]@669.4
chromium-dark-desktop › orbit-sample select-down-down-tab paced sample 11,orbit-sample,select,select-down-down-tab,select-down-down,paced,11,ArrowDown ArrowDown Tab,Never | list closed | none | @combobox:Sample choice,0,0,ArrowDown>combobox:Sample choice[none|f=combobox:Sample choice|h=None]@27.9 ; ArrowDown>option:Never[listbox×1|f=option:Never|h=Never]@355.7 ; Tab>option:7 days[listbox×1|f=option:7 days|h=7 days]@667.4
chromium-dark-desktop › orbit-sample select-down-down-tab paced sample 12,orbit-sample,select,select-down-down-tab,select-down-down,paced,12,ArrowDown ArrowDown Tab,Never | list closed | none | @combobox:Sample choice,0,0,ArrowDown>combobox:Sample choice[none|f=combobox:Sample choice|h=None]@29.8 ; ArrowDown>option:Never[listbox×1|f=option:Never|h=Never]@353.5 ; Tab>option:7 days[listbox×1|f=option:7 days|h=7 days]@660.5
chromium-dark-desktop › orbit-sample select-down-down-tab paced sample 13,orbit-sample,select,select-down-down-tab,select-down-down,paced,13,ArrowDown ArrowDown Tab,Never | list closed | none | @combobox:Sample choice,0,0,ArrowDown>combobox:Sample choice[none|f=combobox:Sample choice|h=None]@23.1 ; ArrowDown>option:Never[listbox×1|f=option:Never|h=Never]@345.6 ; Tab>option:7 days[listbox×1|f=option:7 days|h=7 days]@652.2
chromium-dark-desktop › orbit-sample select-down-down-tab paced sample 14,orbit-sample,select,select-down-down-tab,select-down-down,paced,14,ArrowDown ArrowDown Tab,Never | list closed | none | @combobox:Sample choice,0,0,ArrowDown>combobox:Sample choice[none|f=combobox:Sample choice|h=None]@32.3 ; ArrowDown>option:Never[listbox×1|f=option:Never|h=Never]@364.7 ; Tab>option:7 days[listbox×1|f=option:7 days|h=7 days]@743.7
chromium-dark-desktop › orbit-sample select-down-down-tab paced sample 15,orbit-sample,select,select-down-down-tab,select-down-down,paced,15,ArrowDown ArrowDown Tab,Never | list closed | none | @combobox:Sample choice,0,0,ArrowDown>combobox:Sample choice[none|f=combobox:Sample choice|h=None]@80.2 ; ArrowDown>option:Never[listbox×1|f=option:Never|h=Never]@686.7 ; Tab>option:7 days[listbox×1|f=option:7 days|h=7 days]@1049.9
chromium-dark-desktop › orbit-sample select-down-down-tab paced sample 16,orbit-sample,select,select-down-down-tab,select-down-down,paced,16,ArrowDown ArrowDown Tab,Never | list closed | none | @combobox:Sample choice,0,0,ArrowDown>combobox:Sample choice[none|f=combobox:Sample choice|h=None]@35.2 ; ArrowDown>option:Never[listbox×1|f=option:Never|h=Never]@352 ; Tab>option:7 days[listbox×1|f=option:7 days|h=7 days]@657.5
chromium-dark-desktop › orbit-sample select-down-down-tab paced sample 17,orbit-sample,select,select-down-down-tab,select-down-down,paced,17,ArrowDown ArrowDown Tab,Never | list closed | none | @combobox:Sample choice,0,0,ArrowDown>combobox:Sample choice[none|f=combobox:Sample choice|h=None]@35.3 ; ArrowDown>option:Never[listbox×1|f=option:Never|h=Never]@353.6 ; Tab>option:7 days[listbox×1|f=option:7 days|h=7 days]@661.5
chromium-dark-desktop › orbit-sample select-down-down-tab paced sample 18,orbit-sample,select,select-down-down-tab,select-down-down,paced,18,ArrowDown ArrowDown Tab,Never | list closed | none | @combobox:Sample choice,0,0,ArrowDown>combobox:Sample choice[none|f=combobox:Sample choice|h=None]@26.3 ; ArrowDown>option:Never[listbox×1|f=option:Never|h=Never]@342.7 ; Tab>option:7 days[listbox×1|f=option:7 days|h=7 days]@648
chromium-dark-desktop › orbit-sample select-down-down-tab paced sample 19,orbit-sample,select,select-down-down-tab,select-down-down,paced,19,ArrowDown ArrowDown Tab,Never | list closed | none | @combobox:Sample choice,0,0,ArrowDown>combobox:Sample choice[none|f=combobox:Sample choice|h=None]@31.5 ; ArrowDown>option:Never[listbox×1|f=option:Never|h=Never]@355.6 ; Tab>option:7 days[listbox×1|f=option:7 days|h=7 days]@662.4
chromium-dark-desktop › antd-sample select-down-down-tab burst sample 0,antd-sample,select,select-down-down-tab,select-down-down,burst,0,ArrowDown ArrowDown Tab,7 days | list closed | none | @combobox:Sample choice,1,0,ArrowDown>combobox:Sample choice[none|f=combobox:Sample choice|h=None]@26.7 ; ArrowDown>combobox:Sample choice[listbox×1|f=combobox:Sample choice|h=Never]@50.9 ; Tab>combobox:Sample choice[listbox×1|f=combobox:Sample choice|h=7 days]@56.5
chromium-dark-desktop › antd-sample select-down-down-tab burst sample 1,antd-sample,select,select-down-down-tab,select-down-down,burst,1,ArrowDown ArrowDown Tab,7 days | list closed | none | @combobox:Sample choice,1,0,ArrowDown>combobox:Sample choice[none|f=combobox:Sample choice|h=None]@28.1 ; ArrowDown>combobox:Sample choice[listbox×1|f=combobox:Sample choice|h=Never]@50.2 ; Tab>combobox:Sample choice[listbox×1|f=combobox:Sample choice|h=7 days]@55.4
chromium-dark-desktop › antd-sample select-down-down-tab burst sample 2,antd-sample,select,select-down-down-tab,select-down-down,burst,2,ArrowDown ArrowDown Tab,7 days | list closed | none | @combobox:Sample choice,1,0,ArrowDown>combobox:Sample choice[none|f=combobox:Sample choice|h=None]@26.6 ; ArrowDown>combobox:Sample choice[listbox×1|f=combobox:Sample choice|h=Never]@48.6 ; Tab>combobox:Sample choice[listbox×1|f=combobox:Sample choice|h=7 days]@54
chromium-dark-desktop › antd-sample select-down-down-tab burst sample 3,antd-sample,select,select-down-down-tab,select-down-down,burst,3,ArrowDown ArrowDown Tab,7 days | list closed | none | @combobox:Sample choice,1,0,ArrowDown>combobox:Sample choice[none|f=combobox:Sample choice|h=None]@24.9 ; ArrowDown>combobox:Sample choice[listbox×1|f=combobox:Sample choice|h=Never]@48 ; Tab>combobox:Sample choice[listbox×1|f=combobox:Sample choice|h=7 days]@53.7
chromium-dark-desktop › antd-sample select-down-down-tab burst sample 4,antd-sample,select,select-down-down-tab,select-down-down,burst,4,ArrowDown ArrowDown Tab,7 days | list closed | none | @combobox:Sample choice,1,0,ArrowDown>combobox:Sample choice[none|f=combobox:Sample choice|h=None]@25.3 ; ArrowDown>combobox:Sample choice[listbox×1|f=combobox:Sample choice|h=Never]@47.3 ; Tab>combobox:Sample choice[listbox×1|f=combobox:Sample choice|h=7 days]@52.7
chromium-dark-desktop › antd-sample select-down-down-tab burst sample 5,antd-sample,select,select-down-down-tab,select-down-down,burst,5,ArrowDown ArrowDown Tab,7 days | list closed | none | @combobox:Sample choice,1,0,ArrowDown>combobox:Sample choice[none|f=combobox:Sample choice|h=None]@21.5 ; ArrowDown>combobox:Sample choice[listbox×1|f=combobox:Sample choice|h=Never]@43.6 ; Tab>combobox:Sample choice[listbox×1|f=combobox:Sample choice|h=7 days]@48.9
chromium-dark-desktop › antd-sample select-down-down-tab burst sample 6,antd-sample,select,select-down-down-tab,select-down-down,burst,6,ArrowDown ArrowDown Tab,7 days | list closed | none | @combobox:Sample choice,1,0,ArrowDown>combobox:Sample choice[none|f=combobox:Sample choice|h=None]@22.7 ; ArrowDown>combobox:Sample choice[listbox×1|f=combobox:Sample choice|h=Never]@45.7 ; Tab>combobox:Sample choice[listbox×1|f=combobox:Sample choice|h=7 days]@51.2
chromium-dark-desktop › antd-sample select-down-down-tab burst sample 7,antd-sample,select,select-down-down-tab,select-down-down,burst,7,ArrowDown ArrowDown Tab,7 days | list closed | none | @combobox:Sample choice,1,0,ArrowDown>combobox:Sample choice[none|f=combobox:Sample choice|h=None]@31 ; ArrowDown>combobox:Sample choice[listbox×1|f=combobox:Sample choice|h=Never]@52 ; Tab>combobox:Sample choice[listbox×1|f=combobox:Sample choice|h=7 days]@57.2
chromium-dark-desktop › antd-sample select-down-down-tab burst sample 8,antd-sample,select,select-down-down-tab,select-down-down,burst,8,ArrowDown ArrowDown Tab,7 days | list closed | none | @combobox:Sample choice,1,0,ArrowDown>combobox:Sample choice[none|f=combobox:Sample choice|h=None]@33 ; ArrowDown>combobox:Sample choice[listbox×1|f=combobox:Sample choice|h=Never]@55.3 ; Tab>combobox:Sample choice[listbox×1|f=combobox:Sample choice|h=7 days]@60.9
chromium-dark-desktop › antd-sample select-down-down-tab burst sample 9,antd-sample,select,select-down-down-tab,select-down-down,burst,9,ArrowDown ArrowDown Tab,7 days | list closed | none | @combobox:Sample choice,1,0,ArrowDown>combobox:Sample choice[none|f=combobox:Sample choice|h=None]@21.1 ; ArrowDown>combobox:Sample choice[listbox×1|f=combobox:Sample choice|h=Never]@43.9 ; Tab>combobox:Sample choice[listbox×1|f=combobox:Sample choice|h=7 days]@49.3
chromium-dark-desktop › antd-sample select-down-down-tab burst sample 10,antd-sample,select,select-down-down-tab,select-down-down,burst,10,ArrowDown ArrowDown Tab,7 days | list closed | none | @combobox:Sample choice,1,0,ArrowDown>combobox:Sample choice[none|f=combobox:Sample choice|h=None]@21.7 ; ArrowDown>combobox:Sample choice[listbox×1|f=combobox:Sample choice|h=Never]@43.9 ; Tab>combobox:Sample choice[listbox×1|f=combobox:Sample choice|h=7 days]@49.3
chromium-dark-desktop › antd-sample select-down-down-tab burst sample 11,antd-sample,select,select-down-down-tab,select-down-down,burst,11,ArrowDown ArrowDown Tab,7 days | list closed | none | @combobox:Sample choice,1,0,ArrowDown>combobox:Sample choice[none|f=combobox:Sample choice|h=None]@29.8 ; ArrowDown>combobox:Sample choice[listbox×1|f=combobox:Sample choice|h=Never]@56.3 ; Tab>combobox:Sample choice[listbox×1|f=combobox:Sample choice|h=7 days]@61.8
chromium-dark-desktop › antd-sample select-down-down-tab burst sample 12,antd-sample,select,select-down-down-tab,select-down-down,burst,12,ArrowDown ArrowDown Tab,7 days | list closed | none | @combobox:Sample choice,1,0,ArrowDown>combobox:Sample choice[none|f=combobox:Sample choice|h=None]@26.1 ; ArrowDown>combobox:Sample choice[listbox×1|f=combobox:Sample choice|h=Never]@49.4 ; Tab>combobox:Sample choice[listbox×1|f=combobox:Sample choice|h=7 days]@55.2
chromium-dark-desktop › antd-sample select-down-down-tab burst sample 13,antd-sample,select,select-down-down-tab,select-down-down,burst,13,ArrowDown ArrowDown Tab,7 days | list closed | none | @combobox:Sample choice,1,0,ArrowDown>combobox:Sample choice[none|f=combobox:Sample choice|h=None]@21.6 ; ArrowDown>combobox:Sample choice[listbox×1|f=combobox:Sample choice|h=Never]@48.9 ; Tab>combobox:Sample choice[listbox×1|f=combobox:Sample choice|h=7 days]@56.2
chromium-dark-desktop › antd-sample select-down-down-tab burst sample 14,antd-sample,select,select-down-down-tab,select-down-down,burst,14,ArrowDown ArrowDown Tab,7 days | list closed | none | @combobox:Sample choice,1,0,ArrowDown>combobox:Sample choice[none|f=combobox:Sample choice|h=None]@28.2 ; ArrowDown>combobox:Sample choice[listbox×1|f=combobox:Sample choice|h=Never]@46 ; Tab>combobox:Sample choice[listbox×1|f=combobox:Sample choice|h=7 days]@50
chromium-dark-desktop › antd-sample select-down-down-tab burst sample 15,antd-sample,select,select-down-down-tab,select-down-down,burst,15,ArrowDown ArrowDown Tab,7 days | list closed | none | @combobox:Sample choice,1,0,ArrowDown>combobox:Sample choice[none|f=combobox:Sample choice|h=None]@29.6 ; ArrowDown>combobox:Sample choice[listbox×1|f=combobox:Sample choice|h=Never]@60 ; Tab>combobox:Sample choice[listbox×1|f=combobox:Sample choice|h=7 days]@66.7
chromium-dark-desktop › antd-sample select-down-down-tab burst sample 16,antd-sample,select,select-down-down-tab,select-down-down,burst,16,ArrowDown ArrowDown Tab,7 days | list closed | none | @combobox:Sample choice,1,0,ArrowDown>combobox:Sample choice[none|f=combobox:Sample choice|h=None]@22.8 ; ArrowDown>combobox:Sample choice[listbox×1|f=combobox:Sample choice|h=Never]@46.5 ; Tab>combobox:Sample choice[listbox×1|f=combobox:Sample choice|h=7 days]@53.2
chromium-dark-desktop › antd-sample select-down-down-tab burst sample 17,antd-sample,select,select-down-down-tab,select-down-down,burst,17,ArrowDown ArrowDown Tab,7 days | list closed | none | @combobox:Sample choice,1,0,ArrowDown>combobox:Sample choice[none|f=combobox:Sample choice|h=None]@32.4 ; ArrowDown>combobox:Sample choice[listbox×1|f=combobox:Sample choice|h=Never]@57.9 ; Tab>combobox:Sample choice[listbox×1|f=combobox:Sample choice|h=7 days]@63.8
chromium-dark-desktop › antd-sample select-down-down-tab burst sample 18,antd-sample,select,select-down-down-tab,select-down-down,burst,18,ArrowDown ArrowDown Tab,7 days | list closed | none | @combobox:Sample choice,1,0,ArrowDown>combobox:Sample choice[none|f=combobox:Sample choice|h=None]@35.2 ; ArrowDown>combobox:Sample choice[listbox×1|f=combobox:Sample choice|h=Never]@56.7 ; Tab>combobox:Sample choice[listbox×1|f=combobox:Sample choice|h=7 days]@62.3
chromium-dark-desktop › antd-sample select-down-down-tab burst sample 19,antd-sample,select,select-down-down-tab,select-down-down,burst,19,ArrowDown ArrowDown Tab,7 days | list closed | none | @combobox:Sample choice,1,0,ArrowDown>combobox:Sample choice[none|f=combobox:Sample choice|h=None]@24.6 ; ArrowDown>combobox:Sample choice[listbox×1|f=combobox:Sample choice|h=Never]@46.3 ; Tab>combobox:Sample choice[listbox×1|f=combobox:Sample choice|h=7 days]@51.8
chromium-dark-desktop › antd-sample select-down-down-tab paced sample 0,antd-sample,select,select-down-down-tab,select-down-down,paced,0,ArrowDown ArrowDown Tab,7 days | list closed | none | @combobox:Sample choice,1,0,ArrowDown>combobox:Sample choice[none|f=combobox:Sample choice|h=None]@33 ; ArrowDown>combobox:Sample choice[listbox×1|f=combobox:Sample choice|h=Never]@359.7 ; Tab>combobox:Sample choice[listbox×1|f=combobox:Sample choice|h=7 days]@668.7
chromium-dark-desktop › antd-sample select-down-down-tab paced sample 1,antd-sample,select,select-down-down-tab,select-down-down,paced,1,ArrowDown ArrowDown Tab,7 days | list closed | none | @combobox:Sample choice,1,0,ArrowDown>combobox:Sample choice[none|f=combobox:Sample choice|h=None]@21.8 ; ArrowDown>combobox:Sample choice[listbox×1|f=combobox:Sample choice|h=Never]@347.8 ; Tab>combobox:Sample choice[listbox×1|f=combobox:Sample choice|h=7 days]@657.6
chromium-dark-desktop › antd-sample select-down-down-tab paced sample 2,antd-sample,select,select-down-down-tab,select-down-down,paced,2,ArrowDown ArrowDown Tab,7 days | list closed | none | @combobox:Sample choice,1,0,ArrowDown>combobox:Sample choice[none|f=combobox:Sample choice|h=None]@23.5 ; ArrowDown>combobox:Sample choice[listbox×1|f=combobox:Sample choice|h=Never]@348.7 ; Tab>combobox:Sample choice[listbox×1|f=combobox:Sample choice|h=7 days]@657.9
chromium-dark-desktop › antd-sample select-down-down-tab paced sample 3,antd-sample,select,select-down-down-tab,select-down-down,paced,3,ArrowDown ArrowDown Tab,7 days | list closed | none | @combobox:Sample choice,1,0,ArrowDown>combobox:Sample choice[none|f=combobox:Sample choice|h=None]@25.4 ; ArrowDown>combobox:Sample choice[listbox×1|f=combobox:Sample choice|h=Never]@350.8 ; Tab>combobox:Sample choice[listbox×1|f=combobox:Sample choice|h=7 days]@660
chromium-dark-desktop › antd-sample select-down-down-tab paced sample 4,antd-sample,select,select-down-down-tab,select-down-down,paced,4,ArrowDown ArrowDown Tab,7 days | list closed | none | @combobox:Sample choice,1,0,ArrowDown>combobox:Sample choice[none|f=combobox:Sample choice|h=None]@33.8 ; ArrowDown>combobox:Sample choice[listbox×1|f=combobox:Sample choice|h=Never]@361 ; Tab>combobox:Sample choice[listbox×1|f=combobox:Sample choice|h=7 days]@672.2
chromium-dark-desktop › antd-sample select-down-down-tab paced sample 5,antd-sample,select,select-down-down-tab,select-down-down,paced,5,ArrowDown ArrowDown Tab,7 days | list closed | none | @combobox:Sample choice,1,0,ArrowDown>combobox:Sample choice[none|f=combobox:Sample choice|h=None]@34 ; ArrowDown>combobox:Sample choice[listbox×1|f=combobox:Sample choice|h=Never]@362.6 ; Tab>combobox:Sample choice[listbox×1|f=combobox:Sample choice|h=7 days]@672.1
chromium-dark-desktop › antd-sample select-down-down-tab paced sample 6,antd-sample,select,select-down-down-tab,select-down-down,paced,6,ArrowDown ArrowDown Tab,7 days | list closed | none | @combobox:Sample choice,1,0,ArrowDown>combobox:Sample choice[none|f=combobox:Sample choice|h=None]@31.9 ; ArrowDown>combobox:Sample choice[listbox×1|f=combobox:Sample choice|h=Never]@365.8 ; Tab>combobox:Sample choice[listbox×1|f=combobox:Sample choice|h=7 days]@673.4
chromium-dark-desktop › antd-sample select-down-down-tab paced sample 7,antd-sample,select,select-down-down-tab,select-down-down,paced,7,ArrowDown ArrowDown Tab,7 days | list closed | none | @combobox:Sample choice,1,0,ArrowDown>combobox:Sample choice[none|f=combobox:Sample choice|h=None]@36.2 ; ArrowDown>combobox:Sample choice[listbox×1|f=combobox:Sample choice|h=Never]@366.8 ; Tab>combobox:Sample choice[listbox×1|f=combobox:Sample choice|h=7 days]@675.8
chromium-dark-desktop › antd-sample select-down-down-tab paced sample 8,antd-sample,select,select-down-down-tab,select-down-down,paced,8,ArrowDown ArrowDown Tab,7 days | list closed | none | @combobox:Sample choice,1,0,ArrowDown>combobox:Sample choice[none|f=combobox:Sample choice|h=None]@36.9 ; ArrowDown>combobox:Sample choice[listbox×1|f=combobox:Sample choice|h=Never]@365.9 ; Tab>combobox:Sample choice[listbox×1|f=combobox:Sample choice|h=7 days]@675.1
chromium-dark-desktop › antd-sample select-down-down-tab paced sample 9,antd-sample,select,select-down-down-tab,select-down-down,paced,9,ArrowDown ArrowDown Tab,7 days | list closed | none | @combobox:Sample choice,1,0,ArrowDown>combobox:Sample choice[none|f=combobox:Sample choice|h=None]@24.4 ; ArrowDown>combobox:Sample choice[listbox×1|f=combobox:Sample choice|h=Never]@350 ; Tab>combobox:Sample choice[listbox×1|f=combobox:Sample choice|h=7 days]@659.5
chromium-dark-desktop › antd-sample select-down-down-tab paced sample 10,antd-sample,select,select-down-down-tab,select-down-down,paced,10,ArrowDown ArrowDown Tab,7 days | list closed | none | @combobox:Sample choice,1,0,ArrowDown>combobox:Sample choice[none|f=combobox:Sample choice|h=None]@28.2 ; ArrowDown>combobox:Sample choice[listbox×1|f=combobox:Sample choice|h=Never]@349.6 ; Tab>combobox:Sample choice[listbox×1|f=combobox:Sample choice|h=7 days]@659
chromium-dark-desktop › antd-sample select-down-down-tab paced sample 11,antd-sample,select,select-down-down-tab,select-down-down,paced,11,ArrowDown ArrowDown Tab,7 days | list closed | none | @combobox:Sample choice,1,0,ArrowDown>combobox:Sample choice[none|f=combobox:Sample choice|h=None]@28.2 ; ArrowDown>combobox:Sample choice[listbox×1|f=combobox:Sample choice|h=Never]@351.3 ; Tab>combobox:Sample choice[listbox×1|f=combobox:Sample choice|h=7 days]@658.3
chromium-dark-desktop › antd-sample select-down-down-tab paced sample 12,antd-sample,select,select-down-down-tab,select-down-down,paced,12,ArrowDown ArrowDown Tab,7 days | list closed | none | @combobox:Sample choice,1,0,ArrowDown>combobox:Sample choice[none|f=combobox:Sample choice|h=None]@22.4 ; ArrowDown>combobox:Sample choice[listbox×1|f=combobox:Sample choice|h=Never]@342.6 ; Tab>combobox:Sample choice[listbox×1|f=combobox:Sample choice|h=7 days]@650.7
chromium-dark-desktop › antd-sample select-down-down-tab paced sample 13,antd-sample,select,select-down-down-tab,select-down-down,paced,13,ArrowDown ArrowDown Tab,7 days | list closed | none | @combobox:Sample choice,1,0,ArrowDown>combobox:Sample choice[none|f=combobox:Sample choice|h=None]@28.5 ; ArrowDown>combobox:Sample choice[listbox×1|f=combobox:Sample choice|h=Never]@350 ; Tab>combobox:Sample choice[listbox×1|f=combobox:Sample choice|h=7 days]@657.2
chromium-dark-desktop › antd-sample select-down-down-tab paced sample 14,antd-sample,select,select-down-down-tab,select-down-down,paced,14,ArrowDown ArrowDown Tab,7 days | list closed | none | @combobox:Sample choice,1,0,ArrowDown>combobox:Sample choice[none|f=combobox:Sample choice|h=None]@34.4 ; ArrowDown>combobox:Sample choice[listbox×1|f=combobox:Sample choice|h=Never]@362.7 ; Tab>combobox:Sample choice[listbox×1|f=combobox:Sample choice|h=7 days]@671.9
chromium-dark-desktop › antd-sample select-down-down-tab paced sample 15,antd-sample,select,select-down-down-tab,select-down-down,paced,15,ArrowDown ArrowDown Tab,7 days | list closed | none | @combobox:Sample choice,1,0,ArrowDown>combobox:Sample choice[none|f=combobox:Sample choice|h=None]@23.8 ; ArrowDown>combobox:Sample choice[listbox×1|f=combobox:Sample choice|h=Never]@344.5 ; Tab>combobox:Sample choice[listbox×1|f=combobox:Sample choice|h=7 days]@653.4
chromium-dark-desktop › antd-sample select-down-down-tab paced sample 16,antd-sample,select,select-down-down-tab,select-down-down,paced,16,ArrowDown ArrowDown Tab,7 days | list closed | none | @combobox:Sample choice,1,0,ArrowDown>combobox:Sample choice[none|f=combobox:Sample choice|h=None]@30.6 ; ArrowDown>combobox:Sample choice[listbox×1|f=combobox:Sample choice|h=Never]@357.7 ; Tab>combobox:Sample choice[listbox×1|f=combobox:Sample choice|h=7 days]@668.1
chromium-dark-desktop › antd-sample select-down-down-tab paced sample 17,antd-sample,select,select-down-down-tab,select-down-down,paced,17,ArrowDown ArrowDown Tab,7 days | list closed | none | @combobox:Sample choice,1,0,ArrowDown>combobox:Sample choice[none|f=combobox:Sample choice|h=None]@32.7 ; ArrowDown>combobox:Sample choice[listbox×1|f=combobox:Sample choice|h=Never]@365.3 ; Tab>combobox:Sample choice[listbox×1|f=combobox:Sample choice|h=7 days]@673.7
chromium-dark-desktop › antd-sample select-down-down-tab paced sample 18,antd-sample,select,select-down-down-tab,select-down-down,paced,18,ArrowDown ArrowDown Tab,7 days | list closed | none | @combobox:Sample choice,1,0,ArrowDown>combobox:Sample choice[none|f=combobox:Sample choice|h=None]@27.3 ; ArrowDown>combobox:Sample choice[listbox×1|f=combobox:Sample choice|h=Never]@354.5 ; Tab>combobox:Sample choice[listbox×1|f=combobox:Sample choice|h=7 days]@666.8
chromium-dark-desktop › antd-sample select-down-down-tab paced sample 19,antd-sample,select,select-down-down-tab,select-down-down,paced,19,ArrowDown ArrowDown Tab,7 days | list closed | none | @combobox:Sample choice,1,0,ArrowDown>combobox:Sample choice[none|f=combobox:Sample choice|h=None]@30.9 ; ArrowDown>combobox:Sample choice[listbox×1|f=combobox:Sample choice|h=Never]@357.1 ; Tab>combobox:Sample choice[listbox×1|f=combobox:Sample choice|h=7 days]@667
chromium-dark-desktop › orbit-field select-enter-tab burst sample 0,orbit-field,select,select-enter-tab,select-enter,burst,0,Enter Tab,never | list closed | none | @button:Clear selection,1,0,Enter>combobox:Expires[none|f=combobox:Expires|h=None]@24.2 ; Tab>combobox:Expires[listbox×1|f=combobox:Expires|h=Never]@42.3
chromium-dark-desktop › orbit-field select-enter-tab burst sample 1,orbit-field,select,select-enter-tab,select-enter,burst,1,Enter Tab,never | list closed | none | @button:Clear selection,1,0,Enter>combobox:Expires[none|f=combobox:Expires|h=None]@36.6 ; Tab>combobox:Expires[listbox×1|f=combobox:Expires|h=Never]@58
chromium-dark-desktop › orbit-field select-enter-tab burst sample 2,orbit-field,select,select-enter-tab,select-enter,burst,2,Enter Tab,never | list closed | none | @button:Clear selection,1,0,Enter>combobox:Expires[none|f=combobox:Expires|h=None]@23.8 ; Tab>combobox:Expires[listbox×1|f=combobox:Expires|h=Never]@42
chromium-dark-desktop › orbit-field select-enter-tab burst sample 3,orbit-field,select,select-enter-tab,select-enter,burst,3,Enter Tab,never | list closed | none | @button:Clear selection,1,0,Enter>combobox:Expires[none|f=combobox:Expires|h=None]@30.1 ; Tab>combobox:Expires[listbox×1|f=combobox:Expires|h=Never]@48.9
chromium-dark-desktop › orbit-field select-enter-tab burst sample 4,orbit-field,select,select-enter-tab,select-enter,burst,4,Enter Tab,never | list closed | none | @button:Clear selection,1,0,Enter>combobox:Expires[none|f=combobox:Expires|h=None]@25.8 ; Tab>combobox:Expires[listbox×1|f=combobox:Expires|h=Never]@45.6
chromium-dark-desktop › orbit-field select-enter-tab burst sample 5,orbit-field,select,select-enter-tab,select-enter,burst,5,Enter Tab,never | list closed | none | @button:Clear selection,1,0,Enter>combobox:Expires[none|f=combobox:Expires|h=None]@32.2 ; Tab>combobox:Expires[listbox×1|f=combobox:Expires|h=Never]@49.6
chromium-dark-desktop › orbit-field select-enter-tab burst sample 6,orbit-field,select,select-enter-tab,select-enter,burst,6,Enter Tab,never | list closed | none | @button:Clear selection,1,0,Enter>combobox:Expires[none|f=combobox:Expires|h=None]@20.9 ; Tab>combobox:Expires[listbox×1|f=combobox:Expires|h=Never]@39.8
chromium-dark-desktop › orbit-field select-enter-tab burst sample 7,orbit-field,select,select-enter-tab,select-enter,burst,7,Enter Tab,never | list closed | none | @button:Clear selection,1,0,Enter>combobox:Expires[none|f=combobox:Expires|h=None]@37.4 ; Tab>combobox:Expires[listbox×1|f=combobox:Expires|h=Never]@62.7
chromium-dark-desktop › orbit-field select-enter-tab burst sample 8,orbit-field,select,select-enter-tab,select-enter,burst,8,Enter Tab,never | list closed | none | @button:Clear selection,1,0,Enter>combobox:Expires[none|f=combobox:Expires|h=None]@33.7 ; Tab>combobox:Expires[listbox×1|f=combobox:Expires|h=Never]@51.3
chromium-dark-desktop › orbit-field select-enter-tab burst sample 9,orbit-field,select,select-enter-tab,select-enter,burst,9,Enter Tab,never | list closed | none | @button:Clear selection,1,0,Enter>combobox:Expires[none|f=combobox:Expires|h=None]@34.4 ; Tab>combobox:Expires[listbox×1|f=combobox:Expires|h=Never]@52.8
chromium-dark-desktop › orbit-field select-enter-tab burst sample 10,orbit-field,select,select-enter-tab,select-enter,burst,10,Enter Tab,never | list closed | none | @button:Clear selection,1,0,Enter>combobox:Expires[none|f=combobox:Expires|h=None]@28.1 ; Tab>combobox:Expires[listbox×1|f=combobox:Expires|h=Never]@47.4
chromium-dark-desktop › orbit-field select-enter-tab burst sample 11,orbit-field,select,select-enter-tab,select-enter,burst,11,Enter Tab,never | list closed | none | @button:Clear selection,1,0,Enter>combobox:Expires[none|f=combobox:Expires|h=None]@22.9 ; Tab>combobox:Expires[listbox×1|f=combobox:Expires|h=Never]@40.6
chromium-dark-desktop › orbit-field select-enter-tab burst sample 12,orbit-field,select,select-enter-tab,select-enter,burst,12,Enter Tab,never | list closed | none | @button:Clear selection,1,0,Enter>combobox:Expires[none|f=combobox:Expires|h=None]@33.4 ; Tab>combobox:Expires[listbox×1|f=combobox:Expires|h=Never]@54.5
chromium-dark-desktop › orbit-field select-enter-tab burst sample 13,orbit-field,select,select-enter-tab,select-enter,burst,13,Enter Tab,never | list closed | none | @button:Clear selection,1,0,Enter>combobox:Expires[none|f=combobox:Expires|h=None]@36.8 ; Tab>combobox:Expires[listbox×1|f=combobox:Expires|h=Never]@54.8
chromium-dark-desktop › orbit-field select-enter-tab burst sample 14,orbit-field,select,select-enter-tab,select-enter,burst,14,Enter Tab,never | list closed | none | @button:Clear selection,1,0,Enter>combobox:Expires[none|f=combobox:Expires|h=None]@24.4 ; Tab>combobox:Expires[listbox×1|f=combobox:Expires|h=Never]@44.9
chromium-dark-desktop › orbit-field select-enter-tab burst sample 15,orbit-field,select,select-enter-tab,select-enter,burst,15,Enter Tab,never | list closed | none | @button:Clear selection,1,0,Enter>combobox:Expires[none|f=combobox:Expires|h=None]@31.8 ; Tab>combobox:Expires[listbox×1|f=combobox:Expires|h=Never]@49.6
chromium-dark-desktop › orbit-field select-enter-tab burst sample 16,orbit-field,select,select-enter-tab,select-enter,burst,16,Enter Tab,never | list closed | none | @button:Clear selection,1,0,Enter>combobox:Expires[none|f=combobox:Expires|h=None]@21.3 ; Tab>combobox:Expires[listbox×1|f=combobox:Expires|h=Never]@39.7
chromium-dark-desktop › orbit-field select-enter-tab burst sample 17,orbit-field,select,select-enter-tab,select-enter,burst,17,Enter Tab,never | list closed | none | @button:Clear selection,1,0,Enter>combobox:Expires[none|f=combobox:Expires|h=None]@35.4 ; Tab>combobox:Expires[listbox×1|f=combobox:Expires|h=Never]@53.8
chromium-dark-desktop › orbit-field select-enter-tab burst sample 18,orbit-field,select,select-enter-tab,select-enter,burst,18,Enter Tab,never | list closed | none | @button:Clear selection,1,0,Enter>combobox:Expires[none|f=combobox:Expires|h=None]@37.3 ; Tab>combobox:Expires[listbox×1|f=combobox:Expires|h=Never]@57.4
chromium-dark-desktop › orbit-field select-enter-tab burst sample 19,orbit-field,select,select-enter-tab,select-enter,burst,19,Enter Tab,never | list closed | none | @button:Clear selection,1,0,Enter>combobox:Expires[none|f=combobox:Expires|h=None]@33 ; Tab>combobox:Expires[listbox×1|f=combobox:Expires|h=Never]@50.5
chromium-dark-desktop › orbit-field select-enter-tab paced sample 0,orbit-field,select,select-enter-tab,select-enter,paced,0,Enter Tab,never | list closed | none | @combobox:Workspace,0,0,Enter>combobox:Expires[none|f=combobox:Expires|h=None]@36.5 ; Tab>option:Never[listbox×1|f=option:Never|h=Never]@362
chromium-dark-desktop › orbit-field select-enter-tab paced sample 1,orbit-field,select,select-enter-tab,select-enter,paced,1,Enter Tab,never | list closed | none | @combobox:Workspace,0,0,Enter>combobox:Expires[none|f=combobox:Expires|h=None]@37.5 ; Tab>option:Never[listbox×1|f=option:Never|h=Never]@364.7
chromium-dark-desktop › orbit-field select-enter-tab paced sample 2,orbit-field,select,select-enter-tab,select-enter,paced,2,Enter Tab,never | list closed | none | @combobox:Workspace,0,0,Enter>combobox:Expires[none|f=combobox:Expires|h=None]@23.8 ; Tab>option:Never[listbox×1|f=option:Never|h=Never]@351.3
chromium-dark-desktop › orbit-field select-enter-tab paced sample 3,orbit-field,select,select-enter-tab,select-enter,paced,3,Enter Tab,never | list closed | none | @combobox:Workspace,0,0,Enter>combobox:Expires[none|f=combobox:Expires|h=None]@22.7 ; Tab>option:Never[listbox×1|f=option:Never|h=Never]@347.7
chromium-dark-desktop › orbit-field select-enter-tab paced sample 4,orbit-field,select,select-enter-tab,select-enter,paced,4,Enter Tab,never | list closed | none | @combobox:Workspace,0,0,Enter>combobox:Expires[none|f=combobox:Expires|h=None]@35.8 ; Tab>option:Never[listbox×1|f=option:Never|h=Never]@363
chromium-dark-desktop › orbit-field select-enter-tab paced sample 5,orbit-field,select,select-enter-tab,select-enter,paced,5,Enter Tab,never | list closed | none | @combobox:Workspace,0,0,Enter>combobox:Expires[none|f=combobox:Expires|h=None]@29.5 ; Tab>option:Never[listbox×1|f=option:Never|h=Never]@355
chromium-dark-desktop › orbit-field select-enter-tab paced sample 6,orbit-field,select,select-enter-tab,select-enter,paced,6,Enter Tab,never | list closed | none | @combobox:Workspace,0,0,Enter>combobox:Expires[none|f=combobox:Expires|h=None]@21.7 ; Tab>option:Never[listbox×1|f=option:Never|h=Never]@348.5
chromium-dark-desktop › orbit-field select-enter-tab paced sample 7,orbit-field,select,select-enter-tab,select-enter,paced,7,Enter Tab,never | list closed | none | @combobox:Workspace,0,0,Enter>combobox:Expires[none|f=combobox:Expires|h=None]@32.6 ; Tab>option:Never[listbox×1|f=option:Never|h=Never]@354.2
chromium-dark-desktop › orbit-field select-enter-tab paced sample 8,orbit-field,select,select-enter-tab,select-enter,paced,8,Enter Tab,never | list closed | none | @combobox:Workspace,0,0,Enter>combobox:Expires[none|f=combobox:Expires|h=None]@32.6 ; Tab>option:Never[listbox×1|f=option:Never|h=Never]@362.3
chromium-dark-desktop › orbit-field select-enter-tab paced sample 9,orbit-field,select,select-enter-tab,select-enter,paced,9,Enter Tab,never | list closed | none | @combobox:Workspace,0,0,Enter>combobox:Expires[none|f=combobox:Expires|h=None]@32.4 ; Tab>option:Never[listbox×1|f=option:Never|h=Never]@358.2
chromium-dark-desktop › orbit-field select-enter-tab paced sample 10,orbit-field,select,select-enter-tab,select-enter,paced,10,Enter Tab,never | list closed | none | @combobox:Workspace,0,0,Enter>combobox:Expires[none|f=combobox:Expires|h=None]@33.8 ; Tab>option:Never[listbox×1|f=option:Never|h=Never]@361.5
chromium-dark-desktop › orbit-field select-enter-tab paced sample 11,orbit-field,select,select-enter-tab,select-enter,paced,11,Enter Tab,never | list closed | none | @combobox:Workspace,0,0,Enter>combobox:Expires[none|f=combobox:Expires|h=None]@21.8 ; Tab>option:Never[listbox×1|f=option:Never|h=Never]@347
chromium-dark-desktop › orbit-field select-enter-tab paced sample 12,orbit-field,select,select-enter-tab,select-enter,paced,12,Enter Tab,never | list closed | none | @combobox:Workspace,0,0,Enter>combobox:Expires[none|f=combobox:Expires|h=None]@35 ; Tab>option:Never[listbox×1|f=option:Never|h=Never]@360.6
chromium-dark-desktop › orbit-field select-enter-tab paced sample 13,orbit-field,select,select-enter-tab,select-enter,paced,13,Enter Tab,never | list closed | none | @combobox:Workspace,0,0,Enter>combobox:Expires[none|f=combobox:Expires|h=None]@30 ; Tab>option:Never[listbox×1|f=option:Never|h=Never]@358.1
chromium-dark-desktop › orbit-field select-enter-tab paced sample 14,orbit-field,select,select-enter-tab,select-enter,paced,14,Enter Tab,never | list closed | none | @combobox:Workspace,0,0,Enter>combobox:Expires[none|f=combobox:Expires|h=None]@34.1 ; Tab>option:Never[listbox×1|f=option:Never|h=Never]@359.4
chromium-dark-desktop › orbit-field select-enter-tab paced sample 15,orbit-field,select,select-enter-tab,select-enter,paced,15,Enter Tab,never | list closed | none | @combobox:Workspace,0,0,Enter>combobox:Expires[none|f=combobox:Expires|h=None]@26 ; Tab>option:Never[listbox×1|f=option:Never|h=Never]@350.4
chromium-dark-desktop › orbit-field select-enter-tab paced sample 16,orbit-field,select,select-enter-tab,select-enter,paced,16,Enter Tab,never | list closed | none | @combobox:Workspace,0,0,Enter>combobox:Expires[none|f=combobox:Expires|h=None]@26.6 ; Tab>option:Never[listbox×1|f=option:Never|h=Never]@355.7
chromium-dark-desktop › orbit-field select-enter-tab paced sample 17,orbit-field,select,select-enter-tab,select-enter,paced,17,Enter Tab,never | list closed | none | @combobox:Workspace,0,0,Enter>combobox:Expires[none|f=combobox:Expires|h=None]@23.9 ; Tab>option:Never[listbox×1|f=option:Never|h=Never]@349.9
chromium-dark-desktop › orbit-field select-enter-tab paced sample 18,orbit-field,select,select-enter-tab,select-enter,paced,18,Enter Tab,never | list closed | none | @combobox:Workspace,0,0,Enter>combobox:Expires[none|f=combobox:Expires|h=None]@31.2 ; Tab>option:Never[listbox×1|f=option:Never|h=Never]@360.5
chromium-dark-desktop › orbit-field select-enter-tab paced sample 19,orbit-field,select,select-enter-tab,select-enter,paced,19,Enter Tab,never | list closed | none | @combobox:Workspace,0,0,Enter>combobox:Expires[none|f=combobox:Expires|h=None]@37 ; Tab>option:Never[listbox×1|f=option:Never|h=Never]@363.2
chromium-dark-desktop › orbit-sample select-enter-tab burst sample 0,orbit-sample,select,select-enter-tab,select-enter,burst,0,Enter Tab,Never | list open | listbox×1 | @option:Never,1,0,Enter>combobox:Sample choice[none|f=combobox:Sample choice|h=None]@27.7 ; Tab>combobox:Sample choice[listbox×1|f=combobox:Sample choice|h=Never]@46
chromium-dark-desktop › orbit-sample select-enter-tab burst sample 1,orbit-sample,select,select-enter-tab,select-enter,burst,1,Enter Tab,Never | list open | listbox×1 | @option:Never,1,0,Enter>combobox:Sample choice[none|f=combobox:Sample choice|h=None]@20.1 ; Tab>combobox:Sample choice[listbox×1|f=combobox:Sample choice|h=Never]@39.3
chromium-dark-desktop › orbit-sample select-enter-tab burst sample 2,orbit-sample,select,select-enter-tab,select-enter,burst,2,Enter Tab,Never | list open | listbox×1 | @option:Never,1,0,Enter>combobox:Sample choice[none|f=combobox:Sample choice|h=None]@19.7 ; Tab>combobox:Sample choice[listbox×1|f=combobox:Sample choice|h=Never]@33.8
chromium-dark-desktop › orbit-sample select-enter-tab burst sample 3,orbit-sample,select,select-enter-tab,select-enter,burst,3,Enter Tab,Never | list open | listbox×1 | @option:Never,1,0,Enter>combobox:Sample choice[none|f=combobox:Sample choice|h=None]@22.4 ; Tab>combobox:Sample choice[listbox×1|f=combobox:Sample choice|h=Never]@36.1
chromium-dark-desktop › orbit-sample select-enter-tab burst sample 4,orbit-sample,select,select-enter-tab,select-enter,burst,4,Enter Tab,Never | list open | listbox×1 | @option:Never,1,0,Enter>combobox:Sample choice[none|f=combobox:Sample choice|h=None]@22.2 ; Tab>combobox:Sample choice[listbox×1|f=combobox:Sample choice|h=Never]@40
chromium-dark-desktop › orbit-sample select-enter-tab burst sample 5,orbit-sample,select,select-enter-tab,select-enter,burst,5,Enter Tab,Never | list open | listbox×1 | @option:Never,1,0,Enter>combobox:Sample choice[none|f=combobox:Sample choice|h=None]@27.3 ; Tab>combobox:Sample choice[listbox×1|f=combobox:Sample choice|h=Never]@46.1
chromium-dark-desktop › orbit-sample select-enter-tab burst sample 6,orbit-sample,select,select-enter-tab,select-enter,burst,6,Enter Tab,Never | list open | listbox×1 | @option:Never,1,0,Enter>combobox:Sample choice[none|f=combobox:Sample choice|h=None]@19.6 ; Tab>combobox:Sample choice[listbox×1|f=combobox:Sample choice|h=Never]@37.4
chromium-dark-desktop › orbit-sample select-enter-tab burst sample 7,orbit-sample,select,select-enter-tab,select-enter,burst,7,Enter Tab,Never | list open | listbox×1 | @option:Never,1,0,Enter>combobox:Sample choice[none|f=combobox:Sample choice|h=None]@29.1 ; Tab>combobox:Sample choice[listbox×1|f=combobox:Sample choice|h=Never]@47
chromium-dark-desktop › orbit-sample select-enter-tab burst sample 8,orbit-sample,select,select-enter-tab,select-enter,burst,8,Enter Tab,Never | list open | listbox×1 | @option:Never,1,0,Enter>combobox:Sample choice[none|f=combobox:Sample choice|h=None]@22.2 ; Tab>combobox:Sample choice[listbox×1|f=combobox:Sample choice|h=Never]@40.2
chromium-dark-desktop › orbit-sample select-enter-tab burst sample 9,orbit-sample,select,select-enter-tab,select-enter,burst,9,Enter Tab,Never | list open | listbox×1 | @option:Never,1,0,Enter>combobox:Sample choice[none|f=combobox:Sample choice|h=None]@29 ; Tab>combobox:Sample choice[listbox×1|f=combobox:Sample choice|h=Never]@47.5
chromium-dark-desktop › orbit-sample select-enter-tab burst sample 10,orbit-sample,select,select-enter-tab,select-enter,burst,10,Enter Tab,Never | list open | listbox×1 | @option:Never,1,0,Enter>combobox:Sample choice[none|f=combobox:Sample choice|h=None]@25.7 ; Tab>combobox:Sample choice[listbox×1|f=combobox:Sample choice|h=Never]@44.4
chromium-dark-desktop › orbit-sample select-enter-tab burst sample 11,orbit-sample,select,select-enter-tab,select-enter,burst,11,Enter Tab,Never | list open | listbox×1 | @option:Never,1,0,Enter>combobox:Sample choice[none|f=combobox:Sample choice|h=None]@31.9 ; Tab>combobox:Sample choice[listbox×1|f=combobox:Sample choice|h=Never]@51.1
chromium-dark-desktop › orbit-sample select-enter-tab burst sample 12,orbit-sample,select,select-enter-tab,select-enter,burst,12,Enter Tab,Never | list open | listbox×1 | @option:Never,1,0,Enter>combobox:Sample choice[none|f=combobox:Sample choice|h=None]@34.3 ; Tab>combobox:Sample choice[listbox×1|f=combobox:Sample choice|h=Never]@54.5
chromium-dark-desktop › orbit-sample select-enter-tab burst sample 13,orbit-sample,select,select-enter-tab,select-enter,burst,13,Enter Tab,Never | list open | listbox×1 | @option:Never,1,0,Enter>combobox:Sample choice[none|f=combobox:Sample choice|h=None]@20.8 ; Tab>combobox:Sample choice[listbox×1|f=combobox:Sample choice|h=Never]@39.1
chromium-dark-desktop › orbit-sample select-enter-tab burst sample 14,orbit-sample,select,select-enter-tab,select-enter,burst,14,Enter Tab,Never | list open | listbox×1 | @option:Never,1,0,Enter>combobox:Sample choice[none|f=combobox:Sample choice|h=None]@21.3 ; Tab>combobox:Sample choice[listbox×1|f=combobox:Sample choice|h=Never]@39.1
chromium-dark-desktop › orbit-sample select-enter-tab burst sample 15,orbit-sample,select,select-enter-tab,select-enter,burst,15,Enter Tab,Never | list open | listbox×1 | @option:Never,1,0,Enter>combobox:Sample choice[none|f=combobox:Sample choice|h=None]@30 ; Tab>combobox:Sample choice[listbox×1|f=combobox:Sample choice|h=Never]@44.1
chromium-dark-desktop › orbit-sample select-enter-tab burst sample 16,orbit-sample,select,select-enter-tab,select-enter,burst,16,Enter Tab,Never | list open | listbox×1 | @option:Never,1,0,Enter>combobox:Sample choice[none|f=combobox:Sample choice|h=None]@30.8 ; Tab>combobox:Sample choice[listbox×1|f=combobox:Sample choice|h=Never]@45.5
chromium-dark-desktop › orbit-sample select-enter-tab burst sample 17,orbit-sample,select,select-enter-tab,select-enter,burst,17,Enter Tab,Never | list open | listbox×1 | @option:Never,1,0,Enter>combobox:Sample choice[none|f=combobox:Sample choice|h=None]@22.9 ; Tab>combobox:Sample choice[listbox×1|f=combobox:Sample choice|h=Never]@36.4
chromium-dark-desktop › orbit-sample select-enter-tab burst sample 18,orbit-sample,select,select-enter-tab,select-enter,burst,18,Enter Tab,Never | list open | listbox×1 | @option:Never,1,0,Enter>combobox:Sample choice[none|f=combobox:Sample choice|h=None]@33.3 ; Tab>combobox:Sample choice[listbox×1|f=combobox:Sample choice|h=Never]@48.2
chromium-dark-desktop › orbit-sample select-enter-tab burst sample 19,orbit-sample,select,select-enter-tab,select-enter,burst,19,Enter Tab,Never | list open | listbox×1 | @option:Never,1,0,Enter>combobox:Sample choice[none|f=combobox:Sample choice|h=None]@32.9 ; Tab>combobox:Sample choice[listbox×1|f=combobox:Sample choice|h=Never]@46.3
chromium-dark-desktop › orbit-sample select-enter-tab paced sample 0,orbit-sample,select,select-enter-tab,select-enter,paced,0,Enter Tab,Never | list closed | none | @combobox:Sample choice,0,0,Enter>combobox:Sample choice[none|f=combobox:Sample choice|h=None]@34.8 ; Tab>option:Never[listbox×1|f=option:Never|h=Never]@361.6
chromium-dark-desktop › orbit-sample select-enter-tab paced sample 1,orbit-sample,select,select-enter-tab,select-enter,paced,1,Enter Tab,Never | list closed | none | @combobox:Sample choice,0,0,Enter>combobox:Sample choice[none|f=combobox:Sample choice|h=None]@32.2 ; Tab>option:Never[listbox×1|f=option:Never|h=Never]@349.4
chromium-dark-desktop › orbit-sample select-enter-tab paced sample 2,orbit-sample,select,select-enter-tab,select-enter,paced,2,Enter Tab,Never | list closed | none | @combobox:Sample choice,0,0,Enter>combobox:Sample choice[none|f=combobox:Sample choice|h=None]@22 ; Tab>option:Never[listbox×1|f=option:Never|h=Never]@343
chromium-dark-desktop › orbit-sample select-enter-tab paced sample 3,orbit-sample,select,select-enter-tab,select-enter,paced,3,Enter Tab,Never | list closed | none | @combobox:Sample choice,0,0,Enter>combobox:Sample choice[none|f=combobox:Sample choice|h=None]@31.1 ; Tab>option:Never[listbox×1|f=option:Never|h=Never]@357.8
chromium-dark-desktop › orbit-sample select-enter-tab paced sample 4,orbit-sample,select,select-enter-tab,select-enter,paced,4,Enter Tab,Never | list closed | none | @combobox:Sample choice,0,0,Enter>combobox:Sample choice[none|f=combobox:Sample choice|h=None]@29.9 ; Tab>option:Never[listbox×1|f=option:Never|h=Never]@354.5
chromium-dark-desktop › orbit-sample select-enter-tab paced sample 5,orbit-sample,select,select-enter-tab,select-enter,paced,5,Enter Tab,Never | list closed | none | @combobox:Sample choice,0,0,Enter>combobox:Sample choice[none|f=combobox:Sample choice|h=None]@25.6 ; Tab>option:Never[listbox×1|f=option:Never|h=Never]@349.9
chromium-dark-desktop › orbit-sample select-enter-tab paced sample 6,orbit-sample,select,select-enter-tab,select-enter,paced,6,Enter Tab,Never | list closed | none | @combobox:Sample choice,0,0,Enter>combobox:Sample choice[none|f=combobox:Sample choice|h=None]@30 ; Tab>option:Never[listbox×1|f=option:Never|h=Never]@352.9
chromium-dark-desktop › orbit-sample select-enter-tab paced sample 7,orbit-sample,select,select-enter-tab,select-enter,paced,7,Enter Tab,Never | list closed | none | @combobox:Sample choice,0,0,Enter>combobox:Sample choice[none|f=combobox:Sample choice|h=None]@27.4 ; Tab>option:Never[listbox×1|f=option:Never|h=Never]@351.5
chromium-dark-desktop › orbit-sample select-enter-tab paced sample 8,orbit-sample,select,select-enter-tab,select-enter,paced,8,Enter Tab,Never | list closed | none | @combobox:Sample choice,0,0,Enter>combobox:Sample choice[none|f=combobox:Sample choice|h=None]@33 ; Tab>option:Never[listbox×1|f=option:Never|h=Never]@357.9
chromium-dark-desktop › orbit-sample select-enter-tab paced sample 9,orbit-sample,select,select-enter-tab,select-enter,paced,9,Enter Tab,Never | list closed | none | @combobox:Sample choice,0,0,Enter>combobox:Sample choice[none|f=combobox:Sample choice|h=None]@35.9 ; Tab>option:Never[listbox×1|f=option:Never|h=Never]@363.9
chromium-dark-desktop › orbit-sample select-enter-tab paced sample 10,orbit-sample,select,select-enter-tab,select-enter,paced,10,Enter Tab,Never | list closed | none | @combobox:Sample choice,0,0,Enter>combobox:Sample choice[none|f=combobox:Sample choice|h=None]@20 ; Tab>option:Never[listbox×1|f=option:Never|h=Never]@346.9
chromium-dark-desktop › orbit-sample select-enter-tab paced sample 11,orbit-sample,select,select-enter-tab,select-enter,paced,11,Enter Tab,Never | list closed | none | @combobox:Sample choice,0,0,Enter>combobox:Sample choice[none|f=combobox:Sample choice|h=None]@33.7 ; Tab>option:Never[listbox×1|f=option:Never|h=Never]@362.3
chromium-dark-desktop › orbit-sample select-enter-tab paced sample 12,orbit-sample,select,select-enter-tab,select-enter,paced,12,Enter Tab,Never | list closed | none | @combobox:Sample choice,0,0,Enter>combobox:Sample choice[none|f=combobox:Sample choice|h=None]@31.7 ; Tab>option:Never[listbox×1|f=option:Never|h=Never]@357.6
chromium-dark-desktop › orbit-sample select-enter-tab paced sample 13,orbit-sample,select,select-enter-tab,select-enter,paced,13,Enter Tab,Never | list closed | none | @combobox:Sample choice,0,0,Enter>combobox:Sample choice[none|f=combobox:Sample choice|h=None]@22.8 ; Tab>option:Never[listbox×1|f=option:Never|h=Never]@352.9
chromium-dark-desktop › orbit-sample select-enter-tab paced sample 14,orbit-sample,select,select-enter-tab,select-enter,paced,14,Enter Tab,Never | list closed | none | @combobox:Sample choice,0,0,Enter>combobox:Sample choice[none|f=combobox:Sample choice|h=None]@23.1 ; Tab>option:Never[listbox×1|f=option:Never|h=Never]@347
chromium-dark-desktop › orbit-sample select-enter-tab paced sample 15,orbit-sample,select,select-enter-tab,select-enter,paced,15,Enter Tab,Never | list closed | none | @combobox:Sample choice,0,0,Enter>combobox:Sample choice[none|f=combobox:Sample choice|h=None]@33.6 ; Tab>option:Never[listbox×1|f=option:Never|h=Never]@357.2
chromium-dark-desktop › orbit-sample select-enter-tab paced sample 16,orbit-sample,select,select-enter-tab,select-enter,paced,16,Enter Tab,Never | list closed | none | @combobox:Sample choice,0,0,Enter>combobox:Sample choice[none|f=combobox:Sample choice|h=None]@33.9 ; Tab>option:Never[listbox×1|f=option:Never|h=Never]@363.5
chromium-dark-desktop › orbit-sample select-enter-tab paced sample 17,orbit-sample,select,select-enter-tab,select-enter,paced,17,Enter Tab,Never | list closed | none | @combobox:Sample choice,0,0,Enter>combobox:Sample choice[none|f=combobox:Sample choice|h=None]@24.3 ; Tab>option:Never[listbox×1|f=option:Never|h=Never]@348.5
chromium-dark-desktop › orbit-sample select-enter-tab paced sample 18,orbit-sample,select,select-enter-tab,select-enter,paced,18,Enter Tab,Never | list closed | none | @combobox:Sample choice,0,0,Enter>combobox:Sample choice[none|f=combobox:Sample choice|h=None]@37.9 ; Tab>option:Never[listbox×1|f=option:Never|h=Never]@373.6
chromium-dark-desktop › orbit-sample select-enter-tab paced sample 19,orbit-sample,select,select-enter-tab,select-enter,paced,19,Enter Tab,Never | list closed | none | @combobox:Sample choice,0,0,Enter>combobox:Sample choice[none|f=combobox:Sample choice|h=None]@32.4 ; Tab>option:Never[listbox×1|f=option:Never|h=Never]@355.5
chromium-dark-desktop › antd-sample select-enter-tab burst sample 0,antd-sample,select,select-enter-tab,select-enter,burst,0,Enter Tab,Never | list closed | none | @combobox:Sample choice,1,0,Enter>combobox:Sample choice[none|f=combobox:Sample choice|h=None]@31.1 ; Tab>combobox:Sample choice[listbox×1|f=combobox:Sample choice|h=Never]@53.7
chromium-dark-desktop › antd-sample select-enter-tab burst sample 1,antd-sample,select,select-enter-tab,select-enter,burst,1,Enter Tab,Never | list closed | none | @combobox:Sample choice,1,0,Enter>combobox:Sample choice[none|f=combobox:Sample choice|h=None]@23.7 ; Tab>combobox:Sample choice[listbox×1|f=combobox:Sample choice|h=Never]@45.8
chromium-dark-desktop › antd-sample select-enter-tab burst sample 2,antd-sample,select,select-enter-tab,select-enter,burst,2,Enter Tab,Never | list closed | none | @combobox:Sample choice,1,0,Enter>combobox:Sample choice[none|f=combobox:Sample choice|h=None]@27.5 ; Tab>combobox:Sample choice[listbox×1|f=combobox:Sample choice|h=Never]@48.8
chromium-dark-desktop › antd-sample select-enter-tab burst sample 3,antd-sample,select,select-enter-tab,select-enter,burst,3,Enter Tab,Never | list closed | none | @combobox:Sample choice,1,0,Enter>combobox:Sample choice[none|f=combobox:Sample choice|h=None]@26.3 ; Tab>combobox:Sample choice[listbox×1|f=combobox:Sample choice|h=Never]@48.3
chromium-dark-desktop › antd-sample select-enter-tab burst sample 4,antd-sample,select,select-enter-tab,select-enter,burst,4,Enter Tab,Never | list closed | none | @combobox:Sample choice,1,0,Enter>combobox:Sample choice[none|f=combobox:Sample choice|h=None]@24.7 ; Tab>combobox:Sample choice[listbox×1|f=combobox:Sample choice|h=Never]@46.7
chromium-dark-desktop › antd-sample select-enter-tab burst sample 5,antd-sample,select,select-enter-tab,select-enter,burst,5,Enter Tab,Never | list closed | none | @combobox:Sample choice,1,0,Enter>combobox:Sample choice[none|f=combobox:Sample choice|h=None]@30.4 ; Tab>combobox:Sample choice[listbox×1|f=combobox:Sample choice|h=Never]@52
chromium-dark-desktop › antd-sample select-enter-tab burst sample 6,antd-sample,select,select-enter-tab,select-enter,burst,6,Enter Tab,Never | list closed | none | @combobox:Sample choice,1,0,Enter>combobox:Sample choice[none|f=combobox:Sample choice|h=None]@23.5 ; Tab>combobox:Sample choice[listbox×1|f=combobox:Sample choice|h=Never]@47.1
chromium-dark-desktop › antd-sample select-enter-tab burst sample 7,antd-sample,select,select-enter-tab,select-enter,burst,7,Enter Tab,Never | list closed | none | @combobox:Sample choice,1,0,Enter>combobox:Sample choice[none|f=combobox:Sample choice|h=None]@26.4 ; Tab>combobox:Sample choice[listbox×1|f=combobox:Sample choice|h=Never]@43
chromium-dark-desktop › antd-sample select-enter-tab burst sample 8,antd-sample,select,select-enter-tab,select-enter,burst,8,Enter Tab,Never | list closed | none | @combobox:Sample choice,1,0,Enter>combobox:Sample choice[none|f=combobox:Sample choice|h=None]@24.5 ; Tab>combobox:Sample choice[listbox×1|f=combobox:Sample choice|h=Never]@47.6
chromium-dark-desktop › antd-sample select-enter-tab burst sample 9,antd-sample,select,select-enter-tab,select-enter,burst,9,Enter Tab,Never | list closed | none | @combobox:Sample choice,1,0,Enter>combobox:Sample choice[none|f=combobox:Sample choice|h=None]@23.6 ; Tab>combobox:Sample choice[listbox×1|f=combobox:Sample choice|h=Never]@40.6
chromium-dark-desktop › antd-sample select-enter-tab burst sample 10,antd-sample,select,select-enter-tab,select-enter,burst,10,Enter Tab,Never | list closed | none | @combobox:Sample choice,1,0,Enter>combobox:Sample choice[none|f=combobox:Sample choice|h=None]@31.7 ; Tab>combobox:Sample choice[listbox×1|f=combobox:Sample choice|h=Never]@59.5
chromium-dark-desktop › antd-sample select-enter-tab burst sample 11,antd-sample,select,select-enter-tab,select-enter,burst,11,Enter Tab,Never | list closed | none | @combobox:Sample choice,1,0,Enter>combobox:Sample choice[none|f=combobox:Sample choice|h=None]@32.1 ; Tab>combobox:Sample choice[listbox×1|f=combobox:Sample choice|h=Never]@54.1
chromium-dark-desktop › antd-sample select-enter-tab burst sample 12,antd-sample,select,select-enter-tab,select-enter,burst,12,Enter Tab,Never | list closed | none | @combobox:Sample choice,1,0,Enter>combobox:Sample choice[none|f=combobox:Sample choice|h=None]@26 ; Tab>combobox:Sample choice[listbox×1|f=combobox:Sample choice|h=Never]@51.3
chromium-dark-desktop › antd-sample select-enter-tab burst sample 13,antd-sample,select,select-enter-tab,select-enter,burst,13,Enter Tab,Never | list closed | none | @combobox:Sample choice,1,0,Enter>combobox:Sample choice[none|f=combobox:Sample choice|h=None]@25.5 ; Tab>combobox:Sample choice[listbox×1|f=combobox:Sample choice|h=Never]@48.8
chromium-dark-desktop › antd-sample select-enter-tab burst sample 14,antd-sample,select,select-enter-tab,select-enter,burst,14,Enter Tab,Never | list closed | none | @combobox:Sample choice,1,0,Enter>combobox:Sample choice[none|f=combobox:Sample choice|h=None]@34.9 ; Tab>combobox:Sample choice[listbox×1|f=combobox:Sample choice|h=Never]@59.8
chromium-dark-desktop › antd-sample select-enter-tab burst sample 15,antd-sample,select,select-enter-tab,select-enter,burst,15,Enter Tab,Never | list closed | none | @combobox:Sample choice,1,0,Enter>combobox:Sample choice[none|f=combobox:Sample choice|h=None]@27.3 ; Tab>combobox:Sample choice[listbox×1|f=combobox:Sample choice|h=Never]@48.7
chromium-dark-desktop › antd-sample select-enter-tab burst sample 16,antd-sample,select,select-enter-tab,select-enter,burst,16,Enter Tab,Never | list closed | none | @combobox:Sample choice,1,0,Enter>combobox:Sample choice[none|f=combobox:Sample choice|h=None]@30.7 ; Tab>combobox:Sample choice[listbox×1|f=combobox:Sample choice|h=Never]@51.8
chromium-dark-desktop › antd-sample select-enter-tab burst sample 17,antd-sample,select,select-enter-tab,select-enter,burst,17,Enter Tab,Never | list closed | none | @combobox:Sample choice,1,0,Enter>combobox:Sample choice[none|f=combobox:Sample choice|h=None]@35.8 ; Tab>combobox:Sample choice[listbox×1|f=combobox:Sample choice|h=Never]@57.9
chromium-dark-desktop › antd-sample select-enter-tab burst sample 18,antd-sample,select,select-enter-tab,select-enter,burst,18,Enter Tab,Never | list closed | none | @combobox:Sample choice,1,0,Enter>combobox:Sample choice[none|f=combobox:Sample choice|h=None]@23.3 ; Tab>combobox:Sample choice[listbox×1|f=combobox:Sample choice|h=Never]@44.7
chromium-dark-desktop › antd-sample select-enter-tab burst sample 19,antd-sample,select,select-enter-tab,select-enter,burst,19,Enter Tab,Never | list closed | none | @combobox:Sample choice,1,0,Enter>combobox:Sample choice[none|f=combobox:Sample choice|h=None]@21.6 ; Tab>combobox:Sample choice[listbox×1|f=combobox:Sample choice|h=Never]@43.1
chromium-dark-desktop › antd-sample select-enter-tab paced sample 0,antd-sample,select,select-enter-tab,select-enter,paced,0,Enter Tab,Never | list closed | none | @combobox:Sample choice,1,0,Enter>combobox:Sample choice[none|f=combobox:Sample choice|h=None]@30.4 ; Tab>combobox:Sample choice[listbox×1|f=combobox:Sample choice|h=Never]@358.7
chromium-dark-desktop › antd-sample select-enter-tab paced sample 1,antd-sample,select,select-enter-tab,select-enter,paced,1,Enter Tab,Never | list closed | none | @combobox:Sample choice,1,0,Enter>combobox:Sample choice[none|f=combobox:Sample choice|h=None]@31.1 ; Tab>combobox:Sample choice[listbox×1|f=combobox:Sample choice|h=Never]@356.6
chromium-dark-desktop › antd-sample select-enter-tab paced sample 2,antd-sample,select,select-enter-tab,select-enter,paced,2,Enter Tab,Never | list closed | none | @combobox:Sample choice,1,0,Enter>combobox:Sample choice[none|f=combobox:Sample choice|h=None]@31 ; Tab>combobox:Sample choice[listbox×1|f=combobox:Sample choice|h=Never]@357.6
chromium-dark-desktop › antd-sample select-enter-tab paced sample 3,antd-sample,select,select-enter-tab,select-enter,paced,3,Enter Tab,Never | list closed | none | @combobox:Sample choice,1,0,Enter>combobox:Sample choice[none|f=combobox:Sample choice|h=None]@22.2 ; Tab>combobox:Sample choice[listbox×1|f=combobox:Sample choice|h=Never]@347.6
chromium-dark-desktop › antd-sample select-enter-tab paced sample 4,antd-sample,select,select-enter-tab,select-enter,paced,4,Enter Tab,Never | list closed | none | @combobox:Sample choice,1,0,Enter>combobox:Sample choice[none|f=combobox:Sample choice|h=None]@22.3 ; Tab>combobox:Sample choice[listbox×1|f=combobox:Sample choice|h=Never]@350.8
chromium-dark-desktop › antd-sample select-enter-tab paced sample 5,antd-sample,select,select-enter-tab,select-enter,paced,5,Enter Tab,Never | list closed | none | @combobox:Sample choice,1,0,Enter>combobox:Sample choice[none|f=combobox:Sample choice|h=None]@27 ; Tab>combobox:Sample choice[listbox×1|f=combobox:Sample choice|h=Never]@351.5
chromium-dark-desktop › antd-sample select-enter-tab paced sample 6,antd-sample,select,select-enter-tab,select-enter,paced,6,Enter Tab,Never | list closed | none | @combobox:Sample choice,1,0,Enter>combobox:Sample choice[none|f=combobox:Sample choice|h=None]@25.1 ; Tab>combobox:Sample choice[listbox×1|f=combobox:Sample choice|h=Never]@354.9
chromium-dark-desktop › antd-sample select-enter-tab paced sample 7,antd-sample,select,select-enter-tab,select-enter,paced,7,Enter Tab,Never | list closed | none | @combobox:Sample choice,1,0,Enter>combobox:Sample choice[none|f=combobox:Sample choice|h=None]@25.9 ; Tab>combobox:Sample choice[listbox×1|f=combobox:Sample choice|h=Never]@355.2
chromium-dark-desktop › antd-sample select-enter-tab paced sample 8,antd-sample,select,select-enter-tab,select-enter,paced,8,Enter Tab,Never | list closed | none | @combobox:Sample choice,1,0,Enter>combobox:Sample choice[none|f=combobox:Sample choice|h=None]@33.1 ; Tab>combobox:Sample choice[listbox×1|f=combobox:Sample choice|h=Never]@360.2
chromium-dark-desktop › antd-sample select-enter-tab paced sample 9,antd-sample,select,select-enter-tab,select-enter,paced,9,Enter Tab,Never | list closed | none | @combobox:Sample choice,1,0,Enter>combobox:Sample choice[none|f=combobox:Sample choice|h=None]@29.5 ; Tab>combobox:Sample choice[listbox×1|f=combobox:Sample choice|h=Never]@355.8
chromium-dark-desktop › antd-sample select-enter-tab paced sample 10,antd-sample,select,select-enter-tab,select-enter,paced,10,Enter Tab,Never | list closed | none | @combobox:Sample choice,1,0,Enter>combobox:Sample choice[none|f=combobox:Sample choice|h=None]@35.1 ; Tab>combobox:Sample choice[listbox×1|f=combobox:Sample choice|h=Never]@361
chromium-dark-desktop › antd-sample select-enter-tab paced sample 11,antd-sample,select,select-enter-tab,select-enter,paced,11,Enter Tab,Never | list closed | none | @combobox:Sample choice,1,0,Enter>combobox:Sample choice[none|f=combobox:Sample choice|h=None]@34.3 ; Tab>combobox:Sample choice[listbox×1|f=combobox:Sample choice|h=Never]@364.9
chromium-dark-desktop › antd-sample select-enter-tab paced sample 12,antd-sample,select,select-enter-tab,select-enter,paced,12,Enter Tab,Never | list closed | none | @combobox:Sample choice,1,0,Enter>combobox:Sample choice[none|f=combobox:Sample choice|h=None]@26.7 ; Tab>combobox:Sample choice[listbox×1|f=combobox:Sample choice|h=Never]@352.1
chromium-dark-desktop › antd-sample select-enter-tab paced sample 13,antd-sample,select,select-enter-tab,select-enter,paced,13,Enter Tab,Never | list closed | none | @combobox:Sample choice,1,0,Enter>combobox:Sample choice[none|f=combobox:Sample choice|h=None]@31.4 ; Tab>combobox:Sample choice[listbox×1|f=combobox:Sample choice|h=Never]@357.8
chromium-dark-desktop › antd-sample select-enter-tab paced sample 14,antd-sample,select,select-enter-tab,select-enter,paced,14,Enter Tab,Never | list closed | none | @combobox:Sample choice,1,0,Enter>combobox:Sample choice[none|f=combobox:Sample choice|h=None]@30.6 ; Tab>combobox:Sample choice[listbox×1|f=combobox:Sample choice|h=Never]@359
chromium-dark-desktop › antd-sample select-enter-tab paced sample 15,antd-sample,select,select-enter-tab,select-enter,paced,15,Enter Tab,Never | list closed | none | @combobox:Sample choice,1,0,Enter>combobox:Sample choice[none|f=combobox:Sample choice|h=None]@26.1 ; Tab>combobox:Sample choice[listbox×1|f=combobox:Sample choice|h=Never]@350.8
chromium-dark-desktop › antd-sample select-enter-tab paced sample 16,antd-sample,select,select-enter-tab,select-enter,paced,16,Enter Tab,Never | list closed | none | @combobox:Sample choice,1,0,Enter>combobox:Sample choice[none|f=combobox:Sample choice|h=None]@31 ; Tab>combobox:Sample choice[listbox×1|f=combobox:Sample choice|h=Never]@357.3
chromium-dark-desktop › antd-sample select-enter-tab paced sample 17,antd-sample,select,select-enter-tab,select-enter,paced,17,Enter Tab,Never | list closed | none | @combobox:Sample choice,1,0,Enter>combobox:Sample choice[none|f=combobox:Sample choice|h=None]@30.6 ; Tab>combobox:Sample choice[listbox×1|f=combobox:Sample choice|h=Never]@358.9
chromium-dark-desktop › antd-sample select-enter-tab paced sample 18,antd-sample,select,select-enter-tab,select-enter,paced,18,Enter Tab,Never | list closed | none | @combobox:Sample choice,1,0,Enter>combobox:Sample choice[none|f=combobox:Sample choice|h=None]@34.7 ; Tab>combobox:Sample choice[listbox×1|f=combobox:Sample choice|h=Never]@360.8
chromium-dark-desktop › antd-sample select-enter-tab paced sample 19,antd-sample,select,select-enter-tab,select-enter,paced,19,Enter Tab,Never | list closed | none | @combobox:Sample choice,1,0,Enter>combobox:Sample choice[none|f=combobox:Sample choice|h=None]@27.2 ; Tab>combobox:Sample choice[listbox×1|f=combobox:Sample choice|h=Never]@351.6
