test,target,kind,sequence,control,mode,run,keys,result,window,handoff,keylog
chromium-dark-desktop › orbit-dialog dlg-enter burst sample 0,orbit-dialog,dialog,dlg-enter,,burst,0,Enter,none | dialog:Edit workspace | @dialog:Edit workspaceWorkspace ,0,0,Enter>button:Orbit dialog[none|f=button:Orbit dialog|h=None]@31.9
chromium-dark-desktop › orbit-dialog dlg-enter burst sample 1,orbit-dialog,dialog,dlg-enter,,burst,1,Enter,none | dialog:Edit workspace | @dialog:Edit workspaceWorkspace ,0,0,Enter>button:Orbit dialog[none|f=button:Orbit dialog|h=None]@35.8
chromium-dark-desktop › orbit-dialog dlg-enter burst sample 2,orbit-dialog,dialog,dlg-enter,,burst,2,Enter,none | dialog:Edit workspace | @dialog:Edit workspaceWorkspace ,0,0,Enter>button:Orbit dialog[none|f=button:Orbit dialog|h=None]@18.5
chromium-dark-desktop › orbit-dialog dlg-enter burst sample 3,orbit-dialog,dialog,dlg-enter,,burst,3,Enter,none | dialog:Edit workspace | @dialog:Edit workspaceWorkspace ,0,0,Enter>button:Orbit dialog[none|f=button:Orbit dialog|h=None]@37.6
chromium-dark-desktop › orbit-dialog dlg-enter burst sample 4,orbit-dialog,dialog,dlg-enter,,burst,4,Enter,none | dialog:Edit workspace | @dialog:Edit workspaceWorkspace ,0,0,Enter>button:Orbit dialog[none|f=button:Orbit dialog|h=None]@29.2
chromium-dark-desktop › orbit-dialog dlg-enter burst sample 5,orbit-dialog,dialog,dlg-enter,,burst,5,Enter,none | dialog:Edit workspace | @dialog:Edit workspaceWorkspace ,0,0,Enter>button:Orbit dialog[none|f=button:Orbit dialog|h=None]@20.5
chromium-dark-desktop › orbit-dialog dlg-enter burst sample 6,orbit-dialog,dialog,dlg-enter,,burst,6,Enter,none | dialog:Edit workspace | @dialog:Edit workspaceWorkspace ,0,0,Enter>button:Orbit dialog[none|f=button:Orbit dialog|h=None]@23.8
chromium-dark-desktop › orbit-dialog dlg-enter burst sample 7,orbit-dialog,dialog,dlg-enter,,burst,7,Enter,none | dialog:Edit workspace | @dialog:Edit workspaceWorkspace ,0,0,Enter>button:Orbit dialog[none|f=button:Orbit dialog|h=None]@29.8
chromium-dark-desktop › orbit-dialog dlg-enter burst sample 8,orbit-dialog,dialog,dlg-enter,,burst,8,Enter,none | dialog:Edit workspace | @dialog:Edit workspaceWorkspace ,0,0,Enter>button:Orbit dialog[none|f=button:Orbit dialog|h=None]@32.5
chromium-dark-desktop › orbit-dialog dlg-enter burst sample 9,orbit-dialog,dialog,dlg-enter,,burst,9,Enter,none | dialog:Edit workspace | @dialog:Edit workspaceWorkspace ,0,0,Enter>button:Orbit dialog[none|f=button:Orbit dialog|h=None]@23.2
chromium-dark-desktop › orbit-dialog dlg-enter burst sample 10,orbit-dialog,dialog,dlg-enter,,burst,10,Enter,none | dialog:Edit workspace | @dialog:Edit workspaceWorkspace ,0,0,Enter>button:Orbit dialog[none|f=button:Orbit dialog|h=None]@32.5
chromium-dark-desktop › orbit-dialog dlg-enter burst sample 11,orbit-dialog,dialog,dlg-enter,,burst,11,Enter,none | dialog:Edit workspace | @dialog:Edit workspaceWorkspace ,0,0,Enter>button:Orbit dialog[none|f=button:Orbit dialog|h=None]@16.3
chromium-dark-desktop › orbit-dialog dlg-enter burst sample 12,orbit-dialog,dialog,dlg-enter,,burst,12,Enter,none | dialog:Edit workspace | @dialog:Edit workspaceWorkspace ,0,0,Enter>button:Orbit dialog[none|f=button:Orbit dialog|h=None]@30.1
chromium-dark-desktop › orbit-dialog dlg-enter burst sample 13,orbit-dialog,dialog,dlg-enter,,burst,13,Enter,none | dialog:Edit workspace | @dialog:Edit workspaceWorkspace ,0,0,Enter>button:Orbit dialog[none|f=button:Orbit dialog|h=None]@30.8
chromium-dark-desktop › orbit-dialog dlg-enter burst sample 14,orbit-dialog,dialog,dlg-enter,,burst,14,Enter,none | dialog:Edit workspace | @dialog:Edit workspaceWorkspace ,0,0,Enter>button:Orbit dialog[none|f=button:Orbit dialog|h=None]@18.5
chromium-dark-desktop › orbit-dialog dlg-enter burst sample 15,orbit-dialog,dialog,dlg-enter,,burst,15,Enter,none | dialog:Edit workspace | @dialog:Edit workspaceWorkspace ,0,0,Enter>button:Orbit dialog[none|f=button:Orbit dialog|h=None]@34.1
chromium-dark-desktop › orbit-dialog dlg-enter burst sample 16,orbit-dialog,dialog,dlg-enter,,burst,16,Enter,none | dialog:Edit workspace | @dialog:Edit workspaceWorkspace ,0,0,Enter>button:Orbit dialog[none|f=button:Orbit dialog|h=None]@29.3
chromium-dark-desktop › orbit-dialog dlg-enter burst sample 17,orbit-dialog,dialog,dlg-enter,,burst,17,Enter,none | dialog:Edit workspace | @dialog:Edit workspaceWorkspace ,0,0,Enter>button:Orbit dialog[none|f=button:Orbit dialog|h=None]@22.1
chromium-dark-desktop › orbit-dialog dlg-enter burst sample 18,orbit-dialog,dialog,dlg-enter,,burst,18,Enter,none | dialog:Edit workspace | @dialog:Edit workspaceWorkspace ,0,0,Enter>button:Orbit dialog[none|f=button:Orbit dialog|h=None]@29.3
chromium-dark-desktop › orbit-dialog dlg-enter burst sample 19,orbit-dialog,dialog,dlg-enter,,burst,19,Enter,none | dialog:Edit workspace | @dialog:Edit workspaceWorkspace ,0,0,Enter>button:Orbit dialog[none|f=button:Orbit dialog|h=None]@16.1
chromium-dark-desktop › orbit-dialog dlg-enter paced sample 0,orbit-dialog,dialog,dlg-enter,,paced,0,Enter,none | dialog:Edit workspace | @dialog:Edit workspaceWorkspace ,0,0,Enter>button:Orbit dialog[none|f=button:Orbit dialog|h=None]@19.1
chromium-dark-desktop › orbit-dialog dlg-enter paced sample 1,orbit-dialog,dialog,dlg-enter,,paced,1,Enter,none | dialog:Edit workspace | @dialog:Edit workspaceWorkspace ,0,0,Enter>button:Orbit dialog[none|f=button:Orbit dialog|h=None]@30.6
chromium-dark-desktop › orbit-dialog dlg-enter paced sample 2,orbit-dialog,dialog,dlg-enter,,paced,2,Enter,none | dialog:Edit workspace | @dialog:Edit workspaceWorkspace ,0,0,Enter>button:Orbit dialog[none|f=button:Orbit dialog|h=None]@26.3
chromium-dark-desktop › orbit-dialog dlg-enter paced sample 3,orbit-dialog,dialog,dlg-enter,,paced,3,Enter,none | dialog:Edit workspace | @dialog:Edit workspaceWorkspace ,0,0,Enter>button:Orbit dialog[none|f=button:Orbit dialog|h=None]@9.2
chromium-dark-desktop › orbit-dialog dlg-enter paced sample 4,orbit-dialog,dialog,dlg-enter,,paced,4,Enter,none | dialog:Edit workspace | @dialog:Edit workspaceWorkspace ,0,0,Enter>button:Orbit dialog[none|f=button:Orbit dialog|h=None]@33.5
chromium-dark-desktop › orbit-dialog dlg-enter paced sample 5,orbit-dialog,dialog,dlg-enter,,paced,5,Enter,none | dialog:Edit workspace | @dialog:Edit workspaceWorkspace ,0,0,Enter>button:Orbit dialog[none|f=button:Orbit dialog|h=None]@31.3
chromium-dark-desktop › orbit-dialog dlg-enter paced sample 6,orbit-dialog,dialog,dlg-enter,,paced,6,Enter,none | dialog:Edit workspace | @dialog:Edit workspaceWorkspace ,0,0,Enter>button:Orbit dialog[none|f=button:Orbit dialog|h=None]@21.4
chromium-dark-desktop › orbit-dialog dlg-enter paced sample 7,orbit-dialog,dialog,dlg-enter,,paced,7,Enter,none | dialog:Edit workspace | @dialog:Edit workspaceWorkspace ,0,0,Enter>button:Orbit dialog[none|f=button:Orbit dialog|h=None]@24.2
chromium-dark-desktop › orbit-dialog dlg-enter paced sample 8,orbit-dialog,dialog,dlg-enter,,paced,8,Enter,none | dialog:Edit workspace | @dialog:Edit workspaceWorkspace ,0,0,Enter>button:Orbit dialog[none|f=button:Orbit dialog|h=None]@19.7
chromium-dark-desktop › orbit-dialog dlg-enter paced sample 9,orbit-dialog,dialog,dlg-enter,,paced,9,Enter,none | dialog:Edit workspace | @dialog:Edit workspaceWorkspace ,0,0,Enter>button:Orbit dialog[none|f=button:Orbit dialog|h=None]@20
chromium-dark-desktop › orbit-dialog dlg-enter paced sample 10,orbit-dialog,dialog,dlg-enter,,paced,10,Enter,none | dialog:Edit workspace | @dialog:Edit workspaceWorkspace ,0,0,Enter>button:Orbit dialog[none|f=button:Orbit dialog|h=None]@35.6
chromium-dark-desktop › orbit-dialog dlg-enter paced sample 11,orbit-dialog,dialog,dlg-enter,,paced,11,Enter,none | dialog:Edit workspace | @dialog:Edit workspaceWorkspace ,0,0,Enter>button:Orbit dialog[none|f=button:Orbit dialog|h=None]@22.7
chromium-dark-desktop › orbit-dialog dlg-enter paced sample 12,orbit-dialog,dialog,dlg-enter,,paced,12,Enter,none | dialog:Edit workspace | @dialog:Edit workspaceWorkspace ,0,0,Enter>button:Orbit dialog[none|f=button:Orbit dialog|h=None]@16.4
chromium-dark-desktop › orbit-dialog dlg-enter paced sample 13,orbit-dialog,dialog,dlg-enter,,paced,13,Enter,none | dialog:Edit workspace | @dialog:Edit workspaceWorkspace ,0,0,Enter>button:Orbit dialog[none|f=button:Orbit dialog|h=None]@29.6
chromium-dark-desktop › orbit-dialog dlg-enter paced sample 14,orbit-dialog,dialog,dlg-enter,,paced,14,Enter,none | dialog:Edit workspace | @dialog:Edit workspaceWorkspace ,0,0,Enter>button:Orbit dialog[none|f=button:Orbit dialog|h=None]@16.8
chromium-dark-desktop › orbit-dialog dlg-enter paced sample 15,orbit-dialog,dialog,dlg-enter,,paced,15,Enter,none | dialog:Edit workspace | @dialog:Edit workspaceWorkspace ,0,0,Enter>button:Orbit dialog[none|f=button:Orbit dialog|h=None]@22.7
chromium-dark-desktop › orbit-dialog dlg-enter paced sample 16,orbit-dialog,dialog,dlg-enter,,paced,16,Enter,none | dialog:Edit workspace | @dialog:Edit workspaceWorkspace ,0,0,Enter>button:Orbit dialog[none|f=button:Orbit dialog|h=None]@28.3
chromium-dark-desktop › orbit-dialog dlg-enter paced sample 17,orbit-dialog,dialog,dlg-enter,,paced,17,Enter,none | dialog:Edit workspace | @dialog:Edit workspaceWorkspace ,0,0,Enter>button:Orbit dialog[none|f=button:Orbit dialog|h=None]@14.5
chromium-dark-desktop › orbit-dialog dlg-enter paced sample 18,orbit-dialog,dialog,dlg-enter,,paced,18,Enter,none | dialog:Edit workspace | @dialog:Edit workspaceWorkspace ,0,0,Enter>button:Orbit dialog[none|f=button:Orbit dialog|h=None]@31.4
chromium-dark-desktop › orbit-dialog dlg-enter paced sample 19,orbit-dialog,dialog,dlg-enter,,paced,19,Enter,none | dialog:Edit workspace | @dialog:Edit workspaceWorkspace ,0,0,Enter>button:Orbit dialog[none|f=button:Orbit dialog|h=None]@19.4
chromium-dark-desktop › orbit-confirm dlg-enter burst sample 0,orbit-confirm,dialog,dlg-enter,,burst,0,Enter,none | alertdialog:Delete runner? | @button:Cancel,0,0,Enter>button:Orbit confirm[none|f=button:Orbit confirm|h=None]@11.3
chromium-dark-desktop › orbit-confirm dlg-enter burst sample 1,orbit-confirm,dialog,dlg-enter,,burst,1,Enter,none | alertdialog:Delete runner? | @button:Cancel,0,0,Enter>button:Orbit confirm[none|f=button:Orbit confirm|h=None]@24.5
chromium-dark-desktop › orbit-confirm dlg-enter burst sample 2,orbit-confirm,dialog,dlg-enter,,burst,2,Enter,none | alertdialog:Delete runner? | @button:Cancel,0,0,Enter>button:Orbit confirm[none|f=button:Orbit confirm|h=None]@22.7
chromium-dark-desktop › orbit-confirm dlg-enter burst sample 3,orbit-confirm,dialog,dlg-enter,,burst,3,Enter,none | alertdialog:Delete runner? | @button:Cancel,0,0,Enter>button:Orbit confirm[none|f=button:Orbit confirm|h=None]@26.4
chromium-dark-desktop › orbit-confirm dlg-enter burst sample 4,orbit-confirm,dialog,dlg-enter,,burst,4,Enter,none | alertdialog:Delete runner? | @button:Cancel,0,0,Enter>button:Orbit confirm[none|f=button:Orbit confirm|h=None]@25.3
chromium-dark-desktop › orbit-confirm dlg-enter burst sample 5,orbit-confirm,dialog,dlg-enter,,burst,5,Enter,none | alertdialog:Delete runner? | @button:Cancel,0,0,Enter>button:Orbit confirm[none|f=button:Orbit confirm|h=None]@17.3
chromium-dark-desktop › orbit-confirm dlg-enter burst sample 6,orbit-confirm,dialog,dlg-enter,,burst,6,Enter,none | alertdialog:Delete runner? | @button:Cancel,0,0,Enter>button:Orbit confirm[none|f=button:Orbit confirm|h=None]@26
chromium-dark-desktop › orbit-confirm dlg-enter burst sample 7,orbit-confirm,dialog,dlg-enter,,burst,7,Enter,none | alertdialog:Delete runner? | @button:Cancel,0,0,Enter>button:Orbit confirm[none|f=button:Orbit confirm|h=None]@21.8
chromium-dark-desktop › orbit-confirm dlg-enter burst sample 8,orbit-confirm,dialog,dlg-enter,,burst,8,Enter,none | alertdialog:Delete runner? | @button:Cancel,0,0,Enter>button:Orbit confirm[none|f=button:Orbit confirm|h=None]@24.2
chromium-dark-desktop › orbit-confirm dlg-enter burst sample 9,orbit-confirm,dialog,dlg-enter,,burst,9,Enter,none | alertdialog:Delete runner? | @button:Cancel,0,0,Enter>button:Orbit confirm[none|f=button:Orbit confirm|h=None]@37.8
chromium-dark-desktop › orbit-confirm dlg-enter burst sample 10,orbit-confirm,dialog,dlg-enter,,burst,10,Enter,none | alertdialog:Delete runner? | @button:Cancel,0,0,Enter>button:Orbit confirm[none|f=button:Orbit confirm|h=None]@30.1
chromium-dark-desktop › orbit-confirm dlg-enter burst sample 11,orbit-confirm,dialog,dlg-enter,,burst,11,Enter,none | alertdialog:Delete runner? | @button:Cancel,0,0,Enter>button:Orbit confirm[none|f=button:Orbit confirm|h=None]@27.4
chromium-dark-desktop › orbit-confirm dlg-enter burst sample 12,orbit-confirm,dialog,dlg-enter,,burst,12,Enter,none | alertdialog:Delete runner? | @button:Cancel,0,0,Enter>button:Orbit confirm[none|f=button:Orbit confirm|h=None]@35.6
chromium-dark-desktop › orbit-confirm dlg-enter burst sample 13,orbit-confirm,dialog,dlg-enter,,burst,13,Enter,none | alertdialog:Delete runner? | @button:Cancel,0,0,Enter>button:Orbit confirm[none|f=button:Orbit confirm|h=None]@16.4
chromium-dark-desktop › orbit-confirm dlg-enter burst sample 14,orbit-confirm,dialog,dlg-enter,,burst,14,Enter,none | alertdialog:Delete runner? | @button:Cancel,0,0,Enter>button:Orbit confirm[none|f=button:Orbit confirm|h=None]@25.3
chromium-dark-desktop › orbit-confirm dlg-enter burst sample 15,orbit-confirm,dialog,dlg-enter,,burst,15,Enter,none | alertdialog:Delete runner? | @button:Cancel,0,0,Enter>button:Orbit confirm[none|f=button:Orbit confirm|h=None]@17.7
chromium-dark-desktop › orbit-confirm dlg-enter burst sample 16,orbit-confirm,dialog,dlg-enter,,burst,16,Enter,none | alertdialog:Delete runner? | @button:Cancel,0,0,Enter>button:Orbit confirm[none|f=button:Orbit confirm|h=None]@20.5
chromium-dark-desktop › orbit-confirm dlg-enter burst sample 17,orbit-confirm,dialog,dlg-enter,,burst,17,Enter,none | alertdialog:Delete runner? | @button:Cancel,0,0,Enter>button:Orbit confirm[none|f=button:Orbit confirm|h=None]@27.7
chromium-dark-desktop › orbit-confirm dlg-enter burst sample 18,orbit-confirm,dialog,dlg-enter,,burst,18,Enter,none | alertdialog:Delete runner? | @button:Cancel,0,0,Enter>button:Orbit confirm[none|f=button:Orbit confirm|h=None]@39
chromium-dark-desktop › orbit-confirm dlg-enter burst sample 19,orbit-confirm,dialog,dlg-enter,,burst,19,Enter,none | alertdialog:Delete runner? | @button:Cancel,0,0,Enter>button:Orbit confirm[none|f=button:Orbit confirm|h=None]@18.8
chromium-dark-desktop › orbit-confirm dlg-enter paced sample 0,orbit-confirm,dialog,dlg-enter,,paced,0,Enter,none | alertdialog:Delete runner? | @button:Cancel,0,0,Enter>button:Orbit confirm[none|f=button:Orbit confirm|h=None]@27.2
chromium-dark-desktop › orbit-confirm dlg-enter paced sample 1,orbit-confirm,dialog,dlg-enter,,paced,1,Enter,none | alertdialog:Delete runner? | @button:Cancel,0,0,Enter>button:Orbit confirm[none|f=button:Orbit confirm|h=None]@16.7
chromium-dark-desktop › orbit-confirm dlg-enter paced sample 2,orbit-confirm,dialog,dlg-enter,,paced,2,Enter,none | alertdialog:Delete runner? | @button:Cancel,0,0,Enter>button:Orbit confirm[none|f=button:Orbit confirm|h=None]@19.4
chromium-dark-desktop › orbit-confirm dlg-enter paced sample 3,orbit-confirm,dialog,dlg-enter,,paced,3,Enter,none | alertdialog:Delete runner? | @button:Cancel,0,0,Enter>button:Orbit confirm[none|f=button:Orbit confirm|h=None]@15.3
chromium-dark-desktop › orbit-confirm dlg-enter paced sample 4,orbit-confirm,dialog,dlg-enter,,paced,4,Enter,none | alertdialog:Delete runner? | @button:Cancel,0,0,Enter>button:Orbit confirm[none|f=button:Orbit confirm|h=None]@48.2
chromium-dark-desktop › orbit-confirm dlg-enter paced sample 5,orbit-confirm,dialog,dlg-enter,,paced,5,Enter,none | alertdialog:Delete runner? | @button:Cancel,0,0,Enter>button:Orbit confirm[none|f=button:Orbit confirm|h=None]@22.1
chromium-dark-desktop › orbit-confirm dlg-enter paced sample 6,orbit-confirm,dialog,dlg-enter,,paced,6,Enter,none | alertdialog:Delete runner? | @button:Cancel,0,0,Enter>button:Orbit confirm[none|f=button:Orbit confirm|h=None]@27.6
chromium-dark-desktop › orbit-confirm dlg-enter paced sample 7,orbit-confirm,dialog,dlg-enter,,paced,7,Enter,none | alertdialog:Delete runner? | @button:Cancel,0,0,Enter>button:Orbit confirm[none|f=button:Orbit confirm|h=None]@22.9
chromium-dark-desktop › orbit-confirm dlg-enter paced sample 8,orbit-confirm,dialog,dlg-enter,,paced,8,Enter,none | alertdialog:Delete runner? | @button:Cancel,0,0,Enter>button:Orbit confirm[none|f=button:Orbit confirm|h=None]@51.4
chromium-dark-desktop › orbit-confirm dlg-enter paced sample 9,orbit-confirm,dialog,dlg-enter,,paced,9,Enter,none | alertdialog:Delete runner? | @button:Cancel,0,0,Enter>button:Orbit confirm[none|f=button:Orbit confirm|h=None]@30.1
chromium-dark-desktop › orbit-confirm dlg-enter paced sample 10,orbit-confirm,dialog,dlg-enter,,paced,10,Enter,none | alertdialog:Delete runner? | @button:Cancel,0,0,Enter>button:Orbit confirm[none|f=button:Orbit confirm|h=None]@21.9
chromium-dark-desktop › orbit-confirm dlg-enter paced sample 11,orbit-confirm,dialog,dlg-enter,,paced,11,Enter,none | alertdialog:Delete runner? | @button:Cancel,0,0,Enter>button:Orbit confirm[none|f=button:Orbit confirm|h=None]@26.6
chromium-dark-desktop › orbit-confirm dlg-enter paced sample 12,orbit-confirm,dialog,dlg-enter,,paced,12,Enter,none | alertdialog:Delete runner? | @button:Cancel,0,0,Enter>button:Orbit confirm[none|f=button:Orbit confirm|h=None]@22.8
chromium-dark-desktop › orbit-confirm dlg-enter paced sample 13,orbit-confirm,dialog,dlg-enter,,paced,13,Enter,none | alertdialog:Delete runner? | @button:Cancel,0,0,Enter>button:Orbit confirm[none|f=button:Orbit confirm|h=None]@28.7
chromium-dark-desktop › orbit-confirm dlg-enter paced sample 14,orbit-confirm,dialog,dlg-enter,,paced,14,Enter,none | alertdialog:Delete runner? | @button:Cancel,0,0,Enter>button:Orbit confirm[none|f=button:Orbit confirm|h=None]@32.8
chromium-dark-desktop › orbit-confirm dlg-enter paced sample 15,orbit-confirm,dialog,dlg-enter,,paced,15,Enter,none | alertdialog:Delete runner? | @button:Cancel,0,0,Enter>button:Orbit confirm[none|f=button:Orbit confirm|h=None]@18.9
chromium-dark-desktop › orbit-confirm dlg-enter paced sample 16,orbit-confirm,dialog,dlg-enter,,paced,16,Enter,none | alertdialog:Delete runner? | @button:Cancel,0,0,Enter>button:Orbit confirm[none|f=button:Orbit confirm|h=None]@19.2
chromium-dark-desktop › orbit-confirm dlg-enter paced sample 17,orbit-confirm,dialog,dlg-enter,,paced,17,Enter,none | alertdialog:Delete runner? | @button:Cancel,0,0,Enter>button:Orbit confirm[none|f=button:Orbit confirm|h=None]@18.1
chromium-dark-desktop › orbit-confirm dlg-enter paced sample 18,orbit-confirm,dialog,dlg-enter,,paced,18,Enter,none | alertdialog:Delete runner? | @button:Cancel,0,0,Enter>button:Orbit confirm[none|f=button:Orbit confirm|h=None]@23.2
chromium-dark-desktop › orbit-confirm dlg-enter paced sample 19,orbit-confirm,dialog,dlg-enter,,paced,19,Enter,none | alertdialog:Delete runner? | @button:Cancel,0,0,Enter>button:Orbit confirm[none|f=button:Orbit confirm|h=None]@16
chromium-dark-desktop › orbit-dialog dlg-enter-enter burst sample 0,orbit-dialog,dialog,dlg-enter-enter,dlg-enter,burst,0,Enter Enter,none | dialog:Edit workspace | @dialog:Edit workspaceWorkspace ,0,0,Enter>button:Orbit dialog[none|f=button:Orbit dialog|h=None]@11.7 ; Enter>dialog:Edit workspaceWorkspace [dialog:Edit workspace|f=dialog:Edit workspaceWorkspace |h=None]@30.3
chromium-dark-desktop › orbit-dialog dlg-enter-enter burst sample 1,orbit-dialog,dialog,dlg-enter-enter,dlg-enter,burst,1,Enter Enter,none | dialog:Edit workspace | @dialog:Edit workspaceWorkspace ,0,0,Enter>button:Orbit dialog[none|f=button:Orbit dialog|h=None]@16.7 ; Enter>dialog:Edit workspaceWorkspace [dialog:Edit workspace|f=dialog:Edit workspaceWorkspace |h=None]@41.5
chromium-dark-desktop › orbit-dialog dlg-enter-enter burst sample 2,orbit-dialog,dialog,dlg-enter-enter,dlg-enter,burst,2,Enter Enter,none | dialog:Edit workspace | @dialog:Edit workspaceWorkspace ,0,0,Enter>button:Orbit dialog[none|f=button:Orbit dialog|h=None]@13.8 ; Enter>dialog:Edit workspaceWorkspace [dialog:Edit workspace|f=dialog:Edit workspaceWorkspace |h=None]@36.9
chromium-dark-desktop › orbit-dialog dlg-enter-enter burst sample 3,orbit-dialog,dialog,dlg-enter-enter,dlg-enter,burst,3,Enter Enter,none | dialog:Edit workspace | @dialog:Edit workspaceWorkspace ,0,0,Enter>button:Orbit dialog[none|f=button:Orbit dialog|h=None]@51.1 ; Enter>dialog:Edit workspaceWorkspace [dialog:Edit workspace|f=dialog:Edit workspaceWorkspace |h=None]@71.3
chromium-dark-desktop › orbit-dialog dlg-enter-enter burst sample 4,orbit-dialog,dialog,dlg-enter-enter,dlg-enter,burst,4,Enter Enter,none | dialog:Edit workspace | @dialog:Edit workspaceWorkspace ,0,0,Enter>button:Orbit dialog[none|f=button:Orbit dialog|h=None]@30.6 ; Enter>dialog:Edit workspaceWorkspace [dialog:Edit workspace|f=dialog:Edit workspaceWorkspace |h=None]@59.7
chromium-dark-desktop › orbit-dialog dlg-enter-enter burst sample 5,orbit-dialog,dialog,dlg-enter-enter,dlg-enter,burst,5,Enter Enter,none | dialog:Edit workspace | @dialog:Edit workspaceWorkspace ,0,0,Enter>button:Orbit dialog[none|f=button:Orbit dialog|h=None]@16.9 ; Enter>dialog:Edit workspaceWorkspace [dialog:Edit workspace|f=dialog:Edit workspaceWorkspace |h=None]@40
chromium-dark-desktop › orbit-dialog dlg-enter-enter burst sample 6,orbit-dialog,dialog,dlg-enter-enter,dlg-enter,burst,6,Enter Enter,none | dialog:Edit workspace | @dialog:Edit workspaceWorkspace ,0,0,Enter>button:Orbit dialog[none|f=button:Orbit dialog|h=None]@25.4 ; Enter>dialog:Edit workspaceWorkspace [dialog:Edit workspace|f=dialog:Edit workspaceWorkspace |h=None]@48.3
chromium-dark-desktop › orbit-dialog dlg-enter-enter burst sample 7,orbit-dialog,dialog,dlg-enter-enter,dlg-enter,burst,7,Enter Enter,none | dialog:Edit workspace | @dialog:Edit workspaceWorkspace ,0,0,Enter>button:Orbit dialog[none|f=button:Orbit dialog|h=None]@26.4 ; Enter>dialog:Edit workspaceWorkspace [dialog:Edit workspace|f=dialog:Edit workspaceWorkspace |h=None]@53.6
chromium-dark-desktop › orbit-dialog dlg-enter-enter burst sample 8,orbit-dialog,dialog,dlg-enter-enter,dlg-enter,burst,8,Enter Enter,none | dialog:Edit workspace | @dialog:Edit workspaceWorkspace ,0,0,Enter>button:Orbit dialog[none|f=button:Orbit dialog|h=None]@18.1 ; Enter>dialog:Edit workspaceWorkspace [dialog:Edit workspace|f=dialog:Edit workspaceWorkspace |h=None]@39.4
chromium-dark-desktop › orbit-dialog dlg-enter-enter burst sample 9,orbit-dialog,dialog,dlg-enter-enter,dlg-enter,burst,9,Enter Enter,none | dialog:Edit workspace | @dialog:Edit workspaceWorkspace ,0,0,Enter>button:Orbit dialog[none|f=button:Orbit dialog|h=None]@21.5 ; Enter>dialog:Edit workspaceWorkspace [dialog:Edit workspace|f=dialog:Edit workspaceWorkspace |h=None]@42.1
chromium-dark-desktop › orbit-dialog dlg-enter-enter burst sample 10,orbit-dialog,dialog,dlg-enter-enter,dlg-enter,burst,10,Enter Enter,none | dialog:Edit workspace | @dialog:Edit workspaceWorkspace ,0,0,Enter>button:Orbit dialog[none|f=button:Orbit dialog|h=None]@22.4 ; Enter>dialog:Edit workspaceWorkspace [dialog:Edit workspace|f=dialog:Edit workspaceWorkspace |h=None]@38.6
chromium-dark-desktop › orbit-dialog dlg-enter-enter burst sample 11,orbit-dialog,dialog,dlg-enter-enter,dlg-enter,burst,11,Enter Enter,none | dialog:Edit workspace | @dialog:Edit workspaceWorkspace ,0,0,Enter>button:Orbit dialog[none|f=button:Orbit dialog|h=None]@29.5 ; Enter>dialog:Edit workspaceWorkspace [dialog:Edit workspace|f=dialog:Edit workspaceWorkspace |h=None]@62
chromium-dark-desktop › orbit-dialog dlg-enter-enter burst sample 12,orbit-dialog,dialog,dlg-enter-enter,dlg-enter,burst,12,Enter Enter,none | dialog:Edit workspace | @dialog:Edit workspaceWorkspace ,0,0,Enter>button:Orbit dialog[none|f=button:Orbit dialog|h=None]@23.8 ; Enter>dialog:Edit workspaceWorkspace [dialog:Edit workspace|f=dialog:Edit workspaceWorkspace |h=None]@43.2
chromium-dark-desktop › orbit-dialog dlg-enter-enter burst sample 13,orbit-dialog,dialog,dlg-enter-enter,dlg-enter,burst,13,Enter Enter,none | dialog:Edit workspace | @dialog:Edit workspaceWorkspace ,0,0,Enter>button:Orbit dialog[none|f=button:Orbit dialog|h=None]@17.5 ; Enter>dialog:Edit workspaceWorkspace [dialog:Edit workspace|f=dialog:Edit workspaceWorkspace |h=None]@33.9
chromium-dark-desktop › orbit-dialog dlg-enter-enter burst sample 14,orbit-dialog,dialog,dlg-enter-enter,dlg-enter,burst,14,Enter Enter,none | dialog:Edit workspace | @dialog:Edit workspaceWorkspace ,0,0,Enter>button:Orbit dialog[none|f=button:Orbit dialog|h=None]@23.4 ; Enter>dialog:Edit workspaceWorkspace [dialog:Edit workspace|f=dialog:Edit workspaceWorkspace |h=None]@41.1
chromium-dark-desktop › orbit-dialog dlg-enter-enter burst sample 15,orbit-dialog,dialog,dlg-enter-enter,dlg-enter,burst,15,Enter Enter,none | dialog:Edit workspace | @dialog:Edit workspaceWorkspace ,0,0,Enter>button:Orbit dialog[none|f=button:Orbit dialog|h=None]@21.8 ; Enter>dialog:Edit workspaceWorkspace [dialog:Edit workspace|f=dialog:Edit workspaceWorkspace |h=None]@40.9
chromium-dark-desktop › orbit-dialog dlg-enter-enter burst sample 16,orbit-dialog,dialog,dlg-enter-enter,dlg-enter,burst,16,Enter Enter,none | dialog:Edit workspace | @dialog:Edit workspaceWorkspace ,0,0,Enter>button:Orbit dialog[none|f=button:Orbit dialog|h=None]@31 ; Enter>dialog:Edit workspaceWorkspace [dialog:Edit workspace|f=dialog:Edit workspaceWorkspace |h=None]@81.7
chromium-dark-desktop › orbit-dialog dlg-enter-enter burst sample 17,orbit-dialog,dialog,dlg-enter-enter,dlg-enter,burst,17,Enter Enter,none | dialog:Edit workspace | @dialog:Edit workspaceWorkspace ,0,0,Enter>button:Orbit dialog[none|f=button:Orbit dialog|h=None]@25.2 ; Enter>dialog:Edit workspaceWorkspace [dialog:Edit workspace|f=dialog:Edit workspaceWorkspace |h=None]@53.1
chromium-dark-desktop › orbit-dialog dlg-enter-enter burst sample 18,orbit-dialog,dialog,dlg-enter-enter,dlg-enter,burst,18,Enter Enter,none | dialog:Edit workspace | @dialog:Edit workspaceWorkspace ,0,0,Enter>button:Orbit dialog[none|f=button:Orbit dialog|h=None]@29.4 ; Enter>dialog:Edit workspaceWorkspace [dialog:Edit workspace|f=dialog:Edit workspaceWorkspace |h=None]@67.6
chromium-dark-desktop › orbit-dialog dlg-enter-enter burst sample 19,orbit-dialog,dialog,dlg-enter-enter,dlg-enter,burst,19,Enter Enter,none | dialog:Edit workspace | @dialog:Edit workspaceWorkspace ,0,0,Enter>button:Orbit dialog[none|f=button:Orbit dialog|h=None]@33.4 ; Enter>dialog:Edit workspaceWorkspace [dialog:Edit workspace|f=dialog:Edit workspaceWorkspace |h=None]@58.7
chromium-dark-desktop › orbit-dialog dlg-enter-enter paced sample 0,orbit-dialog,dialog,dlg-enter-enter,dlg-enter,paced,0,Enter Enter,none | dialog:Edit workspace | @dialog:Edit workspaceWorkspace ,0,0,Enter>button:Orbit dialog[none|f=button:Orbit dialog|h=None]@13.2 ; Enter>dialog:Edit workspaceWorkspace [dialog:Edit workspace|f=dialog:Edit workspaceWorkspace |h=None]@357.1
chromium-dark-desktop › orbit-dialog dlg-enter-enter paced sample 1,orbit-dialog,dialog,dlg-enter-enter,dlg-enter,paced,1,Enter Enter,none | dialog:Edit workspace | @dialog:Edit workspaceWorkspace ,0,0,Enter>button:Orbit dialog[none|f=button:Orbit dialog|h=None]@27.3 ; Enter>dialog:Edit workspaceWorkspace [dialog:Edit workspace|f=dialog:Edit workspaceWorkspace |h=None]@380.2
chromium-dark-desktop › orbit-dialog dlg-enter-enter paced sample 2,orbit-dialog,dialog,dlg-enter-enter,dlg-enter,paced,2,Enter Enter,none | dialog:Edit workspace | @dialog:Edit workspaceWorkspace ,0,0,Enter>button:Orbit dialog[none|f=button:Orbit dialog|h=None]@24.7 ; Enter>dialog:Edit workspaceWorkspace [dialog:Edit workspace|f=dialog:Edit workspaceWorkspace |h=None]@356.8
chromium-dark-desktop › orbit-dialog dlg-enter-enter paced sample 3,orbit-dialog,dialog,dlg-enter-enter,dlg-enter,paced,3,Enter Enter,none | dialog:Edit workspace | @dialog:Edit workspaceWorkspace ,0,0,Enter>button:Orbit dialog[none|f=button:Orbit dialog|h=None]@17.4 ; Enter>dialog:Edit workspaceWorkspace [dialog:Edit workspace|f=dialog:Edit workspaceWorkspace |h=None]@350.5
chromium-dark-desktop › orbit-dialog dlg-enter-enter paced sample 4,orbit-dialog,dialog,dlg-enter-enter,dlg-enter,paced,4,Enter Enter,none | dialog:Edit workspace | @dialog:Edit workspaceWorkspace ,0,0,Enter>button:Orbit dialog[none|f=button:Orbit dialog|h=None]@30.4 ; Enter>dialog:Edit workspaceWorkspace [dialog:Edit workspace|f=dialog:Edit workspaceWorkspace |h=None]@363.9
chromium-dark-desktop › orbit-dialog dlg-enter-enter paced sample 5,orbit-dialog,dialog,dlg-enter-enter,dlg-enter,paced,5,Enter Enter,none | dialog:Edit workspace | @dialog:Edit workspaceWorkspace ,0,0,Enter>button:Orbit dialog[none|f=button:Orbit dialog|h=None]@31.5 ; Enter>dialog:Edit workspaceWorkspace [dialog:Edit workspace|f=dialog:Edit workspaceWorkspace |h=None]@357.1
chromium-dark-desktop › orbit-dialog dlg-enter-enter paced sample 6,orbit-dialog,dialog,dlg-enter-enter,dlg-enter,paced,6,Enter Enter,none | dialog:Edit workspace | @dialog:Edit workspaceWorkspace ,0,0,Enter>button:Orbit dialog[none|f=button:Orbit dialog|h=None]@31.4 ; Enter>dialog:Edit workspaceWorkspace [dialog:Edit workspace|f=dialog:Edit workspaceWorkspace |h=None]@367
chromium-dark-desktop › orbit-dialog dlg-enter-enter paced sample 7,orbit-dialog,dialog,dlg-enter-enter,dlg-enter,paced,7,Enter Enter,none | dialog:Edit workspace | @dialog:Edit workspaceWorkspace ,0,0,Enter>button:Orbit dialog[none|f=button:Orbit dialog|h=None]@29.4 ; Enter>dialog:Edit workspaceWorkspace [dialog:Edit workspace|f=dialog:Edit workspaceWorkspace |h=None]@371
chromium-dark-desktop › orbit-dialog dlg-enter-enter paced sample 8,orbit-dialog,dialog,dlg-enter-enter,dlg-enter,paced,8,Enter Enter,none | dialog:Edit workspace | @dialog:Edit workspaceWorkspace ,0,0,Enter>button:Orbit dialog[none|f=button:Orbit dialog|h=None]@13.8 ; Enter>dialog:Edit workspaceWorkspace [dialog:Edit workspace|f=dialog:Edit workspaceWorkspace |h=None]@353.6
chromium-dark-desktop › orbit-dialog dlg-enter-enter paced sample 9,orbit-dialog,dialog,dlg-enter-enter,dlg-enter,paced,9,Enter Enter,none | dialog:Edit workspace | @dialog:Edit workspaceWorkspace ,0,0,Enter>button:Orbit dialog[none|f=button:Orbit dialog|h=None]@19.1 ; Enter>dialog:Edit workspaceWorkspace [dialog:Edit workspace|f=dialog:Edit workspaceWorkspace |h=None]@377.7
chromium-dark-desktop › orbit-dialog dlg-enter-enter paced sample 10,orbit-dialog,dialog,dlg-enter-enter,dlg-enter,paced,10,Enter Enter,none | dialog:Edit workspace | @dialog:Edit workspaceWorkspace ,0,0,Enter>button:Orbit dialog[none|f=button:Orbit dialog|h=None]@17.5 ; Enter>dialog:Edit workspaceWorkspace [dialog:Edit workspace|f=dialog:Edit workspaceWorkspace |h=None]@364.2
chromium-dark-desktop › orbit-dialog dlg-enter-enter paced sample 11,orbit-dialog,dialog,dlg-enter-enter,dlg-enter,paced,11,Enter Enter,none | dialog:Edit workspace | @dialog:Edit workspaceWorkspace ,0,0,Enter>button:Orbit dialog[none|f=button:Orbit dialog|h=None]@49.8 ; Enter>dialog:Edit workspaceWorkspace [dialog:Edit workspace|f=dialog:Edit workspaceWorkspace |h=None]@408.5
chromium-dark-desktop › orbit-dialog dlg-enter-enter paced sample 12,orbit-dialog,dialog,dlg-enter-enter,dlg-enter,paced,12,Enter Enter,none | dialog:Edit workspace | @dialog:Edit workspaceWorkspace ,0,0,Enter>button:Orbit dialog[none|f=button:Orbit dialog|h=None]@20 ; Enter>dialog:Edit workspaceWorkspace [dialog:Edit workspace|f=dialog:Edit workspaceWorkspace |h=None]@349.3
chromium-dark-desktop › orbit-dialog dlg-enter-enter paced sample 13,orbit-dialog,dialog,dlg-enter-enter,dlg-enter,paced,13,Enter Enter,none | dialog:Edit workspace | @dialog:Edit workspaceWorkspace ,0,0,Enter>button:Orbit dialog[none|f=button:Orbit dialog|h=None]@23.1 ; Enter>dialog:Edit workspaceWorkspace [dialog:Edit workspace|f=dialog:Edit workspaceWorkspace |h=None]@356
chromium-dark-desktop › orbit-dialog dlg-enter-enter paced sample 14,orbit-dialog,dialog,dlg-enter-enter,dlg-enter,paced,14,Enter Enter,none | dialog:Edit workspace | @dialog:Edit workspaceWorkspace ,0,0,Enter>button:Orbit dialog[none|f=button:Orbit dialog|h=None]@17.3 ; Enter>dialog:Edit workspaceWorkspace [dialog:Edit workspace|f=dialog:Edit workspaceWorkspace |h=None]@352.2
chromium-dark-desktop › orbit-dialog dlg-enter-enter paced sample 15,orbit-dialog,dialog,dlg-enter-enter,dlg-enter,paced,15,Enter Enter,none | dialog:Edit workspace | @dialog:Edit workspaceWorkspace ,0,0,Enter>button:Orbit dialog[none|f=button:Orbit dialog|h=None]@32.1 ; Enter>dialog:Edit workspaceWorkspace [dialog:Edit workspace|f=dialog:Edit workspaceWorkspace |h=None]@375.1
chromium-dark-desktop › orbit-dialog dlg-enter-enter paced sample 16,orbit-dialog,dialog,dlg-enter-enter,dlg-enter,paced,16,Enter Enter,none | dialog:Edit workspace | @dialog:Edit workspaceWorkspace ,0,0,Enter>button:Orbit dialog[none|f=button:Orbit dialog|h=None]@18 ; Enter>dialog:Edit workspaceWorkspace [dialog:Edit workspace|f=dialog:Edit workspaceWorkspace |h=None]@352.5
chromium-dark-desktop › orbit-dialog dlg-enter-enter paced sample 17,orbit-dialog,dialog,dlg-enter-enter,dlg-enter,paced,17,Enter Enter,none | dialog:Edit workspace | @dialog:Edit workspaceWorkspace ,0,0,Enter>button:Orbit dialog[none|f=button:Orbit dialog|h=None]@24.4 ; Enter>dialog:Edit workspaceWorkspace [dialog:Edit workspace|f=dialog:Edit workspaceWorkspace |h=None]@356.2
chromium-dark-desktop › orbit-dialog dlg-enter-enter paced sample 18,orbit-dialog,dialog,dlg-enter-enter,dlg-enter,paced,18,Enter Enter,none | dialog:Edit workspace | @dialog:Edit workspaceWorkspace ,0,0,Enter>button:Orbit dialog[none|f=button:Orbit dialog|h=None]@23.8 ; Enter>dialog:Edit workspaceWorkspace [dialog:Edit workspace|f=dialog:Edit workspaceWorkspace |h=None]@365.9
chromium-dark-desktop › orbit-dialog dlg-enter-enter paced sample 19,orbit-dialog,dialog,dlg-enter-enter,dlg-enter,paced,19,Enter Enter,none | dialog:Edit workspace | @dialog:Edit workspaceWorkspace ,0,0,Enter>button:Orbit dialog[none|f=button:Orbit dialog|h=None]@20.2 ; Enter>dialog:Edit workspaceWorkspace [dialog:Edit workspace|f=dialog:Edit workspaceWorkspace |h=None]@354.9
chromium-dark-desktop › orbit-confirm dlg-enter-enter burst sample 0,orbit-confirm,dialog,dlg-enter-enter,dlg-enter,burst,0,Enter Enter,ran Cancel | none | @button:Orbit confirm,0,0,Enter>button:Orbit confirm[none|f=button:Orbit confirm|h=None]@27.4 ; Enter>button:Cancel[alertdialog:Delete runner?|f=button:Cancel|h=None]@47.5
chromium-dark-desktop › orbit-confirm dlg-enter-enter burst sample 1,orbit-confirm,dialog,dlg-enter-enter,dlg-enter,burst,1,Enter Enter,ran Cancel | none | @button:Orbit confirm,0,0,Enter>button:Orbit confirm[none|f=button:Orbit confirm|h=None]@31 ; Enter>button:Cancel[alertdialog:Delete runner?|f=button:Cancel|h=None]@55.1
chromium-dark-desktop › orbit-confirm dlg-enter-enter burst sample 2,orbit-confirm,dialog,dlg-enter-enter,dlg-enter,burst,2,Enter Enter,ran Cancel | none | @button:Orbit confirm,0,0,Enter>button:Orbit confirm[none|f=button:Orbit confirm|h=None]@10 ; Enter>button:Cancel[alertdialog:Delete runner?|f=button:Cancel|h=None]@49.6
chromium-dark-desktop › orbit-confirm dlg-enter-enter burst sample 3,orbit-confirm,dialog,dlg-enter-enter,dlg-enter,burst,3,Enter Enter,ran Cancel | none | @button:Orbit confirm,0,0,Enter>button:Orbit confirm[none|f=button:Orbit confirm|h=None]@26.2 ; Enter>button:Cancel[alertdialog:Delete runner?|f=button:Cancel|h=None]@47.2
chromium-dark-desktop › orbit-confirm dlg-enter-enter burst sample 4,orbit-confirm,dialog,dlg-enter-enter,dlg-enter,burst,4,Enter Enter,ran Cancel | none | @button:Orbit confirm,0,0,Enter>button:Orbit confirm[none|f=button:Orbit confirm|h=None]@25.2 ; Enter>button:Cancel[alertdialog:Delete runner?|f=button:Cancel|h=None]@46.5
chromium-dark-desktop › orbit-confirm dlg-enter-enter burst sample 5,orbit-confirm,dialog,dlg-enter-enter,dlg-enter,burst,5,Enter Enter,ran Cancel | none | @button:Orbit confirm,0,0,Enter>button:Orbit confirm[none|f=button:Orbit confirm|h=None]@47.7 ; Enter>button:Cancel[alertdialog:Delete runner?|f=button:Cancel|h=None]@87.1
chromium-dark-desktop › orbit-confirm dlg-enter-enter burst sample 6,orbit-confirm,dialog,dlg-enter-enter,dlg-enter,burst,6,Enter Enter,ran Cancel | none | @button:Orbit confirm,0,0,Enter>button:Orbit confirm[none|f=button:Orbit confirm|h=None]@15.5 ; Enter>button:Cancel[alertdialog:Delete runner?|f=button:Cancel|h=None]@39.8
chromium-dark-desktop › orbit-confirm dlg-enter-enter burst sample 7,orbit-confirm,dialog,dlg-enter-enter,dlg-enter,burst,7,Enter Enter,ran Cancel | none | @button:Orbit confirm,0,0,Enter>button:Orbit confirm[none|f=button:Orbit confirm|h=None]@23.1 ; Enter>button:Cancel[alertdialog:Delete runner?|f=button:Cancel|h=None]@50.7
chromium-dark-desktop › orbit-confirm dlg-enter-enter burst sample 8,orbit-confirm,dialog,dlg-enter-enter,dlg-enter,burst,8,Enter Enter,ran Cancel | none | @button:Orbit confirm,0,0,Enter>button:Orbit confirm[none|f=button:Orbit confirm|h=None]@31.3 ; Enter>button:Cancel[alertdialog:Delete runner?|f=button:Cancel|h=None]@51.1
chromium-dark-desktop › orbit-confirm dlg-enter-enter burst sample 9,orbit-confirm,dialog,dlg-enter-enter,dlg-enter,burst,9,Enter Enter,ran Cancel | none | @button:Orbit confirm,0,0,Enter>button:Orbit confirm[none|f=button:Orbit confirm|h=None]@23.2 ; Enter>button:Cancel[alertdialog:Delete runner?|f=button:Cancel|h=None]@40.9
chromium-dark-desktop › orbit-confirm dlg-enter-enter burst sample 10,orbit-confirm,dialog,dlg-enter-enter,dlg-enter,burst,10,Enter Enter,ran Cancel | none | @button:Orbit confirm,0,0,Enter>button:Orbit confirm[none|f=button:Orbit confirm|h=None]@16.4 ; Enter>button:Cancel[alertdialog:Delete runner?|f=button:Cancel|h=None]@40.1
chromium-dark-desktop › orbit-confirm dlg-enter-enter burst sample 11,orbit-confirm,dialog,dlg-enter-enter,dlg-enter,burst,11,Enter Enter,ran Cancel | none | @button:Orbit confirm,0,0,Enter>button:Orbit confirm[none|f=button:Orbit confirm|h=None]@20.1 ; Enter>button:Cancel[alertdialog:Delete runner?|f=button:Cancel|h=None]@42.6
chromium-dark-desktop › orbit-confirm dlg-enter-enter burst sample 12,orbit-confirm,dialog,dlg-enter-enter,dlg-enter,burst,12,Enter Enter,ran Cancel | none | @button:Orbit confirm,0,0,Enter>button:Orbit confirm[none|f=button:Orbit confirm|h=None]@13.4 ; Enter>button:Cancel[alertdialog:Delete runner?|f=button:Cancel|h=None]@38.5
chromium-dark-desktop › orbit-confirm dlg-enter-enter burst sample 13,orbit-confirm,dialog,dlg-enter-enter,dlg-enter,burst,13,Enter Enter,ran Cancel | none | @button:Orbit confirm,0,0,Enter>button:Orbit confirm[none|f=button:Orbit confirm|h=None]@35.6 ; Enter>button:Cancel[alertdialog:Delete runner?|f=button:Cancel|h=None]@61
chromium-dark-desktop › orbit-confirm dlg-enter-enter burst sample 14,orbit-confirm,dialog,dlg-enter-enter,dlg-enter,burst,14,Enter Enter,ran Cancel | none | @button:Orbit confirm,0,0,Enter>button:Orbit confirm[none|f=button:Orbit confirm|h=None]@28.4 ; Enter>button:Cancel[alertdialog:Delete runner?|f=button:Cancel|h=None]@51.7
chromium-dark-desktop › orbit-confirm dlg-enter-enter burst sample 15,orbit-confirm,dialog,dlg-enter-enter,dlg-enter,burst,15,Enter Enter,ran Cancel | none | @button:Orbit confirm,0,0,Enter>button:Orbit confirm[none|f=button:Orbit confirm|h=None]@16.7 ; Enter>button:Cancel[alertdialog:Delete runner?|f=button:Cancel|h=None]@38.9
chromium-dark-desktop › orbit-confirm dlg-enter-enter burst sample 16,orbit-confirm,dialog,dlg-enter-enter,dlg-enter,burst,16,Enter Enter,ran Cancel | none | @button:Orbit confirm,0,0,Enter>button:Orbit confirm[none|f=button:Orbit confirm|h=None]@28.8 ; Enter>button:Cancel[alertdialog:Delete runner?|f=button:Cancel|h=None]@51.9
chromium-dark-desktop › orbit-confirm dlg-enter-enter burst sample 17,orbit-confirm,dialog,dlg-enter-enter,dlg-enter,burst,17,Enter Enter,ran Cancel | none | @button:Orbit confirm,0,0,Enter>button:Orbit confirm[none|f=button:Orbit confirm|h=None]@21.8 ; Enter>button:Cancel[alertdialog:Delete runner?|f=button:Cancel|h=None]@49.6
chromium-dark-desktop › orbit-confirm dlg-enter-enter burst sample 18,orbit-confirm,dialog,dlg-enter-enter,dlg-enter,burst,18,Enter Enter,ran Cancel | none | @button:Orbit confirm,0,0,Enter>button:Orbit confirm[none|f=button:Orbit confirm|h=None]@41.8 ; Enter>button:Cancel[alertdialog:Delete runner?|f=button:Cancel|h=None]@81
chromium-dark-desktop › orbit-confirm dlg-enter-enter burst sample 19,orbit-confirm,dialog,dlg-enter-enter,dlg-enter,burst,19,Enter Enter,ran Cancel | none | @button:Orbit confirm,0,0,Enter>button:Orbit confirm[none|f=button:Orbit confirm|h=None]@31.8 ; Enter>button:Cancel[alertdialog:Delete runner?|f=button:Cancel|h=None]@69.4
chromium-dark-desktop › orbit-confirm dlg-enter-enter paced sample 0,orbit-confirm,dialog,dlg-enter-enter,dlg-enter,paced,0,Enter Enter,ran Cancel | none | @button:Orbit confirm,0,0,Enter>button:Orbit confirm[none|f=button:Orbit confirm|h=None]@23.6 ; Enter>button:Cancel[alertdialog:Delete runner?|f=button:Cancel|h=None]@357.7
chromium-dark-desktop › orbit-confirm dlg-enter-enter paced sample 1,orbit-confirm,dialog,dlg-enter-enter,dlg-enter,paced,1,Enter Enter,ran Cancel | none | @button:Orbit confirm,0,0,Enter>button:Orbit confirm[none|f=button:Orbit confirm|h=None]@27.5 ; Enter>button:Cancel[alertdialog:Delete runner?|f=button:Cancel|h=None]@368.2
chromium-dark-desktop › orbit-confirm dlg-enter-enter paced sample 2,orbit-confirm,dialog,dlg-enter-enter,dlg-enter,paced,2,Enter Enter,ran Cancel | none | @button:Orbit confirm,0,0,Enter>button:Orbit confirm[none|f=button:Orbit confirm|h=None]@26.8 ; Enter>button:Cancel[alertdialog:Delete runner?|f=button:Cancel|h=None]@355.1
chromium-dark-desktop › orbit-confirm dlg-enter-enter paced sample 3,orbit-confirm,dialog,dlg-enter-enter,dlg-enter,paced,3,Enter Enter,ran Cancel | none | @button:Orbit confirm,0,0,Enter>button:Orbit confirm[none|f=button:Orbit confirm|h=None]@17.3 ; Enter>button:Cancel[alertdialog:Delete runner?|f=button:Cancel|h=None]@349.2
chromium-dark-desktop › orbit-confirm dlg-enter-enter paced sample 4,orbit-confirm,dialog,dlg-enter-enter,dlg-enter,paced,4,Enter Enter,ran Cancel | none | @button:Orbit confirm,0,0,Enter>button:Orbit confirm[none|f=button:Orbit confirm|h=None]@18.8 ; Enter>button:Cancel[alertdialog:Delete runner?|f=button:Cancel|h=None]@368.4
chromium-dark-desktop › orbit-confirm dlg-enter-enter paced sample 5,orbit-confirm,dialog,dlg-enter-enter,dlg-enter,paced,5,Enter Enter,ran Cancel | none | @button:Orbit confirm,0,0,Enter>button:Orbit confirm[none|f=button:Orbit confirm|h=None]@15.8 ; Enter>button:Cancel[alertdialog:Delete runner?|f=button:Cancel|h=None]@356.1
chromium-dark-desktop › orbit-confirm dlg-enter-enter paced sample 6,orbit-confirm,dialog,dlg-enter-enter,dlg-enter,paced,6,Enter Enter,ran Cancel | none | @button:Orbit confirm,0,0,Enter>button:Orbit confirm[none|f=button:Orbit confirm|h=None]@13.3 ; Enter>button:Cancel[alertdialog:Delete runner?|f=button:Cancel|h=None]@365
chromium-dark-desktop › orbit-confirm dlg-enter-enter paced sample 7,orbit-confirm,dialog,dlg-enter-enter,dlg-enter,paced,7,Enter Enter,ran Cancel | none | @button:Orbit confirm,0,0,Enter>button:Orbit confirm[none|f=button:Orbit confirm|h=None]@16.3 ; Enter>button:Cancel[alertdialog:Delete runner?|f=button:Cancel|h=None]@374
chromium-dark-desktop › orbit-confirm dlg-enter-enter paced sample 8,orbit-confirm,dialog,dlg-enter-enter,dlg-enter,paced,8,Enter Enter,ran Cancel | none | @button:Orbit confirm,0,0,Enter>button:Orbit confirm[none|f=button:Orbit confirm|h=None]@32.7 ; Enter>button:Cancel[alertdialog:Delete runner?|f=button:Cancel|h=None]@359.5
chromium-dark-desktop › orbit-confirm dlg-enter-enter paced sample 9,orbit-confirm,dialog,dlg-enter-enter,dlg-enter,paced,9,Enter Enter,ran Cancel | none | @button:Orbit confirm,0,0,Enter>button:Orbit confirm[none|f=button:Orbit confirm|h=None]@18.7 ; Enter>button:Cancel[alertdialog:Delete runner?|f=button:Cancel|h=None]@351.3
chromium-dark-desktop › orbit-confirm dlg-enter-enter paced sample 10,orbit-confirm,dialog,dlg-enter-enter,dlg-enter,paced,10,Enter Enter,ran Cancel | none | @button:Orbit confirm,0,0,Enter>button:Orbit confirm[none|f=button:Orbit confirm|h=None]@14.1 ; Enter>button:Cancel[alertdialog:Delete runner?|f=button:Cancel|h=None]@341
chromium-dark-desktop › orbit-confirm dlg-enter-enter paced sample 11,orbit-confirm,dialog,dlg-enter-enter,dlg-enter,paced,11,Enter Enter,ran Cancel | none | @button:Orbit confirm,0,0,Enter>button:Orbit confirm[none|f=button:Orbit confirm|h=None]@26.4 ; Enter>button:Cancel[alertdialog:Delete runner?|f=button:Cancel|h=None]@377.7
chromium-dark-desktop › orbit-confirm dlg-enter-enter paced sample 12,orbit-confirm,dialog,dlg-enter-enter,dlg-enter,paced,12,Enter Enter,ran Cancel | none | @button:Orbit confirm,0,0,Enter>button:Orbit confirm[none|f=button:Orbit confirm|h=None]@29 ; Enter>button:Cancel[alertdialog:Delete runner?|f=button:Cancel|h=None]@358.7
chromium-dark-desktop › orbit-confirm dlg-enter-enter paced sample 13,orbit-confirm,dialog,dlg-enter-enter,dlg-enter,paced,13,Enter Enter,ran Cancel | none | @button:Orbit confirm,0,0,Enter>button:Orbit confirm[none|f=button:Orbit confirm|h=None]@31.5 ; Enter>button:Cancel[alertdialog:Delete runner?|f=button:Cancel|h=None]@359.7
chromium-dark-desktop › orbit-confirm dlg-enter-enter paced sample 14,orbit-confirm,dialog,dlg-enter-enter,dlg-enter,paced,14,Enter Enter,ran Cancel | none | @button:Orbit confirm,0,0,Enter>button:Orbit confirm[none|f=button:Orbit confirm|h=None]@21.2 ; Enter>button:Cancel[alertdialog:Delete runner?|f=button:Cancel|h=None]@358.2
chromium-dark-desktop › orbit-confirm dlg-enter-enter paced sample 15,orbit-confirm,dialog,dlg-enter-enter,dlg-enter,paced,15,Enter Enter,ran Cancel | none | @button:Orbit confirm,0,0,Enter>button:Orbit confirm[none|f=button:Orbit confirm|h=None]@31.7 ; Enter>button:Cancel[alertdialog:Delete runner?|f=button:Cancel|h=None]@517.6
chromium-dark-desktop › orbit-confirm dlg-enter-enter paced sample 16,orbit-confirm,dialog,dlg-enter-enter,dlg-enter,paced,16,Enter Enter,ran Cancel | none | @button:Orbit confirm,0,0,Enter>button:Orbit confirm[none|f=button:Orbit confirm|h=None]@43.7 ; Enter>button:Cancel[alertdialog:Delete runner?|f=button:Cancel|h=None]@387.8
chromium-dark-desktop › orbit-confirm dlg-enter-enter paced sample 17,orbit-confirm,dialog,dlg-enter-enter,dlg-enter,paced,17,Enter Enter,ran Cancel | none | @button:Orbit confirm,0,0,Enter>button:Orbit confirm[none|f=button:Orbit confirm|h=None]@24.9 ; Enter>button:Cancel[alertdialog:Delete runner?|f=button:Cancel|h=None]@354
chromium-dark-desktop › orbit-confirm dlg-enter-enter paced sample 18,orbit-confirm,dialog,dlg-enter-enter,dlg-enter,paced,18,Enter Enter,ran Cancel | none | @button:Orbit confirm,0,0,Enter>button:Orbit confirm[none|f=button:Orbit confirm|h=None]@44.2 ; Enter>button:Cancel[alertdialog:Delete runner?|f=button:Cancel|h=None]@438
chromium-dark-desktop › orbit-confirm dlg-enter-enter paced sample 19,orbit-confirm,dialog,dlg-enter-enter,dlg-enter,paced,19,Enter Enter,ran Cancel | none | @button:Orbit confirm,0,0,Enter>button:Orbit confirm[none|f=button:Orbit confirm|h=None]@44.3 ; Enter>button:Cancel[alertdialog:Delete runner?|f=button:Cancel|h=None]@432.3
chromium-dark-desktop › orbit-dialog dlg-enter-space burst sample 0,orbit-dialog,dialog,dlg-enter-space,dlg-enter,burst,0,Enter Space,none | dialog:Edit workspace | @dialog:Edit workspaceWorkspace ,0,0,Enter>button:Orbit dialog[none|f=button:Orbit dialog|h=None]@16.7 ; Space>dialog:Edit workspaceWorkspace [dialog:Edit workspace|f=dialog:Edit workspaceWorkspace |h=None]@63
chromium-dark-desktop › orbit-dialog dlg-enter-space burst sample 1,orbit-dialog,dialog,dlg-enter-space,dlg-enter,burst,1,Enter Space,none | dialog:Edit workspace | @dialog:Edit workspaceWorkspace ,0,0,Enter>button:Orbit dialog[none|f=button:Orbit dialog|h=None]@28.2 ; Space>dialog:Edit workspaceWorkspace [dialog:Edit workspace|f=dialog:Edit workspaceWorkspace |h=None]@52.9
chromium-dark-desktop › orbit-dialog dlg-enter-space burst sample 2,orbit-dialog,dialog,dlg-enter-space,dlg-enter,burst,2,Enter Space,none | dialog:Edit workspace | @dialog:Edit workspaceWorkspace ,0,0,Enter>button:Orbit dialog[none|f=button:Orbit dialog|h=None]@34.2 ; Space>dialog:Edit workspaceWorkspace [dialog:Edit workspace|f=dialog:Edit workspaceWorkspace |h=None]@67.8
chromium-dark-desktop › orbit-dialog dlg-enter-space burst sample 3,orbit-dialog,dialog,dlg-enter-space,dlg-enter,burst,3,Enter Space,none | dialog:Edit workspace | @dialog:Edit workspaceWorkspace ,0,0,Enter>button:Orbit dialog[none|f=button:Orbit dialog|h=None]@24.1 ; Space>dialog:Edit workspaceWorkspace [dialog:Edit workspace|f=dialog:Edit workspaceWorkspace |h=None]@48.6
chromium-dark-desktop › orbit-dialog dlg-enter-space burst sample 4,orbit-dialog,dialog,dlg-enter-space,dlg-enter,burst,4,Enter Space,none | dialog:Edit workspace | @dialog:Edit workspaceWorkspace ,0,0,Enter>button:Orbit dialog[none|f=button:Orbit dialog|h=None]@10.2 ; Space>dialog:Edit workspaceWorkspace [dialog:Edit workspace|f=dialog:Edit workspaceWorkspace |h=None]@37.7
chromium-dark-desktop › orbit-dialog dlg-enter-space burst sample 5,orbit-dialog,dialog,dlg-enter-space,dlg-enter,burst,5,Enter Space,none | dialog:Edit workspace | @dialog:Edit workspaceWorkspace ,0,0,Enter>button:Orbit dialog[none|f=button:Orbit dialog|h=None]@47.3 ; Space>dialog:Edit workspaceWorkspace [dialog:Edit workspace|f=dialog:Edit workspaceWorkspace |h=None]@70.9
chromium-dark-desktop › orbit-dialog dlg-enter-space burst sample 6,orbit-dialog,dialog,dlg-enter-space,dlg-enter,burst,6,Enter Space,none | dialog:Edit workspace | @dialog:Edit workspaceWorkspace ,0,0,Enter>button:Orbit dialog[none|f=button:Orbit dialog|h=None]@20.9 ; Space>dialog:Edit workspaceWorkspace [dialog:Edit workspace|f=dialog:Edit workspaceWorkspace |h=None]@44.8
chromium-dark-desktop › orbit-dialog dlg-enter-space burst sample 7,orbit-dialog,dialog,dlg-enter-space,dlg-enter,burst,7,Enter Space,none | dialog:Edit workspace | @dialog:Edit workspaceWorkspace ,0,0,Enter>button:Orbit dialog[none|f=button:Orbit dialog|h=None]@22.1 ; Space>dialog:Edit workspaceWorkspace [dialog:Edit workspace|f=dialog:Edit workspaceWorkspace |h=None]@40.5
chromium-dark-desktop › orbit-dialog dlg-enter-space burst sample 8,orbit-dialog,dialog,dlg-enter-space,dlg-enter,burst,8,Enter Space,none | dialog:Edit workspace | @dialog:Edit workspaceWorkspace ,0,0,Enter>button:Orbit dialog[none|f=button:Orbit dialog|h=None]@26.6 ; Space>dialog:Edit workspaceWorkspace [dialog:Edit workspace|f=dialog:Edit workspaceWorkspace |h=None]@45.2
chromium-dark-desktop › orbit-dialog dlg-enter-space burst sample 9,orbit-dialog,dialog,dlg-enter-space,dlg-enter,burst,9,Enter Space,none | dialog:Edit workspace | @dialog:Edit workspaceWorkspace ,0,0,Enter>button:Orbit dialog[none|f=button:Orbit dialog|h=None]@45.2 ; Space>dialog:Edit workspaceWorkspace [dialog:Edit workspace|f=dialog:Edit workspaceWorkspace |h=None]@77
chromium-dark-desktop › orbit-dialog dlg-enter-space burst sample 10,orbit-dialog,dialog,dlg-enter-space,dlg-enter,burst,10,Enter Space,none | dialog:Edit workspace | @dialog:Edit workspaceWorkspace ,0,0,Enter>button:Orbit dialog[none|f=button:Orbit dialog|h=None]@32 ; Space>dialog:Edit workspaceWorkspace [dialog:Edit workspace|f=dialog:Edit workspaceWorkspace |h=None]@53.8
chromium-dark-desktop › orbit-dialog dlg-enter-space burst sample 11,orbit-dialog,dialog,dlg-enter-space,dlg-enter,burst,11,Enter Space,none | dialog:Edit workspace | @dialog:Edit workspaceWorkspace ,0,0,Enter>button:Orbit dialog[none|f=button:Orbit dialog|h=None]@20.6 ; Space>dialog:Edit workspaceWorkspace [dialog:Edit workspace|f=dialog:Edit workspaceWorkspace |h=None]@50.3
chromium-dark-desktop › orbit-dialog dlg-enter-space burst sample 12,orbit-dialog,dialog,dlg-enter-space,dlg-enter,burst,12,Enter Space,none | dialog:Edit workspace | @dialog:Edit workspaceWorkspace ,0,0,Enter>button:Orbit dialog[none|f=button:Orbit dialog|h=None]@12.2 ; Space>dialog:Edit workspaceWorkspace [dialog:Edit workspace|f=dialog:Edit workspaceWorkspace |h=None]@34.4
chromium-dark-desktop › orbit-dialog dlg-enter-space burst sample 13,orbit-dialog,dialog,dlg-enter-space,dlg-enter,burst,13,Enter Space,none | dialog:Edit workspace | @dialog:Edit workspaceWorkspace ,0,0,Enter>button:Orbit dialog[none|f=button:Orbit dialog|h=None]@22.9 ; Space>dialog:Edit workspaceWorkspace [dialog:Edit workspace|f=dialog:Edit workspaceWorkspace |h=None]@44.5
chromium-dark-desktop › orbit-dialog dlg-enter-space burst sample 14,orbit-dialog,dialog,dlg-enter-space,dlg-enter,burst,14,Enter Space,none | dialog:Edit workspace | @dialog:Edit workspaceWorkspace ,0,0,Enter>button:Orbit dialog[none|f=button:Orbit dialog|h=None]@28.2 ; Space>dialog:Edit workspaceWorkspace [dialog:Edit workspace|f=dialog:Edit workspaceWorkspace |h=None]@47.5
chromium-dark-desktop › orbit-dialog dlg-enter-space burst sample 15,orbit-dialog,dialog,dlg-enter-space,dlg-enter,burst,15,Enter Space,none | dialog:Edit workspace | @dialog:Edit workspaceWorkspace ,0,0,Enter>button:Orbit dialog[none|f=button:Orbit dialog|h=None]@16.6 ; Space>dialog:Edit workspaceWorkspace [dialog:Edit workspace|f=dialog:Edit workspaceWorkspace |h=None]@36
chromium-dark-desktop › orbit-dialog dlg-enter-space burst sample 16,orbit-dialog,dialog,dlg-enter-space,dlg-enter,burst,16,Enter Space,none | dialog:Edit workspace | @dialog:Edit workspaceWorkspace ,0,0,Enter>button:Orbit dialog[none|f=button:Orbit dialog|h=None]@20.2 ; Space>dialog:Edit workspaceWorkspace [dialog:Edit workspace|f=dialog:Edit workspaceWorkspace |h=None]@37.6
chromium-dark-desktop › orbit-dialog dlg-enter-space burst sample 17,orbit-dialog,dialog,dlg-enter-space,dlg-enter,burst,17,Enter Space,none | dialog:Edit workspace | @dialog:Edit workspaceWorkspace ,0,0,Enter>button:Orbit dialog[none|f=button:Orbit dialog|h=None]@21.3 ; Space>dialog:Edit workspaceWorkspace [dialog:Edit workspace|f=dialog:Edit workspaceWorkspace |h=None]@39.6
chromium-dark-desktop › orbit-dialog dlg-enter-space burst sample 18,orbit-dialog,dialog,dlg-enter-space,dlg-enter,burst,18,Enter Space,none | dialog:Edit workspace | @dialog:Edit workspaceWorkspace ,0,0,Enter>button:Orbit dialog[none|f=button:Orbit dialog|h=None]@30.8 ; Space>dialog:Edit workspaceWorkspace [dialog:Edit workspace|f=dialog:Edit workspaceWorkspace |h=None]@50.2
chromium-dark-desktop › orbit-dialog dlg-enter-space burst sample 19,orbit-dialog,dialog,dlg-enter-space,dlg-enter,burst,19,Enter Space,none | dialog:Edit workspace | @dialog:Edit workspaceWorkspace ,0,0,Enter>button:Orbit dialog[none|f=button:Orbit dialog|h=None]@35.7 ; Space>dialog:Edit workspaceWorkspace [dialog:Edit workspace|f=dialog:Edit workspaceWorkspace |h=None]@54.8
chromium-dark-desktop › orbit-dialog dlg-enter-space paced sample 0,orbit-dialog,dialog,dlg-enter-space,dlg-enter,paced,0,Enter Space,none | dialog:Edit workspace | @dialog:Edit workspaceWorkspace ,0,0,Enter>button:Orbit dialog[none|f=button:Orbit dialog|h=None]@21.5 ; Space>dialog:Edit workspaceWorkspace [dialog:Edit workspace|f=dialog:Edit workspaceWorkspace |h=None]@345.1
chromium-dark-desktop › orbit-dialog dlg-enter-space paced sample 1,orbit-dialog,dialog,dlg-enter-space,dlg-enter,paced,1,Enter Space,none | dialog:Edit workspace | @dialog:Edit workspaceWorkspace ,0,0,Enter>button:Orbit dialog[none|f=button:Orbit dialog|h=None]@34.8 ; Space>dialog:Edit workspaceWorkspace [dialog:Edit workspace|f=dialog:Edit workspaceWorkspace |h=None]@364.3
chromium-dark-desktop › orbit-dialog dlg-enter-space paced sample 2,orbit-dialog,dialog,dlg-enter-space,dlg-enter,paced,2,Enter Space,none | dialog:Edit workspace | @dialog:Edit workspaceWorkspace ,0,0,Enter>button:Orbit dialog[none|f=button:Orbit dialog|h=None]@27.5 ; Space>dialog:Edit workspaceWorkspace [dialog:Edit workspace|f=dialog:Edit workspaceWorkspace |h=None]@344.9
chromium-dark-desktop › orbit-dialog dlg-enter-space paced sample 3,orbit-dialog,dialog,dlg-enter-space,dlg-enter,paced,3,Enter Space,none | dialog:Edit workspace | @dialog:Edit workspaceWorkspace ,0,0,Enter>button:Orbit dialog[none|f=button:Orbit dialog|h=None]@16.8 ; Space>dialog:Edit workspaceWorkspace [dialog:Edit workspace|f=dialog:Edit workspaceWorkspace |h=None]@338.3
chromium-dark-desktop › orbit-dialog dlg-enter-space paced sample 4,orbit-dialog,dialog,dlg-enter-space,dlg-enter,paced,4,Enter Space,none | dialog:Edit workspace | @dialog:Edit workspaceWorkspace ,0,0,Enter>button:Orbit dialog[none|f=button:Orbit dialog|h=None]@22.6 ; Space>dialog:Edit workspaceWorkspace [dialog:Edit workspace|f=dialog:Edit workspaceWorkspace |h=None]@350.3
chromium-dark-desktop › orbit-dialog dlg-enter-space paced sample 5,orbit-dialog,dialog,dlg-enter-space,dlg-enter,paced,5,Enter Space,none | dialog:Edit workspace | @dialog:Edit workspaceWorkspace ,0,0,Enter>button:Orbit dialog[none|f=button:Orbit dialog|h=None]@33.2 ; Space>dialog:Edit workspaceWorkspace [dialog:Edit workspace|f=dialog:Edit workspaceWorkspace |h=None]@362
chromium-dark-desktop › orbit-dialog dlg-enter-space paced sample 6,orbit-dialog,dialog,dlg-enter-space,dlg-enter,paced,6,Enter Space,none | dialog:Edit workspace | @dialog:Edit workspaceWorkspace ,0,0,Enter>button:Orbit dialog[none|f=button:Orbit dialog|h=None]@21.7 ; Space>dialog:Edit workspaceWorkspace [dialog:Edit workspace|f=dialog:Edit workspaceWorkspace |h=None]@345.4
chromium-dark-desktop › orbit-dialog dlg-enter-space paced sample 7,orbit-dialog,dialog,dlg-enter-space,dlg-enter,paced,7,Enter Space,none | dialog:Edit workspace | @dialog:Edit workspaceWorkspace ,0,0,Enter>button:Orbit dialog[none|f=button:Orbit dialog|h=None]@19.9 ; Space>dialog:Edit workspaceWorkspace [dialog:Edit workspace|f=dialog:Edit workspaceWorkspace |h=None]@347.4
chromium-dark-desktop › orbit-dialog dlg-enter-space paced sample 8,orbit-dialog,dialog,dlg-enter-space,dlg-enter,paced,8,Enter Space,none | dialog:Edit workspace | @dialog:Edit workspaceWorkspace ,0,0,Enter>button:Orbit dialog[none|f=button:Orbit dialog|h=None]@16.3 ; Space>dialog:Edit workspaceWorkspace [dialog:Edit workspace|f=dialog:Edit workspaceWorkspace |h=None]@350.4
chromium-dark-desktop › orbit-dialog dlg-enter-space paced sample 9,orbit-dialog,dialog,dlg-enter-space,dlg-enter,paced,9,Enter Space,none | dialog:Edit workspace | @dialog:Edit workspaceWorkspace ,0,0,Enter>button:Orbit dialog[none|f=button:Orbit dialog|h=None]@21.4 ; Space>dialog:Edit workspaceWorkspace [dialog:Edit workspace|f=dialog:Edit workspaceWorkspace |h=None]@360.7
chromium-dark-desktop › orbit-dialog dlg-enter-space paced sample 10,orbit-dialog,dialog,dlg-enter-space,dlg-enter,paced,10,Enter Space,none | dialog:Edit workspace | @dialog:Edit workspaceWorkspace ,0,0,Enter>button:Orbit dialog[none|f=button:Orbit dialog|h=None]@22.2 ; Space>dialog:Edit workspaceWorkspace [dialog:Edit workspace|f=dialog:Edit workspaceWorkspace |h=None]@356.4
chromium-dark-desktop › orbit-dialog dlg-enter-space paced sample 11,orbit-dialog,dialog,dlg-enter-space,dlg-enter,paced,11,Enter Space,none | dialog:Edit workspace | @dialog:Edit workspaceWorkspace ,0,0,Enter>button:Orbit dialog[none|f=button:Orbit dialog|h=None]@17.3 ; Space>dialog:Edit workspaceWorkspace [dialog:Edit workspace|f=dialog:Edit workspaceWorkspace |h=None]@346.3
chromium-dark-desktop › orbit-dialog dlg-enter-space paced sample 12,orbit-dialog,dialog,dlg-enter-space,dlg-enter,paced,12,Enter Space,none | dialog:Edit workspace | @dialog:Edit workspaceWorkspace ,0,0,Enter>button:Orbit dialog[none|f=button:Orbit dialog|h=None]@22.5 ; Space>dialog:Edit workspaceWorkspace [dialog:Edit workspace|f=dialog:Edit workspaceWorkspace |h=None]@348.9
chromium-dark-desktop › orbit-dialog dlg-enter-space paced sample 13,orbit-dialog,dialog,dlg-enter-space,dlg-enter,paced,13,Enter Space,none | dialog:Edit workspace | @dialog:Edit workspaceWorkspace ,0,0,Enter>button:Orbit dialog[none|f=button:Orbit dialog|h=None]@23.8 ; Space>dialog:Edit workspaceWorkspace [dialog:Edit workspace|f=dialog:Edit workspaceWorkspace |h=None]@349.8
chromium-dark-desktop › orbit-dialog dlg-enter-space paced sample 14,orbit-dialog,dialog,dlg-enter-space,dlg-enter,paced,14,Enter Space,none | dialog:Edit workspace | @dialog:Edit workspaceWorkspace ,0,0,Enter>button:Orbit dialog[none|f=button:Orbit dialog|h=None]@31.4 ; Space>dialog:Edit workspaceWorkspace [dialog:Edit workspace|f=dialog:Edit workspaceWorkspace |h=None]@362.8
chromium-dark-desktop › orbit-dialog dlg-enter-space paced sample 15,orbit-dialog,dialog,dlg-enter-space,dlg-enter,paced,15,Enter Space,none | dialog:Edit workspace | @dialog:Edit workspaceWorkspace ,0,0,Enter>button:Orbit dialog[none|f=button:Orbit dialog|h=None]@45.1 ; Space>dialog:Edit workspaceWorkspace [dialog:Edit workspace|f=dialog:Edit workspaceWorkspace |h=None]@386.7
chromium-dark-desktop › orbit-dialog dlg-enter-space paced sample 16,orbit-dialog,dialog,dlg-enter-space,dlg-enter,paced,16,Enter Space,none | dialog:Edit workspace | @dialog:Edit workspaceWorkspace ,0,0,Enter>button:Orbit dialog[none|f=button:Orbit dialog|h=None]@37 ; Space>dialog:Edit workspaceWorkspace [dialog:Edit workspace|f=dialog:Edit workspaceWorkspace |h=None]@378.4
chromium-dark-desktop › orbit-dialog dlg-enter-space paced sample 17,orbit-dialog,dialog,dlg-enter-space,dlg-enter,paced,17,Enter Space,none | dialog:Edit workspace | @dialog:Edit workspaceWorkspace ,0,0,Enter>button:Orbit dialog[none|f=button:Orbit dialog|h=None]@18.7 ; Space>dialog:Edit workspaceWorkspace [dialog:Edit workspace|f=dialog:Edit workspaceWorkspace |h=None]@350.4
chromium-dark-desktop › orbit-dialog dlg-enter-space paced sample 18,orbit-dialog,dialog,dlg-enter-space,dlg-enter,paced,18,Enter Space,none | dialog:Edit workspace | @dialog:Edit workspaceWorkspace ,0,0,Enter>button:Orbit dialog[none|f=button:Orbit dialog|h=None]@29.7 ; Space>dialog:Edit workspaceWorkspace [dialog:Edit workspace|f=dialog:Edit workspaceWorkspace |h=None]@383.9
chromium-dark-desktop › orbit-dialog dlg-enter-space paced sample 19,orbit-dialog,dialog,dlg-enter-space,dlg-enter,paced,19,Enter Space,none | dialog:Edit workspace | @dialog:Edit workspaceWorkspace ,0,0,Enter>button:Orbit dialog[none|f=button:Orbit dialog|h=None]@22.5 ; Space>dialog:Edit workspaceWorkspace [dialog:Edit workspace|f=dialog:Edit workspaceWorkspace |h=None]@356.5
chromium-dark-desktop › orbit-confirm dlg-enter-space burst sample 0,orbit-confirm,dialog,dlg-enter-space,dlg-enter,burst,0,Enter Space,ran Cancel | none | @button:Orbit confirm,0,0,Enter>button:Orbit confirm[none|f=button:Orbit confirm|h=None]@19.9 ; Space>button:Cancel[alertdialog:Delete runner?|f=button:Cancel|h=None]@38
chromium-dark-desktop › orbit-confirm dlg-enter-space burst sample 1,orbit-confirm,dialog,dlg-enter-space,dlg-enter,burst,1,Enter Space,ran Cancel | none | @button:Orbit confirm,0,0,Enter>button:Orbit confirm[none|f=button:Orbit confirm|h=None]@34.8 ; Space>button:Cancel[alertdialog:Delete runner?|f=button:Cancel|h=None]@57.6
chromium-dark-desktop › orbit-confirm dlg-enter-space burst sample 2,orbit-confirm,dialog,dlg-enter-space,dlg-enter,burst,2,Enter Space,ran Cancel | none | @button:Orbit confirm,0,0,Enter>button:Orbit confirm[none|f=button:Orbit confirm|h=None]@23.3 ; Space>button:Cancel[alertdialog:Delete runner?|f=button:Cancel|h=None]@45.8
chromium-dark-desktop › orbit-confirm dlg-enter-space burst sample 3,orbit-confirm,dialog,dlg-enter-space,dlg-enter,burst,3,Enter Space,ran Cancel | none | @button:Orbit confirm,0,0,Enter>button:Orbit confirm[none|f=button:Orbit confirm|h=None]@22.8 ; Space>button:Cancel[alertdialog:Delete runner?|f=button:Cancel|h=None]@61.9
chromium-dark-desktop › orbit-confirm dlg-enter-space burst sample 4,orbit-confirm,dialog,dlg-enter-space,dlg-enter,burst,4,Enter Space,ran Cancel | none | @button:Orbit confirm,0,0,Enter>button:Orbit confirm[none|f=button:Orbit confirm|h=None]@23.7 ; Space>button:Cancel[alertdialog:Delete runner?|f=button:Cancel|h=None]@40.2
chromium-dark-desktop › orbit-confirm dlg-enter-space burst sample 5,orbit-confirm,dialog,dlg-enter-space,dlg-enter,burst,5,Enter Space,ran Cancel | none | @button:Orbit confirm,0,0,Enter>button:Orbit confirm[none|f=button:Orbit confirm|h=None]@26.6 ; Space>button:Cancel[alertdialog:Delete runner?|f=button:Cancel|h=None]@62
chromium-dark-desktop › orbit-confirm dlg-enter-space burst sample 6,orbit-confirm,dialog,dlg-enter-space,dlg-enter,burst,6,Enter Space,ran Cancel | none | @button:Orbit confirm,0,0,Enter>button:Orbit confirm[none|f=button:Orbit confirm|h=None]@12.9 ; Space>button:Cancel[alertdialog:Delete runner?|f=button:Cancel|h=None]@34.3
chromium-dark-desktop › orbit-confirm dlg-enter-space burst sample 7,orbit-confirm,dialog,dlg-enter-space,dlg-enter,burst,7,Enter Space,ran Cancel | none | @button:Orbit confirm,0,0,Enter>button:Orbit confirm[none|f=button:Orbit confirm|h=None]@22.1 ; Space>button:Cancel[alertdialog:Delete runner?|f=button:Cancel|h=None]@44.8
chromium-dark-desktop › orbit-confirm dlg-enter-space burst sample 8,orbit-confirm,dialog,dlg-enter-space,dlg-enter,burst,8,Enter Space,ran Cancel | none | @button:Orbit confirm,0,0,Enter>button:Orbit confirm[none|f=button:Orbit confirm|h=None]@21.4 ; Space>button:Cancel[alertdialog:Delete runner?|f=button:Cancel|h=None]@36.3
chromium-dark-desktop › orbit-confirm dlg-enter-space burst sample 9,orbit-confirm,dialog,dlg-enter-space,dlg-enter,burst,9,Enter Space,ran Cancel | none | @button:Orbit confirm,0,0,Enter>button:Orbit confirm[none|f=button:Orbit confirm|h=None]@19.3 ; Space>button:Cancel[alertdialog:Delete runner?|f=button:Cancel|h=None]@42.6
chromium-dark-desktop › orbit-confirm dlg-enter-space burst sample 10,orbit-confirm,dialog,dlg-enter-space,dlg-enter,burst,10,Enter Space,ran Cancel | none | @button:Orbit confirm,0,0,Enter>button:Orbit confirm[none|f=button:Orbit confirm|h=None]@14.3 ; Space>button:Cancel[alertdialog:Delete runner?|f=button:Cancel|h=None]@33.1
chromium-dark-desktop › orbit-confirm dlg-enter-space burst sample 11,orbit-confirm,dialog,dlg-enter-space,dlg-enter,burst,11,Enter Space,ran Cancel | none | @button:Orbit confirm,0,0,Enter>button:Orbit confirm[none|f=button:Orbit confirm|h=None]@20.3 ; Space>button:Cancel[alertdialog:Delete runner?|f=button:Cancel|h=None]@43.4
chromium-dark-desktop › orbit-confirm dlg-enter-space burst sample 12,orbit-confirm,dialog,dlg-enter-space,dlg-enter,burst,12,Enter Space,ran Cancel | none | @button:Orbit confirm,0,0,Enter>button:Orbit confirm[none|f=button:Orbit confirm|h=None]@40.7 ; Space>button:Cancel[alertdialog:Delete runner?|f=button:Cancel|h=None]@68.4
chromium-dark-desktop › orbit-confirm dlg-enter-space burst sample 13,orbit-confirm,dialog,dlg-enter-space,dlg-enter,burst,13,Enter Space,ran Cancel | none | @button:Orbit confirm,0,0,Enter>button:Orbit confirm[none|f=button:Orbit confirm|h=None]@24.3 ; Space>button:Cancel[alertdialog:Delete runner?|f=button:Cancel|h=None]@49.9
chromium-dark-desktop › orbit-confirm dlg-enter-space burst sample 14,orbit-confirm,dialog,dlg-enter-space,dlg-enter,burst,14,Enter Space,ran Cancel | none | @button:Orbit confirm,0,0,Enter>button:Orbit confirm[none|f=button:Orbit confirm|h=None]@47.4 ; Space>button:Cancel[alertdialog:Delete runner?|f=button:Cancel|h=None]@78.3
chromium-dark-desktop › orbit-confirm dlg-enter-space burst sample 15,orbit-confirm,dialog,dlg-enter-space,dlg-enter,burst,15,Enter Space,ran Cancel | none | @button:Orbit confirm,0,0,Enter>button:Orbit confirm[none|f=button:Orbit confirm|h=None]@23.2 ; Space>button:Cancel[alertdialog:Delete runner?|f=button:Cancel|h=None]@41
chromium-dark-desktop › orbit-confirm dlg-enter-space burst sample 16,orbit-confirm,dialog,dlg-enter-space,dlg-enter,burst,16,Enter Space,ran Cancel | none | @button:Orbit confirm,0,0,Enter>button:Orbit confirm[none|f=button:Orbit confirm|h=None]@22.9 ; Space>button:Cancel[alertdialog:Delete runner?|f=button:Cancel|h=None]@41.6
chromium-dark-desktop › orbit-confirm dlg-enter-space burst sample 17,orbit-confirm,dialog,dlg-enter-space,dlg-enter,burst,17,Enter Space,ran Cancel | none | @button:Orbit confirm,0,0,Enter>button:Orbit confirm[none|f=button:Orbit confirm|h=None]@11.7 ; Space>button:Cancel[alertdialog:Delete runner?|f=button:Cancel|h=None]@39.9
chromium-dark-desktop › orbit-confirm dlg-enter-space burst sample 18,orbit-confirm,dialog,dlg-enter-space,dlg-enter,burst,18,Enter Space,ran Cancel | none | @button:Orbit confirm,0,0,Enter>button:Orbit confirm[none|f=button:Orbit confirm|h=None]@33 ; Space>button:Cancel[alertdialog:Delete runner?|f=button:Cancel|h=None]@57.9
chromium-dark-desktop › orbit-confirm dlg-enter-space burst sample 19,orbit-confirm,dialog,dlg-enter-space,dlg-enter,burst,19,Enter Space,ran Cancel | none | @button:Orbit confirm,0,0,Enter>button:Orbit confirm[none|f=button:Orbit confirm|h=None]@10.3 ; Space>button:Cancel[alertdialog:Delete runner?|f=button:Cancel|h=None]@38.1
chromium-dark-desktop › orbit-confirm dlg-enter-space paced sample 0,orbit-confirm,dialog,dlg-enter-space,dlg-enter,paced,0,Enter Space,ran Cancel | none | @button:Orbit confirm,0,0,Enter>button:Orbit confirm[none|f=button:Orbit confirm|h=None]@33 ; Space>button:Cancel[alertdialog:Delete runner?|f=button:Cancel|h=None]@376.8
chromium-dark-desktop › orbit-confirm dlg-enter-space paced sample 1,orbit-confirm,dialog,dlg-enter-space,dlg-enter,paced,1,Enter Space,ran Cancel | none | @button:Orbit confirm,0,0,Enter>button:Orbit confirm[none|f=button:Orbit confirm|h=None]@31.7 ; Space>button:Cancel[alertdialog:Delete runner?|f=button:Cancel|h=None]@396.9
chromium-dark-desktop › orbit-confirm dlg-enter-space paced sample 2,orbit-confirm,dialog,dlg-enter-space,dlg-enter,paced,2,Enter Space,ran Cancel | none | @button:Orbit confirm,0,0,Enter>button:Orbit confirm[none|f=button:Orbit confirm|h=None]@29.8 ; Space>button:Cancel[alertdialog:Delete runner?|f=button:Cancel|h=None]@376
chromium-dark-desktop › orbit-confirm dlg-enter-space paced sample 3,orbit-confirm,dialog,dlg-enter-space,dlg-enter,paced,3,Enter Space,ran Cancel | none | @button:Orbit confirm,0,0,Enter>button:Orbit confirm[none|f=button:Orbit confirm|h=None]@28.3 ; Space>button:Cancel[alertdialog:Delete runner?|f=button:Cancel|h=None]@366.1
chromium-dark-desktop › orbit-confirm dlg-enter-space paced sample 4,orbit-confirm,dialog,dlg-enter-space,dlg-enter,paced,4,Enter Space,ran Cancel | none | @button:Orbit confirm,0,0,Enter>button:Orbit confirm[none|f=button:Orbit confirm|h=None]@20.4 ; Space>button:Cancel[alertdialog:Delete runner?|f=button:Cancel|h=None]@362.8
chromium-dark-desktop › orbit-confirm dlg-enter-space paced sample 5,orbit-confirm,dialog,dlg-enter-space,dlg-enter,paced,5,Enter Space,ran Cancel | none | @button:Orbit confirm,0,0,Enter>button:Orbit confirm[none|f=button:Orbit confirm|h=None]@27.9 ; Space>button:Cancel[alertdialog:Delete runner?|f=button:Cancel|h=None]@367.2
chromium-dark-desktop › orbit-confirm dlg-enter-space paced sample 6,orbit-confirm,dialog,dlg-enter-space,dlg-enter,paced,6,Enter Space,ran Cancel | none | @button:Orbit confirm,0,0,Enter>button:Orbit confirm[none|f=button:Orbit confirm|h=None]@43.6 ; Space>button:Cancel[alertdialog:Delete runner?|f=button:Cancel|h=None]@400.6
chromium-dark-desktop › orbit-confirm dlg-enter-space paced sample 7,orbit-confirm,dialog,dlg-enter-space,dlg-enter,paced,7,Enter Space,ran Cancel | none | @button:Orbit confirm,0,0,Enter>button:Orbit confirm[none|f=button:Orbit confirm|h=None]@29.8 ; Space>button:Cancel[alertdialog:Delete runner?|f=button:Cancel|h=None]@386.3
chromium-dark-desktop › orbit-confirm dlg-enter-space paced sample 8,orbit-confirm,dialog,dlg-enter-space,dlg-enter,paced,8,Enter Space,ran Cancel | none | @button:Orbit confirm,0,0,Enter>button:Orbit confirm[none|f=button:Orbit confirm|h=None]@24.3 ; Space>button:Cancel[alertdialog:Delete runner?|f=button:Cancel|h=None]@364
chromium-dark-desktop › orbit-confirm dlg-enter-space paced sample 9,orbit-confirm,dialog,dlg-enter-space,dlg-enter,paced,9,Enter Space,ran Cancel | none | @button:Orbit confirm,0,0,Enter>button:Orbit confirm[none|f=button:Orbit confirm|h=None]@28.6 ; Space>button:Cancel[alertdialog:Delete runner?|f=button:Cancel|h=None]@364.3
chromium-dark-desktop › orbit-confirm dlg-enter-space paced sample 10,orbit-confirm,dialog,dlg-enter-space,dlg-enter,paced,10,Enter Space,ran Cancel | none | @button:Orbit confirm,0,0,Enter>button:Orbit confirm[none|f=button:Orbit confirm|h=None]@32 ; Space>button:Cancel[alertdialog:Delete runner?|f=button:Cancel|h=None]@369.8
chromium-dark-desktop › orbit-confirm dlg-enter-space paced sample 11,orbit-confirm,dialog,dlg-enter-space,dlg-enter,paced,11,Enter Space,ran Cancel | none | @button:Orbit confirm,0,0,Enter>button:Orbit confirm[none|f=button:Orbit confirm|h=None]@9.7 ; Space>button:Cancel[alertdialog:Delete runner?|f=button:Cancel|h=None]@348.2
chromium-dark-desktop › orbit-confirm dlg-enter-space paced sample 12,orbit-confirm,dialog,dlg-enter-space,dlg-enter,paced,12,Enter Space,ran Cancel | none | @button:Orbit confirm,0,0,Enter>button:Orbit confirm[none|f=button:Orbit confirm|h=None]@11.4 ; Space>button:Cancel[alertdialog:Delete runner?|f=button:Cancel|h=None]@350
chromium-dark-desktop › orbit-confirm dlg-enter-space paced sample 13,orbit-confirm,dialog,dlg-enter-space,dlg-enter,paced,13,Enter Space,ran Cancel | none | @button:Orbit confirm,0,0,Enter>button:Orbit confirm[none|f=button:Orbit confirm|h=None]@23.7 ; Space>button:Cancel[alertdialog:Delete runner?|f=button:Cancel|h=None]@372.6
chromium-dark-desktop › orbit-confirm dlg-enter-space paced sample 14,orbit-confirm,dialog,dlg-enter-space,dlg-enter,paced,14,Enter Space,ran Cancel | none | @button:Orbit confirm,0,0,Enter>button:Orbit confirm[none|f=button:Orbit confirm|h=None]@43.8 ; Space>button:Cancel[alertdialog:Delete runner?|f=button:Cancel|h=None]@403.6
chromium-dark-desktop › orbit-confirm dlg-enter-space paced sample 15,orbit-confirm,dialog,dlg-enter-space,dlg-enter,paced,15,Enter Space,ran Cancel | none | @button:Orbit confirm,0,0,Enter>button:Orbit confirm[none|f=button:Orbit confirm|h=None]@53.1 ; Space>button:Cancel[alertdialog:Delete runner?|f=button:Cancel|h=None]@403.3
chromium-dark-desktop › orbit-confirm dlg-enter-space paced sample 16,orbit-confirm,dialog,dlg-enter-space,dlg-enter,paced,16,Enter Space,ran Cancel | none | @button:Orbit confirm,0,0,Enter>button:Orbit confirm[none|f=button:Orbit confirm|h=None]@7.6 ; Space>button:Cancel[alertdialog:Delete runner?|f=button:Cancel|h=None]@361.8
chromium-dark-desktop › orbit-confirm dlg-enter-space paced sample 17,orbit-confirm,dialog,dlg-enter-space,dlg-enter,paced,17,Enter Space,ran Cancel | none | @button:Orbit confirm,0,0,Enter>button:Orbit confirm[none|f=button:Orbit confirm|h=None]@21.3 ; Space>button:Cancel[alertdialog:Delete runner?|f=button:Cancel|h=None]@387.4
chromium-dark-desktop › orbit-confirm dlg-enter-space paced sample 18,orbit-confirm,dialog,dlg-enter-space,dlg-enter,paced,18,Enter Space,ran Cancel | none | @button:Orbit confirm,0,0,Enter>button:Orbit confirm[none|f=button:Orbit confirm|h=None]@41 ; Space>button:Cancel[alertdialog:Delete runner?|f=button:Cancel|h=None]@412
chromium-dark-desktop › orbit-confirm dlg-enter-space paced sample 19,orbit-confirm,dialog,dlg-enter-space,dlg-enter,paced,19,Enter Space,ran Cancel | none | @button:Orbit confirm,0,0,Enter>button:Orbit confirm[none|f=button:Orbit confirm|h=None]@15.1 ; Space>button:Cancel[alertdialog:Delete runner?|f=button:Cancel|h=None]@364.4
chromium-dark-desktop › orbit-dialog dlg-enter-escape burst sample 0,orbit-dialog,dialog,dlg-enter-escape,dlg-enter,burst,0,Enter Escape,none | none | @button:Orbit dialog,0,0,Enter>button:Orbit dialog[none|f=button:Orbit dialog|h=None]@23.3 ; Escape>dialog:Edit workspaceWorkspace [dialog:Edit workspace|f=dialog:Edit workspaceWorkspace |h=None]@75.1
chromium-dark-desktop › orbit-dialog dlg-enter-escape burst sample 1,orbit-dialog,dialog,dlg-enter-escape,dlg-enter,burst,1,Enter Escape,none | none | @button:Orbit dialog,0,0,Enter>button:Orbit dialog[none|f=button:Orbit dialog|h=None]@32.1 ; Escape>dialog:Edit workspaceWorkspace [dialog:Edit workspace|f=dialog:Edit workspaceWorkspace |h=None]@50.9
chromium-dark-desktop › orbit-dialog dlg-enter-escape burst sample 2,orbit-dialog,dialog,dlg-enter-escape,dlg-enter,burst,2,Enter Escape,none | none | @button:Orbit dialog,0,0,Enter>button:Orbit dialog[none|f=button:Orbit dialog|h=None]@43 ; Escape>dialog:Edit workspaceWorkspace [dialog:Edit workspace|f=dialog:Edit workspaceWorkspace |h=None]@63.3
chromium-dark-desktop › orbit-dialog dlg-enter-escape burst sample 3,orbit-dialog,dialog,dlg-enter-escape,dlg-enter,burst,3,Enter Escape,none | none | @button:Orbit dialog,0,0,Enter>button:Orbit dialog[none|f=button:Orbit dialog|h=None]@24.8 ; Escape>dialog:Edit workspaceWorkspace [dialog:Edit workspace|f=dialog:Edit workspaceWorkspace |h=None]@49.9
chromium-dark-desktop › orbit-dialog dlg-enter-escape burst sample 4,orbit-dialog,dialog,dlg-enter-escape,dlg-enter,burst,4,Enter Escape,none | none | @button:Orbit dialog,0,0,Enter>button:Orbit dialog[none|f=button:Orbit dialog|h=None]@17.4 ; Escape>dialog:Edit workspaceWorkspace [dialog:Edit workspace|f=dialog:Edit workspaceWorkspace |h=None]@39.9
chromium-dark-desktop › orbit-dialog dlg-enter-escape burst sample 5,orbit-dialog,dialog,dlg-enter-escape,dlg-enter,burst,5,Enter Escape,none | none | @button:Orbit dialog,0,0,Enter>button:Orbit dialog[none|f=button:Orbit dialog|h=None]@23.5 ; Escape>dialog:Edit workspaceWorkspace [dialog:Edit workspace|f=dialog:Edit workspaceWorkspace |h=None]@42.6
chromium-dark-desktop › orbit-dialog dlg-enter-escape burst sample 6,orbit-dialog,dialog,dlg-enter-escape,dlg-enter,burst,6,Enter Escape,none | none | @button:Orbit dialog,0,0,Enter>button:Orbit dialog[none|f=button:Orbit dialog|h=None]@25.3 ; Escape>dialog:Edit workspaceWorkspace [dialog:Edit workspace|f=dialog:Edit workspaceWorkspace |h=None]@54.8
chromium-dark-desktop › orbit-dialog dlg-enter-escape burst sample 7,orbit-dialog,dialog,dlg-enter-escape,dlg-enter,burst,7,Enter Escape,none | none | @button:Orbit dialog,0,0,Enter>button:Orbit dialog[none|f=button:Orbit dialog|h=None]@23.4 ; Escape>dialog:Edit workspaceWorkspace [dialog:Edit workspace|f=dialog:Edit workspaceWorkspace |h=None]@46.8
chromium-dark-desktop › orbit-dialog dlg-enter-escape burst sample 8,orbit-dialog,dialog,dlg-enter-escape,dlg-enter,burst,8,Enter Escape,none | none | @button:Orbit dialog,0,0,Enter>button:Orbit dialog[none|f=button:Orbit dialog|h=None]@17.9 ; Escape>dialog:Edit workspaceWorkspace [dialog:Edit workspace|f=dialog:Edit workspaceWorkspace |h=None]@44.2
chromium-dark-desktop › orbit-dialog dlg-enter-escape burst sample 9,orbit-dialog,dialog,dlg-enter-escape,dlg-enter,burst,9,Enter Escape,none | none | @button:Orbit dialog,0,0,Enter>button:Orbit dialog[none|f=button:Orbit dialog|h=None]@24.9 ; Escape>dialog:Edit workspaceWorkspace [dialog:Edit workspace|f=dialog:Edit workspaceWorkspace |h=None]@51.1
chromium-dark-desktop › orbit-dialog dlg-enter-escape burst sample 10,orbit-dialog,dialog,dlg-enter-escape,dlg-enter,burst,10,Enter Escape,none | none | @button:Orbit dialog,0,0,Enter>button:Orbit dialog[none|f=button:Orbit dialog|h=None]@18.4 ; Escape>dialog:Edit workspaceWorkspace [dialog:Edit workspace|f=dialog:Edit workspaceWorkspace |h=None]@40.1
chromium-dark-desktop › orbit-dialog dlg-enter-escape burst sample 11,orbit-dialog,dialog,dlg-enter-escape,dlg-enter,burst,11,Enter Escape,none | none | @button:Orbit dialog,0,0,Enter>button:Orbit dialog[none|f=button:Orbit dialog|h=None]@35 ; Escape>dialog:Edit workspaceWorkspace [dialog:Edit workspace|f=dialog:Edit workspaceWorkspace |h=None]@64.8
chromium-dark-desktop › orbit-dialog dlg-enter-escape burst sample 12,orbit-dialog,dialog,dlg-enter-escape,dlg-enter,burst,12,Enter Escape,none | none | @button:Orbit dialog,0,0,Enter>button:Orbit dialog[none|f=button:Orbit dialog|h=None]@17.9 ; Escape>dialog:Edit workspaceWorkspace [dialog:Edit workspace|f=dialog:Edit workspaceWorkspace |h=None]@40
chromium-dark-desktop › orbit-dialog dlg-enter-escape burst sample 13,orbit-dialog,dialog,dlg-enter-escape,dlg-enter,burst,13,Enter Escape,none | none | @button:Orbit dialog,0,0,Enter>button:Orbit dialog[none|f=button:Orbit dialog|h=None]@140 ; Escape>dialog:Edit workspaceWorkspace [dialog:Edit workspace|f=dialog:Edit workspaceWorkspace |h=None]@179.5
chromium-dark-desktop › orbit-dialog dlg-enter-escape burst sample 14,orbit-dialog,dialog,dlg-enter-escape,dlg-enter,burst,14,Enter Escape,none | none | @button:Orbit dialog,0,0,Enter>button:Orbit dialog[none|f=button:Orbit dialog|h=None]@27.5 ; Escape>dialog:Edit workspaceWorkspace [dialog:Edit workspace|f=dialog:Edit workspaceWorkspace |h=None]@62.7
chromium-dark-desktop › orbit-dialog dlg-enter-escape burst sample 15,orbit-dialog,dialog,dlg-enter-escape,dlg-enter,burst,15,Enter Escape,none | none | @button:Orbit dialog,0,0,Enter>button:Orbit dialog[none|f=button:Orbit dialog|h=None]@24.8 ; Escape>dialog:Edit workspaceWorkspace [dialog:Edit workspace|f=dialog:Edit workspaceWorkspace |h=None]@50.7
chromium-dark-desktop › orbit-dialog dlg-enter-escape burst sample 16,orbit-dialog,dialog,dlg-enter-escape,dlg-enter,burst,16,Enter Escape,none | none | @button:Orbit dialog,0,0,Enter>button:Orbit dialog[none|f=button:Orbit dialog|h=None]@22.6 ; Escape>dialog:Edit workspaceWorkspace [dialog:Edit workspace|f=dialog:Edit workspaceWorkspace |h=None]@43.7
chromium-dark-desktop › orbit-dialog dlg-enter-escape burst sample 17,orbit-dialog,dialog,dlg-enter-escape,dlg-enter,burst,17,Enter Escape,none | none | @button:Orbit dialog,0,0,Enter>button:Orbit dialog[none|f=button:Orbit dialog|h=None]@13.6 ; Escape>dialog:Edit workspaceWorkspace [dialog:Edit workspace|f=dialog:Edit workspaceWorkspace |h=None]@60.7
chromium-dark-desktop › orbit-dialog dlg-enter-escape burst sample 18,orbit-dialog,dialog,dlg-enter-escape,dlg-enter,burst,18,Enter Escape,none | none | @button:Orbit dialog,0,0,Enter>button:Orbit dialog[none|f=button:Orbit dialog|h=None]@30.7 ; Escape>dialog:Edit workspaceWorkspace [dialog:Edit workspace|f=dialog:Edit workspaceWorkspace |h=None]@55.5
chromium-dark-desktop › orbit-dialog dlg-enter-escape burst sample 19,orbit-dialog,dialog,dlg-enter-escape,dlg-enter,burst,19,Enter Escape,none | none | @button:Orbit dialog,0,0,Enter>button:Orbit dialog[none|f=button:Orbit dialog|h=None]@34.4 ; Escape>dialog:Edit workspaceWorkspace [dialog:Edit workspace|f=dialog:Edit workspaceWorkspace |h=None]@47.9
chromium-dark-desktop › orbit-dialog dlg-enter-escape paced sample 0,orbit-dialog,dialog,dlg-enter-escape,dlg-enter,paced,0,Enter Escape,none | none | @button:Orbit dialog,0,0,Enter>button:Orbit dialog[none|f=button:Orbit dialog|h=None]@35.9 ; Escape>dialog:Edit workspaceWorkspace [dialog:Edit workspace|f=dialog:Edit workspaceWorkspace |h=None]@392.7
chromium-dark-desktop › orbit-dialog dlg-enter-escape paced sample 1,orbit-dialog,dialog,dlg-enter-escape,dlg-enter,paced,1,Enter Escape,none | none | @button:Orbit dialog,0,0,Enter>button:Orbit dialog[none|f=button:Orbit dialog|h=None]@20.4 ; Escape>dialog:Edit workspaceWorkspace [dialog:Edit workspace|f=dialog:Edit workspaceWorkspace |h=None]@366.6
chromium-dark-desktop › orbit-dialog dlg-enter-escape paced sample 2,orbit-dialog,dialog,dlg-enter-escape,dlg-enter,paced,2,Enter Escape,none | none | @button:Orbit dialog,0,0,Enter>button:Orbit dialog[none|f=button:Orbit dialog|h=None]@65.1 ; Escape>dialog:Edit workspaceWorkspace [dialog:Edit workspace|f=dialog:Edit workspaceWorkspace |h=None]@528.7
chromium-dark-desktop › orbit-dialog dlg-enter-escape paced sample 3,orbit-dialog,dialog,dlg-enter-escape,dlg-enter,paced,3,Enter Escape,none | none | @button:Orbit dialog,0,0,Enter>button:Orbit dialog[none|f=button:Orbit dialog|h=None]@16.4 ; Escape>dialog:Edit workspaceWorkspace [dialog:Edit workspace|f=dialog:Edit workspaceWorkspace |h=None]@709.4
chromium-dark-desktop › orbit-dialog dlg-enter-escape paced sample 4,orbit-dialog,dialog,dlg-enter-escape,dlg-enter,paced,4,Enter Escape,none | none | @button:Orbit dialog,0,0,Enter>button:Orbit dialog[none|f=button:Orbit dialog|h=None]@26.3 ; Escape>dialog:Edit workspaceWorkspace [dialog:Edit workspace|f=dialog:Edit workspaceWorkspace |h=None]@356.7
chromium-dark-desktop › orbit-dialog dlg-enter-escape paced sample 5,orbit-dialog,dialog,dlg-enter-escape,dlg-enter,paced,5,Enter Escape,none | none | @button:Orbit dialog,0,0,Enter>button:Orbit dialog[none|f=button:Orbit dialog|h=None]@23.8 ; Escape>dialog:Edit workspaceWorkspace [dialog:Edit workspace|f=dialog:Edit workspaceWorkspace |h=None]@381.1
chromium-dark-desktop › orbit-dialog dlg-enter-escape paced sample 6,orbit-dialog,dialog,dlg-enter-escape,dlg-enter,paced,6,Enter Escape,none | none | @button:Orbit dialog,0,0,Enter>button:Orbit dialog[none|f=button:Orbit dialog|h=None]@19.5 ; Escape>dialog:Edit workspaceWorkspace [dialog:Edit workspace|f=dialog:Edit workspaceWorkspace |h=None]@356.5
chromium-dark-desktop › orbit-dialog dlg-enter-escape paced sample 7,orbit-dialog,dialog,dlg-enter-escape,dlg-enter,paced,7,Enter Escape,none | none | @button:Orbit dialog,0,0,Enter>button:Orbit dialog[none|f=button:Orbit dialog|h=None]@19.5 ; Escape>dialog:Edit workspaceWorkspace [dialog:Edit workspace|f=dialog:Edit workspaceWorkspace |h=None]@364.8
chromium-dark-desktop › orbit-dialog dlg-enter-escape paced sample 8,orbit-dialog,dialog,dlg-enter-escape,dlg-enter,paced,8,Enter Escape,none | none | @button:Orbit dialog,0,0,Enter>button:Orbit dialog[none|f=button:Orbit dialog|h=None]@31.5 ; Escape>dialog:Edit workspaceWorkspace [dialog:Edit workspace|f=dialog:Edit workspaceWorkspace |h=None]@391.6
chromium-dark-desktop › orbit-dialog dlg-enter-escape paced sample 9,orbit-dialog,dialog,dlg-enter-escape,dlg-enter,paced,9,Enter Escape,none | none | @button:Orbit dialog,0,0,Enter>button:Orbit dialog[none|f=button:Orbit dialog|h=None]@21.9 ; Escape>dialog:Edit workspaceWorkspace [dialog:Edit workspace|f=dialog:Edit workspaceWorkspace |h=None]@363.6
chromium-dark-desktop › orbit-dialog dlg-enter-escape paced sample 10,orbit-dialog,dialog,dlg-enter-escape,dlg-enter,paced,10,Enter Escape,none | none | @button:Orbit dialog,0,0,Enter>button:Orbit dialog[none|f=button:Orbit dialog|h=None]@17.7 ; Escape>dialog:Edit workspaceWorkspace [dialog:Edit workspace|f=dialog:Edit workspaceWorkspace |h=None]@349.1
chromium-dark-desktop › orbit-dialog dlg-enter-escape paced sample 11,orbit-dialog,dialog,dlg-enter-escape,dlg-enter,paced,11,Enter Escape,none | none | @button:Orbit dialog,0,0,Enter>button:Orbit dialog[none|f=button:Orbit dialog|h=None]@26 ; Escape>dialog:Edit workspaceWorkspace [dialog:Edit workspace|f=dialog:Edit workspaceWorkspace |h=None]@360
chromium-dark-desktop › orbit-dialog dlg-enter-escape paced sample 12,orbit-dialog,dialog,dlg-enter-escape,dlg-enter,paced,12,Enter Escape,none | none | @button:Orbit dialog,0,0,Enter>button:Orbit dialog[none|f=button:Orbit dialog|h=None]@31.9 ; Escape>dialog:Edit workspaceWorkspace [dialog:Edit workspace|f=dialog:Edit workspaceWorkspace |h=None]@373.9
chromium-dark-desktop › orbit-dialog dlg-enter-escape paced sample 13,orbit-dialog,dialog,dlg-enter-escape,dlg-enter,paced,13,Enter Escape,none | none | @button:Orbit dialog,0,0,Enter>button:Orbit dialog[none|f=button:Orbit dialog|h=None]@27.1 ; Escape>dialog:Edit workspaceWorkspace [dialog:Edit workspace|f=dialog:Edit workspaceWorkspace |h=None]@394.1
chromium-dark-desktop › orbit-dialog dlg-enter-escape paced sample 14,orbit-dialog,dialog,dlg-enter-escape,dlg-enter,paced,14,Enter Escape,none | none | @button:Orbit dialog,0,0,Enter>button:Orbit dialog[none|f=button:Orbit dialog|h=None]@32.9 ; Escape>dialog:Edit workspaceWorkspace [dialog:Edit workspace|f=dialog:Edit workspaceWorkspace |h=None]@396.2
chromium-dark-desktop › orbit-dialog dlg-enter-escape paced sample 15,orbit-dialog,dialog,dlg-enter-escape,dlg-enter,paced,15,Enter Escape,none | none | @button:Orbit dialog,0,0,Enter>button:Orbit dialog[none|f=button:Orbit dialog|h=None]@21.6 ; Escape>dialog:Edit workspaceWorkspace [dialog:Edit workspace|f=dialog:Edit workspaceWorkspace |h=None]@360.3
chromium-dark-desktop › orbit-dialog dlg-enter-escape paced sample 16,orbit-dialog,dialog,dlg-enter-escape,dlg-enter,paced,16,Enter Escape,none | none | @button:Orbit dialog,0,0,Enter>button:Orbit dialog[none|f=button:Orbit dialog|h=None]@17.6 ; Escape>dialog:Edit workspaceWorkspace [dialog:Edit workspace|f=dialog:Edit workspaceWorkspace |h=None]@360
chromium-dark-desktop › orbit-dialog dlg-enter-escape paced sample 17,orbit-dialog,dialog,dlg-enter-escape,dlg-enter,paced,17,Enter Escape,none | none | @button:Orbit dialog,0,0,Enter>button:Orbit dialog[none|f=button:Orbit dialog|h=None]@31.6 ; Escape>dialog:Edit workspaceWorkspace [dialog:Edit workspace|f=dialog:Edit workspaceWorkspace |h=None]@362.8
chromium-dark-desktop › orbit-dialog dlg-enter-escape paced sample 18,orbit-dialog,dialog,dlg-enter-escape,dlg-enter,paced,18,Enter Escape,none | none | @button:Orbit dialog,0,0,Enter>button:Orbit dialog[none|f=button:Orbit dialog|h=None]@26 ; Escape>dialog:Edit workspaceWorkspace [dialog:Edit workspace|f=dialog:Edit workspaceWorkspace |h=None]@355.6
chromium-dark-desktop › orbit-dialog dlg-enter-escape paced sample 19,orbit-dialog,dialog,dlg-enter-escape,dlg-enter,paced,19,Enter Escape,none | none | @button:Orbit dialog,0,0,Enter>button:Orbit dialog[none|f=button:Orbit dialog|h=None]@23.4 ; Escape>dialog:Edit workspaceWorkspace [dialog:Edit workspace|f=dialog:Edit workspaceWorkspace |h=None]@364.1
chromium-dark-desktop › orbit-confirm dlg-enter-escape burst sample 0,orbit-confirm,dialog,dlg-enter-escape,dlg-enter,burst,0,Enter Escape,none | none | @button:Orbit confirm,0,0,Enter>button:Orbit confirm[none|f=button:Orbit confirm|h=None]@23.8 ; Escape>button:Cancel[alertdialog:Delete runner?|f=button:Cancel|h=None]@49.1
chromium-dark-desktop › orbit-confirm dlg-enter-escape burst sample 1,orbit-confirm,dialog,dlg-enter-escape,dlg-enter,burst,1,Enter Escape,none | none | @button:Orbit confirm,0,0,Enter>button:Orbit confirm[none|f=button:Orbit confirm|h=None]@29.2 ; Escape>button:Cancel[alertdialog:Delete runner?|f=button:Cancel|h=None]@47.9
chromium-dark-desktop › orbit-confirm dlg-enter-escape burst sample 2,orbit-confirm,dialog,dlg-enter-escape,dlg-enter,burst,2,Enter Escape,none | none | @button:Orbit confirm,0,0,Enter>button:Orbit confirm[none|f=button:Orbit confirm|h=None]@19.8 ; Escape>button:Cancel[alertdialog:Delete runner?|f=button:Cancel|h=None]@37.4
chromium-dark-desktop › orbit-confirm dlg-enter-escape burst sample 3,orbit-confirm,dialog,dlg-enter-escape,dlg-enter,burst,3,Enter Escape,none | none | @button:Orbit confirm,0,0,Enter>button:Orbit confirm[none|f=button:Orbit confirm|h=None]@36 ; Escape>button:Cancel[alertdialog:Delete runner?|f=button:Cancel|h=None]@56.5
chromium-dark-desktop › orbit-confirm dlg-enter-escape burst sample 4,orbit-confirm,dialog,dlg-enter-escape,dlg-enter,burst,4,Enter Escape,none | none | @button:Orbit confirm,0,0,Enter>button:Orbit confirm[none|f=button:Orbit confirm|h=None]@23.5 ; Escape>button:Cancel[alertdialog:Delete runner?|f=button:Cancel|h=None]@45.8
chromium-dark-desktop › orbit-confirm dlg-enter-escape burst sample 5,orbit-confirm,dialog,dlg-enter-escape,dlg-enter,burst,5,Enter Escape,none | none | @button:Orbit confirm,0,0,Enter>button:Orbit confirm[none|f=button:Orbit confirm|h=None]@32 ; Escape>button:Cancel[alertdialog:Delete runner?|f=button:Cancel|h=None]@56
chromium-dark-desktop › orbit-confirm dlg-enter-escape burst sample 6,orbit-confirm,dialog,dlg-enter-escape,dlg-enter,burst,6,Enter Escape,none | none | @button:Orbit confirm,0,0,Enter>button:Orbit confirm[none|f=button:Orbit confirm|h=None]@27.4 ; Escape>button:Cancel[alertdialog:Delete runner?|f=button:Cancel|h=None]@48.8
chromium-dark-desktop › orbit-confirm dlg-enter-escape burst sample 7,orbit-confirm,dialog,dlg-enter-escape,dlg-enter,burst,7,Enter Escape,none | none | @button:Orbit confirm,0,0,Enter>button:Orbit confirm[none|f=button:Orbit confirm|h=None]@15.3 ; Escape>button:Cancel[alertdialog:Delete runner?|f=button:Cancel|h=None]@37.6
chromium-dark-desktop › orbit-confirm dlg-enter-escape burst sample 8,orbit-confirm,dialog,dlg-enter-escape,dlg-enter,burst,8,Enter Escape,none | none | @button:Orbit confirm,0,0,Enter>button:Orbit confirm[none|f=button:Orbit confirm|h=None]@28.3 ; Escape>button:Cancel[alertdialog:Delete runner?|f=button:Cancel|h=None]@49.3
chromium-dark-desktop › orbit-confirm dlg-enter-escape burst sample 9,orbit-confirm,dialog,dlg-enter-escape,dlg-enter,burst,9,Enter Escape,none | none | @button:Orbit confirm,0,0,Enter>button:Orbit confirm[none|f=button:Orbit confirm|h=None]@31.1 ; Escape>button:Cancel[alertdialog:Delete runner?|f=button:Cancel|h=None]@53.8
chromium-dark-desktop › orbit-confirm dlg-enter-escape burst sample 10,orbit-confirm,dialog,dlg-enter-escape,dlg-enter,burst,10,Enter Escape,none | none | @button:Orbit confirm,0,0,Enter>button:Orbit confirm[none|f=button:Orbit confirm|h=None]@20 ; Escape>button:Cancel[alertdialog:Delete runner?|f=button:Cancel|h=None]@80.3
chromium-dark-desktop › orbit-confirm dlg-enter-escape burst sample 11,orbit-confirm,dialog,dlg-enter-escape,dlg-enter,burst,11,Enter Escape,none | none | @button:Orbit confirm,0,0,Enter>button:Orbit confirm[none|f=button:Orbit confirm|h=None]@23.4 ; Escape>button:Cancel[alertdialog:Delete runner?|f=button:Cancel|h=None]@43.4
chromium-dark-desktop › orbit-confirm dlg-enter-escape burst sample 12,orbit-confirm,dialog,dlg-enter-escape,dlg-enter,burst,12,Enter Escape,none | none | @button:Orbit confirm,0,0,Enter>button:Orbit confirm[none|f=button:Orbit confirm|h=None]@25.9 ; Escape>button:Cancel[alertdialog:Delete runner?|f=button:Cancel|h=None]@49.7
chromium-dark-desktop › orbit-confirm dlg-enter-escape burst sample 13,orbit-confirm,dialog,dlg-enter-escape,dlg-enter,burst,13,Enter Escape,none | none | @button:Orbit confirm,0,0,Enter>button:Orbit confirm[none|f=button:Orbit confirm|h=None]@30 ; Escape>button:Cancel[alertdialog:Delete runner?|f=button:Cancel|h=None]@45.4
chromium-dark-desktop › orbit-confirm dlg-enter-escape burst sample 14,orbit-confirm,dialog,dlg-enter-escape,dlg-enter,burst,14,Enter Escape,none | none | @button:Orbit confirm,0,0,Enter>button:Orbit confirm[none|f=button:Orbit confirm|h=None]@34.1 ; Escape>button:Cancel[alertdialog:Delete runner?|f=button:Cancel|h=None]@48.4
chromium-dark-desktop › orbit-confirm dlg-enter-escape burst sample 15,orbit-confirm,dialog,dlg-enter-escape,dlg-enter,burst,15,Enter Escape,none | none | @button:Orbit confirm,0,0,Enter>button:Orbit confirm[none|f=button:Orbit confirm|h=None]@23.4 ; Escape>button:Cancel[alertdialog:Delete runner?|f=button:Cancel|h=None]@42
chromium-dark-desktop › orbit-confirm dlg-enter-escape burst sample 16,orbit-confirm,dialog,dlg-enter-escape,dlg-enter,burst,16,Enter Escape,none | none | @button:Orbit confirm,0,0,Enter>button:Orbit confirm[none|f=button:Orbit confirm|h=None]@17.6 ; Escape>button:Cancel[alertdialog:Delete runner?|f=button:Cancel|h=None]@36.9
chromium-dark-desktop › orbit-confirm dlg-enter-escape burst sample 17,orbit-confirm,dialog,dlg-enter-escape,dlg-enter,burst,17,Enter Escape,none | none | @button:Orbit confirm,0,0,Enter>button:Orbit confirm[none|f=button:Orbit confirm|h=None]@30 ; Escape>button:Cancel[alertdialog:Delete runner?|f=button:Cancel|h=None]@51.5
chromium-dark-desktop › orbit-confirm dlg-enter-escape burst sample 18,orbit-confirm,dialog,dlg-enter-escape,dlg-enter,burst,18,Enter Escape,none | none | @button:Orbit confirm,0,0,Enter>button:Orbit confirm[none|f=button:Orbit confirm|h=None]@26.9 ; Escape>button:Cancel[alertdialog:Delete runner?|f=button:Cancel|h=None]@44.5
chromium-dark-desktop › orbit-confirm dlg-enter-escape burst sample 19,orbit-confirm,dialog,dlg-enter-escape,dlg-enter,burst,19,Enter Escape,none | none | @button:Orbit confirm,0,0,Enter>button:Orbit confirm[none|f=button:Orbit confirm|h=None]@22 ; Escape>button:Cancel[alertdialog:Delete runner?|f=button:Cancel|h=None]@36.8
chromium-dark-desktop › orbit-confirm dlg-enter-escape paced sample 0,orbit-confirm,dialog,dlg-enter-escape,dlg-enter,paced,0,Enter Escape,none | none | @button:Orbit confirm,0,0,Enter>button:Orbit confirm[none|f=button:Orbit confirm|h=None]@23.1 ; Escape>button:Cancel[alertdialog:Delete runner?|f=button:Cancel|h=None]@368.9
chromium-dark-desktop › orbit-confirm dlg-enter-escape paced sample 1,orbit-confirm,dialog,dlg-enter-escape,dlg-enter,paced,1,Enter Escape,none | none | @button:Orbit confirm,0,0,Enter>button:Orbit confirm[none|f=button:Orbit confirm|h=None]@23 ; Escape>button:Cancel[alertdialog:Delete runner?|f=button:Cancel|h=None]@343.5
chromium-dark-desktop › orbit-confirm dlg-enter-escape paced sample 2,orbit-confirm,dialog,dlg-enter-escape,dlg-enter,paced,2,Enter Escape,none | none | @button:Orbit confirm,0,0,Enter>button:Orbit confirm[none|f=button:Orbit confirm|h=None]@35.8 ; Escape>button:Cancel[alertdialog:Delete runner?|f=button:Cancel|h=None]@357.6
chromium-dark-desktop › orbit-confirm dlg-enter-escape paced sample 3,orbit-confirm,dialog,dlg-enter-escape,dlg-enter,paced,3,Enter Escape,none | none | @button:Orbit confirm,0,0,Enter>button:Orbit confirm[none|f=button:Orbit confirm|h=None]@29 ; Escape>button:Cancel[alertdialog:Delete runner?|f=button:Cancel|h=None]@350.1
chromium-dark-desktop › orbit-confirm dlg-enter-escape paced sample 4,orbit-confirm,dialog,dlg-enter-escape,dlg-enter,paced,4,Enter Escape,none | none | @button:Orbit confirm,0,0,Enter>button:Orbit confirm[none|f=button:Orbit confirm|h=None]@26.1 ; Escape>button:Cancel[alertdialog:Delete runner?|f=button:Cancel|h=None]@356.2
chromium-dark-desktop › orbit-confirm dlg-enter-escape paced sample 5,orbit-confirm,dialog,dlg-enter-escape,dlg-enter,paced,5,Enter Escape,none | none | @button:Orbit confirm,0,0,Enter>button:Orbit confirm[none|f=button:Orbit confirm|h=None]@20 ; Escape>button:Cancel[alertdialog:Delete runner?|f=button:Cancel|h=None]@346.5
chromium-dark-desktop › orbit-confirm dlg-enter-escape paced sample 6,orbit-confirm,dialog,dlg-enter-escape,dlg-enter,paced,6,Enter Escape,none | none | @button:Orbit confirm,0,0,Enter>button:Orbit confirm[none|f=button:Orbit confirm|h=None]@16.8 ; Escape>button:Cancel[alertdialog:Delete runner?|f=button:Cancel|h=None]@357.8
chromium-dark-desktop › orbit-confirm dlg-enter-escape paced sample 7,orbit-confirm,dialog,dlg-enter-escape,dlg-enter,paced,7,Enter Escape,none | none | @button:Orbit confirm,0,0,Enter>button:Orbit confirm[none|f=button:Orbit confirm|h=None]@18.6 ; Escape>button:Cancel[alertdialog:Delete runner?|f=button:Cancel|h=None]@356.2
chromium-dark-desktop › orbit-confirm dlg-enter-escape paced sample 8,orbit-confirm,dialog,dlg-enter-escape,dlg-enter,paced,8,Enter Escape,none | none | @button:Orbit confirm,0,0,Enter>button:Orbit confirm[none|f=button:Orbit confirm|h=None]@31.5 ; Escape>button:Cancel[alertdialog:Delete runner?|f=button:Cancel|h=None]@353.9
chromium-dark-desktop › orbit-confirm dlg-enter-escape paced sample 9,orbit-confirm,dialog,dlg-enter-escape,dlg-enter,paced,9,Enter Escape,none | none | @button:Orbit confirm,0,0,Enter>button:Orbit confirm[none|f=button:Orbit confirm|h=None]@25.2 ; Escape>button:Cancel[alertdialog:Delete runner?|f=button:Cancel|h=None]@347.1
chromium-dark-desktop › orbit-confirm dlg-enter-escape paced sample 10,orbit-confirm,dialog,dlg-enter-escape,dlg-enter,paced,10,Enter Escape,none | none | @button:Orbit confirm,0,0,Enter>button:Orbit confirm[none|f=button:Orbit confirm|h=None]@24.8 ; Escape>button:Cancel[alertdialog:Delete runner?|f=button:Cancel|h=None]@348.4
chromium-dark-desktop › orbit-confirm dlg-enter-escape paced sample 11,orbit-confirm,dialog,dlg-enter-escape,dlg-enter,paced,11,Enter Escape,none | none | @button:Orbit confirm,0,0,Enter>button:Orbit confirm[none|f=button:Orbit confirm|h=None]@33.5 ; Escape>button:Cancel[alertdialog:Delete runner?|f=button:Cancel|h=None]@361.4
chromium-dark-desktop › orbit-confirm dlg-enter-escape paced sample 12,orbit-confirm,dialog,dlg-enter-escape,dlg-enter,paced,12,Enter Escape,none | none | @button:Orbit confirm,0,0,Enter>button:Orbit confirm[none|f=button:Orbit confirm|h=None]@21.1 ; Escape>button:Cancel[alertdialog:Delete runner?|f=button:Cancel|h=None]@346.8
chromium-dark-desktop › orbit-confirm dlg-enter-escape paced sample 13,orbit-confirm,dialog,dlg-enter-escape,dlg-enter,paced,13,Enter Escape,none | none | @button:Orbit confirm,0,0,Enter>button:Orbit confirm[none|f=button:Orbit confirm|h=None]@35.7 ; Escape>button:Cancel[alertdialog:Delete runner?|f=button:Cancel|h=None]@362.1
chromium-dark-desktop › orbit-confirm dlg-enter-escape paced sample 14,orbit-confirm,dialog,dlg-enter-escape,dlg-enter,paced,14,Enter Escape,none | none | @button:Orbit confirm,0,0,Enter>button:Orbit confirm[none|f=button:Orbit confirm|h=None]@24.6 ; Escape>button:Cancel[alertdialog:Delete runner?|f=button:Cancel|h=None]@364.2
chromium-dark-desktop › orbit-confirm dlg-enter-escape paced sample 15,orbit-confirm,dialog,dlg-enter-escape,dlg-enter,paced,15,Enter Escape,none | none | @button:Orbit confirm,0,0,Enter>button:Orbit confirm[none|f=button:Orbit confirm|h=None]@12 ; Escape>button:Cancel[alertdialog:Delete runner?|f=button:Cancel|h=None]@343.2
chromium-dark-desktop › orbit-confirm dlg-enter-escape paced sample 16,orbit-confirm,dialog,dlg-enter-escape,dlg-enter,paced,16,Enter Escape,none | none | @button:Orbit confirm,0,0,Enter>button:Orbit confirm[none|f=button:Orbit confirm|h=None]@20.2 ; Escape>button:Cancel[alertdialog:Delete runner?|f=button:Cancel|h=None]@352.2
chromium-dark-desktop › orbit-confirm dlg-enter-escape paced sample 17,orbit-confirm,dialog,dlg-enter-escape,dlg-enter,paced,17,Enter Escape,none | none | @button:Orbit confirm,0,0,Enter>button:Orbit confirm[none|f=button:Orbit confirm|h=None]@30.7 ; Escape>button:Cancel[alertdialog:Delete runner?|f=button:Cancel|h=None]@389
chromium-dark-desktop › orbit-confirm dlg-enter-escape paced sample 18,orbit-confirm,dialog,dlg-enter-escape,dlg-enter,paced,18,Enter Escape,none | none | @button:Orbit confirm,0,0,Enter>button:Orbit confirm[none|f=button:Orbit confirm|h=None]@26.2 ; Escape>button:Cancel[alertdialog:Delete runner?|f=button:Cancel|h=None]@369.9
chromium-dark-desktop › orbit-confirm dlg-enter-escape paced sample 19,orbit-confirm,dialog,dlg-enter-escape,dlg-enter,paced,19,Enter Escape,none | none | @button:Orbit confirm,0,0,Enter>button:Orbit confirm[none|f=button:Orbit confirm|h=None]@24.4 ; Escape>button:Cancel[alertdialog:Delete runner?|f=button:Cancel|h=None]@350.6
chromium-dark-desktop › orbit-dialog dlg-enter-tab burst sample 0,orbit-dialog,dialog,dlg-enter-tab,dlg-enter,burst,0,Enter Tab,none | dialog:Edit workspace | @button:Close,0,0,Enter>button:Orbit dialog[none|f=button:Orbit dialog|h=None]@38.6 ; Tab>dialog:Edit workspaceWorkspace [dialog:Edit workspace|f=dialog:Edit workspaceWorkspace |h=None]@62.6
chromium-dark-desktop › orbit-dialog dlg-enter-tab burst sample 1,orbit-dialog,dialog,dlg-enter-tab,dlg-enter,burst,1,Enter Tab,none | dialog:Edit workspace | @button:Close,0,0,Enter>button:Orbit dialog[none|f=button:Orbit dialog|h=None]@23.2 ; Tab>dialog:Edit workspaceWorkspace [dialog:Edit workspace|f=dialog:Edit workspaceWorkspace |h=None]@45.9
chromium-dark-desktop › orbit-dialog dlg-enter-tab burst sample 2,orbit-dialog,dialog,dlg-enter-tab,dlg-enter,burst,2,Enter Tab,none | dialog:Edit workspace | @button:Close,0,0,Enter>button:Orbit dialog[none|f=button:Orbit dialog|h=None]@41.1 ; Tab>dialog:Edit workspaceWorkspace [dialog:Edit workspace|f=dialog:Edit workspaceWorkspace |h=None]@61.3
chromium-dark-desktop › orbit-dialog dlg-enter-tab burst sample 3,orbit-dialog,dialog,dlg-enter-tab,dlg-enter,burst,3,Enter Tab,none | dialog:Edit workspace | @button:Close,0,0,Enter>button:Orbit dialog[none|f=button:Orbit dialog|h=None]@9.9 ; Tab>dialog:Edit workspaceWorkspace [dialog:Edit workspace|f=dialog:Edit workspaceWorkspace |h=None]@30.3
chromium-dark-desktop › orbit-dialog dlg-enter-tab burst sample 4,orbit-dialog,dialog,dlg-enter-tab,dlg-enter,burst,4,Enter Tab,none | dialog:Edit workspace | @button:Close,0,0,Enter>button:Orbit dialog[none|f=button:Orbit dialog|h=None]@28.7 ; Tab>dialog:Edit workspaceWorkspace [dialog:Edit workspace|f=dialog:Edit workspaceWorkspace |h=None]@54.3
chromium-dark-desktop › orbit-dialog dlg-enter-tab burst sample 5,orbit-dialog,dialog,dlg-enter-tab,dlg-enter,burst,5,Enter Tab,none | dialog:Edit workspace | @button:Close,0,0,Enter>button:Orbit dialog[none|f=button:Orbit dialog|h=None]@38.5 ; Tab>dialog:Edit workspaceWorkspace [dialog:Edit workspace|f=dialog:Edit workspaceWorkspace |h=None]@60.6
chromium-dark-desktop › orbit-dialog dlg-enter-tab burst sample 6,orbit-dialog,dialog,dlg-enter-tab,dlg-enter,burst,6,Enter Tab,none | dialog:Edit workspace | @button:Close,0,0,Enter>button:Orbit dialog[none|f=button:Orbit dialog|h=None]@37 ; Tab>dialog:Edit workspaceWorkspace [dialog:Edit workspace|f=dialog:Edit workspaceWorkspace |h=None]@58.7
chromium-dark-desktop › orbit-dialog dlg-enter-tab burst sample 7,orbit-dialog,dialog,dlg-enter-tab,dlg-enter,burst,7,Enter Tab,none | dialog:Edit workspace | @button:Close,0,0,Enter>button:Orbit dialog[none|f=button:Orbit dialog|h=None]@24.5 ; Tab>dialog:Edit workspaceWorkspace [dialog:Edit workspace|f=dialog:Edit workspaceWorkspace |h=None]@48.4
chromium-dark-desktop › orbit-dialog dlg-enter-tab burst sample 8,orbit-dialog,dialog,dlg-enter-tab,dlg-enter,burst,8,Enter Tab,none | dialog:Edit workspace | @button:Close,0,0,Enter>button:Orbit dialog[none|f=button:Orbit dialog|h=None]@27.4 ; Tab>dialog:Edit workspaceWorkspace [dialog:Edit workspace|f=dialog:Edit workspaceWorkspace |h=None]@47.9
chromium-dark-desktop › orbit-dialog dlg-enter-tab burst sample 9,orbit-dialog,dialog,dlg-enter-tab,dlg-enter,burst,9,Enter Tab,none | dialog:Edit workspace | @button:Close,0,0,Enter>button:Orbit dialog[none|f=button:Orbit dialog|h=None]@36.6 ; Tab>dialog:Edit workspaceWorkspace [dialog:Edit workspace|f=dialog:Edit workspaceWorkspace |h=None]@57
chromium-dark-desktop › orbit-dialog dlg-enter-tab burst sample 10,orbit-dialog,dialog,dlg-enter-tab,dlg-enter,burst,10,Enter Tab,none | dialog:Edit workspace | @button:Close,0,0,Enter>button:Orbit dialog[none|f=button:Orbit dialog|h=None]@26.2 ; Tab>dialog:Edit workspaceWorkspace [dialog:Edit workspace|f=dialog:Edit workspaceWorkspace |h=None]@47.3
chromium-dark-desktop › orbit-dialog dlg-enter-tab burst sample 11,orbit-dialog,dialog,dlg-enter-tab,dlg-enter,burst,11,Enter Tab,none | dialog:Edit workspace | @button:Close,0,0,Enter>button:Orbit dialog[none|f=button:Orbit dialog|h=None]@17.9 ; Tab>dialog:Edit workspaceWorkspace [dialog:Edit workspace|f=dialog:Edit workspaceWorkspace |h=None]@41.7
chromium-dark-desktop › orbit-dialog dlg-enter-tab burst sample 12,orbit-dialog,dialog,dlg-enter-tab,dlg-enter,burst,12,Enter Tab,none | dialog:Edit workspace | @button:Close,0,0,Enter>button:Orbit dialog[none|f=button:Orbit dialog|h=None]@16 ; Tab>dialog:Edit workspaceWorkspace [dialog:Edit workspace|f=dialog:Edit workspaceWorkspace |h=None]@42
chromium-dark-desktop › orbit-dialog dlg-enter-tab burst sample 13,orbit-dialog,dialog,dlg-enter-tab,dlg-enter,burst,13,Enter Tab,none | dialog:Edit workspace | @button:Close,0,0,Enter>button:Orbit dialog[none|f=button:Orbit dialog|h=None]@24.8 ; Tab>dialog:Edit workspaceWorkspace [dialog:Edit workspace|f=dialog:Edit workspaceWorkspace |h=None]@45.8
chromium-dark-desktop › orbit-dialog dlg-enter-tab burst sample 14,orbit-dialog,dialog,dlg-enter-tab,dlg-enter,burst,14,Enter Tab,none | dialog:Edit workspace | @button:Close,0,0,Enter>button:Orbit dialog[none|f=button:Orbit dialog|h=None]@19.4 ; Tab>dialog:Edit workspaceWorkspace [dialog:Edit workspace|f=dialog:Edit workspaceWorkspace |h=None]@38
chromium-dark-desktop › orbit-dialog dlg-enter-tab burst sample 15,orbit-dialog,dialog,dlg-enter-tab,dlg-enter,burst,15,Enter Tab,none | dialog:Edit workspace | @button:Close,0,0,Enter>button:Orbit dialog[none|f=button:Orbit dialog|h=None]@34.3 ; Tab>dialog:Edit workspaceWorkspace [dialog:Edit workspace|f=dialog:Edit workspaceWorkspace |h=None]@52.3
chromium-dark-desktop › orbit-dialog dlg-enter-tab burst sample 16,orbit-dialog,dialog,dlg-enter-tab,dlg-enter,burst,16,Enter Tab,none | dialog:Edit workspace | @button:Close,0,0,Enter>button:Orbit dialog[none|f=button:Orbit dialog|h=None]@25.6 ; Tab>dialog:Edit workspaceWorkspace [dialog:Edit workspace|f=dialog:Edit workspaceWorkspace |h=None]@67.4
chromium-dark-desktop › orbit-dialog dlg-enter-tab burst sample 17,orbit-dialog,dialog,dlg-enter-tab,dlg-enter,burst,17,Enter Tab,none | dialog:Edit workspace | @button:Close,0,0,Enter>button:Orbit dialog[none|f=button:Orbit dialog|h=None]@13.7 ; Tab>dialog:Edit workspaceWorkspace [dialog:Edit workspace|f=dialog:Edit workspaceWorkspace |h=None]@36.9
chromium-dark-desktop › orbit-dialog dlg-enter-tab burst sample 18,orbit-dialog,dialog,dlg-enter-tab,dlg-enter,burst,18,Enter Tab,none | dialog:Edit workspace | @button:Close,0,0,Enter>button:Orbit dialog[none|f=button:Orbit dialog|h=None]@31.4 ; Tab>dialog:Edit workspaceWorkspace [dialog:Edit workspace|f=dialog:Edit workspaceWorkspace |h=None]@49.7
chromium-dark-desktop › orbit-dialog dlg-enter-tab burst sample 19,orbit-dialog,dialog,dlg-enter-tab,dlg-enter,burst,19,Enter Tab,none | dialog:Edit workspace | @button:Close,0,0,Enter>button:Orbit dialog[none|f=button:Orbit dialog|h=None]@23.5 ; Tab>dialog:Edit workspaceWorkspace [dialog:Edit workspace|f=dialog:Edit workspaceWorkspace |h=None]@42.8
chromium-dark-desktop › orbit-dialog dlg-enter-tab paced sample 0,orbit-dialog,dialog,dlg-enter-tab,dlg-enter,paced,0,Enter Tab,none | dialog:Edit workspace | @button:Close,0,0,Enter>button:Orbit dialog[none|f=button:Orbit dialog|h=None]@25.8 ; Tab>dialog:Edit workspaceWorkspace [dialog:Edit workspace|f=dialog:Edit workspaceWorkspace |h=None]@352.4
chromium-dark-desktop › orbit-dialog dlg-enter-tab paced sample 1,orbit-dialog,dialog,dlg-enter-tab,dlg-enter,paced,1,Enter Tab,none | dialog:Edit workspace | @button:Close,0,0,Enter>button:Orbit dialog[none|f=button:Orbit dialog|h=None]@21.1 ; Tab>dialog:Edit workspaceWorkspace [dialog:Edit workspace|f=dialog:Edit workspaceWorkspace |h=None]@346.9
chromium-dark-desktop › orbit-dialog dlg-enter-tab paced sample 2,orbit-dialog,dialog,dlg-enter-tab,dlg-enter,paced,2,Enter Tab,none | dialog:Edit workspace | @button:Close,0,0,Enter>button:Orbit dialog[none|f=button:Orbit dialog|h=None]@23.6 ; Tab>dialog:Edit workspaceWorkspace [dialog:Edit workspace|f=dialog:Edit workspaceWorkspace |h=None]@362.9
chromium-dark-desktop › orbit-dialog dlg-enter-tab paced sample 3,orbit-dialog,dialog,dlg-enter-tab,dlg-enter,paced,3,Enter Tab,none | dialog:Edit workspace | @button:Close,0,0,Enter>button:Orbit dialog[none|f=button:Orbit dialog|h=None]@20.5 ; Tab>dialog:Edit workspaceWorkspace [dialog:Edit workspace|f=dialog:Edit workspaceWorkspace |h=None]@352.5
chromium-dark-desktop › orbit-dialog dlg-enter-tab paced sample 4,orbit-dialog,dialog,dlg-enter-tab,dlg-enter,paced,4,Enter Tab,none | dialog:Edit workspace | @button:Close,0,0,Enter>button:Orbit dialog[none|f=button:Orbit dialog|h=None]@26.8 ; Tab>dialog:Edit workspaceWorkspace [dialog:Edit workspace|f=dialog:Edit workspaceWorkspace |h=None]@359.2
chromium-dark-desktop › orbit-dialog dlg-enter-tab paced sample 5,orbit-dialog,dialog,dlg-enter-tab,dlg-enter,paced,5,Enter Tab,none | dialog:Edit workspace | @button:Close,0,0,Enter>button:Orbit dialog[none|f=button:Orbit dialog|h=None]@18.4 ; Tab>dialog:Edit workspaceWorkspace [dialog:Edit workspace|f=dialog:Edit workspaceWorkspace |h=None]@344.7
chromium-dark-desktop › orbit-dialog dlg-enter-tab paced sample 6,orbit-dialog,dialog,dlg-enter-tab,dlg-enter,paced,6,Enter Tab,none | dialog:Edit workspace | @button:Close,0,0,Enter>button:Orbit dialog[none|f=button:Orbit dialog|h=None]@31.4 ; Tab>dialog:Edit workspaceWorkspace [dialog:Edit workspace|f=dialog:Edit workspaceWorkspace |h=None]@369.3
chromium-dark-desktop › orbit-dialog dlg-enter-tab paced sample 7,orbit-dialog,dialog,dlg-enter-tab,dlg-enter,paced,7,Enter Tab,none | dialog:Edit workspace | @button:Close,0,0,Enter>button:Orbit dialog[none|f=button:Orbit dialog|h=None]@37.6 ; Tab>dialog:Edit workspaceWorkspace [dialog:Edit workspace|f=dialog:Edit workspaceWorkspace |h=None]@370.5
chromium-dark-desktop › orbit-dialog dlg-enter-tab paced sample 8,orbit-dialog,dialog,dlg-enter-tab,dlg-enter,paced,8,Enter Tab,none | dialog:Edit workspace | @button:Close,0,0,Enter>button:Orbit dialog[none|f=button:Orbit dialog|h=None]@16.5 ; Tab>dialog:Edit workspaceWorkspace [dialog:Edit workspace|f=dialog:Edit workspaceWorkspace |h=None]@358.7
chromium-dark-desktop › orbit-dialog dlg-enter-tab paced sample 9,orbit-dialog,dialog,dlg-enter-tab,dlg-enter,paced,9,Enter Tab,none | dialog:Edit workspace | @button:Close,0,0,Enter>button:Orbit dialog[none|f=button:Orbit dialog|h=None]@19.3 ; Tab>dialog:Edit workspaceWorkspace [dialog:Edit workspace|f=dialog:Edit workspaceWorkspace |h=None]@343.5
chromium-dark-desktop › orbit-dialog dlg-enter-tab paced sample 10,orbit-dialog,dialog,dlg-enter-tab,dlg-enter,paced,10,Enter Tab,none | dialog:Edit workspace | @button:Close,0,0,Enter>button:Orbit dialog[none|f=button:Orbit dialog|h=None]@10.2 ; Tab>dialog:Edit workspaceWorkspace [dialog:Edit workspace|f=dialog:Edit workspaceWorkspace |h=None]@356.5
chromium-dark-desktop › orbit-dialog dlg-enter-tab paced sample 11,orbit-dialog,dialog,dlg-enter-tab,dlg-enter,paced,11,Enter Tab,none | dialog:Edit workspace | @button:Close,0,0,Enter>button:Orbit dialog[none|f=button:Orbit dialog|h=None]@22.9 ; Tab>dialog:Edit workspaceWorkspace [dialog:Edit workspace|f=dialog:Edit workspaceWorkspace |h=None]@356.7
chromium-dark-desktop › orbit-dialog dlg-enter-tab paced sample 12,orbit-dialog,dialog,dlg-enter-tab,dlg-enter,paced,12,Enter Tab,none | dialog:Edit workspace | @button:Close,0,0,Enter>button:Orbit dialog[none|f=button:Orbit dialog|h=None]@11.8 ; Tab>dialog:Edit workspaceWorkspace [dialog:Edit workspace|f=dialog:Edit workspaceWorkspace |h=None]@341.1
chromium-dark-desktop › orbit-dialog dlg-enter-tab paced sample 13,orbit-dialog,dialog,dlg-enter-tab,dlg-enter,paced,13,Enter Tab,none | dialog:Edit workspace | @button:Close,0,0,Enter>button:Orbit dialog[none|f=button:Orbit dialog|h=None]@18.3 ; Tab>dialog:Edit workspaceWorkspace [dialog:Edit workspace|f=dialog:Edit workspaceWorkspace |h=None]@351.2
chromium-dark-desktop › orbit-dialog dlg-enter-tab paced sample 14,orbit-dialog,dialog,dlg-enter-tab,dlg-enter,paced,14,Enter Tab,none | dialog:Edit workspace | @button:Close,0,0,Enter>button:Orbit dialog[none|f=button:Orbit dialog|h=None]@27.4 ; Tab>dialog:Edit workspaceWorkspace [dialog:Edit workspace|f=dialog:Edit workspaceWorkspace |h=None]@403.7
chromium-dark-desktop › orbit-dialog dlg-enter-tab paced sample 15,orbit-dialog,dialog,dlg-enter-tab,dlg-enter,paced,15,Enter Tab,none | dialog:Edit workspace | @button:Close,0,0,Enter>button:Orbit dialog[none|f=button:Orbit dialog|h=None]@24.3 ; Tab>dialog:Edit workspaceWorkspace [dialog:Edit workspace|f=dialog:Edit workspaceWorkspace |h=None]@362.2
chromium-dark-desktop › orbit-dialog dlg-enter-tab paced sample 16,orbit-dialog,dialog,dlg-enter-tab,dlg-enter,paced,16,Enter Tab,none | dialog:Edit workspace | @button:Close,0,0,Enter>button:Orbit dialog[none|f=button:Orbit dialog|h=None]@19.9 ; Tab>dialog:Edit workspaceWorkspace [dialog:Edit workspace|f=dialog:Edit workspaceWorkspace |h=None]@348
chromium-dark-desktop › orbit-dialog dlg-enter-tab paced sample 17,orbit-dialog,dialog,dlg-enter-tab,dlg-enter,paced,17,Enter Tab,none | dialog:Edit workspace | @button:Close,0,0,Enter>button:Orbit dialog[none|f=button:Orbit dialog|h=None]@28.3 ; Tab>dialog:Edit workspaceWorkspace [dialog:Edit workspace|f=dialog:Edit workspaceWorkspace |h=None]@365.3
chromium-dark-desktop › orbit-dialog dlg-enter-tab paced sample 18,orbit-dialog,dialog,dlg-enter-tab,dlg-enter,paced,18,Enter Tab,none | dialog:Edit workspace | @button:Close,0,0,Enter>button:Orbit dialog[none|f=button:Orbit dialog|h=None]@25.2 ; Tab>dialog:Edit workspaceWorkspace [dialog:Edit workspace|f=dialog:Edit workspaceWorkspace |h=None]@380.4
chromium-dark-desktop › orbit-dialog dlg-enter-tab paced sample 19,orbit-dialog,dialog,dlg-enter-tab,dlg-enter,paced,19,Enter Tab,none | dialog:Edit workspace | @button:Close,0,0,Enter>button:Orbit dialog[none|f=button:Orbit dialog|h=None]@36.8 ; Tab>dialog:Edit workspaceWorkspace [dialog:Edit workspace|f=dialog:Edit workspaceWorkspace |h=None]@369.8
chromium-dark-desktop › orbit-confirm dlg-enter-tab burst sample 0,orbit-confirm,dialog,dlg-enter-tab,dlg-enter,burst,0,Enter Tab,none | alertdialog:Delete runner? | @button:Delete,0,0,Enter>button:Orbit confirm[none|f=button:Orbit confirm|h=None]@28.8 ; Tab>button:Cancel[alertdialog:Delete runner?|f=button:Cancel|h=None]@48.6
chromium-dark-desktop › orbit-confirm dlg-enter-tab burst sample 1,orbit-confirm,dialog,dlg-enter-tab,dlg-enter,burst,1,Enter Tab,none | alertdialog:Delete runner? | @button:Delete,0,0,Enter>button:Orbit confirm[none|f=button:Orbit confirm|h=None]@26.9 ; Tab>button:Cancel[alertdialog:Delete runner?|f=button:Cancel|h=None]@62.1
chromium-dark-desktop › orbit-confirm dlg-enter-tab burst sample 2,orbit-confirm,dialog,dlg-enter-tab,dlg-enter,burst,2,Enter Tab,none | alertdialog:Delete runner? | @button:Delete,0,0,Enter>button:Orbit confirm[none|f=button:Orbit confirm|h=None]@37.2 ; Tab>button:Cancel[alertdialog:Delete runner?|f=button:Cancel|h=None]@63.7
chromium-dark-desktop › orbit-confirm dlg-enter-tab burst sample 3,orbit-confirm,dialog,dlg-enter-tab,dlg-enter,burst,3,Enter Tab,none | alertdialog:Delete runner? | @button:Delete,0,0,Enter>button:Orbit confirm[none|f=button:Orbit confirm|h=None]@26.5 ; Tab>button:Cancel[alertdialog:Delete runner?|f=button:Cancel|h=None]@46.4
chromium-dark-desktop › orbit-confirm dlg-enter-tab burst sample 4,orbit-confirm,dialog,dlg-enter-tab,dlg-enter,burst,4,Enter Tab,none | alertdialog:Delete runner? | @button:Delete,0,0,Enter>button:Orbit confirm[none|f=button:Orbit confirm|h=None]@13.5 ; Tab>button:Cancel[alertdialog:Delete runner?|f=button:Cancel|h=None]@38.6
chromium-dark-desktop › orbit-confirm dlg-enter-tab burst sample 5,orbit-confirm,dialog,dlg-enter-tab,dlg-enter,burst,5,Enter Tab,none | alertdialog:Delete runner? | @button:Delete,0,0,Enter>button:Orbit confirm[none|f=button:Orbit confirm|h=None]@35 ; Tab>button:Cancel[alertdialog:Delete runner?|f=button:Cancel|h=None]@54
chromium-dark-desktop › orbit-confirm dlg-enter-tab burst sample 6,orbit-confirm,dialog,dlg-enter-tab,dlg-enter,burst,6,Enter Tab,none | alertdialog:Delete runner? | @button:Delete,0,0,Enter>button:Orbit confirm[none|f=button:Orbit confirm|h=None]@17.3 ; Tab>button:Cancel[alertdialog:Delete runner?|f=button:Cancel|h=None]@57.5
chromium-dark-desktop › orbit-confirm dlg-enter-tab burst sample 7,orbit-confirm,dialog,dlg-enter-tab,dlg-enter,burst,7,Enter Tab,none | alertdialog:Delete runner? | @button:Delete,0,0,Enter>button:Orbit confirm[none|f=button:Orbit confirm|h=None]@46 ; Tab>button:Cancel[alertdialog:Delete runner?|f=button:Cancel|h=None]@85.1
chromium-dark-desktop › orbit-confirm dlg-enter-tab burst sample 8,orbit-confirm,dialog,dlg-enter-tab,dlg-enter,burst,8,Enter Tab,none | alertdialog:Delete runner? | @button:Delete,0,0,Enter>button:Orbit confirm[none|f=button:Orbit confirm|h=None]@17.6 ; Tab>button:Cancel[alertdialog:Delete runner?|f=button:Cancel|h=None]@42.9
chromium-dark-desktop › orbit-confirm dlg-enter-tab burst sample 9,orbit-confirm,dialog,dlg-enter-tab,dlg-enter,burst,9,Enter Tab,none | alertdialog:Delete runner? | @button:Delete,0,0,Enter>button:Orbit confirm[none|f=button:Orbit confirm|h=None]@23.4 ; Tab>button:Cancel[alertdialog:Delete runner?|f=button:Cancel|h=None]@42.9
chromium-dark-desktop › orbit-confirm dlg-enter-tab burst sample 10,orbit-confirm,dialog,dlg-enter-tab,dlg-enter,burst,10,Enter Tab,none | alertdialog:Delete runner? | @button:Delete,0,0,Enter>button:Orbit confirm[none|f=button:Orbit confirm|h=None]@23.5 ; Tab>button:Cancel[alertdialog:Delete runner?|f=button:Cancel|h=None]@61.1
chromium-dark-desktop › orbit-confirm dlg-enter-tab burst sample 11,orbit-confirm,dialog,dlg-enter-tab,dlg-enter,burst,11,Enter Tab,none | alertdialog:Delete runner? | @button:Delete,0,0,Enter>button:Orbit confirm[none|f=button:Orbit confirm|h=None]@25.6 ; Tab>button:Cancel[alertdialog:Delete runner?|f=button:Cancel|h=None]@45.5
chromium-dark-desktop › orbit-confirm dlg-enter-tab burst sample 12,orbit-confirm,dialog,dlg-enter-tab,dlg-enter,burst,12,Enter Tab,none | alertdialog:Delete runner? | @button:Delete,0,0,Enter>button:Orbit confirm[none|f=button:Orbit confirm|h=None]@28 ; Tab>button:Cancel[alertdialog:Delete runner?|f=button:Cancel|h=None]@51.4
chromium-dark-desktop › orbit-confirm dlg-enter-tab burst sample 13,orbit-confirm,dialog,dlg-enter-tab,dlg-enter,burst,13,Enter Tab,none | alertdialog:Delete runner? | @button:Delete,0,0,Enter>button:Orbit confirm[none|f=button:Orbit confirm|h=None]@15.9 ; Tab>button:Cancel[alertdialog:Delete runner?|f=button:Cancel|h=None]@36.3
chromium-dark-desktop › orbit-confirm dlg-enter-tab burst sample 14,orbit-confirm,dialog,dlg-enter-tab,dlg-enter,burst,14,Enter Tab,none | alertdialog:Delete runner? | @button:Delete,0,0,Enter>button:Orbit confirm[none|f=button:Orbit confirm|h=None]@15.3 ; Tab>button:Cancel[alertdialog:Delete runner?|f=button:Cancel|h=None]@47.1
chromium-dark-desktop › orbit-confirm dlg-enter-tab burst sample 15,orbit-confirm,dialog,dlg-enter-tab,dlg-enter,burst,15,Enter Tab,none | alertdialog:Delete runner? | @button:Delete,0,0,Enter>button:Orbit confirm[none|f=button:Orbit confirm|h=None]@19 ; Tab>button:Cancel[alertdialog:Delete runner?|f=button:Cancel|h=None]@33.9
chromium-dark-desktop › orbit-confirm dlg-enter-tab burst sample 16,orbit-confirm,dialog,dlg-enter-tab,dlg-enter,burst,16,Enter Tab,none | alertdialog:Delete runner? | @button:Delete,0,0,Enter>button:Orbit confirm[none|f=button:Orbit confirm|h=None]@26.3 ; Tab>button:Cancel[alertdialog:Delete runner?|f=button:Cancel|h=None]@51.4
chromium-dark-desktop › orbit-confirm dlg-enter-tab burst sample 17,orbit-confirm,dialog,dlg-enter-tab,dlg-enter,burst,17,Enter Tab,none | alertdialog:Delete runner? | @button:Delete,0,0,Enter>button:Orbit confirm[none|f=button:Orbit confirm|h=None]@17.6 ; Tab>button:Cancel[alertdialog:Delete runner?|f=button:Cancel|h=None]@38.8
chromium-dark-desktop › orbit-confirm dlg-enter-tab burst sample 18,orbit-confirm,dialog,dlg-enter-tab,dlg-enter,burst,18,Enter Tab,none | alertdialog:Delete runner? | @button:Delete,0,0,Enter>button:Orbit confirm[none|f=button:Orbit confirm|h=None]@33.1 ; Tab>button:Cancel[alertdialog:Delete runner?|f=button:Cancel|h=None]@54.2
chromium-dark-desktop › orbit-confirm dlg-enter-tab burst sample 19,orbit-confirm,dialog,dlg-enter-tab,dlg-enter,burst,19,Enter Tab,none | alertdialog:Delete runner? | @button:Delete,0,0,Enter>button:Orbit confirm[none|f=button:Orbit confirm|h=None]@27 ; Tab>button:Cancel[alertdialog:Delete runner?|f=button:Cancel|h=None]@57.8
chromium-dark-desktop › orbit-confirm dlg-enter-tab paced sample 0,orbit-confirm,dialog,dlg-enter-tab,dlg-enter,paced,0,Enter Tab,none | alertdialog:Delete runner? | @button:Delete,0,0,Enter>button:Orbit confirm[none|f=button:Orbit confirm|h=None]@27.6 ; Tab>button:Cancel[alertdialog:Delete runner?|f=button:Cancel|h=None]@358.5
chromium-dark-desktop › orbit-confirm dlg-enter-tab paced sample 1,orbit-confirm,dialog,dlg-enter-tab,dlg-enter,paced,1,Enter Tab,none | alertdialog:Delete runner? | @button:Delete,0,0,Enter>button:Orbit confirm[none|f=button:Orbit confirm|h=None]@35.1 ; Tab>button:Cancel[alertdialog:Delete runner?|f=button:Cancel|h=None]@373.5
chromium-dark-desktop › orbit-confirm dlg-enter-tab paced sample 2,orbit-confirm,dialog,dlg-enter-tab,dlg-enter,paced,2,Enter Tab,none | alertdialog:Delete runner? | @button:Delete,0,0,Enter>button:Orbit confirm[none|f=button:Orbit confirm|h=None]@17.2 ; Tab>button:Cancel[alertdialog:Delete runner?|f=button:Cancel|h=None]@354.2
chromium-dark-desktop › orbit-confirm dlg-enter-tab paced sample 3,orbit-confirm,dialog,dlg-enter-tab,dlg-enter,paced,3,Enter Tab,none | alertdialog:Delete runner? | @button:Delete,0,0,Enter>button:Orbit confirm[none|f=button:Orbit confirm|h=None]@33.8 ; Tab>button:Cancel[alertdialog:Delete runner?|f=button:Cancel|h=None]@366.8
chromium-dark-desktop › orbit-confirm dlg-enter-tab paced sample 4,orbit-confirm,dialog,dlg-enter-tab,dlg-enter,paced,4,Enter Tab,none | alertdialog:Delete runner? | @button:Delete,0,0,Enter>button:Orbit confirm[none|f=button:Orbit confirm|h=None]@20.7 ; Tab>button:Cancel[alertdialog:Delete runner?|f=button:Cancel|h=None]@357.1
chromium-dark-desktop › orbit-confirm dlg-enter-tab paced sample 5,orbit-confirm,dialog,dlg-enter-tab,dlg-enter,paced,5,Enter Tab,none | alertdialog:Delete runner? | @button:Delete,0,0,Enter>button:Orbit confirm[none|f=button:Orbit confirm|h=None]@19.2 ; Tab>button:Cancel[alertdialog:Delete runner?|f=button:Cancel|h=None]@357.6
chromium-dark-desktop › orbit-confirm dlg-enter-tab paced sample 6,orbit-confirm,dialog,dlg-enter-tab,dlg-enter,paced,6,Enter Tab,none | alertdialog:Delete runner? | @button:Delete,0,0,Enter>button:Orbit confirm[none|f=button:Orbit confirm|h=None]@29.1 ; Tab>button:Cancel[alertdialog:Delete runner?|f=button:Cancel|h=None]@363.1
chromium-dark-desktop › orbit-confirm dlg-enter-tab paced sample 7,orbit-confirm,dialog,dlg-enter-tab,dlg-enter,paced,7,Enter Tab,none | alertdialog:Delete runner? | @button:Delete,0,0,Enter>button:Orbit confirm[none|f=button:Orbit confirm|h=None]@15.1 ; Tab>button:Cancel[alertdialog:Delete runner?|f=button:Cancel|h=None]@353.4
chromium-dark-desktop › orbit-confirm dlg-enter-tab paced sample 8,orbit-confirm,dialog,dlg-enter-tab,dlg-enter,paced,8,Enter Tab,none | alertdialog:Delete runner? | @button:Delete,0,0,Enter>button:Orbit confirm[none|f=button:Orbit confirm|h=None]@38 ; Tab>button:Cancel[alertdialog:Delete runner?|f=button:Cancel|h=None]@372
chromium-dark-desktop › orbit-confirm dlg-enter-tab paced sample 9,orbit-confirm,dialog,dlg-enter-tab,dlg-enter,paced,9,Enter Tab,none | alertdialog:Delete runner? | @button:Delete,0,0,Enter>button:Orbit confirm[none|f=button:Orbit confirm|h=None]@20.7 ; Tab>button:Cancel[alertdialog:Delete runner?|f=button:Cancel|h=None]@351.6
chromium-dark-desktop › orbit-confirm dlg-enter-tab paced sample 10,orbit-confirm,dialog,dlg-enter-tab,dlg-enter,paced,10,Enter Tab,none | alertdialog:Delete runner? | @button:Delete,0,0,Enter>button:Orbit confirm[none|f=button:Orbit confirm|h=None]@28.6 ; Tab>button:Cancel[alertdialog:Delete runner?|f=button:Cancel|h=None]@380.9
chromium-dark-desktop › orbit-confirm dlg-enter-tab paced sample 11,orbit-confirm,dialog,dlg-enter-tab,dlg-enter,paced,11,Enter Tab,none | alertdialog:Delete runner? | @button:Delete,0,0,Enter>button:Orbit confirm[none|f=button:Orbit confirm|h=None]@16.3 ; Tab>button:Cancel[alertdialog:Delete runner?|f=button:Cancel|h=None]@349.1
chromium-dark-desktop › orbit-confirm dlg-enter-tab paced sample 12,orbit-confirm,dialog,dlg-enter-tab,dlg-enter,paced,12,Enter Tab,none | alertdialog:Delete runner? | @button:Delete,0,0,Enter>button:Orbit confirm[none|f=button:Orbit confirm|h=None]@29.2 ; Tab>button:Cancel[alertdialog:Delete runner?|f=button:Cancel|h=None]@358.8
chromium-dark-desktop › orbit-confirm dlg-enter-tab paced sample 13,orbit-confirm,dialog,dlg-enter-tab,dlg-enter,paced,13,Enter Tab,none | alertdialog:Delete runner? | @button:Delete,0,0,Enter>button:Orbit confirm[none|f=button:Orbit confirm|h=None]@16.8 ; Tab>button:Cancel[alertdialog:Delete runner?|f=button:Cancel|h=None]@349
chromium-dark-desktop › orbit-confirm dlg-enter-tab paced sample 14,orbit-confirm,dialog,dlg-enter-tab,dlg-enter,paced,14,Enter Tab,none | alertdialog:Delete runner? | @button:Delete,0,0,Enter>button:Orbit confirm[none|f=button:Orbit confirm|h=None]@17.2 ; Tab>button:Cancel[alertdialog:Delete runner?|f=button:Cancel|h=None]@354.8
chromium-dark-desktop › orbit-confirm dlg-enter-tab paced sample 15,orbit-confirm,dialog,dlg-enter-tab,dlg-enter,paced,15,Enter Tab,none | alertdialog:Delete runner? | @button:Delete,0,0,Enter>button:Orbit confirm[none|f=button:Orbit confirm|h=None]@33 ; Tab>button:Cancel[alertdialog:Delete runner?|f=button:Cancel|h=None]@382
chromium-dark-desktop › orbit-confirm dlg-enter-tab paced sample 16,orbit-confirm,dialog,dlg-enter-tab,dlg-enter,paced,16,Enter Tab,none | alertdialog:Delete runner? | @button:Delete,0,0,Enter>button:Orbit confirm[none|f=button:Orbit confirm|h=None]@35.6 ; Tab>button:Cancel[alertdialog:Delete runner?|f=button:Cancel|h=None]@369.7
chromium-dark-desktop › orbit-confirm dlg-enter-tab paced sample 17,orbit-confirm,dialog,dlg-enter-tab,dlg-enter,paced,17,Enter Tab,none | alertdialog:Delete runner? | @button:Delete,0,0,Enter>button:Orbit confirm[none|f=button:Orbit confirm|h=None]@14 ; Tab>button:Cancel[alertdialog:Delete runner?|f=button:Cancel|h=None]@377.4
chromium-dark-desktop › orbit-confirm dlg-enter-tab paced sample 18,orbit-confirm,dialog,dlg-enter-tab,dlg-enter,paced,18,Enter Tab,none | alertdialog:Delete runner? | @button:Delete,0,0,Enter>button:Orbit confirm[none|f=button:Orbit confirm|h=None]@37.2 ; Tab>button:Cancel[alertdialog:Delete runner?|f=button:Cancel|h=None]@367.3
chromium-dark-desktop › orbit-confirm dlg-enter-tab paced sample 19,orbit-confirm,dialog,dlg-enter-tab,dlg-enter,paced,19,Enter Tab,none | alertdialog:Delete runner? | @button:Delete,0,0,Enter>button:Orbit confirm[none|f=button:Orbit confirm|h=None]@16.9 ; Tab>button:Cancel[alertdialog:Delete runner?|f=button:Cancel|h=None]@347.8
chromium-dark-desktop › orbit-dialog dlg-enter-tab-enter burst sample 0,orbit-dialog,dialog,dlg-enter-tab-enter,dlg-enter-enter,burst,0,Enter Tab Enter,ran Close | none | @button:Orbit dialog,0,0,Enter>button:Orbit dialog[none|f=button:Orbit dialog|h=None]@36.5 ; Tab>dialog:Edit workspaceWorkspace [dialog:Edit workspace|f=dialog:Edit workspaceWorkspace |h=None]@58.8 ; Enter>button:Close[dialog:Edit workspace|f=button:Close|h=None]@59.8
chromium-dark-desktop › orbit-dialog dlg-enter-tab-enter burst sample 1,orbit-dialog,dialog,dlg-enter-tab-enter,dlg-enter-enter,burst,1,Enter Tab Enter,ran Close | none | @button:Orbit dialog,0,0,Enter>button:Orbit dialog[none|f=button:Orbit dialog|h=None]@15.5 ; Tab>dialog:Edit workspaceWorkspace [dialog:Edit workspace|f=dialog:Edit workspaceWorkspace |h=None]@33.8 ; Enter>button:Close[dialog:Edit workspace|f=button:Close|h=None]@35.1
chromium-dark-desktop › orbit-dialog dlg-enter-tab-enter burst sample 2,orbit-dialog,dialog,dlg-enter-tab-enter,dlg-enter-enter,burst,2,Enter Tab Enter,ran Close | none | @button:Orbit dialog,0,0,Enter>button:Orbit dialog[none|f=button:Orbit dialog|h=None]@27.5 ; Tab>dialog:Edit workspaceWorkspace [dialog:Edit workspace|f=dialog:Edit workspaceWorkspace |h=None]@42.4 ; Enter>button:Close[dialog:Edit workspace|f=button:Close|h=None]@43.1
chromium-dark-desktop › orbit-dialog dlg-enter-tab-enter burst sample 3,orbit-dialog,dialog,dlg-enter-tab-enter,dlg-enter-enter,burst,3,Enter Tab Enter,ran Close | none | @button:Orbit dialog,0,0,Enter>button:Orbit dialog[none|f=button:Orbit dialog|h=None]@27.6 ; Tab>dialog:Edit workspaceWorkspace [dialog:Edit workspace|f=dialog:Edit workspaceWorkspace |h=None]@48.4 ; Enter>button:Close[dialog:Edit workspace|f=button:Close|h=None]@49.2
chromium-dark-desktop › orbit-dialog dlg-enter-tab-enter burst sample 4,orbit-dialog,dialog,dlg-enter-tab-enter,dlg-enter-enter,burst,4,Enter Tab Enter,ran Close | none | @button:Orbit dialog,0,0,Enter>button:Orbit dialog[none|f=button:Orbit dialog|h=None]@24 ; Tab>dialog:Edit workspaceWorkspace [dialog:Edit workspace|f=dialog:Edit workspaceWorkspace |h=None]@48.5 ; Enter>button:Close[dialog:Edit workspace|f=button:Close|h=None]@49.4
chromium-dark-desktop › orbit-dialog dlg-enter-tab-enter burst sample 5,orbit-dialog,dialog,dlg-enter-tab-enter,dlg-enter-enter,burst,5,Enter Tab Enter,ran Close | none | @button:Orbit dialog,0,0,Enter>button:Orbit dialog[none|f=button:Orbit dialog|h=None]@35.1 ; Tab>dialog:Edit workspaceWorkspace [dialog:Edit workspace|f=dialog:Edit workspaceWorkspace |h=None]@60.9 ; Enter>button:Close[dialog:Edit workspace|f=button:Close|h=None]@62.1
chromium-dark-desktop › orbit-dialog dlg-enter-tab-enter burst sample 6,orbit-dialog,dialog,dlg-enter-tab-enter,dlg-enter-enter,burst,6,Enter Tab Enter,ran Close | none | @button:Orbit dialog,0,0,Enter>button:Orbit dialog[none|f=button:Orbit dialog|h=None]@24.8 ; Tab>dialog:Edit workspaceWorkspace [dialog:Edit workspace|f=dialog:Edit workspaceWorkspace |h=None]@39.6 ; Enter>button:Close[dialog:Edit workspace|f=button:Close|h=None]@40.2
chromium-dark-desktop › orbit-dialog dlg-enter-tab-enter burst sample 7,orbit-dialog,dialog,dlg-enter-tab-enter,dlg-enter-enter,burst,7,Enter Tab Enter,ran Close | none | @button:Orbit dialog,0,0,Enter>button:Orbit dialog[none|f=button:Orbit dialog|h=None]@24.2 ; Tab>dialog:Edit workspaceWorkspace [dialog:Edit workspace|f=dialog:Edit workspaceWorkspace |h=None]@39.3 ; Enter>button:Close[dialog:Edit workspace|f=button:Close|h=None]@40.6
chromium-dark-desktop › orbit-dialog dlg-enter-tab-enter burst sample 8,orbit-dialog,dialog,dlg-enter-tab-enter,dlg-enter-enter,burst,8,Enter Tab Enter,ran Close | none | @button:Orbit dialog,0,0,Enter>button:Orbit dialog[none|f=button:Orbit dialog|h=None]@10.5 ; Tab>dialog:Edit workspaceWorkspace [dialog:Edit workspace|f=dialog:Edit workspaceWorkspace |h=None]@30.9 ; Enter>button:Close[dialog:Edit workspace|f=button:Close|h=None]@32.4
chromium-dark-desktop › orbit-dialog dlg-enter-tab-enter burst sample 9,orbit-dialog,dialog,dlg-enter-tab-enter,dlg-enter-enter,burst,9,Enter Tab Enter,ran Close | none | @button:Orbit dialog,0,0,Enter>button:Orbit dialog[none|f=button:Orbit dialog|h=None]@28.9 ; Tab>dialog:Edit workspaceWorkspace [dialog:Edit workspace|f=dialog:Edit workspaceWorkspace |h=None]@52.8 ; Enter>button:Close[dialog:Edit workspace|f=button:Close|h=None]@54.3
chromium-dark-desktop › orbit-dialog dlg-enter-tab-enter burst sample 10,orbit-dialog,dialog,dlg-enter-tab-enter,dlg-enter-enter,burst,10,Enter Tab Enter,ran Close | none | @button:Orbit dialog,0,0,Enter>button:Orbit dialog[none|f=button:Orbit dialog|h=None]@21.3 ; Tab>dialog:Edit workspaceWorkspace [dialog:Edit workspace|f=dialog:Edit workspaceWorkspace |h=None]@48.4 ; Enter>button:Close[dialog:Edit workspace|f=button:Close|h=None]@49.9
chromium-dark-desktop › orbit-dialog dlg-enter-tab-enter burst sample 11,orbit-dialog,dialog,dlg-enter-tab-enter,dlg-enter-enter,burst,11,Enter Tab Enter,ran Close | none | @button:Orbit dialog,0,0,Enter>button:Orbit dialog[none|f=button:Orbit dialog|h=None]@27.3 ; Tab>dialog:Edit workspaceWorkspace [dialog:Edit workspace|f=dialog:Edit workspaceWorkspace |h=None]@52 ; Enter>button:Close[dialog:Edit workspace|f=button:Close|h=None]@52.8
chromium-dark-desktop › orbit-dialog dlg-enter-tab-enter burst sample 12,orbit-dialog,dialog,dlg-enter-tab-enter,dlg-enter-enter,burst,12,Enter Tab Enter,ran Close | none | @button:Orbit dialog,0,0,Enter>button:Orbit dialog[none|f=button:Orbit dialog|h=None]@17.1 ; Tab>dialog:Edit workspaceWorkspace [dialog:Edit workspace|f=dialog:Edit workspaceWorkspace |h=None]@39.4 ; Enter>button:Close[dialog:Edit workspace|f=button:Close|h=None]@41.2
chromium-dark-desktop › orbit-dialog dlg-enter-tab-enter burst sample 13,orbit-dialog,dialog,dlg-enter-tab-enter,dlg-enter-enter,burst,13,Enter Tab Enter,ran Close | none | @button:Orbit dialog,0,0,Enter>button:Orbit dialog[none|f=button:Orbit dialog|h=None]@27.2 ; Tab>dialog:Edit workspaceWorkspace [dialog:Edit workspace|f=dialog:Edit workspaceWorkspace |h=None]@42.9 ; Enter>button:Close[dialog:Edit workspace|f=button:Close|h=None]@43.6
chromium-dark-desktop › orbit-dialog dlg-enter-tab-enter burst sample 14,orbit-dialog,dialog,dlg-enter-tab-enter,dlg-enter-enter,burst,14,Enter Tab Enter,ran Close | none | @button:Orbit dialog,0,0,Enter>button:Orbit dialog[none|f=button:Orbit dialog|h=None]@25 ; Tab>dialog:Edit workspaceWorkspace [dialog:Edit workspace|f=dialog:Edit workspaceWorkspace |h=None]@40.7 ; Enter>button:Close[dialog:Edit workspace|f=button:Close|h=None]@41.4
chromium-dark-desktop › orbit-dialog dlg-enter-tab-enter burst sample 15,orbit-dialog,dialog,dlg-enter-tab-enter,dlg-enter-enter,burst,15,Enter Tab Enter,ran Close | none | @button:Orbit dialog,0,0,Enter>button:Orbit dialog[none|f=button:Orbit dialog|h=None]@18.3 ; Tab>dialog:Edit workspaceWorkspace [dialog:Edit workspace|f=dialog:Edit workspaceWorkspace |h=None]@33.6 ; Enter>button:Close[dialog:Edit workspace|f=button:Close|h=None]@34.2
chromium-dark-desktop › orbit-dialog dlg-enter-tab-enter burst sample 16,orbit-dialog,dialog,dlg-enter-tab-enter,dlg-enter-enter,burst,16,Enter Tab Enter,ran Close | none | @button:Orbit dialog,0,0,Enter>button:Orbit dialog[none|f=button:Orbit dialog|h=None]@24.1 ; Tab>dialog:Edit workspaceWorkspace [dialog:Edit workspace|f=dialog:Edit workspaceWorkspace |h=None]@48.8 ; Enter>button:Close[dialog:Edit workspace|f=button:Close|h=None]@50.5
chromium-dark-desktop › orbit-dialog dlg-enter-tab-enter burst sample 17,orbit-dialog,dialog,dlg-enter-tab-enter,dlg-enter-enter,burst,17,Enter Tab Enter,ran Close | none | @button:Orbit dialog,0,0,Enter>button:Orbit dialog[none|f=button:Orbit dialog|h=None]@20 ; Tab>dialog:Edit workspaceWorkspace [dialog:Edit workspace|f=dialog:Edit workspaceWorkspace |h=None]@41.6 ; Enter>button:Close[dialog:Edit workspace|f=button:Close|h=None]@42.6
chromium-dark-desktop › orbit-dialog dlg-enter-tab-enter burst sample 18,orbit-dialog,dialog,dlg-enter-tab-enter,dlg-enter-enter,burst,18,Enter Tab Enter,ran Close | none | @button:Orbit dialog,0,0,Enter>button:Orbit dialog[none|f=button:Orbit dialog|h=None]@24 ; Tab>dialog:Edit workspaceWorkspace [dialog:Edit workspace|f=dialog:Edit workspaceWorkspace |h=None]@44.7 ; Enter>button:Close[dialog:Edit workspace|f=button:Close|h=None]@45.6
chromium-dark-desktop › orbit-dialog dlg-enter-tab-enter burst sample 19,orbit-dialog,dialog,dlg-enter-tab-enter,dlg-enter-enter,burst,19,Enter Tab Enter,ran Close | none | @button:Orbit dialog,0,0,Enter>button:Orbit dialog[none|f=button:Orbit dialog|h=None]@25 ; Tab>dialog:Edit workspaceWorkspace [dialog:Edit workspace|f=dialog:Edit workspaceWorkspace |h=None]@45.8 ; Enter>button:Close[dialog:Edit workspace|f=button:Close|h=None]@46.8
chromium-dark-desktop › orbit-dialog dlg-enter-tab-enter paced sample 0,orbit-dialog,dialog,dlg-enter-tab-enter,dlg-enter-enter,paced,0,Enter Tab Enter,ran Close | none | @button:Orbit dialog,0,0,Enter>button:Orbit dialog[none|f=button:Orbit dialog|h=None]@20.3 ; Tab>dialog:Edit workspaceWorkspace [dialog:Edit workspace|f=dialog:Edit workspaceWorkspace |h=None]@351.5 ; Enter>button:Close[dialog:Edit workspace|f=button:Close|h=None]@662.2
chromium-dark-desktop › orbit-dialog dlg-enter-tab-enter paced sample 1,orbit-dialog,dialog,dlg-enter-tab-enter,dlg-enter-enter,paced,1,Enter Tab Enter,ran Close | none | @button:Orbit dialog,0,0,Enter>button:Orbit dialog[none|f=button:Orbit dialog|h=None]@27.5 ; Tab>dialog:Edit workspaceWorkspace [dialog:Edit workspace|f=dialog:Edit workspaceWorkspace |h=None]@358.9 ; Enter>button:Close[dialog:Edit workspace|f=button:Close|h=None]@668.1
chromium-dark-desktop › orbit-dialog dlg-enter-tab-enter paced sample 2,orbit-dialog,dialog,dlg-enter-tab-enter,dlg-enter-enter,paced,2,Enter Tab Enter,ran Close | none | @button:Orbit dialog,0,0,Enter>button:Orbit dialog[none|f=button:Orbit dialog|h=None]@28 ; Tab>dialog:Edit workspaceWorkspace [dialog:Edit workspace|f=dialog:Edit workspaceWorkspace |h=None]@365.8 ; Enter>button:Close[dialog:Edit workspace|f=button:Close|h=None]@681
chromium-dark-desktop › orbit-dialog dlg-enter-tab-enter paced sample 3,orbit-dialog,dialog,dlg-enter-tab-enter,dlg-enter-enter,paced,3,Enter Tab Enter,ran Close | none | @button:Orbit dialog,0,0,Enter>button:Orbit dialog[none|f=button:Orbit dialog|h=None]@30.4 ; Tab>dialog:Edit workspaceWorkspace [dialog:Edit workspace|f=dialog:Edit workspaceWorkspace |h=None]@371.8 ; Enter>button:Close[dialog:Edit workspace|f=button:Close|h=None]@690
chromium-dark-desktop › orbit-dialog dlg-enter-tab-enter paced sample 4,orbit-dialog,dialog,dlg-enter-tab-enter,dlg-enter-enter,paced,4,Enter Tab Enter,ran Close | none | @button:Orbit dialog,0,0,Enter>button:Orbit dialog[none|f=button:Orbit dialog|h=None]@34 ; Tab>dialog:Edit workspaceWorkspace [dialog:Edit workspace|f=dialog:Edit workspaceWorkspace |h=None]@368.8 ; Enter>button:Close[dialog:Edit workspace|f=button:Close|h=None]@684.1
chromium-dark-desktop › orbit-dialog dlg-enter-tab-enter paced sample 5,orbit-dialog,dialog,dlg-enter-tab-enter,dlg-enter-enter,paced,5,Enter Tab Enter,ran Close | none | @button:Orbit dialog,0,0,Enter>button:Orbit dialog[none|f=button:Orbit dialog|h=None]@23.5 ; Tab>dialog:Edit workspaceWorkspace [dialog:Edit workspace|f=dialog:Edit workspaceWorkspace |h=None]@352.6 ; Enter>button:Close[dialog:Edit workspace|f=button:Close|h=None]@659.8
chromium-dark-desktop › orbit-dialog dlg-enter-tab-enter paced sample 6,orbit-dialog,dialog,dlg-enter-tab-enter,dlg-enter-enter,paced,6,Enter Tab Enter,ran Close | none | @button:Orbit dialog,0,0,Enter>button:Orbit dialog[none|f=button:Orbit dialog|h=None]@15.3 ; Tab>dialog:Edit workspaceWorkspace [dialog:Edit workspace|f=dialog:Edit workspaceWorkspace |h=None]@345.3 ; Enter>button:Close[dialog:Edit workspace|f=button:Close|h=None]@671.5
chromium-dark-desktop › orbit-dialog dlg-enter-tab-enter paced sample 7,orbit-dialog,dialog,dlg-enter-tab-enter,dlg-enter-enter,paced,7,Enter Tab Enter,ran Close | none | @button:Orbit dialog,0,0,Enter>button:Orbit dialog[none|f=button:Orbit dialog|h=None]@33.6 ; Tab>dialog:Edit workspaceWorkspace [dialog:Edit workspace|f=dialog:Edit workspaceWorkspace |h=None]@360.2 ; Enter>button:Close[dialog:Edit workspace|f=button:Close|h=None]@669.6
chromium-dark-desktop › orbit-dialog dlg-enter-tab-enter paced sample 8,orbit-dialog,dialog,dlg-enter-tab-enter,dlg-enter-enter,paced,8,Enter Tab Enter,ran Close | none | @button:Orbit dialog,0,0,Enter>button:Orbit dialog[none|f=button:Orbit dialog|h=None]@17.8 ; Tab>dialog:Edit workspaceWorkspace [dialog:Edit workspace|f=dialog:Edit workspaceWorkspace |h=None]@347.6 ; Enter>button:Close[dialog:Edit workspace|f=button:Close|h=None]@655.5
chromium-dark-desktop › orbit-dialog dlg-enter-tab-enter paced sample 9,orbit-dialog,dialog,dlg-enter-tab-enter,dlg-enter-enter,paced,9,Enter Tab Enter,ran Close | none | @button:Orbit dialog,0,0,Enter>button:Orbit dialog[none|f=button:Orbit dialog|h=None]@31.1 ; Tab>dialog:Edit workspaceWorkspace [dialog:Edit workspace|f=dialog:Edit workspaceWorkspace |h=None]@372.9 ; Enter>button:Close[dialog:Edit workspace|f=button:Close|h=None]@696.9
chromium-dark-desktop › orbit-dialog dlg-enter-tab-enter paced sample 10,orbit-dialog,dialog,dlg-enter-tab-enter,dlg-enter-enter,paced,10,Enter Tab Enter,ran Close | none | @button:Orbit dialog,0,0,Enter>button:Orbit dialog[none|f=button:Orbit dialog|h=None]@25.9 ; Tab>dialog:Edit workspaceWorkspace [dialog:Edit workspace|f=dialog:Edit workspaceWorkspace |h=None]@367.8 ; Enter>button:Close[dialog:Edit workspace|f=button:Close|h=None]@674.3
chromium-dark-desktop › orbit-dialog dlg-enter-tab-enter paced sample 11,orbit-dialog,dialog,dlg-enter-tab-enter,dlg-enter-enter,paced,11,Enter Tab Enter,ran Close | none | @button:Orbit dialog,0,0,Enter>button:Orbit dialog[none|f=button:Orbit dialog|h=None]@36.5 ; Tab>dialog:Edit workspaceWorkspace [dialog:Edit workspace|f=dialog:Edit workspaceWorkspace |h=None]@365.2 ; Enter>button:Close[dialog:Edit workspace|f=button:Close|h=None]@675.7
chromium-dark-desktop › orbit-dialog dlg-enter-tab-enter paced sample 12,orbit-dialog,dialog,dlg-enter-tab-enter,dlg-enter-enter,paced,12,Enter Tab Enter,ran Close | none | @button:Orbit dialog,0,0,Enter>button:Orbit dialog[none|f=button:Orbit dialog|h=None]@25.3 ; Tab>dialog:Edit workspaceWorkspace [dialog:Edit workspace|f=dialog:Edit workspaceWorkspace |h=None]@362.3 ; Enter>button:Close[dialog:Edit workspace|f=button:Close|h=None]@671.4
chromium-dark-desktop › orbit-dialog dlg-enter-tab-enter paced sample 13,orbit-dialog,dialog,dlg-enter-tab-enter,dlg-enter-enter,paced,13,Enter Tab Enter,ran Close | none | @button:Orbit dialog,0,0,Enter>button:Orbit dialog[none|f=button:Orbit dialog|h=None]@21.4 ; Tab>dialog:Edit workspaceWorkspace [dialog:Edit workspace|f=dialog:Edit workspaceWorkspace |h=None]@364.3 ; Enter>button:Close[dialog:Edit workspace|f=button:Close|h=None]@721.1
chromium-dark-desktop › orbit-dialog dlg-enter-tab-enter paced sample 14,orbit-dialog,dialog,dlg-enter-tab-enter,dlg-enter-enter,paced,14,Enter Tab Enter,ran Close | none | @button:Orbit dialog,0,0,Enter>button:Orbit dialog[none|f=button:Orbit dialog|h=None]@23.6 ; Tab>dialog:Edit workspaceWorkspace [dialog:Edit workspace|f=dialog:Edit workspaceWorkspace |h=None]@354.9 ; Enter>button:Close[dialog:Edit workspace|f=button:Close|h=None]@679.8
chromium-dark-desktop › orbit-dialog dlg-enter-tab-enter paced sample 15,orbit-dialog,dialog,dlg-enter-tab-enter,dlg-enter-enter,paced,15,Enter Tab Enter,ran Close | none | @button:Orbit dialog,0,0,Enter>button:Orbit dialog[none|f=button:Orbit dialog|h=None]@15.4 ; Tab>dialog:Edit workspaceWorkspace [dialog:Edit workspace|f=dialog:Edit workspaceWorkspace |h=None]@358.5 ; Enter>button:Close[dialog:Edit workspace|f=button:Close|h=None]@665.5
chromium-dark-desktop › orbit-dialog dlg-enter-tab-enter paced sample 16,orbit-dialog,dialog,dlg-enter-tab-enter,dlg-enter-enter,paced,16,Enter Tab Enter,ran Close | none | @button:Orbit dialog,0,0,Enter>button:Orbit dialog[none|f=button:Orbit dialog|h=None]@26.1 ; Tab>dialog:Edit workspaceWorkspace [dialog:Edit workspace|f=dialog:Edit workspaceWorkspace |h=None]@355.4 ; Enter>button:Close[dialog:Edit workspace|f=button:Close|h=None]@669.6
chromium-dark-desktop › orbit-dialog dlg-enter-tab-enter paced sample 17,orbit-dialog,dialog,dlg-enter-tab-enter,dlg-enter-enter,paced,17,Enter Tab Enter,ran Close | none | @button:Orbit dialog,0,0,Enter>button:Orbit dialog[none|f=button:Orbit dialog|h=None]@24.2 ; Tab>dialog:Edit workspaceWorkspace [dialog:Edit workspace|f=dialog:Edit workspaceWorkspace |h=None]@349.7 ; Enter>button:Close[dialog:Edit workspace|f=button:Close|h=None]@663
chromium-dark-desktop › orbit-dialog dlg-enter-tab-enter paced sample 18,orbit-dialog,dialog,dlg-enter-tab-enter,dlg-enter-enter,paced,18,Enter Tab Enter,ran Close | none | @button:Orbit dialog,0,0,Enter>button:Orbit dialog[none|f=button:Orbit dialog|h=None]@18.4 ; Tab>dialog:Edit workspaceWorkspace [dialog:Edit workspace|f=dialog:Edit workspaceWorkspace |h=None]@341.7 ; Enter>button:Close[dialog:Edit workspace|f=button:Close|h=None]@652.8
chromium-dark-desktop › orbit-dialog dlg-enter-tab-enter paced sample 19,orbit-dialog,dialog,dlg-enter-tab-enter,dlg-enter-enter,paced,19,Enter Tab Enter,ran Close | none | @button:Orbit dialog,0,0,Enter>button:Orbit dialog[none|f=button:Orbit dialog|h=None]@15.1 ; Tab>dialog:Edit workspaceWorkspace [dialog:Edit workspace|f=dialog:Edit workspaceWorkspace |h=None]@354.6 ; Enter>button:Close[dialog:Edit workspace|f=button:Close|h=None]@664.7
chromium-dark-desktop › orbit-confirm dlg-enter-tab-enter burst sample 0,orbit-confirm,dialog,dlg-enter-tab-enter,dlg-enter-enter,burst,0,Enter Tab Enter,ran Delete | none | @button:Orbit confirm,0,0,Enter>button:Orbit confirm[none|f=button:Orbit confirm|h=None]@19 ; Tab>button:Cancel[alertdialog:Delete runner?|f=button:Cancel|h=None]@46.6 ; Enter>button:Delete[alertdialog:Delete runner?|f=button:Delete|h=None]@47.6
chromium-dark-desktop › orbit-confirm dlg-enter-tab-enter burst sample 1,orbit-confirm,dialog,dlg-enter-tab-enter,dlg-enter-enter,burst,1,Enter Tab Enter,ran Delete | none | @button:Orbit confirm,0,0,Enter>button:Orbit confirm[none|f=button:Orbit confirm|h=None]@25 ; Tab>button:Cancel[alertdialog:Delete runner?|f=button:Cancel|h=None]@42.1 ; Enter>button:Delete[alertdialog:Delete runner?|f=button:Delete|h=None]@42.8
chromium-dark-desktop › orbit-confirm dlg-enter-tab-enter burst sample 2,orbit-confirm,dialog,dlg-enter-tab-enter,dlg-enter-enter,burst,2,Enter Tab Enter,ran Delete | none | @button:Orbit confirm,0,0,Enter>button:Orbit confirm[none|f=button:Orbit confirm|h=None]@20.9 ; Tab>button:Cancel[alertdialog:Delete runner?|f=button:Cancel|h=None]@39.5 ; Enter>button:Delete[alertdialog:Delete runner?|f=button:Delete|h=None]@40.4
chromium-dark-desktop › orbit-confirm dlg-enter-tab-enter burst sample 3,orbit-confirm,dialog,dlg-enter-tab-enter,dlg-enter-enter,burst,3,Enter Tab Enter,ran Delete | none | @button:Orbit confirm,0,0,Enter>button:Orbit confirm[none|f=button:Orbit confirm|h=None]@27.9 ; Tab>button:Cancel[alertdialog:Delete runner?|f=button:Cancel|h=None]@44.6 ; Enter>button:Delete[alertdialog:Delete runner?|f=button:Delete|h=None]@45.4
chromium-dark-desktop › orbit-confirm dlg-enter-tab-enter burst sample 4,orbit-confirm,dialog,dlg-enter-tab-enter,dlg-enter-enter,burst,4,Enter Tab Enter,ran Delete | none | @button:Orbit confirm,0,0,Enter>button:Orbit confirm[none|f=button:Orbit confirm|h=None]@23.6 ; Tab>button:Cancel[alertdialog:Delete runner?|f=button:Cancel|h=None]@51.8 ; Enter>button:Delete[alertdialog:Delete runner?|f=button:Delete|h=None]@52.7
chromium-dark-desktop › orbit-confirm dlg-enter-tab-enter burst sample 5,orbit-confirm,dialog,dlg-enter-tab-enter,dlg-enter-enter,burst,5,Enter Tab Enter,ran Delete | none | @button:Orbit confirm,0,0,Enter>button:Orbit confirm[none|f=button:Orbit confirm|h=None]@30.8 ; Tab>button:Cancel[alertdialog:Delete runner?|f=button:Cancel|h=None]@52.9 ; Enter>button:Delete[alertdialog:Delete runner?|f=button:Delete|h=None]@54.1
chromium-dark-desktop › orbit-confirm dlg-enter-tab-enter burst sample 6,orbit-confirm,dialog,dlg-enter-tab-enter,dlg-enter-enter,burst,6,Enter Tab Enter,ran Delete | none | @button:Orbit confirm,0,0,Enter>button:Orbit confirm[none|f=button:Orbit confirm|h=None]@27.8 ; Tab>button:Cancel[alertdialog:Delete runner?|f=button:Cancel|h=None]@54.2 ; Enter>button:Delete[alertdialog:Delete runner?|f=button:Delete|h=None]@55.2
chromium-dark-desktop › orbit-confirm dlg-enter-tab-enter burst sample 7,orbit-confirm,dialog,dlg-enter-tab-enter,dlg-enter-enter,burst,7,Enter Tab Enter,ran Delete | none | @button:Orbit confirm,0,0,Enter>button:Orbit confirm[none|f=button:Orbit confirm|h=None]@33.4 ; Tab>button:Cancel[alertdialog:Delete runner?|f=button:Cancel|h=None]@52.6 ; Enter>button:Delete[alertdialog:Delete runner?|f=button:Delete|h=None]@53.5
chromium-dark-desktop › orbit-confirm dlg-enter-tab-enter burst sample 8,orbit-confirm,dialog,dlg-enter-tab-enter,dlg-enter-enter,burst,8,Enter Tab Enter,ran Delete | none | @button:Orbit confirm,0,0,Enter>button:Orbit confirm[none|f=button:Orbit confirm|h=None]@24.3 ; Tab>button:Cancel[alertdialog:Delete runner?|f=button:Cancel|h=None]@40 ; Enter>button:Delete[alertdialog:Delete runner?|f=button:Delete|h=None]@41.1
chromium-dark-desktop › orbit-confirm dlg-enter-tab-enter burst sample 9,orbit-confirm,dialog,dlg-enter-tab-enter,dlg-enter-enter,burst,9,Enter Tab Enter,ran Delete | none | @button:Orbit confirm,0,0,Enter>button:Orbit confirm[none|f=button:Orbit confirm|h=None]@30.4 ; Tab>button:Cancel[alertdialog:Delete runner?|f=button:Cancel|h=None]@53.7 ; Enter>button:Delete[alertdialog:Delete runner?|f=button:Delete|h=None]@54.7
chromium-dark-desktop › orbit-confirm dlg-enter-tab-enter burst sample 10,orbit-confirm,dialog,dlg-enter-tab-enter,dlg-enter-enter,burst,10,Enter Tab Enter,ran Delete | none | @button:Orbit confirm,0,0,Enter>button:Orbit confirm[none|f=button:Orbit confirm|h=None]@31.2 ; Tab>button:Cancel[alertdialog:Delete runner?|f=button:Cancel|h=None]@45.4 ; Enter>button:Delete[alertdialog:Delete runner?|f=button:Delete|h=None]@46.1
chromium-dark-desktop › orbit-confirm dlg-enter-tab-enter burst sample 11,orbit-confirm,dialog,dlg-enter-tab-enter,dlg-enter-enter,burst,11,Enter Tab Enter,ran Delete | none | @button:Orbit confirm,0,0,Enter>button:Orbit confirm[none|f=button:Orbit confirm|h=None]@32.1 ; Tab>button:Cancel[alertdialog:Delete runner?|f=button:Cancel|h=None]@54.7 ; Enter>button:Delete[alertdialog:Delete runner?|f=button:Delete|h=None]@55.7
chromium-dark-desktop › orbit-confirm dlg-enter-tab-enter burst sample 12,orbit-confirm,dialog,dlg-enter-tab-enter,dlg-enter-enter,burst,12,Enter Tab Enter,ran Delete | none | @button:Orbit confirm,0,0,Enter>button:Orbit confirm[none|f=button:Orbit confirm|h=None]@26.4 ; Tab>button:Cancel[alertdialog:Delete runner?|f=button:Cancel|h=None]@51.2 ; Enter>button:Delete[alertdialog:Delete runner?|f=button:Delete|h=None]@52.9
chromium-dark-desktop › orbit-confirm dlg-enter-tab-enter burst sample 13,orbit-confirm,dialog,dlg-enter-tab-enter,dlg-enter-enter,burst,13,Enter Tab Enter,ran Delete | none | @button:Orbit confirm,0,0,Enter>button:Orbit confirm[none|f=button:Orbit confirm|h=None]@25.7 ; Tab>button:Cancel[alertdialog:Delete runner?|f=button:Cancel|h=None]@44.1 ; Enter>button:Delete[alertdialog:Delete runner?|f=button:Delete|h=None]@44.8
chromium-dark-desktop › orbit-confirm dlg-enter-tab-enter burst sample 14,orbit-confirm,dialog,dlg-enter-tab-enter,dlg-enter-enter,burst,14,Enter Tab Enter,ran Delete | none | @button:Orbit confirm,0,0,Enter>button:Orbit confirm[none|f=button:Orbit confirm|h=None]@22.2 ; Tab>button:Cancel[alertdialog:Delete runner?|f=button:Cancel|h=None]@38.7 ; Enter>button:Delete[alertdialog:Delete runner?|f=button:Delete|h=None]@39.3
chromium-dark-desktop › orbit-confirm dlg-enter-tab-enter burst sample 15,orbit-confirm,dialog,dlg-enter-tab-enter,dlg-enter-enter,burst,15,Enter Tab Enter,ran Delete | none | @button:Orbit confirm,0,0,Enter>button:Orbit confirm[none|f=button:Orbit confirm|h=None]@26 ; Tab>button:Cancel[alertdialog:Delete runner?|f=button:Cancel|h=None]@45.5 ; Enter>button:Delete[alertdialog:Delete runner?|f=button:Delete|h=None]@46.5
chromium-dark-desktop › orbit-confirm dlg-enter-tab-enter burst sample 16,orbit-confirm,dialog,dlg-enter-tab-enter,dlg-enter-enter,burst,16,Enter Tab Enter,ran Delete | none | @button:Orbit confirm,0,0,Enter>button:Orbit confirm[none|f=button:Orbit confirm|h=None]@27.7 ; Tab>button:Cancel[alertdialog:Delete runner?|f=button:Cancel|h=None]@41.6 ; Enter>button:Delete[alertdialog:Delete runner?|f=button:Delete|h=None]@42.1
chromium-dark-desktop › orbit-confirm dlg-enter-tab-enter burst sample 17,orbit-confirm,dialog,dlg-enter-tab-enter,dlg-enter-enter,burst,17,Enter Tab Enter,ran Delete | none | @button:Orbit confirm,0,0,Enter>button:Orbit confirm[none|f=button:Orbit confirm|h=None]@28 ; Tab>button:Cancel[alertdialog:Delete runner?|f=button:Cancel|h=None]@46 ; Enter>button:Delete[alertdialog:Delete runner?|f=button:Delete|h=None]@46.7
chromium-dark-desktop › orbit-confirm dlg-enter-tab-enter burst sample 18,orbit-confirm,dialog,dlg-enter-tab-enter,dlg-enter-enter,burst,18,Enter Tab Enter,ran Delete | none | @button:Orbit confirm,0,0,Enter>button:Orbit confirm[none|f=button:Orbit confirm|h=None]@17.2 ; Tab>button:Cancel[alertdialog:Delete runner?|f=button:Cancel|h=None]@45.1 ; Enter>button:Delete[alertdialog:Delete runner?|f=button:Delete|h=None]@46.5
chromium-dark-desktop › orbit-confirm dlg-enter-tab-enter burst sample 19,orbit-confirm,dialog,dlg-enter-tab-enter,dlg-enter-enter,burst,19,Enter Tab Enter,ran Delete | none | @button:Orbit confirm,0,0,Enter>button:Orbit confirm[none|f=button:Orbit confirm|h=None]@15.2 ; Tab>button:Cancel[alertdialog:Delete runner?|f=button:Cancel|h=None]@46 ; Enter>button:Delete[alertdialog:Delete runner?|f=button:Delete|h=None]@46.9
chromium-dark-desktop › orbit-confirm dlg-enter-tab-enter paced sample 0,orbit-confirm,dialog,dlg-enter-tab-enter,dlg-enter-enter,paced,0,Enter Tab Enter,ran Delete | none | @button:Orbit confirm,0,0,Enter>button:Orbit confirm[none|f=button:Orbit confirm|h=None]@25.2 ; Tab>button:Cancel[alertdialog:Delete runner?|f=button:Cancel|h=None]@368.5 ; Enter>button:Delete[alertdialog:Delete runner?|f=button:Delete|h=None]@675.8
chromium-dark-desktop › orbit-confirm dlg-enter-tab-enter paced sample 1,orbit-confirm,dialog,dlg-enter-tab-enter,dlg-enter-enter,paced,1,Enter Tab Enter,ran Delete | none | @button:Orbit confirm,0,0,Enter>button:Orbit confirm[none|f=button:Orbit confirm|h=None]@22.4 ; Tab>button:Cancel[alertdialog:Delete runner?|f=button:Cancel|h=None]@348.5 ; Enter>button:Delete[alertdialog:Delete runner?|f=button:Delete|h=None]@655.7
chromium-dark-desktop › orbit-confirm dlg-enter-tab-enter paced sample 2,orbit-confirm,dialog,dlg-enter-tab-enter,dlg-enter-enter,paced,2,Enter Tab Enter,ran Delete | none | @button:Orbit confirm,0,0,Enter>button:Orbit confirm[none|f=button:Orbit confirm|h=None]@17.5 ; Tab>button:Cancel[alertdialog:Delete runner?|f=button:Cancel|h=None]@343.4 ; Enter>button:Delete[alertdialog:Delete runner?|f=button:Delete|h=None]@652
chromium-dark-desktop › orbit-confirm dlg-enter-tab-enter paced sample 3,orbit-confirm,dialog,dlg-enter-tab-enter,dlg-enter-enter,paced,3,Enter Tab Enter,ran Delete | none | @button:Orbit confirm,0,0,Enter>button:Orbit confirm[none|f=button:Orbit confirm|h=None]@20.7 ; Tab>button:Cancel[alertdialog:Delete runner?|f=button:Cancel|h=None]@343.7 ; Enter>button:Delete[alertdialog:Delete runner?|f=button:Delete|h=None]@649.7
chromium-dark-desktop › orbit-confirm dlg-enter-tab-enter paced sample 4,orbit-confirm,dialog,dlg-enter-tab-enter,dlg-enter-enter,paced,4,Enter Tab Enter,ran Delete | none | @button:Orbit confirm,0,0,Enter>button:Orbit confirm[none|f=button:Orbit confirm|h=None]@26.2 ; Tab>button:Cancel[alertdialog:Delete runner?|f=button:Cancel|h=None]@359.7 ; Enter>button:Delete[alertdialog:Delete runner?|f=button:Delete|h=None]@679.4
chromium-dark-desktop › orbit-confirm dlg-enter-tab-enter paced sample 5,orbit-confirm,dialog,dlg-enter-tab-enter,dlg-enter-enter,paced,5,Enter Tab Enter,ran Delete | none | @button:Orbit confirm,0,0,Enter>button:Orbit confirm[none|f=button:Orbit confirm|h=None]@37.1 ; Tab>button:Cancel[alertdialog:Delete runner?|f=button:Cancel|h=None]@366.9 ; Enter>button:Delete[alertdialog:Delete runner?|f=button:Delete|h=None]@676
chromium-dark-desktop › orbit-confirm dlg-enter-tab-enter paced sample 6,orbit-confirm,dialog,dlg-enter-tab-enter,dlg-enter-enter,paced,6,Enter Tab Enter,ran Delete | none | @button:Orbit confirm,0,0,Enter>button:Orbit confirm[none|f=button:Orbit confirm|h=None]@30.4 ; Tab>button:Cancel[alertdialog:Delete runner?|f=button:Cancel|h=None]@363.9 ; Enter>button:Delete[alertdialog:Delete runner?|f=button:Delete|h=None]@672.1
chromium-dark-desktop › orbit-confirm dlg-enter-tab-enter paced sample 7,orbit-confirm,dialog,dlg-enter-tab-enter,dlg-enter-enter,paced,7,Enter Tab Enter,ran Delete | none | @button:Orbit confirm,0,0,Enter>button:Orbit confirm[none|f=button:Orbit confirm|h=None]@22.4 ; Tab>button:Cancel[alertdialog:Delete runner?|f=button:Cancel|h=None]@348 ; Enter>button:Delete[alertdialog:Delete runner?|f=button:Delete|h=None]@655.1
chromium-dark-desktop › orbit-confirm dlg-enter-tab-enter paced sample 8,orbit-confirm,dialog,dlg-enter-tab-enter,dlg-enter-enter,paced,8,Enter Tab Enter,ran Delete | none | @button:Orbit confirm,0,0,Enter>button:Orbit confirm[none|f=button:Orbit confirm|h=None]@30.1 ; Tab>button:Cancel[alertdialog:Delete runner?|f=button:Cancel|h=None]@358.8 ; Enter>button:Delete[alertdialog:Delete runner?|f=button:Delete|h=None]@675.5
chromium-dark-desktop › orbit-confirm dlg-enter-tab-enter paced sample 9,orbit-confirm,dialog,dlg-enter-tab-enter,dlg-enter-enter,paced,9,Enter Tab Enter,ran Delete | none | @button:Orbit confirm,0,0,Enter>button:Orbit confirm[none|f=button:Orbit confirm|h=None]@34.3 ; Tab>button:Cancel[alertdialog:Delete runner?|f=button:Cancel|h=None]@361.5 ; Enter>button:Delete[alertdialog:Delete runner?|f=button:Delete|h=None]@669.1
chromium-dark-desktop › orbit-confirm dlg-enter-tab-enter paced sample 10,orbit-confirm,dialog,dlg-enter-tab-enter,dlg-enter-enter,paced,10,Enter Tab Enter,ran Delete | none | @button:Orbit confirm,0,0,Enter>button:Orbit confirm[none|f=button:Orbit confirm|h=None]@31.1 ; Tab>button:Cancel[alertdialog:Delete runner?|f=button:Cancel|h=None]@390.3 ; Enter>button:Delete[alertdialog:Delete runner?|f=button:Delete|h=None]@695.7
chromium-dark-desktop › orbit-confirm dlg-enter-tab-enter paced sample 11,orbit-confirm,dialog,dlg-enter-tab-enter,dlg-enter-enter,paced,11,Enter Tab Enter,ran Delete | none | @button:Orbit confirm,0,0,Enter>button:Orbit confirm[none|f=button:Orbit confirm|h=None]@24.8 ; Tab>button:Cancel[alertdialog:Delete runner?|f=button:Cancel|h=None]@346.2 ; Enter>button:Delete[alertdialog:Delete runner?|f=button:Delete|h=None]@670.6
chromium-dark-desktop › orbit-confirm dlg-enter-tab-enter paced sample 12,orbit-confirm,dialog,dlg-enter-tab-enter,dlg-enter-enter,paced,12,Enter Tab Enter,ran Delete | none | @button:Orbit confirm,0,0,Enter>button:Orbit confirm[none|f=button:Orbit confirm|h=None]@23.4 ; Tab>button:Cancel[alertdialog:Delete runner?|f=button:Cancel|h=None]@355.8 ; Enter>button:Delete[alertdialog:Delete runner?|f=button:Delete|h=None]@673
chromium-dark-desktop › orbit-confirm dlg-enter-tab-enter paced sample 13,orbit-confirm,dialog,dlg-enter-tab-enter,dlg-enter-enter,paced,13,Enter Tab Enter,ran Delete | none | @button:Orbit confirm,0,0,Enter>button:Orbit confirm[none|f=button:Orbit confirm|h=None]@27.6 ; Tab>button:Cancel[alertdialog:Delete runner?|f=button:Cancel|h=None]@356.6 ; Enter>button:Delete[alertdialog:Delete runner?|f=button:Delete|h=None]@663.6
chromium-dark-desktop › orbit-confirm dlg-enter-tab-enter paced sample 14,orbit-confirm,dialog,dlg-enter-tab-enter,dlg-enter-enter,paced,14,Enter Tab Enter,ran Delete | none | @button:Orbit confirm,0,0,Enter>button:Orbit confirm[none|f=button:Orbit confirm|h=None]@21 ; Tab>button:Cancel[alertdialog:Delete runner?|f=button:Cancel|h=None]@353.5 ; Enter>button:Delete[alertdialog:Delete runner?|f=button:Delete|h=None]@663.3
chromium-dark-desktop › orbit-confirm dlg-enter-tab-enter paced sample 15,orbit-confirm,dialog,dlg-enter-tab-enter,dlg-enter-enter,paced,15,Enter Tab Enter,ran Delete | none | @button:Orbit confirm,0,0,Enter>button:Orbit confirm[none|f=button:Orbit confirm|h=None]@19.2 ; Tab>button:Cancel[alertdialog:Delete runner?|f=button:Cancel|h=None]@376.3 ; Enter>button:Delete[alertdialog:Delete runner?|f=button:Delete|h=None]@683.9
chromium-dark-desktop › orbit-confirm dlg-enter-tab-enter paced sample 16,orbit-confirm,dialog,dlg-enter-tab-enter,dlg-enter-enter,paced,16,Enter Tab Enter,ran Delete | none | @button:Orbit confirm,0,0,Enter>button:Orbit confirm[none|f=button:Orbit confirm|h=None]@32.9 ; Tab>button:Cancel[alertdialog:Delete runner?|f=button:Cancel|h=None]@363.1 ; Enter>button:Delete[alertdialog:Delete runner?|f=button:Delete|h=None]@671
chromium-dark-desktop › orbit-confirm dlg-enter-tab-enter paced sample 17,orbit-confirm,dialog,dlg-enter-tab-enter,dlg-enter-enter,paced,17,Enter Tab Enter,ran Delete | none | @button:Orbit confirm,0,0,Enter>button:Orbit confirm[none|f=button:Orbit confirm|h=None]@40.5 ; Tab>button:Cancel[alertdialog:Delete runner?|f=button:Cancel|h=None]@381.1 ; Enter>button:Delete[alertdialog:Delete runner?|f=button:Delete|h=None]@686.8
chromium-dark-desktop › orbit-confirm dlg-enter-tab-enter paced sample 18,orbit-confirm,dialog,dlg-enter-tab-enter,dlg-enter-enter,paced,18,Enter Tab Enter,ran Delete | none | @button:Orbit confirm,0,0,Enter>button:Orbit confirm[none|f=button:Orbit confirm|h=None]@26.5 ; Tab>button:Cancel[alertdialog:Delete runner?|f=button:Cancel|h=None]@360 ; Enter>button:Delete[alertdialog:Delete runner?|f=button:Delete|h=None]@667.4
chromium-dark-desktop › orbit-confirm dlg-enter-tab-enter paced sample 19,orbit-confirm,dialog,dlg-enter-tab-enter,dlg-enter-enter,paced,19,Enter Tab Enter,ran Delete | none | @button:Orbit confirm,0,0,Enter>button:Orbit confirm[none|f=button:Orbit confirm|h=None]@24.9 ; Tab>button:Cancel[alertdialog:Delete runner?|f=button:Cancel|h=None]@360.4 ; Enter>button:Delete[alertdialog:Delete runner?|f=button:Delete|h=None]@666.6
chromium-dark-desktop › orbit-dialog dlg-enter-shift-tab burst sample 0,orbit-dialog,dialog,dlg-enter-shift-tab,dlg-enter,burst,0,Enter Shift+Tab,none | dialog:Edit workspace | @button:Save,0,0,Enter>button:Orbit dialog[none|f=button:Orbit dialog|h=None]@19.8 ; Shift+Tab>dialog:Edit workspaceWorkspace [dialog:Edit workspace|f=dialog:Edit workspaceWorkspace |h=None]@55.7
chromium-dark-desktop › orbit-dialog dlg-enter-shift-tab burst sample 1,orbit-dialog,dialog,dlg-enter-shift-tab,dlg-enter,burst,1,Enter Shift+Tab,none | dialog:Edit workspace | @button:Save,0,0,Enter>button:Orbit dialog[none|f=button:Orbit dialog|h=None]@31.8 ; Shift+Tab>dialog:Edit workspaceWorkspace [dialog:Edit workspace|f=dialog:Edit workspaceWorkspace |h=None]@45.8
chromium-dark-desktop › orbit-dialog dlg-enter-shift-tab burst sample 2,orbit-dialog,dialog,dlg-enter-shift-tab,dlg-enter,burst,2,Enter Shift+Tab,none | dialog:Edit workspace | @button:Save,0,0,Enter>button:Orbit dialog[none|f=button:Orbit dialog|h=None]@38.7 ; Shift+Tab>dialog:Edit workspaceWorkspace [dialog:Edit workspace|f=dialog:Edit workspaceWorkspace |h=None]@61.2
chromium-dark-desktop › orbit-dialog dlg-enter-shift-tab burst sample 3,orbit-dialog,dialog,dlg-enter-shift-tab,dlg-enter,burst,3,Enter Shift+Tab,none | dialog:Edit workspace | @button:Save,0,0,Enter>button:Orbit dialog[none|f=button:Orbit dialog|h=None]@31 ; Shift+Tab>dialog:Edit workspaceWorkspace [dialog:Edit workspace|f=dialog:Edit workspaceWorkspace |h=None]@46.1
chromium-dark-desktop › orbit-dialog dlg-enter-shift-tab burst sample 4,orbit-dialog,dialog,dlg-enter-shift-tab,dlg-enter,burst,4,Enter Shift+Tab,none | dialog:Edit workspace | @button:Save,0,0,Enter>button:Orbit dialog[none|f=button:Orbit dialog|h=None]@25.3 ; Shift+Tab>dialog:Edit workspaceWorkspace [dialog:Edit workspace|f=dialog:Edit workspaceWorkspace |h=None]@39.6
chromium-dark-desktop › orbit-dialog dlg-enter-shift-tab burst sample 5,orbit-dialog,dialog,dlg-enter-shift-tab,dlg-enter,burst,5,Enter Shift+Tab,none | dialog:Edit workspace | @button:Save,0,0,Enter>button:Orbit dialog[none|f=button:Orbit dialog|h=None]@24.5 ; Shift+Tab>dialog:Edit workspaceWorkspace [dialog:Edit workspace|f=dialog:Edit workspaceWorkspace |h=None]@45.9
chromium-dark-desktop › orbit-dialog dlg-enter-shift-tab burst sample 6,orbit-dialog,dialog,dlg-enter-shift-tab,dlg-enter,burst,6,Enter Shift+Tab,none | dialog:Edit workspace | @button:Save,0,0,Enter>button:Orbit dialog[none|f=button:Orbit dialog|h=None]@28.7 ; Shift+Tab>dialog:Edit workspaceWorkspace [dialog:Edit workspace|f=dialog:Edit workspaceWorkspace |h=None]@43.9
chromium-dark-desktop › orbit-dialog dlg-enter-shift-tab burst sample 7,orbit-dialog,dialog,dlg-enter-shift-tab,dlg-enter,burst,7,Enter Shift+Tab,none | dialog:Edit workspace | @button:Save,0,0,Enter>button:Orbit dialog[none|f=button:Orbit dialog|h=None]@20.9 ; Shift+Tab>dialog:Edit workspaceWorkspace [dialog:Edit workspace|f=dialog:Edit workspaceWorkspace |h=None]@41.8
chromium-dark-desktop › orbit-dialog dlg-enter-shift-tab burst sample 8,orbit-dialog,dialog,dlg-enter-shift-tab,dlg-enter,burst,8,Enter Shift+Tab,none | dialog:Edit workspace | @button:Save,0,0,Enter>button:Orbit dialog[none|f=button:Orbit dialog|h=None]@27.3 ; Shift+Tab>dialog:Edit workspaceWorkspace [dialog:Edit workspace|f=dialog:Edit workspaceWorkspace |h=None]@53.9
chromium-dark-desktop › orbit-dialog dlg-enter-shift-tab burst sample 9,orbit-dialog,dialog,dlg-enter-shift-tab,dlg-enter,burst,9,Enter Shift+Tab,none | dialog:Edit workspace | @button:Save,0,0,Enter>button:Orbit dialog[none|f=button:Orbit dialog|h=None]@32.6 ; Shift+Tab>dialog:Edit workspaceWorkspace [dialog:Edit workspace|f=dialog:Edit workspaceWorkspace |h=None]@50.8
chromium-dark-desktop › orbit-dialog dlg-enter-shift-tab burst sample 10,orbit-dialog,dialog,dlg-enter-shift-tab,dlg-enter,burst,10,Enter Shift+Tab,none | dialog:Edit workspace | @button:Save,0,0,Enter>button:Orbit dialog[none|f=button:Orbit dialog|h=None]@36.5 ; Shift+Tab>dialog:Edit workspaceWorkspace [dialog:Edit workspace|f=dialog:Edit workspaceWorkspace |h=None]@57
chromium-dark-desktop › orbit-dialog dlg-enter-shift-tab burst sample 11,orbit-dialog,dialog,dlg-enter-shift-tab,dlg-enter,burst,11,Enter Shift+Tab,none | dialog:Edit workspace | @button:Save,0,0,Enter>button:Orbit dialog[none|f=button:Orbit dialog|h=None]@27.3 ; Shift+Tab>dialog:Edit workspaceWorkspace [dialog:Edit workspace|f=dialog:Edit workspaceWorkspace |h=None]@46.8
chromium-dark-desktop › orbit-dialog dlg-enter-shift-tab burst sample 12,orbit-dialog,dialog,dlg-enter-shift-tab,dlg-enter,burst,12,Enter Shift+Tab,none | dialog:Edit workspace | @button:Save,0,0,Enter>button:Orbit dialog[none|f=button:Orbit dialog|h=None]@29.3 ; Shift+Tab>dialog:Edit workspaceWorkspace [dialog:Edit workspace|f=dialog:Edit workspaceWorkspace |h=None]@48.2
chromium-dark-desktop › orbit-dialog dlg-enter-shift-tab burst sample 13,orbit-dialog,dialog,dlg-enter-shift-tab,dlg-enter,burst,13,Enter Shift+Tab,none | dialog:Edit workspace | @button:Save,0,0,Enter>button:Orbit dialog[none|f=button:Orbit dialog|h=None]@17.4 ; Shift+Tab>dialog:Edit workspaceWorkspace [dialog:Edit workspace|f=dialog:Edit workspaceWorkspace |h=None]@33.5
chromium-dark-desktop › orbit-dialog dlg-enter-shift-tab burst sample 14,orbit-dialog,dialog,dlg-enter-shift-tab,dlg-enter,burst,14,Enter Shift+Tab,none | dialog:Edit workspace | @button:Save,0,0,Enter>button:Orbit dialog[none|f=button:Orbit dialog|h=None]@26.3 ; Shift+Tab>dialog:Edit workspaceWorkspace [dialog:Edit workspace|f=dialog:Edit workspaceWorkspace |h=None]@45
chromium-dark-desktop › orbit-dialog dlg-enter-shift-tab burst sample 15,orbit-dialog,dialog,dlg-enter-shift-tab,dlg-enter,burst,15,Enter Shift+Tab,none | dialog:Edit workspace | @button:Save,0,0,Enter>button:Orbit dialog[none|f=button:Orbit dialog|h=None]@32.3 ; Shift+Tab>dialog:Edit workspaceWorkspace [dialog:Edit workspace|f=dialog:Edit workspaceWorkspace |h=None]@56.1
chromium-dark-desktop › orbit-dialog dlg-enter-shift-tab burst sample 16,orbit-dialog,dialog,dlg-enter-shift-tab,dlg-enter,burst,16,Enter Shift+Tab,none | dialog:Edit workspace | @button:Save,0,0,Enter>button:Orbit dialog[none|f=button:Orbit dialog|h=None]@16.2 ; Shift+Tab>dialog:Edit workspaceWorkspace [dialog:Edit workspace|f=dialog:Edit workspaceWorkspace |h=None]@34.8
chromium-dark-desktop › orbit-dialog dlg-enter-shift-tab burst sample 17,orbit-dialog,dialog,dlg-enter-shift-tab,dlg-enter,burst,17,Enter Shift+Tab,none | dialog:Edit workspace | @button:Save,0,0,Enter>button:Orbit dialog[none|f=button:Orbit dialog|h=None]@29.2 ; Shift+Tab>dialog:Edit workspaceWorkspace [dialog:Edit workspace|f=dialog:Edit workspaceWorkspace |h=None]@50.9
chromium-dark-desktop › orbit-dialog dlg-enter-shift-tab burst sample 18,orbit-dialog,dialog,dlg-enter-shift-tab,dlg-enter,burst,18,Enter Shift+Tab,none | dialog:Edit workspace | @button:Save,0,0,Enter>button:Orbit dialog[none|f=button:Orbit dialog|h=None]@32.6 ; Shift+Tab>dialog:Edit workspaceWorkspace [dialog:Edit workspace|f=dialog:Edit workspaceWorkspace |h=None]@52.2
chromium-dark-desktop › orbit-dialog dlg-enter-shift-tab burst sample 19,orbit-dialog,dialog,dlg-enter-shift-tab,dlg-enter,burst,19,Enter Shift+Tab,none | dialog:Edit workspace | @button:Save,0,0,Enter>button:Orbit dialog[none|f=button:Orbit dialog|h=None]@22.4 ; Shift+Tab>dialog:Edit workspaceWorkspace [dialog:Edit workspace|f=dialog:Edit workspaceWorkspace |h=None]@36.9
chromium-dark-desktop › orbit-dialog dlg-enter-shift-tab paced sample 0,orbit-dialog,dialog,dlg-enter-shift-tab,dlg-enter,paced,0,Enter Shift+Tab,none | dialog:Edit workspace | @button:Save,0,0,Enter>button:Orbit dialog[none|f=button:Orbit dialog|h=None]@25.2 ; Shift+Tab>dialog:Edit workspaceWorkspace [dialog:Edit workspace|f=dialog:Edit workspaceWorkspace |h=None]@361.9
chromium-dark-desktop › orbit-dialog dlg-enter-shift-tab paced sample 1,orbit-dialog,dialog,dlg-enter-shift-tab,dlg-enter,paced,1,Enter Shift+Tab,none | dialog:Edit workspace | @button:Save,0,0,Enter>button:Orbit dialog[none|f=button:Orbit dialog|h=None]@21.2 ; Shift+Tab>dialog:Edit workspaceWorkspace [dialog:Edit workspace|f=dialog:Edit workspaceWorkspace |h=None]@343.7
chromium-dark-desktop › orbit-dialog dlg-enter-shift-tab paced sample 2,orbit-dialog,dialog,dlg-enter-shift-tab,dlg-enter,paced,2,Enter Shift+Tab,none | dialog:Edit workspace | @button:Save,0,0,Enter>button:Orbit dialog[none|f=button:Orbit dialog|h=None]@35.6 ; Shift+Tab>dialog:Edit workspaceWorkspace [dialog:Edit workspace|f=dialog:Edit workspaceWorkspace |h=None]@358.8
chromium-dark-desktop › orbit-dialog dlg-enter-shift-tab paced sample 3,orbit-dialog,dialog,dlg-enter-shift-tab,dlg-enter,paced,3,Enter Shift+Tab,none | dialog:Edit workspace | @button:Save,0,0,Enter>button:Orbit dialog[none|f=button:Orbit dialog|h=None]@33.6 ; Shift+Tab>dialog:Edit workspaceWorkspace [dialog:Edit workspace|f=dialog:Edit workspaceWorkspace |h=None]@367.9
chromium-dark-desktop › orbit-dialog dlg-enter-shift-tab paced sample 4,orbit-dialog,dialog,dlg-enter-shift-tab,dlg-enter,paced,4,Enter Shift+Tab,none | dialog:Edit workspace | @button:Save,0,0,Enter>button:Orbit dialog[none|f=button:Orbit dialog|h=None]@29.4 ; Shift+Tab>dialog:Edit workspaceWorkspace [dialog:Edit workspace|f=dialog:Edit workspaceWorkspace |h=None]@349
chromium-dark-desktop › orbit-dialog dlg-enter-shift-tab paced sample 5,orbit-dialog,dialog,dlg-enter-shift-tab,dlg-enter,paced,5,Enter Shift+Tab,none | dialog:Edit workspace | @button:Save,0,0,Enter>button:Orbit dialog[none|f=button:Orbit dialog|h=None]@19.9 ; Shift+Tab>dialog:Edit workspaceWorkspace [dialog:Edit workspace|f=dialog:Edit workspaceWorkspace |h=None]@341.5
chromium-dark-desktop › orbit-dialog dlg-enter-shift-tab paced sample 6,orbit-dialog,dialog,dlg-enter-shift-tab,dlg-enter,paced,6,Enter Shift+Tab,none | dialog:Edit workspace | @button:Save,0,0,Enter>button:Orbit dialog[none|f=button:Orbit dialog|h=None]@23.8 ; Shift+Tab>dialog:Edit workspaceWorkspace [dialog:Edit workspace|f=dialog:Edit workspaceWorkspace |h=None]@353.8
chromium-dark-desktop › orbit-dialog dlg-enter-shift-tab paced sample 7,orbit-dialog,dialog,dlg-enter-shift-tab,dlg-enter,paced,7,Enter Shift+Tab,none | dialog:Edit workspace | @button:Save,0,0,Enter>button:Orbit dialog[none|f=button:Orbit dialog|h=None]@27.9 ; Shift+Tab>dialog:Edit workspaceWorkspace [dialog:Edit workspace|f=dialog:Edit workspaceWorkspace |h=None]@356.3
chromium-dark-desktop › orbit-dialog dlg-enter-shift-tab paced sample 8,orbit-dialog,dialog,dlg-enter-shift-tab,dlg-enter,paced,8,Enter Shift+Tab,none | dialog:Edit workspace | @button:Save,0,0,Enter>button:Orbit dialog[none|f=button:Orbit dialog|h=None]@21.2 ; Shift+Tab>dialog:Edit workspaceWorkspace [dialog:Edit workspace|f=dialog:Edit workspaceWorkspace |h=None]@348.2
chromium-dark-desktop › orbit-dialog dlg-enter-shift-tab paced sample 9,orbit-dialog,dialog,dlg-enter-shift-tab,dlg-enter,paced,9,Enter Shift+Tab,none | dialog:Edit workspace | @button:Save,0,0,Enter>button:Orbit dialog[none|f=button:Orbit dialog|h=None]@26.3 ; Shift+Tab>dialog:Edit workspaceWorkspace [dialog:Edit workspace|f=dialog:Edit workspaceWorkspace |h=None]@361.3
chromium-dark-desktop › orbit-dialog dlg-enter-shift-tab paced sample 10,orbit-dialog,dialog,dlg-enter-shift-tab,dlg-enter,paced,10,Enter Shift+Tab,none | dialog:Edit workspace | @button:Save,0,0,Enter>button:Orbit dialog[none|f=button:Orbit dialog|h=None]@26.2 ; Shift+Tab>dialog:Edit workspaceWorkspace [dialog:Edit workspace|f=dialog:Edit workspaceWorkspace |h=None]@370
chromium-dark-desktop › orbit-dialog dlg-enter-shift-tab paced sample 11,orbit-dialog,dialog,dlg-enter-shift-tab,dlg-enter,paced,11,Enter Shift+Tab,none | dialog:Edit workspace | @button:Save,0,0,Enter>button:Orbit dialog[none|f=button:Orbit dialog|h=None]@30.3 ; Shift+Tab>dialog:Edit workspaceWorkspace [dialog:Edit workspace|f=dialog:Edit workspaceWorkspace |h=None]@366
chromium-dark-desktop › orbit-dialog dlg-enter-shift-tab paced sample 12,orbit-dialog,dialog,dlg-enter-shift-tab,dlg-enter,paced,12,Enter Shift+Tab,none | dialog:Edit workspace | @button:Save,0,0,Enter>button:Orbit dialog[none|f=button:Orbit dialog|h=None]@33.5 ; Shift+Tab>dialog:Edit workspaceWorkspace [dialog:Edit workspace|f=dialog:Edit workspaceWorkspace |h=None]@356.6
chromium-dark-desktop › orbit-dialog dlg-enter-shift-tab paced sample 13,orbit-dialog,dialog,dlg-enter-shift-tab,dlg-enter,paced,13,Enter Shift+Tab,none | dialog:Edit workspace | @button:Save,0,0,Enter>button:Orbit dialog[none|f=button:Orbit dialog|h=None]@25.4 ; Shift+Tab>dialog:Edit workspaceWorkspace [dialog:Edit workspace|f=dialog:Edit workspaceWorkspace |h=None]@353
chromium-dark-desktop › orbit-dialog dlg-enter-shift-tab paced sample 14,orbit-dialog,dialog,dlg-enter-shift-tab,dlg-enter,paced,14,Enter Shift+Tab,none | dialog:Edit workspace | @button:Save,0,0,Enter>button:Orbit dialog[none|f=button:Orbit dialog|h=None]@30.7 ; Shift+Tab>dialog:Edit workspaceWorkspace [dialog:Edit workspace|f=dialog:Edit workspaceWorkspace |h=None]@362
chromium-dark-desktop › orbit-dialog dlg-enter-shift-tab paced sample 15,orbit-dialog,dialog,dlg-enter-shift-tab,dlg-enter,paced,15,Enter Shift+Tab,none | dialog:Edit workspace | @button:Save,0,0,Enter>button:Orbit dialog[none|f=button:Orbit dialog|h=None]@27.7 ; Shift+Tab>dialog:Edit workspaceWorkspace [dialog:Edit workspace|f=dialog:Edit workspaceWorkspace |h=None]@358.4
chromium-dark-desktop › orbit-dialog dlg-enter-shift-tab paced sample 16,orbit-dialog,dialog,dlg-enter-shift-tab,dlg-enter,paced,16,Enter Shift+Tab,none | dialog:Edit workspace | @button:Save,0,0,Enter>button:Orbit dialog[none|f=button:Orbit dialog|h=None]@19.5 ; Shift+Tab>dialog:Edit workspaceWorkspace [dialog:Edit workspace|f=dialog:Edit workspaceWorkspace |h=None]@347.3
chromium-dark-desktop › orbit-dialog dlg-enter-shift-tab paced sample 17,orbit-dialog,dialog,dlg-enter-shift-tab,dlg-enter,paced,17,Enter Shift+Tab,none | dialog:Edit workspace | @button:Save,0,0,Enter>button:Orbit dialog[none|f=button:Orbit dialog|h=None]@16.2 ; Shift+Tab>dialog:Edit workspaceWorkspace [dialog:Edit workspace|f=dialog:Edit workspaceWorkspace |h=None]@333.8
chromium-dark-desktop › orbit-dialog dlg-enter-shift-tab paced sample 18,orbit-dialog,dialog,dlg-enter-shift-tab,dlg-enter,paced,18,Enter Shift+Tab,none | dialog:Edit workspace | @button:Save,0,0,Enter>button:Orbit dialog[none|f=button:Orbit dialog|h=None]@21.9 ; Shift+Tab>dialog:Edit workspaceWorkspace [dialog:Edit workspace|f=dialog:Edit workspaceWorkspace |h=None]@348.2
chromium-dark-desktop › orbit-dialog dlg-enter-shift-tab paced sample 19,orbit-dialog,dialog,dlg-enter-shift-tab,dlg-enter,paced,19,Enter Shift+Tab,none | dialog:Edit workspace | @button:Save,0,0,Enter>button:Orbit dialog[none|f=button:Orbit dialog|h=None]@25.4 ; Shift+Tab>dialog:Edit workspaceWorkspace [dialog:Edit workspace|f=dialog:Edit workspaceWorkspace |h=None]@361.3
chromium-dark-desktop › orbit-confirm dlg-enter-shift-tab burst sample 0,orbit-confirm,dialog,dlg-enter-shift-tab,dlg-enter,burst,0,Enter Shift+Tab,none | alertdialog:Delete runner? | @button:Delete,0,0,Enter>button:Orbit confirm[none|f=button:Orbit confirm|h=None]@22.3 ; Shift+Tab>button:Cancel[alertdialog:Delete runner?|f=button:Cancel|h=None]@42
chromium-dark-desktop › orbit-confirm dlg-enter-shift-tab burst sample 1,orbit-confirm,dialog,dlg-enter-shift-tab,dlg-enter,burst,1,Enter Shift+Tab,none | alertdialog:Delete runner? | @button:Delete,0,0,Enter>button:Orbit confirm[none|f=button:Orbit confirm|h=None]@14.8 ; Shift+Tab>button:Cancel[alertdialog:Delete runner?|f=button:Cancel|h=None]@34.2
chromium-dark-desktop › orbit-confirm dlg-enter-shift-tab burst sample 2,orbit-confirm,dialog,dlg-enter-shift-tab,dlg-enter,burst,2,Enter Shift+Tab,none | alertdialog:Delete runner? | @button:Delete,0,0,Enter>button:Orbit confirm[none|f=button:Orbit confirm|h=None]@23.8 ; Shift+Tab>button:Cancel[alertdialog:Delete runner?|f=button:Cancel|h=None]@42.4
chromium-dark-desktop › orbit-confirm dlg-enter-shift-tab burst sample 3,orbit-confirm,dialog,dlg-enter-shift-tab,dlg-enter,burst,3,Enter Shift+Tab,none | alertdialog:Delete runner? | @button:Delete,0,0,Enter>button:Orbit confirm[none|f=button:Orbit confirm|h=None]@27.9 ; Shift+Tab>button:Cancel[alertdialog:Delete runner?|f=button:Cancel|h=None]@49.3
chromium-dark-desktop › orbit-confirm dlg-enter-shift-tab burst sample 4,orbit-confirm,dialog,dlg-enter-shift-tab,dlg-enter,burst,4,Enter Shift+Tab,none | alertdialog:Delete runner? | @button:Delete,0,0,Enter>button:Orbit confirm[none|f=button:Orbit confirm|h=None]@21.6 ; Shift+Tab>button:Cancel[alertdialog:Delete runner?|f=button:Cancel|h=None]@36
chromium-dark-desktop › orbit-confirm dlg-enter-shift-tab burst sample 5,orbit-confirm,dialog,dlg-enter-shift-tab,dlg-enter,burst,5,Enter Shift+Tab,none | alertdialog:Delete runner? | @button:Delete,0,0,Enter>button:Orbit confirm[none|f=button:Orbit confirm|h=None]@24.8 ; Shift+Tab>button:Cancel[alertdialog:Delete runner?|f=button:Cancel|h=None]@40.8
chromium-dark-desktop › orbit-confirm dlg-enter-shift-tab burst sample 6,orbit-confirm,dialog,dlg-enter-shift-tab,dlg-enter,burst,6,Enter Shift+Tab,none | alertdialog:Delete runner? | @button:Delete,0,0,Enter>button:Orbit confirm[none|f=button:Orbit confirm|h=None]@21.2 ; Shift+Tab>button:Cancel[alertdialog:Delete runner?|f=button:Cancel|h=None]@40.4
chromium-dark-desktop › orbit-confirm dlg-enter-shift-tab burst sample 7,orbit-confirm,dialog,dlg-enter-shift-tab,dlg-enter,burst,7,Enter Shift+Tab,none | alertdialog:Delete runner? | @button:Delete,0,0,Enter>button:Orbit confirm[none|f=button:Orbit confirm|h=None]@23.6 ; Shift+Tab>button:Cancel[alertdialog:Delete runner?|f=button:Cancel|h=None]@43.9
chromium-dark-desktop › orbit-confirm dlg-enter-shift-tab burst sample 8,orbit-confirm,dialog,dlg-enter-shift-tab,dlg-enter,burst,8,Enter Shift+Tab,none | alertdialog:Delete runner? | @button:Delete,0,0,Enter>button:Orbit confirm[none|f=button:Orbit confirm|h=None]@21.5 ; Shift+Tab>button:Cancel[alertdialog:Delete runner?|f=button:Cancel|h=None]@39.7
chromium-dark-desktop › orbit-confirm dlg-enter-shift-tab burst sample 9,orbit-confirm,dialog,dlg-enter-shift-tab,dlg-enter,burst,9,Enter Shift+Tab,none | alertdialog:Delete runner? | @button:Delete,0,0,Enter>button:Orbit confirm[none|f=button:Orbit confirm|h=None]@20.3 ; Shift+Tab>button:Cancel[alertdialog:Delete runner?|f=button:Cancel|h=None]@39.9
chromium-dark-desktop › orbit-confirm dlg-enter-shift-tab burst sample 10,orbit-confirm,dialog,dlg-enter-shift-tab,dlg-enter,burst,10,Enter Shift+Tab,none | alertdialog:Delete runner? | @button:Delete,0,0,Enter>button:Orbit confirm[none|f=button:Orbit confirm|h=None]@30.2 ; Shift+Tab>button:Cancel[alertdialog:Delete runner?|f=button:Cancel|h=None]@50.1
chromium-dark-desktop › orbit-confirm dlg-enter-shift-tab burst sample 11,orbit-confirm,dialog,dlg-enter-shift-tab,dlg-enter,burst,11,Enter Shift+Tab,none | alertdialog:Delete runner? | @button:Delete,0,0,Enter>button:Orbit confirm[none|f=button:Orbit confirm|h=None]@22.1 ; Shift+Tab>button:Cancel[alertdialog:Delete runner?|f=button:Cancel|h=None]@40.5
chromium-dark-desktop › orbit-confirm dlg-enter-shift-tab burst sample 12,orbit-confirm,dialog,dlg-enter-shift-tab,dlg-enter,burst,12,Enter Shift+Tab,none | alertdialog:Delete runner? | @button:Delete,0,0,Enter>button:Orbit confirm[none|f=button:Orbit confirm|h=None]@34.8 ; Shift+Tab>button:Cancel[alertdialog:Delete runner?|f=button:Cancel|h=None]@49.1
chromium-dark-desktop › orbit-confirm dlg-enter-shift-tab burst sample 13,orbit-confirm,dialog,dlg-enter-shift-tab,dlg-enter,burst,13,Enter Shift+Tab,none | alertdialog:Delete runner? | @button:Delete,0,0,Enter>button:Orbit confirm[none|f=button:Orbit confirm|h=None]@32.1 ; Shift+Tab>button:Cancel[alertdialog:Delete runner?|f=button:Cancel|h=None]@46.3
chromium-dark-desktop › orbit-confirm dlg-enter-shift-tab burst sample 14,orbit-confirm,dialog,dlg-enter-shift-tab,dlg-enter,burst,14,Enter Shift+Tab,none | alertdialog:Delete runner? | @button:Delete,0,0,Enter>button:Orbit confirm[none|f=button:Orbit confirm|h=None]@28.1 ; Shift+Tab>button:Cancel[alertdialog:Delete runner?|f=button:Cancel|h=None]@46.3
chromium-dark-desktop › orbit-confirm dlg-enter-shift-tab burst sample 15,orbit-confirm,dialog,dlg-enter-shift-tab,dlg-enter,burst,15,Enter Shift+Tab,none | alertdialog:Delete runner? | @button:Delete,0,0,Enter>button:Orbit confirm[none|f=button:Orbit confirm|h=None]@18.2 ; Shift+Tab>button:Cancel[alertdialog:Delete runner?|f=button:Cancel|h=None]@36.9
chromium-dark-desktop › orbit-confirm dlg-enter-shift-tab burst sample 16,orbit-confirm,dialog,dlg-enter-shift-tab,dlg-enter,burst,16,Enter Shift+Tab,none | alertdialog:Delete runner? | @button:Delete,0,0,Enter>button:Orbit confirm[none|f=button:Orbit confirm|h=None]@22.9 ; Shift+Tab>button:Cancel[alertdialog:Delete runner?|f=button:Cancel|h=None]@37.9
chromium-dark-desktop › orbit-confirm dlg-enter-shift-tab burst sample 17,orbit-confirm,dialog,dlg-enter-shift-tab,dlg-enter,burst,17,Enter Shift+Tab,none | alertdialog:Delete runner? | @button:Delete,0,0,Enter>button:Orbit confirm[none|f=button:Orbit confirm|h=None]@30.3 ; Shift+Tab>button:Cancel[alertdialog:Delete runner?|f=button:Cancel|h=None]@49.4
chromium-dark-desktop › orbit-confirm dlg-enter-shift-tab burst sample 18,orbit-confirm,dialog,dlg-enter-shift-tab,dlg-enter,burst,18,Enter Shift+Tab,none | alertdialog:Delete runner? | @button:Delete,0,0,Enter>button:Orbit confirm[none|f=button:Orbit confirm|h=None]@30.8 ; Shift+Tab>button:Cancel[alertdialog:Delete runner?|f=button:Cancel|h=None]@48.7
chromium-dark-desktop › orbit-confirm dlg-enter-shift-tab burst sample 19,orbit-confirm,dialog,dlg-enter-shift-tab,dlg-enter,burst,19,Enter Shift+Tab,none | alertdialog:Delete runner? | @button:Delete,0,0,Enter>button:Orbit confirm[none|f=button:Orbit confirm|h=None]@29.9 ; Shift+Tab>button:Cancel[alertdialog:Delete runner?|f=button:Cancel|h=None]@49.5
chromium-dark-desktop › orbit-confirm dlg-enter-shift-tab paced sample 0,orbit-confirm,dialog,dlg-enter-shift-tab,dlg-enter,paced,0,Enter Shift+Tab,none | alertdialog:Delete runner? | @button:Delete,0,0,Enter>button:Orbit confirm[none|f=button:Orbit confirm|h=None]@32.2 ; Shift+Tab>button:Cancel[alertdialog:Delete runner?|f=button:Cancel|h=None]@352.6
chromium-dark-desktop › orbit-confirm dlg-enter-shift-tab paced sample 1,orbit-confirm,dialog,dlg-enter-shift-tab,dlg-enter,paced,1,Enter Shift+Tab,none | alertdialog:Delete runner? | @button:Delete,0,0,Enter>button:Orbit confirm[none|f=button:Orbit confirm|h=None]@29.3 ; Shift+Tab>button:Cancel[alertdialog:Delete runner?|f=button:Cancel|h=None]@353.5
chromium-dark-desktop › orbit-confirm dlg-enter-shift-tab paced sample 2,orbit-confirm,dialog,dlg-enter-shift-tab,dlg-enter,paced,2,Enter Shift+Tab,none | alertdialog:Delete runner? | @button:Delete,0,0,Enter>button:Orbit confirm[none|f=button:Orbit confirm|h=None]@28.4 ; Shift+Tab>button:Cancel[alertdialog:Delete runner?|f=button:Cancel|h=None]@354.7
chromium-dark-desktop › orbit-confirm dlg-enter-shift-tab paced sample 3,orbit-confirm,dialog,dlg-enter-shift-tab,dlg-enter,paced,3,Enter Shift+Tab,none | alertdialog:Delete runner? | @button:Delete,0,0,Enter>button:Orbit confirm[none|f=button:Orbit confirm|h=None]@38.2 ; Shift+Tab>button:Cancel[alertdialog:Delete runner?|f=button:Cancel|h=None]@370.6
chromium-dark-desktop › orbit-confirm dlg-enter-shift-tab paced sample 4,orbit-confirm,dialog,dlg-enter-shift-tab,dlg-enter,paced,4,Enter Shift+Tab,none | alertdialog:Delete runner? | @button:Delete,0,0,Enter>button:Orbit confirm[none|f=button:Orbit confirm|h=None]@29.5 ; Shift+Tab>button:Cancel[alertdialog:Delete runner?|f=button:Cancel|h=None]@359.3
chromium-dark-desktop › orbit-confirm dlg-enter-shift-tab paced sample 5,orbit-confirm,dialog,dlg-enter-shift-tab,dlg-enter,paced,5,Enter Shift+Tab,none | alertdialog:Delete runner? | @button:Delete,0,0,Enter>button:Orbit confirm[none|f=button:Orbit confirm|h=None]@34.7 ; Shift+Tab>button:Cancel[alertdialog:Delete runner?|f=button:Cancel|h=None]@381
chromium-dark-desktop › orbit-confirm dlg-enter-shift-tab paced sample 6,orbit-confirm,dialog,dlg-enter-shift-tab,dlg-enter,paced,6,Enter Shift+Tab,none | alertdialog:Delete runner? | @button:Delete,0,0,Enter>button:Orbit confirm[none|f=button:Orbit confirm|h=None]@13 ; Shift+Tab>button:Cancel[alertdialog:Delete runner?|f=button:Cancel|h=None]@340.1
chromium-dark-desktop › orbit-confirm dlg-enter-shift-tab paced sample 7,orbit-confirm,dialog,dlg-enter-shift-tab,dlg-enter,paced,7,Enter Shift+Tab,none | alertdialog:Delete runner? | @button:Delete,0,0,Enter>button:Orbit confirm[none|f=button:Orbit confirm|h=None]@22.9 ; Shift+Tab>button:Cancel[alertdialog:Delete runner?|f=button:Cancel|h=None]@353.1
chromium-dark-desktop › orbit-confirm dlg-enter-shift-tab paced sample 8,orbit-confirm,dialog,dlg-enter-shift-tab,dlg-enter,paced,8,Enter Shift+Tab,none | alertdialog:Delete runner? | @button:Delete,0,0,Enter>button:Orbit confirm[none|f=button:Orbit confirm|h=None]@24.1 ; Shift+Tab>button:Cancel[alertdialog:Delete runner?|f=button:Cancel|h=None]@349.3
chromium-dark-desktop › orbit-confirm dlg-enter-shift-tab paced sample 9,orbit-confirm,dialog,dlg-enter-shift-tab,dlg-enter,paced,9,Enter Shift+Tab,none | alertdialog:Delete runner? | @button:Delete,0,0,Enter>button:Orbit confirm[none|f=button:Orbit confirm|h=None]@24.2 ; Shift+Tab>button:Cancel[alertdialog:Delete runner?|f=button:Cancel|h=None]@356.1
chromium-dark-desktop › orbit-confirm dlg-enter-shift-tab paced sample 10,orbit-confirm,dialog,dlg-enter-shift-tab,dlg-enter,paced,10,Enter Shift+Tab,none | alertdialog:Delete runner? | @button:Delete,0,0,Enter>button:Orbit confirm[none|f=button:Orbit confirm|h=None]@25.2 ; Shift+Tab>button:Cancel[alertdialog:Delete runner?|f=button:Cancel|h=None]@356.7
chromium-dark-desktop › orbit-confirm dlg-enter-shift-tab paced sample 11,orbit-confirm,dialog,dlg-enter-shift-tab,dlg-enter,paced,11,Enter Shift+Tab,none | alertdialog:Delete runner? | @button:Delete,0,0,Enter>button:Orbit confirm[none|f=button:Orbit confirm|h=None]@17.4 ; Shift+Tab>button:Cancel[alertdialog:Delete runner?|f=button:Cancel|h=None]@351.9
chromium-dark-desktop › orbit-confirm dlg-enter-shift-tab paced sample 12,orbit-confirm,dialog,dlg-enter-shift-tab,dlg-enter,paced,12,Enter Shift+Tab,none | alertdialog:Delete runner? | @button:Delete,0,0,Enter>button:Orbit confirm[none|f=button:Orbit confirm|h=None]@34.6 ; Shift+Tab>button:Cancel[alertdialog:Delete runner?|f=button:Cancel|h=None]@365.2
chromium-dark-desktop › orbit-confirm dlg-enter-shift-tab paced sample 13,orbit-confirm,dialog,dlg-enter-shift-tab,dlg-enter,paced,13,Enter Shift+Tab,none | alertdialog:Delete runner? | @button:Delete,0,0,Enter>button:Orbit confirm[none|f=button:Orbit confirm|h=None]@31 ; Shift+Tab>button:Cancel[alertdialog:Delete runner?|f=button:Cancel|h=None]@364.6
chromium-dark-desktop › orbit-confirm dlg-enter-shift-tab paced sample 14,orbit-confirm,dialog,dlg-enter-shift-tab,dlg-enter,paced,14,Enter Shift+Tab,none | alertdialog:Delete runner? | @button:Delete,0,0,Enter>button:Orbit confirm[none|f=button:Orbit confirm|h=None]@31.2 ; Shift+Tab>button:Cancel[alertdialog:Delete runner?|f=button:Cancel|h=None]@360.2
chromium-dark-desktop › orbit-confirm dlg-enter-shift-tab paced sample 15,orbit-confirm,dialog,dlg-enter-shift-tab,dlg-enter,paced,15,Enter Shift+Tab,none | alertdialog:Delete runner? | @button:Delete,0,0,Enter>button:Orbit confirm[none|f=button:Orbit confirm|h=None]@19.4 ; Shift+Tab>button:Cancel[alertdialog:Delete runner?|f=button:Cancel|h=None]@355.2
chromium-dark-desktop › orbit-confirm dlg-enter-shift-tab paced sample 16,orbit-confirm,dialog,dlg-enter-shift-tab,dlg-enter,paced,16,Enter Shift+Tab,none | alertdialog:Delete runner? | @button:Delete,0,0,Enter>button:Orbit confirm[none|f=button:Orbit confirm|h=None]@18.4 ; Shift+Tab>button:Cancel[alertdialog:Delete runner?|f=button:Cancel|h=None]@348.5
chromium-dark-desktop › orbit-confirm dlg-enter-shift-tab paced sample 17,orbit-confirm,dialog,dlg-enter-shift-tab,dlg-enter,paced,17,Enter Shift+Tab,none | alertdialog:Delete runner? | @button:Delete,0,0,Enter>button:Orbit confirm[none|f=button:Orbit confirm|h=None]@33.7 ; Shift+Tab>button:Cancel[alertdialog:Delete runner?|f=button:Cancel|h=None]@362.6
chromium-dark-desktop › orbit-confirm dlg-enter-shift-tab paced sample 18,orbit-confirm,dialog,dlg-enter-shift-tab,dlg-enter,paced,18,Enter Shift+Tab,none | alertdialog:Delete runner? | @button:Delete,0,0,Enter>button:Orbit confirm[none|f=button:Orbit confirm|h=None]@26.4 ; Shift+Tab>button:Cancel[alertdialog:Delete runner?|f=button:Cancel|h=None]@354.2
chromium-dark-desktop › orbit-confirm dlg-enter-shift-tab paced sample 19,orbit-confirm,dialog,dlg-enter-shift-tab,dlg-enter,paced,19,Enter Shift+Tab,none | alertdialog:Delete runner? | @button:Delete,0,0,Enter>button:Orbit confirm[none|f=button:Orbit confirm|h=None]@33.5 ; Shift+Tab>button:Cancel[alertdialog:Delete runner?|f=button:Cancel|h=None]@362.1
