Command line invocation:
    /Applications/Xcode_26.6.app/Contents/Developer/usr/bin/xcodebuild test -project KimiProbe.xcodeproj -scheme KimiProbe -destination id=22452A91-4697-4369-8812-53ADB77EB73B -derivedDataPath .dd-ios -resultBundlePath results/ios.xcresult CODE_SIGNING_ALLOWED=YES CODE_SIGN_IDENTITY=-

Build settings from command line:
    CODE_SIGN_IDENTITY = -
    CODE_SIGNING_ALLOWED = YES

Resolve Package Graph

Fetching from https://github.com/apple/swift-markdown

Fetching from https://github.com/swiftlang/swift-cmark.git

Creating working copy of package ‘swift-cmark’

Checking out 0.9.0 of package ‘swift-cmark’

Creating working copy of package ‘swift-markdown’

Checking out 0.9.0 of package ‘swift-markdown’


Resolved source packages:
  OrbitKit: /Users/runner/work/orbit/orbit/src/macos/OrbitKit
  cmark-gfm: https://github.com/swiftlang/swift-cmark.git @ 0.9.0
  swift-markdown: https://github.com/apple/swift-markdown @ 0.9.0

Writing result bundle at path:
	/Users/runner/work/orbit/orbit/.kimi-probe/results/ios.xcresult

--- xcodebuild: WARNING: Using the first of multiple matching destinations:
{ platform:iOS Simulator, arch:arm64, id:22452A91-4697-4369-8812-53ADB77EB73B, OS:26.5, name:iPhone 17 Pro }
{ platform:iOS Simulator, arch:x86_64, id:22452A91-4697-4369-8812-53ADB77EB73B, OS:26.5, name:iPhone 17 Pro }
note: Using codesigning identity override: -
ComputePackagePrebuildTargetDependencyGraph

Prepare packages

CreateBuildRequest

SendProjectDescription

CreateBuildOperation

ComputeTargetDependencyGraph
note: Building targets in dependency order
note: Target dependency graph (11 targets)
    Target 'KimiProbeUITests' in project 'KimiProbe'
        ➜ Explicit dependency on target 'KimiProbe' in project 'KimiProbe'
    Target 'KimiProbe' in project 'KimiProbe'
        ➜ Explicit dependency on target 'OrbitKit' in project 'OrbitKit'
    Target 'OrbitKit' in project 'OrbitKit'
        ➜ Explicit dependency on target 'OrbitKit' in project 'OrbitKit'
        ➜ Explicit dependency on target 'Markdown' in project 'swift-markdown'
    Target 'OrbitKit' in project 'OrbitKit'
        ➜ Explicit dependency on target 'Markdown' in project 'swift-markdown'
    Target 'Markdown' in project 'swift-markdown'
        ➜ Explicit dependency on target 'Markdown' in project 'swift-markdown'
        ➜ Explicit dependency on target 'CAtomic' in project 'swift-markdown'
        ➜ Explicit dependency on target 'cmark-gfm' in project 'cmark-gfm'
        ➜ Explicit dependency on target 'cmark-gfm-extensions' in project 'cmark-gfm'
    Target 'Markdown' in project 'swift-markdown'
        ➜ Explicit dependency on target 'CAtomic' in project 'swift-markdown'
        ➜ Explicit dependency on target 'cmark-gfm' in project 'cmark-gfm'
        ➜ Explicit dependency on target 'cmark-gfm-extensions' in project 'cmark-gfm'
    Target 'cmark-gfm-extensions' in project 'cmark-gfm'
        ➜ Explicit dependency on target 'cmark-gfm-extensions' in project 'cmark-gfm'
        ➜ Explicit dependency on target 'cmark-gfm' in project 'cmark-gfm'
    Target 'cmark-gfm-extensions' in project 'cmark-gfm'
        ➜ Explicit dependency on target 'cmark-gfm' in project 'cmark-gfm'
    Target 'cmark-gfm' in project 'cmark-gfm'
        ➜ Explicit dependency on target 'cmark-gfm' in project 'cmark-gfm'
    Target 'cmark-gfm' in project 'cmark-gfm' (no dependencies)
    Target 'CAtomic' in project 'swift-markdown' (no dependencies)

GatherProvisioningInputs

CreateBuildDescription

ExecuteExternalTool /Applications/Xcode_26.6.app/Contents/Developer/Toolchains/XcodeDefault.xctoolchain/usr/bin/clang -v -E -dM -arch arm64 -isysroot /Applications/Xcode_26.6.app/Contents/Developer/Platforms/iPhoneSimulator.platform/Developer/SDKs/iPhoneSimulator26.5.sdk -x c -c /dev/null

ExecuteExternalTool /Applications/Xcode_26.6.app/Contents/Developer/Toolchains/XcodeDefault.xctoolchain/usr/bin/swiftc --version

ExecuteExternalTool /Applications/Xcode_26.6.app/Contents/Developer/Toolchains/XcodeDefault.xctoolchain/usr/bin/clang -v -E -dM -isysroot /Applications/Xcode_26.6.app/Contents/Developer/Platforms/iPhoneSimulator.platform/Developer/SDKs/iPhoneSimulator26.5.sdk -x c -c /dev/null

ExecuteExternalTool /Applications/Xcode_26.6.app/Contents/Developer/usr/bin/actool --print-asset-tag-combinations --output-format xml1 /Users/runner/work/orbit/orbit/src/ios/Support/Assets.xcassets

ExecuteExternalTool /Applications/Xcode_26.6.app/Contents/Developer/Toolchains/XcodeDefault.xctoolchain/usr/bin/ld -version_details

ReadFileContents /Applications/Xcode_26.6.app/Contents/Developer/Toolchains/XcodeDefault.xctoolchain/usr/share/docc/features.json

ExecuteExternalTool /Applications/Xcode_26.6.app/Contents/Developer/usr/bin/actool --version --output-format xml1

Build description signature: 8e44cae87904465fa6af09346952de06
Build description path: /Users/runner/work/orbit/orbit/.kimi-probe/.dd-ios/Build/Intermediates.noindex/XCBuildData/8e44cae87904465fa6af09346952de06.xcbuilddata
ClangStatCache /Applications/Xcode_26.6.app/Contents/Developer/Toolchains/XcodeDefault.xctoolchain/usr/bin/clang-stat-cache /Applications/Xcode_26.6.app/Contents/Developer/Platforms/iPhoneSimulator.platform/Developer/SDKs/iPhoneSimulator26.5.sdk /Users/runner/work/orbit/orbit/.kimi-probe/.dd-ios/SDKStatCaches.noindex/iphonesimulator26.5-23F81a-688ef53f1462e2c8f657fdc38a81448ff45c64a1807a658693f2a61704f17a36.sdkstatcache
    cd /Users/runner/work/orbit/orbit/.kimi-probe/KimiProbe.xcodeproj
    /Applications/Xcode_26.6.app/Contents/Developer/Toolchains/XcodeDefault.xctoolchain/usr/bin/clang-stat-cache /Applications/Xcode_26.6.app/Contents/Developer/Platforms/iPhoneSimulator.platform/Developer/SDKs/iPhoneSimulator26.5.sdk -o /Users/runner/work/orbit/orbit/.kimi-probe/.dd-ios/SDKStatCaches.noindex/iphonesimulator26.5-23F81a-688ef53f1462e2c8f657fdc38a81448ff45c64a1807a658693f2a61704f17a36.sdkstatcache

CreateBuildDirectory /Users/runner/work/orbit/orbit/.kimi-probe/.dd-ios/Build/Products
    cd /Users/runner/work/orbit/orbit/.kimi-probe/KimiProbe.xcodeproj
    builtin-create-build-directory /Users/runner/work/orbit/orbit/.kimi-probe/.dd-ios/Build/Products

CreateBuildDirectory /Users/runner/work/orbit/orbit/.kimi-probe/.dd-ios/Build/Intermediates.noindex
    cd /Users/runner/work/orbit/orbit/.kimi-probe/KimiProbe.xcodeproj
    builtin-create-build-directory /Users/runner/work/orbit/orbit/.kimi-probe/.dd-ios/Build/Intermediates.noindex

WriteAuxiliaryFile /Users/runner/work/orbit/orbit/.kimi-probe/.dd-ios/Build/Intermediates.noindex/KimiProbe.build/Debug-iphonesimulator/KimiProbe-a33cd880fab74bb1ef516098f265cdc1-VFS-iphonesimulator/all-product-headers.yaml
    cd /Users/runner/work/orbit/orbit/.kimi-probe/KimiProbe.xcodeproj
    write-file /Users/runner/work/orbit/orbit/.kimi-probe/.dd-ios/Build/Intermediates.noindex/KimiProbe.build/Debug-iphonesimulator/KimiProbe-a33cd880fab74bb1ef516098f265cdc1-VFS-iphonesimulator/all-product-headers.yaml

CreateBuildDirectory /Users/runner/work/orbit/orbit/.kimi-probe/.dd-ios/Build/Products/Debug-iphonesimulator
    cd /Users/runner/work/orbit/orbit/.kimi-probe/KimiProbe.xcodeproj
    builtin-create-build-directory /Users/runner/work/orbit/orbit/.kimi-probe/.dd-ios/Build/Products/Debug-iphonesimulator

CreateBuildDirectory /Users/runner/work/orbit/orbit/.kimi-probe/.dd-ios/Build/Intermediates.noindex/SwiftExplicitPrecompiledModules
    cd /Users/runner/work/orbit/orbit/.kimi-probe/KimiProbe.xcodeproj
    builtin-create-build-directory /Users/runner/work/orbit/orbit/.kimi-probe/.dd-ios/Build/Intermediates.noindex/SwiftExplicitPrecompiledModules

CreateBuildDirectory /Users/runner/work/orbit/orbit/.kimi-probe/.dd-ios/Build/Intermediates.noindex/ExplicitPrecompiledModules
    cd /Users/runner/work/orbit/orbit/.kimi-probe/KimiProbe.xcodeproj
    builtin-create-build-directory /Users/runner/work/orbit/orbit/.kimi-probe/.dd-ios/Build/Intermediates.noindex/ExplicitPrecompiledModules

CreateBuildDirectory /Users/runner/work/orbit/orbit/.kimi-probe/.dd-ios/Build/Intermediates.noindex/EagerLinkingTBDs/Debug-iphonesimulator
    cd /Users/runner/work/orbit/orbit/.kimi-probe/KimiProbe.xcodeproj
    builtin-create-build-directory /Users/runner/work/orbit/orbit/.kimi-probe/.dd-ios/Build/Intermediates.noindex/EagerLinkingTBDs/Debug-iphonesimulator

CreateBuildDirectory /Users/runner/work/orbit/orbit/.kimi-probe/.dd-ios/Build/Products/Debug-iphonesimulator/PackageFrameworks
    cd /Users/runner/work/orbit/orbit/.kimi-probe/KimiProbe.xcodeproj
    builtin-create-build-directory /Users/runner/work/orbit/orbit/.kimi-probe/.dd-ios/Build/Products/Debug-iphonesimulator/PackageFrameworks

WriteAuxiliaryFile /Users/runner/work/orbit/orbit/.kimi-probe/.dd-ios/Build/Intermediates.noindex/cmark-gfm.build/Debug-iphonesimulator/cmark-gfm-extensions.build/cmark-gfm-extensions.DependencyStaticMetadataFileList (in target 'cmark-gfm-extensions' from project 'cmark-gfm')
    cd /Users/runner/work/orbit/orbit/.kimi-probe/.dd-ios/SourcePackages/checkouts/swift-cmark
    write-file /Users/runner/work/orbit/orbit/.kimi-probe/.dd-ios/Build/Intermediates.noindex/cmark-gfm.build/Debug-iphonesimulator/cmark-gfm-extensions.build/cmark-gfm-extensions.DependencyStaticMetadataFileList

WriteAuxiliaryFile /Users/runner/work/orbit/orbit/.kimi-probe/.dd-ios/Build/Intermediates.noindex/cmark-gfm.build/Debug-iphonesimulator/cmark-gfm-extensions.build/cmark-gfm-extensions.DependencyMetadataFileList (in target 'cmark-gfm-extensions' from project 'cmark-gfm')
    cd /Users/runner/work/orbit/orbit/.kimi-probe/.dd-ios/SourcePackages/checkouts/swift-cmark
    write-file /Users/runner/work/orbit/orbit/.kimi-probe/.dd-ios/Build/Intermediates.noindex/cmark-gfm.build/Debug-iphonesimulator/cmark-gfm-extensions.build/cmark-gfm-extensions.DependencyMetadataFileList

WriteAuxiliaryFile /Users/runner/work/orbit/orbit/.kimi-probe/.dd-ios/Build/Intermediates.noindex/cmark-gfm.build/Debug-iphonesimulator/cmark-gfm-extensions.build/Objects-normal/arm64/cmark-gfm-extensions.LinkFileList (in target 'cmark-gfm-extensions' from project 'cmark-gfm')
    cd /Users/runner/work/orbit/orbit/.kimi-probe/.dd-ios/SourcePackages/checkouts/swift-cmark
    write-file /Users/runner/work/orbit/orbit/.kimi-probe/.dd-ios/Build/Intermediates.noindex/cmark-gfm.build/Debug-iphonesimulator/cmark-gfm-extensions.build/Objects-normal/arm64/cmark-gfm-extensions.LinkFileList

WriteAuxiliaryFile /Users/runner/work/orbit/orbit/.kimi-probe/.dd-ios/Build/Intermediates.noindex/cmark-gfm.build/Debug-iphonesimulator/cmark-gfm-extensions.build/Objects-normal/arm64/7187679823f38a2a940e0043cdf9d637-common-args.resp (in target 'cmark-gfm-extensions' from project 'cmark-gfm')
    cd /Users/runner/work/orbit/orbit/.kimi-probe/.dd-ios/SourcePackages/checkouts/swift-cmark
    write-file /Users/runner/work/orbit/orbit/.kimi-probe/.dd-ios/Build/Intermediates.noindex/cmark-gfm.build/Debug-iphonesimulator/cmark-gfm-extensions.build/Objects-normal/arm64/7187679823f38a2a940e0043cdf9d637-common-args.resp
-fmodules -gmodules '-fmodules-cache-path=/Users/runner/work/orbit/orbit/.kimi-probe/.dd-ios/ModuleCache.noindex' '-fmodule-name=cmark_gfm_extensions' -fpascal-strings -O0 -DSWIFT_PACKAGE '-DDEBUG=1' -g -I/Users/runner/work/orbit/orbit/.kimi-probe/.dd-ios/SourcePackages/checkouts/swift-cmark/src/include -I/Users/runner/work/orbit/orbit/.kimi-probe/.dd-ios/Build/Products/Debug-iphonesimulator/include -I/Users/runner/work/orbit/orbit/.kimi-probe/.dd-ios/SourcePackages/checkouts/swift-cmark/extensions/include -I/Users/runner/work/orbit/orbit/.kimi-probe/.dd-ios/Build/Intermediates.noindex/cmark-gfm.build/Debug-iphonesimulator/cmark-gfm-extensions.build/DerivedSources-normal/arm64 -I/Users/runner/work/orbit/orbit/.kimi-probe/.dd-ios/Build/Intermediates.noindex/cmark-gfm.build/Debug-iphonesimulator/cmark-gfm-extensions.build/DerivedSources/arm64 -I/Users/runner/work/orbit/orbit/.kimi-probe/.dd-ios/Build/Intermediates.noindex/cmark-gfm.build/Debug-iphonesimulator/cmark-gfm-extensions.build/DerivedSources -F/Users/runner/work/orbit/orbit/.kimi-probe/.dd-ios/Build/Products/Debug-iphonesimulator/PackageFrameworks -F/Users/runner/work/orbit/orbit/.kimi-probe/.dd-ios/Build/Products/Debug-iphonesimulator -iframework /Applications/Xcode_26.6.app/Contents/Developer/Platforms/iPhoneSimulator.platform/Developer/Library/Frameworks -iframework /Applications/Xcode_26.6.app/Contents/Developer/Platforms/iPhoneSimulator.platform/Developer/SDKs/iPhoneSimulator26.5.sdk/Developer/Library/Frameworks -DXcode

WriteAuxiliaryFile /Users/runner/work/orbit/orbit/.kimi-probe/.dd-ios/Build/Intermediates.noindex/cmark-gfm.build/Debug-iphonesimulator/cmark-gfm.build/cmark-gfm.DependencyStaticMetadataFileList (in target 'cmark-gfm' from project 'cmark-gfm')
    cd /Users/runner/work/orbit/orbit/.kimi-probe/.dd-ios/SourcePackages/checkouts/swift-cmark
    write-file /Users/runner/work/orbit/orbit/.kimi-probe/.dd-ios/Build/Intermediates.noindex/cmark-gfm.build/Debug-iphonesimulator/cmark-gfm.build/cmark-gfm.DependencyStaticMetadataFileList

WriteAuxiliaryFile /Users/runner/work/orbit/orbit/.kimi-probe/.dd-ios/Build/Intermediates.noindex/cmark-gfm.build/Debug-iphonesimulator/cmark-gfm.build/cmark-gfm.DependencyMetadataFileList (in target 'cmark-gfm' from project 'cmark-gfm')
    cd /Users/runner/work/orbit/orbit/.kimi-probe/.dd-ios/SourcePackages/checkouts/swift-cmark
    write-file /Users/runner/work/orbit/orbit/.kimi-probe/.dd-ios/Build/Intermediates.noindex/cmark-gfm.build/Debug-iphonesimulator/cmark-gfm.build/cmark-gfm.DependencyMetadataFileList

WriteAuxiliaryFile /Users/runner/work/orbit/orbit/.kimi-probe/.dd-ios/Build/Intermediates.noindex/cmark-gfm.build/Debug-iphonesimulator/cmark-gfm.build/Objects-normal/arm64/cmark-gfm.LinkFileList (in target 'cmark-gfm' from project 'cmark-gfm')
    cd /Users/runner/work/orbit/orbit/.kimi-probe/.dd-ios/SourcePackages/checkouts/swift-cmark
    write-file /Users/runner/work/orbit/orbit/.kimi-probe/.dd-ios/Build/Intermediates.noindex/cmark-gfm.build/Debug-iphonesimulator/cmark-gfm.build/Objects-normal/arm64/cmark-gfm.LinkFileList

WriteAuxiliaryFile /Users/runner/work/orbit/orbit/.kimi-probe/.dd-ios/Build/Intermediates.noindex/cmark-gfm.build/Debug-iphonesimulator/cmark-gfm.build/Objects-normal/arm64/7187679823f38a2a940e0043cdf9d637-common-args.resp (in target 'cmark-gfm' from project 'cmark-gfm')
    cd /Users/runner/work/orbit/orbit/.kimi-probe/.dd-ios/SourcePackages/checkouts/swift-cmark
    write-file /Users/runner/work/orbit/orbit/.kimi-probe/.dd-ios/Build/Intermediates.noindex/cmark-gfm.build/Debug-iphonesimulator/cmark-gfm.build/Objects-normal/arm64/7187679823f38a2a940e0043cdf9d637-common-args.resp
-fmodules -gmodules '-fmodules-cache-path=/Users/runner/work/orbit/orbit/.kimi-probe/.dd-ios/ModuleCache.noindex' '-fmodule-name=cmark_gfm' -fpascal-strings -O0 -DSWIFT_PACKAGE '-DDEBUG=1' -g -I/Users/runner/work/orbit/orbit/.kimi-probe/.dd-ios/Build/Products/Debug-iphonesimulator/include -I/Users/runner/work/orbit/orbit/.kimi-probe/.dd-ios/SourcePackages/checkouts/swift-cmark/src/include -I/Users/runner/work/orbit/orbit/.kimi-probe/.dd-ios/Build/Intermediates.noindex/cmark-gfm.build/Debug-iphonesimulator/cmark-gfm.build/DerivedSources-normal/arm64 -I/Users/runner/work/orbit/orbit/.kimi-probe/.dd-ios/Build/Intermediates.noindex/cmark-gfm.build/Debug-iphonesimulator/cmark-gfm.build/DerivedSources/arm64 -I/Users/runner/work/orbit/orbit/.kimi-probe/.dd-ios/Build/Intermediates.noindex/cmark-gfm.build/Debug-iphonesimulator/cmark-gfm.build/DerivedSources -F/Users/runner/work/orbit/orbit/.kimi-probe/.dd-ios/Build/Products/Debug-iphonesimulator -iframework /Applications/Xcode_26.6.app/Contents/Developer/Platforms/iPhoneSimulator.platform/Developer/Library/Frameworks -iframework /Applications/Xcode_26.6.app/Contents/Developer/Platforms/iPhoneSimulator.platform/Developer/SDKs/iPhoneSimulator26.5.sdk/Developer/Library/Frameworks -DXcode

WriteAuxiliaryFile /Users/runner/work/orbit/orbit/.kimi-probe/.dd-ios/Build/Intermediates.noindex/OrbitKit.build/Debug-iphonesimulator/OrbitKit.build/OrbitKit.modulemap (in target 'OrbitKit' from project 'OrbitKit')
    cd /Users/runner/work/orbit/orbit/src/macos/OrbitKit
    write-file /Users/runner/work/orbit/orbit/.kimi-probe/.dd-ios/Build/Intermediates.noindex/OrbitKit.build/Debug-iphonesimulator/OrbitKit.build/OrbitKit.modulemap

WriteAuxiliaryFile /Users/runner/work/orbit/orbit/.kimi-probe/.dd-ios/Build/Intermediates.noindex/OrbitKit.build/Debug-iphonesimulator/OrbitKit.build/OrbitKit.DependencyStaticMetadataFileList (in target 'OrbitKit' from project 'OrbitKit')
    cd /Users/runner/work/orbit/orbit/src/macos/OrbitKit
    write-file /Users/runner/work/orbit/orbit/.kimi-probe/.dd-ios/Build/Intermediates.noindex/OrbitKit.build/Debug-iphonesimulator/OrbitKit.build/OrbitKit.DependencyStaticMetadataFileList

WriteAuxiliaryFile /Users/runner/work/orbit/orbit/.kimi-probe/.dd-ios/Build/Intermediates.noindex/OrbitKit.build/Debug-iphonesimulator/OrbitKit.build/OrbitKit.DependencyMetadataFileList (in target 'OrbitKit' from project 'OrbitKit')
    cd /Users/runner/work/orbit/orbit/src/macos/OrbitKit
    write-file /Users/runner/work/orbit/orbit/.kimi-probe/.dd-ios/Build/Intermediates.noindex/OrbitKit.build/Debug-iphonesimulator/OrbitKit.build/OrbitKit.DependencyMetadataFileList

WriteAuxiliaryFile /Users/runner/work/orbit/orbit/.kimi-probe/.dd-ios/Build/Intermediates.noindex/OrbitKit.build/Debug-iphonesimulator/OrbitKit.build/Objects-normal/arm64/OrbitKit_const_extract_protocols.json (in target 'OrbitKit' from project 'OrbitKit')
    cd /Users/runner/work/orbit/orbit/src/macos/OrbitKit
    write-file /Users/runner/work/orbit/orbit/.kimi-probe/.dd-ios/Build/Intermediates.noindex/OrbitKit.build/Debug-iphonesimulator/OrbitKit.build/Objects-normal/arm64/OrbitKit_const_extract_protocols.json

WriteAuxiliaryFile /Users/runner/work/orbit/orbit/.kimi-probe/.dd-ios/Build/Intermediates.noindex/OrbitKit.build/Debug-iphonesimulator/OrbitKit.build/Objects-normal/arm64/OrbitKit.SwiftFileList (in target 'OrbitKit' from project 'OrbitKit')
    cd /Users/runner/work/orbit/orbit/src/macos/OrbitKit
    write-file /Users/runner/work/orbit/orbit/.kimi-probe/.dd-ios/Build/Intermediates.noindex/OrbitKit.build/Debug-iphonesimulator/OrbitKit.build/Objects-normal/arm64/OrbitKit.SwiftFileList

WriteAuxiliaryFile /Users/runner/work/orbit/orbit/.kimi-probe/.dd-ios/Build/Intermediates.noindex/OrbitKit.build/Debug-iphonesimulator/OrbitKit.build/Objects-normal/arm64/OrbitKit.SwiftConstValuesFileList (in target 'OrbitKit' from project 'OrbitKit')
    cd /Users/runner/work/orbit/orbit/src/macos/OrbitKit
    write-file /Users/runner/work/orbit/orbit/.kimi-probe/.dd-ios/Build/Intermediates.noindex/OrbitKit.build/Debug-iphonesimulator/OrbitKit.build/Objects-normal/arm64/OrbitKit.SwiftConstValuesFileList

WriteAuxiliaryFile /Users/runner/work/orbit/orbit/.kimi-probe/.dd-ios/Build/Intermediates.noindex/OrbitKit.build/Debug-iphonesimulator/OrbitKit.build/Objects-normal/arm64/OrbitKit.LinkFileList (in target 'OrbitKit' from project 'OrbitKit')
    cd /Users/runner/work/orbit/orbit/src/macos/OrbitKit
    write-file /Users/runner/work/orbit/orbit/.kimi-probe/.dd-ios/Build/Intermediates.noindex/OrbitKit.build/Debug-iphonesimulator/OrbitKit.build/Objects-normal/arm64/OrbitKit.LinkFileList

WriteAuxiliaryFile /Users/runner/work/orbit/orbit/.kimi-probe/.dd-ios/Build/Intermediates.noindex/OrbitKit.build/Debug-iphonesimulator/OrbitKit.build/Objects-normal/arm64/OrbitKit-OutputFileMap.json (in target 'OrbitKit' from project 'OrbitKit')
    cd /Users/runner/work/orbit/orbit/src/macos/OrbitKit
    write-file /Users/runner/work/orbit/orbit/.kimi-probe/.dd-ios/Build/Intermediates.noindex/OrbitKit.build/Debug-iphonesimulator/OrbitKit.build/Objects-normal/arm64/OrbitKit-OutputFileMap.json

Copy /Users/runner/work/orbit/orbit/.kimi-probe/.dd-ios/Build/Intermediates.noindex/GeneratedModuleMaps-iphonesimulator/OrbitKit.modulemap /Users/runner/work/orbit/orbit/.kimi-probe/.dd-ios/Build/Intermediates.noindex/OrbitKit.build/Debug-iphonesimulator/OrbitKit.build/OrbitKit.modulemap (in target 'OrbitKit' from project 'OrbitKit')
    cd /Users/runner/work/orbit/orbit/src/macos/OrbitKit
    builtin-copy -exclude .DS_Store -exclude CVS -exclude .svn -exclude .git -exclude .hg -resolve-src-symlinks /Users/runner/work/orbit/orbit/.kimi-probe/.dd-ios/Build/Intermediates.noindex/OrbitKit.build/Debug-iphonesimulator/OrbitKit.build/OrbitKit.modulemap /Users/runner/work/orbit/orbit/.kimi-probe/.dd-ios/Build/Intermediates.noindex/GeneratedModuleMaps-iphonesimulator

WriteAuxiliaryFile /Users/runner/work/orbit/orbit/.kimi-probe/.dd-ios/Build/Intermediates.noindex/swift-markdown.build/Debug-iphonesimulator/Markdown.build/Objects-normal/arm64/Markdown_const_extract_protocols.json (in target 'Markdown' from project 'swift-markdown')
    cd /Users/runner/work/orbit/orbit/.kimi-probe/.dd-ios/SourcePackages/checkouts/swift-markdown
    write-file /Users/runner/work/orbit/orbit/.kimi-probe/.dd-ios/Build/Intermediates.noindex/swift-markdown.build/Debug-iphonesimulator/Markdown.build/Objects-normal/arm64/Markdown_const_extract_protocols.json

WriteAuxiliaryFile /Users/runner/work/orbit/orbit/.kimi-probe/.dd-ios/Build/Intermediates.noindex/swift-markdown.build/Debug-iphonesimulator/Markdown.build/Objects-normal/arm64/Markdown.SwiftFileList (in target 'Markdown' from project 'swift-markdown')
    cd /Users/runner/work/orbit/orbit/.kimi-probe/.dd-ios/SourcePackages/checkouts/swift-markdown
    write-file /Users/runner/work/orbit/orbit/.kimi-probe/.dd-ios/Build/Intermediates.noindex/swift-markdown.build/Debug-iphonesimulator/Markdown.build/Objects-normal/arm64/Markdown.SwiftFileList

WriteAuxiliaryFile /Users/runner/work/orbit/orbit/.kimi-probe/.dd-ios/Build/Intermediates.noindex/swift-markdown.build/Debug-iphonesimulator/Markdown.build/Objects-normal/arm64/Markdown.SwiftConstValuesFileList (in target 'Markdown' from project 'swift-markdown')
    cd /Users/runner/work/orbit/orbit/.kimi-probe/.dd-ios/SourcePackages/checkouts/swift-markdown
    write-file /Users/runner/work/orbit/orbit/.kimi-probe/.dd-ios/Build/Intermediates.noindex/swift-markdown.build/Debug-iphonesimulator/Markdown.build/Objects-normal/arm64/Markdown.SwiftConstValuesFileList

WriteAuxiliaryFile /Users/runner/work/orbit/orbit/.kimi-probe/.dd-ios/Build/Intermediates.noindex/swift-markdown.build/Debug-iphonesimulator/Markdown.build/Objects-normal/arm64/Markdown.LinkFileList (in target 'Markdown' from project 'swift-markdown')
    cd /Users/runner/work/orbit/orbit/.kimi-probe/.dd-ios/SourcePackages/checkouts/swift-markdown
    write-file /Users/runner/work/orbit/orbit/.kimi-probe/.dd-ios/Build/Intermediates.noindex/swift-markdown.build/Debug-iphonesimulator/Markdown.build/Objects-normal/arm64/Markdown.LinkFileList

WriteAuxiliaryFile /Users/runner/work/orbit/orbit/.kimi-probe/.dd-ios/Build/Intermediates.noindex/swift-markdown.build/Debug-iphonesimulator/Markdown.build/Objects-normal/arm64/Markdown-OutputFileMap.json (in target 'Markdown' from project 'swift-markdown')
    cd /Users/runner/work/orbit/orbit/.kimi-probe/.dd-ios/SourcePackages/checkouts/swift-markdown
    write-file /Users/runner/work/orbit/orbit/.kimi-probe/.dd-ios/Build/Intermediates.noindex/swift-markdown.build/Debug-iphonesimulator/Markdown.build/Objects-normal/arm64/Markdown-OutputFileMap.json

WriteAuxiliaryFile /Users/runner/work/orbit/orbit/.kimi-probe/.dd-ios/Build/Intermediates.noindex/swift-markdown.build/Debug-iphonesimulator/Markdown.build/Markdown.modulemap (in target 'Markdown' from project 'swift-markdown')
    cd /Users/runner/work/orbit/orbit/.kimi-probe/.dd-ios/SourcePackages/checkouts/swift-markdown
    write-file /Users/runner/work/orbit/orbit/.kimi-probe/.dd-ios/Build/Intermediates.noindex/swift-markdown.build/Debug-iphonesimulator/Markdown.build/Markdown.modulemap

WriteAuxiliaryFile /Users/runner/work/orbit/orbit/.kimi-probe/.dd-ios/Build/Intermediates.noindex/swift-markdown.build/Debug-iphonesimulator/Markdown.build/Markdown.DependencyStaticMetadataFileList (in target 'Markdown' from project 'swift-markdown')
    cd /Users/runner/work/orbit/orbit/.kimi-probe/.dd-ios/SourcePackages/checkouts/swift-markdown
    write-file /Users/runner/work/orbit/orbit/.kimi-probe/.dd-ios/Build/Intermediates.noindex/swift-markdown.build/Debug-iphonesimulator/Markdown.build/Markdown.DependencyStaticMetadataFileList

WriteAuxiliaryFile /Users/runner/work/orbit/orbit/.kimi-probe/.dd-ios/Build/Intermediates.noindex/swift-markdown.build/Debug-iphonesimulator/Markdown.build/Markdown.DependencyMetadataFileList (in target 'Markdown' from project 'swift-markdown')
    cd /Users/runner/work/orbit/orbit/.kimi-probe/.dd-ios/SourcePackages/checkouts/swift-markdown
    write-file /Users/runner/work/orbit/orbit/.kimi-probe/.dd-ios/Build/Intermediates.noindex/swift-markdown.build/Debug-iphonesimulator/Markdown.build/Markdown.DependencyMetadataFileList

Copy /Users/runner/work/orbit/orbit/.kimi-probe/.dd-ios/Build/Intermediates.noindex/GeneratedModuleMaps-iphonesimulator/Markdown.modulemap /Users/runner/work/orbit/orbit/.kimi-probe/.dd-ios/Build/Intermediates.noindex/swift-markdown.build/Debug-iphonesimulator/Markdown.build/Markdown.modulemap (in target 'Markdown' from project 'swift-markdown')
    cd /Users/runner/work/orbit/orbit/.kimi-probe/.dd-ios/SourcePackages/checkouts/swift-markdown
    builtin-copy -exclude .DS_Store -exclude CVS -exclude .svn -exclude .git -exclude .hg -resolve-src-symlinks /Users/runner/work/orbit/orbit/.kimi-probe/.dd-ios/Build/Intermediates.noindex/swift-markdown.build/Debug-iphonesimulator/Markdown.build/Markdown.modulemap /Users/runner/work/orbit/orbit/.kimi-probe/.dd-ios/Build/Intermediates.noindex/GeneratedModuleMaps-iphonesimulator

WriteAuxiliaryFile /Users/runner/work/orbit/orbit/.kimi-probe/.dd-ios/Build/Intermediates.noindex/KimiProbe.build/Debug-iphonesimulator/KimiProbeUITests.build/empty-KimiProbeUITests.plist (in target 'KimiProbeUITests' from project 'KimiProbe')
    cd /Users/runner/work/orbit/orbit/.kimi-probe
    write-file /Users/runner/work/orbit/orbit/.kimi-probe/.dd-ios/Build/Intermediates.noindex/KimiProbe.build/Debug-iphonesimulator/KimiProbeUITests.build/empty-KimiProbeUITests.plist

WriteAuxiliaryFile /Users/runner/work/orbit/orbit/.kimi-probe/.dd-ios/Build/Intermediates.noindex/KimiProbe.build/Debug-iphonesimulator/KimiProbeUITests.build/ProductTypeInfoPlistAdditions.plist (in target 'KimiProbeUITests' from project 'KimiProbe')
    cd /Users/runner/work/orbit/orbit/.kimi-probe
    write-file /Users/runner/work/orbit/orbit/.kimi-probe/.dd-ios/Build/Intermediates.noindex/KimiProbe.build/Debug-iphonesimulator/KimiProbeUITests.build/ProductTypeInfoPlistAdditions.plist

WriteAuxiliaryFile /Users/runner/work/orbit/orbit/.kimi-probe/.dd-ios/Build/Intermediates.noindex/KimiProbe.build/Debug-iphonesimulator/KimiProbeUITests.build/Objects-normal/arm64/KimiProbeUITests_const_extract_protocols.json (in target 'KimiProbeUITests' from project 'KimiProbe')
    cd /Users/runner/work/orbit/orbit/.kimi-probe
    write-file /Users/runner/work/orbit/orbit/.kimi-probe/.dd-ios/Build/Intermediates.noindex/KimiProbe.build/Debug-iphonesimulator/KimiProbeUITests.build/Objects-normal/arm64/KimiProbeUITests_const_extract_protocols.json

WriteAuxiliaryFile /Users/runner/work/orbit/orbit/.kimi-probe/.dd-ios/Build/Intermediates.noindex/KimiProbe.build/Debug-iphonesimulator/KimiProbeUITests.build/Objects-normal/arm64/KimiProbeUITests.SwiftFileList (in target 'KimiProbeUITests' from project 'KimiProbe')
    cd /Users/runner/work/orbit/orbit/.kimi-probe
    write-file /Users/runner/work/orbit/orbit/.kimi-probe/.dd-ios/Build/Intermediates.noindex/KimiProbe.build/Debug-iphonesimulator/KimiProbeUITests.build/Objects-normal/arm64/KimiProbeUITests.SwiftFileList

WriteAuxiliaryFile /Users/runner/work/orbit/orbit/.kimi-probe/.dd-ios/Build/Intermediates.noindex/KimiProbe.build/Debug-iphonesimulator/KimiProbeUITests.build/Objects-normal/arm64/KimiProbeUITests.SwiftConstValuesFileList (in target 'KimiProbeUITests' from project 'KimiProbe')
    cd /Users/runner/work/orbit/orbit/.kimi-probe
    write-file /Users/runner/work/orbit/orbit/.kimi-probe/.dd-ios/Build/Intermediates.noindex/KimiProbe.build/Debug-iphonesimulator/KimiProbeUITests.build/Objects-normal/arm64/KimiProbeUITests.SwiftConstValuesFileList

WriteAuxiliaryFile /Users/runner/work/orbit/orbit/.kimi-probe/.dd-ios/Build/Intermediates.noindex/KimiProbe.build/Debug-iphonesimulator/KimiProbeUITests.build/Objects-normal/arm64/KimiProbeUITests.LinkFileList (in target 'KimiProbeUITests' from project 'KimiProbe')
    cd /Users/runner/work/orbit/orbit/.kimi-probe
    write-file /Users/runner/work/orbit/orbit/.kimi-probe/.dd-ios/Build/Intermediates.noindex/KimiProbe.build/Debug-iphonesimulator/KimiProbeUITests.build/Objects-normal/arm64/KimiProbeUITests.LinkFileList

WriteAuxiliaryFile /Users/runner/work/orbit/orbit/.kimi-probe/.dd-ios/Build/Intermediates.noindex/KimiProbe.build/Debug-iphonesimulator/KimiProbeUITests.build/Objects-normal/arm64/KimiProbeUITests-OutputFileMap.json (in target 'KimiProbeUITests' from project 'KimiProbe')
    cd /Users/runner/work/orbit/orbit/.kimi-probe
    write-file /Users/runner/work/orbit/orbit/.kimi-probe/.dd-ios/Build/Intermediates.noindex/KimiProbe.build/Debug-iphonesimulator/KimiProbeUITests.build/Objects-normal/arm64/KimiProbeUITests-OutputFileMap.json

WriteAuxiliaryFile /Users/runner/work/orbit/orbit/.kimi-probe/.dd-ios/Build/Intermediates.noindex/KimiProbe.build/Debug-iphonesimulator/KimiProbeUITests.build/KimiProbeUITests.hmap (in target 'KimiProbeUITests' from project 'KimiProbe')
    cd /Users/runner/work/orbit/orbit/.kimi-probe
    write-file /Users/runner/work/orbit/orbit/.kimi-probe/.dd-ios/Build/Intermediates.noindex/KimiProbe.build/Debug-iphonesimulator/KimiProbeUITests.build/KimiProbeUITests.hmap

WriteAuxiliaryFile /Users/runner/work/orbit/orbit/.kimi-probe/.dd-ios/Build/Intermediates.noindex/KimiProbe.build/Debug-iphonesimulator/KimiProbeUITests.build/KimiProbeUITests.DependencyStaticMetadataFileList (in target 'KimiProbeUITests' from project 'KimiProbe')
    cd /Users/runner/work/orbit/orbit/.kimi-probe
    write-file /Users/runner/work/orbit/orbit/.kimi-probe/.dd-ios/Build/Intermediates.noindex/KimiProbe.build/Debug-iphonesimulator/KimiProbeUITests.build/KimiProbeUITests.DependencyStaticMetadataFileList

WriteAuxiliaryFile /Users/runner/work/orbit/orbit/.kimi-probe/.dd-ios/Build/Intermediates.noindex/KimiProbe.build/Debug-iphonesimulator/KimiProbeUITests.build/KimiProbeUITests.DependencyMetadataFileList (in target 'KimiProbeUITests' from project 'KimiProbe')
    cd /Users/runner/work/orbit/orbit/.kimi-probe
    write-file /Users/runner/work/orbit/orbit/.kimi-probe/.dd-ios/Build/Intermediates.noindex/KimiProbe.build/Debug-iphonesimulator/KimiProbeUITests.build/KimiProbeUITests.DependencyMetadataFileList

WriteAuxiliaryFile /Users/runner/work/orbit/orbit/.kimi-probe/.dd-ios/Build/Intermediates.noindex/KimiProbe.build/Debug-iphonesimulator/KimiProbeUITests.build/KimiProbeUITests-project-headers.hmap (in target 'KimiProbeUITests' from project 'KimiProbe')
    cd /Users/runner/work/orbit/orbit/.kimi-probe
    write-file /Users/runner/work/orbit/orbit/.kimi-probe/.dd-ios/Build/Intermediates.noindex/KimiProbe.build/Debug-iphonesimulator/KimiProbeUITests.build/KimiProbeUITests-project-headers.hmap

WriteAuxiliaryFile /Users/runner/work/orbit/orbit/.kimi-probe/.dd-ios/Build/Intermediates.noindex/KimiProbe.build/Debug-iphonesimulator/KimiProbeUITests.build/KimiProbeUITests-own-target-headers.hmap (in target 'KimiProbeUITests' from project 'KimiProbe')
    cd /Users/runner/work/orbit/orbit/.kimi-probe
    write-file /Users/runner/work/orbit/orbit/.kimi-probe/.dd-ios/Build/Intermediates.noindex/KimiProbe.build/Debug-iphonesimulator/KimiProbeUITests.build/KimiProbeUITests-own-target-headers.hmap

WriteAuxiliaryFile /Users/runner/work/orbit/orbit/.kimi-probe/.dd-ios/Build/Intermediates.noindex/KimiProbe.build/Debug-iphonesimulator/KimiProbeUITests.build/KimiProbeUITests-generated-files.hmap (in target 'KimiProbeUITests' from project 'KimiProbe')
    cd /Users/runner/work/orbit/orbit/.kimi-probe
    write-file /Users/runner/work/orbit/orbit/.kimi-probe/.dd-ios/Build/Intermediates.noindex/KimiProbe.build/Debug-iphonesimulator/KimiProbeUITests.build/KimiProbeUITests-generated-files.hmap

WriteAuxiliaryFile /Users/runner/work/orbit/orbit/.kimi-probe/.dd-ios/Build/Intermediates.noindex/KimiProbe.build/Debug-iphonesimulator/KimiProbeUITests.build/KimiProbeUITests-all-target-headers.hmap (in target 'KimiProbeUITests' from project 'KimiProbe')
    cd /Users/runner/work/orbit/orbit/.kimi-probe
    write-file /Users/runner/work/orbit/orbit/.kimi-probe/.dd-ios/Build/Intermediates.noindex/KimiProbe.build/Debug-iphonesimulator/KimiProbeUITests.build/KimiProbeUITests-all-target-headers.hmap

WriteAuxiliaryFile /Users/runner/work/orbit/orbit/.kimi-probe/.dd-ios/Build/Intermediates.noindex/KimiProbe.build/Debug-iphonesimulator/KimiProbeUITests.build/KimiProbeUITests-all-non-framework-target-headers.hmap (in target 'KimiProbeUITests' from project 'KimiProbe')
    cd /Users/runner/work/orbit/orbit/.kimi-probe
    write-file /Users/runner/work/orbit/orbit/.kimi-probe/.dd-ios/Build/Intermediates.noindex/KimiProbe.build/Debug-iphonesimulator/KimiProbeUITests.build/KimiProbeUITests-all-non-framework-target-headers.hmap

WriteAuxiliaryFile /Users/runner/work/orbit/orbit/.kimi-probe/.dd-ios/Build/Intermediates.noindex/KimiProbe.build/Debug-iphonesimulator/KimiProbeUITests.build/DerivedSources/Entitlements-Simulated.plist (in target 'KimiProbeUITests' from project 'KimiProbe')
    cd /Users/runner/work/orbit/orbit/.kimi-probe
    write-file /Users/runner/work/orbit/orbit/.kimi-probe/.dd-ios/Build/Intermediates.noindex/KimiProbe.build/Debug-iphonesimulator/KimiProbeUITests.build/DerivedSources/Entitlements-Simulated.plist

WriteAuxiliaryFile /Users/runner/work/orbit/orbit/.kimi-probe/.dd-ios/Build/Intermediates.noindex/KimiProbe.build/Debug-iphonesimulator/KimiProbe.build/Objects-normal/arm64/KimiProbe_const_extract_protocols.json (in target 'KimiProbe' from project 'KimiProbe')
    cd /Users/runner/work/orbit/orbit/.kimi-probe
    write-file /Users/runner/work/orbit/orbit/.kimi-probe/.dd-ios/Build/Intermediates.noindex/KimiProbe.build/Debug-iphonesimulator/KimiProbe.build/Objects-normal/arm64/KimiProbe_const_extract_protocols.json

WriteAuxiliaryFile /Users/runner/work/orbit/orbit/.kimi-probe/.dd-ios/Build/Intermediates.noindex/KimiProbe.build/Debug-iphonesimulator/KimiProbe.build/Objects-normal/arm64/KimiProbe.SwiftFileList (in target 'KimiProbe' from project 'KimiProbe')
    cd /Users/runner/work/orbit/orbit/.kimi-probe
    write-file /Users/runner/work/orbit/orbit/.kimi-probe/.dd-ios/Build/Intermediates.noindex/KimiProbe.build/Debug-iphonesimulator/KimiProbe.build/Objects-normal/arm64/KimiProbe.SwiftFileList

WriteAuxiliaryFile /Users/runner/work/orbit/orbit/.kimi-probe/.dd-ios/Build/Intermediates.noindex/KimiProbe.build/Debug-iphonesimulator/KimiProbe.build/Objects-normal/arm64/KimiProbe.SwiftConstValuesFileList (in target 'KimiProbe' from project 'KimiProbe')
    cd /Users/runner/work/orbit/orbit/.kimi-probe
    write-file /Users/runner/work/orbit/orbit/.kimi-probe/.dd-ios/Build/Intermediates.noindex/KimiProbe.build/Debug-iphonesimulator/KimiProbe.build/Objects-normal/arm64/KimiProbe.SwiftConstValuesFileList

WriteAuxiliaryFile /Users/runner/work/orbit/orbit/.kimi-probe/.dd-ios/Build/Intermediates.noindex/KimiProbe.build/Debug-iphonesimulator/KimiProbe.build/Objects-normal/arm64/KimiProbe.LinkFileList (in target 'KimiProbe' from project 'KimiProbe')
    cd /Users/runner/work/orbit/orbit/.kimi-probe
    write-file /Users/runner/work/orbit/orbit/.kimi-probe/.dd-ios/Build/Intermediates.noindex/KimiProbe.build/Debug-iphonesimulator/KimiProbe.build/Objects-normal/arm64/KimiProbe.LinkFileList

WriteAuxiliaryFile /Users/runner/work/orbit/orbit/.kimi-probe/.dd-ios/Build/Intermediates.noindex/KimiProbe.build/Debug-iphonesimulator/KimiProbe.build/KimiProbe.hmap (in target 'KimiProbe' from project 'KimiProbe')
    cd /Users/runner/work/orbit/orbit/.kimi-probe
    write-file /Users/runner/work/orbit/orbit/.kimi-probe/.dd-ios/Build/Intermediates.noindex/KimiProbe.build/Debug-iphonesimulator/KimiProbe.build/KimiProbe.hmap

WriteAuxiliaryFile /Users/runner/work/orbit/orbit/.kimi-probe/.dd-ios/Build/Intermediates.noindex/KimiProbe.build/Debug-iphonesimulator/KimiProbe.build/Objects-normal/arm64/KimiProbe-OutputFileMap.json (in target 'KimiProbe' from project 'KimiProbe')
    cd /Users/runner/work/orbit/orbit/.kimi-probe
    write-file /Users/runner/work/orbit/orbit/.kimi-probe/.dd-ios/Build/Intermediates.noindex/KimiProbe.build/Debug-iphonesimulator/KimiProbe.build/Objects-normal/arm64/KimiProbe-OutputFileMap.json

WriteAuxiliaryFile /Users/runner/work/orbit/orbit/.kimi-probe/.dd-ios/Build/Intermediates.noindex/KimiProbe.build/Debug-iphonesimulator/KimiProbe.build/KimiProbe.DependencyStaticMetadataFileList (in target 'KimiProbe' from project 'KimiProbe')
    cd /Users/runner/work/orbit/orbit/.kimi-probe
    write-file /Users/runner/work/orbit/orbit/.kimi-probe/.dd-ios/Build/Intermediates.noindex/KimiProbe.build/Debug-iphonesimulator/KimiProbe.build/KimiProbe.DependencyStaticMetadataFileList

WriteAuxiliaryFile /Users/runner/work/orbit/orbit/.kimi-probe/.dd-ios/Build/Intermediates.noindex/KimiProbe.build/Debug-iphonesimulator/KimiProbe.build/KimiProbe.DependencyMetadataFileList (in target 'KimiProbe' from project 'KimiProbe')
    cd /Users/runner/work/orbit/orbit/.kimi-probe
    write-file /Users/runner/work/orbit/orbit/.kimi-probe/.dd-ios/Build/Intermediates.noindex/KimiProbe.build/Debug-iphonesimulator/KimiProbe.build/KimiProbe.DependencyMetadataFileList

WriteAuxiliaryFile /Users/runner/work/orbit/orbit/.kimi-probe/.dd-ios/Build/Intermediates.noindex/KimiProbe.build/Debug-iphonesimulator/KimiProbe.build/KimiProbe-project-headers.hmap (in target 'KimiProbe' from project 'KimiProbe')
    cd /Users/runner/work/orbit/orbit/.kimi-probe
    write-file /Users/runner/work/orbit/orbit/.kimi-probe/.dd-ios/Build/Intermediates.noindex/KimiProbe.build/Debug-iphonesimulator/KimiProbe.build/KimiProbe-project-headers.hmap

WriteAuxiliaryFile /Users/runner/work/orbit/orbit/.kimi-probe/.dd-ios/Build/Intermediates.noindex/KimiProbe.build/Debug-iphonesimulator/KimiProbe.build/KimiProbe-own-target-headers.hmap (in target 'KimiProbe' from project 'KimiProbe')
    cd /Users/runner/work/orbit/orbit/.kimi-probe
    write-file /Users/runner/work/orbit/orbit/.kimi-probe/.dd-ios/Build/Intermediates.noindex/KimiProbe.build/Debug-iphonesimulator/KimiProbe.build/KimiProbe-own-target-headers.hmap

WriteAuxiliaryFile /Users/runner/work/orbit/orbit/.kimi-probe/.dd-ios/Build/Intermediates.noindex/KimiProbe.build/Debug-iphonesimulator/KimiProbe.build/KimiProbe-generated-files.hmap (in target 'KimiProbe' from project 'KimiProbe')
    cd /Users/runner/work/orbit/orbit/.kimi-probe
    write-file /Users/runner/work/orbit/orbit/.kimi-probe/.dd-ios/Build/Intermediates.noindex/KimiProbe.build/Debug-iphonesimulator/KimiProbe.build/KimiProbe-generated-files.hmap

WriteAuxiliaryFile /Users/runner/work/orbit/orbit/.kimi-probe/.dd-ios/Build/Intermediates.noindex/KimiProbe.build/Debug-iphonesimulator/KimiProbe.build/KimiProbe-all-target-headers.hmap (in target 'KimiProbe' from project 'KimiProbe')
    cd /Users/runner/work/orbit/orbit/.kimi-probe
    write-file /Users/runner/work/orbit/orbit/.kimi-probe/.dd-ios/Build/Intermediates.noindex/KimiProbe.build/Debug-iphonesimulator/KimiProbe.build/KimiProbe-all-target-headers.hmap

WriteAuxiliaryFile /Users/runner/work/orbit/orbit/.kimi-probe/.dd-ios/Build/Intermediates.noindex/KimiProbe.build/Debug-iphonesimulator/KimiProbe.build/KimiProbe-all-non-framework-target-headers.hmap (in target 'KimiProbe' from project 'KimiProbe')
    cd /Users/runner/work/orbit/orbit/.kimi-probe
    write-file /Users/runner/work/orbit/orbit/.kimi-probe/.dd-ios/Build/Intermediates.noindex/KimiProbe.build/Debug-iphonesimulator/KimiProbe.build/KimiProbe-all-non-framework-target-headers.hmap

WriteAuxiliaryFile /Users/runner/work/orbit/orbit/.kimi-probe/.dd-ios/Build/Intermediates.noindex/KimiProbe.build/Debug-iphonesimulator/KimiProbe.build/KimiProbe-DebugDylibPath-normal-arm64.txt (in target 'KimiProbe' from project 'KimiProbe')
    cd /Users/runner/work/orbit/orbit/.kimi-probe
    write-file /Users/runner/work/orbit/orbit/.kimi-probe/.dd-ios/Build/Intermediates.noindex/KimiProbe.build/Debug-iphonesimulator/KimiProbe.build/KimiProbe-DebugDylibPath-normal-arm64.txt

WriteAuxiliaryFile /Users/runner/work/orbit/orbit/.kimi-probe/.dd-ios/Build/Intermediates.noindex/KimiProbe.build/Debug-iphonesimulator/KimiProbe.build/KimiProbe-DebugDylibInstallName-normal-arm64.txt (in target 'KimiProbe' from project 'KimiProbe')
    cd /Users/runner/work/orbit/orbit/.kimi-probe
    write-file /Users/runner/work/orbit/orbit/.kimi-probe/.dd-ios/Build/Intermediates.noindex/KimiProbe.build/Debug-iphonesimulator/KimiProbe.build/KimiProbe-DebugDylibInstallName-normal-arm64.txt

WriteAuxiliaryFile /Users/runner/work/orbit/orbit/.kimi-probe/.dd-ios/Build/Intermediates.noindex/KimiProbe.build/Debug-iphonesimulator/KimiProbe.build/DerivedSources/Entitlements-Simulated.plist (in target 'KimiProbe' from project 'KimiProbe')
    cd /Users/runner/work/orbit/orbit/.kimi-probe
    write-file /Users/runner/work/orbit/orbit/.kimi-probe/.dd-ios/Build/Intermediates.noindex/KimiProbe.build/Debug-iphonesimulator/KimiProbe.build/DerivedSources/Entitlements-Simulated.plist

WriteAuxiliaryFile /Users/runner/work/orbit/orbit/.kimi-probe/.dd-ios/Build/Intermediates.noindex/swift-markdown.build/Debug-iphonesimulator/CAtomic.build/Objects-normal/arm64/CAtomic.LinkFileList (in target 'CAtomic' from project 'swift-markdown')
    cd /Users/runner/work/orbit/orbit/.kimi-probe/.dd-ios/SourcePackages/checkouts/swift-markdown
    write-file /Users/runner/work/orbit/orbit/.kimi-probe/.dd-ios/Build/Intermediates.noindex/swift-markdown.build/Debug-iphonesimulator/CAtomic.build/Objects-normal/arm64/CAtomic.LinkFileList

WriteAuxiliaryFile /Users/runner/work/orbit/orbit/.kimi-probe/.dd-ios/Build/Intermediates.noindex/swift-markdown.build/Debug-iphonesimulator/CAtomic.build/Objects-normal/arm64/7187679823f38a2a940e0043cdf9d637-common-args.resp (in target 'CAtomic' from project 'swift-markdown')
    cd /Users/runner/work/orbit/orbit/.kimi-probe/.dd-ios/SourcePackages/checkouts/swift-markdown
    write-file /Users/runner/work/orbit/orbit/.kimi-probe/.dd-ios/Build/Intermediates.noindex/swift-markdown.build/Debug-iphonesimulator/CAtomic.build/Objects-normal/arm64/7187679823f38a2a940e0043cdf9d637-common-args.resp
-fmodules -gmodules '-fmodules-cache-path=/Users/runner/work/orbit/orbit/.kimi-probe/.dd-ios/ModuleCache.noindex' '-fmodule-name=CAtomic' -fpascal-strings -O0 -DSWIFT_PACKAGE '-DDEBUG=1' -g -I/Users/runner/work/orbit/orbit/.kimi-probe/.dd-ios/Build/Products/Debug-iphonesimulator/include -I/Users/runner/work/orbit/orbit/.kimi-probe/.dd-ios/SourcePackages/checkouts/swift-markdown/Sources/CAtomic/include -I/Users/runner/work/orbit/orbit/.kimi-probe/.dd-ios/Build/Intermediates.noindex/swift-markdown.build/Debug-iphonesimulator/CAtomic.build/DerivedSources-normal/arm64 -I/Users/runner/work/orbit/orbit/.kimi-probe/.dd-ios/Build/Intermediates.noindex/swift-markdown.build/Debug-iphonesimulator/CAtomic.build/DerivedSources/arm64 -I/Users/runner/work/orbit/orbit/.kimi-probe/.dd-ios/Build/Intermediates.noindex/swift-markdown.build/Debug-iphonesimulator/CAtomic.build/DerivedSources -F/Users/runner/work/orbit/orbit/.kimi-probe/.dd-ios/Build/Products/Debug-iphonesimulator -iframework /Applications/Xcode_26.6.app/Contents/Developer/Platforms/iPhoneSimulator.platform/Developer/Library/Frameworks -iframework /Applications/Xcode_26.6.app/Contents/Developer/Platforms/iPhoneSimulator.platform/Developer/SDKs/iPhoneSimulator26.5.sdk/Developer/Library/Frameworks -DXcode

WriteAuxiliaryFile /Users/runner/work/orbit/orbit/.kimi-probe/.dd-ios/Build/Intermediates.noindex/swift-markdown.build/Debug-iphonesimulator/CAtomic.build/CAtomic.DependencyStaticMetadataFileList (in target 'CAtomic' from project 'swift-markdown')
    cd /Users/runner/work/orbit/orbit/.kimi-probe/.dd-ios/SourcePackages/checkouts/swift-markdown
    write-file /Users/runner/work/orbit/orbit/.kimi-probe/.dd-ios/Build/Intermediates.noindex/swift-markdown.build/Debug-iphonesimulator/CAtomic.build/CAtomic.DependencyStaticMetadataFileList

WriteAuxiliaryFile /Users/runner/work/orbit/orbit/.kimi-probe/.dd-ios/Build/Intermediates.noindex/swift-markdown.build/Debug-iphonesimulator/CAtomic.build/CAtomic.DependencyMetadataFileList (in target 'CAtomic' from project 'swift-markdown')
    cd /Users/runner/work/orbit/orbit/.kimi-probe/.dd-ios/SourcePackages/checkouts/swift-markdown
    write-file /Users/runner/work/orbit/orbit/.kimi-probe/.dd-ios/Build/Intermediates.noindex/swift-markdown.build/Debug-iphonesimulator/CAtomic.build/CAtomic.DependencyMetadataFileList

MkDir /Users/runner/work/orbit/orbit/.kimi-probe/.dd-ios/Build/Products/Debug-iphonesimulator/KimiProbeUITests-Runner.app/PlugIns/KimiProbeUITests.xctest (in target 'KimiProbeUITests' from project 'KimiProbe')
    cd /Users/runner/work/orbit/orbit/.kimi-probe
    /bin/mkdir -p /Users/runner/work/orbit/orbit/.kimi-probe/.dd-ios/Build/Products/Debug-iphonesimulator/KimiProbeUITests-Runner.app/PlugIns/KimiProbeUITests.xctest

MkDir /Users/runner/work/orbit/orbit/.kimi-probe/.dd-ios/Build/Products/Debug-iphonesimulator/KimiProbe.app (in target 'KimiProbe' from project 'KimiProbe')
    cd /Users/runner/work/orbit/orbit/.kimi-probe
    /bin/mkdir -p /Users/runner/work/orbit/orbit/.kimi-probe/.dd-ios/Build/Products/Debug-iphonesimulator/KimiProbe.app

SwiftDriver Markdown normal arm64 com.apple.xcode.tools.swift.compiler (in target 'Markdown' from project 'swift-markdown')
    cd /Users/runner/work/orbit/orbit/.kimi-probe/KimiProbe.xcodeproj
    builtin-SwiftDriver -- /Applications/Xcode_26.6.app/Contents/Developer/Toolchains/XcodeDefault.xctoolchain/usr/bin/swiftc -module-name Markdown -Onone @/Users/runner/work/orbit/orbit/.kimi-probe/.dd-ios/Build/Intermediates.noindex/swift-markdown.build/Debug-iphonesimulator/Markdown.build/Objects-normal/arm64/Markdown.SwiftFileList -DSWIFT_PACKAGE -DDEBUG -DSWIFT_MODULE_RESOURCE_BUNDLE_UNAVAILABLE -DXcode -plugin-path /Applications/Xcode_26.6.app/Contents/Developer/Toolchains/XcodeDefault.xctoolchain/usr/lib/swift/host/plugins/testing -enable-experimental-feature DebugDescriptionMacro -sdk /Applications/Xcode_26.6.app/Contents/Developer/Platforms/iPhoneSimulator.platform/Developer/SDKs/iPhoneSimulator26.5.sdk -target arm64-apple-ios12.0-simulator -g -module-cache-path /Users/runner/work/orbit/orbit/.kimi-probe/.dd-ios/ModuleCache.noindex -Xfrontend -serialize-debugging-options -enable-testing -suppress-warnings -index-store-path /Users/runner/work/orbit/orbit/.kimi-probe/.dd-ios/Index.noindex/DataStore -Xcc -D_LIBCPP_HARDENING_MODE\=_LIBCPP_HARDENING_MODE_DEBUG -swift-version 5 -I /Users/runner/work/orbit/orbit/.kimi-probe/.dd-ios/Build/Products/Debug-iphonesimulator -Isystem /Applications/Xcode_26.6.app/Contents/Developer/Platforms/iPhoneSimulator.platform/Developer/usr/lib -F /Users/runner/work/orbit/orbit/.kimi-probe/.dd-ios/Build/Products/Debug-iphonesimulator/PackageFrameworks -F /Users/runner/work/orbit/orbit/.kimi-probe/.dd-ios/Build/Products/Debug-iphonesimulator/PackageFrameworks -F /Users/runner/work/orbit/orbit/.kimi-probe/.dd-ios/Build/Products/Debug-iphonesimulator/PackageFrameworks -F /Users/runner/work/orbit/orbit/.kimi-probe/.dd-ios/Build/Products/Debug-iphonesimulator -F /Applications/Xcode_26.6.app/Contents/Developer/Platforms/iPhoneSimulator.platform/Developer/Library/Frameworks -F /Applications/Xcode_26.6.app/Contents/Developer/Platforms/iPhoneSimulator.platform/Developer/SDKs/iPhoneSimulator26.5.sdk/Developer/Library/Frameworks -c -j3 -enable-batch-mode -incremental -Xcc -ivfsstatcache -Xcc /Users/runner/work/orbit/orbit/.kimi-probe/.dd-ios/SDKStatCaches.noindex/iphonesimulator26.5-23F81a-688ef53f1462e2c8f657fdc38a81448ff45c64a1807a658693f2a61704f17a36.sdkstatcache -output-file-map /Users/runner/work/orbit/orbit/.kimi-probe/.dd-ios/Build/Intermediates.noindex/swift-markdown.build/Debug-iphonesimulator/Markdown.build/Objects-normal/arm64/Markdown-OutputFileMap.json -use-frontend-parseable-output -save-temps -no-color-diagnostics -explicit-module-build -module-cache-path /Users/runner/work/orbit/orbit/.kimi-probe/.dd-ios/Build/Intermediates.noindex/SwiftExplicitPrecompiledModules -clang-scanner-module-cache-path /Users/runner/work/orbit/orbit/.kimi-probe/.dd-ios/ModuleCache.noindex -sdk-module-cache-path /Users/runner/work/orbit/orbit/.kimi-probe/.dd-ios/ModuleCache.noindex -serialize-diagnostics -emit-dependencies -emit-module -emit-module-path /Users/runner/work/orbit/orbit/.kimi-probe/.dd-ios/Build/Intermediates.noindex/swift-markdown.build/Debug-iphonesimulator/Markdown.build/Objects-normal/arm64/Markdown.swiftmodule -user-module-version 0.9.0 -validate-clang-modules-once -clang-build-session-file /Users/runner/work/orbit/orbit/.kimi-probe/.dd-ios/ModuleCache.noindex/Session.modulevalidation -package-name swift_markdown -Xcc -I/Users/runner/work/orbit/orbit/.kimi-probe/.dd-ios/Build/Intermediates.noindex/swift-markdown.build/Debug-iphonesimulator/Markdown.build/swift-overrides.hmap -emit-const-values -Xfrontend -const-gather-protocols-file -Xfrontend /Users/runner/work/orbit/orbit/.kimi-probe/.dd-ios/Build/Intermediates.noindex/swift-markdown.build/Debug-iphonesimulator/Markdown.build/Objects-normal/arm64/Markdown_const_extract_protocols.json -Xcc -I/Users/runner/work/orbit/orbit/.kimi-probe/.dd-ios/SourcePackages/checkouts/swift-cmark/src/include -Xcc -I/Users/runner/work/orbit/orbit/.kimi-probe/.dd-ios/SourcePackages/checkouts/swift-cmark/extensions/include -Xcc -I/Users/runner/work/orbit/orbit/.kimi-probe/.dd-ios/SourcePackages/checkouts/swift-markdown/Sources/CAtomic/include -Xcc -I/Users/runner/work/orbit/orbit/.kimi-probe/.dd-ios/Build/Products/Debug-iphonesimulator/include -Xcc -I/Users/runner/work/orbit/orbit/.kimi-probe/.dd-ios/Build/Intermediates.noindex/swift-markdown.build/Debug-iphonesimulator/Markdown.build/DerivedSources-normal/arm64 -Xcc -I/Users/runner/work/orbit/orbit/.kimi-probe/.dd-ios/Build/Intermediates.noindex/swift-markdown.build/Debug-iphonesimulator/Markdown.build/DerivedSources/arm64 -Xcc -I/Users/runner/work/orbit/orbit/.kimi-probe/.dd-ios/Build/Intermediates.noindex/swift-markdown.build/Debug-iphonesimulator/Markdown.build/DerivedSources -Xcc -DSWIFT_PACKAGE -Xcc -DDEBUG\=1 -emit-objc-header -emit-objc-header-path /Users/runner/work/orbit/orbit/.kimi-probe/.dd-ios/Build/Intermediates.noindex/swift-markdown.build/Debug-iphonesimulator/Markdown.build/Objects-normal/arm64/Markdown-Swift.h -working-directory /Users/runner/work/orbit/orbit/.kimi-probe/KimiProbe.xcodeproj -experimental-emit-module-separately -disable-cmo

ScanDependencies /Users/runner/work/orbit/orbit/.kimi-probe/.dd-ios/Build/Intermediates.noindex/cmark-gfm.build/Debug-iphonesimulator/cmark-gfm.build/Objects-normal/arm64/xml.o /Users/runner/work/orbit/orbit/.kimi-probe/.dd-ios/SourcePackages/checkouts/swift-cmark/src/xml.c normal arm64 c com.apple.compilers.llvm.clang.1_0.compiler (in target 'cmark-gfm' from project 'cmark-gfm')
    cd /Users/runner/work/orbit/orbit/.kimi-probe/KimiProbe.xcodeproj
    
    Using response file: /Users/runner/work/orbit/orbit/.kimi-probe/.dd-ios/Build/Intermediates.noindex/cmark-gfm.build/Debug-iphonesimulator/cmark-gfm.build/Objects-normal/arm64/7187679823f38a2a940e0043cdf9d637-common-args.resp
    
    builtin-ScanDependencies -o /Users/runner/work/orbit/orbit/.kimi-probe/.dd-ios/Build/Intermediates.noindex/cmark-gfm.build/Debug-iphonesimulator/cmark-gfm.build/Objects-normal/arm64/xml.o.scan -- /Applications/Xcode_26.6.app/Contents/Developer/Toolchains/XcodeDefault.xctoolchain/usr/bin/clang -x c -ivfsstatcache /Users/runner/work/orbit/orbit/.kimi-probe/.dd-ios/SDKStatCaches.noindex/iphonesimulator26.5-23F81a-688ef53f1462e2c8f657fdc38a81448ff45c64a1807a658693f2a61704f17a36.sdkstatcache -target arm64-apple-ios12.0-simulator -fmessage-length\=0 -fdiagnostics-show-note-include-stack -fmacro-backtrace-limit\=0 -fno-color-diagnostics -fmodules-prune-interval\=86400 -fmodules-prune-after\=345600 -fbuild-session-file\=/Users/runner/work/orbit/orbit/.kimi-probe/.dd-ios/ModuleCache.noindex/Session.modulevalidation -fmodules-validate-once-per-build-session -Wnon-modular-include-in-framework-module -Werror\=non-modular-include-in-framework-module -Wno-trigraphs -Wno-missing-field-initializers -Wno-missing-prototypes -Wno-return-type -Wno-missing-braces -Wparentheses -Wswitch -Wno-unused-function -Wno-unused-label -Wno-unused-parameter -Wno-unused-variable -Wunused-value -Wno-empty-body -Wno-uninitialized -Wno-unknown-pragmas -w -Wno-shadow -Wno-four-char-constants -Wno-conversion -Wno-constant-conversion -Wno-int-conversion -Wno-bool-conversion -Wno-enum-conversion -Wno-float-conversion -Wno-non-literal-null-conversion -Wno-objc-literal-conversion -Wshorten-64-to-32 -Wpointer-sign -Wno-newline-eof -Wno-implicit-fallthrough -isysroot /Applications/Xcode_26.6.app/Contents/Developer/Platforms/iPhoneSimulator.platform/Developer/SDKs/iPhoneSimulator26.5.sdk -fstrict-aliasing -Wdeprecated-declarations -Wno-sign-conversion -Wno-infinite-recursion -Wno-comma -Wno-block-capture-autoreleasing -Wno-strict-prototypes -Wno-semicolon-before-method-body -index-store-path /Users/runner/work/orbit/orbit/.kimi-probe/.dd-ios/Index.noindex/DataStore @/Users/runner/work/orbit/orbit/.kimi-probe/.dd-ios/Build/Intermediates.noindex/cmark-gfm.build/Debug-iphonesimulator/cmark-gfm.build/Objects-normal/arm64/7187679823f38a2a940e0043cdf9d637-common-args.resp -MMD -MT dependencies -MF /Users/runner/work/orbit/orbit/.kimi-probe/.dd-ios/Build/Intermediates.noindex/cmark-gfm.build/Debug-iphonesimulator/cmark-gfm.build/Objects-normal/arm64/xml.d --serialize-diagnostics /Users/runner/work/orbit/orbit/.kimi-probe/.dd-ios/Build/Intermediates.noindex/cmark-gfm.build/Debug-iphonesimulator/cmark-gfm.build/Objects-normal/arm64/xml.dia -c /Users/runner/work/orbit/orbit/.kimi-probe/.dd-ios/SourcePackages/checkouts/swift-cmark/src/xml.c -o /Users/runner/work/orbit/orbit/.kimi-probe/.dd-ios/Build/Intermediates.noindex/cmark-gfm.build/Debug-iphonesimulator/cmark-gfm.build/Objects-normal/arm64/xml.o -index-unit-output-path /cmark-gfm.build/Debug-iphonesimulator/cmark-gfm.build/Objects-normal/arm64/xml.o

ScanDependencies /Users/runner/work/orbit/orbit/.kimi-probe/.dd-ios/Build/Intermediates.noindex/cmark-gfm.build/Debug-iphonesimulator/cmark-gfm-extensions.build/Objects-normal/arm64/tasklist.o /Users/runner/work/orbit/orbit/.kimi-probe/.dd-ios/SourcePackages/checkouts/swift-cmark/extensions/tasklist.c normal arm64 c com.apple.compilers.llvm.clang.1_0.compiler (in target 'cmark-gfm-extensions' from project 'cmark-gfm')
    cd /Users/runner/work/orbit/orbit/.kimi-probe/KimiProbe.xcodeproj
    
    Using response file: /Users/runner/work/orbit/orbit/.kimi-probe/.dd-ios/Build/Intermediates.noindex/cmark-gfm.build/Debug-iphonesimulator/cmark-gfm-extensions.build/Objects-normal/arm64/7187679823f38a2a940e0043cdf9d637-common-args.resp
    
    builtin-ScanDependencies -o /Users/runner/work/orbit/orbit/.kimi-probe/.dd-ios/Build/Intermediates.noindex/cmark-gfm.build/Debug-iphonesimulator/cmark-gfm-extensions.build/Objects-normal/arm64/tasklist.o.scan -- /Applications/Xcode_26.6.app/Contents/Developer/Toolchains/XcodeDefault.xctoolchain/usr/bin/clang -x c -ivfsstatcache /Users/runner/work/orbit/orbit/.kimi-probe/.dd-ios/SDKStatCaches.noindex/iphonesimulator26.5-23F81a-688ef53f1462e2c8f657fdc38a81448ff45c64a1807a658693f2a61704f17a36.sdkstatcache -target arm64-apple-ios12.0-simulator -fmessage-length\=0 -fdiagnostics-show-note-include-stack -fmacro-backtrace-limit\=0 -fno-color-diagnostics -fmodules-prune-interval\=86400 -fmodules-prune-after\=345600 -fbuild-session-file\=/Users/runner/work/orbit/orbit/.kimi-probe/.dd-ios/ModuleCache.noindex/Session.modulevalidation -fmodules-validate-once-per-build-session -Wnon-modular-include-in-framework-module -Werror\=non-modular-include-in-framework-module -Wno-trigraphs -Wno-missing-field-initializers -Wno-missing-prototypes -Wno-return-type -Wno-missing-braces -Wparentheses -Wswitch -Wno-unused-function -Wno-unused-label -Wno-unused-parameter -Wno-unused-variable -Wunused-value -Wno-empty-body -Wno-uninitialized -Wno-unknown-pragmas -w -Wno-shadow -Wno-four-char-constants -Wno-conversion -Wno-constant-conversion -Wno-int-conversion -Wno-bool-conversion -Wno-enum-conversion -Wno-float-conversion -Wno-non-literal-null-conversion -Wno-objc-literal-conversion -Wshorten-64-to-32 -Wpointer-sign -Wno-newline-eof -Wno-implicit-fallthrough -isysroot /Applications/Xcode_26.6.app/Contents/Developer/Platforms/iPhoneSimulator.platform/Developer/SDKs/iPhoneSimulator26.5.sdk -fstrict-aliasing -Wdeprecated-declarations -Wno-sign-conversion -Wno-infinite-recursion -Wno-comma -Wno-block-capture-autoreleasing -Wno-strict-prototypes -Wno-semicolon-before-method-body -index-store-path /Users/runner/work/orbit/orbit/.kimi-probe/.dd-ios/Index.noindex/DataStore @/Users/runner/work/orbit/orbit/.kimi-probe/.dd-ios/Build/Intermediates.noindex/cmark-gfm.build/Debug-iphonesimulator/cmark-gfm-extensions.build/Objects-normal/arm64/7187679823f38a2a940e0043cdf9d637-common-args.resp -MMD -MT dependencies -MF /Users/runner/work/orbit/orbit/.kimi-probe/.dd-ios/Build/Intermediates.noindex/cmark-gfm.build/Debug-iphonesimulator/cmark-gfm-extensions.build/Objects-normal/arm64/tasklist.d --serialize-diagnostics /Users/runner/work/orbit/orbit/.kimi-probe/.dd-ios/Build/Intermediates.noindex/cmark-gfm.build/Debug-iphonesimulator/cmark-gfm-extensions.build/Objects-normal/arm64/tasklist.dia -c /Users/runner/work/orbit/orbit/.kimi-probe/.dd-ios/SourcePackages/checkouts/swift-cmark/extensions/tasklist.c -o /Users/runner/work/orbit/orbit/.kimi-probe/.dd-ios/Build/Intermediates.noindex/cmark-gfm.build/Debug-iphonesimulator/cmark-gfm-extensions.build/Objects-normal/arm64/tasklist.o -index-unit-output-path /cmark-gfm.build/Debug-iphonesimulator/cmark-gfm-extensions.build/Objects-normal/arm64/tasklist.o

ScanDependencies /Users/runner/work/orbit/orbit/.kimi-probe/.dd-ios/Build/Intermediates.noindex/cmark-gfm.build/Debug-iphonesimulator/cmark-gfm-extensions.build/Objects-normal/arm64/tagfilter.o /Users/runner/work/orbit/orbit/.kimi-probe/.dd-ios/SourcePackages/checkouts/swift-cmark/extensions/tagfilter.c normal arm64 c com.apple.compilers.llvm.clang.1_0.compiler (in target 'cmark-gfm-extensions' from project 'cmark-gfm')
    cd /Users/runner/work/orbit/orbit/.kimi-probe/KimiProbe.xcodeproj
    
    Using response file: /Users/runner/work/orbit/orbit/.kimi-probe/.dd-ios/Build/Intermediates.noindex/cmark-gfm.build/Debug-iphonesimulator/cmark-gfm-extensions.build/Objects-normal/arm64/7187679823f38a2a940e0043cdf9d637-common-args.resp
    
    builtin-ScanDependencies -o /Users/runner/work/orbit/orbit/.kimi-probe/.dd-ios/Build/Intermediates.noindex/cmark-gfm.build/Debug-iphonesimulator/cmark-gfm-extensions.build/Objects-normal/arm64/tagfilter.o.scan -- /Applications/Xcode_26.6.app/Contents/Developer/Toolchains/XcodeDefault.xctoolchain/usr/bin/clang -x c -ivfsstatcache /Users/runner/work/orbit/orbit/.kimi-probe/.dd-ios/SDKStatCaches.noindex/iphonesimulator26.5-23F81a-688ef53f1462e2c8f657fdc38a81448ff45c64a1807a658693f2a61704f17a36.sdkstatcache -target arm64-apple-ios12.0-simulator -fmessage-length\=0 -fdiagnostics-show-note-include-stack -fmacro-backtrace-limit\=0 -fno-color-diagnostics -fmodules-prune-interval\=86400 -fmodules-prune-after\=345600 -fbuild-session-file\=/Users/runner/work/orbit/orbit/.kimi-probe/.dd-ios/ModuleCache.noindex/Session.modulevalidation -fmodules-validate-once-per-build-session -Wnon-modular-include-in-framework-module -Werror\=non-modular-include-in-framework-module -Wno-trigraphs -Wno-missing-field-initializers -Wno-missing-prototypes -Wno-return-type -Wno-missing-braces -Wparentheses -Wswitch -Wno-unused-function -Wno-unused-label -Wno-unused-parameter -Wno-unused-variable -Wunused-value -Wno-empty-body -Wno-uninitialized -Wno-unknown-pragmas -w -Wno-shadow -Wno-four-char-constants -Wno-conversion -Wno-constant-conversion -Wno-int-conversion -Wno-bool-conversion -Wno-enum-conversion -Wno-float-conversion -Wno-non-literal-null-conversion -Wno-objc-literal-conversion -Wshorten-64-to-32 -Wpointer-sign -Wno-newline-eof -Wno-implicit-fallthrough -isysroot /Applications/Xcode_26.6.app/Contents/Developer/Platforms/iPhoneSimulator.platform/Developer/SDKs/iPhoneSimulator26.5.sdk -fstrict-aliasing -Wdeprecated-declarations -Wno-sign-conversion -Wno-infinite-recursion -Wno-comma -Wno-block-capture-autoreleasing -Wno-strict-prototypes -Wno-semicolon-before-method-body -index-store-path /Users/runner/work/orbit/orbit/.kimi-probe/.dd-ios/Index.noindex/DataStore @/Users/runner/work/orbit/orbit/.kimi-probe/.dd-ios/Build/Intermediates.noindex/cmark-gfm.build/Debug-iphonesimulator/cmark-gfm-extensions.build/Objects-normal/arm64/7187679823f38a2a940e0043cdf9d637-common-args.resp -MMD -MT dependencies -MF /Users/runner/work/orbit/orbit/.kimi-probe/.dd-ios/Build/Intermediates.noindex/cmark-gfm.build/Debug-iphonesimulator/cmark-gfm-extensions.build/Objects-normal/arm64/tagfilter.d --serialize-diagnostics /Users/runner/work/orbit/orbit/.kimi-probe/.dd-ios/Build/Intermediates.noindex/cmark-gfm.build/Debug-iphonesimulator/cmark-gfm-extensions.build/Objects-normal/arm64/tagfilter.dia -c /Users/runner/work/orbit/orbit/.kimi-probe/.dd-ios/SourcePackages/checkouts/swift-cmark/extensions/tagfilter.c -o /Users/runner/work/orbit/orbit/.kimi-probe/.dd-ios/Build/Intermediates.noindex/cmark-gfm.build/Debug-iphonesimulator/cmark-gfm-extensions.build/Objects-normal/arm64/tagfilter.o -index-unit-output-path /cmark-gfm.build/Debug-iphonesimulator/cmark-gfm-extensions.build/Objects-normal/arm64/tagfilter.o

PrecompileModule /Users/runner/work/orbit/orbit/.kimi-probe/.dd-ios/Build/Intermediates.noindex/ExplicitPrecompiledModules/_Builtin_stdbool-EQQ7QF28DS342VY1CWISL25U0.scan
    cd /
    builtin-precompileModule /Users/runner/work/orbit/orbit/.kimi-probe/.dd-ios/Build/Intermediates.noindex/ExplicitPrecompiledModules/_Builtin_stdbool-EQQ7QF28DS342VY1CWISL25U0.scan

PrecompileModule /Users/runner/work/orbit/orbit/.kimi-probe/.dd-ios/Build/Intermediates.noindex/ExplicitPrecompiledModules/_Builtin_stddef-CYNSSMQ5WUXR2MBETV6EKAFA0.scan
    cd /
    builtin-precompileModule /Users/runner/work/orbit/orbit/.kimi-probe/.dd-ios/Build/Intermediates.noindex/ExplicitPrecompiledModules/_Builtin_stddef-CYNSSMQ5WUXR2MBETV6EKAFA0.scan

PrecompileModule /Users/runner/work/orbit/orbit/.kimi-probe/.dd-ios/Build/Intermediates.noindex/ExplicitPrecompiledModules/ptrcheck-B6UW8SQTMUER099P374P18ATQ.scan
    cd /
    builtin-precompileModule /Users/runner/work/orbit/orbit/.kimi-probe/.dd-ios/Build/Intermediates.noindex/ExplicitPrecompiledModules/ptrcheck-B6UW8SQTMUER099P374P18ATQ.scan

PrecompileModule /Users/runner/work/orbit/orbit/.kimi-probe/.dd-ios/Build/Intermediates.noindex/ExplicitPrecompiledModules/_Builtin_stdarg-5TVE0V69Z35Y3ISWZ3X9A3WYB.scan
    cd /
    builtin-precompileModule /Users/runner/work/orbit/orbit/.kimi-probe/.dd-ios/Build/Intermediates.noindex/ExplicitPrecompiledModules/_Builtin_stdarg-5TVE0V69Z35Y3ISWZ3X9A3WYB.scan

PrecompileModule /Users/runner/work/orbit/orbit/.kimi-probe/.dd-ios/Build/Intermediates.noindex/ExplicitPrecompiledModules/_AvailabilityInternal-7A1UQF7PLTGZDMR5HYTW8IRW7.scan
    cd /
    builtin-precompileModule /Users/runner/work/orbit/orbit/.kimi-probe/.dd-ios/Build/Intermediates.noindex/ExplicitPrecompiledModules/_AvailabilityInternal-7A1UQF7PLTGZDMR5HYTW8IRW7.scan

ScanDependencies /Users/runner/work/orbit/orbit/.kimi-probe/.dd-ios/Build/Intermediates.noindex/cmark-gfm.build/Debug-iphonesimulator/cmark-gfm-extensions.build/Objects-normal/arm64/table.o /Users/runner/work/orbit/orbit/.kimi-probe/.dd-ios/SourcePackages/checkouts/swift-cmark/extensions/table.c normal arm64 c com.apple.compilers.llvm.clang.1_0.compiler (in target 'cmark-gfm-extensions' from project 'cmark-gfm')
    cd /Users/runner/work/orbit/orbit/.kimi-probe/KimiProbe.xcodeproj
    
    Using response file: /Users/runner/work/orbit/orbit/.kimi-probe/.dd-ios/Build/Intermediates.noindex/cmark-gfm.build/Debug-iphonesimulator/cmark-gfm-extensions.build/Objects-normal/arm64/7187679823f38a2a940e0043cdf9d637-common-args.resp
    
    builtin-ScanDependencies -o /Users/runner/work/orbit/orbit/.kimi-probe/.dd-ios/Build/Intermediates.noindex/cmark-gfm.build/Debug-iphonesimulator/cmark-gfm-extensions.build/Objects-normal/arm64/table.o.scan -- /Applications/Xcode_26.6.app/Contents/Developer/Toolchains/XcodeDefault.xctoolchain/usr/bin/clang -x c -ivfsstatcache /Users/runner/work/orbit/orbit/.kimi-probe/.dd-ios/SDKStatCaches.noindex/iphonesimulator26.5-23F81a-688ef53f1462e2c8f657fdc38a81448ff45c64a1807a658693f2a61704f17a36.sdkstatcache -target arm64-apple-ios12.0-simulator -fmessage-length\=0 -fdiagnostics-show-note-include-stack -fmacro-backtrace-limit\=0 -fno-color-diagnostics -fmodules-prune-interval\=86400 -fmodules-prune-after\=345600 -fbuild-session-file\=/Users/runner/work/orbit/orbit/.kimi-probe/.dd-ios/ModuleCache.noindex/Session.modulevalidation -fmodules-validate-once-per-build-session -Wnon-modular-include-in-framework-module -Werror\=non-modular-include-in-framework-module -Wno-trigraphs -Wno-missing-field-initializers -Wno-missing-prototypes -Wno-return-type -Wno-missing-braces -Wparentheses -Wswitch -Wno-unused-function -Wno-unused-label -Wno-unused-parameter -Wno-unused-variable -Wunused-value -Wno-empty-body -Wno-uninitialized -Wno-unknown-pragmas -w -Wno-shadow -Wno-four-char-constants -Wno-conversion -Wno-constant-conversion -Wno-int-conversion -Wno-bool-conversion -Wno-enum-conversion -Wno-float-conversion -Wno-non-literal-null-conversion -Wno-objc-literal-conversion -Wshorten-64-to-32 -Wpointer-sign -Wno-newline-eof -Wno-implicit-fallthrough -isysroot /Applications/Xcode_26.6.app/Contents/Developer/Platforms/iPhoneSimulator.platform/Developer/SDKs/iPhoneSimulator26.5.sdk -fstrict-aliasing -Wdeprecated-declarations -Wno-sign-conversion -Wno-infinite-recursion -Wno-comma -Wno-block-capture-autoreleasing -Wno-strict-prototypes -Wno-semicolon-before-method-body -index-store-path /Users/runner/work/orbit/orbit/.kimi-probe/.dd-ios/Index.noindex/DataStore @/Users/runner/work/orbit/orbit/.kimi-probe/.dd-ios/Build/Intermediates.noindex/cmark-gfm.build/Debug-iphonesimulator/cmark-gfm-extensions.build/Objects-normal/arm64/7187679823f38a2a940e0043cdf9d637-common-args.resp -MMD -MT dependencies -MF /Users/runner/work/orbit/orbit/.kimi-probe/.dd-ios/Build/Intermediates.noindex/cmark-gfm.build/Debug-iphonesimulator/cmark-gfm-extensions.build/Objects-normal/arm64/table.d --serialize-diagnostics /Users/runner/work/orbit/orbit/.kimi-probe/.dd-ios/Build/Intermediates.noindex/cmark-gfm.build/Debug-iphonesimulator/cmark-gfm-extensions.build/Objects-normal/arm64/table.dia -c /Users/runner/work/orbit/orbit/.kimi-probe/.dd-ios/SourcePackages/checkouts/swift-cmark/extensions/table.c -o /Users/runner/work/orbit/orbit/.kimi-probe/.dd-ios/Build/Intermediates.noindex/cmark-gfm.build/Debug-iphonesimulator/cmark-gfm-extensions.build/Objects-normal/arm64/table.o -index-unit-output-path /cmark-gfm.build/Debug-iphonesimulator/cmark-gfm-extensions.build/Objects-normal/arm64/table.o

ScanDependencies /Users/runner/work/orbit/orbit/.kimi-probe/.dd-ios/Build/Intermediates.noindex/cmark-gfm.build/Debug-iphonesimulator/cmark-gfm-extensions.build/Objects-normal/arm64/strikethrough.o /Users/runner/work/orbit/orbit/.kimi-probe/.dd-ios/SourcePackages/checkouts/swift-cmark/extensions/strikethrough.c normal arm64 c com.apple.compilers.llvm.clang.1_0.compiler (in target 'cmark-gfm-extensions' from project 'cmark-gfm')
    cd /Users/runner/work/orbit/orbit/.kimi-probe/KimiProbe.xcodeproj
    
    Using response file: /Users/runner/work/orbit/orbit/.kimi-probe/.dd-ios/Build/Intermediates.noindex/cmark-gfm.build/Debug-iphonesimulator/cmark-gfm-extensions.build/Objects-normal/arm64/7187679823f38a2a940e0043cdf9d637-common-args.resp
    
    builtin-ScanDependencies -o /Users/runner/work/orbit/orbit/.kimi-probe/.dd-ios/Build/Intermediates.noindex/cmark-gfm.build/Debug-iphonesimulator/cmark-gfm-extensions.build/Objects-normal/arm64/strikethrough.o.scan -- /Applications/Xcode_26.6.app/Contents/Developer/Toolchains/XcodeDefault.xctoolchain/usr/bin/clang -x c -ivfsstatcache /Users/runner/work/orbit/orbit/.kimi-probe/.dd-ios/SDKStatCaches.noindex/iphonesimulator26.5-23F81a-688ef53f1462e2c8f657fdc38a81448ff45c64a1807a658693f2a61704f17a36.sdkstatcache -target arm64-apple-ios12.0-simulator -fmessage-length\=0 -fdiagnostics-show-note-include-stack -fmacro-backtrace-limit\=0 -fno-color-diagnostics -fmodules-prune-interval\=86400 -fmodules-prune-after\=345600 -fbuild-session-file\=/Users/runner/work/orbit/orbit/.kimi-probe/.dd-ios/ModuleCache.noindex/Session.modulevalidation -fmodules-validate-once-per-build-session -Wnon-modular-include-in-framework-module -Werror\=non-modular-include-in-framework-module -Wno-trigraphs -Wno-missing-field-initializers -Wno-missing-prototypes -Wno-return-type -Wno-missing-braces -Wparentheses -Wswitch -Wno-unused-function -Wno-unused-label -Wno-unused-parameter -Wno-unused-variable -Wunused-value -Wno-empty-body -Wno-uninitialized -Wno-unknown-pragmas -w -Wno-shadow -Wno-four-char-constants -Wno-conversion -Wno-constant-conversion -Wno-int-conversion -Wno-bool-conversion -Wno-enum-conversion -Wno-float-conversion -Wno-non-literal-null-conversion -Wno-objc-literal-conversion -Wshorten-64-to-32 -Wpointer-sign -Wno-newline-eof -Wno-implicit-fallthrough -isysroot /Applications/Xcode_26.6.app/Contents/Developer/Platforms/iPhoneSimulator.platform/Developer/SDKs/iPhoneSimulator26.5.sdk -fstrict-aliasing -Wdeprecated-declarations -Wno-sign-conversion -Wno-infinite-recursion -Wno-comma -Wno-block-capture-autoreleasing -Wno-strict-prototypes -Wno-semicolon-before-method-body -index-store-path /Users/runner/work/orbit/orbit/.kimi-probe/.dd-ios/Index.noindex/DataStore @/Users/runner/work/orbit/orbit/.kimi-probe/.dd-ios/Build/Intermediates.noindex/cmark-gfm.build/Debug-iphonesimulator/cmark-gfm-extensions.build/Objects-normal/arm64/7187679823f38a2a940e0043cdf9d637-common-args.resp -MMD -MT dependencies -MF /Users/runner/work/orbit/orbit/.kimi-probe/.dd-ios/Build/Intermediates.noindex/cmark-gfm.build/Debug-iphonesimulator/cmark-gfm-extensions.build/Objects-normal/arm64/strikethrough.d --serialize-diagnostics /Users/runner/work/orbit/orbit/.kimi-probe/.dd-ios/Build/Intermediates.noindex/cmark-gfm.build/Debug-iphonesimulator/cmark-gfm-extensions.build/Objects-normal/arm64/strikethrough.dia -c /Users/runner/work/orbit/orbit/.kimi-probe/.dd-ios/SourcePackages/checkouts/swift-cmark/extensions/strikethrough.c -o /Users/runner/work/orbit/orbit/.kimi-probe/.dd-ios/Build/Intermediates.noindex/cmark-gfm.build/Debug-iphonesimulator/cmark-gfm-extensions.build/Objects-normal/arm64/strikethrough.o -index-unit-output-path /cmark-gfm.build/Debug-iphonesimulator/cmark-gfm-extensions.build/Objects-normal/arm64/strikethrough.o

ScanDependencies /Users/runner/work/orbit/orbit/.kimi-probe/.dd-ios/Build/Intermediates.noindex/cmark-gfm.build/Debug-iphonesimulator/cmark-gfm-extensions.build/Objects-normal/arm64/ext_scanners.o /Users/runner/work/orbit/orbit/.kimi-probe/.dd-ios/SourcePackages/checkouts/swift-cmark/extensions/ext_scanners.c normal arm64 c com.apple.compilers.llvm.clang.1_0.compiler (in target 'cmark-gfm-extensions' from project 'cmark-gfm')
    cd /Users/runner/work/orbit/orbit/.kimi-probe/KimiProbe.xcodeproj
    
    Using response file: /Users/runner/work/orbit/orbit/.kimi-probe/.dd-ios/Build/Intermediates.noindex/cmark-gfm.build/Debug-iphonesimulator/cmark-gfm-extensions.build/Objects-normal/arm64/7187679823f38a2a940e0043cdf9d637-common-args.resp
    
    builtin-ScanDependencies -o /Users/runner/work/orbit/orbit/.kimi-probe/.dd-ios/Build/Intermediates.noindex/cmark-gfm.build/Debug-iphonesimulator/cmark-gfm-extensions.build/Objects-normal/arm64/ext_scanners.o.scan -- /Applications/Xcode_26.6.app/Contents/Developer/Toolchains/XcodeDefault.xctoolchain/usr/bin/clang -x c -ivfsstatcache /Users/runner/work/orbit/orbit/.kimi-probe/.dd-ios/SDKStatCaches.noindex/iphonesimulator26.5-23F81a-688ef53f1462e2c8f657fdc38a81448ff45c64a1807a658693f2a61704f17a36.sdkstatcache -target arm64-apple-ios12.0-simulator -fmessage-length\=0 -fdiagnostics-show-note-include-stack -fmacro-backtrace-limit\=0 -fno-color-diagnostics -fmodules-prune-interval\=86400 -fmodules-prune-after\=345600 -fbuild-session-file\=/Users/runner/work/orbit/orbit/.kimi-probe/.dd-ios/ModuleCache.noindex/Session.modulevalidation -fmodules-validate-once-per-build-session -Wnon-modular-include-in-framework-module -Werror\=non-modular-include-in-framework-module -Wno-trigraphs -Wno-missing-field-initializers -Wno-missing-prototypes -Wno-return-type -Wno-missing-braces -Wparentheses -Wswitch -Wno-unused-function -Wno-unused-label -Wno-unused-parameter -Wno-unused-variable -Wunused-value -Wno-empty-body -Wno-uninitialized -Wno-unknown-pragmas -w -Wno-shadow -Wno-four-char-constants -Wno-conversion -Wno-constant-conversion -Wno-int-conversion -Wno-bool-conversion -Wno-enum-conversion -Wno-float-conversion -Wno-non-literal-null-conversion -Wno-objc-literal-conversion -Wshorten-64-to-32 -Wpointer-sign -Wno-newline-eof -Wno-implicit-fallthrough -isysroot /Applications/Xcode_26.6.app/Contents/Developer/Platforms/iPhoneSimulator.platform/Developer/SDKs/iPhoneSimulator26.5.sdk -fstrict-aliasing -Wdeprecated-declarations -Wno-sign-conversion -Wno-infinite-recursion -Wno-comma -Wno-block-capture-autoreleasing -Wno-strict-prototypes -Wno-semicolon-before-method-body -index-store-path /Users/runner/work/orbit/orbit/.kimi-probe/.dd-ios/Index.noindex/DataStore @/Users/runner/work/orbit/orbit/.kimi-probe/.dd-ios/Build/Intermediates.noindex/cmark-gfm.build/Debug-iphonesimulator/cmark-gfm-extensions.build/Objects-normal/arm64/7187679823f38a2a940e0043cdf9d637-common-args.resp -MMD -MT dependencies -MF /Users/runner/work/orbit/orbit/.kimi-probe/.dd-ios/Build/Intermediates.noindex/cmark-gfm.build/Debug-iphonesimulator/cmark-gfm-extensions.build/Objects-normal/arm64/ext_scanners.d --serialize-diagnostics /Users/runner/work/orbit/orbit/.kimi-probe/.dd-ios/Build/Intermediates.noindex/cmark-gfm.build/Debug-iphonesimulator/cmark-gfm-extensions.build/Objects-normal/arm64/ext_scanners.dia -c /Users/runner/work/orbit/orbit/.kimi-probe/.dd-ios/SourcePackages/checkouts/swift-cmark/extensions/ext_scanners.c -o /Users/runner/work/orbit/orbit/.kimi-probe/.dd-ios/Build/Intermediates.noindex/cmark-gfm.build/Debug-iphonesimulator/cmark-gfm-extensions.build/Objects-normal/arm64/ext_scanners.o -index-unit-output-path /cmark-gfm.build/Debug-iphonesimulator/cmark-gfm-extensions.build/Objects-normal/arm64/ext_scanners.o

ScanDependencies /Users/runner/work/orbit/orbit/.kimi-probe/.dd-ios/Build/Intermediates.noindex/cmark-gfm.build/Debug-iphonesimulator/cmark-gfm-extensions.build/Objects-normal/arm64/core-extensions.o /Users/runner/work/orbit/orbit/.kimi-probe/.dd-ios/SourcePackages/checkouts/swift-cmark/extensions/core-extensions.c normal arm64 c com.apple.compilers.llvm.clang.1_0.compiler (in target 'cmark-gfm-extensions' from project 'cmark-gfm')
    cd /Users/runner/work/orbit/orbit/.kimi-probe/KimiProbe.xcodeproj
    
    Using response file: /Users/runner/work/orbit/orbit/.kimi-probe/.dd-ios/Build/Intermediates.noindex/cmark-gfm.build/Debug-iphonesimulator/cmark-gfm-extensions.build/Objects-normal/arm64/7187679823f38a2a940e0043cdf9d637-common-args.resp
    
    builtin-ScanDependencies -o /Users/runner/work/orbit/orbit/.kimi-probe/.dd-ios/Build/Intermediates.noindex/cmark-gfm.build/Debug-iphonesimulator/cmark-gfm-extensions.build/Objects-normal/arm64/core-extensions.o.scan -- /Applications/Xcode_26.6.app/Contents/Developer/Toolchains/XcodeDefault.xctoolchain/usr/bin/clang -x c -ivfsstatcache /Users/runner/work/orbit/orbit/.kimi-probe/.dd-ios/SDKStatCaches.noindex/iphonesimulator26.5-23F81a-688ef53f1462e2c8f657fdc38a81448ff45c64a1807a658693f2a61704f17a36.sdkstatcache -target arm64-apple-ios12.0-simulator -fmessage-length\=0 -fdiagnostics-show-note-include-stack -fmacro-backtrace-limit\=0 -fno-color-diagnostics -fmodules-prune-interval\=86400 -fmodules-prune-after\=345600 -fbuild-session-file\=/Users/runner/work/orbit/orbit/.kimi-probe/.dd-ios/ModuleCache.noindex/Session.modulevalidation -fmodules-validate-once-per-build-session -Wnon-modular-include-in-framework-module -Werror\=non-modular-include-in-framework-module -Wno-trigraphs -Wno-missing-field-initializers -Wno-missing-prototypes -Wno-return-type -Wno-missing-braces -Wparentheses -Wswitch -Wno-unused-function -Wno-unused-label -Wno-unused-parameter -Wno-unused-variable -Wunused-value -Wno-empty-body -Wno-uninitialized -Wno-unknown-pragmas -w -Wno-shadow -Wno-four-char-constants -Wno-conversion -Wno-constant-conversion -Wno-int-conversion -Wno-bool-conversion -Wno-enum-conversion -Wno-float-conversion -Wno-non-literal-null-conversion -Wno-objc-literal-conversion -Wshorten-64-to-32 -Wpointer-sign -Wno-newline-eof -Wno-implicit-fallthrough -isysroot /Applications/Xcode_26.6.app/Contents/Developer/Platforms/iPhoneSimulator.platform/Developer/SDKs/iPhoneSimulator26.5.sdk -fstrict-aliasing -Wdeprecated-declarations -Wno-sign-conversion -Wno-infinite-recursion -Wno-comma -Wno-block-capture-autoreleasing -Wno-strict-prototypes -Wno-semicolon-before-method-body -index-store-path /Users/runner/work/orbit/orbit/.kimi-probe/.dd-ios/Index.noindex/DataStore @/Users/runner/work/orbit/orbit/.kimi-probe/.dd-ios/Build/Intermediates.noindex/cmark-gfm.build/Debug-iphonesimulator/cmark-gfm-extensions.build/Objects-normal/arm64/7187679823f38a2a940e0043cdf9d637-common-args.resp -MMD -MT dependencies -MF /Users/runner/work/orbit/orbit/.kimi-probe/.dd-ios/Build/Intermediates.noindex/cmark-gfm.build/Debug-iphonesimulator/cmark-gfm-extensions.build/Objects-normal/arm64/core-extensions.d --serialize-diagnostics /Users/runner/work/orbit/orbit/.kimi-probe/.dd-ios/Build/Intermediates.noindex/cmark-gfm.build/Debug-iphonesimulator/cmark-gfm-extensions.build/Objects-normal/arm64/core-extensions.dia -c /Users/runner/work/orbit/orbit/.kimi-probe/.dd-ios/SourcePackages/checkouts/swift-cmark/extensions/core-extensions.c -o /Users/runner/work/orbit/orbit/.kimi-probe/.dd-ios/Build/Intermediates.noindex/cmark-gfm.build/Debug-iphonesimulator/cmark-gfm-extensions.build/Objects-normal/arm64/core-extensions.o -index-unit-output-path /cmark-gfm.build/Debug-iphonesimulator/cmark-gfm-extensions.build/Objects-normal/arm64/core-extensions.o

ScanDependencies /Users/runner/work/orbit/orbit/.kimi-probe/.dd-ios/Build/Intermediates.noindex/cmark-gfm.build/Debug-iphonesimulator/cmark-gfm-extensions.build/Objects-normal/arm64/autolink.o /Users/runner/work/orbit/orbit/.kimi-probe/.dd-ios/SourcePackages/checkouts/swift-cmark/extensions/autolink.c normal arm64 c com.apple.compilers.llvm.clang.1_0.compiler (in target 'cmark-gfm-extensions' from project 'cmark-gfm')
    cd /Users/runner/work/orbit/orbit/.kimi-probe/KimiProbe.xcodeproj
    
    Using response file: /Users/runner/work/orbit/orbit/.kimi-probe/.dd-ios/Build/Intermediates.noindex/cmark-gfm.build/Debug-iphonesimulator/cmark-gfm-extensions.build/Objects-normal/arm64/7187679823f38a2a940e0043cdf9d637-common-args.resp
    
    builtin-ScanDependencies -o /Users/runner/work/orbit/orbit/.kimi-probe/.dd-ios/Build/Intermediates.noindex/cmark-gfm.build/Debug-iphonesimulator/cmark-gfm-extensions.build/Objects-normal/arm64/autolink.o.scan -- /Applications/Xcode_26.6.app/Contents/Developer/Toolchains/XcodeDefault.xctoolchain/usr/bin/clang -x c -ivfsstatcache /Users/runner/work/orbit/orbit/.kimi-probe/.dd-ios/SDKStatCaches.noindex/iphonesimulator26.5-23F81a-688ef53f1462e2c8f657fdc38a81448ff45c64a1807a658693f2a61704f17a36.sdkstatcache -target arm64-apple-ios12.0-simulator -fmessage-length\=0 -fdiagnostics-show-note-include-stack -fmacro-backtrace-limit\=0 -fno-color-diagnostics -fmodules-prune-interval\=86400 -fmodules-prune-after\=345600 -fbuild-session-file\=/Users/runner/work/orbit/orbit/.kimi-probe/.dd-ios/ModuleCache.noindex/Session.modulevalidation -fmodules-validate-once-per-build-session -Wnon-modular-include-in-framework-module -Werror\=non-modular-include-in-framework-module -Wno-trigraphs -Wno-missing-field-initializers -Wno-missing-prototypes -Wno-return-type -Wno-missing-braces -Wparentheses -Wswitch -Wno-unused-function -Wno-unused-label -Wno-unused-parameter -Wno-unused-variable -Wunused-value -Wno-empty-body -Wno-uninitialized -Wno-unknown-pragmas -w -Wno-shadow -Wno-four-char-constants -Wno-conversion -Wno-constant-conversion -Wno-int-conversion -Wno-bool-conversion -Wno-enum-conversion -Wno-float-conversion -Wno-non-literal-null-conversion -Wno-objc-literal-conversion -Wshorten-64-to-32 -Wpointer-sign -Wno-newline-eof -Wno-implicit-fallthrough -isysroot /Applications/Xcode_26.6.app/Contents/Developer/Platforms/iPhoneSimulator.platform/Developer/SDKs/iPhoneSimulator26.5.sdk -fstrict-aliasing -Wdeprecated-declarations -Wno-sign-conversion -Wno-infinite-recursion -Wno-comma -Wno-block-capture-autoreleasing -Wno-strict-prototypes -Wno-semicolon-before-method-body -index-store-path /Users/runner/work/orbit/orbit/.kimi-probe/.dd-ios/Index.noindex/DataStore @/Users/runner/work/orbit/orbit/.kimi-probe/.dd-ios/Build/Intermediates.noindex/cmark-gfm.build/Debug-iphonesimulator/cmark-gfm-extensions.build/Objects-normal/arm64/7187679823f38a2a940e0043cdf9d637-common-args.resp -MMD -MT dependencies -MF /Users/runner/work/orbit/orbit/.kimi-probe/.dd-ios/Build/Intermediates.noindex/cmark-gfm.build/Debug-iphonesimulator/cmark-gfm-extensions.build/Objects-normal/arm64/autolink.d --serialize-diagnostics /Users/runner/work/orbit/orbit/.kimi-probe/.dd-ios/Build/Intermediates.noindex/cmark-gfm.build/Debug-iphonesimulator/cmark-gfm-extensions.build/Objects-normal/arm64/autolink.dia -c /Users/runner/work/orbit/orbit/.kimi-probe/.dd-ios/SourcePackages/checkouts/swift-cmark/extensions/autolink.c -o /Users/runner/work/orbit/orbit/.kimi-probe/.dd-ios/Build/Intermediates.noindex/cmark-gfm.build/Debug-iphonesimulator/cmark-gfm-extensions.build/Objects-normal/arm64/autolink.o -index-unit-output-path /cmark-gfm.build/Debug-iphonesimulator/cmark-gfm-extensions.build/Objects-normal/arm64/autolink.o

PrecompileModule /Users/runner/work/orbit/orbit/.kimi-probe/.dd-ios/Build/Intermediates.noindex/ExplicitPrecompiledModules/_DarwinFoundation1-6XALO1H5ATORUSLAGKNB3JF3N.scan
    cd /
    builtin-precompileModule /Users/runner/work/orbit/orbit/.kimi-probe/.dd-ios/Build/Intermediates.noindex/ExplicitPrecompiledModules/_DarwinFoundation1-6XALO1H5ATORUSLAGKNB3JF3N.scan

ScanDependencies /Users/runner/work/orbit/orbit/.kimi-probe/.dd-ios/Build/Intermediates.noindex/cmark-gfm.build/Debug-iphonesimulator/cmark-gfm.build/Objects-normal/arm64/utf8.o /Users/runner/work/orbit/orbit/.kimi-probe/.dd-ios/SourcePackages/checkouts/swift-cmark/src/utf8.c normal arm64 c com.apple.compilers.llvm.clang.1_0.compiler (in target 'cmark-gfm' from project 'cmark-gfm')
    cd /Users/runner/work/orbit/orbit/.kimi-probe/KimiProbe.xcodeproj
    
    Using response file: /Users/runner/work/orbit/orbit/.kimi-probe/.dd-ios/Build/Intermediates.noindex/cmark-gfm.build/Debug-iphonesimulator/cmark-gfm.build/Objects-normal/arm64/7187679823f38a2a940e0043cdf9d637-common-args.resp
    
    builtin-ScanDependencies -o /Users/runner/work/orbit/orbit/.kimi-probe/.dd-ios/Build/Intermediates.noindex/cmark-gfm.build/Debug-iphonesimulator/cmark-gfm.build/Objects-normal/arm64/utf8.o.scan -- /Applications/Xcode_26.6.app/Contents/Developer/Toolchains/XcodeDefault.xctoolchain/usr/bin/clang -x c -ivfsstatcache /Users/runner/work/orbit/orbit/.kimi-probe/.dd-ios/SDKStatCaches.noindex/iphonesimulator26.5-23F81a-688ef53f1462e2c8f657fdc38a81448ff45c64a1807a658693f2a61704f17a36.sdkstatcache -target arm64-apple-ios12.0-simulator -fmessage-length\=0 -fdiagnostics-show-note-include-stack -fmacro-backtrace-limit\=0 -fno-color-diagnostics -fmodules-prune-interval\=86400 -fmodules-prune-after\=345600 -fbuild-session-file\=/Users/runner/work/orbit/orbit/.kimi-probe/.dd-ios/ModuleCache.noindex/Session.modulevalidation -fmodules-validate-once-per-build-session -Wnon-modular-include-in-framework-module -Werror\=non-modular-include-in-framework-module -Wno-trigraphs -Wno-missing-field-initializers -Wno-missing-prototypes -Wno-return-type -Wno-missing-braces -Wparentheses -Wswitch -Wno-unused-function -Wno-unused-label -Wno-unused-parameter -Wno-unused-variable -Wunused-value -Wno-empty-body -Wno-uninitialized -Wno-unknown-pragmas -w -Wno-shadow -Wno-four-char-constants -Wno-conversion -Wno-constant-conversion -Wno-int-conversion -Wno-bool-conversion -Wno-enum-conversion -Wno-float-conversion -Wno-non-literal-null-conversion -Wno-objc-literal-conversion -Wshorten-64-to-32 -Wpointer-sign -Wno-newline-eof -Wno-implicit-fallthrough -isysroot /Applications/Xcode_26.6.app/Contents/Developer/Platforms/iPhoneSimulator.platform/Developer/SDKs/iPhoneSimulator26.5.sdk -fstrict-aliasing -Wdeprecated-declarations -Wno-sign-conversion -Wno-infinite-recursion -Wno-comma -Wno-block-capture-autoreleasing -Wno-strict-prototypes -Wno-semicolon-before-method-body -index-store-path /Users/runner/work/orbit/orbit/.kimi-probe/.dd-ios/Index.noindex/DataStore @/Users/runner/work/orbit/orbit/.kimi-probe/.dd-ios/Build/Intermediates.noindex/cmark-gfm.build/Debug-iphonesimulator/cmark-gfm.build/Objects-normal/arm64/7187679823f38a2a940e0043cdf9d637-common-args.resp -MMD -MT dependencies -MF /Users/runner/work/orbit/orbit/.kimi-probe/.dd-ios/Build/Intermediates.noindex/cmark-gfm.build/Debug-iphonesimulator/cmark-gfm.build/Objects-normal/arm64/utf8.d --serialize-diagnostics /Users/runner/work/orbit/orbit/.kimi-probe/.dd-ios/Build/Intermediates.noindex/cmark-gfm.build/Debug-iphonesimulator/cmark-gfm.build/Objects-normal/arm64/utf8.dia -c /Users/runner/work/orbit/orbit/.kimi-probe/.dd-ios/SourcePackages/checkouts/swift-cmark/src/utf8.c -o /Users/runner/work/orbit/orbit/.kimi-probe/.dd-ios/Build/Intermediates.noindex/cmark-gfm.build/Debug-iphonesimulator/cmark-gfm.build/Objects-normal/arm64/utf8.o -index-unit-output-path /cmark-gfm.build/Debug-iphonesimulator/cmark-gfm.build/Objects-normal/arm64/utf8.o

PrecompileModule /Users/runner/work/orbit/orbit/.kimi-probe/.dd-ios/Build/Intermediates.noindex/ExplicitPrecompiledModules/_DarwinFoundation2-2SFKWQMH8LNT5ZSSRS30U50WK.scan
    cd /
    builtin-precompileModule /Users/runner/work/orbit/orbit/.kimi-probe/.dd-ios/Build/Intermediates.noindex/ExplicitPrecompiledModules/_DarwinFoundation2-2SFKWQMH8LNT5ZSSRS30U50WK.scan

PrecompileModule /Users/runner/work/orbit/orbit/.kimi-probe/.dd-ios/Build/Intermediates.noindex/ExplicitPrecompiledModules/_Builtin_limits-4TR3OFRIKU4BKJBBL5EAP6URT.scan
    cd /
    builtin-precompileModule /Users/runner/work/orbit/orbit/.kimi-probe/.dd-ios/Build/Intermediates.noindex/ExplicitPrecompiledModules/_Builtin_limits-4TR3OFRIKU4BKJBBL5EAP6URT.scan

ScanDependencies /Users/runner/work/orbit/orbit/.kimi-probe/.dd-ios/Build/Intermediates.noindex/cmark-gfm.build/Debug-iphonesimulator/cmark-gfm.build/Objects-normal/arm64/syntax_extension.o /Users/runner/work/orbit/orbit/.kimi-probe/.dd-ios/SourcePackages/checkouts/swift-cmark/src/syntax_extension.c normal arm64 c com.apple.compilers.llvm.clang.1_0.compiler (in target 'cmark-gfm' from project 'cmark-gfm')
    cd /Users/runner/work/orbit/orbit/.kimi-probe/KimiProbe.xcodeproj
    
    Using response file: /Users/runner/work/orbit/orbit/.kimi-probe/.dd-ios/Build/Intermediates.noindex/cmark-gfm.build/Debug-iphonesimulator/cmark-gfm.build/Objects-normal/arm64/7187679823f38a2a940e0043cdf9d637-common-args.resp
    
    builtin-ScanDependencies -o /Users/runner/work/orbit/orbit/.kimi-probe/.dd-ios/Build/Intermediates.noindex/cmark-gfm.build/Debug-iphonesimulator/cmark-gfm.build/Objects-normal/arm64/syntax_extension.o.scan -- /Applications/Xcode_26.6.app/Contents/Developer/Toolchains/XcodeDefault.xctoolchain/usr/bin/clang -x c -ivfsstatcache /Users/runner/work/orbit/orbit/.kimi-probe/.dd-ios/SDKStatCaches.noindex/iphonesimulator26.5-23F81a-688ef53f1462e2c8f657fdc38a81448ff45c64a1807a658693f2a61704f17a36.sdkstatcache -target arm64-apple-ios12.0-simulator -fmessage-length\=0 -fdiagnostics-show-note-include-stack -fmacro-backtrace-limit\=0 -fno-color-diagnostics -fmodules-prune-interval\=86400 -fmodules-prune-after\=345600 -fbuild-session-file\=/Users/runner/work/orbit/orbit/.kimi-probe/.dd-ios/ModuleCache.noindex/Session.modulevalidation -fmodules-validate-once-per-build-session -Wnon-modular-include-in-framework-module -Werror\=non-modular-include-in-framework-module -Wno-trigraphs -Wno-missing-field-initializers -Wno-missing-prototypes -Wno-return-type -Wno-missing-braces -Wparentheses -Wswitch -Wno-unused-function -Wno-unused-label -Wno-unused-parameter -Wno-unused-variable -Wunused-value -Wno-empty-body -Wno-uninitialized -Wno-unknown-pragmas -w -Wno-shadow -Wno-four-char-constants -Wno-conversion -Wno-constant-conversion -Wno-int-conversion -Wno-bool-conversion -Wno-enum-conversion -Wno-float-conversion -Wno-non-literal-null-conversion -Wno-objc-literal-conversion -Wshorten-64-to-32 -Wpointer-sign -Wno-newline-eof -Wno-implicit-fallthrough -isysroot /Applications/Xcode_26.6.app/Contents/Developer/Platforms/iPhoneSimulator.platform/Developer/SDKs/iPhoneSimulator26.5.sdk -fstrict-aliasing -Wdeprecated-declarations -Wno-sign-conversion -Wno-infinite-recursion -Wno-comma -Wno-block-capture-autoreleasing -Wno-strict-prototypes -Wno-semicolon-before-method-body -index-store-path /Users/runner/work/orbit/orbit/.kimi-probe/.dd-ios/Index.noindex/DataStore @/Users/runner/work/orbit/orbit/.kimi-probe/.dd-ios/Build/Intermediates.noindex/cmark-gfm.build/Debug-iphonesimulator/cmark-gfm.build/Objects-normal/arm64/7187679823f38a2a940e0043cdf9d637-common-args.resp -MMD -MT dependencies -MF /Users/runner/work/orbit/orbit/.kimi-probe/.dd-ios/Build/Intermediates.noindex/cmark-gfm.build/Debug-iphonesimulator/cmark-gfm.build/Objects-normal/arm64/syntax_extension.d --serialize-diagnostics /Users/runner/work/orbit/orbit/.kimi-probe/.dd-ios/Build/Intermediates.noindex/cmark-gfm.build/Debug-iphonesimulator/cmark-gfm.build/Objects-normal/arm64/syntax_extension.dia -c /Users/runner/work/orbit/orbit/.kimi-probe/.dd-ios/SourcePackages/checkouts/swift-cmark/src/syntax_extension.c -o /Users/runner/work/orbit/orbit/.kimi-probe/.dd-ios/Build/Intermediates.noindex/cmark-gfm.build/Debug-iphonesimulator/cmark-gfm.build/Objects-normal/arm64/syntax_extension.o -index-unit-output-path /cmark-gfm.build/Debug-iphonesimulator/cmark-gfm.build/Objects-normal/arm64/syntax_extension.o

ScanDependencies /Users/runner/work/orbit/orbit/.kimi-probe/.dd-ios/Build/Intermediates.noindex/cmark-gfm.build/Debug-iphonesimulator/cmark-gfm.build/Objects-normal/arm64/scanners.o /Users/runner/work/orbit/orbit/.kimi-probe/.dd-ios/SourcePackages/checkouts/swift-cmark/src/scanners.c normal arm64 c com.apple.compilers.llvm.clang.1_0.compiler (in target 'cmark-gfm' from project 'cmark-gfm')
    cd /Users/runner/work/orbit/orbit/.kimi-probe/KimiProbe.xcodeproj
    
    Using response file: /Users/runner/work/orbit/orbit/.kimi-probe/.dd-ios/Build/Intermediates.noindex/cmark-gfm.build/Debug-iphonesimulator/cmark-gfm.build/Objects-normal/arm64/7187679823f38a2a940e0043cdf9d637-common-args.resp
    
    builtin-ScanDependencies -o /Users/runner/work/orbit/orbit/.kimi-probe/.dd-ios/Build/Intermediates.noindex/cmark-gfm.build/Debug-iphonesimulator/cmark-gfm.build/Objects-normal/arm64/scanners.o.scan -- /Applications/Xcode_26.6.app/Contents/Developer/Toolchains/XcodeDefault.xctoolchain/usr/bin/clang -x c -ivfsstatcache /Users/runner/work/orbit/orbit/.kimi-probe/.dd-ios/SDKStatCaches.noindex/iphonesimulator26.5-23F81a-688ef53f1462e2c8f657fdc38a81448ff45c64a1807a658693f2a61704f17a36.sdkstatcache -target arm64-apple-ios12.0-simulator -fmessage-length\=0 -fdiagnostics-show-note-include-stack -fmacro-backtrace-limit\=0 -fno-color-diagnostics -fmodules-prune-interval\=86400 -fmodules-prune-after\=345600 -fbuild-session-file\=/Users/runner/work/orbit/orbit/.kimi-probe/.dd-ios/ModuleCache.noindex/Session.modulevalidation -fmodules-validate-once-per-build-session -Wnon-modular-include-in-framework-module -Werror\=non-modular-include-in-framework-module -Wno-trigraphs -Wno-missing-field-initializers -Wno-missing-prototypes -Wno-return-type -Wno-missing-braces -Wparentheses -Wswitch -Wno-unused-function -Wno-unused-label -Wno-unused-parameter -Wno-unused-variable -Wunused-value -Wno-empty-body -Wno-uninitialized -Wno-unknown-pragmas -w -Wno-shadow -Wno-four-char-constants -Wno-conversion -Wno-constant-conversion -Wno-int-conversion -Wno-bool-conversion -Wno-enum-conversion -Wno-float-conversion -Wno-non-literal-null-conversion -Wno-objc-literal-conversion -Wshorten-64-to-32 -Wpointer-sign -Wno-newline-eof -Wno-implicit-fallthrough -isysroot /Applications/Xcode_26.6.app/Contents/Developer/Platforms/iPhoneSimulator.platform/Developer/SDKs/iPhoneSimulator26.5.sdk -fstrict-aliasing -Wdeprecated-declarations -Wno-sign-conversion -Wno-infinite-recursion -Wno-comma -Wno-block-capture-autoreleasing -Wno-strict-prototypes -Wno-semicolon-before-method-body -index-store-path /Users/runner/work/orbit/orbit/.kimi-probe/.dd-ios/Index.noindex/DataStore @/Users/runner/work/orbit/orbit/.kimi-probe/.dd-ios/Build/Intermediates.noindex/cmark-gfm.build/Debug-iphonesimulator/cmark-gfm.build/Objects-normal/arm64/7187679823f38a2a940e0043cdf9d637-common-args.resp -MMD -MT dependencies -MF /Users/runner/work/orbit/orbit/.kimi-probe/.dd-ios/Build/Intermediates.noindex/cmark-gfm.build/Debug-iphonesimulator/cmark-gfm.build/Objects-normal/arm64/scanners.d --serialize-diagnostics /Users/runner/work/orbit/orbit/.kimi-probe/.dd-ios/Build/Intermediates.noindex/cmark-gfm.build/Debug-iphonesimulator/cmark-gfm.build/Objects-normal/arm64/scanners.dia -c /Users/runner/work/orbit/orbit/.kimi-probe/.dd-ios/SourcePackages/checkouts/swift-cmark/src/scanners.c -o /Users/runner/work/orbit/orbit/.kimi-probe/.dd-ios/Build/Intermediates.noindex/cmark-gfm.build/Debug-iphonesimulator/cmark-gfm.build/Objects-normal/arm64/scanners.o -index-unit-output-path /cmark-gfm.build/Debug-iphonesimulator/cmark-gfm.build/Objects-normal/arm64/scanners.o

ScanDependencies /Users/runner/work/orbit/orbit/.kimi-probe/.dd-ios/Build/Intermediates.noindex/cmark-gfm.build/Debug-iphonesimulator/cmark-gfm.build/Objects-normal/arm64/render.o /Users/runner/work/orbit/orbit/.kimi-probe/.dd-ios/SourcePackages/checkouts/swift-cmark/src/render.c normal arm64 c com.apple.compilers.llvm.clang.1_0.compiler (in target 'cmark-gfm' from project 'cmark-gfm')
    cd /Users/runner/work/orbit/orbit/.kimi-probe/KimiProbe.xcodeproj
    
    Using response file: /Users/runner/work/orbit/orbit/.kimi-probe/.dd-ios/Build/Intermediates.noindex/cmark-gfm.build/Debug-iphonesimulator/cmark-gfm.build/Objects-normal/arm64/7187679823f38a2a940e0043cdf9d637-common-args.resp
    
    builtin-ScanDependencies -o /Users/runner/work/orbit/orbit/.kimi-probe/.dd-ios/Build/Intermediates.noindex/cmark-gfm.build/Debug-iphonesimulator/cmark-gfm.build/Objects-normal/arm64/render.o.scan -- /Applications/Xcode_26.6.app/Contents/Developer/Toolchains/XcodeDefault.xctoolchain/usr/bin/clang -x c -ivfsstatcache /Users/runner/work/orbit/orbit/.kimi-probe/.dd-ios/SDKStatCaches.noindex/iphonesimulator26.5-23F81a-688ef53f1462e2c8f657fdc38a81448ff45c64a1807a658693f2a61704f17a36.sdkstatcache -target arm64-apple-ios12.0-simulator -fmessage-length\=0 -fdiagnostics-show-note-include-stack -fmacro-backtrace-limit\=0 -fno-color-diagnostics -fmodules-prune-interval\=86400 -fmodules-prune-after\=345600 -fbuild-session-file\=/Users/runner/work/orbit/orbit/.kimi-probe/.dd-ios/ModuleCache.noindex/Session.modulevalidation -fmodules-validate-once-per-build-session -Wnon-modular-include-in-framework-module -Werror\=non-modular-include-in-framework-module -Wno-trigraphs -Wno-missing-field-initializers -Wno-missing-prototypes -Wno-return-type -Wno-missing-braces -Wparentheses -Wswitch -Wno-unused-function -Wno-unused-label -Wno-unused-parameter -Wno-unused-variable -Wunused-value -Wno-empty-body -Wno-uninitialized -Wno-unknown-pragmas -w -Wno-shadow -Wno-four-char-constants -Wno-conversion -Wno-constant-conversion -Wno-int-conversion -Wno-bool-conversion -Wno-enum-conversion -Wno-float-conversion -Wno-non-literal-null-conversion -Wno-objc-literal-conversion -Wshorten-64-to-32 -Wpointer-sign -Wno-newline-eof -Wno-implicit-fallthrough -isysroot /Applications/Xcode_26.6.app/Contents/Developer/Platforms/iPhoneSimulator.platform/Developer/SDKs/iPhoneSimulator26.5.sdk -fstrict-aliasing -Wdeprecated-declarations -Wno-sign-conversion -Wno-infinite-recursion -Wno-comma -Wno-block-capture-autoreleasing -Wno-strict-prototypes -Wno-semicolon-before-method-body -index-store-path /Users/runner/work/orbit/orbit/.kimi-probe/.dd-ios/Index.noindex/DataStore @/Users/runner/work/orbit/orbit/.kimi-probe/.dd-ios/Build/Intermediates.noindex/cmark-gfm.build/Debug-iphonesimulator/cmark-gfm.build/Objects-normal/arm64/7187679823f38a2a940e0043cdf9d637-common-args.resp -MMD -MT dependencies -MF /Users/runner/work/orbit/orbit/.kimi-probe/.dd-ios/Build/Intermediates.noindex/cmark-gfm.build/Debug-iphonesimulator/cmark-gfm.build/Objects-normal/arm64/render.d --serialize-diagnostics /Users/runner/work/orbit/orbit/.kimi-probe/.dd-ios/Build/Intermediates.noindex/cmark-gfm.build/Debug-iphonesimulator/cmark-gfm.build/Objects-normal/arm64/render.dia -c /Users/runner/work/orbit/orbit/.kimi-probe/.dd-ios/SourcePackages/checkouts/swift-cmark/src/render.c -o /Users/runner/work/orbit/orbit/.kimi-probe/.dd-ios/Build/Intermediates.noindex/cmark-gfm.build/Debug-iphonesimulator/cmark-gfm.build/Objects-normal/arm64/render.o -index-unit-output-path /cmark-gfm.build/Debug-iphonesimulator/cmark-gfm.build/Objects-normal/arm64/render.o

ScanDependencies /Users/runner/work/orbit/orbit/.kimi-probe/.dd-ios/Build/Intermediates.noindex/cmark-gfm.build/Debug-iphonesimulator/cmark-gfm.build/Objects-normal/arm64/registry.o /Users/runner/work/orbit/orbit/.kimi-probe/.dd-ios/SourcePackages/checkouts/swift-cmark/src/registry.c normal arm64 c com.apple.compilers.llvm.clang.1_0.compiler (in target 'cmark-gfm' from project 'cmark-gfm')
    cd /Users/runner/work/orbit/orbit/.kimi-probe/KimiProbe.xcodeproj
    
    Using response file: /Users/runner/work/orbit/orbit/.kimi-probe/.dd-ios/Build/Intermediates.noindex/cmark-gfm.build/Debug-iphonesimulator/cmark-gfm.build/Objects-normal/arm64/7187679823f38a2a940e0043cdf9d637-common-args.resp
    
    builtin-ScanDependencies -o /Users/runner/work/orbit/orbit/.kimi-probe/.dd-ios/Build/Intermediates.noindex/cmark-gfm.build/Debug-iphonesimulator/cmark-gfm.build/Objects-normal/arm64/registry.o.scan -- /Applications/Xcode_26.6.app/Contents/Developer/Toolchains/XcodeDefault.xctoolchain/usr/bin/clang -x c -ivfsstatcache /Users/runner/work/orbit/orbit/.kimi-probe/.dd-ios/SDKStatCaches.noindex/iphonesimulator26.5-23F81a-688ef53f1462e2c8f657fdc38a81448ff45c64a1807a658693f2a61704f17a36.sdkstatcache -target arm64-apple-ios12.0-simulator -fmessage-length\=0 -fdiagnostics-show-note-include-stack -fmacro-backtrace-limit\=0 -fno-color-diagnostics -fmodules-prune-interval\=86400 -fmodules-prune-after\=345600 -fbuild-session-file\=/Users/runner/work/orbit/orbit/.kimi-probe/.dd-ios/ModuleCache.noindex/Session.modulevalidation -fmodules-validate-once-per-build-session -Wnon-modular-include-in-framework-module -Werror\=non-modular-include-in-framework-module -Wno-trigraphs -Wno-missing-field-initializers -Wno-missing-prototypes -Wno-return-type -Wno-missing-braces -Wparentheses -Wswitch -Wno-unused-function -Wno-unused-label -Wno-unused-parameter -Wno-unused-variable -Wunused-value -Wno-empty-body -Wno-uninitialized -Wno-unknown-pragmas -w -Wno-shadow -Wno-four-char-constants -Wno-conversion -Wno-constant-conversion -Wno-int-conversion -Wno-bool-conversion -Wno-enum-conversion -Wno-float-conversion -Wno-non-literal-null-conversion -Wno-objc-literal-conversion -Wshorten-64-to-32 -Wpointer-sign -Wno-newline-eof -Wno-implicit-fallthrough -isysroot /Applications/Xcode_26.6.app/Contents/Developer/Platforms/iPhoneSimulator.platform/Developer/SDKs/iPhoneSimulator26.5.sdk -fstrict-aliasing -Wdeprecated-declarations -Wno-sign-conversion -Wno-infinite-recursion -Wno-comma -Wno-block-capture-autoreleasing -Wno-strict-prototypes -Wno-semicolon-before-method-body -index-store-path /Users/runner/work/orbit/orbit/.kimi-probe/.dd-ios/Index.noindex/DataStore @/Users/runner/work/orbit/orbit/.kimi-probe/.dd-ios/Build/Intermediates.noindex/cmark-gfm.build/Debug-iphonesimulator/cmark-gfm.build/Objects-normal/arm64/7187679823f38a2a940e0043cdf9d637-common-args.resp -MMD -MT dependencies -MF /Users/runner/work/orbit/orbit/.kimi-probe/.dd-ios/Build/Intermediates.noindex/cmark-gfm.build/Debug-iphonesimulator/cmark-gfm.build/Objects-normal/arm64/registry.d --serialize-diagnostics /Users/runner/work/orbit/orbit/.kimi-probe/.dd-ios/Build/Intermediates.noindex/cmark-gfm.build/Debug-iphonesimulator/cmark-gfm.build/Objects-normal/arm64/registry.dia -c /Users/runner/work/orbit/orbit/.kimi-probe/.dd-ios/SourcePackages/checkouts/swift-cmark/src/registry.c -o /Users/runner/work/orbit/orbit/.kimi-probe/.dd-ios/Build/Intermediates.noindex/cmark-gfm.build/Debug-iphonesimulator/cmark-gfm.build/Objects-normal/arm64/registry.o -index-unit-output-path /cmark-gfm.build/Debug-iphonesimulator/cmark-gfm.build/Objects-normal/arm64/registry.o

ScanDependencies /Users/runner/work/orbit/orbit/.kimi-probe/.dd-ios/Build/Intermediates.noindex/cmark-gfm.build/Debug-iphonesimulator/cmark-gfm.build/Objects-normal/arm64/references.o /Users/runner/work/orbit/orbit/.kimi-probe/.dd-ios/SourcePackages/checkouts/swift-cmark/src/references.c normal arm64 c com.apple.compilers.llvm.clang.1_0.compiler (in target 'cmark-gfm' from project 'cmark-gfm')
    cd /Users/runner/work/orbit/orbit/.kimi-probe/KimiProbe.xcodeproj
    
    Using response file: /Users/runner/work/orbit/orbit/.kimi-probe/.dd-ios/Build/Intermediates.noindex/cmark-gfm.build/Debug-iphonesimulator/cmark-gfm.build/Objects-normal/arm64/7187679823f38a2a940e0043cdf9d637-common-args.resp
    
    builtin-ScanDependencies -o /Users/runner/work/orbit/orbit/.kimi-probe/.dd-ios/Build/Intermediates.noindex/cmark-gfm.build/Debug-iphonesimulator/cmark-gfm.build/Objects-normal/arm64/references.o.scan -- /Applications/Xcode_26.6.app/Contents/Developer/Toolchains/XcodeDefault.xctoolchain/usr/bin/clang -x c -ivfsstatcache /Users/runner/work/orbit/orbit/.kimi-probe/.dd-ios/SDKStatCaches.noindex/iphonesimulator26.5-23F81a-688ef53f1462e2c8f657fdc38a81448ff45c64a1807a658693f2a61704f17a36.sdkstatcache -target arm64-apple-ios12.0-simulator -fmessage-length\=0 -fdiagnostics-show-note-include-stack -fmacro-backtrace-limit\=0 -fno-color-diagnostics -fmodules-prune-interval\=86400 -fmodules-prune-after\=345600 -fbuild-session-file\=/Users/runner/work/orbit/orbit/.kimi-probe/.dd-ios/ModuleCache.noindex/Session.modulevalidation -fmodules-validate-once-per-build-session -Wnon-modular-include-in-framework-module -Werror\=non-modular-include-in-framework-module -Wno-trigraphs -Wno-missing-field-initializers -Wno-missing-prototypes -Wno-return-type -Wno-missing-braces -Wparentheses -Wswitch -Wno-unused-function -Wno-unused-label -Wno-unused-parameter -Wno-unused-variable -Wunused-value -Wno-empty-body -Wno-uninitialized -Wno-unknown-pragmas -w -Wno-shadow -Wno-four-char-constants -Wno-conversion -Wno-constant-conversion -Wno-int-conversion -Wno-bool-conversion -Wno-enum-conversion -Wno-float-conversion -Wno-non-literal-null-conversion -Wno-objc-literal-conversion -Wshorten-64-to-32 -Wpointer-sign -Wno-newline-eof -Wno-implicit-fallthrough -isysroot /Applications/Xcode_26.6.app/Contents/Developer/Platforms/iPhoneSimulator.platform/Developer/SDKs/iPhoneSimulator26.5.sdk -fstrict-aliasing -Wdeprecated-declarations -Wno-sign-conversion -Wno-infinite-recursion -Wno-comma -Wno-block-capture-autoreleasing -Wno-strict-prototypes -Wno-semicolon-before-method-body -index-store-path /Users/runner/work/orbit/orbit/.kimi-probe/.dd-ios/Index.noindex/DataStore @/Users/runner/work/orbit/orbit/.kimi-probe/.dd-ios/Build/Intermediates.noindex/cmark-gfm.build/Debug-iphonesimulator/cmark-gfm.build/Objects-normal/arm64/7187679823f38a2a940e0043cdf9d637-common-args.resp -MMD -MT dependencies -MF /Users/runner/work/orbit/orbit/.kimi-probe/.dd-ios/Build/Intermediates.noindex/cmark-gfm.build/Debug-iphonesimulator/cmark-gfm.build/Objects-normal/arm64/references.d --serialize-diagnostics /Users/runner/work/orbit/orbit/.kimi-probe/.dd-ios/Build/Intermediates.noindex/cmark-gfm.build/Debug-iphonesimulator/cmark-gfm.build/Objects-normal/arm64/references.dia -c /Users/runner/work/orbit/orbit/.kimi-probe/.dd-ios/SourcePackages/checkouts/swift-cmark/src/references.c -o /Users/runner/work/orbit/orbit/.kimi-probe/.dd-ios/Build/Intermediates.noindex/cmark-gfm.build/Debug-iphonesimulator/cmark-gfm.build/Objects-normal/arm64/references.o -index-unit-output-path /cmark-gfm.build/Debug-iphonesimulator/cmark-gfm.build/Objects-normal/arm64/references.o

ScanDependencies /Users/runner/work/orbit/orbit/.kimi-probe/.dd-ios/Build/Intermediates.noindex/cmark-gfm.build/Debug-iphonesimulator/cmark-gfm.build/Objects-normal/arm64/plugin.o /Users/runner/work/orbit/orbit/.kimi-probe/.dd-ios/SourcePackages/checkouts/swift-cmark/src/plugin.c normal arm64 c com.apple.compilers.llvm.clang.1_0.compiler (in target 'cmark-gfm' from project 'cmark-gfm')
    cd /Users/runner/work/orbit/orbit/.kimi-probe/KimiProbe.xcodeproj
    
    Using response file: /Users/runner/work/orbit/orbit/.kimi-probe/.dd-ios/Build/Intermediates.noindex/cmark-gfm.build/Debug-iphonesimulator/cmark-gfm.build/Objects-normal/arm64/7187679823f38a2a940e0043cdf9d637-common-args.resp
    
    builtin-ScanDependencies -o /Users/runner/work/orbit/orbit/.kimi-probe/.dd-ios/Build/Intermediates.noindex/cmark-gfm.build/Debug-iphonesimulator/cmark-gfm.build/Objects-normal/arm64/plugin.o.scan -- /Applications/Xcode_26.6.app/Contents/Developer/Toolchains/XcodeDefault.xctoolchain/usr/bin/clang -x c -ivfsstatcache /Users/runner/work/orbit/orbit/.kimi-probe/.dd-ios/SDKStatCaches.noindex/iphonesimulator26.5-23F81a-688ef53f1462e2c8f657fdc38a81448ff45c64a1807a658693f2a61704f17a36.sdkstatcache -target arm64-apple-ios12.0-simulator -fmessage-length\=0 -fdiagnostics-show-note-include-stack -fmacro-backtrace-limit\=0 -fno-color-diagnostics -fmodules-prune-interval\=86400 -fmodules-prune-after\=345600 -fbuild-session-file\=/Users/runner/work/orbit/orbit/.kimi-probe/.dd-ios/ModuleCache.noindex/Session.modulevalidation -fmodules-validate-once-per-build-session -Wnon-modular-include-in-framework-module -Werror\=non-modular-include-in-framework-module -Wno-trigraphs -Wno-missing-field-initializers -Wno-missing-prototypes -Wno-return-type -Wno-missing-braces -Wparentheses -Wswitch -Wno-unused-function -Wno-unused-label -Wno-unused-parameter -Wno-unused-variable -Wunused-value -Wno-empty-body -Wno-uninitialized -Wno-unknown-pragmas -w -Wno-shadow -Wno-four-char-constants -Wno-conversion -Wno-constant-conversion -Wno-int-conversion -Wno-bool-conversion -Wno-enum-conversion -Wno-float-conversion -Wno-non-literal-null-conversion -Wno-objc-literal-conversion -Wshorten-64-to-32 -Wpointer-sign -Wno-newline-eof -Wno-implicit-fallthrough -isysroot /Applications/Xcode_26.6.app/Contents/Developer/Platforms/iPhoneSimulator.platform/Developer/SDKs/iPhoneSimulator26.5.sdk -fstrict-aliasing -Wdeprecated-declarations -Wno-sign-conversion -Wno-infinite-recursion -Wno-comma -Wno-block-capture-autoreleasing -Wno-strict-prototypes -Wno-semicolon-before-method-body -index-store-path /Users/runner/work/orbit/orbit/.kimi-probe/.dd-ios/Index.noindex/DataStore @/Users/runner/work/orbit/orbit/.kimi-probe/.dd-ios/Build/Intermediates.noindex/cmark-gfm.build/Debug-iphonesimulator/cmark-gfm.build/Objects-normal/arm64/7187679823f38a2a940e0043cdf9d637-common-args.resp -MMD -MT dependencies -MF /Users/runner/work/orbit/orbit/.kimi-probe/.dd-ios/Build/Intermediates.noindex/cmark-gfm.build/Debug-iphonesimulator/cmark-gfm.build/Objects-normal/arm64/plugin.d --serialize-diagnostics /Users/runner/work/orbit/orbit/.kimi-probe/.dd-ios/Build/Intermediates.noindex/cmark-gfm.build/Debug-iphonesimulator/cmark-gfm.build/Objects-normal/arm64/plugin.dia -c /Users/runner/work/orbit/orbit/.kimi-probe/.dd-ios/SourcePackages/checkouts/swift-cmark/src/plugin.c -o /Users/runner/work/orbit/orbit/.kimi-probe/.dd-ios/Build/Intermediates.noindex/cmark-gfm.build/Debug-iphonesimulator/cmark-gfm.build/Objects-normal/arm64/plugin.o -index-unit-output-path /cmark-gfm.build/Debug-iphonesimulator/cmark-gfm.build/Objects-normal/arm64/plugin.o

PrecompileModule /Users/runner/work/orbit/orbit/.kimi-probe/.dd-ios/Build/Intermediates.noindex/ExplicitPrecompiledModules/_Builtin_stdint-7AKTWZYEHJSR86DF3RR48TWX3.scan
    cd /
    builtin-precompileModule /Users/runner/work/orbit/orbit/.kimi-probe/.dd-ios/Build/Intermediates.noindex/ExplicitPrecompiledModules/_Builtin_stdint-7AKTWZYEHJSR86DF3RR48TWX3.scan

ScanDependencies /Users/runner/work/orbit/orbit/.kimi-probe/.dd-ios/Build/Intermediates.noindex/cmark-gfm.build/Debug-iphonesimulator/cmark-gfm.build/Objects-normal/arm64/plaintext.o /Users/runner/work/orbit/orbit/.kimi-probe/.dd-ios/SourcePackages/checkouts/swift-cmark/src/plaintext.c normal arm64 c com.apple.compilers.llvm.clang.1_0.compiler (in target 'cmark-gfm' from project 'cmark-gfm')
    cd /Users/runner/work/orbit/orbit/.kimi-probe/KimiProbe.xcodeproj
    
    Using response file: /Users/runner/work/orbit/orbit/.kimi-probe/.dd-ios/Build/Intermediates.noindex/cmark-gfm.build/Debug-iphonesimulator/cmark-gfm.build/Objects-normal/arm64/7187679823f38a2a940e0043cdf9d637-common-args.resp
    
    builtin-ScanDependencies -o /Users/runner/work/orbit/orbit/.kimi-probe/.dd-ios/Build/Intermediates.noindex/cmark-gfm.build/Debug-iphonesimulator/cmark-gfm.build/Objects-normal/arm64/plaintext.o.scan -- /Applications/Xcode_26.6.app/Contents/Developer/Toolchains/XcodeDefault.xctoolchain/usr/bin/clang -x c -ivfsstatcache /Users/runner/work/orbit/orbit/.kimi-probe/.dd-ios/SDKStatCaches.noindex/iphonesimulator26.5-23F81a-688ef53f1462e2c8f657fdc38a81448ff45c64a1807a658693f2a61704f17a36.sdkstatcache -target arm64-apple-ios12.0-simulator -fmessage-length\=0 -fdiagnostics-show-note-include-stack -fmacro-backtrace-limit\=0 -fno-color-diagnostics -fmodules-prune-interval\=86400 -fmodules-prune-after\=345600 -fbuild-session-file\=/Users/runner/work/orbit/orbit/.kimi-probe/.dd-ios/ModuleCache.noindex/Session.modulevalidation -fmodules-validate-once-per-build-session -Wnon-modular-include-in-framework-module -Werror\=non-modular-include-in-framework-module -Wno-trigraphs -Wno-missing-field-initializers -Wno-missing-prototypes -Wno-return-type -Wno-missing-braces -Wparentheses -Wswitch -Wno-unused-function -Wno-unused-label -Wno-unused-parameter -Wno-unused-variable -Wunused-value -Wno-empty-body -Wno-uninitialized -Wno-unknown-pragmas -w -Wno-shadow -Wno-four-char-constants -Wno-conversion -Wno-constant-conversion -Wno-int-conversion -Wno-bool-conversion -Wno-enum-conversion -Wno-float-conversion -Wno-non-literal-null-conversion -Wno-objc-literal-conversion -Wshorten-64-to-32 -Wpointer-sign -Wno-newline-eof -Wno-implicit-fallthrough -isysroot /Applications/Xcode_26.6.app/Contents/Developer/Platforms/iPhoneSimulator.platform/Developer/SDKs/iPhoneSimulator26.5.sdk -fstrict-aliasing -Wdeprecated-declarations -Wno-sign-conversion -Wno-infinite-recursion -Wno-comma -Wno-block-capture-autoreleasing -Wno-strict-prototypes -Wno-semicolon-before-method-body -index-store-path /Users/runner/work/orbit/orbit/.kimi-probe/.dd-ios/Index.noindex/DataStore @/Users/runner/work/orbit/orbit/.kimi-probe/.dd-ios/Build/Intermediates.noindex/cmark-gfm.build/Debug-iphonesimulator/cmark-gfm.build/Objects-normal/arm64/7187679823f38a2a940e0043cdf9d637-common-args.resp -MMD -MT dependencies -MF /Users/runner/work/orbit/orbit/.kimi-probe/.dd-ios/Build/Intermediates.noindex/cmark-gfm.build/Debug-iphonesimulator/cmark-gfm.build/Objects-normal/arm64/plaintext.d --serialize-diagnostics /Users/runner/work/orbit/orbit/.kimi-probe/.dd-ios/Build/Intermediates.noindex/cmark-gfm.build/Debug-iphonesimulator/cmark-gfm.build/Objects-normal/arm64/plaintext.dia -c /Users/runner/work/orbit/orbit/.kimi-probe/.dd-ios/SourcePackages/checkouts/swift-cmark/src/plaintext.c -o /Users/runner/work/orbit/orbit/.kimi-probe/.dd-ios/Build/Intermediates.noindex/cmark-gfm.build/Debug-iphonesimulator/cmark-gfm.build/Objects-normal/arm64/plaintext.o -index-unit-output-path /cmark-gfm.build/Debug-iphonesimulator/cmark-gfm.build/Objects-normal/arm64/plaintext.o

ScanDependencies /Users/runner/work/orbit/orbit/.kimi-probe/.dd-ios/Build/Intermediates.noindex/cmark-gfm.build/Debug-iphonesimulator/cmark-gfm.build/Objects-normal/arm64/node.o /Users/runner/work/orbit/orbit/.kimi-probe/.dd-ios/SourcePackages/checkouts/swift-cmark/src/node.c normal arm64 c com.apple.compilers.llvm.clang.1_0.compiler (in target 'cmark-gfm' from project 'cmark-gfm')
    cd /Users/runner/work/orbit/orbit/.kimi-probe/KimiProbe.xcodeproj
    
    Using response file: /Users/runner/work/orbit/orbit/.kimi-probe/.dd-ios/Build/Intermediates.noindex/cmark-gfm.build/Debug-iphonesimulator/cmark-gfm.build/Objects-normal/arm64/7187679823f38a2a940e0043cdf9d637-common-args.resp
    
    builtin-ScanDependencies -o /Users/runner/work/orbit/orbit/.kimi-probe/.dd-ios/Build/Intermediates.noindex/cmark-gfm.build/Debug-iphonesimulator/cmark-gfm.build/Objects-normal/arm64/node.o.scan -- /Applications/Xcode_26.6.app/Contents/Developer/Toolchains/XcodeDefault.xctoolchain/usr/bin/clang -x c -ivfsstatcache /Users/runner/work/orbit/orbit/.kimi-probe/.dd-ios/SDKStatCaches.noindex/iphonesimulator26.5-23F81a-688ef53f1462e2c8f657fdc38a81448ff45c64a1807a658693f2a61704f17a36.sdkstatcache -target arm64-apple-ios12.0-simulator -fmessage-length\=0 -fdiagnostics-show-note-include-stack -fmacro-backtrace-limit\=0 -fno-color-diagnostics -fmodules-prune-interval\=86400 -fmodules-prune-after\=345600 -fbuild-session-file\=/Users/runner/work/orbit/orbit/.kimi-probe/.dd-ios/ModuleCache.noindex/Session.modulevalidation -fmodules-validate-once-per-build-session -Wnon-modular-include-in-framework-module -Werror\=non-modular-include-in-framework-module -Wno-trigraphs -Wno-missing-field-initializers -Wno-missing-prototypes -Wno-return-type -Wno-missing-braces -Wparentheses -Wswitch -Wno-unused-function -Wno-unused-label -Wno-unused-parameter -Wno-unused-variable -Wunused-value -Wno-empty-body -Wno-uninitialized -Wno-unknown-pragmas -w -Wno-shadow -Wno-four-char-constants -Wno-conversion -Wno-constant-conversion -Wno-int-conversion -Wno-bool-conversion -Wno-enum-conversion -Wno-float-conversion -Wno-non-literal-null-conversion -Wno-objc-literal-conversion -Wshorten-64-to-32 -Wpointer-sign -Wno-newline-eof -Wno-implicit-fallthrough -isysroot /Applications/Xcode_26.6.app/Contents/Developer/Platforms/iPhoneSimulator.platform/Developer/SDKs/iPhoneSimulator26.5.sdk -fstrict-aliasing -Wdeprecated-declarations -Wno-sign-conversion -Wno-infinite-recursion -Wno-comma -Wno-block-capture-autoreleasing -Wno-strict-prototypes -Wno-semicolon-before-method-body -index-store-path /Users/runner/work/orbit/orbit/.kimi-probe/.dd-ios/Index.noindex/DataStore @/Users/runner/work/orbit/orbit/.kimi-probe/.dd-ios/Build/Intermediates.noindex/cmark-gfm.build/Debug-iphonesimulator/cmark-gfm.build/Objects-normal/arm64/7187679823f38a2a940e0043cdf9d637-common-args.resp -MMD -MT dependencies -MF /Users/runner/work/orbit/orbit/.kimi-probe/.dd-ios/Build/Intermediates.noindex/cmark-gfm.build/Debug-iphonesimulator/cmark-gfm.build/Objects-normal/arm64/node.d --serialize-diagnostics /Users/runner/work/orbit/orbit/.kimi-probe/.dd-ios/Build/Intermediates.noindex/cmark-gfm.build/Debug-iphonesimulator/cmark-gfm.build/Objects-normal/arm64/node.dia -c /Users/runner/work/orbit/orbit/.kimi-probe/.dd-ios/SourcePackages/checkouts/swift-cmark/src/node.c -o /Users/runner/work/orbit/orbit/.kimi-probe/.dd-ios/Build/Intermediates.noindex/cmark-gfm.build/Debug-iphonesimulator/cmark-gfm.build/Objects-normal/arm64/node.o -index-unit-output-path /cmark-gfm.build/Debug-iphonesimulator/cmark-gfm.build/Objects-normal/arm64/node.o

ScanDependencies /Users/runner/work/orbit/orbit/.kimi-probe/.dd-ios/Build/Intermediates.noindex/cmark-gfm.build/Debug-iphonesimulator/cmark-gfm.build/Objects-normal/arm64/map.o /Users/runner/work/orbit/orbit/.kimi-probe/.dd-ios/SourcePackages/checkouts/swift-cmark/src/map.c normal arm64 c com.apple.compilers.llvm.clang.1_0.compiler (in target 'cmark-gfm' from project 'cmark-gfm')
    cd /Users/runner/work/orbit/orbit/.kimi-probe/KimiProbe.xcodeproj
    
    Using response file: /Users/runner/work/orbit/orbit/.kimi-probe/.dd-ios/Build/Intermediates.noindex/cmark-gfm.build/Debug-iphonesimulator/cmark-gfm.build/Objects-normal/arm64/7187679823f38a2a940e0043cdf9d637-common-args.resp
    
    builtin-ScanDependencies -o /Users/runner/work/orbit/orbit/.kimi-probe/.dd-ios/Build/Intermediates.noindex/cmark-gfm.build/Debug-iphonesimulator/cmark-gfm.build/Objects-normal/arm64/map.o.scan -- /Applications/Xcode_26.6.app/Contents/Developer/Toolchains/XcodeDefault.xctoolchain/usr/bin/clang -x c -ivfsstatcache /Users/runner/work/orbit/orbit/.kimi-probe/.dd-ios/SDKStatCaches.noindex/iphonesimulator26.5-23F81a-688ef53f1462e2c8f657fdc38a81448ff45c64a1807a658693f2a61704f17a36.sdkstatcache -target arm64-apple-ios12.0-simulator -fmessage-length\=0 -fdiagnostics-show-note-include-stack -fmacro-backtrace-limit\=0 -fno-color-diagnostics -fmodules-prune-interval\=86400 -fmodules-prune-after\=345600 -fbuild-session-file\=/Users/runner/work/orbit/orbit/.kimi-probe/.dd-ios/ModuleCache.noindex/Session.modulevalidation -fmodules-validate-once-per-build-session -Wnon-modular-include-in-framework-module -Werror\=non-modular-include-in-framework-module -Wno-trigraphs -Wno-missing-field-initializers -Wno-missing-prototypes -Wno-return-type -Wno-missing-braces -Wparentheses -Wswitch -Wno-unused-function -Wno-unused-label -Wno-unused-parameter -Wno-unused-variable -Wunused-value -Wno-empty-body -Wno-uninitialized -Wno-unknown-pragmas -w -Wno-shadow -Wno-four-char-constants -Wno-conversion -Wno-constant-conversion -Wno-int-conversion -Wno-bool-conversion -Wno-enum-conversion -Wno-float-conversion -Wno-non-literal-null-conversion -Wno-objc-literal-conversion -Wshorten-64-to-32 -Wpointer-sign -Wno-newline-eof -Wno-implicit-fallthrough -isysroot /Applications/Xcode_26.6.app/Contents/Developer/Platforms/iPhoneSimulator.platform/Developer/SDKs/iPhoneSimulator26.5.sdk -fstrict-aliasing -Wdeprecated-declarations -Wno-sign-conversion -Wno-infinite-recursion -Wno-comma -Wno-block-capture-autoreleasing -Wno-strict-prototypes -Wno-semicolon-before-method-body -index-store-path /Users/runner/work/orbit/orbit/.kimi-probe/.dd-ios/Index.noindex/DataStore @/Users/runner/work/orbit/orbit/.kimi-probe/.dd-ios/Build/Intermediates.noindex/cmark-gfm.build/Debug-iphonesimulator/cmark-gfm.build/Objects-normal/arm64/7187679823f38a2a940e0043cdf9d637-common-args.resp -MMD -MT dependencies -MF /Users/runner/work/orbit/orbit/.kimi-probe/.dd-ios/Build/Intermediates.noindex/cmark-gfm.build/Debug-iphonesimulator/cmark-gfm.build/Objects-normal/arm64/map.d --serialize-diagnostics /Users/runner/work/orbit/orbit/.kimi-probe/.dd-ios/Build/Intermediates.noindex/cmark-gfm.build/Debug-iphonesimulator/cmark-gfm.build/Objects-normal/arm64/map.dia -c /Users/runner/work/orbit/orbit/.kimi-probe/.dd-ios/SourcePackages/checkouts/swift-cmark/src/map.c -o /Users/runner/work/orbit/orbit/.kimi-probe/.dd-ios/Build/Intermediates.noindex/cmark-gfm.build/Debug-iphonesimulator/cmark-gfm.build/Objects-normal/arm64/map.o -index-unit-output-path /cmark-gfm.build/Debug-iphonesimulator/cmark-gfm.build/Objects-normal/arm64/map.o

PrecompileModule /Users/runner/work/orbit/orbit/.kimi-probe/.dd-ios/Build/Intermediates.noindex/ExplicitPrecompiledModules/_DarwinFoundation3-1PH0G1ORS1V4HNAH2O74A7JR7.scan
    cd /
    builtin-precompileModule /Users/runner/work/orbit/orbit/.kimi-probe/.dd-ios/Build/Intermediates.noindex/ExplicitPrecompiledModules/_DarwinFoundation3-1PH0G1ORS1V4HNAH2O74A7JR7.scan

ScanDependencies /Users/runner/work/orbit/orbit/.kimi-probe/.dd-ios/Build/Intermediates.noindex/cmark-gfm.build/Debug-iphonesimulator/cmark-gfm.build/Objects-normal/arm64/man.o /Users/runner/work/orbit/orbit/.kimi-probe/.dd-ios/SourcePackages/checkouts/swift-cmark/src/man.c normal arm64 c com.apple.compilers.llvm.clang.1_0.compiler (in target 'cmark-gfm' from project 'cmark-gfm')
    cd /Users/runner/work/orbit/orbit/.kimi-probe/KimiProbe.xcodeproj
    
    Using response file: /Users/runner/work/orbit/orbit/.kimi-probe/.dd-ios/Build/Intermediates.noindex/cmark-gfm.build/Debug-iphonesimulator/cmark-gfm.build/Objects-normal/arm64/7187679823f38a2a940e0043cdf9d637-common-args.resp
    
    builtin-ScanDependencies -o /Users/runner/work/orbit/orbit/.kimi-probe/.dd-ios/Build/Intermediates.noindex/cmark-gfm.build/Debug-iphonesimulator/cmark-gfm.build/Objects-normal/arm64/man.o.scan -- /Applications/Xcode_26.6.app/Contents/Developer/Toolchains/XcodeDefault.xctoolchain/usr/bin/clang -x c -ivfsstatcache /Users/runner/work/orbit/orbit/.kimi-probe/.dd-ios/SDKStatCaches.noindex/iphonesimulator26.5-23F81a-688ef53f1462e2c8f657fdc38a81448ff45c64a1807a658693f2a61704f17a36.sdkstatcache -target arm64-apple-ios12.0-simulator -fmessage-length\=0 -fdiagnostics-show-note-include-stack -fmacro-backtrace-limit\=0 -fno-color-diagnostics -fmodules-prune-interval\=86400 -fmodules-prune-after\=345600 -fbuild-session-file\=/Users/runner/work/orbit/orbit/.kimi-probe/.dd-ios/ModuleCache.noindex/Session.modulevalidation -fmodules-validate-once-per-build-session -Wnon-modular-include-in-framework-module -Werror\=non-modular-include-in-framework-module -Wno-trigraphs -Wno-missing-field-initializers -Wno-missing-prototypes -Wno-return-type -Wno-missing-braces -Wparentheses -Wswitch -Wno-unused-function -Wno-unused-label -Wno-unused-parameter -Wno-unused-variable -Wunused-value -Wno-empty-body -Wno-uninitialized -Wno-unknown-pragmas -w -Wno-shadow -Wno-four-char-constants -Wno-conversion -Wno-constant-conversion -Wno-int-conversion -Wno-bool-conversion -Wno-enum-conversion -Wno-float-conversion -Wno-non-literal-null-conversion -Wno-objc-literal-conversion -Wshorten-64-to-32 -Wpointer-sign -Wno-newline-eof -Wno-implicit-fallthrough -isysroot /Applications/Xcode_26.6.app/Contents/Developer/Platforms/iPhoneSimulator.platform/Developer/SDKs/iPhoneSimulator26.5.sdk -fstrict-aliasing -Wdeprecated-declarations -Wno-sign-conversion -Wno-infinite-recursion -Wno-comma -Wno-block-capture-autoreleasing -Wno-strict-prototypes -Wno-semicolon-before-method-body -index-store-path /Users/runner/work/orbit/orbit/.kimi-probe/.dd-ios/Index.noindex/DataStore @/Users/runner/work/orbit/orbit/.kimi-probe/.dd-ios/Build/Intermediates.noindex/cmark-gfm.build/Debug-iphonesimulator/cmark-gfm.build/Objects-normal/arm64/7187679823f38a2a940e0043cdf9d637-common-args.resp -MMD -MT dependencies -MF /Users/runner/work/orbit/orbit/.kimi-probe/.dd-ios/Build/Intermediates.noindex/cmark-gfm.build/Debug-iphonesimulator/cmark-gfm.build/Objects-normal/arm64/man.d --serialize-diagnostics /Users/runner/work/orbit/orbit/.kimi-probe/.dd-ios/Build/Intermediates.noindex/cmark-gfm.build/Debug-iphonesimulator/cmark-gfm.build/Objects-normal/arm64/man.dia -c /Users/runner/work/orbit/orbit/.kimi-probe/.dd-ios/SourcePackages/checkouts/swift-cmark/src/man.c -o /Users/runner/work/orbit/orbit/.kimi-probe/.dd-ios/Build/Intermediates.noindex/cmark-gfm.build/Debug-iphonesimulator/cmark-gfm.build/Objects-normal/arm64/man.o -index-unit-output-path /cmark-gfm.build/Debug-iphonesimulator/cmark-gfm.build/Objects-normal/arm64/man.o

ScanDependencies /Users/runner/work/orbit/orbit/.kimi-probe/.dd-ios/Build/Intermediates.noindex/cmark-gfm.build/Debug-iphonesimulator/cmark-gfm.build/Objects-normal/arm64/linked_list.o /Users/runner/work/orbit/orbit/.kimi-probe/.dd-ios/SourcePackages/checkouts/swift-cmark/src/linked_list.c normal arm64 c com.apple.compilers.llvm.clang.1_0.compiler (in target 'cmark-gfm' from project 'cmark-gfm')
    cd /Users/runner/work/orbit/orbit/.kimi-probe/KimiProbe.xcodeproj
    
    Using response file: /Users/runner/work/orbit/orbit/.kimi-probe/.dd-ios/Build/Intermediates.noindex/cmark-gfm.build/Debug-iphonesimulator/cmark-gfm.build/Objects-normal/arm64/7187679823f38a2a940e0043cdf9d637-common-args.resp
    
    builtin-ScanDependencies -o /Users/runner/work/orbit/orbit/.kimi-probe/.dd-ios/Build/Intermediates.noindex/cmark-gfm.build/Debug-iphonesimulator/cmark-gfm.build/Objects-normal/arm64/linked_list.o.scan -- /Applications/Xcode_26.6.app/Contents/Developer/Toolchains/XcodeDefault.xctoolchain/usr/bin/clang -x c -ivfsstatcache /Users/runner/work/orbit/orbit/.kimi-probe/.dd-ios/SDKStatCaches.noindex/iphonesimulator26.5-23F81a-688ef53f1462e2c8f657fdc38a81448ff45c64a1807a658693f2a61704f17a36.sdkstatcache -target arm64-apple-ios12.0-simulator -fmessage-length\=0 -fdiagnostics-show-note-include-stack -fmacro-backtrace-limit\=0 -fno-color-diagnostics -fmodules-prune-interval\=86400 -fmodules-prune-after\=345600 -fbuild-session-file\=/Users/runner/work/orbit/orbit/.kimi-probe/.dd-ios/ModuleCache.noindex/Session.modulevalidation -fmodules-validate-once-per-build-session -Wnon-modular-include-in-framework-module -Werror\=non-modular-include-in-framework-module -Wno-trigraphs -Wno-missing-field-initializers -Wno-missing-prototypes -Wno-return-type -Wno-missing-braces -Wparentheses -Wswitch -Wno-unused-function -Wno-unused-label -Wno-unused-parameter -Wno-unused-variable -Wunused-value -Wno-empty-body -Wno-uninitialized -Wno-unknown-pragmas -w -Wno-shadow -Wno-four-char-constants -Wno-conversion -Wno-constant-conversion -Wno-int-conversion -Wno-bool-conversion -Wno-enum-conversion -Wno-float-conversion -Wno-non-literal-null-conversion -Wno-objc-literal-conversion -Wshorten-64-to-32 -Wpointer-sign -Wno-newline-eof -Wno-implicit-fallthrough -isysroot /Applications/Xcode_26.6.app/Contents/Developer/Platforms/iPhoneSimulator.platform/Developer/SDKs/iPhoneSimulator26.5.sdk -fstrict-aliasing -Wdeprecated-declarations -Wno-sign-conversion -Wno-infinite-recursion -Wno-comma -Wno-block-capture-autoreleasing -Wno-strict-prototypes -Wno-semicolon-before-method-body -index-store-path /Users/runner/work/orbit/orbit/.kimi-probe/.dd-ios/Index.noindex/DataStore @/Users/runner/work/orbit/orbit/.kimi-probe/.dd-ios/Build/Intermediates.noindex/cmark-gfm.build/Debug-iphonesimulator/cmark-gfm.build/Objects-normal/arm64/7187679823f38a2a940e0043cdf9d637-common-args.resp -MMD -MT dependencies -MF /Users/runner/work/orbit/orbit/.kimi-probe/.dd-ios/Build/Intermediates.noindex/cmark-gfm.build/Debug-iphonesimulator/cmark-gfm.build/Objects-normal/arm64/linked_list.d --serialize-diagnostics /Users/runner/work/orbit/orbit/.kimi-probe/.dd-ios/Build/Intermediates.noindex/cmark-gfm.build/Debug-iphonesimulator/cmark-gfm.build/Objects-normal/arm64/linked_list.dia -c /Users/runner/work/orbit/orbit/.kimi-probe/.dd-ios/SourcePackages/checkouts/swift-cmark/src/linked_list.c -o /Users/runner/work/orbit/orbit/.kimi-probe/.dd-ios/Build/Intermediates.noindex/cmark-gfm.build/Debug-iphonesimulator/cmark-gfm.build/Objects-normal/arm64/linked_list.o -index-unit-output-path /cmark-gfm.build/Debug-iphonesimulator/cmark-gfm.build/Objects-normal/arm64/linked_list.o

ScanDependencies /Users/runner/work/orbit/orbit/.kimi-probe/.dd-ios/Build/Intermediates.noindex/cmark-gfm.build/Debug-iphonesimulator/cmark-gfm.build/Objects-normal/arm64/latex.o /Users/runner/work/orbit/orbit/.kimi-probe/.dd-ios/SourcePackages/checkouts/swift-cmark/src/latex.c normal arm64 c com.apple.compilers.llvm.clang.1_0.compiler (in target 'cmark-gfm' from project 'cmark-gfm')
    cd /Users/runner/work/orbit/orbit/.kimi-probe/KimiProbe.xcodeproj
    
    Using response file: /Users/runner/work/orbit/orbit/.kimi-probe/.dd-ios/Build/Intermediates.noindex/cmark-gfm.build/Debug-iphonesimulator/cmark-gfm.build/Objects-normal/arm64/7187679823f38a2a940e0043cdf9d637-common-args.resp
    
    builtin-ScanDependencies -o /Users/runner/work/orbit/orbit/.kimi-probe/.dd-ios/Build/Intermediates.noindex/cmark-gfm.build/Debug-iphonesimulator/cmark-gfm.build/Objects-normal/arm64/latex.o.scan -- /Applications/Xcode_26.6.app/Contents/Developer/Toolchains/XcodeDefault.xctoolchain/usr/bin/clang -x c -ivfsstatcache /Users/runner/work/orbit/orbit/.kimi-probe/.dd-ios/SDKStatCaches.noindex/iphonesimulator26.5-23F81a-688ef53f1462e2c8f657fdc38a81448ff45c64a1807a658693f2a61704f17a36.sdkstatcache -target arm64-apple-ios12.0-simulator -fmessage-length\=0 -fdiagnostics-show-note-include-stack -fmacro-backtrace-limit\=0 -fno-color-diagnostics -fmodules-prune-interval\=86400 -fmodules-prune-after\=345600 -fbuild-session-file\=/Users/runner/work/orbit/orbit/.kimi-probe/.dd-ios/ModuleCache.noindex/Session.modulevalidation -fmodules-validate-once-per-build-session -Wnon-modular-include-in-framework-module -Werror\=non-modular-include-in-framework-module -Wno-trigraphs -Wno-missing-field-initializers -Wno-missing-prototypes -Wno-return-type -Wno-missing-braces -Wparentheses -Wswitch -Wno-unused-function -Wno-unused-label -Wno-unused-parameter -Wno-unused-variable -Wunused-value -Wno-empty-body -Wno-uninitialized -Wno-unknown-pragmas -w -Wno-shadow -Wno-four-char-constants -Wno-conversion -Wno-constant-conversion -Wno-int-conversion -Wno-bool-conversion -Wno-enum-conversion -Wno-float-conversion -Wno-non-literal-null-conversion -Wno-objc-literal-conversion -Wshorten-64-to-32 -Wpointer-sign -Wno-newline-eof -Wno-implicit-fallthrough -isysroot /Applications/Xcode_26.6.app/Contents/Developer/Platforms/iPhoneSimulator.platform/Developer/SDKs/iPhoneSimulator26.5.sdk -fstrict-aliasing -Wdeprecated-declarations -Wno-sign-conversion -Wno-infinite-recursion -Wno-comma -Wno-block-capture-autoreleasing -Wno-strict-prototypes -Wno-semicolon-before-method-body -index-store-path /Users/runner/work/orbit/orbit/.kimi-probe/.dd-ios/Index.noindex/DataStore @/Users/runner/work/orbit/orbit/.kimi-probe/.dd-ios/Build/Intermediates.noindex/cmark-gfm.build/Debug-iphonesimulator/cmark-gfm.build/Objects-normal/arm64/7187679823f38a2a940e0043cdf9d637-common-args.resp -MMD -MT dependencies -MF /Users/runner/work/orbit/orbit/.kimi-probe/.dd-ios/Build/Intermediates.noindex/cmark-gfm.build/Debug-iphonesimulator/cmark-gfm.build/Objects-normal/arm64/latex.d --serialize-diagnostics /Users/runner/work/orbit/orbit/.kimi-probe/.dd-ios/Build/Intermediates.noindex/cmark-gfm.build/Debug-iphonesimulator/cmark-gfm.build/Objects-normal/arm64/latex.dia -c /Users/runner/work/orbit/orbit/.kimi-probe/.dd-ios/SourcePackages/checkouts/swift-cmark/src/latex.c -o /Users/runner/work/orbit/orbit/.kimi-probe/.dd-ios/Build/Intermediates.noindex/cmark-gfm.build/Debug-iphonesimulator/cmark-gfm.build/Objects-normal/arm64/latex.o -index-unit-output-path /cmark-gfm.build/Debug-iphonesimulator/cmark-gfm.build/Objects-normal/arm64/latex.o

ScanDependencies /Users/runner/work/orbit/orbit/.kimi-probe/.dd-ios/Build/Intermediates.noindex/cmark-gfm.build/Debug-iphonesimulator/cmark-gfm.build/Objects-normal/arm64/iterator.o /Users/runner/work/orbit/orbit/.kimi-probe/.dd-ios/SourcePackages/checkouts/swift-cmark/src/iterator.c normal arm64 c com.apple.compilers.llvm.clang.1_0.compiler (in target 'cmark-gfm' from project 'cmark-gfm')
    cd /Users/runner/work/orbit/orbit/.kimi-probe/KimiProbe.xcodeproj
    
    Using response file: /Users/runner/work/orbit/orbit/.kimi-probe/.dd-ios/Build/Intermediates.noindex/cmark-gfm.build/Debug-iphonesimulator/cmark-gfm.build/Objects-normal/arm64/7187679823f38a2a940e0043cdf9d637-common-args.resp
    
    builtin-ScanDependencies -o /Users/runner/work/orbit/orbit/.kimi-probe/.dd-ios/Build/Intermediates.noindex/cmark-gfm.build/Debug-iphonesimulator/cmark-gfm.build/Objects-normal/arm64/iterator.o.scan -- /Applications/Xcode_26.6.app/Contents/Developer/Toolchains/XcodeDefault.xctoolchain/usr/bin/clang -x c -ivfsstatcache /Users/runner/work/orbit/orbit/.kimi-probe/.dd-ios/SDKStatCaches.noindex/iphonesimulator26.5-23F81a-688ef53f1462e2c8f657fdc38a81448ff45c64a1807a658693f2a61704f17a36.sdkstatcache -target arm64-apple-ios12.0-simulator -fmessage-length\=0 -fdiagnostics-show-note-include-stack -fmacro-backtrace-limit\=0 -fno-color-diagnostics -fmodules-prune-interval\=86400 -fmodules-prune-after\=345600 -fbuild-session-file\=/Users/runner/work/orbit/orbit/.kimi-probe/.dd-ios/ModuleCache.noindex/Session.modulevalidation -fmodules-validate-once-per-build-session -Wnon-modular-include-in-framework-module -Werror\=non-modular-include-in-framework-module -Wno-trigraphs -Wno-missing-field-initializers -Wno-missing-prototypes -Wno-return-type -Wno-missing-braces -Wparentheses -Wswitch -Wno-unused-function -Wno-unused-label -Wno-unused-parameter -Wno-unused-variable -Wunused-value -Wno-empty-body -Wno-uninitialized -Wno-unknown-pragmas -w -Wno-shadow -Wno-four-char-constants -Wno-conversion -Wno-constant-conversion -Wno-int-conversion -Wno-bool-conversion -Wno-enum-conversion -Wno-float-conversion -Wno-non-literal-null-conversion -Wno-objc-literal-conversion -Wshorten-64-to-32 -Wpointer-sign -Wno-newline-eof -Wno-implicit-fallthrough -isysroot /Applications/Xcode_26.6.app/Contents/Developer/Platforms/iPhoneSimulator.platform/Developer/SDKs/iPhoneSimulator26.5.sdk -fstrict-aliasing -Wdeprecated-declarations -Wno-sign-conversion -Wno-infinite-recursion -Wno-comma -Wno-block-capture-autoreleasing -Wno-strict-prototypes -Wno-semicolon-before-method-body -index-store-path /Users/runner/work/orbit/orbit/.kimi-probe/.dd-ios/Index.noindex/DataStore @/Users/runner/work/orbit/orbit/.kimi-probe/.dd-ios/Build/Intermediates.noindex/cmark-gfm.build/Debug-iphonesimulator/cmark-gfm.build/Objects-normal/arm64/7187679823f38a2a940e0043cdf9d637-common-args.resp -MMD -MT dependencies -MF /Users/runner/work/orbit/orbit/.kimi-probe/.dd-ios/Build/Intermediates.noindex/cmark-gfm.build/Debug-iphonesimulator/cmark-gfm.build/Objects-normal/arm64/iterator.d --serialize-diagnostics /Users/runner/work/orbit/orbit/.kimi-probe/.dd-ios/Build/Intermediates.noindex/cmark-gfm.build/Debug-iphonesimulator/cmark-gfm.build/Objects-normal/arm64/iterator.dia -c /Users/runner/work/orbit/orbit/.kimi-probe/.dd-ios/SourcePackages/checkouts/swift-cmark/src/iterator.c -o /Users/runner/work/orbit/orbit/.kimi-probe/.dd-ios/Build/Intermediates.noindex/cmark-gfm.build/Debug-iphonesimulator/cmark-gfm.build/Objects-normal/arm64/iterator.o -index-unit-output-path /cmark-gfm.build/Debug-iphonesimulator/cmark-gfm.build/Objects-normal/arm64/iterator.o

CompileC /Users/runner/work/orbit/orbit/.kimi-probe/.dd-ios/Build/Intermediates.noindex/cmark-gfm.build/Debug-iphonesimulator/cmark-gfm.build/Objects-normal/arm64/xml.o /Users/runner/work/orbit/orbit/.kimi-probe/.dd-ios/SourcePackages/checkouts/swift-cmark/src/xml.c normal arm64 c com.apple.compilers.llvm.clang.1_0.compiler (in target 'cmark-gfm' from project 'cmark-gfm')
    cd /Users/runner/work/orbit/orbit/.kimi-probe/KimiProbe.xcodeproj
    
    Using response file: /Users/runner/work/orbit/orbit/.kimi-probe/.dd-ios/Build/Intermediates.noindex/cmark-gfm.build/Debug-iphonesimulator/cmark-gfm.build/Objects-normal/arm64/7187679823f38a2a940e0043cdf9d637-common-args.resp
    
    /Applications/Xcode_26.6.app/Contents/Developer/Toolchains/XcodeDefault.xctoolchain/usr/bin/clang -x c -ivfsstatcache /Users/runner/work/orbit/orbit/.kimi-probe/.dd-ios/SDKStatCaches.noindex/iphonesimulator26.5-23F81a-688ef53f1462e2c8f657fdc38a81448ff45c64a1807a658693f2a61704f17a36.sdkstatcache -target arm64-apple-ios12.0-simulator -fmessage-length\=0 -fdiagnostics-show-note-include-stack -fmacro-backtrace-limit\=0 -fno-color-diagnostics -fmodules-prune-interval\=86400 -fmodules-prune-after\=345600 -fbuild-session-file\=/Users/runner/work/orbit/orbit/.kimi-probe/.dd-ios/ModuleCache.noindex/Session.modulevalidation -fmodules-validate-once-per-build-session -Wnon-modular-include-in-framework-module -Werror\=non-modular-include-in-framework-module -Wno-trigraphs -Wno-missing-field-initializers -Wno-missing-prototypes -Wno-return-type -Wno-missing-braces -Wparentheses -Wswitch -Wno-unused-function -Wno-unused-label -Wno-unused-parameter -Wno-unused-variable -Wunused-value -Wno-empty-body -Wno-uninitialized -Wno-unknown-pragmas -w -Wno-shadow -Wno-four-char-constants -Wno-conversion -Wno-constant-conversion -Wno-int-conversion -Wno-bool-conversion -Wno-enum-conversion -Wno-float-conversion -Wno-non-literal-null-conversion -Wno-objc-literal-conversion -Wshorten-64-to-32 -Wpointer-sign -Wno-newline-eof -Wno-implicit-fallthrough -isysroot /Applications/Xcode_26.6.app/Contents/Developer/Platforms/iPhoneSimulator.platform/Developer/SDKs/iPhoneSimulator26.5.sdk -fstrict-aliasing -Wdeprecated-declarations -Wno-sign-conversion -Wno-infinite-recursion -Wno-comma -Wno-block-capture-autoreleasing -Wno-strict-prototypes -Wno-semicolon-before-method-body -index-store-path /Users/runner/work/orbit/orbit/.kimi-probe/.dd-ios/Index.noindex/DataStore @/Users/runner/work/orbit/orbit/.kimi-probe/.dd-ios/Build/Intermediates.noindex/cmark-gfm.build/Debug-iphonesimulator/cmark-gfm.build/Objects-normal/arm64/7187679823f38a2a940e0043cdf9d637-common-args.resp -MMD -MT dependencies -MF /Users/runner/work/orbit/orbit/.kimi-probe/.dd-ios/Build/Intermediates.noindex/cmark-gfm.build/Debug-iphonesimulator/cmark-gfm.build/Objects-normal/arm64/xml.d --serialize-diagnostics /Users/runner/work/orbit/orbit/.kimi-probe/.dd-ios/Build/Intermediates.noindex/cmark-gfm.build/Debug-iphonesimulator/cmark-gfm.build/Objects-normal/arm64/xml.dia -c /Users/runner/work/orbit/orbit/.kimi-probe/.dd-ios/SourcePackages/checkouts/swift-cmark/src/xml.c -o /Users/runner/work/orbit/orbit/.kimi-probe/.dd-ios/Build/Intermediates.noindex/cmark-gfm.build/Debug-iphonesimulator/cmark-gfm.build/Objects-normal/arm64/xml.o -index-unit-output-path /cmark-gfm.build/Debug-iphonesimulator/cmark-gfm.build/Objects-normal/arm64/xml.o

CompileC /Users/runner/work/orbit/orbit/.kimi-probe/.dd-ios/Build/Intermediates.noindex/cmark-gfm.build/Debug-iphonesimulator/cmark-gfm.build/Objects-normal/arm64/utf8.o /Users/runner/work/orbit/orbit/.kimi-probe/.dd-ios/SourcePackages/checkouts/swift-cmark/src/utf8.c normal arm64 c com.apple.compilers.llvm.clang.1_0.compiler (in target 'cmark-gfm' from project 'cmark-gfm')
    cd /Users/runner/work/orbit/orbit/.kimi-probe/KimiProbe.xcodeproj
    
    Using response file: /Users/runner/work/orbit/orbit/.kimi-probe/.dd-ios/Build/Intermediates.noindex/cmark-gfm.build/Debug-iphonesimulator/cmark-gfm.build/Objects-normal/arm64/7187679823f38a2a940e0043cdf9d637-common-args.resp
    
    /Applications/Xcode_26.6.app/Contents/Developer/Toolchains/XcodeDefault.xctoolchain/usr/bin/clang -x c -ivfsstatcache /Users/runner/work/orbit/orbit/.kimi-probe/.dd-ios/SDKStatCaches.noindex/iphonesimulator26.5-23F81a-688ef53f1462e2c8f657fdc38a81448ff45c64a1807a658693f2a61704f17a36.sdkstatcache -target arm64-apple-ios12.0-simulator -fmessage-length\=0 -fdiagnostics-show-note-include-stack -fmacro-backtrace-limit\=0 -fno-color-diagnostics -fmodules-prune-interval\=86400 -fmodules-prune-after\=345600 -fbuild-session-file\=/Users/runner/work/orbit/orbit/.kimi-probe/.dd-ios/ModuleCache.noindex/Session.modulevalidation -fmodules-validate-once-per-build-session -Wnon-modular-include-in-framework-module -Werror\=non-modular-include-in-framework-module -Wno-trigraphs -Wno-missing-field-initializers -Wno-missing-prototypes -Wno-return-type -Wno-missing-braces -Wparentheses -Wswitch -Wno-unused-function -Wno-unused-label -Wno-unused-parameter -Wno-unused-variable -Wunused-value -Wno-empty-body -Wno-uninitialized -Wno-unknown-pragmas -w -Wno-shadow -Wno-four-char-constants -Wno-conversion -Wno-constant-conversion -Wno-int-conversion -Wno-bool-conversion -Wno-enum-conversion -Wno-float-conversion -Wno-non-literal-null-conversion -Wno-objc-literal-conversion -Wshorten-64-to-32 -Wpointer-sign -Wno-newline-eof -Wno-implicit-fallthrough -isysroot /Applications/Xcode_26.6.app/Contents/Developer/Platforms/iPhoneSimulator.platform/Developer/SDKs/iPhoneSimulator26.5.sdk -fstrict-aliasing -Wdeprecated-declarations -Wno-sign-conversion -Wno-infinite-recursion -Wno-comma -Wno-block-capture-autoreleasing -Wno-strict-prototypes -Wno-semicolon-before-method-body -index-store-path /Users/runner/work/orbit/orbit/.kimi-probe/.dd-ios/Index.noindex/DataStore @/Users/runner/work/orbit/orbit/.kimi-probe/.dd-ios/Build/Intermediates.noindex/cmark-gfm.build/Debug-iphonesimulator/cmark-gfm.build/Objects-normal/arm64/7187679823f38a2a940e0043cdf9d637-common-args.resp -MMD -MT dependencies -MF /Users/runner/work/orbit/orbit/.kimi-probe/.dd-ios/Build/Intermediates.noindex/cmark-gfm.build/Debug-iphonesimulator/cmark-gfm.build/Objects-normal/arm64/utf8.d --serialize-diagnostics /Users/runner/work/orbit/orbit/.kimi-probe/.dd-ios/Build/Intermediates.noindex/cmark-gfm.build/Debug-iphonesimulator/cmark-gfm.build/Objects-normal/arm64/utf8.dia -c /Users/runner/work/orbit/orbit/.kimi-probe/.dd-ios/SourcePackages/checkouts/swift-cmark/src/utf8.c -o /Users/runner/work/orbit/orbit/.kimi-probe/.dd-ios/Build/Intermediates.noindex/cmark-gfm.build/Debug-iphonesimulator/cmark-gfm.build/Objects-normal/arm64/utf8.o -index-unit-output-path /cmark-gfm.build/Debug-iphonesimulator/cmark-gfm.build/Objects-normal/arm64/utf8.o

CompileC /Users/runner/work/orbit/orbit/.kimi-probe/.dd-ios/Build/Intermediates.noindex/cmark-gfm.build/Debug-iphonesimulator/cmark-gfm.build/Objects-normal/arm64/syntax_extension.o /Users/runner/work/orbit/orbit/.kimi-probe/.dd-ios/SourcePackages/checkouts/swift-cmark/src/syntax_extension.c normal arm64 c com.apple.compilers.llvm.clang.1_0.compiler (in target 'cmark-gfm' from project 'cmark-gfm')
    cd /Users/runner/work/orbit/orbit/.kimi-probe/KimiProbe.xcodeproj
    
    Using response file: /Users/runner/work/orbit/orbit/.kimi-probe/.dd-ios/Build/Intermediates.noindex/cmark-gfm.build/Debug-iphonesimulator/cmark-gfm.build/Objects-normal/arm64/7187679823f38a2a940e0043cdf9d637-common-args.resp
    
    /Applications/Xcode_26.6.app/Contents/Developer/Toolchains/XcodeDefault.xctoolchain/usr/bin/clang -x c -ivfsstatcache /Users/runner/work/orbit/orbit/.kimi-probe/.dd-ios/SDKStatCaches.noindex/iphonesimulator26.5-23F81a-688ef53f1462e2c8f657fdc38a81448ff45c64a1807a658693f2a61704f17a36.sdkstatcache -target arm64-apple-ios12.0-simulator -fmessage-length\=0 -fdiagnostics-show-note-include-stack -fmacro-backtrace-limit\=0 -fno-color-diagnostics -fmodules-prune-interval\=86400 -fmodules-prune-after\=345600 -fbuild-session-file\=/Users/runner/work/orbit/orbit/.kimi-probe/.dd-ios/ModuleCache.noindex/Session.modulevalidation -fmodules-validate-once-per-build-session -Wnon-modular-include-in-framework-module -Werror\=non-modular-include-in-framework-module -Wno-trigraphs -Wno-missing-field-initializers -Wno-missing-prototypes -Wno-return-type -Wno-missing-braces -Wparentheses -Wswitch -Wno-unused-function -Wno-unused-label -Wno-unused-parameter -Wno-unused-variable -Wunused-value -Wno-empty-body -Wno-uninitialized -Wno-unknown-pragmas -w -Wno-shadow -Wno-four-char-constants -Wno-conversion -Wno-constant-conversion -Wno-int-conversion -Wno-bool-conversion -Wno-enum-conversion -Wno-float-conversion -Wno-non-literal-null-conversion -Wno-objc-literal-conversion -Wshorten-64-to-32 -Wpointer-sign -Wno-newline-eof -Wno-implicit-fallthrough -isysroot /Applications/Xcode_26.6.app/Contents/Developer/Platforms/iPhoneSimulator.platform/Developer/SDKs/iPhoneSimulator26.5.sdk -fstrict-aliasing -Wdeprecated-declarations -Wno-sign-conversion -Wno-infinite-recursion -Wno-comma -Wno-block-capture-autoreleasing -Wno-strict-prototypes -Wno-semicolon-before-method-body -index-store-path /Users/runner/work/orbit/orbit/.kimi-probe/.dd-ios/Index.noindex/DataStore @/Users/runner/work/orbit/orbit/.kimi-probe/.dd-ios/Build/Intermediates.noindex/cmark-gfm.build/Debug-iphonesimulator/cmark-gfm.build/Objects-normal/arm64/7187679823f38a2a940e0043cdf9d637-common-args.resp -MMD -MT dependencies -MF /Users/runner/work/orbit/orbit/.kimi-probe/.dd-ios/Build/Intermediates.noindex/cmark-gfm.build/Debug-iphonesimulator/cmark-gfm.build/Objects-normal/arm64/syntax_extension.d --serialize-diagnostics /Users/runner/work/orbit/orbit/.kimi-probe/.dd-ios/Build/Intermediates.noindex/cmark-gfm.build/Debug-iphonesimulator/cmark-gfm.build/Objects-normal/arm64/syntax_extension.dia -c /Users/runner/work/orbit/orbit/.kimi-probe/.dd-ios/SourcePackages/checkouts/swift-cmark/src/syntax_extension.c -o /Users/runner/work/orbit/orbit/.kimi-probe/.dd-ios/Build/Intermediates.noindex/cmark-gfm.build/Debug-iphonesimulator/cmark-gfm.build/Objects-normal/arm64/syntax_extension.o -index-unit-output-path /cmark-gfm.build/Debug-iphonesimulator/cmark-gfm.build/Objects-normal/arm64/syntax_extension.o

SwiftExplicitDependencyGeneratePcm arm64 /Users/runner/work/orbit/orbit/.kimi-probe/.dd-ios/ModuleCache.noindex/ptrcheck-F5FEN7QKWBMNBW16BCHA2Y9DM.pcm

SwiftExplicitDependencyGeneratePcm arm64 /Users/runner/work/orbit/orbit/.kimi-probe/.dd-ios/ModuleCache.noindex/ptrauth-9VHKBK2NLS7YAVV3XK4BT9FLH.pcm

SwiftExplicitDependencyGeneratePcm arm64 /Users/runner/work/orbit/orbit/.kimi-probe/.dd-ios/ModuleCache.noindex/_Builtin_stddef-7SSFEMV7TPAEHAM07JLAN9TTX.pcm

SwiftExplicitDependencyGeneratePcm arm64 /Users/runner/work/orbit/orbit/.kimi-probe/.dd-ios/ModuleCache.noindex/_SwiftConcurrencyShims-9BXRV0HNUAB4Q6PFO9FYUQGLA.pcm

SwiftExplicitDependencyGeneratePcm arm64 /Users/runner/work/orbit/orbit/.kimi-probe/.dd-ios/ModuleCache.noindex/_Builtin_float-97THIJCJGOUQMNVMZDEYUQW3O.pcm

SwiftExplicitDependencyGeneratePcm arm64 /Users/runner/work/orbit/orbit/.kimi-probe/.dd-ios/ModuleCache.noindex/_AvailabilityInternal-67F0OOURUW8LXK0OUMK2NJ4ZM.pcm

SwiftExplicitDependencyGeneratePcm arm64 /Users/runner/work/orbit/orbit/.kimi-probe/.dd-ios/ModuleCache.noindex/_Builtin_stdarg-65ART0BILOHTYONMX4825T9L5.pcm

SwiftExplicitDependencyGeneratePcm arm64 /Users/runner/work/orbit/orbit/.kimi-probe/.dd-ios/ModuleCache.noindex/_Builtin_stdbool-7LLPWVLRDVY1QGAF38L0QMR20.pcm

SwiftExplicitDependencyGeneratePcm arm64 /Users/runner/work/orbit/orbit/.kimi-probe/.dd-ios/ModuleCache.noindex/SwiftShims-67TKZDOF24GVLR3IE1T7F1HMI.pcm

SwiftExplicitDependencyGeneratePcm arm64 /Users/runner/work/orbit/orbit/.kimi-probe/.dd-ios/ModuleCache.noindex/_DarwinFoundation1-A87K62EPGWQA7O1FF4TT9N3AO.pcm

CompileC /Users/runner/work/orbit/orbit/.kimi-probe/.dd-ios/Build/Intermediates.noindex/cmark-gfm.build/Debug-iphonesimulator/cmark-gfm.build/Objects-normal/arm64/scanners.o /Users/runner/work/orbit/orbit/.kimi-probe/.dd-ios/SourcePackages/checkouts/swift-cmark/src/scanners.c normal arm64 c com.apple.compilers.llvm.clang.1_0.compiler (in target 'cmark-gfm' from project 'cmark-gfm')
    cd /Users/runner/work/orbit/orbit/.kimi-probe/KimiProbe.xcodeproj
    
    Using response file: /Users/runner/work/orbit/orbit/.kimi-probe/.dd-ios/Build/Intermediates.noindex/cmark-gfm.build/Debug-iphonesimulator/cmark-gfm.build/Objects-normal/arm64/7187679823f38a2a940e0043cdf9d637-common-args.resp
    
    /Applications/Xcode_26.6.app/Contents/Developer/Toolchains/XcodeDefault.xctoolchain/usr/bin/clang -x c -ivfsstatcache /Users/runner/work/orbit/orbit/.kimi-probe/.dd-ios/SDKStatCaches.noindex/iphonesimulator26.5-23F81a-688ef53f1462e2c8f657fdc38a81448ff45c64a1807a658693f2a61704f17a36.sdkstatcache -target arm64-apple-ios12.0-simulator -fmessage-length\=0 -fdiagnostics-show-note-include-stack -fmacro-backtrace-limit\=0 -fno-color-diagnostics -fmodules-prune-interval\=86400 -fmodules-prune-after\=345600 -fbuild-session-file\=/Users/runner/work/orbit/orbit/.kimi-probe/.dd-ios/ModuleCache.noindex/Session.modulevalidation -fmodules-validate-once-per-build-session -Wnon-modular-include-in-framework-module -Werror\=non-modular-include-in-framework-module -Wno-trigraphs -Wno-missing-field-initializers -Wno-missing-prototypes -Wno-return-type -Wno-missing-braces -Wparentheses -Wswitch -Wno-unused-function -Wno-unused-label -Wno-unused-parameter -Wno-unused-variable -Wunused-value -Wno-empty-body -Wno-uninitialized -Wno-unknown-pragmas -w -Wno-shadow -Wno-four-char-constants -Wno-conversion -Wno-constant-conversion -Wno-int-conversion -Wno-bool-conversion -Wno-enum-conversion -Wno-float-conversion -Wno-non-literal-null-conversion -Wno-objc-literal-conversion -Wshorten-64-to-32 -Wpointer-sign -Wno-newline-eof -Wno-implicit-fallthrough -isysroot /Applications/Xcode_26.6.app/Contents/Developer/Platforms/iPhoneSimulator.platform/Developer/SDKs/iPhoneSimulator26.5.sdk -fstrict-aliasing -Wdeprecated-declarations -Wno-sign-conversion -Wno-infinite-recursion -Wno-comma -Wno-block-capture-autoreleasing -Wno-strict-prototypes -Wno-semicolon-before-method-body -index-store-path /Users/runner/work/orbit/orbit/.kimi-probe/.dd-ios/Index.noindex/DataStore @/Users/runner/work/orbit/orbit/.kimi-probe/.dd-ios/Build/Intermediates.noindex/cmark-gfm.build/Debug-iphonesimulator/cmark-gfm.build/Objects-normal/arm64/7187679823f38a2a940e0043cdf9d637-common-args.resp -MMD -MT dependencies -MF /Users/runner/work/orbit/orbit/.kimi-probe/.dd-ios/Build/Intermediates.noindex/cmark-gfm.build/Debug-iphonesimulator/cmark-gfm.build/Objects-normal/arm64/scanners.d --serialize-diagnostics /Users/runner/work/orbit/orbit/.kimi-probe/.dd-ios/Build/Intermediates.noindex/cmark-gfm.build/Debug-iphonesimulator/cmark-gfm.build/Objects-normal/arm64/scanners.dia -c /Users/runner/work/orbit/orbit/.kimi-probe/.dd-ios/SourcePackages/checkouts/swift-cmark/src/scanners.c -o /Users/runner/work/orbit/orbit/.kimi-probe/.dd-ios/Build/Intermediates.noindex/cmark-gfm.build/Debug-iphonesimulator/cmark-gfm.build/Objects-normal/arm64/scanners.o -index-unit-output-path /cmark-gfm.build/Debug-iphonesimulator/cmark-gfm.build/Objects-normal/arm64/scanners.o

CompileC /Users/runner/work/orbit/orbit/.kimi-probe/.dd-ios/Build/Intermediates.noindex/cmark-gfm.build/Debug-iphonesimulator/cmark-gfm.build/Objects-normal/arm64/render.o /Users/runner/work/orbit/orbit/.kimi-probe/.dd-ios/SourcePackages/checkouts/swift-cmark/src/render.c normal arm64 c com.apple.compilers.llvm.clang.1_0.compiler (in target 'cmark-gfm' from project 'cmark-gfm')
    cd /Users/runner/work/orbit/orbit/.kimi-probe/KimiProbe.xcodeproj
    
    Using response file: /Users/runner/work/orbit/orbit/.kimi-probe/.dd-ios/Build/Intermediates.noindex/cmark-gfm.build/Debug-iphonesimulator/cmark-gfm.build/Objects-normal/arm64/7187679823f38a2a940e0043cdf9d637-common-args.resp
    
    /Applications/Xcode_26.6.app/Contents/Developer/Toolchains/XcodeDefault.xctoolchain/usr/bin/clang -x c -ivfsstatcache /Users/runner/work/orbit/orbit/.kimi-probe/.dd-ios/SDKStatCaches.noindex/iphonesimulator26.5-23F81a-688ef53f1462e2c8f657fdc38a81448ff45c64a1807a658693f2a61704f17a36.sdkstatcache -target arm64-apple-ios12.0-simulator -fmessage-length\=0 -fdiagnostics-show-note-include-stack -fmacro-backtrace-limit\=0 -fno-color-diagnostics -fmodules-prune-interval\=86400 -fmodules-prune-after\=345600 -fbuild-session-file\=/Users/runner/work/orbit/orbit/.kimi-probe/.dd-ios/ModuleCache.noindex/Session.modulevalidation -fmodules-validate-once-per-build-session -Wnon-modular-include-in-framework-module -Werror\=non-modular-include-in-framework-module -Wno-trigraphs -Wno-missing-field-initializers -Wno-missing-prototypes -Wno-return-type -Wno-missing-braces -Wparentheses -Wswitch -Wno-unused-function -Wno-unused-label -Wno-unused-parameter -Wno-unused-variable -Wunused-value -Wno-empty-body -Wno-uninitialized -Wno-unknown-pragmas -w -Wno-shadow -Wno-four-char-constants -Wno-conversion -Wno-constant-conversion -Wno-int-conversion -Wno-bool-conversion -Wno-enum-conversion -Wno-float-conversion -Wno-non-literal-null-conversion -Wno-objc-literal-conversion -Wshorten-64-to-32 -Wpointer-sign -Wno-newline-eof -Wno-implicit-fallthrough -isysroot /Applications/Xcode_26.6.app/Contents/Developer/Platforms/iPhoneSimulator.platform/Developer/SDKs/iPhoneSimulator26.5.sdk -fstrict-aliasing -Wdeprecated-declarations -Wno-sign-conversion -Wno-infinite-recursion -Wno-comma -Wno-block-capture-autoreleasing -Wno-strict-prototypes -Wno-semicolon-before-method-body -index-store-path /Users/runner/work/orbit/orbit/.kimi-probe/.dd-ios/Index.noindex/DataStore @/Users/runner/work/orbit/orbit/.kimi-probe/.dd-ios/Build/Intermediates.noindex/cmark-gfm.build/Debug-iphonesimulator/cmark-gfm.build/Objects-normal/arm64/7187679823f38a2a940e0043cdf9d637-common-args.resp -MMD -MT dependencies -MF /Users/runner/work/orbit/orbit/.kimi-probe/.dd-ios/Build/Intermediates.noindex/cmark-gfm.build/Debug-iphonesimulator/cmark-gfm.build/Objects-normal/arm64/render.d --serialize-diagnostics /Users/runner/work/orbit/orbit/.kimi-probe/.dd-ios/Build/Intermediates.noindex/cmark-gfm.build/Debug-iphonesimulator/cmark-gfm.build/Objects-normal/arm64/render.dia -c /Users/runner/work/orbit/orbit/.kimi-probe/.dd-ios/SourcePackages/checkouts/swift-cmark/src/render.c -o /Users/runner/work/orbit/orbit/.kimi-probe/.dd-ios/Build/Intermediates.noindex/cmark-gfm.build/Debug-iphonesimulator/cmark-gfm.build/Objects-normal/arm64/render.o -index-unit-output-path /cmark-gfm.build/Debug-iphonesimulator/cmark-gfm.build/Objects-normal/arm64/render.o

CompileC /Users/runner/work/orbit/orbit/.kimi-probe/.dd-ios/Build/Intermediates.noindex/cmark-gfm.build/Debug-iphonesimulator/cmark-gfm.build/Objects-normal/arm64/registry.o /Users/runner/work/orbit/orbit/.kimi-probe/.dd-ios/SourcePackages/checkouts/swift-cmark/src/registry.c normal arm64 c com.apple.compilers.llvm.clang.1_0.compiler (in target 'cmark-gfm' from project 'cmark-gfm')
    cd /Users/runner/work/orbit/orbit/.kimi-probe/KimiProbe.xcodeproj
    
    Using response file: /Users/runner/work/orbit/orbit/.kimi-probe/.dd-ios/Build/Intermediates.noindex/cmark-gfm.build/Debug-iphonesimulator/cmark-gfm.build/Objects-normal/arm64/7187679823f38a2a940e0043cdf9d637-common-args.resp
    
    /Applications/Xcode_26.6.app/Contents/Developer/Toolchains/XcodeDefault.xctoolchain/usr/bin/clang -x c -ivfsstatcache /Users/runner/work/orbit/orbit/.kimi-probe/.dd-ios/SDKStatCaches.noindex/iphonesimulator26.5-23F81a-688ef53f1462e2c8f657fdc38a81448ff45c64a1807a658693f2a61704f17a36.sdkstatcache -target arm64-apple-ios12.0-simulator -fmessage-length\=0 -fdiagnostics-show-note-include-stack -fmacro-backtrace-limit\=0 -fno-color-diagnostics -fmodules-prune-interval\=86400 -fmodules-prune-after\=345600 -fbuild-session-file\=/Users/runner/work/orbit/orbit/.kimi-probe/.dd-ios/ModuleCache.noindex/Session.modulevalidation -fmodules-validate-once-per-build-session -Wnon-modular-include-in-framework-module -Werror\=non-modular-include-in-framework-module -Wno-trigraphs -Wno-missing-field-initializers -Wno-missing-prototypes -Wno-return-type -Wno-missing-braces -Wparentheses -Wswitch -Wno-unused-function -Wno-unused-label -Wno-unused-parameter -Wno-unused-variable -Wunused-value -Wno-empty-body -Wno-uninitialized -Wno-unknown-pragmas -w -Wno-shadow -Wno-four-char-constants -Wno-conversion -Wno-constant-conversion -Wno-int-conversion -Wno-bool-conversion -Wno-enum-conversion -Wno-float-conversion -Wno-non-literal-null-conversion -Wno-objc-literal-conversion -Wshorten-64-to-32 -Wpointer-sign -Wno-newline-eof -Wno-implicit-fallthrough -isysroot /Applications/Xcode_26.6.app/Contents/Developer/Platforms/iPhoneSimulator.platform/Developer/SDKs/iPhoneSimulator26.5.sdk -fstrict-aliasing -Wdeprecated-declarations -Wno-sign-conversion -Wno-infinite-recursion -Wno-comma -Wno-block-capture-autoreleasing -Wno-strict-prototypes -Wno-semicolon-before-method-body -index-store-path /Users/runner/work/orbit/orbit/.kimi-probe/.dd-ios/Index.noindex/DataStore @/Users/runner/work/orbit/orbit/.kimi-probe/.dd-ios/Build/Intermediates.noindex/cmark-gfm.build/Debug-iphonesimulator/cmark-gfm.build/Objects-normal/arm64/7187679823f38a2a940e0043cdf9d637-common-args.resp -MMD -MT dependencies -MF /Users/runner/work/orbit/orbit/.kimi-probe/.dd-ios/Build/Intermediates.noindex/cmark-gfm.build/Debug-iphonesimulator/cmark-gfm.build/Objects-normal/arm64/registry.d --serialize-diagnostics /Users/runner/work/orbit/orbit/.kimi-probe/.dd-ios/Build/Intermediates.noindex/cmark-gfm.build/Debug-iphonesimulator/cmark-gfm.build/Objects-normal/arm64/registry.dia -c /Users/runner/work/orbit/orbit/.kimi-probe/.dd-ios/SourcePackages/checkouts/swift-cmark/src/registry.c -o /Users/runner/work/orbit/orbit/.kimi-probe/.dd-ios/Build/Intermediates.noindex/cmark-gfm.build/Debug-iphonesimulator/cmark-gfm.build/Objects-normal/arm64/registry.o -index-unit-output-path /cmark-gfm.build/Debug-iphonesimulator/cmark-gfm.build/Objects-normal/arm64/registry.o

SwiftExplicitDependencyGeneratePcm arm64 /Users/runner/work/orbit/orbit/.kimi-probe/.dd-ios/ModuleCache.noindex/_DarwinFoundation2-8S23VSV6GI8RLJG16FR8TR3TQ.pcm

SwiftExplicitDependencyGeneratePcm arm64 /Users/runner/work/orbit/orbit/.kimi-probe/.dd-ios/ModuleCache.noindex/_Builtin_limits-7BT7RTQA5K297N194Y7CW8T0X.pcm

CompileC /Users/runner/work/orbit/orbit/.kimi-probe/.dd-ios/Build/Intermediates.noindex/cmark-gfm.build/Debug-iphonesimulator/cmark-gfm.build/Objects-normal/arm64/references.o /Users/runner/work/orbit/orbit/.kimi-probe/.dd-ios/SourcePackages/checkouts/swift-cmark/src/references.c normal arm64 c com.apple.compilers.llvm.clang.1_0.compiler (in target 'cmark-gfm' from project 'cmark-gfm')
    cd /Users/runner/work/orbit/orbit/.kimi-probe/KimiProbe.xcodeproj
    
    Using response file: /Users/runner/work/orbit/orbit/.kimi-probe/.dd-ios/Build/Intermediates.noindex/cmark-gfm.build/Debug-iphonesimulator/cmark-gfm.build/Objects-normal/arm64/7187679823f38a2a940e0043cdf9d637-common-args.resp
    
    /Applications/Xcode_26.6.app/Contents/Developer/Toolchains/XcodeDefault.xctoolchain/usr/bin/clang -x c -ivfsstatcache /Users/runner/work/orbit/orbit/.kimi-probe/.dd-ios/SDKStatCaches.noindex/iphonesimulator26.5-23F81a-688ef53f1462e2c8f657fdc38a81448ff45c64a1807a658693f2a61704f17a36.sdkstatcache -target arm64-apple-ios12.0-simulator -fmessage-length\=0 -fdiagnostics-show-note-include-stack -fmacro-backtrace-limit\=0 -fno-color-diagnostics -fmodules-prune-interval\=86400 -fmodules-prune-after\=345600 -fbuild-session-file\=/Users/runner/work/orbit/orbit/.kimi-probe/.dd-ios/ModuleCache.noindex/Session.modulevalidation -fmodules-validate-once-per-build-session -Wnon-modular-include-in-framework-module -Werror\=non-modular-include-in-framework-module -Wno-trigraphs -Wno-missing-field-initializers -Wno-missing-prototypes -Wno-return-type -Wno-missing-braces -Wparentheses -Wswitch -Wno-unused-function -Wno-unused-label -Wno-unused-parameter -Wno-unused-variable -Wunused-value -Wno-empty-body -Wno-uninitialized -Wno-unknown-pragmas -w -Wno-shadow -Wno-four-char-constants -Wno-conversion -Wno-constant-conversion -Wno-int-conversion -Wno-bool-conversion -Wno-enum-conversion -Wno-float-conversion -Wno-non-literal-null-conversion -Wno-objc-literal-conversion -Wshorten-64-to-32 -Wpointer-sign -Wno-newline-eof -Wno-implicit-fallthrough -isysroot /Applications/Xcode_26.6.app/Contents/Developer/Platforms/iPhoneSimulator.platform/Developer/SDKs/iPhoneSimulator26.5.sdk -fstrict-aliasing -Wdeprecated-declarations -Wno-sign-conversion -Wno-infinite-recursion -Wno-comma -Wno-block-capture-autoreleasing -Wno-strict-prototypes -Wno-semicolon-before-method-body -index-store-path /Users/runner/work/orbit/orbit/.kimi-probe/.dd-ios/Index.noindex/DataStore @/Users/runner/work/orbit/orbit/.kimi-probe/.dd-ios/Build/Intermediates.noindex/cmark-gfm.build/Debug-iphonesimulator/cmark-gfm.build/Objects-normal/arm64/7187679823f38a2a940e0043cdf9d637-common-args.resp -MMD -MT dependencies -MF /Users/runner/work/orbit/orbit/.kimi-probe/.dd-ios/Build/Intermediates.noindex/cmark-gfm.build/Debug-iphonesimulator/cmark-gfm.build/Objects-normal/arm64/references.d --serialize-diagnostics /Users/runner/work/orbit/orbit/.kimi-probe/.dd-ios/Build/Intermediates.noindex/cmark-gfm.build/Debug-iphonesimulator/cmark-gfm.build/Objects-normal/arm64/references.dia -c /Users/runner/work/orbit/orbit/.kimi-probe/.dd-ios/SourcePackages/checkouts/swift-cmark/src/references.c -o /Users/runner/work/orbit/orbit/.kimi-probe/.dd-ios/Build/Intermediates.noindex/cmark-gfm.build/Debug-iphonesimulator/cmark-gfm.build/Objects-normal/arm64/references.o -index-unit-output-path /cmark-gfm.build/Debug-iphonesimulator/cmark-gfm.build/Objects-normal/arm64/references.o

CompileC /Users/runner/work/orbit/orbit/.kimi-probe/.dd-ios/Build/Intermediates.noindex/cmark-gfm.build/Debug-iphonesimulator/cmark-gfm.build/Objects-normal/arm64/plugin.o /Users/runner/work/orbit/orbit/.kimi-probe/.dd-ios/SourcePackages/checkouts/swift-cmark/src/plugin.c normal arm64 c com.apple.compilers.llvm.clang.1_0.compiler (in target 'cmark-gfm' from project 'cmark-gfm')
    cd /Users/runner/work/orbit/orbit/.kimi-probe/KimiProbe.xcodeproj
    
    Using response file: /Users/runner/work/orbit/orbit/.kimi-probe/.dd-ios/Build/Intermediates.noindex/cmark-gfm.build/Debug-iphonesimulator/cmark-gfm.build/Objects-normal/arm64/7187679823f38a2a940e0043cdf9d637-common-args.resp
    
    /Applications/Xcode_26.6.app/Contents/Developer/Toolchains/XcodeDefault.xctoolchain/usr/bin/clang -x c -ivfsstatcache /Users/runner/work/orbit/orbit/.kimi-probe/.dd-ios/SDKStatCaches.noindex/iphonesimulator26.5-23F81a-688ef53f1462e2c8f657fdc38a81448ff45c64a1807a658693f2a61704f17a36.sdkstatcache -target arm64-apple-ios12.0-simulator -fmessage-length\=0 -fdiagnostics-show-note-include-stack -fmacro-backtrace-limit\=0 -fno-color-diagnostics -fmodules-prune-interval\=86400 -fmodules-prune-after\=345600 -fbuild-session-file\=/Users/runner/work/orbit/orbit/.kimi-probe/.dd-ios/ModuleCache.noindex/Session.modulevalidation -fmodules-validate-once-per-build-session -Wnon-modular-include-in-framework-module -Werror\=non-modular-include-in-framework-module -Wno-trigraphs -Wno-missing-field-initializers -Wno-missing-prototypes -Wno-return-type -Wno-missing-braces -Wparentheses -Wswitch -Wno-unused-function -Wno-unused-label -Wno-unused-parameter -Wno-unused-variable -Wunused-value -Wno-empty-body -Wno-uninitialized -Wno-unknown-pragmas -w -Wno-shadow -Wno-four-char-constants -Wno-conversion -Wno-constant-conversion -Wno-int-conversion -Wno-bool-conversion -Wno-enum-conversion -Wno-float-conversion -Wno-non-literal-null-conversion -Wno-objc-literal-conversion -Wshorten-64-to-32 -Wpointer-sign -Wno-newline-eof -Wno-implicit-fallthrough -isysroot /Applications/Xcode_26.6.app/Contents/Developer/Platforms/iPhoneSimulator.platform/Developer/SDKs/iPhoneSimulator26.5.sdk -fstrict-aliasing -Wdeprecated-declarations -Wno-sign-conversion -Wno-infinite-recursion -Wno-comma -Wno-block-capture-autoreleasing -Wno-strict-prototypes -Wno-semicolon-before-method-body -index-store-path /Users/runner/work/orbit/orbit/.kimi-probe/.dd-ios/Index.noindex/DataStore @/Users/runner/work/orbit/orbit/.kimi-probe/.dd-ios/Build/Intermediates.noindex/cmark-gfm.build/Debug-iphonesimulator/cmark-gfm.build/Objects-normal/arm64/7187679823f38a2a940e0043cdf9d637-common-args.resp -MMD -MT dependencies -MF /Users/runner/work/orbit/orbit/.kimi-probe/.dd-ios/Build/Intermediates.noindex/cmark-gfm.build/Debug-iphonesimulator/cmark-gfm.build/Objects-normal/arm64/plugin.d --serialize-diagnostics /Users/runner/work/orbit/orbit/.kimi-probe/.dd-ios/Build/Intermediates.noindex/cmark-gfm.build/Debug-iphonesimulator/cmark-gfm.build/Objects-normal/arm64/plugin.dia -c /Users/runner/work/orbit/orbit/.kimi-probe/.dd-ios/SourcePackages/checkouts/swift-cmark/src/plugin.c -o /Users/runner/work/orbit/orbit/.kimi-probe/.dd-ios/Build/Intermediates.noindex/cmark-gfm.build/Debug-iphonesimulator/cmark-gfm.build/Objects-normal/arm64/plugin.o -index-unit-output-path /cmark-gfm.build/Debug-iphonesimulator/cmark-gfm.build/Objects-normal/arm64/plugin.o

CompileC /Users/runner/work/orbit/orbit/.kimi-probe/.dd-ios/Build/Intermediates.noindex/cmark-gfm.build/Debug-iphonesimulator/cmark-gfm.build/Objects-normal/arm64/plaintext.o /Users/runner/work/orbit/orbit/.kimi-probe/.dd-ios/SourcePackages/checkouts/swift-cmark/src/plaintext.c normal arm64 c com.apple.compilers.llvm.clang.1_0.compiler (in target 'cmark-gfm' from project 'cmark-gfm')
    cd /Users/runner/work/orbit/orbit/.kimi-probe/KimiProbe.xcodeproj
    
    Using response file: /Users/runner/work/orbit/orbit/.kimi-probe/.dd-ios/Build/Intermediates.noindex/cmark-gfm.build/Debug-iphonesimulator/cmark-gfm.build/Objects-normal/arm64/7187679823f38a2a940e0043cdf9d637-common-args.resp
    
    /Applications/Xcode_26.6.app/Contents/Developer/Toolchains/XcodeDefault.xctoolchain/usr/bin/clang -x c -ivfsstatcache /Users/runner/work/orbit/orbit/.kimi-probe/.dd-ios/SDKStatCaches.noindex/iphonesimulator26.5-23F81a-688ef53f1462e2c8f657fdc38a81448ff45c64a1807a658693f2a61704f17a36.sdkstatcache -target arm64-apple-ios12.0-simulator -fmessage-length\=0 -fdiagnostics-show-note-include-stack -fmacro-backtrace-limit\=0 -fno-color-diagnostics -fmodules-prune-interval\=86400 -fmodules-prune-after\=345600 -fbuild-session-file\=/Users/runner/work/orbit/orbit/.kimi-probe/.dd-ios/ModuleCache.noindex/Session.modulevalidation -fmodules-validate-once-per-build-session -Wnon-modular-include-in-framework-module -Werror\=non-modular-include-in-framework-module -Wno-trigraphs -Wno-missing-field-initializers -Wno-missing-prototypes -Wno-return-type -Wno-missing-braces -Wparentheses -Wswitch -Wno-unused-function -Wno-unused-label -Wno-unused-parameter -Wno-unused-variable -Wunused-value -Wno-empty-body -Wno-uninitialized -Wno-unknown-pragmas -w -Wno-shadow -Wno-four-char-constants -Wno-conversion -Wno-constant-conversion -Wno-int-conversion -Wno-bool-conversion -Wno-enum-conversion -Wno-float-conversion -Wno-non-literal-null-conversion -Wno-objc-literal-conversion -Wshorten-64-to-32 -Wpointer-sign -Wno-newline-eof -Wno-implicit-fallthrough -isysroot /Applications/Xcode_26.6.app/Contents/Developer/Platforms/iPhoneSimulator.platform/Developer/SDKs/iPhoneSimulator26.5.sdk -fstrict-aliasing -Wdeprecated-declarations -Wno-sign-conversion -Wno-infinite-recursion -Wno-comma -Wno-block-capture-autoreleasing -Wno-strict-prototypes -Wno-semicolon-before-method-body -index-store-path /Users/runner/work/orbit/orbit/.kimi-probe/.dd-ios/Index.noindex/DataStore @/Users/runner/work/orbit/orbit/.kimi-probe/.dd-ios/Build/Intermediates.noindex/cmark-gfm.build/Debug-iphonesimulator/cmark-gfm.build/Objects-normal/arm64/7187679823f38a2a940e0043cdf9d637-common-args.resp -MMD -MT dependencies -MF /Users/runner/work/orbit/orbit/.kimi-probe/.dd-ios/Build/Intermediates.noindex/cmark-gfm.build/Debug-iphonesimulator/cmark-gfm.build/Objects-normal/arm64/plaintext.d --serialize-diagnostics /Users/runner/work/orbit/orbit/.kimi-probe/.dd-ios/Build/Intermediates.noindex/cmark-gfm.build/Debug-iphonesimulator/cmark-gfm.build/Objects-normal/arm64/plaintext.dia -c /Users/runner/work/orbit/orbit/.kimi-probe/.dd-ios/SourcePackages/checkouts/swift-cmark/src/plaintext.c -o /Users/runner/work/orbit/orbit/.kimi-probe/.dd-ios/Build/Intermediates.noindex/cmark-gfm.build/Debug-iphonesimulator/cmark-gfm.build/Objects-normal/arm64/plaintext.o -index-unit-output-path /cmark-gfm.build/Debug-iphonesimulator/cmark-gfm.build/Objects-normal/arm64/plaintext.o

CompileC /Users/runner/work/orbit/orbit/.kimi-probe/.dd-ios/Build/Intermediates.noindex/cmark-gfm.build/Debug-iphonesimulator/cmark-gfm.build/Objects-normal/arm64/node.o /Users/runner/work/orbit/orbit/.kimi-probe/.dd-ios/SourcePackages/checkouts/swift-cmark/src/node.c normal arm64 c com.apple.compilers.llvm.clang.1_0.compiler (in target 'cmark-gfm' from project 'cmark-gfm')
    cd /Users/runner/work/orbit/orbit/.kimi-probe/KimiProbe.xcodeproj
    
    Using response file: /Users/runner/work/orbit/orbit/.kimi-probe/.dd-ios/Build/Intermediates.noindex/cmark-gfm.build/Debug-iphonesimulator/cmark-gfm.build/Objects-normal/arm64/7187679823f38a2a940e0043cdf9d637-common-args.resp
    
    /Applications/Xcode_26.6.app/Contents/Developer/Toolchains/XcodeDefault.xctoolchain/usr/bin/clang -x c -ivfsstatcache /Users/runner/work/orbit/orbit/.kimi-probe/.dd-ios/SDKStatCaches.noindex/iphonesimulator26.5-23F81a-688ef53f1462e2c8f657fdc38a81448ff45c64a1807a658693f2a61704f17a36.sdkstatcache -target arm64-apple-ios12.0-simulator -fmessage-length\=0 -fdiagnostics-show-note-include-stack -fmacro-backtrace-limit\=0 -fno-color-diagnostics -fmodules-prune-interval\=86400 -fmodules-prune-after\=345600 -fbuild-session-file\=/Users/runner/work/orbit/orbit/.kimi-probe/.dd-ios/ModuleCache.noindex/Session.modulevalidation -fmodules-validate-once-per-build-session -Wnon-modular-include-in-framework-module -Werror\=non-modular-include-in-framework-module -Wno-trigraphs -Wno-missing-field-initializers -Wno-missing-prototypes -Wno-return-type -Wno-missing-braces -Wparentheses -Wswitch -Wno-unused-function -Wno-unused-label -Wno-unused-parameter -Wno-unused-variable -Wunused-value -Wno-empty-body -Wno-uninitialized -Wno-unknown-pragmas -w -Wno-shadow -Wno-four-char-constants -Wno-conversion -Wno-constant-conversion -Wno-int-conversion -Wno-bool-conversion -Wno-enum-conversion -Wno-float-conversion -Wno-non-literal-null-conversion -Wno-objc-literal-conversion -Wshorten-64-to-32 -Wpointer-sign -Wno-newline-eof -Wno-implicit-fallthrough -isysroot /Applications/Xcode_26.6.app/Contents/Developer/Platforms/iPhoneSimulator.platform/Developer/SDKs/iPhoneSimulator26.5.sdk -fstrict-aliasing -Wdeprecated-declarations -Wno-sign-conversion -Wno-infinite-recursion -Wno-comma -Wno-block-capture-autoreleasing -Wno-strict-prototypes -Wno-semicolon-before-method-body -index-store-path /Users/runner/work/orbit/orbit/.kimi-probe/.dd-ios/Index.noindex/DataStore @/Users/runner/work/orbit/orbit/.kimi-probe/.dd-ios/Build/Intermediates.noindex/cmark-gfm.build/Debug-iphonesimulator/cmark-gfm.build/Objects-normal/arm64/7187679823f38a2a940e0043cdf9d637-common-args.resp -MMD -MT dependencies -MF /Users/runner/work/orbit/orbit/.kimi-probe/.dd-ios/Build/Intermediates.noindex/cmark-gfm.build/Debug-iphonesimulator/cmark-gfm.build/Objects-normal/arm64/node.d --serialize-diagnostics /Users/runner/work/orbit/orbit/.kimi-probe/.dd-ios/Build/Intermediates.noindex/cmark-gfm.build/Debug-iphonesimulator/cmark-gfm.build/Objects-normal/arm64/node.dia -c /Users/runner/work/orbit/orbit/.kimi-probe/.dd-ios/SourcePackages/checkouts/swift-cmark/src/node.c -o /Users/runner/work/orbit/orbit/.kimi-probe/.dd-ios/Build/Intermediates.noindex/cmark-gfm.build/Debug-iphonesimulator/cmark-gfm.build/Objects-normal/arm64/node.o -index-unit-output-path /cmark-gfm.build/Debug-iphonesimulator/cmark-gfm.build/Objects-normal/arm64/node.o

CompileC /Users/runner/work/orbit/orbit/.kimi-probe/.dd-ios/Build/Intermediates.noindex/cmark-gfm.build/Debug-iphonesimulator/cmark-gfm.build/Objects-normal/arm64/map.o /Users/runner/work/orbit/orbit/.kimi-probe/.dd-ios/SourcePackages/checkouts/swift-cmark/src/map.c normal arm64 c com.apple.compilers.llvm.clang.1_0.compiler (in target 'cmark-gfm' from project 'cmark-gfm')
    cd /Users/runner/work/orbit/orbit/.kimi-probe/KimiProbe.xcodeproj
    
    Using response file: /Users/runner/work/orbit/orbit/.kimi-probe/.dd-ios/Build/Intermediates.noindex/cmark-gfm.build/Debug-iphonesimulator/cmark-gfm.build/Objects-normal/arm64/7187679823f38a2a940e0043cdf9d637-common-args.resp
    
    /Applications/Xcode_26.6.app/Contents/Developer/Toolchains/XcodeDefault.xctoolchain/usr/bin/clang -x c -ivfsstatcache /Users/runner/work/orbit/orbit/.kimi-probe/.dd-ios/SDKStatCaches.noindex/iphonesimulator26.5-23F81a-688ef53f1462e2c8f657fdc38a81448ff45c64a1807a658693f2a61704f17a36.sdkstatcache -target arm64-apple-ios12.0-simulator -fmessage-length\=0 -fdiagnostics-show-note-include-stack -fmacro-backtrace-limit\=0 -fno-color-diagnostics -fmodules-prune-interval\=86400 -fmodules-prune-after\=345600 -fbuild-session-file\=/Users/runner/work/orbit/orbit/.kimi-probe/.dd-ios/ModuleCache.noindex/Session.modulevalidation -fmodules-validate-once-per-build-session -Wnon-modular-include-in-framework-module -Werror\=non-modular-include-in-framework-module -Wno-trigraphs -Wno-missing-field-initializers -Wno-missing-prototypes -Wno-return-type -Wno-missing-braces -Wparentheses -Wswitch -Wno-unused-function -Wno-unused-label -Wno-unused-parameter -Wno-unused-variable -Wunused-value -Wno-empty-body -Wno-uninitialized -Wno-unknown-pragmas -w -Wno-shadow -Wno-four-char-constants -Wno-conversion -Wno-constant-conversion -Wno-int-conversion -Wno-bool-conversion -Wno-enum-conversion -Wno-float-conversion -Wno-non-literal-null-conversion -Wno-objc-literal-conversion -Wshorten-64-to-32 -Wpointer-sign -Wno-newline-eof -Wno-implicit-fallthrough -isysroot /Applications/Xcode_26.6.app/Contents/Developer/Platforms/iPhoneSimulator.platform/Developer/SDKs/iPhoneSimulator26.5.sdk -fstrict-aliasing -Wdeprecated-declarations -Wno-sign-conversion -Wno-infinite-recursion -Wno-comma -Wno-block-capture-autoreleasing -Wno-strict-prototypes -Wno-semicolon-before-method-body -index-store-path /Users/runner/work/orbit/orbit/.kimi-probe/.dd-ios/Index.noindex/DataStore @/Users/runner/work/orbit/orbit/.kimi-probe/.dd-ios/Build/Intermediates.noindex/cmark-gfm.build/Debug-iphonesimulator/cmark-gfm.build/Objects-normal/arm64/7187679823f38a2a940e0043cdf9d637-common-args.resp -MMD -MT dependencies -MF /Users/runner/work/orbit/orbit/.kimi-probe/.dd-ios/Build/Intermediates.noindex/cmark-gfm.build/Debug-iphonesimulator/cmark-gfm.build/Objects-normal/arm64/map.d --serialize-diagnostics /Users/runner/work/orbit/orbit/.kimi-probe/.dd-ios/Build/Intermediates.noindex/cmark-gfm.build/Debug-iphonesimulator/cmark-gfm.build/Objects-normal/arm64/map.dia -c /Users/runner/work/orbit/orbit/.kimi-probe/.dd-ios/SourcePackages/checkouts/swift-cmark/src/map.c -o /Users/runner/work/orbit/orbit/.kimi-probe/.dd-ios/Build/Intermediates.noindex/cmark-gfm.build/Debug-iphonesimulator/cmark-gfm.build/Objects-normal/arm64/map.o -index-unit-output-path /cmark-gfm.build/Debug-iphonesimulator/cmark-gfm.build/Objects-normal/arm64/map.o

SwiftExplicitDependencyGeneratePcm arm64 /Users/runner/work/orbit/orbit/.kimi-probe/.dd-ios/ModuleCache.noindex/_Builtin_stdint-EPVOSQYVW80RJ18KAF027VVDY.pcm

SwiftExplicitDependencyGeneratePcm arm64 /Users/runner/work/orbit/orbit/.kimi-probe/.dd-ios/ModuleCache.noindex/sys_types-3YAE8UM38FLEYATAU835QVJS9.pcm

CompileC /Users/runner/work/orbit/orbit/.kimi-probe/.dd-ios/Build/Intermediates.noindex/cmark-gfm.build/Debug-iphonesimulator/cmark-gfm.build/Objects-normal/arm64/man.o /Users/runner/work/orbit/orbit/.kimi-probe/.dd-ios/SourcePackages/checkouts/swift-cmark/src/man.c normal arm64 c com.apple.compilers.llvm.clang.1_0.compiler (in target 'cmark-gfm' from project 'cmark-gfm')
    cd /Users/runner/work/orbit/orbit/.kimi-probe/KimiProbe.xcodeproj
    
    Using response file: /Users/runner/work/orbit/orbit/.kimi-probe/.dd-ios/Build/Intermediates.noindex/cmark-gfm.build/Debug-iphonesimulator/cmark-gfm.build/Objects-normal/arm64/7187679823f38a2a940e0043cdf9d637-common-args.resp
    
    /Applications/Xcode_26.6.app/Contents/Developer/Toolchains/XcodeDefault.xctoolchain/usr/bin/clang -x c -ivfsstatcache /Users/runner/work/orbit/orbit/.kimi-probe/.dd-ios/SDKStatCaches.noindex/iphonesimulator26.5-23F81a-688ef53f1462e2c8f657fdc38a81448ff45c64a1807a658693f2a61704f17a36.sdkstatcache -target arm64-apple-ios12.0-simulator -fmessage-length\=0 -fdiagnostics-show-note-include-stack -fmacro-backtrace-limit\=0 -fno-color-diagnostics -fmodules-prune-interval\=86400 -fmodules-prune-after\=345600 -fbuild-session-file\=/Users/runner/work/orbit/orbit/.kimi-probe/.dd-ios/ModuleCache.noindex/Session.modulevalidation -fmodules-validate-once-per-build-session -Wnon-modular-include-in-framework-module -Werror\=non-modular-include-in-framework-module -Wno-trigraphs -Wno-missing-field-initializers -Wno-missing-prototypes -Wno-return-type -Wno-missing-braces -Wparentheses -Wswitch -Wno-unused-function -Wno-unused-label -Wno-unused-parameter -Wno-unused-variable -Wunused-value -Wno-empty-body -Wno-uninitialized -Wno-unknown-pragmas -w -Wno-shadow -Wno-four-char-constants -Wno-conversion -Wno-constant-conversion -Wno-int-conversion -Wno-bool-conversion -Wno-enum-conversion -Wno-float-conversion -Wno-non-literal-null-conversion -Wno-objc-literal-conversion -Wshorten-64-to-32 -Wpointer-sign -Wno-newline-eof -Wno-implicit-fallthrough -isysroot /Applications/Xcode_26.6.app/Contents/Developer/Platforms/iPhoneSimulator.platform/Developer/SDKs/iPhoneSimulator26.5.sdk -fstrict-aliasing -Wdeprecated-declarations -Wno-sign-conversion -Wno-infinite-recursion -Wno-comma -Wno-block-capture-autoreleasing -Wno-strict-prototypes -Wno-semicolon-before-method-body -index-store-path /Users/runner/work/orbit/orbit/.kimi-probe/.dd-ios/Index.noindex/DataStore @/Users/runner/work/orbit/orbit/.kimi-probe/.dd-ios/Build/Intermediates.noindex/cmark-gfm.build/Debug-iphonesimulator/cmark-gfm.build/Objects-normal/arm64/7187679823f38a2a940e0043cdf9d637-common-args.resp -MMD -MT dependencies -MF /Users/runner/work/orbit/orbit/.kimi-probe/.dd-ios/Build/Intermediates.noindex/cmark-gfm.build/Debug-iphonesimulator/cmark-gfm.build/Objects-normal/arm64/man.d --serialize-diagnostics /Users/runner/work/orbit/orbit/.kimi-probe/.dd-ios/Build/Intermediates.noindex/cmark-gfm.build/Debug-iphonesimulator/cmark-gfm.build/Objects-normal/arm64/man.dia -c /Users/runner/work/orbit/orbit/.kimi-probe/.dd-ios/SourcePackages/checkouts/swift-cmark/src/man.c -o /Users/runner/work/orbit/orbit/.kimi-probe/.dd-ios/Build/Intermediates.noindex/cmark-gfm.build/Debug-iphonesimulator/cmark-gfm.build/Objects-normal/arm64/man.o -index-unit-output-path /cmark-gfm.build/Debug-iphonesimulator/cmark-gfm.build/Objects-normal/arm64/man.o

SwiftExplicitDependencyGeneratePcm arm64 /Users/runner/work/orbit/orbit/.kimi-probe/.dd-ios/Build/Intermediates.noindex/SwiftExplicitPrecompiledModules/CAtomic-E3P7FXE1YQOAA874BH09YZT1D.pcm

SwiftExplicitDependencyGeneratePcm arm64 /Users/runner/work/orbit/orbit/.kimi-probe/.dd-ios/ModuleCache.noindex/_DarwinFoundation3-30ATVYWXYK2AE3KTZ3Z7DCVZE.pcm

CompileC /Users/runner/work/orbit/orbit/.kimi-probe/.dd-ios/Build/Intermediates.noindex/cmark-gfm.build/Debug-iphonesimulator/cmark-gfm.build/Objects-normal/arm64/linked_list.o /Users/runner/work/orbit/orbit/.kimi-probe/.dd-ios/SourcePackages/checkouts/swift-cmark/src/linked_list.c normal arm64 c com.apple.compilers.llvm.clang.1_0.compiler (in target 'cmark-gfm' from project 'cmark-gfm')
    cd /Users/runner/work/orbit/orbit/.kimi-probe/KimiProbe.xcodeproj
    
    Using response file: /Users/runner/work/orbit/orbit/.kimi-probe/.dd-ios/Build/Intermediates.noindex/cmark-gfm.build/Debug-iphonesimulator/cmark-gfm.build/Objects-normal/arm64/7187679823f38a2a940e0043cdf9d637-common-args.resp
    
    /Applications/Xcode_26.6.app/Contents/Developer/Toolchains/XcodeDefault.xctoolchain/usr/bin/clang -x c -ivfsstatcache /Users/runner/work/orbit/orbit/.kimi-probe/.dd-ios/SDKStatCaches.noindex/iphonesimulator26.5-23F81a-688ef53f1462e2c8f657fdc38a81448ff45c64a1807a658693f2a61704f17a36.sdkstatcache -target arm64-apple-ios12.0-simulator -fmessage-length\=0 -fdiagnostics-show-note-include-stack -fmacro-backtrace-limit\=0 -fno-color-diagnostics -fmodules-prune-interval\=86400 -fmodules-prune-after\=345600 -fbuild-session-file\=/Users/runner/work/orbit/orbit/.kimi-probe/.dd-ios/ModuleCache.noindex/Session.modulevalidation -fmodules-validate-once-per-build-session -Wnon-modular-include-in-framework-module -Werror\=non-modular-include-in-framework-module -Wno-trigraphs -Wno-missing-field-initializers -Wno-missing-prototypes -Wno-return-type -Wno-missing-braces -Wparentheses -Wswitch -Wno-unused-function -Wno-unused-label -Wno-unused-parameter -Wno-unused-variable -Wunused-value -Wno-empty-body -Wno-uninitialized -Wno-unknown-pragmas -w -Wno-shadow -Wno-four-char-constants -Wno-conversion -Wno-constant-conversion -Wno-int-conversion -Wno-bool-conversion -Wno-enum-conversion -Wno-float-conversion -Wno-non-literal-null-conversion -Wno-objc-literal-conversion -Wshorten-64-to-32 -Wpointer-sign -Wno-newline-eof -Wno-implicit-fallthrough -isysroot /Applications/Xcode_26.6.app/Contents/Developer/Platforms/iPhoneSimulator.platform/Developer/SDKs/iPhoneSimulator26.5.sdk -fstrict-aliasing -Wdeprecated-declarations -Wno-sign-conversion -Wno-infinite-recursion -Wno-comma -Wno-block-capture-autoreleasing -Wno-strict-prototypes -Wno-semicolon-before-method-body -index-store-path /Users/runner/work/orbit/orbit/.kimi-probe/.dd-ios/Index.noindex/DataStore @/Users/runner/work/orbit/orbit/.kimi-probe/.dd-ios/Build/Intermediates.noindex/cmark-gfm.build/Debug-iphonesimulator/cmark-gfm.build/Objects-normal/arm64/7187679823f38a2a940e0043cdf9d637-common-args.resp -MMD -MT dependencies -MF /Users/runner/work/orbit/orbit/.kimi-probe/.dd-ios/Build/Intermediates.noindex/cmark-gfm.build/Debug-iphonesimulator/cmark-gfm.build/Objects-normal/arm64/linked_list.d --serialize-diagnostics /Users/runner/work/orbit/orbit/.kimi-probe/.dd-ios/Build/Intermediates.noindex/cmark-gfm.build/Debug-iphonesimulator/cmark-gfm.build/Objects-normal/arm64/linked_list.dia -c /Users/runner/work/orbit/orbit/.kimi-probe/.dd-ios/SourcePackages/checkouts/swift-cmark/src/linked_list.c -o /Users/runner/work/orbit/orbit/.kimi-probe/.dd-ios/Build/Intermediates.noindex/cmark-gfm.build/Debug-iphonesimulator/cmark-gfm.build/Objects-normal/arm64/linked_list.o -index-unit-output-path /cmark-gfm.build/Debug-iphonesimulator/cmark-gfm.build/Objects-normal/arm64/linked_list.o

CompileC /Users/runner/work/orbit/orbit/.kimi-probe/.dd-ios/Build/Intermediates.noindex/cmark-gfm.build/Debug-iphonesimulator/cmark-gfm.build/Objects-normal/arm64/latex.o /Users/runner/work/orbit/orbit/.kimi-probe/.dd-ios/SourcePackages/checkouts/swift-cmark/src/latex.c normal arm64 c com.apple.compilers.llvm.clang.1_0.compiler (in target 'cmark-gfm' from project 'cmark-gfm')
    cd /Users/runner/work/orbit/orbit/.kimi-probe/KimiProbe.xcodeproj
    
    Using response file: /Users/runner/work/orbit/orbit/.kimi-probe/.dd-ios/Build/Intermediates.noindex/cmark-gfm.build/Debug-iphonesimulator/cmark-gfm.build/Objects-normal/arm64/7187679823f38a2a940e0043cdf9d637-common-args.resp
    
    /Applications/Xcode_26.6.app/Contents/Developer/Toolchains/XcodeDefault.xctoolchain/usr/bin/clang -x c -ivfsstatcache /Users/runner/work/orbit/orbit/.kimi-probe/.dd-ios/SDKStatCaches.noindex/iphonesimulator26.5-23F81a-688ef53f1462e2c8f657fdc38a81448ff45c64a1807a658693f2a61704f17a36.sdkstatcache -target arm64-apple-ios12.0-simulator -fmessage-length\=0 -fdiagnostics-show-note-include-stack -fmacro-backtrace-limit\=0 -fno-color-diagnostics -fmodules-prune-interval\=86400 -fmodules-prune-after\=345600 -fbuild-session-file\=/Users/runner/work/orbit/orbit/.kimi-probe/.dd-ios/ModuleCache.noindex/Session.modulevalidation -fmodules-validate-once-per-build-session -Wnon-modular-include-in-framework-module -Werror\=non-modular-include-in-framework-module -Wno-trigraphs -Wno-missing-field-initializers -Wno-missing-prototypes -Wno-return-type -Wno-missing-braces -Wparentheses -Wswitch -Wno-unused-function -Wno-unused-label -Wno-unused-parameter -Wno-unused-variable -Wunused-value -Wno-empty-body -Wno-uninitialized -Wno-unknown-pragmas -w -Wno-shadow -Wno-four-char-constants -Wno-conversion -Wno-constant-conversion -Wno-int-conversion -Wno-bool-conversion -Wno-enum-conversion -Wno-float-conversion -Wno-non-literal-null-conversion -Wno-objc-literal-conversion -Wshorten-64-to-32 -Wpointer-sign -Wno-newline-eof -Wno-implicit-fallthrough -isysroot /Applications/Xcode_26.6.app/Contents/Developer/Platforms/iPhoneSimulator.platform/Developer/SDKs/iPhoneSimulator26.5.sdk -fstrict-aliasing -Wdeprecated-declarations -Wno-sign-conversion -Wno-infinite-recursion -Wno-comma -Wno-block-capture-autoreleasing -Wno-strict-prototypes -Wno-semicolon-before-method-body -index-store-path /Users/runner/work/orbit/orbit/.kimi-probe/.dd-ios/Index.noindex/DataStore @/Users/runner/work/orbit/orbit/.kimi-probe/.dd-ios/Build/Intermediates.noindex/cmark-gfm.build/Debug-iphonesimulator/cmark-gfm.build/Objects-normal/arm64/7187679823f38a2a940e0043cdf9d637-common-args.resp -MMD -MT dependencies -MF /Users/runner/work/orbit/orbit/.kimi-probe/.dd-ios/Build/Intermediates.noindex/cmark-gfm.build/Debug-iphonesimulator/cmark-gfm.build/Objects-normal/arm64/latex.d --serialize-diagnostics /Users/runner/work/orbit/orbit/.kimi-probe/.dd-ios/Build/Intermediates.noindex/cmark-gfm.build/Debug-iphonesimulator/cmark-gfm.build/Objects-normal/arm64/latex.dia -c /Users/runner/work/orbit/orbit/.kimi-probe/.dd-ios/SourcePackages/checkouts/swift-cmark/src/latex.c -o /Users/runner/work/orbit/orbit/.kimi-probe/.dd-ios/Build/Intermediates.noindex/cmark-gfm.build/Debug-iphonesimulator/cmark-gfm.build/Objects-normal/arm64/latex.o -index-unit-output-path /cmark-gfm.build/Debug-iphonesimulator/cmark-gfm.build/Objects-normal/arm64/latex.o

CompileC /Users/runner/work/orbit/orbit/.kimi-probe/.dd-ios/Build/Intermediates.noindex/cmark-gfm.build/Debug-iphonesimulator/cmark-gfm.build/Objects-normal/arm64/iterator.o /Users/runner/work/orbit/orbit/.kimi-probe/.dd-ios/SourcePackages/checkouts/swift-cmark/src/iterator.c normal arm64 c com.apple.compilers.llvm.clang.1_0.compiler (in target 'cmark-gfm' from project 'cmark-gfm')
    cd /Users/runner/work/orbit/orbit/.kimi-probe/KimiProbe.xcodeproj
    
    Using response file: /Users/runner/work/orbit/orbit/.kimi-probe/.dd-ios/Build/Intermediates.noindex/cmark-gfm.build/Debug-iphonesimulator/cmark-gfm.build/Objects-normal/arm64/7187679823f38a2a940e0043cdf9d637-common-args.resp
    
    /Applications/Xcode_26.6.app/Contents/Developer/Toolchains/XcodeDefault.xctoolchain/usr/bin/clang -x c -ivfsstatcache /Users/runner/work/orbit/orbit/.kimi-probe/.dd-ios/SDKStatCaches.noindex/iphonesimulator26.5-23F81a-688ef53f1462e2c8f657fdc38a81448ff45c64a1807a658693f2a61704f17a36.sdkstatcache -target arm64-apple-ios12.0-simulator -fmessage-length\=0 -fdiagnostics-show-note-include-stack -fmacro-backtrace-limit\=0 -fno-color-diagnostics -fmodules-prune-interval\=86400 -fmodules-prune-after\=345600 -fbuild-session-file\=/Users/runner/work/orbit/orbit/.kimi-probe/.dd-ios/ModuleCache.noindex/Session.modulevalidation -fmodules-validate-once-per-build-session -Wnon-modular-include-in-framework-module -Werror\=non-modular-include-in-framework-module -Wno-trigraphs -Wno-missing-field-initializers -Wno-missing-prototypes -Wno-return-type -Wno-missing-braces -Wparentheses -Wswitch -Wno-unused-function -Wno-unused-label -Wno-unused-parameter -Wno-unused-variable -Wunused-value -Wno-empty-body -Wno-uninitialized -Wno-unknown-pragmas -w -Wno-shadow -Wno-four-char-constants -Wno-conversion -Wno-constant-conversion -Wno-int-conversion -Wno-bool-conversion -Wno-enum-conversion -Wno-float-conversion -Wno-non-literal-null-conversion -Wno-objc-literal-conversion -Wshorten-64-to-32 -Wpointer-sign -Wno-newline-eof -Wno-implicit-fallthrough -isysroot /Applications/Xcode_26.6.app/Contents/Developer/Platforms/iPhoneSimulator.platform/Developer/SDKs/iPhoneSimulator26.5.sdk -fstrict-aliasing -Wdeprecated-declarations -Wno-sign-conversion -Wno-infinite-recursion -Wno-comma -Wno-block-capture-autoreleasing -Wno-strict-prototypes -Wno-semicolon-before-method-body -index-store-path /Users/runner/work/orbit/orbit/.kimi-probe/.dd-ios/Index.noindex/DataStore @/Users/runner/work/orbit/orbit/.kimi-probe/.dd-ios/Build/Intermediates.noindex/cmark-gfm.build/Debug-iphonesimulator/cmark-gfm.build/Objects-normal/arm64/7187679823f38a2a940e0043cdf9d637-common-args.resp -MMD -MT dependencies -MF /Users/runner/work/orbit/orbit/.kimi-probe/.dd-ios/Build/Intermediates.noindex/cmark-gfm.build/Debug-iphonesimulator/cmark-gfm.build/Objects-normal/arm64/iterator.d --serialize-diagnostics /Users/runner/work/orbit/orbit/.kimi-probe/.dd-ios/Build/Intermediates.noindex/cmark-gfm.build/Debug-iphonesimulator/cmark-gfm.build/Objects-normal/arm64/iterator.dia -c /Users/runner/work/orbit/orbit/.kimi-probe/.dd-ios/SourcePackages/checkouts/swift-cmark/src/iterator.c -o /Users/runner/work/orbit/orbit/.kimi-probe/.dd-ios/Build/Intermediates.noindex/cmark-gfm.build/Debug-iphonesimulator/cmark-gfm.build/Objects-normal/arm64/iterator.o -index-unit-output-path /cmark-gfm.build/Debug-iphonesimulator/cmark-gfm.build/Objects-normal/arm64/iterator.o

PrecompileModule /Users/runner/work/orbit/orbit/.kimi-probe/.dd-ios/Build/Intermediates.noindex/ExplicitPrecompiledModules/cmark_gfm-7KSW247YK69MF3PR3JBKIBTTN.scan
    cd /
    builtin-precompileModule /Users/runner/work/orbit/orbit/.kimi-probe/.dd-ios/Build/Intermediates.noindex/ExplicitPrecompiledModules/cmark_gfm-7KSW247YK69MF3PR3JBKIBTTN.scan

PrecompileModule /Users/runner/work/orbit/orbit/.kimi-probe/.dd-ios/Build/Intermediates.noindex/ExplicitPrecompiledModules/_Builtin_inttypes-6YFMVW91PH6SDNL85F2MI324J.scan
    cd /
    builtin-precompileModule /Users/runner/work/orbit/orbit/.kimi-probe/.dd-ios/Build/Intermediates.noindex/ExplicitPrecompiledModules/_Builtin_inttypes-6YFMVW91PH6SDNL85F2MI324J.scan

ScanDependencies /Users/runner/work/orbit/orbit/.kimi-probe/.dd-ios/Build/Intermediates.noindex/cmark-gfm.build/Debug-iphonesimulator/cmark-gfm.build/Objects-normal/arm64/inlines.o /Users/runner/work/orbit/orbit/.kimi-probe/.dd-ios/SourcePackages/checkouts/swift-cmark/src/inlines.c normal arm64 c com.apple.compilers.llvm.clang.1_0.compiler (in target 'cmark-gfm' from project 'cmark-gfm')
    cd /Users/runner/work/orbit/orbit/.kimi-probe/KimiProbe.xcodeproj
    
    Using response file: /Users/runner/work/orbit/orbit/.kimi-probe/.dd-ios/Build/Intermediates.noindex/cmark-gfm.build/Debug-iphonesimulator/cmark-gfm.build/Objects-normal/arm64/7187679823f38a2a940e0043cdf9d637-common-args.resp
    
    builtin-ScanDependencies -o /Users/runner/work/orbit/orbit/.kimi-probe/.dd-ios/Build/Intermediates.noindex/cmark-gfm.build/Debug-iphonesimulator/cmark-gfm.build/Objects-normal/arm64/inlines.o.scan -- /Applications/Xcode_26.6.app/Contents/Developer/Toolchains/XcodeDefault.xctoolchain/usr/bin/clang -x c -ivfsstatcache /Users/runner/work/orbit/orbit/.kimi-probe/.dd-ios/SDKStatCaches.noindex/iphonesimulator26.5-23F81a-688ef53f1462e2c8f657fdc38a81448ff45c64a1807a658693f2a61704f17a36.sdkstatcache -target arm64-apple-ios12.0-simulator -fmessage-length\=0 -fdiagnostics-show-note-include-stack -fmacro-backtrace-limit\=0 -fno-color-diagnostics -fmodules-prune-interval\=86400 -fmodules-prune-after\=345600 -fbuild-session-file\=/Users/runner/work/orbit/orbit/.kimi-probe/.dd-ios/ModuleCache.noindex/Session.modulevalidation -fmodules-validate-once-per-build-session -Wnon-modular-include-in-framework-module -Werror\=non-modular-include-in-framework-module -Wno-trigraphs -Wno-missing-field-initializers -Wno-missing-prototypes -Wno-return-type -Wno-missing-braces -Wparentheses -Wswitch -Wno-unused-function -Wno-unused-label -Wno-unused-parameter -Wno-unused-variable -Wunused-value -Wno-empty-body -Wno-uninitialized -Wno-unknown-pragmas -w -Wno-shadow -Wno-four-char-constants -Wno-conversion -Wno-constant-conversion -Wno-int-conversion -Wno-bool-conversion -Wno-enum-conversion -Wno-float-conversion -Wno-non-literal-null-conversion -Wno-objc-literal-conversion -Wshorten-64-to-32 -Wpointer-sign -Wno-newline-eof -Wno-implicit-fallthrough -isysroot /Applications/Xcode_26.6.app/Contents/Developer/Platforms/iPhoneSimulator.platform/Developer/SDKs/iPhoneSimulator26.5.sdk -fstrict-aliasing -Wdeprecated-declarations -Wno-sign-conversion -Wno-infinite-recursion -Wno-comma -Wno-block-capture-autoreleasing -Wno-strict-prototypes -Wno-semicolon-before-method-body -index-store-path /Users/runner/work/orbit/orbit/.kimi-probe/.dd-ios/Index.noindex/DataStore @/Users/runner/work/orbit/orbit/.kimi-probe/.dd-ios/Build/Intermediates.noindex/cmark-gfm.build/Debug-iphonesimulator/cmark-gfm.build/Objects-normal/arm64/7187679823f38a2a940e0043cdf9d637-common-args.resp -MMD -MT dependencies -MF /Users/runner/work/orbit/orbit/.kimi-probe/.dd-ios/Build/Intermediates.noindex/cmark-gfm.build/Debug-iphonesimulator/cmark-gfm.build/Objects-normal/arm64/inlines.d --serialize-diagnostics /Users/runner/work/orbit/orbit/.kimi-probe/.dd-ios/Build/Intermediates.noindex/cmark-gfm.build/Debug-iphonesimulator/cmark-gfm.build/Objects-normal/arm64/inlines.dia -c /Users/runner/work/orbit/orbit/.kimi-probe/.dd-ios/SourcePackages/checkouts/swift-cmark/src/inlines.c -o /Users/runner/work/orbit/orbit/.kimi-probe/.dd-ios/Build/Intermediates.noindex/cmark-gfm.build/Debug-iphonesimulator/cmark-gfm.build/Objects-normal/arm64/inlines.o -index-unit-output-path /cmark-gfm.build/Debug-iphonesimulator/cmark-gfm.build/Objects-normal/arm64/inlines.o

CompileC /Users/runner/work/orbit/orbit/.kimi-probe/.dd-ios/Build/Intermediates.noindex/cmark-gfm.build/Debug-iphonesimulator/cmark-gfm-extensions.build/Objects-normal/arm64/tasklist.o /Users/runner/work/orbit/orbit/.kimi-probe/.dd-ios/SourcePackages/checkouts/swift-cmark/extensions/tasklist.c normal arm64 c com.apple.compilers.llvm.clang.1_0.compiler (in target 'cmark-gfm-extensions' from project 'cmark-gfm')
    cd /Users/runner/work/orbit/orbit/.kimi-probe/KimiProbe.xcodeproj
    
    Using response file: /Users/runner/work/orbit/orbit/.kimi-probe/.dd-ios/Build/Intermediates.noindex/cmark-gfm.build/Debug-iphonesimulator/cmark-gfm-extensions.build/Objects-normal/arm64/7187679823f38a2a940e0043cdf9d637-common-args.resp
    
    /Applications/Xcode_26.6.app/Contents/Developer/Toolchains/XcodeDefault.xctoolchain/usr/bin/clang -x c -ivfsstatcache /Users/runner/work/orbit/orbit/.kimi-probe/.dd-ios/SDKStatCaches.noindex/iphonesimulator26.5-23F81a-688ef53f1462e2c8f657fdc38a81448ff45c64a1807a658693f2a61704f17a36.sdkstatcache -target arm64-apple-ios12.0-simulator -fmessage-length\=0 -fdiagnostics-show-note-include-stack -fmacro-backtrace-limit\=0 -fno-color-diagnostics -fmodules-prune-interval\=86400 -fmodules-prune-after\=345600 -fbuild-session-file\=/Users/runner/work/orbit/orbit/.kimi-probe/.dd-ios/ModuleCache.noindex/Session.modulevalidation -fmodules-validate-once-per-build-session -Wnon-modular-include-in-framework-module -Werror\=non-modular-include-in-framework-module -Wno-trigraphs -Wno-missing-field-initializers -Wno-missing-prototypes -Wno-return-type -Wno-missing-braces -Wparentheses -Wswitch -Wno-unused-function -Wno-unused-label -Wno-unused-parameter -Wno-unused-variable -Wunused-value -Wno-empty-body -Wno-uninitialized -Wno-unknown-pragmas -w -Wno-shadow -Wno-four-char-constants -Wno-conversion -Wno-constant-conversion -Wno-int-conversion -Wno-bool-conversion -Wno-enum-conversion -Wno-float-conversion -Wno-non-literal-null-conversion -Wno-objc-literal-conversion -Wshorten-64-to-32 -Wpointer-sign -Wno-newline-eof -Wno-implicit-fallthrough -isysroot /Applications/Xcode_26.6.app/Contents/Developer/Platforms/iPhoneSimulator.platform/Developer/SDKs/iPhoneSimulator26.5.sdk -fstrict-aliasing -Wdeprecated-declarations -Wno-sign-conversion -Wno-infinite-recursion -Wno-comma -Wno-block-capture-autoreleasing -Wno-strict-prototypes -Wno-semicolon-before-method-body -index-store-path /Users/runner/work/orbit/orbit/.kimi-probe/.dd-ios/Index.noindex/DataStore @/Users/runner/work/orbit/orbit/.kimi-probe/.dd-ios/Build/Intermediates.noindex/cmark-gfm.build/Debug-iphonesimulator/cmark-gfm-extensions.build/Objects-normal/arm64/7187679823f38a2a940e0043cdf9d637-common-args.resp -MMD -MT dependencies -MF /Users/runner/work/orbit/orbit/.kimi-probe/.dd-ios/Build/Intermediates.noindex/cmark-gfm.build/Debug-iphonesimulator/cmark-gfm-extensions.build/Objects-normal/arm64/tasklist.d --serialize-diagnostics /Users/runner/work/orbit/orbit/.kimi-probe/.dd-ios/Build/Intermediates.noindex/cmark-gfm.build/Debug-iphonesimulator/cmark-gfm-extensions.build/Objects-normal/arm64/tasklist.dia -c /Users/runner/work/orbit/orbit/.kimi-probe/.dd-ios/SourcePackages/checkouts/swift-cmark/extensions/tasklist.c -o /Users/runner/work/orbit/orbit/.kimi-probe/.dd-ios/Build/Intermediates.noindex/cmark-gfm.build/Debug-iphonesimulator/cmark-gfm-extensions.build/Objects-normal/arm64/tasklist.o -index-unit-output-path /cmark-gfm.build/Debug-iphonesimulator/cmark-gfm-extensions.build/Objects-normal/arm64/tasklist.o

CompileC /Users/runner/work/orbit/orbit/.kimi-probe/.dd-ios/Build/Intermediates.noindex/cmark-gfm.build/Debug-iphonesimulator/cmark-gfm-extensions.build/Objects-normal/arm64/tagfilter.o /Users/runner/work/orbit/orbit/.kimi-probe/.dd-ios/SourcePackages/checkouts/swift-cmark/extensions/tagfilter.c normal arm64 c com.apple.compilers.llvm.clang.1_0.compiler (in target 'cmark-gfm-extensions' from project 'cmark-gfm')
    cd /Users/runner/work/orbit/orbit/.kimi-probe/KimiProbe.xcodeproj
    
    Using response file: /Users/runner/work/orbit/orbit/.kimi-probe/.dd-ios/Build/Intermediates.noindex/cmark-gfm.build/Debug-iphonesimulator/cmark-gfm-extensions.build/Objects-normal/arm64/7187679823f38a2a940e0043cdf9d637-common-args.resp
    
    /Applications/Xcode_26.6.app/Contents/Developer/Toolchains/XcodeDefault.xctoolchain/usr/bin/clang -x c -ivfsstatcache /Users/runner/work/orbit/orbit/.kimi-probe/.dd-ios/SDKStatCaches.noindex/iphonesimulator26.5-23F81a-688ef53f1462e2c8f657fdc38a81448ff45c64a1807a658693f2a61704f17a36.sdkstatcache -target arm64-apple-ios12.0-simulator -fmessage-length\=0 -fdiagnostics-show-note-include-stack -fmacro-backtrace-limit\=0 -fno-color-diagnostics -fmodules-prune-interval\=86400 -fmodules-prune-after\=345600 -fbuild-session-file\=/Users/runner/work/orbit/orbit/.kimi-probe/.dd-ios/ModuleCache.noindex/Session.modulevalidation -fmodules-validate-once-per-build-session -Wnon-modular-include-in-framework-module -Werror\=non-modular-include-in-framework-module -Wno-trigraphs -Wno-missing-field-initializers -Wno-missing-prototypes -Wno-return-type -Wno-missing-braces -Wparentheses -Wswitch -Wno-unused-function -Wno-unused-label -Wno-unused-parameter -Wno-unused-variable -Wunused-value -Wno-empty-body -Wno-uninitialized -Wno-unknown-pragmas -w -Wno-shadow -Wno-four-char-constants -Wno-conversion -Wno-constant-conversion -Wno-int-conversion -Wno-bool-conversion -Wno-enum-conversion -Wno-float-conversion -Wno-non-literal-null-conversion -Wno-objc-literal-conversion -Wshorten-64-to-32 -Wpointer-sign -Wno-newline-eof -Wno-implicit-fallthrough -isysroot /Applications/Xcode_26.6.app/Contents/Developer/Platforms/iPhoneSimulator.platform/Developer/SDKs/iPhoneSimulator26.5.sdk -fstrict-aliasing -Wdeprecated-declarations -Wno-sign-conversion -Wno-infinite-recursion -Wno-comma -Wno-block-capture-autoreleasing -Wno-strict-prototypes -Wno-semicolon-before-method-body -index-store-path /Users/runner/work/orbit/orbit/.kimi-probe/.dd-ios/Index.noindex/DataStore @/Users/runner/work/orbit/orbit/.kimi-probe/.dd-ios/Build/Intermediates.noindex/cmark-gfm.build/Debug-iphonesimulator/cmark-gfm-extensions.build/Objects-normal/arm64/7187679823f38a2a940e0043cdf9d637-common-args.resp -MMD -MT dependencies -MF /Users/runner/work/orbit/orbit/.kimi-probe/.dd-ios/Build/Intermediates.noindex/cmark-gfm.build/Debug-iphonesimulator/cmark-gfm-extensions.build/Objects-normal/arm64/tagfilter.d --serialize-diagnostics /Users/runner/work/orbit/orbit/.kimi-probe/.dd-ios/Build/Intermediates.noindex/cmark-gfm.build/Debug-iphonesimulator/cmark-gfm-extensions.build/Objects-normal/arm64/tagfilter.dia -c /Users/runner/work/orbit/orbit/.kimi-probe/.dd-ios/SourcePackages/checkouts/swift-cmark/extensions/tagfilter.c -o /Users/runner/work/orbit/orbit/.kimi-probe/.dd-ios/Build/Intermediates.noindex/cmark-gfm.build/Debug-iphonesimulator/cmark-gfm-extensions.build/Objects-normal/arm64/tagfilter.o -index-unit-output-path /cmark-gfm.build/Debug-iphonesimulator/cmark-gfm-extensions.build/Objects-normal/arm64/tagfilter.o

CompileC /Users/runner/work/orbit/orbit/.kimi-probe/.dd-ios/Build/Intermediates.noindex/cmark-gfm.build/Debug-iphonesimulator/cmark-gfm-extensions.build/Objects-normal/arm64/table.o /Users/runner/work/orbit/orbit/.kimi-probe/.dd-ios/SourcePackages/checkouts/swift-cmark/extensions/table.c normal arm64 c com.apple.compilers.llvm.clang.1_0.compiler (in target 'cmark-gfm-extensions' from project 'cmark-gfm')
    cd /Users/runner/work/orbit/orbit/.kimi-probe/KimiProbe.xcodeproj
    
    Using response file: /Users/runner/work/orbit/orbit/.kimi-probe/.dd-ios/Build/Intermediates.noindex/cmark-gfm.build/Debug-iphonesimulator/cmark-gfm-extensions.build/Objects-normal/arm64/7187679823f38a2a940e0043cdf9d637-common-args.resp
    
    /Applications/Xcode_26.6.app/Contents/Developer/Toolchains/XcodeDefault.xctoolchain/usr/bin/clang -x c -ivfsstatcache /Users/runner/work/orbit/orbit/.kimi-probe/.dd-ios/SDKStatCaches.noindex/iphonesimulator26.5-23F81a-688ef53f1462e2c8f657fdc38a81448ff45c64a1807a658693f2a61704f17a36.sdkstatcache -target arm64-apple-ios12.0-simulator -fmessage-length\=0 -fdiagnostics-show-note-include-stack -fmacro-backtrace-limit\=0 -fno-color-diagnostics -fmodules-prune-interval\=86400 -fmodules-prune-after\=345600 -fbuild-session-file\=/Users/runner/work/orbit/orbit/.kimi-probe/.dd-ios/ModuleCache.noindex/Session.modulevalidation -fmodules-validate-once-per-build-session -Wnon-modular-include-in-framework-module -Werror\=non-modular-include-in-framework-module -Wno-trigraphs -Wno-missing-field-initializers -Wno-missing-prototypes -Wno-return-type -Wno-missing-braces -Wparentheses -Wswitch -Wno-unused-function -Wno-unused-label -Wno-unused-parameter -Wno-unused-variable -Wunused-value -Wno-empty-body -Wno-uninitialized -Wno-unknown-pragmas -w -Wno-shadow -Wno-four-char-constants -Wno-conversion -Wno-constant-conversion -Wno-int-conversion -Wno-bool-conversion -Wno-enum-conversion -Wno-float-conversion -Wno-non-literal-null-conversion -Wno-objc-literal-conversion -Wshorten-64-to-32 -Wpointer-sign -Wno-newline-eof -Wno-implicit-fallthrough -isysroot /Applications/Xcode_26.6.app/Contents/Developer/Platforms/iPhoneSimulator.platform/Developer/SDKs/iPhoneSimulator26.5.sdk -fstrict-aliasing -Wdeprecated-declarations -Wno-sign-conversion -Wno-infinite-recursion -Wno-comma -Wno-block-capture-autoreleasing -Wno-strict-prototypes -Wno-semicolon-before-method-body -index-store-path /Users/runner/work/orbit/orbit/.kimi-probe/.dd-ios/Index.noindex/DataStore @/Users/runner/work/orbit/orbit/.kimi-probe/.dd-ios/Build/Intermediates.noindex/cmark-gfm.build/Debug-iphonesimulator/cmark-gfm-extensions.build/Objects-normal/arm64/7187679823f38a2a940e0043cdf9d637-common-args.resp -MMD -MT dependencies -MF /Users/runner/work/orbit/orbit/.kimi-probe/.dd-ios/Build/Intermediates.noindex/cmark-gfm.build/Debug-iphonesimulator/cmark-gfm-extensions.build/Objects-normal/arm64/table.d --serialize-diagnostics /Users/runner/work/orbit/orbit/.kimi-probe/.dd-ios/Build/Intermediates.noindex/cmark-gfm.build/Debug-iphonesimulator/cmark-gfm-extensions.build/Objects-normal/arm64/table.dia -c /Users/runner/work/orbit/orbit/.kimi-probe/.dd-ios/SourcePackages/checkouts/swift-cmark/extensions/table.c -o /Users/runner/work/orbit/orbit/.kimi-probe/.dd-ios/Build/Intermediates.noindex/cmark-gfm.build/Debug-iphonesimulator/cmark-gfm-extensions.build/Objects-normal/arm64/table.o -index-unit-output-path /cmark-gfm.build/Debug-iphonesimulator/cmark-gfm-extensions.build/Objects-normal/arm64/table.o

CompileC /Users/runner/work/orbit/orbit/.kimi-probe/.dd-ios/Build/Intermediates.noindex/cmark-gfm.build/Debug-iphonesimulator/cmark-gfm-extensions.build/Objects-normal/arm64/strikethrough.o /Users/runner/work/orbit/orbit/.kimi-probe/.dd-ios/SourcePackages/checkouts/swift-cmark/extensions/strikethrough.c normal arm64 c com.apple.compilers.llvm.clang.1_0.compiler (in target 'cmark-gfm-extensions' from project 'cmark-gfm')
    cd /Users/runner/work/orbit/orbit/.kimi-probe/KimiProbe.xcodeproj
    
    Using response file: /Users/runner/work/orbit/orbit/.kimi-probe/.dd-ios/Build/Intermediates.noindex/cmark-gfm.build/Debug-iphonesimulator/cmark-gfm-extensions.build/Objects-normal/arm64/7187679823f38a2a940e0043cdf9d637-common-args.resp
    
    /Applications/Xcode_26.6.app/Contents/Developer/Toolchains/XcodeDefault.xctoolchain/usr/bin/clang -x c -ivfsstatcache /Users/runner/work/orbit/orbit/.kimi-probe/.dd-ios/SDKStatCaches.noindex/iphonesimulator26.5-23F81a-688ef53f1462e2c8f657fdc38a81448ff45c64a1807a658693f2a61704f17a36.sdkstatcache -target arm64-apple-ios12.0-simulator -fmessage-length\=0 -fdiagnostics-show-note-include-stack -fmacro-backtrace-limit\=0 -fno-color-diagnostics -fmodules-prune-interval\=86400 -fmodules-prune-after\=345600 -fbuild-session-file\=/Users/runner/work/orbit/orbit/.kimi-probe/.dd-ios/ModuleCache.noindex/Session.modulevalidation -fmodules-validate-once-per-build-session -Wnon-modular-include-in-framework-module -Werror\=non-modular-include-in-framework-module -Wno-trigraphs -Wno-missing-field-initializers -Wno-missing-prototypes -Wno-return-type -Wno-missing-braces -Wparentheses -Wswitch -Wno-unused-function -Wno-unused-label -Wno-unused-parameter -Wno-unused-variable -Wunused-value -Wno-empty-body -Wno-uninitialized -Wno-unknown-pragmas -w -Wno-shadow -Wno-four-char-constants -Wno-conversion -Wno-constant-conversion -Wno-int-conversion -Wno-bool-conversion -Wno-enum-conversion -Wno-float-conversion -Wno-non-literal-null-conversion -Wno-objc-literal-conversion -Wshorten-64-to-32 -Wpointer-sign -Wno-newline-eof -Wno-implicit-fallthrough -isysroot /Applications/Xcode_26.6.app/Contents/Developer/Platforms/iPhoneSimulator.platform/Developer/SDKs/iPhoneSimulator26.5.sdk -fstrict-aliasing -Wdeprecated-declarations -Wno-sign-conversion -Wno-infinite-recursion -Wno-comma -Wno-block-capture-autoreleasing -Wno-strict-prototypes -Wno-semicolon-before-method-body -index-store-path /Users/runner/work/orbit/orbit/.kimi-probe/.dd-ios/Index.noindex/DataStore @/Users/runner/work/orbit/orbit/.kimi-probe/.dd-ios/Build/Intermediates.noindex/cmark-gfm.build/Debug-iphonesimulator/cmark-gfm-extensions.build/Objects-normal/arm64/7187679823f38a2a940e0043cdf9d637-common-args.resp -MMD -MT dependencies -MF /Users/runner/work/orbit/orbit/.kimi-probe/.dd-ios/Build/Intermediates.noindex/cmark-gfm.build/Debug-iphonesimulator/cmark-gfm-extensions.build/Objects-normal/arm64/strikethrough.d --serialize-diagnostics /Users/runner/work/orbit/orbit/.kimi-probe/.dd-ios/Build/Intermediates.noindex/cmark-gfm.build/Debug-iphonesimulator/cmark-gfm-extensions.build/Objects-normal/arm64/strikethrough.dia -c /Users/runner/work/orbit/orbit/.kimi-probe/.dd-ios/SourcePackages/checkouts/swift-cmark/extensions/strikethrough.c -o /Users/runner/work/orbit/orbit/.kimi-probe/.dd-ios/Build/Intermediates.noindex/cmark-gfm.build/Debug-iphonesimulator/cmark-gfm-extensions.build/Objects-normal/arm64/strikethrough.o -index-unit-output-path /cmark-gfm.build/Debug-iphonesimulator/cmark-gfm-extensions.build/Objects-normal/arm64/strikethrough.o

CompileC /Users/runner/work/orbit/orbit/.kimi-probe/.dd-ios/Build/Intermediates.noindex/cmark-gfm.build/Debug-iphonesimulator/cmark-gfm-extensions.build/Objects-normal/arm64/ext_scanners.o /Users/runner/work/orbit/orbit/.kimi-probe/.dd-ios/SourcePackages/checkouts/swift-cmark/extensions/ext_scanners.c normal arm64 c com.apple.compilers.llvm.clang.1_0.compiler (in target 'cmark-gfm-extensions' from project 'cmark-gfm')
    cd /Users/runner/work/orbit/orbit/.kimi-probe/KimiProbe.xcodeproj
    
    Using response file: /Users/runner/work/orbit/orbit/.kimi-probe/.dd-ios/Build/Intermediates.noindex/cmark-gfm.build/Debug-iphonesimulator/cmark-gfm-extensions.build/Objects-normal/arm64/7187679823f38a2a940e0043cdf9d637-common-args.resp
    
    /Applications/Xcode_26.6.app/Contents/Developer/Toolchains/XcodeDefault.xctoolchain/usr/bin/clang -x c -ivfsstatcache /Users/runner/work/orbit/orbit/.kimi-probe/.dd-ios/SDKStatCaches.noindex/iphonesimulator26.5-23F81a-688ef53f1462e2c8f657fdc38a81448ff45c64a1807a658693f2a61704f17a36.sdkstatcache -target arm64-apple-ios12.0-simulator -fmessage-length\=0 -fdiagnostics-show-note-include-stack -fmacro-backtrace-limit\=0 -fno-color-diagnostics -fmodules-prune-interval\=86400 -fmodules-prune-after\=345600 -fbuild-session-file\=/Users/runner/work/orbit/orbit/.kimi-probe/.dd-ios/ModuleCache.noindex/Session.modulevalidation -fmodules-validate-once-per-build-session -Wnon-modular-include-in-framework-module -Werror\=non-modular-include-in-framework-module -Wno-trigraphs -Wno-missing-field-initializers -Wno-missing-prototypes -Wno-return-type -Wno-missing-braces -Wparentheses -Wswitch -Wno-unused-function -Wno-unused-label -Wno-unused-parameter -Wno-unused-variable -Wunused-value -Wno-empty-body -Wno-uninitialized -Wno-unknown-pragmas -w -Wno-shadow -Wno-four-char-constants -Wno-conversion -Wno-constant-conversion -Wno-int-conversion -Wno-bool-conversion -Wno-enum-conversion -Wno-float-conversion -Wno-non-literal-null-conversion -Wno-objc-literal-conversion -Wshorten-64-to-32 -Wpointer-sign -Wno-newline-eof -Wno-implicit-fallthrough -isysroot /Applications/Xcode_26.6.app/Contents/Developer/Platforms/iPhoneSimulator.platform/Developer/SDKs/iPhoneSimulator26.5.sdk -fstrict-aliasing -Wdeprecated-declarations -Wno-sign-conversion -Wno-infinite-recursion -Wno-comma -Wno-block-capture-autoreleasing -Wno-strict-prototypes -Wno-semicolon-before-method-body -index-store-path /Users/runner/work/orbit/orbit/.kimi-probe/.dd-ios/Index.noindex/DataStore @/Users/runner/work/orbit/orbit/.kimi-probe/.dd-ios/Build/Intermediates.noindex/cmark-gfm.build/Debug-iphonesimulator/cmark-gfm-extensions.build/Objects-normal/arm64/7187679823f38a2a940e0043cdf9d637-common-args.resp -MMD -MT dependencies -MF /Users/runner/work/orbit/orbit/.kimi-probe/.dd-ios/Build/Intermediates.noindex/cmark-gfm.build/Debug-iphonesimulator/cmark-gfm-extensions.build/Objects-normal/arm64/ext_scanners.d --serialize-diagnostics /Users/runner/work/orbit/orbit/.kimi-probe/.dd-ios/Build/Intermediates.noindex/cmark-gfm.build/Debug-iphonesimulator/cmark-gfm-extensions.build/Objects-normal/arm64/ext_scanners.dia -c /Users/runner/work/orbit/orbit/.kimi-probe/.dd-ios/SourcePackages/checkouts/swift-cmark/extensions/ext_scanners.c -o /Users/runner/work/orbit/orbit/.kimi-probe/.dd-ios/Build/Intermediates.noindex/cmark-gfm.build/Debug-iphonesimulator/cmark-gfm-extensions.build/Objects-normal/arm64/ext_scanners.o -index-unit-output-path /cmark-gfm.build/Debug-iphonesimulator/cmark-gfm-extensions.build/Objects-normal/arm64/ext_scanners.o

SwiftExplicitDependencyGeneratePcm arm64 /Users/runner/work/orbit/orbit/.kimi-probe/.dd-ios/Build/Intermediates.noindex/SwiftExplicitPrecompiledModules/cmark_gfm-9SZ7SSLVD0NOM1E7J0Y7G8842.pcm

SwiftExplicitDependencyGeneratePcm arm64 /Users/runner/work/orbit/orbit/.kimi-probe/.dd-ios/ModuleCache.noindex/_Builtin_inttypes-7SAIQW8E5Y2FV308SMODW33IC.pcm

CompileC /Users/runner/work/orbit/orbit/.kimi-probe/.dd-ios/Build/Intermediates.noindex/cmark-gfm.build/Debug-iphonesimulator/cmark-gfm-extensions.build/Objects-normal/arm64/core-extensions.o /Users/runner/work/orbit/orbit/.kimi-probe/.dd-ios/SourcePackages/checkouts/swift-cmark/extensions/core-extensions.c normal arm64 c com.apple.compilers.llvm.clang.1_0.compiler (in target 'cmark-gfm-extensions' from project 'cmark-gfm')
    cd /Users/runner/work/orbit/orbit/.kimi-probe/KimiProbe.xcodeproj
    
    Using response file: /Users/runner/work/orbit/orbit/.kimi-probe/.dd-ios/Build/Intermediates.noindex/cmark-gfm.build/Debug-iphonesimulator/cmark-gfm-extensions.build/Objects-normal/arm64/7187679823f38a2a940e0043cdf9d637-common-args.resp
    
    /Applications/Xcode_26.6.app/Contents/Developer/Toolchains/XcodeDefault.xctoolchain/usr/bin/clang -x c -ivfsstatcache /Users/runner/work/orbit/orbit/.kimi-probe/.dd-ios/SDKStatCaches.noindex/iphonesimulator26.5-23F81a-688ef53f1462e2c8f657fdc38a81448ff45c64a1807a658693f2a61704f17a36.sdkstatcache -target arm64-apple-ios12.0-simulator -fmessage-length\=0 -fdiagnostics-show-note-include-stack -fmacro-backtrace-limit\=0 -fno-color-diagnostics -fmodules-prune-interval\=86400 -fmodules-prune-after\=345600 -fbuild-session-file\=/Users/runner/work/orbit/orbit/.kimi-probe/.dd-ios/ModuleCache.noindex/Session.modulevalidation -fmodules-validate-once-per-build-session -Wnon-modular-include-in-framework-module -Werror\=non-modular-include-in-framework-module -Wno-trigraphs -Wno-missing-field-initializers -Wno-missing-prototypes -Wno-return-type -Wno-missing-braces -Wparentheses -Wswitch -Wno-unused-function -Wno-unused-label -Wno-unused-parameter -Wno-unused-variable -Wunused-value -Wno-empty-body -Wno-uninitialized -Wno-unknown-pragmas -w -Wno-shadow -Wno-four-char-constants -Wno-conversion -Wno-constant-conversion -Wno-int-conversion -Wno-bool-conversion -Wno-enum-conversion -Wno-float-conversion -Wno-non-literal-null-conversion -Wno-objc-literal-conversion -Wshorten-64-to-32 -Wpointer-sign -Wno-newline-eof -Wno-implicit-fallthrough -isysroot /Applications/Xcode_26.6.app/Contents/Developer/Platforms/iPhoneSimulator.platform/Developer/SDKs/iPhoneSimulator26.5.sdk -fstrict-aliasing -Wdeprecated-declarations -Wno-sign-conversion -Wno-infinite-recursion -Wno-comma -Wno-block-capture-autoreleasing -Wno-strict-prototypes -Wno-semicolon-before-method-body -index-store-path /Users/runner/work/orbit/orbit/.kimi-probe/.dd-ios/Index.noindex/DataStore @/Users/runner/work/orbit/orbit/.kimi-probe/.dd-ios/Build/Intermediates.noindex/cmark-gfm.build/Debug-iphonesimulator/cmark-gfm-extensions.build/Objects-normal/arm64/7187679823f38a2a940e0043cdf9d637-common-args.resp -MMD -MT dependencies -MF /Users/runner/work/orbit/orbit/.kimi-probe/.dd-ios/Build/Intermediates.noindex/cmark-gfm.build/Debug-iphonesimulator/cmark-gfm-extensions.build/Objects-normal/arm64/core-extensions.d --serialize-diagnostics /Users/runner/work/orbit/orbit/.kimi-probe/.dd-ios/Build/Intermediates.noindex/cmark-gfm.build/Debug-iphonesimulator/cmark-gfm-extensions.build/Objects-normal/arm64/core-extensions.dia -c /Users/runner/work/orbit/orbit/.kimi-probe/.dd-ios/SourcePackages/checkouts/swift-cmark/extensions/core-extensions.c -o /Users/runner/work/orbit/orbit/.kimi-probe/.dd-ios/Build/Intermediates.noindex/cmark-gfm.build/Debug-iphonesimulator/cmark-gfm-extensions.build/Objects-normal/arm64/core-extensions.o -index-unit-output-path /cmark-gfm.build/Debug-iphonesimulator/cmark-gfm-extensions.build/Objects-normal/arm64/core-extensions.o

CompileC /Users/runner/work/orbit/orbit/.kimi-probe/.dd-ios/Build/Intermediates.noindex/cmark-gfm.build/Debug-iphonesimulator/cmark-gfm.build/Objects-normal/arm64/inlines.o /Users/runner/work/orbit/orbit/.kimi-probe/.dd-ios/SourcePackages/checkouts/swift-cmark/src/inlines.c normal arm64 c com.apple.compilers.llvm.clang.1_0.compiler (in target 'cmark-gfm' from project 'cmark-gfm')
    cd /Users/runner/work/orbit/orbit/.kimi-probe/KimiProbe.xcodeproj
    
    Using response file: /Users/runner/work/orbit/orbit/.kimi-probe/.dd-ios/Build/Intermediates.noindex/cmark-gfm.build/Debug-iphonesimulator/cmark-gfm.build/Objects-normal/arm64/7187679823f38a2a940e0043cdf9d637-common-args.resp
    
    /Applications/Xcode_26.6.app/Contents/Developer/Toolchains/XcodeDefault.xctoolchain/usr/bin/clang -x c -ivfsstatcache /Users/runner/work/orbit/orbit/.kimi-probe/.dd-ios/SDKStatCaches.noindex/iphonesimulator26.5-23F81a-688ef53f1462e2c8f657fdc38a81448ff45c64a1807a658693f2a61704f17a36.sdkstatcache -target arm64-apple-ios12.0-simulator -fmessage-length\=0 -fdiagnostics-show-note-include-stack -fmacro-backtrace-limit\=0 -fno-color-diagnostics -fmodules-prune-interval\=86400 -fmodules-prune-after\=345600 -fbuild-session-file\=/Users/runner/work/orbit/orbit/.kimi-probe/.dd-ios/ModuleCache.noindex/Session.modulevalidation -fmodules-validate-once-per-build-session -Wnon-modular-include-in-framework-module -Werror\=non-modular-include-in-framework-module -Wno-trigraphs -Wno-missing-field-initializers -Wno-missing-prototypes -Wno-return-type -Wno-missing-braces -Wparentheses -Wswitch -Wno-unused-function -Wno-unused-label -Wno-unused-parameter -Wno-unused-variable -Wunused-value -Wno-empty-body -Wno-uninitialized -Wno-unknown-pragmas -w -Wno-shadow -Wno-four-char-constants -Wno-conversion -Wno-constant-conversion -Wno-int-conversion -Wno-bool-conversion -Wno-enum-conversion -Wno-float-conversion -Wno-non-literal-null-conversion -Wno-objc-literal-conversion -Wshorten-64-to-32 -Wpointer-sign -Wno-newline-eof -Wno-implicit-fallthrough -isysroot /Applications/Xcode_26.6.app/Contents/Developer/Platforms/iPhoneSimulator.platform/Developer/SDKs/iPhoneSimulator26.5.sdk -fstrict-aliasing -Wdeprecated-declarations -Wno-sign-conversion -Wno-infinite-recursion -Wno-comma -Wno-block-capture-autoreleasing -Wno-strict-prototypes -Wno-semicolon-before-method-body -index-store-path /Users/runner/work/orbit/orbit/.kimi-probe/.dd-ios/Index.noindex/DataStore @/Users/runner/work/orbit/orbit/.kimi-probe/.dd-ios/Build/Intermediates.noindex/cmark-gfm.build/Debug-iphonesimulator/cmark-gfm.build/Objects-normal/arm64/7187679823f38a2a940e0043cdf9d637-common-args.resp -MMD -MT dependencies -MF /Users/runner/work/orbit/orbit/.kimi-probe/.dd-ios/Build/Intermediates.noindex/cmark-gfm.build/Debug-iphonesimulator/cmark-gfm.build/Objects-normal/arm64/inlines.d --serialize-diagnostics /Users/runner/work/orbit/orbit/.kimi-probe/.dd-ios/Build/Intermediates.noindex/cmark-gfm.build/Debug-iphonesimulator/cmark-gfm.build/Objects-normal/arm64/inlines.dia -c /Users/runner/work/orbit/orbit/.kimi-probe/.dd-ios/SourcePackages/checkouts/swift-cmark/src/inlines.c -o /Users/runner/work/orbit/orbit/.kimi-probe/.dd-ios/Build/Intermediates.noindex/cmark-gfm.build/Debug-iphonesimulator/cmark-gfm.build/Objects-normal/arm64/inlines.o -index-unit-output-path /cmark-gfm.build/Debug-iphonesimulator/cmark-gfm.build/Objects-normal/arm64/inlines.o

SwiftExplicitDependencyGeneratePcm arm64 /Users/runner/work/orbit/orbit/.kimi-probe/.dd-ios/ModuleCache.noindex/Darwin-7RNPVZ0Q43DWQOOWZMDRYYKF5.pcm

PrecompileModule /Users/runner/work/orbit/orbit/.kimi-probe/.dd-ios/Build/Intermediates.noindex/ExplicitPrecompiledModules/Darwin-C5AYSX24QDIFF5PZVPJZZITF1.scan
    cd /
    builtin-precompileModule /Users/runner/work/orbit/orbit/.kimi-probe/.dd-ios/Build/Intermediates.noindex/ExplicitPrecompiledModules/Darwin-C5AYSX24QDIFF5PZVPJZZITF1.scan

SwiftExplicitDependencyGeneratePcm arm64 /Users/runner/work/orbit/orbit/.kimi-probe/.dd-ios/Build/Intermediates.noindex/SwiftExplicitPrecompiledModules/cmark_gfm_extensions-7GAYJ7NTM7GIIIZTMF8FJ1T1V.pcm

ScanDependencies /Users/runner/work/orbit/orbit/.kimi-probe/.dd-ios/Build/Intermediates.noindex/cmark-gfm.build/Debug-iphonesimulator/cmark-gfm.build/Objects-normal/arm64/html.o /Users/runner/work/orbit/orbit/.kimi-probe/.dd-ios/SourcePackages/checkouts/swift-cmark/src/html.c normal arm64 c com.apple.compilers.llvm.clang.1_0.compiler (in target 'cmark-gfm' from project 'cmark-gfm')
    cd /Users/runner/work/orbit/orbit/.kimi-probe/KimiProbe.xcodeproj
    
    Using response file: /Users/runner/work/orbit/orbit/.kimi-probe/.dd-ios/Build/Intermediates.noindex/cmark-gfm.build/Debug-iphonesimulator/cmark-gfm.build/Objects-normal/arm64/7187679823f38a2a940e0043cdf9d637-common-args.resp
    
    builtin-ScanDependencies -o /Users/runner/work/orbit/orbit/.kimi-probe/.dd-ios/Build/Intermediates.noindex/cmark-gfm.build/Debug-iphonesimulator/cmark-gfm.build/Objects-normal/arm64/html.o.scan -- /Applications/Xcode_26.6.app/Contents/Developer/Toolchains/XcodeDefault.xctoolchain/usr/bin/clang -x c -ivfsstatcache /Users/runner/work/orbit/orbit/.kimi-probe/.dd-ios/SDKStatCaches.noindex/iphonesimulator26.5-23F81a-688ef53f1462e2c8f657fdc38a81448ff45c64a1807a658693f2a61704f17a36.sdkstatcache -target arm64-apple-ios12.0-simulator -fmessage-length\=0 -fdiagnostics-show-note-include-stack -fmacro-backtrace-limit\=0 -fno-color-diagnostics -fmodules-prune-interval\=86400 -fmodules-prune-after\=345600 -fbuild-session-file\=/Users/runner/work/orbit/orbit/.kimi-probe/.dd-ios/ModuleCache.noindex/Session.modulevalidation -fmodules-validate-once-per-build-session -Wnon-modular-include-in-framework-module -Werror\=non-modular-include-in-framework-module -Wno-trigraphs -Wno-missing-field-initializers -Wno-missing-prototypes -Wno-return-type -Wno-missing-braces -Wparentheses -Wswitch -Wno-unused-function -Wno-unused-label -Wno-unused-parameter -Wno-unused-variable -Wunused-value -Wno-empty-body -Wno-uninitialized -Wno-unknown-pragmas -w -Wno-shadow -Wno-four-char-constants -Wno-conversion -Wno-constant-conversion -Wno-int-conversion -Wno-bool-conversion -Wno-enum-conversion -Wno-float-conversion -Wno-non-literal-null-conversion -Wno-objc-literal-conversion -Wshorten-64-to-32 -Wpointer-sign -Wno-newline-eof -Wno-implicit-fallthrough -isysroot /Applications/Xcode_26.6.app/Contents/Developer/Platforms/iPhoneSimulator.platform/Developer/SDKs/iPhoneSimulator26.5.sdk -fstrict-aliasing -Wdeprecated-declarations -Wno-sign-conversion -Wno-infinite-recursion -Wno-comma -Wno-block-capture-autoreleasing -Wno-strict-prototypes -Wno-semicolon-before-method-body -index-store-path /Users/runner/work/orbit/orbit/.kimi-probe/.dd-ios/Index.noindex/DataStore @/Users/runner/work/orbit/orbit/.kimi-probe/.dd-ios/Build/Intermediates.noindex/cmark-gfm.build/Debug-iphonesimulator/cmark-gfm.build/Objects-normal/arm64/7187679823f38a2a940e0043cdf9d637-common-args.resp -MMD -MT dependencies -MF /Users/runner/work/orbit/orbit/.kimi-probe/.dd-ios/Build/Intermediates.noindex/cmark-gfm.build/Debug-iphonesimulator/cmark-gfm.build/Objects-normal/arm64/html.d --serialize-diagnostics /Users/runner/work/orbit/orbit/.kimi-probe/.dd-ios/Build/Intermediates.noindex/cmark-gfm.build/Debug-iphonesimulator/cmark-gfm.build/Objects-normal/arm64/html.dia -c /Users/runner/work/orbit/orbit/.kimi-probe/.dd-ios/SourcePackages/checkouts/swift-cmark/src/html.c -o /Users/runner/work/orbit/orbit/.kimi-probe/.dd-ios/Build/Intermediates.noindex/cmark-gfm.build/Debug-iphonesimulator/cmark-gfm.build/Objects-normal/arm64/html.o -index-unit-output-path /cmark-gfm.build/Debug-iphonesimulator/cmark-gfm.build/Objects-normal/arm64/html.o

ScanDependencies /Users/runner/work/orbit/orbit/.kimi-probe/.dd-ios/Build/Intermediates.noindex/cmark-gfm.build/Debug-iphonesimulator/cmark-gfm.build/Objects-normal/arm64/houdini_html_u.o /Users/runner/work/orbit/orbit/.kimi-probe/.dd-ios/SourcePackages/checkouts/swift-cmark/src/houdini_html_u.c normal arm64 c com.apple.compilers.llvm.clang.1_0.compiler (in target 'cmark-gfm' from project 'cmark-gfm')
    cd /Users/runner/work/orbit/orbit/.kimi-probe/KimiProbe.xcodeproj
    
    Using response file: /Users/runner/work/orbit/orbit/.kimi-probe/.dd-ios/Build/Intermediates.noindex/cmark-gfm.build/Debug-iphonesimulator/cmark-gfm.build/Objects-normal/arm64/7187679823f38a2a940e0043cdf9d637-common-args.resp
    
    builtin-ScanDependencies -o /Users/runner/work/orbit/orbit/.kimi-probe/.dd-ios/Build/Intermediates.noindex/cmark-gfm.build/Debug-iphonesimulator/cmark-gfm.build/Objects-normal/arm64/houdini_html_u.o.scan -- /Applications/Xcode_26.6.app/Contents/Developer/Toolchains/XcodeDefault.xctoolchain/usr/bin/clang -x c -ivfsstatcache /Users/runner/work/orbit/orbit/.kimi-probe/.dd-ios/SDKStatCaches.noindex/iphonesimulator26.5-23F81a-688ef53f1462e2c8f657fdc38a81448ff45c64a1807a658693f2a61704f17a36.sdkstatcache -target arm64-apple-ios12.0-simulator -fmessage-length\=0 -fdiagnostics-show-note-include-stack -fmacro-backtrace-limit\=0 -fno-color-diagnostics -fmodules-prune-interval\=86400 -fmodules-prune-after\=345600 -fbuild-session-file\=/Users/runner/work/orbit/orbit/.kimi-probe/.dd-ios/ModuleCache.noindex/Session.modulevalidation -fmodules-validate-once-per-build-session -Wnon-modular-include-in-framework-module -Werror\=non-modular-include-in-framework-module -Wno-trigraphs -Wno-missing-field-initializers -Wno-missing-prototypes -Wno-return-type -Wno-missing-braces -Wparentheses -Wswitch -Wno-unused-function -Wno-unused-label -Wno-unused-parameter -Wno-unused-variable -Wunused-value -Wno-empty-body -Wno-uninitialized -Wno-unknown-pragmas -w -Wno-shadow -Wno-four-char-constants -Wno-conversion -Wno-constant-conversion -Wno-int-conversion -Wno-bool-conversion -Wno-enum-conversion -Wno-float-conversion -Wno-non-literal-null-conversion -Wno-objc-literal-conversion -Wshorten-64-to-32 -Wpointer-sign -Wno-newline-eof -Wno-implicit-fallthrough -isysroot /Applications/Xcode_26.6.app/Contents/Developer/Platforms/iPhoneSimulator.platform/Developer/SDKs/iPhoneSimulator26.5.sdk -fstrict-aliasing -Wdeprecated-declarations -Wno-sign-conversion -Wno-infinite-recursion -Wno-comma -Wno-block-capture-autoreleasing -Wno-strict-prototypes -Wno-semicolon-before-method-body -index-store-path /Users/runner/work/orbit/orbit/.kimi-probe/.dd-ios/Index.noindex/DataStore @/Users/runner/work/orbit/orbit/.kimi-probe/.dd-ios/Build/Intermediates.noindex/cmark-gfm.build/Debug-iphonesimulator/cmark-gfm.build/Objects-normal/arm64/7187679823f38a2a940e0043cdf9d637-common-args.resp -MMD -MT dependencies -MF /Users/runner/work/orbit/orbit/.kimi-probe/.dd-ios/Build/Intermediates.noindex/cmark-gfm.build/Debug-iphonesimulator/cmark-gfm.build/Objects-normal/arm64/houdini_html_u.d --serialize-diagnostics /Users/runner/work/orbit/orbit/.kimi-probe/.dd-ios/Build/Intermediates.noindex/cmark-gfm.build/Debug-iphonesimulator/cmark-gfm.build/Objects-normal/arm64/houdini_html_u.dia -c /Users/runner/work/orbit/orbit/.kimi-probe/.dd-ios/SourcePackages/checkouts/swift-cmark/src/houdini_html_u.c -o /Users/runner/work/orbit/orbit/.kimi-probe/.dd-ios/Build/Intermediates.noindex/cmark-gfm.build/Debug-iphonesimulator/cmark-gfm.build/Objects-normal/arm64/houdini_html_u.o -index-unit-output-path /cmark-gfm.build/Debug-iphonesimulator/cmark-gfm.build/Objects-normal/arm64/houdini_html_u.o

CompileC /Users/runner/work/orbit/orbit/.kimi-probe/.dd-ios/Build/Intermediates.noindex/cmark-gfm.build/Debug-iphonesimulator/cmark-gfm.build/Objects-normal/arm64/html.o /Users/runner/work/orbit/orbit/.kimi-probe/.dd-ios/SourcePackages/checkouts/swift-cmark/src/html.c normal arm64 c com.apple.compilers.llvm.clang.1_0.compiler (in target 'cmark-gfm' from project 'cmark-gfm')
    cd /Users/runner/work/orbit/orbit/.kimi-probe/KimiProbe.xcodeproj
    
    Using response file: /Users/runner/work/orbit/orbit/.kimi-probe/.dd-ios/Build/Intermediates.noindex/cmark-gfm.build/Debug-iphonesimulator/cmark-gfm.build/Objects-normal/arm64/7187679823f38a2a940e0043cdf9d637-common-args.resp
    
    /Applications/Xcode_26.6.app/Contents/Developer/Toolchains/XcodeDefault.xctoolchain/usr/bin/clang -x c -ivfsstatcache /Users/runner/work/orbit/orbit/.kimi-probe/.dd-ios/SDKStatCaches.noindex/iphonesimulator26.5-23F81a-688ef53f1462e2c8f657fdc38a81448ff45c64a1807a658693f2a61704f17a36.sdkstatcache -target arm64-apple-ios12.0-simulator -fmessage-length\=0 -fdiagnostics-show-note-include-stack -fmacro-backtrace-limit\=0 -fno-color-diagnostics -fmodules-prune-interval\=86400 -fmodules-prune-after\=345600 -fbuild-session-file\=/Users/runner/work/orbit/orbit/.kimi-probe/.dd-ios/ModuleCache.noindex/Session.modulevalidation -fmodules-validate-once-per-build-session -Wnon-modular-include-in-framework-module -Werror\=non-modular-include-in-framework-module -Wno-trigraphs -Wno-missing-field-initializers -Wno-missing-prototypes -Wno-return-type -Wno-missing-braces -Wparentheses -Wswitch -Wno-unused-function -Wno-unused-label -Wno-unused-parameter -Wno-unused-variable -Wunused-value -Wno-empty-body -Wno-uninitialized -Wno-unknown-pragmas -w -Wno-shadow -Wno-four-char-constants -Wno-conversion -Wno-constant-conversion -Wno-int-conversion -Wno-bool-conversion -Wno-enum-conversion -Wno-float-conversion -Wno-non-literal-null-conversion -Wno-objc-literal-conversion -Wshorten-64-to-32 -Wpointer-sign -Wno-newline-eof -Wno-implicit-fallthrough -isysroot /Applications/Xcode_26.6.app/Contents/Developer/Platforms/iPhoneSimulator.platform/Developer/SDKs/iPhoneSimulator26.5.sdk -fstrict-aliasing -Wdeprecated-declarations -Wno-sign-conversion -Wno-infinite-recursion -Wno-comma -Wno-block-capture-autoreleasing -Wno-strict-prototypes -Wno-semicolon-before-method-body -index-store-path /Users/runner/work/orbit/orbit/.kimi-probe/.dd-ios/Index.noindex/DataStore @/Users/runner/work/orbit/orbit/.kimi-probe/.dd-ios/Build/Intermediates.noindex/cmark-gfm.build/Debug-iphonesimulator/cmark-gfm.build/Objects-normal/arm64/7187679823f38a2a940e0043cdf9d637-common-args.resp -MMD -MT dependencies -MF /Users/runner/work/orbit/orbit/.kimi-probe/.dd-ios/Build/Intermediates.noindex/cmark-gfm.build/Debug-iphonesimulator/cmark-gfm.build/Objects-normal/arm64/html.d --serialize-diagnostics /Users/runner/work/orbit/orbit/.kimi-probe/.dd-ios/Build/Intermediates.noindex/cmark-gfm.build/Debug-iphonesimulator/cmark-gfm.build/Objects-normal/arm64/html.dia -c /Users/runner/work/orbit/orbit/.kimi-probe/.dd-ios/SourcePackages/checkouts/swift-cmark/src/html.c -o /Users/runner/work/orbit/orbit/.kimi-probe/.dd-ios/Build/Intermediates.noindex/cmark-gfm.build/Debug-iphonesimulator/cmark-gfm.build/Objects-normal/arm64/html.o -index-unit-output-path /cmark-gfm.build/Debug-iphonesimulator/cmark-gfm.build/Objects-normal/arm64/html.o

CompileC /Users/runner/work/orbit/orbit/.kimi-probe/.dd-ios/Build/Intermediates.noindex/cmark-gfm.build/Debug-iphonesimulator/cmark-gfm.build/Objects-normal/arm64/houdini_html_u.o /Users/runner/work/orbit/orbit/.kimi-probe/.dd-ios/SourcePackages/checkouts/swift-cmark/src/houdini_html_u.c normal arm64 c com.apple.compilers.llvm.clang.1_0.compiler (in target 'cmark-gfm' from project 'cmark-gfm')
    cd /Users/runner/work/orbit/orbit/.kimi-probe/KimiProbe.xcodeproj
    
    Using response file: /Users/runner/work/orbit/orbit/.kimi-probe/.dd-ios/Build/Intermediates.noindex/cmark-gfm.build/Debug-iphonesimulator/cmark-gfm.build/Objects-normal/arm64/7187679823f38a2a940e0043cdf9d637-common-args.resp
    
    /Applications/Xcode_26.6.app/Contents/Developer/Toolchains/XcodeDefault.xctoolchain/usr/bin/clang -x c -ivfsstatcache /Users/runner/work/orbit/orbit/.kimi-probe/.dd-ios/SDKStatCaches.noindex/iphonesimulator26.5-23F81a-688ef53f1462e2c8f657fdc38a81448ff45c64a1807a658693f2a61704f17a36.sdkstatcache -target arm64-apple-ios12.0-simulator -fmessage-length\=0 -fdiagnostics-show-note-include-stack -fmacro-backtrace-limit\=0 -fno-color-diagnostics -fmodules-prune-interval\=86400 -fmodules-prune-after\=345600 -fbuild-session-file\=/Users/runner/work/orbit/orbit/.kimi-probe/.dd-ios/ModuleCache.noindex/Session.modulevalidation -fmodules-validate-once-per-build-session -Wnon-modular-include-in-framework-module -Werror\=non-modular-include-in-framework-module -Wno-trigraphs -Wno-missing-field-initializers -Wno-missing-prototypes -Wno-return-type -Wno-missing-braces -Wparentheses -Wswitch -Wno-unused-function -Wno-unused-label -Wno-unused-parameter -Wno-unused-variable -Wunused-value -Wno-empty-body -Wno-uninitialized -Wno-unknown-pragmas -w -Wno-shadow -Wno-four-char-constants -Wno-conversion -Wno-constant-conversion -Wno-int-conversion -Wno-bool-conversion -Wno-enum-conversion -Wno-float-conversion -Wno-non-literal-null-conversion -Wno-objc-literal-conversion -Wshorten-64-to-32 -Wpointer-sign -Wno-newline-eof -Wno-implicit-fallthrough -isysroot /Applications/Xcode_26.6.app/Contents/Developer/Platforms/iPhoneSimulator.platform/Developer/SDKs/iPhoneSimulator26.5.sdk -fstrict-aliasing -Wdeprecated-declarations -Wno-sign-conversion -Wno-infinite-recursion -Wno-comma -Wno-block-capture-autoreleasing -Wno-strict-prototypes -Wno-semicolon-before-method-body -index-store-path /Users/runner/work/orbit/orbit/.kimi-probe/.dd-ios/Index.noindex/DataStore @/Users/runner/work/orbit/orbit/.kimi-probe/.dd-ios/Build/Intermediates.noindex/cmark-gfm.build/Debug-iphonesimulator/cmark-gfm.build/Objects-normal/arm64/7187679823f38a2a940e0043cdf9d637-common-args.resp -MMD -MT dependencies -MF /Users/runner/work/orbit/orbit/.kimi-probe/.dd-ios/Build/Intermediates.noindex/cmark-gfm.build/Debug-iphonesimulator/cmark-gfm.build/Objects-normal/arm64/houdini_html_u.d --serialize-diagnostics /Users/runner/work/orbit/orbit/.kimi-probe/.dd-ios/Build/Intermediates.noindex/cmark-gfm.build/Debug-iphonesimulator/cmark-gfm.build/Objects-normal/arm64/houdini_html_u.dia -c /Users/runner/work/orbit/orbit/.kimi-probe/.dd-ios/SourcePackages/checkouts/swift-cmark/src/houdini_html_u.c -o /Users/runner/work/orbit/orbit/.kimi-probe/.dd-ios/Build/Intermediates.noindex/cmark-gfm.build/Debug-iphonesimulator/cmark-gfm.build/Objects-normal/arm64/houdini_html_u.o -index-unit-output-path /cmark-gfm.build/Debug-iphonesimulator/cmark-gfm.build/Objects-normal/arm64/houdini_html_u.o

ScanDependencies /Users/runner/work/orbit/orbit/.kimi-probe/.dd-ios/Build/Intermediates.noindex/cmark-gfm.build/Debug-iphonesimulator/cmark-gfm.build/Objects-normal/arm64/houdini_html_e.o /Users/runner/work/orbit/orbit/.kimi-probe/.dd-ios/SourcePackages/checkouts/swift-cmark/src/houdini_html_e.c normal arm64 c com.apple.compilers.llvm.clang.1_0.compiler (in target 'cmark-gfm' from project 'cmark-gfm')
    cd /Users/runner/work/orbit/orbit/.kimi-probe/KimiProbe.xcodeproj
    
    Using response file: /Users/runner/work/orbit/orbit/.kimi-probe/.dd-ios/Build/Intermediates.noindex/cmark-gfm.build/Debug-iphonesimulator/cmark-gfm.build/Objects-normal/arm64/7187679823f38a2a940e0043cdf9d637-common-args.resp
    
    builtin-ScanDependencies -o /Users/runner/work/orbit/orbit/.kimi-probe/.dd-ios/Build/Intermediates.noindex/cmark-gfm.build/Debug-iphonesimulator/cmark-gfm.build/Objects-normal/arm64/houdini_html_e.o.scan -- /Applications/Xcode_26.6.app/Contents/Developer/Toolchains/XcodeDefault.xctoolchain/usr/bin/clang -x c -ivfsstatcache /Users/runner/work/orbit/orbit/.kimi-probe/.dd-ios/SDKStatCaches.noindex/iphonesimulator26.5-23F81a-688ef53f1462e2c8f657fdc38a81448ff45c64a1807a658693f2a61704f17a36.sdkstatcache -target arm64-apple-ios12.0-simulator -fmessage-length\=0 -fdiagnostics-show-note-include-stack -fmacro-backtrace-limit\=0 -fno-color-diagnostics -fmodules-prune-interval\=86400 -fmodules-prune-after\=345600 -fbuild-session-file\=/Users/runner/work/orbit/orbit/.kimi-probe/.dd-ios/ModuleCache.noindex/Session.modulevalidation -fmodules-validate-once-per-build-session -Wnon-modular-include-in-framework-module -Werror\=non-modular-include-in-framework-module -Wno-trigraphs -Wno-missing-field-initializers -Wno-missing-prototypes -Wno-return-type -Wno-missing-braces -Wparentheses -Wswitch -Wno-unused-function -Wno-unused-label -Wno-unused-parameter -Wno-unused-variable -Wunused-value -Wno-empty-body -Wno-uninitialized -Wno-unknown-pragmas -w -Wno-shadow -Wno-four-char-constants -Wno-conversion -Wno-constant-conversion -Wno-int-conversion -Wno-bool-conversion -Wno-enum-conversion -Wno-float-conversion -Wno-non-literal-null-conversion -Wno-objc-literal-conversion -Wshorten-64-to-32 -Wpointer-sign -Wno-newline-eof -Wno-implicit-fallthrough -isysroot /Applications/Xcode_26.6.app/Contents/Developer/Platforms/iPhoneSimulator.platform/Developer/SDKs/iPhoneSimulator26.5.sdk -fstrict-aliasing -Wdeprecated-declarations -Wno-sign-conversion -Wno-infinite-recursion -Wno-comma -Wno-block-capture-autoreleasing -Wno-strict-prototypes -Wno-semicolon-before-method-body -index-store-path /Users/runner/work/orbit/orbit/.kimi-probe/.dd-ios/Index.noindex/DataStore @/Users/runner/work/orbit/orbit/.kimi-probe/.dd-ios/Build/Intermediates.noindex/cmark-gfm.build/Debug-iphonesimulator/cmark-gfm.build/Objects-normal/arm64/7187679823f38a2a940e0043cdf9d637-common-args.resp -MMD -MT dependencies -MF /Users/runner/work/orbit/orbit/.kimi-probe/.dd-ios/Build/Intermediates.noindex/cmark-gfm.build/Debug-iphonesimulator/cmark-gfm.build/Objects-normal/arm64/houdini_html_e.d --serialize-diagnostics /Users/runner/work/orbit/orbit/.kimi-probe/.dd-ios/Build/Intermediates.noindex/cmark-gfm.build/Debug-iphonesimulator/cmark-gfm.build/Objects-normal/arm64/houdini_html_e.dia -c /Users/runner/work/orbit/orbit/.kimi-probe/.dd-ios/SourcePackages/checkouts/swift-cmark/src/houdini_html_e.c -o /Users/runner/work/orbit/orbit/.kimi-probe/.dd-ios/Build/Intermediates.noindex/cmark-gfm.build/Debug-iphonesimulator/cmark-gfm.build/Objects-normal/arm64/houdini_html_e.o -index-unit-output-path /cmark-gfm.build/Debug-iphonesimulator/cmark-gfm.build/Objects-normal/arm64/houdini_html_e.o

ScanDependencies /Users/runner/work/orbit/orbit/.kimi-probe/.dd-ios/Build/Intermediates.noindex/cmark-gfm.build/Debug-iphonesimulator/cmark-gfm.build/Objects-normal/arm64/houdini_href_e.o /Users/runner/work/orbit/orbit/.kimi-probe/.dd-ios/SourcePackages/checkouts/swift-cmark/src/houdini_href_e.c normal arm64 c com.apple.compilers.llvm.clang.1_0.compiler (in target 'cmark-gfm' from project 'cmark-gfm')
    cd /Users/runner/work/orbit/orbit/.kimi-probe/KimiProbe.xcodeproj
    
    Using response file: /Users/runner/work/orbit/orbit/.kimi-probe/.dd-ios/Build/Intermediates.noindex/cmark-gfm.build/Debug-iphonesimulator/cmark-gfm.build/Objects-normal/arm64/7187679823f38a2a940e0043cdf9d637-common-args.resp
    
    builtin-ScanDependencies -o /Users/runner/work/orbit/orbit/.kimi-probe/.dd-ios/Build/Intermediates.noindex/cmark-gfm.build/Debug-iphonesimulator/cmark-gfm.build/Objects-normal/arm64/houdini_href_e.o.scan -- /Applications/Xcode_26.6.app/Contents/Developer/Toolchains/XcodeDefault.xctoolchain/usr/bin/clang -x c -ivfsstatcache /Users/runner/work/orbit/orbit/.kimi-probe/.dd-ios/SDKStatCaches.noindex/iphonesimulator26.5-23F81a-688ef53f1462e2c8f657fdc38a81448ff45c64a1807a658693f2a61704f17a36.sdkstatcache -target arm64-apple-ios12.0-simulator -fmessage-length\=0 -fdiagnostics-show-note-include-stack -fmacro-backtrace-limit\=0 -fno-color-diagnostics -fmodules-prune-interval\=86400 -fmodules-prune-after\=345600 -fbuild-session-file\=/Users/runner/work/orbit/orbit/.kimi-probe/.dd-ios/ModuleCache.noindex/Session.modulevalidation -fmodules-validate-once-per-build-session -Wnon-modular-include-in-framework-module -Werror\=non-modular-include-in-framework-module -Wno-trigraphs -Wno-missing-field-initializers -Wno-missing-prototypes -Wno-return-type -Wno-missing-braces -Wparentheses -Wswitch -Wno-unused-function -Wno-unused-label -Wno-unused-parameter -Wno-unused-variable -Wunused-value -Wno-empty-body -Wno-uninitialized -Wno-unknown-pragmas -w -Wno-shadow -Wno-four-char-constants -Wno-conversion -Wno-constant-conversion -Wno-int-conversion -Wno-bool-conversion -Wno-enum-conversion -Wno-float-conversion -Wno-non-literal-null-conversion -Wno-objc-literal-conversion -Wshorten-64-to-32 -Wpointer-sign -Wno-newline-eof -Wno-implicit-fallthrough -isysroot /Applications/Xcode_26.6.app/Contents/Developer/Platforms/iPhoneSimulator.platform/Developer/SDKs/iPhoneSimulator26.5.sdk -fstrict-aliasing -Wdeprecated-declarations -Wno-sign-conversion -Wno-infinite-recursion -Wno-comma -Wno-block-capture-autoreleasing -Wno-strict-prototypes -Wno-semicolon-before-method-body -index-store-path /Users/runner/work/orbit/orbit/.kimi-probe/.dd-ios/Index.noindex/DataStore @/Users/runner/work/orbit/orbit/.kimi-probe/.dd-ios/Build/Intermediates.noindex/cmark-gfm.build/Debug-iphonesimulator/cmark-gfm.build/Objects-normal/arm64/7187679823f38a2a940e0043cdf9d637-common-args.resp -MMD -MT dependencies -MF /Users/runner/work/orbit/orbit/.kimi-probe/.dd-ios/Build/Intermediates.noindex/cmark-gfm.build/Debug-iphonesimulator/cmark-gfm.build/Objects-normal/arm64/houdini_href_e.d --serialize-diagnostics /Users/runner/work/orbit/orbit/.kimi-probe/.dd-ios/Build/Intermediates.noindex/cmark-gfm.build/Debug-iphonesimulator/cmark-gfm.build/Objects-normal/arm64/houdini_href_e.dia -c /Users/runner/work/orbit/orbit/.kimi-probe/.dd-ios/SourcePackages/checkouts/swift-cmark/src/houdini_href_e.c -o /Users/runner/work/orbit/orbit/.kimi-probe/.dd-ios/Build/Intermediates.noindex/cmark-gfm.build/Debug-iphonesimulator/cmark-gfm.build/Objects-normal/arm64/houdini_href_e.o -index-unit-output-path /cmark-gfm.build/Debug-iphonesimulator/cmark-gfm.build/Objects-normal/arm64/houdini_href_e.o

CompileC /Users/runner/work/orbit/orbit/.kimi-probe/.dd-ios/Build/Intermediates.noindex/cmark-gfm.build/Debug-iphonesimulator/cmark-gfm.build/Objects-normal/arm64/houdini_html_e.o /Users/runner/work/orbit/orbit/.kimi-probe/.dd-ios/SourcePackages/checkouts/swift-cmark/src/houdini_html_e.c normal arm64 c com.apple.compilers.llvm.clang.1_0.compiler (in target 'cmark-gfm' from project 'cmark-gfm')
    cd /Users/runner/work/orbit/orbit/.kimi-probe/KimiProbe.xcodeproj
    
    Using response file: /Users/runner/work/orbit/orbit/.kimi-probe/.dd-ios/Build/Intermediates.noindex/cmark-gfm.build/Debug-iphonesimulator/cmark-gfm.build/Objects-normal/arm64/7187679823f38a2a940e0043cdf9d637-common-args.resp
    
    /Applications/Xcode_26.6.app/Contents/Developer/Toolchains/XcodeDefault.xctoolchain/usr/bin/clang -x c -ivfsstatcache /Users/runner/work/orbit/orbit/.kimi-probe/.dd-ios/SDKStatCaches.noindex/iphonesimulator26.5-23F81a-688ef53f1462e2c8f657fdc38a81448ff45c64a1807a658693f2a61704f17a36.sdkstatcache -target arm64-apple-ios12.0-simulator -fmessage-length\=0 -fdiagnostics-show-note-include-stack -fmacro-backtrace-limit\=0 -fno-color-diagnostics -fmodules-prune-interval\=86400 -fmodules-prune-after\=345600 -fbuild-session-file\=/Users/runner/work/orbit/orbit/.kimi-probe/.dd-ios/ModuleCache.noindex/Session.modulevalidation -fmodules-validate-once-per-build-session -Wnon-modular-include-in-framework-module -Werror\=non-modular-include-in-framework-module -Wno-trigraphs -Wno-missing-field-initializers -Wno-missing-prototypes -Wno-return-type -Wno-missing-braces -Wparentheses -Wswitch -Wno-unused-function -Wno-unused-label -Wno-unused-parameter -Wno-unused-variable -Wunused-value -Wno-empty-body -Wno-uninitialized -Wno-unknown-pragmas -w -Wno-shadow -Wno-four-char-constants -Wno-conversion -Wno-constant-conversion -Wno-int-conversion -Wno-bool-conversion -Wno-enum-conversion -Wno-float-conversion -Wno-non-literal-null-conversion -Wno-objc-literal-conversion -Wshorten-64-to-32 -Wpointer-sign -Wno-newline-eof -Wno-implicit-fallthrough -isysroot /Applications/Xcode_26.6.app/Contents/Developer/Platforms/iPhoneSimulator.platform/Developer/SDKs/iPhoneSimulator26.5.sdk -fstrict-aliasing -Wdeprecated-declarations -Wno-sign-conversion -Wno-infinite-recursion -Wno-comma -Wno-block-capture-autoreleasing -Wno-strict-prototypes -Wno-semicolon-before-method-body -index-store-path /Users/runner/work/orbit/orbit/.kimi-probe/.dd-ios/Index.noindex/DataStore @/Users/runner/work/orbit/orbit/.kimi-probe/.dd-ios/Build/Intermediates.noindex/cmark-gfm.build/Debug-iphonesimulator/cmark-gfm.build/Objects-normal/arm64/7187679823f38a2a940e0043cdf9d637-common-args.resp -MMD -MT dependencies -MF /Users/runner/work/orbit/orbit/.kimi-probe/.dd-ios/Build/Intermediates.noindex/cmark-gfm.build/Debug-iphonesimulator/cmark-gfm.build/Objects-normal/arm64/houdini_html_e.d --serialize-diagnostics /Users/runner/work/orbit/orbit/.kimi-probe/.dd-ios/Build/Intermediates.noindex/cmark-gfm.build/Debug-iphonesimulator/cmark-gfm.build/Objects-normal/arm64/houdini_html_e.dia -c /Users/runner/work/orbit/orbit/.kimi-probe/.dd-ios/SourcePackages/checkouts/swift-cmark/src/houdini_html_e.c -o /Users/runner/work/orbit/orbit/.kimi-probe/.dd-ios/Build/Intermediates.noindex/cmark-gfm.build/Debug-iphonesimulator/cmark-gfm.build/Objects-normal/arm64/houdini_html_e.o -index-unit-output-path /cmark-gfm.build/Debug-iphonesimulator/cmark-gfm.build/Objects-normal/arm64/houdini_html_e.o

CompileC /Users/runner/work/orbit/orbit/.kimi-probe/.dd-ios/Build/Intermediates.noindex/cmark-gfm.build/Debug-iphonesimulator/cmark-gfm.build/Objects-normal/arm64/houdini_href_e.o /Users/runner/work/orbit/orbit/.kimi-probe/.dd-ios/SourcePackages/checkouts/swift-cmark/src/houdini_href_e.c normal arm64 c com.apple.compilers.llvm.clang.1_0.compiler (in target 'cmark-gfm' from project 'cmark-gfm')
    cd /Users/runner/work/orbit/orbit/.kimi-probe/KimiProbe.xcodeproj
    
    Using response file: /Users/runner/work/orbit/orbit/.kimi-probe/.dd-ios/Build/Intermediates.noindex/cmark-gfm.build/Debug-iphonesimulator/cmark-gfm.build/Objects-normal/arm64/7187679823f38a2a940e0043cdf9d637-common-args.resp
    
    /Applications/Xcode_26.6.app/Contents/Developer/Toolchains/XcodeDefault.xctoolchain/usr/bin/clang -x c -ivfsstatcache /Users/runner/work/orbit/orbit/.kimi-probe/.dd-ios/SDKStatCaches.noindex/iphonesimulator26.5-23F81a-688ef53f1462e2c8f657fdc38a81448ff45c64a1807a658693f2a61704f17a36.sdkstatcache -target arm64-apple-ios12.0-simulator -fmessage-length\=0 -fdiagnostics-show-note-include-stack -fmacro-backtrace-limit\=0 -fno-color-diagnostics -fmodules-prune-interval\=86400 -fmodules-prune-after\=345600 -fbuild-session-file\=/Users/runner/work/orbit/orbit/.kimi-probe/.dd-ios/ModuleCache.noindex/Session.modulevalidation -fmodules-validate-once-per-build-session -Wnon-modular-include-in-framework-module -Werror\=non-modular-include-in-framework-module -Wno-trigraphs -Wno-missing-field-initializers -Wno-missing-prototypes -Wno-return-type -Wno-missing-braces -Wparentheses -Wswitch -Wno-unused-function -Wno-unused-label -Wno-unused-parameter -Wno-unused-variable -Wunused-value -Wno-empty-body -Wno-uninitialized -Wno-unknown-pragmas -w -Wno-shadow -Wno-four-char-constants -Wno-conversion -Wno-constant-conversion -Wno-int-conversion -Wno-bool-conversion -Wno-enum-conversion -Wno-float-conversion -Wno-non-literal-null-conversion -Wno-objc-literal-conversion -Wshorten-64-to-32 -Wpointer-sign -Wno-newline-eof -Wno-implicit-fallthrough -isysroot /Applications/Xcode_26.6.app/Contents/Developer/Platforms/iPhoneSimulator.platform/Developer/SDKs/iPhoneSimulator26.5.sdk -fstrict-aliasing -Wdeprecated-declarations -Wno-sign-conversion -Wno-infinite-recursion -Wno-comma -Wno-block-capture-autoreleasing -Wno-strict-prototypes -Wno-semicolon-before-method-body -index-store-path /Users/runner/work/orbit/orbit/.kimi-probe/.dd-ios/Index.noindex/DataStore @/Users/runner/work/orbit/orbit/.kimi-probe/.dd-ios/Build/Intermediates.noindex/cmark-gfm.build/Debug-iphonesimulator/cmark-gfm.build/Objects-normal/arm64/7187679823f38a2a940e0043cdf9d637-common-args.resp -MMD -MT dependencies -MF /Users/runner/work/orbit/orbit/.kimi-probe/.dd-ios/Build/Intermediates.noindex/cmark-gfm.build/Debug-iphonesimulator/cmark-gfm.build/Objects-normal/arm64/houdini_href_e.d --serialize-diagnostics /Users/runner/work/orbit/orbit/.kimi-probe/.dd-ios/Build/Intermediates.noindex/cmark-gfm.build/Debug-iphonesimulator/cmark-gfm.build/Objects-normal/arm64/houdini_href_e.dia -c /Users/runner/work/orbit/orbit/.kimi-probe/.dd-ios/SourcePackages/checkouts/swift-cmark/src/houdini_href_e.c -o /Users/runner/work/orbit/orbit/.kimi-probe/.dd-ios/Build/Intermediates.noindex/cmark-gfm.build/Debug-iphonesimulator/cmark-gfm.build/Objects-normal/arm64/houdini_href_e.o -index-unit-output-path /cmark-gfm.build/Debug-iphonesimulator/cmark-gfm.build/Objects-normal/arm64/houdini_href_e.o

CompileC /Users/runner/work/orbit/orbit/.kimi-probe/.dd-ios/Build/Intermediates.noindex/cmark-gfm.build/Debug-iphonesimulator/cmark-gfm-extensions.build/Objects-normal/arm64/autolink.o /Users/runner/work/orbit/orbit/.kimi-probe/.dd-ios/SourcePackages/checkouts/swift-cmark/extensions/autolink.c normal arm64 c com.apple.compilers.llvm.clang.1_0.compiler (in target 'cmark-gfm-extensions' from project 'cmark-gfm')
    cd /Users/runner/work/orbit/orbit/.kimi-probe/KimiProbe.xcodeproj
    
    Using response file: /Users/runner/work/orbit/orbit/.kimi-probe/.dd-ios/Build/Intermediates.noindex/cmark-gfm.build/Debug-iphonesimulator/cmark-gfm-extensions.build/Objects-normal/arm64/7187679823f38a2a940e0043cdf9d637-common-args.resp
    
    /Applications/Xcode_26.6.app/Contents/Developer/Toolchains/XcodeDefault.xctoolchain/usr/bin/clang -x c -ivfsstatcache /Users/runner/work/orbit/orbit/.kimi-probe/.dd-ios/SDKStatCaches.noindex/iphonesimulator26.5-23F81a-688ef53f1462e2c8f657fdc38a81448ff45c64a1807a658693f2a61704f17a36.sdkstatcache -target arm64-apple-ios12.0-simulator -fmessage-length\=0 -fdiagnostics-show-note-include-stack -fmacro-backtrace-limit\=0 -fno-color-diagnostics -fmodules-prune-interval\=86400 -fmodules-prune-after\=345600 -fbuild-session-file\=/Users/runner/work/orbit/orbit/.kimi-probe/.dd-ios/ModuleCache.noindex/Session.modulevalidation -fmodules-validate-once-per-build-session -Wnon-modular-include-in-framework-module -Werror\=non-modular-include-in-framework-module -Wno-trigraphs -Wno-missing-field-initializers -Wno-missing-prototypes -Wno-return-type -Wno-missing-braces -Wparentheses -Wswitch -Wno-unused-function -Wno-unused-label -Wno-unused-parameter -Wno-unused-variable -Wunused-value -Wno-empty-body -Wno-uninitialized -Wno-unknown-pragmas -w -Wno-shadow -Wno-four-char-constants -Wno-conversion -Wno-constant-conversion -Wno-int-conversion -Wno-bool-conversion -Wno-enum-conversion -Wno-float-conversion -Wno-non-literal-null-conversion -Wno-objc-literal-conversion -Wshorten-64-to-32 -Wpointer-sign -Wno-newline-eof -Wno-implicit-fallthrough -isysroot /Applications/Xcode_26.6.app/Contents/Developer/Platforms/iPhoneSimulator.platform/Developer/SDKs/iPhoneSimulator26.5.sdk -fstrict-aliasing -Wdeprecated-declarations -Wno-sign-conversion -Wno-infinite-recursion -Wno-comma -Wno-block-capture-autoreleasing -Wno-strict-prototypes -Wno-semicolon-before-method-body -index-store-path /Users/runner/work/orbit/orbit/.kimi-probe/.dd-ios/Index.noindex/DataStore @/Users/runner/work/orbit/orbit/.kimi-probe/.dd-ios/Build/Intermediates.noindex/cmark-gfm.build/Debug-iphonesimulator/cmark-gfm-extensions.build/Objects-normal/arm64/7187679823f38a2a940e0043cdf9d637-common-args.resp -MMD -MT dependencies -MF /Users/runner/work/orbit/orbit/.kimi-probe/.dd-ios/Build/Intermediates.noindex/cmark-gfm.build/Debug-iphonesimulator/cmark-gfm-extensions.build/Objects-normal/arm64/autolink.d --serialize-diagnostics /Users/runner/work/orbit/orbit/.kimi-probe/.dd-ios/Build/Intermediates.noindex/cmark-gfm.build/Debug-iphonesimulator/cmark-gfm-extensions.build/Objects-normal/arm64/autolink.dia -c /Users/runner/work/orbit/orbit/.kimi-probe/.dd-ios/SourcePackages/checkouts/swift-cmark/extensions/autolink.c -o /Users/runner/work/orbit/orbit/.kimi-probe/.dd-ios/Build/Intermediates.noindex/cmark-gfm.build/Debug-iphonesimulator/cmark-gfm-extensions.build/Objects-normal/arm64/autolink.o -index-unit-output-path /cmark-gfm.build/Debug-iphonesimulator/cmark-gfm-extensions.build/Objects-normal/arm64/autolink.o

ScanDependencies /Users/runner/work/orbit/orbit/.kimi-probe/.dd-ios/Build/Intermediates.noindex/cmark-gfm.build/Debug-iphonesimulator/cmark-gfm.build/Objects-normal/arm64/footnotes.o /Users/runner/work/orbit/orbit/.kimi-probe/.dd-ios/SourcePackages/checkouts/swift-cmark/src/footnotes.c normal arm64 c com.apple.compilers.llvm.clang.1_0.compiler (in target 'cmark-gfm' from project 'cmark-gfm')
    cd /Users/runner/work/orbit/orbit/.kimi-probe/KimiProbe.xcodeproj
    
    Using response file: /Users/runner/work/orbit/orbit/.kimi-probe/.dd-ios/Build/Intermediates.noindex/cmark-gfm.build/Debug-iphonesimulator/cmark-gfm.build/Objects-normal/arm64/7187679823f38a2a940e0043cdf9d637-common-args.resp
    
    builtin-ScanDependencies -o /Users/runner/work/orbit/orbit/.kimi-probe/.dd-ios/Build/Intermediates.noindex/cmark-gfm.build/Debug-iphonesimulator/cmark-gfm.build/Objects-normal/arm64/footnotes.o.scan -- /Applications/Xcode_26.6.app/Contents/Developer/Toolchains/XcodeDefault.xctoolchain/usr/bin/clang -x c -ivfsstatcache /Users/runner/work/orbit/orbit/.kimi-probe/.dd-ios/SDKStatCaches.noindex/iphonesimulator26.5-23F81a-688ef53f1462e2c8f657fdc38a81448ff45c64a1807a658693f2a61704f17a36.sdkstatcache -target arm64-apple-ios12.0-simulator -fmessage-length\=0 -fdiagnostics-show-note-include-stack -fmacro-backtrace-limit\=0 -fno-color-diagnostics -fmodules-prune-interval\=86400 -fmodules-prune-after\=345600 -fbuild-session-file\=/Users/runner/work/orbit/orbit/.kimi-probe/.dd-ios/ModuleCache.noindex/Session.modulevalidation -fmodules-validate-once-per-build-session -Wnon-modular-include-in-framework-module -Werror\=non-modular-include-in-framework-module -Wno-trigraphs -Wno-missing-field-initializers -Wno-missing-prototypes -Wno-return-type -Wno-missing-braces -Wparentheses -Wswitch -Wno-unused-function -Wno-unused-label -Wno-unused-parameter -Wno-unused-variable -Wunused-value -Wno-empty-body -Wno-uninitialized -Wno-unknown-pragmas -w -Wno-shadow -Wno-four-char-constants -Wno-conversion -Wno-constant-conversion -Wno-int-conversion -Wno-bool-conversion -Wno-enum-conversion -Wno-float-conversion -Wno-non-literal-null-conversion -Wno-objc-literal-conversion -Wshorten-64-to-32 -Wpointer-sign -Wno-newline-eof -Wno-implicit-fallthrough -isysroot /Applications/Xcode_26.6.app/Contents/Developer/Platforms/iPhoneSimulator.platform/Developer/SDKs/iPhoneSimulator26.5.sdk -fstrict-aliasing -Wdeprecated-declarations -Wno-sign-conversion -Wno-infinite-recursion -Wno-comma -Wno-block-capture-autoreleasing -Wno-strict-prototypes -Wno-semicolon-before-method-body -index-store-path /Users/runner/work/orbit/orbit/.kimi-probe/.dd-ios/Index.noindex/DataStore @/Users/runner/work/orbit/orbit/.kimi-probe/.dd-ios/Build/Intermediates.noindex/cmark-gfm.build/Debug-iphonesimulator/cmark-gfm.build/Objects-normal/arm64/7187679823f38a2a940e0043cdf9d637-common-args.resp -MMD -MT dependencies -MF /Users/runner/work/orbit/orbit/.kimi-probe/.dd-ios/Build/Intermediates.noindex/cmark-gfm.build/Debug-iphonesimulator/cmark-gfm.build/Objects-normal/arm64/footnotes.d --serialize-diagnostics /Users/runner/work/orbit/orbit/.kimi-probe/.dd-ios/Build/Intermediates.noindex/cmark-gfm.build/Debug-iphonesimulator/cmark-gfm.build/Objects-normal/arm64/footnotes.dia -c /Users/runner/work/orbit/orbit/.kimi-probe/.dd-ios/SourcePackages/checkouts/swift-cmark/src/footnotes.c -o /Users/runner/work/orbit/orbit/.kimi-probe/.dd-ios/Build/Intermediates.noindex/cmark-gfm.build/Debug-iphonesimulator/cmark-gfm.build/Objects-normal/arm64/footnotes.o -index-unit-output-path /cmark-gfm.build/Debug-iphonesimulator/cmark-gfm.build/Objects-normal/arm64/footnotes.o

ScanDependencies /Users/runner/work/orbit/orbit/.kimi-probe/.dd-ios/Build/Intermediates.noindex/cmark-gfm.build/Debug-iphonesimulator/cmark-gfm.build/Objects-normal/arm64/commonmark.o /Users/runner/work/orbit/orbit/.kimi-probe/.dd-ios/SourcePackages/checkouts/swift-cmark/src/commonmark.c normal arm64 c com.apple.compilers.llvm.clang.1_0.compiler (in target 'cmark-gfm' from project 'cmark-gfm')
    cd /Users/runner/work/orbit/orbit/.kimi-probe/KimiProbe.xcodeproj
    
    Using response file: /Users/runner/work/orbit/orbit/.kimi-probe/.dd-ios/Build/Intermediates.noindex/cmark-gfm.build/Debug-iphonesimulator/cmark-gfm.build/Objects-normal/arm64/7187679823f38a2a940e0043cdf9d637-common-args.resp
    
    builtin-ScanDependencies -o /Users/runner/work/orbit/orbit/.kimi-probe/.dd-ios/Build/Intermediates.noindex/cmark-gfm.build/Debug-iphonesimulator/cmark-gfm.build/Objects-normal/arm64/commonmark.o.scan -- /Applications/Xcode_26.6.app/Contents/Developer/Toolchains/XcodeDefault.xctoolchain/usr/bin/clang -x c -ivfsstatcache /Users/runner/work/orbit/orbit/.kimi-probe/.dd-ios/SDKStatCaches.noindex/iphonesimulator26.5-23F81a-688ef53f1462e2c8f657fdc38a81448ff45c64a1807a658693f2a61704f17a36.sdkstatcache -target arm64-apple-ios12.0-simulator -fmessage-length\=0 -fdiagnostics-show-note-include-stack -fmacro-backtrace-limit\=0 -fno-color-diagnostics -fmodules-prune-interval\=86400 -fmodules-prune-after\=345600 -fbuild-session-file\=/Users/runner/work/orbit/orbit/.kimi-probe/.dd-ios/ModuleCache.noindex/Session.modulevalidation -fmodules-validate-once-per-build-session -Wnon-modular-include-in-framework-module -Werror\=non-modular-include-in-framework-module -Wno-trigraphs -Wno-missing-field-initializers -Wno-missing-prototypes -Wno-return-type -Wno-missing-braces -Wparentheses -Wswitch -Wno-unused-function -Wno-unused-label -Wno-unused-parameter -Wno-unused-variable -Wunused-value -Wno-empty-body -Wno-uninitialized -Wno-unknown-pragmas -w -Wno-shadow -Wno-four-char-constants -Wno-conversion -Wno-constant-conversion -Wno-int-conversion -Wno-bool-conversion -Wno-enum-conversion -Wno-float-conversion -Wno-non-literal-null-conversion -Wno-objc-literal-conversion -Wshorten-64-to-32 -Wpointer-sign -Wno-newline-eof -Wno-implicit-fallthrough -isysroot /Applications/Xcode_26.6.app/Contents/Developer/Platforms/iPhoneSimulator.platform/Developer/SDKs/iPhoneSimulator26.5.sdk -fstrict-aliasing -Wdeprecated-declarations -Wno-sign-conversion -Wno-infinite-recursion -Wno-comma -Wno-block-capture-autoreleasing -Wno-strict-prototypes -Wno-semicolon-before-method-body -index-store-path /Users/runner/work/orbit/orbit/.kimi-probe/.dd-ios/Index.noindex/DataStore @/Users/runner/work/orbit/orbit/.kimi-probe/.dd-ios/Build/Intermediates.noindex/cmark-gfm.build/Debug-iphonesimulator/cmark-gfm.build/Objects-normal/arm64/7187679823f38a2a940e0043cdf9d637-common-args.resp -MMD -MT dependencies -MF /Users/runner/work/orbit/orbit/.kimi-probe/.dd-ios/Build/Intermediates.noindex/cmark-gfm.build/Debug-iphonesimulator/cmark-gfm.build/Objects-normal/arm64/commonmark.d --serialize-diagnostics /Users/runner/work/orbit/orbit/.kimi-probe/.dd-ios/Build/Intermediates.noindex/cmark-gfm.build/Debug-iphonesimulator/cmark-gfm.build/Objects-normal/arm64/commonmark.dia -c /Users/runner/work/orbit/orbit/.kimi-probe/.dd-ios/SourcePackages/checkouts/swift-cmark/src/commonmark.c -o /Users/runner/work/orbit/orbit/.kimi-probe/.dd-ios/Build/Intermediates.noindex/cmark-gfm.build/Debug-iphonesimulator/cmark-gfm.build/Objects-normal/arm64/commonmark.o -index-unit-output-path /cmark-gfm.build/Debug-iphonesimulator/cmark-gfm.build/Objects-normal/arm64/commonmark.o

CompileC /Users/runner/work/orbit/orbit/.kimi-probe/.dd-ios/Build/Intermediates.noindex/cmark-gfm.build/Debug-iphonesimulator/cmark-gfm.build/Objects-normal/arm64/footnotes.o /Users/runner/work/orbit/orbit/.kimi-probe/.dd-ios/SourcePackages/checkouts/swift-cmark/src/footnotes.c normal arm64 c com.apple.compilers.llvm.clang.1_0.compiler (in target 'cmark-gfm' from project 'cmark-gfm')
    cd /Users/runner/work/orbit/orbit/.kimi-probe/KimiProbe.xcodeproj
    
    Using response file: /Users/runner/work/orbit/orbit/.kimi-probe/.dd-ios/Build/Intermediates.noindex/cmark-gfm.build/Debug-iphonesimulator/cmark-gfm.build/Objects-normal/arm64/7187679823f38a2a940e0043cdf9d637-common-args.resp
    
    /Applications/Xcode_26.6.app/Contents/Developer/Toolchains/XcodeDefault.xctoolchain/usr/bin/clang -x c -ivfsstatcache /Users/runner/work/orbit/orbit/.kimi-probe/.dd-ios/SDKStatCaches.noindex/iphonesimulator26.5-23F81a-688ef53f1462e2c8f657fdc38a81448ff45c64a1807a658693f2a61704f17a36.sdkstatcache -target arm64-apple-ios12.0-simulator -fmessage-length\=0 -fdiagnostics-show-note-include-stack -fmacro-backtrace-limit\=0 -fno-color-diagnostics -fmodules-prune-interval\=86400 -fmodules-prune-after\=345600 -fbuild-session-file\=/Users/runner/work/orbit/orbit/.kimi-probe/.dd-ios/ModuleCache.noindex/Session.modulevalidation -fmodules-validate-once-per-build-session -Wnon-modular-include-in-framework-module -Werror\=non-modular-include-in-framework-module -Wno-trigraphs -Wno-missing-field-initializers -Wno-missing-prototypes -Wno-return-type -Wno-missing-braces -Wparentheses -Wswitch -Wno-unused-function -Wno-unused-label -Wno-unused-parameter -Wno-unused-variable -Wunused-value -Wno-empty-body -Wno-uninitialized -Wno-unknown-pragmas -w -Wno-shadow -Wno-four-char-constants -Wno-conversion -Wno-constant-conversion -Wno-int-conversion -Wno-bool-conversion -Wno-enum-conversion -Wno-float-conversion -Wno-non-literal-null-conversion -Wno-objc-literal-conversion -Wshorten-64-to-32 -Wpointer-sign -Wno-newline-eof -Wno-implicit-fallthrough -isysroot /Applications/Xcode_26.6.app/Contents/Developer/Platforms/iPhoneSimulator.platform/Developer/SDKs/iPhoneSimulator26.5.sdk -fstrict-aliasing -Wdeprecated-declarations -Wno-sign-conversion -Wno-infinite-recursion -Wno-comma -Wno-block-capture-autoreleasing -Wno-strict-prototypes -Wno-semicolon-before-method-body -index-store-path /Users/runner/work/orbit/orbit/.kimi-probe/.dd-ios/Index.noindex/DataStore @/Users/runner/work/orbit/orbit/.kimi-probe/.dd-ios/Build/Intermediates.noindex/cmark-gfm.build/Debug-iphonesimulator/cmark-gfm.build/Objects-normal/arm64/7187679823f38a2a940e0043cdf9d637-common-args.resp -MMD -MT dependencies -MF /Users/runner/work/orbit/orbit/.kimi-probe/.dd-ios/Build/Intermediates.noindex/cmark-gfm.build/Debug-iphonesimulator/cmark-gfm.build/Objects-normal/arm64/footnotes.d --serialize-diagnostics /Users/runner/work/orbit/orbit/.kimi-probe/.dd-ios/Build/Intermediates.noindex/cmark-gfm.build/Debug-iphonesimulator/cmark-gfm.build/Objects-normal/arm64/footnotes.dia -c /Users/runner/work/orbit/orbit/.kimi-probe/.dd-ios/SourcePackages/checkouts/swift-cmark/src/footnotes.c -o /Users/runner/work/orbit/orbit/.kimi-probe/.dd-ios/Build/Intermediates.noindex/cmark-gfm.build/Debug-iphonesimulator/cmark-gfm.build/Objects-normal/arm64/footnotes.o -index-unit-output-path /cmark-gfm.build/Debug-iphonesimulator/cmark-gfm.build/Objects-normal/arm64/footnotes.o

ScanDependencies /Users/runner/work/orbit/orbit/.kimi-probe/.dd-ios/Build/Intermediates.noindex/cmark-gfm.build/Debug-iphonesimulator/cmark-gfm.build/Objects-normal/arm64/cmark_ctype.o /Users/runner/work/orbit/orbit/.kimi-probe/.dd-ios/SourcePackages/checkouts/swift-cmark/src/cmark_ctype.c normal arm64 c com.apple.compilers.llvm.clang.1_0.compiler (in target 'cmark-gfm' from project 'cmark-gfm')
    cd /Users/runner/work/orbit/orbit/.kimi-probe/KimiProbe.xcodeproj
    
    Using response file: /Users/runner/work/orbit/orbit/.kimi-probe/.dd-ios/Build/Intermediates.noindex/cmark-gfm.build/Debug-iphonesimulator/cmark-gfm.build/Objects-normal/arm64/7187679823f38a2a940e0043cdf9d637-common-args.resp
    
    builtin-ScanDependencies -o /Users/runner/work/orbit/orbit/.kimi-probe/.dd-ios/Build/Intermediates.noindex/cmark-gfm.build/Debug-iphonesimulator/cmark-gfm.build/Objects-normal/arm64/cmark_ctype.o.scan -- /Applications/Xcode_26.6.app/Contents/Developer/Toolchains/XcodeDefault.xctoolchain/usr/bin/clang -x c -ivfsstatcache /Users/runner/work/orbit/orbit/.kimi-probe/.dd-ios/SDKStatCaches.noindex/iphonesimulator26.5-23F81a-688ef53f1462e2c8f657fdc38a81448ff45c64a1807a658693f2a61704f17a36.sdkstatcache -target arm64-apple-ios12.0-simulator -fmessage-length\=0 -fdiagnostics-show-note-include-stack -fmacro-backtrace-limit\=0 -fno-color-diagnostics -fmodules-prune-interval\=86400 -fmodules-prune-after\=345600 -fbuild-session-file\=/Users/runner/work/orbit/orbit/.kimi-probe/.dd-ios/ModuleCache.noindex/Session.modulevalidation -fmodules-validate-once-per-build-session -Wnon-modular-include-in-framework-module -Werror\=non-modular-include-in-framework-module -Wno-trigraphs -Wno-missing-field-initializers -Wno-missing-prototypes -Wno-return-type -Wno-missing-braces -Wparentheses -Wswitch -Wno-unused-function -Wno-unused-label -Wno-unused-parameter -Wno-unused-variable -Wunused-value -Wno-empty-body -Wno-uninitialized -Wno-unknown-pragmas -w -Wno-shadow -Wno-four-char-constants -Wno-conversion -Wno-constant-conversion -Wno-int-conversion -Wno-bool-conversion -Wno-enum-conversion -Wno-float-conversion -Wno-non-literal-null-conversion -Wno-objc-literal-conversion -Wshorten-64-to-32 -Wpointer-sign -Wno-newline-eof -Wno-implicit-fallthrough -isysroot /Applications/Xcode_26.6.app/Contents/Developer/Platforms/iPhoneSimulator.platform/Developer/SDKs/iPhoneSimulator26.5.sdk -fstrict-aliasing -Wdeprecated-declarations -Wno-sign-conversion -Wno-infinite-recursion -Wno-comma -Wno-block-capture-autoreleasing -Wno-strict-prototypes -Wno-semicolon-before-method-body -index-store-path /Users/runner/work/orbit/orbit/.kimi-probe/.dd-ios/Index.noindex/DataStore @/Users/runner/work/orbit/orbit/.kimi-probe/.dd-ios/Build/Intermediates.noindex/cmark-gfm.build/Debug-iphonesimulator/cmark-gfm.build/Objects-normal/arm64/7187679823f38a2a940e0043cdf9d637-common-args.resp -MMD -MT dependencies -MF /Users/runner/work/orbit/orbit/.kimi-probe/.dd-ios/Build/Intermediates.noindex/cmark-gfm.build/Debug-iphonesimulator/cmark-gfm.build/Objects-normal/arm64/cmark_ctype.d --serialize-diagnostics /Users/runner/work/orbit/orbit/.kimi-probe/.dd-ios/Build/Intermediates.noindex/cmark-gfm.build/Debug-iphonesimulator/cmark-gfm.build/Objects-normal/arm64/cmark_ctype.dia -c /Users/runner/work/orbit/orbit/.kimi-probe/.dd-ios/SourcePackages/checkouts/swift-cmark/src/cmark_ctype.c -o /Users/runner/work/orbit/orbit/.kimi-probe/.dd-ios/Build/Intermediates.noindex/cmark-gfm.build/Debug-iphonesimulator/cmark-gfm.build/Objects-normal/arm64/cmark_ctype.o -index-unit-output-path /cmark-gfm.build/Debug-iphonesimulator/cmark-gfm.build/Objects-normal/arm64/cmark_ctype.o

CompileC /Users/runner/work/orbit/orbit/.kimi-probe/.dd-ios/Build/Intermediates.noindex/cmark-gfm.build/Debug-iphonesimulator/cmark-gfm.build/Objects-normal/arm64/commonmark.o /Users/runner/work/orbit/orbit/.kimi-probe/.dd-ios/SourcePackages/checkouts/swift-cmark/src/commonmark.c normal arm64 c com.apple.compilers.llvm.clang.1_0.compiler (in target 'cmark-gfm' from project 'cmark-gfm')
    cd /Users/runner/work/orbit/orbit/.kimi-probe/KimiProbe.xcodeproj
    
    Using response file: /Users/runner/work/orbit/orbit/.kimi-probe/.dd-ios/Build/Intermediates.noindex/cmark-gfm.build/Debug-iphonesimulator/cmark-gfm.build/Objects-normal/arm64/7187679823f38a2a940e0043cdf9d637-common-args.resp
    
    /Applications/Xcode_26.6.app/Contents/Developer/Toolchains/XcodeDefault.xctoolchain/usr/bin/clang -x c -ivfsstatcache /Users/runner/work/orbit/orbit/.kimi-probe/.dd-ios/SDKStatCaches.noindex/iphonesimulator26.5-23F81a-688ef53f1462e2c8f657fdc38a81448ff45c64a1807a658693f2a61704f17a36.sdkstatcache -target arm64-apple-ios12.0-simulator -fmessage-length\=0 -fdiagnostics-show-note-include-stack -fmacro-backtrace-limit\=0 -fno-color-diagnostics -fmodules-prune-interval\=86400 -fmodules-prune-after\=345600 -fbuild-session-file\=/Users/runner/work/orbit/orbit/.kimi-probe/.dd-ios/ModuleCache.noindex/Session.modulevalidation -fmodules-validate-once-per-build-session -Wnon-modular-include-in-framework-module -Werror\=non-modular-include-in-framework-module -Wno-trigraphs -Wno-missing-field-initializers -Wno-missing-prototypes -Wno-return-type -Wno-missing-braces -Wparentheses -Wswitch -Wno-unused-function -Wno-unused-label -Wno-unused-parameter -Wno-unused-variable -Wunused-value -Wno-empty-body -Wno-uninitialized -Wno-unknown-pragmas -w -Wno-shadow -Wno-four-char-constants -Wno-conversion -Wno-constant-conversion -Wno-int-conversion -Wno-bool-conversion -Wno-enum-conversion -Wno-float-conversion -Wno-non-literal-null-conversion -Wno-objc-literal-conversion -Wshorten-64-to-32 -Wpointer-sign -Wno-newline-eof -Wno-implicit-fallthrough -isysroot /Applications/Xcode_26.6.app/Contents/Developer/Platforms/iPhoneSimulator.platform/Developer/SDKs/iPhoneSimulator26.5.sdk -fstrict-aliasing -Wdeprecated-declarations -Wno-sign-conversion -Wno-infinite-recursion -Wno-comma -Wno-block-capture-autoreleasing -Wno-strict-prototypes -Wno-semicolon-before-method-body -index-store-path /Users/runner/work/orbit/orbit/.kimi-probe/.dd-ios/Index.noindex/DataStore @/Users/runner/work/orbit/orbit/.kimi-probe/.dd-ios/Build/Intermediates.noindex/cmark-gfm.build/Debug-iphonesimulator/cmark-gfm.build/Objects-normal/arm64/7187679823f38a2a940e0043cdf9d637-common-args.resp -MMD -MT dependencies -MF /Users/runner/work/orbit/orbit/.kimi-probe/.dd-ios/Build/Intermediates.noindex/cmark-gfm.build/Debug-iphonesimulator/cmark-gfm.build/Objects-normal/arm64/commonmark.d --serialize-diagnostics /Users/runner/work/orbit/orbit/.kimi-probe/.dd-ios/Build/Intermediates.noindex/cmark-gfm.build/Debug-iphonesimulator/cmark-gfm.build/Objects-normal/arm64/commonmark.dia -c /Users/runner/work/orbit/orbit/.kimi-probe/.dd-ios/SourcePackages/checkouts/swift-cmark/src/commonmark.c -o /Users/runner/work/orbit/orbit/.kimi-probe/.dd-ios/Build/Intermediates.noindex/cmark-gfm.build/Debug-iphonesimulator/cmark-gfm.build/Objects-normal/arm64/commonmark.o -index-unit-output-path /cmark-gfm.build/Debug-iphonesimulator/cmark-gfm.build/Objects-normal/arm64/commonmark.o

CompileC /Users/runner/work/orbit/orbit/.kimi-probe/.dd-ios/Build/Intermediates.noindex/cmark-gfm.build/Debug-iphonesimulator/cmark-gfm.build/Objects-normal/arm64/cmark_ctype.o /Users/runner/work/orbit/orbit/.kimi-probe/.dd-ios/SourcePackages/checkouts/swift-cmark/src/cmark_ctype.c normal arm64 c com.apple.compilers.llvm.clang.1_0.compiler (in target 'cmark-gfm' from project 'cmark-gfm')
    cd /Users/runner/work/orbit/orbit/.kimi-probe/KimiProbe.xcodeproj
    
    Using response file: /Users/runner/work/orbit/orbit/.kimi-probe/.dd-ios/Build/Intermediates.noindex/cmark-gfm.build/Debug-iphonesimulator/cmark-gfm.build/Objects-normal/arm64/7187679823f38a2a940e0043cdf9d637-common-args.resp
    
    /Applications/Xcode_26.6.app/Contents/Developer/Toolchains/XcodeDefault.xctoolchain/usr/bin/clang -x c -ivfsstatcache /Users/runner/work/orbit/orbit/.kimi-probe/.dd-ios/SDKStatCaches.noindex/iphonesimulator26.5-23F81a-688ef53f1462e2c8f657fdc38a81448ff45c64a1807a658693f2a61704f17a36.sdkstatcache -target arm64-apple-ios12.0-simulator -fmessage-length\=0 -fdiagnostics-show-note-include-stack -fmacro-backtrace-limit\=0 -fno-color-diagnostics -fmodules-prune-interval\=86400 -fmodules-prune-after\=345600 -fbuild-session-file\=/Users/runner/work/orbit/orbit/.kimi-probe/.dd-ios/ModuleCache.noindex/Session.modulevalidation -fmodules-validate-once-per-build-session -Wnon-modular-include-in-framework-module -Werror\=non-modular-include-in-framework-module -Wno-trigraphs -Wno-missing-field-initializers -Wno-missing-prototypes -Wno-return-type -Wno-missing-braces -Wparentheses -Wswitch -Wno-unused-function -Wno-unused-label -Wno-unused-parameter -Wno-unused-variable -Wunused-value -Wno-empty-body -Wno-uninitialized -Wno-unknown-pragmas -w -Wno-shadow -Wno-four-char-constants -Wno-conversion -Wno-constant-conversion -Wno-int-conversion -Wno-bool-conversion -Wno-enum-conversion -Wno-float-conversion -Wno-non-literal-null-conversion -Wno-objc-literal-conversion -Wshorten-64-to-32 -Wpointer-sign -Wno-newline-eof -Wno-implicit-fallthrough -isysroot /Applications/Xcode_26.6.app/Contents/Developer/Platforms/iPhoneSimulator.platform/Developer/SDKs/iPhoneSimulator26.5.sdk -fstrict-aliasing -Wdeprecated-declarations -Wno-sign-conversion -Wno-infinite-recursion -Wno-comma -Wno-block-capture-autoreleasing -Wno-strict-prototypes -Wno-semicolon-before-method-body -index-store-path /Users/runner/work/orbit/orbit/.kimi-probe/.dd-ios/Index.noindex/DataStore @/Users/runner/work/orbit/orbit/.kimi-probe/.dd-ios/Build/Intermediates.noindex/cmark-gfm.build/Debug-iphonesimulator/cmark-gfm.build/Objects-normal/arm64/7187679823f38a2a940e0043cdf9d637-common-args.resp -MMD -MT dependencies -MF /Users/runner/work/orbit/orbit/.kimi-probe/.dd-ios/Build/Intermediates.noindex/cmark-gfm.build/Debug-iphonesimulator/cmark-gfm.build/Objects-normal/arm64/cmark_ctype.d --serialize-diagnostics /Users/runner/work/orbit/orbit/.kimi-probe/.dd-ios/Build/Intermediates.noindex/cmark-gfm.build/Debug-iphonesimulator/cmark-gfm.build/Objects-normal/arm64/cmark_ctype.dia -c /Users/runner/work/orbit/orbit/.kimi-probe/.dd-ios/SourcePackages/checkouts/swift-cmark/src/cmark_ctype.c -o /Users/runner/work/orbit/orbit/.kimi-probe/.dd-ios/Build/Intermediates.noindex/cmark-gfm.build/Debug-iphonesimulator/cmark-gfm.build/Objects-normal/arm64/cmark_ctype.o -index-unit-output-path /cmark-gfm.build/Debug-iphonesimulator/cmark-gfm.build/Objects-normal/arm64/cmark_ctype.o

ScanDependencies /Users/runner/work/orbit/orbit/.kimi-probe/.dd-ios/Build/Intermediates.noindex/cmark-gfm.build/Debug-iphonesimulator/cmark-gfm.build/Objects-normal/arm64/cmark.o /Users/runner/work/orbit/orbit/.kimi-probe/.dd-ios/SourcePackages/checkouts/swift-cmark/src/cmark.c normal arm64 c com.apple.compilers.llvm.clang.1_0.compiler (in target 'cmark-gfm' from project 'cmark-gfm')
    cd /Users/runner/work/orbit/orbit/.kimi-probe/KimiProbe.xcodeproj
    
    Using response file: /Users/runner/work/orbit/orbit/.kimi-probe/.dd-ios/Build/Intermediates.noindex/cmark-gfm.build/Debug-iphonesimulator/cmark-gfm.build/Objects-normal/arm64/7187679823f38a2a940e0043cdf9d637-common-args.resp
    
    builtin-ScanDependencies -o /Users/runner/work/orbit/orbit/.kimi-probe/.dd-ios/Build/Intermediates.noindex/cmark-gfm.build/Debug-iphonesimulator/cmark-gfm.build/Objects-normal/arm64/cmark.o.scan -- /Applications/Xcode_26.6.app/Contents/Developer/Toolchains/XcodeDefault.xctoolchain/usr/bin/clang -x c -ivfsstatcache /Users/runner/work/orbit/orbit/.kimi-probe/.dd-ios/SDKStatCaches.noindex/iphonesimulator26.5-23F81a-688ef53f1462e2c8f657fdc38a81448ff45c64a1807a658693f2a61704f17a36.sdkstatcache -target arm64-apple-ios12.0-simulator -fmessage-length\=0 -fdiagnostics-show-note-include-stack -fmacro-backtrace-limit\=0 -fno-color-diagnostics -fmodules-prune-interval\=86400 -fmodules-prune-after\=345600 -fbuild-session-file\=/Users/runner/work/orbit/orbit/.kimi-probe/.dd-ios/ModuleCache.noindex/Session.modulevalidation -fmodules-validate-once-per-build-session -Wnon-modular-include-in-framework-module -Werror\=non-modular-include-in-framework-module -Wno-trigraphs -Wno-missing-field-initializers -Wno-missing-prototypes -Wno-return-type -Wno-missing-braces -Wparentheses -Wswitch -Wno-unused-function -Wno-unused-label -Wno-unused-parameter -Wno-unused-variable -Wunused-value -Wno-empty-body -Wno-uninitialized -Wno-unknown-pragmas -w -Wno-shadow -Wno-four-char-constants -Wno-conversion -Wno-constant-conversion -Wno-int-conversion -Wno-bool-conversion -Wno-enum-conversion -Wno-float-conversion -Wno-non-literal-null-conversion -Wno-objc-literal-conversion -Wshorten-64-to-32 -Wpointer-sign -Wno-newline-eof -Wno-implicit-fallthrough -isysroot /Applications/Xcode_26.6.app/Contents/Developer/Platforms/iPhoneSimulator.platform/Developer/SDKs/iPhoneSimulator26.5.sdk -fstrict-aliasing -Wdeprecated-declarations -Wno-sign-conversion -Wno-infinite-recursion -Wno-comma -Wno-block-capture-autoreleasing -Wno-strict-prototypes -Wno-semicolon-before-method-body -index-store-path /Users/runner/work/orbit/orbit/.kimi-probe/.dd-ios/Index.noindex/DataStore @/Users/runner/work/orbit/orbit/.kimi-probe/.dd-ios/Build/Intermediates.noindex/cmark-gfm.build/Debug-iphonesimulator/cmark-gfm.build/Objects-normal/arm64/7187679823f38a2a940e0043cdf9d637-common-args.resp -MMD -MT dependencies -MF /Users/runner/work/orbit/orbit/.kimi-probe/.dd-ios/Build/Intermediates.noindex/cmark-gfm.build/Debug-iphonesimulator/cmark-gfm.build/Objects-normal/arm64/cmark.d --serialize-diagnostics /Users/runner/work/orbit/orbit/.kimi-probe/.dd-ios/Build/Intermediates.noindex/cmark-gfm.build/Debug-iphonesimulator/cmark-gfm.build/Objects-normal/arm64/cmark.dia -c /Users/runner/work/orbit/orbit/.kimi-probe/.dd-ios/SourcePackages/checkouts/swift-cmark/src/cmark.c -o /Users/runner/work/orbit/orbit/.kimi-probe/.dd-ios/Build/Intermediates.noindex/cmark-gfm.build/Debug-iphonesimulator/cmark-gfm.build/Objects-normal/arm64/cmark.o -index-unit-output-path /cmark-gfm.build/Debug-iphonesimulator/cmark-gfm.build/Objects-normal/arm64/cmark.o

ScanDependencies /Users/runner/work/orbit/orbit/.kimi-probe/.dd-ios/Build/Intermediates.noindex/cmark-gfm.build/Debug-iphonesimulator/cmark-gfm.build/Objects-normal/arm64/buffer.o /Users/runner/work/orbit/orbit/.kimi-probe/.dd-ios/SourcePackages/checkouts/swift-cmark/src/buffer.c normal arm64 c com.apple.compilers.llvm.clang.1_0.compiler (in target 'cmark-gfm' from project 'cmark-gfm')
    cd /Users/runner/work/orbit/orbit/.kimi-probe/KimiProbe.xcodeproj
    
    Using response file: /Users/runner/work/orbit/orbit/.kimi-probe/.dd-ios/Build/Intermediates.noindex/cmark-gfm.build/Debug-iphonesimulator/cmark-gfm.build/Objects-normal/arm64/7187679823f38a2a940e0043cdf9d637-common-args.resp
    
    builtin-ScanDependencies -o /Users/runner/work/orbit/orbit/.kimi-probe/.dd-ios/Build/Intermediates.noindex/cmark-gfm.build/Debug-iphonesimulator/cmark-gfm.build/Objects-normal/arm64/buffer.o.scan -- /Applications/Xcode_26.6.app/Contents/Developer/Toolchains/XcodeDefault.xctoolchain/usr/bin/clang -x c -ivfsstatcache /Users/runner/work/orbit/orbit/.kimi-probe/.dd-ios/SDKStatCaches.noindex/iphonesimulator26.5-23F81a-688ef53f1462e2c8f657fdc38a81448ff45c64a1807a658693f2a61704f17a36.sdkstatcache -target arm64-apple-ios12.0-simulator -fmessage-length\=0 -fdiagnostics-show-note-include-stack -fmacro-backtrace-limit\=0 -fno-color-diagnostics -fmodules-prune-interval\=86400 -fmodules-prune-after\=345600 -fbuild-session-file\=/Users/runner/work/orbit/orbit/.kimi-probe/.dd-ios/ModuleCache.noindex/Session.modulevalidation -fmodules-validate-once-per-build-session -Wnon-modular-include-in-framework-module -Werror\=non-modular-include-in-framework-module -Wno-trigraphs -Wno-missing-field-initializers -Wno-missing-prototypes -Wno-return-type -Wno-missing-braces -Wparentheses -Wswitch -Wno-unused-function -Wno-unused-label -Wno-unused-parameter -Wno-unused-variable -Wunused-value -Wno-empty-body -Wno-uninitialized -Wno-unknown-pragmas -w -Wno-shadow -Wno-four-char-constants -Wno-conversion -Wno-constant-conversion -Wno-int-conversion -Wno-bool-conversion -Wno-enum-conversion -Wno-float-conversion -Wno-non-literal-null-conversion -Wno-objc-literal-conversion -Wshorten-64-to-32 -Wpointer-sign -Wno-newline-eof -Wno-implicit-fallthrough -isysroot /Applications/Xcode_26.6.app/Contents/Developer/Platforms/iPhoneSimulator.platform/Developer/SDKs/iPhoneSimulator26.5.sdk -fstrict-aliasing -Wdeprecated-declarations -Wno-sign-conversion -Wno-infinite-recursion -Wno-comma -Wno-block-capture-autoreleasing -Wno-strict-prototypes -Wno-semicolon-before-method-body -index-store-path /Users/runner/work/orbit/orbit/.kimi-probe/.dd-ios/Index.noindex/DataStore @/Users/runner/work/orbit/orbit/.kimi-probe/.dd-ios/Build/Intermediates.noindex/cmark-gfm.build/Debug-iphonesimulator/cmark-gfm.build/Objects-normal/arm64/7187679823f38a2a940e0043cdf9d637-common-args.resp -MMD -MT dependencies -MF /Users/runner/work/orbit/orbit/.kimi-probe/.dd-ios/Build/Intermediates.noindex/cmark-gfm.build/Debug-iphonesimulator/cmark-gfm.build/Objects-normal/arm64/buffer.d --serialize-diagnostics /Users/runner/work/orbit/orbit/.kimi-probe/.dd-ios/Build/Intermediates.noindex/cmark-gfm.build/Debug-iphonesimulator/cmark-gfm.build/Objects-normal/arm64/buffer.dia -c /Users/runner/work/orbit/orbit/.kimi-probe/.dd-ios/SourcePackages/checkouts/swift-cmark/src/buffer.c -o /Users/runner/work/orbit/orbit/.kimi-probe/.dd-ios/Build/Intermediates.noindex/cmark-gfm.build/Debug-iphonesimulator/cmark-gfm.build/Objects-normal/arm64/buffer.o -index-unit-output-path /cmark-gfm.build/Debug-iphonesimulator/cmark-gfm.build/Objects-normal/arm64/buffer.o

ScanDependencies /Users/runner/work/orbit/orbit/.kimi-probe/.dd-ios/Build/Intermediates.noindex/cmark-gfm.build/Debug-iphonesimulator/cmark-gfm.build/Objects-normal/arm64/blocks.o /Users/runner/work/orbit/orbit/.kimi-probe/.dd-ios/SourcePackages/checkouts/swift-cmark/src/blocks.c normal arm64 c com.apple.compilers.llvm.clang.1_0.compiler (in target 'cmark-gfm' from project 'cmark-gfm')
    cd /Users/runner/work/orbit/orbit/.kimi-probe/KimiProbe.xcodeproj
    
    Using response file: /Users/runner/work/orbit/orbit/.kimi-probe/.dd-ios/Build/Intermediates.noindex/cmark-gfm.build/Debug-iphonesimulator/cmark-gfm.build/Objects-normal/arm64/7187679823f38a2a940e0043cdf9d637-common-args.resp
    
    builtin-ScanDependencies -o /Users/runner/work/orbit/orbit/.kimi-probe/.dd-ios/Build/Intermediates.noindex/cmark-gfm.build/Debug-iphonesimulator/cmark-gfm.build/Objects-normal/arm64/blocks.o.scan -- /Applications/Xcode_26.6.app/Contents/Developer/Toolchains/XcodeDefault.xctoolchain/usr/bin/clang -x c -ivfsstatcache /Users/runner/work/orbit/orbit/.kimi-probe/.dd-ios/SDKStatCaches.noindex/iphonesimulator26.5-23F81a-688ef53f1462e2c8f657fdc38a81448ff45c64a1807a658693f2a61704f17a36.sdkstatcache -target arm64-apple-ios12.0-simulator -fmessage-length\=0 -fdiagnostics-show-note-include-stack -fmacro-backtrace-limit\=0 -fno-color-diagnostics -fmodules-prune-interval\=86400 -fmodules-prune-after\=345600 -fbuild-session-file\=/Users/runner/work/orbit/orbit/.kimi-probe/.dd-ios/ModuleCache.noindex/Session.modulevalidation -fmodules-validate-once-per-build-session -Wnon-modular-include-in-framework-module -Werror\=non-modular-include-in-framework-module -Wno-trigraphs -Wno-missing-field-initializers -Wno-missing-prototypes -Wno-return-type -Wno-missing-braces -Wparentheses -Wswitch -Wno-unused-function -Wno-unused-label -Wno-unused-parameter -Wno-unused-variable -Wunused-value -Wno-empty-body -Wno-uninitialized -Wno-unknown-pragmas -w -Wno-shadow -Wno-four-char-constants -Wno-conversion -Wno-constant-conversion -Wno-int-conversion -Wno-bool-conversion -Wno-enum-conversion -Wno-float-conversion -Wno-non-literal-null-conversion -Wno-objc-literal-conversion -Wshorten-64-to-32 -Wpointer-sign -Wno-newline-eof -Wno-implicit-fallthrough -isysroot /Applications/Xcode_26.6.app/Contents/Developer/Platforms/iPhoneSimulator.platform/Developer/SDKs/iPhoneSimulator26.5.sdk -fstrict-aliasing -Wdeprecated-declarations -Wno-sign-conversion -Wno-infinite-recursion -Wno-comma -Wno-block-capture-autoreleasing -Wno-strict-prototypes -Wno-semicolon-before-method-body -index-store-path /Users/runner/work/orbit/orbit/.kimi-probe/.dd-ios/Index.noindex/DataStore @/Users/runner/work/orbit/orbit/.kimi-probe/.dd-ios/Build/Intermediates.noindex/cmark-gfm.build/Debug-iphonesimulator/cmark-gfm.build/Objects-normal/arm64/7187679823f38a2a940e0043cdf9d637-common-args.resp -MMD -MT dependencies -MF /Users/runner/work/orbit/orbit/.kimi-probe/.dd-ios/Build/Intermediates.noindex/cmark-gfm.build/Debug-iphonesimulator/cmark-gfm.build/Objects-normal/arm64/blocks.d --serialize-diagnostics /Users/runner/work/orbit/orbit/.kimi-probe/.dd-ios/Build/Intermediates.noindex/cmark-gfm.build/Debug-iphonesimulator/cmark-gfm.build/Objects-normal/arm64/blocks.dia -c /Users/runner/work/orbit/orbit/.kimi-probe/.dd-ios/SourcePackages/checkouts/swift-cmark/src/blocks.c -o /Users/runner/work/orbit/orbit/.kimi-probe/.dd-ios/Build/Intermediates.noindex/cmark-gfm.build/Debug-iphonesimulator/cmark-gfm.build/Objects-normal/arm64/blocks.o -index-unit-output-path /cmark-gfm.build/Debug-iphonesimulator/cmark-gfm.build/Objects-normal/arm64/blocks.o

CompileC /Users/runner/work/orbit/orbit/.kimi-probe/.dd-ios/Build/Intermediates.noindex/cmark-gfm.build/Debug-iphonesimulator/cmark-gfm.build/Objects-normal/arm64/buffer.o /Users/runner/work/orbit/orbit/.kimi-probe/.dd-ios/SourcePackages/checkouts/swift-cmark/src/buffer.c normal arm64 c com.apple.compilers.llvm.clang.1_0.compiler (in target 'cmark-gfm' from project 'cmark-gfm')
    cd /Users/runner/work/orbit/orbit/.kimi-probe/KimiProbe.xcodeproj
    
    Using response file: /Users/runner/work/orbit/orbit/.kimi-probe/.dd-ios/Build/Intermediates.noindex/cmark-gfm.build/Debug-iphonesimulator/cmark-gfm.build/Objects-normal/arm64/7187679823f38a2a940e0043cdf9d637-common-args.resp
    
    /Applications/Xcode_26.6.app/Contents/Developer/Toolchains/XcodeDefault.xctoolchain/usr/bin/clang -x c -ivfsstatcache /Users/runner/work/orbit/orbit/.kimi-probe/.dd-ios/SDKStatCaches.noindex/iphonesimulator26.5-23F81a-688ef53f1462e2c8f657fdc38a81448ff45c64a1807a658693f2a61704f17a36.sdkstatcache -target arm64-apple-ios12.0-simulator -fmessage-length\=0 -fdiagnostics-show-note-include-stack -fmacro-backtrace-limit\=0 -fno-color-diagnostics -fmodules-prune-interval\=86400 -fmodules-prune-after\=345600 -fbuild-session-file\=/Users/runner/work/orbit/orbit/.kimi-probe/.dd-ios/ModuleCache.noindex/Session.modulevalidation -fmodules-validate-once-per-build-session -Wnon-modular-include-in-framework-module -Werror\=non-modular-include-in-framework-module -Wno-trigraphs -Wno-missing-field-initializers -Wno-missing-prototypes -Wno-return-type -Wno-missing-braces -Wparentheses -Wswitch -Wno-unused-function -Wno-unused-label -Wno-unused-parameter -Wno-unused-variable -Wunused-value -Wno-empty-body -Wno-uninitialized -Wno-unknown-pragmas -w -Wno-shadow -Wno-four-char-constants -Wno-conversion -Wno-constant-conversion -Wno-int-conversion -Wno-bool-conversion -Wno-enum-conversion -Wno-float-conversion -Wno-non-literal-null-conversion -Wno-objc-literal-conversion -Wshorten-64-to-32 -Wpointer-sign -Wno-newline-eof -Wno-implicit-fallthrough -isysroot /Applications/Xcode_26.6.app/Contents/Developer/Platforms/iPhoneSimulator.platform/Developer/SDKs/iPhoneSimulator26.5.sdk -fstrict-aliasing -Wdeprecated-declarations -Wno-sign-conversion -Wno-infinite-recursion -Wno-comma -Wno-block-capture-autoreleasing -Wno-strict-prototypes -Wno-semicolon-before-method-body -index-store-path /Users/runner/work/orbit/orbit/.kimi-probe/.dd-ios/Index.noindex/DataStore @/Users/runner/work/orbit/orbit/.kimi-probe/.dd-ios/Build/Intermediates.noindex/cmark-gfm.build/Debug-iphonesimulator/cmark-gfm.build/Objects-normal/arm64/7187679823f38a2a940e0043cdf9d637-common-args.resp -MMD -MT dependencies -MF /Users/runner/work/orbit/orbit/.kimi-probe/.dd-ios/Build/Intermediates.noindex/cmark-gfm.build/Debug-iphonesimulator/cmark-gfm.build/Objects-normal/arm64/buffer.d --serialize-diagnostics /Users/runner/work/orbit/orbit/.kimi-probe/.dd-ios/Build/Intermediates.noindex/cmark-gfm.build/Debug-iphonesimulator/cmark-gfm.build/Objects-normal/arm64/buffer.dia -c /Users/runner/work/orbit/orbit/.kimi-probe/.dd-ios/SourcePackages/checkouts/swift-cmark/src/buffer.c -o /Users/runner/work/orbit/orbit/.kimi-probe/.dd-ios/Build/Intermediates.noindex/cmark-gfm.build/Debug-iphonesimulator/cmark-gfm.build/Objects-normal/arm64/buffer.o -index-unit-output-path /cmark-gfm.build/Debug-iphonesimulator/cmark-gfm.build/Objects-normal/arm64/buffer.o

CompileC /Users/runner/work/orbit/orbit/.kimi-probe/.dd-ios/Build/Intermediates.noindex/cmark-gfm.build/Debug-iphonesimulator/cmark-gfm.build/Objects-normal/arm64/cmark.o /Users/runner/work/orbit/orbit/.kimi-probe/.dd-ios/SourcePackages/checkouts/swift-cmark/src/cmark.c normal arm64 c com.apple.compilers.llvm.clang.1_0.compiler (in target 'cmark-gfm' from project 'cmark-gfm')
    cd /Users/runner/work/orbit/orbit/.kimi-probe/KimiProbe.xcodeproj
    
    Using response file: /Users/runner/work/orbit/orbit/.kimi-probe/.dd-ios/Build/Intermediates.noindex/cmark-gfm.build/Debug-iphonesimulator/cmark-gfm.build/Objects-normal/arm64/7187679823f38a2a940e0043cdf9d637-common-args.resp
    
    /Applications/Xcode_26.6.app/Contents/Developer/Toolchains/XcodeDefault.xctoolchain/usr/bin/clang -x c -ivfsstatcache /Users/runner/work/orbit/orbit/.kimi-probe/.dd-ios/SDKStatCaches.noindex/iphonesimulator26.5-23F81a-688ef53f1462e2c8f657fdc38a81448ff45c64a1807a658693f2a61704f17a36.sdkstatcache -target arm64-apple-ios12.0-simulator -fmessage-length\=0 -fdiagnostics-show-note-include-stack -fmacro-backtrace-limit\=0 -fno-color-diagnostics -fmodules-prune-interval\=86400 -fmodules-prune-after\=345600 -fbuild-session-file\=/Users/runner/work/orbit/orbit/.kimi-probe/.dd-ios/ModuleCache.noindex/Session.modulevalidation -fmodules-validate-once-per-build-session -Wnon-modular-include-in-framework-module -Werror\=non-modular-include-in-framework-module -Wno-trigraphs -Wno-missing-field-initializers -Wno-missing-prototypes -Wno-return-type -Wno-missing-braces -Wparentheses -Wswitch -Wno-unused-function -Wno-unused-label -Wno-unused-parameter -Wno-unused-variable -Wunused-value -Wno-empty-body -Wno-uninitialized -Wno-unknown-pragmas -w -Wno-shadow -Wno-four-char-constants -Wno-conversion -Wno-constant-conversion -Wno-int-conversion -Wno-bool-conversion -Wno-enum-conversion -Wno-float-conversion -Wno-non-literal-null-conversion -Wno-objc-literal-conversion -Wshorten-64-to-32 -Wpointer-sign -Wno-newline-eof -Wno-implicit-fallthrough -isysroot /Applications/Xcode_26.6.app/Contents/Developer/Platforms/iPhoneSimulator.platform/Developer/SDKs/iPhoneSimulator26.5.sdk -fstrict-aliasing -Wdeprecated-declarations -Wno-sign-conversion -Wno-infinite-recursion -Wno-comma -Wno-block-capture-autoreleasing -Wno-strict-prototypes -Wno-semicolon-before-method-body -index-store-path /Users/runner/work/orbit/orbit/.kimi-probe/.dd-ios/Index.noindex/DataStore @/Users/runner/work/orbit/orbit/.kimi-probe/.dd-ios/Build/Intermediates.noindex/cmark-gfm.build/Debug-iphonesimulator/cmark-gfm.build/Objects-normal/arm64/7187679823f38a2a940e0043cdf9d637-common-args.resp -MMD -MT dependencies -MF /Users/runner/work/orbit/orbit/.kimi-probe/.dd-ios/Build/Intermediates.noindex/cmark-gfm.build/Debug-iphonesimulator/cmark-gfm.build/Objects-normal/arm64/cmark.d --serialize-diagnostics /Users/runner/work/orbit/orbit/.kimi-probe/.dd-ios/Build/Intermediates.noindex/cmark-gfm.build/Debug-iphonesimulator/cmark-gfm.build/Objects-normal/arm64/cmark.dia -c /Users/runner/work/orbit/orbit/.kimi-probe/.dd-ios/SourcePackages/checkouts/swift-cmark/src/cmark.c -o /Users/runner/work/orbit/orbit/.kimi-probe/.dd-ios/Build/Intermediates.noindex/cmark-gfm.build/Debug-iphonesimulator/cmark-gfm.build/Objects-normal/arm64/cmark.o -index-unit-output-path /cmark-gfm.build/Debug-iphonesimulator/cmark-gfm.build/Objects-normal/arm64/cmark.o

CompileC /Users/runner/work/orbit/orbit/.kimi-probe/.dd-ios/Build/Intermediates.noindex/cmark-gfm.build/Debug-iphonesimulator/cmark-gfm.build/Objects-normal/arm64/blocks.o /Users/runner/work/orbit/orbit/.kimi-probe/.dd-ios/SourcePackages/checkouts/swift-cmark/src/blocks.c normal arm64 c com.apple.compilers.llvm.clang.1_0.compiler (in target 'cmark-gfm' from project 'cmark-gfm')
    cd /Users/runner/work/orbit/orbit/.kimi-probe/KimiProbe.xcodeproj
    
    Using response file: /Users/runner/work/orbit/orbit/.kimi-probe/.dd-ios/Build/Intermediates.noindex/cmark-gfm.build/Debug-iphonesimulator/cmark-gfm.build/Objects-normal/arm64/7187679823f38a2a940e0043cdf9d637-common-args.resp
    
    /Applications/Xcode_26.6.app/Contents/Developer/Toolchains/XcodeDefault.xctoolchain/usr/bin/clang -x c -ivfsstatcache /Users/runner/work/orbit/orbit/.kimi-probe/.dd-ios/SDKStatCaches.noindex/iphonesimulator26.5-23F81a-688ef53f1462e2c8f657fdc38a81448ff45c64a1807a658693f2a61704f17a36.sdkstatcache -target arm64-apple-ios12.0-simulator -fmessage-length\=0 -fdiagnostics-show-note-include-stack -fmacro-backtrace-limit\=0 -fno-color-diagnostics -fmodules-prune-interval\=86400 -fmodules-prune-after\=345600 -fbuild-session-file\=/Users/runner/work/orbit/orbit/.kimi-probe/.dd-ios/ModuleCache.noindex/Session.modulevalidation -fmodules-validate-once-per-build-session -Wnon-modular-include-in-framework-module -Werror\=non-modular-include-in-framework-module -Wno-trigraphs -Wno-missing-field-initializers -Wno-missing-prototypes -Wno-return-type -Wno-missing-braces -Wparentheses -Wswitch -Wno-unused-function -Wno-unused-label -Wno-unused-parameter -Wno-unused-variable -Wunused-value -Wno-empty-body -Wno-uninitialized -Wno-unknown-pragmas -w -Wno-shadow -Wno-four-char-constants -Wno-conversion -Wno-constant-conversion -Wno-int-conversion -Wno-bool-conversion -Wno-enum-conversion -Wno-float-conversion -Wno-non-literal-null-conversion -Wno-objc-literal-conversion -Wshorten-64-to-32 -Wpointer-sign -Wno-newline-eof -Wno-implicit-fallthrough -isysroot /Applications/Xcode_26.6.app/Contents/Developer/Platforms/iPhoneSimulator.platform/Developer/SDKs/iPhoneSimulator26.5.sdk -fstrict-aliasing -Wdeprecated-declarations -Wno-sign-conversion -Wno-infinite-recursion -Wno-comma -Wno-block-capture-autoreleasing -Wno-strict-prototypes -Wno-semicolon-before-method-body -index-store-path /Users/runner/work/orbit/orbit/.kimi-probe/.dd-ios/Index.noindex/DataStore @/Users/runner/work/orbit/orbit/.kimi-probe/.dd-ios/Build/Intermediates.noindex/cmark-gfm.build/Debug-iphonesimulator/cmark-gfm.build/Objects-normal/arm64/7187679823f38a2a940e0043cdf9d637-common-args.resp -MMD -MT dependencies -MF /Users/runner/work/orbit/orbit/.kimi-probe/.dd-ios/Build/Intermediates.noindex/cmark-gfm.build/Debug-iphonesimulator/cmark-gfm.build/Objects-normal/arm64/blocks.d --serialize-diagnostics /Users/runner/work/orbit/orbit/.kimi-probe/.dd-ios/Build/Intermediates.noindex/cmark-gfm.build/Debug-iphonesimulator/cmark-gfm.build/Objects-normal/arm64/blocks.dia -c /Users/runner/work/orbit/orbit/.kimi-probe/.dd-ios/SourcePackages/checkouts/swift-cmark/src/blocks.c -o /Users/runner/work/orbit/orbit/.kimi-probe/.dd-ios/Build/Intermediates.noindex/cmark-gfm.build/Debug-iphonesimulator/cmark-gfm.build/Objects-normal/arm64/blocks.o -index-unit-output-path /cmark-gfm.build/Debug-iphonesimulator/cmark-gfm.build/Objects-normal/arm64/blocks.o

ScanDependencies /Users/runner/work/orbit/orbit/.kimi-probe/.dd-ios/Build/Intermediates.noindex/cmark-gfm.build/Debug-iphonesimulator/cmark-gfm.build/Objects-normal/arm64/arena.o /Users/runner/work/orbit/orbit/.kimi-probe/.dd-ios/SourcePackages/checkouts/swift-cmark/src/arena.c normal arm64 c com.apple.compilers.llvm.clang.1_0.compiler (in target 'cmark-gfm' from project 'cmark-gfm')
    cd /Users/runner/work/orbit/orbit/.kimi-probe/KimiProbe.xcodeproj
    
    Using response file: /Users/runner/work/orbit/orbit/.kimi-probe/.dd-ios/Build/Intermediates.noindex/cmark-gfm.build/Debug-iphonesimulator/cmark-gfm.build/Objects-normal/arm64/7187679823f38a2a940e0043cdf9d637-common-args.resp
    
    builtin-ScanDependencies -o /Users/runner/work/orbit/orbit/.kimi-probe/.dd-ios/Build/Intermediates.noindex/cmark-gfm.build/Debug-iphonesimulator/cmark-gfm.build/Objects-normal/arm64/arena.o.scan -- /Applications/Xcode_26.6.app/Contents/Developer/Toolchains/XcodeDefault.xctoolchain/usr/bin/clang -x c -ivfsstatcache /Users/runner/work/orbit/orbit/.kimi-probe/.dd-ios/SDKStatCaches.noindex/iphonesimulator26.5-23F81a-688ef53f1462e2c8f657fdc38a81448ff45c64a1807a658693f2a61704f17a36.sdkstatcache -target arm64-apple-ios12.0-simulator -fmessage-length\=0 -fdiagnostics-show-note-include-stack -fmacro-backtrace-limit\=0 -fno-color-diagnostics -fmodules-prune-interval\=86400 -fmodules-prune-after\=345600 -fbuild-session-file\=/Users/runner/work/orbit/orbit/.kimi-probe/.dd-ios/ModuleCache.noindex/Session.modulevalidation -fmodules-validate-once-per-build-session -Wnon-modular-include-in-framework-module -Werror\=non-modular-include-in-framework-module -Wno-trigraphs -Wno-missing-field-initializers -Wno-missing-prototypes -Wno-return-type -Wno-missing-braces -Wparentheses -Wswitch -Wno-unused-function -Wno-unused-label -Wno-unused-parameter -Wno-unused-variable -Wunused-value -Wno-empty-body -Wno-uninitialized -Wno-unknown-pragmas -w -Wno-shadow -Wno-four-char-constants -Wno-conversion -Wno-constant-conversion -Wno-int-conversion -Wno-bool-conversion -Wno-enum-conversion -Wno-float-conversion -Wno-non-literal-null-conversion -Wno-objc-literal-conversion -Wshorten-64-to-32 -Wpointer-sign -Wno-newline-eof -Wno-implicit-fallthrough -isysroot /Applications/Xcode_26.6.app/Contents/Developer/Platforms/iPhoneSimulator.platform/Developer/SDKs/iPhoneSimulator26.5.sdk -fstrict-aliasing -Wdeprecated-declarations -Wno-sign-conversion -Wno-infinite-recursion -Wno-comma -Wno-block-capture-autoreleasing -Wno-strict-prototypes -Wno-semicolon-before-method-body -index-store-path /Users/runner/work/orbit/orbit/.kimi-probe/.dd-ios/Index.noindex/DataStore @/Users/runner/work/orbit/orbit/.kimi-probe/.dd-ios/Build/Intermediates.noindex/cmark-gfm.build/Debug-iphonesimulator/cmark-gfm.build/Objects-normal/arm64/7187679823f38a2a940e0043cdf9d637-common-args.resp -MMD -MT dependencies -MF /Users/runner/work/orbit/orbit/.kimi-probe/.dd-ios/Build/Intermediates.noindex/cmark-gfm.build/Debug-iphonesimulator/cmark-gfm.build/Objects-normal/arm64/arena.d --serialize-diagnostics /Users/runner/work/orbit/orbit/.kimi-probe/.dd-ios/Build/Intermediates.noindex/cmark-gfm.build/Debug-iphonesimulator/cmark-gfm.build/Objects-normal/arm64/arena.dia -c /Users/runner/work/orbit/orbit/.kimi-probe/.dd-ios/SourcePackages/checkouts/swift-cmark/src/arena.c -o /Users/runner/work/orbit/orbit/.kimi-probe/.dd-ios/Build/Intermediates.noindex/cmark-gfm.build/Debug-iphonesimulator/cmark-gfm.build/Objects-normal/arm64/arena.o -index-unit-output-path /cmark-gfm.build/Debug-iphonesimulator/cmark-gfm.build/Objects-normal/arm64/arena.o

ScanDependencies /Users/runner/work/orbit/orbit/.kimi-probe/.dd-ios/Build/Intermediates.noindex/swift-markdown.build/Debug-iphonesimulator/CAtomic.build/Objects-normal/arm64/CAtomic.o /Users/runner/work/orbit/orbit/.kimi-probe/.dd-ios/SourcePackages/checkouts/swift-markdown/Sources/CAtomic/CAtomic.c normal arm64 c com.apple.compilers.llvm.clang.1_0.compiler (in target 'CAtomic' from project 'swift-markdown')
    cd /Users/runner/work/orbit/orbit/.kimi-probe/KimiProbe.xcodeproj
    
    Using response file: /Users/runner/work/orbit/orbit/.kimi-probe/.dd-ios/Build/Intermediates.noindex/swift-markdown.build/Debug-iphonesimulator/CAtomic.build/Objects-normal/arm64/7187679823f38a2a940e0043cdf9d637-common-args.resp
    
    builtin-ScanDependencies -o /Users/runner/work/orbit/orbit/.kimi-probe/.dd-ios/Build/Intermediates.noindex/swift-markdown.build/Debug-iphonesimulator/CAtomic.build/Objects-normal/arm64/CAtomic.o.scan -- /Applications/Xcode_26.6.app/Contents/Developer/Toolchains/XcodeDefault.xctoolchain/usr/bin/clang -x c -ivfsstatcache /Users/runner/work/orbit/orbit/.kimi-probe/.dd-ios/SDKStatCaches.noindex/iphonesimulator26.5-23F81a-688ef53f1462e2c8f657fdc38a81448ff45c64a1807a658693f2a61704f17a36.sdkstatcache -target arm64-apple-ios12.0-simulator -fmessage-length\=0 -fdiagnostics-show-note-include-stack -fmacro-backtrace-limit\=0 -fno-color-diagnostics -fmodules-prune-interval\=86400 -fmodules-prune-after\=345600 -fbuild-session-file\=/Users/runner/work/orbit/orbit/.kimi-probe/.dd-ios/ModuleCache.noindex/Session.modulevalidation -fmodules-validate-once-per-build-session -Wnon-modular-include-in-framework-module -Werror\=non-modular-include-in-framework-module -Wno-trigraphs -Wno-missing-field-initializers -Wno-missing-prototypes -Wno-return-type -Wno-missing-braces -Wparentheses -Wswitch -Wno-unused-function -Wno-unused-label -Wno-unused-parameter -Wno-unused-variable -Wunused-value -Wno-empty-body -Wno-uninitialized -Wno-unknown-pragmas -w -Wno-shadow -Wno-four-char-constants -Wno-conversion -Wno-constant-conversion -Wno-int-conversion -Wno-bool-conversion -Wno-enum-conversion -Wno-float-conversion -Wno-non-literal-null-conversion -Wno-objc-literal-conversion -Wshorten-64-to-32 -Wpointer-sign -Wno-newline-eof -Wno-implicit-fallthrough -isysroot /Applications/Xcode_26.6.app/Contents/Developer/Platforms/iPhoneSimulator.platform/Developer/SDKs/iPhoneSimulator26.5.sdk -fstrict-aliasing -Wdeprecated-declarations -Wno-sign-conversion -Wno-infinite-recursion -Wno-comma -Wno-block-capture-autoreleasing -Wno-strict-prototypes -Wno-semicolon-before-method-body -index-store-path /Users/runner/work/orbit/orbit/.kimi-probe/.dd-ios/Index.noindex/DataStore @/Users/runner/work/orbit/orbit/.kimi-probe/.dd-ios/Build/Intermediates.noindex/swift-markdown.build/Debug-iphonesimulator/CAtomic.build/Objects-normal/arm64/7187679823f38a2a940e0043cdf9d637-common-args.resp -MMD -MT dependencies -MF /Users/runner/work/orbit/orbit/.kimi-probe/.dd-ios/Build/Intermediates.noindex/swift-markdown.build/Debug-iphonesimulator/CAtomic.build/Objects-normal/arm64/CAtomic.d --serialize-diagnostics /Users/runner/work/orbit/orbit/.kimi-probe/.dd-ios/Build/Intermediates.noindex/swift-markdown.build/Debug-iphonesimulator/CAtomic.build/Objects-normal/arm64/CAtomic.dia -c /Users/runner/work/orbit/orbit/.kimi-probe/.dd-ios/SourcePackages/checkouts/swift-markdown/Sources/CAtomic/CAtomic.c -o /Users/runner/work/orbit/orbit/.kimi-probe/.dd-ios/Build/Intermediates.noindex/swift-markdown.build/Debug-iphonesimulator/CAtomic.build/Objects-normal/arm64/CAtomic.o -index-unit-output-path /swift-markdown.build/Debug-iphonesimulator/CAtomic.build/Objects-normal/arm64/CAtomic.o

CompileC /Users/runner/work/orbit/orbit/.kimi-probe/.dd-ios/Build/Intermediates.noindex/cmark-gfm.build/Debug-iphonesimulator/cmark-gfm.build/Objects-normal/arm64/arena.o /Users/runner/work/orbit/orbit/.kimi-probe/.dd-ios/SourcePackages/checkouts/swift-cmark/src/arena.c normal arm64 c com.apple.compilers.llvm.clang.1_0.compiler (in target 'cmark-gfm' from project 'cmark-gfm')
    cd /Users/runner/work/orbit/orbit/.kimi-probe/KimiProbe.xcodeproj
    
    Using response file: /Users/runner/work/orbit/orbit/.kimi-probe/.dd-ios/Build/Intermediates.noindex/cmark-gfm.build/Debug-iphonesimulator/cmark-gfm.build/Objects-normal/arm64/7187679823f38a2a940e0043cdf9d637-common-args.resp
    
    /Applications/Xcode_26.6.app/Contents/Developer/Toolchains/XcodeDefault.xctoolchain/usr/bin/clang -x c -ivfsstatcache /Users/runner/work/orbit/orbit/.kimi-probe/.dd-ios/SDKStatCaches.noindex/iphonesimulator26.5-23F81a-688ef53f1462e2c8f657fdc38a81448ff45c64a1807a658693f2a61704f17a36.sdkstatcache -target arm64-apple-ios12.0-simulator -fmessage-length\=0 -fdiagnostics-show-note-include-stack -fmacro-backtrace-limit\=0 -fno-color-diagnostics -fmodules-prune-interval\=86400 -fmodules-prune-after\=345600 -fbuild-session-file\=/Users/runner/work/orbit/orbit/.kimi-probe/.dd-ios/ModuleCache.noindex/Session.modulevalidation -fmodules-validate-once-per-build-session -Wnon-modular-include-in-framework-module -Werror\=non-modular-include-in-framework-module -Wno-trigraphs -Wno-missing-field-initializers -Wno-missing-prototypes -Wno-return-type -Wno-missing-braces -Wparentheses -Wswitch -Wno-unused-function -Wno-unused-label -Wno-unused-parameter -Wno-unused-variable -Wunused-value -Wno-empty-body -Wno-uninitialized -Wno-unknown-pragmas -w -Wno-shadow -Wno-four-char-constants -Wno-conversion -Wno-constant-conversion -Wno-int-conversion -Wno-bool-conversion -Wno-enum-conversion -Wno-float-conversion -Wno-non-literal-null-conversion -Wno-objc-literal-conversion -Wshorten-64-to-32 -Wpointer-sign -Wno-newline-eof -Wno-implicit-fallthrough -isysroot /Applications/Xcode_26.6.app/Contents/Developer/Platforms/iPhoneSimulator.platform/Developer/SDKs/iPhoneSimulator26.5.sdk -fstrict-aliasing -Wdeprecated-declarations -Wno-sign-conversion -Wno-infinite-recursion -Wno-comma -Wno-block-capture-autoreleasing -Wno-strict-prototypes -Wno-semicolon-before-method-body -index-store-path /Users/runner/work/orbit/orbit/.kimi-probe/.dd-ios/Index.noindex/DataStore @/Users/runner/work/orbit/orbit/.kimi-probe/.dd-ios/Build/Intermediates.noindex/cmark-gfm.build/Debug-iphonesimulator/cmark-gfm.build/Objects-normal/arm64/7187679823f38a2a940e0043cdf9d637-common-args.resp -MMD -MT dependencies -MF /Users/runner/work/orbit/orbit/.kimi-probe/.dd-ios/Build/Intermediates.noindex/cmark-gfm.build/Debug-iphonesimulator/cmark-gfm.build/Objects-normal/arm64/arena.d --serialize-diagnostics /Users/runner/work/orbit/orbit/.kimi-probe/.dd-ios/Build/Intermediates.noindex/cmark-gfm.build/Debug-iphonesimulator/cmark-gfm.build/Objects-normal/arm64/arena.dia -c /Users/runner/work/orbit/orbit/.kimi-probe/.dd-ios/SourcePackages/checkouts/swift-cmark/src/arena.c -o /Users/runner/work/orbit/orbit/.kimi-probe/.dd-ios/Build/Intermediates.noindex/cmark-gfm.build/Debug-iphonesimulator/cmark-gfm.build/Objects-normal/arm64/arena.o -index-unit-output-path /cmark-gfm.build/Debug-iphonesimulator/cmark-gfm.build/Objects-normal/arm64/arena.o

SwiftExplicitDependencyGeneratePcm arm64 /Users/runner/work/orbit/orbit/.kimi-probe/.dd-ios/ModuleCache.noindex/ObjectiveC-347QU7JJQV2PIOVC4H178JOU1.pcm

CompileC /Users/runner/work/orbit/orbit/.kimi-probe/.dd-ios/Build/Intermediates.noindex/swift-markdown.build/Debug-iphonesimulator/CAtomic.build/Objects-normal/arm64/CAtomic.o /Users/runner/work/orbit/orbit/.kimi-probe/.dd-ios/SourcePackages/checkouts/swift-markdown/Sources/CAtomic/CAtomic.c normal arm64 c com.apple.compilers.llvm.clang.1_0.compiler (in target 'CAtomic' from project 'swift-markdown')
    cd /Users/runner/work/orbit/orbit/.kimi-probe/KimiProbe.xcodeproj
    
    Using response file: /Users/runner/work/orbit/orbit/.kimi-probe/.dd-ios/Build/Intermediates.noindex/swift-markdown.build/Debug-iphonesimulator/CAtomic.build/Objects-normal/arm64/7187679823f38a2a940e0043cdf9d637-common-args.resp
    
    /Applications/Xcode_26.6.app/Contents/Developer/Toolchains/XcodeDefault.xctoolchain/usr/bin/clang -x c -ivfsstatcache /Users/runner/work/orbit/orbit/.kimi-probe/.dd-ios/SDKStatCaches.noindex/iphonesimulator26.5-23F81a-688ef53f1462e2c8f657fdc38a81448ff45c64a1807a658693f2a61704f17a36.sdkstatcache -target arm64-apple-ios12.0-simulator -fmessage-length\=0 -fdiagnostics-show-note-include-stack -fmacro-backtrace-limit\=0 -fno-color-diagnostics -fmodules-prune-interval\=86400 -fmodules-prune-after\=345600 -fbuild-session-file\=/Users/runner/work/orbit/orbit/.kimi-probe/.dd-ios/ModuleCache.noindex/Session.modulevalidation -fmodules-validate-once-per-build-session -Wnon-modular-include-in-framework-module -Werror\=non-modular-include-in-framework-module -Wno-trigraphs -Wno-missing-field-initializers -Wno-missing-prototypes -Wno-return-type -Wno-missing-braces -Wparentheses -Wswitch -Wno-unused-function -Wno-unused-label -Wno-unused-parameter -Wno-unused-variable -Wunused-value -Wno-empty-body -Wno-uninitialized -Wno-unknown-pragmas -w -Wno-shadow -Wno-four-char-constants -Wno-conversion -Wno-constant-conversion -Wno-int-conversion -Wno-bool-conversion -Wno-enum-conversion -Wno-float-conversion -Wno-non-literal-null-conversion -Wno-objc-literal-conversion -Wshorten-64-to-32 -Wpointer-sign -Wno-newline-eof -Wno-implicit-fallthrough -isysroot /Applications/Xcode_26.6.app/Contents/Developer/Platforms/iPhoneSimulator.platform/Developer/SDKs/iPhoneSimulator26.5.sdk -fstrict-aliasing -Wdeprecated-declarations -Wno-sign-conversion -Wno-infinite-recursion -Wno-comma -Wno-block-capture-autoreleasing -Wno-strict-prototypes -Wno-semicolon-before-method-body -index-store-path /Users/runner/work/orbit/orbit/.kimi-probe/.dd-ios/Index.noindex/DataStore @/Users/runner/work/orbit/orbit/.kimi-probe/.dd-ios/Build/Intermediates.noindex/swift-markdown.build/Debug-iphonesimulator/CAtomic.build/Objects-normal/arm64/7187679823f38a2a940e0043cdf9d637-common-args.resp -MMD -MT dependencies -MF /Users/runner/work/orbit/orbit/.kimi-probe/.dd-ios/Build/Intermediates.noindex/swift-markdown.build/Debug-iphonesimulator/CAtomic.build/Objects-normal/arm64/CAtomic.d --serialize-diagnostics /Users/runner/work/orbit/orbit/.kimi-probe/.dd-ios/Build/Intermediates.noindex/swift-markdown.build/Debug-iphonesimulator/CAtomic.build/Objects-normal/arm64/CAtomic.dia -c /Users/runner/work/orbit/orbit/.kimi-probe/.dd-ios/SourcePackages/checkouts/swift-markdown/Sources/CAtomic/CAtomic.c -o /Users/runner/work/orbit/orbit/.kimi-probe/.dd-ios/Build/Intermediates.noindex/swift-markdown.build/Debug-iphonesimulator/CAtomic.build/Objects-normal/arm64/CAtomic.o -index-unit-output-path /swift-markdown.build/Debug-iphonesimulator/CAtomic.build/Objects-normal/arm64/CAtomic.o

Ld /Users/runner/work/orbit/orbit/.kimi-probe/.dd-ios/Build/Products/Debug-iphonesimulator/cmark-gfm.o normal (in target 'cmark-gfm' from project 'cmark-gfm')
    cd /Users/runner/work/orbit/orbit/.kimi-probe/.dd-ios/SourcePackages/checkouts/swift-cmark
    /Applications/Xcode_26.6.app/Contents/Developer/Toolchains/XcodeDefault.xctoolchain/usr/bin/clang -Xlinker -reproducible -target arm64-apple-ios12.0-simulator -r -isysroot /Applications/Xcode_26.6.app/Contents/Developer/Platforms/iPhoneSimulator.platform/Developer/SDKs/iPhoneSimulator26.5.sdk -O0 -w -F/Users/runner/work/orbit/orbit/.kimi-probe/.dd-ios/Build/Intermediates.noindex/EagerLinkingTBDs/Debug-iphonesimulator -F/Users/runner/work/orbit/orbit/.kimi-probe/.dd-ios/Build/Products/Debug-iphonesimulator -iframework /Applications/Xcode_26.6.app/Contents/Developer/Platforms/iPhoneSimulator.platform/Developer/Library/Frameworks -iframework /Applications/Xcode_26.6.app/Contents/Developer/Platforms/iPhoneSimulator.platform/Developer/SDKs/iPhoneSimulator26.5.sdk/Developer/Library/Frameworks -filelist /Users/runner/work/orbit/orbit/.kimi-probe/.dd-ios/Build/Intermediates.noindex/cmark-gfm.build/Debug-iphonesimulator/cmark-gfm.build/Objects-normal/arm64/cmark-gfm.LinkFileList -nostdlib -Xlinker -object_path_lto -Xlinker /Users/runner/work/orbit/orbit/.kimi-probe/.dd-ios/Build/Intermediates.noindex/cmark-gfm.build/Debug-iphonesimulator/cmark-gfm.build/Objects-normal/arm64/cmark-gfm_lto.o -Xlinker -no_deduplicate -Xlinker -objc_abi_version -Xlinker 2 -Xlinker -dependency_info -Xlinker /Users/runner/work/orbit/orbit/.kimi-probe/.dd-ios/Build/Intermediates.noindex/cmark-gfm.build/Debug-iphonesimulator/cmark-gfm.build/Objects-normal/arm64/cmark-gfm_dependency_info.dat -o /Users/runner/work/orbit/orbit/.kimi-probe/.dd-ios/Build/Products/Debug-iphonesimulator/cmark-gfm.o

Ld /Users/runner/work/orbit/orbit/.kimi-probe/.dd-ios/Build/Products/Debug-iphonesimulator/CAtomic.o normal (in target 'CAtomic' from project 'swift-markdown')
    cd /Users/runner/work/orbit/orbit/.kimi-probe/.dd-ios/SourcePackages/checkouts/swift-markdown
    /Applications/Xcode_26.6.app/Contents/Developer/Toolchains/XcodeDefault.xctoolchain/usr/bin/clang -Xlinker -reproducible -target arm64-apple-ios12.0-simulator -r -isysroot /Applications/Xcode_26.6.app/Contents/Developer/Platforms/iPhoneSimulator.platform/Developer/SDKs/iPhoneSimulator26.5.sdk -O0 -w -F/Users/runner/work/orbit/orbit/.kimi-probe/.dd-ios/Build/Intermediates.noindex/EagerLinkingTBDs/Debug-iphonesimulator -F/Users/runner/work/orbit/orbit/.kimi-probe/.dd-ios/Build/Products/Debug-iphonesimulator -iframework /Applications/Xcode_26.6.app/Contents/Developer/Platforms/iPhoneSimulator.platform/Developer/Library/Frameworks -iframework /Applications/Xcode_26.6.app/Contents/Developer/Platforms/iPhoneSimulator.platform/Developer/SDKs/iPhoneSimulator26.5.sdk/Developer/Library/Frameworks -filelist /Users/runner/work/orbit/orbit/.kimi-probe/.dd-ios/Build/Intermediates.noindex/swift-markdown.build/Debug-iphonesimulator/CAtomic.build/Objects-normal/arm64/CAtomic.LinkFileList -nostdlib -Xlinker -object_path_lto -Xlinker /Users/runner/work/orbit/orbit/.kimi-probe/.dd-ios/Build/Intermediates.noindex/swift-markdown.build/Debug-iphonesimulator/CAtomic.build/Objects-normal/arm64/CAtomic_lto.o -Xlinker -no_deduplicate -Xlinker -objc_abi_version -Xlinker 2 -Xlinker -dependency_info -Xlinker /Users/runner/work/orbit/orbit/.kimi-probe/.dd-ios/Build/Intermediates.noindex/swift-markdown.build/Debug-iphonesimulator/CAtomic.build/Objects-normal/arm64/CAtomic_dependency_info.dat -o /Users/runner/work/orbit/orbit/.kimi-probe/.dd-ios/Build/Products/Debug-iphonesimulator/CAtomic.o

SwiftExplicitDependencyGeneratePcm arm64 /Users/runner/work/orbit/orbit/.kimi-probe/.dd-ios/ModuleCache.noindex/os_object-90WZ419BV1E9JZW8CJMFARDNE.pcm

CodeSign /Users/runner/work/orbit/orbit/.kimi-probe/.dd-ios/Build/Products/Debug-iphonesimulator/cmark-gfm.o (in target 'cmark-gfm' from project 'cmark-gfm')
    cd /Users/runner/work/orbit/orbit/.kimi-probe/.dd-ios/SourcePackages/checkouts/swift-cmark
    
    Signing Identity:     "Sign to Run Locally"
    
    /usr/bin/codesign --force --sign - --timestamp\=none --generate-entitlement-der /Users/runner/work/orbit/orbit/.kimi-probe/.dd-ios/Build/Products/Debug-iphonesimulator/cmark-gfm.o

CodeSign /Users/runner/work/orbit/orbit/.kimi-probe/.dd-ios/Build/Products/Debug-iphonesimulator/CAtomic.o (in target 'CAtomic' from project 'swift-markdown')
    cd /Users/runner/work/orbit/orbit/.kimi-probe/.dd-ios/SourcePackages/checkouts/swift-markdown
    
    Signing Identity:     "Sign to Run Locally"
    
    /usr/bin/codesign --force --sign - --timestamp\=none --generate-entitlement-der /Users/runner/work/orbit/orbit/.kimi-probe/.dd-ios/Build/Products/Debug-iphonesimulator/CAtomic.o

RegisterExecutionPolicyException /Users/runner/work/orbit/orbit/.kimi-probe/.dd-ios/Build/Products/Debug-iphonesimulator/CAtomic.o (in target 'CAtomic' from project 'swift-markdown')
    cd /Users/runner/work/orbit/orbit/.kimi-probe/.dd-ios/SourcePackages/checkouts/swift-markdown
    builtin-RegisterExecutionPolicyException /Users/runner/work/orbit/orbit/.kimi-probe/.dd-ios/Build/Products/Debug-iphonesimulator/CAtomic.o

RegisterExecutionPolicyException /Users/runner/work/orbit/orbit/.kimi-probe/.dd-ios/Build/Products/Debug-iphonesimulator/cmark-gfm.o (in target 'cmark-gfm' from project 'cmark-gfm')
    cd /Users/runner/work/orbit/orbit/.kimi-probe/.dd-ios/SourcePackages/checkouts/swift-cmark
    builtin-RegisterExecutionPolicyException /Users/runner/work/orbit/orbit/.kimi-probe/.dd-ios/Build/Products/Debug-iphonesimulator/cmark-gfm.o

SwiftExplicitDependencyGeneratePcm arm64 /Users/runner/work/orbit/orbit/.kimi-probe/.dd-ios/ModuleCache.noindex/os_workgroup-3UP04FUF04W8Q99HDRY4S388Z.pcm

Ld /Users/runner/work/orbit/orbit/.kimi-probe/.dd-ios/Build/Products/Debug-iphonesimulator/cmark-gfm-extensions.o normal (in target 'cmark-gfm-extensions' from project 'cmark-gfm')
    cd /Users/runner/work/orbit/orbit/.kimi-probe/.dd-ios/SourcePackages/checkouts/swift-cmark
    /Applications/Xcode_26.6.app/Contents/Developer/Toolchains/XcodeDefault.xctoolchain/usr/bin/clang -Xlinker -reproducible -target arm64-apple-ios12.0-simulator -r -isysroot /Applications/Xcode_26.6.app/Contents/Developer/Platforms/iPhoneSimulator.platform/Developer/SDKs/iPhoneSimulator26.5.sdk -O0 -w -F/Users/runner/work/orbit/orbit/.kimi-probe/.dd-ios/Build/Intermediates.noindex/EagerLinkingTBDs/Debug-iphonesimulator -F/Users/runner/work/orbit/orbit/.kimi-probe/.dd-ios/Build/Products/Debug-iphonesimulator/PackageFrameworks -F/Users/runner/work/orbit/orbit/.kimi-probe/.dd-ios/Build/Products/Debug-iphonesimulator -iframework /Applications/Xcode_26.6.app/Contents/Developer/Platforms/iPhoneSimulator.platform/Developer/Library/Frameworks -iframework /Applications/Xcode_26.6.app/Contents/Developer/Platforms/iPhoneSimulator.platform/Developer/SDKs/iPhoneSimulator26.5.sdk/Developer/Library/Frameworks -filelist /Users/runner/work/orbit/orbit/.kimi-probe/.dd-ios/Build/Intermediates.noindex/cmark-gfm.build/Debug-iphonesimulator/cmark-gfm-extensions.build/Objects-normal/arm64/cmark-gfm-extensions.LinkFileList -nostdlib -Xlinker -object_path_lto -Xlinker /Users/runner/work/orbit/orbit/.kimi-probe/.dd-ios/Build/Intermediates.noindex/cmark-gfm.build/Debug-iphonesimulator/cmark-gfm-extensions.build/Objects-normal/arm64/cmark-gfm-extensions_lto.o -Xlinker -no_deduplicate -Xlinker -objc_abi_version -Xlinker 2 -Xlinker -dependency_info -Xlinker /Users/runner/work/orbit/orbit/.kimi-probe/.dd-ios/Build/Intermediates.noindex/cmark-gfm.build/Debug-iphonesimulator/cmark-gfm-extensions.build/Objects-normal/arm64/cmark-gfm-extensions_dependency_info.dat -o /Users/runner/work/orbit/orbit/.kimi-probe/.dd-ios/Build/Products/Debug-iphonesimulator/cmark-gfm-extensions.o

CodeSign /Users/runner/work/orbit/orbit/.kimi-probe/.dd-ios/Build/Products/Debug-iphonesimulator/cmark-gfm-extensions.o (in target 'cmark-gfm-extensions' from project 'cmark-gfm')
    cd /Users/runner/work/orbit/orbit/.kimi-probe/.dd-ios/SourcePackages/checkouts/swift-cmark
    
    Signing Identity:     "Sign to Run Locally"
    
    /usr/bin/codesign --force --sign - --timestamp\=none --generate-entitlement-der /Users/runner/work/orbit/orbit/.kimi-probe/.dd-ios/Build/Products/Debug-iphonesimulator/cmark-gfm-extensions.o

RegisterExecutionPolicyException /Users/runner/work/orbit/orbit/.kimi-probe/.dd-ios/Build/Products/Debug-iphonesimulator/cmark-gfm-extensions.o (in target 'cmark-gfm-extensions' from project 'cmark-gfm')
    cd /Users/runner/work/orbit/orbit/.kimi-probe/.dd-ios/SourcePackages/checkouts/swift-cmark
    builtin-RegisterExecutionPolicyException /Users/runner/work/orbit/orbit/.kimi-probe/.dd-ios/Build/Products/Debug-iphonesimulator/cmark-gfm-extensions.o

SwiftExplicitDependencyGeneratePcm arm64 /Users/runner/work/orbit/orbit/.kimi-probe/.dd-ios/ModuleCache.noindex/Dispatch-9TZJHVM2FWVY7GNGBF53U181G.pcm

SwiftExplicitDependencyGeneratePcm arm64 /Users/runner/work/orbit/orbit/.kimi-probe/.dd-ios/ModuleCache.noindex/CoreFoundation-1IUVLYB1GXZ330R89GOKUHM1N.pcm

SwiftExplicitDependencyGeneratePcm arm64 /Users/runner/work/orbit/orbit/.kimi-probe/.dd-ios/ModuleCache.noindex/XPC-BSVI0DQXH2CTZQEAV6YJLN3HI.pcm

SwiftExplicitDependencyGeneratePcm arm64 /Users/runner/work/orbit/orbit/.kimi-probe/.dd-ios/ModuleCache.noindex/CFNetwork-4BWBY5VE7PTQ81E6DWLX0YAWI.pcm

SwiftExplicitDependencyGeneratePcm arm64 /Users/runner/work/orbit/orbit/.kimi-probe/.dd-ios/ModuleCache.noindex/Security-DZQ2Q419RU64BLFO7GD5J269R.pcm

SwiftExplicitDependencyGeneratePcm arm64 /Users/runner/work/orbit/orbit/.kimi-probe/.dd-ios/ModuleCache.noindex/Foundation-8IOU69GBL3MCY5EN8LDAT8N3.pcm

SwiftEmitModule normal arm64 Emitting\ module\ for\ Markdown (in target 'Markdown' from project 'swift-markdown')

EmitSwiftModule normal arm64 (in target 'Markdown' from project 'swift-markdown')
    cd /Users/runner/work/orbit/orbit/.kimi-probe/KimiProbe.xcodeproj
    

SwiftCompile normal arm64 Compiling\ ThematicBreak.swift,\ Table.swift,\ TableBody.swift,\ TableCell.swift,\ TableCellContainer.swift,\ TableHead.swift,\ TableRow.swift,\ Replacement.swift,\ SourceLocation.swift,\ Emphasis.swift,\ Image.swift,\ InlineAttributes.swift,\ Link.swift,\ Strikethrough.swift,\ Strong.swift,\ CustomInline.swift,\ InlineCode.swift,\ InlineHTML.swift,\ LineBreak.swift,\ SoftBreak.swift,\ SymbolLink.swift,\ Text.swift,\ Aside.swift /Users/runner/work/orbit/orbit/.kimi-probe/.dd-ios/SourcePackages/checkouts/swift-markdown/Sources/Markdown/Block\ Nodes/Leaf\ Blocks/ThematicBreak.swift /Users/runner/work/orbit/orbit/.kimi-probe/.dd-ios/SourcePackages/checkouts/swift-markdown/Sources/Markdown/Block\ Nodes/Tables/Table.swift /Users/runner/work/orbit/orbit/.kimi-probe/.dd-ios/SourcePackages/checkouts/swift-markdown/Sources/Markdown/Block\ Nodes/Tables/TableBody.swift /Users/runner/work/orbit/orbit/.kimi-probe/.dd-ios/SourcePackages/checkouts/swift-markdown/Sources/Markdown/Block\ Nodes/Tables/TableCell.swift /Users/runner/work/orbit/orbit/.kimi-probe/.dd-ios/SourcePackages/checkouts/swift-markdown/Sources/Markdown/Block\ Nodes/Tables/TableCellContainer.swift /Users/runner/work/orbit/orbit/.kimi-probe/.dd-ios/SourcePackages/checkouts/swift-markdown/Sources/Markdown/Block\ Nodes/Tables/TableHead.swift /Users/runner/work/orbit/orbit/.kimi-probe/.dd-ios/SourcePackages/checkouts/swift-markdown/Sources/Markdown/Block\ Nodes/Tables/TableRow.swift /Users/runner/work/orbit/orbit/.kimi-probe/.dd-ios/SourcePackages/checkouts/swift-markdown/Sources/Markdown/Infrastructure/Replacement.swift /Users/runner/work/orbit/orbit/.kimi-probe/.dd-ios/SourcePackages/checkouts/swift-markdown/Sources/Markdown/Infrastructure/SourceLocation.swift /Users/runner/work/orbit/orbit/.kimi-probe/.dd-ios/SourcePackages/checkouts/swift-markdown/Sources/Markdown/Inline\ Nodes/Inline\ Containers/Emphasis.swift /Users/runner/work/orbit/orbit/.kimi-probe/.dd-ios/SourcePackages/checkouts/swift-markdown/Sources/Markdown/Inline\ Nodes/Inline\ Containers/Image.swift /Users/runner/work/orbit/orbit/.kimi-probe/.dd-ios/SourcePackages/checkouts/swift-markdown/Sources/Markdown/Inline\ Nodes/Inline\ Containers/InlineAttributes.swift /Users/runner/work/orbit/orbit/.kimi-probe/.dd-ios/SourcePackages/checkouts/swift-markdown/Sources/Markdown/Inline\ Nodes/Inline\ Containers/Link.swift /Users/runner/work/orbit/orbit/.kimi-probe/.dd-ios/SourcePackages/checkouts/swift-markdown/Sources/Markdown/Inline\ Nodes/Inline\ Containers/Strikethrough.swift /Users/runner/work/orbit/orbit/.kimi-probe/.dd-ios/SourcePackages/checkouts/swift-markdown/Sources/Markdown/Inline\ Nodes/Inline\ Containers/Strong.swift /Users/runner/work/orbit/orbit/.kimi-probe/.dd-ios/SourcePackages/checkouts/swift-markdown/Sources/Markdown/Inline\ Nodes/Inline\ Leaves/CustomInline.swift /Users/runner/work/orbit/orbit/.kimi-probe/.dd-ios/SourcePackages/checkouts/swift-markdown/Sources/Markdown/Inline\ Nodes/Inline\ Leaves/InlineCode.swift /Users/runner/work/orbit/orbit/.kimi-probe/.dd-ios/SourcePackages/checkouts/swift-markdown/Sources/Markdown/Inline\ Nodes/Inline\ Leaves/InlineHTML.swift /Users/runner/work/orbit/orbit/.kimi-probe/.dd-ios/SourcePackages/checkouts/swift-markdown/Sources/Markdown/Inline\ Nodes/Inline\ Leaves/LineBreak.swift /Users/runner/work/orbit/orbit/.kimi-probe/.dd-ios/SourcePackages/checkouts/swift-markdown/Sources/Markdown/Inline\ Nodes/Inline\ Leaves/SoftBreak.swift /Users/runner/work/orbit/orbit/.kimi-probe/.dd-ios/SourcePackages/checkouts/swift-markdown/Sources/Markdown/Inline\ Nodes/Inline\ Leaves/SymbolLink.swift /Users/runner/work/orbit/orbit/.kimi-probe/.dd-ios/SourcePackages/checkouts/swift-markdown/Sources/Markdown/Inline\ Nodes/Inline\ Leaves/Text.swift /Users/runner/work/orbit/orbit/.kimi-probe/.dd-ios/SourcePackages/checkouts/swift-markdown/Sources/Markdown/Interpretive\ Nodes/Aside.swift (in target 'Markdown' from project 'swift-markdown')
SwiftCompile normal arm64 /Users/runner/work/orbit/orbit/.kimi-probe/.dd-ios/SourcePackages/checkouts/swift-markdown/Sources/Markdown/Block\ Nodes/Leaf\ Blocks/ThematicBreak.swift (in target 'Markdown' from project 'swift-markdown')
    cd /Users/runner/work/orbit/orbit/.kimi-probe/KimiProbe.xcodeproj
    

SwiftCompile normal arm64 /Users/runner/work/orbit/orbit/.kimi-probe/.dd-ios/SourcePackages/checkouts/swift-markdown/Sources/Markdown/Block\ Nodes/Tables/Table.swift (in target 'Markdown' from project 'swift-markdown')
    cd /Users/runner/work/orbit/orbit/.kimi-probe/KimiProbe.xcodeproj
    

SwiftCompile normal arm64 /Users/runner/work/orbit/orbit/.kimi-probe/.dd-ios/SourcePackages/checkouts/swift-markdown/Sources/Markdown/Block\ Nodes/Tables/TableBody.swift (in target 'Markdown' from project 'swift-markdown')
    cd /Users/runner/work/orbit/orbit/.kimi-probe/KimiProbe.xcodeproj
    

SwiftCompile normal arm64 /Users/runner/work/orbit/orbit/.kimi-probe/.dd-ios/SourcePackages/checkouts/swift-markdown/Sources/Markdown/Block\ Nodes/Tables/TableCell.swift (in target 'Markdown' from project 'swift-markdown')
    cd /Users/runner/work/orbit/orbit/.kimi-probe/KimiProbe.xcodeproj
    

SwiftCompile normal arm64 /Users/runner/work/orbit/orbit/.kimi-probe/.dd-ios/SourcePackages/checkouts/swift-markdown/Sources/Markdown/Block\ Nodes/Tables/TableCellContainer.swift (in target 'Markdown' from project 'swift-markdown')
    cd /Users/runner/work/orbit/orbit/.kimi-probe/KimiProbe.xcodeproj
    

SwiftCompile normal arm64 /Users/runner/work/orbit/orbit/.kimi-probe/.dd-ios/SourcePackages/checkouts/swift-markdown/Sources/Markdown/Block\ Nodes/Tables/TableHead.swift (in target 'Markdown' from project 'swift-markdown')
    cd /Users/runner/work/orbit/orbit/.kimi-probe/KimiProbe.xcodeproj
    

SwiftCompile normal arm64 /Users/runner/work/orbit/orbit/.kimi-probe/.dd-ios/SourcePackages/checkouts/swift-markdown/Sources/Markdown/Block\ Nodes/Tables/TableRow.swift (in target 'Markdown' from project 'swift-markdown')
    cd /Users/runner/work/orbit/orbit/.kimi-probe/KimiProbe.xcodeproj
    

SwiftCompile normal arm64 /Users/runner/work/orbit/orbit/.kimi-probe/.dd-ios/SourcePackages/checkouts/swift-markdown/Sources/Markdown/Infrastructure/Replacement.swift (in target 'Markdown' from project 'swift-markdown')
    cd /Users/runner/work/orbit/orbit/.kimi-probe/KimiProbe.xcodeproj
    

SwiftCompile normal arm64 /Users/runner/work/orbit/orbit/.kimi-probe/.dd-ios/SourcePackages/checkouts/swift-markdown/Sources/Markdown/Infrastructure/SourceLocation.swift (in target 'Markdown' from project 'swift-markdown')
    cd /Users/runner/work/orbit/orbit/.kimi-probe/KimiProbe.xcodeproj
    

SwiftCompile normal arm64 /Users/runner/work/orbit/orbit/.kimi-probe/.dd-ios/SourcePackages/checkouts/swift-markdown/Sources/Markdown/Inline\ Nodes/Inline\ Containers/Emphasis.swift (in target 'Markdown' from project 'swift-markdown')
    cd /Users/runner/work/orbit/orbit/.kimi-probe/KimiProbe.xcodeproj
    

SwiftCompile normal arm64 /Users/runner/work/orbit/orbit/.kimi-probe/.dd-ios/SourcePackages/checkouts/swift-markdown/Sources/Markdown/Inline\ Nodes/Inline\ Containers/Image.swift (in target 'Markdown' from project 'swift-markdown')
    cd /Users/runner/work/orbit/orbit/.kimi-probe/KimiProbe.xcodeproj
    

SwiftCompile normal arm64 /Users/runner/work/orbit/orbit/.kimi-probe/.dd-ios/SourcePackages/checkouts/swift-markdown/Sources/Markdown/Inline\ Nodes/Inline\ Containers/InlineAttributes.swift (in target 'Markdown' from project 'swift-markdown')
    cd /Users/runner/work/orbit/orbit/.kimi-probe/KimiProbe.xcodeproj
    

SwiftCompile normal arm64 /Users/runner/work/orbit/orbit/.kimi-probe/.dd-ios/SourcePackages/checkouts/swift-markdown/Sources/Markdown/Inline\ Nodes/Inline\ Containers/Link.swift (in target 'Markdown' from project 'swift-markdown')
    cd /Users/runner/work/orbit/orbit/.kimi-probe/KimiProbe.xcodeproj
    

SwiftCompile normal arm64 /Users/runner/work/orbit/orbit/.kimi-probe/.dd-ios/SourcePackages/checkouts/swift-markdown/Sources/Markdown/Inline\ Nodes/Inline\ Containers/Strikethrough.swift (in target 'Markdown' from project 'swift-markdown')
    cd /Users/runner/work/orbit/orbit/.kimi-probe/KimiProbe.xcodeproj
    

SwiftCompile normal arm64 /Users/runner/work/orbit/orbit/.kimi-probe/.dd-ios/SourcePackages/checkouts/swift-markdown/Sources/Markdown/Inline\ Nodes/Inline\ Containers/Strong.swift (in target 'Markdown' from project 'swift-markdown')
    cd /Users/runner/work/orbit/orbit/.kimi-probe/KimiProbe.xcodeproj
    

SwiftCompile normal arm64 /Users/runner/work/orbit/orbit/.kimi-probe/.dd-ios/SourcePackages/checkouts/swift-markdown/Sources/Markdown/Inline\ Nodes/Inline\ Leaves/CustomInline.swift (in target 'Markdown' from project 'swift-markdown')
    cd /Users/runner/work/orbit/orbit/.kimi-probe/KimiProbe.xcodeproj
    

SwiftCompile normal arm64 /Users/runner/work/orbit/orbit/.kimi-probe/.dd-ios/SourcePackages/checkouts/swift-markdown/Sources/Markdown/Inline\ Nodes/Inline\ Leaves/InlineCode.swift (in target 'Markdown' from project 'swift-markdown')
    cd /Users/runner/work/orbit/orbit/.kimi-probe/KimiProbe.xcodeproj
    

SwiftCompile normal arm64 /Users/runner/work/orbit/orbit/.kimi-probe/.dd-ios/SourcePackages/checkouts/swift-markdown/Sources/Markdown/Inline\ Nodes/Inline\ Leaves/InlineHTML.swift (in target 'Markdown' from project 'swift-markdown')
    cd /Users/runner/work/orbit/orbit/.kimi-probe/KimiProbe.xcodeproj
    

SwiftCompile normal arm64 /Users/runner/work/orbit/orbit/.kimi-probe/.dd-ios/SourcePackages/checkouts/swift-markdown/Sources/Markdown/Inline\ Nodes/Inline\ Leaves/LineBreak.swift (in target 'Markdown' from project 'swift-markdown')
    cd /Users/runner/work/orbit/orbit/.kimi-probe/KimiProbe.xcodeproj
    

SwiftCompile normal arm64 /Users/runner/work/orbit/orbit/.kimi-probe/.dd-ios/SourcePackages/checkouts/swift-markdown/Sources/Markdown/Inline\ Nodes/Inline\ Leaves/SoftBreak.swift (in target 'Markdown' from project 'swift-markdown')
    cd /Users/runner/work/orbit/orbit/.kimi-probe/KimiProbe.xcodeproj
    

SwiftCompile normal arm64 /Users/runner/work/orbit/orbit/.kimi-probe/.dd-ios/SourcePackages/checkouts/swift-markdown/Sources/Markdown/Inline\ Nodes/Inline\ Leaves/SymbolLink.swift (in target 'Markdown' from project 'swift-markdown')
    cd /Users/runner/work/orbit/orbit/.kimi-probe/KimiProbe.xcodeproj
    

SwiftCompile normal arm64 /Users/runner/work/orbit/orbit/.kimi-probe/.dd-ios/SourcePackages/checkouts/swift-markdown/Sources/Markdown/Inline\ Nodes/Inline\ Leaves/Text.swift (in target 'Markdown' from project 'swift-markdown')
    cd /Users/runner/work/orbit/orbit/.kimi-probe/KimiProbe.xcodeproj
    

SwiftCompile normal arm64 /Users/runner/work/orbit/orbit/.kimi-probe/.dd-ios/SourcePackages/checkouts/swift-markdown/Sources/Markdown/Interpretive\ Nodes/Aside.swift (in target 'Markdown' from project 'swift-markdown')
    cd /Users/runner/work/orbit/orbit/.kimi-probe/KimiProbe.xcodeproj
    

SwiftCompile normal arm64 Compiling\ ChildIndexPath.swift,\ DirectiveArgument.swift,\ Document.swift,\ LiteralMarkup.swift,\ Markup.swift,\ MarkupChildren.swift,\ MarkupData.swift,\ PlainTextConvertibleMarkup.swift,\ RawMarkup.swift,\ BlockDirective.swift,\ BlockQuote.swift,\ CustomBlock.swift,\ DoxygenAbstract.swift,\ DoxygenDiscussion.swift,\ DoxygenNote.swift,\ DoxygenParameter.swift,\ DoxygenReturns.swift,\ ListItem.swift,\ OrderedList.swift,\ UnorderedList.swift,\ Paragraph.swift,\ CodeBlock.swift,\ HTMLBlock.swift,\ Heading.swift /Users/runner/work/orbit/orbit/.kimi-probe/.dd-ios/SourcePackages/checkouts/swift-markdown/Sources/Markdown/Base/ChildIndexPath.swift /Users/runner/work/orbit/orbit/.kimi-probe/.dd-ios/SourcePackages/checkouts/swift-markdown/Sources/Markdown/Base/DirectiveArgument.swift /Users/runner/work/orbit/orbit/.kimi-probe/.dd-ios/SourcePackages/checkouts/swift-markdown/Sources/Markdown/Base/Document.swift /Users/runner/work/orbit/orbit/.kimi-probe/.dd-ios/SourcePackages/checkouts/swift-markdown/Sources/Markdown/Base/LiteralMarkup.swift /Users/runner/work/orbit/orbit/.kimi-probe/.dd-ios/SourcePackages/checkouts/swift-markdown/Sources/Markdown/Base/Markup.swift /Users/runner/work/orbit/orbit/.kimi-probe/.dd-ios/SourcePackages/checkouts/swift-markdown/Sources/Markdown/Base/MarkupChildren.swift /Users/runner/work/orbit/orbit/.kimi-probe/.dd-ios/SourcePackages/checkouts/swift-markdown/Sources/Markdown/Base/MarkupData.swift /Users/runner/work/orbit/orbit/.kimi-probe/.dd-ios/SourcePackages/checkouts/swift-markdown/Sources/Markdown/Base/PlainTextConvertibleMarkup.swift /Users/runner/work/orbit/orbit/.kimi-probe/.dd-ios/SourcePackages/checkouts/swift-markdown/Sources/Markdown/Base/RawMarkup.swift /Users/runner/work/orbit/orbit/.kimi-probe/.dd-ios/SourcePackages/checkouts/swift-markdown/Sources/Markdown/Block\ Nodes/Block\ Container\ Blocks/BlockDirective.swift /Users/runner/work/orbit/orbit/.kimi-probe/.dd-ios/SourcePackages/checkouts/swift-markdown/Sources/Markdown/Block\ Nodes/Block\ Container\ Blocks/BlockQuote.swift /Users/runner/work/orbit/orbit/.kimi-probe/.dd-ios/SourcePackages/checkouts/swift-markdown/Sources/Markdown/Block\ Nodes/Block\ Container\ Blocks/CustomBlock.swift /Users/runner/work/orbit/orbit/.kimi-probe/.dd-ios/SourcePackages/checkouts/swift-markdown/Sources/Markdown/Block\ Nodes/Block\ Container\ Blocks/Doxygen\ Commands/DoxygenAbstract.swift /Users/runner/work/orbit/orbit/.kimi-probe/.dd-ios/SourcePackages/checkouts/swift-markdown/Sources/Markdown/Block\ Nodes/Block\ Container\ Blocks/Doxygen\ Commands/DoxygenDiscussion.swift /Users/runner/work/orbit/orbit/.kimi-probe/.dd-ios/SourcePackages/checkouts/swift-markdown/Sources/Markdown/Block\ Nodes/Block\ Container\ Blocks/Doxygen\ Commands/DoxygenNote.swift /Users/runner/work/orbit/orbit/.kimi-probe/.dd-ios/SourcePackages/checkouts/swift-markdown/Sources/Markdown/Block\ Nodes/Block\ Container\ Blocks/Doxygen\ Commands/DoxygenParameter.swift /Users/runner/work/orbit/orbit/.kimi-probe/.dd-ios/SourcePackages/checkouts/swift-markdown/Sources/Markdown/Block\ Nodes/Block\ Container\ Blocks/Doxygen\ Commands/DoxygenReturns.swift /Users/runner/work/orbit/orbit/.kimi-probe/.dd-ios/SourcePackages/checkouts/swift-markdown/Sources/Markdown/Block\ Nodes/Block\ Container\ Blocks/ListItem.swift /Users/runner/work/orbit/orbit/.kimi-probe/.dd-ios/SourcePackages/checkouts/swift-markdown/Sources/Markdown/Block\ Nodes/Block\ Container\ Blocks/OrderedList.swift /Users/runner/work/orbit/orbit/.kimi-probe/.dd-ios/SourcePackages/checkouts/swift-markdown/Sources/Markdown/Block\ Nodes/Block\ Container\ Blocks/UnorderedList.swift /Users/runner/work/orbit/orbit/.kimi-probe/.dd-ios/SourcePackages/checkouts/swift-markdown/Sources/Markdown/Block\ Nodes/Inline\ Container\ Blocks/Paragraph.swift /Users/runner/work/orbit/orbit/.kimi-probe/.dd-ios/SourcePackages/checkouts/swift-markdown/Sources/Markdown/Block\ Nodes/Leaf\ Blocks/CodeBlock.swift /Users/runner/work/orbit/orbit/.kimi-probe/.dd-ios/SourcePackages/checkouts/swift-markdown/Sources/Markdown/Block\ Nodes/Leaf\ Blocks/HTMLBlock.swift /Users/runner/work/orbit/orbit/.kimi-probe/.dd-ios/SourcePackages/checkouts/swift-markdown/Sources/Markdown/Block\ Nodes/Leaf\ Blocks/Heading.swift (in target 'Markdown' from project 'swift-markdown')
SwiftCompile normal arm64 /Users/runner/work/orbit/orbit/.kimi-probe/.dd-ios/SourcePackages/checkouts/swift-markdown/Sources/Markdown/Base/ChildIndexPath.swift (in target 'Markdown' from project 'swift-markdown')
    cd /Users/runner/work/orbit/orbit/.kimi-probe/KimiProbe.xcodeproj
    

SwiftCompile normal arm64 /Users/runner/work/orbit/orbit/.kimi-probe/.dd-ios/SourcePackages/checkouts/swift-markdown/Sources/Markdown/Base/DirectiveArgument.swift (in target 'Markdown' from project 'swift-markdown')
    cd /Users/runner/work/orbit/orbit/.kimi-probe/KimiProbe.xcodeproj
    

SwiftCompile normal arm64 /Users/runner/work/orbit/orbit/.kimi-probe/.dd-ios/SourcePackages/checkouts/swift-markdown/Sources/Markdown/Base/Document.swift (in target 'Markdown' from project 'swift-markdown')
    cd /Users/runner/work/orbit/orbit/.kimi-probe/KimiProbe.xcodeproj
    

SwiftCompile normal arm64 /Users/runner/work/orbit/orbit/.kimi-probe/.dd-ios/SourcePackages/checkouts/swift-markdown/Sources/Markdown/Base/LiteralMarkup.swift (in target 'Markdown' from project 'swift-markdown')
    cd /Users/runner/work/orbit/orbit/.kimi-probe/KimiProbe.xcodeproj
    

SwiftCompile normal arm64 /Users/runner/work/orbit/orbit/.kimi-probe/.dd-ios/SourcePackages/checkouts/swift-markdown/Sources/Markdown/Base/Markup.swift (in target 'Markdown' from project 'swift-markdown')
    cd /Users/runner/work/orbit/orbit/.kimi-probe/KimiProbe.xcodeproj
    

SwiftCompile normal arm64 /Users/runner/work/orbit/orbit/.kimi-probe/.dd-ios/SourcePackages/checkouts/swift-markdown/Sources/Markdown/Base/MarkupChildren.swift (in target 'Markdown' from project 'swift-markdown')
    cd /Users/runner/work/orbit/orbit/.kimi-probe/KimiProbe.xcodeproj
    

SwiftCompile normal arm64 /Users/runner/work/orbit/orbit/.kimi-probe/.dd-ios/SourcePackages/checkouts/swift-markdown/Sources/Markdown/Base/MarkupData.swift (in target 'Markdown' from project 'swift-markdown')
    cd /Users/runner/work/orbit/orbit/.kimi-probe/KimiProbe.xcodeproj
    

SwiftCompile normal arm64 /Users/runner/work/orbit/orbit/.kimi-probe/.dd-ios/SourcePackages/checkouts/swift-markdown/Sources/Markdown/Base/PlainTextConvertibleMarkup.swift (in target 'Markdown' from project 'swift-markdown')
    cd /Users/runner/work/orbit/orbit/.kimi-probe/KimiProbe.xcodeproj
    

SwiftCompile normal arm64 /Users/runner/work/orbit/orbit/.kimi-probe/.dd-ios/SourcePackages/checkouts/swift-markdown/Sources/Markdown/Base/RawMarkup.swift (in target 'Markdown' from project 'swift-markdown')
    cd /Users/runner/work/orbit/orbit/.kimi-probe/KimiProbe.xcodeproj
    

SwiftCompile normal arm64 /Users/runner/work/orbit/orbit/.kimi-probe/.dd-ios/SourcePackages/checkouts/swift-markdown/Sources/Markdown/Block\ Nodes/Block\ Container\ Blocks/BlockDirective.swift (in target 'Markdown' from project 'swift-markdown')
    cd /Users/runner/work/orbit/orbit/.kimi-probe/KimiProbe.xcodeproj
    

SwiftCompile normal arm64 /Users/runner/work/orbit/orbit/.kimi-probe/.dd-ios/SourcePackages/checkouts/swift-markdown/Sources/Markdown/Block\ Nodes/Block\ Container\ Blocks/BlockQuote.swift (in target 'Markdown' from project 'swift-markdown')
    cd /Users/runner/work/orbit/orbit/.kimi-probe/KimiProbe.xcodeproj
    

SwiftCompile normal arm64 /Users/runner/work/orbit/orbit/.kimi-probe/.dd-ios/SourcePackages/checkouts/swift-markdown/Sources/Markdown/Block\ Nodes/Block\ Container\ Blocks/CustomBlock.swift (in target 'Markdown' from project 'swift-markdown')
    cd /Users/runner/work/orbit/orbit/.kimi-probe/KimiProbe.xcodeproj
    

SwiftCompile normal arm64 /Users/runner/work/orbit/orbit/.kimi-probe/.dd-ios/SourcePackages/checkouts/swift-markdown/Sources/Markdown/Block\ Nodes/Block\ Container\ Blocks/Doxygen\ Commands/DoxygenAbstract.swift (in target 'Markdown' from project 'swift-markdown')
    cd /Users/runner/work/orbit/orbit/.kimi-probe/KimiProbe.xcodeproj
    

SwiftCompile normal arm64 /Users/runner/work/orbit/orbit/.kimi-probe/.dd-ios/SourcePackages/checkouts/swift-markdown/Sources/Markdown/Block\ Nodes/Block\ Container\ Blocks/Doxygen\ Commands/DoxygenDiscussion.swift (in target 'Markdown' from project 'swift-markdown')
    cd /Users/runner/work/orbit/orbit/.kimi-probe/KimiProbe.xcodeproj
    

SwiftCompile normal arm64 /Users/runner/work/orbit/orbit/.kimi-probe/.dd-ios/SourcePackages/checkouts/swift-markdown/Sources/Markdown/Block\ Nodes/Block\ Container\ Blocks/Doxygen\ Commands/DoxygenNote.swift (in target 'Markdown' from project 'swift-markdown')
    cd /Users/runner/work/orbit/orbit/.kimi-probe/KimiProbe.xcodeproj
    

SwiftCompile normal arm64 /Users/runner/work/orbit/orbit/.kimi-probe/.dd-ios/SourcePackages/checkouts/swift-markdown/Sources/Markdown/Block\ Nodes/Block\ Container\ Blocks/Doxygen\ Commands/DoxygenParameter.swift (in target 'Markdown' from project 'swift-markdown')
    cd /Users/runner/work/orbit/orbit/.kimi-probe/KimiProbe.xcodeproj
    

SwiftCompile normal arm64 /Users/runner/work/orbit/orbit/.kimi-probe/.dd-ios/SourcePackages/checkouts/swift-markdown/Sources/Markdown/Block\ Nodes/Block\ Container\ Blocks/Doxygen\ Commands/DoxygenReturns.swift (in target 'Markdown' from project 'swift-markdown')
    cd /Users/runner/work/orbit/orbit/.kimi-probe/KimiProbe.xcodeproj
    

SwiftCompile normal arm64 /Users/runner/work/orbit/orbit/.kimi-probe/.dd-ios/SourcePackages/checkouts/swift-markdown/Sources/Markdown/Block\ Nodes/Block\ Container\ Blocks/ListItem.swift (in target 'Markdown' from project 'swift-markdown')
    cd /Users/runner/work/orbit/orbit/.kimi-probe/KimiProbe.xcodeproj
    

SwiftCompile normal arm64 /Users/runner/work/orbit/orbit/.kimi-probe/.dd-ios/SourcePackages/checkouts/swift-markdown/Sources/Markdown/Block\ Nodes/Block\ Container\ Blocks/OrderedList.swift (in target 'Markdown' from project 'swift-markdown')
    cd /Users/runner/work/orbit/orbit/.kimi-probe/KimiProbe.xcodeproj
    

SwiftCompile normal arm64 /Users/runner/work/orbit/orbit/.kimi-probe/.dd-ios/SourcePackages/checkouts/swift-markdown/Sources/Markdown/Block\ Nodes/Block\ Container\ Blocks/UnorderedList.swift (in target 'Markdown' from project 'swift-markdown')
    cd /Users/runner/work/orbit/orbit/.kimi-probe/KimiProbe.xcodeproj
    

SwiftCompile normal arm64 /Users/runner/work/orbit/orbit/.kimi-probe/.dd-ios/SourcePackages/checkouts/swift-markdown/Sources/Markdown/Block\ Nodes/Inline\ Container\ Blocks/Paragraph.swift (in target 'Markdown' from project 'swift-markdown')
    cd /Users/runner/work/orbit/orbit/.kimi-probe/KimiProbe.xcodeproj
    

SwiftCompile normal arm64 /Users/runner/work/orbit/orbit/.kimi-probe/.dd-ios/SourcePackages/checkouts/swift-markdown/Sources/Markdown/Block\ Nodes/Leaf\ Blocks/CodeBlock.swift (in target 'Markdown' from project 'swift-markdown')
    cd /Users/runner/work/orbit/orbit/.kimi-probe/KimiProbe.xcodeproj
    

SwiftCompile normal arm64 /Users/runner/work/orbit/orbit/.kimi-probe/.dd-ios/SourcePackages/checkouts/swift-markdown/Sources/Markdown/Block\ Nodes/Leaf\ Blocks/HTMLBlock.swift (in target 'Markdown' from project 'swift-markdown')
    cd /Users/runner/work/orbit/orbit/.kimi-probe/KimiProbe.xcodeproj
    

SwiftCompile normal arm64 /Users/runner/work/orbit/orbit/.kimi-probe/.dd-ios/SourcePackages/checkouts/swift-markdown/Sources/Markdown/Block\ Nodes/Leaf\ Blocks/Heading.swift (in target 'Markdown' from project 'swift-markdown')
    cd /Users/runner/work/orbit/orbit/.kimi-probe/KimiProbe.xcodeproj
    

SwiftCompile normal arm64 Compiling\ BlockDirectiveParser.swift,\ CommonMarkConverter.swift,\ LazySplitLines.swift,\ ParseOptions.swift,\ RangeAdjuster.swift,\ RangerTracker.swift,\ MarkupRewriter.swift,\ BasicBlockContainer.swift,\ BasicInlineContainer.swift,\ BlockContainer.swift,\ BlockMarkup.swift,\ InlineContainer.swift,\ InlineMarkup.swift,\ ListItemContainer.swift,\ AtomicCounter.swift,\ CharacterExtensions.swift,\ CollectionExtensions.swift,\ StringExtensions.swift,\ MarkupVisitor.swift,\ MarkupWalker.swift,\ HTMLFormatter.swift,\ MarkupFormatter.swift,\ MarkupTreeDumper.swift /Users/runner/work/orbit/orbit/.kimi-probe/.dd-ios/SourcePackages/checkouts/swift-markdown/Sources/Markdown/Parser/BlockDirectiveParser.swift /Users/runner/work/orbit/orbit/.kimi-probe/.dd-ios/SourcePackages/checkouts/swift-markdown/Sources/Markdown/Parser/CommonMarkConverter.swift /Users/runner/work/orbit/orbit/.kimi-probe/.dd-ios/SourcePackages/checkouts/swift-markdown/Sources/Markdown/Parser/LazySplitLines.swift /Users/runner/work/orbit/orbit/.kimi-probe/.dd-ios/SourcePackages/checkouts/swift-markdown/Sources/Markdown/Parser/ParseOptions.swift /Users/runner/work/orbit/orbit/.kimi-probe/.dd-ios/SourcePackages/checkouts/swift-markdown/Sources/Markdown/Parser/RangeAdjuster.swift /Users/runner/work/orbit/orbit/.kimi-probe/.dd-ios/SourcePackages/checkouts/swift-markdown/Sources/Markdown/Parser/RangerTracker.swift /Users/runner/work/orbit/orbit/.kimi-probe/.dd-ios/SourcePackages/checkouts/swift-markdown/Sources/Markdown/Rewriter/MarkupRewriter.swift /Users/runner/work/orbit/orbit/.kimi-probe/.dd-ios/SourcePackages/checkouts/swift-markdown/Sources/Markdown/Structural\ Restrictions/BasicBlockContainer.swift /Users/runner/work/orbit/orbit/.kimi-probe/.dd-ios/SourcePackages/checkouts/swift-markdown/Sources/Markdown/Structural\ Restrictions/BasicInlineContainer.swift /Users/runner/work/orbit/orbit/.kimi-probe/.dd-ios/SourcePackages/checkouts/swift-markdown/Sources/Markdown/Structural\ Restrictions/BlockContainer.swift /Users/runner/work/orbit/orbit/.kimi-probe/.dd-ios/SourcePackages/checkouts/swift-markdown/Sources/Markdown/Structural\ Restrictions/BlockMarkup.swift /Users/runner/work/orbit/orbit/.kimi-probe/.dd-ios/SourcePackages/checkouts/swift-markdown/Sources/Markdown/Structural\ Restrictions/InlineContainer.swift /Users/runner/work/orbit/orbit/.kimi-probe/.dd-ios/SourcePackages/checkouts/swift-markdown/Sources/Markdown/Structural\ Restrictions/InlineMarkup.swift /Users/runner/work/orbit/orbit/.kimi-probe/.dd-ios/SourcePackages/checkouts/swift-markdown/Sources/Markdown/Structural\ Restrictions/ListItemContainer.swift /Users/runner/work/orbit/orbit/.kimi-probe/.dd-ios/SourcePackages/checkouts/swift-markdown/Sources/Markdown/Utility/AtomicCounter.swift /Users/runner/work/orbit/orbit/.kimi-probe/.dd-ios/SourcePackages/checkouts/swift-markdown/Sources/Markdown/Utility/CharacterExtensions.swift /Users/runner/work/orbit/orbit/.kimi-probe/.dd-ios/SourcePackages/checkouts/swift-markdown/Sources/Markdown/Utility/CollectionExtensions.swift /Users/runner/work/orbit/orbit/.kimi-probe/.dd-ios/SourcePackages/checkouts/swift-markdown/Sources/Markdown/Utility/StringExtensions.swift /Users/runner/work/orbit/orbit/.kimi-probe/.dd-ios/SourcePackages/checkouts/swift-markdown/Sources/Markdown/Visitor/MarkupVisitor.swift /Users/runner/work/orbit/orbit/.kimi-probe/.dd-ios/SourcePackages/checkouts/swift-markdown/Sources/Markdown/Walker/MarkupWalker.swift /Users/runner/work/orbit/orbit/.kimi-probe/.dd-ios/SourcePackages/checkouts/swift-markdown/Sources/Markdown/Walker/Walkers/HTMLFormatter.swift /Users/runner/work/orbit/orbit/.kimi-probe/.dd-ios/SourcePackages/checkouts/swift-markdown/Sources/Markdown/Walker/Walkers/MarkupFormatter.swift /Users/runner/work/orbit/orbit/.kimi-probe/.dd-ios/SourcePackages/checkouts/swift-markdown/Sources/Markdown/Walker/Walkers/MarkupTreeDumper.swift (in target 'Markdown' from project 'swift-markdown')
SwiftCompile normal arm64 /Users/runner/work/orbit/orbit/.kimi-probe/.dd-ios/SourcePackages/checkouts/swift-markdown/Sources/Markdown/Parser/BlockDirectiveParser.swift (in target 'Markdown' from project 'swift-markdown')
    cd /Users/runner/work/orbit/orbit/.kimi-probe/KimiProbe.xcodeproj
    

SwiftCompile normal arm64 /Users/runner/work/orbit/orbit/.kimi-probe/.dd-ios/SourcePackages/checkouts/swift-markdown/Sources/Markdown/Parser/CommonMarkConverter.swift (in target 'Markdown' from project 'swift-markdown')
    cd /Users/runner/work/orbit/orbit/.kimi-probe/KimiProbe.xcodeproj
    

SwiftCompile normal arm64 /Users/runner/work/orbit/orbit/.kimi-probe/.dd-ios/SourcePackages/checkouts/swift-markdown/Sources/Markdown/Parser/LazySplitLines.swift (in target 'Markdown' from project 'swift-markdown')
    cd /Users/runner/work/orbit/orbit/.kimi-probe/KimiProbe.xcodeproj
    

SwiftCompile normal arm64 /Users/runner/work/orbit/orbit/.kimi-probe/.dd-ios/SourcePackages/checkouts/swift-markdown/Sources/Markdown/Parser/ParseOptions.swift (in target 'Markdown' from project 'swift-markdown')
    cd /Users/runner/work/orbit/orbit/.kimi-probe/KimiProbe.xcodeproj
    

SwiftCompile normal arm64 /Users/runner/work/orbit/orbit/.kimi-probe/.dd-ios/SourcePackages/checkouts/swift-markdown/Sources/Markdown/Parser/RangeAdjuster.swift (in target 'Markdown' from project 'swift-markdown')
    cd /Users/runner/work/orbit/orbit/.kimi-probe/KimiProbe.xcodeproj
    

SwiftCompile normal arm64 /Users/runner/work/orbit/orbit/.kimi-probe/.dd-ios/SourcePackages/checkouts/swift-markdown/Sources/Markdown/Parser/RangerTracker.swift (in target 'Markdown' from project 'swift-markdown')
    cd /Users/runner/work/orbit/orbit/.kimi-probe/KimiProbe.xcodeproj
    

SwiftCompile normal arm64 /Users/runner/work/orbit/orbit/.kimi-probe/.dd-ios/SourcePackages/checkouts/swift-markdown/Sources/Markdown/Rewriter/MarkupRewriter.swift (in target 'Markdown' from project 'swift-markdown')
    cd /Users/runner/work/orbit/orbit/.kimi-probe/KimiProbe.xcodeproj
    

SwiftCompile normal arm64 /Users/runner/work/orbit/orbit/.kimi-probe/.dd-ios/SourcePackages/checkouts/swift-markdown/Sources/Markdown/Structural\ Restrictions/BasicBlockContainer.swift (in target 'Markdown' from project 'swift-markdown')
    cd /Users/runner/work/orbit/orbit/.kimi-probe/KimiProbe.xcodeproj
    

SwiftCompile normal arm64 /Users/runner/work/orbit/orbit/.kimi-probe/.dd-ios/SourcePackages/checkouts/swift-markdown/Sources/Markdown/Structural\ Restrictions/BasicInlineContainer.swift (in target 'Markdown' from project 'swift-markdown')
    cd /Users/runner/work/orbit/orbit/.kimi-probe/KimiProbe.xcodeproj
    

SwiftCompile normal arm64 /Users/runner/work/orbit/orbit/.kimi-probe/.dd-ios/SourcePackages/checkouts/swift-markdown/Sources/Markdown/Structural\ Restrictions/BlockContainer.swift (in target 'Markdown' from project 'swift-markdown')
    cd /Users/runner/work/orbit/orbit/.kimi-probe/KimiProbe.xcodeproj
    

SwiftCompile normal arm64 /Users/runner/work/orbit/orbit/.kimi-probe/.dd-ios/SourcePackages/checkouts/swift-markdown/Sources/Markdown/Structural\ Restrictions/BlockMarkup.swift (in target 'Markdown' from project 'swift-markdown')
    cd /Users/runner/work/orbit/orbit/.kimi-probe/KimiProbe.xcodeproj
    

SwiftCompile normal arm64 /Users/runner/work/orbit/orbit/.kimi-probe/.dd-ios/SourcePackages/checkouts/swift-markdown/Sources/Markdown/Structural\ Restrictions/InlineContainer.swift (in target 'Markdown' from project 'swift-markdown')
    cd /Users/runner/work/orbit/orbit/.kimi-probe/KimiProbe.xcodeproj
    

SwiftCompile normal arm64 /Users/runner/work/orbit/orbit/.kimi-probe/.dd-ios/SourcePackages/checkouts/swift-markdown/Sources/Markdown/Structural\ Restrictions/InlineMarkup.swift (in target 'Markdown' from project 'swift-markdown')
    cd /Users/runner/work/orbit/orbit/.kimi-probe/KimiProbe.xcodeproj
    

SwiftCompile normal arm64 /Users/runner/work/orbit/orbit/.kimi-probe/.dd-ios/SourcePackages/checkouts/swift-markdown/Sources/Markdown/Structural\ Restrictions/ListItemContainer.swift (in target 'Markdown' from project 'swift-markdown')
    cd /Users/runner/work/orbit/orbit/.kimi-probe/KimiProbe.xcodeproj
    

SwiftCompile normal arm64 /Users/runner/work/orbit/orbit/.kimi-probe/.dd-ios/SourcePackages/checkouts/swift-markdown/Sources/Markdown/Utility/AtomicCounter.swift (in target 'Markdown' from project 'swift-markdown')
    cd /Users/runner/work/orbit/orbit/.kimi-probe/KimiProbe.xcodeproj
    

SwiftCompile normal arm64 /Users/runner/work/orbit/orbit/.kimi-probe/.dd-ios/SourcePackages/checkouts/swift-markdown/Sources/Markdown/Utility/CharacterExtensions.swift (in target 'Markdown' from project 'swift-markdown')
    cd /Users/runner/work/orbit/orbit/.kimi-probe/KimiProbe.xcodeproj
    

SwiftCompile normal arm64 /Users/runner/work/orbit/orbit/.kimi-probe/.dd-ios/SourcePackages/checkouts/swift-markdown/Sources/Markdown/Utility/CollectionExtensions.swift (in target 'Markdown' from project 'swift-markdown')
    cd /Users/runner/work/orbit/orbit/.kimi-probe/KimiProbe.xcodeproj
    

SwiftCompile normal arm64 /Users/runner/work/orbit/orbit/.kimi-probe/.dd-ios/SourcePackages/checkouts/swift-markdown/Sources/Markdown/Utility/StringExtensions.swift (in target 'Markdown' from project 'swift-markdown')
    cd /Users/runner/work/orbit/orbit/.kimi-probe/KimiProbe.xcodeproj
    

SwiftCompile normal arm64 /Users/runner/work/orbit/orbit/.kimi-probe/.dd-ios/SourcePackages/checkouts/swift-markdown/Sources/Markdown/Visitor/MarkupVisitor.swift (in target 'Markdown' from project 'swift-markdown')
    cd /Users/runner/work/orbit/orbit/.kimi-probe/KimiProbe.xcodeproj
    

SwiftCompile normal arm64 /Users/runner/work/orbit/orbit/.kimi-probe/.dd-ios/SourcePackages/checkouts/swift-markdown/Sources/Markdown/Walker/MarkupWalker.swift (in target 'Markdown' from project 'swift-markdown')
    cd /Users/runner/work/orbit/orbit/.kimi-probe/KimiProbe.xcodeproj
    

SwiftCompile normal arm64 /Users/runner/work/orbit/orbit/.kimi-probe/.dd-ios/SourcePackages/checkouts/swift-markdown/Sources/Markdown/Walker/Walkers/HTMLFormatter.swift (in target 'Markdown' from project 'swift-markdown')
    cd /Users/runner/work/orbit/orbit/.kimi-probe/KimiProbe.xcodeproj
    

SwiftCompile normal arm64 /Users/runner/work/orbit/orbit/.kimi-probe/.dd-ios/SourcePackages/checkouts/swift-markdown/Sources/Markdown/Walker/Walkers/MarkupFormatter.swift (in target 'Markdown' from project 'swift-markdown')
    cd /Users/runner/work/orbit/orbit/.kimi-probe/KimiProbe.xcodeproj
    

SwiftCompile normal arm64 /Users/runner/work/orbit/orbit/.kimi-probe/.dd-ios/SourcePackages/checkouts/swift-markdown/Sources/Markdown/Walker/Walkers/MarkupTreeDumper.swift (in target 'Markdown' from project 'swift-markdown')
    cd /Users/runner/work/orbit/orbit/.kimi-probe/KimiProbe.xcodeproj
    

SwiftDriverJobDiscovery normal arm64 Emitting module for Markdown (in target 'Markdown' from project 'swift-markdown')

SwiftDriver\ Compilation\ Requirements Markdown normal arm64 com.apple.xcode.tools.swift.compiler (in target 'Markdown' from project 'swift-markdown')
    cd /Users/runner/work/orbit/orbit/.kimi-probe/KimiProbe.xcodeproj
    builtin-Swift-Compilation-Requirements -- /Applications/Xcode_26.6.app/Contents/Developer/Toolchains/XcodeDefault.xctoolchain/usr/bin/swiftc -module-name Markdown -Onone @/Users/runner/work/orbit/orbit/.kimi-probe/.dd-ios/Build/Intermediates.noindex/swift-markdown.build/Debug-iphonesimulator/Markdown.build/Objects-normal/arm64/Markdown.SwiftFileList -DSWIFT_PACKAGE -DDEBUG -DSWIFT_MODULE_RESOURCE_BUNDLE_UNAVAILABLE -DXcode -plugin-path /Applications/Xcode_26.6.app/Contents/Developer/Toolchains/XcodeDefault.xctoolchain/usr/lib/swift/host/plugins/testing -enable-experimental-feature DebugDescriptionMacro -sdk /Applications/Xcode_26.6.app/Contents/Developer/Platforms/iPhoneSimulator.platform/Developer/SDKs/iPhoneSimulator26.5.sdk -target arm64-apple-ios12.0-simulator -g -module-cache-path /Users/runner/work/orbit/orbit/.kimi-probe/.dd-ios/ModuleCache.noindex -Xfrontend -serialize-debugging-options -enable-testing -suppress-warnings -index-store-path /Users/runner/work/orbit/orbit/.kimi-probe/.dd-ios/Index.noindex/DataStore -Xcc -D_LIBCPP_HARDENING_MODE\=_LIBCPP_HARDENING_MODE_DEBUG -swift-version 5 -I /Users/runner/work/orbit/orbit/.kimi-probe/.dd-ios/Build/Products/Debug-iphonesimulator -Isystem /Applications/Xcode_26.6.app/Contents/Developer/Platforms/iPhoneSimulator.platform/Developer/usr/lib -F /Users/runner/work/orbit/orbit/.kimi-probe/.dd-ios/Build/Products/Debug-iphonesimulator/PackageFrameworks -F /Users/runner/work/orbit/orbit/.kimi-probe/.dd-ios/Build/Products/Debug-iphonesimulator/PackageFrameworks -F /Users/runner/work/orbit/orbit/.kimi-probe/.dd-ios/Build/Products/Debug-iphonesimulator/PackageFrameworks -F /Users/runner/work/orbit/orbit/.kimi-probe/.dd-ios/Build/Products/Debug-iphonesimulator -F /Applications/Xcode_26.6.app/Contents/Developer/Platforms/iPhoneSimulator.platform/Developer/Library/Frameworks -F /Applications/Xcode_26.6.app/Contents/Developer/Platforms/iPhoneSimulator.platform/Developer/SDKs/iPhoneSimulator26.5.sdk/Developer/Library/Frameworks -c -j3 -enable-batch-mode -incremental -Xcc -ivfsstatcache -Xcc /Users/runner/work/orbit/orbit/.kimi-probe/.dd-ios/SDKStatCaches.noindex/iphonesimulator26.5-23F81a-688ef53f1462e2c8f657fdc38a81448ff45c64a1807a658693f2a61704f17a36.sdkstatcache -output-file-map /Users/runner/work/orbit/orbit/.kimi-probe/.dd-ios/Build/Intermediates.noindex/swift-markdown.build/Debug-iphonesimulator/Markdown.build/Objects-normal/arm64/Markdown-OutputFileMap.json -use-frontend-parseable-output -save-temps -no-color-diagnostics -explicit-module-build -module-cache-path /Users/runner/work/orbit/orbit/.kimi-probe/.dd-ios/Build/Intermediates.noindex/SwiftExplicitPrecompiledModules -clang-scanner-module-cache-path /Users/runner/work/orbit/orbit/.kimi-probe/.dd-ios/ModuleCache.noindex -sdk-module-cache-path /Users/runner/work/orbit/orbit/.kimi-probe/.dd-ios/ModuleCache.noindex -serialize-diagnostics -emit-dependencies -emit-module -emit-module-path /Users/runner/work/orbit/orbit/.kimi-probe/.dd-ios/Build/Intermediates.noindex/swift-markdown.build/Debug-iphonesimulator/Markdown.build/Objects-normal/arm64/Markdown.swiftmodule -user-module-version 0.9.0 -validate-clang-modules-once -clang-build-session-file /Users/runner/work/orbit/orbit/.kimi-probe/.dd-ios/ModuleCache.noindex/Session.modulevalidation -package-name swift_markdown -Xcc -I/Users/runner/work/orbit/orbit/.kimi-probe/.dd-ios/Build/Intermediates.noindex/swift-markdown.build/Debug-iphonesimulator/Markdown.build/swift-overrides.hmap -emit-const-values -Xfrontend -const-gather-protocols-file -Xfrontend /Users/runner/work/orbit/orbit/.kimi-probe/.dd-ios/Build/Intermediates.noindex/swift-markdown.build/Debug-iphonesimulator/Markdown.build/Objects-normal/arm64/Markdown_const_extract_protocols.json -Xcc -I/Users/runner/work/orbit/orbit/.kimi-probe/.dd-ios/SourcePackages/checkouts/swift-cmark/src/include -Xcc -I/Users/runner/work/orbit/orbit/.kimi-probe/.dd-ios/SourcePackages/checkouts/swift-cmark/extensions/include -Xcc -I/Users/runner/work/orbit/orbit/.kimi-probe/.dd-ios/SourcePackages/checkouts/swift-markdown/Sources/CAtomic/include -Xcc -I/Users/runner/work/orbit/orbit/.kimi-probe/.dd-ios/Build/Products/Debug-iphonesimulator/include -Xcc -I/Users/runner/work/orbit/orbit/.kimi-probe/.dd-ios/Build/Intermediates.noindex/swift-markdown.build/Debug-iphonesimulator/Markdown.build/DerivedSources-normal/arm64 -Xcc -I/Users/runner/work/orbit/orbit/.kimi-probe/.dd-ios/Build/Intermediates.noindex/swift-markdown.build/Debug-iphonesimulator/Markdown.build/DerivedSources/arm64 -Xcc -I/Users/runner/work/orbit/orbit/.kimi-probe/.dd-ios/Build/Intermediates.noindex/swift-markdown.build/Debug-iphonesimulator/Markdown.build/DerivedSources -Xcc -DSWIFT_PACKAGE -Xcc -DDEBUG\=1 -emit-objc-header -emit-objc-header-path /Users/runner/work/orbit/orbit/.kimi-probe/.dd-ios/Build/Intermediates.noindex/swift-markdown.build/Debug-iphonesimulator/Markdown.build/Objects-normal/arm64/Markdown-Swift.h -working-directory /Users/runner/work/orbit/orbit/.kimi-probe/KimiProbe.xcodeproj -experimental-emit-module-separately -disable-cmo

SwiftDriverJobDiscovery normal arm64 Compiling ThematicBreak.swift, Table.swift, TableBody.swift, TableCell.swift, TableCellContainer.swift, TableHead.swift, TableRow.swift, Replacement.swift, SourceLocation.swift, Emphasis.swift, Image.swift, InlineAttributes.swift, Link.swift, Strikethrough.swift, Strong.swift, CustomInline.swift, InlineCode.swift, InlineHTML.swift, LineBreak.swift, SoftBreak.swift, SymbolLink.swift, Text.swift, Aside.swift (in target 'Markdown' from project 'swift-markdown')

SwiftDriverJobDiscovery normal arm64 Compiling ChildIndexPath.swift, DirectiveArgument.swift, Document.swift, LiteralMarkup.swift, Markup.swift, MarkupChildren.swift, MarkupData.swift, PlainTextConvertibleMarkup.swift, RawMarkup.swift, BlockDirective.swift, BlockQuote.swift, CustomBlock.swift, DoxygenAbstract.swift, DoxygenDiscussion.swift, DoxygenNote.swift, DoxygenParameter.swift, DoxygenReturns.swift, ListItem.swift, OrderedList.swift, UnorderedList.swift, Paragraph.swift, CodeBlock.swift, HTMLBlock.swift, Heading.swift (in target 'Markdown' from project 'swift-markdown')

SwiftMergeGeneratedHeaders /Users/runner/work/orbit/orbit/.kimi-probe/.dd-ios/Build/Intermediates.noindex/GeneratedModuleMaps-iphonesimulator/Markdown-Swift.h /Users/runner/work/orbit/orbit/.kimi-probe/.dd-ios/Build/Intermediates.noindex/swift-markdown.build/Debug-iphonesimulator/Markdown.build/Objects-normal/arm64/Markdown-Swift.h (in target 'Markdown' from project 'swift-markdown')
    cd /Users/runner/work/orbit/orbit/.kimi-probe/.dd-ios/SourcePackages/checkouts/swift-markdown
    builtin-swiftHeaderTool -arch arm64 /Users/runner/work/orbit/orbit/.kimi-probe/.dd-ios/Build/Intermediates.noindex/swift-markdown.build/Debug-iphonesimulator/Markdown.build/Objects-normal/arm64/Markdown-Swift.h -o /Users/runner/work/orbit/orbit/.kimi-probe/.dd-ios/Build/Intermediates.noindex/GeneratedModuleMaps-iphonesimulator/Markdown-Swift.h

Copy /Users/runner/work/orbit/orbit/.kimi-probe/.dd-ios/Build/Products/Debug-iphonesimulator/Markdown.swiftmodule/arm64-apple-ios-simulator.swiftmodule /Users/runner/work/orbit/orbit/.kimi-probe/.dd-ios/Build/Intermediates.noindex/swift-markdown.build/Debug-iphonesimulator/Markdown.build/Objects-normal/arm64/Markdown.swiftmodule (in target 'Markdown' from project 'swift-markdown')
    cd /Users/runner/work/orbit/orbit/.kimi-probe/.dd-ios/SourcePackages/checkouts/swift-markdown
    builtin-copy -exclude .DS_Store -exclude CVS -exclude .svn -exclude .git -exclude .hg -resolve-src-symlinks -rename /Users/runner/work/orbit/orbit/.kimi-probe/.dd-ios/Build/Intermediates.noindex/swift-markdown.build/Debug-iphonesimulator/Markdown.build/Objects-normal/arm64/Markdown.swiftmodule /Users/runner/work/orbit/orbit/.kimi-probe/.dd-ios/Build/Products/Debug-iphonesimulator/Markdown.swiftmodule/arm64-apple-ios-simulator.swiftmodule

Copy /Users/runner/work/orbit/orbit/.kimi-probe/.dd-ios/Build/Products/Debug-iphonesimulator/Markdown.swiftmodule/arm64-apple-ios-simulator.swiftdoc /Users/runner/work/orbit/orbit/.kimi-probe/.dd-ios/Build/Intermediates.noindex/swift-markdown.build/Debug-iphonesimulator/Markdown.build/Objects-normal/arm64/Markdown.swiftdoc (in target 'Markdown' from project 'swift-markdown')
    cd /Users/runner/work/orbit/orbit/.kimi-probe/.dd-ios/SourcePackages/checkouts/swift-markdown
    builtin-copy -exclude .DS_Store -exclude CVS -exclude .svn -exclude .git -exclude .hg -resolve-src-symlinks -rename /Users/runner/work/orbit/orbit/.kimi-probe/.dd-ios/Build/Intermediates.noindex/swift-markdown.build/Debug-iphonesimulator/Markdown.build/Objects-normal/arm64/Markdown.swiftdoc /Users/runner/work/orbit/orbit/.kimi-probe/.dd-ios/Build/Products/Debug-iphonesimulator/Markdown.swiftmodule/arm64-apple-ios-simulator.swiftdoc

Copy /Users/runner/work/orbit/orbit/.kimi-probe/.dd-ios/Build/Products/Debug-iphonesimulator/Markdown.swiftmodule/arm64-apple-ios-simulator.abi.json /Users/runner/work/orbit/orbit/.kimi-probe/.dd-ios/Build/Intermediates.noindex/swift-markdown.build/Debug-iphonesimulator/Markdown.build/Objects-normal/arm64/Markdown.abi.json (in target 'Markdown' from project 'swift-markdown')
    cd /Users/runner/work/orbit/orbit/.kimi-probe/.dd-ios/SourcePackages/checkouts/swift-markdown
    builtin-copy -exclude .DS_Store -exclude CVS -exclude .svn -exclude .git -exclude .hg -resolve-src-symlinks -rename /Users/runner/work/orbit/orbit/.kimi-probe/.dd-ios/Build/Intermediates.noindex/swift-markdown.build/Debug-iphonesimulator/Markdown.build/Objects-normal/arm64/Markdown.abi.json /Users/runner/work/orbit/orbit/.kimi-probe/.dd-ios/Build/Products/Debug-iphonesimulator/Markdown.swiftmodule/arm64-apple-ios-simulator.abi.json

Copy /Users/runner/work/orbit/orbit/.kimi-probe/.dd-ios/Build/Products/Debug-iphonesimulator/Markdown.swiftmodule/Project/arm64-apple-ios-simulator.swiftsourceinfo /Users/runner/work/orbit/orbit/.kimi-probe/.dd-ios/Build/Intermediates.noindex/swift-markdown.build/Debug-iphonesimulator/Markdown.build/Objects-normal/arm64/Markdown.swiftsourceinfo (in target 'Markdown' from project 'swift-markdown')
    cd /Users/runner/work/orbit/orbit/.kimi-probe/.dd-ios/SourcePackages/checkouts/swift-markdown
    builtin-copy -exclude .DS_Store -exclude CVS -exclude .svn -exclude .git -exclude .hg -resolve-src-symlinks -rename /Users/runner/work/orbit/orbit/.kimi-probe/.dd-ios/Build/Intermediates.noindex/swift-markdown.build/Debug-iphonesimulator/Markdown.build/Objects-normal/arm64/Markdown.swiftsourceinfo /Users/runner/work/orbit/orbit/.kimi-probe/.dd-ios/Build/Products/Debug-iphonesimulator/Markdown.swiftmodule/Project/arm64-apple-ios-simulator.swiftsourceinfo

SwiftDriver OrbitKit normal arm64 com.apple.xcode.tools.swift.compiler (in target 'OrbitKit' from project 'OrbitKit')
    cd /Users/runner/work/orbit/orbit/.kimi-probe/KimiProbe.xcodeproj
    builtin-SwiftDriver -- /Applications/Xcode_26.6.app/Contents/Developer/Toolchains/XcodeDefault.xctoolchain/usr/bin/swiftc -module-name OrbitKit -Onone @/Users/runner/work/orbit/orbit/.kimi-probe/.dd-ios/Build/Intermediates.noindex/OrbitKit.build/Debug-iphonesimulator/OrbitKit.build/Objects-normal/arm64/OrbitKit.SwiftFileList -DSWIFT_PACKAGE -DDEBUG -DSWIFT_MODULE_RESOURCE_BUNDLE_UNAVAILABLE -DXcode -plugin-path /Applications/Xcode_26.6.app/Contents/Developer/Toolchains/XcodeDefault.xctoolchain/usr/lib/swift/host/plugins/testing -enable-experimental-feature DebugDescriptionMacro -sdk /Applications/Xcode_26.6.app/Contents/Developer/Platforms/iPhoneSimulator.platform/Developer/SDKs/iPhoneSimulator26.5.sdk -target arm64-apple-ios17.0-simulator -g -module-cache-path /Users/runner/work/orbit/orbit/.kimi-probe/.dd-ios/ModuleCache.noindex -Xfrontend -serialize-debugging-options -enable-testing -index-store-path /Users/runner/work/orbit/orbit/.kimi-probe/.dd-ios/Index.noindex/DataStore -Xcc -D_LIBCPP_HARDENING_MODE\=_LIBCPP_HARDENING_MODE_DEBUG -swift-version 5 -I /Users/runner/work/orbit/orbit/.kimi-probe/.dd-ios/Build/Products/Debug-iphonesimulator -Isystem /Applications/Xcode_26.6.app/Contents/Developer/Platforms/iPhoneSimulator.platform/Developer/usr/lib -F /Users/runner/work/orbit/orbit/.kimi-probe/.dd-ios/Build/Products/Debug-iphonesimulator/PackageFrameworks -F /Users/runner/work/orbit/orbit/.kimi-probe/.dd-ios/Build/Products/Debug-iphonesimulator/PackageFrameworks -F /Users/runner/work/orbit/orbit/.kimi-probe/.dd-ios/Build/Products/Debug-iphonesimulator/PackageFrameworks -F /Users/runner/work/orbit/orbit/.kimi-probe/.dd-ios/Build/Products/Debug-iphonesimulator/PackageFrameworks -F /Users/runner/work/orbit/orbit/.kimi-probe/.dd-ios/Build/Products/Debug-iphonesimulator -F /Applications/Xcode_26.6.app/Contents/Developer/Platforms/iPhoneSimulator.platform/Developer/Library/Frameworks -F /Applications/Xcode_26.6.app/Contents/Developer/Platforms/iPhoneSimulator.platform/Developer/SDKs/iPhoneSimulator26.5.sdk/Developer/Library/Frameworks -c -j3 -enable-batch-mode -incremental -Xcc -ivfsstatcache -Xcc /Users/runner/work/orbit/orbit/.kimi-probe/.dd-ios/SDKStatCaches.noindex/iphonesimulator26.5-23F81a-688ef53f1462e2c8f657fdc38a81448ff45c64a1807a658693f2a61704f17a36.sdkstatcache -output-file-map /Users/runner/work/orbit/orbit/.kimi-probe/.dd-ios/Build/Intermediates.noindex/OrbitKit.build/Debug-iphonesimulator/OrbitKit.build/Objects-normal/arm64/OrbitKit-OutputFileMap.json -use-frontend-parseable-output -save-temps -no-color-diagnostics -explicit-module-build -module-cache-path /Users/runner/work/orbit/orbit/.kimi-probe/.dd-ios/Build/Intermediates.noindex/SwiftExplicitPrecompiledModules -clang-scanner-module-cache-path /Users/runner/work/orbit/orbit/.kimi-probe/.dd-ios/ModuleCache.noindex -sdk-module-cache-path /Users/runner/work/orbit/orbit/.kimi-probe/.dd-ios/ModuleCache.noindex -serialize-diagnostics -emit-dependencies -emit-module -emit-module-path /Users/runner/work/orbit/orbit/.kimi-probe/.dd-ios/Build/Intermediates.noindex/OrbitKit.build/Debug-iphonesimulator/OrbitKit.build/Objects-normal/arm64/OrbitKit.swiftmodule -validate-clang-modules-once -clang-build-session-file /Users/runner/work/orbit/orbit/.kimi-probe/.dd-ios/ModuleCache.noindex/Session.modulevalidation -package-name orbitkit -Xcc -I/Users/runner/work/orbit/orbit/.kimi-probe/.dd-ios/Build/Intermediates.noindex/OrbitKit.build/Debug-iphonesimulator/OrbitKit.build/swift-overrides.hmap -emit-const-values -Xfrontend -const-gather-protocols-file -Xfrontend /Users/runner/work/orbit/orbit/.kimi-probe/.dd-ios/Build/Intermediates.noindex/OrbitKit.build/Debug-iphonesimulator/OrbitKit.build/Objects-normal/arm64/OrbitKit_const_extract_protocols.json -Xcc -I/Users/runner/work/orbit/orbit/.kimi-probe/.dd-ios/SourcePackages/checkouts/swift-cmark/src/include -Xcc -I/Users/runner/work/orbit/orbit/.kimi-probe/.dd-ios/SourcePackages/checkouts/swift-cmark/extensions/include -Xcc -I/Users/runner/work/orbit/orbit/.kimi-probe/.dd-ios/SourcePackages/checkouts/swift-markdown/Sources/CAtomic/include -Xcc -I/Users/runner/work/orbit/orbit/.kimi-probe/.dd-ios/Build/Products/Debug-iphonesimulator/include -Xcc -I/Users/runner/work/orbit/orbit/.kimi-probe/.dd-ios/Build/Intermediates.noindex/OrbitKit.build/Debug-iphonesimulator/OrbitKit.build/DerivedSources-normal/arm64 -Xcc -I/Users/runner/work/orbit/orbit/.kimi-probe/.dd-ios/Build/Intermediates.noindex/OrbitKit.build/Debug-iphonesimulator/OrbitKit.build/DerivedSources/arm64 -Xcc -I/Users/runner/work/orbit/orbit/.kimi-probe/.dd-ios/Build/Intermediates.noindex/OrbitKit.build/Debug-iphonesimulator/OrbitKit.build/DerivedSources -Xcc -DSWIFT_PACKAGE -Xcc -DDEBUG\=1 -emit-objc-header -emit-objc-header-path /Users/runner/work/orbit/orbit/.kimi-probe/.dd-ios/Build/Intermediates.noindex/OrbitKit.build/Debug-iphonesimulator/OrbitKit.build/Objects-normal/arm64/OrbitKit-Swift.h -working-directory /Users/runner/work/orbit/orbit/.kimi-probe/KimiProbe.xcodeproj -experimental-emit-module-separately -disable-cmo

SwiftDriverJobDiscovery normal arm64 Compiling BlockDirectiveParser.swift, CommonMarkConverter.swift, LazySplitLines.swift, ParseOptions.swift, RangeAdjuster.swift, RangerTracker.swift, MarkupRewriter.swift, BasicBlockContainer.swift, BasicInlineContainer.swift, BlockContainer.swift, BlockMarkup.swift, InlineContainer.swift, InlineMarkup.swift, ListItemContainer.swift, AtomicCounter.swift, CharacterExtensions.swift, CollectionExtensions.swift, StringExtensions.swift, MarkupVisitor.swift, MarkupWalker.swift, HTMLFormatter.swift, MarkupFormatter.swift, MarkupTreeDumper.swift (in target 'Markdown' from project 'swift-markdown')

SwiftDriver\ Compilation Markdown normal arm64 com.apple.xcode.tools.swift.compiler (in target 'Markdown' from project 'swift-markdown')
    cd /Users/runner/work/orbit/orbit/.kimi-probe/KimiProbe.xcodeproj
    builtin-Swift-Compilation -- /Applications/Xcode_26.6.app/Contents/Developer/Toolchains/XcodeDefault.xctoolchain/usr/bin/swiftc -module-name Markdown -Onone @/Users/runner/work/orbit/orbit/.kimi-probe/.dd-ios/Build/Intermediates.noindex/swift-markdown.build/Debug-iphonesimulator/Markdown.build/Objects-normal/arm64/Markdown.SwiftFileList -DSWIFT_PACKAGE -DDEBUG -DSWIFT_MODULE_RESOURCE_BUNDLE_UNAVAILABLE -DXcode -plugin-path /Applications/Xcode_26.6.app/Contents/Developer/Toolchains/XcodeDefault.xctoolchain/usr/lib/swift/host/plugins/testing -enable-experimental-feature DebugDescriptionMacro -sdk /Applications/Xcode_26.6.app/Contents/Developer/Platforms/iPhoneSimulator.platform/Developer/SDKs/iPhoneSimulator26.5.sdk -target arm64-apple-ios12.0-simulator -g -module-cache-path /Users/runner/work/orbit/orbit/.kimi-probe/.dd-ios/ModuleCache.noindex -Xfrontend -serialize-debugging-options -enable-testing -suppress-warnings -index-store-path /Users/runner/work/orbit/orbit/.kimi-probe/.dd-ios/Index.noindex/DataStore -Xcc -D_LIBCPP_HARDENING_MODE\=_LIBCPP_HARDENING_MODE_DEBUG -swift-version 5 -I /Users/runner/work/orbit/orbit/.kimi-probe/.dd-ios/Build/Products/Debug-iphonesimulator -Isystem /Applications/Xcode_26.6.app/Contents/Developer/Platforms/iPhoneSimulator.platform/Developer/usr/lib -F /Users/runner/work/orbit/orbit/.kimi-probe/.dd-ios/Build/Products/Debug-iphonesimulator/PackageFrameworks -F /Users/runner/work/orbit/orbit/.kimi-probe/.dd-ios/Build/Products/Debug-iphonesimulator/PackageFrameworks -F /Users/runner/work/orbit/orbit/.kimi-probe/.dd-ios/Build/Products/Debug-iphonesimulator/PackageFrameworks -F /Users/runner/work/orbit/orbit/.kimi-probe/.dd-ios/Build/Products/Debug-iphonesimulator -F /Applications/Xcode_26.6.app/Contents/Developer/Platforms/iPhoneSimulator.platform/Developer/Library/Frameworks -F /Applications/Xcode_26.6.app/Contents/Developer/Platforms/iPhoneSimulator.platform/Developer/SDKs/iPhoneSimulator26.5.sdk/Developer/Library/Frameworks -c -j3 -enable-batch-mode -incremental -Xcc -ivfsstatcache -Xcc /Users/runner/work/orbit/orbit/.kimi-probe/.dd-ios/SDKStatCaches.noindex/iphonesimulator26.5-23F81a-688ef53f1462e2c8f657fdc38a81448ff45c64a1807a658693f2a61704f17a36.sdkstatcache -output-file-map /Users/runner/work/orbit/orbit/.kimi-probe/.dd-ios/Build/Intermediates.noindex/swift-markdown.build/Debug-iphonesimulator/Markdown.build/Objects-normal/arm64/Markdown-OutputFileMap.json -use-frontend-parseable-output -save-temps -no-color-diagnostics -explicit-module-build -module-cache-path /Users/runner/work/orbit/orbit/.kimi-probe/.dd-ios/Build/Intermediates.noindex/SwiftExplicitPrecompiledModules -clang-scanner-module-cache-path /Users/runner/work/orbit/orbit/.kimi-probe/.dd-ios/ModuleCache.noindex -sdk-module-cache-path /Users/runner/work/orbit/orbit/.kimi-probe/.dd-ios/ModuleCache.noindex -serialize-diagnostics -emit-dependencies -emit-module -emit-module-path /Users/runner/work/orbit/orbit/.kimi-probe/.dd-ios/Build/Intermediates.noindex/swift-markdown.build/Debug-iphonesimulator/Markdown.build/Objects-normal/arm64/Markdown.swiftmodule -user-module-version 0.9.0 -validate-clang-modules-once -clang-build-session-file /Users/runner/work/orbit/orbit/.kimi-probe/.dd-ios/ModuleCache.noindex/Session.modulevalidation -package-name swift_markdown -Xcc -I/Users/runner/work/orbit/orbit/.kimi-probe/.dd-ios/Build/Intermediates.noindex/swift-markdown.build/Debug-iphonesimulator/Markdown.build/swift-overrides.hmap -emit-const-values -Xfrontend -const-gather-protocols-file -Xfrontend /Users/runner/work/orbit/orbit/.kimi-probe/.dd-ios/Build/Intermediates.noindex/swift-markdown.build/Debug-iphonesimulator/Markdown.build/Objects-normal/arm64/Markdown_const_extract_protocols.json -Xcc -I/Users/runner/work/orbit/orbit/.kimi-probe/.dd-ios/SourcePackages/checkouts/swift-cmark/src/include -Xcc -I/Users/runner/work/orbit/orbit/.kimi-probe/.dd-ios/SourcePackages/checkouts/swift-cmark/extensions/include -Xcc -I/Users/runner/work/orbit/orbit/.kimi-probe/.dd-ios/SourcePackages/checkouts/swift-markdown/Sources/CAtomic/include -Xcc -I/Users/runner/work/orbit/orbit/.kimi-probe/.dd-ios/Build/Products/Debug-iphonesimulator/include -Xcc -I/Users/runner/work/orbit/orbit/.kimi-probe/.dd-ios/Build/Intermediates.noindex/swift-markdown.build/Debug-iphonesimulator/Markdown.build/DerivedSources-normal/arm64 -Xcc -I/Users/runner/work/orbit/orbit/.kimi-probe/.dd-ios/Build/Intermediates.noindex/swift-markdown.build/Debug-iphonesimulator/Markdown.build/DerivedSources/arm64 -Xcc -I/Users/runner/work/orbit/orbit/.kimi-probe/.dd-ios/Build/Intermediates.noindex/swift-markdown.build/Debug-iphonesimulator/Markdown.build/DerivedSources -Xcc -DSWIFT_PACKAGE -Xcc -DDEBUG\=1 -emit-objc-header -emit-objc-header-path /Users/runner/work/orbit/orbit/.kimi-probe/.dd-ios/Build/Intermediates.noindex/swift-markdown.build/Debug-iphonesimulator/Markdown.build/Objects-normal/arm64/Markdown-Swift.h -working-directory /Users/runner/work/orbit/orbit/.kimi-probe/KimiProbe.xcodeproj -experimental-emit-module-separately -disable-cmo

Ld /Users/runner/work/orbit/orbit/.kimi-probe/.dd-ios/Build/Products/Debug-iphonesimulator/Markdown.o normal (in target 'Markdown' from project 'swift-markdown')
    cd /Users/runner/work/orbit/orbit/.kimi-probe/.dd-ios/SourcePackages/checkouts/swift-markdown
    /Applications/Xcode_26.6.app/Contents/Developer/Toolchains/XcodeDefault.xctoolchain/usr/bin/clang -Xlinker -reproducible -target arm64-apple-ios12.0-simulator -r -isysroot /Applications/Xcode_26.6.app/Contents/Developer/Platforms/iPhoneSimulator.platform/Developer/SDKs/iPhoneSimulator26.5.sdk -O0 -w -F/Users/runner/work/orbit/orbit/.kimi-probe/.dd-ios/Build/Intermediates.noindex/EagerLinkingTBDs/Debug-iphonesimulator -F/Users/runner/work/orbit/orbit/.kimi-probe/.dd-ios/Build/Products/Debug-iphonesimulator/PackageFrameworks -F/Users/runner/work/orbit/orbit/.kimi-probe/.dd-ios/Build/Products/Debug-iphonesimulator/PackageFrameworks -F/Users/runner/work/orbit/orbit/.kimi-probe/.dd-ios/Build/Products/Debug-iphonesimulator/PackageFrameworks -F/Users/runner/work/orbit/orbit/.kimi-probe/.dd-ios/Build/Products/Debug-iphonesimulator -iframework /Applications/Xcode_26.6.app/Contents/Developer/Platforms/iPhoneSimulator.platform/Developer/Library/Frameworks -iframework /Applications/Xcode_26.6.app/Contents/Developer/Platforms/iPhoneSimulator.platform/Developer/SDKs/iPhoneSimulator26.5.sdk/Developer/Library/Frameworks -filelist /Users/runner/work/orbit/orbit/.kimi-probe/.dd-ios/Build/Intermediates.noindex/swift-markdown.build/Debug-iphonesimulator/Markdown.build/Objects-normal/arm64/Markdown.LinkFileList -nostdlib -Xlinker -object_path_lto -Xlinker /Users/runner/work/orbit/orbit/.kimi-probe/.dd-ios/Build/Intermediates.noindex/swift-markdown.build/Debug-iphonesimulator/Markdown.build/Objects-normal/arm64/Markdown_lto.o -Xlinker -no_deduplicate -Xlinker -objc_abi_version -Xlinker 2 -Xlinker -dependency_info -Xlinker /Users/runner/work/orbit/orbit/.kimi-probe/.dd-ios/Build/Intermediates.noindex/swift-markdown.build/Debug-iphonesimulator/Markdown.build/Objects-normal/arm64/Markdown_dependency_info.dat -fobjc-link-runtime -L/Applications/Xcode_26.6.app/Contents/Developer/Toolchains/XcodeDefault.xctoolchain/usr/lib/swift/iphonesimulator -L/usr/lib/swift -Xlinker -add_ast_path -Xlinker /Users/runner/work/orbit/orbit/.kimi-probe/.dd-ios/Build/Intermediates.noindex/swift-markdown.build/Debug-iphonesimulator/Markdown.build/Objects-normal/arm64/Markdown.swiftmodule @/Users/runner/work/orbit/orbit/.kimi-probe/.dd-ios/Build/Intermediates.noindex/swift-markdown.build/Debug-iphonesimulator/Markdown.build/Objects-normal/arm64/Markdown-linker-args.resp -o /Users/runner/work/orbit/orbit/.kimi-probe/.dd-ios/Build/Products/Debug-iphonesimulator/Markdown.o

ExtractAppIntentsMetadata (in target 'Markdown' from project 'swift-markdown')
    cd /Users/runner/work/orbit/orbit/.kimi-probe/.dd-ios/SourcePackages/checkouts/swift-markdown
    /Applications/Xcode_26.6.app/Contents/Developer/Toolchains/XcodeDefault.xctoolchain/usr/bin/appintentsmetadataprocessor --toolchain-dir /var/run/com.apple.security.cryptexd/mnt/com.apple.MobileAsset.MetalToolchain-v17.6.109.0.wDopiA/Metal.xctoolchain --module-name Markdown --sdk-root /Applications/Xcode_26.6.app/Contents/Developer/Platforms/iPhoneSimulator.platform/Developer/SDKs/iPhoneSimulator26.5.sdk --xcode-version 17F113 --platform-family iOS --deployment-target 12.0 --bundle-identifier swift-markdown.Markdown --output /Users/runner/work/orbit/orbit/.kimi-probe/.dd-ios/Build/Products/Debug-iphonesimulator/Markdown.appintents --target-triple arm64-apple-ios12.0-simulator --binary-file /Users/runner/work/orbit/orbit/.kimi-probe/.dd-ios/Build/Products/Debug-iphonesimulator/Markdown.o --dependency-file /Users/runner/work/orbit/orbit/.kimi-probe/.dd-ios/Build/Intermediates.noindex/swift-markdown.build/Debug-iphonesimulator/Markdown.build/Objects-normal/arm64/Markdown_dependency_info.dat --stringsdata-file /Users/runner/work/orbit/orbit/.kimi-probe/.dd-ios/Build/Intermediates.noindex/swift-markdown.build/Debug-iphonesimulator/Markdown.build/Objects-normal/arm64/ExtractedAppShortcutsMetadata.stringsdata --source-file-list /Users/runner/work/orbit/orbit/.kimi-probe/.dd-ios/Build/Intermediates.noindex/swift-markdown.build/Debug-iphonesimulator/Markdown.build/Objects-normal/arm64/Markdown.SwiftFileList --metadata-file-list /Users/runner/work/orbit/orbit/.kimi-probe/.dd-ios/Build/Intermediates.noindex/swift-markdown.build/Debug-iphonesimulator/Markdown.build/Markdown.DependencyMetadataFileList --static-metadata-file-list /Users/runner/work/orbit/orbit/.kimi-probe/.dd-ios/Build/Intermediates.noindex/swift-markdown.build/Debug-iphonesimulator/Markdown.build/Markdown.DependencyStaticMetadataFileList --swift-const-vals-list /Users/runner/work/orbit/orbit/.kimi-probe/.dd-ios/Build/Intermediates.noindex/swift-markdown.build/Debug-iphonesimulator/Markdown.build/Objects-normal/arm64/Markdown.SwiftConstValuesFileList --force --compile-time-extraction --deployment-aware-processing --validate-assistant-intents --no-app-shortcuts-localization
2026-10-08 17:24:15.945 appintentsmetadataprocessor[5579:22577] Starting appintentsmetadataprocessor export
2026-10-08 17:24:16.054 appintentsmetadataprocessor[5579:22577] Extracted no relevant App Intents symbols, skipping writing output

CodeSign /Users/runner/work/orbit/orbit/.kimi-probe/.dd-ios/Build/Products/Debug-iphonesimulator/Markdown.o (in target 'Markdown' from project 'swift-markdown')
    cd /Users/runner/work/orbit/orbit/.kimi-probe/.dd-ios/SourcePackages/checkouts/swift-markdown
    
    Signing Identity:     "Sign to Run Locally"
    
    /usr/bin/codesign --force --sign - --timestamp\=none --generate-entitlement-der /Users/runner/work/orbit/orbit/.kimi-probe/.dd-ios/Build/Products/Debug-iphonesimulator/Markdown.o

RegisterExecutionPolicyException /Users/runner/work/orbit/orbit/.kimi-probe/.dd-ios/Build/Products/Debug-iphonesimulator/Markdown.o (in target 'Markdown' from project 'swift-markdown')
    cd /Users/runner/work/orbit/orbit/.kimi-probe/.dd-ios/SourcePackages/checkouts/swift-markdown
    builtin-RegisterExecutionPolicyException /Users/runner/work/orbit/orbit/.kimi-probe/.dd-ios/Build/Products/Debug-iphonesimulator/Markdown.o

SwiftExplicitDependencyGeneratePcm arm64 /Users/runner/work/orbit/orbit/.kimi-probe/.dd-ios/ModuleCache.noindex/UIUtilities-2RP1LHOUFJXPAYKP2J93H9K29.pcm

SwiftExplicitDependencyGeneratePcm arm64 /Users/runner/work/orbit/orbit/.kimi-probe/.dd-ios/ModuleCache.noindex/_Builtin_intrinsics-3O4S3R8IT51SAU2LG1VFEVKQG.pcm

SwiftExplicitDependencyGeneratePcm arm64 /Users/runner/work/orbit/orbit/.kimi-probe/.dd-ios/ModuleCache.noindex/_Builtin_tgmath-C3GVRH67YLXR2NZ9N2HD5LZTZ.pcm

SwiftExplicitDependencyGeneratePcm arm64 /Users/runner/work/orbit/orbit/.kimi-probe/.dd-ios/ModuleCache.noindex/Symbols-7QXQBKZ9CJPY3RJPLIH638IP.pcm

SwiftExplicitDependencyGeneratePcm arm64 /Users/runner/work/orbit/orbit/.kimi-probe/.dd-ios/ModuleCache.noindex/DeveloperToolsSupport-9RQKOSC71TQLNC6HUC3F35YQP.pcm

SwiftExplicitDependencyGeneratePcm arm64 /Users/runner/work/orbit/orbit/.kimi-probe/.dd-ios/ModuleCache.noindex/UserNotifications-297981GSX3EU7IAKHI8SUJ118.pcm

SwiftExplicitDependencyGeneratePcm arm64 /Users/runner/work/orbit/orbit/.kimi-probe/.dd-ios/ModuleCache.noindex/OpenGLES-7IDLNICRH201BDPBSVGCB87KF.pcm

SwiftExplicitDependencyGeneratePcm arm64 /Users/runner/work/orbit/orbit/.kimi-probe/.dd-ios/ModuleCache.noindex/UniformTypeIdentifiers-CW9MAKFUQ1CQAY46NSYVSPQM5.pcm

SwiftExplicitDependencyGeneratePcm arm64 /Users/runner/work/orbit/orbit/.kimi-probe/.dd-ios/ModuleCache.noindex/CoreTransferable-DYMEDW6Y5R4OC39PQQRNG31C9.pcm

SwiftExplicitDependencyGeneratePcm arm64 /Users/runner/work/orbit/orbit/.kimi-probe/.dd-ios/ModuleCache.noindex/MachO-BBTP7NCW9B1UKNW2P9RVSMYQK.pcm

SwiftExplicitDependencyGeneratePcm arm64 /Users/runner/work/orbit/orbit/.kimi-probe/.dd-ios/ModuleCache.noindex/IOSurface-6S2K2S89X8GI6YKY773QOBUNV.pcm

SwiftExplicitDependencyGeneratePcm arm64 /Users/runner/work/orbit/orbit/.kimi-probe/.dd-ios/ModuleCache.noindex/_Builtin_stdatomic-1SCSYUVVPTWGZI1S2BH6UXS2K.pcm

SwiftExplicitDependencyGeneratePcm arm64 /Users/runner/work/orbit/orbit/.kimi-probe/.dd-ios/ModuleCache.noindex/DataDetection-8PXNGXTA013GW3Y4MUWUY31D.pcm

SwiftExplicitDependencyGeneratePcm arm64 /Users/runner/work/orbit/orbit/.kimi-probe/.dd-ios/ModuleCache.noindex/LocalAuthentication-7X76UZIPDYH7JOD5TSMOHL94K.pcm

SwiftExplicitDependencyGeneratePcm arm64 /Users/runner/work/orbit/orbit/.kimi-probe/.dd-ios/ModuleCache.noindex/Metal-CRGJF6647C7CMQFEADKI34XM3.pcm

SwiftExplicitDependencyGeneratePcm arm64 /Users/runner/work/orbit/orbit/.kimi-probe/.dd-ios/ModuleCache.noindex/os-EXPQSJETCRDUU5GHSC012UJTG.pcm

SwiftExplicitDependencyGeneratePcm arm64 /Users/runner/work/orbit/orbit/.kimi-probe/.dd-ios/ModuleCache.noindex/simd-DB9YXXD93K8TQ6S7EEOM7CTT7.pcm

SwiftExplicitDependencyGeneratePcm arm64 /Users/runner/work/orbit/orbit/.kimi-probe/.dd-ios/ModuleCache.noindex/CoreGraphics-8W1FYO0GKUI76C23BABTA36UX.pcm

SwiftExplicitDependencyGeneratePcm arm64 /Users/runner/work/orbit/orbit/.kimi-probe/.dd-ios/ModuleCache.noindex/OSLog-D83MTHI7CWHB5DTU4V07R544X.pcm

SwiftExplicitDependencyGeneratePcm arm64 /Users/runner/work/orbit/orbit/.kimi-probe/.dd-ios/ModuleCache.noindex/ImageIO-88NWRQOZ7SXVUNSB43MAXXGWZ.pcm

SwiftExplicitDependencyGeneratePcm arm64 /Users/runner/work/orbit/orbit/.kimi-probe/.dd-ios/ModuleCache.noindex/CoreVideo-EONO856B5U5RVPAJ7VW1U1J35.pcm

SwiftExplicitDependencyGeneratePcm arm64 /Users/runner/work/orbit/orbit/.kimi-probe/.dd-ios/ModuleCache.noindex/CoreText-BWDBFDST965B9QQBPVJM3LHN8.pcm

SwiftExplicitDependencyGeneratePcm arm64 /Users/runner/work/orbit/orbit/.kimi-probe/.dd-ios/ModuleCache.noindex/FileProvider-A7EO5SVTSP9QKGFBO78T2PGTX.pcm

SwiftExplicitDependencyGeneratePcm arm64 /Users/runner/work/orbit/orbit/.kimi-probe/.dd-ios/ModuleCache.noindex/QuartzCore-489SF5UT1YL33WPI7HUVQRD5N.pcm

SwiftExplicitDependencyGeneratePcm arm64 /Users/runner/work/orbit/orbit/.kimi-probe/.dd-ios/ModuleCache.noindex/CoreImage-DCTN2738XL0FIF8I3Y8J3PK53.pcm

SwiftExplicitDependencyGeneratePcm arm64 /Users/runner/work/orbit/orbit/.kimi-probe/.dd-ios/ModuleCache.noindex/Accessibility-1MCNJFLN7CJ9OY2X89V0TQVTN.pcm

SwiftExplicitDependencyGeneratePcm arm64 /Users/runner/work/orbit/orbit/.kimi-probe/.dd-ios/ModuleCache.noindex/Spatial-E0H26I1PZRZINA0XLT1OG1QT5.pcm

SwiftExplicitDependencyGeneratePcm arm64 /Users/runner/work/orbit/orbit/.kimi-probe/.dd-ios/ModuleCache.noindex/SwiftUICore-9GAECFXWIU1X409JPRXCX37Z6.pcm

SwiftExplicitDependencyGeneratePcm arm64 /Users/runner/work/orbit/orbit/.kimi-probe/.dd-ios/ModuleCache.noindex/UIKit-85FJ4ZHE0L19LE8H7QPUQPLLD.pcm

SwiftExplicitDependencyGeneratePcm arm64 /Users/runner/work/orbit/orbit/.kimi-probe/.dd-ios/ModuleCache.noindex/AuthenticationServices-BHIRNVFJVK6EV4C7JYWNVDG1G.pcm

SwiftEmitModule normal arm64 Emitting\ module\ for\ OrbitKit (in target 'OrbitKit' from project 'OrbitKit')

EmitSwiftModule normal arm64 (in target 'OrbitKit' from project 'OrbitKit')
    cd /Users/runner/work/orbit/orbit/.kimi-probe/KimiProbe.xcodeproj
    

SwiftCompile normal arm64 Compiling\ ReferencedTask.swift,\ ScrubRailGeometry.swift,\ SessionMessage.swift,\ SessionPreviewImages.swift,\ SessionRequest.swift,\ SessionStore.swift,\ SteerDelivery.swift,\ StickyQuestionHold.swift,\ StickySummary.swift,\ TailPinning.swift,\ TaskProgress.swift,\ TaskProgressCopy.swift,\ TaskStart.swift,\ ThinkingSummary.swift,\ ToolDisplay.swift,\ ToolGroupSummary.swift,\ ToolResultContent.swift,\ Transcript.swift,\ TranscriptRecordAnchor.swift,\ TranscriptReducer.swift,\ TranscriptRows.swift,\ TranscriptStore.swift,\ TurnCards.swift /Users/runner/work/orbit/orbit/src/macos/OrbitKit/Sources/OrbitKit/Transcript/ReferencedTask.swift /Users/runner/work/orbit/orbit/src/macos/OrbitKit/Sources/OrbitKit/Transcript/ScrubRailGeometry.swift /Users/runner/work/orbit/orbit/src/macos/OrbitKit/Sources/OrbitKit/Transcript/SessionMessage.swift /Users/runner/work/orbit/orbit/src/macos/OrbitKit/Sources/OrbitKit/Transcript/SessionPreviewImages.swift /Users/runner/work/orbit/orbit/src/macos/OrbitKit/Sources/OrbitKit/Transcript/SessionRequest.swift /Users/runner/work/orbit/orbit/src/macos/OrbitKit/Sources/OrbitKit/Transcript/SessionStore.swift /Users/runner/work/orbit/orbit/src/macos/OrbitKit/Sources/OrbitKit/Transcript/SteerDelivery.swift /Users/runner/work/orbit/orbit/src/macos/OrbitKit/Sources/OrbitKit/Transcript/StickyQuestionHold.swift /Users/runner/work/orbit/orbit/src/macos/OrbitKit/Sources/OrbitKit/Transcript/StickySummary.swift /Users/runner/work/orbit/orbit/src/macos/OrbitKit/Sources/OrbitKit/Transcript/TailPinning.swift /Users/runner/work/orbit/orbit/src/macos/OrbitKit/Sources/OrbitKit/Transcript/TaskProgress.swift /Users/runner/work/orbit/orbit/src/macos/OrbitKit/Sources/OrbitKit/Transcript/TaskProgressCopy.swift /Users/runner/work/orbit/orbit/src/macos/OrbitKit/Sources/OrbitKit/Transcript/TaskStart.swift /Users/runner/work/orbit/orbit/src/macos/OrbitKit/Sources/OrbitKit/Transcript/ThinkingSummary.swift /Users/runner/work/orbit/orbit/src/macos/OrbitKit/Sources/OrbitKit/Transcript/ToolDisplay.swift /Users/runner/work/orbit/orbit/src/macos/OrbitKit/Sources/OrbitKit/Transcript/ToolGroupSummary.swift /Users/runner/work/orbit/orbit/src/macos/OrbitKit/Sources/OrbitKit/Transcript/ToolResultContent.swift /Users/runner/work/orbit/orbit/src/macos/OrbitKit/Sources/OrbitKit/Transcript/Transcript.swift /Users/runner/work/orbit/orbit/src/macos/OrbitKit/Sources/OrbitKit/Transcript/TranscriptRecordAnchor.swift /Users/runner/work/orbit/orbit/src/macos/OrbitKit/Sources/OrbitKit/Transcript/TranscriptReducer.swift /Users/runner/work/orbit/orbit/src/macos/OrbitKit/Sources/OrbitKit/Transcript/TranscriptRows.swift /Users/runner/work/orbit/orbit/src/macos/OrbitKit/Sources/OrbitKit/Transcript/TranscriptStore.swift /Users/runner/work/orbit/orbit/src/macos/OrbitKit/Sources/OrbitKit/Transcript/TurnCards.swift (in target 'OrbitKit' from project 'OrbitKit')

SwiftCompile normal arm64 /Users/runner/work/orbit/orbit/src/macos/OrbitKit/Sources/OrbitKit/Transcript/ReferencedTask.swift (in target 'OrbitKit' from project 'OrbitKit')
    cd /Users/runner/work/orbit/orbit/.kimi-probe/KimiProbe.xcodeproj
    

SwiftCompile normal arm64 /Users/runner/work/orbit/orbit/src/macos/OrbitKit/Sources/OrbitKit/Transcript/ScrubRailGeometry.swift (in target 'OrbitKit' from project 'OrbitKit')
    cd /Users/runner/work/orbit/orbit/.kimi-probe/KimiProbe.xcodeproj
    

SwiftCompile normal arm64 /Users/runner/work/orbit/orbit/src/macos/OrbitKit/Sources/OrbitKit/Transcript/SessionMessage.swift (in target 'OrbitKit' from project 'OrbitKit')
    cd /Users/runner/work/orbit/orbit/.kimi-probe/KimiProbe.xcodeproj
    

SwiftCompile normal arm64 /Users/runner/work/orbit/orbit/src/macos/OrbitKit/Sources/OrbitKit/Transcript/SessionPreviewImages.swift (in target 'OrbitKit' from project 'OrbitKit')
    cd /Users/runner/work/orbit/orbit/.kimi-probe/KimiProbe.xcodeproj
    

SwiftCompile normal arm64 /Users/runner/work/orbit/orbit/src/macos/OrbitKit/Sources/OrbitKit/Transcript/SessionRequest.swift (in target 'OrbitKit' from project 'OrbitKit')
    cd /Users/runner/work/orbit/orbit/.kimi-probe/KimiProbe.xcodeproj
    

SwiftCompile normal arm64 /Users/runner/work/orbit/orbit/src/macos/OrbitKit/Sources/OrbitKit/Transcript/SessionStore.swift (in target 'OrbitKit' from project 'OrbitKit')
    cd /Users/runner/work/orbit/orbit/.kimi-probe/KimiProbe.xcodeproj
    

SwiftCompile normal arm64 /Users/runner/work/orbit/orbit/src/macos/OrbitKit/Sources/OrbitKit/Transcript/SteerDelivery.swift (in target 'OrbitKit' from project 'OrbitKit')
    cd /Users/runner/work/orbit/orbit/.kimi-probe/KimiProbe.xcodeproj
    

SwiftCompile normal arm64 /Users/runner/work/orbit/orbit/src/macos/OrbitKit/Sources/OrbitKit/Transcript/StickyQuestionHold.swift (in target 'OrbitKit' from project 'OrbitKit')
    cd /Users/runner/work/orbit/orbit/.kimi-probe/KimiProbe.xcodeproj
    

SwiftCompile normal arm64 /Users/runner/work/orbit/orbit/src/macos/OrbitKit/Sources/OrbitKit/Transcript/StickySummary.swift (in target 'OrbitKit' from project 'OrbitKit')
    cd /Users/runner/work/orbit/orbit/.kimi-probe/KimiProbe.xcodeproj
    

SwiftCompile normal arm64 /Users/runner/work/orbit/orbit/src/macos/OrbitKit/Sources/OrbitKit/Transcript/TailPinning.swift (in target 'OrbitKit' from project 'OrbitKit')
    cd /Users/runner/work/orbit/orbit/.kimi-probe/KimiProbe.xcodeproj
    

SwiftCompile normal arm64 /Users/runner/work/orbit/orbit/src/macos/OrbitKit/Sources/OrbitKit/Transcript/TaskProgress.swift (in target 'OrbitKit' from project 'OrbitKit')
    cd /Users/runner/work/orbit/orbit/.kimi-probe/KimiProbe.xcodeproj
    

SwiftCompile normal arm64 /Users/runner/work/orbit/orbit/src/macos/OrbitKit/Sources/OrbitKit/Transcript/TaskProgressCopy.swift (in target 'OrbitKit' from project 'OrbitKit')
    cd /Users/runner/work/orbit/orbit/.kimi-probe/KimiProbe.xcodeproj
    

SwiftCompile normal arm64 /Users/runner/work/orbit/orbit/src/macos/OrbitKit/Sources/OrbitKit/Transcript/TaskStart.swift (in target 'OrbitKit' from project 'OrbitKit')
    cd /Users/runner/work/orbit/orbit/.kimi-probe/KimiProbe.xcodeproj
    

SwiftCompile normal arm64 /Users/runner/work/orbit/orbit/src/macos/OrbitKit/Sources/OrbitKit/Transcript/ThinkingSummary.swift (in target 'OrbitKit' from project 'OrbitKit')
    cd /Users/runner/work/orbit/orbit/.kimi-probe/KimiProbe.xcodeproj
    

SwiftCompile normal arm64 /Users/runner/work/orbit/orbit/src/macos/OrbitKit/Sources/OrbitKit/Transcript/ToolDisplay.swift (in target 'OrbitKit' from project 'OrbitKit')
    cd /Users/runner/work/orbit/orbit/.kimi-probe/KimiProbe.xcodeproj
    

SwiftCompile normal arm64 /Users/runner/work/orbit/orbit/src/macos/OrbitKit/Sources/OrbitKit/Transcript/ToolGroupSummary.swift (in target 'OrbitKit' from project 'OrbitKit')
    cd /Users/runner/work/orbit/orbit/.kimi-probe/KimiProbe.xcodeproj
    

SwiftCompile normal arm64 /Users/runner/work/orbit/orbit/src/macos/OrbitKit/Sources/OrbitKit/Transcript/ToolResultContent.swift (in target 'OrbitKit' from project 'OrbitKit')
    cd /Users/runner/work/orbit/orbit/.kimi-probe/KimiProbe.xcodeproj
    

SwiftCompile normal arm64 /Users/runner/work/orbit/orbit/src/macos/OrbitKit/Sources/OrbitKit/Transcript/Transcript.swift (in target 'OrbitKit' from project 'OrbitKit')
    cd /Users/runner/work/orbit/orbit/.kimi-probe/KimiProbe.xcodeproj
    

SwiftCompile normal arm64 /Users/runner/work/orbit/orbit/src/macos/OrbitKit/Sources/OrbitKit/Transcript/TranscriptRecordAnchor.swift (in target 'OrbitKit' from project 'OrbitKit')
    cd /Users/runner/work/orbit/orbit/.kimi-probe/KimiProbe.xcodeproj
    

SwiftCompile normal arm64 /Users/runner/work/orbit/orbit/src/macos/OrbitKit/Sources/OrbitKit/Transcript/TranscriptReducer.swift (in target 'OrbitKit' from project 'OrbitKit')
    cd /Users/runner/work/orbit/orbit/.kimi-probe/KimiProbe.xcodeproj
    

SwiftCompile normal arm64 /Users/runner/work/orbit/orbit/src/macos/OrbitKit/Sources/OrbitKit/Transcript/TranscriptRows.swift (in target 'OrbitKit' from project 'OrbitKit')
    cd /Users/runner/work/orbit/orbit/.kimi-probe/KimiProbe.xcodeproj
    

SwiftCompile normal arm64 /Users/runner/work/orbit/orbit/src/macos/OrbitKit/Sources/OrbitKit/Transcript/TranscriptStore.swift (in target 'OrbitKit' from project 'OrbitKit')
    cd /Users/runner/work/orbit/orbit/.kimi-probe/KimiProbe.xcodeproj
    

SwiftCompile normal arm64 /Users/runner/work/orbit/orbit/src/macos/OrbitKit/Sources/OrbitKit/Transcript/TurnCards.swift (in target 'OrbitKit' from project 'OrbitKit')
    cd /Users/runner/work/orbit/orbit/.kimi-probe/KimiProbe.xcodeproj
    

SwiftCompile normal arm64 Compiling\ TaskDetailReads.swift,\ Tasks.swift,\ Watches.swift,\ Wiki.swift,\ WikiArticles.swift,\ WikiDocs.swift,\ WikiHealth.swift,\ WikiJobs.swift,\ WikiPlan.swift,\ APIClient.swift,\ SessionRefresher.swift,\ URLSession+Orbit.swift,\ ControlStream.swift,\ EventStream.swift,\ ReconnectPolicy.swift,\ SSEFrameParser.swift,\ BackgroundJobs.swift,\ BackgroundSummary.swift,\ ConfirmationReviewTurns.swift,\ DeliveredMessage.swift,\ MonospaceOutputLayout.swift,\ OpenItemDelivery.swift,\ ProjectStarted.swift /Users/runner/work/orbit/orbit/src/macos/OrbitKit/Sources/OrbitKit/Models/TaskDetailReads.swift /Users/runner/work/orbit/orbit/src/macos/OrbitKit/Sources/OrbitKit/Models/Tasks.swift /Users/runner/work/orbit/orbit/src/macos/OrbitKit/Sources/OrbitKit/Models/Watches.swift /Users/runner/work/orbit/orbit/src/macos/OrbitKit/Sources/OrbitKit/Models/Wiki.swift /Users/runner/work/orbit/orbit/src/macos/OrbitKit/Sources/OrbitKit/Models/WikiArticles.swift /Users/runner/work/orbit/orbit/src/macos/OrbitKit/Sources/OrbitKit/Models/WikiDocs.swift /Users/runner/work/orbit/orbit/src/macos/OrbitKit/Sources/OrbitKit/Models/WikiHealth.swift /Users/runner/work/orbit/orbit/src/macos/OrbitKit/Sources/OrbitKit/Models/WikiJobs.swift /Users/runner/work/orbit/orbit/src/macos/OrbitKit/Sources/OrbitKit/Models/WikiPlan.swift /Users/runner/work/orbit/orbit/src/macos/OrbitKit/Sources/OrbitKit/Net/APIClient.swift /Users/runner/work/orbit/orbit/src/macos/OrbitKit/Sources/OrbitKit/Net/SessionRefresher.swift /Users/runner/work/orbit/orbit/src/macos/OrbitKit/Sources/OrbitKit/Net/URLSession+Orbit.swift /Users/runner/work/orbit/orbit/src/macos/OrbitKit/Sources/OrbitKit/Realtime/ControlStream.swift /Users/runner/work/orbit/orbit/src/macos/OrbitKit/Sources/OrbitKit/Realtime/EventStream.swift /Users/runner/work/orbit/orbit/src/macos/OrbitKit/Sources/OrbitKit/Realtime/ReconnectPolicy.swift /Users/runner/work/orbit/orbit/src/macos/OrbitKit/Sources/OrbitKit/Realtime/SSEFrameParser.swift /Users/runner/work/orbit/orbit/src/macos/OrbitKit/Sources/OrbitKit/Transcript/BackgroundJobs.swift /Users/runner/work/orbit/orbit/src/macos/OrbitKit/Sources/OrbitKit/Transcript/BackgroundSummary.swift /Users/runner/work/orbit/orbit/src/macos/OrbitKit/Sources/OrbitKit/Transcript/ConfirmationReviewTurns.swift /Users/runner/work/orbit/orbit/src/macos/OrbitKit/Sources/OrbitKit/Transcript/DeliveredMessage.swift /Users/runner/work/orbit/orbit/src/macos/OrbitKit/Sources/OrbitKit/Transcript/MonospaceOutputLayout.swift /Users/runner/work/orbit/orbit/src/macos/OrbitKit/Sources/OrbitKit/Transcript/OpenItemDelivery.swift /Users/runner/work/orbit/orbit/src/macos/OrbitKit/Sources/OrbitKit/Transcript/ProjectStarted.swift (in target 'OrbitKit' from project 'OrbitKit')
SwiftCompile normal arm64 /Users/runner/work/orbit/orbit/src/macos/OrbitKit/Sources/OrbitKit/Models/TaskDetailReads.swift (in target 'OrbitKit' from project 'OrbitKit')
    cd /Users/runner/work/orbit/orbit/.kimi-probe/KimiProbe.xcodeproj
    

SwiftCompile normal arm64 /Users/runner/work/orbit/orbit/src/macos/OrbitKit/Sources/OrbitKit/Models/Tasks.swift (in target 'OrbitKit' from project 'OrbitKit')
    cd /Users/runner/work/orbit/orbit/.kimi-probe/KimiProbe.xcodeproj
    

SwiftCompile normal arm64 /Users/runner/work/orbit/orbit/src/macos/OrbitKit/Sources/OrbitKit/Models/Watches.swift (in target 'OrbitKit' from project 'OrbitKit')
    cd /Users/runner/work/orbit/orbit/.kimi-probe/KimiProbe.xcodeproj
    

SwiftCompile normal arm64 /Users/runner/work/orbit/orbit/src/macos/OrbitKit/Sources/OrbitKit/Models/Wiki.swift (in target 'OrbitKit' from project 'OrbitKit')
    cd /Users/runner/work/orbit/orbit/.kimi-probe/KimiProbe.xcodeproj
    

SwiftCompile normal arm64 /Users/runner/work/orbit/orbit/src/macos/OrbitKit/Sources/OrbitKit/Models/WikiArticles.swift (in target 'OrbitKit' from project 'OrbitKit')
    cd /Users/runner/work/orbit/orbit/.kimi-probe/KimiProbe.xcodeproj
    

SwiftCompile normal arm64 /Users/runner/work/orbit/orbit/src/macos/OrbitKit/Sources/OrbitKit/Models/WikiDocs.swift (in target 'OrbitKit' from project 'OrbitKit')
    cd /Users/runner/work/orbit/orbit/.kimi-probe/KimiProbe.xcodeproj
    

SwiftCompile normal arm64 /Users/runner/work/orbit/orbit/src/macos/OrbitKit/Sources/OrbitKit/Models/WikiHealth.swift (in target 'OrbitKit' from project 'OrbitKit')
    cd /Users/runner/work/orbit/orbit/.kimi-probe/KimiProbe.xcodeproj
    

SwiftCompile normal arm64 /Users/runner/work/orbit/orbit/src/macos/OrbitKit/Sources/OrbitKit/Models/WikiJobs.swift (in target 'OrbitKit' from project 'OrbitKit')
    cd /Users/runner/work/orbit/orbit/.kimi-probe/KimiProbe.xcodeproj
    

SwiftCompile normal arm64 /Users/runner/work/orbit/orbit/src/macos/OrbitKit/Sources/OrbitKit/Models/WikiPlan.swift (in target 'OrbitKit' from project 'OrbitKit')
    cd /Users/runner/work/orbit/orbit/.kimi-probe/KimiProbe.xcodeproj
    

SwiftCompile normal arm64 /Users/runner/work/orbit/orbit/src/macos/OrbitKit/Sources/OrbitKit/Net/APIClient.swift (in target 'OrbitKit' from project 'OrbitKit')
    cd /Users/runner/work/orbit/orbit/.kimi-probe/KimiProbe.xcodeproj
    

SwiftCompile normal arm64 /Users/runner/work/orbit/orbit/src/macos/OrbitKit/Sources/OrbitKit/Net/SessionRefresher.swift (in target 'OrbitKit' from project 'OrbitKit')
    cd /Users/runner/work/orbit/orbit/.kimi-probe/KimiProbe.xcodeproj
    

SwiftCompile normal arm64 /Users/runner/work/orbit/orbit/src/macos/OrbitKit/Sources/OrbitKit/Net/URLSession+Orbit.swift (in target 'OrbitKit' from project 'OrbitKit')
    cd /Users/runner/work/orbit/orbit/.kimi-probe/KimiProbe.xcodeproj
    

SwiftCompile normal arm64 /Users/runner/work/orbit/orbit/src/macos/OrbitKit/Sources/OrbitKit/Realtime/ControlStream.swift (in target 'OrbitKit' from project 'OrbitKit')
    cd /Users/runner/work/orbit/orbit/.kimi-probe/KimiProbe.xcodeproj
    

SwiftCompile normal arm64 /Users/runner/work/orbit/orbit/src/macos/OrbitKit/Sources/OrbitKit/Realtime/EventStream.swift (in target 'OrbitKit' from project 'OrbitKit')
    cd /Users/runner/work/orbit/orbit/.kimi-probe/KimiProbe.xcodeproj
    

SwiftCompile normal arm64 /Users/runner/work/orbit/orbit/src/macos/OrbitKit/Sources/OrbitKit/Realtime/ReconnectPolicy.swift (in target 'OrbitKit' from project 'OrbitKit')
    cd /Users/runner/work/orbit/orbit/.kimi-probe/KimiProbe.xcodeproj
    

SwiftCompile normal arm64 /Users/runner/work/orbit/orbit/src/macos/OrbitKit/Sources/OrbitKit/Realtime/SSEFrameParser.swift (in target 'OrbitKit' from project 'OrbitKit')
    cd /Users/runner/work/orbit/orbit/.kimi-probe/KimiProbe.xcodeproj
    

SwiftCompile normal arm64 /Users/runner/work/orbit/orbit/src/macos/OrbitKit/Sources/OrbitKit/Transcript/BackgroundJobs.swift (in target 'OrbitKit' from project 'OrbitKit')
    cd /Users/runner/work/orbit/orbit/.kimi-probe/KimiProbe.xcodeproj
    

SwiftCompile normal arm64 /Users/runner/work/orbit/orbit/src/macos/OrbitKit/Sources/OrbitKit/Transcript/BackgroundSummary.swift (in target 'OrbitKit' from project 'OrbitKit')
    cd /Users/runner/work/orbit/orbit/.kimi-probe/KimiProbe.xcodeproj
    

SwiftCompile normal arm64 /Users/runner/work/orbit/orbit/src/macos/OrbitKit/Sources/OrbitKit/Transcript/ConfirmationReviewTurns.swift (in target 'OrbitKit' from project 'OrbitKit')
    cd /Users/runner/work/orbit/orbit/.kimi-probe/KimiProbe.xcodeproj
    

SwiftCompile normal arm64 /Users/runner/work/orbit/orbit/src/macos/OrbitKit/Sources/OrbitKit/Transcript/DeliveredMessage.swift (in target 'OrbitKit' from project 'OrbitKit')
    cd /Users/runner/work/orbit/orbit/.kimi-probe/KimiProbe.xcodeproj
    

SwiftCompile normal arm64 /Users/runner/work/orbit/orbit/src/macos/OrbitKit/Sources/OrbitKit/Transcript/MonospaceOutputLayout.swift (in target 'OrbitKit' from project 'OrbitKit')
    cd /Users/runner/work/orbit/orbit/.kimi-probe/KimiProbe.xcodeproj
    

SwiftCompile normal arm64 /Users/runner/work/orbit/orbit/src/macos/OrbitKit/Sources/OrbitKit/Transcript/OpenItemDelivery.swift (in target 'OrbitKit' from project 'OrbitKit')
    cd /Users/runner/work/orbit/orbit/.kimi-probe/KimiProbe.xcodeproj
    

SwiftCompile normal arm64 /Users/runner/work/orbit/orbit/src/macos/OrbitKit/Sources/OrbitKit/Transcript/ProjectStarted.swift (in target 'OrbitKit' from project 'OrbitKit')
    cd /Users/runner/work/orbit/orbit/.kimi-probe/KimiProbe.xcodeproj
    

SwiftCompile normal arm64 Compiling\ DeepSeekBalance.swift,\ DshRuntime.swift,\ EngineAuth.swift,\ EngineErrors.swift,\ EvidenceDecision.swift,\ ImageViewerGeometry.swift,\ KimiSite.swift,\ LaunchSnapshot.swift,\ LoadFailureLogic.swift,\ LoginFailure.swift,\ Markdown.swift,\ MarkdownFileRef.swift,\ MenuBar.swift,\ Navigation.swift,\ NeedsYou.swift,\ Notifications.swift,\ OpenCodeKeys.swift,\ OpenListReader.swift,\ OpenListRowUpdate.swift,\ OrbitAskPreview.swift,\ OrbitLink.swift,\ OrbitLinkCard.swift,\ OrbitLinkDestination.swift,\ OrbitLinkPlacement.swift /Users/runner/work/orbit/orbit/src/macos/OrbitKit/Sources/OrbitKit/App/DeepSeekBalance.swift /Users/runner/work/orbit/orbit/src/macos/OrbitKit/Sources/OrbitKit/App/DshRuntime.swift /Users/runner/work/orbit/orbit/src/macos/OrbitKit/Sources/OrbitKit/App/EngineAuth.swift /Users/runner/work/orbit/orbit/src/macos/OrbitKit/Sources/OrbitKit/App/EngineErrors.swift /Users/runner/work/orbit/orbit/src/macos/OrbitKit/Sources/OrbitKit/App/EvidenceDecision.swift /Users/runner/work/orbit/orbit/src/macos/OrbitKit/Sources/OrbitKit/App/ImageViewerGeometry.swift /Users/runner/work/orbit/orbit/src/macos/OrbitKit/Sources/OrbitKit/App/KimiSite.swift /Users/runner/work/orbit/orbit/src/macos/OrbitKit/Sources/OrbitKit/App/LaunchSnapshot.swift /Users/runner/work/orbit/orbit/src/macos/OrbitKit/Sources/OrbitKit/App/LoadFailureLogic.swift /Users/runner/work/orbit/orbit/src/macos/OrbitKit/Sources/OrbitKit/App/LoginFailure.swift /Users/runner/work/orbit/orbit/src/macos/OrbitKit/Sources/OrbitKit/App/Markdown.swift /Users/runner/work/orbit/orbit/src/macos/OrbitKit/Sources/OrbitKit/App/MarkdownFileRef.swift /Users/runner/work/orbit/orbit/src/macos/OrbitKit/Sources/OrbitKit/App/MenuBar.swift /Users/runner/work/orbit/orbit/src/macos/OrbitKit/Sources/OrbitKit/App/Navigation.swift /Users/runner/work/orbit/orbit/src/macos/OrbitKit/Sources/OrbitKit/App/NeedsYou.swift /Users/runner/work/orbit/orbit/src/macos/OrbitKit/Sources/OrbitKit/App/Notifications.swift /Users/runner/work/orbit/orbit/src/macos/OrbitKit/Sources/OrbitKit/App/OpenCodeKeys.swift /Users/runner/work/orbit/orbit/src/macos/OrbitKit/Sources/OrbitKit/App/OpenListReader.swift /Users/runner/work/orbit/orbit/src/macos/OrbitKit/Sources/OrbitKit/App/OpenListRowUpdate.swift /Users/runner/work/orbit/orbit/src/macos/OrbitKit/Sources/OrbitKit/App/OrbitAskPreview.swift /Users/runner/work/orbit/orbit/src/macos/OrbitKit/Sources/OrbitKit/App/OrbitLink.swift /Users/runner/work/orbit/orbit/src/macos/OrbitKit/Sources/OrbitKit/App/OrbitLinkCard.swift /Users/runner/work/orbit/orbit/src/macos/OrbitKit/Sources/OrbitKit/App/OrbitLinkDestination.swift /Users/runner/work/orbit/orbit/src/macos/OrbitKit/Sources/OrbitKit/App/OrbitLinkPlacement.swift (in target 'OrbitKit' from project 'OrbitKit')

SwiftCompile normal arm64 /Users/runner/work/orbit/orbit/src/macos/OrbitKit/Sources/OrbitKit/App/DeepSeekBalance.swift (in target 'OrbitKit' from project 'OrbitKit')
    cd /Users/runner/work/orbit/orbit/.kimi-probe/KimiProbe.xcodeproj
    

SwiftCompile normal arm64 /Users/runner/work/orbit/orbit/src/macos/OrbitKit/Sources/OrbitKit/App/DshRuntime.swift (in target 'OrbitKit' from project 'OrbitKit')
    cd /Users/runner/work/orbit/orbit/.kimi-probe/KimiProbe.xcodeproj
    

SwiftCompile normal arm64 /Users/runner/work/orbit/orbit/src/macos/OrbitKit/Sources/OrbitKit/App/EngineAuth.swift (in target 'OrbitKit' from project 'OrbitKit')
    cd /Users/runner/work/orbit/orbit/.kimi-probe/KimiProbe.xcodeproj
    

SwiftCompile normal arm64 /Users/runner/work/orbit/orbit/src/macos/OrbitKit/Sources/OrbitKit/App/EngineErrors.swift (in target 'OrbitKit' from project 'OrbitKit')
    cd /Users/runner/work/orbit/orbit/.kimi-probe/KimiProbe.xcodeproj
    

SwiftCompile normal arm64 /Users/runner/work/orbit/orbit/src/macos/OrbitKit/Sources/OrbitKit/App/EvidenceDecision.swift (in target 'OrbitKit' from project 'OrbitKit')
    cd /Users/runner/work/orbit/orbit/.kimi-probe/KimiProbe.xcodeproj
    

SwiftCompile normal arm64 /Users/runner/work/orbit/orbit/src/macos/OrbitKit/Sources/OrbitKit/App/ImageViewerGeometry.swift (in target 'OrbitKit' from project 'OrbitKit')
    cd /Users/runner/work/orbit/orbit/.kimi-probe/KimiProbe.xcodeproj
    

SwiftCompile normal arm64 /Users/runner/work/orbit/orbit/src/macos/OrbitKit/Sources/OrbitKit/App/KimiSite.swift (in target 'OrbitKit' from project 'OrbitKit')
    cd /Users/runner/work/orbit/orbit/.kimi-probe/KimiProbe.xcodeproj
    

SwiftCompile normal arm64 /Users/runner/work/orbit/orbit/src/macos/OrbitKit/Sources/OrbitKit/App/LaunchSnapshot.swift (in target 'OrbitKit' from project 'OrbitKit')
    cd /Users/runner/work/orbit/orbit/.kimi-probe/KimiProbe.xcodeproj
    

SwiftCompile normal arm64 /Users/runner/work/orbit/orbit/src/macos/OrbitKit/Sources/OrbitKit/App/LoadFailureLogic.swift (in target 'OrbitKit' from project 'OrbitKit')
    cd /Users/runner/work/orbit/orbit/.kimi-probe/KimiProbe.xcodeproj
    

SwiftCompile normal arm64 /Users/runner/work/orbit/orbit/src/macos/OrbitKit/Sources/OrbitKit/App/LoginFailure.swift (in target 'OrbitKit' from project 'OrbitKit')
    cd /Users/runner/work/orbit/orbit/.kimi-probe/KimiProbe.xcodeproj
    

SwiftCompile normal arm64 /Users/runner/work/orbit/orbit/src/macos/OrbitKit/Sources/OrbitKit/App/Markdown.swift (in target 'OrbitKit' from project 'OrbitKit')
    cd /Users/runner/work/orbit/orbit/.kimi-probe/KimiProbe.xcodeproj
    

SwiftCompile normal arm64 /Users/runner/work/orbit/orbit/src/macos/OrbitKit/Sources/OrbitKit/App/MarkdownFileRef.swift (in target 'OrbitKit' from project 'OrbitKit')
    cd /Users/runner/work/orbit/orbit/.kimi-probe/KimiProbe.xcodeproj
    

SwiftCompile normal arm64 /Users/runner/work/orbit/orbit/src/macos/OrbitKit/Sources/OrbitKit/App/MenuBar.swift (in target 'OrbitKit' from project 'OrbitKit')
    cd /Users/runner/work/orbit/orbit/.kimi-probe/KimiProbe.xcodeproj
    

SwiftCompile normal arm64 /Users/runner/work/orbit/orbit/src/macos/OrbitKit/Sources/OrbitKit/App/Navigation.swift (in target 'OrbitKit' from project 'OrbitKit')
    cd /Users/runner/work/orbit/orbit/.kimi-probe/KimiProbe.xcodeproj
    

SwiftCompile normal arm64 /Users/runner/work/orbit/orbit/src/macos/OrbitKit/Sources/OrbitKit/App/NeedsYou.swift (in target 'OrbitKit' from project 'OrbitKit')
    cd /Users/runner/work/orbit/orbit/.kimi-probe/KimiProbe.xcodeproj
    

SwiftCompile normal arm64 /Users/runner/work/orbit/orbit/src/macos/OrbitKit/Sources/OrbitKit/App/Notifications.swift (in target 'OrbitKit' from project 'OrbitKit')
    cd /Users/runner/work/orbit/orbit/.kimi-probe/KimiProbe.xcodeproj
    

SwiftCompile normal arm64 /Users/runner/work/orbit/orbit/src/macos/OrbitKit/Sources/OrbitKit/App/OpenCodeKeys.swift (in target 'OrbitKit' from project 'OrbitKit')
    cd /Users/runner/work/orbit/orbit/.kimi-probe/KimiProbe.xcodeproj
    

SwiftCompile normal arm64 /Users/runner/work/orbit/orbit/src/macos/OrbitKit/Sources/OrbitKit/App/OpenListReader.swift (in target 'OrbitKit' from project 'OrbitKit')
    cd /Users/runner/work/orbit/orbit/.kimi-probe/KimiProbe.xcodeproj
    

SwiftCompile normal arm64 /Users/runner/work/orbit/orbit/src/macos/OrbitKit/Sources/OrbitKit/App/OpenListRowUpdate.swift (in target 'OrbitKit' from project 'OrbitKit')
    cd /Users/runner/work/orbit/orbit/.kimi-probe/KimiProbe.xcodeproj
    

SwiftCompile normal arm64 /Users/runner/work/orbit/orbit/src/macos/OrbitKit/Sources/OrbitKit/App/OrbitAskPreview.swift (in target 'OrbitKit' from project 'OrbitKit')
    cd /Users/runner/work/orbit/orbit/.kimi-probe/KimiProbe.xcodeproj
    

SwiftCompile normal arm64 /Users/runner/work/orbit/orbit/src/macos/OrbitKit/Sources/OrbitKit/App/OrbitLink.swift (in target 'OrbitKit' from project 'OrbitKit')
    cd /Users/runner/work/orbit/orbit/.kimi-probe/KimiProbe.xcodeproj
    

SwiftCompile normal arm64 /Users/runner/work/orbit/orbit/src/macos/OrbitKit/Sources/OrbitKit/App/OrbitLinkCard.swift (in target 'OrbitKit' from project 'OrbitKit')
    cd /Users/runner/work/orbit/orbit/.kimi-probe/KimiProbe.xcodeproj
    

SwiftCompile normal arm64 /Users/runner/work/orbit/orbit/src/macos/OrbitKit/Sources/OrbitKit/App/OrbitLinkDestination.swift (in target 'OrbitKit' from project 'OrbitKit')
    cd /Users/runner/work/orbit/orbit/.kimi-probe/KimiProbe.xcodeproj
    

SwiftCompile normal arm64 /Users/runner/work/orbit/orbit/src/macos/OrbitKit/Sources/OrbitKit/App/OrbitLinkPlacement.swift (in target 'OrbitKit' from project 'OrbitKit')
    cd /Users/runner/work/orbit/orbit/.kimi-probe/KimiProbe.xcodeproj
    

SwiftDriverJobDiscovery normal arm64 Compiling ReferencedTask.swift, ScrubRailGeometry.swift, SessionMessage.swift, SessionPreviewImages.swift, SessionRequest.swift, SessionStore.swift, SteerDelivery.swift, StickyQuestionHold.swift, StickySummary.swift, TailPinning.swift, TaskProgress.swift, TaskProgressCopy.swift, TaskStart.swift, ThinkingSummary.swift, ToolDisplay.swift, ToolGroupSummary.swift, ToolResultContent.swift, Transcript.swift, TranscriptRecordAnchor.swift, TranscriptReducer.swift, TranscriptRows.swift, TranscriptStore.swift, TurnCards.swift (in target 'OrbitKit' from project 'OrbitKit')

SwiftCompile normal arm64 Compiling\ SessionWorkspaceMove.swift,\ SettingsHome.swift,\ ShareMarkdown.swift,\ SharePanel.swift,\ SharedLinksList.swift,\ SharedPoolAdapter.swift,\ SharedPoolPage.swift,\ SkillsLogic.swift,\ StartProject.swift,\ TagChipColor.swift,\ TaskDetailPage.swift,\ TaskJudgment.swift,\ TaskListCopy.swift,\ TaskListLogic.swift,\ TaskPageIncrementalReducer.swift,\ TaskReopen.swift,\ TaskRunHandoff.swift,\ TextFilePreview.swift,\ ToastFeed.swift,\ UnifiedDiff.swift,\ WatchEditing.swift,\ WatchProjection.swift,\ WatchStateMachine.swift /Users/runner/work/orbit/orbit/src/macos/OrbitKit/Sources/OrbitKit/App/SessionWorkspaceMove.swift /Users/runner/work/orbit/orbit/src/macos/OrbitKit/Sources/OrbitKit/App/SettingsHome.swift /Users/runner/work/orbit/orbit/src/macos/OrbitKit/Sources/OrbitKit/App/ShareMarkdown.swift /Users/runner/work/orbit/orbit/src/macos/OrbitKit/Sources/OrbitKit/App/SharePanel.swift /Users/runner/work/orbit/orbit/src/macos/OrbitKit/Sources/OrbitKit/App/SharedLinksList.swift /Users/runner/work/orbit/orbit/src/macos/OrbitKit/Sources/OrbitKit/App/SharedPoolAdapter.swift /Users/runner/work/orbit/orbit/src/macos/OrbitKit/Sources/OrbitKit/App/SharedPoolPage.swift /Users/runner/work/orbit/orbit/src/macos/OrbitKit/Sources/OrbitKit/App/SkillsLogic.swift /Users/runner/work/orbit/orbit/src/macos/OrbitKit/Sources/OrbitKit/App/StartProject.swift /Users/runner/work/orbit/orbit/src/macos/OrbitKit/Sources/OrbitKit/App/TagChipColor.swift /Users/runner/work/orbit/orbit/src/macos/OrbitKit/Sources/OrbitKit/App/TaskDetailPage.swift /Users/runner/work/orbit/orbit/src/macos/OrbitKit/Sources/OrbitKit/App/TaskJudgment.swift /Users/runner/work/orbit/orbit/src/macos/OrbitKit/Sources/OrbitKit/App/TaskListCopy.swift /Users/runner/work/orbit/orbit/src/macos/OrbitKit/Sources/OrbitKit/App/TaskListLogic.swift /Users/runner/work/orbit/orbit/src/macos/OrbitKit/Sources/OrbitKit/App/TaskPageIncrementalReducer.swift /Users/runner/work/orbit/orbit/src/macos/OrbitKit/Sources/OrbitKit/App/TaskReopen.swift /Users/runner/work/orbit/orbit/src/macos/OrbitKit/Sources/OrbitKit/App/TaskRunHandoff.swift /Users/runner/work/orbit/orbit/src/macos/OrbitKit/Sources/OrbitKit/App/TextFilePreview.swift /Users/runner/work/orbit/orbit/src/macos/OrbitKit/Sources/OrbitKit/App/ToastFeed.swift /Users/runner/work/orbit/orbit/src/macos/OrbitKit/Sources/OrbitKit/App/UnifiedDiff.swift /Users/runner/work/orbit/orbit/src/macos/OrbitKit/Sources/OrbitKit/App/WatchEditing.swift /Users/runner/work/orbit/orbit/src/macos/OrbitKit/Sources/OrbitKit/App/WatchProjection.swift /Users/runner/work/orbit/orbit/src/macos/OrbitKit/Sources/OrbitKit/App/WatchStateMachine.swift (in target 'OrbitKit' from project 'OrbitKit')

SwiftCompile normal arm64 /Users/runner/work/orbit/orbit/src/macos/OrbitKit/Sources/OrbitKit/App/SessionWorkspaceMove.swift (in target 'OrbitKit' from project 'OrbitKit')
    cd /Users/runner/work/orbit/orbit/.kimi-probe/KimiProbe.xcodeproj
    

SwiftCompile normal arm64 /Users/runner/work/orbit/orbit/src/macos/OrbitKit/Sources/OrbitKit/App/SettingsHome.swift (in target 'OrbitKit' from project 'OrbitKit')
    cd /Users/runner/work/orbit/orbit/.kimi-probe/KimiProbe.xcodeproj
    

SwiftCompile normal arm64 /Users/runner/work/orbit/orbit/src/macos/OrbitKit/Sources/OrbitKit/App/ShareMarkdown.swift (in target 'OrbitKit' from project 'OrbitKit')
    cd /Users/runner/work/orbit/orbit/.kimi-probe/KimiProbe.xcodeproj
    

SwiftCompile normal arm64 /Users/runner/work/orbit/orbit/src/macos/OrbitKit/Sources/OrbitKit/App/SharePanel.swift (in target 'OrbitKit' from project 'OrbitKit')
    cd /Users/runner/work/orbit/orbit/.kimi-probe/KimiProbe.xcodeproj
    

SwiftCompile normal arm64 /Users/runner/work/orbit/orbit/src/macos/OrbitKit/Sources/OrbitKit/App/SharedLinksList.swift (in target 'OrbitKit' from project 'OrbitKit')
    cd /Users/runner/work/orbit/orbit/.kimi-probe/KimiProbe.xcodeproj
    

SwiftCompile normal arm64 /Users/runner/work/orbit/orbit/src/macos/OrbitKit/Sources/OrbitKit/App/SharedPoolAdapter.swift (in target 'OrbitKit' from project 'OrbitKit')
    cd /Users/runner/work/orbit/orbit/.kimi-probe/KimiProbe.xcodeproj
    

SwiftCompile normal arm64 /Users/runner/work/orbit/orbit/src/macos/OrbitKit/Sources/OrbitKit/App/SharedPoolPage.swift (in target 'OrbitKit' from project 'OrbitKit')
    cd /Users/runner/work/orbit/orbit/.kimi-probe/KimiProbe.xcodeproj
    

SwiftCompile normal arm64 /Users/runner/work/orbit/orbit/src/macos/OrbitKit/Sources/OrbitKit/App/SkillsLogic.swift (in target 'OrbitKit' from project 'OrbitKit')
    cd /Users/runner/work/orbit/orbit/.kimi-probe/KimiProbe.xcodeproj
    

SwiftCompile normal arm64 /Users/runner/work/orbit/orbit/src/macos/OrbitKit/Sources/OrbitKit/App/StartProject.swift (in target 'OrbitKit' from project 'OrbitKit')
    cd /Users/runner/work/orbit/orbit/.kimi-probe/KimiProbe.xcodeproj
    

SwiftCompile normal arm64 /Users/runner/work/orbit/orbit/src/macos/OrbitKit/Sources/OrbitKit/App/TagChipColor.swift (in target 'OrbitKit' from project 'OrbitKit')
    cd /Users/runner/work/orbit/orbit/.kimi-probe/KimiProbe.xcodeproj
    

SwiftCompile normal arm64 /Users/runner/work/orbit/orbit/src/macos/OrbitKit/Sources/OrbitKit/App/TaskDetailPage.swift (in target 'OrbitKit' from project 'OrbitKit')
    cd /Users/runner/work/orbit/orbit/.kimi-probe/KimiProbe.xcodeproj
    

SwiftCompile normal arm64 /Users/runner/work/orbit/orbit/src/macos/OrbitKit/Sources/OrbitKit/App/TaskJudgment.swift (in target 'OrbitKit' from project 'OrbitKit')
    cd /Users/runner/work/orbit/orbit/.kimi-probe/KimiProbe.xcodeproj
    

SwiftCompile normal arm64 /Users/runner/work/orbit/orbit/src/macos/OrbitKit/Sources/OrbitKit/App/TaskListCopy.swift (in target 'OrbitKit' from project 'OrbitKit')
    cd /Users/runner/work/orbit/orbit/.kimi-probe/KimiProbe.xcodeproj
    

SwiftCompile normal arm64 /Users/runner/work/orbit/orbit/src/macos/OrbitKit/Sources/OrbitKit/App/TaskListLogic.swift (in target 'OrbitKit' from project 'OrbitKit')
    cd /Users/runner/work/orbit/orbit/.kimi-probe/KimiProbe.xcodeproj
    

SwiftCompile normal arm64 /Users/runner/work/orbit/orbit/src/macos/OrbitKit/Sources/OrbitKit/App/TaskPageIncrementalReducer.swift (in target 'OrbitKit' from project 'OrbitKit')
    cd /Users/runner/work/orbit/orbit/.kimi-probe/KimiProbe.xcodeproj
    

SwiftCompile normal arm64 /Users/runner/work/orbit/orbit/src/macos/OrbitKit/Sources/OrbitKit/App/TaskReopen.swift (in target 'OrbitKit' from project 'OrbitKit')
    cd /Users/runner/work/orbit/orbit/.kimi-probe/KimiProbe.xcodeproj
    

SwiftCompile normal arm64 /Users/runner/work/orbit/orbit/src/macos/OrbitKit/Sources/OrbitKit/App/TaskRunHandoff.swift (in target 'OrbitKit' from project 'OrbitKit')
    cd /Users/runner/work/orbit/orbit/.kimi-probe/KimiProbe.xcodeproj
    

SwiftCompile normal arm64 /Users/runner/work/orbit/orbit/src/macos/OrbitKit/Sources/OrbitKit/App/TextFilePreview.swift (in target 'OrbitKit' from project 'OrbitKit')
    cd /Users/runner/work/orbit/orbit/.kimi-probe/KimiProbe.xcodeproj
    

SwiftCompile normal arm64 /Users/runner/work/orbit/orbit/src/macos/OrbitKit/Sources/OrbitKit/App/ToastFeed.swift (in target 'OrbitKit' from project 'OrbitKit')
    cd /Users/runner/work/orbit/orbit/.kimi-probe/KimiProbe.xcodeproj
    

SwiftCompile normal arm64 /Users/runner/work/orbit/orbit/src/macos/OrbitKit/Sources/OrbitKit/App/UnifiedDiff.swift (in target 'OrbitKit' from project 'OrbitKit')
    cd /Users/runner/work/orbit/orbit/.kimi-probe/KimiProbe.xcodeproj
    

SwiftCompile normal arm64 /Users/runner/work/orbit/orbit/src/macos/OrbitKit/Sources/OrbitKit/App/WatchEditing.swift (in target 'OrbitKit' from project 'OrbitKit')
    cd /Users/runner/work/orbit/orbit/.kimi-probe/KimiProbe.xcodeproj
    

SwiftCompile normal arm64 /Users/runner/work/orbit/orbit/src/macos/OrbitKit/Sources/OrbitKit/App/WatchProjection.swift (in target 'OrbitKit' from project 'OrbitKit')
    cd /Users/runner/work/orbit/orbit/.kimi-probe/KimiProbe.xcodeproj
    

SwiftCompile normal arm64 /Users/runner/work/orbit/orbit/src/macos/OrbitKit/Sources/OrbitKit/App/WatchStateMachine.swift (in target 'OrbitKit' from project 'OrbitKit')
    cd /Users/runner/work/orbit/orbit/.kimi-probe/KimiProbe.xcodeproj
    

SwiftDriverJobDiscovery normal arm64 Emitting module for OrbitKit (in target 'OrbitKit' from project 'OrbitKit')

SwiftDriver\ Compilation\ Requirements OrbitKit normal arm64 com.apple.xcode.tools.swift.compiler (in target 'OrbitKit' from project 'OrbitKit')
    cd /Users/runner/work/orbit/orbit/.kimi-probe/KimiProbe.xcodeproj
    builtin-Swift-Compilation-Requirements -- /Applications/Xcode_26.6.app/Contents/Developer/Toolchains/XcodeDefault.xctoolchain/usr/bin/swiftc -module-name OrbitKit -Onone @/Users/runner/work/orbit/orbit/.kimi-probe/.dd-ios/Build/Intermediates.noindex/OrbitKit.build/Debug-iphonesimulator/OrbitKit.build/Objects-normal/arm64/OrbitKit.SwiftFileList -DSWIFT_PACKAGE -DDEBUG -DSWIFT_MODULE_RESOURCE_BUNDLE_UNAVAILABLE -DXcode -plugin-path /Applications/Xcode_26.6.app/Contents/Developer/Toolchains/XcodeDefault.xctoolchain/usr/lib/swift/host/plugins/testing -enable-experimental-feature DebugDescriptionMacro -sdk /Applications/Xcode_26.6.app/Contents/Developer/Platforms/iPhoneSimulator.platform/Developer/SDKs/iPhoneSimulator26.5.sdk -target arm64-apple-ios17.0-simulator -g -module-cache-path /Users/runner/work/orbit/orbit/.kimi-probe/.dd-ios/ModuleCache.noindex -Xfrontend -serialize-debugging-options -enable-testing -index-store-path /Users/runner/work/orbit/orbit/.kimi-probe/.dd-ios/Index.noindex/DataStore -Xcc -D_LIBCPP_HARDENING_MODE\=_LIBCPP_HARDENING_MODE_DEBUG -swift-version 5 -I /Users/runner/work/orbit/orbit/.kimi-probe/.dd-ios/Build/Products/Debug-iphonesimulator -Isystem /Applications/Xcode_26.6.app/Contents/Developer/Platforms/iPhoneSimulator.platform/Developer/usr/lib -F /Users/runner/work/orbit/orbit/.kimi-probe/.dd-ios/Build/Products/Debug-iphonesimulator/PackageFrameworks -F /Users/runner/work/orbit/orbit/.kimi-probe/.dd-ios/Build/Products/Debug-iphonesimulator/PackageFrameworks -F /Users/runner/work/orbit/orbit/.kimi-probe/.dd-ios/Build/Products/Debug-iphonesimulator/PackageFrameworks -F /Users/runner/work/orbit/orbit/.kimi-probe/.dd-ios/Build/Products/Debug-iphonesimulator/PackageFrameworks -F /Users/runner/work/orbit/orbit/.kimi-probe/.dd-ios/Build/Products/Debug-iphonesimulator -F /Applications/Xcode_26.6.app/Contents/Developer/Platforms/iPhoneSimulator.platform/Developer/Library/Frameworks -F /Applications/Xcode_26.6.app/Contents/Developer/Platforms/iPhoneSimulator.platform/Developer/SDKs/iPhoneSimulator26.5.sdk/Developer/Library/Frameworks -c -j3 -enable-batch-mode -incremental -Xcc -ivfsstatcache -Xcc /Users/runner/work/orbit/orbit/.kimi-probe/.dd-ios/SDKStatCaches.noindex/iphonesimulator26.5-23F81a-688ef53f1462e2c8f657fdc38a81448ff45c64a1807a658693f2a61704f17a36.sdkstatcache -output-file-map /Users/runner/work/orbit/orbit/.kimi-probe/.dd-ios/Build/Intermediates.noindex/OrbitKit.build/Debug-iphonesimulator/OrbitKit.build/Objects-normal/arm64/OrbitKit-OutputFileMap.json -use-frontend-parseable-output -save-temps -no-color-diagnostics -explicit-module-build -module-cache-path /Users/runner/work/orbit/orbit/.kimi-probe/.dd-ios/Build/Intermediates.noindex/SwiftExplicitPrecompiledModules -clang-scanner-module-cache-path /Users/runner/work/orbit/orbit/.kimi-probe/.dd-ios/ModuleCache.noindex -sdk-module-cache-path /Users/runner/work/orbit/orbit/.kimi-probe/.dd-ios/ModuleCache.noindex -serialize-diagnostics -emit-dependencies -emit-module -emit-module-path /Users/runner/work/orbit/orbit/.kimi-probe/.dd-ios/Build/Intermediates.noindex/OrbitKit.build/Debug-iphonesimulator/OrbitKit.build/Objects-normal/arm64/OrbitKit.swiftmodule -validate-clang-modules-once -clang-build-session-file /Users/runner/work/orbit/orbit/.kimi-probe/.dd-ios/ModuleCache.noindex/Session.modulevalidation -package-name orbitkit -Xcc -I/Users/runner/work/orbit/orbit/.kimi-probe/.dd-ios/Build/Intermediates.noindex/OrbitKit.build/Debug-iphonesimulator/OrbitKit.build/swift-overrides.hmap -emit-const-values -Xfrontend -const-gather-protocols-file -Xfrontend /Users/runner/work/orbit/orbit/.kimi-probe/.dd-ios/Build/Intermediates.noindex/OrbitKit.build/Debug-iphonesimulator/OrbitKit.build/Objects-normal/arm64/OrbitKit_const_extract_protocols.json -Xcc -I/Users/runner/work/orbit/orbit/.kimi-probe/.dd-ios/SourcePackages/checkouts/swift-cmark/src/include -Xcc -I/Users/runner/work/orbit/orbit/.kimi-probe/.dd-ios/SourcePackages/checkouts/swift-cmark/extensions/include -Xcc -I/Users/runner/work/orbit/orbit/.kimi-probe/.dd-ios/SourcePackages/checkouts/swift-markdown/Sources/CAtomic/include -Xcc -I/Users/runner/work/orbit/orbit/.kimi-probe/.dd-ios/Build/Products/Debug-iphonesimulator/include -Xcc -I/Users/runner/work/orbit/orbit/.kimi-probe/.dd-ios/Build/Intermediates.noindex/OrbitKit.build/Debug-iphonesimulator/OrbitKit.build/DerivedSources-normal/arm64 -Xcc -I/Users/runner/work/orbit/orbit/.kimi-probe/.dd-ios/Build/Intermediates.noindex/OrbitKit.build/Debug-iphonesimulator/OrbitKit.build/DerivedSources/arm64 -Xcc -I/Users/runner/work/orbit/orbit/.kimi-probe/.dd-ios/Build/Intermediates.noindex/OrbitKit.build/Debug-iphonesimulator/OrbitKit.build/DerivedSources -Xcc -DSWIFT_PACKAGE -Xcc -DDEBUG\=1 -emit-objc-header -emit-objc-header-path /Users/runner/work/orbit/orbit/.kimi-probe/.dd-ios/Build/Intermediates.noindex/OrbitKit.build/Debug-iphonesimulator/OrbitKit.build/Objects-normal/arm64/OrbitKit-Swift.h -working-directory /Users/runner/work/orbit/orbit/.kimi-probe/KimiProbe.xcodeproj -experimental-emit-module-separately -disable-cmo

SwiftDriverJobDiscovery normal arm64 Compiling DeepSeekBalance.swift, DshRuntime.swift, EngineAuth.swift, EngineErrors.swift, EvidenceDecision.swift, ImageViewerGeometry.swift, KimiSite.swift, LaunchSnapshot.swift, LoadFailureLogic.swift, LoginFailure.swift, Markdown.swift, MarkdownFileRef.swift, MenuBar.swift, Navigation.swift, NeedsYou.swift, Notifications.swift, OpenCodeKeys.swift, OpenListReader.swift, OpenListRowUpdate.swift, OrbitAskPreview.swift, OrbitLink.swift, OrbitLinkCard.swift, OrbitLinkDestination.swift, OrbitLinkPlacement.swift (in target 'OrbitKit' from project 'OrbitKit')

SwiftCompile normal arm64 Compiling\ JSONValue.swift,\ LinkPreviews.swift,\ MergeRecovery.swift,\ OpenListDelta.swift,\ Preferences.swift,\ ProjectDetail.swift,\ ProjectOwnerItems.swift,\ ProjectPlan.swift,\ Projects.swift,\ ProviderBalance.swift,\ ProviderPools.swift,\ Providers.swift,\ PublicID.swift,\ Push.swift,\ RunEvent.swift,\ Runners.swift,\ SessionCreatedTasks.swift,\ SessionFolder.swift,\ SessionMoveTargets.swift,\ SessionProjectMembership.swift,\ ShareLinks.swift,\ SharedPools.swift,\ SourceRefusal.swift /Users/runner/work/orbit/orbit/src/macos/OrbitKit/Sources/OrbitKit/Models/JSONValue.swift /Users/runner/work/orbit/orbit/src/macos/OrbitKit/Sources/OrbitKit/Models/LinkPreviews.swift /Users/runner/work/orbit/orbit/src/macos/OrbitKit/Sources/OrbitKit/Models/MergeRecovery.swift /Users/runner/work/orbit/orbit/src/macos/OrbitKit/Sources/OrbitKit/Models/OpenListDelta.swift /Users/runner/work/orbit/orbit/src/macos/OrbitKit/Sources/OrbitKit/Models/Preferences.swift /Users/runner/work/orbit/orbit/src/macos/OrbitKit/Sources/OrbitKit/Models/ProjectDetail.swift /Users/runner/work/orbit/orbit/src/macos/OrbitKit/Sources/OrbitKit/Models/ProjectOwnerItems.swift /Users/runner/work/orbit/orbit/src/macos/OrbitKit/Sources/OrbitKit/Models/ProjectPlan.swift /Users/runner/work/orbit/orbit/src/macos/OrbitKit/Sources/OrbitKit/Models/Projects.swift /Users/runner/work/orbit/orbit/src/macos/OrbitKit/Sources/OrbitKit/Models/ProviderBalance.swift /Users/runner/work/orbit/orbit/src/macos/OrbitKit/Sources/OrbitKit/Models/ProviderPools.swift /Users/runner/work/orbit/orbit/src/macos/OrbitKit/Sources/OrbitKit/Models/Providers.swift /Users/runner/work/orbit/orbit/src/macos/OrbitKit/Sources/OrbitKit/Models/PublicID.swift /Users/runner/work/orbit/orbit/src/macos/OrbitKit/Sources/OrbitKit/Models/Push.swift /Users/runner/work/orbit/orbit/src/macos/OrbitKit/Sources/OrbitKit/Models/RunEvent.swift /Users/runner/work/orbit/orbit/src/macos/OrbitKit/Sources/OrbitKit/Models/Runners.swift /Users/runner/work/orbit/orbit/src/macos/OrbitKit/Sources/OrbitKit/Models/SessionCreatedTasks.swift /Users/runner/work/orbit/orbit/src/macos/OrbitKit/Sources/OrbitKit/Models/SessionFolder.swift /Users/runner/work/orbit/orbit/src/macos/OrbitKit/Sources/OrbitKit/Models/SessionMoveTargets.swift /Users/runner/work/orbit/orbit/src/macos/OrbitKit/Sources/OrbitKit/Models/SessionProjectMembership.swift /Users/runner/work/orbit/orbit/src/macos/OrbitKit/Sources/OrbitKit/Models/ShareLinks.swift /Users/runner/work/orbit/orbit/src/macos/OrbitKit/Sources/OrbitKit/Models/SharedPools.swift /Users/runner/work/orbit/orbit/src/macos/OrbitKit/Sources/OrbitKit/Models/SourceRefusal.swift (in target 'OrbitKit' from project 'OrbitKit')
SwiftCompile normal arm64 /Users/runner/work/orbit/orbit/src/macos/OrbitKit/Sources/OrbitKit/Models/JSONValue.swift (in target 'OrbitKit' from project 'OrbitKit')
    cd /Users/runner/work/orbit/orbit/.kimi-probe/KimiProbe.xcodeproj
    

SwiftCompile normal arm64 /Users/runner/work/orbit/orbit/src/macos/OrbitKit/Sources/OrbitKit/Models/LinkPreviews.swift (in target 'OrbitKit' from project 'OrbitKit')
    cd /Users/runner/work/orbit/orbit/.kimi-probe/KimiProbe.xcodeproj
    

SwiftCompile normal arm64 /Users/runner/work/orbit/orbit/src/macos/OrbitKit/Sources/OrbitKit/Models/MergeRecovery.swift (in target 'OrbitKit' from project 'OrbitKit')
    cd /Users/runner/work/orbit/orbit/.kimi-probe/KimiProbe.xcodeproj
    

SwiftCompile normal arm64 /Users/runner/work/orbit/orbit/src/macos/OrbitKit/Sources/OrbitKit/Models/OpenListDelta.swift (in target 'OrbitKit' from project 'OrbitKit')
    cd /Users/runner/work/orbit/orbit/.kimi-probe/KimiProbe.xcodeproj
    

SwiftCompile normal arm64 /Users/runner/work/orbit/orbit/src/macos/OrbitKit/Sources/OrbitKit/Models/Preferences.swift (in target 'OrbitKit' from project 'OrbitKit')
    cd /Users/runner/work/orbit/orbit/.kimi-probe/KimiProbe.xcodeproj
    

SwiftCompile normal arm64 /Users/runner/work/orbit/orbit/src/macos/OrbitKit/Sources/OrbitKit/Models/ProjectDetail.swift (in target 'OrbitKit' from project 'OrbitKit')
    cd /Users/runner/work/orbit/orbit/.kimi-probe/KimiProbe.xcodeproj
    

SwiftCompile normal arm64 /Users/runner/work/orbit/orbit/src/macos/OrbitKit/Sources/OrbitKit/Models/ProjectOwnerItems.swift (in target 'OrbitKit' from project 'OrbitKit')
    cd /Users/runner/work/orbit/orbit/.kimi-probe/KimiProbe.xcodeproj
    

SwiftCompile normal arm64 /Users/runner/work/orbit/orbit/src/macos/OrbitKit/Sources/OrbitKit/Models/ProjectPlan.swift (in target 'OrbitKit' from project 'OrbitKit')
    cd /Users/runner/work/orbit/orbit/.kimi-probe/KimiProbe.xcodeproj
    

SwiftCompile normal arm64 /Users/runner/work/orbit/orbit/src/macos/OrbitKit/Sources/OrbitKit/Models/Projects.swift (in target 'OrbitKit' from project 'OrbitKit')
    cd /Users/runner/work/orbit/orbit/.kimi-probe/KimiProbe.xcodeproj
    

SwiftCompile normal arm64 /Users/runner/work/orbit/orbit/src/macos/OrbitKit/Sources/OrbitKit/Models/ProviderBalance.swift (in target 'OrbitKit' from project 'OrbitKit')
    cd /Users/runner/work/orbit/orbit/.kimi-probe/KimiProbe.xcodeproj
    

SwiftCompile normal arm64 /Users/runner/work/orbit/orbit/src/macos/OrbitKit/Sources/OrbitKit/Models/ProviderPools.swift (in target 'OrbitKit' from project 'OrbitKit')
    cd /Users/runner/work/orbit/orbit/.kimi-probe/KimiProbe.xcodeproj
    

SwiftCompile normal arm64 /Users/runner/work/orbit/orbit/src/macos/OrbitKit/Sources/OrbitKit/Models/Providers.swift (in target 'OrbitKit' from project 'OrbitKit')
    cd /Users/runner/work/orbit/orbit/.kimi-probe/KimiProbe.xcodeproj
    

SwiftCompile normal arm64 /Users/runner/work/orbit/orbit/src/macos/OrbitKit/Sources/OrbitKit/Models/PublicID.swift (in target 'OrbitKit' from project 'OrbitKit')
    cd /Users/runner/work/orbit/orbit/.kimi-probe/KimiProbe.xcodeproj
    

SwiftCompile normal arm64 /Users/runner/work/orbit/orbit/src/macos/OrbitKit/Sources/OrbitKit/Models/Push.swift (in target 'OrbitKit' from project 'OrbitKit')
    cd /Users/runner/work/orbit/orbit/.kimi-probe/KimiProbe.xcodeproj
    

SwiftCompile normal arm64 /Users/runner/work/orbit/orbit/src/macos/OrbitKit/Sources/OrbitKit/Models/RunEvent.swift (in target 'OrbitKit' from project 'OrbitKit')
    cd /Users/runner/work/orbit/orbit/.kimi-probe/KimiProbe.xcodeproj
    

SwiftCompile normal arm64 /Users/runner/work/orbit/orbit/src/macos/OrbitKit/Sources/OrbitKit/Models/Runners.swift (in target 'OrbitKit' from project 'OrbitKit')
    cd /Users/runner/work/orbit/orbit/.kimi-probe/KimiProbe.xcodeproj
    

SwiftCompile normal arm64 /Users/runner/work/orbit/orbit/src/macos/OrbitKit/Sources/OrbitKit/Models/SessionCreatedTasks.swift (in target 'OrbitKit' from project 'OrbitKit')
    cd /Users/runner/work/orbit/orbit/.kimi-probe/KimiProbe.xcodeproj
    

SwiftCompile normal arm64 /Users/runner/work/orbit/orbit/src/macos/OrbitKit/Sources/OrbitKit/Models/SessionFolder.swift (in target 'OrbitKit' from project 'OrbitKit')
    cd /Users/runner/work/orbit/orbit/.kimi-probe/KimiProbe.xcodeproj
    

SwiftCompile normal arm64 /Users/runner/work/orbit/orbit/src/macos/OrbitKit/Sources/OrbitKit/Models/SessionMoveTargets.swift (in target 'OrbitKit' from project 'OrbitKit')
    cd /Users/runner/work/orbit/orbit/.kimi-probe/KimiProbe.xcodeproj
    

SwiftCompile normal arm64 /Users/runner/work/orbit/orbit/src/macos/OrbitKit/Sources/OrbitKit/Models/SessionProjectMembership.swift (in target 'OrbitKit' from project 'OrbitKit')
    cd /Users/runner/work/orbit/orbit/.kimi-probe/KimiProbe.xcodeproj
    

SwiftCompile normal arm64 /Users/runner/work/orbit/orbit/src/macos/OrbitKit/Sources/OrbitKit/Models/ShareLinks.swift (in target 'OrbitKit' from project 'OrbitKit')
    cd /Users/runner/work/orbit/orbit/.kimi-probe/KimiProbe.xcodeproj
    

SwiftCompile normal arm64 /Users/runner/work/orbit/orbit/src/macos/OrbitKit/Sources/OrbitKit/Models/SharedPools.swift (in target 'OrbitKit' from project 'OrbitKit')
    cd /Users/runner/work/orbit/orbit/.kimi-probe/KimiProbe.xcodeproj
    

SwiftCompile normal arm64 /Users/runner/work/orbit/orbit/src/macos/OrbitKit/Sources/OrbitKit/Models/SourceRefusal.swift (in target 'OrbitKit' from project 'OrbitKit')
    cd /Users/runner/work/orbit/orbit/.kimi-probe/KimiProbe.xcodeproj
    

SwiftMergeGeneratedHeaders /Users/runner/work/orbit/orbit/.kimi-probe/.dd-ios/Build/Intermediates.noindex/GeneratedModuleMaps-iphonesimulator/OrbitKit-Swift.h /Users/runner/work/orbit/orbit/.kimi-probe/.dd-ios/Build/Intermediates.noindex/OrbitKit.build/Debug-iphonesimulator/OrbitKit.build/Objects-normal/arm64/OrbitKit-Swift.h (in target 'OrbitKit' from project 'OrbitKit')
    cd /Users/runner/work/orbit/orbit/src/macos/OrbitKit
    builtin-swiftHeaderTool -arch arm64 /Users/runner/work/orbit/orbit/.kimi-probe/.dd-ios/Build/Intermediates.noindex/OrbitKit.build/Debug-iphonesimulator/OrbitKit.build/Objects-normal/arm64/OrbitKit-Swift.h -o /Users/runner/work/orbit/orbit/.kimi-probe/.dd-ios/Build/Intermediates.noindex/GeneratedModuleMaps-iphonesimulator/OrbitKit-Swift.h

SwiftDriverJobDiscovery normal arm64 Compiling SessionWorkspaceMove.swift, SettingsHome.swift, ShareMarkdown.swift, SharePanel.swift, SharedLinksList.swift, SharedPoolAdapter.swift, SharedPoolPage.swift, SkillsLogic.swift, StartProject.swift, TagChipColor.swift, TaskDetailPage.swift, TaskJudgment.swift, TaskListCopy.swift, TaskListLogic.swift, TaskPageIncrementalReducer.swift, TaskReopen.swift, TaskRunHandoff.swift, TextFilePreview.swift, ToastFeed.swift, UnifiedDiff.swift, WatchEditing.swift, WatchProjection.swift, WatchStateMachine.swift (in target 'OrbitKit' from project 'OrbitKit')

Copy /Users/runner/work/orbit/orbit/.kimi-probe/.dd-ios/Build/Products/Debug-iphonesimulator/OrbitKit.swiftmodule/arm64-apple-ios-simulator.swiftmodule /Users/runner/work/orbit/orbit/.kimi-probe/.dd-ios/Build/Intermediates.noindex/OrbitKit.build/Debug-iphonesimulator/OrbitKit.build/Objects-normal/arm64/OrbitKit.swiftmodule (in target 'OrbitKit' from project 'OrbitKit')
    cd /Users/runner/work/orbit/orbit/src/macos/OrbitKit
    builtin-copy -exclude .DS_Store -exclude CVS -exclude .svn -exclude .git -exclude .hg -resolve-src-symlinks -rename /Users/runner/work/orbit/orbit/.kimi-probe/.dd-ios/Build/Intermediates.noindex/OrbitKit.build/Debug-iphonesimulator/OrbitKit.build/Objects-normal/arm64/OrbitKit.swiftmodule /Users/runner/work/orbit/orbit/.kimi-probe/.dd-ios/Build/Products/Debug-iphonesimulator/OrbitKit.swiftmodule/arm64-apple-ios-simulator.swiftmodule

Copy /Users/runner/work/orbit/orbit/.kimi-probe/.dd-ios/Build/Products/Debug-iphonesimulator/OrbitKit.swiftmodule/arm64-apple-ios-simulator.swiftdoc /Users/runner/work/orbit/orbit/.kimi-probe/.dd-ios/Build/Intermediates.noindex/OrbitKit.build/Debug-iphonesimulator/OrbitKit.build/Objects-normal/arm64/OrbitKit.swiftdoc (in target 'OrbitKit' from project 'OrbitKit')
    cd /Users/runner/work/orbit/orbit/src/macos/OrbitKit
    builtin-copy -exclude .DS_Store -exclude CVS -exclude .svn -exclude .git -exclude .hg -resolve-src-symlinks -rename /Users/runner/work/orbit/orbit/.kimi-probe/.dd-ios/Build/Intermediates.noindex/OrbitKit.build/Debug-iphonesimulator/OrbitKit.build/Objects-normal/arm64/OrbitKit.swiftdoc /Users/runner/work/orbit/orbit/.kimi-probe/.dd-ios/Build/Products/Debug-iphonesimulator/OrbitKit.swiftmodule/arm64-apple-ios-simulator.swiftdoc

Copy /Users/runner/work/orbit/orbit/.kimi-probe/.dd-ios/Build/Products/Debug-iphonesimulator/OrbitKit.swiftmodule/arm64-apple-ios-simulator.abi.json /Users/runner/work/orbit/orbit/.kimi-probe/.dd-ios/Build/Intermediates.noindex/OrbitKit.build/Debug-iphonesimulator/OrbitKit.build/Objects-normal/arm64/OrbitKit.abi.json (in target 'OrbitKit' from project 'OrbitKit')
    cd /Users/runner/work/orbit/orbit/src/macos/OrbitKit
    builtin-copy -exclude .DS_Store -exclude CVS -exclude .svn -exclude .git -exclude .hg -resolve-src-symlinks -rename /Users/runner/work/orbit/orbit/.kimi-probe/.dd-ios/Build/Intermediates.noindex/OrbitKit.build/Debug-iphonesimulator/OrbitKit.build/Objects-normal/arm64/OrbitKit.abi.json /Users/runner/work/orbit/orbit/.kimi-probe/.dd-ios/Build/Products/Debug-iphonesimulator/OrbitKit.swiftmodule/arm64-apple-ios-simulator.abi.json

Copy /Users/runner/work/orbit/orbit/.kimi-probe/.dd-ios/Build/Products/Debug-iphonesimulator/OrbitKit.swiftmodule/Project/arm64-apple-ios-simulator.swiftsourceinfo /Users/runner/work/orbit/orbit/.kimi-probe/.dd-ios/Build/Intermediates.noindex/OrbitKit.build/Debug-iphonesimulator/OrbitKit.build/Objects-normal/arm64/OrbitKit.swiftsourceinfo (in target 'OrbitKit' from project 'OrbitKit')
    cd /Users/runner/work/orbit/orbit/src/macos/OrbitKit
    builtin-copy -exclude .DS_Store -exclude CVS -exclude .svn -exclude .git -exclude .hg -resolve-src-symlinks -rename /Users/runner/work/orbit/orbit/.kimi-probe/.dd-ios/Build/Intermediates.noindex/OrbitKit.build/Debug-iphonesimulator/OrbitKit.build/Objects-normal/arm64/OrbitKit.swiftsourceinfo /Users/runner/work/orbit/orbit/.kimi-probe/.dd-ios/Build/Products/Debug-iphonesimulator/OrbitKit.swiftmodule/Project/arm64-apple-ios-simulator.swiftsourceinfo

SwiftCompile normal arm64 Compiling\ AccessTokensList.swift,\ AccountPause.swift,\ AddPoolKey.swift,\ AgentDefaults.swift,\ AgentListLogic.swift,\ AppSection.swift,\ ApprovalReviewDrafts.swift,\ Approvals.swift,\ ArtifactByteCache.swift,\ AttachmentLink.swift,\ AutoRetryLogic.swift,\ BackgroundWake.swift,\ BatchReview.swift,\ BatchTree.swift,\ BottomSearchReveal.swift,\ CoalescedRefreshQueue.swift,\ CodexAccounts.swift,\ CodexLoginPool.swift,\ CodexPoolPage.swift,\ CodexSignIn.swift,\ Composer.swift,\ CriteriaChange.swift,\ CriteriaDecision.swift,\ DeepLink.swift /Users/runner/work/orbit/orbit/src/macos/OrbitKit/Sources/OrbitKit/App/AccessTokensList.swift /Users/runner/work/orbit/orbit/src/macos/OrbitKit/Sources/OrbitKit/App/AccountPause.swift /Users/runner/work/orbit/orbit/src/macos/OrbitKit/Sources/OrbitKit/App/AddPoolKey.swift /Users/runner/work/orbit/orbit/src/macos/OrbitKit/Sources/OrbitKit/App/AgentDefaults.swift /Users/runner/work/orbit/orbit/src/macos/OrbitKit/Sources/OrbitKit/App/AgentListLogic.swift /Users/runner/work/orbit/orbit/src/macos/OrbitKit/Sources/OrbitKit/App/AppSection.swift /Users/runner/work/orbit/orbit/src/macos/OrbitKit/Sources/OrbitKit/App/ApprovalReviewDrafts.swift /Users/runner/work/orbit/orbit/src/macos/OrbitKit/Sources/OrbitKit/App/Approvals.swift /Users/runner/work/orbit/orbit/src/macos/OrbitKit/Sources/OrbitKit/App/ArtifactByteCache.swift /Users/runner/work/orbit/orbit/src/macos/OrbitKit/Sources/OrbitKit/App/AttachmentLink.swift /Users/runner/work/orbit/orbit/src/macos/OrbitKit/Sources/OrbitKit/App/AutoRetryLogic.swift /Users/runner/work/orbit/orbit/src/macos/OrbitKit/Sources/OrbitKit/App/BackgroundWake.swift /Users/runner/work/orbit/orbit/src/macos/OrbitKit/Sources/OrbitKit/App/BatchReview.swift /Users/runner/work/orbit/orbit/src/macos/OrbitKit/Sources/OrbitKit/App/BatchTree.swift /Users/runner/work/orbit/orbit/src/macos/OrbitKit/Sources/OrbitKit/App/BottomSearchReveal.swift /Users/runner/work/orbit/orbit/src/macos/OrbitKit/Sources/OrbitKit/App/CoalescedRefreshQueue.swift /Users/runner/work/orbit/orbit/src/macos/OrbitKit/Sources/OrbitKit/App/CodexAccounts.swift /Users/runner/work/orbit/orbit/src/macos/OrbitKit/Sources/OrbitKit/App/CodexLoginPool.swift /Users/runner/work/orbit/orbit/src/macos/OrbitKit/Sources/OrbitKit/App/CodexPoolPage.swift /Users/runner/work/orbit/orbit/src/macos/OrbitKit/Sources/OrbitKit/App/CodexSignIn.swift /Users/runner/work/orbit/orbit/src/macos/OrbitKit/Sources/OrbitKit/App/Composer.swift /Users/runner/work/orbit/orbit/src/macos/OrbitKit/Sources/OrbitKit/App/CriteriaChange.swift /Users/runner/work/orbit/orbit/src/macos/OrbitKit/Sources/OrbitKit/App/CriteriaDecision.swift /Users/runner/work/orbit/orbit/src/macos/OrbitKit/Sources/OrbitKit/App/DeepLink.swift (in target 'OrbitKit' from project 'OrbitKit')

SwiftCompile normal arm64 /Users/runner/work/orbit/orbit/src/macos/OrbitKit/Sources/OrbitKit/App/AccessTokensList.swift (in target 'OrbitKit' from project 'OrbitKit')
    cd /Users/runner/work/orbit/orbit/.kimi-probe/KimiProbe.xcodeproj
    

SwiftCompile normal arm64 /Users/runner/work/orbit/orbit/src/macos/OrbitKit/Sources/OrbitKit/App/AccountPause.swift (in target 'OrbitKit' from project 'OrbitKit')
    cd /Users/runner/work/orbit/orbit/.kimi-probe/KimiProbe.xcodeproj
    

SwiftCompile normal arm64 /Users/runner/work/orbit/orbit/src/macos/OrbitKit/Sources/OrbitKit/App/AddPoolKey.swift (in target 'OrbitKit' from project 'OrbitKit')
    cd /Users/runner/work/orbit/orbit/.kimi-probe/KimiProbe.xcodeproj
    

SwiftCompile normal arm64 /Users/runner/work/orbit/orbit/src/macos/OrbitKit/Sources/OrbitKit/App/AgentDefaults.swift (in target 'OrbitKit' from project 'OrbitKit')
    cd /Users/runner/work/orbit/orbit/.kimi-probe/KimiProbe.xcodeproj
    

SwiftCompile normal arm64 /Users/runner/work/orbit/orbit/src/macos/OrbitKit/Sources/OrbitKit/App/AgentListLogic.swift (in target 'OrbitKit' from project 'OrbitKit')
    cd /Users/runner/work/orbit/orbit/.kimi-probe/KimiProbe.xcodeproj
    

SwiftCompile normal arm64 /Users/runner/work/orbit/orbit/src/macos/OrbitKit/Sources/OrbitKit/App/AppSection.swift (in target 'OrbitKit' from project 'OrbitKit')
    cd /Users/runner/work/orbit/orbit/.kimi-probe/KimiProbe.xcodeproj
    

SwiftCompile normal arm64 /Users/runner/work/orbit/orbit/src/macos/OrbitKit/Sources/OrbitKit/App/ApprovalReviewDrafts.swift (in target 'OrbitKit' from project 'OrbitKit')
    cd /Users/runner/work/orbit/orbit/.kimi-probe/KimiProbe.xcodeproj
    

SwiftCompile normal arm64 /Users/runner/work/orbit/orbit/src/macos/OrbitKit/Sources/OrbitKit/App/Approvals.swift (in target 'OrbitKit' from project 'OrbitKit')
    cd /Users/runner/work/orbit/orbit/.kimi-probe/KimiProbe.xcodeproj
    

SwiftCompile normal arm64 /Users/runner/work/orbit/orbit/src/macos/OrbitKit/Sources/OrbitKit/App/ArtifactByteCache.swift (in target 'OrbitKit' from project 'OrbitKit')
    cd /Users/runner/work/orbit/orbit/.kimi-probe/KimiProbe.xcodeproj
    

SwiftCompile normal arm64 /Users/runner/work/orbit/orbit/src/macos/OrbitKit/Sources/OrbitKit/App/AttachmentLink.swift (in target 'OrbitKit' from project 'OrbitKit')
    cd /Users/runner/work/orbit/orbit/.kimi-probe/KimiProbe.xcodeproj
    

SwiftCompile normal arm64 /Users/runner/work/orbit/orbit/src/macos/OrbitKit/Sources/OrbitKit/App/AutoRetryLogic.swift (in target 'OrbitKit' from project 'OrbitKit')
    cd /Users/runner/work/orbit/orbit/.kimi-probe/KimiProbe.xcodeproj
    

SwiftCompile normal arm64 /Users/runner/work/orbit/orbit/src/macos/OrbitKit/Sources/OrbitKit/App/BackgroundWake.swift (in target 'OrbitKit' from project 'OrbitKit')
    cd /Users/runner/work/orbit/orbit/.kimi-probe/KimiProbe.xcodeproj
    

SwiftCompile normal arm64 /Users/runner/work/orbit/orbit/src/macos/OrbitKit/Sources/OrbitKit/App/BatchReview.swift (in target 'OrbitKit' from project 'OrbitKit')
    cd /Users/runner/work/orbit/orbit/.kimi-probe/KimiProbe.xcodeproj
    

SwiftCompile normal arm64 /Users/runner/work/orbit/orbit/src/macos/OrbitKit/Sources/OrbitKit/App/BatchTree.swift (in target 'OrbitKit' from project 'OrbitKit')
    cd /Users/runner/work/orbit/orbit/.kimi-probe/KimiProbe.xcodeproj
    

SwiftCompile normal arm64 /Users/runner/work/orbit/orbit/src/macos/OrbitKit/Sources/OrbitKit/App/BottomSearchReveal.swift (in target 'OrbitKit' from project 'OrbitKit')
    cd /Users/runner/work/orbit/orbit/.kimi-probe/KimiProbe.xcodeproj
    

SwiftCompile normal arm64 /Users/runner/work/orbit/orbit/src/macos/OrbitKit/Sources/OrbitKit/App/CoalescedRefreshQueue.swift (in target 'OrbitKit' from project 'OrbitKit')
    cd /Users/runner/work/orbit/orbit/.kimi-probe/KimiProbe.xcodeproj
    

SwiftCompile normal arm64 /Users/runner/work/orbit/orbit/src/macos/OrbitKit/Sources/OrbitKit/App/CodexAccounts.swift (in target 'OrbitKit' from project 'OrbitKit')
    cd /Users/runner/work/orbit/orbit/.kimi-probe/KimiProbe.xcodeproj
    

SwiftCompile normal arm64 /Users/runner/work/orbit/orbit/src/macos/OrbitKit/Sources/OrbitKit/App/CodexLoginPool.swift (in target 'OrbitKit' from project 'OrbitKit')
    cd /Users/runner/work/orbit/orbit/.kimi-probe/KimiProbe.xcodeproj
    

SwiftCompile normal arm64 /Users/runner/work/orbit/orbit/src/macos/OrbitKit/Sources/OrbitKit/App/CodexPoolPage.swift (in target 'OrbitKit' from project 'OrbitKit')
    cd /Users/runner/work/orbit/orbit/.kimi-probe/KimiProbe.xcodeproj
    

SwiftCompile normal arm64 /Users/runner/work/orbit/orbit/src/macos/OrbitKit/Sources/OrbitKit/App/CodexSignIn.swift (in target 'OrbitKit' from project 'OrbitKit')
    cd /Users/runner/work/orbit/orbit/.kimi-probe/KimiProbe.xcodeproj
    

SwiftCompile normal arm64 /Users/runner/work/orbit/orbit/src/macos/OrbitKit/Sources/OrbitKit/App/Composer.swift (in target 'OrbitKit' from project 'OrbitKit')
    cd /Users/runner/work/orbit/orbit/.kimi-probe/KimiProbe.xcodeproj
    

SwiftCompile normal arm64 /Users/runner/work/orbit/orbit/src/macos/OrbitKit/Sources/OrbitKit/App/CriteriaChange.swift (in target 'OrbitKit' from project 'OrbitKit')
    cd /Users/runner/work/orbit/orbit/.kimi-probe/KimiProbe.xcodeproj
    

SwiftCompile normal arm64 /Users/runner/work/orbit/orbit/src/macos/OrbitKit/Sources/OrbitKit/App/CriteriaDecision.swift (in target 'OrbitKit' from project 'OrbitKit')
    cd /Users/runner/work/orbit/orbit/.kimi-probe/KimiProbe.xcodeproj
    

SwiftCompile normal arm64 /Users/runner/work/orbit/orbit/src/macos/OrbitKit/Sources/OrbitKit/App/DeepLink.swift (in target 'OrbitKit' from project 'OrbitKit')
    cd /Users/runner/work/orbit/orbit/.kimi-probe/KimiProbe.xcodeproj
    

SwiftDriverJobDiscovery normal arm64 Compiling TaskDetailReads.swift, Tasks.swift, Watches.swift, Wiki.swift, WikiArticles.swift, WikiDocs.swift, WikiHealth.swift, WikiJobs.swift, WikiPlan.swift, APIClient.swift, SessionRefresher.swift, URLSession+Orbit.swift, ControlStream.swift, EventStream.swift, ReconnectPolicy.swift, SSEFrameParser.swift, BackgroundJobs.swift, BackgroundSummary.swift, ConfirmationReviewTurns.swift, DeliveredMessage.swift, MonospaceOutputLayout.swift, OpenItemDelivery.swift, ProjectStarted.swift (in target 'OrbitKit' from project 'OrbitKit')

SwiftCompile normal arm64 Compiling\ RunnerPageCopy.swift,\ RunnerPageFormat.swift,\ ServerURL.swift,\ SessionCreatedTasksCopy.swift,\ SessionDetailCache.swift,\ SessionFolderCopy.swift,\ SessionFolderGrouping.swift,\ SessionGrouping.swift,\ SessionHeader.swift,\ SessionLine.swift,\ SessionListingMemo.swift,\ SessionMove.swift,\ SessionProjectCopy.swift,\ SessionProjectGrouping.swift,\ SessionProjectMembers.swift,\ SessionProviderChoices.swift,\ SessionRunStart.swift,\ SessionSearchHighlight.swift,\ SessionStatusGlyph.swift,\ SessionTaskCard.swift,\ SessionTimeGrouping.swift,\ SessionUpsert.swift,\ SessionViews.swift /Users/runner/work/orbit/orbit/src/macos/OrbitKit/Sources/OrbitKit/App/RunnerPageCopy.swift /Users/runner/work/orbit/orbit/src/macos/OrbitKit/Sources/OrbitKit/App/RunnerPageFormat.swift /Users/runner/work/orbit/orbit/src/macos/OrbitKit/Sources/OrbitKit/App/ServerURL.swift /Users/runner/work/orbit/orbit/src/macos/OrbitKit/Sources/OrbitKit/App/SessionCreatedTasksCopy.swift /Users/runner/work/orbit/orbit/src/macos/OrbitKit/Sources/OrbitKit/App/SessionDetailCache.swift /Users/runner/work/orbit/orbit/src/macos/OrbitKit/Sources/OrbitKit/App/SessionFolderCopy.swift /Users/runner/work/orbit/orbit/src/macos/OrbitKit/Sources/OrbitKit/App/SessionFolderGrouping.swift /Users/runner/work/orbit/orbit/src/macos/OrbitKit/Sources/OrbitKit/App/SessionGrouping.swift /Users/runner/work/orbit/orbit/src/macos/OrbitKit/Sources/OrbitKit/App/SessionHeader.swift /Users/runner/work/orbit/orbit/src/macos/OrbitKit/Sources/OrbitKit/App/SessionLine.swift /Users/runner/work/orbit/orbit/src/macos/OrbitKit/Sources/OrbitKit/App/SessionListingMemo.swift /Users/runner/work/orbit/orbit/src/macos/OrbitKit/Sources/OrbitKit/App/SessionMove.swift /Users/runner/work/orbit/orbit/src/macos/OrbitKit/Sources/OrbitKit/App/SessionProjectCopy.swift /Users/runner/work/orbit/orbit/src/macos/OrbitKit/Sources/OrbitKit/App/SessionProjectGrouping.swift /Users/runner/work/orbit/orbit/src/macos/OrbitKit/Sources/OrbitKit/App/SessionProjectMembers.swift /Users/runner/work/orbit/orbit/src/macos/OrbitKit/Sources/OrbitKit/App/SessionProviderChoices.swift /Users/runner/work/orbit/orbit/src/macos/OrbitKit/Sources/OrbitKit/App/SessionRunStart.swift /Users/runner/work/orbit/orbit/src/macos/OrbitKit/Sources/OrbitKit/App/SessionSearchHighlight.swift /Users/runner/work/orbit/orbit/src/macos/OrbitKit/Sources/OrbitKit/App/SessionStatusGlyph.swift /Users/runner/work/orbit/orbit/src/macos/OrbitKit/Sources/OrbitKit/App/SessionTaskCard.swift /Users/runner/work/orbit/orbit/src/macos/OrbitKit/Sources/OrbitKit/App/SessionTimeGrouping.swift /Users/runner/work/orbit/orbit/src/macos/OrbitKit/Sources/OrbitKit/App/SessionUpsert.swift /Users/runner/work/orbit/orbit/src/macos/OrbitKit/Sources/OrbitKit/App/SessionViews.swift (in target 'OrbitKit' from project 'OrbitKit')

SwiftCompile normal arm64 /Users/runner/work/orbit/orbit/src/macos/OrbitKit/Sources/OrbitKit/App/RunnerPageCopy.swift (in target 'OrbitKit' from project 'OrbitKit')
    cd /Users/runner/work/orbit/orbit/.kimi-probe/KimiProbe.xcodeproj
    

SwiftCompile normal arm64 /Users/runner/work/orbit/orbit/src/macos/OrbitKit/Sources/OrbitKit/App/RunnerPageFormat.swift (in target 'OrbitKit' from project 'OrbitKit')
    cd /Users/runner/work/orbit/orbit/.kimi-probe/KimiProbe.xcodeproj
    

SwiftCompile normal arm64 /Users/runner/work/orbit/orbit/src/macos/OrbitKit/Sources/OrbitKit/App/ServerURL.swift (in target 'OrbitKit' from project 'OrbitKit')
    cd /Users/runner/work/orbit/orbit/.kimi-probe/KimiProbe.xcodeproj
    

SwiftCompile normal arm64 /Users/runner/work/orbit/orbit/src/macos/OrbitKit/Sources/OrbitKit/App/SessionCreatedTasksCopy.swift (in target 'OrbitKit' from project 'OrbitKit')
    cd /Users/runner/work/orbit/orbit/.kimi-probe/KimiProbe.xcodeproj
    

SwiftCompile normal arm64 /Users/runner/work/orbit/orbit/src/macos/OrbitKit/Sources/OrbitKit/App/SessionDetailCache.swift (in target 'OrbitKit' from project 'OrbitKit')
    cd /Users/runner/work/orbit/orbit/.kimi-probe/KimiProbe.xcodeproj
    

SwiftCompile normal arm64 /Users/runner/work/orbit/orbit/src/macos/OrbitKit/Sources/OrbitKit/App/SessionFolderCopy.swift (in target 'OrbitKit' from project 'OrbitKit')
    cd /Users/runner/work/orbit/orbit/.kimi-probe/KimiProbe.xcodeproj
    

SwiftCompile normal arm64 /Users/runner/work/orbit/orbit/src/macos/OrbitKit/Sources/OrbitKit/App/SessionFolderGrouping.swift (in target 'OrbitKit' from project 'OrbitKit')
    cd /Users/runner/work/orbit/orbit/.kimi-probe/KimiProbe.xcodeproj
    

SwiftCompile normal arm64 /Users/runner/work/orbit/orbit/src/macos/OrbitKit/Sources/OrbitKit/App/SessionGrouping.swift (in target 'OrbitKit' from project 'OrbitKit')
    cd /Users/runner/work/orbit/orbit/.kimi-probe/KimiProbe.xcodeproj
    

SwiftCompile normal arm64 /Users/runner/work/orbit/orbit/src/macos/OrbitKit/Sources/OrbitKit/App/SessionHeader.swift (in target 'OrbitKit' from project 'OrbitKit')
    cd /Users/runner/work/orbit/orbit/.kimi-probe/KimiProbe.xcodeproj
    

SwiftCompile normal arm64 /Users/runner/work/orbit/orbit/src/macos/OrbitKit/Sources/OrbitKit/App/SessionLine.swift (in target 'OrbitKit' from project 'OrbitKit')
    cd /Users/runner/work/orbit/orbit/.kimi-probe/KimiProbe.xcodeproj
    

SwiftCompile normal arm64 /Users/runner/work/orbit/orbit/src/macos/OrbitKit/Sources/OrbitKit/App/SessionListingMemo.swift (in target 'OrbitKit' from project 'OrbitKit')
    cd /Users/runner/work/orbit/orbit/.kimi-probe/KimiProbe.xcodeproj
    

SwiftCompile normal arm64 /Users/runner/work/orbit/orbit/src/macos/OrbitKit/Sources/OrbitKit/App/SessionMove.swift (in target 'OrbitKit' from project 'OrbitKit')
    cd /Users/runner/work/orbit/orbit/.kimi-probe/KimiProbe.xcodeproj
    

SwiftCompile normal arm64 /Users/runner/work/orbit/orbit/src/macos/OrbitKit/Sources/OrbitKit/App/SessionProjectCopy.swift (in target 'OrbitKit' from project 'OrbitKit')
    cd /Users/runner/work/orbit/orbit/.kimi-probe/KimiProbe.xcodeproj
    

SwiftCompile normal arm64 /Users/runner/work/orbit/orbit/src/macos/OrbitKit/Sources/OrbitKit/App/SessionProjectGrouping.swift (in target 'OrbitKit' from project 'OrbitKit')
    cd /Users/runner/work/orbit/orbit/.kimi-probe/KimiProbe.xcodeproj
    

SwiftCompile normal arm64 /Users/runner/work/orbit/orbit/src/macos/OrbitKit/Sources/OrbitKit/App/SessionProjectMembers.swift (in target 'OrbitKit' from project 'OrbitKit')
    cd /Users/runner/work/orbit/orbit/.kimi-probe/KimiProbe.xcodeproj
    

SwiftCompile normal arm64 /Users/runner/work/orbit/orbit/src/macos/OrbitKit/Sources/OrbitKit/App/SessionProviderChoices.swift (in target 'OrbitKit' from project 'OrbitKit')
    cd /Users/runner/work/orbit/orbit/.kimi-probe/KimiProbe.xcodeproj
    

SwiftCompile normal arm64 /Users/runner/work/orbit/orbit/src/macos/OrbitKit/Sources/OrbitKit/App/SessionRunStart.swift (in target 'OrbitKit' from project 'OrbitKit')
    cd /Users/runner/work/orbit/orbit/.kimi-probe/KimiProbe.xcodeproj
    

SwiftCompile normal arm64 /Users/runner/work/orbit/orbit/src/macos/OrbitKit/Sources/OrbitKit/App/SessionSearchHighlight.swift (in target 'OrbitKit' from project 'OrbitKit')
    cd /Users/runner/work/orbit/orbit/.kimi-probe/KimiProbe.xcodeproj
    

SwiftCompile normal arm64 /Users/runner/work/orbit/orbit/src/macos/OrbitKit/Sources/OrbitKit/App/SessionStatusGlyph.swift (in target 'OrbitKit' from project 'OrbitKit')
    cd /Users/runner/work/orbit/orbit/.kimi-probe/KimiProbe.xcodeproj
    

SwiftCompile normal arm64 /Users/runner/work/orbit/orbit/src/macos/OrbitKit/Sources/OrbitKit/App/SessionTaskCard.swift (in target 'OrbitKit' from project 'OrbitKit')
    cd /Users/runner/work/orbit/orbit/.kimi-probe/KimiProbe.xcodeproj
    

SwiftCompile normal arm64 /Users/runner/work/orbit/orbit/src/macos/OrbitKit/Sources/OrbitKit/App/SessionTimeGrouping.swift (in target 'OrbitKit' from project 'OrbitKit')
    cd /Users/runner/work/orbit/orbit/.kimi-probe/KimiProbe.xcodeproj
    

SwiftCompile normal arm64 /Users/runner/work/orbit/orbit/src/macos/OrbitKit/Sources/OrbitKit/App/SessionUpsert.swift (in target 'OrbitKit' from project 'OrbitKit')
    cd /Users/runner/work/orbit/orbit/.kimi-probe/KimiProbe.xcodeproj
    

SwiftCompile normal arm64 /Users/runner/work/orbit/orbit/src/macos/OrbitKit/Sources/OrbitKit/App/SessionViews.swift (in target 'OrbitKit' from project 'OrbitKit')
    cd /Users/runner/work/orbit/orbit/.kimi-probe/KimiProbe.xcodeproj
    

SwiftCompile normal arm64 Compiling\ WatchWake.swift,\ WhoCanUseIt.swift,\ WikiArticleLogic.swift,\ WikiDocLogic.swift,\ WikiHealthLogic.swift,\ WikiLogic.swift,\ WikiModeLogic.swift,\ WikiPlanLogic.swift,\ WikiRunsLogic.swift,\ WikiSpaceLogic.swift,\ WorkspaceActivity.swift,\ WorktreeBarLogic.swift,\ WorktreeFileFailure.swift,\ GoogleSignIn.swift,\ TokenStore.swift,\ AccessTokens.swift,\ Admin.swift,\ Agents.swift,\ CodexLogin.swift,\ ControlEvent.swift,\ DTOs.swift,\ Enums.swift,\ FieldUpdate.swift /Users/runner/work/orbit/orbit/src/macos/OrbitKit/Sources/OrbitKit/App/WatchWake.swift /Users/runner/work/orbit/orbit/src/macos/OrbitKit/Sources/OrbitKit/App/WhoCanUseIt.swift /Users/runner/work/orbit/orbit/src/macos/OrbitKit/Sources/OrbitKit/App/WikiArticleLogic.swift /Users/runner/work/orbit/orbit/src/macos/OrbitKit/Sources/OrbitKit/App/WikiDocLogic.swift /Users/runner/work/orbit/orbit/src/macos/OrbitKit/Sources/OrbitKit/App/WikiHealthLogic.swift /Users/runner/work/orbit/orbit/src/macos/OrbitKit/Sources/OrbitKit/App/WikiLogic.swift /Users/runner/work/orbit/orbit/src/macos/OrbitKit/Sources/OrbitKit/App/WikiModeLogic.swift /Users/runner/work/orbit/orbit/src/macos/OrbitKit/Sources/OrbitKit/App/WikiPlanLogic.swift /Users/runner/work/orbit/orbit/src/macos/OrbitKit/Sources/OrbitKit/App/WikiRunsLogic.swift /Users/runner/work/orbit/orbit/src/macos/OrbitKit/Sources/OrbitKit/App/WikiSpaceLogic.swift /Users/runner/work/orbit/orbit/src/macos/OrbitKit/Sources/OrbitKit/App/WorkspaceActivity.swift /Users/runner/work/orbit/orbit/src/macos/OrbitKit/Sources/OrbitKit/App/WorktreeBarLogic.swift /Users/runner/work/orbit/orbit/src/macos/OrbitKit/Sources/OrbitKit/App/WorktreeFileFailure.swift /Users/runner/work/orbit/orbit/src/macos/OrbitKit/Sources/OrbitKit/Auth/GoogleSignIn.swift /Users/runner/work/orbit/orbit/src/macos/OrbitKit/Sources/OrbitKit/Auth/TokenStore.swift /Users/runner/work/orbit/orbit/src/macos/OrbitKit/Sources/OrbitKit/Models/AccessTokens.swift /Users/runner/work/orbit/orbit/src/macos/OrbitKit/Sources/OrbitKit/Models/Admin.swift /Users/runner/work/orbit/orbit/src/macos/OrbitKit/Sources/OrbitKit/Models/Agents.swift /Users/runner/work/orbit/orbit/src/macos/OrbitKit/Sources/OrbitKit/Models/CodexLogin.swift /Users/runner/work/orbit/orbit/src/macos/OrbitKit/Sources/OrbitKit/Models/ControlEvent.swift /Users/runner/work/orbit/orbit/src/macos/OrbitKit/Sources/OrbitKit/Models/DTOs.swift /Users/runner/work/orbit/orbit/src/macos/OrbitKit/Sources/OrbitKit/Models/Enums.swift /Users/runner/work/orbit/orbit/src/macos/OrbitKit/Sources/OrbitKit/Models/FieldUpdate.swift (in target 'OrbitKit' from project 'OrbitKit')
SwiftCompile normal arm64 /Users/runner/work/orbit/orbit/src/macos/OrbitKit/Sources/OrbitKit/App/WatchWake.swift (in target 'OrbitKit' from project 'OrbitKit')
    cd /Users/runner/work/orbit/orbit/.kimi-probe/KimiProbe.xcodeproj
    

SwiftCompile normal arm64 /Users/runner/work/orbit/orbit/src/macos/OrbitKit/Sources/OrbitKit/App/WhoCanUseIt.swift (in target 'OrbitKit' from project 'OrbitKit')
    cd /Users/runner/work/orbit/orbit/.kimi-probe/KimiProbe.xcodeproj
    

SwiftCompile normal arm64 /Users/runner/work/orbit/orbit/src/macos/OrbitKit/Sources/OrbitKit/App/WikiArticleLogic.swift (in target 'OrbitKit' from project 'OrbitKit')
    cd /Users/runner/work/orbit/orbit/.kimi-probe/KimiProbe.xcodeproj
    

SwiftCompile normal arm64 /Users/runner/work/orbit/orbit/src/macos/OrbitKit/Sources/OrbitKit/App/WikiDocLogic.swift (in target 'OrbitKit' from project 'OrbitKit')
    cd /Users/runner/work/orbit/orbit/.kimi-probe/KimiProbe.xcodeproj
    

SwiftCompile normal arm64 /Users/runner/work/orbit/orbit/src/macos/OrbitKit/Sources/OrbitKit/App/WikiHealthLogic.swift (in target 'OrbitKit' from project 'OrbitKit')
    cd /Users/runner/work/orbit/orbit/.kimi-probe/KimiProbe.xcodeproj
    

SwiftCompile normal arm64 /Users/runner/work/orbit/orbit/src/macos/OrbitKit/Sources/OrbitKit/App/WikiLogic.swift (in target 'OrbitKit' from project 'OrbitKit')
    cd /Users/runner/work/orbit/orbit/.kimi-probe/KimiProbe.xcodeproj
    

SwiftCompile normal arm64 /Users/runner/work/orbit/orbit/src/macos/OrbitKit/Sources/OrbitKit/App/WikiModeLogic.swift (in target 'OrbitKit' from project 'OrbitKit')
    cd /Users/runner/work/orbit/orbit/.kimi-probe/KimiProbe.xcodeproj
    

SwiftCompile normal arm64 /Users/runner/work/orbit/orbit/src/macos/OrbitKit/Sources/OrbitKit/App/WikiPlanLogic.swift (in target 'OrbitKit' from project 'OrbitKit')
    cd /Users/runner/work/orbit/orbit/.kimi-probe/KimiProbe.xcodeproj
    

SwiftCompile normal arm64 /Users/runner/work/orbit/orbit/src/macos/OrbitKit/Sources/OrbitKit/App/WikiRunsLogic.swift (in target 'OrbitKit' from project 'OrbitKit')
    cd /Users/runner/work/orbit/orbit/.kimi-probe/KimiProbe.xcodeproj
    

SwiftCompile normal arm64 /Users/runner/work/orbit/orbit/src/macos/OrbitKit/Sources/OrbitKit/App/WikiSpaceLogic.swift (in target 'OrbitKit' from project 'OrbitKit')
    cd /Users/runner/work/orbit/orbit/.kimi-probe/KimiProbe.xcodeproj
    

SwiftCompile normal arm64 /Users/runner/work/orbit/orbit/src/macos/OrbitKit/Sources/OrbitKit/App/WorkspaceActivity.swift (in target 'OrbitKit' from project 'OrbitKit')
    cd /Users/runner/work/orbit/orbit/.kimi-probe/KimiProbe.xcodeproj
    

SwiftCompile normal arm64 /Users/runner/work/orbit/orbit/src/macos/OrbitKit/Sources/OrbitKit/App/WorktreeBarLogic.swift (in target 'OrbitKit' from project 'OrbitKit')
    cd /Users/runner/work/orbit/orbit/.kimi-probe/KimiProbe.xcodeproj
    

SwiftCompile normal arm64 /Users/runner/work/orbit/orbit/src/macos/OrbitKit/Sources/OrbitKit/App/WorktreeFileFailure.swift (in target 'OrbitKit' from project 'OrbitKit')
    cd /Users/runner/work/orbit/orbit/.kimi-probe/KimiProbe.xcodeproj
    

SwiftCompile normal arm64 /Users/runner/work/orbit/orbit/src/macos/OrbitKit/Sources/OrbitKit/Auth/GoogleSignIn.swift (in target 'OrbitKit' from project 'OrbitKit')
    cd /Users/runner/work/orbit/orbit/.kimi-probe/KimiProbe.xcodeproj
    

SwiftCompile normal arm64 /Users/runner/work/orbit/orbit/src/macos/OrbitKit/Sources/OrbitKit/Auth/TokenStore.swift (in target 'OrbitKit' from project 'OrbitKit')
    cd /Users/runner/work/orbit/orbit/.kimi-probe/KimiProbe.xcodeproj
    

SwiftCompile normal arm64 /Users/runner/work/orbit/orbit/src/macos/OrbitKit/Sources/OrbitKit/Models/AccessTokens.swift (in target 'OrbitKit' from project 'OrbitKit')
    cd /Users/runner/work/orbit/orbit/.kimi-probe/KimiProbe.xcodeproj
    

SwiftCompile normal arm64 /Users/runner/work/orbit/orbit/src/macos/OrbitKit/Sources/OrbitKit/Models/Admin.swift (in target 'OrbitKit' from project 'OrbitKit')
    cd /Users/runner/work/orbit/orbit/.kimi-probe/KimiProbe.xcodeproj
    

SwiftCompile normal arm64 /Users/runner/work/orbit/orbit/src/macos/OrbitKit/Sources/OrbitKit/Models/Agents.swift (in target 'OrbitKit' from project 'OrbitKit')
    cd /Users/runner/work/orbit/orbit/.kimi-probe/KimiProbe.xcodeproj
    

SwiftCompile normal arm64 /Users/runner/work/orbit/orbit/src/macos/OrbitKit/Sources/OrbitKit/Models/CodexLogin.swift (in target 'OrbitKit' from project 'OrbitKit')
    cd /Users/runner/work/orbit/orbit/.kimi-probe/KimiProbe.xcodeproj
    

SwiftCompile normal arm64 /Users/runner/work/orbit/orbit/src/macos/OrbitKit/Sources/OrbitKit/Models/ControlEvent.swift (in target 'OrbitKit' from project 'OrbitKit')
    cd /Users/runner/work/orbit/orbit/.kimi-probe/KimiProbe.xcodeproj
    

SwiftCompile normal arm64 /Users/runner/work/orbit/orbit/src/macos/OrbitKit/Sources/OrbitKit/Models/DTOs.swift (in target 'OrbitKit' from project 'OrbitKit')
    cd /Users/runner/work/orbit/orbit/.kimi-probe/KimiProbe.xcodeproj
    

SwiftCompile normal arm64 /Users/runner/work/orbit/orbit/src/macos/OrbitKit/Sources/OrbitKit/Models/Enums.swift (in target 'OrbitKit' from project 'OrbitKit')
    cd /Users/runner/work/orbit/orbit/.kimi-probe/KimiProbe.xcodeproj
    

SwiftCompile normal arm64 /Users/runner/work/orbit/orbit/src/macos/OrbitKit/Sources/OrbitKit/Models/FieldUpdate.swift (in target 'OrbitKit' from project 'OrbitKit')
    cd /Users/runner/work/orbit/orbit/.kimi-probe/KimiProbe.xcodeproj
    

SwiftDriverJobDiscovery normal arm64 Compiling AccessTokensList.swift, AccountPause.swift, AddPoolKey.swift, AgentDefaults.swift, AgentListLogic.swift, AppSection.swift, ApprovalReviewDrafts.swift, Approvals.swift, ArtifactByteCache.swift, AttachmentLink.swift, AutoRetryLogic.swift, BackgroundWake.swift, BatchReview.swift, BatchTree.swift, BottomSearchReveal.swift, CoalescedRefreshQueue.swift, CodexAccounts.swift, CodexLoginPool.swift, CodexPoolPage.swift, CodexSignIn.swift, Composer.swift, CriteriaChange.swift, CriteriaDecision.swift, DeepLink.swift (in target 'OrbitKit' from project 'OrbitKit')

SwiftCompile normal arm64 Compiling\ OrbitLinkStore.swift,\ OwnerConfirmation.swift,\ OwnerConfirmationReview.swift,\ OwnerItemCards.swift,\ PendingSessionOperations.swift,\ PinnedCache.swift,\ ProjectAttention.swift,\ ProjectCrossings.swift,\ ProjectDone.swift,\ ProjectGraphLayout.swift,\ ProjectPage.swift,\ ProjectPageSections.swift,\ ProjectRunSettings.swift,\ ProjectTimeline.swift,\ ProviderPoolLogic.swift,\ ProvidersOverview.swift,\ RecentsLogic.swift,\ RefreshControlClearance.swift,\ RelativeTime.swift,\ RetryRoute.swift,\ RowSwipeGeometry.swift,\ RunnerAttention.swift,\ RunnerControl.swift,\ RunnerDownload.swift /Users/runner/work/orbit/orbit/src/macos/OrbitKit/Sources/OrbitKit/App/OrbitLinkStore.swift /Users/runner/work/orbit/orbit/src/macos/OrbitKit/Sources/OrbitKit/App/OwnerConfirmation.swift /Users/runner/work/orbit/orbit/src/macos/OrbitKit/Sources/OrbitKit/App/OwnerConfirmationReview.swift /Users/runner/work/orbit/orbit/src/macos/OrbitKit/Sources/OrbitKit/App/OwnerItemCards.swift /Users/runner/work/orbit/orbit/src/macos/OrbitKit/Sources/OrbitKit/App/PendingSessionOperations.swift /Users/runner/work/orbit/orbit/src/macos/OrbitKit/Sources/OrbitKit/App/PinnedCache.swift /Users/runner/work/orbit/orbit/src/macos/OrbitKit/Sources/OrbitKit/App/ProjectAttention.swift /Users/runner/work/orbit/orbit/src/macos/OrbitKit/Sources/OrbitKit/App/ProjectCrossings.swift /Users/runner/work/orbit/orbit/src/macos/OrbitKit/Sources/OrbitKit/App/ProjectDone.swift /Users/runner/work/orbit/orbit/src/macos/OrbitKit/Sources/OrbitKit/App/ProjectGraphLayout.swift /Users/runner/work/orbit/orbit/src/macos/OrbitKit/Sources/OrbitKit/App/ProjectPage.swift /Users/runner/work/orbit/orbit/src/macos/OrbitKit/Sources/OrbitKit/App/ProjectPageSections.swift /Users/runner/work/orbit/orbit/src/macos/OrbitKit/Sources/OrbitKit/App/ProjectRunSettings.swift /Users/runner/work/orbit/orbit/src/macos/OrbitKit/Sources/OrbitKit/App/ProjectTimeline.swift /Users/runner/work/orbit/orbit/src/macos/OrbitKit/Sources/OrbitKit/App/ProviderPoolLogic.swift /Users/runner/work/orbit/orbit/src/macos/OrbitKit/Sources/OrbitKit/App/ProvidersOverview.swift /Users/runner/work/orbit/orbit/src/macos/OrbitKit/Sources/OrbitKit/App/RecentsLogic.swift /Users/runner/work/orbit/orbit/src/macos/OrbitKit/Sources/OrbitKit/App/RefreshControlClearance.swift /Users/runner/work/orbit/orbit/src/macos/OrbitKit/Sources/OrbitKit/App/RelativeTime.swift /Users/runner/work/orbit/orbit/src/macos/OrbitKit/Sources/OrbitKit/App/RetryRoute.swift /Users/runner/work/orbit/orbit/src/macos/OrbitKit/Sources/OrbitKit/App/RowSwipeGeometry.swift /Users/runner/work/orbit/orbit/src/macos/OrbitKit/Sources/OrbitKit/App/RunnerAttention.swift /Users/runner/work/orbit/orbit/src/macos/OrbitKit/Sources/OrbitKit/App/RunnerControl.swift /Users/runner/work/orbit/orbit/src/macos/OrbitKit/Sources/OrbitKit/App/RunnerDownload.swift (in target 'OrbitKit' from project 'OrbitKit')

SwiftCompile normal arm64 /Users/runner/work/orbit/orbit/src/macos/OrbitKit/Sources/OrbitKit/App/OrbitLinkStore.swift (in target 'OrbitKit' from project 'OrbitKit')
    cd /Users/runner/work/orbit/orbit/.kimi-probe/KimiProbe.xcodeproj
    

SwiftCompile normal arm64 /Users/runner/work/orbit/orbit/src/macos/OrbitKit/Sources/OrbitKit/App/OwnerConfirmation.swift (in target 'OrbitKit' from project 'OrbitKit')
    cd /Users/runner/work/orbit/orbit/.kimi-probe/KimiProbe.xcodeproj
    
/Users/runner/work/orbit/orbit/src/macos/OrbitKit/Sources/OrbitKit/App/OwnerConfirmation.swift:831:19: warning: immutable value 'report' was never used; consider replacing with '_' or removing it
        guard let report, let time else { return whatTheRunReported }
              ~~~~^~~~~~
              _

SwiftCompile normal arm64 /Users/runner/work/orbit/orbit/src/macos/OrbitKit/Sources/OrbitKit/App/OwnerConfirmationReview.swift (in target 'OrbitKit' from project 'OrbitKit')
    cd /Users/runner/work/orbit/orbit/.kimi-probe/KimiProbe.xcodeproj
    

SwiftCompile normal arm64 /Users/runner/work/orbit/orbit/src/macos/OrbitKit/Sources/OrbitKit/App/OwnerItemCards.swift (in target 'OrbitKit' from project 'OrbitKit')
    cd /Users/runner/work/orbit/orbit/.kimi-probe/KimiProbe.xcodeproj
    

SwiftCompile normal arm64 /Users/runner/work/orbit/orbit/src/macos/OrbitKit/Sources/OrbitKit/App/PendingSessionOperations.swift (in target 'OrbitKit' from project 'OrbitKit')
    cd /Users/runner/work/orbit/orbit/.kimi-probe/KimiProbe.xcodeproj
    

SwiftCompile normal arm64 /Users/runner/work/orbit/orbit/src/macos/OrbitKit/Sources/OrbitKit/App/PinnedCache.swift (in target 'OrbitKit' from project 'OrbitKit')
    cd /Users/runner/work/orbit/orbit/.kimi-probe/KimiProbe.xcodeproj
    

SwiftCompile normal arm64 /Users/runner/work/orbit/orbit/src/macos/OrbitKit/Sources/OrbitKit/App/ProjectAttention.swift (in target 'OrbitKit' from project 'OrbitKit')
    cd /Users/runner/work/orbit/orbit/.kimi-probe/KimiProbe.xcodeproj
    

SwiftCompile normal arm64 /Users/runner/work/orbit/orbit/src/macos/OrbitKit/Sources/OrbitKit/App/ProjectCrossings.swift (in target 'OrbitKit' from project 'OrbitKit')
    cd /Users/runner/work/orbit/orbit/.kimi-probe/KimiProbe.xcodeproj
    

SwiftCompile normal arm64 /Users/runner/work/orbit/orbit/src/macos/OrbitKit/Sources/OrbitKit/App/ProjectDone.swift (in target 'OrbitKit' from project 'OrbitKit')
    cd /Users/runner/work/orbit/orbit/.kimi-probe/KimiProbe.xcodeproj
    

SwiftCompile normal arm64 /Users/runner/work/orbit/orbit/src/macos/OrbitKit/Sources/OrbitKit/App/ProjectGraphLayout.swift (in target 'OrbitKit' from project 'OrbitKit')
    cd /Users/runner/work/orbit/orbit/.kimi-probe/KimiProbe.xcodeproj
    

SwiftCompile normal arm64 /Users/runner/work/orbit/orbit/src/macos/OrbitKit/Sources/OrbitKit/App/ProjectPage.swift (in target 'OrbitKit' from project 'OrbitKit')
    cd /Users/runner/work/orbit/orbit/.kimi-probe/KimiProbe.xcodeproj
    

SwiftCompile normal arm64 /Users/runner/work/orbit/orbit/src/macos/OrbitKit/Sources/OrbitKit/App/ProjectPageSections.swift (in target 'OrbitKit' from project 'OrbitKit')
    cd /Users/runner/work/orbit/orbit/.kimi-probe/KimiProbe.xcodeproj
    

SwiftCompile normal arm64 /Users/runner/work/orbit/orbit/src/macos/OrbitKit/Sources/OrbitKit/App/ProjectRunSettings.swift (in target 'OrbitKit' from project 'OrbitKit')
    cd /Users/runner/work/orbit/orbit/.kimi-probe/KimiProbe.xcodeproj
    

SwiftCompile normal arm64 /Users/runner/work/orbit/orbit/src/macos/OrbitKit/Sources/OrbitKit/App/ProjectTimeline.swift (in target 'OrbitKit' from project 'OrbitKit')
    cd /Users/runner/work/orbit/orbit/.kimi-probe/KimiProbe.xcodeproj
    

SwiftCompile normal arm64 /Users/runner/work/orbit/orbit/src/macos/OrbitKit/Sources/OrbitKit/App/ProviderPoolLogic.swift (in target 'OrbitKit' from project 'OrbitKit')
    cd /Users/runner/work/orbit/orbit/.kimi-probe/KimiProbe.xcodeproj
    

SwiftCompile normal arm64 /Users/runner/work/orbit/orbit/src/macos/OrbitKit/Sources/OrbitKit/App/ProvidersOverview.swift (in target 'OrbitKit' from project 'OrbitKit')
    cd /Users/runner/work/orbit/orbit/.kimi-probe/KimiProbe.xcodeproj
    

SwiftCompile normal arm64 /Users/runner/work/orbit/orbit/src/macos/OrbitKit/Sources/OrbitKit/App/RecentsLogic.swift (in target 'OrbitKit' from project 'OrbitKit')
    cd /Users/runner/work/orbit/orbit/.kimi-probe/KimiProbe.xcodeproj
    

SwiftCompile normal arm64 /Users/runner/work/orbit/orbit/src/macos/OrbitKit/Sources/OrbitKit/App/RefreshControlClearance.swift (in target 'OrbitKit' from project 'OrbitKit')
    cd /Users/runner/work/orbit/orbit/.kimi-probe/KimiProbe.xcodeproj
    

SwiftCompile normal arm64 /Users/runner/work/orbit/orbit/src/macos/OrbitKit/Sources/OrbitKit/App/RelativeTime.swift (in target 'OrbitKit' from project 'OrbitKit')
    cd /Users/runner/work/orbit/orbit/.kimi-probe/KimiProbe.xcodeproj
    

SwiftCompile normal arm64 /Users/runner/work/orbit/orbit/src/macos/OrbitKit/Sources/OrbitKit/App/RetryRoute.swift (in target 'OrbitKit' from project 'OrbitKit')
    cd /Users/runner/work/orbit/orbit/.kimi-probe/KimiProbe.xcodeproj
    

SwiftCompile normal arm64 /Users/runner/work/orbit/orbit/src/macos/OrbitKit/Sources/OrbitKit/App/RowSwipeGeometry.swift (in target 'OrbitKit' from project 'OrbitKit')
    cd /Users/runner/work/orbit/orbit/.kimi-probe/KimiProbe.xcodeproj
    

SwiftCompile normal arm64 /Users/runner/work/orbit/orbit/src/macos/OrbitKit/Sources/OrbitKit/App/RunnerAttention.swift (in target 'OrbitKit' from project 'OrbitKit')
    cd /Users/runner/work/orbit/orbit/.kimi-probe/KimiProbe.xcodeproj
    

SwiftCompile normal arm64 /Users/runner/work/orbit/orbit/src/macos/OrbitKit/Sources/OrbitKit/App/RunnerControl.swift (in target 'OrbitKit' from project 'OrbitKit')
    cd /Users/runner/work/orbit/orbit/.kimi-probe/KimiProbe.xcodeproj
    

SwiftCompile normal arm64 /Users/runner/work/orbit/orbit/src/macos/OrbitKit/Sources/OrbitKit/App/RunnerDownload.swift (in target 'OrbitKit' from project 'OrbitKit')
    cd /Users/runner/work/orbit/orbit/.kimi-probe/KimiProbe.xcodeproj
    

SwiftDriverJobDiscovery normal arm64 Compiling RunnerPageCopy.swift, RunnerPageFormat.swift, ServerURL.swift, SessionCreatedTasksCopy.swift, SessionDetailCache.swift, SessionFolderCopy.swift, SessionFolderGrouping.swift, SessionGrouping.swift, SessionHeader.swift, SessionLine.swift, SessionListingMemo.swift, SessionMove.swift, SessionProjectCopy.swift, SessionProjectGrouping.swift, SessionProjectMembers.swift, SessionProviderChoices.swift, SessionRunStart.swift, SessionSearchHighlight.swift, SessionStatusGlyph.swift, SessionTaskCard.swift, SessionTimeGrouping.swift, SessionUpsert.swift, SessionViews.swift (in target 'OrbitKit' from project 'OrbitKit')

SwiftDriverJobDiscovery normal arm64 Compiling JSONValue.swift, LinkPreviews.swift, MergeRecovery.swift, OpenListDelta.swift, Preferences.swift, ProjectDetail.swift, ProjectOwnerItems.swift, ProjectPlan.swift, Projects.swift, ProviderBalance.swift, ProviderPools.swift, Providers.swift, PublicID.swift, Push.swift, RunEvent.swift, Runners.swift, SessionCreatedTasks.swift, SessionFolder.swift, SessionMoveTargets.swift, SessionProjectMembership.swift, ShareLinks.swift, SharedPools.swift, SourceRefusal.swift (in target 'OrbitKit' from project 'OrbitKit')

ProcessProductPackaging "" /Users/runner/work/orbit/orbit/.kimi-probe/.dd-ios/Build/Intermediates.noindex/KimiProbe.build/Debug-iphonesimulator/KimiProbe.build/KimiProbe.app-Simulated.xcent (in target 'KimiProbe' from project 'KimiProbe')
    cd /Users/runner/work/orbit/orbit/.kimi-probe
    
    Entitlements:
    
    {
    "application-identifier" = "FAKETEAMID.io.orbitd.kimiprobe";
}
    
    builtin-productPackagingUtility -entitlements -format xml -o /Users/runner/work/orbit/orbit/.kimi-probe/.dd-ios/Build/Intermediates.noindex/KimiProbe.build/Debug-iphonesimulator/KimiProbe.build/KimiProbe.app-Simulated.xcent

ProcessProductPackagingDER /Users/runner/work/orbit/orbit/.kimi-probe/.dd-ios/Build/Intermediates.noindex/KimiProbe.build/Debug-iphonesimulator/KimiProbe.build/KimiProbe.app-Simulated.xcent /Users/runner/work/orbit/orbit/.kimi-probe/.dd-ios/Build/Intermediates.noindex/KimiProbe.build/Debug-iphonesimulator/KimiProbe.build/KimiProbe.app-Simulated.xcent.der (in target 'KimiProbe' from project 'KimiProbe')
    cd /Users/runner/work/orbit/orbit/.kimi-probe
    /usr/bin/derq query -f xml -i /Users/runner/work/orbit/orbit/.kimi-probe/.dd-ios/Build/Intermediates.noindex/KimiProbe.build/Debug-iphonesimulator/KimiProbe.build/KimiProbe.app-Simulated.xcent -o /Users/runner/work/orbit/orbit/.kimi-probe/.dd-ios/Build/Intermediates.noindex/KimiProbe.build/Debug-iphonesimulator/KimiProbe.build/KimiProbe.app-Simulated.xcent.der --raw

MkDir /Users/runner/work/orbit/orbit/.kimi-probe/.dd-ios/Build/Intermediates.noindex/KimiProbe.build/Debug-iphonesimulator/KimiProbe.build/assetcatalog_output/unthinned (in target 'KimiProbe' from project 'KimiProbe')
    cd /Users/runner/work/orbit/orbit/.kimi-probe
    /bin/mkdir -p /Users/runner/work/orbit/orbit/.kimi-probe/.dd-ios/Build/Intermediates.noindex/KimiProbe.build/Debug-iphonesimulator/KimiProbe.build/assetcatalog_output/unthinned

MkDir /Users/runner/work/orbit/orbit/.kimi-probe/.dd-ios/Build/Intermediates.noindex/KimiProbe.build/Debug-iphonesimulator/KimiProbe.build/assetcatalog_output/thinned (in target 'KimiProbe' from project 'KimiProbe')
    cd /Users/runner/work/orbit/orbit/.kimi-probe
    /bin/mkdir -p /Users/runner/work/orbit/orbit/.kimi-probe/.dd-ios/Build/Intermediates.noindex/KimiProbe.build/Debug-iphonesimulator/KimiProbe.build/assetcatalog_output/thinned

GenerateAssetSymbols /Users/runner/work/orbit/orbit/src/ios/Support/Assets.xcassets (in target 'KimiProbe' from project 'KimiProbe')
    cd /Users/runner/work/orbit/orbit/.kimi-probe
    /Applications/Xcode_26.6.app/Contents/Developer/usr/bin/actool /Users/runner/work/orbit/orbit/src/ios/Support/Assets.xcassets --compile /Users/runner/work/orbit/orbit/.kimi-probe/.dd-ios/Build/Products/Debug-iphonesimulator/KimiProbe.app --output-format human-readable-text --notices --warnings --export-dependency-info /Users/runner/work/orbit/orbit/.kimi-probe/.dd-ios/Build/Intermediates.noindex/KimiProbe.build/Debug-iphonesimulator/KimiProbe.build/assetcatalog_dependencies --output-partial-info-plist /Users/runner/work/orbit/orbit/.kimi-probe/.dd-ios/Build/Intermediates.noindex/KimiProbe.build/Debug-iphonesimulator/KimiProbe.build/assetcatalog_generated_info.plist --app-icon AppIcon --accent-color AccentColor --compress-pngs --enable-on-demand-resources YES --development-region en --target-device iphone --minimum-deployment-target 17.0 --platform iphonesimulator --bundle-identifier io.orbitd.kimiprobe --generate-swift-asset-symbol-extensions NO --generate-swift-asset-symbols /Users/runner/work/orbit/orbit/.kimi-probe/.dd-ios/Build/Intermediates.noindex/KimiProbe.build/Debug-iphonesimulator/KimiProbe.build/DerivedSources/GeneratedAssetSymbols.swift --generate-objc-asset-symbols /Users/runner/work/orbit/orbit/.kimi-probe/.dd-ios/Build/Intermediates.noindex/KimiProbe.build/Debug-iphonesimulator/KimiProbe.build/DerivedSources/GeneratedAssetSymbols.h --generate-asset-symbol-index /Users/runner/work/orbit/orbit/.kimi-probe/.dd-ios/Build/Intermediates.noindex/KimiProbe.build/Debug-iphonesimulator/KimiProbe.build/DerivedSources/GeneratedAssetSymbols-Index.plist
/* com.apple.actool.compilation-results */
/Users/runner/work/orbit/orbit/.kimi-probe/.dd-ios/Build/Intermediates.noindex/KimiProbe.build/Debug-iphonesimulator/KimiProbe.build/DerivedSources/GeneratedAssetSymbols-Index.plist
/Users/runner/work/orbit/orbit/.kimi-probe/.dd-ios/Build/Intermediates.noindex/KimiProbe.build/Debug-iphonesimulator/KimiProbe.build/DerivedSources/GeneratedAssetSymbols.h
/Users/runner/work/orbit/orbit/.kimi-probe/.dd-ios/Build/Intermediates.noindex/KimiProbe.build/Debug-iphonesimulator/KimiProbe.build/DerivedSources/GeneratedAssetSymbols.swift


CompileAssetCatalogVariant thinned /Users/runner/work/orbit/orbit/.kimi-probe/.dd-ios/Build/Products/Debug-iphonesimulator/KimiProbe.app /Users/runner/work/orbit/orbit/src/ios/Support/Assets.xcassets (in target 'KimiProbe' from project 'KimiProbe')
    cd /Users/runner/work/orbit/orbit/.kimi-probe
    /Applications/Xcode_26.6.app/Contents/Developer/usr/bin/actool /Users/runner/work/orbit/orbit/src/ios/Support/Assets.xcassets --compile /Users/runner/work/orbit/orbit/.kimi-probe/.dd-ios/Build/Intermediates.noindex/KimiProbe.build/Debug-iphonesimulator/KimiProbe.build/assetcatalog_output/thinned --output-format human-readable-text --notices --warnings --export-dependency-info /Users/runner/work/orbit/orbit/.kimi-probe/.dd-ios/Build/Intermediates.noindex/KimiProbe.build/Debug-iphonesimulator/KimiProbe.build/assetcatalog_dependencies_thinned --output-partial-info-plist /Users/runner/work/orbit/orbit/.kimi-probe/.dd-ios/Build/Intermediates.noindex/KimiProbe.build/Debug-iphonesimulator/KimiProbe.build/assetcatalog_generated_info.plist_thinned --app-icon AppIcon --accent-color AccentColor --compress-pngs --enable-on-demand-resources YES --filter-for-thinning-device-configuration iPhone18,1 --filter-for-device-os-version 26.5 --development-region en --target-device iphone --minimum-deployment-target 17.0 --platform iphonesimulator
/* com.apple.actool.compilation-results */
/Users/runner/work/orbit/orbit/.kimi-probe/.dd-ios/Build/Intermediates.noindex/KimiProbe.build/Debug-iphonesimulator/KimiProbe.build/assetcatalog_generated_info.plist_thinned
/Users/runner/work/orbit/orbit/.kimi-probe/.dd-ios/Build/Intermediates.noindex/KimiProbe.build/Debug-iphonesimulator/KimiProbe.build/assetcatalog_output/thinned/AppIcon60x60@2x.png
/Users/runner/work/orbit/orbit/.kimi-probe/.dd-ios/Build/Intermediates.noindex/KimiProbe.build/Debug-iphonesimulator/KimiProbe.build/assetcatalog_output/thinned/AppIcon76x76@2x~ipad.png
/Users/runner/work/orbit/orbit/.kimi-probe/.dd-ios/Build/Intermediates.noindex/KimiProbe.build/Debug-iphonesimulator/KimiProbe.build/assetcatalog_output/thinned/Assets.car


SwiftDriverJobDiscovery normal arm64 Compiling OrbitLinkStore.swift, OwnerConfirmation.swift, OwnerConfirmationReview.swift, OwnerItemCards.swift, PendingSessionOperations.swift, PinnedCache.swift, ProjectAttention.swift, ProjectCrossings.swift, ProjectDone.swift, ProjectGraphLayout.swift, ProjectPage.swift, ProjectPageSections.swift, ProjectRunSettings.swift, ProjectTimeline.swift, ProviderPoolLogic.swift, ProvidersOverview.swift, RecentsLogic.swift, RefreshControlClearance.swift, RelativeTime.swift, RetryRoute.swift, RowSwipeGeometry.swift, RunnerAttention.swift, RunnerControl.swift, RunnerDownload.swift (in target 'OrbitKit' from project 'OrbitKit')

SwiftDriver KimiProbe normal arm64 com.apple.xcode.tools.swift.compiler (in target 'KimiProbe' from project 'KimiProbe')
    cd /Users/runner/work/orbit/orbit/.kimi-probe
    builtin-SwiftDriver -- /Applications/Xcode_26.6.app/Contents/Developer/Toolchains/XcodeDefault.xctoolchain/usr/bin/swiftc -module-name KimiProbe -Onone @/Users/runner/work/orbit/orbit/.kimi-probe/.dd-ios/Build/Intermediates.noindex/KimiProbe.build/Debug-iphonesimulator/KimiProbe.build/Objects-normal/arm64/KimiProbe.SwiftFileList -DDEBUG -enable-bare-slash-regex -enable-experimental-feature DebugDescriptionMacro -sdk /Applications/Xcode_26.6.app/Contents/Developer/Platforms/iPhoneSimulator.platform/Developer/SDKs/iPhoneSimulator26.5.sdk -target arm64-apple-ios17.0-simulator -g -module-cache-path /Users/runner/work/orbit/orbit/.kimi-probe/.dd-ios/ModuleCache.noindex -Xfrontend -serialize-debugging-options -enable-testing -index-store-path /Users/runner/work/orbit/orbit/.kimi-probe/.dd-ios/Index.noindex/DataStore -Xcc -D_LIBCPP_HARDENING_MODE\=_LIBCPP_HARDENING_MODE_DEBUG -swift-version 5 -I /Users/runner/work/orbit/orbit/.kimi-probe/.dd-ios/Build/Products/Debug-iphonesimulator -F /Users/runner/work/orbit/orbit/.kimi-probe/.dd-ios/Build/Products/Debug-iphonesimulator/PackageFrameworks -F /Users/runner/work/orbit/orbit/.kimi-probe/.dd-ios/Build/Products/Debug-iphonesimulator/PackageFrameworks -F /Users/runner/work/orbit/orbit/.kimi-probe/.dd-ios/Build/Products/Debug-iphonesimulator/PackageFrameworks -F /Users/runner/work/orbit/orbit/.kimi-probe/.dd-ios/Build/Products/Debug-iphonesimulator/PackageFrameworks -F /Users/runner/work/orbit/orbit/.kimi-probe/.dd-ios/Build/Products/Debug-iphonesimulator/PackageFrameworks -F /Users/runner/work/orbit/orbit/.kimi-probe/.dd-ios/Build/Products/Debug-iphonesimulator -c -j3 -enable-batch-mode -incremental -Xcc -ivfsstatcache -Xcc /Users/runner/work/orbit/orbit/.kimi-probe/.dd-ios/SDKStatCaches.noindex/iphonesimulator26.5-23F81a-688ef53f1462e2c8f657fdc38a81448ff45c64a1807a658693f2a61704f17a36.sdkstatcache -output-file-map /Users/runner/work/orbit/orbit/.kimi-probe/.dd-ios/Build/Intermediates.noindex/KimiProbe.build/Debug-iphonesimulator/KimiProbe.build/Objects-normal/arm64/KimiProbe-OutputFileMap.json -use-frontend-parseable-output -save-temps -no-color-diagnostics -explicit-module-build -module-cache-path /Users/runner/work/orbit/orbit/.kimi-probe/.dd-ios/Build/Intermediates.noindex/SwiftExplicitPrecompiledModules -clang-scanner-module-cache-path /Users/runner/work/orbit/orbit/.kimi-probe/.dd-ios/ModuleCache.noindex -sdk-module-cache-path /Users/runner/work/orbit/orbit/.kimi-probe/.dd-ios/ModuleCache.noindex -serialize-diagnostics -emit-dependencies -emit-module -emit-module-path /Users/runner/work/orbit/orbit/.kimi-probe/.dd-ios/Build/Intermediates.noindex/KimiProbe.build/Debug-iphonesimulator/KimiProbe.build/Objects-normal/arm64/KimiProbe.swiftmodule -validate-clang-modules-once -clang-build-session-file /Users/runner/work/orbit/orbit/.kimi-probe/.dd-ios/ModuleCache.noindex/Session.modulevalidation -Xcc -I/Users/runner/work/orbit/orbit/.kimi-probe/.dd-ios/Build/Intermediates.noindex/KimiProbe.build/Debug-iphonesimulator/KimiProbe.build/swift-overrides.hmap -emit-const-values -Xfrontend -const-gather-protocols-file -Xfrontend /Users/runner/work/orbit/orbit/.kimi-probe/.dd-ios/Build/Intermediates.noindex/KimiProbe.build/Debug-iphonesimulator/KimiProbe.build/Objects-normal/arm64/KimiProbe_const_extract_protocols.json -Xcc -iquote -Xcc /Users/runner/work/orbit/orbit/.kimi-probe/.dd-ios/Build/Intermediates.noindex/KimiProbe.build/Debug-iphonesimulator/KimiProbe.build/KimiProbe-generated-files.hmap -Xcc -I/Users/runner/work/orbit/orbit/.kimi-probe/.dd-ios/Build/Intermediates.noindex/KimiProbe.build/Debug-iphonesimulator/KimiProbe.build/KimiProbe-own-target-headers.hmap -Xcc -I/Users/runner/work/orbit/orbit/.kimi-probe/.dd-ios/Build/Intermediates.noindex/KimiProbe.build/Debug-iphonesimulator/KimiProbe.build/KimiProbe-all-non-framework-target-headers.hmap -Xcc -ivfsoverlay -Xcc /Users/runner/work/orbit/orbit/.kimi-probe/.dd-ios/Build/Intermediates.noindex/KimiProbe.build/Debug-iphonesimulator/KimiProbe-a33cd880fab74bb1ef516098f265cdc1-VFS-iphonesimulator/all-product-headers.yaml -Xcc -iquote -Xcc /Users/runner/work/orbit/orbit/.kimi-probe/.dd-ios/Build/Intermediates.noindex/KimiProbe.build/Debug-iphonesimulator/KimiProbe.build/KimiProbe-project-headers.hmap -Xcc -I/Users/runner/work/orbit/orbit/.kimi-probe/.dd-ios/SourcePackages/checkouts/swift-cmark/src/include -Xcc -I/Users/runner/work/orbit/orbit/.kimi-probe/.dd-ios/SourcePackages/checkouts/swift-cmark/extensions/include -Xcc -I/Users/runner/work/orbit/orbit/.kimi-probe/.dd-ios/SourcePackages/checkouts/swift-markdown/Sources/CAtomic/include -Xcc -I/Users/runner/work/orbit/orbit/.kimi-probe/.dd-ios/Build/Products/Debug-iphonesimulator/include -Xcc -I/Users/runner/work/orbit/orbit/.kimi-probe/.dd-ios/Build/Intermediates.noindex/KimiProbe.build/Debug-iphonesimulator/KimiProbe.build/DerivedSources-normal/arm64 -Xcc -I/Users/runner/work/orbit/orbit/.kimi-probe/.dd-ios/Build/Intermediates.noindex/KimiProbe.build/Debug-iphonesimulator/KimiProbe.build/DerivedSources/arm64 -Xcc -I/Users/runner/work/orbit/orbit/.kimi-probe/.dd-ios/Build/Intermediates.noindex/KimiProbe.build/Debug-iphonesimulator/KimiProbe.build/DerivedSources -Xcc -DDEBUG\=1 -emit-objc-header -emit-objc-header-path /Users/runner/work/orbit/orbit/.kimi-probe/.dd-ios/Build/Intermediates.noindex/KimiProbe.build/Debug-iphonesimulator/KimiProbe.build/Objects-normal/arm64/KimiProbe-Swift.h -working-directory /Users/runner/work/orbit/orbit/.kimi-probe -experimental-emit-module-separately -disable-cmo

SwiftExplicitDependencyGeneratePcm arm64 /Users/runner/work/orbit/orbit/.kimi-probe/.dd-ios/ModuleCache.noindex/DeveloperToolsSupport-7KK1E775R1IUTNC676100A4QH.pcm

SwiftExplicitDependencyGeneratePcm arm64 /Users/runner/work/orbit/orbit/.kimi-probe/.dd-ios/ModuleCache.noindex/_AvailabilityInternal-9ISIMVJKQBBIZLUCTLSPET87I.pcm

SwiftExplicitDependencyGeneratePcm arm64 /Users/runner/work/orbit/orbit/.kimi-probe/.dd-ios/ModuleCache.noindex/_Builtin_stdarg-6EV9J1CI8LV0WXDUYB4JA77P6.pcm

SwiftExplicitDependencyGeneratePcm arm64 /Users/runner/work/orbit/orbit/.kimi-probe/.dd-ios/ModuleCache.noindex/ptrauth-4Y6WNKY5FTMMGXHDGI9V69AZ1.pcm

SwiftExplicitDependencyGeneratePcm arm64 /Users/runner/work/orbit/orbit/.kimi-probe/.dd-ios/ModuleCache.noindex/_Builtin_float-7P12215Y1EIGY0OJ6M0CIPXFX.pcm

SwiftExplicitDependencyGeneratePcm arm64 /Users/runner/work/orbit/orbit/.kimi-probe/.dd-ios/ModuleCache.noindex/_Builtin_stddef-32HDLDRXDIXY2XSTXTUPMODTI.pcm

SwiftExplicitDependencyGeneratePcm arm64 /Users/runner/work/orbit/orbit/.kimi-probe/.dd-ios/ModuleCache.noindex/_SwiftConcurrencyShims-7M39IGVCI0TS12N1QXHE4OUO6.pcm

SwiftExplicitDependencyGeneratePcm arm64 /Users/runner/work/orbit/orbit/.kimi-probe/.dd-ios/ModuleCache.noindex/SwiftShims-7B2R920Y1QKYMRVYEICUR11W0.pcm

SwiftExplicitDependencyGeneratePcm arm64 /Users/runner/work/orbit/orbit/.kimi-probe/.dd-ios/ModuleCache.noindex/_Builtin_stdbool-1RVN5P2TAR9F3OJN8PCX4VWTN.pcm

SwiftDriverJobDiscovery normal arm64 Compiling WatchWake.swift, WhoCanUseIt.swift, WikiArticleLogic.swift, WikiDocLogic.swift, WikiHealthLogic.swift, WikiLogic.swift, WikiModeLogic.swift, WikiPlanLogic.swift, WikiRunsLogic.swift, WikiSpaceLogic.swift, WorkspaceActivity.swift, WorktreeBarLogic.swift, WorktreeFileFailure.swift, GoogleSignIn.swift, TokenStore.swift, AccessTokens.swift, Admin.swift, Agents.swift, CodexLogin.swift, ControlEvent.swift, DTOs.swift, Enums.swift, FieldUpdate.swift (in target 'OrbitKit' from project 'OrbitKit')

SwiftExplicitDependencyGeneratePcm arm64 /Users/runner/work/orbit/orbit/.kimi-probe/.dd-ios/ModuleCache.noindex/ptrcheck-6F8ZRUN4BYAXWRV1R5W1ETX2T.pcm

SwiftDriver\ Compilation OrbitKit normal arm64 com.apple.xcode.tools.swift.compiler (in target 'OrbitKit' from project 'OrbitKit')
    cd /Users/runner/work/orbit/orbit/.kimi-probe/KimiProbe.xcodeproj
    builtin-Swift-Compilation -- /Applications/Xcode_26.6.app/Contents/Developer/Toolchains/XcodeDefault.xctoolchain/usr/bin/swiftc -module-name OrbitKit -Onone @/Users/runner/work/orbit/orbit/.kimi-probe/.dd-ios/Build/Intermediates.noindex/OrbitKit.build/Debug-iphonesimulator/OrbitKit.build/Objects-normal/arm64/OrbitKit.SwiftFileList -DSWIFT_PACKAGE -DDEBUG -DSWIFT_MODULE_RESOURCE_BUNDLE_UNAVAILABLE -DXcode -plugin-path /Applications/Xcode_26.6.app/Contents/Developer/Toolchains/XcodeDefault.xctoolchain/usr/lib/swift/host/plugins/testing -enable-experimental-feature DebugDescriptionMacro -sdk /Applications/Xcode_26.6.app/Contents/Developer/Platforms/iPhoneSimulator.platform/Developer/SDKs/iPhoneSimulator26.5.sdk -target arm64-apple-ios17.0-simulator -g -module-cache-path /Users/runner/work/orbit/orbit/.kimi-probe/.dd-ios/ModuleCache.noindex -Xfrontend -serialize-debugging-options -enable-testing -index-store-path /Users/runner/work/orbit/orbit/.kimi-probe/.dd-ios/Index.noindex/DataStore -Xcc -D_LIBCPP_HARDENING_MODE\=_LIBCPP_HARDENING_MODE_DEBUG -swift-version 5 -I /Users/runner/work/orbit/orbit/.kimi-probe/.dd-ios/Build/Products/Debug-iphonesimulator -Isystem /Applications/Xcode_26.6.app/Contents/Developer/Platforms/iPhoneSimulator.platform/Developer/usr/lib -F /Users/runner/work/orbit/orbit/.kimi-probe/.dd-ios/Build/Products/Debug-iphonesimulator/PackageFrameworks -F /Users/runner/work/orbit/orbit/.kimi-probe/.dd-ios/Build/Products/Debug-iphonesimulator/PackageFrameworks -F /Users/runner/work/orbit/orbit/.kimi-probe/.dd-ios/Build/Products/Debug-iphonesimulator/PackageFrameworks -F /Users/runner/work/orbit/orbit/.kimi-probe/.dd-ios/Build/Products/Debug-iphonesimulator/PackageFrameworks -F /Users/runner/work/orbit/orbit/.kimi-probe/.dd-ios/Build/Products/Debug-iphonesimulator -F /Applications/Xcode_26.6.app/Contents/Developer/Platforms/iPhoneSimulator.platform/Developer/Library/Frameworks -F /Applications/Xcode_26.6.app/Contents/Developer/Platforms/iPhoneSimulator.platform/Developer/SDKs/iPhoneSimulator26.5.sdk/Developer/Library/Frameworks -c -j3 -enable-batch-mode -incremental -Xcc -ivfsstatcache -Xcc /Users/runner/work/orbit/orbit/.kimi-probe/.dd-ios/SDKStatCaches.noindex/iphonesimulator26.5-23F81a-688ef53f1462e2c8f657fdc38a81448ff45c64a1807a658693f2a61704f17a36.sdkstatcache -output-file-map /Users/runner/work/orbit/orbit/.kimi-probe/.dd-ios/Build/Intermediates.noindex/OrbitKit.build/Debug-iphonesimulator/OrbitKit.build/Objects-normal/arm64/OrbitKit-OutputFileMap.json -use-frontend-parseable-output -save-temps -no-color-diagnostics -explicit-module-build -module-cache-path /Users/runner/work/orbit/orbit/.kimi-probe/.dd-ios/Build/Intermediates.noindex/SwiftExplicitPrecompiledModules -clang-scanner-module-cache-path /Users/runner/work/orbit/orbit/.kimi-probe/.dd-ios/ModuleCache.noindex -sdk-module-cache-path /Users/runner/work/orbit/orbit/.kimi-probe/.dd-ios/ModuleCache.noindex -serialize-diagnostics -emit-dependencies -emit-module -emit-module-path /Users/runner/work/orbit/orbit/.kimi-probe/.dd-ios/Build/Intermediates.noindex/OrbitKit.build/Debug-iphonesimulator/OrbitKit.build/Objects-normal/arm64/OrbitKit.swiftmodule -validate-clang-modules-once -clang-build-session-file /Users/runner/work/orbit/orbit/.kimi-probe/.dd-ios/ModuleCache.noindex/Session.modulevalidation -package-name orbitkit -Xcc -I/Users/runner/work/orbit/orbit/.kimi-probe/.dd-ios/Build/Intermediates.noindex/OrbitKit.build/Debug-iphonesimulator/OrbitKit.build/swift-overrides.hmap -emit-const-values -Xfrontend -const-gather-protocols-file -Xfrontend /Users/runner/work/orbit/orbit/.kimi-probe/.dd-ios/Build/Intermediates.noindex/OrbitKit.build/Debug-iphonesimulator/OrbitKit.build/Objects-normal/arm64/OrbitKit_const_extract_protocols.json -Xcc -I/Users/runner/work/orbit/orbit/.kimi-probe/.dd-ios/SourcePackages/checkouts/swift-cmark/src/include -Xcc -I/Users/runner/work/orbit/orbit/.kimi-probe/.dd-ios/SourcePackages/checkouts/swift-cmark/extensions/include -Xcc -I/Users/runner/work/orbit/orbit/.kimi-probe/.dd-ios/SourcePackages/checkouts/swift-markdown/Sources/CAtomic/include -Xcc -I/Users/runner/work/orbit/orbit/.kimi-probe/.dd-ios/Build/Products/Debug-iphonesimulator/include -Xcc -I/Users/runner/work/orbit/orbit/.kimi-probe/.dd-ios/Build/Intermediates.noindex/OrbitKit.build/Debug-iphonesimulator/OrbitKit.build/DerivedSources-normal/arm64 -Xcc -I/Users/runner/work/orbit/orbit/.kimi-probe/.dd-ios/Build/Intermediates.noindex/OrbitKit.build/Debug-iphonesimulator/OrbitKit.build/DerivedSources/arm64 -Xcc -I/Users/runner/work/orbit/orbit/.kimi-probe/.dd-ios/Build/Intermediates.noindex/OrbitKit.build/Debug-iphonesimulator/OrbitKit.build/DerivedSources -Xcc -DSWIFT_PACKAGE -Xcc -DDEBUG\=1 -emit-objc-header -emit-objc-header-path /Users/runner/work/orbit/orbit/.kimi-probe/.dd-ios/Build/Intermediates.noindex/OrbitKit.build/Debug-iphonesimulator/OrbitKit.build/Objects-normal/arm64/OrbitKit-Swift.h -working-directory /Users/runner/work/orbit/orbit/.kimi-probe/KimiProbe.xcodeproj -experimental-emit-module-separately -disable-cmo

Ld /Users/runner/work/orbit/orbit/.kimi-probe/.dd-ios/Build/Products/Debug-iphonesimulator/OrbitKit.o normal (in target 'OrbitKit' from project 'OrbitKit')
    cd /Users/runner/work/orbit/orbit/src/macos/OrbitKit
    /Applications/Xcode_26.6.app/Contents/Developer/Toolchains/XcodeDefault.xctoolchain/usr/bin/clang -Xlinker -reproducible -target arm64-apple-ios17.0-simulator -r -isysroot /Applications/Xcode_26.6.app/Contents/Developer/Platforms/iPhoneSimulator.platform/Developer/SDKs/iPhoneSimulator26.5.sdk -O0 -F/Users/runner/work/orbit/orbit/.kimi-probe/.dd-ios/Build/Intermediates.noindex/EagerLinkingTBDs/Debug-iphonesimulator -F/Users/runner/work/orbit/orbit/.kimi-probe/.dd-ios/Build/Products/Debug-iphonesimulator/PackageFrameworks -F/Users/runner/work/orbit/orbit/.kimi-probe/.dd-ios/Build/Products/Debug-iphonesimulator/PackageFrameworks -F/Users/runner/work/orbit/orbit/.kimi-probe/.dd-ios/Build/Products/Debug-iphonesimulator/PackageFrameworks -F/Users/runner/work/orbit/orbit/.kimi-probe/.dd-ios/Build/Products/Debug-iphonesimulator/PackageFrameworks -F/Users/runner/work/orbit/orbit/.kimi-probe/.dd-ios/Build/Products/Debug-iphonesimulator -iframework /Applications/Xcode_26.6.app/Contents/Developer/Platforms/iPhoneSimulator.platform/Developer/Library/Frameworks -iframework /Applications/Xcode_26.6.app/Contents/Developer/Platforms/iPhoneSimulator.platform/Developer/SDKs/iPhoneSimulator26.5.sdk/Developer/Library/Frameworks -filelist /Users/runner/work/orbit/orbit/.kimi-probe/.dd-ios/Build/Intermediates.noindex/OrbitKit.build/Debug-iphonesimulator/OrbitKit.build/Objects-normal/arm64/OrbitKit.LinkFileList -nostdlib -Xlinker -object_path_lto -Xlinker /Users/runner/work/orbit/orbit/.kimi-probe/.dd-ios/Build/Intermediates.noindex/OrbitKit.build/Debug-iphonesimulator/OrbitKit.build/Objects-normal/arm64/OrbitKit_lto.o -Xlinker -no_deduplicate -Xlinker -objc_abi_version -Xlinker 2 -Xlinker -dependency_info -Xlinker /Users/runner/work/orbit/orbit/.kimi-probe/.dd-ios/Build/Intermediates.noindex/OrbitKit.build/Debug-iphonesimulator/OrbitKit.build/Objects-normal/arm64/OrbitKit_dependency_info.dat -fobjc-link-runtime -L/Applications/Xcode_26.6.app/Contents/Developer/Toolchains/XcodeDefault.xctoolchain/usr/lib/swift/iphonesimulator -L/usr/lib/swift -Xlinker -add_ast_path -Xlinker /Users/runner/work/orbit/orbit/.kimi-probe/.dd-ios/Build/Intermediates.noindex/OrbitKit.build/Debug-iphonesimulator/OrbitKit.build/Objects-normal/arm64/OrbitKit.swiftmodule @/Users/runner/work/orbit/orbit/.kimi-probe/.dd-ios/Build/Intermediates.noindex/OrbitKit.build/Debug-iphonesimulator/OrbitKit.build/Objects-normal/arm64/OrbitKit-linker-args.resp -o /Users/runner/work/orbit/orbit/.kimi-probe/.dd-ios/Build/Products/Debug-iphonesimulator/OrbitKit.o

SwiftExplicitDependencyGeneratePcm arm64 /Users/runner/work/orbit/orbit/.kimi-probe/.dd-ios/ModuleCache.noindex/_DarwinFoundation1-5HX7AFLD50RVUXAQ20ELZ3R40.pcm

SwiftExplicitDependencyGeneratePcm arm64 /Users/runner/work/orbit/orbit/.kimi-probe/.dd-ios/ModuleCache.noindex/_DarwinFoundation2-7ZOM81UN5D1QG8CPHHWLQA1H6.pcm

SwiftExplicitDependencyGeneratePcm arm64 /Users/runner/work/orbit/orbit/.kimi-probe/.dd-ios/ModuleCache.noindex/_Builtin_limits-DK9Z8O0D7TAAVG8A1CB1MHGZ8.pcm

SwiftExplicitDependencyGeneratePcm arm64 /Users/runner/work/orbit/orbit/.kimi-probe/.dd-ios/ModuleCache.noindex/sys_types-1EC3A5TDVJXF4LM5WAGVGE83U.pcm

SwiftExplicitDependencyGeneratePcm arm64 /Users/runner/work/orbit/orbit/.kimi-probe/.dd-ios/ModuleCache.noindex/_Builtin_stdint-DKOP78WSZAE0G8629F8L5Y6OW.pcm

SwiftExplicitDependencyGeneratePcm arm64 /Users/runner/work/orbit/orbit/.kimi-probe/.dd-ios/ModuleCache.noindex/_Builtin_tgmath-DICSVR8ZQGH81EOGPNVMHH59V.pcm

SwiftExplicitDependencyGeneratePcm arm64 /Users/runner/work/orbit/orbit/.kimi-probe/.dd-ios/ModuleCache.noindex/_Builtin_stdatomic-83NZNAFLAL5951LKR20CW85YL.pcm

SwiftExplicitDependencyGeneratePcm arm64 /Users/runner/work/orbit/orbit/.kimi-probe/.dd-ios/ModuleCache.noindex/_DarwinFoundation3-CMWT1N606NP51RVQG6CMUSAAU.pcm

SwiftExplicitDependencyGeneratePcm arm64 /Users/runner/work/orbit/orbit/.kimi-probe/.dd-ios/Build/Intermediates.noindex/SwiftExplicitPrecompiledModules/CAtomic-DQ3GZFPD8VF4CKTDXWROR84RM.pcm

SwiftExplicitDependencyGeneratePcm arm64 /Users/runner/work/orbit/orbit/.kimi-probe/.dd-ios/Build/Intermediates.noindex/SwiftExplicitPrecompiledModules/cmark_gfm-7FVX8W1A5QHWSO9A1HVE19NMO.pcm

SwiftExplicitDependencyGeneratePcm arm64 /Users/runner/work/orbit/orbit/.kimi-probe/.dd-ios/ModuleCache.noindex/_Builtin_inttypes-9AM0B4K90UTIU2MH7TUX5A61R.pcm

SwiftExplicitDependencyGeneratePcm arm64 /Users/runner/work/orbit/orbit/.kimi-probe/.dd-ios/ModuleCache.noindex/_Builtin_intrinsics-1J7RIOIT2YH5OKDMDHFGHM0XS.pcm

SwiftExplicitDependencyGeneratePcm arm64 /Users/runner/work/orbit/orbit/.kimi-probe/.dd-ios/ModuleCache.noindex/ExtensionFoundation-6BA03H3V7VMNXH0A875QYN97V.pcm

SwiftExplicitDependencyGeneratePcm arm64 /Users/runner/work/orbit/orbit/.kimi-probe/.dd-ios/Build/Intermediates.noindex/SwiftExplicitPrecompiledModules/cmark_gfm_extensions-UN37S0Y01Z3U3FU2OFKJ1R80.pcm

SwiftExplicitDependencyGeneratePcm arm64 /Users/runner/work/orbit/orbit/.kimi-probe/.dd-ios/ModuleCache.noindex/Darwin-DYP1A5W3KD9WX959YIMPWKRND.pcm

SwiftExplicitDependencyGeneratePcm arm64 /Users/runner/work/orbit/orbit/.kimi-probe/.dd-ios/ModuleCache.noindex/simd-AV17I772F18GOUXSCQP1DQOTQ.pcm

ExtractAppIntentsMetadata (in target 'OrbitKit' from project 'OrbitKit')
    cd /Users/runner/work/orbit/orbit/src/macos/OrbitKit
    /Applications/Xcode_26.6.app/Contents/Developer/Toolchains/XcodeDefault.xctoolchain/usr/bin/appintentsmetadataprocessor --toolchain-dir /var/run/com.apple.security.cryptexd/mnt/com.apple.MobileAsset.MetalToolchain-v17.6.109.0.wDopiA/Metal.xctoolchain --module-name OrbitKit --sdk-root /Applications/Xcode_26.6.app/Contents/Developer/Platforms/iPhoneSimulator.platform/Developer/SDKs/iPhoneSimulator26.5.sdk --xcode-version 17F113 --platform-family iOS --deployment-target 17.0 --bundle-identifier orbitkit.OrbitKit --output /Users/runner/work/orbit/orbit/.kimi-probe/.dd-ios/Build/Products/Debug-iphonesimulator/OrbitKit.appintents --target-triple arm64-apple-ios17.0-simulator --binary-file /Users/runner/work/orbit/orbit/.kimi-probe/.dd-ios/Build/Products/Debug-iphonesimulator/OrbitKit.o --dependency-file /Users/runner/work/orbit/orbit/.kimi-probe/.dd-ios/Build/Intermediates.noindex/OrbitKit.build/Debug-iphonesimulator/OrbitKit.build/Objects-normal/arm64/OrbitKit_dependency_info.dat --stringsdata-file /Users/runner/work/orbit/orbit/.kimi-probe/.dd-ios/Build/Intermediates.noindex/OrbitKit.build/Debug-iphonesimulator/OrbitKit.build/Objects-normal/arm64/ExtractedAppShortcutsMetadata.stringsdata --source-file-list /Users/runner/work/orbit/orbit/.kimi-probe/.dd-ios/Build/Intermediates.noindex/OrbitKit.build/Debug-iphonesimulator/OrbitKit.build/Objects-normal/arm64/OrbitKit.SwiftFileList --metadata-file-list /Users/runner/work/orbit/orbit/.kimi-probe/.dd-ios/Build/Intermediates.noindex/OrbitKit.build/Debug-iphonesimulator/OrbitKit.build/OrbitKit.DependencyMetadataFileList --static-metadata-file-list /Users/runner/work/orbit/orbit/.kimi-probe/.dd-ios/Build/Intermediates.noindex/OrbitKit.build/Debug-iphonesimulator/OrbitKit.build/OrbitKit.DependencyStaticMetadataFileList --swift-const-vals-list /Users/runner/work/orbit/orbit/.kimi-probe/.dd-ios/Build/Intermediates.noindex/OrbitKit.build/Debug-iphonesimulator/OrbitKit.build/Objects-normal/arm64/OrbitKit.SwiftConstValuesFileList --force --compile-time-extraction --deployment-aware-processing --validate-assistant-intents --no-app-shortcuts-localization
2026-10-08 17:25:10.254 appintentsmetadataprocessor[7018:26224] Starting appintentsmetadataprocessor export
2026-10-08 17:25:10.488 appintentsmetadataprocessor[7018:26224] Extracted no relevant App Intents symbols, skipping writing output

SwiftExplicitDependencyGeneratePcm arm64 /Users/runner/work/orbit/orbit/.kimi-probe/.dd-ios/ModuleCache.noindex/Spatial-82NCEYAWVY7U641GE33MVYPNL.pcm

SwiftExplicitDependencyGeneratePcm arm64 /Users/runner/work/orbit/orbit/.kimi-probe/.dd-ios/ModuleCache.noindex/MachO-A9V66E1UFWOPF63BADE3PP0KZ.pcm

SwiftExplicitDependencyGeneratePcm arm64 /Users/runner/work/orbit/orbit/.kimi-probe/.dd-ios/ModuleCache.noindex/ObjectiveC-AP814DVP96ZPW6K2WE7LEN3U0.pcm

CodeSign /Users/runner/work/orbit/orbit/.kimi-probe/.dd-ios/Build/Products/Debug-iphonesimulator/OrbitKit.o (in target 'OrbitKit' from project 'OrbitKit')
    cd /Users/runner/work/orbit/orbit/src/macos/OrbitKit
    
    Signing Identity:     "Sign to Run Locally"
    
    /usr/bin/codesign --force --sign - --timestamp\=none --generate-entitlement-der /Users/runner/work/orbit/orbit/.kimi-probe/.dd-ios/Build/Products/Debug-iphonesimulator/OrbitKit.o

SwiftExplicitDependencyGeneratePcm arm64 /Users/runner/work/orbit/orbit/.kimi-probe/.dd-ios/ModuleCache.noindex/os_object-50AYJWUUMQJ1GD0J73ISYIZL3.pcm

RegisterExecutionPolicyException /Users/runner/work/orbit/orbit/.kimi-probe/.dd-ios/Build/Products/Debug-iphonesimulator/OrbitKit.o (in target 'OrbitKit' from project 'OrbitKit')
    cd /Users/runner/work/orbit/orbit/src/macos/OrbitKit
    builtin-RegisterExecutionPolicyException /Users/runner/work/orbit/orbit/.kimi-probe/.dd-ios/Build/Products/Debug-iphonesimulator/OrbitKit.o

SwiftExplicitDependencyGeneratePcm arm64 /Users/runner/work/orbit/orbit/.kimi-probe/.dd-ios/ModuleCache.noindex/os_workgroup-EPX6C9CI4T7VQC94BK6B0CS6Z.pcm

Ld /Users/runner/work/orbit/orbit/.kimi-probe/.dd-ios/Build/Products/Debug-iphonesimulator/KimiProbe.app/__preview.dylib normal (in target 'KimiProbe' from project 'KimiProbe')
    cd /Users/runner/work/orbit/orbit/.kimi-probe
    /Applications/Xcode_26.6.app/Contents/Developer/Toolchains/XcodeDefault.xctoolchain/usr/bin/clang -Xlinker -reproducible -target arm64-apple-ios17.0-simulator -dynamiclib -isysroot /Applications/Xcode_26.6.app/Contents/Developer/Platforms/iPhoneSimulator.platform/Developer/SDKs/iPhoneSimulator26.5.sdk -O0 -L/Users/runner/work/orbit/orbit/.kimi-probe/.dd-ios/Build/Products/Debug-iphonesimulator -F/Users/runner/work/orbit/orbit/.kimi-probe/.dd-ios/Build/Products/Debug-iphonesimulator/PackageFrameworks -F/Users/runner/work/orbit/orbit/.kimi-probe/.dd-ios/Build/Products/Debug-iphonesimulator/PackageFrameworks -F/Users/runner/work/orbit/orbit/.kimi-probe/.dd-ios/Build/Products/Debug-iphonesimulator/PackageFrameworks -F/Users/runner/work/orbit/orbit/.kimi-probe/.dd-ios/Build/Products/Debug-iphonesimulator/PackageFrameworks -F/Users/runner/work/orbit/orbit/.kimi-probe/.dd-ios/Build/Products/Debug-iphonesimulator/PackageFrameworks -F/Users/runner/work/orbit/orbit/.kimi-probe/.dd-ios/Build/Products/Debug-iphonesimulator -install_name @rpath/KimiProbe.debug.dylib -Xlinker -dead_strip -rdynamic -Xlinker -no_deduplicate -Xlinker -objc_abi_version -Xlinker 2 -Xlinker -dependency_info -Xlinker /Users/runner/work/orbit/orbit/.kimi-probe/.dd-ios/Build/Intermediates.noindex/KimiProbe.build/Debug-iphonesimulator/KimiProbe.build/Objects-normal/arm64/KimiProbe_dependency_info.dat -Xlinker -sectcreate -Xlinker __TEXT -Xlinker __entitlements -Xlinker /Users/runner/work/orbit/orbit/.kimi-probe/.dd-ios/Build/Intermediates.noindex/KimiProbe.build/Debug-iphonesimulator/KimiProbe.build/KimiProbe.app-Simulated.xcent -Xlinker -sectcreate -Xlinker __TEXT -Xlinker __ents_der -Xlinker /Users/runner/work/orbit/orbit/.kimi-probe/.dd-ios/Build/Intermediates.noindex/KimiProbe.build/Debug-iphonesimulator/KimiProbe.build/KimiProbe.app-Simulated.xcent.der -Xlinker -no_adhoc_codesign -o /Users/runner/work/orbit/orbit/.kimi-probe/.dd-ios/Build/Products/Debug-iphonesimulator/KimiProbe.app/__preview.dylib

SwiftExplicitDependencyGeneratePcm arm64 /Users/runner/work/orbit/orbit/.kimi-probe/.dd-ios/ModuleCache.noindex/Dispatch-DHDOIVRHDUQ58QPYM5JY8UXPB.pcm

SwiftExplicitDependencyGeneratePcm arm64 /Users/runner/work/orbit/orbit/.kimi-probe/.dd-ios/ModuleCache.noindex/CoreFoundation-EAIDEDACCYMZLFS96I9QG8V3H.pcm

SwiftExplicitDependencyGeneratePcm arm64 /Users/runner/work/orbit/orbit/.kimi-probe/.dd-ios/ModuleCache.noindex/dnssd-CLN1GK1UEDHOBFT48BJRTYK65.pcm

SwiftExplicitDependencyGeneratePcm arm64 /Users/runner/work/orbit/orbit/.kimi-probe/.dd-ios/ModuleCache.noindex/XPC-9T31NM3K9R2RLZ4CAFKBGWCYD.pcm

SwiftExplicitDependencyGeneratePcm arm64 /Users/runner/work/orbit/orbit/.kimi-probe/.dd-ios/ModuleCache.noindex/os-CJ9FWXAKNLL3DH0PYPAVENFQS.pcm

SwiftExplicitDependencyGeneratePcm arm64 /Users/runner/work/orbit/orbit/.kimi-probe/.dd-ios/ModuleCache.noindex/Security-1618DEB9D04V8WLXFORGWW5UC.pcm

SwiftExplicitDependencyGeneratePcm arm64 /Users/runner/work/orbit/orbit/.kimi-probe/.dd-ios/ModuleCache.noindex/CoreAudioTypes-BNEF57RWV041CN9KQ4C1VYDGW.pcm

SwiftExplicitDependencyGeneratePcm arm64 /Users/runner/work/orbit/orbit/.kimi-probe/.dd-ios/ModuleCache.noindex/CFNetwork-DGEYAJO1G7ZK83SQE4BW9HM6J.pcm

SwiftExplicitDependencyGeneratePcm arm64 /Users/runner/work/orbit/orbit/.kimi-probe/.dd-ios/ModuleCache.noindex/CoreGraphics-584UOZ49M5041GFCU7L4X1TNQ.pcm

SwiftExplicitDependencyGeneratePcm arm64 /Users/runner/work/orbit/orbit/.kimi-probe/.dd-ios/ModuleCache.noindex/CoreAudio-6IVEFOGGJRN2ZAR6WWGD882EL.pcm

SwiftExplicitDependencyGeneratePcm arm64 /Users/runner/work/orbit/orbit/.kimi-probe/.dd-ios/ModuleCache.noindex/Foundation-AQPWA067437GUTNC7P9GJTWQE.pcm

SwiftExplicitDependencyGeneratePcm arm64 /Users/runner/work/orbit/orbit/.kimi-probe/.dd-ios/ModuleCache.noindex/ImageIO-D5CAIKJLZT024FM0ECLU09T4T.pcm

SwiftExplicitDependencyGeneratePcm arm64 /Users/runner/work/orbit/orbit/.kimi-probe/.dd-ios/ModuleCache.noindex/CoreText-80YG9VR950CFKZ0V1PKAEHFQ9.pcm

SwiftExplicitDependencyGeneratePcm arm64 /Users/runner/work/orbit/orbit/.kimi-probe/.dd-ios/ModuleCache.noindex/OpenGLES-4TVNVUFQ67Y2VUFXULRTOH9X3.pcm

SwiftExplicitDependencyGeneratePcm arm64 /Users/runner/work/orbit/orbit/.kimi-probe/.dd-ios/ModuleCache.noindex/DataDetection-8KFO7QQ949RLPRNQAWMOBO3Z2.pcm

SwiftExplicitDependencyGeneratePcm arm64 /Users/runner/work/orbit/orbit/.kimi-probe/.dd-ios/ModuleCache.noindex/CoreMIDI-40331280GKVEC9OJXDDXFXR28.pcm

SwiftExplicitDependencyGeneratePcm arm64 /Users/runner/work/orbit/orbit/.kimi-probe/.dd-ios/ModuleCache.noindex/CoreTransferable-5DD097FMQ75N6BMMJTQMZHTEV.pcm

SwiftExplicitDependencyGeneratePcm arm64 /Users/runner/work/orbit/orbit/.kimi-probe/.dd-ios/ModuleCache.noindex/_LocationEssentials-70SV7A0VDL5M4GCL8PLHE64Q4.pcm

SwiftExplicitDependencyGeneratePcm arm64 /Users/runner/work/orbit/orbit/.kimi-probe/.dd-ios/ModuleCache.noindex/OSLog-5VMX52605PTKQWR0W9GWHJEII.pcm

SwiftExplicitDependencyGeneratePcm arm64 /Users/runner/work/orbit/orbit/.kimi-probe/.dd-ios/ModuleCache.noindex/Symbols-94A4B50TBDDRH3R47RNCI1EJ.pcm

SwiftExplicitDependencyGeneratePcm arm64 /Users/runner/work/orbit/orbit/.kimi-probe/.dd-ios/ModuleCache.noindex/CoreLocation-28W6A8H0S5VM3G3BOOIIUASFE.pcm

SwiftExplicitDependencyGeneratePcm arm64 /Users/runner/work/orbit/orbit/.kimi-probe/.dd-ios/ModuleCache.noindex/UserNotifications-2U38EH6UIKR3SI2IZPZ45T5TI.pcm

SwiftExplicitDependencyGeneratePcm arm64 /Users/runner/work/orbit/orbit/.kimi-probe/.dd-ios/ModuleCache.noindex/IOSurface-DXVNS6MVPA7P8APD8MP68XDK.pcm

SwiftExplicitDependencyGeneratePcm arm64 /Users/runner/work/orbit/orbit/.kimi-probe/.dd-ios/ModuleCache.noindex/Network-8BMS5AWBVHEUYTYOMO0LSNR3U.pcm

SwiftExplicitDependencyGeneratePcm arm64 /Users/runner/work/orbit/orbit/.kimi-probe/.dd-ios/ModuleCache.noindex/CoreData-14P2X2EN1MNF75I2HCWCG0OTZ.pcm

SwiftExplicitDependencyGeneratePcm arm64 /Users/runner/work/orbit/orbit/.kimi-probe/.dd-ios/ModuleCache.noindex/Metal-31BZR90R231CICTPJUJ2K7SVS.pcm

SwiftExplicitDependencyGeneratePcm arm64 /Users/runner/work/orbit/orbit/.kimi-probe/.dd-ios/ModuleCache.noindex/AVRouting-6RU80LTC6SD0PMSMPHD1CMN2V.pcm

SwiftExplicitDependencyGeneratePcm arm64 /Users/runner/work/orbit/orbit/.kimi-probe/.dd-ios/ModuleCache.noindex/FileProvider-4QP2BNOIKBXTVR0AHI2TL9RJ9.pcm

SwiftExplicitDependencyGeneratePcm arm64 /Users/runner/work/orbit/orbit/.kimi-probe/.dd-ios/ModuleCache.noindex/UIUtilities-3H5RUCLXF6MXM4OAQJ4PQ9BSJ.pcm

SwiftExplicitDependencyGeneratePcm arm64 /Users/runner/work/orbit/orbit/.kimi-probe/.dd-ios/ModuleCache.noindex/Accessibility-1VX6H58FEWP7ODL0WVFUYEB2H.pcm

SwiftExplicitDependencyGeneratePcm arm64 /Users/runner/work/orbit/orbit/.kimi-probe/.dd-ios/ModuleCache.noindex/CoreVideo-6KX6JPE9F18C2IOIBLI0Z07OW.pcm

SwiftExplicitDependencyGeneratePcm arm64 /Users/runner/work/orbit/orbit/.kimi-probe/.dd-ios/ModuleCache.noindex/UniformTypeIdentifiers-B7OVCUD8YZYIX1DJ1EV5Q4PJH.pcm

SwiftExplicitDependencyGeneratePcm arm64 /Users/runner/work/orbit/orbit/.kimi-probe/.dd-ios/ModuleCache.noindex/AudioToolbox-6VW3231GMCBL2PNNO2R8MDK44.pcm

SwiftExplicitDependencyGeneratePcm arm64 /Users/runner/work/orbit/orbit/.kimi-probe/.dd-ios/ModuleCache.noindex/LocalAuthentication-DRKFF3XSHLPN4O4J2CORRUIO1.pcm

SwiftExplicitDependencyGeneratePcm arm64 /Users/runner/work/orbit/orbit/.kimi-probe/.dd-ios/ModuleCache.noindex/CoreImage-46JAE947NWOFQDSJZY5N9UASL.pcm

SwiftExplicitDependencyGeneratePcm arm64 /Users/runner/work/orbit/orbit/.kimi-probe/.dd-ios/ModuleCache.noindex/CoreMedia-CTKSHSDJJUJWAGARZXNX2UATP.pcm

SwiftExplicitDependencyGeneratePcm arm64 /Users/runner/work/orbit/orbit/.kimi-probe/.dd-ios/ModuleCache.noindex/QuartzCore-5R7LQVD5M8191GIV4MA23RZEL.pcm

SwiftExplicitDependencyGeneratePcm arm64 /Users/runner/work/orbit/orbit/.kimi-probe/.dd-ios/ModuleCache.noindex/MediaToolbox-E0QUS47SNDE1FFLKY0EY8OI3R.pcm

SwiftExplicitDependencyGeneratePcm arm64 /Users/runner/work/orbit/orbit/.kimi-probe/.dd-ios/ModuleCache.noindex/AVFAudio-9OAY2SNUFFH8ZALAKFL8190AS.pcm

SwiftExplicitDependencyGeneratePcm arm64 /Users/runner/work/orbit/orbit/.kimi-probe/.dd-ios/ModuleCache.noindex/UIKit-1HX79DIS6BEKZSDGVT7SK9PJL.pcm

SwiftExplicitDependencyGeneratePcm arm64 /Users/runner/work/orbit/orbit/.kimi-probe/.dd-ios/ModuleCache.noindex/SwiftUICore-5P8EBDUGRVAB10NNGJTMBECNU.pcm

SwiftExplicitDependencyGeneratePcm arm64 /Users/runner/work/orbit/orbit/.kimi-probe/.dd-ios/ModuleCache.noindex/AVFoundation-DV8CAUNQKN1DN557DKDSOHB92.pcm

SwiftExplicitDependencyGeneratePcm arm64 /Users/runner/work/orbit/orbit/.kimi-probe/.dd-ios/ModuleCache.noindex/Photos-1XAGRKKR6WA1WX0LXY9ECSSA2.pcm

SwiftExplicitDependencyGeneratePcm arm64 /Users/runner/work/orbit/orbit/.kimi-probe/.dd-ios/ModuleCache.noindex/PhotosUI-B8DKSDJQN45LL0ECSGJW3RKHA.pcm

SwiftExplicitDependencyGeneratePcm arm64 /Users/runner/work/orbit/orbit/.kimi-probe/.dd-ios/ModuleCache.noindex/SwiftUI-BA1UF2Q6MF0OHRHQLXKRO3FFB.pcm

SwiftExplicitDependencyGeneratePcm arm64 /Users/runner/work/orbit/orbit/.kimi-probe/.dd-ios/ModuleCache.noindex/AuthenticationServices-4IZYLECX39HW6787813V98QZ2.pcm

SwiftEmitModule normal arm64 Emitting\ module\ for\ KimiProbe (in target 'KimiProbe' from project 'KimiProbe')

EmitSwiftModule normal arm64 (in target 'KimiProbe' from project 'KimiProbe')
    cd /Users/runner/work/orbit/orbit/.kimi-probe
    

SwiftCompile normal arm64 Compiling\ ProbeArgs.swift,\ ProjectCrossingRow.swift,\ ProjectDoneCards.swift,\ ProjectGraphView.swift,\ ProjectLandingJobsSheet.swift,\ ProjectLandingRow.swift,\ ProjectMergeModel.swift,\ ProjectStartedCardView.swift,\ ProjectsModel.swift,\ ProjectsView.swift,\ ProviderPoolViews.swift,\ Push.swift,\ RowSwipeActions.swift,\ RunnerEnginePage.swift,\ RunnerNamePage.swift,\ RunnerPageParts.swift,\ RunnerSignInModel.swift,\ RunnerSignInView.swift,\ RunnersModel.swift,\ SelectableText.swift,\ SessionCoordinatorBadge.swift,\ SessionFolderPage.swift,\ SessionListSearch.swift,\ SessionMessageCardView.swift /Users/runner/work/orbit/orbit/.kimi-probe/ProbeArgs.swift /Users/runner/work/orbit/orbit/src/macos/OrbitApp/Sources/OrbitApp/Views/ProjectCrossingRow.swift /Users/runner/work/orbit/orbit/src/macos/OrbitApp/Sources/OrbitApp/Views/ProjectDoneCards.swift /Users/runner/work/orbit/orbit/src/macos/OrbitApp/Sources/OrbitApp/Views/ProjectGraphView.swift /Users/runner/work/orbit/orbit/src/macos/OrbitApp/Sources/OrbitApp/Views/ProjectLandingJobsSheet.swift /Users/runner/work/orbit/orbit/src/macos/OrbitApp/Sources/OrbitApp/Views/ProjectLandingRow.swift /Users/runner/work/orbit/orbit/src/macos/OrbitApp/Sources/OrbitApp/ProjectMergeModel.swift /Users/runner/work/orbit/orbit/src/macos/OrbitApp/Sources/OrbitApp/Views/ProjectStartedCardView.swift /Users/runner/work/orbit/orbit/src/macos/OrbitApp/Sources/OrbitApp/ProjectsModel.swift /Users/runner/work/orbit/orbit/src/macos/OrbitApp/Sources/OrbitApp/Views/ProjectsView.swift /Users/runner/work/orbit/orbit/src/macos/OrbitApp/Sources/OrbitApp/Views/ProviderPoolViews.swift /Users/runner/work/orbit/orbit/src/ios/Sources/Push.swift /Users/runner/work/orbit/orbit/src/macos/OrbitApp/Sources/OrbitApp/Views/RowSwipeActions.swift /Users/runner/work/orbit/orbit/src/macos/OrbitApp/Sources/OrbitApp/Views/RunnerEnginePage.swift /Users/runner/work/orbit/orbit/src/macos/OrbitApp/Sources/OrbitApp/Views/RunnerNamePage.swift /Users/runner/work/orbit/orbit/src/macos/OrbitApp/Sources/OrbitApp/Views/RunnerPageParts.swift /Users/runner/work/orbit/orbit/src/macos/OrbitApp/Sources/OrbitApp/RunnerSignInModel.swift /Users/runner/work/orbit/orbit/src/macos/OrbitApp/Sources/OrbitApp/Views/RunnerSignInView.swift /Users/runner/work/orbit/orbit/src/macos/OrbitApp/Sources/OrbitApp/RunnersModel.swift /Users/runner/work/orbit/orbit/src/macos/OrbitApp/Sources/OrbitApp/Views/Console/SelectableText.swift /Users/runner/work/orbit/orbit/src/macos/OrbitApp/Sources/OrbitApp/Views/SessionCoordinatorBadge.swift /Users/runner/work/orbit/orbit/src/macos/OrbitApp/Sources/OrbitApp/Views/SessionFolderPage.swift /Users/runner/work/orbit/orbit/src/macos/OrbitApp/Sources/OrbitApp/Views/SessionListSearch.swift /Users/runner/work/orbit/orbit/src/macos/OrbitApp/Sources/OrbitApp/Views/SessionMessageCardView.swift (in target 'KimiProbe' from project 'KimiProbe')
SwiftCompile normal arm64 /Users/runner/work/orbit/orbit/.kimi-probe/ProbeArgs.swift (in target 'KimiProbe' from project 'KimiProbe')
    cd /Users/runner/work/orbit/orbit/.kimi-probe
    

SwiftCompile normal arm64 /Users/runner/work/orbit/orbit/src/macos/OrbitApp/Sources/OrbitApp/Views/ProjectCrossingRow.swift (in target 'KimiProbe' from project 'KimiProbe')
    cd /Users/runner/work/orbit/orbit/.kimi-probe
    

SwiftCompile normal arm64 /Users/runner/work/orbit/orbit/src/macos/OrbitApp/Sources/OrbitApp/Views/ProjectDoneCards.swift (in target 'KimiProbe' from project 'KimiProbe')
    cd /Users/runner/work/orbit/orbit/.kimi-probe
    

SwiftCompile normal arm64 /Users/runner/work/orbit/orbit/src/macos/OrbitApp/Sources/OrbitApp/Views/ProjectGraphView.swift (in target 'KimiProbe' from project 'KimiProbe')
    cd /Users/runner/work/orbit/orbit/.kimi-probe
    

SwiftCompile normal arm64 /Users/runner/work/orbit/orbit/src/macos/OrbitApp/Sources/OrbitApp/Views/ProjectLandingJobsSheet.swift (in target 'KimiProbe' from project 'KimiProbe')
    cd /Users/runner/work/orbit/orbit/.kimi-probe
    

SwiftCompile normal arm64 /Users/runner/work/orbit/orbit/src/macos/OrbitApp/Sources/OrbitApp/Views/ProjectLandingRow.swift (in target 'KimiProbe' from project 'KimiProbe')
    cd /Users/runner/work/orbit/orbit/.kimi-probe
    
/Users/runner/work/orbit/orbit/src/macos/OrbitApp/Sources/OrbitApp/Views/ProjectLandingRow.swift:92:14: warning: 'onChange(of:perform:)' was deprecated in iOS 17.0: Use `onChange` with a two or zero parameter action closure instead.
            .onChange(of: running) { spun = $0 }
             ^

SwiftCompile normal arm64 /Users/runner/work/orbit/orbit/src/macos/OrbitApp/Sources/OrbitApp/ProjectMergeModel.swift (in target 'KimiProbe' from project 'KimiProbe')
    cd /Users/runner/work/orbit/orbit/.kimi-probe
    

SwiftCompile normal arm64 /Users/runner/work/orbit/orbit/src/macos/OrbitApp/Sources/OrbitApp/Views/ProjectStartedCardView.swift (in target 'KimiProbe' from project 'KimiProbe')
    cd /Users/runner/work/orbit/orbit/.kimi-probe
    

SwiftCompile normal arm64 /Users/runner/work/orbit/orbit/src/macos/OrbitApp/Sources/OrbitApp/ProjectsModel.swift (in target 'KimiProbe' from project 'KimiProbe')
    cd /Users/runner/work/orbit/orbit/.kimi-probe
    

SwiftCompile normal arm64 /Users/runner/work/orbit/orbit/src/macos/OrbitApp/Sources/OrbitApp/Views/ProjectsView.swift (in target 'KimiProbe' from project 'KimiProbe')
    cd /Users/runner/work/orbit/orbit/.kimi-probe
    

SwiftCompile normal arm64 /Users/runner/work/orbit/orbit/src/macos/OrbitApp/Sources/OrbitApp/Views/ProviderPoolViews.swift (in target 'KimiProbe' from project 'KimiProbe')
    cd /Users/runner/work/orbit/orbit/.kimi-probe
    

SwiftCompile normal arm64 /Users/runner/work/orbit/orbit/src/ios/Sources/Push.swift (in target 'KimiProbe' from project 'KimiProbe')
    cd /Users/runner/work/orbit/orbit/.kimi-probe
    

SwiftCompile normal arm64 /Users/runner/work/orbit/orbit/src/macos/OrbitApp/Sources/OrbitApp/Views/RowSwipeActions.swift (in target 'KimiProbe' from project 'KimiProbe')
    cd /Users/runner/work/orbit/orbit/.kimi-probe
    

SwiftCompile normal arm64 /Users/runner/work/orbit/orbit/src/macos/OrbitApp/Sources/OrbitApp/Views/RunnerEnginePage.swift (in target 'KimiProbe' from project 'KimiProbe')
    cd /Users/runner/work/orbit/orbit/.kimi-probe
    

SwiftCompile normal arm64 /Users/runner/work/orbit/orbit/src/macos/OrbitApp/Sources/OrbitApp/Views/RunnerNamePage.swift (in target 'KimiProbe' from project 'KimiProbe')
    cd /Users/runner/work/orbit/orbit/.kimi-probe
    

SwiftCompile normal arm64 /Users/runner/work/orbit/orbit/src/macos/OrbitApp/Sources/OrbitApp/Views/RunnerPageParts.swift (in target 'KimiProbe' from project 'KimiProbe')
    cd /Users/runner/work/orbit/orbit/.kimi-probe
    

SwiftCompile normal arm64 /Users/runner/work/orbit/orbit/src/macos/OrbitApp/Sources/OrbitApp/RunnerSignInModel.swift (in target 'KimiProbe' from project 'KimiProbe')
    cd /Users/runner/work/orbit/orbit/.kimi-probe
    

SwiftCompile normal arm64 /Users/runner/work/orbit/orbit/src/macos/OrbitApp/Sources/OrbitApp/Views/RunnerSignInView.swift (in target 'KimiProbe' from project 'KimiProbe')
    cd /Users/runner/work/orbit/orbit/.kimi-probe
    

SwiftCompile normal arm64 /Users/runner/work/orbit/orbit/src/macos/OrbitApp/Sources/OrbitApp/RunnersModel.swift (in target 'KimiProbe' from project 'KimiProbe')
    cd /Users/runner/work/orbit/orbit/.kimi-probe
    

SwiftCompile normal arm64 /Users/runner/work/orbit/orbit/src/macos/OrbitApp/Sources/OrbitApp/Views/Console/SelectableText.swift (in target 'KimiProbe' from project 'KimiProbe')
    cd /Users/runner/work/orbit/orbit/.kimi-probe
    

SwiftCompile normal arm64 /Users/runner/work/orbit/orbit/src/macos/OrbitApp/Sources/OrbitApp/Views/SessionCoordinatorBadge.swift (in target 'KimiProbe' from project 'KimiProbe')
    cd /Users/runner/work/orbit/orbit/.kimi-probe
    

SwiftCompile normal arm64 /Users/runner/work/orbit/orbit/src/macos/OrbitApp/Sources/OrbitApp/Views/SessionFolderPage.swift (in target 'KimiProbe' from project 'KimiProbe')
    cd /Users/runner/work/orbit/orbit/.kimi-probe
    

SwiftCompile normal arm64 /Users/runner/work/orbit/orbit/src/macos/OrbitApp/Sources/OrbitApp/Views/SessionListSearch.swift (in target 'KimiProbe' from project 'KimiProbe')
    cd /Users/runner/work/orbit/orbit/.kimi-probe
    

SwiftCompile normal arm64 /Users/runner/work/orbit/orbit/src/macos/OrbitApp/Sources/OrbitApp/Views/SessionMessageCardView.swift (in target 'KimiProbe' from project 'KimiProbe')
    cd /Users/runner/work/orbit/orbit/.kimi-probe
    

SwiftCompile normal arm64 Compiling\ ConsoleModel.swift,\ ConsoleRegistry.swift,\ ConsoleView.swift,\ CreatedTasksCard.swift,\ CreatedTasksModel.swift,\ CreatedTasksPage.swift,\ FileHandoff.swift,\ FollowingView.swift,\ ImageViewer.swift,\ KimiProbe.swift,\ LinkDetection.swift,\ LoginView.swift,\ MainView.swift,\ MarkdownView.swift,\ MergeRecoverySheet.swift,\ MessageBubbles.swift,\ MonospaceOutputViewer.swift,\ NeedsYouBannerView.swift,\ NotificationManager.swift,\ OpenItemDeliveryCardView.swift,\ OrbitLinkCardView.swift,\ OrbitLinkCards.swift,\ Platform.swift,\ PoolChip.swift /Users/runner/work/orbit/orbit/src/macos/OrbitApp/Sources/OrbitApp/ConsoleModel.swift /Users/runner/work/orbit/orbit/src/macos/OrbitApp/Sources/OrbitApp/ConsoleRegistry.swift /Users/runner/work/orbit/orbit/src/macos/OrbitApp/Sources/OrbitApp/Views/Console/ConsoleView.swift /Users/runner/work/orbit/orbit/src/macos/OrbitApp/Sources/OrbitApp/Views/CreatedTasksCard.swift /Users/runner/work/orbit/orbit/src/macos/OrbitApp/Sources/OrbitApp/CreatedTasksModel.swift /Users/runner/work/orbit/orbit/src/macos/OrbitApp/Sources/OrbitApp/Views/CreatedTasksPage.swift /Users/runner/work/orbit/orbit/src/macos/OrbitApp/Sources/OrbitApp/Views/FileHandoff.swift /Users/runner/work/orbit/orbit/src/macos/OrbitApp/Sources/OrbitApp/Views/FollowingView.swift /Users/runner/work/orbit/orbit/src/macos/OrbitApp/Sources/OrbitApp/Views/Console/ImageViewer.swift /Users/runner/work/orbit/orbit/.kimi-probe/ios/KimiProbe.swift /Users/runner/work/orbit/orbit/src/macos/OrbitApp/Sources/OrbitApp/Views/Console/LinkDetection.swift /Users/runner/work/orbit/orbit/src/macos/OrbitApp/Sources/OrbitApp/Views/LoginView.swift /Users/runner/work/orbit/orbit/src/macos/OrbitApp/Sources/OrbitApp/Views/MainView.swift /Users/runner/work/orbit/orbit/src/macos/OrbitApp/Sources/OrbitApp/Views/MarkdownView.swift /Users/runner/work/orbit/orbit/src/macos/OrbitApp/Sources/OrbitApp/Views/MergeRecoverySheet.swift /Users/runner/work/orbit/orbit/src/macos/OrbitApp/Sources/OrbitApp/Views/Console/MessageBubbles.swift /Users/runner/work/orbit/orbit/src/macos/OrbitApp/Sources/OrbitApp/Views/Console/MonospaceOutputViewer.swift /Users/runner/work/orbit/orbit/src/macos/OrbitApp/Sources/OrbitApp/Views/NeedsYouBannerView.swift /Users/runner/work/orbit/orbit/src/macos/OrbitApp/Sources/OrbitApp/NotificationManager.swift /Users/runner/work/orbit/orbit/src/macos/OrbitApp/Sources/OrbitApp/Views/OpenItemDeliveryCardView.swift /Users/runner/work/orbit/orbit/src/macos/OrbitApp/Sources/OrbitApp/Views/OrbitLinkCardView.swift /Users/runner/work/orbit/orbit/src/macos/OrbitApp/Sources/OrbitApp/OrbitLinkCards.swift /Users/runner/work/orbit/orbit/src/macos/OrbitApp/Sources/OrbitApp/Platform.swift /Users/runner/work/orbit/orbit/src/macos/OrbitApp/Sources/OrbitApp/Views/PoolChip.swift (in target 'KimiProbe' from project 'KimiProbe')
SwiftCompile normal arm64 /Users/runner/work/orbit/orbit/src/macos/OrbitApp/Sources/OrbitApp/ConsoleModel.swift (in target 'KimiProbe' from project 'KimiProbe')
    cd /Users/runner/work/orbit/orbit/.kimi-probe
    

SwiftCompile normal arm64 /Users/runner/work/orbit/orbit/src/macos/OrbitApp/Sources/OrbitApp/ConsoleRegistry.swift (in target 'KimiProbe' from project 'KimiProbe')
    cd /Users/runner/work/orbit/orbit/.kimi-probe
    

SwiftCompile normal arm64 /Users/runner/work/orbit/orbit/src/macos/OrbitApp/Sources/OrbitApp/Views/Console/ConsoleView.swift (in target 'KimiProbe' from project 'KimiProbe')
    cd /Users/runner/work/orbit/orbit/.kimi-probe
    

SwiftCompile normal arm64 /Users/runner/work/orbit/orbit/src/macos/OrbitApp/Sources/OrbitApp/Views/CreatedTasksCard.swift (in target 'KimiProbe' from project 'KimiProbe')
    cd /Users/runner/work/orbit/orbit/.kimi-probe
    

SwiftCompile normal arm64 /Users/runner/work/orbit/orbit/src/macos/OrbitApp/Sources/OrbitApp/CreatedTasksModel.swift (in target 'KimiProbe' from project 'KimiProbe')
    cd /Users/runner/work/orbit/orbit/.kimi-probe
    

SwiftCompile normal arm64 /Users/runner/work/orbit/orbit/src/macos/OrbitApp/Sources/OrbitApp/Views/CreatedTasksPage.swift (in target 'KimiProbe' from project 'KimiProbe')
    cd /Users/runner/work/orbit/orbit/.kimi-probe
    

SwiftCompile normal arm64 /Users/runner/work/orbit/orbit/src/macos/OrbitApp/Sources/OrbitApp/Views/FileHandoff.swift (in target 'KimiProbe' from project 'KimiProbe')
    cd /Users/runner/work/orbit/orbit/.kimi-probe
    

SwiftCompile normal arm64 /Users/runner/work/orbit/orbit/src/macos/OrbitApp/Sources/OrbitApp/Views/FollowingView.swift (in target 'KimiProbe' from project 'KimiProbe')
    cd /Users/runner/work/orbit/orbit/.kimi-probe
    

SwiftCompile normal arm64 /Users/runner/work/orbit/orbit/src/macos/OrbitApp/Sources/OrbitApp/Views/Console/ImageViewer.swift (in target 'KimiProbe' from project 'KimiProbe')
    cd /Users/runner/work/orbit/orbit/.kimi-probe
    

SwiftCompile normal arm64 /Users/runner/work/orbit/orbit/.kimi-probe/ios/KimiProbe.swift (in target 'KimiProbe' from project 'KimiProbe')
    cd /Users/runner/work/orbit/orbit/.kimi-probe
    

SwiftCompile normal arm64 /Users/runner/work/orbit/orbit/src/macos/OrbitApp/Sources/OrbitApp/Views/Console/LinkDetection.swift (in target 'KimiProbe' from project 'KimiProbe')
    cd /Users/runner/work/orbit/orbit/.kimi-probe
    

SwiftCompile normal arm64 /Users/runner/work/orbit/orbit/src/macos/OrbitApp/Sources/OrbitApp/Views/LoginView.swift (in target 'KimiProbe' from project 'KimiProbe')
    cd /Users/runner/work/orbit/orbit/.kimi-probe
    

SwiftCompile normal arm64 /Users/runner/work/orbit/orbit/src/macos/OrbitApp/Sources/OrbitApp/Views/MainView.swift (in target 'KimiProbe' from project 'KimiProbe')
    cd /Users/runner/work/orbit/orbit/.kimi-probe
    

SwiftCompile normal arm64 /Users/runner/work/orbit/orbit/src/macos/OrbitApp/Sources/OrbitApp/Views/MarkdownView.swift (in target 'KimiProbe' from project 'KimiProbe')
    cd /Users/runner/work/orbit/orbit/.kimi-probe
    

SwiftCompile normal arm64 /Users/runner/work/orbit/orbit/src/macos/OrbitApp/Sources/OrbitApp/Views/MergeRecoverySheet.swift (in target 'KimiProbe' from project 'KimiProbe')
    cd /Users/runner/work/orbit/orbit/.kimi-probe
    

SwiftCompile normal arm64 /Users/runner/work/orbit/orbit/src/macos/OrbitApp/Sources/OrbitApp/Views/Console/MessageBubbles.swift (in target 'KimiProbe' from project 'KimiProbe')
    cd /Users/runner/work/orbit/orbit/.kimi-probe
    

SwiftCompile normal arm64 /Users/runner/work/orbit/orbit/src/macos/OrbitApp/Sources/OrbitApp/Views/Console/MonospaceOutputViewer.swift (in target 'KimiProbe' from project 'KimiProbe')
    cd /Users/runner/work/orbit/orbit/.kimi-probe
    

SwiftCompile normal arm64 /Users/runner/work/orbit/orbit/src/macos/OrbitApp/Sources/OrbitApp/Views/NeedsYouBannerView.swift (in target 'KimiProbe' from project 'KimiProbe')
    cd /Users/runner/work/orbit/orbit/.kimi-probe
    

SwiftCompile normal arm64 /Users/runner/work/orbit/orbit/src/macos/OrbitApp/Sources/OrbitApp/NotificationManager.swift (in target 'KimiProbe' from project 'KimiProbe')
    cd /Users/runner/work/orbit/orbit/.kimi-probe
    

SwiftCompile normal arm64 /Users/runner/work/orbit/orbit/src/macos/OrbitApp/Sources/OrbitApp/Views/OpenItemDeliveryCardView.swift (in target 'KimiProbe' from project 'KimiProbe')
    cd /Users/runner/work/orbit/orbit/.kimi-probe
    

SwiftCompile normal arm64 /Users/runner/work/orbit/orbit/src/macos/OrbitApp/Sources/OrbitApp/Views/OrbitLinkCardView.swift (in target 'KimiProbe' from project 'KimiProbe')
    cd /Users/runner/work/orbit/orbit/.kimi-probe
    

SwiftCompile normal arm64 /Users/runner/work/orbit/orbit/src/macos/OrbitApp/Sources/OrbitApp/OrbitLinkCards.swift (in target 'KimiProbe' from project 'KimiProbe')
    cd /Users/runner/work/orbit/orbit/.kimi-probe
    

SwiftCompile normal arm64 /Users/runner/work/orbit/orbit/src/macos/OrbitApp/Sources/OrbitApp/Platform.swift (in target 'KimiProbe' from project 'KimiProbe')
    cd /Users/runner/work/orbit/orbit/.kimi-probe
    

SwiftCompile normal arm64 /Users/runner/work/orbit/orbit/src/macos/OrbitApp/Sources/OrbitApp/Views/PoolChip.swift (in target 'KimiProbe' from project 'KimiProbe')
    cd /Users/runner/work/orbit/orbit/.kimi-probe
    

SwiftDriverJobDiscovery normal arm64 Emitting module for KimiProbe (in target 'KimiProbe' from project 'KimiProbe')

SwiftDriver\ Compilation\ Requirements KimiProbe normal arm64 com.apple.xcode.tools.swift.compiler (in target 'KimiProbe' from project 'KimiProbe')
    cd /Users/runner/work/orbit/orbit/.kimi-probe
    builtin-Swift-Compilation-Requirements -- /Applications/Xcode_26.6.app/Contents/Developer/Toolchains/XcodeDefault.xctoolchain/usr/bin/swiftc -module-name KimiProbe -Onone @/Users/runner/work/orbit/orbit/.kimi-probe/.dd-ios/Build/Intermediates.noindex/KimiProbe.build/Debug-iphonesimulator/KimiProbe.build/Objects-normal/arm64/KimiProbe.SwiftFileList -DDEBUG -enable-bare-slash-regex -enable-experimental-feature DebugDescriptionMacro -sdk /Applications/Xcode_26.6.app/Contents/Developer/Platforms/iPhoneSimulator.platform/Developer/SDKs/iPhoneSimulator26.5.sdk -target arm64-apple-ios17.0-simulator -g -module-cache-path /Users/runner/work/orbit/orbit/.kimi-probe/.dd-ios/ModuleCache.noindex -Xfrontend -serialize-debugging-options -enable-testing -index-store-path /Users/runner/work/orbit/orbit/.kimi-probe/.dd-ios/Index.noindex/DataStore -Xcc -D_LIBCPP_HARDENING_MODE\=_LIBCPP_HARDENING_MODE_DEBUG -swift-version 5 -I /Users/runner/work/orbit/orbit/.kimi-probe/.dd-ios/Build/Products/Debug-iphonesimulator -F /Users/runner/work/orbit/orbit/.kimi-probe/.dd-ios/Build/Products/Debug-iphonesimulator/PackageFrameworks -F /Users/runner/work/orbit/orbit/.kimi-probe/.dd-ios/Build/Products/Debug-iphonesimulator/PackageFrameworks -F /Users/runner/work/orbit/orbit/.kimi-probe/.dd-ios/Build/Products/Debug-iphonesimulator/PackageFrameworks -F /Users/runner/work/orbit/orbit/.kimi-probe/.dd-ios/Build/Products/Debug-iphonesimulator/PackageFrameworks -F /Users/runner/work/orbit/orbit/.kimi-probe/.dd-ios/Build/Products/Debug-iphonesimulator/PackageFrameworks -F /Users/runner/work/orbit/orbit/.kimi-probe/.dd-ios/Build/Products/Debug-iphonesimulator -c -j3 -enable-batch-mode -incremental -Xcc -ivfsstatcache -Xcc /Users/runner/work/orbit/orbit/.kimi-probe/.dd-ios/SDKStatCaches.noindex/iphonesimulator26.5-23F81a-688ef53f1462e2c8f657fdc38a81448ff45c64a1807a658693f2a61704f17a36.sdkstatcache -output-file-map /Users/runner/work/orbit/orbit/.kimi-probe/.dd-ios/Build/Intermediates.noindex/KimiProbe.build/Debug-iphonesimulator/KimiProbe.build/Objects-normal/arm64/KimiProbe-OutputFileMap.json -use-frontend-parseable-output -save-temps -no-color-diagnostics -explicit-module-build -module-cache-path /Users/runner/work/orbit/orbit/.kimi-probe/.dd-ios/Build/Intermediates.noindex/SwiftExplicitPrecompiledModules -clang-scanner-module-cache-path /Users/runner/work/orbit/orbit/.kimi-probe/.dd-ios/ModuleCache.noindex -sdk-module-cache-path /Users/runner/work/orbit/orbit/.kimi-probe/.dd-ios/ModuleCache.noindex -serialize-diagnostics -emit-dependencies -emit-module -emit-module-path /Users/runner/work/orbit/orbit/.kimi-probe/.dd-ios/Build/Intermediates.noindex/KimiProbe.build/Debug-iphonesimulator/KimiProbe.build/Objects-normal/arm64/KimiProbe.swiftmodule -validate-clang-modules-once -clang-build-session-file /Users/runner/work/orbit/orbit/.kimi-probe/.dd-ios/ModuleCache.noindex/Session.modulevalidation -Xcc -I/Users/runner/work/orbit/orbit/.kimi-probe/.dd-ios/Build/Intermediates.noindex/KimiProbe.build/Debug-iphonesimulator/KimiProbe.build/swift-overrides.hmap -emit-const-values -Xfrontend -const-gather-protocols-file -Xfrontend /Users/runner/work/orbit/orbit/.kimi-probe/.dd-ios/Build/Intermediates.noindex/KimiProbe.build/Debug-iphonesimulator/KimiProbe.build/Objects-normal/arm64/KimiProbe_const_extract_protocols.json -Xcc -iquote -Xcc /Users/runner/work/orbit/orbit/.kimi-probe/.dd-ios/Build/Intermediates.noindex/KimiProbe.build/Debug-iphonesimulator/KimiProbe.build/KimiProbe-generated-files.hmap -Xcc -I/Users/runner/work/orbit/orbit/.kimi-probe/.dd-ios/Build/Intermediates.noindex/KimiProbe.build/Debug-iphonesimulator/KimiProbe.build/KimiProbe-own-target-headers.hmap -Xcc -I/Users/runner/work/orbit/orbit/.kimi-probe/.dd-ios/Build/Intermediates.noindex/KimiProbe.build/Debug-iphonesimulator/KimiProbe.build/KimiProbe-all-non-framework-target-headers.hmap -Xcc -ivfsoverlay -Xcc /Users/runner/work/orbit/orbit/.kimi-probe/.dd-ios/Build/Intermediates.noindex/KimiProbe.build/Debug-iphonesimulator/KimiProbe-a33cd880fab74bb1ef516098f265cdc1-VFS-iphonesimulator/all-product-headers.yaml -Xcc -iquote -Xcc /Users/runner/work/orbit/orbit/.kimi-probe/.dd-ios/Build/Intermediates.noindex/KimiProbe.build/Debug-iphonesimulator/KimiProbe.build/KimiProbe-project-headers.hmap -Xcc -I/Users/runner/work/orbit/orbit/.kimi-probe/.dd-ios/SourcePackages/checkouts/swift-cmark/src/include -Xcc -I/Users/runner/work/orbit/orbit/.kimi-probe/.dd-ios/SourcePackages/checkouts/swift-cmark/extensions/include -Xcc -I/Users/runner/work/orbit/orbit/.kimi-probe/.dd-ios/SourcePackages/checkouts/swift-markdown/Sources/CAtomic/include -Xcc -I/Users/runner/work/orbit/orbit/.kimi-probe/.dd-ios/Build/Products/Debug-iphonesimulator/include -Xcc -I/Users/runner/work/orbit/orbit/.kimi-probe/.dd-ios/Build/Intermediates.noindex/KimiProbe.build/Debug-iphonesimulator/KimiProbe.build/DerivedSources-normal/arm64 -Xcc -I/Users/runner/work/orbit/orbit/.kimi-probe/.dd-ios/Build/Intermediates.noindex/KimiProbe.build/Debug-iphonesimulator/KimiProbe.build/DerivedSources/arm64 -Xcc -I/Users/runner/work/orbit/orbit/.kimi-probe/.dd-ios/Build/Intermediates.noindex/KimiProbe.build/Debug-iphonesimulator/KimiProbe.build/DerivedSources -Xcc -DDEBUG\=1 -emit-objc-header -emit-objc-header-path /Users/runner/work/orbit/orbit/.kimi-probe/.dd-ios/Build/Intermediates.noindex/KimiProbe.build/Debug-iphonesimulator/KimiProbe.build/Objects-normal/arm64/KimiProbe-Swift.h -working-directory /Users/runner/work/orbit/orbit/.kimi-probe -experimental-emit-module-separately -disable-cmo

LinkAssetCatalog /Users/runner/work/orbit/orbit/src/ios/Support/Assets.xcassets (in target 'KimiProbe' from project 'KimiProbe')
    cd /Users/runner/work/orbit/orbit/.kimi-probe
    builtin-linkAssetCatalog --thinned /Users/runner/work/orbit/orbit/.kimi-probe/.dd-ios/Build/Intermediates.noindex/KimiProbe.build/Debug-iphonesimulator/KimiProbe.build/assetcatalog_output/thinned --thinned-dependencies /Users/runner/work/orbit/orbit/.kimi-probe/.dd-ios/Build/Intermediates.noindex/KimiProbe.build/Debug-iphonesimulator/KimiProbe.build/assetcatalog_dependencies_thinned --thinned-info-plist-content /Users/runner/work/orbit/orbit/.kimi-probe/.dd-ios/Build/Intermediates.noindex/KimiProbe.build/Debug-iphonesimulator/KimiProbe.build/assetcatalog_generated_info.plist_thinned --unthinned /Users/runner/work/orbit/orbit/.kimi-probe/.dd-ios/Build/Intermediates.noindex/KimiProbe.build/Debug-iphonesimulator/KimiProbe.build/assetcatalog_output/unthinned --unthinned-dependencies /Users/runner/work/orbit/orbit/.kimi-probe/.dd-ios/Build/Intermediates.noindex/KimiProbe.build/Debug-iphonesimulator/KimiProbe.build/assetcatalog_dependencies_unthinned --unthinned-info-plist-content /Users/runner/work/orbit/orbit/.kimi-probe/.dd-ios/Build/Intermediates.noindex/KimiProbe.build/Debug-iphonesimulator/KimiProbe.build/assetcatalog_generated_info.plist_unthinned --output /Users/runner/work/orbit/orbit/.kimi-probe/.dd-ios/Build/Products/Debug-iphonesimulator/KimiProbe.app --plist-output /Users/runner/work/orbit/orbit/.kimi-probe/.dd-ios/Build/Intermediates.noindex/KimiProbe.build/Debug-iphonesimulator/KimiProbe.build/assetcatalog_generated_info.plist
note: Emplaced /Users/runner/work/orbit/orbit/.kimi-probe/.dd-ios/Build/Products/Debug-iphonesimulator/KimiProbe.app/Assets.car (in target 'KimiProbe' from project 'KimiProbe')
note: Emplaced /Users/runner/work/orbit/orbit/.kimi-probe/.dd-ios/Build/Products/Debug-iphonesimulator/KimiProbe.app/AppIcon76x76@2x~ipad.png (in target 'KimiProbe' from project 'KimiProbe')
note: Emplaced /Users/runner/work/orbit/orbit/.kimi-probe/.dd-ios/Build/Products/Debug-iphonesimulator/KimiProbe.app/AppIcon60x60@2x.png (in target 'KimiProbe' from project 'KimiProbe')

SwiftCompile normal arm64 Compiling\ TopInsetClearOfRefresh.swift,\ Typography.swift,\ UserTurnRow.swift,\ WatchViews.swift,\ WatchWakeCardView.swift,\ WatchesModel.swift,\ WatchingCard.swift,\ WikiActivityView.swift,\ WikiArticleView.swift,\ WikiContentsColumn.swift,\ WikiDocScreens.swift,\ WikiDocView.swift,\ WikiJobView.swift,\ WikiModel.swift,\ WikiPlanView.swift,\ WikiRunView.swift,\ WikiScreens.swift,\ WikiSettingsView.swift,\ WikiView.swift,\ WorktreeBar.swift,\ WorktreeFilePreview.swift,\ WorktreeModel.swift,\ GeneratedAssetSymbols.swift /Users/runner/work/orbit/orbit/src/macos/OrbitApp/Sources/OrbitApp/Views/TopInsetClearOfRefresh.swift /Users/runner/work/orbit/orbit/src/macos/OrbitApp/Sources/OrbitApp/Views/Typography.swift /Users/runner/work/orbit/orbit/src/macos/OrbitApp/Sources/OrbitApp/Views/Console/UserTurnRow.swift /Users/runner/work/orbit/orbit/src/macos/OrbitApp/Sources/OrbitApp/Views/WatchViews.swift /Users/runner/work/orbit/orbit/src/macos/OrbitApp/Sources/OrbitApp/Views/WatchWakeCardView.swift /Users/runner/work/orbit/orbit/src/macos/OrbitApp/Sources/OrbitApp/WatchesModel.swift /Users/runner/work/orbit/orbit/src/macos/OrbitApp/Sources/OrbitApp/Views/WatchingCard.swift /Users/runner/work/orbit/orbit/src/macos/OrbitApp/Sources/OrbitApp/Views/WikiActivityView.swift /Users/runner/work/orbit/orbit/src/macos/OrbitApp/Sources/OrbitApp/Views/WikiArticleView.swift /Users/runner/work/orbit/orbit/src/macos/OrbitApp/Sources/OrbitApp/Views/WikiContentsColumn.swift /Users/runner/work/orbit/orbit/src/macos/OrbitApp/Sources/OrbitApp/Views/WikiDocScreens.swift /Users/runner/work/orbit/orbit/src/macos/OrbitApp/Sources/OrbitApp/Views/WikiDocView.swift /Users/runner/work/orbit/orbit/src/macos/OrbitApp/Sources/OrbitApp/Views/WikiJobView.swift /Users/runner/work/orbit/orbit/src/macos/OrbitApp/Sources/OrbitApp/WikiModel.swift /Users/runner/work/orbit/orbit/src/macos/OrbitApp/Sources/OrbitApp/Views/WikiPlanView.swift /Users/runner/work/orbit/orbit/src/macos/OrbitApp/Sources/OrbitApp/Views/WikiRunView.swift /Users/runner/work/orbit/orbit/src/macos/OrbitApp/Sources/OrbitApp/Views/WikiScreens.swift /Users/runner/work/orbit/orbit/src/macos/OrbitApp/Sources/OrbitApp/Views/WikiSettingsView.swift /Users/runner/work/orbit/orbit/src/macos/OrbitApp/Sources/OrbitApp/Views/WikiView.swift /Users/runner/work/orbit/orbit/src/macos/OrbitApp/Sources/OrbitApp/Views/WorktreeBar.swift /Users/runner/work/orbit/orbit/src/macos/OrbitApp/Sources/OrbitApp/Views/WorktreeFilePreview.swift /Users/runner/work/orbit/orbit/src/macos/OrbitApp/Sources/OrbitApp/WorktreeModel.swift /Users/runner/work/orbit/orbit/.kimi-probe/.dd-ios/Build/Intermediates.noindex/KimiProbe.build/Debug-iphonesimulator/KimiProbe.build/DerivedSources/GeneratedAssetSymbols.swift (in target 'KimiProbe' from project 'KimiProbe')
SwiftCompile normal arm64 /Users/runner/work/orbit/orbit/src/macos/OrbitApp/Sources/OrbitApp/Views/TopInsetClearOfRefresh.swift (in target 'KimiProbe' from project 'KimiProbe')
    cd /Users/runner/work/orbit/orbit/.kimi-probe
    

SwiftCompile normal arm64 /Users/runner/work/orbit/orbit/src/macos/OrbitApp/Sources/OrbitApp/Views/Typography.swift (in target 'KimiProbe' from project 'KimiProbe')
    cd /Users/runner/work/orbit/orbit/.kimi-probe
    

SwiftCompile normal arm64 /Users/runner/work/orbit/orbit/src/macos/OrbitApp/Sources/OrbitApp/Views/Console/UserTurnRow.swift (in target 'KimiProbe' from project 'KimiProbe')
    cd /Users/runner/work/orbit/orbit/.kimi-probe
    

SwiftCompile normal arm64 /Users/runner/work/orbit/orbit/src/macos/OrbitApp/Sources/OrbitApp/Views/WatchViews.swift (in target 'KimiProbe' from project 'KimiProbe')
    cd /Users/runner/work/orbit/orbit/.kimi-probe
    

SwiftCompile normal arm64 /Users/runner/work/orbit/orbit/src/macos/OrbitApp/Sources/OrbitApp/Views/WatchWakeCardView.swift (in target 'KimiProbe' from project 'KimiProbe')
    cd /Users/runner/work/orbit/orbit/.kimi-probe
    

SwiftCompile normal arm64 /Users/runner/work/orbit/orbit/src/macos/OrbitApp/Sources/OrbitApp/WatchesModel.swift (in target 'KimiProbe' from project 'KimiProbe')
    cd /Users/runner/work/orbit/orbit/.kimi-probe
    

SwiftCompile normal arm64 /Users/runner/work/orbit/orbit/src/macos/OrbitApp/Sources/OrbitApp/Views/WatchingCard.swift (in target 'KimiProbe' from project 'KimiProbe')
    cd /Users/runner/work/orbit/orbit/.kimi-probe
    

SwiftCompile normal arm64 /Users/runner/work/orbit/orbit/src/macos/OrbitApp/Sources/OrbitApp/Views/WikiActivityView.swift (in target 'KimiProbe' from project 'KimiProbe')
    cd /Users/runner/work/orbit/orbit/.kimi-probe
    

SwiftCompile normal arm64 /Users/runner/work/orbit/orbit/src/macos/OrbitApp/Sources/OrbitApp/Views/WikiArticleView.swift (in target 'KimiProbe' from project 'KimiProbe')
    cd /Users/runner/work/orbit/orbit/.kimi-probe
    

SwiftCompile normal arm64 /Users/runner/work/orbit/orbit/src/macos/OrbitApp/Sources/OrbitApp/Views/WikiContentsColumn.swift (in target 'KimiProbe' from project 'KimiProbe')
    cd /Users/runner/work/orbit/orbit/.kimi-probe
    

SwiftCompile normal arm64 /Users/runner/work/orbit/orbit/src/macos/OrbitApp/Sources/OrbitApp/Views/WikiDocScreens.swift (in target 'KimiProbe' from project 'KimiProbe')
    cd /Users/runner/work/orbit/orbit/.kimi-probe
    

SwiftCompile normal arm64 /Users/runner/work/orbit/orbit/src/macos/OrbitApp/Sources/OrbitApp/Views/WikiDocView.swift (in target 'KimiProbe' from project 'KimiProbe')
    cd /Users/runner/work/orbit/orbit/.kimi-probe
    

SwiftCompile normal arm64 /Users/runner/work/orbit/orbit/src/macos/OrbitApp/Sources/OrbitApp/Views/WikiJobView.swift (in target 'KimiProbe' from project 'KimiProbe')
    cd /Users/runner/work/orbit/orbit/.kimi-probe
    

SwiftCompile normal arm64 /Users/runner/work/orbit/orbit/src/macos/OrbitApp/Sources/OrbitApp/WikiModel.swift (in target 'KimiProbe' from project 'KimiProbe')
    cd /Users/runner/work/orbit/orbit/.kimi-probe
    

SwiftCompile normal arm64 /Users/runner/work/orbit/orbit/src/macos/OrbitApp/Sources/OrbitApp/Views/WikiPlanView.swift (in target 'KimiProbe' from project 'KimiProbe')
    cd /Users/runner/work/orbit/orbit/.kimi-probe
    

SwiftCompile normal arm64 /Users/runner/work/orbit/orbit/src/macos/OrbitApp/Sources/OrbitApp/Views/WikiRunView.swift (in target 'KimiProbe' from project 'KimiProbe')
    cd /Users/runner/work/orbit/orbit/.kimi-probe
    

SwiftCompile normal arm64 /Users/runner/work/orbit/orbit/src/macos/OrbitApp/Sources/OrbitApp/Views/WikiScreens.swift (in target 'KimiProbe' from project 'KimiProbe')
    cd /Users/runner/work/orbit/orbit/.kimi-probe
    

SwiftCompile normal arm64 /Users/runner/work/orbit/orbit/src/macos/OrbitApp/Sources/OrbitApp/Views/WikiSettingsView.swift (in target 'KimiProbe' from project 'KimiProbe')
    cd /Users/runner/work/orbit/orbit/.kimi-probe
    

SwiftCompile normal arm64 /Users/runner/work/orbit/orbit/src/macos/OrbitApp/Sources/OrbitApp/Views/WikiView.swift (in target 'KimiProbe' from project 'KimiProbe')
    cd /Users/runner/work/orbit/orbit/.kimi-probe
    

SwiftCompile normal arm64 /Users/runner/work/orbit/orbit/src/macos/OrbitApp/Sources/OrbitApp/Views/WorktreeBar.swift (in target 'KimiProbe' from project 'KimiProbe')
    cd /Users/runner/work/orbit/orbit/.kimi-probe
    

SwiftCompile normal arm64 /Users/runner/work/orbit/orbit/src/macos/OrbitApp/Sources/OrbitApp/Views/WorktreeFilePreview.swift (in target 'KimiProbe' from project 'KimiProbe')
    cd /Users/runner/work/orbit/orbit/.kimi-probe
    

SwiftCompile normal arm64 /Users/runner/work/orbit/orbit/src/macos/OrbitApp/Sources/OrbitApp/WorktreeModel.swift (in target 'KimiProbe' from project 'KimiProbe')
    cd /Users/runner/work/orbit/orbit/.kimi-probe
    

SwiftCompile normal arm64 /Users/runner/work/orbit/orbit/.kimi-probe/.dd-ios/Build/Intermediates.noindex/KimiProbe.build/Debug-iphonesimulator/KimiProbe.build/DerivedSources/GeneratedAssetSymbols.swift (in target 'KimiProbe' from project 'KimiProbe')
    cd /Users/runner/work/orbit/orbit/.kimi-probe
    

SwiftMergeGeneratedHeaders /Users/runner/work/orbit/orbit/.kimi-probe/.dd-ios/Build/Intermediates.noindex/KimiProbe.build/Debug-iphonesimulator/KimiProbe.build/DerivedSources/KimiProbe-Swift.h /Users/runner/work/orbit/orbit/.kimi-probe/.dd-ios/Build/Intermediates.noindex/KimiProbe.build/Debug-iphonesimulator/KimiProbe.build/Objects-normal/arm64/KimiProbe-Swift.h (in target 'KimiProbe' from project 'KimiProbe')
    cd /Users/runner/work/orbit/orbit/.kimi-probe
    builtin-swiftHeaderTool -arch arm64 /Users/runner/work/orbit/orbit/.kimi-probe/.dd-ios/Build/Intermediates.noindex/KimiProbe.build/Debug-iphonesimulator/KimiProbe.build/Objects-normal/arm64/KimiProbe-Swift.h -o /Users/runner/work/orbit/orbit/.kimi-probe/.dd-ios/Build/Intermediates.noindex/KimiProbe.build/Debug-iphonesimulator/KimiProbe.build/DerivedSources/KimiProbe-Swift.h

SwiftDriverJobDiscovery normal arm64 Compiling ProbeArgs.swift, ProjectCrossingRow.swift, ProjectDoneCards.swift, ProjectGraphView.swift, ProjectLandingJobsSheet.swift, ProjectLandingRow.swift, ProjectMergeModel.swift, ProjectStartedCardView.swift, ProjectsModel.swift, ProjectsView.swift, ProviderPoolViews.swift, Push.swift, RowSwipeActions.swift, RunnerEnginePage.swift, RunnerNamePage.swift, RunnerPageParts.swift, RunnerSignInModel.swift, RunnerSignInView.swift, RunnersModel.swift, SelectableText.swift, SessionCoordinatorBadge.swift, SessionFolderPage.swift, SessionListSearch.swift, SessionMessageCardView.swift (in target 'KimiProbe' from project 'KimiProbe')

Copy /Users/runner/work/orbit/orbit/.kimi-probe/.dd-ios/Build/Products/Debug-iphonesimulator/KimiProbe.swiftmodule/arm64-apple-ios-simulator.swiftmodule /Users/runner/work/orbit/orbit/.kimi-probe/.dd-ios/Build/Intermediates.noindex/KimiProbe.build/Debug-iphonesimulator/KimiProbe.build/Objects-normal/arm64/KimiProbe.swiftmodule (in target 'KimiProbe' from project 'KimiProbe')
    cd /Users/runner/work/orbit/orbit/.kimi-probe
    builtin-copy -exclude .DS_Store -exclude CVS -exclude .svn -exclude .git -exclude .hg -resolve-src-symlinks -rename /Users/runner/work/orbit/orbit/.kimi-probe/.dd-ios/Build/Intermediates.noindex/KimiProbe.build/Debug-iphonesimulator/KimiProbe.build/Objects-normal/arm64/KimiProbe.swiftmodule /Users/runner/work/orbit/orbit/.kimi-probe/.dd-ios/Build/Products/Debug-iphonesimulator/KimiProbe.swiftmodule/arm64-apple-ios-simulator.swiftmodule

Copy /Users/runner/work/orbit/orbit/.kimi-probe/.dd-ios/Build/Products/Debug-iphonesimulator/KimiProbe.swiftmodule/arm64-apple-ios-simulator.swiftdoc /Users/runner/work/orbit/orbit/.kimi-probe/.dd-ios/Build/Intermediates.noindex/KimiProbe.build/Debug-iphonesimulator/KimiProbe.build/Objects-normal/arm64/KimiProbe.swiftdoc (in target 'KimiProbe' from project 'KimiProbe')
    cd /Users/runner/work/orbit/orbit/.kimi-probe
    builtin-copy -exclude .DS_Store -exclude CVS -exclude .svn -exclude .git -exclude .hg -resolve-src-symlinks -rename /Users/runner/work/orbit/orbit/.kimi-probe/.dd-ios/Build/Intermediates.noindex/KimiProbe.build/Debug-iphonesimulator/KimiProbe.build/Objects-normal/arm64/KimiProbe.swiftdoc /Users/runner/work/orbit/orbit/.kimi-probe/.dd-ios/Build/Products/Debug-iphonesimulator/KimiProbe.swiftmodule/arm64-apple-ios-simulator.swiftdoc

Copy /Users/runner/work/orbit/orbit/.kimi-probe/.dd-ios/Build/Products/Debug-iphonesimulator/KimiProbe.swiftmodule/arm64-apple-ios-simulator.abi.json /Users/runner/work/orbit/orbit/.kimi-probe/.dd-ios/Build/Intermediates.noindex/KimiProbe.build/Debug-iphonesimulator/KimiProbe.build/Objects-normal/arm64/KimiProbe.abi.json (in target 'KimiProbe' from project 'KimiProbe')
    cd /Users/runner/work/orbit/orbit/.kimi-probe
    builtin-copy -exclude .DS_Store -exclude CVS -exclude .svn -exclude .git -exclude .hg -resolve-src-symlinks -rename /Users/runner/work/orbit/orbit/.kimi-probe/.dd-ios/Build/Intermediates.noindex/KimiProbe.build/Debug-iphonesimulator/KimiProbe.build/Objects-normal/arm64/KimiProbe.abi.json /Users/runner/work/orbit/orbit/.kimi-probe/.dd-ios/Build/Products/Debug-iphonesimulator/KimiProbe.swiftmodule/arm64-apple-ios-simulator.abi.json

Copy /Users/runner/work/orbit/orbit/.kimi-probe/.dd-ios/Build/Products/Debug-iphonesimulator/KimiProbe.swiftmodule/Project/arm64-apple-ios-simulator.swiftsourceinfo /Users/runner/work/orbit/orbit/.kimi-probe/.dd-ios/Build/Intermediates.noindex/KimiProbe.build/Debug-iphonesimulator/KimiProbe.build/Objects-normal/arm64/KimiProbe.swiftsourceinfo (in target 'KimiProbe' from project 'KimiProbe')
    cd /Users/runner/work/orbit/orbit/.kimi-probe
    builtin-copy -exclude .DS_Store -exclude CVS -exclude .svn -exclude .git -exclude .hg -resolve-src-symlinks -rename /Users/runner/work/orbit/orbit/.kimi-probe/.dd-ios/Build/Intermediates.noindex/KimiProbe.build/Debug-iphonesimulator/KimiProbe.build/Objects-normal/arm64/KimiProbe.swiftsourceinfo /Users/runner/work/orbit/orbit/.kimi-probe/.dd-ios/Build/Products/Debug-iphonesimulator/KimiProbe.swiftmodule/Project/arm64-apple-ios-simulator.swiftsourceinfo

ProcessInfoPlistFile /Users/runner/work/orbit/orbit/.kimi-probe/.dd-ios/Build/Products/Debug-iphonesimulator/KimiProbe.app/Info.plist /Users/runner/work/orbit/orbit/.kimi-probe/Info.plist (in target 'KimiProbe' from project 'KimiProbe')
    cd /Users/runner/work/orbit/orbit/.kimi-probe
    builtin-infoPlistUtility /Users/runner/work/orbit/orbit/.kimi-probe/Info.plist -producttype com.apple.product-type.application -genpkginfo /Users/runner/work/orbit/orbit/.kimi-probe/.dd-ios/Build/Products/Debug-iphonesimulator/KimiProbe.app/PkgInfo -expandbuildsettings -format binary -platform iphonesimulator -additionalcontentfile /Users/runner/work/orbit/orbit/.kimi-probe/.dd-ios/Build/Intermediates.noindex/KimiProbe.build/Debug-iphonesimulator/KimiProbe.build/assetcatalog_generated_info.plist -o /Users/runner/work/orbit/orbit/.kimi-probe/.dd-ios/Build/Products/Debug-iphonesimulator/KimiProbe.app/Info.plist

SwiftCompile normal arm64 Compiling\ SessionMoveSheet.swift,\ SessionMoveTargetPage.swift,\ SessionProjectListSupport.swift,\ SessionProjectPage.swift,\ SessionRenameAlert.swift,\ SessionReplyCardView.swift,\ SessionRowActions.swift,\ SessionRunStartCard.swift,\ SessionSearchView.swift,\ SessionTagViews.swift,\ SettingsAdminView.swift,\ SettingsSheet.swift,\ ShareSheet.swift,\ SharedLinksModel.swift,\ SharedPoolsModel.swift,\ SkillsRunnersView.swift,\ TaskDetailParts.swift,\ TaskListParts.swift,\ TaskRunHandoffCard.swift,\ TaskStartCardView.swift,\ TasksModel.swift,\ TasksView.swift,\ ToastHost.swift,\ ToolCards.swift /Users/runner/work/orbit/orbit/src/macos/OrbitApp/Sources/OrbitApp/Views/SessionMoveSheet.swift /Users/runner/work/orbit/orbit/src/macos/OrbitApp/Sources/OrbitApp/Views/SessionMoveTargetPage.swift /Users/runner/work/orbit/orbit/src/macos/OrbitApp/Sources/OrbitApp/Views/SessionProjectListSupport.swift /Users/runner/work/orbit/orbit/src/macos/OrbitApp/Sources/OrbitApp/Views/SessionProjectPage.swift /Users/runner/work/orbit/orbit/src/macos/OrbitApp/Sources/OrbitApp/Views/SessionRenameAlert.swift /Users/runner/work/orbit/orbit/src/macos/OrbitApp/Sources/OrbitApp/Views/SessionReplyCardView.swift /Users/runner/work/orbit/orbit/src/macos/OrbitApp/Sources/OrbitApp/Views/SessionRowActions.swift /Users/runner/work/orbit/orbit/src/macos/OrbitApp/Sources/OrbitApp/Views/Console/SessionRunStartCard.swift /Users/runner/work/orbit/orbit/src/macos/OrbitApp/Sources/OrbitApp/Views/SessionSearchView.swift /Users/runner/work/orbit/orbit/src/macos/OrbitApp/Sources/OrbitApp/Views/SessionTagViews.swift /Users/runner/work/orbit/orbit/src/macos/OrbitApp/Sources/OrbitApp/Views/SettingsAdminView.swift /Users/runner/work/orbit/orbit/src/macos/OrbitApp/Sources/OrbitApp/Views/SettingsSheet.swift /Users/runner/work/orbit/orbit/src/macos/OrbitApp/Sources/OrbitApp/Views/ShareSheet.swift /Users/runner/work/orbit/orbit/src/macos/OrbitApp/Sources/OrbitApp/SharedLinksModel.swift /Users/runner/work/orbit/orbit/src/macos/OrbitApp/Sources/OrbitApp/SharedPoolsModel.swift /Users/runner/work/orbit/orbit/src/macos/OrbitApp/Sources/OrbitApp/Views/SkillsRunnersView.swift /Users/runner/work/orbit/orbit/src/macos/OrbitApp/Sources/OrbitApp/Views/TaskDetailParts.swift /Users/runner/work/orbit/orbit/src/macos/OrbitApp/Sources/OrbitApp/Views/TaskListParts.swift /Users/runner/work/orbit/orbit/src/macos/OrbitApp/Sources/OrbitApp/Views/TaskRunHandoffCard.swift /Users/runner/work/orbit/orbit/src/macos/OrbitApp/Sources/OrbitApp/Views/TaskStartCardView.swift /Users/runner/work/orbit/orbit/src/macos/OrbitApp/Sources/OrbitApp/TasksModel.swift /Users/runner/work/orbit/orbit/src/macos/OrbitApp/Sources/OrbitApp/Views/TasksView.swift /Users/runner/work/orbit/orbit/src/macos/OrbitApp/Sources/OrbitApp/Views/ToastHost.swift /Users/runner/work/orbit/orbit/src/macos/OrbitApp/Sources/OrbitApp/Views/Console/ToolCards.swift (in target 'KimiProbe' from project 'KimiProbe')
SwiftCompile normal arm64 /Users/runner/work/orbit/orbit/src/macos/OrbitApp/Sources/OrbitApp/Views/SessionMoveSheet.swift (in target 'KimiProbe' from project 'KimiProbe')
    cd /Users/runner/work/orbit/orbit/.kimi-probe
    

SwiftCompile normal arm64 /Users/runner/work/orbit/orbit/src/macos/OrbitApp/Sources/OrbitApp/Views/SessionMoveTargetPage.swift (in target 'KimiProbe' from project 'KimiProbe')
    cd /Users/runner/work/orbit/orbit/.kimi-probe
    

SwiftCompile normal arm64 /Users/runner/work/orbit/orbit/src/macos/OrbitApp/Sources/OrbitApp/Views/SessionProjectListSupport.swift (in target 'KimiProbe' from project 'KimiProbe')
    cd /Users/runner/work/orbit/orbit/.kimi-probe
    

SwiftCompile normal arm64 /Users/runner/work/orbit/orbit/src/macos/OrbitApp/Sources/OrbitApp/Views/SessionProjectPage.swift (in target 'KimiProbe' from project 'KimiProbe')
    cd /Users/runner/work/orbit/orbit/.kimi-probe
    

SwiftCompile normal arm64 /Users/runner/work/orbit/orbit/src/macos/OrbitApp/Sources/OrbitApp/Views/SessionRenameAlert.swift (in target 'KimiProbe' from project 'KimiProbe')
    cd /Users/runner/work/orbit/orbit/.kimi-probe
    

SwiftCompile normal arm64 /Users/runner/work/orbit/orbit/src/macos/OrbitApp/Sources/OrbitApp/Views/SessionReplyCardView.swift (in target 'KimiProbe' from project 'KimiProbe')
    cd /Users/runner/work/orbit/orbit/.kimi-probe
    

SwiftCompile normal arm64 /Users/runner/work/orbit/orbit/src/macos/OrbitApp/Sources/OrbitApp/Views/SessionRowActions.swift (in target 'KimiProbe' from project 'KimiProbe')
    cd /Users/runner/work/orbit/orbit/.kimi-probe
    

SwiftCompile normal arm64 /Users/runner/work/orbit/orbit/src/macos/OrbitApp/Sources/OrbitApp/Views/Console/SessionRunStartCard.swift (in target 'KimiProbe' from project 'KimiProbe')
    cd /Users/runner/work/orbit/orbit/.kimi-probe
    

SwiftCompile normal arm64 /Users/runner/work/orbit/orbit/src/macos/OrbitApp/Sources/OrbitApp/Views/SessionSearchView.swift (in target 'KimiProbe' from project 'KimiProbe')
    cd /Users/runner/work/orbit/orbit/.kimi-probe
    

SwiftCompile normal arm64 /Users/runner/work/orbit/orbit/src/macos/OrbitApp/Sources/OrbitApp/Views/SessionTagViews.swift (in target 'KimiProbe' from project 'KimiProbe')
    cd /Users/runner/work/orbit/orbit/.kimi-probe
    

SwiftCompile normal arm64 /Users/runner/work/orbit/orbit/src/macos/OrbitApp/Sources/OrbitApp/Views/SettingsAdminView.swift (in target 'KimiProbe' from project 'KimiProbe')
    cd /Users/runner/work/orbit/orbit/.kimi-probe
    

SwiftCompile normal arm64 /Users/runner/work/orbit/orbit/src/macos/OrbitApp/Sources/OrbitApp/Views/SettingsSheet.swift (in target 'KimiProbe' from project 'KimiProbe')
    cd /Users/runner/work/orbit/orbit/.kimi-probe
    

SwiftCompile normal arm64 /Users/runner/work/orbit/orbit/src/macos/OrbitApp/Sources/OrbitApp/Views/ShareSheet.swift (in target 'KimiProbe' from project 'KimiProbe')
    cd /Users/runner/work/orbit/orbit/.kimi-probe
    

SwiftCompile normal arm64 /Users/runner/work/orbit/orbit/src/macos/OrbitApp/Sources/OrbitApp/SharedLinksModel.swift (in target 'KimiProbe' from project 'KimiProbe')
    cd /Users/runner/work/orbit/orbit/.kimi-probe
    

SwiftCompile normal arm64 /Users/runner/work/orbit/orbit/src/macos/OrbitApp/Sources/OrbitApp/SharedPoolsModel.swift (in target 'KimiProbe' from project 'KimiProbe')
    cd /Users/runner/work/orbit/orbit/.kimi-probe
    

SwiftCompile normal arm64 /Users/runner/work/orbit/orbit/src/macos/OrbitApp/Sources/OrbitApp/Views/SkillsRunnersView.swift (in target 'KimiProbe' from project 'KimiProbe')
    cd /Users/runner/work/orbit/orbit/.kimi-probe
    

SwiftCompile normal arm64 /Users/runner/work/orbit/orbit/src/macos/OrbitApp/Sources/OrbitApp/Views/TaskDetailParts.swift (in target 'KimiProbe' from project 'KimiProbe')
    cd /Users/runner/work/orbit/orbit/.kimi-probe
    

SwiftCompile normal arm64 /Users/runner/work/orbit/orbit/src/macos/OrbitApp/Sources/OrbitApp/Views/TaskListParts.swift (in target 'KimiProbe' from project 'KimiProbe')
    cd /Users/runner/work/orbit/orbit/.kimi-probe
    

SwiftCompile normal arm64 /Users/runner/work/orbit/orbit/src/macos/OrbitApp/Sources/OrbitApp/Views/TaskRunHandoffCard.swift (in target 'KimiProbe' from project 'KimiProbe')
    cd /Users/runner/work/orbit/orbit/.kimi-probe
    

SwiftCompile normal arm64 /Users/runner/work/orbit/orbit/src/macos/OrbitApp/Sources/OrbitApp/Views/TaskStartCardView.swift (in target 'KimiProbe' from project 'KimiProbe')
    cd /Users/runner/work/orbit/orbit/.kimi-probe
    

SwiftCompile normal arm64 /Users/runner/work/orbit/orbit/src/macos/OrbitApp/Sources/OrbitApp/TasksModel.swift (in target 'KimiProbe' from project 'KimiProbe')
    cd /Users/runner/work/orbit/orbit/.kimi-probe
    

SwiftCompile normal arm64 /Users/runner/work/orbit/orbit/src/macos/OrbitApp/Sources/OrbitApp/Views/TasksView.swift (in target 'KimiProbe' from project 'KimiProbe')
    cd /Users/runner/work/orbit/orbit/.kimi-probe
    

SwiftCompile normal arm64 /Users/runner/work/orbit/orbit/src/macos/OrbitApp/Sources/OrbitApp/Views/ToastHost.swift (in target 'KimiProbe' from project 'KimiProbe')
    cd /Users/runner/work/orbit/orbit/.kimi-probe
    

SwiftCompile normal arm64 /Users/runner/work/orbit/orbit/src/macos/OrbitApp/Sources/OrbitApp/Views/Console/ToolCards.swift (in target 'KimiProbe' from project 'KimiProbe')
    cd /Users/runner/work/orbit/orbit/.kimi-probe
    

SwiftDriverJobDiscovery normal arm64 Compiling ConsoleModel.swift, ConsoleRegistry.swift, ConsoleView.swift, CreatedTasksCard.swift, CreatedTasksModel.swift, CreatedTasksPage.swift, FileHandoff.swift, FollowingView.swift, ImageViewer.swift, KimiProbe.swift, LinkDetection.swift, LoginView.swift, MainView.swift, MarkdownView.swift, MergeRecoverySheet.swift, MessageBubbles.swift, MonospaceOutputViewer.swift, NeedsYouBannerView.swift, NotificationManager.swift, OpenItemDeliveryCardView.swift, OrbitLinkCardView.swift, OrbitLinkCards.swift, Platform.swift, PoolChip.swift (in target 'KimiProbe' from project 'KimiProbe')

SwiftCompile normal arm64 Compiling\ AccessTokenRow.swift,\ AccessTokensModel.swift,\ AccountPauseControls.swift,\ AddRunnerSheet.swift,\ AdminModel.swift,\ AgentIdentity.swift,\ AgentsModel.swift,\ AgentsView.swift,\ AppModel.swift,\ ApprovalCards.swift,\ ApprovalReview.swift,\ AttachedNoteView.swift,\ AttachmentImageStore.swift,\ AttachmentViews.swift,\ AutoRetryCard.swift,\ BackgroundTaskViews.swift,\ BackgroundWakeCardView.swift,\ BatchCreateReview.swift,\ BrandMarks.swift,\ CodexResetCreditView.swift,\ CompactShell.swift,\ ComposerView.swift,\ ConfirmationReviewTurnCardViews.swift,\ ConfirmationStyle.swift /Users/runner/work/orbit/orbit/src/macos/OrbitApp/Sources/OrbitApp/Views/AccessTokenRow.swift /Users/runner/work/orbit/orbit/src/macos/OrbitApp/Sources/OrbitApp/AccessTokensModel.swift /Users/runner/work/orbit/orbit/src/macos/OrbitApp/Sources/OrbitApp/Views/AccountPauseControls.swift /Users/runner/work/orbit/orbit/src/macos/OrbitApp/Sources/OrbitApp/Views/AddRunnerSheet.swift /Users/runner/work/orbit/orbit/src/macos/OrbitApp/Sources/OrbitApp/AdminModel.swift /Users/runner/work/orbit/orbit/src/macos/OrbitApp/Sources/OrbitApp/Views/AgentIdentity.swift /Users/runner/work/orbit/orbit/src/macos/OrbitApp/Sources/OrbitApp/AgentsModel.swift /Users/runner/work/orbit/orbit/src/macos/OrbitApp/Sources/OrbitApp/Views/AgentsView.swift /Users/runner/work/orbit/orbit/src/macos/OrbitApp/Sources/OrbitApp/AppModel.swift /Users/runner/work/orbit/orbit/src/macos/OrbitApp/Sources/OrbitApp/Views/ApprovalCards.swift /Users/runner/work/orbit/orbit/src/macos/OrbitApp/Sources/OrbitApp/Views/ApprovalReview.swift /Users/runner/work/orbit/orbit/src/macos/OrbitApp/Sources/OrbitApp/Views/Console/AttachedNoteView.swift /Users/runner/work/orbit/orbit/src/macos/OrbitApp/Sources/OrbitApp/AttachmentImageStore.swift /Users/runner/work/orbit/orbit/src/macos/OrbitApp/Sources/OrbitApp/Views/Console/AttachmentViews.swift /Users/runner/work/orbit/orbit/src/macos/OrbitApp/Sources/OrbitApp/Views/Console/AutoRetryCard.swift /Users/runner/work/orbit/orbit/src/macos/OrbitApp/Sources/OrbitApp/Views/Console/BackgroundTaskViews.swift /Users/runner/work/orbit/orbit/src/macos/OrbitApp/Sources/OrbitApp/Views/BackgroundWakeCardView.swift /Users/runner/work/orbit/orbit/src/macos/OrbitApp/Sources/OrbitApp/Views/BatchCreateReview.swift /Users/runner/work/orbit/orbit/src/macos/OrbitApp/Sources/OrbitApp/Views/BrandMarks.swift /Users/runner/work/orbit/orbit/src/macos/OrbitApp/Sources/OrbitApp/Views/CodexResetCreditView.swift /Users/runner/work/orbit/orbit/src/macos/OrbitApp/Sources/OrbitApp/Views/CompactShell.swift /Users/runner/work/orbit/orbit/src/macos/OrbitApp/Sources/OrbitApp/Views/ComposerView.swift /Users/runner/work/orbit/orbit/src/macos/OrbitApp/Sources/OrbitApp/Views/ConfirmationReviewTurnCardViews.swift /Users/runner/work/orbit/orbit/src/macos/OrbitApp/Sources/OrbitApp/Views/ConfirmationStyle.swift (in target 'KimiProbe' from project 'KimiProbe')
SwiftCompile normal arm64 /Users/runner/work/orbit/orbit/src/macos/OrbitApp/Sources/OrbitApp/Views/AccessTokenRow.swift (in target 'KimiProbe' from project 'KimiProbe')
    cd /Users/runner/work/orbit/orbit/.kimi-probe
    

SwiftCompile normal arm64 /Users/runner/work/orbit/orbit/src/macos/OrbitApp/Sources/OrbitApp/AccessTokensModel.swift (in target 'KimiProbe' from project 'KimiProbe')
    cd /Users/runner/work/orbit/orbit/.kimi-probe
    

SwiftCompile normal arm64 /Users/runner/work/orbit/orbit/src/macos/OrbitApp/Sources/OrbitApp/Views/AccountPauseControls.swift (in target 'KimiProbe' from project 'KimiProbe')
    cd /Users/runner/work/orbit/orbit/.kimi-probe
    

SwiftCompile normal arm64 /Users/runner/work/orbit/orbit/src/macos/OrbitApp/Sources/OrbitApp/Views/AddRunnerSheet.swift (in target 'KimiProbe' from project 'KimiProbe')
    cd /Users/runner/work/orbit/orbit/.kimi-probe
    

SwiftCompile normal arm64 /Users/runner/work/orbit/orbit/src/macos/OrbitApp/Sources/OrbitApp/AdminModel.swift (in target 'KimiProbe' from project 'KimiProbe')
    cd /Users/runner/work/orbit/orbit/.kimi-probe
    

SwiftCompile normal arm64 /Users/runner/work/orbit/orbit/src/macos/OrbitApp/Sources/OrbitApp/Views/AgentIdentity.swift (in target 'KimiProbe' from project 'KimiProbe')
    cd /Users/runner/work/orbit/orbit/.kimi-probe
    

SwiftCompile normal arm64 /Users/runner/work/orbit/orbit/src/macos/OrbitApp/Sources/OrbitApp/AgentsModel.swift (in target 'KimiProbe' from project 'KimiProbe')
    cd /Users/runner/work/orbit/orbit/.kimi-probe
    

SwiftCompile normal arm64 /Users/runner/work/orbit/orbit/src/macos/OrbitApp/Sources/OrbitApp/Views/AgentsView.swift (in target 'KimiProbe' from project 'KimiProbe')
    cd /Users/runner/work/orbit/orbit/.kimi-probe
    

SwiftCompile normal arm64 /Users/runner/work/orbit/orbit/src/macos/OrbitApp/Sources/OrbitApp/AppModel.swift (in target 'KimiProbe' from project 'KimiProbe')
    cd /Users/runner/work/orbit/orbit/.kimi-probe
    

SwiftCompile normal arm64 /Users/runner/work/orbit/orbit/src/macos/OrbitApp/Sources/OrbitApp/Views/ApprovalCards.swift (in target 'KimiProbe' from project 'KimiProbe')
    cd /Users/runner/work/orbit/orbit/.kimi-probe
    

SwiftCompile normal arm64 /Users/runner/work/orbit/orbit/src/macos/OrbitApp/Sources/OrbitApp/Views/ApprovalReview.swift (in target 'KimiProbe' from project 'KimiProbe')
    cd /Users/runner/work/orbit/orbit/.kimi-probe
    

SwiftCompile normal arm64 /Users/runner/work/orbit/orbit/src/macos/OrbitApp/Sources/OrbitApp/Views/Console/AttachedNoteView.swift (in target 'KimiProbe' from project 'KimiProbe')
    cd /Users/runner/work/orbit/orbit/.kimi-probe
    

SwiftCompile normal arm64 /Users/runner/work/orbit/orbit/src/macos/OrbitApp/Sources/OrbitApp/AttachmentImageStore.swift (in target 'KimiProbe' from project 'KimiProbe')
    cd /Users/runner/work/orbit/orbit/.kimi-probe
    

SwiftCompile normal arm64 /Users/runner/work/orbit/orbit/src/macos/OrbitApp/Sources/OrbitApp/Views/Console/AttachmentViews.swift (in target 'KimiProbe' from project 'KimiProbe')
    cd /Users/runner/work/orbit/orbit/.kimi-probe
    

SwiftCompile normal arm64 /Users/runner/work/orbit/orbit/src/macos/OrbitApp/Sources/OrbitApp/Views/Console/AutoRetryCard.swift (in target 'KimiProbe' from project 'KimiProbe')
    cd /Users/runner/work/orbit/orbit/.kimi-probe
    

SwiftCompile normal arm64 /Users/runner/work/orbit/orbit/src/macos/OrbitApp/Sources/OrbitApp/Views/Console/BackgroundTaskViews.swift (in target 'KimiProbe' from project 'KimiProbe')
    cd /Users/runner/work/orbit/orbit/.kimi-probe
    

SwiftCompile normal arm64 /Users/runner/work/orbit/orbit/src/macos/OrbitApp/Sources/OrbitApp/Views/BackgroundWakeCardView.swift (in target 'KimiProbe' from project 'KimiProbe')
    cd /Users/runner/work/orbit/orbit/.kimi-probe
    

SwiftCompile normal arm64 /Users/runner/work/orbit/orbit/src/macos/OrbitApp/Sources/OrbitApp/Views/BatchCreateReview.swift (in target 'KimiProbe' from project 'KimiProbe')
    cd /Users/runner/work/orbit/orbit/.kimi-probe
    

SwiftCompile normal arm64 /Users/runner/work/orbit/orbit/src/macos/OrbitApp/Sources/OrbitApp/Views/BrandMarks.swift (in target 'KimiProbe' from project 'KimiProbe')
    cd /Users/runner/work/orbit/orbit/.kimi-probe
    

SwiftCompile normal arm64 /Users/runner/work/orbit/orbit/src/macos/OrbitApp/Sources/OrbitApp/Views/CodexResetCreditView.swift (in target 'KimiProbe' from project 'KimiProbe')
    cd /Users/runner/work/orbit/orbit/.kimi-probe
    

SwiftCompile normal arm64 /Users/runner/work/orbit/orbit/src/macos/OrbitApp/Sources/OrbitApp/Views/CompactShell.swift (in target 'KimiProbe' from project 'KimiProbe')
    cd /Users/runner/work/orbit/orbit/.kimi-probe
    

SwiftCompile normal arm64 /Users/runner/work/orbit/orbit/src/macos/OrbitApp/Sources/OrbitApp/Views/ComposerView.swift (in target 'KimiProbe' from project 'KimiProbe')
    cd /Users/runner/work/orbit/orbit/.kimi-probe
    

SwiftCompile normal arm64 /Users/runner/work/orbit/orbit/src/macos/OrbitApp/Sources/OrbitApp/Views/ConfirmationReviewTurnCardViews.swift (in target 'KimiProbe' from project 'KimiProbe')
    cd /Users/runner/work/orbit/orbit/.kimi-probe
    

SwiftCompile normal arm64 /Users/runner/work/orbit/orbit/src/macos/OrbitApp/Sources/OrbitApp/Views/ConfirmationStyle.swift (in target 'KimiProbe' from project 'KimiProbe')
    cd /Users/runner/work/orbit/orbit/.kimi-probe
    

SwiftDriverJobDiscovery normal arm64 Compiling TopInsetClearOfRefresh.swift, Typography.swift, UserTurnRow.swift, WatchViews.swift, WatchWakeCardView.swift, WatchesModel.swift, WatchingCard.swift, WikiActivityView.swift, WikiArticleView.swift, WikiContentsColumn.swift, WikiDocScreens.swift, WikiDocView.swift, WikiJobView.swift, WikiModel.swift, WikiPlanView.swift, WikiRunView.swift, WikiScreens.swift, WikiSettingsView.swift, WikiView.swift, WorktreeBar.swift, WorktreeFilePreview.swift, WorktreeModel.swift, GeneratedAssetSymbols.swift (in target 'KimiProbe' from project 'KimiProbe')

ProcessProductPackaging "" /Users/runner/work/orbit/orbit/.kimi-probe/.dd-ios/Build/Intermediates.noindex/KimiProbe.build/Debug-iphonesimulator/KimiProbeUITests.build/KimiProbeUITests.xctest-Simulated.xcent (in target 'KimiProbeUITests' from project 'KimiProbe')
    cd /Users/runner/work/orbit/orbit/.kimi-probe
    
    Entitlements:
    
    {
    "application-identifier" = "FAKETEAMID.io.orbitd.kimiprobe.uitests.xctrunner";
    "keychain-access-groups" =     (
        "FAKETEAMID.io.orbitd.kimiprobe.uitests.xctrunner"
    );
}
    
    builtin-productPackagingUtility -entitlements -format xml -o /Users/runner/work/orbit/orbit/.kimi-probe/.dd-ios/Build/Intermediates.noindex/KimiProbe.build/Debug-iphonesimulator/KimiProbeUITests.build/KimiProbeUITests.xctest-Simulated.xcent

ProcessProductPackagingDER /Users/runner/work/orbit/orbit/.kimi-probe/.dd-ios/Build/Intermediates.noindex/KimiProbe.build/Debug-iphonesimulator/KimiProbeUITests.build/KimiProbeUITests.xctest-Simulated.xcent /Users/runner/work/orbit/orbit/.kimi-probe/.dd-ios/Build/Intermediates.noindex/KimiProbe.build/Debug-iphonesimulator/KimiProbeUITests.build/KimiProbeUITests.xctest-Simulated.xcent.der (in target 'KimiProbeUITests' from project 'KimiProbe')
    cd /Users/runner/work/orbit/orbit/.kimi-probe
    /usr/bin/derq query -f xml -i /Users/runner/work/orbit/orbit/.kimi-probe/.dd-ios/Build/Intermediates.noindex/KimiProbe.build/Debug-iphonesimulator/KimiProbeUITests.build/KimiProbeUITests.xctest-Simulated.xcent -o /Users/runner/work/orbit/orbit/.kimi-probe/.dd-ios/Build/Intermediates.noindex/KimiProbe.build/Debug-iphonesimulator/KimiProbeUITests.build/KimiProbeUITests.xctest-Simulated.xcent.der --raw

SwiftDriver KimiProbeUITests normal arm64 com.apple.xcode.tools.swift.compiler (in target 'KimiProbeUITests' from project 'KimiProbe')
    cd /Users/runner/work/orbit/orbit/.kimi-probe
    builtin-SwiftDriver -- /Applications/Xcode_26.6.app/Contents/Developer/Toolchains/XcodeDefault.xctoolchain/usr/bin/swiftc -module-name KimiProbeUITests -Onone @/Users/runner/work/orbit/orbit/.kimi-probe/.dd-ios/Build/Intermediates.noindex/KimiProbe.build/Debug-iphonesimulator/KimiProbeUITests.build/Objects-normal/arm64/KimiProbeUITests.SwiftFileList -DDEBUG -module-alias Testing\=_Testing_Unavailable -plugin-path /Applications/Xcode_26.6.app/Contents/Developer/Toolchains/XcodeDefault.xctoolchain/usr/lib/swift/host/plugins/testing -enable-bare-slash-regex -enable-experimental-feature DebugDescriptionMacro -sdk /Applications/Xcode_26.6.app/Contents/Developer/Platforms/iPhoneSimulator.platform/Developer/SDKs/iPhoneSimulator26.5.sdk -target arm64-apple-ios17.0-simulator -g -module-cache-path /Users/runner/work/orbit/orbit/.kimi-probe/.dd-ios/ModuleCache.noindex -Xfrontend -serialize-debugging-options -enable-testing -index-store-path /Users/runner/work/orbit/orbit/.kimi-probe/.dd-ios/Index.noindex/DataStore -Xcc -D_LIBCPP_HARDENING_MODE\=_LIBCPP_HARDENING_MODE_DEBUG -swift-version 5 -I /Users/runner/work/orbit/orbit/.kimi-probe/.dd-ios/Build/Products/Debug-iphonesimulator -Isystem /Applications/Xcode_26.6.app/Contents/Developer/Platforms/iPhoneSimulator.platform/Developer/usr/lib -F /Users/runner/work/orbit/orbit/.kimi-probe/.dd-ios/Build/Products/Debug-iphonesimulator -F /Applications/Xcode_26.6.app/Contents/Developer/Platforms/iPhoneSimulator.platform/Developer/Library/Frameworks -F /Applications/Xcode_26.6.app/Contents/Developer/Platforms/iPhoneSimulator.platform/Developer/SDKs/iPhoneSimulator26.5.sdk/Developer/Library/Frameworks -c -j3 -enable-batch-mode -incremental -Xcc -ivfsstatcache -Xcc /Users/runner/work/orbit/orbit/.kimi-probe/.dd-ios/SDKStatCaches.noindex/iphonesimulator26.5-23F81a-688ef53f1462e2c8f657fdc38a81448ff45c64a1807a658693f2a61704f17a36.sdkstatcache -output-file-map /Users/runner/work/orbit/orbit/.kimi-probe/.dd-ios/Build/Intermediates.noindex/KimiProbe.build/Debug-iphonesimulator/KimiProbeUITests.build/Objects-normal/arm64/KimiProbeUITests-OutputFileMap.json -use-frontend-parseable-output -save-temps -no-color-diagnostics -explicit-module-build -module-cache-path /Users/runner/work/orbit/orbit/.kimi-probe/.dd-ios/Build/Intermediates.noindex/SwiftExplicitPrecompiledModules -clang-scanner-module-cache-path /Users/runner/work/orbit/orbit/.kimi-probe/.dd-ios/ModuleCache.noindex -sdk-module-cache-path /Users/runner/work/orbit/orbit/.kimi-probe/.dd-ios/ModuleCache.noindex -serialize-diagnostics -emit-dependencies -emit-module -emit-module-path /Users/runner/work/orbit/orbit/.kimi-probe/.dd-ios/Build/Intermediates.noindex/KimiProbe.build/Debug-iphonesimulator/KimiProbeUITests.build/Objects-normal/arm64/KimiProbeUITests.swiftmodule -validate-clang-modules-once -clang-build-session-file /Users/runner/work/orbit/orbit/.kimi-probe/.dd-ios/ModuleCache.noindex/Session.modulevalidation -Xcc -I/Users/runner/work/orbit/orbit/.kimi-probe/.dd-ios/Build/Intermediates.noindex/KimiProbe.build/Debug-iphonesimulator/KimiProbeUITests.build/swift-overrides.hmap -emit-const-values -Xfrontend -const-gather-protocols-file -Xfrontend /Users/runner/work/orbit/orbit/.kimi-probe/.dd-ios/Build/Intermediates.noindex/KimiProbe.build/Debug-iphonesimulator/KimiProbeUITests.build/Objects-normal/arm64/KimiProbeUITests_const_extract_protocols.json -Xcc -iquote -Xcc /Users/runner/work/orbit/orbit/.kimi-probe/.dd-ios/Build/Intermediates.noindex/KimiProbe.build/Debug-iphonesimulator/KimiProbeUITests.build/KimiProbeUITests-generated-files.hmap -Xcc -I/Users/runner/work/orbit/orbit/.kimi-probe/.dd-ios/Build/Intermediates.noindex/KimiProbe.build/Debug-iphonesimulator/KimiProbeUITests.build/KimiProbeUITests-own-target-headers.hmap -Xcc -I/Users/runner/work/orbit/orbit/.kimi-probe/.dd-ios/Build/Intermediates.noindex/KimiProbe.build/Debug-iphonesimulator/KimiProbeUITests.build/KimiProbeUITests-all-non-framework-target-headers.hmap -Xcc -ivfsoverlay -Xcc /Users/runner/work/orbit/orbit/.kimi-probe/.dd-ios/Build/Intermediates.noindex/KimiProbe.build/Debug-iphonesimulator/KimiProbe-a33cd880fab74bb1ef516098f265cdc1-VFS-iphonesimulator/all-product-headers.yaml -Xcc -iquote -Xcc /Users/runner/work/orbit/orbit/.kimi-probe/.dd-ios/Build/Intermediates.noindex/KimiProbe.build/Debug-iphonesimulator/KimiProbeUITests.build/KimiProbeUITests-project-headers.hmap -Xcc -I/Users/runner/work/orbit/orbit/.kimi-probe/.dd-ios/Build/Products/Debug-iphonesimulator/include -Xcc -I/Users/runner/work/orbit/orbit/.kimi-probe/.dd-ios/Build/Intermediates.noindex/KimiProbe.build/Debug-iphonesimulator/KimiProbeUITests.build/DerivedSources-normal/arm64 -Xcc -I/Users/runner/work/orbit/orbit/.kimi-probe/.dd-ios/Build/Intermediates.noindex/KimiProbe.build/Debug-iphonesimulator/KimiProbeUITests.build/DerivedSources/arm64 -Xcc -I/Users/runner/work/orbit/orbit/.kimi-probe/.dd-ios/Build/Intermediates.noindex/KimiProbe.build/Debug-iphonesimulator/KimiProbeUITests.build/DerivedSources -Xcc -DDEBUG\=1 -emit-objc-header -emit-objc-header-path /Users/runner/work/orbit/orbit/.kimi-probe/.dd-ios/Build/Intermediates.noindex/KimiProbe.build/Debug-iphonesimulator/KimiProbeUITests.build/Objects-normal/arm64/KimiProbeUITests-Swift.h -working-directory /Users/runner/work/orbit/orbit/.kimi-probe -experimental-emit-module-separately -disable-cmo

SwiftExplicitDependencyGeneratePcm arm64 /Users/runner/work/orbit/orbit/.kimi-probe/.dd-ios/Build/Intermediates.noindex/SwiftExplicitPrecompiledModules/XCUIAutomation-8529LXRNJJ7B959DKUXOSS8BB.pcm

SwiftExplicitDependencyCompileModuleFromInterface arm64 /Users/runner/work/orbit/orbit/.kimi-probe/.dd-ios/Build/Intermediates.noindex/SwiftExplicitPrecompiledModules/XCUIAutomation-JXF1KRYGJVAE.swiftmodule

SwiftExplicitDependencyGeneratePcm arm64 /Users/runner/work/orbit/orbit/.kimi-probe/.dd-ios/Build/Intermediates.noindex/SwiftExplicitPrecompiledModules/XCTest-66PVFV6Y807FPX1594XVSH86Z.pcm

SwiftExplicitDependencyCompileModuleFromInterface arm64 /Users/runner/work/orbit/orbit/.kimi-probe/.dd-ios/Build/Intermediates.noindex/SwiftExplicitPrecompiledModules/XCTest-1IKJNI93KG2Q9.swiftmodule

SwiftEmitModule normal arm64 Emitting\ module\ for\ KimiProbeUITests (in target 'KimiProbeUITests' from project 'KimiProbe')

EmitSwiftModule normal arm64 (in target 'KimiProbeUITests' from project 'KimiProbe')
    cd /Users/runner/work/orbit/orbit/.kimi-probe
    

SwiftCompile normal arm64 Compiling\ ProbeCase.swift /Users/runner/work/orbit/orbit/.kimi-probe/UITests/ProbeCase.swift (in target 'KimiProbeUITests' from project 'KimiProbe')

SwiftCompile normal arm64 /Users/runner/work/orbit/orbit/.kimi-probe/UITests/ProbeCase.swift (in target 'KimiProbeUITests' from project 'KimiProbe')
    cd /Users/runner/work/orbit/orbit/.kimi-probe
    

SwiftDriverJobDiscovery normal arm64 Emitting module for KimiProbeUITests (in target 'KimiProbeUITests' from project 'KimiProbe')

SwiftDriver\ Compilation\ Requirements KimiProbeUITests normal arm64 com.apple.xcode.tools.swift.compiler (in target 'KimiProbeUITests' from project 'KimiProbe')
    cd /Users/runner/work/orbit/orbit/.kimi-probe
    builtin-Swift-Compilation-Requirements -- /Applications/Xcode_26.6.app/Contents/Developer/Toolchains/XcodeDefault.xctoolchain/usr/bin/swiftc -module-name KimiProbeUITests -Onone @/Users/runner/work/orbit/orbit/.kimi-probe/.dd-ios/Build/Intermediates.noindex/KimiProbe.build/Debug-iphonesimulator/KimiProbeUITests.build/Objects-normal/arm64/KimiProbeUITests.SwiftFileList -DDEBUG -module-alias Testing\=_Testing_Unavailable -plugin-path /Applications/Xcode_26.6.app/Contents/Developer/Toolchains/XcodeDefault.xctoolchain/usr/lib/swift/host/plugins/testing -enable-bare-slash-regex -enable-experimental-feature DebugDescriptionMacro -sdk /Applications/Xcode_26.6.app/Contents/Developer/Platforms/iPhoneSimulator.platform/Developer/SDKs/iPhoneSimulator26.5.sdk -target arm64-apple-ios17.0-simulator -g -module-cache-path /Users/runner/work/orbit/orbit/.kimi-probe/.dd-ios/ModuleCache.noindex -Xfrontend -serialize-debugging-options -enable-testing -index-store-path /Users/runner/work/orbit/orbit/.kimi-probe/.dd-ios/Index.noindex/DataStore -Xcc -D_LIBCPP_HARDENING_MODE\=_LIBCPP_HARDENING_MODE_DEBUG -swift-version 5 -I /Users/runner/work/orbit/orbit/.kimi-probe/.dd-ios/Build/Products/Debug-iphonesimulator -Isystem /Applications/Xcode_26.6.app/Contents/Developer/Platforms/iPhoneSimulator.platform/Developer/usr/lib -F /Users/runner/work/orbit/orbit/.kimi-probe/.dd-ios/Build/Products/Debug-iphonesimulator -F /Applications/Xcode_26.6.app/Contents/Developer/Platforms/iPhoneSimulator.platform/Developer/Library/Frameworks -F /Applications/Xcode_26.6.app/Contents/Developer/Platforms/iPhoneSimulator.platform/Developer/SDKs/iPhoneSimulator26.5.sdk/Developer/Library/Frameworks -c -j3 -enable-batch-mode -incremental -Xcc -ivfsstatcache -Xcc /Users/runner/work/orbit/orbit/.kimi-probe/.dd-ios/SDKStatCaches.noindex/iphonesimulator26.5-23F81a-688ef53f1462e2c8f657fdc38a81448ff45c64a1807a658693f2a61704f17a36.sdkstatcache -output-file-map /Users/runner/work/orbit/orbit/.kimi-probe/.dd-ios/Build/Intermediates.noindex/KimiProbe.build/Debug-iphonesimulator/KimiProbeUITests.build/Objects-normal/arm64/KimiProbeUITests-OutputFileMap.json -use-frontend-parseable-output -save-temps -no-color-diagnostics -explicit-module-build -module-cache-path /Users/runner/work/orbit/orbit/.kimi-probe/.dd-ios/Build/Intermediates.noindex/SwiftExplicitPrecompiledModules -clang-scanner-module-cache-path /Users/runner/work/orbit/orbit/.kimi-probe/.dd-ios/ModuleCache.noindex -sdk-module-cache-path /Users/runner/work/orbit/orbit/.kimi-probe/.dd-ios/ModuleCache.noindex -serialize-diagnostics -emit-dependencies -emit-module -emit-module-path /Users/runner/work/orbit/orbit/.kimi-probe/.dd-ios/Build/Intermediates.noindex/KimiProbe.build/Debug-iphonesimulator/KimiProbeUITests.build/Objects-normal/arm64/KimiProbeUITests.swiftmodule -validate-clang-modules-once -clang-build-session-file /Users/runner/work/orbit/orbit/.kimi-probe/.dd-ios/ModuleCache.noindex/Session.modulevalidation -Xcc -I/Users/runner/work/orbit/orbit/.kimi-probe/.dd-ios/Build/Intermediates.noindex/KimiProbe.build/Debug-iphonesimulator/KimiProbeUITests.build/swift-overrides.hmap -emit-const-values -Xfrontend -const-gather-protocols-file -Xfrontend /Users/runner/work/orbit/orbit/.kimi-probe/.dd-ios/Build/Intermediates.noindex/KimiProbe.build/Debug-iphonesimulator/KimiProbeUITests.build/Objects-normal/arm64/KimiProbeUITests_const_extract_protocols.json -Xcc -iquote -Xcc /Users/runner/work/orbit/orbit/.kimi-probe/.dd-ios/Build/Intermediates.noindex/KimiProbe.build/Debug-iphonesimulator/KimiProbeUITests.build/KimiProbeUITests-generated-files.hmap -Xcc -I/Users/runner/work/orbit/orbit/.kimi-probe/.dd-ios/Build/Intermediates.noindex/KimiProbe.build/Debug-iphonesimulator/KimiProbeUITests.build/KimiProbeUITests-own-target-headers.hmap -Xcc -I/Users/runner/work/orbit/orbit/.kimi-probe/.dd-ios/Build/Intermediates.noindex/KimiProbe.build/Debug-iphonesimulator/KimiProbeUITests.build/KimiProbeUITests-all-non-framework-target-headers.hmap -Xcc -ivfsoverlay -Xcc /Users/runner/work/orbit/orbit/.kimi-probe/.dd-ios/Build/Intermediates.noindex/KimiProbe.build/Debug-iphonesimulator/KimiProbe-a33cd880fab74bb1ef516098f265cdc1-VFS-iphonesimulator/all-product-headers.yaml -Xcc -iquote -Xcc /Users/runner/work/orbit/orbit/.kimi-probe/.dd-ios/Build/Intermediates.noindex/KimiProbe.build/Debug-iphonesimulator/KimiProbeUITests.build/KimiProbeUITests-project-headers.hmap -Xcc -I/Users/runner/work/orbit/orbit/.kimi-probe/.dd-ios/Build/Products/Debug-iphonesimulator/include -Xcc -I/Users/runner/work/orbit/orbit/.kimi-probe/.dd-ios/Build/Intermediates.noindex/KimiProbe.build/Debug-iphonesimulator/KimiProbeUITests.build/DerivedSources-normal/arm64 -Xcc -I/Users/runner/work/orbit/orbit/.kimi-probe/.dd-ios/Build/Intermediates.noindex/KimiProbe.build/Debug-iphonesimulator/KimiProbeUITests.build/DerivedSources/arm64 -Xcc -I/Users/runner/work/orbit/orbit/.kimi-probe/.dd-ios/Build/Intermediates.noindex/KimiProbe.build/Debug-iphonesimulator/KimiProbeUITests.build/DerivedSources -Xcc -DDEBUG\=1 -emit-objc-header -emit-objc-header-path /Users/runner/work/orbit/orbit/.kimi-probe/.dd-ios/Build/Intermediates.noindex/KimiProbe.build/Debug-iphonesimulator/KimiProbeUITests.build/Objects-normal/arm64/KimiProbeUITests-Swift.h -working-directory /Users/runner/work/orbit/orbit/.kimi-probe -experimental-emit-module-separately -disable-cmo

SwiftDriverJobDiscovery normal arm64 Compiling ProbeCase.swift (in target 'KimiProbeUITests' from project 'KimiProbe')

SwiftCompile normal arm64 Compiling\ KimiShotTests.swift /Users/runner/work/orbit/orbit/.kimi-probe/UITests/KimiShotTests.swift (in target 'KimiProbeUITests' from project 'KimiProbe')

SwiftCompile normal arm64 /Users/runner/work/orbit/orbit/.kimi-probe/UITests/KimiShotTests.swift (in target 'KimiProbeUITests' from project 'KimiProbe')
    cd /Users/runner/work/orbit/orbit/.kimi-probe
    

SwiftMergeGeneratedHeaders /Users/runner/work/orbit/orbit/.kimi-probe/.dd-ios/Build/Intermediates.noindex/KimiProbe.build/Debug-iphonesimulator/KimiProbeUITests.build/DerivedSources/KimiProbeUITests-Swift.h /Users/runner/work/orbit/orbit/.kimi-probe/.dd-ios/Build/Intermediates.noindex/KimiProbe.build/Debug-iphonesimulator/KimiProbeUITests.build/Objects-normal/arm64/KimiProbeUITests-Swift.h (in target 'KimiProbeUITests' from project 'KimiProbe')
    cd /Users/runner/work/orbit/orbit/.kimi-probe
    builtin-swiftHeaderTool -arch arm64 /Users/runner/work/orbit/orbit/.kimi-probe/.dd-ios/Build/Intermediates.noindex/KimiProbe.build/Debug-iphonesimulator/KimiProbeUITests.build/Objects-normal/arm64/KimiProbeUITests-Swift.h -o /Users/runner/work/orbit/orbit/.kimi-probe/.dd-ios/Build/Intermediates.noindex/KimiProbe.build/Debug-iphonesimulator/KimiProbeUITests.build/DerivedSources/KimiProbeUITests-Swift.h

SwiftDriverJobDiscovery normal arm64 Compiling KimiShotTests.swift (in target 'KimiProbeUITests' from project 'KimiProbe')

Copy /Users/runner/work/orbit/orbit/.kimi-probe/.dd-ios/Build/Products/Debug-iphonesimulator/KimiProbeUITests.swiftmodule/arm64-apple-ios-simulator.swiftmodule /Users/runner/work/orbit/orbit/.kimi-probe/.dd-ios/Build/Intermediates.noindex/KimiProbe.build/Debug-iphonesimulator/KimiProbeUITests.build/Objects-normal/arm64/KimiProbeUITests.swiftmodule (in target 'KimiProbeUITests' from project 'KimiProbe')
    cd /Users/runner/work/orbit/orbit/.kimi-probe
    builtin-copy -exclude .DS_Store -exclude CVS -exclude .svn -exclude .git -exclude .hg -resolve-src-symlinks -rename /Users/runner/work/orbit/orbit/.kimi-probe/.dd-ios/Build/Intermediates.noindex/KimiProbe.build/Debug-iphonesimulator/KimiProbeUITests.build/Objects-normal/arm64/KimiProbeUITests.swiftmodule /Users/runner/work/orbit/orbit/.kimi-probe/.dd-ios/Build/Products/Debug-iphonesimulator/KimiProbeUITests.swiftmodule/arm64-apple-ios-simulator.swiftmodule

Copy /Users/runner/work/orbit/orbit/.kimi-probe/.dd-ios/Build/Products/Debug-iphonesimulator/KimiProbeUITests.swiftmodule/arm64-apple-ios-simulator.swiftdoc /Users/runner/work/orbit/orbit/.kimi-probe/.dd-ios/Build/Intermediates.noindex/KimiProbe.build/Debug-iphonesimulator/KimiProbeUITests.build/Objects-normal/arm64/KimiProbeUITests.swiftdoc (in target 'KimiProbeUITests' from project 'KimiProbe')
    cd /Users/runner/work/orbit/orbit/.kimi-probe
    builtin-copy -exclude .DS_Store -exclude CVS -exclude .svn -exclude .git -exclude .hg -resolve-src-symlinks -rename /Users/runner/work/orbit/orbit/.kimi-probe/.dd-ios/Build/Intermediates.noindex/KimiProbe.build/Debug-iphonesimulator/KimiProbeUITests.build/Objects-normal/arm64/KimiProbeUITests.swiftdoc /Users/runner/work/orbit/orbit/.kimi-probe/.dd-ios/Build/Products/Debug-iphonesimulator/KimiProbeUITests.swiftmodule/arm64-apple-ios-simulator.swiftdoc

Copy /Users/runner/work/orbit/orbit/.kimi-probe/.dd-ios/Build/Products/Debug-iphonesimulator/KimiProbeUITests.swiftmodule/arm64-apple-ios-simulator.abi.json /Users/runner/work/orbit/orbit/.kimi-probe/.dd-ios/Build/Intermediates.noindex/KimiProbe.build/Debug-iphonesimulator/KimiProbeUITests.build/Objects-normal/arm64/KimiProbeUITests.abi.json (in target 'KimiProbeUITests' from project 'KimiProbe')
    cd /Users/runner/work/orbit/orbit/.kimi-probe
    builtin-copy -exclude .DS_Store -exclude CVS -exclude .svn -exclude .git -exclude .hg -resolve-src-symlinks -rename /Users/runner/work/orbit/orbit/.kimi-probe/.dd-ios/Build/Intermediates.noindex/KimiProbe.build/Debug-iphonesimulator/KimiProbeUITests.build/Objects-normal/arm64/KimiProbeUITests.abi.json /Users/runner/work/orbit/orbit/.kimi-probe/.dd-ios/Build/Products/Debug-iphonesimulator/KimiProbeUITests.swiftmodule/arm64-apple-ios-simulator.abi.json

Copy /Users/runner/work/orbit/orbit/.kimi-probe/.dd-ios/Build/Products/Debug-iphonesimulator/KimiProbeUITests.swiftmodule/Project/arm64-apple-ios-simulator.swiftsourceinfo /Users/runner/work/orbit/orbit/.kimi-probe/.dd-ios/Build/Intermediates.noindex/KimiProbe.build/Debug-iphonesimulator/KimiProbeUITests.build/Objects-normal/arm64/KimiProbeUITests.swiftsourceinfo (in target 'KimiProbeUITests' from project 'KimiProbe')
    cd /Users/runner/work/orbit/orbit/.kimi-probe
    builtin-copy -exclude .DS_Store -exclude CVS -exclude .svn -exclude .git -exclude .hg -resolve-src-symlinks -rename /Users/runner/work/orbit/orbit/.kimi-probe/.dd-ios/Build/Intermediates.noindex/KimiProbe.build/Debug-iphonesimulator/KimiProbeUITests.build/Objects-normal/arm64/KimiProbeUITests.swiftsourceinfo /Users/runner/work/orbit/orbit/.kimi-probe/.dd-ios/Build/Products/Debug-iphonesimulator/KimiProbeUITests.swiftmodule/Project/arm64-apple-ios-simulator.swiftsourceinfo

SwiftDriver\ Compilation KimiProbeUITests normal arm64 com.apple.xcode.tools.swift.compiler (in target 'KimiProbeUITests' from project 'KimiProbe')
    cd /Users/runner/work/orbit/orbit/.kimi-probe
    builtin-Swift-Compilation -- /Applications/Xcode_26.6.app/Contents/Developer/Toolchains/XcodeDefault.xctoolchain/usr/bin/swiftc -module-name KimiProbeUITests -Onone @/Users/runner/work/orbit/orbit/.kimi-probe/.dd-ios/Build/Intermediates.noindex/KimiProbe.build/Debug-iphonesimulator/KimiProbeUITests.build/Objects-normal/arm64/KimiProbeUITests.SwiftFileList -DDEBUG -module-alias Testing\=_Testing_Unavailable -plugin-path /Applications/Xcode_26.6.app/Contents/Developer/Toolchains/XcodeDefault.xctoolchain/usr/lib/swift/host/plugins/testing -enable-bare-slash-regex -enable-experimental-feature DebugDescriptionMacro -sdk /Applications/Xcode_26.6.app/Contents/Developer/Platforms/iPhoneSimulator.platform/Developer/SDKs/iPhoneSimulator26.5.sdk -target arm64-apple-ios17.0-simulator -g -module-cache-path /Users/runner/work/orbit/orbit/.kimi-probe/.dd-ios/ModuleCache.noindex -Xfrontend -serialize-debugging-options -enable-testing -index-store-path /Users/runner/work/orbit/orbit/.kimi-probe/.dd-ios/Index.noindex/DataStore -Xcc -D_LIBCPP_HARDENING_MODE\=_LIBCPP_HARDENING_MODE_DEBUG -swift-version 5 -I /Users/runner/work/orbit/orbit/.kimi-probe/.dd-ios/Build/Products/Debug-iphonesimulator -Isystem /Applications/Xcode_26.6.app/Contents/Developer/Platforms/iPhoneSimulator.platform/Developer/usr/lib -F /Users/runner/work/orbit/orbit/.kimi-probe/.dd-ios/Build/Products/Debug-iphonesimulator -F /Applications/Xcode_26.6.app/Contents/Developer/Platforms/iPhoneSimulator.platform/Developer/Library/Frameworks -F /Applications/Xcode_26.6.app/Contents/Developer/Platforms/iPhoneSimulator.platform/Developer/SDKs/iPhoneSimulator26.5.sdk/Developer/Library/Frameworks -c -j3 -enable-batch-mode -incremental -Xcc -ivfsstatcache -Xcc /Users/runner/work/orbit/orbit/.kimi-probe/.dd-ios/SDKStatCaches.noindex/iphonesimulator26.5-23F81a-688ef53f1462e2c8f657fdc38a81448ff45c64a1807a658693f2a61704f17a36.sdkstatcache -output-file-map /Users/runner/work/orbit/orbit/.kimi-probe/.dd-ios/Build/Intermediates.noindex/KimiProbe.build/Debug-iphonesimulator/KimiProbeUITests.build/Objects-normal/arm64/KimiProbeUITests-OutputFileMap.json -use-frontend-parseable-output -save-temps -no-color-diagnostics -explicit-module-build -module-cache-path /Users/runner/work/orbit/orbit/.kimi-probe/.dd-ios/Build/Intermediates.noindex/SwiftExplicitPrecompiledModules -clang-scanner-module-cache-path /Users/runner/work/orbit/orbit/.kimi-probe/.dd-ios/ModuleCache.noindex -sdk-module-cache-path /Users/runner/work/orbit/orbit/.kimi-probe/.dd-ios/ModuleCache.noindex -serialize-diagnostics -emit-dependencies -emit-module -emit-module-path /Users/runner/work/orbit/orbit/.kimi-probe/.dd-ios/Build/Intermediates.noindex/KimiProbe.build/Debug-iphonesimulator/KimiProbeUITests.build/Objects-normal/arm64/KimiProbeUITests.swiftmodule -validate-clang-modules-once -clang-build-session-file /Users/runner/work/orbit/orbit/.kimi-probe/.dd-ios/ModuleCache.noindex/Session.modulevalidation -Xcc -I/Users/runner/work/orbit/orbit/.kimi-probe/.dd-ios/Build/Intermediates.noindex/KimiProbe.build/Debug-iphonesimulator/KimiProbeUITests.build/swift-overrides.hmap -emit-const-values -Xfrontend -const-gather-protocols-file -Xfrontend /Users/runner/work/orbit/orbit/.kimi-probe/.dd-ios/Build/Intermediates.noindex/KimiProbe.build/Debug-iphonesimulator/KimiProbeUITests.build/Objects-normal/arm64/KimiProbeUITests_const_extract_protocols.json -Xcc -iquote -Xcc /Users/runner/work/orbit/orbit/.kimi-probe/.dd-ios/Build/Intermediates.noindex/KimiProbe.build/Debug-iphonesimulator/KimiProbeUITests.build/KimiProbeUITests-generated-files.hmap -Xcc -I/Users/runner/work/orbit/orbit/.kimi-probe/.dd-ios/Build/Intermediates.noindex/KimiProbe.build/Debug-iphonesimulator/KimiProbeUITests.build/KimiProbeUITests-own-target-headers.hmap -Xcc -I/Users/runner/work/orbit/orbit/.kimi-probe/.dd-ios/Build/Intermediates.noindex/KimiProbe.build/Debug-iphonesimulator/KimiProbeUITests.build/KimiProbeUITests-all-non-framework-target-headers.hmap -Xcc -ivfsoverlay -Xcc /Users/runner/work/orbit/orbit/.kimi-probe/.dd-ios/Build/Intermediates.noindex/KimiProbe.build/Debug-iphonesimulator/KimiProbe-a33cd880fab74bb1ef516098f265cdc1-VFS-iphonesimulator/all-product-headers.yaml -Xcc -iquote -Xcc /Users/runner/work/orbit/orbit/.kimi-probe/.dd-ios/Build/Intermediates.noindex/KimiProbe.build/Debug-iphonesimulator/KimiProbeUITests.build/KimiProbeUITests-project-headers.hmap -Xcc -I/Users/runner/work/orbit/orbit/.kimi-probe/.dd-ios/Build/Products/Debug-iphonesimulator/include -Xcc -I/Users/runner/work/orbit/orbit/.kimi-probe/.dd-ios/Build/Intermediates.noindex/KimiProbe.build/Debug-iphonesimulator/KimiProbeUITests.build/DerivedSources-normal/arm64 -Xcc -I/Users/runner/work/orbit/orbit/.kimi-probe/.dd-ios/Build/Intermediates.noindex/KimiProbe.build/Debug-iphonesimulator/KimiProbeUITests.build/DerivedSources/arm64 -Xcc -I/Users/runner/work/orbit/orbit/.kimi-probe/.dd-ios/Build/Intermediates.noindex/KimiProbe.build/Debug-iphonesimulator/KimiProbeUITests.build/DerivedSources -Xcc -DDEBUG\=1 -emit-objc-header -emit-objc-header-path /Users/runner/work/orbit/orbit/.kimi-probe/.dd-ios/Build/Intermediates.noindex/KimiProbe.build/Debug-iphonesimulator/KimiProbeUITests.build/Objects-normal/arm64/KimiProbeUITests-Swift.h -working-directory /Users/runner/work/orbit/orbit/.kimi-probe -experimental-emit-module-separately -disable-cmo

SwiftDriverJobDiscovery normal arm64 Compiling SessionMoveSheet.swift, SessionMoveTargetPage.swift, SessionProjectListSupport.swift, SessionProjectPage.swift, SessionRenameAlert.swift, SessionReplyCardView.swift, SessionRowActions.swift, SessionRunStartCard.swift, SessionSearchView.swift, SessionTagViews.swift, SettingsAdminView.swift, SettingsSheet.swift, ShareSheet.swift, SharedLinksModel.swift, SharedPoolsModel.swift, SkillsRunnersView.swift, TaskDetailParts.swift, TaskListParts.swift, TaskRunHandoffCard.swift, TaskStartCardView.swift, TasksModel.swift, TasksView.swift, ToastHost.swift, ToolCards.swift (in target 'KimiProbe' from project 'KimiProbe')

SwiftDriverJobDiscovery normal arm64 Compiling AccessTokenRow.swift, AccessTokensModel.swift, AccountPauseControls.swift, AddRunnerSheet.swift, AdminModel.swift, AgentIdentity.swift, AgentsModel.swift, AgentsView.swift, AppModel.swift, ApprovalCards.swift, ApprovalReview.swift, AttachedNoteView.swift, AttachmentImageStore.swift, AttachmentViews.swift, AutoRetryCard.swift, BackgroundTaskViews.swift, BackgroundWakeCardView.swift, BatchCreateReview.swift, BrandMarks.swift, CodexResetCreditView.swift, CompactShell.swift, ComposerView.swift, ConfirmationReviewTurnCardViews.swift, ConfirmationStyle.swift (in target 'KimiProbe' from project 'KimiProbe')

SwiftDriver\ Compilation KimiProbe normal arm64 com.apple.xcode.tools.swift.compiler (in target 'KimiProbe' from project 'KimiProbe')
    cd /Users/runner/work/orbit/orbit/.kimi-probe
    builtin-Swift-Compilation -- /Applications/Xcode_26.6.app/Contents/Developer/Toolchains/XcodeDefault.xctoolchain/usr/bin/swiftc -module-name KimiProbe -Onone @/Users/runner/work/orbit/orbit/.kimi-probe/.dd-ios/Build/Intermediates.noindex/KimiProbe.build/Debug-iphonesimulator/KimiProbe.build/Objects-normal/arm64/KimiProbe.SwiftFileList -DDEBUG -enable-bare-slash-regex -enable-experimental-feature DebugDescriptionMacro -sdk /Applications/Xcode_26.6.app/Contents/Developer/Platforms/iPhoneSimulator.platform/Developer/SDKs/iPhoneSimulator26.5.sdk -target arm64-apple-ios17.0-simulator -g -module-cache-path /Users/runner/work/orbit/orbit/.kimi-probe/.dd-ios/ModuleCache.noindex -Xfrontend -serialize-debugging-options -enable-testing -index-store-path /Users/runner/work/orbit/orbit/.kimi-probe/.dd-ios/Index.noindex/DataStore -Xcc -D_LIBCPP_HARDENING_MODE\=_LIBCPP_HARDENING_MODE_DEBUG -swift-version 5 -I /Users/runner/work/orbit/orbit/.kimi-probe/.dd-ios/Build/Products/Debug-iphonesimulator -F /Users/runner/work/orbit/orbit/.kimi-probe/.dd-ios/Build/Products/Debug-iphonesimulator/PackageFrameworks -F /Users/runner/work/orbit/orbit/.kimi-probe/.dd-ios/Build/Products/Debug-iphonesimulator/PackageFrameworks -F /Users/runner/work/orbit/orbit/.kimi-probe/.dd-ios/Build/Products/Debug-iphonesimulator/PackageFrameworks -F /Users/runner/work/orbit/orbit/.kimi-probe/.dd-ios/Build/Products/Debug-iphonesimulator/PackageFrameworks -F /Users/runner/work/orbit/orbit/.kimi-probe/.dd-ios/Build/Products/Debug-iphonesimulator/PackageFrameworks -F /Users/runner/work/orbit/orbit/.kimi-probe/.dd-ios/Build/Products/Debug-iphonesimulator -c -j3 -enable-batch-mode -incremental -Xcc -ivfsstatcache -Xcc /Users/runner/work/orbit/orbit/.kimi-probe/.dd-ios/SDKStatCaches.noindex/iphonesimulator26.5-23F81a-688ef53f1462e2c8f657fdc38a81448ff45c64a1807a658693f2a61704f17a36.sdkstatcache -output-file-map /Users/runner/work/orbit/orbit/.kimi-probe/.dd-ios/Build/Intermediates.noindex/KimiProbe.build/Debug-iphonesimulator/KimiProbe.build/Objects-normal/arm64/KimiProbe-OutputFileMap.json -use-frontend-parseable-output -save-temps -no-color-diagnostics -explicit-module-build -module-cache-path /Users/runner/work/orbit/orbit/.kimi-probe/.dd-ios/Build/Intermediates.noindex/SwiftExplicitPrecompiledModules -clang-scanner-module-cache-path /Users/runner/work/orbit/orbit/.kimi-probe/.dd-ios/ModuleCache.noindex -sdk-module-cache-path /Users/runner/work/orbit/orbit/.kimi-probe/.dd-ios/ModuleCache.noindex -serialize-diagnostics -emit-dependencies -emit-module -emit-module-path /Users/runner/work/orbit/orbit/.kimi-probe/.dd-ios/Build/Intermediates.noindex/KimiProbe.build/Debug-iphonesimulator/KimiProbe.build/Objects-normal/arm64/KimiProbe.swiftmodule -validate-clang-modules-once -clang-build-session-file /Users/runner/work/orbit/orbit/.kimi-probe/.dd-ios/ModuleCache.noindex/Session.modulevalidation -Xcc -I/Users/runner/work/orbit/orbit/.kimi-probe/.dd-ios/Build/Intermediates.noindex/KimiProbe.build/Debug-iphonesimulator/KimiProbe.build/swift-overrides.hmap -emit-const-values -Xfrontend -const-gather-protocols-file -Xfrontend /Users/runner/work/orbit/orbit/.kimi-probe/.dd-ios/Build/Intermediates.noindex/KimiProbe.build/Debug-iphonesimulator/KimiProbe.build/Objects-normal/arm64/KimiProbe_const_extract_protocols.json -Xcc -iquote -Xcc /Users/runner/work/orbit/orbit/.kimi-probe/.dd-ios/Build/Intermediates.noindex/KimiProbe.build/Debug-iphonesimulator/KimiProbe.build/KimiProbe-generated-files.hmap -Xcc -I/Users/runner/work/orbit/orbit/.kimi-probe/.dd-ios/Build/Intermediates.noindex/KimiProbe.build/Debug-iphonesimulator/KimiProbe.build/KimiProbe-own-target-headers.hmap -Xcc -I/Users/runner/work/orbit/orbit/.kimi-probe/.dd-ios/Build/Intermediates.noindex/KimiProbe.build/Debug-iphonesimulator/KimiProbe.build/KimiProbe-all-non-framework-target-headers.hmap -Xcc -ivfsoverlay -Xcc /Users/runner/work/orbit/orbit/.kimi-probe/.dd-ios/Build/Intermediates.noindex/KimiProbe.build/Debug-iphonesimulator/KimiProbe-a33cd880fab74bb1ef516098f265cdc1-VFS-iphonesimulator/all-product-headers.yaml -Xcc -iquote -Xcc /Users/runner/work/orbit/orbit/.kimi-probe/.dd-ios/Build/Intermediates.noindex/KimiProbe.build/Debug-iphonesimulator/KimiProbe.build/KimiProbe-project-headers.hmap -Xcc -I/Users/runner/work/orbit/orbit/.kimi-probe/.dd-ios/SourcePackages/checkouts/swift-cmark/src/include -Xcc -I/Users/runner/work/orbit/orbit/.kimi-probe/.dd-ios/SourcePackages/checkouts/swift-cmark/extensions/include -Xcc -I/Users/runner/work/orbit/orbit/.kimi-probe/.dd-ios/SourcePackages/checkouts/swift-markdown/Sources/CAtomic/include -Xcc -I/Users/runner/work/orbit/orbit/.kimi-probe/.dd-ios/Build/Products/Debug-iphonesimulator/include -Xcc -I/Users/runner/work/orbit/orbit/.kimi-probe/.dd-ios/Build/Intermediates.noindex/KimiProbe.build/Debug-iphonesimulator/KimiProbe.build/DerivedSources-normal/arm64 -Xcc -I/Users/runner/work/orbit/orbit/.kimi-probe/.dd-ios/Build/Intermediates.noindex/KimiProbe.build/Debug-iphonesimulator/KimiProbe.build/DerivedSources/arm64 -Xcc -I/Users/runner/work/orbit/orbit/.kimi-probe/.dd-ios/Build/Intermediates.noindex/KimiProbe.build/Debug-iphonesimulator/KimiProbe.build/DerivedSources -Xcc -DDEBUG\=1 -emit-objc-header -emit-objc-header-path /Users/runner/work/orbit/orbit/.kimi-probe/.dd-ios/Build/Intermediates.noindex/KimiProbe.build/Debug-iphonesimulator/KimiProbe.build/Objects-normal/arm64/KimiProbe-Swift.h -working-directory /Users/runner/work/orbit/orbit/.kimi-probe -experimental-emit-module-separately -disable-cmo

Ld /Users/runner/work/orbit/orbit/.kimi-probe/.dd-ios/Build/Products/Debug-iphonesimulator/KimiProbe.app/KimiProbe.debug.dylib normal (in target 'KimiProbe' from project 'KimiProbe')
    cd /Users/runner/work/orbit/orbit/.kimi-probe
    /Applications/Xcode_26.6.app/Contents/Developer/Toolchains/XcodeDefault.xctoolchain/usr/bin/clang -Xlinker -reproducible -target arm64-apple-ios17.0-simulator -dynamiclib -isysroot /Applications/Xcode_26.6.app/Contents/Developer/Platforms/iPhoneSimulator.platform/Developer/SDKs/iPhoneSimulator26.5.sdk -O0 -L/Users/runner/work/orbit/orbit/.kimi-probe/.dd-ios/Build/Intermediates.noindex/EagerLinkingTBDs/Debug-iphonesimulator -L/Users/runner/work/orbit/orbit/.kimi-probe/.dd-ios/Build/Products/Debug-iphonesimulator -F/Users/runner/work/orbit/orbit/.kimi-probe/.dd-ios/Build/Intermediates.noindex/EagerLinkingTBDs/Debug-iphonesimulator -F/Users/runner/work/orbit/orbit/.kimi-probe/.dd-ios/Build/Products/Debug-iphonesimulator/PackageFrameworks -F/Users/runner/work/orbit/orbit/.kimi-probe/.dd-ios/Build/Products/Debug-iphonesimulator/PackageFrameworks -F/Users/runner/work/orbit/orbit/.kimi-probe/.dd-ios/Build/Products/Debug-iphonesimulator/PackageFrameworks -F/Users/runner/work/orbit/orbit/.kimi-probe/.dd-ios/Build/Products/Debug-iphonesimulator/PackageFrameworks -F/Users/runner/work/orbit/orbit/.kimi-probe/.dd-ios/Build/Products/Debug-iphonesimulator/PackageFrameworks -F/Users/runner/work/orbit/orbit/.kimi-probe/.dd-ios/Build/Products/Debug-iphonesimulator -filelist /Users/runner/work/orbit/orbit/.kimi-probe/.dd-ios/Build/Intermediates.noindex/KimiProbe.build/Debug-iphonesimulator/KimiProbe.build/Objects-normal/arm64/KimiProbe.LinkFileList -install_name @rpath/KimiProbe.debug.dylib -Xlinker -rpath -Xlinker /usr/lib/swift -Xlinker -rpath -Xlinker /Users/runner/work/orbit/orbit/.kimi-probe/.dd-ios/Build/Products/Debug-iphonesimulator/PackageFrameworks -Xlinker -rpath -Xlinker @executable_path/Frameworks -Xlinker -dead_strip -Xlinker -object_path_lto -Xlinker /Users/runner/work/orbit/orbit/.kimi-probe/.dd-ios/Build/Intermediates.noindex/KimiProbe.build/Debug-iphonesimulator/KimiProbe.build/Objects-normal/arm64/KimiProbe_lto.o -rdynamic -Xlinker -no_deduplicate -Xlinker -objc_abi_version -Xlinker 2 -Xlinker -dependency_info -Xlinker /Users/runner/work/orbit/orbit/.kimi-probe/.dd-ios/Build/Intermediates.noindex/KimiProbe.build/Debug-iphonesimulator/KimiProbe.build/Objects-normal/arm64/KimiProbe_dependency_info.dat -fobjc-link-runtime -L/Applications/Xcode_26.6.app/Contents/Developer/Toolchains/XcodeDefault.xctoolchain/usr/lib/swift/iphonesimulator -L/usr/lib/swift -Xlinker -add_ast_path -Xlinker /Users/runner/work/orbit/orbit/.kimi-probe/.dd-ios/Build/Intermediates.noindex/KimiProbe.build/Debug-iphonesimulator/KimiProbe.build/Objects-normal/arm64/KimiProbe.swiftmodule @/Users/runner/work/orbit/orbit/.kimi-probe/.dd-ios/Build/Intermediates.noindex/KimiProbe.build/Debug-iphonesimulator/KimiProbe.build/Objects-normal/arm64/KimiProbe-linker-args.resp -Wl,-no_warn_duplicate_libraries -Wl,-no_warn_duplicate_libraries -Wl,-no_warn_duplicate_libraries -Wl,-no_warn_duplicate_libraries -Wl,-no_warn_duplicate_libraries -Xlinker -alias -Xlinker _main -Xlinker ___debug_main_executable_dylib_entry_point -Xlinker -no_adhoc_codesign -o /Users/runner/work/orbit/orbit/.kimi-probe/.dd-ios/Build/Products/Debug-iphonesimulator/KimiProbe.app/KimiProbe.debug.dylib -Xlinker -add_ast_path -Xlinker /Users/runner/work/orbit/orbit/.kimi-probe/.dd-ios/Build/Intermediates.noindex/OrbitKit.build/Debug-iphonesimulator/OrbitKit.build/Objects-normal/arm64/OrbitKit.swiftmodule @/Users/runner/work/orbit/orbit/.kimi-probe/.dd-ios/Build/Intermediates.noindex/OrbitKit.build/Debug-iphonesimulator/OrbitKit.build/Objects-normal/arm64/OrbitKit-linker-args.resp -Xlinker -add_ast_path -Xlinker /Users/runner/work/orbit/orbit/.kimi-probe/.dd-ios/Build/Intermediates.noindex/swift-markdown.build/Debug-iphonesimulator/Markdown.build/Objects-normal/arm64/Markdown.swiftmodule @/Users/runner/work/orbit/orbit/.kimi-probe/.dd-ios/Build/Intermediates.noindex/swift-markdown.build/Debug-iphonesimulator/Markdown.build/Objects-normal/arm64/Markdown-linker-args.resp

ConstructStubExecutorLinkFileList /Users/runner/work/orbit/orbit/.kimi-probe/.dd-ios/Build/Intermediates.noindex/KimiProbe.build/Debug-iphonesimulator/KimiProbe.build/KimiProbe-ExecutorLinkFileList-normal-arm64.txt (in target 'KimiProbe' from project 'KimiProbe')
    cd /Users/runner/work/orbit/orbit/.kimi-probe
    construct-stub-executor-link-file-list /Users/runner/work/orbit/orbit/.kimi-probe/.dd-ios/Build/Products/Debug-iphonesimulator/KimiProbe.app/KimiProbe.debug.dylib /Applications/Xcode_26.6.app/Contents/Developer/Platforms/iPhoneSimulator.platform/Developer/usr/lib/libPreviewsJITStubExecutor_no_swift_entry_point.a /Applications/Xcode_26.6.app/Contents/Developer/Platforms/iPhoneSimulator.platform/Developer/usr/lib/libPreviewsJITStubExecutor.a --output /Users/runner/work/orbit/orbit/.kimi-probe/.dd-ios/Build/Intermediates.noindex/KimiProbe.build/Debug-iphonesimulator/KimiProbe.build/KimiProbe-ExecutorLinkFileList-normal-arm64.txt
note: Using stub executor library with Swift entry point. (in target 'KimiProbe' from project 'KimiProbe')

Ld /Users/runner/work/orbit/orbit/.kimi-probe/.dd-ios/Build/Products/Debug-iphonesimulator/KimiProbe.app/KimiProbe normal (in target 'KimiProbe' from project 'KimiProbe')
    cd /Users/runner/work/orbit/orbit/.kimi-probe
    /Applications/Xcode_26.6.app/Contents/Developer/Toolchains/XcodeDefault.xctoolchain/usr/bin/clang -Xlinker -reproducible -target arm64-apple-ios17.0-simulator -isysroot /Applications/Xcode_26.6.app/Contents/Developer/Platforms/iPhoneSimulator.platform/Developer/SDKs/iPhoneSimulator26.5.sdk -O0 -L/Users/runner/work/orbit/orbit/.kimi-probe/.dd-ios/Build/Products/Debug-iphonesimulator -F/Users/runner/work/orbit/orbit/.kimi-probe/.dd-ios/Build/Products/Debug-iphonesimulator/PackageFrameworks -F/Users/runner/work/orbit/orbit/.kimi-probe/.dd-ios/Build/Products/Debug-iphonesimulator/PackageFrameworks -F/Users/runner/work/orbit/orbit/.kimi-probe/.dd-ios/Build/Products/Debug-iphonesimulator/PackageFrameworks -F/Users/runner/work/orbit/orbit/.kimi-probe/.dd-ios/Build/Products/Debug-iphonesimulator/PackageFrameworks -F/Users/runner/work/orbit/orbit/.kimi-probe/.dd-ios/Build/Products/Debug-iphonesimulator/PackageFrameworks -F/Users/runner/work/orbit/orbit/.kimi-probe/.dd-ios/Build/Products/Debug-iphonesimulator -Xlinker -rpath -Xlinker @executable_path -Xlinker -rpath -Xlinker /Users/runner/work/orbit/orbit/.kimi-probe/.dd-ios/Build/Products/Debug-iphonesimulator/PackageFrameworks -Xlinker -rpath -Xlinker @executable_path/Frameworks -rdynamic -Xlinker -no_deduplicate -Xlinker -objc_abi_version -Xlinker 2 -e ___debug_blank_executor_main -Xlinker -sectcreate -Xlinker __TEXT -Xlinker __debug_dylib -Xlinker /Users/runner/work/orbit/orbit/.kimi-probe/.dd-ios/Build/Intermediates.noindex/KimiProbe.build/Debug-iphonesimulator/KimiProbe.build/KimiProbe-DebugDylibPath-normal-arm64.txt -Xlinker -sectcreate -Xlinker __TEXT -Xlinker __debug_instlnm -Xlinker /Users/runner/work/orbit/orbit/.kimi-probe/.dd-ios/Build/Intermediates.noindex/KimiProbe.build/Debug-iphonesimulator/KimiProbe.build/KimiProbe-DebugDylibInstallName-normal-arm64.txt -Xlinker -filelist -Xlinker /Users/runner/work/orbit/orbit/.kimi-probe/.dd-ios/Build/Intermediates.noindex/KimiProbe.build/Debug-iphonesimulator/KimiProbe.build/KimiProbe-ExecutorLinkFileList-normal-arm64.txt -Xlinker -sectcreate -Xlinker __TEXT -Xlinker __entitlements -Xlinker /Users/runner/work/orbit/orbit/.kimi-probe/.dd-ios/Build/Intermediates.noindex/KimiProbe.build/Debug-iphonesimulator/KimiProbe.build/KimiProbe.app-Simulated.xcent -Xlinker -sectcreate -Xlinker __TEXT -Xlinker __ents_der -Xlinker /Users/runner/work/orbit/orbit/.kimi-probe/.dd-ios/Build/Intermediates.noindex/KimiProbe.build/Debug-iphonesimulator/KimiProbe.build/KimiProbe.app-Simulated.xcent.der /Users/runner/work/orbit/orbit/.kimi-probe/.dd-ios/Build/Products/Debug-iphonesimulator/KimiProbe.app/KimiProbe.debug.dylib -Xlinker -no_adhoc_codesign -o /Users/runner/work/orbit/orbit/.kimi-probe/.dd-ios/Build/Products/Debug-iphonesimulator/KimiProbe.app/KimiProbe

CopySwiftLibs /Users/runner/work/orbit/orbit/.kimi-probe/.dd-ios/Build/Products/Debug-iphonesimulator/KimiProbe.app (in target 'KimiProbe' from project 'KimiProbe')
    cd /Users/runner/work/orbit/orbit/.kimi-probe
    builtin-swiftStdLibTool --copy --verbose --sign - --scan-executable /Users/runner/work/orbit/orbit/.kimi-probe/.dd-ios/Build/Products/Debug-iphonesimulator/KimiProbe.app/KimiProbe.debug.dylib --scan-folder /Users/runner/work/orbit/orbit/.kimi-probe/.dd-ios/Build/Products/Debug-iphonesimulator/KimiProbe.app/Frameworks --scan-folder /Users/runner/work/orbit/orbit/.kimi-probe/.dd-ios/Build/Products/Debug-iphonesimulator/KimiProbe.app/PlugIns --scan-folder /Users/runner/work/orbit/orbit/.kimi-probe/.dd-ios/Build/Products/Debug-iphonesimulator/KimiProbe.app/SystemExtensions --scan-folder /Users/runner/work/orbit/orbit/.kimi-probe/.dd-ios/Build/Products/Debug-iphonesimulator/KimiProbe.app/Extensions --platform iphonesimulator --toolchain /var/run/com.apple.security.cryptexd/mnt/com.apple.MobileAsset.MetalToolchain-v17.6.109.0.wDopiA/Metal.xctoolchain --toolchain /Applications/Xcode_26.6.app/Contents/Developer/Toolchains/XcodeDefault.xctoolchain --destination /Users/runner/work/orbit/orbit/.kimi-probe/.dd-ios/Build/Products/Debug-iphonesimulator/KimiProbe.app/Frameworks --strip-bitcode --strip-bitcode-tool /Applications/Xcode_26.6.app/Contents/Developer/Toolchains/XcodeDefault.xctoolchain/usr/bin/bitcode_strip --emit-dependency-info /Users/runner/work/orbit/orbit/.kimi-probe/.dd-ios/Build/Intermediates.noindex/KimiProbe.build/Debug-iphonesimulator/KimiProbe.build/SwiftStdLibToolInputDependencies.dep --filter-for-swift-os

ExtractAppIntentsMetadata (in target 'KimiProbe' from project 'KimiProbe')
    cd /Users/runner/work/orbit/orbit/.kimi-probe
    /Applications/Xcode_26.6.app/Contents/Developer/Toolchains/XcodeDefault.xctoolchain/usr/bin/appintentsmetadataprocessor --toolchain-dir /var/run/com.apple.security.cryptexd/mnt/com.apple.MobileAsset.MetalToolchain-v17.6.109.0.wDopiA/Metal.xctoolchain --module-name KimiProbe --sdk-root /Applications/Xcode_26.6.app/Contents/Developer/Platforms/iPhoneSimulator.platform/Developer/SDKs/iPhoneSimulator26.5.sdk --xcode-version 17F113 --platform-family iOS --deployment-target 17.0 --bundle-identifier io.orbitd.kimiprobe --output /Users/runner/work/orbit/orbit/.kimi-probe/.dd-ios/Build/Products/Debug-iphonesimulator/KimiProbe.app --target-triple arm64-apple-ios17.0-simulator --binary-file /Users/runner/work/orbit/orbit/.kimi-probe/.dd-ios/Build/Products/Debug-iphonesimulator/KimiProbe.app/KimiProbe --dependency-file /Users/runner/work/orbit/orbit/.kimi-probe/.dd-ios/Build/Intermediates.noindex/KimiProbe.build/Debug-iphonesimulator/KimiProbe.build/Objects-normal/arm64/KimiProbe_dependency_info.dat --stringsdata-file /Users/runner/work/orbit/orbit/.kimi-probe/.dd-ios/Build/Intermediates.noindex/KimiProbe.build/Debug-iphonesimulator/KimiProbe.build/Objects-normal/arm64/ExtractedAppShortcutsMetadata.stringsdata --source-file-list /Users/runner/work/orbit/orbit/.kimi-probe/.dd-ios/Build/Intermediates.noindex/KimiProbe.build/Debug-iphonesimulator/KimiProbe.build/Objects-normal/arm64/KimiProbe.SwiftFileList --metadata-file-list /Users/runner/work/orbit/orbit/.kimi-probe/.dd-ios/Build/Intermediates.noindex/KimiProbe.build/Debug-iphonesimulator/KimiProbe.build/KimiProbe.DependencyMetadataFileList --static-metadata-file-list /Users/runner/work/orbit/orbit/.kimi-probe/.dd-ios/Build/Intermediates.noindex/KimiProbe.build/Debug-iphonesimulator/KimiProbe.build/KimiProbe.DependencyStaticMetadataFileList --swift-const-vals-list /Users/runner/work/orbit/orbit/.kimi-probe/.dd-ios/Build/Intermediates.noindex/KimiProbe.build/Debug-iphonesimulator/KimiProbe.build/Objects-normal/arm64/KimiProbe.SwiftConstValuesFileList --compile-time-extraction --deployment-aware-processing --validate-assistant-intents --no-app-shortcuts-localization
2026-10-08 17:30:03.425 appintentsmetadataprocessor[16413:49438] Starting appintentsmetadataprocessor export
2026-10-08 17:30:03.435 appintentsmetadataprocessor[16413:49438] warning: Metadata extraction skipped. No AppIntents.framework dependency found.

AppIntentsSSUTraining (in target 'KimiProbe' from project 'KimiProbe')
    cd /Users/runner/work/orbit/orbit/.kimi-probe
    /Applications/Xcode_26.6.app/Contents/Developer/Toolchains/XcodeDefault.xctoolchain/usr/bin/appintentsnltrainingprocessor --infoplist-path /Users/runner/work/orbit/orbit/.kimi-probe/.dd-ios/Build/Products/Debug-iphonesimulator/KimiProbe.app/Info.plist --temp-dir-path /Users/runner/work/orbit/orbit/.kimi-probe/.dd-ios/Build/Intermediates.noindex/KimiProbe.build/Debug-iphonesimulator/KimiProbe.build/ssu --bundle-id io.orbitd.kimiprobe --product-path /Users/runner/work/orbit/orbit/.kimi-probe/.dd-ios/Build/Products/Debug-iphonesimulator/KimiProbe.app --extracted-metadata-path /Users/runner/work/orbit/orbit/.kimi-probe/.dd-ios/Build/Products/Debug-iphonesimulator/KimiProbe.app/Metadata.appintents --metadata-file-list /Users/runner/work/orbit/orbit/.kimi-probe/.dd-ios/Build/Intermediates.noindex/KimiProbe.build/Debug-iphonesimulator/KimiProbe.build/KimiProbe.DependencyMetadataFileList --source-file /Users/runner/work/orbit/orbit/.kimi-probe/.dd-ios/Build/Products/Debug-iphonesimulator/KimiProbe.app/Info.plist --archive-ssu-assets
2026-10-08 17:30:03.525 appintentsnltrainingprocessor[16417:49451] Parsing options for appintentsnltrainingprocessor
2026-10-08 17:30:03.526 appintentsnltrainingprocessor[16417:49451] Starting AppIntents SSU YAML Generation
2026-10-08 17:30:03.530 appintentsnltrainingprocessor[16417:49451] No AppShortcuts found - Skipping.

CodeSign /Users/runner/work/orbit/orbit/.kimi-probe/.dd-ios/Build/Products/Debug-iphonesimulator/KimiProbe.app/KimiProbe.debug.dylib (in target 'KimiProbe' from project 'KimiProbe')
    cd /Users/runner/work/orbit/orbit/.kimi-probe
    
    Signing Identity:     "Sign to Run Locally"
    
    /usr/bin/codesign --force --sign - --timestamp\=none --generate-entitlement-der /Users/runner/work/orbit/orbit/.kimi-probe/.dd-ios/Build/Products/Debug-iphonesimulator/KimiProbe.app/KimiProbe.debug.dylib

CodeSign /Users/runner/work/orbit/orbit/.kimi-probe/.dd-ios/Build/Products/Debug-iphonesimulator/KimiProbe.app/__preview.dylib (in target 'KimiProbe' from project 'KimiProbe')
    cd /Users/runner/work/orbit/orbit/.kimi-probe
    
    Signing Identity:     "Sign to Run Locally"
    
    /usr/bin/codesign --force --sign - --timestamp\=none --generate-entitlement-der /Users/runner/work/orbit/orbit/.kimi-probe/.dd-ios/Build/Products/Debug-iphonesimulator/KimiProbe.app/__preview.dylib

CodeSign /Users/runner/work/orbit/orbit/.kimi-probe/.dd-ios/Build/Products/Debug-iphonesimulator/KimiProbe.app (in target 'KimiProbe' from project 'KimiProbe')
    cd /Users/runner/work/orbit/orbit/.kimi-probe
    
    Signing Identity:     "Sign to Run Locally"
    
    /usr/bin/codesign --force --sign - --timestamp\=none --generate-entitlement-der /Users/runner/work/orbit/orbit/.kimi-probe/.dd-ios/Build/Products/Debug-iphonesimulator/KimiProbe.app

RegisterExecutionPolicyException /Users/runner/work/orbit/orbit/.kimi-probe/.dd-ios/Build/Products/Debug-iphonesimulator/KimiProbe.app (in target 'KimiProbe' from project 'KimiProbe')
    cd /Users/runner/work/orbit/orbit/.kimi-probe
    builtin-RegisterExecutionPolicyException /Users/runner/work/orbit/orbit/.kimi-probe/.dd-ios/Build/Products/Debug-iphonesimulator/KimiProbe.app

Validate /Users/runner/work/orbit/orbit/.kimi-probe/.dd-ios/Build/Products/Debug-iphonesimulator/KimiProbe.app (in target 'KimiProbe' from project 'KimiProbe')
    cd /Users/runner/work/orbit/orbit/.kimi-probe
    builtin-validationUtility /Users/runner/work/orbit/orbit/.kimi-probe/.dd-ios/Build/Products/Debug-iphonesimulator/KimiProbe.app -shallow-bundle -infoplist-subpath Info.plist

Touch /Users/runner/work/orbit/orbit/.kimi-probe/.dd-ios/Build/Products/Debug-iphonesimulator/KimiProbe.app (in target 'KimiProbe' from project 'KimiProbe')
    cd /Users/runner/work/orbit/orbit/.kimi-probe
    /usr/bin/touch -c /Users/runner/work/orbit/orbit/.kimi-probe/.dd-ios/Build/Products/Debug-iphonesimulator/KimiProbe.app

ProcessInfoPlistFile /Users/runner/work/orbit/orbit/.kimi-probe/.dd-ios/Build/Products/Debug-iphonesimulator/KimiProbeUITests-Runner.app/PlugIns/KimiProbeUITests.xctest/Info.plist /Users/runner/work/orbit/orbit/.kimi-probe/.dd-ios/Build/Intermediates.noindex/KimiProbe.build/Debug-iphonesimulator/KimiProbeUITests.build/empty-KimiProbeUITests.plist (in target 'KimiProbeUITests' from project 'KimiProbe')
    cd /Users/runner/work/orbit/orbit/.kimi-probe
    builtin-infoPlistUtility /Users/runner/work/orbit/orbit/.kimi-probe/.dd-ios/Build/Intermediates.noindex/KimiProbe.build/Debug-iphonesimulator/KimiProbeUITests.build/empty-KimiProbeUITests.plist -producttype com.apple.product-type.bundle.ui-testing -expandbuildsettings -format binary -platform iphonesimulator -additionalcontentfile /Users/runner/work/orbit/orbit/.kimi-probe/.dd-ios/Build/Intermediates.noindex/KimiProbe.build/Debug-iphonesimulator/KimiProbeUITests.build/ProductTypeInfoPlistAdditions.plist -o /Users/runner/work/orbit/orbit/.kimi-probe/.dd-ios/Build/Products/Debug-iphonesimulator/KimiProbeUITests-Runner.app/PlugIns/KimiProbeUITests.xctest/Info.plist

Ld /Users/runner/work/orbit/orbit/.kimi-probe/.dd-ios/Build/Products/Debug-iphonesimulator/KimiProbeUITests-Runner.app/PlugIns/KimiProbeUITests.xctest/KimiProbeUITests normal (in target 'KimiProbeUITests' from project 'KimiProbe')
    cd /Users/runner/work/orbit/orbit/.kimi-probe
    /Applications/Xcode_26.6.app/Contents/Developer/Toolchains/XcodeDefault.xctoolchain/usr/bin/clang -Xlinker -reproducible -target arm64-apple-ios17.0-simulator -bundle -isysroot /Applications/Xcode_26.6.app/Contents/Developer/Platforms/iPhoneSimulator.platform/Developer/SDKs/iPhoneSimulator26.5.sdk -O0 -L/Users/runner/work/orbit/orbit/.kimi-probe/.dd-ios/Build/Intermediates.noindex/EagerLinkingTBDs/Debug-iphonesimulator -L/Users/runner/work/orbit/orbit/.kimi-probe/.dd-ios/Build/Products/Debug-iphonesimulator -L/Applications/Xcode_26.6.app/Contents/Developer/Platforms/iPhoneSimulator.platform/Developer/usr/lib -F/Users/runner/work/orbit/orbit/.kimi-probe/.dd-ios/Build/Intermediates.noindex/EagerLinkingTBDs/Debug-iphonesimulator -F/Users/runner/work/orbit/orbit/.kimi-probe/.dd-ios/Build/Products/Debug-iphonesimulator -iframework /Applications/Xcode_26.6.app/Contents/Developer/Platforms/iPhoneSimulator.platform/Developer/Library/Frameworks -iframework /Applications/Xcode_26.6.app/Contents/Developer/Platforms/iPhoneSimulator.platform/Developer/SDKs/iPhoneSimulator26.5.sdk/Developer/Library/Frameworks -filelist /Users/runner/work/orbit/orbit/.kimi-probe/.dd-ios/Build/Intermediates.noindex/KimiProbe.build/Debug-iphonesimulator/KimiProbeUITests.build/Objects-normal/arm64/KimiProbeUITests.LinkFileList -Xlinker -rpath -Xlinker /usr/lib/swift -Xlinker -rpath -Xlinker @loader_path/Frameworks -Xlinker -rpath -Xlinker @executable_path/Frameworks -Xlinker -dead_strip -Xlinker -object_path_lto -Xlinker /Users/runner/work/orbit/orbit/.kimi-probe/.dd-ios/Build/Intermediates.noindex/KimiProbe.build/Debug-iphonesimulator/KimiProbeUITests.build/Objects-normal/arm64/KimiProbeUITests_lto.o -rdynamic -Xlinker -no_deduplicate -Xlinker -objc_abi_version -Xlinker 2 -Xlinker -dependency_info -Xlinker /Users/runner/work/orbit/orbit/.kimi-probe/.dd-ios/Build/Intermediates.noindex/KimiProbe.build/Debug-iphonesimulator/KimiProbeUITests.build/Objects-normal/arm64/KimiProbeUITests_dependency_info.dat -fobjc-link-runtime -L/Applications/Xcode_26.6.app/Contents/Developer/Toolchains/XcodeDefault.xctoolchain/usr/lib/swift/iphonesimulator -L/usr/lib/swift -Xlinker -add_ast_path -Xlinker /Users/runner/work/orbit/orbit/.kimi-probe/.dd-ios/Build/Intermediates.noindex/KimiProbe.build/Debug-iphonesimulator/KimiProbeUITests.build/Objects-normal/arm64/KimiProbeUITests.swiftmodule @/Users/runner/work/orbit/orbit/.kimi-probe/.dd-ios/Build/Intermediates.noindex/KimiProbe.build/Debug-iphonesimulator/KimiProbeUITests.build/Objects-normal/arm64/KimiProbeUITests-linker-args.resp -Xlinker -needed_framework -Xlinker XCTest -framework XCTest -Xlinker -needed-lXCTestSwiftSupport -lXCTestSwiftSupport -Xlinker -sectcreate -Xlinker __TEXT -Xlinker __entitlements -Xlinker /Users/runner/work/orbit/orbit/.kimi-probe/.dd-ios/Build/Intermediates.noindex/KimiProbe.build/Debug-iphonesimulator/KimiProbeUITests.build/KimiProbeUITests.xctest-Simulated.xcent -Xlinker -sectcreate -Xlinker __TEXT -Xlinker __ents_der -Xlinker /Users/runner/work/orbit/orbit/.kimi-probe/.dd-ios/Build/Intermediates.noindex/KimiProbe.build/Debug-iphonesimulator/KimiProbeUITests.build/KimiProbeUITests.xctest-Simulated.xcent.der -Xlinker -no_adhoc_codesign -o /Users/runner/work/orbit/orbit/.kimi-probe/.dd-ios/Build/Products/Debug-iphonesimulator/KimiProbeUITests-Runner.app/PlugIns/KimiProbeUITests.xctest/KimiProbeUITests

CopySwiftLibs /Users/runner/work/orbit/orbit/.kimi-probe/.dd-ios/Build/Products/Debug-iphonesimulator/KimiProbeUITests-Runner.app/PlugIns/KimiProbeUITests.xctest (in target 'KimiProbeUITests' from project 'KimiProbe')
    cd /Users/runner/work/orbit/orbit/.kimi-probe
    builtin-swiftStdLibTool --copy --verbose --sign - --scan-executable /Users/runner/work/orbit/orbit/.kimi-probe/.dd-ios/Build/Products/Debug-iphonesimulator/KimiProbeUITests-Runner.app/PlugIns/KimiProbeUITests.xctest/KimiProbeUITests --scan-folder /Users/runner/work/orbit/orbit/.kimi-probe/.dd-ios/Build/Products/Debug-iphonesimulator/KimiProbeUITests-Runner.app/PlugIns/KimiProbeUITests.xctest/Frameworks --scan-folder /Users/runner/work/orbit/orbit/.kimi-probe/.dd-ios/Build/Products/Debug-iphonesimulator/KimiProbeUITests-Runner.app/PlugIns/KimiProbeUITests.xctest/PlugIns --scan-folder /Users/runner/work/orbit/orbit/.kimi-probe/.dd-ios/Build/Products/Debug-iphonesimulator/KimiProbeUITests-Runner.app/PlugIns/KimiProbeUITests.xctest/SystemExtensions --scan-folder /Users/runner/work/orbit/orbit/.kimi-probe/.dd-ios/Build/Products/Debug-iphonesimulator/KimiProbeUITests-Runner.app/PlugIns/KimiProbeUITests.xctest/Extensions --platform iphonesimulator --toolchain /var/run/com.apple.security.cryptexd/mnt/com.apple.MobileAsset.MetalToolchain-v17.6.109.0.wDopiA/Metal.xctoolchain --toolchain /Applications/Xcode_26.6.app/Contents/Developer/Toolchains/XcodeDefault.xctoolchain --destination /Users/runner/work/orbit/orbit/.kimi-probe/.dd-ios/Build/Products/Debug-iphonesimulator/KimiProbeUITests-Runner.app/PlugIns/KimiProbeUITests.xctest/Frameworks --strip-bitcode --scan-executable /Applications/Xcode_26.6.app/Contents/Developer/Platforms/iPhoneSimulator.platform/Developer/usr/lib/libXCTestSwiftSupport.dylib --strip-bitcode-tool /Applications/Xcode_26.6.app/Contents/Developer/Toolchains/XcodeDefault.xctoolchain/usr/bin/bitcode_strip --emit-dependency-info /Users/runner/work/orbit/orbit/.kimi-probe/.dd-ios/Build/Intermediates.noindex/KimiProbe.build/Debug-iphonesimulator/KimiProbeUITests.build/SwiftStdLibToolInputDependencies.dep --filter-for-swift-os

ExtractAppIntentsMetadata (in target 'KimiProbeUITests' from project 'KimiProbe')
    cd /Users/runner/work/orbit/orbit/.kimi-probe
    /Applications/Xcode_26.6.app/Contents/Developer/Toolchains/XcodeDefault.xctoolchain/usr/bin/appintentsmetadataprocessor --toolchain-dir /var/run/com.apple.security.cryptexd/mnt/com.apple.MobileAsset.MetalToolchain-v17.6.109.0.wDopiA/Metal.xctoolchain --module-name KimiProbeUITests --sdk-root /Applications/Xcode_26.6.app/Contents/Developer/Platforms/iPhoneSimulator.platform/Developer/SDKs/iPhoneSimulator26.5.sdk --xcode-version 17F113 --platform-family iOS --deployment-target 17.0 --bundle-identifier io.orbitd.kimiprobe.uitests --output /Users/runner/work/orbit/orbit/.kimi-probe/.dd-ios/Build/Products/Debug-iphonesimulator/KimiProbeUITests-Runner.app/PlugIns/KimiProbeUITests.xctest --target-triple arm64-apple-ios17.0-simulator --binary-file /Users/runner/work/orbit/orbit/.kimi-probe/.dd-ios/Build/Products/Debug-iphonesimulator/KimiProbeUITests-Runner.app/PlugIns/KimiProbeUITests.xctest/KimiProbeUITests --dependency-file /Users/runner/work/orbit/orbit/.kimi-probe/.dd-ios/Build/Intermediates.noindex/KimiProbe.build/Debug-iphonesimulator/KimiProbeUITests.build/Objects-normal/arm64/KimiProbeUITests_dependency_info.dat --stringsdata-file /Users/runner/work/orbit/orbit/.kimi-probe/.dd-ios/Build/Intermediates.noindex/KimiProbe.build/Debug-iphonesimulator/KimiProbeUITests.build/Objects-normal/arm64/ExtractedAppShortcutsMetadata.stringsdata --source-file-list /Users/runner/work/orbit/orbit/.kimi-probe/.dd-ios/Build/Intermediates.noindex/KimiProbe.build/Debug-iphonesimulator/KimiProbeUITests.build/Objects-normal/arm64/KimiProbeUITests.SwiftFileList --metadata-file-list /Users/runner/work/orbit/orbit/.kimi-probe/.dd-ios/Build/Intermediates.noindex/KimiProbe.build/Debug-iphonesimulator/KimiProbeUITests.build/KimiProbeUITests.DependencyMetadataFileList --static-metadata-file-list /Users/runner/work/orbit/orbit/.kimi-probe/.dd-ios/Build/Intermediates.noindex/KimiProbe.build/Debug-iphonesimulator/KimiProbeUITests.build/KimiProbeUITests.DependencyStaticMetadataFileList --swift-const-vals-list /Users/runner/work/orbit/orbit/.kimi-probe/.dd-ios/Build/Intermediates.noindex/KimiProbe.build/Debug-iphonesimulator/KimiProbeUITests.build/Objects-normal/arm64/KimiProbeUITests.SwiftConstValuesFileList --compile-time-extraction --deployment-aware-processing --validate-assistant-intents --no-app-shortcuts-localization
2026-10-08 17:30:04.277 appintentsmetadataprocessor[16426:49500] Starting appintentsmetadataprocessor export
2026-10-08 17:30:04.279 appintentsmetadataprocessor[16426:49500] warning: Metadata extraction skipped. No AppIntents.framework dependency found.

AppIntentsSSUTraining (in target 'KimiProbeUITests' from project 'KimiProbe')
    cd /Users/runner/work/orbit/orbit/.kimi-probe
    /Applications/Xcode_26.6.app/Contents/Developer/Toolchains/XcodeDefault.xctoolchain/usr/bin/appintentsnltrainingprocessor --infoplist-path /Users/runner/work/orbit/orbit/.kimi-probe/.dd-ios/Build/Products/Debug-iphonesimulator/KimiProbeUITests-Runner.app/PlugIns/KimiProbeUITests.xctest/Info.plist --temp-dir-path /Users/runner/work/orbit/orbit/.kimi-probe/.dd-ios/Build/Intermediates.noindex/KimiProbe.build/Debug-iphonesimulator/KimiProbeUITests.build/ssu --bundle-id io.orbitd.kimiprobe.uitests --product-path /Users/runner/work/orbit/orbit/.kimi-probe/.dd-ios/Build/Products/Debug-iphonesimulator/KimiProbeUITests-Runner.app/PlugIns/KimiProbeUITests.xctest --extracted-metadata-path /Users/runner/work/orbit/orbit/.kimi-probe/.dd-ios/Build/Products/Debug-iphonesimulator/KimiProbeUITests-Runner.app/PlugIns/KimiProbeUITests.xctest/Metadata.appintents --metadata-file-list /Users/runner/work/orbit/orbit/.kimi-probe/.dd-ios/Build/Intermediates.noindex/KimiProbe.build/Debug-iphonesimulator/KimiProbeUITests.build/KimiProbeUITests.DependencyMetadataFileList --source-file /Users/runner/work/orbit/orbit/.kimi-probe/.dd-ios/Build/Products/Debug-iphonesimulator/KimiProbeUITests-Runner.app/PlugIns/KimiProbeUITests.xctest/Info.plist --archive-ssu-assets
2026-10-08 17:30:04.298 appintentsnltrainingprocessor[16427:49503] Parsing options for appintentsnltrainingprocessor
2026-10-08 17:30:04.299 appintentsnltrainingprocessor[16427:49503] Starting AppIntents SSU YAML Generation
2026-10-08 17:30:04.299 appintentsnltrainingprocessor[16427:49503] No AppShortcuts found - Skipping.

MkDir /Users/runner/work/orbit/orbit/.kimi-probe/.dd-ios/Build/Products/Debug-iphonesimulator/KimiProbeUITests-Runner.app (in target 'KimiProbeUITests' from project 'KimiProbe')
    cd /Users/runner/work/orbit/orbit/.kimi-probe
    /bin/mkdir -p /Users/runner/work/orbit/orbit/.kimi-probe/.dd-ios/Build/Products/Debug-iphonesimulator/KimiProbeUITests-Runner.app

CopyAndPreserveArchs /Users/runner/work/orbit/orbit/.kimi-probe/.dd-ios/Build/Products/Debug-iphonesimulator/KimiProbeUITests-Runner.app/KimiProbeUITests-Runner (in target 'KimiProbeUITests' from project 'KimiProbe')
    cd /Users/runner/work/orbit/orbit/.kimi-probe
    /Applications/Xcode_26.6.app/Contents/Developer/Toolchains/XcodeDefault.xctoolchain/usr/bin/lipo /Applications/Xcode_26.6.app/Contents/Developer/Platforms/iPhoneSimulator.platform/Developer/Library/Xcode/Agents/XCTRunner.app/XCTRunner -output /Users/runner/work/orbit/orbit/.kimi-probe/.dd-ios/Build/Products/Debug-iphonesimulator/KimiProbeUITests-Runner.app/KimiProbeUITests-Runner -extract arm64

CopyPlistFile /Users/runner/work/orbit/orbit/.kimi-probe/.dd-ios/Build/Products/Debug-iphonesimulator/KimiProbeUITests-Runner.app/Info.plist /Applications/Xcode_26.6.app/Contents/Developer/Platforms/iPhoneSimulator.platform/Developer/Library/Xcode/Agents/XCTRunner.app/Info.plist (in target 'KimiProbeUITests' from project 'KimiProbe')
    cd /Users/runner/work/orbit/orbit/.kimi-probe
    builtin-copyPlist --validate --convert xml1 --macro-expansion WRAPPEDPRODUCTNAME KimiProbeUITests-Runner --macro-expansion WRAPPEDPRODUCTBUNDLEIDENTIFIER io.orbitd.kimiprobe.uitests.xctrunner --macro-expansion TESTPRODUCTNAME KimiProbeUITests --macro-expansion TESTPRODUCTBUNDLEIDENTIFIER io.orbitd.kimiprobe.uitests --copy-value UIDeviceFamily /Users/runner/work/orbit/orbit/.kimi-probe/.dd-ios/Build/Products/Debug-iphonesimulator/KimiProbeUITests-Runner.app/PlugIns/KimiProbeUITests.xctest/Info.plist --outdir /Users/runner/work/orbit/orbit/.kimi-probe/.dd-ios/Build/Products/Debug-iphonesimulator/KimiProbeUITests-Runner.app -- /Applications/Xcode_26.6.app/Contents/Developer/Platforms/iPhoneSimulator.platform/Developer/Library/Xcode/Agents/XCTRunner.app/Info.plist

Copy /Users/runner/work/orbit/orbit/.kimi-probe/.dd-ios/Build/Products/Debug-iphonesimulator/KimiProbeUITests-Runner.app/PkgInfo /Applications/Xcode_26.6.app/Contents/Developer/Platforms/iPhoneSimulator.platform/Developer/Library/Xcode/Agents/XCTRunner.app/PkgInfo (in target 'KimiProbeUITests' from project 'KimiProbe')
    cd /Users/runner/work/orbit/orbit/.kimi-probe
    builtin-copy -exclude .DS_Store -exclude CVS -exclude .svn -exclude .git -exclude .hg -resolve-src-symlinks /Applications/Xcode_26.6.app/Contents/Developer/Platforms/iPhoneSimulator.platform/Developer/Library/Xcode/Agents/XCTRunner.app/PkgInfo /Users/runner/work/orbit/orbit/.kimi-probe/.dd-ios/Build/Products/Debug-iphonesimulator/KimiProbeUITests-Runner.app

Copy /Users/runner/work/orbit/orbit/.kimi-probe/.dd-ios/Build/Products/Debug-iphonesimulator/KimiProbeUITests-Runner.app/Frameworks/libXCTestSwiftSupport.dylib /Applications/Xcode_26.6.app/Contents/Developer/Platforms/iPhoneSimulator.platform/Developer/usr/lib/libXCTestSwiftSupport.dylib (in target 'KimiProbeUITests' from project 'KimiProbe')
    cd /Users/runner/work/orbit/orbit/.kimi-probe
    builtin-copy -exclude .DS_Store -exclude CVS -exclude .svn -exclude .git -exclude .hg -exclude Headers -exclude PrivateHeaders -exclude Modules -exclude \*.tbd -resolve-src-symlinks /Applications/Xcode_26.6.app/Contents/Developer/Platforms/iPhoneSimulator.platform/Developer/usr/lib/libXCTestSwiftSupport.dylib /Users/runner/work/orbit/orbit/.kimi-probe/.dd-ios/Build/Products/Debug-iphonesimulator/KimiProbeUITests-Runner.app/Frameworks

Copy /Users/runner/work/orbit/orbit/.kimi-probe/.dd-ios/Build/Products/Debug-iphonesimulator/KimiProbeUITests-Runner.app/Frameworks/XCUnit.framework /Applications/Xcode_26.6.app/Contents/Developer/Platforms/iPhoneSimulator.platform/Developer/Library/PrivateFrameworks/XCUnit.framework (in target 'KimiProbeUITests' from project 'KimiProbe')
    cd /Users/runner/work/orbit/orbit/.kimi-probe
    builtin-copy -exclude .DS_Store -exclude CVS -exclude .svn -exclude .git -exclude .hg -exclude Headers -exclude PrivateHeaders -exclude Modules -exclude \*.tbd -resolve-src-symlinks /Applications/Xcode_26.6.app/Contents/Developer/Platforms/iPhoneSimulator.platform/Developer/Library/PrivateFrameworks/XCUnit.framework /Users/runner/work/orbit/orbit/.kimi-probe/.dd-ios/Build/Products/Debug-iphonesimulator/KimiProbeUITests-Runner.app/Frameworks

Copy /Users/runner/work/orbit/orbit/.kimi-probe/.dd-ios/Build/Products/Debug-iphonesimulator/KimiProbeUITests-Runner.app/Frameworks/XCUIAutomation.framework /Applications/Xcode_26.6.app/Contents/Developer/Platforms/iPhoneSimulator.platform/Developer/Library/Frameworks/XCUIAutomation.framework (in target 'KimiProbeUITests' from project 'KimiProbe')
    cd /Users/runner/work/orbit/orbit/.kimi-probe
    builtin-copy -exclude .DS_Store -exclude CVS -exclude .svn -exclude .git -exclude .hg -exclude Headers -exclude PrivateHeaders -exclude Modules -exclude \*.tbd -resolve-src-symlinks /Applications/Xcode_26.6.app/Contents/Developer/Platforms/iPhoneSimulator.platform/Developer/Library/Frameworks/XCUIAutomation.framework /Users/runner/work/orbit/orbit/.kimi-probe/.dd-ios/Build/Products/Debug-iphonesimulator/KimiProbeUITests-Runner.app/Frameworks

Copy /Users/runner/work/orbit/orbit/.kimi-probe/.dd-ios/Build/Products/Debug-iphonesimulator/KimiProbeUITests-Runner.app/Frameworks/XCTestSupport.framework /Applications/Xcode_26.6.app/Contents/Developer/Platforms/iPhoneSimulator.platform/Developer/Library/PrivateFrameworks/XCTestSupport.framework (in target 'KimiProbeUITests' from project 'KimiProbe')
    cd /Users/runner/work/orbit/orbit/.kimi-probe
    builtin-copy -exclude .DS_Store -exclude CVS -exclude .svn -exclude .git -exclude .hg -exclude Headers -exclude PrivateHeaders -exclude Modules -exclude \*.tbd -resolve-src-symlinks /Applications/Xcode_26.6.app/Contents/Developer/Platforms/iPhoneSimulator.platform/Developer/Library/PrivateFrameworks/XCTestSupport.framework /Users/runner/work/orbit/orbit/.kimi-probe/.dd-ios/Build/Products/Debug-iphonesimulator/KimiProbeUITests-Runner.app/Frameworks

Copy /Users/runner/work/orbit/orbit/.kimi-probe/.dd-ios/Build/Products/Debug-iphonesimulator/KimiProbeUITests-Runner.app/Frameworks/XCTestCore.framework /Applications/Xcode_26.6.app/Contents/Developer/Platforms/iPhoneSimulator.platform/Developer/Library/PrivateFrameworks/XCTestCore.framework (in target 'KimiProbeUITests' from project 'KimiProbe')
    cd /Users/runner/work/orbit/orbit/.kimi-probe
    builtin-copy -exclude .DS_Store -exclude CVS -exclude .svn -exclude .git -exclude .hg -exclude Headers -exclude PrivateHeaders -exclude Modules -exclude \*.tbd -resolve-src-symlinks /Applications/Xcode_26.6.app/Contents/Developer/Platforms/iPhoneSimulator.platform/Developer/Library/PrivateFrameworks/XCTestCore.framework /Users/runner/work/orbit/orbit/.kimi-probe/.dd-ios/Build/Products/Debug-iphonesimulator/KimiProbeUITests-Runner.app/Frameworks

Copy /Users/runner/work/orbit/orbit/.kimi-probe/.dd-ios/Build/Products/Debug-iphonesimulator/KimiProbeUITests-Runner.app/Frameworks/XCTest.framework /Applications/Xcode_26.6.app/Contents/Developer/Platforms/iPhoneSimulator.platform/Developer/Library/Frameworks/XCTest.framework (in target 'KimiProbeUITests' from project 'KimiProbe')
    cd /Users/runner/work/orbit/orbit/.kimi-probe
    builtin-copy -exclude .DS_Store -exclude CVS -exclude .svn -exclude .git -exclude .hg -exclude Headers -exclude PrivateHeaders -exclude Modules -exclude \*.tbd -resolve-src-symlinks /Applications/Xcode_26.6.app/Contents/Developer/Platforms/iPhoneSimulator.platform/Developer/Library/Frameworks/XCTest.framework /Users/runner/work/orbit/orbit/.kimi-probe/.dd-ios/Build/Products/Debug-iphonesimulator/KimiProbeUITests-Runner.app/Frameworks

Copy /Users/runner/work/orbit/orbit/.kimi-probe/.dd-ios/Build/Products/Debug-iphonesimulator/KimiProbeUITests-Runner.app/Frameworks/XCTAutomationSupport.framework /Applications/Xcode_26.6.app/Contents/Developer/Platforms/iPhoneSimulator.platform/Developer/Library/PrivateFrameworks/XCTAutomationSupport.framework (in target 'KimiProbeUITests' from project 'KimiProbe')
    cd /Users/runner/work/orbit/orbit/.kimi-probe
    builtin-copy -exclude .DS_Store -exclude CVS -exclude .svn -exclude .git -exclude .hg -exclude Headers -exclude PrivateHeaders -exclude Modules -exclude \*.tbd -resolve-src-symlinks /Applications/Xcode_26.6.app/Contents/Developer/Platforms/iPhoneSimulator.platform/Developer/Library/PrivateFrameworks/XCTAutomationSupport.framework /Users/runner/work/orbit/orbit/.kimi-probe/.dd-ios/Build/Products/Debug-iphonesimulator/KimiProbeUITests-Runner.app/Frameworks

Copy /Users/runner/work/orbit/orbit/.kimi-probe/.dd-ios/Build/Products/Debug-iphonesimulator/KimiProbeUITests-Runner.app/Frameworks/Testing.framework /Applications/Xcode_26.6.app/Contents/Developer/Platforms/iPhoneSimulator.platform/Developer/Library/Frameworks/Testing.framework (in target 'KimiProbeUITests' from project 'KimiProbe')
    cd /Users/runner/work/orbit/orbit/.kimi-probe
    builtin-copy -exclude .DS_Store -exclude CVS -exclude .svn -exclude .git -exclude .hg -exclude Headers -exclude PrivateHeaders -exclude Modules -exclude \*.tbd -resolve-src-symlinks /Applications/Xcode_26.6.app/Contents/Developer/Platforms/iPhoneSimulator.platform/Developer/Library/Frameworks/Testing.framework /Users/runner/work/orbit/orbit/.kimi-probe/.dd-ios/Build/Products/Debug-iphonesimulator/KimiProbeUITests-Runner.app/Frameworks

CodeSign /Users/runner/work/orbit/orbit/.kimi-probe/.dd-ios/Build/Products/Debug-iphonesimulator/KimiProbeUITests-Runner.app/PlugIns/KimiProbeUITests.xctest (in target 'KimiProbeUITests' from project 'KimiProbe')
    cd /Users/runner/work/orbit/orbit/.kimi-probe
    
    Signing Identity:     "Sign to Run Locally"
    
    /usr/bin/codesign --force --sign - --timestamp\=none --generate-entitlement-der /Users/runner/work/orbit/orbit/.kimi-probe/.dd-ios/Build/Products/Debug-iphonesimulator/KimiProbeUITests-Runner.app/PlugIns/KimiProbeUITests.xctest

CodeSign /Users/runner/work/orbit/orbit/.kimi-probe/.dd-ios/Build/Products/Debug-iphonesimulator/KimiProbeUITests-Runner.app (in target 'KimiProbeUITests' from project 'KimiProbe')
    cd /Users/runner/work/orbit/orbit/.kimi-probe
    
    Signing Identity:     "Sign to Run Locally"
    
    /usr/bin/codesign --force --sign - --timestamp\=none --generate-entitlement-der /Users/runner/work/orbit/orbit/.kimi-probe/.dd-ios/Build/Products/Debug-iphonesimulator/KimiProbeUITests-Runner.app
/Users/runner/work/orbit/orbit/.kimi-probe/.dd-ios/Build/Products/Debug-iphonesimulator/KimiProbeUITests-Runner.app: replacing existing signature

RegisterExecutionPolicyException /Users/runner/work/orbit/orbit/.kimi-probe/.dd-ios/Build/Products/Debug-iphonesimulator/KimiProbeUITests-Runner.app/PlugIns/KimiProbeUITests.xctest (in target 'KimiProbeUITests' from project 'KimiProbe')
    cd /Users/runner/work/orbit/orbit/.kimi-probe
    builtin-RegisterExecutionPolicyException /Users/runner/work/orbit/orbit/.kimi-probe/.dd-ios/Build/Products/Debug-iphonesimulator/KimiProbeUITests-Runner.app/PlugIns/KimiProbeUITests.xctest

Touch /Users/runner/work/orbit/orbit/.kimi-probe/.dd-ios/Build/Products/Debug-iphonesimulator/KimiProbeUITests-Runner.app/PlugIns/KimiProbeUITests.xctest (in target 'KimiProbeUITests' from project 'KimiProbe')
    cd /Users/runner/work/orbit/orbit/.kimi-probe
    /usr/bin/touch -c /Users/runner/work/orbit/orbit/.kimi-probe/.dd-ios/Build/Products/Debug-iphonesimulator/KimiProbeUITests-Runner.app/PlugIns/KimiProbeUITests.xctest

2026-10-08 17:30:38.496040+0000 KimiProbeUITests-Runner[17047:51196] [Default] Running tests...
objc[17047]: Class UIAccessibilityLoaderWebShared is implemented in both /Library/Developer/CoreSimulator/Volumes/iOS_23F77/Library/Developer/CoreSimulator/Profiles/Runtimes/iOS 26.5.simruntime/Contents/Resources/RuntimeRoot/System/Library/AccessibilityBundles/WebCore.axbundle/WebCore (0x107fb4310) and /Library/Developer/CoreSimulator/Volumes/iOS_23F77/Library/Developer/CoreSimulator/Profiles/Runtimes/iOS 26.5.simruntime/Contents/Resources/RuntimeRoot/System/Library/AccessibilityBundles/WebKit.axbundle/WebKit (0x10840c398). This may cause spurious casting failures and mysterious crashes. One of the duplicates must be removed or renamed.
    t =      nans Interface orientation changed to Portrait
Test Suite 'All tests' started at 2026-10-08 17:30:48.721.
Test Suite 'KimiProbeUITests.xctest' started at 2026-10-08 17:30:48.722.
Test Suite 'KimiShotTests' started at 2026-10-08 17:30:48.722.
Test Case '-[KimiProbeUITests.KimiShotTests test10TheRunnerRowWithOneAccountKeepsItsSite]' started.
    t =     0.00s Start Test at 2026-10-08 17:30:48.723
    t =     0.97s Set Up
    t =     2.08s Open io.orbitd.kimiprobe
    t =     2.08s     Launch io.orbitd.kimiprobe
2026-10-08 17:30:52.608 xcodebuild[3181:15002] [MT] IDELaunchParametersSnapshot: The operation couldn’t be completed. (DebuggerLLDB.DebuggerVersionStore.StoreError error 0.)
2026-10-08 17:30:52.609 xcodebuild[3181:15002] [MT] IDELaunchParametersSnapshot: no debugger version
    t =    21.81s         Setting up automation session
    t =    24.53s         Wait for io.orbitd.kimiprobe to idle
    t =    28.16s Checking existence of `Any (First Match)`
    t =    30.24s Checking existence of `Any (First Match)`
    t =    32.41s Checking existence of `Any (First Match)`
    t =    35.59s Checking existence of `Any (First Match)`
    t =    36.14s Find the Any (First Match)
    t =    36.56s Find the "Kimi Code, 2.1.1 · kimi.ai · Signed in, Weekly limit, 34%, Resets Tue, Oct 13 at 8:49 AM" Button
    t =    36.90s Checking existence of `"Kimi Code, 2.1.1 · kimi.ai · Signed in, Weekly limit, 34%, Resets Tue, Oct 13 at 8:49 AM" Button`
    t =    37.20s Find the "Kimi Code, 2.1.1 · kimi.ai · Signed in, Weekly limit, 34%, Resets Tue, Oct 13 at 8:49 AM" Button
    t =    37.47s Press Window (First Match)[0.03, 0.62] for 0.1 seconds, then drag to Window (First Match)[0.03, 0.62] -> (0.0, -140.0) with velocity of 250.00 pixels per second, and then hold for 0.6 seconds 
    t =    37.47s     Wait for io.orbitd.kimiprobe to idle
    t =    37.48s     Find the Window (First Match)
    t =    37.50s     Check for interrupting elements affecting Window
    t =    37.97s     Synthesize event
    t =    37.97s         Find the Window at {{0.0, 0.0}, {402.0, 874.0}}
    t =    38.02s         Find the Window at {{0.0, 0.0}, {402.0, 874.0}}
    t =    38.08s         Find the Window at {{0.0, 0.0}, {402.0, 874.0}}
    t =    38.10s         Find the Window at {{0.0, 0.0}, {402.0, 874.0}}
    t =    38.12s         Find the Window at {{0.0, 0.0}, {402.0, 874.0}}
    t =    39.72s     Wait for io.orbitd.kimiprobe to idle
    t =    40.75s Checking existence of `"Kimi Code, 2.1.1 · kimi.ai · Signed in, Weekly limit, 34%, Resets Tue, Oct 13 at 8:49 AM" Button`
    t =    41.07s Find the "Kimi Code, 2.1.1 · kimi.ai · Signed in, Weekly limit, 34%, Resets Tue, Oct 13 at 8:49 AM" Button
    t =    41.41s Find the "Kimi Code, 2.1.1 · kimi.ai · Signed in, Weekly limit, 34%, Resets Tue, Oct 13 at 8:49 AM" Button
    t =    41.74s Checking existence of `"Kimi Code, 2.1.1 · kimi.ai · Signed in, Weekly limit, 34%, Resets Tue, Oct 13 at 8:49 AM" Button`
    t =    42.09s Find the "Kimi Code, 2.1.1 · kimi.ai · Signed in, Weekly limit, 34%, Resets Tue, Oct 13 at 8:49 AM" Button
    t =    42.65s Press Window at {{0.0, 0.0}, {402.0, 874.0}}[0.03, 0.62] for 0.1 seconds, then drag to Window at {{0.0, 0.0}, {402.0, 874.0}}[0.03, 0.62] -> (0.0, -140.0) with velocity of 250.00 pixels per second, and then hold for 0.6 seconds 
    t =    42.65s     Wait for io.orbitd.kimiprobe to idle
    t =    42.66s     Find the Window at {{0.0, 0.0}, {402.0, 874.0}}
    t =    42.69s     Check for interrupting elements affecting Window
    t =    42.84s     Synthesize event
    t =    42.84s         Find the Window at {{0.0, 0.0}, {402.0, 874.0}}
    t =    42.85s         Find the Window at {{0.0, 0.0}, {402.0, 874.0}}
    t =    42.87s         Find the Window at {{0.0, 0.0}, {402.0, 874.0}}
    t =    42.89s         Find the Window at {{0.0, 0.0}, {402.0, 874.0}}
    t =    42.90s         Find the Window at {{0.0, 0.0}, {402.0, 874.0}}
    t =    44.37s     Wait for io.orbitd.kimiprobe to idle
    t =    45.40s Checking existence of `"Kimi Code, 2.1.1 · kimi.ai · Signed in, Weekly limit, 34%, Resets Tue, Oct 13 at 8:49 AM" Button`
    t =    46.17s Find the "Kimi Code, 2.1.1 · kimi.ai · Signed in, Weekly limit, 34%, Resets Tue, Oct 13 at 8:49 AM" Button
    t =    46.67s Find the "Kimi Code, 2.1.1 · kimi.ai · Signed in, Weekly limit, 34%, Resets Tue, Oct 13 at 8:49 AM" Button
    t =    47.94s Checking existence of `"Kimi Code, 2.1.1 · kimi.ai · Signed in, Weekly limit, 34%, Resets Tue, Oct 13 at 8:49 AM" Button`
    t =    48.65s Find the "Kimi Code, 2.1.1 · kimi.ai · Signed in, Weekly limit, 34%, Resets Tue, Oct 13 at 8:49 AM" Button
    t =    49.05s Press Window at {{0.0, 0.0}, {402.0, 874.0}}[0.03, 0.62] for 0.1 seconds, then drag to Window at {{0.0, 0.0}, {402.0, 874.0}}[0.03, 0.62] -> (0.0, -140.0) with velocity of 250.00 pixels per second, and then hold for 0.6 seconds 
    t =    49.05s     Wait for io.orbitd.kimiprobe to idle
    t =    49.05s     Find the Window at {{0.0, 0.0}, {402.0, 874.0}}
    t =    49.07s     Check for interrupting elements affecting Window
    t =    49.22s     Synthesize event
    t =    49.22s         Find the Window at {{0.0, 0.0}, {402.0, 874.0}}
    t =    49.25s         Find the Window at {{0.0, 0.0}, {402.0, 874.0}}
    t =    49.29s         Find the Window at {{0.0, 0.0}, {402.0, 874.0}}
    t =    49.31s         Find the Window at {{0.0, 0.0}, {402.0, 874.0}}
    t =    49.33s         Find the Window at {{0.0, 0.0}, {402.0, 874.0}}
    t =    50.80s     Wait for io.orbitd.kimiprobe to idle
    t =    51.82s Checking existence of `"Kimi Code, 2.1.1 · kimi.ai · Signed in, Weekly limit, 34%, Resets Tue, Oct 13 at 8:49 AM" Button`
    t =    52.26s Find the "Kimi Code, 2.1.1 · kimi.ai · Signed in, Weekly limit, 34%, Resets Tue, Oct 13 at 8:49 AM" Button
    t =    52.67s Find the "Kimi Code, 2.1.1 · kimi.ai · Signed in, Weekly limit, 34%, Resets Tue, Oct 13 at 8:49 AM" Button
    t =    53.03s Find the "Kimi Code, 2.1.1 · kimi.ai · Signed in, Weekly limit, 34%, Resets Tue, Oct 13 at 8:49 AM" Button
    t =    53.33s Checking existence of `Button (First Match)`
    t =    53.72s Find the Button (First Match)
    t =    54.05s Find the "Kimi Code, 2.1.1 · kimi.ai · Signed in, Weekly limit, 34%, Resets Tue, Oct 13 at 8:49 AM" Button
    t =    54.41s Find the "Kimi Code, 2.1.1 · kimi.ai · Signed in, Weekly limit, 34%, Resets Tue, Oct 13 at 8:49 AM" Button
    t =    54.79s Find the "Kimi Code, 2.1.1 · kimi.ai · Signed in, Weekly limit, 34%, Resets Tue, Oct 13 at 8:49 AM" Button
    t =    55.15s Find the "Kimi Code, 2.1.1 · kimi.ai · Signed in, Weekly limit, 34%, Resets Tue, Oct 13 at 8:49 AM" Button
    t =    55.53s Checking existence of `"Kimi Code, 2.1.1 · kimi.ai · Signed in, Weekly limit, 34%, Resets Tue, Oct 13 at 8:49 AM" Button`
    t =    55.88s Find the "Kimi Code, 2.1.1 · kimi.ai · Signed in, Weekly limit, 34%, Resets Tue, Oct 13 at 8:49 AM" Button
    t =    56.48s Find the "Kimi Code, 2.1.1 · kimi.ai · Signed in, Weekly limit, 34%, Resets Tue, Oct 13 at 8:49 AM" Button
    t =    56.83s Find the "Kimi Code, 2.1.1 · kimi.ai · Signed in, Weekly limit, 34%, Resets Tue, Oct 13 at 8:49 AM" Button
    t =    57.09s Find the "Kimi Code, 2.1.1 · kimi.ai · Signed in, Weekly limit, 34%, Resets Tue, Oct 13 at 8:49 AM" Button
    t =    57.55s Added attachment named 'ios-21-runner-row-one-account'
    t =    57.56s Tear Down
Test Case '-[KimiProbeUITests.KimiShotTests test10TheRunnerRowWithOneAccountKeepsItsSite]' passed (57.908 seconds).
Test Case '-[KimiProbeUITests.KimiShotTests test11WorkSignedOut]' started.
    t =     0.00s Start Test at 2026-10-08 17:31:46.632
    t =     0.04s Set Up
    t =     0.35s Open io.orbitd.kimiprobe
    t =     0.35s     Launch io.orbitd.kimiprobe
    t =     0.35s         Terminate io.orbitd.kimiprobe:18740
2026-10-08 17:31:47.989 xcodebuild[3181:15002] [MT] IDELaunchParametersSnapshot: The operation couldn’t be completed. (DebuggerLLDB.DebuggerVersionStore.StoreError error 0.)
2026-10-08 17:31:47.990 xcodebuild[3181:15002] [MT] IDELaunchParametersSnapshot: no debugger version
    t =     3.11s         Setting up automation session
    t =    10.49s         Wait for io.orbitd.kimiprobe to idle
    t =    12.88s Checking existence of `Any (First Match)`
    t =    15.65s Checking existence of `Any (First Match)`
    t =    19.40s Checking existence of `Any (First Match)`
    t =    19.97s Find the Any (First Match)
    t =    20.84s Find the "Kimi Code, 2.1.1 · Signed out, Sign In, Next: Default, Weekly limit, 34%, Resets Tue, Oct 13 at 8:49 AM" Button
    t =    21.43s Checking existence of `"Kimi Code, 2.1.1 · Signed out, Sign In, Next: Default, Weekly limit, 34%, Resets Tue, Oct 13 at 8:49 AM" Button`
    t =    22.00s Find the "Kimi Code, 2.1.1 · Signed out, Sign In, Next: Default, Weekly limit, 34%, Resets Tue, Oct 13 at 8:49 AM" Button
    t =    22.51s Press Window (First Match)[0.03, 0.62] for 0.1 seconds, then drag to Window (First Match)[0.03, 0.62] -> (0.0, -140.0) with velocity of 250.00 pixels per second, and then hold for 0.6 seconds 
    t =    22.51s     Wait for io.orbitd.kimiprobe to idle
    t =    22.52s     Find the Window (First Match)
    t =    22.56s     Check for interrupting elements affecting Window
    t =    22.73s     Synthesize event
    t =    22.73s         Find the Window at {{0.0, 0.0}, {402.0, 874.0}}
    t =    22.76s         Find the Window at {{0.0, 0.0}, {402.0, 874.0}}
    t =    22.79s         Find the Window at {{0.0, 0.0}, {402.0, 874.0}}
    t =    22.81s         Find the Window at {{0.0, 0.0}, {402.0, 874.0}}
    t =    22.84s         Find the Window at {{0.0, 0.0}, {402.0, 874.0}}
    t =    24.31s     Wait for io.orbitd.kimiprobe to idle
    t =    25.34s Checking existence of `"Kimi Code, 2.1.1 · Signed out, Sign In, Next: Default, Weekly limit, 34%, Resets Tue, Oct 13 at 8:49 AM" Button`
    t =    25.68s Find the "Kimi Code, 2.1.1 · Signed out, Sign In, Next: Default, Weekly limit, 34%, Resets Tue, Oct 13 at 8:49 AM" Button
    t =    26.10s Find the "Kimi Code, 2.1.1 · Signed out, Sign In, Next: Default, Weekly limit, 34%, Resets Tue, Oct 13 at 8:49 AM" Button
    t =    26.50s Checking existence of `"Kimi Code, 2.1.1 · Signed out, Sign In, Next: Default, Weekly limit, 34%, Resets Tue, Oct 13 at 8:49 AM" Button`
    t =    26.80s Find the "Kimi Code, 2.1.1 · Signed out, Sign In, Next: Default, Weekly limit, 34%, Resets Tue, Oct 13 at 8:49 AM" Button
    t =    27.27s Press Window at {{0.0, 0.0}, {402.0, 874.0}}[0.03, 0.62] for 0.1 seconds, then drag to Window at {{0.0, 0.0}, {402.0, 874.0}}[0.03, 0.62] -> (0.0, -140.0) with velocity of 250.00 pixels per second, and then hold for 0.6 seconds 
    t =    27.27s     Wait for io.orbitd.kimiprobe to idle
    t =    27.27s     Find the Window at {{0.0, 0.0}, {402.0, 874.0}}
    t =    27.29s     Check for interrupting elements affecting Window
    t =    27.44s     Synthesize event
    t =    27.44s         Find the Window at {{0.0, 0.0}, {402.0, 874.0}}
    t =    27.48s         Find the Window at {{0.0, 0.0}, {402.0, 874.0}}
    t =    27.51s         Find the Window at {{0.0, 0.0}, {402.0, 874.0}}
    t =    27.54s         Find the Window at {{0.0, 0.0}, {402.0, 874.0}}
    t =    27.56s         Find the Window at {{0.0, 0.0}, {402.0, 874.0}}
    t =    29.13s     Wait for io.orbitd.kimiprobe to idle
    t =    30.17s Checking existence of `"Kimi Code, 2.1.1 · Signed out, Sign In, Next: Default, Weekly limit, 34%, Resets Tue, Oct 13 at 8:49 AM" Button`
    t =    30.52s Find the "Kimi Code, 2.1.1 · Signed out, Sign In, Next: Default, Weekly limit, 34%, Resets Tue, Oct 13 at 8:49 AM" Button
    t =    30.93s Find the "Kimi Code, 2.1.1 · Signed out, Sign In, Next: Default, Weekly limit, 34%, Resets Tue, Oct 13 at 8:49 AM" Button
    t =    31.36s Checking existence of `"Kimi Code, 2.1.1 · Signed out, Sign In, Next: Default, Weekly limit, 34%, Resets Tue, Oct 13 at 8:49 AM" Button`
    t =    31.76s Find the "Kimi Code, 2.1.1 · Signed out, Sign In, Next: Default, Weekly limit, 34%, Resets Tue, Oct 13 at 8:49 AM" Button
    t =    32.54s Press Window at {{0.0, 0.0}, {402.0, 874.0}}[0.03, 0.62] for 0.1 seconds, then drag to Window at {{0.0, 0.0}, {402.0, 874.0}}[0.03, 0.62] -> (0.0, -140.0) with velocity of 250.00 pixels per second, and then hold for 0.6 seconds 
    t =    32.54s     Wait for io.orbitd.kimiprobe to idle
    t =    32.55s     Find the Window at {{0.0, 0.0}, {402.0, 874.0}}
    t =    32.63s     Check for interrupting elements affecting Window
    t =    32.86s     Synthesize event
    t =    32.86s         Find the Window at {{0.0, 0.0}, {402.0, 874.0}}
    t =    32.91s         Find the Window at {{0.0, 0.0}, {402.0, 874.0}}
    t =    32.93s         Find the Window at {{0.0, 0.0}, {402.0, 874.0}}
    t =    32.96s         Find the Window at {{0.0, 0.0}, {402.0, 874.0}}
    t =    33.00s         Find the Window at {{0.0, 0.0}, {402.0, 874.0}}
    t =    34.47s     Wait for io.orbitd.kimiprobe to idle
    t =    35.50s Checking existence of `"Kimi Code, 2.1.1 · Signed out, Sign In, Next: Default, Weekly limit, 34%, Resets Tue, Oct 13 at 8:49 AM" Button`
    t =    35.98s Find the "Kimi Code, 2.1.1 · Signed out, Sign In, Next: Default, Weekly limit, 34%, Resets Tue, Oct 13 at 8:49 AM" Button
    t =    36.44s Find the "Kimi Code, 2.1.1 · Signed out, Sign In, Next: Default, Weekly limit, 34%, Resets Tue, Oct 13 at 8:49 AM" Button
    t =    37.02s Checking existence of `"Kimi Code, 2.1.1 · Signed out, Sign In, Next: Default, Weekly limit, 34%, Resets Tue, Oct 13 at 8:49 AM" Button`
    t =    37.32s Find the "Kimi Code, 2.1.1 · Signed out, Sign In, Next: Default, Weekly limit, 34%, Resets Tue, Oct 13 at 8:49 AM" Button
    t =    37.59s Press Window at {{0.0, 0.0}, {402.0, 874.0}}[0.03, 0.62] for 0.1 seconds, then drag to Window at {{0.0, 0.0}, {402.0, 874.0}}[0.03, 0.62] -> (0.0, -140.0) with velocity of 250.00 pixels per second, and then hold for 0.6 seconds 
    t =    37.59s     Wait for io.orbitd.kimiprobe to idle
    t =    37.59s     Find the Window at {{0.0, 0.0}, {402.0, 874.0}}
    t =    37.63s     Check for interrupting elements affecting Window
    t =    37.77s     Synthesize event
    t =    37.77s         Find the Window at {{0.0, 0.0}, {402.0, 874.0}}
    t =    37.80s         Find the Window at {{0.0, 0.0}, {402.0, 874.0}}
    t =    37.82s         Find the Window at {{0.0, 0.0}, {402.0, 874.0}}
    t =    37.87s         Find the Window at {{0.0, 0.0}, {402.0, 874.0}}
    t =    37.89s         Find the Window at {{0.0, 0.0}, {402.0, 874.0}}
    t =    39.37s     Wait for io.orbitd.kimiprobe to idle
    t =    40.51s Checking existence of `"Kimi Code, 2.1.1 · Signed out, Sign In, Next: Default, Weekly limit, 34%, Resets Tue, Oct 13 at 8:49 AM" Button`
    t =    41.18s Find the "Kimi Code, 2.1.1 · Signed out, Sign In, Next: Default, Weekly limit, 34%, Resets Tue, Oct 13 at 8:49 AM" Button
    t =    42.01s Find the "Kimi Code, 2.1.1 · Signed out, Sign In, Next: Default, Weekly limit, 34%, Resets Tue, Oct 13 at 8:49 AM" Button
    t =    42.58s Find the "Kimi Code, 2.1.1 · Signed out, Sign In, Next: Default, Weekly limit, 34%, Resets Tue, Oct 13 at 8:49 AM" Button
    t =    42.96s Checking existence of `Button (First Match)`
    t =    43.31s Find the Button (First Match)
    t =    43.72s Find the "Kimi Code, 2.1.1 · Signed out, Sign In, Next: Default, Weekly limit, 34%, Resets Tue, Oct 13 at 8:49 AM" Button
    t =    44.08s Find the "Kimi Code, 2.1.1 · Signed out, Sign In, Next: Default, Weekly limit, 34%, Resets Tue, Oct 13 at 8:49 AM" Button
    t =    44.42s Find the "Kimi Code, 2.1.1 · Signed out, Sign In, Next: Default, Weekly limit, 34%, Resets Tue, Oct 13 at 8:49 AM" Button
    t =    44.80s Find the "Kimi Code, 2.1.1 · Signed out, Sign In, Next: Default, Weekly limit, 34%, Resets Tue, Oct 13 at 8:49 AM" Button
    t =    45.25s Checking existence of `"Kimi Code, 2.1.1 · Signed out, Sign In, Next: Default, Weekly limit, 34%, Resets Tue, Oct 13 at 8:49 AM" Button`
    t =    45.69s Find the "Kimi Code, 2.1.1 · Signed out, Sign In, Next: Default, Weekly limit, 34%, Resets Tue, Oct 13 at 8:49 AM" Button
    t =    46.11s Find the "Kimi Code, 2.1.1 · Signed out, Sign In, Next: Default, Weekly limit, 34%, Resets Tue, Oct 13 at 8:49 AM" Button
    t =    46.75s Find the "Kimi Code, 2.1.1 · Signed out, Sign In, Next: Default, Weekly limit, 34%, Resets Tue, Oct 13 at 8:49 AM" Button
    t =    47.17s Find the "Kimi Code, 2.1.1 · Signed out, Sign In, Next: Default, Weekly limit, 34%, Resets Tue, Oct 13 at 8:49 AM" Button
    t =    47.77s Added attachment named 'ios-22-runner-row-work-signed-out'
    t =    47.78s Terminate io.orbitd.kimiprobe:20135
    t =    48.88s Open io.orbitd.kimiprobe
    t =    48.88s     Launch io.orbitd.kimiprobe
2026-10-08 17:32:35.521 xcodebuild[3181:15002] [MT] IDELaunchParametersSnapshot: The operation couldn’t be completed. (DebuggerLLDB.DebuggerVersionStore.StoreError error 0.)
2026-10-08 17:32:35.521 xcodebuild[3181:15002] [MT] IDELaunchParametersSnapshot: no debugger version
    t =    49.94s         Setting up automation session
    t =    52.29s         Wait for io.orbitd.kimiprobe to idle
    t =    55.01s Checking existence of `Any (First Match)`
    t =    58.11s Checking existence of `Any (First Match)`
    t =    62.30s Checking existence of `Any (First Match)`
    t =    62.71s Find the Any (First Match)
    t =    63.15s Find the "kimi.com · ~/.orbit/kimi-accounts/5c2e91a0" StaticText
    t =    63.71s Checking existence of `"kimi.com · ~/.orbit/kimi-accounts/5c2e91a0" StaticText`
    t =    64.32s Find the "kimi.com · ~/.orbit/kimi-accounts/5c2e91a0" StaticText
    t =    64.94s Press Window (First Match)[0.03, 0.62] for 0.1 seconds, then drag to Window (First Match)[0.03, 0.62] -> (0.0, -140.0) with velocity of 250.00 pixels per second, and then hold for 0.6 seconds 
    t =    64.94s     Wait for io.orbitd.kimiprobe to idle
    t =    64.95s     Find the Window (First Match)
    t =    65.00s     Check for interrupting elements affecting Window
    t =    65.17s     Synthesize event
    t =    65.17s         Find the Window at {{0.0, 0.0}, {402.0, 874.0}}
    t =    65.19s         Find the Window at {{0.0, 0.0}, {402.0, 874.0}}
    t =    65.25s         Find the Window at {{0.0, 0.0}, {402.0, 874.0}}
    t =    65.27s         Find the Window at {{0.0, 0.0}, {402.0, 874.0}}
    t =    65.30s         Find the Window at {{0.0, 0.0}, {402.0, 874.0}}
    t =    66.81s     Wait for io.orbitd.kimiprobe to idle
    t =    68.48s Checking existence of `"kimi.com · ~/.orbit/kimi-accounts/5c2e91a0" StaticText`
    t =    68.85s Find the "kimi.com · ~/.orbit/kimi-accounts/5c2e91a0" StaticText
    t =    69.31s Find the "kimi.com · ~/.orbit/kimi-accounts/5c2e91a0" StaticText
    t =    69.93s Find the "kimi.com · ~/.orbit/kimi-accounts/5c2e91a0" StaticText
    t =    70.56s Checking existence of `Button (First Match)`
    t =    71.14s Get all elements bound by index for: Elements matching predicate 'label == "NEXT"'
    t =    71.32s Get all elements bound by index for: Elements matching predicate 'label == "Default"'
    t =    71.47s Find the StaticText (Element at index 0)
    t =    71.60s Find the StaticText (Element at index 0)
    t =    71.77s Find the "Default" StaticText
    t =    71.94s Find the "NEXT" StaticText
    t =    72.11s Find the "Default" StaticText
    t =    72.23s Find the "NEXT" StaticText
    t =    72.62s Added attachment named 'ios-23-kimi-work-signed-out'
    t =    72.64s Tear Down
Test Case '-[KimiProbeUITests.KimiShotTests test11WorkSignedOut]' passed (72.927 seconds).
Test Case '-[KimiProbeUITests.KimiShotTests test1AnOlderRunnersPageIsAsItWas]' started.
    t =     0.00s Start Test at 2026-10-08 17:32:59.559
    t =     0.03s Set Up
    t =     0.09s Open io.orbitd.kimiprobe
    t =     0.09s     Launch io.orbitd.kimiprobe
    t =     0.09s         Terminate io.orbitd.kimiprobe:21983
2026-10-08 17:33:00.699 xcodebuild[3181:15002] [MT] IDELaunchParametersSnapshot: The operation couldn’t be completed. (DebuggerLLDB.DebuggerVersionStore.StoreError error 0.)
2026-10-08 17:33:00.699 xcodebuild[3181:15002] [MT] IDELaunchParametersSnapshot: no debugger version
    t =     2.66s         Setting up automation session
    t =     4.83s         Wait for io.orbitd.kimiprobe to idle
    t =     7.23s Checking existence of `Any (First Match)`
    t =    12.74s Checking existence of `Any (First Match)`
    t =    15.82s Checking existence of `Any (First Match)`
    t =    16.21s Checking existence of `Any (First Match)`
    t =    16.47s Checking existence of `Any (First Match)`
    t =    16.77s Checking existence of `Button (First Match)`
    t =    17.06s Checking existence of `Any (First Match)`
    t =    17.54s Added attachment named 'ios-01-kimi-older-runner'
    t =    17.54s Tear Down
Test Case '-[KimiProbeUITests.KimiShotTests test1AnOlderRunnersPageIsAsItWas]' passed (17.776 seconds).
Test Case '-[KimiProbeUITests.KimiShotTests test2OneAccountOffersAddAccount]' started.
    t =     0.00s Start Test at 2026-10-08 17:33:17.336
    t =     0.03s Set Up
    t =     0.07s Open io.orbitd.kimiprobe
    t =     0.07s     Launch io.orbitd.kimiprobe
    t =     0.07s         Terminate io.orbitd.kimiprobe:22706
2026-10-08 17:33:18.462 xcodebuild[3181:15002] [MT] IDELaunchParametersSnapshot: The operation couldn’t be completed. (DebuggerLLDB.DebuggerVersionStore.StoreError error 0.)
2026-10-08 17:33:18.462 xcodebuild[3181:15002] [MT] IDELaunchParametersSnapshot: no debugger version
    t =     1.99s         Setting up automation session
    t =     5.35s         Wait for io.orbitd.kimiprobe to idle
    t =     7.85s Checking existence of `Any (First Match)`
    t =    10.73s Checking existence of `Any (First Match)`
    t =    14.15s Checking existence of `Any (First Match)`
    t =    14.75s Checking existence of `Any (First Match)`
    t =    15.41s Checking existence of `Any (First Match)`
    t =    15.89s Checking existence of `Any (First Match)`
    t =    16.42s Checking existence of `Any (First Match)`
    t =    16.90s Checking existence of `Any (First Match)`
    t =    17.39s Checking existence of `Any (First Match)`
    t =    17.81s Checking existence of `Any (First Match)`
    t =    18.20s Checking existence of `Any (First Match)`
    t =    18.68s Checking existence of `Any (First Match)`
    t =    19.08s Checking existence of `Button (First Match)`
    t =    19.46s Get all elements bound by index for: Elements matching predicate 'label == "NEXT"'
    t =    19.57s Checking existence of `Any (First Match)`
    t =    20.07s Added attachment named 'ios-02-kimi-one-account'
    t =    20.08s Requesting snapshot of accessibility hierarchy for app with pid 23754
    t =    20.76s Requesting snapshot of accessibility hierarchy for app with pid 23754
    t =    20.99s Tear Down
Test Case '-[KimiProbeUITests.KimiShotTests test2OneAccountOffersAddAccount]' passed (21.256 seconds).
Test Case '-[KimiProbeUITests.KimiShotTests test3AddAccountNamesTheAccountThenPicksItsSite]' started.
    t =     0.00s Start Test at 2026-10-08 17:33:38.593
    t =     0.03s Set Up
    t =     0.10s Open io.orbitd.kimiprobe
    t =     0.10s     Launch io.orbitd.kimiprobe
    t =     0.10s         Terminate io.orbitd.kimiprobe:23754
2026-10-08 17:33:39.743 xcodebuild[3181:15002] [MT] IDELaunchParametersSnapshot: The operation couldn’t be completed. (DebuggerLLDB.DebuggerVersionStore.StoreError error 0.)
2026-10-08 17:33:39.744 xcodebuild[3181:15002] [MT] IDELaunchParametersSnapshot: no debugger version
    t =     2.10s         Setting up automation session
    t =     4.42s         Wait for io.orbitd.kimiprobe to idle
    t =     8.06s Checking existence of `Any (First Match)`
    t =    11.20s Checking existence of `Any (First Match)`
    t =    14.61s Checking existence of `Button (First Match)`
    t =    15.10s Checking existence of `Button (First Match)`
    t =    15.71s Find the Button (First Match)
    t =    16.23s Find the "Add Account" Button
    t =    16.92s Checking existence of `"Add Account" Button`
    t =    17.47s Find the "Add Account" Button
    t =    17.86s Press Window (First Match)[0.03, 0.62] for 0.1 seconds, then drag to Window (First Match)[0.03, 0.62] -> (0.0, -140.0) with velocity of 250.00 pixels per second, and then hold for 0.6 seconds 
    t =    17.86s     Wait for io.orbitd.kimiprobe to idle
    t =    17.86s     Find the Window (First Match)
    t =    17.87s     Check for interrupting elements affecting Window
    t =    18.01s     Synthesize event
    t =    18.01s         Find the Window at {{0.0, 0.0}, {402.0, 874.0}}
    t =    18.03s         Find the Window at {{0.0, 0.0}, {402.0, 874.0}}
    t =    18.05s         Find the Window at {{0.0, 0.0}, {402.0, 874.0}}
    t =    18.08s         Find the Window at {{0.0, 0.0}, {402.0, 874.0}}
    t =    18.11s         Find the Window at {{0.0, 0.0}, {402.0, 874.0}}
    t =    19.60s     Wait for io.orbitd.kimiprobe to idle
    t =    21.20s Checking existence of `"Add Account" Button`
    t =    21.62s Find the "Add Account" Button
    t =    22.08s Find the "Add Account" Button
    t =    22.59s Checking existence of `"Add Account" Button`
    t =    22.84s Find the "Add Account" Button
    t =    23.12s Press Window at {{0.0, 0.0}, {402.0, 874.0}}[0.03, 0.62] for 0.1 seconds, then drag to Window at {{0.0, 0.0}, {402.0, 874.0}}[0.03, 0.62] -> (0.0, -140.0) with velocity of 250.00 pixels per second, and then hold for 0.6 seconds 
    t =    23.12s     Wait for io.orbitd.kimiprobe to idle
    t =    23.13s     Find the Window at {{0.0, 0.0}, {402.0, 874.0}}
    t =    23.14s     Check for interrupting elements affecting Window
    t =    23.27s     Synthesize event
    t =    23.27s         Find the Window at {{0.0, 0.0}, {402.0, 874.0}}
    t =    23.29s         Find the Window at {{0.0, 0.0}, {402.0, 874.0}}
    t =    23.31s         Find the Window at {{0.0, 0.0}, {402.0, 874.0}}
    t =    23.34s         Find the Window at {{0.0, 0.0}, {402.0, 874.0}}
    t =    23.36s         Find the Window at {{0.0, 0.0}, {402.0, 874.0}}
    t =    24.84s     Wait for io.orbitd.kimiprobe to idle
    t =    26.34s Checking existence of `"Add Account" Button`
    t =    26.60s Find the "Add Account" Button
    t =    26.89s Find the "Add Account" Button
    t =    27.17s Checking existence of `"Add Account" Button`
    t =    27.45s Find the "Add Account" Button
    t =    27.74s Press Window at {{0.0, 0.0}, {402.0, 874.0}}[0.03, 0.62] for 0.1 seconds, then drag to Window at {{0.0, 0.0}, {402.0, 874.0}}[0.03, 0.62] -> (0.0, -140.0) with velocity of 250.00 pixels per second, and then hold for 0.6 seconds 
    t =    27.74s     Wait for io.orbitd.kimiprobe to idle
    t =    27.74s     Find the Window at {{0.0, 0.0}, {402.0, 874.0}}
    t =    27.77s     Check for interrupting elements affecting Window
    t =    27.89s     Synthesize event
    t =    27.89s         Find the Window at {{0.0, 0.0}, {402.0, 874.0}}
    t =    27.91s         Find the Window at {{0.0, 0.0}, {402.0, 874.0}}
    t =    27.95s         Find the Window at {{0.0, 0.0}, {402.0, 874.0}}
    t =    27.97s         Find the Window at {{0.0, 0.0}, {402.0, 874.0}}
    t =    27.99s         Find the Window at {{0.0, 0.0}, {402.0, 874.0}}
    t =    29.47s     Wait for io.orbitd.kimiprobe to idle
    t =    30.86s Checking existence of `"Add Account" Button`
    t =    31.32s Find the "Add Account" Button
    t =    31.74s Find the "Add Account" Button
    t =    32.21s Checking existence of `"Add Account" Button`
    t =    32.67s Find the "Add Account" Button
    t =    33.13s Press Window at {{0.0, 0.0}, {402.0, 874.0}}[0.03, 0.62] for 0.1 seconds, then drag to Window at {{0.0, 0.0}, {402.0, 874.0}}[0.03, 0.62] -> (0.0, -140.0) with velocity of 250.00 pixels per second, and then hold for 0.6 seconds 
    t =    33.13s     Wait for io.orbitd.kimiprobe to idle
    t =    33.14s     Find the Window at {{0.0, 0.0}, {402.0, 874.0}}
    t =    33.16s     Check for interrupting elements affecting Window
    t =    33.27s     Synthesize event
    t =    33.27s         Find the Window at {{0.0, 0.0}, {402.0, 874.0}}
    t =    33.29s         Find the Window at {{0.0, 0.0}, {402.0, 874.0}}
    t =    33.32s         Find the Window at {{0.0, 0.0}, {402.0, 874.0}}
    t =    33.34s         Find the Window at {{0.0, 0.0}, {402.0, 874.0}}
    t =    33.36s         Find the Window at {{0.0, 0.0}, {402.0, 874.0}}
    t =    34.82s     Wait for io.orbitd.kimiprobe to idle
    t =    36.40s Checking existence of `"Add Account" Button`
    t =    36.74s Find the "Add Account" Button
    t =    37.17s Find the "Add Account" Button
    t =    37.51s Checking existence of `"Add Account" Button`
    t =    37.85s Find the "Add Account" Button
    t =    38.32s Press Window at {{0.0, 0.0}, {402.0, 874.0}}[0.03, 0.62] for 0.1 seconds, then drag to Window at {{0.0, 0.0}, {402.0, 874.0}}[0.03, 0.62] -> (0.0, -140.0) with velocity of 250.00 pixels per second, and then hold for 0.6 seconds 
    t =    38.32s     Wait for io.orbitd.kimiprobe to idle
    t =    38.32s     Find the Window at {{0.0, 0.0}, {402.0, 874.0}}
    t =    38.35s     Check for interrupting elements affecting Window
    t =    38.51s     Synthesize event
    t =    38.51s         Find the Window at {{0.0, 0.0}, {402.0, 874.0}}
    t =    38.55s         Find the Window at {{0.0, 0.0}, {402.0, 874.0}}
    t =    38.57s         Find the Window at {{0.0, 0.0}, {402.0, 874.0}}
    t =    38.60s         Find the Window at {{0.0, 0.0}, {402.0, 874.0}}
    t =    38.66s         Find the Window at {{0.0, 0.0}, {402.0, 874.0}}
    t =    40.16s     Wait for io.orbitd.kimiprobe to idle
    t =    41.54s Checking existence of `"Add Account" Button`
    t =    41.86s Find the "Add Account" Button
    t =    42.31s Find the "Add Account" Button
    t =    42.80s Checking existence of `"Add Account" Button`
    t =    43.49s Find the "Add Account" Button
    t =    43.95s Press Window at {{0.0, 0.0}, {402.0, 874.0}}[0.03, 0.62] for 0.1 seconds, then drag to Window at {{0.0, 0.0}, {402.0, 874.0}}[0.03, 0.62] -> (0.0, -140.0) with velocity of 250.00 pixels per second, and then hold for 0.6 seconds 
    t =    43.95s     Wait for io.orbitd.kimiprobe to idle
    t =    43.95s     Find the Window at {{0.0, 0.0}, {402.0, 874.0}}
    t =    43.97s     Check for interrupting elements affecting Window
    t =    44.09s     Synthesize event
    t =    44.09s         Find the Window at {{0.0, 0.0}, {402.0, 874.0}}
    t =    44.11s         Find the Window at {{0.0, 0.0}, {402.0, 874.0}}
    t =    44.16s         Find the Window at {{0.0, 0.0}, {402.0, 874.0}}
    t =    44.18s         Find the Window at {{0.0, 0.0}, {402.0, 874.0}}
    t =    44.21s         Find the Window at {{0.0, 0.0}, {402.0, 874.0}}
    t =    45.68s     Wait for io.orbitd.kimiprobe to idle
    t =    47.27s Checking existence of `"Add Account" Button`
    t =    47.66s Find the "Add Account" Button
    t =    48.12s Find the "Add Account" Button
    t =    48.66s Checking existence of `"Add Account" Button`
    t =    49.40s Find the "Add Account" Button
    t =    50.27s Press Window at {{0.0, 0.0}, {402.0, 874.0}}[0.03, 0.62] for 0.1 seconds, then drag to Window at {{0.0, 0.0}, {402.0, 874.0}}[0.03, 0.62] -> (0.0, -140.0) with velocity of 250.00 pixels per second, and then hold for 0.6 seconds 
    t =    50.27s     Wait for io.orbitd.kimiprobe to idle
    t =    50.29s     Find the Window at {{0.0, 0.0}, {402.0, 874.0}}
    t =    50.32s     Check for interrupting elements affecting Window
    t =    50.50s     Synthesize event
    t =    50.50s         Find the Window at {{0.0, 0.0}, {402.0, 874.0}}
    t =    50.56s         Find the Window at {{0.0, 0.0}, {402.0, 874.0}}
    t =    50.65s         Find the Window at {{0.0, 0.0}, {402.0, 874.0}}
    t =    50.77s         Find the Window at {{0.0, 0.0}, {402.0, 874.0}}
    t =    50.86s         Find the Window at {{0.0, 0.0}, {402.0, 874.0}}
    t =    52.42s     Wait for io.orbitd.kimiprobe to idle
    t =    54.02s Checking existence of `"Add Account" Button`
    t =    54.72s Find the "Add Account" Button
    t =    55.28s Find the "Add Account" Button
    t =    56.94s Checking existence of `"Add Account" Button`
    t =    57.57s Find the "Add Account" Button
    t =    58.11s Press Window at {{0.0, 0.0}, {402.0, 874.0}}[0.03, 0.62] for 0.1 seconds, then drag to Window at {{0.0, 0.0}, {402.0, 874.0}}[0.03, 0.62] -> (0.0, -140.0) with velocity of 250.00 pixels per second, and then hold for 0.6 seconds 
    t =    58.11s     Wait for io.orbitd.kimiprobe to idle
    t =    58.12s     Find the Window at {{0.0, 0.0}, {402.0, 874.0}}
    t =    58.15s     Check for interrupting elements affecting Window
    t =    58.26s     Synthesize event
    t =    58.26s         Find the Window at {{0.0, 0.0}, {402.0, 874.0}}
    t =    58.28s         Find the Window at {{0.0, 0.0}, {402.0, 874.0}}
    t =    58.31s         Find the Window at {{0.0, 0.0}, {402.0, 874.0}}
    t =    58.34s         Find the Window at {{0.0, 0.0}, {402.0, 874.0}}
    t =    58.37s         Find the Window at {{0.0, 0.0}, {402.0, 874.0}}
    t =    59.86s     Wait for io.orbitd.kimiprobe to idle
    t =    61.45s Checking existence of `"Add Account" Button`
    t =    62.02s Find the "Add Account" Button
    t =    62.55s Find the "Add Account" Button
    t =    63.03s Checking existence of `"Add Account" Button`
    t =    63.38s Find the "Add Account" Button
    t =    63.70s Press Window at {{0.0, 0.0}, {402.0, 874.0}}[0.03, 0.62] for 0.1 seconds, then drag to Window at {{0.0, 0.0}, {402.0, 874.0}}[0.03, 0.62] -> (0.0, -140.0) with velocity of 250.00 pixels per second, and then hold for 0.6 seconds 
    t =    63.70s     Wait for io.orbitd.kimiprobe to idle
    t =    63.70s     Find the Window at {{0.0, 0.0}, {402.0, 874.0}}
    t =    63.72s     Check for interrupting elements affecting Window
    t =    63.88s     Synthesize event
    t =    63.88s         Find the Window at {{0.0, 0.0}, {402.0, 874.0}}
    t =    63.91s         Find the Window at {{0.0, 0.0}, {402.0, 874.0}}
    t =    63.95s         Find the Window at {{0.0, 0.0}, {402.0, 874.0}}
    t =    64.01s         Find the Window at {{0.0, 0.0}, {402.0, 874.0}}
    t =    64.05s         Find the Window at {{0.0, 0.0}, {402.0, 874.0}}
    t =    65.53s     Wait for io.orbitd.kimiprobe to idle
    t =    67.11s Checking existence of `"Add Account" Button`
    t =    67.50s Find the "Add Account" Button
    t =    67.87s Find the "Add Account" Button
    t =    68.23s Checking existence of `"Add Account" Button`
    t =    68.55s Find the "Add Account" Button
    t =    68.89s Press Window at {{0.0, 0.0}, {402.0, 874.0}}[0.03, 0.62] for 0.1 seconds, then drag to Window at {{0.0, 0.0}, {402.0, 874.0}}[0.03, 0.62] -> (0.0, -140.0) with velocity of 250.00 pixels per second, and then hold for 0.6 seconds 
    t =    68.90s     Wait for io.orbitd.kimiprobe to idle
    t =    68.90s     Find the Window at {{0.0, 0.0}, {402.0, 874.0}}
    t =    68.94s     Check for interrupting elements affecting Window
    t =    69.08s     Synthesize event
    t =    69.08s         Find the Window at {{0.0, 0.0}, {402.0, 874.0}}
    t =    69.10s         Find the Window at {{0.0, 0.0}, {402.0, 874.0}}
    t =    69.13s         Find the Window at {{0.0, 0.0}, {402.0, 874.0}}
    t =    69.16s         Find the Window at {{0.0, 0.0}, {402.0, 874.0}}
    t =    69.22s         Find the Window at {{0.0, 0.0}, {402.0, 874.0}}
    t =    70.69s     Wait for io.orbitd.kimiprobe to idle
    t =    72.09s Checking existence of `"Add Account" Button`
    t =    72.65s Find the "Add Account" Button
    t =    73.17s Find the "Add Account" Button
    t =    73.56s Checking existence of `"Add Account" Button`
    t =    73.91s Find the "Add Account" Button
    t =    74.26s Press Window at {{0.0, 0.0}, {402.0, 874.0}}[0.03, 0.62] for 0.1 seconds, then drag to Window at {{0.0, 0.0}, {402.0, 874.0}}[0.03, 0.62] -> (0.0, -140.0) with velocity of 250.00 pixels per second, and then hold for 0.6 seconds 
    t =    74.26s     Wait for io.orbitd.kimiprobe to idle
    t =    74.27s     Find the Window at {{0.0, 0.0}, {402.0, 874.0}}
    t =    74.31s     Check for interrupting elements affecting Window
    t =    74.44s     Synthesize event
    t =    74.44s         Find the Window at {{0.0, 0.0}, {402.0, 874.0}}
    t =    74.45s         Find the Window at {{0.0, 0.0}, {402.0, 874.0}}
    t =    74.48s         Find the Window at {{0.0, 0.0}, {402.0, 874.0}}
    t =    74.50s         Find the Window at {{0.0, 0.0}, {402.0, 874.0}}
    t =    74.53s         Find the Window at {{0.0, 0.0}, {402.0, 874.0}}
    t =    76.00s     Wait for io.orbitd.kimiprobe to idle
    t =    77.61s Checking existence of `"Add Account" Button`
    t =    77.97s Find the "Add Account" Button
    t =    78.34s Find the "Add Account" Button
    t =    78.72s Checking existence of `"Add Account" Button`
    t =    79.06s Find the "Add Account" Button
    t =    79.50s Press Window at {{0.0, 0.0}, {402.0, 874.0}}[0.03, 0.62] for 0.1 seconds, then drag to Window at {{0.0, 0.0}, {402.0, 874.0}}[0.03, 0.62] -> (0.0, -140.0) with velocity of 250.00 pixels per second, and then hold for 0.6 seconds 
    t =    79.50s     Wait for io.orbitd.kimiprobe to idle
    t =    79.50s     Find the Window at {{0.0, 0.0}, {402.0, 874.0}}
    t =    79.53s     Check for interrupting elements affecting Window
    t =    79.70s     Synthesize event
    t =    79.70s         Find the Window at {{0.0, 0.0}, {402.0, 874.0}}
    t =    79.72s         Find the Window at {{0.0, 0.0}, {402.0, 874.0}}
    t =    79.75s         Find the Window at {{0.0, 0.0}, {402.0, 874.0}}
    t =    79.77s         Find the Window at {{0.0, 0.0}, {402.0, 874.0}}
    t =    79.82s         Find the Window at {{0.0, 0.0}, {402.0, 874.0}}
    t =    81.30s     Wait for io.orbitd.kimiprobe to idle
    t =    82.87s Checking existence of `"Add Account" Button`
    t =    83.26s Find the "Add Account" Button
    t =    83.65s Find the "Add Account" Button
    t =    84.07s Checking existence of `"Add Account" Button`
    t =    84.44s Find the "Add Account" Button
    t =    84.89s Press Window at {{0.0, 0.0}, {402.0, 874.0}}[0.03, 0.62] for 0.1 seconds, then drag to Window at {{0.0, 0.0}, {402.0, 874.0}}[0.03, 0.62] -> (0.0, -140.0) with velocity of 250.00 pixels per second, and then hold for 0.6 seconds 
    t =    84.89s     Wait for io.orbitd.kimiprobe to idle
    t =    84.90s     Find the Window at {{0.0, 0.0}, {402.0, 874.0}}
    t =    84.92s     Check for interrupting elements affecting Window
    t =    85.06s     Synthesize event
    t =    85.06s         Find the Window at {{0.0, 0.0}, {402.0, 874.0}}
    t =    85.10s         Find the Window at {{0.0, 0.0}, {402.0, 874.0}}
    t =    85.13s         Find the Window at {{0.0, 0.0}, {402.0, 874.0}}
    t =    85.15s         Find the Window at {{0.0, 0.0}, {402.0, 874.0}}
    t =    85.18s         Find the Window at {{0.0, 0.0}, {402.0, 874.0}}
    t =    86.71s     Wait for io.orbitd.kimiprobe to idle
    t =    88.24s Checking existence of `"Add Account" Button`
    t =    88.53s Find the "Add Account" Button
    t =    88.94s Find the "Add Account" Button
    t =    89.27s Checking existence of `"Add Account" Button`
    t =    89.58s Find the "Add Account" Button
    t =    89.89s Press Window at {{0.0, 0.0}, {402.0, 874.0}}[0.03, 0.62] for 0.1 seconds, then drag to Window at {{0.0, 0.0}, {402.0, 874.0}}[0.03, 0.62] -> (0.0, -140.0) with velocity of 250.00 pixels per second, and then hold for 0.6 seconds 
    t =    89.89s     Wait for io.orbitd.kimiprobe to idle
    t =    89.89s     Find the Window at {{0.0, 0.0}, {402.0, 874.0}}
    t =    89.93s     Check for interrupting elements affecting Window
    t =    90.09s     Synthesize event
    t =    90.09s         Find the Window at {{0.0, 0.0}, {402.0, 874.0}}
    t =    90.11s         Find the Window at {{0.0, 0.0}, {402.0, 874.0}}
    t =    90.13s         Find the Window at {{0.0, 0.0}, {402.0, 874.0}}
    t =    90.16s         Find the Window at {{0.0, 0.0}, {402.0, 874.0}}
    t =    90.20s         Find the Window at {{0.0, 0.0}, {402.0, 874.0}}
    t =    91.67s     Wait for io.orbitd.kimiprobe to idle
    t =    93.09s Find the "Add Account" Button
    t =    93.38s Requesting snapshot of accessibility hierarchy for app with pid 24511
    t =    94.21s Requesting snapshot of accessibility hierarchy for app with pid 24511
    t =    94.39s Tap "Add Account" Button
    t =    94.39s     Wait for io.orbitd.kimiprobe to idle
    t =    94.40s     Find the "Add Account" Button
    t =    94.68s     Check for interrupting elements affecting "Add Account" Button
    t =    94.82s     Synthesize event
    t =    95.23s     Wait for io.orbitd.kimiprobe to idle
    t =    95.55s Checking existence of `Any (First Match)`
    t =    97.39s Checking existence of `TextField (First Match)`
    t =    97.73s Find the TextField (First Match)
    t =    98.23s Find the "Work" TextField
    t =    98.58s Find the "Work" TextField
    t =    98.85s Find the "Work" TextField
    t =    99.23s Find the "Work" TextField
    t =    99.61s Find the "Work" TextField
    t =   100.06s Checking existence of `Any (First Match)`
    t =   100.46s Checking existence of `Any (First Match)`
    t =   100.79s Checking existence of `Any (First Match)`
    t =   101.29s Checking existence of `Any (First Match)`
    t =   101.67s Checking existence of `Any (First Match)`
    t =   102.02s Checking existence of `Any (First Match)`
    t =   102.43s Get all elements bound by index for: Elements matching predicate 'label BEGINSWITH "kimi.ai"'
    t =   102.55s Checking existence of `Button (Element at index 0)`
    t =   102.67s Find the Button (Element at index 0)
    t =   102.82s Checking existence of `"kimi.ai, International" Button`
    t =   102.94s Find the "kimi.ai, International" Button
    t =   103.07s Find the "kimi.ai, International" Button
    t =   103.20s Checking existence of `"kimi.ai, International" Button`
    t =   103.32s Find the "kimi.ai, International" Button
    t =   103.46s Press Window (First Match)[0.03, 0.62] for 0.1 seconds, then drag to Window (First Match)[0.03, 0.62] -> (0.0, -140.0) with velocity of 250.00 pixels per second, and then hold for 0.6 seconds 
    t =   103.46s     Wait for io.orbitd.kimiprobe to idle
    t =   103.46s     Find the Window (First Match)
    t =   103.50s     Check for interrupting elements affecting Window
    t =   103.75s     Synthesize event
    t =   103.77s         Find the Window at {{0.0, 0.0}, {402.0, 874.0}}
    t =   103.87s         Find the Window at {{0.0, 0.0}, {402.0, 874.0}}
    t =   103.94s         Find the Window at {{0.0, 0.0}, {402.0, 874.0}}
    t =   104.00s         Find the Window at {{0.0, 0.0}, {402.0, 874.0}}
    t =   104.03s         Find the Window at {{0.0, 0.0}, {402.0, 874.0}}
    t =   105.53s     Wait for io.orbitd.kimiprobe to idle
    t =   106.86s Checking existence of `"kimi.ai, International" Button`
    t =   107.00s Find the "kimi.ai, International" Button
    t =   107.14s Find the "kimi.ai, International" Button
    t =   107.30s Find the "kimi.ai, International" Button
    t =   107.82s Added attachment named 'ios-03-add-account-name-then-sites'
    t =   107.84s Tap "Work" TextField
    t =   107.84s     Wait for io.orbitd.kimiprobe to idle
    t =   107.84s     Find the "Work" TextField
    t =   108.34s     Check for interrupting elements affecting "Work" TextField
    t =   108.52s     Synthesize event
    t =   108.89s     Wait for io.orbitd.kimiprobe to idle
    t =   113.33s Type '' into "Work" TextField
    t =   113.33s     Wait for io.orbitd.kimiprobe to idle
    t =   113.68s     Find the "Work" TextField
    t =   115.08s     Check for interrupting elements affecting "Work" TextField
    t =   115.69s     Synthesize event
    t =   116.16s     Wait for io.orbitd.kimiprobe to idle
    t =   117.72s Get all elements bound by index for: Elements matching predicate 'label BEGINSWITH "kimi.com"'
    t =   119.13s Checking existence of `Button (Element at index 0)`
    t =   122.00s Find the Button (Element at index 0)
    t =   122.74s Checking existence of `"kimi.com, Mainland China" Button`
    t =   123.03s Find the "kimi.com, Mainland China" Button
    t =   123.28s Find the "kimi.com, Mainland China" Button
    t =   123.49s Find the "kimi.com, Mainland China" Button
    t =   123.76s Find the "kimi.com, Mainland China" Button
    t =   124.04s Find the "kimi.com, Mainland China" Button
    t =   124.33s Find the "kimi.com, Mainland China" Button
    t =   124.58s Find the "kimi.com, Mainland China" Button
    t =   125.06s Added attachment named 'ios-04-add-account-no-name'
    t =   125.07s Type 'Work
' into "Work" TextField
    t =   125.07s     Wait for io.orbitd.kimiprobe to idle
    t =   125.07s     Find the "Work" TextField
    t =   127.46s     Check for interrupting elements affecting "Work" TextField
    t =   127.64s     Synthesize event
    t =   128.07s     Wait for io.orbitd.kimiprobe to idle
    t =   129.80s Get all elements bound by index for: Elements matching predicate 'label BEGINSWITH "kimi.com"'
    t =   130.18s Checking existence of `Button (Element at index 0)`
    t =   131.88s Find the Button (Element at index 0)
    t =   132.13s Find the "kimi.com, Mainland China" Button
    t =   132.30s Tap "kimi.com, Mainland China" Button
    t =   132.30s     Wait for io.orbitd.kimiprobe to idle
    t =   132.30s     Find the "kimi.com, Mainland China" Button
    t =   132.42s     Check for interrupting elements affecting "kimi.com, Mainland China" Button
    t =   132.58s     Synthesize event
    t =   132.91s     Wait for io.orbitd.kimiprobe to idle
    t =   132.91s Checking existence of `Any (First Match)`
    t =   134.67s Checking existence of `Any (First Match)`
    t =   136.50s Checking existence of `Any (First Match)`
    t =   138.52s Checking existence of `Any (First Match)`
    t =   138.92s Checking existence of `Any (First Match)`
    t =   139.36s Checking existence of `Any (First Match)`
    t =   140.03s Checking existence of `Any (First Match)`
    t =   140.40s Find the TextField (First Match)
    t =   141.19s Added attachment named 'ios-05-add-account-device-code-kimi-com'
    t =   141.20s Requesting snapshot of accessibility hierarchy for app with pid 24511
    t =   141.93s Requesting snapshot of accessibility hierarchy for app with pid 24511
    t =   142.14s Checking existence of `Any (First Match)`
    t =   143.45s Checking existence of `Any (First Match)`
    t =   144.86s Checking existence of `Any (First Match)`
    t =   145.99s Checking existence of `Any (First Match)`
    t =   147.57s Checking existence of `Any (First Match)`
    t =   148.05s Checking existence of `Any (First Match)`
    t =   149.43s Checking existence of `Any (First Match)`
    t =   150.08s Checking existence of `Any (First Match)`
    t =   150.43s Checking existence of `Any (First Match)`
    t =   150.78s Checking existence of `Any (First Match)`
    t =   151.23s Checking existence of `Any (First Match)`
    t =   151.71s Checking existence of `Any (First Match)`
    t =   153.65s Checking existence of `Any (First Match)`
    t =   154.00s Find the Any (First Match)
    t =   154.37s Find the "kimi.com · ~/.orbit/kimi-accounts/5c2e91a0" StaticText
    t =   154.71s Checking existence of `"kimi.com · ~/.orbit/kimi-accounts/5c2e91a0" StaticText`
    t =   155.03s Find the "kimi.com · ~/.orbit/kimi-accounts/5c2e91a0" StaticText
    t =   155.36s Press Window (First Match)[0.03, 0.62] for 0.1 seconds, then drag to Window (First Match)[0.03, 0.62] -> (0.0, -140.0) with velocity of 250.00 pixels per second, and then hold for 0.6 seconds 
    t =   155.36s     Wait for io.orbitd.kimiprobe to idle
    t =   155.37s     Find the Window (First Match)
    t =   155.39s     Check for interrupting elements affecting Window
    t =   155.53s     Synthesize event
    t =   155.55s         Find the Window at {{0.0, 0.0}, {402.0, 874.0}}
    t =   155.58s         Find the Window at {{0.0, 0.0}, {402.0, 874.0}}
    t =   155.60s         Find the Window at {{0.0, 0.0}, {402.0, 874.0}}
    t =   155.62s         Find the Window at {{0.0, 0.0}, {402.0, 874.0}}
    t =   155.64s         Find the Window at {{0.0, 0.0}, {402.0, 874.0}}
    t =   157.12s     Wait for io.orbitd.kimiprobe to idle
    t =   158.48s Checking existence of `"kimi.com · ~/.orbit/kimi-accounts/5c2e91a0" StaticText`
    t =   159.09s Find the "kimi.com · ~/.orbit/kimi-accounts/5c2e91a0" StaticText
    t =   159.60s Find the "kimi.com · ~/.orbit/kimi-accounts/5c2e91a0" StaticText
    t =   159.94s Find the "kimi.com · ~/.orbit/kimi-accounts/5c2e91a0" StaticText
    t =   160.65s Added attachment named 'ios-06-added-work-folded'
    t =   160.70s Tear Down
Test Case '-[KimiProbeUITests.KimiShotTests test3AddAccountNamesTheAccountThenPicksItsSite]' passed (161.134 seconds).
Test Case '-[KimiProbeUITests.KimiShotTests test4TwoAccountsEachSayTheirSiteAndWindowsAndDefaultIsNext]' started.
    t =     0.00s Start Test at 2026-10-08 17:36:19.732
    t =     0.33s Set Up
    t =     0.37s Open io.orbitd.kimiprobe
    t =     0.37s     Launch io.orbitd.kimiprobe
    t =     0.37s         Terminate io.orbitd.kimiprobe:24511
2026-10-08 17:36:26.487 xcodebuild[3181:15002] [MT] IDELaunchParametersSnapshot: The operation couldn’t be completed. (DebuggerLLDB.DebuggerVersionStore.StoreError error 0.)
2026-10-08 17:36:26.488 xcodebuild[3181:15002] [MT] IDELaunchParametersSnapshot: no debugger version
    t =    17.02s         Setting up automation session
    t =    19.40s         Wait for io.orbitd.kimiprobe to idle
    t =    22.56s Checking existence of `Any (First Match)`
    t =    24.08s Checking existence of `Any (First Match)`
    t =    27.55s Checking existence of `Any (First Match)`
    t =    27.94s Checking existence of `Any (First Match)`
    t =    28.53s Checking existence of `Any (First Match)`
    t =    29.14s Checking existence of `Any (First Match)`
    t =    29.32s Checking existence of `Any (First Match)`
    t =    29.84s Checking existence of `Any (First Match)`
    t =    30.19s Checking existence of `Any (First Match)`
    t =    30.45s Checking existence of `Any (First Match)`
    t =    30.77s Get all elements bound by index for: Elements matching predicate 'label == "NEXT"'
    t =    30.93s Get all elements bound by index for: Elements matching predicate 'label == "Default"'
    t =    31.06s Find the StaticText (Element at index 0)
    t =    31.23s Find the StaticText (Element at index 0)
    t =    31.37s Find the "Default" StaticText
    t =    31.62s Find the "NEXT" StaticText
    t =    31.75s Find the "Default" StaticText
    t =    31.87s Find the "NEXT" StaticText
    t =    32.20s Added attachment named 'ios-07-kimi-two-accounts-next-default'
    t =    32.20s Requesting snapshot of accessibility hierarchy for app with pid 30998
    t =    33.10s Requesting snapshot of accessibility hierarchy for app with pid 30998
    t =    33.34s Checking existence of `Any (First Match)`
    t =    33.70s Find the Any (First Match)
    t =    34.09s Find the "kimi.com · ~/.orbit/kimi-accounts/5c2e91a0" StaticText
    t =    34.53s Checking existence of `"kimi.com · ~/.orbit/kimi-accounts/5c2e91a0" StaticText`
    t =    34.74s Find the "kimi.com · ~/.orbit/kimi-accounts/5c2e91a0" StaticText
    t =    35.04s Press Window (First Match)[0.03, 0.62] for 0.1 seconds, then drag to Window (First Match)[0.03, 0.62] -> (0.0, -140.0) with velocity of 250.00 pixels per second, and then hold for 0.6 seconds 
    t =    35.04s     Wait for io.orbitd.kimiprobe to idle
    t =    35.04s     Find the Window (First Match)
    t =    35.07s     Check for interrupting elements affecting Window
    t =    35.20s     Synthesize event
    t =    35.22s         Find the Window at {{0.0, 0.0}, {402.0, 874.0}}
    t =    35.24s         Find the Window at {{0.0, 0.0}, {402.0, 874.0}}
    t =    35.25s         Find the Window at {{0.0, 0.0}, {402.0, 874.0}}
    t =    35.27s         Find the Window at {{0.0, 0.0}, {402.0, 874.0}}
    t =    35.29s         Find the Window at {{0.0, 0.0}, {402.0, 874.0}}
    t =    36.77s     Wait for io.orbitd.kimiprobe to idle
    t =    38.13s Checking existence of `"kimi.com · ~/.orbit/kimi-accounts/5c2e91a0" StaticText`
    t =    38.52s Find the "kimi.com · ~/.orbit/kimi-accounts/5c2e91a0" StaticText
    t =    38.84s Find the "kimi.com · ~/.orbit/kimi-accounts/5c2e91a0" StaticText
    t =    39.12s Find the "kimi.com · ~/.orbit/kimi-accounts/5c2e91a0" StaticText
    t =    39.34s Checking existence of `Any (First Match)`
    t =    39.58s Checking existence of `Any (First Match)`
    t =    39.87s Checking existence of `Any (First Match)`
    t =    40.39s Added attachment named 'ios-08-kimi-two-accounts-work'
    t =    40.40s Tear Down
Test Case '-[KimiProbeUITests.KimiShotTests test4TwoAccountsEachSayTheirSiteAndWindowsAndDefaultIsNext]' passed (40.640 seconds).
Test Case '-[KimiProbeUITests.KimiShotTests test5TheRunnerPageNamesTheNextAccount]' started.
    t =     0.00s Start Test at 2026-10-08 17:37:00.371
    t =     0.04s Set Up
    t =     0.07s Open io.orbitd.kimiprobe
    t =     0.07s     Launch io.orbitd.kimiprobe
    t =     0.07s         Terminate io.orbitd.kimiprobe:30998
2026-10-08 17:37:01.472 xcodebuild[3181:15002] [MT] IDELaunchParametersSnapshot: The operation couldn’t be completed. (DebuggerLLDB.DebuggerVersionStore.StoreError error 0.)
2026-10-08 17:37:01.472 xcodebuild[3181:15002] [MT] IDELaunchParametersSnapshot: no debugger version
    t =     2.04s         Setting up automation session
    t =     3.41s         Wait for io.orbitd.kimiprobe to idle
    t =     5.48s Checking existence of `Any (First Match)`
    t =     9.75s Checking existence of `Any (First Match)`
    t =    13.65s Checking existence of `Any (First Match)`
    t =    13.87s Find the Any (First Match)
    t =    14.10s Find the "Kimi Code, 2.1.1 · 2 accounts signed in, Next: Default, Weekly limit, 34%, Resets Tue, Oct 13 at 8:49 AM" Button
    t =    14.36s Checking existence of `"Kimi Code, 2.1.1 · 2 accounts signed in, Next: Default, Weekly limit, 34%, Resets Tue, Oct 13 at 8:49 AM" Button`
    t =    14.59s Find the "Kimi Code, 2.1.1 · 2 accounts signed in, Next: Default, Weekly limit, 34%, Resets Tue, Oct 13 at 8:49 AM" Button
    t =    14.80s Press Window (First Match)[0.03, 0.62] for 0.1 seconds, then drag to Window (First Match)[0.03, 0.62] -> (0.0, -140.0) with velocity of 250.00 pixels per second, and then hold for 0.6 seconds 
    t =    14.80s     Wait for io.orbitd.kimiprobe to idle
    t =    14.81s     Find the Window (First Match)
    t =    14.82s     Check for interrupting elements affecting Window
    t =    14.95s     Synthesize event
    t =    14.95s         Find the Window at {{0.0, 0.0}, {402.0, 874.0}}
    t =    14.96s         Find the Window at {{0.0, 0.0}, {402.0, 874.0}}
    t =    14.98s         Find the Window at {{0.0, 0.0}, {402.0, 874.0}}
    t =    14.99s         Find the Window at {{0.0, 0.0}, {402.0, 874.0}}
    t =    15.01s         Find the Window at {{0.0, 0.0}, {402.0, 874.0}}
    t =    16.48s     Wait for io.orbitd.kimiprobe to idle
    t =    17.50s Checking existence of `"Kimi Code, 2.1.1 · 2 accounts signed in, Next: Default, Weekly limit, 34%, Resets Tue, Oct 13 at 8:49 AM" Button`
    t =    17.81s Find the "Kimi Code, 2.1.1 · 2 accounts signed in, Next: Default, Weekly limit, 34%, Resets Tue, Oct 13 at 8:49 AM" Button
    t =    18.05s Find the "Kimi Code, 2.1.1 · 2 accounts signed in, Next: Default, Weekly limit, 34%, Resets Tue, Oct 13 at 8:49 AM" Button
    t =    18.29s Checking existence of `"Kimi Code, 2.1.1 · 2 accounts signed in, Next: Default, Weekly limit, 34%, Resets Tue, Oct 13 at 8:49 AM" Button`
    t =    18.53s Find the "Kimi Code, 2.1.1 · 2 accounts signed in, Next: Default, Weekly limit, 34%, Resets Tue, Oct 13 at 8:49 AM" Button
    t =    18.80s Press Window at {{0.0, 0.0}, {402.0, 874.0}}[0.03, 0.62] for 0.1 seconds, then drag to Window at {{0.0, 0.0}, {402.0, 874.0}}[0.03, 0.62] -> (0.0, -140.0) with velocity of 250.00 pixels per second, and then hold for 0.6 seconds 
    t =    18.80s     Wait for io.orbitd.kimiprobe to idle
    t =    18.80s     Find the Window at {{0.0, 0.0}, {402.0, 874.0}}
    t =    18.82s     Check for interrupting elements affecting Window
    t =    18.97s     Synthesize event
    t =    18.97s         Find the Window at {{0.0, 0.0}, {402.0, 874.0}}
    t =    19.07s         Find the Window at {{0.0, 0.0}, {402.0, 874.0}}
    t =    19.10s         Find the Window at {{0.0, 0.0}, {402.0, 874.0}}
    t =    19.12s         Find the Window at {{0.0, 0.0}, {402.0, 874.0}}
    t =    19.15s         Find the Window at {{0.0, 0.0}, {402.0, 874.0}}
    t =    20.62s     Wait for io.orbitd.kimiprobe to idle
    t =    21.65s Checking existence of `"Kimi Code, 2.1.1 · 2 accounts signed in, Next: Default, Weekly limit, 34%, Resets Tue, Oct 13 at 8:49 AM" Button`
    t =    22.00s Find the "Kimi Code, 2.1.1 · 2 accounts signed in, Next: Default, Weekly limit, 34%, Resets Tue, Oct 13 at 8:49 AM" Button
    t =    22.28s Find the "Kimi Code, 2.1.1 · 2 accounts signed in, Next: Default, Weekly limit, 34%, Resets Tue, Oct 13 at 8:49 AM" Button
    t =    22.54s Checking existence of `"Kimi Code, 2.1.1 · 2 accounts signed in, Next: Default, Weekly limit, 34%, Resets Tue, Oct 13 at 8:49 AM" Button`
    t =    22.85s Find the "Kimi Code, 2.1.1 · 2 accounts signed in, Next: Default, Weekly limit, 34%, Resets Tue, Oct 13 at 8:49 AM" Button
    t =    23.16s Press Window at {{0.0, 0.0}, {402.0, 874.0}}[0.03, 0.62] for 0.1 seconds, then drag to Window at {{0.0, 0.0}, {402.0, 874.0}}[0.03, 0.62] -> (0.0, -140.0) with velocity of 250.00 pixels per second, and then hold for 0.6 seconds 
    t =    23.16s     Wait for io.orbitd.kimiprobe to idle
    t =    23.16s     Find the Window at {{0.0, 0.0}, {402.0, 874.0}}
    t =    23.17s     Check for interrupting elements affecting Window
    t =    23.29s     Synthesize event
    t =    23.29s         Find the Window at {{0.0, 0.0}, {402.0, 874.0}}
    t =    23.32s         Find the Window at {{0.0, 0.0}, {402.0, 874.0}}
    t =    23.34s         Find the Window at {{0.0, 0.0}, {402.0, 874.0}}
    t =    23.35s         Find the Window at {{0.0, 0.0}, {402.0, 874.0}}
    t =    23.37s         Find the Window at {{0.0, 0.0}, {402.0, 874.0}}
    t =    24.86s     Wait for io.orbitd.kimiprobe to idle
    t =    25.88s Checking existence of `"Kimi Code, 2.1.1 · 2 accounts signed in, Next: Default, Weekly limit, 34%, Resets Tue, Oct 13 at 8:49 AM" Button`
    t =    26.39s Find the "Kimi Code, 2.1.1 · 2 accounts signed in, Next: Default, Weekly limit, 34%, Resets Tue, Oct 13 at 8:49 AM" Button
    t =    27.04s Find the "Kimi Code, 2.1.1 · 2 accounts signed in, Next: Default, Weekly limit, 34%, Resets Tue, Oct 13 at 8:49 AM" Button
    t =    27.32s Find the "Kimi Code, 2.1.1 · 2 accounts signed in, Next: Default, Weekly limit, 34%, Resets Tue, Oct 13 at 8:49 AM" Button
    t =    27.58s Checking existence of `"Kimi Code, 2.1.1 · 2 accounts signed in, Next: Default, Weekly limit, 34%, Resets Tue, Oct 13 at 8:49 AM" Button`
    t =    27.82s Find the "Kimi Code, 2.1.1 · 2 accounts signed in, Next: Default, Weekly limit, 34%, Resets Tue, Oct 13 at 8:49 AM" Button
    t =    28.09s Find the "Kimi Code, 2.1.1 · 2 accounts signed in, Next: Default, Weekly limit, 34%, Resets Tue, Oct 13 at 8:49 AM" Button
    t =    28.42s Find the "Kimi Code, 2.1.1 · 2 accounts signed in, Next: Default, Weekly limit, 34%, Resets Tue, Oct 13 at 8:49 AM" Button
    t =    28.67s Find the "Kimi Code, 2.1.1 · 2 accounts signed in, Next: Default, Weekly limit, 34%, Resets Tue, Oct 13 at 8:49 AM" Button
    t =    29.06s Find the "Kimi Code, 2.1.1 · 2 accounts signed in, Next: Default, Weekly limit, 34%, Resets Tue, Oct 13 at 8:49 AM" Button
    t =    29.45s Checking existence of `Any (First Match)`
    t =    29.75s Checking existence of `Any (First Match)`
    t =    30.02s Checking existence of `Any (First Match)`
    t =    30.33s Checking existence of `Any (First Match)`
    t =    30.59s Checking existence of `Button (First Match)`
    t =    30.92s Find the Button (First Match)
    t =    31.31s Find the "Kimi Code, 2.1.1 · 2 accounts signed in, Next: Default, Weekly limit, 34%, Resets Tue, Oct 13 at 8:49 AM" Button
    t =    31.61s Find the "Kimi Code, 2.1.1 · 2 accounts signed in, Next: Default, Weekly limit, 34%, Resets Tue, Oct 13 at 8:49 AM" Button
    t =    31.95s Find the "Kimi Code, 2.1.1 · 2 accounts signed in, Next: Default, Weekly limit, 34%, Resets Tue, Oct 13 at 8:49 AM" Button
    t =    32.24s Find the "Kimi Code, 2.1.1 · 2 accounts signed in, Next: Default, Weekly limit, 34%, Resets Tue, Oct 13 at 8:49 AM" Button
    t =    32.52s Checking existence of `"Kimi Code, 2.1.1 · 2 accounts signed in, Next: Default, Weekly limit, 34%, Resets Tue, Oct 13 at 8:49 AM" Button`
    t =    32.86s Find the "Kimi Code, 2.1.1 · 2 accounts signed in, Next: Default, Weekly limit, 34%, Resets Tue, Oct 13 at 8:49 AM" Button
    t =    33.16s Find the "Kimi Code, 2.1.1 · 2 accounts signed in, Next: Default, Weekly limit, 34%, Resets Tue, Oct 13 at 8:49 AM" Button
    t =    33.60s Find the "Kimi Code, 2.1.1 · 2 accounts signed in, Next: Default, Weekly limit, 34%, Resets Tue, Oct 13 at 8:49 AM" Button
    t =    34.25s Find the "Kimi Code, 2.1.1 · 2 accounts signed in, Next: Default, Weekly limit, 34%, Resets Tue, Oct 13 at 8:49 AM" Button
    t =    34.80s Find the "Kimi Code, 2.1.1 · 2 accounts signed in, Next: Default, Weekly limit, 34%, Resets Tue, Oct 13 at 8:49 AM" Button
    t =    35.40s Find the "Kimi Code, 2.1.1 · 2 accounts signed in, Next: Default, Weekly limit, 34%, Resets Tue, Oct 13 at 8:49 AM" Button
    t =    36.06s Added attachment named 'ios-09-runner-page-next'
    t =    36.07s Requesting snapshot of accessibility hierarchy for app with pid 31872
    t =    36.92s Requesting snapshot of accessibility hierarchy for app with pid 31872
    t =    37.13s Tear Down
Test Case '-[KimiProbeUITests.KimiShotTests test5TheRunnerPageNamesTheNextAccount]' passed (37.401 seconds).
Test Case '-[KimiProbeUITests.KimiShotTests test6SignInAgainMarksTheAccountsOwnSite]' started.
    t =     0.00s Start Test at 2026-10-08 17:37:37.773
    t =     0.03s Set Up
    t =     0.06s Open io.orbitd.kimiprobe
    t =     0.06s     Launch io.orbitd.kimiprobe
    t =     0.06s         Terminate io.orbitd.kimiprobe:31872
2026-10-08 17:37:38.879 xcodebuild[3181:15002] [MT] IDELaunchParametersSnapshot: The operation couldn’t be completed. (DebuggerLLDB.DebuggerVersionStore.StoreError error 0.)
2026-10-08 17:37:38.879 xcodebuild[3181:15002] [MT] IDELaunchParametersSnapshot: no debugger version
    t =     3.29s         Setting up automation session
    t =     5.21s         Wait for io.orbitd.kimiprobe to idle
    t =     7.73s Checking existence of `Any (First Match)`
    t =    10.60s Checking existence of `Any (First Match)`
    t =    14.71s Checking existence of `StaticText (First Match)`
    t =    15.28s Find the StaticText (First Match)
    t =    16.15s Find the "Work" StaticText
    t =    16.61s Find the "Work" StaticText
    t =    16.87s Press "Work" StaticText for 1.3 seconds
    t =    16.88s     Wait for io.orbitd.kimiprobe to idle
    t =    16.88s     Find the "Work" StaticText
    t =    17.18s     Check for interrupting elements affecting "Work" StaticText
    t =    17.33s     Synthesize event
    t =    18.90s     Wait for io.orbitd.kimiprobe to idle
    t =    21.67s Checking existence of `Button (First Match)`
    t =    22.45s Added attachment named 'ios-10a-work-menu'
    t =    22.46s Tap Button (First Match)
    t =    22.46s     Wait for io.orbitd.kimiprobe to idle
    t =    22.47s     Find the Button (First Match)
    t =    22.78s     Check for interrupting elements affecting "arrow.clockwise" Button
    t =    23.02s     Synthesize event
    t =    23.32s     Wait for io.orbitd.kimiprobe to idle
    t =    24.51s Checking existence of `Any (First Match)`
    t =    26.59s Get all elements bound by index for: Elements matching predicate 'label == "Current"'
    t =    26.80s Get all elements bound by index for: Elements matching predicate 'label BEGINSWITH "kimi.com"'
    t =    26.95s Checking existence of `Button (Element at index 0)`
    t =    27.25s Find the Button (Element at index 0)
    t =    27.41s Get all elements bound by index for: Elements matching predicate 'label BEGINSWITH "kimi.ai"'
    t =    27.55s Checking existence of `Button (Element at index 0)`
    t =    27.66s Find the Button (Element at index 0)
    t =    27.83s Find the StaticText (Element at index 0)
    t =    27.97s Checking existence of `"kimi.com, Mainland China, Current" Button`
    t =    28.11s Find the "kimi.com, Mainland China, Current" Button
    t =    28.25s Find the "kimi.com, Mainland China, Current" Button
    t =    28.37s Find the "kimi.com, Mainland China, Current" Button
    t =    28.51s Find the "kimi.com, Mainland China, Current" Button
    t =    28.69s Find the "kimi.com, Mainland China, Current" Button
    t =    28.85s Checking existence of `"kimi.ai, International" Button`
    t =    28.96s Find the "kimi.ai, International" Button
    t =    29.08s Find the "kimi.ai, International" Button
    t =    29.21s Find the "kimi.ai, International" Button
    t =    29.36s Find the "kimi.ai, International" Button
    t =    29.48s Find the "kimi.ai, International" Button
    t =    29.61s Find the "Current" StaticText
    t =    29.75s Find the "kimi.com, Mainland China, Current" Button
    t =    29.89s Find the "Current" StaticText
    t =    30.05s Find the "kimi.com, Mainland China, Current" Button
    t =    30.17s Checking existence of `"kimi.ai, International" Button`
    t =    30.29s Find the "kimi.ai, International" Button
    t =    30.43s Find the "kimi.ai, International" Button
    t =    30.54s Checking existence of `"kimi.ai, International" Button`
    t =    30.64s Find the "kimi.ai, International" Button
    t =    30.82s Press Window (First Match)[0.03, 0.62] for 0.1 seconds, then drag to Window (First Match)[0.03, 0.62] -> (0.0, -140.0) with velocity of 250.00 pixels per second, and then hold for 0.6 seconds 
    t =    30.82s     Wait for io.orbitd.kimiprobe to idle
    t =    30.82s     Find the Window (First Match)
    t =    30.84s     Check for interrupting elements affecting Window
    t =    31.00s     Synthesize event
    t =    31.00s         Find the Window at {{0.0, 0.0}, {402.0, 874.0}}
    t =    31.03s         Find the Window at {{0.0, 0.0}, {402.0, 874.0}}
    t =    31.07s         Find the Window at {{0.0, 0.0}, {402.0, 874.0}}
    t =    31.08s         Find the Window at {{0.0, 0.0}, {402.0, 874.0}}
    t =    31.11s         Find the Window at {{0.0, 0.0}, {402.0, 874.0}}
    t =    32.58s     Wait for io.orbitd.kimiprobe to idle
    t =    33.61s Checking existence of `"kimi.ai, International" Button`
    t =    33.78s Find the "kimi.ai, International" Button
    t =    33.91s Find the "kimi.ai, International" Button
    t =    34.03s Checking existence of `"kimi.ai, International" Button`
    t =    34.12s Find the "kimi.ai, International" Button
    t =    34.23s Press Window at {{0.0, 0.0}, {402.0, 874.0}}[0.03, 0.62] for 0.1 seconds, then drag to Window at {{0.0, 0.0}, {402.0, 874.0}}[0.03, 0.62] -> (0.0, -140.0) with velocity of 250.00 pixels per second, and then hold for 0.6 seconds 
    t =    34.23s     Wait for io.orbitd.kimiprobe to idle
    t =    34.24s     Find the Window at {{0.0, 0.0}, {402.0, 874.0}}
    t =    34.25s     Check for interrupting elements affecting Window
    t =    34.37s     Synthesize event
    t =    34.37s         Find the Window at {{0.0, 0.0}, {402.0, 874.0}}
    t =    34.39s         Find the Window at {{0.0, 0.0}, {402.0, 874.0}}
    t =    34.41s         Find the Window at {{0.0, 0.0}, {402.0, 874.0}}
    t =    34.43s         Find the Window at {{0.0, 0.0}, {402.0, 874.0}}
    t =    34.45s         Find the Window at {{0.0, 0.0}, {402.0, 874.0}}
    t =    35.91s     Wait for io.orbitd.kimiprobe to idle
    t =    36.97s Checking existence of `"kimi.ai, International" Button`
    t =    37.09s Find the "kimi.ai, International" Button
    t =    37.22s Find the "kimi.ai, International" Button
    t =    37.34s Find the "kimi.ai, International" Button
    t =    37.64s Added attachment named 'ios-10-work-sign-in-again-current-kimi-com'
    t =    37.66s Tear Down
Test Case '-[KimiProbeUITests.KimiShotTests test6SignInAgainMarksTheAccountsOwnSite]' passed (37.919 seconds).
Test Case '-[KimiProbeUITests.KimiShotTests test7NextOnTheOtherEnginesPages]' started.
    t =     0.00s Start Test at 2026-10-08 17:38:15.693
    t =     0.03s Set Up
    t =     0.07s Open io.orbitd.kimiprobe
    t =     0.07s     Launch io.orbitd.kimiprobe
    t =     0.07s         Terminate io.orbitd.kimiprobe:33625
2026-10-08 17:38:16.800 xcodebuild[3181:15002] [MT] IDELaunchParametersSnapshot: The operation couldn’t be completed. (DebuggerLLDB.DebuggerVersionStore.StoreError error 0.)
2026-10-08 17:38:16.801 xcodebuild[3181:15002] [MT] IDELaunchParametersSnapshot: no debugger version
    t =     2.47s         Setting up automation session
    t =     4.41s         Wait for io.orbitd.kimiprobe to idle
    t =     7.05s Checking existence of `Any (First Match)`
    t =    11.35s Checking existence of `Any (First Match)`
    t =    14.37s Checking existence of `Any (First Match)`
    t =    14.85s Find the Any (First Match)
    t =    15.26s Find the "alex.team@example.com" StaticText
    t =    15.74s Find the "alex.team@example.com" StaticText
    t =    16.09s Get all elements bound by index for: Elements matching predicate 'label == "NEXT"'
    t =    16.22s Get all elements bound by index for: Elements matching predicate 'label == "alex.team@example.com"'
    t =    16.35s Find the StaticText (Element at index 0)
    t =    16.49s Find the StaticText (Element at index 0)
    t =    16.61s Find the "alex.team@example.com" StaticText
    t =    16.72s Find the "NEXT" StaticText
    t =    16.84s Find the "alex.team@example.com" StaticText
    t =    16.95s Find the "NEXT" StaticText
    t =    17.23s Added attachment named 'ios-11-claude-next-team'
    t =    17.23s Terminate io.orbitd.kimiprobe:35192
    t =    18.26s Open io.orbitd.kimiprobe
    t =    18.26s     Launch io.orbitd.kimiprobe
2026-10-08 17:38:33.954 xcodebuild[3181:15002] [MT] IDELaunchParametersSnapshot: The operation couldn’t be completed. (DebuggerLLDB.DebuggerVersionStore.StoreError error 0.)
2026-10-08 17:38:33.954 xcodebuild[3181:15002] [MT] IDELaunchParametersSnapshot: no debugger version
    t =    19.24s         Setting up automation session
    t =    21.75s         Wait for io.orbitd.kimiprobe to idle
    t =    24.12s Checking existence of `Any (First Match)`
    t =    27.43s Get all elements bound by index for: Elements matching predicate 'label == "NEXT"'
    t =    27.88s Get all elements bound by index for: Elements matching predicate 'label == "Pro"'
    t =    27.99s Find the StaticText (Element at index 0)
    t =    28.13s Find the StaticText (Element at index 0)
    t =    28.28s Find the "Pro" StaticText
    t =    28.40s Find the "NEXT" StaticText
    t =    28.52s Find the "Pro" StaticText
    t =    28.64s Find the "NEXT" StaticText
    t =    28.96s Added attachment named 'ios-12-codex-next-pro'
    t =    28.96s Terminate io.orbitd.kimiprobe:36283
    t =    29.99s Open io.orbitd.kimiprobe
    t =    29.99s     Launch io.orbitd.kimiprobe
2026-10-08 17:38:45.685 xcodebuild[3181:15002] [MT] IDELaunchParametersSnapshot: The operation couldn’t be completed. (DebuggerLLDB.DebuggerVersionStore.StoreError error 0.)
2026-10-08 17:38:45.685 xcodebuild[3181:15002] [MT] IDELaunchParametersSnapshot: no debugger version
    t =    30.58s         Setting up automation session
    t =    32.90s         Wait for io.orbitd.kimiprobe to idle
    t =    35.11s Checking existence of `Any (First Match)`
    t =    37.78s Get all elements bound by index for: Elements matching predicate 'label == "NEXT"'
    t =    38.05s Get all elements bound by index for: Elements matching predicate 'label == "Default"'
    t =    38.19s Find the StaticText (Element at index 0)
    t =    38.35s Find the StaticText (Element at index 0)
    t =    38.48s Find the "Default" StaticText
    t =    38.62s Find the "NEXT" StaticText
    t =    38.75s Find the "Default" StaticText
    t =    38.87s Find the "NEXT" StaticText
    t =    39.22s Added attachment named 'ios-13-antigravity-next-default'
    t =    39.23s Tear Down
Test Case '-[KimiProbeUITests.KimiShotTests test7NextOnTheOtherEnginesPages]' passed (39.533 seconds).
Test Case '-[KimiProbeUITests.KimiShotTests test8TheComposerMovesAKimiSessionBetweenAccounts]' started.
    t =     0.00s Start Test at 2026-10-08 17:38:55.227
    t =     0.04s Set Up
    t =     0.07s Open io.orbitd.kimiprobe
    t =     0.07s     Launch io.orbitd.kimiprobe
    t =     0.08s         Terminate io.orbitd.kimiprobe:36506
2026-10-08 17:38:56.322 xcodebuild[3181:15002] [MT] IDELaunchParametersSnapshot: The operation couldn’t be completed. (DebuggerLLDB.DebuggerVersionStore.StoreError error 0.)
2026-10-08 17:38:56.322 xcodebuild[3181:15002] [MT] IDELaunchParametersSnapshot: no debugger version
    t =     1.73s         Setting up automation session
    t =     3.96s         Wait for io.orbitd.kimiprobe to idle
    t =     6.35s Checking existence of `Any (First Match)`
    t =    10.34s Get all elements bound by index for: Elements matching predicate 'label BEGINSWITH "Plan usage"'
    t =    10.64s Checking existence of `Button (Element at index 0)`
    t =    10.76s Find the Button (Element at index 0)
    t =    10.94s Checking existence of `"Plan usage 91%" Button`
    t =    11.08s Find the "Plan usage 91%" Button
    t =    11.22s Find the "Plan usage 91%" Button
    t =    11.35s Find the "Plan usage 91%" Button
    t =    11.47s Find the "Plan usage 91%" Button
    t =    11.63s Find the "Plan usage 91%" Button
    t =    11.81s Find the "Plan usage 91%" Button
    t =    12.12s Added attachment named 'ios-14-console-on-work'
    t =    12.12s Get all elements bound by index for: Elements matching predicate 'label BEGINSWITH "Model K3"'
    t =    12.24s Checking existence of `Button (Element at index 0)`
    t =    12.33s Find the Button (Element at index 0)
    t =    12.49s Checking existence of `"Model K3, effort High" Button`
    t =    12.61s Find the "Model K3, effort High" Button
    t =    12.73s Find the "Model K3, effort High" Button
    t =    12.83s Find the "Model K3, effort High" Button
    t =    12.94s Find the "Model K3, effort High" Button
    t =    13.04s Find the "Model K3, effort High" Button
    t =    13.15s Checking existence of `"Model K3, effort High" Button`
    t =    13.23s Tap "Model K3, effort High" Button
    t =    13.23s     Wait for io.orbitd.kimiprobe to idle
    t =    13.23s     Find the "Model K3, effort High" Button
    t =    13.35s     Check for interrupting elements affecting "Model K3, effort High" Button
    t =    13.45s     Synthesize event
    t =    13.75s     Wait for io.orbitd.kimiprobe to idle
    t =    16.67s Get all elements bound by index for: Elements matching predicate 'label BEGINSWITH "Provider"'
    t =    16.87s Checking existence of `Button (Element at index 0)`
    t =    17.05s Find the Button (Element at index 0)
    t =    17.30s Checking existence of `"Provider, Kimi" Button`
    t =    17.43s Find the "Provider, Kimi" Button
    t =    17.54s Find the "Provider, Kimi" Button
    t =    17.64s Find the "Provider, Kimi" Button
    t =    17.74s Find the "Provider, Kimi" Button
    t =    17.83s Find the "Provider, Kimi" Button
    t =    17.95s Checking existence of `"Provider, Kimi" Button`
    t =    18.26s Added attachment named 'ios-15-model-menu-provider'
    t =    18.27s Requesting snapshot of accessibility hierarchy for app with pid 37030
    t =    18.83s Requesting snapshot of accessibility hierarchy for app with pid 37030
    t =    19.00s Tap "Provider, Kimi" Button
    t =    19.00s     Wait for io.orbitd.kimiprobe to idle
    t =    19.01s     Find the "Provider, Kimi" Button
    t =    19.13s     Check for interrupting elements affecting "Provider, Kimi" Button
    t =    19.21s     Synthesize event
    t =    19.53s     Wait for io.orbitd.kimiprobe to idle
    t =    22.98s Get all elements bound by index for: Elements matching predicate 'label == "Kimi"'
    t =    23.09s Checking existence of `Button (First Match)`
    t =    23.18s Checking existence of `Button (First Match)`
    t =    23.28s Checking existence of `Button (First Match)`
    t =    23.62s Added attachment named 'ios-16-provider-kimi-accounts'
    t =    23.63s Requesting snapshot of accessibility hierarchy for app with pid 37030
    t =    24.22s Requesting snapshot of accessibility hierarchy for app with pid 37030
    t =    24.40s Get all elements bound by index for: Elements matching predicate 'label BEGINSWITH "Default"'
    t =    24.54s Checking existence of `Button (Element at index 0)`
    t =    24.67s Find the Button (Element at index 0)
    t =    24.77s Checking existence of `Button (Element at index 1)`
    t =    24.92s Find the Button (Element at index 1)
    t =    25.33s Checking existence of `"Default" Button`
    t =    25.63s Find the "Default" Button
    t =    25.79s Find the "Default" Button
    t =    25.88s Find the "Default" Button
    t =    25.97s Find the "Default" Button
    t =    26.08s Find the "Default" Button
    t =    26.17s Find the "Default" Button
    t =    26.30s Find the "Default" Button
    t =    26.38s Checking existence of `"Default" Button`
    t =    26.49s Tap "Default" Button
    t =    26.49s     Wait for io.orbitd.kimiprobe to idle
    t =    26.49s     Find the "Default" Button
    t =    26.59s     Check for interrupting elements affecting "Default" Button
    t =    26.66s     Synthesize event
    t =    26.99s     Wait for io.orbitd.kimiprobe to idle
    t =    32.52s Get all elements bound by index for: Elements matching predicate 'label BEGINSWITH "Plan usage"'
    t =    32.63s Checking existence of `Button (Element at index 0)`
    t =    32.72s Find the Button (Element at index 0)
    t =    32.80s Checking existence of `"Plan usage 34%" Button`
    t =    32.88s Find the "Plan usage 34%" Button
    t =    32.98s Find the "Plan usage 34%" Button
    t =    33.26s Find the "Plan usage 34%" Button
    t =    33.38s Find the "Plan usage 34%" Button
    t =    33.46s Find the "Plan usage 34%" Button
    t =    33.56s Find the "Plan usage 34%" Button
    t =    33.78s Added attachment named 'ios-17-moved-to-default'
    t =    33.79s Get all elements bound by index for: Descendants matching type TextView
    t =    33.85s Checking existence of `TextView (Element at index 0)`
    t =    33.94s Find the TextView (Element at index 0)
    t =    34.00s Checking existence of `TextView (Element at index 1)`
    t =    34.07s Find the TextView (Element at index 1)
    t =    34.14s Checking existence of `TextView (Element at index 2)`
    t =    34.20s Find the TextView (Element at index 2)
    t =    34.27s Checking existence of `TextView (Element at index 3)`
    t =    34.32s Find the TextView (Element at index 3)
    t =    34.38s Checking existence of `TextView (Element at index 4)`
    t =    34.44s Find the TextView (Element at index 4)
    t =    34.50s Checking existence of `TextView (Element at index 5)`
    t =    34.56s Find the TextView (Element at index 5)
    t =    34.62s Checking existence of `TextView (Element at index 6)`
    t =    34.68s Find the TextView (Element at index 6)
    t =    34.74s Checking existence of `TextView (Element at index 7)`
    t =    34.80s Find the TextView (Element at index 7)
    t =    34.86s Checking existence of `TextView (Element at index 8)`
    t =    34.94s Find the TextView (Element at index 8)
    t =    35.01s Checking existence of `TextView (Element at index 9)`
    t =    35.07s Find the TextView (Element at index 9)
    t =    35.14s Find the TextView at {{32.0, 754.0}, {338.0, 22.0}}
    t =    35.21s Find the "Kimi 的额度从哪儿读？" TextView
    t =    35.28s Find the TextView at {{32.0, 754.0}, {338.0, 22.0}}
    t =    35.36s Find the "账号目录 config.toml 里 managed:kimi-code 的 base_url 加 /usages，带上这个账号的 access token 就行。" TextView
    t =    35.44s Find the TextView at {{32.0, 754.0}, {338.0, 22.0}}
    t =    35.50s Find the "把 /usages 的返回整理成表，再接着写解析。" TextView
    t =    35.58s Find the TextView at {{32.0, 754.0}, {338.0, 22.0}}
    t =    35.66s Find the "四个窗口都是 {used_ratio, reset_time}：limit_5h、limit_7d、limit_month_total，还有 limit_month_code——月度里 Kimi Code 用掉的那段。
表写在 notes/usages.m" TextView
    t =    35.73s Find the TextView at {{32.0, 754.0}, {338.0, 22.0}}
    t =    35.80s Find the "Kimi 的额度从哪儿读？" TextView
    t =    35.88s Find the TextView at {{32.0, 754.0}, {338.0, 22.0}}
    t =    35.95s Find the "账号目录 config.toml 里 managed:kimi-code 的 base_url 加 /usages，带上这个账号的 access token 就行。" TextView
    t =    36.04s Find the TextView at {{32.0, 754.0}, {338.0, 22.0}}
    t =    36.12s Find the "把 /usages 的返回整理成表，再接着写解析。" TextView
    t =    36.21s Find the TextView at {{32.0, 754.0}, {338.0, 22.0}}
    t =    36.27s Find the "四个窗口都是 {used_ratio, reset_time}：limit_5h、limit_7d、limit_month_total，还有 limit_month_code——月度里 Kimi Code 用掉的那段。" TextView
    t =    36.36s Find the TextView at {{32.0, 754.0}, {338.0, 22.0}}
    t =    36.45s Find the "表写在 notes/usages.md，下一步写 parseUsages()。" TextView
    t =    36.57s Waiting 10.0s for TextView at {{32.0, 754.0}, {338.0, 22.0}} to exist
    t =    37.58s     Checking `Expect predicate `existsNoRetry == 1` for object TextView at {{32.0, 754.0}, {338.0, 22.0}}`
    t =    37.58s         Checking existence of `TextView at {{32.0, 754.0}, {338.0, 22.0}}`
    t =    37.64s Tap TextView at {{32.0, 754.0}, {338.0, 22.0}}
    t =    37.64s     Wait for io.orbitd.kimiprobe to idle
    t =    37.64s     Find the TextView at {{32.0, 754.0}, {338.0, 22.0}}
    t =    37.72s     Check for interrupting elements affecting TextView
    t =    37.81s     Synthesize event
    t =    38.16s     Wait for io.orbitd.kimiprobe to idle
    t =    44.80s Type '换到 Default 了，接着写 p...' into TextView at {{32.0, 754.0}, {338.0, 22.0}}
    t =    44.81s     Wait for io.orbitd.kimiprobe to idle
    t =    44.82s     Find the TextView at {{32.0, 754.0}, {338.0, 22.0}}
    t =    45.21s     Check for interrupting elements affecting TextView
    t =    45.32s     Synthesize event
    t =    46.07s     Wait for io.orbitd.kimiprobe to idle
    t =    46.89s Checking existence of `Button (First Match)`
    t =    48.02s Checking existence of `Button (First Match)`
    t =    48.48s Checking existence of `Button (First Match)`
    t =    48.91s Checking existence of `Button (First Match)`
    t =    49.16s Checking existence of `Button (First Match)`
    t =    49.39s Find the Button (First Match)
    t =    49.64s Find the "arrow.up.circle.fill" Button
    t =    49.91s Find the "arrow.up.circle.fill" Button
    t =    50.24s Find the "arrow.up.circle.fill" Button
    t =    50.55s Find the "arrow.up.circle.fill" Button
    t =    50.84s Checking existence of `"arrow.up.circle.fill" Button`
    t =    51.16s Find the "arrow.up.circle.fill" Button
    t =    51.44s Tap "arrow.up.circle.fill" Button
    t =    51.44s     Wait for io.orbitd.kimiprobe to idle
    t =    51.45s     Find the "arrow.up.circle.fill" Button
    t =    51.76s     Check for interrupting elements affecting "arrow.up.circle.fill" Button
    t =    51.84s     Synthesize event
    t =    52.17s     Wait for io.orbitd.kimiprobe to idle
    t =    52.18s Checking existence of `Any (First Match)`
    t =    54.70s Checking existence of `Any (First Match)`
    t =    57.11s Checking existence of `Keyboard (First Match)`
    t =    57.14s Tap Window (First Match)[0.50, 0.30]
    t =    57.14s     Wait for io.orbitd.kimiprobe to idle
    t =    57.15s     Find the Window (First Match)
    t =    57.16s     Check for interrupting elements affecting Window
    t =    57.28s     Synthesize event
    t =    57.30s         Find the Window at {{0.0, 0.0}, {402.0, 874.0}}
    t =    57.38s         Find the Window at {{0.0, 0.0}, {402.0, 874.0}}
    t =    57.41s         Find the Window at {{0.0, 0.0}, {402.0, 874.0}}
    t =    57.73s     Wait for io.orbitd.kimiprobe to idle
    t =    59.07s Added attachment named 'ios-18-same-conversation-goes-on'
    t =    59.08s Get all elements bound by index for: Elements matching predicate 'label BEGINSWITH "Plan usage"'
    t =    62.39s Checking existence of `Button (Element at index 0)`
    t =    63.52s Find the Button (Element at index 0)
    t =    63.94s Tap "Plan usage 34%" Button
    t =    63.94s     Wait for io.orbitd.kimiprobe to idle
    t =    63.95s     Find the "Plan usage 34%" Button
    t =    64.20s     Check for interrupting elements affecting "Plan usage 34%" Button
    t =    64.39s     Synthesize event
    t =    64.75s     Wait for io.orbitd.kimiprobe to idle
    t =    64.90s Checking existence of `Any (First Match)`
    t =    67.32s Checking existence of `Any (First Match)`
    t =    67.48s Checking existence of `Any (First Match)`
    t =    67.64s Checking existence of `Any (First Match)`
    t =    68.00s Checking existence of `Any (First Match)`
    t =    68.12s Checking existence of `Any (First Match)`
    t =    68.29s Checking existence of `Any (First Match)`
    t =    69.14s Added attachment named 'ios-19-plan-usage-default'
    t =    69.17s Tear Down
Test Case '-[KimiProbeUITests.KimiShotTests test8TheComposerMovesAKimiSessionBetweenAccounts]' passed (69.527 seconds).
Test Case '-[KimiProbeUITests.KimiShotTests test9DarkPage]' started.
    t =     0.00s Start Test at 2026-10-08 17:40:04.754
    t =     0.12s Set Up
    t =     0.16s Open io.orbitd.kimiprobe
    t =     0.17s     Launch io.orbitd.kimiprobe
    t =     0.17s         Terminate io.orbitd.kimiprobe:37030
2026-10-08 17:40:06.947 xcodebuild[3181:15002] [MT] IDELaunchParametersSnapshot: The operation couldn’t be completed. (DebuggerLLDB.DebuggerVersionStore.StoreError error 0.)
2026-10-08 17:40:06.948 xcodebuild[3181:15002] [MT] IDELaunchParametersSnapshot: no debugger version
    t =    10.26s         Setting up automation session
    t =    14.89s         Wait for io.orbitd.kimiprobe to idle
    t =    18.63s Checking existence of `Any (First Match)`
    t =    20.69s Checking existence of `Any (First Match)`
    t =    23.20s Checking existence of `Any (First Match)`
    t =    28.00s Get all elements bound by index for: Elements matching predicate 'label == "NEXT"'
    t =    28.16s Get all elements bound by index for: Elements matching predicate 'label == "Default"'
    t =    28.30s Find the StaticText (Element at index 0)
    t =    28.46s Find the StaticText (Element at index 0)
    t =    28.59s Find the "Default" StaticText
    t =    28.77s Find the "NEXT" StaticText
    t =    28.88s Find the "Default" StaticText
    t =    29.00s Find the "NEXT" StaticText
    t =    29.46s Added attachment named 'ios-20-kimi-two-accounts-dark'
    t =    29.46s Tear Down
Test Case '-[KimiProbeUITests.KimiShotTests test9DarkPage]' passed (29.696 seconds).
Test Suite 'KimiShotTests' passed at 2026-10-08 17:40:34.452.
	 Executed 11 tests, with 0 failures (0 unexpected) in 585.717 (585.730) seconds
Test Suite 'KimiProbeUITests.xctest' passed at 2026-10-08 17:40:34.453.
	 Executed 11 tests, with 0 failures (0 unexpected) in 585.717 (585.731) seconds
Test Suite 'All tests' passed at 2026-10-08 17:40:34.453.
	 Executed 11 tests, with 0 failures (0 unexpected) in 585.717 (585.733) seconds
2026-10-08 17:41:17.535 xcodebuild[3181:15002] [MT] IDETestOperationsObserverDebug: 672.761 elapsed -- Testing started completed.
2026-10-08 17:41:17.541 xcodebuild[3181:15002] [MT] IDETestOperationsObserverDebug: 0.000 sec, +0.000 sec -- start
2026-10-08 17:41:17.541 xcodebuild[3181:15002] [MT] IDETestOperationsObserverDebug: 672.761 sec, +672.761 sec -- end

Test session results, code coverage, and logs:
	/Users/runner/work/orbit/orbit/.kimi-probe/results/ios.xcresult

** TEST SUCCEEDED **

Testing started
