Command line invocation:
    /Applications/Xcode_26.6.app/Contents/Developer/usr/bin/xcodebuild test -project IpadProbe.xcodeproj -scheme IpadProbe -destination id=A2011F14-88A1-46AA-999A-FD6FEDCD870B -derivedDataPath .dd -resultBundlePath results/ipad.xcresult "-only-testing:IpadProbeUITests/RowEdgeTests" CODE_SIGNING_ALLOWED=YES CODE_SIGN_IDENTITY=-

Build settings from command line:
    CODE_SIGN_IDENTITY = -
    CODE_SIGNING_ALLOWED = YES

Resolve Package Graph

Fetching from https://github.com/swiftlang/swift-cmark.git

Fetching from https://github.com/apple/swift-markdown

Creating working copy of package ‘swift-cmark’

Checking out 0.9.0 of package ‘swift-cmark’

Creating working copy of package ‘swift-markdown’

Checking out 0.9.0 of package ‘swift-markdown’


Resolved source packages:
  OrbitKit: /Users/runner/work/orbit/orbit/src/macos/OrbitKit
  cmark-gfm: https://github.com/swiftlang/swift-cmark.git @ 0.9.0
  swift-markdown: https://github.com/apple/swift-markdown @ 0.9.0

Writing result bundle at path:
	/Users/runner/work/orbit/orbit/.ipad-probe/results/ipad.xcresult

--- xcodebuild: WARNING: Using the first of multiple matching destinations:
{ platform:iOS Simulator, arch:arm64, id:A2011F14-88A1-46AA-999A-FD6FEDCD870B, OS:26.5, name:iPad Pro 13-inch (M5) }
{ platform:iOS Simulator, arch:x86_64, id:A2011F14-88A1-46AA-999A-FD6FEDCD870B, OS:26.5, name:iPad Pro 13-inch (M5) }
note: Using codesigning identity override: -
ComputePackagePrebuildTargetDependencyGraph

Prepare packages

CreateBuildRequest

SendProjectDescription

CreateBuildOperation

ComputeTargetDependencyGraph
note: Building targets in dependency order
note: Target dependency graph (11 targets)
    Target 'IpadProbeUITests' in project 'IpadProbe'
        ➜ Explicit dependency on target 'IpadProbe' in project 'IpadProbe'
    Target 'IpadProbe' in project 'IpadProbe'
        ➜ Explicit dependency on target 'OrbitKit' in project 'OrbitKit'
    Target 'OrbitKit' in project 'OrbitKit'
        ➜ Explicit dependency on target 'OrbitKit' in project 'OrbitKit'
        ➜ Explicit dependency on target 'Markdown' in project 'swift-markdown'
    Target 'OrbitKit' in project 'OrbitKit'
        ➜ Explicit dependency on target 'Markdown' in project 'swift-markdown'
    Target 'Markdown' in project 'swift-markdown'
        ➜ Explicit dependency on target 'Markdown' in project 'swift-markdown'
        ➜ Explicit dependency on target 'CAtomic' in project 'swift-markdown'
        ➜ Explicit dependency on target 'cmark-gfm' in project 'cmark-gfm'
        ➜ Explicit dependency on target 'cmark-gfm-extensions' in project 'cmark-gfm'
    Target 'Markdown' in project 'swift-markdown'
        ➜ Explicit dependency on target 'CAtomic' in project 'swift-markdown'
        ➜ Explicit dependency on target 'cmark-gfm' in project 'cmark-gfm'
        ➜ Explicit dependency on target 'cmark-gfm-extensions' in project 'cmark-gfm'
    Target 'cmark-gfm-extensions' in project 'cmark-gfm'
        ➜ Explicit dependency on target 'cmark-gfm-extensions' in project 'cmark-gfm'
        ➜ Explicit dependency on target 'cmark-gfm' in project 'cmark-gfm'
    Target 'cmark-gfm-extensions' in project 'cmark-gfm'
        ➜ Explicit dependency on target 'cmark-gfm' in project 'cmark-gfm'
    Target 'cmark-gfm' in project 'cmark-gfm'
        ➜ Explicit dependency on target 'cmark-gfm' in project 'cmark-gfm'
    Target 'cmark-gfm' in project 'cmark-gfm' (no dependencies)
    Target 'CAtomic' in project 'swift-markdown' (no dependencies)

GatherProvisioningInputs

CreateBuildDescription

ExecuteExternalTool /Applications/Xcode_26.6.app/Contents/Developer/Toolchains/XcodeDefault.xctoolchain/usr/bin/clang -v -E -dM -arch arm64 -isysroot /Applications/Xcode_26.6.app/Contents/Developer/Platforms/iPhoneSimulator.platform/Developer/SDKs/iPhoneSimulator26.5.sdk -x c -c /dev/null

ExecuteExternalTool /Applications/Xcode_26.6.app/Contents/Developer/Toolchains/XcodeDefault.xctoolchain/usr/bin/swiftc --version

ExecuteExternalTool /Applications/Xcode_26.6.app/Contents/Developer/usr/bin/actool --print-asset-tag-combinations --output-format xml1 /Users/runner/work/orbit/orbit/src/ios/Support/Assets.xcassets

ExecuteExternalTool /Applications/Xcode_26.6.app/Contents/Developer/Toolchains/XcodeDefault.xctoolchain/usr/bin/clang -v -E -dM -isysroot /Applications/Xcode_26.6.app/Contents/Developer/Platforms/iPhoneSimulator.platform/Developer/SDKs/iPhoneSimulator26.5.sdk -x c -c /dev/null

ExecuteExternalTool /Applications/Xcode_26.6.app/Contents/Developer/Toolchains/XcodeDefault.xctoolchain/usr/bin/ld -version_details

ReadFileContents /Applications/Xcode_26.6.app/Contents/Developer/Toolchains/XcodeDefault.xctoolchain/usr/share/docc/features.json

ExecuteExternalTool /Applications/Xcode_26.6.app/Contents/Developer/usr/bin/actool --version --output-format xml1

Build description signature: 773a63093befed65a5cb1e06b71463c3
Build description path: /Users/runner/work/orbit/orbit/.ipad-probe/.dd/Build/Intermediates.noindex/XCBuildData/773a63093befed65a5cb1e06b71463c3.xcbuilddata
ClangStatCache /Applications/Xcode_26.6.app/Contents/Developer/Toolchains/XcodeDefault.xctoolchain/usr/bin/clang-stat-cache /Applications/Xcode_26.6.app/Contents/Developer/Platforms/iPhoneSimulator.platform/Developer/SDKs/iPhoneSimulator26.5.sdk /Users/runner/work/orbit/orbit/.ipad-probe/.dd/SDKStatCaches.noindex/iphonesimulator26.5-23F81a-688ef53f1462e2c8f657fdc38a81448ff45c64a1807a658693f2a61704f17a36.sdkstatcache
    cd /Users/runner/work/orbit/orbit/.ipad-probe/IpadProbe.xcodeproj
    /Applications/Xcode_26.6.app/Contents/Developer/Toolchains/XcodeDefault.xctoolchain/usr/bin/clang-stat-cache /Applications/Xcode_26.6.app/Contents/Developer/Platforms/iPhoneSimulator.platform/Developer/SDKs/iPhoneSimulator26.5.sdk -o /Users/runner/work/orbit/orbit/.ipad-probe/.dd/SDKStatCaches.noindex/iphonesimulator26.5-23F81a-688ef53f1462e2c8f657fdc38a81448ff45c64a1807a658693f2a61704f17a36.sdkstatcache

CreateBuildDirectory /Users/runner/work/orbit/orbit/.ipad-probe/.dd/Build/Products
    cd /Users/runner/work/orbit/orbit/.ipad-probe/IpadProbe.xcodeproj
    builtin-create-build-directory /Users/runner/work/orbit/orbit/.ipad-probe/.dd/Build/Products

CreateBuildDirectory /Users/runner/work/orbit/orbit/.ipad-probe/.dd/Build/Intermediates.noindex
    cd /Users/runner/work/orbit/orbit/.ipad-probe/IpadProbe.xcodeproj
    builtin-create-build-directory /Users/runner/work/orbit/orbit/.ipad-probe/.dd/Build/Intermediates.noindex

WriteAuxiliaryFile /Users/runner/work/orbit/orbit/.ipad-probe/.dd/Build/Intermediates.noindex/IpadProbe.build/Debug-iphonesimulator/IpadProbe-af27921b01a1bbdc34119b89b709bb2d-VFS-iphonesimulator/all-product-headers.yaml
    cd /Users/runner/work/orbit/orbit/.ipad-probe/IpadProbe.xcodeproj
    write-file /Users/runner/work/orbit/orbit/.ipad-probe/.dd/Build/Intermediates.noindex/IpadProbe.build/Debug-iphonesimulator/IpadProbe-af27921b01a1bbdc34119b89b709bb2d-VFS-iphonesimulator/all-product-headers.yaml

CreateBuildDirectory /Users/runner/work/orbit/orbit/.ipad-probe/.dd/Build/Products/Debug-iphonesimulator
    cd /Users/runner/work/orbit/orbit/.ipad-probe/IpadProbe.xcodeproj
    builtin-create-build-directory /Users/runner/work/orbit/orbit/.ipad-probe/.dd/Build/Products/Debug-iphonesimulator

CreateBuildDirectory /Users/runner/work/orbit/orbit/.ipad-probe/.dd/Build/Intermediates.noindex/SwiftExplicitPrecompiledModules
    cd /Users/runner/work/orbit/orbit/.ipad-probe/IpadProbe.xcodeproj
    builtin-create-build-directory /Users/runner/work/orbit/orbit/.ipad-probe/.dd/Build/Intermediates.noindex/SwiftExplicitPrecompiledModules

CreateBuildDirectory /Users/runner/work/orbit/orbit/.ipad-probe/.dd/Build/Intermediates.noindex/ExplicitPrecompiledModules
    cd /Users/runner/work/orbit/orbit/.ipad-probe/IpadProbe.xcodeproj
    builtin-create-build-directory /Users/runner/work/orbit/orbit/.ipad-probe/.dd/Build/Intermediates.noindex/ExplicitPrecompiledModules

CreateBuildDirectory /Users/runner/work/orbit/orbit/.ipad-probe/.dd/Build/Intermediates.noindex/EagerLinkingTBDs/Debug-iphonesimulator
    cd /Users/runner/work/orbit/orbit/.ipad-probe/IpadProbe.xcodeproj
    builtin-create-build-directory /Users/runner/work/orbit/orbit/.ipad-probe/.dd/Build/Intermediates.noindex/EagerLinkingTBDs/Debug-iphonesimulator

CreateBuildDirectory /Users/runner/work/orbit/orbit/.ipad-probe/.dd/Build/Products/Debug-iphonesimulator/PackageFrameworks
    cd /Users/runner/work/orbit/orbit/.ipad-probe/IpadProbe.xcodeproj
    builtin-create-build-directory /Users/runner/work/orbit/orbit/.ipad-probe/.dd/Build/Products/Debug-iphonesimulator/PackageFrameworks

WriteAuxiliaryFile /Users/runner/work/orbit/orbit/.ipad-probe/.dd/Build/Intermediates.noindex/swift-markdown.build/Debug-iphonesimulator/CAtomic.build/Objects-normal/arm64/7187679823f38a2a940e0043cdf9d637-common-args.resp (in target 'CAtomic' from project 'swift-markdown')
    cd /Users/runner/work/orbit/orbit/.ipad-probe/.dd/SourcePackages/checkouts/swift-markdown
    write-file /Users/runner/work/orbit/orbit/.ipad-probe/.dd/Build/Intermediates.noindex/swift-markdown.build/Debug-iphonesimulator/CAtomic.build/Objects-normal/arm64/7187679823f38a2a940e0043cdf9d637-common-args.resp
-fmodules -gmodules '-fmodules-cache-path=/Users/runner/work/orbit/orbit/.ipad-probe/.dd/ModuleCache.noindex' '-fmodule-name=CAtomic' -fpascal-strings -O0 -DSWIFT_PACKAGE '-DDEBUG=1' -g -I/Users/runner/work/orbit/orbit/.ipad-probe/.dd/Build/Products/Debug-iphonesimulator/include -I/Users/runner/work/orbit/orbit/.ipad-probe/.dd/SourcePackages/checkouts/swift-markdown/Sources/CAtomic/include -I/Users/runner/work/orbit/orbit/.ipad-probe/.dd/Build/Intermediates.noindex/swift-markdown.build/Debug-iphonesimulator/CAtomic.build/DerivedSources-normal/arm64 -I/Users/runner/work/orbit/orbit/.ipad-probe/.dd/Build/Intermediates.noindex/swift-markdown.build/Debug-iphonesimulator/CAtomic.build/DerivedSources/arm64 -I/Users/runner/work/orbit/orbit/.ipad-probe/.dd/Build/Intermediates.noindex/swift-markdown.build/Debug-iphonesimulator/CAtomic.build/DerivedSources -F/Users/runner/work/orbit/orbit/.ipad-probe/.dd/Build/Products/Debug-iphonesimulator -iframework /Applications/Xcode_26.6.app/Contents/Developer/Platforms/iPhoneSimulator.platform/Developer/Library/Frameworks -iframework /Applications/Xcode_26.6.app/Contents/Developer/Platforms/iPhoneSimulator.platform/Developer/SDKs/iPhoneSimulator26.5.sdk/Developer/Library/Frameworks -DXcode

WriteAuxiliaryFile /Users/runner/work/orbit/orbit/.ipad-probe/.dd/Build/Intermediates.noindex/swift-markdown.build/Debug-iphonesimulator/CAtomic.build/Objects-normal/arm64/CAtomic.LinkFileList (in target 'CAtomic' from project 'swift-markdown')
    cd /Users/runner/work/orbit/orbit/.ipad-probe/.dd/SourcePackages/checkouts/swift-markdown
    write-file /Users/runner/work/orbit/orbit/.ipad-probe/.dd/Build/Intermediates.noindex/swift-markdown.build/Debug-iphonesimulator/CAtomic.build/Objects-normal/arm64/CAtomic.LinkFileList

WriteAuxiliaryFile /Users/runner/work/orbit/orbit/.ipad-probe/.dd/Build/Intermediates.noindex/cmark-gfm.build/Debug-iphonesimulator/cmark-gfm-extensions.build/cmark-gfm-extensions.DependencyStaticMetadataFileList (in target 'cmark-gfm-extensions' from project 'cmark-gfm')
    cd /Users/runner/work/orbit/orbit/.ipad-probe/.dd/SourcePackages/checkouts/swift-cmark
    write-file /Users/runner/work/orbit/orbit/.ipad-probe/.dd/Build/Intermediates.noindex/cmark-gfm.build/Debug-iphonesimulator/cmark-gfm-extensions.build/cmark-gfm-extensions.DependencyStaticMetadataFileList

WriteAuxiliaryFile /Users/runner/work/orbit/orbit/.ipad-probe/.dd/Build/Intermediates.noindex/cmark-gfm.build/Debug-iphonesimulator/cmark-gfm-extensions.build/cmark-gfm-extensions.DependencyMetadataFileList (in target 'cmark-gfm-extensions' from project 'cmark-gfm')
    cd /Users/runner/work/orbit/orbit/.ipad-probe/.dd/SourcePackages/checkouts/swift-cmark
    write-file /Users/runner/work/orbit/orbit/.ipad-probe/.dd/Build/Intermediates.noindex/cmark-gfm.build/Debug-iphonesimulator/cmark-gfm-extensions.build/cmark-gfm-extensions.DependencyMetadataFileList

WriteAuxiliaryFile /Users/runner/work/orbit/orbit/.ipad-probe/.dd/Build/Intermediates.noindex/cmark-gfm.build/Debug-iphonesimulator/cmark-gfm-extensions.build/Objects-normal/arm64/cmark-gfm-extensions.LinkFileList (in target 'cmark-gfm-extensions' from project 'cmark-gfm')
    cd /Users/runner/work/orbit/orbit/.ipad-probe/.dd/SourcePackages/checkouts/swift-cmark
    write-file /Users/runner/work/orbit/orbit/.ipad-probe/.dd/Build/Intermediates.noindex/cmark-gfm.build/Debug-iphonesimulator/cmark-gfm-extensions.build/Objects-normal/arm64/cmark-gfm-extensions.LinkFileList

WriteAuxiliaryFile /Users/runner/work/orbit/orbit/.ipad-probe/.dd/Build/Intermediates.noindex/cmark-gfm.build/Debug-iphonesimulator/cmark-gfm-extensions.build/Objects-normal/arm64/7187679823f38a2a940e0043cdf9d637-common-args.resp (in target 'cmark-gfm-extensions' from project 'cmark-gfm')
    cd /Users/runner/work/orbit/orbit/.ipad-probe/.dd/SourcePackages/checkouts/swift-cmark
    write-file /Users/runner/work/orbit/orbit/.ipad-probe/.dd/Build/Intermediates.noindex/cmark-gfm.build/Debug-iphonesimulator/cmark-gfm-extensions.build/Objects-normal/arm64/7187679823f38a2a940e0043cdf9d637-common-args.resp
-fmodules -gmodules '-fmodules-cache-path=/Users/runner/work/orbit/orbit/.ipad-probe/.dd/ModuleCache.noindex' '-fmodule-name=cmark_gfm_extensions' -fpascal-strings -O0 -DSWIFT_PACKAGE '-DDEBUG=1' -g -I/Users/runner/work/orbit/orbit/.ipad-probe/.dd/SourcePackages/checkouts/swift-cmark/src/include -I/Users/runner/work/orbit/orbit/.ipad-probe/.dd/Build/Products/Debug-iphonesimulator/include -I/Users/runner/work/orbit/orbit/.ipad-probe/.dd/SourcePackages/checkouts/swift-cmark/extensions/include -I/Users/runner/work/orbit/orbit/.ipad-probe/.dd/Build/Intermediates.noindex/cmark-gfm.build/Debug-iphonesimulator/cmark-gfm-extensions.build/DerivedSources-normal/arm64 -I/Users/runner/work/orbit/orbit/.ipad-probe/.dd/Build/Intermediates.noindex/cmark-gfm.build/Debug-iphonesimulator/cmark-gfm-extensions.build/DerivedSources/arm64 -I/Users/runner/work/orbit/orbit/.ipad-probe/.dd/Build/Intermediates.noindex/cmark-gfm.build/Debug-iphonesimulator/cmark-gfm-extensions.build/DerivedSources -F/Users/runner/work/orbit/orbit/.ipad-probe/.dd/Build/Products/Debug-iphonesimulator/PackageFrameworks -F/Users/runner/work/orbit/orbit/.ipad-probe/.dd/Build/Products/Debug-iphonesimulator -iframework /Applications/Xcode_26.6.app/Contents/Developer/Platforms/iPhoneSimulator.platform/Developer/Library/Frameworks -iframework /Applications/Xcode_26.6.app/Contents/Developer/Platforms/iPhoneSimulator.platform/Developer/SDKs/iPhoneSimulator26.5.sdk/Developer/Library/Frameworks -DXcode

WriteAuxiliaryFile /Users/runner/work/orbit/orbit/.ipad-probe/.dd/Build/Intermediates.noindex/cmark-gfm.build/Debug-iphonesimulator/cmark-gfm.build/cmark-gfm.DependencyStaticMetadataFileList (in target 'cmark-gfm' from project 'cmark-gfm')
    cd /Users/runner/work/orbit/orbit/.ipad-probe/.dd/SourcePackages/checkouts/swift-cmark
    write-file /Users/runner/work/orbit/orbit/.ipad-probe/.dd/Build/Intermediates.noindex/cmark-gfm.build/Debug-iphonesimulator/cmark-gfm.build/cmark-gfm.DependencyStaticMetadataFileList

WriteAuxiliaryFile /Users/runner/work/orbit/orbit/.ipad-probe/.dd/Build/Intermediates.noindex/cmark-gfm.build/Debug-iphonesimulator/cmark-gfm.build/cmark-gfm.DependencyMetadataFileList (in target 'cmark-gfm' from project 'cmark-gfm')
    cd /Users/runner/work/orbit/orbit/.ipad-probe/.dd/SourcePackages/checkouts/swift-cmark
    write-file /Users/runner/work/orbit/orbit/.ipad-probe/.dd/Build/Intermediates.noindex/cmark-gfm.build/Debug-iphonesimulator/cmark-gfm.build/cmark-gfm.DependencyMetadataFileList

WriteAuxiliaryFile /Users/runner/work/orbit/orbit/.ipad-probe/.dd/Build/Intermediates.noindex/cmark-gfm.build/Debug-iphonesimulator/cmark-gfm.build/Objects-normal/arm64/cmark-gfm.LinkFileList (in target 'cmark-gfm' from project 'cmark-gfm')
    cd /Users/runner/work/orbit/orbit/.ipad-probe/.dd/SourcePackages/checkouts/swift-cmark
    write-file /Users/runner/work/orbit/orbit/.ipad-probe/.dd/Build/Intermediates.noindex/cmark-gfm.build/Debug-iphonesimulator/cmark-gfm.build/Objects-normal/arm64/cmark-gfm.LinkFileList

WriteAuxiliaryFile /Users/runner/work/orbit/orbit/.ipad-probe/.dd/Build/Intermediates.noindex/cmark-gfm.build/Debug-iphonesimulator/cmark-gfm.build/Objects-normal/arm64/7187679823f38a2a940e0043cdf9d637-common-args.resp (in target 'cmark-gfm' from project 'cmark-gfm')
    cd /Users/runner/work/orbit/orbit/.ipad-probe/.dd/SourcePackages/checkouts/swift-cmark
    write-file /Users/runner/work/orbit/orbit/.ipad-probe/.dd/Build/Intermediates.noindex/cmark-gfm.build/Debug-iphonesimulator/cmark-gfm.build/Objects-normal/arm64/7187679823f38a2a940e0043cdf9d637-common-args.resp
-fmodules -gmodules '-fmodules-cache-path=/Users/runner/work/orbit/orbit/.ipad-probe/.dd/ModuleCache.noindex' '-fmodule-name=cmark_gfm' -fpascal-strings -O0 -DSWIFT_PACKAGE '-DDEBUG=1' -g -I/Users/runner/work/orbit/orbit/.ipad-probe/.dd/Build/Products/Debug-iphonesimulator/include -I/Users/runner/work/orbit/orbit/.ipad-probe/.dd/SourcePackages/checkouts/swift-cmark/src/include -I/Users/runner/work/orbit/orbit/.ipad-probe/.dd/Build/Intermediates.noindex/cmark-gfm.build/Debug-iphonesimulator/cmark-gfm.build/DerivedSources-normal/arm64 -I/Users/runner/work/orbit/orbit/.ipad-probe/.dd/Build/Intermediates.noindex/cmark-gfm.build/Debug-iphonesimulator/cmark-gfm.build/DerivedSources/arm64 -I/Users/runner/work/orbit/orbit/.ipad-probe/.dd/Build/Intermediates.noindex/cmark-gfm.build/Debug-iphonesimulator/cmark-gfm.build/DerivedSources -F/Users/runner/work/orbit/orbit/.ipad-probe/.dd/Build/Products/Debug-iphonesimulator -iframework /Applications/Xcode_26.6.app/Contents/Developer/Platforms/iPhoneSimulator.platform/Developer/Library/Frameworks -iframework /Applications/Xcode_26.6.app/Contents/Developer/Platforms/iPhoneSimulator.platform/Developer/SDKs/iPhoneSimulator26.5.sdk/Developer/Library/Frameworks -DXcode

WriteAuxiliaryFile /Users/runner/work/orbit/orbit/.ipad-probe/.dd/Build/Intermediates.noindex/OrbitKit.build/Debug-iphonesimulator/OrbitKit.build/OrbitKit.modulemap (in target 'OrbitKit' from project 'OrbitKit')
    cd /Users/runner/work/orbit/orbit/src/macos/OrbitKit
    write-file /Users/runner/work/orbit/orbit/.ipad-probe/.dd/Build/Intermediates.noindex/OrbitKit.build/Debug-iphonesimulator/OrbitKit.build/OrbitKit.modulemap

WriteAuxiliaryFile /Users/runner/work/orbit/orbit/.ipad-probe/.dd/Build/Intermediates.noindex/OrbitKit.build/Debug-iphonesimulator/OrbitKit.build/OrbitKit.DependencyStaticMetadataFileList (in target 'OrbitKit' from project 'OrbitKit')
    cd /Users/runner/work/orbit/orbit/src/macos/OrbitKit
    write-file /Users/runner/work/orbit/orbit/.ipad-probe/.dd/Build/Intermediates.noindex/OrbitKit.build/Debug-iphonesimulator/OrbitKit.build/OrbitKit.DependencyStaticMetadataFileList

WriteAuxiliaryFile /Users/runner/work/orbit/orbit/.ipad-probe/.dd/Build/Intermediates.noindex/OrbitKit.build/Debug-iphonesimulator/OrbitKit.build/OrbitKit.DependencyMetadataFileList (in target 'OrbitKit' from project 'OrbitKit')
    cd /Users/runner/work/orbit/orbit/src/macos/OrbitKit
    write-file /Users/runner/work/orbit/orbit/.ipad-probe/.dd/Build/Intermediates.noindex/OrbitKit.build/Debug-iphonesimulator/OrbitKit.build/OrbitKit.DependencyMetadataFileList

WriteAuxiliaryFile /Users/runner/work/orbit/orbit/.ipad-probe/.dd/Build/Intermediates.noindex/OrbitKit.build/Debug-iphonesimulator/OrbitKit.build/Objects-normal/arm64/OrbitKit_const_extract_protocols.json (in target 'OrbitKit' from project 'OrbitKit')
    cd /Users/runner/work/orbit/orbit/src/macos/OrbitKit
    write-file /Users/runner/work/orbit/orbit/.ipad-probe/.dd/Build/Intermediates.noindex/OrbitKit.build/Debug-iphonesimulator/OrbitKit.build/Objects-normal/arm64/OrbitKit_const_extract_protocols.json

WriteAuxiliaryFile /Users/runner/work/orbit/orbit/.ipad-probe/.dd/Build/Intermediates.noindex/OrbitKit.build/Debug-iphonesimulator/OrbitKit.build/Objects-normal/arm64/OrbitKit.SwiftFileList (in target 'OrbitKit' from project 'OrbitKit')
    cd /Users/runner/work/orbit/orbit/src/macos/OrbitKit
    write-file /Users/runner/work/orbit/orbit/.ipad-probe/.dd/Build/Intermediates.noindex/OrbitKit.build/Debug-iphonesimulator/OrbitKit.build/Objects-normal/arm64/OrbitKit.SwiftFileList

WriteAuxiliaryFile /Users/runner/work/orbit/orbit/.ipad-probe/.dd/Build/Intermediates.noindex/OrbitKit.build/Debug-iphonesimulator/OrbitKit.build/Objects-normal/arm64/OrbitKit.SwiftConstValuesFileList (in target 'OrbitKit' from project 'OrbitKit')
    cd /Users/runner/work/orbit/orbit/src/macos/OrbitKit
    write-file /Users/runner/work/orbit/orbit/.ipad-probe/.dd/Build/Intermediates.noindex/OrbitKit.build/Debug-iphonesimulator/OrbitKit.build/Objects-normal/arm64/OrbitKit.SwiftConstValuesFileList

WriteAuxiliaryFile /Users/runner/work/orbit/orbit/.ipad-probe/.dd/Build/Intermediates.noindex/OrbitKit.build/Debug-iphonesimulator/OrbitKit.build/Objects-normal/arm64/OrbitKit.LinkFileList (in target 'OrbitKit' from project 'OrbitKit')
    cd /Users/runner/work/orbit/orbit/src/macos/OrbitKit
    write-file /Users/runner/work/orbit/orbit/.ipad-probe/.dd/Build/Intermediates.noindex/OrbitKit.build/Debug-iphonesimulator/OrbitKit.build/Objects-normal/arm64/OrbitKit.LinkFileList

WriteAuxiliaryFile /Users/runner/work/orbit/orbit/.ipad-probe/.dd/Build/Intermediates.noindex/OrbitKit.build/Debug-iphonesimulator/OrbitKit.build/Objects-normal/arm64/OrbitKit-OutputFileMap.json (in target 'OrbitKit' from project 'OrbitKit')
    cd /Users/runner/work/orbit/orbit/src/macos/OrbitKit
    write-file /Users/runner/work/orbit/orbit/.ipad-probe/.dd/Build/Intermediates.noindex/OrbitKit.build/Debug-iphonesimulator/OrbitKit.build/Objects-normal/arm64/OrbitKit-OutputFileMap.json

WriteAuxiliaryFile /Users/runner/work/orbit/orbit/.ipad-probe/.dd/Build/Intermediates.noindex/swift-markdown.build/Debug-iphonesimulator/Markdown.build/Objects-normal/arm64/Markdown_const_extract_protocols.json (in target 'Markdown' from project 'swift-markdown')
    cd /Users/runner/work/orbit/orbit/.ipad-probe/.dd/SourcePackages/checkouts/swift-markdown
    write-file /Users/runner/work/orbit/orbit/.ipad-probe/.dd/Build/Intermediates.noindex/swift-markdown.build/Debug-iphonesimulator/Markdown.build/Objects-normal/arm64/Markdown_const_extract_protocols.json

WriteAuxiliaryFile /Users/runner/work/orbit/orbit/.ipad-probe/.dd/Build/Intermediates.noindex/swift-markdown.build/Debug-iphonesimulator/Markdown.build/Objects-normal/arm64/Markdown.SwiftFileList (in target 'Markdown' from project 'swift-markdown')
    cd /Users/runner/work/orbit/orbit/.ipad-probe/.dd/SourcePackages/checkouts/swift-markdown
    write-file /Users/runner/work/orbit/orbit/.ipad-probe/.dd/Build/Intermediates.noindex/swift-markdown.build/Debug-iphonesimulator/Markdown.build/Objects-normal/arm64/Markdown.SwiftFileList

WriteAuxiliaryFile /Users/runner/work/orbit/orbit/.ipad-probe/.dd/Build/Intermediates.noindex/swift-markdown.build/Debug-iphonesimulator/Markdown.build/Objects-normal/arm64/Markdown.SwiftConstValuesFileList (in target 'Markdown' from project 'swift-markdown')
    cd /Users/runner/work/orbit/orbit/.ipad-probe/.dd/SourcePackages/checkouts/swift-markdown
    write-file /Users/runner/work/orbit/orbit/.ipad-probe/.dd/Build/Intermediates.noindex/swift-markdown.build/Debug-iphonesimulator/Markdown.build/Objects-normal/arm64/Markdown.SwiftConstValuesFileList

WriteAuxiliaryFile /Users/runner/work/orbit/orbit/.ipad-probe/.dd/Build/Intermediates.noindex/swift-markdown.build/Debug-iphonesimulator/Markdown.build/Objects-normal/arm64/Markdown.LinkFileList (in target 'Markdown' from project 'swift-markdown')
    cd /Users/runner/work/orbit/orbit/.ipad-probe/.dd/SourcePackages/checkouts/swift-markdown
    write-file /Users/runner/work/orbit/orbit/.ipad-probe/.dd/Build/Intermediates.noindex/swift-markdown.build/Debug-iphonesimulator/Markdown.build/Objects-normal/arm64/Markdown.LinkFileList

WriteAuxiliaryFile /Users/runner/work/orbit/orbit/.ipad-probe/.dd/Build/Intermediates.noindex/swift-markdown.build/Debug-iphonesimulator/Markdown.build/Objects-normal/arm64/Markdown-OutputFileMap.json (in target 'Markdown' from project 'swift-markdown')
    cd /Users/runner/work/orbit/orbit/.ipad-probe/.dd/SourcePackages/checkouts/swift-markdown
    write-file /Users/runner/work/orbit/orbit/.ipad-probe/.dd/Build/Intermediates.noindex/swift-markdown.build/Debug-iphonesimulator/Markdown.build/Objects-normal/arm64/Markdown-OutputFileMap.json

WriteAuxiliaryFile /Users/runner/work/orbit/orbit/.ipad-probe/.dd/Build/Intermediates.noindex/swift-markdown.build/Debug-iphonesimulator/Markdown.build/Markdown.modulemap (in target 'Markdown' from project 'swift-markdown')
    cd /Users/runner/work/orbit/orbit/.ipad-probe/.dd/SourcePackages/checkouts/swift-markdown
    write-file /Users/runner/work/orbit/orbit/.ipad-probe/.dd/Build/Intermediates.noindex/swift-markdown.build/Debug-iphonesimulator/Markdown.build/Markdown.modulemap

WriteAuxiliaryFile /Users/runner/work/orbit/orbit/.ipad-probe/.dd/Build/Intermediates.noindex/swift-markdown.build/Debug-iphonesimulator/Markdown.build/Markdown.DependencyStaticMetadataFileList (in target 'Markdown' from project 'swift-markdown')
    cd /Users/runner/work/orbit/orbit/.ipad-probe/.dd/SourcePackages/checkouts/swift-markdown
    write-file /Users/runner/work/orbit/orbit/.ipad-probe/.dd/Build/Intermediates.noindex/swift-markdown.build/Debug-iphonesimulator/Markdown.build/Markdown.DependencyStaticMetadataFileList

WriteAuxiliaryFile /Users/runner/work/orbit/orbit/.ipad-probe/.dd/Build/Intermediates.noindex/swift-markdown.build/Debug-iphonesimulator/Markdown.build/Markdown.DependencyMetadataFileList (in target 'Markdown' from project 'swift-markdown')
    cd /Users/runner/work/orbit/orbit/.ipad-probe/.dd/SourcePackages/checkouts/swift-markdown
    write-file /Users/runner/work/orbit/orbit/.ipad-probe/.dd/Build/Intermediates.noindex/swift-markdown.build/Debug-iphonesimulator/Markdown.build/Markdown.DependencyMetadataFileList

WriteAuxiliaryFile /Users/runner/work/orbit/orbit/.ipad-probe/.dd/Build/Intermediates.noindex/IpadProbe.build/Debug-iphonesimulator/IpadProbeUITests.build/empty-IpadProbeUITests.plist (in target 'IpadProbeUITests' from project 'IpadProbe')
    cd /Users/runner/work/orbit/orbit/.ipad-probe
    write-file /Users/runner/work/orbit/orbit/.ipad-probe/.dd/Build/Intermediates.noindex/IpadProbe.build/Debug-iphonesimulator/IpadProbeUITests.build/empty-IpadProbeUITests.plist

WriteAuxiliaryFile /Users/runner/work/orbit/orbit/.ipad-probe/.dd/Build/Intermediates.noindex/IpadProbe.build/Debug-iphonesimulator/IpadProbeUITests.build/ProductTypeInfoPlistAdditions.plist (in target 'IpadProbeUITests' from project 'IpadProbe')
    cd /Users/runner/work/orbit/orbit/.ipad-probe
    write-file /Users/runner/work/orbit/orbit/.ipad-probe/.dd/Build/Intermediates.noindex/IpadProbe.build/Debug-iphonesimulator/IpadProbeUITests.build/ProductTypeInfoPlistAdditions.plist

WriteAuxiliaryFile /Users/runner/work/orbit/orbit/.ipad-probe/.dd/Build/Intermediates.noindex/IpadProbe.build/Debug-iphonesimulator/IpadProbeUITests.build/Objects-normal/arm64/IpadProbeUITests_const_extract_protocols.json (in target 'IpadProbeUITests' from project 'IpadProbe')
    cd /Users/runner/work/orbit/orbit/.ipad-probe
    write-file /Users/runner/work/orbit/orbit/.ipad-probe/.dd/Build/Intermediates.noindex/IpadProbe.build/Debug-iphonesimulator/IpadProbeUITests.build/Objects-normal/arm64/IpadProbeUITests_const_extract_protocols.json

WriteAuxiliaryFile /Users/runner/work/orbit/orbit/.ipad-probe/.dd/Build/Intermediates.noindex/IpadProbe.build/Debug-iphonesimulator/IpadProbeUITests.build/Objects-normal/arm64/IpadProbeUITests.SwiftFileList (in target 'IpadProbeUITests' from project 'IpadProbe')
    cd /Users/runner/work/orbit/orbit/.ipad-probe
    write-file /Users/runner/work/orbit/orbit/.ipad-probe/.dd/Build/Intermediates.noindex/IpadProbe.build/Debug-iphonesimulator/IpadProbeUITests.build/Objects-normal/arm64/IpadProbeUITests.SwiftFileList

WriteAuxiliaryFile /Users/runner/work/orbit/orbit/.ipad-probe/.dd/Build/Intermediates.noindex/IpadProbe.build/Debug-iphonesimulator/IpadProbeUITests.build/Objects-normal/arm64/IpadProbeUITests.SwiftConstValuesFileList (in target 'IpadProbeUITests' from project 'IpadProbe')
    cd /Users/runner/work/orbit/orbit/.ipad-probe
    write-file /Users/runner/work/orbit/orbit/.ipad-probe/.dd/Build/Intermediates.noindex/IpadProbe.build/Debug-iphonesimulator/IpadProbeUITests.build/Objects-normal/arm64/IpadProbeUITests.SwiftConstValuesFileList

WriteAuxiliaryFile /Users/runner/work/orbit/orbit/.ipad-probe/.dd/Build/Intermediates.noindex/IpadProbe.build/Debug-iphonesimulator/IpadProbeUITests.build/Objects-normal/arm64/IpadProbeUITests.LinkFileList (in target 'IpadProbeUITests' from project 'IpadProbe')
    cd /Users/runner/work/orbit/orbit/.ipad-probe
    write-file /Users/runner/work/orbit/orbit/.ipad-probe/.dd/Build/Intermediates.noindex/IpadProbe.build/Debug-iphonesimulator/IpadProbeUITests.build/Objects-normal/arm64/IpadProbeUITests.LinkFileList

WriteAuxiliaryFile /Users/runner/work/orbit/orbit/.ipad-probe/.dd/Build/Intermediates.noindex/IpadProbe.build/Debug-iphonesimulator/IpadProbeUITests.build/Objects-normal/arm64/IpadProbeUITests-OutputFileMap.json (in target 'IpadProbeUITests' from project 'IpadProbe')
    cd /Users/runner/work/orbit/orbit/.ipad-probe
    write-file /Users/runner/work/orbit/orbit/.ipad-probe/.dd/Build/Intermediates.noindex/IpadProbe.build/Debug-iphonesimulator/IpadProbeUITests.build/Objects-normal/arm64/IpadProbeUITests-OutputFileMap.json

WriteAuxiliaryFile /Users/runner/work/orbit/orbit/.ipad-probe/.dd/Build/Intermediates.noindex/IpadProbe.build/Debug-iphonesimulator/IpadProbeUITests.build/IpadProbeUITests.hmap (in target 'IpadProbeUITests' from project 'IpadProbe')
    cd /Users/runner/work/orbit/orbit/.ipad-probe
    write-file /Users/runner/work/orbit/orbit/.ipad-probe/.dd/Build/Intermediates.noindex/IpadProbe.build/Debug-iphonesimulator/IpadProbeUITests.build/IpadProbeUITests.hmap

WriteAuxiliaryFile /Users/runner/work/orbit/orbit/.ipad-probe/.dd/Build/Intermediates.noindex/IpadProbe.build/Debug-iphonesimulator/IpadProbeUITests.build/IpadProbeUITests.DependencyStaticMetadataFileList (in target 'IpadProbeUITests' from project 'IpadProbe')
    cd /Users/runner/work/orbit/orbit/.ipad-probe
    write-file /Users/runner/work/orbit/orbit/.ipad-probe/.dd/Build/Intermediates.noindex/IpadProbe.build/Debug-iphonesimulator/IpadProbeUITests.build/IpadProbeUITests.DependencyStaticMetadataFileList

WriteAuxiliaryFile /Users/runner/work/orbit/orbit/.ipad-probe/.dd/Build/Intermediates.noindex/IpadProbe.build/Debug-iphonesimulator/IpadProbeUITests.build/IpadProbeUITests.DependencyMetadataFileList (in target 'IpadProbeUITests' from project 'IpadProbe')
    cd /Users/runner/work/orbit/orbit/.ipad-probe
    write-file /Users/runner/work/orbit/orbit/.ipad-probe/.dd/Build/Intermediates.noindex/IpadProbe.build/Debug-iphonesimulator/IpadProbeUITests.build/IpadProbeUITests.DependencyMetadataFileList

WriteAuxiliaryFile /Users/runner/work/orbit/orbit/.ipad-probe/.dd/Build/Intermediates.noindex/IpadProbe.build/Debug-iphonesimulator/IpadProbeUITests.build/IpadProbeUITests-project-headers.hmap (in target 'IpadProbeUITests' from project 'IpadProbe')
    cd /Users/runner/work/orbit/orbit/.ipad-probe
    write-file /Users/runner/work/orbit/orbit/.ipad-probe/.dd/Build/Intermediates.noindex/IpadProbe.build/Debug-iphonesimulator/IpadProbeUITests.build/IpadProbeUITests-project-headers.hmap

WriteAuxiliaryFile /Users/runner/work/orbit/orbit/.ipad-probe/.dd/Build/Intermediates.noindex/IpadProbe.build/Debug-iphonesimulator/IpadProbeUITests.build/IpadProbeUITests-own-target-headers.hmap (in target 'IpadProbeUITests' from project 'IpadProbe')
    cd /Users/runner/work/orbit/orbit/.ipad-probe
    write-file /Users/runner/work/orbit/orbit/.ipad-probe/.dd/Build/Intermediates.noindex/IpadProbe.build/Debug-iphonesimulator/IpadProbeUITests.build/IpadProbeUITests-own-target-headers.hmap

WriteAuxiliaryFile /Users/runner/work/orbit/orbit/.ipad-probe/.dd/Build/Intermediates.noindex/IpadProbe.build/Debug-iphonesimulator/IpadProbeUITests.build/IpadProbeUITests-generated-files.hmap (in target 'IpadProbeUITests' from project 'IpadProbe')
    cd /Users/runner/work/orbit/orbit/.ipad-probe
    write-file /Users/runner/work/orbit/orbit/.ipad-probe/.dd/Build/Intermediates.noindex/IpadProbe.build/Debug-iphonesimulator/IpadProbeUITests.build/IpadProbeUITests-generated-files.hmap

WriteAuxiliaryFile /Users/runner/work/orbit/orbit/.ipad-probe/.dd/Build/Intermediates.noindex/IpadProbe.build/Debug-iphonesimulator/IpadProbeUITests.build/IpadProbeUITests-all-target-headers.hmap (in target 'IpadProbeUITests' from project 'IpadProbe')
    cd /Users/runner/work/orbit/orbit/.ipad-probe
    write-file /Users/runner/work/orbit/orbit/.ipad-probe/.dd/Build/Intermediates.noindex/IpadProbe.build/Debug-iphonesimulator/IpadProbeUITests.build/IpadProbeUITests-all-target-headers.hmap

WriteAuxiliaryFile /Users/runner/work/orbit/orbit/.ipad-probe/.dd/Build/Intermediates.noindex/IpadProbe.build/Debug-iphonesimulator/IpadProbeUITests.build/IpadProbeUITests-all-non-framework-target-headers.hmap (in target 'IpadProbeUITests' from project 'IpadProbe')
    cd /Users/runner/work/orbit/orbit/.ipad-probe
    write-file /Users/runner/work/orbit/orbit/.ipad-probe/.dd/Build/Intermediates.noindex/IpadProbe.build/Debug-iphonesimulator/IpadProbeUITests.build/IpadProbeUITests-all-non-framework-target-headers.hmap

WriteAuxiliaryFile /Users/runner/work/orbit/orbit/.ipad-probe/.dd/Build/Intermediates.noindex/IpadProbe.build/Debug-iphonesimulator/IpadProbeUITests.build/DerivedSources/Entitlements-Simulated.plist (in target 'IpadProbeUITests' from project 'IpadProbe')
    cd /Users/runner/work/orbit/orbit/.ipad-probe
    write-file /Users/runner/work/orbit/orbit/.ipad-probe/.dd/Build/Intermediates.noindex/IpadProbe.build/Debug-iphonesimulator/IpadProbeUITests.build/DerivedSources/Entitlements-Simulated.plist

WriteAuxiliaryFile /Users/runner/work/orbit/orbit/.ipad-probe/.dd/Build/Intermediates.noindex/IpadProbe.build/Debug-iphonesimulator/IpadProbe.build/Objects-normal/arm64/IpadProbe_const_extract_protocols.json (in target 'IpadProbe' from project 'IpadProbe')
    cd /Users/runner/work/orbit/orbit/.ipad-probe
    write-file /Users/runner/work/orbit/orbit/.ipad-probe/.dd/Build/Intermediates.noindex/IpadProbe.build/Debug-iphonesimulator/IpadProbe.build/Objects-normal/arm64/IpadProbe_const_extract_protocols.json

WriteAuxiliaryFile /Users/runner/work/orbit/orbit/.ipad-probe/.dd/Build/Intermediates.noindex/IpadProbe.build/Debug-iphonesimulator/IpadProbe.build/Objects-normal/arm64/IpadProbe.SwiftFileList (in target 'IpadProbe' from project 'IpadProbe')
    cd /Users/runner/work/orbit/orbit/.ipad-probe
    write-file /Users/runner/work/orbit/orbit/.ipad-probe/.dd/Build/Intermediates.noindex/IpadProbe.build/Debug-iphonesimulator/IpadProbe.build/Objects-normal/arm64/IpadProbe.SwiftFileList

Copy /Users/runner/work/orbit/orbit/.ipad-probe/.dd/Build/Intermediates.noindex/GeneratedModuleMaps-iphonesimulator/OrbitKit.modulemap /Users/runner/work/orbit/orbit/.ipad-probe/.dd/Build/Intermediates.noindex/OrbitKit.build/Debug-iphonesimulator/OrbitKit.build/OrbitKit.modulemap (in target 'OrbitKit' from project 'OrbitKit')
    cd /Users/runner/work/orbit/orbit/src/macos/OrbitKit
    builtin-copy -exclude .DS_Store -exclude CVS -exclude .svn -exclude .git -exclude .hg -resolve-src-symlinks /Users/runner/work/orbit/orbit/.ipad-probe/.dd/Build/Intermediates.noindex/OrbitKit.build/Debug-iphonesimulator/OrbitKit.build/OrbitKit.modulemap /Users/runner/work/orbit/orbit/.ipad-probe/.dd/Build/Intermediates.noindex/GeneratedModuleMaps-iphonesimulator

Copy /Users/runner/work/orbit/orbit/.ipad-probe/.dd/Build/Intermediates.noindex/GeneratedModuleMaps-iphonesimulator/Markdown.modulemap /Users/runner/work/orbit/orbit/.ipad-probe/.dd/Build/Intermediates.noindex/swift-markdown.build/Debug-iphonesimulator/Markdown.build/Markdown.modulemap (in target 'Markdown' from project 'swift-markdown')
    cd /Users/runner/work/orbit/orbit/.ipad-probe/.dd/SourcePackages/checkouts/swift-markdown
    builtin-copy -exclude .DS_Store -exclude CVS -exclude .svn -exclude .git -exclude .hg -resolve-src-symlinks /Users/runner/work/orbit/orbit/.ipad-probe/.dd/Build/Intermediates.noindex/swift-markdown.build/Debug-iphonesimulator/Markdown.build/Markdown.modulemap /Users/runner/work/orbit/orbit/.ipad-probe/.dd/Build/Intermediates.noindex/GeneratedModuleMaps-iphonesimulator

WriteAuxiliaryFile /Users/runner/work/orbit/orbit/.ipad-probe/.dd/Build/Intermediates.noindex/IpadProbe.build/Debug-iphonesimulator/IpadProbe.build/Objects-normal/arm64/IpadProbe.SwiftConstValuesFileList (in target 'IpadProbe' from project 'IpadProbe')
    cd /Users/runner/work/orbit/orbit/.ipad-probe
    write-file /Users/runner/work/orbit/orbit/.ipad-probe/.dd/Build/Intermediates.noindex/IpadProbe.build/Debug-iphonesimulator/IpadProbe.build/Objects-normal/arm64/IpadProbe.SwiftConstValuesFileList

WriteAuxiliaryFile /Users/runner/work/orbit/orbit/.ipad-probe/.dd/Build/Intermediates.noindex/IpadProbe.build/Debug-iphonesimulator/IpadProbe.build/Objects-normal/arm64/IpadProbe.LinkFileList (in target 'IpadProbe' from project 'IpadProbe')
    cd /Users/runner/work/orbit/orbit/.ipad-probe
    write-file /Users/runner/work/orbit/orbit/.ipad-probe/.dd/Build/Intermediates.noindex/IpadProbe.build/Debug-iphonesimulator/IpadProbe.build/Objects-normal/arm64/IpadProbe.LinkFileList

WriteAuxiliaryFile /Users/runner/work/orbit/orbit/.ipad-probe/.dd/Build/Intermediates.noindex/IpadProbe.build/Debug-iphonesimulator/IpadProbe.build/Objects-normal/arm64/IpadProbe-OutputFileMap.json (in target 'IpadProbe' from project 'IpadProbe')
    cd /Users/runner/work/orbit/orbit/.ipad-probe
    write-file /Users/runner/work/orbit/orbit/.ipad-probe/.dd/Build/Intermediates.noindex/IpadProbe.build/Debug-iphonesimulator/IpadProbe.build/Objects-normal/arm64/IpadProbe-OutputFileMap.json

WriteAuxiliaryFile /Users/runner/work/orbit/orbit/.ipad-probe/.dd/Build/Intermediates.noindex/IpadProbe.build/Debug-iphonesimulator/IpadProbe.build/IpadProbe.hmap (in target 'IpadProbe' from project 'IpadProbe')
    cd /Users/runner/work/orbit/orbit/.ipad-probe
    write-file /Users/runner/work/orbit/orbit/.ipad-probe/.dd/Build/Intermediates.noindex/IpadProbe.build/Debug-iphonesimulator/IpadProbe.build/IpadProbe.hmap

WriteAuxiliaryFile /Users/runner/work/orbit/orbit/.ipad-probe/.dd/Build/Intermediates.noindex/IpadProbe.build/Debug-iphonesimulator/IpadProbe.build/IpadProbe.DependencyStaticMetadataFileList (in target 'IpadProbe' from project 'IpadProbe')
    cd /Users/runner/work/orbit/orbit/.ipad-probe
    write-file /Users/runner/work/orbit/orbit/.ipad-probe/.dd/Build/Intermediates.noindex/IpadProbe.build/Debug-iphonesimulator/IpadProbe.build/IpadProbe.DependencyStaticMetadataFileList

WriteAuxiliaryFile /Users/runner/work/orbit/orbit/.ipad-probe/.dd/Build/Intermediates.noindex/IpadProbe.build/Debug-iphonesimulator/IpadProbe.build/IpadProbe.DependencyMetadataFileList (in target 'IpadProbe' from project 'IpadProbe')
    cd /Users/runner/work/orbit/orbit/.ipad-probe
    write-file /Users/runner/work/orbit/orbit/.ipad-probe/.dd/Build/Intermediates.noindex/IpadProbe.build/Debug-iphonesimulator/IpadProbe.build/IpadProbe.DependencyMetadataFileList

WriteAuxiliaryFile /Users/runner/work/orbit/orbit/.ipad-probe/.dd/Build/Intermediates.noindex/IpadProbe.build/Debug-iphonesimulator/IpadProbe.build/IpadProbe-project-headers.hmap (in target 'IpadProbe' from project 'IpadProbe')
    cd /Users/runner/work/orbit/orbit/.ipad-probe
    write-file /Users/runner/work/orbit/orbit/.ipad-probe/.dd/Build/Intermediates.noindex/IpadProbe.build/Debug-iphonesimulator/IpadProbe.build/IpadProbe-project-headers.hmap

WriteAuxiliaryFile /Users/runner/work/orbit/orbit/.ipad-probe/.dd/Build/Intermediates.noindex/IpadProbe.build/Debug-iphonesimulator/IpadProbe.build/IpadProbe-own-target-headers.hmap (in target 'IpadProbe' from project 'IpadProbe')
    cd /Users/runner/work/orbit/orbit/.ipad-probe
    write-file /Users/runner/work/orbit/orbit/.ipad-probe/.dd/Build/Intermediates.noindex/IpadProbe.build/Debug-iphonesimulator/IpadProbe.build/IpadProbe-own-target-headers.hmap

WriteAuxiliaryFile /Users/runner/work/orbit/orbit/.ipad-probe/.dd/Build/Intermediates.noindex/IpadProbe.build/Debug-iphonesimulator/IpadProbe.build/IpadProbe-generated-files.hmap (in target 'IpadProbe' from project 'IpadProbe')
    cd /Users/runner/work/orbit/orbit/.ipad-probe
    write-file /Users/runner/work/orbit/orbit/.ipad-probe/.dd/Build/Intermediates.noindex/IpadProbe.build/Debug-iphonesimulator/IpadProbe.build/IpadProbe-generated-files.hmap

WriteAuxiliaryFile /Users/runner/work/orbit/orbit/.ipad-probe/.dd/Build/Intermediates.noindex/IpadProbe.build/Debug-iphonesimulator/IpadProbe.build/IpadProbe-all-target-headers.hmap (in target 'IpadProbe' from project 'IpadProbe')
    cd /Users/runner/work/orbit/orbit/.ipad-probe
    write-file /Users/runner/work/orbit/orbit/.ipad-probe/.dd/Build/Intermediates.noindex/IpadProbe.build/Debug-iphonesimulator/IpadProbe.build/IpadProbe-all-target-headers.hmap

WriteAuxiliaryFile /Users/runner/work/orbit/orbit/.ipad-probe/.dd/Build/Intermediates.noindex/IpadProbe.build/Debug-iphonesimulator/IpadProbe.build/IpadProbe-all-non-framework-target-headers.hmap (in target 'IpadProbe' from project 'IpadProbe')
    cd /Users/runner/work/orbit/orbit/.ipad-probe
    write-file /Users/runner/work/orbit/orbit/.ipad-probe/.dd/Build/Intermediates.noindex/IpadProbe.build/Debug-iphonesimulator/IpadProbe.build/IpadProbe-all-non-framework-target-headers.hmap

WriteAuxiliaryFile /Users/runner/work/orbit/orbit/.ipad-probe/.dd/Build/Intermediates.noindex/IpadProbe.build/Debug-iphonesimulator/IpadProbe.build/IpadProbe-DebugDylibPath-normal-arm64.txt (in target 'IpadProbe' from project 'IpadProbe')
    cd /Users/runner/work/orbit/orbit/.ipad-probe
    write-file /Users/runner/work/orbit/orbit/.ipad-probe/.dd/Build/Intermediates.noindex/IpadProbe.build/Debug-iphonesimulator/IpadProbe.build/IpadProbe-DebugDylibPath-normal-arm64.txt

WriteAuxiliaryFile /Users/runner/work/orbit/orbit/.ipad-probe/.dd/Build/Intermediates.noindex/IpadProbe.build/Debug-iphonesimulator/IpadProbe.build/IpadProbe-DebugDylibInstallName-normal-arm64.txt (in target 'IpadProbe' from project 'IpadProbe')
    cd /Users/runner/work/orbit/orbit/.ipad-probe
    write-file /Users/runner/work/orbit/orbit/.ipad-probe/.dd/Build/Intermediates.noindex/IpadProbe.build/Debug-iphonesimulator/IpadProbe.build/IpadProbe-DebugDylibInstallName-normal-arm64.txt

WriteAuxiliaryFile /Users/runner/work/orbit/orbit/.ipad-probe/.dd/Build/Intermediates.noindex/IpadProbe.build/Debug-iphonesimulator/IpadProbe.build/DerivedSources/Entitlements-Simulated.plist (in target 'IpadProbe' from project 'IpadProbe')
    cd /Users/runner/work/orbit/orbit/.ipad-probe
    write-file /Users/runner/work/orbit/orbit/.ipad-probe/.dd/Build/Intermediates.noindex/IpadProbe.build/Debug-iphonesimulator/IpadProbe.build/DerivedSources/Entitlements-Simulated.plist

WriteAuxiliaryFile /Users/runner/work/orbit/orbit/.ipad-probe/.dd/Build/Intermediates.noindex/swift-markdown.build/Debug-iphonesimulator/CAtomic.build/CAtomic.DependencyStaticMetadataFileList (in target 'CAtomic' from project 'swift-markdown')
    cd /Users/runner/work/orbit/orbit/.ipad-probe/.dd/SourcePackages/checkouts/swift-markdown
    write-file /Users/runner/work/orbit/orbit/.ipad-probe/.dd/Build/Intermediates.noindex/swift-markdown.build/Debug-iphonesimulator/CAtomic.build/CAtomic.DependencyStaticMetadataFileList

WriteAuxiliaryFile /Users/runner/work/orbit/orbit/.ipad-probe/.dd/Build/Intermediates.noindex/swift-markdown.build/Debug-iphonesimulator/CAtomic.build/CAtomic.DependencyMetadataFileList (in target 'CAtomic' from project 'swift-markdown')
    cd /Users/runner/work/orbit/orbit/.ipad-probe/.dd/SourcePackages/checkouts/swift-markdown
    write-file /Users/runner/work/orbit/orbit/.ipad-probe/.dd/Build/Intermediates.noindex/swift-markdown.build/Debug-iphonesimulator/CAtomic.build/CAtomic.DependencyMetadataFileList

MkDir /Users/runner/work/orbit/orbit/.ipad-probe/.dd/Build/Products/Debug-iphonesimulator/IpadProbeUITests-Runner.app/PlugIns/IpadProbeUITests.xctest (in target 'IpadProbeUITests' from project 'IpadProbe')
    cd /Users/runner/work/orbit/orbit/.ipad-probe
    /bin/mkdir -p /Users/runner/work/orbit/orbit/.ipad-probe/.dd/Build/Products/Debug-iphonesimulator/IpadProbeUITests-Runner.app/PlugIns/IpadProbeUITests.xctest

MkDir /Users/runner/work/orbit/orbit/.ipad-probe/.dd/Build/Products/Debug-iphonesimulator/IpadProbe.app (in target 'IpadProbe' from project 'IpadProbe')
    cd /Users/runner/work/orbit/orbit/.ipad-probe
    /bin/mkdir -p /Users/runner/work/orbit/orbit/.ipad-probe/.dd/Build/Products/Debug-iphonesimulator/IpadProbe.app

SwiftDriver Markdown normal arm64 com.apple.xcode.tools.swift.compiler (in target 'Markdown' from project 'swift-markdown')
    cd /Users/runner/work/orbit/orbit/.ipad-probe/IpadProbe.xcodeproj
    builtin-SwiftDriver -- /Applications/Xcode_26.6.app/Contents/Developer/Toolchains/XcodeDefault.xctoolchain/usr/bin/swiftc -module-name Markdown -Onone @/Users/runner/work/orbit/orbit/.ipad-probe/.dd/Build/Intermediates.noindex/swift-markdown.build/Debug-iphonesimulator/Markdown.build/Objects-normal/arm64/Markdown.SwiftFileList -DSWIFT_PACKAGE -DDEBUG -DSWIFT_MODULE_RESOURCE_BUNDLE_UNAVAILABLE -DXcode -plugin-path /Applications/Xcode_26.6.app/Contents/Developer/Toolchains/XcodeDefault.xctoolchain/usr/lib/swift/host/plugins/testing -enable-experimental-feature DebugDescriptionMacro -sdk /Applications/Xcode_26.6.app/Contents/Developer/Platforms/iPhoneSimulator.platform/Developer/SDKs/iPhoneSimulator26.5.sdk -target arm64-apple-ios12.0-simulator -g -module-cache-path /Users/runner/work/orbit/orbit/.ipad-probe/.dd/ModuleCache.noindex -Xfrontend -serialize-debugging-options -enable-testing -suppress-warnings -index-store-path /Users/runner/work/orbit/orbit/.ipad-probe/.dd/Index.noindex/DataStore -Xcc -D_LIBCPP_HARDENING_MODE\=_LIBCPP_HARDENING_MODE_DEBUG -swift-version 5 -I /Users/runner/work/orbit/orbit/.ipad-probe/.dd/Build/Products/Debug-iphonesimulator -Isystem /Applications/Xcode_26.6.app/Contents/Developer/Platforms/iPhoneSimulator.platform/Developer/usr/lib -F /Users/runner/work/orbit/orbit/.ipad-probe/.dd/Build/Products/Debug-iphonesimulator/PackageFrameworks -F /Users/runner/work/orbit/orbit/.ipad-probe/.dd/Build/Products/Debug-iphonesimulator/PackageFrameworks -F /Users/runner/work/orbit/orbit/.ipad-probe/.dd/Build/Products/Debug-iphonesimulator/PackageFrameworks -F /Users/runner/work/orbit/orbit/.ipad-probe/.dd/Build/Products/Debug-iphonesimulator -F /Applications/Xcode_26.6.app/Contents/Developer/Platforms/iPhoneSimulator.platform/Developer/Library/Frameworks -F /Applications/Xcode_26.6.app/Contents/Developer/Platforms/iPhoneSimulator.platform/Developer/SDKs/iPhoneSimulator26.5.sdk/Developer/Library/Frameworks -c -j3 -enable-batch-mode -incremental -Xcc -ivfsstatcache -Xcc /Users/runner/work/orbit/orbit/.ipad-probe/.dd/SDKStatCaches.noindex/iphonesimulator26.5-23F81a-688ef53f1462e2c8f657fdc38a81448ff45c64a1807a658693f2a61704f17a36.sdkstatcache -output-file-map /Users/runner/work/orbit/orbit/.ipad-probe/.dd/Build/Intermediates.noindex/swift-markdown.build/Debug-iphonesimulator/Markdown.build/Objects-normal/arm64/Markdown-OutputFileMap.json -use-frontend-parseable-output -save-temps -no-color-diagnostics -explicit-module-build -module-cache-path /Users/runner/work/orbit/orbit/.ipad-probe/.dd/Build/Intermediates.noindex/SwiftExplicitPrecompiledModules -clang-scanner-module-cache-path /Users/runner/work/orbit/orbit/.ipad-probe/.dd/ModuleCache.noindex -sdk-module-cache-path /Users/runner/work/orbit/orbit/.ipad-probe/.dd/ModuleCache.noindex -serialize-diagnostics -emit-dependencies -emit-module -emit-module-path /Users/runner/work/orbit/orbit/.ipad-probe/.dd/Build/Intermediates.noindex/swift-markdown.build/Debug-iphonesimulator/Markdown.build/Objects-normal/arm64/Markdown.swiftmodule -user-module-version 0.9.0 -validate-clang-modules-once -clang-build-session-file /Users/runner/work/orbit/orbit/.ipad-probe/.dd/ModuleCache.noindex/Session.modulevalidation -package-name swift_markdown -Xcc -I/Users/runner/work/orbit/orbit/.ipad-probe/.dd/Build/Intermediates.noindex/swift-markdown.build/Debug-iphonesimulator/Markdown.build/swift-overrides.hmap -emit-const-values -Xfrontend -const-gather-protocols-file -Xfrontend /Users/runner/work/orbit/orbit/.ipad-probe/.dd/Build/Intermediates.noindex/swift-markdown.build/Debug-iphonesimulator/Markdown.build/Objects-normal/arm64/Markdown_const_extract_protocols.json -Xcc -I/Users/runner/work/orbit/orbit/.ipad-probe/.dd/SourcePackages/checkouts/swift-cmark/src/include -Xcc -I/Users/runner/work/orbit/orbit/.ipad-probe/.dd/SourcePackages/checkouts/swift-cmark/extensions/include -Xcc -I/Users/runner/work/orbit/orbit/.ipad-probe/.dd/SourcePackages/checkouts/swift-markdown/Sources/CAtomic/include -Xcc -I/Users/runner/work/orbit/orbit/.ipad-probe/.dd/Build/Products/Debug-iphonesimulator/include -Xcc -I/Users/runner/work/orbit/orbit/.ipad-probe/.dd/Build/Intermediates.noindex/swift-markdown.build/Debug-iphonesimulator/Markdown.build/DerivedSources-normal/arm64 -Xcc -I/Users/runner/work/orbit/orbit/.ipad-probe/.dd/Build/Intermediates.noindex/swift-markdown.build/Debug-iphonesimulator/Markdown.build/DerivedSources/arm64 -Xcc -I/Users/runner/work/orbit/orbit/.ipad-probe/.dd/Build/Intermediates.noindex/swift-markdown.build/Debug-iphonesimulator/Markdown.build/DerivedSources -Xcc -DSWIFT_PACKAGE -Xcc -DDEBUG\=1 -emit-objc-header -emit-objc-header-path /Users/runner/work/orbit/orbit/.ipad-probe/.dd/Build/Intermediates.noindex/swift-markdown.build/Debug-iphonesimulator/Markdown.build/Objects-normal/arm64/Markdown-Swift.h -working-directory /Users/runner/work/orbit/orbit/.ipad-probe/IpadProbe.xcodeproj -experimental-emit-module-separately -disable-cmo

ScanDependencies /Users/runner/work/orbit/orbit/.ipad-probe/.dd/Build/Intermediates.noindex/cmark-gfm.build/Debug-iphonesimulator/cmark-gfm-extensions.build/Objects-normal/arm64/tasklist.o /Users/runner/work/orbit/orbit/.ipad-probe/.dd/SourcePackages/checkouts/swift-cmark/extensions/tasklist.c normal arm64 c com.apple.compilers.llvm.clang.1_0.compiler (in target 'cmark-gfm-extensions' from project 'cmark-gfm')
    cd /Users/runner/work/orbit/orbit/.ipad-probe/IpadProbe.xcodeproj
    
    Using response file: /Users/runner/work/orbit/orbit/.ipad-probe/.dd/Build/Intermediates.noindex/cmark-gfm.build/Debug-iphonesimulator/cmark-gfm-extensions.build/Objects-normal/arm64/7187679823f38a2a940e0043cdf9d637-common-args.resp
    
    builtin-ScanDependencies -o /Users/runner/work/orbit/orbit/.ipad-probe/.dd/Build/Intermediates.noindex/cmark-gfm.build/Debug-iphonesimulator/cmark-gfm-extensions.build/Objects-normal/arm64/tasklist.o.scan -- /Applications/Xcode_26.6.app/Contents/Developer/Toolchains/XcodeDefault.xctoolchain/usr/bin/clang -x c -ivfsstatcache /Users/runner/work/orbit/orbit/.ipad-probe/.dd/SDKStatCaches.noindex/iphonesimulator26.5-23F81a-688ef53f1462e2c8f657fdc38a81448ff45c64a1807a658693f2a61704f17a36.sdkstatcache -target arm64-apple-ios12.0-simulator -fmessage-length\=0 -fdiagnostics-show-note-include-stack -fmacro-backtrace-limit\=0 -fno-color-diagnostics -fmodules-prune-interval\=86400 -fmodules-prune-after\=345600 -fbuild-session-file\=/Users/runner/work/orbit/orbit/.ipad-probe/.dd/ModuleCache.noindex/Session.modulevalidation -fmodules-validate-once-per-build-session -Wnon-modular-include-in-framework-module -Werror\=non-modular-include-in-framework-module -Wno-trigraphs -Wno-missing-field-initializers -Wno-missing-prototypes -Wno-return-type -Wno-missing-braces -Wparentheses -Wswitch -Wno-unused-function -Wno-unused-label -Wno-unused-parameter -Wno-unused-variable -Wunused-value -Wno-empty-body -Wno-uninitialized -Wno-unknown-pragmas -w -Wno-shadow -Wno-four-char-constants -Wno-conversion -Wno-constant-conversion -Wno-int-conversion -Wno-bool-conversion -Wno-enum-conversion -Wno-float-conversion -Wno-non-literal-null-conversion -Wno-objc-literal-conversion -Wshorten-64-to-32 -Wpointer-sign -Wno-newline-eof -Wno-implicit-fallthrough -isysroot /Applications/Xcode_26.6.app/Contents/Developer/Platforms/iPhoneSimulator.platform/Developer/SDKs/iPhoneSimulator26.5.sdk -fstrict-aliasing -Wdeprecated-declarations -Wno-sign-conversion -Wno-infinite-recursion -Wno-comma -Wno-block-capture-autoreleasing -Wno-strict-prototypes -Wno-semicolon-before-method-body -index-store-path /Users/runner/work/orbit/orbit/.ipad-probe/.dd/Index.noindex/DataStore @/Users/runner/work/orbit/orbit/.ipad-probe/.dd/Build/Intermediates.noindex/cmark-gfm.build/Debug-iphonesimulator/cmark-gfm-extensions.build/Objects-normal/arm64/7187679823f38a2a940e0043cdf9d637-common-args.resp -MMD -MT dependencies -MF /Users/runner/work/orbit/orbit/.ipad-probe/.dd/Build/Intermediates.noindex/cmark-gfm.build/Debug-iphonesimulator/cmark-gfm-extensions.build/Objects-normal/arm64/tasklist.d --serialize-diagnostics /Users/runner/work/orbit/orbit/.ipad-probe/.dd/Build/Intermediates.noindex/cmark-gfm.build/Debug-iphonesimulator/cmark-gfm-extensions.build/Objects-normal/arm64/tasklist.dia -c /Users/runner/work/orbit/orbit/.ipad-probe/.dd/SourcePackages/checkouts/swift-cmark/extensions/tasklist.c -o /Users/runner/work/orbit/orbit/.ipad-probe/.dd/Build/Intermediates.noindex/cmark-gfm.build/Debug-iphonesimulator/cmark-gfm-extensions.build/Objects-normal/arm64/tasklist.o -index-unit-output-path /cmark-gfm.build/Debug-iphonesimulator/cmark-gfm-extensions.build/Objects-normal/arm64/tasklist.o

ScanDependencies /Users/runner/work/orbit/orbit/.ipad-probe/.dd/Build/Intermediates.noindex/cmark-gfm.build/Debug-iphonesimulator/cmark-gfm-extensions.build/Objects-normal/arm64/tagfilter.o /Users/runner/work/orbit/orbit/.ipad-probe/.dd/SourcePackages/checkouts/swift-cmark/extensions/tagfilter.c normal arm64 c com.apple.compilers.llvm.clang.1_0.compiler (in target 'cmark-gfm-extensions' from project 'cmark-gfm')
    cd /Users/runner/work/orbit/orbit/.ipad-probe/IpadProbe.xcodeproj
    
    Using response file: /Users/runner/work/orbit/orbit/.ipad-probe/.dd/Build/Intermediates.noindex/cmark-gfm.build/Debug-iphonesimulator/cmark-gfm-extensions.build/Objects-normal/arm64/7187679823f38a2a940e0043cdf9d637-common-args.resp
    
    builtin-ScanDependencies -o /Users/runner/work/orbit/orbit/.ipad-probe/.dd/Build/Intermediates.noindex/cmark-gfm.build/Debug-iphonesimulator/cmark-gfm-extensions.build/Objects-normal/arm64/tagfilter.o.scan -- /Applications/Xcode_26.6.app/Contents/Developer/Toolchains/XcodeDefault.xctoolchain/usr/bin/clang -x c -ivfsstatcache /Users/runner/work/orbit/orbit/.ipad-probe/.dd/SDKStatCaches.noindex/iphonesimulator26.5-23F81a-688ef53f1462e2c8f657fdc38a81448ff45c64a1807a658693f2a61704f17a36.sdkstatcache -target arm64-apple-ios12.0-simulator -fmessage-length\=0 -fdiagnostics-show-note-include-stack -fmacro-backtrace-limit\=0 -fno-color-diagnostics -fmodules-prune-interval\=86400 -fmodules-prune-after\=345600 -fbuild-session-file\=/Users/runner/work/orbit/orbit/.ipad-probe/.dd/ModuleCache.noindex/Session.modulevalidation -fmodules-validate-once-per-build-session -Wnon-modular-include-in-framework-module -Werror\=non-modular-include-in-framework-module -Wno-trigraphs -Wno-missing-field-initializers -Wno-missing-prototypes -Wno-return-type -Wno-missing-braces -Wparentheses -Wswitch -Wno-unused-function -Wno-unused-label -Wno-unused-parameter -Wno-unused-variable -Wunused-value -Wno-empty-body -Wno-uninitialized -Wno-unknown-pragmas -w -Wno-shadow -Wno-four-char-constants -Wno-conversion -Wno-constant-conversion -Wno-int-conversion -Wno-bool-conversion -Wno-enum-conversion -Wno-float-conversion -Wno-non-literal-null-conversion -Wno-objc-literal-conversion -Wshorten-64-to-32 -Wpointer-sign -Wno-newline-eof -Wno-implicit-fallthrough -isysroot /Applications/Xcode_26.6.app/Contents/Developer/Platforms/iPhoneSimulator.platform/Developer/SDKs/iPhoneSimulator26.5.sdk -fstrict-aliasing -Wdeprecated-declarations -Wno-sign-conversion -Wno-infinite-recursion -Wno-comma -Wno-block-capture-autoreleasing -Wno-strict-prototypes -Wno-semicolon-before-method-body -index-store-path /Users/runner/work/orbit/orbit/.ipad-probe/.dd/Index.noindex/DataStore @/Users/runner/work/orbit/orbit/.ipad-probe/.dd/Build/Intermediates.noindex/cmark-gfm.build/Debug-iphonesimulator/cmark-gfm-extensions.build/Objects-normal/arm64/7187679823f38a2a940e0043cdf9d637-common-args.resp -MMD -MT dependencies -MF /Users/runner/work/orbit/orbit/.ipad-probe/.dd/Build/Intermediates.noindex/cmark-gfm.build/Debug-iphonesimulator/cmark-gfm-extensions.build/Objects-normal/arm64/tagfilter.d --serialize-diagnostics /Users/runner/work/orbit/orbit/.ipad-probe/.dd/Build/Intermediates.noindex/cmark-gfm.build/Debug-iphonesimulator/cmark-gfm-extensions.build/Objects-normal/arm64/tagfilter.dia -c /Users/runner/work/orbit/orbit/.ipad-probe/.dd/SourcePackages/checkouts/swift-cmark/extensions/tagfilter.c -o /Users/runner/work/orbit/orbit/.ipad-probe/.dd/Build/Intermediates.noindex/cmark-gfm.build/Debug-iphonesimulator/cmark-gfm-extensions.build/Objects-normal/arm64/tagfilter.o -index-unit-output-path /cmark-gfm.build/Debug-iphonesimulator/cmark-gfm-extensions.build/Objects-normal/arm64/tagfilter.o

ScanDependencies /Users/runner/work/orbit/orbit/.ipad-probe/.dd/Build/Intermediates.noindex/cmark-gfm.build/Debug-iphonesimulator/cmark-gfm-extensions.build/Objects-normal/arm64/table.o /Users/runner/work/orbit/orbit/.ipad-probe/.dd/SourcePackages/checkouts/swift-cmark/extensions/table.c normal arm64 c com.apple.compilers.llvm.clang.1_0.compiler (in target 'cmark-gfm-extensions' from project 'cmark-gfm')
    cd /Users/runner/work/orbit/orbit/.ipad-probe/IpadProbe.xcodeproj
    
    Using response file: /Users/runner/work/orbit/orbit/.ipad-probe/.dd/Build/Intermediates.noindex/cmark-gfm.build/Debug-iphonesimulator/cmark-gfm-extensions.build/Objects-normal/arm64/7187679823f38a2a940e0043cdf9d637-common-args.resp
    
    builtin-ScanDependencies -o /Users/runner/work/orbit/orbit/.ipad-probe/.dd/Build/Intermediates.noindex/cmark-gfm.build/Debug-iphonesimulator/cmark-gfm-extensions.build/Objects-normal/arm64/table.o.scan -- /Applications/Xcode_26.6.app/Contents/Developer/Toolchains/XcodeDefault.xctoolchain/usr/bin/clang -x c -ivfsstatcache /Users/runner/work/orbit/orbit/.ipad-probe/.dd/SDKStatCaches.noindex/iphonesimulator26.5-23F81a-688ef53f1462e2c8f657fdc38a81448ff45c64a1807a658693f2a61704f17a36.sdkstatcache -target arm64-apple-ios12.0-simulator -fmessage-length\=0 -fdiagnostics-show-note-include-stack -fmacro-backtrace-limit\=0 -fno-color-diagnostics -fmodules-prune-interval\=86400 -fmodules-prune-after\=345600 -fbuild-session-file\=/Users/runner/work/orbit/orbit/.ipad-probe/.dd/ModuleCache.noindex/Session.modulevalidation -fmodules-validate-once-per-build-session -Wnon-modular-include-in-framework-module -Werror\=non-modular-include-in-framework-module -Wno-trigraphs -Wno-missing-field-initializers -Wno-missing-prototypes -Wno-return-type -Wno-missing-braces -Wparentheses -Wswitch -Wno-unused-function -Wno-unused-label -Wno-unused-parameter -Wno-unused-variable -Wunused-value -Wno-empty-body -Wno-uninitialized -Wno-unknown-pragmas -w -Wno-shadow -Wno-four-char-constants -Wno-conversion -Wno-constant-conversion -Wno-int-conversion -Wno-bool-conversion -Wno-enum-conversion -Wno-float-conversion -Wno-non-literal-null-conversion -Wno-objc-literal-conversion -Wshorten-64-to-32 -Wpointer-sign -Wno-newline-eof -Wno-implicit-fallthrough -isysroot /Applications/Xcode_26.6.app/Contents/Developer/Platforms/iPhoneSimulator.platform/Developer/SDKs/iPhoneSimulator26.5.sdk -fstrict-aliasing -Wdeprecated-declarations -Wno-sign-conversion -Wno-infinite-recursion -Wno-comma -Wno-block-capture-autoreleasing -Wno-strict-prototypes -Wno-semicolon-before-method-body -index-store-path /Users/runner/work/orbit/orbit/.ipad-probe/.dd/Index.noindex/DataStore @/Users/runner/work/orbit/orbit/.ipad-probe/.dd/Build/Intermediates.noindex/cmark-gfm.build/Debug-iphonesimulator/cmark-gfm-extensions.build/Objects-normal/arm64/7187679823f38a2a940e0043cdf9d637-common-args.resp -MMD -MT dependencies -MF /Users/runner/work/orbit/orbit/.ipad-probe/.dd/Build/Intermediates.noindex/cmark-gfm.build/Debug-iphonesimulator/cmark-gfm-extensions.build/Objects-normal/arm64/table.d --serialize-diagnostics /Users/runner/work/orbit/orbit/.ipad-probe/.dd/Build/Intermediates.noindex/cmark-gfm.build/Debug-iphonesimulator/cmark-gfm-extensions.build/Objects-normal/arm64/table.dia -c /Users/runner/work/orbit/orbit/.ipad-probe/.dd/SourcePackages/checkouts/swift-cmark/extensions/table.c -o /Users/runner/work/orbit/orbit/.ipad-probe/.dd/Build/Intermediates.noindex/cmark-gfm.build/Debug-iphonesimulator/cmark-gfm-extensions.build/Objects-normal/arm64/table.o -index-unit-output-path /cmark-gfm.build/Debug-iphonesimulator/cmark-gfm-extensions.build/Objects-normal/arm64/table.o

ScanDependencies /Users/runner/work/orbit/orbit/.ipad-probe/.dd/Build/Intermediates.noindex/cmark-gfm.build/Debug-iphonesimulator/cmark-gfm-extensions.build/Objects-normal/arm64/strikethrough.o /Users/runner/work/orbit/orbit/.ipad-probe/.dd/SourcePackages/checkouts/swift-cmark/extensions/strikethrough.c normal arm64 c com.apple.compilers.llvm.clang.1_0.compiler (in target 'cmark-gfm-extensions' from project 'cmark-gfm')
    cd /Users/runner/work/orbit/orbit/.ipad-probe/IpadProbe.xcodeproj
    
    Using response file: /Users/runner/work/orbit/orbit/.ipad-probe/.dd/Build/Intermediates.noindex/cmark-gfm.build/Debug-iphonesimulator/cmark-gfm-extensions.build/Objects-normal/arm64/7187679823f38a2a940e0043cdf9d637-common-args.resp
    
    builtin-ScanDependencies -o /Users/runner/work/orbit/orbit/.ipad-probe/.dd/Build/Intermediates.noindex/cmark-gfm.build/Debug-iphonesimulator/cmark-gfm-extensions.build/Objects-normal/arm64/strikethrough.o.scan -- /Applications/Xcode_26.6.app/Contents/Developer/Toolchains/XcodeDefault.xctoolchain/usr/bin/clang -x c -ivfsstatcache /Users/runner/work/orbit/orbit/.ipad-probe/.dd/SDKStatCaches.noindex/iphonesimulator26.5-23F81a-688ef53f1462e2c8f657fdc38a81448ff45c64a1807a658693f2a61704f17a36.sdkstatcache -target arm64-apple-ios12.0-simulator -fmessage-length\=0 -fdiagnostics-show-note-include-stack -fmacro-backtrace-limit\=0 -fno-color-diagnostics -fmodules-prune-interval\=86400 -fmodules-prune-after\=345600 -fbuild-session-file\=/Users/runner/work/orbit/orbit/.ipad-probe/.dd/ModuleCache.noindex/Session.modulevalidation -fmodules-validate-once-per-build-session -Wnon-modular-include-in-framework-module -Werror\=non-modular-include-in-framework-module -Wno-trigraphs -Wno-missing-field-initializers -Wno-missing-prototypes -Wno-return-type -Wno-missing-braces -Wparentheses -Wswitch -Wno-unused-function -Wno-unused-label -Wno-unused-parameter -Wno-unused-variable -Wunused-value -Wno-empty-body -Wno-uninitialized -Wno-unknown-pragmas -w -Wno-shadow -Wno-four-char-constants -Wno-conversion -Wno-constant-conversion -Wno-int-conversion -Wno-bool-conversion -Wno-enum-conversion -Wno-float-conversion -Wno-non-literal-null-conversion -Wno-objc-literal-conversion -Wshorten-64-to-32 -Wpointer-sign -Wno-newline-eof -Wno-implicit-fallthrough -isysroot /Applications/Xcode_26.6.app/Contents/Developer/Platforms/iPhoneSimulator.platform/Developer/SDKs/iPhoneSimulator26.5.sdk -fstrict-aliasing -Wdeprecated-declarations -Wno-sign-conversion -Wno-infinite-recursion -Wno-comma -Wno-block-capture-autoreleasing -Wno-strict-prototypes -Wno-semicolon-before-method-body -index-store-path /Users/runner/work/orbit/orbit/.ipad-probe/.dd/Index.noindex/DataStore @/Users/runner/work/orbit/orbit/.ipad-probe/.dd/Build/Intermediates.noindex/cmark-gfm.build/Debug-iphonesimulator/cmark-gfm-extensions.build/Objects-normal/arm64/7187679823f38a2a940e0043cdf9d637-common-args.resp -MMD -MT dependencies -MF /Users/runner/work/orbit/orbit/.ipad-probe/.dd/Build/Intermediates.noindex/cmark-gfm.build/Debug-iphonesimulator/cmark-gfm-extensions.build/Objects-normal/arm64/strikethrough.d --serialize-diagnostics /Users/runner/work/orbit/orbit/.ipad-probe/.dd/Build/Intermediates.noindex/cmark-gfm.build/Debug-iphonesimulator/cmark-gfm-extensions.build/Objects-normal/arm64/strikethrough.dia -c /Users/runner/work/orbit/orbit/.ipad-probe/.dd/SourcePackages/checkouts/swift-cmark/extensions/strikethrough.c -o /Users/runner/work/orbit/orbit/.ipad-probe/.dd/Build/Intermediates.noindex/cmark-gfm.build/Debug-iphonesimulator/cmark-gfm-extensions.build/Objects-normal/arm64/strikethrough.o -index-unit-output-path /cmark-gfm.build/Debug-iphonesimulator/cmark-gfm-extensions.build/Objects-normal/arm64/strikethrough.o

PrecompileModule /Users/runner/work/orbit/orbit/.ipad-probe/.dd/Build/Intermediates.noindex/ExplicitPrecompiledModules/ptrcheck-DT44KBOU3PJKZFWZPRKQUJJ1B.scan
    cd /
    builtin-precompileModule /Users/runner/work/orbit/orbit/.ipad-probe/.dd/Build/Intermediates.noindex/ExplicitPrecompiledModules/ptrcheck-DT44KBOU3PJKZFWZPRKQUJJ1B.scan

PrecompileModule /Users/runner/work/orbit/orbit/.ipad-probe/.dd/Build/Intermediates.noindex/ExplicitPrecompiledModules/_AvailabilityInternal-28UFZWAPM9XL543OU8HCKX7NZ.scan
    cd /
    builtin-precompileModule /Users/runner/work/orbit/orbit/.ipad-probe/.dd/Build/Intermediates.noindex/ExplicitPrecompiledModules/_AvailabilityInternal-28UFZWAPM9XL543OU8HCKX7NZ.scan

PrecompileModule /Users/runner/work/orbit/orbit/.ipad-probe/.dd/Build/Intermediates.noindex/ExplicitPrecompiledModules/_Builtin_stdbool-4M9W54Y3W7MIVSMK5TBMDA5HP.scan
    cd /
    builtin-precompileModule /Users/runner/work/orbit/orbit/.ipad-probe/.dd/Build/Intermediates.noindex/ExplicitPrecompiledModules/_Builtin_stdbool-4M9W54Y3W7MIVSMK5TBMDA5HP.scan

PrecompileModule /Users/runner/work/orbit/orbit/.ipad-probe/.dd/Build/Intermediates.noindex/ExplicitPrecompiledModules/_Builtin_stdarg-CCIIDYT6GA537PNSD5MKWDE94.scan
    cd /
    builtin-precompileModule /Users/runner/work/orbit/orbit/.ipad-probe/.dd/Build/Intermediates.noindex/ExplicitPrecompiledModules/_Builtin_stdarg-CCIIDYT6GA537PNSD5MKWDE94.scan

PrecompileModule /Users/runner/work/orbit/orbit/.ipad-probe/.dd/Build/Intermediates.noindex/ExplicitPrecompiledModules/_DarwinFoundation1-C1W0YGOGA8FMJKYFEY4CHWO8E.scan
    cd /
    builtin-precompileModule /Users/runner/work/orbit/orbit/.ipad-probe/.dd/Build/Intermediates.noindex/ExplicitPrecompiledModules/_DarwinFoundation1-C1W0YGOGA8FMJKYFEY4CHWO8E.scan

PrecompileModule /Users/runner/work/orbit/orbit/.ipad-probe/.dd/Build/Intermediates.noindex/ExplicitPrecompiledModules/_Builtin_stddef-63KCOL3WDGLCI2JHGD0WJ0T84.scan
    cd /
    builtin-precompileModule /Users/runner/work/orbit/orbit/.ipad-probe/.dd/Build/Intermediates.noindex/ExplicitPrecompiledModules/_Builtin_stddef-63KCOL3WDGLCI2JHGD0WJ0T84.scan

ScanDependencies /Users/runner/work/orbit/orbit/.ipad-probe/.dd/Build/Intermediates.noindex/cmark-gfm.build/Debug-iphonesimulator/cmark-gfm-extensions.build/Objects-normal/arm64/ext_scanners.o /Users/runner/work/orbit/orbit/.ipad-probe/.dd/SourcePackages/checkouts/swift-cmark/extensions/ext_scanners.c normal arm64 c com.apple.compilers.llvm.clang.1_0.compiler (in target 'cmark-gfm-extensions' from project 'cmark-gfm')
    cd /Users/runner/work/orbit/orbit/.ipad-probe/IpadProbe.xcodeproj
    
    Using response file: /Users/runner/work/orbit/orbit/.ipad-probe/.dd/Build/Intermediates.noindex/cmark-gfm.build/Debug-iphonesimulator/cmark-gfm-extensions.build/Objects-normal/arm64/7187679823f38a2a940e0043cdf9d637-common-args.resp
    
    builtin-ScanDependencies -o /Users/runner/work/orbit/orbit/.ipad-probe/.dd/Build/Intermediates.noindex/cmark-gfm.build/Debug-iphonesimulator/cmark-gfm-extensions.build/Objects-normal/arm64/ext_scanners.o.scan -- /Applications/Xcode_26.6.app/Contents/Developer/Toolchains/XcodeDefault.xctoolchain/usr/bin/clang -x c -ivfsstatcache /Users/runner/work/orbit/orbit/.ipad-probe/.dd/SDKStatCaches.noindex/iphonesimulator26.5-23F81a-688ef53f1462e2c8f657fdc38a81448ff45c64a1807a658693f2a61704f17a36.sdkstatcache -target arm64-apple-ios12.0-simulator -fmessage-length\=0 -fdiagnostics-show-note-include-stack -fmacro-backtrace-limit\=0 -fno-color-diagnostics -fmodules-prune-interval\=86400 -fmodules-prune-after\=345600 -fbuild-session-file\=/Users/runner/work/orbit/orbit/.ipad-probe/.dd/ModuleCache.noindex/Session.modulevalidation -fmodules-validate-once-per-build-session -Wnon-modular-include-in-framework-module -Werror\=non-modular-include-in-framework-module -Wno-trigraphs -Wno-missing-field-initializers -Wno-missing-prototypes -Wno-return-type -Wno-missing-braces -Wparentheses -Wswitch -Wno-unused-function -Wno-unused-label -Wno-unused-parameter -Wno-unused-variable -Wunused-value -Wno-empty-body -Wno-uninitialized -Wno-unknown-pragmas -w -Wno-shadow -Wno-four-char-constants -Wno-conversion -Wno-constant-conversion -Wno-int-conversion -Wno-bool-conversion -Wno-enum-conversion -Wno-float-conversion -Wno-non-literal-null-conversion -Wno-objc-literal-conversion -Wshorten-64-to-32 -Wpointer-sign -Wno-newline-eof -Wno-implicit-fallthrough -isysroot /Applications/Xcode_26.6.app/Contents/Developer/Platforms/iPhoneSimulator.platform/Developer/SDKs/iPhoneSimulator26.5.sdk -fstrict-aliasing -Wdeprecated-declarations -Wno-sign-conversion -Wno-infinite-recursion -Wno-comma -Wno-block-capture-autoreleasing -Wno-strict-prototypes -Wno-semicolon-before-method-body -index-store-path /Users/runner/work/orbit/orbit/.ipad-probe/.dd/Index.noindex/DataStore @/Users/runner/work/orbit/orbit/.ipad-probe/.dd/Build/Intermediates.noindex/cmark-gfm.build/Debug-iphonesimulator/cmark-gfm-extensions.build/Objects-normal/arm64/7187679823f38a2a940e0043cdf9d637-common-args.resp -MMD -MT dependencies -MF /Users/runner/work/orbit/orbit/.ipad-probe/.dd/Build/Intermediates.noindex/cmark-gfm.build/Debug-iphonesimulator/cmark-gfm-extensions.build/Objects-normal/arm64/ext_scanners.d --serialize-diagnostics /Users/runner/work/orbit/orbit/.ipad-probe/.dd/Build/Intermediates.noindex/cmark-gfm.build/Debug-iphonesimulator/cmark-gfm-extensions.build/Objects-normal/arm64/ext_scanners.dia -c /Users/runner/work/orbit/orbit/.ipad-probe/.dd/SourcePackages/checkouts/swift-cmark/extensions/ext_scanners.c -o /Users/runner/work/orbit/orbit/.ipad-probe/.dd/Build/Intermediates.noindex/cmark-gfm.build/Debug-iphonesimulator/cmark-gfm-extensions.build/Objects-normal/arm64/ext_scanners.o -index-unit-output-path /cmark-gfm.build/Debug-iphonesimulator/cmark-gfm-extensions.build/Objects-normal/arm64/ext_scanners.o

ScanDependencies /Users/runner/work/orbit/orbit/.ipad-probe/.dd/Build/Intermediates.noindex/cmark-gfm.build/Debug-iphonesimulator/cmark-gfm-extensions.build/Objects-normal/arm64/core-extensions.o /Users/runner/work/orbit/orbit/.ipad-probe/.dd/SourcePackages/checkouts/swift-cmark/extensions/core-extensions.c normal arm64 c com.apple.compilers.llvm.clang.1_0.compiler (in target 'cmark-gfm-extensions' from project 'cmark-gfm')
    cd /Users/runner/work/orbit/orbit/.ipad-probe/IpadProbe.xcodeproj
    
    Using response file: /Users/runner/work/orbit/orbit/.ipad-probe/.dd/Build/Intermediates.noindex/cmark-gfm.build/Debug-iphonesimulator/cmark-gfm-extensions.build/Objects-normal/arm64/7187679823f38a2a940e0043cdf9d637-common-args.resp
    
    builtin-ScanDependencies -o /Users/runner/work/orbit/orbit/.ipad-probe/.dd/Build/Intermediates.noindex/cmark-gfm.build/Debug-iphonesimulator/cmark-gfm-extensions.build/Objects-normal/arm64/core-extensions.o.scan -- /Applications/Xcode_26.6.app/Contents/Developer/Toolchains/XcodeDefault.xctoolchain/usr/bin/clang -x c -ivfsstatcache /Users/runner/work/orbit/orbit/.ipad-probe/.dd/SDKStatCaches.noindex/iphonesimulator26.5-23F81a-688ef53f1462e2c8f657fdc38a81448ff45c64a1807a658693f2a61704f17a36.sdkstatcache -target arm64-apple-ios12.0-simulator -fmessage-length\=0 -fdiagnostics-show-note-include-stack -fmacro-backtrace-limit\=0 -fno-color-diagnostics -fmodules-prune-interval\=86400 -fmodules-prune-after\=345600 -fbuild-session-file\=/Users/runner/work/orbit/orbit/.ipad-probe/.dd/ModuleCache.noindex/Session.modulevalidation -fmodules-validate-once-per-build-session -Wnon-modular-include-in-framework-module -Werror\=non-modular-include-in-framework-module -Wno-trigraphs -Wno-missing-field-initializers -Wno-missing-prototypes -Wno-return-type -Wno-missing-braces -Wparentheses -Wswitch -Wno-unused-function -Wno-unused-label -Wno-unused-parameter -Wno-unused-variable -Wunused-value -Wno-empty-body -Wno-uninitialized -Wno-unknown-pragmas -w -Wno-shadow -Wno-four-char-constants -Wno-conversion -Wno-constant-conversion -Wno-int-conversion -Wno-bool-conversion -Wno-enum-conversion -Wno-float-conversion -Wno-non-literal-null-conversion -Wno-objc-literal-conversion -Wshorten-64-to-32 -Wpointer-sign -Wno-newline-eof -Wno-implicit-fallthrough -isysroot /Applications/Xcode_26.6.app/Contents/Developer/Platforms/iPhoneSimulator.platform/Developer/SDKs/iPhoneSimulator26.5.sdk -fstrict-aliasing -Wdeprecated-declarations -Wno-sign-conversion -Wno-infinite-recursion -Wno-comma -Wno-block-capture-autoreleasing -Wno-strict-prototypes -Wno-semicolon-before-method-body -index-store-path /Users/runner/work/orbit/orbit/.ipad-probe/.dd/Index.noindex/DataStore @/Users/runner/work/orbit/orbit/.ipad-probe/.dd/Build/Intermediates.noindex/cmark-gfm.build/Debug-iphonesimulator/cmark-gfm-extensions.build/Objects-normal/arm64/7187679823f38a2a940e0043cdf9d637-common-args.resp -MMD -MT dependencies -MF /Users/runner/work/orbit/orbit/.ipad-probe/.dd/Build/Intermediates.noindex/cmark-gfm.build/Debug-iphonesimulator/cmark-gfm-extensions.build/Objects-normal/arm64/core-extensions.d --serialize-diagnostics /Users/runner/work/orbit/orbit/.ipad-probe/.dd/Build/Intermediates.noindex/cmark-gfm.build/Debug-iphonesimulator/cmark-gfm-extensions.build/Objects-normal/arm64/core-extensions.dia -c /Users/runner/work/orbit/orbit/.ipad-probe/.dd/SourcePackages/checkouts/swift-cmark/extensions/core-extensions.c -o /Users/runner/work/orbit/orbit/.ipad-probe/.dd/Build/Intermediates.noindex/cmark-gfm.build/Debug-iphonesimulator/cmark-gfm-extensions.build/Objects-normal/arm64/core-extensions.o -index-unit-output-path /cmark-gfm.build/Debug-iphonesimulator/cmark-gfm-extensions.build/Objects-normal/arm64/core-extensions.o

ScanDependencies /Users/runner/work/orbit/orbit/.ipad-probe/.dd/Build/Intermediates.noindex/cmark-gfm.build/Debug-iphonesimulator/cmark-gfm-extensions.build/Objects-normal/arm64/autolink.o /Users/runner/work/orbit/orbit/.ipad-probe/.dd/SourcePackages/checkouts/swift-cmark/extensions/autolink.c normal arm64 c com.apple.compilers.llvm.clang.1_0.compiler (in target 'cmark-gfm-extensions' from project 'cmark-gfm')
    cd /Users/runner/work/orbit/orbit/.ipad-probe/IpadProbe.xcodeproj
    
    Using response file: /Users/runner/work/orbit/orbit/.ipad-probe/.dd/Build/Intermediates.noindex/cmark-gfm.build/Debug-iphonesimulator/cmark-gfm-extensions.build/Objects-normal/arm64/7187679823f38a2a940e0043cdf9d637-common-args.resp
    
    builtin-ScanDependencies -o /Users/runner/work/orbit/orbit/.ipad-probe/.dd/Build/Intermediates.noindex/cmark-gfm.build/Debug-iphonesimulator/cmark-gfm-extensions.build/Objects-normal/arm64/autolink.o.scan -- /Applications/Xcode_26.6.app/Contents/Developer/Toolchains/XcodeDefault.xctoolchain/usr/bin/clang -x c -ivfsstatcache /Users/runner/work/orbit/orbit/.ipad-probe/.dd/SDKStatCaches.noindex/iphonesimulator26.5-23F81a-688ef53f1462e2c8f657fdc38a81448ff45c64a1807a658693f2a61704f17a36.sdkstatcache -target arm64-apple-ios12.0-simulator -fmessage-length\=0 -fdiagnostics-show-note-include-stack -fmacro-backtrace-limit\=0 -fno-color-diagnostics -fmodules-prune-interval\=86400 -fmodules-prune-after\=345600 -fbuild-session-file\=/Users/runner/work/orbit/orbit/.ipad-probe/.dd/ModuleCache.noindex/Session.modulevalidation -fmodules-validate-once-per-build-session -Wnon-modular-include-in-framework-module -Werror\=non-modular-include-in-framework-module -Wno-trigraphs -Wno-missing-field-initializers -Wno-missing-prototypes -Wno-return-type -Wno-missing-braces -Wparentheses -Wswitch -Wno-unused-function -Wno-unused-label -Wno-unused-parameter -Wno-unused-variable -Wunused-value -Wno-empty-body -Wno-uninitialized -Wno-unknown-pragmas -w -Wno-shadow -Wno-four-char-constants -Wno-conversion -Wno-constant-conversion -Wno-int-conversion -Wno-bool-conversion -Wno-enum-conversion -Wno-float-conversion -Wno-non-literal-null-conversion -Wno-objc-literal-conversion -Wshorten-64-to-32 -Wpointer-sign -Wno-newline-eof -Wno-implicit-fallthrough -isysroot /Applications/Xcode_26.6.app/Contents/Developer/Platforms/iPhoneSimulator.platform/Developer/SDKs/iPhoneSimulator26.5.sdk -fstrict-aliasing -Wdeprecated-declarations -Wno-sign-conversion -Wno-infinite-recursion -Wno-comma -Wno-block-capture-autoreleasing -Wno-strict-prototypes -Wno-semicolon-before-method-body -index-store-path /Users/runner/work/orbit/orbit/.ipad-probe/.dd/Index.noindex/DataStore @/Users/runner/work/orbit/orbit/.ipad-probe/.dd/Build/Intermediates.noindex/cmark-gfm.build/Debug-iphonesimulator/cmark-gfm-extensions.build/Objects-normal/arm64/7187679823f38a2a940e0043cdf9d637-common-args.resp -MMD -MT dependencies -MF /Users/runner/work/orbit/orbit/.ipad-probe/.dd/Build/Intermediates.noindex/cmark-gfm.build/Debug-iphonesimulator/cmark-gfm-extensions.build/Objects-normal/arm64/autolink.d --serialize-diagnostics /Users/runner/work/orbit/orbit/.ipad-probe/.dd/Build/Intermediates.noindex/cmark-gfm.build/Debug-iphonesimulator/cmark-gfm-extensions.build/Objects-normal/arm64/autolink.dia -c /Users/runner/work/orbit/orbit/.ipad-probe/.dd/SourcePackages/checkouts/swift-cmark/extensions/autolink.c -o /Users/runner/work/orbit/orbit/.ipad-probe/.dd/Build/Intermediates.noindex/cmark-gfm.build/Debug-iphonesimulator/cmark-gfm-extensions.build/Objects-normal/arm64/autolink.o -index-unit-output-path /cmark-gfm.build/Debug-iphonesimulator/cmark-gfm-extensions.build/Objects-normal/arm64/autolink.o

ScanDependencies /Users/runner/work/orbit/orbit/.ipad-probe/.dd/Build/Intermediates.noindex/cmark-gfm.build/Debug-iphonesimulator/cmark-gfm.build/Objects-normal/arm64/xml.o /Users/runner/work/orbit/orbit/.ipad-probe/.dd/SourcePackages/checkouts/swift-cmark/src/xml.c normal arm64 c com.apple.compilers.llvm.clang.1_0.compiler (in target 'cmark-gfm' from project 'cmark-gfm')
    cd /Users/runner/work/orbit/orbit/.ipad-probe/IpadProbe.xcodeproj
    
    Using response file: /Users/runner/work/orbit/orbit/.ipad-probe/.dd/Build/Intermediates.noindex/cmark-gfm.build/Debug-iphonesimulator/cmark-gfm.build/Objects-normal/arm64/7187679823f38a2a940e0043cdf9d637-common-args.resp
    
    builtin-ScanDependencies -o /Users/runner/work/orbit/orbit/.ipad-probe/.dd/Build/Intermediates.noindex/cmark-gfm.build/Debug-iphonesimulator/cmark-gfm.build/Objects-normal/arm64/xml.o.scan -- /Applications/Xcode_26.6.app/Contents/Developer/Toolchains/XcodeDefault.xctoolchain/usr/bin/clang -x c -ivfsstatcache /Users/runner/work/orbit/orbit/.ipad-probe/.dd/SDKStatCaches.noindex/iphonesimulator26.5-23F81a-688ef53f1462e2c8f657fdc38a81448ff45c64a1807a658693f2a61704f17a36.sdkstatcache -target arm64-apple-ios12.0-simulator -fmessage-length\=0 -fdiagnostics-show-note-include-stack -fmacro-backtrace-limit\=0 -fno-color-diagnostics -fmodules-prune-interval\=86400 -fmodules-prune-after\=345600 -fbuild-session-file\=/Users/runner/work/orbit/orbit/.ipad-probe/.dd/ModuleCache.noindex/Session.modulevalidation -fmodules-validate-once-per-build-session -Wnon-modular-include-in-framework-module -Werror\=non-modular-include-in-framework-module -Wno-trigraphs -Wno-missing-field-initializers -Wno-missing-prototypes -Wno-return-type -Wno-missing-braces -Wparentheses -Wswitch -Wno-unused-function -Wno-unused-label -Wno-unused-parameter -Wno-unused-variable -Wunused-value -Wno-empty-body -Wno-uninitialized -Wno-unknown-pragmas -w -Wno-shadow -Wno-four-char-constants -Wno-conversion -Wno-constant-conversion -Wno-int-conversion -Wno-bool-conversion -Wno-enum-conversion -Wno-float-conversion -Wno-non-literal-null-conversion -Wno-objc-literal-conversion -Wshorten-64-to-32 -Wpointer-sign -Wno-newline-eof -Wno-implicit-fallthrough -isysroot /Applications/Xcode_26.6.app/Contents/Developer/Platforms/iPhoneSimulator.platform/Developer/SDKs/iPhoneSimulator26.5.sdk -fstrict-aliasing -Wdeprecated-declarations -Wno-sign-conversion -Wno-infinite-recursion -Wno-comma -Wno-block-capture-autoreleasing -Wno-strict-prototypes -Wno-semicolon-before-method-body -index-store-path /Users/runner/work/orbit/orbit/.ipad-probe/.dd/Index.noindex/DataStore @/Users/runner/work/orbit/orbit/.ipad-probe/.dd/Build/Intermediates.noindex/cmark-gfm.build/Debug-iphonesimulator/cmark-gfm.build/Objects-normal/arm64/7187679823f38a2a940e0043cdf9d637-common-args.resp -MMD -MT dependencies -MF /Users/runner/work/orbit/orbit/.ipad-probe/.dd/Build/Intermediates.noindex/cmark-gfm.build/Debug-iphonesimulator/cmark-gfm.build/Objects-normal/arm64/xml.d --serialize-diagnostics /Users/runner/work/orbit/orbit/.ipad-probe/.dd/Build/Intermediates.noindex/cmark-gfm.build/Debug-iphonesimulator/cmark-gfm.build/Objects-normal/arm64/xml.dia -c /Users/runner/work/orbit/orbit/.ipad-probe/.dd/SourcePackages/checkouts/swift-cmark/src/xml.c -o /Users/runner/work/orbit/orbit/.ipad-probe/.dd/Build/Intermediates.noindex/cmark-gfm.build/Debug-iphonesimulator/cmark-gfm.build/Objects-normal/arm64/xml.o -index-unit-output-path /cmark-gfm.build/Debug-iphonesimulator/cmark-gfm.build/Objects-normal/arm64/xml.o

PrecompileModule /Users/runner/work/orbit/orbit/.ipad-probe/.dd/Build/Intermediates.noindex/ExplicitPrecompiledModules/_Builtin_limits-95AHE4N64FG4139N3YDYJCAS2.scan
    cd /
    builtin-precompileModule /Users/runner/work/orbit/orbit/.ipad-probe/.dd/Build/Intermediates.noindex/ExplicitPrecompiledModules/_Builtin_limits-95AHE4N64FG4139N3YDYJCAS2.scan

PrecompileModule /Users/runner/work/orbit/orbit/.ipad-probe/.dd/Build/Intermediates.noindex/ExplicitPrecompiledModules/_DarwinFoundation2-4HMWAFO6YRC8J1HGRT7ZQNKHH.scan
    cd /
    builtin-precompileModule /Users/runner/work/orbit/orbit/.ipad-probe/.dd/Build/Intermediates.noindex/ExplicitPrecompiledModules/_DarwinFoundation2-4HMWAFO6YRC8J1HGRT7ZQNKHH.scan

ScanDependencies /Users/runner/work/orbit/orbit/.ipad-probe/.dd/Build/Intermediates.noindex/cmark-gfm.build/Debug-iphonesimulator/cmark-gfm.build/Objects-normal/arm64/utf8.o /Users/runner/work/orbit/orbit/.ipad-probe/.dd/SourcePackages/checkouts/swift-cmark/src/utf8.c normal arm64 c com.apple.compilers.llvm.clang.1_0.compiler (in target 'cmark-gfm' from project 'cmark-gfm')
    cd /Users/runner/work/orbit/orbit/.ipad-probe/IpadProbe.xcodeproj
    
    Using response file: /Users/runner/work/orbit/orbit/.ipad-probe/.dd/Build/Intermediates.noindex/cmark-gfm.build/Debug-iphonesimulator/cmark-gfm.build/Objects-normal/arm64/7187679823f38a2a940e0043cdf9d637-common-args.resp
    
    builtin-ScanDependencies -o /Users/runner/work/orbit/orbit/.ipad-probe/.dd/Build/Intermediates.noindex/cmark-gfm.build/Debug-iphonesimulator/cmark-gfm.build/Objects-normal/arm64/utf8.o.scan -- /Applications/Xcode_26.6.app/Contents/Developer/Toolchains/XcodeDefault.xctoolchain/usr/bin/clang -x c -ivfsstatcache /Users/runner/work/orbit/orbit/.ipad-probe/.dd/SDKStatCaches.noindex/iphonesimulator26.5-23F81a-688ef53f1462e2c8f657fdc38a81448ff45c64a1807a658693f2a61704f17a36.sdkstatcache -target arm64-apple-ios12.0-simulator -fmessage-length\=0 -fdiagnostics-show-note-include-stack -fmacro-backtrace-limit\=0 -fno-color-diagnostics -fmodules-prune-interval\=86400 -fmodules-prune-after\=345600 -fbuild-session-file\=/Users/runner/work/orbit/orbit/.ipad-probe/.dd/ModuleCache.noindex/Session.modulevalidation -fmodules-validate-once-per-build-session -Wnon-modular-include-in-framework-module -Werror\=non-modular-include-in-framework-module -Wno-trigraphs -Wno-missing-field-initializers -Wno-missing-prototypes -Wno-return-type -Wno-missing-braces -Wparentheses -Wswitch -Wno-unused-function -Wno-unused-label -Wno-unused-parameter -Wno-unused-variable -Wunused-value -Wno-empty-body -Wno-uninitialized -Wno-unknown-pragmas -w -Wno-shadow -Wno-four-char-constants -Wno-conversion -Wno-constant-conversion -Wno-int-conversion -Wno-bool-conversion -Wno-enum-conversion -Wno-float-conversion -Wno-non-literal-null-conversion -Wno-objc-literal-conversion -Wshorten-64-to-32 -Wpointer-sign -Wno-newline-eof -Wno-implicit-fallthrough -isysroot /Applications/Xcode_26.6.app/Contents/Developer/Platforms/iPhoneSimulator.platform/Developer/SDKs/iPhoneSimulator26.5.sdk -fstrict-aliasing -Wdeprecated-declarations -Wno-sign-conversion -Wno-infinite-recursion -Wno-comma -Wno-block-capture-autoreleasing -Wno-strict-prototypes -Wno-semicolon-before-method-body -index-store-path /Users/runner/work/orbit/orbit/.ipad-probe/.dd/Index.noindex/DataStore @/Users/runner/work/orbit/orbit/.ipad-probe/.dd/Build/Intermediates.noindex/cmark-gfm.build/Debug-iphonesimulator/cmark-gfm.build/Objects-normal/arm64/7187679823f38a2a940e0043cdf9d637-common-args.resp -MMD -MT dependencies -MF /Users/runner/work/orbit/orbit/.ipad-probe/.dd/Build/Intermediates.noindex/cmark-gfm.build/Debug-iphonesimulator/cmark-gfm.build/Objects-normal/arm64/utf8.d --serialize-diagnostics /Users/runner/work/orbit/orbit/.ipad-probe/.dd/Build/Intermediates.noindex/cmark-gfm.build/Debug-iphonesimulator/cmark-gfm.build/Objects-normal/arm64/utf8.dia -c /Users/runner/work/orbit/orbit/.ipad-probe/.dd/SourcePackages/checkouts/swift-cmark/src/utf8.c -o /Users/runner/work/orbit/orbit/.ipad-probe/.dd/Build/Intermediates.noindex/cmark-gfm.build/Debug-iphonesimulator/cmark-gfm.build/Objects-normal/arm64/utf8.o -index-unit-output-path /cmark-gfm.build/Debug-iphonesimulator/cmark-gfm.build/Objects-normal/arm64/utf8.o

ScanDependencies /Users/runner/work/orbit/orbit/.ipad-probe/.dd/Build/Intermediates.noindex/cmark-gfm.build/Debug-iphonesimulator/cmark-gfm.build/Objects-normal/arm64/syntax_extension.o /Users/runner/work/orbit/orbit/.ipad-probe/.dd/SourcePackages/checkouts/swift-cmark/src/syntax_extension.c normal arm64 c com.apple.compilers.llvm.clang.1_0.compiler (in target 'cmark-gfm' from project 'cmark-gfm')
    cd /Users/runner/work/orbit/orbit/.ipad-probe/IpadProbe.xcodeproj
    
    Using response file: /Users/runner/work/orbit/orbit/.ipad-probe/.dd/Build/Intermediates.noindex/cmark-gfm.build/Debug-iphonesimulator/cmark-gfm.build/Objects-normal/arm64/7187679823f38a2a940e0043cdf9d637-common-args.resp
    
    builtin-ScanDependencies -o /Users/runner/work/orbit/orbit/.ipad-probe/.dd/Build/Intermediates.noindex/cmark-gfm.build/Debug-iphonesimulator/cmark-gfm.build/Objects-normal/arm64/syntax_extension.o.scan -- /Applications/Xcode_26.6.app/Contents/Developer/Toolchains/XcodeDefault.xctoolchain/usr/bin/clang -x c -ivfsstatcache /Users/runner/work/orbit/orbit/.ipad-probe/.dd/SDKStatCaches.noindex/iphonesimulator26.5-23F81a-688ef53f1462e2c8f657fdc38a81448ff45c64a1807a658693f2a61704f17a36.sdkstatcache -target arm64-apple-ios12.0-simulator -fmessage-length\=0 -fdiagnostics-show-note-include-stack -fmacro-backtrace-limit\=0 -fno-color-diagnostics -fmodules-prune-interval\=86400 -fmodules-prune-after\=345600 -fbuild-session-file\=/Users/runner/work/orbit/orbit/.ipad-probe/.dd/ModuleCache.noindex/Session.modulevalidation -fmodules-validate-once-per-build-session -Wnon-modular-include-in-framework-module -Werror\=non-modular-include-in-framework-module -Wno-trigraphs -Wno-missing-field-initializers -Wno-missing-prototypes -Wno-return-type -Wno-missing-braces -Wparentheses -Wswitch -Wno-unused-function -Wno-unused-label -Wno-unused-parameter -Wno-unused-variable -Wunused-value -Wno-empty-body -Wno-uninitialized -Wno-unknown-pragmas -w -Wno-shadow -Wno-four-char-constants -Wno-conversion -Wno-constant-conversion -Wno-int-conversion -Wno-bool-conversion -Wno-enum-conversion -Wno-float-conversion -Wno-non-literal-null-conversion -Wno-objc-literal-conversion -Wshorten-64-to-32 -Wpointer-sign -Wno-newline-eof -Wno-implicit-fallthrough -isysroot /Applications/Xcode_26.6.app/Contents/Developer/Platforms/iPhoneSimulator.platform/Developer/SDKs/iPhoneSimulator26.5.sdk -fstrict-aliasing -Wdeprecated-declarations -Wno-sign-conversion -Wno-infinite-recursion -Wno-comma -Wno-block-capture-autoreleasing -Wno-strict-prototypes -Wno-semicolon-before-method-body -index-store-path /Users/runner/work/orbit/orbit/.ipad-probe/.dd/Index.noindex/DataStore @/Users/runner/work/orbit/orbit/.ipad-probe/.dd/Build/Intermediates.noindex/cmark-gfm.build/Debug-iphonesimulator/cmark-gfm.build/Objects-normal/arm64/7187679823f38a2a940e0043cdf9d637-common-args.resp -MMD -MT dependencies -MF /Users/runner/work/orbit/orbit/.ipad-probe/.dd/Build/Intermediates.noindex/cmark-gfm.build/Debug-iphonesimulator/cmark-gfm.build/Objects-normal/arm64/syntax_extension.d --serialize-diagnostics /Users/runner/work/orbit/orbit/.ipad-probe/.dd/Build/Intermediates.noindex/cmark-gfm.build/Debug-iphonesimulator/cmark-gfm.build/Objects-normal/arm64/syntax_extension.dia -c /Users/runner/work/orbit/orbit/.ipad-probe/.dd/SourcePackages/checkouts/swift-cmark/src/syntax_extension.c -o /Users/runner/work/orbit/orbit/.ipad-probe/.dd/Build/Intermediates.noindex/cmark-gfm.build/Debug-iphonesimulator/cmark-gfm.build/Objects-normal/arm64/syntax_extension.o -index-unit-output-path /cmark-gfm.build/Debug-iphonesimulator/cmark-gfm.build/Objects-normal/arm64/syntax_extension.o

ScanDependencies /Users/runner/work/orbit/orbit/.ipad-probe/.dd/Build/Intermediates.noindex/cmark-gfm.build/Debug-iphonesimulator/cmark-gfm.build/Objects-normal/arm64/scanners.o /Users/runner/work/orbit/orbit/.ipad-probe/.dd/SourcePackages/checkouts/swift-cmark/src/scanners.c normal arm64 c com.apple.compilers.llvm.clang.1_0.compiler (in target 'cmark-gfm' from project 'cmark-gfm')
    cd /Users/runner/work/orbit/orbit/.ipad-probe/IpadProbe.xcodeproj
    
    Using response file: /Users/runner/work/orbit/orbit/.ipad-probe/.dd/Build/Intermediates.noindex/cmark-gfm.build/Debug-iphonesimulator/cmark-gfm.build/Objects-normal/arm64/7187679823f38a2a940e0043cdf9d637-common-args.resp
    
    builtin-ScanDependencies -o /Users/runner/work/orbit/orbit/.ipad-probe/.dd/Build/Intermediates.noindex/cmark-gfm.build/Debug-iphonesimulator/cmark-gfm.build/Objects-normal/arm64/scanners.o.scan -- /Applications/Xcode_26.6.app/Contents/Developer/Toolchains/XcodeDefault.xctoolchain/usr/bin/clang -x c -ivfsstatcache /Users/runner/work/orbit/orbit/.ipad-probe/.dd/SDKStatCaches.noindex/iphonesimulator26.5-23F81a-688ef53f1462e2c8f657fdc38a81448ff45c64a1807a658693f2a61704f17a36.sdkstatcache -target arm64-apple-ios12.0-simulator -fmessage-length\=0 -fdiagnostics-show-note-include-stack -fmacro-backtrace-limit\=0 -fno-color-diagnostics -fmodules-prune-interval\=86400 -fmodules-prune-after\=345600 -fbuild-session-file\=/Users/runner/work/orbit/orbit/.ipad-probe/.dd/ModuleCache.noindex/Session.modulevalidation -fmodules-validate-once-per-build-session -Wnon-modular-include-in-framework-module -Werror\=non-modular-include-in-framework-module -Wno-trigraphs -Wno-missing-field-initializers -Wno-missing-prototypes -Wno-return-type -Wno-missing-braces -Wparentheses -Wswitch -Wno-unused-function -Wno-unused-label -Wno-unused-parameter -Wno-unused-variable -Wunused-value -Wno-empty-body -Wno-uninitialized -Wno-unknown-pragmas -w -Wno-shadow -Wno-four-char-constants -Wno-conversion -Wno-constant-conversion -Wno-int-conversion -Wno-bool-conversion -Wno-enum-conversion -Wno-float-conversion -Wno-non-literal-null-conversion -Wno-objc-literal-conversion -Wshorten-64-to-32 -Wpointer-sign -Wno-newline-eof -Wno-implicit-fallthrough -isysroot /Applications/Xcode_26.6.app/Contents/Developer/Platforms/iPhoneSimulator.platform/Developer/SDKs/iPhoneSimulator26.5.sdk -fstrict-aliasing -Wdeprecated-declarations -Wno-sign-conversion -Wno-infinite-recursion -Wno-comma -Wno-block-capture-autoreleasing -Wno-strict-prototypes -Wno-semicolon-before-method-body -index-store-path /Users/runner/work/orbit/orbit/.ipad-probe/.dd/Index.noindex/DataStore @/Users/runner/work/orbit/orbit/.ipad-probe/.dd/Build/Intermediates.noindex/cmark-gfm.build/Debug-iphonesimulator/cmark-gfm.build/Objects-normal/arm64/7187679823f38a2a940e0043cdf9d637-common-args.resp -MMD -MT dependencies -MF /Users/runner/work/orbit/orbit/.ipad-probe/.dd/Build/Intermediates.noindex/cmark-gfm.build/Debug-iphonesimulator/cmark-gfm.build/Objects-normal/arm64/scanners.d --serialize-diagnostics /Users/runner/work/orbit/orbit/.ipad-probe/.dd/Build/Intermediates.noindex/cmark-gfm.build/Debug-iphonesimulator/cmark-gfm.build/Objects-normal/arm64/scanners.dia -c /Users/runner/work/orbit/orbit/.ipad-probe/.dd/SourcePackages/checkouts/swift-cmark/src/scanners.c -o /Users/runner/work/orbit/orbit/.ipad-probe/.dd/Build/Intermediates.noindex/cmark-gfm.build/Debug-iphonesimulator/cmark-gfm.build/Objects-normal/arm64/scanners.o -index-unit-output-path /cmark-gfm.build/Debug-iphonesimulator/cmark-gfm.build/Objects-normal/arm64/scanners.o

ScanDependencies /Users/runner/work/orbit/orbit/.ipad-probe/.dd/Build/Intermediates.noindex/cmark-gfm.build/Debug-iphonesimulator/cmark-gfm.build/Objects-normal/arm64/render.o /Users/runner/work/orbit/orbit/.ipad-probe/.dd/SourcePackages/checkouts/swift-cmark/src/render.c normal arm64 c com.apple.compilers.llvm.clang.1_0.compiler (in target 'cmark-gfm' from project 'cmark-gfm')
    cd /Users/runner/work/orbit/orbit/.ipad-probe/IpadProbe.xcodeproj
    
    Using response file: /Users/runner/work/orbit/orbit/.ipad-probe/.dd/Build/Intermediates.noindex/cmark-gfm.build/Debug-iphonesimulator/cmark-gfm.build/Objects-normal/arm64/7187679823f38a2a940e0043cdf9d637-common-args.resp
    
    builtin-ScanDependencies -o /Users/runner/work/orbit/orbit/.ipad-probe/.dd/Build/Intermediates.noindex/cmark-gfm.build/Debug-iphonesimulator/cmark-gfm.build/Objects-normal/arm64/render.o.scan -- /Applications/Xcode_26.6.app/Contents/Developer/Toolchains/XcodeDefault.xctoolchain/usr/bin/clang -x c -ivfsstatcache /Users/runner/work/orbit/orbit/.ipad-probe/.dd/SDKStatCaches.noindex/iphonesimulator26.5-23F81a-688ef53f1462e2c8f657fdc38a81448ff45c64a1807a658693f2a61704f17a36.sdkstatcache -target arm64-apple-ios12.0-simulator -fmessage-length\=0 -fdiagnostics-show-note-include-stack -fmacro-backtrace-limit\=0 -fno-color-diagnostics -fmodules-prune-interval\=86400 -fmodules-prune-after\=345600 -fbuild-session-file\=/Users/runner/work/orbit/orbit/.ipad-probe/.dd/ModuleCache.noindex/Session.modulevalidation -fmodules-validate-once-per-build-session -Wnon-modular-include-in-framework-module -Werror\=non-modular-include-in-framework-module -Wno-trigraphs -Wno-missing-field-initializers -Wno-missing-prototypes -Wno-return-type -Wno-missing-braces -Wparentheses -Wswitch -Wno-unused-function -Wno-unused-label -Wno-unused-parameter -Wno-unused-variable -Wunused-value -Wno-empty-body -Wno-uninitialized -Wno-unknown-pragmas -w -Wno-shadow -Wno-four-char-constants -Wno-conversion -Wno-constant-conversion -Wno-int-conversion -Wno-bool-conversion -Wno-enum-conversion -Wno-float-conversion -Wno-non-literal-null-conversion -Wno-objc-literal-conversion -Wshorten-64-to-32 -Wpointer-sign -Wno-newline-eof -Wno-implicit-fallthrough -isysroot /Applications/Xcode_26.6.app/Contents/Developer/Platforms/iPhoneSimulator.platform/Developer/SDKs/iPhoneSimulator26.5.sdk -fstrict-aliasing -Wdeprecated-declarations -Wno-sign-conversion -Wno-infinite-recursion -Wno-comma -Wno-block-capture-autoreleasing -Wno-strict-prototypes -Wno-semicolon-before-method-body -index-store-path /Users/runner/work/orbit/orbit/.ipad-probe/.dd/Index.noindex/DataStore @/Users/runner/work/orbit/orbit/.ipad-probe/.dd/Build/Intermediates.noindex/cmark-gfm.build/Debug-iphonesimulator/cmark-gfm.build/Objects-normal/arm64/7187679823f38a2a940e0043cdf9d637-common-args.resp -MMD -MT dependencies -MF /Users/runner/work/orbit/orbit/.ipad-probe/.dd/Build/Intermediates.noindex/cmark-gfm.build/Debug-iphonesimulator/cmark-gfm.build/Objects-normal/arm64/render.d --serialize-diagnostics /Users/runner/work/orbit/orbit/.ipad-probe/.dd/Build/Intermediates.noindex/cmark-gfm.build/Debug-iphonesimulator/cmark-gfm.build/Objects-normal/arm64/render.dia -c /Users/runner/work/orbit/orbit/.ipad-probe/.dd/SourcePackages/checkouts/swift-cmark/src/render.c -o /Users/runner/work/orbit/orbit/.ipad-probe/.dd/Build/Intermediates.noindex/cmark-gfm.build/Debug-iphonesimulator/cmark-gfm.build/Objects-normal/arm64/render.o -index-unit-output-path /cmark-gfm.build/Debug-iphonesimulator/cmark-gfm.build/Objects-normal/arm64/render.o

ScanDependencies /Users/runner/work/orbit/orbit/.ipad-probe/.dd/Build/Intermediates.noindex/cmark-gfm.build/Debug-iphonesimulator/cmark-gfm.build/Objects-normal/arm64/registry.o /Users/runner/work/orbit/orbit/.ipad-probe/.dd/SourcePackages/checkouts/swift-cmark/src/registry.c normal arm64 c com.apple.compilers.llvm.clang.1_0.compiler (in target 'cmark-gfm' from project 'cmark-gfm')
    cd /Users/runner/work/orbit/orbit/.ipad-probe/IpadProbe.xcodeproj
    
    Using response file: /Users/runner/work/orbit/orbit/.ipad-probe/.dd/Build/Intermediates.noindex/cmark-gfm.build/Debug-iphonesimulator/cmark-gfm.build/Objects-normal/arm64/7187679823f38a2a940e0043cdf9d637-common-args.resp
    
    builtin-ScanDependencies -o /Users/runner/work/orbit/orbit/.ipad-probe/.dd/Build/Intermediates.noindex/cmark-gfm.build/Debug-iphonesimulator/cmark-gfm.build/Objects-normal/arm64/registry.o.scan -- /Applications/Xcode_26.6.app/Contents/Developer/Toolchains/XcodeDefault.xctoolchain/usr/bin/clang -x c -ivfsstatcache /Users/runner/work/orbit/orbit/.ipad-probe/.dd/SDKStatCaches.noindex/iphonesimulator26.5-23F81a-688ef53f1462e2c8f657fdc38a81448ff45c64a1807a658693f2a61704f17a36.sdkstatcache -target arm64-apple-ios12.0-simulator -fmessage-length\=0 -fdiagnostics-show-note-include-stack -fmacro-backtrace-limit\=0 -fno-color-diagnostics -fmodules-prune-interval\=86400 -fmodules-prune-after\=345600 -fbuild-session-file\=/Users/runner/work/orbit/orbit/.ipad-probe/.dd/ModuleCache.noindex/Session.modulevalidation -fmodules-validate-once-per-build-session -Wnon-modular-include-in-framework-module -Werror\=non-modular-include-in-framework-module -Wno-trigraphs -Wno-missing-field-initializers -Wno-missing-prototypes -Wno-return-type -Wno-missing-braces -Wparentheses -Wswitch -Wno-unused-function -Wno-unused-label -Wno-unused-parameter -Wno-unused-variable -Wunused-value -Wno-empty-body -Wno-uninitialized -Wno-unknown-pragmas -w -Wno-shadow -Wno-four-char-constants -Wno-conversion -Wno-constant-conversion -Wno-int-conversion -Wno-bool-conversion -Wno-enum-conversion -Wno-float-conversion -Wno-non-literal-null-conversion -Wno-objc-literal-conversion -Wshorten-64-to-32 -Wpointer-sign -Wno-newline-eof -Wno-implicit-fallthrough -isysroot /Applications/Xcode_26.6.app/Contents/Developer/Platforms/iPhoneSimulator.platform/Developer/SDKs/iPhoneSimulator26.5.sdk -fstrict-aliasing -Wdeprecated-declarations -Wno-sign-conversion -Wno-infinite-recursion -Wno-comma -Wno-block-capture-autoreleasing -Wno-strict-prototypes -Wno-semicolon-before-method-body -index-store-path /Users/runner/work/orbit/orbit/.ipad-probe/.dd/Index.noindex/DataStore @/Users/runner/work/orbit/orbit/.ipad-probe/.dd/Build/Intermediates.noindex/cmark-gfm.build/Debug-iphonesimulator/cmark-gfm.build/Objects-normal/arm64/7187679823f38a2a940e0043cdf9d637-common-args.resp -MMD -MT dependencies -MF /Users/runner/work/orbit/orbit/.ipad-probe/.dd/Build/Intermediates.noindex/cmark-gfm.build/Debug-iphonesimulator/cmark-gfm.build/Objects-normal/arm64/registry.d --serialize-diagnostics /Users/runner/work/orbit/orbit/.ipad-probe/.dd/Build/Intermediates.noindex/cmark-gfm.build/Debug-iphonesimulator/cmark-gfm.build/Objects-normal/arm64/registry.dia -c /Users/runner/work/orbit/orbit/.ipad-probe/.dd/SourcePackages/checkouts/swift-cmark/src/registry.c -o /Users/runner/work/orbit/orbit/.ipad-probe/.dd/Build/Intermediates.noindex/cmark-gfm.build/Debug-iphonesimulator/cmark-gfm.build/Objects-normal/arm64/registry.o -index-unit-output-path /cmark-gfm.build/Debug-iphonesimulator/cmark-gfm.build/Objects-normal/arm64/registry.o

ScanDependencies /Users/runner/work/orbit/orbit/.ipad-probe/.dd/Build/Intermediates.noindex/cmark-gfm.build/Debug-iphonesimulator/cmark-gfm.build/Objects-normal/arm64/references.o /Users/runner/work/orbit/orbit/.ipad-probe/.dd/SourcePackages/checkouts/swift-cmark/src/references.c normal arm64 c com.apple.compilers.llvm.clang.1_0.compiler (in target 'cmark-gfm' from project 'cmark-gfm')
    cd /Users/runner/work/orbit/orbit/.ipad-probe/IpadProbe.xcodeproj
    
    Using response file: /Users/runner/work/orbit/orbit/.ipad-probe/.dd/Build/Intermediates.noindex/cmark-gfm.build/Debug-iphonesimulator/cmark-gfm.build/Objects-normal/arm64/7187679823f38a2a940e0043cdf9d637-common-args.resp
    
    builtin-ScanDependencies -o /Users/runner/work/orbit/orbit/.ipad-probe/.dd/Build/Intermediates.noindex/cmark-gfm.build/Debug-iphonesimulator/cmark-gfm.build/Objects-normal/arm64/references.o.scan -- /Applications/Xcode_26.6.app/Contents/Developer/Toolchains/XcodeDefault.xctoolchain/usr/bin/clang -x c -ivfsstatcache /Users/runner/work/orbit/orbit/.ipad-probe/.dd/SDKStatCaches.noindex/iphonesimulator26.5-23F81a-688ef53f1462e2c8f657fdc38a81448ff45c64a1807a658693f2a61704f17a36.sdkstatcache -target arm64-apple-ios12.0-simulator -fmessage-length\=0 -fdiagnostics-show-note-include-stack -fmacro-backtrace-limit\=0 -fno-color-diagnostics -fmodules-prune-interval\=86400 -fmodules-prune-after\=345600 -fbuild-session-file\=/Users/runner/work/orbit/orbit/.ipad-probe/.dd/ModuleCache.noindex/Session.modulevalidation -fmodules-validate-once-per-build-session -Wnon-modular-include-in-framework-module -Werror\=non-modular-include-in-framework-module -Wno-trigraphs -Wno-missing-field-initializers -Wno-missing-prototypes -Wno-return-type -Wno-missing-braces -Wparentheses -Wswitch -Wno-unused-function -Wno-unused-label -Wno-unused-parameter -Wno-unused-variable -Wunused-value -Wno-empty-body -Wno-uninitialized -Wno-unknown-pragmas -w -Wno-shadow -Wno-four-char-constants -Wno-conversion -Wno-constant-conversion -Wno-int-conversion -Wno-bool-conversion -Wno-enum-conversion -Wno-float-conversion -Wno-non-literal-null-conversion -Wno-objc-literal-conversion -Wshorten-64-to-32 -Wpointer-sign -Wno-newline-eof -Wno-implicit-fallthrough -isysroot /Applications/Xcode_26.6.app/Contents/Developer/Platforms/iPhoneSimulator.platform/Developer/SDKs/iPhoneSimulator26.5.sdk -fstrict-aliasing -Wdeprecated-declarations -Wno-sign-conversion -Wno-infinite-recursion -Wno-comma -Wno-block-capture-autoreleasing -Wno-strict-prototypes -Wno-semicolon-before-method-body -index-store-path /Users/runner/work/orbit/orbit/.ipad-probe/.dd/Index.noindex/DataStore @/Users/runner/work/orbit/orbit/.ipad-probe/.dd/Build/Intermediates.noindex/cmark-gfm.build/Debug-iphonesimulator/cmark-gfm.build/Objects-normal/arm64/7187679823f38a2a940e0043cdf9d637-common-args.resp -MMD -MT dependencies -MF /Users/runner/work/orbit/orbit/.ipad-probe/.dd/Build/Intermediates.noindex/cmark-gfm.build/Debug-iphonesimulator/cmark-gfm.build/Objects-normal/arm64/references.d --serialize-diagnostics /Users/runner/work/orbit/orbit/.ipad-probe/.dd/Build/Intermediates.noindex/cmark-gfm.build/Debug-iphonesimulator/cmark-gfm.build/Objects-normal/arm64/references.dia -c /Users/runner/work/orbit/orbit/.ipad-probe/.dd/SourcePackages/checkouts/swift-cmark/src/references.c -o /Users/runner/work/orbit/orbit/.ipad-probe/.dd/Build/Intermediates.noindex/cmark-gfm.build/Debug-iphonesimulator/cmark-gfm.build/Objects-normal/arm64/references.o -index-unit-output-path /cmark-gfm.build/Debug-iphonesimulator/cmark-gfm.build/Objects-normal/arm64/references.o

ScanDependencies /Users/runner/work/orbit/orbit/.ipad-probe/.dd/Build/Intermediates.noindex/cmark-gfm.build/Debug-iphonesimulator/cmark-gfm.build/Objects-normal/arm64/plugin.o /Users/runner/work/orbit/orbit/.ipad-probe/.dd/SourcePackages/checkouts/swift-cmark/src/plugin.c normal arm64 c com.apple.compilers.llvm.clang.1_0.compiler (in target 'cmark-gfm' from project 'cmark-gfm')
    cd /Users/runner/work/orbit/orbit/.ipad-probe/IpadProbe.xcodeproj
    
    Using response file: /Users/runner/work/orbit/orbit/.ipad-probe/.dd/Build/Intermediates.noindex/cmark-gfm.build/Debug-iphonesimulator/cmark-gfm.build/Objects-normal/arm64/7187679823f38a2a940e0043cdf9d637-common-args.resp
    
    builtin-ScanDependencies -o /Users/runner/work/orbit/orbit/.ipad-probe/.dd/Build/Intermediates.noindex/cmark-gfm.build/Debug-iphonesimulator/cmark-gfm.build/Objects-normal/arm64/plugin.o.scan -- /Applications/Xcode_26.6.app/Contents/Developer/Toolchains/XcodeDefault.xctoolchain/usr/bin/clang -x c -ivfsstatcache /Users/runner/work/orbit/orbit/.ipad-probe/.dd/SDKStatCaches.noindex/iphonesimulator26.5-23F81a-688ef53f1462e2c8f657fdc38a81448ff45c64a1807a658693f2a61704f17a36.sdkstatcache -target arm64-apple-ios12.0-simulator -fmessage-length\=0 -fdiagnostics-show-note-include-stack -fmacro-backtrace-limit\=0 -fno-color-diagnostics -fmodules-prune-interval\=86400 -fmodules-prune-after\=345600 -fbuild-session-file\=/Users/runner/work/orbit/orbit/.ipad-probe/.dd/ModuleCache.noindex/Session.modulevalidation -fmodules-validate-once-per-build-session -Wnon-modular-include-in-framework-module -Werror\=non-modular-include-in-framework-module -Wno-trigraphs -Wno-missing-field-initializers -Wno-missing-prototypes -Wno-return-type -Wno-missing-braces -Wparentheses -Wswitch -Wno-unused-function -Wno-unused-label -Wno-unused-parameter -Wno-unused-variable -Wunused-value -Wno-empty-body -Wno-uninitialized -Wno-unknown-pragmas -w -Wno-shadow -Wno-four-char-constants -Wno-conversion -Wno-constant-conversion -Wno-int-conversion -Wno-bool-conversion -Wno-enum-conversion -Wno-float-conversion -Wno-non-literal-null-conversion -Wno-objc-literal-conversion -Wshorten-64-to-32 -Wpointer-sign -Wno-newline-eof -Wno-implicit-fallthrough -isysroot /Applications/Xcode_26.6.app/Contents/Developer/Platforms/iPhoneSimulator.platform/Developer/SDKs/iPhoneSimulator26.5.sdk -fstrict-aliasing -Wdeprecated-declarations -Wno-sign-conversion -Wno-infinite-recursion -Wno-comma -Wno-block-capture-autoreleasing -Wno-strict-prototypes -Wno-semicolon-before-method-body -index-store-path /Users/runner/work/orbit/orbit/.ipad-probe/.dd/Index.noindex/DataStore @/Users/runner/work/orbit/orbit/.ipad-probe/.dd/Build/Intermediates.noindex/cmark-gfm.build/Debug-iphonesimulator/cmark-gfm.build/Objects-normal/arm64/7187679823f38a2a940e0043cdf9d637-common-args.resp -MMD -MT dependencies -MF /Users/runner/work/orbit/orbit/.ipad-probe/.dd/Build/Intermediates.noindex/cmark-gfm.build/Debug-iphonesimulator/cmark-gfm.build/Objects-normal/arm64/plugin.d --serialize-diagnostics /Users/runner/work/orbit/orbit/.ipad-probe/.dd/Build/Intermediates.noindex/cmark-gfm.build/Debug-iphonesimulator/cmark-gfm.build/Objects-normal/arm64/plugin.dia -c /Users/runner/work/orbit/orbit/.ipad-probe/.dd/SourcePackages/checkouts/swift-cmark/src/plugin.c -o /Users/runner/work/orbit/orbit/.ipad-probe/.dd/Build/Intermediates.noindex/cmark-gfm.build/Debug-iphonesimulator/cmark-gfm.build/Objects-normal/arm64/plugin.o -index-unit-output-path /cmark-gfm.build/Debug-iphonesimulator/cmark-gfm.build/Objects-normal/arm64/plugin.o

ScanDependencies /Users/runner/work/orbit/orbit/.ipad-probe/.dd/Build/Intermediates.noindex/cmark-gfm.build/Debug-iphonesimulator/cmark-gfm.build/Objects-normal/arm64/plaintext.o /Users/runner/work/orbit/orbit/.ipad-probe/.dd/SourcePackages/checkouts/swift-cmark/src/plaintext.c normal arm64 c com.apple.compilers.llvm.clang.1_0.compiler (in target 'cmark-gfm' from project 'cmark-gfm')
    cd /Users/runner/work/orbit/orbit/.ipad-probe/IpadProbe.xcodeproj
    
    Using response file: /Users/runner/work/orbit/orbit/.ipad-probe/.dd/Build/Intermediates.noindex/cmark-gfm.build/Debug-iphonesimulator/cmark-gfm.build/Objects-normal/arm64/7187679823f38a2a940e0043cdf9d637-common-args.resp
    
    builtin-ScanDependencies -o /Users/runner/work/orbit/orbit/.ipad-probe/.dd/Build/Intermediates.noindex/cmark-gfm.build/Debug-iphonesimulator/cmark-gfm.build/Objects-normal/arm64/plaintext.o.scan -- /Applications/Xcode_26.6.app/Contents/Developer/Toolchains/XcodeDefault.xctoolchain/usr/bin/clang -x c -ivfsstatcache /Users/runner/work/orbit/orbit/.ipad-probe/.dd/SDKStatCaches.noindex/iphonesimulator26.5-23F81a-688ef53f1462e2c8f657fdc38a81448ff45c64a1807a658693f2a61704f17a36.sdkstatcache -target arm64-apple-ios12.0-simulator -fmessage-length\=0 -fdiagnostics-show-note-include-stack -fmacro-backtrace-limit\=0 -fno-color-diagnostics -fmodules-prune-interval\=86400 -fmodules-prune-after\=345600 -fbuild-session-file\=/Users/runner/work/orbit/orbit/.ipad-probe/.dd/ModuleCache.noindex/Session.modulevalidation -fmodules-validate-once-per-build-session -Wnon-modular-include-in-framework-module -Werror\=non-modular-include-in-framework-module -Wno-trigraphs -Wno-missing-field-initializers -Wno-missing-prototypes -Wno-return-type -Wno-missing-braces -Wparentheses -Wswitch -Wno-unused-function -Wno-unused-label -Wno-unused-parameter -Wno-unused-variable -Wunused-value -Wno-empty-body -Wno-uninitialized -Wno-unknown-pragmas -w -Wno-shadow -Wno-four-char-constants -Wno-conversion -Wno-constant-conversion -Wno-int-conversion -Wno-bool-conversion -Wno-enum-conversion -Wno-float-conversion -Wno-non-literal-null-conversion -Wno-objc-literal-conversion -Wshorten-64-to-32 -Wpointer-sign -Wno-newline-eof -Wno-implicit-fallthrough -isysroot /Applications/Xcode_26.6.app/Contents/Developer/Platforms/iPhoneSimulator.platform/Developer/SDKs/iPhoneSimulator26.5.sdk -fstrict-aliasing -Wdeprecated-declarations -Wno-sign-conversion -Wno-infinite-recursion -Wno-comma -Wno-block-capture-autoreleasing -Wno-strict-prototypes -Wno-semicolon-before-method-body -index-store-path /Users/runner/work/orbit/orbit/.ipad-probe/.dd/Index.noindex/DataStore @/Users/runner/work/orbit/orbit/.ipad-probe/.dd/Build/Intermediates.noindex/cmark-gfm.build/Debug-iphonesimulator/cmark-gfm.build/Objects-normal/arm64/7187679823f38a2a940e0043cdf9d637-common-args.resp -MMD -MT dependencies -MF /Users/runner/work/orbit/orbit/.ipad-probe/.dd/Build/Intermediates.noindex/cmark-gfm.build/Debug-iphonesimulator/cmark-gfm.build/Objects-normal/arm64/plaintext.d --serialize-diagnostics /Users/runner/work/orbit/orbit/.ipad-probe/.dd/Build/Intermediates.noindex/cmark-gfm.build/Debug-iphonesimulator/cmark-gfm.build/Objects-normal/arm64/plaintext.dia -c /Users/runner/work/orbit/orbit/.ipad-probe/.dd/SourcePackages/checkouts/swift-cmark/src/plaintext.c -o /Users/runner/work/orbit/orbit/.ipad-probe/.dd/Build/Intermediates.noindex/cmark-gfm.build/Debug-iphonesimulator/cmark-gfm.build/Objects-normal/arm64/plaintext.o -index-unit-output-path /cmark-gfm.build/Debug-iphonesimulator/cmark-gfm.build/Objects-normal/arm64/plaintext.o

ScanDependencies /Users/runner/work/orbit/orbit/.ipad-probe/.dd/Build/Intermediates.noindex/cmark-gfm.build/Debug-iphonesimulator/cmark-gfm.build/Objects-normal/arm64/node.o /Users/runner/work/orbit/orbit/.ipad-probe/.dd/SourcePackages/checkouts/swift-cmark/src/node.c normal arm64 c com.apple.compilers.llvm.clang.1_0.compiler (in target 'cmark-gfm' from project 'cmark-gfm')
    cd /Users/runner/work/orbit/orbit/.ipad-probe/IpadProbe.xcodeproj
    
    Using response file: /Users/runner/work/orbit/orbit/.ipad-probe/.dd/Build/Intermediates.noindex/cmark-gfm.build/Debug-iphonesimulator/cmark-gfm.build/Objects-normal/arm64/7187679823f38a2a940e0043cdf9d637-common-args.resp
    
    builtin-ScanDependencies -o /Users/runner/work/orbit/orbit/.ipad-probe/.dd/Build/Intermediates.noindex/cmark-gfm.build/Debug-iphonesimulator/cmark-gfm.build/Objects-normal/arm64/node.o.scan -- /Applications/Xcode_26.6.app/Contents/Developer/Toolchains/XcodeDefault.xctoolchain/usr/bin/clang -x c -ivfsstatcache /Users/runner/work/orbit/orbit/.ipad-probe/.dd/SDKStatCaches.noindex/iphonesimulator26.5-23F81a-688ef53f1462e2c8f657fdc38a81448ff45c64a1807a658693f2a61704f17a36.sdkstatcache -target arm64-apple-ios12.0-simulator -fmessage-length\=0 -fdiagnostics-show-note-include-stack -fmacro-backtrace-limit\=0 -fno-color-diagnostics -fmodules-prune-interval\=86400 -fmodules-prune-after\=345600 -fbuild-session-file\=/Users/runner/work/orbit/orbit/.ipad-probe/.dd/ModuleCache.noindex/Session.modulevalidation -fmodules-validate-once-per-build-session -Wnon-modular-include-in-framework-module -Werror\=non-modular-include-in-framework-module -Wno-trigraphs -Wno-missing-field-initializers -Wno-missing-prototypes -Wno-return-type -Wno-missing-braces -Wparentheses -Wswitch -Wno-unused-function -Wno-unused-label -Wno-unused-parameter -Wno-unused-variable -Wunused-value -Wno-empty-body -Wno-uninitialized -Wno-unknown-pragmas -w -Wno-shadow -Wno-four-char-constants -Wno-conversion -Wno-constant-conversion -Wno-int-conversion -Wno-bool-conversion -Wno-enum-conversion -Wno-float-conversion -Wno-non-literal-null-conversion -Wno-objc-literal-conversion -Wshorten-64-to-32 -Wpointer-sign -Wno-newline-eof -Wno-implicit-fallthrough -isysroot /Applications/Xcode_26.6.app/Contents/Developer/Platforms/iPhoneSimulator.platform/Developer/SDKs/iPhoneSimulator26.5.sdk -fstrict-aliasing -Wdeprecated-declarations -Wno-sign-conversion -Wno-infinite-recursion -Wno-comma -Wno-block-capture-autoreleasing -Wno-strict-prototypes -Wno-semicolon-before-method-body -index-store-path /Users/runner/work/orbit/orbit/.ipad-probe/.dd/Index.noindex/DataStore @/Users/runner/work/orbit/orbit/.ipad-probe/.dd/Build/Intermediates.noindex/cmark-gfm.build/Debug-iphonesimulator/cmark-gfm.build/Objects-normal/arm64/7187679823f38a2a940e0043cdf9d637-common-args.resp -MMD -MT dependencies -MF /Users/runner/work/orbit/orbit/.ipad-probe/.dd/Build/Intermediates.noindex/cmark-gfm.build/Debug-iphonesimulator/cmark-gfm.build/Objects-normal/arm64/node.d --serialize-diagnostics /Users/runner/work/orbit/orbit/.ipad-probe/.dd/Build/Intermediates.noindex/cmark-gfm.build/Debug-iphonesimulator/cmark-gfm.build/Objects-normal/arm64/node.dia -c /Users/runner/work/orbit/orbit/.ipad-probe/.dd/SourcePackages/checkouts/swift-cmark/src/node.c -o /Users/runner/work/orbit/orbit/.ipad-probe/.dd/Build/Intermediates.noindex/cmark-gfm.build/Debug-iphonesimulator/cmark-gfm.build/Objects-normal/arm64/node.o -index-unit-output-path /cmark-gfm.build/Debug-iphonesimulator/cmark-gfm.build/Objects-normal/arm64/node.o

PrecompileModule /Users/runner/work/orbit/orbit/.ipad-probe/.dd/Build/Intermediates.noindex/ExplicitPrecompiledModules/_Builtin_stdint-2XABFAX43ISXTUAN1JQ8JXDV6.scan
    cd /
    builtin-precompileModule /Users/runner/work/orbit/orbit/.ipad-probe/.dd/Build/Intermediates.noindex/ExplicitPrecompiledModules/_Builtin_stdint-2XABFAX43ISXTUAN1JQ8JXDV6.scan

ScanDependencies /Users/runner/work/orbit/orbit/.ipad-probe/.dd/Build/Intermediates.noindex/cmark-gfm.build/Debug-iphonesimulator/cmark-gfm.build/Objects-normal/arm64/map.o /Users/runner/work/orbit/orbit/.ipad-probe/.dd/SourcePackages/checkouts/swift-cmark/src/map.c normal arm64 c com.apple.compilers.llvm.clang.1_0.compiler (in target 'cmark-gfm' from project 'cmark-gfm')
    cd /Users/runner/work/orbit/orbit/.ipad-probe/IpadProbe.xcodeproj
    
    Using response file: /Users/runner/work/orbit/orbit/.ipad-probe/.dd/Build/Intermediates.noindex/cmark-gfm.build/Debug-iphonesimulator/cmark-gfm.build/Objects-normal/arm64/7187679823f38a2a940e0043cdf9d637-common-args.resp
    
    builtin-ScanDependencies -o /Users/runner/work/orbit/orbit/.ipad-probe/.dd/Build/Intermediates.noindex/cmark-gfm.build/Debug-iphonesimulator/cmark-gfm.build/Objects-normal/arm64/map.o.scan -- /Applications/Xcode_26.6.app/Contents/Developer/Toolchains/XcodeDefault.xctoolchain/usr/bin/clang -x c -ivfsstatcache /Users/runner/work/orbit/orbit/.ipad-probe/.dd/SDKStatCaches.noindex/iphonesimulator26.5-23F81a-688ef53f1462e2c8f657fdc38a81448ff45c64a1807a658693f2a61704f17a36.sdkstatcache -target arm64-apple-ios12.0-simulator -fmessage-length\=0 -fdiagnostics-show-note-include-stack -fmacro-backtrace-limit\=0 -fno-color-diagnostics -fmodules-prune-interval\=86400 -fmodules-prune-after\=345600 -fbuild-session-file\=/Users/runner/work/orbit/orbit/.ipad-probe/.dd/ModuleCache.noindex/Session.modulevalidation -fmodules-validate-once-per-build-session -Wnon-modular-include-in-framework-module -Werror\=non-modular-include-in-framework-module -Wno-trigraphs -Wno-missing-field-initializers -Wno-missing-prototypes -Wno-return-type -Wno-missing-braces -Wparentheses -Wswitch -Wno-unused-function -Wno-unused-label -Wno-unused-parameter -Wno-unused-variable -Wunused-value -Wno-empty-body -Wno-uninitialized -Wno-unknown-pragmas -w -Wno-shadow -Wno-four-char-constants -Wno-conversion -Wno-constant-conversion -Wno-int-conversion -Wno-bool-conversion -Wno-enum-conversion -Wno-float-conversion -Wno-non-literal-null-conversion -Wno-objc-literal-conversion -Wshorten-64-to-32 -Wpointer-sign -Wno-newline-eof -Wno-implicit-fallthrough -isysroot /Applications/Xcode_26.6.app/Contents/Developer/Platforms/iPhoneSimulator.platform/Developer/SDKs/iPhoneSimulator26.5.sdk -fstrict-aliasing -Wdeprecated-declarations -Wno-sign-conversion -Wno-infinite-recursion -Wno-comma -Wno-block-capture-autoreleasing -Wno-strict-prototypes -Wno-semicolon-before-method-body -index-store-path /Users/runner/work/orbit/orbit/.ipad-probe/.dd/Index.noindex/DataStore @/Users/runner/work/orbit/orbit/.ipad-probe/.dd/Build/Intermediates.noindex/cmark-gfm.build/Debug-iphonesimulator/cmark-gfm.build/Objects-normal/arm64/7187679823f38a2a940e0043cdf9d637-common-args.resp -MMD -MT dependencies -MF /Users/runner/work/orbit/orbit/.ipad-probe/.dd/Build/Intermediates.noindex/cmark-gfm.build/Debug-iphonesimulator/cmark-gfm.build/Objects-normal/arm64/map.d --serialize-diagnostics /Users/runner/work/orbit/orbit/.ipad-probe/.dd/Build/Intermediates.noindex/cmark-gfm.build/Debug-iphonesimulator/cmark-gfm.build/Objects-normal/arm64/map.dia -c /Users/runner/work/orbit/orbit/.ipad-probe/.dd/SourcePackages/checkouts/swift-cmark/src/map.c -o /Users/runner/work/orbit/orbit/.ipad-probe/.dd/Build/Intermediates.noindex/cmark-gfm.build/Debug-iphonesimulator/cmark-gfm.build/Objects-normal/arm64/map.o -index-unit-output-path /cmark-gfm.build/Debug-iphonesimulator/cmark-gfm.build/Objects-normal/arm64/map.o

ScanDependencies /Users/runner/work/orbit/orbit/.ipad-probe/.dd/Build/Intermediates.noindex/cmark-gfm.build/Debug-iphonesimulator/cmark-gfm.build/Objects-normal/arm64/man.o /Users/runner/work/orbit/orbit/.ipad-probe/.dd/SourcePackages/checkouts/swift-cmark/src/man.c normal arm64 c com.apple.compilers.llvm.clang.1_0.compiler (in target 'cmark-gfm' from project 'cmark-gfm')
    cd /Users/runner/work/orbit/orbit/.ipad-probe/IpadProbe.xcodeproj
    
    Using response file: /Users/runner/work/orbit/orbit/.ipad-probe/.dd/Build/Intermediates.noindex/cmark-gfm.build/Debug-iphonesimulator/cmark-gfm.build/Objects-normal/arm64/7187679823f38a2a940e0043cdf9d637-common-args.resp
    
    builtin-ScanDependencies -o /Users/runner/work/orbit/orbit/.ipad-probe/.dd/Build/Intermediates.noindex/cmark-gfm.build/Debug-iphonesimulator/cmark-gfm.build/Objects-normal/arm64/man.o.scan -- /Applications/Xcode_26.6.app/Contents/Developer/Toolchains/XcodeDefault.xctoolchain/usr/bin/clang -x c -ivfsstatcache /Users/runner/work/orbit/orbit/.ipad-probe/.dd/SDKStatCaches.noindex/iphonesimulator26.5-23F81a-688ef53f1462e2c8f657fdc38a81448ff45c64a1807a658693f2a61704f17a36.sdkstatcache -target arm64-apple-ios12.0-simulator -fmessage-length\=0 -fdiagnostics-show-note-include-stack -fmacro-backtrace-limit\=0 -fno-color-diagnostics -fmodules-prune-interval\=86400 -fmodules-prune-after\=345600 -fbuild-session-file\=/Users/runner/work/orbit/orbit/.ipad-probe/.dd/ModuleCache.noindex/Session.modulevalidation -fmodules-validate-once-per-build-session -Wnon-modular-include-in-framework-module -Werror\=non-modular-include-in-framework-module -Wno-trigraphs -Wno-missing-field-initializers -Wno-missing-prototypes -Wno-return-type -Wno-missing-braces -Wparentheses -Wswitch -Wno-unused-function -Wno-unused-label -Wno-unused-parameter -Wno-unused-variable -Wunused-value -Wno-empty-body -Wno-uninitialized -Wno-unknown-pragmas -w -Wno-shadow -Wno-four-char-constants -Wno-conversion -Wno-constant-conversion -Wno-int-conversion -Wno-bool-conversion -Wno-enum-conversion -Wno-float-conversion -Wno-non-literal-null-conversion -Wno-objc-literal-conversion -Wshorten-64-to-32 -Wpointer-sign -Wno-newline-eof -Wno-implicit-fallthrough -isysroot /Applications/Xcode_26.6.app/Contents/Developer/Platforms/iPhoneSimulator.platform/Developer/SDKs/iPhoneSimulator26.5.sdk -fstrict-aliasing -Wdeprecated-declarations -Wno-sign-conversion -Wno-infinite-recursion -Wno-comma -Wno-block-capture-autoreleasing -Wno-strict-prototypes -Wno-semicolon-before-method-body -index-store-path /Users/runner/work/orbit/orbit/.ipad-probe/.dd/Index.noindex/DataStore @/Users/runner/work/orbit/orbit/.ipad-probe/.dd/Build/Intermediates.noindex/cmark-gfm.build/Debug-iphonesimulator/cmark-gfm.build/Objects-normal/arm64/7187679823f38a2a940e0043cdf9d637-common-args.resp -MMD -MT dependencies -MF /Users/runner/work/orbit/orbit/.ipad-probe/.dd/Build/Intermediates.noindex/cmark-gfm.build/Debug-iphonesimulator/cmark-gfm.build/Objects-normal/arm64/man.d --serialize-diagnostics /Users/runner/work/orbit/orbit/.ipad-probe/.dd/Build/Intermediates.noindex/cmark-gfm.build/Debug-iphonesimulator/cmark-gfm.build/Objects-normal/arm64/man.dia -c /Users/runner/work/orbit/orbit/.ipad-probe/.dd/SourcePackages/checkouts/swift-cmark/src/man.c -o /Users/runner/work/orbit/orbit/.ipad-probe/.dd/Build/Intermediates.noindex/cmark-gfm.build/Debug-iphonesimulator/cmark-gfm.build/Objects-normal/arm64/man.o -index-unit-output-path /cmark-gfm.build/Debug-iphonesimulator/cmark-gfm.build/Objects-normal/arm64/man.o

ScanDependencies /Users/runner/work/orbit/orbit/.ipad-probe/.dd/Build/Intermediates.noindex/cmark-gfm.build/Debug-iphonesimulator/cmark-gfm.build/Objects-normal/arm64/linked_list.o /Users/runner/work/orbit/orbit/.ipad-probe/.dd/SourcePackages/checkouts/swift-cmark/src/linked_list.c normal arm64 c com.apple.compilers.llvm.clang.1_0.compiler (in target 'cmark-gfm' from project 'cmark-gfm')
    cd /Users/runner/work/orbit/orbit/.ipad-probe/IpadProbe.xcodeproj
    
    Using response file: /Users/runner/work/orbit/orbit/.ipad-probe/.dd/Build/Intermediates.noindex/cmark-gfm.build/Debug-iphonesimulator/cmark-gfm.build/Objects-normal/arm64/7187679823f38a2a940e0043cdf9d637-common-args.resp
    
    builtin-ScanDependencies -o /Users/runner/work/orbit/orbit/.ipad-probe/.dd/Build/Intermediates.noindex/cmark-gfm.build/Debug-iphonesimulator/cmark-gfm.build/Objects-normal/arm64/linked_list.o.scan -- /Applications/Xcode_26.6.app/Contents/Developer/Toolchains/XcodeDefault.xctoolchain/usr/bin/clang -x c -ivfsstatcache /Users/runner/work/orbit/orbit/.ipad-probe/.dd/SDKStatCaches.noindex/iphonesimulator26.5-23F81a-688ef53f1462e2c8f657fdc38a81448ff45c64a1807a658693f2a61704f17a36.sdkstatcache -target arm64-apple-ios12.0-simulator -fmessage-length\=0 -fdiagnostics-show-note-include-stack -fmacro-backtrace-limit\=0 -fno-color-diagnostics -fmodules-prune-interval\=86400 -fmodules-prune-after\=345600 -fbuild-session-file\=/Users/runner/work/orbit/orbit/.ipad-probe/.dd/ModuleCache.noindex/Session.modulevalidation -fmodules-validate-once-per-build-session -Wnon-modular-include-in-framework-module -Werror\=non-modular-include-in-framework-module -Wno-trigraphs -Wno-missing-field-initializers -Wno-missing-prototypes -Wno-return-type -Wno-missing-braces -Wparentheses -Wswitch -Wno-unused-function -Wno-unused-label -Wno-unused-parameter -Wno-unused-variable -Wunused-value -Wno-empty-body -Wno-uninitialized -Wno-unknown-pragmas -w -Wno-shadow -Wno-four-char-constants -Wno-conversion -Wno-constant-conversion -Wno-int-conversion -Wno-bool-conversion -Wno-enum-conversion -Wno-float-conversion -Wno-non-literal-null-conversion -Wno-objc-literal-conversion -Wshorten-64-to-32 -Wpointer-sign -Wno-newline-eof -Wno-implicit-fallthrough -isysroot /Applications/Xcode_26.6.app/Contents/Developer/Platforms/iPhoneSimulator.platform/Developer/SDKs/iPhoneSimulator26.5.sdk -fstrict-aliasing -Wdeprecated-declarations -Wno-sign-conversion -Wno-infinite-recursion -Wno-comma -Wno-block-capture-autoreleasing -Wno-strict-prototypes -Wno-semicolon-before-method-body -index-store-path /Users/runner/work/orbit/orbit/.ipad-probe/.dd/Index.noindex/DataStore @/Users/runner/work/orbit/orbit/.ipad-probe/.dd/Build/Intermediates.noindex/cmark-gfm.build/Debug-iphonesimulator/cmark-gfm.build/Objects-normal/arm64/7187679823f38a2a940e0043cdf9d637-common-args.resp -MMD -MT dependencies -MF /Users/runner/work/orbit/orbit/.ipad-probe/.dd/Build/Intermediates.noindex/cmark-gfm.build/Debug-iphonesimulator/cmark-gfm.build/Objects-normal/arm64/linked_list.d --serialize-diagnostics /Users/runner/work/orbit/orbit/.ipad-probe/.dd/Build/Intermediates.noindex/cmark-gfm.build/Debug-iphonesimulator/cmark-gfm.build/Objects-normal/arm64/linked_list.dia -c /Users/runner/work/orbit/orbit/.ipad-probe/.dd/SourcePackages/checkouts/swift-cmark/src/linked_list.c -o /Users/runner/work/orbit/orbit/.ipad-probe/.dd/Build/Intermediates.noindex/cmark-gfm.build/Debug-iphonesimulator/cmark-gfm.build/Objects-normal/arm64/linked_list.o -index-unit-output-path /cmark-gfm.build/Debug-iphonesimulator/cmark-gfm.build/Objects-normal/arm64/linked_list.o

PrecompileModule /Users/runner/work/orbit/orbit/.ipad-probe/.dd/Build/Intermediates.noindex/ExplicitPrecompiledModules/_DarwinFoundation3-6Z03BWR7I9UP67K3LNO197IZ.scan
    cd /
    builtin-precompileModule /Users/runner/work/orbit/orbit/.ipad-probe/.dd/Build/Intermediates.noindex/ExplicitPrecompiledModules/_DarwinFoundation3-6Z03BWR7I9UP67K3LNO197IZ.scan

ScanDependencies /Users/runner/work/orbit/orbit/.ipad-probe/.dd/Build/Intermediates.noindex/cmark-gfm.build/Debug-iphonesimulator/cmark-gfm.build/Objects-normal/arm64/latex.o /Users/runner/work/orbit/orbit/.ipad-probe/.dd/SourcePackages/checkouts/swift-cmark/src/latex.c normal arm64 c com.apple.compilers.llvm.clang.1_0.compiler (in target 'cmark-gfm' from project 'cmark-gfm')
    cd /Users/runner/work/orbit/orbit/.ipad-probe/IpadProbe.xcodeproj
    
    Using response file: /Users/runner/work/orbit/orbit/.ipad-probe/.dd/Build/Intermediates.noindex/cmark-gfm.build/Debug-iphonesimulator/cmark-gfm.build/Objects-normal/arm64/7187679823f38a2a940e0043cdf9d637-common-args.resp
    
    builtin-ScanDependencies -o /Users/runner/work/orbit/orbit/.ipad-probe/.dd/Build/Intermediates.noindex/cmark-gfm.build/Debug-iphonesimulator/cmark-gfm.build/Objects-normal/arm64/latex.o.scan -- /Applications/Xcode_26.6.app/Contents/Developer/Toolchains/XcodeDefault.xctoolchain/usr/bin/clang -x c -ivfsstatcache /Users/runner/work/orbit/orbit/.ipad-probe/.dd/SDKStatCaches.noindex/iphonesimulator26.5-23F81a-688ef53f1462e2c8f657fdc38a81448ff45c64a1807a658693f2a61704f17a36.sdkstatcache -target arm64-apple-ios12.0-simulator -fmessage-length\=0 -fdiagnostics-show-note-include-stack -fmacro-backtrace-limit\=0 -fno-color-diagnostics -fmodules-prune-interval\=86400 -fmodules-prune-after\=345600 -fbuild-session-file\=/Users/runner/work/orbit/orbit/.ipad-probe/.dd/ModuleCache.noindex/Session.modulevalidation -fmodules-validate-once-per-build-session -Wnon-modular-include-in-framework-module -Werror\=non-modular-include-in-framework-module -Wno-trigraphs -Wno-missing-field-initializers -Wno-missing-prototypes -Wno-return-type -Wno-missing-braces -Wparentheses -Wswitch -Wno-unused-function -Wno-unused-label -Wno-unused-parameter -Wno-unused-variable -Wunused-value -Wno-empty-body -Wno-uninitialized -Wno-unknown-pragmas -w -Wno-shadow -Wno-four-char-constants -Wno-conversion -Wno-constant-conversion -Wno-int-conversion -Wno-bool-conversion -Wno-enum-conversion -Wno-float-conversion -Wno-non-literal-null-conversion -Wno-objc-literal-conversion -Wshorten-64-to-32 -Wpointer-sign -Wno-newline-eof -Wno-implicit-fallthrough -isysroot /Applications/Xcode_26.6.app/Contents/Developer/Platforms/iPhoneSimulator.platform/Developer/SDKs/iPhoneSimulator26.5.sdk -fstrict-aliasing -Wdeprecated-declarations -Wno-sign-conversion -Wno-infinite-recursion -Wno-comma -Wno-block-capture-autoreleasing -Wno-strict-prototypes -Wno-semicolon-before-method-body -index-store-path /Users/runner/work/orbit/orbit/.ipad-probe/.dd/Index.noindex/DataStore @/Users/runner/work/orbit/orbit/.ipad-probe/.dd/Build/Intermediates.noindex/cmark-gfm.build/Debug-iphonesimulator/cmark-gfm.build/Objects-normal/arm64/7187679823f38a2a940e0043cdf9d637-common-args.resp -MMD -MT dependencies -MF /Users/runner/work/orbit/orbit/.ipad-probe/.dd/Build/Intermediates.noindex/cmark-gfm.build/Debug-iphonesimulator/cmark-gfm.build/Objects-normal/arm64/latex.d --serialize-diagnostics /Users/runner/work/orbit/orbit/.ipad-probe/.dd/Build/Intermediates.noindex/cmark-gfm.build/Debug-iphonesimulator/cmark-gfm.build/Objects-normal/arm64/latex.dia -c /Users/runner/work/orbit/orbit/.ipad-probe/.dd/SourcePackages/checkouts/swift-cmark/src/latex.c -o /Users/runner/work/orbit/orbit/.ipad-probe/.dd/Build/Intermediates.noindex/cmark-gfm.build/Debug-iphonesimulator/cmark-gfm.build/Objects-normal/arm64/latex.o -index-unit-output-path /cmark-gfm.build/Debug-iphonesimulator/cmark-gfm.build/Objects-normal/arm64/latex.o

ScanDependencies /Users/runner/work/orbit/orbit/.ipad-probe/.dd/Build/Intermediates.noindex/cmark-gfm.build/Debug-iphonesimulator/cmark-gfm.build/Objects-normal/arm64/iterator.o /Users/runner/work/orbit/orbit/.ipad-probe/.dd/SourcePackages/checkouts/swift-cmark/src/iterator.c normal arm64 c com.apple.compilers.llvm.clang.1_0.compiler (in target 'cmark-gfm' from project 'cmark-gfm')
    cd /Users/runner/work/orbit/orbit/.ipad-probe/IpadProbe.xcodeproj
    
    Using response file: /Users/runner/work/orbit/orbit/.ipad-probe/.dd/Build/Intermediates.noindex/cmark-gfm.build/Debug-iphonesimulator/cmark-gfm.build/Objects-normal/arm64/7187679823f38a2a940e0043cdf9d637-common-args.resp
    
    builtin-ScanDependencies -o /Users/runner/work/orbit/orbit/.ipad-probe/.dd/Build/Intermediates.noindex/cmark-gfm.build/Debug-iphonesimulator/cmark-gfm.build/Objects-normal/arm64/iterator.o.scan -- /Applications/Xcode_26.6.app/Contents/Developer/Toolchains/XcodeDefault.xctoolchain/usr/bin/clang -x c -ivfsstatcache /Users/runner/work/orbit/orbit/.ipad-probe/.dd/SDKStatCaches.noindex/iphonesimulator26.5-23F81a-688ef53f1462e2c8f657fdc38a81448ff45c64a1807a658693f2a61704f17a36.sdkstatcache -target arm64-apple-ios12.0-simulator -fmessage-length\=0 -fdiagnostics-show-note-include-stack -fmacro-backtrace-limit\=0 -fno-color-diagnostics -fmodules-prune-interval\=86400 -fmodules-prune-after\=345600 -fbuild-session-file\=/Users/runner/work/orbit/orbit/.ipad-probe/.dd/ModuleCache.noindex/Session.modulevalidation -fmodules-validate-once-per-build-session -Wnon-modular-include-in-framework-module -Werror\=non-modular-include-in-framework-module -Wno-trigraphs -Wno-missing-field-initializers -Wno-missing-prototypes -Wno-return-type -Wno-missing-braces -Wparentheses -Wswitch -Wno-unused-function -Wno-unused-label -Wno-unused-parameter -Wno-unused-variable -Wunused-value -Wno-empty-body -Wno-uninitialized -Wno-unknown-pragmas -w -Wno-shadow -Wno-four-char-constants -Wno-conversion -Wno-constant-conversion -Wno-int-conversion -Wno-bool-conversion -Wno-enum-conversion -Wno-float-conversion -Wno-non-literal-null-conversion -Wno-objc-literal-conversion -Wshorten-64-to-32 -Wpointer-sign -Wno-newline-eof -Wno-implicit-fallthrough -isysroot /Applications/Xcode_26.6.app/Contents/Developer/Platforms/iPhoneSimulator.platform/Developer/SDKs/iPhoneSimulator26.5.sdk -fstrict-aliasing -Wdeprecated-declarations -Wno-sign-conversion -Wno-infinite-recursion -Wno-comma -Wno-block-capture-autoreleasing -Wno-strict-prototypes -Wno-semicolon-before-method-body -index-store-path /Users/runner/work/orbit/orbit/.ipad-probe/.dd/Index.noindex/DataStore @/Users/runner/work/orbit/orbit/.ipad-probe/.dd/Build/Intermediates.noindex/cmark-gfm.build/Debug-iphonesimulator/cmark-gfm.build/Objects-normal/arm64/7187679823f38a2a940e0043cdf9d637-common-args.resp -MMD -MT dependencies -MF /Users/runner/work/orbit/orbit/.ipad-probe/.dd/Build/Intermediates.noindex/cmark-gfm.build/Debug-iphonesimulator/cmark-gfm.build/Objects-normal/arm64/iterator.d --serialize-diagnostics /Users/runner/work/orbit/orbit/.ipad-probe/.dd/Build/Intermediates.noindex/cmark-gfm.build/Debug-iphonesimulator/cmark-gfm.build/Objects-normal/arm64/iterator.dia -c /Users/runner/work/orbit/orbit/.ipad-probe/.dd/SourcePackages/checkouts/swift-cmark/src/iterator.c -o /Users/runner/work/orbit/orbit/.ipad-probe/.dd/Build/Intermediates.noindex/cmark-gfm.build/Debug-iphonesimulator/cmark-gfm.build/Objects-normal/arm64/iterator.o -index-unit-output-path /cmark-gfm.build/Debug-iphonesimulator/cmark-gfm.build/Objects-normal/arm64/iterator.o

ScanDependencies /Users/runner/work/orbit/orbit/.ipad-probe/.dd/Build/Intermediates.noindex/cmark-gfm.build/Debug-iphonesimulator/cmark-gfm.build/Objects-normal/arm64/inlines.o /Users/runner/work/orbit/orbit/.ipad-probe/.dd/SourcePackages/checkouts/swift-cmark/src/inlines.c normal arm64 c com.apple.compilers.llvm.clang.1_0.compiler (in target 'cmark-gfm' from project 'cmark-gfm')
    cd /Users/runner/work/orbit/orbit/.ipad-probe/IpadProbe.xcodeproj
    
    Using response file: /Users/runner/work/orbit/orbit/.ipad-probe/.dd/Build/Intermediates.noindex/cmark-gfm.build/Debug-iphonesimulator/cmark-gfm.build/Objects-normal/arm64/7187679823f38a2a940e0043cdf9d637-common-args.resp
    
    builtin-ScanDependencies -o /Users/runner/work/orbit/orbit/.ipad-probe/.dd/Build/Intermediates.noindex/cmark-gfm.build/Debug-iphonesimulator/cmark-gfm.build/Objects-normal/arm64/inlines.o.scan -- /Applications/Xcode_26.6.app/Contents/Developer/Toolchains/XcodeDefault.xctoolchain/usr/bin/clang -x c -ivfsstatcache /Users/runner/work/orbit/orbit/.ipad-probe/.dd/SDKStatCaches.noindex/iphonesimulator26.5-23F81a-688ef53f1462e2c8f657fdc38a81448ff45c64a1807a658693f2a61704f17a36.sdkstatcache -target arm64-apple-ios12.0-simulator -fmessage-length\=0 -fdiagnostics-show-note-include-stack -fmacro-backtrace-limit\=0 -fno-color-diagnostics -fmodules-prune-interval\=86400 -fmodules-prune-after\=345600 -fbuild-session-file\=/Users/runner/work/orbit/orbit/.ipad-probe/.dd/ModuleCache.noindex/Session.modulevalidation -fmodules-validate-once-per-build-session -Wnon-modular-include-in-framework-module -Werror\=non-modular-include-in-framework-module -Wno-trigraphs -Wno-missing-field-initializers -Wno-missing-prototypes -Wno-return-type -Wno-missing-braces -Wparentheses -Wswitch -Wno-unused-function -Wno-unused-label -Wno-unused-parameter -Wno-unused-variable -Wunused-value -Wno-empty-body -Wno-uninitialized -Wno-unknown-pragmas -w -Wno-shadow -Wno-four-char-constants -Wno-conversion -Wno-constant-conversion -Wno-int-conversion -Wno-bool-conversion -Wno-enum-conversion -Wno-float-conversion -Wno-non-literal-null-conversion -Wno-objc-literal-conversion -Wshorten-64-to-32 -Wpointer-sign -Wno-newline-eof -Wno-implicit-fallthrough -isysroot /Applications/Xcode_26.6.app/Contents/Developer/Platforms/iPhoneSimulator.platform/Developer/SDKs/iPhoneSimulator26.5.sdk -fstrict-aliasing -Wdeprecated-declarations -Wno-sign-conversion -Wno-infinite-recursion -Wno-comma -Wno-block-capture-autoreleasing -Wno-strict-prototypes -Wno-semicolon-before-method-body -index-store-path /Users/runner/work/orbit/orbit/.ipad-probe/.dd/Index.noindex/DataStore @/Users/runner/work/orbit/orbit/.ipad-probe/.dd/Build/Intermediates.noindex/cmark-gfm.build/Debug-iphonesimulator/cmark-gfm.build/Objects-normal/arm64/7187679823f38a2a940e0043cdf9d637-common-args.resp -MMD -MT dependencies -MF /Users/runner/work/orbit/orbit/.ipad-probe/.dd/Build/Intermediates.noindex/cmark-gfm.build/Debug-iphonesimulator/cmark-gfm.build/Objects-normal/arm64/inlines.d --serialize-diagnostics /Users/runner/work/orbit/orbit/.ipad-probe/.dd/Build/Intermediates.noindex/cmark-gfm.build/Debug-iphonesimulator/cmark-gfm.build/Objects-normal/arm64/inlines.dia -c /Users/runner/work/orbit/orbit/.ipad-probe/.dd/SourcePackages/checkouts/swift-cmark/src/inlines.c -o /Users/runner/work/orbit/orbit/.ipad-probe/.dd/Build/Intermediates.noindex/cmark-gfm.build/Debug-iphonesimulator/cmark-gfm.build/Objects-normal/arm64/inlines.o -index-unit-output-path /cmark-gfm.build/Debug-iphonesimulator/cmark-gfm.build/Objects-normal/arm64/inlines.o

ScanDependencies /Users/runner/work/orbit/orbit/.ipad-probe/.dd/Build/Intermediates.noindex/cmark-gfm.build/Debug-iphonesimulator/cmark-gfm.build/Objects-normal/arm64/html.o /Users/runner/work/orbit/orbit/.ipad-probe/.dd/SourcePackages/checkouts/swift-cmark/src/html.c normal arm64 c com.apple.compilers.llvm.clang.1_0.compiler (in target 'cmark-gfm' from project 'cmark-gfm')
    cd /Users/runner/work/orbit/orbit/.ipad-probe/IpadProbe.xcodeproj
    
    Using response file: /Users/runner/work/orbit/orbit/.ipad-probe/.dd/Build/Intermediates.noindex/cmark-gfm.build/Debug-iphonesimulator/cmark-gfm.build/Objects-normal/arm64/7187679823f38a2a940e0043cdf9d637-common-args.resp
    
    builtin-ScanDependencies -o /Users/runner/work/orbit/orbit/.ipad-probe/.dd/Build/Intermediates.noindex/cmark-gfm.build/Debug-iphonesimulator/cmark-gfm.build/Objects-normal/arm64/html.o.scan -- /Applications/Xcode_26.6.app/Contents/Developer/Toolchains/XcodeDefault.xctoolchain/usr/bin/clang -x c -ivfsstatcache /Users/runner/work/orbit/orbit/.ipad-probe/.dd/SDKStatCaches.noindex/iphonesimulator26.5-23F81a-688ef53f1462e2c8f657fdc38a81448ff45c64a1807a658693f2a61704f17a36.sdkstatcache -target arm64-apple-ios12.0-simulator -fmessage-length\=0 -fdiagnostics-show-note-include-stack -fmacro-backtrace-limit\=0 -fno-color-diagnostics -fmodules-prune-interval\=86400 -fmodules-prune-after\=345600 -fbuild-session-file\=/Users/runner/work/orbit/orbit/.ipad-probe/.dd/ModuleCache.noindex/Session.modulevalidation -fmodules-validate-once-per-build-session -Wnon-modular-include-in-framework-module -Werror\=non-modular-include-in-framework-module -Wno-trigraphs -Wno-missing-field-initializers -Wno-missing-prototypes -Wno-return-type -Wno-missing-braces -Wparentheses -Wswitch -Wno-unused-function -Wno-unused-label -Wno-unused-parameter -Wno-unused-variable -Wunused-value -Wno-empty-body -Wno-uninitialized -Wno-unknown-pragmas -w -Wno-shadow -Wno-four-char-constants -Wno-conversion -Wno-constant-conversion -Wno-int-conversion -Wno-bool-conversion -Wno-enum-conversion -Wno-float-conversion -Wno-non-literal-null-conversion -Wno-objc-literal-conversion -Wshorten-64-to-32 -Wpointer-sign -Wno-newline-eof -Wno-implicit-fallthrough -isysroot /Applications/Xcode_26.6.app/Contents/Developer/Platforms/iPhoneSimulator.platform/Developer/SDKs/iPhoneSimulator26.5.sdk -fstrict-aliasing -Wdeprecated-declarations -Wno-sign-conversion -Wno-infinite-recursion -Wno-comma -Wno-block-capture-autoreleasing -Wno-strict-prototypes -Wno-semicolon-before-method-body -index-store-path /Users/runner/work/orbit/orbit/.ipad-probe/.dd/Index.noindex/DataStore @/Users/runner/work/orbit/orbit/.ipad-probe/.dd/Build/Intermediates.noindex/cmark-gfm.build/Debug-iphonesimulator/cmark-gfm.build/Objects-normal/arm64/7187679823f38a2a940e0043cdf9d637-common-args.resp -MMD -MT dependencies -MF /Users/runner/work/orbit/orbit/.ipad-probe/.dd/Build/Intermediates.noindex/cmark-gfm.build/Debug-iphonesimulator/cmark-gfm.build/Objects-normal/arm64/html.d --serialize-diagnostics /Users/runner/work/orbit/orbit/.ipad-probe/.dd/Build/Intermediates.noindex/cmark-gfm.build/Debug-iphonesimulator/cmark-gfm.build/Objects-normal/arm64/html.dia -c /Users/runner/work/orbit/orbit/.ipad-probe/.dd/SourcePackages/checkouts/swift-cmark/src/html.c -o /Users/runner/work/orbit/orbit/.ipad-probe/.dd/Build/Intermediates.noindex/cmark-gfm.build/Debug-iphonesimulator/cmark-gfm.build/Objects-normal/arm64/html.o -index-unit-output-path /cmark-gfm.build/Debug-iphonesimulator/cmark-gfm.build/Objects-normal/arm64/html.o

ScanDependencies /Users/runner/work/orbit/orbit/.ipad-probe/.dd/Build/Intermediates.noindex/cmark-gfm.build/Debug-iphonesimulator/cmark-gfm.build/Objects-normal/arm64/houdini_html_u.o /Users/runner/work/orbit/orbit/.ipad-probe/.dd/SourcePackages/checkouts/swift-cmark/src/houdini_html_u.c normal arm64 c com.apple.compilers.llvm.clang.1_0.compiler (in target 'cmark-gfm' from project 'cmark-gfm')
    cd /Users/runner/work/orbit/orbit/.ipad-probe/IpadProbe.xcodeproj
    
    Using response file: /Users/runner/work/orbit/orbit/.ipad-probe/.dd/Build/Intermediates.noindex/cmark-gfm.build/Debug-iphonesimulator/cmark-gfm.build/Objects-normal/arm64/7187679823f38a2a940e0043cdf9d637-common-args.resp
    
    builtin-ScanDependencies -o /Users/runner/work/orbit/orbit/.ipad-probe/.dd/Build/Intermediates.noindex/cmark-gfm.build/Debug-iphonesimulator/cmark-gfm.build/Objects-normal/arm64/houdini_html_u.o.scan -- /Applications/Xcode_26.6.app/Contents/Developer/Toolchains/XcodeDefault.xctoolchain/usr/bin/clang -x c -ivfsstatcache /Users/runner/work/orbit/orbit/.ipad-probe/.dd/SDKStatCaches.noindex/iphonesimulator26.5-23F81a-688ef53f1462e2c8f657fdc38a81448ff45c64a1807a658693f2a61704f17a36.sdkstatcache -target arm64-apple-ios12.0-simulator -fmessage-length\=0 -fdiagnostics-show-note-include-stack -fmacro-backtrace-limit\=0 -fno-color-diagnostics -fmodules-prune-interval\=86400 -fmodules-prune-after\=345600 -fbuild-session-file\=/Users/runner/work/orbit/orbit/.ipad-probe/.dd/ModuleCache.noindex/Session.modulevalidation -fmodules-validate-once-per-build-session -Wnon-modular-include-in-framework-module -Werror\=non-modular-include-in-framework-module -Wno-trigraphs -Wno-missing-field-initializers -Wno-missing-prototypes -Wno-return-type -Wno-missing-braces -Wparentheses -Wswitch -Wno-unused-function -Wno-unused-label -Wno-unused-parameter -Wno-unused-variable -Wunused-value -Wno-empty-body -Wno-uninitialized -Wno-unknown-pragmas -w -Wno-shadow -Wno-four-char-constants -Wno-conversion -Wno-constant-conversion -Wno-int-conversion -Wno-bool-conversion -Wno-enum-conversion -Wno-float-conversion -Wno-non-literal-null-conversion -Wno-objc-literal-conversion -Wshorten-64-to-32 -Wpointer-sign -Wno-newline-eof -Wno-implicit-fallthrough -isysroot /Applications/Xcode_26.6.app/Contents/Developer/Platforms/iPhoneSimulator.platform/Developer/SDKs/iPhoneSimulator26.5.sdk -fstrict-aliasing -Wdeprecated-declarations -Wno-sign-conversion -Wno-infinite-recursion -Wno-comma -Wno-block-capture-autoreleasing -Wno-strict-prototypes -Wno-semicolon-before-method-body -index-store-path /Users/runner/work/orbit/orbit/.ipad-probe/.dd/Index.noindex/DataStore @/Users/runner/work/orbit/orbit/.ipad-probe/.dd/Build/Intermediates.noindex/cmark-gfm.build/Debug-iphonesimulator/cmark-gfm.build/Objects-normal/arm64/7187679823f38a2a940e0043cdf9d637-common-args.resp -MMD -MT dependencies -MF /Users/runner/work/orbit/orbit/.ipad-probe/.dd/Build/Intermediates.noindex/cmark-gfm.build/Debug-iphonesimulator/cmark-gfm.build/Objects-normal/arm64/houdini_html_u.d --serialize-diagnostics /Users/runner/work/orbit/orbit/.ipad-probe/.dd/Build/Intermediates.noindex/cmark-gfm.build/Debug-iphonesimulator/cmark-gfm.build/Objects-normal/arm64/houdini_html_u.dia -c /Users/runner/work/orbit/orbit/.ipad-probe/.dd/SourcePackages/checkouts/swift-cmark/src/houdini_html_u.c -o /Users/runner/work/orbit/orbit/.ipad-probe/.dd/Build/Intermediates.noindex/cmark-gfm.build/Debug-iphonesimulator/cmark-gfm.build/Objects-normal/arm64/houdini_html_u.o -index-unit-output-path /cmark-gfm.build/Debug-iphonesimulator/cmark-gfm.build/Objects-normal/arm64/houdini_html_u.o

ScanDependencies /Users/runner/work/orbit/orbit/.ipad-probe/.dd/Build/Intermediates.noindex/cmark-gfm.build/Debug-iphonesimulator/cmark-gfm.build/Objects-normal/arm64/houdini_html_e.o /Users/runner/work/orbit/orbit/.ipad-probe/.dd/SourcePackages/checkouts/swift-cmark/src/houdini_html_e.c normal arm64 c com.apple.compilers.llvm.clang.1_0.compiler (in target 'cmark-gfm' from project 'cmark-gfm')
    cd /Users/runner/work/orbit/orbit/.ipad-probe/IpadProbe.xcodeproj
    
    Using response file: /Users/runner/work/orbit/orbit/.ipad-probe/.dd/Build/Intermediates.noindex/cmark-gfm.build/Debug-iphonesimulator/cmark-gfm.build/Objects-normal/arm64/7187679823f38a2a940e0043cdf9d637-common-args.resp
    
    builtin-ScanDependencies -o /Users/runner/work/orbit/orbit/.ipad-probe/.dd/Build/Intermediates.noindex/cmark-gfm.build/Debug-iphonesimulator/cmark-gfm.build/Objects-normal/arm64/houdini_html_e.o.scan -- /Applications/Xcode_26.6.app/Contents/Developer/Toolchains/XcodeDefault.xctoolchain/usr/bin/clang -x c -ivfsstatcache /Users/runner/work/orbit/orbit/.ipad-probe/.dd/SDKStatCaches.noindex/iphonesimulator26.5-23F81a-688ef53f1462e2c8f657fdc38a81448ff45c64a1807a658693f2a61704f17a36.sdkstatcache -target arm64-apple-ios12.0-simulator -fmessage-length\=0 -fdiagnostics-show-note-include-stack -fmacro-backtrace-limit\=0 -fno-color-diagnostics -fmodules-prune-interval\=86400 -fmodules-prune-after\=345600 -fbuild-session-file\=/Users/runner/work/orbit/orbit/.ipad-probe/.dd/ModuleCache.noindex/Session.modulevalidation -fmodules-validate-once-per-build-session -Wnon-modular-include-in-framework-module -Werror\=non-modular-include-in-framework-module -Wno-trigraphs -Wno-missing-field-initializers -Wno-missing-prototypes -Wno-return-type -Wno-missing-braces -Wparentheses -Wswitch -Wno-unused-function -Wno-unused-label -Wno-unused-parameter -Wno-unused-variable -Wunused-value -Wno-empty-body -Wno-uninitialized -Wno-unknown-pragmas -w -Wno-shadow -Wno-four-char-constants -Wno-conversion -Wno-constant-conversion -Wno-int-conversion -Wno-bool-conversion -Wno-enum-conversion -Wno-float-conversion -Wno-non-literal-null-conversion -Wno-objc-literal-conversion -Wshorten-64-to-32 -Wpointer-sign -Wno-newline-eof -Wno-implicit-fallthrough -isysroot /Applications/Xcode_26.6.app/Contents/Developer/Platforms/iPhoneSimulator.platform/Developer/SDKs/iPhoneSimulator26.5.sdk -fstrict-aliasing -Wdeprecated-declarations -Wno-sign-conversion -Wno-infinite-recursion -Wno-comma -Wno-block-capture-autoreleasing -Wno-strict-prototypes -Wno-semicolon-before-method-body -index-store-path /Users/runner/work/orbit/orbit/.ipad-probe/.dd/Index.noindex/DataStore @/Users/runner/work/orbit/orbit/.ipad-probe/.dd/Build/Intermediates.noindex/cmark-gfm.build/Debug-iphonesimulator/cmark-gfm.build/Objects-normal/arm64/7187679823f38a2a940e0043cdf9d637-common-args.resp -MMD -MT dependencies -MF /Users/runner/work/orbit/orbit/.ipad-probe/.dd/Build/Intermediates.noindex/cmark-gfm.build/Debug-iphonesimulator/cmark-gfm.build/Objects-normal/arm64/houdini_html_e.d --serialize-diagnostics /Users/runner/work/orbit/orbit/.ipad-probe/.dd/Build/Intermediates.noindex/cmark-gfm.build/Debug-iphonesimulator/cmark-gfm.build/Objects-normal/arm64/houdini_html_e.dia -c /Users/runner/work/orbit/orbit/.ipad-probe/.dd/SourcePackages/checkouts/swift-cmark/src/houdini_html_e.c -o /Users/runner/work/orbit/orbit/.ipad-probe/.dd/Build/Intermediates.noindex/cmark-gfm.build/Debug-iphonesimulator/cmark-gfm.build/Objects-normal/arm64/houdini_html_e.o -index-unit-output-path /cmark-gfm.build/Debug-iphonesimulator/cmark-gfm.build/Objects-normal/arm64/houdini_html_e.o

CompileC /Users/runner/work/orbit/orbit/.ipad-probe/.dd/Build/Intermediates.noindex/cmark-gfm.build/Debug-iphonesimulator/cmark-gfm.build/Objects-normal/arm64/xml.o /Users/runner/work/orbit/orbit/.ipad-probe/.dd/SourcePackages/checkouts/swift-cmark/src/xml.c normal arm64 c com.apple.compilers.llvm.clang.1_0.compiler (in target 'cmark-gfm' from project 'cmark-gfm')
    cd /Users/runner/work/orbit/orbit/.ipad-probe/IpadProbe.xcodeproj
    
    Using response file: /Users/runner/work/orbit/orbit/.ipad-probe/.dd/Build/Intermediates.noindex/cmark-gfm.build/Debug-iphonesimulator/cmark-gfm.build/Objects-normal/arm64/7187679823f38a2a940e0043cdf9d637-common-args.resp
    
    /Applications/Xcode_26.6.app/Contents/Developer/Toolchains/XcodeDefault.xctoolchain/usr/bin/clang -x c -ivfsstatcache /Users/runner/work/orbit/orbit/.ipad-probe/.dd/SDKStatCaches.noindex/iphonesimulator26.5-23F81a-688ef53f1462e2c8f657fdc38a81448ff45c64a1807a658693f2a61704f17a36.sdkstatcache -target arm64-apple-ios12.0-simulator -fmessage-length\=0 -fdiagnostics-show-note-include-stack -fmacro-backtrace-limit\=0 -fno-color-diagnostics -fmodules-prune-interval\=86400 -fmodules-prune-after\=345600 -fbuild-session-file\=/Users/runner/work/orbit/orbit/.ipad-probe/.dd/ModuleCache.noindex/Session.modulevalidation -fmodules-validate-once-per-build-session -Wnon-modular-include-in-framework-module -Werror\=non-modular-include-in-framework-module -Wno-trigraphs -Wno-missing-field-initializers -Wno-missing-prototypes -Wno-return-type -Wno-missing-braces -Wparentheses -Wswitch -Wno-unused-function -Wno-unused-label -Wno-unused-parameter -Wno-unused-variable -Wunused-value -Wno-empty-body -Wno-uninitialized -Wno-unknown-pragmas -w -Wno-shadow -Wno-four-char-constants -Wno-conversion -Wno-constant-conversion -Wno-int-conversion -Wno-bool-conversion -Wno-enum-conversion -Wno-float-conversion -Wno-non-literal-null-conversion -Wno-objc-literal-conversion -Wshorten-64-to-32 -Wpointer-sign -Wno-newline-eof -Wno-implicit-fallthrough -isysroot /Applications/Xcode_26.6.app/Contents/Developer/Platforms/iPhoneSimulator.platform/Developer/SDKs/iPhoneSimulator26.5.sdk -fstrict-aliasing -Wdeprecated-declarations -Wno-sign-conversion -Wno-infinite-recursion -Wno-comma -Wno-block-capture-autoreleasing -Wno-strict-prototypes -Wno-semicolon-before-method-body -index-store-path /Users/runner/work/orbit/orbit/.ipad-probe/.dd/Index.noindex/DataStore @/Users/runner/work/orbit/orbit/.ipad-probe/.dd/Build/Intermediates.noindex/cmark-gfm.build/Debug-iphonesimulator/cmark-gfm.build/Objects-normal/arm64/7187679823f38a2a940e0043cdf9d637-common-args.resp -MMD -MT dependencies -MF /Users/runner/work/orbit/orbit/.ipad-probe/.dd/Build/Intermediates.noindex/cmark-gfm.build/Debug-iphonesimulator/cmark-gfm.build/Objects-normal/arm64/xml.d --serialize-diagnostics /Users/runner/work/orbit/orbit/.ipad-probe/.dd/Build/Intermediates.noindex/cmark-gfm.build/Debug-iphonesimulator/cmark-gfm.build/Objects-normal/arm64/xml.dia -c /Users/runner/work/orbit/orbit/.ipad-probe/.dd/SourcePackages/checkouts/swift-cmark/src/xml.c -o /Users/runner/work/orbit/orbit/.ipad-probe/.dd/Build/Intermediates.noindex/cmark-gfm.build/Debug-iphonesimulator/cmark-gfm.build/Objects-normal/arm64/xml.o -index-unit-output-path /cmark-gfm.build/Debug-iphonesimulator/cmark-gfm.build/Objects-normal/arm64/xml.o

CompileC /Users/runner/work/orbit/orbit/.ipad-probe/.dd/Build/Intermediates.noindex/cmark-gfm.build/Debug-iphonesimulator/cmark-gfm.build/Objects-normal/arm64/utf8.o /Users/runner/work/orbit/orbit/.ipad-probe/.dd/SourcePackages/checkouts/swift-cmark/src/utf8.c normal arm64 c com.apple.compilers.llvm.clang.1_0.compiler (in target 'cmark-gfm' from project 'cmark-gfm')
    cd /Users/runner/work/orbit/orbit/.ipad-probe/IpadProbe.xcodeproj
    
    Using response file: /Users/runner/work/orbit/orbit/.ipad-probe/.dd/Build/Intermediates.noindex/cmark-gfm.build/Debug-iphonesimulator/cmark-gfm.build/Objects-normal/arm64/7187679823f38a2a940e0043cdf9d637-common-args.resp
    
    /Applications/Xcode_26.6.app/Contents/Developer/Toolchains/XcodeDefault.xctoolchain/usr/bin/clang -x c -ivfsstatcache /Users/runner/work/orbit/orbit/.ipad-probe/.dd/SDKStatCaches.noindex/iphonesimulator26.5-23F81a-688ef53f1462e2c8f657fdc38a81448ff45c64a1807a658693f2a61704f17a36.sdkstatcache -target arm64-apple-ios12.0-simulator -fmessage-length\=0 -fdiagnostics-show-note-include-stack -fmacro-backtrace-limit\=0 -fno-color-diagnostics -fmodules-prune-interval\=86400 -fmodules-prune-after\=345600 -fbuild-session-file\=/Users/runner/work/orbit/orbit/.ipad-probe/.dd/ModuleCache.noindex/Session.modulevalidation -fmodules-validate-once-per-build-session -Wnon-modular-include-in-framework-module -Werror\=non-modular-include-in-framework-module -Wno-trigraphs -Wno-missing-field-initializers -Wno-missing-prototypes -Wno-return-type -Wno-missing-braces -Wparentheses -Wswitch -Wno-unused-function -Wno-unused-label -Wno-unused-parameter -Wno-unused-variable -Wunused-value -Wno-empty-body -Wno-uninitialized -Wno-unknown-pragmas -w -Wno-shadow -Wno-four-char-constants -Wno-conversion -Wno-constant-conversion -Wno-int-conversion -Wno-bool-conversion -Wno-enum-conversion -Wno-float-conversion -Wno-non-literal-null-conversion -Wno-objc-literal-conversion -Wshorten-64-to-32 -Wpointer-sign -Wno-newline-eof -Wno-implicit-fallthrough -isysroot /Applications/Xcode_26.6.app/Contents/Developer/Platforms/iPhoneSimulator.platform/Developer/SDKs/iPhoneSimulator26.5.sdk -fstrict-aliasing -Wdeprecated-declarations -Wno-sign-conversion -Wno-infinite-recursion -Wno-comma -Wno-block-capture-autoreleasing -Wno-strict-prototypes -Wno-semicolon-before-method-body -index-store-path /Users/runner/work/orbit/orbit/.ipad-probe/.dd/Index.noindex/DataStore @/Users/runner/work/orbit/orbit/.ipad-probe/.dd/Build/Intermediates.noindex/cmark-gfm.build/Debug-iphonesimulator/cmark-gfm.build/Objects-normal/arm64/7187679823f38a2a940e0043cdf9d637-common-args.resp -MMD -MT dependencies -MF /Users/runner/work/orbit/orbit/.ipad-probe/.dd/Build/Intermediates.noindex/cmark-gfm.build/Debug-iphonesimulator/cmark-gfm.build/Objects-normal/arm64/utf8.d --serialize-diagnostics /Users/runner/work/orbit/orbit/.ipad-probe/.dd/Build/Intermediates.noindex/cmark-gfm.build/Debug-iphonesimulator/cmark-gfm.build/Objects-normal/arm64/utf8.dia -c /Users/runner/work/orbit/orbit/.ipad-probe/.dd/SourcePackages/checkouts/swift-cmark/src/utf8.c -o /Users/runner/work/orbit/orbit/.ipad-probe/.dd/Build/Intermediates.noindex/cmark-gfm.build/Debug-iphonesimulator/cmark-gfm.build/Objects-normal/arm64/utf8.o -index-unit-output-path /cmark-gfm.build/Debug-iphonesimulator/cmark-gfm.build/Objects-normal/arm64/utf8.o

CompileC /Users/runner/work/orbit/orbit/.ipad-probe/.dd/Build/Intermediates.noindex/cmark-gfm.build/Debug-iphonesimulator/cmark-gfm.build/Objects-normal/arm64/syntax_extension.o /Users/runner/work/orbit/orbit/.ipad-probe/.dd/SourcePackages/checkouts/swift-cmark/src/syntax_extension.c normal arm64 c com.apple.compilers.llvm.clang.1_0.compiler (in target 'cmark-gfm' from project 'cmark-gfm')
    cd /Users/runner/work/orbit/orbit/.ipad-probe/IpadProbe.xcodeproj
    
    Using response file: /Users/runner/work/orbit/orbit/.ipad-probe/.dd/Build/Intermediates.noindex/cmark-gfm.build/Debug-iphonesimulator/cmark-gfm.build/Objects-normal/arm64/7187679823f38a2a940e0043cdf9d637-common-args.resp
    
    /Applications/Xcode_26.6.app/Contents/Developer/Toolchains/XcodeDefault.xctoolchain/usr/bin/clang -x c -ivfsstatcache /Users/runner/work/orbit/orbit/.ipad-probe/.dd/SDKStatCaches.noindex/iphonesimulator26.5-23F81a-688ef53f1462e2c8f657fdc38a81448ff45c64a1807a658693f2a61704f17a36.sdkstatcache -target arm64-apple-ios12.0-simulator -fmessage-length\=0 -fdiagnostics-show-note-include-stack -fmacro-backtrace-limit\=0 -fno-color-diagnostics -fmodules-prune-interval\=86400 -fmodules-prune-after\=345600 -fbuild-session-file\=/Users/runner/work/orbit/orbit/.ipad-probe/.dd/ModuleCache.noindex/Session.modulevalidation -fmodules-validate-once-per-build-session -Wnon-modular-include-in-framework-module -Werror\=non-modular-include-in-framework-module -Wno-trigraphs -Wno-missing-field-initializers -Wno-missing-prototypes -Wno-return-type -Wno-missing-braces -Wparentheses -Wswitch -Wno-unused-function -Wno-unused-label -Wno-unused-parameter -Wno-unused-variable -Wunused-value -Wno-empty-body -Wno-uninitialized -Wno-unknown-pragmas -w -Wno-shadow -Wno-four-char-constants -Wno-conversion -Wno-constant-conversion -Wno-int-conversion -Wno-bool-conversion -Wno-enum-conversion -Wno-float-conversion -Wno-non-literal-null-conversion -Wno-objc-literal-conversion -Wshorten-64-to-32 -Wpointer-sign -Wno-newline-eof -Wno-implicit-fallthrough -isysroot /Applications/Xcode_26.6.app/Contents/Developer/Platforms/iPhoneSimulator.platform/Developer/SDKs/iPhoneSimulator26.5.sdk -fstrict-aliasing -Wdeprecated-declarations -Wno-sign-conversion -Wno-infinite-recursion -Wno-comma -Wno-block-capture-autoreleasing -Wno-strict-prototypes -Wno-semicolon-before-method-body -index-store-path /Users/runner/work/orbit/orbit/.ipad-probe/.dd/Index.noindex/DataStore @/Users/runner/work/orbit/orbit/.ipad-probe/.dd/Build/Intermediates.noindex/cmark-gfm.build/Debug-iphonesimulator/cmark-gfm.build/Objects-normal/arm64/7187679823f38a2a940e0043cdf9d637-common-args.resp -MMD -MT dependencies -MF /Users/runner/work/orbit/orbit/.ipad-probe/.dd/Build/Intermediates.noindex/cmark-gfm.build/Debug-iphonesimulator/cmark-gfm.build/Objects-normal/arm64/syntax_extension.d --serialize-diagnostics /Users/runner/work/orbit/orbit/.ipad-probe/.dd/Build/Intermediates.noindex/cmark-gfm.build/Debug-iphonesimulator/cmark-gfm.build/Objects-normal/arm64/syntax_extension.dia -c /Users/runner/work/orbit/orbit/.ipad-probe/.dd/SourcePackages/checkouts/swift-cmark/src/syntax_extension.c -o /Users/runner/work/orbit/orbit/.ipad-probe/.dd/Build/Intermediates.noindex/cmark-gfm.build/Debug-iphonesimulator/cmark-gfm.build/Objects-normal/arm64/syntax_extension.o -index-unit-output-path /cmark-gfm.build/Debug-iphonesimulator/cmark-gfm.build/Objects-normal/arm64/syntax_extension.o

SwiftExplicitDependencyGeneratePcm arm64 /Users/runner/work/orbit/orbit/.ipad-probe/.dd/ModuleCache.noindex/ptrcheck-A54OZE6F8090GDPUZMSQH4EXM.pcm

SwiftExplicitDependencyGeneratePcm arm64 /Users/runner/work/orbit/orbit/.ipad-probe/.dd/ModuleCache.noindex/_Builtin_float-APDUZQIHL3R7NBKZ60I5CQA24.pcm

SwiftExplicitDependencyGeneratePcm arm64 /Users/runner/work/orbit/orbit/.ipad-probe/.dd/ModuleCache.noindex/SwiftShims-7HA9TQZYH4YNMQ8Q74V8N3M4Y.pcm

SwiftExplicitDependencyGeneratePcm arm64 /Users/runner/work/orbit/orbit/.ipad-probe/.dd/ModuleCache.noindex/_SwiftConcurrencyShims-D19Z6SP2WH2KBLYAI3U5WEU57.pcm

SwiftExplicitDependencyGeneratePcm arm64 /Users/runner/work/orbit/orbit/.ipad-probe/.dd/ModuleCache.noindex/ptrauth-8JFF8BKS25BF9UCAAD2PAF9VX.pcm

SwiftExplicitDependencyGeneratePcm arm64 /Users/runner/work/orbit/orbit/.ipad-probe/.dd/ModuleCache.noindex/_Builtin_stdarg-EDBNPYZ8WW0AL3JZNP2M87CAL.pcm

SwiftExplicitDependencyGeneratePcm arm64 /Users/runner/work/orbit/orbit/.ipad-probe/.dd/ModuleCache.noindex/_AvailabilityInternal-D8L2MMDG1372SZ9ZD8X43F9BA.pcm

SwiftExplicitDependencyGeneratePcm arm64 /Users/runner/work/orbit/orbit/.ipad-probe/.dd/ModuleCache.noindex/_Builtin_stdbool-9X3II1YR9ET4W3MSWPPN6K000.pcm

SwiftExplicitDependencyGeneratePcm arm64 /Users/runner/work/orbit/orbit/.ipad-probe/.dd/ModuleCache.noindex/_Builtin_stddef-DI4Z43GUPUN1HE2R60U4JGX7H.pcm

CompileC /Users/runner/work/orbit/orbit/.ipad-probe/.dd/Build/Intermediates.noindex/cmark-gfm.build/Debug-iphonesimulator/cmark-gfm.build/Objects-normal/arm64/scanners.o /Users/runner/work/orbit/orbit/.ipad-probe/.dd/SourcePackages/checkouts/swift-cmark/src/scanners.c normal arm64 c com.apple.compilers.llvm.clang.1_0.compiler (in target 'cmark-gfm' from project 'cmark-gfm')
    cd /Users/runner/work/orbit/orbit/.ipad-probe/IpadProbe.xcodeproj
    
    Using response file: /Users/runner/work/orbit/orbit/.ipad-probe/.dd/Build/Intermediates.noindex/cmark-gfm.build/Debug-iphonesimulator/cmark-gfm.build/Objects-normal/arm64/7187679823f38a2a940e0043cdf9d637-common-args.resp
    
    /Applications/Xcode_26.6.app/Contents/Developer/Toolchains/XcodeDefault.xctoolchain/usr/bin/clang -x c -ivfsstatcache /Users/runner/work/orbit/orbit/.ipad-probe/.dd/SDKStatCaches.noindex/iphonesimulator26.5-23F81a-688ef53f1462e2c8f657fdc38a81448ff45c64a1807a658693f2a61704f17a36.sdkstatcache -target arm64-apple-ios12.0-simulator -fmessage-length\=0 -fdiagnostics-show-note-include-stack -fmacro-backtrace-limit\=0 -fno-color-diagnostics -fmodules-prune-interval\=86400 -fmodules-prune-after\=345600 -fbuild-session-file\=/Users/runner/work/orbit/orbit/.ipad-probe/.dd/ModuleCache.noindex/Session.modulevalidation -fmodules-validate-once-per-build-session -Wnon-modular-include-in-framework-module -Werror\=non-modular-include-in-framework-module -Wno-trigraphs -Wno-missing-field-initializers -Wno-missing-prototypes -Wno-return-type -Wno-missing-braces -Wparentheses -Wswitch -Wno-unused-function -Wno-unused-label -Wno-unused-parameter -Wno-unused-variable -Wunused-value -Wno-empty-body -Wno-uninitialized -Wno-unknown-pragmas -w -Wno-shadow -Wno-four-char-constants -Wno-conversion -Wno-constant-conversion -Wno-int-conversion -Wno-bool-conversion -Wno-enum-conversion -Wno-float-conversion -Wno-non-literal-null-conversion -Wno-objc-literal-conversion -Wshorten-64-to-32 -Wpointer-sign -Wno-newline-eof -Wno-implicit-fallthrough -isysroot /Applications/Xcode_26.6.app/Contents/Developer/Platforms/iPhoneSimulator.platform/Developer/SDKs/iPhoneSimulator26.5.sdk -fstrict-aliasing -Wdeprecated-declarations -Wno-sign-conversion -Wno-infinite-recursion -Wno-comma -Wno-block-capture-autoreleasing -Wno-strict-prototypes -Wno-semicolon-before-method-body -index-store-path /Users/runner/work/orbit/orbit/.ipad-probe/.dd/Index.noindex/DataStore @/Users/runner/work/orbit/orbit/.ipad-probe/.dd/Build/Intermediates.noindex/cmark-gfm.build/Debug-iphonesimulator/cmark-gfm.build/Objects-normal/arm64/7187679823f38a2a940e0043cdf9d637-common-args.resp -MMD -MT dependencies -MF /Users/runner/work/orbit/orbit/.ipad-probe/.dd/Build/Intermediates.noindex/cmark-gfm.build/Debug-iphonesimulator/cmark-gfm.build/Objects-normal/arm64/scanners.d --serialize-diagnostics /Users/runner/work/orbit/orbit/.ipad-probe/.dd/Build/Intermediates.noindex/cmark-gfm.build/Debug-iphonesimulator/cmark-gfm.build/Objects-normal/arm64/scanners.dia -c /Users/runner/work/orbit/orbit/.ipad-probe/.dd/SourcePackages/checkouts/swift-cmark/src/scanners.c -o /Users/runner/work/orbit/orbit/.ipad-probe/.dd/Build/Intermediates.noindex/cmark-gfm.build/Debug-iphonesimulator/cmark-gfm.build/Objects-normal/arm64/scanners.o -index-unit-output-path /cmark-gfm.build/Debug-iphonesimulator/cmark-gfm.build/Objects-normal/arm64/scanners.o

SwiftExplicitDependencyGeneratePcm arm64 /Users/runner/work/orbit/orbit/.ipad-probe/.dd/ModuleCache.noindex/_DarwinFoundation1-ATAQHQN5PNHYO3ASRV4E2ZNC2.pcm

CompileC /Users/runner/work/orbit/orbit/.ipad-probe/.dd/Build/Intermediates.noindex/cmark-gfm.build/Debug-iphonesimulator/cmark-gfm.build/Objects-normal/arm64/render.o /Users/runner/work/orbit/orbit/.ipad-probe/.dd/SourcePackages/checkouts/swift-cmark/src/render.c normal arm64 c com.apple.compilers.llvm.clang.1_0.compiler (in target 'cmark-gfm' from project 'cmark-gfm')
    cd /Users/runner/work/orbit/orbit/.ipad-probe/IpadProbe.xcodeproj
    
    Using response file: /Users/runner/work/orbit/orbit/.ipad-probe/.dd/Build/Intermediates.noindex/cmark-gfm.build/Debug-iphonesimulator/cmark-gfm.build/Objects-normal/arm64/7187679823f38a2a940e0043cdf9d637-common-args.resp
    
    /Applications/Xcode_26.6.app/Contents/Developer/Toolchains/XcodeDefault.xctoolchain/usr/bin/clang -x c -ivfsstatcache /Users/runner/work/orbit/orbit/.ipad-probe/.dd/SDKStatCaches.noindex/iphonesimulator26.5-23F81a-688ef53f1462e2c8f657fdc38a81448ff45c64a1807a658693f2a61704f17a36.sdkstatcache -target arm64-apple-ios12.0-simulator -fmessage-length\=0 -fdiagnostics-show-note-include-stack -fmacro-backtrace-limit\=0 -fno-color-diagnostics -fmodules-prune-interval\=86400 -fmodules-prune-after\=345600 -fbuild-session-file\=/Users/runner/work/orbit/orbit/.ipad-probe/.dd/ModuleCache.noindex/Session.modulevalidation -fmodules-validate-once-per-build-session -Wnon-modular-include-in-framework-module -Werror\=non-modular-include-in-framework-module -Wno-trigraphs -Wno-missing-field-initializers -Wno-missing-prototypes -Wno-return-type -Wno-missing-braces -Wparentheses -Wswitch -Wno-unused-function -Wno-unused-label -Wno-unused-parameter -Wno-unused-variable -Wunused-value -Wno-empty-body -Wno-uninitialized -Wno-unknown-pragmas -w -Wno-shadow -Wno-four-char-constants -Wno-conversion -Wno-constant-conversion -Wno-int-conversion -Wno-bool-conversion -Wno-enum-conversion -Wno-float-conversion -Wno-non-literal-null-conversion -Wno-objc-literal-conversion -Wshorten-64-to-32 -Wpointer-sign -Wno-newline-eof -Wno-implicit-fallthrough -isysroot /Applications/Xcode_26.6.app/Contents/Developer/Platforms/iPhoneSimulator.platform/Developer/SDKs/iPhoneSimulator26.5.sdk -fstrict-aliasing -Wdeprecated-declarations -Wno-sign-conversion -Wno-infinite-recursion -Wno-comma -Wno-block-capture-autoreleasing -Wno-strict-prototypes -Wno-semicolon-before-method-body -index-store-path /Users/runner/work/orbit/orbit/.ipad-probe/.dd/Index.noindex/DataStore @/Users/runner/work/orbit/orbit/.ipad-probe/.dd/Build/Intermediates.noindex/cmark-gfm.build/Debug-iphonesimulator/cmark-gfm.build/Objects-normal/arm64/7187679823f38a2a940e0043cdf9d637-common-args.resp -MMD -MT dependencies -MF /Users/runner/work/orbit/orbit/.ipad-probe/.dd/Build/Intermediates.noindex/cmark-gfm.build/Debug-iphonesimulator/cmark-gfm.build/Objects-normal/arm64/render.d --serialize-diagnostics /Users/runner/work/orbit/orbit/.ipad-probe/.dd/Build/Intermediates.noindex/cmark-gfm.build/Debug-iphonesimulator/cmark-gfm.build/Objects-normal/arm64/render.dia -c /Users/runner/work/orbit/orbit/.ipad-probe/.dd/SourcePackages/checkouts/swift-cmark/src/render.c -o /Users/runner/work/orbit/orbit/.ipad-probe/.dd/Build/Intermediates.noindex/cmark-gfm.build/Debug-iphonesimulator/cmark-gfm.build/Objects-normal/arm64/render.o -index-unit-output-path /cmark-gfm.build/Debug-iphonesimulator/cmark-gfm.build/Objects-normal/arm64/render.o

CompileC /Users/runner/work/orbit/orbit/.ipad-probe/.dd/Build/Intermediates.noindex/cmark-gfm.build/Debug-iphonesimulator/cmark-gfm.build/Objects-normal/arm64/registry.o /Users/runner/work/orbit/orbit/.ipad-probe/.dd/SourcePackages/checkouts/swift-cmark/src/registry.c normal arm64 c com.apple.compilers.llvm.clang.1_0.compiler (in target 'cmark-gfm' from project 'cmark-gfm')
    cd /Users/runner/work/orbit/orbit/.ipad-probe/IpadProbe.xcodeproj
    
    Using response file: /Users/runner/work/orbit/orbit/.ipad-probe/.dd/Build/Intermediates.noindex/cmark-gfm.build/Debug-iphonesimulator/cmark-gfm.build/Objects-normal/arm64/7187679823f38a2a940e0043cdf9d637-common-args.resp
    
    /Applications/Xcode_26.6.app/Contents/Developer/Toolchains/XcodeDefault.xctoolchain/usr/bin/clang -x c -ivfsstatcache /Users/runner/work/orbit/orbit/.ipad-probe/.dd/SDKStatCaches.noindex/iphonesimulator26.5-23F81a-688ef53f1462e2c8f657fdc38a81448ff45c64a1807a658693f2a61704f17a36.sdkstatcache -target arm64-apple-ios12.0-simulator -fmessage-length\=0 -fdiagnostics-show-note-include-stack -fmacro-backtrace-limit\=0 -fno-color-diagnostics -fmodules-prune-interval\=86400 -fmodules-prune-after\=345600 -fbuild-session-file\=/Users/runner/work/orbit/orbit/.ipad-probe/.dd/ModuleCache.noindex/Session.modulevalidation -fmodules-validate-once-per-build-session -Wnon-modular-include-in-framework-module -Werror\=non-modular-include-in-framework-module -Wno-trigraphs -Wno-missing-field-initializers -Wno-missing-prototypes -Wno-return-type -Wno-missing-braces -Wparentheses -Wswitch -Wno-unused-function -Wno-unused-label -Wno-unused-parameter -Wno-unused-variable -Wunused-value -Wno-empty-body -Wno-uninitialized -Wno-unknown-pragmas -w -Wno-shadow -Wno-four-char-constants -Wno-conversion -Wno-constant-conversion -Wno-int-conversion -Wno-bool-conversion -Wno-enum-conversion -Wno-float-conversion -Wno-non-literal-null-conversion -Wno-objc-literal-conversion -Wshorten-64-to-32 -Wpointer-sign -Wno-newline-eof -Wno-implicit-fallthrough -isysroot /Applications/Xcode_26.6.app/Contents/Developer/Platforms/iPhoneSimulator.platform/Developer/SDKs/iPhoneSimulator26.5.sdk -fstrict-aliasing -Wdeprecated-declarations -Wno-sign-conversion -Wno-infinite-recursion -Wno-comma -Wno-block-capture-autoreleasing -Wno-strict-prototypes -Wno-semicolon-before-method-body -index-store-path /Users/runner/work/orbit/orbit/.ipad-probe/.dd/Index.noindex/DataStore @/Users/runner/work/orbit/orbit/.ipad-probe/.dd/Build/Intermediates.noindex/cmark-gfm.build/Debug-iphonesimulator/cmark-gfm.build/Objects-normal/arm64/7187679823f38a2a940e0043cdf9d637-common-args.resp -MMD -MT dependencies -MF /Users/runner/work/orbit/orbit/.ipad-probe/.dd/Build/Intermediates.noindex/cmark-gfm.build/Debug-iphonesimulator/cmark-gfm.build/Objects-normal/arm64/registry.d --serialize-diagnostics /Users/runner/work/orbit/orbit/.ipad-probe/.dd/Build/Intermediates.noindex/cmark-gfm.build/Debug-iphonesimulator/cmark-gfm.build/Objects-normal/arm64/registry.dia -c /Users/runner/work/orbit/orbit/.ipad-probe/.dd/SourcePackages/checkouts/swift-cmark/src/registry.c -o /Users/runner/work/orbit/orbit/.ipad-probe/.dd/Build/Intermediates.noindex/cmark-gfm.build/Debug-iphonesimulator/cmark-gfm.build/Objects-normal/arm64/registry.o -index-unit-output-path /cmark-gfm.build/Debug-iphonesimulator/cmark-gfm.build/Objects-normal/arm64/registry.o

CompileC /Users/runner/work/orbit/orbit/.ipad-probe/.dd/Build/Intermediates.noindex/cmark-gfm.build/Debug-iphonesimulator/cmark-gfm.build/Objects-normal/arm64/references.o /Users/runner/work/orbit/orbit/.ipad-probe/.dd/SourcePackages/checkouts/swift-cmark/src/references.c normal arm64 c com.apple.compilers.llvm.clang.1_0.compiler (in target 'cmark-gfm' from project 'cmark-gfm')
    cd /Users/runner/work/orbit/orbit/.ipad-probe/IpadProbe.xcodeproj
    
    Using response file: /Users/runner/work/orbit/orbit/.ipad-probe/.dd/Build/Intermediates.noindex/cmark-gfm.build/Debug-iphonesimulator/cmark-gfm.build/Objects-normal/arm64/7187679823f38a2a940e0043cdf9d637-common-args.resp
    
    /Applications/Xcode_26.6.app/Contents/Developer/Toolchains/XcodeDefault.xctoolchain/usr/bin/clang -x c -ivfsstatcache /Users/runner/work/orbit/orbit/.ipad-probe/.dd/SDKStatCaches.noindex/iphonesimulator26.5-23F81a-688ef53f1462e2c8f657fdc38a81448ff45c64a1807a658693f2a61704f17a36.sdkstatcache -target arm64-apple-ios12.0-simulator -fmessage-length\=0 -fdiagnostics-show-note-include-stack -fmacro-backtrace-limit\=0 -fno-color-diagnostics -fmodules-prune-interval\=86400 -fmodules-prune-after\=345600 -fbuild-session-file\=/Users/runner/work/orbit/orbit/.ipad-probe/.dd/ModuleCache.noindex/Session.modulevalidation -fmodules-validate-once-per-build-session -Wnon-modular-include-in-framework-module -Werror\=non-modular-include-in-framework-module -Wno-trigraphs -Wno-missing-field-initializers -Wno-missing-prototypes -Wno-return-type -Wno-missing-braces -Wparentheses -Wswitch -Wno-unused-function -Wno-unused-label -Wno-unused-parameter -Wno-unused-variable -Wunused-value -Wno-empty-body -Wno-uninitialized -Wno-unknown-pragmas -w -Wno-shadow -Wno-four-char-constants -Wno-conversion -Wno-constant-conversion -Wno-int-conversion -Wno-bool-conversion -Wno-enum-conversion -Wno-float-conversion -Wno-non-literal-null-conversion -Wno-objc-literal-conversion -Wshorten-64-to-32 -Wpointer-sign -Wno-newline-eof -Wno-implicit-fallthrough -isysroot /Applications/Xcode_26.6.app/Contents/Developer/Platforms/iPhoneSimulator.platform/Developer/SDKs/iPhoneSimulator26.5.sdk -fstrict-aliasing -Wdeprecated-declarations -Wno-sign-conversion -Wno-infinite-recursion -Wno-comma -Wno-block-capture-autoreleasing -Wno-strict-prototypes -Wno-semicolon-before-method-body -index-store-path /Users/runner/work/orbit/orbit/.ipad-probe/.dd/Index.noindex/DataStore @/Users/runner/work/orbit/orbit/.ipad-probe/.dd/Build/Intermediates.noindex/cmark-gfm.build/Debug-iphonesimulator/cmark-gfm.build/Objects-normal/arm64/7187679823f38a2a940e0043cdf9d637-common-args.resp -MMD -MT dependencies -MF /Users/runner/work/orbit/orbit/.ipad-probe/.dd/Build/Intermediates.noindex/cmark-gfm.build/Debug-iphonesimulator/cmark-gfm.build/Objects-normal/arm64/references.d --serialize-diagnostics /Users/runner/work/orbit/orbit/.ipad-probe/.dd/Build/Intermediates.noindex/cmark-gfm.build/Debug-iphonesimulator/cmark-gfm.build/Objects-normal/arm64/references.dia -c /Users/runner/work/orbit/orbit/.ipad-probe/.dd/SourcePackages/checkouts/swift-cmark/src/references.c -o /Users/runner/work/orbit/orbit/.ipad-probe/.dd/Build/Intermediates.noindex/cmark-gfm.build/Debug-iphonesimulator/cmark-gfm.build/Objects-normal/arm64/references.o -index-unit-output-path /cmark-gfm.build/Debug-iphonesimulator/cmark-gfm.build/Objects-normal/arm64/references.o

SwiftExplicitDependencyGeneratePcm arm64 /Users/runner/work/orbit/orbit/.ipad-probe/.dd/ModuleCache.noindex/_DarwinFoundation2-DDBMDJJ2JCKD8W3R4KN6COECW.pcm

SwiftExplicitDependencyGeneratePcm arm64 /Users/runner/work/orbit/orbit/.ipad-probe/.dd/ModuleCache.noindex/_Builtin_limits-DKH7813PGS03B9BTPANSJ0Q9W.pcm

CompileC /Users/runner/work/orbit/orbit/.ipad-probe/.dd/Build/Intermediates.noindex/cmark-gfm.build/Debug-iphonesimulator/cmark-gfm.build/Objects-normal/arm64/plugin.o /Users/runner/work/orbit/orbit/.ipad-probe/.dd/SourcePackages/checkouts/swift-cmark/src/plugin.c normal arm64 c com.apple.compilers.llvm.clang.1_0.compiler (in target 'cmark-gfm' from project 'cmark-gfm')
    cd /Users/runner/work/orbit/orbit/.ipad-probe/IpadProbe.xcodeproj
    
    Using response file: /Users/runner/work/orbit/orbit/.ipad-probe/.dd/Build/Intermediates.noindex/cmark-gfm.build/Debug-iphonesimulator/cmark-gfm.build/Objects-normal/arm64/7187679823f38a2a940e0043cdf9d637-common-args.resp
    
    /Applications/Xcode_26.6.app/Contents/Developer/Toolchains/XcodeDefault.xctoolchain/usr/bin/clang -x c -ivfsstatcache /Users/runner/work/orbit/orbit/.ipad-probe/.dd/SDKStatCaches.noindex/iphonesimulator26.5-23F81a-688ef53f1462e2c8f657fdc38a81448ff45c64a1807a658693f2a61704f17a36.sdkstatcache -target arm64-apple-ios12.0-simulator -fmessage-length\=0 -fdiagnostics-show-note-include-stack -fmacro-backtrace-limit\=0 -fno-color-diagnostics -fmodules-prune-interval\=86400 -fmodules-prune-after\=345600 -fbuild-session-file\=/Users/runner/work/orbit/orbit/.ipad-probe/.dd/ModuleCache.noindex/Session.modulevalidation -fmodules-validate-once-per-build-session -Wnon-modular-include-in-framework-module -Werror\=non-modular-include-in-framework-module -Wno-trigraphs -Wno-missing-field-initializers -Wno-missing-prototypes -Wno-return-type -Wno-missing-braces -Wparentheses -Wswitch -Wno-unused-function -Wno-unused-label -Wno-unused-parameter -Wno-unused-variable -Wunused-value -Wno-empty-body -Wno-uninitialized -Wno-unknown-pragmas -w -Wno-shadow -Wno-four-char-constants -Wno-conversion -Wno-constant-conversion -Wno-int-conversion -Wno-bool-conversion -Wno-enum-conversion -Wno-float-conversion -Wno-non-literal-null-conversion -Wno-objc-literal-conversion -Wshorten-64-to-32 -Wpointer-sign -Wno-newline-eof -Wno-implicit-fallthrough -isysroot /Applications/Xcode_26.6.app/Contents/Developer/Platforms/iPhoneSimulator.platform/Developer/SDKs/iPhoneSimulator26.5.sdk -fstrict-aliasing -Wdeprecated-declarations -Wno-sign-conversion -Wno-infinite-recursion -Wno-comma -Wno-block-capture-autoreleasing -Wno-strict-prototypes -Wno-semicolon-before-method-body -index-store-path /Users/runner/work/orbit/orbit/.ipad-probe/.dd/Index.noindex/DataStore @/Users/runner/work/orbit/orbit/.ipad-probe/.dd/Build/Intermediates.noindex/cmark-gfm.build/Debug-iphonesimulator/cmark-gfm.build/Objects-normal/arm64/7187679823f38a2a940e0043cdf9d637-common-args.resp -MMD -MT dependencies -MF /Users/runner/work/orbit/orbit/.ipad-probe/.dd/Build/Intermediates.noindex/cmark-gfm.build/Debug-iphonesimulator/cmark-gfm.build/Objects-normal/arm64/plugin.d --serialize-diagnostics /Users/runner/work/orbit/orbit/.ipad-probe/.dd/Build/Intermediates.noindex/cmark-gfm.build/Debug-iphonesimulator/cmark-gfm.build/Objects-normal/arm64/plugin.dia -c /Users/runner/work/orbit/orbit/.ipad-probe/.dd/SourcePackages/checkouts/swift-cmark/src/plugin.c -o /Users/runner/work/orbit/orbit/.ipad-probe/.dd/Build/Intermediates.noindex/cmark-gfm.build/Debug-iphonesimulator/cmark-gfm.build/Objects-normal/arm64/plugin.o -index-unit-output-path /cmark-gfm.build/Debug-iphonesimulator/cmark-gfm.build/Objects-normal/arm64/plugin.o

CompileC /Users/runner/work/orbit/orbit/.ipad-probe/.dd/Build/Intermediates.noindex/cmark-gfm.build/Debug-iphonesimulator/cmark-gfm.build/Objects-normal/arm64/plaintext.o /Users/runner/work/orbit/orbit/.ipad-probe/.dd/SourcePackages/checkouts/swift-cmark/src/plaintext.c normal arm64 c com.apple.compilers.llvm.clang.1_0.compiler (in target 'cmark-gfm' from project 'cmark-gfm')
    cd /Users/runner/work/orbit/orbit/.ipad-probe/IpadProbe.xcodeproj
    
    Using response file: /Users/runner/work/orbit/orbit/.ipad-probe/.dd/Build/Intermediates.noindex/cmark-gfm.build/Debug-iphonesimulator/cmark-gfm.build/Objects-normal/arm64/7187679823f38a2a940e0043cdf9d637-common-args.resp
    
    /Applications/Xcode_26.6.app/Contents/Developer/Toolchains/XcodeDefault.xctoolchain/usr/bin/clang -x c -ivfsstatcache /Users/runner/work/orbit/orbit/.ipad-probe/.dd/SDKStatCaches.noindex/iphonesimulator26.5-23F81a-688ef53f1462e2c8f657fdc38a81448ff45c64a1807a658693f2a61704f17a36.sdkstatcache -target arm64-apple-ios12.0-simulator -fmessage-length\=0 -fdiagnostics-show-note-include-stack -fmacro-backtrace-limit\=0 -fno-color-diagnostics -fmodules-prune-interval\=86400 -fmodules-prune-after\=345600 -fbuild-session-file\=/Users/runner/work/orbit/orbit/.ipad-probe/.dd/ModuleCache.noindex/Session.modulevalidation -fmodules-validate-once-per-build-session -Wnon-modular-include-in-framework-module -Werror\=non-modular-include-in-framework-module -Wno-trigraphs -Wno-missing-field-initializers -Wno-missing-prototypes -Wno-return-type -Wno-missing-braces -Wparentheses -Wswitch -Wno-unused-function -Wno-unused-label -Wno-unused-parameter -Wno-unused-variable -Wunused-value -Wno-empty-body -Wno-uninitialized -Wno-unknown-pragmas -w -Wno-shadow -Wno-four-char-constants -Wno-conversion -Wno-constant-conversion -Wno-int-conversion -Wno-bool-conversion -Wno-enum-conversion -Wno-float-conversion -Wno-non-literal-null-conversion -Wno-objc-literal-conversion -Wshorten-64-to-32 -Wpointer-sign -Wno-newline-eof -Wno-implicit-fallthrough -isysroot /Applications/Xcode_26.6.app/Contents/Developer/Platforms/iPhoneSimulator.platform/Developer/SDKs/iPhoneSimulator26.5.sdk -fstrict-aliasing -Wdeprecated-declarations -Wno-sign-conversion -Wno-infinite-recursion -Wno-comma -Wno-block-capture-autoreleasing -Wno-strict-prototypes -Wno-semicolon-before-method-body -index-store-path /Users/runner/work/orbit/orbit/.ipad-probe/.dd/Index.noindex/DataStore @/Users/runner/work/orbit/orbit/.ipad-probe/.dd/Build/Intermediates.noindex/cmark-gfm.build/Debug-iphonesimulator/cmark-gfm.build/Objects-normal/arm64/7187679823f38a2a940e0043cdf9d637-common-args.resp -MMD -MT dependencies -MF /Users/runner/work/orbit/orbit/.ipad-probe/.dd/Build/Intermediates.noindex/cmark-gfm.build/Debug-iphonesimulator/cmark-gfm.build/Objects-normal/arm64/plaintext.d --serialize-diagnostics /Users/runner/work/orbit/orbit/.ipad-probe/.dd/Build/Intermediates.noindex/cmark-gfm.build/Debug-iphonesimulator/cmark-gfm.build/Objects-normal/arm64/plaintext.dia -c /Users/runner/work/orbit/orbit/.ipad-probe/.dd/SourcePackages/checkouts/swift-cmark/src/plaintext.c -o /Users/runner/work/orbit/orbit/.ipad-probe/.dd/Build/Intermediates.noindex/cmark-gfm.build/Debug-iphonesimulator/cmark-gfm.build/Objects-normal/arm64/plaintext.o -index-unit-output-path /cmark-gfm.build/Debug-iphonesimulator/cmark-gfm.build/Objects-normal/arm64/plaintext.o

CompileC /Users/runner/work/orbit/orbit/.ipad-probe/.dd/Build/Intermediates.noindex/cmark-gfm.build/Debug-iphonesimulator/cmark-gfm.build/Objects-normal/arm64/node.o /Users/runner/work/orbit/orbit/.ipad-probe/.dd/SourcePackages/checkouts/swift-cmark/src/node.c normal arm64 c com.apple.compilers.llvm.clang.1_0.compiler (in target 'cmark-gfm' from project 'cmark-gfm')
    cd /Users/runner/work/orbit/orbit/.ipad-probe/IpadProbe.xcodeproj
    
    Using response file: /Users/runner/work/orbit/orbit/.ipad-probe/.dd/Build/Intermediates.noindex/cmark-gfm.build/Debug-iphonesimulator/cmark-gfm.build/Objects-normal/arm64/7187679823f38a2a940e0043cdf9d637-common-args.resp
    
    /Applications/Xcode_26.6.app/Contents/Developer/Toolchains/XcodeDefault.xctoolchain/usr/bin/clang -x c -ivfsstatcache /Users/runner/work/orbit/orbit/.ipad-probe/.dd/SDKStatCaches.noindex/iphonesimulator26.5-23F81a-688ef53f1462e2c8f657fdc38a81448ff45c64a1807a658693f2a61704f17a36.sdkstatcache -target arm64-apple-ios12.0-simulator -fmessage-length\=0 -fdiagnostics-show-note-include-stack -fmacro-backtrace-limit\=0 -fno-color-diagnostics -fmodules-prune-interval\=86400 -fmodules-prune-after\=345600 -fbuild-session-file\=/Users/runner/work/orbit/orbit/.ipad-probe/.dd/ModuleCache.noindex/Session.modulevalidation -fmodules-validate-once-per-build-session -Wnon-modular-include-in-framework-module -Werror\=non-modular-include-in-framework-module -Wno-trigraphs -Wno-missing-field-initializers -Wno-missing-prototypes -Wno-return-type -Wno-missing-braces -Wparentheses -Wswitch -Wno-unused-function -Wno-unused-label -Wno-unused-parameter -Wno-unused-variable -Wunused-value -Wno-empty-body -Wno-uninitialized -Wno-unknown-pragmas -w -Wno-shadow -Wno-four-char-constants -Wno-conversion -Wno-constant-conversion -Wno-int-conversion -Wno-bool-conversion -Wno-enum-conversion -Wno-float-conversion -Wno-non-literal-null-conversion -Wno-objc-literal-conversion -Wshorten-64-to-32 -Wpointer-sign -Wno-newline-eof -Wno-implicit-fallthrough -isysroot /Applications/Xcode_26.6.app/Contents/Developer/Platforms/iPhoneSimulator.platform/Developer/SDKs/iPhoneSimulator26.5.sdk -fstrict-aliasing -Wdeprecated-declarations -Wno-sign-conversion -Wno-infinite-recursion -Wno-comma -Wno-block-capture-autoreleasing -Wno-strict-prototypes -Wno-semicolon-before-method-body -index-store-path /Users/runner/work/orbit/orbit/.ipad-probe/.dd/Index.noindex/DataStore @/Users/runner/work/orbit/orbit/.ipad-probe/.dd/Build/Intermediates.noindex/cmark-gfm.build/Debug-iphonesimulator/cmark-gfm.build/Objects-normal/arm64/7187679823f38a2a940e0043cdf9d637-common-args.resp -MMD -MT dependencies -MF /Users/runner/work/orbit/orbit/.ipad-probe/.dd/Build/Intermediates.noindex/cmark-gfm.build/Debug-iphonesimulator/cmark-gfm.build/Objects-normal/arm64/node.d --serialize-diagnostics /Users/runner/work/orbit/orbit/.ipad-probe/.dd/Build/Intermediates.noindex/cmark-gfm.build/Debug-iphonesimulator/cmark-gfm.build/Objects-normal/arm64/node.dia -c /Users/runner/work/orbit/orbit/.ipad-probe/.dd/SourcePackages/checkouts/swift-cmark/src/node.c -o /Users/runner/work/orbit/orbit/.ipad-probe/.dd/Build/Intermediates.noindex/cmark-gfm.build/Debug-iphonesimulator/cmark-gfm.build/Objects-normal/arm64/node.o -index-unit-output-path /cmark-gfm.build/Debug-iphonesimulator/cmark-gfm.build/Objects-normal/arm64/node.o

SwiftExplicitDependencyGeneratePcm arm64 /Users/runner/work/orbit/orbit/.ipad-probe/.dd/ModuleCache.noindex/sys_types-EGE2Z89QXMJS74Y4O1X9Z9P09.pcm

SwiftExplicitDependencyGeneratePcm arm64 /Users/runner/work/orbit/orbit/.ipad-probe/.dd/ModuleCache.noindex/_Builtin_stdint-406OQDCQSD5KT1YP5KZV44416.pcm

CompileC /Users/runner/work/orbit/orbit/.ipad-probe/.dd/Build/Intermediates.noindex/cmark-gfm.build/Debug-iphonesimulator/cmark-gfm.build/Objects-normal/arm64/map.o /Users/runner/work/orbit/orbit/.ipad-probe/.dd/SourcePackages/checkouts/swift-cmark/src/map.c normal arm64 c com.apple.compilers.llvm.clang.1_0.compiler (in target 'cmark-gfm' from project 'cmark-gfm')
    cd /Users/runner/work/orbit/orbit/.ipad-probe/IpadProbe.xcodeproj
    
    Using response file: /Users/runner/work/orbit/orbit/.ipad-probe/.dd/Build/Intermediates.noindex/cmark-gfm.build/Debug-iphonesimulator/cmark-gfm.build/Objects-normal/arm64/7187679823f38a2a940e0043cdf9d637-common-args.resp
    
    /Applications/Xcode_26.6.app/Contents/Developer/Toolchains/XcodeDefault.xctoolchain/usr/bin/clang -x c -ivfsstatcache /Users/runner/work/orbit/orbit/.ipad-probe/.dd/SDKStatCaches.noindex/iphonesimulator26.5-23F81a-688ef53f1462e2c8f657fdc38a81448ff45c64a1807a658693f2a61704f17a36.sdkstatcache -target arm64-apple-ios12.0-simulator -fmessage-length\=0 -fdiagnostics-show-note-include-stack -fmacro-backtrace-limit\=0 -fno-color-diagnostics -fmodules-prune-interval\=86400 -fmodules-prune-after\=345600 -fbuild-session-file\=/Users/runner/work/orbit/orbit/.ipad-probe/.dd/ModuleCache.noindex/Session.modulevalidation -fmodules-validate-once-per-build-session -Wnon-modular-include-in-framework-module -Werror\=non-modular-include-in-framework-module -Wno-trigraphs -Wno-missing-field-initializers -Wno-missing-prototypes -Wno-return-type -Wno-missing-braces -Wparentheses -Wswitch -Wno-unused-function -Wno-unused-label -Wno-unused-parameter -Wno-unused-variable -Wunused-value -Wno-empty-body -Wno-uninitialized -Wno-unknown-pragmas -w -Wno-shadow -Wno-four-char-constants -Wno-conversion -Wno-constant-conversion -Wno-int-conversion -Wno-bool-conversion -Wno-enum-conversion -Wno-float-conversion -Wno-non-literal-null-conversion -Wno-objc-literal-conversion -Wshorten-64-to-32 -Wpointer-sign -Wno-newline-eof -Wno-implicit-fallthrough -isysroot /Applications/Xcode_26.6.app/Contents/Developer/Platforms/iPhoneSimulator.platform/Developer/SDKs/iPhoneSimulator26.5.sdk -fstrict-aliasing -Wdeprecated-declarations -Wno-sign-conversion -Wno-infinite-recursion -Wno-comma -Wno-block-capture-autoreleasing -Wno-strict-prototypes -Wno-semicolon-before-method-body -index-store-path /Users/runner/work/orbit/orbit/.ipad-probe/.dd/Index.noindex/DataStore @/Users/runner/work/orbit/orbit/.ipad-probe/.dd/Build/Intermediates.noindex/cmark-gfm.build/Debug-iphonesimulator/cmark-gfm.build/Objects-normal/arm64/7187679823f38a2a940e0043cdf9d637-common-args.resp -MMD -MT dependencies -MF /Users/runner/work/orbit/orbit/.ipad-probe/.dd/Build/Intermediates.noindex/cmark-gfm.build/Debug-iphonesimulator/cmark-gfm.build/Objects-normal/arm64/map.d --serialize-diagnostics /Users/runner/work/orbit/orbit/.ipad-probe/.dd/Build/Intermediates.noindex/cmark-gfm.build/Debug-iphonesimulator/cmark-gfm.build/Objects-normal/arm64/map.dia -c /Users/runner/work/orbit/orbit/.ipad-probe/.dd/SourcePackages/checkouts/swift-cmark/src/map.c -o /Users/runner/work/orbit/orbit/.ipad-probe/.dd/Build/Intermediates.noindex/cmark-gfm.build/Debug-iphonesimulator/cmark-gfm.build/Objects-normal/arm64/map.o -index-unit-output-path /cmark-gfm.build/Debug-iphonesimulator/cmark-gfm.build/Objects-normal/arm64/map.o

CompileC /Users/runner/work/orbit/orbit/.ipad-probe/.dd/Build/Intermediates.noindex/cmark-gfm.build/Debug-iphonesimulator/cmark-gfm.build/Objects-normal/arm64/man.o /Users/runner/work/orbit/orbit/.ipad-probe/.dd/SourcePackages/checkouts/swift-cmark/src/man.c normal arm64 c com.apple.compilers.llvm.clang.1_0.compiler (in target 'cmark-gfm' from project 'cmark-gfm')
    cd /Users/runner/work/orbit/orbit/.ipad-probe/IpadProbe.xcodeproj
    
    Using response file: /Users/runner/work/orbit/orbit/.ipad-probe/.dd/Build/Intermediates.noindex/cmark-gfm.build/Debug-iphonesimulator/cmark-gfm.build/Objects-normal/arm64/7187679823f38a2a940e0043cdf9d637-common-args.resp
    
    /Applications/Xcode_26.6.app/Contents/Developer/Toolchains/XcodeDefault.xctoolchain/usr/bin/clang -x c -ivfsstatcache /Users/runner/work/orbit/orbit/.ipad-probe/.dd/SDKStatCaches.noindex/iphonesimulator26.5-23F81a-688ef53f1462e2c8f657fdc38a81448ff45c64a1807a658693f2a61704f17a36.sdkstatcache -target arm64-apple-ios12.0-simulator -fmessage-length\=0 -fdiagnostics-show-note-include-stack -fmacro-backtrace-limit\=0 -fno-color-diagnostics -fmodules-prune-interval\=86400 -fmodules-prune-after\=345600 -fbuild-session-file\=/Users/runner/work/orbit/orbit/.ipad-probe/.dd/ModuleCache.noindex/Session.modulevalidation -fmodules-validate-once-per-build-session -Wnon-modular-include-in-framework-module -Werror\=non-modular-include-in-framework-module -Wno-trigraphs -Wno-missing-field-initializers -Wno-missing-prototypes -Wno-return-type -Wno-missing-braces -Wparentheses -Wswitch -Wno-unused-function -Wno-unused-label -Wno-unused-parameter -Wno-unused-variable -Wunused-value -Wno-empty-body -Wno-uninitialized -Wno-unknown-pragmas -w -Wno-shadow -Wno-four-char-constants -Wno-conversion -Wno-constant-conversion -Wno-int-conversion -Wno-bool-conversion -Wno-enum-conversion -Wno-float-conversion -Wno-non-literal-null-conversion -Wno-objc-literal-conversion -Wshorten-64-to-32 -Wpointer-sign -Wno-newline-eof -Wno-implicit-fallthrough -isysroot /Applications/Xcode_26.6.app/Contents/Developer/Platforms/iPhoneSimulator.platform/Developer/SDKs/iPhoneSimulator26.5.sdk -fstrict-aliasing -Wdeprecated-declarations -Wno-sign-conversion -Wno-infinite-recursion -Wno-comma -Wno-block-capture-autoreleasing -Wno-strict-prototypes -Wno-semicolon-before-method-body -index-store-path /Users/runner/work/orbit/orbit/.ipad-probe/.dd/Index.noindex/DataStore @/Users/runner/work/orbit/orbit/.ipad-probe/.dd/Build/Intermediates.noindex/cmark-gfm.build/Debug-iphonesimulator/cmark-gfm.build/Objects-normal/arm64/7187679823f38a2a940e0043cdf9d637-common-args.resp -MMD -MT dependencies -MF /Users/runner/work/orbit/orbit/.ipad-probe/.dd/Build/Intermediates.noindex/cmark-gfm.build/Debug-iphonesimulator/cmark-gfm.build/Objects-normal/arm64/man.d --serialize-diagnostics /Users/runner/work/orbit/orbit/.ipad-probe/.dd/Build/Intermediates.noindex/cmark-gfm.build/Debug-iphonesimulator/cmark-gfm.build/Objects-normal/arm64/man.dia -c /Users/runner/work/orbit/orbit/.ipad-probe/.dd/SourcePackages/checkouts/swift-cmark/src/man.c -o /Users/runner/work/orbit/orbit/.ipad-probe/.dd/Build/Intermediates.noindex/cmark-gfm.build/Debug-iphonesimulator/cmark-gfm.build/Objects-normal/arm64/man.o -index-unit-output-path /cmark-gfm.build/Debug-iphonesimulator/cmark-gfm.build/Objects-normal/arm64/man.o

CompileC /Users/runner/work/orbit/orbit/.ipad-probe/.dd/Build/Intermediates.noindex/cmark-gfm.build/Debug-iphonesimulator/cmark-gfm.build/Objects-normal/arm64/linked_list.o /Users/runner/work/orbit/orbit/.ipad-probe/.dd/SourcePackages/checkouts/swift-cmark/src/linked_list.c normal arm64 c com.apple.compilers.llvm.clang.1_0.compiler (in target 'cmark-gfm' from project 'cmark-gfm')
    cd /Users/runner/work/orbit/orbit/.ipad-probe/IpadProbe.xcodeproj
    
    Using response file: /Users/runner/work/orbit/orbit/.ipad-probe/.dd/Build/Intermediates.noindex/cmark-gfm.build/Debug-iphonesimulator/cmark-gfm.build/Objects-normal/arm64/7187679823f38a2a940e0043cdf9d637-common-args.resp
    
    /Applications/Xcode_26.6.app/Contents/Developer/Toolchains/XcodeDefault.xctoolchain/usr/bin/clang -x c -ivfsstatcache /Users/runner/work/orbit/orbit/.ipad-probe/.dd/SDKStatCaches.noindex/iphonesimulator26.5-23F81a-688ef53f1462e2c8f657fdc38a81448ff45c64a1807a658693f2a61704f17a36.sdkstatcache -target arm64-apple-ios12.0-simulator -fmessage-length\=0 -fdiagnostics-show-note-include-stack -fmacro-backtrace-limit\=0 -fno-color-diagnostics -fmodules-prune-interval\=86400 -fmodules-prune-after\=345600 -fbuild-session-file\=/Users/runner/work/orbit/orbit/.ipad-probe/.dd/ModuleCache.noindex/Session.modulevalidation -fmodules-validate-once-per-build-session -Wnon-modular-include-in-framework-module -Werror\=non-modular-include-in-framework-module -Wno-trigraphs -Wno-missing-field-initializers -Wno-missing-prototypes -Wno-return-type -Wno-missing-braces -Wparentheses -Wswitch -Wno-unused-function -Wno-unused-label -Wno-unused-parameter -Wno-unused-variable -Wunused-value -Wno-empty-body -Wno-uninitialized -Wno-unknown-pragmas -w -Wno-shadow -Wno-four-char-constants -Wno-conversion -Wno-constant-conversion -Wno-int-conversion -Wno-bool-conversion -Wno-enum-conversion -Wno-float-conversion -Wno-non-literal-null-conversion -Wno-objc-literal-conversion -Wshorten-64-to-32 -Wpointer-sign -Wno-newline-eof -Wno-implicit-fallthrough -isysroot /Applications/Xcode_26.6.app/Contents/Developer/Platforms/iPhoneSimulator.platform/Developer/SDKs/iPhoneSimulator26.5.sdk -fstrict-aliasing -Wdeprecated-declarations -Wno-sign-conversion -Wno-infinite-recursion -Wno-comma -Wno-block-capture-autoreleasing -Wno-strict-prototypes -Wno-semicolon-before-method-body -index-store-path /Users/runner/work/orbit/orbit/.ipad-probe/.dd/Index.noindex/DataStore @/Users/runner/work/orbit/orbit/.ipad-probe/.dd/Build/Intermediates.noindex/cmark-gfm.build/Debug-iphonesimulator/cmark-gfm.build/Objects-normal/arm64/7187679823f38a2a940e0043cdf9d637-common-args.resp -MMD -MT dependencies -MF /Users/runner/work/orbit/orbit/.ipad-probe/.dd/Build/Intermediates.noindex/cmark-gfm.build/Debug-iphonesimulator/cmark-gfm.build/Objects-normal/arm64/linked_list.d --serialize-diagnostics /Users/runner/work/orbit/orbit/.ipad-probe/.dd/Build/Intermediates.noindex/cmark-gfm.build/Debug-iphonesimulator/cmark-gfm.build/Objects-normal/arm64/linked_list.dia -c /Users/runner/work/orbit/orbit/.ipad-probe/.dd/SourcePackages/checkouts/swift-cmark/src/linked_list.c -o /Users/runner/work/orbit/orbit/.ipad-probe/.dd/Build/Intermediates.noindex/cmark-gfm.build/Debug-iphonesimulator/cmark-gfm.build/Objects-normal/arm64/linked_list.o -index-unit-output-path /cmark-gfm.build/Debug-iphonesimulator/cmark-gfm.build/Objects-normal/arm64/linked_list.o

SwiftExplicitDependencyGeneratePcm arm64 /Users/runner/work/orbit/orbit/.ipad-probe/.dd/Build/Intermediates.noindex/SwiftExplicitPrecompiledModules/CAtomic-7Z0A59LL60WF5K3IUBCT8J8FF.pcm

SwiftExplicitDependencyGeneratePcm arm64 /Users/runner/work/orbit/orbit/.ipad-probe/.dd/ModuleCache.noindex/_DarwinFoundation3-99IH80EWOAPE2TR9GBSK8AJ5F.pcm

CompileC /Users/runner/work/orbit/orbit/.ipad-probe/.dd/Build/Intermediates.noindex/cmark-gfm.build/Debug-iphonesimulator/cmark-gfm.build/Objects-normal/arm64/latex.o /Users/runner/work/orbit/orbit/.ipad-probe/.dd/SourcePackages/checkouts/swift-cmark/src/latex.c normal arm64 c com.apple.compilers.llvm.clang.1_0.compiler (in target 'cmark-gfm' from project 'cmark-gfm')
    cd /Users/runner/work/orbit/orbit/.ipad-probe/IpadProbe.xcodeproj
    
    Using response file: /Users/runner/work/orbit/orbit/.ipad-probe/.dd/Build/Intermediates.noindex/cmark-gfm.build/Debug-iphonesimulator/cmark-gfm.build/Objects-normal/arm64/7187679823f38a2a940e0043cdf9d637-common-args.resp
    
    /Applications/Xcode_26.6.app/Contents/Developer/Toolchains/XcodeDefault.xctoolchain/usr/bin/clang -x c -ivfsstatcache /Users/runner/work/orbit/orbit/.ipad-probe/.dd/SDKStatCaches.noindex/iphonesimulator26.5-23F81a-688ef53f1462e2c8f657fdc38a81448ff45c64a1807a658693f2a61704f17a36.sdkstatcache -target arm64-apple-ios12.0-simulator -fmessage-length\=0 -fdiagnostics-show-note-include-stack -fmacro-backtrace-limit\=0 -fno-color-diagnostics -fmodules-prune-interval\=86400 -fmodules-prune-after\=345600 -fbuild-session-file\=/Users/runner/work/orbit/orbit/.ipad-probe/.dd/ModuleCache.noindex/Session.modulevalidation -fmodules-validate-once-per-build-session -Wnon-modular-include-in-framework-module -Werror\=non-modular-include-in-framework-module -Wno-trigraphs -Wno-missing-field-initializers -Wno-missing-prototypes -Wno-return-type -Wno-missing-braces -Wparentheses -Wswitch -Wno-unused-function -Wno-unused-label -Wno-unused-parameter -Wno-unused-variable -Wunused-value -Wno-empty-body -Wno-uninitialized -Wno-unknown-pragmas -w -Wno-shadow -Wno-four-char-constants -Wno-conversion -Wno-constant-conversion -Wno-int-conversion -Wno-bool-conversion -Wno-enum-conversion -Wno-float-conversion -Wno-non-literal-null-conversion -Wno-objc-literal-conversion -Wshorten-64-to-32 -Wpointer-sign -Wno-newline-eof -Wno-implicit-fallthrough -isysroot /Applications/Xcode_26.6.app/Contents/Developer/Platforms/iPhoneSimulator.platform/Developer/SDKs/iPhoneSimulator26.5.sdk -fstrict-aliasing -Wdeprecated-declarations -Wno-sign-conversion -Wno-infinite-recursion -Wno-comma -Wno-block-capture-autoreleasing -Wno-strict-prototypes -Wno-semicolon-before-method-body -index-store-path /Users/runner/work/orbit/orbit/.ipad-probe/.dd/Index.noindex/DataStore @/Users/runner/work/orbit/orbit/.ipad-probe/.dd/Build/Intermediates.noindex/cmark-gfm.build/Debug-iphonesimulator/cmark-gfm.build/Objects-normal/arm64/7187679823f38a2a940e0043cdf9d637-common-args.resp -MMD -MT dependencies -MF /Users/runner/work/orbit/orbit/.ipad-probe/.dd/Build/Intermediates.noindex/cmark-gfm.build/Debug-iphonesimulator/cmark-gfm.build/Objects-normal/arm64/latex.d --serialize-diagnostics /Users/runner/work/orbit/orbit/.ipad-probe/.dd/Build/Intermediates.noindex/cmark-gfm.build/Debug-iphonesimulator/cmark-gfm.build/Objects-normal/arm64/latex.dia -c /Users/runner/work/orbit/orbit/.ipad-probe/.dd/SourcePackages/checkouts/swift-cmark/src/latex.c -o /Users/runner/work/orbit/orbit/.ipad-probe/.dd/Build/Intermediates.noindex/cmark-gfm.build/Debug-iphonesimulator/cmark-gfm.build/Objects-normal/arm64/latex.o -index-unit-output-path /cmark-gfm.build/Debug-iphonesimulator/cmark-gfm.build/Objects-normal/arm64/latex.o

CompileC /Users/runner/work/orbit/orbit/.ipad-probe/.dd/Build/Intermediates.noindex/cmark-gfm.build/Debug-iphonesimulator/cmark-gfm.build/Objects-normal/arm64/iterator.o /Users/runner/work/orbit/orbit/.ipad-probe/.dd/SourcePackages/checkouts/swift-cmark/src/iterator.c normal arm64 c com.apple.compilers.llvm.clang.1_0.compiler (in target 'cmark-gfm' from project 'cmark-gfm')
    cd /Users/runner/work/orbit/orbit/.ipad-probe/IpadProbe.xcodeproj
    
    Using response file: /Users/runner/work/orbit/orbit/.ipad-probe/.dd/Build/Intermediates.noindex/cmark-gfm.build/Debug-iphonesimulator/cmark-gfm.build/Objects-normal/arm64/7187679823f38a2a940e0043cdf9d637-common-args.resp
    
    /Applications/Xcode_26.6.app/Contents/Developer/Toolchains/XcodeDefault.xctoolchain/usr/bin/clang -x c -ivfsstatcache /Users/runner/work/orbit/orbit/.ipad-probe/.dd/SDKStatCaches.noindex/iphonesimulator26.5-23F81a-688ef53f1462e2c8f657fdc38a81448ff45c64a1807a658693f2a61704f17a36.sdkstatcache -target arm64-apple-ios12.0-simulator -fmessage-length\=0 -fdiagnostics-show-note-include-stack -fmacro-backtrace-limit\=0 -fno-color-diagnostics -fmodules-prune-interval\=86400 -fmodules-prune-after\=345600 -fbuild-session-file\=/Users/runner/work/orbit/orbit/.ipad-probe/.dd/ModuleCache.noindex/Session.modulevalidation -fmodules-validate-once-per-build-session -Wnon-modular-include-in-framework-module -Werror\=non-modular-include-in-framework-module -Wno-trigraphs -Wno-missing-field-initializers -Wno-missing-prototypes -Wno-return-type -Wno-missing-braces -Wparentheses -Wswitch -Wno-unused-function -Wno-unused-label -Wno-unused-parameter -Wno-unused-variable -Wunused-value -Wno-empty-body -Wno-uninitialized -Wno-unknown-pragmas -w -Wno-shadow -Wno-four-char-constants -Wno-conversion -Wno-constant-conversion -Wno-int-conversion -Wno-bool-conversion -Wno-enum-conversion -Wno-float-conversion -Wno-non-literal-null-conversion -Wno-objc-literal-conversion -Wshorten-64-to-32 -Wpointer-sign -Wno-newline-eof -Wno-implicit-fallthrough -isysroot /Applications/Xcode_26.6.app/Contents/Developer/Platforms/iPhoneSimulator.platform/Developer/SDKs/iPhoneSimulator26.5.sdk -fstrict-aliasing -Wdeprecated-declarations -Wno-sign-conversion -Wno-infinite-recursion -Wno-comma -Wno-block-capture-autoreleasing -Wno-strict-prototypes -Wno-semicolon-before-method-body -index-store-path /Users/runner/work/orbit/orbit/.ipad-probe/.dd/Index.noindex/DataStore @/Users/runner/work/orbit/orbit/.ipad-probe/.dd/Build/Intermediates.noindex/cmark-gfm.build/Debug-iphonesimulator/cmark-gfm.build/Objects-normal/arm64/7187679823f38a2a940e0043cdf9d637-common-args.resp -MMD -MT dependencies -MF /Users/runner/work/orbit/orbit/.ipad-probe/.dd/Build/Intermediates.noindex/cmark-gfm.build/Debug-iphonesimulator/cmark-gfm.build/Objects-normal/arm64/iterator.d --serialize-diagnostics /Users/runner/work/orbit/orbit/.ipad-probe/.dd/Build/Intermediates.noindex/cmark-gfm.build/Debug-iphonesimulator/cmark-gfm.build/Objects-normal/arm64/iterator.dia -c /Users/runner/work/orbit/orbit/.ipad-probe/.dd/SourcePackages/checkouts/swift-cmark/src/iterator.c -o /Users/runner/work/orbit/orbit/.ipad-probe/.dd/Build/Intermediates.noindex/cmark-gfm.build/Debug-iphonesimulator/cmark-gfm.build/Objects-normal/arm64/iterator.o -index-unit-output-path /cmark-gfm.build/Debug-iphonesimulator/cmark-gfm.build/Objects-normal/arm64/iterator.o

CompileC /Users/runner/work/orbit/orbit/.ipad-probe/.dd/Build/Intermediates.noindex/cmark-gfm.build/Debug-iphonesimulator/cmark-gfm.build/Objects-normal/arm64/inlines.o /Users/runner/work/orbit/orbit/.ipad-probe/.dd/SourcePackages/checkouts/swift-cmark/src/inlines.c normal arm64 c com.apple.compilers.llvm.clang.1_0.compiler (in target 'cmark-gfm' from project 'cmark-gfm')
    cd /Users/runner/work/orbit/orbit/.ipad-probe/IpadProbe.xcodeproj
    
    Using response file: /Users/runner/work/orbit/orbit/.ipad-probe/.dd/Build/Intermediates.noindex/cmark-gfm.build/Debug-iphonesimulator/cmark-gfm.build/Objects-normal/arm64/7187679823f38a2a940e0043cdf9d637-common-args.resp
    
    /Applications/Xcode_26.6.app/Contents/Developer/Toolchains/XcodeDefault.xctoolchain/usr/bin/clang -x c -ivfsstatcache /Users/runner/work/orbit/orbit/.ipad-probe/.dd/SDKStatCaches.noindex/iphonesimulator26.5-23F81a-688ef53f1462e2c8f657fdc38a81448ff45c64a1807a658693f2a61704f17a36.sdkstatcache -target arm64-apple-ios12.0-simulator -fmessage-length\=0 -fdiagnostics-show-note-include-stack -fmacro-backtrace-limit\=0 -fno-color-diagnostics -fmodules-prune-interval\=86400 -fmodules-prune-after\=345600 -fbuild-session-file\=/Users/runner/work/orbit/orbit/.ipad-probe/.dd/ModuleCache.noindex/Session.modulevalidation -fmodules-validate-once-per-build-session -Wnon-modular-include-in-framework-module -Werror\=non-modular-include-in-framework-module -Wno-trigraphs -Wno-missing-field-initializers -Wno-missing-prototypes -Wno-return-type -Wno-missing-braces -Wparentheses -Wswitch -Wno-unused-function -Wno-unused-label -Wno-unused-parameter -Wno-unused-variable -Wunused-value -Wno-empty-body -Wno-uninitialized -Wno-unknown-pragmas -w -Wno-shadow -Wno-four-char-constants -Wno-conversion -Wno-constant-conversion -Wno-int-conversion -Wno-bool-conversion -Wno-enum-conversion -Wno-float-conversion -Wno-non-literal-null-conversion -Wno-objc-literal-conversion -Wshorten-64-to-32 -Wpointer-sign -Wno-newline-eof -Wno-implicit-fallthrough -isysroot /Applications/Xcode_26.6.app/Contents/Developer/Platforms/iPhoneSimulator.platform/Developer/SDKs/iPhoneSimulator26.5.sdk -fstrict-aliasing -Wdeprecated-declarations -Wno-sign-conversion -Wno-infinite-recursion -Wno-comma -Wno-block-capture-autoreleasing -Wno-strict-prototypes -Wno-semicolon-before-method-body -index-store-path /Users/runner/work/orbit/orbit/.ipad-probe/.dd/Index.noindex/DataStore @/Users/runner/work/orbit/orbit/.ipad-probe/.dd/Build/Intermediates.noindex/cmark-gfm.build/Debug-iphonesimulator/cmark-gfm.build/Objects-normal/arm64/7187679823f38a2a940e0043cdf9d637-common-args.resp -MMD -MT dependencies -MF /Users/runner/work/orbit/orbit/.ipad-probe/.dd/Build/Intermediates.noindex/cmark-gfm.build/Debug-iphonesimulator/cmark-gfm.build/Objects-normal/arm64/inlines.d --serialize-diagnostics /Users/runner/work/orbit/orbit/.ipad-probe/.dd/Build/Intermediates.noindex/cmark-gfm.build/Debug-iphonesimulator/cmark-gfm.build/Objects-normal/arm64/inlines.dia -c /Users/runner/work/orbit/orbit/.ipad-probe/.dd/SourcePackages/checkouts/swift-cmark/src/inlines.c -o /Users/runner/work/orbit/orbit/.ipad-probe/.dd/Build/Intermediates.noindex/cmark-gfm.build/Debug-iphonesimulator/cmark-gfm.build/Objects-normal/arm64/inlines.o -index-unit-output-path /cmark-gfm.build/Debug-iphonesimulator/cmark-gfm.build/Objects-normal/arm64/inlines.o

CompileC /Users/runner/work/orbit/orbit/.ipad-probe/.dd/Build/Intermediates.noindex/cmark-gfm.build/Debug-iphonesimulator/cmark-gfm.build/Objects-normal/arm64/html.o /Users/runner/work/orbit/orbit/.ipad-probe/.dd/SourcePackages/checkouts/swift-cmark/src/html.c normal arm64 c com.apple.compilers.llvm.clang.1_0.compiler (in target 'cmark-gfm' from project 'cmark-gfm')
    cd /Users/runner/work/orbit/orbit/.ipad-probe/IpadProbe.xcodeproj
    
    Using response file: /Users/runner/work/orbit/orbit/.ipad-probe/.dd/Build/Intermediates.noindex/cmark-gfm.build/Debug-iphonesimulator/cmark-gfm.build/Objects-normal/arm64/7187679823f38a2a940e0043cdf9d637-common-args.resp
    
    /Applications/Xcode_26.6.app/Contents/Developer/Toolchains/XcodeDefault.xctoolchain/usr/bin/clang -x c -ivfsstatcache /Users/runner/work/orbit/orbit/.ipad-probe/.dd/SDKStatCaches.noindex/iphonesimulator26.5-23F81a-688ef53f1462e2c8f657fdc38a81448ff45c64a1807a658693f2a61704f17a36.sdkstatcache -target arm64-apple-ios12.0-simulator -fmessage-length\=0 -fdiagnostics-show-note-include-stack -fmacro-backtrace-limit\=0 -fno-color-diagnostics -fmodules-prune-interval\=86400 -fmodules-prune-after\=345600 -fbuild-session-file\=/Users/runner/work/orbit/orbit/.ipad-probe/.dd/ModuleCache.noindex/Session.modulevalidation -fmodules-validate-once-per-build-session -Wnon-modular-include-in-framework-module -Werror\=non-modular-include-in-framework-module -Wno-trigraphs -Wno-missing-field-initializers -Wno-missing-prototypes -Wno-return-type -Wno-missing-braces -Wparentheses -Wswitch -Wno-unused-function -Wno-unused-label -Wno-unused-parameter -Wno-unused-variable -Wunused-value -Wno-empty-body -Wno-uninitialized -Wno-unknown-pragmas -w -Wno-shadow -Wno-four-char-constants -Wno-conversion -Wno-constant-conversion -Wno-int-conversion -Wno-bool-conversion -Wno-enum-conversion -Wno-float-conversion -Wno-non-literal-null-conversion -Wno-objc-literal-conversion -Wshorten-64-to-32 -Wpointer-sign -Wno-newline-eof -Wno-implicit-fallthrough -isysroot /Applications/Xcode_26.6.app/Contents/Developer/Platforms/iPhoneSimulator.platform/Developer/SDKs/iPhoneSimulator26.5.sdk -fstrict-aliasing -Wdeprecated-declarations -Wno-sign-conversion -Wno-infinite-recursion -Wno-comma -Wno-block-capture-autoreleasing -Wno-strict-prototypes -Wno-semicolon-before-method-body -index-store-path /Users/runner/work/orbit/orbit/.ipad-probe/.dd/Index.noindex/DataStore @/Users/runner/work/orbit/orbit/.ipad-probe/.dd/Build/Intermediates.noindex/cmark-gfm.build/Debug-iphonesimulator/cmark-gfm.build/Objects-normal/arm64/7187679823f38a2a940e0043cdf9d637-common-args.resp -MMD -MT dependencies -MF /Users/runner/work/orbit/orbit/.ipad-probe/.dd/Build/Intermediates.noindex/cmark-gfm.build/Debug-iphonesimulator/cmark-gfm.build/Objects-normal/arm64/html.d --serialize-diagnostics /Users/runner/work/orbit/orbit/.ipad-probe/.dd/Build/Intermediates.noindex/cmark-gfm.build/Debug-iphonesimulator/cmark-gfm.build/Objects-normal/arm64/html.dia -c /Users/runner/work/orbit/orbit/.ipad-probe/.dd/SourcePackages/checkouts/swift-cmark/src/html.c -o /Users/runner/work/orbit/orbit/.ipad-probe/.dd/Build/Intermediates.noindex/cmark-gfm.build/Debug-iphonesimulator/cmark-gfm.build/Objects-normal/arm64/html.o -index-unit-output-path /cmark-gfm.build/Debug-iphonesimulator/cmark-gfm.build/Objects-normal/arm64/html.o

CompileC /Users/runner/work/orbit/orbit/.ipad-probe/.dd/Build/Intermediates.noindex/cmark-gfm.build/Debug-iphonesimulator/cmark-gfm.build/Objects-normal/arm64/houdini_html_u.o /Users/runner/work/orbit/orbit/.ipad-probe/.dd/SourcePackages/checkouts/swift-cmark/src/houdini_html_u.c normal arm64 c com.apple.compilers.llvm.clang.1_0.compiler (in target 'cmark-gfm' from project 'cmark-gfm')
    cd /Users/runner/work/orbit/orbit/.ipad-probe/IpadProbe.xcodeproj
    
    Using response file: /Users/runner/work/orbit/orbit/.ipad-probe/.dd/Build/Intermediates.noindex/cmark-gfm.build/Debug-iphonesimulator/cmark-gfm.build/Objects-normal/arm64/7187679823f38a2a940e0043cdf9d637-common-args.resp
    
    /Applications/Xcode_26.6.app/Contents/Developer/Toolchains/XcodeDefault.xctoolchain/usr/bin/clang -x c -ivfsstatcache /Users/runner/work/orbit/orbit/.ipad-probe/.dd/SDKStatCaches.noindex/iphonesimulator26.5-23F81a-688ef53f1462e2c8f657fdc38a81448ff45c64a1807a658693f2a61704f17a36.sdkstatcache -target arm64-apple-ios12.0-simulator -fmessage-length\=0 -fdiagnostics-show-note-include-stack -fmacro-backtrace-limit\=0 -fno-color-diagnostics -fmodules-prune-interval\=86400 -fmodules-prune-after\=345600 -fbuild-session-file\=/Users/runner/work/orbit/orbit/.ipad-probe/.dd/ModuleCache.noindex/Session.modulevalidation -fmodules-validate-once-per-build-session -Wnon-modular-include-in-framework-module -Werror\=non-modular-include-in-framework-module -Wno-trigraphs -Wno-missing-field-initializers -Wno-missing-prototypes -Wno-return-type -Wno-missing-braces -Wparentheses -Wswitch -Wno-unused-function -Wno-unused-label -Wno-unused-parameter -Wno-unused-variable -Wunused-value -Wno-empty-body -Wno-uninitialized -Wno-unknown-pragmas -w -Wno-shadow -Wno-four-char-constants -Wno-conversion -Wno-constant-conversion -Wno-int-conversion -Wno-bool-conversion -Wno-enum-conversion -Wno-float-conversion -Wno-non-literal-null-conversion -Wno-objc-literal-conversion -Wshorten-64-to-32 -Wpointer-sign -Wno-newline-eof -Wno-implicit-fallthrough -isysroot /Applications/Xcode_26.6.app/Contents/Developer/Platforms/iPhoneSimulator.platform/Developer/SDKs/iPhoneSimulator26.5.sdk -fstrict-aliasing -Wdeprecated-declarations -Wno-sign-conversion -Wno-infinite-recursion -Wno-comma -Wno-block-capture-autoreleasing -Wno-strict-prototypes -Wno-semicolon-before-method-body -index-store-path /Users/runner/work/orbit/orbit/.ipad-probe/.dd/Index.noindex/DataStore @/Users/runner/work/orbit/orbit/.ipad-probe/.dd/Build/Intermediates.noindex/cmark-gfm.build/Debug-iphonesimulator/cmark-gfm.build/Objects-normal/arm64/7187679823f38a2a940e0043cdf9d637-common-args.resp -MMD -MT dependencies -MF /Users/runner/work/orbit/orbit/.ipad-probe/.dd/Build/Intermediates.noindex/cmark-gfm.build/Debug-iphonesimulator/cmark-gfm.build/Objects-normal/arm64/houdini_html_u.d --serialize-diagnostics /Users/runner/work/orbit/orbit/.ipad-probe/.dd/Build/Intermediates.noindex/cmark-gfm.build/Debug-iphonesimulator/cmark-gfm.build/Objects-normal/arm64/houdini_html_u.dia -c /Users/runner/work/orbit/orbit/.ipad-probe/.dd/SourcePackages/checkouts/swift-cmark/src/houdini_html_u.c -o /Users/runner/work/orbit/orbit/.ipad-probe/.dd/Build/Intermediates.noindex/cmark-gfm.build/Debug-iphonesimulator/cmark-gfm.build/Objects-normal/arm64/houdini_html_u.o -index-unit-output-path /cmark-gfm.build/Debug-iphonesimulator/cmark-gfm.build/Objects-normal/arm64/houdini_html_u.o

SwiftExplicitDependencyGeneratePcm arm64 /Users/runner/work/orbit/orbit/.ipad-probe/.dd/Build/Intermediates.noindex/SwiftExplicitPrecompiledModules/cmark_gfm-DJAHH9BVHWMJ7C2DPPF4YHAO7.pcm

SwiftExplicitDependencyGeneratePcm arm64 /Users/runner/work/orbit/orbit/.ipad-probe/.dd/ModuleCache.noindex/_Builtin_inttypes-5BTPCS3N4QENH6I31ZS6J1NKH.pcm

CompileC /Users/runner/work/orbit/orbit/.ipad-probe/.dd/Build/Intermediates.noindex/cmark-gfm.build/Debug-iphonesimulator/cmark-gfm.build/Objects-normal/arm64/houdini_html_e.o /Users/runner/work/orbit/orbit/.ipad-probe/.dd/SourcePackages/checkouts/swift-cmark/src/houdini_html_e.c normal arm64 c com.apple.compilers.llvm.clang.1_0.compiler (in target 'cmark-gfm' from project 'cmark-gfm')
    cd /Users/runner/work/orbit/orbit/.ipad-probe/IpadProbe.xcodeproj
    
    Using response file: /Users/runner/work/orbit/orbit/.ipad-probe/.dd/Build/Intermediates.noindex/cmark-gfm.build/Debug-iphonesimulator/cmark-gfm.build/Objects-normal/arm64/7187679823f38a2a940e0043cdf9d637-common-args.resp
    
    /Applications/Xcode_26.6.app/Contents/Developer/Toolchains/XcodeDefault.xctoolchain/usr/bin/clang -x c -ivfsstatcache /Users/runner/work/orbit/orbit/.ipad-probe/.dd/SDKStatCaches.noindex/iphonesimulator26.5-23F81a-688ef53f1462e2c8f657fdc38a81448ff45c64a1807a658693f2a61704f17a36.sdkstatcache -target arm64-apple-ios12.0-simulator -fmessage-length\=0 -fdiagnostics-show-note-include-stack -fmacro-backtrace-limit\=0 -fno-color-diagnostics -fmodules-prune-interval\=86400 -fmodules-prune-after\=345600 -fbuild-session-file\=/Users/runner/work/orbit/orbit/.ipad-probe/.dd/ModuleCache.noindex/Session.modulevalidation -fmodules-validate-once-per-build-session -Wnon-modular-include-in-framework-module -Werror\=non-modular-include-in-framework-module -Wno-trigraphs -Wno-missing-field-initializers -Wno-missing-prototypes -Wno-return-type -Wno-missing-braces -Wparentheses -Wswitch -Wno-unused-function -Wno-unused-label -Wno-unused-parameter -Wno-unused-variable -Wunused-value -Wno-empty-body -Wno-uninitialized -Wno-unknown-pragmas -w -Wno-shadow -Wno-four-char-constants -Wno-conversion -Wno-constant-conversion -Wno-int-conversion -Wno-bool-conversion -Wno-enum-conversion -Wno-float-conversion -Wno-non-literal-null-conversion -Wno-objc-literal-conversion -Wshorten-64-to-32 -Wpointer-sign -Wno-newline-eof -Wno-implicit-fallthrough -isysroot /Applications/Xcode_26.6.app/Contents/Developer/Platforms/iPhoneSimulator.platform/Developer/SDKs/iPhoneSimulator26.5.sdk -fstrict-aliasing -Wdeprecated-declarations -Wno-sign-conversion -Wno-infinite-recursion -Wno-comma -Wno-block-capture-autoreleasing -Wno-strict-prototypes -Wno-semicolon-before-method-body -index-store-path /Users/runner/work/orbit/orbit/.ipad-probe/.dd/Index.noindex/DataStore @/Users/runner/work/orbit/orbit/.ipad-probe/.dd/Build/Intermediates.noindex/cmark-gfm.build/Debug-iphonesimulator/cmark-gfm.build/Objects-normal/arm64/7187679823f38a2a940e0043cdf9d637-common-args.resp -MMD -MT dependencies -MF /Users/runner/work/orbit/orbit/.ipad-probe/.dd/Build/Intermediates.noindex/cmark-gfm.build/Debug-iphonesimulator/cmark-gfm.build/Objects-normal/arm64/houdini_html_e.d --serialize-diagnostics /Users/runner/work/orbit/orbit/.ipad-probe/.dd/Build/Intermediates.noindex/cmark-gfm.build/Debug-iphonesimulator/cmark-gfm.build/Objects-normal/arm64/houdini_html_e.dia -c /Users/runner/work/orbit/orbit/.ipad-probe/.dd/SourcePackages/checkouts/swift-cmark/src/houdini_html_e.c -o /Users/runner/work/orbit/orbit/.ipad-probe/.dd/Build/Intermediates.noindex/cmark-gfm.build/Debug-iphonesimulator/cmark-gfm.build/Objects-normal/arm64/houdini_html_e.o -index-unit-output-path /cmark-gfm.build/Debug-iphonesimulator/cmark-gfm.build/Objects-normal/arm64/houdini_html_e.o

PrecompileModule /Users/runner/work/orbit/orbit/.ipad-probe/.dd/Build/Intermediates.noindex/ExplicitPrecompiledModules/cmark_gfm-4862U19T1O2N1LLUAQ7NOS4K5.scan
    cd /
    builtin-precompileModule /Users/runner/work/orbit/orbit/.ipad-probe/.dd/Build/Intermediates.noindex/ExplicitPrecompiledModules/cmark_gfm-4862U19T1O2N1LLUAQ7NOS4K5.scan

PrecompileModule /Users/runner/work/orbit/orbit/.ipad-probe/.dd/Build/Intermediates.noindex/ExplicitPrecompiledModules/_Builtin_inttypes-9EIIPOP6AHTIF2QZWKSAH5G9.scan
    cd /
    builtin-precompileModule /Users/runner/work/orbit/orbit/.ipad-probe/.dd/Build/Intermediates.noindex/ExplicitPrecompiledModules/_Builtin_inttypes-9EIIPOP6AHTIF2QZWKSAH5G9.scan

SwiftExplicitDependencyGeneratePcm arm64 /Users/runner/work/orbit/orbit/.ipad-probe/.dd/ModuleCache.noindex/Darwin-Q9PSU7Z622W75PE0F0020HK2.pcm

PrecompileModule /Users/runner/work/orbit/orbit/.ipad-probe/.dd/Build/Intermediates.noindex/ExplicitPrecompiledModules/Darwin-A73GK1IF1AZ3Q9SBA1O7N4LSZ.scan
    cd /
    builtin-precompileModule /Users/runner/work/orbit/orbit/.ipad-probe/.dd/Build/Intermediates.noindex/ExplicitPrecompiledModules/Darwin-A73GK1IF1AZ3Q9SBA1O7N4LSZ.scan

SwiftExplicitDependencyGeneratePcm arm64 /Users/runner/work/orbit/orbit/.ipad-probe/.dd/Build/Intermediates.noindex/SwiftExplicitPrecompiledModules/cmark_gfm_extensions-R4B1UFRD78DREFJG62O7YKO0.pcm

CompileC /Users/runner/work/orbit/orbit/.ipad-probe/.dd/Build/Intermediates.noindex/cmark-gfm.build/Debug-iphonesimulator/cmark-gfm-extensions.build/Objects-normal/arm64/tasklist.o /Users/runner/work/orbit/orbit/.ipad-probe/.dd/SourcePackages/checkouts/swift-cmark/extensions/tasklist.c normal arm64 c com.apple.compilers.llvm.clang.1_0.compiler (in target 'cmark-gfm-extensions' from project 'cmark-gfm')
    cd /Users/runner/work/orbit/orbit/.ipad-probe/IpadProbe.xcodeproj
    
    Using response file: /Users/runner/work/orbit/orbit/.ipad-probe/.dd/Build/Intermediates.noindex/cmark-gfm.build/Debug-iphonesimulator/cmark-gfm-extensions.build/Objects-normal/arm64/7187679823f38a2a940e0043cdf9d637-common-args.resp
    
    /Applications/Xcode_26.6.app/Contents/Developer/Toolchains/XcodeDefault.xctoolchain/usr/bin/clang -x c -ivfsstatcache /Users/runner/work/orbit/orbit/.ipad-probe/.dd/SDKStatCaches.noindex/iphonesimulator26.5-23F81a-688ef53f1462e2c8f657fdc38a81448ff45c64a1807a658693f2a61704f17a36.sdkstatcache -target arm64-apple-ios12.0-simulator -fmessage-length\=0 -fdiagnostics-show-note-include-stack -fmacro-backtrace-limit\=0 -fno-color-diagnostics -fmodules-prune-interval\=86400 -fmodules-prune-after\=345600 -fbuild-session-file\=/Users/runner/work/orbit/orbit/.ipad-probe/.dd/ModuleCache.noindex/Session.modulevalidation -fmodules-validate-once-per-build-session -Wnon-modular-include-in-framework-module -Werror\=non-modular-include-in-framework-module -Wno-trigraphs -Wno-missing-field-initializers -Wno-missing-prototypes -Wno-return-type -Wno-missing-braces -Wparentheses -Wswitch -Wno-unused-function -Wno-unused-label -Wno-unused-parameter -Wno-unused-variable -Wunused-value -Wno-empty-body -Wno-uninitialized -Wno-unknown-pragmas -w -Wno-shadow -Wno-four-char-constants -Wno-conversion -Wno-constant-conversion -Wno-int-conversion -Wno-bool-conversion -Wno-enum-conversion -Wno-float-conversion -Wno-non-literal-null-conversion -Wno-objc-literal-conversion -Wshorten-64-to-32 -Wpointer-sign -Wno-newline-eof -Wno-implicit-fallthrough -isysroot /Applications/Xcode_26.6.app/Contents/Developer/Platforms/iPhoneSimulator.platform/Developer/SDKs/iPhoneSimulator26.5.sdk -fstrict-aliasing -Wdeprecated-declarations -Wno-sign-conversion -Wno-infinite-recursion -Wno-comma -Wno-block-capture-autoreleasing -Wno-strict-prototypes -Wno-semicolon-before-method-body -index-store-path /Users/runner/work/orbit/orbit/.ipad-probe/.dd/Index.noindex/DataStore @/Users/runner/work/orbit/orbit/.ipad-probe/.dd/Build/Intermediates.noindex/cmark-gfm.build/Debug-iphonesimulator/cmark-gfm-extensions.build/Objects-normal/arm64/7187679823f38a2a940e0043cdf9d637-common-args.resp -MMD -MT dependencies -MF /Users/runner/work/orbit/orbit/.ipad-probe/.dd/Build/Intermediates.noindex/cmark-gfm.build/Debug-iphonesimulator/cmark-gfm-extensions.build/Objects-normal/arm64/tasklist.d --serialize-diagnostics /Users/runner/work/orbit/orbit/.ipad-probe/.dd/Build/Intermediates.noindex/cmark-gfm.build/Debug-iphonesimulator/cmark-gfm-extensions.build/Objects-normal/arm64/tasklist.dia -c /Users/runner/work/orbit/orbit/.ipad-probe/.dd/SourcePackages/checkouts/swift-cmark/extensions/tasklist.c -o /Users/runner/work/orbit/orbit/.ipad-probe/.dd/Build/Intermediates.noindex/cmark-gfm.build/Debug-iphonesimulator/cmark-gfm-extensions.build/Objects-normal/arm64/tasklist.o -index-unit-output-path /cmark-gfm.build/Debug-iphonesimulator/cmark-gfm-extensions.build/Objects-normal/arm64/tasklist.o

CompileC /Users/runner/work/orbit/orbit/.ipad-probe/.dd/Build/Intermediates.noindex/cmark-gfm.build/Debug-iphonesimulator/cmark-gfm-extensions.build/Objects-normal/arm64/tagfilter.o /Users/runner/work/orbit/orbit/.ipad-probe/.dd/SourcePackages/checkouts/swift-cmark/extensions/tagfilter.c normal arm64 c com.apple.compilers.llvm.clang.1_0.compiler (in target 'cmark-gfm-extensions' from project 'cmark-gfm')
    cd /Users/runner/work/orbit/orbit/.ipad-probe/IpadProbe.xcodeproj
    
    Using response file: /Users/runner/work/orbit/orbit/.ipad-probe/.dd/Build/Intermediates.noindex/cmark-gfm.build/Debug-iphonesimulator/cmark-gfm-extensions.build/Objects-normal/arm64/7187679823f38a2a940e0043cdf9d637-common-args.resp
    
    /Applications/Xcode_26.6.app/Contents/Developer/Toolchains/XcodeDefault.xctoolchain/usr/bin/clang -x c -ivfsstatcache /Users/runner/work/orbit/orbit/.ipad-probe/.dd/SDKStatCaches.noindex/iphonesimulator26.5-23F81a-688ef53f1462e2c8f657fdc38a81448ff45c64a1807a658693f2a61704f17a36.sdkstatcache -target arm64-apple-ios12.0-simulator -fmessage-length\=0 -fdiagnostics-show-note-include-stack -fmacro-backtrace-limit\=0 -fno-color-diagnostics -fmodules-prune-interval\=86400 -fmodules-prune-after\=345600 -fbuild-session-file\=/Users/runner/work/orbit/orbit/.ipad-probe/.dd/ModuleCache.noindex/Session.modulevalidation -fmodules-validate-once-per-build-session -Wnon-modular-include-in-framework-module -Werror\=non-modular-include-in-framework-module -Wno-trigraphs -Wno-missing-field-initializers -Wno-missing-prototypes -Wno-return-type -Wno-missing-braces -Wparentheses -Wswitch -Wno-unused-function -Wno-unused-label -Wno-unused-parameter -Wno-unused-variable -Wunused-value -Wno-empty-body -Wno-uninitialized -Wno-unknown-pragmas -w -Wno-shadow -Wno-four-char-constants -Wno-conversion -Wno-constant-conversion -Wno-int-conversion -Wno-bool-conversion -Wno-enum-conversion -Wno-float-conversion -Wno-non-literal-null-conversion -Wno-objc-literal-conversion -Wshorten-64-to-32 -Wpointer-sign -Wno-newline-eof -Wno-implicit-fallthrough -isysroot /Applications/Xcode_26.6.app/Contents/Developer/Platforms/iPhoneSimulator.platform/Developer/SDKs/iPhoneSimulator26.5.sdk -fstrict-aliasing -Wdeprecated-declarations -Wno-sign-conversion -Wno-infinite-recursion -Wno-comma -Wno-block-capture-autoreleasing -Wno-strict-prototypes -Wno-semicolon-before-method-body -index-store-path /Users/runner/work/orbit/orbit/.ipad-probe/.dd/Index.noindex/DataStore @/Users/runner/work/orbit/orbit/.ipad-probe/.dd/Build/Intermediates.noindex/cmark-gfm.build/Debug-iphonesimulator/cmark-gfm-extensions.build/Objects-normal/arm64/7187679823f38a2a940e0043cdf9d637-common-args.resp -MMD -MT dependencies -MF /Users/runner/work/orbit/orbit/.ipad-probe/.dd/Build/Intermediates.noindex/cmark-gfm.build/Debug-iphonesimulator/cmark-gfm-extensions.build/Objects-normal/arm64/tagfilter.d --serialize-diagnostics /Users/runner/work/orbit/orbit/.ipad-probe/.dd/Build/Intermediates.noindex/cmark-gfm.build/Debug-iphonesimulator/cmark-gfm-extensions.build/Objects-normal/arm64/tagfilter.dia -c /Users/runner/work/orbit/orbit/.ipad-probe/.dd/SourcePackages/checkouts/swift-cmark/extensions/tagfilter.c -o /Users/runner/work/orbit/orbit/.ipad-probe/.dd/Build/Intermediates.noindex/cmark-gfm.build/Debug-iphonesimulator/cmark-gfm-extensions.build/Objects-normal/arm64/tagfilter.o -index-unit-output-path /cmark-gfm.build/Debug-iphonesimulator/cmark-gfm-extensions.build/Objects-normal/arm64/tagfilter.o

CompileC /Users/runner/work/orbit/orbit/.ipad-probe/.dd/Build/Intermediates.noindex/cmark-gfm.build/Debug-iphonesimulator/cmark-gfm-extensions.build/Objects-normal/arm64/table.o /Users/runner/work/orbit/orbit/.ipad-probe/.dd/SourcePackages/checkouts/swift-cmark/extensions/table.c normal arm64 c com.apple.compilers.llvm.clang.1_0.compiler (in target 'cmark-gfm-extensions' from project 'cmark-gfm')
    cd /Users/runner/work/orbit/orbit/.ipad-probe/IpadProbe.xcodeproj
    
    Using response file: /Users/runner/work/orbit/orbit/.ipad-probe/.dd/Build/Intermediates.noindex/cmark-gfm.build/Debug-iphonesimulator/cmark-gfm-extensions.build/Objects-normal/arm64/7187679823f38a2a940e0043cdf9d637-common-args.resp
    
    /Applications/Xcode_26.6.app/Contents/Developer/Toolchains/XcodeDefault.xctoolchain/usr/bin/clang -x c -ivfsstatcache /Users/runner/work/orbit/orbit/.ipad-probe/.dd/SDKStatCaches.noindex/iphonesimulator26.5-23F81a-688ef53f1462e2c8f657fdc38a81448ff45c64a1807a658693f2a61704f17a36.sdkstatcache -target arm64-apple-ios12.0-simulator -fmessage-length\=0 -fdiagnostics-show-note-include-stack -fmacro-backtrace-limit\=0 -fno-color-diagnostics -fmodules-prune-interval\=86400 -fmodules-prune-after\=345600 -fbuild-session-file\=/Users/runner/work/orbit/orbit/.ipad-probe/.dd/ModuleCache.noindex/Session.modulevalidation -fmodules-validate-once-per-build-session -Wnon-modular-include-in-framework-module -Werror\=non-modular-include-in-framework-module -Wno-trigraphs -Wno-missing-field-initializers -Wno-missing-prototypes -Wno-return-type -Wno-missing-braces -Wparentheses -Wswitch -Wno-unused-function -Wno-unused-label -Wno-unused-parameter -Wno-unused-variable -Wunused-value -Wno-empty-body -Wno-uninitialized -Wno-unknown-pragmas -w -Wno-shadow -Wno-four-char-constants -Wno-conversion -Wno-constant-conversion -Wno-int-conversion -Wno-bool-conversion -Wno-enum-conversion -Wno-float-conversion -Wno-non-literal-null-conversion -Wno-objc-literal-conversion -Wshorten-64-to-32 -Wpointer-sign -Wno-newline-eof -Wno-implicit-fallthrough -isysroot /Applications/Xcode_26.6.app/Contents/Developer/Platforms/iPhoneSimulator.platform/Developer/SDKs/iPhoneSimulator26.5.sdk -fstrict-aliasing -Wdeprecated-declarations -Wno-sign-conversion -Wno-infinite-recursion -Wno-comma -Wno-block-capture-autoreleasing -Wno-strict-prototypes -Wno-semicolon-before-method-body -index-store-path /Users/runner/work/orbit/orbit/.ipad-probe/.dd/Index.noindex/DataStore @/Users/runner/work/orbit/orbit/.ipad-probe/.dd/Build/Intermediates.noindex/cmark-gfm.build/Debug-iphonesimulator/cmark-gfm-extensions.build/Objects-normal/arm64/7187679823f38a2a940e0043cdf9d637-common-args.resp -MMD -MT dependencies -MF /Users/runner/work/orbit/orbit/.ipad-probe/.dd/Build/Intermediates.noindex/cmark-gfm.build/Debug-iphonesimulator/cmark-gfm-extensions.build/Objects-normal/arm64/table.d --serialize-diagnostics /Users/runner/work/orbit/orbit/.ipad-probe/.dd/Build/Intermediates.noindex/cmark-gfm.build/Debug-iphonesimulator/cmark-gfm-extensions.build/Objects-normal/arm64/table.dia -c /Users/runner/work/orbit/orbit/.ipad-probe/.dd/SourcePackages/checkouts/swift-cmark/extensions/table.c -o /Users/runner/work/orbit/orbit/.ipad-probe/.dd/Build/Intermediates.noindex/cmark-gfm.build/Debug-iphonesimulator/cmark-gfm-extensions.build/Objects-normal/arm64/table.o -index-unit-output-path /cmark-gfm.build/Debug-iphonesimulator/cmark-gfm-extensions.build/Objects-normal/arm64/table.o

CompileC /Users/runner/work/orbit/orbit/.ipad-probe/.dd/Build/Intermediates.noindex/cmark-gfm.build/Debug-iphonesimulator/cmark-gfm-extensions.build/Objects-normal/arm64/strikethrough.o /Users/runner/work/orbit/orbit/.ipad-probe/.dd/SourcePackages/checkouts/swift-cmark/extensions/strikethrough.c normal arm64 c com.apple.compilers.llvm.clang.1_0.compiler (in target 'cmark-gfm-extensions' from project 'cmark-gfm')
    cd /Users/runner/work/orbit/orbit/.ipad-probe/IpadProbe.xcodeproj
    
    Using response file: /Users/runner/work/orbit/orbit/.ipad-probe/.dd/Build/Intermediates.noindex/cmark-gfm.build/Debug-iphonesimulator/cmark-gfm-extensions.build/Objects-normal/arm64/7187679823f38a2a940e0043cdf9d637-common-args.resp
    
    /Applications/Xcode_26.6.app/Contents/Developer/Toolchains/XcodeDefault.xctoolchain/usr/bin/clang -x c -ivfsstatcache /Users/runner/work/orbit/orbit/.ipad-probe/.dd/SDKStatCaches.noindex/iphonesimulator26.5-23F81a-688ef53f1462e2c8f657fdc38a81448ff45c64a1807a658693f2a61704f17a36.sdkstatcache -target arm64-apple-ios12.0-simulator -fmessage-length\=0 -fdiagnostics-show-note-include-stack -fmacro-backtrace-limit\=0 -fno-color-diagnostics -fmodules-prune-interval\=86400 -fmodules-prune-after\=345600 -fbuild-session-file\=/Users/runner/work/orbit/orbit/.ipad-probe/.dd/ModuleCache.noindex/Session.modulevalidation -fmodules-validate-once-per-build-session -Wnon-modular-include-in-framework-module -Werror\=non-modular-include-in-framework-module -Wno-trigraphs -Wno-missing-field-initializers -Wno-missing-prototypes -Wno-return-type -Wno-missing-braces -Wparentheses -Wswitch -Wno-unused-function -Wno-unused-label -Wno-unused-parameter -Wno-unused-variable -Wunused-value -Wno-empty-body -Wno-uninitialized -Wno-unknown-pragmas -w -Wno-shadow -Wno-four-char-constants -Wno-conversion -Wno-constant-conversion -Wno-int-conversion -Wno-bool-conversion -Wno-enum-conversion -Wno-float-conversion -Wno-non-literal-null-conversion -Wno-objc-literal-conversion -Wshorten-64-to-32 -Wpointer-sign -Wno-newline-eof -Wno-implicit-fallthrough -isysroot /Applications/Xcode_26.6.app/Contents/Developer/Platforms/iPhoneSimulator.platform/Developer/SDKs/iPhoneSimulator26.5.sdk -fstrict-aliasing -Wdeprecated-declarations -Wno-sign-conversion -Wno-infinite-recursion -Wno-comma -Wno-block-capture-autoreleasing -Wno-strict-prototypes -Wno-semicolon-before-method-body -index-store-path /Users/runner/work/orbit/orbit/.ipad-probe/.dd/Index.noindex/DataStore @/Users/runner/work/orbit/orbit/.ipad-probe/.dd/Build/Intermediates.noindex/cmark-gfm.build/Debug-iphonesimulator/cmark-gfm-extensions.build/Objects-normal/arm64/7187679823f38a2a940e0043cdf9d637-common-args.resp -MMD -MT dependencies -MF /Users/runner/work/orbit/orbit/.ipad-probe/.dd/Build/Intermediates.noindex/cmark-gfm.build/Debug-iphonesimulator/cmark-gfm-extensions.build/Objects-normal/arm64/strikethrough.d --serialize-diagnostics /Users/runner/work/orbit/orbit/.ipad-probe/.dd/Build/Intermediates.noindex/cmark-gfm.build/Debug-iphonesimulator/cmark-gfm-extensions.build/Objects-normal/arm64/strikethrough.dia -c /Users/runner/work/orbit/orbit/.ipad-probe/.dd/SourcePackages/checkouts/swift-cmark/extensions/strikethrough.c -o /Users/runner/work/orbit/orbit/.ipad-probe/.dd/Build/Intermediates.noindex/cmark-gfm.build/Debug-iphonesimulator/cmark-gfm-extensions.build/Objects-normal/arm64/strikethrough.o -index-unit-output-path /cmark-gfm.build/Debug-iphonesimulator/cmark-gfm-extensions.build/Objects-normal/arm64/strikethrough.o

CompileC /Users/runner/work/orbit/orbit/.ipad-probe/.dd/Build/Intermediates.noindex/cmark-gfm.build/Debug-iphonesimulator/cmark-gfm-extensions.build/Objects-normal/arm64/ext_scanners.o /Users/runner/work/orbit/orbit/.ipad-probe/.dd/SourcePackages/checkouts/swift-cmark/extensions/ext_scanners.c normal arm64 c com.apple.compilers.llvm.clang.1_0.compiler (in target 'cmark-gfm-extensions' from project 'cmark-gfm')
    cd /Users/runner/work/orbit/orbit/.ipad-probe/IpadProbe.xcodeproj
    
    Using response file: /Users/runner/work/orbit/orbit/.ipad-probe/.dd/Build/Intermediates.noindex/cmark-gfm.build/Debug-iphonesimulator/cmark-gfm-extensions.build/Objects-normal/arm64/7187679823f38a2a940e0043cdf9d637-common-args.resp
    
    /Applications/Xcode_26.6.app/Contents/Developer/Toolchains/XcodeDefault.xctoolchain/usr/bin/clang -x c -ivfsstatcache /Users/runner/work/orbit/orbit/.ipad-probe/.dd/SDKStatCaches.noindex/iphonesimulator26.5-23F81a-688ef53f1462e2c8f657fdc38a81448ff45c64a1807a658693f2a61704f17a36.sdkstatcache -target arm64-apple-ios12.0-simulator -fmessage-length\=0 -fdiagnostics-show-note-include-stack -fmacro-backtrace-limit\=0 -fno-color-diagnostics -fmodules-prune-interval\=86400 -fmodules-prune-after\=345600 -fbuild-session-file\=/Users/runner/work/orbit/orbit/.ipad-probe/.dd/ModuleCache.noindex/Session.modulevalidation -fmodules-validate-once-per-build-session -Wnon-modular-include-in-framework-module -Werror\=non-modular-include-in-framework-module -Wno-trigraphs -Wno-missing-field-initializers -Wno-missing-prototypes -Wno-return-type -Wno-missing-braces -Wparentheses -Wswitch -Wno-unused-function -Wno-unused-label -Wno-unused-parameter -Wno-unused-variable -Wunused-value -Wno-empty-body -Wno-uninitialized -Wno-unknown-pragmas -w -Wno-shadow -Wno-four-char-constants -Wno-conversion -Wno-constant-conversion -Wno-int-conversion -Wno-bool-conversion -Wno-enum-conversion -Wno-float-conversion -Wno-non-literal-null-conversion -Wno-objc-literal-conversion -Wshorten-64-to-32 -Wpointer-sign -Wno-newline-eof -Wno-implicit-fallthrough -isysroot /Applications/Xcode_26.6.app/Contents/Developer/Platforms/iPhoneSimulator.platform/Developer/SDKs/iPhoneSimulator26.5.sdk -fstrict-aliasing -Wdeprecated-declarations -Wno-sign-conversion -Wno-infinite-recursion -Wno-comma -Wno-block-capture-autoreleasing -Wno-strict-prototypes -Wno-semicolon-before-method-body -index-store-path /Users/runner/work/orbit/orbit/.ipad-probe/.dd/Index.noindex/DataStore @/Users/runner/work/orbit/orbit/.ipad-probe/.dd/Build/Intermediates.noindex/cmark-gfm.build/Debug-iphonesimulator/cmark-gfm-extensions.build/Objects-normal/arm64/7187679823f38a2a940e0043cdf9d637-common-args.resp -MMD -MT dependencies -MF /Users/runner/work/orbit/orbit/.ipad-probe/.dd/Build/Intermediates.noindex/cmark-gfm.build/Debug-iphonesimulator/cmark-gfm-extensions.build/Objects-normal/arm64/ext_scanners.d --serialize-diagnostics /Users/runner/work/orbit/orbit/.ipad-probe/.dd/Build/Intermediates.noindex/cmark-gfm.build/Debug-iphonesimulator/cmark-gfm-extensions.build/Objects-normal/arm64/ext_scanners.dia -c /Users/runner/work/orbit/orbit/.ipad-probe/.dd/SourcePackages/checkouts/swift-cmark/extensions/ext_scanners.c -o /Users/runner/work/orbit/orbit/.ipad-probe/.dd/Build/Intermediates.noindex/cmark-gfm.build/Debug-iphonesimulator/cmark-gfm-extensions.build/Objects-normal/arm64/ext_scanners.o -index-unit-output-path /cmark-gfm.build/Debug-iphonesimulator/cmark-gfm-extensions.build/Objects-normal/arm64/ext_scanners.o

CompileC /Users/runner/work/orbit/orbit/.ipad-probe/.dd/Build/Intermediates.noindex/cmark-gfm.build/Debug-iphonesimulator/cmark-gfm-extensions.build/Objects-normal/arm64/core-extensions.o /Users/runner/work/orbit/orbit/.ipad-probe/.dd/SourcePackages/checkouts/swift-cmark/extensions/core-extensions.c normal arm64 c com.apple.compilers.llvm.clang.1_0.compiler (in target 'cmark-gfm-extensions' from project 'cmark-gfm')
    cd /Users/runner/work/orbit/orbit/.ipad-probe/IpadProbe.xcodeproj
    
    Using response file: /Users/runner/work/orbit/orbit/.ipad-probe/.dd/Build/Intermediates.noindex/cmark-gfm.build/Debug-iphonesimulator/cmark-gfm-extensions.build/Objects-normal/arm64/7187679823f38a2a940e0043cdf9d637-common-args.resp
    
    /Applications/Xcode_26.6.app/Contents/Developer/Toolchains/XcodeDefault.xctoolchain/usr/bin/clang -x c -ivfsstatcache /Users/runner/work/orbit/orbit/.ipad-probe/.dd/SDKStatCaches.noindex/iphonesimulator26.5-23F81a-688ef53f1462e2c8f657fdc38a81448ff45c64a1807a658693f2a61704f17a36.sdkstatcache -target arm64-apple-ios12.0-simulator -fmessage-length\=0 -fdiagnostics-show-note-include-stack -fmacro-backtrace-limit\=0 -fno-color-diagnostics -fmodules-prune-interval\=86400 -fmodules-prune-after\=345600 -fbuild-session-file\=/Users/runner/work/orbit/orbit/.ipad-probe/.dd/ModuleCache.noindex/Session.modulevalidation -fmodules-validate-once-per-build-session -Wnon-modular-include-in-framework-module -Werror\=non-modular-include-in-framework-module -Wno-trigraphs -Wno-missing-field-initializers -Wno-missing-prototypes -Wno-return-type -Wno-missing-braces -Wparentheses -Wswitch -Wno-unused-function -Wno-unused-label -Wno-unused-parameter -Wno-unused-variable -Wunused-value -Wno-empty-body -Wno-uninitialized -Wno-unknown-pragmas -w -Wno-shadow -Wno-four-char-constants -Wno-conversion -Wno-constant-conversion -Wno-int-conversion -Wno-bool-conversion -Wno-enum-conversion -Wno-float-conversion -Wno-non-literal-null-conversion -Wno-objc-literal-conversion -Wshorten-64-to-32 -Wpointer-sign -Wno-newline-eof -Wno-implicit-fallthrough -isysroot /Applications/Xcode_26.6.app/Contents/Developer/Platforms/iPhoneSimulator.platform/Developer/SDKs/iPhoneSimulator26.5.sdk -fstrict-aliasing -Wdeprecated-declarations -Wno-sign-conversion -Wno-infinite-recursion -Wno-comma -Wno-block-capture-autoreleasing -Wno-strict-prototypes -Wno-semicolon-before-method-body -index-store-path /Users/runner/work/orbit/orbit/.ipad-probe/.dd/Index.noindex/DataStore @/Users/runner/work/orbit/orbit/.ipad-probe/.dd/Build/Intermediates.noindex/cmark-gfm.build/Debug-iphonesimulator/cmark-gfm-extensions.build/Objects-normal/arm64/7187679823f38a2a940e0043cdf9d637-common-args.resp -MMD -MT dependencies -MF /Users/runner/work/orbit/orbit/.ipad-probe/.dd/Build/Intermediates.noindex/cmark-gfm.build/Debug-iphonesimulator/cmark-gfm-extensions.build/Objects-normal/arm64/core-extensions.d --serialize-diagnostics /Users/runner/work/orbit/orbit/.ipad-probe/.dd/Build/Intermediates.noindex/cmark-gfm.build/Debug-iphonesimulator/cmark-gfm-extensions.build/Objects-normal/arm64/core-extensions.dia -c /Users/runner/work/orbit/orbit/.ipad-probe/.dd/SourcePackages/checkouts/swift-cmark/extensions/core-extensions.c -o /Users/runner/work/orbit/orbit/.ipad-probe/.dd/Build/Intermediates.noindex/cmark-gfm.build/Debug-iphonesimulator/cmark-gfm-extensions.build/Objects-normal/arm64/core-extensions.o -index-unit-output-path /cmark-gfm.build/Debug-iphonesimulator/cmark-gfm-extensions.build/Objects-normal/arm64/core-extensions.o

ScanDependencies /Users/runner/work/orbit/orbit/.ipad-probe/.dd/Build/Intermediates.noindex/cmark-gfm.build/Debug-iphonesimulator/cmark-gfm.build/Objects-normal/arm64/houdini_href_e.o /Users/runner/work/orbit/orbit/.ipad-probe/.dd/SourcePackages/checkouts/swift-cmark/src/houdini_href_e.c normal arm64 c com.apple.compilers.llvm.clang.1_0.compiler (in target 'cmark-gfm' from project 'cmark-gfm')
    cd /Users/runner/work/orbit/orbit/.ipad-probe/IpadProbe.xcodeproj
    
    Using response file: /Users/runner/work/orbit/orbit/.ipad-probe/.dd/Build/Intermediates.noindex/cmark-gfm.build/Debug-iphonesimulator/cmark-gfm.build/Objects-normal/arm64/7187679823f38a2a940e0043cdf9d637-common-args.resp
    
    builtin-ScanDependencies -o /Users/runner/work/orbit/orbit/.ipad-probe/.dd/Build/Intermediates.noindex/cmark-gfm.build/Debug-iphonesimulator/cmark-gfm.build/Objects-normal/arm64/houdini_href_e.o.scan -- /Applications/Xcode_26.6.app/Contents/Developer/Toolchains/XcodeDefault.xctoolchain/usr/bin/clang -x c -ivfsstatcache /Users/runner/work/orbit/orbit/.ipad-probe/.dd/SDKStatCaches.noindex/iphonesimulator26.5-23F81a-688ef53f1462e2c8f657fdc38a81448ff45c64a1807a658693f2a61704f17a36.sdkstatcache -target arm64-apple-ios12.0-simulator -fmessage-length\=0 -fdiagnostics-show-note-include-stack -fmacro-backtrace-limit\=0 -fno-color-diagnostics -fmodules-prune-interval\=86400 -fmodules-prune-after\=345600 -fbuild-session-file\=/Users/runner/work/orbit/orbit/.ipad-probe/.dd/ModuleCache.noindex/Session.modulevalidation -fmodules-validate-once-per-build-session -Wnon-modular-include-in-framework-module -Werror\=non-modular-include-in-framework-module -Wno-trigraphs -Wno-missing-field-initializers -Wno-missing-prototypes -Wno-return-type -Wno-missing-braces -Wparentheses -Wswitch -Wno-unused-function -Wno-unused-label -Wno-unused-parameter -Wno-unused-variable -Wunused-value -Wno-empty-body -Wno-uninitialized -Wno-unknown-pragmas -w -Wno-shadow -Wno-four-char-constants -Wno-conversion -Wno-constant-conversion -Wno-int-conversion -Wno-bool-conversion -Wno-enum-conversion -Wno-float-conversion -Wno-non-literal-null-conversion -Wno-objc-literal-conversion -Wshorten-64-to-32 -Wpointer-sign -Wno-newline-eof -Wno-implicit-fallthrough -isysroot /Applications/Xcode_26.6.app/Contents/Developer/Platforms/iPhoneSimulator.platform/Developer/SDKs/iPhoneSimulator26.5.sdk -fstrict-aliasing -Wdeprecated-declarations -Wno-sign-conversion -Wno-infinite-recursion -Wno-comma -Wno-block-capture-autoreleasing -Wno-strict-prototypes -Wno-semicolon-before-method-body -index-store-path /Users/runner/work/orbit/orbit/.ipad-probe/.dd/Index.noindex/DataStore @/Users/runner/work/orbit/orbit/.ipad-probe/.dd/Build/Intermediates.noindex/cmark-gfm.build/Debug-iphonesimulator/cmark-gfm.build/Objects-normal/arm64/7187679823f38a2a940e0043cdf9d637-common-args.resp -MMD -MT dependencies -MF /Users/runner/work/orbit/orbit/.ipad-probe/.dd/Build/Intermediates.noindex/cmark-gfm.build/Debug-iphonesimulator/cmark-gfm.build/Objects-normal/arm64/houdini_href_e.d --serialize-diagnostics /Users/runner/work/orbit/orbit/.ipad-probe/.dd/Build/Intermediates.noindex/cmark-gfm.build/Debug-iphonesimulator/cmark-gfm.build/Objects-normal/arm64/houdini_href_e.dia -c /Users/runner/work/orbit/orbit/.ipad-probe/.dd/SourcePackages/checkouts/swift-cmark/src/houdini_href_e.c -o /Users/runner/work/orbit/orbit/.ipad-probe/.dd/Build/Intermediates.noindex/cmark-gfm.build/Debug-iphonesimulator/cmark-gfm.build/Objects-normal/arm64/houdini_href_e.o -index-unit-output-path /cmark-gfm.build/Debug-iphonesimulator/cmark-gfm.build/Objects-normal/arm64/houdini_href_e.o

CompileC /Users/runner/work/orbit/orbit/.ipad-probe/.dd/Build/Intermediates.noindex/cmark-gfm.build/Debug-iphonesimulator/cmark-gfm-extensions.build/Objects-normal/arm64/autolink.o /Users/runner/work/orbit/orbit/.ipad-probe/.dd/SourcePackages/checkouts/swift-cmark/extensions/autolink.c normal arm64 c com.apple.compilers.llvm.clang.1_0.compiler (in target 'cmark-gfm-extensions' from project 'cmark-gfm')
    cd /Users/runner/work/orbit/orbit/.ipad-probe/IpadProbe.xcodeproj
    
    Using response file: /Users/runner/work/orbit/orbit/.ipad-probe/.dd/Build/Intermediates.noindex/cmark-gfm.build/Debug-iphonesimulator/cmark-gfm-extensions.build/Objects-normal/arm64/7187679823f38a2a940e0043cdf9d637-common-args.resp
    
    /Applications/Xcode_26.6.app/Contents/Developer/Toolchains/XcodeDefault.xctoolchain/usr/bin/clang -x c -ivfsstatcache /Users/runner/work/orbit/orbit/.ipad-probe/.dd/SDKStatCaches.noindex/iphonesimulator26.5-23F81a-688ef53f1462e2c8f657fdc38a81448ff45c64a1807a658693f2a61704f17a36.sdkstatcache -target arm64-apple-ios12.0-simulator -fmessage-length\=0 -fdiagnostics-show-note-include-stack -fmacro-backtrace-limit\=0 -fno-color-diagnostics -fmodules-prune-interval\=86400 -fmodules-prune-after\=345600 -fbuild-session-file\=/Users/runner/work/orbit/orbit/.ipad-probe/.dd/ModuleCache.noindex/Session.modulevalidation -fmodules-validate-once-per-build-session -Wnon-modular-include-in-framework-module -Werror\=non-modular-include-in-framework-module -Wno-trigraphs -Wno-missing-field-initializers -Wno-missing-prototypes -Wno-return-type -Wno-missing-braces -Wparentheses -Wswitch -Wno-unused-function -Wno-unused-label -Wno-unused-parameter -Wno-unused-variable -Wunused-value -Wno-empty-body -Wno-uninitialized -Wno-unknown-pragmas -w -Wno-shadow -Wno-four-char-constants -Wno-conversion -Wno-constant-conversion -Wno-int-conversion -Wno-bool-conversion -Wno-enum-conversion -Wno-float-conversion -Wno-non-literal-null-conversion -Wno-objc-literal-conversion -Wshorten-64-to-32 -Wpointer-sign -Wno-newline-eof -Wno-implicit-fallthrough -isysroot /Applications/Xcode_26.6.app/Contents/Developer/Platforms/iPhoneSimulator.platform/Developer/SDKs/iPhoneSimulator26.5.sdk -fstrict-aliasing -Wdeprecated-declarations -Wno-sign-conversion -Wno-infinite-recursion -Wno-comma -Wno-block-capture-autoreleasing -Wno-strict-prototypes -Wno-semicolon-before-method-body -index-store-path /Users/runner/work/orbit/orbit/.ipad-probe/.dd/Index.noindex/DataStore @/Users/runner/work/orbit/orbit/.ipad-probe/.dd/Build/Intermediates.noindex/cmark-gfm.build/Debug-iphonesimulator/cmark-gfm-extensions.build/Objects-normal/arm64/7187679823f38a2a940e0043cdf9d637-common-args.resp -MMD -MT dependencies -MF /Users/runner/work/orbit/orbit/.ipad-probe/.dd/Build/Intermediates.noindex/cmark-gfm.build/Debug-iphonesimulator/cmark-gfm-extensions.build/Objects-normal/arm64/autolink.d --serialize-diagnostics /Users/runner/work/orbit/orbit/.ipad-probe/.dd/Build/Intermediates.noindex/cmark-gfm.build/Debug-iphonesimulator/cmark-gfm-extensions.build/Objects-normal/arm64/autolink.dia -c /Users/runner/work/orbit/orbit/.ipad-probe/.dd/SourcePackages/checkouts/swift-cmark/extensions/autolink.c -o /Users/runner/work/orbit/orbit/.ipad-probe/.dd/Build/Intermediates.noindex/cmark-gfm.build/Debug-iphonesimulator/cmark-gfm-extensions.build/Objects-normal/arm64/autolink.o -index-unit-output-path /cmark-gfm.build/Debug-iphonesimulator/cmark-gfm-extensions.build/Objects-normal/arm64/autolink.o

CompileC /Users/runner/work/orbit/orbit/.ipad-probe/.dd/Build/Intermediates.noindex/cmark-gfm.build/Debug-iphonesimulator/cmark-gfm.build/Objects-normal/arm64/houdini_href_e.o /Users/runner/work/orbit/orbit/.ipad-probe/.dd/SourcePackages/checkouts/swift-cmark/src/houdini_href_e.c normal arm64 c com.apple.compilers.llvm.clang.1_0.compiler (in target 'cmark-gfm' from project 'cmark-gfm')
    cd /Users/runner/work/orbit/orbit/.ipad-probe/IpadProbe.xcodeproj
    
    Using response file: /Users/runner/work/orbit/orbit/.ipad-probe/.dd/Build/Intermediates.noindex/cmark-gfm.build/Debug-iphonesimulator/cmark-gfm.build/Objects-normal/arm64/7187679823f38a2a940e0043cdf9d637-common-args.resp
    
    /Applications/Xcode_26.6.app/Contents/Developer/Toolchains/XcodeDefault.xctoolchain/usr/bin/clang -x c -ivfsstatcache /Users/runner/work/orbit/orbit/.ipad-probe/.dd/SDKStatCaches.noindex/iphonesimulator26.5-23F81a-688ef53f1462e2c8f657fdc38a81448ff45c64a1807a658693f2a61704f17a36.sdkstatcache -target arm64-apple-ios12.0-simulator -fmessage-length\=0 -fdiagnostics-show-note-include-stack -fmacro-backtrace-limit\=0 -fno-color-diagnostics -fmodules-prune-interval\=86400 -fmodules-prune-after\=345600 -fbuild-session-file\=/Users/runner/work/orbit/orbit/.ipad-probe/.dd/ModuleCache.noindex/Session.modulevalidation -fmodules-validate-once-per-build-session -Wnon-modular-include-in-framework-module -Werror\=non-modular-include-in-framework-module -Wno-trigraphs -Wno-missing-field-initializers -Wno-missing-prototypes -Wno-return-type -Wno-missing-braces -Wparentheses -Wswitch -Wno-unused-function -Wno-unused-label -Wno-unused-parameter -Wno-unused-variable -Wunused-value -Wno-empty-body -Wno-uninitialized -Wno-unknown-pragmas -w -Wno-shadow -Wno-four-char-constants -Wno-conversion -Wno-constant-conversion -Wno-int-conversion -Wno-bool-conversion -Wno-enum-conversion -Wno-float-conversion -Wno-non-literal-null-conversion -Wno-objc-literal-conversion -Wshorten-64-to-32 -Wpointer-sign -Wno-newline-eof -Wno-implicit-fallthrough -isysroot /Applications/Xcode_26.6.app/Contents/Developer/Platforms/iPhoneSimulator.platform/Developer/SDKs/iPhoneSimulator26.5.sdk -fstrict-aliasing -Wdeprecated-declarations -Wno-sign-conversion -Wno-infinite-recursion -Wno-comma -Wno-block-capture-autoreleasing -Wno-strict-prototypes -Wno-semicolon-before-method-body -index-store-path /Users/runner/work/orbit/orbit/.ipad-probe/.dd/Index.noindex/DataStore @/Users/runner/work/orbit/orbit/.ipad-probe/.dd/Build/Intermediates.noindex/cmark-gfm.build/Debug-iphonesimulator/cmark-gfm.build/Objects-normal/arm64/7187679823f38a2a940e0043cdf9d637-common-args.resp -MMD -MT dependencies -MF /Users/runner/work/orbit/orbit/.ipad-probe/.dd/Build/Intermediates.noindex/cmark-gfm.build/Debug-iphonesimulator/cmark-gfm.build/Objects-normal/arm64/houdini_href_e.d --serialize-diagnostics /Users/runner/work/orbit/orbit/.ipad-probe/.dd/Build/Intermediates.noindex/cmark-gfm.build/Debug-iphonesimulator/cmark-gfm.build/Objects-normal/arm64/houdini_href_e.dia -c /Users/runner/work/orbit/orbit/.ipad-probe/.dd/SourcePackages/checkouts/swift-cmark/src/houdini_href_e.c -o /Users/runner/work/orbit/orbit/.ipad-probe/.dd/Build/Intermediates.noindex/cmark-gfm.build/Debug-iphonesimulator/cmark-gfm.build/Objects-normal/arm64/houdini_href_e.o -index-unit-output-path /cmark-gfm.build/Debug-iphonesimulator/cmark-gfm.build/Objects-normal/arm64/houdini_href_e.o

ScanDependencies /Users/runner/work/orbit/orbit/.ipad-probe/.dd/Build/Intermediates.noindex/cmark-gfm.build/Debug-iphonesimulator/cmark-gfm.build/Objects-normal/arm64/footnotes.o /Users/runner/work/orbit/orbit/.ipad-probe/.dd/SourcePackages/checkouts/swift-cmark/src/footnotes.c normal arm64 c com.apple.compilers.llvm.clang.1_0.compiler (in target 'cmark-gfm' from project 'cmark-gfm')
    cd /Users/runner/work/orbit/orbit/.ipad-probe/IpadProbe.xcodeproj
    
    Using response file: /Users/runner/work/orbit/orbit/.ipad-probe/.dd/Build/Intermediates.noindex/cmark-gfm.build/Debug-iphonesimulator/cmark-gfm.build/Objects-normal/arm64/7187679823f38a2a940e0043cdf9d637-common-args.resp
    
    builtin-ScanDependencies -o /Users/runner/work/orbit/orbit/.ipad-probe/.dd/Build/Intermediates.noindex/cmark-gfm.build/Debug-iphonesimulator/cmark-gfm.build/Objects-normal/arm64/footnotes.o.scan -- /Applications/Xcode_26.6.app/Contents/Developer/Toolchains/XcodeDefault.xctoolchain/usr/bin/clang -x c -ivfsstatcache /Users/runner/work/orbit/orbit/.ipad-probe/.dd/SDKStatCaches.noindex/iphonesimulator26.5-23F81a-688ef53f1462e2c8f657fdc38a81448ff45c64a1807a658693f2a61704f17a36.sdkstatcache -target arm64-apple-ios12.0-simulator -fmessage-length\=0 -fdiagnostics-show-note-include-stack -fmacro-backtrace-limit\=0 -fno-color-diagnostics -fmodules-prune-interval\=86400 -fmodules-prune-after\=345600 -fbuild-session-file\=/Users/runner/work/orbit/orbit/.ipad-probe/.dd/ModuleCache.noindex/Session.modulevalidation -fmodules-validate-once-per-build-session -Wnon-modular-include-in-framework-module -Werror\=non-modular-include-in-framework-module -Wno-trigraphs -Wno-missing-field-initializers -Wno-missing-prototypes -Wno-return-type -Wno-missing-braces -Wparentheses -Wswitch -Wno-unused-function -Wno-unused-label -Wno-unused-parameter -Wno-unused-variable -Wunused-value -Wno-empty-body -Wno-uninitialized -Wno-unknown-pragmas -w -Wno-shadow -Wno-four-char-constants -Wno-conversion -Wno-constant-conversion -Wno-int-conversion -Wno-bool-conversion -Wno-enum-conversion -Wno-float-conversion -Wno-non-literal-null-conversion -Wno-objc-literal-conversion -Wshorten-64-to-32 -Wpointer-sign -Wno-newline-eof -Wno-implicit-fallthrough -isysroot /Applications/Xcode_26.6.app/Contents/Developer/Platforms/iPhoneSimulator.platform/Developer/SDKs/iPhoneSimulator26.5.sdk -fstrict-aliasing -Wdeprecated-declarations -Wno-sign-conversion -Wno-infinite-recursion -Wno-comma -Wno-block-capture-autoreleasing -Wno-strict-prototypes -Wno-semicolon-before-method-body -index-store-path /Users/runner/work/orbit/orbit/.ipad-probe/.dd/Index.noindex/DataStore @/Users/runner/work/orbit/orbit/.ipad-probe/.dd/Build/Intermediates.noindex/cmark-gfm.build/Debug-iphonesimulator/cmark-gfm.build/Objects-normal/arm64/7187679823f38a2a940e0043cdf9d637-common-args.resp -MMD -MT dependencies -MF /Users/runner/work/orbit/orbit/.ipad-probe/.dd/Build/Intermediates.noindex/cmark-gfm.build/Debug-iphonesimulator/cmark-gfm.build/Objects-normal/arm64/footnotes.d --serialize-diagnostics /Users/runner/work/orbit/orbit/.ipad-probe/.dd/Build/Intermediates.noindex/cmark-gfm.build/Debug-iphonesimulator/cmark-gfm.build/Objects-normal/arm64/footnotes.dia -c /Users/runner/work/orbit/orbit/.ipad-probe/.dd/SourcePackages/checkouts/swift-cmark/src/footnotes.c -o /Users/runner/work/orbit/orbit/.ipad-probe/.dd/Build/Intermediates.noindex/cmark-gfm.build/Debug-iphonesimulator/cmark-gfm.build/Objects-normal/arm64/footnotes.o -index-unit-output-path /cmark-gfm.build/Debug-iphonesimulator/cmark-gfm.build/Objects-normal/arm64/footnotes.o

SwiftExplicitDependencyGeneratePcm arm64 /Users/runner/work/orbit/orbit/.ipad-probe/.dd/ModuleCache.noindex/ObjectiveC-OBXAA2J760YMJ962X0TCRYAT.pcm

CompileC /Users/runner/work/orbit/orbit/.ipad-probe/.dd/Build/Intermediates.noindex/cmark-gfm.build/Debug-iphonesimulator/cmark-gfm.build/Objects-normal/arm64/footnotes.o /Users/runner/work/orbit/orbit/.ipad-probe/.dd/SourcePackages/checkouts/swift-cmark/src/footnotes.c normal arm64 c com.apple.compilers.llvm.clang.1_0.compiler (in target 'cmark-gfm' from project 'cmark-gfm')
    cd /Users/runner/work/orbit/orbit/.ipad-probe/IpadProbe.xcodeproj
    
    Using response file: /Users/runner/work/orbit/orbit/.ipad-probe/.dd/Build/Intermediates.noindex/cmark-gfm.build/Debug-iphonesimulator/cmark-gfm.build/Objects-normal/arm64/7187679823f38a2a940e0043cdf9d637-common-args.resp
    
    /Applications/Xcode_26.6.app/Contents/Developer/Toolchains/XcodeDefault.xctoolchain/usr/bin/clang -x c -ivfsstatcache /Users/runner/work/orbit/orbit/.ipad-probe/.dd/SDKStatCaches.noindex/iphonesimulator26.5-23F81a-688ef53f1462e2c8f657fdc38a81448ff45c64a1807a658693f2a61704f17a36.sdkstatcache -target arm64-apple-ios12.0-simulator -fmessage-length\=0 -fdiagnostics-show-note-include-stack -fmacro-backtrace-limit\=0 -fno-color-diagnostics -fmodules-prune-interval\=86400 -fmodules-prune-after\=345600 -fbuild-session-file\=/Users/runner/work/orbit/orbit/.ipad-probe/.dd/ModuleCache.noindex/Session.modulevalidation -fmodules-validate-once-per-build-session -Wnon-modular-include-in-framework-module -Werror\=non-modular-include-in-framework-module -Wno-trigraphs -Wno-missing-field-initializers -Wno-missing-prototypes -Wno-return-type -Wno-missing-braces -Wparentheses -Wswitch -Wno-unused-function -Wno-unused-label -Wno-unused-parameter -Wno-unused-variable -Wunused-value -Wno-empty-body -Wno-uninitialized -Wno-unknown-pragmas -w -Wno-shadow -Wno-four-char-constants -Wno-conversion -Wno-constant-conversion -Wno-int-conversion -Wno-bool-conversion -Wno-enum-conversion -Wno-float-conversion -Wno-non-literal-null-conversion -Wno-objc-literal-conversion -Wshorten-64-to-32 -Wpointer-sign -Wno-newline-eof -Wno-implicit-fallthrough -isysroot /Applications/Xcode_26.6.app/Contents/Developer/Platforms/iPhoneSimulator.platform/Developer/SDKs/iPhoneSimulator26.5.sdk -fstrict-aliasing -Wdeprecated-declarations -Wno-sign-conversion -Wno-infinite-recursion -Wno-comma -Wno-block-capture-autoreleasing -Wno-strict-prototypes -Wno-semicolon-before-method-body -index-store-path /Users/runner/work/orbit/orbit/.ipad-probe/.dd/Index.noindex/DataStore @/Users/runner/work/orbit/orbit/.ipad-probe/.dd/Build/Intermediates.noindex/cmark-gfm.build/Debug-iphonesimulator/cmark-gfm.build/Objects-normal/arm64/7187679823f38a2a940e0043cdf9d637-common-args.resp -MMD -MT dependencies -MF /Users/runner/work/orbit/orbit/.ipad-probe/.dd/Build/Intermediates.noindex/cmark-gfm.build/Debug-iphonesimulator/cmark-gfm.build/Objects-normal/arm64/footnotes.d --serialize-diagnostics /Users/runner/work/orbit/orbit/.ipad-probe/.dd/Build/Intermediates.noindex/cmark-gfm.build/Debug-iphonesimulator/cmark-gfm.build/Objects-normal/arm64/footnotes.dia -c /Users/runner/work/orbit/orbit/.ipad-probe/.dd/SourcePackages/checkouts/swift-cmark/src/footnotes.c -o /Users/runner/work/orbit/orbit/.ipad-probe/.dd/Build/Intermediates.noindex/cmark-gfm.build/Debug-iphonesimulator/cmark-gfm.build/Objects-normal/arm64/footnotes.o -index-unit-output-path /cmark-gfm.build/Debug-iphonesimulator/cmark-gfm.build/Objects-normal/arm64/footnotes.o

ScanDependencies /Users/runner/work/orbit/orbit/.ipad-probe/.dd/Build/Intermediates.noindex/cmark-gfm.build/Debug-iphonesimulator/cmark-gfm.build/Objects-normal/arm64/commonmark.o /Users/runner/work/orbit/orbit/.ipad-probe/.dd/SourcePackages/checkouts/swift-cmark/src/commonmark.c normal arm64 c com.apple.compilers.llvm.clang.1_0.compiler (in target 'cmark-gfm' from project 'cmark-gfm')
    cd /Users/runner/work/orbit/orbit/.ipad-probe/IpadProbe.xcodeproj
    
    Using response file: /Users/runner/work/orbit/orbit/.ipad-probe/.dd/Build/Intermediates.noindex/cmark-gfm.build/Debug-iphonesimulator/cmark-gfm.build/Objects-normal/arm64/7187679823f38a2a940e0043cdf9d637-common-args.resp
    
    builtin-ScanDependencies -o /Users/runner/work/orbit/orbit/.ipad-probe/.dd/Build/Intermediates.noindex/cmark-gfm.build/Debug-iphonesimulator/cmark-gfm.build/Objects-normal/arm64/commonmark.o.scan -- /Applications/Xcode_26.6.app/Contents/Developer/Toolchains/XcodeDefault.xctoolchain/usr/bin/clang -x c -ivfsstatcache /Users/runner/work/orbit/orbit/.ipad-probe/.dd/SDKStatCaches.noindex/iphonesimulator26.5-23F81a-688ef53f1462e2c8f657fdc38a81448ff45c64a1807a658693f2a61704f17a36.sdkstatcache -target arm64-apple-ios12.0-simulator -fmessage-length\=0 -fdiagnostics-show-note-include-stack -fmacro-backtrace-limit\=0 -fno-color-diagnostics -fmodules-prune-interval\=86400 -fmodules-prune-after\=345600 -fbuild-session-file\=/Users/runner/work/orbit/orbit/.ipad-probe/.dd/ModuleCache.noindex/Session.modulevalidation -fmodules-validate-once-per-build-session -Wnon-modular-include-in-framework-module -Werror\=non-modular-include-in-framework-module -Wno-trigraphs -Wno-missing-field-initializers -Wno-missing-prototypes -Wno-return-type -Wno-missing-braces -Wparentheses -Wswitch -Wno-unused-function -Wno-unused-label -Wno-unused-parameter -Wno-unused-variable -Wunused-value -Wno-empty-body -Wno-uninitialized -Wno-unknown-pragmas -w -Wno-shadow -Wno-four-char-constants -Wno-conversion -Wno-constant-conversion -Wno-int-conversion -Wno-bool-conversion -Wno-enum-conversion -Wno-float-conversion -Wno-non-literal-null-conversion -Wno-objc-literal-conversion -Wshorten-64-to-32 -Wpointer-sign -Wno-newline-eof -Wno-implicit-fallthrough -isysroot /Applications/Xcode_26.6.app/Contents/Developer/Platforms/iPhoneSimulator.platform/Developer/SDKs/iPhoneSimulator26.5.sdk -fstrict-aliasing -Wdeprecated-declarations -Wno-sign-conversion -Wno-infinite-recursion -Wno-comma -Wno-block-capture-autoreleasing -Wno-strict-prototypes -Wno-semicolon-before-method-body -index-store-path /Users/runner/work/orbit/orbit/.ipad-probe/.dd/Index.noindex/DataStore @/Users/runner/work/orbit/orbit/.ipad-probe/.dd/Build/Intermediates.noindex/cmark-gfm.build/Debug-iphonesimulator/cmark-gfm.build/Objects-normal/arm64/7187679823f38a2a940e0043cdf9d637-common-args.resp -MMD -MT dependencies -MF /Users/runner/work/orbit/orbit/.ipad-probe/.dd/Build/Intermediates.noindex/cmark-gfm.build/Debug-iphonesimulator/cmark-gfm.build/Objects-normal/arm64/commonmark.d --serialize-diagnostics /Users/runner/work/orbit/orbit/.ipad-probe/.dd/Build/Intermediates.noindex/cmark-gfm.build/Debug-iphonesimulator/cmark-gfm.build/Objects-normal/arm64/commonmark.dia -c /Users/runner/work/orbit/orbit/.ipad-probe/.dd/SourcePackages/checkouts/swift-cmark/src/commonmark.c -o /Users/runner/work/orbit/orbit/.ipad-probe/.dd/Build/Intermediates.noindex/cmark-gfm.build/Debug-iphonesimulator/cmark-gfm.build/Objects-normal/arm64/commonmark.o -index-unit-output-path /cmark-gfm.build/Debug-iphonesimulator/cmark-gfm.build/Objects-normal/arm64/commonmark.o

ScanDependencies /Users/runner/work/orbit/orbit/.ipad-probe/.dd/Build/Intermediates.noindex/cmark-gfm.build/Debug-iphonesimulator/cmark-gfm.build/Objects-normal/arm64/cmark_ctype.o /Users/runner/work/orbit/orbit/.ipad-probe/.dd/SourcePackages/checkouts/swift-cmark/src/cmark_ctype.c normal arm64 c com.apple.compilers.llvm.clang.1_0.compiler (in target 'cmark-gfm' from project 'cmark-gfm')
    cd /Users/runner/work/orbit/orbit/.ipad-probe/IpadProbe.xcodeproj
    
    Using response file: /Users/runner/work/orbit/orbit/.ipad-probe/.dd/Build/Intermediates.noindex/cmark-gfm.build/Debug-iphonesimulator/cmark-gfm.build/Objects-normal/arm64/7187679823f38a2a940e0043cdf9d637-common-args.resp
    
    builtin-ScanDependencies -o /Users/runner/work/orbit/orbit/.ipad-probe/.dd/Build/Intermediates.noindex/cmark-gfm.build/Debug-iphonesimulator/cmark-gfm.build/Objects-normal/arm64/cmark_ctype.o.scan -- /Applications/Xcode_26.6.app/Contents/Developer/Toolchains/XcodeDefault.xctoolchain/usr/bin/clang -x c -ivfsstatcache /Users/runner/work/orbit/orbit/.ipad-probe/.dd/SDKStatCaches.noindex/iphonesimulator26.5-23F81a-688ef53f1462e2c8f657fdc38a81448ff45c64a1807a658693f2a61704f17a36.sdkstatcache -target arm64-apple-ios12.0-simulator -fmessage-length\=0 -fdiagnostics-show-note-include-stack -fmacro-backtrace-limit\=0 -fno-color-diagnostics -fmodules-prune-interval\=86400 -fmodules-prune-after\=345600 -fbuild-session-file\=/Users/runner/work/orbit/orbit/.ipad-probe/.dd/ModuleCache.noindex/Session.modulevalidation -fmodules-validate-once-per-build-session -Wnon-modular-include-in-framework-module -Werror\=non-modular-include-in-framework-module -Wno-trigraphs -Wno-missing-field-initializers -Wno-missing-prototypes -Wno-return-type -Wno-missing-braces -Wparentheses -Wswitch -Wno-unused-function -Wno-unused-label -Wno-unused-parameter -Wno-unused-variable -Wunused-value -Wno-empty-body -Wno-uninitialized -Wno-unknown-pragmas -w -Wno-shadow -Wno-four-char-constants -Wno-conversion -Wno-constant-conversion -Wno-int-conversion -Wno-bool-conversion -Wno-enum-conversion -Wno-float-conversion -Wno-non-literal-null-conversion -Wno-objc-literal-conversion -Wshorten-64-to-32 -Wpointer-sign -Wno-newline-eof -Wno-implicit-fallthrough -isysroot /Applications/Xcode_26.6.app/Contents/Developer/Platforms/iPhoneSimulator.platform/Developer/SDKs/iPhoneSimulator26.5.sdk -fstrict-aliasing -Wdeprecated-declarations -Wno-sign-conversion -Wno-infinite-recursion -Wno-comma -Wno-block-capture-autoreleasing -Wno-strict-prototypes -Wno-semicolon-before-method-body -index-store-path /Users/runner/work/orbit/orbit/.ipad-probe/.dd/Index.noindex/DataStore @/Users/runner/work/orbit/orbit/.ipad-probe/.dd/Build/Intermediates.noindex/cmark-gfm.build/Debug-iphonesimulator/cmark-gfm.build/Objects-normal/arm64/7187679823f38a2a940e0043cdf9d637-common-args.resp -MMD -MT dependencies -MF /Users/runner/work/orbit/orbit/.ipad-probe/.dd/Build/Intermediates.noindex/cmark-gfm.build/Debug-iphonesimulator/cmark-gfm.build/Objects-normal/arm64/cmark_ctype.d --serialize-diagnostics /Users/runner/work/orbit/orbit/.ipad-probe/.dd/Build/Intermediates.noindex/cmark-gfm.build/Debug-iphonesimulator/cmark-gfm.build/Objects-normal/arm64/cmark_ctype.dia -c /Users/runner/work/orbit/orbit/.ipad-probe/.dd/SourcePackages/checkouts/swift-cmark/src/cmark_ctype.c -o /Users/runner/work/orbit/orbit/.ipad-probe/.dd/Build/Intermediates.noindex/cmark-gfm.build/Debug-iphonesimulator/cmark-gfm.build/Objects-normal/arm64/cmark_ctype.o -index-unit-output-path /cmark-gfm.build/Debug-iphonesimulator/cmark-gfm.build/Objects-normal/arm64/cmark_ctype.o

CompileC /Users/runner/work/orbit/orbit/.ipad-probe/.dd/Build/Intermediates.noindex/cmark-gfm.build/Debug-iphonesimulator/cmark-gfm.build/Objects-normal/arm64/commonmark.o /Users/runner/work/orbit/orbit/.ipad-probe/.dd/SourcePackages/checkouts/swift-cmark/src/commonmark.c normal arm64 c com.apple.compilers.llvm.clang.1_0.compiler (in target 'cmark-gfm' from project 'cmark-gfm')
    cd /Users/runner/work/orbit/orbit/.ipad-probe/IpadProbe.xcodeproj
    
    Using response file: /Users/runner/work/orbit/orbit/.ipad-probe/.dd/Build/Intermediates.noindex/cmark-gfm.build/Debug-iphonesimulator/cmark-gfm.build/Objects-normal/arm64/7187679823f38a2a940e0043cdf9d637-common-args.resp
    
    /Applications/Xcode_26.6.app/Contents/Developer/Toolchains/XcodeDefault.xctoolchain/usr/bin/clang -x c -ivfsstatcache /Users/runner/work/orbit/orbit/.ipad-probe/.dd/SDKStatCaches.noindex/iphonesimulator26.5-23F81a-688ef53f1462e2c8f657fdc38a81448ff45c64a1807a658693f2a61704f17a36.sdkstatcache -target arm64-apple-ios12.0-simulator -fmessage-length\=0 -fdiagnostics-show-note-include-stack -fmacro-backtrace-limit\=0 -fno-color-diagnostics -fmodules-prune-interval\=86400 -fmodules-prune-after\=345600 -fbuild-session-file\=/Users/runner/work/orbit/orbit/.ipad-probe/.dd/ModuleCache.noindex/Session.modulevalidation -fmodules-validate-once-per-build-session -Wnon-modular-include-in-framework-module -Werror\=non-modular-include-in-framework-module -Wno-trigraphs -Wno-missing-field-initializers -Wno-missing-prototypes -Wno-return-type -Wno-missing-braces -Wparentheses -Wswitch -Wno-unused-function -Wno-unused-label -Wno-unused-parameter -Wno-unused-variable -Wunused-value -Wno-empty-body -Wno-uninitialized -Wno-unknown-pragmas -w -Wno-shadow -Wno-four-char-constants -Wno-conversion -Wno-constant-conversion -Wno-int-conversion -Wno-bool-conversion -Wno-enum-conversion -Wno-float-conversion -Wno-non-literal-null-conversion -Wno-objc-literal-conversion -Wshorten-64-to-32 -Wpointer-sign -Wno-newline-eof -Wno-implicit-fallthrough -isysroot /Applications/Xcode_26.6.app/Contents/Developer/Platforms/iPhoneSimulator.platform/Developer/SDKs/iPhoneSimulator26.5.sdk -fstrict-aliasing -Wdeprecated-declarations -Wno-sign-conversion -Wno-infinite-recursion -Wno-comma -Wno-block-capture-autoreleasing -Wno-strict-prototypes -Wno-semicolon-before-method-body -index-store-path /Users/runner/work/orbit/orbit/.ipad-probe/.dd/Index.noindex/DataStore @/Users/runner/work/orbit/orbit/.ipad-probe/.dd/Build/Intermediates.noindex/cmark-gfm.build/Debug-iphonesimulator/cmark-gfm.build/Objects-normal/arm64/7187679823f38a2a940e0043cdf9d637-common-args.resp -MMD -MT dependencies -MF /Users/runner/work/orbit/orbit/.ipad-probe/.dd/Build/Intermediates.noindex/cmark-gfm.build/Debug-iphonesimulator/cmark-gfm.build/Objects-normal/arm64/commonmark.d --serialize-diagnostics /Users/runner/work/orbit/orbit/.ipad-probe/.dd/Build/Intermediates.noindex/cmark-gfm.build/Debug-iphonesimulator/cmark-gfm.build/Objects-normal/arm64/commonmark.dia -c /Users/runner/work/orbit/orbit/.ipad-probe/.dd/SourcePackages/checkouts/swift-cmark/src/commonmark.c -o /Users/runner/work/orbit/orbit/.ipad-probe/.dd/Build/Intermediates.noindex/cmark-gfm.build/Debug-iphonesimulator/cmark-gfm.build/Objects-normal/arm64/commonmark.o -index-unit-output-path /cmark-gfm.build/Debug-iphonesimulator/cmark-gfm.build/Objects-normal/arm64/commonmark.o

CompileC /Users/runner/work/orbit/orbit/.ipad-probe/.dd/Build/Intermediates.noindex/cmark-gfm.build/Debug-iphonesimulator/cmark-gfm.build/Objects-normal/arm64/cmark_ctype.o /Users/runner/work/orbit/orbit/.ipad-probe/.dd/SourcePackages/checkouts/swift-cmark/src/cmark_ctype.c normal arm64 c com.apple.compilers.llvm.clang.1_0.compiler (in target 'cmark-gfm' from project 'cmark-gfm')
    cd /Users/runner/work/orbit/orbit/.ipad-probe/IpadProbe.xcodeproj
    
    Using response file: /Users/runner/work/orbit/orbit/.ipad-probe/.dd/Build/Intermediates.noindex/cmark-gfm.build/Debug-iphonesimulator/cmark-gfm.build/Objects-normal/arm64/7187679823f38a2a940e0043cdf9d637-common-args.resp
    
    /Applications/Xcode_26.6.app/Contents/Developer/Toolchains/XcodeDefault.xctoolchain/usr/bin/clang -x c -ivfsstatcache /Users/runner/work/orbit/orbit/.ipad-probe/.dd/SDKStatCaches.noindex/iphonesimulator26.5-23F81a-688ef53f1462e2c8f657fdc38a81448ff45c64a1807a658693f2a61704f17a36.sdkstatcache -target arm64-apple-ios12.0-simulator -fmessage-length\=0 -fdiagnostics-show-note-include-stack -fmacro-backtrace-limit\=0 -fno-color-diagnostics -fmodules-prune-interval\=86400 -fmodules-prune-after\=345600 -fbuild-session-file\=/Users/runner/work/orbit/orbit/.ipad-probe/.dd/ModuleCache.noindex/Session.modulevalidation -fmodules-validate-once-per-build-session -Wnon-modular-include-in-framework-module -Werror\=non-modular-include-in-framework-module -Wno-trigraphs -Wno-missing-field-initializers -Wno-missing-prototypes -Wno-return-type -Wno-missing-braces -Wparentheses -Wswitch -Wno-unused-function -Wno-unused-label -Wno-unused-parameter -Wno-unused-variable -Wunused-value -Wno-empty-body -Wno-uninitialized -Wno-unknown-pragmas -w -Wno-shadow -Wno-four-char-constants -Wno-conversion -Wno-constant-conversion -Wno-int-conversion -Wno-bool-conversion -Wno-enum-conversion -Wno-float-conversion -Wno-non-literal-null-conversion -Wno-objc-literal-conversion -Wshorten-64-to-32 -Wpointer-sign -Wno-newline-eof -Wno-implicit-fallthrough -isysroot /Applications/Xcode_26.6.app/Contents/Developer/Platforms/iPhoneSimulator.platform/Developer/SDKs/iPhoneSimulator26.5.sdk -fstrict-aliasing -Wdeprecated-declarations -Wno-sign-conversion -Wno-infinite-recursion -Wno-comma -Wno-block-capture-autoreleasing -Wno-strict-prototypes -Wno-semicolon-before-method-body -index-store-path /Users/runner/work/orbit/orbit/.ipad-probe/.dd/Index.noindex/DataStore @/Users/runner/work/orbit/orbit/.ipad-probe/.dd/Build/Intermediates.noindex/cmark-gfm.build/Debug-iphonesimulator/cmark-gfm.build/Objects-normal/arm64/7187679823f38a2a940e0043cdf9d637-common-args.resp -MMD -MT dependencies -MF /Users/runner/work/orbit/orbit/.ipad-probe/.dd/Build/Intermediates.noindex/cmark-gfm.build/Debug-iphonesimulator/cmark-gfm.build/Objects-normal/arm64/cmark_ctype.d --serialize-diagnostics /Users/runner/work/orbit/orbit/.ipad-probe/.dd/Build/Intermediates.noindex/cmark-gfm.build/Debug-iphonesimulator/cmark-gfm.build/Objects-normal/arm64/cmark_ctype.dia -c /Users/runner/work/orbit/orbit/.ipad-probe/.dd/SourcePackages/checkouts/swift-cmark/src/cmark_ctype.c -o /Users/runner/work/orbit/orbit/.ipad-probe/.dd/Build/Intermediates.noindex/cmark-gfm.build/Debug-iphonesimulator/cmark-gfm.build/Objects-normal/arm64/cmark_ctype.o -index-unit-output-path /cmark-gfm.build/Debug-iphonesimulator/cmark-gfm.build/Objects-normal/arm64/cmark_ctype.o

ScanDependencies /Users/runner/work/orbit/orbit/.ipad-probe/.dd/Build/Intermediates.noindex/cmark-gfm.build/Debug-iphonesimulator/cmark-gfm.build/Objects-normal/arm64/cmark.o /Users/runner/work/orbit/orbit/.ipad-probe/.dd/SourcePackages/checkouts/swift-cmark/src/cmark.c normal arm64 c com.apple.compilers.llvm.clang.1_0.compiler (in target 'cmark-gfm' from project 'cmark-gfm')
    cd /Users/runner/work/orbit/orbit/.ipad-probe/IpadProbe.xcodeproj
    
    Using response file: /Users/runner/work/orbit/orbit/.ipad-probe/.dd/Build/Intermediates.noindex/cmark-gfm.build/Debug-iphonesimulator/cmark-gfm.build/Objects-normal/arm64/7187679823f38a2a940e0043cdf9d637-common-args.resp
    
    builtin-ScanDependencies -o /Users/runner/work/orbit/orbit/.ipad-probe/.dd/Build/Intermediates.noindex/cmark-gfm.build/Debug-iphonesimulator/cmark-gfm.build/Objects-normal/arm64/cmark.o.scan -- /Applications/Xcode_26.6.app/Contents/Developer/Toolchains/XcodeDefault.xctoolchain/usr/bin/clang -x c -ivfsstatcache /Users/runner/work/orbit/orbit/.ipad-probe/.dd/SDKStatCaches.noindex/iphonesimulator26.5-23F81a-688ef53f1462e2c8f657fdc38a81448ff45c64a1807a658693f2a61704f17a36.sdkstatcache -target arm64-apple-ios12.0-simulator -fmessage-length\=0 -fdiagnostics-show-note-include-stack -fmacro-backtrace-limit\=0 -fno-color-diagnostics -fmodules-prune-interval\=86400 -fmodules-prune-after\=345600 -fbuild-session-file\=/Users/runner/work/orbit/orbit/.ipad-probe/.dd/ModuleCache.noindex/Session.modulevalidation -fmodules-validate-once-per-build-session -Wnon-modular-include-in-framework-module -Werror\=non-modular-include-in-framework-module -Wno-trigraphs -Wno-missing-field-initializers -Wno-missing-prototypes -Wno-return-type -Wno-missing-braces -Wparentheses -Wswitch -Wno-unused-function -Wno-unused-label -Wno-unused-parameter -Wno-unused-variable -Wunused-value -Wno-empty-body -Wno-uninitialized -Wno-unknown-pragmas -w -Wno-shadow -Wno-four-char-constants -Wno-conversion -Wno-constant-conversion -Wno-int-conversion -Wno-bool-conversion -Wno-enum-conversion -Wno-float-conversion -Wno-non-literal-null-conversion -Wno-objc-literal-conversion -Wshorten-64-to-32 -Wpointer-sign -Wno-newline-eof -Wno-implicit-fallthrough -isysroot /Applications/Xcode_26.6.app/Contents/Developer/Platforms/iPhoneSimulator.platform/Developer/SDKs/iPhoneSimulator26.5.sdk -fstrict-aliasing -Wdeprecated-declarations -Wno-sign-conversion -Wno-infinite-recursion -Wno-comma -Wno-block-capture-autoreleasing -Wno-strict-prototypes -Wno-semicolon-before-method-body -index-store-path /Users/runner/work/orbit/orbit/.ipad-probe/.dd/Index.noindex/DataStore @/Users/runner/work/orbit/orbit/.ipad-probe/.dd/Build/Intermediates.noindex/cmark-gfm.build/Debug-iphonesimulator/cmark-gfm.build/Objects-normal/arm64/7187679823f38a2a940e0043cdf9d637-common-args.resp -MMD -MT dependencies -MF /Users/runner/work/orbit/orbit/.ipad-probe/.dd/Build/Intermediates.noindex/cmark-gfm.build/Debug-iphonesimulator/cmark-gfm.build/Objects-normal/arm64/cmark.d --serialize-diagnostics /Users/runner/work/orbit/orbit/.ipad-probe/.dd/Build/Intermediates.noindex/cmark-gfm.build/Debug-iphonesimulator/cmark-gfm.build/Objects-normal/arm64/cmark.dia -c /Users/runner/work/orbit/orbit/.ipad-probe/.dd/SourcePackages/checkouts/swift-cmark/src/cmark.c -o /Users/runner/work/orbit/orbit/.ipad-probe/.dd/Build/Intermediates.noindex/cmark-gfm.build/Debug-iphonesimulator/cmark-gfm.build/Objects-normal/arm64/cmark.o -index-unit-output-path /cmark-gfm.build/Debug-iphonesimulator/cmark-gfm.build/Objects-normal/arm64/cmark.o

ScanDependencies /Users/runner/work/orbit/orbit/.ipad-probe/.dd/Build/Intermediates.noindex/cmark-gfm.build/Debug-iphonesimulator/cmark-gfm.build/Objects-normal/arm64/buffer.o /Users/runner/work/orbit/orbit/.ipad-probe/.dd/SourcePackages/checkouts/swift-cmark/src/buffer.c normal arm64 c com.apple.compilers.llvm.clang.1_0.compiler (in target 'cmark-gfm' from project 'cmark-gfm')
    cd /Users/runner/work/orbit/orbit/.ipad-probe/IpadProbe.xcodeproj
    
    Using response file: /Users/runner/work/orbit/orbit/.ipad-probe/.dd/Build/Intermediates.noindex/cmark-gfm.build/Debug-iphonesimulator/cmark-gfm.build/Objects-normal/arm64/7187679823f38a2a940e0043cdf9d637-common-args.resp
    
    builtin-ScanDependencies -o /Users/runner/work/orbit/orbit/.ipad-probe/.dd/Build/Intermediates.noindex/cmark-gfm.build/Debug-iphonesimulator/cmark-gfm.build/Objects-normal/arm64/buffer.o.scan -- /Applications/Xcode_26.6.app/Contents/Developer/Toolchains/XcodeDefault.xctoolchain/usr/bin/clang -x c -ivfsstatcache /Users/runner/work/orbit/orbit/.ipad-probe/.dd/SDKStatCaches.noindex/iphonesimulator26.5-23F81a-688ef53f1462e2c8f657fdc38a81448ff45c64a1807a658693f2a61704f17a36.sdkstatcache -target arm64-apple-ios12.0-simulator -fmessage-length\=0 -fdiagnostics-show-note-include-stack -fmacro-backtrace-limit\=0 -fno-color-diagnostics -fmodules-prune-interval\=86400 -fmodules-prune-after\=345600 -fbuild-session-file\=/Users/runner/work/orbit/orbit/.ipad-probe/.dd/ModuleCache.noindex/Session.modulevalidation -fmodules-validate-once-per-build-session -Wnon-modular-include-in-framework-module -Werror\=non-modular-include-in-framework-module -Wno-trigraphs -Wno-missing-field-initializers -Wno-missing-prototypes -Wno-return-type -Wno-missing-braces -Wparentheses -Wswitch -Wno-unused-function -Wno-unused-label -Wno-unused-parameter -Wno-unused-variable -Wunused-value -Wno-empty-body -Wno-uninitialized -Wno-unknown-pragmas -w -Wno-shadow -Wno-four-char-constants -Wno-conversion -Wno-constant-conversion -Wno-int-conversion -Wno-bool-conversion -Wno-enum-conversion -Wno-float-conversion -Wno-non-literal-null-conversion -Wno-objc-literal-conversion -Wshorten-64-to-32 -Wpointer-sign -Wno-newline-eof -Wno-implicit-fallthrough -isysroot /Applications/Xcode_26.6.app/Contents/Developer/Platforms/iPhoneSimulator.platform/Developer/SDKs/iPhoneSimulator26.5.sdk -fstrict-aliasing -Wdeprecated-declarations -Wno-sign-conversion -Wno-infinite-recursion -Wno-comma -Wno-block-capture-autoreleasing -Wno-strict-prototypes -Wno-semicolon-before-method-body -index-store-path /Users/runner/work/orbit/orbit/.ipad-probe/.dd/Index.noindex/DataStore @/Users/runner/work/orbit/orbit/.ipad-probe/.dd/Build/Intermediates.noindex/cmark-gfm.build/Debug-iphonesimulator/cmark-gfm.build/Objects-normal/arm64/7187679823f38a2a940e0043cdf9d637-common-args.resp -MMD -MT dependencies -MF /Users/runner/work/orbit/orbit/.ipad-probe/.dd/Build/Intermediates.noindex/cmark-gfm.build/Debug-iphonesimulator/cmark-gfm.build/Objects-normal/arm64/buffer.d --serialize-diagnostics /Users/runner/work/orbit/orbit/.ipad-probe/.dd/Build/Intermediates.noindex/cmark-gfm.build/Debug-iphonesimulator/cmark-gfm.build/Objects-normal/arm64/buffer.dia -c /Users/runner/work/orbit/orbit/.ipad-probe/.dd/SourcePackages/checkouts/swift-cmark/src/buffer.c -o /Users/runner/work/orbit/orbit/.ipad-probe/.dd/Build/Intermediates.noindex/cmark-gfm.build/Debug-iphonesimulator/cmark-gfm.build/Objects-normal/arm64/buffer.o -index-unit-output-path /cmark-gfm.build/Debug-iphonesimulator/cmark-gfm.build/Objects-normal/arm64/buffer.o

SwiftExplicitDependencyGeneratePcm arm64 /Users/runner/work/orbit/orbit/.ipad-probe/.dd/ModuleCache.noindex/os_object-6KERCZLC6JDAC1ZCII9GU7CI3.pcm

ScanDependencies /Users/runner/work/orbit/orbit/.ipad-probe/.dd/Build/Intermediates.noindex/cmark-gfm.build/Debug-iphonesimulator/cmark-gfm.build/Objects-normal/arm64/blocks.o /Users/runner/work/orbit/orbit/.ipad-probe/.dd/SourcePackages/checkouts/swift-cmark/src/blocks.c normal arm64 c com.apple.compilers.llvm.clang.1_0.compiler (in target 'cmark-gfm' from project 'cmark-gfm')
    cd /Users/runner/work/orbit/orbit/.ipad-probe/IpadProbe.xcodeproj
    
    Using response file: /Users/runner/work/orbit/orbit/.ipad-probe/.dd/Build/Intermediates.noindex/cmark-gfm.build/Debug-iphonesimulator/cmark-gfm.build/Objects-normal/arm64/7187679823f38a2a940e0043cdf9d637-common-args.resp
    
    builtin-ScanDependencies -o /Users/runner/work/orbit/orbit/.ipad-probe/.dd/Build/Intermediates.noindex/cmark-gfm.build/Debug-iphonesimulator/cmark-gfm.build/Objects-normal/arm64/blocks.o.scan -- /Applications/Xcode_26.6.app/Contents/Developer/Toolchains/XcodeDefault.xctoolchain/usr/bin/clang -x c -ivfsstatcache /Users/runner/work/orbit/orbit/.ipad-probe/.dd/SDKStatCaches.noindex/iphonesimulator26.5-23F81a-688ef53f1462e2c8f657fdc38a81448ff45c64a1807a658693f2a61704f17a36.sdkstatcache -target arm64-apple-ios12.0-simulator -fmessage-length\=0 -fdiagnostics-show-note-include-stack -fmacro-backtrace-limit\=0 -fno-color-diagnostics -fmodules-prune-interval\=86400 -fmodules-prune-after\=345600 -fbuild-session-file\=/Users/runner/work/orbit/orbit/.ipad-probe/.dd/ModuleCache.noindex/Session.modulevalidation -fmodules-validate-once-per-build-session -Wnon-modular-include-in-framework-module -Werror\=non-modular-include-in-framework-module -Wno-trigraphs -Wno-missing-field-initializers -Wno-missing-prototypes -Wno-return-type -Wno-missing-braces -Wparentheses -Wswitch -Wno-unused-function -Wno-unused-label -Wno-unused-parameter -Wno-unused-variable -Wunused-value -Wno-empty-body -Wno-uninitialized -Wno-unknown-pragmas -w -Wno-shadow -Wno-four-char-constants -Wno-conversion -Wno-constant-conversion -Wno-int-conversion -Wno-bool-conversion -Wno-enum-conversion -Wno-float-conversion -Wno-non-literal-null-conversion -Wno-objc-literal-conversion -Wshorten-64-to-32 -Wpointer-sign -Wno-newline-eof -Wno-implicit-fallthrough -isysroot /Applications/Xcode_26.6.app/Contents/Developer/Platforms/iPhoneSimulator.platform/Developer/SDKs/iPhoneSimulator26.5.sdk -fstrict-aliasing -Wdeprecated-declarations -Wno-sign-conversion -Wno-infinite-recursion -Wno-comma -Wno-block-capture-autoreleasing -Wno-strict-prototypes -Wno-semicolon-before-method-body -index-store-path /Users/runner/work/orbit/orbit/.ipad-probe/.dd/Index.noindex/DataStore @/Users/runner/work/orbit/orbit/.ipad-probe/.dd/Build/Intermediates.noindex/cmark-gfm.build/Debug-iphonesimulator/cmark-gfm.build/Objects-normal/arm64/7187679823f38a2a940e0043cdf9d637-common-args.resp -MMD -MT dependencies -MF /Users/runner/work/orbit/orbit/.ipad-probe/.dd/Build/Intermediates.noindex/cmark-gfm.build/Debug-iphonesimulator/cmark-gfm.build/Objects-normal/arm64/blocks.d --serialize-diagnostics /Users/runner/work/orbit/orbit/.ipad-probe/.dd/Build/Intermediates.noindex/cmark-gfm.build/Debug-iphonesimulator/cmark-gfm.build/Objects-normal/arm64/blocks.dia -c /Users/runner/work/orbit/orbit/.ipad-probe/.dd/SourcePackages/checkouts/swift-cmark/src/blocks.c -o /Users/runner/work/orbit/orbit/.ipad-probe/.dd/Build/Intermediates.noindex/cmark-gfm.build/Debug-iphonesimulator/cmark-gfm.build/Objects-normal/arm64/blocks.o -index-unit-output-path /cmark-gfm.build/Debug-iphonesimulator/cmark-gfm.build/Objects-normal/arm64/blocks.o

CompileC /Users/runner/work/orbit/orbit/.ipad-probe/.dd/Build/Intermediates.noindex/cmark-gfm.build/Debug-iphonesimulator/cmark-gfm.build/Objects-normal/arm64/cmark.o /Users/runner/work/orbit/orbit/.ipad-probe/.dd/SourcePackages/checkouts/swift-cmark/src/cmark.c normal arm64 c com.apple.compilers.llvm.clang.1_0.compiler (in target 'cmark-gfm' from project 'cmark-gfm')
    cd /Users/runner/work/orbit/orbit/.ipad-probe/IpadProbe.xcodeproj
    
    Using response file: /Users/runner/work/orbit/orbit/.ipad-probe/.dd/Build/Intermediates.noindex/cmark-gfm.build/Debug-iphonesimulator/cmark-gfm.build/Objects-normal/arm64/7187679823f38a2a940e0043cdf9d637-common-args.resp
    
    /Applications/Xcode_26.6.app/Contents/Developer/Toolchains/XcodeDefault.xctoolchain/usr/bin/clang -x c -ivfsstatcache /Users/runner/work/orbit/orbit/.ipad-probe/.dd/SDKStatCaches.noindex/iphonesimulator26.5-23F81a-688ef53f1462e2c8f657fdc38a81448ff45c64a1807a658693f2a61704f17a36.sdkstatcache -target arm64-apple-ios12.0-simulator -fmessage-length\=0 -fdiagnostics-show-note-include-stack -fmacro-backtrace-limit\=0 -fno-color-diagnostics -fmodules-prune-interval\=86400 -fmodules-prune-after\=345600 -fbuild-session-file\=/Users/runner/work/orbit/orbit/.ipad-probe/.dd/ModuleCache.noindex/Session.modulevalidation -fmodules-validate-once-per-build-session -Wnon-modular-include-in-framework-module -Werror\=non-modular-include-in-framework-module -Wno-trigraphs -Wno-missing-field-initializers -Wno-missing-prototypes -Wno-return-type -Wno-missing-braces -Wparentheses -Wswitch -Wno-unused-function -Wno-unused-label -Wno-unused-parameter -Wno-unused-variable -Wunused-value -Wno-empty-body -Wno-uninitialized -Wno-unknown-pragmas -w -Wno-shadow -Wno-four-char-constants -Wno-conversion -Wno-constant-conversion -Wno-int-conversion -Wno-bool-conversion -Wno-enum-conversion -Wno-float-conversion -Wno-non-literal-null-conversion -Wno-objc-literal-conversion -Wshorten-64-to-32 -Wpointer-sign -Wno-newline-eof -Wno-implicit-fallthrough -isysroot /Applications/Xcode_26.6.app/Contents/Developer/Platforms/iPhoneSimulator.platform/Developer/SDKs/iPhoneSimulator26.5.sdk -fstrict-aliasing -Wdeprecated-declarations -Wno-sign-conversion -Wno-infinite-recursion -Wno-comma -Wno-block-capture-autoreleasing -Wno-strict-prototypes -Wno-semicolon-before-method-body -index-store-path /Users/runner/work/orbit/orbit/.ipad-probe/.dd/Index.noindex/DataStore @/Users/runner/work/orbit/orbit/.ipad-probe/.dd/Build/Intermediates.noindex/cmark-gfm.build/Debug-iphonesimulator/cmark-gfm.build/Objects-normal/arm64/7187679823f38a2a940e0043cdf9d637-common-args.resp -MMD -MT dependencies -MF /Users/runner/work/orbit/orbit/.ipad-probe/.dd/Build/Intermediates.noindex/cmark-gfm.build/Debug-iphonesimulator/cmark-gfm.build/Objects-normal/arm64/cmark.d --serialize-diagnostics /Users/runner/work/orbit/orbit/.ipad-probe/.dd/Build/Intermediates.noindex/cmark-gfm.build/Debug-iphonesimulator/cmark-gfm.build/Objects-normal/arm64/cmark.dia -c /Users/runner/work/orbit/orbit/.ipad-probe/.dd/SourcePackages/checkouts/swift-cmark/src/cmark.c -o /Users/runner/work/orbit/orbit/.ipad-probe/.dd/Build/Intermediates.noindex/cmark-gfm.build/Debug-iphonesimulator/cmark-gfm.build/Objects-normal/arm64/cmark.o -index-unit-output-path /cmark-gfm.build/Debug-iphonesimulator/cmark-gfm.build/Objects-normal/arm64/cmark.o

CompileC /Users/runner/work/orbit/orbit/.ipad-probe/.dd/Build/Intermediates.noindex/cmark-gfm.build/Debug-iphonesimulator/cmark-gfm.build/Objects-normal/arm64/buffer.o /Users/runner/work/orbit/orbit/.ipad-probe/.dd/SourcePackages/checkouts/swift-cmark/src/buffer.c normal arm64 c com.apple.compilers.llvm.clang.1_0.compiler (in target 'cmark-gfm' from project 'cmark-gfm')
    cd /Users/runner/work/orbit/orbit/.ipad-probe/IpadProbe.xcodeproj
    
    Using response file: /Users/runner/work/orbit/orbit/.ipad-probe/.dd/Build/Intermediates.noindex/cmark-gfm.build/Debug-iphonesimulator/cmark-gfm.build/Objects-normal/arm64/7187679823f38a2a940e0043cdf9d637-common-args.resp
    
    /Applications/Xcode_26.6.app/Contents/Developer/Toolchains/XcodeDefault.xctoolchain/usr/bin/clang -x c -ivfsstatcache /Users/runner/work/orbit/orbit/.ipad-probe/.dd/SDKStatCaches.noindex/iphonesimulator26.5-23F81a-688ef53f1462e2c8f657fdc38a81448ff45c64a1807a658693f2a61704f17a36.sdkstatcache -target arm64-apple-ios12.0-simulator -fmessage-length\=0 -fdiagnostics-show-note-include-stack -fmacro-backtrace-limit\=0 -fno-color-diagnostics -fmodules-prune-interval\=86400 -fmodules-prune-after\=345600 -fbuild-session-file\=/Users/runner/work/orbit/orbit/.ipad-probe/.dd/ModuleCache.noindex/Session.modulevalidation -fmodules-validate-once-per-build-session -Wnon-modular-include-in-framework-module -Werror\=non-modular-include-in-framework-module -Wno-trigraphs -Wno-missing-field-initializers -Wno-missing-prototypes -Wno-return-type -Wno-missing-braces -Wparentheses -Wswitch -Wno-unused-function -Wno-unused-label -Wno-unused-parameter -Wno-unused-variable -Wunused-value -Wno-empty-body -Wno-uninitialized -Wno-unknown-pragmas -w -Wno-shadow -Wno-four-char-constants -Wno-conversion -Wno-constant-conversion -Wno-int-conversion -Wno-bool-conversion -Wno-enum-conversion -Wno-float-conversion -Wno-non-literal-null-conversion -Wno-objc-literal-conversion -Wshorten-64-to-32 -Wpointer-sign -Wno-newline-eof -Wno-implicit-fallthrough -isysroot /Applications/Xcode_26.6.app/Contents/Developer/Platforms/iPhoneSimulator.platform/Developer/SDKs/iPhoneSimulator26.5.sdk -fstrict-aliasing -Wdeprecated-declarations -Wno-sign-conversion -Wno-infinite-recursion -Wno-comma -Wno-block-capture-autoreleasing -Wno-strict-prototypes -Wno-semicolon-before-method-body -index-store-path /Users/runner/work/orbit/orbit/.ipad-probe/.dd/Index.noindex/DataStore @/Users/runner/work/orbit/orbit/.ipad-probe/.dd/Build/Intermediates.noindex/cmark-gfm.build/Debug-iphonesimulator/cmark-gfm.build/Objects-normal/arm64/7187679823f38a2a940e0043cdf9d637-common-args.resp -MMD -MT dependencies -MF /Users/runner/work/orbit/orbit/.ipad-probe/.dd/Build/Intermediates.noindex/cmark-gfm.build/Debug-iphonesimulator/cmark-gfm.build/Objects-normal/arm64/buffer.d --serialize-diagnostics /Users/runner/work/orbit/orbit/.ipad-probe/.dd/Build/Intermediates.noindex/cmark-gfm.build/Debug-iphonesimulator/cmark-gfm.build/Objects-normal/arm64/buffer.dia -c /Users/runner/work/orbit/orbit/.ipad-probe/.dd/SourcePackages/checkouts/swift-cmark/src/buffer.c -o /Users/runner/work/orbit/orbit/.ipad-probe/.dd/Build/Intermediates.noindex/cmark-gfm.build/Debug-iphonesimulator/cmark-gfm.build/Objects-normal/arm64/buffer.o -index-unit-output-path /cmark-gfm.build/Debug-iphonesimulator/cmark-gfm.build/Objects-normal/arm64/buffer.o

CompileC /Users/runner/work/orbit/orbit/.ipad-probe/.dd/Build/Intermediates.noindex/cmark-gfm.build/Debug-iphonesimulator/cmark-gfm.build/Objects-normal/arm64/blocks.o /Users/runner/work/orbit/orbit/.ipad-probe/.dd/SourcePackages/checkouts/swift-cmark/src/blocks.c normal arm64 c com.apple.compilers.llvm.clang.1_0.compiler (in target 'cmark-gfm' from project 'cmark-gfm')
    cd /Users/runner/work/orbit/orbit/.ipad-probe/IpadProbe.xcodeproj
    
    Using response file: /Users/runner/work/orbit/orbit/.ipad-probe/.dd/Build/Intermediates.noindex/cmark-gfm.build/Debug-iphonesimulator/cmark-gfm.build/Objects-normal/arm64/7187679823f38a2a940e0043cdf9d637-common-args.resp
    
    /Applications/Xcode_26.6.app/Contents/Developer/Toolchains/XcodeDefault.xctoolchain/usr/bin/clang -x c -ivfsstatcache /Users/runner/work/orbit/orbit/.ipad-probe/.dd/SDKStatCaches.noindex/iphonesimulator26.5-23F81a-688ef53f1462e2c8f657fdc38a81448ff45c64a1807a658693f2a61704f17a36.sdkstatcache -target arm64-apple-ios12.0-simulator -fmessage-length\=0 -fdiagnostics-show-note-include-stack -fmacro-backtrace-limit\=0 -fno-color-diagnostics -fmodules-prune-interval\=86400 -fmodules-prune-after\=345600 -fbuild-session-file\=/Users/runner/work/orbit/orbit/.ipad-probe/.dd/ModuleCache.noindex/Session.modulevalidation -fmodules-validate-once-per-build-session -Wnon-modular-include-in-framework-module -Werror\=non-modular-include-in-framework-module -Wno-trigraphs -Wno-missing-field-initializers -Wno-missing-prototypes -Wno-return-type -Wno-missing-braces -Wparentheses -Wswitch -Wno-unused-function -Wno-unused-label -Wno-unused-parameter -Wno-unused-variable -Wunused-value -Wno-empty-body -Wno-uninitialized -Wno-unknown-pragmas -w -Wno-shadow -Wno-four-char-constants -Wno-conversion -Wno-constant-conversion -Wno-int-conversion -Wno-bool-conversion -Wno-enum-conversion -Wno-float-conversion -Wno-non-literal-null-conversion -Wno-objc-literal-conversion -Wshorten-64-to-32 -Wpointer-sign -Wno-newline-eof -Wno-implicit-fallthrough -isysroot /Applications/Xcode_26.6.app/Contents/Developer/Platforms/iPhoneSimulator.platform/Developer/SDKs/iPhoneSimulator26.5.sdk -fstrict-aliasing -Wdeprecated-declarations -Wno-sign-conversion -Wno-infinite-recursion -Wno-comma -Wno-block-capture-autoreleasing -Wno-strict-prototypes -Wno-semicolon-before-method-body -index-store-path /Users/runner/work/orbit/orbit/.ipad-probe/.dd/Index.noindex/DataStore @/Users/runner/work/orbit/orbit/.ipad-probe/.dd/Build/Intermediates.noindex/cmark-gfm.build/Debug-iphonesimulator/cmark-gfm.build/Objects-normal/arm64/7187679823f38a2a940e0043cdf9d637-common-args.resp -MMD -MT dependencies -MF /Users/runner/work/orbit/orbit/.ipad-probe/.dd/Build/Intermediates.noindex/cmark-gfm.build/Debug-iphonesimulator/cmark-gfm.build/Objects-normal/arm64/blocks.d --serialize-diagnostics /Users/runner/work/orbit/orbit/.ipad-probe/.dd/Build/Intermediates.noindex/cmark-gfm.build/Debug-iphonesimulator/cmark-gfm.build/Objects-normal/arm64/blocks.dia -c /Users/runner/work/orbit/orbit/.ipad-probe/.dd/SourcePackages/checkouts/swift-cmark/src/blocks.c -o /Users/runner/work/orbit/orbit/.ipad-probe/.dd/Build/Intermediates.noindex/cmark-gfm.build/Debug-iphonesimulator/cmark-gfm.build/Objects-normal/arm64/blocks.o -index-unit-output-path /cmark-gfm.build/Debug-iphonesimulator/cmark-gfm.build/Objects-normal/arm64/blocks.o

ScanDependencies /Users/runner/work/orbit/orbit/.ipad-probe/.dd/Build/Intermediates.noindex/cmark-gfm.build/Debug-iphonesimulator/cmark-gfm.build/Objects-normal/arm64/arena.o /Users/runner/work/orbit/orbit/.ipad-probe/.dd/SourcePackages/checkouts/swift-cmark/src/arena.c normal arm64 c com.apple.compilers.llvm.clang.1_0.compiler (in target 'cmark-gfm' from project 'cmark-gfm')
    cd /Users/runner/work/orbit/orbit/.ipad-probe/IpadProbe.xcodeproj
    
    Using response file: /Users/runner/work/orbit/orbit/.ipad-probe/.dd/Build/Intermediates.noindex/cmark-gfm.build/Debug-iphonesimulator/cmark-gfm.build/Objects-normal/arm64/7187679823f38a2a940e0043cdf9d637-common-args.resp
    
    builtin-ScanDependencies -o /Users/runner/work/orbit/orbit/.ipad-probe/.dd/Build/Intermediates.noindex/cmark-gfm.build/Debug-iphonesimulator/cmark-gfm.build/Objects-normal/arm64/arena.o.scan -- /Applications/Xcode_26.6.app/Contents/Developer/Toolchains/XcodeDefault.xctoolchain/usr/bin/clang -x c -ivfsstatcache /Users/runner/work/orbit/orbit/.ipad-probe/.dd/SDKStatCaches.noindex/iphonesimulator26.5-23F81a-688ef53f1462e2c8f657fdc38a81448ff45c64a1807a658693f2a61704f17a36.sdkstatcache -target arm64-apple-ios12.0-simulator -fmessage-length\=0 -fdiagnostics-show-note-include-stack -fmacro-backtrace-limit\=0 -fno-color-diagnostics -fmodules-prune-interval\=86400 -fmodules-prune-after\=345600 -fbuild-session-file\=/Users/runner/work/orbit/orbit/.ipad-probe/.dd/ModuleCache.noindex/Session.modulevalidation -fmodules-validate-once-per-build-session -Wnon-modular-include-in-framework-module -Werror\=non-modular-include-in-framework-module -Wno-trigraphs -Wno-missing-field-initializers -Wno-missing-prototypes -Wno-return-type -Wno-missing-braces -Wparentheses -Wswitch -Wno-unused-function -Wno-unused-label -Wno-unused-parameter -Wno-unused-variable -Wunused-value -Wno-empty-body -Wno-uninitialized -Wno-unknown-pragmas -w -Wno-shadow -Wno-four-char-constants -Wno-conversion -Wno-constant-conversion -Wno-int-conversion -Wno-bool-conversion -Wno-enum-conversion -Wno-float-conversion -Wno-non-literal-null-conversion -Wno-objc-literal-conversion -Wshorten-64-to-32 -Wpointer-sign -Wno-newline-eof -Wno-implicit-fallthrough -isysroot /Applications/Xcode_26.6.app/Contents/Developer/Platforms/iPhoneSimulator.platform/Developer/SDKs/iPhoneSimulator26.5.sdk -fstrict-aliasing -Wdeprecated-declarations -Wno-sign-conversion -Wno-infinite-recursion -Wno-comma -Wno-block-capture-autoreleasing -Wno-strict-prototypes -Wno-semicolon-before-method-body -index-store-path /Users/runner/work/orbit/orbit/.ipad-probe/.dd/Index.noindex/DataStore @/Users/runner/work/orbit/orbit/.ipad-probe/.dd/Build/Intermediates.noindex/cmark-gfm.build/Debug-iphonesimulator/cmark-gfm.build/Objects-normal/arm64/7187679823f38a2a940e0043cdf9d637-common-args.resp -MMD -MT dependencies -MF /Users/runner/work/orbit/orbit/.ipad-probe/.dd/Build/Intermediates.noindex/cmark-gfm.build/Debug-iphonesimulator/cmark-gfm.build/Objects-normal/arm64/arena.d --serialize-diagnostics /Users/runner/work/orbit/orbit/.ipad-probe/.dd/Build/Intermediates.noindex/cmark-gfm.build/Debug-iphonesimulator/cmark-gfm.build/Objects-normal/arm64/arena.dia -c /Users/runner/work/orbit/orbit/.ipad-probe/.dd/SourcePackages/checkouts/swift-cmark/src/arena.c -o /Users/runner/work/orbit/orbit/.ipad-probe/.dd/Build/Intermediates.noindex/cmark-gfm.build/Debug-iphonesimulator/cmark-gfm.build/Objects-normal/arm64/arena.o -index-unit-output-path /cmark-gfm.build/Debug-iphonesimulator/cmark-gfm.build/Objects-normal/arm64/arena.o

ScanDependencies /Users/runner/work/orbit/orbit/.ipad-probe/.dd/Build/Intermediates.noindex/swift-markdown.build/Debug-iphonesimulator/CAtomic.build/Objects-normal/arm64/CAtomic.o /Users/runner/work/orbit/orbit/.ipad-probe/.dd/SourcePackages/checkouts/swift-markdown/Sources/CAtomic/CAtomic.c normal arm64 c com.apple.compilers.llvm.clang.1_0.compiler (in target 'CAtomic' from project 'swift-markdown')
    cd /Users/runner/work/orbit/orbit/.ipad-probe/IpadProbe.xcodeproj
    
    Using response file: /Users/runner/work/orbit/orbit/.ipad-probe/.dd/Build/Intermediates.noindex/swift-markdown.build/Debug-iphonesimulator/CAtomic.build/Objects-normal/arm64/7187679823f38a2a940e0043cdf9d637-common-args.resp
    
    builtin-ScanDependencies -o /Users/runner/work/orbit/orbit/.ipad-probe/.dd/Build/Intermediates.noindex/swift-markdown.build/Debug-iphonesimulator/CAtomic.build/Objects-normal/arm64/CAtomic.o.scan -- /Applications/Xcode_26.6.app/Contents/Developer/Toolchains/XcodeDefault.xctoolchain/usr/bin/clang -x c -ivfsstatcache /Users/runner/work/orbit/orbit/.ipad-probe/.dd/SDKStatCaches.noindex/iphonesimulator26.5-23F81a-688ef53f1462e2c8f657fdc38a81448ff45c64a1807a658693f2a61704f17a36.sdkstatcache -target arm64-apple-ios12.0-simulator -fmessage-length\=0 -fdiagnostics-show-note-include-stack -fmacro-backtrace-limit\=0 -fno-color-diagnostics -fmodules-prune-interval\=86400 -fmodules-prune-after\=345600 -fbuild-session-file\=/Users/runner/work/orbit/orbit/.ipad-probe/.dd/ModuleCache.noindex/Session.modulevalidation -fmodules-validate-once-per-build-session -Wnon-modular-include-in-framework-module -Werror\=non-modular-include-in-framework-module -Wno-trigraphs -Wno-missing-field-initializers -Wno-missing-prototypes -Wno-return-type -Wno-missing-braces -Wparentheses -Wswitch -Wno-unused-function -Wno-unused-label -Wno-unused-parameter -Wno-unused-variable -Wunused-value -Wno-empty-body -Wno-uninitialized -Wno-unknown-pragmas -w -Wno-shadow -Wno-four-char-constants -Wno-conversion -Wno-constant-conversion -Wno-int-conversion -Wno-bool-conversion -Wno-enum-conversion -Wno-float-conversion -Wno-non-literal-null-conversion -Wno-objc-literal-conversion -Wshorten-64-to-32 -Wpointer-sign -Wno-newline-eof -Wno-implicit-fallthrough -isysroot /Applications/Xcode_26.6.app/Contents/Developer/Platforms/iPhoneSimulator.platform/Developer/SDKs/iPhoneSimulator26.5.sdk -fstrict-aliasing -Wdeprecated-declarations -Wno-sign-conversion -Wno-infinite-recursion -Wno-comma -Wno-block-capture-autoreleasing -Wno-strict-prototypes -Wno-semicolon-before-method-body -index-store-path /Users/runner/work/orbit/orbit/.ipad-probe/.dd/Index.noindex/DataStore @/Users/runner/work/orbit/orbit/.ipad-probe/.dd/Build/Intermediates.noindex/swift-markdown.build/Debug-iphonesimulator/CAtomic.build/Objects-normal/arm64/7187679823f38a2a940e0043cdf9d637-common-args.resp -MMD -MT dependencies -MF /Users/runner/work/orbit/orbit/.ipad-probe/.dd/Build/Intermediates.noindex/swift-markdown.build/Debug-iphonesimulator/CAtomic.build/Objects-normal/arm64/CAtomic.d --serialize-diagnostics /Users/runner/work/orbit/orbit/.ipad-probe/.dd/Build/Intermediates.noindex/swift-markdown.build/Debug-iphonesimulator/CAtomic.build/Objects-normal/arm64/CAtomic.dia -c /Users/runner/work/orbit/orbit/.ipad-probe/.dd/SourcePackages/checkouts/swift-markdown/Sources/CAtomic/CAtomic.c -o /Users/runner/work/orbit/orbit/.ipad-probe/.dd/Build/Intermediates.noindex/swift-markdown.build/Debug-iphonesimulator/CAtomic.build/Objects-normal/arm64/CAtomic.o -index-unit-output-path /swift-markdown.build/Debug-iphonesimulator/CAtomic.build/Objects-normal/arm64/CAtomic.o

CompileC /Users/runner/work/orbit/orbit/.ipad-probe/.dd/Build/Intermediates.noindex/cmark-gfm.build/Debug-iphonesimulator/cmark-gfm.build/Objects-normal/arm64/arena.o /Users/runner/work/orbit/orbit/.ipad-probe/.dd/SourcePackages/checkouts/swift-cmark/src/arena.c normal arm64 c com.apple.compilers.llvm.clang.1_0.compiler (in target 'cmark-gfm' from project 'cmark-gfm')
    cd /Users/runner/work/orbit/orbit/.ipad-probe/IpadProbe.xcodeproj
    
    Using response file: /Users/runner/work/orbit/orbit/.ipad-probe/.dd/Build/Intermediates.noindex/cmark-gfm.build/Debug-iphonesimulator/cmark-gfm.build/Objects-normal/arm64/7187679823f38a2a940e0043cdf9d637-common-args.resp
    
    /Applications/Xcode_26.6.app/Contents/Developer/Toolchains/XcodeDefault.xctoolchain/usr/bin/clang -x c -ivfsstatcache /Users/runner/work/orbit/orbit/.ipad-probe/.dd/SDKStatCaches.noindex/iphonesimulator26.5-23F81a-688ef53f1462e2c8f657fdc38a81448ff45c64a1807a658693f2a61704f17a36.sdkstatcache -target arm64-apple-ios12.0-simulator -fmessage-length\=0 -fdiagnostics-show-note-include-stack -fmacro-backtrace-limit\=0 -fno-color-diagnostics -fmodules-prune-interval\=86400 -fmodules-prune-after\=345600 -fbuild-session-file\=/Users/runner/work/orbit/orbit/.ipad-probe/.dd/ModuleCache.noindex/Session.modulevalidation -fmodules-validate-once-per-build-session -Wnon-modular-include-in-framework-module -Werror\=non-modular-include-in-framework-module -Wno-trigraphs -Wno-missing-field-initializers -Wno-missing-prototypes -Wno-return-type -Wno-missing-braces -Wparentheses -Wswitch -Wno-unused-function -Wno-unused-label -Wno-unused-parameter -Wno-unused-variable -Wunused-value -Wno-empty-body -Wno-uninitialized -Wno-unknown-pragmas -w -Wno-shadow -Wno-four-char-constants -Wno-conversion -Wno-constant-conversion -Wno-int-conversion -Wno-bool-conversion -Wno-enum-conversion -Wno-float-conversion -Wno-non-literal-null-conversion -Wno-objc-literal-conversion -Wshorten-64-to-32 -Wpointer-sign -Wno-newline-eof -Wno-implicit-fallthrough -isysroot /Applications/Xcode_26.6.app/Contents/Developer/Platforms/iPhoneSimulator.platform/Developer/SDKs/iPhoneSimulator26.5.sdk -fstrict-aliasing -Wdeprecated-declarations -Wno-sign-conversion -Wno-infinite-recursion -Wno-comma -Wno-block-capture-autoreleasing -Wno-strict-prototypes -Wno-semicolon-before-method-body -index-store-path /Users/runner/work/orbit/orbit/.ipad-probe/.dd/Index.noindex/DataStore @/Users/runner/work/orbit/orbit/.ipad-probe/.dd/Build/Intermediates.noindex/cmark-gfm.build/Debug-iphonesimulator/cmark-gfm.build/Objects-normal/arm64/7187679823f38a2a940e0043cdf9d637-common-args.resp -MMD -MT dependencies -MF /Users/runner/work/orbit/orbit/.ipad-probe/.dd/Build/Intermediates.noindex/cmark-gfm.build/Debug-iphonesimulator/cmark-gfm.build/Objects-normal/arm64/arena.d --serialize-diagnostics /Users/runner/work/orbit/orbit/.ipad-probe/.dd/Build/Intermediates.noindex/cmark-gfm.build/Debug-iphonesimulator/cmark-gfm.build/Objects-normal/arm64/arena.dia -c /Users/runner/work/orbit/orbit/.ipad-probe/.dd/SourcePackages/checkouts/swift-cmark/src/arena.c -o /Users/runner/work/orbit/orbit/.ipad-probe/.dd/Build/Intermediates.noindex/cmark-gfm.build/Debug-iphonesimulator/cmark-gfm.build/Objects-normal/arm64/arena.o -index-unit-output-path /cmark-gfm.build/Debug-iphonesimulator/cmark-gfm.build/Objects-normal/arm64/arena.o

SwiftExplicitDependencyGeneratePcm arm64 /Users/runner/work/orbit/orbit/.ipad-probe/.dd/ModuleCache.noindex/os_workgroup-7AJQU7NMTKSDQH4D40BNBJ4WY.pcm

Ld /Users/runner/work/orbit/orbit/.ipad-probe/.dd/Build/Products/Debug-iphonesimulator/cmark-gfm.o normal (in target 'cmark-gfm' from project 'cmark-gfm')
    cd /Users/runner/work/orbit/orbit/.ipad-probe/.dd/SourcePackages/checkouts/swift-cmark
    /Applications/Xcode_26.6.app/Contents/Developer/Toolchains/XcodeDefault.xctoolchain/usr/bin/clang -Xlinker -reproducible -target arm64-apple-ios12.0-simulator -r -isysroot /Applications/Xcode_26.6.app/Contents/Developer/Platforms/iPhoneSimulator.platform/Developer/SDKs/iPhoneSimulator26.5.sdk -O0 -w -F/Users/runner/work/orbit/orbit/.ipad-probe/.dd/Build/Intermediates.noindex/EagerLinkingTBDs/Debug-iphonesimulator -F/Users/runner/work/orbit/orbit/.ipad-probe/.dd/Build/Products/Debug-iphonesimulator -iframework /Applications/Xcode_26.6.app/Contents/Developer/Platforms/iPhoneSimulator.platform/Developer/Library/Frameworks -iframework /Applications/Xcode_26.6.app/Contents/Developer/Platforms/iPhoneSimulator.platform/Developer/SDKs/iPhoneSimulator26.5.sdk/Developer/Library/Frameworks -filelist /Users/runner/work/orbit/orbit/.ipad-probe/.dd/Build/Intermediates.noindex/cmark-gfm.build/Debug-iphonesimulator/cmark-gfm.build/Objects-normal/arm64/cmark-gfm.LinkFileList -nostdlib -Xlinker -object_path_lto -Xlinker /Users/runner/work/orbit/orbit/.ipad-probe/.dd/Build/Intermediates.noindex/cmark-gfm.build/Debug-iphonesimulator/cmark-gfm.build/Objects-normal/arm64/cmark-gfm_lto.o -Xlinker -no_deduplicate -Xlinker -objc_abi_version -Xlinker 2 -Xlinker -dependency_info -Xlinker /Users/runner/work/orbit/orbit/.ipad-probe/.dd/Build/Intermediates.noindex/cmark-gfm.build/Debug-iphonesimulator/cmark-gfm.build/Objects-normal/arm64/cmark-gfm_dependency_info.dat -o /Users/runner/work/orbit/orbit/.ipad-probe/.dd/Build/Products/Debug-iphonesimulator/cmark-gfm.o

CompileC /Users/runner/work/orbit/orbit/.ipad-probe/.dd/Build/Intermediates.noindex/swift-markdown.build/Debug-iphonesimulator/CAtomic.build/Objects-normal/arm64/CAtomic.o /Users/runner/work/orbit/orbit/.ipad-probe/.dd/SourcePackages/checkouts/swift-markdown/Sources/CAtomic/CAtomic.c normal arm64 c com.apple.compilers.llvm.clang.1_0.compiler (in target 'CAtomic' from project 'swift-markdown')
    cd /Users/runner/work/orbit/orbit/.ipad-probe/IpadProbe.xcodeproj
    
    Using response file: /Users/runner/work/orbit/orbit/.ipad-probe/.dd/Build/Intermediates.noindex/swift-markdown.build/Debug-iphonesimulator/CAtomic.build/Objects-normal/arm64/7187679823f38a2a940e0043cdf9d637-common-args.resp
    
    /Applications/Xcode_26.6.app/Contents/Developer/Toolchains/XcodeDefault.xctoolchain/usr/bin/clang -x c -ivfsstatcache /Users/runner/work/orbit/orbit/.ipad-probe/.dd/SDKStatCaches.noindex/iphonesimulator26.5-23F81a-688ef53f1462e2c8f657fdc38a81448ff45c64a1807a658693f2a61704f17a36.sdkstatcache -target arm64-apple-ios12.0-simulator -fmessage-length\=0 -fdiagnostics-show-note-include-stack -fmacro-backtrace-limit\=0 -fno-color-diagnostics -fmodules-prune-interval\=86400 -fmodules-prune-after\=345600 -fbuild-session-file\=/Users/runner/work/orbit/orbit/.ipad-probe/.dd/ModuleCache.noindex/Session.modulevalidation -fmodules-validate-once-per-build-session -Wnon-modular-include-in-framework-module -Werror\=non-modular-include-in-framework-module -Wno-trigraphs -Wno-missing-field-initializers -Wno-missing-prototypes -Wno-return-type -Wno-missing-braces -Wparentheses -Wswitch -Wno-unused-function -Wno-unused-label -Wno-unused-parameter -Wno-unused-variable -Wunused-value -Wno-empty-body -Wno-uninitialized -Wno-unknown-pragmas -w -Wno-shadow -Wno-four-char-constants -Wno-conversion -Wno-constant-conversion -Wno-int-conversion -Wno-bool-conversion -Wno-enum-conversion -Wno-float-conversion -Wno-non-literal-null-conversion -Wno-objc-literal-conversion -Wshorten-64-to-32 -Wpointer-sign -Wno-newline-eof -Wno-implicit-fallthrough -isysroot /Applications/Xcode_26.6.app/Contents/Developer/Platforms/iPhoneSimulator.platform/Developer/SDKs/iPhoneSimulator26.5.sdk -fstrict-aliasing -Wdeprecated-declarations -Wno-sign-conversion -Wno-infinite-recursion -Wno-comma -Wno-block-capture-autoreleasing -Wno-strict-prototypes -Wno-semicolon-before-method-body -index-store-path /Users/runner/work/orbit/orbit/.ipad-probe/.dd/Index.noindex/DataStore @/Users/runner/work/orbit/orbit/.ipad-probe/.dd/Build/Intermediates.noindex/swift-markdown.build/Debug-iphonesimulator/CAtomic.build/Objects-normal/arm64/7187679823f38a2a940e0043cdf9d637-common-args.resp -MMD -MT dependencies -MF /Users/runner/work/orbit/orbit/.ipad-probe/.dd/Build/Intermediates.noindex/swift-markdown.build/Debug-iphonesimulator/CAtomic.build/Objects-normal/arm64/CAtomic.d --serialize-diagnostics /Users/runner/work/orbit/orbit/.ipad-probe/.dd/Build/Intermediates.noindex/swift-markdown.build/Debug-iphonesimulator/CAtomic.build/Objects-normal/arm64/CAtomic.dia -c /Users/runner/work/orbit/orbit/.ipad-probe/.dd/SourcePackages/checkouts/swift-markdown/Sources/CAtomic/CAtomic.c -o /Users/runner/work/orbit/orbit/.ipad-probe/.dd/Build/Intermediates.noindex/swift-markdown.build/Debug-iphonesimulator/CAtomic.build/Objects-normal/arm64/CAtomic.o -index-unit-output-path /swift-markdown.build/Debug-iphonesimulator/CAtomic.build/Objects-normal/arm64/CAtomic.o

Ld /Users/runner/work/orbit/orbit/.ipad-probe/.dd/Build/Products/Debug-iphonesimulator/CAtomic.o normal (in target 'CAtomic' from project 'swift-markdown')
    cd /Users/runner/work/orbit/orbit/.ipad-probe/.dd/SourcePackages/checkouts/swift-markdown
    /Applications/Xcode_26.6.app/Contents/Developer/Toolchains/XcodeDefault.xctoolchain/usr/bin/clang -Xlinker -reproducible -target arm64-apple-ios12.0-simulator -r -isysroot /Applications/Xcode_26.6.app/Contents/Developer/Platforms/iPhoneSimulator.platform/Developer/SDKs/iPhoneSimulator26.5.sdk -O0 -w -F/Users/runner/work/orbit/orbit/.ipad-probe/.dd/Build/Intermediates.noindex/EagerLinkingTBDs/Debug-iphonesimulator -F/Users/runner/work/orbit/orbit/.ipad-probe/.dd/Build/Products/Debug-iphonesimulator -iframework /Applications/Xcode_26.6.app/Contents/Developer/Platforms/iPhoneSimulator.platform/Developer/Library/Frameworks -iframework /Applications/Xcode_26.6.app/Contents/Developer/Platforms/iPhoneSimulator.platform/Developer/SDKs/iPhoneSimulator26.5.sdk/Developer/Library/Frameworks -filelist /Users/runner/work/orbit/orbit/.ipad-probe/.dd/Build/Intermediates.noindex/swift-markdown.build/Debug-iphonesimulator/CAtomic.build/Objects-normal/arm64/CAtomic.LinkFileList -nostdlib -Xlinker -object_path_lto -Xlinker /Users/runner/work/orbit/orbit/.ipad-probe/.dd/Build/Intermediates.noindex/swift-markdown.build/Debug-iphonesimulator/CAtomic.build/Objects-normal/arm64/CAtomic_lto.o -Xlinker -no_deduplicate -Xlinker -objc_abi_version -Xlinker 2 -Xlinker -dependency_info -Xlinker /Users/runner/work/orbit/orbit/.ipad-probe/.dd/Build/Intermediates.noindex/swift-markdown.build/Debug-iphonesimulator/CAtomic.build/Objects-normal/arm64/CAtomic_dependency_info.dat -o /Users/runner/work/orbit/orbit/.ipad-probe/.dd/Build/Products/Debug-iphonesimulator/CAtomic.o

SwiftExplicitDependencyGeneratePcm arm64 /Users/runner/work/orbit/orbit/.ipad-probe/.dd/ModuleCache.noindex/Dispatch-AC5FHN3NQFW9YUU5WMYIMDOO.pcm

CodeSign /Users/runner/work/orbit/orbit/.ipad-probe/.dd/Build/Products/Debug-iphonesimulator/CAtomic.o (in target 'CAtomic' from project 'swift-markdown')
    cd /Users/runner/work/orbit/orbit/.ipad-probe/.dd/SourcePackages/checkouts/swift-markdown
    
    Signing Identity:     "Sign to Run Locally"
    
    /usr/bin/codesign --force --sign - --timestamp\=none --generate-entitlement-der /Users/runner/work/orbit/orbit/.ipad-probe/.dd/Build/Products/Debug-iphonesimulator/CAtomic.o

CodeSign /Users/runner/work/orbit/orbit/.ipad-probe/.dd/Build/Products/Debug-iphonesimulator/cmark-gfm.o (in target 'cmark-gfm' from project 'cmark-gfm')
    cd /Users/runner/work/orbit/orbit/.ipad-probe/.dd/SourcePackages/checkouts/swift-cmark
    
    Signing Identity:     "Sign to Run Locally"
    
    /usr/bin/codesign --force --sign - --timestamp\=none --generate-entitlement-der /Users/runner/work/orbit/orbit/.ipad-probe/.dd/Build/Products/Debug-iphonesimulator/cmark-gfm.o

RegisterExecutionPolicyException /Users/runner/work/orbit/orbit/.ipad-probe/.dd/Build/Products/Debug-iphonesimulator/CAtomic.o (in target 'CAtomic' from project 'swift-markdown')
    cd /Users/runner/work/orbit/orbit/.ipad-probe/.dd/SourcePackages/checkouts/swift-markdown
    builtin-RegisterExecutionPolicyException /Users/runner/work/orbit/orbit/.ipad-probe/.dd/Build/Products/Debug-iphonesimulator/CAtomic.o

RegisterExecutionPolicyException /Users/runner/work/orbit/orbit/.ipad-probe/.dd/Build/Products/Debug-iphonesimulator/cmark-gfm.o (in target 'cmark-gfm' from project 'cmark-gfm')
    cd /Users/runner/work/orbit/orbit/.ipad-probe/.dd/SourcePackages/checkouts/swift-cmark
    builtin-RegisterExecutionPolicyException /Users/runner/work/orbit/orbit/.ipad-probe/.dd/Build/Products/Debug-iphonesimulator/cmark-gfm.o

SwiftExplicitDependencyGeneratePcm arm64 /Users/runner/work/orbit/orbit/.ipad-probe/.dd/ModuleCache.noindex/CoreFoundation-53QFALONL6JE0XBAY5PMGBC2U.pcm

SwiftExplicitDependencyGeneratePcm arm64 /Users/runner/work/orbit/orbit/.ipad-probe/.dd/ModuleCache.noindex/XPC-BVP3X70220ED1389WNWM92WHZ.pcm

Ld /Users/runner/work/orbit/orbit/.ipad-probe/.dd/Build/Products/Debug-iphonesimulator/cmark-gfm-extensions.o normal (in target 'cmark-gfm-extensions' from project 'cmark-gfm')
    cd /Users/runner/work/orbit/orbit/.ipad-probe/.dd/SourcePackages/checkouts/swift-cmark
    /Applications/Xcode_26.6.app/Contents/Developer/Toolchains/XcodeDefault.xctoolchain/usr/bin/clang -Xlinker -reproducible -target arm64-apple-ios12.0-simulator -r -isysroot /Applications/Xcode_26.6.app/Contents/Developer/Platforms/iPhoneSimulator.platform/Developer/SDKs/iPhoneSimulator26.5.sdk -O0 -w -F/Users/runner/work/orbit/orbit/.ipad-probe/.dd/Build/Intermediates.noindex/EagerLinkingTBDs/Debug-iphonesimulator -F/Users/runner/work/orbit/orbit/.ipad-probe/.dd/Build/Products/Debug-iphonesimulator/PackageFrameworks -F/Users/runner/work/orbit/orbit/.ipad-probe/.dd/Build/Products/Debug-iphonesimulator -iframework /Applications/Xcode_26.6.app/Contents/Developer/Platforms/iPhoneSimulator.platform/Developer/Library/Frameworks -iframework /Applications/Xcode_26.6.app/Contents/Developer/Platforms/iPhoneSimulator.platform/Developer/SDKs/iPhoneSimulator26.5.sdk/Developer/Library/Frameworks -filelist /Users/runner/work/orbit/orbit/.ipad-probe/.dd/Build/Intermediates.noindex/cmark-gfm.build/Debug-iphonesimulator/cmark-gfm-extensions.build/Objects-normal/arm64/cmark-gfm-extensions.LinkFileList -nostdlib -Xlinker -object_path_lto -Xlinker /Users/runner/work/orbit/orbit/.ipad-probe/.dd/Build/Intermediates.noindex/cmark-gfm.build/Debug-iphonesimulator/cmark-gfm-extensions.build/Objects-normal/arm64/cmark-gfm-extensions_lto.o -Xlinker -no_deduplicate -Xlinker -objc_abi_version -Xlinker 2 -Xlinker -dependency_info -Xlinker /Users/runner/work/orbit/orbit/.ipad-probe/.dd/Build/Intermediates.noindex/cmark-gfm.build/Debug-iphonesimulator/cmark-gfm-extensions.build/Objects-normal/arm64/cmark-gfm-extensions_dependency_info.dat -o /Users/runner/work/orbit/orbit/.ipad-probe/.dd/Build/Products/Debug-iphonesimulator/cmark-gfm-extensions.o

CodeSign /Users/runner/work/orbit/orbit/.ipad-probe/.dd/Build/Products/Debug-iphonesimulator/cmark-gfm-extensions.o (in target 'cmark-gfm-extensions' from project 'cmark-gfm')
    cd /Users/runner/work/orbit/orbit/.ipad-probe/.dd/SourcePackages/checkouts/swift-cmark
    
    Signing Identity:     "Sign to Run Locally"
    
    /usr/bin/codesign --force --sign - --timestamp\=none --generate-entitlement-der /Users/runner/work/orbit/orbit/.ipad-probe/.dd/Build/Products/Debug-iphonesimulator/cmark-gfm-extensions.o

RegisterExecutionPolicyException /Users/runner/work/orbit/orbit/.ipad-probe/.dd/Build/Products/Debug-iphonesimulator/cmark-gfm-extensions.o (in target 'cmark-gfm-extensions' from project 'cmark-gfm')
    cd /Users/runner/work/orbit/orbit/.ipad-probe/.dd/SourcePackages/checkouts/swift-cmark
    builtin-RegisterExecutionPolicyException /Users/runner/work/orbit/orbit/.ipad-probe/.dd/Build/Products/Debug-iphonesimulator/cmark-gfm-extensions.o

SwiftExplicitDependencyGeneratePcm arm64 /Users/runner/work/orbit/orbit/.ipad-probe/.dd/ModuleCache.noindex/CFNetwork-AHV86ODNDZ2QUIYQBHE2OAWD8.pcm

SwiftExplicitDependencyGeneratePcm arm64 /Users/runner/work/orbit/orbit/.ipad-probe/.dd/ModuleCache.noindex/Security-A4K6839J5ZII736ZO1LO2A01N.pcm

SwiftExplicitDependencyGeneratePcm arm64 /Users/runner/work/orbit/orbit/.ipad-probe/.dd/ModuleCache.noindex/Foundation-2I7TA5WOTVOI800UV4K84F7KF.pcm

SwiftCompile normal arm64 Compiling\ BlockDirectiveParser.swift,\ CommonMarkConverter.swift,\ LazySplitLines.swift,\ ParseOptions.swift,\ RangeAdjuster.swift,\ RangerTracker.swift,\ MarkupRewriter.swift,\ BasicBlockContainer.swift,\ BasicInlineContainer.swift,\ BlockContainer.swift,\ BlockMarkup.swift,\ InlineContainer.swift,\ InlineMarkup.swift,\ ListItemContainer.swift,\ AtomicCounter.swift,\ CharacterExtensions.swift,\ CollectionExtensions.swift,\ StringExtensions.swift,\ MarkupVisitor.swift,\ MarkupWalker.swift,\ HTMLFormatter.swift,\ MarkupFormatter.swift,\ MarkupTreeDumper.swift /Users/runner/work/orbit/orbit/.ipad-probe/.dd/SourcePackages/checkouts/swift-markdown/Sources/Markdown/Parser/BlockDirectiveParser.swift /Users/runner/work/orbit/orbit/.ipad-probe/.dd/SourcePackages/checkouts/swift-markdown/Sources/Markdown/Parser/CommonMarkConverter.swift /Users/runner/work/orbit/orbit/.ipad-probe/.dd/SourcePackages/checkouts/swift-markdown/Sources/Markdown/Parser/LazySplitLines.swift /Users/runner/work/orbit/orbit/.ipad-probe/.dd/SourcePackages/checkouts/swift-markdown/Sources/Markdown/Parser/ParseOptions.swift /Users/runner/work/orbit/orbit/.ipad-probe/.dd/SourcePackages/checkouts/swift-markdown/Sources/Markdown/Parser/RangeAdjuster.swift /Users/runner/work/orbit/orbit/.ipad-probe/.dd/SourcePackages/checkouts/swift-markdown/Sources/Markdown/Parser/RangerTracker.swift /Users/runner/work/orbit/orbit/.ipad-probe/.dd/SourcePackages/checkouts/swift-markdown/Sources/Markdown/Rewriter/MarkupRewriter.swift /Users/runner/work/orbit/orbit/.ipad-probe/.dd/SourcePackages/checkouts/swift-markdown/Sources/Markdown/Structural\ Restrictions/BasicBlockContainer.swift /Users/runner/work/orbit/orbit/.ipad-probe/.dd/SourcePackages/checkouts/swift-markdown/Sources/Markdown/Structural\ Restrictions/BasicInlineContainer.swift /Users/runner/work/orbit/orbit/.ipad-probe/.dd/SourcePackages/checkouts/swift-markdown/Sources/Markdown/Structural\ Restrictions/BlockContainer.swift /Users/runner/work/orbit/orbit/.ipad-probe/.dd/SourcePackages/checkouts/swift-markdown/Sources/Markdown/Structural\ Restrictions/BlockMarkup.swift /Users/runner/work/orbit/orbit/.ipad-probe/.dd/SourcePackages/checkouts/swift-markdown/Sources/Markdown/Structural\ Restrictions/InlineContainer.swift /Users/runner/work/orbit/orbit/.ipad-probe/.dd/SourcePackages/checkouts/swift-markdown/Sources/Markdown/Structural\ Restrictions/InlineMarkup.swift /Users/runner/work/orbit/orbit/.ipad-probe/.dd/SourcePackages/checkouts/swift-markdown/Sources/Markdown/Structural\ Restrictions/ListItemContainer.swift /Users/runner/work/orbit/orbit/.ipad-probe/.dd/SourcePackages/checkouts/swift-markdown/Sources/Markdown/Utility/AtomicCounter.swift /Users/runner/work/orbit/orbit/.ipad-probe/.dd/SourcePackages/checkouts/swift-markdown/Sources/Markdown/Utility/CharacterExtensions.swift /Users/runner/work/orbit/orbit/.ipad-probe/.dd/SourcePackages/checkouts/swift-markdown/Sources/Markdown/Utility/CollectionExtensions.swift /Users/runner/work/orbit/orbit/.ipad-probe/.dd/SourcePackages/checkouts/swift-markdown/Sources/Markdown/Utility/StringExtensions.swift /Users/runner/work/orbit/orbit/.ipad-probe/.dd/SourcePackages/checkouts/swift-markdown/Sources/Markdown/Visitor/MarkupVisitor.swift /Users/runner/work/orbit/orbit/.ipad-probe/.dd/SourcePackages/checkouts/swift-markdown/Sources/Markdown/Walker/MarkupWalker.swift /Users/runner/work/orbit/orbit/.ipad-probe/.dd/SourcePackages/checkouts/swift-markdown/Sources/Markdown/Walker/Walkers/HTMLFormatter.swift /Users/runner/work/orbit/orbit/.ipad-probe/.dd/SourcePackages/checkouts/swift-markdown/Sources/Markdown/Walker/Walkers/MarkupFormatter.swift /Users/runner/work/orbit/orbit/.ipad-probe/.dd/SourcePackages/checkouts/swift-markdown/Sources/Markdown/Walker/Walkers/MarkupTreeDumper.swift (in target 'Markdown' from project 'swift-markdown')

SwiftCompile normal arm64 /Users/runner/work/orbit/orbit/.ipad-probe/.dd/SourcePackages/checkouts/swift-markdown/Sources/Markdown/Parser/BlockDirectiveParser.swift (in target 'Markdown' from project 'swift-markdown')
    cd /Users/runner/work/orbit/orbit/.ipad-probe/IpadProbe.xcodeproj
    

SwiftCompile normal arm64 /Users/runner/work/orbit/orbit/.ipad-probe/.dd/SourcePackages/checkouts/swift-markdown/Sources/Markdown/Parser/CommonMarkConverter.swift (in target 'Markdown' from project 'swift-markdown')
    cd /Users/runner/work/orbit/orbit/.ipad-probe/IpadProbe.xcodeproj
    

SwiftCompile normal arm64 /Users/runner/work/orbit/orbit/.ipad-probe/.dd/SourcePackages/checkouts/swift-markdown/Sources/Markdown/Parser/LazySplitLines.swift (in target 'Markdown' from project 'swift-markdown')
    cd /Users/runner/work/orbit/orbit/.ipad-probe/IpadProbe.xcodeproj
    

SwiftCompile normal arm64 /Users/runner/work/orbit/orbit/.ipad-probe/.dd/SourcePackages/checkouts/swift-markdown/Sources/Markdown/Parser/ParseOptions.swift (in target 'Markdown' from project 'swift-markdown')
    cd /Users/runner/work/orbit/orbit/.ipad-probe/IpadProbe.xcodeproj
    

SwiftCompile normal arm64 /Users/runner/work/orbit/orbit/.ipad-probe/.dd/SourcePackages/checkouts/swift-markdown/Sources/Markdown/Parser/RangeAdjuster.swift (in target 'Markdown' from project 'swift-markdown')
    cd /Users/runner/work/orbit/orbit/.ipad-probe/IpadProbe.xcodeproj
    

SwiftCompile normal arm64 /Users/runner/work/orbit/orbit/.ipad-probe/.dd/SourcePackages/checkouts/swift-markdown/Sources/Markdown/Parser/RangerTracker.swift (in target 'Markdown' from project 'swift-markdown')
    cd /Users/runner/work/orbit/orbit/.ipad-probe/IpadProbe.xcodeproj
    

SwiftCompile normal arm64 /Users/runner/work/orbit/orbit/.ipad-probe/.dd/SourcePackages/checkouts/swift-markdown/Sources/Markdown/Rewriter/MarkupRewriter.swift (in target 'Markdown' from project 'swift-markdown')
    cd /Users/runner/work/orbit/orbit/.ipad-probe/IpadProbe.xcodeproj
    

SwiftCompile normal arm64 /Users/runner/work/orbit/orbit/.ipad-probe/.dd/SourcePackages/checkouts/swift-markdown/Sources/Markdown/Structural\ Restrictions/BasicBlockContainer.swift (in target 'Markdown' from project 'swift-markdown')
    cd /Users/runner/work/orbit/orbit/.ipad-probe/IpadProbe.xcodeproj
    

SwiftCompile normal arm64 /Users/runner/work/orbit/orbit/.ipad-probe/.dd/SourcePackages/checkouts/swift-markdown/Sources/Markdown/Structural\ Restrictions/BasicInlineContainer.swift (in target 'Markdown' from project 'swift-markdown')
    cd /Users/runner/work/orbit/orbit/.ipad-probe/IpadProbe.xcodeproj
    

SwiftCompile normal arm64 /Users/runner/work/orbit/orbit/.ipad-probe/.dd/SourcePackages/checkouts/swift-markdown/Sources/Markdown/Structural\ Restrictions/BlockContainer.swift (in target 'Markdown' from project 'swift-markdown')
    cd /Users/runner/work/orbit/orbit/.ipad-probe/IpadProbe.xcodeproj
    

SwiftCompile normal arm64 /Users/runner/work/orbit/orbit/.ipad-probe/.dd/SourcePackages/checkouts/swift-markdown/Sources/Markdown/Structural\ Restrictions/BlockMarkup.swift (in target 'Markdown' from project 'swift-markdown')
    cd /Users/runner/work/orbit/orbit/.ipad-probe/IpadProbe.xcodeproj
    

SwiftCompile normal arm64 /Users/runner/work/orbit/orbit/.ipad-probe/.dd/SourcePackages/checkouts/swift-markdown/Sources/Markdown/Structural\ Restrictions/InlineContainer.swift (in target 'Markdown' from project 'swift-markdown')
    cd /Users/runner/work/orbit/orbit/.ipad-probe/IpadProbe.xcodeproj
    

SwiftCompile normal arm64 /Users/runner/work/orbit/orbit/.ipad-probe/.dd/SourcePackages/checkouts/swift-markdown/Sources/Markdown/Structural\ Restrictions/InlineMarkup.swift (in target 'Markdown' from project 'swift-markdown')
    cd /Users/runner/work/orbit/orbit/.ipad-probe/IpadProbe.xcodeproj
    

SwiftCompile normal arm64 /Users/runner/work/orbit/orbit/.ipad-probe/.dd/SourcePackages/checkouts/swift-markdown/Sources/Markdown/Structural\ Restrictions/ListItemContainer.swift (in target 'Markdown' from project 'swift-markdown')
    cd /Users/runner/work/orbit/orbit/.ipad-probe/IpadProbe.xcodeproj
    

SwiftCompile normal arm64 /Users/runner/work/orbit/orbit/.ipad-probe/.dd/SourcePackages/checkouts/swift-markdown/Sources/Markdown/Utility/AtomicCounter.swift (in target 'Markdown' from project 'swift-markdown')
    cd /Users/runner/work/orbit/orbit/.ipad-probe/IpadProbe.xcodeproj
    

SwiftCompile normal arm64 /Users/runner/work/orbit/orbit/.ipad-probe/.dd/SourcePackages/checkouts/swift-markdown/Sources/Markdown/Utility/CharacterExtensions.swift (in target 'Markdown' from project 'swift-markdown')
    cd /Users/runner/work/orbit/orbit/.ipad-probe/IpadProbe.xcodeproj
    

SwiftCompile normal arm64 /Users/runner/work/orbit/orbit/.ipad-probe/.dd/SourcePackages/checkouts/swift-markdown/Sources/Markdown/Utility/CollectionExtensions.swift (in target 'Markdown' from project 'swift-markdown')
    cd /Users/runner/work/orbit/orbit/.ipad-probe/IpadProbe.xcodeproj
    

SwiftCompile normal arm64 /Users/runner/work/orbit/orbit/.ipad-probe/.dd/SourcePackages/checkouts/swift-markdown/Sources/Markdown/Utility/StringExtensions.swift (in target 'Markdown' from project 'swift-markdown')
    cd /Users/runner/work/orbit/orbit/.ipad-probe/IpadProbe.xcodeproj
    

SwiftCompile normal arm64 /Users/runner/work/orbit/orbit/.ipad-probe/.dd/SourcePackages/checkouts/swift-markdown/Sources/Markdown/Visitor/MarkupVisitor.swift (in target 'Markdown' from project 'swift-markdown')
    cd /Users/runner/work/orbit/orbit/.ipad-probe/IpadProbe.xcodeproj
    

SwiftCompile normal arm64 /Users/runner/work/orbit/orbit/.ipad-probe/.dd/SourcePackages/checkouts/swift-markdown/Sources/Markdown/Walker/MarkupWalker.swift (in target 'Markdown' from project 'swift-markdown')
    cd /Users/runner/work/orbit/orbit/.ipad-probe/IpadProbe.xcodeproj
    

SwiftCompile normal arm64 /Users/runner/work/orbit/orbit/.ipad-probe/.dd/SourcePackages/checkouts/swift-markdown/Sources/Markdown/Walker/Walkers/HTMLFormatter.swift (in target 'Markdown' from project 'swift-markdown')
    cd /Users/runner/work/orbit/orbit/.ipad-probe/IpadProbe.xcodeproj
    

SwiftCompile normal arm64 /Users/runner/work/orbit/orbit/.ipad-probe/.dd/SourcePackages/checkouts/swift-markdown/Sources/Markdown/Walker/Walkers/MarkupFormatter.swift (in target 'Markdown' from project 'swift-markdown')
    cd /Users/runner/work/orbit/orbit/.ipad-probe/IpadProbe.xcodeproj
    

SwiftCompile normal arm64 /Users/runner/work/orbit/orbit/.ipad-probe/.dd/SourcePackages/checkouts/swift-markdown/Sources/Markdown/Walker/Walkers/MarkupTreeDumper.swift (in target 'Markdown' from project 'swift-markdown')
    cd /Users/runner/work/orbit/orbit/.ipad-probe/IpadProbe.xcodeproj
    

SwiftEmitModule normal arm64 Emitting\ module\ for\ Markdown (in target 'Markdown' from project 'swift-markdown')

EmitSwiftModule normal arm64 (in target 'Markdown' from project 'swift-markdown')
    cd /Users/runner/work/orbit/orbit/.ipad-probe/IpadProbe.xcodeproj
    

SwiftCompile normal arm64 Compiling\ ThematicBreak.swift,\ Table.swift,\ TableBody.swift,\ TableCell.swift,\ TableCellContainer.swift,\ TableHead.swift,\ TableRow.swift,\ Replacement.swift,\ SourceLocation.swift,\ Emphasis.swift,\ Image.swift,\ InlineAttributes.swift,\ Link.swift,\ Strikethrough.swift,\ Strong.swift,\ CustomInline.swift,\ InlineCode.swift,\ InlineHTML.swift,\ LineBreak.swift,\ SoftBreak.swift,\ SymbolLink.swift,\ Text.swift,\ Aside.swift /Users/runner/work/orbit/orbit/.ipad-probe/.dd/SourcePackages/checkouts/swift-markdown/Sources/Markdown/Block\ Nodes/Leaf\ Blocks/ThematicBreak.swift /Users/runner/work/orbit/orbit/.ipad-probe/.dd/SourcePackages/checkouts/swift-markdown/Sources/Markdown/Block\ Nodes/Tables/Table.swift /Users/runner/work/orbit/orbit/.ipad-probe/.dd/SourcePackages/checkouts/swift-markdown/Sources/Markdown/Block\ Nodes/Tables/TableBody.swift /Users/runner/work/orbit/orbit/.ipad-probe/.dd/SourcePackages/checkouts/swift-markdown/Sources/Markdown/Block\ Nodes/Tables/TableCell.swift /Users/runner/work/orbit/orbit/.ipad-probe/.dd/SourcePackages/checkouts/swift-markdown/Sources/Markdown/Block\ Nodes/Tables/TableCellContainer.swift /Users/runner/work/orbit/orbit/.ipad-probe/.dd/SourcePackages/checkouts/swift-markdown/Sources/Markdown/Block\ Nodes/Tables/TableHead.swift /Users/runner/work/orbit/orbit/.ipad-probe/.dd/SourcePackages/checkouts/swift-markdown/Sources/Markdown/Block\ Nodes/Tables/TableRow.swift /Users/runner/work/orbit/orbit/.ipad-probe/.dd/SourcePackages/checkouts/swift-markdown/Sources/Markdown/Infrastructure/Replacement.swift /Users/runner/work/orbit/orbit/.ipad-probe/.dd/SourcePackages/checkouts/swift-markdown/Sources/Markdown/Infrastructure/SourceLocation.swift /Users/runner/work/orbit/orbit/.ipad-probe/.dd/SourcePackages/checkouts/swift-markdown/Sources/Markdown/Inline\ Nodes/Inline\ Containers/Emphasis.swift /Users/runner/work/orbit/orbit/.ipad-probe/.dd/SourcePackages/checkouts/swift-markdown/Sources/Markdown/Inline\ Nodes/Inline\ Containers/Image.swift /Users/runner/work/orbit/orbit/.ipad-probe/.dd/SourcePackages/checkouts/swift-markdown/Sources/Markdown/Inline\ Nodes/Inline\ Containers/InlineAttributes.swift /Users/runner/work/orbit/orbit/.ipad-probe/.dd/SourcePackages/checkouts/swift-markdown/Sources/Markdown/Inline\ Nodes/Inline\ Containers/Link.swift /Users/runner/work/orbit/orbit/.ipad-probe/.dd/SourcePackages/checkouts/swift-markdown/Sources/Markdown/Inline\ Nodes/Inline\ Containers/Strikethrough.swift /Users/runner/work/orbit/orbit/.ipad-probe/.dd/SourcePackages/checkouts/swift-markdown/Sources/Markdown/Inline\ Nodes/Inline\ Containers/Strong.swift /Users/runner/work/orbit/orbit/.ipad-probe/.dd/SourcePackages/checkouts/swift-markdown/Sources/Markdown/Inline\ Nodes/Inline\ Leaves/CustomInline.swift /Users/runner/work/orbit/orbit/.ipad-probe/.dd/SourcePackages/checkouts/swift-markdown/Sources/Markdown/Inline\ Nodes/Inline\ Leaves/InlineCode.swift /Users/runner/work/orbit/orbit/.ipad-probe/.dd/SourcePackages/checkouts/swift-markdown/Sources/Markdown/Inline\ Nodes/Inline\ Leaves/InlineHTML.swift /Users/runner/work/orbit/orbit/.ipad-probe/.dd/SourcePackages/checkouts/swift-markdown/Sources/Markdown/Inline\ Nodes/Inline\ Leaves/LineBreak.swift /Users/runner/work/orbit/orbit/.ipad-probe/.dd/SourcePackages/checkouts/swift-markdown/Sources/Markdown/Inline\ Nodes/Inline\ Leaves/SoftBreak.swift /Users/runner/work/orbit/orbit/.ipad-probe/.dd/SourcePackages/checkouts/swift-markdown/Sources/Markdown/Inline\ Nodes/Inline\ Leaves/SymbolLink.swift /Users/runner/work/orbit/orbit/.ipad-probe/.dd/SourcePackages/checkouts/swift-markdown/Sources/Markdown/Inline\ Nodes/Inline\ Leaves/Text.swift /Users/runner/work/orbit/orbit/.ipad-probe/.dd/SourcePackages/checkouts/swift-markdown/Sources/Markdown/Interpretive\ Nodes/Aside.swift (in target 'Markdown' from project 'swift-markdown')

SwiftCompile normal arm64 /Users/runner/work/orbit/orbit/.ipad-probe/.dd/SourcePackages/checkouts/swift-markdown/Sources/Markdown/Block\ Nodes/Leaf\ Blocks/ThematicBreak.swift (in target 'Markdown' from project 'swift-markdown')
    cd /Users/runner/work/orbit/orbit/.ipad-probe/IpadProbe.xcodeproj
    

SwiftCompile normal arm64 /Users/runner/work/orbit/orbit/.ipad-probe/.dd/SourcePackages/checkouts/swift-markdown/Sources/Markdown/Block\ Nodes/Tables/Table.swift (in target 'Markdown' from project 'swift-markdown')
    cd /Users/runner/work/orbit/orbit/.ipad-probe/IpadProbe.xcodeproj
    

SwiftCompile normal arm64 /Users/runner/work/orbit/orbit/.ipad-probe/.dd/SourcePackages/checkouts/swift-markdown/Sources/Markdown/Block\ Nodes/Tables/TableBody.swift (in target 'Markdown' from project 'swift-markdown')
    cd /Users/runner/work/orbit/orbit/.ipad-probe/IpadProbe.xcodeproj
    

SwiftCompile normal arm64 /Users/runner/work/orbit/orbit/.ipad-probe/.dd/SourcePackages/checkouts/swift-markdown/Sources/Markdown/Block\ Nodes/Tables/TableCell.swift (in target 'Markdown' from project 'swift-markdown')
    cd /Users/runner/work/orbit/orbit/.ipad-probe/IpadProbe.xcodeproj
    

SwiftCompile normal arm64 /Users/runner/work/orbit/orbit/.ipad-probe/.dd/SourcePackages/checkouts/swift-markdown/Sources/Markdown/Block\ Nodes/Tables/TableCellContainer.swift (in target 'Markdown' from project 'swift-markdown')
    cd /Users/runner/work/orbit/orbit/.ipad-probe/IpadProbe.xcodeproj
    

SwiftCompile normal arm64 /Users/runner/work/orbit/orbit/.ipad-probe/.dd/SourcePackages/checkouts/swift-markdown/Sources/Markdown/Block\ Nodes/Tables/TableHead.swift (in target 'Markdown' from project 'swift-markdown')
    cd /Users/runner/work/orbit/orbit/.ipad-probe/IpadProbe.xcodeproj
    

SwiftCompile normal arm64 /Users/runner/work/orbit/orbit/.ipad-probe/.dd/SourcePackages/checkouts/swift-markdown/Sources/Markdown/Block\ Nodes/Tables/TableRow.swift (in target 'Markdown' from project 'swift-markdown')
    cd /Users/runner/work/orbit/orbit/.ipad-probe/IpadProbe.xcodeproj
    

SwiftCompile normal arm64 /Users/runner/work/orbit/orbit/.ipad-probe/.dd/SourcePackages/checkouts/swift-markdown/Sources/Markdown/Infrastructure/Replacement.swift (in target 'Markdown' from project 'swift-markdown')
    cd /Users/runner/work/orbit/orbit/.ipad-probe/IpadProbe.xcodeproj
    

SwiftCompile normal arm64 /Users/runner/work/orbit/orbit/.ipad-probe/.dd/SourcePackages/checkouts/swift-markdown/Sources/Markdown/Infrastructure/SourceLocation.swift (in target 'Markdown' from project 'swift-markdown')
    cd /Users/runner/work/orbit/orbit/.ipad-probe/IpadProbe.xcodeproj
    

SwiftCompile normal arm64 /Users/runner/work/orbit/orbit/.ipad-probe/.dd/SourcePackages/checkouts/swift-markdown/Sources/Markdown/Inline\ Nodes/Inline\ Containers/Emphasis.swift (in target 'Markdown' from project 'swift-markdown')
    cd /Users/runner/work/orbit/orbit/.ipad-probe/IpadProbe.xcodeproj
    

SwiftCompile normal arm64 /Users/runner/work/orbit/orbit/.ipad-probe/.dd/SourcePackages/checkouts/swift-markdown/Sources/Markdown/Inline\ Nodes/Inline\ Containers/Image.swift (in target 'Markdown' from project 'swift-markdown')
    cd /Users/runner/work/orbit/orbit/.ipad-probe/IpadProbe.xcodeproj
    

SwiftCompile normal arm64 /Users/runner/work/orbit/orbit/.ipad-probe/.dd/SourcePackages/checkouts/swift-markdown/Sources/Markdown/Inline\ Nodes/Inline\ Containers/InlineAttributes.swift (in target 'Markdown' from project 'swift-markdown')
    cd /Users/runner/work/orbit/orbit/.ipad-probe/IpadProbe.xcodeproj
    

SwiftCompile normal arm64 /Users/runner/work/orbit/orbit/.ipad-probe/.dd/SourcePackages/checkouts/swift-markdown/Sources/Markdown/Inline\ Nodes/Inline\ Containers/Link.swift (in target 'Markdown' from project 'swift-markdown')
    cd /Users/runner/work/orbit/orbit/.ipad-probe/IpadProbe.xcodeproj
    

SwiftCompile normal arm64 /Users/runner/work/orbit/orbit/.ipad-probe/.dd/SourcePackages/checkouts/swift-markdown/Sources/Markdown/Inline\ Nodes/Inline\ Containers/Strikethrough.swift (in target 'Markdown' from project 'swift-markdown')
    cd /Users/runner/work/orbit/orbit/.ipad-probe/IpadProbe.xcodeproj
    

SwiftCompile normal arm64 /Users/runner/work/orbit/orbit/.ipad-probe/.dd/SourcePackages/checkouts/swift-markdown/Sources/Markdown/Inline\ Nodes/Inline\ Containers/Strong.swift (in target 'Markdown' from project 'swift-markdown')
    cd /Users/runner/work/orbit/orbit/.ipad-probe/IpadProbe.xcodeproj
    

SwiftCompile normal arm64 /Users/runner/work/orbit/orbit/.ipad-probe/.dd/SourcePackages/checkouts/swift-markdown/Sources/Markdown/Inline\ Nodes/Inline\ Leaves/CustomInline.swift (in target 'Markdown' from project 'swift-markdown')
    cd /Users/runner/work/orbit/orbit/.ipad-probe/IpadProbe.xcodeproj
    

SwiftCompile normal arm64 /Users/runner/work/orbit/orbit/.ipad-probe/.dd/SourcePackages/checkouts/swift-markdown/Sources/Markdown/Inline\ Nodes/Inline\ Leaves/InlineCode.swift (in target 'Markdown' from project 'swift-markdown')
    cd /Users/runner/work/orbit/orbit/.ipad-probe/IpadProbe.xcodeproj
    

SwiftCompile normal arm64 /Users/runner/work/orbit/orbit/.ipad-probe/.dd/SourcePackages/checkouts/swift-markdown/Sources/Markdown/Inline\ Nodes/Inline\ Leaves/InlineHTML.swift (in target 'Markdown' from project 'swift-markdown')
    cd /Users/runner/work/orbit/orbit/.ipad-probe/IpadProbe.xcodeproj
    

SwiftCompile normal arm64 /Users/runner/work/orbit/orbit/.ipad-probe/.dd/SourcePackages/checkouts/swift-markdown/Sources/Markdown/Inline\ Nodes/Inline\ Leaves/LineBreak.swift (in target 'Markdown' from project 'swift-markdown')
    cd /Users/runner/work/orbit/orbit/.ipad-probe/IpadProbe.xcodeproj
    

SwiftCompile normal arm64 /Users/runner/work/orbit/orbit/.ipad-probe/.dd/SourcePackages/checkouts/swift-markdown/Sources/Markdown/Inline\ Nodes/Inline\ Leaves/SoftBreak.swift (in target 'Markdown' from project 'swift-markdown')
    cd /Users/runner/work/orbit/orbit/.ipad-probe/IpadProbe.xcodeproj
    

SwiftCompile normal arm64 /Users/runner/work/orbit/orbit/.ipad-probe/.dd/SourcePackages/checkouts/swift-markdown/Sources/Markdown/Inline\ Nodes/Inline\ Leaves/SymbolLink.swift (in target 'Markdown' from project 'swift-markdown')
    cd /Users/runner/work/orbit/orbit/.ipad-probe/IpadProbe.xcodeproj
    

SwiftCompile normal arm64 /Users/runner/work/orbit/orbit/.ipad-probe/.dd/SourcePackages/checkouts/swift-markdown/Sources/Markdown/Inline\ Nodes/Inline\ Leaves/Text.swift (in target 'Markdown' from project 'swift-markdown')
    cd /Users/runner/work/orbit/orbit/.ipad-probe/IpadProbe.xcodeproj
    

SwiftCompile normal arm64 /Users/runner/work/orbit/orbit/.ipad-probe/.dd/SourcePackages/checkouts/swift-markdown/Sources/Markdown/Interpretive\ Nodes/Aside.swift (in target 'Markdown' from project 'swift-markdown')
    cd /Users/runner/work/orbit/orbit/.ipad-probe/IpadProbe.xcodeproj
    

SwiftCompile normal arm64 Compiling\ ChildIndexPath.swift,\ DirectiveArgument.swift,\ Document.swift,\ LiteralMarkup.swift,\ Markup.swift,\ MarkupChildren.swift,\ MarkupData.swift,\ PlainTextConvertibleMarkup.swift,\ RawMarkup.swift,\ BlockDirective.swift,\ BlockQuote.swift,\ CustomBlock.swift,\ DoxygenAbstract.swift,\ DoxygenDiscussion.swift,\ DoxygenNote.swift,\ DoxygenParameter.swift,\ DoxygenReturns.swift,\ ListItem.swift,\ OrderedList.swift,\ UnorderedList.swift,\ Paragraph.swift,\ CodeBlock.swift,\ HTMLBlock.swift,\ Heading.swift /Users/runner/work/orbit/orbit/.ipad-probe/.dd/SourcePackages/checkouts/swift-markdown/Sources/Markdown/Base/ChildIndexPath.swift /Users/runner/work/orbit/orbit/.ipad-probe/.dd/SourcePackages/checkouts/swift-markdown/Sources/Markdown/Base/DirectiveArgument.swift /Users/runner/work/orbit/orbit/.ipad-probe/.dd/SourcePackages/checkouts/swift-markdown/Sources/Markdown/Base/Document.swift /Users/runner/work/orbit/orbit/.ipad-probe/.dd/SourcePackages/checkouts/swift-markdown/Sources/Markdown/Base/LiteralMarkup.swift /Users/runner/work/orbit/orbit/.ipad-probe/.dd/SourcePackages/checkouts/swift-markdown/Sources/Markdown/Base/Markup.swift /Users/runner/work/orbit/orbit/.ipad-probe/.dd/SourcePackages/checkouts/swift-markdown/Sources/Markdown/Base/MarkupChildren.swift /Users/runner/work/orbit/orbit/.ipad-probe/.dd/SourcePackages/checkouts/swift-markdown/Sources/Markdown/Base/MarkupData.swift /Users/runner/work/orbit/orbit/.ipad-probe/.dd/SourcePackages/checkouts/swift-markdown/Sources/Markdown/Base/PlainTextConvertibleMarkup.swift /Users/runner/work/orbit/orbit/.ipad-probe/.dd/SourcePackages/checkouts/swift-markdown/Sources/Markdown/Base/RawMarkup.swift /Users/runner/work/orbit/orbit/.ipad-probe/.dd/SourcePackages/checkouts/swift-markdown/Sources/Markdown/Block\ Nodes/Block\ Container\ Blocks/BlockDirective.swift /Users/runner/work/orbit/orbit/.ipad-probe/.dd/SourcePackages/checkouts/swift-markdown/Sources/Markdown/Block\ Nodes/Block\ Container\ Blocks/BlockQuote.swift /Users/runner/work/orbit/orbit/.ipad-probe/.dd/SourcePackages/checkouts/swift-markdown/Sources/Markdown/Block\ Nodes/Block\ Container\ Blocks/CustomBlock.swift /Users/runner/work/orbit/orbit/.ipad-probe/.dd/SourcePackages/checkouts/swift-markdown/Sources/Markdown/Block\ Nodes/Block\ Container\ Blocks/Doxygen\ Commands/DoxygenAbstract.swift /Users/runner/work/orbit/orbit/.ipad-probe/.dd/SourcePackages/checkouts/swift-markdown/Sources/Markdown/Block\ Nodes/Block\ Container\ Blocks/Doxygen\ Commands/DoxygenDiscussion.swift /Users/runner/work/orbit/orbit/.ipad-probe/.dd/SourcePackages/checkouts/swift-markdown/Sources/Markdown/Block\ Nodes/Block\ Container\ Blocks/Doxygen\ Commands/DoxygenNote.swift /Users/runner/work/orbit/orbit/.ipad-probe/.dd/SourcePackages/checkouts/swift-markdown/Sources/Markdown/Block\ Nodes/Block\ Container\ Blocks/Doxygen\ Commands/DoxygenParameter.swift /Users/runner/work/orbit/orbit/.ipad-probe/.dd/SourcePackages/checkouts/swift-markdown/Sources/Markdown/Block\ Nodes/Block\ Container\ Blocks/Doxygen\ Commands/DoxygenReturns.swift /Users/runner/work/orbit/orbit/.ipad-probe/.dd/SourcePackages/checkouts/swift-markdown/Sources/Markdown/Block\ Nodes/Block\ Container\ Blocks/ListItem.swift /Users/runner/work/orbit/orbit/.ipad-probe/.dd/SourcePackages/checkouts/swift-markdown/Sources/Markdown/Block\ Nodes/Block\ Container\ Blocks/OrderedList.swift /Users/runner/work/orbit/orbit/.ipad-probe/.dd/SourcePackages/checkouts/swift-markdown/Sources/Markdown/Block\ Nodes/Block\ Container\ Blocks/UnorderedList.swift /Users/runner/work/orbit/orbit/.ipad-probe/.dd/SourcePackages/checkouts/swift-markdown/Sources/Markdown/Block\ Nodes/Inline\ Container\ Blocks/Paragraph.swift /Users/runner/work/orbit/orbit/.ipad-probe/.dd/SourcePackages/checkouts/swift-markdown/Sources/Markdown/Block\ Nodes/Leaf\ Blocks/CodeBlock.swift /Users/runner/work/orbit/orbit/.ipad-probe/.dd/SourcePackages/checkouts/swift-markdown/Sources/Markdown/Block\ Nodes/Leaf\ Blocks/HTMLBlock.swift /Users/runner/work/orbit/orbit/.ipad-probe/.dd/SourcePackages/checkouts/swift-markdown/Sources/Markdown/Block\ Nodes/Leaf\ Blocks/Heading.swift (in target 'Markdown' from project 'swift-markdown')

SwiftCompile normal arm64 /Users/runner/work/orbit/orbit/.ipad-probe/.dd/SourcePackages/checkouts/swift-markdown/Sources/Markdown/Base/ChildIndexPath.swift (in target 'Markdown' from project 'swift-markdown')
    cd /Users/runner/work/orbit/orbit/.ipad-probe/IpadProbe.xcodeproj
    

SwiftCompile normal arm64 /Users/runner/work/orbit/orbit/.ipad-probe/.dd/SourcePackages/checkouts/swift-markdown/Sources/Markdown/Base/DirectiveArgument.swift (in target 'Markdown' from project 'swift-markdown')
    cd /Users/runner/work/orbit/orbit/.ipad-probe/IpadProbe.xcodeproj
    

SwiftCompile normal arm64 /Users/runner/work/orbit/orbit/.ipad-probe/.dd/SourcePackages/checkouts/swift-markdown/Sources/Markdown/Base/Document.swift (in target 'Markdown' from project 'swift-markdown')
    cd /Users/runner/work/orbit/orbit/.ipad-probe/IpadProbe.xcodeproj
    

SwiftCompile normal arm64 /Users/runner/work/orbit/orbit/.ipad-probe/.dd/SourcePackages/checkouts/swift-markdown/Sources/Markdown/Base/LiteralMarkup.swift (in target 'Markdown' from project 'swift-markdown')
    cd /Users/runner/work/orbit/orbit/.ipad-probe/IpadProbe.xcodeproj
    

SwiftCompile normal arm64 /Users/runner/work/orbit/orbit/.ipad-probe/.dd/SourcePackages/checkouts/swift-markdown/Sources/Markdown/Base/Markup.swift (in target 'Markdown' from project 'swift-markdown')
    cd /Users/runner/work/orbit/orbit/.ipad-probe/IpadProbe.xcodeproj
    

SwiftCompile normal arm64 /Users/runner/work/orbit/orbit/.ipad-probe/.dd/SourcePackages/checkouts/swift-markdown/Sources/Markdown/Base/MarkupChildren.swift (in target 'Markdown' from project 'swift-markdown')
    cd /Users/runner/work/orbit/orbit/.ipad-probe/IpadProbe.xcodeproj
    

SwiftCompile normal arm64 /Users/runner/work/orbit/orbit/.ipad-probe/.dd/SourcePackages/checkouts/swift-markdown/Sources/Markdown/Base/MarkupData.swift (in target 'Markdown' from project 'swift-markdown')
    cd /Users/runner/work/orbit/orbit/.ipad-probe/IpadProbe.xcodeproj
    

SwiftCompile normal arm64 /Users/runner/work/orbit/orbit/.ipad-probe/.dd/SourcePackages/checkouts/swift-markdown/Sources/Markdown/Base/PlainTextConvertibleMarkup.swift (in target 'Markdown' from project 'swift-markdown')
    cd /Users/runner/work/orbit/orbit/.ipad-probe/IpadProbe.xcodeproj
    

SwiftCompile normal arm64 /Users/runner/work/orbit/orbit/.ipad-probe/.dd/SourcePackages/checkouts/swift-markdown/Sources/Markdown/Base/RawMarkup.swift (in target 'Markdown' from project 'swift-markdown')
    cd /Users/runner/work/orbit/orbit/.ipad-probe/IpadProbe.xcodeproj
    

SwiftCompile normal arm64 /Users/runner/work/orbit/orbit/.ipad-probe/.dd/SourcePackages/checkouts/swift-markdown/Sources/Markdown/Block\ Nodes/Block\ Container\ Blocks/BlockDirective.swift (in target 'Markdown' from project 'swift-markdown')
    cd /Users/runner/work/orbit/orbit/.ipad-probe/IpadProbe.xcodeproj
    

SwiftCompile normal arm64 /Users/runner/work/orbit/orbit/.ipad-probe/.dd/SourcePackages/checkouts/swift-markdown/Sources/Markdown/Block\ Nodes/Block\ Container\ Blocks/BlockQuote.swift (in target 'Markdown' from project 'swift-markdown')
    cd /Users/runner/work/orbit/orbit/.ipad-probe/IpadProbe.xcodeproj
    

SwiftCompile normal arm64 /Users/runner/work/orbit/orbit/.ipad-probe/.dd/SourcePackages/checkouts/swift-markdown/Sources/Markdown/Block\ Nodes/Block\ Container\ Blocks/CustomBlock.swift (in target 'Markdown' from project 'swift-markdown')
    cd /Users/runner/work/orbit/orbit/.ipad-probe/IpadProbe.xcodeproj
    

SwiftCompile normal arm64 /Users/runner/work/orbit/orbit/.ipad-probe/.dd/SourcePackages/checkouts/swift-markdown/Sources/Markdown/Block\ Nodes/Block\ Container\ Blocks/Doxygen\ Commands/DoxygenAbstract.swift (in target 'Markdown' from project 'swift-markdown')
    cd /Users/runner/work/orbit/orbit/.ipad-probe/IpadProbe.xcodeproj
    

SwiftCompile normal arm64 /Users/runner/work/orbit/orbit/.ipad-probe/.dd/SourcePackages/checkouts/swift-markdown/Sources/Markdown/Block\ Nodes/Block\ Container\ Blocks/Doxygen\ Commands/DoxygenDiscussion.swift (in target 'Markdown' from project 'swift-markdown')
    cd /Users/runner/work/orbit/orbit/.ipad-probe/IpadProbe.xcodeproj
    

SwiftCompile normal arm64 /Users/runner/work/orbit/orbit/.ipad-probe/.dd/SourcePackages/checkouts/swift-markdown/Sources/Markdown/Block\ Nodes/Block\ Container\ Blocks/Doxygen\ Commands/DoxygenNote.swift (in target 'Markdown' from project 'swift-markdown')
    cd /Users/runner/work/orbit/orbit/.ipad-probe/IpadProbe.xcodeproj
    

SwiftCompile normal arm64 /Users/runner/work/orbit/orbit/.ipad-probe/.dd/SourcePackages/checkouts/swift-markdown/Sources/Markdown/Block\ Nodes/Block\ Container\ Blocks/Doxygen\ Commands/DoxygenParameter.swift (in target 'Markdown' from project 'swift-markdown')
    cd /Users/runner/work/orbit/orbit/.ipad-probe/IpadProbe.xcodeproj
    

SwiftCompile normal arm64 /Users/runner/work/orbit/orbit/.ipad-probe/.dd/SourcePackages/checkouts/swift-markdown/Sources/Markdown/Block\ Nodes/Block\ Container\ Blocks/Doxygen\ Commands/DoxygenReturns.swift (in target 'Markdown' from project 'swift-markdown')
    cd /Users/runner/work/orbit/orbit/.ipad-probe/IpadProbe.xcodeproj
    

SwiftCompile normal arm64 /Users/runner/work/orbit/orbit/.ipad-probe/.dd/SourcePackages/checkouts/swift-markdown/Sources/Markdown/Block\ Nodes/Block\ Container\ Blocks/ListItem.swift (in target 'Markdown' from project 'swift-markdown')
    cd /Users/runner/work/orbit/orbit/.ipad-probe/IpadProbe.xcodeproj
    

SwiftCompile normal arm64 /Users/runner/work/orbit/orbit/.ipad-probe/.dd/SourcePackages/checkouts/swift-markdown/Sources/Markdown/Block\ Nodes/Block\ Container\ Blocks/OrderedList.swift (in target 'Markdown' from project 'swift-markdown')
    cd /Users/runner/work/orbit/orbit/.ipad-probe/IpadProbe.xcodeproj
    

SwiftCompile normal arm64 /Users/runner/work/orbit/orbit/.ipad-probe/.dd/SourcePackages/checkouts/swift-markdown/Sources/Markdown/Block\ Nodes/Block\ Container\ Blocks/UnorderedList.swift (in target 'Markdown' from project 'swift-markdown')
    cd /Users/runner/work/orbit/orbit/.ipad-probe/IpadProbe.xcodeproj
    

SwiftCompile normal arm64 /Users/runner/work/orbit/orbit/.ipad-probe/.dd/SourcePackages/checkouts/swift-markdown/Sources/Markdown/Block\ Nodes/Inline\ Container\ Blocks/Paragraph.swift (in target 'Markdown' from project 'swift-markdown')
    cd /Users/runner/work/orbit/orbit/.ipad-probe/IpadProbe.xcodeproj
    

SwiftCompile normal arm64 /Users/runner/work/orbit/orbit/.ipad-probe/.dd/SourcePackages/checkouts/swift-markdown/Sources/Markdown/Block\ Nodes/Leaf\ Blocks/CodeBlock.swift (in target 'Markdown' from project 'swift-markdown')
    cd /Users/runner/work/orbit/orbit/.ipad-probe/IpadProbe.xcodeproj
    

SwiftCompile normal arm64 /Users/runner/work/orbit/orbit/.ipad-probe/.dd/SourcePackages/checkouts/swift-markdown/Sources/Markdown/Block\ Nodes/Leaf\ Blocks/HTMLBlock.swift (in target 'Markdown' from project 'swift-markdown')
    cd /Users/runner/work/orbit/orbit/.ipad-probe/IpadProbe.xcodeproj
    

SwiftCompile normal arm64 /Users/runner/work/orbit/orbit/.ipad-probe/.dd/SourcePackages/checkouts/swift-markdown/Sources/Markdown/Block\ Nodes/Leaf\ Blocks/Heading.swift (in target 'Markdown' from project 'swift-markdown')
    cd /Users/runner/work/orbit/orbit/.ipad-probe/IpadProbe.xcodeproj
    

SwiftDriverJobDiscovery normal arm64 Emitting module for Markdown (in target 'Markdown' from project 'swift-markdown')

SwiftDriver\ Compilation\ Requirements Markdown normal arm64 com.apple.xcode.tools.swift.compiler (in target 'Markdown' from project 'swift-markdown')
    cd /Users/runner/work/orbit/orbit/.ipad-probe/IpadProbe.xcodeproj
    builtin-Swift-Compilation-Requirements -- /Applications/Xcode_26.6.app/Contents/Developer/Toolchains/XcodeDefault.xctoolchain/usr/bin/swiftc -module-name Markdown -Onone @/Users/runner/work/orbit/orbit/.ipad-probe/.dd/Build/Intermediates.noindex/swift-markdown.build/Debug-iphonesimulator/Markdown.build/Objects-normal/arm64/Markdown.SwiftFileList -DSWIFT_PACKAGE -DDEBUG -DSWIFT_MODULE_RESOURCE_BUNDLE_UNAVAILABLE -DXcode -plugin-path /Applications/Xcode_26.6.app/Contents/Developer/Toolchains/XcodeDefault.xctoolchain/usr/lib/swift/host/plugins/testing -enable-experimental-feature DebugDescriptionMacro -sdk /Applications/Xcode_26.6.app/Contents/Developer/Platforms/iPhoneSimulator.platform/Developer/SDKs/iPhoneSimulator26.5.sdk -target arm64-apple-ios12.0-simulator -g -module-cache-path /Users/runner/work/orbit/orbit/.ipad-probe/.dd/ModuleCache.noindex -Xfrontend -serialize-debugging-options -enable-testing -suppress-warnings -index-store-path /Users/runner/work/orbit/orbit/.ipad-probe/.dd/Index.noindex/DataStore -Xcc -D_LIBCPP_HARDENING_MODE\=_LIBCPP_HARDENING_MODE_DEBUG -swift-version 5 -I /Users/runner/work/orbit/orbit/.ipad-probe/.dd/Build/Products/Debug-iphonesimulator -Isystem /Applications/Xcode_26.6.app/Contents/Developer/Platforms/iPhoneSimulator.platform/Developer/usr/lib -F /Users/runner/work/orbit/orbit/.ipad-probe/.dd/Build/Products/Debug-iphonesimulator/PackageFrameworks -F /Users/runner/work/orbit/orbit/.ipad-probe/.dd/Build/Products/Debug-iphonesimulator/PackageFrameworks -F /Users/runner/work/orbit/orbit/.ipad-probe/.dd/Build/Products/Debug-iphonesimulator/PackageFrameworks -F /Users/runner/work/orbit/orbit/.ipad-probe/.dd/Build/Products/Debug-iphonesimulator -F /Applications/Xcode_26.6.app/Contents/Developer/Platforms/iPhoneSimulator.platform/Developer/Library/Frameworks -F /Applications/Xcode_26.6.app/Contents/Developer/Platforms/iPhoneSimulator.platform/Developer/SDKs/iPhoneSimulator26.5.sdk/Developer/Library/Frameworks -c -j3 -enable-batch-mode -incremental -Xcc -ivfsstatcache -Xcc /Users/runner/work/orbit/orbit/.ipad-probe/.dd/SDKStatCaches.noindex/iphonesimulator26.5-23F81a-688ef53f1462e2c8f657fdc38a81448ff45c64a1807a658693f2a61704f17a36.sdkstatcache -output-file-map /Users/runner/work/orbit/orbit/.ipad-probe/.dd/Build/Intermediates.noindex/swift-markdown.build/Debug-iphonesimulator/Markdown.build/Objects-normal/arm64/Markdown-OutputFileMap.json -use-frontend-parseable-output -save-temps -no-color-diagnostics -explicit-module-build -module-cache-path /Users/runner/work/orbit/orbit/.ipad-probe/.dd/Build/Intermediates.noindex/SwiftExplicitPrecompiledModules -clang-scanner-module-cache-path /Users/runner/work/orbit/orbit/.ipad-probe/.dd/ModuleCache.noindex -sdk-module-cache-path /Users/runner/work/orbit/orbit/.ipad-probe/.dd/ModuleCache.noindex -serialize-diagnostics -emit-dependencies -emit-module -emit-module-path /Users/runner/work/orbit/orbit/.ipad-probe/.dd/Build/Intermediates.noindex/swift-markdown.build/Debug-iphonesimulator/Markdown.build/Objects-normal/arm64/Markdown.swiftmodule -user-module-version 0.9.0 -validate-clang-modules-once -clang-build-session-file /Users/runner/work/orbit/orbit/.ipad-probe/.dd/ModuleCache.noindex/Session.modulevalidation -package-name swift_markdown -Xcc -I/Users/runner/work/orbit/orbit/.ipad-probe/.dd/Build/Intermediates.noindex/swift-markdown.build/Debug-iphonesimulator/Markdown.build/swift-overrides.hmap -emit-const-values -Xfrontend -const-gather-protocols-file -Xfrontend /Users/runner/work/orbit/orbit/.ipad-probe/.dd/Build/Intermediates.noindex/swift-markdown.build/Debug-iphonesimulator/Markdown.build/Objects-normal/arm64/Markdown_const_extract_protocols.json -Xcc -I/Users/runner/work/orbit/orbit/.ipad-probe/.dd/SourcePackages/checkouts/swift-cmark/src/include -Xcc -I/Users/runner/work/orbit/orbit/.ipad-probe/.dd/SourcePackages/checkouts/swift-cmark/extensions/include -Xcc -I/Users/runner/work/orbit/orbit/.ipad-probe/.dd/SourcePackages/checkouts/swift-markdown/Sources/CAtomic/include -Xcc -I/Users/runner/work/orbit/orbit/.ipad-probe/.dd/Build/Products/Debug-iphonesimulator/include -Xcc -I/Users/runner/work/orbit/orbit/.ipad-probe/.dd/Build/Intermediates.noindex/swift-markdown.build/Debug-iphonesimulator/Markdown.build/DerivedSources-normal/arm64 -Xcc -I/Users/runner/work/orbit/orbit/.ipad-probe/.dd/Build/Intermediates.noindex/swift-markdown.build/Debug-iphonesimulator/Markdown.build/DerivedSources/arm64 -Xcc -I/Users/runner/work/orbit/orbit/.ipad-probe/.dd/Build/Intermediates.noindex/swift-markdown.build/Debug-iphonesimulator/Markdown.build/DerivedSources -Xcc -DSWIFT_PACKAGE -Xcc -DDEBUG\=1 -emit-objc-header -emit-objc-header-path /Users/runner/work/orbit/orbit/.ipad-probe/.dd/Build/Intermediates.noindex/swift-markdown.build/Debug-iphonesimulator/Markdown.build/Objects-normal/arm64/Markdown-Swift.h -working-directory /Users/runner/work/orbit/orbit/.ipad-probe/IpadProbe.xcodeproj -experimental-emit-module-separately -disable-cmo

SwiftDriverJobDiscovery normal arm64 Compiling ThematicBreak.swift, Table.swift, TableBody.swift, TableCell.swift, TableCellContainer.swift, TableHead.swift, TableRow.swift, Replacement.swift, SourceLocation.swift, Emphasis.swift, Image.swift, InlineAttributes.swift, Link.swift, Strikethrough.swift, Strong.swift, CustomInline.swift, InlineCode.swift, InlineHTML.swift, LineBreak.swift, SoftBreak.swift, SymbolLink.swift, Text.swift, Aside.swift (in target 'Markdown' from project 'swift-markdown')

SwiftMergeGeneratedHeaders /Users/runner/work/orbit/orbit/.ipad-probe/.dd/Build/Intermediates.noindex/GeneratedModuleMaps-iphonesimulator/Markdown-Swift.h /Users/runner/work/orbit/orbit/.ipad-probe/.dd/Build/Intermediates.noindex/swift-markdown.build/Debug-iphonesimulator/Markdown.build/Objects-normal/arm64/Markdown-Swift.h (in target 'Markdown' from project 'swift-markdown')
    cd /Users/runner/work/orbit/orbit/.ipad-probe/.dd/SourcePackages/checkouts/swift-markdown
    builtin-swiftHeaderTool -arch arm64 /Users/runner/work/orbit/orbit/.ipad-probe/.dd/Build/Intermediates.noindex/swift-markdown.build/Debug-iphonesimulator/Markdown.build/Objects-normal/arm64/Markdown-Swift.h -o /Users/runner/work/orbit/orbit/.ipad-probe/.dd/Build/Intermediates.noindex/GeneratedModuleMaps-iphonesimulator/Markdown-Swift.h

Copy /Users/runner/work/orbit/orbit/.ipad-probe/.dd/Build/Products/Debug-iphonesimulator/Markdown.swiftmodule/arm64-apple-ios-simulator.swiftmodule /Users/runner/work/orbit/orbit/.ipad-probe/.dd/Build/Intermediates.noindex/swift-markdown.build/Debug-iphonesimulator/Markdown.build/Objects-normal/arm64/Markdown.swiftmodule (in target 'Markdown' from project 'swift-markdown')
    cd /Users/runner/work/orbit/orbit/.ipad-probe/.dd/SourcePackages/checkouts/swift-markdown
    builtin-copy -exclude .DS_Store -exclude CVS -exclude .svn -exclude .git -exclude .hg -resolve-src-symlinks -rename /Users/runner/work/orbit/orbit/.ipad-probe/.dd/Build/Intermediates.noindex/swift-markdown.build/Debug-iphonesimulator/Markdown.build/Objects-normal/arm64/Markdown.swiftmodule /Users/runner/work/orbit/orbit/.ipad-probe/.dd/Build/Products/Debug-iphonesimulator/Markdown.swiftmodule/arm64-apple-ios-simulator.swiftmodule

Copy /Users/runner/work/orbit/orbit/.ipad-probe/.dd/Build/Products/Debug-iphonesimulator/Markdown.swiftmodule/arm64-apple-ios-simulator.swiftdoc /Users/runner/work/orbit/orbit/.ipad-probe/.dd/Build/Intermediates.noindex/swift-markdown.build/Debug-iphonesimulator/Markdown.build/Objects-normal/arm64/Markdown.swiftdoc (in target 'Markdown' from project 'swift-markdown')
    cd /Users/runner/work/orbit/orbit/.ipad-probe/.dd/SourcePackages/checkouts/swift-markdown
    builtin-copy -exclude .DS_Store -exclude CVS -exclude .svn -exclude .git -exclude .hg -resolve-src-symlinks -rename /Users/runner/work/orbit/orbit/.ipad-probe/.dd/Build/Intermediates.noindex/swift-markdown.build/Debug-iphonesimulator/Markdown.build/Objects-normal/arm64/Markdown.swiftdoc /Users/runner/work/orbit/orbit/.ipad-probe/.dd/Build/Products/Debug-iphonesimulator/Markdown.swiftmodule/arm64-apple-ios-simulator.swiftdoc

Copy /Users/runner/work/orbit/orbit/.ipad-probe/.dd/Build/Products/Debug-iphonesimulator/Markdown.swiftmodule/arm64-apple-ios-simulator.abi.json /Users/runner/work/orbit/orbit/.ipad-probe/.dd/Build/Intermediates.noindex/swift-markdown.build/Debug-iphonesimulator/Markdown.build/Objects-normal/arm64/Markdown.abi.json (in target 'Markdown' from project 'swift-markdown')
    cd /Users/runner/work/orbit/orbit/.ipad-probe/.dd/SourcePackages/checkouts/swift-markdown
    builtin-copy -exclude .DS_Store -exclude CVS -exclude .svn -exclude .git -exclude .hg -resolve-src-symlinks -rename /Users/runner/work/orbit/orbit/.ipad-probe/.dd/Build/Intermediates.noindex/swift-markdown.build/Debug-iphonesimulator/Markdown.build/Objects-normal/arm64/Markdown.abi.json /Users/runner/work/orbit/orbit/.ipad-probe/.dd/Build/Products/Debug-iphonesimulator/Markdown.swiftmodule/arm64-apple-ios-simulator.abi.json

Copy /Users/runner/work/orbit/orbit/.ipad-probe/.dd/Build/Products/Debug-iphonesimulator/Markdown.swiftmodule/Project/arm64-apple-ios-simulator.swiftsourceinfo /Users/runner/work/orbit/orbit/.ipad-probe/.dd/Build/Intermediates.noindex/swift-markdown.build/Debug-iphonesimulator/Markdown.build/Objects-normal/arm64/Markdown.swiftsourceinfo (in target 'Markdown' from project 'swift-markdown')
    cd /Users/runner/work/orbit/orbit/.ipad-probe/.dd/SourcePackages/checkouts/swift-markdown
    builtin-copy -exclude .DS_Store -exclude CVS -exclude .svn -exclude .git -exclude .hg -resolve-src-symlinks -rename /Users/runner/work/orbit/orbit/.ipad-probe/.dd/Build/Intermediates.noindex/swift-markdown.build/Debug-iphonesimulator/Markdown.build/Objects-normal/arm64/Markdown.swiftsourceinfo /Users/runner/work/orbit/orbit/.ipad-probe/.dd/Build/Products/Debug-iphonesimulator/Markdown.swiftmodule/Project/arm64-apple-ios-simulator.swiftsourceinfo

SwiftDriver OrbitKit normal arm64 com.apple.xcode.tools.swift.compiler (in target 'OrbitKit' from project 'OrbitKit')
    cd /Users/runner/work/orbit/orbit/.ipad-probe/IpadProbe.xcodeproj
    builtin-SwiftDriver -- /Applications/Xcode_26.6.app/Contents/Developer/Toolchains/XcodeDefault.xctoolchain/usr/bin/swiftc -module-name OrbitKit -Onone @/Users/runner/work/orbit/orbit/.ipad-probe/.dd/Build/Intermediates.noindex/OrbitKit.build/Debug-iphonesimulator/OrbitKit.build/Objects-normal/arm64/OrbitKit.SwiftFileList -DSWIFT_PACKAGE -DDEBUG -DSWIFT_MODULE_RESOURCE_BUNDLE_UNAVAILABLE -DXcode -plugin-path /Applications/Xcode_26.6.app/Contents/Developer/Toolchains/XcodeDefault.xctoolchain/usr/lib/swift/host/plugins/testing -enable-experimental-feature DebugDescriptionMacro -sdk /Applications/Xcode_26.6.app/Contents/Developer/Platforms/iPhoneSimulator.platform/Developer/SDKs/iPhoneSimulator26.5.sdk -target arm64-apple-ios17.0-simulator -g -module-cache-path /Users/runner/work/orbit/orbit/.ipad-probe/.dd/ModuleCache.noindex -Xfrontend -serialize-debugging-options -enable-testing -index-store-path /Users/runner/work/orbit/orbit/.ipad-probe/.dd/Index.noindex/DataStore -Xcc -D_LIBCPP_HARDENING_MODE\=_LIBCPP_HARDENING_MODE_DEBUG -swift-version 5 -I /Users/runner/work/orbit/orbit/.ipad-probe/.dd/Build/Products/Debug-iphonesimulator -Isystem /Applications/Xcode_26.6.app/Contents/Developer/Platforms/iPhoneSimulator.platform/Developer/usr/lib -F /Users/runner/work/orbit/orbit/.ipad-probe/.dd/Build/Products/Debug-iphonesimulator/PackageFrameworks -F /Users/runner/work/orbit/orbit/.ipad-probe/.dd/Build/Products/Debug-iphonesimulator/PackageFrameworks -F /Users/runner/work/orbit/orbit/.ipad-probe/.dd/Build/Products/Debug-iphonesimulator/PackageFrameworks -F /Users/runner/work/orbit/orbit/.ipad-probe/.dd/Build/Products/Debug-iphonesimulator/PackageFrameworks -F /Users/runner/work/orbit/orbit/.ipad-probe/.dd/Build/Products/Debug-iphonesimulator -F /Applications/Xcode_26.6.app/Contents/Developer/Platforms/iPhoneSimulator.platform/Developer/Library/Frameworks -F /Applications/Xcode_26.6.app/Contents/Developer/Platforms/iPhoneSimulator.platform/Developer/SDKs/iPhoneSimulator26.5.sdk/Developer/Library/Frameworks -c -j3 -enable-batch-mode -incremental -Xcc -ivfsstatcache -Xcc /Users/runner/work/orbit/orbit/.ipad-probe/.dd/SDKStatCaches.noindex/iphonesimulator26.5-23F81a-688ef53f1462e2c8f657fdc38a81448ff45c64a1807a658693f2a61704f17a36.sdkstatcache -output-file-map /Users/runner/work/orbit/orbit/.ipad-probe/.dd/Build/Intermediates.noindex/OrbitKit.build/Debug-iphonesimulator/OrbitKit.build/Objects-normal/arm64/OrbitKit-OutputFileMap.json -use-frontend-parseable-output -save-temps -no-color-diagnostics -explicit-module-build -module-cache-path /Users/runner/work/orbit/orbit/.ipad-probe/.dd/Build/Intermediates.noindex/SwiftExplicitPrecompiledModules -clang-scanner-module-cache-path /Users/runner/work/orbit/orbit/.ipad-probe/.dd/ModuleCache.noindex -sdk-module-cache-path /Users/runner/work/orbit/orbit/.ipad-probe/.dd/ModuleCache.noindex -serialize-diagnostics -emit-dependencies -emit-module -emit-module-path /Users/runner/work/orbit/orbit/.ipad-probe/.dd/Build/Intermediates.noindex/OrbitKit.build/Debug-iphonesimulator/OrbitKit.build/Objects-normal/arm64/OrbitKit.swiftmodule -validate-clang-modules-once -clang-build-session-file /Users/runner/work/orbit/orbit/.ipad-probe/.dd/ModuleCache.noindex/Session.modulevalidation -package-name orbitkit -Xcc -I/Users/runner/work/orbit/orbit/.ipad-probe/.dd/Build/Intermediates.noindex/OrbitKit.build/Debug-iphonesimulator/OrbitKit.build/swift-overrides.hmap -emit-const-values -Xfrontend -const-gather-protocols-file -Xfrontend /Users/runner/work/orbit/orbit/.ipad-probe/.dd/Build/Intermediates.noindex/OrbitKit.build/Debug-iphonesimulator/OrbitKit.build/Objects-normal/arm64/OrbitKit_const_extract_protocols.json -Xcc -I/Users/runner/work/orbit/orbit/.ipad-probe/.dd/SourcePackages/checkouts/swift-cmark/src/include -Xcc -I/Users/runner/work/orbit/orbit/.ipad-probe/.dd/SourcePackages/checkouts/swift-cmark/extensions/include -Xcc -I/Users/runner/work/orbit/orbit/.ipad-probe/.dd/SourcePackages/checkouts/swift-markdown/Sources/CAtomic/include -Xcc -I/Users/runner/work/orbit/orbit/.ipad-probe/.dd/Build/Products/Debug-iphonesimulator/include -Xcc -I/Users/runner/work/orbit/orbit/.ipad-probe/.dd/Build/Intermediates.noindex/OrbitKit.build/Debug-iphonesimulator/OrbitKit.build/DerivedSources-normal/arm64 -Xcc -I/Users/runner/work/orbit/orbit/.ipad-probe/.dd/Build/Intermediates.noindex/OrbitKit.build/Debug-iphonesimulator/OrbitKit.build/DerivedSources/arm64 -Xcc -I/Users/runner/work/orbit/orbit/.ipad-probe/.dd/Build/Intermediates.noindex/OrbitKit.build/Debug-iphonesimulator/OrbitKit.build/DerivedSources -Xcc -DSWIFT_PACKAGE -Xcc -DDEBUG\=1 -emit-objc-header -emit-objc-header-path /Users/runner/work/orbit/orbit/.ipad-probe/.dd/Build/Intermediates.noindex/OrbitKit.build/Debug-iphonesimulator/OrbitKit.build/Objects-normal/arm64/OrbitKit-Swift.h -working-directory /Users/runner/work/orbit/orbit/.ipad-probe/IpadProbe.xcodeproj -experimental-emit-module-separately -disable-cmo

SwiftDriverJobDiscovery normal arm64 Compiling ChildIndexPath.swift, DirectiveArgument.swift, Document.swift, LiteralMarkup.swift, Markup.swift, MarkupChildren.swift, MarkupData.swift, PlainTextConvertibleMarkup.swift, RawMarkup.swift, BlockDirective.swift, BlockQuote.swift, CustomBlock.swift, DoxygenAbstract.swift, DoxygenDiscussion.swift, DoxygenNote.swift, DoxygenParameter.swift, DoxygenReturns.swift, ListItem.swift, OrderedList.swift, UnorderedList.swift, Paragraph.swift, CodeBlock.swift, HTMLBlock.swift, Heading.swift (in target 'Markdown' from project 'swift-markdown')

SwiftDriverJobDiscovery normal arm64 Compiling BlockDirectiveParser.swift, CommonMarkConverter.swift, LazySplitLines.swift, ParseOptions.swift, RangeAdjuster.swift, RangerTracker.swift, MarkupRewriter.swift, BasicBlockContainer.swift, BasicInlineContainer.swift, BlockContainer.swift, BlockMarkup.swift, InlineContainer.swift, InlineMarkup.swift, ListItemContainer.swift, AtomicCounter.swift, CharacterExtensions.swift, CollectionExtensions.swift, StringExtensions.swift, MarkupVisitor.swift, MarkupWalker.swift, HTMLFormatter.swift, MarkupFormatter.swift, MarkupTreeDumper.swift (in target 'Markdown' from project 'swift-markdown')

SwiftDriver\ Compilation Markdown normal arm64 com.apple.xcode.tools.swift.compiler (in target 'Markdown' from project 'swift-markdown')
    cd /Users/runner/work/orbit/orbit/.ipad-probe/IpadProbe.xcodeproj
    builtin-Swift-Compilation -- /Applications/Xcode_26.6.app/Contents/Developer/Toolchains/XcodeDefault.xctoolchain/usr/bin/swiftc -module-name Markdown -Onone @/Users/runner/work/orbit/orbit/.ipad-probe/.dd/Build/Intermediates.noindex/swift-markdown.build/Debug-iphonesimulator/Markdown.build/Objects-normal/arm64/Markdown.SwiftFileList -DSWIFT_PACKAGE -DDEBUG -DSWIFT_MODULE_RESOURCE_BUNDLE_UNAVAILABLE -DXcode -plugin-path /Applications/Xcode_26.6.app/Contents/Developer/Toolchains/XcodeDefault.xctoolchain/usr/lib/swift/host/plugins/testing -enable-experimental-feature DebugDescriptionMacro -sdk /Applications/Xcode_26.6.app/Contents/Developer/Platforms/iPhoneSimulator.platform/Developer/SDKs/iPhoneSimulator26.5.sdk -target arm64-apple-ios12.0-simulator -g -module-cache-path /Users/runner/work/orbit/orbit/.ipad-probe/.dd/ModuleCache.noindex -Xfrontend -serialize-debugging-options -enable-testing -suppress-warnings -index-store-path /Users/runner/work/orbit/orbit/.ipad-probe/.dd/Index.noindex/DataStore -Xcc -D_LIBCPP_HARDENING_MODE\=_LIBCPP_HARDENING_MODE_DEBUG -swift-version 5 -I /Users/runner/work/orbit/orbit/.ipad-probe/.dd/Build/Products/Debug-iphonesimulator -Isystem /Applications/Xcode_26.6.app/Contents/Developer/Platforms/iPhoneSimulator.platform/Developer/usr/lib -F /Users/runner/work/orbit/orbit/.ipad-probe/.dd/Build/Products/Debug-iphonesimulator/PackageFrameworks -F /Users/runner/work/orbit/orbit/.ipad-probe/.dd/Build/Products/Debug-iphonesimulator/PackageFrameworks -F /Users/runner/work/orbit/orbit/.ipad-probe/.dd/Build/Products/Debug-iphonesimulator/PackageFrameworks -F /Users/runner/work/orbit/orbit/.ipad-probe/.dd/Build/Products/Debug-iphonesimulator -F /Applications/Xcode_26.6.app/Contents/Developer/Platforms/iPhoneSimulator.platform/Developer/Library/Frameworks -F /Applications/Xcode_26.6.app/Contents/Developer/Platforms/iPhoneSimulator.platform/Developer/SDKs/iPhoneSimulator26.5.sdk/Developer/Library/Frameworks -c -j3 -enable-batch-mode -incremental -Xcc -ivfsstatcache -Xcc /Users/runner/work/orbit/orbit/.ipad-probe/.dd/SDKStatCaches.noindex/iphonesimulator26.5-23F81a-688ef53f1462e2c8f657fdc38a81448ff45c64a1807a658693f2a61704f17a36.sdkstatcache -output-file-map /Users/runner/work/orbit/orbit/.ipad-probe/.dd/Build/Intermediates.noindex/swift-markdown.build/Debug-iphonesimulator/Markdown.build/Objects-normal/arm64/Markdown-OutputFileMap.json -use-frontend-parseable-output -save-temps -no-color-diagnostics -explicit-module-build -module-cache-path /Users/runner/work/orbit/orbit/.ipad-probe/.dd/Build/Intermediates.noindex/SwiftExplicitPrecompiledModules -clang-scanner-module-cache-path /Users/runner/work/orbit/orbit/.ipad-probe/.dd/ModuleCache.noindex -sdk-module-cache-path /Users/runner/work/orbit/orbit/.ipad-probe/.dd/ModuleCache.noindex -serialize-diagnostics -emit-dependencies -emit-module -emit-module-path /Users/runner/work/orbit/orbit/.ipad-probe/.dd/Build/Intermediates.noindex/swift-markdown.build/Debug-iphonesimulator/Markdown.build/Objects-normal/arm64/Markdown.swiftmodule -user-module-version 0.9.0 -validate-clang-modules-once -clang-build-session-file /Users/runner/work/orbit/orbit/.ipad-probe/.dd/ModuleCache.noindex/Session.modulevalidation -package-name swift_markdown -Xcc -I/Users/runner/work/orbit/orbit/.ipad-probe/.dd/Build/Intermediates.noindex/swift-markdown.build/Debug-iphonesimulator/Markdown.build/swift-overrides.hmap -emit-const-values -Xfrontend -const-gather-protocols-file -Xfrontend /Users/runner/work/orbit/orbit/.ipad-probe/.dd/Build/Intermediates.noindex/swift-markdown.build/Debug-iphonesimulator/Markdown.build/Objects-normal/arm64/Markdown_const_extract_protocols.json -Xcc -I/Users/runner/work/orbit/orbit/.ipad-probe/.dd/SourcePackages/checkouts/swift-cmark/src/include -Xcc -I/Users/runner/work/orbit/orbit/.ipad-probe/.dd/SourcePackages/checkouts/swift-cmark/extensions/include -Xcc -I/Users/runner/work/orbit/orbit/.ipad-probe/.dd/SourcePackages/checkouts/swift-markdown/Sources/CAtomic/include -Xcc -I/Users/runner/work/orbit/orbit/.ipad-probe/.dd/Build/Products/Debug-iphonesimulator/include -Xcc -I/Users/runner/work/orbit/orbit/.ipad-probe/.dd/Build/Intermediates.noindex/swift-markdown.build/Debug-iphonesimulator/Markdown.build/DerivedSources-normal/arm64 -Xcc -I/Users/runner/work/orbit/orbit/.ipad-probe/.dd/Build/Intermediates.noindex/swift-markdown.build/Debug-iphonesimulator/Markdown.build/DerivedSources/arm64 -Xcc -I/Users/runner/work/orbit/orbit/.ipad-probe/.dd/Build/Intermediates.noindex/swift-markdown.build/Debug-iphonesimulator/Markdown.build/DerivedSources -Xcc -DSWIFT_PACKAGE -Xcc -DDEBUG\=1 -emit-objc-header -emit-objc-header-path /Users/runner/work/orbit/orbit/.ipad-probe/.dd/Build/Intermediates.noindex/swift-markdown.build/Debug-iphonesimulator/Markdown.build/Objects-normal/arm64/Markdown-Swift.h -working-directory /Users/runner/work/orbit/orbit/.ipad-probe/IpadProbe.xcodeproj -experimental-emit-module-separately -disable-cmo

Ld /Users/runner/work/orbit/orbit/.ipad-probe/.dd/Build/Products/Debug-iphonesimulator/Markdown.o normal (in target 'Markdown' from project 'swift-markdown')
    cd /Users/runner/work/orbit/orbit/.ipad-probe/.dd/SourcePackages/checkouts/swift-markdown
    /Applications/Xcode_26.6.app/Contents/Developer/Toolchains/XcodeDefault.xctoolchain/usr/bin/clang -Xlinker -reproducible -target arm64-apple-ios12.0-simulator -r -isysroot /Applications/Xcode_26.6.app/Contents/Developer/Platforms/iPhoneSimulator.platform/Developer/SDKs/iPhoneSimulator26.5.sdk -O0 -w -F/Users/runner/work/orbit/orbit/.ipad-probe/.dd/Build/Intermediates.noindex/EagerLinkingTBDs/Debug-iphonesimulator -F/Users/runner/work/orbit/orbit/.ipad-probe/.dd/Build/Products/Debug-iphonesimulator/PackageFrameworks -F/Users/runner/work/orbit/orbit/.ipad-probe/.dd/Build/Products/Debug-iphonesimulator/PackageFrameworks -F/Users/runner/work/orbit/orbit/.ipad-probe/.dd/Build/Products/Debug-iphonesimulator/PackageFrameworks -F/Users/runner/work/orbit/orbit/.ipad-probe/.dd/Build/Products/Debug-iphonesimulator -iframework /Applications/Xcode_26.6.app/Contents/Developer/Platforms/iPhoneSimulator.platform/Developer/Library/Frameworks -iframework /Applications/Xcode_26.6.app/Contents/Developer/Platforms/iPhoneSimulator.platform/Developer/SDKs/iPhoneSimulator26.5.sdk/Developer/Library/Frameworks -filelist /Users/runner/work/orbit/orbit/.ipad-probe/.dd/Build/Intermediates.noindex/swift-markdown.build/Debug-iphonesimulator/Markdown.build/Objects-normal/arm64/Markdown.LinkFileList -nostdlib -Xlinker -object_path_lto -Xlinker /Users/runner/work/orbit/orbit/.ipad-probe/.dd/Build/Intermediates.noindex/swift-markdown.build/Debug-iphonesimulator/Markdown.build/Objects-normal/arm64/Markdown_lto.o -Xlinker -no_deduplicate -Xlinker -objc_abi_version -Xlinker 2 -Xlinker -dependency_info -Xlinker /Users/runner/work/orbit/orbit/.ipad-probe/.dd/Build/Intermediates.noindex/swift-markdown.build/Debug-iphonesimulator/Markdown.build/Objects-normal/arm64/Markdown_dependency_info.dat -fobjc-link-runtime -L/Applications/Xcode_26.6.app/Contents/Developer/Toolchains/XcodeDefault.xctoolchain/usr/lib/swift/iphonesimulator -L/usr/lib/swift -Xlinker -add_ast_path -Xlinker /Users/runner/work/orbit/orbit/.ipad-probe/.dd/Build/Intermediates.noindex/swift-markdown.build/Debug-iphonesimulator/Markdown.build/Objects-normal/arm64/Markdown.swiftmodule @/Users/runner/work/orbit/orbit/.ipad-probe/.dd/Build/Intermediates.noindex/swift-markdown.build/Debug-iphonesimulator/Markdown.build/Objects-normal/arm64/Markdown-linker-args.resp -o /Users/runner/work/orbit/orbit/.ipad-probe/.dd/Build/Products/Debug-iphonesimulator/Markdown.o

ExtractAppIntentsMetadata (in target 'Markdown' from project 'swift-markdown')
    cd /Users/runner/work/orbit/orbit/.ipad-probe/.dd/SourcePackages/checkouts/swift-markdown
    /Applications/Xcode_26.6.app/Contents/Developer/Toolchains/XcodeDefault.xctoolchain/usr/bin/appintentsmetadataprocessor --toolchain-dir /var/run/com.apple.security.cryptexd/mnt/com.apple.MobileAsset.MetalToolchain-v17.6.109.0.YAbSLJ/Metal.xctoolchain --module-name Markdown --sdk-root /Applications/Xcode_26.6.app/Contents/Developer/Platforms/iPhoneSimulator.platform/Developer/SDKs/iPhoneSimulator26.5.sdk --xcode-version 17F113 --platform-family iOS --deployment-target 12.0 --bundle-identifier swift-markdown.Markdown --output /Users/runner/work/orbit/orbit/.ipad-probe/.dd/Build/Products/Debug-iphonesimulator/Markdown.appintents --target-triple arm64-apple-ios12.0-simulator --binary-file /Users/runner/work/orbit/orbit/.ipad-probe/.dd/Build/Products/Debug-iphonesimulator/Markdown.o --dependency-file /Users/runner/work/orbit/orbit/.ipad-probe/.dd/Build/Intermediates.noindex/swift-markdown.build/Debug-iphonesimulator/Markdown.build/Objects-normal/arm64/Markdown_dependency_info.dat --stringsdata-file /Users/runner/work/orbit/orbit/.ipad-probe/.dd/Build/Intermediates.noindex/swift-markdown.build/Debug-iphonesimulator/Markdown.build/Objects-normal/arm64/ExtractedAppShortcutsMetadata.stringsdata --source-file-list /Users/runner/work/orbit/orbit/.ipad-probe/.dd/Build/Intermediates.noindex/swift-markdown.build/Debug-iphonesimulator/Markdown.build/Objects-normal/arm64/Markdown.SwiftFileList --metadata-file-list /Users/runner/work/orbit/orbit/.ipad-probe/.dd/Build/Intermediates.noindex/swift-markdown.build/Debug-iphonesimulator/Markdown.build/Markdown.DependencyMetadataFileList --static-metadata-file-list /Users/runner/work/orbit/orbit/.ipad-probe/.dd/Build/Intermediates.noindex/swift-markdown.build/Debug-iphonesimulator/Markdown.build/Markdown.DependencyStaticMetadataFileList --swift-const-vals-list /Users/runner/work/orbit/orbit/.ipad-probe/.dd/Build/Intermediates.noindex/swift-markdown.build/Debug-iphonesimulator/Markdown.build/Objects-normal/arm64/Markdown.SwiftConstValuesFileList --force --compile-time-extraction --deployment-aware-processing --validate-assistant-intents --no-app-shortcuts-localization
2026-10-10 03:14:03.650 appintentsmetadataprocessor[33345:89554] Starting appintentsmetadataprocessor export
2026-10-10 03:14:03.698 appintentsmetadataprocessor[33345:89554] Extracted no relevant App Intents symbols, skipping writing output

CodeSign /Users/runner/work/orbit/orbit/.ipad-probe/.dd/Build/Products/Debug-iphonesimulator/Markdown.o (in target 'Markdown' from project 'swift-markdown')
    cd /Users/runner/work/orbit/orbit/.ipad-probe/.dd/SourcePackages/checkouts/swift-markdown
    
    Signing Identity:     "Sign to Run Locally"
    
    /usr/bin/codesign --force --sign - --timestamp\=none --generate-entitlement-der /Users/runner/work/orbit/orbit/.ipad-probe/.dd/Build/Products/Debug-iphonesimulator/Markdown.o

RegisterExecutionPolicyException /Users/runner/work/orbit/orbit/.ipad-probe/.dd/Build/Products/Debug-iphonesimulator/Markdown.o (in target 'Markdown' from project 'swift-markdown')
    cd /Users/runner/work/orbit/orbit/.ipad-probe/.dd/SourcePackages/checkouts/swift-markdown
    builtin-RegisterExecutionPolicyException /Users/runner/work/orbit/orbit/.ipad-probe/.dd/Build/Products/Debug-iphonesimulator/Markdown.o

SwiftExplicitDependencyGeneratePcm arm64 /Users/runner/work/orbit/orbit/.ipad-probe/.dd/ModuleCache.noindex/OpenGLES-EYA47WCBFTZOP54OKBHAZVNJ6.pcm

SwiftExplicitDependencyGeneratePcm arm64 /Users/runner/work/orbit/orbit/.ipad-probe/.dd/ModuleCache.noindex/IOSurface-6DVSTUMZIUC69EBH50JO67YLG.pcm

SwiftExplicitDependencyGeneratePcm arm64 /Users/runner/work/orbit/orbit/.ipad-probe/.dd/ModuleCache.noindex/DataDetection-CKSCUN197ZLCXBW10HKWYQE0K.pcm

SwiftExplicitDependencyGeneratePcm arm64 /Users/runner/work/orbit/orbit/.ipad-probe/.dd/ModuleCache.noindex/UIUtilities-643PQ0ZWGWHIA61HNJHNPQMAX.pcm

SwiftExplicitDependencyGeneratePcm arm64 /Users/runner/work/orbit/orbit/.ipad-probe/.dd/ModuleCache.noindex/_Builtin_stdatomic-E1Y9G69W35D8QUMAPHJJS8M10.pcm

SwiftExplicitDependencyGeneratePcm arm64 /Users/runner/work/orbit/orbit/.ipad-probe/.dd/ModuleCache.noindex/LocalAuthentication-B46WIHT98MP6PM76CEAF6XC6Z.pcm

SwiftExplicitDependencyGeneratePcm arm64 /Users/runner/work/orbit/orbit/.ipad-probe/.dd/ModuleCache.noindex/Symbols-3BTKQ7IWSCJWUC0QRDUV8EMUS.pcm

SwiftExplicitDependencyGeneratePcm arm64 /Users/runner/work/orbit/orbit/.ipad-probe/.dd/ModuleCache.noindex/MachO-BRVWHELS3V0IYW54CKOGFCA0N.pcm

SwiftExplicitDependencyGeneratePcm arm64 /Users/runner/work/orbit/orbit/.ipad-probe/.dd/ModuleCache.noindex/Metal-CGVFGCS1M5UOOLDFKXE3YGJHR.pcm

SwiftExplicitDependencyGeneratePcm arm64 /Users/runner/work/orbit/orbit/.ipad-probe/.dd/ModuleCache.noindex/CoreGraphics-5YFSH3OTBQPFGG26BDPGQJIVO.pcm

SwiftExplicitDependencyGeneratePcm arm64 /Users/runner/work/orbit/orbit/.ipad-probe/.dd/ModuleCache.noindex/UniformTypeIdentifiers-39G10MOM1SPF1052KJQCTKUS0.pcm

SwiftExplicitDependencyGeneratePcm arm64 /Users/runner/work/orbit/orbit/.ipad-probe/.dd/ModuleCache.noindex/os-AW9QBOULIM3C1NMWVSSFLO2B9.pcm

SwiftExplicitDependencyGeneratePcm arm64 /Users/runner/work/orbit/orbit/.ipad-probe/.dd/ModuleCache.noindex/Accessibility-5PCFC8H73U9VB39UQPWSF63HL.pcm

SwiftExplicitDependencyGeneratePcm arm64 /Users/runner/work/orbit/orbit/.ipad-probe/.dd/ModuleCache.noindex/ImageIO-6D4509TQA7TP59V64JUIC5HYJ.pcm

SwiftExplicitDependencyGeneratePcm arm64 /Users/runner/work/orbit/orbit/.ipad-probe/.dd/ModuleCache.noindex/FileProvider-AOG01LWVR2FPRO395JGCHFAK1.pcm

SwiftExplicitDependencyGeneratePcm arm64 /Users/runner/work/orbit/orbit/.ipad-probe/.dd/ModuleCache.noindex/CoreText-8897C153O3SVBEZ6OAB37UO65.pcm

SwiftExplicitDependencyGeneratePcm arm64 /Users/runner/work/orbit/orbit/.ipad-probe/.dd/ModuleCache.noindex/CoreVideo-25BYJOB1LM3173AG1D0G7GRMO.pcm

SwiftExplicitDependencyGeneratePcm arm64 /Users/runner/work/orbit/orbit/.ipad-probe/.dd/ModuleCache.noindex/CoreTransferable-3ZY2I57Q9D9OQYFX9PYYQ8KPA.pcm

SwiftExplicitDependencyGeneratePcm arm64 /Users/runner/work/orbit/orbit/.ipad-probe/.dd/ModuleCache.noindex/_Builtin_intrinsics-5UQE09FELYYE58DOITX6S4D3R.pcm

SwiftExplicitDependencyGeneratePcm arm64 /Users/runner/work/orbit/orbit/.ipad-probe/.dd/ModuleCache.noindex/OSLog-2OQADV05JKVAIUJ9T6IHFNUW2.pcm

SwiftExplicitDependencyGeneratePcm arm64 /Users/runner/work/orbit/orbit/.ipad-probe/.dd/ModuleCache.noindex/CoreImage-3FIYDR5MLDNOCMHX9DIA7MN5N.pcm

SwiftExplicitDependencyGeneratePcm arm64 /Users/runner/work/orbit/orbit/.ipad-probe/.dd/ModuleCache.noindex/QuartzCore-BEG8OHHT6QW9QSZRZ7QIQHWP9.pcm

SwiftExplicitDependencyGeneratePcm arm64 /Users/runner/work/orbit/orbit/.ipad-probe/.dd/ModuleCache.noindex/UserNotifications-E836MBF0O8QDD378O0V6AG1JO.pcm

SwiftExplicitDependencyGeneratePcm arm64 /Users/runner/work/orbit/orbit/.ipad-probe/.dd/ModuleCache.noindex/SwiftUICore-DCQ79G2AC4XWXYZ8SY0PNS75.pcm

SwiftExplicitDependencyGeneratePcm arm64 /Users/runner/work/orbit/orbit/.ipad-probe/.dd/ModuleCache.noindex/DeveloperToolsSupport-DFZ5IA6230Y77NQDPFRCX70SI.pcm

SwiftExplicitDependencyGeneratePcm arm64 /Users/runner/work/orbit/orbit/.ipad-probe/.dd/ModuleCache.noindex/_Builtin_tgmath-AHMEPHE1MXS2Z5SYKIALVQQ70.pcm

SwiftExplicitDependencyGeneratePcm arm64 /Users/runner/work/orbit/orbit/.ipad-probe/.dd/ModuleCache.noindex/UIKit-5IHDM9ZO03ZRZYDQ9DDAJB8YS.pcm

SwiftExplicitDependencyGeneratePcm arm64 /Users/runner/work/orbit/orbit/.ipad-probe/.dd/ModuleCache.noindex/simd-8NHLHA77HAJEG1M0O1Q3T1RSW.pcm

SwiftExplicitDependencyGeneratePcm arm64 /Users/runner/work/orbit/orbit/.ipad-probe/.dd/ModuleCache.noindex/Spatial-8SCNK5UCK5IFLGOMGMBHG6D5G.pcm

SwiftExplicitDependencyGeneratePcm arm64 /Users/runner/work/orbit/orbit/.ipad-probe/.dd/ModuleCache.noindex/AuthenticationServices-8B5FNITP4UP39YW2Z1TCFMUU6.pcm

SwiftEmitModule normal arm64 Emitting\ module\ for\ OrbitKit (in target 'OrbitKit' from project 'OrbitKit')

EmitSwiftModule normal arm64 (in target 'OrbitKit' from project 'OrbitKit')
    cd /Users/runner/work/orbit/orbit/.ipad-probe/IpadProbe.xcodeproj
    

SwiftCompile normal arm64 Compiling\ RunnerAttention.swift,\ RunnerControl.swift,\ RunnerDownload.swift,\ RunnerPageCopy.swift,\ RunnerPageFormat.swift,\ ServerURL.swift,\ SessionCreatedTasksCopy.swift,\ SessionDetailCache.swift,\ SessionFolderCopy.swift,\ SessionFolderGrouping.swift,\ SessionGrouping.swift,\ SessionHeader.swift,\ SessionLine.swift,\ SessionListingMemo.swift,\ SessionMove.swift,\ SessionProjectCopy.swift,\ SessionProjectGrouping.swift,\ SessionProjectMembers.swift,\ SessionProviderChoices.swift,\ SessionRunStart.swift,\ SessionSearchHighlight.swift,\ SessionStatusGlyph.swift,\ SessionTaskCard.swift,\ SessionTimeGrouping.swift /Users/runner/work/orbit/orbit/src/macos/OrbitKit/Sources/OrbitKit/App/RunnerAttention.swift /Users/runner/work/orbit/orbit/src/macos/OrbitKit/Sources/OrbitKit/App/RunnerControl.swift /Users/runner/work/orbit/orbit/src/macos/OrbitKit/Sources/OrbitKit/App/RunnerDownload.swift /Users/runner/work/orbit/orbit/src/macos/OrbitKit/Sources/OrbitKit/App/RunnerPageCopy.swift /Users/runner/work/orbit/orbit/src/macos/OrbitKit/Sources/OrbitKit/App/RunnerPageFormat.swift /Users/runner/work/orbit/orbit/src/macos/OrbitKit/Sources/OrbitKit/App/ServerURL.swift /Users/runner/work/orbit/orbit/src/macos/OrbitKit/Sources/OrbitKit/App/SessionCreatedTasksCopy.swift /Users/runner/work/orbit/orbit/src/macos/OrbitKit/Sources/OrbitKit/App/SessionDetailCache.swift /Users/runner/work/orbit/orbit/src/macos/OrbitKit/Sources/OrbitKit/App/SessionFolderCopy.swift /Users/runner/work/orbit/orbit/src/macos/OrbitKit/Sources/OrbitKit/App/SessionFolderGrouping.swift /Users/runner/work/orbit/orbit/src/macos/OrbitKit/Sources/OrbitKit/App/SessionGrouping.swift /Users/runner/work/orbit/orbit/src/macos/OrbitKit/Sources/OrbitKit/App/SessionHeader.swift /Users/runner/work/orbit/orbit/src/macos/OrbitKit/Sources/OrbitKit/App/SessionLine.swift /Users/runner/work/orbit/orbit/src/macos/OrbitKit/Sources/OrbitKit/App/SessionListingMemo.swift /Users/runner/work/orbit/orbit/src/macos/OrbitKit/Sources/OrbitKit/App/SessionMove.swift /Users/runner/work/orbit/orbit/src/macos/OrbitKit/Sources/OrbitKit/App/SessionProjectCopy.swift /Users/runner/work/orbit/orbit/src/macos/OrbitKit/Sources/OrbitKit/App/SessionProjectGrouping.swift /Users/runner/work/orbit/orbit/src/macos/OrbitKit/Sources/OrbitKit/App/SessionProjectMembers.swift /Users/runner/work/orbit/orbit/src/macos/OrbitKit/Sources/OrbitKit/App/SessionProviderChoices.swift /Users/runner/work/orbit/orbit/src/macos/OrbitKit/Sources/OrbitKit/App/SessionRunStart.swift /Users/runner/work/orbit/orbit/src/macos/OrbitKit/Sources/OrbitKit/App/SessionSearchHighlight.swift /Users/runner/work/orbit/orbit/src/macos/OrbitKit/Sources/OrbitKit/App/SessionStatusGlyph.swift /Users/runner/work/orbit/orbit/src/macos/OrbitKit/Sources/OrbitKit/App/SessionTaskCard.swift /Users/runner/work/orbit/orbit/src/macos/OrbitKit/Sources/OrbitKit/App/SessionTimeGrouping.swift (in target 'OrbitKit' from project 'OrbitKit')
SwiftCompile normal arm64 /Users/runner/work/orbit/orbit/src/macos/OrbitKit/Sources/OrbitKit/App/RunnerAttention.swift (in target 'OrbitKit' from project 'OrbitKit')
    cd /Users/runner/work/orbit/orbit/.ipad-probe/IpadProbe.xcodeproj
    

SwiftCompile normal arm64 /Users/runner/work/orbit/orbit/src/macos/OrbitKit/Sources/OrbitKit/App/RunnerControl.swift (in target 'OrbitKit' from project 'OrbitKit')
    cd /Users/runner/work/orbit/orbit/.ipad-probe/IpadProbe.xcodeproj
    

SwiftCompile normal arm64 /Users/runner/work/orbit/orbit/src/macos/OrbitKit/Sources/OrbitKit/App/RunnerDownload.swift (in target 'OrbitKit' from project 'OrbitKit')
    cd /Users/runner/work/orbit/orbit/.ipad-probe/IpadProbe.xcodeproj
    

SwiftCompile normal arm64 /Users/runner/work/orbit/orbit/src/macos/OrbitKit/Sources/OrbitKit/App/RunnerPageCopy.swift (in target 'OrbitKit' from project 'OrbitKit')
    cd /Users/runner/work/orbit/orbit/.ipad-probe/IpadProbe.xcodeproj
    

SwiftCompile normal arm64 /Users/runner/work/orbit/orbit/src/macos/OrbitKit/Sources/OrbitKit/App/RunnerPageFormat.swift (in target 'OrbitKit' from project 'OrbitKit')
    cd /Users/runner/work/orbit/orbit/.ipad-probe/IpadProbe.xcodeproj
    

SwiftCompile normal arm64 /Users/runner/work/orbit/orbit/src/macos/OrbitKit/Sources/OrbitKit/App/ServerURL.swift (in target 'OrbitKit' from project 'OrbitKit')
    cd /Users/runner/work/orbit/orbit/.ipad-probe/IpadProbe.xcodeproj
    

SwiftCompile normal arm64 /Users/runner/work/orbit/orbit/src/macos/OrbitKit/Sources/OrbitKit/App/SessionCreatedTasksCopy.swift (in target 'OrbitKit' from project 'OrbitKit')
    cd /Users/runner/work/orbit/orbit/.ipad-probe/IpadProbe.xcodeproj
    

SwiftCompile normal arm64 /Users/runner/work/orbit/orbit/src/macos/OrbitKit/Sources/OrbitKit/App/SessionDetailCache.swift (in target 'OrbitKit' from project 'OrbitKit')
    cd /Users/runner/work/orbit/orbit/.ipad-probe/IpadProbe.xcodeproj
    

SwiftCompile normal arm64 /Users/runner/work/orbit/orbit/src/macos/OrbitKit/Sources/OrbitKit/App/SessionFolderCopy.swift (in target 'OrbitKit' from project 'OrbitKit')
    cd /Users/runner/work/orbit/orbit/.ipad-probe/IpadProbe.xcodeproj
    

SwiftCompile normal arm64 /Users/runner/work/orbit/orbit/src/macos/OrbitKit/Sources/OrbitKit/App/SessionFolderGrouping.swift (in target 'OrbitKit' from project 'OrbitKit')
    cd /Users/runner/work/orbit/orbit/.ipad-probe/IpadProbe.xcodeproj
    

SwiftCompile normal arm64 /Users/runner/work/orbit/orbit/src/macos/OrbitKit/Sources/OrbitKit/App/SessionGrouping.swift (in target 'OrbitKit' from project 'OrbitKit')
    cd /Users/runner/work/orbit/orbit/.ipad-probe/IpadProbe.xcodeproj
    

SwiftCompile normal arm64 /Users/runner/work/orbit/orbit/src/macos/OrbitKit/Sources/OrbitKit/App/SessionHeader.swift (in target 'OrbitKit' from project 'OrbitKit')
    cd /Users/runner/work/orbit/orbit/.ipad-probe/IpadProbe.xcodeproj
    

SwiftCompile normal arm64 /Users/runner/work/orbit/orbit/src/macos/OrbitKit/Sources/OrbitKit/App/SessionLine.swift (in target 'OrbitKit' from project 'OrbitKit')
    cd /Users/runner/work/orbit/orbit/.ipad-probe/IpadProbe.xcodeproj
    

SwiftCompile normal arm64 /Users/runner/work/orbit/orbit/src/macos/OrbitKit/Sources/OrbitKit/App/SessionListingMemo.swift (in target 'OrbitKit' from project 'OrbitKit')
    cd /Users/runner/work/orbit/orbit/.ipad-probe/IpadProbe.xcodeproj
    

SwiftCompile normal arm64 /Users/runner/work/orbit/orbit/src/macos/OrbitKit/Sources/OrbitKit/App/SessionMove.swift (in target 'OrbitKit' from project 'OrbitKit')
    cd /Users/runner/work/orbit/orbit/.ipad-probe/IpadProbe.xcodeproj
    

SwiftCompile normal arm64 /Users/runner/work/orbit/orbit/src/macos/OrbitKit/Sources/OrbitKit/App/SessionProjectCopy.swift (in target 'OrbitKit' from project 'OrbitKit')
    cd /Users/runner/work/orbit/orbit/.ipad-probe/IpadProbe.xcodeproj
    

SwiftCompile normal arm64 /Users/runner/work/orbit/orbit/src/macos/OrbitKit/Sources/OrbitKit/App/SessionProjectGrouping.swift (in target 'OrbitKit' from project 'OrbitKit')
    cd /Users/runner/work/orbit/orbit/.ipad-probe/IpadProbe.xcodeproj
    

SwiftCompile normal arm64 /Users/runner/work/orbit/orbit/src/macos/OrbitKit/Sources/OrbitKit/App/SessionProjectMembers.swift (in target 'OrbitKit' from project 'OrbitKit')
    cd /Users/runner/work/orbit/orbit/.ipad-probe/IpadProbe.xcodeproj
    

SwiftCompile normal arm64 /Users/runner/work/orbit/orbit/src/macos/OrbitKit/Sources/OrbitKit/App/SessionProviderChoices.swift (in target 'OrbitKit' from project 'OrbitKit')
    cd /Users/runner/work/orbit/orbit/.ipad-probe/IpadProbe.xcodeproj
    

SwiftCompile normal arm64 /Users/runner/work/orbit/orbit/src/macos/OrbitKit/Sources/OrbitKit/App/SessionRunStart.swift (in target 'OrbitKit' from project 'OrbitKit')
    cd /Users/runner/work/orbit/orbit/.ipad-probe/IpadProbe.xcodeproj
    

SwiftCompile normal arm64 /Users/runner/work/orbit/orbit/src/macos/OrbitKit/Sources/OrbitKit/App/SessionSearchHighlight.swift (in target 'OrbitKit' from project 'OrbitKit')
    cd /Users/runner/work/orbit/orbit/.ipad-probe/IpadProbe.xcodeproj
    

SwiftCompile normal arm64 /Users/runner/work/orbit/orbit/src/macos/OrbitKit/Sources/OrbitKit/App/SessionStatusGlyph.swift (in target 'OrbitKit' from project 'OrbitKit')
    cd /Users/runner/work/orbit/orbit/.ipad-probe/IpadProbe.xcodeproj
    

SwiftCompile normal arm64 /Users/runner/work/orbit/orbit/src/macos/OrbitKit/Sources/OrbitKit/App/SessionTaskCard.swift (in target 'OrbitKit' from project 'OrbitKit')
    cd /Users/runner/work/orbit/orbit/.ipad-probe/IpadProbe.xcodeproj
    

SwiftCompile normal arm64 /Users/runner/work/orbit/orbit/src/macos/OrbitKit/Sources/OrbitKit/App/SessionTimeGrouping.swift (in target 'OrbitKit' from project 'OrbitKit')
    cd /Users/runner/work/orbit/orbit/.ipad-probe/IpadProbe.xcodeproj
    

SwiftCompile normal arm64 Compiling\ SessionUpsert.swift,\ SessionViews.swift,\ SessionWorkspaceMove.swift,\ SettingsHome.swift,\ ShareMarkdown.swift,\ SharePanel.swift,\ SharedLinksList.swift,\ SharedPoolAdapter.swift,\ SharedPoolPage.swift,\ SkillsLogic.swift,\ StartProject.swift,\ TagChipColor.swift,\ TaskDetailPage.swift,\ TaskJudgment.swift,\ TaskListCopy.swift,\ TaskListLogic.swift,\ TaskPageIncrementalReducer.swift,\ TaskReopen.swift,\ TaskRunHandoff.swift,\ TextFilePreview.swift,\ ToastFeed.swift,\ UnifiedDiff.swift,\ WatchEditing.swift,\ WatchProjection.swift /Users/runner/work/orbit/orbit/src/macos/OrbitKit/Sources/OrbitKit/App/SessionUpsert.swift /Users/runner/work/orbit/orbit/src/macos/OrbitKit/Sources/OrbitKit/App/SessionViews.swift /Users/runner/work/orbit/orbit/src/macos/OrbitKit/Sources/OrbitKit/App/SessionWorkspaceMove.swift /Users/runner/work/orbit/orbit/src/macos/OrbitKit/Sources/OrbitKit/App/SettingsHome.swift /Users/runner/work/orbit/orbit/src/macos/OrbitKit/Sources/OrbitKit/App/ShareMarkdown.swift /Users/runner/work/orbit/orbit/src/macos/OrbitKit/Sources/OrbitKit/App/SharePanel.swift /Users/runner/work/orbit/orbit/src/macos/OrbitKit/Sources/OrbitKit/App/SharedLinksList.swift /Users/runner/work/orbit/orbit/src/macos/OrbitKit/Sources/OrbitKit/App/SharedPoolAdapter.swift /Users/runner/work/orbit/orbit/src/macos/OrbitKit/Sources/OrbitKit/App/SharedPoolPage.swift /Users/runner/work/orbit/orbit/src/macos/OrbitKit/Sources/OrbitKit/App/SkillsLogic.swift /Users/runner/work/orbit/orbit/src/macos/OrbitKit/Sources/OrbitKit/App/StartProject.swift /Users/runner/work/orbit/orbit/src/macos/OrbitKit/Sources/OrbitKit/App/TagChipColor.swift /Users/runner/work/orbit/orbit/src/macos/OrbitKit/Sources/OrbitKit/App/TaskDetailPage.swift /Users/runner/work/orbit/orbit/src/macos/OrbitKit/Sources/OrbitKit/App/TaskJudgment.swift /Users/runner/work/orbit/orbit/src/macos/OrbitKit/Sources/OrbitKit/App/TaskListCopy.swift /Users/runner/work/orbit/orbit/src/macos/OrbitKit/Sources/OrbitKit/App/TaskListLogic.swift /Users/runner/work/orbit/orbit/src/macos/OrbitKit/Sources/OrbitKit/App/TaskPageIncrementalReducer.swift /Users/runner/work/orbit/orbit/src/macos/OrbitKit/Sources/OrbitKit/App/TaskReopen.swift /Users/runner/work/orbit/orbit/src/macos/OrbitKit/Sources/OrbitKit/App/TaskRunHandoff.swift /Users/runner/work/orbit/orbit/src/macos/OrbitKit/Sources/OrbitKit/App/TextFilePreview.swift /Users/runner/work/orbit/orbit/src/macos/OrbitKit/Sources/OrbitKit/App/ToastFeed.swift /Users/runner/work/orbit/orbit/src/macos/OrbitKit/Sources/OrbitKit/App/UnifiedDiff.swift /Users/runner/work/orbit/orbit/src/macos/OrbitKit/Sources/OrbitKit/App/WatchEditing.swift /Users/runner/work/orbit/orbit/src/macos/OrbitKit/Sources/OrbitKit/App/WatchProjection.swift (in target 'OrbitKit' from project 'OrbitKit')

SwiftCompile normal arm64 /Users/runner/work/orbit/orbit/src/macos/OrbitKit/Sources/OrbitKit/App/SessionUpsert.swift (in target 'OrbitKit' from project 'OrbitKit')
    cd /Users/runner/work/orbit/orbit/.ipad-probe/IpadProbe.xcodeproj
    

SwiftCompile normal arm64 /Users/runner/work/orbit/orbit/src/macos/OrbitKit/Sources/OrbitKit/App/SessionViews.swift (in target 'OrbitKit' from project 'OrbitKit')
    cd /Users/runner/work/orbit/orbit/.ipad-probe/IpadProbe.xcodeproj
    

SwiftCompile normal arm64 /Users/runner/work/orbit/orbit/src/macos/OrbitKit/Sources/OrbitKit/App/SessionWorkspaceMove.swift (in target 'OrbitKit' from project 'OrbitKit')
    cd /Users/runner/work/orbit/orbit/.ipad-probe/IpadProbe.xcodeproj
    

SwiftCompile normal arm64 /Users/runner/work/orbit/orbit/src/macos/OrbitKit/Sources/OrbitKit/App/SettingsHome.swift (in target 'OrbitKit' from project 'OrbitKit')
    cd /Users/runner/work/orbit/orbit/.ipad-probe/IpadProbe.xcodeproj
    

SwiftCompile normal arm64 /Users/runner/work/orbit/orbit/src/macos/OrbitKit/Sources/OrbitKit/App/ShareMarkdown.swift (in target 'OrbitKit' from project 'OrbitKit')
    cd /Users/runner/work/orbit/orbit/.ipad-probe/IpadProbe.xcodeproj
    

SwiftCompile normal arm64 /Users/runner/work/orbit/orbit/src/macos/OrbitKit/Sources/OrbitKit/App/SharePanel.swift (in target 'OrbitKit' from project 'OrbitKit')
    cd /Users/runner/work/orbit/orbit/.ipad-probe/IpadProbe.xcodeproj
    

SwiftCompile normal arm64 /Users/runner/work/orbit/orbit/src/macos/OrbitKit/Sources/OrbitKit/App/SharedLinksList.swift (in target 'OrbitKit' from project 'OrbitKit')
    cd /Users/runner/work/orbit/orbit/.ipad-probe/IpadProbe.xcodeproj
    

SwiftCompile normal arm64 /Users/runner/work/orbit/orbit/src/macos/OrbitKit/Sources/OrbitKit/App/SharedPoolAdapter.swift (in target 'OrbitKit' from project 'OrbitKit')
    cd /Users/runner/work/orbit/orbit/.ipad-probe/IpadProbe.xcodeproj
    

SwiftCompile normal arm64 /Users/runner/work/orbit/orbit/src/macos/OrbitKit/Sources/OrbitKit/App/SharedPoolPage.swift (in target 'OrbitKit' from project 'OrbitKit')
    cd /Users/runner/work/orbit/orbit/.ipad-probe/IpadProbe.xcodeproj
    

SwiftCompile normal arm64 /Users/runner/work/orbit/orbit/src/macos/OrbitKit/Sources/OrbitKit/App/SkillsLogic.swift (in target 'OrbitKit' from project 'OrbitKit')
    cd /Users/runner/work/orbit/orbit/.ipad-probe/IpadProbe.xcodeproj
    

SwiftCompile normal arm64 /Users/runner/work/orbit/orbit/src/macos/OrbitKit/Sources/OrbitKit/App/StartProject.swift (in target 'OrbitKit' from project 'OrbitKit')
    cd /Users/runner/work/orbit/orbit/.ipad-probe/IpadProbe.xcodeproj
    

SwiftCompile normal arm64 /Users/runner/work/orbit/orbit/src/macos/OrbitKit/Sources/OrbitKit/App/TagChipColor.swift (in target 'OrbitKit' from project 'OrbitKit')
    cd /Users/runner/work/orbit/orbit/.ipad-probe/IpadProbe.xcodeproj
    

SwiftCompile normal arm64 /Users/runner/work/orbit/orbit/src/macos/OrbitKit/Sources/OrbitKit/App/TaskDetailPage.swift (in target 'OrbitKit' from project 'OrbitKit')
    cd /Users/runner/work/orbit/orbit/.ipad-probe/IpadProbe.xcodeproj
    

SwiftCompile normal arm64 /Users/runner/work/orbit/orbit/src/macos/OrbitKit/Sources/OrbitKit/App/TaskJudgment.swift (in target 'OrbitKit' from project 'OrbitKit')
    cd /Users/runner/work/orbit/orbit/.ipad-probe/IpadProbe.xcodeproj
    

SwiftCompile normal arm64 /Users/runner/work/orbit/orbit/src/macos/OrbitKit/Sources/OrbitKit/App/TaskListCopy.swift (in target 'OrbitKit' from project 'OrbitKit')
    cd /Users/runner/work/orbit/orbit/.ipad-probe/IpadProbe.xcodeproj
    

SwiftCompile normal arm64 /Users/runner/work/orbit/orbit/src/macos/OrbitKit/Sources/OrbitKit/App/TaskListLogic.swift (in target 'OrbitKit' from project 'OrbitKit')
    cd /Users/runner/work/orbit/orbit/.ipad-probe/IpadProbe.xcodeproj
    

SwiftCompile normal arm64 /Users/runner/work/orbit/orbit/src/macos/OrbitKit/Sources/OrbitKit/App/TaskPageIncrementalReducer.swift (in target 'OrbitKit' from project 'OrbitKit')
    cd /Users/runner/work/orbit/orbit/.ipad-probe/IpadProbe.xcodeproj
    

SwiftCompile normal arm64 /Users/runner/work/orbit/orbit/src/macos/OrbitKit/Sources/OrbitKit/App/TaskReopen.swift (in target 'OrbitKit' from project 'OrbitKit')
    cd /Users/runner/work/orbit/orbit/.ipad-probe/IpadProbe.xcodeproj
    

SwiftCompile normal arm64 /Users/runner/work/orbit/orbit/src/macos/OrbitKit/Sources/OrbitKit/App/TaskRunHandoff.swift (in target 'OrbitKit' from project 'OrbitKit')
    cd /Users/runner/work/orbit/orbit/.ipad-probe/IpadProbe.xcodeproj
    

SwiftCompile normal arm64 /Users/runner/work/orbit/orbit/src/macos/OrbitKit/Sources/OrbitKit/App/TextFilePreview.swift (in target 'OrbitKit' from project 'OrbitKit')
    cd /Users/runner/work/orbit/orbit/.ipad-probe/IpadProbe.xcodeproj
    

SwiftCompile normal arm64 /Users/runner/work/orbit/orbit/src/macos/OrbitKit/Sources/OrbitKit/App/ToastFeed.swift (in target 'OrbitKit' from project 'OrbitKit')
    cd /Users/runner/work/orbit/orbit/.ipad-probe/IpadProbe.xcodeproj
    

SwiftCompile normal arm64 /Users/runner/work/orbit/orbit/src/macos/OrbitKit/Sources/OrbitKit/App/UnifiedDiff.swift (in target 'OrbitKit' from project 'OrbitKit')
    cd /Users/runner/work/orbit/orbit/.ipad-probe/IpadProbe.xcodeproj
    

SwiftCompile normal arm64 /Users/runner/work/orbit/orbit/src/macos/OrbitKit/Sources/OrbitKit/App/WatchEditing.swift (in target 'OrbitKit' from project 'OrbitKit')
    cd /Users/runner/work/orbit/orbit/.ipad-probe/IpadProbe.xcodeproj
    

SwiftCompile normal arm64 /Users/runner/work/orbit/orbit/src/macos/OrbitKit/Sources/OrbitKit/App/WatchProjection.swift (in target 'OrbitKit' from project 'OrbitKit')
    cd /Users/runner/work/orbit/orbit/.ipad-probe/IpadProbe.xcodeproj
    

SwiftCompile normal arm64 Compiling\ AccessTokensList.swift,\ AccountPause.swift,\ AddPoolKey.swift,\ AgentDefaults.swift,\ AgentListLogic.swift,\ AppSection.swift,\ ApprovalReviewDrafts.swift,\ Approvals.swift,\ ArtifactByteCache.swift,\ AttachmentLink.swift,\ AutoRetryLogic.swift,\ BackgroundWake.swift,\ BatchReview.swift,\ BatchTree.swift,\ BottomSearchReveal.swift,\ CoalescedRefreshQueue.swift,\ CodexAccounts.swift,\ CodexLoginPool.swift,\ CodexPoolPage.swift,\ CodexSignIn.swift,\ Composer.swift,\ CriteriaChange.swift,\ CriteriaDecision.swift,\ DeepLink.swift /Users/runner/work/orbit/orbit/src/macos/OrbitKit/Sources/OrbitKit/App/AccessTokensList.swift /Users/runner/work/orbit/orbit/src/macos/OrbitKit/Sources/OrbitKit/App/AccountPause.swift /Users/runner/work/orbit/orbit/src/macos/OrbitKit/Sources/OrbitKit/App/AddPoolKey.swift /Users/runner/work/orbit/orbit/src/macos/OrbitKit/Sources/OrbitKit/App/AgentDefaults.swift /Users/runner/work/orbit/orbit/src/macos/OrbitKit/Sources/OrbitKit/App/AgentListLogic.swift /Users/runner/work/orbit/orbit/src/macos/OrbitKit/Sources/OrbitKit/App/AppSection.swift /Users/runner/work/orbit/orbit/src/macos/OrbitKit/Sources/OrbitKit/App/ApprovalReviewDrafts.swift /Users/runner/work/orbit/orbit/src/macos/OrbitKit/Sources/OrbitKit/App/Approvals.swift /Users/runner/work/orbit/orbit/src/macos/OrbitKit/Sources/OrbitKit/App/ArtifactByteCache.swift /Users/runner/work/orbit/orbit/src/macos/OrbitKit/Sources/OrbitKit/App/AttachmentLink.swift /Users/runner/work/orbit/orbit/src/macos/OrbitKit/Sources/OrbitKit/App/AutoRetryLogic.swift /Users/runner/work/orbit/orbit/src/macos/OrbitKit/Sources/OrbitKit/App/BackgroundWake.swift /Users/runner/work/orbit/orbit/src/macos/OrbitKit/Sources/OrbitKit/App/BatchReview.swift /Users/runner/work/orbit/orbit/src/macos/OrbitKit/Sources/OrbitKit/App/BatchTree.swift /Users/runner/work/orbit/orbit/src/macos/OrbitKit/Sources/OrbitKit/App/BottomSearchReveal.swift /Users/runner/work/orbit/orbit/src/macos/OrbitKit/Sources/OrbitKit/App/CoalescedRefreshQueue.swift /Users/runner/work/orbit/orbit/src/macos/OrbitKit/Sources/OrbitKit/App/CodexAccounts.swift /Users/runner/work/orbit/orbit/src/macos/OrbitKit/Sources/OrbitKit/App/CodexLoginPool.swift /Users/runner/work/orbit/orbit/src/macos/OrbitKit/Sources/OrbitKit/App/CodexPoolPage.swift /Users/runner/work/orbit/orbit/src/macos/OrbitKit/Sources/OrbitKit/App/CodexSignIn.swift /Users/runner/work/orbit/orbit/src/macos/OrbitKit/Sources/OrbitKit/App/Composer.swift /Users/runner/work/orbit/orbit/src/macos/OrbitKit/Sources/OrbitKit/App/CriteriaChange.swift /Users/runner/work/orbit/orbit/src/macos/OrbitKit/Sources/OrbitKit/App/CriteriaDecision.swift /Users/runner/work/orbit/orbit/src/macos/OrbitKit/Sources/OrbitKit/App/DeepLink.swift (in target 'OrbitKit' from project 'OrbitKit')
SwiftCompile normal arm64 /Users/runner/work/orbit/orbit/src/macos/OrbitKit/Sources/OrbitKit/App/AccessTokensList.swift (in target 'OrbitKit' from project 'OrbitKit')
    cd /Users/runner/work/orbit/orbit/.ipad-probe/IpadProbe.xcodeproj
    

SwiftCompile normal arm64 /Users/runner/work/orbit/orbit/src/macos/OrbitKit/Sources/OrbitKit/App/AccountPause.swift (in target 'OrbitKit' from project 'OrbitKit')
    cd /Users/runner/work/orbit/orbit/.ipad-probe/IpadProbe.xcodeproj
    

SwiftCompile normal arm64 /Users/runner/work/orbit/orbit/src/macos/OrbitKit/Sources/OrbitKit/App/AddPoolKey.swift (in target 'OrbitKit' from project 'OrbitKit')
    cd /Users/runner/work/orbit/orbit/.ipad-probe/IpadProbe.xcodeproj
    

SwiftCompile normal arm64 /Users/runner/work/orbit/orbit/src/macos/OrbitKit/Sources/OrbitKit/App/AgentDefaults.swift (in target 'OrbitKit' from project 'OrbitKit')
    cd /Users/runner/work/orbit/orbit/.ipad-probe/IpadProbe.xcodeproj
    

SwiftCompile normal arm64 /Users/runner/work/orbit/orbit/src/macos/OrbitKit/Sources/OrbitKit/App/AgentListLogic.swift (in target 'OrbitKit' from project 'OrbitKit')
    cd /Users/runner/work/orbit/orbit/.ipad-probe/IpadProbe.xcodeproj
    

SwiftCompile normal arm64 /Users/runner/work/orbit/orbit/src/macos/OrbitKit/Sources/OrbitKit/App/AppSection.swift (in target 'OrbitKit' from project 'OrbitKit')
    cd /Users/runner/work/orbit/orbit/.ipad-probe/IpadProbe.xcodeproj
    

SwiftCompile normal arm64 /Users/runner/work/orbit/orbit/src/macos/OrbitKit/Sources/OrbitKit/App/ApprovalReviewDrafts.swift (in target 'OrbitKit' from project 'OrbitKit')
    cd /Users/runner/work/orbit/orbit/.ipad-probe/IpadProbe.xcodeproj
    

SwiftCompile normal arm64 /Users/runner/work/orbit/orbit/src/macos/OrbitKit/Sources/OrbitKit/App/Approvals.swift (in target 'OrbitKit' from project 'OrbitKit')
    cd /Users/runner/work/orbit/orbit/.ipad-probe/IpadProbe.xcodeproj
    

SwiftCompile normal arm64 /Users/runner/work/orbit/orbit/src/macos/OrbitKit/Sources/OrbitKit/App/ArtifactByteCache.swift (in target 'OrbitKit' from project 'OrbitKit')
    cd /Users/runner/work/orbit/orbit/.ipad-probe/IpadProbe.xcodeproj
    

SwiftCompile normal arm64 /Users/runner/work/orbit/orbit/src/macos/OrbitKit/Sources/OrbitKit/App/AttachmentLink.swift (in target 'OrbitKit' from project 'OrbitKit')
    cd /Users/runner/work/orbit/orbit/.ipad-probe/IpadProbe.xcodeproj
    

SwiftCompile normal arm64 /Users/runner/work/orbit/orbit/src/macos/OrbitKit/Sources/OrbitKit/App/AutoRetryLogic.swift (in target 'OrbitKit' from project 'OrbitKit')
    cd /Users/runner/work/orbit/orbit/.ipad-probe/IpadProbe.xcodeproj
    

SwiftCompile normal arm64 /Users/runner/work/orbit/orbit/src/macos/OrbitKit/Sources/OrbitKit/App/BackgroundWake.swift (in target 'OrbitKit' from project 'OrbitKit')
    cd /Users/runner/work/orbit/orbit/.ipad-probe/IpadProbe.xcodeproj
    

SwiftCompile normal arm64 /Users/runner/work/orbit/orbit/src/macos/OrbitKit/Sources/OrbitKit/App/BatchReview.swift (in target 'OrbitKit' from project 'OrbitKit')
    cd /Users/runner/work/orbit/orbit/.ipad-probe/IpadProbe.xcodeproj
    

SwiftCompile normal arm64 /Users/runner/work/orbit/orbit/src/macos/OrbitKit/Sources/OrbitKit/App/BatchTree.swift (in target 'OrbitKit' from project 'OrbitKit')
    cd /Users/runner/work/orbit/orbit/.ipad-probe/IpadProbe.xcodeproj
    

SwiftCompile normal arm64 /Users/runner/work/orbit/orbit/src/macos/OrbitKit/Sources/OrbitKit/App/BottomSearchReveal.swift (in target 'OrbitKit' from project 'OrbitKit')
    cd /Users/runner/work/orbit/orbit/.ipad-probe/IpadProbe.xcodeproj
    

SwiftCompile normal arm64 /Users/runner/work/orbit/orbit/src/macos/OrbitKit/Sources/OrbitKit/App/CoalescedRefreshQueue.swift (in target 'OrbitKit' from project 'OrbitKit')
    cd /Users/runner/work/orbit/orbit/.ipad-probe/IpadProbe.xcodeproj
    

SwiftCompile normal arm64 /Users/runner/work/orbit/orbit/src/macos/OrbitKit/Sources/OrbitKit/App/CodexAccounts.swift (in target 'OrbitKit' from project 'OrbitKit')
    cd /Users/runner/work/orbit/orbit/.ipad-probe/IpadProbe.xcodeproj
    

SwiftCompile normal arm64 /Users/runner/work/orbit/orbit/src/macos/OrbitKit/Sources/OrbitKit/App/CodexLoginPool.swift (in target 'OrbitKit' from project 'OrbitKit')
    cd /Users/runner/work/orbit/orbit/.ipad-probe/IpadProbe.xcodeproj
    

SwiftCompile normal arm64 /Users/runner/work/orbit/orbit/src/macos/OrbitKit/Sources/OrbitKit/App/CodexPoolPage.swift (in target 'OrbitKit' from project 'OrbitKit')
    cd /Users/runner/work/orbit/orbit/.ipad-probe/IpadProbe.xcodeproj
    

SwiftCompile normal arm64 /Users/runner/work/orbit/orbit/src/macos/OrbitKit/Sources/OrbitKit/App/CodexSignIn.swift (in target 'OrbitKit' from project 'OrbitKit')
    cd /Users/runner/work/orbit/orbit/.ipad-probe/IpadProbe.xcodeproj
    

SwiftCompile normal arm64 /Users/runner/work/orbit/orbit/src/macos/OrbitKit/Sources/OrbitKit/App/Composer.swift (in target 'OrbitKit' from project 'OrbitKit')
    cd /Users/runner/work/orbit/orbit/.ipad-probe/IpadProbe.xcodeproj
    

SwiftCompile normal arm64 /Users/runner/work/orbit/orbit/src/macos/OrbitKit/Sources/OrbitKit/App/CriteriaChange.swift (in target 'OrbitKit' from project 'OrbitKit')
    cd /Users/runner/work/orbit/orbit/.ipad-probe/IpadProbe.xcodeproj
    

SwiftCompile normal arm64 /Users/runner/work/orbit/orbit/src/macos/OrbitKit/Sources/OrbitKit/App/CriteriaDecision.swift (in target 'OrbitKit' from project 'OrbitKit')
    cd /Users/runner/work/orbit/orbit/.ipad-probe/IpadProbe.xcodeproj
    

SwiftCompile normal arm64 /Users/runner/work/orbit/orbit/src/macos/OrbitKit/Sources/OrbitKit/App/DeepLink.swift (in target 'OrbitKit' from project 'OrbitKit')
    cd /Users/runner/work/orbit/orbit/.ipad-probe/IpadProbe.xcodeproj
    

SwiftDriverJobDiscovery normal arm64 Emitting module for OrbitKit (in target 'OrbitKit' from project 'OrbitKit')

SwiftDriver\ Compilation\ Requirements OrbitKit normal arm64 com.apple.xcode.tools.swift.compiler (in target 'OrbitKit' from project 'OrbitKit')
    cd /Users/runner/work/orbit/orbit/.ipad-probe/IpadProbe.xcodeproj
    builtin-Swift-Compilation-Requirements -- /Applications/Xcode_26.6.app/Contents/Developer/Toolchains/XcodeDefault.xctoolchain/usr/bin/swiftc -module-name OrbitKit -Onone @/Users/runner/work/orbit/orbit/.ipad-probe/.dd/Build/Intermediates.noindex/OrbitKit.build/Debug-iphonesimulator/OrbitKit.build/Objects-normal/arm64/OrbitKit.SwiftFileList -DSWIFT_PACKAGE -DDEBUG -DSWIFT_MODULE_RESOURCE_BUNDLE_UNAVAILABLE -DXcode -plugin-path /Applications/Xcode_26.6.app/Contents/Developer/Toolchains/XcodeDefault.xctoolchain/usr/lib/swift/host/plugins/testing -enable-experimental-feature DebugDescriptionMacro -sdk /Applications/Xcode_26.6.app/Contents/Developer/Platforms/iPhoneSimulator.platform/Developer/SDKs/iPhoneSimulator26.5.sdk -target arm64-apple-ios17.0-simulator -g -module-cache-path /Users/runner/work/orbit/orbit/.ipad-probe/.dd/ModuleCache.noindex -Xfrontend -serialize-debugging-options -enable-testing -index-store-path /Users/runner/work/orbit/orbit/.ipad-probe/.dd/Index.noindex/DataStore -Xcc -D_LIBCPP_HARDENING_MODE\=_LIBCPP_HARDENING_MODE_DEBUG -swift-version 5 -I /Users/runner/work/orbit/orbit/.ipad-probe/.dd/Build/Products/Debug-iphonesimulator -Isystem /Applications/Xcode_26.6.app/Contents/Developer/Platforms/iPhoneSimulator.platform/Developer/usr/lib -F /Users/runner/work/orbit/orbit/.ipad-probe/.dd/Build/Products/Debug-iphonesimulator/PackageFrameworks -F /Users/runner/work/orbit/orbit/.ipad-probe/.dd/Build/Products/Debug-iphonesimulator/PackageFrameworks -F /Users/runner/work/orbit/orbit/.ipad-probe/.dd/Build/Products/Debug-iphonesimulator/PackageFrameworks -F /Users/runner/work/orbit/orbit/.ipad-probe/.dd/Build/Products/Debug-iphonesimulator/PackageFrameworks -F /Users/runner/work/orbit/orbit/.ipad-probe/.dd/Build/Products/Debug-iphonesimulator -F /Applications/Xcode_26.6.app/Contents/Developer/Platforms/iPhoneSimulator.platform/Developer/Library/Frameworks -F /Applications/Xcode_26.6.app/Contents/Developer/Platforms/iPhoneSimulator.platform/Developer/SDKs/iPhoneSimulator26.5.sdk/Developer/Library/Frameworks -c -j3 -enable-batch-mode -incremental -Xcc -ivfsstatcache -Xcc /Users/runner/work/orbit/orbit/.ipad-probe/.dd/SDKStatCaches.noindex/iphonesimulator26.5-23F81a-688ef53f1462e2c8f657fdc38a81448ff45c64a1807a658693f2a61704f17a36.sdkstatcache -output-file-map /Users/runner/work/orbit/orbit/.ipad-probe/.dd/Build/Intermediates.noindex/OrbitKit.build/Debug-iphonesimulator/OrbitKit.build/Objects-normal/arm64/OrbitKit-OutputFileMap.json -use-frontend-parseable-output -save-temps -no-color-diagnostics -explicit-module-build -module-cache-path /Users/runner/work/orbit/orbit/.ipad-probe/.dd/Build/Intermediates.noindex/SwiftExplicitPrecompiledModules -clang-scanner-module-cache-path /Users/runner/work/orbit/orbit/.ipad-probe/.dd/ModuleCache.noindex -sdk-module-cache-path /Users/runner/work/orbit/orbit/.ipad-probe/.dd/ModuleCache.noindex -serialize-diagnostics -emit-dependencies -emit-module -emit-module-path /Users/runner/work/orbit/orbit/.ipad-probe/.dd/Build/Intermediates.noindex/OrbitKit.build/Debug-iphonesimulator/OrbitKit.build/Objects-normal/arm64/OrbitKit.swiftmodule -validate-clang-modules-once -clang-build-session-file /Users/runner/work/orbit/orbit/.ipad-probe/.dd/ModuleCache.noindex/Session.modulevalidation -package-name orbitkit -Xcc -I/Users/runner/work/orbit/orbit/.ipad-probe/.dd/Build/Intermediates.noindex/OrbitKit.build/Debug-iphonesimulator/OrbitKit.build/swift-overrides.hmap -emit-const-values -Xfrontend -const-gather-protocols-file -Xfrontend /Users/runner/work/orbit/orbit/.ipad-probe/.dd/Build/Intermediates.noindex/OrbitKit.build/Debug-iphonesimulator/OrbitKit.build/Objects-normal/arm64/OrbitKit_const_extract_protocols.json -Xcc -I/Users/runner/work/orbit/orbit/.ipad-probe/.dd/SourcePackages/checkouts/swift-cmark/src/include -Xcc -I/Users/runner/work/orbit/orbit/.ipad-probe/.dd/SourcePackages/checkouts/swift-cmark/extensions/include -Xcc -I/Users/runner/work/orbit/orbit/.ipad-probe/.dd/SourcePackages/checkouts/swift-markdown/Sources/CAtomic/include -Xcc -I/Users/runner/work/orbit/orbit/.ipad-probe/.dd/Build/Products/Debug-iphonesimulator/include -Xcc -I/Users/runner/work/orbit/orbit/.ipad-probe/.dd/Build/Intermediates.noindex/OrbitKit.build/Debug-iphonesimulator/OrbitKit.build/DerivedSources-normal/arm64 -Xcc -I/Users/runner/work/orbit/orbit/.ipad-probe/.dd/Build/Intermediates.noindex/OrbitKit.build/Debug-iphonesimulator/OrbitKit.build/DerivedSources/arm64 -Xcc -I/Users/runner/work/orbit/orbit/.ipad-probe/.dd/Build/Intermediates.noindex/OrbitKit.build/Debug-iphonesimulator/OrbitKit.build/DerivedSources -Xcc -DSWIFT_PACKAGE -Xcc -DDEBUG\=1 -emit-objc-header -emit-objc-header-path /Users/runner/work/orbit/orbit/.ipad-probe/.dd/Build/Intermediates.noindex/OrbitKit.build/Debug-iphonesimulator/OrbitKit.build/Objects-normal/arm64/OrbitKit-Swift.h -working-directory /Users/runner/work/orbit/orbit/.ipad-probe/IpadProbe.xcodeproj -experimental-emit-module-separately -disable-cmo

SwiftDriverJobDiscovery normal arm64 Compiling SessionUpsert.swift, SessionViews.swift, SessionWorkspaceMove.swift, SettingsHome.swift, ShareMarkdown.swift, SharePanel.swift, SharedLinksList.swift, SharedPoolAdapter.swift, SharedPoolPage.swift, SkillsLogic.swift, StartProject.swift, TagChipColor.swift, TaskDetailPage.swift, TaskJudgment.swift, TaskListCopy.swift, TaskListLogic.swift, TaskPageIncrementalReducer.swift, TaskReopen.swift, TaskRunHandoff.swift, TextFilePreview.swift, ToastFeed.swift, UnifiedDiff.swift, WatchEditing.swift, WatchProjection.swift (in target 'OrbitKit' from project 'OrbitKit')

SwiftCompile normal arm64 Compiling\ TaskDetailReads.swift,\ Tasks.swift,\ Watches.swift,\ Wiki.swift,\ WikiArticles.swift,\ WikiDocs.swift,\ WikiHealth.swift,\ WikiJobs.swift,\ WikiPlan.swift,\ APIClient.swift,\ SessionRefresher.swift,\ URLSession+Orbit.swift,\ ControlStream.swift,\ EventStream.swift,\ ReconnectPolicy.swift,\ SSEFrameParser.swift,\ BackgroundJobs.swift,\ BackgroundSummary.swift,\ ConfirmationReviewTurns.swift,\ DeliveredMessage.swift,\ MonospaceOutputLayout.swift,\ OpenItemDelivery.swift,\ ProjectStarted.swift /Users/runner/work/orbit/orbit/src/macos/OrbitKit/Sources/OrbitKit/Models/TaskDetailReads.swift /Users/runner/work/orbit/orbit/src/macos/OrbitKit/Sources/OrbitKit/Models/Tasks.swift /Users/runner/work/orbit/orbit/src/macos/OrbitKit/Sources/OrbitKit/Models/Watches.swift /Users/runner/work/orbit/orbit/src/macos/OrbitKit/Sources/OrbitKit/Models/Wiki.swift /Users/runner/work/orbit/orbit/src/macos/OrbitKit/Sources/OrbitKit/Models/WikiArticles.swift /Users/runner/work/orbit/orbit/src/macos/OrbitKit/Sources/OrbitKit/Models/WikiDocs.swift /Users/runner/work/orbit/orbit/src/macos/OrbitKit/Sources/OrbitKit/Models/WikiHealth.swift /Users/runner/work/orbit/orbit/src/macos/OrbitKit/Sources/OrbitKit/Models/WikiJobs.swift /Users/runner/work/orbit/orbit/src/macos/OrbitKit/Sources/OrbitKit/Models/WikiPlan.swift /Users/runner/work/orbit/orbit/src/macos/OrbitKit/Sources/OrbitKit/Net/APIClient.swift /Users/runner/work/orbit/orbit/src/macos/OrbitKit/Sources/OrbitKit/Net/SessionRefresher.swift /Users/runner/work/orbit/orbit/src/macos/OrbitKit/Sources/OrbitKit/Net/URLSession+Orbit.swift /Users/runner/work/orbit/orbit/src/macos/OrbitKit/Sources/OrbitKit/Realtime/ControlStream.swift /Users/runner/work/orbit/orbit/src/macos/OrbitKit/Sources/OrbitKit/Realtime/EventStream.swift /Users/runner/work/orbit/orbit/src/macos/OrbitKit/Sources/OrbitKit/Realtime/ReconnectPolicy.swift /Users/runner/work/orbit/orbit/src/macos/OrbitKit/Sources/OrbitKit/Realtime/SSEFrameParser.swift /Users/runner/work/orbit/orbit/src/macos/OrbitKit/Sources/OrbitKit/Transcript/BackgroundJobs.swift /Users/runner/work/orbit/orbit/src/macos/OrbitKit/Sources/OrbitKit/Transcript/BackgroundSummary.swift /Users/runner/work/orbit/orbit/src/macos/OrbitKit/Sources/OrbitKit/Transcript/ConfirmationReviewTurns.swift /Users/runner/work/orbit/orbit/src/macos/OrbitKit/Sources/OrbitKit/Transcript/DeliveredMessage.swift /Users/runner/work/orbit/orbit/src/macos/OrbitKit/Sources/OrbitKit/Transcript/MonospaceOutputLayout.swift /Users/runner/work/orbit/orbit/src/macos/OrbitKit/Sources/OrbitKit/Transcript/OpenItemDelivery.swift /Users/runner/work/orbit/orbit/src/macos/OrbitKit/Sources/OrbitKit/Transcript/ProjectStarted.swift (in target 'OrbitKit' from project 'OrbitKit')
SwiftCompile normal arm64 /Users/runner/work/orbit/orbit/src/macos/OrbitKit/Sources/OrbitKit/Models/TaskDetailReads.swift (in target 'OrbitKit' from project 'OrbitKit')
    cd /Users/runner/work/orbit/orbit/.ipad-probe/IpadProbe.xcodeproj
    

SwiftCompile normal arm64 /Users/runner/work/orbit/orbit/src/macos/OrbitKit/Sources/OrbitKit/Models/Tasks.swift (in target 'OrbitKit' from project 'OrbitKit')
    cd /Users/runner/work/orbit/orbit/.ipad-probe/IpadProbe.xcodeproj
    

SwiftCompile normal arm64 /Users/runner/work/orbit/orbit/src/macos/OrbitKit/Sources/OrbitKit/Models/Watches.swift (in target 'OrbitKit' from project 'OrbitKit')
    cd /Users/runner/work/orbit/orbit/.ipad-probe/IpadProbe.xcodeproj
    

SwiftCompile normal arm64 /Users/runner/work/orbit/orbit/src/macos/OrbitKit/Sources/OrbitKit/Models/Wiki.swift (in target 'OrbitKit' from project 'OrbitKit')
    cd /Users/runner/work/orbit/orbit/.ipad-probe/IpadProbe.xcodeproj
    

SwiftCompile normal arm64 /Users/runner/work/orbit/orbit/src/macos/OrbitKit/Sources/OrbitKit/Models/WikiArticles.swift (in target 'OrbitKit' from project 'OrbitKit')
    cd /Users/runner/work/orbit/orbit/.ipad-probe/IpadProbe.xcodeproj
    

SwiftCompile normal arm64 /Users/runner/work/orbit/orbit/src/macos/OrbitKit/Sources/OrbitKit/Models/WikiDocs.swift (in target 'OrbitKit' from project 'OrbitKit')
    cd /Users/runner/work/orbit/orbit/.ipad-probe/IpadProbe.xcodeproj
    

SwiftCompile normal arm64 /Users/runner/work/orbit/orbit/src/macos/OrbitKit/Sources/OrbitKit/Models/WikiHealth.swift (in target 'OrbitKit' from project 'OrbitKit')
    cd /Users/runner/work/orbit/orbit/.ipad-probe/IpadProbe.xcodeproj
    

SwiftCompile normal arm64 /Users/runner/work/orbit/orbit/src/macos/OrbitKit/Sources/OrbitKit/Models/WikiJobs.swift (in target 'OrbitKit' from project 'OrbitKit')
    cd /Users/runner/work/orbit/orbit/.ipad-probe/IpadProbe.xcodeproj
    

SwiftCompile normal arm64 /Users/runner/work/orbit/orbit/src/macos/OrbitKit/Sources/OrbitKit/Models/WikiPlan.swift (in target 'OrbitKit' from project 'OrbitKit')
    cd /Users/runner/work/orbit/orbit/.ipad-probe/IpadProbe.xcodeproj
    

SwiftCompile normal arm64 /Users/runner/work/orbit/orbit/src/macos/OrbitKit/Sources/OrbitKit/Net/APIClient.swift (in target 'OrbitKit' from project 'OrbitKit')
    cd /Users/runner/work/orbit/orbit/.ipad-probe/IpadProbe.xcodeproj
    

SwiftCompile normal arm64 /Users/runner/work/orbit/orbit/src/macos/OrbitKit/Sources/OrbitKit/Net/SessionRefresher.swift (in target 'OrbitKit' from project 'OrbitKit')
    cd /Users/runner/work/orbit/orbit/.ipad-probe/IpadProbe.xcodeproj
    

SwiftCompile normal arm64 /Users/runner/work/orbit/orbit/src/macos/OrbitKit/Sources/OrbitKit/Net/URLSession+Orbit.swift (in target 'OrbitKit' from project 'OrbitKit')
    cd /Users/runner/work/orbit/orbit/.ipad-probe/IpadProbe.xcodeproj
    

SwiftCompile normal arm64 /Users/runner/work/orbit/orbit/src/macos/OrbitKit/Sources/OrbitKit/Realtime/ControlStream.swift (in target 'OrbitKit' from project 'OrbitKit')
    cd /Users/runner/work/orbit/orbit/.ipad-probe/IpadProbe.xcodeproj
    

SwiftCompile normal arm64 /Users/runner/work/orbit/orbit/src/macos/OrbitKit/Sources/OrbitKit/Realtime/EventStream.swift (in target 'OrbitKit' from project 'OrbitKit')
    cd /Users/runner/work/orbit/orbit/.ipad-probe/IpadProbe.xcodeproj
    

SwiftCompile normal arm64 /Users/runner/work/orbit/orbit/src/macos/OrbitKit/Sources/OrbitKit/Realtime/ReconnectPolicy.swift (in target 'OrbitKit' from project 'OrbitKit')
    cd /Users/runner/work/orbit/orbit/.ipad-probe/IpadProbe.xcodeproj
    

SwiftCompile normal arm64 /Users/runner/work/orbit/orbit/src/macos/OrbitKit/Sources/OrbitKit/Realtime/SSEFrameParser.swift (in target 'OrbitKit' from project 'OrbitKit')
    cd /Users/runner/work/orbit/orbit/.ipad-probe/IpadProbe.xcodeproj
    

SwiftCompile normal arm64 /Users/runner/work/orbit/orbit/src/macos/OrbitKit/Sources/OrbitKit/Transcript/BackgroundJobs.swift (in target 'OrbitKit' from project 'OrbitKit')
    cd /Users/runner/work/orbit/orbit/.ipad-probe/IpadProbe.xcodeproj
    

SwiftCompile normal arm64 /Users/runner/work/orbit/orbit/src/macos/OrbitKit/Sources/OrbitKit/Transcript/BackgroundSummary.swift (in target 'OrbitKit' from project 'OrbitKit')
    cd /Users/runner/work/orbit/orbit/.ipad-probe/IpadProbe.xcodeproj
    

SwiftCompile normal arm64 /Users/runner/work/orbit/orbit/src/macos/OrbitKit/Sources/OrbitKit/Transcript/ConfirmationReviewTurns.swift (in target 'OrbitKit' from project 'OrbitKit')
    cd /Users/runner/work/orbit/orbit/.ipad-probe/IpadProbe.xcodeproj
    

SwiftCompile normal arm64 /Users/runner/work/orbit/orbit/src/macos/OrbitKit/Sources/OrbitKit/Transcript/DeliveredMessage.swift (in target 'OrbitKit' from project 'OrbitKit')
    cd /Users/runner/work/orbit/orbit/.ipad-probe/IpadProbe.xcodeproj
    

SwiftCompile normal arm64 /Users/runner/work/orbit/orbit/src/macos/OrbitKit/Sources/OrbitKit/Transcript/MonospaceOutputLayout.swift (in target 'OrbitKit' from project 'OrbitKit')
    cd /Users/runner/work/orbit/orbit/.ipad-probe/IpadProbe.xcodeproj
    

SwiftCompile normal arm64 /Users/runner/work/orbit/orbit/src/macos/OrbitKit/Sources/OrbitKit/Transcript/OpenItemDelivery.swift (in target 'OrbitKit' from project 'OrbitKit')
    cd /Users/runner/work/orbit/orbit/.ipad-probe/IpadProbe.xcodeproj
    

SwiftCompile normal arm64 /Users/runner/work/orbit/orbit/src/macos/OrbitKit/Sources/OrbitKit/Transcript/ProjectStarted.swift (in target 'OrbitKit' from project 'OrbitKit')
    cd /Users/runner/work/orbit/orbit/.ipad-probe/IpadProbe.xcodeproj
    

SwiftMergeGeneratedHeaders /Users/runner/work/orbit/orbit/.ipad-probe/.dd/Build/Intermediates.noindex/GeneratedModuleMaps-iphonesimulator/OrbitKit-Swift.h /Users/runner/work/orbit/orbit/.ipad-probe/.dd/Build/Intermediates.noindex/OrbitKit.build/Debug-iphonesimulator/OrbitKit.build/Objects-normal/arm64/OrbitKit-Swift.h (in target 'OrbitKit' from project 'OrbitKit')
    cd /Users/runner/work/orbit/orbit/src/macos/OrbitKit
    builtin-swiftHeaderTool -arch arm64 /Users/runner/work/orbit/orbit/.ipad-probe/.dd/Build/Intermediates.noindex/OrbitKit.build/Debug-iphonesimulator/OrbitKit.build/Objects-normal/arm64/OrbitKit-Swift.h -o /Users/runner/work/orbit/orbit/.ipad-probe/.dd/Build/Intermediates.noindex/GeneratedModuleMaps-iphonesimulator/OrbitKit-Swift.h

Copy /Users/runner/work/orbit/orbit/.ipad-probe/.dd/Build/Products/Debug-iphonesimulator/OrbitKit.swiftmodule/arm64-apple-ios-simulator.swiftmodule /Users/runner/work/orbit/orbit/.ipad-probe/.dd/Build/Intermediates.noindex/OrbitKit.build/Debug-iphonesimulator/OrbitKit.build/Objects-normal/arm64/OrbitKit.swiftmodule (in target 'OrbitKit' from project 'OrbitKit')
    cd /Users/runner/work/orbit/orbit/src/macos/OrbitKit
    builtin-copy -exclude .DS_Store -exclude CVS -exclude .svn -exclude .git -exclude .hg -resolve-src-symlinks -rename /Users/runner/work/orbit/orbit/.ipad-probe/.dd/Build/Intermediates.noindex/OrbitKit.build/Debug-iphonesimulator/OrbitKit.build/Objects-normal/arm64/OrbitKit.swiftmodule /Users/runner/work/orbit/orbit/.ipad-probe/.dd/Build/Products/Debug-iphonesimulator/OrbitKit.swiftmodule/arm64-apple-ios-simulator.swiftmodule

SwiftDriverJobDiscovery normal arm64 Compiling RunnerAttention.swift, RunnerControl.swift, RunnerDownload.swift, RunnerPageCopy.swift, RunnerPageFormat.swift, ServerURL.swift, SessionCreatedTasksCopy.swift, SessionDetailCache.swift, SessionFolderCopy.swift, SessionFolderGrouping.swift, SessionGrouping.swift, SessionHeader.swift, SessionLine.swift, SessionListingMemo.swift, SessionMove.swift, SessionProjectCopy.swift, SessionProjectGrouping.swift, SessionProjectMembers.swift, SessionProviderChoices.swift, SessionRunStart.swift, SessionSearchHighlight.swift, SessionStatusGlyph.swift, SessionTaskCard.swift, SessionTimeGrouping.swift (in target 'OrbitKit' from project 'OrbitKit')

Copy /Users/runner/work/orbit/orbit/.ipad-probe/.dd/Build/Products/Debug-iphonesimulator/OrbitKit.swiftmodule/arm64-apple-ios-simulator.swiftdoc /Users/runner/work/orbit/orbit/.ipad-probe/.dd/Build/Intermediates.noindex/OrbitKit.build/Debug-iphonesimulator/OrbitKit.build/Objects-normal/arm64/OrbitKit.swiftdoc (in target 'OrbitKit' from project 'OrbitKit')
    cd /Users/runner/work/orbit/orbit/src/macos/OrbitKit
    builtin-copy -exclude .DS_Store -exclude CVS -exclude .svn -exclude .git -exclude .hg -resolve-src-symlinks -rename /Users/runner/work/orbit/orbit/.ipad-probe/.dd/Build/Intermediates.noindex/OrbitKit.build/Debug-iphonesimulator/OrbitKit.build/Objects-normal/arm64/OrbitKit.swiftdoc /Users/runner/work/orbit/orbit/.ipad-probe/.dd/Build/Products/Debug-iphonesimulator/OrbitKit.swiftmodule/arm64-apple-ios-simulator.swiftdoc

Copy /Users/runner/work/orbit/orbit/.ipad-probe/.dd/Build/Products/Debug-iphonesimulator/OrbitKit.swiftmodule/arm64-apple-ios-simulator.abi.json /Users/runner/work/orbit/orbit/.ipad-probe/.dd/Build/Intermediates.noindex/OrbitKit.build/Debug-iphonesimulator/OrbitKit.build/Objects-normal/arm64/OrbitKit.abi.json (in target 'OrbitKit' from project 'OrbitKit')
    cd /Users/runner/work/orbit/orbit/src/macos/OrbitKit
    builtin-copy -exclude .DS_Store -exclude CVS -exclude .svn -exclude .git -exclude .hg -resolve-src-symlinks -rename /Users/runner/work/orbit/orbit/.ipad-probe/.dd/Build/Intermediates.noindex/OrbitKit.build/Debug-iphonesimulator/OrbitKit.build/Objects-normal/arm64/OrbitKit.abi.json /Users/runner/work/orbit/orbit/.ipad-probe/.dd/Build/Products/Debug-iphonesimulator/OrbitKit.swiftmodule/arm64-apple-ios-simulator.abi.json

Copy /Users/runner/work/orbit/orbit/.ipad-probe/.dd/Build/Products/Debug-iphonesimulator/OrbitKit.swiftmodule/Project/arm64-apple-ios-simulator.swiftsourceinfo /Users/runner/work/orbit/orbit/.ipad-probe/.dd/Build/Intermediates.noindex/OrbitKit.build/Debug-iphonesimulator/OrbitKit.build/Objects-normal/arm64/OrbitKit.swiftsourceinfo (in target 'OrbitKit' from project 'OrbitKit')
    cd /Users/runner/work/orbit/orbit/src/macos/OrbitKit
    builtin-copy -exclude .DS_Store -exclude CVS -exclude .svn -exclude .git -exclude .hg -resolve-src-symlinks -rename /Users/runner/work/orbit/orbit/.ipad-probe/.dd/Build/Intermediates.noindex/OrbitKit.build/Debug-iphonesimulator/OrbitKit.build/Objects-normal/arm64/OrbitKit.swiftsourceinfo /Users/runner/work/orbit/orbit/.ipad-probe/.dd/Build/Products/Debug-iphonesimulator/OrbitKit.swiftmodule/Project/arm64-apple-ios-simulator.swiftsourceinfo

SwiftCompile normal arm64 Compiling\ JSONValue.swift,\ LinkPreviews.swift,\ ManagedRunner.swift,\ MergeRecovery.swift,\ OpenListDelta.swift,\ Preferences.swift,\ ProjectDetail.swift,\ ProjectOwnerItems.swift,\ ProjectPlan.swift,\ Projects.swift,\ ProviderBalance.swift,\ ProviderPools.swift,\ Providers.swift,\ PublicID.swift,\ Push.swift,\ RunEvent.swift,\ Runners.swift,\ SessionCreatedTasks.swift,\ SessionFolder.swift,\ SessionMoveTargets.swift,\ SessionProjectMembership.swift,\ ShareLinks.swift,\ SharedPools.swift,\ SourceRefusal.swift /Users/runner/work/orbit/orbit/src/macos/OrbitKit/Sources/OrbitKit/Models/JSONValue.swift /Users/runner/work/orbit/orbit/src/macos/OrbitKit/Sources/OrbitKit/Models/LinkPreviews.swift /Users/runner/work/orbit/orbit/src/macos/OrbitKit/Sources/OrbitKit/Models/ManagedRunner.swift /Users/runner/work/orbit/orbit/src/macos/OrbitKit/Sources/OrbitKit/Models/MergeRecovery.swift /Users/runner/work/orbit/orbit/src/macos/OrbitKit/Sources/OrbitKit/Models/OpenListDelta.swift /Users/runner/work/orbit/orbit/src/macos/OrbitKit/Sources/OrbitKit/Models/Preferences.swift /Users/runner/work/orbit/orbit/src/macos/OrbitKit/Sources/OrbitKit/Models/ProjectDetail.swift /Users/runner/work/orbit/orbit/src/macos/OrbitKit/Sources/OrbitKit/Models/ProjectOwnerItems.swift /Users/runner/work/orbit/orbit/src/macos/OrbitKit/Sources/OrbitKit/Models/ProjectPlan.swift /Users/runner/work/orbit/orbit/src/macos/OrbitKit/Sources/OrbitKit/Models/Projects.swift /Users/runner/work/orbit/orbit/src/macos/OrbitKit/Sources/OrbitKit/Models/ProviderBalance.swift /Users/runner/work/orbit/orbit/src/macos/OrbitKit/Sources/OrbitKit/Models/ProviderPools.swift /Users/runner/work/orbit/orbit/src/macos/OrbitKit/Sources/OrbitKit/Models/Providers.swift /Users/runner/work/orbit/orbit/src/macos/OrbitKit/Sources/OrbitKit/Models/PublicID.swift /Users/runner/work/orbit/orbit/src/macos/OrbitKit/Sources/OrbitKit/Models/Push.swift /Users/runner/work/orbit/orbit/src/macos/OrbitKit/Sources/OrbitKit/Models/RunEvent.swift /Users/runner/work/orbit/orbit/src/macos/OrbitKit/Sources/OrbitKit/Models/Runners.swift /Users/runner/work/orbit/orbit/src/macos/OrbitKit/Sources/OrbitKit/Models/SessionCreatedTasks.swift /Users/runner/work/orbit/orbit/src/macos/OrbitKit/Sources/OrbitKit/Models/SessionFolder.swift /Users/runner/work/orbit/orbit/src/macos/OrbitKit/Sources/OrbitKit/Models/SessionMoveTargets.swift /Users/runner/work/orbit/orbit/src/macos/OrbitKit/Sources/OrbitKit/Models/SessionProjectMembership.swift /Users/runner/work/orbit/orbit/src/macos/OrbitKit/Sources/OrbitKit/Models/ShareLinks.swift /Users/runner/work/orbit/orbit/src/macos/OrbitKit/Sources/OrbitKit/Models/SharedPools.swift /Users/runner/work/orbit/orbit/src/macos/OrbitKit/Sources/OrbitKit/Models/SourceRefusal.swift (in target 'OrbitKit' from project 'OrbitKit')

SwiftCompile normal arm64 /Users/runner/work/orbit/orbit/src/macos/OrbitKit/Sources/OrbitKit/Models/JSONValue.swift (in target 'OrbitKit' from project 'OrbitKit')
    cd /Users/runner/work/orbit/orbit/.ipad-probe/IpadProbe.xcodeproj
    

SwiftCompile normal arm64 /Users/runner/work/orbit/orbit/src/macos/OrbitKit/Sources/OrbitKit/Models/LinkPreviews.swift (in target 'OrbitKit' from project 'OrbitKit')
    cd /Users/runner/work/orbit/orbit/.ipad-probe/IpadProbe.xcodeproj
    

SwiftCompile normal arm64 /Users/runner/work/orbit/orbit/src/macos/OrbitKit/Sources/OrbitKit/Models/ManagedRunner.swift (in target 'OrbitKit' from project 'OrbitKit')
    cd /Users/runner/work/orbit/orbit/.ipad-probe/IpadProbe.xcodeproj
    

SwiftCompile normal arm64 /Users/runner/work/orbit/orbit/src/macos/OrbitKit/Sources/OrbitKit/Models/MergeRecovery.swift (in target 'OrbitKit' from project 'OrbitKit')
    cd /Users/runner/work/orbit/orbit/.ipad-probe/IpadProbe.xcodeproj
    

SwiftCompile normal arm64 /Users/runner/work/orbit/orbit/src/macos/OrbitKit/Sources/OrbitKit/Models/OpenListDelta.swift (in target 'OrbitKit' from project 'OrbitKit')
    cd /Users/runner/work/orbit/orbit/.ipad-probe/IpadProbe.xcodeproj
    

SwiftCompile normal arm64 /Users/runner/work/orbit/orbit/src/macos/OrbitKit/Sources/OrbitKit/Models/Preferences.swift (in target 'OrbitKit' from project 'OrbitKit')
    cd /Users/runner/work/orbit/orbit/.ipad-probe/IpadProbe.xcodeproj
    

SwiftCompile normal arm64 /Users/runner/work/orbit/orbit/src/macos/OrbitKit/Sources/OrbitKit/Models/ProjectDetail.swift (in target 'OrbitKit' from project 'OrbitKit')
    cd /Users/runner/work/orbit/orbit/.ipad-probe/IpadProbe.xcodeproj
    

SwiftCompile normal arm64 /Users/runner/work/orbit/orbit/src/macos/OrbitKit/Sources/OrbitKit/Models/ProjectOwnerItems.swift (in target 'OrbitKit' from project 'OrbitKit')
    cd /Users/runner/work/orbit/orbit/.ipad-probe/IpadProbe.xcodeproj
    

SwiftCompile normal arm64 /Users/runner/work/orbit/orbit/src/macos/OrbitKit/Sources/OrbitKit/Models/ProjectPlan.swift (in target 'OrbitKit' from project 'OrbitKit')
    cd /Users/runner/work/orbit/orbit/.ipad-probe/IpadProbe.xcodeproj
    

SwiftCompile normal arm64 /Users/runner/work/orbit/orbit/src/macos/OrbitKit/Sources/OrbitKit/Models/Projects.swift (in target 'OrbitKit' from project 'OrbitKit')
    cd /Users/runner/work/orbit/orbit/.ipad-probe/IpadProbe.xcodeproj
    

SwiftCompile normal arm64 /Users/runner/work/orbit/orbit/src/macos/OrbitKit/Sources/OrbitKit/Models/ProviderBalance.swift (in target 'OrbitKit' from project 'OrbitKit')
    cd /Users/runner/work/orbit/orbit/.ipad-probe/IpadProbe.xcodeproj
    

SwiftCompile normal arm64 /Users/runner/work/orbit/orbit/src/macos/OrbitKit/Sources/OrbitKit/Models/ProviderPools.swift (in target 'OrbitKit' from project 'OrbitKit')
    cd /Users/runner/work/orbit/orbit/.ipad-probe/IpadProbe.xcodeproj
    

SwiftCompile normal arm64 /Users/runner/work/orbit/orbit/src/macos/OrbitKit/Sources/OrbitKit/Models/Providers.swift (in target 'OrbitKit' from project 'OrbitKit')
    cd /Users/runner/work/orbit/orbit/.ipad-probe/IpadProbe.xcodeproj
    

SwiftCompile normal arm64 /Users/runner/work/orbit/orbit/src/macos/OrbitKit/Sources/OrbitKit/Models/PublicID.swift (in target 'OrbitKit' from project 'OrbitKit')
    cd /Users/runner/work/orbit/orbit/.ipad-probe/IpadProbe.xcodeproj
    

SwiftCompile normal arm64 /Users/runner/work/orbit/orbit/src/macos/OrbitKit/Sources/OrbitKit/Models/Push.swift (in target 'OrbitKit' from project 'OrbitKit')
    cd /Users/runner/work/orbit/orbit/.ipad-probe/IpadProbe.xcodeproj
    

SwiftCompile normal arm64 /Users/runner/work/orbit/orbit/src/macos/OrbitKit/Sources/OrbitKit/Models/RunEvent.swift (in target 'OrbitKit' from project 'OrbitKit')
    cd /Users/runner/work/orbit/orbit/.ipad-probe/IpadProbe.xcodeproj
    

SwiftCompile normal arm64 /Users/runner/work/orbit/orbit/src/macos/OrbitKit/Sources/OrbitKit/Models/Runners.swift (in target 'OrbitKit' from project 'OrbitKit')
    cd /Users/runner/work/orbit/orbit/.ipad-probe/IpadProbe.xcodeproj
    

SwiftCompile normal arm64 /Users/runner/work/orbit/orbit/src/macos/OrbitKit/Sources/OrbitKit/Models/SessionCreatedTasks.swift (in target 'OrbitKit' from project 'OrbitKit')
    cd /Users/runner/work/orbit/orbit/.ipad-probe/IpadProbe.xcodeproj
    

SwiftCompile normal arm64 /Users/runner/work/orbit/orbit/src/macos/OrbitKit/Sources/OrbitKit/Models/SessionFolder.swift (in target 'OrbitKit' from project 'OrbitKit')
    cd /Users/runner/work/orbit/orbit/.ipad-probe/IpadProbe.xcodeproj
    

SwiftCompile normal arm64 /Users/runner/work/orbit/orbit/src/macos/OrbitKit/Sources/OrbitKit/Models/SessionMoveTargets.swift (in target 'OrbitKit' from project 'OrbitKit')
    cd /Users/runner/work/orbit/orbit/.ipad-probe/IpadProbe.xcodeproj
    

SwiftCompile normal arm64 /Users/runner/work/orbit/orbit/src/macos/OrbitKit/Sources/OrbitKit/Models/SessionProjectMembership.swift (in target 'OrbitKit' from project 'OrbitKit')
    cd /Users/runner/work/orbit/orbit/.ipad-probe/IpadProbe.xcodeproj
    

SwiftCompile normal arm64 /Users/runner/work/orbit/orbit/src/macos/OrbitKit/Sources/OrbitKit/Models/ShareLinks.swift (in target 'OrbitKit' from project 'OrbitKit')
    cd /Users/runner/work/orbit/orbit/.ipad-probe/IpadProbe.xcodeproj
    

SwiftCompile normal arm64 /Users/runner/work/orbit/orbit/src/macos/OrbitKit/Sources/OrbitKit/Models/SharedPools.swift (in target 'OrbitKit' from project 'OrbitKit')
    cd /Users/runner/work/orbit/orbit/.ipad-probe/IpadProbe.xcodeproj
    

SwiftCompile normal arm64 /Users/runner/work/orbit/orbit/src/macos/OrbitKit/Sources/OrbitKit/Models/SourceRefusal.swift (in target 'OrbitKit' from project 'OrbitKit')
    cd /Users/runner/work/orbit/orbit/.ipad-probe/IpadProbe.xcodeproj
    

SwiftDriverJobDiscovery normal arm64 Compiling AccessTokensList.swift, AccountPause.swift, AddPoolKey.swift, AgentDefaults.swift, AgentListLogic.swift, AppSection.swift, ApprovalReviewDrafts.swift, Approvals.swift, ArtifactByteCache.swift, AttachmentLink.swift, AutoRetryLogic.swift, BackgroundWake.swift, BatchReview.swift, BatchTree.swift, BottomSearchReveal.swift, CoalescedRefreshQueue.swift, CodexAccounts.swift, CodexLoginPool.swift, CodexPoolPage.swift, CodexSignIn.swift, Composer.swift, CriteriaChange.swift, CriteriaDecision.swift, DeepLink.swift (in target 'OrbitKit' from project 'OrbitKit')

SwiftCompile normal arm64 Compiling\ ReferencedTask.swift,\ ScrubRailGeometry.swift,\ SessionMessage.swift,\ SessionPreviewImages.swift,\ SessionRequest.swift,\ SessionStore.swift,\ SteerDelivery.swift,\ StickyQuestionHold.swift,\ StickySummary.swift,\ TailPinning.swift,\ TaskProgress.swift,\ TaskProgressCopy.swift,\ TaskStart.swift,\ ThinkingSummary.swift,\ ToolDisplay.swift,\ ToolGroupSummary.swift,\ ToolResultContent.swift,\ Transcript.swift,\ TranscriptRecordAnchor.swift,\ TranscriptReducer.swift,\ TranscriptRows.swift,\ TranscriptStore.swift,\ TurnCards.swift /Users/runner/work/orbit/orbit/src/macos/OrbitKit/Sources/OrbitKit/Transcript/ReferencedTask.swift /Users/runner/work/orbit/orbit/src/macos/OrbitKit/Sources/OrbitKit/Transcript/ScrubRailGeometry.swift /Users/runner/work/orbit/orbit/src/macos/OrbitKit/Sources/OrbitKit/Transcript/SessionMessage.swift /Users/runner/work/orbit/orbit/src/macos/OrbitKit/Sources/OrbitKit/Transcript/SessionPreviewImages.swift /Users/runner/work/orbit/orbit/src/macos/OrbitKit/Sources/OrbitKit/Transcript/SessionRequest.swift /Users/runner/work/orbit/orbit/src/macos/OrbitKit/Sources/OrbitKit/Transcript/SessionStore.swift /Users/runner/work/orbit/orbit/src/macos/OrbitKit/Sources/OrbitKit/Transcript/SteerDelivery.swift /Users/runner/work/orbit/orbit/src/macos/OrbitKit/Sources/OrbitKit/Transcript/StickyQuestionHold.swift /Users/runner/work/orbit/orbit/src/macos/OrbitKit/Sources/OrbitKit/Transcript/StickySummary.swift /Users/runner/work/orbit/orbit/src/macos/OrbitKit/Sources/OrbitKit/Transcript/TailPinning.swift /Users/runner/work/orbit/orbit/src/macos/OrbitKit/Sources/OrbitKit/Transcript/TaskProgress.swift /Users/runner/work/orbit/orbit/src/macos/OrbitKit/Sources/OrbitKit/Transcript/TaskProgressCopy.swift /Users/runner/work/orbit/orbit/src/macos/OrbitKit/Sources/OrbitKit/Transcript/TaskStart.swift /Users/runner/work/orbit/orbit/src/macos/OrbitKit/Sources/OrbitKit/Transcript/ThinkingSummary.swift /Users/runner/work/orbit/orbit/src/macos/OrbitKit/Sources/OrbitKit/Transcript/ToolDisplay.swift /Users/runner/work/orbit/orbit/src/macos/OrbitKit/Sources/OrbitKit/Transcript/ToolGroupSummary.swift /Users/runner/work/orbit/orbit/src/macos/OrbitKit/Sources/OrbitKit/Transcript/ToolResultContent.swift /Users/runner/work/orbit/orbit/src/macos/OrbitKit/Sources/OrbitKit/Transcript/Transcript.swift /Users/runner/work/orbit/orbit/src/macos/OrbitKit/Sources/OrbitKit/Transcript/TranscriptRecordAnchor.swift /Users/runner/work/orbit/orbit/src/macos/OrbitKit/Sources/OrbitKit/Transcript/TranscriptReducer.swift /Users/runner/work/orbit/orbit/src/macos/OrbitKit/Sources/OrbitKit/Transcript/TranscriptRows.swift /Users/runner/work/orbit/orbit/src/macos/OrbitKit/Sources/OrbitKit/Transcript/TranscriptStore.swift /Users/runner/work/orbit/orbit/src/macos/OrbitKit/Sources/OrbitKit/Transcript/TurnCards.swift (in target 'OrbitKit' from project 'OrbitKit')

SwiftCompile normal arm64 /Users/runner/work/orbit/orbit/src/macos/OrbitKit/Sources/OrbitKit/Transcript/ReferencedTask.swift (in target 'OrbitKit' from project 'OrbitKit')
    cd /Users/runner/work/orbit/orbit/.ipad-probe/IpadProbe.xcodeproj
    

SwiftCompile normal arm64 /Users/runner/work/orbit/orbit/src/macos/OrbitKit/Sources/OrbitKit/Transcript/ScrubRailGeometry.swift (in target 'OrbitKit' from project 'OrbitKit')
    cd /Users/runner/work/orbit/orbit/.ipad-probe/IpadProbe.xcodeproj
    

SwiftCompile normal arm64 /Users/runner/work/orbit/orbit/src/macos/OrbitKit/Sources/OrbitKit/Transcript/SessionMessage.swift (in target 'OrbitKit' from project 'OrbitKit')
    cd /Users/runner/work/orbit/orbit/.ipad-probe/IpadProbe.xcodeproj
    

SwiftCompile normal arm64 /Users/runner/work/orbit/orbit/src/macos/OrbitKit/Sources/OrbitKit/Transcript/SessionPreviewImages.swift (in target 'OrbitKit' from project 'OrbitKit')
    cd /Users/runner/work/orbit/orbit/.ipad-probe/IpadProbe.xcodeproj
    

SwiftCompile normal arm64 /Users/runner/work/orbit/orbit/src/macos/OrbitKit/Sources/OrbitKit/Transcript/SessionRequest.swift (in target 'OrbitKit' from project 'OrbitKit')
    cd /Users/runner/work/orbit/orbit/.ipad-probe/IpadProbe.xcodeproj
    

SwiftCompile normal arm64 /Users/runner/work/orbit/orbit/src/macos/OrbitKit/Sources/OrbitKit/Transcript/SessionStore.swift (in target 'OrbitKit' from project 'OrbitKit')
    cd /Users/runner/work/orbit/orbit/.ipad-probe/IpadProbe.xcodeproj
    

SwiftCompile normal arm64 /Users/runner/work/orbit/orbit/src/macos/OrbitKit/Sources/OrbitKit/Transcript/SteerDelivery.swift (in target 'OrbitKit' from project 'OrbitKit')
    cd /Users/runner/work/orbit/orbit/.ipad-probe/IpadProbe.xcodeproj
    

SwiftCompile normal arm64 /Users/runner/work/orbit/orbit/src/macos/OrbitKit/Sources/OrbitKit/Transcript/StickyQuestionHold.swift (in target 'OrbitKit' from project 'OrbitKit')
    cd /Users/runner/work/orbit/orbit/.ipad-probe/IpadProbe.xcodeproj
    

SwiftCompile normal arm64 /Users/runner/work/orbit/orbit/src/macos/OrbitKit/Sources/OrbitKit/Transcript/StickySummary.swift (in target 'OrbitKit' from project 'OrbitKit')
    cd /Users/runner/work/orbit/orbit/.ipad-probe/IpadProbe.xcodeproj
    

SwiftCompile normal arm64 /Users/runner/work/orbit/orbit/src/macos/OrbitKit/Sources/OrbitKit/Transcript/TailPinning.swift (in target 'OrbitKit' from project 'OrbitKit')
    cd /Users/runner/work/orbit/orbit/.ipad-probe/IpadProbe.xcodeproj
    

SwiftCompile normal arm64 /Users/runner/work/orbit/orbit/src/macos/OrbitKit/Sources/OrbitKit/Transcript/TaskProgress.swift (in target 'OrbitKit' from project 'OrbitKit')
    cd /Users/runner/work/orbit/orbit/.ipad-probe/IpadProbe.xcodeproj
    

SwiftCompile normal arm64 /Users/runner/work/orbit/orbit/src/macos/OrbitKit/Sources/OrbitKit/Transcript/TaskProgressCopy.swift (in target 'OrbitKit' from project 'OrbitKit')
    cd /Users/runner/work/orbit/orbit/.ipad-probe/IpadProbe.xcodeproj
    

SwiftCompile normal arm64 /Users/runner/work/orbit/orbit/src/macos/OrbitKit/Sources/OrbitKit/Transcript/TaskStart.swift (in target 'OrbitKit' from project 'OrbitKit')
    cd /Users/runner/work/orbit/orbit/.ipad-probe/IpadProbe.xcodeproj
    

SwiftCompile normal arm64 /Users/runner/work/orbit/orbit/src/macos/OrbitKit/Sources/OrbitKit/Transcript/ThinkingSummary.swift (in target 'OrbitKit' from project 'OrbitKit')
    cd /Users/runner/work/orbit/orbit/.ipad-probe/IpadProbe.xcodeproj
    

SwiftCompile normal arm64 /Users/runner/work/orbit/orbit/src/macos/OrbitKit/Sources/OrbitKit/Transcript/ToolDisplay.swift (in target 'OrbitKit' from project 'OrbitKit')
    cd /Users/runner/work/orbit/orbit/.ipad-probe/IpadProbe.xcodeproj
    

SwiftCompile normal arm64 /Users/runner/work/orbit/orbit/src/macos/OrbitKit/Sources/OrbitKit/Transcript/ToolGroupSummary.swift (in target 'OrbitKit' from project 'OrbitKit')
    cd /Users/runner/work/orbit/orbit/.ipad-probe/IpadProbe.xcodeproj
    

SwiftCompile normal arm64 /Users/runner/work/orbit/orbit/src/macos/OrbitKit/Sources/OrbitKit/Transcript/ToolResultContent.swift (in target 'OrbitKit' from project 'OrbitKit')
    cd /Users/runner/work/orbit/orbit/.ipad-probe/IpadProbe.xcodeproj
    

SwiftCompile normal arm64 /Users/runner/work/orbit/orbit/src/macos/OrbitKit/Sources/OrbitKit/Transcript/Transcript.swift (in target 'OrbitKit' from project 'OrbitKit')
    cd /Users/runner/work/orbit/orbit/.ipad-probe/IpadProbe.xcodeproj
    

SwiftCompile normal arm64 /Users/runner/work/orbit/orbit/src/macos/OrbitKit/Sources/OrbitKit/Transcript/TranscriptRecordAnchor.swift (in target 'OrbitKit' from project 'OrbitKit')
    cd /Users/runner/work/orbit/orbit/.ipad-probe/IpadProbe.xcodeproj
    

SwiftCompile normal arm64 /Users/runner/work/orbit/orbit/src/macos/OrbitKit/Sources/OrbitKit/Transcript/TranscriptReducer.swift (in target 'OrbitKit' from project 'OrbitKit')
    cd /Users/runner/work/orbit/orbit/.ipad-probe/IpadProbe.xcodeproj
    

SwiftCompile normal arm64 /Users/runner/work/orbit/orbit/src/macos/OrbitKit/Sources/OrbitKit/Transcript/TranscriptRows.swift (in target 'OrbitKit' from project 'OrbitKit')
    cd /Users/runner/work/orbit/orbit/.ipad-probe/IpadProbe.xcodeproj
    

SwiftCompile normal arm64 /Users/runner/work/orbit/orbit/src/macos/OrbitKit/Sources/OrbitKit/Transcript/TranscriptStore.swift (in target 'OrbitKit' from project 'OrbitKit')
    cd /Users/runner/work/orbit/orbit/.ipad-probe/IpadProbe.xcodeproj
    

SwiftCompile normal arm64 /Users/runner/work/orbit/orbit/src/macos/OrbitKit/Sources/OrbitKit/Transcript/TurnCards.swift (in target 'OrbitKit' from project 'OrbitKit')
    cd /Users/runner/work/orbit/orbit/.ipad-probe/IpadProbe.xcodeproj
    

SwiftCompile normal arm64 Compiling\ OrbitLinkDestination.swift,\ OrbitLinkPlacement.swift,\ OrbitLinkStore.swift,\ OwnerConfirmation.swift,\ OwnerConfirmationReview.swift,\ OwnerItemCards.swift,\ PendingSessionOperations.swift,\ PinnedCache.swift,\ ProjectAttention.swift,\ ProjectCrossings.swift,\ ProjectDone.swift,\ ProjectGraphLayout.swift,\ ProjectPage.swift,\ ProjectPageSections.swift,\ ProjectRunSettings.swift,\ ProjectTimeline.swift,\ ProviderEngines.swift,\ ProviderPoolLogic.swift,\ ProvidersOverview.swift,\ RecentsLogic.swift,\ RefreshControlClearance.swift,\ RelativeTime.swift,\ RetryRoute.swift,\ RowSwipeGeometry.swift /Users/runner/work/orbit/orbit/src/macos/OrbitKit/Sources/OrbitKit/App/OrbitLinkDestination.swift /Users/runner/work/orbit/orbit/src/macos/OrbitKit/Sources/OrbitKit/App/OrbitLinkPlacement.swift /Users/runner/work/orbit/orbit/src/macos/OrbitKit/Sources/OrbitKit/App/OrbitLinkStore.swift /Users/runner/work/orbit/orbit/src/macos/OrbitKit/Sources/OrbitKit/App/OwnerConfirmation.swift /Users/runner/work/orbit/orbit/src/macos/OrbitKit/Sources/OrbitKit/App/OwnerConfirmationReview.swift /Users/runner/work/orbit/orbit/src/macos/OrbitKit/Sources/OrbitKit/App/OwnerItemCards.swift /Users/runner/work/orbit/orbit/src/macos/OrbitKit/Sources/OrbitKit/App/PendingSessionOperations.swift /Users/runner/work/orbit/orbit/src/macos/OrbitKit/Sources/OrbitKit/App/PinnedCache.swift /Users/runner/work/orbit/orbit/src/macos/OrbitKit/Sources/OrbitKit/App/ProjectAttention.swift /Users/runner/work/orbit/orbit/src/macos/OrbitKit/Sources/OrbitKit/App/ProjectCrossings.swift /Users/runner/work/orbit/orbit/src/macos/OrbitKit/Sources/OrbitKit/App/ProjectDone.swift /Users/runner/work/orbit/orbit/src/macos/OrbitKit/Sources/OrbitKit/App/ProjectGraphLayout.swift /Users/runner/work/orbit/orbit/src/macos/OrbitKit/Sources/OrbitKit/App/ProjectPage.swift /Users/runner/work/orbit/orbit/src/macos/OrbitKit/Sources/OrbitKit/App/ProjectPageSections.swift /Users/runner/work/orbit/orbit/src/macos/OrbitKit/Sources/OrbitKit/App/ProjectRunSettings.swift /Users/runner/work/orbit/orbit/src/macos/OrbitKit/Sources/OrbitKit/App/ProjectTimeline.swift /Users/runner/work/orbit/orbit/src/macos/OrbitKit/Sources/OrbitKit/App/ProviderEngines.swift /Users/runner/work/orbit/orbit/src/macos/OrbitKit/Sources/OrbitKit/App/ProviderPoolLogic.swift /Users/runner/work/orbit/orbit/src/macos/OrbitKit/Sources/OrbitKit/App/ProvidersOverview.swift /Users/runner/work/orbit/orbit/src/macos/OrbitKit/Sources/OrbitKit/App/RecentsLogic.swift /Users/runner/work/orbit/orbit/src/macos/OrbitKit/Sources/OrbitKit/App/RefreshControlClearance.swift /Users/runner/work/orbit/orbit/src/macos/OrbitKit/Sources/OrbitKit/App/RelativeTime.swift /Users/runner/work/orbit/orbit/src/macos/OrbitKit/Sources/OrbitKit/App/RetryRoute.swift /Users/runner/work/orbit/orbit/src/macos/OrbitKit/Sources/OrbitKit/App/RowSwipeGeometry.swift (in target 'OrbitKit' from project 'OrbitKit')
SwiftCompile normal arm64 /Users/runner/work/orbit/orbit/src/macos/OrbitKit/Sources/OrbitKit/App/OrbitLinkDestination.swift (in target 'OrbitKit' from project 'OrbitKit')
    cd /Users/runner/work/orbit/orbit/.ipad-probe/IpadProbe.xcodeproj
    

SwiftCompile normal arm64 /Users/runner/work/orbit/orbit/src/macos/OrbitKit/Sources/OrbitKit/App/OrbitLinkPlacement.swift (in target 'OrbitKit' from project 'OrbitKit')
    cd /Users/runner/work/orbit/orbit/.ipad-probe/IpadProbe.xcodeproj
    

SwiftCompile normal arm64 /Users/runner/work/orbit/orbit/src/macos/OrbitKit/Sources/OrbitKit/App/OrbitLinkStore.swift (in target 'OrbitKit' from project 'OrbitKit')
    cd /Users/runner/work/orbit/orbit/.ipad-probe/IpadProbe.xcodeproj
    

SwiftCompile normal arm64 /Users/runner/work/orbit/orbit/src/macos/OrbitKit/Sources/OrbitKit/App/OwnerConfirmation.swift (in target 'OrbitKit' from project 'OrbitKit')
    cd /Users/runner/work/orbit/orbit/.ipad-probe/IpadProbe.xcodeproj
    
/Users/runner/work/orbit/orbit/src/macos/OrbitKit/Sources/OrbitKit/App/OwnerConfirmation.swift:831:19: warning: immutable value 'report' was never used; consider replacing with '_' or removing it
        guard let report, let time else { return whatTheRunReported }
              ~~~~^~~~~~
              _

SwiftCompile normal arm64 /Users/runner/work/orbit/orbit/src/macos/OrbitKit/Sources/OrbitKit/App/OwnerConfirmationReview.swift (in target 'OrbitKit' from project 'OrbitKit')
    cd /Users/runner/work/orbit/orbit/.ipad-probe/IpadProbe.xcodeproj
    

SwiftCompile normal arm64 /Users/runner/work/orbit/orbit/src/macos/OrbitKit/Sources/OrbitKit/App/OwnerItemCards.swift (in target 'OrbitKit' from project 'OrbitKit')
    cd /Users/runner/work/orbit/orbit/.ipad-probe/IpadProbe.xcodeproj
    

SwiftCompile normal arm64 /Users/runner/work/orbit/orbit/src/macos/OrbitKit/Sources/OrbitKit/App/PendingSessionOperations.swift (in target 'OrbitKit' from project 'OrbitKit')
    cd /Users/runner/work/orbit/orbit/.ipad-probe/IpadProbe.xcodeproj
    

SwiftCompile normal arm64 /Users/runner/work/orbit/orbit/src/macos/OrbitKit/Sources/OrbitKit/App/PinnedCache.swift (in target 'OrbitKit' from project 'OrbitKit')
    cd /Users/runner/work/orbit/orbit/.ipad-probe/IpadProbe.xcodeproj
    

SwiftCompile normal arm64 /Users/runner/work/orbit/orbit/src/macos/OrbitKit/Sources/OrbitKit/App/ProjectAttention.swift (in target 'OrbitKit' from project 'OrbitKit')
    cd /Users/runner/work/orbit/orbit/.ipad-probe/IpadProbe.xcodeproj
    

SwiftCompile normal arm64 /Users/runner/work/orbit/orbit/src/macos/OrbitKit/Sources/OrbitKit/App/ProjectCrossings.swift (in target 'OrbitKit' from project 'OrbitKit')
    cd /Users/runner/work/orbit/orbit/.ipad-probe/IpadProbe.xcodeproj
    

SwiftCompile normal arm64 /Users/runner/work/orbit/orbit/src/macos/OrbitKit/Sources/OrbitKit/App/ProjectDone.swift (in target 'OrbitKit' from project 'OrbitKit')
    cd /Users/runner/work/orbit/orbit/.ipad-probe/IpadProbe.xcodeproj
    

SwiftCompile normal arm64 /Users/runner/work/orbit/orbit/src/macos/OrbitKit/Sources/OrbitKit/App/ProjectGraphLayout.swift (in target 'OrbitKit' from project 'OrbitKit')
    cd /Users/runner/work/orbit/orbit/.ipad-probe/IpadProbe.xcodeproj
    

SwiftCompile normal arm64 /Users/runner/work/orbit/orbit/src/macos/OrbitKit/Sources/OrbitKit/App/ProjectPage.swift (in target 'OrbitKit' from project 'OrbitKit')
    cd /Users/runner/work/orbit/orbit/.ipad-probe/IpadProbe.xcodeproj
    

SwiftCompile normal arm64 /Users/runner/work/orbit/orbit/src/macos/OrbitKit/Sources/OrbitKit/App/ProjectPageSections.swift (in target 'OrbitKit' from project 'OrbitKit')
    cd /Users/runner/work/orbit/orbit/.ipad-probe/IpadProbe.xcodeproj
    

SwiftCompile normal arm64 /Users/runner/work/orbit/orbit/src/macos/OrbitKit/Sources/OrbitKit/App/ProjectRunSettings.swift (in target 'OrbitKit' from project 'OrbitKit')
    cd /Users/runner/work/orbit/orbit/.ipad-probe/IpadProbe.xcodeproj
    

SwiftCompile normal arm64 /Users/runner/work/orbit/orbit/src/macos/OrbitKit/Sources/OrbitKit/App/ProjectTimeline.swift (in target 'OrbitKit' from project 'OrbitKit')
    cd /Users/runner/work/orbit/orbit/.ipad-probe/IpadProbe.xcodeproj
    

SwiftCompile normal arm64 /Users/runner/work/orbit/orbit/src/macos/OrbitKit/Sources/OrbitKit/App/ProviderEngines.swift (in target 'OrbitKit' from project 'OrbitKit')
    cd /Users/runner/work/orbit/orbit/.ipad-probe/IpadProbe.xcodeproj
    

SwiftCompile normal arm64 /Users/runner/work/orbit/orbit/src/macos/OrbitKit/Sources/OrbitKit/App/ProviderPoolLogic.swift (in target 'OrbitKit' from project 'OrbitKit')
    cd /Users/runner/work/orbit/orbit/.ipad-probe/IpadProbe.xcodeproj
    

SwiftCompile normal arm64 /Users/runner/work/orbit/orbit/src/macos/OrbitKit/Sources/OrbitKit/App/ProvidersOverview.swift (in target 'OrbitKit' from project 'OrbitKit')
    cd /Users/runner/work/orbit/orbit/.ipad-probe/IpadProbe.xcodeproj
    

SwiftCompile normal arm64 /Users/runner/work/orbit/orbit/src/macos/OrbitKit/Sources/OrbitKit/App/RecentsLogic.swift (in target 'OrbitKit' from project 'OrbitKit')
    cd /Users/runner/work/orbit/orbit/.ipad-probe/IpadProbe.xcodeproj
    

SwiftCompile normal arm64 /Users/runner/work/orbit/orbit/src/macos/OrbitKit/Sources/OrbitKit/App/RefreshControlClearance.swift (in target 'OrbitKit' from project 'OrbitKit')
    cd /Users/runner/work/orbit/orbit/.ipad-probe/IpadProbe.xcodeproj
    

SwiftCompile normal arm64 /Users/runner/work/orbit/orbit/src/macos/OrbitKit/Sources/OrbitKit/App/RelativeTime.swift (in target 'OrbitKit' from project 'OrbitKit')
    cd /Users/runner/work/orbit/orbit/.ipad-probe/IpadProbe.xcodeproj
    

SwiftCompile normal arm64 /Users/runner/work/orbit/orbit/src/macos/OrbitKit/Sources/OrbitKit/App/RetryRoute.swift (in target 'OrbitKit' from project 'OrbitKit')
    cd /Users/runner/work/orbit/orbit/.ipad-probe/IpadProbe.xcodeproj
    

SwiftCompile normal arm64 /Users/runner/work/orbit/orbit/src/macos/OrbitKit/Sources/OrbitKit/App/RowSwipeGeometry.swift (in target 'OrbitKit' from project 'OrbitKit')
    cd /Users/runner/work/orbit/orbit/.ipad-probe/IpadProbe.xcodeproj
    

SwiftDriverJobDiscovery normal arm64 Compiling ReferencedTask.swift, ScrubRailGeometry.swift, SessionMessage.swift, SessionPreviewImages.swift, SessionRequest.swift, SessionStore.swift, SteerDelivery.swift, StickyQuestionHold.swift, StickySummary.swift, TailPinning.swift, TaskProgress.swift, TaskProgressCopy.swift, TaskStart.swift, ThinkingSummary.swift, ToolDisplay.swift, ToolGroupSummary.swift, ToolResultContent.swift, Transcript.swift, TranscriptRecordAnchor.swift, TranscriptReducer.swift, TranscriptRows.swift, TranscriptStore.swift, TurnCards.swift (in target 'OrbitKit' from project 'OrbitKit')

SwiftCompile normal arm64 Compiling\ DeepSeekBalance.swift,\ DshRuntime.swift,\ EngineAuth.swift,\ EngineErrors.swift,\ EvidenceDecision.swift,\ ImageViewerGeometry.swift,\ Infrastructure.swift,\ KimiSite.swift,\ LaunchSnapshot.swift,\ LoadFailureLogic.swift,\ LoginFailure.swift,\ ManagedRunnerDisplay.swift,\ Markdown.swift,\ MarkdownFileRef.swift,\ MenuBar.swift,\ Navigation.swift,\ NeedsYou.swift,\ Notifications.swift,\ OpenCodeKeys.swift,\ OpenListReader.swift,\ OpenListRowUpdate.swift,\ OrbitAskPreview.swift,\ OrbitLink.swift,\ OrbitLinkCard.swift /Users/runner/work/orbit/orbit/src/macos/OrbitKit/Sources/OrbitKit/App/DeepSeekBalance.swift /Users/runner/work/orbit/orbit/src/macos/OrbitKit/Sources/OrbitKit/App/DshRuntime.swift /Users/runner/work/orbit/orbit/src/macos/OrbitKit/Sources/OrbitKit/App/EngineAuth.swift /Users/runner/work/orbit/orbit/src/macos/OrbitKit/Sources/OrbitKit/App/EngineErrors.swift /Users/runner/work/orbit/orbit/src/macos/OrbitKit/Sources/OrbitKit/App/EvidenceDecision.swift /Users/runner/work/orbit/orbit/src/macos/OrbitKit/Sources/OrbitKit/App/ImageViewerGeometry.swift /Users/runner/work/orbit/orbit/src/macos/OrbitKit/Sources/OrbitKit/App/Infrastructure.swift /Users/runner/work/orbit/orbit/src/macos/OrbitKit/Sources/OrbitKit/App/KimiSite.swift /Users/runner/work/orbit/orbit/src/macos/OrbitKit/Sources/OrbitKit/App/LaunchSnapshot.swift /Users/runner/work/orbit/orbit/src/macos/OrbitKit/Sources/OrbitKit/App/LoadFailureLogic.swift /Users/runner/work/orbit/orbit/src/macos/OrbitKit/Sources/OrbitKit/App/LoginFailure.swift /Users/runner/work/orbit/orbit/src/macos/OrbitKit/Sources/OrbitKit/App/ManagedRunnerDisplay.swift /Users/runner/work/orbit/orbit/src/macos/OrbitKit/Sources/OrbitKit/App/Markdown.swift /Users/runner/work/orbit/orbit/src/macos/OrbitKit/Sources/OrbitKit/App/MarkdownFileRef.swift /Users/runner/work/orbit/orbit/src/macos/OrbitKit/Sources/OrbitKit/App/MenuBar.swift /Users/runner/work/orbit/orbit/src/macos/OrbitKit/Sources/OrbitKit/App/Navigation.swift /Users/runner/work/orbit/orbit/src/macos/OrbitKit/Sources/OrbitKit/App/NeedsYou.swift /Users/runner/work/orbit/orbit/src/macos/OrbitKit/Sources/OrbitKit/App/Notifications.swift /Users/runner/work/orbit/orbit/src/macos/OrbitKit/Sources/OrbitKit/App/OpenCodeKeys.swift /Users/runner/work/orbit/orbit/src/macos/OrbitKit/Sources/OrbitKit/App/OpenListReader.swift /Users/runner/work/orbit/orbit/src/macos/OrbitKit/Sources/OrbitKit/App/OpenListRowUpdate.swift /Users/runner/work/orbit/orbit/src/macos/OrbitKit/Sources/OrbitKit/App/OrbitAskPreview.swift /Users/runner/work/orbit/orbit/src/macos/OrbitKit/Sources/OrbitKit/App/OrbitLink.swift /Users/runner/work/orbit/orbit/src/macos/OrbitKit/Sources/OrbitKit/App/OrbitLinkCard.swift (in target 'OrbitKit' from project 'OrbitKit')

SwiftCompile normal arm64 /Users/runner/work/orbit/orbit/src/macos/OrbitKit/Sources/OrbitKit/App/DeepSeekBalance.swift (in target 'OrbitKit' from project 'OrbitKit')
    cd /Users/runner/work/orbit/orbit/.ipad-probe/IpadProbe.xcodeproj
    

SwiftCompile normal arm64 /Users/runner/work/orbit/orbit/src/macos/OrbitKit/Sources/OrbitKit/App/DshRuntime.swift (in target 'OrbitKit' from project 'OrbitKit')
    cd /Users/runner/work/orbit/orbit/.ipad-probe/IpadProbe.xcodeproj
    

SwiftCompile normal arm64 /Users/runner/work/orbit/orbit/src/macos/OrbitKit/Sources/OrbitKit/App/EngineAuth.swift (in target 'OrbitKit' from project 'OrbitKit')
    cd /Users/runner/work/orbit/orbit/.ipad-probe/IpadProbe.xcodeproj
    

SwiftCompile normal arm64 /Users/runner/work/orbit/orbit/src/macos/OrbitKit/Sources/OrbitKit/App/EngineErrors.swift (in target 'OrbitKit' from project 'OrbitKit')
    cd /Users/runner/work/orbit/orbit/.ipad-probe/IpadProbe.xcodeproj
    

SwiftCompile normal arm64 /Users/runner/work/orbit/orbit/src/macos/OrbitKit/Sources/OrbitKit/App/EvidenceDecision.swift (in target 'OrbitKit' from project 'OrbitKit')
    cd /Users/runner/work/orbit/orbit/.ipad-probe/IpadProbe.xcodeproj
    

SwiftCompile normal arm64 /Users/runner/work/orbit/orbit/src/macos/OrbitKit/Sources/OrbitKit/App/ImageViewerGeometry.swift (in target 'OrbitKit' from project 'OrbitKit')
    cd /Users/runner/work/orbit/orbit/.ipad-probe/IpadProbe.xcodeproj
    

SwiftCompile normal arm64 /Users/runner/work/orbit/orbit/src/macos/OrbitKit/Sources/OrbitKit/App/Infrastructure.swift (in target 'OrbitKit' from project 'OrbitKit')
    cd /Users/runner/work/orbit/orbit/.ipad-probe/IpadProbe.xcodeproj
    

SwiftCompile normal arm64 /Users/runner/work/orbit/orbit/src/macos/OrbitKit/Sources/OrbitKit/App/KimiSite.swift (in target 'OrbitKit' from project 'OrbitKit')
    cd /Users/runner/work/orbit/orbit/.ipad-probe/IpadProbe.xcodeproj
    

SwiftCompile normal arm64 /Users/runner/work/orbit/orbit/src/macos/OrbitKit/Sources/OrbitKit/App/LaunchSnapshot.swift (in target 'OrbitKit' from project 'OrbitKit')
    cd /Users/runner/work/orbit/orbit/.ipad-probe/IpadProbe.xcodeproj
    

SwiftCompile normal arm64 /Users/runner/work/orbit/orbit/src/macos/OrbitKit/Sources/OrbitKit/App/LoadFailureLogic.swift (in target 'OrbitKit' from project 'OrbitKit')
    cd /Users/runner/work/orbit/orbit/.ipad-probe/IpadProbe.xcodeproj
    

SwiftCompile normal arm64 /Users/runner/work/orbit/orbit/src/macos/OrbitKit/Sources/OrbitKit/App/LoginFailure.swift (in target 'OrbitKit' from project 'OrbitKit')
    cd /Users/runner/work/orbit/orbit/.ipad-probe/IpadProbe.xcodeproj
    

SwiftCompile normal arm64 /Users/runner/work/orbit/orbit/src/macos/OrbitKit/Sources/OrbitKit/App/ManagedRunnerDisplay.swift (in target 'OrbitKit' from project 'OrbitKit')
    cd /Users/runner/work/orbit/orbit/.ipad-probe/IpadProbe.xcodeproj
    

SwiftCompile normal arm64 /Users/runner/work/orbit/orbit/src/macos/OrbitKit/Sources/OrbitKit/App/Markdown.swift (in target 'OrbitKit' from project 'OrbitKit')
    cd /Users/runner/work/orbit/orbit/.ipad-probe/IpadProbe.xcodeproj
    

SwiftCompile normal arm64 /Users/runner/work/orbit/orbit/src/macos/OrbitKit/Sources/OrbitKit/App/MarkdownFileRef.swift (in target 'OrbitKit' from project 'OrbitKit')
    cd /Users/runner/work/orbit/orbit/.ipad-probe/IpadProbe.xcodeproj
    

SwiftCompile normal arm64 /Users/runner/work/orbit/orbit/src/macos/OrbitKit/Sources/OrbitKit/App/MenuBar.swift (in target 'OrbitKit' from project 'OrbitKit')
    cd /Users/runner/work/orbit/orbit/.ipad-probe/IpadProbe.xcodeproj
    

SwiftCompile normal arm64 /Users/runner/work/orbit/orbit/src/macos/OrbitKit/Sources/OrbitKit/App/Navigation.swift (in target 'OrbitKit' from project 'OrbitKit')
    cd /Users/runner/work/orbit/orbit/.ipad-probe/IpadProbe.xcodeproj
    

SwiftCompile normal arm64 /Users/runner/work/orbit/orbit/src/macos/OrbitKit/Sources/OrbitKit/App/NeedsYou.swift (in target 'OrbitKit' from project 'OrbitKit')
    cd /Users/runner/work/orbit/orbit/.ipad-probe/IpadProbe.xcodeproj
    

SwiftCompile normal arm64 /Users/runner/work/orbit/orbit/src/macos/OrbitKit/Sources/OrbitKit/App/Notifications.swift (in target 'OrbitKit' from project 'OrbitKit')
    cd /Users/runner/work/orbit/orbit/.ipad-probe/IpadProbe.xcodeproj
    

SwiftCompile normal arm64 /Users/runner/work/orbit/orbit/src/macos/OrbitKit/Sources/OrbitKit/App/OpenCodeKeys.swift (in target 'OrbitKit' from project 'OrbitKit')
    cd /Users/runner/work/orbit/orbit/.ipad-probe/IpadProbe.xcodeproj
    

SwiftCompile normal arm64 /Users/runner/work/orbit/orbit/src/macos/OrbitKit/Sources/OrbitKit/App/OpenListReader.swift (in target 'OrbitKit' from project 'OrbitKit')
    cd /Users/runner/work/orbit/orbit/.ipad-probe/IpadProbe.xcodeproj
    

SwiftCompile normal arm64 /Users/runner/work/orbit/orbit/src/macos/OrbitKit/Sources/OrbitKit/App/OpenListRowUpdate.swift (in target 'OrbitKit' from project 'OrbitKit')
    cd /Users/runner/work/orbit/orbit/.ipad-probe/IpadProbe.xcodeproj
    

SwiftCompile normal arm64 /Users/runner/work/orbit/orbit/src/macos/OrbitKit/Sources/OrbitKit/App/OrbitAskPreview.swift (in target 'OrbitKit' from project 'OrbitKit')
    cd /Users/runner/work/orbit/orbit/.ipad-probe/IpadProbe.xcodeproj
    

SwiftCompile normal arm64 /Users/runner/work/orbit/orbit/src/macos/OrbitKit/Sources/OrbitKit/App/OrbitLink.swift (in target 'OrbitKit' from project 'OrbitKit')
    cd /Users/runner/work/orbit/orbit/.ipad-probe/IpadProbe.xcodeproj
    

SwiftCompile normal arm64 /Users/runner/work/orbit/orbit/src/macos/OrbitKit/Sources/OrbitKit/App/OrbitLinkCard.swift (in target 'OrbitKit' from project 'OrbitKit')
    cd /Users/runner/work/orbit/orbit/.ipad-probe/IpadProbe.xcodeproj
    

SwiftDriverJobDiscovery normal arm64 Compiling JSONValue.swift, LinkPreviews.swift, ManagedRunner.swift, MergeRecovery.swift, OpenListDelta.swift, Preferences.swift, ProjectDetail.swift, ProjectOwnerItems.swift, ProjectPlan.swift, Projects.swift, ProviderBalance.swift, ProviderPools.swift, Providers.swift, PublicID.swift, Push.swift, RunEvent.swift, Runners.swift, SessionCreatedTasks.swift, SessionFolder.swift, SessionMoveTargets.swift, SessionProjectMembership.swift, ShareLinks.swift, SharedPools.swift, SourceRefusal.swift (in target 'OrbitKit' from project 'OrbitKit')

SwiftCompile normal arm64 Compiling\ WatchStateMachine.swift,\ WatchWake.swift,\ WhoCanUseIt.swift,\ WikiArticleLogic.swift,\ WikiDocLogic.swift,\ WikiHealthLogic.swift,\ WikiLogic.swift,\ WikiModeLogic.swift,\ WikiPlanLogic.swift,\ WikiRunsLogic.swift,\ WikiSpaceLogic.swift,\ WorkspaceActivity.swift,\ WorktreeBarLogic.swift,\ WorktreeFileFailure.swift,\ GoogleSignIn.swift,\ TokenStore.swift,\ AccessTokens.swift,\ Admin.swift,\ Agents.swift,\ CodexLogin.swift,\ ControlEvent.swift,\ DTOs.swift,\ Enums.swift,\ FieldUpdate.swift /Users/runner/work/orbit/orbit/src/macos/OrbitKit/Sources/OrbitKit/App/WatchStateMachine.swift /Users/runner/work/orbit/orbit/src/macos/OrbitKit/Sources/OrbitKit/App/WatchWake.swift /Users/runner/work/orbit/orbit/src/macos/OrbitKit/Sources/OrbitKit/App/WhoCanUseIt.swift /Users/runner/work/orbit/orbit/src/macos/OrbitKit/Sources/OrbitKit/App/WikiArticleLogic.swift /Users/runner/work/orbit/orbit/src/macos/OrbitKit/Sources/OrbitKit/App/WikiDocLogic.swift /Users/runner/work/orbit/orbit/src/macos/OrbitKit/Sources/OrbitKit/App/WikiHealthLogic.swift /Users/runner/work/orbit/orbit/src/macos/OrbitKit/Sources/OrbitKit/App/WikiLogic.swift /Users/runner/work/orbit/orbit/src/macos/OrbitKit/Sources/OrbitKit/App/WikiModeLogic.swift /Users/runner/work/orbit/orbit/src/macos/OrbitKit/Sources/OrbitKit/App/WikiPlanLogic.swift /Users/runner/work/orbit/orbit/src/macos/OrbitKit/Sources/OrbitKit/App/WikiRunsLogic.swift /Users/runner/work/orbit/orbit/src/macos/OrbitKit/Sources/OrbitKit/App/WikiSpaceLogic.swift /Users/runner/work/orbit/orbit/src/macos/OrbitKit/Sources/OrbitKit/App/WorkspaceActivity.swift /Users/runner/work/orbit/orbit/src/macos/OrbitKit/Sources/OrbitKit/App/WorktreeBarLogic.swift /Users/runner/work/orbit/orbit/src/macos/OrbitKit/Sources/OrbitKit/App/WorktreeFileFailure.swift /Users/runner/work/orbit/orbit/src/macos/OrbitKit/Sources/OrbitKit/Auth/GoogleSignIn.swift /Users/runner/work/orbit/orbit/src/macos/OrbitKit/Sources/OrbitKit/Auth/TokenStore.swift /Users/runner/work/orbit/orbit/src/macos/OrbitKit/Sources/OrbitKit/Models/AccessTokens.swift /Users/runner/work/orbit/orbit/src/macos/OrbitKit/Sources/OrbitKit/Models/Admin.swift /Users/runner/work/orbit/orbit/src/macos/OrbitKit/Sources/OrbitKit/Models/Agents.swift /Users/runner/work/orbit/orbit/src/macos/OrbitKit/Sources/OrbitKit/Models/CodexLogin.swift /Users/runner/work/orbit/orbit/src/macos/OrbitKit/Sources/OrbitKit/Models/ControlEvent.swift /Users/runner/work/orbit/orbit/src/macos/OrbitKit/Sources/OrbitKit/Models/DTOs.swift /Users/runner/work/orbit/orbit/src/macos/OrbitKit/Sources/OrbitKit/Models/Enums.swift /Users/runner/work/orbit/orbit/src/macos/OrbitKit/Sources/OrbitKit/Models/FieldUpdate.swift (in target 'OrbitKit' from project 'OrbitKit')
SwiftCompile normal arm64 /Users/runner/work/orbit/orbit/src/macos/OrbitKit/Sources/OrbitKit/App/WatchStateMachine.swift (in target 'OrbitKit' from project 'OrbitKit')
    cd /Users/runner/work/orbit/orbit/.ipad-probe/IpadProbe.xcodeproj
    

SwiftCompile normal arm64 /Users/runner/work/orbit/orbit/src/macos/OrbitKit/Sources/OrbitKit/App/WatchWake.swift (in target 'OrbitKit' from project 'OrbitKit')
    cd /Users/runner/work/orbit/orbit/.ipad-probe/IpadProbe.xcodeproj
    

SwiftCompile normal arm64 /Users/runner/work/orbit/orbit/src/macos/OrbitKit/Sources/OrbitKit/App/WhoCanUseIt.swift (in target 'OrbitKit' from project 'OrbitKit')
    cd /Users/runner/work/orbit/orbit/.ipad-probe/IpadProbe.xcodeproj
    

SwiftCompile normal arm64 /Users/runner/work/orbit/orbit/src/macos/OrbitKit/Sources/OrbitKit/App/WikiArticleLogic.swift (in target 'OrbitKit' from project 'OrbitKit')
    cd /Users/runner/work/orbit/orbit/.ipad-probe/IpadProbe.xcodeproj
    

SwiftCompile normal arm64 /Users/runner/work/orbit/orbit/src/macos/OrbitKit/Sources/OrbitKit/App/WikiDocLogic.swift (in target 'OrbitKit' from project 'OrbitKit')
    cd /Users/runner/work/orbit/orbit/.ipad-probe/IpadProbe.xcodeproj
    

SwiftCompile normal arm64 /Users/runner/work/orbit/orbit/src/macos/OrbitKit/Sources/OrbitKit/App/WikiHealthLogic.swift (in target 'OrbitKit' from project 'OrbitKit')
    cd /Users/runner/work/orbit/orbit/.ipad-probe/IpadProbe.xcodeproj
    

SwiftCompile normal arm64 /Users/runner/work/orbit/orbit/src/macos/OrbitKit/Sources/OrbitKit/App/WikiLogic.swift (in target 'OrbitKit' from project 'OrbitKit')
    cd /Users/runner/work/orbit/orbit/.ipad-probe/IpadProbe.xcodeproj
    

SwiftCompile normal arm64 /Users/runner/work/orbit/orbit/src/macos/OrbitKit/Sources/OrbitKit/App/WikiModeLogic.swift (in target 'OrbitKit' from project 'OrbitKit')
    cd /Users/runner/work/orbit/orbit/.ipad-probe/IpadProbe.xcodeproj
    

SwiftCompile normal arm64 /Users/runner/work/orbit/orbit/src/macos/OrbitKit/Sources/OrbitKit/App/WikiPlanLogic.swift (in target 'OrbitKit' from project 'OrbitKit')
    cd /Users/runner/work/orbit/orbit/.ipad-probe/IpadProbe.xcodeproj
    

SwiftCompile normal arm64 /Users/runner/work/orbit/orbit/src/macos/OrbitKit/Sources/OrbitKit/App/WikiRunsLogic.swift (in target 'OrbitKit' from project 'OrbitKit')
    cd /Users/runner/work/orbit/orbit/.ipad-probe/IpadProbe.xcodeproj
    

SwiftCompile normal arm64 /Users/runner/work/orbit/orbit/src/macos/OrbitKit/Sources/OrbitKit/App/WikiSpaceLogic.swift (in target 'OrbitKit' from project 'OrbitKit')
    cd /Users/runner/work/orbit/orbit/.ipad-probe/IpadProbe.xcodeproj
    

SwiftCompile normal arm64 /Users/runner/work/orbit/orbit/src/macos/OrbitKit/Sources/OrbitKit/App/WorkspaceActivity.swift (in target 'OrbitKit' from project 'OrbitKit')
    cd /Users/runner/work/orbit/orbit/.ipad-probe/IpadProbe.xcodeproj
    

SwiftCompile normal arm64 /Users/runner/work/orbit/orbit/src/macos/OrbitKit/Sources/OrbitKit/App/WorktreeBarLogic.swift (in target 'OrbitKit' from project 'OrbitKit')
    cd /Users/runner/work/orbit/orbit/.ipad-probe/IpadProbe.xcodeproj
    

SwiftCompile normal arm64 /Users/runner/work/orbit/orbit/src/macos/OrbitKit/Sources/OrbitKit/App/WorktreeFileFailure.swift (in target 'OrbitKit' from project 'OrbitKit')
    cd /Users/runner/work/orbit/orbit/.ipad-probe/IpadProbe.xcodeproj
    

SwiftCompile normal arm64 /Users/runner/work/orbit/orbit/src/macos/OrbitKit/Sources/OrbitKit/Auth/GoogleSignIn.swift (in target 'OrbitKit' from project 'OrbitKit')
    cd /Users/runner/work/orbit/orbit/.ipad-probe/IpadProbe.xcodeproj
    

SwiftCompile normal arm64 /Users/runner/work/orbit/orbit/src/macos/OrbitKit/Sources/OrbitKit/Auth/TokenStore.swift (in target 'OrbitKit' from project 'OrbitKit')
    cd /Users/runner/work/orbit/orbit/.ipad-probe/IpadProbe.xcodeproj
    

SwiftCompile normal arm64 /Users/runner/work/orbit/orbit/src/macos/OrbitKit/Sources/OrbitKit/Models/AccessTokens.swift (in target 'OrbitKit' from project 'OrbitKit')
    cd /Users/runner/work/orbit/orbit/.ipad-probe/IpadProbe.xcodeproj
    

SwiftCompile normal arm64 /Users/runner/work/orbit/orbit/src/macos/OrbitKit/Sources/OrbitKit/Models/Admin.swift (in target 'OrbitKit' from project 'OrbitKit')
    cd /Users/runner/work/orbit/orbit/.ipad-probe/IpadProbe.xcodeproj
    

SwiftCompile normal arm64 /Users/runner/work/orbit/orbit/src/macos/OrbitKit/Sources/OrbitKit/Models/Agents.swift (in target 'OrbitKit' from project 'OrbitKit')
    cd /Users/runner/work/orbit/orbit/.ipad-probe/IpadProbe.xcodeproj
    

SwiftCompile normal arm64 /Users/runner/work/orbit/orbit/src/macos/OrbitKit/Sources/OrbitKit/Models/CodexLogin.swift (in target 'OrbitKit' from project 'OrbitKit')
    cd /Users/runner/work/orbit/orbit/.ipad-probe/IpadProbe.xcodeproj
    

SwiftCompile normal arm64 /Users/runner/work/orbit/orbit/src/macos/OrbitKit/Sources/OrbitKit/Models/ControlEvent.swift (in target 'OrbitKit' from project 'OrbitKit')
    cd /Users/runner/work/orbit/orbit/.ipad-probe/IpadProbe.xcodeproj
    

SwiftCompile normal arm64 /Users/runner/work/orbit/orbit/src/macos/OrbitKit/Sources/OrbitKit/Models/DTOs.swift (in target 'OrbitKit' from project 'OrbitKit')
    cd /Users/runner/work/orbit/orbit/.ipad-probe/IpadProbe.xcodeproj
    

SwiftCompile normal arm64 /Users/runner/work/orbit/orbit/src/macos/OrbitKit/Sources/OrbitKit/Models/Enums.swift (in target 'OrbitKit' from project 'OrbitKit')
    cd /Users/runner/work/orbit/orbit/.ipad-probe/IpadProbe.xcodeproj
    

SwiftCompile normal arm64 /Users/runner/work/orbit/orbit/src/macos/OrbitKit/Sources/OrbitKit/Models/FieldUpdate.swift (in target 'OrbitKit' from project 'OrbitKit')
    cd /Users/runner/work/orbit/orbit/.ipad-probe/IpadProbe.xcodeproj
    

SwiftDriverJobDiscovery normal arm64 Compiling TaskDetailReads.swift, Tasks.swift, Watches.swift, Wiki.swift, WikiArticles.swift, WikiDocs.swift, WikiHealth.swift, WikiJobs.swift, WikiPlan.swift, APIClient.swift, SessionRefresher.swift, URLSession+Orbit.swift, ControlStream.swift, EventStream.swift, ReconnectPolicy.swift, SSEFrameParser.swift, BackgroundJobs.swift, BackgroundSummary.swift, ConfirmationReviewTurns.swift, DeliveredMessage.swift, MonospaceOutputLayout.swift, OpenItemDelivery.swift, ProjectStarted.swift (in target 'OrbitKit' from project 'OrbitKit')

SwiftDriverJobDiscovery normal arm64 Compiling DeepSeekBalance.swift, DshRuntime.swift, EngineAuth.swift, EngineErrors.swift, EvidenceDecision.swift, ImageViewerGeometry.swift, Infrastructure.swift, KimiSite.swift, LaunchSnapshot.swift, LoadFailureLogic.swift, LoginFailure.swift, ManagedRunnerDisplay.swift, Markdown.swift, MarkdownFileRef.swift, MenuBar.swift, Navigation.swift, NeedsYou.swift, Notifications.swift, OpenCodeKeys.swift, OpenListReader.swift, OpenListRowUpdate.swift, OrbitAskPreview.swift, OrbitLink.swift, OrbitLinkCard.swift (in target 'OrbitKit' from project 'OrbitKit')

ProcessProductPackaging "" /Users/runner/work/orbit/orbit/.ipad-probe/.dd/Build/Intermediates.noindex/IpadProbe.build/Debug-iphonesimulator/IpadProbe.build/IpadProbe.app-Simulated.xcent (in target 'IpadProbe' from project 'IpadProbe')
    cd /Users/runner/work/orbit/orbit/.ipad-probe
    
    Entitlements:
    
    {
    "application-identifier" = "FAKETEAMID.io.orbitd.ipadprobe";
}
    
    builtin-productPackagingUtility -entitlements -format xml -o /Users/runner/work/orbit/orbit/.ipad-probe/.dd/Build/Intermediates.noindex/IpadProbe.build/Debug-iphonesimulator/IpadProbe.build/IpadProbe.app-Simulated.xcent

ProcessProductPackagingDER /Users/runner/work/orbit/orbit/.ipad-probe/.dd/Build/Intermediates.noindex/IpadProbe.build/Debug-iphonesimulator/IpadProbe.build/IpadProbe.app-Simulated.xcent /Users/runner/work/orbit/orbit/.ipad-probe/.dd/Build/Intermediates.noindex/IpadProbe.build/Debug-iphonesimulator/IpadProbe.build/IpadProbe.app-Simulated.xcent.der (in target 'IpadProbe' from project 'IpadProbe')
    cd /Users/runner/work/orbit/orbit/.ipad-probe
    /usr/bin/derq query -f xml -i /Users/runner/work/orbit/orbit/.ipad-probe/.dd/Build/Intermediates.noindex/IpadProbe.build/Debug-iphonesimulator/IpadProbe.build/IpadProbe.app-Simulated.xcent -o /Users/runner/work/orbit/orbit/.ipad-probe/.dd/Build/Intermediates.noindex/IpadProbe.build/Debug-iphonesimulator/IpadProbe.build/IpadProbe.app-Simulated.xcent.der --raw

MkDir /Users/runner/work/orbit/orbit/.ipad-probe/.dd/Build/Intermediates.noindex/IpadProbe.build/Debug-iphonesimulator/IpadProbe.build/assetcatalog_output/unthinned (in target 'IpadProbe' from project 'IpadProbe')
    cd /Users/runner/work/orbit/orbit/.ipad-probe
    /bin/mkdir -p /Users/runner/work/orbit/orbit/.ipad-probe/.dd/Build/Intermediates.noindex/IpadProbe.build/Debug-iphonesimulator/IpadProbe.build/assetcatalog_output/unthinned

MkDir /Users/runner/work/orbit/orbit/.ipad-probe/.dd/Build/Intermediates.noindex/IpadProbe.build/Debug-iphonesimulator/IpadProbe.build/assetcatalog_output/thinned (in target 'IpadProbe' from project 'IpadProbe')
    cd /Users/runner/work/orbit/orbit/.ipad-probe
    /bin/mkdir -p /Users/runner/work/orbit/orbit/.ipad-probe/.dd/Build/Intermediates.noindex/IpadProbe.build/Debug-iphonesimulator/IpadProbe.build/assetcatalog_output/thinned

GenerateAssetSymbols /Users/runner/work/orbit/orbit/src/ios/Support/Assets.xcassets (in target 'IpadProbe' from project 'IpadProbe')
    cd /Users/runner/work/orbit/orbit/.ipad-probe
    /Applications/Xcode_26.6.app/Contents/Developer/usr/bin/actool /Users/runner/work/orbit/orbit/src/ios/Support/Assets.xcassets --compile /Users/runner/work/orbit/orbit/.ipad-probe/.dd/Build/Products/Debug-iphonesimulator/IpadProbe.app --output-format human-readable-text --notices --warnings --export-dependency-info /Users/runner/work/orbit/orbit/.ipad-probe/.dd/Build/Intermediates.noindex/IpadProbe.build/Debug-iphonesimulator/IpadProbe.build/assetcatalog_dependencies --output-partial-info-plist /Users/runner/work/orbit/orbit/.ipad-probe/.dd/Build/Intermediates.noindex/IpadProbe.build/Debug-iphonesimulator/IpadProbe.build/assetcatalog_generated_info.plist --app-icon AppIcon --accent-color AccentColor --compress-pngs --enable-on-demand-resources YES --development-region en --target-device iphone --target-device ipad --minimum-deployment-target 17.0 --platform iphonesimulator --bundle-identifier io.orbitd.ipadprobe --generate-swift-asset-symbol-extensions NO --generate-swift-asset-symbols /Users/runner/work/orbit/orbit/.ipad-probe/.dd/Build/Intermediates.noindex/IpadProbe.build/Debug-iphonesimulator/IpadProbe.build/DerivedSources/GeneratedAssetSymbols.swift --generate-objc-asset-symbols /Users/runner/work/orbit/orbit/.ipad-probe/.dd/Build/Intermediates.noindex/IpadProbe.build/Debug-iphonesimulator/IpadProbe.build/DerivedSources/GeneratedAssetSymbols.h --generate-asset-symbol-index /Users/runner/work/orbit/orbit/.ipad-probe/.dd/Build/Intermediates.noindex/IpadProbe.build/Debug-iphonesimulator/IpadProbe.build/DerivedSources/GeneratedAssetSymbols-Index.plist
/* com.apple.actool.compilation-results */
/Users/runner/work/orbit/orbit/.ipad-probe/.dd/Build/Intermediates.noindex/IpadProbe.build/Debug-iphonesimulator/IpadProbe.build/DerivedSources/GeneratedAssetSymbols-Index.plist
/Users/runner/work/orbit/orbit/.ipad-probe/.dd/Build/Intermediates.noindex/IpadProbe.build/Debug-iphonesimulator/IpadProbe.build/DerivedSources/GeneratedAssetSymbols.h
/Users/runner/work/orbit/orbit/.ipad-probe/.dd/Build/Intermediates.noindex/IpadProbe.build/Debug-iphonesimulator/IpadProbe.build/DerivedSources/GeneratedAssetSymbols.swift


CompileAssetCatalogVariant thinned /Users/runner/work/orbit/orbit/.ipad-probe/.dd/Build/Products/Debug-iphonesimulator/IpadProbe.app /Users/runner/work/orbit/orbit/src/ios/Support/Assets.xcassets (in target 'IpadProbe' from project 'IpadProbe')
    cd /Users/runner/work/orbit/orbit/.ipad-probe
    /Applications/Xcode_26.6.app/Contents/Developer/usr/bin/actool /Users/runner/work/orbit/orbit/src/ios/Support/Assets.xcassets --compile /Users/runner/work/orbit/orbit/.ipad-probe/.dd/Build/Intermediates.noindex/IpadProbe.build/Debug-iphonesimulator/IpadProbe.build/assetcatalog_output/thinned --output-format human-readable-text --notices --warnings --export-dependency-info /Users/runner/work/orbit/orbit/.ipad-probe/.dd/Build/Intermediates.noindex/IpadProbe.build/Debug-iphonesimulator/IpadProbe.build/assetcatalog_dependencies_thinned --output-partial-info-plist /Users/runner/work/orbit/orbit/.ipad-probe/.dd/Build/Intermediates.noindex/IpadProbe.build/Debug-iphonesimulator/IpadProbe.build/assetcatalog_generated_info.plist_thinned --app-icon AppIcon --accent-color AccentColor --compress-pngs --enable-on-demand-resources YES --filter-for-thinning-device-configuration iPad17,4-A --filter-for-device-os-version 26.5 --development-region en --target-device iphone --target-device ipad --minimum-deployment-target 17.0 --platform iphonesimulator
/* com.apple.actool.compilation-results */
/Users/runner/work/orbit/orbit/.ipad-probe/.dd/Build/Intermediates.noindex/IpadProbe.build/Debug-iphonesimulator/IpadProbe.build/assetcatalog_generated_info.plist_thinned
/Users/runner/work/orbit/orbit/.ipad-probe/.dd/Build/Intermediates.noindex/IpadProbe.build/Debug-iphonesimulator/IpadProbe.build/assetcatalog_output/thinned/AppIcon60x60@2x.png
/Users/runner/work/orbit/orbit/.ipad-probe/.dd/Build/Intermediates.noindex/IpadProbe.build/Debug-iphonesimulator/IpadProbe.build/assetcatalog_output/thinned/AppIcon76x76@2x~ipad.png
/Users/runner/work/orbit/orbit/.ipad-probe/.dd/Build/Intermediates.noindex/IpadProbe.build/Debug-iphonesimulator/IpadProbe.build/assetcatalog_output/thinned/Assets.car


SwiftDriverJobDiscovery normal arm64 Compiling OrbitLinkDestination.swift, OrbitLinkPlacement.swift, OrbitLinkStore.swift, OwnerConfirmation.swift, OwnerConfirmationReview.swift, OwnerItemCards.swift, PendingSessionOperations.swift, PinnedCache.swift, ProjectAttention.swift, ProjectCrossings.swift, ProjectDone.swift, ProjectGraphLayout.swift, ProjectPage.swift, ProjectPageSections.swift, ProjectRunSettings.swift, ProjectTimeline.swift, ProviderEngines.swift, ProviderPoolLogic.swift, ProvidersOverview.swift, RecentsLogic.swift, RefreshControlClearance.swift, RelativeTime.swift, RetryRoute.swift, RowSwipeGeometry.swift (in target 'OrbitKit' from project 'OrbitKit')

SwiftDriver IpadProbe normal arm64 com.apple.xcode.tools.swift.compiler (in target 'IpadProbe' from project 'IpadProbe')
    cd /Users/runner/work/orbit/orbit/.ipad-probe
    builtin-SwiftDriver -- /Applications/Xcode_26.6.app/Contents/Developer/Toolchains/XcodeDefault.xctoolchain/usr/bin/swiftc -module-name IpadProbe -Onone @/Users/runner/work/orbit/orbit/.ipad-probe/.dd/Build/Intermediates.noindex/IpadProbe.build/Debug-iphonesimulator/IpadProbe.build/Objects-normal/arm64/IpadProbe.SwiftFileList -DDEBUG -enable-bare-slash-regex -enable-experimental-feature DebugDescriptionMacro -sdk /Applications/Xcode_26.6.app/Contents/Developer/Platforms/iPhoneSimulator.platform/Developer/SDKs/iPhoneSimulator26.5.sdk -target arm64-apple-ios17.0-simulator -g -module-cache-path /Users/runner/work/orbit/orbit/.ipad-probe/.dd/ModuleCache.noindex -Xfrontend -serialize-debugging-options -enable-testing -index-store-path /Users/runner/work/orbit/orbit/.ipad-probe/.dd/Index.noindex/DataStore -Xcc -D_LIBCPP_HARDENING_MODE\=_LIBCPP_HARDENING_MODE_DEBUG -swift-version 5 -I /Users/runner/work/orbit/orbit/.ipad-probe/.dd/Build/Products/Debug-iphonesimulator -F /Users/runner/work/orbit/orbit/.ipad-probe/.dd/Build/Products/Debug-iphonesimulator/PackageFrameworks -F /Users/runner/work/orbit/orbit/.ipad-probe/.dd/Build/Products/Debug-iphonesimulator/PackageFrameworks -F /Users/runner/work/orbit/orbit/.ipad-probe/.dd/Build/Products/Debug-iphonesimulator/PackageFrameworks -F /Users/runner/work/orbit/orbit/.ipad-probe/.dd/Build/Products/Debug-iphonesimulator/PackageFrameworks -F /Users/runner/work/orbit/orbit/.ipad-probe/.dd/Build/Products/Debug-iphonesimulator/PackageFrameworks -F /Users/runner/work/orbit/orbit/.ipad-probe/.dd/Build/Products/Debug-iphonesimulator -c -j3 -enable-batch-mode -incremental -Xcc -ivfsstatcache -Xcc /Users/runner/work/orbit/orbit/.ipad-probe/.dd/SDKStatCaches.noindex/iphonesimulator26.5-23F81a-688ef53f1462e2c8f657fdc38a81448ff45c64a1807a658693f2a61704f17a36.sdkstatcache -output-file-map /Users/runner/work/orbit/orbit/.ipad-probe/.dd/Build/Intermediates.noindex/IpadProbe.build/Debug-iphonesimulator/IpadProbe.build/Objects-normal/arm64/IpadProbe-OutputFileMap.json -use-frontend-parseable-output -save-temps -no-color-diagnostics -explicit-module-build -module-cache-path /Users/runner/work/orbit/orbit/.ipad-probe/.dd/Build/Intermediates.noindex/SwiftExplicitPrecompiledModules -clang-scanner-module-cache-path /Users/runner/work/orbit/orbit/.ipad-probe/.dd/ModuleCache.noindex -sdk-module-cache-path /Users/runner/work/orbit/orbit/.ipad-probe/.dd/ModuleCache.noindex -serialize-diagnostics -emit-dependencies -emit-module -emit-module-path /Users/runner/work/orbit/orbit/.ipad-probe/.dd/Build/Intermediates.noindex/IpadProbe.build/Debug-iphonesimulator/IpadProbe.build/Objects-normal/arm64/IpadProbe.swiftmodule -validate-clang-modules-once -clang-build-session-file /Users/runner/work/orbit/orbit/.ipad-probe/.dd/ModuleCache.noindex/Session.modulevalidation -Xcc -I/Users/runner/work/orbit/orbit/.ipad-probe/.dd/Build/Intermediates.noindex/IpadProbe.build/Debug-iphonesimulator/IpadProbe.build/swift-overrides.hmap -emit-const-values -Xfrontend -const-gather-protocols-file -Xfrontend /Users/runner/work/orbit/orbit/.ipad-probe/.dd/Build/Intermediates.noindex/IpadProbe.build/Debug-iphonesimulator/IpadProbe.build/Objects-normal/arm64/IpadProbe_const_extract_protocols.json -Xcc -iquote -Xcc /Users/runner/work/orbit/orbit/.ipad-probe/.dd/Build/Intermediates.noindex/IpadProbe.build/Debug-iphonesimulator/IpadProbe.build/IpadProbe-generated-files.hmap -Xcc -I/Users/runner/work/orbit/orbit/.ipad-probe/.dd/Build/Intermediates.noindex/IpadProbe.build/Debug-iphonesimulator/IpadProbe.build/IpadProbe-own-target-headers.hmap -Xcc -I/Users/runner/work/orbit/orbit/.ipad-probe/.dd/Build/Intermediates.noindex/IpadProbe.build/Debug-iphonesimulator/IpadProbe.build/IpadProbe-all-non-framework-target-headers.hmap -Xcc -ivfsoverlay -Xcc /Users/runner/work/orbit/orbit/.ipad-probe/.dd/Build/Intermediates.noindex/IpadProbe.build/Debug-iphonesimulator/IpadProbe-af27921b01a1bbdc34119b89b709bb2d-VFS-iphonesimulator/all-product-headers.yaml -Xcc -iquote -Xcc /Users/runner/work/orbit/orbit/.ipad-probe/.dd/Build/Intermediates.noindex/IpadProbe.build/Debug-iphonesimulator/IpadProbe.build/IpadProbe-project-headers.hmap -Xcc -I/Users/runner/work/orbit/orbit/.ipad-probe/.dd/SourcePackages/checkouts/swift-cmark/src/include -Xcc -I/Users/runner/work/orbit/orbit/.ipad-probe/.dd/SourcePackages/checkouts/swift-cmark/extensions/include -Xcc -I/Users/runner/work/orbit/orbit/.ipad-probe/.dd/SourcePackages/checkouts/swift-markdown/Sources/CAtomic/include -Xcc -I/Users/runner/work/orbit/orbit/.ipad-probe/.dd/Build/Products/Debug-iphonesimulator/include -Xcc -I/Users/runner/work/orbit/orbit/.ipad-probe/.dd/Build/Intermediates.noindex/IpadProbe.build/Debug-iphonesimulator/IpadProbe.build/DerivedSources-normal/arm64 -Xcc -I/Users/runner/work/orbit/orbit/.ipad-probe/.dd/Build/Intermediates.noindex/IpadProbe.build/Debug-iphonesimulator/IpadProbe.build/DerivedSources/arm64 -Xcc -I/Users/runner/work/orbit/orbit/.ipad-probe/.dd/Build/Intermediates.noindex/IpadProbe.build/Debug-iphonesimulator/IpadProbe.build/DerivedSources -Xcc -DDEBUG\=1 -emit-objc-header -emit-objc-header-path /Users/runner/work/orbit/orbit/.ipad-probe/.dd/Build/Intermediates.noindex/IpadProbe.build/Debug-iphonesimulator/IpadProbe.build/Objects-normal/arm64/IpadProbe-Swift.h -working-directory /Users/runner/work/orbit/orbit/.ipad-probe -experimental-emit-module-separately -disable-cmo

SwiftExplicitDependencyGeneratePcm arm64 /Users/runner/work/orbit/orbit/.ipad-probe/.dd/ModuleCache.noindex/ptrauth-EYXDN38O3S1USE8H0SZ18RCMB.pcm

SwiftExplicitDependencyGeneratePcm arm64 /Users/runner/work/orbit/orbit/.ipad-probe/.dd/ModuleCache.noindex/_SwiftConcurrencyShims-B4BR1GQR91P82Z87ZFKPJH4UO.pcm

SwiftExplicitDependencyGeneratePcm arm64 /Users/runner/work/orbit/orbit/.ipad-probe/.dd/ModuleCache.noindex/DeveloperToolsSupport-67M8TGF00OGXTLMNQDNC57NDF.pcm

SwiftExplicitDependencyGeneratePcm arm64 /Users/runner/work/orbit/orbit/.ipad-probe/.dd/ModuleCache.noindex/ptrcheck-BAIAALOCRBM37RNA224PZJEWH.pcm

SwiftExplicitDependencyGeneratePcm arm64 /Users/runner/work/orbit/orbit/.ipad-probe/.dd/ModuleCache.noindex/_Builtin_stdbool-85V757XL89PIPC9FVIES4A3IL.pcm

SwiftExplicitDependencyGeneratePcm arm64 /Users/runner/work/orbit/orbit/.ipad-probe/.dd/ModuleCache.noindex/_AvailabilityInternal-ABJV1PB4Q69UHFOPJFDJ6IZPR.pcm

SwiftExplicitDependencyGeneratePcm arm64 /Users/runner/work/orbit/orbit/.ipad-probe/.dd/ModuleCache.noindex/_Builtin_stddef-AJ4QY24CEG8FB2CEQFKIGX8L5.pcm

SwiftExplicitDependencyGeneratePcm arm64 /Users/runner/work/orbit/orbit/.ipad-probe/.dd/ModuleCache.noindex/_DarwinFoundation1-9M6FTWFJLS0FEPWZBXTNQY5K9.pcm

SwiftExplicitDependencyGeneratePcm arm64 /Users/runner/work/orbit/orbit/.ipad-probe/.dd/ModuleCache.noindex/_Builtin_stdarg-7FUDG027G2LDE9G2OTO719SD2.pcm

SwiftExplicitDependencyGeneratePcm arm64 /Users/runner/work/orbit/orbit/.ipad-probe/.dd/ModuleCache.noindex/ExtensionFoundation-CQ1BRZN6YGTQMKPCC3PO1QSGH.pcm

SwiftExplicitDependencyGeneratePcm arm64 /Users/runner/work/orbit/orbit/.ipad-probe/.dd/ModuleCache.noindex/_DarwinFoundation2-8XJ215HJDHBT7ATXKC5HFYJ9B.pcm

SwiftExplicitDependencyGeneratePcm arm64 /Users/runner/work/orbit/orbit/.ipad-probe/.dd/ModuleCache.noindex/_Builtin_limits-1Y7W20VDRE8GUVTQTI63Y276C.pcm

SwiftExplicitDependencyGeneratePcm arm64 /Users/runner/work/orbit/orbit/.ipad-probe/.dd/ModuleCache.noindex/_Builtin_tgmath-CTY0KNJYU5WOD3MLGKV9FNB9O.pcm

SwiftExplicitDependencyGeneratePcm arm64 /Users/runner/work/orbit/orbit/.ipad-probe/.dd/ModuleCache.noindex/sys_types-11BHXWAEH4TBJ5GSHZHM9PNOX.pcm

SwiftExplicitDependencyGeneratePcm arm64 /Users/runner/work/orbit/orbit/.ipad-probe/.dd/ModuleCache.noindex/_Builtin_stdint-523CPC3HDDP8L39NDGKK06VA2.pcm

SwiftExplicitDependencyGeneratePcm arm64 /Users/runner/work/orbit/orbit/.ipad-probe/.dd/ModuleCache.noindex/_Builtin_float-55K0L24EVVO1ASGP2O2MIBNM.pcm

SwiftExplicitDependencyGeneratePcm arm64 /Users/runner/work/orbit/orbit/.ipad-probe/.dd/ModuleCache.noindex/_Builtin_intrinsics-5C1DKJL0WS8OWV6NH5QV5XKOG.pcm

SwiftExplicitDependencyGeneratePcm arm64 /Users/runner/work/orbit/orbit/.ipad-probe/.dd/ModuleCache.noindex/_DarwinFoundation3-8SZVAAVMZJCIZYD4MKL09ERUB.pcm

SwiftExplicitDependencyGeneratePcm arm64 /Users/runner/work/orbit/orbit/.ipad-probe/.dd/ModuleCache.noindex/simd-1Z6SSVGN8AU6YOQWJJTX4A3SC.pcm

SwiftExplicitDependencyGeneratePcm arm64 /Users/runner/work/orbit/orbit/.ipad-probe/.dd/ModuleCache.noindex/_Builtin_stdatomic-GD7SO0UXQESZR8XA9O2K0GWL.pcm

SwiftExplicitDependencyGeneratePcm arm64 /Users/runner/work/orbit/orbit/.ipad-probe/.dd/Build/Intermediates.noindex/SwiftExplicitPrecompiledModules/CAtomic-81RV77HZ9JOO3ADGWKJCLMFY5.pcm

SwiftExplicitDependencyGeneratePcm arm64 /Users/runner/work/orbit/orbit/.ipad-probe/.dd/Build/Intermediates.noindex/SwiftExplicitPrecompiledModules/cmark_gfm-3S7PKBZKIKRJPNJ9XO4HD974A.pcm

SwiftExplicitDependencyGeneratePcm arm64 /Users/runner/work/orbit/orbit/.ipad-probe/.dd/ModuleCache.noindex/_Builtin_inttypes-BW6R9R20VN95R7CS1BWV9RZ0E.pcm

SwiftExplicitDependencyGeneratePcm arm64 /Users/runner/work/orbit/orbit/.ipad-probe/.dd/ModuleCache.noindex/Spatial-896ZNWDP3B4I5DRGJKAU8QXQL.pcm

SwiftExplicitDependencyGeneratePcm arm64 /Users/runner/work/orbit/orbit/.ipad-probe/.dd/ModuleCache.noindex/Darwin-BEFYUG9PIW8KO3QROSPCC38D0.pcm

SwiftExplicitDependencyGeneratePcm arm64 /Users/runner/work/orbit/orbit/.ipad-probe/.dd/Build/Intermediates.noindex/SwiftExplicitPrecompiledModules/cmark_gfm_extensions-5FSLM2AA70I22PAT0UEWDYO2Z.pcm

SwiftExplicitDependencyGeneratePcm arm64 /Users/runner/work/orbit/orbit/.ipad-probe/.dd/ModuleCache.noindex/MachO-C42T2HXMZPD8B32FQ86EKE0UP.pcm

SwiftExplicitDependencyGeneratePcm arm64 /Users/runner/work/orbit/orbit/.ipad-probe/.dd/ModuleCache.noindex/ObjectiveC-1FEYIX15XRAAR31THAB0QAMPA.pcm

SwiftExplicitDependencyGeneratePcm arm64 /Users/runner/work/orbit/orbit/.ipad-probe/.dd/ModuleCache.noindex/SwiftShims-2653G5GHEIA72A080N4EKO21P.pcm

SwiftExplicitDependencyGeneratePcm arm64 /Users/runner/work/orbit/orbit/.ipad-probe/.dd/ModuleCache.noindex/os_object-68LLX9ATJWBDG3CA8J40AGAR4.pcm

SwiftExplicitDependencyGeneratePcm arm64 /Users/runner/work/orbit/orbit/.ipad-probe/.dd/ModuleCache.noindex/os_workgroup-DW4TFYSTTS4TESM89TTNS9JQG.pcm

SwiftExplicitDependencyGeneratePcm arm64 /Users/runner/work/orbit/orbit/.ipad-probe/.dd/ModuleCache.noindex/Dispatch-91HTZE4JU4GTMKMZHH3E3QIRI.pcm

SwiftExplicitDependencyGeneratePcm arm64 /Users/runner/work/orbit/orbit/.ipad-probe/.dd/ModuleCache.noindex/XPC-BF6IMPGKXHD51020CA6YXPRVH.pcm

SwiftExplicitDependencyGeneratePcm arm64 /Users/runner/work/orbit/orbit/.ipad-probe/.dd/ModuleCache.noindex/CoreFoundation-F1LWFPX1QV3EQ8AW5IVN6WTJR.pcm

SwiftExplicitDependencyGeneratePcm arm64 /Users/runner/work/orbit/orbit/.ipad-probe/.dd/ModuleCache.noindex/os-18UCWSGL2R3SBRLRIJTG7SZ18.pcm

SwiftExplicitDependencyGeneratePcm arm64 /Users/runner/work/orbit/orbit/.ipad-probe/.dd/ModuleCache.noindex/CFNetwork-7526DZBR99IU330AJQ8S2BCO1.pcm

SwiftExplicitDependencyGeneratePcm arm64 /Users/runner/work/orbit/orbit/.ipad-probe/.dd/ModuleCache.noindex/CoreAudioTypes-ZYPFRXONBC8BOE0XHFZN5WLI.pcm

SwiftExplicitDependencyGeneratePcm arm64 /Users/runner/work/orbit/orbit/.ipad-probe/.dd/ModuleCache.noindex/Security-7M5662NVPG23M4COEEH1UTTCK.pcm

SwiftExplicitDependencyGeneratePcm arm64 /Users/runner/work/orbit/orbit/.ipad-probe/.dd/ModuleCache.noindex/CoreAudio-18OLJ3N2GG6U4OYQZWUJTK3WR.pcm

SwiftExplicitDependencyGeneratePcm arm64 /Users/runner/work/orbit/orbit/.ipad-probe/.dd/ModuleCache.noindex/Foundation-7EHJY4DSY9R4P820QEW64OV9L.pcm

SwiftExplicitDependencyGeneratePcm arm64 /Users/runner/work/orbit/orbit/.ipad-probe/.dd/ModuleCache.noindex/CoreGraphics-EZSMJ8BSAFSWZF25761Y7VTEZ.pcm

SwiftExplicitDependencyGeneratePcm arm64 /Users/runner/work/orbit/orbit/.ipad-probe/.dd/ModuleCache.noindex/CoreTransferable-81CQFAOUHF5AWOVZ3N9KQWWLB.pcm

SwiftExplicitDependencyGeneratePcm arm64 /Users/runner/work/orbit/orbit/.ipad-probe/.dd/ModuleCache.noindex/UIUtilities-9LJ7MLLWTGQGEZ1TA8RTGOR93.pcm

SwiftExplicitDependencyGeneratePcm arm64 /Users/runner/work/orbit/orbit/.ipad-probe/.dd/ModuleCache.noindex/CoreText-EYXMWP1IO3DYBB8LUZFX6KJOY.pcm

SwiftExplicitDependencyGeneratePcm arm64 /Users/runner/work/orbit/orbit/.ipad-probe/.dd/ModuleCache.noindex/_LocationEssentials-9107BME4G5FDZ36FNAH9CVAFJ.pcm

SwiftExplicitDependencyGeneratePcm arm64 /Users/runner/work/orbit/orbit/.ipad-probe/.dd/ModuleCache.noindex/CoreData-BDSTR9DM6ID18777MNIRMLPM8.pcm

SwiftExplicitDependencyGeneratePcm arm64 /Users/runner/work/orbit/orbit/.ipad-probe/.dd/ModuleCache.noindex/CoreLocation-SVMO2J7A2JFEJ2JRLBPSTK2Q.pcm

SwiftExplicitDependencyGeneratePcm arm64 /Users/runner/work/orbit/orbit/.ipad-probe/.dd/ModuleCache.noindex/UniformTypeIdentifiers-5206GKLVK3VRNKO0ZBDNKFFI9.pcm

SwiftExplicitDependencyGeneratePcm arm64 /Users/runner/work/orbit/orbit/.ipad-probe/.dd/ModuleCache.noindex/Symbols-21MFW0XQKD4AUKWROWSUJ8GUW.pcm

SwiftExplicitDependencyGeneratePcm arm64 /Users/runner/work/orbit/orbit/.ipad-probe/.dd/ModuleCache.noindex/OSLog-1V2I33YXJ9SMK39W3DP1DGCUB.pcm

SwiftDriverJobDiscovery normal arm64 Compiling WatchStateMachine.swift, WatchWake.swift, WhoCanUseIt.swift, WikiArticleLogic.swift, WikiDocLogic.swift, WikiHealthLogic.swift, WikiLogic.swift, WikiModeLogic.swift, WikiPlanLogic.swift, WikiRunsLogic.swift, WikiSpaceLogic.swift, WorkspaceActivity.swift, WorktreeBarLogic.swift, WorktreeFileFailure.swift, GoogleSignIn.swift, TokenStore.swift, AccessTokens.swift, Admin.swift, Agents.swift, CodexLogin.swift, ControlEvent.swift, DTOs.swift, Enums.swift, FieldUpdate.swift (in target 'OrbitKit' from project 'OrbitKit')

SwiftExplicitDependencyGeneratePcm arm64 /Users/runner/work/orbit/orbit/.ipad-probe/.dd/ModuleCache.noindex/LocalAuthentication-5L0MDLSBOIE64ZDA56UGX97WM.pcm

SwiftExplicitDependencyGeneratePcm arm64 /Users/runner/work/orbit/orbit/.ipad-probe/.dd/ModuleCache.noindex/CoreMIDI-1Y6E4J7JHU9QWMOKTWRJM0Y1D.pcm

SwiftExplicitDependencyGeneratePcm arm64 /Users/runner/work/orbit/orbit/.ipad-probe/.dd/ModuleCache.noindex/DataDetection-40SCJSQK57FI378JXJYT2BB1G.pcm

SwiftExplicitDependencyGeneratePcm arm64 /Users/runner/work/orbit/orbit/.ipad-probe/.dd/ModuleCache.noindex/Accessibility-E7KAHBLMWP0CFK6D9PWJE8F7T.pcm

SwiftExplicitDependencyGeneratePcm arm64 /Users/runner/work/orbit/orbit/.ipad-probe/.dd/ModuleCache.noindex/AudioToolbox-2EKSVJ6PNDKHW4FWOCOF8MEKH.pcm

SwiftExplicitDependencyGeneratePcm arm64 /Users/runner/work/orbit/orbit/.ipad-probe/.dd/ModuleCache.noindex/ImageIO-1Y9I4CP1478P02FBPHTYCN44B.pcm

SwiftExplicitDependencyGeneratePcm arm64 /Users/runner/work/orbit/orbit/.ipad-probe/.dd/ModuleCache.noindex/UserNotifications-5067SLGO1AO0UPXM0KF8OYSW9.pcm

SwiftExplicitDependencyGeneratePcm arm64 /Users/runner/work/orbit/orbit/.ipad-probe/.dd/ModuleCache.noindex/dnssd-2JIR6ZRGNZE31W5UOUJZQD7HB.pcm

SwiftExplicitDependencyGeneratePcm arm64 /Users/runner/work/orbit/orbit/.ipad-probe/.dd/ModuleCache.noindex/OpenGLES-4IIJ5QKJZVR4NXOH2P5YWZ19V.pcm

SwiftExplicitDependencyGeneratePcm arm64 /Users/runner/work/orbit/orbit/.ipad-probe/.dd/ModuleCache.noindex/IOSurface-B2N3A8JQDWLHPL3YYZ9ZSTTIU.pcm

SwiftExplicitDependencyGeneratePcm arm64 /Users/runner/work/orbit/orbit/.ipad-probe/.dd/ModuleCache.noindex/Network-C8SI8K8NT87UJ7JDU4O4BG06K.pcm

SwiftExplicitDependencyGeneratePcm arm64 /Users/runner/work/orbit/orbit/.ipad-probe/.dd/ModuleCache.noindex/Metal-4J6YNF2AVXHNYZL5RS8KM82FR.pcm

SwiftExplicitDependencyGeneratePcm arm64 /Users/runner/work/orbit/orbit/.ipad-probe/.dd/ModuleCache.noindex/FileProvider-87RE33ARHSJNF1C9Z5XD58ARA.pcm

SwiftExplicitDependencyGeneratePcm arm64 /Users/runner/work/orbit/orbit/.ipad-probe/.dd/ModuleCache.noindex/AVRouting-6QDTBYENLJTCTULZH1210Z43V.pcm

SwiftExplicitDependencyGeneratePcm arm64 /Users/runner/work/orbit/orbit/.ipad-probe/.dd/ModuleCache.noindex/CoreVideo-EPUQDTVGQSTS7TDNIM8VGF21Z.pcm

SwiftDriver\ Compilation OrbitKit normal arm64 com.apple.xcode.tools.swift.compiler (in target 'OrbitKit' from project 'OrbitKit')
    cd /Users/runner/work/orbit/orbit/.ipad-probe/IpadProbe.xcodeproj
    builtin-Swift-Compilation -- /Applications/Xcode_26.6.app/Contents/Developer/Toolchains/XcodeDefault.xctoolchain/usr/bin/swiftc -module-name OrbitKit -Onone @/Users/runner/work/orbit/orbit/.ipad-probe/.dd/Build/Intermediates.noindex/OrbitKit.build/Debug-iphonesimulator/OrbitKit.build/Objects-normal/arm64/OrbitKit.SwiftFileList -DSWIFT_PACKAGE -DDEBUG -DSWIFT_MODULE_RESOURCE_BUNDLE_UNAVAILABLE -DXcode -plugin-path /Applications/Xcode_26.6.app/Contents/Developer/Toolchains/XcodeDefault.xctoolchain/usr/lib/swift/host/plugins/testing -enable-experimental-feature DebugDescriptionMacro -sdk /Applications/Xcode_26.6.app/Contents/Developer/Platforms/iPhoneSimulator.platform/Developer/SDKs/iPhoneSimulator26.5.sdk -target arm64-apple-ios17.0-simulator -g -module-cache-path /Users/runner/work/orbit/orbit/.ipad-probe/.dd/ModuleCache.noindex -Xfrontend -serialize-debugging-options -enable-testing -index-store-path /Users/runner/work/orbit/orbit/.ipad-probe/.dd/Index.noindex/DataStore -Xcc -D_LIBCPP_HARDENING_MODE\=_LIBCPP_HARDENING_MODE_DEBUG -swift-version 5 -I /Users/runner/work/orbit/orbit/.ipad-probe/.dd/Build/Products/Debug-iphonesimulator -Isystem /Applications/Xcode_26.6.app/Contents/Developer/Platforms/iPhoneSimulator.platform/Developer/usr/lib -F /Users/runner/work/orbit/orbit/.ipad-probe/.dd/Build/Products/Debug-iphonesimulator/PackageFrameworks -F /Users/runner/work/orbit/orbit/.ipad-probe/.dd/Build/Products/Debug-iphonesimulator/PackageFrameworks -F /Users/runner/work/orbit/orbit/.ipad-probe/.dd/Build/Products/Debug-iphonesimulator/PackageFrameworks -F /Users/runner/work/orbit/orbit/.ipad-probe/.dd/Build/Products/Debug-iphonesimulator/PackageFrameworks -F /Users/runner/work/orbit/orbit/.ipad-probe/.dd/Build/Products/Debug-iphonesimulator -F /Applications/Xcode_26.6.app/Contents/Developer/Platforms/iPhoneSimulator.platform/Developer/Library/Frameworks -F /Applications/Xcode_26.6.app/Contents/Developer/Platforms/iPhoneSimulator.platform/Developer/SDKs/iPhoneSimulator26.5.sdk/Developer/Library/Frameworks -c -j3 -enable-batch-mode -incremental -Xcc -ivfsstatcache -Xcc /Users/runner/work/orbit/orbit/.ipad-probe/.dd/SDKStatCaches.noindex/iphonesimulator26.5-23F81a-688ef53f1462e2c8f657fdc38a81448ff45c64a1807a658693f2a61704f17a36.sdkstatcache -output-file-map /Users/runner/work/orbit/orbit/.ipad-probe/.dd/Build/Intermediates.noindex/OrbitKit.build/Debug-iphonesimulator/OrbitKit.build/Objects-normal/arm64/OrbitKit-OutputFileMap.json -use-frontend-parseable-output -save-temps -no-color-diagnostics -explicit-module-build -module-cache-path /Users/runner/work/orbit/orbit/.ipad-probe/.dd/Build/Intermediates.noindex/SwiftExplicitPrecompiledModules -clang-scanner-module-cache-path /Users/runner/work/orbit/orbit/.ipad-probe/.dd/ModuleCache.noindex -sdk-module-cache-path /Users/runner/work/orbit/orbit/.ipad-probe/.dd/ModuleCache.noindex -serialize-diagnostics -emit-dependencies -emit-module -emit-module-path /Users/runner/work/orbit/orbit/.ipad-probe/.dd/Build/Intermediates.noindex/OrbitKit.build/Debug-iphonesimulator/OrbitKit.build/Objects-normal/arm64/OrbitKit.swiftmodule -validate-clang-modules-once -clang-build-session-file /Users/runner/work/orbit/orbit/.ipad-probe/.dd/ModuleCache.noindex/Session.modulevalidation -package-name orbitkit -Xcc -I/Users/runner/work/orbit/orbit/.ipad-probe/.dd/Build/Intermediates.noindex/OrbitKit.build/Debug-iphonesimulator/OrbitKit.build/swift-overrides.hmap -emit-const-values -Xfrontend -const-gather-protocols-file -Xfrontend /Users/runner/work/orbit/orbit/.ipad-probe/.dd/Build/Intermediates.noindex/OrbitKit.build/Debug-iphonesimulator/OrbitKit.build/Objects-normal/arm64/OrbitKit_const_extract_protocols.json -Xcc -I/Users/runner/work/orbit/orbit/.ipad-probe/.dd/SourcePackages/checkouts/swift-cmark/src/include -Xcc -I/Users/runner/work/orbit/orbit/.ipad-probe/.dd/SourcePackages/checkouts/swift-cmark/extensions/include -Xcc -I/Users/runner/work/orbit/orbit/.ipad-probe/.dd/SourcePackages/checkouts/swift-markdown/Sources/CAtomic/include -Xcc -I/Users/runner/work/orbit/orbit/.ipad-probe/.dd/Build/Products/Debug-iphonesimulator/include -Xcc -I/Users/runner/work/orbit/orbit/.ipad-probe/.dd/Build/Intermediates.noindex/OrbitKit.build/Debug-iphonesimulator/OrbitKit.build/DerivedSources-normal/arm64 -Xcc -I/Users/runner/work/orbit/orbit/.ipad-probe/.dd/Build/Intermediates.noindex/OrbitKit.build/Debug-iphonesimulator/OrbitKit.build/DerivedSources/arm64 -Xcc -I/Users/runner/work/orbit/orbit/.ipad-probe/.dd/Build/Intermediates.noindex/OrbitKit.build/Debug-iphonesimulator/OrbitKit.build/DerivedSources -Xcc -DSWIFT_PACKAGE -Xcc -DDEBUG\=1 -emit-objc-header -emit-objc-header-path /Users/runner/work/orbit/orbit/.ipad-probe/.dd/Build/Intermediates.noindex/OrbitKit.build/Debug-iphonesimulator/OrbitKit.build/Objects-normal/arm64/OrbitKit-Swift.h -working-directory /Users/runner/work/orbit/orbit/.ipad-probe/IpadProbe.xcodeproj -experimental-emit-module-separately -disable-cmo

Ld /Users/runner/work/orbit/orbit/.ipad-probe/.dd/Build/Products/Debug-iphonesimulator/OrbitKit.o normal (in target 'OrbitKit' from project 'OrbitKit')
    cd /Users/runner/work/orbit/orbit/src/macos/OrbitKit
    /Applications/Xcode_26.6.app/Contents/Developer/Toolchains/XcodeDefault.xctoolchain/usr/bin/clang -Xlinker -reproducible -target arm64-apple-ios17.0-simulator -r -isysroot /Applications/Xcode_26.6.app/Contents/Developer/Platforms/iPhoneSimulator.platform/Developer/SDKs/iPhoneSimulator26.5.sdk -O0 -F/Users/runner/work/orbit/orbit/.ipad-probe/.dd/Build/Intermediates.noindex/EagerLinkingTBDs/Debug-iphonesimulator -F/Users/runner/work/orbit/orbit/.ipad-probe/.dd/Build/Products/Debug-iphonesimulator/PackageFrameworks -F/Users/runner/work/orbit/orbit/.ipad-probe/.dd/Build/Products/Debug-iphonesimulator/PackageFrameworks -F/Users/runner/work/orbit/orbit/.ipad-probe/.dd/Build/Products/Debug-iphonesimulator/PackageFrameworks -F/Users/runner/work/orbit/orbit/.ipad-probe/.dd/Build/Products/Debug-iphonesimulator/PackageFrameworks -F/Users/runner/work/orbit/orbit/.ipad-probe/.dd/Build/Products/Debug-iphonesimulator -iframework /Applications/Xcode_26.6.app/Contents/Developer/Platforms/iPhoneSimulator.platform/Developer/Library/Frameworks -iframework /Applications/Xcode_26.6.app/Contents/Developer/Platforms/iPhoneSimulator.platform/Developer/SDKs/iPhoneSimulator26.5.sdk/Developer/Library/Frameworks -filelist /Users/runner/work/orbit/orbit/.ipad-probe/.dd/Build/Intermediates.noindex/OrbitKit.build/Debug-iphonesimulator/OrbitKit.build/Objects-normal/arm64/OrbitKit.LinkFileList -nostdlib -Xlinker -object_path_lto -Xlinker /Users/runner/work/orbit/orbit/.ipad-probe/.dd/Build/Intermediates.noindex/OrbitKit.build/Debug-iphonesimulator/OrbitKit.build/Objects-normal/arm64/OrbitKit_lto.o -Xlinker -no_deduplicate -Xlinker -objc_abi_version -Xlinker 2 -Xlinker -dependency_info -Xlinker /Users/runner/work/orbit/orbit/.ipad-probe/.dd/Build/Intermediates.noindex/OrbitKit.build/Debug-iphonesimulator/OrbitKit.build/Objects-normal/arm64/OrbitKit_dependency_info.dat -fobjc-link-runtime -L/Applications/Xcode_26.6.app/Contents/Developer/Toolchains/XcodeDefault.xctoolchain/usr/lib/swift/iphonesimulator -L/usr/lib/swift -Xlinker -add_ast_path -Xlinker /Users/runner/work/orbit/orbit/.ipad-probe/.dd/Build/Intermediates.noindex/OrbitKit.build/Debug-iphonesimulator/OrbitKit.build/Objects-normal/arm64/OrbitKit.swiftmodule @/Users/runner/work/orbit/orbit/.ipad-probe/.dd/Build/Intermediates.noindex/OrbitKit.build/Debug-iphonesimulator/OrbitKit.build/Objects-normal/arm64/OrbitKit-linker-args.resp -o /Users/runner/work/orbit/orbit/.ipad-probe/.dd/Build/Products/Debug-iphonesimulator/OrbitKit.o

SwiftExplicitDependencyGeneratePcm arm64 /Users/runner/work/orbit/orbit/.ipad-probe/.dd/ModuleCache.noindex/CoreImage-6FIZ59CMR9INLT0UOAN4XK8OF.pcm

SwiftExplicitDependencyGeneratePcm arm64 /Users/runner/work/orbit/orbit/.ipad-probe/.dd/ModuleCache.noindex/CoreMedia-C4X3GZDVJ7ULNSH1SS4Q4MN0O.pcm

SwiftExplicitDependencyGeneratePcm arm64 /Users/runner/work/orbit/orbit/.ipad-probe/.dd/ModuleCache.noindex/QuartzCore-8DJZIMXDVBFR1686XZPST3URM.pcm

SwiftExplicitDependencyGeneratePcm arm64 /Users/runner/work/orbit/orbit/.ipad-probe/.dd/ModuleCache.noindex/AVFAudio-3AW630O6B4JMAIBO7T7MIB41V.pcm

SwiftExplicitDependencyGeneratePcm arm64 /Users/runner/work/orbit/orbit/.ipad-probe/.dd/ModuleCache.noindex/SwiftUICore-DTBWXYEWJUD7UO928VJJ1SQVR.pcm

SwiftExplicitDependencyGeneratePcm arm64 /Users/runner/work/orbit/orbit/.ipad-probe/.dd/ModuleCache.noindex/UIKit-F4A2T503R71ZITZU4WIX1F9R0.pcm

SwiftExplicitDependencyGeneratePcm arm64 /Users/runner/work/orbit/orbit/.ipad-probe/.dd/ModuleCache.noindex/MediaToolbox-5E38X6C1ANW65DXCXFDAEPS7.pcm

SwiftExplicitDependencyGeneratePcm arm64 /Users/runner/work/orbit/orbit/.ipad-probe/.dd/ModuleCache.noindex/AVFoundation-B1DC4MTWSKFV7BMISBT1YHX96.pcm

SwiftExplicitDependencyGeneratePcm arm64 /Users/runner/work/orbit/orbit/.ipad-probe/.dd/ModuleCache.noindex/Photos-1DRW12B8P6PZ79QOT8UF6Z0BU.pcm

ExtractAppIntentsMetadata (in target 'OrbitKit' from project 'OrbitKit')
    cd /Users/runner/work/orbit/orbit/src/macos/OrbitKit
    /Applications/Xcode_26.6.app/Contents/Developer/Toolchains/XcodeDefault.xctoolchain/usr/bin/appintentsmetadataprocessor --toolchain-dir /var/run/com.apple.security.cryptexd/mnt/com.apple.MobileAsset.MetalToolchain-v17.6.109.0.YAbSLJ/Metal.xctoolchain --module-name OrbitKit --sdk-root /Applications/Xcode_26.6.app/Contents/Developer/Platforms/iPhoneSimulator.platform/Developer/SDKs/iPhoneSimulator26.5.sdk --xcode-version 17F113 --platform-family iOS --deployment-target 17.0 --bundle-identifier orbitkit.OrbitKit --output /Users/runner/work/orbit/orbit/.ipad-probe/.dd/Build/Products/Debug-iphonesimulator/OrbitKit.appintents --target-triple arm64-apple-ios17.0-simulator --binary-file /Users/runner/work/orbit/orbit/.ipad-probe/.dd/Build/Products/Debug-iphonesimulator/OrbitKit.o --dependency-file /Users/runner/work/orbit/orbit/.ipad-probe/.dd/Build/Intermediates.noindex/OrbitKit.build/Debug-iphonesimulator/OrbitKit.build/Objects-normal/arm64/OrbitKit_dependency_info.dat --stringsdata-file /Users/runner/work/orbit/orbit/.ipad-probe/.dd/Build/Intermediates.noindex/OrbitKit.build/Debug-iphonesimulator/OrbitKit.build/Objects-normal/arm64/ExtractedAppShortcutsMetadata.stringsdata --source-file-list /Users/runner/work/orbit/orbit/.ipad-probe/.dd/Build/Intermediates.noindex/OrbitKit.build/Debug-iphonesimulator/OrbitKit.build/Objects-normal/arm64/OrbitKit.SwiftFileList --metadata-file-list /Users/runner/work/orbit/orbit/.ipad-probe/.dd/Build/Intermediates.noindex/OrbitKit.build/Debug-iphonesimulator/OrbitKit.build/OrbitKit.DependencyMetadataFileList --static-metadata-file-list /Users/runner/work/orbit/orbit/.ipad-probe/.dd/Build/Intermediates.noindex/OrbitKit.build/Debug-iphonesimulator/OrbitKit.build/OrbitKit.DependencyStaticMetadataFileList --swift-const-vals-list /Users/runner/work/orbit/orbit/.ipad-probe/.dd/Build/Intermediates.noindex/OrbitKit.build/Debug-iphonesimulator/OrbitKit.build/Objects-normal/arm64/OrbitKit.SwiftConstValuesFileList --force --compile-time-extraction --deployment-aware-processing --validate-assistant-intents --no-app-shortcuts-localization
2026-10-10 03:14:49.126 appintentsmetadataprocessor[34767:93132] Starting appintentsmetadataprocessor export
2026-10-10 03:14:49.187 appintentsmetadataprocessor[34767:93132] Extracted no relevant App Intents symbols, skipping writing output

SwiftExplicitDependencyGeneratePcm arm64 /Users/runner/work/orbit/orbit/.ipad-probe/.dd/ModuleCache.noindex/SwiftUI-87JOQOP71AWCMAVW5HXEAG1JD.pcm

SwiftExplicitDependencyGeneratePcm arm64 /Users/runner/work/orbit/orbit/.ipad-probe/.dd/ModuleCache.noindex/PhotosUI-FZRN8VFL3WNYBRWGGIJ4F3PJ.pcm

SwiftExplicitDependencyGeneratePcm arm64 /Users/runner/work/orbit/orbit/.ipad-probe/.dd/ModuleCache.noindex/AuthenticationServices-9U5BTA1C072KUNR8LW8MN1BBT.pcm

CodeSign /Users/runner/work/orbit/orbit/.ipad-probe/.dd/Build/Products/Debug-iphonesimulator/OrbitKit.o (in target 'OrbitKit' from project 'OrbitKit')
    cd /Users/runner/work/orbit/orbit/src/macos/OrbitKit
    
    Signing Identity:     "Sign to Run Locally"
    
    /usr/bin/codesign --force --sign - --timestamp\=none --generate-entitlement-der /Users/runner/work/orbit/orbit/.ipad-probe/.dd/Build/Products/Debug-iphonesimulator/OrbitKit.o

RegisterExecutionPolicyException /Users/runner/work/orbit/orbit/.ipad-probe/.dd/Build/Products/Debug-iphonesimulator/OrbitKit.o (in target 'OrbitKit' from project 'OrbitKit')
    cd /Users/runner/work/orbit/orbit/src/macos/OrbitKit
    builtin-RegisterExecutionPolicyException /Users/runner/work/orbit/orbit/.ipad-probe/.dd/Build/Products/Debug-iphonesimulator/OrbitKit.o

Ld /Users/runner/work/orbit/orbit/.ipad-probe/.dd/Build/Products/Debug-iphonesimulator/IpadProbe.app/__preview.dylib normal (in target 'IpadProbe' from project 'IpadProbe')
    cd /Users/runner/work/orbit/orbit/.ipad-probe
    /Applications/Xcode_26.6.app/Contents/Developer/Toolchains/XcodeDefault.xctoolchain/usr/bin/clang -Xlinker -reproducible -target arm64-apple-ios17.0-simulator -dynamiclib -isysroot /Applications/Xcode_26.6.app/Contents/Developer/Platforms/iPhoneSimulator.platform/Developer/SDKs/iPhoneSimulator26.5.sdk -O0 -L/Users/runner/work/orbit/orbit/.ipad-probe/.dd/Build/Products/Debug-iphonesimulator -F/Users/runner/work/orbit/orbit/.ipad-probe/.dd/Build/Products/Debug-iphonesimulator/PackageFrameworks -F/Users/runner/work/orbit/orbit/.ipad-probe/.dd/Build/Products/Debug-iphonesimulator/PackageFrameworks -F/Users/runner/work/orbit/orbit/.ipad-probe/.dd/Build/Products/Debug-iphonesimulator/PackageFrameworks -F/Users/runner/work/orbit/orbit/.ipad-probe/.dd/Build/Products/Debug-iphonesimulator/PackageFrameworks -F/Users/runner/work/orbit/orbit/.ipad-probe/.dd/Build/Products/Debug-iphonesimulator/PackageFrameworks -F/Users/runner/work/orbit/orbit/.ipad-probe/.dd/Build/Products/Debug-iphonesimulator -install_name @rpath/IpadProbe.debug.dylib -Xlinker -dead_strip -rdynamic -Xlinker -no_deduplicate -Xlinker -objc_abi_version -Xlinker 2 -Xlinker -dependency_info -Xlinker /Users/runner/work/orbit/orbit/.ipad-probe/.dd/Build/Intermediates.noindex/IpadProbe.build/Debug-iphonesimulator/IpadProbe.build/Objects-normal/arm64/IpadProbe_dependency_info.dat -Xlinker -sectcreate -Xlinker __TEXT -Xlinker __entitlements -Xlinker /Users/runner/work/orbit/orbit/.ipad-probe/.dd/Build/Intermediates.noindex/IpadProbe.build/Debug-iphonesimulator/IpadProbe.build/IpadProbe.app-Simulated.xcent -Xlinker -sectcreate -Xlinker __TEXT -Xlinker __ents_der -Xlinker /Users/runner/work/orbit/orbit/.ipad-probe/.dd/Build/Intermediates.noindex/IpadProbe.build/Debug-iphonesimulator/IpadProbe.build/IpadProbe.app-Simulated.xcent.der -Xlinker -no_adhoc_codesign -o /Users/runner/work/orbit/orbit/.ipad-probe/.dd/Build/Products/Debug-iphonesimulator/IpadProbe.app/__preview.dylib

SwiftEmitModule normal arm64 Emitting\ module\ for\ IpadProbe (in target 'IpadProbe' from project 'IpadProbe')

EmitSwiftModule normal arm64 (in target 'IpadProbe' from project 'IpadProbe')
    cd /Users/runner/work/orbit/orbit/.ipad-probe
    

SwiftCompile normal arm64 Compiling\ Platform.swift,\ PoolChip.swift,\ ProjectCrossingRow.swift,\ ProjectDoneCards.swift,\ ProjectGraphView.swift,\ ProjectLandingJobsSheet.swift,\ ProjectLandingRow.swift,\ ProjectMergeModel.swift,\ ProjectStartedCardView.swift,\ ProjectsModel.swift,\ ProjectsView.swift,\ ProviderPoolViews.swift,\ Push.swift,\ RowSwipeActions.swift,\ RunnerEnginePage.swift,\ RunnerNamePage.swift,\ RunnerPageParts.swift,\ RunnerSignInModel.swift,\ RunnerSignInView.swift,\ RunnersModel.swift,\ SelectableText.swift,\ SessionCoordinatorBadge.swift,\ SessionFolderPage.swift,\ SessionListSearch.swift /Users/runner/work/orbit/orbit/src/macos/OrbitApp/Sources/OrbitApp/Platform.swift /Users/runner/work/orbit/orbit/src/macos/OrbitApp/Sources/OrbitApp/Views/PoolChip.swift /Users/runner/work/orbit/orbit/src/macos/OrbitApp/Sources/OrbitApp/Views/ProjectCrossingRow.swift /Users/runner/work/orbit/orbit/src/macos/OrbitApp/Sources/OrbitApp/Views/ProjectDoneCards.swift /Users/runner/work/orbit/orbit/src/macos/OrbitApp/Sources/OrbitApp/Views/ProjectGraphView.swift /Users/runner/work/orbit/orbit/src/macos/OrbitApp/Sources/OrbitApp/Views/ProjectLandingJobsSheet.swift /Users/runner/work/orbit/orbit/src/macos/OrbitApp/Sources/OrbitApp/Views/ProjectLandingRow.swift /Users/runner/work/orbit/orbit/src/macos/OrbitApp/Sources/OrbitApp/ProjectMergeModel.swift /Users/runner/work/orbit/orbit/src/macos/OrbitApp/Sources/OrbitApp/Views/ProjectStartedCardView.swift /Users/runner/work/orbit/orbit/src/macos/OrbitApp/Sources/OrbitApp/ProjectsModel.swift /Users/runner/work/orbit/orbit/src/macos/OrbitApp/Sources/OrbitApp/Views/ProjectsView.swift /Users/runner/work/orbit/orbit/src/macos/OrbitApp/Sources/OrbitApp/Views/ProviderPoolViews.swift /Users/runner/work/orbit/orbit/src/ios/Sources/Push.swift /Users/runner/work/orbit/orbit/src/macos/OrbitApp/Sources/OrbitApp/Views/RowSwipeActions.swift /Users/runner/work/orbit/orbit/src/macos/OrbitApp/Sources/OrbitApp/Views/RunnerEnginePage.swift /Users/runner/work/orbit/orbit/src/macos/OrbitApp/Sources/OrbitApp/Views/RunnerNamePage.swift /Users/runner/work/orbit/orbit/src/macos/OrbitApp/Sources/OrbitApp/Views/RunnerPageParts.swift /Users/runner/work/orbit/orbit/src/macos/OrbitApp/Sources/OrbitApp/RunnerSignInModel.swift /Users/runner/work/orbit/orbit/src/macos/OrbitApp/Sources/OrbitApp/Views/RunnerSignInView.swift /Users/runner/work/orbit/orbit/src/macos/OrbitApp/Sources/OrbitApp/RunnersModel.swift /Users/runner/work/orbit/orbit/src/macos/OrbitApp/Sources/OrbitApp/Views/Console/SelectableText.swift /Users/runner/work/orbit/orbit/src/macos/OrbitApp/Sources/OrbitApp/Views/SessionCoordinatorBadge.swift /Users/runner/work/orbit/orbit/src/macos/OrbitApp/Sources/OrbitApp/Views/SessionFolderPage.swift /Users/runner/work/orbit/orbit/src/macos/OrbitApp/Sources/OrbitApp/Views/SessionListSearch.swift (in target 'IpadProbe' from project 'IpadProbe')
SwiftCompile normal arm64 /Users/runner/work/orbit/orbit/src/macos/OrbitApp/Sources/OrbitApp/Platform.swift (in target 'IpadProbe' from project 'IpadProbe')
    cd /Users/runner/work/orbit/orbit/.ipad-probe
    

SwiftCompile normal arm64 /Users/runner/work/orbit/orbit/src/macos/OrbitApp/Sources/OrbitApp/Views/PoolChip.swift (in target 'IpadProbe' from project 'IpadProbe')
    cd /Users/runner/work/orbit/orbit/.ipad-probe
    

SwiftCompile normal arm64 /Users/runner/work/orbit/orbit/src/macos/OrbitApp/Sources/OrbitApp/Views/ProjectCrossingRow.swift (in target 'IpadProbe' from project 'IpadProbe')
    cd /Users/runner/work/orbit/orbit/.ipad-probe
    

SwiftCompile normal arm64 /Users/runner/work/orbit/orbit/src/macos/OrbitApp/Sources/OrbitApp/Views/ProjectDoneCards.swift (in target 'IpadProbe' from project 'IpadProbe')
    cd /Users/runner/work/orbit/orbit/.ipad-probe
    

SwiftCompile normal arm64 /Users/runner/work/orbit/orbit/src/macos/OrbitApp/Sources/OrbitApp/Views/ProjectGraphView.swift (in target 'IpadProbe' from project 'IpadProbe')
    cd /Users/runner/work/orbit/orbit/.ipad-probe
    

SwiftCompile normal arm64 /Users/runner/work/orbit/orbit/src/macos/OrbitApp/Sources/OrbitApp/Views/ProjectLandingJobsSheet.swift (in target 'IpadProbe' from project 'IpadProbe')
    cd /Users/runner/work/orbit/orbit/.ipad-probe
    

SwiftCompile normal arm64 /Users/runner/work/orbit/orbit/src/macos/OrbitApp/Sources/OrbitApp/Views/ProjectLandingRow.swift (in target 'IpadProbe' from project 'IpadProbe')
    cd /Users/runner/work/orbit/orbit/.ipad-probe
    
/Users/runner/work/orbit/orbit/src/macos/OrbitApp/Sources/OrbitApp/Views/ProjectLandingRow.swift:92:14: warning: 'onChange(of:perform:)' was deprecated in iOS 17.0: Use `onChange` with a two or zero parameter action closure instead.
            .onChange(of: running) { spun = $0 }
             ^

SwiftCompile normal arm64 /Users/runner/work/orbit/orbit/src/macos/OrbitApp/Sources/OrbitApp/ProjectMergeModel.swift (in target 'IpadProbe' from project 'IpadProbe')
    cd /Users/runner/work/orbit/orbit/.ipad-probe
    

SwiftCompile normal arm64 /Users/runner/work/orbit/orbit/src/macos/OrbitApp/Sources/OrbitApp/Views/ProjectStartedCardView.swift (in target 'IpadProbe' from project 'IpadProbe')
    cd /Users/runner/work/orbit/orbit/.ipad-probe
    

SwiftCompile normal arm64 /Users/runner/work/orbit/orbit/src/macos/OrbitApp/Sources/OrbitApp/ProjectsModel.swift (in target 'IpadProbe' from project 'IpadProbe')
    cd /Users/runner/work/orbit/orbit/.ipad-probe
    

SwiftCompile normal arm64 /Users/runner/work/orbit/orbit/src/macos/OrbitApp/Sources/OrbitApp/Views/ProjectsView.swift (in target 'IpadProbe' from project 'IpadProbe')
    cd /Users/runner/work/orbit/orbit/.ipad-probe
    

SwiftCompile normal arm64 /Users/runner/work/orbit/orbit/src/macos/OrbitApp/Sources/OrbitApp/Views/ProviderPoolViews.swift (in target 'IpadProbe' from project 'IpadProbe')
    cd /Users/runner/work/orbit/orbit/.ipad-probe
    

SwiftCompile normal arm64 /Users/runner/work/orbit/orbit/src/ios/Sources/Push.swift (in target 'IpadProbe' from project 'IpadProbe')
    cd /Users/runner/work/orbit/orbit/.ipad-probe
    

SwiftCompile normal arm64 /Users/runner/work/orbit/orbit/src/macos/OrbitApp/Sources/OrbitApp/Views/RowSwipeActions.swift (in target 'IpadProbe' from project 'IpadProbe')
    cd /Users/runner/work/orbit/orbit/.ipad-probe
    

SwiftCompile normal arm64 /Users/runner/work/orbit/orbit/src/macos/OrbitApp/Sources/OrbitApp/Views/RunnerEnginePage.swift (in target 'IpadProbe' from project 'IpadProbe')
    cd /Users/runner/work/orbit/orbit/.ipad-probe
    

SwiftCompile normal arm64 /Users/runner/work/orbit/orbit/src/macos/OrbitApp/Sources/OrbitApp/Views/RunnerNamePage.swift (in target 'IpadProbe' from project 'IpadProbe')
    cd /Users/runner/work/orbit/orbit/.ipad-probe
    

SwiftCompile normal arm64 /Users/runner/work/orbit/orbit/src/macos/OrbitApp/Sources/OrbitApp/Views/RunnerPageParts.swift (in target 'IpadProbe' from project 'IpadProbe')
    cd /Users/runner/work/orbit/orbit/.ipad-probe
    

SwiftCompile normal arm64 /Users/runner/work/orbit/orbit/src/macos/OrbitApp/Sources/OrbitApp/RunnerSignInModel.swift (in target 'IpadProbe' from project 'IpadProbe')
    cd /Users/runner/work/orbit/orbit/.ipad-probe
    

SwiftCompile normal arm64 /Users/runner/work/orbit/orbit/src/macos/OrbitApp/Sources/OrbitApp/Views/RunnerSignInView.swift (in target 'IpadProbe' from project 'IpadProbe')
    cd /Users/runner/work/orbit/orbit/.ipad-probe
    

SwiftCompile normal arm64 /Users/runner/work/orbit/orbit/src/macos/OrbitApp/Sources/OrbitApp/RunnersModel.swift (in target 'IpadProbe' from project 'IpadProbe')
    cd /Users/runner/work/orbit/orbit/.ipad-probe
    

SwiftCompile normal arm64 /Users/runner/work/orbit/orbit/src/macos/OrbitApp/Sources/OrbitApp/Views/Console/SelectableText.swift (in target 'IpadProbe' from project 'IpadProbe')
    cd /Users/runner/work/orbit/orbit/.ipad-probe
    

SwiftCompile normal arm64 /Users/runner/work/orbit/orbit/src/macos/OrbitApp/Sources/OrbitApp/Views/SessionCoordinatorBadge.swift (in target 'IpadProbe' from project 'IpadProbe')
    cd /Users/runner/work/orbit/orbit/.ipad-probe
    

SwiftCompile normal arm64 /Users/runner/work/orbit/orbit/src/macos/OrbitApp/Sources/OrbitApp/Views/SessionFolderPage.swift (in target 'IpadProbe' from project 'IpadProbe')
    cd /Users/runner/work/orbit/orbit/.ipad-probe
    

SwiftCompile normal arm64 /Users/runner/work/orbit/orbit/src/macos/OrbitApp/Sources/OrbitApp/Views/SessionListSearch.swift (in target 'IpadProbe' from project 'IpadProbe')
    cd /Users/runner/work/orbit/orbit/.ipad-probe
    

SwiftCompile normal arm64 Compiling\ ToolCards.swift,\ TopInsetClearOfRefresh.swift,\ Typography.swift,\ UserTurnRow.swift,\ WatchViews.swift,\ WatchWakeCardView.swift,\ WatchesModel.swift,\ WatchingCard.swift,\ WikiActivityView.swift,\ WikiArticleView.swift,\ WikiContentsColumn.swift,\ WikiDocScreens.swift,\ WikiDocView.swift,\ WikiJobView.swift,\ WikiModel.swift,\ WikiPlanView.swift,\ WikiRunView.swift,\ WikiScreens.swift,\ WikiSettingsView.swift,\ WikiView.swift,\ WorktreeBar.swift,\ WorktreeFilePreview.swift,\ WorktreeModel.swift,\ GeneratedAssetSymbols.swift /Users/runner/work/orbit/orbit/src/macos/OrbitApp/Sources/OrbitApp/Views/Console/ToolCards.swift /Users/runner/work/orbit/orbit/src/macos/OrbitApp/Sources/OrbitApp/Views/TopInsetClearOfRefresh.swift /Users/runner/work/orbit/orbit/src/macos/OrbitApp/Sources/OrbitApp/Views/Typography.swift /Users/runner/work/orbit/orbit/src/macos/OrbitApp/Sources/OrbitApp/Views/Console/UserTurnRow.swift /Users/runner/work/orbit/orbit/src/macos/OrbitApp/Sources/OrbitApp/Views/WatchViews.swift /Users/runner/work/orbit/orbit/src/macos/OrbitApp/Sources/OrbitApp/Views/WatchWakeCardView.swift /Users/runner/work/orbit/orbit/src/macos/OrbitApp/Sources/OrbitApp/WatchesModel.swift /Users/runner/work/orbit/orbit/src/macos/OrbitApp/Sources/OrbitApp/Views/WatchingCard.swift /Users/runner/work/orbit/orbit/src/macos/OrbitApp/Sources/OrbitApp/Views/WikiActivityView.swift /Users/runner/work/orbit/orbit/src/macos/OrbitApp/Sources/OrbitApp/Views/WikiArticleView.swift /Users/runner/work/orbit/orbit/src/macos/OrbitApp/Sources/OrbitApp/Views/WikiContentsColumn.swift /Users/runner/work/orbit/orbit/src/macos/OrbitApp/Sources/OrbitApp/Views/WikiDocScreens.swift /Users/runner/work/orbit/orbit/src/macos/OrbitApp/Sources/OrbitApp/Views/WikiDocView.swift /Users/runner/work/orbit/orbit/src/macos/OrbitApp/Sources/OrbitApp/Views/WikiJobView.swift /Users/runner/work/orbit/orbit/src/macos/OrbitApp/Sources/OrbitApp/WikiModel.swift /Users/runner/work/orbit/orbit/src/macos/OrbitApp/Sources/OrbitApp/Views/WikiPlanView.swift /Users/runner/work/orbit/orbit/src/macos/OrbitApp/Sources/OrbitApp/Views/WikiRunView.swift /Users/runner/work/orbit/orbit/src/macos/OrbitApp/Sources/OrbitApp/Views/WikiScreens.swift /Users/runner/work/orbit/orbit/src/macos/OrbitApp/Sources/OrbitApp/Views/WikiSettingsView.swift /Users/runner/work/orbit/orbit/src/macos/OrbitApp/Sources/OrbitApp/Views/WikiView.swift /Users/runner/work/orbit/orbit/src/macos/OrbitApp/Sources/OrbitApp/Views/WorktreeBar.swift /Users/runner/work/orbit/orbit/src/macos/OrbitApp/Sources/OrbitApp/Views/WorktreeFilePreview.swift /Users/runner/work/orbit/orbit/src/macos/OrbitApp/Sources/OrbitApp/WorktreeModel.swift /Users/runner/work/orbit/orbit/.ipad-probe/.dd/Build/Intermediates.noindex/IpadProbe.build/Debug-iphonesimulator/IpadProbe.build/DerivedSources/GeneratedAssetSymbols.swift (in target 'IpadProbe' from project 'IpadProbe')
SwiftCompile normal arm64 /Users/runner/work/orbit/orbit/src/macos/OrbitApp/Sources/OrbitApp/Views/Console/ToolCards.swift (in target 'IpadProbe' from project 'IpadProbe')
    cd /Users/runner/work/orbit/orbit/.ipad-probe
    

SwiftCompile normal arm64 /Users/runner/work/orbit/orbit/src/macos/OrbitApp/Sources/OrbitApp/Views/TopInsetClearOfRefresh.swift (in target 'IpadProbe' from project 'IpadProbe')
    cd /Users/runner/work/orbit/orbit/.ipad-probe
    

SwiftCompile normal arm64 /Users/runner/work/orbit/orbit/src/macos/OrbitApp/Sources/OrbitApp/Views/Typography.swift (in target 'IpadProbe' from project 'IpadProbe')
    cd /Users/runner/work/orbit/orbit/.ipad-probe
    

SwiftCompile normal arm64 /Users/runner/work/orbit/orbit/src/macos/OrbitApp/Sources/OrbitApp/Views/Console/UserTurnRow.swift (in target 'IpadProbe' from project 'IpadProbe')
    cd /Users/runner/work/orbit/orbit/.ipad-probe
    

SwiftCompile normal arm64 /Users/runner/work/orbit/orbit/src/macos/OrbitApp/Sources/OrbitApp/Views/WatchViews.swift (in target 'IpadProbe' from project 'IpadProbe')
    cd /Users/runner/work/orbit/orbit/.ipad-probe
    

SwiftCompile normal arm64 /Users/runner/work/orbit/orbit/src/macos/OrbitApp/Sources/OrbitApp/Views/WatchWakeCardView.swift (in target 'IpadProbe' from project 'IpadProbe')
    cd /Users/runner/work/orbit/orbit/.ipad-probe
    

SwiftCompile normal arm64 /Users/runner/work/orbit/orbit/src/macos/OrbitApp/Sources/OrbitApp/WatchesModel.swift (in target 'IpadProbe' from project 'IpadProbe')
    cd /Users/runner/work/orbit/orbit/.ipad-probe
    

SwiftCompile normal arm64 /Users/runner/work/orbit/orbit/src/macos/OrbitApp/Sources/OrbitApp/Views/WatchingCard.swift (in target 'IpadProbe' from project 'IpadProbe')
    cd /Users/runner/work/orbit/orbit/.ipad-probe
    

SwiftCompile normal arm64 /Users/runner/work/orbit/orbit/src/macos/OrbitApp/Sources/OrbitApp/Views/WikiActivityView.swift (in target 'IpadProbe' from project 'IpadProbe')
    cd /Users/runner/work/orbit/orbit/.ipad-probe
    

SwiftCompile normal arm64 /Users/runner/work/orbit/orbit/src/macos/OrbitApp/Sources/OrbitApp/Views/WikiArticleView.swift (in target 'IpadProbe' from project 'IpadProbe')
    cd /Users/runner/work/orbit/orbit/.ipad-probe
    

SwiftCompile normal arm64 /Users/runner/work/orbit/orbit/src/macos/OrbitApp/Sources/OrbitApp/Views/WikiContentsColumn.swift (in target 'IpadProbe' from project 'IpadProbe')
    cd /Users/runner/work/orbit/orbit/.ipad-probe
    

SwiftCompile normal arm64 /Users/runner/work/orbit/orbit/src/macos/OrbitApp/Sources/OrbitApp/Views/WikiDocScreens.swift (in target 'IpadProbe' from project 'IpadProbe')
    cd /Users/runner/work/orbit/orbit/.ipad-probe
    

SwiftCompile normal arm64 /Users/runner/work/orbit/orbit/src/macos/OrbitApp/Sources/OrbitApp/Views/WikiDocView.swift (in target 'IpadProbe' from project 'IpadProbe')
    cd /Users/runner/work/orbit/orbit/.ipad-probe
    

SwiftCompile normal arm64 /Users/runner/work/orbit/orbit/src/macos/OrbitApp/Sources/OrbitApp/Views/WikiJobView.swift (in target 'IpadProbe' from project 'IpadProbe')
    cd /Users/runner/work/orbit/orbit/.ipad-probe
    

SwiftCompile normal arm64 /Users/runner/work/orbit/orbit/src/macos/OrbitApp/Sources/OrbitApp/WikiModel.swift (in target 'IpadProbe' from project 'IpadProbe')
    cd /Users/runner/work/orbit/orbit/.ipad-probe
    

SwiftCompile normal arm64 /Users/runner/work/orbit/orbit/src/macos/OrbitApp/Sources/OrbitApp/Views/WikiPlanView.swift (in target 'IpadProbe' from project 'IpadProbe')
    cd /Users/runner/work/orbit/orbit/.ipad-probe
    

SwiftCompile normal arm64 /Users/runner/work/orbit/orbit/src/macos/OrbitApp/Sources/OrbitApp/Views/WikiRunView.swift (in target 'IpadProbe' from project 'IpadProbe')
    cd /Users/runner/work/orbit/orbit/.ipad-probe
    

SwiftCompile normal arm64 /Users/runner/work/orbit/orbit/src/macos/OrbitApp/Sources/OrbitApp/Views/WikiScreens.swift (in target 'IpadProbe' from project 'IpadProbe')
    cd /Users/runner/work/orbit/orbit/.ipad-probe
    

SwiftCompile normal arm64 /Users/runner/work/orbit/orbit/src/macos/OrbitApp/Sources/OrbitApp/Views/WikiSettingsView.swift (in target 'IpadProbe' from project 'IpadProbe')
    cd /Users/runner/work/orbit/orbit/.ipad-probe
    

SwiftCompile normal arm64 /Users/runner/work/orbit/orbit/src/macos/OrbitApp/Sources/OrbitApp/Views/WikiView.swift (in target 'IpadProbe' from project 'IpadProbe')
    cd /Users/runner/work/orbit/orbit/.ipad-probe
    

SwiftCompile normal arm64 /Users/runner/work/orbit/orbit/src/macos/OrbitApp/Sources/OrbitApp/Views/WorktreeBar.swift (in target 'IpadProbe' from project 'IpadProbe')
    cd /Users/runner/work/orbit/orbit/.ipad-probe
    

SwiftCompile normal arm64 /Users/runner/work/orbit/orbit/src/macos/OrbitApp/Sources/OrbitApp/Views/WorktreeFilePreview.swift (in target 'IpadProbe' from project 'IpadProbe')
    cd /Users/runner/work/orbit/orbit/.ipad-probe
    

SwiftCompile normal arm64 /Users/runner/work/orbit/orbit/src/macos/OrbitApp/Sources/OrbitApp/WorktreeModel.swift (in target 'IpadProbe' from project 'IpadProbe')
    cd /Users/runner/work/orbit/orbit/.ipad-probe
    

SwiftCompile normal arm64 /Users/runner/work/orbit/orbit/.ipad-probe/.dd/Build/Intermediates.noindex/IpadProbe.build/Debug-iphonesimulator/IpadProbe.build/DerivedSources/GeneratedAssetSymbols.swift (in target 'IpadProbe' from project 'IpadProbe')
    cd /Users/runner/work/orbit/orbit/.ipad-probe
    

SwiftDriverJobDiscovery normal arm64 Emitting module for IpadProbe (in target 'IpadProbe' from project 'IpadProbe')

SwiftDriver\ Compilation\ Requirements IpadProbe normal arm64 com.apple.xcode.tools.swift.compiler (in target 'IpadProbe' from project 'IpadProbe')
    cd /Users/runner/work/orbit/orbit/.ipad-probe
    builtin-Swift-Compilation-Requirements -- /Applications/Xcode_26.6.app/Contents/Developer/Toolchains/XcodeDefault.xctoolchain/usr/bin/swiftc -module-name IpadProbe -Onone @/Users/runner/work/orbit/orbit/.ipad-probe/.dd/Build/Intermediates.noindex/IpadProbe.build/Debug-iphonesimulator/IpadProbe.build/Objects-normal/arm64/IpadProbe.SwiftFileList -DDEBUG -enable-bare-slash-regex -enable-experimental-feature DebugDescriptionMacro -sdk /Applications/Xcode_26.6.app/Contents/Developer/Platforms/iPhoneSimulator.platform/Developer/SDKs/iPhoneSimulator26.5.sdk -target arm64-apple-ios17.0-simulator -g -module-cache-path /Users/runner/work/orbit/orbit/.ipad-probe/.dd/ModuleCache.noindex -Xfrontend -serialize-debugging-options -enable-testing -index-store-path /Users/runner/work/orbit/orbit/.ipad-probe/.dd/Index.noindex/DataStore -Xcc -D_LIBCPP_HARDENING_MODE\=_LIBCPP_HARDENING_MODE_DEBUG -swift-version 5 -I /Users/runner/work/orbit/orbit/.ipad-probe/.dd/Build/Products/Debug-iphonesimulator -F /Users/runner/work/orbit/orbit/.ipad-probe/.dd/Build/Products/Debug-iphonesimulator/PackageFrameworks -F /Users/runner/work/orbit/orbit/.ipad-probe/.dd/Build/Products/Debug-iphonesimulator/PackageFrameworks -F /Users/runner/work/orbit/orbit/.ipad-probe/.dd/Build/Products/Debug-iphonesimulator/PackageFrameworks -F /Users/runner/work/orbit/orbit/.ipad-probe/.dd/Build/Products/Debug-iphonesimulator/PackageFrameworks -F /Users/runner/work/orbit/orbit/.ipad-probe/.dd/Build/Products/Debug-iphonesimulator/PackageFrameworks -F /Users/runner/work/orbit/orbit/.ipad-probe/.dd/Build/Products/Debug-iphonesimulator -c -j3 -enable-batch-mode -incremental -Xcc -ivfsstatcache -Xcc /Users/runner/work/orbit/orbit/.ipad-probe/.dd/SDKStatCaches.noindex/iphonesimulator26.5-23F81a-688ef53f1462e2c8f657fdc38a81448ff45c64a1807a658693f2a61704f17a36.sdkstatcache -output-file-map /Users/runner/work/orbit/orbit/.ipad-probe/.dd/Build/Intermediates.noindex/IpadProbe.build/Debug-iphonesimulator/IpadProbe.build/Objects-normal/arm64/IpadProbe-OutputFileMap.json -use-frontend-parseable-output -save-temps -no-color-diagnostics -explicit-module-build -module-cache-path /Users/runner/work/orbit/orbit/.ipad-probe/.dd/Build/Intermediates.noindex/SwiftExplicitPrecompiledModules -clang-scanner-module-cache-path /Users/runner/work/orbit/orbit/.ipad-probe/.dd/ModuleCache.noindex -sdk-module-cache-path /Users/runner/work/orbit/orbit/.ipad-probe/.dd/ModuleCache.noindex -serialize-diagnostics -emit-dependencies -emit-module -emit-module-path /Users/runner/work/orbit/orbit/.ipad-probe/.dd/Build/Intermediates.noindex/IpadProbe.build/Debug-iphonesimulator/IpadProbe.build/Objects-normal/arm64/IpadProbe.swiftmodule -validate-clang-modules-once -clang-build-session-file /Users/runner/work/orbit/orbit/.ipad-probe/.dd/ModuleCache.noindex/Session.modulevalidation -Xcc -I/Users/runner/work/orbit/orbit/.ipad-probe/.dd/Build/Intermediates.noindex/IpadProbe.build/Debug-iphonesimulator/IpadProbe.build/swift-overrides.hmap -emit-const-values -Xfrontend -const-gather-protocols-file -Xfrontend /Users/runner/work/orbit/orbit/.ipad-probe/.dd/Build/Intermediates.noindex/IpadProbe.build/Debug-iphonesimulator/IpadProbe.build/Objects-normal/arm64/IpadProbe_const_extract_protocols.json -Xcc -iquote -Xcc /Users/runner/work/orbit/orbit/.ipad-probe/.dd/Build/Intermediates.noindex/IpadProbe.build/Debug-iphonesimulator/IpadProbe.build/IpadProbe-generated-files.hmap -Xcc -I/Users/runner/work/orbit/orbit/.ipad-probe/.dd/Build/Intermediates.noindex/IpadProbe.build/Debug-iphonesimulator/IpadProbe.build/IpadProbe-own-target-headers.hmap -Xcc -I/Users/runner/work/orbit/orbit/.ipad-probe/.dd/Build/Intermediates.noindex/IpadProbe.build/Debug-iphonesimulator/IpadProbe.build/IpadProbe-all-non-framework-target-headers.hmap -Xcc -ivfsoverlay -Xcc /Users/runner/work/orbit/orbit/.ipad-probe/.dd/Build/Intermediates.noindex/IpadProbe.build/Debug-iphonesimulator/IpadProbe-af27921b01a1bbdc34119b89b709bb2d-VFS-iphonesimulator/all-product-headers.yaml -Xcc -iquote -Xcc /Users/runner/work/orbit/orbit/.ipad-probe/.dd/Build/Intermediates.noindex/IpadProbe.build/Debug-iphonesimulator/IpadProbe.build/IpadProbe-project-headers.hmap -Xcc -I/Users/runner/work/orbit/orbit/.ipad-probe/.dd/SourcePackages/checkouts/swift-cmark/src/include -Xcc -I/Users/runner/work/orbit/orbit/.ipad-probe/.dd/SourcePackages/checkouts/swift-cmark/extensions/include -Xcc -I/Users/runner/work/orbit/orbit/.ipad-probe/.dd/SourcePackages/checkouts/swift-markdown/Sources/CAtomic/include -Xcc -I/Users/runner/work/orbit/orbit/.ipad-probe/.dd/Build/Products/Debug-iphonesimulator/include -Xcc -I/Users/runner/work/orbit/orbit/.ipad-probe/.dd/Build/Intermediates.noindex/IpadProbe.build/Debug-iphonesimulator/IpadProbe.build/DerivedSources-normal/arm64 -Xcc -I/Users/runner/work/orbit/orbit/.ipad-probe/.dd/Build/Intermediates.noindex/IpadProbe.build/Debug-iphonesimulator/IpadProbe.build/DerivedSources/arm64 -Xcc -I/Users/runner/work/orbit/orbit/.ipad-probe/.dd/Build/Intermediates.noindex/IpadProbe.build/Debug-iphonesimulator/IpadProbe.build/DerivedSources -Xcc -DDEBUG\=1 -emit-objc-header -emit-objc-header-path /Users/runner/work/orbit/orbit/.ipad-probe/.dd/Build/Intermediates.noindex/IpadProbe.build/Debug-iphonesimulator/IpadProbe.build/Objects-normal/arm64/IpadProbe-Swift.h -working-directory /Users/runner/work/orbit/orbit/.ipad-probe -experimental-emit-module-separately -disable-cmo

LinkAssetCatalog /Users/runner/work/orbit/orbit/src/ios/Support/Assets.xcassets (in target 'IpadProbe' from project 'IpadProbe')
    cd /Users/runner/work/orbit/orbit/.ipad-probe
    builtin-linkAssetCatalog --thinned /Users/runner/work/orbit/orbit/.ipad-probe/.dd/Build/Intermediates.noindex/IpadProbe.build/Debug-iphonesimulator/IpadProbe.build/assetcatalog_output/thinned --thinned-dependencies /Users/runner/work/orbit/orbit/.ipad-probe/.dd/Build/Intermediates.noindex/IpadProbe.build/Debug-iphonesimulator/IpadProbe.build/assetcatalog_dependencies_thinned --thinned-info-plist-content /Users/runner/work/orbit/orbit/.ipad-probe/.dd/Build/Intermediates.noindex/IpadProbe.build/Debug-iphonesimulator/IpadProbe.build/assetcatalog_generated_info.plist_thinned --unthinned /Users/runner/work/orbit/orbit/.ipad-probe/.dd/Build/Intermediates.noindex/IpadProbe.build/Debug-iphonesimulator/IpadProbe.build/assetcatalog_output/unthinned --unthinned-dependencies /Users/runner/work/orbit/orbit/.ipad-probe/.dd/Build/Intermediates.noindex/IpadProbe.build/Debug-iphonesimulator/IpadProbe.build/assetcatalog_dependencies_unthinned --unthinned-info-plist-content /Users/runner/work/orbit/orbit/.ipad-probe/.dd/Build/Intermediates.noindex/IpadProbe.build/Debug-iphonesimulator/IpadProbe.build/assetcatalog_generated_info.plist_unthinned --output /Users/runner/work/orbit/orbit/.ipad-probe/.dd/Build/Products/Debug-iphonesimulator/IpadProbe.app --plist-output /Users/runner/work/orbit/orbit/.ipad-probe/.dd/Build/Intermediates.noindex/IpadProbe.build/Debug-iphonesimulator/IpadProbe.build/assetcatalog_generated_info.plist
note: Emplaced /Users/runner/work/orbit/orbit/.ipad-probe/.dd/Build/Products/Debug-iphonesimulator/IpadProbe.app/AppIcon60x60@2x.png (in target 'IpadProbe' from project 'IpadProbe')
note: Emplaced /Users/runner/work/orbit/orbit/.ipad-probe/.dd/Build/Products/Debug-iphonesimulator/IpadProbe.app/Assets.car (in target 'IpadProbe' from project 'IpadProbe')
note: Emplaced /Users/runner/work/orbit/orbit/.ipad-probe/.dd/Build/Products/Debug-iphonesimulator/IpadProbe.app/AppIcon76x76@2x~ipad.png (in target 'IpadProbe' from project 'IpadProbe')

SwiftCompile normal arm64 Compiling\ AccessTokenRow.swift,\ AccessTokensModel.swift,\ AccountPauseControls.swift,\ AddRunnerSheet.swift,\ AdminModel.swift,\ AgentIdentity.swift,\ AgentsModel.swift,\ AgentsView.swift,\ AppModel.swift,\ ApprovalCards.swift,\ ApprovalReview.swift,\ AttachedNoteView.swift,\ AttachmentImageStore.swift,\ AttachmentViews.swift,\ AutoRetryCard.swift,\ BackgroundTaskViews.swift,\ BackgroundWakeCardView.swift,\ BatchCreateReview.swift,\ BrandMarks.swift,\ CodexResetCreditView.swift,\ CompactShell.swift,\ ComposerView.swift,\ ConfirmationReviewTurnCardViews.swift,\ ConfirmationStyle.swift,\ ConsoleModel.swift /Users/runner/work/orbit/orbit/src/macos/OrbitApp/Sources/OrbitApp/Views/AccessTokenRow.swift /Users/runner/work/orbit/orbit/src/macos/OrbitApp/Sources/OrbitApp/AccessTokensModel.swift /Users/runner/work/orbit/orbit/src/macos/OrbitApp/Sources/OrbitApp/Views/AccountPauseControls.swift /Users/runner/work/orbit/orbit/src/macos/OrbitApp/Sources/OrbitApp/Views/AddRunnerSheet.swift /Users/runner/work/orbit/orbit/src/macos/OrbitApp/Sources/OrbitApp/AdminModel.swift /Users/runner/work/orbit/orbit/src/macos/OrbitApp/Sources/OrbitApp/Views/AgentIdentity.swift /Users/runner/work/orbit/orbit/src/macos/OrbitApp/Sources/OrbitApp/AgentsModel.swift /Users/runner/work/orbit/orbit/src/macos/OrbitApp/Sources/OrbitApp/Views/AgentsView.swift /Users/runner/work/orbit/orbit/src/macos/OrbitApp/Sources/OrbitApp/AppModel.swift /Users/runner/work/orbit/orbit/src/macos/OrbitApp/Sources/OrbitApp/Views/ApprovalCards.swift /Users/runner/work/orbit/orbit/src/macos/OrbitApp/Sources/OrbitApp/Views/ApprovalReview.swift /Users/runner/work/orbit/orbit/src/macos/OrbitApp/Sources/OrbitApp/Views/Console/AttachedNoteView.swift /Users/runner/work/orbit/orbit/src/macos/OrbitApp/Sources/OrbitApp/AttachmentImageStore.swift /Users/runner/work/orbit/orbit/src/macos/OrbitApp/Sources/OrbitApp/Views/Console/AttachmentViews.swift /Users/runner/work/orbit/orbit/src/macos/OrbitApp/Sources/OrbitApp/Views/Console/AutoRetryCard.swift /Users/runner/work/orbit/orbit/src/macos/OrbitApp/Sources/OrbitApp/Views/Console/BackgroundTaskViews.swift /Users/runner/work/orbit/orbit/src/macos/OrbitApp/Sources/OrbitApp/Views/BackgroundWakeCardView.swift /Users/runner/work/orbit/orbit/src/macos/OrbitApp/Sources/OrbitApp/Views/BatchCreateReview.swift /Users/runner/work/orbit/orbit/src/macos/OrbitApp/Sources/OrbitApp/Views/BrandMarks.swift /Users/runner/work/orbit/orbit/src/macos/OrbitApp/Sources/OrbitApp/Views/CodexResetCreditView.swift /Users/runner/work/orbit/orbit/src/macos/OrbitApp/Sources/OrbitApp/Views/CompactShell.swift /Users/runner/work/orbit/orbit/src/macos/OrbitApp/Sources/OrbitApp/Views/ComposerView.swift /Users/runner/work/orbit/orbit/src/macos/OrbitApp/Sources/OrbitApp/Views/ConfirmationReviewTurnCardViews.swift /Users/runner/work/orbit/orbit/src/macos/OrbitApp/Sources/OrbitApp/Views/ConfirmationStyle.swift /Users/runner/work/orbit/orbit/src/macos/OrbitApp/Sources/OrbitApp/ConsoleModel.swift (in target 'IpadProbe' from project 'IpadProbe')
SwiftCompile normal arm64 /Users/runner/work/orbit/orbit/src/macos/OrbitApp/Sources/OrbitApp/Views/AccessTokenRow.swift (in target 'IpadProbe' from project 'IpadProbe')
    cd /Users/runner/work/orbit/orbit/.ipad-probe
    

SwiftCompile normal arm64 /Users/runner/work/orbit/orbit/src/macos/OrbitApp/Sources/OrbitApp/AccessTokensModel.swift (in target 'IpadProbe' from project 'IpadProbe')
    cd /Users/runner/work/orbit/orbit/.ipad-probe
    

SwiftCompile normal arm64 /Users/runner/work/orbit/orbit/src/macos/OrbitApp/Sources/OrbitApp/Views/AccountPauseControls.swift (in target 'IpadProbe' from project 'IpadProbe')
    cd /Users/runner/work/orbit/orbit/.ipad-probe
    

SwiftCompile normal arm64 /Users/runner/work/orbit/orbit/src/macos/OrbitApp/Sources/OrbitApp/Views/AddRunnerSheet.swift (in target 'IpadProbe' from project 'IpadProbe')
    cd /Users/runner/work/orbit/orbit/.ipad-probe
    

SwiftCompile normal arm64 /Users/runner/work/orbit/orbit/src/macos/OrbitApp/Sources/OrbitApp/AdminModel.swift (in target 'IpadProbe' from project 'IpadProbe')
    cd /Users/runner/work/orbit/orbit/.ipad-probe
    

SwiftCompile normal arm64 /Users/runner/work/orbit/orbit/src/macos/OrbitApp/Sources/OrbitApp/Views/AgentIdentity.swift (in target 'IpadProbe' from project 'IpadProbe')
    cd /Users/runner/work/orbit/orbit/.ipad-probe
    

SwiftCompile normal arm64 /Users/runner/work/orbit/orbit/src/macos/OrbitApp/Sources/OrbitApp/AgentsModel.swift (in target 'IpadProbe' from project 'IpadProbe')
    cd /Users/runner/work/orbit/orbit/.ipad-probe
    

SwiftCompile normal arm64 /Users/runner/work/orbit/orbit/src/macos/OrbitApp/Sources/OrbitApp/Views/AgentsView.swift (in target 'IpadProbe' from project 'IpadProbe')
    cd /Users/runner/work/orbit/orbit/.ipad-probe
    

SwiftCompile normal arm64 /Users/runner/work/orbit/orbit/src/macos/OrbitApp/Sources/OrbitApp/AppModel.swift (in target 'IpadProbe' from project 'IpadProbe')
    cd /Users/runner/work/orbit/orbit/.ipad-probe
    

SwiftCompile normal arm64 /Users/runner/work/orbit/orbit/src/macos/OrbitApp/Sources/OrbitApp/Views/ApprovalCards.swift (in target 'IpadProbe' from project 'IpadProbe')
    cd /Users/runner/work/orbit/orbit/.ipad-probe
    

SwiftCompile normal arm64 /Users/runner/work/orbit/orbit/src/macos/OrbitApp/Sources/OrbitApp/Views/ApprovalReview.swift (in target 'IpadProbe' from project 'IpadProbe')
    cd /Users/runner/work/orbit/orbit/.ipad-probe
    

SwiftCompile normal arm64 /Users/runner/work/orbit/orbit/src/macos/OrbitApp/Sources/OrbitApp/Views/Console/AttachedNoteView.swift (in target 'IpadProbe' from project 'IpadProbe')
    cd /Users/runner/work/orbit/orbit/.ipad-probe
    

SwiftCompile normal arm64 /Users/runner/work/orbit/orbit/src/macos/OrbitApp/Sources/OrbitApp/AttachmentImageStore.swift (in target 'IpadProbe' from project 'IpadProbe')
    cd /Users/runner/work/orbit/orbit/.ipad-probe
    

SwiftCompile normal arm64 /Users/runner/work/orbit/orbit/src/macos/OrbitApp/Sources/OrbitApp/Views/Console/AttachmentViews.swift (in target 'IpadProbe' from project 'IpadProbe')
    cd /Users/runner/work/orbit/orbit/.ipad-probe
    

SwiftCompile normal arm64 /Users/runner/work/orbit/orbit/src/macos/OrbitApp/Sources/OrbitApp/Views/Console/AutoRetryCard.swift (in target 'IpadProbe' from project 'IpadProbe')
    cd /Users/runner/work/orbit/orbit/.ipad-probe
    

SwiftCompile normal arm64 /Users/runner/work/orbit/orbit/src/macos/OrbitApp/Sources/OrbitApp/Views/Console/BackgroundTaskViews.swift (in target 'IpadProbe' from project 'IpadProbe')
    cd /Users/runner/work/orbit/orbit/.ipad-probe
    

SwiftCompile normal arm64 /Users/runner/work/orbit/orbit/src/macos/OrbitApp/Sources/OrbitApp/Views/BackgroundWakeCardView.swift (in target 'IpadProbe' from project 'IpadProbe')
    cd /Users/runner/work/orbit/orbit/.ipad-probe
    

SwiftCompile normal arm64 /Users/runner/work/orbit/orbit/src/macos/OrbitApp/Sources/OrbitApp/Views/BatchCreateReview.swift (in target 'IpadProbe' from project 'IpadProbe')
    cd /Users/runner/work/orbit/orbit/.ipad-probe
    

SwiftCompile normal arm64 /Users/runner/work/orbit/orbit/src/macos/OrbitApp/Sources/OrbitApp/Views/BrandMarks.swift (in target 'IpadProbe' from project 'IpadProbe')
    cd /Users/runner/work/orbit/orbit/.ipad-probe
    

SwiftCompile normal arm64 /Users/runner/work/orbit/orbit/src/macos/OrbitApp/Sources/OrbitApp/Views/CodexResetCreditView.swift (in target 'IpadProbe' from project 'IpadProbe')
    cd /Users/runner/work/orbit/orbit/.ipad-probe
    

SwiftCompile normal arm64 /Users/runner/work/orbit/orbit/src/macos/OrbitApp/Sources/OrbitApp/Views/CompactShell.swift (in target 'IpadProbe' from project 'IpadProbe')
    cd /Users/runner/work/orbit/orbit/.ipad-probe
    

SwiftCompile normal arm64 /Users/runner/work/orbit/orbit/src/macos/OrbitApp/Sources/OrbitApp/Views/ComposerView.swift (in target 'IpadProbe' from project 'IpadProbe')
    cd /Users/runner/work/orbit/orbit/.ipad-probe
    

SwiftCompile normal arm64 /Users/runner/work/orbit/orbit/src/macos/OrbitApp/Sources/OrbitApp/Views/ConfirmationReviewTurnCardViews.swift (in target 'IpadProbe' from project 'IpadProbe')
    cd /Users/runner/work/orbit/orbit/.ipad-probe
    

SwiftCompile normal arm64 /Users/runner/work/orbit/orbit/src/macos/OrbitApp/Sources/OrbitApp/Views/ConfirmationStyle.swift (in target 'IpadProbe' from project 'IpadProbe')
    cd /Users/runner/work/orbit/orbit/.ipad-probe
    

SwiftCompile normal arm64 /Users/runner/work/orbit/orbit/src/macos/OrbitApp/Sources/OrbitApp/ConsoleModel.swift (in target 'IpadProbe' from project 'IpadProbe')
    cd /Users/runner/work/orbit/orbit/.ipad-probe
    

SwiftMergeGeneratedHeaders /Users/runner/work/orbit/orbit/.ipad-probe/.dd/Build/Intermediates.noindex/IpadProbe.build/Debug-iphonesimulator/IpadProbe.build/DerivedSources/IpadProbe-Swift.h /Users/runner/work/orbit/orbit/.ipad-probe/.dd/Build/Intermediates.noindex/IpadProbe.build/Debug-iphonesimulator/IpadProbe.build/Objects-normal/arm64/IpadProbe-Swift.h (in target 'IpadProbe' from project 'IpadProbe')
    cd /Users/runner/work/orbit/orbit/.ipad-probe
    builtin-swiftHeaderTool -arch arm64 /Users/runner/work/orbit/orbit/.ipad-probe/.dd/Build/Intermediates.noindex/IpadProbe.build/Debug-iphonesimulator/IpadProbe.build/Objects-normal/arm64/IpadProbe-Swift.h -o /Users/runner/work/orbit/orbit/.ipad-probe/.dd/Build/Intermediates.noindex/IpadProbe.build/Debug-iphonesimulator/IpadProbe.build/DerivedSources/IpadProbe-Swift.h

SwiftDriverJobDiscovery normal arm64 Compiling Platform.swift, PoolChip.swift, ProjectCrossingRow.swift, ProjectDoneCards.swift, ProjectGraphView.swift, ProjectLandingJobsSheet.swift, ProjectLandingRow.swift, ProjectMergeModel.swift, ProjectStartedCardView.swift, ProjectsModel.swift, ProjectsView.swift, ProviderPoolViews.swift, Push.swift, RowSwipeActions.swift, RunnerEnginePage.swift, RunnerNamePage.swift, RunnerPageParts.swift, RunnerSignInModel.swift, RunnerSignInView.swift, RunnersModel.swift, SelectableText.swift, SessionCoordinatorBadge.swift, SessionFolderPage.swift, SessionListSearch.swift (in target 'IpadProbe' from project 'IpadProbe')

Copy /Users/runner/work/orbit/orbit/.ipad-probe/.dd/Build/Products/Debug-iphonesimulator/IpadProbe.swiftmodule/arm64-apple-ios-simulator.swiftmodule /Users/runner/work/orbit/orbit/.ipad-probe/.dd/Build/Intermediates.noindex/IpadProbe.build/Debug-iphonesimulator/IpadProbe.build/Objects-normal/arm64/IpadProbe.swiftmodule (in target 'IpadProbe' from project 'IpadProbe')
    cd /Users/runner/work/orbit/orbit/.ipad-probe
    builtin-copy -exclude .DS_Store -exclude CVS -exclude .svn -exclude .git -exclude .hg -resolve-src-symlinks -rename /Users/runner/work/orbit/orbit/.ipad-probe/.dd/Build/Intermediates.noindex/IpadProbe.build/Debug-iphonesimulator/IpadProbe.build/Objects-normal/arm64/IpadProbe.swiftmodule /Users/runner/work/orbit/orbit/.ipad-probe/.dd/Build/Products/Debug-iphonesimulator/IpadProbe.swiftmodule/arm64-apple-ios-simulator.swiftmodule

Copy /Users/runner/work/orbit/orbit/.ipad-probe/.dd/Build/Products/Debug-iphonesimulator/IpadProbe.swiftmodule/arm64-apple-ios-simulator.swiftdoc /Users/runner/work/orbit/orbit/.ipad-probe/.dd/Build/Intermediates.noindex/IpadProbe.build/Debug-iphonesimulator/IpadProbe.build/Objects-normal/arm64/IpadProbe.swiftdoc (in target 'IpadProbe' from project 'IpadProbe')
    cd /Users/runner/work/orbit/orbit/.ipad-probe
    builtin-copy -exclude .DS_Store -exclude CVS -exclude .svn -exclude .git -exclude .hg -resolve-src-symlinks -rename /Users/runner/work/orbit/orbit/.ipad-probe/.dd/Build/Intermediates.noindex/IpadProbe.build/Debug-iphonesimulator/IpadProbe.build/Objects-normal/arm64/IpadProbe.swiftdoc /Users/runner/work/orbit/orbit/.ipad-probe/.dd/Build/Products/Debug-iphonesimulator/IpadProbe.swiftmodule/arm64-apple-ios-simulator.swiftdoc

Copy /Users/runner/work/orbit/orbit/.ipad-probe/.dd/Build/Products/Debug-iphonesimulator/IpadProbe.swiftmodule/arm64-apple-ios-simulator.abi.json /Users/runner/work/orbit/orbit/.ipad-probe/.dd/Build/Intermediates.noindex/IpadProbe.build/Debug-iphonesimulator/IpadProbe.build/Objects-normal/arm64/IpadProbe.abi.json (in target 'IpadProbe' from project 'IpadProbe')
    cd /Users/runner/work/orbit/orbit/.ipad-probe
    builtin-copy -exclude .DS_Store -exclude CVS -exclude .svn -exclude .git -exclude .hg -resolve-src-symlinks -rename /Users/runner/work/orbit/orbit/.ipad-probe/.dd/Build/Intermediates.noindex/IpadProbe.build/Debug-iphonesimulator/IpadProbe.build/Objects-normal/arm64/IpadProbe.abi.json /Users/runner/work/orbit/orbit/.ipad-probe/.dd/Build/Products/Debug-iphonesimulator/IpadProbe.swiftmodule/arm64-apple-ios-simulator.abi.json

Copy /Users/runner/work/orbit/orbit/.ipad-probe/.dd/Build/Products/Debug-iphonesimulator/IpadProbe.swiftmodule/Project/arm64-apple-ios-simulator.swiftsourceinfo /Users/runner/work/orbit/orbit/.ipad-probe/.dd/Build/Intermediates.noindex/IpadProbe.build/Debug-iphonesimulator/IpadProbe.build/Objects-normal/arm64/IpadProbe.swiftsourceinfo (in target 'IpadProbe' from project 'IpadProbe')
    cd /Users/runner/work/orbit/orbit/.ipad-probe
    builtin-copy -exclude .DS_Store -exclude CVS -exclude .svn -exclude .git -exclude .hg -resolve-src-symlinks -rename /Users/runner/work/orbit/orbit/.ipad-probe/.dd/Build/Intermediates.noindex/IpadProbe.build/Debug-iphonesimulator/IpadProbe.build/Objects-normal/arm64/IpadProbe.swiftsourceinfo /Users/runner/work/orbit/orbit/.ipad-probe/.dd/Build/Products/Debug-iphonesimulator/IpadProbe.swiftmodule/Project/arm64-apple-ios-simulator.swiftsourceinfo

ProcessInfoPlistFile /Users/runner/work/orbit/orbit/.ipad-probe/.dd/Build/Products/Debug-iphonesimulator/IpadProbe.app/Info.plist /Users/runner/work/orbit/orbit/.ipad-probe/Info.plist (in target 'IpadProbe' from project 'IpadProbe')
    cd /Users/runner/work/orbit/orbit/.ipad-probe
    builtin-infoPlistUtility /Users/runner/work/orbit/orbit/.ipad-probe/Info.plist -producttype com.apple.product-type.application -genpkginfo /Users/runner/work/orbit/orbit/.ipad-probe/.dd/Build/Products/Debug-iphonesimulator/IpadProbe.app/PkgInfo -expandbuildsettings -format binary -platform iphonesimulator -additionalcontentfile /Users/runner/work/orbit/orbit/.ipad-probe/.dd/Build/Intermediates.noindex/IpadProbe.build/Debug-iphonesimulator/IpadProbe.build/assetcatalog_generated_info.plist -o /Users/runner/work/orbit/orbit/.ipad-probe/.dd/Build/Products/Debug-iphonesimulator/IpadProbe.app/Info.plist

SwiftCompile normal arm64 Compiling\ ConsoleRegistry.swift,\ ConsoleView.swift,\ CreatedTasksCard.swift,\ CreatedTasksModel.swift,\ CreatedTasksPage.swift,\ FileHandoff.swift,\ FollowingView.swift,\ ImageViewer.swift,\ InfrastructureSections.swift,\ IpadProbe.swift,\ LinkDetection.swift,\ LoginView.swift,\ MainView.swift,\ ManagedRunnerBanner.swift,\ ManagedRunnerModel.swift,\ MarkdownView.swift,\ MergeRecoverySheet.swift,\ MessageBubbles.swift,\ MonospaceOutputViewer.swift,\ NeedsYouBannerView.swift,\ NotificationManager.swift,\ OpenItemDeliveryCardView.swift,\ OrbitLinkCardView.swift,\ OrbitLinkCards.swift /Users/runner/work/orbit/orbit/src/macos/OrbitApp/Sources/OrbitApp/ConsoleRegistry.swift /Users/runner/work/orbit/orbit/src/macos/OrbitApp/Sources/OrbitApp/Views/Console/ConsoleView.swift /Users/runner/work/orbit/orbit/src/macos/OrbitApp/Sources/OrbitApp/Views/CreatedTasksCard.swift /Users/runner/work/orbit/orbit/src/macos/OrbitApp/Sources/OrbitApp/CreatedTasksModel.swift /Users/runner/work/orbit/orbit/src/macos/OrbitApp/Sources/OrbitApp/Views/CreatedTasksPage.swift /Users/runner/work/orbit/orbit/src/macos/OrbitApp/Sources/OrbitApp/Views/FileHandoff.swift /Users/runner/work/orbit/orbit/src/macos/OrbitApp/Sources/OrbitApp/Views/FollowingView.swift /Users/runner/work/orbit/orbit/src/macos/OrbitApp/Sources/OrbitApp/Views/Console/ImageViewer.swift /Users/runner/work/orbit/orbit/src/macos/OrbitApp/Sources/OrbitApp/Views/InfrastructureSections.swift /Users/runner/work/orbit/orbit/.ipad-probe/ios/IpadProbe.swift /Users/runner/work/orbit/orbit/src/macos/OrbitApp/Sources/OrbitApp/Views/Console/LinkDetection.swift /Users/runner/work/orbit/orbit/src/macos/OrbitApp/Sources/OrbitApp/Views/LoginView.swift /Users/runner/work/orbit/orbit/src/macos/OrbitApp/Sources/OrbitApp/Views/MainView.swift /Users/runner/work/orbit/orbit/src/macos/OrbitApp/Sources/OrbitApp/Views/ManagedRunnerBanner.swift /Users/runner/work/orbit/orbit/src/macos/OrbitApp/Sources/OrbitApp/ManagedRunnerModel.swift /Users/runner/work/orbit/orbit/src/macos/OrbitApp/Sources/OrbitApp/Views/MarkdownView.swift /Users/runner/work/orbit/orbit/src/macos/OrbitApp/Sources/OrbitApp/Views/MergeRecoverySheet.swift /Users/runner/work/orbit/orbit/src/macos/OrbitApp/Sources/OrbitApp/Views/Console/MessageBubbles.swift /Users/runner/work/orbit/orbit/src/macos/OrbitApp/Sources/OrbitApp/Views/Console/MonospaceOutputViewer.swift /Users/runner/work/orbit/orbit/src/macos/OrbitApp/Sources/OrbitApp/Views/NeedsYouBannerView.swift /Users/runner/work/orbit/orbit/src/macos/OrbitApp/Sources/OrbitApp/NotificationManager.swift /Users/runner/work/orbit/orbit/src/macos/OrbitApp/Sources/OrbitApp/Views/OpenItemDeliveryCardView.swift /Users/runner/work/orbit/orbit/src/macos/OrbitApp/Sources/OrbitApp/Views/OrbitLinkCardView.swift /Users/runner/work/orbit/orbit/src/macos/OrbitApp/Sources/OrbitApp/OrbitLinkCards.swift (in target 'IpadProbe' from project 'IpadProbe')

SwiftCompile normal arm64 /Users/runner/work/orbit/orbit/src/macos/OrbitApp/Sources/OrbitApp/ConsoleRegistry.swift (in target 'IpadProbe' from project 'IpadProbe')
    cd /Users/runner/work/orbit/orbit/.ipad-probe
    

SwiftCompile normal arm64 /Users/runner/work/orbit/orbit/src/macos/OrbitApp/Sources/OrbitApp/Views/Console/ConsoleView.swift (in target 'IpadProbe' from project 'IpadProbe')
    cd /Users/runner/work/orbit/orbit/.ipad-probe
    

SwiftCompile normal arm64 /Users/runner/work/orbit/orbit/src/macos/OrbitApp/Sources/OrbitApp/Views/CreatedTasksCard.swift (in target 'IpadProbe' from project 'IpadProbe')
    cd /Users/runner/work/orbit/orbit/.ipad-probe
    

SwiftCompile normal arm64 /Users/runner/work/orbit/orbit/src/macos/OrbitApp/Sources/OrbitApp/CreatedTasksModel.swift (in target 'IpadProbe' from project 'IpadProbe')
    cd /Users/runner/work/orbit/orbit/.ipad-probe
    

SwiftCompile normal arm64 /Users/runner/work/orbit/orbit/src/macos/OrbitApp/Sources/OrbitApp/Views/CreatedTasksPage.swift (in target 'IpadProbe' from project 'IpadProbe')
    cd /Users/runner/work/orbit/orbit/.ipad-probe
    

SwiftCompile normal arm64 /Users/runner/work/orbit/orbit/src/macos/OrbitApp/Sources/OrbitApp/Views/FileHandoff.swift (in target 'IpadProbe' from project 'IpadProbe')
    cd /Users/runner/work/orbit/orbit/.ipad-probe
    

SwiftCompile normal arm64 /Users/runner/work/orbit/orbit/src/macos/OrbitApp/Sources/OrbitApp/Views/FollowingView.swift (in target 'IpadProbe' from project 'IpadProbe')
    cd /Users/runner/work/orbit/orbit/.ipad-probe
    

SwiftCompile normal arm64 /Users/runner/work/orbit/orbit/src/macos/OrbitApp/Sources/OrbitApp/Views/Console/ImageViewer.swift (in target 'IpadProbe' from project 'IpadProbe')
    cd /Users/runner/work/orbit/orbit/.ipad-probe
    

SwiftCompile normal arm64 /Users/runner/work/orbit/orbit/src/macos/OrbitApp/Sources/OrbitApp/Views/InfrastructureSections.swift (in target 'IpadProbe' from project 'IpadProbe')
    cd /Users/runner/work/orbit/orbit/.ipad-probe
    

SwiftCompile normal arm64 /Users/runner/work/orbit/orbit/.ipad-probe/ios/IpadProbe.swift (in target 'IpadProbe' from project 'IpadProbe')
    cd /Users/runner/work/orbit/orbit/.ipad-probe
    

SwiftCompile normal arm64 /Users/runner/work/orbit/orbit/src/macos/OrbitApp/Sources/OrbitApp/Views/Console/LinkDetection.swift (in target 'IpadProbe' from project 'IpadProbe')
    cd /Users/runner/work/orbit/orbit/.ipad-probe
    

SwiftCompile normal arm64 /Users/runner/work/orbit/orbit/src/macos/OrbitApp/Sources/OrbitApp/Views/LoginView.swift (in target 'IpadProbe' from project 'IpadProbe')
    cd /Users/runner/work/orbit/orbit/.ipad-probe
    

SwiftCompile normal arm64 /Users/runner/work/orbit/orbit/src/macos/OrbitApp/Sources/OrbitApp/Views/MainView.swift (in target 'IpadProbe' from project 'IpadProbe')
    cd /Users/runner/work/orbit/orbit/.ipad-probe
    

SwiftCompile normal arm64 /Users/runner/work/orbit/orbit/src/macos/OrbitApp/Sources/OrbitApp/Views/ManagedRunnerBanner.swift (in target 'IpadProbe' from project 'IpadProbe')
    cd /Users/runner/work/orbit/orbit/.ipad-probe
    

SwiftCompile normal arm64 /Users/runner/work/orbit/orbit/src/macos/OrbitApp/Sources/OrbitApp/ManagedRunnerModel.swift (in target 'IpadProbe' from project 'IpadProbe')
    cd /Users/runner/work/orbit/orbit/.ipad-probe
    

SwiftCompile normal arm64 /Users/runner/work/orbit/orbit/src/macos/OrbitApp/Sources/OrbitApp/Views/MarkdownView.swift (in target 'IpadProbe' from project 'IpadProbe')
    cd /Users/runner/work/orbit/orbit/.ipad-probe
    

SwiftCompile normal arm64 /Users/runner/work/orbit/orbit/src/macos/OrbitApp/Sources/OrbitApp/Views/MergeRecoverySheet.swift (in target 'IpadProbe' from project 'IpadProbe')
    cd /Users/runner/work/orbit/orbit/.ipad-probe
    

SwiftCompile normal arm64 /Users/runner/work/orbit/orbit/src/macos/OrbitApp/Sources/OrbitApp/Views/Console/MessageBubbles.swift (in target 'IpadProbe' from project 'IpadProbe')
    cd /Users/runner/work/orbit/orbit/.ipad-probe
    

SwiftCompile normal arm64 /Users/runner/work/orbit/orbit/src/macos/OrbitApp/Sources/OrbitApp/Views/Console/MonospaceOutputViewer.swift (in target 'IpadProbe' from project 'IpadProbe')
    cd /Users/runner/work/orbit/orbit/.ipad-probe
    

SwiftCompile normal arm64 /Users/runner/work/orbit/orbit/src/macos/OrbitApp/Sources/OrbitApp/Views/NeedsYouBannerView.swift (in target 'IpadProbe' from project 'IpadProbe')
    cd /Users/runner/work/orbit/orbit/.ipad-probe
    

SwiftCompile normal arm64 /Users/runner/work/orbit/orbit/src/macos/OrbitApp/Sources/OrbitApp/NotificationManager.swift (in target 'IpadProbe' from project 'IpadProbe')
    cd /Users/runner/work/orbit/orbit/.ipad-probe
    

SwiftCompile normal arm64 /Users/runner/work/orbit/orbit/src/macos/OrbitApp/Sources/OrbitApp/Views/OpenItemDeliveryCardView.swift (in target 'IpadProbe' from project 'IpadProbe')
    cd /Users/runner/work/orbit/orbit/.ipad-probe
    

SwiftCompile normal arm64 /Users/runner/work/orbit/orbit/src/macos/OrbitApp/Sources/OrbitApp/Views/OrbitLinkCardView.swift (in target 'IpadProbe' from project 'IpadProbe')
    cd /Users/runner/work/orbit/orbit/.ipad-probe
    

SwiftCompile normal arm64 /Users/runner/work/orbit/orbit/src/macos/OrbitApp/Sources/OrbitApp/OrbitLinkCards.swift (in target 'IpadProbe' from project 'IpadProbe')
    cd /Users/runner/work/orbit/orbit/.ipad-probe
    

SwiftDriverJobDiscovery normal arm64 Compiling ToolCards.swift, TopInsetClearOfRefresh.swift, Typography.swift, UserTurnRow.swift, WatchViews.swift, WatchWakeCardView.swift, WatchesModel.swift, WatchingCard.swift, WikiActivityView.swift, WikiArticleView.swift, WikiContentsColumn.swift, WikiDocScreens.swift, WikiDocView.swift, WikiJobView.swift, WikiModel.swift, WikiPlanView.swift, WikiRunView.swift, WikiScreens.swift, WikiSettingsView.swift, WikiView.swift, WorktreeBar.swift, WorktreeFilePreview.swift, WorktreeModel.swift, GeneratedAssetSymbols.swift (in target 'IpadProbe' from project 'IpadProbe')

SwiftCompile normal arm64 Compiling\ SessionMessageCardView.swift,\ SessionMoveSheet.swift,\ SessionMoveTargetPage.swift,\ SessionProjectListSupport.swift,\ SessionProjectPage.swift,\ SessionRenameAlert.swift,\ SessionReplyCardView.swift,\ SessionRowActions.swift,\ SessionRunStartCard.swift,\ SessionSearchView.swift,\ SessionTagViews.swift,\ SettingsAdminView.swift,\ SettingsSheet.swift,\ ShareSheet.swift,\ SharedLinksModel.swift,\ SharedPoolsModel.swift,\ SkillsRunnersView.swift,\ TaskDetailParts.swift,\ TaskListParts.swift,\ TaskRunHandoffCard.swift,\ TaskStartCardView.swift,\ TasksModel.swift,\ TasksView.swift,\ ToastHost.swift /Users/runner/work/orbit/orbit/src/macos/OrbitApp/Sources/OrbitApp/Views/SessionMessageCardView.swift /Users/runner/work/orbit/orbit/src/macos/OrbitApp/Sources/OrbitApp/Views/SessionMoveSheet.swift /Users/runner/work/orbit/orbit/src/macos/OrbitApp/Sources/OrbitApp/Views/SessionMoveTargetPage.swift /Users/runner/work/orbit/orbit/src/macos/OrbitApp/Sources/OrbitApp/Views/SessionProjectListSupport.swift /Users/runner/work/orbit/orbit/src/macos/OrbitApp/Sources/OrbitApp/Views/SessionProjectPage.swift /Users/runner/work/orbit/orbit/src/macos/OrbitApp/Sources/OrbitApp/Views/SessionRenameAlert.swift /Users/runner/work/orbit/orbit/src/macos/OrbitApp/Sources/OrbitApp/Views/SessionReplyCardView.swift /Users/runner/work/orbit/orbit/src/macos/OrbitApp/Sources/OrbitApp/Views/SessionRowActions.swift /Users/runner/work/orbit/orbit/src/macos/OrbitApp/Sources/OrbitApp/Views/Console/SessionRunStartCard.swift /Users/runner/work/orbit/orbit/src/macos/OrbitApp/Sources/OrbitApp/Views/SessionSearchView.swift /Users/runner/work/orbit/orbit/src/macos/OrbitApp/Sources/OrbitApp/Views/SessionTagViews.swift /Users/runner/work/orbit/orbit/src/macos/OrbitApp/Sources/OrbitApp/Views/SettingsAdminView.swift /Users/runner/work/orbit/orbit/src/macos/OrbitApp/Sources/OrbitApp/Views/SettingsSheet.swift /Users/runner/work/orbit/orbit/src/macos/OrbitApp/Sources/OrbitApp/Views/ShareSheet.swift /Users/runner/work/orbit/orbit/src/macos/OrbitApp/Sources/OrbitApp/SharedLinksModel.swift /Users/runner/work/orbit/orbit/src/macos/OrbitApp/Sources/OrbitApp/SharedPoolsModel.swift /Users/runner/work/orbit/orbit/src/macos/OrbitApp/Sources/OrbitApp/Views/SkillsRunnersView.swift /Users/runner/work/orbit/orbit/src/macos/OrbitApp/Sources/OrbitApp/Views/TaskDetailParts.swift /Users/runner/work/orbit/orbit/src/macos/OrbitApp/Sources/OrbitApp/Views/TaskListParts.swift /Users/runner/work/orbit/orbit/src/macos/OrbitApp/Sources/OrbitApp/Views/TaskRunHandoffCard.swift /Users/runner/work/orbit/orbit/src/macos/OrbitApp/Sources/OrbitApp/Views/TaskStartCardView.swift /Users/runner/work/orbit/orbit/src/macos/OrbitApp/Sources/OrbitApp/TasksModel.swift /Users/runner/work/orbit/orbit/src/macos/OrbitApp/Sources/OrbitApp/Views/TasksView.swift /Users/runner/work/orbit/orbit/src/macos/OrbitApp/Sources/OrbitApp/Views/ToastHost.swift (in target 'IpadProbe' from project 'IpadProbe')
SwiftCompile normal arm64 /Users/runner/work/orbit/orbit/src/macos/OrbitApp/Sources/OrbitApp/Views/SessionMessageCardView.swift (in target 'IpadProbe' from project 'IpadProbe')
    cd /Users/runner/work/orbit/orbit/.ipad-probe
    

SwiftCompile normal arm64 /Users/runner/work/orbit/orbit/src/macos/OrbitApp/Sources/OrbitApp/Views/SessionMoveSheet.swift (in target 'IpadProbe' from project 'IpadProbe')
    cd /Users/runner/work/orbit/orbit/.ipad-probe
    

SwiftCompile normal arm64 /Users/runner/work/orbit/orbit/src/macos/OrbitApp/Sources/OrbitApp/Views/SessionMoveTargetPage.swift (in target 'IpadProbe' from project 'IpadProbe')
    cd /Users/runner/work/orbit/orbit/.ipad-probe
    

SwiftCompile normal arm64 /Users/runner/work/orbit/orbit/src/macos/OrbitApp/Sources/OrbitApp/Views/SessionProjectListSupport.swift (in target 'IpadProbe' from project 'IpadProbe')
    cd /Users/runner/work/orbit/orbit/.ipad-probe
    

SwiftCompile normal arm64 /Users/runner/work/orbit/orbit/src/macos/OrbitApp/Sources/OrbitApp/Views/SessionProjectPage.swift (in target 'IpadProbe' from project 'IpadProbe')
    cd /Users/runner/work/orbit/orbit/.ipad-probe
    

SwiftCompile normal arm64 /Users/runner/work/orbit/orbit/src/macos/OrbitApp/Sources/OrbitApp/Views/SessionRenameAlert.swift (in target 'IpadProbe' from project 'IpadProbe')
    cd /Users/runner/work/orbit/orbit/.ipad-probe
    

SwiftCompile normal arm64 /Users/runner/work/orbit/orbit/src/macos/OrbitApp/Sources/OrbitApp/Views/SessionReplyCardView.swift (in target 'IpadProbe' from project 'IpadProbe')
    cd /Users/runner/work/orbit/orbit/.ipad-probe
    

SwiftCompile normal arm64 /Users/runner/work/orbit/orbit/src/macos/OrbitApp/Sources/OrbitApp/Views/SessionRowActions.swift (in target 'IpadProbe' from project 'IpadProbe')
    cd /Users/runner/work/orbit/orbit/.ipad-probe
    

SwiftCompile normal arm64 /Users/runner/work/orbit/orbit/src/macos/OrbitApp/Sources/OrbitApp/Views/Console/SessionRunStartCard.swift (in target 'IpadProbe' from project 'IpadProbe')
    cd /Users/runner/work/orbit/orbit/.ipad-probe
    

SwiftCompile normal arm64 /Users/runner/work/orbit/orbit/src/macos/OrbitApp/Sources/OrbitApp/Views/SessionSearchView.swift (in target 'IpadProbe' from project 'IpadProbe')
    cd /Users/runner/work/orbit/orbit/.ipad-probe
    

SwiftCompile normal arm64 /Users/runner/work/orbit/orbit/src/macos/OrbitApp/Sources/OrbitApp/Views/SessionTagViews.swift (in target 'IpadProbe' from project 'IpadProbe')
    cd /Users/runner/work/orbit/orbit/.ipad-probe
    

SwiftCompile normal arm64 /Users/runner/work/orbit/orbit/src/macos/OrbitApp/Sources/OrbitApp/Views/SettingsAdminView.swift (in target 'IpadProbe' from project 'IpadProbe')
    cd /Users/runner/work/orbit/orbit/.ipad-probe
    

SwiftCompile normal arm64 /Users/runner/work/orbit/orbit/src/macos/OrbitApp/Sources/OrbitApp/Views/SettingsSheet.swift (in target 'IpadProbe' from project 'IpadProbe')
    cd /Users/runner/work/orbit/orbit/.ipad-probe
    

SwiftCompile normal arm64 /Users/runner/work/orbit/orbit/src/macos/OrbitApp/Sources/OrbitApp/Views/ShareSheet.swift (in target 'IpadProbe' from project 'IpadProbe')
    cd /Users/runner/work/orbit/orbit/.ipad-probe
    

SwiftCompile normal arm64 /Users/runner/work/orbit/orbit/src/macos/OrbitApp/Sources/OrbitApp/SharedLinksModel.swift (in target 'IpadProbe' from project 'IpadProbe')
    cd /Users/runner/work/orbit/orbit/.ipad-probe
    

SwiftCompile normal arm64 /Users/runner/work/orbit/orbit/src/macos/OrbitApp/Sources/OrbitApp/SharedPoolsModel.swift (in target 'IpadProbe' from project 'IpadProbe')
    cd /Users/runner/work/orbit/orbit/.ipad-probe
    

SwiftCompile normal arm64 /Users/runner/work/orbit/orbit/src/macos/OrbitApp/Sources/OrbitApp/Views/SkillsRunnersView.swift (in target 'IpadProbe' from project 'IpadProbe')
    cd /Users/runner/work/orbit/orbit/.ipad-probe
    

SwiftCompile normal arm64 /Users/runner/work/orbit/orbit/src/macos/OrbitApp/Sources/OrbitApp/Views/TaskDetailParts.swift (in target 'IpadProbe' from project 'IpadProbe')
    cd /Users/runner/work/orbit/orbit/.ipad-probe
    

SwiftCompile normal arm64 /Users/runner/work/orbit/orbit/src/macos/OrbitApp/Sources/OrbitApp/Views/TaskListParts.swift (in target 'IpadProbe' from project 'IpadProbe')
    cd /Users/runner/work/orbit/orbit/.ipad-probe
    

SwiftCompile normal arm64 /Users/runner/work/orbit/orbit/src/macos/OrbitApp/Sources/OrbitApp/Views/TaskRunHandoffCard.swift (in target 'IpadProbe' from project 'IpadProbe')
    cd /Users/runner/work/orbit/orbit/.ipad-probe
    

SwiftCompile normal arm64 /Users/runner/work/orbit/orbit/src/macos/OrbitApp/Sources/OrbitApp/Views/TaskStartCardView.swift (in target 'IpadProbe' from project 'IpadProbe')
    cd /Users/runner/work/orbit/orbit/.ipad-probe
    

SwiftCompile normal arm64 /Users/runner/work/orbit/orbit/src/macos/OrbitApp/Sources/OrbitApp/TasksModel.swift (in target 'IpadProbe' from project 'IpadProbe')
    cd /Users/runner/work/orbit/orbit/.ipad-probe
    

SwiftCompile normal arm64 /Users/runner/work/orbit/orbit/src/macos/OrbitApp/Sources/OrbitApp/Views/TasksView.swift (in target 'IpadProbe' from project 'IpadProbe')
    cd /Users/runner/work/orbit/orbit/.ipad-probe
    

SwiftCompile normal arm64 /Users/runner/work/orbit/orbit/src/macos/OrbitApp/Sources/OrbitApp/Views/ToastHost.swift (in target 'IpadProbe' from project 'IpadProbe')
    cd /Users/runner/work/orbit/orbit/.ipad-probe
    

SwiftDriverJobDiscovery normal arm64 Compiling ConsoleRegistry.swift, ConsoleView.swift, CreatedTasksCard.swift, CreatedTasksModel.swift, CreatedTasksPage.swift, FileHandoff.swift, FollowingView.swift, ImageViewer.swift, InfrastructureSections.swift, IpadProbe.swift, LinkDetection.swift, LoginView.swift, MainView.swift, ManagedRunnerBanner.swift, ManagedRunnerModel.swift, MarkdownView.swift, MergeRecoverySheet.swift, MessageBubbles.swift, MonospaceOutputViewer.swift, NeedsYouBannerView.swift, NotificationManager.swift, OpenItemDeliveryCardView.swift, OrbitLinkCardView.swift, OrbitLinkCards.swift (in target 'IpadProbe' from project 'IpadProbe')

ProcessProductPackaging "" /Users/runner/work/orbit/orbit/.ipad-probe/.dd/Build/Intermediates.noindex/IpadProbe.build/Debug-iphonesimulator/IpadProbeUITests.build/IpadProbeUITests.xctest-Simulated.xcent (in target 'IpadProbeUITests' from project 'IpadProbe')
    cd /Users/runner/work/orbit/orbit/.ipad-probe
    
    Entitlements:
    
    {
    "application-identifier" = "FAKETEAMID.io.orbitd.ipadprobe.uitests.xctrunner";
    "keychain-access-groups" =     (
        "FAKETEAMID.io.orbitd.ipadprobe.uitests.xctrunner"
    );
}
    
    builtin-productPackagingUtility -entitlements -format xml -o /Users/runner/work/orbit/orbit/.ipad-probe/.dd/Build/Intermediates.noindex/IpadProbe.build/Debug-iphonesimulator/IpadProbeUITests.build/IpadProbeUITests.xctest-Simulated.xcent

ProcessProductPackagingDER /Users/runner/work/orbit/orbit/.ipad-probe/.dd/Build/Intermediates.noindex/IpadProbe.build/Debug-iphonesimulator/IpadProbeUITests.build/IpadProbeUITests.xctest-Simulated.xcent /Users/runner/work/orbit/orbit/.ipad-probe/.dd/Build/Intermediates.noindex/IpadProbe.build/Debug-iphonesimulator/IpadProbeUITests.build/IpadProbeUITests.xctest-Simulated.xcent.der (in target 'IpadProbeUITests' from project 'IpadProbe')
    cd /Users/runner/work/orbit/orbit/.ipad-probe
    /usr/bin/derq query -f xml -i /Users/runner/work/orbit/orbit/.ipad-probe/.dd/Build/Intermediates.noindex/IpadProbe.build/Debug-iphonesimulator/IpadProbeUITests.build/IpadProbeUITests.xctest-Simulated.xcent -o /Users/runner/work/orbit/orbit/.ipad-probe/.dd/Build/Intermediates.noindex/IpadProbe.build/Debug-iphonesimulator/IpadProbeUITests.build/IpadProbeUITests.xctest-Simulated.xcent.der --raw

SwiftDriver IpadProbeUITests normal arm64 com.apple.xcode.tools.swift.compiler (in target 'IpadProbeUITests' from project 'IpadProbe')
    cd /Users/runner/work/orbit/orbit/.ipad-probe
    builtin-SwiftDriver -- /Applications/Xcode_26.6.app/Contents/Developer/Toolchains/XcodeDefault.xctoolchain/usr/bin/swiftc -module-name IpadProbeUITests -Onone @/Users/runner/work/orbit/orbit/.ipad-probe/.dd/Build/Intermediates.noindex/IpadProbe.build/Debug-iphonesimulator/IpadProbeUITests.build/Objects-normal/arm64/IpadProbeUITests.SwiftFileList -DDEBUG -module-alias Testing\=_Testing_Unavailable -plugin-path /Applications/Xcode_26.6.app/Contents/Developer/Toolchains/XcodeDefault.xctoolchain/usr/lib/swift/host/plugins/testing -enable-bare-slash-regex -enable-experimental-feature DebugDescriptionMacro -sdk /Applications/Xcode_26.6.app/Contents/Developer/Platforms/iPhoneSimulator.platform/Developer/SDKs/iPhoneSimulator26.5.sdk -target arm64-apple-ios17.0-simulator -g -module-cache-path /Users/runner/work/orbit/orbit/.ipad-probe/.dd/ModuleCache.noindex -Xfrontend -serialize-debugging-options -enable-testing -index-store-path /Users/runner/work/orbit/orbit/.ipad-probe/.dd/Index.noindex/DataStore -Xcc -D_LIBCPP_HARDENING_MODE\=_LIBCPP_HARDENING_MODE_DEBUG -swift-version 5 -I /Users/runner/work/orbit/orbit/.ipad-probe/.dd/Build/Products/Debug-iphonesimulator -Isystem /Applications/Xcode_26.6.app/Contents/Developer/Platforms/iPhoneSimulator.platform/Developer/usr/lib -F /Users/runner/work/orbit/orbit/.ipad-probe/.dd/Build/Products/Debug-iphonesimulator -F /Applications/Xcode_26.6.app/Contents/Developer/Platforms/iPhoneSimulator.platform/Developer/Library/Frameworks -F /Applications/Xcode_26.6.app/Contents/Developer/Platforms/iPhoneSimulator.platform/Developer/SDKs/iPhoneSimulator26.5.sdk/Developer/Library/Frameworks -c -j3 -enable-batch-mode -incremental -Xcc -ivfsstatcache -Xcc /Users/runner/work/orbit/orbit/.ipad-probe/.dd/SDKStatCaches.noindex/iphonesimulator26.5-23F81a-688ef53f1462e2c8f657fdc38a81448ff45c64a1807a658693f2a61704f17a36.sdkstatcache -output-file-map /Users/runner/work/orbit/orbit/.ipad-probe/.dd/Build/Intermediates.noindex/IpadProbe.build/Debug-iphonesimulator/IpadProbeUITests.build/Objects-normal/arm64/IpadProbeUITests-OutputFileMap.json -use-frontend-parseable-output -save-temps -no-color-diagnostics -explicit-module-build -module-cache-path /Users/runner/work/orbit/orbit/.ipad-probe/.dd/Build/Intermediates.noindex/SwiftExplicitPrecompiledModules -clang-scanner-module-cache-path /Users/runner/work/orbit/orbit/.ipad-probe/.dd/ModuleCache.noindex -sdk-module-cache-path /Users/runner/work/orbit/orbit/.ipad-probe/.dd/ModuleCache.noindex -serialize-diagnostics -emit-dependencies -emit-module -emit-module-path /Users/runner/work/orbit/orbit/.ipad-probe/.dd/Build/Intermediates.noindex/IpadProbe.build/Debug-iphonesimulator/IpadProbeUITests.build/Objects-normal/arm64/IpadProbeUITests.swiftmodule -validate-clang-modules-once -clang-build-session-file /Users/runner/work/orbit/orbit/.ipad-probe/.dd/ModuleCache.noindex/Session.modulevalidation -Xcc -I/Users/runner/work/orbit/orbit/.ipad-probe/.dd/Build/Intermediates.noindex/IpadProbe.build/Debug-iphonesimulator/IpadProbeUITests.build/swift-overrides.hmap -emit-const-values -Xfrontend -const-gather-protocols-file -Xfrontend /Users/runner/work/orbit/orbit/.ipad-probe/.dd/Build/Intermediates.noindex/IpadProbe.build/Debug-iphonesimulator/IpadProbeUITests.build/Objects-normal/arm64/IpadProbeUITests_const_extract_protocols.json -Xcc -iquote -Xcc /Users/runner/work/orbit/orbit/.ipad-probe/.dd/Build/Intermediates.noindex/IpadProbe.build/Debug-iphonesimulator/IpadProbeUITests.build/IpadProbeUITests-generated-files.hmap -Xcc -I/Users/runner/work/orbit/orbit/.ipad-probe/.dd/Build/Intermediates.noindex/IpadProbe.build/Debug-iphonesimulator/IpadProbeUITests.build/IpadProbeUITests-own-target-headers.hmap -Xcc -I/Users/runner/work/orbit/orbit/.ipad-probe/.dd/Build/Intermediates.noindex/IpadProbe.build/Debug-iphonesimulator/IpadProbeUITests.build/IpadProbeUITests-all-non-framework-target-headers.hmap -Xcc -ivfsoverlay -Xcc /Users/runner/work/orbit/orbit/.ipad-probe/.dd/Build/Intermediates.noindex/IpadProbe.build/Debug-iphonesimulator/IpadProbe-af27921b01a1bbdc34119b89b709bb2d-VFS-iphonesimulator/all-product-headers.yaml -Xcc -iquote -Xcc /Users/runner/work/orbit/orbit/.ipad-probe/.dd/Build/Intermediates.noindex/IpadProbe.build/Debug-iphonesimulator/IpadProbeUITests.build/IpadProbeUITests-project-headers.hmap -Xcc -I/Users/runner/work/orbit/orbit/.ipad-probe/.dd/Build/Products/Debug-iphonesimulator/include -Xcc -I/Users/runner/work/orbit/orbit/.ipad-probe/.dd/Build/Intermediates.noindex/IpadProbe.build/Debug-iphonesimulator/IpadProbeUITests.build/DerivedSources-normal/arm64 -Xcc -I/Users/runner/work/orbit/orbit/.ipad-probe/.dd/Build/Intermediates.noindex/IpadProbe.build/Debug-iphonesimulator/IpadProbeUITests.build/DerivedSources/arm64 -Xcc -I/Users/runner/work/orbit/orbit/.ipad-probe/.dd/Build/Intermediates.noindex/IpadProbe.build/Debug-iphonesimulator/IpadProbeUITests.build/DerivedSources -Xcc -DDEBUG\=1 -emit-objc-header -emit-objc-header-path /Users/runner/work/orbit/orbit/.ipad-probe/.dd/Build/Intermediates.noindex/IpadProbe.build/Debug-iphonesimulator/IpadProbeUITests.build/Objects-normal/arm64/IpadProbeUITests-Swift.h -working-directory /Users/runner/work/orbit/orbit/.ipad-probe -experimental-emit-module-separately -disable-cmo

SwiftExplicitDependencyGeneratePcm arm64 /Users/runner/work/orbit/orbit/.ipad-probe/.dd/Build/Intermediates.noindex/SwiftExplicitPrecompiledModules/XCUIAutomation-7OF3CXYVY194STTERHTERS76R.pcm

SwiftExplicitDependencyGeneratePcm arm64 /Users/runner/work/orbit/orbit/.ipad-probe/.dd/Build/Intermediates.noindex/SwiftExplicitPrecompiledModules/XCTest-82SNLYGGGQ5VIS8203JXO5I5S.pcm

SwiftExplicitDependencyCompileModuleFromInterface arm64 /Users/runner/work/orbit/orbit/.ipad-probe/.dd/Build/Intermediates.noindex/SwiftExplicitPrecompiledModules/XCUIAutomation-34FXE168LC1BI.swiftmodule

SwiftExplicitDependencyCompileModuleFromInterface arm64 /Users/runner/work/orbit/orbit/.ipad-probe/.dd/Build/Intermediates.noindex/SwiftExplicitPrecompiledModules/XCTest-2QGGR2F1CWSSL.swiftmodule

SwiftEmitModule normal arm64 Emitting\ module\ for\ IpadProbeUITests (in target 'IpadProbeUITests' from project 'IpadProbe')

EmitSwiftModule normal arm64 (in target 'IpadProbeUITests' from project 'IpadProbe')
    cd /Users/runner/work/orbit/orbit/.ipad-probe
    

SwiftCompile normal arm64 Compiling\ ProbeCase.swift /Users/runner/work/orbit/orbit/.ipad-probe/UITests/ProbeCase.swift (in target 'IpadProbeUITests' from project 'IpadProbe')

SwiftCompile normal arm64 /Users/runner/work/orbit/orbit/.ipad-probe/UITests/ProbeCase.swift (in target 'IpadProbeUITests' from project 'IpadProbe')
    cd /Users/runner/work/orbit/orbit/.ipad-probe
    

SwiftDriverJobDiscovery normal arm64 Emitting module for IpadProbeUITests (in target 'IpadProbeUITests' from project 'IpadProbe')

SwiftDriver\ Compilation\ Requirements IpadProbeUITests normal arm64 com.apple.xcode.tools.swift.compiler (in target 'IpadProbeUITests' from project 'IpadProbe')
    cd /Users/runner/work/orbit/orbit/.ipad-probe
    builtin-Swift-Compilation-Requirements -- /Applications/Xcode_26.6.app/Contents/Developer/Toolchains/XcodeDefault.xctoolchain/usr/bin/swiftc -module-name IpadProbeUITests -Onone @/Users/runner/work/orbit/orbit/.ipad-probe/.dd/Build/Intermediates.noindex/IpadProbe.build/Debug-iphonesimulator/IpadProbeUITests.build/Objects-normal/arm64/IpadProbeUITests.SwiftFileList -DDEBUG -module-alias Testing\=_Testing_Unavailable -plugin-path /Applications/Xcode_26.6.app/Contents/Developer/Toolchains/XcodeDefault.xctoolchain/usr/lib/swift/host/plugins/testing -enable-bare-slash-regex -enable-experimental-feature DebugDescriptionMacro -sdk /Applications/Xcode_26.6.app/Contents/Developer/Platforms/iPhoneSimulator.platform/Developer/SDKs/iPhoneSimulator26.5.sdk -target arm64-apple-ios17.0-simulator -g -module-cache-path /Users/runner/work/orbit/orbit/.ipad-probe/.dd/ModuleCache.noindex -Xfrontend -serialize-debugging-options -enable-testing -index-store-path /Users/runner/work/orbit/orbit/.ipad-probe/.dd/Index.noindex/DataStore -Xcc -D_LIBCPP_HARDENING_MODE\=_LIBCPP_HARDENING_MODE_DEBUG -swift-version 5 -I /Users/runner/work/orbit/orbit/.ipad-probe/.dd/Build/Products/Debug-iphonesimulator -Isystem /Applications/Xcode_26.6.app/Contents/Developer/Platforms/iPhoneSimulator.platform/Developer/usr/lib -F /Users/runner/work/orbit/orbit/.ipad-probe/.dd/Build/Products/Debug-iphonesimulator -F /Applications/Xcode_26.6.app/Contents/Developer/Platforms/iPhoneSimulator.platform/Developer/Library/Frameworks -F /Applications/Xcode_26.6.app/Contents/Developer/Platforms/iPhoneSimulator.platform/Developer/SDKs/iPhoneSimulator26.5.sdk/Developer/Library/Frameworks -c -j3 -enable-batch-mode -incremental -Xcc -ivfsstatcache -Xcc /Users/runner/work/orbit/orbit/.ipad-probe/.dd/SDKStatCaches.noindex/iphonesimulator26.5-23F81a-688ef53f1462e2c8f657fdc38a81448ff45c64a1807a658693f2a61704f17a36.sdkstatcache -output-file-map /Users/runner/work/orbit/orbit/.ipad-probe/.dd/Build/Intermediates.noindex/IpadProbe.build/Debug-iphonesimulator/IpadProbeUITests.build/Objects-normal/arm64/IpadProbeUITests-OutputFileMap.json -use-frontend-parseable-output -save-temps -no-color-diagnostics -explicit-module-build -module-cache-path /Users/runner/work/orbit/orbit/.ipad-probe/.dd/Build/Intermediates.noindex/SwiftExplicitPrecompiledModules -clang-scanner-module-cache-path /Users/runner/work/orbit/orbit/.ipad-probe/.dd/ModuleCache.noindex -sdk-module-cache-path /Users/runner/work/orbit/orbit/.ipad-probe/.dd/ModuleCache.noindex -serialize-diagnostics -emit-dependencies -emit-module -emit-module-path /Users/runner/work/orbit/orbit/.ipad-probe/.dd/Build/Intermediates.noindex/IpadProbe.build/Debug-iphonesimulator/IpadProbeUITests.build/Objects-normal/arm64/IpadProbeUITests.swiftmodule -validate-clang-modules-once -clang-build-session-file /Users/runner/work/orbit/orbit/.ipad-probe/.dd/ModuleCache.noindex/Session.modulevalidation -Xcc -I/Users/runner/work/orbit/orbit/.ipad-probe/.dd/Build/Intermediates.noindex/IpadProbe.build/Debug-iphonesimulator/IpadProbeUITests.build/swift-overrides.hmap -emit-const-values -Xfrontend -const-gather-protocols-file -Xfrontend /Users/runner/work/orbit/orbit/.ipad-probe/.dd/Build/Intermediates.noindex/IpadProbe.build/Debug-iphonesimulator/IpadProbeUITests.build/Objects-normal/arm64/IpadProbeUITests_const_extract_protocols.json -Xcc -iquote -Xcc /Users/runner/work/orbit/orbit/.ipad-probe/.dd/Build/Intermediates.noindex/IpadProbe.build/Debug-iphonesimulator/IpadProbeUITests.build/IpadProbeUITests-generated-files.hmap -Xcc -I/Users/runner/work/orbit/orbit/.ipad-probe/.dd/Build/Intermediates.noindex/IpadProbe.build/Debug-iphonesimulator/IpadProbeUITests.build/IpadProbeUITests-own-target-headers.hmap -Xcc -I/Users/runner/work/orbit/orbit/.ipad-probe/.dd/Build/Intermediates.noindex/IpadProbe.build/Debug-iphonesimulator/IpadProbeUITests.build/IpadProbeUITests-all-non-framework-target-headers.hmap -Xcc -ivfsoverlay -Xcc /Users/runner/work/orbit/orbit/.ipad-probe/.dd/Build/Intermediates.noindex/IpadProbe.build/Debug-iphonesimulator/IpadProbe-af27921b01a1bbdc34119b89b709bb2d-VFS-iphonesimulator/all-product-headers.yaml -Xcc -iquote -Xcc /Users/runner/work/orbit/orbit/.ipad-probe/.dd/Build/Intermediates.noindex/IpadProbe.build/Debug-iphonesimulator/IpadProbeUITests.build/IpadProbeUITests-project-headers.hmap -Xcc -I/Users/runner/work/orbit/orbit/.ipad-probe/.dd/Build/Products/Debug-iphonesimulator/include -Xcc -I/Users/runner/work/orbit/orbit/.ipad-probe/.dd/Build/Intermediates.noindex/IpadProbe.build/Debug-iphonesimulator/IpadProbeUITests.build/DerivedSources-normal/arm64 -Xcc -I/Users/runner/work/orbit/orbit/.ipad-probe/.dd/Build/Intermediates.noindex/IpadProbe.build/Debug-iphonesimulator/IpadProbeUITests.build/DerivedSources/arm64 -Xcc -I/Users/runner/work/orbit/orbit/.ipad-probe/.dd/Build/Intermediates.noindex/IpadProbe.build/Debug-iphonesimulator/IpadProbeUITests.build/DerivedSources -Xcc -DDEBUG\=1 -emit-objc-header -emit-objc-header-path /Users/runner/work/orbit/orbit/.ipad-probe/.dd/Build/Intermediates.noindex/IpadProbe.build/Debug-iphonesimulator/IpadProbeUITests.build/Objects-normal/arm64/IpadProbeUITests-Swift.h -working-directory /Users/runner/work/orbit/orbit/.ipad-probe -experimental-emit-module-separately -disable-cmo

SwiftDriverJobDiscovery normal arm64 Compiling ProbeCase.swift (in target 'IpadProbeUITests' from project 'IpadProbe')

SwiftCompile normal arm64 Compiling\ RowEdgeTests.swift /Users/runner/work/orbit/orbit/.ipad-probe/UITests/RowEdgeTests.swift (in target 'IpadProbeUITests' from project 'IpadProbe')

SwiftCompile normal arm64 /Users/runner/work/orbit/orbit/.ipad-probe/UITests/RowEdgeTests.swift (in target 'IpadProbeUITests' from project 'IpadProbe')
    cd /Users/runner/work/orbit/orbit/.ipad-probe
    

SwiftMergeGeneratedHeaders /Users/runner/work/orbit/orbit/.ipad-probe/.dd/Build/Intermediates.noindex/IpadProbe.build/Debug-iphonesimulator/IpadProbeUITests.build/DerivedSources/IpadProbeUITests-Swift.h /Users/runner/work/orbit/orbit/.ipad-probe/.dd/Build/Intermediates.noindex/IpadProbe.build/Debug-iphonesimulator/IpadProbeUITests.build/Objects-normal/arm64/IpadProbeUITests-Swift.h (in target 'IpadProbeUITests' from project 'IpadProbe')
    cd /Users/runner/work/orbit/orbit/.ipad-probe
    builtin-swiftHeaderTool -arch arm64 /Users/runner/work/orbit/orbit/.ipad-probe/.dd/Build/Intermediates.noindex/IpadProbe.build/Debug-iphonesimulator/IpadProbeUITests.build/Objects-normal/arm64/IpadProbeUITests-Swift.h -o /Users/runner/work/orbit/orbit/.ipad-probe/.dd/Build/Intermediates.noindex/IpadProbe.build/Debug-iphonesimulator/IpadProbeUITests.build/DerivedSources/IpadProbeUITests-Swift.h

SwiftDriverJobDiscovery normal arm64 Compiling RowEdgeTests.swift (in target 'IpadProbeUITests' from project 'IpadProbe')

Copy /Users/runner/work/orbit/orbit/.ipad-probe/.dd/Build/Products/Debug-iphonesimulator/IpadProbeUITests.swiftmodule/arm64-apple-ios-simulator.swiftmodule /Users/runner/work/orbit/orbit/.ipad-probe/.dd/Build/Intermediates.noindex/IpadProbe.build/Debug-iphonesimulator/IpadProbeUITests.build/Objects-normal/arm64/IpadProbeUITests.swiftmodule (in target 'IpadProbeUITests' from project 'IpadProbe')
    cd /Users/runner/work/orbit/orbit/.ipad-probe
    builtin-copy -exclude .DS_Store -exclude CVS -exclude .svn -exclude .git -exclude .hg -resolve-src-symlinks -rename /Users/runner/work/orbit/orbit/.ipad-probe/.dd/Build/Intermediates.noindex/IpadProbe.build/Debug-iphonesimulator/IpadProbeUITests.build/Objects-normal/arm64/IpadProbeUITests.swiftmodule /Users/runner/work/orbit/orbit/.ipad-probe/.dd/Build/Products/Debug-iphonesimulator/IpadProbeUITests.swiftmodule/arm64-apple-ios-simulator.swiftmodule

Copy /Users/runner/work/orbit/orbit/.ipad-probe/.dd/Build/Products/Debug-iphonesimulator/IpadProbeUITests.swiftmodule/arm64-apple-ios-simulator.swiftdoc /Users/runner/work/orbit/orbit/.ipad-probe/.dd/Build/Intermediates.noindex/IpadProbe.build/Debug-iphonesimulator/IpadProbeUITests.build/Objects-normal/arm64/IpadProbeUITests.swiftdoc (in target 'IpadProbeUITests' from project 'IpadProbe')
    cd /Users/runner/work/orbit/orbit/.ipad-probe
    builtin-copy -exclude .DS_Store -exclude CVS -exclude .svn -exclude .git -exclude .hg -resolve-src-symlinks -rename /Users/runner/work/orbit/orbit/.ipad-probe/.dd/Build/Intermediates.noindex/IpadProbe.build/Debug-iphonesimulator/IpadProbeUITests.build/Objects-normal/arm64/IpadProbeUITests.swiftdoc /Users/runner/work/orbit/orbit/.ipad-probe/.dd/Build/Products/Debug-iphonesimulator/IpadProbeUITests.swiftmodule/arm64-apple-ios-simulator.swiftdoc

Copy /Users/runner/work/orbit/orbit/.ipad-probe/.dd/Build/Products/Debug-iphonesimulator/IpadProbeUITests.swiftmodule/arm64-apple-ios-simulator.abi.json /Users/runner/work/orbit/orbit/.ipad-probe/.dd/Build/Intermediates.noindex/IpadProbe.build/Debug-iphonesimulator/IpadProbeUITests.build/Objects-normal/arm64/IpadProbeUITests.abi.json (in target 'IpadProbeUITests' from project 'IpadProbe')
    cd /Users/runner/work/orbit/orbit/.ipad-probe
    builtin-copy -exclude .DS_Store -exclude CVS -exclude .svn -exclude .git -exclude .hg -resolve-src-symlinks -rename /Users/runner/work/orbit/orbit/.ipad-probe/.dd/Build/Intermediates.noindex/IpadProbe.build/Debug-iphonesimulator/IpadProbeUITests.build/Objects-normal/arm64/IpadProbeUITests.abi.json /Users/runner/work/orbit/orbit/.ipad-probe/.dd/Build/Products/Debug-iphonesimulator/IpadProbeUITests.swiftmodule/arm64-apple-ios-simulator.abi.json

Copy /Users/runner/work/orbit/orbit/.ipad-probe/.dd/Build/Products/Debug-iphonesimulator/IpadProbeUITests.swiftmodule/Project/arm64-apple-ios-simulator.swiftsourceinfo /Users/runner/work/orbit/orbit/.ipad-probe/.dd/Build/Intermediates.noindex/IpadProbe.build/Debug-iphonesimulator/IpadProbeUITests.build/Objects-normal/arm64/IpadProbeUITests.swiftsourceinfo (in target 'IpadProbeUITests' from project 'IpadProbe')
    cd /Users/runner/work/orbit/orbit/.ipad-probe
    builtin-copy -exclude .DS_Store -exclude CVS -exclude .svn -exclude .git -exclude .hg -resolve-src-symlinks -rename /Users/runner/work/orbit/orbit/.ipad-probe/.dd/Build/Intermediates.noindex/IpadProbe.build/Debug-iphonesimulator/IpadProbeUITests.build/Objects-normal/arm64/IpadProbeUITests.swiftsourceinfo /Users/runner/work/orbit/orbit/.ipad-probe/.dd/Build/Products/Debug-iphonesimulator/IpadProbeUITests.swiftmodule/Project/arm64-apple-ios-simulator.swiftsourceinfo

SwiftCompile normal arm64 Compiling\ EdgeSwipeTests.swift /Users/runner/work/orbit/orbit/.ipad-probe/UITests/EdgeSwipeTests.swift (in target 'IpadProbeUITests' from project 'IpadProbe')

SwiftCompile normal arm64 /Users/runner/work/orbit/orbit/.ipad-probe/UITests/EdgeSwipeTests.swift (in target 'IpadProbeUITests' from project 'IpadProbe')
    cd /Users/runner/work/orbit/orbit/.ipad-probe
    

SwiftDriverJobDiscovery normal arm64 Compiling EdgeSwipeTests.swift (in target 'IpadProbeUITests' from project 'IpadProbe')

SwiftDriver\ Compilation IpadProbeUITests normal arm64 com.apple.xcode.tools.swift.compiler (in target 'IpadProbeUITests' from project 'IpadProbe')
    cd /Users/runner/work/orbit/orbit/.ipad-probe
    builtin-Swift-Compilation -- /Applications/Xcode_26.6.app/Contents/Developer/Toolchains/XcodeDefault.xctoolchain/usr/bin/swiftc -module-name IpadProbeUITests -Onone @/Users/runner/work/orbit/orbit/.ipad-probe/.dd/Build/Intermediates.noindex/IpadProbe.build/Debug-iphonesimulator/IpadProbeUITests.build/Objects-normal/arm64/IpadProbeUITests.SwiftFileList -DDEBUG -module-alias Testing\=_Testing_Unavailable -plugin-path /Applications/Xcode_26.6.app/Contents/Developer/Toolchains/XcodeDefault.xctoolchain/usr/lib/swift/host/plugins/testing -enable-bare-slash-regex -enable-experimental-feature DebugDescriptionMacro -sdk /Applications/Xcode_26.6.app/Contents/Developer/Platforms/iPhoneSimulator.platform/Developer/SDKs/iPhoneSimulator26.5.sdk -target arm64-apple-ios17.0-simulator -g -module-cache-path /Users/runner/work/orbit/orbit/.ipad-probe/.dd/ModuleCache.noindex -Xfrontend -serialize-debugging-options -enable-testing -index-store-path /Users/runner/work/orbit/orbit/.ipad-probe/.dd/Index.noindex/DataStore -Xcc -D_LIBCPP_HARDENING_MODE\=_LIBCPP_HARDENING_MODE_DEBUG -swift-version 5 -I /Users/runner/work/orbit/orbit/.ipad-probe/.dd/Build/Products/Debug-iphonesimulator -Isystem /Applications/Xcode_26.6.app/Contents/Developer/Platforms/iPhoneSimulator.platform/Developer/usr/lib -F /Users/runner/work/orbit/orbit/.ipad-probe/.dd/Build/Products/Debug-iphonesimulator -F /Applications/Xcode_26.6.app/Contents/Developer/Platforms/iPhoneSimulator.platform/Developer/Library/Frameworks -F /Applications/Xcode_26.6.app/Contents/Developer/Platforms/iPhoneSimulator.platform/Developer/SDKs/iPhoneSimulator26.5.sdk/Developer/Library/Frameworks -c -j3 -enable-batch-mode -incremental -Xcc -ivfsstatcache -Xcc /Users/runner/work/orbit/orbit/.ipad-probe/.dd/SDKStatCaches.noindex/iphonesimulator26.5-23F81a-688ef53f1462e2c8f657fdc38a81448ff45c64a1807a658693f2a61704f17a36.sdkstatcache -output-file-map /Users/runner/work/orbit/orbit/.ipad-probe/.dd/Build/Intermediates.noindex/IpadProbe.build/Debug-iphonesimulator/IpadProbeUITests.build/Objects-normal/arm64/IpadProbeUITests-OutputFileMap.json -use-frontend-parseable-output -save-temps -no-color-diagnostics -explicit-module-build -module-cache-path /Users/runner/work/orbit/orbit/.ipad-probe/.dd/Build/Intermediates.noindex/SwiftExplicitPrecompiledModules -clang-scanner-module-cache-path /Users/runner/work/orbit/orbit/.ipad-probe/.dd/ModuleCache.noindex -sdk-module-cache-path /Users/runner/work/orbit/orbit/.ipad-probe/.dd/ModuleCache.noindex -serialize-diagnostics -emit-dependencies -emit-module -emit-module-path /Users/runner/work/orbit/orbit/.ipad-probe/.dd/Build/Intermediates.noindex/IpadProbe.build/Debug-iphonesimulator/IpadProbeUITests.build/Objects-normal/arm64/IpadProbeUITests.swiftmodule -validate-clang-modules-once -clang-build-session-file /Users/runner/work/orbit/orbit/.ipad-probe/.dd/ModuleCache.noindex/Session.modulevalidation -Xcc -I/Users/runner/work/orbit/orbit/.ipad-probe/.dd/Build/Intermediates.noindex/IpadProbe.build/Debug-iphonesimulator/IpadProbeUITests.build/swift-overrides.hmap -emit-const-values -Xfrontend -const-gather-protocols-file -Xfrontend /Users/runner/work/orbit/orbit/.ipad-probe/.dd/Build/Intermediates.noindex/IpadProbe.build/Debug-iphonesimulator/IpadProbeUITests.build/Objects-normal/arm64/IpadProbeUITests_const_extract_protocols.json -Xcc -iquote -Xcc /Users/runner/work/orbit/orbit/.ipad-probe/.dd/Build/Intermediates.noindex/IpadProbe.build/Debug-iphonesimulator/IpadProbeUITests.build/IpadProbeUITests-generated-files.hmap -Xcc -I/Users/runner/work/orbit/orbit/.ipad-probe/.dd/Build/Intermediates.noindex/IpadProbe.build/Debug-iphonesimulator/IpadProbeUITests.build/IpadProbeUITests-own-target-headers.hmap -Xcc -I/Users/runner/work/orbit/orbit/.ipad-probe/.dd/Build/Intermediates.noindex/IpadProbe.build/Debug-iphonesimulator/IpadProbeUITests.build/IpadProbeUITests-all-non-framework-target-headers.hmap -Xcc -ivfsoverlay -Xcc /Users/runner/work/orbit/orbit/.ipad-probe/.dd/Build/Intermediates.noindex/IpadProbe.build/Debug-iphonesimulator/IpadProbe-af27921b01a1bbdc34119b89b709bb2d-VFS-iphonesimulator/all-product-headers.yaml -Xcc -iquote -Xcc /Users/runner/work/orbit/orbit/.ipad-probe/.dd/Build/Intermediates.noindex/IpadProbe.build/Debug-iphonesimulator/IpadProbeUITests.build/IpadProbeUITests-project-headers.hmap -Xcc -I/Users/runner/work/orbit/orbit/.ipad-probe/.dd/Build/Products/Debug-iphonesimulator/include -Xcc -I/Users/runner/work/orbit/orbit/.ipad-probe/.dd/Build/Intermediates.noindex/IpadProbe.build/Debug-iphonesimulator/IpadProbeUITests.build/DerivedSources-normal/arm64 -Xcc -I/Users/runner/work/orbit/orbit/.ipad-probe/.dd/Build/Intermediates.noindex/IpadProbe.build/Debug-iphonesimulator/IpadProbeUITests.build/DerivedSources/arm64 -Xcc -I/Users/runner/work/orbit/orbit/.ipad-probe/.dd/Build/Intermediates.noindex/IpadProbe.build/Debug-iphonesimulator/IpadProbeUITests.build/DerivedSources -Xcc -DDEBUG\=1 -emit-objc-header -emit-objc-header-path /Users/runner/work/orbit/orbit/.ipad-probe/.dd/Build/Intermediates.noindex/IpadProbe.build/Debug-iphonesimulator/IpadProbeUITests.build/Objects-normal/arm64/IpadProbeUITests-Swift.h -working-directory /Users/runner/work/orbit/orbit/.ipad-probe -experimental-emit-module-separately -disable-cmo

SwiftDriverJobDiscovery normal arm64 Compiling AccessTokenRow.swift, AccessTokensModel.swift, AccountPauseControls.swift, AddRunnerSheet.swift, AdminModel.swift, AgentIdentity.swift, AgentsModel.swift, AgentsView.swift, AppModel.swift, ApprovalCards.swift, ApprovalReview.swift, AttachedNoteView.swift, AttachmentImageStore.swift, AttachmentViews.swift, AutoRetryCard.swift, BackgroundTaskViews.swift, BackgroundWakeCardView.swift, BatchCreateReview.swift, BrandMarks.swift, CodexResetCreditView.swift, CompactShell.swift, ComposerView.swift, ConfirmationReviewTurnCardViews.swift, ConfirmationStyle.swift, ConsoleModel.swift (in target 'IpadProbe' from project 'IpadProbe')

SwiftDriverJobDiscovery normal arm64 Compiling SessionMessageCardView.swift, SessionMoveSheet.swift, SessionMoveTargetPage.swift, SessionProjectListSupport.swift, SessionProjectPage.swift, SessionRenameAlert.swift, SessionReplyCardView.swift, SessionRowActions.swift, SessionRunStartCard.swift, SessionSearchView.swift, SessionTagViews.swift, SettingsAdminView.swift, SettingsSheet.swift, ShareSheet.swift, SharedLinksModel.swift, SharedPoolsModel.swift, SkillsRunnersView.swift, TaskDetailParts.swift, TaskListParts.swift, TaskRunHandoffCard.swift, TaskStartCardView.swift, TasksModel.swift, TasksView.swift, ToastHost.swift (in target 'IpadProbe' from project 'IpadProbe')

SwiftDriver\ Compilation IpadProbe normal arm64 com.apple.xcode.tools.swift.compiler (in target 'IpadProbe' from project 'IpadProbe')
    cd /Users/runner/work/orbit/orbit/.ipad-probe
    builtin-Swift-Compilation -- /Applications/Xcode_26.6.app/Contents/Developer/Toolchains/XcodeDefault.xctoolchain/usr/bin/swiftc -module-name IpadProbe -Onone @/Users/runner/work/orbit/orbit/.ipad-probe/.dd/Build/Intermediates.noindex/IpadProbe.build/Debug-iphonesimulator/IpadProbe.build/Objects-normal/arm64/IpadProbe.SwiftFileList -DDEBUG -enable-bare-slash-regex -enable-experimental-feature DebugDescriptionMacro -sdk /Applications/Xcode_26.6.app/Contents/Developer/Platforms/iPhoneSimulator.platform/Developer/SDKs/iPhoneSimulator26.5.sdk -target arm64-apple-ios17.0-simulator -g -module-cache-path /Users/runner/work/orbit/orbit/.ipad-probe/.dd/ModuleCache.noindex -Xfrontend -serialize-debugging-options -enable-testing -index-store-path /Users/runner/work/orbit/orbit/.ipad-probe/.dd/Index.noindex/DataStore -Xcc -D_LIBCPP_HARDENING_MODE\=_LIBCPP_HARDENING_MODE_DEBUG -swift-version 5 -I /Users/runner/work/orbit/orbit/.ipad-probe/.dd/Build/Products/Debug-iphonesimulator -F /Users/runner/work/orbit/orbit/.ipad-probe/.dd/Build/Products/Debug-iphonesimulator/PackageFrameworks -F /Users/runner/work/orbit/orbit/.ipad-probe/.dd/Build/Products/Debug-iphonesimulator/PackageFrameworks -F /Users/runner/work/orbit/orbit/.ipad-probe/.dd/Build/Products/Debug-iphonesimulator/PackageFrameworks -F /Users/runner/work/orbit/orbit/.ipad-probe/.dd/Build/Products/Debug-iphonesimulator/PackageFrameworks -F /Users/runner/work/orbit/orbit/.ipad-probe/.dd/Build/Products/Debug-iphonesimulator/PackageFrameworks -F /Users/runner/work/orbit/orbit/.ipad-probe/.dd/Build/Products/Debug-iphonesimulator -c -j3 -enable-batch-mode -incremental -Xcc -ivfsstatcache -Xcc /Users/runner/work/orbit/orbit/.ipad-probe/.dd/SDKStatCaches.noindex/iphonesimulator26.5-23F81a-688ef53f1462e2c8f657fdc38a81448ff45c64a1807a658693f2a61704f17a36.sdkstatcache -output-file-map /Users/runner/work/orbit/orbit/.ipad-probe/.dd/Build/Intermediates.noindex/IpadProbe.build/Debug-iphonesimulator/IpadProbe.build/Objects-normal/arm64/IpadProbe-OutputFileMap.json -use-frontend-parseable-output -save-temps -no-color-diagnostics -explicit-module-build -module-cache-path /Users/runner/work/orbit/orbit/.ipad-probe/.dd/Build/Intermediates.noindex/SwiftExplicitPrecompiledModules -clang-scanner-module-cache-path /Users/runner/work/orbit/orbit/.ipad-probe/.dd/ModuleCache.noindex -sdk-module-cache-path /Users/runner/work/orbit/orbit/.ipad-probe/.dd/ModuleCache.noindex -serialize-diagnostics -emit-dependencies -emit-module -emit-module-path /Users/runner/work/orbit/orbit/.ipad-probe/.dd/Build/Intermediates.noindex/IpadProbe.build/Debug-iphonesimulator/IpadProbe.build/Objects-normal/arm64/IpadProbe.swiftmodule -validate-clang-modules-once -clang-build-session-file /Users/runner/work/orbit/orbit/.ipad-probe/.dd/ModuleCache.noindex/Session.modulevalidation -Xcc -I/Users/runner/work/orbit/orbit/.ipad-probe/.dd/Build/Intermediates.noindex/IpadProbe.build/Debug-iphonesimulator/IpadProbe.build/swift-overrides.hmap -emit-const-values -Xfrontend -const-gather-protocols-file -Xfrontend /Users/runner/work/orbit/orbit/.ipad-probe/.dd/Build/Intermediates.noindex/IpadProbe.build/Debug-iphonesimulator/IpadProbe.build/Objects-normal/arm64/IpadProbe_const_extract_protocols.json -Xcc -iquote -Xcc /Users/runner/work/orbit/orbit/.ipad-probe/.dd/Build/Intermediates.noindex/IpadProbe.build/Debug-iphonesimulator/IpadProbe.build/IpadProbe-generated-files.hmap -Xcc -I/Users/runner/work/orbit/orbit/.ipad-probe/.dd/Build/Intermediates.noindex/IpadProbe.build/Debug-iphonesimulator/IpadProbe.build/IpadProbe-own-target-headers.hmap -Xcc -I/Users/runner/work/orbit/orbit/.ipad-probe/.dd/Build/Intermediates.noindex/IpadProbe.build/Debug-iphonesimulator/IpadProbe.build/IpadProbe-all-non-framework-target-headers.hmap -Xcc -ivfsoverlay -Xcc /Users/runner/work/orbit/orbit/.ipad-probe/.dd/Build/Intermediates.noindex/IpadProbe.build/Debug-iphonesimulator/IpadProbe-af27921b01a1bbdc34119b89b709bb2d-VFS-iphonesimulator/all-product-headers.yaml -Xcc -iquote -Xcc /Users/runner/work/orbit/orbit/.ipad-probe/.dd/Build/Intermediates.noindex/IpadProbe.build/Debug-iphonesimulator/IpadProbe.build/IpadProbe-project-headers.hmap -Xcc -I/Users/runner/work/orbit/orbit/.ipad-probe/.dd/SourcePackages/checkouts/swift-cmark/src/include -Xcc -I/Users/runner/work/orbit/orbit/.ipad-probe/.dd/SourcePackages/checkouts/swift-cmark/extensions/include -Xcc -I/Users/runner/work/orbit/orbit/.ipad-probe/.dd/SourcePackages/checkouts/swift-markdown/Sources/CAtomic/include -Xcc -I/Users/runner/work/orbit/orbit/.ipad-probe/.dd/Build/Products/Debug-iphonesimulator/include -Xcc -I/Users/runner/work/orbit/orbit/.ipad-probe/.dd/Build/Intermediates.noindex/IpadProbe.build/Debug-iphonesimulator/IpadProbe.build/DerivedSources-normal/arm64 -Xcc -I/Users/runner/work/orbit/orbit/.ipad-probe/.dd/Build/Intermediates.noindex/IpadProbe.build/Debug-iphonesimulator/IpadProbe.build/DerivedSources/arm64 -Xcc -I/Users/runner/work/orbit/orbit/.ipad-probe/.dd/Build/Intermediates.noindex/IpadProbe.build/Debug-iphonesimulator/IpadProbe.build/DerivedSources -Xcc -DDEBUG\=1 -emit-objc-header -emit-objc-header-path /Users/runner/work/orbit/orbit/.ipad-probe/.dd/Build/Intermediates.noindex/IpadProbe.build/Debug-iphonesimulator/IpadProbe.build/Objects-normal/arm64/IpadProbe-Swift.h -working-directory /Users/runner/work/orbit/orbit/.ipad-probe -experimental-emit-module-separately -disable-cmo

Ld /Users/runner/work/orbit/orbit/.ipad-probe/.dd/Build/Products/Debug-iphonesimulator/IpadProbe.app/IpadProbe.debug.dylib normal (in target 'IpadProbe' from project 'IpadProbe')
    cd /Users/runner/work/orbit/orbit/.ipad-probe
    /Applications/Xcode_26.6.app/Contents/Developer/Toolchains/XcodeDefault.xctoolchain/usr/bin/clang -Xlinker -reproducible -target arm64-apple-ios17.0-simulator -dynamiclib -isysroot /Applications/Xcode_26.6.app/Contents/Developer/Platforms/iPhoneSimulator.platform/Developer/SDKs/iPhoneSimulator26.5.sdk -O0 -L/Users/runner/work/orbit/orbit/.ipad-probe/.dd/Build/Intermediates.noindex/EagerLinkingTBDs/Debug-iphonesimulator -L/Users/runner/work/orbit/orbit/.ipad-probe/.dd/Build/Products/Debug-iphonesimulator -F/Users/runner/work/orbit/orbit/.ipad-probe/.dd/Build/Intermediates.noindex/EagerLinkingTBDs/Debug-iphonesimulator -F/Users/runner/work/orbit/orbit/.ipad-probe/.dd/Build/Products/Debug-iphonesimulator/PackageFrameworks -F/Users/runner/work/orbit/orbit/.ipad-probe/.dd/Build/Products/Debug-iphonesimulator/PackageFrameworks -F/Users/runner/work/orbit/orbit/.ipad-probe/.dd/Build/Products/Debug-iphonesimulator/PackageFrameworks -F/Users/runner/work/orbit/orbit/.ipad-probe/.dd/Build/Products/Debug-iphonesimulator/PackageFrameworks -F/Users/runner/work/orbit/orbit/.ipad-probe/.dd/Build/Products/Debug-iphonesimulator/PackageFrameworks -F/Users/runner/work/orbit/orbit/.ipad-probe/.dd/Build/Products/Debug-iphonesimulator -filelist /Users/runner/work/orbit/orbit/.ipad-probe/.dd/Build/Intermediates.noindex/IpadProbe.build/Debug-iphonesimulator/IpadProbe.build/Objects-normal/arm64/IpadProbe.LinkFileList -install_name @rpath/IpadProbe.debug.dylib -Xlinker -rpath -Xlinker /usr/lib/swift -Xlinker -rpath -Xlinker /Users/runner/work/orbit/orbit/.ipad-probe/.dd/Build/Products/Debug-iphonesimulator/PackageFrameworks -Xlinker -rpath -Xlinker @executable_path/Frameworks -Xlinker -dead_strip -Xlinker -object_path_lto -Xlinker /Users/runner/work/orbit/orbit/.ipad-probe/.dd/Build/Intermediates.noindex/IpadProbe.build/Debug-iphonesimulator/IpadProbe.build/Objects-normal/arm64/IpadProbe_lto.o -rdynamic -Xlinker -no_deduplicate -Xlinker -objc_abi_version -Xlinker 2 -Xlinker -dependency_info -Xlinker /Users/runner/work/orbit/orbit/.ipad-probe/.dd/Build/Intermediates.noindex/IpadProbe.build/Debug-iphonesimulator/IpadProbe.build/Objects-normal/arm64/IpadProbe_dependency_info.dat -fobjc-link-runtime -L/Applications/Xcode_26.6.app/Contents/Developer/Toolchains/XcodeDefault.xctoolchain/usr/lib/swift/iphonesimulator -L/usr/lib/swift -Xlinker -add_ast_path -Xlinker /Users/runner/work/orbit/orbit/.ipad-probe/.dd/Build/Intermediates.noindex/IpadProbe.build/Debug-iphonesimulator/IpadProbe.build/Objects-normal/arm64/IpadProbe.swiftmodule @/Users/runner/work/orbit/orbit/.ipad-probe/.dd/Build/Intermediates.noindex/IpadProbe.build/Debug-iphonesimulator/IpadProbe.build/Objects-normal/arm64/IpadProbe-linker-args.resp -Wl,-no_warn_duplicate_libraries -Wl,-no_warn_duplicate_libraries -Wl,-no_warn_duplicate_libraries -Wl,-no_warn_duplicate_libraries -Wl,-no_warn_duplicate_libraries -Xlinker -alias -Xlinker _main -Xlinker ___debug_main_executable_dylib_entry_point -Xlinker -no_adhoc_codesign -o /Users/runner/work/orbit/orbit/.ipad-probe/.dd/Build/Products/Debug-iphonesimulator/IpadProbe.app/IpadProbe.debug.dylib -Xlinker -add_ast_path -Xlinker /Users/runner/work/orbit/orbit/.ipad-probe/.dd/Build/Intermediates.noindex/OrbitKit.build/Debug-iphonesimulator/OrbitKit.build/Objects-normal/arm64/OrbitKit.swiftmodule @/Users/runner/work/orbit/orbit/.ipad-probe/.dd/Build/Intermediates.noindex/OrbitKit.build/Debug-iphonesimulator/OrbitKit.build/Objects-normal/arm64/OrbitKit-linker-args.resp -Xlinker -add_ast_path -Xlinker /Users/runner/work/orbit/orbit/.ipad-probe/.dd/Build/Intermediates.noindex/swift-markdown.build/Debug-iphonesimulator/Markdown.build/Objects-normal/arm64/Markdown.swiftmodule @/Users/runner/work/orbit/orbit/.ipad-probe/.dd/Build/Intermediates.noindex/swift-markdown.build/Debug-iphonesimulator/Markdown.build/Objects-normal/arm64/Markdown-linker-args.resp

ConstructStubExecutorLinkFileList /Users/runner/work/orbit/orbit/.ipad-probe/.dd/Build/Intermediates.noindex/IpadProbe.build/Debug-iphonesimulator/IpadProbe.build/IpadProbe-ExecutorLinkFileList-normal-arm64.txt (in target 'IpadProbe' from project 'IpadProbe')
    cd /Users/runner/work/orbit/orbit/.ipad-probe
    construct-stub-executor-link-file-list /Users/runner/work/orbit/orbit/.ipad-probe/.dd/Build/Products/Debug-iphonesimulator/IpadProbe.app/IpadProbe.debug.dylib /Applications/Xcode_26.6.app/Contents/Developer/Platforms/iPhoneSimulator.platform/Developer/usr/lib/libPreviewsJITStubExecutor_no_swift_entry_point.a /Applications/Xcode_26.6.app/Contents/Developer/Platforms/iPhoneSimulator.platform/Developer/usr/lib/libPreviewsJITStubExecutor.a --output /Users/runner/work/orbit/orbit/.ipad-probe/.dd/Build/Intermediates.noindex/IpadProbe.build/Debug-iphonesimulator/IpadProbe.build/IpadProbe-ExecutorLinkFileList-normal-arm64.txt
note: Using stub executor library with Swift entry point. (in target 'IpadProbe' from project 'IpadProbe')

Ld /Users/runner/work/orbit/orbit/.ipad-probe/.dd/Build/Products/Debug-iphonesimulator/IpadProbe.app/IpadProbe normal (in target 'IpadProbe' from project 'IpadProbe')
    cd /Users/runner/work/orbit/orbit/.ipad-probe
    /Applications/Xcode_26.6.app/Contents/Developer/Toolchains/XcodeDefault.xctoolchain/usr/bin/clang -Xlinker -reproducible -target arm64-apple-ios17.0-simulator -isysroot /Applications/Xcode_26.6.app/Contents/Developer/Platforms/iPhoneSimulator.platform/Developer/SDKs/iPhoneSimulator26.5.sdk -O0 -L/Users/runner/work/orbit/orbit/.ipad-probe/.dd/Build/Products/Debug-iphonesimulator -F/Users/runner/work/orbit/orbit/.ipad-probe/.dd/Build/Products/Debug-iphonesimulator/PackageFrameworks -F/Users/runner/work/orbit/orbit/.ipad-probe/.dd/Build/Products/Debug-iphonesimulator/PackageFrameworks -F/Users/runner/work/orbit/orbit/.ipad-probe/.dd/Build/Products/Debug-iphonesimulator/PackageFrameworks -F/Users/runner/work/orbit/orbit/.ipad-probe/.dd/Build/Products/Debug-iphonesimulator/PackageFrameworks -F/Users/runner/work/orbit/orbit/.ipad-probe/.dd/Build/Products/Debug-iphonesimulator/PackageFrameworks -F/Users/runner/work/orbit/orbit/.ipad-probe/.dd/Build/Products/Debug-iphonesimulator -Xlinker -rpath -Xlinker @executable_path -Xlinker -rpath -Xlinker /Users/runner/work/orbit/orbit/.ipad-probe/.dd/Build/Products/Debug-iphonesimulator/PackageFrameworks -Xlinker -rpath -Xlinker @executable_path/Frameworks -rdynamic -Xlinker -no_deduplicate -Xlinker -objc_abi_version -Xlinker 2 -e ___debug_blank_executor_main -Xlinker -sectcreate -Xlinker __TEXT -Xlinker __debug_dylib -Xlinker /Users/runner/work/orbit/orbit/.ipad-probe/.dd/Build/Intermediates.noindex/IpadProbe.build/Debug-iphonesimulator/IpadProbe.build/IpadProbe-DebugDylibPath-normal-arm64.txt -Xlinker -sectcreate -Xlinker __TEXT -Xlinker __debug_instlnm -Xlinker /Users/runner/work/orbit/orbit/.ipad-probe/.dd/Build/Intermediates.noindex/IpadProbe.build/Debug-iphonesimulator/IpadProbe.build/IpadProbe-DebugDylibInstallName-normal-arm64.txt -Xlinker -filelist -Xlinker /Users/runner/work/orbit/orbit/.ipad-probe/.dd/Build/Intermediates.noindex/IpadProbe.build/Debug-iphonesimulator/IpadProbe.build/IpadProbe-ExecutorLinkFileList-normal-arm64.txt -Xlinker -sectcreate -Xlinker __TEXT -Xlinker __entitlements -Xlinker /Users/runner/work/orbit/orbit/.ipad-probe/.dd/Build/Intermediates.noindex/IpadProbe.build/Debug-iphonesimulator/IpadProbe.build/IpadProbe.app-Simulated.xcent -Xlinker -sectcreate -Xlinker __TEXT -Xlinker __ents_der -Xlinker /Users/runner/work/orbit/orbit/.ipad-probe/.dd/Build/Intermediates.noindex/IpadProbe.build/Debug-iphonesimulator/IpadProbe.build/IpadProbe.app-Simulated.xcent.der /Users/runner/work/orbit/orbit/.ipad-probe/.dd/Build/Products/Debug-iphonesimulator/IpadProbe.app/IpadProbe.debug.dylib -Xlinker -no_adhoc_codesign -o /Users/runner/work/orbit/orbit/.ipad-probe/.dd/Build/Products/Debug-iphonesimulator/IpadProbe.app/IpadProbe

CopySwiftLibs /Users/runner/work/orbit/orbit/.ipad-probe/.dd/Build/Products/Debug-iphonesimulator/IpadProbe.app (in target 'IpadProbe' from project 'IpadProbe')
    cd /Users/runner/work/orbit/orbit/.ipad-probe
    builtin-swiftStdLibTool --copy --verbose --sign - --scan-executable /Users/runner/work/orbit/orbit/.ipad-probe/.dd/Build/Products/Debug-iphonesimulator/IpadProbe.app/IpadProbe.debug.dylib --scan-folder /Users/runner/work/orbit/orbit/.ipad-probe/.dd/Build/Products/Debug-iphonesimulator/IpadProbe.app/Frameworks --scan-folder /Users/runner/work/orbit/orbit/.ipad-probe/.dd/Build/Products/Debug-iphonesimulator/IpadProbe.app/PlugIns --scan-folder /Users/runner/work/orbit/orbit/.ipad-probe/.dd/Build/Products/Debug-iphonesimulator/IpadProbe.app/SystemExtensions --scan-folder /Users/runner/work/orbit/orbit/.ipad-probe/.dd/Build/Products/Debug-iphonesimulator/IpadProbe.app/Extensions --platform iphonesimulator --toolchain /var/run/com.apple.security.cryptexd/mnt/com.apple.MobileAsset.MetalToolchain-v17.6.109.0.YAbSLJ/Metal.xctoolchain --toolchain /Applications/Xcode_26.6.app/Contents/Developer/Toolchains/XcodeDefault.xctoolchain --destination /Users/runner/work/orbit/orbit/.ipad-probe/.dd/Build/Products/Debug-iphonesimulator/IpadProbe.app/Frameworks --strip-bitcode --strip-bitcode-tool /Applications/Xcode_26.6.app/Contents/Developer/Toolchains/XcodeDefault.xctoolchain/usr/bin/bitcode_strip --emit-dependency-info /Users/runner/work/orbit/orbit/.ipad-probe/.dd/Build/Intermediates.noindex/IpadProbe.build/Debug-iphonesimulator/IpadProbe.build/SwiftStdLibToolInputDependencies.dep --filter-for-swift-os

ExtractAppIntentsMetadata (in target 'IpadProbe' from project 'IpadProbe')
    cd /Users/runner/work/orbit/orbit/.ipad-probe
    /Applications/Xcode_26.6.app/Contents/Developer/Toolchains/XcodeDefault.xctoolchain/usr/bin/appintentsmetadataprocessor --toolchain-dir /var/run/com.apple.security.cryptexd/mnt/com.apple.MobileAsset.MetalToolchain-v17.6.109.0.YAbSLJ/Metal.xctoolchain --module-name IpadProbe --sdk-root /Applications/Xcode_26.6.app/Contents/Developer/Platforms/iPhoneSimulator.platform/Developer/SDKs/iPhoneSimulator26.5.sdk --xcode-version 17F113 --platform-family iOS --deployment-target 17.0 --bundle-identifier io.orbitd.ipadprobe --output /Users/runner/work/orbit/orbit/.ipad-probe/.dd/Build/Products/Debug-iphonesimulator/IpadProbe.app --target-triple arm64-apple-ios17.0-simulator --binary-file /Users/runner/work/orbit/orbit/.ipad-probe/.dd/Build/Products/Debug-iphonesimulator/IpadProbe.app/IpadProbe --dependency-file /Users/runner/work/orbit/orbit/.ipad-probe/.dd/Build/Intermediates.noindex/IpadProbe.build/Debug-iphonesimulator/IpadProbe.build/Objects-normal/arm64/IpadProbe_dependency_info.dat --stringsdata-file /Users/runner/work/orbit/orbit/.ipad-probe/.dd/Build/Intermediates.noindex/IpadProbe.build/Debug-iphonesimulator/IpadProbe.build/Objects-normal/arm64/ExtractedAppShortcutsMetadata.stringsdata --source-file-list /Users/runner/work/orbit/orbit/.ipad-probe/.dd/Build/Intermediates.noindex/IpadProbe.build/Debug-iphonesimulator/IpadProbe.build/Objects-normal/arm64/IpadProbe.SwiftFileList --metadata-file-list /Users/runner/work/orbit/orbit/.ipad-probe/.dd/Build/Intermediates.noindex/IpadProbe.build/Debug-iphonesimulator/IpadProbe.build/IpadProbe.DependencyMetadataFileList --static-metadata-file-list /Users/runner/work/orbit/orbit/.ipad-probe/.dd/Build/Intermediates.noindex/IpadProbe.build/Debug-iphonesimulator/IpadProbe.build/IpadProbe.DependencyStaticMetadataFileList --swift-const-vals-list /Users/runner/work/orbit/orbit/.ipad-probe/.dd/Build/Intermediates.noindex/IpadProbe.build/Debug-iphonesimulator/IpadProbe.build/Objects-normal/arm64/IpadProbe.SwiftConstValuesFileList --compile-time-extraction --deployment-aware-processing --validate-assistant-intents --no-app-shortcuts-localization
2026-10-10 03:16:30.422 appintentsmetadataprocessor[40616:106652] Starting appintentsmetadataprocessor export
2026-10-10 03:16:30.433 appintentsmetadataprocessor[40616:106652] warning: Metadata extraction skipped. No AppIntents.framework dependency found.

AppIntentsSSUTraining (in target 'IpadProbe' from project 'IpadProbe')
    cd /Users/runner/work/orbit/orbit/.ipad-probe
    /Applications/Xcode_26.6.app/Contents/Developer/Toolchains/XcodeDefault.xctoolchain/usr/bin/appintentsnltrainingprocessor --infoplist-path /Users/runner/work/orbit/orbit/.ipad-probe/.dd/Build/Products/Debug-iphonesimulator/IpadProbe.app/Info.plist --temp-dir-path /Users/runner/work/orbit/orbit/.ipad-probe/.dd/Build/Intermediates.noindex/IpadProbe.build/Debug-iphonesimulator/IpadProbe.build/ssu --bundle-id io.orbitd.ipadprobe --product-path /Users/runner/work/orbit/orbit/.ipad-probe/.dd/Build/Products/Debug-iphonesimulator/IpadProbe.app --extracted-metadata-path /Users/runner/work/orbit/orbit/.ipad-probe/.dd/Build/Products/Debug-iphonesimulator/IpadProbe.app/Metadata.appintents --metadata-file-list /Users/runner/work/orbit/orbit/.ipad-probe/.dd/Build/Intermediates.noindex/IpadProbe.build/Debug-iphonesimulator/IpadProbe.build/IpadProbe.DependencyMetadataFileList --source-file /Users/runner/work/orbit/orbit/.ipad-probe/.dd/Build/Products/Debug-iphonesimulator/IpadProbe.app/Info.plist --archive-ssu-assets
2026-10-10 03:16:30.498 appintentsnltrainingprocessor[40617:106658] Parsing options for appintentsnltrainingprocessor
2026-10-10 03:16:30.499 appintentsnltrainingprocessor[40617:106658] Starting AppIntents SSU YAML Generation
2026-10-10 03:16:30.504 appintentsnltrainingprocessor[40617:106658] No AppShortcuts found - Skipping.

CodeSign /Users/runner/work/orbit/orbit/.ipad-probe/.dd/Build/Products/Debug-iphonesimulator/IpadProbe.app/IpadProbe.debug.dylib (in target 'IpadProbe' from project 'IpadProbe')
    cd /Users/runner/work/orbit/orbit/.ipad-probe
    
    Signing Identity:     "Sign to Run Locally"
    
    /usr/bin/codesign --force --sign - --timestamp\=none --generate-entitlement-der /Users/runner/work/orbit/orbit/.ipad-probe/.dd/Build/Products/Debug-iphonesimulator/IpadProbe.app/IpadProbe.debug.dylib

CodeSign /Users/runner/work/orbit/orbit/.ipad-probe/.dd/Build/Products/Debug-iphonesimulator/IpadProbe.app/__preview.dylib (in target 'IpadProbe' from project 'IpadProbe')
    cd /Users/runner/work/orbit/orbit/.ipad-probe
    
    Signing Identity:     "Sign to Run Locally"
    
    /usr/bin/codesign --force --sign - --timestamp\=none --generate-entitlement-der /Users/runner/work/orbit/orbit/.ipad-probe/.dd/Build/Products/Debug-iphonesimulator/IpadProbe.app/__preview.dylib

CodeSign /Users/runner/work/orbit/orbit/.ipad-probe/.dd/Build/Products/Debug-iphonesimulator/IpadProbe.app (in target 'IpadProbe' from project 'IpadProbe')
    cd /Users/runner/work/orbit/orbit/.ipad-probe
    
    Signing Identity:     "Sign to Run Locally"
    
    /usr/bin/codesign --force --sign - --timestamp\=none --generate-entitlement-der /Users/runner/work/orbit/orbit/.ipad-probe/.dd/Build/Products/Debug-iphonesimulator/IpadProbe.app

RegisterExecutionPolicyException /Users/runner/work/orbit/orbit/.ipad-probe/.dd/Build/Products/Debug-iphonesimulator/IpadProbe.app (in target 'IpadProbe' from project 'IpadProbe')
    cd /Users/runner/work/orbit/orbit/.ipad-probe
    builtin-RegisterExecutionPolicyException /Users/runner/work/orbit/orbit/.ipad-probe/.dd/Build/Products/Debug-iphonesimulator/IpadProbe.app

Validate /Users/runner/work/orbit/orbit/.ipad-probe/.dd/Build/Products/Debug-iphonesimulator/IpadProbe.app (in target 'IpadProbe' from project 'IpadProbe')
    cd /Users/runner/work/orbit/orbit/.ipad-probe
    builtin-validationUtility /Users/runner/work/orbit/orbit/.ipad-probe/.dd/Build/Products/Debug-iphonesimulator/IpadProbe.app -shallow-bundle -infoplist-subpath Info.plist

Touch /Users/runner/work/orbit/orbit/.ipad-probe/.dd/Build/Products/Debug-iphonesimulator/IpadProbe.app (in target 'IpadProbe' from project 'IpadProbe')
    cd /Users/runner/work/orbit/orbit/.ipad-probe
    /usr/bin/touch -c /Users/runner/work/orbit/orbit/.ipad-probe/.dd/Build/Products/Debug-iphonesimulator/IpadProbe.app

Ld /Users/runner/work/orbit/orbit/.ipad-probe/.dd/Build/Products/Debug-iphonesimulator/IpadProbeUITests-Runner.app/PlugIns/IpadProbeUITests.xctest/IpadProbeUITests normal (in target 'IpadProbeUITests' from project 'IpadProbe')
    cd /Users/runner/work/orbit/orbit/.ipad-probe
    /Applications/Xcode_26.6.app/Contents/Developer/Toolchains/XcodeDefault.xctoolchain/usr/bin/clang -Xlinker -reproducible -target arm64-apple-ios17.0-simulator -bundle -isysroot /Applications/Xcode_26.6.app/Contents/Developer/Platforms/iPhoneSimulator.platform/Developer/SDKs/iPhoneSimulator26.5.sdk -O0 -L/Users/runner/work/orbit/orbit/.ipad-probe/.dd/Build/Intermediates.noindex/EagerLinkingTBDs/Debug-iphonesimulator -L/Users/runner/work/orbit/orbit/.ipad-probe/.dd/Build/Products/Debug-iphonesimulator -L/Applications/Xcode_26.6.app/Contents/Developer/Platforms/iPhoneSimulator.platform/Developer/usr/lib -F/Users/runner/work/orbit/orbit/.ipad-probe/.dd/Build/Intermediates.noindex/EagerLinkingTBDs/Debug-iphonesimulator -F/Users/runner/work/orbit/orbit/.ipad-probe/.dd/Build/Products/Debug-iphonesimulator -iframework /Applications/Xcode_26.6.app/Contents/Developer/Platforms/iPhoneSimulator.platform/Developer/Library/Frameworks -iframework /Applications/Xcode_26.6.app/Contents/Developer/Platforms/iPhoneSimulator.platform/Developer/SDKs/iPhoneSimulator26.5.sdk/Developer/Library/Frameworks -filelist /Users/runner/work/orbit/orbit/.ipad-probe/.dd/Build/Intermediates.noindex/IpadProbe.build/Debug-iphonesimulator/IpadProbeUITests.build/Objects-normal/arm64/IpadProbeUITests.LinkFileList -Xlinker -rpath -Xlinker /usr/lib/swift -Xlinker -rpath -Xlinker @loader_path/Frameworks -Xlinker -rpath -Xlinker @executable_path/Frameworks -Xlinker -dead_strip -Xlinker -object_path_lto -Xlinker /Users/runner/work/orbit/orbit/.ipad-probe/.dd/Build/Intermediates.noindex/IpadProbe.build/Debug-iphonesimulator/IpadProbeUITests.build/Objects-normal/arm64/IpadProbeUITests_lto.o -rdynamic -Xlinker -no_deduplicate -Xlinker -objc_abi_version -Xlinker 2 -Xlinker -dependency_info -Xlinker /Users/runner/work/orbit/orbit/.ipad-probe/.dd/Build/Intermediates.noindex/IpadProbe.build/Debug-iphonesimulator/IpadProbeUITests.build/Objects-normal/arm64/IpadProbeUITests_dependency_info.dat -fobjc-link-runtime -L/Applications/Xcode_26.6.app/Contents/Developer/Toolchains/XcodeDefault.xctoolchain/usr/lib/swift/iphonesimulator -L/usr/lib/swift -Xlinker -add_ast_path -Xlinker /Users/runner/work/orbit/orbit/.ipad-probe/.dd/Build/Intermediates.noindex/IpadProbe.build/Debug-iphonesimulator/IpadProbeUITests.build/Objects-normal/arm64/IpadProbeUITests.swiftmodule @/Users/runner/work/orbit/orbit/.ipad-probe/.dd/Build/Intermediates.noindex/IpadProbe.build/Debug-iphonesimulator/IpadProbeUITests.build/Objects-normal/arm64/IpadProbeUITests-linker-args.resp -Xlinker -needed_framework -Xlinker XCTest -framework XCTest -Xlinker -needed-lXCTestSwiftSupport -lXCTestSwiftSupport -Xlinker -sectcreate -Xlinker __TEXT -Xlinker __entitlements -Xlinker /Users/runner/work/orbit/orbit/.ipad-probe/.dd/Build/Intermediates.noindex/IpadProbe.build/Debug-iphonesimulator/IpadProbeUITests.build/IpadProbeUITests.xctest-Simulated.xcent -Xlinker -sectcreate -Xlinker __TEXT -Xlinker __ents_der -Xlinker /Users/runner/work/orbit/orbit/.ipad-probe/.dd/Build/Intermediates.noindex/IpadProbe.build/Debug-iphonesimulator/IpadProbeUITests.build/IpadProbeUITests.xctest-Simulated.xcent.der -Xlinker -no_adhoc_codesign -o /Users/runner/work/orbit/orbit/.ipad-probe/.dd/Build/Products/Debug-iphonesimulator/IpadProbeUITests-Runner.app/PlugIns/IpadProbeUITests.xctest/IpadProbeUITests

ProcessInfoPlistFile /Users/runner/work/orbit/orbit/.ipad-probe/.dd/Build/Products/Debug-iphonesimulator/IpadProbeUITests-Runner.app/PlugIns/IpadProbeUITests.xctest/Info.plist /Users/runner/work/orbit/orbit/.ipad-probe/.dd/Build/Intermediates.noindex/IpadProbe.build/Debug-iphonesimulator/IpadProbeUITests.build/empty-IpadProbeUITests.plist (in target 'IpadProbeUITests' from project 'IpadProbe')
    cd /Users/runner/work/orbit/orbit/.ipad-probe
    builtin-infoPlistUtility /Users/runner/work/orbit/orbit/.ipad-probe/.dd/Build/Intermediates.noindex/IpadProbe.build/Debug-iphonesimulator/IpadProbeUITests.build/empty-IpadProbeUITests.plist -producttype com.apple.product-type.bundle.ui-testing -expandbuildsettings -format binary -platform iphonesimulator -additionalcontentfile /Users/runner/work/orbit/orbit/.ipad-probe/.dd/Build/Intermediates.noindex/IpadProbe.build/Debug-iphonesimulator/IpadProbeUITests.build/ProductTypeInfoPlistAdditions.plist -o /Users/runner/work/orbit/orbit/.ipad-probe/.dd/Build/Products/Debug-iphonesimulator/IpadProbeUITests-Runner.app/PlugIns/IpadProbeUITests.xctest/Info.plist

ExtractAppIntentsMetadata (in target 'IpadProbeUITests' from project 'IpadProbe')
    cd /Users/runner/work/orbit/orbit/.ipad-probe
    /Applications/Xcode_26.6.app/Contents/Developer/Toolchains/XcodeDefault.xctoolchain/usr/bin/appintentsmetadataprocessor --toolchain-dir /var/run/com.apple.security.cryptexd/mnt/com.apple.MobileAsset.MetalToolchain-v17.6.109.0.YAbSLJ/Metal.xctoolchain --module-name IpadProbeUITests --sdk-root /Applications/Xcode_26.6.app/Contents/Developer/Platforms/iPhoneSimulator.platform/Developer/SDKs/iPhoneSimulator26.5.sdk --xcode-version 17F113 --platform-family iOS --deployment-target 17.0 --bundle-identifier io.orbitd.ipadprobe.uitests --output /Users/runner/work/orbit/orbit/.ipad-probe/.dd/Build/Products/Debug-iphonesimulator/IpadProbeUITests-Runner.app/PlugIns/IpadProbeUITests.xctest --target-triple arm64-apple-ios17.0-simulator --binary-file /Users/runner/work/orbit/orbit/.ipad-probe/.dd/Build/Products/Debug-iphonesimulator/IpadProbeUITests-Runner.app/PlugIns/IpadProbeUITests.xctest/IpadProbeUITests --dependency-file /Users/runner/work/orbit/orbit/.ipad-probe/.dd/Build/Intermediates.noindex/IpadProbe.build/Debug-iphonesimulator/IpadProbeUITests.build/Objects-normal/arm64/IpadProbeUITests_dependency_info.dat --stringsdata-file /Users/runner/work/orbit/orbit/.ipad-probe/.dd/Build/Intermediates.noindex/IpadProbe.build/Debug-iphonesimulator/IpadProbeUITests.build/Objects-normal/arm64/ExtractedAppShortcutsMetadata.stringsdata --source-file-list /Users/runner/work/orbit/orbit/.ipad-probe/.dd/Build/Intermediates.noindex/IpadProbe.build/Debug-iphonesimulator/IpadProbeUITests.build/Objects-normal/arm64/IpadProbeUITests.SwiftFileList --metadata-file-list /Users/runner/work/orbit/orbit/.ipad-probe/.dd/Build/Intermediates.noindex/IpadProbe.build/Debug-iphonesimulator/IpadProbeUITests.build/IpadProbeUITests.DependencyMetadataFileList --static-metadata-file-list /Users/runner/work/orbit/orbit/.ipad-probe/.dd/Build/Intermediates.noindex/IpadProbe.build/Debug-iphonesimulator/IpadProbeUITests.build/IpadProbeUITests.DependencyStaticMetadataFileList --swift-const-vals-list /Users/runner/work/orbit/orbit/.ipad-probe/.dd/Build/Intermediates.noindex/IpadProbe.build/Debug-iphonesimulator/IpadProbeUITests.build/Objects-normal/arm64/IpadProbeUITests.SwiftConstValuesFileList --compile-time-extraction --deployment-aware-processing --validate-assistant-intents --no-app-shortcuts-localization
2026-10-10 03:16:31.522 appintentsmetadataprocessor[40628:106720] Starting appintentsmetadataprocessor export
2026-10-10 03:16:31.524 appintentsmetadataprocessor[40628:106720] warning: Metadata extraction skipped. No AppIntents.framework dependency found.

CopySwiftLibs /Users/runner/work/orbit/orbit/.ipad-probe/.dd/Build/Products/Debug-iphonesimulator/IpadProbeUITests-Runner.app/PlugIns/IpadProbeUITests.xctest (in target 'IpadProbeUITests' from project 'IpadProbe')
    cd /Users/runner/work/orbit/orbit/.ipad-probe
    builtin-swiftStdLibTool --copy --verbose --sign - --scan-executable /Users/runner/work/orbit/orbit/.ipad-probe/.dd/Build/Products/Debug-iphonesimulator/IpadProbeUITests-Runner.app/PlugIns/IpadProbeUITests.xctest/IpadProbeUITests --scan-folder /Users/runner/work/orbit/orbit/.ipad-probe/.dd/Build/Products/Debug-iphonesimulator/IpadProbeUITests-Runner.app/PlugIns/IpadProbeUITests.xctest/Frameworks --scan-folder /Users/runner/work/orbit/orbit/.ipad-probe/.dd/Build/Products/Debug-iphonesimulator/IpadProbeUITests-Runner.app/PlugIns/IpadProbeUITests.xctest/PlugIns --scan-folder /Users/runner/work/orbit/orbit/.ipad-probe/.dd/Build/Products/Debug-iphonesimulator/IpadProbeUITests-Runner.app/PlugIns/IpadProbeUITests.xctest/SystemExtensions --scan-folder /Users/runner/work/orbit/orbit/.ipad-probe/.dd/Build/Products/Debug-iphonesimulator/IpadProbeUITests-Runner.app/PlugIns/IpadProbeUITests.xctest/Extensions --platform iphonesimulator --toolchain /var/run/com.apple.security.cryptexd/mnt/com.apple.MobileAsset.MetalToolchain-v17.6.109.0.YAbSLJ/Metal.xctoolchain --toolchain /Applications/Xcode_26.6.app/Contents/Developer/Toolchains/XcodeDefault.xctoolchain --destination /Users/runner/work/orbit/orbit/.ipad-probe/.dd/Build/Products/Debug-iphonesimulator/IpadProbeUITests-Runner.app/PlugIns/IpadProbeUITests.xctest/Frameworks --strip-bitcode --scan-executable /Applications/Xcode_26.6.app/Contents/Developer/Platforms/iPhoneSimulator.platform/Developer/usr/lib/libXCTestSwiftSupport.dylib --strip-bitcode-tool /Applications/Xcode_26.6.app/Contents/Developer/Toolchains/XcodeDefault.xctoolchain/usr/bin/bitcode_strip --emit-dependency-info /Users/runner/work/orbit/orbit/.ipad-probe/.dd/Build/Intermediates.noindex/IpadProbe.build/Debug-iphonesimulator/IpadProbeUITests.build/SwiftStdLibToolInputDependencies.dep --filter-for-swift-os

AppIntentsSSUTraining (in target 'IpadProbeUITests' from project 'IpadProbe')
    cd /Users/runner/work/orbit/orbit/.ipad-probe
    /Applications/Xcode_26.6.app/Contents/Developer/Toolchains/XcodeDefault.xctoolchain/usr/bin/appintentsnltrainingprocessor --infoplist-path /Users/runner/work/orbit/orbit/.ipad-probe/.dd/Build/Products/Debug-iphonesimulator/IpadProbeUITests-Runner.app/PlugIns/IpadProbeUITests.xctest/Info.plist --temp-dir-path /Users/runner/work/orbit/orbit/.ipad-probe/.dd/Build/Intermediates.noindex/IpadProbe.build/Debug-iphonesimulator/IpadProbeUITests.build/ssu --bundle-id io.orbitd.ipadprobe.uitests --product-path /Users/runner/work/orbit/orbit/.ipad-probe/.dd/Build/Products/Debug-iphonesimulator/IpadProbeUITests-Runner.app/PlugIns/IpadProbeUITests.xctest --extracted-metadata-path /Users/runner/work/orbit/orbit/.ipad-probe/.dd/Build/Products/Debug-iphonesimulator/IpadProbeUITests-Runner.app/PlugIns/IpadProbeUITests.xctest/Metadata.appintents --metadata-file-list /Users/runner/work/orbit/orbit/.ipad-probe/.dd/Build/Intermediates.noindex/IpadProbe.build/Debug-iphonesimulator/IpadProbeUITests.build/IpadProbeUITests.DependencyMetadataFileList --source-file /Users/runner/work/orbit/orbit/.ipad-probe/.dd/Build/Products/Debug-iphonesimulator/IpadProbeUITests-Runner.app/PlugIns/IpadProbeUITests.xctest/Info.plist --archive-ssu-assets
2026-10-10 03:16:31.552 appintentsnltrainingprocessor[40629:106722] Parsing options for appintentsnltrainingprocessor
2026-10-10 03:16:31.552 appintentsnltrainingprocessor[40629:106722] Starting AppIntents SSU YAML Generation
2026-10-10 03:16:31.552 appintentsnltrainingprocessor[40629:106722] No AppShortcuts found - Skipping.

MkDir /Users/runner/work/orbit/orbit/.ipad-probe/.dd/Build/Products/Debug-iphonesimulator/IpadProbeUITests-Runner.app (in target 'IpadProbeUITests' from project 'IpadProbe')
    cd /Users/runner/work/orbit/orbit/.ipad-probe
    /bin/mkdir -p /Users/runner/work/orbit/orbit/.ipad-probe/.dd/Build/Products/Debug-iphonesimulator/IpadProbeUITests-Runner.app

CopyAndPreserveArchs /Users/runner/work/orbit/orbit/.ipad-probe/.dd/Build/Products/Debug-iphonesimulator/IpadProbeUITests-Runner.app/IpadProbeUITests-Runner (in target 'IpadProbeUITests' from project 'IpadProbe')
    cd /Users/runner/work/orbit/orbit/.ipad-probe
    /Applications/Xcode_26.6.app/Contents/Developer/Toolchains/XcodeDefault.xctoolchain/usr/bin/lipo /Applications/Xcode_26.6.app/Contents/Developer/Platforms/iPhoneSimulator.platform/Developer/Library/Xcode/Agents/XCTRunner.app/XCTRunner -output /Users/runner/work/orbit/orbit/.ipad-probe/.dd/Build/Products/Debug-iphonesimulator/IpadProbeUITests-Runner.app/IpadProbeUITests-Runner -extract arm64

CopyPlistFile /Users/runner/work/orbit/orbit/.ipad-probe/.dd/Build/Products/Debug-iphonesimulator/IpadProbeUITests-Runner.app/Info.plist /Applications/Xcode_26.6.app/Contents/Developer/Platforms/iPhoneSimulator.platform/Developer/Library/Xcode/Agents/XCTRunner.app/Info.plist (in target 'IpadProbeUITests' from project 'IpadProbe')
    cd /Users/runner/work/orbit/orbit/.ipad-probe
    builtin-copyPlist --validate --convert xml1 --macro-expansion WRAPPEDPRODUCTNAME IpadProbeUITests-Runner --macro-expansion WRAPPEDPRODUCTBUNDLEIDENTIFIER io.orbitd.ipadprobe.uitests.xctrunner --macro-expansion TESTPRODUCTNAME IpadProbeUITests --macro-expansion TESTPRODUCTBUNDLEIDENTIFIER io.orbitd.ipadprobe.uitests --copy-value UIDeviceFamily /Users/runner/work/orbit/orbit/.ipad-probe/.dd/Build/Products/Debug-iphonesimulator/IpadProbeUITests-Runner.app/PlugIns/IpadProbeUITests.xctest/Info.plist --outdir /Users/runner/work/orbit/orbit/.ipad-probe/.dd/Build/Products/Debug-iphonesimulator/IpadProbeUITests-Runner.app -- /Applications/Xcode_26.6.app/Contents/Developer/Platforms/iPhoneSimulator.platform/Developer/Library/Xcode/Agents/XCTRunner.app/Info.plist

Copy /Users/runner/work/orbit/orbit/.ipad-probe/.dd/Build/Products/Debug-iphonesimulator/IpadProbeUITests-Runner.app/PkgInfo /Applications/Xcode_26.6.app/Contents/Developer/Platforms/iPhoneSimulator.platform/Developer/Library/Xcode/Agents/XCTRunner.app/PkgInfo (in target 'IpadProbeUITests' from project 'IpadProbe')
    cd /Users/runner/work/orbit/orbit/.ipad-probe
    builtin-copy -exclude .DS_Store -exclude CVS -exclude .svn -exclude .git -exclude .hg -resolve-src-symlinks /Applications/Xcode_26.6.app/Contents/Developer/Platforms/iPhoneSimulator.platform/Developer/Library/Xcode/Agents/XCTRunner.app/PkgInfo /Users/runner/work/orbit/orbit/.ipad-probe/.dd/Build/Products/Debug-iphonesimulator/IpadProbeUITests-Runner.app

Copy /Users/runner/work/orbit/orbit/.ipad-probe/.dd/Build/Products/Debug-iphonesimulator/IpadProbeUITests-Runner.app/Frameworks/libXCTestSwiftSupport.dylib /Applications/Xcode_26.6.app/Contents/Developer/Platforms/iPhoneSimulator.platform/Developer/usr/lib/libXCTestSwiftSupport.dylib (in target 'IpadProbeUITests' from project 'IpadProbe')
    cd /Users/runner/work/orbit/orbit/.ipad-probe
    builtin-copy -exclude .DS_Store -exclude CVS -exclude .svn -exclude .git -exclude .hg -exclude Headers -exclude PrivateHeaders -exclude Modules -exclude \*.tbd -resolve-src-symlinks /Applications/Xcode_26.6.app/Contents/Developer/Platforms/iPhoneSimulator.platform/Developer/usr/lib/libXCTestSwiftSupport.dylib /Users/runner/work/orbit/orbit/.ipad-probe/.dd/Build/Products/Debug-iphonesimulator/IpadProbeUITests-Runner.app/Frameworks

Copy /Users/runner/work/orbit/orbit/.ipad-probe/.dd/Build/Products/Debug-iphonesimulator/IpadProbeUITests-Runner.app/Frameworks/XCUnit.framework /Applications/Xcode_26.6.app/Contents/Developer/Platforms/iPhoneSimulator.platform/Developer/Library/PrivateFrameworks/XCUnit.framework (in target 'IpadProbeUITests' from project 'IpadProbe')
    cd /Users/runner/work/orbit/orbit/.ipad-probe
    builtin-copy -exclude .DS_Store -exclude CVS -exclude .svn -exclude .git -exclude .hg -exclude Headers -exclude PrivateHeaders -exclude Modules -exclude \*.tbd -resolve-src-symlinks /Applications/Xcode_26.6.app/Contents/Developer/Platforms/iPhoneSimulator.platform/Developer/Library/PrivateFrameworks/XCUnit.framework /Users/runner/work/orbit/orbit/.ipad-probe/.dd/Build/Products/Debug-iphonesimulator/IpadProbeUITests-Runner.app/Frameworks

Copy /Users/runner/work/orbit/orbit/.ipad-probe/.dd/Build/Products/Debug-iphonesimulator/IpadProbeUITests-Runner.app/Frameworks/XCUIAutomation.framework /Applications/Xcode_26.6.app/Contents/Developer/Platforms/iPhoneSimulator.platform/Developer/Library/Frameworks/XCUIAutomation.framework (in target 'IpadProbeUITests' from project 'IpadProbe')
    cd /Users/runner/work/orbit/orbit/.ipad-probe
    builtin-copy -exclude .DS_Store -exclude CVS -exclude .svn -exclude .git -exclude .hg -exclude Headers -exclude PrivateHeaders -exclude Modules -exclude \*.tbd -resolve-src-symlinks /Applications/Xcode_26.6.app/Contents/Developer/Platforms/iPhoneSimulator.platform/Developer/Library/Frameworks/XCUIAutomation.framework /Users/runner/work/orbit/orbit/.ipad-probe/.dd/Build/Products/Debug-iphonesimulator/IpadProbeUITests-Runner.app/Frameworks

Copy /Users/runner/work/orbit/orbit/.ipad-probe/.dd/Build/Products/Debug-iphonesimulator/IpadProbeUITests-Runner.app/Frameworks/XCTestSupport.framework /Applications/Xcode_26.6.app/Contents/Developer/Platforms/iPhoneSimulator.platform/Developer/Library/PrivateFrameworks/XCTestSupport.framework (in target 'IpadProbeUITests' from project 'IpadProbe')
    cd /Users/runner/work/orbit/orbit/.ipad-probe
    builtin-copy -exclude .DS_Store -exclude CVS -exclude .svn -exclude .git -exclude .hg -exclude Headers -exclude PrivateHeaders -exclude Modules -exclude \*.tbd -resolve-src-symlinks /Applications/Xcode_26.6.app/Contents/Developer/Platforms/iPhoneSimulator.platform/Developer/Library/PrivateFrameworks/XCTestSupport.framework /Users/runner/work/orbit/orbit/.ipad-probe/.dd/Build/Products/Debug-iphonesimulator/IpadProbeUITests-Runner.app/Frameworks

Copy /Users/runner/work/orbit/orbit/.ipad-probe/.dd/Build/Products/Debug-iphonesimulator/IpadProbeUITests-Runner.app/Frameworks/XCTestCore.framework /Applications/Xcode_26.6.app/Contents/Developer/Platforms/iPhoneSimulator.platform/Developer/Library/PrivateFrameworks/XCTestCore.framework (in target 'IpadProbeUITests' from project 'IpadProbe')
    cd /Users/runner/work/orbit/orbit/.ipad-probe
    builtin-copy -exclude .DS_Store -exclude CVS -exclude .svn -exclude .git -exclude .hg -exclude Headers -exclude PrivateHeaders -exclude Modules -exclude \*.tbd -resolve-src-symlinks /Applications/Xcode_26.6.app/Contents/Developer/Platforms/iPhoneSimulator.platform/Developer/Library/PrivateFrameworks/XCTestCore.framework /Users/runner/work/orbit/orbit/.ipad-probe/.dd/Build/Products/Debug-iphonesimulator/IpadProbeUITests-Runner.app/Frameworks

Copy /Users/runner/work/orbit/orbit/.ipad-probe/.dd/Build/Products/Debug-iphonesimulator/IpadProbeUITests-Runner.app/Frameworks/XCTest.framework /Applications/Xcode_26.6.app/Contents/Developer/Platforms/iPhoneSimulator.platform/Developer/Library/Frameworks/XCTest.framework (in target 'IpadProbeUITests' from project 'IpadProbe')
    cd /Users/runner/work/orbit/orbit/.ipad-probe
    builtin-copy -exclude .DS_Store -exclude CVS -exclude .svn -exclude .git -exclude .hg -exclude Headers -exclude PrivateHeaders -exclude Modules -exclude \*.tbd -resolve-src-symlinks /Applications/Xcode_26.6.app/Contents/Developer/Platforms/iPhoneSimulator.platform/Developer/Library/Frameworks/XCTest.framework /Users/runner/work/orbit/orbit/.ipad-probe/.dd/Build/Products/Debug-iphonesimulator/IpadProbeUITests-Runner.app/Frameworks

Copy /Users/runner/work/orbit/orbit/.ipad-probe/.dd/Build/Products/Debug-iphonesimulator/IpadProbeUITests-Runner.app/Frameworks/XCTAutomationSupport.framework /Applications/Xcode_26.6.app/Contents/Developer/Platforms/iPhoneSimulator.platform/Developer/Library/PrivateFrameworks/XCTAutomationSupport.framework (in target 'IpadProbeUITests' from project 'IpadProbe')
    cd /Users/runner/work/orbit/orbit/.ipad-probe
    builtin-copy -exclude .DS_Store -exclude CVS -exclude .svn -exclude .git -exclude .hg -exclude Headers -exclude PrivateHeaders -exclude Modules -exclude \*.tbd -resolve-src-symlinks /Applications/Xcode_26.6.app/Contents/Developer/Platforms/iPhoneSimulator.platform/Developer/Library/PrivateFrameworks/XCTAutomationSupport.framework /Users/runner/work/orbit/orbit/.ipad-probe/.dd/Build/Products/Debug-iphonesimulator/IpadProbeUITests-Runner.app/Frameworks

Copy /Users/runner/work/orbit/orbit/.ipad-probe/.dd/Build/Products/Debug-iphonesimulator/IpadProbeUITests-Runner.app/Frameworks/Testing.framework /Applications/Xcode_26.6.app/Contents/Developer/Platforms/iPhoneSimulator.platform/Developer/Library/Frameworks/Testing.framework (in target 'IpadProbeUITests' from project 'IpadProbe')
    cd /Users/runner/work/orbit/orbit/.ipad-probe
    builtin-copy -exclude .DS_Store -exclude CVS -exclude .svn -exclude .git -exclude .hg -exclude Headers -exclude PrivateHeaders -exclude Modules -exclude \*.tbd -resolve-src-symlinks /Applications/Xcode_26.6.app/Contents/Developer/Platforms/iPhoneSimulator.platform/Developer/Library/Frameworks/Testing.framework /Users/runner/work/orbit/orbit/.ipad-probe/.dd/Build/Products/Debug-iphonesimulator/IpadProbeUITests-Runner.app/Frameworks

CodeSign /Users/runner/work/orbit/orbit/.ipad-probe/.dd/Build/Products/Debug-iphonesimulator/IpadProbeUITests-Runner.app/PlugIns/IpadProbeUITests.xctest (in target 'IpadProbeUITests' from project 'IpadProbe')
    cd /Users/runner/work/orbit/orbit/.ipad-probe
    
    Signing Identity:     "Sign to Run Locally"
    
    /usr/bin/codesign --force --sign - --timestamp\=none --generate-entitlement-der /Users/runner/work/orbit/orbit/.ipad-probe/.dd/Build/Products/Debug-iphonesimulator/IpadProbeUITests-Runner.app/PlugIns/IpadProbeUITests.xctest

CodeSign /Users/runner/work/orbit/orbit/.ipad-probe/.dd/Build/Products/Debug-iphonesimulator/IpadProbeUITests-Runner.app (in target 'IpadProbeUITests' from project 'IpadProbe')
    cd /Users/runner/work/orbit/orbit/.ipad-probe
    
    Signing Identity:     "Sign to Run Locally"
    
    /usr/bin/codesign --force --sign - --timestamp\=none --generate-entitlement-der /Users/runner/work/orbit/orbit/.ipad-probe/.dd/Build/Products/Debug-iphonesimulator/IpadProbeUITests-Runner.app
/Users/runner/work/orbit/orbit/.ipad-probe/.dd/Build/Products/Debug-iphonesimulator/IpadProbeUITests-Runner.app: replacing existing signature

RegisterExecutionPolicyException /Users/runner/work/orbit/orbit/.ipad-probe/.dd/Build/Products/Debug-iphonesimulator/IpadProbeUITests-Runner.app/PlugIns/IpadProbeUITests.xctest (in target 'IpadProbeUITests' from project 'IpadProbe')
    cd /Users/runner/work/orbit/orbit/.ipad-probe
    builtin-RegisterExecutionPolicyException /Users/runner/work/orbit/orbit/.ipad-probe/.dd/Build/Products/Debug-iphonesimulator/IpadProbeUITests-Runner.app/PlugIns/IpadProbeUITests.xctest

Touch /Users/runner/work/orbit/orbit/.ipad-probe/.dd/Build/Products/Debug-iphonesimulator/IpadProbeUITests-Runner.app/PlugIns/IpadProbeUITests.xctest (in target 'IpadProbeUITests' from project 'IpadProbe')
    cd /Users/runner/work/orbit/orbit/.ipad-probe
    /usr/bin/touch -c /Users/runner/work/orbit/orbit/.ipad-probe/.dd/Build/Products/Debug-iphonesimulator/IpadProbeUITests-Runner.app/PlugIns/IpadProbeUITests.xctest

2026-10-10 03:17:18.264844+0000 IpadProbeUITests-Runner[41998:110470] [Default] Running tests...
2026-10-10 03:17:18.332242+0000 IpadProbeUITests-Runner[41998:110470] [UIKit App Config] Update the Info.plist: Launch screens will soon be required.
objc[41998]: Class UIAccessibilityLoaderWebShared is implemented in both /Library/Developer/CoreSimulator/Volumes/iOS_23F77/Library/Developer/CoreSimulator/Profiles/Runtimes/iOS 26.5.simruntime/Contents/Resources/RuntimeRoot/System/Library/AccessibilityBundles/WebCore.axbundle/WebCore (0x1069b4310) and /Library/Developer/CoreSimulator/Volumes/iOS_23F77/Library/Developer/CoreSimulator/Profiles/Runtimes/iOS 26.5.simruntime/Contents/Resources/RuntimeRoot/System/Library/AccessibilityBundles/WebKit.axbundle/WebKit (0x1069e8398). This may cause spurious casting failures and mysterious crashes. One of the duplicates must be removed or renamed.
    t =      nans Interface orientation changed to Portrait
Test Suite 'Selected tests' started at 2026-10-10 03:17:22.878.
Test Suite 'IpadProbeUITests.xctest' started at 2026-10-10 03:17:22.879.
Test Suite 'RowEdgeTests' started at 2026-10-10 03:17:22.879.
Test Case '-[IpadProbeUITests.RowEdgeTests testF_RowUnderTheEdge]' started.
    t =     0.00s Start Test at 2026-10-10 03:17:22.880
    t =     0.81s Set Up
    t =     0.81s Setting device orientation to Landscape Left
    t =     0.82s     Device orientation changed to Landscape Left
    t =     1.16s     Interface orientation changed to Landscape Right
    t =     2.34s     Wait for com.apple.DocumentManager.DockFolderViewService to idle
    t =     2.55s     Wait for com.apple.springboard to idle
    t =     3.63s Open io.orbitd.ipadprobe
    t =     3.64s     Launch io.orbitd.ipadprobe
2026-10-10 03:17:29.188 xcodebuild[27874:75889] [MT] IDELaunchParametersSnapshot: The operation couldn’t be completed. (DebuggerLLDB.DebuggerVersionStore.StoreError error 0.)
2026-10-10 03:17:29.196 xcodebuild[27874:75889] [MT] IDELaunchParametersSnapshot: no debugger version
    t =    12.27s         Setting up automation session
    t =    18.34s         Wait for io.orbitd.ipadprobe to idle
    t =    22.27s Waiting 60.0s for Any (First Match) to exist
    t =    23.29s     Checking `Expect predicate `existsNoRetry == 1` for object Any (First Match)`
    t =    23.29s         Checking existence of `Any (First Match)`
    t =    26.70s Checking existence of `Any (First Match)`
    t =    27.74s Find the Any (First Match)
    t =    29.00s Find the "会话列表左滑按钮, 13m ago, Tags: iOS, 左滑按钮在 SessionRowActions 里，改成圆形。" Other
    t =    29.78s Find the "会话列表左滑按钮, 13m ago, Tags: iOS, 左滑按钮在 SessionRowActions 里，改成圆形。" Other
    t =    30.78s Find the "会话列表左滑按钮, 13m ago, Tags: iOS, 左滑按钮在 SessionRowActions 里，改成圆形。" Other
    t =    31.41s Find the "会话列表左滑按钮, 13m ago, Tags: iOS, 左滑按钮在 SessionRowActions 里，改成圆形。" Other
    t =    32.15s Checking existence of `"会话列表左滑按钮, 13m ago, Tags: iOS, 左滑按钮在 SessionRowActions 里，改成圆形。" Other`
    t =    32.73s Find the "会话列表左滑按钮, 13m ago, Tags: iOS, 左滑按钮在 SessionRowActions 里，改成圆形。" Other
    t =    33.33s Find the Window (First Match)
    t =    33.36s Find the Window (First Match)
    t =    33.42s Press Window at {{0.0, 0.0}, {1376.0, 1032.0}}[0.00, 0.00] -> (2.0, 698.8) for 0.1 seconds, then drag to Window at {{0.0, 0.0}, {1376.0, 1032.0}}[0.00, 0.00] -> (170.0, 698.8) with velocity of 900.00 pixels per second, and then hold for 0.1 seconds 
    t =    33.42s     Wait for io.orbitd.ipadprobe to idle
    t =    33.42s     Find the Window at {{0.0, 0.0}, {1376.0, 1032.0}}
    t =    33.46s     Check for interrupting elements affecting Window
    t =    33.92s         Wait for com.apple.springboard to idle
    t =    34.01s     Synthesize event
    t =    34.02s         Find the Window at {{0.0, 0.0}, {1376.0, 1032.0}}
    t =    34.12s         Find the Window at {{0.0, 0.0}, {1376.0, 1032.0}}
    t =    34.17s         Find the Window at {{0.0, 0.0}, {1376.0, 1032.0}}
    t =    34.19s         Find the Window at {{0.0, 0.0}, {1376.0, 1032.0}}
    t =    34.23s         Find the Window at {{0.0, 0.0}, {1376.0, 1032.0}}
    t =    34.93s     Wait for io.orbitd.ipadprobe to idle
    t =    36.86s Added attachment named 'F1-short-edge-swipe-on-a-row'
    t =    36.87s Requesting snapshot of accessibility hierarchy for app with pid 42934
    t =    38.90s Requesting snapshot of accessibility hierarchy for app with pid 42934
    t =    39.32s Added attachment named 'tree-F1.txt'
    t =    39.33s Checking existence of `Button (First Match)`
    t =    40.09s Checking existence of `Button (First Match)`
    t =    40.57s Find the Button (First Match)
    t =    41.02s Find the "Complete" Button
    t =    41.44s Find the "Complete" Button
    t =    41.79s Find the "Complete" Button
    t =    42.18s Find the "Complete" Button
    t =    42.51s Checking existence of `Button (First Match)`
    t =    42.79s Checking existence of `Button (First Match)`
    t =    43.16s Find the Button (First Match)
    t =    43.46s Find the "Pin" Button
    t =    43.73s Find the "Pin" Button
    t =    43.97s Find the "Pin" Button
    t =    44.26s Find the "Pin" Button
    t =    44.54s Checking existence of `Button (First Match)`
    t =    44.90s Checking existence of `"Settings" Button`
    t =    45.09s Tap Window (First Match)[0.75, 0.30]
    t =    45.09s     Wait for io.orbitd.ipadprobe to idle
    t =    45.09s     Find the Window (First Match)
    t =    45.11s     Check for interrupting elements affecting Window
    t =    45.25s         Wait for com.apple.springboard to idle
    t =    45.30s     Synthesize event
    t =    45.33s         Find the Window at {{0.0, 0.0}, {1376.0, 1032.0}}
    t =    45.34s         Find the Window at {{0.0, 0.0}, {1376.0, 1032.0}}
    t =    45.37s         Find the Window at {{0.0, 0.0}, {1376.0, 1032.0}}
    t =    45.67s     Wait for io.orbitd.ipadprobe to idle
    t =    47.18s Find the Window (First Match)
    t =    47.22s Press Window at {{0.0, 0.0}, {1376.0, 1032.0}}[0.00, 0.00] -> (2.0, 698.8) for 0.1 seconds, then drag to Window at {{0.0, 0.0}, {1376.0, 1032.0}}[0.00, 0.00] -> (560.0, 698.8) with velocity of 900.00 pixels per second, and then hold for 0.1 seconds 
    t =    47.22s     Wait for io.orbitd.ipadprobe to idle
    t =    47.23s     Find the Window at {{0.0, 0.0}, {1376.0, 1032.0}}
    t =    47.25s     Check for interrupting elements affecting Window
    t =    47.42s         Wait for com.apple.springboard to idle
    t =    47.44s     Synthesize event
    t =    47.47s         Find the Window at {{0.0, 0.0}, {1376.0, 1032.0}}
    t =    47.49s         Find the Window at {{0.0, 0.0}, {1376.0, 1032.0}}
    t =    47.51s         Find the Window at {{0.0, 0.0}, {1376.0, 1032.0}}
    t =    47.52s         Find the Window at {{0.0, 0.0}, {1376.0, 1032.0}}
    t =    47.54s         Find the Window at {{0.0, 0.0}, {1376.0, 1032.0}}
    t =    48.54s     Wait for io.orbitd.ipadprobe to idle
    t =    52.52s Added attachment named 'F2-long-edge-swipe-on-a-row'
    t =    52.52s Checking existence of `Button (First Match)`
    t =    52.96s Checking existence of `Button (First Match)`
    t =    53.40s Checking existence of `Button (First Match)`
    t =    53.84s Checking existence of `"Settings" Button`
    t =    54.02s Terminate io.orbitd.ipadprobe:42934
    t =    55.06s Tear Down
    t =    55.07s     Added attachment named 'RowEdgeTeststestFRowUnderTheEdge-notes.txt'
    t =    55.07s     Setting device orientation to Portrait
    t =    55.08s         Device orientation changed to Portrait
    t =    55.20s         Interface orientation changed to Portrait
    t =    55.90s         Wait for com.apple.DocumentManager.DockFolderViewService to idle
    t =    56.20s         Wait for com.apple.springboard to idle
Test Case '-[IpadProbeUITests.RowEdgeTests testF_RowUnderTheEdge]' passed (56.899 seconds).
Test Case '-[IpadProbeUITests.RowEdgeTests testG_RecordSidebarHidden]' started.
    t =     0.00s Start Test at 2026-10-10 03:18:19.781
    t =     0.08s Set Up
    t =     0.08s Setting device orientation to Landscape Left
    t =     0.08s     Device orientation changed to Landscape Left
    t =     0.15s     Interface orientation changed to Landscape Right
    t =     0.24s     Wait for com.apple.DocumentManager.DockFolderViewService to idle
    t =     0.73s     Wait for com.apple.springboard to idle
    t =     1.75s Open io.orbitd.ipadprobe
    t =     1.75s     Launch io.orbitd.ipadprobe
2026-10-10 03:18:21.540 xcodebuild[27874:75889] [MT] IDELaunchParametersSnapshot: The operation couldn’t be completed. (DebuggerLLDB.DebuggerVersionStore.StoreError error 0.)
2026-10-10 03:18:21.541 xcodebuild[27874:75889] [MT] IDELaunchParametersSnapshot: no debugger version
    t =     2.87s         Setting up automation session
    t =     5.01s         Wait for io.orbitd.ipadprobe to idle
    t =     7.33s Waiting 60.0s for "Back" Button to exist
    t =     8.35s     Checking `Expect predicate `existsNoRetry == 1` for object "Back" Button`
    t =     8.35s         Checking existence of `"Back" Button`
    t =    11.66s Waiting 8.0s for "Back" Button to exist
    t =    12.68s     Checking `Expect predicate `existsNoRetry == 1` for object "Back" Button`
    t =    12.68s         Checking existence of `"Back" Button`
    t =    12.78s Checking existence of `"Back" Button`
    t =    12.85s Find the "Back" Button
    t =    12.94s Find the "Back" Button
    t =    13.02s Find the "Back" Button
    t =    13.14s Find the "Back" Button
    t =    13.23s Find the "Back" Button
    t =    13.33s Tap "Back" Button
    t =    13.33s     Wait for io.orbitd.ipadprobe to idle
    t =    13.33s     Find the "Back" Button
    t =    13.41s     Check for interrupting elements affecting "Back" Button
    t =    13.50s         Wait for com.apple.springboard to idle
    t =    13.52s     Synthesize event
    t =    14.06s     Wait for io.orbitd.ipadprobe to idle
    t =    19.02s Added attachment named 'G1-record-sidebar-hidden'
    t =    19.03s Find the Window (First Match)
    t =    19.07s Get all elements bound by index for: Descendants matching type NavigationBar
    t =    19.19s Find the NavigationBar (Element at index 0)
    t =    19.27s Find the "Infrastructure" NavigationBar
    t =    19.35s Find the NavigationBar (Element at index 1)
    t =    19.43s Find the "Mac Studio" NavigationBar
    t =    19.51s Get all elements bound by index for: Descendants matching type Button
    t =    19.59s Checking existence of `Button (Element at index 0)`
    t =    19.66s Find the Button (Element at index 0)
    t =    19.73s Checking existence of `Button (Element at index 1)`
    t =    19.80s Find the Button (Element at index 1)
    t =    19.87s Checking existence of `Button (Element at index 2)`
    t =    19.95s Find the Button (Element at index 2)
    t =    20.03s Checking existence of `Button (Element at index 3)`
    t =    20.12s Find the Button (Element at index 3)
    t =    20.20s Checking existence of `Button (Element at index 4)`
    t =    20.29s Find the Button (Element at index 4)
    t =    20.36s Checking existence of `Button (Element at index 5)`
    t =    20.46s Find the Button (Element at index 5)
    t =    20.54s Checking existence of `Button (Element at index 6)`
    t =    20.62s Find the Button (Element at index 6)
    t =    20.73s Checking existence of `Button (Element at index 7)`
    t =    20.81s Find the Button (Element at index 7)
    t =    20.89s Checking existence of `Button (Element at index 8)`
    t =    20.97s Find the Button (Element at index 8)
    t =    21.10s Checking existence of `Button (Element at index 9)`
    t =    21.19s Find the Button (Element at index 9)
    t =    21.28s Checking existence of `Button (Element at index 10)`
    t =    21.35s Find the Button (Element at index 10)
    t =    21.44s Checking existence of `Button (Element at index 11)`
    t =    21.52s Find the Button (Element at index 11)
    t =    21.60s Checking existence of `Button (Element at index 12)`
    t =    21.67s Find the Button (Element at index 12)
    t =    21.75s Checking existence of `Button (Element at index 13)`
    t =    21.82s Find the Button (Element at index 13)
    t =    21.92s Checking existence of `"Show Sidebar" Button`
    t =    21.99s Find the "Show Sidebar" Button
    t =    22.08s Find the "Show Sidebar" Button
    t =    22.17s Find the "Show Sidebar" Button
    t =    22.28s Find the "Show Sidebar" Button
    t =    22.39s Find the "Show Sidebar" Button
    t =    22.48s Checking existence of `"Settings" Button`
    t =    22.62s Checking existence of `"Settings" Button`
    t =    22.74s Terminate io.orbitd.ipadprobe:45037
    t =    23.76s Tear Down
    t =    23.76s     Added attachment named 'RowEdgeTeststestGRecordSidebarHidden-notes.txt'
    t =    23.76s     Setting device orientation to Portrait
    t =    23.83s         Device orientation changed to Portrait
    t =    23.92s         Interface orientation changed to Portrait
    t =    23.92s         Wait for com.apple.DocumentManager.DockFolderViewService to idle
    t =    23.93s         Wait for com.apple.springboard to idle
Test Case '-[IpadProbeUITests.RowEdgeTests testG_RecordSidebarHidden]' passed (24.117 seconds).
Test Suite 'RowEdgeTests' passed at 2026-10-10 03:18:43.898.
	 Executed 2 tests, with 0 failures (0 unexpected) in 81.016 (81.019) seconds
Test Suite 'IpadProbeUITests.xctest' passed at 2026-10-10 03:18:43.899.
	 Executed 2 tests, with 0 failures (0 unexpected) in 81.016 (81.020) seconds
Test Suite 'Selected tests' passed at 2026-10-10 03:18:43.900.
	 Executed 2 tests, with 0 failures (0 unexpected) in 81.016 (81.021) seconds
2026-10-10 03:19:08.140 xcodebuild[27874:75889] [MT] IDETestOperationsObserverDebug: 156.177 elapsed -- Testing started completed.
2026-10-10 03:19:08.140 xcodebuild[27874:75889] [MT] IDETestOperationsObserverDebug: 0.000 sec, +0.000 sec -- start
2026-10-10 03:19:08.140 xcodebuild[27874:75889] [MT] IDETestOperationsObserverDebug: 156.177 sec, +156.177 sec -- end

Test session results, code coverage, and logs:
	/Users/runner/work/orbit/orbit/.ipad-probe/results/ipad.xcresult

** TEST SUCCEEDED **

Testing started
