test,target,kind,sequence,control,mode,run,keys,result,window,handoff,keylog
chromium-dark-desktop › orbit-menu menu-down-enter burst sample 0,orbit-menu,menu,menu-down-enter,,burst,0,ArrowDown Enter,Action=file | none | @button:Add attachment,1,1,ArrowDown>button:Add attachment[none|f=button:Add attachment|h=None]@27.7 ; Enter>button:Add attachment[menu×1|f=button:Add attachment|h=File]@53.2 ; Enter*>menuitem:File[menu×1|f=button:Add attachment|h=File]@53.3
chromium-dark-desktop › orbit-menu menu-down-enter burst sample 1,orbit-menu,menu,menu-down-enter,,burst,1,ArrowDown Enter,Action=file | none | @button:Add attachment,1,1,ArrowDown>button:Add attachment[none|f=button:Add attachment|h=None]@20.4 ; Enter>button:Add attachment[menu×1|f=button:Add attachment|h=File]@50.3 ; Enter*>menuitem:File[menu×1|f=button:Add attachment|h=File]@50.4
chromium-dark-desktop › orbit-menu menu-down-enter burst sample 2,orbit-menu,menu,menu-down-enter,,burst,2,ArrowDown Enter,Action=file | none | @button:Add attachment,1,1,ArrowDown>button:Add attachment[none|f=button:Add attachment|h=None]@28.5 ; Enter>button:Add attachment[menu×1|f=button:Add attachment|h=File]@58.4 ; Enter*>menuitem:File[menu×1|f=button:Add attachment|h=File]@58.6
chromium-dark-desktop › orbit-menu menu-down-enter burst sample 3,orbit-menu,menu,menu-down-enter,,burst,3,ArrowDown Enter,Action=file | none | @button:Add attachment,1,1,ArrowDown>button:Add attachment[none|f=button:Add attachment|h=None]@20.9 ; Enter>button:Add attachment[menu×1|f=button:Add attachment|h=File]@54.1 ; Enter*>menuitem:File[menu×1|f=button:Add attachment|h=File]@54.3
chromium-dark-desktop › orbit-menu menu-down-enter burst sample 4,orbit-menu,menu,menu-down-enter,,burst,4,ArrowDown Enter,Action=file | none | @button:Add attachment,1,1,ArrowDown>button:Add attachment[none|f=button:Add attachment|h=None]@19.3 ; Enter>button:Add attachment[menu×1|f=button:Add attachment|h=File]@42 ; Enter*>menuitem:File[menu×1|f=button:Add attachment|h=File]@42.1
chromium-dark-desktop › orbit-menu menu-down-enter burst sample 5,orbit-menu,menu,menu-down-enter,,burst,5,ArrowDown Enter,Action=file | none | @button:Add attachment,1,1,ArrowDown>button:Add attachment[none|f=button:Add attachment|h=None]@27 ; Enter>button:Add attachment[menu×1|f=button:Add attachment|h=File]@57.7 ; Enter*>menuitem:File[menu×1|f=button:Add attachment|h=File]@57.9
chromium-dark-desktop › orbit-menu menu-down-enter burst sample 6,orbit-menu,menu,menu-down-enter,,burst,6,ArrowDown Enter,Action=file | none | @button:Add attachment,1,1,ArrowDown>button:Add attachment[none|f=button:Add attachment|h=None]@15.5 ; Enter>button:Add attachment[menu×1|f=button:Add attachment|h=File]@42 ; Enter*>menuitem:File[menu×1|f=button:Add attachment|h=File]@42.1
chromium-dark-desktop › orbit-menu menu-down-enter burst sample 7,orbit-menu,menu,menu-down-enter,,burst,7,ArrowDown Enter,Action=file | none | @button:Add attachment,1,1,ArrowDown>button:Add attachment[none|f=button:Add attachment|h=None]@23.1 ; Enter>button:Add attachment[menu×1|f=button:Add attachment|h=File]@48 ; Enter*>menuitem:File[menu×1|f=button:Add attachment|h=File]@48.1
chromium-dark-desktop › orbit-menu menu-down-enter burst sample 8,orbit-menu,menu,menu-down-enter,,burst,8,ArrowDown Enter,Action=file | none | @button:Add attachment,1,1,ArrowDown>button:Add attachment[none|f=button:Add attachment|h=None]@20 ; Enter>button:Add attachment[menu×1|f=button:Add attachment|h=File]@45.7 ; Enter*>menuitem:File[menu×1|f=button:Add attachment|h=File]@45.8
chromium-dark-desktop › orbit-menu menu-down-enter burst sample 9,orbit-menu,menu,menu-down-enter,,burst,9,ArrowDown Enter,Action=file | none | @button:Add attachment,1,1,ArrowDown>button:Add attachment[none|f=button:Add attachment|h=None]@15.3 ; Enter>button:Add attachment[menu×1|f=button:Add attachment|h=File]@49.5 ; Enter*>menuitem:File[menu×1|f=button:Add attachment|h=File]@49.7
chromium-dark-desktop › orbit-menu menu-down-enter burst sample 10,orbit-menu,menu,menu-down-enter,,burst,10,ArrowDown Enter,Action=file | none | @button:Add attachment,1,1,ArrowDown>button:Add attachment[none|f=button:Add attachment|h=None]@27.4 ; Enter>button:Add attachment[menu×1|f=button:Add attachment|h=File]@52.1 ; Enter*>menuitem:File[menu×1|f=button:Add attachment|h=File]@52.3
chromium-dark-desktop › orbit-menu menu-down-enter burst sample 11,orbit-menu,menu,menu-down-enter,,burst,11,ArrowDown Enter,Action=file | none | @button:Add attachment,1,1,ArrowDown>button:Add attachment[none|f=button:Add attachment|h=None]@20.4 ; Enter>button:Add attachment[menu×1|f=button:Add attachment|h=File]@44.8 ; Enter*>menuitem:File[menu×1|f=button:Add attachment|h=File]@44.9
chromium-dark-desktop › orbit-menu menu-down-enter burst sample 12,orbit-menu,menu,menu-down-enter,,burst,12,ArrowDown Enter,Action=file | none | @button:Add attachment,1,1,ArrowDown>button:Add attachment[none|f=button:Add attachment|h=None]@32.1 ; Enter>button:Add attachment[menu×1|f=button:Add attachment|h=File]@56.1 ; Enter*>menuitem:File[menu×1|f=button:Add attachment|h=File]@56.2
chromium-dark-desktop › orbit-menu menu-down-enter burst sample 13,orbit-menu,menu,menu-down-enter,,burst,13,ArrowDown Enter,Action=file | none | @button:Add attachment,1,1,ArrowDown>button:Add attachment[none|f=button:Add attachment|h=None]@28.6 ; Enter>button:Add attachment[menu×1|f=button:Add attachment|h=File]@54.4 ; Enter*>menuitem:File[menu×1|f=button:Add attachment|h=File]@54.4
chromium-dark-desktop › orbit-menu menu-down-enter burst sample 14,orbit-menu,menu,menu-down-enter,,burst,14,ArrowDown Enter,Action=file | none | @button:Add attachment,1,1,ArrowDown>button:Add attachment[none|f=button:Add attachment|h=None]@20.8 ; Enter>button:Add attachment[menu×1|f=button:Add attachment|h=File]@50.9 ; Enter*>menuitem:File[menu×1|f=button:Add attachment|h=File]@51
chromium-dark-desktop › orbit-menu menu-down-enter burst sample 15,orbit-menu,menu,menu-down-enter,,burst,15,ArrowDown Enter,Action=file | none | @button:Add attachment,1,1,ArrowDown>button:Add attachment[none|f=button:Add attachment|h=None]@20.6 ; Enter>button:Add attachment[menu×1|f=button:Add attachment|h=File]@45 ; Enter*>menuitem:File[menu×1|f=button:Add attachment|h=File]@45.2
chromium-dark-desktop › orbit-menu menu-down-enter burst sample 16,orbit-menu,menu,menu-down-enter,,burst,16,ArrowDown Enter,Action=file | none | @button:Add attachment,1,1,ArrowDown>button:Add attachment[none|f=button:Add attachment|h=None]@21.9 ; Enter>button:Add attachment[menu×1|f=button:Add attachment|h=File]@46.8 ; Enter*>menuitem:File[menu×1|f=button:Add attachment|h=File]@47
chromium-dark-desktop › orbit-menu menu-down-enter burst sample 17,orbit-menu,menu,menu-down-enter,,burst,17,ArrowDown Enter,Action=file | none | @button:Add attachment,1,1,ArrowDown>button:Add attachment[none|f=button:Add attachment|h=None]@24.9 ; Enter>button:Add attachment[menu×1|f=button:Add attachment|h=File]@48.4 ; Enter*>menuitem:File[menu×1|f=button:Add attachment|h=File]@48.5
chromium-dark-desktop › orbit-menu menu-down-enter burst sample 18,orbit-menu,menu,menu-down-enter,,burst,18,ArrowDown Enter,Action=file | none | @button:Add attachment,1,1,ArrowDown>button:Add attachment[none|f=button:Add attachment|h=None]@29.2 ; Enter>button:Add attachment[menu×1|f=button:Add attachment|h=File]@53 ; Enter*>menuitem:File[menu×1|f=button:Add attachment|h=File]@53.2
chromium-dark-desktop › orbit-menu menu-down-enter burst sample 19,orbit-menu,menu,menu-down-enter,,burst,19,ArrowDown Enter,Action=file | none | @button:Add attachment,1,1,ArrowDown>button:Add attachment[none|f=button:Add attachment|h=None]@19 ; Enter>button:Add attachment[menu×1|f=button:Add attachment|h=File]@43 ; Enter*>menuitem:File[menu×1|f=button:Add attachment|h=File]@43.1
chromium-dark-desktop › orbit-menu menu-down-enter paced sample 0,orbit-menu,menu,menu-down-enter,,paced,0,ArrowDown Enter,Action=file | none | @button:Add attachment,0,0,ArrowDown>button:Add attachment[none|f=button:Add attachment|h=None]@27.9 ; Enter>menuitem:File[menu×1|f=menuitem:File|h=File]@369.1
chromium-dark-desktop › orbit-menu menu-down-enter paced sample 1,orbit-menu,menu,menu-down-enter,,paced,1,ArrowDown Enter,Action=file | none | @button:Add attachment,0,0,ArrowDown>button:Add attachment[none|f=button:Add attachment|h=None]@27.1 ; Enter>menuitem:File[menu×1|f=menuitem:File|h=File]@360.9
chromium-dark-desktop › orbit-menu menu-down-enter paced sample 2,orbit-menu,menu,menu-down-enter,,paced,2,ArrowDown Enter,Action=file | none | @button:Add attachment,0,0,ArrowDown>button:Add attachment[none|f=button:Add attachment|h=None]@20 ; Enter>menuitem:File[menu×1|f=menuitem:File|h=File]@351.7
chromium-dark-desktop › orbit-menu menu-down-enter paced sample 3,orbit-menu,menu,menu-down-enter,,paced,3,ArrowDown Enter,Action=file | none | @button:Add attachment,0,0,ArrowDown>button:Add attachment[none|f=button:Add attachment|h=None]@23.4 ; Enter>menuitem:File[menu×1|f=menuitem:File|h=File]@356.2
chromium-dark-desktop › orbit-menu menu-down-enter paced sample 4,orbit-menu,menu,menu-down-enter,,paced,4,ArrowDown Enter,Action=file | none | @button:Add attachment,0,0,ArrowDown>button:Add attachment[none|f=button:Add attachment|h=None]@16 ; Enter>menuitem:File[menu×1|f=menuitem:File|h=File]@349.8
chromium-dark-desktop › orbit-menu menu-down-enter paced sample 5,orbit-menu,menu,menu-down-enter,,paced,5,ArrowDown Enter,Action=file | none | @button:Add attachment,0,0,ArrowDown>button:Add attachment[none|f=button:Add attachment|h=None]@20.3 ; Enter>menuitem:File[menu×1|f=menuitem:File|h=File]@357.2
chromium-dark-desktop › orbit-menu menu-down-enter paced sample 6,orbit-menu,menu,menu-down-enter,,paced,6,ArrowDown Enter,Action=file | none | @button:Add attachment,0,0,ArrowDown>button:Add attachment[none|f=button:Add attachment|h=None]@18.9 ; Enter>menuitem:File[menu×1|f=menuitem:File|h=File]@352.9
chromium-dark-desktop › orbit-menu menu-down-enter paced sample 7,orbit-menu,menu,menu-down-enter,,paced,7,ArrowDown Enter,Action=file | none | @button:Add attachment,0,0,ArrowDown>button:Add attachment[none|f=button:Add attachment|h=None]@29.6 ; Enter>menuitem:File[menu×1|f=menuitem:File|h=File]@362.1
chromium-dark-desktop › orbit-menu menu-down-enter paced sample 8,orbit-menu,menu,menu-down-enter,,paced,8,ArrowDown Enter,Action=file | none | @button:Add attachment,0,0,ArrowDown>button:Add attachment[none|f=button:Add attachment|h=None]@25.8 ; Enter>menuitem:File[menu×1|f=menuitem:File|h=File]@360.1
chromium-dark-desktop › orbit-menu menu-down-enter paced sample 9,orbit-menu,menu,menu-down-enter,,paced,9,ArrowDown Enter,Action=file | none | @button:Add attachment,0,0,ArrowDown>button:Add attachment[none|f=button:Add attachment|h=None]@16 ; Enter>menuitem:File[menu×1|f=menuitem:File|h=File]@348
chromium-dark-desktop › orbit-menu menu-down-enter paced sample 10,orbit-menu,menu,menu-down-enter,,paced,10,ArrowDown Enter,Action=file | none | @button:Add attachment,0,0,ArrowDown>button:Add attachment[none|f=button:Add attachment|h=None]@22.5 ; Enter>menuitem:File[menu×1|f=menuitem:File|h=File]@360.7
chromium-dark-desktop › orbit-menu menu-down-enter paced sample 11,orbit-menu,menu,menu-down-enter,,paced,11,ArrowDown Enter,Action=file | none | @button:Add attachment,0,0,ArrowDown>button:Add attachment[none|f=button:Add attachment|h=None]@25.3 ; Enter>menuitem:File[menu×1|f=menuitem:File|h=File]@373.9
chromium-dark-desktop › orbit-menu menu-down-enter paced sample 12,orbit-menu,menu,menu-down-enter,,paced,12,ArrowDown Enter,Action=file | none | @button:Add attachment,0,0,ArrowDown>button:Add attachment[none|f=button:Add attachment|h=None]@32.3 ; Enter>menuitem:File[menu×1|f=menuitem:File|h=File]@363.6
chromium-dark-desktop › orbit-menu menu-down-enter paced sample 13,orbit-menu,menu,menu-down-enter,,paced,13,ArrowDown Enter,Action=file | none | @button:Add attachment,0,0,ArrowDown>button:Add attachment[none|f=button:Add attachment|h=None]@25 ; Enter>menuitem:File[menu×1|f=menuitem:File|h=File]@359.9
chromium-dark-desktop › orbit-menu menu-down-enter paced sample 14,orbit-menu,menu,menu-down-enter,,paced,14,ArrowDown Enter,Action=file | none | @button:Add attachment,0,0,ArrowDown>button:Add attachment[none|f=button:Add attachment|h=None]@30.7 ; Enter>menuitem:File[menu×1|f=menuitem:File|h=File]@363.4
chromium-dark-desktop › orbit-menu menu-down-enter paced sample 15,orbit-menu,menu,menu-down-enter,,paced,15,ArrowDown Enter,Action=file | none | @button:Add attachment,0,0,ArrowDown>button:Add attachment[none|f=button:Add attachment|h=None]@26.6 ; Enter>menuitem:File[menu×1|f=menuitem:File|h=File]@362.4
chromium-dark-desktop › orbit-menu menu-down-enter paced sample 16,orbit-menu,menu,menu-down-enter,,paced,16,ArrowDown Enter,Action=file | none | @button:Add attachment,0,0,ArrowDown>button:Add attachment[none|f=button:Add attachment|h=None]@18 ; Enter>menuitem:File[menu×1|f=menuitem:File|h=File]@383
chromium-dark-desktop › orbit-menu menu-down-enter paced sample 17,orbit-menu,menu,menu-down-enter,,paced,17,ArrowDown Enter,Action=file | none | @button:Add attachment,0,0,ArrowDown>button:Add attachment[none|f=button:Add attachment|h=None]@3.5 ; Enter>menuitem:File[menu×1|f=menuitem:File|h=File]@340.4
chromium-dark-desktop › orbit-menu menu-down-enter paced sample 18,orbit-menu,menu,menu-down-enter,,paced,18,ArrowDown Enter,Action=file | none | @button:Add attachment,0,0,ArrowDown>button:Add attachment[none|f=button:Add attachment|h=None]@23 ; Enter>menuitem:File[menu×1|f=menuitem:File|h=File]@357.5
chromium-dark-desktop › orbit-menu menu-down-enter paced sample 19,orbit-menu,menu,menu-down-enter,,paced,19,ArrowDown Enter,Action=file | none | @button:Add attachment,0,0,ArrowDown>button:Add attachment[none|f=button:Add attachment|h=None]@17.6 ; Enter>menuitem:File[menu×1|f=menuitem:File|h=File]@357.1
chromium-dark-desktop › orbit-menu-sample menu-down-enter burst sample 0,orbit-menu-sample,menu,menu-down-enter,,burst,0,ArrowDown Enter,ran File | none | @button:Add attachment,1,1,ArrowDown>button:Add attachment[none|f=button:Add attachment|h=None]@34.7 ; Enter>button:Add attachment[menu×1|f=button:Add attachment|h=File]@63.5 ; Enter*>menuitem:File[menu×1|f=button:Add attachment|h=File]@63.6
chromium-dark-desktop › orbit-menu-sample menu-down-enter burst sample 1,orbit-menu-sample,menu,menu-down-enter,,burst,1,ArrowDown Enter,ran File | none | @button:Add attachment,1,1,ArrowDown>button:Add attachment[none|f=button:Add attachment|h=None]@22.7 ; Enter>button:Add attachment[menu×1|f=button:Add attachment|h=File]@54.6 ; Enter*>menuitem:File[menu×1|f=button:Add attachment|h=File]@54.6
chromium-dark-desktop › orbit-menu-sample menu-down-enter burst sample 2,orbit-menu-sample,menu,menu-down-enter,,burst,2,ArrowDown Enter,ran File | none | @button:Add attachment,1,1,ArrowDown>button:Add attachment[none|f=button:Add attachment|h=None]@30.4 ; Enter>button:Add attachment[menu×1|f=button:Add attachment|h=File]@62.3 ; Enter*>menuitem:File[menu×1|f=button:Add attachment|h=File]@62.4
chromium-dark-desktop › orbit-menu-sample menu-down-enter burst sample 3,orbit-menu-sample,menu,menu-down-enter,,burst,3,ArrowDown Enter,ran File | none | @button:Add attachment,1,1,ArrowDown>button:Add attachment[none|f=button:Add attachment|h=None]@33.2 ; Enter>button:Add attachment[menu×1|f=button:Add attachment|h=File]@114.2 ; Enter*>menuitem:File[menu×1|f=button:Add attachment|h=File]@114.4
chromium-dark-desktop › orbit-menu-sample menu-down-enter burst sample 4,orbit-menu-sample,menu,menu-down-enter,,burst,4,ArrowDown Enter,ran File | none | @button:Add attachment,1,1,ArrowDown>button:Add attachment[none|f=button:Add attachment|h=None]@25.6 ; Enter>button:Add attachment[menu×1|f=button:Add attachment|h=File]@49 ; Enter*>menuitem:File[menu×1|f=button:Add attachment|h=File]@49.1
chromium-dark-desktop › orbit-menu-sample menu-down-enter burst sample 5,orbit-menu-sample,menu,menu-down-enter,,burst,5,ArrowDown Enter,ran File | none | @button:Add attachment,1,1,ArrowDown>button:Add attachment[none|f=button:Add attachment|h=None]@28.7 ; Enter>button:Add attachment[menu×1|f=button:Add attachment|h=File]@63 ; Enter*>menuitem:File[menu×1|f=button:Add attachment|h=File]@63.1
chromium-dark-desktop › orbit-menu-sample menu-down-enter burst sample 6,orbit-menu-sample,menu,menu-down-enter,,burst,6,ArrowDown Enter,ran File | none | @button:Add attachment,1,1,ArrowDown>button:Add attachment[none|f=button:Add attachment|h=None]@35.4 ; Enter>button:Add attachment[menu×1|f=button:Add attachment|h=File]@66 ; Enter*>menuitem:File[menu×1|f=button:Add attachment|h=File]@66.1
chromium-dark-desktop › orbit-menu-sample menu-down-enter burst sample 7,orbit-menu-sample,menu,menu-down-enter,,burst,7,ArrowDown Enter,ran File | none | @button:Add attachment,1,1,ArrowDown>button:Add attachment[none|f=button:Add attachment|h=None]@31.5 ; Enter>button:Add attachment[menu×1|f=button:Add attachment|h=File]@62.9 ; Enter*>menuitem:File[menu×1|f=button:Add attachment|h=File]@63
chromium-dark-desktop › orbit-menu-sample menu-down-enter burst sample 8,orbit-menu-sample,menu,menu-down-enter,,burst,8,ArrowDown Enter,ran File | none | @button:Add attachment,1,1,ArrowDown>button:Add attachment[none|f=button:Add attachment|h=None]@28.2 ; Enter>button:Add attachment[menu×1|f=button:Add attachment|h=File]@59.7 ; Enter*>menuitem:File[menu×1|f=button:Add attachment|h=File]@59.8
chromium-dark-desktop › orbit-menu-sample menu-down-enter burst sample 9,orbit-menu-sample,menu,menu-down-enter,,burst,9,ArrowDown Enter,ran File | none | @button:Add attachment,1,1,ArrowDown>button:Add attachment[none|f=button:Add attachment|h=None]@30.1 ; Enter>button:Add attachment[menu×1|f=button:Add attachment|h=File]@61.5 ; Enter*>menuitem:File[menu×1|f=button:Add attachment|h=File]@61.6
chromium-dark-desktop › orbit-menu-sample menu-down-enter burst sample 10,orbit-menu-sample,menu,menu-down-enter,,burst,10,ArrowDown Enter,ran File | none | @button:Add attachment,1,1,ArrowDown>button:Add attachment[none|f=button:Add attachment|h=None]@23.9 ; Enter>button:Add attachment[menu×1|f=button:Add attachment|h=File]@53.7 ; Enter*>menuitem:File[menu×1|f=button:Add attachment|h=File]@53.8
chromium-dark-desktop › orbit-menu-sample menu-down-enter burst sample 11,orbit-menu-sample,menu,menu-down-enter,,burst,11,ArrowDown Enter,ran File | none | @button:Add attachment,1,1,ArrowDown>button:Add attachment[none|f=button:Add attachment|h=None]@28.2 ; Enter>button:Add attachment[menu×1|f=button:Add attachment|h=File]@57.7 ; Enter*>menuitem:File[menu×1|f=button:Add attachment|h=File]@57.7
chromium-dark-desktop › orbit-menu-sample menu-down-enter burst sample 12,orbit-menu-sample,menu,menu-down-enter,,burst,12,ArrowDown Enter,ran File | none | @button:Add attachment,1,1,ArrowDown>button:Add attachment[none|f=button:Add attachment|h=None]@23.7 ; Enter>button:Add attachment[menu×1|f=button:Add attachment|h=File]@52.8 ; Enter*>menuitem:File[menu×1|f=button:Add attachment|h=File]@52.9
chromium-dark-desktop › orbit-menu-sample menu-down-enter burst sample 13,orbit-menu-sample,menu,menu-down-enter,,burst,13,ArrowDown Enter,ran File | none | @button:Add attachment,1,1,ArrowDown>button:Add attachment[none|f=button:Add attachment|h=None]@23.4 ; Enter>button:Add attachment[menu×1|f=button:Add attachment|h=File]@58.6 ; Enter*>menuitem:File[menu×1|f=button:Add attachment|h=File]@58.8
chromium-dark-desktop › orbit-menu-sample menu-down-enter burst sample 14,orbit-menu-sample,menu,menu-down-enter,,burst,14,ArrowDown Enter,ran File | none | @button:Add attachment,1,1,ArrowDown>button:Add attachment[none|f=button:Add attachment|h=None]@27.1 ; Enter>button:Add attachment[menu×1|f=button:Add attachment|h=File]@59.6 ; Enter*>menuitem:File[menu×1|f=button:Add attachment|h=File]@59.7
chromium-dark-desktop › orbit-menu-sample menu-down-enter burst sample 15,orbit-menu-sample,menu,menu-down-enter,,burst,15,ArrowDown Enter,ran File | none | @button:Add attachment,1,1,ArrowDown>button:Add attachment[none|f=button:Add attachment|h=None]@19.9 ; Enter>button:Add attachment[menu×1|f=button:Add attachment|h=File]@50.7 ; Enter*>menuitem:File[menu×1|f=button:Add attachment|h=File]@50.8
chromium-dark-desktop › orbit-menu-sample menu-down-enter burst sample 16,orbit-menu-sample,menu,menu-down-enter,,burst,16,ArrowDown Enter,ran File | none | @button:Add attachment,1,1,ArrowDown>button:Add attachment[none|f=button:Add attachment|h=None]@33.5 ; Enter>button:Add attachment[menu×1|f=button:Add attachment|h=File]@67.2 ; Enter*>menuitem:File[menu×1|f=button:Add attachment|h=File]@67.2
chromium-dark-desktop › orbit-menu-sample menu-down-enter burst sample 17,orbit-menu-sample,menu,menu-down-enter,,burst,17,ArrowDown Enter,ran File | none | @button:Add attachment,1,1,ArrowDown>button:Add attachment[none|f=button:Add attachment|h=None]@26.8 ; Enter>button:Add attachment[menu×1|f=button:Add attachment|h=File]@57.8 ; Enter*>menuitem:File[menu×1|f=button:Add attachment|h=File]@57.9
chromium-dark-desktop › orbit-menu-sample menu-down-enter burst sample 18,orbit-menu-sample,menu,menu-down-enter,,burst,18,ArrowDown Enter,ran File | none | @button:Add attachment,1,1,ArrowDown>button:Add attachment[none|f=button:Add attachment|h=None]@25.3 ; Enter>button:Add attachment[menu×1|f=button:Add attachment|h=File]@67.3 ; Enter*>menuitem:File[menu×1|f=button:Add attachment|h=File]@67.4
chromium-dark-desktop › orbit-menu-sample menu-down-enter burst sample 19,orbit-menu-sample,menu,menu-down-enter,,burst,19,ArrowDown Enter,ran File | none | @button:Add attachment,1,1,ArrowDown>button:Add attachment[none|f=button:Add attachment|h=None]@20.6 ; Enter>button:Add attachment[menu×1|f=button:Add attachment|h=File]@49.1 ; Enter*>menuitem:File[menu×1|f=button:Add attachment|h=File]@49.1
chromium-dark-desktop › orbit-menu-sample menu-down-enter paced sample 0,orbit-menu-sample,menu,menu-down-enter,,paced,0,ArrowDown Enter,ran File | none | @button:Add attachment,0,0,ArrowDown>button:Add attachment[none|f=button:Add attachment|h=None]@19.8 ; Enter>menuitem:File[menu×1|f=menuitem:File|h=File]@358.6
chromium-dark-desktop › orbit-menu-sample menu-down-enter paced sample 1,orbit-menu-sample,menu,menu-down-enter,,paced,1,ArrowDown Enter,ran File | none | @button:Add attachment,0,0,ArrowDown>button:Add attachment[none|f=button:Add attachment|h=None]@22.5 ; Enter>menuitem:File[menu×1|f=menuitem:File|h=File]@368.6
chromium-dark-desktop › orbit-menu-sample menu-down-enter paced sample 2,orbit-menu-sample,menu,menu-down-enter,,paced,2,ArrowDown Enter,ran File | none | @button:Add attachment,0,0,ArrowDown>button:Add attachment[none|f=button:Add attachment|h=None]@17.7 ; Enter>menuitem:File[menu×1|f=menuitem:File|h=File]@355.9
chromium-dark-desktop › orbit-menu-sample menu-down-enter paced sample 3,orbit-menu-sample,menu,menu-down-enter,,paced,3,ArrowDown Enter,ran File | none | @button:Add attachment,0,0,ArrowDown>button:Add attachment[none|f=button:Add attachment|h=None]@20.2 ; Enter>menuitem:File[menu×1|f=menuitem:File|h=File]@357.4
chromium-dark-desktop › orbit-menu-sample menu-down-enter paced sample 4,orbit-menu-sample,menu,menu-down-enter,,paced,4,ArrowDown Enter,ran File | none | @button:Add attachment,0,0,ArrowDown>button:Add attachment[none|f=button:Add attachment|h=None]@27.5 ; Enter>menuitem:File[menu×1|f=menuitem:File|h=File]@368.7
chromium-dark-desktop › orbit-menu-sample menu-down-enter paced sample 5,orbit-menu-sample,menu,menu-down-enter,,paced,5,ArrowDown Enter,ran File | none | @button:Add attachment,0,0,ArrowDown>button:Add attachment[none|f=button:Add attachment|h=None]@35.9 ; Enter>menuitem:File[menu×1|f=menuitem:File|h=File]@375.1
chromium-dark-desktop › orbit-menu-sample menu-down-enter paced sample 6,orbit-menu-sample,menu,menu-down-enter,,paced,6,ArrowDown Enter,ran File | none | @button:Add attachment,0,0,ArrowDown>button:Add attachment[none|f=button:Add attachment|h=None]@27.2 ; Enter>menuitem:File[menu×1|f=menuitem:File|h=File]@365.7
chromium-dark-desktop › orbit-menu-sample menu-down-enter paced sample 7,orbit-menu-sample,menu,menu-down-enter,,paced,7,ArrowDown Enter,ran File | none | @button:Add attachment,0,0,ArrowDown>button:Add attachment[none|f=button:Add attachment|h=None]@17.4 ; Enter>menuitem:File[menu×1|f=menuitem:File|h=File]@356.4
chromium-dark-desktop › orbit-menu-sample menu-down-enter paced sample 8,orbit-menu-sample,menu,menu-down-enter,,paced,8,ArrowDown Enter,ran File | none | @button:Add attachment,0,0,ArrowDown>button:Add attachment[none|f=button:Add attachment|h=None]@26.1 ; Enter>menuitem:File[menu×1|f=menuitem:File|h=File]@360.7
chromium-dark-desktop › orbit-menu-sample menu-down-enter paced sample 9,orbit-menu-sample,menu,menu-down-enter,,paced,9,ArrowDown Enter,ran File | none | @button:Add attachment,0,0,ArrowDown>button:Add attachment[none|f=button:Add attachment|h=None]@24.2 ; Enter>menuitem:File[menu×1|f=menuitem:File|h=File]@362.6
chromium-dark-desktop › orbit-menu-sample menu-down-enter paced sample 10,orbit-menu-sample,menu,menu-down-enter,,paced,10,ArrowDown Enter,ran File | none | @button:Add attachment,0,0,ArrowDown>button:Add attachment[none|f=button:Add attachment|h=None]@36.1 ; Enter>menuitem:File[menu×1|f=menuitem:File|h=File]@373.4
chromium-dark-desktop › orbit-menu-sample menu-down-enter paced sample 11,orbit-menu-sample,menu,menu-down-enter,,paced,11,ArrowDown Enter,ran File | none | @button:Add attachment,0,0,ArrowDown>button:Add attachment[none|f=button:Add attachment|h=None]@32.4 ; Enter>menuitem:File[menu×1|f=menuitem:File|h=File]@361.6
chromium-dark-desktop › orbit-menu-sample menu-down-enter paced sample 12,orbit-menu-sample,menu,menu-down-enter,,paced,12,ArrowDown Enter,ran File | none | @button:Add attachment,0,0,ArrowDown>button:Add attachment[none|f=button:Add attachment|h=None]@20.5 ; Enter>menuitem:File[menu×1|f=menuitem:File|h=File]@358.4
chromium-dark-desktop › orbit-menu-sample menu-down-enter paced sample 13,orbit-menu-sample,menu,menu-down-enter,,paced,13,ArrowDown Enter,ran File | none | @button:Add attachment,0,0,ArrowDown>button:Add attachment[none|f=button:Add attachment|h=None]@29.1 ; Enter>menuitem:File[menu×1|f=menuitem:File|h=File]@372.8
chromium-dark-desktop › orbit-menu-sample menu-down-enter paced sample 14,orbit-menu-sample,menu,menu-down-enter,,paced,14,ArrowDown Enter,ran File | none | @button:Add attachment,0,0,ArrowDown>button:Add attachment[none|f=button:Add attachment|h=None]@27.1 ; Enter>menuitem:File[menu×1|f=menuitem:File|h=File]@365.5
chromium-dark-desktop › orbit-menu-sample menu-down-enter paced sample 15,orbit-menu-sample,menu,menu-down-enter,,paced,15,ArrowDown Enter,ran File | none | @button:Add attachment,0,0,ArrowDown>button:Add attachment[none|f=button:Add attachment|h=None]@18.4 ; Enter>menuitem:File[menu×1|f=menuitem:File|h=File]@361.2
chromium-dark-desktop › orbit-menu-sample menu-down-enter paced sample 16,orbit-menu-sample,menu,menu-down-enter,,paced,16,ArrowDown Enter,ran File | none | @button:Add attachment,0,0,ArrowDown>button:Add attachment[none|f=button:Add attachment|h=None]@27.1 ; Enter>menuitem:File[menu×1|f=menuitem:File|h=File]@364.1
chromium-dark-desktop › orbit-menu-sample menu-down-enter paced sample 17,orbit-menu-sample,menu,menu-down-enter,,paced,17,ArrowDown Enter,ran File | none | @button:Add attachment,0,0,ArrowDown>button:Add attachment[none|f=button:Add attachment|h=None]@25.1 ; Enter>menuitem:File[menu×1|f=menuitem:File|h=File]@363.8
chromium-dark-desktop › orbit-menu-sample menu-down-enter paced sample 18,orbit-menu-sample,menu,menu-down-enter,,paced,18,ArrowDown Enter,ran File | none | @button:Add attachment,0,0,ArrowDown>button:Add attachment[none|f=button:Add attachment|h=None]@31 ; Enter>menuitem:File[menu×1|f=menuitem:File|h=File]@366.3
chromium-dark-desktop › orbit-menu-sample menu-down-enter paced sample 19,orbit-menu-sample,menu,menu-down-enter,,paced,19,ArrowDown Enter,ran File | none | @button:Add attachment,0,0,ArrowDown>button:Add attachment[none|f=button:Add attachment|h=None]@21.7 ; Enter>menuitem:File[menu×1|f=menuitem:File|h=File]@356.6
chromium-dark-desktop › antd-menu menu-down-enter burst sample 0,antd-menu,menu,menu-down-enter,,burst,0,ArrowDown Enter,none | menu×1 | @button:Add attachment,0,0,ArrowDown>button:Add attachment[none|f=button:Add attachment|h=None]@28.8 ; Enter>button:Add attachment[none|f=button:Add attachment|h=None]@29.7
chromium-dark-desktop › antd-menu menu-down-enter burst sample 1,antd-menu,menu,menu-down-enter,,burst,1,ArrowDown Enter,none | menu×1 | @button:Add attachment,0,0,ArrowDown>button:Add attachment[none|f=button:Add attachment|h=None]@28.2 ; Enter>button:Add attachment[none|f=button:Add attachment|h=None]@28.9
chromium-dark-desktop › antd-menu menu-down-enter burst sample 2,antd-menu,menu,menu-down-enter,,burst,2,ArrowDown Enter,none | menu×1 | @button:Add attachment,0,0,ArrowDown>button:Add attachment[none|f=button:Add attachment|h=None]@21.8 ; Enter>button:Add attachment[none|f=button:Add attachment|h=None]@22.3
chromium-dark-desktop › antd-menu menu-down-enter burst sample 3,antd-menu,menu,menu-down-enter,,burst,3,ArrowDown Enter,none | menu×1 | @button:Add attachment,0,0,ArrowDown>button:Add attachment[none|f=button:Add attachment|h=None]@31.9 ; Enter>button:Add attachment[none|f=button:Add attachment|h=None]@32.8
chromium-dark-desktop › antd-menu menu-down-enter burst sample 4,antd-menu,menu,menu-down-enter,,burst,4,ArrowDown Enter,none | menu×1 | @button:Add attachment,0,0,ArrowDown>button:Add attachment[none|f=button:Add attachment|h=None]@30.4 ; Enter>button:Add attachment[none|f=button:Add attachment|h=None]@31.1
chromium-dark-desktop › antd-menu menu-down-enter burst sample 5,antd-menu,menu,menu-down-enter,,burst,5,ArrowDown Enter,none | menu×1 | @button:Add attachment,0,0,ArrowDown>button:Add attachment[none|f=button:Add attachment|h=None]@30.8 ; Enter>button:Add attachment[none|f=button:Add attachment|h=None]@31.3
chromium-dark-desktop › antd-menu menu-down-enter burst sample 6,antd-menu,menu,menu-down-enter,,burst,6,ArrowDown Enter,none | menu×1 | @button:Add attachment,0,0,ArrowDown>button:Add attachment[none|f=button:Add attachment|h=None]@31.3 ; Enter>button:Add attachment[none|f=button:Add attachment|h=None]@31.9
chromium-dark-desktop › antd-menu menu-down-enter burst sample 7,antd-menu,menu,menu-down-enter,,burst,7,ArrowDown Enter,none | menu×1 | @button:Add attachment,0,0,ArrowDown>button:Add attachment[none|f=button:Add attachment|h=None]@32 ; Enter>button:Add attachment[none|f=button:Add attachment|h=None]@32.7
chromium-dark-desktop › antd-menu menu-down-enter burst sample 8,antd-menu,menu,menu-down-enter,,burst,8,ArrowDown Enter,none | menu×1 | @button:Add attachment,0,0,ArrowDown>button:Add attachment[none|f=button:Add attachment|h=None]@26.7 ; Enter>button:Add attachment[none|f=button:Add attachment|h=None]@27.3
chromium-dark-desktop › antd-menu menu-down-enter burst sample 9,antd-menu,menu,menu-down-enter,,burst,9,ArrowDown Enter,none | menu×1 | @button:Add attachment,0,0,ArrowDown>button:Add attachment[none|f=button:Add attachment|h=None]@31.2 ; Enter>button:Add attachment[none|f=button:Add attachment|h=None]@32
chromium-dark-desktop › antd-menu menu-down-enter burst sample 10,antd-menu,menu,menu-down-enter,,burst,10,ArrowDown Enter,none | menu×1 | @button:Add attachment,0,0,ArrowDown>button:Add attachment[none|f=button:Add attachment|h=None]@31.8 ; Enter>button:Add attachment[none|f=button:Add attachment|h=None]@32.7
chromium-dark-desktop › antd-menu menu-down-enter burst sample 11,antd-menu,menu,menu-down-enter,,burst,11,ArrowDown Enter,none | menu×1 | @button:Add attachment,0,0,ArrowDown>button:Add attachment[none|f=button:Add attachment|h=None]@26.6 ; Enter>button:Add attachment[none|f=button:Add attachment|h=None]@27.4
chromium-dark-desktop › antd-menu menu-down-enter burst sample 12,antd-menu,menu,menu-down-enter,,burst,12,ArrowDown Enter,none | menu×1 | @button:Add attachment,0,0,ArrowDown>button:Add attachment[none|f=button:Add attachment|h=None]@28.7 ; Enter>button:Add attachment[none|f=button:Add attachment|h=None]@29.4
chromium-dark-desktop › antd-menu menu-down-enter burst sample 13,antd-menu,menu,menu-down-enter,,burst,13,ArrowDown Enter,none | menu×1 | @button:Add attachment,0,0,ArrowDown>button:Add attachment[none|f=button:Add attachment|h=None]@22 ; Enter>button:Add attachment[none|f=button:Add attachment|h=None]@22.7
chromium-dark-desktop › antd-menu menu-down-enter burst sample 14,antd-menu,menu,menu-down-enter,,burst,14,ArrowDown Enter,none | menu×1 | @button:Add attachment,0,0,ArrowDown>button:Add attachment[none|f=button:Add attachment|h=None]@23.9 ; Enter>button:Add attachment[none|f=button:Add attachment|h=None]@24.5
chromium-dark-desktop › antd-menu menu-down-enter burst sample 15,antd-menu,menu,menu-down-enter,,burst,15,ArrowDown Enter,none | menu×1 | @button:Add attachment,0,0,ArrowDown>button:Add attachment[none|f=button:Add attachment|h=None]@25.5 ; Enter>button:Add attachment[none|f=button:Add attachment|h=None]@26.1
chromium-dark-desktop › antd-menu menu-down-enter burst sample 16,antd-menu,menu,menu-down-enter,,burst,16,ArrowDown Enter,none | menu×1 | @button:Add attachment,0,0,ArrowDown>button:Add attachment[none|f=button:Add attachment|h=None]@30.7 ; Enter>button:Add attachment[none|f=button:Add attachment|h=None]@31.4
chromium-dark-desktop › antd-menu menu-down-enter burst sample 17,antd-menu,menu,menu-down-enter,,burst,17,ArrowDown Enter,none | menu×1 | @button:Add attachment,0,0,ArrowDown>button:Add attachment[none|f=button:Add attachment|h=None]@26.5 ; Enter>button:Add attachment[none|f=button:Add attachment|h=None]@27.2
chromium-dark-desktop › antd-menu menu-down-enter burst sample 18,antd-menu,menu,menu-down-enter,,burst,18,ArrowDown Enter,none | menu×1 | @button:Add attachment,0,0,ArrowDown>button:Add attachment[none|f=button:Add attachment|h=None]@20.8 ; Enter>button:Add attachment[none|f=button:Add attachment|h=None]@21.5
chromium-dark-desktop › antd-menu menu-down-enter burst sample 19,antd-menu,menu,menu-down-enter,,burst,19,ArrowDown Enter,none | menu×1 | @button:Add attachment,0,0,ArrowDown>button:Add attachment[none|f=button:Add attachment|h=None]@20.9 ; Enter>button:Add attachment[none|f=button:Add attachment|h=None]@21.8
chromium-dark-desktop › antd-menu menu-down-enter paced sample 0,antd-menu,menu,menu-down-enter,,paced,0,ArrowDown Enter,none | menu×1 | @button:Add attachment,0,0,ArrowDown>button:Add attachment[none|f=button:Add attachment|h=None]@20.8 ; Enter>button:Add attachment[none|f=button:Add attachment|h=None]@327.2
chromium-dark-desktop › antd-menu menu-down-enter paced sample 1,antd-menu,menu,menu-down-enter,,paced,1,ArrowDown Enter,none | menu×1 | @button:Add attachment,0,0,ArrowDown>button:Add attachment[none|f=button:Add attachment|h=None]@32.8 ; Enter>button:Add attachment[none|f=button:Add attachment|h=None]@337.4
chromium-dark-desktop › antd-menu menu-down-enter paced sample 2,antd-menu,menu,menu-down-enter,,paced,2,ArrowDown Enter,none | menu×1 | @button:Add attachment,0,0,ArrowDown>button:Add attachment[none|f=button:Add attachment|h=None]@34.1 ; Enter>button:Add attachment[none|f=button:Add attachment|h=None]@337.8
chromium-dark-desktop › antd-menu menu-down-enter paced sample 3,antd-menu,menu,menu-down-enter,,paced,3,ArrowDown Enter,none | menu×1 | @button:Add attachment,0,0,ArrowDown>button:Add attachment[none|f=button:Add attachment|h=None]@17.5 ; Enter>button:Add attachment[none|f=button:Add attachment|h=None]@321.2
chromium-dark-desktop › antd-menu menu-down-enter paced sample 4,antd-menu,menu,menu-down-enter,,paced,4,ArrowDown Enter,none | menu×1 | @button:Add attachment,0,0,ArrowDown>button:Add attachment[none|f=button:Add attachment|h=None]@21 ; Enter>button:Add attachment[none|f=button:Add attachment|h=None]@325.7
chromium-dark-desktop › antd-menu menu-down-enter paced sample 5,antd-menu,menu,menu-down-enter,,paced,5,ArrowDown Enter,none | menu×1 | @button:Add attachment,0,0,ArrowDown>button:Add attachment[none|f=button:Add attachment|h=None]@39.1 ; Enter>button:Add attachment[none|f=button:Add attachment|h=None]@344.5
chromium-dark-desktop › antd-menu menu-down-enter paced sample 6,antd-menu,menu,menu-down-enter,,paced,6,ArrowDown Enter,none | menu×1 | @button:Add attachment,0,0,ArrowDown>button:Add attachment[none|f=button:Add attachment|h=None]@28.9 ; Enter>button:Add attachment[none|f=button:Add attachment|h=None]@334.7
chromium-dark-desktop › antd-menu menu-down-enter paced sample 7,antd-menu,menu,menu-down-enter,,paced,7,ArrowDown Enter,none | menu×1 | @button:Add attachment,0,0,ArrowDown>button:Add attachment[none|f=button:Add attachment|h=None]@31 ; Enter>button:Add attachment[none|f=button:Add attachment|h=None]@335.6
chromium-dark-desktop › antd-menu menu-down-enter paced sample 8,antd-menu,menu,menu-down-enter,,paced,8,ArrowDown Enter,none | menu×1 | @button:Add attachment,0,0,ArrowDown>button:Add attachment[none|f=button:Add attachment|h=None]@36.7 ; Enter>button:Add attachment[none|f=button:Add attachment|h=None]@342.1
chromium-dark-desktop › antd-menu menu-down-enter paced sample 9,antd-menu,menu,menu-down-enter,,paced,9,ArrowDown Enter,none | menu×1 | @button:Add attachment,0,0,ArrowDown>button:Add attachment[none|f=button:Add attachment|h=None]@15.7 ; Enter>button:Add attachment[none|f=button:Add attachment|h=None]@319
chromium-dark-desktop › antd-menu menu-down-enter paced sample 10,antd-menu,menu,menu-down-enter,,paced,10,ArrowDown Enter,none | menu×1 | @button:Add attachment,0,0,ArrowDown>button:Add attachment[none|f=button:Add attachment|h=None]@32.5 ; Enter>button:Add attachment[none|f=button:Add attachment|h=None]@335.6
chromium-dark-desktop › antd-menu menu-down-enter paced sample 11,antd-menu,menu,menu-down-enter,,paced,11,ArrowDown Enter,none | menu×1 | @button:Add attachment,0,0,ArrowDown>button:Add attachment[none|f=button:Add attachment|h=None]@27.9 ; Enter>button:Add attachment[none|f=button:Add attachment|h=None]@331.1
chromium-dark-desktop › antd-menu menu-down-enter paced sample 12,antd-menu,menu,menu-down-enter,,paced,12,ArrowDown Enter,none | menu×1 | @button:Add attachment,0,0,ArrowDown>button:Add attachment[none|f=button:Add attachment|h=None]@28.8 ; Enter>button:Add attachment[none|f=button:Add attachment|h=None]@332.9
chromium-dark-desktop › antd-menu menu-down-enter paced sample 13,antd-menu,menu,menu-down-enter,,paced,13,ArrowDown Enter,none | menu×1 | @button:Add attachment,0,0,ArrowDown>button:Add attachment[none|f=button:Add attachment|h=None]@28.2 ; Enter>button:Add attachment[none|f=button:Add attachment|h=None]@332.9
chromium-dark-desktop › antd-menu menu-down-enter paced sample 14,antd-menu,menu,menu-down-enter,,paced,14,ArrowDown Enter,none | menu×1 | @button:Add attachment,0,0,ArrowDown>button:Add attachment[none|f=button:Add attachment|h=None]@15.5 ; Enter>button:Add attachment[none|f=button:Add attachment|h=None]@321.3
chromium-dark-desktop › antd-menu menu-down-enter paced sample 15,antd-menu,menu,menu-down-enter,,paced,15,ArrowDown Enter,none | menu×1 | @button:Add attachment,0,0,ArrowDown>button:Add attachment[none|f=button:Add attachment|h=None]@26.4 ; Enter>button:Add attachment[none|f=button:Add attachment|h=None]@331.1
chromium-dark-desktop › antd-menu menu-down-enter paced sample 16,antd-menu,menu,menu-down-enter,,paced,16,ArrowDown Enter,none | menu×1 | @button:Add attachment,0,0,ArrowDown>button:Add attachment[none|f=button:Add attachment|h=None]@19.1 ; Enter>button:Add attachment[none|f=button:Add attachment|h=None]@322.6
chromium-dark-desktop › antd-menu menu-down-enter paced sample 17,antd-menu,menu,menu-down-enter,,paced,17,ArrowDown Enter,none | menu×1 | @button:Add attachment,0,0,ArrowDown>button:Add attachment[none|f=button:Add attachment|h=None]@33.1 ; Enter>button:Add attachment[none|f=button:Add attachment|h=None]@338.4
chromium-dark-desktop › antd-menu menu-down-enter paced sample 18,antd-menu,menu,menu-down-enter,,paced,18,ArrowDown Enter,none | menu×1 | @button:Add attachment,0,0,ArrowDown>button:Add attachment[none|f=button:Add attachment|h=None]@21.7 ; Enter>button:Add attachment[none|f=button:Add attachment|h=None]@327.4
chromium-dark-desktop › antd-menu menu-down-enter paced sample 19,antd-menu,menu,menu-down-enter,,paced,19,ArrowDown Enter,none | menu×1 | @button:Add attachment,0,0,ArrowDown>button:Add attachment[none|f=button:Add attachment|h=None]@17.5 ; Enter>button:Add attachment[none|f=button:Add attachment|h=None]@321.8
chromium-dark-desktop › orbit-menu menu-down-end-enter burst sample 0,orbit-menu,menu,menu-down-end-enter,menu-down-enter,burst,0,ArrowDown End Enter,Action=file | none | @button:Add attachment,1,1,ArrowDown>button:Add attachment[none|f=button:Add attachment|h=None]@19.9 ; End>button:Add attachment[menu×1|f=button:Add attachment|h=File]@44.7 ; Enter>button:Add attachment[menu×1|f=button:Add attachment|h=File]@45 ; Enter*>menuitem:File[menu×1|f=button:Add attachment|h=File]@45.1
chromium-dark-desktop › orbit-menu menu-down-end-enter burst sample 1,orbit-menu,menu,menu-down-end-enter,menu-down-enter,burst,1,ArrowDown End Enter,Action=file | none | @button:Add attachment,1,1,ArrowDown>button:Add attachment[none|f=button:Add attachment|h=None]@28.3 ; End>button:Add attachment[menu×1|f=button:Add attachment|h=File]@53.1 ; Enter>button:Add attachment[menu×1|f=button:Add attachment|h=File]@53.4 ; Enter*>menuitem:File[menu×1|f=button:Add attachment|h=File]@53.5
chromium-dark-desktop › orbit-menu menu-down-end-enter burst sample 2,orbit-menu,menu,menu-down-end-enter,menu-down-enter,burst,2,ArrowDown End Enter,Action=file | none | @button:Add attachment,1,1,ArrowDown>button:Add attachment[none|f=button:Add attachment|h=None]@32.6 ; End>button:Add attachment[menu×1|f=button:Add attachment|h=File]@61.6 ; Enter>button:Add attachment[menu×1|f=button:Add attachment|h=File]@61.9 ; Enter*>menuitem:File[menu×1|f=button:Add attachment|h=File]@62
chromium-dark-desktop › orbit-menu menu-down-end-enter burst sample 3,orbit-menu,menu,menu-down-end-enter,menu-down-enter,burst,3,ArrowDown End Enter,Action=file | none | @button:Add attachment,1,1,ArrowDown>button:Add attachment[none|f=button:Add attachment|h=None]@15.6 ; End>button:Add attachment[menu×1|f=button:Add attachment|h=File]@34.3 ; Enter>button:Add attachment[menu×1|f=button:Add attachment|h=File]@34.5 ; Enter*>menuitem:File[menu×1|f=button:Add attachment|h=File]@34.5
chromium-dark-desktop › orbit-menu menu-down-end-enter burst sample 4,orbit-menu,menu,menu-down-end-enter,menu-down-enter,burst,4,ArrowDown End Enter,Action=file | none | @button:Add attachment,1,1,ArrowDown>button:Add attachment[none|f=button:Add attachment|h=None]@15.2 ; End>button:Add attachment[menu×1|f=button:Add attachment|h=File]@33.9 ; Enter>button:Add attachment[menu×1|f=button:Add attachment|h=File]@34.2 ; Enter*>menuitem:File[menu×1|f=button:Add attachment|h=File]@34.3
chromium-dark-desktop › orbit-menu menu-down-end-enter burst sample 5,orbit-menu,menu,menu-down-end-enter,menu-down-enter,burst,5,ArrowDown End Enter,Action=file | none | @button:Add attachment,1,1,ArrowDown>button:Add attachment[none|f=button:Add attachment|h=None]@21.1 ; End>button:Add attachment[menu×1|f=button:Add attachment|h=File]@49 ; Enter>button:Add attachment[menu×1|f=button:Add attachment|h=File]@49.4 ; Enter*>menuitem:File[menu×1|f=button:Add attachment|h=File]@49.4
chromium-dark-desktop › orbit-menu menu-down-end-enter burst sample 6,orbit-menu,menu,menu-down-end-enter,menu-down-enter,burst,6,ArrowDown End Enter,Action=file | none | @button:Add attachment,1,1,ArrowDown>button:Add attachment[none|f=button:Add attachment|h=None]@26.8 ; End>button:Add attachment[menu×1|f=button:Add attachment|h=File]@52.4 ; Enter>button:Add attachment[menu×1|f=button:Add attachment|h=File]@52.7 ; Enter*>menuitem:File[menu×1|f=button:Add attachment|h=File]@52.8
chromium-dark-desktop › orbit-menu menu-down-end-enter burst sample 7,orbit-menu,menu,menu-down-end-enter,menu-down-enter,burst,7,ArrowDown End Enter,Action=file | none | @button:Add attachment,1,1,ArrowDown>button:Add attachment[none|f=button:Add attachment|h=None]@24.1 ; End>button:Add attachment[menu×1|f=button:Add attachment|h=File]@48.6 ; Enter>button:Add attachment[menu×1|f=button:Add attachment|h=File]@48.9 ; Enter*>menuitem:File[menu×1|f=button:Add attachment|h=File]@49
chromium-dark-desktop › orbit-menu menu-down-end-enter burst sample 8,orbit-menu,menu,menu-down-end-enter,menu-down-enter,burst,8,ArrowDown End Enter,Action=file | none | @button:Add attachment,1,1,ArrowDown>button:Add attachment[none|f=button:Add attachment|h=None]@25.9 ; End>button:Add attachment[menu×1|f=button:Add attachment|h=File]@53.6 ; Enter>button:Add attachment[menu×1|f=button:Add attachment|h=File]@53.9 ; Enter*>menuitem:File[menu×1|f=button:Add attachment|h=File]@54
chromium-dark-desktop › orbit-menu menu-down-end-enter burst sample 9,orbit-menu,menu,menu-down-end-enter,menu-down-enter,burst,9,ArrowDown End Enter,Action=file | none | @button:Add attachment,1,1,ArrowDown>button:Add attachment[none|f=button:Add attachment|h=None]@26.8 ; End>button:Add attachment[menu×1|f=button:Add attachment|h=File]@52.6 ; Enter>button:Add attachment[menu×1|f=button:Add attachment|h=File]@52.9 ; Enter*>menuitem:File[menu×1|f=button:Add attachment|h=File]@53.1
chromium-dark-desktop › orbit-menu menu-down-end-enter burst sample 10,orbit-menu,menu,menu-down-end-enter,menu-down-enter,burst,10,ArrowDown End Enter,Action=file | none | @button:Add attachment,1,1,ArrowDown>button:Add attachment[none|f=button:Add attachment|h=None]@17.1 ; End>button:Add attachment[menu×1|f=button:Add attachment|h=File]@41.9 ; Enter>button:Add attachment[menu×1|f=button:Add attachment|h=File]@42.3 ; Enter*>menuitem:File[menu×1|f=button:Add attachment|h=File]@42.3
chromium-dark-desktop › orbit-menu menu-down-end-enter burst sample 11,orbit-menu,menu,menu-down-end-enter,menu-down-enter,burst,11,ArrowDown End Enter,Action=file | none | @button:Add attachment,1,1,ArrowDown>button:Add attachment[none|f=button:Add attachment|h=None]@22.6 ; End>button:Add attachment[menu×1|f=button:Add attachment|h=File]@46.8 ; Enter>button:Add attachment[menu×1|f=button:Add attachment|h=File]@47.1 ; Enter*>menuitem:File[menu×1|f=button:Add attachment|h=File]@47.2
chromium-dark-desktop › orbit-menu menu-down-end-enter burst sample 12,orbit-menu,menu,menu-down-end-enter,menu-down-enter,burst,12,ArrowDown End Enter,Action=file | none | @button:Add attachment,1,1,ArrowDown>button:Add attachment[none|f=button:Add attachment|h=None]@21.9 ; End>button:Add attachment[menu×1|f=button:Add attachment|h=File]@48.5 ; Enter>button:Add attachment[menu×1|f=button:Add attachment|h=File]@48.8 ; Enter*>menuitem:File[menu×1|f=button:Add attachment|h=File]@48.9
chromium-dark-desktop › orbit-menu menu-down-end-enter burst sample 13,orbit-menu,menu,menu-down-end-enter,menu-down-enter,burst,13,ArrowDown End Enter,Action=file | none | @button:Add attachment,1,1,ArrowDown>button:Add attachment[none|f=button:Add attachment|h=None]@29.6 ; End>button:Add attachment[menu×1|f=button:Add attachment|h=File]@55.6 ; Enter>button:Add attachment[menu×1|f=button:Add attachment|h=File]@55.9 ; Enter*>menuitem:File[menu×1|f=button:Add attachment|h=File]@55.9
chromium-dark-desktop › orbit-menu menu-down-end-enter burst sample 14,orbit-menu,menu,menu-down-end-enter,menu-down-enter,burst,14,ArrowDown End Enter,Action=file | none | @button:Add attachment,1,1,ArrowDown>button:Add attachment[none|f=button:Add attachment|h=None]@26.6 ; End>button:Add attachment[menu×1|f=button:Add attachment|h=File]@52.2 ; Enter>button:Add attachment[menu×1|f=button:Add attachment|h=File]@52.6 ; Enter*>menuitem:File[menu×1|f=button:Add attachment|h=File]@52.7
chromium-dark-desktop › orbit-menu menu-down-end-enter burst sample 15,orbit-menu,menu,menu-down-end-enter,menu-down-enter,burst,15,ArrowDown End Enter,Action=file | none | @button:Add attachment,1,1,ArrowDown>button:Add attachment[none|f=button:Add attachment|h=None]@21.8 ; End>button:Add attachment[menu×1|f=button:Add attachment|h=File]@50.2 ; Enter>button:Add attachment[menu×1|f=button:Add attachment|h=File]@50.5 ; Enter*>menuitem:File[menu×1|f=button:Add attachment|h=File]@50.5
chromium-dark-desktop › orbit-menu menu-down-end-enter burst sample 16,orbit-menu,menu,menu-down-end-enter,menu-down-enter,burst,16,ArrowDown End Enter,Action=file | none | @button:Add attachment,1,1,ArrowDown>button:Add attachment[none|f=button:Add attachment|h=None]@26.3 ; End>button:Add attachment[menu×1|f=button:Add attachment|h=File]@54 ; Enter>button:Add attachment[menu×1|f=button:Add attachment|h=File]@54.2 ; Enter*>menuitem:File[menu×1|f=button:Add attachment|h=File]@54.3
chromium-dark-desktop › orbit-menu menu-down-end-enter burst sample 17,orbit-menu,menu,menu-down-end-enter,menu-down-enter,burst,17,ArrowDown End Enter,Action=file | none | @button:Add attachment,1,1,ArrowDown>button:Add attachment[none|f=button:Add attachment|h=None]@26.8 ; End>button:Add attachment[menu×1|f=button:Add attachment|h=File]@54.4 ; Enter>button:Add attachment[menu×1|f=button:Add attachment|h=File]@54.6 ; Enter*>menuitem:File[menu×1|f=button:Add attachment|h=File]@54.7
chromium-dark-desktop › orbit-menu menu-down-end-enter burst sample 18,orbit-menu,menu,menu-down-end-enter,menu-down-enter,burst,18,ArrowDown End Enter,Action=file | none | @button:Add attachment,1,1,ArrowDown>button:Add attachment[none|f=button:Add attachment|h=None]@23.6 ; End>button:Add attachment[menu×1|f=button:Add attachment|h=File]@49.4 ; Enter>button:Add attachment[menu×1|f=button:Add attachment|h=File]@49.7 ; Enter*>menuitem:File[menu×1|f=button:Add attachment|h=File]@49.8
chromium-dark-desktop › orbit-menu menu-down-end-enter burst sample 19,orbit-menu,menu,menu-down-end-enter,menu-down-enter,burst,19,ArrowDown End Enter,Action=file | none | @button:Add attachment,1,1,ArrowDown>button:Add attachment[none|f=button:Add attachment|h=None]@23.8 ; End>button:Add attachment[menu×1|f=button:Add attachment|h=File]@53.8 ; Enter>button:Add attachment[menu×1|f=button:Add attachment|h=File]@54.2 ; Enter*>menuitem:File[menu×1|f=button:Add attachment|h=File]@54.2
chromium-dark-desktop › orbit-menu menu-down-end-enter paced sample 0,orbit-menu,menu,menu-down-end-enter,menu-down-enter,paced,0,ArrowDown End Enter,Action=command | none | @button:Add attachment,0,0,ArrowDown>button:Add attachment[none|f=button:Add attachment|h=None]@31.1 ; End>menuitem:File[menu×1|f=menuitem:File|h=File]@363.9 ; Enter>menuitem:/Command[menu×1|f=menuitem:/Command|h=/Command]@672.5
chromium-dark-desktop › orbit-menu menu-down-end-enter paced sample 1,orbit-menu,menu,menu-down-end-enter,menu-down-enter,paced,1,ArrowDown End Enter,Action=command | none | @button:Add attachment,0,0,ArrowDown>button:Add attachment[none|f=button:Add attachment|h=None]@16.8 ; End>menuitem:File[menu×1|f=menuitem:File|h=File]@354 ; Enter>menuitem:/Command[menu×1|f=menuitem:/Command|h=/Command]@667.8
chromium-dark-desktop › orbit-menu menu-down-end-enter paced sample 2,orbit-menu,menu,menu-down-end-enter,menu-down-enter,paced,2,ArrowDown End Enter,Action=command | none | @button:Add attachment,0,0,ArrowDown>button:Add attachment[none|f=button:Add attachment|h=None]@23.6 ; End>menuitem:File[menu×1|f=menuitem:File|h=File]@356 ; Enter>menuitem:/Command[menu×1|f=menuitem:/Command|h=/Command]@665.3
chromium-dark-desktop › orbit-menu menu-down-end-enter paced sample 3,orbit-menu,menu,menu-down-end-enter,menu-down-enter,paced,3,ArrowDown End Enter,Action=command | none | @button:Add attachment,0,0,ArrowDown>button:Add attachment[none|f=button:Add attachment|h=None]@19.2 ; End>menuitem:File[menu×1|f=menuitem:File|h=File]@351.7 ; Enter>menuitem:/Command[menu×1|f=menuitem:/Command|h=/Command]@658.9
chromium-dark-desktop › orbit-menu menu-down-end-enter paced sample 4,orbit-menu,menu,menu-down-end-enter,menu-down-enter,paced,4,ArrowDown End Enter,Action=command | none | @button:Add attachment,0,0,ArrowDown>button:Add attachment[none|f=button:Add attachment|h=None]@26.7 ; End>menuitem:File[menu×1|f=menuitem:File|h=File]@369.6 ; Enter>menuitem:/Command[menu×1|f=menuitem:/Command|h=/Command]@678.1
chromium-dark-desktop › orbit-menu menu-down-end-enter paced sample 5,orbit-menu,menu,menu-down-end-enter,menu-down-enter,paced,5,ArrowDown End Enter,Action=command | none | @button:Add attachment,0,0,ArrowDown>button:Add attachment[none|f=button:Add attachment|h=None]@29.8 ; End>menuitem:File[menu×1|f=menuitem:File|h=File]@361.8 ; Enter>menuitem:/Command[menu×1|f=menuitem:/Command|h=/Command]@669
chromium-dark-desktop › orbit-menu menu-down-end-enter paced sample 6,orbit-menu,menu,menu-down-end-enter,menu-down-enter,paced,6,ArrowDown End Enter,Action=command | none | @button:Add attachment,0,0,ArrowDown>button:Add attachment[none|f=button:Add attachment|h=None]@26.2 ; End>menuitem:File[menu×1|f=menuitem:File|h=File]@360.5 ; Enter>menuitem:/Command[menu×1|f=menuitem:/Command|h=/Command]@674.3
chromium-dark-desktop › orbit-menu menu-down-end-enter paced sample 7,orbit-menu,menu,menu-down-end-enter,menu-down-enter,paced,7,ArrowDown End Enter,Action=command | none | @button:Add attachment,0,0,ArrowDown>button:Add attachment[none|f=button:Add attachment|h=None]@25.6 ; End>menuitem:File[menu×1|f=menuitem:File|h=File]@360.1 ; Enter>menuitem:/Command[menu×1|f=menuitem:/Command|h=/Command]@668.1
chromium-dark-desktop › orbit-menu menu-down-end-enter paced sample 8,orbit-menu,menu,menu-down-end-enter,menu-down-enter,paced,8,ArrowDown End Enter,Action=command | none | @button:Add attachment,0,0,ArrowDown>button:Add attachment[none|f=button:Add attachment|h=None]@26.4 ; End>menuitem:File[menu×1|f=menuitem:File|h=File]@352.1 ; Enter>menuitem:/Command[menu×1|f=menuitem:/Command|h=/Command]@667.5
chromium-dark-desktop › orbit-menu menu-down-end-enter paced sample 9,orbit-menu,menu,menu-down-end-enter,menu-down-enter,paced,9,ArrowDown End Enter,Action=command | none | @button:Add attachment,0,0,ArrowDown>button:Add attachment[none|f=button:Add attachment|h=None]@18 ; End>menuitem:File[menu×1|f=menuitem:File|h=File]@347.1 ; Enter>menuitem:/Command[menu×1|f=menuitem:/Command|h=/Command]@654.1
chromium-dark-desktop › orbit-menu menu-down-end-enter paced sample 10,orbit-menu,menu,menu-down-end-enter,menu-down-enter,paced,10,ArrowDown End Enter,Action=command | none | @button:Add attachment,0,0,ArrowDown>button:Add attachment[none|f=button:Add attachment|h=None]@17.8 ; End>menuitem:File[menu×1|f=menuitem:File|h=File]@362.1 ; Enter>menuitem:/Command[menu×1|f=menuitem:/Command|h=/Command]@670.6
chromium-dark-desktop › orbit-menu menu-down-end-enter paced sample 11,orbit-menu,menu,menu-down-end-enter,menu-down-enter,paced,11,ArrowDown End Enter,Action=command | none | @button:Add attachment,0,0,ArrowDown>button:Add attachment[none|f=button:Add attachment|h=None]@26.2 ; End>menuitem:File[menu×1|f=menuitem:File|h=File]@360 ; Enter>menuitem:/Command[menu×1|f=menuitem:/Command|h=/Command]@667.7
chromium-dark-desktop › orbit-menu menu-down-end-enter paced sample 12,orbit-menu,menu,menu-down-end-enter,menu-down-enter,paced,12,ArrowDown End Enter,Action=command | none | @button:Add attachment,0,0,ArrowDown>button:Add attachment[none|f=button:Add attachment|h=None]@28.7 ; End>menuitem:File[menu×1|f=menuitem:File|h=File]@362 ; Enter>menuitem:/Command[menu×1|f=menuitem:/Command|h=/Command]@669.4
chromium-dark-desktop › orbit-menu menu-down-end-enter paced sample 13,orbit-menu,menu,menu-down-end-enter,menu-down-enter,paced,13,ArrowDown End Enter,Action=command | none | @button:Add attachment,0,0,ArrowDown>button:Add attachment[none|f=button:Add attachment|h=None]@24 ; End>menuitem:File[menu×1|f=menuitem:File|h=File]@355.1 ; Enter>menuitem:/Command[menu×1|f=menuitem:/Command|h=/Command]@663.7
chromium-dark-desktop › orbit-menu menu-down-end-enter paced sample 14,orbit-menu,menu,menu-down-end-enter,menu-down-enter,paced,14,ArrowDown End Enter,Action=command | none | @button:Add attachment,0,0,ArrowDown>button:Add attachment[none|f=button:Add attachment|h=None]@16.5 ; End>menuitem:File[menu×1|f=menuitem:File|h=File]@348 ; Enter>menuitem:/Command[menu×1|f=menuitem:/Command|h=/Command]@660.9
chromium-dark-desktop › orbit-menu menu-down-end-enter paced sample 15,orbit-menu,menu,menu-down-end-enter,menu-down-enter,paced,15,ArrowDown End Enter,Action=command | none | @button:Add attachment,0,0,ArrowDown>button:Add attachment[none|f=button:Add attachment|h=None]@24.5 ; End>menuitem:File[menu×1|f=menuitem:File|h=File]@365.9 ; Enter>menuitem:/Command[menu×1|f=menuitem:/Command|h=/Command]@675.4
chromium-dark-desktop › orbit-menu menu-down-end-enter paced sample 16,orbit-menu,menu,menu-down-end-enter,menu-down-enter,paced,16,ArrowDown End Enter,Action=command | none | @button:Add attachment,0,0,ArrowDown>button:Add attachment[none|f=button:Add attachment|h=None]@16.8 ; End>menuitem:File[menu×1|f=menuitem:File|h=File]@349.1 ; Enter>menuitem:/Command[menu×1|f=menuitem:/Command|h=/Command]@656.9
chromium-dark-desktop › orbit-menu menu-down-end-enter paced sample 17,orbit-menu,menu,menu-down-end-enter,menu-down-enter,paced,17,ArrowDown End Enter,Action=command | none | @button:Add attachment,0,0,ArrowDown>button:Add attachment[none|f=button:Add attachment|h=None]@30.5 ; End>menuitem:File[menu×1|f=menuitem:File|h=File]@363.7 ; Enter>menuitem:/Command[menu×1|f=menuitem:/Command|h=/Command]@672.7
chromium-dark-desktop › orbit-menu menu-down-end-enter paced sample 18,orbit-menu,menu,menu-down-end-enter,menu-down-enter,paced,18,ArrowDown End Enter,Action=command | none | @button:Add attachment,0,0,ArrowDown>button:Add attachment[none|f=button:Add attachment|h=None]@16.4 ; End>menuitem:File[menu×1|f=menuitem:File|h=File]@356.5 ; Enter>menuitem:/Command[menu×1|f=menuitem:/Command|h=/Command]@665.8
chromium-dark-desktop › orbit-menu menu-down-end-enter paced sample 19,orbit-menu,menu,menu-down-end-enter,menu-down-enter,paced,19,ArrowDown End Enter,Action=command | none | @button:Add attachment,0,0,ArrowDown>button:Add attachment[none|f=button:Add attachment|h=None]@34.6 ; End>menuitem:File[menu×1|f=menuitem:File|h=File]@369.7 ; Enter>menuitem:/Command[menu×1|f=menuitem:/Command|h=/Command]@681.2
chromium-dark-desktop › orbit-menu-sample menu-down-end-enter burst sample 0,orbit-menu-sample,menu,menu-down-end-enter,menu-down-enter,burst,0,ArrowDown End Enter,ran File | none | @button:Add attachment,1,1,ArrowDown>button:Add attachment[none|f=button:Add attachment|h=None]@22.1 ; End>button:Add attachment[menu×1|f=button:Add attachment|h=File]@51.1 ; Enter>button:Add attachment[menu×1|f=button:Add attachment|h=File]@51.4 ; Enter*>menuitem:File[menu×1|f=button:Add attachment|h=File]@51.4
chromium-dark-desktop › orbit-menu-sample menu-down-end-enter burst sample 1,orbit-menu-sample,menu,menu-down-end-enter,menu-down-enter,burst,1,ArrowDown End Enter,ran File | none | @button:Add attachment,1,1,ArrowDown>button:Add attachment[none|f=button:Add attachment|h=None]@32.4 ; End>button:Add attachment[menu×1|f=button:Add attachment|h=File]@61.6 ; Enter>button:Add attachment[menu×1|f=button:Add attachment|h=File]@61.9 ; Enter*>menuitem:File[menu×1|f=button:Add attachment|h=File]@61.9
chromium-dark-desktop › orbit-menu-sample menu-down-end-enter burst sample 2,orbit-menu-sample,menu,menu-down-end-enter,menu-down-enter,burst,2,ArrowDown End Enter,ran File | none | @button:Add attachment,1,1,ArrowDown>button:Add attachment[none|f=button:Add attachment|h=None]@22.5 ; End>button:Add attachment[menu×1|f=button:Add attachment|h=File]@50.8 ; Enter>button:Add attachment[menu×1|f=button:Add attachment|h=File]@51.1 ; Enter*>menuitem:File[menu×1|f=button:Add attachment|h=File]@51.1
chromium-dark-desktop › orbit-menu-sample menu-down-end-enter burst sample 3,orbit-menu-sample,menu,menu-down-end-enter,menu-down-enter,burst,3,ArrowDown End Enter,ran File | none | @button:Add attachment,1,1,ArrowDown>button:Add attachment[none|f=button:Add attachment|h=None]@24.9 ; End>button:Add attachment[menu×1|f=button:Add attachment|h=File]@58.3 ; Enter>button:Add attachment[menu×1|f=button:Add attachment|h=File]@58.7 ; Enter*>menuitem:File[menu×1|f=button:Add attachment|h=File]@58.8
chromium-dark-desktop › orbit-menu-sample menu-down-end-enter burst sample 4,orbit-menu-sample,menu,menu-down-end-enter,menu-down-enter,burst,4,ArrowDown End Enter,ran File | none | @button:Add attachment,1,1,ArrowDown>button:Add attachment[none|f=button:Add attachment|h=None]@30.5 ; End>button:Add attachment[menu×1|f=button:Add attachment|h=File]@59.7 ; Enter>button:Add attachment[menu×1|f=button:Add attachment|h=File]@60 ; Enter*>menuitem:File[menu×1|f=button:Add attachment|h=File]@60
chromium-dark-desktop › orbit-menu-sample menu-down-end-enter burst sample 5,orbit-menu-sample,menu,menu-down-end-enter,menu-down-enter,burst,5,ArrowDown End Enter,ran File | none | @button:Add attachment,1,1,ArrowDown>button:Add attachment[none|f=button:Add attachment|h=None]@32 ; End>button:Add attachment[menu×1|f=button:Add attachment|h=File]@63.5 ; Enter>button:Add attachment[menu×1|f=button:Add attachment|h=File]@63.9 ; Enter*>menuitem:File[menu×1|f=button:Add attachment|h=File]@63.9
chromium-dark-desktop › orbit-menu-sample menu-down-end-enter burst sample 6,orbit-menu-sample,menu,menu-down-end-enter,menu-down-enter,burst,6,ArrowDown End Enter,ran File | none | @button:Add attachment,1,1,ArrowDown>button:Add attachment[none|f=button:Add attachment|h=None]@33.8 ; End>button:Add attachment[menu×1|f=button:Add attachment|h=File]@66.9 ; Enter>button:Add attachment[menu×1|f=button:Add attachment|h=File]@67 ; Enter*>menuitem:File[menu×1|f=button:Add attachment|h=File]@67.1
chromium-dark-desktop › orbit-menu-sample menu-down-end-enter burst sample 7,orbit-menu-sample,menu,menu-down-end-enter,menu-down-enter,burst,7,ArrowDown End Enter,ran File | none | @button:Add attachment,1,1,ArrowDown>button:Add attachment[none|f=button:Add attachment|h=None]@29.3 ; End>button:Add attachment[menu×1|f=button:Add attachment|h=File]@60.8 ; Enter>button:Add attachment[menu×1|f=button:Add attachment|h=File]@61.1 ; Enter*>menuitem:File[menu×1|f=button:Add attachment|h=File]@61.2
chromium-dark-desktop › orbit-menu-sample menu-down-end-enter burst sample 8,orbit-menu-sample,menu,menu-down-end-enter,menu-down-enter,burst,8,ArrowDown End Enter,ran File | none | @button:Add attachment,1,1,ArrowDown>button:Add attachment[none|f=button:Add attachment|h=None]@27.1 ; End>button:Add attachment[menu×1|f=button:Add attachment|h=File]@56.6 ; Enter>button:Add attachment[menu×1|f=button:Add attachment|h=File]@56.9 ; Enter*>menuitem:File[menu×1|f=button:Add attachment|h=File]@57
chromium-dark-desktop › orbit-menu-sample menu-down-end-enter burst sample 9,orbit-menu-sample,menu,menu-down-end-enter,menu-down-enter,burst,9,ArrowDown End Enter,ran File | none | @button:Add attachment,1,1,ArrowDown>button:Add attachment[none|f=button:Add attachment|h=None]@26.2 ; End>button:Add attachment[menu×1|f=button:Add attachment|h=File]@60 ; Enter>button:Add attachment[menu×1|f=button:Add attachment|h=File]@60.5 ; Enter*>menuitem:File[menu×1|f=button:Add attachment|h=File]@60.6
chromium-dark-desktop › orbit-menu-sample menu-down-end-enter burst sample 10,orbit-menu-sample,menu,menu-down-end-enter,menu-down-enter,burst,10,ArrowDown End Enter,ran File | none | @button:Add attachment,1,1,ArrowDown>button:Add attachment[none|f=button:Add attachment|h=None]@14.6 ; End>button:Add attachment[menu×1|f=button:Add attachment|h=File]@43.7 ; Enter>button:Add attachment[menu×1|f=button:Add attachment|h=File]@43.9 ; Enter*>menuitem:File[menu×1|f=button:Add attachment|h=File]@44
chromium-dark-desktop › orbit-menu-sample menu-down-end-enter burst sample 11,orbit-menu-sample,menu,menu-down-end-enter,menu-down-enter,burst,11,ArrowDown End Enter,ran File | none | @button:Add attachment,1,1,ArrowDown>button:Add attachment[none|f=button:Add attachment|h=None]@23.5 ; End>button:Add attachment[menu×1|f=button:Add attachment|h=File]@52.2 ; Enter>button:Add attachment[menu×1|f=button:Add attachment|h=File]@52.4 ; Enter*>menuitem:File[menu×1|f=button:Add attachment|h=File]@52.5
chromium-dark-desktop › orbit-menu-sample menu-down-end-enter burst sample 12,orbit-menu-sample,menu,menu-down-end-enter,menu-down-enter,burst,12,ArrowDown End Enter,ran File | none | @button:Add attachment,1,1,ArrowDown>button:Add attachment[none|f=button:Add attachment|h=None]@25.6 ; End>button:Add attachment[menu×1|f=button:Add attachment|h=File]@54.7 ; Enter>button:Add attachment[menu×1|f=button:Add attachment|h=File]@54.9 ; Enter*>menuitem:File[menu×1|f=button:Add attachment|h=File]@55
chromium-dark-desktop › orbit-menu-sample menu-down-end-enter burst sample 13,orbit-menu-sample,menu,menu-down-end-enter,menu-down-enter,burst,13,ArrowDown End Enter,ran File | none | @button:Add attachment,1,1,ArrowDown>button:Add attachment[none|f=button:Add attachment|h=None]@24.8 ; End>button:Add attachment[menu×1|f=button:Add attachment|h=File]@58.3 ; Enter>button:Add attachment[menu×1|f=button:Add attachment|h=File]@58.6 ; Enter*>menuitem:File[menu×1|f=button:Add attachment|h=File]@58.7
chromium-dark-desktop › orbit-menu-sample menu-down-end-enter burst sample 14,orbit-menu-sample,menu,menu-down-end-enter,menu-down-enter,burst,14,ArrowDown End Enter,ran File | none | @button:Add attachment,1,1,ArrowDown>button:Add attachment[none|f=button:Add attachment|h=None]@19.2 ; End>button:Add attachment[menu×1|f=button:Add attachment|h=File]@48.3 ; Enter>button:Add attachment[menu×1|f=button:Add attachment|h=File]@48.5 ; Enter*>menuitem:File[menu×1|f=button:Add attachment|h=File]@48.7
chromium-dark-desktop › orbit-menu-sample menu-down-end-enter burst sample 15,orbit-menu-sample,menu,menu-down-end-enter,menu-down-enter,burst,15,ArrowDown End Enter,ran File | none | @button:Add attachment,1,1,ArrowDown>button:Add attachment[none|f=button:Add attachment|h=None]@34.2 ; End>button:Add attachment[menu×1|f=button:Add attachment|h=File]@63.4 ; Enter>button:Add attachment[menu×1|f=button:Add attachment|h=File]@63.8 ; Enter*>menuitem:File[menu×1|f=button:Add attachment|h=File]@63.8
chromium-dark-desktop › orbit-menu-sample menu-down-end-enter burst sample 16,orbit-menu-sample,menu,menu-down-end-enter,menu-down-enter,burst,16,ArrowDown End Enter,ran File | none | @button:Add attachment,1,1,ArrowDown>button:Add attachment[none|f=button:Add attachment|h=None]@19.6 ; End>button:Add attachment[menu×1|f=button:Add attachment|h=File]@48.4 ; Enter>button:Add attachment[menu×1|f=button:Add attachment|h=File]@48.6 ; Enter*>menuitem:File[menu×1|f=button:Add attachment|h=File]@48.7
chromium-dark-desktop › orbit-menu-sample menu-down-end-enter burst sample 17,orbit-menu-sample,menu,menu-down-end-enter,menu-down-enter,burst,17,ArrowDown End Enter,ran File | none | @button:Add attachment,1,1,ArrowDown>button:Add attachment[none|f=button:Add attachment|h=None]@25.3 ; End>button:Add attachment[menu×1|f=button:Add attachment|h=File]@56.5 ; Enter>button:Add attachment[menu×1|f=button:Add attachment|h=File]@56.8 ; Enter*>menuitem:File[menu×1|f=button:Add attachment|h=File]@56.9
chromium-dark-desktop › orbit-menu-sample menu-down-end-enter burst sample 18,orbit-menu-sample,menu,menu-down-end-enter,menu-down-enter,burst,18,ArrowDown End Enter,ran File | none | @button:Add attachment,1,1,ArrowDown>button:Add attachment[none|f=button:Add attachment|h=None]@19.1 ; End>button:Add attachment[menu×1|f=button:Add attachment|h=File]@46.9 ; Enter>button:Add attachment[menu×1|f=button:Add attachment|h=File]@47.1 ; Enter*>menuitem:File[menu×1|f=button:Add attachment|h=File]@47.2
chromium-dark-desktop › orbit-menu-sample menu-down-end-enter burst sample 19,orbit-menu-sample,menu,menu-down-end-enter,menu-down-enter,burst,19,ArrowDown End Enter,ran File | none | @button:Add attachment,1,1,ArrowDown>button:Add attachment[none|f=button:Add attachment|h=None]@34.7 ; End>button:Add attachment[menu×1|f=button:Add attachment|h=File]@67.2 ; Enter>button:Add attachment[menu×1|f=button:Add attachment|h=File]@67.4 ; Enter*>menuitem:File[menu×1|f=button:Add attachment|h=File]@67.6
chromium-dark-desktop › orbit-menu-sample menu-down-end-enter paced sample 0,orbit-menu-sample,menu,menu-down-end-enter,menu-down-enter,paced,0,ArrowDown End Enter,ran /Command | none | @button:Add attachment,0,0,ArrowDown>button:Add attachment[none|f=button:Add attachment|h=None]@30.8 ; End>menuitem:File[menu×1|f=menuitem:File|h=File]@368 ; Enter>menuitem:/Command[menu×1|f=menuitem:/Command|h=/Command]@674.9
chromium-dark-desktop › orbit-menu-sample menu-down-end-enter paced sample 1,orbit-menu-sample,menu,menu-down-end-enter,menu-down-enter,paced,1,ArrowDown End Enter,ran /Command | none | @button:Add attachment,0,0,ArrowDown>button:Add attachment[none|f=button:Add attachment|h=None]@29.4 ; End>menuitem:File[menu×1|f=menuitem:File|h=File]@372.5 ; Enter>menuitem:/Command[menu×1|f=menuitem:/Command|h=/Command]@678.9
chromium-dark-desktop › orbit-menu-sample menu-down-end-enter paced sample 2,orbit-menu-sample,menu,menu-down-end-enter,menu-down-enter,paced,2,ArrowDown End Enter,ran /Command | none | @button:Add attachment,0,0,ArrowDown>button:Add attachment[none|f=button:Add attachment|h=None]@32.2 ; End>menuitem:File[menu×1|f=menuitem:File|h=File]@371.7 ; Enter>menuitem:/Command[menu×1|f=menuitem:/Command|h=/Command]@678.4
chromium-dark-desktop › orbit-menu-sample menu-down-end-enter paced sample 3,orbit-menu-sample,menu,menu-down-end-enter,menu-down-enter,paced,3,ArrowDown End Enter,ran /Command | none | @button:Add attachment,0,0,ArrowDown>button:Add attachment[none|f=button:Add attachment|h=None]@23.8 ; End>menuitem:File[menu×1|f=menuitem:File|h=File]@361.1 ; Enter>menuitem:/Command[menu×1|f=menuitem:/Command|h=/Command]@667.3
chromium-dark-desktop › orbit-menu-sample menu-down-end-enter paced sample 4,orbit-menu-sample,menu,menu-down-end-enter,menu-down-enter,paced,4,ArrowDown End Enter,ran /Command | none | @button:Add attachment,0,0,ArrowDown>button:Add attachment[none|f=button:Add attachment|h=None]@28 ; End>menuitem:File[menu×1|f=menuitem:File|h=File]@356.7 ; Enter>menuitem:/Command[menu×1|f=menuitem:/Command|h=/Command]@662.7
chromium-dark-desktop › orbit-menu-sample menu-down-end-enter paced sample 5,orbit-menu-sample,menu,menu-down-end-enter,menu-down-enter,paced,5,ArrowDown End Enter,ran /Command | none | @button:Add attachment,0,0,ArrowDown>button:Add attachment[none|f=button:Add attachment|h=None]@22.5 ; End>menuitem:File[menu×1|f=menuitem:File|h=File]@358.4 ; Enter>menuitem:/Command[menu×1|f=menuitem:/Command|h=/Command]@665.5
chromium-dark-desktop › orbit-menu-sample menu-down-end-enter paced sample 6,orbit-menu-sample,menu,menu-down-end-enter,menu-down-enter,paced,6,ArrowDown End Enter,ran /Command | none | @button:Add attachment,0,0,ArrowDown>button:Add attachment[none|f=button:Add attachment|h=None]@27.6 ; End>menuitem:File[menu×1|f=menuitem:File|h=File]@365.5 ; Enter>menuitem:/Command[menu×1|f=menuitem:/Command|h=/Command]@676.2
chromium-dark-desktop › orbit-menu-sample menu-down-end-enter paced sample 7,orbit-menu-sample,menu,menu-down-end-enter,menu-down-enter,paced,7,ArrowDown End Enter,ran /Command | none | @button:Add attachment,0,0,ArrowDown>button:Add attachment[none|f=button:Add attachment|h=None]@26.5 ; End>menuitem:File[menu×1|f=menuitem:File|h=File]@364 ; Enter>menuitem:/Command[menu×1|f=menuitem:/Command|h=/Command]@671.9
chromium-dark-desktop › orbit-menu-sample menu-down-end-enter paced sample 8,orbit-menu-sample,menu,menu-down-end-enter,menu-down-enter,paced,8,ArrowDown End Enter,ran /Command | none | @button:Add attachment,0,0,ArrowDown>button:Add attachment[none|f=button:Add attachment|h=None]@22.3 ; End>menuitem:File[menu×1|f=menuitem:File|h=File]@370.2 ; Enter>menuitem:/Command[menu×1|f=menuitem:/Command|h=/Command]@678.6
chromium-dark-desktop › orbit-menu-sample menu-down-end-enter paced sample 9,orbit-menu-sample,menu,menu-down-end-enter,menu-down-enter,paced,9,ArrowDown End Enter,ran /Command | none | @button:Add attachment,0,0,ArrowDown>button:Add attachment[none|f=button:Add attachment|h=None]@29.6 ; End>menuitem:File[menu×1|f=menuitem:File|h=File]@357.4 ; Enter>menuitem:/Command[menu×1|f=menuitem:/Command|h=/Command]@663.3
chromium-dark-desktop › orbit-menu-sample menu-down-end-enter paced sample 10,orbit-menu-sample,menu,menu-down-end-enter,menu-down-enter,paced,10,ArrowDown End Enter,ran /Command | none | @button:Add attachment,0,0,ArrowDown>button:Add attachment[none|f=button:Add attachment|h=None]@22.6 ; End>menuitem:File[menu×1|f=menuitem:File|h=File]@351.9 ; Enter>menuitem:/Command[menu×1|f=menuitem:/Command|h=/Command]@658.9
chromium-dark-desktop › orbit-menu-sample menu-down-end-enter paced sample 11,orbit-menu-sample,menu,menu-down-end-enter,menu-down-enter,paced,11,ArrowDown End Enter,ran /Command | none | @button:Add attachment,0,0,ArrowDown>button:Add attachment[none|f=button:Add attachment|h=None]@25.4 ; End>menuitem:File[menu×1|f=menuitem:File|h=File]@361.2 ; Enter>menuitem:/Command[menu×1|f=menuitem:/Command|h=/Command]@670.1
chromium-dark-desktop › orbit-menu-sample menu-down-end-enter paced sample 12,orbit-menu-sample,menu,menu-down-end-enter,menu-down-enter,paced,12,ArrowDown End Enter,ran /Command | none | @button:Add attachment,0,0,ArrowDown>button:Add attachment[none|f=button:Add attachment|h=None]@21.3 ; End>menuitem:File[menu×1|f=menuitem:File|h=File]@362.7 ; Enter>menuitem:/Command[menu×1|f=menuitem:/Command|h=/Command]@671.9
chromium-dark-desktop › orbit-menu-sample menu-down-end-enter paced sample 13,orbit-menu-sample,menu,menu-down-end-enter,menu-down-enter,paced,13,ArrowDown End Enter,ran /Command | none | @button:Add attachment,0,0,ArrowDown>button:Add attachment[none|f=button:Add attachment|h=None]@33.4 ; End>menuitem:File[menu×1|f=menuitem:File|h=File]@370.6 ; Enter>menuitem:/Command[menu×1|f=menuitem:/Command|h=/Command]@677.3
chromium-dark-desktop › orbit-menu-sample menu-down-end-enter paced sample 14,orbit-menu-sample,menu,menu-down-end-enter,menu-down-enter,paced,14,ArrowDown End Enter,ran /Command | none | @button:Add attachment,0,0,ArrowDown>button:Add attachment[none|f=button:Add attachment|h=None]@19.4 ; End>menuitem:File[menu×1|f=menuitem:File|h=File]@354.8 ; Enter>menuitem:/Command[menu×1|f=menuitem:/Command|h=/Command]@662
chromium-dark-desktop › orbit-menu-sample menu-down-end-enter paced sample 15,orbit-menu-sample,menu,menu-down-end-enter,menu-down-enter,paced,15,ArrowDown End Enter,ran /Command | none | @button:Add attachment,0,0,ArrowDown>button:Add attachment[none|f=button:Add attachment|h=None]@34.5 ; End>menuitem:File[menu×1|f=menuitem:File|h=File]@372.7 ; Enter>menuitem:/Command[menu×1|f=menuitem:/Command|h=/Command]@679.9
chromium-dark-desktop › orbit-menu-sample menu-down-end-enter paced sample 16,orbit-menu-sample,menu,menu-down-end-enter,menu-down-enter,paced,16,ArrowDown End Enter,ran /Command | none | @button:Add attachment,0,0,ArrowDown>button:Add attachment[none|f=button:Add attachment|h=None]@36.2 ; End>menuitem:File[menu×1|f=menuitem:File|h=File]@375.4 ; Enter>menuitem:/Command[menu×1|f=menuitem:/Command|h=/Command]@681.8
chromium-dark-desktop › orbit-menu-sample menu-down-end-enter paced sample 17,orbit-menu-sample,menu,menu-down-end-enter,menu-down-enter,paced,17,ArrowDown End Enter,ran /Command | none | @button:Add attachment,0,0,ArrowDown>button:Add attachment[none|f=button:Add attachment|h=None]@15.5 ; End>menuitem:File[menu×1|f=menuitem:File|h=File]@355.9 ; Enter>menuitem:/Command[menu×1|f=menuitem:/Command|h=/Command]@663.3
chromium-dark-desktop › orbit-menu-sample menu-down-end-enter paced sample 18,orbit-menu-sample,menu,menu-down-end-enter,menu-down-enter,paced,18,ArrowDown End Enter,ran /Command | none | @button:Add attachment,0,0,ArrowDown>button:Add attachment[none|f=button:Add attachment|h=None]@24.8 ; End>menuitem:File[menu×1|f=menuitem:File|h=File]@369.3 ; Enter>menuitem:/Command[menu×1|f=menuitem:/Command|h=/Command]@675.1
chromium-dark-desktop › orbit-menu-sample menu-down-end-enter paced sample 19,orbit-menu-sample,menu,menu-down-end-enter,menu-down-enter,paced,19,ArrowDown End Enter,ran /Command | none | @button:Add attachment,0,0,ArrowDown>button:Add attachment[none|f=button:Add attachment|h=None]@18.1 ; End>menuitem:File[menu×1|f=menuitem:File|h=File]@360.1 ; Enter>menuitem:/Command[menu×1|f=menuitem:/Command|h=/Command]@667.3
chromium-dark-desktop › antd-menu menu-down-end-enter burst sample 0,antd-menu,menu,menu-down-end-enter,menu-down-enter,burst,0,ArrowDown End Enter,none | menu×1 | @button:Add attachment,0,0,ArrowDown>button:Add attachment[none|f=button:Add attachment|h=None]@20.6 ; End>button:Add attachment[none|f=button:Add attachment|h=None]@21.3 ; Enter>button:Add attachment[none|f=button:Add attachment|h=None]@21.5
chromium-dark-desktop › antd-menu menu-down-end-enter burst sample 1,antd-menu,menu,menu-down-end-enter,menu-down-enter,burst,1,ArrowDown End Enter,none | menu×1 | @button:Add attachment,0,0,ArrowDown>button:Add attachment[none|f=button:Add attachment|h=None]@16.9 ; End>button:Add attachment[none|f=button:Add attachment|h=None]@17.7 ; Enter>button:Add attachment[none|f=button:Add attachment|h=None]@17.8
chromium-dark-desktop › antd-menu menu-down-end-enter burst sample 2,antd-menu,menu,menu-down-end-enter,menu-down-enter,burst,2,ArrowDown End Enter,none | menu×1 | @button:Add attachment,0,0,ArrowDown>button:Add attachment[none|f=button:Add attachment|h=None]@21.3 ; End>button:Add attachment[none|f=button:Add attachment|h=None]@22 ; Enter>button:Add attachment[none|f=button:Add attachment|h=None]@22.1
chromium-dark-desktop › antd-menu menu-down-end-enter burst sample 3,antd-menu,menu,menu-down-end-enter,menu-down-enter,burst,3,ArrowDown End Enter,none | menu×1 | @button:Add attachment,0,0,ArrowDown>button:Add attachment[none|f=button:Add attachment|h=None]@23.1 ; End>button:Add attachment[none|f=button:Add attachment|h=None]@23.7 ; Enter>button:Add attachment[none|f=button:Add attachment|h=None]@23.8
chromium-dark-desktop › antd-menu menu-down-end-enter burst sample 4,antd-menu,menu,menu-down-end-enter,menu-down-enter,burst,4,ArrowDown End Enter,none | menu×1 | @button:Add attachment,0,0,ArrowDown>button:Add attachment[none|f=button:Add attachment|h=None]@26.6 ; End>button:Add attachment[none|f=button:Add attachment|h=None]@27.2 ; Enter>button:Add attachment[none|f=button:Add attachment|h=None]@27.3
chromium-dark-desktop › antd-menu menu-down-end-enter burst sample 5,antd-menu,menu,menu-down-end-enter,menu-down-enter,burst,5,ArrowDown End Enter,none | menu×1 | @button:Add attachment,0,0,ArrowDown>button:Add attachment[none|f=button:Add attachment|h=None]@25.4 ; End>button:Add attachment[none|f=button:Add attachment|h=None]@26.1 ; Enter>button:Add attachment[none|f=button:Add attachment|h=None]@26.2
chromium-dark-desktop › antd-menu menu-down-end-enter burst sample 6,antd-menu,menu,menu-down-end-enter,menu-down-enter,burst,6,ArrowDown End Enter,none | menu×1 | @button:Add attachment,0,0,ArrowDown>button:Add attachment[none|f=button:Add attachment|h=None]@28.2 ; End>button:Add attachment[none|f=button:Add attachment|h=None]@28.9 ; Enter>button:Add attachment[none|f=button:Add attachment|h=None]@28.9
chromium-dark-desktop › antd-menu menu-down-end-enter burst sample 7,antd-menu,menu,menu-down-end-enter,menu-down-enter,burst,7,ArrowDown End Enter,none | menu×1 | @button:Add attachment,0,0,ArrowDown>button:Add attachment[none|f=button:Add attachment|h=None]@31.3 ; End>button:Add attachment[none|f=button:Add attachment|h=None]@32.1 ; Enter>button:Add attachment[none|f=button:Add attachment|h=None]@32.3
chromium-dark-desktop › antd-menu menu-down-end-enter burst sample 8,antd-menu,menu,menu-down-end-enter,menu-down-enter,burst,8,ArrowDown End Enter,none | menu×1 | @button:Add attachment,0,0,ArrowDown>button:Add attachment[none|f=button:Add attachment|h=None]@26.7 ; End>button:Add attachment[none|f=button:Add attachment|h=None]@27.3 ; Enter>button:Add attachment[none|f=button:Add attachment|h=None]@27.4
chromium-dark-desktop › antd-menu menu-down-end-enter burst sample 9,antd-menu,menu,menu-down-end-enter,menu-down-enter,burst,9,ArrowDown End Enter,none | menu×1 | @button:Add attachment,0,0,ArrowDown>button:Add attachment[none|f=button:Add attachment|h=None]@20.2 ; End>button:Add attachment[none|f=button:Add attachment|h=None]@21 ; Enter>button:Add attachment[none|f=button:Add attachment|h=None]@21.1
chromium-dark-desktop › antd-menu menu-down-end-enter burst sample 10,antd-menu,menu,menu-down-end-enter,menu-down-enter,burst,10,ArrowDown End Enter,none | menu×1 | @button:Add attachment,0,0,ArrowDown>button:Add attachment[none|f=button:Add attachment|h=None]@25.9 ; End>button:Add attachment[none|f=button:Add attachment|h=None]@26.4 ; Enter>button:Add attachment[none|f=button:Add attachment|h=None]@26.4
chromium-dark-desktop › antd-menu menu-down-end-enter burst sample 11,antd-menu,menu,menu-down-end-enter,menu-down-enter,burst,11,ArrowDown End Enter,none | menu×1 | @button:Add attachment,0,0,ArrowDown>button:Add attachment[none|f=button:Add attachment|h=None]@30.3 ; End>button:Add attachment[none|f=button:Add attachment|h=None]@30.8 ; Enter>button:Add attachment[none|f=button:Add attachment|h=None]@30.8
chromium-dark-desktop › antd-menu menu-down-end-enter burst sample 12,antd-menu,menu,menu-down-end-enter,menu-down-enter,burst,12,ArrowDown End Enter,none | menu×1 | @button:Add attachment,0,0,ArrowDown>button:Add attachment[none|f=button:Add attachment|h=None]@18.1 ; End>button:Add attachment[none|f=button:Add attachment|h=None]@18.5 ; Enter>button:Add attachment[none|f=button:Add attachment|h=None]@18.6
chromium-dark-desktop › antd-menu menu-down-end-enter burst sample 13,antd-menu,menu,menu-down-end-enter,menu-down-enter,burst,13,ArrowDown End Enter,none | menu×1 | @button:Add attachment,0,0,ArrowDown>button:Add attachment[none|f=button:Add attachment|h=None]@32.1 ; End>button:Add attachment[none|f=button:Add attachment|h=None]@32.6 ; Enter>button:Add attachment[none|f=button:Add attachment|h=None]@32.7
chromium-dark-desktop › antd-menu menu-down-end-enter burst sample 14,antd-menu,menu,menu-down-end-enter,menu-down-enter,burst,14,ArrowDown End Enter,none | menu×1 | @button:Add attachment,0,0,ArrowDown>button:Add attachment[none|f=button:Add attachment|h=None]@34.7 ; End>button:Add attachment[none|f=button:Add attachment|h=None]@35.3 ; Enter>button:Add attachment[none|f=button:Add attachment|h=None]@35.3
chromium-dark-desktop › antd-menu menu-down-end-enter burst sample 15,antd-menu,menu,menu-down-end-enter,menu-down-enter,burst,15,ArrowDown End Enter,none | menu×1 | @button:Add attachment,0,0,ArrowDown>button:Add attachment[none|f=button:Add attachment|h=None]@26 ; End>button:Add attachment[none|f=button:Add attachment|h=None]@26.4 ; Enter>button:Add attachment[none|f=button:Add attachment|h=None]@26.5
chromium-dark-desktop › antd-menu menu-down-end-enter burst sample 16,antd-menu,menu,menu-down-end-enter,menu-down-enter,burst,16,ArrowDown End Enter,none | menu×1 | @button:Add attachment,0,0,ArrowDown>button:Add attachment[none|f=button:Add attachment|h=None]@23.2 ; End>button:Add attachment[none|f=button:Add attachment|h=None]@23.7 ; Enter>button:Add attachment[none|f=button:Add attachment|h=None]@23.8
chromium-dark-desktop › antd-menu menu-down-end-enter burst sample 17,antd-menu,menu,menu-down-end-enter,menu-down-enter,burst,17,ArrowDown End Enter,none | menu×1 | @button:Add attachment,0,0,ArrowDown>button:Add attachment[none|f=button:Add attachment|h=None]@26.6 ; End>button:Add attachment[none|f=button:Add attachment|h=None]@27.1 ; Enter>button:Add attachment[none|f=button:Add attachment|h=None]@27.2
chromium-dark-desktop › antd-menu menu-down-end-enter burst sample 18,antd-menu,menu,menu-down-end-enter,menu-down-enter,burst,18,ArrowDown End Enter,none | menu×1 | @button:Add attachment,0,0,ArrowDown>button:Add attachment[none|f=button:Add attachment|h=None]@21.2 ; End>button:Add attachment[none|f=button:Add attachment|h=None]@21.8 ; Enter>button:Add attachment[none|f=button:Add attachment|h=None]@21.9
chromium-dark-desktop › antd-menu menu-down-end-enter burst sample 19,antd-menu,menu,menu-down-end-enter,menu-down-enter,burst,19,ArrowDown End Enter,none | menu×1 | @button:Add attachment,0,0,ArrowDown>button:Add attachment[none|f=button:Add attachment|h=None]@18.2 ; End>button:Add attachment[none|f=button:Add attachment|h=None]@18.7 ; Enter>button:Add attachment[none|f=button:Add attachment|h=None]@18.8
chromium-dark-desktop › antd-menu menu-down-end-enter paced sample 0,antd-menu,menu,menu-down-end-enter,menu-down-enter,paced,0,ArrowDown End Enter,none | menu×1 | @button:Add attachment,0,0,ArrowDown>button:Add attachment[none|f=button:Add attachment|h=None]@29 ; End>button:Add attachment[none|f=button:Add attachment|h=None]@332.8 ; Enter>button:Add attachment[none|f=button:Add attachment|h=None]@636.4
chromium-dark-desktop › antd-menu menu-down-end-enter paced sample 1,antd-menu,menu,menu-down-end-enter,menu-down-enter,paced,1,ArrowDown End Enter,none | menu×1 | @button:Add attachment,0,0,ArrowDown>button:Add attachment[none|f=button:Add attachment|h=None]@31.5 ; End>button:Add attachment[none|f=button:Add attachment|h=None]@334.3 ; Enter>button:Add attachment[none|f=button:Add attachment|h=None]@637.1
chromium-dark-desktop › antd-menu menu-down-end-enter paced sample 2,antd-menu,menu,menu-down-end-enter,menu-down-enter,paced,2,ArrowDown End Enter,none | menu×1 | @button:Add attachment,0,0,ArrowDown>button:Add attachment[none|f=button:Add attachment|h=None]@34.9 ; End>button:Add attachment[none|f=button:Add attachment|h=None]@338.6 ; Enter>button:Add attachment[none|f=button:Add attachment|h=None]@642.1
chromium-dark-desktop › antd-menu menu-down-end-enter paced sample 3,antd-menu,menu,menu-down-end-enter,menu-down-enter,paced,3,ArrowDown End Enter,none | menu×1 | @button:Add attachment,0,0,ArrowDown>button:Add attachment[none|f=button:Add attachment|h=None]@19 ; End>button:Add attachment[none|f=button:Add attachment|h=None]@322.9 ; Enter>button:Add attachment[none|f=button:Add attachment|h=None]@626.2
chromium-dark-desktop › antd-menu menu-down-end-enter paced sample 4,antd-menu,menu,menu-down-end-enter,menu-down-enter,paced,4,ArrowDown End Enter,none | menu×1 | @button:Add attachment,0,0,ArrowDown>button:Add attachment[none|f=button:Add attachment|h=None]@29.3 ; End>button:Add attachment[none|f=button:Add attachment|h=None]@332.7 ; Enter>button:Add attachment[none|f=button:Add attachment|h=None]@635.2
chromium-dark-desktop › antd-menu menu-down-end-enter paced sample 5,antd-menu,menu,menu-down-end-enter,menu-down-enter,paced,5,ArrowDown End Enter,none | menu×1 | @button:Add attachment,0,0,ArrowDown>button:Add attachment[none|f=button:Add attachment|h=None]@33.5 ; End>button:Add attachment[none|f=button:Add attachment|h=None]@336.7 ; Enter>button:Add attachment[none|f=button:Add attachment|h=None]@640.5
chromium-dark-desktop › antd-menu menu-down-end-enter paced sample 6,antd-menu,menu,menu-down-end-enter,menu-down-enter,paced,6,ArrowDown End Enter,none | menu×1 | @button:Add attachment,0,0,ArrowDown>button:Add attachment[none|f=button:Add attachment|h=None]@27.8 ; End>button:Add attachment[none|f=button:Add attachment|h=None]@331.5 ; Enter>button:Add attachment[none|f=button:Add attachment|h=None]@636
chromium-dark-desktop › antd-menu menu-down-end-enter paced sample 7,antd-menu,menu,menu-down-end-enter,menu-down-enter,paced,7,ArrowDown End Enter,none | menu×1 | @button:Add attachment,0,0,ArrowDown>button:Add attachment[none|f=button:Add attachment|h=None]@21.5 ; End>button:Add attachment[none|f=button:Add attachment|h=None]@326.9 ; Enter>button:Add attachment[none|f=button:Add attachment|h=None]@633.3
chromium-dark-desktop › antd-menu menu-down-end-enter paced sample 8,antd-menu,menu,menu-down-end-enter,menu-down-enter,paced,8,ArrowDown End Enter,none | menu×1 | @button:Add attachment,0,0,ArrowDown>button:Add attachment[none|f=button:Add attachment|h=None]@29.4 ; End>button:Add attachment[none|f=button:Add attachment|h=None]@334.8 ; Enter>button:Add attachment[none|f=button:Add attachment|h=None]@640
chromium-dark-desktop › antd-menu menu-down-end-enter paced sample 9,antd-menu,menu,menu-down-end-enter,menu-down-enter,paced,9,ArrowDown End Enter,none | menu×1 | @button:Add attachment,0,0,ArrowDown>button:Add attachment[none|f=button:Add attachment|h=None]@27.7 ; End>button:Add attachment[none|f=button:Add attachment|h=None]@331 ; Enter>button:Add attachment[none|f=button:Add attachment|h=None]@634.8
chromium-dark-desktop › antd-menu menu-down-end-enter paced sample 10,antd-menu,menu,menu-down-end-enter,menu-down-enter,paced,10,ArrowDown End Enter,none | menu×1 | @button:Add attachment,0,0,ArrowDown>button:Add attachment[none|f=button:Add attachment|h=None]@31.5 ; End>button:Add attachment[none|f=button:Add attachment|h=None]@336.3 ; Enter>button:Add attachment[none|f=button:Add attachment|h=None]@640.4
chromium-dark-desktop › antd-menu menu-down-end-enter paced sample 11,antd-menu,menu,menu-down-end-enter,menu-down-enter,paced,11,ArrowDown End Enter,none | menu×1 | @button:Add attachment,0,0,ArrowDown>button:Add attachment[none|f=button:Add attachment|h=None]@22.2 ; End>button:Add attachment[none|f=button:Add attachment|h=None]@325.2 ; Enter>button:Add attachment[none|f=button:Add attachment|h=None]@628.2
chromium-dark-desktop › antd-menu menu-down-end-enter paced sample 12,antd-menu,menu,menu-down-end-enter,menu-down-enter,paced,12,ArrowDown End Enter,none | menu×1 | @button:Add attachment,0,0,ArrowDown>button:Add attachment[none|f=button:Add attachment|h=None]@21.8 ; End>button:Add attachment[none|f=button:Add attachment|h=None]@325.5 ; Enter>button:Add attachment[none|f=button:Add attachment|h=None]@629.5
chromium-dark-desktop › antd-menu menu-down-end-enter paced sample 13,antd-menu,menu,menu-down-end-enter,menu-down-enter,paced,13,ArrowDown End Enter,none | menu×1 | @button:Add attachment,0,0,ArrowDown>button:Add attachment[none|f=button:Add attachment|h=None]@29.4 ; End>button:Add attachment[none|f=button:Add attachment|h=None]@332.5 ; Enter>button:Add attachment[none|f=button:Add attachment|h=None]@636.5
chromium-dark-desktop › antd-menu menu-down-end-enter paced sample 14,antd-menu,menu,menu-down-end-enter,menu-down-enter,paced,14,ArrowDown End Enter,none | menu×1 | @button:Add attachment,0,0,ArrowDown>button:Add attachment[none|f=button:Add attachment|h=None]@21.1 ; End>button:Add attachment[none|f=button:Add attachment|h=None]@325.5 ; Enter>button:Add attachment[none|f=button:Add attachment|h=None]@631
chromium-dark-desktop › antd-menu menu-down-end-enter paced sample 15,antd-menu,menu,menu-down-end-enter,menu-down-enter,paced,15,ArrowDown End Enter,none | menu×1 | @button:Add attachment,0,0,ArrowDown>button:Add attachment[none|f=button:Add attachment|h=None]@19.8 ; End>button:Add attachment[none|f=button:Add attachment|h=None]@323.2 ; Enter>button:Add attachment[none|f=button:Add attachment|h=None]@625.6
chromium-dark-desktop › antd-menu menu-down-end-enter paced sample 16,antd-menu,menu,menu-down-end-enter,menu-down-enter,paced,16,ArrowDown End Enter,none | menu×1 | @button:Add attachment,0,0,ArrowDown>button:Add attachment[none|f=button:Add attachment|h=None]@28.7 ; End>button:Add attachment[none|f=button:Add attachment|h=None]@332.8 ; Enter>button:Add attachment[none|f=button:Add attachment|h=None]@638
chromium-dark-desktop › antd-menu menu-down-end-enter paced sample 17,antd-menu,menu,menu-down-end-enter,menu-down-enter,paced,17,ArrowDown End Enter,none | menu×1 | @button:Add attachment,0,0,ArrowDown>button:Add attachment[none|f=button:Add attachment|h=None]@24.6 ; End>button:Add attachment[none|f=button:Add attachment|h=None]@329.7 ; Enter>button:Add attachment[none|f=button:Add attachment|h=None]@634.7
chromium-dark-desktop › antd-menu menu-down-end-enter paced sample 18,antd-menu,menu,menu-down-end-enter,menu-down-enter,paced,18,ArrowDown End Enter,none | menu×1 | @button:Add attachment,0,0,ArrowDown>button:Add attachment[none|f=button:Add attachment|h=None]@31.9 ; End>button:Add attachment[none|f=button:Add attachment|h=None]@339.3 ; Enter>button:Add attachment[none|f=button:Add attachment|h=None]@645.3
chromium-dark-desktop › antd-menu menu-down-end-enter paced sample 19,antd-menu,menu,menu-down-end-enter,menu-down-enter,paced,19,ArrowDown End Enter,none | menu×1 | @button:Add attachment,0,0,ArrowDown>button:Add attachment[none|f=button:Add attachment|h=None]@19.3 ; End>button:Add attachment[none|f=button:Add attachment|h=None]@323.1 ; Enter>button:Add attachment[none|f=button:Add attachment|h=None]@626.3
chromium-dark-desktop › orbit-menu menu-up-enter burst sample 0,orbit-menu,menu,menu-up-enter,,burst,0,ArrowUp Enter,Action=command | none | @button:Add attachment,1,1,ArrowUp>button:Add attachment[none|f=button:Add attachment|h=None]@35.6 ; Enter>button:Add attachment[menu×1|f=button:Add attachment|h=/Command]@55.7 ; Enter*>menuitem:/Command[menu×1|f=button:Add attachment|h=/Command]@55.9
chromium-dark-desktop › orbit-menu menu-up-enter burst sample 1,orbit-menu,menu,menu-up-enter,,burst,1,ArrowUp Enter,Action=command | none | @button:Add attachment,1,1,ArrowUp>button:Add attachment[none|f=button:Add attachment|h=None]@21.2 ; Enter>button:Add attachment[menu×1|f=button:Add attachment|h=/Command]@39.1 ; Enter*>menuitem:/Command[menu×1|f=button:Add attachment|h=/Command]@39.3
chromium-dark-desktop › orbit-menu menu-up-enter burst sample 2,orbit-menu,menu,menu-up-enter,,burst,2,ArrowUp Enter,Action=command | none | @button:Add attachment,1,1,ArrowUp>button:Add attachment[none|f=button:Add attachment|h=None]@30.6 ; Enter>button:Add attachment[menu×1|f=button:Add attachment|h=/Command]@49.3 ; Enter*>menuitem:/Command[menu×1|f=button:Add attachment|h=/Command]@49.4
chromium-dark-desktop › orbit-menu menu-up-enter burst sample 3,orbit-menu,menu,menu-up-enter,,burst,3,ArrowUp Enter,Action=command | none | @button:Add attachment,1,1,ArrowUp>button:Add attachment[none|f=button:Add attachment|h=None]@23.8 ; Enter>button:Add attachment[menu×1|f=button:Add attachment|h=/Command]@53 ; Enter*>menuitem:/Command[menu×1|f=button:Add attachment|h=/Command]@53.2
chromium-dark-desktop › orbit-menu menu-up-enter burst sample 4,orbit-menu,menu,menu-up-enter,,burst,4,ArrowUp Enter,Action=command | none | @button:Add attachment,1,1,ArrowUp>button:Add attachment[none|f=button:Add attachment|h=None]@34.2 ; Enter>button:Add attachment[menu×1|f=button:Add attachment|h=/Command]@53.9 ; Enter*>menuitem:/Command[menu×1|f=button:Add attachment|h=/Command]@53.9
chromium-dark-desktop › orbit-menu menu-up-enter burst sample 5,orbit-menu,menu,menu-up-enter,,burst,5,ArrowUp Enter,Action=command | none | @button:Add attachment,1,1,ArrowUp>button:Add attachment[none|f=button:Add attachment|h=None]@31.1 ; Enter>button:Add attachment[menu×1|f=button:Add attachment|h=/Command]@52.1 ; Enter*>menuitem:/Command[menu×1|f=button:Add attachment|h=/Command]@52.1
chromium-dark-desktop › orbit-menu menu-up-enter burst sample 6,orbit-menu,menu,menu-up-enter,,burst,6,ArrowUp Enter,Action=command | none | @button:Add attachment,1,1,ArrowUp>button:Add attachment[none|f=button:Add attachment|h=None]@23.2 ; Enter>button:Add attachment[menu×1|f=button:Add attachment|h=/Command]@41.4 ; Enter*>menuitem:/Command[menu×1|f=button:Add attachment|h=/Command]@41.5
chromium-dark-desktop › orbit-menu menu-up-enter burst sample 7,orbit-menu,menu,menu-up-enter,,burst,7,ArrowUp Enter,Action=command | none | @button:Add attachment,1,1,ArrowUp>button:Add attachment[none|f=button:Add attachment|h=None]@17 ; Enter>button:Add attachment[menu×1|f=button:Add attachment|h=/Command]@41.7 ; Enter*>menuitem:/Command[menu×1|f=button:Add attachment|h=/Command]@41.8
chromium-dark-desktop › orbit-menu menu-up-enter burst sample 8,orbit-menu,menu,menu-up-enter,,burst,8,ArrowUp Enter,Action=command | none | @button:Add attachment,1,1,ArrowUp>button:Add attachment[none|f=button:Add attachment|h=None]@32.5 ; Enter>button:Add attachment[menu×1|f=button:Add attachment|h=/Command]@52 ; Enter*>menuitem:/Command[menu×1|f=button:Add attachment|h=/Command]@52.1
chromium-dark-desktop › orbit-menu menu-up-enter burst sample 9,orbit-menu,menu,menu-up-enter,,burst,9,ArrowUp Enter,Action=command | none | @button:Add attachment,1,1,ArrowUp>button:Add attachment[none|f=button:Add attachment|h=None]@24.4 ; Enter>button:Add attachment[menu×1|f=button:Add attachment|h=/Command]@48.1 ; Enter*>menuitem:/Command[menu×1|f=button:Add attachment|h=/Command]@48.2
chromium-dark-desktop › orbit-menu menu-up-enter burst sample 10,orbit-menu,menu,menu-up-enter,,burst,10,ArrowUp Enter,Action=command | none | @button:Add attachment,1,1,ArrowUp>button:Add attachment[none|f=button:Add attachment|h=None]@21.1 ; Enter>button:Add attachment[menu×1|f=button:Add attachment|h=/Command]@42.2 ; Enter*>menuitem:/Command[menu×1|f=button:Add attachment|h=/Command]@42.3
chromium-dark-desktop › orbit-menu menu-up-enter burst sample 11,orbit-menu,menu,menu-up-enter,,burst,11,ArrowUp Enter,Action=command | none | @button:Add attachment,1,1,ArrowUp>button:Add attachment[none|f=button:Add attachment|h=None]@20.7 ; Enter>button:Add attachment[menu×1|f=button:Add attachment|h=/Command]@44 ; Enter*>menuitem:/Command[menu×1|f=button:Add attachment|h=/Command]@44.1
chromium-dark-desktop › orbit-menu menu-up-enter burst sample 12,orbit-menu,menu,menu-up-enter,,burst,12,ArrowUp Enter,Action=command | none | @button:Add attachment,1,1,ArrowUp>button:Add attachment[none|f=button:Add attachment|h=None]@34.6 ; Enter>button:Add attachment[menu×1|f=button:Add attachment|h=/Command]@58.7 ; Enter*>menuitem:/Command[menu×1|f=button:Add attachment|h=/Command]@58.8
chromium-dark-desktop › orbit-menu menu-up-enter burst sample 13,orbit-menu,menu,menu-up-enter,,burst,13,ArrowUp Enter,Action=command | none | @button:Add attachment,1,1,ArrowUp>button:Add attachment[none|f=button:Add attachment|h=None]@27.5 ; Enter>button:Add attachment[menu×1|f=button:Add attachment|h=/Command]@45.3 ; Enter*>menuitem:/Command[menu×1|f=button:Add attachment|h=/Command]@45.5
chromium-dark-desktop › orbit-menu menu-up-enter burst sample 14,orbit-menu,menu,menu-up-enter,,burst,14,ArrowUp Enter,Action=command | none | @button:Add attachment,1,1,ArrowUp>button:Add attachment[none|f=button:Add attachment|h=None]@18.5 ; Enter>button:Add attachment[menu×1|f=button:Add attachment|h=/Command]@36.1 ; Enter*>menuitem:/Command[menu×1|f=button:Add attachment|h=/Command]@36.2
chromium-dark-desktop › orbit-menu menu-up-enter burst sample 15,orbit-menu,menu,menu-up-enter,,burst,15,ArrowUp Enter,Action=command | none | @button:Add attachment,1,1,ArrowUp>button:Add attachment[none|f=button:Add attachment|h=None]@22.6 ; Enter>button:Add attachment[menu×1|f=button:Add attachment|h=/Command]@41.3 ; Enter*>menuitem:/Command[menu×1|f=button:Add attachment|h=/Command]@41.4
chromium-dark-desktop › orbit-menu menu-up-enter burst sample 16,orbit-menu,menu,menu-up-enter,,burst,16,ArrowUp Enter,Action=command | none | @button:Add attachment,1,1,ArrowUp>button:Add attachment[none|f=button:Add attachment|h=None]@36.5 ; Enter>button:Add attachment[menu×1|f=button:Add attachment|h=/Command]@61.2 ; Enter*>menuitem:/Command[menu×1|f=button:Add attachment|h=/Command]@61.3
chromium-dark-desktop › orbit-menu menu-up-enter burst sample 17,orbit-menu,menu,menu-up-enter,,burst,17,ArrowUp Enter,Action=command | none | @button:Add attachment,1,1,ArrowUp>button:Add attachment[none|f=button:Add attachment|h=None]@16.7 ; Enter>button:Add attachment[menu×1|f=button:Add attachment|h=/Command]@35.3 ; Enter*>menuitem:/Command[menu×1|f=button:Add attachment|h=/Command]@35.3
chromium-dark-desktop › orbit-menu menu-up-enter burst sample 18,orbit-menu,menu,menu-up-enter,,burst,18,ArrowUp Enter,Action=command | none | @button:Add attachment,1,1,ArrowUp>button:Add attachment[none|f=button:Add attachment|h=None]@27.6 ; Enter>button:Add attachment[menu×1|f=button:Add attachment|h=/Command]@45.1 ; Enter*>menuitem:/Command[menu×1|f=button:Add attachment|h=/Command]@45.2
chromium-dark-desktop › orbit-menu menu-up-enter burst sample 19,orbit-menu,menu,menu-up-enter,,burst,19,ArrowUp Enter,Action=command | none | @button:Add attachment,1,1,ArrowUp>button:Add attachment[none|f=button:Add attachment|h=None]@28.8 ; Enter>button:Add attachment[menu×1|f=button:Add attachment|h=/Command]@47.4 ; Enter*>menuitem:/Command[menu×1|f=button:Add attachment|h=/Command]@47.6
chromium-dark-desktop › orbit-menu menu-up-enter paced sample 0,orbit-menu,menu,menu-up-enter,,paced,0,ArrowUp Enter,Action=command | none | @button:Add attachment,0,0,ArrowUp>button:Add attachment[none|f=button:Add attachment|h=None]@26.8 ; Enter>menuitem:/Command[menu×1|f=menuitem:/Command|h=/Command]@360.5
chromium-dark-desktop › orbit-menu menu-up-enter paced sample 1,orbit-menu,menu,menu-up-enter,,paced,1,ArrowUp Enter,Action=command | none | @button:Add attachment,0,0,ArrowUp>button:Add attachment[none|f=button:Add attachment|h=None]@22.8 ; Enter>menuitem:/Command[menu×1|f=menuitem:/Command|h=/Command]@358
chromium-dark-desktop › orbit-menu menu-up-enter paced sample 2,orbit-menu,menu,menu-up-enter,,paced,2,ArrowUp Enter,Action=command | none | @button:Add attachment,0,0,ArrowUp>button:Add attachment[none|f=button:Add attachment|h=None]@32.3 ; Enter>menuitem:/Command[menu×1|f=menuitem:/Command|h=/Command]@356.8
chromium-dark-desktop › orbit-menu menu-up-enter paced sample 3,orbit-menu,menu,menu-up-enter,,paced,3,ArrowUp Enter,Action=command | none | @button:Add attachment,0,0,ArrowUp>button:Add attachment[none|f=button:Add attachment|h=None]@31.7 ; Enter>menuitem:/Command[menu×1|f=menuitem:/Command|h=/Command]@356.9
chromium-dark-desktop › orbit-menu menu-up-enter paced sample 4,orbit-menu,menu,menu-up-enter,,paced,4,ArrowUp Enter,Action=command | none | @button:Add attachment,0,0,ArrowUp>button:Add attachment[none|f=button:Add attachment|h=None]@29 ; Enter>menuitem:/Command[menu×1|f=menuitem:/Command|h=/Command]@364.6
chromium-dark-desktop › orbit-menu menu-up-enter paced sample 5,orbit-menu,menu,menu-up-enter,,paced,5,ArrowUp Enter,Action=command | none | @button:Add attachment,0,0,ArrowUp>button:Add attachment[none|f=button:Add attachment|h=None]@17.5 ; Enter>menuitem:/Command[menu×1|f=menuitem:/Command|h=/Command]@348.9
chromium-dark-desktop › orbit-menu menu-up-enter paced sample 6,orbit-menu,menu,menu-up-enter,,paced,6,ArrowUp Enter,Action=command | none | @button:Add attachment,0,0,ArrowUp>button:Add attachment[none|f=button:Add attachment|h=None]@28.7 ; Enter>menuitem:/Command[menu×1|f=menuitem:/Command|h=/Command]@353.4
chromium-dark-desktop › orbit-menu menu-up-enter paced sample 7,orbit-menu,menu,menu-up-enter,,paced,7,ArrowUp Enter,Action=command | none | @button:Add attachment,0,0,ArrowUp>button:Add attachment[none|f=button:Add attachment|h=None]@24.4 ; Enter>menuitem:/Command[menu×1|f=menuitem:/Command|h=/Command]@349.3
chromium-dark-desktop › orbit-menu menu-up-enter paced sample 8,orbit-menu,menu,menu-up-enter,,paced,8,ArrowUp Enter,Action=command | none | @button:Add attachment,0,0,ArrowUp>button:Add attachment[none|f=button:Add attachment|h=None]@22.6 ; Enter>menuitem:/Command[menu×1|f=menuitem:/Command|h=/Command]@355.5
chromium-dark-desktop › orbit-menu menu-up-enter paced sample 9,orbit-menu,menu,menu-up-enter,,paced,9,ArrowUp Enter,Action=command | none | @button:Add attachment,0,0,ArrowUp>button:Add attachment[none|f=button:Add attachment|h=None]@22.6 ; Enter>menuitem:/Command[menu×1|f=menuitem:/Command|h=/Command]@347.6
chromium-dark-desktop › orbit-menu menu-up-enter paced sample 10,orbit-menu,menu,menu-up-enter,,paced,10,ArrowUp Enter,Action=command | none | @button:Add attachment,0,0,ArrowUp>button:Add attachment[none|f=button:Add attachment|h=None]@28.2 ; Enter>menuitem:/Command[menu×1|f=menuitem:/Command|h=/Command]@352.7
chromium-dark-desktop › orbit-menu menu-up-enter paced sample 11,orbit-menu,menu,menu-up-enter,,paced,11,ArrowUp Enter,Action=command | none | @button:Add attachment,0,0,ArrowUp>button:Add attachment[none|f=button:Add attachment|h=None]@11.2 ; Enter>menuitem:/Command[menu×1|f=menuitem:/Command|h=/Command]@350.4
chromium-dark-desktop › orbit-menu menu-up-enter paced sample 12,orbit-menu,menu,menu-up-enter,,paced,12,ArrowUp Enter,Action=command | none | @button:Add attachment,0,0,ArrowUp>button:Add attachment[none|f=button:Add attachment|h=None]@25.6 ; Enter>menuitem:/Command[menu×1|f=menuitem:/Command|h=/Command]@350.7
chromium-dark-desktop › orbit-menu menu-up-enter paced sample 13,orbit-menu,menu,menu-up-enter,,paced,13,ArrowUp Enter,Action=command | none | @button:Add attachment,0,0,ArrowUp>button:Add attachment[none|f=button:Add attachment|h=None]@18.9 ; Enter>menuitem:/Command[menu×1|f=menuitem:/Command|h=/Command]@342.1
chromium-dark-desktop › orbit-menu menu-up-enter paced sample 14,orbit-menu,menu,menu-up-enter,,paced,14,ArrowUp Enter,Action=command | none | @button:Add attachment,0,0,ArrowUp>button:Add attachment[none|f=button:Add attachment|h=None]@21.7 ; Enter>menuitem:/Command[menu×1|f=menuitem:/Command|h=/Command]@348.7
chromium-dark-desktop › orbit-menu menu-up-enter paced sample 15,orbit-menu,menu,menu-up-enter,,paced,15,ArrowUp Enter,Action=command | none | @button:Add attachment,0,0,ArrowUp>button:Add attachment[none|f=button:Add attachment|h=None]@21.2 ; Enter>menuitem:/Command[menu×1|f=menuitem:/Command|h=/Command]@346.8
chromium-dark-desktop › orbit-menu menu-up-enter paced sample 16,orbit-menu,menu,menu-up-enter,,paced,16,ArrowUp Enter,Action=command | none | @button:Add attachment,0,0,ArrowUp>button:Add attachment[none|f=button:Add attachment|h=None]@30 ; Enter>menuitem:/Command[menu×1|f=menuitem:/Command|h=/Command]@364.1
chromium-dark-desktop › orbit-menu menu-up-enter paced sample 17,orbit-menu,menu,menu-up-enter,,paced,17,ArrowUp Enter,Action=command | none | @button:Add attachment,0,0,ArrowUp>button:Add attachment[none|f=button:Add attachment|h=None]@30.4 ; Enter>menuitem:/Command[menu×1|f=menuitem:/Command|h=/Command]@361.2
chromium-dark-desktop › orbit-menu menu-up-enter paced sample 18,orbit-menu,menu,menu-up-enter,,paced,18,ArrowUp Enter,Action=command | none | @button:Add attachment,0,0,ArrowUp>button:Add attachment[none|f=button:Add attachment|h=None]@23.7 ; Enter>menuitem:/Command[menu×1|f=menuitem:/Command|h=/Command]@361.2
chromium-dark-desktop › orbit-menu menu-up-enter paced sample 19,orbit-menu,menu,menu-up-enter,,paced,19,ArrowUp Enter,Action=command | none | @button:Add attachment,0,0,ArrowUp>button:Add attachment[none|f=button:Add attachment|h=None]@31.8 ; Enter>menuitem:/Command[menu×1|f=menuitem:/Command|h=/Command]@355.5
chromium-dark-desktop › orbit-menu-sample menu-up-enter burst sample 0,orbit-menu-sample,menu,menu-up-enter,,burst,0,ArrowUp Enter,ran /Command | none | @button:Add attachment,1,1,ArrowUp>button:Add attachment[none|f=button:Add attachment|h=None]@22.6 ; Enter>button:Add attachment[menu×1|f=button:Add attachment|h=/Command]@45.2 ; Enter*>menuitem:/Command[menu×1|f=button:Add attachment|h=/Command]@45.4
chromium-dark-desktop › orbit-menu-sample menu-up-enter burst sample 1,orbit-menu-sample,menu,menu-up-enter,,burst,1,ArrowUp Enter,ran /Command | none | @button:Add attachment,1,1,ArrowUp>button:Add attachment[none|f=button:Add attachment|h=None]@20.5 ; Enter>button:Add attachment[menu×1|f=button:Add attachment|h=/Command]@50.4 ; Enter*>menuitem:/Command[menu×1|f=button:Add attachment|h=/Command]@50.6
chromium-dark-desktop › orbit-menu-sample menu-up-enter burst sample 2,orbit-menu-sample,menu,menu-up-enter,,burst,2,ArrowUp Enter,ran /Command | none | @button:Add attachment,1,1,ArrowUp>button:Add attachment[none|f=button:Add attachment|h=None]@26.9 ; Enter>button:Add attachment[menu×1|f=button:Add attachment|h=/Command]@51.9 ; Enter*>menuitem:/Command[menu×1|f=button:Add attachment|h=/Command]@52
chromium-dark-desktop › orbit-menu-sample menu-up-enter burst sample 3,orbit-menu-sample,menu,menu-up-enter,,burst,3,ArrowUp Enter,ran /Command | none | @button:Add attachment,1,1,ArrowUp>button:Add attachment[none|f=button:Add attachment|h=None]@29.6 ; Enter>button:Add attachment[menu×1|f=button:Add attachment|h=/Command]@61.3 ; Enter*>menuitem:/Command[menu×1|f=button:Add attachment|h=/Command]@61.4
chromium-dark-desktop › orbit-menu-sample menu-up-enter burst sample 4,orbit-menu-sample,menu,menu-up-enter,,burst,4,ArrowUp Enter,ran /Command | none | @button:Add attachment,1,1,ArrowUp>button:Add attachment[none|f=button:Add attachment|h=None]@20.1 ; Enter>button:Add attachment[menu×1|f=button:Add attachment|h=/Command]@42 ; Enter*>menuitem:/Command[menu×1|f=button:Add attachment|h=/Command]@42.1
chromium-dark-desktop › orbit-menu-sample menu-up-enter burst sample 5,orbit-menu-sample,menu,menu-up-enter,,burst,5,ArrowUp Enter,ran /Command | none | @button:Add attachment,1,1,ArrowUp>button:Add attachment[none|f=button:Add attachment|h=None]@25.5 ; Enter>button:Add attachment[menu×1|f=button:Add attachment|h=/Command]@56.1 ; Enter*>menuitem:/Command[menu×1|f=button:Add attachment|h=/Command]@56.3
chromium-dark-desktop › orbit-menu-sample menu-up-enter burst sample 6,orbit-menu-sample,menu,menu-up-enter,,burst,6,ArrowUp Enter,ran /Command | none | @button:Add attachment,1,1,ArrowUp>button:Add attachment[none|f=button:Add attachment|h=None]@26.1 ; Enter>button:Add attachment[menu×1|f=button:Add attachment|h=/Command]@47.9 ; Enter*>menuitem:/Command[menu×1|f=button:Add attachment|h=/Command]@47.9
chromium-dark-desktop › orbit-menu-sample menu-up-enter burst sample 7,orbit-menu-sample,menu,menu-up-enter,,burst,7,ArrowUp Enter,ran /Command | none | @button:Add attachment,1,1,ArrowUp>button:Add attachment[none|f=button:Add attachment|h=None]@24.2 ; Enter>button:Add attachment[menu×1|f=button:Add attachment|h=/Command]@46.4 ; Enter*>menuitem:/Command[menu×1|f=button:Add attachment|h=/Command]@46.5
chromium-dark-desktop › orbit-menu-sample menu-up-enter burst sample 8,orbit-menu-sample,menu,menu-up-enter,,burst,8,ArrowUp Enter,ran /Command | none | @button:Add attachment,1,1,ArrowUp>button:Add attachment[none|f=button:Add attachment|h=None]@24.6 ; Enter>button:Add attachment[menu×1|f=button:Add attachment|h=/Command]@46.6 ; Enter*>menuitem:/Command[menu×1|f=button:Add attachment|h=/Command]@46.7
chromium-dark-desktop › orbit-menu-sample menu-up-enter burst sample 9,orbit-menu-sample,menu,menu-up-enter,,burst,9,ArrowUp Enter,ran /Command | none | @button:Add attachment,1,1,ArrowUp>button:Add attachment[none|f=button:Add attachment|h=None]@30.8 ; Enter>button:Add attachment[menu×1|f=button:Add attachment|h=/Command]@55 ; Enter*>menuitem:/Command[menu×1|f=button:Add attachment|h=/Command]@55.1
chromium-dark-desktop › orbit-menu-sample menu-up-enter burst sample 10,orbit-menu-sample,menu,menu-up-enter,,burst,10,ArrowUp Enter,ran /Command | none | @button:Add attachment,1,1,ArrowUp>button:Add attachment[none|f=button:Add attachment|h=None]@19.6 ; Enter>button:Add attachment[menu×1|f=button:Add attachment|h=/Command]@41.1 ; Enter*>menuitem:/Command[menu×1|f=button:Add attachment|h=/Command]@41.1
chromium-dark-desktop › orbit-menu-sample menu-up-enter burst sample 11,orbit-menu-sample,menu,menu-up-enter,,burst,11,ArrowUp Enter,ran /Command | none | @button:Add attachment,1,1,ArrowUp>button:Add attachment[none|f=button:Add attachment|h=None]@35.3 ; Enter>button:Add attachment[menu×1|f=button:Add attachment|h=/Command]@57.3 ; Enter*>menuitem:/Command[menu×1|f=button:Add attachment|h=/Command]@57.4
chromium-dark-desktop › orbit-menu-sample menu-up-enter burst sample 12,orbit-menu-sample,menu,menu-up-enter,,burst,12,ArrowUp Enter,ran /Command | none | @button:Add attachment,1,1,ArrowUp>button:Add attachment[none|f=button:Add attachment|h=None]@17.9 ; Enter>button:Add attachment[menu×1|f=button:Add attachment|h=/Command]@39.5 ; Enter*>menuitem:/Command[menu×1|f=button:Add attachment|h=/Command]@39.6
chromium-dark-desktop › orbit-menu-sample menu-up-enter burst sample 13,orbit-menu-sample,menu,menu-up-enter,,burst,13,ArrowUp Enter,ran /Command | none | @button:Add attachment,1,1,ArrowUp>button:Add attachment[none|f=button:Add attachment|h=None]@31.8 ; Enter>button:Add attachment[menu×1|f=button:Add attachment|h=/Command]@55.1 ; Enter*>menuitem:/Command[menu×1|f=button:Add attachment|h=/Command]@55.2
chromium-dark-desktop › orbit-menu-sample menu-up-enter burst sample 14,orbit-menu-sample,menu,menu-up-enter,,burst,14,ArrowUp Enter,ran /Command | none | @button:Add attachment,1,1,ArrowUp>button:Add attachment[none|f=button:Add attachment|h=None]@31.4 ; Enter>button:Add attachment[menu×1|f=button:Add attachment|h=/Command]@52.8 ; Enter*>menuitem:/Command[menu×1|f=button:Add attachment|h=/Command]@52.9
chromium-dark-desktop › orbit-menu-sample menu-up-enter burst sample 15,orbit-menu-sample,menu,menu-up-enter,,burst,15,ArrowUp Enter,ran /Command | none | @button:Add attachment,1,1,ArrowUp>button:Add attachment[none|f=button:Add attachment|h=None]@23 ; Enter>button:Add attachment[menu×1|f=button:Add attachment|h=/Command]@51.7 ; Enter*>menuitem:/Command[menu×1|f=button:Add attachment|h=/Command]@51.8
chromium-dark-desktop › orbit-menu-sample menu-up-enter burst sample 16,orbit-menu-sample,menu,menu-up-enter,,burst,16,ArrowUp Enter,ran /Command | none | @button:Add attachment,1,1,ArrowUp>button:Add attachment[none|f=button:Add attachment|h=None]@30.6 ; Enter>button:Add attachment[menu×1|f=button:Add attachment|h=/Command]@53.2 ; Enter*>menuitem:/Command[menu×1|f=button:Add attachment|h=/Command]@53.3
chromium-dark-desktop › orbit-menu-sample menu-up-enter burst sample 17,orbit-menu-sample,menu,menu-up-enter,,burst,17,ArrowUp Enter,ran /Command | none | @button:Add attachment,1,1,ArrowUp>button:Add attachment[none|f=button:Add attachment|h=None]@25.8 ; Enter>button:Add attachment[menu×1|f=button:Add attachment|h=/Command]@57.1 ; Enter*>menuitem:/Command[menu×1|f=button:Add attachment|h=/Command]@57.3
chromium-dark-desktop › orbit-menu-sample menu-up-enter burst sample 18,orbit-menu-sample,menu,menu-up-enter,,burst,18,ArrowUp Enter,ran /Command | none | @button:Add attachment,1,1,ArrowUp>button:Add attachment[none|f=button:Add attachment|h=None]@34.7 ; Enter>button:Add attachment[menu×1|f=button:Add attachment|h=/Command]@58 ; Enter*>menuitem:/Command[menu×1|f=button:Add attachment|h=/Command]@58
chromium-dark-desktop › orbit-menu-sample menu-up-enter burst sample 19,orbit-menu-sample,menu,menu-up-enter,,burst,19,ArrowUp Enter,ran /Command | none | @button:Add attachment,1,1,ArrowUp>button:Add attachment[none|f=button:Add attachment|h=None]@31 ; Enter>button:Add attachment[menu×1|f=button:Add attachment|h=/Command]@52.5 ; Enter*>menuitem:/Command[menu×1|f=button:Add attachment|h=/Command]@52.7
chromium-dark-desktop › orbit-menu-sample menu-up-enter paced sample 0,orbit-menu-sample,menu,menu-up-enter,,paced,0,ArrowUp Enter,ran /Command | none | @button:Add attachment,0,0,ArrowUp>button:Add attachment[none|f=button:Add attachment|h=None]@27.4 ; Enter>menuitem:/Command[menu×1|f=menuitem:/Command|h=/Command]@355.6
chromium-dark-desktop › orbit-menu-sample menu-up-enter paced sample 1,orbit-menu-sample,menu,menu-up-enter,,paced,1,ArrowUp Enter,ran /Command | none | @button:Add attachment,0,0,ArrowUp>button:Add attachment[none|f=button:Add attachment|h=None]@20.8 ; Enter>menuitem:/Command[menu×1|f=menuitem:/Command|h=/Command]@349.4
chromium-dark-desktop › orbit-menu-sample menu-up-enter paced sample 2,orbit-menu-sample,menu,menu-up-enter,,paced,2,ArrowUp Enter,ran /Command | none | @button:Add attachment,0,0,ArrowUp>button:Add attachment[none|f=button:Add attachment|h=None]@21.5 ; Enter>menuitem:/Command[menu×1|f=menuitem:/Command|h=/Command]@348.6
chromium-dark-desktop › orbit-menu-sample menu-up-enter paced sample 3,orbit-menu-sample,menu,menu-up-enter,,paced,3,ArrowUp Enter,ran /Command | none | @button:Add attachment,0,0,ArrowUp>button:Add attachment[none|f=button:Add attachment|h=None]@24.4 ; Enter>menuitem:/Command[menu×1|f=menuitem:/Command|h=/Command]@352.8
chromium-dark-desktop › orbit-menu-sample menu-up-enter paced sample 4,orbit-menu-sample,menu,menu-up-enter,,paced,4,ArrowUp Enter,ran /Command | none | @button:Add attachment,0,0,ArrowUp>button:Add attachment[none|f=button:Add attachment|h=None]@31.2 ; Enter>menuitem:/Command[menu×1|f=menuitem:/Command|h=/Command]@362.4
chromium-dark-desktop › orbit-menu-sample menu-up-enter paced sample 5,orbit-menu-sample,menu,menu-up-enter,,paced,5,ArrowUp Enter,ran /Command | none | @button:Add attachment,0,0,ArrowUp>button:Add attachment[none|f=button:Add attachment|h=None]@33.1 ; Enter>menuitem:/Command[menu×1|f=menuitem:/Command|h=/Command]@362.8
chromium-dark-desktop › orbit-menu-sample menu-up-enter paced sample 6,orbit-menu-sample,menu,menu-up-enter,,paced,6,ArrowUp Enter,ran /Command | none | @button:Add attachment,0,0,ArrowUp>button:Add attachment[none|f=button:Add attachment|h=None]@21.9 ; Enter>menuitem:/Command[menu×1|f=menuitem:/Command|h=/Command]@356.9
chromium-dark-desktop › orbit-menu-sample menu-up-enter paced sample 7,orbit-menu-sample,menu,menu-up-enter,,paced,7,ArrowUp Enter,ran /Command | none | @button:Add attachment,0,0,ArrowUp>button:Add attachment[none|f=button:Add attachment|h=None]@27.3 ; Enter>menuitem:/Command[menu×1|f=menuitem:/Command|h=/Command]@365.7
chromium-dark-desktop › orbit-menu-sample menu-up-enter paced sample 8,orbit-menu-sample,menu,menu-up-enter,,paced,8,ArrowUp Enter,ran /Command | none | @button:Add attachment,0,0,ArrowUp>button:Add attachment[none|f=button:Add attachment|h=None]@23.1 ; Enter>menuitem:/Command[menu×1|f=menuitem:/Command|h=/Command]@369.1
chromium-dark-desktop › orbit-menu-sample menu-up-enter paced sample 9,orbit-menu-sample,menu,menu-up-enter,,paced,9,ArrowUp Enter,ran /Command | none | @button:Add attachment,0,0,ArrowUp>button:Add attachment[none|f=button:Add attachment|h=None]@31.8 ; Enter>menuitem:/Command[menu×1|f=menuitem:/Command|h=/Command]@366.5
chromium-dark-desktop › orbit-menu-sample menu-up-enter paced sample 10,orbit-menu-sample,menu,menu-up-enter,,paced,10,ArrowUp Enter,ran /Command | none | @button:Add attachment,0,0,ArrowUp>button:Add attachment[none|f=button:Add attachment|h=None]@21.3 ; Enter>menuitem:/Command[menu×1|f=menuitem:/Command|h=/Command]@348.3
chromium-dark-desktop › orbit-menu-sample menu-up-enter paced sample 11,orbit-menu-sample,menu,menu-up-enter,,paced,11,ArrowUp Enter,ran /Command | none | @button:Add attachment,0,0,ArrowUp>button:Add attachment[none|f=button:Add attachment|h=None]@20.4 ; Enter>menuitem:/Command[menu×1|f=menuitem:/Command|h=/Command]@358.4
chromium-dark-desktop › orbit-menu-sample menu-up-enter paced sample 12,orbit-menu-sample,menu,menu-up-enter,,paced,12,ArrowUp Enter,ran /Command | none | @button:Add attachment,0,0,ArrowUp>button:Add attachment[none|f=button:Add attachment|h=None]@36 ; Enter>menuitem:/Command[menu×1|f=menuitem:/Command|h=/Command]@362.8
chromium-dark-desktop › orbit-menu-sample menu-up-enter paced sample 13,orbit-menu-sample,menu,menu-up-enter,,paced,13,ArrowUp Enter,ran /Command | none | @button:Add attachment,0,0,ArrowUp>button:Add attachment[none|f=button:Add attachment|h=None]@24.3 ; Enter>menuitem:/Command[menu×1|f=menuitem:/Command|h=/Command]@351
chromium-dark-desktop › orbit-menu-sample menu-up-enter paced sample 14,orbit-menu-sample,menu,menu-up-enter,,paced,14,ArrowUp Enter,ran /Command | none | @button:Add attachment,0,0,ArrowUp>button:Add attachment[none|f=button:Add attachment|h=None]@27.7 ; Enter>menuitem:/Command[menu×1|f=menuitem:/Command|h=/Command]@355.9
chromium-dark-desktop › orbit-menu-sample menu-up-enter paced sample 15,orbit-menu-sample,menu,menu-up-enter,,paced,15,ArrowUp Enter,ran /Command | none | @button:Add attachment,0,0,ArrowUp>button:Add attachment[none|f=button:Add attachment|h=None]@27 ; Enter>menuitem:/Command[menu×1|f=menuitem:/Command|h=/Command]@355
chromium-dark-desktop › orbit-menu-sample menu-up-enter paced sample 16,orbit-menu-sample,menu,menu-up-enter,,paced,16,ArrowUp Enter,ran /Command | none | @button:Add attachment,0,0,ArrowUp>button:Add attachment[none|f=button:Add attachment|h=None]@25.4 ; Enter>menuitem:/Command[menu×1|f=menuitem:/Command|h=/Command]@356
chromium-dark-desktop › orbit-menu-sample menu-up-enter paced sample 17,orbit-menu-sample,menu,menu-up-enter,,paced,17,ArrowUp Enter,ran /Command | none | @button:Add attachment,0,0,ArrowUp>button:Add attachment[none|f=button:Add attachment|h=None]@31 ; Enter>menuitem:/Command[menu×1|f=menuitem:/Command|h=/Command]@361.2
chromium-dark-desktop › orbit-menu-sample menu-up-enter paced sample 18,orbit-menu-sample,menu,menu-up-enter,,paced,18,ArrowUp Enter,ran /Command | none | @button:Add attachment,0,0,ArrowUp>button:Add attachment[none|f=button:Add attachment|h=None]@22.8 ; Enter>menuitem:/Command[menu×1|f=menuitem:/Command|h=/Command]@351.8
chromium-dark-desktop › orbit-menu-sample menu-up-enter paced sample 19,orbit-menu-sample,menu,menu-up-enter,,paced,19,ArrowUp Enter,ran /Command | none | @button:Add attachment,0,0,ArrowUp>button:Add attachment[none|f=button:Add attachment|h=None]@26 ; Enter>menuitem:/Command[menu×1|f=menuitem:/Command|h=/Command]@366.3
chromium-dark-desktop › antd-menu menu-up-enter burst sample 0,antd-menu,menu,menu-up-enter,,burst,0,ArrowUp Enter,none | menu×1 | @button:Add attachment,0,0,ArrowUp>button:Add attachment[none|f=button:Add attachment|h=None]@31.6 ; Enter>button:Add attachment[none|f=button:Add attachment|h=None]@33.4
chromium-dark-desktop › antd-menu menu-up-enter burst sample 1,antd-menu,menu,menu-up-enter,,burst,1,ArrowUp Enter,none | menu×1 | @button:Add attachment,0,0,ArrowUp>button:Add attachment[none|f=button:Add attachment|h=None]@26.9 ; Enter>button:Add attachment[none|f=button:Add attachment|h=None]@27.4
chromium-dark-desktop › antd-menu menu-up-enter burst sample 2,antd-menu,menu,menu-up-enter,,burst,2,ArrowUp Enter,none | menu×1 | @button:Add attachment,0,0,ArrowUp>button:Add attachment[none|f=button:Add attachment|h=None]@27.3 ; Enter>button:Add attachment[none|f=button:Add attachment|h=None]@27.8
chromium-dark-desktop › antd-menu menu-up-enter burst sample 3,antd-menu,menu,menu-up-enter,,burst,3,ArrowUp Enter,none | menu×1 | @button:Add attachment,0,0,ArrowUp>button:Add attachment[none|f=button:Add attachment|h=None]@30.4 ; Enter>button:Add attachment[none|f=button:Add attachment|h=None]@30.9
chromium-dark-desktop › antd-menu menu-up-enter burst sample 4,antd-menu,menu,menu-up-enter,,burst,4,ArrowUp Enter,none | menu×1 | @button:Add attachment,0,0,ArrowUp>button:Add attachment[none|f=button:Add attachment|h=None]@23.1 ; Enter>button:Add attachment[none|f=button:Add attachment|h=None]@23.7
chromium-dark-desktop › antd-menu menu-up-enter burst sample 5,antd-menu,menu,menu-up-enter,,burst,5,ArrowUp Enter,none | menu×1 | @button:Add attachment,0,0,ArrowUp>button:Add attachment[none|f=button:Add attachment|h=None]@31.7 ; Enter>button:Add attachment[none|f=button:Add attachment|h=None]@32.1
chromium-dark-desktop › antd-menu menu-up-enter burst sample 6,antd-menu,menu,menu-up-enter,,burst,6,ArrowUp Enter,none | menu×1 | @button:Add attachment,0,0,ArrowUp>button:Add attachment[none|f=button:Add attachment|h=None]@32.8 ; Enter>button:Add attachment[none|f=button:Add attachment|h=None]@33.3
chromium-dark-desktop › antd-menu menu-up-enter burst sample 7,antd-menu,menu,menu-up-enter,,burst,7,ArrowUp Enter,none | menu×1 | @button:Add attachment,0,0,ArrowUp>button:Add attachment[none|f=button:Add attachment|h=None]@27.3 ; Enter>button:Add attachment[none|f=button:Add attachment|h=None]@27.8
chromium-dark-desktop › antd-menu menu-up-enter burst sample 8,antd-menu,menu,menu-up-enter,,burst,8,ArrowUp Enter,none | menu×1 | @button:Add attachment,0,0,ArrowUp>button:Add attachment[none|f=button:Add attachment|h=None]@19.1 ; Enter>button:Add attachment[none|f=button:Add attachment|h=None]@19.5
chromium-dark-desktop › antd-menu menu-up-enter burst sample 9,antd-menu,menu,menu-up-enter,,burst,9,ArrowUp Enter,none | menu×1 | @button:Add attachment,0,0,ArrowUp>button:Add attachment[none|f=button:Add attachment|h=None]@26.1 ; Enter>button:Add attachment[none|f=button:Add attachment|h=None]@26.5
chromium-dark-desktop › antd-menu menu-up-enter burst sample 10,antd-menu,menu,menu-up-enter,,burst,10,ArrowUp Enter,none | menu×1 | @button:Add attachment,0,0,ArrowUp>button:Add attachment[none|f=button:Add attachment|h=None]@33 ; Enter>button:Add attachment[none|f=button:Add attachment|h=None]@33.4
chromium-dark-desktop › antd-menu menu-up-enter burst sample 11,antd-menu,menu,menu-up-enter,,burst,11,ArrowUp Enter,none | menu×1 | @button:Add attachment,0,0,ArrowUp>button:Add attachment[none|f=button:Add attachment|h=None]@28.4 ; Enter>button:Add attachment[none|f=button:Add attachment|h=None]@28.9
chromium-dark-desktop › antd-menu menu-up-enter burst sample 12,antd-menu,menu,menu-up-enter,,burst,12,ArrowUp Enter,none | menu×1 | @button:Add attachment,0,0,ArrowUp>button:Add attachment[none|f=button:Add attachment|h=None]@23.4 ; Enter>button:Add attachment[none|f=button:Add attachment|h=None]@23.9
chromium-dark-desktop › antd-menu menu-up-enter burst sample 13,antd-menu,menu,menu-up-enter,,burst,13,ArrowUp Enter,none | menu×1 | @button:Add attachment,0,0,ArrowUp>button:Add attachment[none|f=button:Add attachment|h=None]@21.1 ; Enter>button:Add attachment[none|f=button:Add attachment|h=None]@21.7
chromium-dark-desktop › antd-menu menu-up-enter burst sample 14,antd-menu,menu,menu-up-enter,,burst,14,ArrowUp Enter,none | menu×1 | @button:Add attachment,0,0,ArrowUp>button:Add attachment[none|f=button:Add attachment|h=None]@22.2 ; Enter>button:Add attachment[none|f=button:Add attachment|h=None]@22.7
chromium-dark-desktop › antd-menu menu-up-enter burst sample 15,antd-menu,menu,menu-up-enter,,burst,15,ArrowUp Enter,none | menu×1 | @button:Add attachment,0,0,ArrowUp>button:Add attachment[none|f=button:Add attachment|h=None]@26.1 ; Enter>button:Add attachment[none|f=button:Add attachment|h=None]@26.8
chromium-dark-desktop › antd-menu menu-up-enter burst sample 16,antd-menu,menu,menu-up-enter,,burst,16,ArrowUp Enter,none | menu×1 | @button:Add attachment,0,0,ArrowUp>button:Add attachment[none|f=button:Add attachment|h=None]@27.3 ; Enter>button:Add attachment[none|f=button:Add attachment|h=None]@27.8
chromium-dark-desktop › antd-menu menu-up-enter burst sample 17,antd-menu,menu,menu-up-enter,,burst,17,ArrowUp Enter,none | menu×1 | @button:Add attachment,0,0,ArrowUp>button:Add attachment[none|f=button:Add attachment|h=None]@19.8 ; Enter>button:Add attachment[none|f=button:Add attachment|h=None]@20.3
chromium-dark-desktop › antd-menu menu-up-enter burst sample 18,antd-menu,menu,menu-up-enter,,burst,18,ArrowUp Enter,none | menu×1 | @button:Add attachment,0,0,ArrowUp>button:Add attachment[none|f=button:Add attachment|h=None]@32.8 ; Enter>button:Add attachment[none|f=button:Add attachment|h=None]@33.3
chromium-dark-desktop › antd-menu menu-up-enter burst sample 19,antd-menu,menu,menu-up-enter,,burst,19,ArrowUp Enter,none | menu×1 | @button:Add attachment,0,0,ArrowUp>button:Add attachment[none|f=button:Add attachment|h=None]@17.5 ; Enter>button:Add attachment[none|f=button:Add attachment|h=None]@18.1
chromium-dark-desktop › antd-menu menu-up-enter paced sample 0,antd-menu,menu,menu-up-enter,,paced,0,ArrowUp Enter,none | menu×1 | @button:Add attachment,0,0,ArrowUp>button:Add attachment[none|f=button:Add attachment|h=None]@21.3 ; Enter>button:Add attachment[none|f=button:Add attachment|h=None]@328.5
chromium-dark-desktop › antd-menu menu-up-enter paced sample 1,antd-menu,menu,menu-up-enter,,paced,1,ArrowUp Enter,none | menu×1 | @button:Add attachment,0,0,ArrowUp>button:Add attachment[none|f=button:Add attachment|h=None]@20.4 ; Enter>button:Add attachment[none|f=button:Add attachment|h=None]@323.4
chromium-dark-desktop › antd-menu menu-up-enter paced sample 2,antd-menu,menu,menu-up-enter,,paced,2,ArrowUp Enter,none | menu×1 | @button:Add attachment,0,0,ArrowUp>button:Add attachment[none|f=button:Add attachment|h=None]@22.8 ; Enter>button:Add attachment[none|f=button:Add attachment|h=None]@326.2
chromium-dark-desktop › antd-menu menu-up-enter paced sample 3,antd-menu,menu,menu-up-enter,,paced,3,ArrowUp Enter,none | menu×1 | @button:Add attachment,0,0,ArrowUp>button:Add attachment[none|f=button:Add attachment|h=None]@18.9 ; Enter>button:Add attachment[none|f=button:Add attachment|h=None]@322.4
chromium-dark-desktop › antd-menu menu-up-enter paced sample 4,antd-menu,menu,menu-up-enter,,paced,4,ArrowUp Enter,none | menu×1 | @button:Add attachment,0,0,ArrowUp>button:Add attachment[none|f=button:Add attachment|h=None]@29.1 ; Enter>button:Add attachment[none|f=button:Add attachment|h=None]@331.4
chromium-dark-desktop › antd-menu menu-up-enter paced sample 5,antd-menu,menu,menu-up-enter,,paced,5,ArrowUp Enter,none | menu×1 | @button:Add attachment,0,0,ArrowUp>button:Add attachment[none|f=button:Add attachment|h=None]@30.1 ; Enter>button:Add attachment[none|f=button:Add attachment|h=None]@333.2
chromium-dark-desktop › antd-menu menu-up-enter paced sample 6,antd-menu,menu,menu-up-enter,,paced,6,ArrowUp Enter,none | menu×1 | @button:Add attachment,0,0,ArrowUp>button:Add attachment[none|f=button:Add attachment|h=None]@23.4 ; Enter>button:Add attachment[none|f=button:Add attachment|h=None]@326.3
chromium-dark-desktop › antd-menu menu-up-enter paced sample 7,antd-menu,menu,menu-up-enter,,paced,7,ArrowUp Enter,none | menu×1 | @button:Add attachment,0,0,ArrowUp>button:Add attachment[none|f=button:Add attachment|h=None]@30.2 ; Enter>button:Add attachment[none|f=button:Add attachment|h=None]@334
chromium-dark-desktop › antd-menu menu-up-enter paced sample 8,antd-menu,menu,menu-up-enter,,paced,8,ArrowUp Enter,none | menu×1 | @button:Add attachment,0,0,ArrowUp>button:Add attachment[none|f=button:Add attachment|h=None]@21.9 ; Enter>button:Add attachment[none|f=button:Add attachment|h=None]@326.5
chromium-dark-desktop › antd-menu menu-up-enter paced sample 9,antd-menu,menu,menu-up-enter,,paced,9,ArrowUp Enter,none | menu×1 | @button:Add attachment,0,0,ArrowUp>button:Add attachment[none|f=button:Add attachment|h=None]@28.4 ; Enter>button:Add attachment[none|f=button:Add attachment|h=None]@331.4
chromium-dark-desktop › antd-menu menu-up-enter paced sample 10,antd-menu,menu,menu-up-enter,,paced,10,ArrowUp Enter,none | menu×1 | @button:Add attachment,0,0,ArrowUp>button:Add attachment[none|f=button:Add attachment|h=None]@29.8 ; Enter>button:Add attachment[none|f=button:Add attachment|h=None]@334.6
chromium-dark-desktop › antd-menu menu-up-enter paced sample 11,antd-menu,menu,menu-up-enter,,paced,11,ArrowUp Enter,none | menu×1 | @button:Add attachment,0,0,ArrowUp>button:Add attachment[none|f=button:Add attachment|h=None]@28.2 ; Enter>button:Add attachment[none|f=button:Add attachment|h=None]@332.3
chromium-dark-desktop › antd-menu menu-up-enter paced sample 12,antd-menu,menu,menu-up-enter,,paced,12,ArrowUp Enter,none | menu×1 | @button:Add attachment,0,0,ArrowUp>button:Add attachment[none|f=button:Add attachment|h=None]@33 ; Enter>button:Add attachment[none|f=button:Add attachment|h=None]@336.8
chromium-dark-desktop › antd-menu menu-up-enter paced sample 13,antd-menu,menu,menu-up-enter,,paced,13,ArrowUp Enter,none | menu×1 | @button:Add attachment,0,0,ArrowUp>button:Add attachment[none|f=button:Add attachment|h=None]@21.4 ; Enter>button:Add attachment[none|f=button:Add attachment|h=None]@324.3
chromium-dark-desktop › antd-menu menu-up-enter paced sample 14,antd-menu,menu,menu-up-enter,,paced,14,ArrowUp Enter,none | menu×1 | @button:Add attachment,0,0,ArrowUp>button:Add attachment[none|f=button:Add attachment|h=None]@30 ; Enter>button:Add attachment[none|f=button:Add attachment|h=None]@333
chromium-dark-desktop › antd-menu menu-up-enter paced sample 15,antd-menu,menu,menu-up-enter,,paced,15,ArrowUp Enter,none | menu×1 | @button:Add attachment,0,0,ArrowUp>button:Add attachment[none|f=button:Add attachment|h=None]@16.5 ; Enter>button:Add attachment[none|f=button:Add attachment|h=None]@320.7
chromium-dark-desktop › antd-menu menu-up-enter paced sample 16,antd-menu,menu,menu-up-enter,,paced,16,ArrowUp Enter,none | menu×1 | @button:Add attachment,0,0,ArrowUp>button:Add attachment[none|f=button:Add attachment|h=None]@30.2 ; Enter>button:Add attachment[none|f=button:Add attachment|h=None]@334
chromium-dark-desktop › antd-menu menu-up-enter paced sample 17,antd-menu,menu,menu-up-enter,,paced,17,ArrowUp Enter,none | menu×1 | @button:Add attachment,0,0,ArrowUp>button:Add attachment[none|f=button:Add attachment|h=None]@29.7 ; Enter>button:Add attachment[none|f=button:Add attachment|h=None]@333.9
chromium-dark-desktop › antd-menu menu-up-enter paced sample 18,antd-menu,menu,menu-up-enter,,paced,18,ArrowUp Enter,none | menu×1 | @button:Add attachment,0,0,ArrowUp>button:Add attachment[none|f=button:Add attachment|h=None]@28 ; Enter>button:Add attachment[none|f=button:Add attachment|h=None]@332.3
chromium-dark-desktop › antd-menu menu-up-enter paced sample 19,antd-menu,menu,menu-up-enter,,paced,19,ArrowUp Enter,none | menu×1 | @button:Add attachment,0,0,ArrowUp>button:Add attachment[none|f=button:Add attachment|h=None]@26.1 ; Enter>button:Add attachment[none|f=button:Add attachment|h=None]@329.3
chromium-dark-desktop › orbit-menu menu-up-home-enter burst sample 0,orbit-menu,menu,menu-up-home-enter,menu-up-enter,burst,0,ArrowUp Home Enter,Action=command | none | @button:Add attachment,1,1,ArrowUp>button:Add attachment[none|f=button:Add attachment|h=None]@21.8 ; Home>button:Add attachment[menu×1|f=button:Add attachment|h=/Command]@46.5 ; Enter>button:Add attachment[menu×1|f=button:Add attachment|h=/Command]@46.8 ; Enter*>menuitem:/Command[menu×1|f=button:Add attachment|h=/Command]@47.1
chromium-dark-desktop › orbit-menu menu-up-home-enter burst sample 1,orbit-menu,menu,menu-up-home-enter,menu-up-enter,burst,1,ArrowUp Home Enter,Action=command | none | @button:Add attachment,1,1,ArrowUp>button:Add attachment[none|f=button:Add attachment|h=None]@29 ; Home>button:Add attachment[menu×1|f=button:Add attachment|h=/Command]@54 ; Enter>button:Add attachment[menu×1|f=button:Add attachment|h=/Command]@54.2 ; Enter*>menuitem:/Command[menu×1|f=button:Add attachment|h=/Command]@54.3
chromium-dark-desktop › orbit-menu menu-up-home-enter burst sample 2,orbit-menu,menu,menu-up-home-enter,menu-up-enter,burst,2,ArrowUp Home Enter,Action=command | none | @button:Add attachment,1,1,ArrowUp>button:Add attachment[none|f=button:Add attachment|h=None]@34.8 ; Home>button:Add attachment[menu×1|f=button:Add attachment|h=/Command]@59.2 ; Enter>button:Add attachment[menu×1|f=button:Add attachment|h=/Command]@59.5 ; Enter*>menuitem:/Command[menu×1|f=button:Add attachment|h=/Command]@59.6
chromium-dark-desktop › orbit-menu menu-up-home-enter burst sample 3,orbit-menu,menu,menu-up-home-enter,menu-up-enter,burst,3,ArrowUp Home Enter,Action=command | none | @button:Add attachment,1,1,ArrowUp>button:Add attachment[none|f=button:Add attachment|h=None]@28.7 ; Home>button:Add attachment[menu×1|f=button:Add attachment|h=/Command]@55.6 ; Enter>button:Add attachment[menu×1|f=button:Add attachment|h=/Command]@55.9 ; Enter*>menuitem:/Command[menu×1|f=button:Add attachment|h=/Command]@56
chromium-dark-desktop › orbit-menu menu-up-home-enter burst sample 4,orbit-menu,menu,menu-up-home-enter,menu-up-enter,burst,4,ArrowUp Home Enter,Action=command | none | @button:Add attachment,1,1,ArrowUp>button:Add attachment[none|f=button:Add attachment|h=None]@22 ; Home>button:Add attachment[menu×1|f=button:Add attachment|h=/Command]@46.7 ; Enter>button:Add attachment[menu×1|f=button:Add attachment|h=/Command]@46.9 ; Enter*>menuitem:/Command[menu×1|f=button:Add attachment|h=/Command]@47.1
chromium-dark-desktop › orbit-menu menu-up-home-enter burst sample 5,orbit-menu,menu,menu-up-home-enter,menu-up-enter,burst,5,ArrowUp Home Enter,Action=command | none | @button:Add attachment,1,1,ArrowUp>button:Add attachment[none|f=button:Add attachment|h=None]@26.9 ; Home>button:Add attachment[menu×1|f=button:Add attachment|h=/Command]@52.1 ; Enter>button:Add attachment[menu×1|f=button:Add attachment|h=/Command]@52.5 ; Enter*>menuitem:/Command[menu×1|f=button:Add attachment|h=/Command]@52.6
chromium-dark-desktop › orbit-menu menu-up-home-enter burst sample 6,orbit-menu,menu,menu-up-home-enter,menu-up-enter,burst,6,ArrowUp Home Enter,Action=command | none | @button:Add attachment,1,1,ArrowUp>button:Add attachment[none|f=button:Add attachment|h=None]@26.6 ; Home>button:Add attachment[menu×1|f=button:Add attachment|h=/Command]@49.3 ; Enter>button:Add attachment[menu×1|f=button:Add attachment|h=/Command]@49.6 ; Enter*>menuitem:/Command[menu×1|f=button:Add attachment|h=/Command]@49.7
chromium-dark-desktop › orbit-menu menu-up-home-enter burst sample 7,orbit-menu,menu,menu-up-home-enter,menu-up-enter,burst,7,ArrowUp Home Enter,Action=command | none | @button:Add attachment,1,1,ArrowUp>button:Add attachment[none|f=button:Add attachment|h=None]@15.5 ; Home>button:Add attachment[menu×1|f=button:Add attachment|h=/Command]@43.5 ; Enter>button:Add attachment[menu×1|f=button:Add attachment|h=/Command]@43.9 ; Enter*>menuitem:/Command[menu×1|f=button:Add attachment|h=/Command]@44
chromium-dark-desktop › orbit-menu menu-up-home-enter burst sample 8,orbit-menu,menu,menu-up-home-enter,menu-up-enter,burst,8,ArrowUp Home Enter,Action=command | none | @button:Add attachment,1,1,ArrowUp>button:Add attachment[none|f=button:Add attachment|h=None]@22.6 ; Home>button:Add attachment[menu×1|f=button:Add attachment|h=/Command]@49.2 ; Enter>button:Add attachment[menu×1|f=button:Add attachment|h=/Command]@49.6 ; Enter*>menuitem:/Command[menu×1|f=button:Add attachment|h=/Command]@49.6
chromium-dark-desktop › orbit-menu menu-up-home-enter burst sample 9,orbit-menu,menu,menu-up-home-enter,menu-up-enter,burst,9,ArrowUp Home Enter,Action=command | none | @button:Add attachment,1,1,ArrowUp>button:Add attachment[none|f=button:Add attachment|h=None]@24.4 ; Home>button:Add attachment[menu×1|f=button:Add attachment|h=/Command]@49.1 ; Enter>button:Add attachment[menu×1|f=button:Add attachment|h=/Command]@49.4 ; Enter*>menuitem:/Command[menu×1|f=button:Add attachment|h=/Command]@49.4
chromium-dark-desktop › orbit-menu menu-up-home-enter burst sample 10,orbit-menu,menu,menu-up-home-enter,menu-up-enter,burst,10,ArrowUp Home Enter,Action=command | none | @button:Add attachment,1,1,ArrowUp>button:Add attachment[none|f=button:Add attachment|h=None]@25.9 ; Home>button:Add attachment[menu×1|f=button:Add attachment|h=/Command]@50.3 ; Enter>button:Add attachment[menu×1|f=button:Add attachment|h=/Command]@50.6 ; Enter*>menuitem:/Command[menu×1|f=button:Add attachment|h=/Command]@50.7
chromium-dark-desktop › orbit-menu menu-up-home-enter burst sample 11,orbit-menu,menu,menu-up-home-enter,menu-up-enter,burst,11,ArrowUp Home Enter,Action=command | none | @button:Add attachment,1,1,ArrowUp>button:Add attachment[none|f=button:Add attachment|h=None]@20.9 ; Home>button:Add attachment[menu×1|f=button:Add attachment|h=/Command]@45.4 ; Enter>button:Add attachment[menu×1|f=button:Add attachment|h=/Command]@45.7 ; Enter*>menuitem:/Command[menu×1|f=button:Add attachment|h=/Command]@45.8
chromium-dark-desktop › orbit-menu menu-up-home-enter burst sample 12,orbit-menu,menu,menu-up-home-enter,menu-up-enter,burst,12,ArrowUp Home Enter,Action=command | none | @button:Add attachment,1,1,ArrowUp>button:Add attachment[none|f=button:Add attachment|h=None]@31.9 ; Home>button:Add attachment[menu×1|f=button:Add attachment|h=/Command]@56.6 ; Enter>button:Add attachment[menu×1|f=button:Add attachment|h=/Command]@56.9 ; Enter*>menuitem:/Command[menu×1|f=button:Add attachment|h=/Command]@57
chromium-dark-desktop › orbit-menu menu-up-home-enter burst sample 13,orbit-menu,menu,menu-up-home-enter,menu-up-enter,burst,13,ArrowUp Home Enter,Action=command | none | @button:Add attachment,1,1,ArrowUp>button:Add attachment[none|f=button:Add attachment|h=None]@22 ; Home>button:Add attachment[menu×1|f=button:Add attachment|h=/Command]@46.3 ; Enter>button:Add attachment[menu×1|f=button:Add attachment|h=/Command]@46.6 ; Enter*>menuitem:/Command[menu×1|f=button:Add attachment|h=/Command]@46.6
chromium-dark-desktop › orbit-menu menu-up-home-enter burst sample 14,orbit-menu,menu,menu-up-home-enter,menu-up-enter,burst,14,ArrowUp Home Enter,Action=command | none | @button:Add attachment,1,1,ArrowUp>button:Add attachment[none|f=button:Add attachment|h=None]@32.2 ; Home>button:Add attachment[menu×1|f=button:Add attachment|h=/Command]@64.1 ; Enter>button:Add attachment[menu×1|f=button:Add attachment|h=/Command]@64.6 ; Enter*>menuitem:/Command[menu×1|f=button:Add attachment|h=/Command]@64.7
chromium-dark-desktop › orbit-menu menu-up-home-enter burst sample 15,orbit-menu,menu,menu-up-home-enter,menu-up-enter,burst,15,ArrowUp Home Enter,Action=command | none | @button:Add attachment,1,1,ArrowUp>button:Add attachment[none|f=button:Add attachment|h=None]@21.1 ; Home>button:Add attachment[menu×1|f=button:Add attachment|h=/Command]@45.2 ; Enter>button:Add attachment[menu×1|f=button:Add attachment|h=/Command]@45.4 ; Enter*>menuitem:/Command[menu×1|f=button:Add attachment|h=/Command]@45.4
chromium-dark-desktop › orbit-menu menu-up-home-enter burst sample 16,orbit-menu,menu,menu-up-home-enter,menu-up-enter,burst,16,ArrowUp Home Enter,Action=command | none | @button:Add attachment,1,1,ArrowUp>button:Add attachment[none|f=button:Add attachment|h=None]@32.8 ; Home>button:Add attachment[menu×1|f=button:Add attachment|h=/Command]@59.5 ; Enter>button:Add attachment[menu×1|f=button:Add attachment|h=/Command]@59.8 ; Enter*>menuitem:/Command[menu×1|f=button:Add attachment|h=/Command]@59.9
chromium-dark-desktop › orbit-menu menu-up-home-enter burst sample 17,orbit-menu,menu,menu-up-home-enter,menu-up-enter,burst,17,ArrowUp Home Enter,Action=command | none | @button:Add attachment,1,1,ArrowUp>button:Add attachment[none|f=button:Add attachment|h=None]@33.1 ; Home>button:Add attachment[menu×1|f=button:Add attachment|h=/Command]@58.3 ; Enter>button:Add attachment[menu×1|f=button:Add attachment|h=/Command]@58.6 ; Enter*>menuitem:/Command[menu×1|f=button:Add attachment|h=/Command]@58.7
chromium-dark-desktop › orbit-menu menu-up-home-enter burst sample 18,orbit-menu,menu,menu-up-home-enter,menu-up-enter,burst,18,ArrowUp Home Enter,Action=command | none | @button:Add attachment,1,1,ArrowUp>button:Add attachment[none|f=button:Add attachment|h=None]@25.6 ; Home>button:Add attachment[menu×1|f=button:Add attachment|h=/Command]@50 ; Enter>button:Add attachment[menu×1|f=button:Add attachment|h=/Command]@50.3 ; Enter*>menuitem:/Command[menu×1|f=button:Add attachment|h=/Command]@50.4
chromium-dark-desktop › orbit-menu menu-up-home-enter burst sample 19,orbit-menu,menu,menu-up-home-enter,menu-up-enter,burst,19,ArrowUp Home Enter,Action=command | none | @button:Add attachment,1,1,ArrowUp>button:Add attachment[none|f=button:Add attachment|h=None]@27.3 ; Home>button:Add attachment[menu×1|f=button:Add attachment|h=/Command]@52.3 ; Enter>button:Add attachment[menu×1|f=button:Add attachment|h=/Command]@52.6 ; Enter*>menuitem:/Command[menu×1|f=button:Add attachment|h=/Command]@52.7
chromium-dark-desktop › orbit-menu menu-up-home-enter paced sample 0,orbit-menu,menu,menu-up-home-enter,menu-up-enter,paced,0,ArrowUp Home Enter,Action=file | none | @button:Add attachment,0,0,ArrowUp>button:Add attachment[none|f=button:Add attachment|h=None]@26.8 ; Home>menuitem:/Command[menu×1|f=menuitem:/Command|h=/Command]@358.5 ; Enter>menuitem:File[menu×1|f=menuitem:File|h=File]@668.9
chromium-dark-desktop › orbit-menu menu-up-home-enter paced sample 1,orbit-menu,menu,menu-up-home-enter,menu-up-enter,paced,1,ArrowUp Home Enter,Action=file | none | @button:Add attachment,0,0,ArrowUp>button:Add attachment[none|f=button:Add attachment|h=None]@24.5 ; Home>menuitem:/Command[menu×1|f=menuitem:/Command|h=/Command]@355.1 ; Enter>menuitem:File[menu×1|f=menuitem:File|h=File]@664.6
chromium-dark-desktop › orbit-menu menu-up-home-enter paced sample 2,orbit-menu,menu,menu-up-home-enter,menu-up-enter,paced,2,ArrowUp Home Enter,Action=file | none | @button:Add attachment,0,0,ArrowUp>button:Add attachment[none|f=button:Add attachment|h=None]@33.6 ; Home>menuitem:/Command[menu×1|f=menuitem:/Command|h=/Command]@365.6 ; Enter>menuitem:File[menu×1|f=menuitem:File|h=File]@680.6
chromium-dark-desktop › orbit-menu menu-up-home-enter paced sample 3,orbit-menu,menu,menu-up-home-enter,menu-up-enter,paced,3,ArrowUp Home Enter,Action=file | none | @button:Add attachment,0,0,ArrowUp>button:Add attachment[none|f=button:Add attachment|h=None]@16.2 ; Home>menuitem:/Command[menu×1|f=menuitem:/Command|h=/Command]@356.7 ; Enter>menuitem:File[menu×1|f=menuitem:File|h=File]@664.8
chromium-dark-desktop › orbit-menu menu-up-home-enter paced sample 4,orbit-menu,menu,menu-up-home-enter,menu-up-enter,paced,4,ArrowUp Home Enter,Action=file | none | @button:Add attachment,0,0,ArrowUp>button:Add attachment[none|f=button:Add attachment|h=None]@20.3 ; Home>menuitem:/Command[menu×1|f=menuitem:/Command|h=/Command]@351.8 ; Enter>menuitem:File[menu×1|f=menuitem:File|h=File]@659.2
chromium-dark-desktop › orbit-menu menu-up-home-enter paced sample 5,orbit-menu,menu,menu-up-home-enter,menu-up-enter,paced,5,ArrowUp Home Enter,Action=file | none | @button:Add attachment,0,0,ArrowUp>button:Add attachment[none|f=button:Add attachment|h=None]@17.5 ; Home>menuitem:/Command[menu×1|f=menuitem:/Command|h=/Command]@349.3 ; Enter>menuitem:File[menu×1|f=menuitem:File|h=File]@656.4
chromium-dark-desktop › orbit-menu menu-up-home-enter paced sample 6,orbit-menu,menu,menu-up-home-enter,menu-up-enter,paced,6,ArrowUp Home Enter,Action=file | none | @button:Add attachment,0,0,ArrowUp>button:Add attachment[none|f=button:Add attachment|h=None]@19.6 ; Home>menuitem:/Command[menu×1|f=menuitem:/Command|h=/Command]@357.4 ; Enter>menuitem:File[menu×1|f=menuitem:File|h=File]@664.2
chromium-dark-desktop › orbit-menu menu-up-home-enter paced sample 7,orbit-menu,menu,menu-up-home-enter,menu-up-enter,paced,7,ArrowUp Home Enter,Action=file | none | @button:Add attachment,0,0,ArrowUp>button:Add attachment[none|f=button:Add attachment|h=None]@29 ; Home>menuitem:/Command[menu×1|f=menuitem:/Command|h=/Command]@368.9 ; Enter>menuitem:File[menu×1|f=menuitem:File|h=File]@676.5
chromium-dark-desktop › orbit-menu menu-up-home-enter paced sample 8,orbit-menu,menu,menu-up-home-enter,menu-up-enter,paced,8,ArrowUp Home Enter,Action=file | none | @button:Add attachment,0,0,ArrowUp>button:Add attachment[none|f=button:Add attachment|h=None]@24.4 ; Home>menuitem:/Command[menu×1|f=menuitem:/Command|h=/Command]@357 ; Enter>menuitem:File[menu×1|f=menuitem:File|h=File]@670.3
chromium-dark-desktop › orbit-menu menu-up-home-enter paced sample 9,orbit-menu,menu,menu-up-home-enter,menu-up-enter,paced,9,ArrowUp Home Enter,Action=file | none | @button:Add attachment,0,0,ArrowUp>button:Add attachment[none|f=button:Add attachment|h=None]@29.6 ; Home>menuitem:/Command[menu×1|f=menuitem:/Command|h=/Command]@361.4 ; Enter>menuitem:File[menu×1|f=menuitem:File|h=File]@669.3
chromium-dark-desktop › orbit-menu menu-up-home-enter paced sample 10,orbit-menu,menu,menu-up-home-enter,menu-up-enter,paced,10,ArrowUp Home Enter,Action=file | none | @button:Add attachment,0,0,ArrowUp>button:Add attachment[none|f=button:Add attachment|h=None]@23.6 ; Home>menuitem:/Command[menu×1|f=menuitem:/Command|h=/Command]@354.4 ; Enter>menuitem:File[menu×1|f=menuitem:File|h=File]@663
chromium-dark-desktop › orbit-menu menu-up-home-enter paced sample 11,orbit-menu,menu,menu-up-home-enter,menu-up-enter,paced,11,ArrowUp Home Enter,Action=file | none | @button:Add attachment,0,0,ArrowUp>button:Add attachment[none|f=button:Add attachment|h=None]@23.8 ; Home>menuitem:/Command[menu×1|f=menuitem:/Command|h=/Command]@356.9 ; Enter>menuitem:File[menu×1|f=menuitem:File|h=File]@663.9
chromium-dark-desktop › orbit-menu menu-up-home-enter paced sample 12,orbit-menu,menu,menu-up-home-enter,menu-up-enter,paced,12,ArrowUp Home Enter,Action=file | none | @button:Add attachment,0,0,ArrowUp>button:Add attachment[none|f=button:Add attachment|h=None]@22.8 ; Home>menuitem:/Command[menu×1|f=menuitem:/Command|h=/Command]@355.1 ; Enter>menuitem:File[menu×1|f=menuitem:File|h=File]@662.4
chromium-dark-desktop › orbit-menu menu-up-home-enter paced sample 13,orbit-menu,menu,menu-up-home-enter,menu-up-enter,paced,13,ArrowUp Home Enter,Action=file | none | @button:Add attachment,0,0,ArrowUp>button:Add attachment[none|f=button:Add attachment|h=None]@27.8 ; Home>menuitem:/Command[menu×1|f=menuitem:/Command|h=/Command]@361.6 ; Enter>menuitem:File[menu×1|f=menuitem:File|h=File]@675.7
chromium-dark-desktop › orbit-menu menu-up-home-enter paced sample 14,orbit-menu,menu,menu-up-home-enter,menu-up-enter,paced,14,ArrowUp Home Enter,Action=file | none | @button:Add attachment,0,0,ArrowUp>button:Add attachment[none|f=button:Add attachment|h=None]@19.1 ; Home>menuitem:/Command[menu×1|f=menuitem:/Command|h=/Command]@349.9 ; Enter>menuitem:File[menu×1|f=menuitem:File|h=File]@661.3
chromium-dark-desktop › orbit-menu menu-up-home-enter paced sample 15,orbit-menu,menu,menu-up-home-enter,menu-up-enter,paced,15,ArrowUp Home Enter,Action=file | none | @button:Add attachment,0,0,ArrowUp>button:Add attachment[none|f=button:Add attachment|h=None]@26.8 ; Home>menuitem:/Command[menu×1|f=menuitem:/Command|h=/Command]@359.4 ; Enter>menuitem:File[menu×1|f=menuitem:File|h=File]@667.3
chromium-dark-desktop › orbit-menu menu-up-home-enter paced sample 16,orbit-menu,menu,menu-up-home-enter,menu-up-enter,paced,16,ArrowUp Home Enter,Action=file | none | @button:Add attachment,0,0,ArrowUp>button:Add attachment[none|f=button:Add attachment|h=None]@25.7 ; Home>menuitem:/Command[menu×1|f=menuitem:/Command|h=/Command]@358.5 ; Enter>menuitem:File[menu×1|f=menuitem:File|h=File]@667
chromium-dark-desktop › orbit-menu menu-up-home-enter paced sample 17,orbit-menu,menu,menu-up-home-enter,menu-up-enter,paced,17,ArrowUp Home Enter,Action=file | none | @button:Add attachment,0,0,ArrowUp>button:Add attachment[none|f=button:Add attachment|h=None]@19 ; Home>menuitem:/Command[menu×1|f=menuitem:/Command|h=/Command]@354.1 ; Enter>menuitem:File[menu×1|f=menuitem:File|h=File]@663.3
chromium-dark-desktop › orbit-menu menu-up-home-enter paced sample 18,orbit-menu,menu,menu-up-home-enter,menu-up-enter,paced,18,ArrowUp Home Enter,Action=file | none | @button:Add attachment,0,0,ArrowUp>button:Add attachment[none|f=button:Add attachment|h=None]@24.6 ; Home>menuitem:/Command[menu×1|f=menuitem:/Command|h=/Command]@357.3 ; Enter>menuitem:File[menu×1|f=menuitem:File|h=File]@666
chromium-dark-desktop › orbit-menu menu-up-home-enter paced sample 19,orbit-menu,menu,menu-up-home-enter,menu-up-enter,paced,19,ArrowUp Home Enter,Action=file | none | @button:Add attachment,0,0,ArrowUp>button:Add attachment[none|f=button:Add attachment|h=None]@18.5 ; Home>menuitem:/Command[menu×1|f=menuitem:/Command|h=/Command]@350.1 ; Enter>menuitem:File[menu×1|f=menuitem:File|h=File]@658.5
chromium-dark-desktop › orbit-menu-sample menu-up-home-enter burst sample 0,orbit-menu-sample,menu,menu-up-home-enter,menu-up-enter,burst,0,ArrowUp Home Enter,ran /Command | none | @button:Add attachment,1,1,ArrowUp>button:Add attachment[none|f=button:Add attachment|h=None]@23.3 ; Home>button:Add attachment[menu×1|f=button:Add attachment|h=/Command]@53.1 ; Enter>button:Add attachment[menu×1|f=button:Add attachment|h=/Command]@53.5 ; Enter*>menuitem:/Command[menu×1|f=button:Add attachment|h=/Command]@53.6
chromium-dark-desktop › orbit-menu-sample menu-up-home-enter burst sample 1,orbit-menu-sample,menu,menu-up-home-enter,menu-up-enter,burst,1,ArrowUp Home Enter,ran /Command | none | @button:Add attachment,1,1,ArrowUp>button:Add attachment[none|f=button:Add attachment|h=None]@19.8 ; Home>button:Add attachment[menu×1|f=button:Add attachment|h=/Command]@59.1 ; Enter>button:Add attachment[menu×1|f=button:Add attachment|h=/Command]@59.4 ; Enter*>menuitem:/Command[menu×1|f=button:Add attachment|h=/Command]@59.8
chromium-dark-desktop › orbit-menu-sample menu-up-home-enter burst sample 2,orbit-menu-sample,menu,menu-up-home-enter,menu-up-enter,burst,2,ArrowUp Home Enter,ran /Command | none | @button:Add attachment,1,1,ArrowUp>button:Add attachment[none|f=button:Add attachment|h=None]@5.1 ; Home>button:Add attachment[menu×1|f=button:Add attachment|h=/Command]@87.6 ; Enter>button:Add attachment[menu×1|f=button:Add attachment|h=/Command]@88.3 ; Enter*>menuitem:/Command[menu×1|f=button:Add attachment|h=/Command]@88.4
chromium-dark-desktop › orbit-menu-sample menu-up-home-enter burst sample 3,orbit-menu-sample,menu,menu-up-home-enter,menu-up-enter,burst,3,ArrowUp Home Enter,ran /Command | none | @button:Add attachment,1,1,ArrowUp>button:Add attachment[none|f=button:Add attachment|h=None]@34.9 ; Home>button:Add attachment[menu×1|f=button:Add attachment|h=/Command]@68.9 ; Enter>button:Add attachment[menu×1|f=button:Add attachment|h=/Command]@69.1 ; Enter*>menuitem:/Command[menu×1|f=button:Add attachment|h=/Command]@69.3
chromium-dark-desktop › orbit-menu-sample menu-up-home-enter burst sample 4,orbit-menu-sample,menu,menu-up-home-enter,menu-up-enter,burst,4,ArrowUp Home Enter,ran /Command | none | @button:Add attachment,1,1,ArrowUp>button:Add attachment[none|f=button:Add attachment|h=None]@33.5 ; Home>button:Add attachment[menu×1|f=button:Add attachment|h=/Command]@63 ; Enter>button:Add attachment[menu×1|f=button:Add attachment|h=/Command]@63.2 ; Enter*>menuitem:/Command[menu×1|f=button:Add attachment|h=/Command]@63.3
chromium-dark-desktop › orbit-menu-sample menu-up-home-enter burst sample 5,orbit-menu-sample,menu,menu-up-home-enter,menu-up-enter,burst,5,ArrowUp Home Enter,ran /Command | none | @button:Add attachment,1,1,ArrowUp>button:Add attachment[none|f=button:Add attachment|h=None]@18 ; Home>button:Add attachment[menu×1|f=button:Add attachment|h=/Command]@50.3 ; Enter>button:Add attachment[menu×1|f=button:Add attachment|h=/Command]@50.6 ; Enter*>menuitem:/Command[menu×1|f=button:Add attachment|h=/Command]@50.6
chromium-dark-desktop › orbit-menu-sample menu-up-home-enter burst sample 6,orbit-menu-sample,menu,menu-up-home-enter,menu-up-enter,burst,6,ArrowUp Home Enter,ran /Command | none | @button:Add attachment,1,1,ArrowUp>button:Add attachment[none|f=button:Add attachment|h=None]@22.5 ; Home>button:Add attachment[menu×1|f=button:Add attachment|h=/Command]@51.7 ; Enter>button:Add attachment[menu×1|f=button:Add attachment|h=/Command]@52 ; Enter*>menuitem:/Command[menu×1|f=button:Add attachment|h=/Command]@52.1
chromium-dark-desktop › orbit-menu-sample menu-up-home-enter burst sample 7,orbit-menu-sample,menu,menu-up-home-enter,menu-up-enter,burst,7,ArrowUp Home Enter,ran /Command | none | @button:Add attachment,1,1,ArrowUp>button:Add attachment[none|f=button:Add attachment|h=None]@29.7 ; Home>button:Add attachment[menu×1|f=button:Add attachment|h=/Command]@66 ; Enter>button:Add attachment[menu×1|f=button:Add attachment|h=/Command]@66.3 ; Enter*>menuitem:/Command[menu×1|f=button:Add attachment|h=/Command]@66.5
chromium-dark-desktop › orbit-menu-sample menu-up-home-enter burst sample 8,orbit-menu-sample,menu,menu-up-home-enter,menu-up-enter,burst,8,ArrowUp Home Enter,ran /Command | none | @button:Add attachment,1,1,ArrowUp>button:Add attachment[none|f=button:Add attachment|h=None]@28.6 ; Home>button:Add attachment[menu×1|f=button:Add attachment|h=/Command]@57.4 ; Enter>button:Add attachment[menu×1|f=button:Add attachment|h=/Command]@57.6 ; Enter*>menuitem:/Command[menu×1|f=button:Add attachment|h=/Command]@57.7
chromium-dark-desktop › orbit-menu-sample menu-up-home-enter burst sample 9,orbit-menu-sample,menu,menu-up-home-enter,menu-up-enter,burst,9,ArrowUp Home Enter,ran /Command | none | @button:Add attachment,1,1,ArrowUp>button:Add attachment[none|f=button:Add attachment|h=None]@32.9 ; Home>button:Add attachment[menu×1|f=button:Add attachment|h=/Command]@66.1 ; Enter>button:Add attachment[menu×1|f=button:Add attachment|h=/Command]@66.4 ; Enter*>menuitem:/Command[menu×1|f=button:Add attachment|h=/Command]@66.5
chromium-dark-desktop › orbit-menu-sample menu-up-home-enter burst sample 10,orbit-menu-sample,menu,menu-up-home-enter,menu-up-enter,burst,10,ArrowUp Home Enter,ran /Command | none | @button:Add attachment,1,1,ArrowUp>button:Add attachment[none|f=button:Add attachment|h=None]@34.3 ; Home>button:Add attachment[menu×1|f=button:Add attachment|h=/Command]@65.9 ; Enter>button:Add attachment[menu×1|f=button:Add attachment|h=/Command]@66.1 ; Enter*>menuitem:/Command[menu×1|f=button:Add attachment|h=/Command]@66.2
chromium-dark-desktop › orbit-menu-sample menu-up-home-enter burst sample 11,orbit-menu-sample,menu,menu-up-home-enter,menu-up-enter,burst,11,ArrowUp Home Enter,ran /Command | none | @button:Add attachment,1,1,ArrowUp>button:Add attachment[none|f=button:Add attachment|h=None]@20.5 ; Home>button:Add attachment[menu×1|f=button:Add attachment|h=/Command]@50.8 ; Enter>button:Add attachment[menu×1|f=button:Add attachment|h=/Command]@51 ; Enter*>menuitem:/Command[menu×1|f=button:Add attachment|h=/Command]@51.2
chromium-dark-desktop › orbit-menu-sample menu-up-home-enter burst sample 12,orbit-menu-sample,menu,menu-up-home-enter,menu-up-enter,burst,12,ArrowUp Home Enter,ran /Command | none | @button:Add attachment,1,1,ArrowUp>button:Add attachment[none|f=button:Add attachment|h=None]@23.7 ; Home>button:Add attachment[menu×1|f=button:Add attachment|h=/Command]@52 ; Enter>button:Add attachment[menu×1|f=button:Add attachment|h=/Command]@52.3 ; Enter*>menuitem:/Command[menu×1|f=button:Add attachment|h=/Command]@52.3
chromium-dark-desktop › orbit-menu-sample menu-up-home-enter burst sample 13,orbit-menu-sample,menu,menu-up-home-enter,menu-up-enter,burst,13,ArrowUp Home Enter,ran /Command | none | @button:Add attachment,1,1,ArrowUp>button:Add attachment[none|f=button:Add attachment|h=None]@36.2 ; Home>button:Add attachment[menu×1|f=button:Add attachment|h=/Command]@66 ; Enter>button:Add attachment[menu×1|f=button:Add attachment|h=/Command]@66.2 ; Enter*>menuitem:/Command[menu×1|f=button:Add attachment|h=/Command]@66.3
chromium-dark-desktop › orbit-menu-sample menu-up-home-enter burst sample 14,orbit-menu-sample,menu,menu-up-home-enter,menu-up-enter,burst,14,ArrowUp Home Enter,ran /Command | none | @button:Add attachment,1,1,ArrowUp>button:Add attachment[none|f=button:Add attachment|h=None]@18.8 ; Home>button:Add attachment[menu×1|f=button:Add attachment|h=/Command]@47.5 ; Enter>button:Add attachment[menu×1|f=button:Add attachment|h=/Command]@47.7 ; Enter*>menuitem:/Command[menu×1|f=button:Add attachment|h=/Command]@47.8
chromium-dark-desktop › orbit-menu-sample menu-up-home-enter burst sample 15,orbit-menu-sample,menu,menu-up-home-enter,menu-up-enter,burst,15,ArrowUp Home Enter,ran /Command | none | @button:Add attachment,1,1,ArrowUp>button:Add attachment[none|f=button:Add attachment|h=None]@23.6 ; Home>button:Add attachment[menu×1|f=button:Add attachment|h=/Command]@60.2 ; Enter>button:Add attachment[menu×1|f=button:Add attachment|h=/Command]@60.6 ; Enter*>menuitem:/Command[menu×1|f=button:Add attachment|h=/Command]@60.7
chromium-dark-desktop › orbit-menu-sample menu-up-home-enter burst sample 16,orbit-menu-sample,menu,menu-up-home-enter,menu-up-enter,burst,16,ArrowUp Home Enter,ran /Command | none | @button:Add attachment,1,1,ArrowUp>button:Add attachment[none|f=button:Add attachment|h=None]@16.8 ; Home>button:Add attachment[menu×1|f=button:Add attachment|h=/Command]@46.2 ; Enter>button:Add attachment[menu×1|f=button:Add attachment|h=/Command]@46.5 ; Enter*>menuitem:/Command[menu×1|f=button:Add attachment|h=/Command]@46.6
chromium-dark-desktop › orbit-menu-sample menu-up-home-enter burst sample 17,orbit-menu-sample,menu,menu-up-home-enter,menu-up-enter,burst,17,ArrowUp Home Enter,ran /Command | none | @button:Add attachment,1,1,ArrowUp>button:Add attachment[none|f=button:Add attachment|h=None]@32.7 ; Home>button:Add attachment[menu×1|f=button:Add attachment|h=/Command]@68.9 ; Enter>button:Add attachment[menu×1|f=button:Add attachment|h=/Command]@69.3 ; Enter*>menuitem:/Command[menu×1|f=button:Add attachment|h=/Command]@69.4
chromium-dark-desktop › orbit-menu-sample menu-up-home-enter burst sample 18,orbit-menu-sample,menu,menu-up-home-enter,menu-up-enter,burst,18,ArrowUp Home Enter,ran /Command | none | @button:Add attachment,1,1,ArrowUp>button:Add attachment[none|f=button:Add attachment|h=None]@30 ; Home>button:Add attachment[menu×1|f=button:Add attachment|h=/Command]@60.1 ; Enter>button:Add attachment[menu×1|f=button:Add attachment|h=/Command]@60.4 ; Enter*>menuitem:/Command[menu×1|f=button:Add attachment|h=/Command]@60.5
chromium-dark-desktop › orbit-menu-sample menu-up-home-enter burst sample 19,orbit-menu-sample,menu,menu-up-home-enter,menu-up-enter,burst,19,ArrowUp Home Enter,ran /Command | none | @button:Add attachment,1,1,ArrowUp>button:Add attachment[none|f=button:Add attachment|h=None]@21.1 ; Home>button:Add attachment[menu×1|f=button:Add attachment|h=/Command]@50.4 ; Enter>button:Add attachment[menu×1|f=button:Add attachment|h=/Command]@50.7 ; Enter*>menuitem:/Command[menu×1|f=button:Add attachment|h=/Command]@50.7
chromium-dark-desktop › orbit-menu-sample menu-up-home-enter paced sample 0,orbit-menu-sample,menu,menu-up-home-enter,menu-up-enter,paced,0,ArrowUp Home Enter,ran File | none | @button:Add attachment,0,0,ArrowUp>button:Add attachment[none|f=button:Add attachment|h=None]@27.2 ; Home>menuitem:/Command[menu×1|f=menuitem:/Command|h=/Command]@367 ; Enter>menuitem:File[menu×1|f=menuitem:File|h=File]@672.8
chromium-dark-desktop › orbit-menu-sample menu-up-home-enter paced sample 1,orbit-menu-sample,menu,menu-up-home-enter,menu-up-enter,paced,1,ArrowUp Home Enter,ran File | none | @button:Add attachment,0,0,ArrowUp>button:Add attachment[none|f=button:Add attachment|h=None]@26 ; Home>menuitem:/Command[menu×1|f=menuitem:/Command|h=/Command]@365.6 ; Enter>menuitem:File[menu×1|f=menuitem:File|h=File]@671.6
chromium-dark-desktop › orbit-menu-sample menu-up-home-enter paced sample 2,orbit-menu-sample,menu,menu-up-home-enter,menu-up-enter,paced,2,ArrowUp Home Enter,ran File | none | @button:Add attachment,0,0,ArrowUp>button:Add attachment[none|f=button:Add attachment|h=None]@52.4 ; Home>menuitem:/Command[menu×1|f=menuitem:/Command|h=/Command]@393.8 ; Enter>menuitem:File[menu×1|f=menuitem:File|h=File]@701
chromium-dark-desktop › orbit-menu-sample menu-up-home-enter paced sample 3,orbit-menu-sample,menu,menu-up-home-enter,menu-up-enter,paced,3,ArrowUp Home Enter,ran File | none | @button:Add attachment,0,0,ArrowUp>button:Add attachment[none|f=button:Add attachment|h=None]@28.2 ; Home>menuitem:/Command[menu×1|f=menuitem:/Command|h=/Command]@377.2 ; Enter>menuitem:File[menu×1|f=menuitem:File|h=File]@685.7
chromium-dark-desktop › orbit-menu-sample menu-up-home-enter paced sample 4,orbit-menu-sample,menu,menu-up-home-enter,menu-up-enter,paced,4,ArrowUp Home Enter,ran File | none | @button:Add attachment,0,0,ArrowUp>button:Add attachment[none|f=button:Add attachment|h=None]@26.6 ; Home>menuitem:/Command[menu×1|f=menuitem:/Command|h=/Command]@368.6 ; Enter>menuitem:File[menu×1|f=menuitem:File|h=File]@676.8
chromium-dark-desktop › orbit-menu-sample menu-up-home-enter paced sample 5,orbit-menu-sample,menu,menu-up-home-enter,menu-up-enter,paced,5,ArrowUp Home Enter,ran File | none | @button:Add attachment,0,0,ArrowUp>button:Add attachment[none|f=button:Add attachment|h=None]@8.6 ; Home>menuitem:/Command[menu×1|f=menuitem:/Command|h=/Command]@342 ; Enter>menuitem:File[menu×1|f=menuitem:File|h=File]@648.4
chromium-dark-desktop › orbit-menu-sample menu-up-home-enter paced sample 6,orbit-menu-sample,menu,menu-up-home-enter,menu-up-enter,paced,6,ArrowUp Home Enter,ran File | none | @button:Add attachment,0,0,ArrowUp>button:Add attachment[none|f=button:Add attachment|h=None]@20.1 ; Home>menuitem:/Command[menu×1|f=menuitem:/Command|h=/Command]@357.3 ; Enter>menuitem:File[menu×1|f=menuitem:File|h=File]@663.6
chromium-dark-desktop › orbit-menu-sample menu-up-home-enter paced sample 7,orbit-menu-sample,menu,menu-up-home-enter,menu-up-enter,paced,7,ArrowUp Home Enter,ran File | none | @button:Add attachment,0,0,ArrowUp>button:Add attachment[none|f=button:Add attachment|h=None]@31.1 ; Home>menuitem:/Command[menu×1|f=menuitem:/Command|h=/Command]@382.3 ; Enter>menuitem:File[menu×1|f=menuitem:File|h=File]@689
chromium-dark-desktop › orbit-menu-sample menu-up-home-enter paced sample 8,orbit-menu-sample,menu,menu-up-home-enter,menu-up-enter,paced,8,ArrowUp Home Enter,ran File | none | @button:Add attachment,0,0,ArrowUp>button:Add attachment[none|f=button:Add attachment|h=None]@30.3 ; Home>menuitem:/Command[menu×1|f=menuitem:/Command|h=/Command]@358.1 ; Enter>menuitem:File[menu×1|f=menuitem:File|h=File]@663.8
chromium-dark-desktop › orbit-menu-sample menu-up-home-enter paced sample 9,orbit-menu-sample,menu,menu-up-home-enter,menu-up-enter,paced,9,ArrowUp Home Enter,ran File | none | @button:Add attachment,0,0,ArrowUp>button:Add attachment[none|f=button:Add attachment|h=None]@33.3 ; Home>menuitem:/Command[menu×1|f=menuitem:/Command|h=/Command]@373.6 ; Enter>menuitem:File[menu×1|f=menuitem:File|h=File]@680.3
chromium-dark-desktop › orbit-menu-sample menu-up-home-enter paced sample 10,orbit-menu-sample,menu,menu-up-home-enter,menu-up-enter,paced,10,ArrowUp Home Enter,ran File | none | @button:Add attachment,0,0,ArrowUp>button:Add attachment[none|f=button:Add attachment|h=None]@30.9 ; Home>menuitem:/Command[menu×1|f=menuitem:/Command|h=/Command]@371.7 ; Enter>menuitem:File[menu×1|f=menuitem:File|h=File]@678.4
chromium-dark-desktop › orbit-menu-sample menu-up-home-enter paced sample 11,orbit-menu-sample,menu,menu-up-home-enter,menu-up-enter,paced,11,ArrowUp Home Enter,ran File | none | @button:Add attachment,0,0,ArrowUp>button:Add attachment[none|f=button:Add attachment|h=None]@26.9 ; Home>menuitem:/Command[menu×1|f=menuitem:/Command|h=/Command]@371.5 ; Enter>menuitem:File[menu×1|f=menuitem:File|h=File]@678.3
chromium-dark-desktop › orbit-menu-sample menu-up-home-enter paced sample 12,orbit-menu-sample,menu,menu-up-home-enter,menu-up-enter,paced,12,ArrowUp Home Enter,ran File | none | @button:Add attachment,0,0,ArrowUp>button:Add attachment[none|f=button:Add attachment|h=None]@19 ; Home>menuitem:/Command[menu×1|f=menuitem:/Command|h=/Command]@367 ; Enter>menuitem:File[menu×1|f=menuitem:File|h=File]@675.2
chromium-dark-desktop › orbit-menu-sample menu-up-home-enter paced sample 13,orbit-menu-sample,menu,menu-up-home-enter,menu-up-enter,paced,13,ArrowUp Home Enter,ran File | none | @button:Add attachment,0,0,ArrowUp>button:Add attachment[none|f=button:Add attachment|h=None]@36 ; Home>menuitem:/Command[menu×1|f=menuitem:/Command|h=/Command]@378.8 ; Enter>menuitem:File[menu×1|f=menuitem:File|h=File]@688
chromium-dark-desktop › orbit-menu-sample menu-up-home-enter paced sample 14,orbit-menu-sample,menu,menu-up-home-enter,menu-up-enter,paced,14,ArrowUp Home Enter,ran File | none | @button:Add attachment,0,0,ArrowUp>button:Add attachment[none|f=button:Add attachment|h=None]@31.4 ; Home>menuitem:/Command[menu×1|f=menuitem:/Command|h=/Command]@375.6 ; Enter>menuitem:File[menu×1|f=menuitem:File|h=File]@685.6
chromium-dark-desktop › orbit-menu-sample menu-up-home-enter paced sample 15,orbit-menu-sample,menu,menu-up-home-enter,menu-up-enter,paced,15,ArrowUp Home Enter,ran File | none | @button:Add attachment,0,0,ArrowUp>button:Add attachment[none|f=button:Add attachment|h=None]@23.7 ; Home>menuitem:/Command[menu×1|f=menuitem:/Command|h=/Command]@364.9 ; Enter>menuitem:File[menu×1|f=menuitem:File|h=File]@672.3
chromium-dark-desktop › orbit-menu-sample menu-up-home-enter paced sample 16,orbit-menu-sample,menu,menu-up-home-enter,menu-up-enter,paced,16,ArrowUp Home Enter,ran File | none | @button:Add attachment,0,0,ArrowUp>button:Add attachment[none|f=button:Add attachment|h=None]@21.9 ; Home>menuitem:/Command[menu×1|f=menuitem:/Command|h=/Command]@363.6 ; Enter>menuitem:File[menu×1|f=menuitem:File|h=File]@670.4
chromium-dark-desktop › orbit-menu-sample menu-up-home-enter paced sample 17,orbit-menu-sample,menu,menu-up-home-enter,menu-up-enter,paced,17,ArrowUp Home Enter,ran File | none | @button:Add attachment,0,0,ArrowUp>button:Add attachment[none|f=button:Add attachment|h=None]@31.9 ; Home>menuitem:/Command[menu×1|f=menuitem:/Command|h=/Command]@375.7 ; Enter>menuitem:File[menu×1|f=menuitem:File|h=File]@682.7
chromium-dark-desktop › orbit-menu-sample menu-up-home-enter paced sample 18,orbit-menu-sample,menu,menu-up-home-enter,menu-up-enter,paced,18,ArrowUp Home Enter,ran File | none | @button:Add attachment,0,0,ArrowUp>button:Add attachment[none|f=button:Add attachment|h=None]@26.8 ; Home>menuitem:/Command[menu×1|f=menuitem:/Command|h=/Command]@367.5 ; Enter>menuitem:File[menu×1|f=menuitem:File|h=File]@673.9
chromium-dark-desktop › orbit-menu-sample menu-up-home-enter paced sample 19,orbit-menu-sample,menu,menu-up-home-enter,menu-up-enter,paced,19,ArrowUp Home Enter,ran File | none | @button:Add attachment,0,0,ArrowUp>button:Add attachment[none|f=button:Add attachment|h=None]@20.2 ; Home>menuitem:/Command[menu×1|f=menuitem:/Command|h=/Command]@375.1 ; Enter>menuitem:File[menu×1|f=menuitem:File|h=File]@681.8
chromium-dark-desktop › antd-menu menu-up-home-enter burst sample 0,antd-menu,menu,menu-up-home-enter,menu-up-enter,burst,0,ArrowUp Home Enter,none | menu×1 | @button:Add attachment,0,0,ArrowUp>button:Add attachment[none|f=button:Add attachment|h=None]@29.9 ; Home>button:Add attachment[none|f=button:Add attachment|h=None]@30.8 ; Enter>button:Add attachment[none|f=button:Add attachment|h=None]@30.8
chromium-dark-desktop › antd-menu menu-up-home-enter burst sample 1,antd-menu,menu,menu-up-home-enter,menu-up-enter,burst,1,ArrowUp Home Enter,none | menu×1 | @button:Add attachment,0,0,ArrowUp>button:Add attachment[none|f=button:Add attachment|h=None]@33.3 ; Home>button:Add attachment[none|f=button:Add attachment|h=None]@34 ; Enter>button:Add attachment[none|f=button:Add attachment|h=None]@34.2
chromium-dark-desktop › antd-menu menu-up-home-enter burst sample 2,antd-menu,menu,menu-up-home-enter,menu-up-enter,burst,2,ArrowUp Home Enter,none | menu×1 | @button:Add attachment,0,0,ArrowUp>button:Add attachment[none|f=button:Add attachment|h=None]@31.2 ; Home>button:Add attachment[none|f=button:Add attachment|h=None]@31.7 ; Enter>button:Add attachment[none|f=button:Add attachment|h=None]@31.8
chromium-dark-desktop › antd-menu menu-up-home-enter burst sample 3,antd-menu,menu,menu-up-home-enter,menu-up-enter,burst,3,ArrowUp Home Enter,none | menu×1 | @button:Add attachment,0,0,ArrowUp>button:Add attachment[none|f=button:Add attachment|h=None]@24.6 ; Home>button:Add attachment[none|f=button:Add attachment|h=None]@25.3 ; Enter>button:Add attachment[none|f=button:Add attachment|h=None]@25.4
chromium-dark-desktop › antd-menu menu-up-home-enter burst sample 4,antd-menu,menu,menu-up-home-enter,menu-up-enter,burst,4,ArrowUp Home Enter,none | menu×1 | @button:Add attachment,0,0,ArrowUp>button:Add attachment[none|f=button:Add attachment|h=None]@28.3 ; Home>button:Add attachment[none|f=button:Add attachment|h=None]@28.8 ; Enter>button:Add attachment[none|f=button:Add attachment|h=None]@29
chromium-dark-desktop › antd-menu menu-up-home-enter burst sample 5,antd-menu,menu,menu-up-home-enter,menu-up-enter,burst,5,ArrowUp Home Enter,none | menu×1 | @button:Add attachment,0,0,ArrowUp>button:Add attachment[none|f=button:Add attachment|h=None]@35.9 ; Home>button:Add attachment[none|f=button:Add attachment|h=None]@36.6 ; Enter>button:Add attachment[none|f=button:Add attachment|h=None]@36.8
chromium-dark-desktop › antd-menu menu-up-home-enter burst sample 6,antd-menu,menu,menu-up-home-enter,menu-up-enter,burst,6,ArrowUp Home Enter,none | menu×1 | @button:Add attachment,0,0,ArrowUp>button:Add attachment[none|f=button:Add attachment|h=None]@31.7 ; Home>button:Add attachment[none|f=button:Add attachment|h=None]@32.3 ; Enter>button:Add attachment[none|f=button:Add attachment|h=None]@32.5
chromium-dark-desktop › antd-menu menu-up-home-enter burst sample 7,antd-menu,menu,menu-up-home-enter,menu-up-enter,burst,7,ArrowUp Home Enter,none | menu×1 | @button:Add attachment,0,0,ArrowUp>button:Add attachment[none|f=button:Add attachment|h=None]@29.9 ; Home>button:Add attachment[none|f=button:Add attachment|h=None]@30.6 ; Enter>button:Add attachment[none|f=button:Add attachment|h=None]@30.6
chromium-dark-desktop › antd-menu menu-up-home-enter burst sample 8,antd-menu,menu,menu-up-home-enter,menu-up-enter,burst,8,ArrowUp Home Enter,none | menu×1 | @button:Add attachment,0,0,ArrowUp>button:Add attachment[none|f=button:Add attachment|h=None]@31.1 ; Home>button:Add attachment[none|f=button:Add attachment|h=None]@31.7 ; Enter>button:Add attachment[none|f=button:Add attachment|h=None]@31.8
chromium-dark-desktop › antd-menu menu-up-home-enter burst sample 9,antd-menu,menu,menu-up-home-enter,menu-up-enter,burst,9,ArrowUp Home Enter,none | menu×1 | @button:Add attachment,0,0,ArrowUp>button:Add attachment[none|f=button:Add attachment|h=None]@31.3 ; Home>button:Add attachment[none|f=button:Add attachment|h=None]@31.9 ; Enter>button:Add attachment[none|f=button:Add attachment|h=None]@32.1
chromium-dark-desktop › antd-menu menu-up-home-enter burst sample 10,antd-menu,menu,menu-up-home-enter,menu-up-enter,burst,10,ArrowUp Home Enter,none | menu×1 | @button:Add attachment,0,0,ArrowUp>button:Add attachment[none|f=button:Add attachment|h=None]@25.6 ; Home>button:Add attachment[none|f=button:Add attachment|h=None]@26.4 ; Enter>button:Add attachment[none|f=button:Add attachment|h=None]@26.5
chromium-dark-desktop › antd-menu menu-up-home-enter burst sample 11,antd-menu,menu,menu-up-home-enter,menu-up-enter,burst,11,ArrowUp Home Enter,none | menu×1 | @button:Add attachment,0,0,ArrowUp>button:Add attachment[none|f=button:Add attachment|h=None]@19.7 ; Home>button:Add attachment[none|f=button:Add attachment|h=None]@20.4 ; Enter>button:Add attachment[none|f=button:Add attachment|h=None]@20.5
chromium-dark-desktop › antd-menu menu-up-home-enter burst sample 12,antd-menu,menu,menu-up-home-enter,menu-up-enter,burst,12,ArrowUp Home Enter,none | menu×1 | @button:Add attachment,0,0,ArrowUp>button:Add attachment[none|f=button:Add attachment|h=None]@24.9 ; Home>button:Add attachment[none|f=button:Add attachment|h=None]@25.5 ; Enter>button:Add attachment[none|f=button:Add attachment|h=None]@25.6
chromium-dark-desktop › antd-menu menu-up-home-enter burst sample 13,antd-menu,menu,menu-up-home-enter,menu-up-enter,burst,13,ArrowUp Home Enter,none | menu×1 | @button:Add attachment,0,0,ArrowUp>button:Add attachment[none|f=button:Add attachment|h=None]@31.2 ; Home>button:Add attachment[none|f=button:Add attachment|h=None]@31.9 ; Enter>button:Add attachment[none|f=button:Add attachment|h=None]@31.9
chromium-dark-desktop › antd-menu menu-up-home-enter burst sample 14,antd-menu,menu,menu-up-home-enter,menu-up-enter,burst,14,ArrowUp Home Enter,none | menu×1 | @button:Add attachment,0,0,ArrowUp>button:Add attachment[none|f=button:Add attachment|h=None]@27.5 ; Home>button:Add attachment[none|f=button:Add attachment|h=None]@28.3 ; Enter>button:Add attachment[none|f=button:Add attachment|h=None]@28.3
chromium-dark-desktop › antd-menu menu-up-home-enter burst sample 15,antd-menu,menu,menu-up-home-enter,menu-up-enter,burst,15,ArrowUp Home Enter,none | menu×1 | @button:Add attachment,0,0,ArrowUp>button:Add attachment[none|f=button:Add attachment|h=None]@20.7 ; Home>button:Add attachment[none|f=button:Add attachment|h=None]@21.5 ; Enter>button:Add attachment[none|f=button:Add attachment|h=None]@21.5
chromium-dark-desktop › antd-menu menu-up-home-enter burst sample 16,antd-menu,menu,menu-up-home-enter,menu-up-enter,burst,16,ArrowUp Home Enter,none | menu×1 | @button:Add attachment,0,0,ArrowUp>button:Add attachment[none|f=button:Add attachment|h=None]@23.1 ; Home>button:Add attachment[none|f=button:Add attachment|h=None]@23.7 ; Enter>button:Add attachment[none|f=button:Add attachment|h=None]@23.8
chromium-dark-desktop › antd-menu menu-up-home-enter burst sample 17,antd-menu,menu,menu-up-home-enter,menu-up-enter,burst,17,ArrowUp Home Enter,none | menu×1 | @button:Add attachment,0,0,ArrowUp>button:Add attachment[none|f=button:Add attachment|h=None]@29.3 ; Home>button:Add attachment[none|f=button:Add attachment|h=None]@29.9 ; Enter>button:Add attachment[none|f=button:Add attachment|h=None]@30
chromium-dark-desktop › antd-menu menu-up-home-enter burst sample 18,antd-menu,menu,menu-up-home-enter,menu-up-enter,burst,18,ArrowUp Home Enter,none | menu×1 | @button:Add attachment,0,0,ArrowUp>button:Add attachment[none|f=button:Add attachment|h=None]@31.4 ; Home>button:Add attachment[none|f=button:Add attachment|h=None]@32 ; Enter>button:Add attachment[none|f=button:Add attachment|h=None]@32.1
chromium-dark-desktop › antd-menu menu-up-home-enter burst sample 19,antd-menu,menu,menu-up-home-enter,menu-up-enter,burst,19,ArrowUp Home Enter,none | menu×1 | @button:Add attachment,0,0,ArrowUp>button:Add attachment[none|f=button:Add attachment|h=None]@25.4 ; Home>button:Add attachment[none|f=button:Add attachment|h=None]@26.6 ; Enter>button:Add attachment[none|f=button:Add attachment|h=None]@26.7
chromium-dark-desktop › antd-menu menu-up-home-enter paced sample 0,antd-menu,menu,menu-up-home-enter,menu-up-enter,paced,0,ArrowUp Home Enter,none | menu×1 | @button:Add attachment,0,0,ArrowUp>button:Add attachment[none|f=button:Add attachment|h=None]@32 ; Home>button:Add attachment[none|f=button:Add attachment|h=None]@336.2 ; Enter>button:Add attachment[none|f=button:Add attachment|h=None]@644.1
chromium-dark-desktop › antd-menu menu-up-home-enter paced sample 1,antd-menu,menu,menu-up-home-enter,menu-up-enter,paced,1,ArrowUp Home Enter,none | menu×1 | @button:Add attachment,0,0,ArrowUp>button:Add attachment[none|f=button:Add attachment|h=None]@22.5 ; Home>button:Add attachment[none|f=button:Add attachment|h=None]@327.6 ; Enter>button:Add attachment[none|f=button:Add attachment|h=None]@630.7
chromium-dark-desktop › antd-menu menu-up-home-enter paced sample 2,antd-menu,menu,menu-up-home-enter,menu-up-enter,paced,2,ArrowUp Home Enter,none | menu×1 | @button:Add attachment,0,0,ArrowUp>button:Add attachment[none|f=button:Add attachment|h=None]@23.4 ; Home>button:Add attachment[none|f=button:Add attachment|h=None]@329.1 ; Enter>button:Add attachment[none|f=button:Add attachment|h=None]@636.9
chromium-dark-desktop › antd-menu menu-up-home-enter paced sample 3,antd-menu,menu,menu-up-home-enter,menu-up-enter,paced,3,ArrowUp Home Enter,none | menu×1 | @button:Add attachment,0,0,ArrowUp>button:Add attachment[none|f=button:Add attachment|h=None]@27.2 ; Home>button:Add attachment[none|f=button:Add attachment|h=None]@330.2 ; Enter>button:Add attachment[none|f=button:Add attachment|h=None]@634.4
chromium-dark-desktop › antd-menu menu-up-home-enter paced sample 4,antd-menu,menu,menu-up-home-enter,menu-up-enter,paced,4,ArrowUp Home Enter,none | menu×1 | @button:Add attachment,0,0,ArrowUp>button:Add attachment[none|f=button:Add attachment|h=None]@24.1 ; Home>button:Add attachment[none|f=button:Add attachment|h=None]@329 ; Enter>button:Add attachment[none|f=button:Add attachment|h=None]@635.7
chromium-dark-desktop › antd-menu menu-up-home-enter paced sample 5,antd-menu,menu,menu-up-home-enter,menu-up-enter,paced,5,ArrowUp Home Enter,none | menu×1 | @button:Add attachment,0,0,ArrowUp>button:Add attachment[none|f=button:Add attachment|h=None]@28.8 ; Home>button:Add attachment[none|f=button:Add attachment|h=None]@331.5 ; Enter>button:Add attachment[none|f=button:Add attachment|h=None]@635.6
chromium-dark-desktop › antd-menu menu-up-home-enter paced sample 6,antd-menu,menu,menu-up-home-enter,menu-up-enter,paced,6,ArrowUp Home Enter,none | menu×1 | @button:Add attachment,0,0,ArrowUp>button:Add attachment[none|f=button:Add attachment|h=None]@23.6 ; Home>button:Add attachment[none|f=button:Add attachment|h=None]@327.6 ; Enter>button:Add attachment[none|f=button:Add attachment|h=None]@635.9
chromium-dark-desktop › antd-menu menu-up-home-enter paced sample 7,antd-menu,menu,menu-up-home-enter,menu-up-enter,paced,7,ArrowUp Home Enter,none | menu×1 | @button:Add attachment,0,0,ArrowUp>button:Add attachment[none|f=button:Add attachment|h=None]@19.5 ; Home>button:Add attachment[none|f=button:Add attachment|h=None]@323.6 ; Enter>button:Add attachment[none|f=button:Add attachment|h=None]@633.9
chromium-dark-desktop › antd-menu menu-up-home-enter paced sample 8,antd-menu,menu,menu-up-home-enter,menu-up-enter,paced,8,ArrowUp Home Enter,none | menu×1 | @button:Add attachment,0,0,ArrowUp>button:Add attachment[none|f=button:Add attachment|h=None]@18.9 ; Home>button:Add attachment[none|f=button:Add attachment|h=None]@321.8 ; Enter>button:Add attachment[none|f=button:Add attachment|h=None]@629.6
chromium-dark-desktop › antd-menu menu-up-home-enter paced sample 9,antd-menu,menu,menu-up-home-enter,menu-up-enter,paced,9,ArrowUp Home Enter,none | menu×1 | @button:Add attachment,0,0,ArrowUp>button:Add attachment[none|f=button:Add attachment|h=None]@24.3 ; Home>button:Add attachment[none|f=button:Add attachment|h=None]@327.8 ; Enter>button:Add attachment[none|f=button:Add attachment|h=None]@632.6
chromium-dark-desktop › antd-menu menu-up-home-enter paced sample 10,antd-menu,menu,menu-up-home-enter,menu-up-enter,paced,10,ArrowUp Home Enter,none | menu×1 | @button:Add attachment,0,0,ArrowUp>button:Add attachment[none|f=button:Add attachment|h=None]@30.2 ; Home>button:Add attachment[none|f=button:Add attachment|h=None]@334.5 ; Enter>button:Add attachment[none|f=button:Add attachment|h=None]@639
chromium-dark-desktop › antd-menu menu-up-home-enter paced sample 11,antd-menu,menu,menu-up-home-enter,menu-up-enter,paced,11,ArrowUp Home Enter,none | menu×1 | @button:Add attachment,0,0,ArrowUp>button:Add attachment[none|f=button:Add attachment|h=None]@26.8 ; Home>button:Add attachment[none|f=button:Add attachment|h=None]@330.5 ; Enter>button:Add attachment[none|f=button:Add attachment|h=None]@647.2
chromium-dark-desktop › antd-menu menu-up-home-enter paced sample 12,antd-menu,menu,menu-up-home-enter,menu-up-enter,paced,12,ArrowUp Home Enter,none | menu×1 | @button:Add attachment,0,0,ArrowUp>button:Add attachment[none|f=button:Add attachment|h=None]@23.4 ; Home>button:Add attachment[none|f=button:Add attachment|h=None]@327.9 ; Enter>button:Add attachment[none|f=button:Add attachment|h=None]@636.9
chromium-dark-desktop › antd-menu menu-up-home-enter paced sample 13,antd-menu,menu,menu-up-home-enter,menu-up-enter,paced,13,ArrowUp Home Enter,none | menu×1 | @button:Add attachment,0,0,ArrowUp>button:Add attachment[none|f=button:Add attachment|h=None]@17.1 ; Home>button:Add attachment[none|f=button:Add attachment|h=None]@320.4 ; Enter>button:Add attachment[none|f=button:Add attachment|h=None]@625.5
chromium-dark-desktop › antd-menu menu-up-home-enter paced sample 14,antd-menu,menu,menu-up-home-enter,menu-up-enter,paced,14,ArrowUp Home Enter,none | menu×1 | @button:Add attachment,0,0,ArrowUp>button:Add attachment[none|f=button:Add attachment|h=None]@20.6 ; Home>button:Add attachment[none|f=button:Add attachment|h=None]@323.9 ; Enter>button:Add attachment[none|f=button:Add attachment|h=None]@627.4
chromium-dark-desktop › antd-menu menu-up-home-enter paced sample 15,antd-menu,menu,menu-up-home-enter,menu-up-enter,paced,15,ArrowUp Home Enter,none | menu×1 | @button:Add attachment,0,0,ArrowUp>button:Add attachment[none|f=button:Add attachment|h=None]@24.2 ; Home>button:Add attachment[none|f=button:Add attachment|h=None]@327.9 ; Enter>button:Add attachment[none|f=button:Add attachment|h=None]@636.1
chromium-dark-desktop › antd-menu menu-up-home-enter paced sample 16,antd-menu,menu,menu-up-home-enter,menu-up-enter,paced,16,ArrowUp Home Enter,none | menu×1 | @button:Add attachment,0,0,ArrowUp>button:Add attachment[none|f=button:Add attachment|h=None]@34.6 ; Home>button:Add attachment[none|f=button:Add attachment|h=None]@339.3 ; Enter>button:Add attachment[none|f=button:Add attachment|h=None]@643.9
chromium-dark-desktop › antd-menu menu-up-home-enter paced sample 17,antd-menu,menu,menu-up-home-enter,menu-up-enter,paced,17,ArrowUp Home Enter,none | menu×1 | @button:Add attachment,0,0,ArrowUp>button:Add attachment[none|f=button:Add attachment|h=None]@30.9 ; Home>button:Add attachment[none|f=button:Add attachment|h=None]@335.8 ; Enter>button:Add attachment[none|f=button:Add attachment|h=None]@639.3
chromium-dark-desktop › antd-menu menu-up-home-enter paced sample 18,antd-menu,menu,menu-up-home-enter,menu-up-enter,paced,18,ArrowUp Home Enter,none | menu×1 | @button:Add attachment,0,0,ArrowUp>button:Add attachment[none|f=button:Add attachment|h=None]@14.4 ; Home>button:Add attachment[none|f=button:Add attachment|h=None]@318.5 ; Enter>button:Add attachment[none|f=button:Add attachment|h=None]@622.3
chromium-dark-desktop › antd-menu menu-up-home-enter paced sample 19,antd-menu,menu,menu-up-home-enter,menu-up-enter,paced,19,ArrowUp Home Enter,none | menu×1 | @button:Add attachment,0,0,ArrowUp>button:Add attachment[none|f=button:Add attachment|h=None]@29.7 ; Home>button:Add attachment[none|f=button:Add attachment|h=None]@334.5 ; Enter>button:Add attachment[none|f=button:Add attachment|h=None]@641.6
