test,target,kind,sequence,control,mode,run,keys,result,window,handoff,keylog
chromium-dark-desktop › orbit-submenu sub-right burst sample 0,orbit-submenu,submenu,sub-right,,burst,0,ArrowRight,none | menu×2 | @menuitem:Codex,0,0,ArrowRight>menuitem:Provider[menu×1|f=menuitem:Provider|h=Provider]@21
chromium-dark-desktop › orbit-submenu sub-right burst sample 1,orbit-submenu,submenu,sub-right,,burst,1,ArrowRight,none | menu×2 | @menuitem:Codex,0,0,ArrowRight>menuitem:Provider[menu×1|f=menuitem:Provider|h=Provider]@19.9
chromium-dark-desktop › orbit-submenu sub-right burst sample 2,orbit-submenu,submenu,sub-right,,burst,2,ArrowRight,none | menu×2 | @menuitem:Codex,0,0,ArrowRight>menuitem:Provider[menu×1|f=menuitem:Provider|h=Provider]@12.2
chromium-dark-desktop › orbit-submenu sub-right burst sample 3,orbit-submenu,submenu,sub-right,,burst,3,ArrowRight,none | menu×2 | @menuitem:Codex,0,0,ArrowRight>menuitem:Provider[menu×1|f=menuitem:Provider|h=Provider]@10.8
chromium-dark-desktop › orbit-submenu sub-right burst sample 4,orbit-submenu,submenu,sub-right,,burst,4,ArrowRight,none | menu×2 | @menuitem:Codex,0,0,ArrowRight>menuitem:Provider[menu×1|f=menuitem:Provider|h=Provider]@13.6
chromium-dark-desktop › orbit-submenu sub-right burst sample 5,orbit-submenu,submenu,sub-right,,burst,5,ArrowRight,none | menu×2 | @menuitem:Codex,0,0,ArrowRight>menuitem:Provider[menu×1|f=menuitem:Provider|h=Provider]@12.8
chromium-dark-desktop › orbit-submenu sub-right burst sample 6,orbit-submenu,submenu,sub-right,,burst,6,ArrowRight,none | menu×2 | @menuitem:Codex,0,0,ArrowRight>menuitem:Provider[menu×1|f=menuitem:Provider|h=Provider]@18.1
chromium-dark-desktop › orbit-submenu sub-right burst sample 7,orbit-submenu,submenu,sub-right,,burst,7,ArrowRight,none | menu×2 | @menuitem:Codex,0,0,ArrowRight>menuitem:Provider[menu×1|f=menuitem:Provider|h=Provider]@13.1
chromium-dark-desktop › orbit-submenu sub-right burst sample 8,orbit-submenu,submenu,sub-right,,burst,8,ArrowRight,none | menu×2 | @menuitem:Codex,0,0,ArrowRight>menuitem:Provider[menu×1|f=menuitem:Provider|h=Provider]@20.5
chromium-dark-desktop › orbit-submenu sub-right burst sample 9,orbit-submenu,submenu,sub-right,,burst,9,ArrowRight,none | menu×2 | @menuitem:Codex,0,0,ArrowRight>menuitem:Provider[menu×1|f=menuitem:Provider|h=Provider]@9
chromium-dark-desktop › orbit-submenu sub-right burst sample 10,orbit-submenu,submenu,sub-right,,burst,10,ArrowRight,none | menu×2 | @menuitem:Codex,0,0,ArrowRight>menuitem:Provider[menu×1|f=menuitem:Provider|h=Provider]@20.5
chromium-dark-desktop › orbit-submenu sub-right burst sample 11,orbit-submenu,submenu,sub-right,,burst,11,ArrowRight,none | menu×2 | @menuitem:Codex,0,0,ArrowRight>menuitem:Provider[menu×1|f=menuitem:Provider|h=Provider]@18.8
chromium-dark-desktop › orbit-submenu sub-right burst sample 12,orbit-submenu,submenu,sub-right,,burst,12,ArrowRight,none | menu×2 | @menuitem:Codex,0,0,ArrowRight>menuitem:Provider[menu×1|f=menuitem:Provider|h=Provider]@6.9
chromium-dark-desktop › orbit-submenu sub-right burst sample 13,orbit-submenu,submenu,sub-right,,burst,13,ArrowRight,none | menu×2 | @menuitem:Codex,0,0,ArrowRight>menuitem:Provider[menu×1|f=menuitem:Provider|h=Provider]@18.6
chromium-dark-desktop › orbit-submenu sub-right burst sample 14,orbit-submenu,submenu,sub-right,,burst,14,ArrowRight,none | menu×2 | @menuitem:Codex,0,0,ArrowRight>menuitem:Provider[menu×1|f=menuitem:Provider|h=Provider]@11.8
chromium-dark-desktop › orbit-submenu sub-right burst sample 15,orbit-submenu,submenu,sub-right,,burst,15,ArrowRight,none | menu×2 | @menuitem:Codex,0,0,ArrowRight>menuitem:Provider[menu×1|f=menuitem:Provider|h=Provider]@8.7
chromium-dark-desktop › orbit-submenu sub-right burst sample 16,orbit-submenu,submenu,sub-right,,burst,16,ArrowRight,none | menu×2 | @menuitem:Codex,0,0,ArrowRight>menuitem:Provider[menu×1|f=menuitem:Provider|h=Provider]@21.6
chromium-dark-desktop › orbit-submenu sub-right burst sample 17,orbit-submenu,submenu,sub-right,,burst,17,ArrowRight,none | menu×2 | @menuitem:Codex,0,0,ArrowRight>menuitem:Provider[menu×1|f=menuitem:Provider|h=Provider]@16.6
chromium-dark-desktop › orbit-submenu sub-right burst sample 18,orbit-submenu,submenu,sub-right,,burst,18,ArrowRight,none | menu×2 | @menuitem:Codex,0,0,ArrowRight>menuitem:Provider[menu×1|f=menuitem:Provider|h=Provider]@16.8
chromium-dark-desktop › orbit-submenu sub-right burst sample 19,orbit-submenu,submenu,sub-right,,burst,19,ArrowRight,none | menu×2 | @menuitem:Codex,0,0,ArrowRight>menuitem:Provider[menu×1|f=menuitem:Provider|h=Provider]@8
chromium-dark-desktop › orbit-submenu sub-right paced sample 0,orbit-submenu,submenu,sub-right,,paced,0,ArrowRight,none | menu×2 | @menuitem:Codex,0,0,ArrowRight>menuitem:Provider[menu×1|f=menuitem:Provider|h=Provider]@22
chromium-dark-desktop › orbit-submenu sub-right paced sample 1,orbit-submenu,submenu,sub-right,,paced,1,ArrowRight,none | menu×2 | @menuitem:Codex,0,0,ArrowRight>menuitem:Provider[menu×1|f=menuitem:Provider|h=Provider]@38.7
chromium-dark-desktop › orbit-submenu sub-right paced sample 2,orbit-submenu,submenu,sub-right,,paced,2,ArrowRight,none | menu×2 | @menuitem:Codex,0,0,ArrowRight>menuitem:Provider[menu×1|f=menuitem:Provider|h=Provider]@16.5
chromium-dark-desktop › orbit-submenu sub-right paced sample 3,orbit-submenu,submenu,sub-right,,paced,3,ArrowRight,none | menu×2 | @menuitem:Codex,0,0,ArrowRight>menuitem:Provider[menu×1|f=menuitem:Provider|h=Provider]@19.1
chromium-dark-desktop › orbit-submenu sub-right paced sample 4,orbit-submenu,submenu,sub-right,,paced,4,ArrowRight,none | menu×2 | @menuitem:Codex,0,0,ArrowRight>menuitem:Provider[menu×1|f=menuitem:Provider|h=Provider]@19.6
chromium-dark-desktop › orbit-submenu sub-right paced sample 5,orbit-submenu,submenu,sub-right,,paced,5,ArrowRight,none | menu×2 | @menuitem:Codex,0,0,ArrowRight>menuitem:Provider[menu×1|f=menuitem:Provider|h=Provider]@21.7
chromium-dark-desktop › orbit-submenu sub-right paced sample 6,orbit-submenu,submenu,sub-right,,paced,6,ArrowRight,none | menu×2 | @menuitem:Codex,0,0,ArrowRight>menuitem:Provider[menu×1|f=menuitem:Provider|h=Provider]@8.8
chromium-dark-desktop › orbit-submenu sub-right paced sample 7,orbit-submenu,submenu,sub-right,,paced,7,ArrowRight,none | menu×2 | @menuitem:Codex,0,0,ArrowRight>menuitem:Provider[menu×1|f=menuitem:Provider|h=Provider]@12.4
chromium-dark-desktop › orbit-submenu sub-right paced sample 8,orbit-submenu,submenu,sub-right,,paced,8,ArrowRight,none | menu×2 | @menuitem:Codex,0,0,ArrowRight>menuitem:Provider[menu×1|f=menuitem:Provider|h=Provider]@24.3
chromium-dark-desktop › orbit-submenu sub-right paced sample 9,orbit-submenu,submenu,sub-right,,paced,9,ArrowRight,none | menu×2 | @menuitem:Codex,0,0,ArrowRight>menuitem:Provider[menu×1|f=menuitem:Provider|h=Provider]@39.9
chromium-dark-desktop › orbit-submenu sub-right paced sample 10,orbit-submenu,submenu,sub-right,,paced,10,ArrowRight,none | menu×2 | @menuitem:Codex,0,0,ArrowRight>menuitem:Provider[menu×1|f=menuitem:Provider|h=Provider]@16.9
chromium-dark-desktop › orbit-submenu sub-right paced sample 11,orbit-submenu,submenu,sub-right,,paced,11,ArrowRight,none | menu×2 | @menuitem:Codex,0,0,ArrowRight>menuitem:Provider[menu×1|f=menuitem:Provider|h=Provider]@5.6
chromium-dark-desktop › orbit-submenu sub-right paced sample 12,orbit-submenu,submenu,sub-right,,paced,12,ArrowRight,none | menu×2 | @menuitem:Codex,0,0,ArrowRight>menuitem:Provider[menu×1|f=menuitem:Provider|h=Provider]@25.1
chromium-dark-desktop › orbit-submenu sub-right paced sample 13,orbit-submenu,submenu,sub-right,,paced,13,ArrowRight,none | menu×2 | @menuitem:Codex,0,0,ArrowRight>menuitem:Provider[menu×1|f=menuitem:Provider|h=Provider]@17.3
chromium-dark-desktop › orbit-submenu sub-right paced sample 14,orbit-submenu,submenu,sub-right,,paced,14,ArrowRight,none | menu×2 | @menuitem:Codex,0,0,ArrowRight>menuitem:Provider[menu×1|f=menuitem:Provider|h=Provider]@19.2
chromium-dark-desktop › orbit-submenu sub-right paced sample 15,orbit-submenu,submenu,sub-right,,paced,15,ArrowRight,none | menu×2 | @menuitem:Codex,0,0,ArrowRight>menuitem:Provider[menu×1|f=menuitem:Provider|h=Provider]@12.8
chromium-dark-desktop › orbit-submenu sub-right paced sample 16,orbit-submenu,submenu,sub-right,,paced,16,ArrowRight,none | menu×2 | @menuitem:Codex,0,0,ArrowRight>menuitem:Provider[menu×1|f=menuitem:Provider|h=Provider]@26.7
chromium-dark-desktop › orbit-submenu sub-right paced sample 17,orbit-submenu,submenu,sub-right,,paced,17,ArrowRight,none | menu×2 | @menuitem:Codex,0,0,ArrowRight>menuitem:Provider[menu×1|f=menuitem:Provider|h=Provider]@24
chromium-dark-desktop › orbit-submenu sub-right paced sample 18,orbit-submenu,submenu,sub-right,,paced,18,ArrowRight,none | menu×2 | @menuitem:Codex,0,0,ArrowRight>menuitem:Provider[menu×1|f=menuitem:Provider|h=Provider]@26.8
chromium-dark-desktop › orbit-submenu sub-right paced sample 19,orbit-submenu,submenu,sub-right,,paced,19,ArrowRight,none | menu×2 | @menuitem:Codex,0,0,ArrowRight>menuitem:Provider[menu×1|f=menuitem:Provider|h=Provider]@22.4
chromium-dark-desktop › orbit-submenu-sample sub-right burst sample 0,orbit-submenu-sample,submenu,sub-right,,burst,0,ArrowRight,none | menu×2 | @menuitem:Codex,0,0,ArrowRight>menuitem:Provider[menu×1|f=menuitem:Provider|h=Provider]@24.5
chromium-dark-desktop › orbit-submenu-sample sub-right burst sample 1,orbit-submenu-sample,submenu,sub-right,,burst,1,ArrowRight,none | menu×2 | @menuitem:Codex,0,0,ArrowRight>menuitem:Provider[menu×1|f=menuitem:Provider|h=Provider]@15.4
chromium-dark-desktop › orbit-submenu-sample sub-right burst sample 2,orbit-submenu-sample,submenu,sub-right,,burst,2,ArrowRight,none | menu×2 | @menuitem:Codex,0,0,ArrowRight>menuitem:Provider[menu×1|f=menuitem:Provider|h=Provider]@19.3
chromium-dark-desktop › orbit-submenu-sample sub-right burst sample 3,orbit-submenu-sample,submenu,sub-right,,burst,3,ArrowRight,none | menu×2 | @menuitem:Codex,0,0,ArrowRight>menuitem:Provider[menu×1|f=menuitem:Provider|h=Provider]@25
chromium-dark-desktop › orbit-submenu-sample sub-right burst sample 4,orbit-submenu-sample,submenu,sub-right,,burst,4,ArrowRight,none | menu×2 | @menuitem:Codex,0,0,ArrowRight>menuitem:Provider[menu×1|f=menuitem:Provider|h=Provider]@10.2
chromium-dark-desktop › orbit-submenu-sample sub-right burst sample 5,orbit-submenu-sample,submenu,sub-right,,burst,5,ArrowRight,none | menu×2 | @menuitem:Codex,0,0,ArrowRight>menuitem:Provider[menu×1|f=menuitem:Provider|h=Provider]@16
chromium-dark-desktop › orbit-submenu-sample sub-right burst sample 6,orbit-submenu-sample,submenu,sub-right,,burst,6,ArrowRight,none | menu×2 | @menuitem:Codex,0,0,ArrowRight>menuitem:Provider[menu×1|f=menuitem:Provider|h=Provider]@8.3
chromium-dark-desktop › orbit-submenu-sample sub-right burst sample 7,orbit-submenu-sample,submenu,sub-right,,burst,7,ArrowRight,none | menu×2 | @menuitem:Codex,0,0,ArrowRight>menuitem:Provider[menu×1|f=menuitem:Provider|h=Provider]@18.6
chromium-dark-desktop › orbit-submenu-sample sub-right burst sample 8,orbit-submenu-sample,submenu,sub-right,,burst,8,ArrowRight,none | menu×2 | @menuitem:Codex,0,0,ArrowRight>menuitem:Provider[menu×1|f=menuitem:Provider|h=Provider]@11.4
chromium-dark-desktop › orbit-submenu-sample sub-right burst sample 9,orbit-submenu-sample,submenu,sub-right,,burst,9,ArrowRight,none | menu×2 | @menuitem:Codex,0,0,ArrowRight>menuitem:Provider[menu×1|f=menuitem:Provider|h=Provider]@22.6
chromium-dark-desktop › orbit-submenu-sample sub-right burst sample 10,orbit-submenu-sample,submenu,sub-right,,burst,10,ArrowRight,none | menu×2 | @menuitem:Codex,0,0,ArrowRight>menuitem:Provider[menu×1|f=menuitem:Provider|h=Provider]@13.8
chromium-dark-desktop › orbit-submenu-sample sub-right burst sample 11,orbit-submenu-sample,submenu,sub-right,,burst,11,ArrowRight,none | menu×2 | @menuitem:Codex,0,0,ArrowRight>menuitem:Provider[menu×1|f=menuitem:Provider|h=Provider]@9.1
chromium-dark-desktop › orbit-submenu-sample sub-right burst sample 12,orbit-submenu-sample,submenu,sub-right,,burst,12,ArrowRight,none | menu×2 | @menuitem:Codex,0,0,ArrowRight>menuitem:Provider[menu×1|f=menuitem:Provider|h=Provider]@8.4
chromium-dark-desktop › orbit-submenu-sample sub-right burst sample 13,orbit-submenu-sample,submenu,sub-right,,burst,13,ArrowRight,none | menu×2 | @menuitem:Codex,0,0,ArrowRight>menuitem:Provider[menu×1|f=menuitem:Provider|h=Provider]@6.5
chromium-dark-desktop › orbit-submenu-sample sub-right burst sample 14,orbit-submenu-sample,submenu,sub-right,,burst,14,ArrowRight,none | menu×2 | @menuitem:Codex,0,0,ArrowRight>menuitem:Provider[menu×1|f=menuitem:Provider|h=Provider]@17.2
chromium-dark-desktop › orbit-submenu-sample sub-right burst sample 15,orbit-submenu-sample,submenu,sub-right,,burst,15,ArrowRight,none | menu×2 | @menuitem:Codex,0,0,ArrowRight>menuitem:Provider[menu×1|f=menuitem:Provider|h=Provider]@12.1
chromium-dark-desktop › orbit-submenu-sample sub-right burst sample 16,orbit-submenu-sample,submenu,sub-right,,burst,16,ArrowRight,none | menu×2 | @menuitem:Codex,0,0,ArrowRight>menuitem:Provider[menu×1|f=menuitem:Provider|h=Provider]@10.7
chromium-dark-desktop › orbit-submenu-sample sub-right burst sample 17,orbit-submenu-sample,submenu,sub-right,,burst,17,ArrowRight,none | menu×2 | @menuitem:Codex,0,0,ArrowRight>menuitem:Provider[menu×1|f=menuitem:Provider|h=Provider]@21
chromium-dark-desktop › orbit-submenu-sample sub-right burst sample 18,orbit-submenu-sample,submenu,sub-right,,burst,18,ArrowRight,none | menu×2 | @menuitem:Codex,0,0,ArrowRight>menuitem:Provider[menu×1|f=menuitem:Provider|h=Provider]@13
chromium-dark-desktop › orbit-submenu-sample sub-right burst sample 19,orbit-submenu-sample,submenu,sub-right,,burst,19,ArrowRight,none | menu×2 | @menuitem:Codex,0,0,ArrowRight>menuitem:Provider[menu×1|f=menuitem:Provider|h=Provider]@14.3
chromium-dark-desktop › orbit-submenu-sample sub-right paced sample 0,orbit-submenu-sample,submenu,sub-right,,paced,0,ArrowRight,none | menu×2 | @menuitem:Codex,0,0,ArrowRight>menuitem:Provider[menu×1|f=menuitem:Provider|h=Provider]@19
chromium-dark-desktop › orbit-submenu-sample sub-right paced sample 1,orbit-submenu-sample,submenu,sub-right,,paced,1,ArrowRight,none | menu×2 | @menuitem:Codex,0,0,ArrowRight>menuitem:Provider[menu×1|f=menuitem:Provider|h=Provider]@10.2
chromium-dark-desktop › orbit-submenu-sample sub-right paced sample 2,orbit-submenu-sample,submenu,sub-right,,paced,2,ArrowRight,none | menu×2 | @menuitem:Codex,0,0,ArrowRight>menuitem:Provider[menu×1|f=menuitem:Provider|h=Provider]@17.4
chromium-dark-desktop › orbit-submenu-sample sub-right paced sample 3,orbit-submenu-sample,submenu,sub-right,,paced,3,ArrowRight,none | menu×2 | @menuitem:Codex,0,0,ArrowRight>menuitem:Provider[menu×1|f=menuitem:Provider|h=Provider]@21.4
chromium-dark-desktop › orbit-submenu-sample sub-right paced sample 4,orbit-submenu-sample,submenu,sub-right,,paced,4,ArrowRight,none | menu×2 | @menuitem:Codex,0,0,ArrowRight>menuitem:Provider[menu×1|f=menuitem:Provider|h=Provider]@13.5
chromium-dark-desktop › orbit-submenu-sample sub-right paced sample 5,orbit-submenu-sample,submenu,sub-right,,paced,5,ArrowRight,none | menu×2 | @menuitem:Codex,0,0,ArrowRight>menuitem:Provider[menu×1|f=menuitem:Provider|h=Provider]@13.7
chromium-dark-desktop › orbit-submenu-sample sub-right paced sample 6,orbit-submenu-sample,submenu,sub-right,,paced,6,ArrowRight,none | menu×2 | @menuitem:Codex,0,0,ArrowRight>menuitem:Provider[menu×1|f=menuitem:Provider|h=Provider]@9.7
chromium-dark-desktop › orbit-submenu-sample sub-right paced sample 7,orbit-submenu-sample,submenu,sub-right,,paced,7,ArrowRight,none | menu×2 | @menuitem:Codex,0,0,ArrowRight>menuitem:Provider[menu×1|f=menuitem:Provider|h=Provider]@70.5
chromium-dark-desktop › orbit-submenu-sample sub-right paced sample 8,orbit-submenu-sample,submenu,sub-right,,paced,8,ArrowRight,none | menu×2 | @menuitem:Codex,0,0,ArrowRight>menuitem:Provider[menu×1|f=menuitem:Provider|h=Provider]@25.6
chromium-dark-desktop › orbit-submenu-sample sub-right paced sample 9,orbit-submenu-sample,submenu,sub-right,,paced,9,ArrowRight,none | menu×2 | @menuitem:Codex,0,0,ArrowRight>menuitem:Provider[menu×1|f=menuitem:Provider|h=Provider]@21.3
chromium-dark-desktop › orbit-submenu-sample sub-right paced sample 10,orbit-submenu-sample,submenu,sub-right,,paced,10,ArrowRight,none | menu×2 | @menuitem:Codex,0,0,ArrowRight>menuitem:Provider[menu×1|f=menuitem:Provider|h=Provider]@24.4
chromium-dark-desktop › orbit-submenu-sample sub-right paced sample 11,orbit-submenu-sample,submenu,sub-right,,paced,11,ArrowRight,none | menu×2 | @menuitem:Codex,0,0,ArrowRight>menuitem:Provider[menu×1|f=menuitem:Provider|h=Provider]@20.6
chromium-dark-desktop › orbit-submenu-sample sub-right paced sample 12,orbit-submenu-sample,submenu,sub-right,,paced,12,ArrowRight,none | menu×2 | @menuitem:Codex,0,0,ArrowRight>menuitem:Provider[menu×1|f=menuitem:Provider|h=Provider]@16.8
chromium-dark-desktop › orbit-submenu-sample sub-right paced sample 13,orbit-submenu-sample,submenu,sub-right,,paced,13,ArrowRight,none | menu×2 | @menuitem:Codex,0,0,ArrowRight>menuitem:Provider[menu×1|f=menuitem:Provider|h=Provider]@6
chromium-dark-desktop › orbit-submenu-sample sub-right paced sample 14,orbit-submenu-sample,submenu,sub-right,,paced,14,ArrowRight,none | menu×2 | @menuitem:Codex,0,0,ArrowRight>menuitem:Provider[menu×1|f=menuitem:Provider|h=Provider]@16.4
chromium-dark-desktop › orbit-submenu-sample sub-right paced sample 15,orbit-submenu-sample,submenu,sub-right,,paced,15,ArrowRight,none | menu×2 | @menuitem:Codex,0,0,ArrowRight>menuitem:Provider[menu×1|f=menuitem:Provider|h=Provider]@11.2
chromium-dark-desktop › orbit-submenu-sample sub-right paced sample 16,orbit-submenu-sample,submenu,sub-right,,paced,16,ArrowRight,none | menu×2 | @menuitem:Codex,0,0,ArrowRight>menuitem:Provider[menu×1|f=menuitem:Provider|h=Provider]@13.8
chromium-dark-desktop › orbit-submenu-sample sub-right paced sample 17,orbit-submenu-sample,submenu,sub-right,,paced,17,ArrowRight,none | menu×2 | @menuitem:Codex,0,0,ArrowRight>menuitem:Provider[menu×1|f=menuitem:Provider|h=Provider]@18.9
chromium-dark-desktop › orbit-submenu-sample sub-right paced sample 18,orbit-submenu-sample,submenu,sub-right,,paced,18,ArrowRight,none | menu×2 | @menuitem:Codex,0,0,ArrowRight>menuitem:Provider[menu×1|f=menuitem:Provider|h=Provider]@14.7
chromium-dark-desktop › orbit-submenu-sample sub-right paced sample 19,orbit-submenu-sample,submenu,sub-right,,paced,19,ArrowRight,none | menu×2 | @menuitem:Codex,0,0,ArrowRight>menuitem:Provider[menu×1|f=menuitem:Provider|h=Provider]@26
chromium-dark-desktop › orbit-session sub-right burst sample 0,orbit-session,submenu,sub-right,,burst,0,ArrowRight,none | menu×2 | @menuitem:Codex,0,0,ArrowRight>menuitem:Provider[menu×1|f=menuitem:Provider|h=Provider]@11.3
chromium-dark-desktop › orbit-session sub-right burst sample 1,orbit-session,submenu,sub-right,,burst,1,ArrowRight,none | menu×2 | @menuitem:Codex,0,0,ArrowRight>menuitem:Provider[menu×1|f=menuitem:Provider|h=Provider]@16.6
chromium-dark-desktop › orbit-session sub-right burst sample 2,orbit-session,submenu,sub-right,,burst,2,ArrowRight,none | menu×2 | @menuitem:Codex,0,0,ArrowRight>menuitem:Provider[menu×1|f=menuitem:Provider|h=Provider]@5.8
chromium-dark-desktop › orbit-session sub-right burst sample 3,orbit-session,submenu,sub-right,,burst,3,ArrowRight,none | menu×2 | @menuitem:Codex,0,0,ArrowRight>menuitem:Provider[menu×1|f=menuitem:Provider|h=Provider]@17.1
chromium-dark-desktop › orbit-session sub-right burst sample 4,orbit-session,submenu,sub-right,,burst,4,ArrowRight,none | menu×2 | @menuitem:Codex,0,0,ArrowRight>menuitem:Provider[menu×1|f=menuitem:Provider|h=Provider]@14.6
chromium-dark-desktop › orbit-session sub-right burst sample 5,orbit-session,submenu,sub-right,,burst,5,ArrowRight,none | menu×2 | @menuitem:Codex,0,0,ArrowRight>menuitem:Provider[menu×1|f=menuitem:Provider|h=Provider]@14.9
chromium-dark-desktop › orbit-session sub-right burst sample 6,orbit-session,submenu,sub-right,,burst,6,ArrowRight,none | menu×2 | @menuitem:Codex,0,0,ArrowRight>menuitem:Provider[menu×1|f=menuitem:Provider|h=Provider]@10.3
chromium-dark-desktop › orbit-session sub-right burst sample 7,orbit-session,submenu,sub-right,,burst,7,ArrowRight,none | menu×2 | @menuitem:Codex,0,0,ArrowRight>menuitem:Provider[menu×1|f=menuitem:Provider|h=Provider]@18.7
chromium-dark-desktop › orbit-session sub-right burst sample 8,orbit-session,submenu,sub-right,,burst,8,ArrowRight,none | menu×2 | @menuitem:Codex,0,0,ArrowRight>menuitem:Provider[menu×1|f=menuitem:Provider|h=Provider]@22.2
chromium-dark-desktop › orbit-session sub-right burst sample 9,orbit-session,submenu,sub-right,,burst,9,ArrowRight,none | menu×2 | @menuitem:Codex,0,0,ArrowRight>menuitem:Provider[menu×1|f=menuitem:Provider|h=Provider]@14
chromium-dark-desktop › orbit-session sub-right burst sample 10,orbit-session,submenu,sub-right,,burst,10,ArrowRight,none | menu×2 | @menuitem:Codex,0,0,ArrowRight>menuitem:Provider[menu×1|f=menuitem:Provider|h=Provider]@21.3
chromium-dark-desktop › orbit-session sub-right burst sample 11,orbit-session,submenu,sub-right,,burst,11,ArrowRight,none | menu×2 | @menuitem:Codex,0,0,ArrowRight>menuitem:Provider[menu×1|f=menuitem:Provider|h=Provider]@19.7
chromium-dark-desktop › orbit-session sub-right burst sample 12,orbit-session,submenu,sub-right,,burst,12,ArrowRight,none | menu×2 | @menuitem:Codex,0,0,ArrowRight>menuitem:Provider[menu×1|f=menuitem:Provider|h=Provider]@49.2
chromium-dark-desktop › orbit-session sub-right burst sample 13,orbit-session,submenu,sub-right,,burst,13,ArrowRight,none | menu×2 | @menuitem:Codex,0,0,ArrowRight>menuitem:Provider[menu×1|f=menuitem:Provider|h=Provider]@13.4
chromium-dark-desktop › orbit-session sub-right burst sample 14,orbit-session,submenu,sub-right,,burst,14,ArrowRight,none | menu×2 | @menuitem:Codex,0,0,ArrowRight>menuitem:Provider[menu×1|f=menuitem:Provider|h=Provider]@8.9
chromium-dark-desktop › orbit-session sub-right burst sample 15,orbit-session,submenu,sub-right,,burst,15,ArrowRight,none | menu×2 | @menuitem:Codex,0,0,ArrowRight>menuitem:Provider[menu×1|f=menuitem:Provider|h=Provider]@20.5
chromium-dark-desktop › orbit-session sub-right burst sample 16,orbit-session,submenu,sub-right,,burst,16,ArrowRight,none | menu×2 | @menuitem:Codex,0,0,ArrowRight>menuitem:Provider[menu×1|f=menuitem:Provider|h=Provider]@8.8
chromium-dark-desktop › orbit-session sub-right burst sample 17,orbit-session,submenu,sub-right,,burst,17,ArrowRight,none | menu×2 | @menuitem:Codex,0,0,ArrowRight>menuitem:Provider[menu×1|f=menuitem:Provider|h=Provider]@20.5
chromium-dark-desktop › orbit-session sub-right burst sample 18,orbit-session,submenu,sub-right,,burst,18,ArrowRight,none | menu×2 | @menuitem:Codex,0,0,ArrowRight>menuitem:Provider[menu×1|f=menuitem:Provider|h=Provider]@12.7
chromium-dark-desktop › orbit-session sub-right burst sample 19,orbit-session,submenu,sub-right,,burst,19,ArrowRight,none | menu×2 | @menuitem:Codex,0,0,ArrowRight>menuitem:Provider[menu×1|f=menuitem:Provider|h=Provider]@7.9
chromium-dark-desktop › orbit-session sub-right paced sample 0,orbit-session,submenu,sub-right,,paced,0,ArrowRight,none | menu×2 | @menuitem:Codex,0,0,ArrowRight>menuitem:Provider[menu×1|f=menuitem:Provider|h=Provider]@26.3
chromium-dark-desktop › orbit-session sub-right paced sample 1,orbit-session,submenu,sub-right,,paced,1,ArrowRight,none | menu×2 | @menuitem:Codex,0,0,ArrowRight>menuitem:Provider[menu×1|f=menuitem:Provider|h=Provider]@20.4
chromium-dark-desktop › orbit-session sub-right paced sample 2,orbit-session,submenu,sub-right,,paced,2,ArrowRight,none | menu×2 | @menuitem:Codex,0,0,ArrowRight>menuitem:Provider[menu×1|f=menuitem:Provider|h=Provider]@18.3
chromium-dark-desktop › orbit-session sub-right paced sample 3,orbit-session,submenu,sub-right,,paced,3,ArrowRight,none | menu×2 | @menuitem:Codex,0,0,ArrowRight>menuitem:Provider[menu×1|f=menuitem:Provider|h=Provider]@30.6
chromium-dark-desktop › orbit-session sub-right paced sample 4,orbit-session,submenu,sub-right,,paced,4,ArrowRight,none | menu×2 | @menuitem:Codex,0,0,ArrowRight>menuitem:Provider[menu×1|f=menuitem:Provider|h=Provider]@10.6
chromium-dark-desktop › orbit-session sub-right paced sample 5,orbit-session,submenu,sub-right,,paced,5,ArrowRight,none | menu×2 | @menuitem:Codex,0,0,ArrowRight>menuitem:Provider[menu×1|f=menuitem:Provider|h=Provider]@19.7
chromium-dark-desktop › orbit-session sub-right paced sample 6,orbit-session,submenu,sub-right,,paced,6,ArrowRight,none | menu×2 | @menuitem:Codex,0,0,ArrowRight>menuitem:Provider[menu×1|f=menuitem:Provider|h=Provider]@17.3
chromium-dark-desktop › orbit-session sub-right paced sample 7,orbit-session,submenu,sub-right,,paced,7,ArrowRight,none | menu×2 | @menuitem:Codex,0,0,ArrowRight>menuitem:Provider[menu×1|f=menuitem:Provider|h=Provider]@15.7
chromium-dark-desktop › orbit-session sub-right paced sample 8,orbit-session,submenu,sub-right,,paced,8,ArrowRight,none | menu×2 | @menuitem:Codex,0,0,ArrowRight>menuitem:Provider[menu×1|f=menuitem:Provider|h=Provider]@15.2
chromium-dark-desktop › orbit-session sub-right paced sample 9,orbit-session,submenu,sub-right,,paced,9,ArrowRight,none | menu×2 | @menuitem:Codex,0,0,ArrowRight>menuitem:Provider[menu×1|f=menuitem:Provider|h=Provider]@17.1
chromium-dark-desktop › orbit-session sub-right paced sample 10,orbit-session,submenu,sub-right,,paced,10,ArrowRight,none | menu×2 | @menuitem:Codex,0,0,ArrowRight>menuitem:Provider[menu×1|f=menuitem:Provider|h=Provider]@22.8
chromium-dark-desktop › orbit-session sub-right paced sample 11,orbit-session,submenu,sub-right,,paced,11,ArrowRight,none | menu×2 | @menuitem:Codex,0,0,ArrowRight>menuitem:Provider[menu×1|f=menuitem:Provider|h=Provider]@29.1
chromium-dark-desktop › orbit-session sub-right paced sample 12,orbit-session,submenu,sub-right,,paced,12,ArrowRight,none | menu×2 | @menuitem:Codex,0,0,ArrowRight>menuitem:Provider[menu×1|f=menuitem:Provider|h=Provider]@11
chromium-dark-desktop › orbit-session sub-right paced sample 13,orbit-session,submenu,sub-right,,paced,13,ArrowRight,none | menu×2 | @menuitem:Codex,0,0,ArrowRight>menuitem:Provider[menu×1|f=menuitem:Provider|h=Provider]@15.8
chromium-dark-desktop › orbit-session sub-right paced sample 14,orbit-session,submenu,sub-right,,paced,14,ArrowRight,none | menu×2 | @menuitem:Codex,0,0,ArrowRight>menuitem:Provider[menu×1|f=menuitem:Provider|h=Provider]@15.6
chromium-dark-desktop › orbit-session sub-right paced sample 15,orbit-session,submenu,sub-right,,paced,15,ArrowRight,none | menu×2 | @menuitem:Codex,0,0,ArrowRight>menuitem:Provider[menu×1|f=menuitem:Provider|h=Provider]@21
chromium-dark-desktop › orbit-session sub-right paced sample 16,orbit-session,submenu,sub-right,,paced,16,ArrowRight,none | menu×2 | @menuitem:Codex,0,0,ArrowRight>menuitem:Provider[menu×1|f=menuitem:Provider|h=Provider]@10.4
chromium-dark-desktop › orbit-session sub-right paced sample 17,orbit-session,submenu,sub-right,,paced,17,ArrowRight,none | menu×2 | @menuitem:Codex,0,0,ArrowRight>menuitem:Provider[menu×1|f=menuitem:Provider|h=Provider]@19.1
chromium-dark-desktop › orbit-session sub-right paced sample 18,orbit-session,submenu,sub-right,,paced,18,ArrowRight,none | menu×2 | @menuitem:Codex,0,0,ArrowRight>menuitem:Provider[menu×1|f=menuitem:Provider|h=Provider]@21.7
chromium-dark-desktop › orbit-session sub-right paced sample 19,orbit-session,submenu,sub-right,,paced,19,ArrowRight,none | menu×2 | @menuitem:Codex,0,0,ArrowRight>menuitem:Provider[menu×1|f=menuitem:Provider|h=Provider]@9.6
chromium-dark-desktop › orbit-submenu sub-right-enter burst sample 0,orbit-submenu,submenu,sub-right-enter,sub-right,burst,0,ArrowRight Enter,Action=codex | none | @body:darkSwitch themeOpen Dia,1,1,ArrowRight>menuitem:Provider[menu×1|f=menuitem:Provider|h=Provider]@5.9 ; Enter>menuitem:Provider[menu×2|f=menuitem:Provider|h=Codex]@22.4 ; Enter*>menuitem:Codex[menu×2|f=menuitem:Provider|h=Codex]@22.7
chromium-dark-desktop › orbit-submenu sub-right-enter burst sample 1,orbit-submenu,submenu,sub-right-enter,sub-right,burst,1,ArrowRight Enter,Action=codex | none | @body:darkSwitch themeOpen Dia,1,1,ArrowRight>menuitem:Provider[menu×1|f=menuitem:Provider|h=Provider]@20.2 ; Enter>menuitem:Provider[menu×2|f=menuitem:Provider|h=Codex]@63.1 ; Enter*>menuitem:Codex[menu×2|f=menuitem:Provider|h=Codex]@63.5
chromium-dark-desktop › orbit-submenu sub-right-enter burst sample 2,orbit-submenu,submenu,sub-right-enter,sub-right,burst,2,ArrowRight Enter,Action=codex | none | @body:darkSwitch themeOpen Dia,1,1,ArrowRight>menuitem:Provider[menu×1|f=menuitem:Provider|h=Provider]@7.1 ; Enter>menuitem:Provider[menu×2|f=menuitem:Provider|h=Codex]@21.5 ; Enter*>menuitem:Codex[menu×2|f=menuitem:Provider|h=Codex]@21.6
chromium-dark-desktop › orbit-submenu sub-right-enter burst sample 3,orbit-submenu,submenu,sub-right-enter,sub-right,burst,3,ArrowRight Enter,Action=codex | none | @body:darkSwitch themeOpen Dia,1,1,ArrowRight>menuitem:Provider[menu×1|f=menuitem:Provider|h=Provider]@13.3 ; Enter>menuitem:Provider[menu×2|f=menuitem:Provider|h=Codex]@28 ; Enter*>menuitem:Codex[menu×2|f=menuitem:Provider|h=Codex]@28.1
chromium-dark-desktop › orbit-submenu sub-right-enter burst sample 4,orbit-submenu,submenu,sub-right-enter,sub-right,burst,4,ArrowRight Enter,Action=codex | none | @body:darkSwitch themeOpen Dia,1,1,ArrowRight>menuitem:Provider[menu×1|f=menuitem:Provider|h=Provider]@17 ; Enter>menuitem:Provider[menu×2|f=menuitem:Provider|h=Codex]@34.5 ; Enter*>menuitem:Codex[menu×2|f=menuitem:Provider|h=Codex]@34.7
chromium-dark-desktop › orbit-submenu sub-right-enter burst sample 5,orbit-submenu,submenu,sub-right-enter,sub-right,burst,5,ArrowRight Enter,Action=codex | none | @body:darkSwitch themeOpen Dia,1,1,ArrowRight>menuitem:Provider[menu×1|f=menuitem:Provider|h=Provider]@4.3 ; Enter>menuitem:Provider[menu×2|f=menuitem:Provider|h=Codex]@19.1 ; Enter*>menuitem:Codex[menu×2|f=menuitem:Provider|h=Codex]@19.2
chromium-dark-desktop › orbit-submenu sub-right-enter burst sample 6,orbit-submenu,submenu,sub-right-enter,sub-right,burst,6,ArrowRight Enter,Action=codex | none | @body:darkSwitch themeOpen Dia,1,1,ArrowRight>menuitem:Provider[menu×1|f=menuitem:Provider|h=Provider]@16 ; Enter>menuitem:Provider[menu×2|f=menuitem:Provider|h=Codex]@40 ; Enter*>menuitem:Codex[menu×2|f=menuitem:Provider|h=Codex]@40.3
chromium-dark-desktop › orbit-submenu sub-right-enter burst sample 7,orbit-submenu,submenu,sub-right-enter,sub-right,burst,7,ArrowRight Enter,Action=codex | none | @body:darkSwitch themeOpen Dia,1,1,ArrowRight>menuitem:Provider[menu×1|f=menuitem:Provider|h=Provider]@19.8 ; Enter>menuitem:Provider[menu×2|f=menuitem:Provider|h=Codex]@34.7 ; Enter*>menuitem:Codex[menu×2|f=menuitem:Provider|h=Codex]@34.9
chromium-dark-desktop › orbit-submenu sub-right-enter burst sample 8,orbit-submenu,submenu,sub-right-enter,sub-right,burst,8,ArrowRight Enter,Action=codex | none | @body:darkSwitch themeOpen Dia,1,1,ArrowRight>menuitem:Provider[menu×1|f=menuitem:Provider|h=Provider]@17.8 ; Enter>menuitem:Provider[menu×2|f=menuitem:Provider|h=Codex]@33.7 ; Enter*>menuitem:Codex[menu×2|f=menuitem:Provider|h=Codex]@33.8
chromium-dark-desktop › orbit-submenu sub-right-enter burst sample 9,orbit-submenu,submenu,sub-right-enter,sub-right,burst,9,ArrowRight Enter,Action=codex | none | @body:darkSwitch themeOpen Dia,1,1,ArrowRight>menuitem:Provider[menu×1|f=menuitem:Provider|h=Provider]@12.2 ; Enter>menuitem:Provider[menu×2|f=menuitem:Provider|h=Codex]@34.1 ; Enter*>menuitem:Codex[menu×2|f=menuitem:Provider|h=Codex]@34.3
chromium-dark-desktop › orbit-submenu sub-right-enter burst sample 10,orbit-submenu,submenu,sub-right-enter,sub-right,burst,10,ArrowRight Enter,Action=codex | none | @body:darkSwitch themeOpen Dia,1,1,ArrowRight>menuitem:Provider[menu×1|f=menuitem:Provider|h=Provider]@16.5 ; Enter>menuitem:Provider[menu×2|f=menuitem:Provider|h=Codex]@35.3 ; Enter*>menuitem:Codex[menu×2|f=menuitem:Provider|h=Codex]@35.5
chromium-dark-desktop › orbit-submenu sub-right-enter burst sample 11,orbit-submenu,submenu,sub-right-enter,sub-right,burst,11,ArrowRight Enter,Action=codex | none | @body:darkSwitch themeOpen Dia,1,1,ArrowRight>menuitem:Provider[menu×1|f=menuitem:Provider|h=Provider]@18.3 ; Enter>menuitem:Provider[menu×2|f=menuitem:Provider|h=Codex]@33.8 ; Enter*>menuitem:Codex[menu×2|f=menuitem:Provider|h=Codex]@34
chromium-dark-desktop › orbit-submenu sub-right-enter burst sample 12,orbit-submenu,submenu,sub-right-enter,sub-right,burst,12,ArrowRight Enter,Action=codex | none | @body:darkSwitch themeOpen Dia,1,1,ArrowRight>menuitem:Provider[menu×1|f=menuitem:Provider|h=Provider]@7 ; Enter>menuitem:Provider[menu×2|f=menuitem:Provider|h=Codex]@21.3 ; Enter*>menuitem:Codex[menu×2|f=menuitem:Provider|h=Codex]@21.4
chromium-dark-desktop › orbit-submenu sub-right-enter burst sample 13,orbit-submenu,submenu,sub-right-enter,sub-right,burst,13,ArrowRight Enter,Action=codex | none | @body:darkSwitch themeOpen Dia,1,1,ArrowRight>menuitem:Provider[menu×1|f=menuitem:Provider|h=Provider]@25.1 ; Enter>menuitem:Provider[menu×2|f=menuitem:Provider|h=Codex]@40.8 ; Enter*>menuitem:Codex[menu×2|f=menuitem:Provider|h=Codex]@41
chromium-dark-desktop › orbit-submenu sub-right-enter burst sample 14,orbit-submenu,submenu,sub-right-enter,sub-right,burst,14,ArrowRight Enter,Action=codex | none | @body:darkSwitch themeOpen Dia,1,1,ArrowRight>menuitem:Provider[menu×1|f=menuitem:Provider|h=Provider]@19.2 ; Enter>menuitem:Provider[menu×2|f=menuitem:Provider|h=Codex]@39.3 ; Enter*>menuitem:Codex[menu×2|f=menuitem:Provider|h=Codex]@39.5
chromium-dark-desktop › orbit-submenu sub-right-enter burst sample 15,orbit-submenu,submenu,sub-right-enter,sub-right,burst,15,ArrowRight Enter,Action=codex | none | @body:darkSwitch themeOpen Dia,1,1,ArrowRight>menuitem:Provider[menu×1|f=menuitem:Provider|h=Provider]@16.8 ; Enter>menuitem:Provider[menu×2|f=menuitem:Provider|h=Codex]@40.8 ; Enter*>menuitem:Codex[menu×2|f=menuitem:Provider|h=Codex]@41.2
chromium-dark-desktop › orbit-submenu sub-right-enter burst sample 16,orbit-submenu,submenu,sub-right-enter,sub-right,burst,16,ArrowRight Enter,Action=codex | none | @body:darkSwitch themeOpen Dia,1,1,ArrowRight>menuitem:Provider[menu×1|f=menuitem:Provider|h=Provider]@5.1 ; Enter>menuitem:Provider[menu×2|f=menuitem:Provider|h=Codex]@23.7 ; Enter*>menuitem:Codex[menu×2|f=menuitem:Provider|h=Codex]@24
chromium-dark-desktop › orbit-submenu sub-right-enter burst sample 17,orbit-submenu,submenu,sub-right-enter,sub-right,burst,17,ArrowRight Enter,Action=codex | none | @body:darkSwitch themeOpen Dia,1,1,ArrowRight>menuitem:Provider[menu×1|f=menuitem:Provider|h=Provider]@10.2 ; Enter>menuitem:Provider[menu×2|f=menuitem:Provider|h=Codex]@26.4 ; Enter*>menuitem:Codex[menu×2|f=menuitem:Provider|h=Codex]@26.5
chromium-dark-desktop › orbit-submenu sub-right-enter burst sample 18,orbit-submenu,submenu,sub-right-enter,sub-right,burst,18,ArrowRight Enter,Action=codex | none | @body:darkSwitch themeOpen Dia,1,1,ArrowRight>menuitem:Provider[menu×1|f=menuitem:Provider|h=Provider]@7.2 ; Enter>menuitem:Provider[menu×2|f=menuitem:Provider|h=Codex]@25.2 ; Enter*>menuitem:Codex[menu×2|f=menuitem:Provider|h=Codex]@25.3
chromium-dark-desktop › orbit-submenu sub-right-enter burst sample 19,orbit-submenu,submenu,sub-right-enter,sub-right,burst,19,ArrowRight Enter,Action=codex | none | @body:darkSwitch themeOpen Dia,1,1,ArrowRight>menuitem:Provider[menu×1|f=menuitem:Provider|h=Provider]@16.1 ; Enter>menuitem:Provider[menu×2|f=menuitem:Provider|h=Codex]@36.4 ; Enter*>menuitem:Codex[menu×2|f=menuitem:Provider|h=Codex]@37.3
chromium-dark-desktop › orbit-submenu sub-right-enter paced sample 0,orbit-submenu,submenu,sub-right-enter,sub-right,paced,0,ArrowRight Enter,Action=codex | none | @button:Session actions,0,0,ArrowRight>menuitem:Provider[menu×1|f=menuitem:Provider|h=Provider]@21.5 ; Enter>menuitem:Codex[menu×2|f=menuitem:Codex|h=Codex]@351.6
chromium-dark-desktop › orbit-submenu sub-right-enter paced sample 1,orbit-submenu,submenu,sub-right-enter,sub-right,paced,1,ArrowRight Enter,Action=codex | none | @button:Session actions,0,0,ArrowRight>menuitem:Provider[menu×1|f=menuitem:Provider|h=Provider]@29.4 ; Enter>menuitem:Codex[menu×2|f=menuitem:Codex|h=Codex]@389.6
chromium-dark-desktop › orbit-submenu sub-right-enter paced sample 2,orbit-submenu,submenu,sub-right-enter,sub-right,paced,2,ArrowRight Enter,Action=codex | none | @button:Session actions,0,0,ArrowRight>menuitem:Provider[menu×1|f=menuitem:Provider|h=Provider]@10.2 ; Enter>menuitem:Codex[menu×2|f=menuitem:Codex|h=Codex]@333.9
chromium-dark-desktop › orbit-submenu sub-right-enter paced sample 3,orbit-submenu,submenu,sub-right-enter,sub-right,paced,3,ArrowRight Enter,Action=codex | none | @button:Session actions,0,0,ArrowRight>menuitem:Provider[menu×1|f=menuitem:Provider|h=Provider]@18.6 ; Enter>menuitem:Codex[menu×2|f=menuitem:Codex|h=Codex]@342.8
chromium-dark-desktop › orbit-submenu sub-right-enter paced sample 4,orbit-submenu,submenu,sub-right-enter,sub-right,paced,4,ArrowRight Enter,Action=codex | none | @button:Session actions,0,0,ArrowRight>menuitem:Provider[menu×1|f=menuitem:Provider|h=Provider]@15.6 ; Enter>menuitem:Codex[menu×2|f=menuitem:Codex|h=Codex]@347
chromium-dark-desktop › orbit-submenu sub-right-enter paced sample 5,orbit-submenu,submenu,sub-right-enter,sub-right,paced,5,ArrowRight Enter,Action=codex | none | @button:Session actions,0,0,ArrowRight>menuitem:Provider[menu×1|f=menuitem:Provider|h=Provider]@22.8 ; Enter>menuitem:Codex[menu×2|f=menuitem:Codex|h=Codex]@365.5
chromium-dark-desktop › orbit-submenu sub-right-enter paced sample 6,orbit-submenu,submenu,sub-right-enter,sub-right,paced,6,ArrowRight Enter,Action=codex | none | @button:Session actions,0,0,ArrowRight>menuitem:Provider[menu×1|f=menuitem:Provider|h=Provider]@12.3 ; Enter>menuitem:Codex[menu×2|f=menuitem:Codex|h=Codex]@345
chromium-dark-desktop › orbit-submenu sub-right-enter paced sample 7,orbit-submenu,submenu,sub-right-enter,sub-right,paced,7,ArrowRight Enter,Action=codex | none | @button:Session actions,0,0,ArrowRight>menuitem:Provider[menu×1|f=menuitem:Provider|h=Provider]@38.3 ; Enter>menuitem:Codex[menu×2|f=menuitem:Codex|h=Codex]@405.4
chromium-dark-desktop › orbit-submenu sub-right-enter paced sample 8,orbit-submenu,submenu,sub-right-enter,sub-right,paced,8,ArrowRight Enter,Action=codex | none | @button:Session actions,0,0,ArrowRight>menuitem:Provider[menu×1|f=menuitem:Provider|h=Provider]@22.7 ; Enter>menuitem:Codex[menu×2|f=menuitem:Codex|h=Codex]@356.4
chromium-dark-desktop › orbit-submenu sub-right-enter paced sample 9,orbit-submenu,submenu,sub-right-enter,sub-right,paced,9,ArrowRight Enter,Action=codex | none | @button:Session actions,0,0,ArrowRight>menuitem:Provider[menu×1|f=menuitem:Provider|h=Provider]@11.1 ; Enter>menuitem:Codex[menu×2|f=menuitem:Codex|h=Codex]@341.6
chromium-dark-desktop › orbit-submenu sub-right-enter paced sample 10,orbit-submenu,submenu,sub-right-enter,sub-right,paced,10,ArrowRight Enter,Action=codex | none | @button:Session actions,0,0,ArrowRight>menuitem:Provider[menu×1|f=menuitem:Provider|h=Provider]@30.7 ; Enter>menuitem:Codex[menu×2|f=menuitem:Codex|h=Codex]@383.7
chromium-dark-desktop › orbit-submenu sub-right-enter paced sample 11,orbit-submenu,submenu,sub-right-enter,sub-right,paced,11,ArrowRight Enter,Action=codex | none | @button:Session actions,0,0,ArrowRight>menuitem:Provider[menu×1|f=menuitem:Provider|h=Provider]@40.2 ; Enter>menuitem:Codex[menu×2|f=menuitem:Codex|h=Codex]@384.8
chromium-dark-desktop › orbit-submenu sub-right-enter paced sample 12,orbit-submenu,submenu,sub-right-enter,sub-right,paced,12,ArrowRight Enter,Action=codex | none | @button:Session actions,0,0,ArrowRight>menuitem:Provider[menu×1|f=menuitem:Provider|h=Provider]@26.5 ; Enter>menuitem:Codex[menu×2|f=menuitem:Codex|h=Codex]@369.9
chromium-dark-desktop › orbit-submenu sub-right-enter paced sample 13,orbit-submenu,submenu,sub-right-enter,sub-right,paced,13,ArrowRight Enter,Action=codex | none | @button:Session actions,0,0,ArrowRight>menuitem:Provider[menu×1|f=menuitem:Provider|h=Provider]@14.1 ; Enter>menuitem:Codex[menu×2|f=menuitem:Codex|h=Codex]@340.1
chromium-dark-desktop › orbit-submenu sub-right-enter paced sample 14,orbit-submenu,submenu,sub-right-enter,sub-right,paced,14,ArrowRight Enter,Action=codex | none | @button:Session actions,0,0,ArrowRight>menuitem:Provider[menu×1|f=menuitem:Provider|h=Provider]@25.3 ; Enter>menuitem:Codex[menu×2|f=menuitem:Codex|h=Codex]@373.6
chromium-dark-desktop › orbit-submenu sub-right-enter paced sample 15,orbit-submenu,submenu,sub-right-enter,sub-right,paced,15,ArrowRight Enter,Action=codex | none | @button:Session actions,0,0,ArrowRight>menuitem:Provider[menu×1|f=menuitem:Provider|h=Provider]@10.6 ; Enter>menuitem:Codex[menu×2|f=menuitem:Codex|h=Codex]@347.9
chromium-dark-desktop › orbit-submenu sub-right-enter paced sample 16,orbit-submenu,submenu,sub-right-enter,sub-right,paced,16,ArrowRight Enter,Action=codex | none | @button:Session actions,0,0,ArrowRight>menuitem:Provider[menu×1|f=menuitem:Provider|h=Provider]@46.3 ; Enter>menuitem:Codex[menu×2|f=menuitem:Codex|h=Codex]@418.9
chromium-dark-desktop › orbit-submenu sub-right-enter paced sample 17,orbit-submenu,submenu,sub-right-enter,sub-right,paced,17,ArrowRight Enter,Action=codex | none | @button:Session actions,0,0,ArrowRight>menuitem:Provider[menu×1|f=menuitem:Provider|h=Provider]@17.3 ; Enter>menuitem:Codex[menu×2|f=menuitem:Codex|h=Codex]@349.2
chromium-dark-desktop › orbit-submenu sub-right-enter paced sample 18,orbit-submenu,submenu,sub-right-enter,sub-right,paced,18,ArrowRight Enter,Action=codex | none | @button:Session actions,0,0,ArrowRight>menuitem:Provider[menu×1|f=menuitem:Provider|h=Provider]@17.2 ; Enter>menuitem:Codex[menu×2|f=menuitem:Codex|h=Codex]@350.6
chromium-dark-desktop › orbit-submenu sub-right-enter paced sample 19,orbit-submenu,submenu,sub-right-enter,sub-right,paced,19,ArrowRight Enter,Action=codex | none | @button:Session actions,0,0,ArrowRight>menuitem:Provider[menu×1|f=menuitem:Provider|h=Provider]@29.1 ; Enter>menuitem:Codex[menu×2|f=menuitem:Codex|h=Codex]@383.3
chromium-dark-desktop › orbit-submenu-sample sub-right-enter burst sample 0,orbit-submenu-sample,submenu,sub-right-enter,sub-right,burst,0,ArrowRight Enter,ran Codex | none | @button:Add attachment,1,1,ArrowRight>menuitem:Provider[menu×1|f=menuitem:Provider|h=Provider]@10 ; Enter>menuitem:Provider[menu×2|f=menuitem:Provider|h=Codex]@27.8 ; Enter*>menuitem:Codex[menu×2|f=menuitem:Provider|h=Codex]@27.9
chromium-dark-desktop › orbit-submenu-sample sub-right-enter burst sample 1,orbit-submenu-sample,submenu,sub-right-enter,sub-right,burst,1,ArrowRight Enter,ran Codex | none | @button:Add attachment,1,1,ArrowRight>menuitem:Provider[menu×1|f=menuitem:Provider|h=Provider]@11.4 ; Enter>menuitem:Provider[menu×2|f=menuitem:Provider|h=Codex]@30.6 ; Enter*>menuitem:Codex[menu×2|f=menuitem:Provider|h=Codex]@30.8
chromium-dark-desktop › orbit-submenu-sample sub-right-enter burst sample 2,orbit-submenu-sample,submenu,sub-right-enter,sub-right,burst,2,ArrowRight Enter,ran Codex | none | @button:Add attachment,1,1,ArrowRight>menuitem:Provider[menu×1|f=menuitem:Provider|h=Provider]@10.5 ; Enter>menuitem:Provider[menu×2|f=menuitem:Provider|h=Codex]@24.3 ; Enter*>menuitem:Codex[menu×2|f=menuitem:Provider|h=Codex]@24.4
chromium-dark-desktop › orbit-submenu-sample sub-right-enter burst sample 3,orbit-submenu-sample,submenu,sub-right-enter,sub-right,burst,3,ArrowRight Enter,ran Codex | none | @button:Add attachment,1,1,ArrowRight>menuitem:Provider[menu×1|f=menuitem:Provider|h=Provider]@17.4 ; Enter>menuitem:Provider[menu×2|f=menuitem:Provider|h=Codex]@54.5 ; Enter*>menuitem:Codex[menu×2|f=menuitem:Provider|h=Codex]@54.8
chromium-dark-desktop › orbit-submenu-sample sub-right-enter burst sample 4,orbit-submenu-sample,submenu,sub-right-enter,sub-right,burst,4,ArrowRight Enter,ran Codex | none | @button:Add attachment,1,1,ArrowRight>menuitem:Provider[menu×1|f=menuitem:Provider|h=Provider]@16.4 ; Enter>menuitem:Provider[menu×2|f=menuitem:Provider|h=Codex]@39 ; Enter*>menuitem:Codex[menu×2|f=menuitem:Provider|h=Codex]@39.3
chromium-dark-desktop › orbit-submenu-sample sub-right-enter burst sample 5,orbit-submenu-sample,submenu,sub-right-enter,sub-right,burst,5,ArrowRight Enter,ran Codex | none | @button:Add attachment,1,1,ArrowRight>menuitem:Provider[menu×1|f=menuitem:Provider|h=Provider]@7.4 ; Enter>menuitem:Provider[menu×2|f=menuitem:Provider|h=Codex]@26.5 ; Enter*>menuitem:Codex[menu×2|f=menuitem:Provider|h=Codex]@27.7
chromium-dark-desktop › orbit-submenu-sample sub-right-enter burst sample 6,orbit-submenu-sample,submenu,sub-right-enter,sub-right,burst,6,ArrowRight Enter,ran Codex | none | @button:Add attachment,1,1,ArrowRight>menuitem:Provider[menu×1|f=menuitem:Provider|h=Provider]@13.5 ; Enter>menuitem:Provider[menu×2|f=menuitem:Provider|h=Codex]@28.7 ; Enter*>menuitem:Codex[menu×2|f=menuitem:Provider|h=Codex]@28.8
chromium-dark-desktop › orbit-submenu-sample sub-right-enter burst sample 7,orbit-submenu-sample,submenu,sub-right-enter,sub-right,burst,7,ArrowRight Enter,ran Codex | none | @button:Add attachment,1,1,ArrowRight>menuitem:Provider[menu×1|f=menuitem:Provider|h=Provider]@23.1 ; Enter>menuitem:Provider[menu×2|f=menuitem:Provider|h=Codex]@44.8 ; Enter*>menuitem:Codex[menu×2|f=menuitem:Provider|h=Codex]@45
chromium-dark-desktop › orbit-submenu-sample sub-right-enter burst sample 8,orbit-submenu-sample,submenu,sub-right-enter,sub-right,burst,8,ArrowRight Enter,ran Codex | none | @button:Add attachment,1,1,ArrowRight>menuitem:Provider[menu×1|f=menuitem:Provider|h=Provider]@16.5 ; Enter>menuitem:Provider[menu×2|f=menuitem:Provider|h=Codex]@32.1 ; Enter*>menuitem:Codex[menu×2|f=menuitem:Provider|h=Codex]@32.3
chromium-dark-desktop › orbit-submenu-sample sub-right-enter burst sample 9,orbit-submenu-sample,submenu,sub-right-enter,sub-right,burst,9,ArrowRight Enter,ran Codex | none | @button:Add attachment,1,1,ArrowRight>menuitem:Provider[menu×1|f=menuitem:Provider|h=Provider]@24 ; Enter>menuitem:Provider[menu×2|f=menuitem:Provider|h=Codex]@49.8 ; Enter*>menuitem:Codex[menu×2|f=menuitem:Provider|h=Codex]@50
chromium-dark-desktop › orbit-submenu-sample sub-right-enter burst sample 10,orbit-submenu-sample,submenu,sub-right-enter,sub-right,burst,10,ArrowRight Enter,ran Codex | none | @button:Add attachment,1,1,ArrowRight>menuitem:Provider[menu×1|f=menuitem:Provider|h=Provider]@8.3 ; Enter>menuitem:Provider[menu×2|f=menuitem:Provider|h=Codex]@28.6 ; Enter*>menuitem:Codex[menu×2|f=menuitem:Provider|h=Codex]@28.8
chromium-dark-desktop › orbit-submenu-sample sub-right-enter burst sample 11,orbit-submenu-sample,submenu,sub-right-enter,sub-right,burst,11,ArrowRight Enter,ran Codex | none | @button:Add attachment,1,1,ArrowRight>menuitem:Provider[menu×1|f=menuitem:Provider|h=Provider]@20.1 ; Enter>menuitem:Provider[menu×2|f=menuitem:Provider|h=Codex]@35.4 ; Enter*>menuitem:Codex[menu×2|f=menuitem:Provider|h=Codex]@35.5
chromium-dark-desktop › orbit-submenu-sample sub-right-enter burst sample 12,orbit-submenu-sample,submenu,sub-right-enter,sub-right,burst,12,ArrowRight Enter,ran Codex | none | @button:Add attachment,1,1,ArrowRight>menuitem:Provider[menu×1|f=menuitem:Provider|h=Provider]@19.1 ; Enter>menuitem:Provider[menu×2|f=menuitem:Provider|h=Codex]@57.4 ; Enter*>menuitem:Codex[menu×2|f=menuitem:Provider|h=Codex]@57.6
chromium-dark-desktop › orbit-submenu-sample sub-right-enter burst sample 13,orbit-submenu-sample,submenu,sub-right-enter,sub-right,burst,13,ArrowRight Enter,ran Codex | none | @button:Add attachment,1,1,ArrowRight>menuitem:Provider[menu×1|f=menuitem:Provider|h=Provider]@43.2 ; Enter>menuitem:Provider[menu×2|f=menuitem:Provider|h=Codex]@62.1 ; Enter*>menuitem:Codex[menu×2|f=menuitem:Provider|h=Codex]@62.3
chromium-dark-desktop › orbit-submenu-sample sub-right-enter burst sample 14,orbit-submenu-sample,submenu,sub-right-enter,sub-right,burst,14,ArrowRight Enter,ran Codex | none | @button:Add attachment,1,1,ArrowRight>menuitem:Provider[menu×1|f=menuitem:Provider|h=Provider]@30 ; Enter>menuitem:Provider[menu×2|f=menuitem:Provider|h=Codex]@48 ; Enter*>menuitem:Codex[menu×2|f=menuitem:Provider|h=Codex]@48.1
chromium-dark-desktop › orbit-submenu-sample sub-right-enter burst sample 15,orbit-submenu-sample,submenu,sub-right-enter,sub-right,burst,15,ArrowRight Enter,ran Codex | none | @button:Add attachment,1,1,ArrowRight>menuitem:Provider[menu×1|f=menuitem:Provider|h=Provider]@30.1 ; Enter>menuitem:Provider[menu×2|f=menuitem:Provider|h=Codex]@53.9 ; Enter*>menuitem:Codex[menu×2|f=menuitem:Provider|h=Codex]@54.1
chromium-dark-desktop › orbit-submenu-sample sub-right-enter burst sample 16,orbit-submenu-sample,submenu,sub-right-enter,sub-right,burst,16,ArrowRight Enter,ran Codex | none | @button:Add attachment,1,1,ArrowRight>menuitem:Provider[menu×1|f=menuitem:Provider|h=Provider]@4.9 ; Enter>menuitem:Provider[menu×2|f=menuitem:Provider|h=Codex]@156 ; Enter*>menuitem:Codex[menu×2|f=menuitem:Provider|h=Codex]@156.2
chromium-dark-desktop › orbit-submenu-sample sub-right-enter burst sample 17,orbit-submenu-sample,submenu,sub-right-enter,sub-right,burst,17,ArrowRight Enter,ran Codex | none | @button:Add attachment,1,1,ArrowRight>menuitem:Provider[menu×1|f=menuitem:Provider|h=Provider]@47 ; Enter>menuitem:Provider[menu×2|f=menuitem:Provider|h=Codex]@262.1 ; Enter*>menuitem:Codex[menu×2|f=menuitem:Provider|h=Codex]@262.2
chromium-dark-desktop › orbit-submenu-sample sub-right-enter burst sample 18,orbit-submenu-sample,submenu,sub-right-enter,sub-right,burst,18,ArrowRight Enter,ran Codex | none | @button:Add attachment,1,1,ArrowRight>menuitem:Provider[menu×1|f=menuitem:Provider|h=Provider]@244.6 ; Enter>menuitem:Provider[menu×2|f=menuitem:Provider|h=Codex]@256.9 ; Enter*>menuitem:Codex[menu×2|f=menuitem:Provider|h=Codex]@257
chromium-dark-desktop › orbit-submenu-sample sub-right-enter burst sample 19,orbit-submenu-sample,submenu,sub-right-enter,sub-right,burst,19,ArrowRight Enter,ran Codex | none | @button:Add attachment,1,1,ArrowRight>menuitem:Provider[menu×1|f=menuitem:Provider|h=Provider]@6.8 ; Enter>menuitem:Provider[menu×2|f=menuitem:Provider|h=Codex]@26.4 ; Enter*>menuitem:Codex[menu×2|f=menuitem:Provider|h=Codex]@26.5
chromium-dark-desktop › orbit-submenu-sample sub-right-enter paced sample 0,orbit-submenu-sample,submenu,sub-right-enter,sub-right,paced,0,ArrowRight Enter,ran Codex | none | @button:Add attachment,0,0,ArrowRight>menuitem:Provider[menu×1|f=menuitem:Provider|h=Provider]@11.3 ; Enter>menuitem:Codex[menu×2|f=menuitem:Codex|h=Codex]@345.8
chromium-dark-desktop › orbit-submenu-sample sub-right-enter paced sample 1,orbit-submenu-sample,submenu,sub-right-enter,sub-right,paced,1,ArrowRight Enter,ran Codex | none | @button:Add attachment,0,0,ArrowRight>menuitem:Provider[menu×1|f=menuitem:Provider|h=Provider]@8.1 ; Enter>menuitem:Codex[menu×2|f=menuitem:Codex|h=Codex]@461.8
chromium-dark-desktop › orbit-submenu-sample sub-right-enter paced sample 2,orbit-submenu-sample,submenu,sub-right-enter,sub-right,paced,2,ArrowRight Enter,ran Codex | none | @button:Add attachment,0,0,ArrowRight>menuitem:Provider[menu×1|f=menuitem:Provider|h=Provider]@19.6 ; Enter>menuitem:Codex[menu×2|f=menuitem:Codex|h=Codex]@359.5
chromium-dark-desktop › orbit-submenu-sample sub-right-enter paced sample 3,orbit-submenu-sample,submenu,sub-right-enter,sub-right,paced,3,ArrowRight Enter,ran Codex | none | @button:Add attachment,0,0,ArrowRight>menuitem:Provider[menu×1|f=menuitem:Provider|h=Provider]@628.7 ; Enter>menuitem:Codex[menu×2|f=menuitem:Codex|h=Codex]@1157.8
chromium-dark-desktop › orbit-submenu-sample sub-right-enter paced sample 4,orbit-submenu-sample,submenu,sub-right-enter,sub-right,paced,4,ArrowRight Enter,ran Codex | none | @button:Add attachment,0,0,ArrowRight>menuitem:Provider[menu×1|f=menuitem:Provider|h=Provider]@16.8 ; Enter>menuitem:Codex[menu×2|f=menuitem:Codex|h=Codex]@342.9
chromium-dark-desktop › orbit-submenu-sample sub-right-enter paced sample 5,orbit-submenu-sample,submenu,sub-right-enter,sub-right,paced,5,ArrowRight Enter,ran Codex | none | @button:Add attachment,0,0,ArrowRight>menuitem:Provider[menu×1|f=menuitem:Provider|h=Provider]@22 ; Enter>menuitem:Codex[menu×2|f=menuitem:Codex|h=Codex]@356.8
chromium-dark-desktop › orbit-submenu-sample sub-right-enter paced sample 6,orbit-submenu-sample,submenu,sub-right-enter,sub-right,paced,6,ArrowRight Enter,ran Codex | none | @button:Add attachment,0,0,ArrowRight>menuitem:Provider[menu×1|f=menuitem:Provider|h=Provider]@14.4 ; Enter>menuitem:Codex[menu×2|f=menuitem:Codex|h=Codex]@350.5
chromium-dark-desktop › orbit-submenu-sample sub-right-enter paced sample 7,orbit-submenu-sample,submenu,sub-right-enter,sub-right,paced,7,ArrowRight Enter,ran Codex | none | @button:Add attachment,0,0,ArrowRight>menuitem:Provider[menu×1|f=menuitem:Provider|h=Provider]@32.5 ; Enter>menuitem:Codex[menu×2|f=menuitem:Codex|h=Codex]@397.5
chromium-dark-desktop › orbit-submenu-sample sub-right-enter paced sample 8,orbit-submenu-sample,submenu,sub-right-enter,sub-right,paced,8,ArrowRight Enter,ran Codex | none | @button:Add attachment,0,0,ArrowRight>menuitem:Provider[menu×1|f=menuitem:Provider|h=Provider]@17 ; Enter>menuitem:Codex[menu×2|f=menuitem:Codex|h=Codex]@349.8
chromium-dark-desktop › orbit-submenu-sample sub-right-enter paced sample 9,orbit-submenu-sample,submenu,sub-right-enter,sub-right,paced,9,ArrowRight Enter,ran Codex | none | @button:Add attachment,0,0,ArrowRight>menuitem:Provider[menu×1|f=menuitem:Provider|h=Provider]@19.9 ; Enter>menuitem:Codex[menu×2|f=menuitem:Codex|h=Codex]@364.8
chromium-dark-desktop › orbit-submenu-sample sub-right-enter paced sample 10,orbit-submenu-sample,submenu,sub-right-enter,sub-right,paced,10,ArrowRight Enter,ran Codex | none | @button:Add attachment,0,0,ArrowRight>menuitem:Provider[menu×1|f=menuitem:Provider|h=Provider]@9.6 ; Enter>menuitem:Codex[menu×2|f=menuitem:Codex|h=Codex]@342.9
chromium-dark-desktop › orbit-submenu-sample sub-right-enter paced sample 11,orbit-submenu-sample,submenu,sub-right-enter,sub-right,paced,11,ArrowRight Enter,ran Codex | none | @button:Add attachment,0,0,ArrowRight>menuitem:Provider[menu×1|f=menuitem:Provider|h=Provider]@15 ; Enter>menuitem:Codex[menu×2|f=menuitem:Codex|h=Codex]@345.3
chromium-dark-desktop › orbit-submenu-sample sub-right-enter paced sample 12,orbit-submenu-sample,submenu,sub-right-enter,sub-right,paced,12,ArrowRight Enter,ran Codex | none | @button:Add attachment,0,0,ArrowRight>menuitem:Provider[menu×1|f=menuitem:Provider|h=Provider]@20.5 ; Enter>menuitem:Codex[menu×2|f=menuitem:Codex|h=Codex]@345.7
chromium-dark-desktop › orbit-submenu-sample sub-right-enter paced sample 13,orbit-submenu-sample,submenu,sub-right-enter,sub-right,paced,13,ArrowRight Enter,ran Codex | none | @button:Add attachment,0,0,ArrowRight>menuitem:Provider[menu×1|f=menuitem:Provider|h=Provider]@28 ; Enter>menuitem:Codex[menu×2|f=menuitem:Codex|h=Codex]@377.5
chromium-dark-desktop › orbit-submenu-sample sub-right-enter paced sample 14,orbit-submenu-sample,submenu,sub-right-enter,sub-right,paced,14,ArrowRight Enter,ran Codex | none | @button:Add attachment,0,0,ArrowRight>menuitem:Provider[menu×1|f=menuitem:Provider|h=Provider]@9.6 ; Enter>menuitem:Codex[menu×2|f=menuitem:Codex|h=Codex]@339.3
chromium-dark-desktop › orbit-submenu-sample sub-right-enter paced sample 15,orbit-submenu-sample,submenu,sub-right-enter,sub-right,paced,15,ArrowRight Enter,ran Codex | none | @button:Add attachment,0,0,ArrowRight>menuitem:Provider[menu×1|f=menuitem:Provider|h=Provider]@7.5 ; Enter>menuitem:Codex[menu×2|f=menuitem:Codex|h=Codex]@331.9
chromium-dark-desktop › orbit-submenu-sample sub-right-enter paced sample 16,orbit-submenu-sample,submenu,sub-right-enter,sub-right,paced,16,ArrowRight Enter,ran Codex | none | @button:Add attachment,0,0,ArrowRight>menuitem:Provider[menu×1|f=menuitem:Provider|h=Provider]@10.9 ; Enter>menuitem:Codex[menu×2|f=menuitem:Codex|h=Codex]@337
chromium-dark-desktop › orbit-submenu-sample sub-right-enter paced sample 17,orbit-submenu-sample,submenu,sub-right-enter,sub-right,paced,17,ArrowRight Enter,ran Codex | none | @button:Add attachment,0,0,ArrowRight>menuitem:Provider[menu×1|f=menuitem:Provider|h=Provider]@61 ; Enter>menuitem:Codex[menu×2|f=menuitem:Codex|h=Codex]@447.5
chromium-dark-desktop › orbit-submenu-sample sub-right-enter paced sample 18,orbit-submenu-sample,submenu,sub-right-enter,sub-right,paced,18,ArrowRight Enter,ran Codex | none | @button:Add attachment,0,0,ArrowRight>menuitem:Provider[menu×1|f=menuitem:Provider|h=Provider]@19.1 ; Enter>menuitem:Codex[menu×2|f=menuitem:Codex|h=Codex]@351.2
chromium-dark-desktop › orbit-submenu-sample sub-right-enter paced sample 19,orbit-submenu-sample,submenu,sub-right-enter,sub-right,paced,19,ArrowRight Enter,ran Codex | none | @button:Add attachment,0,0,ArrowRight>menuitem:Provider[menu×1|f=menuitem:Provider|h=Provider]@4.9 ; Enter>menuitem:Codex[menu×2|f=menuitem:Codex|h=Codex]@335.5
chromium-dark-desktop › orbit-session sub-right-enter burst sample 0,orbit-session,submenu,sub-right-enter,sub-right,burst,0,ArrowRight Enter,Picked=codex | none | @body:darkSwitch themeSession ,1,1,ArrowRight>menuitem:Provider[menu×1|f=menuitem:Provider|h=Provider]@12.7 ; Enter>menuitem:Provider[menu×2|f=menuitem:Provider|h=Codex]@33.8 ; Enter*>menuitem:Codex[menu×2|f=menuitem:Provider|h=Codex]@33.9
chromium-dark-desktop › orbit-session sub-right-enter burst sample 1,orbit-session,submenu,sub-right-enter,sub-right,burst,1,ArrowRight Enter,Picked=codex | none | @body:darkSwitch themeSession ,1,1,ArrowRight>menuitem:Provider[menu×1|f=menuitem:Provider|h=Provider]@17.4 ; Enter>menuitem:Provider[menu×2|f=menuitem:Provider|h=Codex]@33.5 ; Enter*>menuitem:Codex[menu×2|f=menuitem:Provider|h=Codex]@33.7
chromium-dark-desktop › orbit-session sub-right-enter burst sample 2,orbit-session,submenu,sub-right-enter,sub-right,burst,2,ArrowRight Enter,Picked=codex | none | @body:darkSwitch themeSession ,1,1,ArrowRight>menuitem:Provider[menu×1|f=menuitem:Provider|h=Provider]@5.4 ; Enter>menuitem:Provider[menu×2|f=menuitem:Provider|h=Codex]@22.6 ; Enter*>menuitem:Codex[menu×2|f=menuitem:Provider|h=Codex]@22.8
chromium-dark-desktop › orbit-session sub-right-enter burst sample 3,orbit-session,submenu,sub-right-enter,sub-right,burst,3,ArrowRight Enter,Picked=codex | none | @body:darkSwitch themeSession ,1,1,ArrowRight>menuitem:Provider[menu×1|f=menuitem:Provider|h=Provider]@13.6 ; Enter>menuitem:Provider[menu×2|f=menuitem:Provider|h=Codex]@34.7 ; Enter*>menuitem:Codex[menu×2|f=menuitem:Provider|h=Codex]@34.8
chromium-dark-desktop › orbit-session sub-right-enter burst sample 4,orbit-session,submenu,sub-right-enter,sub-right,burst,4,ArrowRight Enter,Picked=codex | none | @body:darkSwitch themeSession ,1,1,ArrowRight>menuitem:Provider[menu×1|f=menuitem:Provider|h=Provider]@9.3 ; Enter>menuitem:Provider[menu×2|f=menuitem:Provider|h=Codex]@31.9 ; Enter*>menuitem:Codex[menu×2|f=menuitem:Provider|h=Codex]@32.1
chromium-dark-desktop › orbit-session sub-right-enter burst sample 5,orbit-session,submenu,sub-right-enter,sub-right,burst,5,ArrowRight Enter,Picked=codex | none | @body:darkSwitch themeSession ,1,1,ArrowRight>menuitem:Provider[menu×1|f=menuitem:Provider|h=Provider]@15.9 ; Enter>menuitem:Provider[menu×2|f=menuitem:Provider|h=Codex]@39.5 ; Enter*>menuitem:Codex[menu×2|f=menuitem:Provider|h=Codex]@39.7
chromium-dark-desktop › orbit-session sub-right-enter burst sample 6,orbit-session,submenu,sub-right-enter,sub-right,burst,6,ArrowRight Enter,Picked=codex | none | @body:darkSwitch themeSession ,1,1,ArrowRight>menuitem:Provider[menu×1|f=menuitem:Provider|h=Provider]@19.8 ; Enter>menuitem:Provider[menu×2|f=menuitem:Provider|h=Codex]@30.9 ; Enter*>menuitem:Codex[menu×2|f=menuitem:Provider|h=Codex]@30.9
chromium-dark-desktop › orbit-session sub-right-enter burst sample 7,orbit-session,submenu,sub-right-enter,sub-right,burst,7,ArrowRight Enter,Picked=codex | none | @body:darkSwitch themeSession ,1,1,ArrowRight>menuitem:Provider[menu×1|f=menuitem:Provider|h=Provider]@19.8 ; Enter>menuitem:Provider[menu×2|f=menuitem:Provider|h=Codex]@37 ; Enter*>menuitem:Codex[menu×2|f=menuitem:Provider|h=Codex]@37.2
chromium-dark-desktop › orbit-session sub-right-enter burst sample 8,orbit-session,submenu,sub-right-enter,sub-right,burst,8,ArrowRight Enter,Picked=codex | none | @body:darkSwitch themeSession ,1,1,ArrowRight>menuitem:Provider[menu×1|f=menuitem:Provider|h=Provider]@24.7 ; Enter>menuitem:Provider[menu×2|f=menuitem:Provider|h=Codex]@46.1 ; Enter*>menuitem:Codex[menu×2|f=menuitem:Provider|h=Codex]@46.3
chromium-dark-desktop › orbit-session sub-right-enter burst sample 9,orbit-session,submenu,sub-right-enter,sub-right,burst,9,ArrowRight Enter,Picked=codex | none | @body:darkSwitch themeSession ,1,1,ArrowRight>menuitem:Provider[menu×1|f=menuitem:Provider|h=Provider]@17.2 ; Enter>menuitem:Provider[menu×2|f=menuitem:Provider|h=Codex]@31.8 ; Enter*>menuitem:Codex[menu×2|f=menuitem:Provider|h=Codex]@31.9
chromium-dark-desktop › orbit-session sub-right-enter burst sample 10,orbit-session,submenu,sub-right-enter,sub-right,burst,10,ArrowRight Enter,Picked=codex | none | @body:darkSwitch themeSession ,1,1,ArrowRight>menuitem:Provider[menu×1|f=menuitem:Provider|h=Provider]@9.8 ; Enter>menuitem:Provider[menu×2|f=menuitem:Provider|h=Codex]@20.1 ; Enter*>menuitem:Codex[menu×2|f=menuitem:Provider|h=Codex]@20.2
chromium-dark-desktop › orbit-session sub-right-enter burst sample 11,orbit-session,submenu,sub-right-enter,sub-right,burst,11,ArrowRight Enter,Picked=codex | none | @body:darkSwitch themeSession ,1,1,ArrowRight>menuitem:Provider[menu×1|f=menuitem:Provider|h=Provider]@19.6 ; Enter>menuitem:Provider[menu×2|f=menuitem:Provider|h=Codex]@38.9 ; Enter*>menuitem:Codex[menu×2|f=menuitem:Provider|h=Codex]@39
chromium-dark-desktop › orbit-session sub-right-enter burst sample 12,orbit-session,submenu,sub-right-enter,sub-right,burst,12,ArrowRight Enter,Picked=codex | none | @body:darkSwitch themeSession ,1,1,ArrowRight>menuitem:Provider[menu×1|f=menuitem:Provider|h=Provider]@17.7 ; Enter>menuitem:Provider[menu×2|f=menuitem:Provider|h=Codex]@28.5 ; Enter*>menuitem:Codex[menu×2|f=menuitem:Provider|h=Codex]@28.6
chromium-dark-desktop › orbit-session sub-right-enter burst sample 13,orbit-session,submenu,sub-right-enter,sub-right,burst,13,ArrowRight Enter,Picked=codex | none | @body:darkSwitch themeSession ,1,1,ArrowRight>menuitem:Provider[menu×1|f=menuitem:Provider|h=Provider]@14.1 ; Enter>menuitem:Provider[menu×2|f=menuitem:Provider|h=Codex]@33.9 ; Enter*>menuitem:Codex[menu×2|f=menuitem:Provider|h=Codex]@34.1
chromium-dark-desktop › orbit-session sub-right-enter burst sample 14,orbit-session,submenu,sub-right-enter,sub-right,burst,14,ArrowRight Enter,Picked=codex | none | @body:darkSwitch themeSession ,1,1,ArrowRight>menuitem:Provider[menu×1|f=menuitem:Provider|h=Provider]@8.8 ; Enter>menuitem:Provider[menu×2|f=menuitem:Provider|h=Codex]@27.2 ; Enter*>menuitem:Codex[menu×2|f=menuitem:Provider|h=Codex]@27.4
chromium-dark-desktop › orbit-session sub-right-enter burst sample 15,orbit-session,submenu,sub-right-enter,sub-right,burst,15,ArrowRight Enter,Picked=codex | none | @body:darkSwitch themeSession ,1,1,ArrowRight>menuitem:Provider[menu×1|f=menuitem:Provider|h=Provider]@9.9 ; Enter>menuitem:Provider[menu×2|f=menuitem:Provider|h=Codex]@20.5 ; Enter*>menuitem:Codex[menu×2|f=menuitem:Provider|h=Codex]@20.6
chromium-dark-desktop › orbit-session sub-right-enter burst sample 16,orbit-session,submenu,sub-right-enter,sub-right,burst,16,ArrowRight Enter,Picked=codex | none | @body:darkSwitch themeSession ,1,1,ArrowRight>menuitem:Provider[menu×1|f=menuitem:Provider|h=Provider]@19.8 ; Enter>menuitem:Provider[menu×2|f=menuitem:Provider|h=Codex]@35.2 ; Enter*>menuitem:Codex[menu×2|f=menuitem:Provider|h=Codex]@35.3
chromium-dark-desktop › orbit-session sub-right-enter burst sample 17,orbit-session,submenu,sub-right-enter,sub-right,burst,17,ArrowRight Enter,Picked=codex | none | @body:darkSwitch themeSession ,1,1,ArrowRight>menuitem:Provider[menu×1|f=menuitem:Provider|h=Provider]@12.9 ; Enter>menuitem:Provider[menu×2|f=menuitem:Provider|h=Codex]@25 ; Enter*>menuitem:Codex[menu×2|f=menuitem:Provider|h=Codex]@25.1
chromium-dark-desktop › orbit-session sub-right-enter burst sample 18,orbit-session,submenu,sub-right-enter,sub-right,burst,18,ArrowRight Enter,Picked=codex | none | @body:darkSwitch themeSession ,1,1,ArrowRight>menuitem:Provider[menu×1|f=menuitem:Provider|h=Provider]@2.9 ; Enter>menuitem:Provider[menu×2|f=menuitem:Provider|h=Codex]@13.5 ; Enter*>menuitem:Codex[menu×2|f=menuitem:Provider|h=Codex]@13.6
chromium-dark-desktop › orbit-session sub-right-enter burst sample 19,orbit-session,submenu,sub-right-enter,sub-right,burst,19,ArrowRight Enter,Picked=codex | none | @body:darkSwitch themeSession ,1,1,ArrowRight>menuitem:Provider[menu×1|f=menuitem:Provider|h=Provider]@20.3 ; Enter>menuitem:Provider[menu×2|f=menuitem:Provider|h=Codex]@30.6 ; Enter*>menuitem:Codex[menu×2|f=menuitem:Provider|h=Codex]@30.8
chromium-dark-desktop › orbit-session sub-right-enter paced sample 0,orbit-session,submenu,sub-right-enter,sub-right,paced,0,ArrowRight Enter,Picked=codex | none | @button:Session actions,0,0,ArrowRight>menuitem:Provider[menu×1|f=menuitem:Provider|h=Provider]@17.4 ; Enter>menuitem:Codex[menu×2|f=menuitem:Codex|h=Codex]@341.2
chromium-dark-desktop › orbit-session sub-right-enter paced sample 1,orbit-session,submenu,sub-right-enter,sub-right,paced,1,ArrowRight Enter,Picked=codex | none | @button:Session actions,0,0,ArrowRight>menuitem:Provider[menu×1|f=menuitem:Provider|h=Provider]@15.6 ; Enter>menuitem:Codex[menu×2|f=menuitem:Codex|h=Codex]@343.1
chromium-dark-desktop › orbit-session sub-right-enter paced sample 2,orbit-session,submenu,sub-right-enter,sub-right,paced,2,ArrowRight Enter,Picked=codex | none | @button:Session actions,0,0,ArrowRight>menuitem:Provider[menu×1|f=menuitem:Provider|h=Provider]@8.5 ; Enter>menuitem:Codex[menu×2|f=menuitem:Codex|h=Codex]@334.6
chromium-dark-desktop › orbit-session sub-right-enter paced sample 3,orbit-session,submenu,sub-right-enter,sub-right,paced,3,ArrowRight Enter,Picked=codex | none | @button:Session actions,0,0,ArrowRight>menuitem:Provider[menu×1|f=menuitem:Provider|h=Provider]@19.7 ; Enter>menuitem:Codex[menu×2|f=menuitem:Codex|h=Codex]@353.3
chromium-dark-desktop › orbit-session sub-right-enter paced sample 4,orbit-session,submenu,sub-right-enter,sub-right,paced,4,ArrowRight Enter,Picked=codex | none | @button:Session actions,0,0,ArrowRight>menuitem:Provider[menu×1|f=menuitem:Provider|h=Provider]@6.6 ; Enter>menuitem:Codex[menu×2|f=menuitem:Codex|h=Codex]@400.1
chromium-dark-desktop › orbit-session sub-right-enter paced sample 5,orbit-session,submenu,sub-right-enter,sub-right,paced,5,ArrowRight Enter,Picked=codex | none | @button:Session actions,0,0,ArrowRight>menuitem:Provider[menu×1|f=menuitem:Provider|h=Provider]@7.2 ; Enter>menuitem:Codex[menu×2|f=menuitem:Codex|h=Codex]@337.9
chromium-dark-desktop › orbit-session sub-right-enter paced sample 6,orbit-session,submenu,sub-right-enter,sub-right,paced,6,ArrowRight Enter,Picked=codex | none | @button:Session actions,0,0,ArrowRight>menuitem:Provider[menu×1|f=menuitem:Provider|h=Provider]@6.7 ; Enter>menuitem:Codex[menu×2|f=menuitem:Codex|h=Codex]@321.9
chromium-dark-desktop › orbit-session sub-right-enter paced sample 7,orbit-session,submenu,sub-right-enter,sub-right,paced,7,ArrowRight Enter,Picked=codex | none | @button:Session actions,0,0,ArrowRight>menuitem:Provider[menu×1|f=menuitem:Provider|h=Provider]@8.4 ; Enter>menuitem:Codex[menu×2|f=menuitem:Codex|h=Codex]@336.8
chromium-dark-desktop › orbit-session sub-right-enter paced sample 8,orbit-session,submenu,sub-right-enter,sub-right,paced,8,ArrowRight Enter,Picked=codex | none | @button:Session actions,0,0,ArrowRight>menuitem:Provider[menu×1|f=menuitem:Provider|h=Provider]@7.4 ; Enter>menuitem:Codex[menu×2|f=menuitem:Codex|h=Codex]@340.7
chromium-dark-desktop › orbit-session sub-right-enter paced sample 9,orbit-session,submenu,sub-right-enter,sub-right,paced,9,ArrowRight Enter,Picked=codex | none | @button:Session actions,0,0,ArrowRight>menuitem:Provider[menu×1|f=menuitem:Provider|h=Provider]@225.1 ; Enter>menuitem:Codex[menu×2|f=menuitem:Codex|h=Codex]@568.5
chromium-dark-desktop › orbit-session sub-right-enter paced sample 10,orbit-session,submenu,sub-right-enter,sub-right,paced,10,ArrowRight Enter,Picked=codex | none | @button:Session actions,0,0,ArrowRight>menuitem:Provider[menu×1|f=menuitem:Provider|h=Provider]@6.9 ; Enter>menuitem:Codex[menu×2|f=menuitem:Codex|h=Codex]@342.1
chromium-dark-desktop › orbit-session sub-right-enter paced sample 11,orbit-session,submenu,sub-right-enter,sub-right,paced,11,ArrowRight Enter,Picked=codex | none | @button:Session actions,0,0,ArrowRight>menuitem:Provider[menu×1|f=menuitem:Provider|h=Provider]@12.2 ; Enter>menuitem:Codex[menu×2|f=menuitem:Codex|h=Codex]@339.2
chromium-dark-desktop › orbit-session sub-right-enter paced sample 12,orbit-session,submenu,sub-right-enter,sub-right,paced,12,ArrowRight Enter,Picked=codex | none | @button:Session actions,0,0,ArrowRight>menuitem:Provider[menu×1|f=menuitem:Provider|h=Provider]@15.6 ; Enter>menuitem:Codex[menu×2|f=menuitem:Codex|h=Codex]@349
chromium-dark-desktop › orbit-session sub-right-enter paced sample 13,orbit-session,submenu,sub-right-enter,sub-right,paced,13,ArrowRight Enter,Picked=codex | none | @button:Session actions,0,0,ArrowRight>menuitem:Provider[menu×1|f=menuitem:Provider|h=Provider]@12 ; Enter>menuitem:Codex[menu×2|f=menuitem:Codex|h=Codex]@336.1
chromium-dark-desktop › orbit-session sub-right-enter paced sample 14,orbit-session,submenu,sub-right-enter,sub-right,paced,14,ArrowRight Enter,Picked=codex | none | @button:Session actions,0,0,ArrowRight>menuitem:Provider[menu×1|f=menuitem:Provider|h=Provider]@59.5 ; Enter>menuitem:Codex[menu×2|f=menuitem:Codex|h=Codex]@389.4
chromium-dark-desktop › orbit-session sub-right-enter paced sample 15,orbit-session,submenu,sub-right-enter,sub-right,paced,15,ArrowRight Enter,Picked=codex | none | @button:Session actions,0,0,ArrowRight>menuitem:Provider[menu×1|f=menuitem:Provider|h=Provider]@18.9 ; Enter>menuitem:Codex[menu×2|f=menuitem:Codex|h=Codex]@351.8
chromium-dark-desktop › orbit-session sub-right-enter paced sample 16,orbit-session,submenu,sub-right-enter,sub-right,paced,16,ArrowRight Enter,Picked=codex | none | @button:Session actions,0,0,ArrowRight>menuitem:Provider[menu×1|f=menuitem:Provider|h=Provider]@10.3 ; Enter>menuitem:Codex[menu×2|f=menuitem:Codex|h=Codex]@343.1
chromium-dark-desktop › orbit-session sub-right-enter paced sample 17,orbit-session,submenu,sub-right-enter,sub-right,paced,17,ArrowRight Enter,Picked=codex | none | @button:Session actions,0,0,ArrowRight>menuitem:Provider[menu×1|f=menuitem:Provider|h=Provider]@19.9 ; Enter>menuitem:Codex[menu×2|f=menuitem:Codex|h=Codex]@344.1
chromium-dark-desktop › orbit-session sub-right-enter paced sample 18,orbit-session,submenu,sub-right-enter,sub-right,paced,18,ArrowRight Enter,Picked=codex | none | @button:Session actions,0,0,ArrowRight>menuitem:Provider[menu×1|f=menuitem:Provider|h=Provider]@13.7 ; Enter>menuitem:Codex[menu×2|f=menuitem:Codex|h=Codex]@344
chromium-dark-desktop › orbit-session sub-right-enter paced sample 19,orbit-session,submenu,sub-right-enter,sub-right,paced,19,ArrowRight Enter,Picked=codex | none | @button:Session actions,0,0,ArrowRight>menuitem:Provider[menu×1|f=menuitem:Provider|h=Provider]@17.9 ; Enter>menuitem:Codex[menu×2|f=menuitem:Codex|h=Codex]@346.3
chromium-dark-desktop › orbit-submenu sub-right-down-enter burst sample 0,orbit-submenu,submenu,sub-right-down-enter,sub-right-enter,burst,0,ArrowRight ArrowDown Enter,Action=claude | none | @button:Session actions,1,1,ArrowRight>menuitem:Provider[menu×1|f=menuitem:Provider|h=Provider]@16 ; ArrowDown>menuitem:Provider[menu×2|f=menuitem:Provider|h=Codex]@33.8 ; ArrowDown*>menuitem:Codex[menu×2|f=menuitem:Provider|h=Codex]@34.1 ; Enter>menuitem:Claude[menu×2|f=menuitem:Claude|h=Claude]@37
chromium-dark-desktop › orbit-submenu sub-right-down-enter burst sample 1,orbit-submenu,submenu,sub-right-down-enter,sub-right-enter,burst,1,ArrowRight ArrowDown Enter,Action=claude | none | @button:Session actions,1,1,ArrowRight>menuitem:Provider[menu×1|f=menuitem:Provider|h=Provider]@17.3 ; ArrowDown>menuitem:Provider[menu×2|f=menuitem:Provider|h=Codex]@33.2 ; ArrowDown*>menuitem:Codex[menu×2|f=menuitem:Provider|h=Codex]@33.2 ; Enter>menuitem:Claude[menu×2|f=menuitem:Claude|h=Claude]@36.1
chromium-dark-desktop › orbit-submenu sub-right-down-enter burst sample 2,orbit-submenu,submenu,sub-right-down-enter,sub-right-enter,burst,2,ArrowRight ArrowDown Enter,Action=claude | none | @button:Session actions,1,1,ArrowRight>menuitem:Provider[menu×1|f=menuitem:Provider|h=Provider]@8.9 ; ArrowDown>menuitem:Provider[menu×2|f=menuitem:Provider|h=Codex]@24.9 ; ArrowDown*>menuitem:Codex[menu×2|f=menuitem:Provider|h=Codex]@25 ; Enter>menuitem:Claude[menu×2|f=menuitem:Claude|h=Claude]@28.1
chromium-dark-desktop › orbit-submenu sub-right-down-enter burst sample 3,orbit-submenu,submenu,sub-right-down-enter,sub-right-enter,burst,3,ArrowRight ArrowDown Enter,Action=claude | none | @button:Session actions,1,1,ArrowRight>menuitem:Provider[menu×1|f=menuitem:Provider|h=Provider]@9.3 ; ArrowDown>menuitem:Provider[menu×2|f=menuitem:Provider|h=Codex]@24.3 ; ArrowDown*>menuitem:Codex[menu×2|f=menuitem:Provider|h=Codex]@24.5 ; Enter>menuitem:Claude[menu×2|f=menuitem:Claude|h=Claude]@27.1
chromium-dark-desktop › orbit-submenu sub-right-down-enter burst sample 4,orbit-submenu,submenu,sub-right-down-enter,sub-right-enter,burst,4,ArrowRight ArrowDown Enter,Action=claude | none | @button:Session actions,1,1,ArrowRight>menuitem:Provider[menu×1|f=menuitem:Provider|h=Provider]@22.5 ; ArrowDown>menuitem:Provider[menu×2|f=menuitem:Provider|h=Codex]@37.2 ; ArrowDown*>menuitem:Codex[menu×2|f=menuitem:Provider|h=Codex]@37.3 ; Enter>menuitem:Claude[menu×2|f=menuitem:Claude|h=Claude]@39.5
chromium-dark-desktop › orbit-submenu sub-right-down-enter burst sample 5,orbit-submenu,submenu,sub-right-down-enter,sub-right-enter,burst,5,ArrowRight ArrowDown Enter,Action=claude | none | @button:Session actions,1,1,ArrowRight>menuitem:Provider[menu×1|f=menuitem:Provider|h=Provider]@20.5 ; ArrowDown>menuitem:Provider[menu×2|f=menuitem:Provider|h=Codex]@43.7 ; ArrowDown*>menuitem:Codex[menu×2|f=menuitem:Provider|h=Codex]@43.9 ; Enter>menuitem:Claude[menu×2|f=menuitem:Claude|h=Claude]@47.6
chromium-dark-desktop › orbit-submenu sub-right-down-enter burst sample 6,orbit-submenu,submenu,sub-right-down-enter,sub-right-enter,burst,6,ArrowRight ArrowDown Enter,Action=claude | none | @button:Session actions,1,1,ArrowRight>menuitem:Provider[menu×1|f=menuitem:Provider|h=Provider]@53.8 ; ArrowDown>menuitem:Provider[menu×2|f=menuitem:Provider|h=Codex]@110.9 ; ArrowDown*>menuitem:Codex[menu×2|f=menuitem:Provider|h=Codex]@111.1 ; Enter>menuitem:Claude[menu×2|f=menuitem:Claude|h=Claude]@124.6
chromium-dark-desktop › orbit-submenu sub-right-down-enter burst sample 7,orbit-submenu,submenu,sub-right-down-enter,sub-right-enter,burst,7,ArrowRight ArrowDown Enter,Action=claude | none | @button:Session actions,1,1,ArrowRight>menuitem:Provider[menu×1|f=menuitem:Provider|h=Provider]@28.4 ; ArrowDown>menuitem:Provider[menu×2|f=menuitem:Provider|h=Codex]@47.4 ; ArrowDown*>menuitem:Codex[menu×2|f=menuitem:Provider|h=Codex]@47.7 ; Enter>menuitem:Claude[menu×2|f=menuitem:Claude|h=Claude]@51.4
chromium-dark-desktop › orbit-submenu sub-right-down-enter burst sample 8,orbit-submenu,submenu,sub-right-down-enter,sub-right-enter,burst,8,ArrowRight ArrowDown Enter,Action=claude | none | @button:Session actions,1,1,ArrowRight>menuitem:Provider[menu×1|f=menuitem:Provider|h=Provider]@13.4 ; ArrowDown>menuitem:Provider[menu×2|f=menuitem:Provider|h=Codex]@31.3 ; ArrowDown*>menuitem:Codex[menu×2|f=menuitem:Provider|h=Codex]@31.5 ; Enter>menuitem:Claude[menu×2|f=menuitem:Claude|h=Claude]@35
chromium-dark-desktop › orbit-submenu sub-right-down-enter burst sample 9,orbit-submenu,submenu,sub-right-down-enter,sub-right-enter,burst,9,ArrowRight ArrowDown Enter,Action=claude | none | @button:Session actions,1,1,ArrowRight>menuitem:Provider[menu×1|f=menuitem:Provider|h=Provider]@15.3 ; ArrowDown>menuitem:Provider[menu×2|f=menuitem:Provider|h=Codex]@42.2 ; ArrowDown*>menuitem:Codex[menu×2|f=menuitem:Provider|h=Codex]@42.6 ; Enter>menuitem:Claude[menu×2|f=menuitem:Claude|h=Claude]@49.3
chromium-dark-desktop › orbit-submenu sub-right-down-enter burst sample 10,orbit-submenu,submenu,sub-right-down-enter,sub-right-enter,burst,10,ArrowRight ArrowDown Enter,Action=claude | none | @button:Session actions,1,1,ArrowRight>menuitem:Provider[menu×1|f=menuitem:Provider|h=Provider]@27.5 ; ArrowDown>menuitem:Provider[menu×2|f=menuitem:Provider|h=Codex]@60.7 ; ArrowDown*>menuitem:Codex[menu×2|f=menuitem:Provider|h=Codex]@60.9 ; Enter>menuitem:Claude[menu×2|f=menuitem:Claude|h=Claude]@69.4
chromium-dark-desktop › orbit-submenu sub-right-down-enter burst sample 11,orbit-submenu,submenu,sub-right-down-enter,sub-right-enter,burst,11,ArrowRight ArrowDown Enter,Action=claude | none | @button:Session actions,1,1,ArrowRight>menuitem:Provider[menu×1|f=menuitem:Provider|h=Provider]@12.7 ; ArrowDown>menuitem:Provider[menu×2|f=menuitem:Provider|h=Codex]@31.5 ; ArrowDown*>menuitem:Codex[menu×2|f=menuitem:Provider|h=Codex]@31.8 ; Enter>menuitem:Claude[menu×2|f=menuitem:Claude|h=Claude]@35.6
chromium-dark-desktop › orbit-submenu sub-right-down-enter burst sample 12,orbit-submenu,submenu,sub-right-down-enter,sub-right-enter,burst,12,ArrowRight ArrowDown Enter,Action=claude | none | @button:Session actions,1,1,ArrowRight>menuitem:Provider[menu×1|f=menuitem:Provider|h=Provider]@7.1 ; ArrowDown>menuitem:Provider[menu×2|f=menuitem:Provider|h=Codex]@21.7 ; ArrowDown*>menuitem:Codex[menu×2|f=menuitem:Provider|h=Codex]@21.8 ; Enter>menuitem:Claude[menu×2|f=menuitem:Claude|h=Claude]@24.3
chromium-dark-desktop › orbit-submenu sub-right-down-enter burst sample 13,orbit-submenu,submenu,sub-right-down-enter,sub-right-enter,burst,13,ArrowRight ArrowDown Enter,Action=claude | none | @button:Session actions,1,1,ArrowRight>menuitem:Provider[menu×1|f=menuitem:Provider|h=Provider]@5 ; ArrowDown>menuitem:Provider[menu×2|f=menuitem:Provider|h=Codex]@17 ; ArrowDown*>menuitem:Codex[menu×2|f=menuitem:Provider|h=Codex]@17.1 ; Enter>menuitem:Claude[menu×2|f=menuitem:Claude|h=Claude]@19
chromium-dark-desktop › orbit-submenu sub-right-down-enter burst sample 14,orbit-submenu,submenu,sub-right-down-enter,sub-right-enter,burst,14,ArrowRight ArrowDown Enter,Action=claude | none | @button:Session actions,1,1,ArrowRight>menuitem:Provider[menu×1|f=menuitem:Provider|h=Provider]@13.1 ; ArrowDown>menuitem:Provider[menu×2|f=menuitem:Provider|h=Codex]@27.9 ; ArrowDown*>menuitem:Codex[menu×2|f=menuitem:Provider|h=Codex]@28.1 ; Enter>menuitem:Claude[menu×2|f=menuitem:Claude|h=Claude]@30.5
chromium-dark-desktop › orbit-submenu sub-right-down-enter burst sample 15,orbit-submenu,submenu,sub-right-down-enter,sub-right-enter,burst,15,ArrowRight ArrowDown Enter,Action=claude | none | @button:Session actions,1,1,ArrowRight>menuitem:Provider[menu×1|f=menuitem:Provider|h=Provider]@12.7 ; ArrowDown>menuitem:Provider[menu×2|f=menuitem:Provider|h=Codex]@27.8 ; ArrowDown*>menuitem:Codex[menu×2|f=menuitem:Provider|h=Codex]@27.9 ; Enter>menuitem:Claude[menu×2|f=menuitem:Claude|h=Claude]@29.9
chromium-dark-desktop › orbit-submenu sub-right-down-enter burst sample 16,orbit-submenu,submenu,sub-right-down-enter,sub-right-enter,burst,16,ArrowRight ArrowDown Enter,Action=claude | none | @button:Session actions,1,1,ArrowRight>menuitem:Provider[menu×1|f=menuitem:Provider|h=Provider]@14.7 ; ArrowDown>menuitem:Provider[menu×2|f=menuitem:Provider|h=Codex]@32 ; ArrowDown*>menuitem:Codex[menu×2|f=menuitem:Provider|h=Codex]@32.1 ; Enter>menuitem:Claude[menu×2|f=menuitem:Claude|h=Claude]@34.7
chromium-dark-desktop › orbit-submenu sub-right-down-enter burst sample 17,orbit-submenu,submenu,sub-right-down-enter,sub-right-enter,burst,17,ArrowRight ArrowDown Enter,Action=claude | none | @button:Session actions,1,1,ArrowRight>menuitem:Provider[menu×1|f=menuitem:Provider|h=Provider]@37.5 ; ArrowDown>menuitem:Provider[menu×2|f=menuitem:Provider|h=Codex]@59.2 ; ArrowDown*>menuitem:Codex[menu×2|f=menuitem:Provider|h=Codex]@59.4 ; Enter>menuitem:Claude[menu×2|f=menuitem:Claude|h=Claude]@64.4
chromium-dark-desktop › orbit-submenu sub-right-down-enter burst sample 18,orbit-submenu,submenu,sub-right-down-enter,sub-right-enter,burst,18,ArrowRight ArrowDown Enter,Action=claude | none | @button:Session actions,1,1,ArrowRight>menuitem:Provider[menu×1|f=menuitem:Provider|h=Provider]@19.4 ; ArrowDown>menuitem:Provider[menu×2|f=menuitem:Provider|h=Codex]@42.4 ; ArrowDown*>menuitem:Codex[menu×2|f=menuitem:Provider|h=Codex]@42.8 ; Enter>menuitem:Claude[menu×2|f=menuitem:Claude|h=Claude]@48.4
chromium-dark-desktop › orbit-submenu sub-right-down-enter burst sample 19,orbit-submenu,submenu,sub-right-down-enter,sub-right-enter,burst,19,ArrowRight ArrowDown Enter,Action=claude | none | @button:Session actions,1,1,ArrowRight>menuitem:Provider[menu×1|f=menuitem:Provider|h=Provider]@13.1 ; ArrowDown>menuitem:Provider[menu×2|f=menuitem:Provider|h=Codex]@29.1 ; ArrowDown*>menuitem:Codex[menu×2|f=menuitem:Provider|h=Codex]@29.2 ; Enter>menuitem:Claude[menu×2|f=menuitem:Claude|h=Claude]@31.9
chromium-dark-desktop › orbit-submenu sub-right-down-enter paced sample 0,orbit-submenu,submenu,sub-right-down-enter,sub-right-enter,paced,0,ArrowRight ArrowDown Enter,Action=claude | none | @button:Session actions,0,0,ArrowRight>menuitem:Provider[menu×1|f=menuitem:Provider|h=Provider]@13.4 ; ArrowDown>menuitem:Codex[menu×2|f=menuitem:Codex|h=Codex]@345.1 ; Enter>menuitem:Claude[menu×2|f=menuitem:Claude|h=Claude]@657.1
chromium-dark-desktop › orbit-submenu sub-right-down-enter paced sample 1,orbit-submenu,submenu,sub-right-down-enter,sub-right-enter,paced,1,ArrowRight ArrowDown Enter,Action=claude | none | @button:Session actions,0,0,ArrowRight>menuitem:Provider[menu×1|f=menuitem:Provider|h=Provider]@18.3 ; ArrowDown>menuitem:Codex[menu×2|f=menuitem:Codex|h=Codex]@346.9 ; Enter>menuitem:Claude[menu×2|f=menuitem:Claude|h=Claude]@658.4
chromium-dark-desktop › orbit-submenu sub-right-down-enter paced sample 2,orbit-submenu,submenu,sub-right-down-enter,sub-right-enter,paced,2,ArrowRight ArrowDown Enter,Action=claude | none | @button:Session actions,0,0,ArrowRight>menuitem:Provider[menu×1|f=menuitem:Provider|h=Provider]@7.2 ; ArrowDown>menuitem:Codex[menu×2|f=menuitem:Codex|h=Codex]@333.9 ; Enter>menuitem:Claude[menu×2|f=menuitem:Claude|h=Claude]@642.9
chromium-dark-desktop › orbit-submenu sub-right-down-enter paced sample 3,orbit-submenu,submenu,sub-right-down-enter,sub-right-enter,paced,3,ArrowRight ArrowDown Enter,Action=claude | none | @button:Session actions,0,0,ArrowRight>menuitem:Provider[menu×1|f=menuitem:Provider|h=Provider]@14.4 ; ArrowDown>menuitem:Codex[menu×2|f=menuitem:Codex|h=Codex]@341.4 ; Enter>menuitem:Claude[menu×2|f=menuitem:Claude|h=Claude]@658.7
chromium-dark-desktop › orbit-submenu sub-right-down-enter paced sample 4,orbit-submenu,submenu,sub-right-down-enter,sub-right-enter,paced,4,ArrowRight ArrowDown Enter,Action=claude | none | @button:Session actions,0,0,ArrowRight>menuitem:Provider[menu×1|f=menuitem:Provider|h=Provider]@12.7 ; ArrowDown>menuitem:Codex[menu×2|f=menuitem:Codex|h=Codex]@355.5 ; Enter>menuitem:Claude[menu×2|f=menuitem:Claude|h=Claude]@669.7
chromium-dark-desktop › orbit-submenu sub-right-down-enter paced sample 5,orbit-submenu,submenu,sub-right-down-enter,sub-right-enter,paced,5,ArrowRight ArrowDown Enter,Action=claude | none | @button:Session actions,0,0,ArrowRight>menuitem:Provider[menu×1|f=menuitem:Provider|h=Provider]@30.3 ; ArrowDown>menuitem:Codex[menu×2|f=menuitem:Codex|h=Codex]@396 ; Enter>menuitem:Claude[menu×2|f=menuitem:Claude|h=Claude]@709.8
chromium-dark-desktop › orbit-submenu sub-right-down-enter paced sample 6,orbit-submenu,submenu,sub-right-down-enter,sub-right-enter,paced,6,ArrowRight ArrowDown Enter,Action=claude | none | @button:Session actions,0,0,ArrowRight>menuitem:Provider[menu×1|f=menuitem:Provider|h=Provider]@12.9 ; ArrowDown>menuitem:Codex[menu×2|f=menuitem:Codex|h=Codex]@360.5 ; Enter>menuitem:Claude[menu×2|f=menuitem:Claude|h=Claude]@671.3
chromium-dark-desktop › orbit-submenu sub-right-down-enter paced sample 7,orbit-submenu,submenu,sub-right-down-enter,sub-right-enter,paced,7,ArrowRight ArrowDown Enter,Action=claude | none | @button:Session actions,0,0,ArrowRight>menuitem:Provider[menu×1|f=menuitem:Provider|h=Provider]@12.9 ; ArrowDown>menuitem:Codex[menu×2|f=menuitem:Codex|h=Codex]@346.1 ; Enter>menuitem:Claude[menu×2|f=menuitem:Claude|h=Claude]@656.7
chromium-dark-desktop › orbit-submenu sub-right-down-enter paced sample 8,orbit-submenu,submenu,sub-right-down-enter,sub-right-enter,paced,8,ArrowRight ArrowDown Enter,Action=claude | none | @button:Session actions,0,0,ArrowRight>menuitem:Provider[menu×1|f=menuitem:Provider|h=Provider]@23.5 ; ArrowDown>menuitem:Codex[menu×2|f=menuitem:Codex|h=Codex]@373.2 ; Enter>menuitem:Claude[menu×2|f=menuitem:Claude|h=Claude]@684.7
chromium-dark-desktop › orbit-submenu sub-right-down-enter paced sample 9,orbit-submenu,submenu,sub-right-down-enter,sub-right-enter,paced,9,ArrowRight ArrowDown Enter,Action=claude | none | @button:Session actions,0,0,ArrowRight>menuitem:Provider[menu×1|f=menuitem:Provider|h=Provider]@7.2 ; ArrowDown>menuitem:Codex[menu×2|f=menuitem:Codex|h=Codex]@333.7 ; Enter>menuitem:Claude[menu×2|f=menuitem:Claude|h=Claude]@651.6
chromium-dark-desktop › orbit-submenu sub-right-down-enter paced sample 10,orbit-submenu,submenu,sub-right-down-enter,sub-right-enter,paced,10,ArrowRight ArrowDown Enter,Action=claude | none | @button:Session actions,0,0,ArrowRight>menuitem:Provider[menu×1|f=menuitem:Provider|h=Provider]@23.4 ; ArrowDown>menuitem:Codex[menu×2|f=menuitem:Codex|h=Codex]@364.5 ; Enter>menuitem:Claude[menu×2|f=menuitem:Claude|h=Claude]@675.9
chromium-dark-desktop › orbit-submenu sub-right-down-enter paced sample 11,orbit-submenu,submenu,sub-right-down-enter,sub-right-enter,paced,11,ArrowRight ArrowDown Enter,Action=claude | none | @button:Session actions,0,0,ArrowRight>menuitem:Provider[menu×1|f=menuitem:Provider|h=Provider]@36.4 ; ArrowDown>menuitem:Codex[menu×2|f=menuitem:Codex|h=Codex]@400 ; Enter>menuitem:Claude[menu×2|f=menuitem:Claude|h=Claude]@710.1
chromium-dark-desktop › orbit-submenu sub-right-down-enter paced sample 12,orbit-submenu,submenu,sub-right-down-enter,sub-right-enter,paced,12,ArrowRight ArrowDown Enter,Action=claude | none | @button:Session actions,0,0,ArrowRight>menuitem:Provider[menu×1|f=menuitem:Provider|h=Provider]@10.2 ; ArrowDown>menuitem:Codex[menu×2|f=menuitem:Codex|h=Codex]@344.6 ; Enter>menuitem:Claude[menu×2|f=menuitem:Claude|h=Claude]@656.2
chromium-dark-desktop › orbit-submenu sub-right-down-enter paced sample 13,orbit-submenu,submenu,sub-right-down-enter,sub-right-enter,paced,13,ArrowRight ArrowDown Enter,Action=claude | none | @button:Session actions,0,0,ArrowRight>menuitem:Provider[menu×1|f=menuitem:Provider|h=Provider]@18.9 ; ArrowDown>menuitem:Codex[menu×2|f=menuitem:Codex|h=Codex]@345.9 ; Enter>menuitem:Claude[menu×2|f=menuitem:Claude|h=Claude]@654.1
chromium-dark-desktop › orbit-submenu sub-right-down-enter paced sample 14,orbit-submenu,submenu,sub-right-down-enter,sub-right-enter,paced,14,ArrowRight ArrowDown Enter,Action=claude | none | @button:Session actions,0,0,ArrowRight>menuitem:Provider[menu×1|f=menuitem:Provider|h=Provider]@6.6 ; ArrowDown>menuitem:Codex[menu×2|f=menuitem:Codex|h=Codex]@349.9 ; Enter>menuitem:Claude[menu×2|f=menuitem:Claude|h=Claude]@671.9
chromium-dark-desktop › orbit-submenu sub-right-down-enter paced sample 15,orbit-submenu,submenu,sub-right-down-enter,sub-right-enter,paced,15,ArrowRight ArrowDown Enter,Action=claude | none | @button:Session actions,0,0,ArrowRight>menuitem:Provider[menu×1|f=menuitem:Provider|h=Provider]@9.2 ; ArrowDown>menuitem:Codex[menu×2|f=menuitem:Codex|h=Codex]@346.1 ; Enter>menuitem:Claude[menu×2|f=menuitem:Claude|h=Claude]@662.9
chromium-dark-desktop › orbit-submenu sub-right-down-enter paced sample 16,orbit-submenu,submenu,sub-right-down-enter,sub-right-enter,paced,16,ArrowRight ArrowDown Enter,Action=claude | none | @button:Session actions,0,0,ArrowRight>menuitem:Provider[menu×1|f=menuitem:Provider|h=Provider]@26.6 ; ArrowDown>menuitem:Codex[menu×2|f=menuitem:Codex|h=Codex]@360.8 ; Enter>menuitem:Claude[menu×2|f=menuitem:Claude|h=Claude]@669.6
chromium-dark-desktop › orbit-submenu sub-right-down-enter paced sample 17,orbit-submenu,submenu,sub-right-down-enter,sub-right-enter,paced,17,ArrowRight ArrowDown Enter,Action=claude | none | @button:Session actions,0,0,ArrowRight>menuitem:Provider[menu×1|f=menuitem:Provider|h=Provider]@22.2 ; ArrowDown>menuitem:Codex[menu×2|f=menuitem:Codex|h=Codex]@347.8 ; Enter>menuitem:Claude[menu×2|f=menuitem:Claude|h=Claude]@656.6
chromium-dark-desktop › orbit-submenu sub-right-down-enter paced sample 18,orbit-submenu,submenu,sub-right-down-enter,sub-right-enter,paced,18,ArrowRight ArrowDown Enter,Action=claude | none | @button:Session actions,0,0,ArrowRight>menuitem:Provider[menu×1|f=menuitem:Provider|h=Provider]@12.2 ; ArrowDown>menuitem:Codex[menu×2|f=menuitem:Codex|h=Codex]@338.8 ; Enter>menuitem:Claude[menu×2|f=menuitem:Claude|h=Claude]@647.3
chromium-dark-desktop › orbit-submenu sub-right-down-enter paced sample 19,orbit-submenu,submenu,sub-right-down-enter,sub-right-enter,paced,19,ArrowRight ArrowDown Enter,Action=claude | none | @button:Session actions,0,0,ArrowRight>menuitem:Provider[menu×1|f=menuitem:Provider|h=Provider]@21.6 ; ArrowDown>menuitem:Codex[menu×2|f=menuitem:Codex|h=Codex]@359.5 ; Enter>menuitem:Claude[menu×2|f=menuitem:Claude|h=Claude]@670
chromium-dark-desktop › orbit-submenu-sample sub-right-down-enter burst sample 0,orbit-submenu-sample,submenu,sub-right-down-enter,sub-right-enter,burst,0,ArrowRight ArrowDown Enter,ran Claude | none | @button:Add attachment,1,1,ArrowRight>menuitem:Provider[menu×1|f=menuitem:Provider|h=Provider]@24.8 ; ArrowDown>menuitem:Provider[menu×2|f=menuitem:Provider|h=Codex]@36.3 ; ArrowDown*>menuitem:Codex[menu×2|f=menuitem:Provider|h=Codex]@36.4 ; Enter>menuitem:Claude[menu×2|f=menuitem:Claude|h=Claude]@38.2
chromium-dark-desktop › orbit-submenu-sample sub-right-down-enter burst sample 1,orbit-submenu-sample,submenu,sub-right-down-enter,sub-right-enter,burst,1,ArrowRight ArrowDown Enter,ran Claude | none | @button:Add attachment,1,1,ArrowRight>menuitem:Provider[menu×1|f=menuitem:Provider|h=Provider]@30.2 ; ArrowDown>menuitem:Provider[menu×2|f=menuitem:Provider|h=Codex]@56.7 ; ArrowDown*>menuitem:Codex[menu×2|f=menuitem:Provider|h=Codex]@56.8 ; Enter>menuitem:Claude[menu×2|f=menuitem:Claude|h=Claude]@60.5
chromium-dark-desktop › orbit-submenu-sample sub-right-down-enter burst sample 2,orbit-submenu-sample,submenu,sub-right-down-enter,sub-right-enter,burst,2,ArrowRight ArrowDown Enter,ran Claude | none | @button:Add attachment,1,1,ArrowRight>menuitem:Provider[menu×1|f=menuitem:Provider|h=Provider]@9.4 ; ArrowDown>menuitem:Provider[menu×2|f=menuitem:Provider|h=Codex]@26.8 ; ArrowDown*>menuitem:Codex[menu×2|f=menuitem:Provider|h=Codex]@26.9 ; Enter>menuitem:Claude[menu×2|f=menuitem:Claude|h=Claude]@30.1
chromium-dark-desktop › orbit-submenu-sample sub-right-down-enter burst sample 3,orbit-submenu-sample,submenu,sub-right-down-enter,sub-right-enter,burst,3,ArrowRight ArrowDown Enter,ran Claude | none | @button:Add attachment,1,1,ArrowRight>menuitem:Provider[menu×1|f=menuitem:Provider|h=Provider]@22.8 ; ArrowDown>menuitem:Provider[menu×2|f=menuitem:Provider|h=Codex]@39.5 ; ArrowDown*>menuitem:Codex[menu×2|f=menuitem:Provider|h=Codex]@39.7 ; Enter>menuitem:Claude[menu×2|f=menuitem:Claude|h=Claude]@42.5
chromium-dark-desktop › orbit-submenu-sample sub-right-down-enter burst sample 4,orbit-submenu-sample,submenu,sub-right-down-enter,sub-right-enter,burst,4,ArrowRight ArrowDown Enter,ran Claude | none | @button:Add attachment,1,1,ArrowRight>menuitem:Provider[menu×1|f=menuitem:Provider|h=Provider]@3.6 ; ArrowDown>menuitem:Provider[menu×2|f=menuitem:Provider|h=Codex]@14.5 ; ArrowDown*>menuitem:Codex[menu×2|f=menuitem:Provider|h=Codex]@14.5 ; Enter>menuitem:Claude[menu×2|f=menuitem:Claude|h=Claude]@16.2
chromium-dark-desktop › orbit-submenu-sample sub-right-down-enter burst sample 5,orbit-submenu-sample,submenu,sub-right-down-enter,sub-right-enter,burst,5,ArrowRight ArrowDown Enter,ran Claude | none | @button:Add attachment,1,1,ArrowRight>menuitem:Provider[menu×1|f=menuitem:Provider|h=Provider]@15.2 ; ArrowDown>menuitem:Provider[menu×2|f=menuitem:Provider|h=Codex]@34.2 ; ArrowDown*>menuitem:Codex[menu×2|f=menuitem:Provider|h=Codex]@34.3 ; Enter>menuitem:Claude[menu×2|f=menuitem:Claude|h=Claude]@37.5
chromium-dark-desktop › orbit-submenu-sample sub-right-down-enter burst sample 6,orbit-submenu-sample,submenu,sub-right-down-enter,sub-right-enter,burst,6,ArrowRight ArrowDown Enter,ran Claude | none | @button:Add attachment,1,1,ArrowRight>menuitem:Provider[menu×1|f=menuitem:Provider|h=Provider]@29 ; ArrowDown>menuitem:Provider[menu×2|f=menuitem:Provider|h=Codex]@51.3 ; ArrowDown*>menuitem:Codex[menu×2|f=menuitem:Provider|h=Codex]@51.5 ; Enter>menuitem:Claude[menu×2|f=menuitem:Claude|h=Claude]@55.8
chromium-dark-desktop › orbit-submenu-sample sub-right-down-enter burst sample 7,orbit-submenu-sample,submenu,sub-right-down-enter,sub-right-enter,burst,7,ArrowRight ArrowDown Enter,ran Claude | none | @button:Add attachment,1,1,ArrowRight>menuitem:Provider[menu×1|f=menuitem:Provider|h=Provider]@19.4 ; ArrowDown>menuitem:Provider[menu×2|f=menuitem:Provider|h=Codex]@49.9 ; ArrowDown*>menuitem:Codex[menu×2|f=menuitem:Provider|h=Codex]@50 ; Enter>menuitem:Claude[menu×2|f=menuitem:Claude|h=Claude]@56.2
chromium-dark-desktop › orbit-submenu-sample sub-right-down-enter burst sample 8,orbit-submenu-sample,submenu,sub-right-down-enter,sub-right-enter,burst,8,ArrowRight ArrowDown Enter,ran Claude | none | @button:Add attachment,1,1,ArrowRight>menuitem:Provider[menu×1|f=menuitem:Provider|h=Provider]@16.1 ; ArrowDown>menuitem:Provider[menu×2|f=menuitem:Provider|h=Codex]@47.6 ; ArrowDown*>menuitem:Codex[menu×2|f=menuitem:Provider|h=Codex]@47.8 ; Enter>menuitem:Claude[menu×2|f=menuitem:Claude|h=Claude]@51.7
chromium-dark-desktop › orbit-submenu-sample sub-right-down-enter burst sample 9,orbit-submenu-sample,submenu,sub-right-down-enter,sub-right-enter,burst,9,ArrowRight ArrowDown Enter,ran Claude | none | @button:Add attachment,1,1,ArrowRight>menuitem:Provider[menu×1|f=menuitem:Provider|h=Provider]@10.4 ; ArrowDown>menuitem:Provider[menu×2|f=menuitem:Provider|h=Codex]@21.9 ; ArrowDown*>menuitem:Codex[menu×2|f=menuitem:Provider|h=Codex]@22 ; Enter>menuitem:Claude[menu×2|f=menuitem:Claude|h=Claude]@23.8
chromium-dark-desktop › orbit-submenu-sample sub-right-down-enter burst sample 10,orbit-submenu-sample,submenu,sub-right-down-enter,sub-right-enter,burst,10,ArrowRight ArrowDown Enter,ran Claude | none | @button:Add attachment,1,1,ArrowRight>menuitem:Provider[menu×1|f=menuitem:Provider|h=Provider]@13.8 ; ArrowDown>menuitem:Provider[menu×2|f=menuitem:Provider|h=Codex]@40.5 ; ArrowDown*>menuitem:Codex[menu×2|f=menuitem:Provider|h=Codex]@40.6 ; Enter>menuitem:Claude[menu×2|f=menuitem:Claude|h=Claude]@44.4
chromium-dark-desktop › orbit-submenu-sample sub-right-down-enter burst sample 11,orbit-submenu-sample,submenu,sub-right-down-enter,sub-right-enter,burst,11,ArrowRight ArrowDown Enter,ran Claude | none | @button:Add attachment,1,1,ArrowRight>menuitem:Provider[menu×1|f=menuitem:Provider|h=Provider]@21.5 ; ArrowDown>menuitem:Provider[menu×2|f=menuitem:Provider|h=Codex]@32.6 ; ArrowDown*>menuitem:Codex[menu×2|f=menuitem:Provider|h=Codex]@32.7 ; Enter>menuitem:Claude[menu×2|f=menuitem:Claude|h=Claude]@34.4
chromium-dark-desktop › orbit-submenu-sample sub-right-down-enter burst sample 12,orbit-submenu-sample,submenu,sub-right-down-enter,sub-right-enter,burst,12,ArrowRight ArrowDown Enter,ran Claude | none | @button:Add attachment,1,1,ArrowRight>menuitem:Provider[menu×1|f=menuitem:Provider|h=Provider]@4.6 ; ArrowDown>menuitem:Provider[menu×2|f=menuitem:Provider|h=Codex]@21.9 ; ArrowDown*>menuitem:Codex[menu×2|f=menuitem:Provider|h=Codex]@22.1 ; Enter>menuitem:Claude[menu×2|f=menuitem:Claude|h=Claude]@25.9
chromium-dark-desktop › orbit-submenu-sample sub-right-down-enter burst sample 13,orbit-submenu-sample,submenu,sub-right-down-enter,sub-right-enter,burst,13,ArrowRight ArrowDown Enter,ran Claude | none | @button:Add attachment,1,1,ArrowRight>menuitem:Provider[menu×1|f=menuitem:Provider|h=Provider]@20.4 ; ArrowDown>menuitem:Provider[menu×2|f=menuitem:Provider|h=Codex]@38.8 ; ArrowDown*>menuitem:Codex[menu×2|f=menuitem:Provider|h=Codex]@38.9 ; Enter>menuitem:Claude[menu×2|f=menuitem:Claude|h=Claude]@42.6
chromium-dark-desktop › orbit-submenu-sample sub-right-down-enter burst sample 14,orbit-submenu-sample,submenu,sub-right-down-enter,sub-right-enter,burst,14,ArrowRight ArrowDown Enter,ran Claude | none | @button:Add attachment,1,1,ArrowRight>menuitem:Provider[menu×1|f=menuitem:Provider|h=Provider]@7 ; ArrowDown>menuitem:Provider[menu×2|f=menuitem:Provider|h=Codex]@26.4 ; ArrowDown*>menuitem:Codex[menu×2|f=menuitem:Provider|h=Codex]@26.5 ; Enter>menuitem:Claude[menu×2|f=menuitem:Claude|h=Claude]@30.2
chromium-dark-desktop › orbit-submenu-sample sub-right-down-enter burst sample 15,orbit-submenu-sample,submenu,sub-right-down-enter,sub-right-enter,burst,15,ArrowRight ArrowDown Enter,ran Claude | none | @button:Add attachment,1,1,ArrowRight>menuitem:Provider[menu×1|f=menuitem:Provider|h=Provider]@17.7 ; ArrowDown>menuitem:Provider[menu×2|f=menuitem:Provider|h=Codex]@46 ; ArrowDown*>menuitem:Codex[menu×2|f=menuitem:Provider|h=Codex]@46.2 ; Enter>menuitem:Claude[menu×2|f=menuitem:Claude|h=Claude]@50.1
chromium-dark-desktop › orbit-submenu-sample sub-right-down-enter burst sample 16,orbit-submenu-sample,submenu,sub-right-down-enter,sub-right-enter,burst,16,ArrowRight ArrowDown Enter,ran Claude | none | @button:Add attachment,1,1,ArrowRight>menuitem:Provider[menu×1|f=menuitem:Provider|h=Provider]@11.9 ; ArrowDown>menuitem:Provider[menu×2|f=menuitem:Provider|h=Codex]@29 ; ArrowDown*>menuitem:Codex[menu×2|f=menuitem:Provider|h=Codex]@29.2 ; Enter>menuitem:Claude[menu×2|f=menuitem:Claude|h=Claude]@31.6
chromium-dark-desktop › orbit-submenu-sample sub-right-down-enter burst sample 17,orbit-submenu-sample,submenu,sub-right-down-enter,sub-right-enter,burst,17,ArrowRight ArrowDown Enter,ran Claude | none | @button:Add attachment,1,1,ArrowRight>menuitem:Provider[menu×1|f=menuitem:Provider|h=Provider]@22.4 ; ArrowDown>menuitem:Provider[menu×2|f=menuitem:Provider|h=Codex]@42.5 ; ArrowDown*>menuitem:Codex[menu×2|f=menuitem:Provider|h=Codex]@42.8 ; Enter>menuitem:Claude[menu×2|f=menuitem:Claude|h=Claude]@46.8
chromium-dark-desktop › orbit-submenu-sample sub-right-down-enter burst sample 18,orbit-submenu-sample,submenu,sub-right-down-enter,sub-right-enter,burst,18,ArrowRight ArrowDown Enter,ran Claude | none | @button:Add attachment,1,1,ArrowRight>menuitem:Provider[menu×1|f=menuitem:Provider|h=Provider]@10.8 ; ArrowDown>menuitem:Provider[menu×2|f=menuitem:Provider|h=Codex]@29.1 ; ArrowDown*>menuitem:Codex[menu×2|f=menuitem:Provider|h=Codex]@29.3 ; Enter>menuitem:Claude[menu×2|f=menuitem:Claude|h=Claude]@32.3
chromium-dark-desktop › orbit-submenu-sample sub-right-down-enter burst sample 19,orbit-submenu-sample,submenu,sub-right-down-enter,sub-right-enter,burst,19,ArrowRight ArrowDown Enter,ran Claude | none | @button:Add attachment,1,1,ArrowRight>menuitem:Provider[menu×1|f=menuitem:Provider|h=Provider]@14.8 ; ArrowDown>menuitem:Provider[menu×2|f=menuitem:Provider|h=Codex]@33.8 ; ArrowDown*>menuitem:Codex[menu×2|f=menuitem:Provider|h=Codex]@34 ; Enter>menuitem:Claude[menu×2|f=menuitem:Claude|h=Claude]@37.4
chromium-dark-desktop › orbit-submenu-sample sub-right-down-enter paced sample 0,orbit-submenu-sample,submenu,sub-right-down-enter,sub-right-enter,paced,0,ArrowRight ArrowDown Enter,ran Claude | none | @button:Add attachment,0,0,ArrowRight>menuitem:Provider[menu×1|f=menuitem:Provider|h=Provider]@14 ; ArrowDown>menuitem:Codex[menu×2|f=menuitem:Codex|h=Codex]@341.8 ; Enter>menuitem:Claude[menu×2|f=menuitem:Claude|h=Claude]@652.5
chromium-dark-desktop › orbit-submenu-sample sub-right-down-enter paced sample 1,orbit-submenu-sample,submenu,sub-right-down-enter,sub-right-enter,paced,1,ArrowRight ArrowDown Enter,ran Claude | none | @button:Add attachment,0,0,ArrowRight>menuitem:Provider[menu×1|f=menuitem:Provider|h=Provider]@12.9 ; ArrowDown>menuitem:Codex[menu×2|f=menuitem:Codex|h=Codex]@352 ; Enter>menuitem:Claude[menu×2|f=menuitem:Claude|h=Claude]@662.1
chromium-dark-desktop › orbit-submenu-sample sub-right-down-enter paced sample 2,orbit-submenu-sample,submenu,sub-right-down-enter,sub-right-enter,paced,2,ArrowRight ArrowDown Enter,ran Claude | none | @button:Add attachment,0,0,ArrowRight>menuitem:Provider[menu×1|f=menuitem:Provider|h=Provider]@19.6 ; ArrowDown>menuitem:Codex[menu×2|f=menuitem:Codex|h=Codex]@352.9 ; Enter>menuitem:Claude[menu×2|f=menuitem:Claude|h=Claude]@661.3
chromium-dark-desktop › orbit-submenu-sample sub-right-down-enter paced sample 3,orbit-submenu-sample,submenu,sub-right-down-enter,sub-right-enter,paced,3,ArrowRight ArrowDown Enter,ran Claude | none | @button:Add attachment,0,0,ArrowRight>menuitem:Provider[menu×1|f=menuitem:Provider|h=Provider]@16.4 ; ArrowDown>menuitem:Codex[menu×2|f=menuitem:Codex|h=Codex]@352.2 ; Enter>menuitem:Claude[menu×2|f=menuitem:Claude|h=Claude]@666.5
chromium-dark-desktop › orbit-submenu-sample sub-right-down-enter paced sample 4,orbit-submenu-sample,submenu,sub-right-down-enter,sub-right-enter,paced,4,ArrowRight ArrowDown Enter,ran Claude | none | @button:Add attachment,0,0,ArrowRight>menuitem:Provider[menu×1|f=menuitem:Provider|h=Provider]@17.2 ; ArrowDown>menuitem:Codex[menu×2|f=menuitem:Codex|h=Codex]@344.7 ; Enter>menuitem:Claude[menu×2|f=menuitem:Claude|h=Claude]@653.3
chromium-dark-desktop › orbit-submenu-sample sub-right-down-enter paced sample 5,orbit-submenu-sample,submenu,sub-right-down-enter,sub-right-enter,paced,5,ArrowRight ArrowDown Enter,ran Claude | none | @button:Add attachment,0,0,ArrowRight>menuitem:Provider[menu×1|f=menuitem:Provider|h=Provider]@21.5 ; ArrowDown>menuitem:Codex[menu×2|f=menuitem:Codex|h=Codex]@350.4 ; Enter>menuitem:Claude[menu×2|f=menuitem:Claude|h=Claude]@657.5
chromium-dark-desktop › orbit-submenu-sample sub-right-down-enter paced sample 6,orbit-submenu-sample,submenu,sub-right-down-enter,sub-right-enter,paced,6,ArrowRight ArrowDown Enter,ran Claude | none | @button:Add attachment,0,0,ArrowRight>menuitem:Provider[menu×1|f=menuitem:Provider|h=Provider]@14.7 ; ArrowDown>menuitem:Codex[menu×2|f=menuitem:Codex|h=Codex]@344.3 ; Enter>menuitem:Claude[menu×2|f=menuitem:Claude|h=Claude]@668.9
chromium-dark-desktop › orbit-submenu-sample sub-right-down-enter paced sample 7,orbit-submenu-sample,submenu,sub-right-down-enter,sub-right-enter,paced,7,ArrowRight ArrowDown Enter,ran Claude | none | @button:Add attachment,0,0,ArrowRight>menuitem:Provider[menu×1|f=menuitem:Provider|h=Provider]@16.8 ; ArrowDown>menuitem:Codex[menu×2|f=menuitem:Codex|h=Codex]@358.5 ; Enter>menuitem:Claude[menu×2|f=menuitem:Claude|h=Claude]@668.6
chromium-dark-desktop › orbit-submenu-sample sub-right-down-enter paced sample 8,orbit-submenu-sample,submenu,sub-right-down-enter,sub-right-enter,paced,8,ArrowRight ArrowDown Enter,ran Claude | none | @button:Add attachment,0,0,ArrowRight>menuitem:Provider[menu×1|f=menuitem:Provider|h=Provider]@16.9 ; ArrowDown>menuitem:Codex[menu×2|f=menuitem:Codex|h=Codex]@356.2 ; Enter>menuitem:Claude[menu×2|f=menuitem:Claude|h=Claude]@663.4
chromium-dark-desktop › orbit-submenu-sample sub-right-down-enter paced sample 9,orbit-submenu-sample,submenu,sub-right-down-enter,sub-right-enter,paced,9,ArrowRight ArrowDown Enter,ran Claude | none | @button:Add attachment,0,0,ArrowRight>menuitem:Provider[menu×1|f=menuitem:Provider|h=Provider]@18 ; ArrowDown>menuitem:Codex[menu×2|f=menuitem:Codex|h=Codex]@344.5 ; Enter>menuitem:Claude[menu×2|f=menuitem:Claude|h=Claude]@651.4
chromium-dark-desktop › orbit-submenu-sample sub-right-down-enter paced sample 10,orbit-submenu-sample,submenu,sub-right-down-enter,sub-right-enter,paced,10,ArrowRight ArrowDown Enter,ran Claude | none | @button:Add attachment,0,0,ArrowRight>menuitem:Provider[menu×1|f=menuitem:Provider|h=Provider]@6.6 ; ArrowDown>menuitem:Codex[menu×2|f=menuitem:Codex|h=Codex]@341.5 ; Enter>menuitem:Claude[menu×2|f=menuitem:Claude|h=Claude]@651.7
chromium-dark-desktop › orbit-submenu-sample sub-right-down-enter paced sample 11,orbit-submenu-sample,submenu,sub-right-down-enter,sub-right-enter,paced,11,ArrowRight ArrowDown Enter,ran Claude | none | @button:Add attachment,0,0,ArrowRight>menuitem:Provider[menu×1|f=menuitem:Provider|h=Provider]@22.9 ; ArrowDown>menuitem:Codex[menu×2|f=menuitem:Codex|h=Codex]@360.6 ; Enter>menuitem:Claude[menu×2|f=menuitem:Claude|h=Claude]@669.2
chromium-dark-desktop › orbit-submenu-sample sub-right-down-enter paced sample 12,orbit-submenu-sample,submenu,sub-right-down-enter,sub-right-enter,paced,12,ArrowRight ArrowDown Enter,ran Claude | none | @button:Add attachment,0,0,ArrowRight>menuitem:Provider[menu×1|f=menuitem:Provider|h=Provider]@5.8 ; ArrowDown>menuitem:Codex[menu×2|f=menuitem:Codex|h=Codex]@340.6 ; Enter>menuitem:Claude[menu×2|f=menuitem:Claude|h=Claude]@657.7
chromium-dark-desktop › orbit-submenu-sample sub-right-down-enter paced sample 13,orbit-submenu-sample,submenu,sub-right-down-enter,sub-right-enter,paced,13,ArrowRight ArrowDown Enter,ran Claude | none | @button:Add attachment,0,0,ArrowRight>menuitem:Provider[menu×1|f=menuitem:Provider|h=Provider]@20.3 ; ArrowDown>menuitem:Codex[menu×2|f=menuitem:Codex|h=Codex]@369.7 ; Enter>menuitem:Claude[menu×2|f=menuitem:Claude|h=Claude]@694.8
chromium-dark-desktop › orbit-submenu-sample sub-right-down-enter paced sample 14,orbit-submenu-sample,submenu,sub-right-down-enter,sub-right-enter,paced,14,ArrowRight ArrowDown Enter,ran Claude | none | @button:Add attachment,0,0,ArrowRight>menuitem:Provider[menu×1|f=menuitem:Provider|h=Provider]@5.2 ; ArrowDown>menuitem:Codex[menu×2|f=menuitem:Codex|h=Codex]@336.6 ; Enter>menuitem:Claude[menu×2|f=menuitem:Claude|h=Claude]@646.2
chromium-dark-desktop › orbit-submenu-sample sub-right-down-enter paced sample 15,orbit-submenu-sample,submenu,sub-right-down-enter,sub-right-enter,paced,15,ArrowRight ArrowDown Enter,ran Claude | none | @button:Add attachment,0,0,ArrowRight>menuitem:Provider[menu×1|f=menuitem:Provider|h=Provider]@14.6 ; ArrowDown>menuitem:Codex[menu×2|f=menuitem:Codex|h=Codex]@360.1 ; Enter>menuitem:Claude[menu×2|f=menuitem:Claude|h=Claude]@669.3
chromium-dark-desktop › orbit-submenu-sample sub-right-down-enter paced sample 16,orbit-submenu-sample,submenu,sub-right-down-enter,sub-right-enter,paced,16,ArrowRight ArrowDown Enter,ran Claude | none | @button:Add attachment,0,0,ArrowRight>menuitem:Provider[menu×1|f=menuitem:Provider|h=Provider]@27.6 ; ArrowDown>menuitem:Codex[menu×2|f=menuitem:Codex|h=Codex]@352.4 ; Enter>menuitem:Claude[menu×2|f=menuitem:Claude|h=Claude]@752.5
chromium-dark-desktop › orbit-submenu-sample sub-right-down-enter paced sample 17,orbit-submenu-sample,submenu,sub-right-down-enter,sub-right-enter,paced,17,ArrowRight ArrowDown Enter,ran Claude | none | @button:Add attachment,0,0,ArrowRight>menuitem:Provider[menu×1|f=menuitem:Provider|h=Provider]@12.1 ; ArrowDown>menuitem:Codex[menu×2|f=menuitem:Codex|h=Codex]@347.7 ; Enter>menuitem:Claude[menu×2|f=menuitem:Claude|h=Claude]@653.6
chromium-dark-desktop › orbit-submenu-sample sub-right-down-enter paced sample 18,orbit-submenu-sample,submenu,sub-right-down-enter,sub-right-enter,paced,18,ArrowRight ArrowDown Enter,ran Claude | none | @button:Add attachment,0,0,ArrowRight>menuitem:Provider[menu×1|f=menuitem:Provider|h=Provider]@16.8 ; ArrowDown>menuitem:Codex[menu×2|f=menuitem:Codex|h=Codex]@343.3 ; Enter>menuitem:Claude[menu×2|f=menuitem:Claude|h=Claude]@650.8
chromium-dark-desktop › orbit-submenu-sample sub-right-down-enter paced sample 19,orbit-submenu-sample,submenu,sub-right-down-enter,sub-right-enter,paced,19,ArrowRight ArrowDown Enter,ran Claude | none | @button:Add attachment,0,0,ArrowRight>menuitem:Provider[menu×1|f=menuitem:Provider|h=Provider]@19.3 ; ArrowDown>menuitem:Codex[menu×2|f=menuitem:Codex|h=Codex]@343.2 ; Enter>menuitem:Claude[menu×2|f=menuitem:Claude|h=Claude]@650.6
chromium-dark-desktop › orbit-session sub-right-down-enter burst sample 0,orbit-session,submenu,sub-right-down-enter,sub-right-enter,burst,0,ArrowRight ArrowDown Enter,Picked=claude | none | @button:Session actions,1,1,ArrowRight>menuitem:Provider[menu×1|f=menuitem:Provider|h=Provider]@15.6 ; ArrowDown>menuitem:Provider[menu×2|f=menuitem:Provider|h=Codex]@36.4 ; ArrowDown*>menuitem:Codex[menu×2|f=menuitem:Provider|h=Codex]@36.5 ; Enter>menuitem:Claude[menu×2|f=menuitem:Claude|h=Claude]@39.1
chromium-dark-desktop › orbit-session sub-right-down-enter burst sample 1,orbit-session,submenu,sub-right-down-enter,sub-right-enter,burst,1,ArrowRight ArrowDown Enter,Picked=claude | none | @button:Session actions,1,1,ArrowRight>menuitem:Provider[menu×1|f=menuitem:Provider|h=Provider]@6.8 ; ArrowDown>menuitem:Provider[menu×2|f=menuitem:Provider|h=Codex]@21.2 ; ArrowDown*>menuitem:Codex[menu×2|f=menuitem:Provider|h=Codex]@21.4 ; Enter>menuitem:Claude[menu×2|f=menuitem:Claude|h=Claude]@24.2
chromium-dark-desktop › orbit-session sub-right-down-enter burst sample 2,orbit-session,submenu,sub-right-down-enter,sub-right-enter,burst,2,ArrowRight ArrowDown Enter,Picked=claude | none | @button:Session actions,1,1,ArrowRight>menuitem:Provider[menu×1|f=menuitem:Provider|h=Provider]@7.1 ; ArrowDown>menuitem:Provider[menu×2|f=menuitem:Provider|h=Codex]@17.8 ; ArrowDown*>menuitem:Codex[menu×2|f=menuitem:Provider|h=Codex]@17.9 ; Enter>menuitem:Claude[menu×2|f=menuitem:Claude|h=Claude]@19.5
chromium-dark-desktop › orbit-session sub-right-down-enter burst sample 3,orbit-session,submenu,sub-right-down-enter,sub-right-enter,burst,3,ArrowRight ArrowDown Enter,Picked=claude | none | @button:Session actions,1,1,ArrowRight>menuitem:Provider[menu×1|f=menuitem:Provider|h=Provider]@15.6 ; ArrowDown>menuitem:Provider[menu×2|f=menuitem:Provider|h=Codex]@32.7 ; ArrowDown*>menuitem:Codex[menu×2|f=menuitem:Provider|h=Codex]@32.9 ; Enter>menuitem:Claude[menu×2|f=menuitem:Claude|h=Claude]@35.4
chromium-dark-desktop › orbit-session sub-right-down-enter burst sample 4,orbit-session,submenu,sub-right-down-enter,sub-right-enter,burst,4,ArrowRight ArrowDown Enter,Picked=claude | none | @button:Session actions,1,1,ArrowRight>menuitem:Provider[menu×1|f=menuitem:Provider|h=Provider]@8.2 ; ArrowDown>menuitem:Provider[menu×2|f=menuitem:Provider|h=Codex]@23.4 ; ArrowDown*>menuitem:Codex[menu×2|f=menuitem:Provider|h=Codex]@23.5 ; Enter>menuitem:Claude[menu×2|f=menuitem:Claude|h=Claude]@25.8
chromium-dark-desktop › orbit-session sub-right-down-enter burst sample 5,orbit-session,submenu,sub-right-down-enter,sub-right-enter,burst,5,ArrowRight ArrowDown Enter,Picked=claude | none | @button:Session actions,1,1,ArrowRight>menuitem:Provider[menu×1|f=menuitem:Provider|h=Provider]@14.9 ; ArrowDown>menuitem:Provider[menu×2|f=menuitem:Provider|h=Codex]@33.2 ; ArrowDown*>menuitem:Codex[menu×2|f=menuitem:Provider|h=Codex]@33.4 ; Enter>menuitem:Claude[menu×2|f=menuitem:Claude|h=Claude]@36.5
chromium-dark-desktop › orbit-session sub-right-down-enter burst sample 6,orbit-session,submenu,sub-right-down-enter,sub-right-enter,burst,6,ArrowRight ArrowDown Enter,Picked=claude | none | @button:Session actions,1,1,ArrowRight>menuitem:Provider[menu×1|f=menuitem:Provider|h=Provider]@20.5 ; ArrowDown>menuitem:Provider[menu×2|f=menuitem:Provider|h=Codex]@35.5 ; ArrowDown*>menuitem:Codex[menu×2|f=menuitem:Provider|h=Codex]@35.6 ; Enter>menuitem:Claude[menu×2|f=menuitem:Claude|h=Claude]@38
chromium-dark-desktop › orbit-session sub-right-down-enter burst sample 7,orbit-session,submenu,sub-right-down-enter,sub-right-enter,burst,7,ArrowRight ArrowDown Enter,Picked=claude | none | @button:Session actions,1,1,ArrowRight>menuitem:Provider[menu×1|f=menuitem:Provider|h=Provider]@8.3 ; ArrowDown>menuitem:Provider[menu×2|f=menuitem:Provider|h=Codex]@24.2 ; ArrowDown*>menuitem:Codex[menu×2|f=menuitem:Provider|h=Codex]@24.4 ; Enter>menuitem:Claude[menu×2|f=menuitem:Claude|h=Claude]@27
chromium-dark-desktop › orbit-session sub-right-down-enter burst sample 8,orbit-session,submenu,sub-right-down-enter,sub-right-enter,burst,8,ArrowRight ArrowDown Enter,Picked=claude | none | @button:Session actions,1,1,ArrowRight>menuitem:Provider[menu×1|f=menuitem:Provider|h=Provider]@5.5 ; ArrowDown>menuitem:Provider[menu×2|f=menuitem:Provider|h=Codex]@25.3 ; ArrowDown*>menuitem:Codex[menu×2|f=menuitem:Provider|h=Codex]@25.4 ; Enter>menuitem:Claude[menu×2|f=menuitem:Claude|h=Claude]@28.5
chromium-dark-desktop › orbit-session sub-right-down-enter burst sample 9,orbit-session,submenu,sub-right-down-enter,sub-right-enter,burst,9,ArrowRight ArrowDown Enter,Picked=claude | none | @button:Session actions,1,1,ArrowRight>menuitem:Provider[menu×1|f=menuitem:Provider|h=Provider]@14.8 ; ArrowDown>menuitem:Provider[menu×2|f=menuitem:Provider|h=Codex]@32.1 ; ArrowDown*>menuitem:Codex[menu×2|f=menuitem:Provider|h=Codex]@32.3 ; Enter>menuitem:Claude[menu×2|f=menuitem:Claude|h=Claude]@34.9
chromium-dark-desktop › orbit-session sub-right-down-enter burst sample 10,orbit-session,submenu,sub-right-down-enter,sub-right-enter,burst,10,ArrowRight ArrowDown Enter,Picked=claude | none | @button:Session actions,1,1,ArrowRight>menuitem:Provider[menu×1|f=menuitem:Provider|h=Provider]@13.2 ; ArrowDown>menuitem:Provider[menu×2|f=menuitem:Provider|h=Codex]@36.3 ; ArrowDown*>menuitem:Codex[menu×2|f=menuitem:Provider|h=Codex]@36.5 ; Enter>menuitem:Claude[menu×2|f=menuitem:Claude|h=Claude]@40
chromium-dark-desktop › orbit-session sub-right-down-enter burst sample 11,orbit-session,submenu,sub-right-down-enter,sub-right-enter,burst,11,ArrowRight ArrowDown Enter,Picked=claude | none | @button:Session actions,1,1,ArrowRight>menuitem:Provider[menu×1|f=menuitem:Provider|h=Provider]@10.1 ; ArrowDown>menuitem:Provider[menu×2|f=menuitem:Provider|h=Codex]@28.3 ; ArrowDown*>menuitem:Codex[menu×2|f=menuitem:Provider|h=Codex]@28.4 ; Enter>menuitem:Claude[menu×2|f=menuitem:Claude|h=Claude]@31.8
chromium-dark-desktop › orbit-session sub-right-down-enter burst sample 12,orbit-session,submenu,sub-right-down-enter,sub-right-enter,burst,12,ArrowRight ArrowDown Enter,Picked=claude | none | @button:Session actions,1,1,ArrowRight>menuitem:Provider[menu×1|f=menuitem:Provider|h=Provider]@11.3 ; ArrowDown>menuitem:Provider[menu×2|f=menuitem:Provider|h=Codex]@31 ; ArrowDown*>menuitem:Codex[menu×2|f=menuitem:Provider|h=Codex]@31.2 ; Enter>menuitem:Claude[menu×2|f=menuitem:Claude|h=Claude]@34.3
chromium-dark-desktop › orbit-session sub-right-down-enter burst sample 13,orbit-session,submenu,sub-right-down-enter,sub-right-enter,burst,13,ArrowRight ArrowDown Enter,Picked=claude | none | @button:Session actions,1,1,ArrowRight>menuitem:Provider[menu×1|f=menuitem:Provider|h=Provider]@14.4 ; ArrowDown>menuitem:Provider[menu×2|f=menuitem:Provider|h=Codex]@34.4 ; ArrowDown*>menuitem:Codex[menu×2|f=menuitem:Provider|h=Codex]@34.6 ; Enter>menuitem:Claude[menu×2|f=menuitem:Claude|h=Claude]@38.5
chromium-dark-desktop › orbit-session sub-right-down-enter burst sample 14,orbit-session,submenu,sub-right-down-enter,sub-right-enter,burst,14,ArrowRight ArrowDown Enter,Picked=claude | none | @button:Session actions,1,1,ArrowRight>menuitem:Provider[menu×1|f=menuitem:Provider|h=Provider]@9.8 ; ArrowDown>menuitem:Provider[menu×2|f=menuitem:Provider|h=Codex]@36.5 ; ArrowDown*>menuitem:Codex[menu×2|f=menuitem:Provider|h=Codex]@36.6 ; Enter>menuitem:Claude[menu×2|f=menuitem:Claude|h=Claude]@40.2
chromium-dark-desktop › orbit-session sub-right-down-enter burst sample 15,orbit-session,submenu,sub-right-down-enter,sub-right-enter,burst,15,ArrowRight ArrowDown Enter,Picked=claude | none | @button:Session actions,1,1,ArrowRight>menuitem:Provider[menu×1|f=menuitem:Provider|h=Provider]@20.3 ; ArrowDown>menuitem:Provider[menu×2|f=menuitem:Provider|h=Codex]@35.2 ; ArrowDown*>menuitem:Codex[menu×2|f=menuitem:Provider|h=Codex]@35.2 ; Enter>menuitem:Claude[menu×2|f=menuitem:Claude|h=Claude]@37.7
chromium-dark-desktop › orbit-session sub-right-down-enter burst sample 16,orbit-session,submenu,sub-right-down-enter,sub-right-enter,burst,16,ArrowRight ArrowDown Enter,Picked=claude | none | @button:Session actions,1,1,ArrowRight>menuitem:Provider[menu×1|f=menuitem:Provider|h=Provider]@9.3 ; ArrowDown>menuitem:Provider[menu×2|f=menuitem:Provider|h=Codex]@25.2 ; ArrowDown*>menuitem:Codex[menu×2|f=menuitem:Provider|h=Codex]@25.4 ; Enter>menuitem:Claude[menu×2|f=menuitem:Claude|h=Claude]@28
chromium-dark-desktop › orbit-session sub-right-down-enter burst sample 17,orbit-session,submenu,sub-right-down-enter,sub-right-enter,burst,17,ArrowRight ArrowDown Enter,Picked=claude | none | @button:Session actions,1,1,ArrowRight>menuitem:Provider[menu×1|f=menuitem:Provider|h=Provider]@20.5 ; ArrowDown>menuitem:Provider[menu×2|f=menuitem:Provider|h=Codex]@37.4 ; ArrowDown*>menuitem:Codex[menu×2|f=menuitem:Provider|h=Codex]@37.5 ; Enter>menuitem:Claude[menu×2|f=menuitem:Claude|h=Claude]@40.7
chromium-dark-desktop › orbit-session sub-right-down-enter burst sample 18,orbit-session,submenu,sub-right-down-enter,sub-right-enter,burst,18,ArrowRight ArrowDown Enter,Picked=claude | none | @button:Session actions,1,1,ArrowRight>menuitem:Provider[menu×1|f=menuitem:Provider|h=Provider]@21 ; ArrowDown>menuitem:Provider[menu×2|f=menuitem:Provider|h=Codex]@37.2 ; ArrowDown*>menuitem:Codex[menu×2|f=menuitem:Provider|h=Codex]@37.4 ; Enter>menuitem:Claude[menu×2|f=menuitem:Claude|h=Claude]@40.9
chromium-dark-desktop › orbit-session sub-right-down-enter burst sample 19,orbit-session,submenu,sub-right-down-enter,sub-right-enter,burst,19,ArrowRight ArrowDown Enter,Picked=claude | none | @button:Session actions,1,1,ArrowRight>menuitem:Provider[menu×1|f=menuitem:Provider|h=Provider]@12.7 ; ArrowDown>menuitem:Provider[menu×2|f=menuitem:Provider|h=Codex]@28.3 ; ArrowDown*>menuitem:Codex[menu×2|f=menuitem:Provider|h=Codex]@28.4 ; Enter>menuitem:Claude[menu×2|f=menuitem:Claude|h=Claude]@30.6
chromium-dark-desktop › orbit-session sub-right-down-enter paced sample 0,orbit-session,submenu,sub-right-down-enter,sub-right-enter,paced,0,ArrowRight ArrowDown Enter,Picked=claude | none | @button:Session actions,0,0,ArrowRight>menuitem:Provider[menu×1|f=menuitem:Provider|h=Provider]@17.8 ; ArrowDown>menuitem:Codex[menu×2|f=menuitem:Codex|h=Codex]@343.6 ; Enter>menuitem:Claude[menu×2|f=menuitem:Claude|h=Claude]@650.9
chromium-dark-desktop › orbit-session sub-right-down-enter paced sample 1,orbit-session,submenu,sub-right-down-enter,sub-right-enter,paced,1,ArrowRight ArrowDown Enter,Picked=claude | none | @button:Session actions,0,0,ArrowRight>menuitem:Provider[menu×1|f=menuitem:Provider|h=Provider]@11.3 ; ArrowDown>menuitem:Codex[menu×2|f=menuitem:Codex|h=Codex]@339.1 ; Enter>menuitem:Claude[menu×2|f=menuitem:Claude|h=Claude]@647.2
chromium-dark-desktop › orbit-session sub-right-down-enter paced sample 2,orbit-session,submenu,sub-right-down-enter,sub-right-enter,paced,2,ArrowRight ArrowDown Enter,Picked=claude | none | @button:Session actions,0,0,ArrowRight>menuitem:Provider[menu×1|f=menuitem:Provider|h=Provider]@20.7 ; ArrowDown>menuitem:Codex[menu×2|f=menuitem:Codex|h=Codex]@349.1 ; Enter>menuitem:Claude[menu×2|f=menuitem:Claude|h=Claude]@655.3
chromium-dark-desktop › orbit-session sub-right-down-enter paced sample 3,orbit-session,submenu,sub-right-down-enter,sub-right-enter,paced,3,ArrowRight ArrowDown Enter,Picked=claude | none | @button:Session actions,0,0,ArrowRight>menuitem:Provider[menu×1|f=menuitem:Provider|h=Provider]@11.6 ; ArrowDown>menuitem:Codex[menu×2|f=menuitem:Codex|h=Codex]@336 ; Enter>menuitem:Claude[menu×2|f=menuitem:Claude|h=Claude]@642.8
chromium-dark-desktop › orbit-session sub-right-down-enter paced sample 4,orbit-session,submenu,sub-right-down-enter,sub-right-enter,paced,4,ArrowRight ArrowDown Enter,Picked=claude | none | @button:Session actions,0,0,ArrowRight>menuitem:Provider[menu×1|f=menuitem:Provider|h=Provider]@18.2 ; ArrowDown>menuitem:Codex[menu×2|f=menuitem:Codex|h=Codex]@355.1 ; Enter>menuitem:Claude[menu×2|f=menuitem:Claude|h=Claude]@661.5
chromium-dark-desktop › orbit-session sub-right-down-enter paced sample 5,orbit-session,submenu,sub-right-down-enter,sub-right-enter,paced,5,ArrowRight ArrowDown Enter,Picked=claude | none | @button:Session actions,0,0,ArrowRight>menuitem:Provider[menu×1|f=menuitem:Provider|h=Provider]@18.9 ; ArrowDown>menuitem:Codex[menu×2|f=menuitem:Codex|h=Codex]@345.1 ; Enter>menuitem:Claude[menu×2|f=menuitem:Claude|h=Claude]@652.4
chromium-dark-desktop › orbit-session sub-right-down-enter paced sample 6,orbit-session,submenu,sub-right-down-enter,sub-right-enter,paced,6,ArrowRight ArrowDown Enter,Picked=claude | none | @button:Session actions,0,0,ArrowRight>menuitem:Provider[menu×1|f=menuitem:Provider|h=Provider]@12.5 ; ArrowDown>menuitem:Codex[menu×2|f=menuitem:Codex|h=Codex]@334.4 ; Enter>menuitem:Claude[menu×2|f=menuitem:Claude|h=Claude]@642.3
chromium-dark-desktop › orbit-session sub-right-down-enter paced sample 7,orbit-session,submenu,sub-right-down-enter,sub-right-enter,paced,7,ArrowRight ArrowDown Enter,Picked=claude | none | @button:Session actions,0,0,ArrowRight>menuitem:Provider[menu×1|f=menuitem:Provider|h=Provider]@2.8 ; ArrowDown>menuitem:Codex[menu×2|f=menuitem:Codex|h=Codex]@326.7 ; Enter>menuitem:Claude[menu×2|f=menuitem:Claude|h=Claude]@632
chromium-dark-desktop › orbit-session sub-right-down-enter paced sample 8,orbit-session,submenu,sub-right-down-enter,sub-right-enter,paced,8,ArrowRight ArrowDown Enter,Picked=claude | none | @button:Session actions,0,0,ArrowRight>menuitem:Provider[menu×1|f=menuitem:Provider|h=Provider]@8.3 ; ArrowDown>menuitem:Codex[menu×2|f=menuitem:Codex|h=Codex]@332.8 ; Enter>menuitem:Claude[menu×2|f=menuitem:Claude|h=Claude]@643.5
chromium-dark-desktop › orbit-session sub-right-down-enter paced sample 9,orbit-session,submenu,sub-right-down-enter,sub-right-enter,paced,9,ArrowRight ArrowDown Enter,Picked=claude | none | @button:Session actions,0,0,ArrowRight>menuitem:Provider[menu×1|f=menuitem:Provider|h=Provider]@13.2 ; ArrowDown>menuitem:Codex[menu×2|f=menuitem:Codex|h=Codex]@341.7 ; Enter>menuitem:Claude[menu×2|f=menuitem:Claude|h=Claude]@647.4
chromium-dark-desktop › orbit-session sub-right-down-enter paced sample 10,orbit-session,submenu,sub-right-down-enter,sub-right-enter,paced,10,ArrowRight ArrowDown Enter,Picked=claude | none | @button:Session actions,0,0,ArrowRight>menuitem:Provider[menu×1|f=menuitem:Provider|h=Provider]@11.5 ; ArrowDown>menuitem:Codex[menu×2|f=menuitem:Codex|h=Codex]@337.4 ; Enter>menuitem:Claude[menu×2|f=menuitem:Claude|h=Claude]@648.6
chromium-dark-desktop › orbit-session sub-right-down-enter paced sample 11,orbit-session,submenu,sub-right-down-enter,sub-right-enter,paced,11,ArrowRight ArrowDown Enter,Picked=claude | none | @button:Session actions,0,0,ArrowRight>menuitem:Provider[menu×1|f=menuitem:Provider|h=Provider]@19 ; ArrowDown>menuitem:Codex[menu×2|f=menuitem:Codex|h=Codex]@349.6 ; Enter>menuitem:Claude[menu×2|f=menuitem:Claude|h=Claude]@661.4
chromium-dark-desktop › orbit-session sub-right-down-enter paced sample 12,orbit-session,submenu,sub-right-down-enter,sub-right-enter,paced,12,ArrowRight ArrowDown Enter,Picked=claude | none | @button:Session actions,0,0,ArrowRight>menuitem:Provider[menu×1|f=menuitem:Provider|h=Provider]@6.8 ; ArrowDown>menuitem:Codex[menu×2|f=menuitem:Codex|h=Codex]@322.3 ; Enter>menuitem:Claude[menu×2|f=menuitem:Claude|h=Claude]@629.6
chromium-dark-desktop › orbit-session sub-right-down-enter paced sample 13,orbit-session,submenu,sub-right-down-enter,sub-right-enter,paced,13,ArrowRight ArrowDown Enter,Picked=claude | none | @button:Session actions,0,0,ArrowRight>menuitem:Provider[menu×1|f=menuitem:Provider|h=Provider]@5.7 ; ArrowDown>menuitem:Codex[menu×2|f=menuitem:Codex|h=Codex]@329.2 ; Enter>menuitem:Claude[menu×2|f=menuitem:Claude|h=Claude]@641
chromium-dark-desktop › orbit-session sub-right-down-enter paced sample 14,orbit-session,submenu,sub-right-down-enter,sub-right-enter,paced,14,ArrowRight ArrowDown Enter,Picked=claude | none | @button:Session actions,0,0,ArrowRight>menuitem:Provider[menu×1|f=menuitem:Provider|h=Provider]@21.7 ; ArrowDown>menuitem:Codex[menu×2|f=menuitem:Codex|h=Codex]@353.8 ; Enter>menuitem:Claude[menu×2|f=menuitem:Claude|h=Claude]@662.5
chromium-dark-desktop › orbit-session sub-right-down-enter paced sample 15,orbit-session,submenu,sub-right-down-enter,sub-right-enter,paced,15,ArrowRight ArrowDown Enter,Picked=claude | none | @button:Session actions,0,0,ArrowRight>menuitem:Provider[menu×1|f=menuitem:Provider|h=Provider]@17.4 ; ArrowDown>menuitem:Codex[menu×2|f=menuitem:Codex|h=Codex]@352.1 ; Enter>menuitem:Claude[menu×2|f=menuitem:Claude|h=Claude]@659.7
chromium-dark-desktop › orbit-session sub-right-down-enter paced sample 16,orbit-session,submenu,sub-right-down-enter,sub-right-enter,paced,16,ArrowRight ArrowDown Enter,Picked=claude | none | @button:Session actions,0,0,ArrowRight>menuitem:Provider[menu×1|f=menuitem:Provider|h=Provider]@3.5 ; ArrowDown>menuitem:Codex[menu×2|f=menuitem:Codex|h=Codex]@318.8 ; Enter>menuitem:Claude[menu×2|f=menuitem:Claude|h=Claude]@625.4
chromium-dark-desktop › orbit-session sub-right-down-enter paced sample 17,orbit-session,submenu,sub-right-down-enter,sub-right-enter,paced,17,ArrowRight ArrowDown Enter,Picked=claude | none | @button:Session actions,0,0,ArrowRight>menuitem:Provider[menu×1|f=menuitem:Provider|h=Provider]@10.1 ; ArrowDown>menuitem:Codex[menu×2|f=menuitem:Codex|h=Codex]@338.9 ; Enter>menuitem:Claude[menu×2|f=menuitem:Claude|h=Claude]@646.1
chromium-dark-desktop › orbit-session sub-right-down-enter paced sample 18,orbit-session,submenu,sub-right-down-enter,sub-right-enter,paced,18,ArrowRight ArrowDown Enter,Picked=claude | none | @button:Session actions,0,0,ArrowRight>menuitem:Provider[menu×1|f=menuitem:Provider|h=Provider]@18.3 ; ArrowDown>menuitem:Codex[menu×2|f=menuitem:Codex|h=Codex]@343.5 ; Enter>menuitem:Claude[menu×2|f=menuitem:Claude|h=Claude]@649.9
chromium-dark-desktop › orbit-session sub-right-down-enter paced sample 19,orbit-session,submenu,sub-right-down-enter,sub-right-enter,paced,19,ArrowRight ArrowDown Enter,Picked=claude | none | @button:Session actions,0,0,ArrowRight>menuitem:Provider[menu×1|f=menuitem:Provider|h=Provider]@16.9 ; ArrowDown>menuitem:Codex[menu×2|f=menuitem:Codex|h=Codex]@340.6 ; Enter>menuitem:Claude[menu×2|f=menuitem:Claude|h=Claude]@648.9
chromium-dark-desktop › orbit-submenu sub-right-up-enter burst sample 0,orbit-submenu,submenu,sub-right-up-enter,sub-right-enter,burst,0,ArrowRight ArrowUp Enter,Action=claude | none | @body:darkSwitch themeOpen Dia,1,1,ArrowRight>menuitem:Provider[menu×1|f=menuitem:Provider|h=Provider]@11.9 ; ArrowUp>menuitem:Provider[menu×2|f=menuitem:Provider|h=Codex]@24 ; ArrowUp*>menuitem:Codex[menu×2|f=menuitem:Provider|h=Codex]@24.2 ; Enter>menuitem:Provider[menu×2|f=menuitem:Provider|h=Claude]@25 ; Enter*>menuitem:Claude[menu×2|f=menuitem:Provider|h=Claude]@25.1
chromium-dark-desktop › orbit-submenu sub-right-up-enter burst sample 1,orbit-submenu,submenu,sub-right-up-enter,sub-right-enter,burst,1,ArrowRight ArrowUp Enter,Action=claude | none | @body:darkSwitch themeOpen Dia,1,1,ArrowRight>menuitem:Provider[menu×1|f=menuitem:Provider|h=Provider]@17.8 ; ArrowUp>menuitem:Provider[menu×2|f=menuitem:Provider|h=Codex]@32.4 ; ArrowUp*>menuitem:Codex[menu×2|f=menuitem:Provider|h=Codex]@32.5 ; Enter>menuitem:Provider[menu×2|f=menuitem:Provider|h=Claude]@33.4 ; Enter*>menuitem:Claude[menu×2|f=menuitem:Provider|h=Claude]@33.5
chromium-dark-desktop › orbit-submenu sub-right-up-enter burst sample 2,orbit-submenu,submenu,sub-right-up-enter,sub-right-enter,burst,2,ArrowRight ArrowUp Enter,Action=claude | none | @body:darkSwitch themeOpen Dia,1,1,ArrowRight>menuitem:Provider[menu×1|f=menuitem:Provider|h=Provider]@7.5 ; ArrowUp>menuitem:Provider[menu×2|f=menuitem:Provider|h=Codex]@21.9 ; ArrowUp*>menuitem:Codex[menu×2|f=menuitem:Provider|h=Codex]@22.1 ; Enter>menuitem:Provider[menu×2|f=menuitem:Provider|h=Claude]@23.1 ; Enter*>menuitem:Claude[menu×2|f=menuitem:Provider|h=Claude]@23.2
chromium-dark-desktop › orbit-submenu sub-right-up-enter burst sample 3,orbit-submenu,submenu,sub-right-up-enter,sub-right-enter,burst,3,ArrowRight ArrowUp Enter,Action=claude | none | @body:darkSwitch themeOpen Dia,1,1,ArrowRight>menuitem:Provider[menu×1|f=menuitem:Provider|h=Provider]@20.4 ; ArrowUp>menuitem:Provider[menu×2|f=menuitem:Provider|h=Codex]@36.2 ; ArrowUp*>menuitem:Codex[menu×2|f=menuitem:Provider|h=Codex]@36.4 ; Enter>menuitem:Provider[menu×2|f=menuitem:Provider|h=Claude]@37.4 ; Enter*>menuitem:Claude[menu×2|f=menuitem:Provider|h=Claude]@37.5
chromium-dark-desktop › orbit-submenu sub-right-up-enter burst sample 4,orbit-submenu,submenu,sub-right-up-enter,sub-right-enter,burst,4,ArrowRight ArrowUp Enter,Action=claude | none | @body:darkSwitch themeOpen Dia,1,1,ArrowRight>menuitem:Provider[menu×1|f=menuitem:Provider|h=Provider]@17.3 ; ArrowUp>menuitem:Provider[menu×2|f=menuitem:Provider|h=Codex]@29.7 ; ArrowUp*>menuitem:Codex[menu×2|f=menuitem:Provider|h=Codex]@29.8 ; Enter>menuitem:Provider[menu×2|f=menuitem:Provider|h=Claude]@30.7 ; Enter*>menuitem:Claude[menu×2|f=menuitem:Provider|h=Claude]@30.7
chromium-dark-desktop › orbit-submenu sub-right-up-enter burst sample 5,orbit-submenu,submenu,sub-right-up-enter,sub-right-enter,burst,5,ArrowRight ArrowUp Enter,Action=claude | none | @body:darkSwitch themeOpen Dia,1,1,ArrowRight>menuitem:Provider[menu×1|f=menuitem:Provider|h=Provider]@21.6 ; ArrowUp>menuitem:Provider[menu×2|f=menuitem:Provider|h=Codex]@39.6 ; ArrowUp*>menuitem:Codex[menu×2|f=menuitem:Provider|h=Codex]@39.9 ; Enter>menuitem:Provider[menu×2|f=menuitem:Provider|h=Claude]@41.3 ; Enter*>menuitem:Claude[menu×2|f=menuitem:Provider|h=Claude]@41.4
chromium-dark-desktop › orbit-submenu sub-right-up-enter burst sample 6,orbit-submenu,submenu,sub-right-up-enter,sub-right-enter,burst,6,ArrowRight ArrowUp Enter,Action=claude | none | @body:darkSwitch themeOpen Dia,1,1,ArrowRight>menuitem:Provider[menu×1|f=menuitem:Provider|h=Provider]@13.6 ; ArrowUp>menuitem:Provider[menu×2|f=menuitem:Provider|h=Codex]@29.9 ; ArrowUp*>menuitem:Codex[menu×2|f=menuitem:Provider|h=Codex]@30.1 ; Enter>menuitem:Provider[menu×2|f=menuitem:Provider|h=Claude]@31.4 ; Enter*>menuitem:Claude[menu×2|f=menuitem:Provider|h=Claude]@31.5
chromium-dark-desktop › orbit-submenu sub-right-up-enter burst sample 7,orbit-submenu,submenu,sub-right-up-enter,sub-right-enter,burst,7,ArrowRight ArrowUp Enter,Action=claude | none | @body:darkSwitch themeOpen Dia,1,1,ArrowRight>menuitem:Provider[menu×1|f=menuitem:Provider|h=Provider]@16.2 ; ArrowUp>menuitem:Provider[menu×2|f=menuitem:Provider|h=Codex]@32.5 ; ArrowUp*>menuitem:Codex[menu×2|f=menuitem:Provider|h=Codex]@32.6 ; Enter>menuitem:Provider[menu×2|f=menuitem:Provider|h=Claude]@33.7 ; Enter*>menuitem:Claude[menu×2|f=menuitem:Provider|h=Claude]@33.8
chromium-dark-desktop › orbit-submenu sub-right-up-enter burst sample 8,orbit-submenu,submenu,sub-right-up-enter,sub-right-enter,burst,8,ArrowRight ArrowUp Enter,Action=claude | none | @body:darkSwitch themeOpen Dia,1,1,ArrowRight>menuitem:Provider[menu×1|f=menuitem:Provider|h=Provider]@16.8 ; ArrowUp>menuitem:Provider[menu×2|f=menuitem:Provider|h=Codex]@32.4 ; ArrowUp*>menuitem:Codex[menu×2|f=menuitem:Provider|h=Codex]@32.6 ; Enter>menuitem:Provider[menu×2|f=menuitem:Provider|h=Claude]@33.6 ; Enter*>menuitem:Claude[menu×2|f=menuitem:Provider|h=Claude]@33.7
chromium-dark-desktop › orbit-submenu sub-right-up-enter burst sample 9,orbit-submenu,submenu,sub-right-up-enter,sub-right-enter,burst,9,ArrowRight ArrowUp Enter,Action=claude | none | @body:darkSwitch themeOpen Dia,1,1,ArrowRight>menuitem:Provider[menu×1|f=menuitem:Provider|h=Provider]@14.8 ; ArrowUp>menuitem:Provider[menu×2|f=menuitem:Provider|h=Codex]@25.1 ; ArrowUp*>menuitem:Codex[menu×2|f=menuitem:Provider|h=Codex]@25.2 ; Enter>menuitem:Provider[menu×2|f=menuitem:Provider|h=Claude]@25.9 ; Enter*>menuitem:Claude[menu×2|f=menuitem:Provider|h=Claude]@25.9
chromium-dark-desktop › orbit-submenu sub-right-up-enter burst sample 10,orbit-submenu,submenu,sub-right-up-enter,sub-right-enter,burst,10,ArrowRight ArrowUp Enter,Action=claude | none | @body:darkSwitch themeOpen Dia,1,1,ArrowRight>menuitem:Provider[menu×1|f=menuitem:Provider|h=Provider]@8.6 ; ArrowUp>menuitem:Provider[menu×2|f=menuitem:Provider|h=Codex]@23 ; ArrowUp*>menuitem:Codex[menu×2|f=menuitem:Provider|h=Codex]@23.2 ; Enter>menuitem:Provider[menu×2|f=menuitem:Provider|h=Claude]@24.1 ; Enter*>menuitem:Claude[menu×2|f=menuitem:Provider|h=Claude]@24.2
chromium-dark-desktop › orbit-submenu sub-right-up-enter burst sample 11,orbit-submenu,submenu,sub-right-up-enter,sub-right-enter,burst,11,ArrowRight ArrowUp Enter,Action=claude | none | @body:darkSwitch themeOpen Dia,1,1,ArrowRight>menuitem:Provider[menu×1|f=menuitem:Provider|h=Provider]@21 ; ArrowUp>menuitem:Provider[menu×2|f=menuitem:Provider|h=Codex]@37 ; ArrowUp*>menuitem:Codex[menu×2|f=menuitem:Provider|h=Codex]@37.2 ; Enter>menuitem:Provider[menu×2|f=menuitem:Provider|h=Claude]@38.2 ; Enter*>menuitem:Claude[menu×2|f=menuitem:Provider|h=Claude]@38.3
chromium-dark-desktop › orbit-submenu sub-right-up-enter burst sample 12,orbit-submenu,submenu,sub-right-up-enter,sub-right-enter,burst,12,ArrowRight ArrowUp Enter,Action=claude | none | @body:darkSwitch themeOpen Dia,1,1,ArrowRight>menuitem:Provider[menu×1|f=menuitem:Provider|h=Provider]@22.8 ; ArrowUp>menuitem:Provider[menu×2|f=menuitem:Provider|h=Codex]@39.8 ; ArrowUp*>menuitem:Codex[menu×2|f=menuitem:Provider|h=Codex]@40.1 ; Enter>menuitem:Provider[menu×2|f=menuitem:Provider|h=Claude]@41.2 ; Enter*>menuitem:Claude[menu×2|f=menuitem:Provider|h=Claude]@41.3
chromium-dark-desktop › orbit-submenu sub-right-up-enter burst sample 13,orbit-submenu,submenu,sub-right-up-enter,sub-right-enter,burst,13,ArrowRight ArrowUp Enter,Action=claude | none | @body:darkSwitch themeOpen Dia,1,1,ArrowRight>menuitem:Provider[menu×1|f=menuitem:Provider|h=Provider]@16.6 ; ArrowUp>menuitem:Provider[menu×2|f=menuitem:Provider|h=Codex]@40.4 ; ArrowUp*>menuitem:Codex[menu×2|f=menuitem:Provider|h=Codex]@40.6 ; Enter>menuitem:Provider[menu×2|f=menuitem:Provider|h=Claude]@42.6 ; Enter*>menuitem:Claude[menu×2|f=menuitem:Provider|h=Claude]@42.7
chromium-dark-desktop › orbit-submenu sub-right-up-enter burst sample 14,orbit-submenu,submenu,sub-right-up-enter,sub-right-enter,burst,14,ArrowRight ArrowUp Enter,Action=claude | none | @body:darkSwitch themeOpen Dia,1,1,ArrowRight>menuitem:Provider[menu×1|f=menuitem:Provider|h=Provider]@11.9 ; ArrowUp>menuitem:Provider[menu×2|f=menuitem:Provider|h=Codex]@29.3 ; ArrowUp*>menuitem:Codex[menu×2|f=menuitem:Provider|h=Codex]@29.6 ; Enter>menuitem:Provider[menu×2|f=menuitem:Provider|h=Claude]@30.9 ; Enter*>menuitem:Claude[menu×2|f=menuitem:Provider|h=Claude]@31.1
chromium-dark-desktop › orbit-submenu sub-right-up-enter burst sample 15,orbit-submenu,submenu,sub-right-up-enter,sub-right-enter,burst,15,ArrowRight ArrowUp Enter,Action=claude | none | @body:darkSwitch themeOpen Dia,1,1,ArrowRight>menuitem:Provider[menu×1|f=menuitem:Provider|h=Provider]@20.4 ; ArrowUp>menuitem:Provider[menu×2|f=menuitem:Provider|h=Codex]@35.2 ; ArrowUp*>menuitem:Codex[menu×2|f=menuitem:Provider|h=Codex]@35.4 ; Enter>menuitem:Provider[menu×2|f=menuitem:Provider|h=Claude]@36.4 ; Enter*>menuitem:Claude[menu×2|f=menuitem:Provider|h=Claude]@36.6
chromium-dark-desktop › orbit-submenu sub-right-up-enter burst sample 16,orbit-submenu,submenu,sub-right-up-enter,sub-right-enter,burst,16,ArrowRight ArrowUp Enter,Action=claude | none | @body:darkSwitch themeOpen Dia,1,1,ArrowRight>menuitem:Provider[menu×1|f=menuitem:Provider|h=Provider]@15.3 ; ArrowUp>menuitem:Provider[menu×2|f=menuitem:Provider|h=Codex]@30.5 ; ArrowUp*>menuitem:Codex[menu×2|f=menuitem:Provider|h=Codex]@30.8 ; Enter>menuitem:Provider[menu×2|f=menuitem:Provider|h=Claude]@32.1 ; Enter*>menuitem:Claude[menu×2|f=menuitem:Provider|h=Claude]@32.2
chromium-dark-desktop › orbit-submenu sub-right-up-enter burst sample 17,orbit-submenu,submenu,sub-right-up-enter,sub-right-enter,burst,17,ArrowRight ArrowUp Enter,Action=claude | none | @body:darkSwitch themeOpen Dia,1,1,ArrowRight>menuitem:Provider[menu×1|f=menuitem:Provider|h=Provider]@18 ; ArrowUp>menuitem:Provider[menu×2|f=menuitem:Provider|h=Codex]@37.2 ; ArrowUp*>menuitem:Codex[menu×2|f=menuitem:Provider|h=Codex]@37.4 ; Enter>menuitem:Provider[menu×2|f=menuitem:Provider|h=Claude]@38.6 ; Enter*>menuitem:Claude[menu×2|f=menuitem:Provider|h=Claude]@38.7
chromium-dark-desktop › orbit-submenu sub-right-up-enter burst sample 18,orbit-submenu,submenu,sub-right-up-enter,sub-right-enter,burst,18,ArrowRight ArrowUp Enter,Action=claude | none | @body:darkSwitch themeOpen Dia,1,1,ArrowRight>menuitem:Provider[menu×1|f=menuitem:Provider|h=Provider]@14.7 ; ArrowUp>menuitem:Provider[menu×2|f=menuitem:Provider|h=Codex]@34.9 ; ArrowUp*>menuitem:Codex[menu×2|f=menuitem:Provider|h=Codex]@36 ; Enter>menuitem:Provider[menu×2|f=menuitem:Provider|h=Claude]@37.7 ; Enter*>menuitem:Claude[menu×2|f=menuitem:Provider|h=Claude]@37.8
chromium-dark-desktop › orbit-submenu sub-right-up-enter burst sample 19,orbit-submenu,submenu,sub-right-up-enter,sub-right-enter,burst,19,ArrowRight ArrowUp Enter,Action=claude | none | @body:darkSwitch themeOpen Dia,1,1,ArrowRight>menuitem:Provider[menu×1|f=menuitem:Provider|h=Provider]@34 ; ArrowUp>menuitem:Provider[menu×2|f=menuitem:Provider|h=Codex]@55.4 ; ArrowUp*>menuitem:Codex[menu×2|f=menuitem:Provider|h=Codex]@57.6 ; Enter>menuitem:Provider[menu×2|f=menuitem:Provider|h=Claude]@58.7 ; Enter*>menuitem:Claude[menu×2|f=menuitem:Provider|h=Claude]@58.8
chromium-dark-desktop › orbit-submenu sub-right-up-enter paced sample 0,orbit-submenu,submenu,sub-right-up-enter,sub-right-enter,paced,0,ArrowRight ArrowUp Enter,Action=claude | none | @button:Session actions,0,0,ArrowRight>menuitem:Provider[menu×1|f=menuitem:Provider|h=Provider]@12.1 ; ArrowUp>menuitem:Codex[menu×2|f=menuitem:Codex|h=Codex]@336.5 ; Enter>menuitem:Claude[menu×2|f=menuitem:Claude|h=Claude]@643.5
chromium-dark-desktop › orbit-submenu sub-right-up-enter paced sample 1,orbit-submenu,submenu,sub-right-up-enter,sub-right-enter,paced,1,ArrowRight ArrowUp Enter,Action=claude | none | @button:Session actions,0,0,ArrowRight>menuitem:Provider[menu×1|f=menuitem:Provider|h=Provider]@15.8 ; ArrowUp>menuitem:Codex[menu×2|f=menuitem:Codex|h=Codex]@337.8 ; Enter>menuitem:Claude[menu×2|f=menuitem:Claude|h=Claude]@645.8
chromium-dark-desktop › orbit-submenu sub-right-up-enter paced sample 2,orbit-submenu,submenu,sub-right-up-enter,sub-right-enter,paced,2,ArrowRight ArrowUp Enter,Action=claude | none | @button:Session actions,0,0,ArrowRight>menuitem:Provider[menu×1|f=menuitem:Provider|h=Provider]@14.1 ; ArrowUp>menuitem:Codex[menu×2|f=menuitem:Codex|h=Codex]@340.4 ; Enter>menuitem:Claude[menu×2|f=menuitem:Claude|h=Claude]@650.8
chromium-dark-desktop › orbit-submenu sub-right-up-enter paced sample 3,orbit-submenu,submenu,sub-right-up-enter,sub-right-enter,paced,3,ArrowRight ArrowUp Enter,Action=claude | none | @button:Session actions,0,0,ArrowRight>menuitem:Provider[menu×1|f=menuitem:Provider|h=Provider]@11.6 ; ArrowUp>menuitem:Codex[menu×2|f=menuitem:Codex|h=Codex]@337.6 ; Enter>menuitem:Claude[menu×2|f=menuitem:Claude|h=Claude]@646.3
chromium-dark-desktop › orbit-submenu sub-right-up-enter paced sample 4,orbit-submenu,submenu,sub-right-up-enter,sub-right-enter,paced,4,ArrowRight ArrowUp Enter,Action=claude | none | @button:Session actions,0,0,ArrowRight>menuitem:Provider[menu×1|f=menuitem:Provider|h=Provider]@20.8 ; ArrowUp>menuitem:Codex[menu×2|f=menuitem:Codex|h=Codex]@361.6 ; Enter>menuitem:Claude[menu×2|f=menuitem:Claude|h=Claude]@669
chromium-dark-desktop › orbit-submenu sub-right-up-enter paced sample 5,orbit-submenu,submenu,sub-right-up-enter,sub-right-enter,paced,5,ArrowRight ArrowUp Enter,Action=claude | none | @button:Session actions,0,0,ArrowRight>menuitem:Provider[menu×1|f=menuitem:Provider|h=Provider]@10.9 ; ArrowUp>menuitem:Codex[menu×2|f=menuitem:Codex|h=Codex]@337.9 ; Enter>menuitem:Claude[menu×2|f=menuitem:Claude|h=Claude]@647.2
chromium-dark-desktop › orbit-submenu sub-right-up-enter paced sample 6,orbit-submenu,submenu,sub-right-up-enter,sub-right-enter,paced,6,ArrowRight ArrowUp Enter,Action=claude | none | @button:Session actions,0,0,ArrowRight>menuitem:Provider[menu×1|f=menuitem:Provider|h=Provider]@16.7 ; ArrowUp>menuitem:Codex[menu×2|f=menuitem:Codex|h=Codex]@359.7 ; Enter>menuitem:Claude[menu×2|f=menuitem:Claude|h=Claude]@679.7
chromium-dark-desktop › orbit-submenu sub-right-up-enter paced sample 7,orbit-submenu,submenu,sub-right-up-enter,sub-right-enter,paced,7,ArrowRight ArrowUp Enter,Action=claude | none | @button:Session actions,0,0,ArrowRight>menuitem:Provider[menu×1|f=menuitem:Provider|h=Provider]@15.2 ; ArrowUp>menuitem:Codex[menu×2|f=menuitem:Codex|h=Codex]@343.7 ; Enter>menuitem:Claude[menu×2|f=menuitem:Claude|h=Claude]@653.1
chromium-dark-desktop › orbit-submenu sub-right-up-enter paced sample 8,orbit-submenu,submenu,sub-right-up-enter,sub-right-enter,paced,8,ArrowRight ArrowUp Enter,Action=claude | none | @button:Session actions,0,0,ArrowRight>menuitem:Provider[menu×1|f=menuitem:Provider|h=Provider]@21.6 ; ArrowUp>menuitem:Codex[menu×2|f=menuitem:Codex|h=Codex]@362.8 ; Enter>menuitem:Claude[menu×2|f=menuitem:Claude|h=Claude]@679.8
chromium-dark-desktop › orbit-submenu sub-right-up-enter paced sample 9,orbit-submenu,submenu,sub-right-up-enter,sub-right-enter,paced,9,ArrowRight ArrowUp Enter,Action=claude | none | @button:Session actions,0,0,ArrowRight>menuitem:Provider[menu×1|f=menuitem:Provider|h=Provider]@19.8 ; ArrowUp>menuitem:Codex[menu×2|f=menuitem:Codex|h=Codex]@352.4 ; Enter>menuitem:Claude[menu×2|f=menuitem:Claude|h=Claude]@667.9
chromium-dark-desktop › orbit-submenu sub-right-up-enter paced sample 10,orbit-submenu,submenu,sub-right-up-enter,sub-right-enter,paced,10,ArrowRight ArrowUp Enter,Action=claude | none | @button:Session actions,0,0,ArrowRight>menuitem:Provider[menu×1|f=menuitem:Provider|h=Provider]@16.1 ; ArrowUp>menuitem:Codex[menu×2|f=menuitem:Codex|h=Codex]@349.9 ; Enter>menuitem:Claude[menu×2|f=menuitem:Claude|h=Claude]@658.9
chromium-dark-desktop › orbit-submenu sub-right-up-enter paced sample 11,orbit-submenu,submenu,sub-right-up-enter,sub-right-enter,paced,11,ArrowRight ArrowUp Enter,Action=claude | none | @button:Session actions,0,0,ArrowRight>menuitem:Provider[menu×1|f=menuitem:Provider|h=Provider]@24.1 ; ArrowUp>menuitem:Codex[menu×2|f=menuitem:Codex|h=Codex]@437 ; Enter>menuitem:Claude[menu×2|f=menuitem:Claude|h=Claude]@749.8
chromium-dark-desktop › orbit-submenu sub-right-up-enter paced sample 12,orbit-submenu,submenu,sub-right-up-enter,sub-right-enter,paced,12,ArrowRight ArrowUp Enter,Action=claude | none | @button:Session actions,0,0,ArrowRight>menuitem:Provider[menu×1|f=menuitem:Provider|h=Provider]@13.5 ; ArrowUp>menuitem:Codex[menu×2|f=menuitem:Codex|h=Codex]@342.7 ; Enter>menuitem:Claude[menu×2|f=menuitem:Claude|h=Claude]@652.4
chromium-dark-desktop › orbit-submenu sub-right-up-enter paced sample 13,orbit-submenu,submenu,sub-right-up-enter,sub-right-enter,paced,13,ArrowRight ArrowUp Enter,Action=claude | none | @button:Session actions,0,0,ArrowRight>menuitem:Provider[menu×1|f=menuitem:Provider|h=Provider]@10.1 ; ArrowUp>menuitem:Codex[menu×2|f=menuitem:Codex|h=Codex]@352.6 ; Enter>menuitem:Claude[menu×2|f=menuitem:Claude|h=Claude]@672.8
chromium-dark-desktop › orbit-submenu sub-right-up-enter paced sample 14,orbit-submenu,submenu,sub-right-up-enter,sub-right-enter,paced,14,ArrowRight ArrowUp Enter,Action=claude | none | @button:Session actions,0,0,ArrowRight>menuitem:Provider[menu×1|f=menuitem:Provider|h=Provider]@13.6 ; ArrowUp>menuitem:Codex[menu×2|f=menuitem:Codex|h=Codex]@343.3 ; Enter>menuitem:Claude[menu×2|f=menuitem:Claude|h=Claude]@663.3
chromium-dark-desktop › orbit-submenu sub-right-up-enter paced sample 15,orbit-submenu,submenu,sub-right-up-enter,sub-right-enter,paced,15,ArrowRight ArrowUp Enter,Action=claude | none | @button:Session actions,0,0,ArrowRight>menuitem:Provider[menu×1|f=menuitem:Provider|h=Provider]@253.3 ; ArrowUp>menuitem:Codex[menu×2|f=menuitem:Codex|h=Codex]@612.3 ; Enter>menuitem:Claude[menu×2|f=menuitem:Claude|h=Claude]@921.3
chromium-dark-desktop › orbit-submenu sub-right-up-enter paced sample 16,orbit-submenu,submenu,sub-right-up-enter,sub-right-enter,paced,16,ArrowRight ArrowUp Enter,Action=claude | none | @button:Session actions,0,0,ArrowRight>menuitem:Provider[menu×1|f=menuitem:Provider|h=Provider]@6.8 ; ArrowUp>menuitem:Codex[menu×2|f=menuitem:Codex|h=Codex]@339 ; Enter>menuitem:Claude[menu×2|f=menuitem:Claude|h=Claude]@676.6
chromium-dark-desktop › orbit-submenu sub-right-up-enter paced sample 17,orbit-submenu,submenu,sub-right-up-enter,sub-right-enter,paced,17,ArrowRight ArrowUp Enter,Action=claude | none | @button:Session actions,0,0,ArrowRight>menuitem:Provider[menu×1|f=menuitem:Provider|h=Provider]@13.2 ; ArrowUp>menuitem:Codex[menu×2|f=menuitem:Codex|h=Codex]@347.1 ; Enter>menuitem:Claude[menu×2|f=menuitem:Claude|h=Claude]@658.3
chromium-dark-desktop › orbit-submenu sub-right-up-enter paced sample 18,orbit-submenu,submenu,sub-right-up-enter,sub-right-enter,paced,18,ArrowRight ArrowUp Enter,Action=claude | none | @button:Session actions,0,0,ArrowRight>menuitem:Provider[menu×1|f=menuitem:Provider|h=Provider]@7.5 ; ArrowUp>menuitem:Codex[menu×2|f=menuitem:Codex|h=Codex]@333.5 ; Enter>menuitem:Claude[menu×2|f=menuitem:Claude|h=Claude]@642
chromium-dark-desktop › orbit-submenu sub-right-up-enter paced sample 19,orbit-submenu,submenu,sub-right-up-enter,sub-right-enter,paced,19,ArrowRight ArrowUp Enter,Action=claude | none | @button:Session actions,0,0,ArrowRight>menuitem:Provider[menu×1|f=menuitem:Provider|h=Provider]@3.7 ; ArrowUp>menuitem:Codex[menu×2|f=menuitem:Codex|h=Codex]@328.1 ; Enter>menuitem:Claude[menu×2|f=menuitem:Claude|h=Claude]@635.9
chromium-dark-desktop › orbit-submenu-sample sub-right-up-enter burst sample 0,orbit-submenu-sample,submenu,sub-right-up-enter,sub-right-enter,burst,0,ArrowRight ArrowUp Enter,ran Claude | none | @button:Add attachment,1,1,ArrowRight>menuitem:Provider[menu×1|f=menuitem:Provider|h=Provider]@12.3 ; ArrowUp>menuitem:Provider[menu×2|f=menuitem:Provider|h=Codex]@28 ; ArrowUp*>menuitem:Codex[menu×2|f=menuitem:Provider|h=Codex]@28.1 ; Enter>menuitem:Provider[menu×2|f=menuitem:Provider|h=Claude]@29.2 ; Enter*>menuitem:Claude[menu×2|f=menuitem:Provider|h=Claude]@29.3
chromium-dark-desktop › orbit-submenu-sample sub-right-up-enter burst sample 1,orbit-submenu-sample,submenu,sub-right-up-enter,sub-right-enter,burst,1,ArrowRight ArrowUp Enter,ran Claude | none | @button:Add attachment,1,1,ArrowRight>menuitem:Provider[menu×1|f=menuitem:Provider|h=Provider]@17.1 ; ArrowUp>menuitem:Provider[menu×2|f=menuitem:Provider|h=Codex]@36.9 ; ArrowUp*>menuitem:Codex[menu×2|f=menuitem:Provider|h=Codex]@37 ; Enter>menuitem:Provider[menu×2|f=menuitem:Provider|h=Claude]@38.4 ; Enter*>menuitem:Claude[menu×2|f=menuitem:Provider|h=Claude]@38.5
chromium-dark-desktop › orbit-submenu-sample sub-right-up-enter burst sample 2,orbit-submenu-sample,submenu,sub-right-up-enter,sub-right-enter,burst,2,ArrowRight ArrowUp Enter,ran Claude | none | @button:Add attachment,1,1,ArrowRight>menuitem:Provider[menu×1|f=menuitem:Provider|h=Provider]@7.1 ; ArrowUp>menuitem:Provider[menu×2|f=menuitem:Provider|h=Codex]@21.6 ; ArrowUp*>menuitem:Codex[menu×2|f=menuitem:Provider|h=Codex]@21.7 ; Enter>menuitem:Provider[menu×2|f=menuitem:Provider|h=Claude]@22.8 ; Enter*>menuitem:Claude[menu×2|f=menuitem:Provider|h=Claude]@22.9
chromium-dark-desktop › orbit-submenu-sample sub-right-up-enter burst sample 3,orbit-submenu-sample,submenu,sub-right-up-enter,sub-right-enter,burst,3,ArrowRight ArrowUp Enter,ran Claude | none | @button:Add attachment,1,1,ArrowRight>menuitem:Provider[menu×1|f=menuitem:Provider|h=Provider]@19.1 ; ArrowUp>menuitem:Provider[menu×2|f=menuitem:Provider|h=Codex]@42.8 ; ArrowUp*>menuitem:Codex[menu×2|f=menuitem:Provider|h=Codex]@43 ; Enter>menuitem:Provider[menu×2|f=menuitem:Provider|h=Claude]@45.7 ; Enter*>menuitem:Claude[menu×2|f=menuitem:Provider|h=Claude]@45.8
chromium-dark-desktop › orbit-submenu-sample sub-right-up-enter burst sample 4,orbit-submenu-sample,submenu,sub-right-up-enter,sub-right-enter,burst,4,ArrowRight ArrowUp Enter,ran Claude | none | @button:Add attachment,1,1,ArrowRight>menuitem:Provider[menu×1|f=menuitem:Provider|h=Provider]@21.4 ; ArrowUp>menuitem:Provider[menu×2|f=menuitem:Provider|h=Codex]@36.5 ; ArrowUp*>menuitem:Codex[menu×2|f=menuitem:Provider|h=Codex]@36.7 ; Enter>menuitem:Provider[menu×2|f=menuitem:Provider|h=Claude]@37.8 ; Enter*>menuitem:Claude[menu×2|f=menuitem:Provider|h=Claude]@37.8
chromium-dark-desktop › orbit-submenu-sample sub-right-up-enter burst sample 5,orbit-submenu-sample,submenu,sub-right-up-enter,sub-right-enter,burst,5,ArrowRight ArrowUp Enter,ran Claude | none | @button:Add attachment,1,1,ArrowRight>menuitem:Provider[menu×1|f=menuitem:Provider|h=Provider]@17.7 ; ArrowUp>menuitem:Provider[menu×2|f=menuitem:Provider|h=Codex]@50.5 ; ArrowUp*>menuitem:Codex[menu×2|f=menuitem:Provider|h=Codex]@50.7 ; Enter>menuitem:Provider[menu×2|f=menuitem:Provider|h=Claude]@53.5 ; Enter*>menuitem:Claude[menu×2|f=menuitem:Provider|h=Claude]@53.5
chromium-dark-desktop › orbit-submenu-sample sub-right-up-enter burst sample 6,orbit-submenu-sample,submenu,sub-right-up-enter,sub-right-enter,burst,6,ArrowRight ArrowUp Enter,ran Claude | none | @button:Add attachment,1,1,ArrowRight>menuitem:Provider[menu×1|f=menuitem:Provider|h=Provider]@20.8 ; ArrowUp>menuitem:Provider[menu×2|f=menuitem:Provider|h=Codex]@42.9 ; ArrowUp*>menuitem:Codex[menu×2|f=menuitem:Provider|h=Codex]@43 ; Enter>menuitem:Provider[menu×2|f=menuitem:Provider|h=Claude]@44.7 ; Enter*>menuitem:Claude[menu×2|f=menuitem:Provider|h=Claude]@44.8
chromium-dark-desktop › orbit-submenu-sample sub-right-up-enter burst sample 7,orbit-submenu-sample,submenu,sub-right-up-enter,sub-right-enter,burst,7,ArrowRight ArrowUp Enter,ran Claude | none | @button:Add attachment,1,1,ArrowRight>menuitem:Provider[menu×1|f=menuitem:Provider|h=Provider]@13.3 ; ArrowUp>menuitem:Provider[menu×2|f=menuitem:Provider|h=Codex]@33.7 ; ArrowUp*>menuitem:Codex[menu×2|f=menuitem:Provider|h=Codex]@33.8 ; Enter>menuitem:Provider[menu×2|f=menuitem:Provider|h=Claude]@36.1 ; Enter*>menuitem:Claude[menu×2|f=menuitem:Provider|h=Claude]@36.1
chromium-dark-desktop › orbit-submenu-sample sub-right-up-enter burst sample 8,orbit-submenu-sample,submenu,sub-right-up-enter,sub-right-enter,burst,8,ArrowRight ArrowUp Enter,ran Claude | none | @button:Add attachment,1,1,ArrowRight>menuitem:Provider[menu×1|f=menuitem:Provider|h=Provider]@30.6 ; ArrowUp>menuitem:Provider[menu×2|f=menuitem:Provider|h=Codex]@68.8 ; ArrowUp*>menuitem:Codex[menu×2|f=menuitem:Provider|h=Codex]@69.1 ; Enter>menuitem:Provider[menu×2|f=menuitem:Provider|h=Claude]@71.9 ; Enter*>menuitem:Claude[menu×2|f=menuitem:Provider|h=Claude]@72.1
chromium-dark-desktop › orbit-submenu-sample sub-right-up-enter burst sample 9,orbit-submenu-sample,submenu,sub-right-up-enter,sub-right-enter,burst,9,ArrowRight ArrowUp Enter,ran Claude | none | @button:Add attachment,1,1,ArrowRight>menuitem:Provider[menu×1|f=menuitem:Provider|h=Provider]@42.7 ; ArrowUp>menuitem:Provider[menu×2|f=menuitem:Provider|h=Codex]@85.6 ; ArrowUp*>menuitem:Codex[menu×2|f=menuitem:Provider|h=Codex]@85.9 ; Enter>menuitem:Provider[menu×2|f=menuitem:Provider|h=Claude]@88 ; Enter*>menuitem:Claude[menu×2|f=menuitem:Provider|h=Claude]@88.1
chromium-dark-desktop › orbit-submenu-sample sub-right-up-enter burst sample 10,orbit-submenu-sample,submenu,sub-right-up-enter,sub-right-enter,burst,10,ArrowRight ArrowUp Enter,ran Claude | none | @button:Add attachment,1,1,ArrowRight>menuitem:Provider[menu×1|f=menuitem:Provider|h=Provider]@11.8 ; ArrowUp>menuitem:Provider[menu×2|f=menuitem:Provider|h=Codex]@45.3 ; ArrowUp*>menuitem:Codex[menu×2|f=menuitem:Provider|h=Codex]@45.5 ; Enter>menuitem:Provider[menu×2|f=menuitem:Provider|h=Claude]@48.5 ; Enter*>menuitem:Claude[menu×2|f=menuitem:Provider|h=Claude]@48.7
chromium-dark-desktop › orbit-submenu-sample sub-right-up-enter burst sample 11,orbit-submenu-sample,submenu,sub-right-up-enter,sub-right-enter,burst,11,ArrowRight ArrowUp Enter,ran Claude | none | @button:Add attachment,1,1,ArrowRight>menuitem:Provider[menu×1|f=menuitem:Provider|h=Provider]@30 ; ArrowUp>menuitem:Provider[menu×2|f=menuitem:Provider|h=Codex]@62.9 ; ArrowUp*>menuitem:Codex[menu×2|f=menuitem:Provider|h=Codex]@63 ; Enter>menuitem:Provider[menu×2|f=menuitem:Provider|h=Claude]@65.7 ; Enter*>menuitem:Claude[menu×2|f=menuitem:Provider|h=Claude]@65.8
chromium-dark-desktop › orbit-submenu-sample sub-right-up-enter burst sample 12,orbit-submenu-sample,submenu,sub-right-up-enter,sub-right-enter,burst,12,ArrowRight ArrowUp Enter,ran Claude | none | @button:Add attachment,1,1,ArrowRight>menuitem:Provider[menu×1|f=menuitem:Provider|h=Provider]@17.1 ; ArrowUp>menuitem:Provider[menu×2|f=menuitem:Provider|h=Codex]@40.8 ; ArrowUp*>menuitem:Codex[menu×2|f=menuitem:Provider|h=Codex]@41 ; Enter>menuitem:Provider[menu×2|f=menuitem:Provider|h=Claude]@46.6 ; Enter*>menuitem:Claude[menu×2|f=menuitem:Provider|h=Claude]@46.7
chromium-dark-desktop › orbit-submenu-sample sub-right-up-enter burst sample 13,orbit-submenu-sample,submenu,sub-right-up-enter,sub-right-enter,burst,13,ArrowRight ArrowUp Enter,ran Claude | none | @button:Add attachment,1,1,ArrowRight>menuitem:Provider[menu×1|f=menuitem:Provider|h=Provider]@13.5 ; ArrowUp>menuitem:Provider[menu×2|f=menuitem:Provider|h=Codex]@35.9 ; ArrowUp*>menuitem:Codex[menu×2|f=menuitem:Provider|h=Codex]@36 ; Enter>menuitem:Provider[menu×2|f=menuitem:Provider|h=Claude]@38.8 ; Enter*>menuitem:Claude[menu×2|f=menuitem:Provider|h=Claude]@38.9
chromium-dark-desktop › orbit-submenu-sample sub-right-up-enter burst sample 14,orbit-submenu-sample,submenu,sub-right-up-enter,sub-right-enter,burst,14,ArrowRight ArrowUp Enter,ran Claude | none | @button:Add attachment,1,1,ArrowRight>menuitem:Provider[menu×1|f=menuitem:Provider|h=Provider]@20.5 ; ArrowUp>menuitem:Provider[menu×2|f=menuitem:Provider|h=Codex]@48.1 ; ArrowUp*>menuitem:Codex[menu×2|f=menuitem:Provider|h=Codex]@48.2 ; Enter>menuitem:Provider[menu×2|f=menuitem:Provider|h=Claude]@49.6 ; Enter*>menuitem:Claude[menu×2|f=menuitem:Provider|h=Claude]@49.7
chromium-dark-desktop › orbit-submenu-sample sub-right-up-enter burst sample 15,orbit-submenu-sample,submenu,sub-right-up-enter,sub-right-enter,burst,15,ArrowRight ArrowUp Enter,ran Claude | none | @button:Add attachment,1,1,ArrowRight>menuitem:Provider[menu×1|f=menuitem:Provider|h=Provider]@24.6 ; ArrowUp>menuitem:Provider[menu×2|f=menuitem:Provider|h=Codex]@47.3 ; ArrowUp*>menuitem:Codex[menu×2|f=menuitem:Provider|h=Codex]@47.5 ; Enter>menuitem:Provider[menu×2|f=menuitem:Provider|h=Claude]@49.5 ; Enter*>menuitem:Claude[menu×2|f=menuitem:Provider|h=Claude]@49.6
chromium-dark-desktop › orbit-submenu-sample sub-right-up-enter burst sample 16,orbit-submenu-sample,submenu,sub-right-up-enter,sub-right-enter,burst,16,ArrowRight ArrowUp Enter,ran Claude | none | @button:Add attachment,1,1,ArrowRight>menuitem:Provider[menu×1|f=menuitem:Provider|h=Provider]@7.1 ; ArrowUp>menuitem:Provider[menu×2|f=menuitem:Provider|h=Codex]@29.3 ; ArrowUp*>menuitem:Codex[menu×2|f=menuitem:Provider|h=Codex]@29.5 ; Enter>menuitem:Provider[menu×2|f=menuitem:Provider|h=Claude]@30.8 ; Enter*>menuitem:Claude[menu×2|f=menuitem:Provider|h=Claude]@31
chromium-dark-desktop › orbit-submenu-sample sub-right-up-enter burst sample 17,orbit-submenu-sample,submenu,sub-right-up-enter,sub-right-enter,burst,17,ArrowRight ArrowUp Enter,ran Claude | none | @button:Add attachment,1,1,ArrowRight>menuitem:Provider[menu×1|f=menuitem:Provider|h=Provider]@15.7 ; ArrowUp>menuitem:Provider[menu×2|f=menuitem:Provider|h=Codex]@32.7 ; ArrowUp*>menuitem:Codex[menu×2|f=menuitem:Provider|h=Codex]@32.9 ; Enter>menuitem:Provider[menu×2|f=menuitem:Provider|h=Claude]@34 ; Enter*>menuitem:Claude[menu×2|f=menuitem:Provider|h=Claude]@34
chromium-dark-desktop › orbit-submenu-sample sub-right-up-enter burst sample 18,orbit-submenu-sample,submenu,sub-right-up-enter,sub-right-enter,burst,18,ArrowRight ArrowUp Enter,ran Claude | none | @button:Add attachment,1,1,ArrowRight>menuitem:Provider[menu×1|f=menuitem:Provider|h=Provider]@26.3 ; ArrowUp>menuitem:Provider[menu×2|f=menuitem:Provider|h=Codex]@46.9 ; ArrowUp*>menuitem:Codex[menu×2|f=menuitem:Provider|h=Codex]@47.1 ; Enter>menuitem:Provider[menu×2|f=menuitem:Provider|h=Claude]@49.3 ; Enter*>menuitem:Claude[menu×2|f=menuitem:Provider|h=Claude]@49.4
chromium-dark-desktop › orbit-submenu-sample sub-right-up-enter burst sample 19,orbit-submenu-sample,submenu,sub-right-up-enter,sub-right-enter,burst,19,ArrowRight ArrowUp Enter,ran Claude | none | @button:Add attachment,1,1,ArrowRight>menuitem:Provider[menu×1|f=menuitem:Provider|h=Provider]@6.1 ; ArrowUp>menuitem:Provider[menu×2|f=menuitem:Provider|h=Codex]@22 ; ArrowUp*>menuitem:Codex[menu×2|f=menuitem:Provider|h=Codex]@22.2 ; Enter>menuitem:Provider[menu×2|f=menuitem:Provider|h=Claude]@23.5 ; Enter*>menuitem:Claude[menu×2|f=menuitem:Provider|h=Claude]@23.5
chromium-dark-desktop › orbit-submenu-sample sub-right-up-enter paced sample 0,orbit-submenu-sample,submenu,sub-right-up-enter,sub-right-enter,paced,0,ArrowRight ArrowUp Enter,ran Claude | none | @button:Add attachment,0,0,ArrowRight>menuitem:Provider[menu×1|f=menuitem:Provider|h=Provider]@16.8 ; ArrowUp>menuitem:Codex[menu×2|f=menuitem:Codex|h=Codex]@338.5 ; Enter>menuitem:Claude[menu×2|f=menuitem:Claude|h=Claude]@648.2
chromium-dark-desktop › orbit-submenu-sample sub-right-up-enter paced sample 1,orbit-submenu-sample,submenu,sub-right-up-enter,sub-right-enter,paced,1,ArrowRight ArrowUp Enter,ran Claude | none | @button:Add attachment,0,0,ArrowRight>menuitem:Provider[menu×1|f=menuitem:Provider|h=Provider]@10.5 ; ArrowUp>menuitem:Codex[menu×2|f=menuitem:Codex|h=Codex]@333.5 ; Enter>menuitem:Claude[menu×2|f=menuitem:Claude|h=Claude]@641
chromium-dark-desktop › orbit-submenu-sample sub-right-up-enter paced sample 2,orbit-submenu-sample,submenu,sub-right-up-enter,sub-right-enter,paced,2,ArrowRight ArrowUp Enter,ran Claude | none | @button:Add attachment,0,0,ArrowRight>menuitem:Provider[menu×1|f=menuitem:Provider|h=Provider]@8.8 ; ArrowUp>menuitem:Codex[menu×2|f=menuitem:Codex|h=Codex]@331 ; Enter>menuitem:Claude[menu×2|f=menuitem:Claude|h=Claude]@641.4
chromium-dark-desktop › orbit-submenu-sample sub-right-up-enter paced sample 3,orbit-submenu-sample,submenu,sub-right-up-enter,sub-right-enter,paced,3,ArrowRight ArrowUp Enter,ran Claude | none | @button:Add attachment,0,0,ArrowRight>menuitem:Provider[menu×1|f=menuitem:Provider|h=Provider]@13.6 ; ArrowUp>menuitem:Codex[menu×2|f=menuitem:Codex|h=Codex]@339.5 ; Enter>menuitem:Claude[menu×2|f=menuitem:Claude|h=Claude]@645.4
chromium-dark-desktop › orbit-submenu-sample sub-right-up-enter paced sample 4,orbit-submenu-sample,submenu,sub-right-up-enter,sub-right-enter,paced,4,ArrowRight ArrowUp Enter,ran Claude | none | @button:Add attachment,0,0,ArrowRight>menuitem:Provider[menu×1|f=menuitem:Provider|h=Provider]@5.7 ; ArrowUp>menuitem:Codex[menu×2|f=menuitem:Codex|h=Codex]@330 ; Enter>menuitem:Claude[menu×2|f=menuitem:Claude|h=Claude]@635.9
chromium-dark-desktop › orbit-submenu-sample sub-right-up-enter paced sample 5,orbit-submenu-sample,submenu,sub-right-up-enter,sub-right-enter,paced,5,ArrowRight ArrowUp Enter,ran Claude | none | @button:Add attachment,0,0,ArrowRight>menuitem:Provider[menu×1|f=menuitem:Provider|h=Provider]@13.8 ; ArrowUp>menuitem:Codex[menu×2|f=menuitem:Codex|h=Codex]@339.6 ; Enter>menuitem:Claude[menu×2|f=menuitem:Claude|h=Claude]@645.7
chromium-dark-desktop › orbit-submenu-sample sub-right-up-enter paced sample 6,orbit-submenu-sample,submenu,sub-right-up-enter,sub-right-enter,paced,6,ArrowRight ArrowUp Enter,ran Claude | none | @button:Add attachment,0,0,ArrowRight>menuitem:Provider[menu×1|f=menuitem:Provider|h=Provider]@11.9 ; ArrowUp>menuitem:Codex[menu×2|f=menuitem:Codex|h=Codex]@336.7 ; Enter>menuitem:Claude[menu×2|f=menuitem:Claude|h=Claude]@642.7
chromium-dark-desktop › orbit-submenu-sample sub-right-up-enter paced sample 7,orbit-submenu-sample,submenu,sub-right-up-enter,sub-right-enter,paced,7,ArrowRight ArrowUp Enter,ran Claude | none | @button:Add attachment,0,0,ArrowRight>menuitem:Provider[menu×1|f=menuitem:Provider|h=Provider]@17 ; ArrowUp>menuitem:Codex[menu×2|f=menuitem:Codex|h=Codex]@355.4 ; Enter>menuitem:Claude[menu×2|f=menuitem:Claude|h=Claude]@663.9
chromium-dark-desktop › orbit-submenu-sample sub-right-up-enter paced sample 8,orbit-submenu-sample,submenu,sub-right-up-enter,sub-right-enter,paced,8,ArrowRight ArrowUp Enter,ran Claude | none | @button:Add attachment,0,0,ArrowRight>menuitem:Provider[menu×1|f=menuitem:Provider|h=Provider]@20.3 ; ArrowUp>menuitem:Codex[menu×2|f=menuitem:Codex|h=Codex]@351.5 ; Enter>menuitem:Claude[menu×2|f=menuitem:Claude|h=Claude]@658.3
chromium-dark-desktop › orbit-submenu-sample sub-right-up-enter paced sample 9,orbit-submenu-sample,submenu,sub-right-up-enter,sub-right-enter,paced,9,ArrowRight ArrowUp Enter,ran Claude | none | @button:Add attachment,0,0,ArrowRight>menuitem:Provider[menu×1|f=menuitem:Provider|h=Provider]@17.6 ; ArrowUp>menuitem:Codex[menu×2|f=menuitem:Codex|h=Codex]@361.2 ; Enter>menuitem:Claude[menu×2|f=menuitem:Claude|h=Claude]@666.8
chromium-dark-desktop › orbit-submenu-sample sub-right-up-enter paced sample 10,orbit-submenu-sample,submenu,sub-right-up-enter,sub-right-enter,paced,10,ArrowRight ArrowUp Enter,ran Claude | none | @button:Add attachment,0,0,ArrowRight>menuitem:Provider[menu×1|f=menuitem:Provider|h=Provider]@3.3 ; ArrowUp>menuitem:Codex[menu×2|f=menuitem:Codex|h=Codex]@330.2 ; Enter>menuitem:Claude[menu×2|f=menuitem:Claude|h=Claude]@637
chromium-dark-desktop › orbit-submenu-sample sub-right-up-enter paced sample 11,orbit-submenu-sample,submenu,sub-right-up-enter,sub-right-enter,paced,11,ArrowRight ArrowUp Enter,ran Claude | none | @button:Add attachment,0,0,ArrowRight>menuitem:Provider[menu×1|f=menuitem:Provider|h=Provider]@11.2 ; ArrowUp>menuitem:Codex[menu×2|f=menuitem:Codex|h=Codex]@334.6 ; Enter>menuitem:Claude[menu×2|f=menuitem:Claude|h=Claude]@642.5
chromium-dark-desktop › orbit-submenu-sample sub-right-up-enter paced sample 12,orbit-submenu-sample,submenu,sub-right-up-enter,sub-right-enter,paced,12,ArrowRight ArrowUp Enter,ran Claude | none | @button:Add attachment,0,0,ArrowRight>menuitem:Provider[menu×1|f=menuitem:Provider|h=Provider]@10.2 ; ArrowUp>menuitem:Codex[menu×2|f=menuitem:Codex|h=Codex]@335.4 ; Enter>menuitem:Claude[menu×2|f=menuitem:Claude|h=Claude]@643.1
chromium-dark-desktop › orbit-submenu-sample sub-right-up-enter paced sample 13,orbit-submenu-sample,submenu,sub-right-up-enter,sub-right-enter,paced,13,ArrowRight ArrowUp Enter,ran Claude | none | @button:Add attachment,0,0,ArrowRight>menuitem:Provider[menu×1|f=menuitem:Provider|h=Provider]@8.1 ; ArrowUp>menuitem:Codex[menu×2|f=menuitem:Codex|h=Codex]@344.2 ; Enter>menuitem:Claude[menu×2|f=menuitem:Claude|h=Claude]@650.9
chromium-dark-desktop › orbit-submenu-sample sub-right-up-enter paced sample 14,orbit-submenu-sample,submenu,sub-right-up-enter,sub-right-enter,paced,14,ArrowRight ArrowUp Enter,ran Claude | none | @button:Add attachment,0,0,ArrowRight>menuitem:Provider[menu×1|f=menuitem:Provider|h=Provider]@22.5 ; ArrowUp>menuitem:Codex[menu×2|f=menuitem:Codex|h=Codex]@363.7 ; Enter>menuitem:Claude[menu×2|f=menuitem:Claude|h=Claude]@678.1
chromium-dark-desktop › orbit-submenu-sample sub-right-up-enter paced sample 15,orbit-submenu-sample,submenu,sub-right-up-enter,sub-right-enter,paced,15,ArrowRight ArrowUp Enter,ran Claude | none | @button:Add attachment,0,0,ArrowRight>menuitem:Provider[menu×1|f=menuitem:Provider|h=Provider]@18.4 ; ArrowUp>menuitem:Codex[menu×2|f=menuitem:Codex|h=Codex]@371.4 ; Enter>menuitem:Claude[menu×2|f=menuitem:Claude|h=Claude]@687.8
chromium-dark-desktop › orbit-submenu-sample sub-right-up-enter paced sample 16,orbit-submenu-sample,submenu,sub-right-up-enter,sub-right-enter,paced,16,ArrowRight ArrowUp Enter,ran Claude | none | @button:Add attachment,0,0,ArrowRight>menuitem:Provider[menu×1|f=menuitem:Provider|h=Provider]@32.3 ; ArrowUp>menuitem:Codex[menu×2|f=menuitem:Codex|h=Codex]@443.2 ; Enter>menuitem:Claude[menu×2|f=menuitem:Claude|h=Claude]@764.8
chromium-dark-desktop › orbit-submenu-sample sub-right-up-enter paced sample 17,orbit-submenu-sample,submenu,sub-right-up-enter,sub-right-enter,paced,17,ArrowRight ArrowUp Enter,ran Claude | none | @button:Add attachment,0,0,ArrowRight>menuitem:Provider[menu×1|f=menuitem:Provider|h=Provider]@14.9 ; ArrowUp>menuitem:Codex[menu×2|f=menuitem:Codex|h=Codex]@348.2 ; Enter>menuitem:Claude[menu×2|f=menuitem:Claude|h=Claude]@659.8
chromium-dark-desktop › orbit-submenu-sample sub-right-up-enter paced sample 18,orbit-submenu-sample,submenu,sub-right-up-enter,sub-right-enter,paced,18,ArrowRight ArrowUp Enter,ran Claude | none | @button:Add attachment,0,0,ArrowRight>menuitem:Provider[menu×1|f=menuitem:Provider|h=Provider]@5.3 ; ArrowUp>menuitem:Codex[menu×2|f=menuitem:Codex|h=Codex]@332.2 ; Enter>menuitem:Claude[menu×2|f=menuitem:Claude|h=Claude]@641.2
chromium-dark-desktop › orbit-submenu-sample sub-right-up-enter paced sample 19,orbit-submenu-sample,submenu,sub-right-up-enter,sub-right-enter,paced,19,ArrowRight ArrowUp Enter,ran Claude | none | @button:Add attachment,0,0,ArrowRight>menuitem:Provider[menu×1|f=menuitem:Provider|h=Provider]@8.6 ; ArrowUp>menuitem:Codex[menu×2|f=menuitem:Codex|h=Codex]@344.7 ; Enter>menuitem:Claude[menu×2|f=menuitem:Claude|h=Claude]@652.7
chromium-dark-desktop › orbit-session sub-right-up-enter burst sample 0,orbit-session,submenu,sub-right-up-enter,sub-right-enter,burst,0,ArrowRight ArrowUp Enter,Picked=claude | none | @body:darkSwitch themeSession ,1,1,ArrowRight>menuitem:Provider[menu×1|f=menuitem:Provider|h=Provider]@15.1 ; ArrowUp>menuitem:Provider[menu×2|f=menuitem:Provider|h=Codex]@33.9 ; ArrowUp*>menuitem:Codex[menu×2|f=menuitem:Provider|h=Codex]@34.1 ; Enter>menuitem:Provider[menu×2|f=menuitem:Provider|h=Claude]@35.5 ; Enter*>menuitem:Claude[menu×2|f=menuitem:Provider|h=Claude]@35.5
chromium-dark-desktop › orbit-session sub-right-up-enter burst sample 1,orbit-session,submenu,sub-right-up-enter,sub-right-enter,burst,1,ArrowRight ArrowUp Enter,Picked=claude | none | @body:darkSwitch themeSession ,1,1,ArrowRight>menuitem:Provider[menu×1|f=menuitem:Provider|h=Provider]@4 ; ArrowUp>menuitem:Provider[menu×2|f=menuitem:Provider|h=Codex]@18.5 ; ArrowUp*>menuitem:Codex[menu×2|f=menuitem:Provider|h=Codex]@18.6 ; Enter>menuitem:Provider[menu×2|f=menuitem:Provider|h=Claude]@19.6 ; Enter*>menuitem:Claude[menu×2|f=menuitem:Provider|h=Claude]@19.7
chromium-dark-desktop › orbit-session sub-right-up-enter burst sample 2,orbit-session,submenu,sub-right-up-enter,sub-right-enter,burst,2,ArrowRight ArrowUp Enter,Picked=claude | none | @body:darkSwitch themeSession ,1,1,ArrowRight>menuitem:Provider[menu×1|f=menuitem:Provider|h=Provider]@17.7 ; ArrowUp>menuitem:Provider[menu×2|f=menuitem:Provider|h=Codex]@32.3 ; ArrowUp*>menuitem:Codex[menu×2|f=menuitem:Provider|h=Codex]@32.3 ; Enter>menuitem:Provider[menu×2|f=menuitem:Provider|h=Claude]@33.2 ; Enter*>menuitem:Claude[menu×2|f=menuitem:Provider|h=Claude]@33.2
chromium-dark-desktop › orbit-session sub-right-up-enter burst sample 3,orbit-session,submenu,sub-right-up-enter,sub-right-enter,burst,3,ArrowRight ArrowUp Enter,Picked=claude | none | @body:darkSwitch themeSession ,1,1,ArrowRight>menuitem:Provider[menu×1|f=menuitem:Provider|h=Provider]@17.9 ; ArrowUp>menuitem:Provider[menu×2|f=menuitem:Provider|h=Codex]@31.9 ; ArrowUp*>menuitem:Codex[menu×2|f=menuitem:Provider|h=Codex]@32 ; Enter>menuitem:Provider[menu×2|f=menuitem:Provider|h=Claude]@32.9 ; Enter*>menuitem:Claude[menu×2|f=menuitem:Provider|h=Claude]@33
chromium-dark-desktop › orbit-session sub-right-up-enter burst sample 4,orbit-session,submenu,sub-right-up-enter,sub-right-enter,burst,4,ArrowRight ArrowUp Enter,Picked=claude | none | @body:darkSwitch themeSession ,1,1,ArrowRight>menuitem:Provider[menu×1|f=menuitem:Provider|h=Provider]@5.6 ; ArrowUp>menuitem:Provider[menu×2|f=menuitem:Provider|h=Codex]@22 ; ArrowUp*>menuitem:Codex[menu×2|f=menuitem:Provider|h=Codex]@22 ; Enter>menuitem:Provider[menu×2|f=menuitem:Provider|h=Claude]@23.2 ; Enter*>menuitem:Claude[menu×2|f=menuitem:Provider|h=Claude]@23.3
chromium-dark-desktop › orbit-session sub-right-up-enter burst sample 5,orbit-session,submenu,sub-right-up-enter,sub-right-enter,burst,5,ArrowRight ArrowUp Enter,Picked=claude | none | @body:darkSwitch themeSession ,1,1,ArrowRight>menuitem:Provider[menu×1|f=menuitem:Provider|h=Provider]@16.8 ; ArrowUp>menuitem:Provider[menu×2|f=menuitem:Provider|h=Codex]@32.3 ; ArrowUp*>menuitem:Codex[menu×2|f=menuitem:Provider|h=Codex]@32.4 ; Enter>menuitem:Provider[menu×2|f=menuitem:Provider|h=Claude]@33.3 ; Enter*>menuitem:Claude[menu×2|f=menuitem:Provider|h=Claude]@33.4
chromium-dark-desktop › orbit-session sub-right-up-enter burst sample 6,orbit-session,submenu,sub-right-up-enter,sub-right-enter,burst,6,ArrowRight ArrowUp Enter,Picked=claude | none | @body:darkSwitch themeSession ,1,1,ArrowRight>menuitem:Provider[menu×1|f=menuitem:Provider|h=Provider]@11 ; ArrowUp>menuitem:Provider[menu×2|f=menuitem:Provider|h=Codex]@27.1 ; ArrowUp*>menuitem:Codex[menu×2|f=menuitem:Provider|h=Codex]@27.2 ; Enter>menuitem:Provider[menu×2|f=menuitem:Provider|h=Claude]@28.2 ; Enter*>menuitem:Claude[menu×2|f=menuitem:Provider|h=Claude]@28.3
chromium-dark-desktop › orbit-session sub-right-up-enter burst sample 7,orbit-session,submenu,sub-right-up-enter,sub-right-enter,burst,7,ArrowRight ArrowUp Enter,Picked=claude | none | @body:darkSwitch themeSession ,1,1,ArrowRight>menuitem:Provider[menu×1|f=menuitem:Provider|h=Provider]@3.8 ; ArrowUp>menuitem:Provider[menu×2|f=menuitem:Provider|h=Codex]@18.3 ; ArrowUp*>menuitem:Codex[menu×2|f=menuitem:Provider|h=Codex]@18.3 ; Enter>menuitem:Provider[menu×2|f=menuitem:Provider|h=Claude]@19.3 ; Enter*>menuitem:Claude[menu×2|f=menuitem:Provider|h=Claude]@19.3
chromium-dark-desktop › orbit-session sub-right-up-enter burst sample 8,orbit-session,submenu,sub-right-up-enter,sub-right-enter,burst,8,ArrowRight ArrowUp Enter,Picked=claude | none | @body:darkSwitch themeSession ,1,1,ArrowRight>menuitem:Provider[menu×1|f=menuitem:Provider|h=Provider]@29.3 ; ArrowUp>menuitem:Provider[menu×2|f=menuitem:Provider|h=Codex]@49.2 ; ArrowUp*>menuitem:Codex[menu×2|f=menuitem:Provider|h=Codex]@49.4 ; Enter>menuitem:Provider[menu×2|f=menuitem:Provider|h=Claude]@50.8 ; Enter*>menuitem:Claude[menu×2|f=menuitem:Provider|h=Claude]@50.9
chromium-dark-desktop › orbit-session sub-right-up-enter burst sample 9,orbit-session,submenu,sub-right-up-enter,sub-right-enter,burst,9,ArrowRight ArrowUp Enter,Picked=claude | none | @body:darkSwitch themeSession ,1,1,ArrowRight>menuitem:Provider[menu×1|f=menuitem:Provider|h=Provider]@18 ; ArrowUp>menuitem:Provider[menu×2|f=menuitem:Provider|h=Codex]@32.4 ; ArrowUp*>menuitem:Codex[menu×2|f=menuitem:Provider|h=Codex]@32.5 ; Enter>menuitem:Provider[menu×2|f=menuitem:Provider|h=Claude]@33.5 ; Enter*>menuitem:Claude[menu×2|f=menuitem:Provider|h=Claude]@33.6
chromium-dark-desktop › orbit-session sub-right-up-enter burst sample 10,orbit-session,submenu,sub-right-up-enter,sub-right-enter,burst,10,ArrowRight ArrowUp Enter,Picked=claude | none | @body:darkSwitch themeSession ,1,1,ArrowRight>menuitem:Provider[menu×1|f=menuitem:Provider|h=Provider]@13.9 ; ArrowUp>menuitem:Provider[menu×2|f=menuitem:Provider|h=Codex]@30.9 ; ArrowUp*>menuitem:Codex[menu×2|f=menuitem:Provider|h=Codex]@31.1 ; Enter>menuitem:Provider[menu×2|f=menuitem:Provider|h=Claude]@32.1 ; Enter*>menuitem:Claude[menu×2|f=menuitem:Provider|h=Claude]@32.2
chromium-dark-desktop › orbit-session sub-right-up-enter burst sample 11,orbit-session,submenu,sub-right-up-enter,sub-right-enter,burst,11,ArrowRight ArrowUp Enter,Picked=claude | none | @body:darkSwitch themeSession ,1,1,ArrowRight>menuitem:Provider[menu×1|f=menuitem:Provider|h=Provider]@17.4 ; ArrowUp>menuitem:Provider[menu×2|f=menuitem:Provider|h=Codex]@33.4 ; ArrowUp*>menuitem:Codex[menu×2|f=menuitem:Provider|h=Codex]@33.6 ; Enter>menuitem:Provider[menu×2|f=menuitem:Provider|h=Claude]@34.6 ; Enter*>menuitem:Claude[menu×2|f=menuitem:Provider|h=Claude]@34.6
chromium-dark-desktop › orbit-session sub-right-up-enter burst sample 12,orbit-session,submenu,sub-right-up-enter,sub-right-enter,burst,12,ArrowRight ArrowUp Enter,Picked=claude | none | @body:darkSwitch themeSession ,1,1,ArrowRight>menuitem:Provider[menu×1|f=menuitem:Provider|h=Provider]@23.1 ; ArrowUp>menuitem:Provider[menu×2|f=menuitem:Provider|h=Codex]@49.2 ; ArrowUp*>menuitem:Codex[menu×2|f=menuitem:Provider|h=Codex]@49.5 ; Enter>menuitem:Provider[menu×2|f=menuitem:Provider|h=Claude]@51.1 ; Enter*>menuitem:Claude[menu×2|f=menuitem:Provider|h=Claude]@51.1
chromium-dark-desktop › orbit-session sub-right-up-enter burst sample 13,orbit-session,submenu,sub-right-up-enter,sub-right-enter,burst,13,ArrowRight ArrowUp Enter,Picked=claude | none | @body:darkSwitch themeSession ,1,1,ArrowRight>menuitem:Provider[menu×1|f=menuitem:Provider|h=Provider]@17.3 ; ArrowUp>menuitem:Provider[menu×2|f=menuitem:Provider|h=Codex]@35.4 ; ArrowUp*>menuitem:Codex[menu×2|f=menuitem:Provider|h=Codex]@35.6 ; Enter>menuitem:Provider[menu×2|f=menuitem:Provider|h=Claude]@36.7 ; Enter*>menuitem:Claude[menu×2|f=menuitem:Provider|h=Claude]@36.7
chromium-dark-desktop › orbit-session sub-right-up-enter burst sample 14,orbit-session,submenu,sub-right-up-enter,sub-right-enter,burst,14,ArrowRight ArrowUp Enter,Picked=claude | none | @body:darkSwitch themeSession ,1,1,ArrowRight>menuitem:Provider[menu×1|f=menuitem:Provider|h=Provider]@15.8 ; ArrowUp>menuitem:Provider[menu×2|f=menuitem:Provider|h=Codex]@30.2 ; ArrowUp*>menuitem:Codex[menu×2|f=menuitem:Provider|h=Codex]@30.3 ; Enter>menuitem:Provider[menu×2|f=menuitem:Provider|h=Claude]@31.2 ; Enter*>menuitem:Claude[menu×2|f=menuitem:Provider|h=Claude]@31.2
chromium-dark-desktop › orbit-session sub-right-up-enter burst sample 15,orbit-session,submenu,sub-right-up-enter,sub-right-enter,burst,15,ArrowRight ArrowUp Enter,Picked=claude | none | @body:darkSwitch themeSession ,1,1,ArrowRight>menuitem:Provider[menu×1|f=menuitem:Provider|h=Provider]@5.9 ; ArrowUp>menuitem:Provider[menu×2|f=menuitem:Provider|h=Codex]@19.5 ; ArrowUp*>menuitem:Codex[menu×2|f=menuitem:Provider|h=Codex]@19.6 ; Enter>menuitem:Provider[menu×2|f=menuitem:Provider|h=Claude]@20.5 ; Enter*>menuitem:Claude[menu×2|f=menuitem:Provider|h=Claude]@20.6
chromium-dark-desktop › orbit-session sub-right-up-enter burst sample 16,orbit-session,submenu,sub-right-up-enter,sub-right-enter,burst,16,ArrowRight ArrowUp Enter,Picked=claude | none | @body:darkSwitch themeSession ,1,1,ArrowRight>menuitem:Provider[menu×1|f=menuitem:Provider|h=Provider]@15.5 ; ArrowUp>menuitem:Provider[menu×2|f=menuitem:Provider|h=Codex]@31.1 ; ArrowUp*>menuitem:Codex[menu×2|f=menuitem:Provider|h=Codex]@31.3 ; Enter>menuitem:Provider[menu×2|f=menuitem:Provider|h=Claude]@32.2 ; Enter*>menuitem:Claude[menu×2|f=menuitem:Provider|h=Claude]@32.3
chromium-dark-desktop › orbit-session sub-right-up-enter burst sample 17,orbit-session,submenu,sub-right-up-enter,sub-right-enter,burst,17,ArrowRight ArrowUp Enter,Picked=claude | none | @body:darkSwitch themeSession ,1,1,ArrowRight>menuitem:Provider[menu×1|f=menuitem:Provider|h=Provider]@13.7 ; ArrowUp>menuitem:Provider[menu×2|f=menuitem:Provider|h=Codex]@33.7 ; ArrowUp*>menuitem:Codex[menu×2|f=menuitem:Provider|h=Codex]@33.8 ; Enter>menuitem:Provider[menu×2|f=menuitem:Provider|h=Claude]@35.4 ; Enter*>menuitem:Claude[menu×2|f=menuitem:Provider|h=Claude]@35.5
chromium-dark-desktop › orbit-session sub-right-up-enter burst sample 18,orbit-session,submenu,sub-right-up-enter,sub-right-enter,burst,18,ArrowRight ArrowUp Enter,Picked=claude | none | @body:darkSwitch themeSession ,1,1,ArrowRight>menuitem:Provider[menu×1|f=menuitem:Provider|h=Provider]@16.4 ; ArrowUp>menuitem:Provider[menu×2|f=menuitem:Provider|h=Codex]@33.7 ; ArrowUp*>menuitem:Codex[menu×2|f=menuitem:Provider|h=Codex]@33.9 ; Enter>menuitem:Provider[menu×2|f=menuitem:Provider|h=Claude]@35.4 ; Enter*>menuitem:Claude[menu×2|f=menuitem:Provider|h=Claude]@35.5
chromium-dark-desktop › orbit-session sub-right-up-enter burst sample 19,orbit-session,submenu,sub-right-up-enter,sub-right-enter,burst,19,ArrowRight ArrowUp Enter,Picked=claude | none | @body:darkSwitch themeSession ,1,1,ArrowRight>menuitem:Provider[menu×1|f=menuitem:Provider|h=Provider]@18 ; ArrowUp>menuitem:Provider[menu×2|f=menuitem:Provider|h=Codex]@31.7 ; ArrowUp*>menuitem:Codex[menu×2|f=menuitem:Provider|h=Codex]@31.9 ; Enter>menuitem:Provider[menu×2|f=menuitem:Provider|h=Claude]@32.7 ; Enter*>menuitem:Claude[menu×2|f=menuitem:Provider|h=Claude]@32.9
chromium-dark-desktop › orbit-session sub-right-up-enter paced sample 0,orbit-session,submenu,sub-right-up-enter,sub-right-enter,paced,0,ArrowRight ArrowUp Enter,Picked=claude | none | @button:Session actions,0,0,ArrowRight>menuitem:Provider[menu×1|f=menuitem:Provider|h=Provider]@5.1 ; ArrowUp>menuitem:Codex[menu×2|f=menuitem:Codex|h=Codex]@331.2 ; Enter>menuitem:Claude[menu×2|f=menuitem:Claude|h=Claude]@637.4
chromium-dark-desktop › orbit-session sub-right-up-enter paced sample 1,orbit-session,submenu,sub-right-up-enter,sub-right-enter,paced,1,ArrowRight ArrowUp Enter,Picked=claude | none | @button:Session actions,0,0,ArrowRight>menuitem:Provider[menu×1|f=menuitem:Provider|h=Provider]@32.7 ; ArrowUp>menuitem:Codex[menu×2|f=menuitem:Codex|h=Codex]@372.4 ; Enter>menuitem:Claude[menu×2|f=menuitem:Claude|h=Claude]@679.9
chromium-dark-desktop › orbit-session sub-right-up-enter paced sample 2,orbit-session,submenu,sub-right-up-enter,sub-right-enter,paced,2,ArrowRight ArrowUp Enter,Picked=claude | none | @button:Session actions,0,0,ArrowRight>menuitem:Provider[menu×1|f=menuitem:Provider|h=Provider]@19.2 ; ArrowUp>menuitem:Codex[menu×2|f=menuitem:Codex|h=Codex]@345.6 ; Enter>menuitem:Claude[menu×2|f=menuitem:Claude|h=Claude]@651.9
chromium-dark-desktop › orbit-session sub-right-up-enter paced sample 3,orbit-session,submenu,sub-right-up-enter,sub-right-enter,paced,3,ArrowRight ArrowUp Enter,Picked=claude | none | @button:Session actions,0,0,ArrowRight>menuitem:Provider[menu×1|f=menuitem:Provider|h=Provider]@19 ; ArrowUp>menuitem:Codex[menu×2|f=menuitem:Codex|h=Codex]@343.6 ; Enter>menuitem:Claude[menu×2|f=menuitem:Claude|h=Claude]@649.1
chromium-dark-desktop › orbit-session sub-right-up-enter paced sample 4,orbit-session,submenu,sub-right-up-enter,sub-right-enter,paced,4,ArrowRight ArrowUp Enter,Picked=claude | none | @button:Session actions,0,0,ArrowRight>menuitem:Provider[menu×1|f=menuitem:Provider|h=Provider]@16.3 ; ArrowUp>menuitem:Codex[menu×2|f=menuitem:Codex|h=Codex]@340.1 ; Enter>menuitem:Claude[menu×2|f=menuitem:Claude|h=Claude]@647.8
chromium-dark-desktop › orbit-session sub-right-up-enter paced sample 5,orbit-session,submenu,sub-right-up-enter,sub-right-enter,paced,5,ArrowRight ArrowUp Enter,Picked=claude | none | @button:Session actions,0,0,ArrowRight>menuitem:Provider[menu×1|f=menuitem:Provider|h=Provider]@10.6 ; ArrowUp>menuitem:Codex[menu×2|f=menuitem:Codex|h=Codex]@337.6 ; Enter>menuitem:Claude[menu×2|f=menuitem:Claude|h=Claude]@645.8
chromium-dark-desktop › orbit-session sub-right-up-enter paced sample 6,orbit-session,submenu,sub-right-up-enter,sub-right-enter,paced,6,ArrowRight ArrowUp Enter,Picked=claude | none | @button:Session actions,0,0,ArrowRight>menuitem:Provider[menu×1|f=menuitem:Provider|h=Provider]@6.5 ; ArrowUp>menuitem:Codex[menu×2|f=menuitem:Codex|h=Codex]@333.2 ; Enter>menuitem:Claude[menu×2|f=menuitem:Claude|h=Claude]@640.5
chromium-dark-desktop › orbit-session sub-right-up-enter paced sample 7,orbit-session,submenu,sub-right-up-enter,sub-right-enter,paced,7,ArrowRight ArrowUp Enter,Picked=claude | none | @button:Session actions,0,0,ArrowRight>menuitem:Provider[menu×1|f=menuitem:Provider|h=Provider]@26.7 ; ArrowUp>menuitem:Codex[menu×2|f=menuitem:Codex|h=Codex]@362.7 ; Enter>menuitem:Claude[menu×2|f=menuitem:Claude|h=Claude]@676.7
chromium-dark-desktop › orbit-session sub-right-up-enter paced sample 8,orbit-session,submenu,sub-right-up-enter,sub-right-enter,paced,8,ArrowRight ArrowUp Enter,Picked=claude | none | @button:Session actions,0,0,ArrowRight>menuitem:Provider[menu×1|f=menuitem:Provider|h=Provider]@16.7 ; ArrowUp>menuitem:Codex[menu×2|f=menuitem:Codex|h=Codex]@347.7 ; Enter>menuitem:Claude[menu×2|f=menuitem:Claude|h=Claude]@658.4
chromium-dark-desktop › orbit-session sub-right-up-enter paced sample 9,orbit-session,submenu,sub-right-up-enter,sub-right-enter,paced,9,ArrowRight ArrowUp Enter,Picked=claude | none | @button:Session actions,0,0,ArrowRight>menuitem:Provider[menu×1|f=menuitem:Provider|h=Provider]@19.6 ; ArrowUp>menuitem:Codex[menu×2|f=menuitem:Codex|h=Codex]@357.9 ; Enter>menuitem:Claude[menu×2|f=menuitem:Claude|h=Claude]@664.4
chromium-dark-desktop › orbit-session sub-right-up-enter paced sample 10,orbit-session,submenu,sub-right-up-enter,sub-right-enter,paced,10,ArrowRight ArrowUp Enter,Picked=claude | none | @button:Session actions,0,0,ArrowRight>menuitem:Provider[menu×1|f=menuitem:Provider|h=Provider]@6.3 ; ArrowUp>menuitem:Codex[menu×2|f=menuitem:Codex|h=Codex]@331.9 ; Enter>menuitem:Claude[menu×2|f=menuitem:Claude|h=Claude]@642.9
chromium-dark-desktop › orbit-session sub-right-up-enter paced sample 11,orbit-session,submenu,sub-right-up-enter,sub-right-enter,paced,11,ArrowRight ArrowUp Enter,Picked=claude | none | @button:Session actions,0,0,ArrowRight>menuitem:Provider[menu×1|f=menuitem:Provider|h=Provider]@16.9 ; ArrowUp>menuitem:Codex[menu×2|f=menuitem:Codex|h=Codex]@342.5 ; Enter>menuitem:Claude[menu×2|f=menuitem:Claude|h=Claude]@651.6
chromium-dark-desktop › orbit-session sub-right-up-enter paced sample 12,orbit-session,submenu,sub-right-up-enter,sub-right-enter,paced,12,ArrowRight ArrowUp Enter,Picked=claude | none | @button:Session actions,0,0,ArrowRight>menuitem:Provider[menu×1|f=menuitem:Provider|h=Provider]@3.6 ; ArrowUp>menuitem:Codex[menu×2|f=menuitem:Codex|h=Codex]@329.1 ; Enter>menuitem:Claude[menu×2|f=menuitem:Claude|h=Claude]@636.5
chromium-dark-desktop › orbit-session sub-right-up-enter paced sample 13,orbit-session,submenu,sub-right-up-enter,sub-right-enter,paced,13,ArrowRight ArrowUp Enter,Picked=claude | none | @button:Session actions,0,0,ArrowRight>menuitem:Provider[menu×1|f=menuitem:Provider|h=Provider]@4.6 ; ArrowUp>menuitem:Codex[menu×2|f=menuitem:Codex|h=Codex]@330.4 ; Enter>menuitem:Claude[menu×2|f=menuitem:Claude|h=Claude]@637.5
chromium-dark-desktop › orbit-session sub-right-up-enter paced sample 14,orbit-session,submenu,sub-right-up-enter,sub-right-enter,paced,14,ArrowRight ArrowUp Enter,Picked=claude | none | @button:Session actions,0,0,ArrowRight>menuitem:Provider[menu×1|f=menuitem:Provider|h=Provider]@26 ; ArrowUp>menuitem:Codex[menu×2|f=menuitem:Codex|h=Codex]@381.6 ; Enter>menuitem:Claude[menu×2|f=menuitem:Claude|h=Claude]@724.1
chromium-dark-desktop › orbit-session sub-right-up-enter paced sample 15,orbit-session,submenu,sub-right-up-enter,sub-right-enter,paced,15,ArrowRight ArrowUp Enter,Picked=claude | none | @button:Session actions,0,0,ArrowRight>menuitem:Provider[menu×1|f=menuitem:Provider|h=Provider]@18 ; ArrowUp>menuitem:Codex[menu×2|f=menuitem:Codex|h=Codex]@341.2 ; Enter>menuitem:Claude[menu×2|f=menuitem:Claude|h=Claude]@646.9
chromium-dark-desktop › orbit-session sub-right-up-enter paced sample 16,orbit-session,submenu,sub-right-up-enter,sub-right-enter,paced,16,ArrowRight ArrowUp Enter,Picked=claude | none | @button:Session actions,0,0,ArrowRight>menuitem:Provider[menu×1|f=menuitem:Provider|h=Provider]@18.2 ; ArrowUp>menuitem:Codex[menu×2|f=menuitem:Codex|h=Codex]@341.2 ; Enter>menuitem:Claude[menu×2|f=menuitem:Claude|h=Claude]@648.7
chromium-dark-desktop › orbit-session sub-right-up-enter paced sample 17,orbit-session,submenu,sub-right-up-enter,sub-right-enter,paced,17,ArrowRight ArrowUp Enter,Picked=claude | none | @button:Session actions,0,0,ArrowRight>menuitem:Provider[menu×1|f=menuitem:Provider|h=Provider]@20.1 ; ArrowUp>menuitem:Codex[menu×2|f=menuitem:Codex|h=Codex]@346.6 ; Enter>menuitem:Claude[menu×2|f=menuitem:Claude|h=Claude]@653.2
chromium-dark-desktop › orbit-session sub-right-up-enter paced sample 18,orbit-session,submenu,sub-right-up-enter,sub-right-enter,paced,18,ArrowRight ArrowUp Enter,Picked=claude | none | @button:Session actions,0,0,ArrowRight>menuitem:Provider[menu×1|f=menuitem:Provider|h=Provider]@10.9 ; ArrowUp>menuitem:Codex[menu×2|f=menuitem:Codex|h=Codex]@341.3 ; Enter>menuitem:Claude[menu×2|f=menuitem:Claude|h=Claude]@652.6
chromium-dark-desktop › orbit-session sub-right-up-enter paced sample 19,orbit-session,submenu,sub-right-up-enter,sub-right-enter,paced,19,ArrowRight ArrowUp Enter,Picked=claude | none | @button:Session actions,0,0,ArrowRight>menuitem:Provider[menu×1|f=menuitem:Provider|h=Provider]@25.7 ; ArrowUp>menuitem:Codex[menu×2|f=menuitem:Codex|h=Codex]@355.4 ; Enter>menuitem:Claude[menu×2|f=menuitem:Claude|h=Claude]@661.8
chromium-dark-desktop › orbit-submenu sub-right-left burst sample 0,orbit-submenu,submenu,sub-right-left,sub-right,burst,0,ArrowRight ArrowLeft,none | menu×1 | @menuitem:Provider,1,1,ArrowRight>menuitem:Provider[menu×1|f=menuitem:Provider|h=Provider]@19.9 ; ArrowLeft>menuitem:Provider[menu×2|f=menuitem:Provider|h=Codex]@35.9 ; ArrowLeft*>menuitem:Codex[menu×2|f=menuitem:Provider|h=Codex]@36.2
chromium-dark-desktop › orbit-submenu sub-right-left burst sample 1,orbit-submenu,submenu,sub-right-left,sub-right,burst,1,ArrowRight ArrowLeft,none | menu×1 | @menuitem:Provider,1,1,ArrowRight>menuitem:Provider[menu×1|f=menuitem:Provider|h=Provider]@14.2 ; ArrowLeft>menuitem:Provider[menu×2|f=menuitem:Provider|h=Codex]@32.5 ; ArrowLeft*>menuitem:Codex[menu×2|f=menuitem:Provider|h=Codex]@32.7
chromium-dark-desktop › orbit-submenu sub-right-left burst sample 2,orbit-submenu,submenu,sub-right-left,sub-right,burst,2,ArrowRight ArrowLeft,none | menu×1 | @menuitem:Provider,1,1,ArrowRight>menuitem:Provider[menu×1|f=menuitem:Provider|h=Provider]@20.5 ; ArrowLeft>menuitem:Provider[menu×2|f=menuitem:Provider|h=Codex]@39.2 ; ArrowLeft*>menuitem:Codex[menu×2|f=menuitem:Provider|h=Codex]@39.4
chromium-dark-desktop › orbit-submenu sub-right-left burst sample 3,orbit-submenu,submenu,sub-right-left,sub-right,burst,3,ArrowRight ArrowLeft,none | menu×1 | @menuitem:Provider,1,1,ArrowRight>menuitem:Provider[menu×1|f=menuitem:Provider|h=Provider]@10.9 ; ArrowLeft>menuitem:Provider[menu×2|f=menuitem:Provider|h=Codex]@42.6 ; ArrowLeft*>menuitem:Codex[menu×2|f=menuitem:Provider|h=Codex]@42.7
chromium-dark-desktop › orbit-submenu sub-right-left burst sample 4,orbit-submenu,submenu,sub-right-left,sub-right,burst,4,ArrowRight ArrowLeft,none | menu×1 | @menuitem:Provider,1,1,ArrowRight>menuitem:Provider[menu×1|f=menuitem:Provider|h=Provider]@19.8 ; ArrowLeft>menuitem:Provider[menu×2|f=menuitem:Provider|h=Codex]@39.2 ; ArrowLeft*>menuitem:Codex[menu×2|f=menuitem:Provider|h=Codex]@39.3
chromium-dark-desktop › orbit-submenu sub-right-left burst sample 5,orbit-submenu,submenu,sub-right-left,sub-right,burst,5,ArrowRight ArrowLeft,none | menu×1 | @menuitem:Provider,1,1,ArrowRight>menuitem:Provider[menu×1|f=menuitem:Provider|h=Provider]@11.8 ; ArrowLeft>menuitem:Provider[menu×2|f=menuitem:Provider|h=Codex]@27.2 ; ArrowLeft*>menuitem:Codex[menu×2|f=menuitem:Provider|h=Codex]@27.4
chromium-dark-desktop › orbit-submenu sub-right-left burst sample 6,orbit-submenu,submenu,sub-right-left,sub-right,burst,6,ArrowRight ArrowLeft,none | menu×1 | @menuitem:Provider,1,1,ArrowRight>menuitem:Provider[menu×1|f=menuitem:Provider|h=Provider]@27.2 ; ArrowLeft>menuitem:Provider[menu×2|f=menuitem:Provider|h=Codex]@44.6 ; ArrowLeft*>menuitem:Codex[menu×2|f=menuitem:Provider|h=Codex]@44.7
chromium-dark-desktop › orbit-submenu sub-right-left burst sample 7,orbit-submenu,submenu,sub-right-left,sub-right,burst,7,ArrowRight ArrowLeft,none | menu×1 | @menuitem:Provider,1,1,ArrowRight>menuitem:Provider[menu×1|f=menuitem:Provider|h=Provider]@7.2 ; ArrowLeft>menuitem:Provider[menu×2|f=menuitem:Provider|h=Codex]@21.2 ; ArrowLeft*>menuitem:Codex[menu×2|f=menuitem:Provider|h=Codex]@21.3
chromium-dark-desktop › orbit-submenu sub-right-left burst sample 8,orbit-submenu,submenu,sub-right-left,sub-right,burst,8,ArrowRight ArrowLeft,none | menu×1 | @menuitem:Provider,1,1,ArrowRight>menuitem:Provider[menu×1|f=menuitem:Provider|h=Provider]@18.1 ; ArrowLeft>menuitem:Provider[menu×2|f=menuitem:Provider|h=Codex]@32.1 ; ArrowLeft*>menuitem:Codex[menu×2|f=menuitem:Provider|h=Codex]@32.3
chromium-dark-desktop › orbit-submenu sub-right-left burst sample 9,orbit-submenu,submenu,sub-right-left,sub-right,burst,9,ArrowRight ArrowLeft,none | menu×1 | @menuitem:Provider,1,1,ArrowRight>menuitem:Provider[menu×1|f=menuitem:Provider|h=Provider]@25.1 ; ArrowLeft>menuitem:Provider[menu×2|f=menuitem:Provider|h=Codex]@42.4 ; ArrowLeft*>menuitem:Codex[menu×2|f=menuitem:Provider|h=Codex]@42.6
chromium-dark-desktop › orbit-submenu sub-right-left burst sample 10,orbit-submenu,submenu,sub-right-left,sub-right,burst,10,ArrowRight ArrowLeft,none | menu×1 | @menuitem:Provider,1,1,ArrowRight>menuitem:Provider[menu×1|f=menuitem:Provider|h=Provider]@10.6 ; ArrowLeft>menuitem:Provider[menu×2|f=menuitem:Provider|h=Codex]@27.4 ; ArrowLeft*>menuitem:Codex[menu×2|f=menuitem:Provider|h=Codex]@27.7
chromium-dark-desktop › orbit-submenu sub-right-left burst sample 11,orbit-submenu,submenu,sub-right-left,sub-right,burst,11,ArrowRight ArrowLeft,none | menu×1 | @menuitem:Provider,1,1,ArrowRight>menuitem:Provider[menu×1|f=menuitem:Provider|h=Provider]@27 ; ArrowLeft>menuitem:Provider[menu×2|f=menuitem:Provider|h=Codex]@57.9 ; ArrowLeft*>menuitem:Codex[menu×2|f=menuitem:Provider|h=Codex]@58.1
chromium-dark-desktop › orbit-submenu sub-right-left burst sample 12,orbit-submenu,submenu,sub-right-left,sub-right,burst,12,ArrowRight ArrowLeft,none | menu×1 | @menuitem:Provider,1,1,ArrowRight>menuitem:Provider[menu×1|f=menuitem:Provider|h=Provider]@15.8 ; ArrowLeft>menuitem:Provider[menu×2|f=menuitem:Provider|h=Codex]@57.9 ; ArrowLeft*>menuitem:Codex[menu×2|f=menuitem:Provider|h=Codex]@58.2
chromium-dark-desktop › orbit-submenu sub-right-left burst sample 13,orbit-submenu,submenu,sub-right-left,sub-right,burst,13,ArrowRight ArrowLeft,none | menu×1 | @menuitem:Provider,1,1,ArrowRight>menuitem:Provider[menu×1|f=menuitem:Provider|h=Provider]@11.6 ; ArrowLeft>menuitem:Provider[menu×2|f=menuitem:Provider|h=Codex]@27.1 ; ArrowLeft*>menuitem:Codex[menu×2|f=menuitem:Provider|h=Codex]@27.3
chromium-dark-desktop › orbit-submenu sub-right-left burst sample 14,orbit-submenu,submenu,sub-right-left,sub-right,burst,14,ArrowRight ArrowLeft,none | menu×1 | @menuitem:Provider,1,1,ArrowRight>menuitem:Provider[menu×1|f=menuitem:Provider|h=Provider]@18.4 ; ArrowLeft>menuitem:Provider[menu×2|f=menuitem:Provider|h=Codex]@33.5 ; ArrowLeft*>menuitem:Codex[menu×2|f=menuitem:Provider|h=Codex]@33.7
chromium-dark-desktop › orbit-submenu sub-right-left burst sample 15,orbit-submenu,submenu,sub-right-left,sub-right,burst,15,ArrowRight ArrowLeft,none | menu×1 | @menuitem:Provider,1,1,ArrowRight>menuitem:Provider[menu×1|f=menuitem:Provider|h=Provider]@17.4 ; ArrowLeft>menuitem:Provider[menu×2|f=menuitem:Provider|h=Codex]@33.1 ; ArrowLeft*>menuitem:Codex[menu×2|f=menuitem:Provider|h=Codex]@33.2
chromium-dark-desktop › orbit-submenu sub-right-left burst sample 16,orbit-submenu,submenu,sub-right-left,sub-right,burst,16,ArrowRight ArrowLeft,none | menu×1 | @menuitem:Provider,1,1,ArrowRight>menuitem:Provider[menu×1|f=menuitem:Provider|h=Provider]@15.2 ; ArrowLeft>menuitem:Provider[menu×2|f=menuitem:Provider|h=Codex]@31.5 ; ArrowLeft*>menuitem:Codex[menu×2|f=menuitem:Provider|h=Codex]@31.8
chromium-dark-desktop › orbit-submenu sub-right-left burst sample 17,orbit-submenu,submenu,sub-right-left,sub-right,burst,17,ArrowRight ArrowLeft,none | menu×1 | @menuitem:Provider,1,1,ArrowRight>menuitem:Provider[menu×1|f=menuitem:Provider|h=Provider]@10.3 ; ArrowLeft>menuitem:Provider[menu×2|f=menuitem:Provider|h=Codex]@21.2 ; ArrowLeft*>menuitem:Codex[menu×2|f=menuitem:Provider|h=Codex]@21.4
chromium-dark-desktop › orbit-submenu sub-right-left burst sample 18,orbit-submenu,submenu,sub-right-left,sub-right,burst,18,ArrowRight ArrowLeft,none | menu×1 | @menuitem:Provider,1,1,ArrowRight>menuitem:Provider[menu×1|f=menuitem:Provider|h=Provider]@22 ; ArrowLeft>menuitem:Provider[menu×2|f=menuitem:Provider|h=Codex]@53.7 ; ArrowLeft*>menuitem:Codex[menu×2|f=menuitem:Provider|h=Codex]@53.9
chromium-dark-desktop › orbit-submenu sub-right-left burst sample 19,orbit-submenu,submenu,sub-right-left,sub-right,burst,19,ArrowRight ArrowLeft,none | menu×1 | @menuitem:Provider,1,1,ArrowRight>menuitem:Provider[menu×1|f=menuitem:Provider|h=Provider]@10.1 ; ArrowLeft>menuitem:Provider[menu×2|f=menuitem:Provider|h=Codex]@24.9 ; ArrowLeft*>menuitem:Codex[menu×2|f=menuitem:Provider|h=Codex]@25.1
chromium-dark-desktop › orbit-submenu sub-right-left paced sample 0,orbit-submenu,submenu,sub-right-left,sub-right,paced,0,ArrowRight ArrowLeft,none | menu×1 | @menuitem:Provider,0,0,ArrowRight>menuitem:Provider[menu×1|f=menuitem:Provider|h=Provider]@7.7 ; ArrowLeft>menuitem:Codex[menu×2|f=menuitem:Codex|h=Codex]@350.4
chromium-dark-desktop › orbit-submenu sub-right-left paced sample 1,orbit-submenu,submenu,sub-right-left,sub-right,paced,1,ArrowRight ArrowLeft,none | menu×1 | @menuitem:Provider,0,0,ArrowRight>menuitem:Provider[menu×1|f=menuitem:Provider|h=Provider]@21.3 ; ArrowLeft>menuitem:Codex[menu×2|f=menuitem:Codex|h=Codex]@344.9
chromium-dark-desktop › orbit-submenu sub-right-left paced sample 2,orbit-submenu,submenu,sub-right-left,sub-right,paced,2,ArrowRight ArrowLeft,none | menu×1 | @menuitem:Provider,0,0,ArrowRight>menuitem:Provider[menu×1|f=menuitem:Provider|h=Provider]@22.6 ; ArrowLeft>menuitem:Codex[menu×2|f=menuitem:Codex|h=Codex]@397
chromium-dark-desktop › orbit-submenu sub-right-left paced sample 3,orbit-submenu,submenu,sub-right-left,sub-right,paced,3,ArrowRight ArrowLeft,none | menu×1 | @menuitem:Provider,0,0,ArrowRight>menuitem:Provider[menu×1|f=menuitem:Provider|h=Provider]@11.3 ; ArrowLeft>menuitem:Codex[menu×2|f=menuitem:Codex|h=Codex]@353.4
chromium-dark-desktop › orbit-submenu sub-right-left paced sample 4,orbit-submenu,submenu,sub-right-left,sub-right,paced,4,ArrowRight ArrowLeft,none | menu×1 | @menuitem:Provider,0,0,ArrowRight>menuitem:Provider[menu×1|f=menuitem:Provider|h=Provider]@19.4 ; ArrowLeft>menuitem:Codex[menu×2|f=menuitem:Codex|h=Codex]@346.6
chromium-dark-desktop › orbit-submenu sub-right-left paced sample 5,orbit-submenu,submenu,sub-right-left,sub-right,paced,5,ArrowRight ArrowLeft,none | menu×1 | @menuitem:Provider,0,0,ArrowRight>menuitem:Provider[menu×1|f=menuitem:Provider|h=Provider]@9.6 ; ArrowLeft>menuitem:Codex[menu×2|f=menuitem:Codex|h=Codex]@335.3
chromium-dark-desktop › orbit-submenu sub-right-left paced sample 6,orbit-submenu,submenu,sub-right-left,sub-right,paced,6,ArrowRight ArrowLeft,none | menu×1 | @menuitem:Provider,0,0,ArrowRight>menuitem:Provider[menu×1|f=menuitem:Provider|h=Provider]@20 ; ArrowLeft>menuitem:Codex[menu×2|f=menuitem:Codex|h=Codex]@342.8
chromium-dark-desktop › orbit-submenu sub-right-left paced sample 7,orbit-submenu,submenu,sub-right-left,sub-right,paced,7,ArrowRight ArrowLeft,none | menu×1 | @menuitem:Provider,0,0,ArrowRight>menuitem:Provider[menu×1|f=menuitem:Provider|h=Provider]@23.2 ; ArrowLeft>menuitem:Codex[menu×2|f=menuitem:Codex|h=Codex]@357.2
chromium-dark-desktop › orbit-submenu sub-right-left paced sample 8,orbit-submenu,submenu,sub-right-left,sub-right,paced,8,ArrowRight ArrowLeft,none | menu×1 | @menuitem:Provider,0,0,ArrowRight>menuitem:Provider[menu×1|f=menuitem:Provider|h=Provider]@19 ; ArrowLeft>menuitem:Codex[menu×2|f=menuitem:Codex|h=Codex]@335.9
chromium-dark-desktop › orbit-submenu sub-right-left paced sample 9,orbit-submenu,submenu,sub-right-left,sub-right,paced,9,ArrowRight ArrowLeft,none | menu×1 | @menuitem:Provider,0,0,ArrowRight>menuitem:Provider[menu×1|f=menuitem:Provider|h=Provider]@8.5 ; ArrowLeft>menuitem:Codex[menu×2|f=menuitem:Codex|h=Codex]@336.4
chromium-dark-desktop › orbit-submenu sub-right-left paced sample 10,orbit-submenu,submenu,sub-right-left,sub-right,paced,10,ArrowRight ArrowLeft,none | menu×1 | @menuitem:Provider,0,0,ArrowRight>menuitem:Provider[menu×1|f=menuitem:Provider|h=Provider]@13.7 ; ArrowLeft>menuitem:Codex[menu×2|f=menuitem:Codex|h=Codex]@336.3
chromium-dark-desktop › orbit-submenu sub-right-left paced sample 11,orbit-submenu,submenu,sub-right-left,sub-right,paced,11,ArrowRight ArrowLeft,none | menu×1 | @menuitem:Provider,0,0,ArrowRight>menuitem:Provider[menu×1|f=menuitem:Provider|h=Provider]@15.2 ; ArrowLeft>menuitem:Codex[menu×2|f=menuitem:Codex|h=Codex]@358.9
chromium-dark-desktop › orbit-submenu sub-right-left paced sample 12,orbit-submenu,submenu,sub-right-left,sub-right,paced,12,ArrowRight ArrowLeft,none | menu×1 | @menuitem:Provider,0,0,ArrowRight>menuitem:Provider[menu×1|f=menuitem:Provider|h=Provider]@23.9 ; ArrowLeft>menuitem:Codex[menu×2|f=menuitem:Codex|h=Codex]@355.8
chromium-dark-desktop › orbit-submenu sub-right-left paced sample 13,orbit-submenu,submenu,sub-right-left,sub-right,paced,13,ArrowRight ArrowLeft,none | menu×1 | @menuitem:Provider,0,0,ArrowRight>menuitem:Provider[menu×1|f=menuitem:Provider|h=Provider]@28.4 ; ArrowLeft>menuitem:Codex[menu×2|f=menuitem:Codex|h=Codex]@365.4
chromium-dark-desktop › orbit-submenu sub-right-left paced sample 14,orbit-submenu,submenu,sub-right-left,sub-right,paced,14,ArrowRight ArrowLeft,none | menu×1 | @menuitem:Provider,0,0,ArrowRight>menuitem:Provider[menu×1|f=menuitem:Provider|h=Provider]@11.4 ; ArrowLeft>menuitem:Codex[menu×2|f=menuitem:Codex|h=Codex]@340.9
chromium-dark-desktop › orbit-submenu sub-right-left paced sample 15,orbit-submenu,submenu,sub-right-left,sub-right,paced,15,ArrowRight ArrowLeft,none | menu×1 | @menuitem:Provider,0,0,ArrowRight>menuitem:Provider[menu×1|f=menuitem:Provider|h=Provider]@10.3 ; ArrowLeft>menuitem:Codex[menu×2|f=menuitem:Codex|h=Codex]@336.9
chromium-dark-desktop › orbit-submenu sub-right-left paced sample 16,orbit-submenu,submenu,sub-right-left,sub-right,paced,16,ArrowRight ArrowLeft,none | menu×1 | @menuitem:Provider,0,0,ArrowRight>menuitem:Provider[menu×1|f=menuitem:Provider|h=Provider]@26.9 ; ArrowLeft>menuitem:Codex[menu×2|f=menuitem:Codex|h=Codex]@361.3
chromium-dark-desktop › orbit-submenu sub-right-left paced sample 17,orbit-submenu,submenu,sub-right-left,sub-right,paced,17,ArrowRight ArrowLeft,none | menu×1 | @menuitem:Provider,0,0,ArrowRight>menuitem:Provider[menu×1|f=menuitem:Provider|h=Provider]@12.4 ; ArrowLeft>menuitem:Codex[menu×2|f=menuitem:Codex|h=Codex]@342.8
chromium-dark-desktop › orbit-submenu sub-right-left paced sample 18,orbit-submenu,submenu,sub-right-left,sub-right,paced,18,ArrowRight ArrowLeft,none | menu×1 | @menuitem:Provider,0,0,ArrowRight>menuitem:Provider[menu×1|f=menuitem:Provider|h=Provider]@10.3 ; ArrowLeft>menuitem:Codex[menu×2|f=menuitem:Codex|h=Codex]@344
chromium-dark-desktop › orbit-submenu sub-right-left paced sample 19,orbit-submenu,submenu,sub-right-left,sub-right,paced,19,ArrowRight ArrowLeft,none | menu×1 | @menuitem:Provider,0,0,ArrowRight>menuitem:Provider[menu×1|f=menuitem:Provider|h=Provider]@20.2 ; ArrowLeft>menuitem:Codex[menu×2|f=menuitem:Codex|h=Codex]@348.8
chromium-dark-desktop › orbit-submenu-sample sub-right-left burst sample 0,orbit-submenu-sample,submenu,sub-right-left,sub-right,burst,0,ArrowRight ArrowLeft,none | menu×1 | @menuitem:Provider,1,1,ArrowRight>menuitem:Provider[menu×1|f=menuitem:Provider|h=Provider]@34.4 ; ArrowLeft>menuitem:Provider[menu×2|f=menuitem:Provider|h=Codex]@71.5 ; ArrowLeft*>menuitem:Codex[menu×2|f=menuitem:Provider|h=Codex]@71.8
chromium-dark-desktop › orbit-submenu-sample sub-right-left burst sample 1,orbit-submenu-sample,submenu,sub-right-left,sub-right,burst,1,ArrowRight ArrowLeft,none | menu×1 | @menuitem:Provider,1,1,ArrowRight>menuitem:Provider[menu×1|f=menuitem:Provider|h=Provider]@18.9 ; ArrowLeft>menuitem:Provider[menu×2|f=menuitem:Provider|h=Codex]@47.9 ; ArrowLeft*>menuitem:Codex[menu×2|f=menuitem:Provider|h=Codex]@48
chromium-dark-desktop › orbit-submenu-sample sub-right-left burst sample 2,orbit-submenu-sample,submenu,sub-right-left,sub-right,burst,2,ArrowRight ArrowLeft,none | menu×1 | @menuitem:Provider,1,1,ArrowRight>menuitem:Provider[menu×1|f=menuitem:Provider|h=Provider]@41.2 ; ArrowLeft>menuitem:Provider[menu×2|f=menuitem:Provider|h=Codex]@84.4 ; ArrowLeft*>menuitem:Codex[menu×2|f=menuitem:Provider|h=Codex]@84.6
chromium-dark-desktop › orbit-submenu-sample sub-right-left burst sample 3,orbit-submenu-sample,submenu,sub-right-left,sub-right,burst,3,ArrowRight ArrowLeft,none | menu×1 | @menuitem:Provider,1,1,ArrowRight>menuitem:Provider[menu×1|f=menuitem:Provider|h=Provider]@22.5 ; ArrowLeft>menuitem:Provider[menu×2|f=menuitem:Provider|h=Codex]@55.7 ; ArrowLeft*>menuitem:Codex[menu×2|f=menuitem:Provider|h=Codex]@55.9
chromium-dark-desktop › orbit-submenu-sample sub-right-left burst sample 4,orbit-submenu-sample,submenu,sub-right-left,sub-right,burst,4,ArrowRight ArrowLeft,none | menu×1 | @menuitem:Provider,1,1,ArrowRight>menuitem:Provider[menu×1|f=menuitem:Provider|h=Provider]@24.6 ; ArrowLeft>menuitem:Provider[menu×2|f=menuitem:Provider|h=Codex]@160.1 ; ArrowLeft*>menuitem:Codex[menu×2|f=menuitem:Provider|h=Codex]@160.2
chromium-dark-desktop › orbit-submenu-sample sub-right-left burst sample 5,orbit-submenu-sample,submenu,sub-right-left,sub-right,burst,5,ArrowRight ArrowLeft,none | menu×1 | @menuitem:Provider,1,1,ArrowRight>menuitem:Provider[menu×1|f=menuitem:Provider|h=Provider]@22.1 ; ArrowLeft>menuitem:Provider[menu×2|f=menuitem:Provider|h=Codex]@55.4 ; ArrowLeft*>menuitem:Codex[menu×2|f=menuitem:Provider|h=Codex]@55.7
chromium-dark-desktop › orbit-submenu-sample sub-right-left burst sample 6,orbit-submenu-sample,submenu,sub-right-left,sub-right,burst,6,ArrowRight ArrowLeft,none | menu×1 | @menuitem:Provider,1,1,ArrowRight>menuitem:Provider[menu×1|f=menuitem:Provider|h=Provider]@20.2 ; ArrowLeft>menuitem:Provider[menu×2|f=menuitem:Provider|h=Codex]@43.2 ; ArrowLeft*>menuitem:Codex[menu×2|f=menuitem:Provider|h=Codex]@43.4
chromium-dark-desktop › orbit-submenu-sample sub-right-left burst sample 7,orbit-submenu-sample,submenu,sub-right-left,sub-right,burst,7,ArrowRight ArrowLeft,none | menu×1 | @menuitem:Provider,1,1,ArrowRight>menuitem:Provider[menu×1|f=menuitem:Provider|h=Provider]@28 ; ArrowLeft>menuitem:Provider[menu×2|f=menuitem:Provider|h=Codex]@50.7 ; ArrowLeft*>menuitem:Codex[menu×2|f=menuitem:Provider|h=Codex]@50.9
chromium-dark-desktop › orbit-submenu-sample sub-right-left burst sample 8,orbit-submenu-sample,submenu,sub-right-left,sub-right,burst,8,ArrowRight ArrowLeft,none | menu×1 | @menuitem:Provider,1,1,ArrowRight>menuitem:Provider[menu×1|f=menuitem:Provider|h=Provider]@24.8 ; ArrowLeft>menuitem:Provider[menu×2|f=menuitem:Provider|h=Codex]@44.2 ; ArrowLeft*>menuitem:Codex[menu×2|f=menuitem:Provider|h=Codex]@44.4
chromium-dark-desktop › orbit-submenu-sample sub-right-left burst sample 9,orbit-submenu-sample,submenu,sub-right-left,sub-right,burst,9,ArrowRight ArrowLeft,none | menu×1 | @menuitem:Provider,1,1,ArrowRight>menuitem:Provider[menu×1|f=menuitem:Provider|h=Provider]@13.5 ; ArrowLeft>menuitem:Provider[menu×2|f=menuitem:Provider|h=Codex]@32.2 ; ArrowLeft*>menuitem:Codex[menu×2|f=menuitem:Provider|h=Codex]@32.4
chromium-dark-desktop › orbit-submenu-sample sub-right-left burst sample 10,orbit-submenu-sample,submenu,sub-right-left,sub-right,burst,10,ArrowRight ArrowLeft,none | menu×1 | @menuitem:Provider,1,1,ArrowRight>menuitem:Provider[menu×1|f=menuitem:Provider|h=Provider]@15.6 ; ArrowLeft>menuitem:Provider[menu×2|f=menuitem:Provider|h=Codex]@32.4 ; ArrowLeft*>menuitem:Codex[menu×2|f=menuitem:Provider|h=Codex]@32.5
chromium-dark-desktop › orbit-submenu-sample sub-right-left burst sample 11,orbit-submenu-sample,submenu,sub-right-left,sub-right,burst,11,ArrowRight ArrowLeft,none | menu×1 | @menuitem:Provider,1,1,ArrowRight>menuitem:Provider[menu×1|f=menuitem:Provider|h=Provider]@28.6 ; ArrowLeft>menuitem:Provider[menu×2|f=menuitem:Provider|h=Codex]@58.3 ; ArrowLeft*>menuitem:Codex[menu×2|f=menuitem:Provider|h=Codex]@58.5
chromium-dark-desktop › orbit-submenu-sample sub-right-left burst sample 12,orbit-submenu-sample,submenu,sub-right-left,sub-right,burst,12,ArrowRight ArrowLeft,none | menu×1 | @menuitem:Provider,1,1,ArrowRight>menuitem:Provider[menu×1|f=menuitem:Provider|h=Provider]@18.2 ; ArrowLeft>menuitem:Provider[menu×2|f=menuitem:Provider|h=Codex]@52.1 ; ArrowLeft*>menuitem:Codex[menu×2|f=menuitem:Provider|h=Codex]@52.2
chromium-dark-desktop › orbit-submenu-sample sub-right-left burst sample 13,orbit-submenu-sample,submenu,sub-right-left,sub-right,burst,13,ArrowRight ArrowLeft,none | menu×1 | @menuitem:Provider,1,1,ArrowRight>menuitem:Provider[menu×1|f=menuitem:Provider|h=Provider]@23.6 ; ArrowLeft>menuitem:Provider[menu×2|f=menuitem:Provider|h=Codex]@42.7 ; ArrowLeft*>menuitem:Codex[menu×2|f=menuitem:Provider|h=Codex]@42.9
chromium-dark-desktop › orbit-submenu-sample sub-right-left burst sample 14,orbit-submenu-sample,submenu,sub-right-left,sub-right,burst,14,ArrowRight ArrowLeft,none | menu×1 | @menuitem:Provider,1,1,ArrowRight>menuitem:Provider[menu×1|f=menuitem:Provider|h=Provider]@14.4 ; ArrowLeft>menuitem:Provider[menu×2|f=menuitem:Provider|h=Codex]@32.6 ; ArrowLeft*>menuitem:Codex[menu×2|f=menuitem:Provider|h=Codex]@32.8
chromium-dark-desktop › orbit-submenu-sample sub-right-left burst sample 15,orbit-submenu-sample,submenu,sub-right-left,sub-right,burst,15,ArrowRight ArrowLeft,none | menu×1 | @menuitem:Provider,1,1,ArrowRight>menuitem:Provider[menu×1|f=menuitem:Provider|h=Provider]@11.2 ; ArrowLeft>menuitem:Provider[menu×2|f=menuitem:Provider|h=Codex]@29.2 ; ArrowLeft*>menuitem:Codex[menu×2|f=menuitem:Provider|h=Codex]@29.3
chromium-dark-desktop › orbit-submenu-sample sub-right-left burst sample 16,orbit-submenu-sample,submenu,sub-right-left,sub-right,burst,16,ArrowRight ArrowLeft,none | menu×1 | @menuitem:Provider,1,1,ArrowRight>menuitem:Provider[menu×1|f=menuitem:Provider|h=Provider]@17.2 ; ArrowLeft>menuitem:Provider[menu×2|f=menuitem:Provider|h=Codex]@36.8 ; ArrowLeft*>menuitem:Codex[menu×2|f=menuitem:Provider|h=Codex]@37
chromium-dark-desktop › orbit-submenu-sample sub-right-left burst sample 17,orbit-submenu-sample,submenu,sub-right-left,sub-right,burst,17,ArrowRight ArrowLeft,none | menu×1 | @menuitem:Provider,1,1,ArrowRight>menuitem:Provider[menu×1|f=menuitem:Provider|h=Provider]@9.8 ; ArrowLeft>menuitem:Provider[menu×2|f=menuitem:Provider|h=Codex]@32.2 ; ArrowLeft*>menuitem:Codex[menu×2|f=menuitem:Provider|h=Codex]@32.4
chromium-dark-desktop › orbit-submenu-sample sub-right-left burst sample 18,orbit-submenu-sample,submenu,sub-right-left,sub-right,burst,18,ArrowRight ArrowLeft,none | menu×1 | @menuitem:Provider,1,1,ArrowRight>menuitem:Provider[menu×1|f=menuitem:Provider|h=Provider]@20.5 ; ArrowLeft>menuitem:Provider[menu×2|f=menuitem:Provider|h=Codex]@40.7 ; ArrowLeft*>menuitem:Codex[menu×2|f=menuitem:Provider|h=Codex]@40.9
chromium-dark-desktop › orbit-submenu-sample sub-right-left burst sample 19,orbit-submenu-sample,submenu,sub-right-left,sub-right,burst,19,ArrowRight ArrowLeft,none | menu×1 | @menuitem:Provider,1,1,ArrowRight>menuitem:Provider[menu×1|f=menuitem:Provider|h=Provider]@16.5 ; ArrowLeft>menuitem:Provider[menu×2|f=menuitem:Provider|h=Codex]@245.4 ; ArrowLeft*>menuitem:Codex[menu×2|f=menuitem:Provider|h=Codex]@246.4
chromium-dark-desktop › orbit-submenu-sample sub-right-left paced sample 0,orbit-submenu-sample,submenu,sub-right-left,sub-right,paced,0,ArrowRight ArrowLeft,none | menu×1 | @menuitem:Provider,0,0,ArrowRight>menuitem:Provider[menu×1|f=menuitem:Provider|h=Provider]@22.1 ; ArrowLeft>menuitem:Codex[menu×2|f=menuitem:Codex|h=Codex]@377.9
chromium-dark-desktop › orbit-submenu-sample sub-right-left paced sample 1,orbit-submenu-sample,submenu,sub-right-left,sub-right,paced,1,ArrowRight ArrowLeft,none | menu×1 | @menuitem:Provider,0,0,ArrowRight>menuitem:Provider[menu×1|f=menuitem:Provider|h=Provider]@12 ; ArrowLeft>menuitem:Codex[menu×2|f=menuitem:Codex|h=Codex]@341.1
chromium-dark-desktop › orbit-submenu-sample sub-right-left paced sample 2,orbit-submenu-sample,submenu,sub-right-left,sub-right,paced,2,ArrowRight ArrowLeft,none | menu×1 | @menuitem:Provider,0,0,ArrowRight>menuitem:Provider[menu×1|f=menuitem:Provider|h=Provider]@22.1 ; ArrowLeft>menuitem:Codex[menu×2|f=menuitem:Codex|h=Codex]@364.7
chromium-dark-desktop › orbit-submenu-sample sub-right-left paced sample 3,orbit-submenu-sample,submenu,sub-right-left,sub-right,paced,3,ArrowRight ArrowLeft,none | menu×1 | @menuitem:Provider,0,0,ArrowRight>menuitem:Provider[menu×1|f=menuitem:Provider|h=Provider]@22.2 ; ArrowLeft>menuitem:Codex[menu×2|f=menuitem:Codex|h=Codex]@353
chromium-dark-desktop › orbit-submenu-sample sub-right-left paced sample 4,orbit-submenu-sample,submenu,sub-right-left,sub-right,paced,4,ArrowRight ArrowLeft,none | menu×1 | @menuitem:Provider,0,0,ArrowRight>menuitem:Provider[menu×1|f=menuitem:Provider|h=Provider]@10.6 ; ArrowLeft>menuitem:Codex[menu×2|f=menuitem:Codex|h=Codex]@332.1
chromium-dark-desktop › orbit-submenu-sample sub-right-left paced sample 5,orbit-submenu-sample,submenu,sub-right-left,sub-right,paced,5,ArrowRight ArrowLeft,none | menu×1 | @menuitem:Provider,0,0,ArrowRight>menuitem:Provider[menu×1|f=menuitem:Provider|h=Provider]@19.5 ; ArrowLeft>menuitem:Codex[menu×2|f=menuitem:Codex|h=Codex]@345.8
chromium-dark-desktop › orbit-submenu-sample sub-right-left paced sample 6,orbit-submenu-sample,submenu,sub-right-left,sub-right,paced,6,ArrowRight ArrowLeft,none | menu×1 | @menuitem:Provider,0,0,ArrowRight>menuitem:Provider[menu×1|f=menuitem:Provider|h=Provider]@15.9 ; ArrowLeft>menuitem:Codex[menu×2|f=menuitem:Codex|h=Codex]@342.6
chromium-dark-desktop › orbit-submenu-sample sub-right-left paced sample 7,orbit-submenu-sample,submenu,sub-right-left,sub-right,paced,7,ArrowRight ArrowLeft,none | menu×1 | @menuitem:Provider,0,0,ArrowRight>menuitem:Provider[menu×1|f=menuitem:Provider|h=Provider]@130 ; ArrowLeft>menuitem:Codex[menu×2|f=menuitem:Codex|h=Codex]@710.6
chromium-dark-desktop › orbit-submenu-sample sub-right-left paced sample 8,orbit-submenu-sample,submenu,sub-right-left,sub-right,paced,8,ArrowRight ArrowLeft,none | menu×1 | @menuitem:Provider,0,0,ArrowRight>menuitem:Provider[menu×1|f=menuitem:Provider|h=Provider]@65.9 ; ArrowLeft>menuitem:Codex[menu×2|f=menuitem:Codex|h=Codex]@413.5
chromium-dark-desktop › orbit-submenu-sample sub-right-left paced sample 9,orbit-submenu-sample,submenu,sub-right-left,sub-right,paced,9,ArrowRight ArrowLeft,none | menu×1 | @menuitem:Provider,0,0,ArrowRight>menuitem:Provider[menu×1|f=menuitem:Provider|h=Provider]@29.8 ; ArrowLeft>menuitem:Codex[menu×2|f=menuitem:Codex|h=Codex]@374.1
chromium-dark-desktop › orbit-submenu-sample sub-right-left paced sample 10,orbit-submenu-sample,submenu,sub-right-left,sub-right,paced,10,ArrowRight ArrowLeft,none | menu×1 | @menuitem:Provider,0,0,ArrowRight>menuitem:Provider[menu×1|f=menuitem:Provider|h=Provider]@17.2 ; ArrowLeft>menuitem:Codex[menu×2|f=menuitem:Codex|h=Codex]@356.6
chromium-dark-desktop › orbit-submenu-sample sub-right-left paced sample 11,orbit-submenu-sample,submenu,sub-right-left,sub-right,paced,11,ArrowRight ArrowLeft,none | menu×1 | @menuitem:Provider,0,0,ArrowRight>menuitem:Provider[menu×1|f=menuitem:Provider|h=Provider]@61.2 ; ArrowLeft>menuitem:Codex[menu×2|f=menuitem:Codex|h=Codex]@515.9
chromium-dark-desktop › orbit-submenu-sample sub-right-left paced sample 12,orbit-submenu-sample,submenu,sub-right-left,sub-right,paced,12,ArrowRight ArrowLeft,none | menu×1 | @menuitem:Provider,0,0,ArrowRight>menuitem:Provider[menu×1|f=menuitem:Provider|h=Provider]@72.7 ; ArrowLeft>menuitem:Codex[menu×2|f=menuitem:Codex|h=Codex]@485.3
chromium-dark-desktop › orbit-submenu-sample sub-right-left paced sample 13,orbit-submenu-sample,submenu,sub-right-left,sub-right,paced,13,ArrowRight ArrowLeft,none | menu×1 | @menuitem:Provider,0,0,ArrowRight>menuitem:Provider[menu×1|f=menuitem:Provider|h=Provider]@86.1 ; ArrowLeft>menuitem:Codex[menu×2|f=menuitem:Codex|h=Codex]@509.7
chromium-dark-desktop › orbit-submenu-sample sub-right-left paced sample 14,orbit-submenu-sample,submenu,sub-right-left,sub-right,paced,14,ArrowRight ArrowLeft,none | menu×1 | @menuitem:Provider,0,0,ArrowRight>menuitem:Provider[menu×1|f=menuitem:Provider|h=Provider]@19.8 ; ArrowLeft>menuitem:Codex[menu×2|f=menuitem:Codex|h=Codex]@393.1
chromium-dark-desktop › orbit-submenu-sample sub-right-left paced sample 15,orbit-submenu-sample,submenu,sub-right-left,sub-right,paced,15,ArrowRight ArrowLeft,none | menu×1 | @menuitem:Provider,0,0,ArrowRight>menuitem:Provider[menu×1|f=menuitem:Provider|h=Provider]@47.8 ; ArrowLeft>menuitem:Codex[menu×2|f=menuitem:Codex|h=Codex]@414.8
chromium-dark-desktop › orbit-submenu-sample sub-right-left paced sample 16,orbit-submenu-sample,submenu,sub-right-left,sub-right,paced,16,ArrowRight ArrowLeft,none | menu×1 | @menuitem:Provider,0,0,ArrowRight>menuitem:Provider[menu×1|f=menuitem:Provider|h=Provider]@50.3 ; ArrowLeft>menuitem:Codex[menu×2|f=menuitem:Codex|h=Codex]@465.9
chromium-dark-desktop › orbit-submenu-sample sub-right-left paced sample 17,orbit-submenu-sample,submenu,sub-right-left,sub-right,paced,17,ArrowRight ArrowLeft,none | menu×1 | @menuitem:Provider,0,0,ArrowRight>menuitem:Provider[menu×1|f=menuitem:Provider|h=Provider]@21 ; ArrowLeft>menuitem:Codex[menu×2|f=menuitem:Codex|h=Codex]@527.9
chromium-dark-desktop › orbit-submenu-sample sub-right-left paced sample 18,orbit-submenu-sample,submenu,sub-right-left,sub-right,paced,18,ArrowRight ArrowLeft,none | menu×1 | @menuitem:Provider,0,0,ArrowRight>menuitem:Provider[menu×1|f=menuitem:Provider|h=Provider]@21.6 ; ArrowLeft>menuitem:Codex[menu×2|f=menuitem:Codex|h=Codex]@381
chromium-dark-desktop › orbit-submenu-sample sub-right-left paced sample 19,orbit-submenu-sample,submenu,sub-right-left,sub-right,paced,19,ArrowRight ArrowLeft,none | menu×1 | @menuitem:Provider,0,0,ArrowRight>menuitem:Provider[menu×1|f=menuitem:Provider|h=Provider]@29.7 ; ArrowLeft>menuitem:Codex[menu×2|f=menuitem:Codex|h=Codex]@610.1
chromium-dark-desktop › orbit-session sub-right-left burst sample 0,orbit-session,submenu,sub-right-left,sub-right,burst,0,ArrowRight ArrowLeft,none | menu×1 | @menuitem:Provider,1,1,ArrowRight>menuitem:Provider[menu×1|f=menuitem:Provider|h=Provider]@29.8 ; ArrowLeft>menuitem:Provider[menu×2|f=menuitem:Provider|h=Codex]@56.2 ; ArrowLeft*>menuitem:Codex[menu×2|f=menuitem:Provider|h=Codex]@56.3
chromium-dark-desktop › orbit-session sub-right-left burst sample 1,orbit-session,submenu,sub-right-left,sub-right,burst,1,ArrowRight ArrowLeft,none | menu×1 | @menuitem:Provider,1,1,ArrowRight>menuitem:Provider[menu×1|f=menuitem:Provider|h=Provider]@25.2 ; ArrowLeft>menuitem:Provider[menu×2|f=menuitem:Provider|h=Codex]@43.9 ; ArrowLeft*>menuitem:Codex[menu×2|f=menuitem:Provider|h=Codex]@44.1
chromium-dark-desktop › orbit-session sub-right-left burst sample 2,orbit-session,submenu,sub-right-left,sub-right,burst,2,ArrowRight ArrowLeft,none | menu×1 | @menuitem:Provider,1,1,ArrowRight>menuitem:Provider[menu×1|f=menuitem:Provider|h=Provider]@12.8 ; ArrowLeft>menuitem:Provider[menu×2|f=menuitem:Provider|h=Codex]@30.8 ; ArrowLeft*>menuitem:Codex[menu×2|f=menuitem:Provider|h=Codex]@31
chromium-dark-desktop › orbit-session sub-right-left burst sample 3,orbit-session,submenu,sub-right-left,sub-right,burst,3,ArrowRight ArrowLeft,none | menu×1 | @menuitem:Provider,1,1,ArrowRight>menuitem:Provider[menu×1|f=menuitem:Provider|h=Provider]@24.4 ; ArrowLeft>menuitem:Provider[menu×2|f=menuitem:Provider|h=Codex]@47.1 ; ArrowLeft*>menuitem:Codex[menu×2|f=menuitem:Provider|h=Codex]@47.2
chromium-dark-desktop › orbit-session sub-right-left burst sample 4,orbit-session,submenu,sub-right-left,sub-right,burst,4,ArrowRight ArrowLeft,none | menu×1 | @menuitem:Provider,1,1,ArrowRight>menuitem:Provider[menu×1|f=menuitem:Provider|h=Provider]@14.4 ; ArrowLeft>menuitem:Provider[menu×2|f=menuitem:Provider|h=Codex]@42.5 ; ArrowLeft*>menuitem:Codex[menu×2|f=menuitem:Provider|h=Codex]@42.7
chromium-dark-desktop › orbit-session sub-right-left burst sample 5,orbit-session,submenu,sub-right-left,sub-right,burst,5,ArrowRight ArrowLeft,none | menu×1 | @menuitem:Provider,1,1,ArrowRight>menuitem:Provider[menu×1|f=menuitem:Provider|h=Provider]@13.1 ; ArrowLeft>menuitem:Provider[menu×2|f=menuitem:Provider|h=Codex]@34 ; ArrowLeft*>menuitem:Codex[menu×2|f=menuitem:Provider|h=Codex]@34.3
chromium-dark-desktop › orbit-session sub-right-left burst sample 6,orbit-session,submenu,sub-right-left,sub-right,burst,6,ArrowRight ArrowLeft,none | menu×1 | @menuitem:Provider,1,1,ArrowRight>menuitem:Provider[menu×1|f=menuitem:Provider|h=Provider]@6.6 ; ArrowLeft>menuitem:Provider[menu×2|f=menuitem:Provider|h=Codex]@28.1 ; ArrowLeft*>menuitem:Codex[menu×2|f=menuitem:Provider|h=Codex]@28.3
chromium-dark-desktop › orbit-session sub-right-left burst sample 7,orbit-session,submenu,sub-right-left,sub-right,burst,7,ArrowRight ArrowLeft,none | menu×1 | @menuitem:Provider,1,1,ArrowRight>menuitem:Provider[menu×1|f=menuitem:Provider|h=Provider]@20.8 ; ArrowLeft>menuitem:Provider[menu×2|f=menuitem:Provider|h=Codex]@37.8 ; ArrowLeft*>menuitem:Codex[menu×2|f=menuitem:Provider|h=Codex]@37.9
chromium-dark-desktop › orbit-session sub-right-left burst sample 8,orbit-session,submenu,sub-right-left,sub-right,burst,8,ArrowRight ArrowLeft,none | menu×1 | @menuitem:Provider,1,1,ArrowRight>menuitem:Provider[menu×1|f=menuitem:Provider|h=Provider]@34.9 ; ArrowLeft>menuitem:Provider[menu×2|f=menuitem:Provider|h=Codex]@63.4 ; ArrowLeft*>menuitem:Codex[menu×2|f=menuitem:Provider|h=Codex]@63.6
chromium-dark-desktop › orbit-session sub-right-left burst sample 9,orbit-session,submenu,sub-right-left,sub-right,burst,9,ArrowRight ArrowLeft,none | menu×1 | @menuitem:Provider,1,1,ArrowRight>menuitem:Provider[menu×1|f=menuitem:Provider|h=Provider]@20.6 ; ArrowLeft>menuitem:Provider[menu×2|f=menuitem:Provider|h=Codex]@36.3 ; ArrowLeft*>menuitem:Codex[menu×2|f=menuitem:Provider|h=Codex]@36.5
chromium-dark-desktop › orbit-session sub-right-left burst sample 10,orbit-session,submenu,sub-right-left,sub-right,burst,10,ArrowRight ArrowLeft,none | menu×1 | @menuitem:Provider,1,1,ArrowRight>menuitem:Provider[menu×1|f=menuitem:Provider|h=Provider]@10.4 ; ArrowLeft>menuitem:Provider[menu×2|f=menuitem:Provider|h=Codex]@25.2 ; ArrowLeft*>menuitem:Codex[menu×2|f=menuitem:Provider|h=Codex]@25.3
chromium-dark-desktop › orbit-session sub-right-left burst sample 11,orbit-session,submenu,sub-right-left,sub-right,burst,11,ArrowRight ArrowLeft,none | menu×1 | @menuitem:Provider,1,1,ArrowRight>menuitem:Provider[menu×1|f=menuitem:Provider|h=Provider]@272.8 ; ArrowLeft>menuitem:Provider[menu×2|f=menuitem:Provider|h=Codex]@287.6 ; ArrowLeft*>menuitem:Codex[menu×2|f=menuitem:Provider|h=Codex]@287.7
chromium-dark-desktop › orbit-session sub-right-left burst sample 12,orbit-session,submenu,sub-right-left,sub-right,burst,12,ArrowRight ArrowLeft,none | menu×1 | @menuitem:Provider,1,1,ArrowRight>menuitem:Provider[menu×1|f=menuitem:Provider|h=Provider]@14 ; ArrowLeft>menuitem:Provider[menu×2|f=menuitem:Provider|h=Codex]@32.9 ; ArrowLeft*>menuitem:Codex[menu×2|f=menuitem:Provider|h=Codex]@33.3
chromium-dark-desktop › orbit-session sub-right-left burst sample 13,orbit-session,submenu,sub-right-left,sub-right,burst,13,ArrowRight ArrowLeft,none | menu×1 | @menuitem:Provider,1,1,ArrowRight>menuitem:Provider[menu×1|f=menuitem:Provider|h=Provider]@18.1 ; ArrowLeft>menuitem:Provider[menu×2|f=menuitem:Provider|h=Codex]@32.2 ; ArrowLeft*>menuitem:Codex[menu×2|f=menuitem:Provider|h=Codex]@32.3
chromium-dark-desktop › orbit-session sub-right-left burst sample 14,orbit-session,submenu,sub-right-left,sub-right,burst,14,ArrowRight ArrowLeft,none | menu×1 | @menuitem:Provider,1,1,ArrowRight>menuitem:Provider[menu×1|f=menuitem:Provider|h=Provider]@22.8 ; ArrowLeft>menuitem:Provider[menu×2|f=menuitem:Provider|h=Codex]@35.7 ; ArrowLeft*>menuitem:Codex[menu×2|f=menuitem:Provider|h=Codex]@35.8
chromium-dark-desktop › orbit-session sub-right-left burst sample 15,orbit-session,submenu,sub-right-left,sub-right,burst,15,ArrowRight ArrowLeft,none | menu×1 | @menuitem:Provider,1,1,ArrowRight>menuitem:Provider[menu×1|f=menuitem:Provider|h=Provider]@24.8 ; ArrowLeft>menuitem:Provider[menu×2|f=menuitem:Provider|h=Codex]@71 ; ArrowLeft*>menuitem:Codex[menu×2|f=menuitem:Provider|h=Codex]@71.2
chromium-dark-desktop › orbit-session sub-right-left burst sample 16,orbit-session,submenu,sub-right-left,sub-right,burst,16,ArrowRight ArrowLeft,none | menu×1 | @menuitem:Provider,1,1,ArrowRight>menuitem:Provider[menu×1|f=menuitem:Provider|h=Provider]@17.1 ; ArrowLeft>menuitem:Provider[menu×2|f=menuitem:Provider|h=Codex]@38.9 ; ArrowLeft*>menuitem:Codex[menu×2|f=menuitem:Provider|h=Codex]@39.1
chromium-dark-desktop › orbit-session sub-right-left burst sample 17,orbit-session,submenu,sub-right-left,sub-right,burst,17,ArrowRight ArrowLeft,none | menu×1 | @menuitem:Provider,1,1,ArrowRight>menuitem:Provider[menu×1|f=menuitem:Provider|h=Provider]@10.4 ; ArrowLeft>menuitem:Provider[menu×2|f=menuitem:Provider|h=Codex]@52 ; ArrowLeft*>menuitem:Codex[menu×2|f=menuitem:Provider|h=Codex]@52.1
chromium-dark-desktop › orbit-session sub-right-left burst sample 18,orbit-session,submenu,sub-right-left,sub-right,burst,18,ArrowRight ArrowLeft,none | menu×1 | @menuitem:Provider,1,1,ArrowRight>menuitem:Provider[menu×1|f=menuitem:Provider|h=Provider]@14.8 ; ArrowLeft>menuitem:Provider[menu×2|f=menuitem:Provider|h=Codex]@34 ; ArrowLeft*>menuitem:Codex[menu×2|f=menuitem:Provider|h=Codex]@34.2
chromium-dark-desktop › orbit-session sub-right-left burst sample 19,orbit-session,submenu,sub-right-left,sub-right,burst,19,ArrowRight ArrowLeft,none | menu×1 | @menuitem:Provider,1,1,ArrowRight>menuitem:Provider[menu×1|f=menuitem:Provider|h=Provider]@5.8 ; ArrowLeft>menuitem:Provider[menu×2|f=menuitem:Provider|h=Codex]@20.5 ; ArrowLeft*>menuitem:Codex[menu×2|f=menuitem:Provider|h=Codex]@20.6
chromium-dark-desktop › orbit-session sub-right-left paced sample 0,orbit-session,submenu,sub-right-left,sub-right,paced,0,ArrowRight ArrowLeft,none | menu×1 | @menuitem:Provider,0,0,ArrowRight>menuitem:Provider[menu×1|f=menuitem:Provider|h=Provider]@10.8 ; ArrowLeft>menuitem:Codex[menu×2|f=menuitem:Codex|h=Codex]@334.4
chromium-dark-desktop › orbit-session sub-right-left paced sample 1,orbit-session,submenu,sub-right-left,sub-right,paced,1,ArrowRight ArrowLeft,none | menu×1 | @menuitem:Provider,0,0,ArrowRight>menuitem:Provider[menu×1|f=menuitem:Provider|h=Provider]@7.9 ; ArrowLeft>menuitem:Codex[menu×2|f=menuitem:Codex|h=Codex]@331.8
chromium-dark-desktop › orbit-session sub-right-left paced sample 2,orbit-session,submenu,sub-right-left,sub-right,paced,2,ArrowRight ArrowLeft,none | menu×1 | @menuitem:Provider,0,0,ArrowRight>menuitem:Provider[menu×1|f=menuitem:Provider|h=Provider]@3.7 ; ArrowLeft>menuitem:Codex[menu×2|f=menuitem:Codex|h=Codex]@337.5
chromium-dark-desktop › orbit-session sub-right-left paced sample 3,orbit-session,submenu,sub-right-left,sub-right,paced,3,ArrowRight ArrowLeft,none | menu×1 | @menuitem:Provider,0,0,ArrowRight>menuitem:Provider[menu×1|f=menuitem:Provider|h=Provider]@17.8 ; ArrowLeft>menuitem:Codex[menu×2|f=menuitem:Codex|h=Codex]@342.8
chromium-dark-desktop › orbit-session sub-right-left paced sample 4,orbit-session,submenu,sub-right-left,sub-right,paced,4,ArrowRight ArrowLeft,none | menu×1 | @menuitem:Provider,0,0,ArrowRight>menuitem:Provider[menu×1|f=menuitem:Provider|h=Provider]@6.3 ; ArrowLeft>menuitem:Codex[menu×2|f=menuitem:Codex|h=Codex]@337.8
chromium-dark-desktop › orbit-session sub-right-left paced sample 5,orbit-session,submenu,sub-right-left,sub-right,paced,5,ArrowRight ArrowLeft,none | menu×1 | @menuitem:Provider,0,0,ArrowRight>menuitem:Provider[menu×1|f=menuitem:Provider|h=Provider]@15.4 ; ArrowLeft>menuitem:Codex[menu×2|f=menuitem:Codex|h=Codex]@346.5
chromium-dark-desktop › orbit-session sub-right-left paced sample 6,orbit-session,submenu,sub-right-left,sub-right,paced,6,ArrowRight ArrowLeft,none | menu×1 | @menuitem:Provider,0,0,ArrowRight>menuitem:Provider[menu×1|f=menuitem:Provider|h=Provider]@24.3 ; ArrowLeft>menuitem:Codex[menu×2|f=menuitem:Codex|h=Codex]@355.4
chromium-dark-desktop › orbit-session sub-right-left paced sample 7,orbit-session,submenu,sub-right-left,sub-right,paced,7,ArrowRight ArrowLeft,none | menu×1 | @menuitem:Provider,0,0,ArrowRight>menuitem:Provider[menu×1|f=menuitem:Provider|h=Provider]@13.9 ; ArrowLeft>menuitem:Codex[menu×2|f=menuitem:Codex|h=Codex]@348.2
chromium-dark-desktop › orbit-session sub-right-left paced sample 8,orbit-session,submenu,sub-right-left,sub-right,paced,8,ArrowRight ArrowLeft,none | menu×1 | @menuitem:Provider,0,0,ArrowRight>menuitem:Provider[menu×1|f=menuitem:Provider|h=Provider]@8 ; ArrowLeft>menuitem:Codex[menu×2|f=menuitem:Codex|h=Codex]@336.1
chromium-dark-desktop › orbit-session sub-right-left paced sample 9,orbit-session,submenu,sub-right-left,sub-right,paced,9,ArrowRight ArrowLeft,none | menu×1 | @menuitem:Provider,0,0,ArrowRight>menuitem:Provider[menu×1|f=menuitem:Provider|h=Provider]@17.1 ; ArrowLeft>menuitem:Codex[menu×2|f=menuitem:Codex|h=Codex]@342.8
chromium-dark-desktop › orbit-session sub-right-left paced sample 10,orbit-session,submenu,sub-right-left,sub-right,paced,10,ArrowRight ArrowLeft,none | menu×1 | @menuitem:Provider,0,0,ArrowRight>menuitem:Provider[menu×1|f=menuitem:Provider|h=Provider]@18.5 ; ArrowLeft>menuitem:Codex[menu×2|f=menuitem:Codex|h=Codex]@343.7
chromium-dark-desktop › orbit-session sub-right-left paced sample 11,orbit-session,submenu,sub-right-left,sub-right,paced,11,ArrowRight ArrowLeft,none | menu×1 | @menuitem:Provider,0,0,ArrowRight>menuitem:Provider[menu×1|f=menuitem:Provider|h=Provider]@8.8 ; ArrowLeft>menuitem:Codex[menu×2|f=menuitem:Codex|h=Codex]@334.2
chromium-dark-desktop › orbit-session sub-right-left paced sample 12,orbit-session,submenu,sub-right-left,sub-right,paced,12,ArrowRight ArrowLeft,none | menu×1 | @menuitem:Provider,0,0,ArrowRight>menuitem:Provider[menu×1|f=menuitem:Provider|h=Provider]@7.5 ; ArrowLeft>menuitem:Codex[menu×2|f=menuitem:Codex|h=Codex]@331.1
chromium-dark-desktop › orbit-session sub-right-left paced sample 13,orbit-session,submenu,sub-right-left,sub-right,paced,13,ArrowRight ArrowLeft,none | menu×1 | @menuitem:Provider,0,0,ArrowRight>menuitem:Provider[menu×1|f=menuitem:Provider|h=Provider]@14.4 ; ArrowLeft>menuitem:Codex[menu×2|f=menuitem:Codex|h=Codex]@341
chromium-dark-desktop › orbit-session sub-right-left paced sample 14,orbit-session,submenu,sub-right-left,sub-right,paced,14,ArrowRight ArrowLeft,none | menu×1 | @menuitem:Provider,0,0,ArrowRight>menuitem:Provider[menu×1|f=menuitem:Provider|h=Provider]@22.8 ; ArrowLeft>menuitem:Codex[menu×2|f=menuitem:Codex|h=Codex]@356
chromium-dark-desktop › orbit-session sub-right-left paced sample 15,orbit-session,submenu,sub-right-left,sub-right,paced,15,ArrowRight ArrowLeft,none | menu×1 | @menuitem:Provider,0,0,ArrowRight>menuitem:Provider[menu×1|f=menuitem:Provider|h=Provider]@11 ; ArrowLeft>menuitem:Codex[menu×2|f=menuitem:Codex|h=Codex]@334.6
chromium-dark-desktop › orbit-session sub-right-left paced sample 16,orbit-session,submenu,sub-right-left,sub-right,paced,16,ArrowRight ArrowLeft,none | menu×1 | @menuitem:Provider,0,0,ArrowRight>menuitem:Provider[menu×1|f=menuitem:Provider|h=Provider]@21.1 ; ArrowLeft>menuitem:Codex[menu×2|f=menuitem:Codex|h=Codex]@345.4
chromium-dark-desktop › orbit-session sub-right-left paced sample 17,orbit-session,submenu,sub-right-left,sub-right,paced,17,ArrowRight ArrowLeft,none | menu×1 | @menuitem:Provider,0,0,ArrowRight>menuitem:Provider[menu×1|f=menuitem:Provider|h=Provider]@5.8 ; ArrowLeft>menuitem:Codex[menu×2|f=menuitem:Codex|h=Codex]@334.1
chromium-dark-desktop › orbit-session sub-right-left paced sample 18,orbit-session,submenu,sub-right-left,sub-right,paced,18,ArrowRight ArrowLeft,none | menu×1 | @menuitem:Provider,0,0,ArrowRight>menuitem:Provider[menu×1|f=menuitem:Provider|h=Provider]@9.6 ; ArrowLeft>menuitem:Codex[menu×2|f=menuitem:Codex|h=Codex]@333.6
chromium-dark-desktop › orbit-session sub-right-left paced sample 19,orbit-session,submenu,sub-right-left,sub-right,paced,19,ArrowRight ArrowLeft,none | menu×1 | @menuitem:Provider,0,0,ArrowRight>menuitem:Provider[menu×1|f=menuitem:Provider|h=Provider]@3.5 ; ArrowLeft>menuitem:Codex[menu×2|f=menuitem:Codex|h=Codex]@327.4
