test,target,kind,sequence,control,mode,run,keys,result,window,handoff,keylog
chromium-dark-desktop › orbit-menu menu-enter burst sample 0,orbit-menu,menu,menu-enter,,burst,0,Enter,none | menu×1 | @menuitem:File,0,0,Enter>button:Add attachment[none|f=button:Add attachment|h=None]@25.7
chromium-dark-desktop › orbit-menu menu-enter burst sample 1,orbit-menu,menu,menu-enter,,burst,1,Enter,none | menu×1 | @menuitem:File,0,0,Enter>button:Add attachment[none|f=button:Add attachment|h=None]@21.8
chromium-dark-desktop › orbit-menu menu-enter burst sample 2,orbit-menu,menu,menu-enter,,burst,2,Enter,none | menu×1 | @menuitem:File,0,0,Enter>button:Add attachment[none|f=button:Add attachment|h=None]@19.7
chromium-dark-desktop › orbit-menu menu-enter burst sample 3,orbit-menu,menu,menu-enter,,burst,3,Enter,none | menu×1 | @menuitem:File,0,0,Enter>button:Add attachment[none|f=button:Add attachment|h=None]@20.2
chromium-dark-desktop › orbit-menu menu-enter burst sample 4,orbit-menu,menu,menu-enter,,burst,4,Enter,none | menu×1 | @menuitem:File,0,0,Enter>button:Add attachment[none|f=button:Add attachment|h=None]@32
chromium-dark-desktop › orbit-menu menu-enter burst sample 5,orbit-menu,menu,menu-enter,,burst,5,Enter,none | menu×1 | @menuitem:File,0,0,Enter>button:Add attachment[none|f=button:Add attachment|h=None]@29.8
chromium-dark-desktop › orbit-menu menu-enter burst sample 6,orbit-menu,menu,menu-enter,,burst,6,Enter,none | menu×1 | @menuitem:File,0,0,Enter>button:Add attachment[none|f=button:Add attachment|h=None]@26.2
chromium-dark-desktop › orbit-menu menu-enter burst sample 7,orbit-menu,menu,menu-enter,,burst,7,Enter,none | menu×1 | @menuitem:File,0,0,Enter>button:Add attachment[none|f=button:Add attachment|h=None]@29.2
chromium-dark-desktop › orbit-menu menu-enter burst sample 8,orbit-menu,menu,menu-enter,,burst,8,Enter,none | menu×1 | @menuitem:File,0,0,Enter>button:Add attachment[none|f=button:Add attachment|h=None]@26.6
chromium-dark-desktop › orbit-menu menu-enter burst sample 9,orbit-menu,menu,menu-enter,,burst,9,Enter,none | menu×1 | @menuitem:File,0,0,Enter>button:Add attachment[none|f=button:Add attachment|h=None]@29.7
chromium-dark-desktop › orbit-menu menu-enter burst sample 10,orbit-menu,menu,menu-enter,,burst,10,Enter,none | menu×1 | @menuitem:File,0,0,Enter>button:Add attachment[none|f=button:Add attachment|h=None]@21.3
chromium-dark-desktop › orbit-menu menu-enter burst sample 11,orbit-menu,menu,menu-enter,,burst,11,Enter,none | menu×1 | @menuitem:File,0,0,Enter>button:Add attachment[none|f=button:Add attachment|h=None]@34.9
chromium-dark-desktop › orbit-menu menu-enter burst sample 12,orbit-menu,menu,menu-enter,,burst,12,Enter,none | menu×1 | @menuitem:File,0,0,Enter>button:Add attachment[none|f=button:Add attachment|h=None]@24.8
chromium-dark-desktop › orbit-menu menu-enter burst sample 13,orbit-menu,menu,menu-enter,,burst,13,Enter,none | menu×1 | @menuitem:File,0,0,Enter>button:Add attachment[none|f=button:Add attachment|h=None]@29.8
chromium-dark-desktop › orbit-menu menu-enter burst sample 14,orbit-menu,menu,menu-enter,,burst,14,Enter,none | menu×1 | @menuitem:File,0,0,Enter>button:Add attachment[none|f=button:Add attachment|h=None]@28
chromium-dark-desktop › orbit-menu menu-enter burst sample 15,orbit-menu,menu,menu-enter,,burst,15,Enter,none | menu×1 | @menuitem:File,0,0,Enter>button:Add attachment[none|f=button:Add attachment|h=None]@18.5
chromium-dark-desktop › orbit-menu menu-enter burst sample 16,orbit-menu,menu,menu-enter,,burst,16,Enter,none | menu×1 | @menuitem:File,0,0,Enter>button:Add attachment[none|f=button:Add attachment|h=None]@18.3
chromium-dark-desktop › orbit-menu menu-enter burst sample 17,orbit-menu,menu,menu-enter,,burst,17,Enter,none | menu×1 | @menuitem:File,0,0,Enter>button:Add attachment[none|f=button:Add attachment|h=None]@20.7
chromium-dark-desktop › orbit-menu menu-enter burst sample 18,orbit-menu,menu,menu-enter,,burst,18,Enter,none | menu×1 | @menuitem:File,0,0,Enter>button:Add attachment[none|f=button:Add attachment|h=None]@22.7
chromium-dark-desktop › orbit-menu menu-enter burst sample 19,orbit-menu,menu,menu-enter,,burst,19,Enter,none | menu×1 | @menuitem:File,0,0,Enter>button:Add attachment[none|f=button:Add attachment|h=None]@17.4
chromium-dark-desktop › orbit-menu menu-enter paced sample 0,orbit-menu,menu,menu-enter,,paced,0,Enter,none | menu×1 | @menuitem:File,0,0,Enter>button:Add attachment[none|f=button:Add attachment|h=None]@30.4
chromium-dark-desktop › orbit-menu menu-enter paced sample 1,orbit-menu,menu,menu-enter,,paced,1,Enter,none | menu×1 | @menuitem:File,0,0,Enter>button:Add attachment[none|f=button:Add attachment|h=None]@23.1
chromium-dark-desktop › orbit-menu menu-enter paced sample 2,orbit-menu,menu,menu-enter,,paced,2,Enter,none | menu×1 | @menuitem:File,0,0,Enter>button:Add attachment[none|f=button:Add attachment|h=None]@20.2
chromium-dark-desktop › orbit-menu menu-enter paced sample 3,orbit-menu,menu,menu-enter,,paced,3,Enter,none | menu×1 | @menuitem:File,0,0,Enter>button:Add attachment[none|f=button:Add attachment|h=None]@16.6
chromium-dark-desktop › orbit-menu menu-enter paced sample 4,orbit-menu,menu,menu-enter,,paced,4,Enter,none | menu×1 | @menuitem:File,0,0,Enter>button:Add attachment[none|f=button:Add attachment|h=None]@22.5
chromium-dark-desktop › orbit-menu menu-enter paced sample 5,orbit-menu,menu,menu-enter,,paced,5,Enter,none | menu×1 | @menuitem:File,0,0,Enter>button:Add attachment[none|f=button:Add attachment|h=None]@26.2
chromium-dark-desktop › orbit-menu menu-enter paced sample 6,orbit-menu,menu,menu-enter,,paced,6,Enter,none | menu×1 | @menuitem:File,0,0,Enter>button:Add attachment[none|f=button:Add attachment|h=None]@32.3
chromium-dark-desktop › orbit-menu menu-enter paced sample 7,orbit-menu,menu,menu-enter,,paced,7,Enter,none | menu×1 | @menuitem:File,0,0,Enter>button:Add attachment[none|f=button:Add attachment|h=None]@31.4
chromium-dark-desktop › orbit-menu menu-enter paced sample 8,orbit-menu,menu,menu-enter,,paced,8,Enter,none | menu×1 | @menuitem:File,0,0,Enter>button:Add attachment[none|f=button:Add attachment|h=None]@22.8
chromium-dark-desktop › orbit-menu menu-enter paced sample 9,orbit-menu,menu,menu-enter,,paced,9,Enter,none | menu×1 | @menuitem:File,0,0,Enter>button:Add attachment[none|f=button:Add attachment|h=None]@25.8
chromium-dark-desktop › orbit-menu menu-enter paced sample 10,orbit-menu,menu,menu-enter,,paced,10,Enter,none | menu×1 | @menuitem:File,0,0,Enter>button:Add attachment[none|f=button:Add attachment|h=None]@26.3
chromium-dark-desktop › orbit-menu menu-enter paced sample 11,orbit-menu,menu,menu-enter,,paced,11,Enter,none | menu×1 | @menuitem:File,0,0,Enter>button:Add attachment[none|f=button:Add attachment|h=None]@19.5
chromium-dark-desktop › orbit-menu menu-enter paced sample 12,orbit-menu,menu,menu-enter,,paced,12,Enter,none | menu×1 | @menuitem:File,0,0,Enter>button:Add attachment[none|f=button:Add attachment|h=None]@23.4
chromium-dark-desktop › orbit-menu menu-enter paced sample 13,orbit-menu,menu,menu-enter,,paced,13,Enter,none | menu×1 | @menuitem:File,0,0,Enter>button:Add attachment[none|f=button:Add attachment|h=None]@17.5
chromium-dark-desktop › orbit-menu menu-enter paced sample 14,orbit-menu,menu,menu-enter,,paced,14,Enter,none | menu×1 | @menuitem:File,0,0,Enter>button:Add attachment[none|f=button:Add attachment|h=None]@22.7
chromium-dark-desktop › orbit-menu menu-enter paced sample 15,orbit-menu,menu,menu-enter,,paced,15,Enter,none | menu×1 | @menuitem:File,0,0,Enter>button:Add attachment[none|f=button:Add attachment|h=None]@27.7
chromium-dark-desktop › orbit-menu menu-enter paced sample 16,orbit-menu,menu,menu-enter,,paced,16,Enter,none | menu×1 | @menuitem:File,0,0,Enter>button:Add attachment[none|f=button:Add attachment|h=None]@100.1
chromium-dark-desktop › orbit-menu menu-enter paced sample 17,orbit-menu,menu,menu-enter,,paced,17,Enter,none | menu×1 | @menuitem:File,0,0,Enter>button:Add attachment[none|f=button:Add attachment|h=None]@33
chromium-dark-desktop › orbit-menu menu-enter paced sample 18,orbit-menu,menu,menu-enter,,paced,18,Enter,none | menu×1 | @menuitem:File,0,0,Enter>button:Add attachment[none|f=button:Add attachment|h=None]@16.4
chromium-dark-desktop › orbit-menu menu-enter paced sample 19,orbit-menu,menu,menu-enter,,paced,19,Enter,none | menu×1 | @menuitem:File,0,0,Enter>button:Add attachment[none|f=button:Add attachment|h=None]@28
chromium-dark-desktop › orbit-menu-sample menu-enter burst sample 0,orbit-menu-sample,menu,menu-enter,,burst,0,Enter,none | menu×1 | @menuitem:File,0,0,Enter>button:Add attachment[none|f=button:Add attachment|h=None]@34.7
chromium-dark-desktop › orbit-menu-sample menu-enter burst sample 1,orbit-menu-sample,menu,menu-enter,,burst,1,Enter,none | menu×1 | @menuitem:File,0,0,Enter>button:Add attachment[none|f=button:Add attachment|h=None]@30
chromium-dark-desktop › orbit-menu-sample menu-enter burst sample 2,orbit-menu-sample,menu,menu-enter,,burst,2,Enter,none | menu×1 | @menuitem:File,0,0,Enter>button:Add attachment[none|f=button:Add attachment|h=None]@22.9
chromium-dark-desktop › orbit-menu-sample menu-enter burst sample 3,orbit-menu-sample,menu,menu-enter,,burst,3,Enter,none | menu×1 | @menuitem:File,0,0,Enter>button:Add attachment[none|f=button:Add attachment|h=None]@30.3
chromium-dark-desktop › orbit-menu-sample menu-enter burst sample 4,orbit-menu-sample,menu,menu-enter,,burst,4,Enter,none | menu×1 | @menuitem:File,0,0,Enter>button:Add attachment[none|f=button:Add attachment|h=None]@34.1
chromium-dark-desktop › orbit-menu-sample menu-enter burst sample 5,orbit-menu-sample,menu,menu-enter,,burst,5,Enter,none | menu×1 | @menuitem:File,0,0,Enter>button:Add attachment[none|f=button:Add attachment|h=None]@25.5
chromium-dark-desktop › orbit-menu-sample menu-enter burst sample 6,orbit-menu-sample,menu,menu-enter,,burst,6,Enter,none | menu×1 | @menuitem:File,0,0,Enter>button:Add attachment[none|f=button:Add attachment|h=None]@35
chromium-dark-desktop › orbit-menu-sample menu-enter burst sample 7,orbit-menu-sample,menu,menu-enter,,burst,7,Enter,none | menu×1 | @menuitem:File,0,0,Enter>button:Add attachment[none|f=button:Add attachment|h=None]@31.6
chromium-dark-desktop › orbit-menu-sample menu-enter burst sample 8,orbit-menu-sample,menu,menu-enter,,burst,8,Enter,none | menu×1 | @menuitem:File,0,0,Enter>button:Add attachment[none|f=button:Add attachment|h=None]@29.1
chromium-dark-desktop › orbit-menu-sample menu-enter burst sample 9,orbit-menu-sample,menu,menu-enter,,burst,9,Enter,none | menu×1 | @menuitem:File,0,0,Enter>button:Add attachment[none|f=button:Add attachment|h=None]@16.7
chromium-dark-desktop › orbit-menu-sample menu-enter burst sample 10,orbit-menu-sample,menu,menu-enter,,burst,10,Enter,none | menu×1 | @menuitem:File,0,0,Enter>button:Add attachment[none|f=button:Add attachment|h=None]@25.1
chromium-dark-desktop › orbit-menu-sample menu-enter burst sample 11,orbit-menu-sample,menu,menu-enter,,burst,11,Enter,none | menu×1 | @menuitem:File,0,0,Enter>button:Add attachment[none|f=button:Add attachment|h=None]@34
chromium-dark-desktop › orbit-menu-sample menu-enter burst sample 12,orbit-menu-sample,menu,menu-enter,,burst,12,Enter,none | menu×1 | @menuitem:File,0,0,Enter>button:Add attachment[none|f=button:Add attachment|h=None]@20.8
chromium-dark-desktop › orbit-menu-sample menu-enter burst sample 13,orbit-menu-sample,menu,menu-enter,,burst,13,Enter,none | menu×1 | @menuitem:File,0,0,Enter>button:Add attachment[none|f=button:Add attachment|h=None]@25.6
chromium-dark-desktop › orbit-menu-sample menu-enter burst sample 14,orbit-menu-sample,menu,menu-enter,,burst,14,Enter,none | menu×1 | @menuitem:File,0,0,Enter>button:Add attachment[none|f=button:Add attachment|h=None]@22.5
chromium-dark-desktop › orbit-menu-sample menu-enter burst sample 15,orbit-menu-sample,menu,menu-enter,,burst,15,Enter,none | menu×1 | @menuitem:File,0,0,Enter>button:Add attachment[none|f=button:Add attachment|h=None]@18.5
chromium-dark-desktop › orbit-menu-sample menu-enter burst sample 16,orbit-menu-sample,menu,menu-enter,,burst,16,Enter,none | menu×1 | @menuitem:File,0,0,Enter>button:Add attachment[none|f=button:Add attachment|h=None]@26.3
chromium-dark-desktop › orbit-menu-sample menu-enter burst sample 17,orbit-menu-sample,menu,menu-enter,,burst,17,Enter,none | menu×1 | @menuitem:File,0,0,Enter>button:Add attachment[none|f=button:Add attachment|h=None]@22.6
chromium-dark-desktop › orbit-menu-sample menu-enter burst sample 18,orbit-menu-sample,menu,menu-enter,,burst,18,Enter,none | menu×1 | @menuitem:File,0,0,Enter>button:Add attachment[none|f=button:Add attachment|h=None]@30.5
chromium-dark-desktop › orbit-menu-sample menu-enter burst sample 19,orbit-menu-sample,menu,menu-enter,,burst,19,Enter,none | menu×1 | @menuitem:File,0,0,Enter>button:Add attachment[none|f=button:Add attachment|h=None]@27.5
chromium-dark-desktop › orbit-menu-sample menu-enter paced sample 0,orbit-menu-sample,menu,menu-enter,,paced,0,Enter,none | menu×1 | @menuitem:File,0,0,Enter>button:Add attachment[none|f=button:Add attachment|h=None]@28.1
chromium-dark-desktop › orbit-menu-sample menu-enter paced sample 1,orbit-menu-sample,menu,menu-enter,,paced,1,Enter,none | menu×1 | @menuitem:File,0,0,Enter>button:Add attachment[none|f=button:Add attachment|h=None]@23
chromium-dark-desktop › orbit-menu-sample menu-enter paced sample 2,orbit-menu-sample,menu,menu-enter,,paced,2,Enter,none | menu×1 | @menuitem:File,0,0,Enter>button:Add attachment[none|f=button:Add attachment|h=None]@19
chromium-dark-desktop › orbit-menu-sample menu-enter paced sample 3,orbit-menu-sample,menu,menu-enter,,paced,3,Enter,none | menu×1 | @menuitem:File,0,0,Enter>button:Add attachment[none|f=button:Add attachment|h=None]@33.6
chromium-dark-desktop › orbit-menu-sample menu-enter paced sample 4,orbit-menu-sample,menu,menu-enter,,paced,4,Enter,none | menu×1 | @menuitem:File,0,0,Enter>button:Add attachment[none|f=button:Add attachment|h=None]@31.6
chromium-dark-desktop › orbit-menu-sample menu-enter paced sample 5,orbit-menu-sample,menu,menu-enter,,paced,5,Enter,none | menu×1 | @menuitem:File,0,0,Enter>button:Add attachment[none|f=button:Add attachment|h=None]@18.5
chromium-dark-desktop › orbit-menu-sample menu-enter paced sample 6,orbit-menu-sample,menu,menu-enter,,paced,6,Enter,none | menu×1 | @menuitem:File,0,0,Enter>button:Add attachment[none|f=button:Add attachment|h=None]@24.6
chromium-dark-desktop › orbit-menu-sample menu-enter paced sample 7,orbit-menu-sample,menu,menu-enter,,paced,7,Enter,none | menu×1 | @menuitem:File,0,0,Enter>button:Add attachment[none|f=button:Add attachment|h=None]@34.5
chromium-dark-desktop › orbit-menu-sample menu-enter paced sample 8,orbit-menu-sample,menu,menu-enter,,paced,8,Enter,none | menu×1 | @menuitem:File,0,0,Enter>button:Add attachment[none|f=button:Add attachment|h=None]@23.2
chromium-dark-desktop › orbit-menu-sample menu-enter paced sample 9,orbit-menu-sample,menu,menu-enter,,paced,9,Enter,none | menu×1 | @menuitem:File,0,0,Enter>button:Add attachment[none|f=button:Add attachment|h=None]@31.3
chromium-dark-desktop › orbit-menu-sample menu-enter paced sample 10,orbit-menu-sample,menu,menu-enter,,paced,10,Enter,none | menu×1 | @menuitem:File,0,0,Enter>button:Add attachment[none|f=button:Add attachment|h=None]@23.9
chromium-dark-desktop › orbit-menu-sample menu-enter paced sample 11,orbit-menu-sample,menu,menu-enter,,paced,11,Enter,none | menu×1 | @menuitem:File,0,0,Enter>button:Add attachment[none|f=button:Add attachment|h=None]@29.1
chromium-dark-desktop › orbit-menu-sample menu-enter paced sample 12,orbit-menu-sample,menu,menu-enter,,paced,12,Enter,none | menu×1 | @menuitem:File,0,0,Enter>button:Add attachment[none|f=button:Add attachment|h=None]@27.3
chromium-dark-desktop › orbit-menu-sample menu-enter paced sample 13,orbit-menu-sample,menu,menu-enter,,paced,13,Enter,none | menu×1 | @menuitem:File,0,0,Enter>button:Add attachment[none|f=button:Add attachment|h=None]@21.9
chromium-dark-desktop › orbit-menu-sample menu-enter paced sample 14,orbit-menu-sample,menu,menu-enter,,paced,14,Enter,none | menu×1 | @menuitem:File,0,0,Enter>button:Add attachment[none|f=button:Add attachment|h=None]@27.8
chromium-dark-desktop › orbit-menu-sample menu-enter paced sample 15,orbit-menu-sample,menu,menu-enter,,paced,15,Enter,none | menu×1 | @menuitem:File,0,0,Enter>button:Add attachment[none|f=button:Add attachment|h=None]@30.9
chromium-dark-desktop › orbit-menu-sample menu-enter paced sample 16,orbit-menu-sample,menu,menu-enter,,paced,16,Enter,none | menu×1 | @menuitem:File,0,0,Enter>button:Add attachment[none|f=button:Add attachment|h=None]@28.7
chromium-dark-desktop › orbit-menu-sample menu-enter paced sample 17,orbit-menu-sample,menu,menu-enter,,paced,17,Enter,none | menu×1 | @menuitem:File,0,0,Enter>button:Add attachment[none|f=button:Add attachment|h=None]@28.9
chromium-dark-desktop › orbit-menu-sample menu-enter paced sample 18,orbit-menu-sample,menu,menu-enter,,paced,18,Enter,none | menu×1 | @menuitem:File,0,0,Enter>button:Add attachment[none|f=button:Add attachment|h=None]@27.2
chromium-dark-desktop › orbit-menu-sample menu-enter paced sample 19,orbit-menu-sample,menu,menu-enter,,paced,19,Enter,none | menu×1 | @menuitem:File,0,0,Enter>button:Add attachment[none|f=button:Add attachment|h=None]@22.5
chromium-dark-desktop › antd-menu menu-enter burst sample 0,antd-menu,menu,menu-enter,,burst,0,Enter,none | menu×1 | @button:Add attachment,0,0,Enter>button:Add attachment[none|f=button:Add attachment|h=None]@36.9
chromium-dark-desktop › antd-menu menu-enter burst sample 1,antd-menu,menu,menu-enter,,burst,1,Enter,none | menu×1 | @button:Add attachment,0,0,Enter>button:Add attachment[none|f=button:Add attachment|h=None]@28.6
chromium-dark-desktop › antd-menu menu-enter burst sample 2,antd-menu,menu,menu-enter,,burst,2,Enter,none | menu×1 | @button:Add attachment,0,0,Enter>button:Add attachment[none|f=button:Add attachment|h=None]@20.7
chromium-dark-desktop › antd-menu menu-enter burst sample 3,antd-menu,menu,menu-enter,,burst,3,Enter,none | menu×1 | @button:Add attachment,0,0,Enter>button:Add attachment[none|f=button:Add attachment|h=None]@22.7
chromium-dark-desktop › antd-menu menu-enter burst sample 4,antd-menu,menu,menu-enter,,burst,4,Enter,none | menu×1 | @button:Add attachment,0,0,Enter>button:Add attachment[none|f=button:Add attachment|h=None]@19.1
chromium-dark-desktop › antd-menu menu-enter burst sample 5,antd-menu,menu,menu-enter,,burst,5,Enter,none | menu×1 | @button:Add attachment,0,0,Enter>button:Add attachment[none|f=button:Add attachment|h=None]@20.9
chromium-dark-desktop › antd-menu menu-enter burst sample 6,antd-menu,menu,menu-enter,,burst,6,Enter,none | menu×1 | @button:Add attachment,0,0,Enter>button:Add attachment[none|f=button:Add attachment|h=None]@29.3
chromium-dark-desktop › antd-menu menu-enter burst sample 7,antd-menu,menu,menu-enter,,burst,7,Enter,none | menu×1 | @button:Add attachment,0,0,Enter>button:Add attachment[none|f=button:Add attachment|h=None]@24.6
chromium-dark-desktop › antd-menu menu-enter burst sample 8,antd-menu,menu,menu-enter,,burst,8,Enter,none | menu×1 | @button:Add attachment,0,0,Enter>button:Add attachment[none|f=button:Add attachment|h=None]@26.8
chromium-dark-desktop › antd-menu menu-enter burst sample 9,antd-menu,menu,menu-enter,,burst,9,Enter,none | menu×1 | @button:Add attachment,0,0,Enter>button:Add attachment[none|f=button:Add attachment|h=None]@26
chromium-dark-desktop › antd-menu menu-enter burst sample 10,antd-menu,menu,menu-enter,,burst,10,Enter,none | menu×1 | @button:Add attachment,0,0,Enter>button:Add attachment[none|f=button:Add attachment|h=None]@34.5
chromium-dark-desktop › antd-menu menu-enter burst sample 11,antd-menu,menu,menu-enter,,burst,11,Enter,none | menu×1 | @button:Add attachment,0,0,Enter>button:Add attachment[none|f=button:Add attachment|h=None]@33
chromium-dark-desktop › antd-menu menu-enter burst sample 12,antd-menu,menu,menu-enter,,burst,12,Enter,none | menu×1 | @button:Add attachment,0,0,Enter>button:Add attachment[none|f=button:Add attachment|h=None]@20.9
chromium-dark-desktop › antd-menu menu-enter burst sample 13,antd-menu,menu,menu-enter,,burst,13,Enter,none | menu×1 | @button:Add attachment,0,0,Enter>button:Add attachment[none|f=button:Add attachment|h=None]@17.8
chromium-dark-desktop › antd-menu menu-enter burst sample 14,antd-menu,menu,menu-enter,,burst,14,Enter,none | menu×1 | @button:Add attachment,0,0,Enter>button:Add attachment[none|f=button:Add attachment|h=None]@31.1
chromium-dark-desktop › antd-menu menu-enter burst sample 15,antd-menu,menu,menu-enter,,burst,15,Enter,none | menu×1 | @button:Add attachment,0,0,Enter>button:Add attachment[none|f=button:Add attachment|h=None]@22.4
chromium-dark-desktop › antd-menu menu-enter burst sample 16,antd-menu,menu,menu-enter,,burst,16,Enter,none | menu×1 | @button:Add attachment,0,0,Enter>button:Add attachment[none|f=button:Add attachment|h=None]@18.5
chromium-dark-desktop › antd-menu menu-enter burst sample 17,antd-menu,menu,menu-enter,,burst,17,Enter,none | menu×1 | @button:Add attachment,0,0,Enter>button:Add attachment[none|f=button:Add attachment|h=None]@26
chromium-dark-desktop › antd-menu menu-enter burst sample 18,antd-menu,menu,menu-enter,,burst,18,Enter,none | menu×1 | @button:Add attachment,0,0,Enter>button:Add attachment[none|f=button:Add attachment|h=None]@20.8
chromium-dark-desktop › antd-menu menu-enter burst sample 19,antd-menu,menu,menu-enter,,burst,19,Enter,none | menu×1 | @button:Add attachment,0,0,Enter>button:Add attachment[none|f=button:Add attachment|h=None]@27
chromium-dark-desktop › antd-menu menu-enter paced sample 0,antd-menu,menu,menu-enter,,paced,0,Enter,none | menu×1 | @button:Add attachment,0,0,Enter>button:Add attachment[none|f=button:Add attachment|h=None]@19.8
chromium-dark-desktop › antd-menu menu-enter paced sample 1,antd-menu,menu,menu-enter,,paced,1,Enter,none | menu×1 | @button:Add attachment,0,0,Enter>button:Add attachment[none|f=button:Add attachment|h=None]@22.4
chromium-dark-desktop › antd-menu menu-enter paced sample 2,antd-menu,menu,menu-enter,,paced,2,Enter,none | menu×1 | @button:Add attachment,0,0,Enter>button:Add attachment[none|f=button:Add attachment|h=None]@23.2
chromium-dark-desktop › antd-menu menu-enter paced sample 3,antd-menu,menu,menu-enter,,paced,3,Enter,none | menu×1 | @button:Add attachment,0,0,Enter>button:Add attachment[none|f=button:Add attachment|h=None]@28.4
chromium-dark-desktop › antd-menu menu-enter paced sample 4,antd-menu,menu,menu-enter,,paced,4,Enter,none | menu×1 | @button:Add attachment,0,0,Enter>button:Add attachment[none|f=button:Add attachment|h=None]@20.5
chromium-dark-desktop › antd-menu menu-enter paced sample 5,antd-menu,menu,menu-enter,,paced,5,Enter,none | menu×1 | @button:Add attachment,0,0,Enter>button:Add attachment[none|f=button:Add attachment|h=None]@24.7
chromium-dark-desktop › antd-menu menu-enter paced sample 6,antd-menu,menu,menu-enter,,paced,6,Enter,none | menu×1 | @button:Add attachment,0,0,Enter>button:Add attachment[none|f=button:Add attachment|h=None]@24.6
chromium-dark-desktop › antd-menu menu-enter paced sample 7,antd-menu,menu,menu-enter,,paced,7,Enter,none | menu×1 | @button:Add attachment,0,0,Enter>button:Add attachment[none|f=button:Add attachment|h=None]@30.1
chromium-dark-desktop › antd-menu menu-enter paced sample 8,antd-menu,menu,menu-enter,,paced,8,Enter,none | menu×1 | @button:Add attachment,0,0,Enter>button:Add attachment[none|f=button:Add attachment|h=None]@20.9
chromium-dark-desktop › antd-menu menu-enter paced sample 9,antd-menu,menu,menu-enter,,paced,9,Enter,none | menu×1 | @button:Add attachment,0,0,Enter>button:Add attachment[none|f=button:Add attachment|h=None]@32.4
chromium-dark-desktop › antd-menu menu-enter paced sample 10,antd-menu,menu,menu-enter,,paced,10,Enter,none | menu×1 | @button:Add attachment,0,0,Enter>button:Add attachment[none|f=button:Add attachment|h=None]@23
chromium-dark-desktop › antd-menu menu-enter paced sample 11,antd-menu,menu,menu-enter,,paced,11,Enter,none | menu×1 | @button:Add attachment,0,0,Enter>button:Add attachment[none|f=button:Add attachment|h=None]@28.6
chromium-dark-desktop › antd-menu menu-enter paced sample 12,antd-menu,menu,menu-enter,,paced,12,Enter,none | menu×1 | @button:Add attachment,0,0,Enter>button:Add attachment[none|f=button:Add attachment|h=None]@10.7
chromium-dark-desktop › antd-menu menu-enter paced sample 13,antd-menu,menu,menu-enter,,paced,13,Enter,none | menu×1 | @button:Add attachment,0,0,Enter>button:Add attachment[none|f=button:Add attachment|h=None]@34.9
chromium-dark-desktop › antd-menu menu-enter paced sample 14,antd-menu,menu,menu-enter,,paced,14,Enter,none | menu×1 | @button:Add attachment,0,0,Enter>button:Add attachment[none|f=button:Add attachment|h=None]@21.4
chromium-dark-desktop › antd-menu menu-enter paced sample 15,antd-menu,menu,menu-enter,,paced,15,Enter,none | menu×1 | @button:Add attachment,0,0,Enter>button:Add attachment[none|f=button:Add attachment|h=None]@30
chromium-dark-desktop › antd-menu menu-enter paced sample 16,antd-menu,menu,menu-enter,,paced,16,Enter,none | menu×1 | @button:Add attachment,0,0,Enter>button:Add attachment[none|f=button:Add attachment|h=None]@25.6
chromium-dark-desktop › antd-menu menu-enter paced sample 17,antd-menu,menu,menu-enter,,paced,17,Enter,none | menu×1 | @button:Add attachment,0,0,Enter>button:Add attachment[none|f=button:Add attachment|h=None]@29
chromium-dark-desktop › antd-menu menu-enter paced sample 18,antd-menu,menu,menu-enter,,paced,18,Enter,none | menu×1 | @button:Add attachment,0,0,Enter>button:Add attachment[none|f=button:Add attachment|h=None]@28.7
chromium-dark-desktop › antd-menu menu-enter paced sample 19,antd-menu,menu,menu-enter,,paced,19,Enter,none | menu×1 | @button:Add attachment,0,0,Enter>button:Add attachment[none|f=button:Add attachment|h=None]@28.8
chromium-dark-desktop › orbit-menu menu-enter-enter burst sample 0,orbit-menu,menu,menu-enter-enter,,burst,0,Enter Enter,Action=file | none | @button:Add attachment,1,1,Enter>button:Add attachment[none|f=button:Add attachment|h=None]@14.8 ; Enter>button:Add attachment[menu×1|f=button:Add attachment|h=File]@46.3 ; Enter*>menuitem:File[menu×1|f=button:Add attachment|h=File]@46.6
chromium-dark-desktop › orbit-menu menu-enter-enter burst sample 1,orbit-menu,menu,menu-enter-enter,,burst,1,Enter Enter,Action=file | none | @button:Add attachment,1,1,Enter>button:Add attachment[none|f=button:Add attachment|h=None]@17.5 ; Enter>button:Add attachment[menu×1|f=button:Add attachment|h=File]@51.4 ; Enter*>menuitem:File[menu×1|f=button:Add attachment|h=File]@51.5
chromium-dark-desktop › orbit-menu menu-enter-enter burst sample 2,orbit-menu,menu,menu-enter-enter,,burst,2,Enter Enter,Action=file | none | @button:Add attachment,1,1,Enter>button:Add attachment[none|f=button:Add attachment|h=None]@14.8 ; Enter>button:Add attachment[menu×1|f=button:Add attachment|h=File]@50.6 ; Enter*>menuitem:File[menu×1|f=button:Add attachment|h=File]@50.7
chromium-dark-desktop › orbit-menu menu-enter-enter burst sample 3,orbit-menu,menu,menu-enter-enter,,burst,3,Enter Enter,Action=file | none | @button:Add attachment,1,1,Enter>button:Add attachment[none|f=button:Add attachment|h=None]@14.2 ; Enter>button:Add attachment[menu×1|f=button:Add attachment|h=File]@42.4 ; Enter*>menuitem:File[menu×1|f=button:Add attachment|h=File]@42.5
chromium-dark-desktop › orbit-menu menu-enter-enter burst sample 4,orbit-menu,menu,menu-enter-enter,,burst,4,Enter Enter,Action=file | none | @button:Add attachment,1,1,Enter>button:Add attachment[none|f=button:Add attachment|h=None]@15.2 ; Enter>button:Add attachment[menu×1|f=button:Add attachment|h=File]@47.9 ; Enter*>menuitem:File[menu×1|f=button:Add attachment|h=File]@48
chromium-dark-desktop › orbit-menu menu-enter-enter burst sample 5,orbit-menu,menu,menu-enter-enter,,burst,5,Enter Enter,Action=file | none | @button:Add attachment,1,1,Enter>button:Add attachment[none|f=button:Add attachment|h=None]@15.3 ; Enter>button:Add attachment[menu×1|f=button:Add attachment|h=File]@43.2 ; Enter*>menuitem:File[menu×1|f=button:Add attachment|h=File]@43.4
chromium-dark-desktop › orbit-menu menu-enter-enter burst sample 6,orbit-menu,menu,menu-enter-enter,,burst,6,Enter Enter,Action=file | none | @button:Add attachment,1,1,Enter>button:Add attachment[none|f=button:Add attachment|h=None]@22 ; Enter>button:Add attachment[menu×1|f=button:Add attachment|h=File]@54.5 ; Enter*>menuitem:File[menu×1|f=button:Add attachment|h=File]@54.7
chromium-dark-desktop › orbit-menu menu-enter-enter burst sample 7,orbit-menu,menu,menu-enter-enter,,burst,7,Enter Enter,Action=file | none | @button:Add attachment,1,1,Enter>button:Add attachment[none|f=button:Add attachment|h=None]@11.3 ; Enter>button:Add attachment[menu×1|f=button:Add attachment|h=File]@45 ; Enter*>menuitem:File[menu×1|f=button:Add attachment|h=File]@45.2
chromium-dark-desktop › orbit-menu menu-enter-enter burst sample 8,orbit-menu,menu,menu-enter-enter,,burst,8,Enter Enter,Action=file | none | @button:Add attachment,1,1,Enter>button:Add attachment[none|f=button:Add attachment|h=None]@20.4 ; Enter>button:Add attachment[menu×1|f=button:Add attachment|h=File]@41.2 ; Enter*>menuitem:File[menu×1|f=button:Add attachment|h=File]@41.2
chromium-dark-desktop › orbit-menu menu-enter-enter burst sample 9,orbit-menu,menu,menu-enter-enter,,burst,9,Enter Enter,Action=file | none | @button:Add attachment,1,1,Enter>button:Add attachment[none|f=button:Add attachment|h=None]@16.3 ; Enter>button:Add attachment[menu×1|f=button:Add attachment|h=File]@52.8 ; Enter*>menuitem:File[menu×1|f=button:Add attachment|h=File]@53
chromium-dark-desktop › orbit-menu menu-enter-enter burst sample 10,orbit-menu,menu,menu-enter-enter,,burst,10,Enter Enter,Action=file | none | @button:Add attachment,1,1,Enter>button:Add attachment[none|f=button:Add attachment|h=None]@16.4 ; Enter>button:Add attachment[menu×1|f=button:Add attachment|h=File]@46.6 ; Enter*>menuitem:File[menu×1|f=button:Add attachment|h=File]@46.8
chromium-dark-desktop › orbit-menu menu-enter-enter burst sample 11,orbit-menu,menu,menu-enter-enter,,burst,11,Enter Enter,Action=file | none | @button:Add attachment,1,1,Enter>button:Add attachment[none|f=button:Add attachment|h=None]@29.9 ; Enter>button:Add attachment[menu×1|f=button:Add attachment|h=File]@57.8 ; Enter*>menuitem:File[menu×1|f=button:Add attachment|h=File]@57.8
chromium-dark-desktop › orbit-menu menu-enter-enter burst sample 12,orbit-menu,menu,menu-enter-enter,,burst,12,Enter Enter,Action=file | none | @button:Add attachment,1,1,Enter>button:Add attachment[none|f=button:Add attachment|h=None]@26.2 ; Enter>button:Add attachment[menu×1|f=button:Add attachment|h=File]@63.4 ; Enter*>menuitem:File[menu×1|f=button:Add attachment|h=File]@63.5
chromium-dark-desktop › orbit-menu menu-enter-enter burst sample 13,orbit-menu,menu,menu-enter-enter,,burst,13,Enter Enter,Action=file | none | @button:Add attachment,1,1,Enter>button:Add attachment[none|f=button:Add attachment|h=None]@19.9 ; Enter>button:Add attachment[menu×1|f=button:Add attachment|h=File]@47.1 ; Enter*>menuitem:File[menu×1|f=button:Add attachment|h=File]@47.3
chromium-dark-desktop › orbit-menu menu-enter-enter burst sample 14,orbit-menu,menu,menu-enter-enter,,burst,14,Enter Enter,Action=file | none | @button:Add attachment,1,1,Enter>button:Add attachment[none|f=button:Add attachment|h=None]@30 ; Enter>button:Add attachment[menu×1|f=button:Add attachment|h=File]@67.1 ; Enter*>menuitem:File[menu×1|f=button:Add attachment|h=File]@67.3
chromium-dark-desktop › orbit-menu menu-enter-enter burst sample 15,orbit-menu,menu,menu-enter-enter,,burst,15,Enter Enter,Action=file | none | @button:Add attachment,1,1,Enter>button:Add attachment[none|f=button:Add attachment|h=None]@27.2 ; Enter>button:Add attachment[menu×1|f=button:Add attachment|h=File]@67.1 ; Enter*>menuitem:File[menu×1|f=button:Add attachment|h=File]@67.3
chromium-dark-desktop › orbit-menu menu-enter-enter burst sample 16,orbit-menu,menu,menu-enter-enter,,burst,16,Enter Enter,Action=file | none | @button:Add attachment,1,1,Enter>button:Add attachment[none|f=button:Add attachment|h=None]@22.2 ; Enter>button:Add attachment[menu×1|f=button:Add attachment|h=File]@52.9 ; Enter*>menuitem:File[menu×1|f=button:Add attachment|h=File]@53
chromium-dark-desktop › orbit-menu menu-enter-enter burst sample 17,orbit-menu,menu,menu-enter-enter,,burst,17,Enter Enter,Action=file | none | @button:Add attachment,1,1,Enter>button:Add attachment[none|f=button:Add attachment|h=None]@23.5 ; Enter>button:Add attachment[menu×1|f=button:Add attachment|h=File]@53.1 ; Enter*>menuitem:File[menu×1|f=button:Add attachment|h=File]@53.3
chromium-dark-desktop › orbit-menu menu-enter-enter burst sample 18,orbit-menu,menu,menu-enter-enter,,burst,18,Enter Enter,Action=file | none | @button:Add attachment,1,1,Enter>button:Add attachment[none|f=button:Add attachment|h=None]@23.4 ; Enter>button:Add attachment[menu×1|f=button:Add attachment|h=File]@54.7 ; Enter*>menuitem:File[menu×1|f=button:Add attachment|h=File]@54.9
chromium-dark-desktop › orbit-menu menu-enter-enter burst sample 19,orbit-menu,menu,menu-enter-enter,,burst,19,Enter Enter,Action=file | none | @button:Add attachment,1,1,Enter>button:Add attachment[none|f=button:Add attachment|h=None]@21 ; Enter>button:Add attachment[menu×1|f=button:Add attachment|h=File]@50.8 ; Enter*>menuitem:File[menu×1|f=button:Add attachment|h=File]@51
chromium-dark-desktop › orbit-menu menu-enter-enter paced sample 0,orbit-menu,menu,menu-enter-enter,,paced,0,Enter Enter,Action=file | none | @button:Add attachment,0,0,Enter>button:Add attachment[none|f=button:Add attachment|h=None]@23.4 ; Enter>menuitem:File[menu×1|f=menuitem:File|h=File]@371.3
chromium-dark-desktop › orbit-menu menu-enter-enter paced sample 1,orbit-menu,menu,menu-enter-enter,,paced,1,Enter Enter,Action=file | none | @button:Add attachment,0,0,Enter>button:Add attachment[none|f=button:Add attachment|h=None]@16.7 ; Enter>menuitem:File[menu×1|f=menuitem:File|h=File]@361.2
chromium-dark-desktop › orbit-menu menu-enter-enter paced sample 2,orbit-menu,menu,menu-enter-enter,,paced,2,Enter Enter,Action=file | none | @button:Add attachment,0,0,Enter>button:Add attachment[none|f=button:Add attachment|h=None]@22.9 ; Enter>menuitem:File[menu×1|f=menuitem:File|h=File]@353.6
chromium-dark-desktop › orbit-menu menu-enter-enter paced sample 3,orbit-menu,menu,menu-enter-enter,,paced,3,Enter Enter,Action=file | none | @button:Add attachment,0,0,Enter>button:Add attachment[none|f=button:Add attachment|h=None]@31.1 ; Enter>menuitem:File[menu×1|f=menuitem:File|h=File]@375.7
chromium-dark-desktop › orbit-menu menu-enter-enter paced sample 4,orbit-menu,menu,menu-enter-enter,,paced,4,Enter Enter,Action=file | none | @button:Add attachment,0,0,Enter>button:Add attachment[none|f=button:Add attachment|h=None]@16.9 ; Enter>menuitem:File[menu×1|f=menuitem:File|h=File]@365.8
chromium-dark-desktop › orbit-menu menu-enter-enter paced sample 5,orbit-menu,menu,menu-enter-enter,,paced,5,Enter Enter,Action=file | none | @button:Add attachment,0,0,Enter>button:Add attachment[none|f=button:Add attachment|h=None]@19.7 ; Enter>menuitem:File[menu×1|f=menuitem:File|h=File]@361.9
chromium-dark-desktop › orbit-menu menu-enter-enter paced sample 6,orbit-menu,menu,menu-enter-enter,,paced,6,Enter Enter,Action=file | none | @button:Add attachment,0,0,Enter>button:Add attachment[none|f=button:Add attachment|h=None]@15 ; Enter>menuitem:File[menu×1|f=menuitem:File|h=File]@349.1
chromium-dark-desktop › orbit-menu menu-enter-enter paced sample 7,orbit-menu,menu,menu-enter-enter,,paced,7,Enter Enter,Action=file | none | @button:Add attachment,0,0,Enter>button:Add attachment[none|f=button:Add attachment|h=None]@25.8 ; Enter>menuitem:File[menu×1|f=menuitem:File|h=File]@367.7
chromium-dark-desktop › orbit-menu menu-enter-enter paced sample 8,orbit-menu,menu,menu-enter-enter,,paced,8,Enter Enter,Action=file | none | @button:Add attachment,0,0,Enter>button:Add attachment[none|f=button:Add attachment|h=None]@25 ; Enter>menuitem:File[menu×1|f=menuitem:File|h=File]@362
chromium-dark-desktop › orbit-menu menu-enter-enter paced sample 9,orbit-menu,menu,menu-enter-enter,,paced,9,Enter Enter,Action=file | none | @button:Add attachment,0,0,Enter>button:Add attachment[none|f=button:Add attachment|h=None]@15.7 ; Enter>menuitem:File[menu×1|f=menuitem:File|h=File]@363.6
chromium-dark-desktop › orbit-menu menu-enter-enter paced sample 10,orbit-menu,menu,menu-enter-enter,,paced,10,Enter Enter,Action=file | none | @button:Add attachment,0,0,Enter>button:Add attachment[none|f=button:Add attachment|h=None]@17.7 ; Enter>menuitem:File[menu×1|f=menuitem:File|h=File]@365.4
chromium-dark-desktop › orbit-menu menu-enter-enter paced sample 11,orbit-menu,menu,menu-enter-enter,,paced,11,Enter Enter,Action=file | none | @button:Add attachment,0,0,Enter>button:Add attachment[none|f=button:Add attachment|h=None]@30.4 ; Enter>menuitem:File[menu×1|f=menuitem:File|h=File]@374.4
chromium-dark-desktop › orbit-menu menu-enter-enter paced sample 12,orbit-menu,menu,menu-enter-enter,,paced,12,Enter Enter,Action=file | none | @button:Add attachment,0,0,Enter>button:Add attachment[none|f=button:Add attachment|h=None]@13 ; Enter>menuitem:File[menu×1|f=menuitem:File|h=File]@361.8
chromium-dark-desktop › orbit-menu menu-enter-enter paced sample 13,orbit-menu,menu,menu-enter-enter,,paced,13,Enter Enter,Action=file | none | @button:Add attachment,0,0,Enter>button:Add attachment[none|f=button:Add attachment|h=None]@8.3 ; Enter>menuitem:File[menu×1|f=menuitem:File|h=File]@366.8
chromium-dark-desktop › orbit-menu menu-enter-enter paced sample 14,orbit-menu,menu,menu-enter-enter,,paced,14,Enter Enter,Action=file | none | @button:Add attachment,0,0,Enter>button:Add attachment[none|f=button:Add attachment|h=None]@18.2 ; Enter>menuitem:File[menu×1|f=menuitem:File|h=File]@359.5
chromium-dark-desktop › orbit-menu menu-enter-enter paced sample 15,orbit-menu,menu,menu-enter-enter,,paced,15,Enter Enter,Action=file | none | @button:Add attachment,0,0,Enter>button:Add attachment[none|f=button:Add attachment|h=None]@21.3 ; Enter>menuitem:File[menu×1|f=menuitem:File|h=File]@371.3
chromium-dark-desktop › orbit-menu menu-enter-enter paced sample 16,orbit-menu,menu,menu-enter-enter,,paced,16,Enter Enter,Action=file | none | @button:Add attachment,0,0,Enter>button:Add attachment[none|f=button:Add attachment|h=None]@29.1 ; Enter>menuitem:File[menu×1|f=menuitem:File|h=File]@374
chromium-dark-desktop › orbit-menu menu-enter-enter paced sample 17,orbit-menu,menu,menu-enter-enter,,paced,17,Enter Enter,Action=file | none | @button:Add attachment,0,0,Enter>button:Add attachment[none|f=button:Add attachment|h=None]@26.2 ; Enter>menuitem:File[menu×1|f=menuitem:File|h=File]@374.7
chromium-dark-desktop › orbit-menu menu-enter-enter paced sample 18,orbit-menu,menu,menu-enter-enter,,paced,18,Enter Enter,Action=file | none | @button:Add attachment,0,0,Enter>button:Add attachment[none|f=button:Add attachment|h=None]@24.8 ; Enter>menuitem:File[menu×1|f=menuitem:File|h=File]@373.8
chromium-dark-desktop › orbit-menu menu-enter-enter paced sample 19,orbit-menu,menu,menu-enter-enter,,paced,19,Enter Enter,Action=file | none | @button:Add attachment,0,0,Enter>button:Add attachment[none|f=button:Add attachment|h=None]@18.3 ; Enter>menuitem:File[menu×1|f=menuitem:File|h=File]@361.2
chromium-dark-desktop › orbit-menu-sample menu-enter-enter burst sample 0,orbit-menu-sample,menu,menu-enter-enter,,burst,0,Enter Enter,ran File | none | @button:Add attachment,1,1,Enter>button:Add attachment[none|f=button:Add attachment|h=None]@17.9 ; Enter>button:Add attachment[menu×1|f=button:Add attachment|h=File]@52.1 ; Enter*>menuitem:File[menu×1|f=button:Add attachment|h=File]@52.2
chromium-dark-desktop › orbit-menu-sample menu-enter-enter burst sample 1,orbit-menu-sample,menu,menu-enter-enter,,burst,1,Enter Enter,ran File | none | @button:Add attachment,1,1,Enter>button:Add attachment[none|f=button:Add attachment|h=None]@34.6 ; Enter>button:Add attachment[menu×1|f=button:Add attachment|h=File]@59.8 ; Enter*>menuitem:File[menu×1|f=button:Add attachment|h=File]@59.9
chromium-dark-desktop › orbit-menu-sample menu-enter-enter burst sample 2,orbit-menu-sample,menu,menu-enter-enter,,burst,2,Enter Enter,ran File | none | @button:Add attachment,1,1,Enter>button:Add attachment[none|f=button:Add attachment|h=None]@29.8 ; Enter>button:Add attachment[menu×1|f=button:Add attachment|h=File]@53.5 ; Enter*>menuitem:File[menu×1|f=button:Add attachment|h=File]@53.6
chromium-dark-desktop › orbit-menu-sample menu-enter-enter burst sample 3,orbit-menu-sample,menu,menu-enter-enter,,burst,3,Enter Enter,ran File | none | @button:Add attachment,1,1,Enter>button:Add attachment[none|f=button:Add attachment|h=None]@20.9 ; Enter>button:Add attachment[menu×1|f=button:Add attachment|h=File]@53.5 ; Enter*>menuitem:File[menu×1|f=button:Add attachment|h=File]@53.6
chromium-dark-desktop › orbit-menu-sample menu-enter-enter burst sample 4,orbit-menu-sample,menu,menu-enter-enter,,burst,4,Enter Enter,ran File | none | @button:Add attachment,1,1,Enter>button:Add attachment[none|f=button:Add attachment|h=None]@33.2 ; Enter>button:Add attachment[menu×1|f=button:Add attachment|h=File]@71.1 ; Enter*>menuitem:File[menu×1|f=button:Add attachment|h=File]@71.3
chromium-dark-desktop › orbit-menu-sample menu-enter-enter burst sample 5,orbit-menu-sample,menu,menu-enter-enter,,burst,5,Enter Enter,ran File | none | @button:Add attachment,1,1,Enter>button:Add attachment[none|f=button:Add attachment|h=None]@30.1 ; Enter>button:Add attachment[menu×1|f=button:Add attachment|h=File]@59.5 ; Enter*>menuitem:File[menu×1|f=button:Add attachment|h=File]@59.7
chromium-dark-desktop › orbit-menu-sample menu-enter-enter burst sample 6,orbit-menu-sample,menu,menu-enter-enter,,burst,6,Enter Enter,ran File | none | @button:Add attachment,1,1,Enter>button:Add attachment[none|f=button:Add attachment|h=None]@31.5 ; Enter>button:Add attachment[menu×1|f=button:Add attachment|h=File]@61.3 ; Enter*>menuitem:File[menu×1|f=button:Add attachment|h=File]@61.4
chromium-dark-desktop › orbit-menu-sample menu-enter-enter burst sample 7,orbit-menu-sample,menu,menu-enter-enter,,burst,7,Enter Enter,ran File | none | @button:Add attachment,1,1,Enter>button:Add attachment[none|f=button:Add attachment|h=None]@19.6 ; Enter>button:Add attachment[menu×1|f=button:Add attachment|h=File]@43.1 ; Enter*>menuitem:File[menu×1|f=button:Add attachment|h=File]@43.2
chromium-dark-desktop › orbit-menu-sample menu-enter-enter burst sample 8,orbit-menu-sample,menu,menu-enter-enter,,burst,8,Enter Enter,ran File | none | @button:Add attachment,1,1,Enter>button:Add attachment[none|f=button:Add attachment|h=None]@21.7 ; Enter>button:Add attachment[menu×1|f=button:Add attachment|h=File]@44.9 ; Enter*>menuitem:File[menu×1|f=button:Add attachment|h=File]@45
chromium-dark-desktop › orbit-menu-sample menu-enter-enter burst sample 9,orbit-menu-sample,menu,menu-enter-enter,,burst,9,Enter Enter,ran File | none | @button:Add attachment,1,1,Enter>button:Add attachment[none|f=button:Add attachment|h=None]@22 ; Enter>button:Add attachment[menu×1|f=button:Add attachment|h=File]@45 ; Enter*>menuitem:File[menu×1|f=button:Add attachment|h=File]@45.1
chromium-dark-desktop › orbit-menu-sample menu-enter-enter burst sample 10,orbit-menu-sample,menu,menu-enter-enter,,burst,10,Enter Enter,ran File | none | @button:Add attachment,1,1,Enter>button:Add attachment[none|f=button:Add attachment|h=None]@29.6 ; Enter>button:Add attachment[menu×1|f=button:Add attachment|h=File]@52.2 ; Enter*>menuitem:File[menu×1|f=button:Add attachment|h=File]@52.3
chromium-dark-desktop › orbit-menu-sample menu-enter-enter burst sample 11,orbit-menu-sample,menu,menu-enter-enter,,burst,11,Enter Enter,ran File | none | @button:Add attachment,1,1,Enter>button:Add attachment[none|f=button:Add attachment|h=None]@20.6 ; Enter>button:Add attachment[menu×1|f=button:Add attachment|h=File]@43.3 ; Enter*>menuitem:File[menu×1|f=button:Add attachment|h=File]@43.5
chromium-dark-desktop › orbit-menu-sample menu-enter-enter burst sample 12,orbit-menu-sample,menu,menu-enter-enter,,burst,12,Enter Enter,ran File | none | @button:Add attachment,1,1,Enter>button:Add attachment[none|f=button:Add attachment|h=None]@20.9 ; Enter>button:Add attachment[menu×1|f=button:Add attachment|h=File]@43.9 ; Enter*>menuitem:File[menu×1|f=button:Add attachment|h=File]@43.9
chromium-dark-desktop › orbit-menu-sample menu-enter-enter burst sample 13,orbit-menu-sample,menu,menu-enter-enter,,burst,13,Enter Enter,ran File | none | @button:Add attachment,1,1,Enter>button:Add attachment[none|f=button:Add attachment|h=None]@27.1 ; Enter>button:Add attachment[menu×1|f=button:Add attachment|h=File]@50 ; Enter*>menuitem:File[menu×1|f=button:Add attachment|h=File]@50.1
chromium-dark-desktop › orbit-menu-sample menu-enter-enter burst sample 14,orbit-menu-sample,menu,menu-enter-enter,,burst,14,Enter Enter,ran File | none | @button:Add attachment,1,1,Enter>button:Add attachment[none|f=button:Add attachment|h=None]@26.9 ; Enter>button:Add attachment[menu×1|f=button:Add attachment|h=File]@49.5 ; Enter*>menuitem:File[menu×1|f=button:Add attachment|h=File]@49.6
chromium-dark-desktop › orbit-menu-sample menu-enter-enter burst sample 15,orbit-menu-sample,menu,menu-enter-enter,,burst,15,Enter Enter,ran File | none | @button:Add attachment,1,1,Enter>button:Add attachment[none|f=button:Add attachment|h=None]@32.7 ; Enter>button:Add attachment[menu×1|f=button:Add attachment|h=File]@54.8 ; Enter*>menuitem:File[menu×1|f=button:Add attachment|h=File]@55
chromium-dark-desktop › orbit-menu-sample menu-enter-enter burst sample 16,orbit-menu-sample,menu,menu-enter-enter,,burst,16,Enter Enter,ran File | none | @button:Add attachment,1,1,Enter>button:Add attachment[none|f=button:Add attachment|h=None]@24.2 ; Enter>button:Add attachment[menu×1|f=button:Add attachment|h=File]@47.5 ; Enter*>menuitem:File[menu×1|f=button:Add attachment|h=File]@47.5
chromium-dark-desktop › orbit-menu-sample menu-enter-enter burst sample 17,orbit-menu-sample,menu,menu-enter-enter,,burst,17,Enter Enter,ran File | none | @button:Add attachment,1,1,Enter>button:Add attachment[none|f=button:Add attachment|h=None]@23.6 ; Enter>button:Add attachment[menu×1|f=button:Add attachment|h=File]@46.4 ; Enter*>menuitem:File[menu×1|f=button:Add attachment|h=File]@46.5
chromium-dark-desktop › orbit-menu-sample menu-enter-enter burst sample 18,orbit-menu-sample,menu,menu-enter-enter,,burst,18,Enter Enter,ran File | none | @button:Add attachment,1,1,Enter>button:Add attachment[none|f=button:Add attachment|h=None]@20.9 ; Enter>button:Add attachment[menu×1|f=button:Add attachment|h=File]@44.6 ; Enter*>menuitem:File[menu×1|f=button:Add attachment|h=File]@44.7
chromium-dark-desktop › orbit-menu-sample menu-enter-enter burst sample 19,orbit-menu-sample,menu,menu-enter-enter,,burst,19,Enter Enter,ran File | none | @button:Add attachment,1,1,Enter>button:Add attachment[none|f=button:Add attachment|h=None]@30.4 ; Enter>button:Add attachment[menu×1|f=button:Add attachment|h=File]@52.7 ; Enter*>menuitem:File[menu×1|f=button:Add attachment|h=File]@52.8
chromium-dark-desktop › orbit-menu-sample menu-enter-enter paced sample 0,orbit-menu-sample,menu,menu-enter-enter,,paced,0,Enter Enter,ran File | none | @button:Add attachment,0,0,Enter>button:Add attachment[none|f=button:Add attachment|h=None]@23.2 ; Enter>menuitem:File[menu×1|f=menuitem:File|h=File]@365.5
chromium-dark-desktop › orbit-menu-sample menu-enter-enter paced sample 1,orbit-menu-sample,menu,menu-enter-enter,,paced,1,Enter Enter,ran File | none | @button:Add attachment,0,0,Enter>button:Add attachment[none|f=button:Add attachment|h=None]@30 ; Enter>menuitem:File[menu×1|f=menuitem:File|h=File]@370.9
chromium-dark-desktop › orbit-menu-sample menu-enter-enter paced sample 2,orbit-menu-sample,menu,menu-enter-enter,,paced,2,Enter Enter,ran File | none | @button:Add attachment,0,0,Enter>button:Add attachment[none|f=button:Add attachment|h=None]@35.3 ; Enter>menuitem:File[menu×1|f=menuitem:File|h=File]@374.1
chromium-dark-desktop › orbit-menu-sample menu-enter-enter paced sample 3,orbit-menu-sample,menu,menu-enter-enter,,paced,3,Enter Enter,ran File | none | @button:Add attachment,0,0,Enter>button:Add attachment[none|f=button:Add attachment|h=None]@32.9 ; Enter>menuitem:File[menu×1|f=menuitem:File|h=File]@364.4
chromium-dark-desktop › orbit-menu-sample menu-enter-enter paced sample 4,orbit-menu-sample,menu,menu-enter-enter,,paced,4,Enter Enter,ran File | none | @button:Add attachment,0,0,Enter>button:Add attachment[none|f=button:Add attachment|h=None]@23.7 ; Enter>menuitem:File[menu×1|f=menuitem:File|h=File]@352.9
chromium-dark-desktop › orbit-menu-sample menu-enter-enter paced sample 5,orbit-menu-sample,menu,menu-enter-enter,,paced,5,Enter Enter,ran File | none | @button:Add attachment,0,0,Enter>button:Add attachment[none|f=button:Add attachment|h=None]@28.1 ; Enter>menuitem:File[menu×1|f=menuitem:File|h=File]@368.5
chromium-dark-desktop › orbit-menu-sample menu-enter-enter paced sample 6,orbit-menu-sample,menu,menu-enter-enter,,paced,6,Enter Enter,ran File | none | @button:Add attachment,0,0,Enter>button:Add attachment[none|f=button:Add attachment|h=None]@25.9 ; Enter>menuitem:File[menu×1|f=menuitem:File|h=File]@363.9
chromium-dark-desktop › orbit-menu-sample menu-enter-enter paced sample 7,orbit-menu-sample,menu,menu-enter-enter,,paced,7,Enter Enter,ran File | none | @button:Add attachment,0,0,Enter>button:Add attachment[none|f=button:Add attachment|h=None]@31.2 ; Enter>menuitem:File[menu×1|f=menuitem:File|h=File]@359
chromium-dark-desktop › orbit-menu-sample menu-enter-enter paced sample 8,orbit-menu-sample,menu,menu-enter-enter,,paced,8,Enter Enter,ran File | none | @button:Add attachment,0,0,Enter>button:Add attachment[none|f=button:Add attachment|h=None]@31.1 ; Enter>menuitem:File[menu×1|f=menuitem:File|h=File]@361.6
chromium-dark-desktop › orbit-menu-sample menu-enter-enter paced sample 9,orbit-menu-sample,menu,menu-enter-enter,,paced,9,Enter Enter,ran File | none | @button:Add attachment,0,0,Enter>button:Add attachment[none|f=button:Add attachment|h=None]@18.4 ; Enter>menuitem:File[menu×1|f=menuitem:File|h=File]@360.6
chromium-dark-desktop › orbit-menu-sample menu-enter-enter paced sample 10,orbit-menu-sample,menu,menu-enter-enter,,paced,10,Enter Enter,ran File | none | @button:Add attachment,0,0,Enter>button:Add attachment[none|f=button:Add attachment|h=None]@22.1 ; Enter>menuitem:File[menu×1|f=menuitem:File|h=File]@352.2
chromium-dark-desktop › orbit-menu-sample menu-enter-enter paced sample 11,orbit-menu-sample,menu,menu-enter-enter,,paced,11,Enter Enter,ran File | none | @button:Add attachment,0,0,Enter>button:Add attachment[none|f=button:Add attachment|h=None]@35.2 ; Enter>menuitem:File[menu×1|f=menuitem:File|h=File]@364.4
chromium-dark-desktop › orbit-menu-sample menu-enter-enter paced sample 12,orbit-menu-sample,menu,menu-enter-enter,,paced,12,Enter Enter,ran File | none | @button:Add attachment,0,0,Enter>button:Add attachment[none|f=button:Add attachment|h=None]@24.4 ; Enter>menuitem:File[menu×1|f=menuitem:File|h=File]@369.9
chromium-dark-desktop › orbit-menu-sample menu-enter-enter paced sample 13,orbit-menu-sample,menu,menu-enter-enter,,paced,13,Enter Enter,ran File | none | @button:Add attachment,0,0,Enter>button:Add attachment[none|f=button:Add attachment|h=None]@22.5 ; Enter>menuitem:File[menu×1|f=menuitem:File|h=File]@366.6
chromium-dark-desktop › orbit-menu-sample menu-enter-enter paced sample 14,orbit-menu-sample,menu,menu-enter-enter,,paced,14,Enter Enter,ran File | none | @button:Add attachment,0,0,Enter>button:Add attachment[none|f=button:Add attachment|h=None]@26.7 ; Enter>menuitem:File[menu×1|f=menuitem:File|h=File]@356.8
chromium-dark-desktop › orbit-menu-sample menu-enter-enter paced sample 15,orbit-menu-sample,menu,menu-enter-enter,,paced,15,Enter Enter,ran File | none | @button:Add attachment,0,0,Enter>button:Add attachment[none|f=button:Add attachment|h=None]@24.5 ; Enter>menuitem:File[menu×1|f=menuitem:File|h=File]@353
chromium-dark-desktop › orbit-menu-sample menu-enter-enter paced sample 16,orbit-menu-sample,menu,menu-enter-enter,,paced,16,Enter Enter,ran File | none | @button:Add attachment,0,0,Enter>button:Add attachment[none|f=button:Add attachment|h=None]@30 ; Enter>menuitem:File[menu×1|f=menuitem:File|h=File]@368.3
chromium-dark-desktop › orbit-menu-sample menu-enter-enter paced sample 17,orbit-menu-sample,menu,menu-enter-enter,,paced,17,Enter Enter,ran File | none | @button:Add attachment,0,0,Enter>button:Add attachment[none|f=button:Add attachment|h=None]@18.6 ; Enter>menuitem:File[menu×1|f=menuitem:File|h=File]@361.6
chromium-dark-desktop › orbit-menu-sample menu-enter-enter paced sample 18,orbit-menu-sample,menu,menu-enter-enter,,paced,18,Enter Enter,ran File | none | @button:Add attachment,0,0,Enter>button:Add attachment[none|f=button:Add attachment|h=None]@24.8 ; Enter>menuitem:File[menu×1|f=menuitem:File|h=File]@370.4
chromium-dark-desktop › orbit-menu-sample menu-enter-enter paced sample 19,orbit-menu-sample,menu,menu-enter-enter,,paced,19,Enter Enter,ran File | none | @button:Add attachment,0,0,Enter>button:Add attachment[none|f=button:Add attachment|h=None]@16.8 ; Enter>menuitem:File[menu×1|f=menuitem:File|h=File]@356.6
chromium-dark-desktop › antd-menu menu-enter-enter burst sample 0,antd-menu,menu,menu-enter-enter,,burst,0,Enter Enter,none | none | @button:Add attachment,1,0,Enter>button:Add attachment[none|f=button:Add attachment|h=None]@24.5 ; Enter>button:Add attachment[menu×1|f=button:Add attachment|h=None]@93.6
chromium-dark-desktop › antd-menu menu-enter-enter burst sample 1,antd-menu,menu,menu-enter-enter,,burst,1,Enter Enter,none | none | @button:Add attachment,1,0,Enter>button:Add attachment[none|f=button:Add attachment|h=None]@24.5 ; Enter>button:Add attachment[menu×1|f=button:Add attachment|h=None]@92.9
chromium-dark-desktop › antd-menu menu-enter-enter burst sample 2,antd-menu,menu,menu-enter-enter,,burst,2,Enter Enter,none | none | @button:Add attachment,1,0,Enter>button:Add attachment[none|f=button:Add attachment|h=None]@28.3 ; Enter>button:Add attachment[menu×1|f=button:Add attachment|h=None]@94.2
chromium-dark-desktop › antd-menu menu-enter-enter burst sample 3,antd-menu,menu,menu-enter-enter,,burst,3,Enter Enter,none | none | @button:Add attachment,1,0,Enter>button:Add attachment[none|f=button:Add attachment|h=None]@35 ; Enter>button:Add attachment[menu×1|f=button:Add attachment|h=None]@97.9
chromium-dark-desktop › antd-menu menu-enter-enter burst sample 4,antd-menu,menu,menu-enter-enter,,burst,4,Enter Enter,none | none | @button:Add attachment,1,0,Enter>button:Add attachment[none|f=button:Add attachment|h=None]@25.2 ; Enter>button:Add attachment[menu×1|f=button:Add attachment|h=None]@71.1
chromium-dark-desktop › antd-menu menu-enter-enter burst sample 5,antd-menu,menu,menu-enter-enter,,burst,5,Enter Enter,none | none | @button:Add attachment,1,0,Enter>button:Add attachment[none|f=button:Add attachment|h=None]@20.1 ; Enter>button:Add attachment[menu×1|f=button:Add attachment|h=None]@95.6
chromium-dark-desktop › antd-menu menu-enter-enter burst sample 6,antd-menu,menu,menu-enter-enter,,burst,6,Enter Enter,none | none | @button:Add attachment,1,0,Enter>button:Add attachment[none|f=button:Add attachment|h=None]@17.7 ; Enter>button:Add attachment[menu×1|f=button:Add attachment|h=None]@62.7
chromium-dark-desktop › antd-menu menu-enter-enter burst sample 7,antd-menu,menu,menu-enter-enter,,burst,7,Enter Enter,none | none | @button:Add attachment,1,0,Enter>button:Add attachment[none|f=button:Add attachment|h=None]@31.7 ; Enter>button:Add attachment[menu×1|f=button:Add attachment|h=None]@97.4
chromium-dark-desktop › antd-menu menu-enter-enter burst sample 8,antd-menu,menu,menu-enter-enter,,burst,8,Enter Enter,none | none | @button:Add attachment,1,0,Enter>button:Add attachment[none|f=button:Add attachment|h=None]@25.3 ; Enter>button:Add attachment[menu×1|f=button:Add attachment|h=None]@71
chromium-dark-desktop › antd-menu menu-enter-enter burst sample 9,antd-menu,menu,menu-enter-enter,,burst,9,Enter Enter,none | none | @button:Add attachment,1,0,Enter>button:Add attachment[none|f=button:Add attachment|h=None]@24.8 ; Enter>button:Add attachment[menu×1|f=button:Add attachment|h=None]@70.1
chromium-dark-desktop › antd-menu menu-enter-enter burst sample 10,antd-menu,menu,menu-enter-enter,,burst,10,Enter Enter,none | none | @button:Add attachment,1,0,Enter>button:Add attachment[none|f=button:Add attachment|h=None]@22.4 ; Enter>button:Add attachment[menu×1|f=button:Add attachment|h=None]@72
chromium-dark-desktop › antd-menu menu-enter-enter burst sample 11,antd-menu,menu,menu-enter-enter,,burst,11,Enter Enter,none | none | @button:Add attachment,1,0,Enter>button:Add attachment[none|f=button:Add attachment|h=None]@27.3 ; Enter>button:Add attachment[menu×1|f=button:Add attachment|h=None]@75.9
chromium-dark-desktop › antd-menu menu-enter-enter burst sample 12,antd-menu,menu,menu-enter-enter,,burst,12,Enter Enter,none | none | @button:Add attachment,1,0,Enter>button:Add attachment[none|f=button:Add attachment|h=None]@15.9 ; Enter>button:Add attachment[menu×1|f=button:Add attachment|h=None]@81.7
chromium-dark-desktop › antd-menu menu-enter-enter burst sample 13,antd-menu,menu,menu-enter-enter,,burst,13,Enter Enter,none | none | @button:Add attachment,1,0,Enter>button:Add attachment[none|f=button:Add attachment|h=None]@19.9 ; Enter>button:Add attachment[menu×1|f=button:Add attachment|h=None]@67.6
chromium-dark-desktop › antd-menu menu-enter-enter burst sample 14,antd-menu,menu,menu-enter-enter,,burst,14,Enter Enter,none | none | @button:Add attachment,1,0,Enter>button:Add attachment[none|f=button:Add attachment|h=None]@35 ; Enter>button:Add attachment[menu×1|f=button:Add attachment|h=None]@94.6
chromium-dark-desktop › antd-menu menu-enter-enter burst sample 15,antd-menu,menu,menu-enter-enter,,burst,15,Enter Enter,none | none | @button:Add attachment,1,0,Enter>button:Add attachment[none|f=button:Add attachment|h=None]@34.6 ; Enter>button:Add attachment[menu×1|f=button:Add attachment|h=None]@80.7
chromium-dark-desktop › antd-menu menu-enter-enter burst sample 16,antd-menu,menu,menu-enter-enter,,burst,16,Enter Enter,none | none | @button:Add attachment,1,0,Enter>button:Add attachment[none|f=button:Add attachment|h=None]@19.6 ; Enter>button:Add attachment[menu×1|f=button:Add attachment|h=None]@66
chromium-dark-desktop › antd-menu menu-enter-enter burst sample 17,antd-menu,menu,menu-enter-enter,,burst,17,Enter Enter,none | none | @button:Add attachment,1,0,Enter>button:Add attachment[none|f=button:Add attachment|h=None]@17.8 ; Enter>button:Add attachment[menu×1|f=button:Add attachment|h=None]@83.4
chromium-dark-desktop › antd-menu menu-enter-enter burst sample 18,antd-menu,menu,menu-enter-enter,,burst,18,Enter Enter,none | none | @button:Add attachment,1,0,Enter>button:Add attachment[none|f=button:Add attachment|h=None]@20.1 ; Enter>button:Add attachment[menu×1|f=button:Add attachment|h=None]@80.3
chromium-dark-desktop › antd-menu menu-enter-enter burst sample 19,antd-menu,menu,menu-enter-enter,,burst,19,Enter Enter,none | none | @button:Add attachment,1,0,Enter>button:Add attachment[none|f=button:Add attachment|h=None]@32.5 ; Enter>button:Add attachment[menu×1|f=button:Add attachment|h=None]@78.2
chromium-dark-desktop › antd-menu menu-enter-enter paced sample 0,antd-menu,menu,menu-enter-enter,,paced,0,Enter Enter,none | none | @button:Add attachment,1,0,Enter>button:Add attachment[none|f=button:Add attachment|h=None]@29.2 ; Enter>button:Add attachment[menu×1|f=button:Add attachment|h=None]@382.6
chromium-dark-desktop › antd-menu menu-enter-enter paced sample 1,antd-menu,menu,menu-enter-enter,,paced,1,Enter Enter,none | none | @button:Add attachment,1,0,Enter>button:Add attachment[none|f=button:Add attachment|h=None]@29.9 ; Enter>button:Add attachment[menu×1|f=button:Add attachment|h=None]@385.3
chromium-dark-desktop › antd-menu menu-enter-enter paced sample 2,antd-menu,menu,menu-enter-enter,,paced,2,Enter Enter,none | none | @button:Add attachment,1,0,Enter>button:Add attachment[none|f=button:Add attachment|h=None]@31.5 ; Enter>button:Add attachment[menu×1|f=button:Add attachment|h=None]@400.9
chromium-dark-desktop › antd-menu menu-enter-enter paced sample 3,antd-menu,menu,menu-enter-enter,,paced,3,Enter Enter,none | none | @button:Add attachment,1,0,Enter>button:Add attachment[none|f=button:Add attachment|h=None]@21.8 ; Enter>button:Add attachment[menu×1|f=button:Add attachment|h=None]@396.4
chromium-dark-desktop › antd-menu menu-enter-enter paced sample 4,antd-menu,menu,menu-enter-enter,,paced,4,Enter Enter,none | none | @button:Add attachment,1,0,Enter>button:Add attachment[none|f=button:Add attachment|h=None]@17.2 ; Enter>button:Add attachment[menu×1|f=button:Add attachment|h=None]@369.5
chromium-dark-desktop › antd-menu menu-enter-enter paced sample 5,antd-menu,menu,menu-enter-enter,,paced,5,Enter Enter,none | none | @button:Add attachment,1,0,Enter>button:Add attachment[none|f=button:Add attachment|h=None]@32.7 ; Enter>button:Add attachment[menu×1|f=button:Add attachment|h=None]@401.2
chromium-dark-desktop › antd-menu menu-enter-enter paced sample 6,antd-menu,menu,menu-enter-enter,,paced,6,Enter Enter,none | none | @button:Add attachment,1,0,Enter>button:Add attachment[none|f=button:Add attachment|h=None]@30 ; Enter>button:Add attachment[menu×1|f=button:Add attachment|h=None]@399.6
chromium-dark-desktop › antd-menu menu-enter-enter paced sample 7,antd-menu,menu,menu-enter-enter,,paced,7,Enter Enter,none | none | @button:Add attachment,1,0,Enter>button:Add attachment[none|f=button:Add attachment|h=None]@32.2 ; Enter>button:Add attachment[menu×1|f=button:Add attachment|h=None]@383.4
chromium-dark-desktop › antd-menu menu-enter-enter paced sample 8,antd-menu,menu,menu-enter-enter,,paced,8,Enter Enter,none | none | @button:Add attachment,1,0,Enter>button:Add attachment[none|f=button:Add attachment|h=None]@21.5 ; Enter>button:Add attachment[menu×1|f=button:Add attachment|h=None]@385.6
chromium-dark-desktop › antd-menu menu-enter-enter paced sample 9,antd-menu,menu,menu-enter-enter,,paced,9,Enter Enter,none | none | @button:Add attachment,1,0,Enter>button:Add attachment[none|f=button:Add attachment|h=None]@34.3 ; Enter>button:Add attachment[menu×1|f=button:Add attachment|h=None]@469.7
chromium-dark-desktop › antd-menu menu-enter-enter paced sample 10,antd-menu,menu,menu-enter-enter,,paced,10,Enter Enter,none | none | @button:Add attachment,1,0,Enter>button:Add attachment[none|f=button:Add attachment|h=None]@91.9 ; Enter>button:Add attachment[menu×1|f=button:Add attachment|h=None]@442.6
chromium-dark-desktop › antd-menu menu-enter-enter paced sample 11,antd-menu,menu,menu-enter-enter,,paced,11,Enter Enter,none | none | @button:Add attachment,1,0,Enter>button:Add attachment[none|f=button:Add attachment|h=None]@28.2 ; Enter>button:Add attachment[menu×1|f=button:Add attachment|h=None]@381.4
chromium-dark-desktop › antd-menu menu-enter-enter paced sample 12,antd-menu,menu,menu-enter-enter,,paced,12,Enter Enter,none | none | @button:Add attachment,1,0,Enter>button:Add attachment[none|f=button:Add attachment|h=None]@22.6 ; Enter>button:Add attachment[menu×1|f=button:Add attachment|h=None]@375.7
chromium-dark-desktop › antd-menu menu-enter-enter paced sample 13,antd-menu,menu,menu-enter-enter,,paced,13,Enter Enter,none | none | @button:Add attachment,1,0,Enter>button:Add attachment[none|f=button:Add attachment|h=None]@17.2 ; Enter>button:Add attachment[menu×1|f=button:Add attachment|h=None]@384.9
chromium-dark-desktop › antd-menu menu-enter-enter paced sample 14,antd-menu,menu,menu-enter-enter,,paced,14,Enter Enter,none | none | @button:Add attachment,1,0,Enter>button:Add attachment[none|f=button:Add attachment|h=None]@18.4 ; Enter>button:Add attachment[menu×1|f=button:Add attachment|h=None]@391.7
chromium-dark-desktop › antd-menu menu-enter-enter paced sample 15,antd-menu,menu,menu-enter-enter,,paced,15,Enter Enter,none | none | @button:Add attachment,1,0,Enter>button:Add attachment[none|f=button:Add attachment|h=None]@28.6 ; Enter>button:Add attachment[menu×1|f=button:Add attachment|h=None]@402.5
chromium-dark-desktop › antd-menu menu-enter-enter paced sample 16,antd-menu,menu,menu-enter-enter,,paced,16,Enter Enter,none | none | @button:Add attachment,1,0,Enter>button:Add attachment[none|f=button:Add attachment|h=None]@35.9 ; Enter>button:Add attachment[menu×1|f=button:Add attachment|h=None]@416.2
chromium-dark-desktop › antd-menu menu-enter-enter paced sample 17,antd-menu,menu,menu-enter-enter,,paced,17,Enter Enter,none | none | @button:Add attachment,1,0,Enter>button:Add attachment[none|f=button:Add attachment|h=None]@23.1 ; Enter>button:Add attachment[menu×1|f=button:Add attachment|h=None]@401.8
chromium-dark-desktop › antd-menu menu-enter-enter paced sample 18,antd-menu,menu,menu-enter-enter,,paced,18,Enter Enter,none | none | @button:Add attachment,1,0,Enter>button:Add attachment[none|f=button:Add attachment|h=None]@30.4 ; Enter>button:Add attachment[menu×1|f=button:Add attachment|h=None]@406.6
chromium-dark-desktop › antd-menu menu-enter-enter paced sample 19,antd-menu,menu,menu-enter-enter,,paced,19,Enter Enter,none | none | @button:Add attachment,1,0,Enter>button:Add attachment[none|f=button:Add attachment|h=None]@32 ; Enter>button:Add attachment[menu×1|f=button:Add attachment|h=None]@409.4
chromium-dark-desktop › orbit-menu menu-enter-space burst sample 0,orbit-menu,menu,menu-enter-space,menu-enter,burst,0,Enter Space,none | none | @button:Add attachment,1,0,Enter>button:Add attachment[none|f=button:Add attachment|h=None]@26.2 ; Space>button:Add attachment[menu×1|f=button:Add attachment|h=File]@61
chromium-dark-desktop › orbit-menu menu-enter-space burst sample 1,orbit-menu,menu,menu-enter-space,menu-enter,burst,1,Enter Space,none | none | @button:Add attachment,1,0,Enter>button:Add attachment[none|f=button:Add attachment|h=None]@16.3 ; Space>button:Add attachment[menu×1|f=button:Add attachment|h=File]@48.7
chromium-dark-desktop › orbit-menu menu-enter-space burst sample 2,orbit-menu,menu,menu-enter-space,menu-enter,burst,2,Enter Space,none | none | @button:Add attachment,1,0,Enter>button:Add attachment[none|f=button:Add attachment|h=None]@17.1 ; Space>button:Add attachment[menu×1|f=button:Add attachment|h=File]@44.3
chromium-dark-desktop › orbit-menu menu-enter-space burst sample 3,orbit-menu,menu,menu-enter-space,menu-enter,burst,3,Enter Space,none | none | @button:Add attachment,1,0,Enter>button:Add attachment[none|f=button:Add attachment|h=None]@23.9 ; Space>button:Add attachment[menu×1|f=button:Add attachment|h=File]@53.2
chromium-dark-desktop › orbit-menu menu-enter-space burst sample 4,orbit-menu,menu,menu-enter-space,menu-enter,burst,4,Enter Space,none | none | @button:Add attachment,1,0,Enter>button:Add attachment[none|f=button:Add attachment|h=None]@16.3 ; Space>button:Add attachment[menu×1|f=button:Add attachment|h=File]@62.8
chromium-dark-desktop › orbit-menu menu-enter-space burst sample 5,orbit-menu,menu,menu-enter-space,menu-enter,burst,5,Enter Space,none | none | @button:Add attachment,1,0,Enter>button:Add attachment[none|f=button:Add attachment|h=None]@19.2 ; Space>button:Add attachment[menu×1|f=button:Add attachment|h=File]@50.1
chromium-dark-desktop › orbit-menu menu-enter-space burst sample 6,orbit-menu,menu,menu-enter-space,menu-enter,burst,6,Enter Space,none | none | @button:Add attachment,1,0,Enter>button:Add attachment[none|f=button:Add attachment|h=None]@24 ; Space>button:Add attachment[menu×1|f=button:Add attachment|h=File]@60.5
chromium-dark-desktop › orbit-menu menu-enter-space burst sample 7,orbit-menu,menu,menu-enter-space,menu-enter,burst,7,Enter Space,none | none | @button:Add attachment,1,0,Enter>button:Add attachment[none|f=button:Add attachment|h=None]@19.5 ; Space>button:Add attachment[menu×1|f=button:Add attachment|h=File]@55.8
chromium-dark-desktop › orbit-menu menu-enter-space burst sample 8,orbit-menu,menu,menu-enter-space,menu-enter,burst,8,Enter Space,none | none | @button:Add attachment,1,0,Enter>button:Add attachment[none|f=button:Add attachment|h=None]@21.5 ; Space>button:Add attachment[menu×1|f=button:Add attachment|h=File]@43.4
chromium-dark-desktop › orbit-menu menu-enter-space burst sample 9,orbit-menu,menu,menu-enter-space,menu-enter,burst,9,Enter Space,none | none | @button:Add attachment,1,0,Enter>button:Add attachment[none|f=button:Add attachment|h=None]@18.7 ; Space>button:Add attachment[menu×1|f=button:Add attachment|h=File]@54.1
chromium-dark-desktop › orbit-menu menu-enter-space burst sample 10,orbit-menu,menu,menu-enter-space,menu-enter,burst,10,Enter Space,none | none | @button:Add attachment,1,0,Enter>button:Add attachment[none|f=button:Add attachment|h=None]@20.8 ; Space>button:Add attachment[menu×1|f=button:Add attachment|h=File]@60.2
chromium-dark-desktop › orbit-menu menu-enter-space burst sample 11,orbit-menu,menu,menu-enter-space,menu-enter,burst,11,Enter Space,none | none | @button:Add attachment,1,0,Enter>button:Add attachment[none|f=button:Add attachment|h=None]@25 ; Space>button:Add attachment[menu×1|f=button:Add attachment|h=File]@57.5
chromium-dark-desktop › orbit-menu menu-enter-space burst sample 12,orbit-menu,menu,menu-enter-space,menu-enter,burst,12,Enter Space,none | none | @button:Add attachment,1,0,Enter>button:Add attachment[none|f=button:Add attachment|h=None]@17.4 ; Space>button:Add attachment[menu×1|f=button:Add attachment|h=File]@52
chromium-dark-desktop › orbit-menu menu-enter-space burst sample 13,orbit-menu,menu,menu-enter-space,menu-enter,burst,13,Enter Space,none | none | @button:Add attachment,1,0,Enter>button:Add attachment[none|f=button:Add attachment|h=None]@23.6 ; Space>button:Add attachment[menu×1|f=button:Add attachment|h=File]@57.4
chromium-dark-desktop › orbit-menu menu-enter-space burst sample 14,orbit-menu,menu,menu-enter-space,menu-enter,burst,14,Enter Space,none | none | @button:Add attachment,1,0,Enter>button:Add attachment[none|f=button:Add attachment|h=None]@19.6 ; Space>button:Add attachment[menu×1|f=button:Add attachment|h=File]@48.1
chromium-dark-desktop › orbit-menu menu-enter-space burst sample 15,orbit-menu,menu,menu-enter-space,menu-enter,burst,15,Enter Space,none | none | @button:Add attachment,1,0,Enter>button:Add attachment[none|f=button:Add attachment|h=None]@25.7 ; Space>button:Add attachment[menu×1|f=button:Add attachment|h=File]@61.5
chromium-dark-desktop › orbit-menu menu-enter-space burst sample 16,orbit-menu,menu,menu-enter-space,menu-enter,burst,16,Enter Space,none | none | @button:Add attachment,1,0,Enter>button:Add attachment[none|f=button:Add attachment|h=None]@22.5 ; Space>button:Add attachment[menu×1|f=button:Add attachment|h=File]@52.4
chromium-dark-desktop › orbit-menu menu-enter-space burst sample 17,orbit-menu,menu,menu-enter-space,menu-enter,burst,17,Enter Space,none | none | @button:Add attachment,1,0,Enter>button:Add attachment[none|f=button:Add attachment|h=None]@19.5 ; Space>button:Add attachment[menu×1|f=button:Add attachment|h=File]@49
chromium-dark-desktop › orbit-menu menu-enter-space burst sample 18,orbit-menu,menu,menu-enter-space,menu-enter,burst,18,Enter Space,none | none | @button:Add attachment,1,0,Enter>button:Add attachment[none|f=button:Add attachment|h=None]@17 ; Space>button:Add attachment[menu×1|f=button:Add attachment|h=File]@36.2
chromium-dark-desktop › orbit-menu menu-enter-space burst sample 19,orbit-menu,menu,menu-enter-space,menu-enter,burst,19,Enter Space,none | none | @button:Add attachment,1,0,Enter>button:Add attachment[none|f=button:Add attachment|h=None]@31.5 ; Space>button:Add attachment[menu×1|f=button:Add attachment|h=File]@50.1
chromium-dark-desktop › orbit-menu menu-enter-space paced sample 0,orbit-menu,menu,menu-enter-space,menu-enter,paced,0,Enter Space,Action=file | none | @button:Add attachment,0,0,Enter>button:Add attachment[none|f=button:Add attachment|h=None]@25.1 ; Space>menuitem:File[menu×1|f=menuitem:File|h=File]@351.8
chromium-dark-desktop › orbit-menu menu-enter-space paced sample 1,orbit-menu,menu,menu-enter-space,menu-enter,paced,1,Enter Space,Action=file | none | @button:Add attachment,0,0,Enter>button:Add attachment[none|f=button:Add attachment|h=None]@26.5 ; Space>menuitem:File[menu×1|f=menuitem:File|h=File]@352.8
chromium-dark-desktop › orbit-menu menu-enter-space paced sample 2,orbit-menu,menu,menu-enter-space,menu-enter,paced,2,Enter Space,Action=file | none | @button:Add attachment,0,0,Enter>button:Add attachment[none|f=button:Add attachment|h=None]@17.6 ; Space>menuitem:File[menu×1|f=menuitem:File|h=File]@341
chromium-dark-desktop › orbit-menu menu-enter-space paced sample 3,orbit-menu,menu,menu-enter-space,menu-enter,paced,3,Enter Space,Action=file | none | @button:Add attachment,0,0,Enter>button:Add attachment[none|f=button:Add attachment|h=None]@17.2 ; Space>menuitem:File[menu×1|f=menuitem:File|h=File]@342.8
chromium-dark-desktop › orbit-menu menu-enter-space paced sample 4,orbit-menu,menu,menu-enter-space,menu-enter,paced,4,Enter Space,Action=file | none | @button:Add attachment,0,0,Enter>button:Add attachment[none|f=button:Add attachment|h=None]@32.4 ; Space>menuitem:File[menu×1|f=menuitem:File|h=File]@360.3
chromium-dark-desktop › orbit-menu menu-enter-space paced sample 5,orbit-menu,menu,menu-enter-space,menu-enter,paced,5,Enter Space,Action=file | none | @button:Add attachment,0,0,Enter>button:Add attachment[none|f=button:Add attachment|h=None]@35.2 ; Space>menuitem:File[menu×1|f=menuitem:File|h=File]@360.1
chromium-dark-desktop › orbit-menu menu-enter-space paced sample 6,orbit-menu,menu,menu-enter-space,menu-enter,paced,6,Enter Space,Action=file | none | @button:Add attachment,0,0,Enter>button:Add attachment[none|f=button:Add attachment|h=None]@19.4 ; Space>menuitem:File[menu×1|f=menuitem:File|h=File]@347.2
chromium-dark-desktop › orbit-menu menu-enter-space paced sample 7,orbit-menu,menu,menu-enter-space,menu-enter,paced,7,Enter Space,Action=file | none | @button:Add attachment,0,0,Enter>button:Add attachment[none|f=button:Add attachment|h=None]@28.9 ; Space>menuitem:File[menu×1|f=menuitem:File|h=File]@360.4
chromium-dark-desktop › orbit-menu menu-enter-space paced sample 8,orbit-menu,menu,menu-enter-space,menu-enter,paced,8,Enter Space,Action=file | none | @button:Add attachment,0,0,Enter>button:Add attachment[none|f=button:Add attachment|h=None]@19.9 ; Space>menuitem:File[menu×1|f=menuitem:File|h=File]@343.9
chromium-dark-desktop › orbit-menu menu-enter-space paced sample 9,orbit-menu,menu,menu-enter-space,menu-enter,paced,9,Enter Space,Action=file | none | @button:Add attachment,0,0,Enter>button:Add attachment[none|f=button:Add attachment|h=None]@21.2 ; Space>menuitem:File[menu×1|f=menuitem:File|h=File]@350.3
chromium-dark-desktop › orbit-menu menu-enter-space paced sample 10,orbit-menu,menu,menu-enter-space,menu-enter,paced,10,Enter Space,Action=file | none | @button:Add attachment,0,0,Enter>button:Add attachment[none|f=button:Add attachment|h=None]@30.6 ; Space>menuitem:File[menu×1|f=menuitem:File|h=File]@356.6
chromium-dark-desktop › orbit-menu menu-enter-space paced sample 11,orbit-menu,menu,menu-enter-space,menu-enter,paced,11,Enter Space,Action=file | none | @button:Add attachment,0,0,Enter>button:Add attachment[none|f=button:Add attachment|h=None]@20.6 ; Space>menuitem:File[menu×1|f=menuitem:File|h=File]@345
chromium-dark-desktop › orbit-menu menu-enter-space paced sample 12,orbit-menu,menu,menu-enter-space,menu-enter,paced,12,Enter Space,Action=file | none | @button:Add attachment,0,0,Enter>button:Add attachment[none|f=button:Add attachment|h=None]@30.2 ; Space>menuitem:File[menu×1|f=menuitem:File|h=File]@355.7
chromium-dark-desktop › orbit-menu menu-enter-space paced sample 13,orbit-menu,menu,menu-enter-space,menu-enter,paced,13,Enter Space,Action=file | none | @button:Add attachment,0,0,Enter>button:Add attachment[none|f=button:Add attachment|h=None]@24.9 ; Space>menuitem:File[menu×1|f=menuitem:File|h=File]@349.4
chromium-dark-desktop › orbit-menu menu-enter-space paced sample 14,orbit-menu,menu,menu-enter-space,menu-enter,paced,14,Enter Space,Action=file | none | @button:Add attachment,0,0,Enter>button:Add attachment[none|f=button:Add attachment|h=None]@23.3 ; Space>menuitem:File[menu×1|f=menuitem:File|h=File]@358.5
chromium-dark-desktop › orbit-menu menu-enter-space paced sample 15,orbit-menu,menu,menu-enter-space,menu-enter,paced,15,Enter Space,Action=file | none | @button:Add attachment,0,0,Enter>button:Add attachment[none|f=button:Add attachment|h=None]@30 ; Space>menuitem:File[menu×1|f=menuitem:File|h=File]@357.1
chromium-dark-desktop › orbit-menu menu-enter-space paced sample 16,orbit-menu,menu,menu-enter-space,menu-enter,paced,16,Enter Space,Action=file | none | @button:Add attachment,0,0,Enter>button:Add attachment[none|f=button:Add attachment|h=None]@32.7 ; Space>menuitem:File[menu×1|f=menuitem:File|h=File]@359
chromium-dark-desktop › orbit-menu menu-enter-space paced sample 17,orbit-menu,menu,menu-enter-space,menu-enter,paced,17,Enter Space,Action=file | none | @button:Add attachment,0,0,Enter>button:Add attachment[none|f=button:Add attachment|h=None]@32.3 ; Space>menuitem:File[menu×1|f=menuitem:File|h=File]@360
chromium-dark-desktop › orbit-menu menu-enter-space paced sample 18,orbit-menu,menu,menu-enter-space,menu-enter,paced,18,Enter Space,Action=file | none | @button:Add attachment,0,0,Enter>button:Add attachment[none|f=button:Add attachment|h=None]@16.3 ; Space>menuitem:File[menu×1|f=menuitem:File|h=File]@349
chromium-dark-desktop › orbit-menu menu-enter-space paced sample 19,orbit-menu,menu,menu-enter-space,menu-enter,paced,19,Enter Space,Action=file | none | @button:Add attachment,0,0,Enter>button:Add attachment[none|f=button:Add attachment|h=None]@36.6 ; Space>menuitem:File[menu×1|f=menuitem:File|h=File]@396.5
chromium-dark-desktop › orbit-menu-sample menu-enter-space burst sample 0,orbit-menu-sample,menu,menu-enter-space,menu-enter,burst,0,Enter Space,none | none | @button:Add attachment,1,0,Enter>button:Add attachment[none|f=button:Add attachment|h=None]@28.7 ; Space>button:Add attachment[menu×1|f=button:Add attachment|h=File]@50.6
chromium-dark-desktop › orbit-menu-sample menu-enter-space burst sample 1,orbit-menu-sample,menu,menu-enter-space,menu-enter,burst,1,Enter Space,none | none | @button:Add attachment,1,0,Enter>button:Add attachment[none|f=button:Add attachment|h=None]@26.6 ; Space>button:Add attachment[menu×1|f=button:Add attachment|h=File]@55.6
chromium-dark-desktop › orbit-menu-sample menu-enter-space burst sample 2,orbit-menu-sample,menu,menu-enter-space,menu-enter,burst,2,Enter Space,none | none | @button:Add attachment,1,0,Enter>button:Add attachment[none|f=button:Add attachment|h=None]@23 ; Space>button:Add attachment[menu×1|f=button:Add attachment|h=File]@45.5
chromium-dark-desktop › orbit-menu-sample menu-enter-space burst sample 3,orbit-menu-sample,menu,menu-enter-space,menu-enter,burst,3,Enter Space,none | none | @button:Add attachment,1,0,Enter>button:Add attachment[none|f=button:Add attachment|h=None]@25.3 ; Space>button:Add attachment[menu×1|f=button:Add attachment|h=File]@47.4
chromium-dark-desktop › orbit-menu-sample menu-enter-space burst sample 4,orbit-menu-sample,menu,menu-enter-space,menu-enter,burst,4,Enter Space,none | none | @button:Add attachment,1,0,Enter>button:Add attachment[none|f=button:Add attachment|h=None]@24.3 ; Space>button:Add attachment[menu×1|f=button:Add attachment|h=File]@46.3
chromium-dark-desktop › orbit-menu-sample menu-enter-space burst sample 5,orbit-menu-sample,menu,menu-enter-space,menu-enter,burst,5,Enter Space,none | none | @button:Add attachment,1,0,Enter>button:Add attachment[none|f=button:Add attachment|h=None]@30.4 ; Space>button:Add attachment[menu×1|f=button:Add attachment|h=File]@52.5
chromium-dark-desktop › orbit-menu-sample menu-enter-space burst sample 6,orbit-menu-sample,menu,menu-enter-space,menu-enter,burst,6,Enter Space,none | none | @button:Add attachment,1,0,Enter>button:Add attachment[none|f=button:Add attachment|h=None]@35.6 ; Space>button:Add attachment[menu×1|f=button:Add attachment|h=File]@58.9
chromium-dark-desktop › orbit-menu-sample menu-enter-space burst sample 7,orbit-menu-sample,menu,menu-enter-space,menu-enter,burst,7,Enter Space,none | none | @button:Add attachment,1,0,Enter>button:Add attachment[none|f=button:Add attachment|h=None]@19.2 ; Space>button:Add attachment[menu×1|f=button:Add attachment|h=File]@41.2
chromium-dark-desktop › orbit-menu-sample menu-enter-space burst sample 8,orbit-menu-sample,menu,menu-enter-space,menu-enter,burst,8,Enter Space,none | none | @button:Add attachment,1,0,Enter>button:Add attachment[none|f=button:Add attachment|h=None]@22.3 ; Space>button:Add attachment[menu×1|f=button:Add attachment|h=File]@45.6
chromium-dark-desktop › orbit-menu-sample menu-enter-space burst sample 9,orbit-menu-sample,menu,menu-enter-space,menu-enter,burst,9,Enter Space,none | none | @button:Add attachment,1,0,Enter>button:Add attachment[none|f=button:Add attachment|h=None]@27.4 ; Space>button:Add attachment[menu×1|f=button:Add attachment|h=File]@49.4
chromium-dark-desktop › orbit-menu-sample menu-enter-space burst sample 10,orbit-menu-sample,menu,menu-enter-space,menu-enter,burst,10,Enter Space,none | none | @button:Add attachment,1,0,Enter>button:Add attachment[none|f=button:Add attachment|h=None]@4.3 ; Space>button:Add attachment[menu×1|f=button:Add attachment|h=File]@41.1
chromium-dark-desktop › orbit-menu-sample menu-enter-space burst sample 11,orbit-menu-sample,menu,menu-enter-space,menu-enter,burst,11,Enter Space,none | none | @button:Add attachment,1,0,Enter>button:Add attachment[none|f=button:Add attachment|h=None]@30.2 ; Space>button:Add attachment[menu×1|f=button:Add attachment|h=File]@53.4
chromium-dark-desktop › orbit-menu-sample menu-enter-space burst sample 12,orbit-menu-sample,menu,menu-enter-space,menu-enter,burst,12,Enter Space,none | none | @button:Add attachment,1,0,Enter>button:Add attachment[none|f=button:Add attachment|h=None]@32.6 ; Space>button:Add attachment[menu×1|f=button:Add attachment|h=File]@64.6
chromium-dark-desktop › orbit-menu-sample menu-enter-space burst sample 13,orbit-menu-sample,menu,menu-enter-space,menu-enter,burst,13,Enter Space,none | none | @button:Add attachment,1,0,Enter>button:Add attachment[none|f=button:Add attachment|h=None]@21.8 ; Space>button:Add attachment[menu×1|f=button:Add attachment|h=File]@44.8
chromium-dark-desktop › orbit-menu-sample menu-enter-space burst sample 14,orbit-menu-sample,menu,menu-enter-space,menu-enter,burst,14,Enter Space,none | none | @button:Add attachment,1,0,Enter>button:Add attachment[none|f=button:Add attachment|h=None]@29.6 ; Space>button:Add attachment[menu×1|f=button:Add attachment|h=File]@53.2
chromium-dark-desktop › orbit-menu-sample menu-enter-space burst sample 15,orbit-menu-sample,menu,menu-enter-space,menu-enter,burst,15,Enter Space,none | none | @button:Add attachment,1,0,Enter>button:Add attachment[none|f=button:Add attachment|h=None]@16.9 ; Space>button:Add attachment[menu×1|f=button:Add attachment|h=File]@40.1
chromium-dark-desktop › orbit-menu-sample menu-enter-space burst sample 16,orbit-menu-sample,menu,menu-enter-space,menu-enter,burst,16,Enter Space,none | none | @button:Add attachment,1,0,Enter>button:Add attachment[none|f=button:Add attachment|h=None]@24.8 ; Space>button:Add attachment[menu×1|f=button:Add attachment|h=File]@49
chromium-dark-desktop › orbit-menu-sample menu-enter-space burst sample 17,orbit-menu-sample,menu,menu-enter-space,menu-enter,burst,17,Enter Space,none | none | @button:Add attachment,1,0,Enter>button:Add attachment[none|f=button:Add attachment|h=None]@20.6 ; Space>button:Add attachment[menu×1|f=button:Add attachment|h=File]@53.4
chromium-dark-desktop › orbit-menu-sample menu-enter-space burst sample 18,orbit-menu-sample,menu,menu-enter-space,menu-enter,burst,18,Enter Space,none | none | @button:Add attachment,1,0,Enter>button:Add attachment[none|f=button:Add attachment|h=None]@29.3 ; Space>button:Add attachment[menu×1|f=button:Add attachment|h=File]@52.9
chromium-dark-desktop › orbit-menu-sample menu-enter-space burst sample 19,orbit-menu-sample,menu,menu-enter-space,menu-enter,burst,19,Enter Space,none | none | @button:Add attachment,1,0,Enter>button:Add attachment[none|f=button:Add attachment|h=None]@23.4 ; Space>button:Add attachment[menu×1|f=button:Add attachment|h=File]@56.2
chromium-dark-desktop › orbit-menu-sample menu-enter-space paced sample 0,orbit-menu-sample,menu,menu-enter-space,menu-enter,paced,0,Enter Space,ran File | none | @button:Add attachment,0,0,Enter>button:Add attachment[none|f=button:Add attachment|h=None]@22.3 ; Space>menuitem:File[menu×1|f=menuitem:File|h=File]@351.6
chromium-dark-desktop › orbit-menu-sample menu-enter-space paced sample 1,orbit-menu-sample,menu,menu-enter-space,menu-enter,paced,1,Enter Space,ran File | none | @button:Add attachment,0,0,Enter>button:Add attachment[none|f=button:Add attachment|h=None]@21.3 ; Space>menuitem:File[menu×1|f=menuitem:File|h=File]@350.9
chromium-dark-desktop › orbit-menu-sample menu-enter-space paced sample 2,orbit-menu-sample,menu,menu-enter-space,menu-enter,paced,2,Enter Space,ran File | none | @button:Add attachment,0,0,Enter>button:Add attachment[none|f=button:Add attachment|h=None]@18.8 ; Space>menuitem:File[menu×1|f=menuitem:File|h=File]@360.7
chromium-dark-desktop › orbit-menu-sample menu-enter-space paced sample 3,orbit-menu-sample,menu,menu-enter-space,menu-enter,paced,3,Enter Space,ran File | none | @button:Add attachment,0,0,Enter>button:Add attachment[none|f=button:Add attachment|h=None]@16.4 ; Space>menuitem:File[menu×1|f=menuitem:File|h=File]@347.3
chromium-dark-desktop › orbit-menu-sample menu-enter-space paced sample 4,orbit-menu-sample,menu,menu-enter-space,menu-enter,paced,4,Enter Space,ran File | none | @button:Add attachment,0,0,Enter>button:Add attachment[none|f=button:Add attachment|h=None]@19 ; Space>menuitem:File[menu×1|f=menuitem:File|h=File]@351.6
chromium-dark-desktop › orbit-menu-sample menu-enter-space paced sample 5,orbit-menu-sample,menu,menu-enter-space,menu-enter,paced,5,Enter Space,ran File | none | @button:Add attachment,0,0,Enter>button:Add attachment[none|f=button:Add attachment|h=None]@31.5 ; Space>menuitem:File[menu×1|f=menuitem:File|h=File]@369.4
chromium-dark-desktop › orbit-menu-sample menu-enter-space paced sample 6,orbit-menu-sample,menu,menu-enter-space,menu-enter,paced,6,Enter Space,ran File | none | @button:Add attachment,0,0,Enter>button:Add attachment[none|f=button:Add attachment|h=None]@31.3 ; Space>menuitem:File[menu×1|f=menuitem:File|h=File]@358.8
chromium-dark-desktop › orbit-menu-sample menu-enter-space paced sample 7,orbit-menu-sample,menu,menu-enter-space,menu-enter,paced,7,Enter Space,ran File | none | @button:Add attachment,0,0,Enter>button:Add attachment[none|f=button:Add attachment|h=None]@21.3 ; Space>menuitem:File[menu×1|f=menuitem:File|h=File]@350.4
chromium-dark-desktop › orbit-menu-sample menu-enter-space paced sample 8,orbit-menu-sample,menu,menu-enter-space,menu-enter,paced,8,Enter Space,ran File | none | @button:Add attachment,0,0,Enter>button:Add attachment[none|f=button:Add attachment|h=None]@25.9 ; Space>menuitem:File[menu×1|f=menuitem:File|h=File]@356
chromium-dark-desktop › orbit-menu-sample menu-enter-space paced sample 9,orbit-menu-sample,menu,menu-enter-space,menu-enter,paced,9,Enter Space,ran File | none | @button:Add attachment,0,0,Enter>button:Add attachment[none|f=button:Add attachment|h=None]@20.4 ; Space>menuitem:File[menu×1|f=menuitem:File|h=File]@347.9
chromium-dark-desktop › orbit-menu-sample menu-enter-space paced sample 10,orbit-menu-sample,menu,menu-enter-space,menu-enter,paced,10,Enter Space,ran File | none | @button:Add attachment,0,0,Enter>button:Add attachment[none|f=button:Add attachment|h=None]@34.3 ; Space>menuitem:File[menu×1|f=menuitem:File|h=File]@375.3
chromium-dark-desktop › orbit-menu-sample menu-enter-space paced sample 11,orbit-menu-sample,menu,menu-enter-space,menu-enter,paced,11,Enter Space,ran File | none | @button:Add attachment,0,0,Enter>button:Add attachment[none|f=button:Add attachment|h=None]@31.7 ; Space>menuitem:File[menu×1|f=menuitem:File|h=File]@375.5
chromium-dark-desktop › orbit-menu-sample menu-enter-space paced sample 12,orbit-menu-sample,menu,menu-enter-space,menu-enter,paced,12,Enter Space,ran File | none | @button:Add attachment,0,0,Enter>button:Add attachment[none|f=button:Add attachment|h=None]@20.9 ; Space>menuitem:File[menu×1|f=menuitem:File|h=File]@364.4
chromium-dark-desktop › orbit-menu-sample menu-enter-space paced sample 13,orbit-menu-sample,menu,menu-enter-space,menu-enter,paced,13,Enter Space,ran File | none | @button:Add attachment,0,0,Enter>button:Add attachment[none|f=button:Add attachment|h=None]@28.9 ; Space>menuitem:File[menu×1|f=menuitem:File|h=File]@371.6
chromium-dark-desktop › orbit-menu-sample menu-enter-space paced sample 14,orbit-menu-sample,menu,menu-enter-space,menu-enter,paced,14,Enter Space,ran File | none | @button:Add attachment,0,0,Enter>button:Add attachment[none|f=button:Add attachment|h=None]@17.9 ; Space>menuitem:File[menu×1|f=menuitem:File|h=File]@347.2
chromium-dark-desktop › orbit-menu-sample menu-enter-space paced sample 15,orbit-menu-sample,menu,menu-enter-space,menu-enter,paced,15,Enter Space,ran File | none | @button:Add attachment,0,0,Enter>button:Add attachment[none|f=button:Add attachment|h=None]@20.4 ; Space>menuitem:File[menu×1|f=menuitem:File|h=File]@347.3
chromium-dark-desktop › orbit-menu-sample menu-enter-space paced sample 16,orbit-menu-sample,menu,menu-enter-space,menu-enter,paced,16,Enter Space,ran File | none | @button:Add attachment,0,0,Enter>button:Add attachment[none|f=button:Add attachment|h=None]@24.5 ; Space>menuitem:File[menu×1|f=menuitem:File|h=File]@365.4
chromium-dark-desktop › orbit-menu-sample menu-enter-space paced sample 17,orbit-menu-sample,menu,menu-enter-space,menu-enter,paced,17,Enter Space,ran File | none | @button:Add attachment,0,0,Enter>button:Add attachment[none|f=button:Add attachment|h=None]@22.3 ; Space>menuitem:File[menu×1|f=menuitem:File|h=File]@352.1
chromium-dark-desktop › orbit-menu-sample menu-enter-space paced sample 18,orbit-menu-sample,menu,menu-enter-space,menu-enter,paced,18,Enter Space,ran File | none | @button:Add attachment,0,0,Enter>button:Add attachment[none|f=button:Add attachment|h=None]@24.8 ; Space>menuitem:File[menu×1|f=menuitem:File|h=File]@354.2
chromium-dark-desktop › orbit-menu-sample menu-enter-space paced sample 19,orbit-menu-sample,menu,menu-enter-space,menu-enter,paced,19,Enter Space,ran File | none | @button:Add attachment,0,0,Enter>button:Add attachment[none|f=button:Add attachment|h=None]@25.1 ; Space>menuitem:File[menu×1|f=menuitem:File|h=File]@352.6
chromium-dark-desktop › antd-menu menu-enter-space burst sample 0,antd-menu,menu,menu-enter-space,menu-enter,burst,0,Enter Space,none | none | @button:Add attachment,1,0,Enter>button:Add attachment[none|f=button:Add attachment|h=None]@30.3 ; Space>button:Add attachment[menu×1|f=button:Add attachment|h=None]@91.8
chromium-dark-desktop › antd-menu menu-enter-space burst sample 1,antd-menu,menu,menu-enter-space,menu-enter,burst,1,Enter Space,none | none | @button:Add attachment,1,0,Enter>button:Add attachment[none|f=button:Add attachment|h=None]@30.7 ; Space>button:Add attachment[menu×1|f=button:Add attachment|h=None]@94.3
chromium-dark-desktop › antd-menu menu-enter-space burst sample 2,antd-menu,menu,menu-enter-space,menu-enter,burst,2,Enter Space,none | none | @button:Add attachment,1,0,Enter>button:Add attachment[none|f=button:Add attachment|h=None]@30.1 ; Space>button:Add attachment[menu×1|f=button:Add attachment|h=None]@76.9
chromium-dark-desktop › antd-menu menu-enter-space burst sample 3,antd-menu,menu,menu-enter-space,menu-enter,burst,3,Enter Space,none | none | @button:Add attachment,1,0,Enter>button:Add attachment[none|f=button:Add attachment|h=None]@17.1 ; Space>button:Add attachment[menu×1|f=button:Add attachment|h=None]@66.1
chromium-dark-desktop › antd-menu menu-enter-space burst sample 4,antd-menu,menu,menu-enter-space,menu-enter,burst,4,Enter Space,none | none | @button:Add attachment,1,0,Enter>button:Add attachment[none|f=button:Add attachment|h=None]@28.1 ; Space>button:Add attachment[menu×1|f=button:Add attachment|h=None]@82.2
chromium-dark-desktop › antd-menu menu-enter-space burst sample 5,antd-menu,menu,menu-enter-space,menu-enter,burst,5,Enter Space,none | none | @button:Add attachment,1,0,Enter>button:Add attachment[none|f=button:Add attachment|h=None]@23.4 ; Space>button:Add attachment[menu×1|f=button:Add attachment|h=None]@86.9
chromium-dark-desktop › antd-menu menu-enter-space burst sample 6,antd-menu,menu,menu-enter-space,menu-enter,burst,6,Enter Space,none | none | @button:Add attachment,1,0,Enter>button:Add attachment[none|f=button:Add attachment|h=None]@26 ; Space>button:Add attachment[menu×1|f=button:Add attachment|h=None]@89.5
chromium-dark-desktop › antd-menu menu-enter-space burst sample 7,antd-menu,menu,menu-enter-space,menu-enter,burst,7,Enter Space,none | none | @button:Add attachment,1,0,Enter>button:Add attachment[none|f=button:Add attachment|h=None]@17.7 ; Space>button:Add attachment[menu×1|f=button:Add attachment|h=None]@62.5
chromium-dark-desktop › antd-menu menu-enter-space burst sample 8,antd-menu,menu,menu-enter-space,menu-enter,burst,8,Enter Space,none | none | @button:Add attachment,1,0,Enter>button:Add attachment[none|f=button:Add attachment|h=None]@30.3 ; Space>button:Add attachment[menu×1|f=button:Add attachment|h=None]@90.6
chromium-dark-desktop › antd-menu menu-enter-space burst sample 9,antd-menu,menu,menu-enter-space,menu-enter,burst,9,Enter Space,none | none | @button:Add attachment,1,0,Enter>button:Add attachment[none|f=button:Add attachment|h=None]@33.3 ; Space>button:Add attachment[menu×1|f=button:Add attachment|h=None]@95.1
chromium-dark-desktop › antd-menu menu-enter-space burst sample 10,antd-menu,menu,menu-enter-space,menu-enter,burst,10,Enter Space,none | none | @button:Add attachment,1,0,Enter>button:Add attachment[none|f=button:Add attachment|h=None]@16.3 ; Space>button:Add attachment[menu×1|f=button:Add attachment|h=None]@64.5
chromium-dark-desktop › antd-menu menu-enter-space burst sample 11,antd-menu,menu,menu-enter-space,menu-enter,burst,11,Enter Space,none | none | @button:Add attachment,1,0,Enter>button:Add attachment[none|f=button:Add attachment|h=None]@32.4 ; Space>button:Add attachment[menu×1|f=button:Add attachment|h=None]@79.4
chromium-dark-desktop › antd-menu menu-enter-space burst sample 12,antd-menu,menu,menu-enter-space,menu-enter,burst,12,Enter Space,none | none | @button:Add attachment,1,0,Enter>button:Add attachment[none|f=button:Add attachment|h=None]@23.2 ; Space>button:Add attachment[menu×1|f=button:Add attachment|h=None]@101.1
chromium-dark-desktop › antd-menu menu-enter-space burst sample 13,antd-menu,menu,menu-enter-space,menu-enter,burst,13,Enter Space,none | none | @button:Add attachment,1,0,Enter>button:Add attachment[none|f=button:Add attachment|h=None]@24.4 ; Space>button:Add attachment[menu×1|f=button:Add attachment|h=None]@86.1
chromium-dark-desktop › antd-menu menu-enter-space burst sample 14,antd-menu,menu,menu-enter-space,menu-enter,burst,14,Enter Space,none | none | @button:Add attachment,1,0,Enter>button:Add attachment[none|f=button:Add attachment|h=None]@29.3 ; Space>button:Add attachment[menu×1|f=button:Add attachment|h=None]@101
chromium-dark-desktop › antd-menu menu-enter-space burst sample 15,antd-menu,menu,menu-enter-space,menu-enter,burst,15,Enter Space,none | none | @button:Add attachment,1,0,Enter>button:Add attachment[none|f=button:Add attachment|h=None]@19.9 ; Space>button:Add attachment[menu×1|f=button:Add attachment|h=None]@81
chromium-dark-desktop › antd-menu menu-enter-space burst sample 16,antd-menu,menu,menu-enter-space,menu-enter,burst,16,Enter Space,none | none | @button:Add attachment,1,0,Enter>button:Add attachment[none|f=button:Add attachment|h=None]@30.9 ; Space>button:Add attachment[menu×1|f=button:Add attachment|h=None]@78.9
chromium-dark-desktop › antd-menu menu-enter-space burst sample 17,antd-menu,menu,menu-enter-space,menu-enter,burst,17,Enter Space,none | none | @button:Add attachment,1,0,Enter>button:Add attachment[none|f=button:Add attachment|h=None]@31.8 ; Space>button:Add attachment[menu×1|f=button:Add attachment|h=None]@78
chromium-dark-desktop › antd-menu menu-enter-space burst sample 18,antd-menu,menu,menu-enter-space,menu-enter,burst,18,Enter Space,none | none | @button:Add attachment,1,0,Enter>button:Add attachment[none|f=button:Add attachment|h=None]@28.2 ; Space>button:Add attachment[menu×1|f=button:Add attachment|h=None]@102.4
chromium-dark-desktop › antd-menu menu-enter-space burst sample 19,antd-menu,menu,menu-enter-space,menu-enter,burst,19,Enter Space,none | none | @button:Add attachment,1,0,Enter>button:Add attachment[none|f=button:Add attachment|h=None]@27.8 ; Space>button:Add attachment[menu×1|f=button:Add attachment|h=None]@92.2
chromium-dark-desktop › antd-menu menu-enter-space paced sample 0,antd-menu,menu,menu-enter-space,menu-enter,paced,0,Enter Space,none | none | @button:Add attachment,1,0,Enter>button:Add attachment[none|f=button:Add attachment|h=None]@33.2 ; Space>button:Add attachment[menu×1|f=button:Add attachment|h=None]@431.4
chromium-dark-desktop › antd-menu menu-enter-space paced sample 1,antd-menu,menu,menu-enter-space,menu-enter,paced,1,Enter Space,none | none | @button:Add attachment,1,0,Enter>button:Add attachment[none|f=button:Add attachment|h=None]@17.4 ; Space>button:Add attachment[menu×1|f=button:Add attachment|h=None]@381.2
chromium-dark-desktop › antd-menu menu-enter-space paced sample 2,antd-menu,menu,menu-enter-space,menu-enter,paced,2,Enter Space,none | none | @button:Add attachment,1,0,Enter>button:Add attachment[none|f=button:Add attachment|h=None]@25.7 ; Space>button:Add attachment[menu×1|f=button:Add attachment|h=None]@385.8
chromium-dark-desktop › antd-menu menu-enter-space paced sample 3,antd-menu,menu,menu-enter-space,menu-enter,paced,3,Enter Space,none | none | @button:Add attachment,1,0,Enter>button:Add attachment[none|f=button:Add attachment|h=None]@33.1 ; Space>button:Add attachment[menu×1|f=button:Add attachment|h=None]@388.3
chromium-dark-desktop › antd-menu menu-enter-space paced sample 4,antd-menu,menu,menu-enter-space,menu-enter,paced,4,Enter Space,none | none | @button:Add attachment,1,0,Enter>button:Add attachment[none|f=button:Add attachment|h=None]@17.2 ; Space>button:Add attachment[menu×1|f=button:Add attachment|h=None]@372.2
chromium-dark-desktop › antd-menu menu-enter-space paced sample 5,antd-menu,menu,menu-enter-space,menu-enter,paced,5,Enter Space,none | none | @button:Add attachment,1,0,Enter>button:Add attachment[none|f=button:Add attachment|h=None]@29.5 ; Space>button:Add attachment[menu×1|f=button:Add attachment|h=None]@397
chromium-dark-desktop › antd-menu menu-enter-space paced sample 6,antd-menu,menu,menu-enter-space,menu-enter,paced,6,Enter Space,none | none | @button:Add attachment,1,0,Enter>button:Add attachment[none|f=button:Add attachment|h=None]@25.6 ; Space>button:Add attachment[menu×1|f=button:Add attachment|h=None]@380.5
chromium-dark-desktop › antd-menu menu-enter-space paced sample 7,antd-menu,menu,menu-enter-space,menu-enter,paced,7,Enter Space,none | none | @button:Add attachment,1,0,Enter>button:Add attachment[none|f=button:Add attachment|h=None]@26.9 ; Space>button:Add attachment[menu×1|f=button:Add attachment|h=None]@379
chromium-dark-desktop › antd-menu menu-enter-space paced sample 8,antd-menu,menu,menu-enter-space,menu-enter,paced,8,Enter Space,none | none | @button:Add attachment,1,0,Enter>button:Add attachment[none|f=button:Add attachment|h=None]@30.3 ; Space>button:Add attachment[menu×1|f=button:Add attachment|h=None]@397.6
chromium-dark-desktop › antd-menu menu-enter-space paced sample 9,antd-menu,menu,menu-enter-space,menu-enter,paced,9,Enter Space,none | none | @button:Add attachment,1,0,Enter>button:Add attachment[none|f=button:Add attachment|h=None]@22.8 ; Space>button:Add attachment[menu×1|f=button:Add attachment|h=None]@390.7
chromium-dark-desktop › antd-menu menu-enter-space paced sample 10,antd-menu,menu,menu-enter-space,menu-enter,paced,10,Enter Space,none | none | @button:Add attachment,1,0,Enter>button:Add attachment[none|f=button:Add attachment|h=None]@31.2 ; Space>button:Add attachment[menu×1|f=button:Add attachment|h=None]@385.4
chromium-dark-desktop › antd-menu menu-enter-space paced sample 11,antd-menu,menu,menu-enter-space,menu-enter,paced,11,Enter Space,none | none | @button:Add attachment,1,0,Enter>button:Add attachment[none|f=button:Add attachment|h=None]@29 ; Space>button:Add attachment[menu×1|f=button:Add attachment|h=None]@398.8
chromium-dark-desktop › antd-menu menu-enter-space paced sample 12,antd-menu,menu,menu-enter-space,menu-enter,paced,12,Enter Space,none | none | @button:Add attachment,1,0,Enter>button:Add attachment[none|f=button:Add attachment|h=None]@28.5 ; Space>button:Add attachment[menu×1|f=button:Add attachment|h=None]@379.6
chromium-dark-desktop › antd-menu menu-enter-space paced sample 13,antd-menu,menu,menu-enter-space,menu-enter,paced,13,Enter Space,none | none | @button:Add attachment,1,0,Enter>button:Add attachment[none|f=button:Add attachment|h=None]@23 ; Space>button:Add attachment[menu×1|f=button:Add attachment|h=None]@374.3
chromium-dark-desktop › antd-menu menu-enter-space paced sample 14,antd-menu,menu,menu-enter-space,menu-enter,paced,14,Enter Space,none | none | @button:Add attachment,1,0,Enter>button:Add attachment[none|f=button:Add attachment|h=None]@31.7 ; Space>button:Add attachment[menu×1|f=button:Add attachment|h=None]@384
chromium-dark-desktop › antd-menu menu-enter-space paced sample 15,antd-menu,menu,menu-enter-space,menu-enter,paced,15,Enter Space,none | none | @button:Add attachment,1,0,Enter>button:Add attachment[none|f=button:Add attachment|h=None]@23.3 ; Space>button:Add attachment[menu×1|f=button:Add attachment|h=None]@375.9
chromium-dark-desktop › antd-menu menu-enter-space paced sample 16,antd-menu,menu,menu-enter-space,menu-enter,paced,16,Enter Space,none | none | @button:Add attachment,1,0,Enter>button:Add attachment[none|f=button:Add attachment|h=None]@28.9 ; Space>button:Add attachment[menu×1|f=button:Add attachment|h=None]@380.2
chromium-dark-desktop › antd-menu menu-enter-space paced sample 17,antd-menu,menu,menu-enter-space,menu-enter,paced,17,Enter Space,none | none | @button:Add attachment,1,0,Enter>button:Add attachment[none|f=button:Add attachment|h=None]@20.9 ; Space>button:Add attachment[menu×1|f=button:Add attachment|h=None]@385.3
chromium-dark-desktop › antd-menu menu-enter-space paced sample 18,antd-menu,menu,menu-enter-space,menu-enter,paced,18,Enter Space,none | none | @button:Add attachment,1,0,Enter>button:Add attachment[none|f=button:Add attachment|h=None]@27.3 ; Space>button:Add attachment[menu×1|f=button:Add attachment|h=None]@442.8
chromium-dark-desktop › antd-menu menu-enter-space paced sample 19,antd-menu,menu,menu-enter-space,menu-enter,paced,19,Enter Space,none | none | @button:Add attachment,1,0,Enter>button:Add attachment[none|f=button:Add attachment|h=None]@24.2 ; Space>button:Add attachment[menu×1|f=button:Add attachment|h=None]@381.2
chromium-dark-desktop › orbit-menu menu-enter-home-enter burst sample 0,orbit-menu,menu,menu-enter-home-enter,menu-enter-enter,burst,0,Enter Home Enter,Action=file | none | @button:Add attachment,1,1,Enter>button:Add attachment[none|f=button:Add attachment|h=None]@23.4 ; Home>button:Add attachment[menu×1|f=button:Add attachment|h=File]@50.4 ; Enter>button:Add attachment[menu×1|f=button:Add attachment|h=File]@50.8 ; Enter*>menuitem:File[menu×1|f=button:Add attachment|h=File]@50.9
chromium-dark-desktop › orbit-menu menu-enter-home-enter burst sample 1,orbit-menu,menu,menu-enter-home-enter,menu-enter-enter,burst,1,Enter Home Enter,Action=file | none | @button:Add attachment,1,1,Enter>button:Add attachment[none|f=button:Add attachment|h=None]@24.2 ; Home>button:Add attachment[menu×1|f=button:Add attachment|h=File]@43.9 ; Enter>button:Add attachment[menu×1|f=button:Add attachment|h=File]@44.2 ; Enter*>menuitem:File[menu×1|f=button:Add attachment|h=File]@44.2
chromium-dark-desktop › orbit-menu menu-enter-home-enter burst sample 2,orbit-menu,menu,menu-enter-home-enter,menu-enter-enter,burst,2,Enter Home Enter,Action=file | none | @button:Add attachment,1,1,Enter>button:Add attachment[none|f=button:Add attachment|h=None]@19 ; Home>button:Add attachment[menu×1|f=button:Add attachment|h=File]@46.1 ; Enter>button:Add attachment[menu×1|f=button:Add attachment|h=File]@46.4 ; Enter*>menuitem:File[menu×1|f=button:Add attachment|h=File]@46.5
chromium-dark-desktop › orbit-menu menu-enter-home-enter burst sample 3,orbit-menu,menu,menu-enter-home-enter,menu-enter-enter,burst,3,Enter Home Enter,Action=file | none | @button:Add attachment,1,1,Enter>button:Add attachment[none|f=button:Add attachment|h=None]@17.6 ; Home>button:Add attachment[menu×1|f=button:Add attachment|h=File]@45.3 ; Enter>button:Add attachment[menu×1|f=button:Add attachment|h=File]@45.6 ; Enter*>menuitem:File[menu×1|f=button:Add attachment|h=File]@45.7
chromium-dark-desktop › orbit-menu menu-enter-home-enter burst sample 4,orbit-menu,menu,menu-enter-home-enter,menu-enter-enter,burst,4,Enter Home Enter,Action=file | none | @button:Add attachment,1,1,Enter>button:Add attachment[none|f=button:Add attachment|h=None]@24.7 ; Home>button:Add attachment[menu×1|f=button:Add attachment|h=File]@44 ; Enter>button:Add attachment[menu×1|f=button:Add attachment|h=File]@44.3 ; Enter*>menuitem:File[menu×1|f=button:Add attachment|h=File]@44.3
chromium-dark-desktop › orbit-menu menu-enter-home-enter burst sample 5,orbit-menu,menu,menu-enter-home-enter,menu-enter-enter,burst,5,Enter Home Enter,Action=file | none | @button:Add attachment,1,1,Enter>button:Add attachment[none|f=button:Add attachment|h=None]@18.7 ; Home>button:Add attachment[menu×1|f=button:Add attachment|h=File]@46.3 ; Enter>button:Add attachment[menu×1|f=button:Add attachment|h=File]@46.5 ; Enter*>menuitem:File[menu×1|f=button:Add attachment|h=File]@46.6
chromium-dark-desktop › orbit-menu menu-enter-home-enter burst sample 6,orbit-menu,menu,menu-enter-home-enter,menu-enter-enter,burst,6,Enter Home Enter,Action=file | none | @button:Add attachment,1,1,Enter>button:Add attachment[none|f=button:Add attachment|h=None]@23.9 ; Home>button:Add attachment[menu×1|f=button:Add attachment|h=File]@42.3 ; Enter>button:Add attachment[menu×1|f=button:Add attachment|h=File]@42.5 ; Enter*>menuitem:File[menu×1|f=button:Add attachment|h=File]@42.5
chromium-dark-desktop › orbit-menu menu-enter-home-enter burst sample 7,orbit-menu,menu,menu-enter-home-enter,menu-enter-enter,burst,7,Enter Home Enter,Action=file | none | @button:Add attachment,1,1,Enter>button:Add attachment[none|f=button:Add attachment|h=None]@18.6 ; Home>button:Add attachment[menu×1|f=button:Add attachment|h=File]@37.9 ; Enter>button:Add attachment[menu×1|f=button:Add attachment|h=File]@38.2 ; Enter*>menuitem:File[menu×1|f=button:Add attachment|h=File]@38.3
chromium-dark-desktop › orbit-menu menu-enter-home-enter burst sample 8,orbit-menu,menu,menu-enter-home-enter,menu-enter-enter,burst,8,Enter Home Enter,Action=file | none | @button:Add attachment,1,1,Enter>button:Add attachment[none|f=button:Add attachment|h=None]@35 ; Home>button:Add attachment[menu×1|f=button:Add attachment|h=File]@56.7 ; Enter>button:Add attachment[menu×1|f=button:Add attachment|h=File]@56.9 ; Enter*>menuitem:File[menu×1|f=button:Add attachment|h=File]@57
chromium-dark-desktop › orbit-menu menu-enter-home-enter burst sample 9,orbit-menu,menu,menu-enter-home-enter,menu-enter-enter,burst,9,Enter Home Enter,Action=file | none | @button:Add attachment,1,1,Enter>button:Add attachment[none|f=button:Add attachment|h=None]@23.6 ; Home>button:Add attachment[menu×1|f=button:Add attachment|h=File]@49.5 ; Enter>button:Add attachment[menu×1|f=button:Add attachment|h=File]@49.7 ; Enter*>menuitem:File[menu×1|f=button:Add attachment|h=File]@49.8
chromium-dark-desktop › orbit-menu menu-enter-home-enter burst sample 10,orbit-menu,menu,menu-enter-home-enter,menu-enter-enter,burst,10,Enter Home Enter,Action=file | none | @button:Add attachment,1,1,Enter>button:Add attachment[none|f=button:Add attachment|h=None]@33.3 ; Home>button:Add attachment[menu×1|f=button:Add attachment|h=File]@59.5 ; Enter>button:Add attachment[menu×1|f=button:Add attachment|h=File]@59.8 ; Enter*>menuitem:File[menu×1|f=button:Add attachment|h=File]@59.9
chromium-dark-desktop › orbit-menu menu-enter-home-enter burst sample 11,orbit-menu,menu,menu-enter-home-enter,menu-enter-enter,burst,11,Enter Home Enter,Action=file | none | @button:Add attachment,1,1,Enter>button:Add attachment[none|f=button:Add attachment|h=None]@23 ; Home>button:Add attachment[menu×1|f=button:Add attachment|h=File]@42.7 ; Enter>button:Add attachment[menu×1|f=button:Add attachment|h=File]@42.8 ; Enter*>menuitem:File[menu×1|f=button:Add attachment|h=File]@42.9
chromium-dark-desktop › orbit-menu menu-enter-home-enter burst sample 12,orbit-menu,menu,menu-enter-home-enter,menu-enter-enter,burst,12,Enter Home Enter,Action=file | none | @button:Add attachment,1,1,Enter>button:Add attachment[none|f=button:Add attachment|h=None]@24 ; Home>button:Add attachment[menu×1|f=button:Add attachment|h=File]@49.6 ; Enter>button:Add attachment[menu×1|f=button:Add attachment|h=File]@49.9 ; Enter*>menuitem:File[menu×1|f=button:Add attachment|h=File]@50
chromium-dark-desktop › orbit-menu menu-enter-home-enter burst sample 13,orbit-menu,menu,menu-enter-home-enter,menu-enter-enter,burst,13,Enter Home Enter,Action=file | none | @button:Add attachment,1,1,Enter>button:Add attachment[none|f=button:Add attachment|h=None]@26.1 ; Home>button:Add attachment[menu×1|f=button:Add attachment|h=File]@53 ; Enter>button:Add attachment[menu×1|f=button:Add attachment|h=File]@53.2 ; Enter*>menuitem:File[menu×1|f=button:Add attachment|h=File]@53.4
chromium-dark-desktop › orbit-menu menu-enter-home-enter burst sample 14,orbit-menu,menu,menu-enter-home-enter,menu-enter-enter,burst,14,Enter Home Enter,Action=file | none | @button:Add attachment,1,1,Enter>button:Add attachment[none|f=button:Add attachment|h=None]@25.4 ; Home>button:Add attachment[menu×1|f=button:Add attachment|h=File]@55.6 ; Enter>button:Add attachment[menu×1|f=button:Add attachment|h=File]@56 ; Enter*>menuitem:File[menu×1|f=button:Add attachment|h=File]@56.1
chromium-dark-desktop › orbit-menu menu-enter-home-enter burst sample 15,orbit-menu,menu,menu-enter-home-enter,menu-enter-enter,burst,15,Enter Home Enter,Action=file | none | @button:Add attachment,1,1,Enter>button:Add attachment[none|f=button:Add attachment|h=None]@31.1 ; Home>button:Add attachment[menu×1|f=button:Add attachment|h=File]@57.6 ; Enter>button:Add attachment[menu×1|f=button:Add attachment|h=File]@57.8 ; Enter*>menuitem:File[menu×1|f=button:Add attachment|h=File]@57.9
chromium-dark-desktop › orbit-menu menu-enter-home-enter burst sample 16,orbit-menu,menu,menu-enter-home-enter,menu-enter-enter,burst,16,Enter Home Enter,Action=file | none | @button:Add attachment,1,1,Enter>button:Add attachment[none|f=button:Add attachment|h=None]@22.6 ; Home>button:Add attachment[menu×1|f=button:Add attachment|h=File]@52 ; Enter>button:Add attachment[menu×1|f=button:Add attachment|h=File]@52.3 ; Enter*>menuitem:File[menu×1|f=button:Add attachment|h=File]@52.5
chromium-dark-desktop › orbit-menu menu-enter-home-enter burst sample 17,orbit-menu,menu,menu-enter-home-enter,menu-enter-enter,burst,17,Enter Home Enter,Action=file | none | @button:Add attachment,1,1,Enter>button:Add attachment[none|f=button:Add attachment|h=None]@29.7 ; Home>button:Add attachment[menu×1|f=button:Add attachment|h=File]@57.4 ; Enter>button:Add attachment[menu×1|f=button:Add attachment|h=File]@57.7 ; Enter*>menuitem:File[menu×1|f=button:Add attachment|h=File]@57.8
chromium-dark-desktop › orbit-menu menu-enter-home-enter burst sample 18,orbit-menu,menu,menu-enter-home-enter,menu-enter-enter,burst,18,Enter Home Enter,Action=file | none | @button:Add attachment,1,1,Enter>button:Add attachment[none|f=button:Add attachment|h=None]@23.9 ; Home>button:Add attachment[menu×1|f=button:Add attachment|h=File]@52.4 ; Enter>button:Add attachment[menu×1|f=button:Add attachment|h=File]@52.7 ; Enter*>menuitem:File[menu×1|f=button:Add attachment|h=File]@52.8
chromium-dark-desktop › orbit-menu menu-enter-home-enter burst sample 19,orbit-menu,menu,menu-enter-home-enter,menu-enter-enter,burst,19,Enter Home Enter,Action=file | none | @button:Add attachment,1,1,Enter>button:Add attachment[none|f=button:Add attachment|h=None]@27.3 ; Home>button:Add attachment[menu×1|f=button:Add attachment|h=File]@54 ; Enter>button:Add attachment[menu×1|f=button:Add attachment|h=File]@54.3 ; Enter*>menuitem:File[menu×1|f=button:Add attachment|h=File]@54.5
chromium-dark-desktop › orbit-menu menu-enter-home-enter paced sample 0,orbit-menu,menu,menu-enter-home-enter,menu-enter-enter,paced,0,Enter Home Enter,Action=file | none | @button:Add attachment,0,0,Enter>button:Add attachment[none|f=button:Add attachment|h=None]@26 ; Home>menuitem:File[menu×1|f=menuitem:File|h=File]@360.3 ; Enter>menuitem:File[menu×1|f=menuitem:File|h=File]@666.3
chromium-dark-desktop › orbit-menu menu-enter-home-enter paced sample 1,orbit-menu,menu,menu-enter-home-enter,menu-enter-enter,paced,1,Enter Home Enter,Action=file | none | @button:Add attachment,0,0,Enter>button:Add attachment[none|f=button:Add attachment|h=None]@26.5 ; Home>menuitem:File[menu×1|f=menuitem:File|h=File]@353.3 ; Enter>menuitem:File[menu×1|f=menuitem:File|h=File]@660.7
chromium-dark-desktop › orbit-menu menu-enter-home-enter paced sample 2,orbit-menu,menu,menu-enter-home-enter,menu-enter-enter,paced,2,Enter Home Enter,Action=file | none | @button:Add attachment,0,0,Enter>button:Add attachment[none|f=button:Add attachment|h=None]@30.5 ; Home>menuitem:File[menu×1|f=menuitem:File|h=File]@363.9 ; Enter>menuitem:File[menu×1|f=menuitem:File|h=File]@669.4
chromium-dark-desktop › orbit-menu menu-enter-home-enter paced sample 3,orbit-menu,menu,menu-enter-home-enter,menu-enter-enter,paced,3,Enter Home Enter,Action=file | none | @button:Add attachment,0,0,Enter>button:Add attachment[none|f=button:Add attachment|h=None]@26.5 ; Home>menuitem:File[menu×1|f=menuitem:File|h=File]@354.1 ; Enter>menuitem:File[menu×1|f=menuitem:File|h=File]@659.8
chromium-dark-desktop › orbit-menu menu-enter-home-enter paced sample 4,orbit-menu,menu,menu-enter-home-enter,menu-enter-enter,paced,4,Enter Home Enter,Action=file | none | @button:Add attachment,0,0,Enter>button:Add attachment[none|f=button:Add attachment|h=None]@20 ; Home>menuitem:File[menu×1|f=menuitem:File|h=File]@352.3 ; Enter>menuitem:File[menu×1|f=menuitem:File|h=File]@658.2
chromium-dark-desktop › orbit-menu menu-enter-home-enter paced sample 5,orbit-menu,menu,menu-enter-home-enter,menu-enter-enter,paced,5,Enter Home Enter,Action=file | none | @button:Add attachment,0,0,Enter>button:Add attachment[none|f=button:Add attachment|h=None]@36.2 ; Home>menuitem:File[menu×1|f=menuitem:File|h=File]@369.6 ; Enter>menuitem:File[menu×1|f=menuitem:File|h=File]@675.4
chromium-dark-desktop › orbit-menu menu-enter-home-enter paced sample 6,orbit-menu,menu,menu-enter-home-enter,menu-enter-enter,paced,6,Enter Home Enter,Action=file | none | @button:Add attachment,0,0,Enter>button:Add attachment[none|f=button:Add attachment|h=None]@25.3 ; Home>menuitem:File[menu×1|f=menuitem:File|h=File]@358.3 ; Enter>menuitem:File[menu×1|f=menuitem:File|h=File]@666.6
chromium-dark-desktop › orbit-menu menu-enter-home-enter paced sample 7,orbit-menu,menu,menu-enter-home-enter,menu-enter-enter,paced,7,Enter Home Enter,Action=file | none | @button:Add attachment,0,0,Enter>button:Add attachment[none|f=button:Add attachment|h=None]@21.8 ; Home>menuitem:File[menu×1|f=menuitem:File|h=File]@348 ; Enter>menuitem:File[menu×1|f=menuitem:File|h=File]@654.5
chromium-dark-desktop › orbit-menu menu-enter-home-enter paced sample 8,orbit-menu,menu,menu-enter-home-enter,menu-enter-enter,paced,8,Enter Home Enter,Action=file | none | @button:Add attachment,0,0,Enter>button:Add attachment[none|f=button:Add attachment|h=None]@32.3 ; Home>menuitem:File[menu×1|f=menuitem:File|h=File]@357.5 ; Enter>menuitem:File[menu×1|f=menuitem:File|h=File]@662.7
chromium-dark-desktop › orbit-menu menu-enter-home-enter paced sample 9,orbit-menu,menu,menu-enter-home-enter,menu-enter-enter,paced,9,Enter Home Enter,Action=file | none | @button:Add attachment,0,0,Enter>button:Add attachment[none|f=button:Add attachment|h=None]@20.3 ; Home>menuitem:File[menu×1|f=menuitem:File|h=File]@355.9 ; Enter>menuitem:File[menu×1|f=menuitem:File|h=File]@661.9
chromium-dark-desktop › orbit-menu menu-enter-home-enter paced sample 10,orbit-menu,menu,menu-enter-home-enter,menu-enter-enter,paced,10,Enter Home Enter,Action=file | none | @button:Add attachment,0,0,Enter>button:Add attachment[none|f=button:Add attachment|h=None]@17.8 ; Home>menuitem:File[menu×1|f=menuitem:File|h=File]@352.3 ; Enter>menuitem:File[menu×1|f=menuitem:File|h=File]@658.3
chromium-dark-desktop › orbit-menu menu-enter-home-enter paced sample 11,orbit-menu,menu,menu-enter-home-enter,menu-enter-enter,paced,11,Enter Home Enter,Action=file | none | @button:Add attachment,0,0,Enter>button:Add attachment[none|f=button:Add attachment|h=None]@20.9 ; Home>menuitem:File[menu×1|f=menuitem:File|h=File]@348.7 ; Enter>menuitem:File[menu×1|f=menuitem:File|h=File]@654.8
chromium-dark-desktop › orbit-menu menu-enter-home-enter paced sample 12,orbit-menu,menu,menu-enter-home-enter,menu-enter-enter,paced,12,Enter Home Enter,Action=file | none | @button:Add attachment,0,0,Enter>button:Add attachment[none|f=button:Add attachment|h=None]@21.6 ; Home>menuitem:File[menu×1|f=menuitem:File|h=File]@364.3 ; Enter>menuitem:File[menu×1|f=menuitem:File|h=File]@669.9
chromium-dark-desktop › orbit-menu menu-enter-home-enter paced sample 13,orbit-menu,menu,menu-enter-home-enter,menu-enter-enter,paced,13,Enter Home Enter,Action=file | none | @button:Add attachment,0,0,Enter>button:Add attachment[none|f=button:Add attachment|h=None]@29.7 ; Home>menuitem:File[menu×1|f=menuitem:File|h=File]@357.2 ; Enter>menuitem:File[menu×1|f=menuitem:File|h=File]@663.5
chromium-dark-desktop › orbit-menu menu-enter-home-enter paced sample 14,orbit-menu,menu,menu-enter-home-enter,menu-enter-enter,paced,14,Enter Home Enter,Action=file | none | @button:Add attachment,0,0,Enter>button:Add attachment[none|f=button:Add attachment|h=None]@19.1 ; Home>menuitem:File[menu×1|f=menuitem:File|h=File]@353.5 ; Enter>menuitem:File[menu×1|f=menuitem:File|h=File]@659.8
chromium-dark-desktop › orbit-menu menu-enter-home-enter paced sample 15,orbit-menu,menu,menu-enter-home-enter,menu-enter-enter,paced,15,Enter Home Enter,Action=file | none | @button:Add attachment,0,0,Enter>button:Add attachment[none|f=button:Add attachment|h=None]@24.9 ; Home>menuitem:File[menu×1|f=menuitem:File|h=File]@350.7 ; Enter>menuitem:File[menu×1|f=menuitem:File|h=File]@656.6
chromium-dark-desktop › orbit-menu menu-enter-home-enter paced sample 16,orbit-menu,menu,menu-enter-home-enter,menu-enter-enter,paced,16,Enter Home Enter,Action=file | none | @button:Add attachment,0,0,Enter>button:Add attachment[none|f=button:Add attachment|h=None]@26.1 ; Home>menuitem:File[menu×1|f=menuitem:File|h=File]@351.7 ; Enter>menuitem:File[menu×1|f=menuitem:File|h=File]@657.5
chromium-dark-desktop › orbit-menu menu-enter-home-enter paced sample 17,orbit-menu,menu,menu-enter-home-enter,menu-enter-enter,paced,17,Enter Home Enter,Action=file | none | @button:Add attachment,0,0,Enter>button:Add attachment[none|f=button:Add attachment|h=None]@24.1 ; Home>menuitem:File[menu×1|f=menuitem:File|h=File]@361.9 ; Enter>menuitem:File[menu×1|f=menuitem:File|h=File]@668.8
chromium-dark-desktop › orbit-menu menu-enter-home-enter paced sample 18,orbit-menu,menu,menu-enter-home-enter,menu-enter-enter,paced,18,Enter Home Enter,Action=file | none | @button:Add attachment,0,0,Enter>button:Add attachment[none|f=button:Add attachment|h=None]@36.2 ; Home>menuitem:File[menu×1|f=menuitem:File|h=File]@363.1 ; Enter>menuitem:File[menu×1|f=menuitem:File|h=File]@667.9
chromium-dark-desktop › orbit-menu menu-enter-home-enter paced sample 19,orbit-menu,menu,menu-enter-home-enter,menu-enter-enter,paced,19,Enter Home Enter,Action=file | none | @button:Add attachment,0,0,Enter>button:Add attachment[none|f=button:Add attachment|h=None]@26.2 ; Home>menuitem:File[menu×1|f=menuitem:File|h=File]@351.8 ; Enter>menuitem:File[menu×1|f=menuitem:File|h=File]@657.3
chromium-dark-desktop › orbit-menu-sample menu-enter-home-enter burst sample 0,orbit-menu-sample,menu,menu-enter-home-enter,menu-enter-enter,burst,0,Enter Home Enter,ran File | none | @button:Add attachment,1,1,Enter>button:Add attachment[none|f=button:Add attachment|h=None]@23.8 ; Home>button:Add attachment[menu×1|f=button:Add attachment|h=File]@53.5 ; Enter>button:Add attachment[menu×1|f=button:Add attachment|h=File]@53.8 ; Enter*>menuitem:File[menu×1|f=button:Add attachment|h=File]@53.8
chromium-dark-desktop › orbit-menu-sample menu-enter-home-enter burst sample 1,orbit-menu-sample,menu,menu-enter-home-enter,menu-enter-enter,burst,1,Enter Home Enter,ran File | none | @button:Add attachment,1,1,Enter>button:Add attachment[none|f=button:Add attachment|h=None]@27.8 ; Home>button:Add attachment[menu×1|f=button:Add attachment|h=File]@54.2 ; Enter>button:Add attachment[menu×1|f=button:Add attachment|h=File]@54.5 ; Enter*>menuitem:File[menu×1|f=button:Add attachment|h=File]@54.5
chromium-dark-desktop › orbit-menu-sample menu-enter-home-enter burst sample 2,orbit-menu-sample,menu,menu-enter-home-enter,menu-enter-enter,burst,2,Enter Home Enter,ran File | none | @button:Add attachment,1,1,Enter>button:Add attachment[none|f=button:Add attachment|h=None]@23 ; Home>button:Add attachment[menu×1|f=button:Add attachment|h=File]@48.7 ; Enter>button:Add attachment[menu×1|f=button:Add attachment|h=File]@49 ; Enter*>menuitem:File[menu×1|f=button:Add attachment|h=File]@49
chromium-dark-desktop › orbit-menu-sample menu-enter-home-enter burst sample 3,orbit-menu-sample,menu,menu-enter-home-enter,menu-enter-enter,burst,3,Enter Home Enter,ran File | none | @button:Add attachment,1,1,Enter>button:Add attachment[none|f=button:Add attachment|h=None]@23.8 ; Home>button:Add attachment[menu×1|f=button:Add attachment|h=File]@56.6 ; Enter>button:Add attachment[menu×1|f=button:Add attachment|h=File]@56.8 ; Enter*>menuitem:File[menu×1|f=button:Add attachment|h=File]@56.9
chromium-dark-desktop › orbit-menu-sample menu-enter-home-enter burst sample 4,orbit-menu-sample,menu,menu-enter-home-enter,menu-enter-enter,burst,4,Enter Home Enter,ran File | none | @button:Add attachment,1,1,Enter>button:Add attachment[none|f=button:Add attachment|h=None]@18 ; Home>button:Add attachment[menu×1|f=button:Add attachment|h=File]@48.1 ; Enter>button:Add attachment[menu×1|f=button:Add attachment|h=File]@48.3 ; Enter*>menuitem:File[menu×1|f=button:Add attachment|h=File]@48.4
chromium-dark-desktop › orbit-menu-sample menu-enter-home-enter burst sample 5,orbit-menu-sample,menu,menu-enter-home-enter,menu-enter-enter,burst,5,Enter Home Enter,ran File | none | @button:Add attachment,1,1,Enter>button:Add attachment[none|f=button:Add attachment|h=None]@36.2 ; Home>button:Add attachment[menu×1|f=button:Add attachment|h=File]@71.4 ; Enter>button:Add attachment[menu×1|f=button:Add attachment|h=File]@71.8 ; Enter*>menuitem:File[menu×1|f=button:Add attachment|h=File]@71.8
chromium-dark-desktop › orbit-menu-sample menu-enter-home-enter burst sample 6,orbit-menu-sample,menu,menu-enter-home-enter,menu-enter-enter,burst,6,Enter Home Enter,ran File | none | @button:Add attachment,1,1,Enter>button:Add attachment[none|f=button:Add attachment|h=None]@25.8 ; Home>button:Add attachment[menu×1|f=button:Add attachment|h=File]@56.2 ; Enter>button:Add attachment[menu×1|f=button:Add attachment|h=File]@56.6 ; Enter*>menuitem:File[menu×1|f=button:Add attachment|h=File]@56.7
chromium-dark-desktop › orbit-menu-sample menu-enter-home-enter burst sample 7,orbit-menu-sample,menu,menu-enter-home-enter,menu-enter-enter,burst,7,Enter Home Enter,ran File | none | @button:Add attachment,1,1,Enter>button:Add attachment[none|f=button:Add attachment|h=None]@16.7 ; Home>button:Add attachment[menu×1|f=button:Add attachment|h=File]@46.6 ; Enter>button:Add attachment[menu×1|f=button:Add attachment|h=File]@46.9 ; Enter*>menuitem:File[menu×1|f=button:Add attachment|h=File]@46.9
chromium-dark-desktop › orbit-menu-sample menu-enter-home-enter burst sample 8,orbit-menu-sample,menu,menu-enter-home-enter,menu-enter-enter,burst,8,Enter Home Enter,ran File | none | @button:Add attachment,1,1,Enter>button:Add attachment[none|f=button:Add attachment|h=None]@31.9 ; Home>button:Add attachment[menu×1|f=button:Add attachment|h=File]@54.2 ; Enter>button:Add attachment[menu×1|f=button:Add attachment|h=File]@54.4 ; Enter*>menuitem:File[menu×1|f=button:Add attachment|h=File]@54.5
chromium-dark-desktop › orbit-menu-sample menu-enter-home-enter burst sample 9,orbit-menu-sample,menu,menu-enter-home-enter,menu-enter-enter,burst,9,Enter Home Enter,ran File | none | @button:Add attachment,1,1,Enter>button:Add attachment[none|f=button:Add attachment|h=None]@19.3 ; Home>button:Add attachment[menu×1|f=button:Add attachment|h=File]@43 ; Enter>button:Add attachment[menu×1|f=button:Add attachment|h=File]@43.2 ; Enter*>menuitem:File[menu×1|f=button:Add attachment|h=File]@43.4
chromium-dark-desktop › orbit-menu-sample menu-enter-home-enter burst sample 10,orbit-menu-sample,menu,menu-enter-home-enter,menu-enter-enter,burst,10,Enter Home Enter,ran File | none | @button:Add attachment,1,1,Enter>button:Add attachment[none|f=button:Add attachment|h=None]@19.3 ; Home>button:Add attachment[menu×1|f=button:Add attachment|h=File]@43.9 ; Enter>button:Add attachment[menu×1|f=button:Add attachment|h=File]@44.1 ; Enter*>menuitem:File[menu×1|f=button:Add attachment|h=File]@44.2
chromium-dark-desktop › orbit-menu-sample menu-enter-home-enter burst sample 11,orbit-menu-sample,menu,menu-enter-home-enter,menu-enter-enter,burst,11,Enter Home Enter,ran File | none | @button:Add attachment,1,1,Enter>button:Add attachment[none|f=button:Add attachment|h=None]@22.5 ; Home>button:Add attachment[menu×1|f=button:Add attachment|h=File]@44.3 ; Enter>button:Add attachment[menu×1|f=button:Add attachment|h=File]@44.4 ; Enter*>menuitem:File[menu×1|f=button:Add attachment|h=File]@44.6
chromium-dark-desktop › orbit-menu-sample menu-enter-home-enter burst sample 12,orbit-menu-sample,menu,menu-enter-home-enter,menu-enter-enter,burst,12,Enter Home Enter,ran File | none | @button:Add attachment,1,1,Enter>button:Add attachment[none|f=button:Add attachment|h=None]@26.1 ; Home>button:Add attachment[menu×1|f=button:Add attachment|h=File]@48.3 ; Enter>button:Add attachment[menu×1|f=button:Add attachment|h=File]@48.5 ; Enter*>menuitem:File[menu×1|f=button:Add attachment|h=File]@48.6
chromium-dark-desktop › orbit-menu-sample menu-enter-home-enter burst sample 13,orbit-menu-sample,menu,menu-enter-home-enter,menu-enter-enter,burst,13,Enter Home Enter,ran File | none | @button:Add attachment,1,1,Enter>button:Add attachment[none|f=button:Add attachment|h=None]@21.1 ; Home>button:Add attachment[menu×1|f=button:Add attachment|h=File]@52.9 ; Enter>button:Add attachment[menu×1|f=button:Add attachment|h=File]@53.2 ; Enter*>menuitem:File[menu×1|f=button:Add attachment|h=File]@53.3
chromium-dark-desktop › orbit-menu-sample menu-enter-home-enter burst sample 14,orbit-menu-sample,menu,menu-enter-home-enter,menu-enter-enter,burst,14,Enter Home Enter,ran File | none | @button:Add attachment,1,1,Enter>button:Add attachment[none|f=button:Add attachment|h=None]@31.2 ; Home>button:Add attachment[menu×1|f=button:Add attachment|h=File]@60 ; Enter>button:Add attachment[menu×1|f=button:Add attachment|h=File]@60.3 ; Enter*>menuitem:File[menu×1|f=button:Add attachment|h=File]@60.3
chromium-dark-desktop › orbit-menu-sample menu-enter-home-enter burst sample 15,orbit-menu-sample,menu,menu-enter-home-enter,menu-enter-enter,burst,15,Enter Home Enter,ran File | none | @button:Add attachment,1,1,Enter>button:Add attachment[none|f=button:Add attachment|h=None]@34.9 ; Home>button:Add attachment[menu×1|f=button:Add attachment|h=File]@66.6 ; Enter>button:Add attachment[menu×1|f=button:Add attachment|h=File]@67 ; Enter*>menuitem:File[menu×1|f=button:Add attachment|h=File]@67.1
chromium-dark-desktop › orbit-menu-sample menu-enter-home-enter burst sample 16,orbit-menu-sample,menu,menu-enter-home-enter,menu-enter-enter,burst,16,Enter Home Enter,ran File | none | @button:Add attachment,1,1,Enter>button:Add attachment[none|f=button:Add attachment|h=None]@22.4 ; Home>button:Add attachment[menu×1|f=button:Add attachment|h=File]@46.6 ; Enter>button:Add attachment[menu×1|f=button:Add attachment|h=File]@46.8 ; Enter*>menuitem:File[menu×1|f=button:Add attachment|h=File]@46.9
chromium-dark-desktop › orbit-menu-sample menu-enter-home-enter burst sample 17,orbit-menu-sample,menu,menu-enter-home-enter,menu-enter-enter,burst,17,Enter Home Enter,ran File | none | @button:Add attachment,1,1,Enter>button:Add attachment[none|f=button:Add attachment|h=None]@24.8 ; Home>button:Add attachment[menu×1|f=button:Add attachment|h=File]@47.6 ; Enter>button:Add attachment[menu×1|f=button:Add attachment|h=File]@47.8 ; Enter*>menuitem:File[menu×1|f=button:Add attachment|h=File]@47.9
chromium-dark-desktop › orbit-menu-sample menu-enter-home-enter burst sample 18,orbit-menu-sample,menu,menu-enter-home-enter,menu-enter-enter,burst,18,Enter Home Enter,ran File | none | @button:Add attachment,1,1,Enter>button:Add attachment[none|f=button:Add attachment|h=None]@34.5 ; Home>button:Add attachment[menu×1|f=button:Add attachment|h=File]@57 ; Enter>button:Add attachment[menu×1|f=button:Add attachment|h=File]@57.2 ; Enter*>menuitem:File[menu×1|f=button:Add attachment|h=File]@57.2
chromium-dark-desktop › orbit-menu-sample menu-enter-home-enter burst sample 19,orbit-menu-sample,menu,menu-enter-home-enter,menu-enter-enter,burst,19,Enter Home Enter,ran File | none | @button:Add attachment,1,1,Enter>button:Add attachment[none|f=button:Add attachment|h=None]@25.4 ; Home>button:Add attachment[menu×1|f=button:Add attachment|h=File]@47.7 ; Enter>button:Add attachment[menu×1|f=button:Add attachment|h=File]@47.8 ; Enter*>menuitem:File[menu×1|f=button:Add attachment|h=File]@48
chromium-dark-desktop › orbit-menu-sample menu-enter-home-enter paced sample 0,orbit-menu-sample,menu,menu-enter-home-enter,menu-enter-enter,paced,0,Enter Home Enter,ran File | none | @button:Add attachment,0,0,Enter>button:Add attachment[none|f=button:Add attachment|h=None]@31.3 ; Home>menuitem:File[menu×1|f=menuitem:File|h=File]@373.2 ; Enter>menuitem:File[menu×1|f=menuitem:File|h=File]@677.5
chromium-dark-desktop › orbit-menu-sample menu-enter-home-enter paced sample 1,orbit-menu-sample,menu,menu-enter-home-enter,menu-enter-enter,paced,1,Enter Home Enter,ran File | none | @button:Add attachment,0,0,Enter>button:Add attachment[none|f=button:Add attachment|h=None]@31.2 ; Home>menuitem:File[menu×1|f=menuitem:File|h=File]@372.9 ; Enter>menuitem:File[menu×1|f=menuitem:File|h=File]@676.6
chromium-dark-desktop › orbit-menu-sample menu-enter-home-enter paced sample 2,orbit-menu-sample,menu,menu-enter-home-enter,menu-enter-enter,paced,2,Enter Home Enter,ran File | none | @button:Add attachment,0,0,Enter>button:Add attachment[none|f=button:Add attachment|h=None]@23.5 ; Home>menuitem:File[menu×1|f=menuitem:File|h=File]@363 ; Enter>menuitem:File[menu×1|f=menuitem:File|h=File]@667.4
chromium-dark-desktop › orbit-menu-sample menu-enter-home-enter paced sample 3,orbit-menu-sample,menu,menu-enter-home-enter,menu-enter-enter,paced,3,Enter Home Enter,ran File | none | @button:Add attachment,0,0,Enter>button:Add attachment[none|f=button:Add attachment|h=None]@34.5 ; Home>menuitem:File[menu×1|f=menuitem:File|h=File]@364.4 ; Enter>menuitem:File[menu×1|f=menuitem:File|h=File]@668.4
chromium-dark-desktop › orbit-menu-sample menu-enter-home-enter paced sample 4,orbit-menu-sample,menu,menu-enter-home-enter,menu-enter-enter,paced,4,Enter Home Enter,ran File | none | @button:Add attachment,0,0,Enter>button:Add attachment[none|f=button:Add attachment|h=None]@20.2 ; Home>menuitem:File[menu×1|f=menuitem:File|h=File]@360.4 ; Enter>menuitem:File[menu×1|f=menuitem:File|h=File]@664.7
chromium-dark-desktop › orbit-menu-sample menu-enter-home-enter paced sample 5,orbit-menu-sample,menu,menu-enter-home-enter,menu-enter-enter,paced,5,Enter Home Enter,ran File | none | @button:Add attachment,0,0,Enter>button:Add attachment[none|f=button:Add attachment|h=None]@24.6 ; Home>menuitem:File[menu×1|f=menuitem:File|h=File]@358.3 ; Enter>menuitem:File[menu×1|f=menuitem:File|h=File]@663.4
chromium-dark-desktop › orbit-menu-sample menu-enter-home-enter paced sample 6,orbit-menu-sample,menu,menu-enter-home-enter,menu-enter-enter,paced,6,Enter Home Enter,ran File | none | @button:Add attachment,0,0,Enter>button:Add attachment[none|f=button:Add attachment|h=None]@28.5 ; Home>menuitem:File[menu×1|f=menuitem:File|h=File]@357.9 ; Enter>menuitem:File[menu×1|f=menuitem:File|h=File]@660.7
chromium-dark-desktop › orbit-menu-sample menu-enter-home-enter paced sample 7,orbit-menu-sample,menu,menu-enter-home-enter,menu-enter-enter,paced,7,Enter Home Enter,ran File | none | @button:Add attachment,0,0,Enter>button:Add attachment[none|f=button:Add attachment|h=None]@19.3 ; Home>menuitem:File[menu×1|f=menuitem:File|h=File]@347.4 ; Enter>menuitem:File[menu×1|f=menuitem:File|h=File]@657.1
chromium-dark-desktop › orbit-menu-sample menu-enter-home-enter paced sample 8,orbit-menu-sample,menu,menu-enter-home-enter,menu-enter-enter,paced,8,Enter Home Enter,ran File | none | @button:Add attachment,0,0,Enter>button:Add attachment[none|f=button:Add attachment|h=None]@22.2 ; Home>menuitem:File[menu×1|f=menuitem:File|h=File]@352.4 ; Enter>menuitem:File[menu×1|f=menuitem:File|h=File]@656.7
chromium-dark-desktop › orbit-menu-sample menu-enter-home-enter paced sample 9,orbit-menu-sample,menu,menu-enter-home-enter,menu-enter-enter,paced,9,Enter Home Enter,ran File | none | @button:Add attachment,0,0,Enter>button:Add attachment[none|f=button:Add attachment|h=None]@31.3 ; Home>menuitem:File[menu×1|f=menuitem:File|h=File]@358.5 ; Enter>menuitem:File[menu×1|f=menuitem:File|h=File]@668.1
chromium-dark-desktop › orbit-menu-sample menu-enter-home-enter paced sample 10,orbit-menu-sample,menu,menu-enter-home-enter,menu-enter-enter,paced,10,Enter Home Enter,ran File | none | @button:Add attachment,0,0,Enter>button:Add attachment[none|f=button:Add attachment|h=None]@27.8 ; Home>menuitem:File[menu×1|f=menuitem:File|h=File]@370 ; Enter>menuitem:File[menu×1|f=menuitem:File|h=File]@674
chromium-dark-desktop › orbit-menu-sample menu-enter-home-enter paced sample 11,orbit-menu-sample,menu,menu-enter-home-enter,menu-enter-enter,paced,11,Enter Home Enter,ran File | none | @button:Add attachment,0,0,Enter>button:Add attachment[none|f=button:Add attachment|h=None]@20.7 ; Home>menuitem:File[menu×1|f=menuitem:File|h=File]@355.5 ; Enter>menuitem:File[menu×1|f=menuitem:File|h=File]@662.3
chromium-dark-desktop › orbit-menu-sample menu-enter-home-enter paced sample 12,orbit-menu-sample,menu,menu-enter-home-enter,menu-enter-enter,paced,12,Enter Home Enter,ran File | none | @button:Add attachment,0,0,Enter>button:Add attachment[none|f=button:Add attachment|h=None]@22.1 ; Home>menuitem:File[menu×1|f=menuitem:File|h=File]@357.6 ; Enter>menuitem:File[menu×1|f=menuitem:File|h=File]@663.6
chromium-dark-desktop › orbit-menu-sample menu-enter-home-enter paced sample 13,orbit-menu-sample,menu,menu-enter-home-enter,menu-enter-enter,paced,13,Enter Home Enter,ran File | none | @button:Add attachment,0,0,Enter>button:Add attachment[none|f=button:Add attachment|h=None]@31.8 ; Home>menuitem:File[menu×1|f=menuitem:File|h=File]@359.4 ; Enter>menuitem:File[menu×1|f=menuitem:File|h=File]@667.9
chromium-dark-desktop › orbit-menu-sample menu-enter-home-enter paced sample 14,orbit-menu-sample,menu,menu-enter-home-enter,menu-enter-enter,paced,14,Enter Home Enter,ran File | none | @button:Add attachment,0,0,Enter>button:Add attachment[none|f=button:Add attachment|h=None]@19 ; Home>menuitem:File[menu×1|f=menuitem:File|h=File]@346.9 ; Enter>menuitem:File[menu×1|f=menuitem:File|h=File]@651
chromium-dark-desktop › orbit-menu-sample menu-enter-home-enter paced sample 15,orbit-menu-sample,menu,menu-enter-home-enter,menu-enter-enter,paced,15,Enter Home Enter,ran File | none | @button:Add attachment,0,0,Enter>button:Add attachment[none|f=button:Add attachment|h=None]@28.8 ; Home>menuitem:File[menu×1|f=menuitem:File|h=File]@398.3 ; Enter>menuitem:File[menu×1|f=menuitem:File|h=File]@702.2
chromium-dark-desktop › orbit-menu-sample menu-enter-home-enter paced sample 16,orbit-menu-sample,menu,menu-enter-home-enter,menu-enter-enter,paced,16,Enter Home Enter,ran File | none | @button:Add attachment,0,0,Enter>button:Add attachment[none|f=button:Add attachment|h=None]@21.7 ; Home>menuitem:File[menu×1|f=menuitem:File|h=File]@352.9 ; Enter>menuitem:File[menu×1|f=menuitem:File|h=File]@657.7
chromium-dark-desktop › orbit-menu-sample menu-enter-home-enter paced sample 17,orbit-menu-sample,menu,menu-enter-home-enter,menu-enter-enter,paced,17,Enter Home Enter,ran File | none | @button:Add attachment,0,0,Enter>button:Add attachment[none|f=button:Add attachment|h=None]@26.5 ; Home>menuitem:File[menu×1|f=menuitem:File|h=File]@367 ; Enter>menuitem:File[menu×1|f=menuitem:File|h=File]@670.7
chromium-dark-desktop › orbit-menu-sample menu-enter-home-enter paced sample 18,orbit-menu-sample,menu,menu-enter-home-enter,menu-enter-enter,paced,18,Enter Home Enter,ran File | none | @button:Add attachment,0,0,Enter>button:Add attachment[none|f=button:Add attachment|h=None]@19.9 ; Home>menuitem:File[menu×1|f=menuitem:File|h=File]@347.9 ; Enter>menuitem:File[menu×1|f=menuitem:File|h=File]@651.9
chromium-dark-desktop › orbit-menu-sample menu-enter-home-enter paced sample 19,orbit-menu-sample,menu,menu-enter-home-enter,menu-enter-enter,paced,19,Enter Home Enter,ran File | none | @button:Add attachment,0,0,Enter>button:Add attachment[none|f=button:Add attachment|h=None]@25 ; Home>menuitem:File[menu×1|f=menuitem:File|h=File]@355 ; Enter>menuitem:File[menu×1|f=menuitem:File|h=File]@659.3
chromium-dark-desktop › antd-menu menu-enter-home-enter burst sample 0,antd-menu,menu,menu-enter-home-enter,menu-enter-enter,burst,0,Enter Home Enter,none | none | @button:Add attachment,1,0,Enter>button:Add attachment[none|f=button:Add attachment|h=None]@25.4 ; Home>button:Add attachment[menu×1|f=button:Add attachment|h=None]@90.1 ; Enter>button:Add attachment[menu×1|f=button:Add attachment|h=None]@90.2
chromium-dark-desktop › antd-menu menu-enter-home-enter burst sample 1,antd-menu,menu,menu-enter-home-enter,menu-enter-enter,burst,1,Enter Home Enter,none | none | @button:Add attachment,1,0,Enter>button:Add attachment[none|f=button:Add attachment|h=None]@29.5 ; Home>button:Add attachment[menu×1|f=button:Add attachment|h=None]@74.9 ; Enter>button:Add attachment[menu×1|f=button:Add attachment|h=None]@75
chromium-dark-desktop › antd-menu menu-enter-home-enter burst sample 2,antd-menu,menu,menu-enter-home-enter,menu-enter-enter,burst,2,Enter Home Enter,none | none | @button:Add attachment,1,0,Enter>button:Add attachment[none|f=button:Add attachment|h=None]@17.4 ; Home>button:Add attachment[menu×1|f=button:Add attachment|h=None]@82.1 ; Enter>button:Add attachment[menu×1|f=button:Add attachment|h=None]@82.4
chromium-dark-desktop › antd-menu menu-enter-home-enter burst sample 3,antd-menu,menu,menu-enter-home-enter,menu-enter-enter,burst,3,Enter Home Enter,none | none | @button:Add attachment,1,0,Enter>button:Add attachment[none|f=button:Add attachment|h=None]@29.9 ; Home>button:Add attachment[menu×1|f=button:Add attachment|h=None]@76.6 ; Enter>button:Add attachment[menu×1|f=button:Add attachment|h=None]@76.8
chromium-dark-desktop › antd-menu menu-enter-home-enter burst sample 4,antd-menu,menu,menu-enter-home-enter,menu-enter-enter,burst,4,Enter Home Enter,none | none | @button:Add attachment,1,0,Enter>button:Add attachment[none|f=button:Add attachment|h=None]@20.9 ; Home>button:Add attachment[menu×1|f=button:Add attachment|h=None]@80.2 ; Enter>button:Add attachment[menu×1|f=button:Add attachment|h=None]@80.3
chromium-dark-desktop › antd-menu menu-enter-home-enter burst sample 5,antd-menu,menu,menu-enter-home-enter,menu-enter-enter,burst,5,Enter Home Enter,none | none | @button:Add attachment,1,0,Enter>button:Add attachment[none|f=button:Add attachment|h=None]@31.1 ; Home>button:Add attachment[menu×1|f=button:Add attachment|h=None]@75.2 ; Enter>button:Add attachment[menu×1|f=button:Add attachment|h=None]@75.3
chromium-dark-desktop › antd-menu menu-enter-home-enter burst sample 6,antd-menu,menu,menu-enter-home-enter,menu-enter-enter,burst,6,Enter Home Enter,none | none | @button:Add attachment,1,0,Enter>button:Add attachment[none|f=button:Add attachment|h=None]@19 ; Home>button:Add attachment[menu×1|f=button:Add attachment|h=None]@64.3 ; Enter>button:Add attachment[menu×1|f=button:Add attachment|h=None]@64.5
chromium-dark-desktop › antd-menu menu-enter-home-enter burst sample 7,antd-menu,menu,menu-enter-home-enter,menu-enter-enter,burst,7,Enter Home Enter,none | none | @button:Add attachment,1,0,Enter>button:Add attachment[none|f=button:Add attachment|h=None]@27.5 ; Home>button:Add attachment[menu×1|f=button:Add attachment|h=None]@76.5 ; Enter>button:Add attachment[menu×1|f=button:Add attachment|h=None]@76.7
chromium-dark-desktop › antd-menu menu-enter-home-enter burst sample 8,antd-menu,menu,menu-enter-home-enter,menu-enter-enter,burst,8,Enter Home Enter,none | none | @button:Add attachment,1,0,Enter>button:Add attachment[none|f=button:Add attachment|h=None]@20.6 ; Home>button:Add attachment[menu×1|f=button:Add attachment|h=None]@66.8 ; Enter>button:Add attachment[menu×1|f=button:Add attachment|h=None]@67
chromium-dark-desktop › antd-menu menu-enter-home-enter burst sample 9,antd-menu,menu,menu-enter-home-enter,menu-enter-enter,burst,9,Enter Home Enter,none | none | @button:Add attachment,1,0,Enter>button:Add attachment[none|f=button:Add attachment|h=None]@23 ; Home>button:Add attachment[menu×1|f=button:Add attachment|h=None]@66.7 ; Enter>button:Add attachment[menu×1|f=button:Add attachment|h=None]@66.8
chromium-dark-desktop › antd-menu menu-enter-home-enter burst sample 10,antd-menu,menu,menu-enter-home-enter,menu-enter-enter,burst,10,Enter Home Enter,none | none | @button:Add attachment,1,0,Enter>button:Add attachment[none|f=button:Add attachment|h=None]@32.9 ; Home>button:Add attachment[menu×1|f=button:Add attachment|h=None]@78.5 ; Enter>button:Add attachment[menu×1|f=button:Add attachment|h=None]@78.7
chromium-dark-desktop › antd-menu menu-enter-home-enter burst sample 11,antd-menu,menu,menu-enter-home-enter,menu-enter-enter,burst,11,Enter Home Enter,none | none | @button:Add attachment,1,0,Enter>button:Add attachment[none|f=button:Add attachment|h=None]@22.3 ; Home>button:Add attachment[menu×1|f=button:Add attachment|h=None]@67.3 ; Enter>button:Add attachment[menu×1|f=button:Add attachment|h=None]@67.4
chromium-dark-desktop › antd-menu menu-enter-home-enter burst sample 12,antd-menu,menu,menu-enter-home-enter,menu-enter-enter,burst,12,Enter Home Enter,none | none | @button:Add attachment,1,0,Enter>button:Add attachment[none|f=button:Add attachment|h=None]@28.5 ; Home>button:Add attachment[menu×1|f=button:Add attachment|h=None]@88.3 ; Enter>button:Add attachment[menu×1|f=button:Add attachment|h=None]@88.6
chromium-dark-desktop › antd-menu menu-enter-home-enter burst sample 13,antd-menu,menu,menu-enter-home-enter,menu-enter-enter,burst,13,Enter Home Enter,none | none | @button:Add attachment,1,0,Enter>button:Add attachment[none|f=button:Add attachment|h=None]@19.7 ; Home>button:Add attachment[menu×1|f=button:Add attachment|h=None]@81.4 ; Enter>button:Add attachment[menu×1|f=button:Add attachment|h=None]@81.6
chromium-dark-desktop › antd-menu menu-enter-home-enter burst sample 14,antd-menu,menu,menu-enter-home-enter,menu-enter-enter,burst,14,Enter Home Enter,none | none | @button:Add attachment,1,0,Enter>button:Add attachment[none|f=button:Add attachment|h=None]@21 ; Home>button:Add attachment[menu×1|f=button:Add attachment|h=None]@76.7 ; Enter>button:Add attachment[menu×1|f=button:Add attachment|h=None]@76.9
chromium-dark-desktop › antd-menu menu-enter-home-enter burst sample 15,antd-menu,menu,menu-enter-home-enter,menu-enter-enter,burst,15,Enter Home Enter,none | none | @button:Add attachment,1,0,Enter>button:Add attachment[none|f=button:Add attachment|h=None]@27.6 ; Home>button:Add attachment[menu×1|f=button:Add attachment|h=None]@92.2 ; Enter>button:Add attachment[menu×1|f=button:Add attachment|h=None]@92.3
chromium-dark-desktop › antd-menu menu-enter-home-enter burst sample 16,antd-menu,menu,menu-enter-home-enter,menu-enter-enter,burst,16,Enter Home Enter,none | none | @button:Add attachment,1,0,Enter>button:Add attachment[none|f=button:Add attachment|h=None]@32.1 ; Home>button:Add attachment[menu×1|f=button:Add attachment|h=None]@76.8 ; Enter>button:Add attachment[menu×1|f=button:Add attachment|h=None]@76.9
chromium-dark-desktop › antd-menu menu-enter-home-enter burst sample 17,antd-menu,menu,menu-enter-home-enter,menu-enter-enter,burst,17,Enter Home Enter,none | none | @button:Add attachment,1,0,Enter>button:Add attachment[none|f=button:Add attachment|h=None]@30.5 ; Home>button:Add attachment[menu×1|f=button:Add attachment|h=None]@76.2 ; Enter>button:Add attachment[menu×1|f=button:Add attachment|h=None]@76.3
chromium-dark-desktop › antd-menu menu-enter-home-enter burst sample 18,antd-menu,menu,menu-enter-home-enter,menu-enter-enter,burst,18,Enter Home Enter,none | none | @button:Add attachment,1,0,Enter>button:Add attachment[none|f=button:Add attachment|h=None]@18.1 ; Home>button:Add attachment[menu×1|f=button:Add attachment|h=None]@64.3 ; Enter>button:Add attachment[menu×1|f=button:Add attachment|h=None]@64.5
chromium-dark-desktop › antd-menu menu-enter-home-enter burst sample 19,antd-menu,menu,menu-enter-home-enter,menu-enter-enter,burst,19,Enter Home Enter,none | none | @button:Add attachment,1,0,Enter>button:Add attachment[none|f=button:Add attachment|h=None]@17.7 ; Home>button:Add attachment[menu×1|f=button:Add attachment|h=None]@68 ; Enter>button:Add attachment[menu×1|f=button:Add attachment|h=None]@68.2
chromium-dark-desktop › antd-menu menu-enter-home-enter paced sample 0,antd-menu,menu,menu-enter-home-enter,menu-enter-enter,paced,0,Enter Home Enter,none | none | @button:Add attachment,1,0,Enter>button:Add attachment[none|f=button:Add attachment|h=None]@17 ; Home>button:Add attachment[menu×1|f=button:Add attachment|h=None]@370.4 ; Enter>button:Add attachment[menu×1|f=button:Add attachment|h=None]@674.9
chromium-dark-desktop › antd-menu menu-enter-home-enter paced sample 1,antd-menu,menu,menu-enter-home-enter,menu-enter-enter,paced,1,Enter Home Enter,none | none | @button:Add attachment,1,0,Enter>button:Add attachment[none|f=button:Add attachment|h=None]@22.6 ; Home>button:Add attachment[menu×1|f=button:Add attachment|h=None]@372.6 ; Enter>button:Add attachment[menu×1|f=button:Add attachment|h=None]@676.1
chromium-dark-desktop › antd-menu menu-enter-home-enter paced sample 2,antd-menu,menu,menu-enter-home-enter,menu-enter-enter,paced,2,Enter Home Enter,none | none | @button:Add attachment,1,0,Enter>button:Add attachment[none|f=button:Add attachment|h=None]@26 ; Home>button:Add attachment[menu×1|f=button:Add attachment|h=None]@375.7 ; Enter>button:Add attachment[menu×1|f=button:Add attachment|h=None]@678.3
chromium-dark-desktop › antd-menu menu-enter-home-enter paced sample 3,antd-menu,menu,menu-enter-home-enter,menu-enter-enter,paced,3,Enter Home Enter,none | none | @button:Add attachment,1,0,Enter>button:Add attachment[none|f=button:Add attachment|h=None]@19.5 ; Home>button:Add attachment[menu×1|f=button:Add attachment|h=None]@385.3 ; Enter>button:Add attachment[menu×1|f=button:Add attachment|h=None]@689.3
chromium-dark-desktop › antd-menu menu-enter-home-enter paced sample 4,antd-menu,menu,menu-enter-home-enter,menu-enter-enter,paced,4,Enter Home Enter,none | none | @button:Add attachment,1,0,Enter>button:Add attachment[none|f=button:Add attachment|h=None]@30.3 ; Home>button:Add attachment[menu×1|f=button:Add attachment|h=None]@381.7 ; Enter>button:Add attachment[menu×1|f=button:Add attachment|h=None]@685.9
chromium-dark-desktop › antd-menu menu-enter-home-enter paced sample 5,antd-menu,menu,menu-enter-home-enter,menu-enter-enter,paced,5,Enter Home Enter,none | none | @button:Add attachment,1,0,Enter>button:Add attachment[none|f=button:Add attachment|h=None]@31.2 ; Home>button:Add attachment[menu×1|f=button:Add attachment|h=None]@383 ; Enter>button:Add attachment[menu×1|f=button:Add attachment|h=None]@692.5
chromium-dark-desktop › antd-menu menu-enter-home-enter paced sample 6,antd-menu,menu,menu-enter-home-enter,menu-enter-enter,paced,6,Enter Home Enter,none | none | @button:Add attachment,1,0,Enter>button:Add attachment[none|f=button:Add attachment|h=None]@23.9 ; Home>button:Add attachment[menu×1|f=button:Add attachment|h=None]@375.7 ; Enter>button:Add attachment[menu×1|f=button:Add attachment|h=None]@680.3
chromium-dark-desktop › antd-menu menu-enter-home-enter paced sample 7,antd-menu,menu,menu-enter-home-enter,menu-enter-enter,paced,7,Enter Home Enter,none | none | @button:Add attachment,1,0,Enter>button:Add attachment[none|f=button:Add attachment|h=None]@21.7 ; Home>button:Add attachment[menu×1|f=button:Add attachment|h=None]@371.8 ; Enter>button:Add attachment[menu×1|f=button:Add attachment|h=None]@679.5
chromium-dark-desktop › antd-menu menu-enter-home-enter paced sample 8,antd-menu,menu,menu-enter-home-enter,menu-enter-enter,paced,8,Enter Home Enter,none | none | @button:Add attachment,1,0,Enter>button:Add attachment[none|f=button:Add attachment|h=None]@25.5 ; Home>button:Add attachment[menu×1|f=button:Add attachment|h=None]@377.3 ; Enter>button:Add attachment[menu×1|f=button:Add attachment|h=None]@681.6
chromium-dark-desktop › antd-menu menu-enter-home-enter paced sample 9,antd-menu,menu,menu-enter-home-enter,menu-enter-enter,paced,9,Enter Home Enter,none | none | @button:Add attachment,1,0,Enter>button:Add attachment[none|f=button:Add attachment|h=None]@33.4 ; Home>button:Add attachment[menu×1|f=button:Add attachment|h=None]@383.7 ; Enter>button:Add attachment[menu×1|f=button:Add attachment|h=None]@690.4
chromium-dark-desktop › antd-menu menu-enter-home-enter paced sample 10,antd-menu,menu,menu-enter-home-enter,menu-enter-enter,paced,10,Enter Home Enter,none | none | @button:Add attachment,1,0,Enter>button:Add attachment[none|f=button:Add attachment|h=None]@16.2 ; Home>button:Add attachment[menu×1|f=button:Add attachment|h=None]@388 ; Enter>button:Add attachment[menu×1|f=button:Add attachment|h=None]@692.4
chromium-dark-desktop › antd-menu menu-enter-home-enter paced sample 11,antd-menu,menu,menu-enter-home-enter,menu-enter-enter,paced,11,Enter Home Enter,none | none | @button:Add attachment,1,0,Enter>button:Add attachment[none|f=button:Add attachment|h=None]@30.6 ; Home>button:Add attachment[menu×1|f=button:Add attachment|h=None]@380.3 ; Enter>button:Add attachment[menu×1|f=button:Add attachment|h=None]@683
chromium-dark-desktop › antd-menu menu-enter-home-enter paced sample 12,antd-menu,menu,menu-enter-home-enter,menu-enter-enter,paced,12,Enter Home Enter,none | none | @button:Add attachment,1,0,Enter>button:Add attachment[none|f=button:Add attachment|h=None]@18.9 ; Home>button:Add attachment[menu×1|f=button:Add attachment|h=None]@368.7 ; Enter>button:Add attachment[menu×1|f=button:Add attachment|h=None]@672.4
chromium-dark-desktop › antd-menu menu-enter-home-enter paced sample 13,antd-menu,menu,menu-enter-home-enter,menu-enter-enter,paced,13,Enter Home Enter,none | none | @button:Add attachment,1,0,Enter>button:Add attachment[none|f=button:Add attachment|h=None]@20.1 ; Home>button:Add attachment[menu×1|f=button:Add attachment|h=None]@383.5 ; Enter>button:Add attachment[menu×1|f=button:Add attachment|h=None]@687.3
chromium-dark-desktop › antd-menu menu-enter-home-enter paced sample 14,antd-menu,menu,menu-enter-home-enter,menu-enter-enter,paced,14,Enter Home Enter,none | none | @button:Add attachment,1,0,Enter>button:Add attachment[none|f=button:Add attachment|h=None]@24 ; Home>button:Add attachment[menu×1|f=button:Add attachment|h=None]@379.7 ; Enter>button:Add attachment[menu×1|f=button:Add attachment|h=None]@683.9
chromium-dark-desktop › antd-menu menu-enter-home-enter paced sample 15,antd-menu,menu,menu-enter-home-enter,menu-enter-enter,paced,15,Enter Home Enter,none | none | @button:Add attachment,1,0,Enter>button:Add attachment[none|f=button:Add attachment|h=None]@22.9 ; Home>button:Add attachment[menu×1|f=button:Add attachment|h=None]@374.1 ; Enter>button:Add attachment[menu×1|f=button:Add attachment|h=None]@677.9
chromium-dark-desktop › antd-menu menu-enter-home-enter paced sample 16,antd-menu,menu,menu-enter-home-enter,menu-enter-enter,paced,16,Enter Home Enter,none | none | @button:Add attachment,1,0,Enter>button:Add attachment[none|f=button:Add attachment|h=None]@23 ; Home>button:Add attachment[menu×1|f=button:Add attachment|h=None]@372.7 ; Enter>button:Add attachment[menu×1|f=button:Add attachment|h=None]@677
chromium-dark-desktop › antd-menu menu-enter-home-enter paced sample 17,antd-menu,menu,menu-enter-home-enter,menu-enter-enter,paced,17,Enter Home Enter,none | none | @button:Add attachment,1,0,Enter>button:Add attachment[none|f=button:Add attachment|h=None]@23.6 ; Home>button:Add attachment[menu×1|f=button:Add attachment|h=None]@379.3 ; Enter>button:Add attachment[menu×1|f=button:Add attachment|h=None]@681.9
chromium-dark-desktop › antd-menu menu-enter-home-enter paced sample 18,antd-menu,menu,menu-enter-home-enter,menu-enter-enter,paced,18,Enter Home Enter,none | none | @button:Add attachment,1,0,Enter>button:Add attachment[none|f=button:Add attachment|h=None]@29.5 ; Home>button:Add attachment[menu×1|f=button:Add attachment|h=None]@380.9 ; Enter>button:Add attachment[menu×1|f=button:Add attachment|h=None]@684.1
chromium-dark-desktop › antd-menu menu-enter-home-enter paced sample 19,antd-menu,menu,menu-enter-home-enter,menu-enter-enter,paced,19,Enter Home Enter,none | none | @button:Add attachment,1,0,Enter>button:Add attachment[none|f=button:Add attachment|h=None]@27.2 ; Home>button:Add attachment[menu×1|f=button:Add attachment|h=None]@377.3 ; Enter>button:Add attachment[menu×1|f=button:Add attachment|h=None]@685.5
chromium-dark-desktop › orbit-menu menu-enter-end-enter burst sample 0,orbit-menu,menu,menu-enter-end-enter,menu-enter-enter,burst,0,Enter End Enter,Action=file | none | @button:Add attachment,1,1,Enter>button:Add attachment[none|f=button:Add attachment|h=None]@15.9 ; End>button:Add attachment[menu×1|f=button:Add attachment|h=File]@33.7 ; Enter>button:Add attachment[menu×1|f=button:Add attachment|h=File]@33.9 ; Enter*>menuitem:File[menu×1|f=button:Add attachment|h=File]@34
chromium-dark-desktop › orbit-menu menu-enter-end-enter burst sample 1,orbit-menu,menu,menu-enter-end-enter,menu-enter-enter,burst,1,Enter End Enter,Action=file | none | @button:Add attachment,1,1,Enter>button:Add attachment[none|f=button:Add attachment|h=None]@27.5 ; End>button:Add attachment[menu×1|f=button:Add attachment|h=File]@46.5 ; Enter>button:Add attachment[menu×1|f=button:Add attachment|h=File]@46.6 ; Enter*>menuitem:File[menu×1|f=button:Add attachment|h=File]@46.7
chromium-dark-desktop › orbit-menu menu-enter-end-enter burst sample 2,orbit-menu,menu,menu-enter-end-enter,menu-enter-enter,burst,2,Enter End Enter,Action=file | none | @button:Add attachment,1,1,Enter>button:Add attachment[none|f=button:Add attachment|h=None]@29.7 ; End>button:Add attachment[menu×1|f=button:Add attachment|h=File]@48 ; Enter>button:Add attachment[menu×1|f=button:Add attachment|h=File]@48.1 ; Enter*>menuitem:File[menu×1|f=button:Add attachment|h=File]@48.1
chromium-dark-desktop › orbit-menu menu-enter-end-enter burst sample 3,orbit-menu,menu,menu-enter-end-enter,menu-enter-enter,burst,3,Enter End Enter,Action=file | none | @button:Add attachment,1,1,Enter>button:Add attachment[none|f=button:Add attachment|h=None]@23 ; End>button:Add attachment[menu×1|f=button:Add attachment|h=File]@40.9 ; Enter>button:Add attachment[menu×1|f=button:Add attachment|h=File]@41.1 ; Enter*>menuitem:File[menu×1|f=button:Add attachment|h=File]@41.2
chromium-dark-desktop › orbit-menu menu-enter-end-enter burst sample 4,orbit-menu,menu,menu-enter-end-enter,menu-enter-enter,burst,4,Enter End Enter,Action=file | none | @button:Add attachment,1,1,Enter>button:Add attachment[none|f=button:Add attachment|h=None]@27.1 ; End>button:Add attachment[menu×1|f=button:Add attachment|h=File]@45.1 ; Enter>button:Add attachment[menu×1|f=button:Add attachment|h=File]@45.3 ; Enter*>menuitem:File[menu×1|f=button:Add attachment|h=File]@45.4
chromium-dark-desktop › orbit-menu menu-enter-end-enter burst sample 5,orbit-menu,menu,menu-enter-end-enter,menu-enter-enter,burst,5,Enter End Enter,Action=file | none | @button:Add attachment,1,1,Enter>button:Add attachment[none|f=button:Add attachment|h=None]@24.3 ; End>button:Add attachment[menu×1|f=button:Add attachment|h=File]@42.8 ; Enter>button:Add attachment[menu×1|f=button:Add attachment|h=File]@43 ; Enter*>menuitem:File[menu×1|f=button:Add attachment|h=File]@43.1
chromium-dark-desktop › orbit-menu menu-enter-end-enter burst sample 6,orbit-menu,menu,menu-enter-end-enter,menu-enter-enter,burst,6,Enter End Enter,Action=file | none | @button:Add attachment,1,1,Enter>button:Add attachment[none|f=button:Add attachment|h=None]@19.9 ; End>button:Add attachment[menu×1|f=button:Add attachment|h=File]@43.7 ; Enter>button:Add attachment[menu×1|f=button:Add attachment|h=File]@43.9 ; Enter*>menuitem:File[menu×1|f=button:Add attachment|h=File]@44
chromium-dark-desktop › orbit-menu menu-enter-end-enter burst sample 7,orbit-menu,menu,menu-enter-end-enter,menu-enter-enter,burst,7,Enter End Enter,Action=file | none | @button:Add attachment,1,1,Enter>button:Add attachment[none|f=button:Add attachment|h=None]@27 ; End>button:Add attachment[menu×1|f=button:Add attachment|h=File]@45 ; Enter>button:Add attachment[menu×1|f=button:Add attachment|h=File]@45.2 ; Enter*>menuitem:File[menu×1|f=button:Add attachment|h=File]@45.3
chromium-dark-desktop › orbit-menu menu-enter-end-enter burst sample 8,orbit-menu,menu,menu-enter-end-enter,menu-enter-enter,burst,8,Enter End Enter,Action=file | none | @button:Add attachment,1,1,Enter>button:Add attachment[none|f=button:Add attachment|h=None]@29.4 ; End>button:Add attachment[menu×1|f=button:Add attachment|h=File]@55.4 ; Enter>button:Add attachment[menu×1|f=button:Add attachment|h=File]@55.6 ; Enter*>menuitem:File[menu×1|f=button:Add attachment|h=File]@55.7
chromium-dark-desktop › orbit-menu menu-enter-end-enter burst sample 9,orbit-menu,menu,menu-enter-end-enter,menu-enter-enter,burst,9,Enter End Enter,Action=file | none | @button:Add attachment,1,1,Enter>button:Add attachment[none|f=button:Add attachment|h=None]@20 ; End>button:Add attachment[menu×1|f=button:Add attachment|h=File]@45.9 ; Enter>button:Add attachment[menu×1|f=button:Add attachment|h=File]@46.2 ; Enter*>menuitem:File[menu×1|f=button:Add attachment|h=File]@46.3
chromium-dark-desktop › orbit-menu menu-enter-end-enter burst sample 10,orbit-menu,menu,menu-enter-end-enter,menu-enter-enter,burst,10,Enter End Enter,Action=file | none | @button:Add attachment,1,1,Enter>button:Add attachment[none|f=button:Add attachment|h=None]@31.1 ; End>button:Add attachment[menu×1|f=button:Add attachment|h=File]@48.8 ; Enter>button:Add attachment[menu×1|f=button:Add attachment|h=File]@49.1 ; Enter*>menuitem:File[menu×1|f=button:Add attachment|h=File]@49.1
chromium-dark-desktop › orbit-menu menu-enter-end-enter burst sample 11,orbit-menu,menu,menu-enter-end-enter,menu-enter-enter,burst,11,Enter End Enter,Action=file | none | @button:Add attachment,1,1,Enter>button:Add attachment[none|f=button:Add attachment|h=None]@17.5 ; End>button:Add attachment[menu×1|f=button:Add attachment|h=File]@35.9 ; Enter>button:Add attachment[menu×1|f=button:Add attachment|h=File]@36.1 ; Enter*>menuitem:File[menu×1|f=button:Add attachment|h=File]@36.2
chromium-dark-desktop › orbit-menu menu-enter-end-enter burst sample 12,orbit-menu,menu,menu-enter-end-enter,menu-enter-enter,burst,12,Enter End Enter,Action=file | none | @button:Add attachment,1,1,Enter>button:Add attachment[none|f=button:Add attachment|h=None]@25.8 ; End>button:Add attachment[menu×1|f=button:Add attachment|h=File]@52.1 ; Enter>button:Add attachment[menu×1|f=button:Add attachment|h=File]@52.3 ; Enter*>menuitem:File[menu×1|f=button:Add attachment|h=File]@52.5
chromium-dark-desktop › orbit-menu menu-enter-end-enter burst sample 13,orbit-menu,menu,menu-enter-end-enter,menu-enter-enter,burst,13,Enter End Enter,Action=file | none | @button:Add attachment,1,1,Enter>button:Add attachment[none|f=button:Add attachment|h=None]@23.6 ; End>button:Add attachment[menu×1|f=button:Add attachment|h=File]@43 ; Enter>button:Add attachment[menu×1|f=button:Add attachment|h=File]@43.3 ; Enter*>menuitem:File[menu×1|f=button:Add attachment|h=File]@43.3
chromium-dark-desktop › orbit-menu menu-enter-end-enter burst sample 14,orbit-menu,menu,menu-enter-end-enter,menu-enter-enter,burst,14,Enter End Enter,Action=file | none | @button:Add attachment,1,1,Enter>button:Add attachment[none|f=button:Add attachment|h=None]@21.9 ; End>button:Add attachment[menu×1|f=button:Add attachment|h=File]@40.1 ; Enter>button:Add attachment[menu×1|f=button:Add attachment|h=File]@40.3 ; Enter*>menuitem:File[menu×1|f=button:Add attachment|h=File]@40.3
chromium-dark-desktop › orbit-menu menu-enter-end-enter burst sample 15,orbit-menu,menu,menu-enter-end-enter,menu-enter-enter,burst,15,Enter End Enter,Action=file | none | @button:Add attachment,1,1,Enter>button:Add attachment[none|f=button:Add attachment|h=None]@17.2 ; End>button:Add attachment[menu×1|f=button:Add attachment|h=File]@35 ; Enter>button:Add attachment[menu×1|f=button:Add attachment|h=File]@35.2 ; Enter*>menuitem:File[menu×1|f=button:Add attachment|h=File]@35.2
chromium-dark-desktop › orbit-menu menu-enter-end-enter burst sample 16,orbit-menu,menu,menu-enter-end-enter,menu-enter-enter,burst,16,Enter End Enter,Action=file | none | @button:Add attachment,1,1,Enter>button:Add attachment[none|f=button:Add attachment|h=None]@20.9 ; End>button:Add attachment[menu×1|f=button:Add attachment|h=File]@39.5 ; Enter>button:Add attachment[menu×1|f=button:Add attachment|h=File]@39.7 ; Enter*>menuitem:File[menu×1|f=button:Add attachment|h=File]@39.8
chromium-dark-desktop › orbit-menu menu-enter-end-enter burst sample 17,orbit-menu,menu,menu-enter-end-enter,menu-enter-enter,burst,17,Enter End Enter,Action=file | none | @button:Add attachment,1,1,Enter>button:Add attachment[none|f=button:Add attachment|h=None]@29.9 ; End>button:Add attachment[menu×1|f=button:Add attachment|h=File]@48 ; Enter>button:Add attachment[menu×1|f=button:Add attachment|h=File]@48.1 ; Enter*>menuitem:File[menu×1|f=button:Add attachment|h=File]@48.2
chromium-dark-desktop › orbit-menu menu-enter-end-enter burst sample 18,orbit-menu,menu,menu-enter-end-enter,menu-enter-enter,burst,18,Enter End Enter,Action=file | none | @button:Add attachment,1,1,Enter>button:Add attachment[none|f=button:Add attachment|h=None]@29.6 ; End>button:Add attachment[menu×1|f=button:Add attachment|h=File]@48.4 ; Enter>button:Add attachment[menu×1|f=button:Add attachment|h=File]@48.7 ; Enter*>menuitem:File[menu×1|f=button:Add attachment|h=File]@48.8
chromium-dark-desktop › orbit-menu menu-enter-end-enter burst sample 19,orbit-menu,menu,menu-enter-end-enter,menu-enter-enter,burst,19,Enter End Enter,Action=file | none | @button:Add attachment,1,1,Enter>button:Add attachment[none|f=button:Add attachment|h=None]@32 ; End>button:Add attachment[menu×1|f=button:Add attachment|h=File]@54.3 ; Enter>button:Add attachment[menu×1|f=button:Add attachment|h=File]@54.5 ; Enter*>menuitem:File[menu×1|f=button:Add attachment|h=File]@54.5
chromium-dark-desktop › orbit-menu menu-enter-end-enter paced sample 0,orbit-menu,menu,menu-enter-end-enter,menu-enter-enter,paced,0,Enter End Enter,Action=command | none | @button:Add attachment,0,0,Enter>button:Add attachment[none|f=button:Add attachment|h=None]@27.6 ; End>menuitem:File[menu×1|f=menuitem:File|h=File]@352.9 ; Enter>menuitem:/Command[menu×1|f=menuitem:/Command|h=/Command]@659.6
chromium-dark-desktop › orbit-menu menu-enter-end-enter paced sample 1,orbit-menu,menu,menu-enter-end-enter,menu-enter-enter,paced,1,Enter End Enter,Action=command | none | @button:Add attachment,0,0,Enter>button:Add attachment[none|f=button:Add attachment|h=None]@26.1 ; End>menuitem:File[menu×1|f=menuitem:File|h=File]@353.8 ; Enter>menuitem:/Command[menu×1|f=menuitem:/Command|h=/Command]@660.7
chromium-dark-desktop › orbit-menu menu-enter-end-enter paced sample 2,orbit-menu,menu,menu-enter-end-enter,menu-enter-enter,paced,2,Enter End Enter,Action=command | none | @button:Add attachment,0,0,Enter>button:Add attachment[none|f=button:Add attachment|h=None]@18.2 ; End>menuitem:File[menu×1|f=menuitem:File|h=File]@350.5 ; Enter>menuitem:/Command[menu×1|f=menuitem:/Command|h=/Command]@662.1
chromium-dark-desktop › orbit-menu menu-enter-end-enter paced sample 3,orbit-menu,menu,menu-enter-end-enter,menu-enter-enter,paced,3,Enter End Enter,Action=command | none | @button:Add attachment,0,0,Enter>button:Add attachment[none|f=button:Add attachment|h=None]@26.9 ; End>menuitem:File[menu×1|f=menuitem:File|h=File]@353.5 ; Enter>menuitem:/Command[menu×1|f=menuitem:/Command|h=/Command]@661
chromium-dark-desktop › orbit-menu menu-enter-end-enter paced sample 4,orbit-menu,menu,menu-enter-end-enter,menu-enter-enter,paced,4,Enter End Enter,Action=command | none | @button:Add attachment,0,0,Enter>button:Add attachment[none|f=button:Add attachment|h=None]@28.8 ; End>menuitem:File[menu×1|f=menuitem:File|h=File]@354.7 ; Enter>menuitem:/Command[menu×1|f=menuitem:/Command|h=/Command]@661.2
chromium-dark-desktop › orbit-menu menu-enter-end-enter paced sample 5,orbit-menu,menu,menu-enter-end-enter,menu-enter-enter,paced,5,Enter End Enter,Action=command | none | @button:Add attachment,0,0,Enter>button:Add attachment[none|f=button:Add attachment|h=None]@24.9 ; End>menuitem:File[menu×1|f=menuitem:File|h=File]@355.3 ; Enter>menuitem:/Command[menu×1|f=menuitem:/Command|h=/Command]@662.5
chromium-dark-desktop › orbit-menu menu-enter-end-enter paced sample 6,orbit-menu,menu,menu-enter-end-enter,menu-enter-enter,paced,6,Enter End Enter,Action=command | none | @button:Add attachment,0,0,Enter>button:Add attachment[none|f=button:Add attachment|h=None]@25.7 ; End>menuitem:File[menu×1|f=menuitem:File|h=File]@352.3 ; Enter>menuitem:/Command[menu×1|f=menuitem:/Command|h=/Command]@660.2
chromium-dark-desktop › orbit-menu menu-enter-end-enter paced sample 7,orbit-menu,menu,menu-enter-end-enter,menu-enter-enter,paced,7,Enter End Enter,Action=command | none | @button:Add attachment,0,0,Enter>button:Add attachment[none|f=button:Add attachment|h=None]@20.9 ; End>menuitem:File[menu×1|f=menuitem:File|h=File]@361.2 ; Enter>menuitem:/Command[menu×1|f=menuitem:/Command|h=/Command]@668.8
chromium-dark-desktop › orbit-menu menu-enter-end-enter paced sample 8,orbit-menu,menu,menu-enter-end-enter,menu-enter-enter,paced,8,Enter End Enter,Action=command | none | @button:Add attachment,0,0,Enter>button:Add attachment[none|f=button:Add attachment|h=None]@30.8 ; End>menuitem:File[menu×1|f=menuitem:File|h=File]@357.7 ; Enter>menuitem:/Command[menu×1|f=menuitem:/Command|h=/Command]@665.3
chromium-dark-desktop › orbit-menu menu-enter-end-enter paced sample 9,orbit-menu,menu,menu-enter-end-enter,menu-enter-enter,paced,9,Enter End Enter,Action=command | none | @button:Add attachment,0,0,Enter>button:Add attachment[none|f=button:Add attachment|h=None]@26.3 ; End>menuitem:File[menu×1|f=menuitem:File|h=File]@353.3 ; Enter>menuitem:/Command[menu×1|f=menuitem:/Command|h=/Command]@661
chromium-dark-desktop › orbit-menu menu-enter-end-enter paced sample 10,orbit-menu,menu,menu-enter-end-enter,menu-enter-enter,paced,10,Enter End Enter,Action=command | none | @button:Add attachment,0,0,Enter>button:Add attachment[none|f=button:Add attachment|h=None]@20.7 ; End>menuitem:File[menu×1|f=menuitem:File|h=File]@351.9 ; Enter>menuitem:/Command[menu×1|f=menuitem:/Command|h=/Command]@660
chromium-dark-desktop › orbit-menu menu-enter-end-enter paced sample 11,orbit-menu,menu,menu-enter-end-enter,menu-enter-enter,paced,11,Enter End Enter,Action=command | none | @button:Add attachment,0,0,Enter>button:Add attachment[none|f=button:Add attachment|h=None]@22.1 ; End>menuitem:File[menu×1|f=menuitem:File|h=File]@347.6 ; Enter>menuitem:/Command[menu×1|f=menuitem:/Command|h=/Command]@653.7
chromium-dark-desktop › orbit-menu menu-enter-end-enter paced sample 12,orbit-menu,menu,menu-enter-end-enter,menu-enter-enter,paced,12,Enter End Enter,Action=command | none | @button:Add attachment,0,0,Enter>button:Add attachment[none|f=button:Add attachment|h=None]@21.5 ; End>menuitem:File[menu×1|f=menuitem:File|h=File]@349.8 ; Enter>menuitem:/Command[menu×1|f=menuitem:/Command|h=/Command]@657.5
chromium-dark-desktop › orbit-menu menu-enter-end-enter paced sample 13,orbit-menu,menu,menu-enter-end-enter,menu-enter-enter,paced,13,Enter End Enter,Action=command | none | @button:Add attachment,0,0,Enter>button:Add attachment[none|f=button:Add attachment|h=None]@21.6 ; End>menuitem:File[menu×1|f=menuitem:File|h=File]@351.1 ; Enter>menuitem:/Command[menu×1|f=menuitem:/Command|h=/Command]@659.6
chromium-dark-desktop › orbit-menu menu-enter-end-enter paced sample 14,orbit-menu,menu,menu-enter-end-enter,menu-enter-enter,paced,14,Enter End Enter,Action=command | none | @button:Add attachment,0,0,Enter>button:Add attachment[none|f=button:Add attachment|h=None]@19.9 ; End>menuitem:File[menu×1|f=menuitem:File|h=File]@345.2 ; Enter>menuitem:/Command[menu×1|f=menuitem:/Command|h=/Command]@655.5
chromium-dark-desktop › orbit-menu menu-enter-end-enter paced sample 15,orbit-menu,menu,menu-enter-end-enter,menu-enter-enter,paced,15,Enter End Enter,Action=command | none | @button:Add attachment,0,0,Enter>button:Add attachment[none|f=button:Add attachment|h=None]@22.3 ; End>menuitem:File[menu×1|f=menuitem:File|h=File]@347.1 ; Enter>menuitem:/Command[menu×1|f=menuitem:/Command|h=/Command]@653.5
chromium-dark-desktop › orbit-menu menu-enter-end-enter paced sample 16,orbit-menu,menu,menu-enter-end-enter,menu-enter-enter,paced,16,Enter End Enter,Action=command | none | @button:Add attachment,0,0,Enter>button:Add attachment[none|f=button:Add attachment|h=None]@17.1 ; End>menuitem:File[menu×1|f=menuitem:File|h=File]@342.6 ; Enter>menuitem:/Command[menu×1|f=menuitem:/Command|h=/Command]@648.3
chromium-dark-desktop › orbit-menu menu-enter-end-enter paced sample 17,orbit-menu,menu,menu-enter-end-enter,menu-enter-enter,paced,17,Enter End Enter,Action=command | none | @button:Add attachment,0,0,Enter>button:Add attachment[none|f=button:Add attachment|h=None]@25.3 ; End>menuitem:File[menu×1|f=menuitem:File|h=File]@350.5 ; Enter>menuitem:/Command[menu×1|f=menuitem:/Command|h=/Command]@657.3
chromium-dark-desktop › orbit-menu menu-enter-end-enter paced sample 18,orbit-menu,menu,menu-enter-end-enter,menu-enter-enter,paced,18,Enter End Enter,Action=command | none | @button:Add attachment,0,0,Enter>button:Add attachment[none|f=button:Add attachment|h=None]@31.6 ; End>menuitem:File[menu×1|f=menuitem:File|h=File]@358.8 ; Enter>menuitem:/Command[menu×1|f=menuitem:/Command|h=/Command]@667.1
chromium-dark-desktop › orbit-menu menu-enter-end-enter paced sample 19,orbit-menu,menu,menu-enter-end-enter,menu-enter-enter,paced,19,Enter End Enter,Action=command | none | @button:Add attachment,0,0,Enter>button:Add attachment[none|f=button:Add attachment|h=None]@28.9 ; End>menuitem:File[menu×1|f=menuitem:File|h=File]@355.1 ; Enter>menuitem:/Command[menu×1|f=menuitem:/Command|h=/Command]@661.7
chromium-dark-desktop › orbit-menu-sample menu-enter-end-enter burst sample 0,orbit-menu-sample,menu,menu-enter-end-enter,menu-enter-enter,burst,0,Enter End Enter,ran File | none | @button:Add attachment,1,1,Enter>button:Add attachment[none|f=button:Add attachment|h=None]@21.3 ; End>button:Add attachment[menu×1|f=button:Add attachment|h=File]@46.1 ; Enter>button:Add attachment[menu×1|f=button:Add attachment|h=File]@46.3 ; Enter*>menuitem:File[menu×1|f=button:Add attachment|h=File]@46.4
chromium-dark-desktop › orbit-menu-sample menu-enter-end-enter burst sample 1,orbit-menu-sample,menu,menu-enter-end-enter,menu-enter-enter,burst,1,Enter End Enter,ran File | none | @button:Add attachment,1,1,Enter>button:Add attachment[none|f=button:Add attachment|h=None]@27.9 ; End>button:Add attachment[menu×1|f=button:Add attachment|h=File]@50.1 ; Enter>button:Add attachment[menu×1|f=button:Add attachment|h=File]@50.4 ; Enter*>menuitem:File[menu×1|f=button:Add attachment|h=File]@50.5
chromium-dark-desktop › orbit-menu-sample menu-enter-end-enter burst sample 2,orbit-menu-sample,menu,menu-enter-end-enter,menu-enter-enter,burst,2,Enter End Enter,ran File | none | @button:Add attachment,1,1,Enter>button:Add attachment[none|f=button:Add attachment|h=None]@21 ; End>button:Add attachment[menu×1|f=button:Add attachment|h=File]@51.7 ; Enter>button:Add attachment[menu×1|f=button:Add attachment|h=File]@51.9 ; Enter*>menuitem:File[menu×1|f=button:Add attachment|h=File]@52
chromium-dark-desktop › orbit-menu-sample menu-enter-end-enter burst sample 3,orbit-menu-sample,menu,menu-enter-end-enter,menu-enter-enter,burst,3,Enter End Enter,ran File | none | @button:Add attachment,1,1,Enter>button:Add attachment[none|f=button:Add attachment|h=None]@33.5 ; End>button:Add attachment[menu×1|f=button:Add attachment|h=File]@56.1 ; Enter>button:Add attachment[menu×1|f=button:Add attachment|h=File]@56.2 ; Enter*>menuitem:File[menu×1|f=button:Add attachment|h=File]@56.3
chromium-dark-desktop › orbit-menu-sample menu-enter-end-enter burst sample 4,orbit-menu-sample,menu,menu-enter-end-enter,menu-enter-enter,burst,4,Enter End Enter,ran File | none | @button:Add attachment,1,1,Enter>button:Add attachment[none|f=button:Add attachment|h=None]@34.5 ; End>button:Add attachment[menu×1|f=button:Add attachment|h=File]@56.8 ; Enter>button:Add attachment[menu×1|f=button:Add attachment|h=File]@57 ; Enter*>menuitem:File[menu×1|f=button:Add attachment|h=File]@57.1
chromium-dark-desktop › orbit-menu-sample menu-enter-end-enter burst sample 5,orbit-menu-sample,menu,menu-enter-end-enter,menu-enter-enter,burst,5,Enter End Enter,ran File | none | @button:Add attachment,1,1,Enter>button:Add attachment[none|f=button:Add attachment|h=None]@30.1 ; End>button:Add attachment[menu×1|f=button:Add attachment|h=File]@52.5 ; Enter>button:Add attachment[menu×1|f=button:Add attachment|h=File]@52.8 ; Enter*>menuitem:File[menu×1|f=button:Add attachment|h=File]@52.8
chromium-dark-desktop › orbit-menu-sample menu-enter-end-enter burst sample 6,orbit-menu-sample,menu,menu-enter-end-enter,menu-enter-enter,burst,6,Enter End Enter,ran File | none | @button:Add attachment,1,1,Enter>button:Add attachment[none|f=button:Add attachment|h=None]@25.1 ; End>button:Add attachment[menu×1|f=button:Add attachment|h=File]@47.5 ; Enter>button:Add attachment[menu×1|f=button:Add attachment|h=File]@47.8 ; Enter*>menuitem:File[menu×1|f=button:Add attachment|h=File]@47.8
chromium-dark-desktop › orbit-menu-sample menu-enter-end-enter burst sample 7,orbit-menu-sample,menu,menu-enter-end-enter,menu-enter-enter,burst,7,Enter End Enter,ran File | none | @button:Add attachment,1,1,Enter>button:Add attachment[none|f=button:Add attachment|h=None]@20.2 ; End>button:Add attachment[menu×1|f=button:Add attachment|h=File]@42.1 ; Enter>button:Add attachment[menu×1|f=button:Add attachment|h=File]@42.3 ; Enter*>menuitem:File[menu×1|f=button:Add attachment|h=File]@42.3
chromium-dark-desktop › orbit-menu-sample menu-enter-end-enter burst sample 8,orbit-menu-sample,menu,menu-enter-end-enter,menu-enter-enter,burst,8,Enter End Enter,ran File | none | @button:Add attachment,1,1,Enter>button:Add attachment[none|f=button:Add attachment|h=None]@35.3 ; End>button:Add attachment[menu×1|f=button:Add attachment|h=File]@57.1 ; Enter>button:Add attachment[menu×1|f=button:Add attachment|h=File]@57.3 ; Enter*>menuitem:File[menu×1|f=button:Add attachment|h=File]@57.4
chromium-dark-desktop › orbit-menu-sample menu-enter-end-enter burst sample 9,orbit-menu-sample,menu,menu-enter-end-enter,menu-enter-enter,burst,9,Enter End Enter,ran File | none | @button:Add attachment,1,1,Enter>button:Add attachment[none|f=button:Add attachment|h=None]@20.5 ; End>button:Add attachment[menu×1|f=button:Add attachment|h=File]@43 ; Enter>button:Add attachment[menu×1|f=button:Add attachment|h=File]@43.2 ; Enter*>menuitem:File[menu×1|f=button:Add attachment|h=File]@43.3
chromium-dark-desktop › orbit-menu-sample menu-enter-end-enter burst sample 10,orbit-menu-sample,menu,menu-enter-end-enter,menu-enter-enter,burst,10,Enter End Enter,ran File | none | @button:Add attachment,1,1,Enter>button:Add attachment[none|f=button:Add attachment|h=None]@33.7 ; End>button:Add attachment[menu×1|f=button:Add attachment|h=File]@56 ; Enter>button:Add attachment[menu×1|f=button:Add attachment|h=File]@56.2 ; Enter*>menuitem:File[menu×1|f=button:Add attachment|h=File]@56.4
chromium-dark-desktop › orbit-menu-sample menu-enter-end-enter burst sample 11,orbit-menu-sample,menu,menu-enter-end-enter,menu-enter-enter,burst,11,Enter End Enter,ran File | none | @button:Add attachment,1,1,Enter>button:Add attachment[none|f=button:Add attachment|h=None]@24.5 ; End>button:Add attachment[menu×1|f=button:Add attachment|h=File]@58.6 ; Enter>button:Add attachment[menu×1|f=button:Add attachment|h=File]@59 ; Enter*>menuitem:File[menu×1|f=button:Add attachment|h=File]@59.1
chromium-dark-desktop › orbit-menu-sample menu-enter-end-enter burst sample 12,orbit-menu-sample,menu,menu-enter-end-enter,menu-enter-enter,burst,12,Enter End Enter,ran File | none | @button:Add attachment,1,1,Enter>button:Add attachment[none|f=button:Add attachment|h=None]@27.8 ; End>button:Add attachment[menu×1|f=button:Add attachment|h=File]@59.4 ; Enter>button:Add attachment[menu×1|f=button:Add attachment|h=File]@59.7 ; Enter*>menuitem:File[menu×1|f=button:Add attachment|h=File]@59.8
chromium-dark-desktop › orbit-menu-sample menu-enter-end-enter burst sample 13,orbit-menu-sample,menu,menu-enter-end-enter,menu-enter-enter,burst,13,Enter End Enter,ran File | none | @button:Add attachment,1,1,Enter>button:Add attachment[none|f=button:Add attachment|h=None]@35.5 ; End>button:Add attachment[menu×1|f=button:Add attachment|h=File]@57.8 ; Enter>button:Add attachment[menu×1|f=button:Add attachment|h=File]@58.1 ; Enter*>menuitem:File[menu×1|f=button:Add attachment|h=File]@58.2
chromium-dark-desktop › orbit-menu-sample menu-enter-end-enter burst sample 14,orbit-menu-sample,menu,menu-enter-end-enter,menu-enter-enter,burst,14,Enter End Enter,ran File | none | @button:Add attachment,1,1,Enter>button:Add attachment[none|f=button:Add attachment|h=None]@24.4 ; End>button:Add attachment[menu×1|f=button:Add attachment|h=File]@46.3 ; Enter>button:Add attachment[menu×1|f=button:Add attachment|h=File]@46.4 ; Enter*>menuitem:File[menu×1|f=button:Add attachment|h=File]@46.5
chromium-dark-desktop › orbit-menu-sample menu-enter-end-enter burst sample 15,orbit-menu-sample,menu,menu-enter-end-enter,menu-enter-enter,burst,15,Enter End Enter,ran File | none | @button:Add attachment,1,1,Enter>button:Add attachment[none|f=button:Add attachment|h=None]@30.2 ; End>button:Add attachment[menu×1|f=button:Add attachment|h=File]@59.9 ; Enter>button:Add attachment[menu×1|f=button:Add attachment|h=File]@60.1 ; Enter*>menuitem:File[menu×1|f=button:Add attachment|h=File]@60.3
chromium-dark-desktop › orbit-menu-sample menu-enter-end-enter burst sample 16,orbit-menu-sample,menu,menu-enter-end-enter,menu-enter-enter,burst,16,Enter End Enter,ran File | none | @button:Add attachment,1,1,Enter>button:Add attachment[none|f=button:Add attachment|h=None]@31.1 ; End>button:Add attachment[menu×1|f=button:Add attachment|h=File]@54.9 ; Enter>button:Add attachment[menu×1|f=button:Add attachment|h=File]@55 ; Enter*>menuitem:File[menu×1|f=button:Add attachment|h=File]@55.1
chromium-dark-desktop › orbit-menu-sample menu-enter-end-enter burst sample 17,orbit-menu-sample,menu,menu-enter-end-enter,menu-enter-enter,burst,17,Enter End Enter,ran File | none | @button:Add attachment,1,1,Enter>button:Add attachment[none|f=button:Add attachment|h=None]@27.8 ; End>button:Add attachment[menu×1|f=button:Add attachment|h=File]@57.3 ; Enter>button:Add attachment[menu×1|f=button:Add attachment|h=File]@57.6 ; Enter*>menuitem:File[menu×1|f=button:Add attachment|h=File]@57.7
chromium-dark-desktop › orbit-menu-sample menu-enter-end-enter burst sample 18,orbit-menu-sample,menu,menu-enter-end-enter,menu-enter-enter,burst,18,Enter End Enter,ran File | none | @button:Add attachment,1,1,Enter>button:Add attachment[none|f=button:Add attachment|h=None]@28 ; End>button:Add attachment[menu×1|f=button:Add attachment|h=File]@56.7 ; Enter>button:Add attachment[menu×1|f=button:Add attachment|h=File]@56.9 ; Enter*>menuitem:File[menu×1|f=button:Add attachment|h=File]@57
chromium-dark-desktop › orbit-menu-sample menu-enter-end-enter burst sample 19,orbit-menu-sample,menu,menu-enter-end-enter,menu-enter-enter,burst,19,Enter End Enter,ran File | none | @button:Add attachment,1,1,Enter>button:Add attachment[none|f=button:Add attachment|h=None]@30 ; End>button:Add attachment[menu×1|f=button:Add attachment|h=File]@53 ; Enter>button:Add attachment[menu×1|f=button:Add attachment|h=File]@53.1 ; Enter*>menuitem:File[menu×1|f=button:Add attachment|h=File]@53.3
chromium-dark-desktop › orbit-menu-sample menu-enter-end-enter paced sample 0,orbit-menu-sample,menu,menu-enter-end-enter,menu-enter-enter,paced,0,Enter End Enter,ran /Command | none | @button:Add attachment,0,0,Enter>button:Add attachment[none|f=button:Add attachment|h=None]@36.3 ; End>menuitem:File[menu×1|f=menuitem:File|h=File]@366.5 ; Enter>menuitem:/Command[menu×1|f=menuitem:/Command|h=/Command]@672.3
chromium-dark-desktop › orbit-menu-sample menu-enter-end-enter paced sample 1,orbit-menu-sample,menu,menu-enter-end-enter,menu-enter-enter,paced,1,Enter End Enter,ran /Command | none | @button:Add attachment,0,0,Enter>button:Add attachment[none|f=button:Add attachment|h=None]@31.1 ; End>menuitem:File[menu×1|f=menuitem:File|h=File]@359.4 ; Enter>menuitem:/Command[menu×1|f=menuitem:/Command|h=/Command]@665.3
chromium-dark-desktop › orbit-menu-sample menu-enter-end-enter paced sample 2,orbit-menu-sample,menu,menu-enter-end-enter,menu-enter-enter,paced,2,Enter End Enter,ran /Command | none | @button:Add attachment,0,0,Enter>button:Add attachment[none|f=button:Add attachment|h=None]@32.5 ; End>menuitem:File[menu×1|f=menuitem:File|h=File]@375.1 ; Enter>menuitem:/Command[menu×1|f=menuitem:/Command|h=/Command]@681.8
chromium-dark-desktop › orbit-menu-sample menu-enter-end-enter paced sample 3,orbit-menu-sample,menu,menu-enter-end-enter,menu-enter-enter,paced,3,Enter End Enter,ran /Command | none | @button:Add attachment,0,0,Enter>button:Add attachment[none|f=button:Add attachment|h=None]@28.7 ; End>menuitem:File[menu×1|f=menuitem:File|h=File]@369.5 ; Enter>menuitem:/Command[menu×1|f=menuitem:/Command|h=/Command]@674.6
chromium-dark-desktop › orbit-menu-sample menu-enter-end-enter paced sample 4,orbit-menu-sample,menu,menu-enter-end-enter,menu-enter-enter,paced,4,Enter End Enter,ran /Command | none | @button:Add attachment,0,0,Enter>button:Add attachment[none|f=button:Add attachment|h=None]@25.2 ; End>menuitem:File[menu×1|f=menuitem:File|h=File]@355.2 ; Enter>menuitem:/Command[menu×1|f=menuitem:/Command|h=/Command]@661.6
chromium-dark-desktop › orbit-menu-sample menu-enter-end-enter paced sample 5,orbit-menu-sample,menu,menu-enter-end-enter,menu-enter-enter,paced,5,Enter End Enter,ran /Command | none | @button:Add attachment,0,0,Enter>button:Add attachment[none|f=button:Add attachment|h=None]@28 ; End>menuitem:File[menu×1|f=menuitem:File|h=File]@355.7 ; Enter>menuitem:/Command[menu×1|f=menuitem:/Command|h=/Command]@661.7
chromium-dark-desktop › orbit-menu-sample menu-enter-end-enter paced sample 6,orbit-menu-sample,menu,menu-enter-end-enter,menu-enter-enter,paced,6,Enter End Enter,ran /Command | none | @button:Add attachment,0,0,Enter>button:Add attachment[none|f=button:Add attachment|h=None]@31.9 ; End>menuitem:File[menu×1|f=menuitem:File|h=File]@381.8 ; Enter>menuitem:/Command[menu×1|f=menuitem:/Command|h=/Command]@687.5
chromium-dark-desktop › orbit-menu-sample menu-enter-end-enter paced sample 7,orbit-menu-sample,menu,menu-enter-end-enter,menu-enter-enter,paced,7,Enter End Enter,ran /Command | none | @button:Add attachment,0,0,Enter>button:Add attachment[none|f=button:Add attachment|h=None]@24.3 ; End>menuitem:File[menu×1|f=menuitem:File|h=File]@359.2 ; Enter>menuitem:/Command[menu×1|f=menuitem:/Command|h=/Command]@665.5
chromium-dark-desktop › orbit-menu-sample menu-enter-end-enter paced sample 8,orbit-menu-sample,menu,menu-enter-end-enter,menu-enter-enter,paced,8,Enter End Enter,ran /Command | none | @button:Add attachment,0,0,Enter>button:Add attachment[none|f=button:Add attachment|h=None]@27.5 ; End>menuitem:File[menu×1|f=menuitem:File|h=File]@356 ; Enter>menuitem:/Command[menu×1|f=menuitem:/Command|h=/Command]@662.4
chromium-dark-desktop › orbit-menu-sample menu-enter-end-enter paced sample 9,orbit-menu-sample,menu,menu-enter-end-enter,menu-enter-enter,paced,9,Enter End Enter,ran /Command | none | @button:Add attachment,0,0,Enter>button:Add attachment[none|f=button:Add attachment|h=None]@28.7 ; End>menuitem:File[menu×1|f=menuitem:File|h=File]@354.4 ; Enter>menuitem:/Command[menu×1|f=menuitem:/Command|h=/Command]@659.7
chromium-dark-desktop › orbit-menu-sample menu-enter-end-enter paced sample 10,orbit-menu-sample,menu,menu-enter-end-enter,menu-enter-enter,paced,10,Enter End Enter,ran /Command | none | @button:Add attachment,0,0,Enter>button:Add attachment[none|f=button:Add attachment|h=None]@16.9 ; End>menuitem:File[menu×1|f=menuitem:File|h=File]@345.6 ; Enter>menuitem:/Command[menu×1|f=menuitem:/Command|h=/Command]@651.2
chromium-dark-desktop › orbit-menu-sample menu-enter-end-enter paced sample 11,orbit-menu-sample,menu,menu-enter-end-enter,menu-enter-enter,paced,11,Enter End Enter,ran /Command | none | @button:Add attachment,0,0,Enter>button:Add attachment[none|f=button:Add attachment|h=None]@24.9 ; End>menuitem:File[menu×1|f=menuitem:File|h=File]@358.3 ; Enter>menuitem:/Command[menu×1|f=menuitem:/Command|h=/Command]@665.1
chromium-dark-desktop › orbit-menu-sample menu-enter-end-enter paced sample 12,orbit-menu-sample,menu,menu-enter-end-enter,menu-enter-enter,paced,12,Enter End Enter,ran /Command | none | @button:Add attachment,0,0,Enter>button:Add attachment[none|f=button:Add attachment|h=None]@30.7 ; End>menuitem:File[menu×1|f=menuitem:File|h=File]@369.2 ; Enter>menuitem:/Command[menu×1|f=menuitem:/Command|h=/Command]@676.2
chromium-dark-desktop › orbit-menu-sample menu-enter-end-enter paced sample 13,orbit-menu-sample,menu,menu-enter-end-enter,menu-enter-enter,paced,13,Enter End Enter,ran /Command | none | @button:Add attachment,0,0,Enter>button:Add attachment[none|f=button:Add attachment|h=None]@22.7 ; End>menuitem:File[menu×1|f=menuitem:File|h=File]@350.6 ; Enter>menuitem:/Command[menu×1|f=menuitem:/Command|h=/Command]@657.1
chromium-dark-desktop › orbit-menu-sample menu-enter-end-enter paced sample 14,orbit-menu-sample,menu,menu-enter-end-enter,menu-enter-enter,paced,14,Enter End Enter,ran /Command | none | @button:Add attachment,0,0,Enter>button:Add attachment[none|f=button:Add attachment|h=None]@25.8 ; End>menuitem:File[menu×1|f=menuitem:File|h=File]@354.2 ; Enter>menuitem:/Command[menu×1|f=menuitem:/Command|h=/Command]@660.9
chromium-dark-desktop › orbit-menu-sample menu-enter-end-enter paced sample 15,orbit-menu-sample,menu,menu-enter-end-enter,menu-enter-enter,paced,15,Enter End Enter,ran /Command | none | @button:Add attachment,0,0,Enter>button:Add attachment[none|f=button:Add attachment|h=None]@33.2 ; End>menuitem:File[menu×1|f=menuitem:File|h=File]@365 ; Enter>menuitem:/Command[menu×1|f=menuitem:/Command|h=/Command]@672.2
chromium-dark-desktop › orbit-menu-sample menu-enter-end-enter paced sample 16,orbit-menu-sample,menu,menu-enter-end-enter,menu-enter-enter,paced,16,Enter End Enter,ran /Command | none | @button:Add attachment,0,0,Enter>button:Add attachment[none|f=button:Add attachment|h=None]@20.8 ; End>menuitem:File[menu×1|f=menuitem:File|h=File]@367.6 ; Enter>menuitem:/Command[menu×1|f=menuitem:/Command|h=/Command]@674.1
chromium-dark-desktop › orbit-menu-sample menu-enter-end-enter paced sample 17,orbit-menu-sample,menu,menu-enter-end-enter,menu-enter-enter,paced,17,Enter End Enter,ran /Command | none | @button:Add attachment,0,0,Enter>button:Add attachment[none|f=button:Add attachment|h=None]@24.5 ; End>menuitem:File[menu×1|f=menuitem:File|h=File]@357.7 ; Enter>menuitem:/Command[menu×1|f=menuitem:/Command|h=/Command]@664.9
chromium-dark-desktop › orbit-menu-sample menu-enter-end-enter paced sample 18,orbit-menu-sample,menu,menu-enter-end-enter,menu-enter-enter,paced,18,Enter End Enter,ran /Command | none | @button:Add attachment,0,0,Enter>button:Add attachment[none|f=button:Add attachment|h=None]@31.7 ; End>menuitem:File[menu×1|f=menuitem:File|h=File]@371.5 ; Enter>menuitem:/Command[menu×1|f=menuitem:/Command|h=/Command]@680.9
chromium-dark-desktop › orbit-menu-sample menu-enter-end-enter paced sample 19,orbit-menu-sample,menu,menu-enter-end-enter,menu-enter-enter,paced,19,Enter End Enter,ran /Command | none | @button:Add attachment,0,0,Enter>button:Add attachment[none|f=button:Add attachment|h=None]@20.6 ; End>menuitem:File[menu×1|f=menuitem:File|h=File]@349.9 ; Enter>menuitem:/Command[menu×1|f=menuitem:/Command|h=/Command]@656.5
chromium-dark-desktop › antd-menu menu-enter-end-enter burst sample 0,antd-menu,menu,menu-enter-end-enter,menu-enter-enter,burst,0,Enter End Enter,none | none | @button:Add attachment,1,0,Enter>button:Add attachment[none|f=button:Add attachment|h=None]@32.8 ; End>button:Add attachment[menu×1|f=button:Add attachment|h=None]@79.1 ; Enter>button:Add attachment[menu×1|f=button:Add attachment|h=None]@79.2
chromium-dark-desktop › antd-menu menu-enter-end-enter burst sample 1,antd-menu,menu,menu-enter-end-enter,menu-enter-enter,burst,1,Enter End Enter,none | none | @button:Add attachment,1,0,Enter>button:Add attachment[none|f=button:Add attachment|h=None]@20.3 ; End>button:Add attachment[menu×1|f=button:Add attachment|h=None]@69.9 ; Enter>button:Add attachment[menu×1|f=button:Add attachment|h=None]@70.2
chromium-dark-desktop › antd-menu menu-enter-end-enter burst sample 2,antd-menu,menu,menu-enter-end-enter,menu-enter-enter,burst,2,Enter End Enter,none | none | @button:Add attachment,1,0,Enter>button:Add attachment[none|f=button:Add attachment|h=None]@21.6 ; End>button:Add attachment[menu×1|f=button:Add attachment|h=None]@88.2 ; Enter>button:Add attachment[menu×1|f=button:Add attachment|h=None]@88.4
chromium-dark-desktop › antd-menu menu-enter-end-enter burst sample 3,antd-menu,menu,menu-enter-end-enter,menu-enter-enter,burst,3,Enter End Enter,none | none | @button:Add attachment,1,0,Enter>button:Add attachment[none|f=button:Add attachment|h=None]@23 ; End>button:Add attachment[menu×1|f=button:Add attachment|h=None]@102.8 ; Enter>button:Add attachment[menu×1|f=button:Add attachment|h=None]@103
chromium-dark-desktop › antd-menu menu-enter-end-enter burst sample 4,antd-menu,menu,menu-enter-end-enter,menu-enter-enter,burst,4,Enter End Enter,none | none | @button:Add attachment,1,0,Enter>button:Add attachment[none|f=button:Add attachment|h=None]@35.6 ; End>button:Add attachment[menu×1|f=button:Add attachment|h=None]@83 ; Enter>button:Add attachment[menu×1|f=button:Add attachment|h=None]@83.1
chromium-dark-desktop › antd-menu menu-enter-end-enter burst sample 5,antd-menu,menu,menu-enter-end-enter,menu-enter-enter,burst,5,Enter End Enter,none | none | @button:Add attachment,1,0,Enter>button:Add attachment[none|f=button:Add attachment|h=None]@28.4 ; End>button:Add attachment[menu×1|f=button:Add attachment|h=None]@92 ; Enter>button:Add attachment[menu×1|f=button:Add attachment|h=None]@92.2
chromium-dark-desktop › antd-menu menu-enter-end-enter burst sample 6,antd-menu,menu,menu-enter-end-enter,menu-enter-enter,burst,6,Enter End Enter,none | none | @button:Add attachment,1,0,Enter>button:Add attachment[none|f=button:Add attachment|h=None]@22 ; End>button:Add attachment[menu×1|f=button:Add attachment|h=None]@85.6 ; Enter>button:Add attachment[menu×1|f=button:Add attachment|h=None]@85.9
chromium-dark-desktop › antd-menu menu-enter-end-enter burst sample 7,antd-menu,menu,menu-enter-end-enter,menu-enter-enter,burst,7,Enter End Enter,none | none | @button:Add attachment,1,0,Enter>button:Add attachment[none|f=button:Add attachment|h=None]@26.1 ; End>button:Add attachment[menu×1|f=button:Add attachment|h=None]@73.4 ; Enter>button:Add attachment[menu×1|f=button:Add attachment|h=None]@73.6
chromium-dark-desktop › antd-menu menu-enter-end-enter burst sample 8,antd-menu,menu,menu-enter-end-enter,menu-enter-enter,burst,8,Enter End Enter,none | none | @button:Add attachment,1,0,Enter>button:Add attachment[none|f=button:Add attachment|h=None]@33.5 ; End>button:Add attachment[menu×1|f=button:Add attachment|h=None]@80.1 ; Enter>button:Add attachment[menu×1|f=button:Add attachment|h=None]@80.2
chromium-dark-desktop › antd-menu menu-enter-end-enter burst sample 9,antd-menu,menu,menu-enter-end-enter,menu-enter-enter,burst,9,Enter End Enter,none | none | @button:Add attachment,1,0,Enter>button:Add attachment[none|f=button:Add attachment|h=None]@17.7 ; End>button:Add attachment[menu×1|f=button:Add attachment|h=None]@65 ; Enter>button:Add attachment[menu×1|f=button:Add attachment|h=None]@65.2
chromium-dark-desktop › antd-menu menu-enter-end-enter burst sample 10,antd-menu,menu,menu-enter-end-enter,menu-enter-enter,burst,10,Enter End Enter,none | none | @button:Add attachment,1,0,Enter>button:Add attachment[none|f=button:Add attachment|h=None]@22.3 ; End>button:Add attachment[menu×1|f=button:Add attachment|h=None]@74.4 ; Enter>button:Add attachment[menu×1|f=button:Add attachment|h=None]@74.6
chromium-dark-desktop › antd-menu menu-enter-end-enter burst sample 11,antd-menu,menu,menu-enter-end-enter,menu-enter-enter,burst,11,Enter End Enter,none | none | @button:Add attachment,1,0,Enter>button:Add attachment[none|f=button:Add attachment|h=None]@32 ; End>button:Add attachment[menu×1|f=button:Add attachment|h=None]@97.6 ; Enter>button:Add attachment[menu×1|f=button:Add attachment|h=None]@97.8
chromium-dark-desktop › antd-menu menu-enter-end-enter burst sample 12,antd-menu,menu,menu-enter-end-enter,menu-enter-enter,burst,12,Enter End Enter,none | none | @button:Add attachment,1,0,Enter>button:Add attachment[none|f=button:Add attachment|h=None]@27.8 ; End>button:Add attachment[menu×1|f=button:Add attachment|h=None]@95 ; Enter>button:Add attachment[menu×1|f=button:Add attachment|h=None]@95.1
chromium-dark-desktop › antd-menu menu-enter-end-enter burst sample 13,antd-menu,menu,menu-enter-end-enter,menu-enter-enter,burst,13,Enter End Enter,none | none | @button:Add attachment,1,0,Enter>button:Add attachment[none|f=button:Add attachment|h=None]@17.2 ; End>button:Add attachment[menu×1|f=button:Add attachment|h=None]@66.5 ; Enter>button:Add attachment[menu×1|f=button:Add attachment|h=None]@66.6
chromium-dark-desktop › antd-menu menu-enter-end-enter burst sample 14,antd-menu,menu,menu-enter-end-enter,menu-enter-enter,burst,14,Enter End Enter,none | none | @button:Add attachment,1,0,Enter>button:Add attachment[none|f=button:Add attachment|h=None]@30.5 ; End>button:Add attachment[menu×1|f=button:Add attachment|h=None]@96.2 ; Enter>button:Add attachment[menu×1|f=button:Add attachment|h=None]@96.4
chromium-dark-desktop › antd-menu menu-enter-end-enter burst sample 15,antd-menu,menu,menu-enter-end-enter,menu-enter-enter,burst,15,Enter End Enter,none | none | @button:Add attachment,1,0,Enter>button:Add attachment[none|f=button:Add attachment|h=None]@27.3 ; End>button:Add attachment[menu×1|f=button:Add attachment|h=None]@92.7 ; Enter>button:Add attachment[menu×1|f=button:Add attachment|h=None]@93
chromium-dark-desktop › antd-menu menu-enter-end-enter burst sample 16,antd-menu,menu,menu-enter-end-enter,menu-enter-enter,burst,16,Enter End Enter,none | none | @button:Add attachment,1,0,Enter>button:Add attachment[none|f=button:Add attachment|h=None]@19.1 ; End>button:Add attachment[menu×1|f=button:Add attachment|h=None]@86.1 ; Enter>button:Add attachment[menu×1|f=button:Add attachment|h=None]@86.3
chromium-dark-desktop › antd-menu menu-enter-end-enter burst sample 17,antd-menu,menu,menu-enter-end-enter,menu-enter-enter,burst,17,Enter End Enter,none | none | @button:Add attachment,1,0,Enter>button:Add attachment[none|f=button:Add attachment|h=None]@31.9 ; End>button:Add attachment[menu×1|f=button:Add attachment|h=None]@92 ; Enter>button:Add attachment[menu×1|f=button:Add attachment|h=None]@92.2
chromium-dark-desktop › antd-menu menu-enter-end-enter burst sample 18,antd-menu,menu,menu-enter-end-enter,menu-enter-enter,burst,18,Enter End Enter,none | none | @button:Add attachment,1,0,Enter>button:Add attachment[none|f=button:Add attachment|h=None]@31 ; End>button:Add attachment[menu×1|f=button:Add attachment|h=None]@96.2 ; Enter>button:Add attachment[menu×1|f=button:Add attachment|h=None]@96.5
chromium-dark-desktop › antd-menu menu-enter-end-enter burst sample 19,antd-menu,menu,menu-enter-end-enter,menu-enter-enter,burst,19,Enter End Enter,none | none | @button:Add attachment,1,0,Enter>button:Add attachment[none|f=button:Add attachment|h=None]@19.4 ; End>button:Add attachment[menu×1|f=button:Add attachment|h=None]@84.2 ; Enter>button:Add attachment[menu×1|f=button:Add attachment|h=None]@84.4
chromium-dark-desktop › antd-menu menu-enter-end-enter paced sample 0,antd-menu,menu,menu-enter-end-enter,menu-enter-enter,paced,0,Enter End Enter,none | none | @button:Add attachment,1,0,Enter>button:Add attachment[none|f=button:Add attachment|h=None]@26.4 ; End>button:Add attachment[menu×1|f=button:Add attachment|h=None]@394.9 ; Enter>button:Add attachment[menu×1|f=button:Add attachment|h=None]@698.9
chromium-dark-desktop › antd-menu menu-enter-end-enter paced sample 1,antd-menu,menu,menu-enter-end-enter,menu-enter-enter,paced,1,Enter End Enter,none | none | @button:Add attachment,1,0,Enter>button:Add attachment[none|f=button:Add attachment|h=None]@30.6 ; End>button:Add attachment[menu×1|f=button:Add attachment|h=None]@388.6 ; Enter>button:Add attachment[menu×1|f=button:Add attachment|h=None]@691.7
chromium-dark-desktop › antd-menu menu-enter-end-enter paced sample 2,antd-menu,menu,menu-enter-end-enter,menu-enter-enter,paced,2,Enter End Enter,none | none | @button:Add attachment,1,0,Enter>button:Add attachment[none|f=button:Add attachment|h=None]@20 ; End>button:Add attachment[menu×1|f=button:Add attachment|h=None]@375.9 ; Enter>button:Add attachment[menu×1|f=button:Add attachment|h=None]@681
chromium-dark-desktop › antd-menu menu-enter-end-enter paced sample 3,antd-menu,menu,menu-enter-end-enter,menu-enter-enter,paced,3,Enter End Enter,none | none | @button:Add attachment,1,0,Enter>button:Add attachment[none|f=button:Add attachment|h=None]@18.7 ; End>button:Add attachment[menu×1|f=button:Add attachment|h=None]@393.7 ; Enter>button:Add attachment[menu×1|f=button:Add attachment|h=None]@697.5
chromium-dark-desktop › antd-menu menu-enter-end-enter paced sample 4,antd-menu,menu,menu-enter-end-enter,menu-enter-enter,paced,4,Enter End Enter,none | none | @button:Add attachment,1,0,Enter>button:Add attachment[none|f=button:Add attachment|h=None]@26.3 ; End>button:Add attachment[menu×1|f=button:Add attachment|h=None]@378.9 ; Enter>button:Add attachment[menu×1|f=button:Add attachment|h=None]@683.8
chromium-dark-desktop › antd-menu menu-enter-end-enter paced sample 5,antd-menu,menu,menu-enter-end-enter,menu-enter-enter,paced,5,Enter End Enter,none | none | @button:Add attachment,1,0,Enter>button:Add attachment[none|f=button:Add attachment|h=None]@22 ; End>button:Add attachment[menu×1|f=button:Add attachment|h=None]@385.3 ; Enter>button:Add attachment[menu×1|f=button:Add attachment|h=None]@689.6
chromium-dark-desktop › antd-menu menu-enter-end-enter paced sample 6,antd-menu,menu,menu-enter-end-enter,menu-enter-enter,paced,6,Enter End Enter,none | none | @button:Add attachment,1,0,Enter>button:Add attachment[none|f=button:Add attachment|h=None]@32.1 ; End>button:Add attachment[menu×1|f=button:Add attachment|h=None]@413.4 ; Enter>button:Add attachment[menu×1|f=button:Add attachment|h=None]@719.7
chromium-dark-desktop › antd-menu menu-enter-end-enter paced sample 7,antd-menu,menu,menu-enter-end-enter,menu-enter-enter,paced,7,Enter End Enter,none | none | @button:Add attachment,1,0,Enter>button:Add attachment[none|f=button:Add attachment|h=None]@18.2 ; End>button:Add attachment[menu×1|f=button:Add attachment|h=None]@391.9 ; Enter>button:Add attachment[menu×1|f=button:Add attachment|h=None]@697.7
chromium-dark-desktop › antd-menu menu-enter-end-enter paced sample 8,antd-menu,menu,menu-enter-end-enter,menu-enter-enter,paced,8,Enter End Enter,none | none | @button:Add attachment,1,0,Enter>button:Add attachment[none|f=button:Add attachment|h=None]@36.1 ; End>button:Add attachment[menu×1|f=button:Add attachment|h=None]@411.6 ; Enter>button:Add attachment[menu×1|f=button:Add attachment|h=None]@715.9
chromium-dark-desktop › antd-menu menu-enter-end-enter paced sample 9,antd-menu,menu,menu-enter-end-enter,menu-enter-enter,paced,9,Enter End Enter,none | none | @button:Add attachment,1,0,Enter>button:Add attachment[none|f=button:Add attachment|h=None]@18.5 ; End>button:Add attachment[menu×1|f=button:Add attachment|h=None]@394.4 ; Enter>button:Add attachment[menu×1|f=button:Add attachment|h=None]@699
chromium-dark-desktop › antd-menu menu-enter-end-enter paced sample 10,antd-menu,menu,menu-enter-end-enter,menu-enter-enter,paced,10,Enter End Enter,none | none | @button:Add attachment,1,0,Enter>button:Add attachment[none|f=button:Add attachment|h=None]@30 ; End>button:Add attachment[menu×1|f=button:Add attachment|h=None]@399.7 ; Enter>button:Add attachment[menu×1|f=button:Add attachment|h=None]@704.7
chromium-dark-desktop › antd-menu menu-enter-end-enter paced sample 11,antd-menu,menu,menu-enter-end-enter,menu-enter-enter,paced,11,Enter End Enter,none | none | @button:Add attachment,1,0,Enter>button:Add attachment[none|f=button:Add attachment|h=None]@19.3 ; End>button:Add attachment[menu×1|f=button:Add attachment|h=None]@372.6 ; Enter>button:Add attachment[menu×1|f=button:Add attachment|h=None]@677.7
chromium-dark-desktop › antd-menu menu-enter-end-enter paced sample 12,antd-menu,menu,menu-enter-end-enter,menu-enter-enter,paced,12,Enter End Enter,none | none | @button:Add attachment,1,0,Enter>button:Add attachment[none|f=button:Add attachment|h=None]@29 ; End>button:Add attachment[menu×1|f=button:Add attachment|h=None]@395.5 ; Enter>button:Add attachment[menu×1|f=button:Add attachment|h=None]@700.4
chromium-dark-desktop › antd-menu menu-enter-end-enter paced sample 13,antd-menu,menu,menu-enter-end-enter,menu-enter-enter,paced,13,Enter End Enter,none | none | @button:Add attachment,1,0,Enter>button:Add attachment[none|f=button:Add attachment|h=None]@20.3 ; End>button:Add attachment[menu×1|f=button:Add attachment|h=None]@370.7 ; Enter>button:Add attachment[menu×1|f=button:Add attachment|h=None]@673.3
chromium-dark-desktop › antd-menu menu-enter-end-enter paced sample 14,antd-menu,menu,menu-enter-end-enter,menu-enter-enter,paced,14,Enter End Enter,none | none | @button:Add attachment,1,0,Enter>button:Add attachment[none|f=button:Add attachment|h=None]@31.2 ; End>button:Add attachment[menu×1|f=button:Add attachment|h=None]@389.9 ; Enter>button:Add attachment[menu×1|f=button:Add attachment|h=None]@694.6
chromium-dark-desktop › antd-menu menu-enter-end-enter paced sample 15,antd-menu,menu,menu-enter-end-enter,menu-enter-enter,paced,15,Enter End Enter,none | none | @button:Add attachment,1,0,Enter>button:Add attachment[none|f=button:Add attachment|h=None]@22.8 ; End>button:Add attachment[menu×1|f=button:Add attachment|h=None]@404.5 ; Enter>button:Add attachment[menu×1|f=button:Add attachment|h=None]@709.3
chromium-dark-desktop › antd-menu menu-enter-end-enter paced sample 16,antd-menu,menu,menu-enter-end-enter,menu-enter-enter,paced,16,Enter End Enter,none | none | @button:Add attachment,1,0,Enter>button:Add attachment[none|f=button:Add attachment|h=None]@17.6 ; End>button:Add attachment[menu×1|f=button:Add attachment|h=None]@386.3 ; Enter>button:Add attachment[menu×1|f=button:Add attachment|h=None]@690.1
chromium-dark-desktop › antd-menu menu-enter-end-enter paced sample 17,antd-menu,menu,menu-enter-end-enter,menu-enter-enter,paced,17,Enter End Enter,none | none | @button:Add attachment,1,0,Enter>button:Add attachment[none|f=button:Add attachment|h=None]@31.9 ; End>button:Add attachment[menu×1|f=button:Add attachment|h=None]@409.2 ; Enter>button:Add attachment[menu×1|f=button:Add attachment|h=None]@714
chromium-dark-desktop › antd-menu menu-enter-end-enter paced sample 18,antd-menu,menu,menu-enter-end-enter,menu-enter-enter,paced,18,Enter End Enter,none | none | @button:Add attachment,1,0,Enter>button:Add attachment[none|f=button:Add attachment|h=None]@18.3 ; End>button:Add attachment[menu×1|f=button:Add attachment|h=None]@370.7 ; Enter>button:Add attachment[menu×1|f=button:Add attachment|h=None]@676.7
chromium-dark-desktop › antd-menu menu-enter-end-enter paced sample 19,antd-menu,menu,menu-enter-end-enter,menu-enter-enter,paced,19,Enter End Enter,none | none | @button:Add attachment,1,0,Enter>button:Add attachment[none|f=button:Add attachment|h=None]@26.1 ; End>button:Add attachment[menu×1|f=button:Add attachment|h=None]@379.3 ; Enter>button:Add attachment[menu×1|f=button:Add attachment|h=None]@683.7
chromium-dark-desktop › orbit-menu menu-enter-s-enter burst sample 0,orbit-menu,menu,menu-enter-s-enter,menu-enter-enter,burst,0,Enter s Enter,Action=shell | none | @button:Add attachment,1,1,Enter>button:Add attachment[none|f=button:Add attachment|h=None]@25.5 ; s>button:Add attachment[menu×1|f=button:Add attachment|h=File]@44.5 ; Enter>button:Add attachment[menu×1|f=button:Add attachment|h=Shell]@45.4 ; Enter*>menuitem:Shell[menu×1|f=button:Add attachment|h=Shell]@45.5
chromium-dark-desktop › orbit-menu menu-enter-s-enter burst sample 1,orbit-menu,menu,menu-enter-s-enter,menu-enter-enter,burst,1,Enter s Enter,Action=shell | none | @button:Add attachment,1,1,Enter>button:Add attachment[none|f=button:Add attachment|h=None]@23.7 ; s>button:Add attachment[menu×1|f=button:Add attachment|h=File]@55.5 ; Enter>button:Add attachment[menu×1|f=button:Add attachment|h=Shell]@57.6 ; Enter*>menuitem:Shell[menu×1|f=button:Add attachment|h=Shell]@57.7
chromium-dark-desktop › orbit-menu menu-enter-s-enter burst sample 2,orbit-menu,menu,menu-enter-s-enter,menu-enter-enter,burst,2,Enter s Enter,Action=shell | none | @button:Add attachment,1,1,Enter>button:Add attachment[none|f=button:Add attachment|h=None]@32.7 ; s>button:Add attachment[menu×1|f=button:Add attachment|h=File]@51.2 ; Enter>button:Add attachment[menu×1|f=button:Add attachment|h=Shell]@52.1 ; Enter*>menuitem:Shell[menu×1|f=button:Add attachment|h=Shell]@52.2
chromium-dark-desktop › orbit-menu menu-enter-s-enter burst sample 3,orbit-menu,menu,menu-enter-s-enter,menu-enter-enter,burst,3,Enter s Enter,Action=shell | none | @button:Add attachment,1,1,Enter>button:Add attachment[none|f=button:Add attachment|h=None]@29.2 ; s>button:Add attachment[menu×1|f=button:Add attachment|h=File]@57.4 ; Enter>button:Add attachment[menu×1|f=button:Add attachment|h=Shell]@58.8 ; Enter*>menuitem:Shell[menu×1|f=button:Add attachment|h=Shell]@58.8
chromium-dark-desktop › orbit-menu menu-enter-s-enter burst sample 4,orbit-menu,menu,menu-enter-s-enter,menu-enter-enter,burst,4,Enter s Enter,Action=shell | none | @button:Add attachment,1,1,Enter>button:Add attachment[none|f=button:Add attachment|h=None]@28.1 ; s>button:Add attachment[menu×1|f=button:Add attachment|h=File]@47 ; Enter>button:Add attachment[menu×1|f=button:Add attachment|h=Shell]@47.9 ; Enter*>menuitem:Shell[menu×1|f=button:Add attachment|h=Shell]@48
chromium-dark-desktop › orbit-menu menu-enter-s-enter burst sample 5,orbit-menu,menu,menu-enter-s-enter,menu-enter-enter,burst,5,Enter s Enter,Action=shell | none | @button:Add attachment,1,1,Enter>button:Add attachment[none|f=button:Add attachment|h=None]@17.5 ; s>button:Add attachment[menu×1|f=button:Add attachment|h=File]@42.2 ; Enter>button:Add attachment[menu×1|f=button:Add attachment|h=Shell]@43.4 ; Enter*>menuitem:Shell[menu×1|f=button:Add attachment|h=Shell]@43.4
chromium-dark-desktop › orbit-menu menu-enter-s-enter burst sample 6,orbit-menu,menu,menu-enter-s-enter,menu-enter-enter,burst,6,Enter s Enter,Action=shell | none | @button:Add attachment,1,1,Enter>button:Add attachment[none|f=button:Add attachment|h=None]@32.7 ; s>button:Add attachment[menu×1|f=button:Add attachment|h=File]@51 ; Enter>button:Add attachment[menu×1|f=button:Add attachment|h=Shell]@51.7 ; Enter*>menuitem:Shell[menu×1|f=button:Add attachment|h=Shell]@51.9
chromium-dark-desktop › orbit-menu menu-enter-s-enter burst sample 7,orbit-menu,menu,menu-enter-s-enter,menu-enter-enter,burst,7,Enter s Enter,Action=shell | none | @button:Add attachment,1,1,Enter>button:Add attachment[none|f=button:Add attachment|h=None]@23.6 ; s>button:Add attachment[menu×1|f=button:Add attachment|h=File]@43.1 ; Enter>button:Add attachment[menu×1|f=button:Add attachment|h=Shell]@44.1 ; Enter*>menuitem:Shell[menu×1|f=button:Add attachment|h=Shell]@44.2
chromium-dark-desktop › orbit-menu menu-enter-s-enter burst sample 8,orbit-menu,menu,menu-enter-s-enter,menu-enter-enter,burst,8,Enter s Enter,Action=shell | none | @button:Add attachment,1,1,Enter>button:Add attachment[none|f=button:Add attachment|h=None]@25.7 ; s>button:Add attachment[menu×1|f=button:Add attachment|h=File]@44.6 ; Enter>button:Add attachment[menu×1|f=button:Add attachment|h=Shell]@45.5 ; Enter*>menuitem:Shell[menu×1|f=button:Add attachment|h=Shell]@45.6
chromium-dark-desktop › orbit-menu menu-enter-s-enter burst sample 9,orbit-menu,menu,menu-enter-s-enter,menu-enter-enter,burst,9,Enter s Enter,Action=shell | none | @button:Add attachment,1,1,Enter>button:Add attachment[none|f=button:Add attachment|h=None]@47.6 ; s>button:Add attachment[menu×1|f=button:Add attachment|h=File]@78.1 ; Enter>button:Add attachment[menu×1|f=button:Add attachment|h=Shell]@79.7 ; Enter*>menuitem:Shell[menu×1|f=button:Add attachment|h=Shell]@79.9
chromium-dark-desktop › orbit-menu menu-enter-s-enter burst sample 10,orbit-menu,menu,menu-enter-s-enter,menu-enter-enter,burst,10,Enter s Enter,Action=shell | none | @button:Add attachment,1,1,Enter>button:Add attachment[none|f=button:Add attachment|h=None]@16.3 ; s>button:Add attachment[menu×1|f=button:Add attachment|h=File]@44.1 ; Enter>button:Add attachment[menu×1|f=button:Add attachment|h=Shell]@45.6 ; Enter*>menuitem:Shell[menu×1|f=button:Add attachment|h=Shell]@45.7
chromium-dark-desktop › orbit-menu menu-enter-s-enter burst sample 11,orbit-menu,menu,menu-enter-s-enter,menu-enter-enter,burst,11,Enter s Enter,Action=shell | none | @button:Add attachment,1,1,Enter>button:Add attachment[none|f=button:Add attachment|h=None]@16.8 ; s>button:Add attachment[menu×1|f=button:Add attachment|h=File]@46.4 ; Enter>button:Add attachment[menu×1|f=button:Add attachment|h=Shell]@48.3 ; Enter*>menuitem:Shell[menu×1|f=button:Add attachment|h=Shell]@48.5
chromium-dark-desktop › orbit-menu menu-enter-s-enter burst sample 12,orbit-menu,menu,menu-enter-s-enter,menu-enter-enter,burst,12,Enter s Enter,Action=shell | none | @button:Add attachment,1,1,Enter>button:Add attachment[none|f=button:Add attachment|h=None]@28.4 ; s>button:Add attachment[menu×1|f=button:Add attachment|h=File]@59.3 ; Enter>button:Add attachment[menu×1|f=button:Add attachment|h=Shell]@61.6 ; Enter*>menuitem:Shell[menu×1|f=button:Add attachment|h=Shell]@61.8
chromium-dark-desktop › orbit-menu menu-enter-s-enter burst sample 13,orbit-menu,menu,menu-enter-s-enter,menu-enter-enter,burst,13,Enter s Enter,Action=shell | none | @button:Add attachment,1,1,Enter>button:Add attachment[none|f=button:Add attachment|h=None]@23.1 ; s>button:Add attachment[menu×1|f=button:Add attachment|h=File]@42.3 ; Enter>button:Add attachment[menu×1|f=button:Add attachment|h=Shell]@43.2 ; Enter*>menuitem:Shell[menu×1|f=button:Add attachment|h=Shell]@43.3
chromium-dark-desktop › orbit-menu menu-enter-s-enter burst sample 14,orbit-menu,menu,menu-enter-s-enter,menu-enter-enter,burst,14,Enter s Enter,Action=shell | none | @button:Add attachment,1,1,Enter>button:Add attachment[none|f=button:Add attachment|h=None]@30.8 ; s>button:Add attachment[menu×1|f=button:Add attachment|h=File]@62 ; Enter>button:Add attachment[menu×1|f=button:Add attachment|h=Shell]@64.1 ; Enter*>menuitem:Shell[menu×1|f=button:Add attachment|h=Shell]@64.3
chromium-dark-desktop › orbit-menu menu-enter-s-enter burst sample 15,orbit-menu,menu,menu-enter-s-enter,menu-enter-enter,burst,15,Enter s Enter,Action=shell | none | @button:Add attachment,1,1,Enter>button:Add attachment[none|f=button:Add attachment|h=None]@25.2 ; s>button:Add attachment[menu×1|f=button:Add attachment|h=File]@50.7 ; Enter>button:Add attachment[menu×1|f=button:Add attachment|h=Shell]@52 ; Enter*>menuitem:Shell[menu×1|f=button:Add attachment|h=Shell]@52.1
chromium-dark-desktop › orbit-menu menu-enter-s-enter burst sample 16,orbit-menu,menu,menu-enter-s-enter,menu-enter-enter,burst,16,Enter s Enter,Action=shell | none | @button:Add attachment,1,1,Enter>button:Add attachment[none|f=button:Add attachment|h=None]@27.4 ; s>button:Add attachment[menu×1|f=button:Add attachment|h=File]@74.7 ; Enter>button:Add attachment[menu×1|f=button:Add attachment|h=Shell]@77.3 ; Enter*>menuitem:Shell[menu×1|f=button:Add attachment|h=Shell]@77.5
chromium-dark-desktop › orbit-menu menu-enter-s-enter burst sample 17,orbit-menu,menu,menu-enter-s-enter,menu-enter-enter,burst,17,Enter s Enter,Action=shell | none | @button:Add attachment,1,1,Enter>button:Add attachment[none|f=button:Add attachment|h=None]@20.3 ; s>button:Add attachment[menu×1|f=button:Add attachment|h=File]@40.2 ; Enter>button:Add attachment[menu×1|f=button:Add attachment|h=Shell]@41.2 ; Enter*>menuitem:Shell[menu×1|f=button:Add attachment|h=Shell]@41.3
chromium-dark-desktop › orbit-menu menu-enter-s-enter burst sample 18,orbit-menu,menu,menu-enter-s-enter,menu-enter-enter,burst,18,Enter s Enter,Action=shell | none | @button:Add attachment,1,1,Enter>button:Add attachment[none|f=button:Add attachment|h=None]@23.2 ; s>button:Add attachment[menu×1|f=button:Add attachment|h=File]@55.1 ; Enter>button:Add attachment[menu×1|f=button:Add attachment|h=Shell]@57 ; Enter*>menuitem:Shell[menu×1|f=button:Add attachment|h=Shell]@57.2
chromium-dark-desktop › orbit-menu menu-enter-s-enter burst sample 19,orbit-menu,menu,menu-enter-s-enter,menu-enter-enter,burst,19,Enter s Enter,Action=shell | none | @button:Add attachment,1,1,Enter>button:Add attachment[none|f=button:Add attachment|h=None]@30.4 ; s>button:Add attachment[menu×1|f=button:Add attachment|h=File]@56.1 ; Enter>button:Add attachment[menu×1|f=button:Add attachment|h=Shell]@57.4 ; Enter*>menuitem:Shell[menu×1|f=button:Add attachment|h=Shell]@57.5
chromium-dark-desktop › orbit-menu menu-enter-s-enter paced sample 0,orbit-menu,menu,menu-enter-s-enter,menu-enter-enter,paced,0,Enter s Enter,Action=shell | none | @button:Add attachment,0,0,Enter>button:Add attachment[none|f=button:Add attachment|h=None]@29.2 ; s>menuitem:File[menu×1|f=menuitem:File|h=File]@367.9 ; Enter>menuitem:Shell[menu×1|f=menuitem:Shell|h=Shell]@675.7
chromium-dark-desktop › orbit-menu menu-enter-s-enter paced sample 1,orbit-menu,menu,menu-enter-s-enter,menu-enter-enter,paced,1,Enter s Enter,Action=shell | none | @button:Add attachment,0,0,Enter>button:Add attachment[none|f=button:Add attachment|h=None]@35.3 ; s>menuitem:File[menu×1|f=menuitem:File|h=File]@373.9 ; Enter>menuitem:Shell[menu×1|f=menuitem:Shell|h=Shell]@682.4
chromium-dark-desktop › orbit-menu menu-enter-s-enter paced sample 2,orbit-menu,menu,menu-enter-s-enter,menu-enter-enter,paced,2,Enter s Enter,Action=shell | none | @button:Add attachment,0,0,Enter>button:Add attachment[none|f=button:Add attachment|h=None]@22.9 ; s>menuitem:File[menu×1|f=menuitem:File|h=File]@351.6 ; Enter>menuitem:Shell[menu×1|f=menuitem:Shell|h=Shell]@661.6
chromium-dark-desktop › orbit-menu menu-enter-s-enter paced sample 3,orbit-menu,menu,menu-enter-s-enter,menu-enter-enter,paced,3,Enter s Enter,Action=shell | none | @button:Add attachment,0,0,Enter>button:Add attachment[none|f=button:Add attachment|h=None]@29.1 ; s>menuitem:File[menu×1|f=menuitem:File|h=File]@360.3 ; Enter>menuitem:Shell[menu×1|f=menuitem:Shell|h=Shell]@670.2
chromium-dark-desktop › orbit-menu menu-enter-s-enter paced sample 4,orbit-menu,menu,menu-enter-s-enter,menu-enter-enter,paced,4,Enter s Enter,Action=shell | none | @button:Add attachment,0,0,Enter>button:Add attachment[none|f=button:Add attachment|h=None]@17.8 ; s>menuitem:File[menu×1|f=menuitem:File|h=File]@346.2 ; Enter>menuitem:Shell[menu×1|f=menuitem:Shell|h=Shell]@655.4
chromium-dark-desktop › orbit-menu menu-enter-s-enter paced sample 5,orbit-menu,menu,menu-enter-s-enter,menu-enter-enter,paced,5,Enter s Enter,Action=shell | none | @button:Add attachment,0,0,Enter>button:Add attachment[none|f=button:Add attachment|h=None]@16.5 ; s>menuitem:File[menu×1|f=menuitem:File|h=File]@362.4 ; Enter>menuitem:Shell[menu×1|f=menuitem:Shell|h=Shell]@671
chromium-dark-desktop › orbit-menu menu-enter-s-enter paced sample 6,orbit-menu,menu,menu-enter-s-enter,menu-enter-enter,paced,6,Enter s Enter,Action=shell | none | @button:Add attachment,0,0,Enter>button:Add attachment[none|f=button:Add attachment|h=None]@35.2 ; s>menuitem:File[menu×1|f=menuitem:File|h=File]@368.5 ; Enter>menuitem:Shell[menu×1|f=menuitem:Shell|h=Shell]@676.5
chromium-dark-desktop › orbit-menu menu-enter-s-enter paced sample 7,orbit-menu,menu,menu-enter-s-enter,menu-enter-enter,paced,7,Enter s Enter,Action=shell | none | @button:Add attachment,0,0,Enter>button:Add attachment[none|f=button:Add attachment|h=None]@22.4 ; s>menuitem:File[menu×1|f=menuitem:File|h=File]@348.5 ; Enter>menuitem:Shell[menu×1|f=menuitem:Shell|h=Shell]@656.9
chromium-dark-desktop › orbit-menu menu-enter-s-enter paced sample 8,orbit-menu,menu,menu-enter-s-enter,menu-enter-enter,paced,8,Enter s Enter,Action=shell | none | @button:Add attachment,0,0,Enter>button:Add attachment[none|f=button:Add attachment|h=None]@28.4 ; s>menuitem:File[menu×1|f=menuitem:File|h=File]@369.1 ; Enter>menuitem:Shell[menu×1|f=menuitem:Shell|h=Shell]@678.6
chromium-dark-desktop › orbit-menu menu-enter-s-enter paced sample 9,orbit-menu,menu,menu-enter-s-enter,menu-enter-enter,paced,9,Enter s Enter,Action=shell | none | @button:Add attachment,0,0,Enter>button:Add attachment[none|f=button:Add attachment|h=None]@30.7 ; s>menuitem:File[menu×1|f=menuitem:File|h=File]@364.5 ; Enter>menuitem:Shell[menu×1|f=menuitem:Shell|h=Shell]@672.5
chromium-dark-desktop › orbit-menu menu-enter-s-enter paced sample 10,orbit-menu,menu,menu-enter-s-enter,menu-enter-enter,paced,10,Enter s Enter,Action=shell | none | @button:Add attachment,0,0,Enter>button:Add attachment[none|f=button:Add attachment|h=None]@16.8 ; s>menuitem:File[menu×1|f=menuitem:File|h=File]@343.4 ; Enter>menuitem:Shell[menu×1|f=menuitem:Shell|h=Shell]@650.2
chromium-dark-desktop › orbit-menu menu-enter-s-enter paced sample 11,orbit-menu,menu,menu-enter-s-enter,menu-enter-enter,paced,11,Enter s Enter,Action=shell | none | @button:Add attachment,0,0,Enter>button:Add attachment[none|f=button:Add attachment|h=None]@25.5 ; s>menuitem:File[menu×1|f=menuitem:File|h=File]@354.7 ; Enter>menuitem:Shell[menu×1|f=menuitem:Shell|h=Shell]@662.7
chromium-dark-desktop › orbit-menu menu-enter-s-enter paced sample 12,orbit-menu,menu,menu-enter-s-enter,menu-enter-enter,paced,12,Enter s Enter,Action=shell | none | @button:Add attachment,0,0,Enter>button:Add attachment[none|f=button:Add attachment|h=None]@26.4 ; s>menuitem:File[menu×1|f=menuitem:File|h=File]@353.1 ; Enter>menuitem:Shell[menu×1|f=menuitem:Shell|h=Shell]@660.5
chromium-dark-desktop › orbit-menu menu-enter-s-enter paced sample 13,orbit-menu,menu,menu-enter-s-enter,menu-enter-enter,paced,13,Enter s Enter,Action=shell | none | @button:Add attachment,0,0,Enter>button:Add attachment[none|f=button:Add attachment|h=None]@19.3 ; s>menuitem:File[menu×1|f=menuitem:File|h=File]@353.3 ; Enter>menuitem:Shell[menu×1|f=menuitem:Shell|h=Shell]@665
chromium-dark-desktop › orbit-menu menu-enter-s-enter paced sample 14,orbit-menu,menu,menu-enter-s-enter,menu-enter-enter,paced,14,Enter s Enter,Action=shell | none | @button:Add attachment,0,0,Enter>button:Add attachment[none|f=button:Add attachment|h=None]@28 ; s>menuitem:File[menu×1|f=menuitem:File|h=File]@369.3 ; Enter>menuitem:Shell[menu×1|f=menuitem:Shell|h=Shell]@679.2
chromium-dark-desktop › orbit-menu menu-enter-s-enter paced sample 15,orbit-menu,menu,menu-enter-s-enter,menu-enter-enter,paced,15,Enter s Enter,Action=shell | none | @button:Add attachment,0,0,Enter>button:Add attachment[none|f=button:Add attachment|h=None]@30.5 ; s>menuitem:File[menu×1|f=menuitem:File|h=File]@357.8 ; Enter>menuitem:Shell[menu×1|f=menuitem:Shell|h=Shell]@668.2
chromium-dark-desktop › orbit-menu menu-enter-s-enter paced sample 16,orbit-menu,menu,menu-enter-s-enter,menu-enter-enter,paced,16,Enter s Enter,Action=shell | none | @button:Add attachment,0,0,Enter>button:Add attachment[none|f=button:Add attachment|h=None]@30.7 ; s>menuitem:File[menu×1|f=menuitem:File|h=File]@371 ; Enter>menuitem:Shell[menu×1|f=menuitem:Shell|h=Shell]@678.2
chromium-dark-desktop › orbit-menu menu-enter-s-enter paced sample 17,orbit-menu,menu,menu-enter-s-enter,menu-enter-enter,paced,17,Enter s Enter,Action=shell | none | @button:Add attachment,0,0,Enter>button:Add attachment[none|f=button:Add attachment|h=None]@26.4 ; s>menuitem:File[menu×1|f=menuitem:File|h=File]@369.9 ; Enter>menuitem:Shell[menu×1|f=menuitem:Shell|h=Shell]@680.3
chromium-dark-desktop › orbit-menu menu-enter-s-enter paced sample 18,orbit-menu,menu,menu-enter-s-enter,menu-enter-enter,paced,18,Enter s Enter,Action=shell | none | @button:Add attachment,0,0,Enter>button:Add attachment[none|f=button:Add attachment|h=None]@26.9 ; s>menuitem:File[menu×1|f=menuitem:File|h=File]@373.6 ; Enter>menuitem:Shell[menu×1|f=menuitem:Shell|h=Shell]@680.3
chromium-dark-desktop › orbit-menu menu-enter-s-enter paced sample 19,orbit-menu,menu,menu-enter-s-enter,menu-enter-enter,paced,19,Enter s Enter,Action=shell | none | @button:Add attachment,0,0,Enter>button:Add attachment[none|f=button:Add attachment|h=None]@27.1 ; s>menuitem:File[menu×1|f=menuitem:File|h=File]@375.5 ; Enter>menuitem:Shell[menu×1|f=menuitem:Shell|h=Shell]@685
chromium-dark-desktop › orbit-menu-sample menu-enter-s-enter burst sample 0,orbit-menu-sample,menu,menu-enter-s-enter,menu-enter-enter,burst,0,Enter s Enter,ran Shell | none | @button:Add attachment,1,1,Enter>button:Add attachment[none|f=button:Add attachment|h=None]@31.7 ; s>button:Add attachment[menu×1|f=button:Add attachment|h=File]@58.7 ; Enter>button:Add attachment[menu×1|f=button:Add attachment|h=Shell]@59.7 ; Enter*>menuitem:Shell[menu×1|f=button:Add attachment|h=Shell]@59.8
chromium-dark-desktop › orbit-menu-sample menu-enter-s-enter burst sample 1,orbit-menu-sample,menu,menu-enter-s-enter,menu-enter-enter,burst,1,Enter s Enter,ran Shell | none | @button:Add attachment,1,1,Enter>button:Add attachment[none|f=button:Add attachment|h=None]@22.5 ; s>button:Add attachment[menu×1|f=button:Add attachment|h=File]@60.7 ; Enter>button:Add attachment[menu×1|f=button:Add attachment|h=Shell]@62.2 ; Enter*>menuitem:Shell[menu×1|f=button:Add attachment|h=Shell]@62.3
chromium-dark-desktop › orbit-menu-sample menu-enter-s-enter burst sample 2,orbit-menu-sample,menu,menu-enter-s-enter,menu-enter-enter,burst,2,Enter s Enter,ran Shell | none | @button:Add attachment,1,1,Enter>button:Add attachment[none|f=button:Add attachment|h=None]@19 ; s>button:Add attachment[menu×1|f=button:Add attachment|h=File]@43.3 ; Enter>button:Add attachment[menu×1|f=button:Add attachment|h=Shell]@44.2 ; Enter*>menuitem:Shell[menu×1|f=button:Add attachment|h=Shell]@44.3
chromium-dark-desktop › orbit-menu-sample menu-enter-s-enter burst sample 3,orbit-menu-sample,menu,menu-enter-s-enter,menu-enter-enter,burst,3,Enter s Enter,ran Shell | none | @button:Add attachment,1,1,Enter>button:Add attachment[none|f=button:Add attachment|h=None]@33.1 ; s>button:Add attachment[menu×1|f=button:Add attachment|h=File]@63.2 ; Enter>button:Add attachment[menu×1|f=button:Add attachment|h=Shell]@64.5 ; Enter*>menuitem:Shell[menu×1|f=button:Add attachment|h=Shell]@64.5
chromium-dark-desktop › orbit-menu-sample menu-enter-s-enter burst sample 4,orbit-menu-sample,menu,menu-enter-s-enter,menu-enter-enter,burst,4,Enter s Enter,ran Shell | none | @button:Add attachment,1,1,Enter>button:Add attachment[none|f=button:Add attachment|h=None]@20.2 ; s>button:Add attachment[menu×1|f=button:Add attachment|h=File]@44.5 ; Enter>button:Add attachment[menu×1|f=button:Add attachment|h=Shell]@45.4 ; Enter*>menuitem:Shell[menu×1|f=button:Add attachment|h=Shell]@45.5
chromium-dark-desktop › orbit-menu-sample menu-enter-s-enter burst sample 5,orbit-menu-sample,menu,menu-enter-s-enter,menu-enter-enter,burst,5,Enter s Enter,ran Shell | none | @button:Add attachment,1,1,Enter>button:Add attachment[none|f=button:Add attachment|h=None]@20.7 ; s>button:Add attachment[menu×1|f=button:Add attachment|h=File]@44 ; Enter>button:Add attachment[menu×1|f=button:Add attachment|h=Shell]@44.9 ; Enter*>menuitem:Shell[menu×1|f=button:Add attachment|h=Shell]@45
chromium-dark-desktop › orbit-menu-sample menu-enter-s-enter burst sample 6,orbit-menu-sample,menu,menu-enter-s-enter,menu-enter-enter,burst,6,Enter s Enter,ran Shell | none | @button:Add attachment,1,1,Enter>button:Add attachment[none|f=button:Add attachment|h=None]@24.7 ; s>button:Add attachment[menu×1|f=button:Add attachment|h=File]@47.4 ; Enter>button:Add attachment[menu×1|f=button:Add attachment|h=Shell]@48.2 ; Enter*>menuitem:Shell[menu×1|f=button:Add attachment|h=Shell]@48.3
chromium-dark-desktop › orbit-menu-sample menu-enter-s-enter burst sample 7,orbit-menu-sample,menu,menu-enter-s-enter,menu-enter-enter,burst,7,Enter s Enter,ran Shell | none | @button:Add attachment,1,1,Enter>button:Add attachment[none|f=button:Add attachment|h=None]@32.1 ; s>button:Add attachment[menu×1|f=button:Add attachment|h=File]@67.2 ; Enter>button:Add attachment[menu×1|f=button:Add attachment|h=Shell]@68.5 ; Enter*>menuitem:Shell[menu×1|f=button:Add attachment|h=Shell]@68.6
chromium-dark-desktop › orbit-menu-sample menu-enter-s-enter burst sample 8,orbit-menu-sample,menu,menu-enter-s-enter,menu-enter-enter,burst,8,Enter s Enter,ran Shell | none | @button:Add attachment,1,1,Enter>button:Add attachment[none|f=button:Add attachment|h=None]@17.4 ; s>button:Add attachment[menu×1|f=button:Add attachment|h=File]@42.6 ; Enter>button:Add attachment[menu×1|f=button:Add attachment|h=Shell]@43.6 ; Enter*>menuitem:Shell[menu×1|f=button:Add attachment|h=Shell]@43.6
chromium-dark-desktop › orbit-menu-sample menu-enter-s-enter burst sample 9,orbit-menu-sample,menu,menu-enter-s-enter,menu-enter-enter,burst,9,Enter s Enter,ran Shell | none | @button:Add attachment,1,1,Enter>button:Add attachment[none|f=button:Add attachment|h=None]@29.5 ; s>button:Add attachment[menu×1|f=button:Add attachment|h=File]@62.7 ; Enter>button:Add attachment[menu×1|f=button:Add attachment|h=Shell]@63.9 ; Enter*>menuitem:Shell[menu×1|f=button:Add attachment|h=Shell]@64
chromium-dark-desktop › orbit-menu-sample menu-enter-s-enter burst sample 10,orbit-menu-sample,menu,menu-enter-s-enter,menu-enter-enter,burst,10,Enter s Enter,ran Shell | none | @button:Add attachment,1,1,Enter>button:Add attachment[none|f=button:Add attachment|h=None]@32.3 ; s>button:Add attachment[menu×1|f=button:Add attachment|h=File]@63.5 ; Enter>button:Add attachment[menu×1|f=button:Add attachment|h=Shell]@64.6 ; Enter*>menuitem:Shell[menu×1|f=button:Add attachment|h=Shell]@64.7
chromium-dark-desktop › orbit-menu-sample menu-enter-s-enter burst sample 11,orbit-menu-sample,menu,menu-enter-s-enter,menu-enter-enter,burst,11,Enter s Enter,ran Shell | none | @button:Add attachment,1,1,Enter>button:Add attachment[none|f=button:Add attachment|h=None]@24.1 ; s>button:Add attachment[menu×1|f=button:Add attachment|h=File]@64.1 ; Enter>button:Add attachment[menu×1|f=button:Add attachment|h=Shell]@64.9 ; Enter*>menuitem:Shell[menu×1|f=button:Add attachment|h=Shell]@65.1
chromium-dark-desktop › orbit-menu-sample menu-enter-s-enter burst sample 12,orbit-menu-sample,menu,menu-enter-s-enter,menu-enter-enter,burst,12,Enter s Enter,ran Shell | none | @button:Add attachment,1,1,Enter>button:Add attachment[none|f=button:Add attachment|h=None]@18.4 ; s>button:Add attachment[menu×1|f=button:Add attachment|h=File]@41.6 ; Enter>button:Add attachment[menu×1|f=button:Add attachment|h=Shell]@42.4 ; Enter*>menuitem:Shell[menu×1|f=button:Add attachment|h=Shell]@42.5
chromium-dark-desktop › orbit-menu-sample menu-enter-s-enter burst sample 13,orbit-menu-sample,menu,menu-enter-s-enter,menu-enter-enter,burst,13,Enter s Enter,ran Shell | none | @button:Add attachment,1,1,Enter>button:Add attachment[none|f=button:Add attachment|h=None]@23.8 ; s>button:Add attachment[menu×1|f=button:Add attachment|h=File]@49.7 ; Enter>button:Add attachment[menu×1|f=button:Add attachment|h=Shell]@50.5 ; Enter*>menuitem:Shell[menu×1|f=button:Add attachment|h=Shell]@50.5
chromium-dark-desktop › orbit-menu-sample menu-enter-s-enter burst sample 14,orbit-menu-sample,menu,menu-enter-s-enter,menu-enter-enter,burst,14,Enter s Enter,ran Shell | none | @button:Add attachment,1,1,Enter>button:Add attachment[none|f=button:Add attachment|h=None]@28.5 ; s>button:Add attachment[menu×1|f=button:Add attachment|h=File]@51.5 ; Enter>button:Add attachment[menu×1|f=button:Add attachment|h=Shell]@52.2 ; Enter*>menuitem:Shell[menu×1|f=button:Add attachment|h=Shell]@52.3
chromium-dark-desktop › orbit-menu-sample menu-enter-s-enter burst sample 15,orbit-menu-sample,menu,menu-enter-s-enter,menu-enter-enter,burst,15,Enter s Enter,ran Shell | none | @button:Add attachment,1,1,Enter>button:Add attachment[none|f=button:Add attachment|h=None]@36.3 ; s>button:Add attachment[menu×1|f=button:Add attachment|h=File]@59.8 ; Enter>button:Add attachment[menu×1|f=button:Add attachment|h=Shell]@60.6 ; Enter*>menuitem:Shell[menu×1|f=button:Add attachment|h=Shell]@60.6
chromium-dark-desktop › orbit-menu-sample menu-enter-s-enter burst sample 16,orbit-menu-sample,menu,menu-enter-s-enter,menu-enter-enter,burst,16,Enter s Enter,ran Shell | none | @button:Add attachment,1,1,Enter>button:Add attachment[none|f=button:Add attachment|h=None]@19.3 ; s>button:Add attachment[menu×1|f=button:Add attachment|h=File]@42 ; Enter>button:Add attachment[menu×1|f=button:Add attachment|h=Shell]@42.7 ; Enter*>menuitem:Shell[menu×1|f=button:Add attachment|h=Shell]@42.8
chromium-dark-desktop › orbit-menu-sample menu-enter-s-enter burst sample 17,orbit-menu-sample,menu,menu-enter-s-enter,menu-enter-enter,burst,17,Enter s Enter,ran Shell | none | @button:Add attachment,1,1,Enter>button:Add attachment[none|f=button:Add attachment|h=None]@36.5 ; s>button:Add attachment[menu×1|f=button:Add attachment|h=File]@62.7 ; Enter>button:Add attachment[menu×1|f=button:Add attachment|h=Shell]@63.6 ; Enter*>menuitem:Shell[menu×1|f=button:Add attachment|h=Shell]@63.6
chromium-dark-desktop › orbit-menu-sample menu-enter-s-enter burst sample 18,orbit-menu-sample,menu,menu-enter-s-enter,menu-enter-enter,burst,18,Enter s Enter,ran Shell | none | @button:Add attachment,1,1,Enter>button:Add attachment[none|f=button:Add attachment|h=None]@26.9 ; s>button:Add attachment[menu×1|f=button:Add attachment|h=File]@51.9 ; Enter>button:Add attachment[menu×1|f=button:Add attachment|h=Shell]@52.7 ; Enter*>menuitem:Shell[menu×1|f=button:Add attachment|h=Shell]@52.7
chromium-dark-desktop › orbit-menu-sample menu-enter-s-enter burst sample 19,orbit-menu-sample,menu,menu-enter-s-enter,menu-enter-enter,burst,19,Enter s Enter,ran Shell | none | @button:Add attachment,1,1,Enter>button:Add attachment[none|f=button:Add attachment|h=None]@27.1 ; s>button:Add attachment[menu×1|f=button:Add attachment|h=File]@49.9 ; Enter>button:Add attachment[menu×1|f=button:Add attachment|h=Shell]@50.7 ; Enter*>menuitem:Shell[menu×1|f=button:Add attachment|h=Shell]@50.8
chromium-dark-desktop › orbit-menu-sample menu-enter-s-enter paced sample 0,orbit-menu-sample,menu,menu-enter-s-enter,menu-enter-enter,paced,0,Enter s Enter,ran Shell | none | @button:Add attachment,0,0,Enter>button:Add attachment[none|f=button:Add attachment|h=None]@29.5 ; s>menuitem:File[menu×1|f=menuitem:File|h=File]@362.2 ; Enter>menuitem:Shell[menu×1|f=menuitem:Shell|h=Shell]@668.4
chromium-dark-desktop › orbit-menu-sample menu-enter-s-enter paced sample 1,orbit-menu-sample,menu,menu-enter-s-enter,menu-enter-enter,paced,1,Enter s Enter,ran Shell | none | @button:Add attachment,0,0,Enter>button:Add attachment[none|f=button:Add attachment|h=None]@16.1 ; s>menuitem:File[menu×1|f=menuitem:File|h=File]@346.4 ; Enter>menuitem:Shell[menu×1|f=menuitem:Shell|h=Shell]@654.9
chromium-dark-desktop › orbit-menu-sample menu-enter-s-enter paced sample 2,orbit-menu-sample,menu,menu-enter-s-enter,menu-enter-enter,paced,2,Enter s Enter,ran Shell | none | @button:Add attachment,0,0,Enter>button:Add attachment[none|f=button:Add attachment|h=None]@24 ; s>menuitem:File[menu×1|f=menuitem:File|h=File]@371.3 ; Enter>menuitem:Shell[menu×1|f=menuitem:Shell|h=Shell]@679.2
chromium-dark-desktop › orbit-menu-sample menu-enter-s-enter paced sample 3,orbit-menu-sample,menu,menu-enter-s-enter,menu-enter-enter,paced,3,Enter s Enter,ran Shell | none | @button:Add attachment,0,0,Enter>button:Add attachment[none|f=button:Add attachment|h=None]@24.4 ; s>menuitem:File[menu×1|f=menuitem:File|h=File]@366 ; Enter>menuitem:Shell[menu×1|f=menuitem:Shell|h=Shell]@672.4
chromium-dark-desktop › orbit-menu-sample menu-enter-s-enter paced sample 4,orbit-menu-sample,menu,menu-enter-s-enter,menu-enter-enter,paced,4,Enter s Enter,ran Shell | none | @button:Add attachment,0,0,Enter>button:Add attachment[none|f=button:Add attachment|h=None]@34 ; s>menuitem:File[menu×1|f=menuitem:File|h=File]@379.6 ; Enter>menuitem:Shell[menu×1|f=menuitem:Shell|h=Shell]@691.1
chromium-dark-desktop › orbit-menu-sample menu-enter-s-enter paced sample 5,orbit-menu-sample,menu,menu-enter-s-enter,menu-enter-enter,paced,5,Enter s Enter,ran Shell | none | @button:Add attachment,0,0,Enter>button:Add attachment[none|f=button:Add attachment|h=None]@23.3 ; s>menuitem:File[menu×1|f=menuitem:File|h=File]@366.5 ; Enter>menuitem:Shell[menu×1|f=menuitem:Shell|h=Shell]@675
chromium-dark-desktop › orbit-menu-sample menu-enter-s-enter paced sample 6,orbit-menu-sample,menu,menu-enter-s-enter,menu-enter-enter,paced,6,Enter s Enter,ran Shell | none | @button:Add attachment,0,0,Enter>button:Add attachment[none|f=button:Add attachment|h=None]@30.1 ; s>menuitem:File[menu×1|f=menuitem:File|h=File]@359.1 ; Enter>menuitem:Shell[menu×1|f=menuitem:Shell|h=Shell]@664.6
chromium-dark-desktop › orbit-menu-sample menu-enter-s-enter paced sample 7,orbit-menu-sample,menu,menu-enter-s-enter,menu-enter-enter,paced,7,Enter s Enter,ran Shell | none | @button:Add attachment,0,0,Enter>button:Add attachment[none|f=button:Add attachment|h=None]@26.6 ; s>menuitem:File[menu×1|f=menuitem:File|h=File]@355 ; Enter>menuitem:Shell[menu×1|f=menuitem:Shell|h=Shell]@662.2
chromium-dark-desktop › orbit-menu-sample menu-enter-s-enter paced sample 8,orbit-menu-sample,menu,menu-enter-s-enter,menu-enter-enter,paced,8,Enter s Enter,ran Shell | none | @button:Add attachment,0,0,Enter>button:Add attachment[none|f=button:Add attachment|h=None]@22.5 ; s>menuitem:File[menu×1|f=menuitem:File|h=File]@360.8 ; Enter>menuitem:Shell[menu×1|f=menuitem:Shell|h=Shell]@667.9
chromium-dark-desktop › orbit-menu-sample menu-enter-s-enter paced sample 9,orbit-menu-sample,menu,menu-enter-s-enter,menu-enter-enter,paced,9,Enter s Enter,ran Shell | none | @button:Add attachment,0,0,Enter>button:Add attachment[none|f=button:Add attachment|h=None]@29.3 ; s>menuitem:File[menu×1|f=menuitem:File|h=File]@374.5 ; Enter>menuitem:Shell[menu×1|f=menuitem:Shell|h=Shell]@680.6
chromium-dark-desktop › orbit-menu-sample menu-enter-s-enter paced sample 10,orbit-menu-sample,menu,menu-enter-s-enter,menu-enter-enter,paced,10,Enter s Enter,ran Shell | none | @button:Add attachment,0,0,Enter>button:Add attachment[none|f=button:Add attachment|h=None]@22.5 ; s>menuitem:File[menu×1|f=menuitem:File|h=File]@365.1 ; Enter>menuitem:Shell[menu×1|f=menuitem:Shell|h=Shell]@674.5
chromium-dark-desktop › orbit-menu-sample menu-enter-s-enter paced sample 11,orbit-menu-sample,menu,menu-enter-s-enter,menu-enter-enter,paced,11,Enter s Enter,ran Shell | none | @button:Add attachment,0,0,Enter>button:Add attachment[none|f=button:Add attachment|h=None]@23.6 ; s>menuitem:File[menu×1|f=menuitem:File|h=File]@380.1 ; Enter>menuitem:Shell[menu×1|f=menuitem:Shell|h=Shell]@689.3
chromium-dark-desktop › orbit-menu-sample menu-enter-s-enter paced sample 12,orbit-menu-sample,menu,menu-enter-s-enter,menu-enter-enter,paced,12,Enter s Enter,ran Shell | none | @button:Add attachment,0,0,Enter>button:Add attachment[none|f=button:Add attachment|h=None]@21.1 ; s>menuitem:File[menu×1|f=menuitem:File|h=File]@352.9 ; Enter>menuitem:Shell[menu×1|f=menuitem:Shell|h=Shell]@660.5
chromium-dark-desktop › orbit-menu-sample menu-enter-s-enter paced sample 13,orbit-menu-sample,menu,menu-enter-s-enter,menu-enter-enter,paced,13,Enter s Enter,ran Shell | none | @button:Add attachment,0,0,Enter>button:Add attachment[none|f=button:Add attachment|h=None]@31.2 ; s>menuitem:File[menu×1|f=menuitem:File|h=File]@359 ; Enter>menuitem:Shell[menu×1|f=menuitem:Shell|h=Shell]@665.3
chromium-dark-desktop › orbit-menu-sample menu-enter-s-enter paced sample 14,orbit-menu-sample,menu,menu-enter-s-enter,menu-enter-enter,paced,14,Enter s Enter,ran Shell | none | @button:Add attachment,0,0,Enter>button:Add attachment[none|f=button:Add attachment|h=None]@24.4 ; s>menuitem:File[menu×1|f=menuitem:File|h=File]@370.8 ; Enter>menuitem:Shell[menu×1|f=menuitem:Shell|h=Shell]@676.4
chromium-dark-desktop › orbit-menu-sample menu-enter-s-enter paced sample 15,orbit-menu-sample,menu,menu-enter-s-enter,menu-enter-enter,paced,15,Enter s Enter,ran Shell | none | @button:Add attachment,0,0,Enter>button:Add attachment[none|f=button:Add attachment|h=None]@28.9 ; s>menuitem:File[menu×1|f=menuitem:File|h=File]@357.1 ; Enter>menuitem:Shell[menu×1|f=menuitem:Shell|h=Shell]@663.7
chromium-dark-desktop › orbit-menu-sample menu-enter-s-enter paced sample 16,orbit-menu-sample,menu,menu-enter-s-enter,menu-enter-enter,paced,16,Enter s Enter,ran Shell | none | @button:Add attachment,0,0,Enter>button:Add attachment[none|f=button:Add attachment|h=None]@25.4 ; s>menuitem:File[menu×1|f=menuitem:File|h=File]@354.9 ; Enter>menuitem:Shell[menu×1|f=menuitem:Shell|h=Shell]@661.1
chromium-dark-desktop › orbit-menu-sample menu-enter-s-enter paced sample 17,orbit-menu-sample,menu,menu-enter-s-enter,menu-enter-enter,paced,17,Enter s Enter,ran Shell | none | @button:Add attachment,0,0,Enter>button:Add attachment[none|f=button:Add attachment|h=None]@35 ; s>menuitem:File[menu×1|f=menuitem:File|h=File]@380.3 ; Enter>menuitem:Shell[menu×1|f=menuitem:Shell|h=Shell]@690.5
chromium-dark-desktop › orbit-menu-sample menu-enter-s-enter paced sample 18,orbit-menu-sample,menu,menu-enter-s-enter,menu-enter-enter,paced,18,Enter s Enter,ran Shell | none | @button:Add attachment,0,0,Enter>button:Add attachment[none|f=button:Add attachment|h=None]@20.8 ; s>menuitem:File[menu×1|f=menuitem:File|h=File]@350.4 ; Enter>menuitem:Shell[menu×1|f=menuitem:Shell|h=Shell]@657.8
chromium-dark-desktop › orbit-menu-sample menu-enter-s-enter paced sample 19,orbit-menu-sample,menu,menu-enter-s-enter,menu-enter-enter,paced,19,Enter s Enter,ran Shell | none | @button:Add attachment,0,0,Enter>button:Add attachment[none|f=button:Add attachment|h=None]@32.9 ; s>menuitem:File[menu×1|f=menuitem:File|h=File]@372.5 ; Enter>menuitem:Shell[menu×1|f=menuitem:Shell|h=Shell]@679.2
chromium-dark-desktop › antd-menu menu-enter-s-enter burst sample 0,antd-menu,menu,menu-enter-s-enter,menu-enter-enter,burst,0,Enter s Enter,none | none | @button:Add attachment,1,0,Enter>button:Add attachment[none|f=button:Add attachment|h=None]@32.4 ; s>button:Add attachment[menu×1|f=button:Add attachment|h=None]@99.9 ; Enter>button:Add attachment[menu×1|f=button:Add attachment|h=None]@100.2
chromium-dark-desktop › antd-menu menu-enter-s-enter burst sample 1,antd-menu,menu,menu-enter-s-enter,menu-enter-enter,burst,1,Enter s Enter,none | none | @button:Add attachment,1,0,Enter>button:Add attachment[none|f=button:Add attachment|h=None]@31.5 ; s>button:Add attachment[menu×1|f=button:Add attachment|h=None]@94.7 ; Enter>button:Add attachment[menu×1|f=button:Add attachment|h=None]@94.8
chromium-dark-desktop › antd-menu menu-enter-s-enter burst sample 2,antd-menu,menu,menu-enter-s-enter,menu-enter-enter,burst,2,Enter s Enter,none | none | @button:Add attachment,1,0,Enter>button:Add attachment[none|f=button:Add attachment|h=None]@23 ; s>button:Add attachment[menu×1|f=button:Add attachment|h=None]@87.1 ; Enter>button:Add attachment[menu×1|f=button:Add attachment|h=None]@87.3
chromium-dark-desktop › antd-menu menu-enter-s-enter burst sample 3,antd-menu,menu,menu-enter-s-enter,menu-enter-enter,burst,3,Enter s Enter,none | none | @button:Add attachment,1,0,Enter>button:Add attachment[none|f=button:Add attachment|h=None]@9.6 ; s>button:Add attachment[menu×1|f=button:Add attachment|h=None]@58.9 ; Enter>button:Add attachment[menu×1|f=button:Add attachment|h=None]@59.2
chromium-dark-desktop › antd-menu menu-enter-s-enter burst sample 4,antd-menu,menu,menu-enter-s-enter,menu-enter-enter,burst,4,Enter s Enter,none | none | @button:Add attachment,1,0,Enter>button:Add attachment[none|f=button:Add attachment|h=None]@26.2 ; s>button:Add attachment[menu×1|f=button:Add attachment|h=None]@98.8 ; Enter>button:Add attachment[menu×1|f=button:Add attachment|h=None]@99
chromium-dark-desktop › antd-menu menu-enter-s-enter burst sample 5,antd-menu,menu,menu-enter-s-enter,menu-enter-enter,burst,5,Enter s Enter,none | none | @button:Add attachment,1,0,Enter>button:Add attachment[none|f=button:Add attachment|h=None]@24.9 ; s>button:Add attachment[menu×1|f=button:Add attachment|h=None]@92.2 ; Enter>button:Add attachment[menu×1|f=button:Add attachment|h=None]@92.3
chromium-dark-desktop › antd-menu menu-enter-s-enter burst sample 6,antd-menu,menu,menu-enter-s-enter,menu-enter-enter,burst,6,Enter s Enter,none | none | @button:Add attachment,1,0,Enter>button:Add attachment[none|f=button:Add attachment|h=None]@20.8 ; s>button:Add attachment[menu×1|f=button:Add attachment|h=None]@88.2 ; Enter>button:Add attachment[menu×1|f=button:Add attachment|h=None]@88.3
chromium-dark-desktop › antd-menu menu-enter-s-enter burst sample 7,antd-menu,menu,menu-enter-s-enter,menu-enter-enter,burst,7,Enter s Enter,none | none | @button:Add attachment,1,0,Enter>button:Add attachment[none|f=button:Add attachment|h=None]@25.7 ; s>button:Add attachment[menu×1|f=button:Add attachment|h=None]@101.7 ; Enter>button:Add attachment[menu×1|f=button:Add attachment|h=None]@101.9
chromium-dark-desktop › antd-menu menu-enter-s-enter burst sample 8,antd-menu,menu,menu-enter-s-enter,menu-enter-enter,burst,8,Enter s Enter,none | none | @button:Add attachment,1,0,Enter>button:Add attachment[none|f=button:Add attachment|h=None]@24.7 ; s>button:Add attachment[menu×1|f=button:Add attachment|h=None]@101.5 ; Enter>button:Add attachment[menu×1|f=button:Add attachment|h=None]@101.7
chromium-dark-desktop › antd-menu menu-enter-s-enter burst sample 9,antd-menu,menu,menu-enter-s-enter,menu-enter-enter,burst,9,Enter s Enter,none | none | @button:Add attachment,1,0,Enter>button:Add attachment[none|f=button:Add attachment|h=None]@27.8 ; s>button:Add attachment[menu×1|f=button:Add attachment|h=None]@100.2 ; Enter>button:Add attachment[menu×1|f=button:Add attachment|h=None]@100.5
chromium-dark-desktop › antd-menu menu-enter-s-enter burst sample 10,antd-menu,menu,menu-enter-s-enter,menu-enter-enter,burst,10,Enter s Enter,none | none | @button:Add attachment,1,0,Enter>button:Add attachment[none|f=button:Add attachment|h=None]@26.5 ; s>button:Add attachment[menu×1|f=button:Add attachment|h=None]@95.3 ; Enter>button:Add attachment[menu×1|f=button:Add attachment|h=None]@95.6
chromium-dark-desktop › antd-menu menu-enter-s-enter burst sample 11,antd-menu,menu,menu-enter-s-enter,menu-enter-enter,burst,11,Enter s Enter,none | none | @button:Add attachment,1,0,Enter>button:Add attachment[none|f=button:Add attachment|h=None]@31.6 ; s>button:Add attachment[menu×1|f=button:Add attachment|h=None]@93.8 ; Enter>button:Add attachment[menu×1|f=button:Add attachment|h=None]@94
chromium-dark-desktop › antd-menu menu-enter-s-enter burst sample 12,antd-menu,menu,menu-enter-s-enter,menu-enter-enter,burst,12,Enter s Enter,none | none | @button:Add attachment,1,0,Enter>button:Add attachment[none|f=button:Add attachment|h=None]@30.3 ; s>button:Add attachment[menu×1|f=button:Add attachment|h=None]@94.2 ; Enter>button:Add attachment[menu×1|f=button:Add attachment|h=None]@94.4
chromium-dark-desktop › antd-menu menu-enter-s-enter burst sample 13,antd-menu,menu,menu-enter-s-enter,menu-enter-enter,burst,13,Enter s Enter,none | none | @button:Add attachment,1,0,Enter>button:Add attachment[none|f=button:Add attachment|h=None]@28.7 ; s>button:Add attachment[menu×1|f=button:Add attachment|h=None]@89.9 ; Enter>button:Add attachment[menu×1|f=button:Add attachment|h=None]@90.1
chromium-dark-desktop › antd-menu menu-enter-s-enter burst sample 14,antd-menu,menu,menu-enter-s-enter,menu-enter-enter,burst,14,Enter s Enter,none | none | @button:Add attachment,1,0,Enter>button:Add attachment[none|f=button:Add attachment|h=None]@21.5 ; s>button:Add attachment[menu×1|f=button:Add attachment|h=None]@87.5 ; Enter>button:Add attachment[menu×1|f=button:Add attachment|h=None]@87.7
chromium-dark-desktop › antd-menu menu-enter-s-enter burst sample 15,antd-menu,menu,menu-enter-s-enter,menu-enter-enter,burst,15,Enter s Enter,none | none | @button:Add attachment,1,0,Enter>button:Add attachment[none|f=button:Add attachment|h=None]@18.9 ; s>button:Add attachment[menu×1|f=button:Add attachment|h=None]@86.1 ; Enter>button:Add attachment[menu×1|f=button:Add attachment|h=None]@86.4
chromium-dark-desktop › antd-menu menu-enter-s-enter burst sample 16,antd-menu,menu,menu-enter-s-enter,menu-enter-enter,burst,16,Enter s Enter,none | none | @button:Add attachment,1,0,Enter>button:Add attachment[none|f=button:Add attachment|h=None]@20.4 ; s>button:Add attachment[menu×1|f=button:Add attachment|h=None]@84.9 ; Enter>button:Add attachment[menu×1|f=button:Add attachment|h=None]@85.1
chromium-dark-desktop › antd-menu menu-enter-s-enter burst sample 17,antd-menu,menu,menu-enter-s-enter,menu-enter-enter,burst,17,Enter s Enter,none | none | @button:Add attachment,1,0,Enter>button:Add attachment[none|f=button:Add attachment|h=None]@28.9 ; s>button:Add attachment[menu×1|f=button:Add attachment|h=None]@96.1 ; Enter>button:Add attachment[menu×1|f=button:Add attachment|h=None]@96.4
chromium-dark-desktop › antd-menu menu-enter-s-enter burst sample 18,antd-menu,menu,menu-enter-s-enter,menu-enter-enter,burst,18,Enter s Enter,none | none | @button:Add attachment,1,0,Enter>button:Add attachment[none|f=button:Add attachment|h=None]@25.4 ; s>button:Add attachment[menu×1|f=button:Add attachment|h=None]@89.9 ; Enter>button:Add attachment[menu×1|f=button:Add attachment|h=None]@90.1
chromium-dark-desktop › antd-menu menu-enter-s-enter burst sample 19,antd-menu,menu,menu-enter-s-enter,menu-enter-enter,burst,19,Enter s Enter,none | none | @button:Add attachment,1,0,Enter>button:Add attachment[none|f=button:Add attachment|h=None]@19.7 ; s>button:Add attachment[menu×1|f=button:Add attachment|h=None]@83.9 ; Enter>button:Add attachment[menu×1|f=button:Add attachment|h=None]@84.1
chromium-dark-desktop › antd-menu menu-enter-s-enter paced sample 0,antd-menu,menu,menu-enter-s-enter,menu-enter-enter,paced,0,Enter s Enter,none | none | @button:Add attachment,1,0,Enter>button:Add attachment[none|f=button:Add attachment|h=None]@30.3 ; s>button:Add attachment[menu×1|f=button:Add attachment|h=None]@411.2 ; Enter>button:Add attachment[menu×1|f=button:Add attachment|h=None]@714.7
chromium-dark-desktop › antd-menu menu-enter-s-enter paced sample 1,antd-menu,menu,menu-enter-s-enter,menu-enter-enter,paced,1,Enter s Enter,none | none | @button:Add attachment,1,0,Enter>button:Add attachment[none|f=button:Add attachment|h=None]@23.6 ; s>button:Add attachment[menu×1|f=button:Add attachment|h=None]@416.3 ; Enter>button:Add attachment[menu×1|f=button:Add attachment|h=None]@722.9
chromium-dark-desktop › antd-menu menu-enter-s-enter paced sample 2,antd-menu,menu,menu-enter-s-enter,menu-enter-enter,paced,2,Enter s Enter,none | none | @button:Add attachment,1,0,Enter>button:Add attachment[none|f=button:Add attachment|h=None]@24.4 ; s>button:Add attachment[menu×1|f=button:Add attachment|h=None]@423.1 ; Enter>button:Add attachment[menu×1|f=button:Add attachment|h=None]@728
chromium-dark-desktop › antd-menu menu-enter-s-enter paced sample 3,antd-menu,menu,menu-enter-s-enter,menu-enter-enter,paced,3,Enter s Enter,none | none | @button:Add attachment,1,0,Enter>button:Add attachment[none|f=button:Add attachment|h=None]@22.8 ; s>button:Add attachment[menu×1|f=button:Add attachment|h=None]@400.1 ; Enter>button:Add attachment[menu×1|f=button:Add attachment|h=None]@704.8
chromium-dark-desktop › antd-menu menu-enter-s-enter paced sample 4,antd-menu,menu,menu-enter-s-enter,menu-enter-enter,paced,4,Enter s Enter,none | none | @button:Add attachment,1,0,Enter>button:Add attachment[none|f=button:Add attachment|h=None]@19.6 ; s>button:Add attachment[menu×1|f=button:Add attachment|h=None]@387.3 ; Enter>button:Add attachment[menu×1|f=button:Add attachment|h=None]@690.7
chromium-dark-desktop › antd-menu menu-enter-s-enter paced sample 5,antd-menu,menu,menu-enter-s-enter,menu-enter-enter,paced,5,Enter s Enter,none | none | @button:Add attachment,1,0,Enter>button:Add attachment[none|f=button:Add attachment|h=None]@24.8 ; s>button:Add attachment[menu×1|f=button:Add attachment|h=None]@389.4 ; Enter>button:Add attachment[menu×1|f=button:Add attachment|h=None]@692.7
chromium-dark-desktop › antd-menu menu-enter-s-enter paced sample 6,antd-menu,menu,menu-enter-s-enter,menu-enter-enter,paced,6,Enter s Enter,none | none | @button:Add attachment,1,0,Enter>button:Add attachment[none|f=button:Add attachment|h=None]@19 ; s>button:Add attachment[menu×1|f=button:Add attachment|h=None]@386.2 ; Enter>button:Add attachment[menu×1|f=button:Add attachment|h=None]@689.3
chromium-dark-desktop › antd-menu menu-enter-s-enter paced sample 7,antd-menu,menu,menu-enter-s-enter,menu-enter-enter,paced,7,Enter s Enter,none | none | @button:Add attachment,1,0,Enter>button:Add attachment[none|f=button:Add attachment|h=None]@31.7 ; s>button:Add attachment[menu×1|f=button:Add attachment|h=None]@408.8 ; Enter>button:Add attachment[menu×1|f=button:Add attachment|h=None]@712.6
chromium-dark-desktop › antd-menu menu-enter-s-enter paced sample 8,antd-menu,menu,menu-enter-s-enter,menu-enter-enter,paced,8,Enter s Enter,none | none | @button:Add attachment,1,0,Enter>button:Add attachment[none|f=button:Add attachment|h=None]@19.8 ; s>button:Add attachment[menu×1|f=button:Add attachment|h=None]@390.8 ; Enter>button:Add attachment[menu×1|f=button:Add attachment|h=None]@695.3
chromium-dark-desktop › antd-menu menu-enter-s-enter paced sample 9,antd-menu,menu,menu-enter-s-enter,menu-enter-enter,paced,9,Enter s Enter,none | none | @button:Add attachment,1,0,Enter>button:Add attachment[none|f=button:Add attachment|h=None]@27.1 ; s>button:Add attachment[menu×1|f=button:Add attachment|h=None]@397.1 ; Enter>button:Add attachment[menu×1|f=button:Add attachment|h=None]@702.7
chromium-dark-desktop › antd-menu menu-enter-s-enter paced sample 10,antd-menu,menu,menu-enter-s-enter,menu-enter-enter,paced,10,Enter s Enter,none | none | @button:Add attachment,1,0,Enter>button:Add attachment[none|f=button:Add attachment|h=None]@26.2 ; s>button:Add attachment[menu×1|f=button:Add attachment|h=None]@398 ; Enter>button:Add attachment[menu×1|f=button:Add attachment|h=None]@701.7
chromium-dark-desktop › antd-menu menu-enter-s-enter paced sample 11,antd-menu,menu,menu-enter-s-enter,menu-enter-enter,paced,11,Enter s Enter,none | none | @button:Add attachment,1,0,Enter>button:Add attachment[none|f=button:Add attachment|h=None]@26.4 ; s>button:Add attachment[menu×1|f=button:Add attachment|h=None]@397.6 ; Enter>button:Add attachment[menu×1|f=button:Add attachment|h=None]@701.9
chromium-dark-desktop › antd-menu menu-enter-s-enter paced sample 12,antd-menu,menu,menu-enter-s-enter,menu-enter-enter,paced,12,Enter s Enter,none | none | @button:Add attachment,1,0,Enter>button:Add attachment[none|f=button:Add attachment|h=None]@31.2 ; s>button:Add attachment[menu×1|f=button:Add attachment|h=None]@400.8 ; Enter>button:Add attachment[menu×1|f=button:Add attachment|h=None]@705.5
chromium-dark-desktop › antd-menu menu-enter-s-enter paced sample 13,antd-menu,menu,menu-enter-s-enter,menu-enter-enter,paced,13,Enter s Enter,none | none | @button:Add attachment,1,0,Enter>button:Add attachment[none|f=button:Add attachment|h=None]@21.5 ; s>button:Add attachment[menu×1|f=button:Add attachment|h=None]@411.2 ; Enter>button:Add attachment[menu×1|f=button:Add attachment|h=None]@714.5
chromium-dark-desktop › antd-menu menu-enter-s-enter paced sample 14,antd-menu,menu,menu-enter-s-enter,menu-enter-enter,paced,14,Enter s Enter,none | none | @button:Add attachment,1,0,Enter>button:Add attachment[none|f=button:Add attachment|h=None]@18.6 ; s>button:Add attachment[menu×1|f=button:Add attachment|h=None]@434.6 ; Enter>button:Add attachment[menu×1|f=button:Add attachment|h=None]@742.7
chromium-dark-desktop › antd-menu menu-enter-s-enter paced sample 15,antd-menu,menu,menu-enter-s-enter,menu-enter-enter,paced,15,Enter s Enter,none | none | @button:Add attachment,1,0,Enter>button:Add attachment[none|f=button:Add attachment|h=None]@31 ; s>button:Add attachment[menu×1|f=button:Add attachment|h=None]@407.7 ; Enter>button:Add attachment[menu×1|f=button:Add attachment|h=None]@711.7
chromium-dark-desktop › antd-menu menu-enter-s-enter paced sample 16,antd-menu,menu,menu-enter-s-enter,menu-enter-enter,paced,16,Enter s Enter,none | none | @button:Add attachment,1,0,Enter>button:Add attachment[none|f=button:Add attachment|h=None]@9.1 ; s>button:Add attachment[menu×1|f=button:Add attachment|h=None]@394.2 ; Enter>button:Add attachment[menu×1|f=button:Add attachment|h=None]@697
chromium-dark-desktop › antd-menu menu-enter-s-enter paced sample 17,antd-menu,menu,menu-enter-s-enter,menu-enter-enter,paced,17,Enter s Enter,none | none | @button:Add attachment,1,0,Enter>button:Add attachment[none|f=button:Add attachment|h=None]@20 ; s>button:Add attachment[menu×1|f=button:Add attachment|h=None]@394.1 ; Enter>button:Add attachment[menu×1|f=button:Add attachment|h=None]@699.5
chromium-dark-desktop › antd-menu menu-enter-s-enter paced sample 18,antd-menu,menu,menu-enter-s-enter,menu-enter-enter,paced,18,Enter s Enter,none | none | @button:Add attachment,1,0,Enter>button:Add attachment[none|f=button:Add attachment|h=None]@21.2 ; s>button:Add attachment[menu×1|f=button:Add attachment|h=None]@400.4 ; Enter>button:Add attachment[menu×1|f=button:Add attachment|h=None]@704.8
chromium-dark-desktop › antd-menu menu-enter-s-enter paced sample 19,antd-menu,menu,menu-enter-s-enter,menu-enter-enter,paced,19,Enter s Enter,none | none | @button:Add attachment,1,0,Enter>button:Add attachment[none|f=button:Add attachment|h=None]@24.5 ; s>button:Add attachment[menu×1|f=button:Add attachment|h=None]@410.9 ; Enter>button:Add attachment[menu×1|f=button:Add attachment|h=None]@716.4
chromium-dark-desktop › orbit-menu menu-enter-tab burst sample 0,orbit-menu,menu,menu-enter-tab,menu-enter,burst,0,Enter Tab,none | menu×1 | @menuitem:File,1,0,Enter>button:Add attachment[none|f=button:Add attachment|h=None]@20.7 ; Tab>button:Add attachment[menu×1|f=button:Add attachment|h=File]@48.4
chromium-dark-desktop › orbit-menu menu-enter-tab burst sample 1,orbit-menu,menu,menu-enter-tab,menu-enter,burst,1,Enter Tab,none | menu×1 | @menuitem:File,1,0,Enter>button:Add attachment[none|f=button:Add attachment|h=None]@25.1 ; Tab>button:Add attachment[menu×1|f=button:Add attachment|h=File]@45.3
chromium-dark-desktop › orbit-menu menu-enter-tab burst sample 2,orbit-menu,menu,menu-enter-tab,menu-enter,burst,2,Enter Tab,none | menu×1 | @menuitem:File,1,0,Enter>button:Add attachment[none|f=button:Add attachment|h=None]@30 ; Tab>button:Add attachment[menu×1|f=button:Add attachment|h=File]@59.6
chromium-dark-desktop › orbit-menu menu-enter-tab burst sample 3,orbit-menu,menu,menu-enter-tab,menu-enter,burst,3,Enter Tab,none | menu×1 | @menuitem:File,1,0,Enter>button:Add attachment[none|f=button:Add attachment|h=None]@27.6 ; Tab>button:Add attachment[menu×1|f=button:Add attachment|h=File]@66.4
chromium-dark-desktop › orbit-menu menu-enter-tab burst sample 4,orbit-menu,menu,menu-enter-tab,menu-enter,burst,4,Enter Tab,none | menu×1 | @menuitem:File,1,0,Enter>button:Add attachment[none|f=button:Add attachment|h=None]@29.8 ; Tab>button:Add attachment[menu×1|f=button:Add attachment|h=File]@64.4
chromium-dark-desktop › orbit-menu menu-enter-tab burst sample 5,orbit-menu,menu,menu-enter-tab,menu-enter,burst,5,Enter Tab,none | menu×1 | @menuitem:File,1,0,Enter>button:Add attachment[none|f=button:Add attachment|h=None]@26.7 ; Tab>button:Add attachment[menu×1|f=button:Add attachment|h=File]@63.9
chromium-dark-desktop › orbit-menu menu-enter-tab burst sample 6,orbit-menu,menu,menu-enter-tab,menu-enter,burst,6,Enter Tab,none | menu×1 | @menuitem:File,1,0,Enter>button:Add attachment[none|f=button:Add attachment|h=None]@27 ; Tab>button:Add attachment[menu×1|f=button:Add attachment|h=File]@60.2
chromium-dark-desktop › orbit-menu menu-enter-tab burst sample 7,orbit-menu,menu,menu-enter-tab,menu-enter,burst,7,Enter Tab,none | menu×1 | @menuitem:File,1,0,Enter>button:Add attachment[none|f=button:Add attachment|h=None]@23.9 ; Tab>button:Add attachment[menu×1|f=button:Add attachment|h=File]@59.7
chromium-dark-desktop › orbit-menu menu-enter-tab burst sample 8,orbit-menu,menu,menu-enter-tab,menu-enter,burst,8,Enter Tab,none | menu×1 | @menuitem:File,1,0,Enter>button:Add attachment[none|f=button:Add attachment|h=None]@4.9 ; Tab>button:Add attachment[menu×1|f=button:Add attachment|h=File]@40.6
chromium-dark-desktop › orbit-menu menu-enter-tab burst sample 9,orbit-menu,menu,menu-enter-tab,menu-enter,burst,9,Enter Tab,none | menu×1 | @menuitem:File,1,0,Enter>button:Add attachment[none|f=button:Add attachment|h=None]@29.9 ; Tab>button:Add attachment[menu×1|f=button:Add attachment|h=File]@57
chromium-dark-desktop › orbit-menu menu-enter-tab burst sample 10,orbit-menu,menu,menu-enter-tab,menu-enter,burst,10,Enter Tab,none | menu×1 | @menuitem:File,1,0,Enter>button:Add attachment[none|f=button:Add attachment|h=None]@20 ; Tab>button:Add attachment[menu×1|f=button:Add attachment|h=File]@50.7
chromium-dark-desktop › orbit-menu menu-enter-tab burst sample 11,orbit-menu,menu,menu-enter-tab,menu-enter,burst,11,Enter Tab,none | menu×1 | @menuitem:File,1,0,Enter>button:Add attachment[none|f=button:Add attachment|h=None]@21.1 ; Tab>button:Add attachment[menu×1|f=button:Add attachment|h=File]@55.6
chromium-dark-desktop › orbit-menu menu-enter-tab burst sample 12,orbit-menu,menu,menu-enter-tab,menu-enter,burst,12,Enter Tab,none | menu×1 | @menuitem:File,1,0,Enter>button:Add attachment[none|f=button:Add attachment|h=None]@28.6 ; Tab>button:Add attachment[menu×1|f=button:Add attachment|h=File]@78.7
chromium-dark-desktop › orbit-menu menu-enter-tab burst sample 13,orbit-menu,menu,menu-enter-tab,menu-enter,burst,13,Enter Tab,none | menu×1 | @menuitem:File,1,0,Enter>button:Add attachment[none|f=button:Add attachment|h=None]@28.8 ; Tab>button:Add attachment[menu×1|f=button:Add attachment|h=File]@59.3
chromium-dark-desktop › orbit-menu menu-enter-tab burst sample 14,orbit-menu,menu,menu-enter-tab,menu-enter,burst,14,Enter Tab,none | menu×1 | @menuitem:File,1,0,Enter>button:Add attachment[none|f=button:Add attachment|h=None]@17.3 ; Tab>button:Add attachment[menu×1|f=button:Add attachment|h=File]@53.2
chromium-dark-desktop › orbit-menu menu-enter-tab burst sample 15,orbit-menu,menu,menu-enter-tab,menu-enter,burst,15,Enter Tab,none | menu×1 | @menuitem:File,1,0,Enter>button:Add attachment[none|f=button:Add attachment|h=None]@20.4 ; Tab>button:Add attachment[menu×1|f=button:Add attachment|h=File]@52.1
chromium-dark-desktop › orbit-menu menu-enter-tab burst sample 16,orbit-menu,menu,menu-enter-tab,menu-enter,burst,16,Enter Tab,none | menu×1 | @menuitem:File,1,0,Enter>button:Add attachment[none|f=button:Add attachment|h=None]@14.8 ; Tab>button:Add attachment[menu×1|f=button:Add attachment|h=File]@43.9
chromium-dark-desktop › orbit-menu menu-enter-tab burst sample 17,orbit-menu,menu,menu-enter-tab,menu-enter,burst,17,Enter Tab,none | menu×1 | @menuitem:File,1,0,Enter>button:Add attachment[none|f=button:Add attachment|h=None]@17.2 ; Tab>button:Add attachment[menu×1|f=button:Add attachment|h=File]@53.8
chromium-dark-desktop › orbit-menu menu-enter-tab burst sample 18,orbit-menu,menu,menu-enter-tab,menu-enter,burst,18,Enter Tab,none | menu×1 | @menuitem:File,1,0,Enter>button:Add attachment[none|f=button:Add attachment|h=None]@16.2 ; Tab>button:Add attachment[menu×1|f=button:Add attachment|h=File]@55.4
chromium-dark-desktop › orbit-menu menu-enter-tab burst sample 19,orbit-menu,menu,menu-enter-tab,menu-enter,burst,19,Enter Tab,none | menu×1 | @menuitem:File,1,0,Enter>button:Add attachment[none|f=button:Add attachment|h=None]@30.4 ; Tab>button:Add attachment[menu×1|f=button:Add attachment|h=File]@60.1
chromium-dark-desktop › orbit-menu menu-enter-tab paced sample 0,orbit-menu,menu,menu-enter-tab,menu-enter,paced,0,Enter Tab,none | none | @button:Open context,0,0,Enter>button:Add attachment[none|f=button:Add attachment|h=None]@29.8 ; Tab>menuitem:File[menu×1|f=menuitem:File|h=File]@364.9
chromium-dark-desktop › orbit-menu menu-enter-tab paced sample 1,orbit-menu,menu,menu-enter-tab,menu-enter,paced,1,Enter Tab,none | none | @button:Open context,0,0,Enter>button:Add attachment[none|f=button:Add attachment|h=None]@16.7 ; Tab>menuitem:File[menu×1|f=menuitem:File|h=File]@359.4
chromium-dark-desktop › orbit-menu menu-enter-tab paced sample 2,orbit-menu,menu,menu-enter-tab,menu-enter,paced,2,Enter Tab,none | none | @button:Open context,0,0,Enter>button:Add attachment[none|f=button:Add attachment|h=None]@28.1 ; Tab>menuitem:File[menu×1|f=menuitem:File|h=File]@374
chromium-dark-desktop › orbit-menu menu-enter-tab paced sample 3,orbit-menu,menu,menu-enter-tab,menu-enter,paced,3,Enter Tab,none | none | @button:Open context,0,0,Enter>button:Add attachment[none|f=button:Add attachment|h=None]@15 ; Tab>menuitem:File[menu×1|f=menuitem:File|h=File]@365.1
chromium-dark-desktop › orbit-menu menu-enter-tab paced sample 4,orbit-menu,menu,menu-enter-tab,menu-enter,paced,4,Enter Tab,none | none | @button:Open context,0,0,Enter>button:Add attachment[none|f=button:Add attachment|h=None]@53.2 ; Tab>menuitem:File[menu×1|f=menuitem:File|h=File]@414.1
chromium-dark-desktop › orbit-menu menu-enter-tab paced sample 5,orbit-menu,menu,menu-enter-tab,menu-enter,paced,5,Enter Tab,none | none | @button:Open context,0,0,Enter>button:Add attachment[none|f=button:Add attachment|h=None]@17.7 ; Tab>menuitem:File[menu×1|f=menuitem:File|h=File]@352.4
chromium-dark-desktop › orbit-menu menu-enter-tab paced sample 6,orbit-menu,menu,menu-enter-tab,menu-enter,paced,6,Enter Tab,none | none | @button:Open context,0,0,Enter>button:Add attachment[none|f=button:Add attachment|h=None]@16.3 ; Tab>menuitem:File[menu×1|f=menuitem:File|h=File]@356.3
chromium-dark-desktop › orbit-menu menu-enter-tab paced sample 7,orbit-menu,menu,menu-enter-tab,menu-enter,paced,7,Enter Tab,none | none | @button:Open context,0,0,Enter>button:Add attachment[none|f=button:Add attachment|h=None]@18.5 ; Tab>menuitem:File[menu×1|f=menuitem:File|h=File]@363.1
chromium-dark-desktop › orbit-menu menu-enter-tab paced sample 8,orbit-menu,menu,menu-enter-tab,menu-enter,paced,8,Enter Tab,none | none | @button:Open context,0,0,Enter>button:Add attachment[none|f=button:Add attachment|h=None]@22.1 ; Tab>menuitem:File[menu×1|f=menuitem:File|h=File]@364.5
chromium-dark-desktop › orbit-menu menu-enter-tab paced sample 9,orbit-menu,menu,menu-enter-tab,menu-enter,paced,9,Enter Tab,none | none | @button:Open context,0,0,Enter>button:Add attachment[none|f=button:Add attachment|h=None]@15 ; Tab>menuitem:File[menu×1|f=menuitem:File|h=File]@362.4
chromium-dark-desktop › orbit-menu menu-enter-tab paced sample 10,orbit-menu,menu,menu-enter-tab,menu-enter,paced,10,Enter Tab,none | none | @button:Open context,0,0,Enter>button:Add attachment[none|f=button:Add attachment|h=None]@18.5 ; Tab>menuitem:File[menu×1|f=menuitem:File|h=File]@367.1
chromium-dark-desktop › orbit-menu menu-enter-tab paced sample 11,orbit-menu,menu,menu-enter-tab,menu-enter,paced,11,Enter Tab,none | none | @button:Open context,0,0,Enter>button:Add attachment[none|f=button:Add attachment|h=None]@24.3 ; Tab>menuitem:File[menu×1|f=menuitem:File|h=File]@376.9
chromium-dark-desktop › orbit-menu menu-enter-tab paced sample 12,orbit-menu,menu,menu-enter-tab,menu-enter,paced,12,Enter Tab,none | none | @button:Open context,0,0,Enter>button:Add attachment[none|f=button:Add attachment|h=None]@29.1 ; Tab>menuitem:File[menu×1|f=menuitem:File|h=File]@369.5
chromium-dark-desktop › orbit-menu menu-enter-tab paced sample 13,orbit-menu,menu,menu-enter-tab,menu-enter,paced,13,Enter Tab,none | none | @button:Open context,0,0,Enter>button:Add attachment[none|f=button:Add attachment|h=None]@25.8 ; Tab>menuitem:File[menu×1|f=menuitem:File|h=File]@373.9
chromium-dark-desktop › orbit-menu menu-enter-tab paced sample 14,orbit-menu,menu,menu-enter-tab,menu-enter,paced,14,Enter Tab,none | none | @button:Open context,0,0,Enter>button:Add attachment[none|f=button:Add attachment|h=None]@17.9 ; Tab>menuitem:File[menu×1|f=menuitem:File|h=File]@352.5
chromium-dark-desktop › orbit-menu menu-enter-tab paced sample 15,orbit-menu,menu,menu-enter-tab,menu-enter,paced,15,Enter Tab,none | none | @button:Open context,0,0,Enter>button:Add attachment[none|f=button:Add attachment|h=None]@20.8 ; Tab>menuitem:File[menu×1|f=menuitem:File|h=File]@359.5
chromium-dark-desktop › orbit-menu menu-enter-tab paced sample 16,orbit-menu,menu,menu-enter-tab,menu-enter,paced,16,Enter Tab,none | none | @button:Open context,0,0,Enter>button:Add attachment[none|f=button:Add attachment|h=None]@30.1 ; Tab>menuitem:File[menu×1|f=menuitem:File|h=File]@366
chromium-dark-desktop › orbit-menu menu-enter-tab paced sample 17,orbit-menu,menu,menu-enter-tab,menu-enter,paced,17,Enter Tab,none | none | @button:Open context,0,0,Enter>button:Add attachment[none|f=button:Add attachment|h=None]@18 ; Tab>menuitem:File[menu×1|f=menuitem:File|h=File]@366.5
chromium-dark-desktop › orbit-menu menu-enter-tab paced sample 18,orbit-menu,menu,menu-enter-tab,menu-enter,paced,18,Enter Tab,none | none | @button:Open context,0,0,Enter>button:Add attachment[none|f=button:Add attachment|h=None]@19 ; Tab>menuitem:File[menu×1|f=menuitem:File|h=File]@364.1
chromium-dark-desktop › orbit-menu menu-enter-tab paced sample 19,orbit-menu,menu,menu-enter-tab,menu-enter,paced,19,Enter Tab,none | none | @button:Open context,0,0,Enter>button:Add attachment[none|f=button:Add attachment|h=None]@22.4 ; Tab>menuitem:File[menu×1|f=menuitem:File|h=File]@359
chromium-dark-desktop › orbit-menu-sample menu-enter-tab burst sample 0,orbit-menu-sample,menu,menu-enter-tab,menu-enter,burst,0,Enter Tab,none | menu×1 | @menuitem:File,1,0,Enter>button:Add attachment[none|f=button:Add attachment|h=None]@30.1 ; Tab>button:Add attachment[menu×1|f=button:Add attachment|h=File]@75.4
chromium-dark-desktop › orbit-menu-sample menu-enter-tab burst sample 1,orbit-menu-sample,menu,menu-enter-tab,menu-enter,burst,1,Enter Tab,none | menu×1 | @menuitem:File,1,0,Enter>button:Add attachment[none|f=button:Add attachment|h=None]@28.7 ; Tab>button:Add attachment[menu×1|f=button:Add attachment|h=File]@60.2
chromium-dark-desktop › orbit-menu-sample menu-enter-tab burst sample 2,orbit-menu-sample,menu,menu-enter-tab,menu-enter,burst,2,Enter Tab,none | menu×1 | @menuitem:File,1,0,Enter>button:Add attachment[none|f=button:Add attachment|h=None]@31 ; Tab>button:Add attachment[menu×1|f=button:Add attachment|h=File]@63.2
chromium-dark-desktop › orbit-menu-sample menu-enter-tab burst sample 3,orbit-menu-sample,menu,menu-enter-tab,menu-enter,burst,3,Enter Tab,none | menu×1 | @menuitem:File,1,0,Enter>button:Add attachment[none|f=button:Add attachment|h=None]@29.9 ; Tab>button:Add attachment[menu×1|f=button:Add attachment|h=File]@64.1
chromium-dark-desktop › orbit-menu-sample menu-enter-tab burst sample 4,orbit-menu-sample,menu,menu-enter-tab,menu-enter,burst,4,Enter Tab,none | menu×1 | @menuitem:File,1,0,Enter>button:Add attachment[none|f=button:Add attachment|h=None]@12.3 ; Tab>button:Add attachment[menu×1|f=button:Add attachment|h=File]@46.2
chromium-dark-desktop › orbit-menu-sample menu-enter-tab burst sample 5,orbit-menu-sample,menu,menu-enter-tab,menu-enter,burst,5,Enter Tab,none | menu×1 | @menuitem:File,1,0,Enter>button:Add attachment[none|f=button:Add attachment|h=None]@35.1 ; Tab>button:Add attachment[menu×1|f=button:Add attachment|h=File]@72.2
chromium-dark-desktop › orbit-menu-sample menu-enter-tab burst sample 6,orbit-menu-sample,menu,menu-enter-tab,menu-enter,burst,6,Enter Tab,none | menu×1 | @menuitem:File,1,0,Enter>button:Add attachment[none|f=button:Add attachment|h=None]@20 ; Tab>button:Add attachment[menu×1|f=button:Add attachment|h=File]@51.8
chromium-dark-desktop › orbit-menu-sample menu-enter-tab burst sample 7,orbit-menu-sample,menu,menu-enter-tab,menu-enter,burst,7,Enter Tab,none | menu×1 | @menuitem:File,1,0,Enter>button:Add attachment[none|f=button:Add attachment|h=None]@20.4 ; Tab>button:Add attachment[menu×1|f=button:Add attachment|h=File]@52.2
chromium-dark-desktop › orbit-menu-sample menu-enter-tab burst sample 8,orbit-menu-sample,menu,menu-enter-tab,menu-enter,burst,8,Enter Tab,none | menu×1 | @menuitem:File,1,0,Enter>button:Add attachment[none|f=button:Add attachment|h=None]@22.6 ; Tab>button:Add attachment[menu×1|f=button:Add attachment|h=File]@56.8
chromium-dark-desktop › orbit-menu-sample menu-enter-tab burst sample 9,orbit-menu-sample,menu,menu-enter-tab,menu-enter,burst,9,Enter Tab,none | menu×1 | @menuitem:File,1,0,Enter>button:Add attachment[none|f=button:Add attachment|h=None]@27.8 ; Tab>button:Add attachment[menu×1|f=button:Add attachment|h=File]@57.9
chromium-dark-desktop › orbit-menu-sample menu-enter-tab burst sample 10,orbit-menu-sample,menu,menu-enter-tab,menu-enter,burst,10,Enter Tab,none | menu×1 | @menuitem:File,1,0,Enter>button:Add attachment[none|f=button:Add attachment|h=None]@26.8 ; Tab>button:Add attachment[menu×1|f=button:Add attachment|h=File]@61.6
chromium-dark-desktop › orbit-menu-sample menu-enter-tab burst sample 11,orbit-menu-sample,menu,menu-enter-tab,menu-enter,burst,11,Enter Tab,none | menu×1 | @menuitem:File,1,0,Enter>button:Add attachment[none|f=button:Add attachment|h=None]@19.7 ; Tab>button:Add attachment[menu×1|f=button:Add attachment|h=File]@50.3
chromium-dark-desktop › orbit-menu-sample menu-enter-tab burst sample 12,orbit-menu-sample,menu,menu-enter-tab,menu-enter,burst,12,Enter Tab,none | menu×1 | @menuitem:File,1,0,Enter>button:Add attachment[none|f=button:Add attachment|h=None]@33.7 ; Tab>button:Add attachment[menu×1|f=button:Add attachment|h=File]@66.9
chromium-dark-desktop › orbit-menu-sample menu-enter-tab burst sample 13,orbit-menu-sample,menu,menu-enter-tab,menu-enter,burst,13,Enter Tab,none | menu×1 | @menuitem:File,1,0,Enter>button:Add attachment[none|f=button:Add attachment|h=None]@13.5 ; Tab>button:Add attachment[menu×1|f=button:Add attachment|h=File]@49.8
chromium-dark-desktop › orbit-menu-sample menu-enter-tab burst sample 14,orbit-menu-sample,menu,menu-enter-tab,menu-enter,burst,14,Enter Tab,none | menu×1 | @menuitem:File,1,0,Enter>button:Add attachment[none|f=button:Add attachment|h=None]@19.4 ; Tab>button:Add attachment[menu×1|f=button:Add attachment|h=File]@49.5
chromium-dark-desktop › orbit-menu-sample menu-enter-tab burst sample 15,orbit-menu-sample,menu,menu-enter-tab,menu-enter,burst,15,Enter Tab,none | menu×1 | @menuitem:File,1,0,Enter>button:Add attachment[none|f=button:Add attachment|h=None]@24 ; Tab>button:Add attachment[menu×1|f=button:Add attachment|h=File]@62.4
chromium-dark-desktop › orbit-menu-sample menu-enter-tab burst sample 16,orbit-menu-sample,menu,menu-enter-tab,menu-enter,burst,16,Enter Tab,none | menu×1 | @menuitem:File,1,0,Enter>button:Add attachment[none|f=button:Add attachment|h=None]@28.8 ; Tab>button:Add attachment[menu×1|f=button:Add attachment|h=File]@63.6
chromium-dark-desktop › orbit-menu-sample menu-enter-tab burst sample 17,orbit-menu-sample,menu,menu-enter-tab,menu-enter,burst,17,Enter Tab,none | menu×1 | @menuitem:File,1,0,Enter>button:Add attachment[none|f=button:Add attachment|h=None]@21 ; Tab>button:Add attachment[menu×1|f=button:Add attachment|h=File]@54.5
chromium-dark-desktop › orbit-menu-sample menu-enter-tab burst sample 18,orbit-menu-sample,menu,menu-enter-tab,menu-enter,burst,18,Enter Tab,none | menu×1 | @menuitem:File,1,0,Enter>button:Add attachment[none|f=button:Add attachment|h=None]@25.4 ; Tab>button:Add attachment[menu×1|f=button:Add attachment|h=File]@57.4
chromium-dark-desktop › orbit-menu-sample menu-enter-tab burst sample 19,orbit-menu-sample,menu,menu-enter-tab,menu-enter,burst,19,Enter Tab,none | menu×1 | @menuitem:File,1,0,Enter>button:Add attachment[none|f=button:Add attachment|h=None]@23 ; Tab>button:Add attachment[menu×1|f=button:Add attachment|h=File]@62.1
chromium-dark-desktop › orbit-menu-sample menu-enter-tab paced sample 0,orbit-menu-sample,menu,menu-enter-tab,menu-enter,paced,0,Enter Tab,none | none | @button:Switch theme,0,0,Enter>button:Add attachment[none|f=button:Add attachment|h=None]@31.8 ; Tab>menuitem:File[menu×1|f=menuitem:File|h=File]@377.8
chromium-dark-desktop › orbit-menu-sample menu-enter-tab paced sample 1,orbit-menu-sample,menu,menu-enter-tab,menu-enter,paced,1,Enter Tab,none | none | @button:Switch theme,0,0,Enter>button:Add attachment[none|f=button:Add attachment|h=None]@19.9 ; Tab>menuitem:File[menu×1|f=menuitem:File|h=File]@367.5
chromium-dark-desktop › orbit-menu-sample menu-enter-tab paced sample 2,orbit-menu-sample,menu,menu-enter-tab,menu-enter,paced,2,Enter Tab,none | none | @button:Switch theme,0,0,Enter>button:Add attachment[none|f=button:Add attachment|h=None]@22 ; Tab>menuitem:File[menu×1|f=menuitem:File|h=File]@366.2
chromium-dark-desktop › orbit-menu-sample menu-enter-tab paced sample 3,orbit-menu-sample,menu,menu-enter-tab,menu-enter,paced,3,Enter Tab,none | none | @button:Switch theme,0,0,Enter>button:Add attachment[none|f=button:Add attachment|h=None]@18.6 ; Tab>menuitem:File[menu×1|f=menuitem:File|h=File]@360.4
chromium-dark-desktop › orbit-menu-sample menu-enter-tab paced sample 4,orbit-menu-sample,menu,menu-enter-tab,menu-enter,paced,4,Enter Tab,none | none | @button:Switch theme,0,0,Enter>button:Add attachment[none|f=button:Add attachment|h=None]@19.1 ; Tab>menuitem:File[menu×1|f=menuitem:File|h=File]@365.3
chromium-dark-desktop › orbit-menu-sample menu-enter-tab paced sample 5,orbit-menu-sample,menu,menu-enter-tab,menu-enter,paced,5,Enter Tab,none | none | @button:Switch theme,0,0,Enter>button:Add attachment[none|f=button:Add attachment|h=None]@22.2 ; Tab>menuitem:File[menu×1|f=menuitem:File|h=File]@376.7
chromium-dark-desktop › orbit-menu-sample menu-enter-tab paced sample 6,orbit-menu-sample,menu,menu-enter-tab,menu-enter,paced,6,Enter Tab,none | none | @button:Switch theme,0,0,Enter>button:Add attachment[none|f=button:Add attachment|h=None]@16.3 ; Tab>menuitem:File[menu×1|f=menuitem:File|h=File]@357.7
chromium-dark-desktop › orbit-menu-sample menu-enter-tab paced sample 7,orbit-menu-sample,menu,menu-enter-tab,menu-enter,paced,7,Enter Tab,none | none | @button:Switch theme,0,0,Enter>button:Add attachment[none|f=button:Add attachment|h=None]@19.2 ; Tab>menuitem:File[menu×1|f=menuitem:File|h=File]@365.3
chromium-dark-desktop › orbit-menu-sample menu-enter-tab paced sample 8,orbit-menu-sample,menu,menu-enter-tab,menu-enter,paced,8,Enter Tab,none | none | @button:Switch theme,0,0,Enter>button:Add attachment[none|f=button:Add attachment|h=None]@34.3 ; Tab>menuitem:File[menu×1|f=menuitem:File|h=File]@376.9
chromium-dark-desktop › orbit-menu-sample menu-enter-tab paced sample 9,orbit-menu-sample,menu,menu-enter-tab,menu-enter,paced,9,Enter Tab,none | none | @button:Switch theme,0,0,Enter>button:Add attachment[none|f=button:Add attachment|h=None]@32.4 ; Tab>menuitem:File[menu×1|f=menuitem:File|h=File]@374.9
chromium-dark-desktop › orbit-menu-sample menu-enter-tab paced sample 10,orbit-menu-sample,menu,menu-enter-tab,menu-enter,paced,10,Enter Tab,none | none | @button:Switch theme,0,0,Enter>button:Add attachment[none|f=button:Add attachment|h=None]@24.7 ; Tab>menuitem:File[menu×1|f=menuitem:File|h=File]@383.4
chromium-dark-desktop › orbit-menu-sample menu-enter-tab paced sample 11,orbit-menu-sample,menu,menu-enter-tab,menu-enter,paced,11,Enter Tab,none | none | @button:Switch theme,0,0,Enter>button:Add attachment[none|f=button:Add attachment|h=None]@22.9 ; Tab>menuitem:File[menu×1|f=menuitem:File|h=File]@371.4
chromium-dark-desktop › orbit-menu-sample menu-enter-tab paced sample 12,orbit-menu-sample,menu,menu-enter-tab,menu-enter,paced,12,Enter Tab,none | none | @button:Switch theme,0,0,Enter>button:Add attachment[none|f=button:Add attachment|h=None]@38.2 ; Tab>menuitem:File[menu×1|f=menuitem:File|h=File]@384.7
chromium-dark-desktop › orbit-menu-sample menu-enter-tab paced sample 13,orbit-menu-sample,menu,menu-enter-tab,menu-enter,paced,13,Enter Tab,none | none | @button:Switch theme,0,0,Enter>button:Add attachment[none|f=button:Add attachment|h=None]@24 ; Tab>menuitem:File[menu×1|f=menuitem:File|h=File]@372.7
chromium-dark-desktop › orbit-menu-sample menu-enter-tab paced sample 14,orbit-menu-sample,menu,menu-enter-tab,menu-enter,paced,14,Enter Tab,none | none | @button:Switch theme,0,0,Enter>button:Add attachment[none|f=button:Add attachment|h=None]@21.9 ; Tab>menuitem:File[menu×1|f=menuitem:File|h=File]@371
chromium-dark-desktop › orbit-menu-sample menu-enter-tab paced sample 15,orbit-menu-sample,menu,menu-enter-tab,menu-enter,paced,15,Enter Tab,none | none | @button:Switch theme,0,0,Enter>button:Add attachment[none|f=button:Add attachment|h=None]@28.8 ; Tab>menuitem:File[menu×1|f=menuitem:File|h=File]@375
chromium-dark-desktop › orbit-menu-sample menu-enter-tab paced sample 16,orbit-menu-sample,menu,menu-enter-tab,menu-enter,paced,16,Enter Tab,none | none | @button:Switch theme,0,0,Enter>button:Add attachment[none|f=button:Add attachment|h=None]@30.8 ; Tab>menuitem:File[menu×1|f=menuitem:File|h=File]@377.2
chromium-dark-desktop › orbit-menu-sample menu-enter-tab paced sample 17,orbit-menu-sample,menu,menu-enter-tab,menu-enter,paced,17,Enter Tab,none | none | @button:Switch theme,0,0,Enter>button:Add attachment[none|f=button:Add attachment|h=None]@24.9 ; Tab>menuitem:File[menu×1|f=menuitem:File|h=File]@379.3
chromium-dark-desktop › orbit-menu-sample menu-enter-tab paced sample 18,orbit-menu-sample,menu,menu-enter-tab,menu-enter,paced,18,Enter Tab,none | none | @button:Switch theme,0,0,Enter>button:Add attachment[none|f=button:Add attachment|h=None]@26.4 ; Tab>menuitem:File[menu×1|f=menuitem:File|h=File]@372.1
chromium-dark-desktop › orbit-menu-sample menu-enter-tab paced sample 19,orbit-menu-sample,menu,menu-enter-tab,menu-enter,paced,19,Enter Tab,none | none | @button:Switch theme,0,0,Enter>button:Add attachment[none|f=button:Add attachment|h=None]@27.7 ; Tab>menuitem:File[menu×1|f=menuitem:File|h=File]@373.9
chromium-dark-desktop › antd-menu menu-enter-tab burst sample 0,antd-menu,menu,menu-enter-tab,menu-enter,burst,0,Enter Tab,none | menu×1 | @menuitem:File,1,0,Enter>button:Add attachment[none|f=button:Add attachment|h=None]@31.4 ; Tab>button:Add attachment[menu×1|f=button:Add attachment|h=None]@98.8
chromium-dark-desktop › antd-menu menu-enter-tab burst sample 1,antd-menu,menu,menu-enter-tab,menu-enter,burst,1,Enter Tab,none | menu×1 | @menuitem:File,1,0,Enter>button:Add attachment[none|f=button:Add attachment|h=None]@28.5 ; Tab>button:Add attachment[menu×1|f=button:Add attachment|h=None]@94.8
chromium-dark-desktop › antd-menu menu-enter-tab burst sample 2,antd-menu,menu,menu-enter-tab,menu-enter,burst,2,Enter Tab,none | menu×1 | @menuitem:File,1,0,Enter>button:Add attachment[none|f=button:Add attachment|h=None]@16.2 ; Tab>button:Add attachment[menu×1|f=button:Add attachment|h=None]@79.4
chromium-dark-desktop › antd-menu menu-enter-tab burst sample 3,antd-menu,menu,menu-enter-tab,menu-enter,burst,3,Enter Tab,none | menu×1 | @menuitem:File,1,0,Enter>button:Add attachment[none|f=button:Add attachment|h=None]@26.9 ; Tab>button:Add attachment[menu×1|f=button:Add attachment|h=None]@98.2
chromium-dark-desktop › antd-menu menu-enter-tab burst sample 4,antd-menu,menu,menu-enter-tab,menu-enter,burst,4,Enter Tab,none | menu×1 | @menuitem:File,1,0,Enter>button:Add attachment[none|f=button:Add attachment|h=None]@25.6 ; Tab>button:Add attachment[menu×1|f=button:Add attachment|h=None]@94.9
chromium-dark-desktop › antd-menu menu-enter-tab burst sample 5,antd-menu,menu,menu-enter-tab,menu-enter,burst,5,Enter Tab,none | menu×1 | @menuitem:File,1,0,Enter>button:Add attachment[none|f=button:Add attachment|h=None]@19.6 ; Tab>button:Add attachment[menu×1|f=button:Add attachment|h=None]@88
chromium-dark-desktop › antd-menu menu-enter-tab burst sample 6,antd-menu,menu,menu-enter-tab,menu-enter,burst,6,Enter Tab,none | menu×1 | @menuitem:File,1,0,Enter>button:Add attachment[none|f=button:Add attachment|h=None]@32.1 ; Tab>button:Add attachment[menu×1|f=button:Add attachment|h=None]@97.7
chromium-dark-desktop › antd-menu menu-enter-tab burst sample 7,antd-menu,menu,menu-enter-tab,menu-enter,burst,7,Enter Tab,none | menu×1 | @menuitem:File,1,0,Enter>button:Add attachment[none|f=button:Add attachment|h=None]@18.2 ; Tab>button:Add attachment[menu×1|f=button:Add attachment|h=None]@85.6
chromium-dark-desktop › antd-menu menu-enter-tab burst sample 8,antd-menu,menu,menu-enter-tab,menu-enter,burst,8,Enter Tab,none | menu×1 | @menuitem:File,1,0,Enter>button:Add attachment[none|f=button:Add attachment|h=None]@35.4 ; Tab>button:Add attachment[menu×1|f=button:Add attachment|h=None]@94.8
chromium-dark-desktop › antd-menu menu-enter-tab burst sample 9,antd-menu,menu,menu-enter-tab,menu-enter,burst,9,Enter Tab,none | menu×1 | @menuitem:File,1,0,Enter>button:Add attachment[none|f=button:Add attachment|h=None]@32.8 ; Tab>button:Add attachment[menu×1|f=button:Add attachment|h=None]@94.3
chromium-dark-desktop › antd-menu menu-enter-tab burst sample 10,antd-menu,menu,menu-enter-tab,menu-enter,burst,10,Enter Tab,none | menu×1 | @menuitem:File,1,0,Enter>button:Add attachment[none|f=button:Add attachment|h=None]@31.6 ; Tab>button:Add attachment[menu×1|f=button:Add attachment|h=None]@76.8
chromium-dark-desktop › antd-menu menu-enter-tab burst sample 11,antd-menu,menu,menu-enter-tab,menu-enter,burst,11,Enter Tab,none | menu×1 | @menuitem:File,1,0,Enter>button:Add attachment[none|f=button:Add attachment|h=None]@21.3 ; Tab>button:Add attachment[menu×1|f=button:Add attachment|h=None]@79.7
chromium-dark-desktop › antd-menu menu-enter-tab burst sample 12,antd-menu,menu,menu-enter-tab,menu-enter,burst,12,Enter Tab,none | menu×1 | @menuitem:File,1,0,Enter>button:Add attachment[none|f=button:Add attachment|h=None]@28.1 ; Tab>button:Add attachment[menu×1|f=button:Add attachment|h=None]@72.7
chromium-dark-desktop › antd-menu menu-enter-tab burst sample 13,antd-menu,menu,menu-enter-tab,menu-enter,burst,13,Enter Tab,none | menu×1 | @menuitem:File,1,0,Enter>button:Add attachment[none|f=button:Add attachment|h=None]@28.9 ; Tab>button:Add attachment[menu×1|f=button:Add attachment|h=None]@74.6
chromium-dark-desktop › antd-menu menu-enter-tab burst sample 14,antd-menu,menu,menu-enter-tab,menu-enter,burst,14,Enter Tab,none | menu×1 | @menuitem:File,1,0,Enter>button:Add attachment[none|f=button:Add attachment|h=None]@22.8 ; Tab>button:Add attachment[menu×1|f=button:Add attachment|h=None]@69.6
chromium-dark-desktop › antd-menu menu-enter-tab burst sample 15,antd-menu,menu,menu-enter-tab,menu-enter,burst,15,Enter Tab,none | menu×1 | @menuitem:File,1,0,Enter>button:Add attachment[none|f=button:Add attachment|h=None]@27.3 ; Tab>button:Add attachment[menu×1|f=button:Add attachment|h=None]@95
chromium-dark-desktop › antd-menu menu-enter-tab burst sample 16,antd-menu,menu,menu-enter-tab,menu-enter,burst,16,Enter Tab,none | menu×1 | @menuitem:File,1,0,Enter>button:Add attachment[none|f=button:Add attachment|h=None]@26.5 ; Tab>button:Add attachment[menu×1|f=button:Add attachment|h=None]@95.2
chromium-dark-desktop › antd-menu menu-enter-tab burst sample 17,antd-menu,menu,menu-enter-tab,menu-enter,burst,17,Enter Tab,none | menu×1 | @menuitem:File,1,0,Enter>button:Add attachment[none|f=button:Add attachment|h=None]@30.7 ; Tab>button:Add attachment[menu×1|f=button:Add attachment|h=None]@95.6
chromium-dark-desktop › antd-menu menu-enter-tab burst sample 18,antd-menu,menu,menu-enter-tab,menu-enter,burst,18,Enter Tab,none | menu×1 | @menuitem:File,1,0,Enter>button:Add attachment[none|f=button:Add attachment|h=None]@35.8 ; Tab>button:Add attachment[menu×1|f=button:Add attachment|h=None]@103.8
chromium-dark-desktop › antd-menu menu-enter-tab burst sample 19,antd-menu,menu,menu-enter-tab,menu-enter,burst,19,Enter Tab,none | menu×1 | @menuitem:File,1,0,Enter>button:Add attachment[none|f=button:Add attachment|h=None]@22.1 ; Tab>button:Add attachment[menu×1|f=button:Add attachment|h=None]@88.9
chromium-dark-desktop › antd-menu menu-enter-tab paced sample 0,antd-menu,menu,menu-enter-tab,menu-enter,paced,0,Enter Tab,none | menu×1 | @menuitem:File,1,0,Enter>button:Add attachment[none|f=button:Add attachment|h=None]@30.5 ; Tab>button:Add attachment[menu×1|f=button:Add attachment|h=None]@402.6
chromium-dark-desktop › antd-menu menu-enter-tab paced sample 1,antd-menu,menu,menu-enter-tab,menu-enter,paced,1,Enter Tab,none | menu×1 | @menuitem:File,1,0,Enter>button:Add attachment[none|f=button:Add attachment|h=None]@32.5 ; Tab>button:Add attachment[menu×1|f=button:Add attachment|h=None]@402.8
chromium-dark-desktop › antd-menu menu-enter-tab paced sample 2,antd-menu,menu,menu-enter-tab,menu-enter,paced,2,Enter Tab,none | menu×1 | @menuitem:File,1,0,Enter>button:Add attachment[none|f=button:Add attachment|h=None]@29.5 ; Tab>button:Add attachment[menu×1|f=button:Add attachment|h=None]@398
chromium-dark-desktop › antd-menu menu-enter-tab paced sample 3,antd-menu,menu,menu-enter-tab,menu-enter,paced,3,Enter Tab,none | menu×1 | @menuitem:File,1,0,Enter>button:Add attachment[none|f=button:Add attachment|h=None]@37.8 ; Tab>button:Add attachment[menu×1|f=button:Add attachment|h=None]@423.4
chromium-dark-desktop › antd-menu menu-enter-tab paced sample 4,antd-menu,menu,menu-enter-tab,menu-enter,paced,4,Enter Tab,none | menu×1 | @menuitem:File,1,0,Enter>button:Add attachment[none|f=button:Add attachment|h=None]@25.9 ; Tab>button:Add attachment[menu×1|f=button:Add attachment|h=None]@397.7
chromium-dark-desktop › antd-menu menu-enter-tab paced sample 5,antd-menu,menu,menu-enter-tab,menu-enter,paced,5,Enter Tab,none | menu×1 | @menuitem:File,1,0,Enter>button:Add attachment[none|f=button:Add attachment|h=None]@16.9 ; Tab>button:Add attachment[menu×1|f=button:Add attachment|h=None]@389.3
chromium-dark-desktop › antd-menu menu-enter-tab paced sample 6,antd-menu,menu,menu-enter-tab,menu-enter,paced,6,Enter Tab,none | menu×1 | @menuitem:File,1,0,Enter>button:Add attachment[none|f=button:Add attachment|h=None]@26.8 ; Tab>button:Add attachment[menu×1|f=button:Add attachment|h=None]@392.3
chromium-dark-desktop › antd-menu menu-enter-tab paced sample 7,antd-menu,menu,menu-enter-tab,menu-enter,paced,7,Enter Tab,none | menu×1 | @menuitem:File,1,0,Enter>button:Add attachment[none|f=button:Add attachment|h=None]@20.8 ; Tab>button:Add attachment[menu×1|f=button:Add attachment|h=None]@394.2
chromium-dark-desktop › antd-menu menu-enter-tab paced sample 8,antd-menu,menu,menu-enter-tab,menu-enter,paced,8,Enter Tab,none | menu×1 | @menuitem:File,1,0,Enter>button:Add attachment[none|f=button:Add attachment|h=None]@23.8 ; Tab>button:Add attachment[menu×1|f=button:Add attachment|h=None]@399.5
chromium-dark-desktop › antd-menu menu-enter-tab paced sample 9,antd-menu,menu,menu-enter-tab,menu-enter,paced,9,Enter Tab,none | menu×1 | @menuitem:File,1,0,Enter>button:Add attachment[none|f=button:Add attachment|h=None]@26.9 ; Tab>button:Add attachment[menu×1|f=button:Add attachment|h=None]@393.8
chromium-dark-desktop › antd-menu menu-enter-tab paced sample 10,antd-menu,menu,menu-enter-tab,menu-enter,paced,10,Enter Tab,none | menu×1 | @menuitem:File,1,0,Enter>button:Add attachment[none|f=button:Add attachment|h=None]@30.2 ; Tab>button:Add attachment[menu×1|f=button:Add attachment|h=None]@398.4
chromium-dark-desktop › antd-menu menu-enter-tab paced sample 11,antd-menu,menu,menu-enter-tab,menu-enter,paced,11,Enter Tab,none | menu×1 | @menuitem:File,1,0,Enter>button:Add attachment[none|f=button:Add attachment|h=None]@29.5 ; Tab>button:Add attachment[menu×1|f=button:Add attachment|h=None]@405.8
chromium-dark-desktop › antd-menu menu-enter-tab paced sample 12,antd-menu,menu,menu-enter-tab,menu-enter,paced,12,Enter Tab,none | menu×1 | @menuitem:File,1,0,Enter>button:Add attachment[none|f=button:Add attachment|h=None]@21.9 ; Tab>button:Add attachment[menu×1|f=button:Add attachment|h=None]@392.9
chromium-dark-desktop › antd-menu menu-enter-tab paced sample 13,antd-menu,menu,menu-enter-tab,menu-enter,paced,13,Enter Tab,none | menu×1 | @menuitem:File,1,0,Enter>button:Add attachment[none|f=button:Add attachment|h=None]@16.3 ; Tab>button:Add attachment[menu×1|f=button:Add attachment|h=None]@381
chromium-dark-desktop › antd-menu menu-enter-tab paced sample 14,antd-menu,menu,menu-enter-tab,menu-enter,paced,14,Enter Tab,none | menu×1 | @menuitem:File,1,0,Enter>button:Add attachment[none|f=button:Add attachment|h=None]@35 ; Tab>button:Add attachment[menu×1|f=button:Add attachment|h=None]@402.4
chromium-dark-desktop › antd-menu menu-enter-tab paced sample 15,antd-menu,menu,menu-enter-tab,menu-enter,paced,15,Enter Tab,none | menu×1 | @menuitem:File,1,0,Enter>button:Add attachment[none|f=button:Add attachment|h=None]@23.5 ; Tab>button:Add attachment[menu×1|f=button:Add attachment|h=None]@393.4
chromium-dark-desktop › antd-menu menu-enter-tab paced sample 16,antd-menu,menu,menu-enter-tab,menu-enter,paced,16,Enter Tab,none | menu×1 | @menuitem:File,1,0,Enter>button:Add attachment[none|f=button:Add attachment|h=None]@31.2 ; Tab>button:Add attachment[menu×1|f=button:Add attachment|h=None]@404.2
chromium-dark-desktop › antd-menu menu-enter-tab paced sample 17,antd-menu,menu,menu-enter-tab,menu-enter,paced,17,Enter Tab,none | menu×1 | @menuitem:File,1,0,Enter>button:Add attachment[none|f=button:Add attachment|h=None]@24.9 ; Tab>button:Add attachment[menu×1|f=button:Add attachment|h=None]@391.6
chromium-dark-desktop › antd-menu menu-enter-tab paced sample 18,antd-menu,menu,menu-enter-tab,menu-enter,paced,18,Enter Tab,none | menu×1 | @menuitem:File,1,0,Enter>button:Add attachment[none|f=button:Add attachment|h=None]@29.5 ; Tab>button:Add attachment[menu×1|f=button:Add attachment|h=None]@395.6
chromium-dark-desktop › antd-menu menu-enter-tab paced sample 19,antd-menu,menu,menu-enter-tab,menu-enter,paced,19,Enter Tab,none | menu×1 | @menuitem:File,1,0,Enter>button:Add attachment[none|f=button:Add attachment|h=None]@15.7 ; Tab>button:Add attachment[menu×1|f=button:Add attachment|h=None]@384.5
