test,target,kind,sequence,control,mode,run,keys,result,window,handoff,keylog
chromium-dark-desktop › orbit-menu menu-enter burst sample 0,orbit-menu,menu,menu-enter,,burst,0,Enter,none | menu×1 | @menuitem:File,0,0,Enter>button:Add attachment[none|f=button:Add attachment|h=None]@28
chromium-dark-desktop › orbit-menu menu-enter burst sample 1,orbit-menu,menu,menu-enter,,burst,1,Enter,none | menu×1 | @menuitem:File,0,0,Enter>button:Add attachment[none|f=button:Add attachment|h=None]@17.2
chromium-dark-desktop › orbit-menu menu-enter burst sample 2,orbit-menu,menu,menu-enter,,burst,2,Enter,none | menu×1 | @menuitem:File,0,0,Enter>button:Add attachment[none|f=button:Add attachment|h=None]@16.3
chromium-dark-desktop › orbit-menu menu-enter burst sample 3,orbit-menu,menu,menu-enter,,burst,3,Enter,none | menu×1 | @menuitem:File,0,0,Enter>button:Add attachment[none|f=button:Add attachment|h=None]@26
chromium-dark-desktop › orbit-menu menu-enter burst sample 4,orbit-menu,menu,menu-enter,,burst,4,Enter,none | menu×1 | @menuitem:File,0,0,Enter>button:Add attachment[none|f=button:Add attachment|h=None]@29.1
chromium-dark-desktop › orbit-menu menu-enter burst sample 5,orbit-menu,menu,menu-enter,,burst,5,Enter,none | menu×1 | @menuitem:File,0,0,Enter>button:Add attachment[none|f=button:Add attachment|h=None]@17.6
chromium-dark-desktop › orbit-menu menu-enter burst sample 6,orbit-menu,menu,menu-enter,,burst,6,Enter,none | menu×1 | @menuitem:File,0,0,Enter>button:Add attachment[none|f=button:Add attachment|h=None]@21.7
chromium-dark-desktop › orbit-menu menu-enter burst sample 7,orbit-menu,menu,menu-enter,,burst,7,Enter,none | menu×1 | @menuitem:File,0,0,Enter>button:Add attachment[none|f=button:Add attachment|h=None]@23.2
chromium-dark-desktop › orbit-menu menu-enter burst sample 8,orbit-menu,menu,menu-enter,,burst,8,Enter,none | menu×1 | @menuitem:File,0,0,Enter>button:Add attachment[none|f=button:Add attachment|h=None]@21.7
chromium-dark-desktop › orbit-menu menu-enter burst sample 9,orbit-menu,menu,menu-enter,,burst,9,Enter,none | menu×1 | @menuitem:File,0,0,Enter>button:Add attachment[none|f=button:Add attachment|h=None]@22.1
chromium-dark-desktop › orbit-menu menu-enter burst sample 10,orbit-menu,menu,menu-enter,,burst,10,Enter,none | menu×1 | @menuitem:File,0,0,Enter>button:Add attachment[none|f=button:Add attachment|h=None]@11.7
chromium-dark-desktop › orbit-menu menu-enter burst sample 11,orbit-menu,menu,menu-enter,,burst,11,Enter,none | menu×1 | @menuitem:File,0,0,Enter>button:Add attachment[none|f=button:Add attachment|h=None]@18.9
chromium-dark-desktop › orbit-menu menu-enter burst sample 12,orbit-menu,menu,menu-enter,,burst,12,Enter,none | menu×1 | @menuitem:File,0,0,Enter>button:Add attachment[none|f=button:Add attachment|h=None]@21.5
chromium-dark-desktop › orbit-menu menu-enter burst sample 13,orbit-menu,menu,menu-enter,,burst,13,Enter,none | menu×1 | @menuitem:File,0,0,Enter>button:Add attachment[none|f=button:Add attachment|h=None]@18.1
chromium-dark-desktop › orbit-menu menu-enter burst sample 14,orbit-menu,menu,menu-enter,,burst,14,Enter,none | menu×1 | @menuitem:File,0,0,Enter>button:Add attachment[none|f=button:Add attachment|h=None]@15.2
chromium-dark-desktop › orbit-menu menu-enter burst sample 15,orbit-menu,menu,menu-enter,,burst,15,Enter,none | menu×1 | @menuitem:File,0,0,Enter>button:Add attachment[none|f=button:Add attachment|h=None]@14.6
chromium-dark-desktop › orbit-menu menu-enter burst sample 16,orbit-menu,menu,menu-enter,,burst,16,Enter,none | menu×1 | @menuitem:File,0,0,Enter>button:Add attachment[none|f=button:Add attachment|h=None]@26.4
chromium-dark-desktop › orbit-menu menu-enter burst sample 17,orbit-menu,menu,menu-enter,,burst,17,Enter,none | menu×1 | @menuitem:File,0,0,Enter>button:Add attachment[none|f=button:Add attachment|h=None]@17.3
chromium-dark-desktop › orbit-menu menu-enter burst sample 18,orbit-menu,menu,menu-enter,,burst,18,Enter,none | menu×1 | @menuitem:File,0,0,Enter>button:Add attachment[none|f=button:Add attachment|h=None]@26.5
chromium-dark-desktop › orbit-menu menu-enter burst sample 19,orbit-menu,menu,menu-enter,,burst,19,Enter,none | menu×1 | @menuitem:File,0,0,Enter>button:Add attachment[none|f=button:Add attachment|h=None]@19.8
chromium-dark-desktop › orbit-menu menu-enter paced sample 0,orbit-menu,menu,menu-enter,,paced,0,Enter,none | menu×1 | @menuitem:File,0,0,Enter>button:Add attachment[none|f=button:Add attachment|h=None]@26.1
chromium-dark-desktop › orbit-menu menu-enter paced sample 1,orbit-menu,menu,menu-enter,,paced,1,Enter,none | menu×1 | @menuitem:File,0,0,Enter>button:Add attachment[none|f=button:Add attachment|h=None]@27.6
chromium-dark-desktop › orbit-menu menu-enter paced sample 2,orbit-menu,menu,menu-enter,,paced,2,Enter,none | menu×1 | @menuitem:File,0,0,Enter>button:Add attachment[none|f=button:Add attachment|h=None]@26.8
chromium-dark-desktop › orbit-menu menu-enter paced sample 3,orbit-menu,menu,menu-enter,,paced,3,Enter,none | menu×1 | @menuitem:File,0,0,Enter>button:Add attachment[none|f=button:Add attachment|h=None]@18.7
chromium-dark-desktop › orbit-menu menu-enter paced sample 4,orbit-menu,menu,menu-enter,,paced,4,Enter,none | menu×1 | @menuitem:File,0,0,Enter>button:Add attachment[none|f=button:Add attachment|h=None]@16.2
chromium-dark-desktop › orbit-menu menu-enter paced sample 5,orbit-menu,menu,menu-enter,,paced,5,Enter,none | menu×1 | @menuitem:File,0,0,Enter>button:Add attachment[none|f=button:Add attachment|h=None]@25.6
chromium-dark-desktop › orbit-menu menu-enter paced sample 6,orbit-menu,menu,menu-enter,,paced,6,Enter,none | menu×1 | @menuitem:File,0,0,Enter>button:Add attachment[none|f=button:Add attachment|h=None]@21.7
chromium-dark-desktop › orbit-menu menu-enter paced sample 7,orbit-menu,menu,menu-enter,,paced,7,Enter,none | menu×1 | @menuitem:File,0,0,Enter>button:Add attachment[none|f=button:Add attachment|h=None]@20.1
chromium-dark-desktop › orbit-menu menu-enter paced sample 8,orbit-menu,menu,menu-enter,,paced,8,Enter,none | menu×1 | @menuitem:File,0,0,Enter>button:Add attachment[none|f=button:Add attachment|h=None]@28.4
chromium-dark-desktop › orbit-menu menu-enter paced sample 9,orbit-menu,menu,menu-enter,,paced,9,Enter,none | menu×1 | @menuitem:File,0,0,Enter>button:Add attachment[none|f=button:Add attachment|h=None]@16.3
chromium-dark-desktop › orbit-menu menu-enter paced sample 10,orbit-menu,menu,menu-enter,,paced,10,Enter,none | menu×1 | @menuitem:File,0,0,Enter>button:Add attachment[none|f=button:Add attachment|h=None]@35.4
chromium-dark-desktop › orbit-menu menu-enter paced sample 11,orbit-menu,menu,menu-enter,,paced,11,Enter,none | menu×1 | @menuitem:File,0,0,Enter>button:Add attachment[none|f=button:Add attachment|h=None]@21.1
chromium-dark-desktop › orbit-menu menu-enter paced sample 12,orbit-menu,menu,menu-enter,,paced,12,Enter,none | menu×1 | @menuitem:File,0,0,Enter>button:Add attachment[none|f=button:Add attachment|h=None]@25.3
chromium-dark-desktop › orbit-menu menu-enter paced sample 13,orbit-menu,menu,menu-enter,,paced,13,Enter,none | menu×1 | @menuitem:File,0,0,Enter>button:Add attachment[none|f=button:Add attachment|h=None]@24.1
chromium-dark-desktop › orbit-menu menu-enter paced sample 14,orbit-menu,menu,menu-enter,,paced,14,Enter,none | menu×1 | @menuitem:File,0,0,Enter>button:Add attachment[none|f=button:Add attachment|h=None]@28.6
chromium-dark-desktop › orbit-menu menu-enter paced sample 15,orbit-menu,menu,menu-enter,,paced,15,Enter,none | menu×1 | @menuitem:File,0,0,Enter>button:Add attachment[none|f=button:Add attachment|h=None]@53.6
chromium-dark-desktop › orbit-menu menu-enter paced sample 16,orbit-menu,menu,menu-enter,,paced,16,Enter,none | menu×1 | @menuitem:File,0,0,Enter>button:Add attachment[none|f=button:Add attachment|h=None]@39.7
chromium-dark-desktop › orbit-menu menu-enter paced sample 17,orbit-menu,menu,menu-enter,,paced,17,Enter,none | menu×1 | @menuitem:File,0,0,Enter>button:Add attachment[none|f=button:Add attachment|h=None]@11.3
chromium-dark-desktop › orbit-menu menu-enter paced sample 18,orbit-menu,menu,menu-enter,,paced,18,Enter,none | menu×1 | @menuitem:File,0,0,Enter>button:Add attachment[none|f=button:Add attachment|h=None]@15.1
chromium-dark-desktop › orbit-menu menu-enter paced sample 19,orbit-menu,menu,menu-enter,,paced,19,Enter,none | menu×1 | @menuitem:File,0,0,Enter>button:Add attachment[none|f=button:Add attachment|h=None]@28.8
chromium-dark-desktop › orbit-menu-sample menu-enter burst sample 0,orbit-menu-sample,menu,menu-enter,,burst,0,Enter,none | menu×1 | @menuitem:File,0,0,Enter>button:Add attachment[none|f=button:Add attachment|h=None]@28.9
chromium-dark-desktop › orbit-menu-sample menu-enter burst sample 1,orbit-menu-sample,menu,menu-enter,,burst,1,Enter,none | menu×1 | @menuitem:File,0,0,Enter>button:Add attachment[none|f=button:Add attachment|h=None]@18.6
chromium-dark-desktop › orbit-menu-sample menu-enter burst sample 2,orbit-menu-sample,menu,menu-enter,,burst,2,Enter,none | menu×1 | @menuitem:File,0,0,Enter>button:Add attachment[none|f=button:Add attachment|h=None]@10
chromium-dark-desktop › orbit-menu-sample menu-enter burst sample 3,orbit-menu-sample,menu,menu-enter,,burst,3,Enter,none | menu×1 | @menuitem:File,0,0,Enter>button:Add attachment[none|f=button:Add attachment|h=None]@26.5
chromium-dark-desktop › orbit-menu-sample menu-enter burst sample 4,orbit-menu-sample,menu,menu-enter,,burst,4,Enter,none | menu×1 | @menuitem:File,0,0,Enter>button:Add attachment[none|f=button:Add attachment|h=None]@29.8
chromium-dark-desktop › orbit-menu-sample menu-enter burst sample 5,orbit-menu-sample,menu,menu-enter,,burst,5,Enter,none | menu×1 | @menuitem:File,0,0,Enter>button:Add attachment[none|f=button:Add attachment|h=None]@20.1
chromium-dark-desktop › orbit-menu-sample menu-enter burst sample 6,orbit-menu-sample,menu,menu-enter,,burst,6,Enter,none | menu×1 | @menuitem:File,0,0,Enter>button:Add attachment[none|f=button:Add attachment|h=None]@31.1
chromium-dark-desktop › orbit-menu-sample menu-enter burst sample 7,orbit-menu-sample,menu,menu-enter,,burst,7,Enter,none | menu×1 | @menuitem:File,0,0,Enter>button:Add attachment[none|f=button:Add attachment|h=None]@29.7
chromium-dark-desktop › orbit-menu-sample menu-enter burst sample 8,orbit-menu-sample,menu,menu-enter,,burst,8,Enter,none | menu×1 | @menuitem:File,0,0,Enter>button:Add attachment[none|f=button:Add attachment|h=None]@16
chromium-dark-desktop › orbit-menu-sample menu-enter burst sample 9,orbit-menu-sample,menu,menu-enter,,burst,9,Enter,none | menu×1 | @menuitem:File,0,0,Enter>button:Add attachment[none|f=button:Add attachment|h=None]@21.9
chromium-dark-desktop › orbit-menu-sample menu-enter burst sample 10,orbit-menu-sample,menu,menu-enter,,burst,10,Enter,none | menu×1 | @menuitem:File,0,0,Enter>button:Add attachment[none|f=button:Add attachment|h=None]@21.6
chromium-dark-desktop › orbit-menu-sample menu-enter burst sample 11,orbit-menu-sample,menu,menu-enter,,burst,11,Enter,none | menu×1 | @menuitem:File,0,0,Enter>button:Add attachment[none|f=button:Add attachment|h=None]@20.8
chromium-dark-desktop › orbit-menu-sample menu-enter burst sample 12,orbit-menu-sample,menu,menu-enter,,burst,12,Enter,none | menu×1 | @menuitem:File,0,0,Enter>button:Add attachment[none|f=button:Add attachment|h=None]@15.3
chromium-dark-desktop › orbit-menu-sample menu-enter burst sample 13,orbit-menu-sample,menu,menu-enter,,burst,13,Enter,none | menu×1 | @menuitem:File,0,0,Enter>button:Add attachment[none|f=button:Add attachment|h=None]@9.3
chromium-dark-desktop › orbit-menu-sample menu-enter burst sample 14,orbit-menu-sample,menu,menu-enter,,burst,14,Enter,none | menu×1 | @menuitem:File,0,0,Enter>button:Add attachment[none|f=button:Add attachment|h=None]@19.5
chromium-dark-desktop › orbit-menu-sample menu-enter burst sample 15,orbit-menu-sample,menu,menu-enter,,burst,15,Enter,none | menu×1 | @menuitem:File,0,0,Enter>button:Add attachment[none|f=button:Add attachment|h=None]@26.3
chromium-dark-desktop › orbit-menu-sample menu-enter burst sample 16,orbit-menu-sample,menu,menu-enter,,burst,16,Enter,none | menu×1 | @menuitem:File,0,0,Enter>button:Add attachment[none|f=button:Add attachment|h=None]@21
chromium-dark-desktop › orbit-menu-sample menu-enter burst sample 17,orbit-menu-sample,menu,menu-enter,,burst,17,Enter,none | menu×1 | @menuitem:File,0,0,Enter>button:Add attachment[none|f=button:Add attachment|h=None]@14.7
chromium-dark-desktop › orbit-menu-sample menu-enter burst sample 18,orbit-menu-sample,menu,menu-enter,,burst,18,Enter,none | menu×1 | @menuitem:File,0,0,Enter>button:Add attachment[none|f=button:Add attachment|h=None]@27.2
chromium-dark-desktop › orbit-menu-sample menu-enter burst sample 19,orbit-menu-sample,menu,menu-enter,,burst,19,Enter,none | menu×1 | @menuitem:File,0,0,Enter>button:Add attachment[none|f=button:Add attachment|h=None]@24.9
chromium-dark-desktop › orbit-menu-sample menu-enter paced sample 0,orbit-menu-sample,menu,menu-enter,,paced,0,Enter,none | menu×1 | @menuitem:File,0,0,Enter>button:Add attachment[none|f=button:Add attachment|h=None]@36.3
chromium-dark-desktop › orbit-menu-sample menu-enter paced sample 1,orbit-menu-sample,menu,menu-enter,,paced,1,Enter,none | menu×1 | @menuitem:File,0,0,Enter>button:Add attachment[none|f=button:Add attachment|h=None]@42.3
chromium-dark-desktop › orbit-menu-sample menu-enter paced sample 2,orbit-menu-sample,menu,menu-enter,,paced,2,Enter,none | menu×1 | @menuitem:File,0,0,Enter>button:Add attachment[none|f=button:Add attachment|h=None]@19.2
chromium-dark-desktop › orbit-menu-sample menu-enter paced sample 3,orbit-menu-sample,menu,menu-enter,,paced,3,Enter,none | menu×1 | @menuitem:File,0,0,Enter>button:Add attachment[none|f=button:Add attachment|h=None]@14.1
chromium-dark-desktop › orbit-menu-sample menu-enter paced sample 4,orbit-menu-sample,menu,menu-enter,,paced,4,Enter,none | menu×1 | @menuitem:File,0,0,Enter>button:Add attachment[none|f=button:Add attachment|h=None]@27.6
chromium-dark-desktop › orbit-menu-sample menu-enter paced sample 5,orbit-menu-sample,menu,menu-enter,,paced,5,Enter,none | menu×1 | @menuitem:File,0,0,Enter>button:Add attachment[none|f=button:Add attachment|h=None]@24.1
chromium-dark-desktop › orbit-menu-sample menu-enter paced sample 6,orbit-menu-sample,menu,menu-enter,,paced,6,Enter,none | menu×1 | @menuitem:File,0,0,Enter>button:Add attachment[none|f=button:Add attachment|h=None]@20.1
chromium-dark-desktop › orbit-menu-sample menu-enter paced sample 7,orbit-menu-sample,menu,menu-enter,,paced,7,Enter,none | menu×1 | @menuitem:File,0,0,Enter>button:Add attachment[none|f=button:Add attachment|h=None]@18.6
chromium-dark-desktop › orbit-menu-sample menu-enter paced sample 8,orbit-menu-sample,menu,menu-enter,,paced,8,Enter,none | menu×1 | @menuitem:File,0,0,Enter>button:Add attachment[none|f=button:Add attachment|h=None]@24.8
chromium-dark-desktop › orbit-menu-sample menu-enter paced sample 9,orbit-menu-sample,menu,menu-enter,,paced,9,Enter,none | menu×1 | @menuitem:File,0,0,Enter>button:Add attachment[none|f=button:Add attachment|h=None]@30.7
chromium-dark-desktop › orbit-menu-sample menu-enter paced sample 10,orbit-menu-sample,menu,menu-enter,,paced,10,Enter,none | menu×1 | @menuitem:File,0,0,Enter>button:Add attachment[none|f=button:Add attachment|h=None]@29.8
chromium-dark-desktop › orbit-menu-sample menu-enter paced sample 11,orbit-menu-sample,menu,menu-enter,,paced,11,Enter,none | menu×1 | @menuitem:File,0,0,Enter>button:Add attachment[none|f=button:Add attachment|h=None]@19.2
chromium-dark-desktop › orbit-menu-sample menu-enter paced sample 12,orbit-menu-sample,menu,menu-enter,,paced,12,Enter,none | menu×1 | @menuitem:File,0,0,Enter>button:Add attachment[none|f=button:Add attachment|h=None]@16.2
chromium-dark-desktop › orbit-menu-sample menu-enter paced sample 13,orbit-menu-sample,menu,menu-enter,,paced,13,Enter,none | menu×1 | @menuitem:File,0,0,Enter>button:Add attachment[none|f=button:Add attachment|h=None]@18.3
chromium-dark-desktop › orbit-menu-sample menu-enter paced sample 14,orbit-menu-sample,menu,menu-enter,,paced,14,Enter,none | menu×1 | @menuitem:File,0,0,Enter>button:Add attachment[none|f=button:Add attachment|h=None]@28.3
chromium-dark-desktop › orbit-menu-sample menu-enter paced sample 15,orbit-menu-sample,menu,menu-enter,,paced,15,Enter,none | menu×1 | @menuitem:File,0,0,Enter>button:Add attachment[none|f=button:Add attachment|h=None]@32.1
chromium-dark-desktop › orbit-menu-sample menu-enter paced sample 16,orbit-menu-sample,menu,menu-enter,,paced,16,Enter,none | menu×1 | @menuitem:File,0,0,Enter>button:Add attachment[none|f=button:Add attachment|h=None]@19.7
chromium-dark-desktop › orbit-menu-sample menu-enter paced sample 17,orbit-menu-sample,menu,menu-enter,,paced,17,Enter,none | menu×1 | @menuitem:File,0,0,Enter>button:Add attachment[none|f=button:Add attachment|h=None]@15.3
chromium-dark-desktop › orbit-menu-sample menu-enter paced sample 18,orbit-menu-sample,menu,menu-enter,,paced,18,Enter,none | menu×1 | @menuitem:File,0,0,Enter>button:Add attachment[none|f=button:Add attachment|h=None]@22.6
chromium-dark-desktop › orbit-menu-sample menu-enter paced sample 19,orbit-menu-sample,menu,menu-enter,,paced,19,Enter,none | menu×1 | @menuitem:File,0,0,Enter>button:Add attachment[none|f=button:Add attachment|h=None]@26.5
chromium-dark-desktop › orbit-menu menu-enter-enter burst sample 0,orbit-menu,menu,menu-enter-enter,,burst,0,Enter Enter,Action=file | none | @button:Add attachment,1,1,Enter>button:Add attachment[none|f=button:Add attachment|h=None]@11.1 ; Enter>button:Add attachment[menu×1|f=button:Add attachment|h=File]@54.1 ; Enter*>menuitem:File[menu×1|f=button:Add attachment|h=File]@54.4
chromium-dark-desktop › orbit-menu menu-enter-enter burst sample 1,orbit-menu,menu,menu-enter-enter,,burst,1,Enter Enter,Action=file | none | @button:Add attachment,1,1,Enter>button:Add attachment[none|f=button:Add attachment|h=None]@28.1 ; Enter>button:Add attachment[menu×1|f=button:Add attachment|h=File]@57.1 ; Enter*>menuitem:File[menu×1|f=button:Add attachment|h=File]@57.2
chromium-dark-desktop › orbit-menu menu-enter-enter burst sample 2,orbit-menu,menu,menu-enter-enter,,burst,2,Enter Enter,Action=file | none | @button:Add attachment,1,1,Enter>button:Add attachment[none|f=button:Add attachment|h=None]@26.9 ; Enter>button:Add attachment[menu×1|f=button:Add attachment|h=File]@65.9 ; Enter*>menuitem:File[menu×1|f=button:Add attachment|h=File]@66.1
chromium-dark-desktop › orbit-menu menu-enter-enter burst sample 3,orbit-menu,menu,menu-enter-enter,,burst,3,Enter Enter,Action=file | none | @button:Add attachment,1,1,Enter>button:Add attachment[none|f=button:Add attachment|h=None]@15.6 ; Enter>button:Add attachment[menu×1|f=button:Add attachment|h=File]@55 ; Enter*>menuitem:File[menu×1|f=button:Add attachment|h=File]@55.2
chromium-dark-desktop › orbit-menu menu-enter-enter burst sample 4,orbit-menu,menu,menu-enter-enter,,burst,4,Enter Enter,Action=file | none | @button:Add attachment,1,1,Enter>button:Add attachment[none|f=button:Add attachment|h=None]@26.3 ; Enter>button:Add attachment[menu×1|f=button:Add attachment|h=File]@64.4 ; Enter*>menuitem:File[menu×1|f=button:Add attachment|h=File]@64.6
chromium-dark-desktop › orbit-menu menu-enter-enter burst sample 5,orbit-menu,menu,menu-enter-enter,,burst,5,Enter Enter,Action=file | none | @button:Add attachment,1,1,Enter>button:Add attachment[none|f=button:Add attachment|h=None]@17.6 ; Enter>button:Add attachment[menu×1|f=button:Add attachment|h=File]@41.9 ; Enter*>menuitem:File[menu×1|f=button:Add attachment|h=File]@42
chromium-dark-desktop › orbit-menu menu-enter-enter burst sample 6,orbit-menu,menu,menu-enter-enter,,burst,6,Enter Enter,Action=file | none | @button:Add attachment,1,1,Enter>button:Add attachment[none|f=button:Add attachment|h=None]@26.3 ; Enter>button:Add attachment[menu×1|f=button:Add attachment|h=File]@55.2 ; Enter*>menuitem:File[menu×1|f=button:Add attachment|h=File]@55.3
chromium-dark-desktop › orbit-menu menu-enter-enter burst sample 7,orbit-menu,menu,menu-enter-enter,,burst,7,Enter Enter,Action=file | none | @button:Add attachment,1,1,Enter>button:Add attachment[none|f=button:Add attachment|h=None]@14.6 ; Enter>button:Add attachment[menu×1|f=button:Add attachment|h=File]@44.6 ; Enter*>menuitem:File[menu×1|f=button:Add attachment|h=File]@44.8
chromium-dark-desktop › orbit-menu menu-enter-enter burst sample 8,orbit-menu,menu,menu-enter-enter,,burst,8,Enter Enter,Action=file | none | @button:Add attachment,1,1,Enter>button:Add attachment[none|f=button:Add attachment|h=None]@10.2 ; Enter>button:Add attachment[menu×1|f=button:Add attachment|h=File]@45.1 ; Enter*>menuitem:File[menu×1|f=button:Add attachment|h=File]@45.3
chromium-dark-desktop › orbit-menu menu-enter-enter burst sample 9,orbit-menu,menu,menu-enter-enter,,burst,9,Enter Enter,Action=file | none | @button:Add attachment,1,1,Enter>button:Add attachment[none|f=button:Add attachment|h=None]@27.8 ; Enter>button:Add attachment[menu×1|f=button:Add attachment|h=File]@51.9 ; Enter*>menuitem:File[menu×1|f=button:Add attachment|h=File]@52
chromium-dark-desktop › orbit-menu menu-enter-enter burst sample 10,orbit-menu,menu,menu-enter-enter,,burst,10,Enter Enter,Action=file | none | @button:Add attachment,1,1,Enter>button:Add attachment[none|f=button:Add attachment|h=None]@19.4 ; Enter>button:Add attachment[menu×1|f=button:Add attachment|h=File]@47.6 ; Enter*>menuitem:File[menu×1|f=button:Add attachment|h=File]@47.7
chromium-dark-desktop › orbit-menu menu-enter-enter burst sample 11,orbit-menu,menu,menu-enter-enter,,burst,11,Enter Enter,Action=file | none | @button:Add attachment,1,1,Enter>button:Add attachment[none|f=button:Add attachment|h=None]@24.6 ; Enter>button:Add attachment[menu×1|f=button:Add attachment|h=File]@57.6 ; Enter*>menuitem:File[menu×1|f=button:Add attachment|h=File]@57.7
chromium-dark-desktop › orbit-menu menu-enter-enter burst sample 12,orbit-menu,menu,menu-enter-enter,,burst,12,Enter Enter,Action=file | none | @button:Add attachment,1,1,Enter>button:Add attachment[none|f=button:Add attachment|h=None]@31.3 ; Enter>button:Add attachment[menu×1|f=button:Add attachment|h=File]@52 ; Enter*>menuitem:File[menu×1|f=button:Add attachment|h=File]@52.1
chromium-dark-desktop › orbit-menu menu-enter-enter burst sample 13,orbit-menu,menu,menu-enter-enter,,burst,13,Enter Enter,Action=file | none | @button:Add attachment,1,1,Enter>button:Add attachment[none|f=button:Add attachment|h=None]@23.2 ; Enter>button:Add attachment[menu×1|f=button:Add attachment|h=File]@48 ; Enter*>menuitem:File[menu×1|f=button:Add attachment|h=File]@48
chromium-dark-desktop › orbit-menu menu-enter-enter burst sample 14,orbit-menu,menu,menu-enter-enter,,burst,14,Enter Enter,Action=file | none | @button:Add attachment,1,1,Enter>button:Add attachment[none|f=button:Add attachment|h=None]@21.3 ; Enter>button:Add attachment[menu×1|f=button:Add attachment|h=File]@43.7 ; Enter*>menuitem:File[menu×1|f=button:Add attachment|h=File]@43.9
chromium-dark-desktop › orbit-menu menu-enter-enter burst sample 15,orbit-menu,menu,menu-enter-enter,,burst,15,Enter Enter,Action=file | none | @button:Add attachment,1,1,Enter>button:Add attachment[none|f=button:Add attachment|h=None]@17.9 ; Enter>button:Add attachment[menu×1|f=button:Add attachment|h=File]@45.1 ; Enter*>menuitem:File[menu×1|f=button:Add attachment|h=File]@45.2
chromium-dark-desktop › orbit-menu menu-enter-enter burst sample 16,orbit-menu,menu,menu-enter-enter,,burst,16,Enter Enter,Action=file | none | @button:Add attachment,1,1,Enter>button:Add attachment[none|f=button:Add attachment|h=None]@23.3 ; Enter>button:Add attachment[menu×1|f=button:Add attachment|h=File]@51.6 ; Enter*>menuitem:File[menu×1|f=button:Add attachment|h=File]@51.8
chromium-dark-desktop › orbit-menu menu-enter-enter burst sample 17,orbit-menu,menu,menu-enter-enter,,burst,17,Enter Enter,Action=file | none | @button:Add attachment,1,1,Enter>button:Add attachment[none|f=button:Add attachment|h=None]@24.9 ; Enter>button:Add attachment[menu×1|f=button:Add attachment|h=File]@48.1 ; Enter*>menuitem:File[menu×1|f=button:Add attachment|h=File]@48.2
chromium-dark-desktop › orbit-menu menu-enter-enter burst sample 18,orbit-menu,menu,menu-enter-enter,,burst,18,Enter Enter,Action=file | none | @button:Add attachment,1,1,Enter>button:Add attachment[none|f=button:Add attachment|h=None]@40.9 ; Enter>button:Add attachment[menu×1|f=button:Add attachment|h=File]@80.3 ; Enter*>menuitem:File[menu×1|f=button:Add attachment|h=File]@80.5
chromium-dark-desktop › orbit-menu menu-enter-enter burst sample 19,orbit-menu,menu,menu-enter-enter,,burst,19,Enter Enter,Action=file | none | @button:Add attachment,1,1,Enter>button:Add attachment[none|f=button:Add attachment|h=None]@27.8 ; Enter>button:Add attachment[menu×1|f=button:Add attachment|h=File]@78 ; Enter*>menuitem:File[menu×1|f=button:Add attachment|h=File]@78.7
chromium-dark-desktop › orbit-menu menu-enter-enter paced sample 0,orbit-menu,menu,menu-enter-enter,,paced,0,Enter Enter,Action=file | none | @button:Add attachment,0,0,Enter>button:Add attachment[none|f=button:Add attachment|h=None]@32.3 ; Enter>menuitem:File[menu×1|f=menuitem:File|h=File]@432.5
chromium-dark-desktop › orbit-menu menu-enter-enter paced sample 1,orbit-menu,menu,menu-enter-enter,,paced,1,Enter Enter,Action=file | none | @button:Add attachment,0,0,Enter>button:Add attachment[none|f=button:Add attachment|h=None]@12.1 ; Enter>menuitem:File[menu×1|f=menuitem:File|h=File]@355.8
chromium-dark-desktop › orbit-menu menu-enter-enter paced sample 2,orbit-menu,menu,menu-enter-enter,,paced,2,Enter Enter,Action=file | none | @button:Add attachment,0,0,Enter>button:Add attachment[none|f=button:Add attachment|h=None]@26.5 ; Enter>menuitem:File[menu×1|f=menuitem:File|h=File]@388.2
chromium-dark-desktop › orbit-menu menu-enter-enter paced sample 3,orbit-menu,menu,menu-enter-enter,,paced,3,Enter Enter,Action=file | none | @button:Add attachment,0,0,Enter>button:Add attachment[none|f=button:Add attachment|h=None]@27.4 ; Enter>menuitem:File[menu×1|f=menuitem:File|h=File]@377.2
chromium-dark-desktop › orbit-menu menu-enter-enter paced sample 4,orbit-menu,menu,menu-enter-enter,,paced,4,Enter Enter,Action=file | none | @button:Add attachment,0,0,Enter>button:Add attachment[none|f=button:Add attachment|h=None]@39.2 ; Enter>menuitem:File[menu×1|f=menuitem:File|h=File]@411
chromium-dark-desktop › orbit-menu menu-enter-enter paced sample 5,orbit-menu,menu,menu-enter-enter,,paced,5,Enter Enter,Action=file | none | @button:Add attachment,0,0,Enter>button:Add attachment[none|f=button:Add attachment|h=None]@22.2 ; Enter>menuitem:File[menu×1|f=menuitem:File|h=File]@359.4
chromium-dark-desktop › orbit-menu menu-enter-enter paced sample 6,orbit-menu,menu,menu-enter-enter,,paced,6,Enter Enter,Action=file | none | @button:Add attachment,0,0,Enter>button:Add attachment[none|f=button:Add attachment|h=None]@15.1 ; Enter>menuitem:File[menu×1|f=menuitem:File|h=File]@371
chromium-dark-desktop › orbit-menu menu-enter-enter paced sample 7,orbit-menu,menu,menu-enter-enter,,paced,7,Enter Enter,Action=file | none | @button:Add attachment,0,0,Enter>button:Add attachment[none|f=button:Add attachment|h=None]@29.7 ; Enter>menuitem:File[menu×1|f=menuitem:File|h=File]@408
chromium-dark-desktop › orbit-menu menu-enter-enter paced sample 8,orbit-menu,menu,menu-enter-enter,,paced,8,Enter Enter,Action=file | none | @button:Add attachment,0,0,Enter>button:Add attachment[none|f=button:Add attachment|h=None]@10 ; Enter>menuitem:File[menu×1|f=menuitem:File|h=File]@357.9
chromium-dark-desktop › orbit-menu menu-enter-enter paced sample 9,orbit-menu,menu,menu-enter-enter,,paced,9,Enter Enter,Action=file | none | @button:Add attachment,0,0,Enter>button:Add attachment[none|f=button:Add attachment|h=None]@35.2 ; Enter>menuitem:File[menu×1|f=menuitem:File|h=File]@391.3
chromium-dark-desktop › orbit-menu menu-enter-enter paced sample 10,orbit-menu,menu,menu-enter-enter,,paced,10,Enter Enter,Action=file | none | @button:Add attachment,0,0,Enter>button:Add attachment[none|f=button:Add attachment|h=None]@33.1 ; Enter>menuitem:File[menu×1|f=menuitem:File|h=File]@405.6
chromium-dark-desktop › orbit-menu menu-enter-enter paced sample 11,orbit-menu,menu,menu-enter-enter,,paced,11,Enter Enter,Action=file | none | @button:Add attachment,0,0,Enter>button:Add attachment[none|f=button:Add attachment|h=None]@26.1 ; Enter>menuitem:File[menu×1|f=menuitem:File|h=File]@373.3
chromium-dark-desktop › orbit-menu menu-enter-enter paced sample 12,orbit-menu,menu,menu-enter-enter,,paced,12,Enter Enter,Action=file | none | @button:Add attachment,0,0,Enter>button:Add attachment[none|f=button:Add attachment|h=None]@21 ; Enter>menuitem:File[menu×1|f=menuitem:File|h=File]@373.7
chromium-dark-desktop › orbit-menu menu-enter-enter paced sample 13,orbit-menu,menu,menu-enter-enter,,paced,13,Enter Enter,Action=file | none | @button:Add attachment,0,0,Enter>button:Add attachment[none|f=button:Add attachment|h=None]@32.9 ; Enter>menuitem:File[menu×1|f=menuitem:File|h=File]@385.7
chromium-dark-desktop › orbit-menu menu-enter-enter paced sample 14,orbit-menu,menu,menu-enter-enter,,paced,14,Enter Enter,Action=file | none | @button:Add attachment,0,0,Enter>button:Add attachment[none|f=button:Add attachment|h=None]@17.4 ; Enter>menuitem:File[menu×1|f=menuitem:File|h=File]@370.3
chromium-dark-desktop › orbit-menu menu-enter-enter paced sample 15,orbit-menu,menu,menu-enter-enter,,paced,15,Enter Enter,Action=file | none | @button:Add attachment,0,0,Enter>button:Add attachment[none|f=button:Add attachment|h=None]@22.3 ; Enter>menuitem:File[menu×1|f=menuitem:File|h=File]@393.4
chromium-dark-desktop › orbit-menu menu-enter-enter paced sample 16,orbit-menu,menu,menu-enter-enter,,paced,16,Enter Enter,Action=file | none | @button:Add attachment,0,0,Enter>button:Add attachment[none|f=button:Add attachment|h=None]@21 ; Enter>menuitem:File[menu×1|f=menuitem:File|h=File]@355.3
chromium-dark-desktop › orbit-menu menu-enter-enter paced sample 17,orbit-menu,menu,menu-enter-enter,,paced,17,Enter Enter,Action=file | none | @button:Add attachment,0,0,Enter>button:Add attachment[none|f=button:Add attachment|h=None]@19.7 ; Enter>menuitem:File[menu×1|f=menuitem:File|h=File]@374.3
chromium-dark-desktop › orbit-menu menu-enter-enter paced sample 18,orbit-menu,menu,menu-enter-enter,,paced,18,Enter Enter,Action=file | none | @button:Add attachment,0,0,Enter>button:Add attachment[none|f=button:Add attachment|h=None]@22.3 ; Enter>menuitem:File[menu×1|f=menuitem:File|h=File]@374.4
chromium-dark-desktop › orbit-menu menu-enter-enter paced sample 19,orbit-menu,menu,menu-enter-enter,,paced,19,Enter Enter,Action=file | none | @button:Add attachment,0,0,Enter>button:Add attachment[none|f=button:Add attachment|h=None]@23.2 ; Enter>menuitem:File[menu×1|f=menuitem:File|h=File]@378.2
chromium-dark-desktop › orbit-menu-sample menu-enter-enter burst sample 0,orbit-menu-sample,menu,menu-enter-enter,,burst,0,Enter Enter,ran File | none | @button:Add attachment,1,1,Enter>button:Add attachment[none|f=button:Add attachment|h=None]@22.9 ; Enter>button:Add attachment[menu×1|f=button:Add attachment|h=File]@59.8 ; Enter*>menuitem:File[menu×1|f=button:Add attachment|h=File]@60
chromium-dark-desktop › orbit-menu-sample menu-enter-enter burst sample 1,orbit-menu-sample,menu,menu-enter-enter,,burst,1,Enter Enter,ran File | none | @button:Add attachment,1,1,Enter>button:Add attachment[none|f=button:Add attachment|h=None]@24.1 ; Enter>button:Add attachment[menu×1|f=button:Add attachment|h=File]@59.1 ; Enter*>menuitem:File[menu×1|f=button:Add attachment|h=File]@59.3
chromium-dark-desktop › orbit-menu-sample menu-enter-enter burst sample 2,orbit-menu-sample,menu,menu-enter-enter,,burst,2,Enter Enter,ran File | none | @button:Add attachment,1,1,Enter>button:Add attachment[none|f=button:Add attachment|h=None]@39.1 ; Enter>button:Add attachment[menu×1|f=button:Add attachment|h=File]@82.8 ; Enter*>menuitem:File[menu×1|f=button:Add attachment|h=File]@82.9
chromium-dark-desktop › orbit-menu-sample menu-enter-enter burst sample 3,orbit-menu-sample,menu,menu-enter-enter,,burst,3,Enter Enter,ran File | none | @button:Add attachment,1,1,Enter>button:Add attachment[none|f=button:Add attachment|h=None]@21.2 ; Enter>button:Add attachment[menu×1|f=button:Add attachment|h=File]@55.6 ; Enter*>menuitem:File[menu×1|f=button:Add attachment|h=File]@55.8
chromium-dark-desktop › orbit-menu-sample menu-enter-enter burst sample 4,orbit-menu-sample,menu,menu-enter-enter,,burst,4,Enter Enter,ran File | none | @button:Add attachment,1,1,Enter>button:Add attachment[none|f=button:Add attachment|h=None]@26 ; Enter>button:Add attachment[menu×1|f=button:Add attachment|h=File]@62.9 ; Enter*>menuitem:File[menu×1|f=button:Add attachment|h=File]@63.1
chromium-dark-desktop › orbit-menu-sample menu-enter-enter burst sample 5,orbit-menu-sample,menu,menu-enter-enter,,burst,5,Enter Enter,ran File | none | @button:Add attachment,1,1,Enter>button:Add attachment[none|f=button:Add attachment|h=None]@30 ; Enter>button:Add attachment[menu×1|f=button:Add attachment|h=File]@70.6 ; Enter*>menuitem:File[menu×1|f=button:Add attachment|h=File]@70.7
chromium-dark-desktop › orbit-menu-sample menu-enter-enter burst sample 6,orbit-menu-sample,menu,menu-enter-enter,,burst,6,Enter Enter,ran File | none | @button:Add attachment,1,1,Enter>button:Add attachment[none|f=button:Add attachment|h=None]@43.2 ; Enter>button:Add attachment[menu×1|f=button:Add attachment|h=File]@76.4 ; Enter*>menuitem:File[menu×1|f=button:Add attachment|h=File]@76.6
chromium-dark-desktop › orbit-menu-sample menu-enter-enter burst sample 7,orbit-menu-sample,menu,menu-enter-enter,,burst,7,Enter Enter,ran File | none | @button:Add attachment,1,1,Enter>button:Add attachment[none|f=button:Add attachment|h=None]@14 ; Enter>button:Add attachment[menu×1|f=button:Add attachment|h=File]@63.4 ; Enter*>menuitem:File[menu×1|f=button:Add attachment|h=File]@63.7
chromium-dark-desktop › orbit-menu-sample menu-enter-enter burst sample 8,orbit-menu-sample,menu,menu-enter-enter,,burst,8,Enter Enter,ran File | none | @button:Add attachment,1,1,Enter>button:Add attachment[none|f=button:Add attachment|h=None]@43.4 ; Enter>button:Add attachment[menu×1|f=button:Add attachment|h=File]@93 ; Enter*>menuitem:File[menu×1|f=button:Add attachment|h=File]@93.2
chromium-dark-desktop › orbit-menu-sample menu-enter-enter burst sample 9,orbit-menu-sample,menu,menu-enter-enter,,burst,9,Enter Enter,ran File | none | @button:Add attachment,1,1,Enter>button:Add attachment[none|f=button:Add attachment|h=None]@22.1 ; Enter>button:Add attachment[menu×1|f=button:Add attachment|h=File]@62.1 ; Enter*>menuitem:File[menu×1|f=button:Add attachment|h=File]@62.3
chromium-dark-desktop › orbit-menu-sample menu-enter-enter burst sample 10,orbit-menu-sample,menu,menu-enter-enter,,burst,10,Enter Enter,ran File | none | @button:Add attachment,1,1,Enter>button:Add attachment[none|f=button:Add attachment|h=None]@6.5 ; Enter>button:Add attachment[menu×1|f=button:Add attachment|h=File]@47.9 ; Enter*>menuitem:File[menu×1|f=button:Add attachment|h=File]@48.1
chromium-dark-desktop › orbit-menu-sample menu-enter-enter burst sample 11,orbit-menu-sample,menu,menu-enter-enter,,burst,11,Enter Enter,ran File | none | @button:Add attachment,1,1,Enter>button:Add attachment[none|f=button:Add attachment|h=None]@50.1 ; Enter>button:Add attachment[menu×1|f=button:Add attachment|h=File]@83.4 ; Enter*>menuitem:File[menu×1|f=button:Add attachment|h=File]@83.6
chromium-dark-desktop › orbit-menu-sample menu-enter-enter burst sample 12,orbit-menu-sample,menu,menu-enter-enter,,burst,12,Enter Enter,ran File | none | @button:Add attachment,1,1,Enter>button:Add attachment[none|f=button:Add attachment|h=None]@26.8 ; Enter>button:Add attachment[menu×1|f=button:Add attachment|h=File]@61.7 ; Enter*>menuitem:File[menu×1|f=button:Add attachment|h=File]@61.8
chromium-dark-desktop › orbit-menu-sample menu-enter-enter burst sample 13,orbit-menu-sample,menu,menu-enter-enter,,burst,13,Enter Enter,ran File | none | @button:Add attachment,1,1,Enter>button:Add attachment[none|f=button:Add attachment|h=None]@26.2 ; Enter>button:Add attachment[menu×1|f=button:Add attachment|h=File]@73.7 ; Enter*>menuitem:File[menu×1|f=button:Add attachment|h=File]@73.9
chromium-dark-desktop › orbit-menu-sample menu-enter-enter burst sample 14,orbit-menu-sample,menu,menu-enter-enter,,burst,14,Enter Enter,ran File | none | @button:Add attachment,1,1,Enter>button:Add attachment[none|f=button:Add attachment|h=None]@23.7 ; Enter>button:Add attachment[menu×1|f=button:Add attachment|h=File]@57.4 ; Enter*>menuitem:File[menu×1|f=button:Add attachment|h=File]@57.6
chromium-dark-desktop › orbit-menu-sample menu-enter-enter burst sample 15,orbit-menu-sample,menu,menu-enter-enter,,burst,15,Enter Enter,ran File | none | @button:Add attachment,1,1,Enter>button:Add attachment[none|f=button:Add attachment|h=None]@21.5 ; Enter>button:Add attachment[menu×1|f=button:Add attachment|h=File]@64.9 ; Enter*>menuitem:File[menu×1|f=button:Add attachment|h=File]@65.1
chromium-dark-desktop › orbit-menu-sample menu-enter-enter burst sample 16,orbit-menu-sample,menu,menu-enter-enter,,burst,16,Enter Enter,ran File | none | @button:Add attachment,1,1,Enter>button:Add attachment[none|f=button:Add attachment|h=None]@31.3 ; Enter>button:Add attachment[menu×1|f=button:Add attachment|h=File]@63.4 ; Enter*>menuitem:File[menu×1|f=button:Add attachment|h=File]@63.5
chromium-dark-desktop › orbit-menu-sample menu-enter-enter burst sample 17,orbit-menu-sample,menu,menu-enter-enter,,burst,17,Enter Enter,ran File | none | @button:Add attachment,1,1,Enter>button:Add attachment[none|f=button:Add attachment|h=None]@25.6 ; Enter>button:Add attachment[menu×1|f=button:Add attachment|h=File]@73.9 ; Enter*>menuitem:File[menu×1|f=button:Add attachment|h=File]@74.1
chromium-dark-desktop › orbit-menu-sample menu-enter-enter burst sample 18,orbit-menu-sample,menu,menu-enter-enter,,burst,18,Enter Enter,ran File | none | @button:Add attachment,1,1,Enter>button:Add attachment[none|f=button:Add attachment|h=None]@24.1 ; Enter>button:Add attachment[menu×1|f=button:Add attachment|h=File]@60.4 ; Enter*>menuitem:File[menu×1|f=button:Add attachment|h=File]@60.6
chromium-dark-desktop › orbit-menu-sample menu-enter-enter burst sample 19,orbit-menu-sample,menu,menu-enter-enter,,burst,19,Enter Enter,ran File | none | @button:Add attachment,1,1,Enter>button:Add attachment[none|f=button:Add attachment|h=None]@6.5 ; Enter>button:Add attachment[menu×1|f=button:Add attachment|h=File]@41.4 ; Enter*>menuitem:File[menu×1|f=button:Add attachment|h=File]@41.6
chromium-dark-desktop › orbit-menu-sample menu-enter-enter paced sample 0,orbit-menu-sample,menu,menu-enter-enter,,paced,0,Enter Enter,ran File | none | @button:Add attachment,0,0,Enter>button:Add attachment[none|f=button:Add attachment|h=None]@36.1 ; Enter>menuitem:File[menu×1|f=menuitem:File|h=File]@409.2
chromium-dark-desktop › orbit-menu-sample menu-enter-enter paced sample 1,orbit-menu-sample,menu,menu-enter-enter,,paced,1,Enter Enter,ran File | none | @button:Add attachment,0,0,Enter>button:Add attachment[none|f=button:Add attachment|h=None]@26.5 ; Enter>menuitem:File[menu×1|f=menuitem:File|h=File]@373.1
chromium-dark-desktop › orbit-menu-sample menu-enter-enter paced sample 2,orbit-menu-sample,menu,menu-enter-enter,,paced,2,Enter Enter,ran File | none | @button:Add attachment,0,0,Enter>button:Add attachment[none|f=button:Add attachment|h=None]@13.3 ; Enter>menuitem:File[menu×1|f=menuitem:File|h=File]@373.1
chromium-dark-desktop › orbit-menu-sample menu-enter-enter paced sample 3,orbit-menu-sample,menu,menu-enter-enter,,paced,3,Enter Enter,ran File | none | @button:Add attachment,0,0,Enter>button:Add attachment[none|f=button:Add attachment|h=None]@29.4 ; Enter>menuitem:File[menu×1|f=menuitem:File|h=File]@381.3
chromium-dark-desktop › orbit-menu-sample menu-enter-enter paced sample 4,orbit-menu-sample,menu,menu-enter-enter,,paced,4,Enter Enter,ran File | none | @button:Add attachment,0,0,Enter>button:Add attachment[none|f=button:Add attachment|h=None]@20 ; Enter>menuitem:File[menu×1|f=menuitem:File|h=File]@380.6
chromium-dark-desktop › orbit-menu-sample menu-enter-enter paced sample 5,orbit-menu-sample,menu,menu-enter-enter,,paced,5,Enter Enter,ran File | none | @button:Add attachment,0,0,Enter>button:Add attachment[none|f=button:Add attachment|h=None]@16.2 ; Enter>menuitem:File[menu×1|f=menuitem:File|h=File]@367.4
chromium-dark-desktop › orbit-menu-sample menu-enter-enter paced sample 6,orbit-menu-sample,menu,menu-enter-enter,,paced,6,Enter Enter,ran File | none | @button:Add attachment,0,0,Enter>button:Add attachment[none|f=button:Add attachment|h=None]@37 ; Enter>menuitem:File[menu×1|f=menuitem:File|h=File]@411.9
chromium-dark-desktop › orbit-menu-sample menu-enter-enter paced sample 7,orbit-menu-sample,menu,menu-enter-enter,,paced,7,Enter Enter,ran File | none | @button:Add attachment,0,0,Enter>button:Add attachment[none|f=button:Add attachment|h=None]@35.3 ; Enter>menuitem:File[menu×1|f=menuitem:File|h=File]@390.8
chromium-dark-desktop › orbit-menu-sample menu-enter-enter paced sample 8,orbit-menu-sample,menu,menu-enter-enter,,paced,8,Enter Enter,ran File | none | @button:Add attachment,0,0,Enter>button:Add attachment[none|f=button:Add attachment|h=None]@40.6 ; Enter>menuitem:File[menu×1|f=menuitem:File|h=File]@402.5
chromium-dark-desktop › orbit-menu-sample menu-enter-enter paced sample 9,orbit-menu-sample,menu,menu-enter-enter,,paced,9,Enter Enter,ran File | none | @button:Add attachment,0,0,Enter>button:Add attachment[none|f=button:Add attachment|h=None]@25.6 ; Enter>menuitem:File[menu×1|f=menuitem:File|h=File]@379.2
chromium-dark-desktop › orbit-menu-sample menu-enter-enter paced sample 10,orbit-menu-sample,menu,menu-enter-enter,,paced,10,Enter Enter,ran File | none | @button:Add attachment,0,0,Enter>button:Add attachment[none|f=button:Add attachment|h=None]@42.6 ; Enter>menuitem:File[menu×1|f=menuitem:File|h=File]@420.3
chromium-dark-desktop › orbit-menu-sample menu-enter-enter paced sample 11,orbit-menu-sample,menu,menu-enter-enter,,paced,11,Enter Enter,ran File | none | @button:Add attachment,0,0,Enter>button:Add attachment[none|f=button:Add attachment|h=None]@21.8 ; Enter>menuitem:File[menu×1|f=menuitem:File|h=File]@379.2
chromium-dark-desktop › orbit-menu-sample menu-enter-enter paced sample 12,orbit-menu-sample,menu,menu-enter-enter,,paced,12,Enter Enter,ran File | none | @button:Add attachment,0,0,Enter>button:Add attachment[none|f=button:Add attachment|h=None]@20 ; Enter>menuitem:File[menu×1|f=menuitem:File|h=File]@391.5
chromium-dark-desktop › orbit-menu-sample menu-enter-enter paced sample 13,orbit-menu-sample,menu,menu-enter-enter,,paced,13,Enter Enter,ran File | none | @button:Add attachment,0,0,Enter>button:Add attachment[none|f=button:Add attachment|h=None]@58.6 ; Enter>menuitem:File[menu×1|f=menuitem:File|h=File]@458.4
chromium-dark-desktop › orbit-menu-sample menu-enter-enter paced sample 14,orbit-menu-sample,menu,menu-enter-enter,,paced,14,Enter Enter,ran File | none | @button:Add attachment,0,0,Enter>button:Add attachment[none|f=button:Add attachment|h=None]@31.9 ; Enter>menuitem:File[menu×1|f=menuitem:File|h=File]@387.6
chromium-dark-desktop › orbit-menu-sample menu-enter-enter paced sample 15,orbit-menu-sample,menu,menu-enter-enter,,paced,15,Enter Enter,ran File | none | @button:Add attachment,0,0,Enter>button:Add attachment[none|f=button:Add attachment|h=None]@24.5 ; Enter>menuitem:File[menu×1|f=menuitem:File|h=File]@389.7
chromium-dark-desktop › orbit-menu-sample menu-enter-enter paced sample 16,orbit-menu-sample,menu,menu-enter-enter,,paced,16,Enter Enter,ran File | none | @button:Add attachment,0,0,Enter>button:Add attachment[none|f=button:Add attachment|h=None]@14.1 ; Enter>menuitem:File[menu×1|f=menuitem:File|h=File]@354.5
chromium-dark-desktop › orbit-menu-sample menu-enter-enter paced sample 17,orbit-menu-sample,menu,menu-enter-enter,,paced,17,Enter Enter,ran File | none | @button:Add attachment,0,0,Enter>button:Add attachment[none|f=button:Add attachment|h=None]@19.1 ; Enter>menuitem:File[menu×1|f=menuitem:File|h=File]@361.1
chromium-dark-desktop › orbit-menu-sample menu-enter-enter paced sample 18,orbit-menu-sample,menu,menu-enter-enter,,paced,18,Enter Enter,ran File | none | @button:Add attachment,0,0,Enter>button:Add attachment[none|f=button:Add attachment|h=None]@27.4 ; Enter>menuitem:File[menu×1|f=menuitem:File|h=File]@379
chromium-dark-desktop › orbit-menu-sample menu-enter-enter paced sample 19,orbit-menu-sample,menu,menu-enter-enter,,paced,19,Enter Enter,ran File | none | @button:Add attachment,0,0,Enter>button:Add attachment[none|f=button:Add attachment|h=None]@22.7 ; Enter>menuitem:File[menu×1|f=menuitem:File|h=File]@386.7
chromium-dark-desktop › orbit-menu menu-enter-space burst sample 0,orbit-menu,menu,menu-enter-space,menu-enter,burst,0,Enter Space,none | none | @button:Add attachment,1,0,Enter>button:Add attachment[none|f=button:Add attachment|h=None]@22.4 ; Space>button:Add attachment[menu×1|f=button:Add attachment|h=File]@67
chromium-dark-desktop › orbit-menu menu-enter-space burst sample 1,orbit-menu,menu,menu-enter-space,menu-enter,burst,1,Enter Space,none | none | @button:Add attachment,1,0,Enter>button:Add attachment[none|f=button:Add attachment|h=None]@43.5 ; Space>button:Add attachment[menu×1|f=button:Add attachment|h=File]@103.5
chromium-dark-desktop › orbit-menu menu-enter-space burst sample 2,orbit-menu,menu,menu-enter-space,menu-enter,burst,2,Enter Space,none | none | @button:Add attachment,1,0,Enter>button:Add attachment[none|f=button:Add attachment|h=None]@43.8 ; Space>button:Add attachment[menu×1|f=button:Add attachment|h=File]@87.8
chromium-dark-desktop › orbit-menu menu-enter-space burst sample 3,orbit-menu,menu,menu-enter-space,menu-enter,burst,3,Enter Space,none | none | @button:Add attachment,1,0,Enter>button:Add attachment[none|f=button:Add attachment|h=None]@30.5 ; Space>button:Add attachment[menu×1|f=button:Add attachment|h=File]@96.8
chromium-dark-desktop › orbit-menu menu-enter-space burst sample 4,orbit-menu,menu,menu-enter-space,menu-enter,burst,4,Enter Space,none | none | @button:Add attachment,1,0,Enter>button:Add attachment[none|f=button:Add attachment|h=None]@39 ; Space>button:Add attachment[menu×1|f=button:Add attachment|h=File]@74.5
chromium-dark-desktop › orbit-menu menu-enter-space burst sample 5,orbit-menu,menu,menu-enter-space,menu-enter,burst,5,Enter Space,none | none | @button:Add attachment,1,0,Enter>button:Add attachment[none|f=button:Add attachment|h=None]@15.9 ; Space>button:Add attachment[menu×1|f=button:Add attachment|h=File]@65.1
chromium-dark-desktop › orbit-menu menu-enter-space burst sample 6,orbit-menu,menu,menu-enter-space,menu-enter,burst,6,Enter Space,none | none | @button:Add attachment,1,0,Enter>button:Add attachment[none|f=button:Add attachment|h=None]@22.6 ; Space>button:Add attachment[menu×1|f=button:Add attachment|h=File]@54.8
chromium-dark-desktop › orbit-menu menu-enter-space burst sample 7,orbit-menu,menu,menu-enter-space,menu-enter,burst,7,Enter Space,none | none | @button:Add attachment,1,0,Enter>button:Add attachment[none|f=button:Add attachment|h=None]@27 ; Space>button:Add attachment[menu×1|f=button:Add attachment|h=File]@54.5
chromium-dark-desktop › orbit-menu menu-enter-space burst sample 8,orbit-menu,menu,menu-enter-space,menu-enter,burst,8,Enter Space,none | none | @button:Add attachment,1,0,Enter>button:Add attachment[none|f=button:Add attachment|h=None]@18.4 ; Space>button:Add attachment[menu×1|f=button:Add attachment|h=File]@50
chromium-dark-desktop › orbit-menu menu-enter-space burst sample 9,orbit-menu,menu,menu-enter-space,menu-enter,burst,9,Enter Space,none | none | @button:Add attachment,1,0,Enter>button:Add attachment[none|f=button:Add attachment|h=None]@19.6 ; Space>button:Add attachment[menu×1|f=button:Add attachment|h=File]@47.8
chromium-dark-desktop › orbit-menu menu-enter-space burst sample 10,orbit-menu,menu,menu-enter-space,menu-enter,burst,10,Enter Space,none | none | @button:Add attachment,1,0,Enter>button:Add attachment[none|f=button:Add attachment|h=None]@19.9 ; Space>button:Add attachment[menu×1|f=button:Add attachment|h=File]@49.4
chromium-dark-desktop › orbit-menu menu-enter-space burst sample 11,orbit-menu,menu,menu-enter-space,menu-enter,burst,11,Enter Space,none | none | @button:Add attachment,1,0,Enter>button:Add attachment[none|f=button:Add attachment|h=None]@15 ; Space>button:Add attachment[menu×1|f=button:Add attachment|h=File]@41.9
chromium-dark-desktop › orbit-menu menu-enter-space burst sample 12,orbit-menu,menu,menu-enter-space,menu-enter,burst,12,Enter Space,none | none | @button:Add attachment,1,0,Enter>button:Add attachment[none|f=button:Add attachment|h=None]@28 ; Space>button:Add attachment[menu×1|f=button:Add attachment|h=File]@61.5
chromium-dark-desktop › orbit-menu menu-enter-space burst sample 13,orbit-menu,menu,menu-enter-space,menu-enter,burst,13,Enter Space,none | none | @button:Add attachment,1,0,Enter>button:Add attachment[none|f=button:Add attachment|h=None]@32.7 ; Space>button:Add attachment[menu×1|f=button:Add attachment|h=File]@58.1
chromium-dark-desktop › orbit-menu menu-enter-space burst sample 14,orbit-menu,menu,menu-enter-space,menu-enter,burst,14,Enter Space,none | none | @button:Add attachment,1,0,Enter>button:Add attachment[none|f=button:Add attachment|h=None]@16.7 ; Space>button:Add attachment[menu×1|f=button:Add attachment|h=File]@45.3
chromium-dark-desktop › orbit-menu menu-enter-space burst sample 15,orbit-menu,menu,menu-enter-space,menu-enter,burst,15,Enter Space,none | none | @button:Add attachment,1,0,Enter>button:Add attachment[none|f=button:Add attachment|h=None]@21.6 ; Space>button:Add attachment[menu×1|f=button:Add attachment|h=File]@52.2
chromium-dark-desktop › orbit-menu menu-enter-space burst sample 16,orbit-menu,menu,menu-enter-space,menu-enter,burst,16,Enter Space,none | none | @button:Add attachment,1,0,Enter>button:Add attachment[none|f=button:Add attachment|h=None]@18.6 ; Space>button:Add attachment[menu×1|f=button:Add attachment|h=File]@136.7
chromium-dark-desktop › orbit-menu menu-enter-space burst sample 17,orbit-menu,menu,menu-enter-space,menu-enter,burst,17,Enter Space,none | none | @button:Add attachment,1,0,Enter>button:Add attachment[none|f=button:Add attachment|h=None]@20.7 ; Space>button:Add attachment[menu×1|f=button:Add attachment|h=File]@50.9
chromium-dark-desktop › orbit-menu menu-enter-space burst sample 18,orbit-menu,menu,menu-enter-space,menu-enter,burst,18,Enter Space,none | none | @button:Add attachment,1,0,Enter>button:Add attachment[none|f=button:Add attachment|h=None]@20.1 ; Space>button:Add attachment[menu×1|f=button:Add attachment|h=File]@50.6
chromium-dark-desktop › orbit-menu menu-enter-space burst sample 19,orbit-menu,menu,menu-enter-space,menu-enter,burst,19,Enter Space,none | none | @button:Add attachment,1,0,Enter>button:Add attachment[none|f=button:Add attachment|h=None]@18.8 ; Space>button:Add attachment[menu×1|f=button:Add attachment|h=File]@48.3
chromium-dark-desktop › orbit-menu menu-enter-space paced sample 0,orbit-menu,menu,menu-enter-space,menu-enter,paced,0,Enter Space,Action=file | none | @button:Add attachment,0,0,Enter>button:Add attachment[none|f=button:Add attachment|h=None]@17.5 ; Space>menuitem:File[menu×1|f=menuitem:File|h=File]@348.5
chromium-dark-desktop › orbit-menu menu-enter-space paced sample 1,orbit-menu,menu,menu-enter-space,menu-enter,paced,1,Enter Space,Action=file | none | @button:Add attachment,0,0,Enter>button:Add attachment[none|f=button:Add attachment|h=None]@20.6 ; Space>menuitem:File[menu×1|f=menuitem:File|h=File]@358.6
chromium-dark-desktop › orbit-menu menu-enter-space paced sample 2,orbit-menu,menu,menu-enter-space,menu-enter,paced,2,Enter Space,Action=file | none | @button:Add attachment,0,0,Enter>button:Add attachment[none|f=button:Add attachment|h=None]@17.4 ; Space>menuitem:File[menu×1|f=menuitem:File|h=File]@358
chromium-dark-desktop › orbit-menu menu-enter-space paced sample 3,orbit-menu,menu,menu-enter-space,menu-enter,paced,3,Enter Space,Action=file | none | @button:Add attachment,0,0,Enter>button:Add attachment[none|f=button:Add attachment|h=None]@25.2 ; Space>menuitem:File[menu×1|f=menuitem:File|h=File]@374.7
chromium-dark-desktop › orbit-menu menu-enter-space paced sample 4,orbit-menu,menu,menu-enter-space,menu-enter,paced,4,Enter Space,Action=file | none | @button:Add attachment,0,0,Enter>button:Add attachment[none|f=button:Add attachment|h=None]@24.7 ; Space>menuitem:File[menu×1|f=menuitem:File|h=File]@366.3
chromium-dark-desktop › orbit-menu menu-enter-space paced sample 5,orbit-menu,menu,menu-enter-space,menu-enter,paced,5,Enter Space,Action=file | none | @button:Add attachment,0,0,Enter>button:Add attachment[none|f=button:Add attachment|h=None]@24.2 ; Space>menuitem:File[menu×1|f=menuitem:File|h=File]@371.2
chromium-dark-desktop › orbit-menu menu-enter-space paced sample 6,orbit-menu,menu,menu-enter-space,menu-enter,paced,6,Enter Space,Action=file | none | @button:Add attachment,0,0,Enter>button:Add attachment[none|f=button:Add attachment|h=None]@27.7 ; Space>menuitem:File[menu×1|f=menuitem:File|h=File]@369.3
chromium-dark-desktop › orbit-menu menu-enter-space paced sample 7,orbit-menu,menu,menu-enter-space,menu-enter,paced,7,Enter Space,Action=file | none | @button:Add attachment,0,0,Enter>button:Add attachment[none|f=button:Add attachment|h=None]@16.4 ; Space>menuitem:File[menu×1|f=menuitem:File|h=File]@364.5
chromium-dark-desktop › orbit-menu menu-enter-space paced sample 8,orbit-menu,menu,menu-enter-space,menu-enter,paced,8,Enter Space,Action=file | none | @button:Add attachment,0,0,Enter>button:Add attachment[none|f=button:Add attachment|h=None]@27.9 ; Space>menuitem:File[menu×1|f=menuitem:File|h=File]@383.9
chromium-dark-desktop › orbit-menu menu-enter-space paced sample 9,orbit-menu,menu,menu-enter-space,menu-enter,paced,9,Enter Space,Action=file | none | @button:Add attachment,0,0,Enter>button:Add attachment[none|f=button:Add attachment|h=None]@23.8 ; Space>menuitem:File[menu×1|f=menuitem:File|h=File]@372.9
chromium-dark-desktop › orbit-menu menu-enter-space paced sample 10,orbit-menu,menu,menu-enter-space,menu-enter,paced,10,Enter Space,Action=file | none | @button:Add attachment,0,0,Enter>button:Add attachment[none|f=button:Add attachment|h=None]@26.1 ; Space>menuitem:File[menu×1|f=menuitem:File|h=File]@371
chromium-dark-desktop › orbit-menu menu-enter-space paced sample 11,orbit-menu,menu,menu-enter-space,menu-enter,paced,11,Enter Space,Action=file | none | @button:Add attachment,0,0,Enter>button:Add attachment[none|f=button:Add attachment|h=None]@24 ; Space>menuitem:File[menu×1|f=menuitem:File|h=File]@374.3
chromium-dark-desktop › orbit-menu menu-enter-space paced sample 12,orbit-menu,menu,menu-enter-space,menu-enter,paced,12,Enter Space,Action=file | none | @button:Add attachment,0,0,Enter>button:Add attachment[none|f=button:Add attachment|h=None]@27.2 ; Space>menuitem:File[menu×1|f=menuitem:File|h=File]@368.4
chromium-dark-desktop › orbit-menu menu-enter-space paced sample 13,orbit-menu,menu,menu-enter-space,menu-enter,paced,13,Enter Space,Action=file | none | @button:Add attachment,0,0,Enter>button:Add attachment[none|f=button:Add attachment|h=None]@26.9 ; Space>menuitem:File[menu×1|f=menuitem:File|h=File]@373.3
chromium-dark-desktop › orbit-menu menu-enter-space paced sample 14,orbit-menu,menu,menu-enter-space,menu-enter,paced,14,Enter Space,Action=file | none | @button:Add attachment,0,0,Enter>button:Add attachment[none|f=button:Add attachment|h=None]@24.4 ; Space>menuitem:File[menu×1|f=menuitem:File|h=File]@383.2
chromium-dark-desktop › orbit-menu menu-enter-space paced sample 15,orbit-menu,menu,menu-enter-space,menu-enter,paced,15,Enter Space,Action=file | none | @button:Add attachment,0,0,Enter>button:Add attachment[none|f=button:Add attachment|h=None]@30.9 ; Space>menuitem:File[menu×1|f=menuitem:File|h=File]@402
chromium-dark-desktop › orbit-menu menu-enter-space paced sample 16,orbit-menu,menu,menu-enter-space,menu-enter,paced,16,Enter Space,Action=file | none | @button:Add attachment,0,0,Enter>button:Add attachment[none|f=button:Add attachment|h=None]@32.6 ; Space>menuitem:File[menu×1|f=menuitem:File|h=File]@389.3
chromium-dark-desktop › orbit-menu menu-enter-space paced sample 17,orbit-menu,menu,menu-enter-space,menu-enter,paced,17,Enter Space,Action=file | none | @button:Add attachment,0,0,Enter>button:Add attachment[none|f=button:Add attachment|h=None]@22.6 ; Space>menuitem:File[menu×1|f=menuitem:File|h=File]@373.3
chromium-dark-desktop › orbit-menu menu-enter-space paced sample 18,orbit-menu,menu,menu-enter-space,menu-enter,paced,18,Enter Space,Action=file | none | @button:Add attachment,0,0,Enter>button:Add attachment[none|f=button:Add attachment|h=None]@11 ; Space>menuitem:File[menu×1|f=menuitem:File|h=File]@356.5
chromium-dark-desktop › orbit-menu menu-enter-space paced sample 19,orbit-menu,menu,menu-enter-space,menu-enter,paced,19,Enter Space,Action=file | none | @button:Add attachment,0,0,Enter>button:Add attachment[none|f=button:Add attachment|h=None]@28.3 ; Space>menuitem:File[menu×1|f=menuitem:File|h=File]@370.5
chromium-dark-desktop › orbit-menu-sample menu-enter-space burst sample 0,orbit-menu-sample,menu,menu-enter-space,menu-enter,burst,0,Enter Space,none | none | @button:Add attachment,1,0,Enter>button:Add attachment[none|f=button:Add attachment|h=None]@20.1 ; Space>button:Add attachment[menu×1|f=button:Add attachment|h=File]@58.5
chromium-dark-desktop › orbit-menu-sample menu-enter-space burst sample 1,orbit-menu-sample,menu,menu-enter-space,menu-enter,burst,1,Enter Space,none | none | @button:Add attachment,1,0,Enter>button:Add attachment[none|f=button:Add attachment|h=None]@25.2 ; Space>button:Add attachment[menu×1|f=button:Add attachment|h=File]@76.1
chromium-dark-desktop › orbit-menu-sample menu-enter-space burst sample 2,orbit-menu-sample,menu,menu-enter-space,menu-enter,burst,2,Enter Space,none | none | @button:Add attachment,1,0,Enter>button:Add attachment[none|f=button:Add attachment|h=None]@29.6 ; Space>button:Add attachment[menu×1|f=button:Add attachment|h=File]@73
chromium-dark-desktop › orbit-menu-sample menu-enter-space burst sample 3,orbit-menu-sample,menu,menu-enter-space,menu-enter,burst,3,Enter Space,none | none | @button:Add attachment,1,0,Enter>button:Add attachment[none|f=button:Add attachment|h=None]@31.4 ; Space>button:Add attachment[menu×1|f=button:Add attachment|h=File]@66.2
chromium-dark-desktop › orbit-menu-sample menu-enter-space burst sample 4,orbit-menu-sample,menu,menu-enter-space,menu-enter,burst,4,Enter Space,none | none | @button:Add attachment,1,0,Enter>button:Add attachment[none|f=button:Add attachment|h=None]@18.5 ; Space>button:Add attachment[menu×1|f=button:Add attachment|h=File]@52.5
chromium-dark-desktop › orbit-menu-sample menu-enter-space burst sample 5,orbit-menu-sample,menu,menu-enter-space,menu-enter,burst,5,Enter Space,none | none | @button:Add attachment,1,0,Enter>button:Add attachment[none|f=button:Add attachment|h=None]@21.5 ; Space>button:Add attachment[menu×1|f=button:Add attachment|h=File]@57.5
chromium-dark-desktop › orbit-menu-sample menu-enter-space burst sample 6,orbit-menu-sample,menu,menu-enter-space,menu-enter,burst,6,Enter Space,none | none | @button:Add attachment,1,0,Enter>button:Add attachment[none|f=button:Add attachment|h=None]@26.3 ; Space>button:Add attachment[menu×1|f=button:Add attachment|h=File]@68.9
chromium-dark-desktop › orbit-menu-sample menu-enter-space burst sample 7,orbit-menu-sample,menu,menu-enter-space,menu-enter,burst,7,Enter Space,none | none | @button:Add attachment,1,0,Enter>button:Add attachment[none|f=button:Add attachment|h=None]@21.7 ; Space>button:Add attachment[menu×1|f=button:Add attachment|h=File]@54.8
chromium-dark-desktop › orbit-menu-sample menu-enter-space burst sample 8,orbit-menu-sample,menu,menu-enter-space,menu-enter,burst,8,Enter Space,none | none | @button:Add attachment,1,0,Enter>button:Add attachment[none|f=button:Add attachment|h=None]@36.6 ; Space>button:Add attachment[menu×1|f=button:Add attachment|h=File]@72.4
chromium-dark-desktop › orbit-menu-sample menu-enter-space burst sample 9,orbit-menu-sample,menu,menu-enter-space,menu-enter,burst,9,Enter Space,none | none | @button:Add attachment,1,0,Enter>button:Add attachment[none|f=button:Add attachment|h=None]@30.9 ; Space>button:Add attachment[menu×1|f=button:Add attachment|h=File]@62.9
chromium-dark-desktop › orbit-menu-sample menu-enter-space burst sample 10,orbit-menu-sample,menu,menu-enter-space,menu-enter,burst,10,Enter Space,none | none | @button:Add attachment,1,0,Enter>button:Add attachment[none|f=button:Add attachment|h=None]@32.5 ; Space>button:Add attachment[menu×1|f=button:Add attachment|h=File]@68
chromium-dark-desktop › orbit-menu-sample menu-enter-space burst sample 11,orbit-menu-sample,menu,menu-enter-space,menu-enter,burst,11,Enter Space,none | none | @button:Add attachment,1,0,Enter>button:Add attachment[none|f=button:Add attachment|h=None]@13.9 ; Space>button:Add attachment[menu×1|f=button:Add attachment|h=File]@73.9
chromium-dark-desktop › orbit-menu-sample menu-enter-space burst sample 12,orbit-menu-sample,menu,menu-enter-space,menu-enter,burst,12,Enter Space,none | none | @button:Add attachment,1,0,Enter>button:Add attachment[none|f=button:Add attachment|h=None]@23.6 ; Space>button:Add attachment[menu×1|f=button:Add attachment|h=File]@64.8
chromium-dark-desktop › orbit-menu-sample menu-enter-space burst sample 13,orbit-menu-sample,menu,menu-enter-space,menu-enter,burst,13,Enter Space,none | none | @button:Add attachment,1,0,Enter>button:Add attachment[none|f=button:Add attachment|h=None]@14 ; Space>button:Add attachment[menu×1|f=button:Add attachment|h=File]@39.6
chromium-dark-desktop › orbit-menu-sample menu-enter-space burst sample 14,orbit-menu-sample,menu,menu-enter-space,menu-enter,burst,14,Enter Space,none | none | @button:Add attachment,1,0,Enter>button:Add attachment[none|f=button:Add attachment|h=None]@35.8 ; Space>button:Add attachment[menu×1|f=button:Add attachment|h=File]@75.6
chromium-dark-desktop › orbit-menu-sample menu-enter-space burst sample 15,orbit-menu-sample,menu,menu-enter-space,menu-enter,burst,15,Enter Space,none | none | @button:Add attachment,1,0,Enter>button:Add attachment[none|f=button:Add attachment|h=None]@20.2 ; Space>button:Add attachment[menu×1|f=button:Add attachment|h=File]@82.3
chromium-dark-desktop › orbit-menu-sample menu-enter-space burst sample 16,orbit-menu-sample,menu,menu-enter-space,menu-enter,burst,16,Enter Space,none | none | @button:Add attachment,1,0,Enter>button:Add attachment[none|f=button:Add attachment|h=None]@23.3 ; Space>button:Add attachment[menu×1|f=button:Add attachment|h=File]@77.1
chromium-dark-desktop › orbit-menu-sample menu-enter-space burst sample 17,orbit-menu-sample,menu,menu-enter-space,menu-enter,burst,17,Enter Space,none | none | @button:Add attachment,1,0,Enter>button:Add attachment[none|f=button:Add attachment|h=None]@23.5 ; Space>button:Add attachment[menu×1|f=button:Add attachment|h=File]@64
chromium-dark-desktop › orbit-menu-sample menu-enter-space burst sample 18,orbit-menu-sample,menu,menu-enter-space,menu-enter,burst,18,Enter Space,none | none | @button:Add attachment,1,0,Enter>button:Add attachment[none|f=button:Add attachment|h=None]@30.5 ; Space>button:Add attachment[menu×1|f=button:Add attachment|h=File]@63.8
chromium-dark-desktop › orbit-menu-sample menu-enter-space burst sample 19,orbit-menu-sample,menu,menu-enter-space,menu-enter,burst,19,Enter Space,none | none | @button:Add attachment,1,0,Enter>button:Add attachment[none|f=button:Add attachment|h=None]@15.1 ; Space>button:Add attachment[menu×1|f=button:Add attachment|h=File]@43.9
chromium-dark-desktop › orbit-menu-sample menu-enter-space paced sample 0,orbit-menu-sample,menu,menu-enter-space,menu-enter,paced,0,Enter Space,ran File | none | @button:Add attachment,0,0,Enter>button:Add attachment[none|f=button:Add attachment|h=None]@39.9 ; Space>menuitem:File[menu×1|f=menuitem:File|h=File]@381.2
chromium-dark-desktop › orbit-menu-sample menu-enter-space paced sample 1,orbit-menu-sample,menu,menu-enter-space,menu-enter,paced,1,Enter Space,ran File | none | @button:Add attachment,0,0,Enter>button:Add attachment[none|f=button:Add attachment|h=None]@22.8 ; Space>menuitem:File[menu×1|f=menuitem:File|h=File]@369.1
chromium-dark-desktop › orbit-menu-sample menu-enter-space paced sample 2,orbit-menu-sample,menu,menu-enter-space,menu-enter,paced,2,Enter Space,ran File | none | @button:Add attachment,0,0,Enter>button:Add attachment[none|f=button:Add attachment|h=None]@24.1 ; Space>menuitem:File[menu×1|f=menuitem:File|h=File]@385.4
chromium-dark-desktop › orbit-menu-sample menu-enter-space paced sample 3,orbit-menu-sample,menu,menu-enter-space,menu-enter,paced,3,Enter Space,ran File | none | @button:Add attachment,0,0,Enter>button:Add attachment[none|f=button:Add attachment|h=None]@37.8 ; Space>menuitem:File[menu×1|f=menuitem:File|h=File]@393.9
chromium-dark-desktop › orbit-menu-sample menu-enter-space paced sample 4,orbit-menu-sample,menu,menu-enter-space,menu-enter,paced,4,Enter Space,ran File | none | @button:Add attachment,0,0,Enter>button:Add attachment[none|f=button:Add attachment|h=None]@25.7 ; Space>menuitem:File[menu×1|f=menuitem:File|h=File]@380.2
chromium-dark-desktop › orbit-menu-sample menu-enter-space paced sample 5,orbit-menu-sample,menu,menu-enter-space,menu-enter,paced,5,Enter Space,ran File | none | @button:Add attachment,0,0,Enter>button:Add attachment[none|f=button:Add attachment|h=None]@24.8 ; Space>menuitem:File[menu×1|f=menuitem:File|h=File]@399.1
chromium-dark-desktop › orbit-menu-sample menu-enter-space paced sample 6,orbit-menu-sample,menu,menu-enter-space,menu-enter,paced,6,Enter Space,ran File | none | @button:Add attachment,0,0,Enter>button:Add attachment[none|f=button:Add attachment|h=None]@28.2 ; Space>menuitem:File[menu×1|f=menuitem:File|h=File]@380.5
chromium-dark-desktop › orbit-menu-sample menu-enter-space paced sample 7,orbit-menu-sample,menu,menu-enter-space,menu-enter,paced,7,Enter Space,ran File | none | @button:Add attachment,0,0,Enter>button:Add attachment[none|f=button:Add attachment|h=None]@23.7 ; Space>menuitem:File[menu×1|f=menuitem:File|h=File]@373.8
chromium-dark-desktop › orbit-menu-sample menu-enter-space paced sample 8,orbit-menu-sample,menu,menu-enter-space,menu-enter,paced,8,Enter Space,ran File | none | @button:Add attachment,0,0,Enter>button:Add attachment[none|f=button:Add attachment|h=None]@38.6 ; Space>menuitem:File[menu×1|f=menuitem:File|h=File]@420.7
chromium-dark-desktop › orbit-menu-sample menu-enter-space paced sample 9,orbit-menu-sample,menu,menu-enter-space,menu-enter,paced,9,Enter Space,ran File | none | @button:Add attachment,0,0,Enter>button:Add attachment[none|f=button:Add attachment|h=None]@24.4 ; Space>menuitem:File[menu×1|f=menuitem:File|h=File]@395.4
chromium-dark-desktop › orbit-menu-sample menu-enter-space paced sample 10,orbit-menu-sample,menu,menu-enter-space,menu-enter,paced,10,Enter Space,ran File | none | @button:Add attachment,0,0,Enter>button:Add attachment[none|f=button:Add attachment|h=None]@22.4 ; Space>menuitem:File[menu×1|f=menuitem:File|h=File]@375.5
chromium-dark-desktop › orbit-menu-sample menu-enter-space paced sample 11,orbit-menu-sample,menu,menu-enter-space,menu-enter,paced,11,Enter Space,ran File | none | @button:Add attachment,0,0,Enter>button:Add attachment[none|f=button:Add attachment|h=None]@20.9 ; Space>menuitem:File[menu×1|f=menuitem:File|h=File]@383.2
chromium-dark-desktop › orbit-menu-sample menu-enter-space paced sample 12,orbit-menu-sample,menu,menu-enter-space,menu-enter,paced,12,Enter Space,ran File | none | @button:Add attachment,0,0,Enter>button:Add attachment[none|f=button:Add attachment|h=None]@26.4 ; Space>menuitem:File[menu×1|f=menuitem:File|h=File]@385.9
chromium-dark-desktop › orbit-menu-sample menu-enter-space paced sample 13,orbit-menu-sample,menu,menu-enter-space,menu-enter,paced,13,Enter Space,ran File | none | @button:Add attachment,0,0,Enter>button:Add attachment[none|f=button:Add attachment|h=None]@26.5 ; Space>menuitem:File[menu×1|f=menuitem:File|h=File]@395
chromium-dark-desktop › orbit-menu-sample menu-enter-space paced sample 14,orbit-menu-sample,menu,menu-enter-space,menu-enter,paced,14,Enter Space,ran File | none | @button:Add attachment,0,0,Enter>button:Add attachment[none|f=button:Add attachment|h=None]@22.9 ; Space>menuitem:File[menu×1|f=menuitem:File|h=File]@385.1
chromium-dark-desktop › orbit-menu-sample menu-enter-space paced sample 15,orbit-menu-sample,menu,menu-enter-space,menu-enter,paced,15,Enter Space,ran File | none | @button:Add attachment,0,0,Enter>button:Add attachment[none|f=button:Add attachment|h=None]@14.9 ; Space>menuitem:File[menu×1|f=menuitem:File|h=File]@373.8
chromium-dark-desktop › orbit-menu-sample menu-enter-space paced sample 16,orbit-menu-sample,menu,menu-enter-space,menu-enter,paced,16,Enter Space,ran File | none | @button:Add attachment,0,0,Enter>button:Add attachment[none|f=button:Add attachment|h=None]@22 ; Space>menuitem:File[menu×1|f=menuitem:File|h=File]@389.2
chromium-dark-desktop › orbit-menu-sample menu-enter-space paced sample 17,orbit-menu-sample,menu,menu-enter-space,menu-enter,paced,17,Enter Space,ran File | none | @button:Add attachment,0,0,Enter>button:Add attachment[none|f=button:Add attachment|h=None]@26.3 ; Space>menuitem:File[menu×1|f=menuitem:File|h=File]@384.1
chromium-dark-desktop › orbit-menu-sample menu-enter-space paced sample 18,orbit-menu-sample,menu,menu-enter-space,menu-enter,paced,18,Enter Space,ran File | none | @button:Add attachment,0,0,Enter>button:Add attachment[none|f=button:Add attachment|h=None]@29.5 ; Space>menuitem:File[menu×1|f=menuitem:File|h=File]@377.2
chromium-dark-desktop › orbit-menu-sample menu-enter-space paced sample 19,orbit-menu-sample,menu,menu-enter-space,menu-enter,paced,19,Enter Space,ran File | none | @button:Add attachment,0,0,Enter>button:Add attachment[none|f=button:Add attachment|h=None]@30.6 ; Space>menuitem:File[menu×1|f=menuitem:File|h=File]@391
chromium-dark-desktop › orbit-menu menu-enter-home-enter burst sample 0,orbit-menu,menu,menu-enter-home-enter,menu-enter-enter,burst,0,Enter Home Enter,Action=file | none | @button:Add attachment,1,1,Enter>button:Add attachment[none|f=button:Add attachment|h=None]@20.3 ; Home>button:Add attachment[menu×1|f=button:Add attachment|h=File]@56.6 ; Home*>menuitem:File[menu×1|f=button:Add attachment|h=File]@56.8 ; Enter>button:Add attachment[menu×1|f=button:Add attachment|h=File]@57.3 ; Enter*>menuitem:File[menu×1|f=button:Add attachment|h=File]@57.4
chromium-dark-desktop › orbit-menu menu-enter-home-enter burst sample 1,orbit-menu,menu,menu-enter-home-enter,menu-enter-enter,burst,1,Enter Home Enter,Action=file | none | @button:Add attachment,1,1,Enter>button:Add attachment[none|f=button:Add attachment|h=None]@27.4 ; Home>button:Add attachment[menu×1|f=button:Add attachment|h=File]@55 ; Home*>menuitem:File[menu×1|f=button:Add attachment|h=File]@55.1 ; Enter>button:Add attachment[menu×1|f=button:Add attachment|h=File]@55.6 ; Enter*>menuitem:File[menu×1|f=button:Add attachment|h=File]@55.7
chromium-dark-desktop › orbit-menu menu-enter-home-enter burst sample 2,orbit-menu,menu,menu-enter-home-enter,menu-enter-enter,burst,2,Enter Home Enter,Action=file | none | @button:Add attachment,1,1,Enter>button:Add attachment[none|f=button:Add attachment|h=None]@56.9 ; Home>button:Add attachment[menu×1|f=button:Add attachment|h=File]@85.4 ; Home*>menuitem:File[menu×1|f=button:Add attachment|h=File]@85.5 ; Enter>button:Add attachment[menu×1|f=button:Add attachment|h=File]@85.9 ; Enter*>menuitem:File[menu×1|f=button:Add attachment|h=File]@85.9
chromium-dark-desktop › orbit-menu menu-enter-home-enter burst sample 3,orbit-menu,menu,menu-enter-home-enter,menu-enter-enter,burst,3,Enter Home Enter,Action=file | none | @button:Add attachment,1,1,Enter>button:Add attachment[none|f=button:Add attachment|h=None]@26.1 ; Home>button:Add attachment[menu×1|f=button:Add attachment|h=File]@69.5 ; Home*>menuitem:File[menu×1|f=button:Add attachment|h=File]@69.8 ; Enter>button:Add attachment[menu×1|f=button:Add attachment|h=File]@70.4 ; Enter*>menuitem:File[menu×1|f=button:Add attachment|h=File]@70.4
chromium-dark-desktop › orbit-menu menu-enter-home-enter burst sample 4,orbit-menu,menu,menu-enter-home-enter,menu-enter-enter,burst,4,Enter Home Enter,Action=file | none | @button:Add attachment,1,1,Enter>button:Add attachment[none|f=button:Add attachment|h=None]@18.7 ; Home>button:Add attachment[menu×1|f=button:Add attachment|h=File]@79.4 ; Home*>menuitem:File[menu×1|f=button:Add attachment|h=File]@79.6 ; Enter>button:Add attachment[menu×1|f=button:Add attachment|h=File]@80 ; Enter*>menuitem:File[menu×1|f=button:Add attachment|h=File]@80.1
chromium-dark-desktop › orbit-menu menu-enter-home-enter burst sample 5,orbit-menu,menu,menu-enter-home-enter,menu-enter-enter,burst,5,Enter Home Enter,Action=file | none | @button:Add attachment,1,1,Enter>button:Add attachment[none|f=button:Add attachment|h=None]@41.2 ; Home>button:Add attachment[menu×1|f=button:Add attachment|h=File]@77.1 ; Home*>menuitem:File[menu×1|f=button:Add attachment|h=File]@77.4 ; Enter>button:Add attachment[menu×1|f=button:Add attachment|h=File]@78.1 ; Enter*>menuitem:File[menu×1|f=button:Add attachment|h=File]@78.1
chromium-dark-desktop › orbit-menu menu-enter-home-enter burst sample 6,orbit-menu,menu,menu-enter-home-enter,menu-enter-enter,burst,6,Enter Home Enter,Action=file | none | @button:Add attachment,1,1,Enter>button:Add attachment[none|f=button:Add attachment|h=None]@28.6 ; Home>button:Add attachment[menu×1|f=button:Add attachment|h=File]@80.7 ; Home*>menuitem:File[menu×1|f=button:Add attachment|h=File]@80.9 ; Enter>button:Add attachment[menu×1|f=button:Add attachment|h=File]@81.4 ; Enter*>menuitem:File[menu×1|f=button:Add attachment|h=File]@81.6
chromium-dark-desktop › orbit-menu menu-enter-home-enter burst sample 7,orbit-menu,menu,menu-enter-home-enter,menu-enter-enter,burst,7,Enter Home Enter,Action=file | none | @button:Add attachment,1,1,Enter>button:Add attachment[none|f=button:Add attachment|h=None]@32.8 ; Home>button:Add attachment[menu×1|f=button:Add attachment|h=File]@63.2 ; Home*>menuitem:File[menu×1|f=button:Add attachment|h=File]@63.4 ; Enter>button:Add attachment[menu×1|f=button:Add attachment|h=File]@63.9 ; Enter*>menuitem:File[menu×1|f=button:Add attachment|h=File]@64
chromium-dark-desktop › orbit-menu menu-enter-home-enter burst sample 8,orbit-menu,menu,menu-enter-home-enter,menu-enter-enter,burst,8,Enter Home Enter,Action=file | none | @button:Add attachment,1,1,Enter>button:Add attachment[none|f=button:Add attachment|h=None]@14.1 ; Home>button:Add attachment[menu×1|f=button:Add attachment|h=File]@62.7 ; Home*>menuitem:File[menu×1|f=button:Add attachment|h=File]@62.8 ; Enter>button:Add attachment[menu×1|f=button:Add attachment|h=File]@63.3 ; Enter*>menuitem:File[menu×1|f=button:Add attachment|h=File]@63.4
chromium-dark-desktop › orbit-menu menu-enter-home-enter burst sample 9,orbit-menu,menu,menu-enter-home-enter,menu-enter-enter,burst,9,Enter Home Enter,Action=file | none | @button:Add attachment,1,1,Enter>button:Add attachment[none|f=button:Add attachment|h=None]@25.3 ; Home>button:Add attachment[menu×1|f=button:Add attachment|h=File]@47.6 ; Home*>menuitem:File[menu×1|f=button:Add attachment|h=File]@47.6 ; Enter>button:Add attachment[menu×1|f=button:Add attachment|h=File]@48.1 ; Enter*>menuitem:File[menu×1|f=button:Add attachment|h=File]@48.1
chromium-dark-desktop › orbit-menu menu-enter-home-enter burst sample 10,orbit-menu,menu,menu-enter-home-enter,menu-enter-enter,burst,10,Enter Home Enter,Action=file | none | @button:Add attachment,1,1,Enter>button:Add attachment[none|f=button:Add attachment|h=None]@26 ; Home>button:Add attachment[menu×1|f=button:Add attachment|h=File]@63.1 ; Home*>menuitem:File[menu×1|f=button:Add attachment|h=File]@63.4 ; Enter>button:Add attachment[menu×1|f=button:Add attachment|h=File]@64.2 ; Enter*>menuitem:File[menu×1|f=button:Add attachment|h=File]@64.3
chromium-dark-desktop › orbit-menu menu-enter-home-enter burst sample 11,orbit-menu,menu,menu-enter-home-enter,menu-enter-enter,burst,11,Enter Home Enter,Action=file | none | @button:Add attachment,1,1,Enter>button:Add attachment[none|f=button:Add attachment|h=None]@31.1 ; Home>button:Add attachment[menu×1|f=button:Add attachment|h=File]@58.1 ; Home*>menuitem:File[menu×1|f=button:Add attachment|h=File]@58.3 ; Enter>button:Add attachment[menu×1|f=button:Add attachment|h=File]@58.6 ; Enter*>menuitem:File[menu×1|f=button:Add attachment|h=File]@58.7
chromium-dark-desktop › orbit-menu menu-enter-home-enter burst sample 12,orbit-menu,menu,menu-enter-home-enter,menu-enter-enter,burst,12,Enter Home Enter,Action=file | none | @button:Add attachment,1,1,Enter>button:Add attachment[none|f=button:Add attachment|h=None]@25.9 ; Home>button:Add attachment[menu×1|f=button:Add attachment|h=File]@85.2 ; Home*>menuitem:File[menu×1|f=button:Add attachment|h=File]@85.9 ; Enter>button:Add attachment[menu×1|f=button:Add attachment|h=File]@88.4 ; Enter*>menuitem:File[menu×1|f=button:Add attachment|h=File]@88.6
chromium-dark-desktop › orbit-menu menu-enter-home-enter burst sample 13,orbit-menu,menu,menu-enter-home-enter,menu-enter-enter,burst,13,Enter Home Enter,Action=file | none | @button:Add attachment,1,1,Enter>button:Add attachment[none|f=button:Add attachment|h=None]@26.1 ; Home>button:Add attachment[menu×1|f=button:Add attachment|h=File]@65.8 ; Home*>menuitem:File[menu×1|f=button:Add attachment|h=File]@66 ; Enter>button:Add attachment[menu×1|f=button:Add attachment|h=File]@66.5 ; Enter*>menuitem:File[menu×1|f=button:Add attachment|h=File]@66.5
chromium-dark-desktop › orbit-menu menu-enter-home-enter burst sample 14,orbit-menu,menu,menu-enter-home-enter,menu-enter-enter,burst,14,Enter Home Enter,Action=file | none | @button:Add attachment,1,1,Enter>button:Add attachment[none|f=button:Add attachment|h=None]@26.6 ; Home>button:Add attachment[menu×1|f=button:Add attachment|h=File]@76.7 ; Home*>menuitem:File[menu×1|f=button:Add attachment|h=File]@77.1 ; Enter>button:Add attachment[menu×1|f=button:Add attachment|h=File]@77.8 ; Enter*>menuitem:File[menu×1|f=button:Add attachment|h=File]@77.9
chromium-dark-desktop › orbit-menu menu-enter-home-enter burst sample 15,orbit-menu,menu,menu-enter-home-enter,menu-enter-enter,burst,15,Enter Home Enter,Action=file | none | @button:Add attachment,1,1,Enter>button:Add attachment[none|f=button:Add attachment|h=None]@12.2 ; Home>button:Add attachment[menu×1|f=button:Add attachment|h=File]@53.8 ; Home*>menuitem:File[menu×1|f=button:Add attachment|h=File]@54.1 ; Enter>button:Add attachment[menu×1|f=button:Add attachment|h=File]@54.7 ; Enter*>menuitem:File[menu×1|f=button:Add attachment|h=File]@54.7
chromium-dark-desktop › orbit-menu menu-enter-home-enter burst sample 16,orbit-menu,menu,menu-enter-home-enter,menu-enter-enter,burst,16,Enter Home Enter,Action=file | none | @button:Add attachment,1,1,Enter>button:Add attachment[none|f=button:Add attachment|h=None]@25.7 ; Home>button:Add attachment[menu×1|f=button:Add attachment|h=File]@55.6 ; Home*>menuitem:File[menu×1|f=button:Add attachment|h=File]@55.7 ; Enter>button:Add attachment[menu×1|f=button:Add attachment|h=File]@56.2 ; Enter*>menuitem:File[menu×1|f=button:Add attachment|h=File]@56.3
chromium-dark-desktop › orbit-menu menu-enter-home-enter burst sample 17,orbit-menu,menu,menu-enter-home-enter,menu-enter-enter,burst,17,Enter Home Enter,Action=file | none | @button:Add attachment,1,1,Enter>button:Add attachment[none|f=button:Add attachment|h=None]@18.7 ; Home>button:Add attachment[menu×1|f=button:Add attachment|h=File]@69.6 ; Home*>menuitem:File[menu×1|f=button:Add attachment|h=File]@69.9 ; Enter>button:Add attachment[menu×1|f=button:Add attachment|h=File]@70.3 ; Enter*>menuitem:File[menu×1|f=button:Add attachment|h=File]@70.3
chromium-dark-desktop › orbit-menu menu-enter-home-enter burst sample 18,orbit-menu,menu,menu-enter-home-enter,menu-enter-enter,burst,18,Enter Home Enter,Action=file | none | @button:Add attachment,1,1,Enter>button:Add attachment[none|f=button:Add attachment|h=None]@28.7 ; Home>button:Add attachment[menu×1|f=button:Add attachment|h=File]@53.9 ; Home*>menuitem:File[menu×1|f=button:Add attachment|h=File]@54.1 ; Enter>button:Add attachment[menu×1|f=button:Add attachment|h=File]@54.4 ; Enter*>menuitem:File[menu×1|f=button:Add attachment|h=File]@54.6
chromium-dark-desktop › orbit-menu menu-enter-home-enter burst sample 19,orbit-menu,menu,menu-enter-home-enter,menu-enter-enter,burst,19,Enter Home Enter,Action=file | none | @button:Add attachment,1,1,Enter>button:Add attachment[none|f=button:Add attachment|h=None]@29.5 ; Home>button:Add attachment[menu×1|f=button:Add attachment|h=File]@65.3 ; Home*>menuitem:File[menu×1|f=button:Add attachment|h=File]@65.6 ; Enter>button:Add attachment[menu×1|f=button:Add attachment|h=File]@66.3 ; Enter*>menuitem:File[menu×1|f=button:Add attachment|h=File]@66.3
chromium-dark-desktop › orbit-menu menu-enter-home-enter paced sample 0,orbit-menu,menu,menu-enter-home-enter,menu-enter-enter,paced,0,Enter Home Enter,Action=file | none | @button:Add attachment,0,0,Enter>button:Add attachment[none|f=button:Add attachment|h=None]@20.8 ; Home>menuitem:File[menu×1|f=menuitem:File|h=File]@417.8 ; Enter>menuitem:File[menu×1|f=menuitem:File|h=File]@736.7
chromium-dark-desktop › orbit-menu menu-enter-home-enter paced sample 1,orbit-menu,menu,menu-enter-home-enter,menu-enter-enter,paced,1,Enter Home Enter,Action=file | none | @button:Add attachment,0,0,Enter>button:Add attachment[none|f=button:Add attachment|h=None]@22.7 ; Home>menuitem:File[menu×1|f=menuitem:File|h=File]@402.4 ; Enter>menuitem:File[menu×1|f=menuitem:File|h=File]@709.5
chromium-dark-desktop › orbit-menu menu-enter-home-enter paced sample 2,orbit-menu,menu,menu-enter-home-enter,menu-enter-enter,paced,2,Enter Home Enter,Action=file | none | @button:Add attachment,0,0,Enter>button:Add attachment[none|f=button:Add attachment|h=None]@17.5 ; Home>menuitem:File[menu×1|f=menuitem:File|h=File]@379 ; Enter>menuitem:File[menu×1|f=menuitem:File|h=File]@700
chromium-dark-desktop › orbit-menu menu-enter-home-enter paced sample 3,orbit-menu,menu,menu-enter-home-enter,menu-enter-enter,paced,3,Enter Home Enter,Action=file | none | @button:Add attachment,0,0,Enter>button:Add attachment[none|f=button:Add attachment|h=None]@14 ; Home>menuitem:File[menu×1|f=menuitem:File|h=File]@381.2 ; Enter>menuitem:File[menu×1|f=menuitem:File|h=File]@693.1
chromium-dark-desktop › orbit-menu menu-enter-home-enter paced sample 4,orbit-menu,menu,menu-enter-home-enter,menu-enter-enter,paced,4,Enter Home Enter,Action=file | none | @button:Add attachment,0,0,Enter>button:Add attachment[none|f=button:Add attachment|h=None]@29.4 ; Home>menuitem:File[menu×1|f=menuitem:File|h=File]@364.6 ; Enter>menuitem:File[menu×1|f=menuitem:File|h=File]@678.5
chromium-dark-desktop › orbit-menu menu-enter-home-enter paced sample 5,orbit-menu,menu,menu-enter-home-enter,menu-enter-enter,paced,5,Enter Home Enter,Action=file | none | @button:Add attachment,0,0,Enter>button:Add attachment[none|f=button:Add attachment|h=None]@26.8 ; Home>menuitem:File[menu×1|f=menuitem:File|h=File]@386.7 ; Enter>menuitem:File[menu×1|f=menuitem:File|h=File]@698.3
chromium-dark-desktop › orbit-menu menu-enter-home-enter paced sample 6,orbit-menu,menu,menu-enter-home-enter,menu-enter-enter,paced,6,Enter Home Enter,Action=file | none | @button:Add attachment,0,0,Enter>button:Add attachment[none|f=button:Add attachment|h=None]@22 ; Home>menuitem:File[menu×1|f=menuitem:File|h=File]@365.2 ; Enter>menuitem:File[menu×1|f=menuitem:File|h=File]@673.6
chromium-dark-desktop › orbit-menu menu-enter-home-enter paced sample 7,orbit-menu,menu,menu-enter-home-enter,menu-enter-enter,paced,7,Enter Home Enter,Action=file | none | @button:Add attachment,0,0,Enter>button:Add attachment[none|f=button:Add attachment|h=None]@20.2 ; Home>menuitem:File[menu×1|f=menuitem:File|h=File]@361.5 ; Enter>menuitem:File[menu×1|f=menuitem:File|h=File]@675.4
chromium-dark-desktop › orbit-menu menu-enter-home-enter paced sample 8,orbit-menu,menu,menu-enter-home-enter,menu-enter-enter,paced,8,Enter Home Enter,Action=file | none | @button:Add attachment,0,0,Enter>button:Add attachment[none|f=button:Add attachment|h=None]@21.4 ; Home>menuitem:File[menu×1|f=menuitem:File|h=File]@350.9 ; Enter>menuitem:File[menu×1|f=menuitem:File|h=File]@665.7
chromium-dark-desktop › orbit-menu menu-enter-home-enter paced sample 9,orbit-menu,menu,menu-enter-home-enter,menu-enter-enter,paced,9,Enter Home Enter,Action=file | none | @button:Add attachment,0,0,Enter>button:Add attachment[none|f=button:Add attachment|h=None]@30.6 ; Home>menuitem:File[menu×1|f=menuitem:File|h=File]@384.3 ; Enter>menuitem:File[menu×1|f=menuitem:File|h=File]@702
chromium-dark-desktop › orbit-menu menu-enter-home-enter paced sample 10,orbit-menu,menu,menu-enter-home-enter,menu-enter-enter,paced,10,Enter Home Enter,Action=file | none | @button:Add attachment,0,0,Enter>button:Add attachment[none|f=button:Add attachment|h=None]@15.6 ; Home>menuitem:File[menu×1|f=menuitem:File|h=File]@372.4 ; Enter>menuitem:File[menu×1|f=menuitem:File|h=File]@679.9
chromium-dark-desktop › orbit-menu menu-enter-home-enter paced sample 11,orbit-menu,menu,menu-enter-home-enter,menu-enter-enter,paced,11,Enter Home Enter,Action=file | none | @button:Add attachment,0,0,Enter>button:Add attachment[none|f=button:Add attachment|h=None]@17.6 ; Home>menuitem:File[menu×1|f=menuitem:File|h=File]@369 ; Enter>menuitem:File[menu×1|f=menuitem:File|h=File]@684
chromium-dark-desktop › orbit-menu menu-enter-home-enter paced sample 12,orbit-menu,menu,menu-enter-home-enter,menu-enter-enter,paced,12,Enter Home Enter,Action=file | none | @button:Add attachment,0,0,Enter>button:Add attachment[none|f=button:Add attachment|h=None]@38.9 ; Home>menuitem:File[menu×1|f=menuitem:File|h=File]@392.4 ; Enter>menuitem:File[menu×1|f=menuitem:File|h=File]@716.8
chromium-dark-desktop › orbit-menu menu-enter-home-enter paced sample 13,orbit-menu,menu,menu-enter-home-enter,menu-enter-enter,paced,13,Enter Home Enter,Action=file | none | @button:Add attachment,0,0,Enter>button:Add attachment[none|f=button:Add attachment|h=None]@23.4 ; Home>menuitem:File[menu×1|f=menuitem:File|h=File]@375 ; Enter>menuitem:File[menu×1|f=menuitem:File|h=File]@684
chromium-dark-desktop › orbit-menu menu-enter-home-enter paced sample 14,orbit-menu,menu,menu-enter-home-enter,menu-enter-enter,paced,14,Enter Home Enter,Action=file | none | @button:Add attachment,0,0,Enter>button:Add attachment[none|f=button:Add attachment|h=None]@21.4 ; Home>menuitem:File[menu×1|f=menuitem:File|h=File]@364.7 ; Enter>menuitem:File[menu×1|f=menuitem:File|h=File]@677.9
chromium-dark-desktop › orbit-menu menu-enter-home-enter paced sample 15,orbit-menu,menu,menu-enter-home-enter,menu-enter-enter,paced,15,Enter Home Enter,Action=file | none | @button:Add attachment,0,0,Enter>button:Add attachment[none|f=button:Add attachment|h=None]@23.1 ; Home>menuitem:File[menu×1|f=menuitem:File|h=File]@369.8 ; Enter>menuitem:File[menu×1|f=menuitem:File|h=File]@678.2
chromium-dark-desktop › orbit-menu menu-enter-home-enter paced sample 16,orbit-menu,menu,menu-enter-home-enter,menu-enter-enter,paced,16,Enter Home Enter,Action=file | none | @button:Add attachment,0,0,Enter>button:Add attachment[none|f=button:Add attachment|h=None]@25.8 ; Home>menuitem:File[menu×1|f=menuitem:File|h=File]@382.2 ; Enter>menuitem:File[menu×1|f=menuitem:File|h=File]@706.3
chromium-dark-desktop › orbit-menu menu-enter-home-enter paced sample 17,orbit-menu,menu,menu-enter-home-enter,menu-enter-enter,paced,17,Enter Home Enter,Action=file | none | @button:Add attachment,0,0,Enter>button:Add attachment[none|f=button:Add attachment|h=None]@13.7 ; Home>menuitem:File[menu×1|f=menuitem:File|h=File]@363 ; Enter>menuitem:File[menu×1|f=menuitem:File|h=File]@677.2
chromium-dark-desktop › orbit-menu menu-enter-home-enter paced sample 18,orbit-menu,menu,menu-enter-home-enter,menu-enter-enter,paced,18,Enter Home Enter,Action=file | none | @button:Add attachment,0,0,Enter>button:Add attachment[none|f=button:Add attachment|h=None]@14 ; Home>menuitem:File[menu×1|f=menuitem:File|h=File]@369.2 ; Enter>menuitem:File[menu×1|f=menuitem:File|h=File]@676.4
chromium-dark-desktop › orbit-menu menu-enter-home-enter paced sample 19,orbit-menu,menu,menu-enter-home-enter,menu-enter-enter,paced,19,Enter Home Enter,Action=file | none | @button:Add attachment,0,0,Enter>button:Add attachment[none|f=button:Add attachment|h=None]@18.6 ; Home>menuitem:File[menu×1|f=menuitem:File|h=File]@368.9 ; Enter>menuitem:File[menu×1|f=menuitem:File|h=File]@692.7
chromium-dark-desktop › orbit-menu-sample menu-enter-home-enter burst sample 0,orbit-menu-sample,menu,menu-enter-home-enter,menu-enter-enter,burst,0,Enter Home Enter,ran File | none | @button:Add attachment,1,1,Enter>button:Add attachment[none|f=button:Add attachment|h=None]@17.4 ; Home>button:Add attachment[menu×1|f=button:Add attachment|h=File]@54 ; Home*>menuitem:File[menu×1|f=button:Add attachment|h=File]@54.2 ; Enter>button:Add attachment[menu×1|f=button:Add attachment|h=File]@55.3 ; Enter*>menuitem:File[menu×1|f=button:Add attachment|h=File]@55.4
chromium-dark-desktop › orbit-menu-sample menu-enter-home-enter burst sample 1,orbit-menu-sample,menu,menu-enter-home-enter,menu-enter-enter,burst,1,Enter Home Enter,ran File | none | @button:Add attachment,1,1,Enter>button:Add attachment[none|f=button:Add attachment|h=None]@25.2 ; Home>button:Add attachment[menu×1|f=button:Add attachment|h=File]@58.4 ; Home*>menuitem:File[menu×1|f=button:Add attachment|h=File]@58.5 ; Enter>button:Add attachment[menu×1|f=button:Add attachment|h=File]@58.9 ; Enter*>menuitem:File[menu×1|f=button:Add attachment|h=File]@58.9
chromium-dark-desktop › orbit-menu-sample menu-enter-home-enter burst sample 2,orbit-menu-sample,menu,menu-enter-home-enter,menu-enter-enter,burst,2,Enter Home Enter,ran File | none | @button:Add attachment,1,1,Enter>button:Add attachment[none|f=button:Add attachment|h=None]@17.2 ; Home>button:Add attachment[menu×1|f=button:Add attachment|h=File]@59.2 ; Home*>menuitem:File[menu×1|f=button:Add attachment|h=File]@59.3 ; Enter>button:Add attachment[menu×1|f=button:Add attachment|h=File]@59.6 ; Enter*>menuitem:File[menu×1|f=button:Add attachment|h=File]@59.6
chromium-dark-desktop › orbit-menu-sample menu-enter-home-enter burst sample 3,orbit-menu-sample,menu,menu-enter-home-enter,menu-enter-enter,burst,3,Enter Home Enter,ran File | none | @button:Add attachment,1,1,Enter>button:Add attachment[none|f=button:Add attachment|h=None]@28.2 ; Home>button:Add attachment[menu×1|f=button:Add attachment|h=File]@67.6 ; Home*>menuitem:File[menu×1|f=button:Add attachment|h=File]@67.7 ; Enter>button:Add attachment[menu×1|f=button:Add attachment|h=File]@68 ; Enter*>menuitem:File[menu×1|f=button:Add attachment|h=File]@68
chromium-dark-desktop › orbit-menu-sample menu-enter-home-enter burst sample 4,orbit-menu-sample,menu,menu-enter-home-enter,menu-enter-enter,burst,4,Enter Home Enter,ran File | none | @button:Add attachment,1,1,Enter>button:Add attachment[none|f=button:Add attachment|h=None]@31.4 ; Home>button:Add attachment[menu×1|f=button:Add attachment|h=File]@67.4 ; Home*>menuitem:File[menu×1|f=button:Add attachment|h=File]@67.5 ; Enter>button:Add attachment[menu×1|f=button:Add attachment|h=File]@68 ; Enter*>menuitem:File[menu×1|f=button:Add attachment|h=File]@68
chromium-dark-desktop › orbit-menu-sample menu-enter-home-enter burst sample 5,orbit-menu-sample,menu,menu-enter-home-enter,menu-enter-enter,burst,5,Enter Home Enter,ran File | none | @button:Add attachment,1,1,Enter>button:Add attachment[none|f=button:Add attachment|h=None]@28.8 ; Home>button:Add attachment[menu×1|f=button:Add attachment|h=File]@54.5 ; Home*>menuitem:File[menu×1|f=button:Add attachment|h=File]@54.6 ; Enter>button:Add attachment[menu×1|f=button:Add attachment|h=File]@54.9 ; Enter*>menuitem:File[menu×1|f=button:Add attachment|h=File]@54.9
chromium-dark-desktop › orbit-menu-sample menu-enter-home-enter burst sample 6,orbit-menu-sample,menu,menu-enter-home-enter,menu-enter-enter,burst,6,Enter Home Enter,ran File | none | @button:Add attachment,1,1,Enter>button:Add attachment[none|f=button:Add attachment|h=None]@29.9 ; Home>button:Add attachment[menu×1|f=button:Add attachment|h=File]@63 ; Home*>menuitem:File[menu×1|f=button:Add attachment|h=File]@63.2 ; Enter>button:Add attachment[menu×1|f=button:Add attachment|h=File]@63.7 ; Enter*>menuitem:File[menu×1|f=button:Add attachment|h=File]@63.8
chromium-dark-desktop › orbit-menu-sample menu-enter-home-enter burst sample 7,orbit-menu-sample,menu,menu-enter-home-enter,menu-enter-enter,burst,7,Enter Home Enter,ran File | none | @button:Add attachment,1,1,Enter>button:Add attachment[none|f=button:Add attachment|h=None]@19.3 ; Home>button:Add attachment[menu×1|f=button:Add attachment|h=File]@44.7 ; Home*>menuitem:File[menu×1|f=button:Add attachment|h=File]@44.8 ; Enter>button:Add attachment[menu×1|f=button:Add attachment|h=File]@45.1 ; Enter*>menuitem:File[menu×1|f=button:Add attachment|h=File]@45.2
chromium-dark-desktop › orbit-menu-sample menu-enter-home-enter burst sample 8,orbit-menu-sample,menu,menu-enter-home-enter,menu-enter-enter,burst,8,Enter Home Enter,ran File | none | @button:Add attachment,1,1,Enter>button:Add attachment[none|f=button:Add attachment|h=None]@32.9 ; Home>button:Add attachment[menu×1|f=button:Add attachment|h=File]@56.6 ; Home*>menuitem:File[menu×1|f=button:Add attachment|h=File]@56.7 ; Enter>button:Add attachment[menu×1|f=button:Add attachment|h=File]@57 ; Enter*>menuitem:File[menu×1|f=button:Add attachment|h=File]@57.1
chromium-dark-desktop › orbit-menu-sample menu-enter-home-enter burst sample 9,orbit-menu-sample,menu,menu-enter-home-enter,menu-enter-enter,burst,9,Enter Home Enter,ran File | none | @button:Add attachment,1,1,Enter>button:Add attachment[none|f=button:Add attachment|h=None]@36.3 ; Home>button:Add attachment[menu×1|f=button:Add attachment|h=File]@65.9 ; Home*>menuitem:File[menu×1|f=button:Add attachment|h=File]@66 ; Enter>button:Add attachment[menu×1|f=button:Add attachment|h=File]@66.4 ; Enter*>menuitem:File[menu×1|f=button:Add attachment|h=File]@66.4
chromium-dark-desktop › orbit-menu-sample menu-enter-home-enter burst sample 10,orbit-menu-sample,menu,menu-enter-home-enter,menu-enter-enter,burst,10,Enter Home Enter,ran File | none | @button:Add attachment,1,1,Enter>button:Add attachment[none|f=button:Add attachment|h=None]@23.4 ; Home>button:Add attachment[menu×1|f=button:Add attachment|h=File]@48.9 ; Home*>menuitem:File[menu×1|f=button:Add attachment|h=File]@49.1 ; Enter>button:Add attachment[menu×1|f=button:Add attachment|h=File]@49.4 ; Enter*>menuitem:File[menu×1|f=button:Add attachment|h=File]@49.4
chromium-dark-desktop › orbit-menu-sample menu-enter-home-enter burst sample 11,orbit-menu-sample,menu,menu-enter-home-enter,menu-enter-enter,burst,11,Enter Home Enter,ran File | none | @button:Add attachment,1,1,Enter>button:Add attachment[none|f=button:Add attachment|h=None]@10.9 ; Home>button:Add attachment[menu×1|f=button:Add attachment|h=File]@53 ; Home*>menuitem:File[menu×1|f=button:Add attachment|h=File]@53.1 ; Enter>button:Add attachment[menu×1|f=button:Add attachment|h=File]@54 ; Enter*>menuitem:File[menu×1|f=button:Add attachment|h=File]@54
chromium-dark-desktop › orbit-menu-sample menu-enter-home-enter burst sample 12,orbit-menu-sample,menu,menu-enter-home-enter,menu-enter-enter,burst,12,Enter Home Enter,ran File | none | @button:Add attachment,1,1,Enter>button:Add attachment[none|f=button:Add attachment|h=None]@21.2 ; Home>button:Add attachment[menu×1|f=button:Add attachment|h=File]@51.1 ; Home*>menuitem:File[menu×1|f=button:Add attachment|h=File]@51.1 ; Enter>button:Add attachment[menu×1|f=button:Add attachment|h=File]@51.4 ; Enter*>menuitem:File[menu×1|f=button:Add attachment|h=File]@51.5
chromium-dark-desktop › orbit-menu-sample menu-enter-home-enter burst sample 13,orbit-menu-sample,menu,menu-enter-home-enter,menu-enter-enter,burst,13,Enter Home Enter,ran File | none | @button:Add attachment,1,1,Enter>button:Add attachment[none|f=button:Add attachment|h=None]@20.4 ; Home>button:Add attachment[menu×1|f=button:Add attachment|h=File]@56 ; Home*>menuitem:File[menu×1|f=button:Add attachment|h=File]@56.1 ; Enter>button:Add attachment[menu×1|f=button:Add attachment|h=File]@56.5 ; Enter*>menuitem:File[menu×1|f=button:Add attachment|h=File]@56.5
chromium-dark-desktop › orbit-menu-sample menu-enter-home-enter burst sample 14,orbit-menu-sample,menu,menu-enter-home-enter,menu-enter-enter,burst,14,Enter Home Enter,ran File | none | @button:Add attachment,1,1,Enter>button:Add attachment[none|f=button:Add attachment|h=None]@31.4 ; Home>button:Add attachment[menu×1|f=button:Add attachment|h=File]@56.5 ; Home*>menuitem:File[menu×1|f=button:Add attachment|h=File]@56.5 ; Enter>button:Add attachment[menu×1|f=button:Add attachment|h=File]@56.9 ; Enter*>menuitem:File[menu×1|f=button:Add attachment|h=File]@57
chromium-dark-desktop › orbit-menu-sample menu-enter-home-enter burst sample 15,orbit-menu-sample,menu,menu-enter-home-enter,menu-enter-enter,burst,15,Enter Home Enter,ran File | none | @button:Add attachment,1,1,Enter>button:Add attachment[none|f=button:Add attachment|h=None]@34.7 ; Home>button:Add attachment[menu×1|f=button:Add attachment|h=File]@58.3 ; Home*>menuitem:File[menu×1|f=button:Add attachment|h=File]@58.5 ; Enter>button:Add attachment[menu×1|f=button:Add attachment|h=File]@58.8 ; Enter*>menuitem:File[menu×1|f=button:Add attachment|h=File]@58.8
chromium-dark-desktop › orbit-menu-sample menu-enter-home-enter burst sample 16,orbit-menu-sample,menu,menu-enter-home-enter,menu-enter-enter,burst,16,Enter Home Enter,ran File | none | @button:Add attachment,1,1,Enter>button:Add attachment[none|f=button:Add attachment|h=None]@10.8 ; Home>button:Add attachment[menu×1|f=button:Add attachment|h=File]@55.5 ; Home*>menuitem:File[menu×1|f=button:Add attachment|h=File]@55.7 ; Enter>button:Add attachment[menu×1|f=button:Add attachment|h=File]@56.3 ; Enter*>menuitem:File[menu×1|f=button:Add attachment|h=File]@56.4
chromium-dark-desktop › orbit-menu-sample menu-enter-home-enter burst sample 17,orbit-menu-sample,menu,menu-enter-home-enter,menu-enter-enter,burst,17,Enter Home Enter,ran File | none | @button:Add attachment,1,1,Enter>button:Add attachment[none|f=button:Add attachment|h=None]@22.4 ; Home>button:Add attachment[menu×1|f=button:Add attachment|h=File]@55.6 ; Home*>menuitem:File[menu×1|f=button:Add attachment|h=File]@55.7 ; Enter>button:Add attachment[menu×1|f=button:Add attachment|h=File]@56.2 ; Enter*>menuitem:File[menu×1|f=button:Add attachment|h=File]@56.2
chromium-dark-desktop › orbit-menu-sample menu-enter-home-enter burst sample 18,orbit-menu-sample,menu,menu-enter-home-enter,menu-enter-enter,burst,18,Enter Home Enter,ran File | none | @button:Add attachment,1,1,Enter>button:Add attachment[none|f=button:Add attachment|h=None]@12.7 ; Home>button:Add attachment[menu×1|f=button:Add attachment|h=File]@40.5 ; Home*>menuitem:File[menu×1|f=button:Add attachment|h=File]@40.7 ; Enter>button:Add attachment[menu×1|f=button:Add attachment|h=File]@41 ; Enter*>menuitem:File[menu×1|f=button:Add attachment|h=File]@41
chromium-dark-desktop › orbit-menu-sample menu-enter-home-enter burst sample 19,orbit-menu-sample,menu,menu-enter-home-enter,menu-enter-enter,burst,19,Enter Home Enter,ran File | none | @button:Add attachment,1,1,Enter>button:Add attachment[none|f=button:Add attachment|h=None]@34.2 ; Home>button:Add attachment[menu×1|f=button:Add attachment|h=File]@58.8 ; Home*>menuitem:File[menu×1|f=button:Add attachment|h=File]@59 ; Enter>button:Add attachment[menu×1|f=button:Add attachment|h=File]@59.3 ; Enter*>menuitem:File[menu×1|f=button:Add attachment|h=File]@59.4
chromium-dark-desktop › orbit-menu-sample menu-enter-home-enter paced sample 0,orbit-menu-sample,menu,menu-enter-home-enter,menu-enter-enter,paced,0,Enter Home Enter,ran File | none | @button:Add attachment,0,0,Enter>button:Add attachment[none|f=button:Add attachment|h=None]@22.4 ; Home>menuitem:File[menu×1|f=menuitem:File|h=File]@361.5 ; Enter>menuitem:File[menu×1|f=menuitem:File|h=File]@667
chromium-dark-desktop › orbit-menu-sample menu-enter-home-enter paced sample 1,orbit-menu-sample,menu,menu-enter-home-enter,menu-enter-enter,paced,1,Enter Home Enter,ran File | none | @button:Add attachment,0,0,Enter>button:Add attachment[none|f=button:Add attachment|h=None]@25.6 ; Home>menuitem:File[menu×1|f=menuitem:File|h=File]@357.6 ; Enter>menuitem:File[menu×1|f=menuitem:File|h=File]@662.1
chromium-dark-desktop › orbit-menu-sample menu-enter-home-enter paced sample 2,orbit-menu-sample,menu,menu-enter-home-enter,menu-enter-enter,paced,2,Enter Home Enter,ran File | none | @button:Add attachment,0,0,Enter>button:Add attachment[none|f=button:Add attachment|h=None]@20.7 ; Home>menuitem:File[menu×1|f=menuitem:File|h=File]@366.6 ; Enter>menuitem:File[menu×1|f=menuitem:File|h=File]@671.5
chromium-dark-desktop › orbit-menu-sample menu-enter-home-enter paced sample 3,orbit-menu-sample,menu,menu-enter-home-enter,menu-enter-enter,paced,3,Enter Home Enter,ran File | none | @button:Add attachment,0,0,Enter>button:Add attachment[none|f=button:Add attachment|h=None]@21 ; Home>menuitem:File[menu×1|f=menuitem:File|h=File]@359 ; Enter>menuitem:File[menu×1|f=menuitem:File|h=File]@662.9
chromium-dark-desktop › orbit-menu-sample menu-enter-home-enter paced sample 4,orbit-menu-sample,menu,menu-enter-home-enter,menu-enter-enter,paced,4,Enter Home Enter,ran File | none | @button:Add attachment,0,0,Enter>button:Add attachment[none|f=button:Add attachment|h=None]@22.8 ; Home>menuitem:File[menu×1|f=menuitem:File|h=File]@374.2 ; Enter>menuitem:File[menu×1|f=menuitem:File|h=File]@692.5
chromium-dark-desktop › orbit-menu-sample menu-enter-home-enter paced sample 5,orbit-menu-sample,menu,menu-enter-home-enter,menu-enter-enter,paced,5,Enter Home Enter,ran File | none | @button:Add attachment,0,0,Enter>button:Add attachment[none|f=button:Add attachment|h=None]@19.9 ; Home>menuitem:File[menu×1|f=menuitem:File|h=File]@378.6 ; Enter>menuitem:File[menu×1|f=menuitem:File|h=File]@685.6
chromium-dark-desktop › orbit-menu-sample menu-enter-home-enter paced sample 6,orbit-menu-sample,menu,menu-enter-home-enter,menu-enter-enter,paced,6,Enter Home Enter,ran File | none | @button:Add attachment,0,0,Enter>button:Add attachment[none|f=button:Add attachment|h=None]@31 ; Home>menuitem:File[menu×1|f=menuitem:File|h=File]@400.8 ; Enter>menuitem:File[menu×1|f=menuitem:File|h=File]@709.9
chromium-dark-desktop › orbit-menu-sample menu-enter-home-enter paced sample 7,orbit-menu-sample,menu,menu-enter-home-enter,menu-enter-enter,paced,7,Enter Home Enter,ran File | none | @button:Add attachment,0,0,Enter>button:Add attachment[none|f=button:Add attachment|h=None]@26.5 ; Home>menuitem:File[menu×1|f=menuitem:File|h=File]@375.7 ; Enter>menuitem:File[menu×1|f=menuitem:File|h=File]@681.4
chromium-dark-desktop › orbit-menu-sample menu-enter-home-enter paced sample 8,orbit-menu-sample,menu,menu-enter-home-enter,menu-enter-enter,paced,8,Enter Home Enter,ran File | none | @button:Add attachment,0,0,Enter>button:Add attachment[none|f=button:Add attachment|h=None]@38.3 ; Home>menuitem:File[menu×1|f=menuitem:File|h=File]@416.6 ; Enter>menuitem:File[menu×1|f=menuitem:File|h=File]@721.9
chromium-dark-desktop › orbit-menu-sample menu-enter-home-enter paced sample 9,orbit-menu-sample,menu,menu-enter-home-enter,menu-enter-enter,paced,9,Enter Home Enter,ran File | none | @button:Add attachment,0,0,Enter>button:Add attachment[none|f=button:Add attachment|h=None]@38.1 ; Home>menuitem:File[menu×1|f=menuitem:File|h=File]@385.2 ; Enter>menuitem:File[menu×1|f=menuitem:File|h=File]@689.8
chromium-dark-desktop › orbit-menu-sample menu-enter-home-enter paced sample 10,orbit-menu-sample,menu,menu-enter-home-enter,menu-enter-enter,paced,10,Enter Home Enter,ran File | none | @button:Add attachment,0,0,Enter>button:Add attachment[none|f=button:Add attachment|h=None]@38.5 ; Home>menuitem:File[menu×1|f=menuitem:File|h=File]@387.9 ; Enter>menuitem:File[menu×1|f=menuitem:File|h=File]@693.3
chromium-dark-desktop › orbit-menu-sample menu-enter-home-enter paced sample 11,orbit-menu-sample,menu,menu-enter-home-enter,menu-enter-enter,paced,11,Enter Home Enter,ran File | none | @button:Add attachment,0,0,Enter>button:Add attachment[none|f=button:Add attachment|h=None]@32.8 ; Home>menuitem:File[menu×1|f=menuitem:File|h=File]@388 ; Enter>menuitem:File[menu×1|f=menuitem:File|h=File]@694.6
chromium-dark-desktop › orbit-menu-sample menu-enter-home-enter paced sample 12,orbit-menu-sample,menu,menu-enter-home-enter,menu-enter-enter,paced,12,Enter Home Enter,ran File | none | @button:Add attachment,0,0,Enter>button:Add attachment[none|f=button:Add attachment|h=None]@31.3 ; Home>menuitem:File[menu×1|f=menuitem:File|h=File]@405.2 ; Enter>menuitem:File[menu×1|f=menuitem:File|h=File]@727.2
chromium-dark-desktop › orbit-menu-sample menu-enter-home-enter paced sample 13,orbit-menu-sample,menu,menu-enter-home-enter,menu-enter-enter,paced,13,Enter Home Enter,ran File | none | @button:Add attachment,0,0,Enter>button:Add attachment[none|f=button:Add attachment|h=None]@27.1 ; Home>menuitem:File[menu×1|f=menuitem:File|h=File]@380.2 ; Enter>menuitem:File[menu×1|f=menuitem:File|h=File]@690.7
chromium-dark-desktop › orbit-menu-sample menu-enter-home-enter paced sample 14,orbit-menu-sample,menu,menu-enter-home-enter,menu-enter-enter,paced,14,Enter Home Enter,ran File | none | @button:Add attachment,0,0,Enter>button:Add attachment[none|f=button:Add attachment|h=None]@28.3 ; Home>menuitem:File[menu×1|f=menuitem:File|h=File]@384.4 ; Enter>menuitem:File[menu×1|f=menuitem:File|h=File]@689.2
chromium-dark-desktop › orbit-menu-sample menu-enter-home-enter paced sample 15,orbit-menu-sample,menu,menu-enter-home-enter,menu-enter-enter,paced,15,Enter Home Enter,ran File | none | @button:Add attachment,0,0,Enter>button:Add attachment[none|f=button:Add attachment|h=None]@31.3 ; Home>menuitem:File[menu×1|f=menuitem:File|h=File]@412.7 ; Enter>menuitem:File[menu×1|f=menuitem:File|h=File]@717.2
chromium-dark-desktop › orbit-menu-sample menu-enter-home-enter paced sample 16,orbit-menu-sample,menu,menu-enter-home-enter,menu-enter-enter,paced,16,Enter Home Enter,ran File | none | @button:Add attachment,0,0,Enter>button:Add attachment[none|f=button:Add attachment|h=None]@24.1 ; Home>menuitem:File[menu×1|f=menuitem:File|h=File]@377.1 ; Enter>menuitem:File[menu×1|f=menuitem:File|h=File]@683.2
chromium-dark-desktop › orbit-menu-sample menu-enter-home-enter paced sample 17,orbit-menu-sample,menu,menu-enter-home-enter,menu-enter-enter,paced,17,Enter Home Enter,ran File | none | @button:Add attachment,0,0,Enter>button:Add attachment[none|f=button:Add attachment|h=None]@23.4 ; Home>menuitem:File[menu×1|f=menuitem:File|h=File]@384 ; Enter>menuitem:File[menu×1|f=menuitem:File|h=File]@691
chromium-dark-desktop › orbit-menu-sample menu-enter-home-enter paced sample 18,orbit-menu-sample,menu,menu-enter-home-enter,menu-enter-enter,paced,18,Enter Home Enter,ran File | none | @button:Add attachment,0,0,Enter>button:Add attachment[none|f=button:Add attachment|h=None]@28.5 ; Home>menuitem:File[menu×1|f=menuitem:File|h=File]@387.7 ; Enter>menuitem:File[menu×1|f=menuitem:File|h=File]@695
chromium-dark-desktop › orbit-menu-sample menu-enter-home-enter paced sample 19,orbit-menu-sample,menu,menu-enter-home-enter,menu-enter-enter,paced,19,Enter Home Enter,ran File | none | @button:Add attachment,0,0,Enter>button:Add attachment[none|f=button:Add attachment|h=None]@28.8 ; Home>menuitem:File[menu×1|f=menuitem:File|h=File]@373.7 ; Enter>menuitem:File[menu×1|f=menuitem:File|h=File]@678
chromium-dark-desktop › orbit-menu menu-enter-end-enter burst sample 0,orbit-menu,menu,menu-enter-end-enter,menu-enter-enter,burst,0,Enter End Enter,Action=command | none | @button:Add attachment,1,1,Enter>button:Add attachment[none|f=button:Add attachment|h=None]@89.4 ; End>button:Add attachment[menu×1|f=button:Add attachment|h=File]@290.2 ; End*>menuitem:File[menu×1|f=button:Add attachment|h=File]@290.4 ; Enter>menuitem:/Command[menu×1|f=menuitem:/Command|h=/Command]@293.2
chromium-dark-desktop › orbit-menu menu-enter-end-enter burst sample 1,orbit-menu,menu,menu-enter-end-enter,menu-enter-enter,burst,1,Enter End Enter,Action=command | none | @button:Add attachment,1,1,Enter>button:Add attachment[none|f=button:Add attachment|h=None]@22.2 ; End>button:Add attachment[menu×1|f=button:Add attachment|h=File]@50.3 ; End*>menuitem:File[menu×1|f=button:Add attachment|h=File]@50.4 ; Enter>menuitem:/Command[menu×1|f=menuitem:/Command|h=/Command]@53.1
chromium-dark-desktop › orbit-menu menu-enter-end-enter burst sample 2,orbit-menu,menu,menu-enter-end-enter,menu-enter-enter,burst,2,Enter End Enter,Action=command | none | @button:Add attachment,1,1,Enter>button:Add attachment[none|f=button:Add attachment|h=None]@27.8 ; End>button:Add attachment[menu×1|f=button:Add attachment|h=File]@53.7 ; End*>menuitem:File[menu×1|f=button:Add attachment|h=File]@53.9 ; Enter>menuitem:/Command[menu×1|f=menuitem:/Command|h=/Command]@55.7
chromium-dark-desktop › orbit-menu menu-enter-end-enter burst sample 3,orbit-menu,menu,menu-enter-end-enter,menu-enter-enter,burst,3,Enter End Enter,Action=command | none | @button:Add attachment,1,1,Enter>button:Add attachment[none|f=button:Add attachment|h=None]@23.4 ; End>button:Add attachment[menu×1|f=button:Add attachment|h=File]@56.2 ; End*>menuitem:File[menu×1|f=button:Add attachment|h=File]@56.4 ; Enter>menuitem:/Command[menu×1|f=menuitem:/Command|h=/Command]@59
chromium-dark-desktop › orbit-menu menu-enter-end-enter burst sample 4,orbit-menu,menu,menu-enter-end-enter,menu-enter-enter,burst,4,Enter End Enter,Action=command | none | @button:Add attachment,1,1,Enter>button:Add attachment[none|f=button:Add attachment|h=None]@18.1 ; End>button:Add attachment[menu×1|f=button:Add attachment|h=File]@55.1 ; End*>menuitem:File[menu×1|f=button:Add attachment|h=File]@55.3 ; Enter>menuitem:/Command[menu×1|f=menuitem:/Command|h=/Command]@58.4
chromium-dark-desktop › orbit-menu menu-enter-end-enter burst sample 5,orbit-menu,menu,menu-enter-end-enter,menu-enter-enter,burst,5,Enter End Enter,Action=command | none | @button:Add attachment,1,1,Enter>button:Add attachment[none|f=button:Add attachment|h=None]@25.1 ; End>button:Add attachment[menu×1|f=button:Add attachment|h=File]@57.7 ; End*>menuitem:File[menu×1|f=button:Add attachment|h=File]@57.9 ; Enter>menuitem:/Command[menu×1|f=menuitem:/Command|h=/Command]@60.5
chromium-dark-desktop › orbit-menu menu-enter-end-enter burst sample 6,orbit-menu,menu,menu-enter-end-enter,menu-enter-enter,burst,6,Enter End Enter,Action=command | none | @button:Add attachment,1,1,Enter>button:Add attachment[none|f=button:Add attachment|h=None]@15.8 ; End>button:Add attachment[menu×1|f=button:Add attachment|h=File]@47.8 ; End*>menuitem:File[menu×1|f=button:Add attachment|h=File]@48 ; Enter>menuitem:/Command[menu×1|f=menuitem:/Command|h=/Command]@50.6
chromium-dark-desktop › orbit-menu menu-enter-end-enter burst sample 7,orbit-menu,menu,menu-enter-end-enter,menu-enter-enter,burst,7,Enter End Enter,Action=command | none | @button:Add attachment,1,1,Enter>button:Add attachment[none|f=button:Add attachment|h=None]@25.2 ; End>button:Add attachment[menu×1|f=button:Add attachment|h=File]@53.4 ; End*>menuitem:File[menu×1|f=button:Add attachment|h=File]@53.6 ; Enter>menuitem:/Command[menu×1|f=menuitem:/Command|h=/Command]@55.9
chromium-dark-desktop › orbit-menu menu-enter-end-enter burst sample 8,orbit-menu,menu,menu-enter-end-enter,menu-enter-enter,burst,8,Enter End Enter,Action=command | none | @button:Add attachment,1,1,Enter>button:Add attachment[none|f=button:Add attachment|h=None]@21.4 ; End>button:Add attachment[menu×1|f=button:Add attachment|h=File]@55.5 ; End*>menuitem:File[menu×1|f=button:Add attachment|h=File]@55.6 ; Enter>menuitem:/Command[menu×1|f=menuitem:/Command|h=/Command]@57.8
chromium-dark-desktop › orbit-menu menu-enter-end-enter burst sample 9,orbit-menu,menu,menu-enter-end-enter,menu-enter-enter,burst,9,Enter End Enter,Action=command | none | @button:Add attachment,1,1,Enter>button:Add attachment[none|f=button:Add attachment|h=None]@24.1 ; End>button:Add attachment[menu×1|f=button:Add attachment|h=File]@61.2 ; End*>menuitem:File[menu×1|f=button:Add attachment|h=File]@61.4 ; Enter>menuitem:/Command[menu×1|f=menuitem:/Command|h=/Command]@64.3
chromium-dark-desktop › orbit-menu menu-enter-end-enter burst sample 10,orbit-menu,menu,menu-enter-end-enter,menu-enter-enter,burst,10,Enter End Enter,Action=command | none | @button:Add attachment,1,1,Enter>button:Add attachment[none|f=button:Add attachment|h=None]@24.2 ; End>button:Add attachment[menu×1|f=button:Add attachment|h=File]@60.6 ; End*>menuitem:File[menu×1|f=button:Add attachment|h=File]@60.7 ; Enter>menuitem:/Command[menu×1|f=menuitem:/Command|h=/Command]@63.5
chromium-dark-desktop › orbit-menu menu-enter-end-enter burst sample 11,orbit-menu,menu,menu-enter-end-enter,menu-enter-enter,burst,11,Enter End Enter,Action=command | none | @button:Add attachment,1,1,Enter>button:Add attachment[none|f=button:Add attachment|h=None]@14.5 ; End>button:Add attachment[menu×1|f=button:Add attachment|h=File]@49.9 ; End*>menuitem:File[menu×1|f=button:Add attachment|h=File]@50.1 ; Enter>menuitem:/Command[menu×1|f=menuitem:/Command|h=/Command]@53.1
chromium-dark-desktop › orbit-menu menu-enter-end-enter burst sample 12,orbit-menu,menu,menu-enter-end-enter,menu-enter-enter,burst,12,Enter End Enter,Action=command | none | @button:Add attachment,1,1,Enter>button:Add attachment[none|f=button:Add attachment|h=None]@24.5 ; End>button:Add attachment[menu×1|f=button:Add attachment|h=File]@60.8 ; End*>menuitem:File[menu×1|f=button:Add attachment|h=File]@61.1 ; Enter>menuitem:/Command[menu×1|f=menuitem:/Command|h=/Command]@64.1
chromium-dark-desktop › orbit-menu menu-enter-end-enter burst sample 13,orbit-menu,menu,menu-enter-end-enter,menu-enter-enter,burst,13,Enter End Enter,Action=command | none | @button:Add attachment,1,1,Enter>button:Add attachment[none|f=button:Add attachment|h=None]@45.7 ; End>button:Add attachment[menu×1|f=button:Add attachment|h=File]@89.5 ; End*>menuitem:File[menu×1|f=button:Add attachment|h=File]@89.8 ; Enter>menuitem:/Command[menu×1|f=menuitem:/Command|h=/Command]@96.4
chromium-dark-desktop › orbit-menu menu-enter-end-enter burst sample 14,orbit-menu,menu,menu-enter-end-enter,menu-enter-enter,burst,14,Enter End Enter,Action=command | none | @button:Add attachment,1,1,Enter>button:Add attachment[none|f=button:Add attachment|h=None]@14.6 ; End>button:Add attachment[menu×1|f=button:Add attachment|h=File]@35.1 ; End*>menuitem:File[menu×1|f=button:Add attachment|h=File]@35.3 ; Enter>menuitem:/Command[menu×1|f=menuitem:/Command|h=/Command]@37.3
chromium-dark-desktop › orbit-menu menu-enter-end-enter burst sample 15,orbit-menu,menu,menu-enter-end-enter,menu-enter-enter,burst,15,Enter End Enter,Action=command | none | @button:Add attachment,1,1,Enter>button:Add attachment[none|f=button:Add attachment|h=None]@18.4 ; End>button:Add attachment[menu×1|f=button:Add attachment|h=File]@48.9 ; End*>menuitem:File[menu×1|f=button:Add attachment|h=File]@49.2 ; Enter>menuitem:/Command[menu×1|f=menuitem:/Command|h=/Command]@52
chromium-dark-desktop › orbit-menu menu-enter-end-enter burst sample 16,orbit-menu,menu,menu-enter-end-enter,menu-enter-enter,burst,16,Enter End Enter,Action=command | none | @button:Add attachment,1,1,Enter>button:Add attachment[none|f=button:Add attachment|h=None]@28.1 ; End>button:Add attachment[menu×1|f=button:Add attachment|h=File]@60.5 ; End*>menuitem:File[menu×1|f=button:Add attachment|h=File]@60.6 ; Enter>menuitem:/Command[menu×1|f=menuitem:/Command|h=/Command]@63.1
chromium-dark-desktop › orbit-menu menu-enter-end-enter burst sample 17,orbit-menu,menu,menu-enter-end-enter,menu-enter-enter,burst,17,Enter End Enter,Action=command | none | @button:Add attachment,1,1,Enter>button:Add attachment[none|f=button:Add attachment|h=None]@30.1 ; End>button:Add attachment[menu×1|f=button:Add attachment|h=File]@63.2 ; End*>menuitem:File[menu×1|f=button:Add attachment|h=File]@63.3 ; Enter>menuitem:/Command[menu×1|f=menuitem:/Command|h=/Command]@66.4
chromium-dark-desktop › orbit-menu menu-enter-end-enter burst sample 18,orbit-menu,menu,menu-enter-end-enter,menu-enter-enter,burst,18,Enter End Enter,Action=command | none | @button:Add attachment,1,1,Enter>button:Add attachment[none|f=button:Add attachment|h=None]@19 ; End>button:Add attachment[menu×1|f=button:Add attachment|h=File]@48 ; End*>menuitem:File[menu×1|f=button:Add attachment|h=File]@48.2 ; Enter>menuitem:/Command[menu×1|f=menuitem:/Command|h=/Command]@49.6
chromium-dark-desktop › orbit-menu menu-enter-end-enter burst sample 19,orbit-menu,menu,menu-enter-end-enter,menu-enter-enter,burst,19,Enter End Enter,Action=command | none | @button:Add attachment,1,1,Enter>button:Add attachment[none|f=button:Add attachment|h=None]@24.8 ; End>button:Add attachment[menu×1|f=button:Add attachment|h=File]@45.6 ; End*>menuitem:File[menu×1|f=button:Add attachment|h=File]@45.7 ; Enter>menuitem:/Command[menu×1|f=menuitem:/Command|h=/Command]@47.3
chromium-dark-desktop › orbit-menu menu-enter-end-enter paced sample 0,orbit-menu,menu,menu-enter-end-enter,menu-enter-enter,paced,0,Enter End Enter,Action=command | none | @button:Add attachment,0,0,Enter>button:Add attachment[none|f=button:Add attachment|h=None]@28 ; End>menuitem:File[menu×1|f=menuitem:File|h=File]@365 ; Enter>menuitem:/Command[menu×1|f=menuitem:/Command|h=/Command]@692.5
chromium-dark-desktop › orbit-menu menu-enter-end-enter paced sample 1,orbit-menu,menu,menu-enter-end-enter,menu-enter-enter,paced,1,Enter End Enter,Action=command | none | @button:Add attachment,0,0,Enter>button:Add attachment[none|f=button:Add attachment|h=None]@27 ; End>menuitem:File[menu×1|f=menuitem:File|h=File]@385.9 ; Enter>menuitem:/Command[menu×1|f=menuitem:/Command|h=/Command]@708.4
chromium-dark-desktop › orbit-menu menu-enter-end-enter paced sample 2,orbit-menu,menu,menu-enter-end-enter,menu-enter-enter,paced,2,Enter End Enter,Action=command | none | @button:Add attachment,0,0,Enter>button:Add attachment[none|f=button:Add attachment|h=None]@17.2 ; End>menuitem:File[menu×1|f=menuitem:File|h=File]@399.1 ; Enter>menuitem:/Command[menu×1|f=menuitem:/Command|h=/Command]@724.9
chromium-dark-desktop › orbit-menu menu-enter-end-enter paced sample 3,orbit-menu,menu,menu-enter-end-enter,menu-enter-enter,paced,3,Enter End Enter,Action=command | none | @button:Add attachment,0,0,Enter>button:Add attachment[none|f=button:Add attachment|h=None]@35 ; End>menuitem:File[menu×1|f=menuitem:File|h=File]@405.2 ; Enter>menuitem:/Command[menu×1|f=menuitem:/Command|h=/Command]@718.1
chromium-dark-desktop › orbit-menu menu-enter-end-enter paced sample 4,orbit-menu,menu,menu-enter-end-enter,menu-enter-enter,paced,4,Enter End Enter,Action=command | none | @button:Add attachment,0,0,Enter>button:Add attachment[none|f=button:Add attachment|h=None]@14.1 ; End>menuitem:File[menu×1|f=menuitem:File|h=File]@375.6 ; Enter>menuitem:/Command[menu×1|f=menuitem:/Command|h=/Command]@707
chromium-dark-desktop › orbit-menu menu-enter-end-enter paced sample 5,orbit-menu,menu,menu-enter-end-enter,menu-enter-enter,paced,5,Enter End Enter,Action=command | none | @button:Add attachment,0,0,Enter>button:Add attachment[none|f=button:Add attachment|h=None]@16.5 ; End>menuitem:File[menu×1|f=menuitem:File|h=File]@360 ; Enter>menuitem:/Command[menu×1|f=menuitem:/Command|h=/Command]@681.5
chromium-dark-desktop › orbit-menu menu-enter-end-enter paced sample 6,orbit-menu,menu,menu-enter-end-enter,menu-enter-enter,paced,6,Enter End Enter,Action=command | none | @button:Add attachment,0,0,Enter>button:Add attachment[none|f=button:Add attachment|h=None]@22.9 ; End>menuitem:File[menu×1|f=menuitem:File|h=File]@380.8 ; Enter>menuitem:/Command[menu×1|f=menuitem:/Command|h=/Command]@695.2
chromium-dark-desktop › orbit-menu menu-enter-end-enter paced sample 7,orbit-menu,menu,menu-enter-end-enter,menu-enter-enter,paced,7,Enter End Enter,Action=command | none | @button:Add attachment,0,0,Enter>button:Add attachment[none|f=button:Add attachment|h=None]@24.1 ; End>menuitem:File[menu×1|f=menuitem:File|h=File]@384 ; Enter>menuitem:/Command[menu×1|f=menuitem:/Command|h=/Command]@703.1
chromium-dark-desktop › orbit-menu menu-enter-end-enter paced sample 8,orbit-menu,menu,menu-enter-end-enter,menu-enter-enter,paced,8,Enter End Enter,Action=command | none | @button:Add attachment,0,0,Enter>button:Add attachment[none|f=button:Add attachment|h=None]@17.1 ; End>menuitem:File[menu×1|f=menuitem:File|h=File]@399.1 ; Enter>menuitem:/Command[menu×1|f=menuitem:/Command|h=/Command]@711.8
chromium-dark-desktop › orbit-menu menu-enter-end-enter paced sample 9,orbit-menu,menu,menu-enter-end-enter,menu-enter-enter,paced,9,Enter End Enter,Action=command | none | @button:Add attachment,0,0,Enter>button:Add attachment[none|f=button:Add attachment|h=None]@26.9 ; End>menuitem:File[menu×1|f=menuitem:File|h=File]@402.4 ; Enter>menuitem:/Command[menu×1|f=menuitem:/Command|h=/Command]@734.9
chromium-dark-desktop › orbit-menu menu-enter-end-enter paced sample 10,orbit-menu,menu,menu-enter-end-enter,menu-enter-enter,paced,10,Enter End Enter,Action=command | none | @button:Add attachment,0,0,Enter>button:Add attachment[none|f=button:Add attachment|h=None]@14.4 ; End>menuitem:File[menu×1|f=menuitem:File|h=File]@368.8 ; Enter>menuitem:/Command[menu×1|f=menuitem:/Command|h=/Command]@679.8
chromium-dark-desktop › orbit-menu menu-enter-end-enter paced sample 11,orbit-menu,menu,menu-enter-end-enter,menu-enter-enter,paced,11,Enter End Enter,Action=command | none | @button:Add attachment,0,0,Enter>button:Add attachment[none|f=button:Add attachment|h=None]@23.4 ; End>menuitem:File[menu×1|f=menuitem:File|h=File]@378.2 ; Enter>menuitem:/Command[menu×1|f=menuitem:/Command|h=/Command]@700.4
chromium-dark-desktop › orbit-menu menu-enter-end-enter paced sample 12,orbit-menu,menu,menu-enter-end-enter,menu-enter-enter,paced,12,Enter End Enter,Action=command | none | @button:Add attachment,0,0,Enter>button:Add attachment[none|f=button:Add attachment|h=None]@14.5 ; End>menuitem:File[menu×1|f=menuitem:File|h=File]@354.4 ; Enter>menuitem:/Command[menu×1|f=menuitem:/Command|h=/Command]@677.7
chromium-dark-desktop › orbit-menu menu-enter-end-enter paced sample 13,orbit-menu,menu,menu-enter-end-enter,menu-enter-enter,paced,13,Enter End Enter,Action=command | none | @button:Add attachment,0,0,Enter>button:Add attachment[none|f=button:Add attachment|h=None]@32.7 ; End>menuitem:File[menu×1|f=menuitem:File|h=File]@408.2 ; Enter>menuitem:/Command[menu×1|f=menuitem:/Command|h=/Command]@736.3
chromium-dark-desktop › orbit-menu menu-enter-end-enter paced sample 14,orbit-menu,menu,menu-enter-end-enter,menu-enter-enter,paced,14,Enter End Enter,Action=command | none | @button:Add attachment,0,0,Enter>button:Add attachment[none|f=button:Add attachment|h=None]@17.9 ; End>menuitem:File[menu×1|f=menuitem:File|h=File]@351.1 ; Enter>menuitem:/Command[menu×1|f=menuitem:/Command|h=/Command]@667.8
chromium-dark-desktop › orbit-menu menu-enter-end-enter paced sample 15,orbit-menu,menu,menu-enter-end-enter,menu-enter-enter,paced,15,Enter End Enter,Action=command | none | @button:Add attachment,0,0,Enter>button:Add attachment[none|f=button:Add attachment|h=None]@15.5 ; End>menuitem:File[menu×1|f=menuitem:File|h=File]@365.6 ; Enter>menuitem:/Command[menu×1|f=menuitem:/Command|h=/Command]@694.8
chromium-dark-desktop › orbit-menu menu-enter-end-enter paced sample 16,orbit-menu,menu,menu-enter-end-enter,menu-enter-enter,paced,16,Enter End Enter,Action=command | none | @button:Add attachment,0,0,Enter>button:Add attachment[none|f=button:Add attachment|h=None]@29.4 ; End>menuitem:File[menu×1|f=menuitem:File|h=File]@377.5 ; Enter>menuitem:/Command[menu×1|f=menuitem:/Command|h=/Command]@686.2
chromium-dark-desktop › orbit-menu menu-enter-end-enter paced sample 17,orbit-menu,menu,menu-enter-end-enter,menu-enter-enter,paced,17,Enter End Enter,Action=command | none | @button:Add attachment,0,0,Enter>button:Add attachment[none|f=button:Add attachment|h=None]@21.5 ; End>menuitem:File[menu×1|f=menuitem:File|h=File]@368.8 ; Enter>menuitem:/Command[menu×1|f=menuitem:/Command|h=/Command]@684.4
chromium-dark-desktop › orbit-menu menu-enter-end-enter paced sample 18,orbit-menu,menu,menu-enter-end-enter,menu-enter-enter,paced,18,Enter End Enter,Action=command | none | @button:Add attachment,0,0,Enter>button:Add attachment[none|f=button:Add attachment|h=None]@41.7 ; End>menuitem:File[menu×1|f=menuitem:File|h=File]@400.4 ; Enter>menuitem:/Command[menu×1|f=menuitem:/Command|h=/Command]@715.3
chromium-dark-desktop › orbit-menu menu-enter-end-enter paced sample 19,orbit-menu,menu,menu-enter-end-enter,menu-enter-enter,paced,19,Enter End Enter,Action=command | none | @button:Add attachment,0,0,Enter>button:Add attachment[none|f=button:Add attachment|h=None]@31.1 ; End>menuitem:File[menu×1|f=menuitem:File|h=File]@382.1 ; Enter>menuitem:/Command[menu×1|f=menuitem:/Command|h=/Command]@703.9
chromium-dark-desktop › orbit-menu-sample menu-enter-end-enter burst sample 0,orbit-menu-sample,menu,menu-enter-end-enter,menu-enter-enter,burst,0,Enter End Enter,ran /Command | none | @button:Add attachment,1,1,Enter>button:Add attachment[none|f=button:Add attachment|h=None]@8.8 ; End>button:Add attachment[menu×1|f=button:Add attachment|h=File]@47.9 ; End*>menuitem:File[menu×1|f=button:Add attachment|h=File]@48 ; Enter>menuitem:/Command[menu×1|f=menuitem:/Command|h=/Command]@50.5
chromium-dark-desktop › orbit-menu-sample menu-enter-end-enter burst sample 1,orbit-menu-sample,menu,menu-enter-end-enter,menu-enter-enter,burst,1,Enter End Enter,ran /Command | none | @button:Add attachment,1,1,Enter>button:Add attachment[none|f=button:Add attachment|h=None]@13.2 ; End>button:Add attachment[menu×1|f=button:Add attachment|h=File]@57.2 ; End*>menuitem:File[menu×1|f=button:Add attachment|h=File]@57.4 ; Enter>menuitem:/Command[menu×1|f=menuitem:/Command|h=/Command]@58.9
chromium-dark-desktop › orbit-menu-sample menu-enter-end-enter burst sample 2,orbit-menu-sample,menu,menu-enter-end-enter,menu-enter-enter,burst,2,Enter End Enter,ran /Command | none | @button:Add attachment,1,1,Enter>button:Add attachment[none|f=button:Add attachment|h=None]@15.9 ; End>button:Add attachment[menu×1|f=button:Add attachment|h=File]@65.8 ; End*>menuitem:File[menu×1|f=button:Add attachment|h=File]@66 ; Enter>menuitem:/Command[menu×1|f=menuitem:/Command|h=/Command]@68.8
chromium-dark-desktop › orbit-menu-sample menu-enter-end-enter burst sample 3,orbit-menu-sample,menu,menu-enter-end-enter,menu-enter-enter,burst,3,Enter End Enter,ran /Command | none | @button:Add attachment,1,1,Enter>button:Add attachment[none|f=button:Add attachment|h=None]@23.7 ; End>button:Add attachment[menu×1|f=button:Add attachment|h=File]@61.9 ; End*>menuitem:File[menu×1|f=button:Add attachment|h=File]@62.1 ; Enter>menuitem:/Command[menu×1|f=menuitem:/Command|h=/Command]@64.3
chromium-dark-desktop › orbit-menu-sample menu-enter-end-enter burst sample 4,orbit-menu-sample,menu,menu-enter-end-enter,menu-enter-enter,burst,4,Enter End Enter,ran /Command | none | @button:Add attachment,1,1,Enter>button:Add attachment[none|f=button:Add attachment|h=None]@21.7 ; End>button:Add attachment[menu×1|f=button:Add attachment|h=File]@55.5 ; End*>menuitem:File[menu×1|f=button:Add attachment|h=File]@55.7 ; Enter>menuitem:/Command[menu×1|f=menuitem:/Command|h=/Command]@57.7
chromium-dark-desktop › orbit-menu-sample menu-enter-end-enter burst sample 5,orbit-menu-sample,menu,menu-enter-end-enter,menu-enter-enter,burst,5,Enter End Enter,ran /Command | none | @button:Add attachment,1,1,Enter>button:Add attachment[none|f=button:Add attachment|h=None]@22.5 ; End>button:Add attachment[menu×1|f=button:Add attachment|h=File]@56.1 ; End*>menuitem:File[menu×1|f=button:Add attachment|h=File]@56.2 ; Enter>menuitem:/Command[menu×1|f=menuitem:/Command|h=/Command]@57.9
chromium-dark-desktop › orbit-menu-sample menu-enter-end-enter burst sample 6,orbit-menu-sample,menu,menu-enter-end-enter,menu-enter-enter,burst,6,Enter End Enter,ran /Command | none | @button:Add attachment,1,1,Enter>button:Add attachment[none|f=button:Add attachment|h=None]@31 ; End>button:Add attachment[menu×1|f=button:Add attachment|h=File]@64.9 ; End*>menuitem:File[menu×1|f=button:Add attachment|h=File]@65.3 ; Enter>menuitem:/Command[menu×1|f=menuitem:/Command|h=/Command]@68.6
chromium-dark-desktop › orbit-menu-sample menu-enter-end-enter burst sample 7,orbit-menu-sample,menu,menu-enter-end-enter,menu-enter-enter,burst,7,Enter End Enter,ran /Command | none | @button:Add attachment,1,1,Enter>button:Add attachment[none|f=button:Add attachment|h=None]@17.5 ; End>button:Add attachment[menu×1|f=button:Add attachment|h=File]@50.6 ; End*>menuitem:File[menu×1|f=button:Add attachment|h=File]@50.9 ; Enter>menuitem:/Command[menu×1|f=menuitem:/Command|h=/Command]@52.9
chromium-dark-desktop › orbit-menu-sample menu-enter-end-enter burst sample 8,orbit-menu-sample,menu,menu-enter-end-enter,menu-enter-enter,burst,8,Enter End Enter,ran /Command | none | @button:Add attachment,1,1,Enter>button:Add attachment[none|f=button:Add attachment|h=None]@22.5 ; End>button:Add attachment[menu×1|f=button:Add attachment|h=File]@61.3 ; End*>menuitem:File[menu×1|f=button:Add attachment|h=File]@61.4 ; Enter>menuitem:/Command[menu×1|f=menuitem:/Command|h=/Command]@63.4
chromium-dark-desktop › orbit-menu-sample menu-enter-end-enter burst sample 9,orbit-menu-sample,menu,menu-enter-end-enter,menu-enter-enter,burst,9,Enter End Enter,ran /Command | none | @button:Add attachment,1,1,Enter>button:Add attachment[none|f=button:Add attachment|h=None]@36.1 ; End>button:Add attachment[menu×1|f=button:Add attachment|h=File]@69.5 ; End*>menuitem:File[menu×1|f=button:Add attachment|h=File]@69.6 ; Enter>menuitem:/Command[menu×1|f=menuitem:/Command|h=/Command]@71
chromium-dark-desktop › orbit-menu-sample menu-enter-end-enter burst sample 10,orbit-menu-sample,menu,menu-enter-end-enter,menu-enter-enter,burst,10,Enter End Enter,ran /Command | none | @button:Add attachment,1,1,Enter>button:Add attachment[none|f=button:Add attachment|h=None]@33.9 ; End>button:Add attachment[menu×1|f=button:Add attachment|h=File]@85.2 ; End*>menuitem:File[menu×1|f=button:Add attachment|h=File]@85.3 ; Enter>menuitem:/Command[menu×1|f=menuitem:/Command|h=/Command]@87.4
chromium-dark-desktop › orbit-menu-sample menu-enter-end-enter burst sample 11,orbit-menu-sample,menu,menu-enter-end-enter,menu-enter-enter,burst,11,Enter End Enter,ran /Command | none | @button:Add attachment,1,1,Enter>button:Add attachment[none|f=button:Add attachment|h=None]@41.1 ; End>button:Add attachment[menu×1|f=button:Add attachment|h=File]@79.1 ; End*>menuitem:File[menu×1|f=button:Add attachment|h=File]@79.3 ; Enter>menuitem:/Command[menu×1|f=menuitem:/Command|h=/Command]@81.6
chromium-dark-desktop › orbit-menu-sample menu-enter-end-enter burst sample 12,orbit-menu-sample,menu,menu-enter-end-enter,menu-enter-enter,burst,12,Enter End Enter,ran /Command | none | @button:Add attachment,1,1,Enter>button:Add attachment[none|f=button:Add attachment|h=None]@45.6 ; End>button:Add attachment[menu×1|f=button:Add attachment|h=File]@103.2 ; End*>menuitem:File[menu×1|f=button:Add attachment|h=File]@103.4 ; Enter>menuitem:/Command[menu×1|f=menuitem:/Command|h=/Command]@107.7
chromium-dark-desktop › orbit-menu-sample menu-enter-end-enter burst sample 13,orbit-menu-sample,menu,menu-enter-end-enter,menu-enter-enter,burst,13,Enter End Enter,ran /Command | none | @button:Add attachment,1,1,Enter>button:Add attachment[none|f=button:Add attachment|h=None]@25.1 ; End>button:Add attachment[menu×1|f=button:Add attachment|h=File]@65.7 ; End*>menuitem:File[menu×1|f=button:Add attachment|h=File]@65.9 ; Enter>menuitem:/Command[menu×1|f=menuitem:/Command|h=/Command]@70.8
chromium-dark-desktop › orbit-menu-sample menu-enter-end-enter burst sample 14,orbit-menu-sample,menu,menu-enter-end-enter,menu-enter-enter,burst,14,Enter End Enter,ran /Command | none | @button:Add attachment,1,1,Enter>button:Add attachment[none|f=button:Add attachment|h=None]@34 ; End>button:Add attachment[menu×1|f=button:Add attachment|h=File]@79.4 ; End*>menuitem:File[menu×1|f=button:Add attachment|h=File]@79.7 ; Enter>menuitem:/Command[menu×1|f=menuitem:/Command|h=/Command]@82.5
chromium-dark-desktop › orbit-menu-sample menu-enter-end-enter burst sample 15,orbit-menu-sample,menu,menu-enter-end-enter,menu-enter-enter,burst,15,Enter End Enter,ran /Command | none | @button:Add attachment,1,1,Enter>button:Add attachment[none|f=button:Add attachment|h=None]@33.7 ; End>button:Add attachment[menu×1|f=button:Add attachment|h=File]@69.5 ; End*>menuitem:File[menu×1|f=button:Add attachment|h=File]@69.7 ; Enter>menuitem:/Command[menu×1|f=menuitem:/Command|h=/Command]@71.6
chromium-dark-desktop › orbit-menu-sample menu-enter-end-enter burst sample 16,orbit-menu-sample,menu,menu-enter-end-enter,menu-enter-enter,burst,16,Enter End Enter,ran /Command | none | @button:Add attachment,1,1,Enter>button:Add attachment[none|f=button:Add attachment|h=None]@29.8 ; End>button:Add attachment[menu×1|f=button:Add attachment|h=File]@68.7 ; End*>menuitem:File[menu×1|f=button:Add attachment|h=File]@68.8 ; Enter>menuitem:/Command[menu×1|f=menuitem:/Command|h=/Command]@70.9
chromium-dark-desktop › orbit-menu-sample menu-enter-end-enter burst sample 17,orbit-menu-sample,menu,menu-enter-end-enter,menu-enter-enter,burst,17,Enter End Enter,ran /Command | none | @button:Add attachment,1,1,Enter>button:Add attachment[none|f=button:Add attachment|h=None]@19.9 ; End>button:Add attachment[menu×1|f=button:Add attachment|h=File]@60.1 ; End*>menuitem:File[menu×1|f=button:Add attachment|h=File]@60.3 ; Enter>menuitem:/Command[menu×1|f=menuitem:/Command|h=/Command]@65.3
chromium-dark-desktop › orbit-menu-sample menu-enter-end-enter burst sample 18,orbit-menu-sample,menu,menu-enter-end-enter,menu-enter-enter,burst,18,Enter End Enter,ran /Command | none | @button:Add attachment,1,1,Enter>button:Add attachment[none|f=button:Add attachment|h=None]@12.9 ; End>button:Add attachment[menu×1|f=button:Add attachment|h=File]@52.1 ; End*>menuitem:File[menu×1|f=button:Add attachment|h=File]@52.4 ; Enter>menuitem:/Command[menu×1|f=menuitem:/Command|h=/Command]@55.7
chromium-dark-desktop › orbit-menu-sample menu-enter-end-enter burst sample 19,orbit-menu-sample,menu,menu-enter-end-enter,menu-enter-enter,burst,19,Enter End Enter,ran /Command | none | @button:Add attachment,1,1,Enter>button:Add attachment[none|f=button:Add attachment|h=None]@24.8 ; End>button:Add attachment[menu×1|f=button:Add attachment|h=File]@58.2 ; End*>menuitem:File[menu×1|f=button:Add attachment|h=File]@58.3 ; Enter>menuitem:/Command[menu×1|f=menuitem:/Command|h=/Command]@59.9
chromium-dark-desktop › orbit-menu-sample menu-enter-end-enter paced sample 0,orbit-menu-sample,menu,menu-enter-end-enter,menu-enter-enter,paced,0,Enter End Enter,ran /Command | none | @button:Add attachment,0,0,Enter>button:Add attachment[none|f=button:Add attachment|h=None]@23.9 ; End>menuitem:File[menu×1|f=menuitem:File|h=File]@374.3 ; Enter>menuitem:/Command[menu×1|f=menuitem:/Command|h=/Command]@681.5
chromium-dark-desktop › orbit-menu-sample menu-enter-end-enter paced sample 1,orbit-menu-sample,menu,menu-enter-end-enter,menu-enter-enter,paced,1,Enter End Enter,ran /Command | none | @button:Add attachment,0,0,Enter>button:Add attachment[none|f=button:Add attachment|h=None]@23.3 ; End>menuitem:File[menu×1|f=menuitem:File|h=File]@376.8 ; Enter>menuitem:/Command[menu×1|f=menuitem:/Command|h=/Command]@687.1
chromium-dark-desktop › orbit-menu-sample menu-enter-end-enter paced sample 2,orbit-menu-sample,menu,menu-enter-end-enter,menu-enter-enter,paced,2,Enter End Enter,ran /Command | none | @button:Add attachment,0,0,Enter>button:Add attachment[none|f=button:Add attachment|h=None]@16.7 ; End>menuitem:File[menu×1|f=menuitem:File|h=File]@364 ; Enter>menuitem:/Command[menu×1|f=menuitem:/Command|h=/Command]@686.1
chromium-dark-desktop › orbit-menu-sample menu-enter-end-enter paced sample 3,orbit-menu-sample,menu,menu-enter-end-enter,menu-enter-enter,paced,3,Enter End Enter,ran /Command | none | @button:Add attachment,0,0,Enter>button:Add attachment[none|f=button:Add attachment|h=None]@24.7 ; End>menuitem:File[menu×1|f=menuitem:File|h=File]@379.9 ; Enter>menuitem:/Command[menu×1|f=menuitem:/Command|h=/Command]@689.9
chromium-dark-desktop › orbit-menu-sample menu-enter-end-enter paced sample 4,orbit-menu-sample,menu,menu-enter-end-enter,menu-enter-enter,paced,4,Enter End Enter,ran /Command | none | @button:Add attachment,0,0,Enter>button:Add attachment[none|f=button:Add attachment|h=None]@11.5 ; End>menuitem:File[menu×1|f=menuitem:File|h=File]@360.8 ; Enter>menuitem:/Command[menu×1|f=menuitem:/Command|h=/Command]@670.2
chromium-dark-desktop › orbit-menu-sample menu-enter-end-enter paced sample 5,orbit-menu-sample,menu,menu-enter-end-enter,menu-enter-enter,paced,5,Enter End Enter,ran /Command | none | @button:Add attachment,0,0,Enter>button:Add attachment[none|f=button:Add attachment|h=None]@17 ; End>menuitem:File[menu×1|f=menuitem:File|h=File]@363.2 ; Enter>menuitem:/Command[menu×1|f=menuitem:/Command|h=/Command]@673.8
chromium-dark-desktop › orbit-menu-sample menu-enter-end-enter paced sample 6,orbit-menu-sample,menu,menu-enter-end-enter,menu-enter-enter,paced,6,Enter End Enter,ran /Command | none | @button:Add attachment,0,0,Enter>button:Add attachment[none|f=button:Add attachment|h=None]@31.7 ; End>menuitem:File[menu×1|f=menuitem:File|h=File]@385 ; Enter>menuitem:/Command[menu×1|f=menuitem:/Command|h=/Command]@694.6
chromium-dark-desktop › orbit-menu-sample menu-enter-end-enter paced sample 7,orbit-menu-sample,menu,menu-enter-end-enter,menu-enter-enter,paced,7,Enter End Enter,ran /Command | none | @button:Add attachment,0,0,Enter>button:Add attachment[none|f=button:Add attachment|h=None]@31.7 ; End>menuitem:File[menu×1|f=menuitem:File|h=File]@383.5 ; Enter>menuitem:/Command[menu×1|f=menuitem:/Command|h=/Command]@691.6
chromium-dark-desktop › orbit-menu-sample menu-enter-end-enter paced sample 8,orbit-menu-sample,menu,menu-enter-end-enter,menu-enter-enter,paced,8,Enter End Enter,ran /Command | none | @button:Add attachment,0,0,Enter>button:Add attachment[none|f=button:Add attachment|h=None]@17.1 ; End>menuitem:File[menu×1|f=menuitem:File|h=File]@349.7 ; Enter>menuitem:/Command[menu×1|f=menuitem:/Command|h=/Command]@660.1
chromium-dark-desktop › orbit-menu-sample menu-enter-end-enter paced sample 9,orbit-menu-sample,menu,menu-enter-end-enter,menu-enter-enter,paced,9,Enter End Enter,ran /Command | none | @button:Add attachment,0,0,Enter>button:Add attachment[none|f=button:Add attachment|h=None]@33.2 ; End>menuitem:File[menu×1|f=menuitem:File|h=File]@379.9 ; Enter>menuitem:/Command[menu×1|f=menuitem:/Command|h=/Command]@688.3
chromium-dark-desktop › orbit-menu-sample menu-enter-end-enter paced sample 10,orbit-menu-sample,menu,menu-enter-end-enter,menu-enter-enter,paced,10,Enter End Enter,ran /Command | none | @button:Add attachment,0,0,Enter>button:Add attachment[none|f=button:Add attachment|h=None]@27.3 ; End>menuitem:File[menu×1|f=menuitem:File|h=File]@374.8 ; Enter>menuitem:/Command[menu×1|f=menuitem:/Command|h=/Command]@689.8
chromium-dark-desktop › orbit-menu-sample menu-enter-end-enter paced sample 11,orbit-menu-sample,menu,menu-enter-end-enter,menu-enter-enter,paced,11,Enter End Enter,ran /Command | none | @button:Add attachment,0,0,Enter>button:Add attachment[none|f=button:Add attachment|h=None]@22.4 ; End>menuitem:File[menu×1|f=menuitem:File|h=File]@377.8 ; Enter>menuitem:/Command[menu×1|f=menuitem:/Command|h=/Command]@686.1
chromium-dark-desktop › orbit-menu-sample menu-enter-end-enter paced sample 12,orbit-menu-sample,menu,menu-enter-end-enter,menu-enter-enter,paced,12,Enter End Enter,ran /Command | none | @button:Add attachment,0,0,Enter>button:Add attachment[none|f=button:Add attachment|h=None]@25.4 ; End>menuitem:File[menu×1|f=menuitem:File|h=File]@379.7 ; Enter>menuitem:/Command[menu×1|f=menuitem:/Command|h=/Command]@689.1
chromium-dark-desktop › orbit-menu-sample menu-enter-end-enter paced sample 13,orbit-menu-sample,menu,menu-enter-end-enter,menu-enter-enter,paced,13,Enter End Enter,ran /Command | none | @button:Add attachment,0,0,Enter>button:Add attachment[none|f=button:Add attachment|h=None]@22.8 ; End>menuitem:File[menu×1|f=menuitem:File|h=File]@367.4 ; Enter>menuitem:/Command[menu×1|f=menuitem:/Command|h=/Command]@675.6
chromium-dark-desktop › orbit-menu-sample menu-enter-end-enter paced sample 14,orbit-menu-sample,menu,menu-enter-end-enter,menu-enter-enter,paced,14,Enter End Enter,ran /Command | none | @button:Add attachment,0,0,Enter>button:Add attachment[none|f=button:Add attachment|h=None]@13.5 ; End>menuitem:File[menu×1|f=menuitem:File|h=File]@350.9 ; Enter>menuitem:/Command[menu×1|f=menuitem:/Command|h=/Command]@670.7
chromium-dark-desktop › orbit-menu-sample menu-enter-end-enter paced sample 15,orbit-menu-sample,menu,menu-enter-end-enter,menu-enter-enter,paced,15,Enter End Enter,ran /Command | none | @button:Add attachment,0,0,Enter>button:Add attachment[none|f=button:Add attachment|h=None]@29.6 ; End>menuitem:File[menu×1|f=menuitem:File|h=File]@379.5 ; Enter>menuitem:/Command[menu×1|f=menuitem:/Command|h=/Command]@690.5
chromium-dark-desktop › orbit-menu-sample menu-enter-end-enter paced sample 16,orbit-menu-sample,menu,menu-enter-end-enter,menu-enter-enter,paced,16,Enter End Enter,ran /Command | none | @button:Add attachment,0,0,Enter>button:Add attachment[none|f=button:Add attachment|h=None]@44.2 ; End>menuitem:File[menu×1|f=menuitem:File|h=File]@411.1 ; Enter>menuitem:/Command[menu×1|f=menuitem:/Command|h=/Command]@720.2
chromium-dark-desktop › orbit-menu-sample menu-enter-end-enter paced sample 17,orbit-menu-sample,menu,menu-enter-end-enter,menu-enter-enter,paced,17,Enter End Enter,ran /Command | none | @button:Add attachment,0,0,Enter>button:Add attachment[none|f=button:Add attachment|h=None]@6.7 ; End>menuitem:File[menu×1|f=menuitem:File|h=File]@379.8 ; Enter>menuitem:/Command[menu×1|f=menuitem:/Command|h=/Command]@725.6
chromium-dark-desktop › orbit-menu-sample menu-enter-end-enter paced sample 18,orbit-menu-sample,menu,menu-enter-end-enter,menu-enter-enter,paced,18,Enter End Enter,ran /Command | none | @button:Add attachment,0,0,Enter>button:Add attachment[none|f=button:Add attachment|h=None]@24.1 ; End>menuitem:File[menu×1|f=menuitem:File|h=File]@399.5 ; Enter>menuitem:/Command[menu×1|f=menuitem:/Command|h=/Command]@711.2
chromium-dark-desktop › orbit-menu-sample menu-enter-end-enter paced sample 19,orbit-menu-sample,menu,menu-enter-end-enter,menu-enter-enter,paced,19,Enter End Enter,ran /Command | none | @button:Add attachment,0,0,Enter>button:Add attachment[none|f=button:Add attachment|h=None]@33.3 ; End>menuitem:File[menu×1|f=menuitem:File|h=File]@376.9 ; Enter>menuitem:/Command[menu×1|f=menuitem:/Command|h=/Command]@688.2
chromium-dark-desktop › orbit-menu menu-enter-s-enter burst sample 0,orbit-menu,menu,menu-enter-s-enter,menu-enter-enter,burst,0,Enter s Enter,Action=shell | none | @button:Add attachment,1,1,Enter>button:Add attachment[none|f=button:Add attachment|h=None]@6.7 ; s>button:Add attachment[menu×1|f=button:Add attachment|h=File]@35.3 ; Enter>button:Add attachment[menu×1|f=button:Add attachment|h=Shell]@36.8 ; Enter*>menuitem:Shell[menu×1|f=button:Add attachment|h=Shell]@36.9
chromium-dark-desktop › orbit-menu menu-enter-s-enter burst sample 1,orbit-menu,menu,menu-enter-s-enter,menu-enter-enter,burst,1,Enter s Enter,Action=shell | none | @button:Add attachment,1,1,Enter>button:Add attachment[none|f=button:Add attachment|h=None]@22.5 ; s>button:Add attachment[menu×1|f=button:Add attachment|h=File]@57.3 ; Enter>button:Add attachment[menu×1|f=button:Add attachment|h=Shell]@59.3 ; Enter*>menuitem:Shell[menu×1|f=button:Add attachment|h=Shell]@59.4
chromium-dark-desktop › orbit-menu menu-enter-s-enter burst sample 2,orbit-menu,menu,menu-enter-s-enter,menu-enter-enter,burst,2,Enter s Enter,Action=shell | none | @button:Add attachment,1,1,Enter>button:Add attachment[none|f=button:Add attachment|h=None]@35 ; s>button:Add attachment[menu×1|f=button:Add attachment|h=File]@61.1 ; Enter>button:Add attachment[menu×1|f=button:Add attachment|h=Shell]@62.4 ; Enter*>menuitem:Shell[menu×1|f=button:Add attachment|h=Shell]@62.4
chromium-dark-desktop › orbit-menu menu-enter-s-enter burst sample 3,orbit-menu,menu,menu-enter-s-enter,menu-enter-enter,burst,3,Enter s Enter,Action=shell | none | @button:Add attachment,1,1,Enter>button:Add attachment[none|f=button:Add attachment|h=None]@16.9 ; s>button:Add attachment[menu×1|f=button:Add attachment|h=File]@42.3 ; Enter>button:Add attachment[menu×1|f=button:Add attachment|h=Shell]@43.8 ; Enter*>menuitem:Shell[menu×1|f=button:Add attachment|h=Shell]@43.8
chromium-dark-desktop › orbit-menu menu-enter-s-enter burst sample 4,orbit-menu,menu,menu-enter-s-enter,menu-enter-enter,burst,4,Enter s Enter,Action=shell | none | @button:Add attachment,1,1,Enter>button:Add attachment[none|f=button:Add attachment|h=None]@40.5 ; s>button:Add attachment[menu×1|f=button:Add attachment|h=File]@82.3 ; Enter>button:Add attachment[menu×1|f=button:Add attachment|h=Shell]@84.9 ; Enter*>menuitem:Shell[menu×1|f=button:Add attachment|h=Shell]@85.1
chromium-dark-desktop › orbit-menu menu-enter-s-enter burst sample 5,orbit-menu,menu,menu-enter-s-enter,menu-enter-enter,burst,5,Enter s Enter,Action=shell | none | @button:Add attachment,1,1,Enter>button:Add attachment[none|f=button:Add attachment|h=None]@24.5 ; s>button:Add attachment[menu×1|f=button:Add attachment|h=File]@44.8 ; Enter>button:Add attachment[menu×1|f=button:Add attachment|h=Shell]@45.8 ; Enter*>menuitem:Shell[menu×1|f=button:Add attachment|h=Shell]@45.9
chromium-dark-desktop › orbit-menu menu-enter-s-enter burst sample 6,orbit-menu,menu,menu-enter-s-enter,menu-enter-enter,burst,6,Enter s Enter,Action=shell | none | @button:Add attachment,1,1,Enter>button:Add attachment[none|f=button:Add attachment|h=None]@29.3 ; s>button:Add attachment[menu×1|f=button:Add attachment|h=File]@63.8 ; Enter>button:Add attachment[menu×1|f=button:Add attachment|h=Shell]@66 ; Enter*>menuitem:Shell[menu×1|f=button:Add attachment|h=Shell]@66.2
chromium-dark-desktop › orbit-menu menu-enter-s-enter burst sample 7,orbit-menu,menu,menu-enter-s-enter,menu-enter-enter,burst,7,Enter s Enter,Action=shell | none | @button:Add attachment,1,1,Enter>button:Add attachment[none|f=button:Add attachment|h=None]@26.5 ; s>button:Add attachment[menu×1|f=button:Add attachment|h=File]@54.7 ; Enter>button:Add attachment[menu×1|f=button:Add attachment|h=Shell]@56.3 ; Enter*>menuitem:Shell[menu×1|f=button:Add attachment|h=Shell]@56.5
chromium-dark-desktop › orbit-menu menu-enter-s-enter burst sample 8,orbit-menu,menu,menu-enter-s-enter,menu-enter-enter,burst,8,Enter s Enter,Action=shell | none | @button:Add attachment,1,1,Enter>button:Add attachment[none|f=button:Add attachment|h=None]@16.9 ; s>button:Add attachment[menu×1|f=button:Add attachment|h=File]@36.8 ; Enter>button:Add attachment[menu×1|f=button:Add attachment|h=Shell]@37.9 ; Enter*>menuitem:Shell[menu×1|f=button:Add attachment|h=Shell]@38
chromium-dark-desktop › orbit-menu menu-enter-s-enter burst sample 9,orbit-menu,menu,menu-enter-s-enter,menu-enter-enter,burst,9,Enter s Enter,Action=shell | none | @button:Add attachment,1,1,Enter>button:Add attachment[none|f=button:Add attachment|h=None]@15.8 ; s>button:Add attachment[menu×1|f=button:Add attachment|h=File]@45.2 ; Enter>button:Add attachment[menu×1|f=button:Add attachment|h=Shell]@47.3 ; Enter*>menuitem:Shell[menu×1|f=button:Add attachment|h=Shell]@47.5
chromium-dark-desktop › orbit-menu menu-enter-s-enter burst sample 10,orbit-menu,menu,menu-enter-s-enter,menu-enter-enter,burst,10,Enter s Enter,Action=shell | none | @button:Add attachment,1,1,Enter>button:Add attachment[none|f=button:Add attachment|h=None]@15.1 ; s>button:Add attachment[menu×1|f=button:Add attachment|h=File]@34.5 ; Enter>button:Add attachment[menu×1|f=button:Add attachment|h=Shell]@35.4 ; Enter*>menuitem:Shell[menu×1|f=button:Add attachment|h=Shell]@35.5
chromium-dark-desktop › orbit-menu menu-enter-s-enter burst sample 11,orbit-menu,menu,menu-enter-s-enter,menu-enter-enter,burst,11,Enter s Enter,Action=shell | none | @button:Add attachment,1,1,Enter>button:Add attachment[none|f=button:Add attachment|h=None]@47.4 ; s>button:Add attachment[menu×1|f=button:Add attachment|h=File]@116.3 ; Enter>button:Add attachment[menu×1|f=button:Add attachment|h=Shell]@118.4 ; Enter*>menuitem:Shell[menu×1|f=button:Add attachment|h=Shell]@118.6
chromium-dark-desktop › orbit-menu menu-enter-s-enter burst sample 12,orbit-menu,menu,menu-enter-s-enter,menu-enter-enter,burst,12,Enter s Enter,Action=shell | none | @button:Add attachment,1,1,Enter>button:Add attachment[none|f=button:Add attachment|h=None]@24.9 ; s>button:Add attachment[menu×1|f=button:Add attachment|h=File]@46.9 ; Enter>button:Add attachment[menu×1|f=button:Add attachment|h=Shell]@48.1 ; Enter*>menuitem:Shell[menu×1|f=button:Add attachment|h=Shell]@48.1
chromium-dark-desktop › orbit-menu menu-enter-s-enter burst sample 13,orbit-menu,menu,menu-enter-s-enter,menu-enter-enter,burst,13,Enter s Enter,Action=shell | none | @button:Add attachment,1,1,Enter>button:Add attachment[none|f=button:Add attachment|h=None]@24.1 ; s>button:Add attachment[menu×1|f=button:Add attachment|h=File]@50.3 ; Enter>button:Add attachment[menu×1|f=button:Add attachment|h=Shell]@53.9 ; Enter*>menuitem:Shell[menu×1|f=button:Add attachment|h=Shell]@54.1
chromium-dark-desktop › orbit-menu menu-enter-s-enter burst sample 14,orbit-menu,menu,menu-enter-s-enter,menu-enter-enter,burst,14,Enter s Enter,Action=shell | none | @button:Add attachment,1,1,Enter>button:Add attachment[none|f=button:Add attachment|h=None]@17.5 ; s>button:Add attachment[menu×1|f=button:Add attachment|h=File]@38 ; Enter>button:Add attachment[menu×1|f=button:Add attachment|h=Shell]@39 ; Enter*>menuitem:Shell[menu×1|f=button:Add attachment|h=Shell]@39.2
chromium-dark-desktop › orbit-menu menu-enter-s-enter burst sample 15,orbit-menu,menu,menu-enter-s-enter,menu-enter-enter,burst,15,Enter s Enter,Action=shell | none | @button:Add attachment,1,1,Enter>button:Add attachment[none|f=button:Add attachment|h=None]@16.6 ; s>button:Add attachment[menu×1|f=button:Add attachment|h=File]@46.9 ; Enter>button:Add attachment[menu×1|f=button:Add attachment|h=Shell]@49 ; Enter*>menuitem:Shell[menu×1|f=button:Add attachment|h=Shell]@49.1
chromium-dark-desktop › orbit-menu menu-enter-s-enter burst sample 16,orbit-menu,menu,menu-enter-s-enter,menu-enter-enter,burst,16,Enter s Enter,Action=shell | none | @button:Add attachment,1,1,Enter>button:Add attachment[none|f=button:Add attachment|h=None]@22.5 ; s>button:Add attachment[menu×1|f=button:Add attachment|h=File]@47.6 ; Enter>button:Add attachment[menu×1|f=button:Add attachment|h=Shell]@49.2 ; Enter*>menuitem:Shell[menu×1|f=button:Add attachment|h=Shell]@49.3
chromium-dark-desktop › orbit-menu menu-enter-s-enter burst sample 17,orbit-menu,menu,menu-enter-s-enter,menu-enter-enter,burst,17,Enter s Enter,Action=shell | none | @button:Add attachment,1,1,Enter>button:Add attachment[none|f=button:Add attachment|h=None]@29.4 ; s>button:Add attachment[menu×1|f=button:Add attachment|h=File]@56.6 ; Enter>button:Add attachment[menu×1|f=button:Add attachment|h=Shell]@58 ; Enter*>menuitem:Shell[menu×1|f=button:Add attachment|h=Shell]@58
chromium-dark-desktop › orbit-menu menu-enter-s-enter burst sample 18,orbit-menu,menu,menu-enter-s-enter,menu-enter-enter,burst,18,Enter s Enter,Action=shell | none | @button:Add attachment,1,1,Enter>button:Add attachment[none|f=button:Add attachment|h=None]@23.4 ; s>button:Add attachment[menu×1|f=button:Add attachment|h=File]@43.4 ; Enter>button:Add attachment[menu×1|f=button:Add attachment|h=Shell]@44.5 ; Enter*>menuitem:Shell[menu×1|f=button:Add attachment|h=Shell]@44.6
chromium-dark-desktop › orbit-menu menu-enter-s-enter burst sample 19,orbit-menu,menu,menu-enter-s-enter,menu-enter-enter,burst,19,Enter s Enter,Action=shell | none | @button:Add attachment,1,1,Enter>button:Add attachment[none|f=button:Add attachment|h=None]@21.9 ; s>button:Add attachment[menu×1|f=button:Add attachment|h=File]@47.8 ; Enter>button:Add attachment[menu×1|f=button:Add attachment|h=Shell]@49 ; Enter*>menuitem:Shell[menu×1|f=button:Add attachment|h=Shell]@49.1
chromium-dark-desktop › orbit-menu menu-enter-s-enter paced sample 0,orbit-menu,menu,menu-enter-s-enter,menu-enter-enter,paced,0,Enter s Enter,Action=shell | none | @button:Add attachment,0,0,Enter>button:Add attachment[none|f=button:Add attachment|h=None]@13.9 ; s>menuitem:File[menu×1|f=menuitem:File|h=File]@353.7 ; Enter>menuitem:Shell[menu×1|f=menuitem:Shell|h=Shell]@673.3
chromium-dark-desktop › orbit-menu menu-enter-s-enter paced sample 1,orbit-menu,menu,menu-enter-s-enter,menu-enter-enter,paced,1,Enter s Enter,Action=shell | none | @button:Add attachment,0,0,Enter>button:Add attachment[none|f=button:Add attachment|h=None]@35.7 ; s>menuitem:File[menu×1|f=menuitem:File|h=File]@376.9 ; Enter>menuitem:Shell[menu×1|f=menuitem:Shell|h=Shell]@687.5
chromium-dark-desktop › orbit-menu menu-enter-s-enter paced sample 2,orbit-menu,menu,menu-enter-s-enter,menu-enter-enter,paced,2,Enter s Enter,Action=shell | none | @button:Add attachment,0,0,Enter>button:Add attachment[none|f=button:Add attachment|h=None]@22.1 ; s>menuitem:File[menu×1|f=menuitem:File|h=File]@401.3 ; Enter>menuitem:Shell[menu×1|f=menuitem:Shell|h=Shell]@718.9
chromium-dark-desktop › orbit-menu menu-enter-s-enter paced sample 3,orbit-menu,menu,menu-enter-s-enter,menu-enter-enter,paced,3,Enter s Enter,Action=shell | none | @button:Add attachment,0,0,Enter>button:Add attachment[none|f=button:Add attachment|h=None]@32.2 ; s>menuitem:File[menu×1|f=menuitem:File|h=File]@392.9 ; Enter>menuitem:Shell[menu×1|f=menuitem:Shell|h=Shell]@705.8
chromium-dark-desktop › orbit-menu menu-enter-s-enter paced sample 4,orbit-menu,menu,menu-enter-s-enter,menu-enter-enter,paced,4,Enter s Enter,Action=shell | none | @button:Add attachment,0,0,Enter>button:Add attachment[none|f=button:Add attachment|h=None]@28.1 ; s>menuitem:File[menu×1|f=menuitem:File|h=File]@358.3 ; Enter>menuitem:Shell[menu×1|f=menuitem:Shell|h=Shell]@670.4
chromium-dark-desktop › orbit-menu menu-enter-s-enter paced sample 5,orbit-menu,menu,menu-enter-s-enter,menu-enter-enter,paced,5,Enter s Enter,Action=shell | none | @button:Add attachment,0,0,Enter>button:Add attachment[none|f=button:Add attachment|h=None]@26.8 ; s>menuitem:File[menu×1|f=menuitem:File|h=File]@362.2 ; Enter>menuitem:Shell[menu×1|f=menuitem:Shell|h=Shell]@680.4
chromium-dark-desktop › orbit-menu menu-enter-s-enter paced sample 6,orbit-menu,menu,menu-enter-s-enter,menu-enter-enter,paced,6,Enter s Enter,Action=shell | none | @button:Add attachment,0,0,Enter>button:Add attachment[none|f=button:Add attachment|h=None]@12.5 ; s>menuitem:File[menu×1|f=menuitem:File|h=File]@355.8 ; Enter>menuitem:Shell[menu×1|f=menuitem:Shell|h=Shell]@680.6
chromium-dark-desktop › orbit-menu menu-enter-s-enter paced sample 7,orbit-menu,menu,menu-enter-s-enter,menu-enter-enter,paced,7,Enter s Enter,Action=shell | none | @button:Add attachment,0,0,Enter>button:Add attachment[none|f=button:Add attachment|h=None]@27 ; s>menuitem:File[menu×1|f=menuitem:File|h=File]@370.5 ; Enter>menuitem:Shell[menu×1|f=menuitem:Shell|h=Shell]@688.8
chromium-dark-desktop › orbit-menu menu-enter-s-enter paced sample 8,orbit-menu,menu,menu-enter-s-enter,menu-enter-enter,paced,8,Enter s Enter,Action=shell | none | @button:Add attachment,0,0,Enter>button:Add attachment[none|f=button:Add attachment|h=None]@25.4 ; s>menuitem:File[menu×1|f=menuitem:File|h=File]@372.5 ; Enter>menuitem:Shell[menu×1|f=menuitem:Shell|h=Shell]@683.4
chromium-dark-desktop › orbit-menu menu-enter-s-enter paced sample 9,orbit-menu,menu,menu-enter-s-enter,menu-enter-enter,paced,9,Enter s Enter,Action=shell | none | @button:Add attachment,0,0,Enter>button:Add attachment[none|f=button:Add attachment|h=None]@26.5 ; s>menuitem:File[menu×1|f=menuitem:File|h=File]@380.3 ; Enter>menuitem:Shell[menu×1|f=menuitem:Shell|h=Shell]@707.5
chromium-dark-desktop › orbit-menu menu-enter-s-enter paced sample 10,orbit-menu,menu,menu-enter-s-enter,menu-enter-enter,paced,10,Enter s Enter,Action=shell | none | @button:Add attachment,0,0,Enter>button:Add attachment[none|f=button:Add attachment|h=None]@17.4 ; s>menuitem:File[menu×1|f=menuitem:File|h=File]@366.6 ; Enter>menuitem:Shell[menu×1|f=menuitem:Shell|h=Shell]@675.7
chromium-dark-desktop › orbit-menu menu-enter-s-enter paced sample 11,orbit-menu,menu,menu-enter-s-enter,menu-enter-enter,paced,11,Enter s Enter,Action=shell | none | @button:Add attachment,0,0,Enter>button:Add attachment[none|f=button:Add attachment|h=None]@10.5 ; s>menuitem:File[menu×1|f=menuitem:File|h=File]@342.9 ; Enter>menuitem:Shell[menu×1|f=menuitem:Shell|h=Shell]@659.8
chromium-dark-desktop › orbit-menu menu-enter-s-enter paced sample 12,orbit-menu,menu,menu-enter-s-enter,menu-enter-enter,paced,12,Enter s Enter,Action=shell | none | @button:Add attachment,0,0,Enter>button:Add attachment[none|f=button:Add attachment|h=None]@39.8 ; s>menuitem:File[menu×1|f=menuitem:File|h=File]@385.7 ; Enter>menuitem:Shell[menu×1|f=menuitem:Shell|h=Shell]@695
chromium-dark-desktop › orbit-menu menu-enter-s-enter paced sample 13,orbit-menu,menu,menu-enter-s-enter,menu-enter-enter,paced,13,Enter s Enter,Action=shell | none | @button:Add attachment,0,0,Enter>button:Add attachment[none|f=button:Add attachment|h=None]@25.4 ; s>menuitem:File[menu×1|f=menuitem:File|h=File]@370.7 ; Enter>menuitem:Shell[menu×1|f=menuitem:Shell|h=Shell]@681.8
chromium-dark-desktop › orbit-menu menu-enter-s-enter paced sample 14,orbit-menu,menu,menu-enter-s-enter,menu-enter-enter,paced,14,Enter s Enter,Action=shell | none | @button:Add attachment,0,0,Enter>button:Add attachment[none|f=button:Add attachment|h=None]@22.3 ; s>menuitem:File[menu×1|f=menuitem:File|h=File]@355.5 ; Enter>menuitem:Shell[menu×1|f=menuitem:Shell|h=Shell]@666.1
chromium-dark-desktop › orbit-menu menu-enter-s-enter paced sample 15,orbit-menu,menu,menu-enter-s-enter,menu-enter-enter,paced,15,Enter s Enter,Action=shell | none | @button:Add attachment,0,0,Enter>button:Add attachment[none|f=button:Add attachment|h=None]@15.7 ; s>menuitem:File[menu×1|f=menuitem:File|h=File]@375.2 ; Enter>menuitem:Shell[menu×1|f=menuitem:Shell|h=Shell]@702.6
chromium-dark-desktop › orbit-menu menu-enter-s-enter paced sample 16,orbit-menu,menu,menu-enter-s-enter,menu-enter-enter,paced,16,Enter s Enter,Action=shell | none | @button:Add attachment,0,0,Enter>button:Add attachment[none|f=button:Add attachment|h=None]@21.7 ; s>menuitem:File[menu×1|f=menuitem:File|h=File]@355.4 ; Enter>menuitem:Shell[menu×1|f=menuitem:Shell|h=Shell]@670.1
chromium-dark-desktop › orbit-menu menu-enter-s-enter paced sample 17,orbit-menu,menu,menu-enter-s-enter,menu-enter-enter,paced,17,Enter s Enter,Action=shell | none | @button:Add attachment,0,0,Enter>button:Add attachment[none|f=button:Add attachment|h=None]@36.4 ; s>menuitem:File[menu×1|f=menuitem:File|h=File]@387.9 ; Enter>menuitem:Shell[menu×1|f=menuitem:Shell|h=Shell]@696.7
chromium-dark-desktop › orbit-menu menu-enter-s-enter paced sample 18,orbit-menu,menu,menu-enter-s-enter,menu-enter-enter,paced,18,Enter s Enter,Action=shell | none | @button:Add attachment,0,0,Enter>button:Add attachment[none|f=button:Add attachment|h=None]@24.7 ; s>menuitem:File[menu×1|f=menuitem:File|h=File]@365.5 ; Enter>menuitem:Shell[menu×1|f=menuitem:Shell|h=Shell]@676.4
chromium-dark-desktop › orbit-menu menu-enter-s-enter paced sample 19,orbit-menu,menu,menu-enter-s-enter,menu-enter-enter,paced,19,Enter s Enter,Action=shell | none | @button:Add attachment,0,0,Enter>button:Add attachment[none|f=button:Add attachment|h=None]@23 ; s>menuitem:File[menu×1|f=menuitem:File|h=File]@353.8 ; Enter>menuitem:Shell[menu×1|f=menuitem:Shell|h=Shell]@662.4
chromium-dark-desktop › orbit-menu-sample menu-enter-s-enter burst sample 0,orbit-menu-sample,menu,menu-enter-s-enter,menu-enter-enter,burst,0,Enter s Enter,ran Shell | none | @button:Add attachment,1,1,Enter>button:Add attachment[none|f=button:Add attachment|h=None]@32.2 ; s>button:Add attachment[menu×1|f=button:Add attachment|h=File]@64.6 ; Enter>button:Add attachment[menu×1|f=button:Add attachment|h=Shell]@65.9 ; Enter*>menuitem:Shell[menu×1|f=button:Add attachment|h=Shell]@66.1
chromium-dark-desktop › orbit-menu-sample menu-enter-s-enter burst sample 1,orbit-menu-sample,menu,menu-enter-s-enter,menu-enter-enter,burst,1,Enter s Enter,ran Shell | none | @button:Add attachment,1,1,Enter>button:Add attachment[none|f=button:Add attachment|h=None]@22.5 ; s>button:Add attachment[menu×1|f=button:Add attachment|h=File]@57.1 ; Enter>button:Add attachment[menu×1|f=button:Add attachment|h=Shell]@58.6 ; Enter*>menuitem:Shell[menu×1|f=button:Add attachment|h=Shell]@58.7
chromium-dark-desktop › orbit-menu-sample menu-enter-s-enter burst sample 2,orbit-menu-sample,menu,menu-enter-s-enter,menu-enter-enter,burst,2,Enter s Enter,ran Shell | none | @button:Add attachment,1,1,Enter>button:Add attachment[none|f=button:Add attachment|h=None]@35.6 ; s>button:Add attachment[menu×1|f=button:Add attachment|h=File]@75.2 ; Enter>button:Add attachment[menu×1|f=button:Add attachment|h=Shell]@76.8 ; Enter*>menuitem:Shell[menu×1|f=button:Add attachment|h=Shell]@76.9
chromium-dark-desktop › orbit-menu-sample menu-enter-s-enter burst sample 3,orbit-menu-sample,menu,menu-enter-s-enter,menu-enter-enter,burst,3,Enter s Enter,ran Shell | none | @button:Add attachment,1,1,Enter>button:Add attachment[none|f=button:Add attachment|h=None]@25.4 ; s>button:Add attachment[menu×1|f=button:Add attachment|h=File]@48.5 ; Enter>button:Add attachment[menu×1|f=button:Add attachment|h=Shell]@49.5 ; Enter*>menuitem:Shell[menu×1|f=button:Add attachment|h=Shell]@49.6
chromium-dark-desktop › orbit-menu-sample menu-enter-s-enter burst sample 4,orbit-menu-sample,menu,menu-enter-s-enter,menu-enter-enter,burst,4,Enter s Enter,ran Shell | none | @button:Add attachment,1,1,Enter>button:Add attachment[none|f=button:Add attachment|h=None]@30.2 ; s>button:Add attachment[menu×1|f=button:Add attachment|h=File]@65.4 ; Enter>button:Add attachment[menu×1|f=button:Add attachment|h=Shell]@66.6 ; Enter*>menuitem:Shell[menu×1|f=button:Add attachment|h=Shell]@66.6
chromium-dark-desktop › orbit-menu-sample menu-enter-s-enter burst sample 5,orbit-menu-sample,menu,menu-enter-s-enter,menu-enter-enter,burst,5,Enter s Enter,ran Shell | none | @button:Add attachment,1,1,Enter>button:Add attachment[none|f=button:Add attachment|h=None]@16.2 ; s>button:Add attachment[menu×1|f=button:Add attachment|h=File]@47.7 ; Enter>button:Add attachment[menu×1|f=button:Add attachment|h=Shell]@48.6 ; Enter*>menuitem:Shell[menu×1|f=button:Add attachment|h=Shell]@48.7
chromium-dark-desktop › orbit-menu-sample menu-enter-s-enter burst sample 6,orbit-menu-sample,menu,menu-enter-s-enter,menu-enter-enter,burst,6,Enter s Enter,ran Shell | none | @button:Add attachment,1,1,Enter>button:Add attachment[none|f=button:Add attachment|h=None]@23.2 ; s>button:Add attachment[menu×1|f=button:Add attachment|h=File]@56.7 ; Enter>button:Add attachment[menu×1|f=button:Add attachment|h=Shell]@57.9 ; Enter*>menuitem:Shell[menu×1|f=button:Add attachment|h=Shell]@57.9
chromium-dark-desktop › orbit-menu-sample menu-enter-s-enter burst sample 7,orbit-menu-sample,menu,menu-enter-s-enter,menu-enter-enter,burst,7,Enter s Enter,ran Shell | none | @button:Add attachment,1,1,Enter>button:Add attachment[none|f=button:Add attachment|h=None]@32.6 ; s>button:Add attachment[menu×1|f=button:Add attachment|h=File]@67.3 ; Enter>button:Add attachment[menu×1|f=button:Add attachment|h=Shell]@68.9 ; Enter*>menuitem:Shell[menu×1|f=button:Add attachment|h=Shell]@69.1
chromium-dark-desktop › orbit-menu-sample menu-enter-s-enter burst sample 8,orbit-menu-sample,menu,menu-enter-s-enter,menu-enter-enter,burst,8,Enter s Enter,ran Shell | none | @button:Add attachment,1,1,Enter>button:Add attachment[none|f=button:Add attachment|h=None]@25.7 ; s>button:Add attachment[menu×1|f=button:Add attachment|h=File]@62 ; Enter>button:Add attachment[menu×1|f=button:Add attachment|h=Shell]@63.4 ; Enter*>menuitem:Shell[menu×1|f=button:Add attachment|h=Shell]@63.5
chromium-dark-desktop › orbit-menu-sample menu-enter-s-enter burst sample 9,orbit-menu-sample,menu,menu-enter-s-enter,menu-enter-enter,burst,9,Enter s Enter,ran Shell | none | @button:Add attachment,1,1,Enter>button:Add attachment[none|f=button:Add attachment|h=None]@27.2 ; s>button:Add attachment[menu×1|f=button:Add attachment|h=File]@66.8 ; Enter>button:Add attachment[menu×1|f=button:Add attachment|h=Shell]@68.4 ; Enter*>menuitem:Shell[menu×1|f=button:Add attachment|h=Shell]@68.4
chromium-dark-desktop › orbit-menu-sample menu-enter-s-enter burst sample 10,orbit-menu-sample,menu,menu-enter-s-enter,menu-enter-enter,burst,10,Enter s Enter,ran Shell | none | @button:Add attachment,1,1,Enter>button:Add attachment[none|f=button:Add attachment|h=None]@34.4 ; s>button:Add attachment[menu×1|f=button:Add attachment|h=File]@70.8 ; Enter>button:Add attachment[menu×1|f=button:Add attachment|h=Shell]@72.4 ; Enter*>menuitem:Shell[menu×1|f=button:Add attachment|h=Shell]@72.4
chromium-dark-desktop › orbit-menu-sample menu-enter-s-enter burst sample 11,orbit-menu-sample,menu,menu-enter-s-enter,menu-enter-enter,burst,11,Enter s Enter,ran Shell | none | @button:Add attachment,1,1,Enter>button:Add attachment[none|f=button:Add attachment|h=None]@25 ; s>button:Add attachment[menu×1|f=button:Add attachment|h=File]@63 ; Enter>button:Add attachment[menu×1|f=button:Add attachment|h=Shell]@64.8 ; Enter*>menuitem:Shell[menu×1|f=button:Add attachment|h=Shell]@64.9
chromium-dark-desktop › orbit-menu-sample menu-enter-s-enter burst sample 12,orbit-menu-sample,menu,menu-enter-s-enter,menu-enter-enter,burst,12,Enter s Enter,ran Shell | none | @button:Add attachment,1,1,Enter>button:Add attachment[none|f=button:Add attachment|h=None]@32.5 ; s>button:Add attachment[menu×1|f=button:Add attachment|h=File]@59 ; Enter>button:Add attachment[menu×1|f=button:Add attachment|h=Shell]@59.9 ; Enter*>menuitem:Shell[menu×1|f=button:Add attachment|h=Shell]@60
chromium-dark-desktop › orbit-menu-sample menu-enter-s-enter burst sample 13,orbit-menu-sample,menu,menu-enter-s-enter,menu-enter-enter,burst,13,Enter s Enter,ran Shell | none | @button:Add attachment,1,1,Enter>button:Add attachment[none|f=button:Add attachment|h=None]@31.5 ; s>button:Add attachment[menu×1|f=button:Add attachment|h=File]@71 ; Enter>button:Add attachment[menu×1|f=button:Add attachment|h=Shell]@72.6 ; Enter*>menuitem:Shell[menu×1|f=button:Add attachment|h=Shell]@72.7
chromium-dark-desktop › orbit-menu-sample menu-enter-s-enter burst sample 14,orbit-menu-sample,menu,menu-enter-s-enter,menu-enter-enter,burst,14,Enter s Enter,ran Shell | none | @button:Add attachment,1,1,Enter>button:Add attachment[none|f=button:Add attachment|h=None]@27 ; s>button:Add attachment[menu×1|f=button:Add attachment|h=File]@62.5 ; Enter>button:Add attachment[menu×1|f=button:Add attachment|h=Shell]@63.9 ; Enter*>menuitem:Shell[menu×1|f=button:Add attachment|h=Shell]@64
chromium-dark-desktop › orbit-menu-sample menu-enter-s-enter burst sample 15,orbit-menu-sample,menu,menu-enter-s-enter,menu-enter-enter,burst,15,Enter s Enter,ran Shell | none | @button:Add attachment,1,1,Enter>button:Add attachment[none|f=button:Add attachment|h=None]@26.3 ; s>button:Add attachment[menu×1|f=button:Add attachment|h=File]@69 ; Enter>button:Add attachment[menu×1|f=button:Add attachment|h=Shell]@70.9 ; Enter*>menuitem:Shell[menu×1|f=button:Add attachment|h=Shell]@71
chromium-dark-desktop › orbit-menu-sample menu-enter-s-enter burst sample 16,orbit-menu-sample,menu,menu-enter-s-enter,menu-enter-enter,burst,16,Enter s Enter,ran Shell | none | @button:Add attachment,1,1,Enter>button:Add attachment[none|f=button:Add attachment|h=None]@21.9 ; s>button:Add attachment[menu×1|f=button:Add attachment|h=File]@62.1 ; Enter>button:Add attachment[menu×1|f=button:Add attachment|h=Shell]@63.9 ; Enter*>menuitem:Shell[menu×1|f=button:Add attachment|h=Shell]@64
chromium-dark-desktop › orbit-menu-sample menu-enter-s-enter burst sample 17,orbit-menu-sample,menu,menu-enter-s-enter,menu-enter-enter,burst,17,Enter s Enter,ran Shell | none | @button:Add attachment,1,1,Enter>button:Add attachment[none|f=button:Add attachment|h=None]@19.7 ; s>button:Add attachment[menu×1|f=button:Add attachment|h=File]@48.3 ; Enter>button:Add attachment[menu×1|f=button:Add attachment|h=Shell]@49.3 ; Enter*>menuitem:Shell[menu×1|f=button:Add attachment|h=Shell]@49.4
chromium-dark-desktop › orbit-menu-sample menu-enter-s-enter burst sample 18,orbit-menu-sample,menu,menu-enter-s-enter,menu-enter-enter,burst,18,Enter s Enter,ran Shell | none | @button:Add attachment,1,1,Enter>button:Add attachment[none|f=button:Add attachment|h=None]@29.6 ; s>button:Add attachment[menu×1|f=button:Add attachment|h=File]@67.9 ; Enter>button:Add attachment[menu×1|f=button:Add attachment|h=Shell]@69.9 ; Enter*>menuitem:Shell[menu×1|f=button:Add attachment|h=Shell]@70.1
chromium-dark-desktop › orbit-menu-sample menu-enter-s-enter burst sample 19,orbit-menu-sample,menu,menu-enter-s-enter,menu-enter-enter,burst,19,Enter s Enter,ran Shell | none | @button:Add attachment,1,1,Enter>button:Add attachment[none|f=button:Add attachment|h=None]@23.8 ; s>button:Add attachment[menu×1|f=button:Add attachment|h=File]@53.5 ; Enter>button:Add attachment[menu×1|f=button:Add attachment|h=Shell]@54.8 ; Enter*>menuitem:Shell[menu×1|f=button:Add attachment|h=Shell]@55
chromium-dark-desktop › orbit-menu-sample menu-enter-s-enter paced sample 0,orbit-menu-sample,menu,menu-enter-s-enter,menu-enter-enter,paced,0,Enter s Enter,ran Shell | none | @button:Add attachment,0,0,Enter>button:Add attachment[none|f=button:Add attachment|h=None]@30.7 ; s>menuitem:File[menu×1|f=menuitem:File|h=File]@370.5 ; Enter>menuitem:Shell[menu×1|f=menuitem:Shell|h=Shell]@679.2
chromium-dark-desktop › orbit-menu-sample menu-enter-s-enter paced sample 1,orbit-menu-sample,menu,menu-enter-s-enter,menu-enter-enter,paced,1,Enter s Enter,ran Shell | none | @button:Add attachment,0,0,Enter>button:Add attachment[none|f=button:Add attachment|h=None]@20.2 ; s>menuitem:File[menu×1|f=menuitem:File|h=File]@366.1 ; Enter>menuitem:Shell[menu×1|f=menuitem:Shell|h=Shell]@673.5
chromium-dark-desktop › orbit-menu-sample menu-enter-s-enter paced sample 2,orbit-menu-sample,menu,menu-enter-s-enter,menu-enter-enter,paced,2,Enter s Enter,ran Shell | none | @button:Add attachment,0,0,Enter>button:Add attachment[none|f=button:Add attachment|h=None]@25.6 ; s>menuitem:File[menu×1|f=menuitem:File|h=File]@359.4 ; Enter>menuitem:Shell[menu×1|f=menuitem:Shell|h=Shell]@665.7
chromium-dark-desktop › orbit-menu-sample menu-enter-s-enter paced sample 3,orbit-menu-sample,menu,menu-enter-s-enter,menu-enter-enter,paced,3,Enter s Enter,ran Shell | none | @button:Add attachment,0,0,Enter>button:Add attachment[none|f=button:Add attachment|h=None]@15.1 ; s>menuitem:File[menu×1|f=menuitem:File|h=File]@354.4 ; Enter>menuitem:Shell[menu×1|f=menuitem:Shell|h=Shell]@660.7
chromium-dark-desktop › orbit-menu-sample menu-enter-s-enter paced sample 4,orbit-menu-sample,menu,menu-enter-s-enter,menu-enter-enter,paced,4,Enter s Enter,ran Shell | none | @button:Add attachment,0,0,Enter>button:Add attachment[none|f=button:Add attachment|h=None]@32.4 ; s>menuitem:File[menu×1|f=menuitem:File|h=File]@375.8 ; Enter>menuitem:Shell[menu×1|f=menuitem:Shell|h=Shell]@685.1
chromium-dark-desktop › orbit-menu-sample menu-enter-s-enter paced sample 5,orbit-menu-sample,menu,menu-enter-s-enter,menu-enter-enter,paced,5,Enter s Enter,ran Shell | none | @button:Add attachment,0,0,Enter>button:Add attachment[none|f=button:Add attachment|h=None]@30.7 ; s>menuitem:File[menu×1|f=menuitem:File|h=File]@363.2 ; Enter>menuitem:Shell[menu×1|f=menuitem:Shell|h=Shell]@670.6
chromium-dark-desktop › orbit-menu-sample menu-enter-s-enter paced sample 6,orbit-menu-sample,menu,menu-enter-s-enter,menu-enter-enter,paced,6,Enter s Enter,ran Shell | none | @button:Add attachment,0,0,Enter>button:Add attachment[none|f=button:Add attachment|h=None]@16.2 ; s>menuitem:File[menu×1|f=menuitem:File|h=File]@347.3 ; Enter>menuitem:Shell[menu×1|f=menuitem:Shell|h=Shell]@654.1
chromium-dark-desktop › orbit-menu-sample menu-enter-s-enter paced sample 7,orbit-menu-sample,menu,menu-enter-s-enter,menu-enter-enter,paced,7,Enter s Enter,ran Shell | none | @button:Add attachment,0,0,Enter>button:Add attachment[none|f=button:Add attachment|h=None]@35.6 ; s>menuitem:File[menu×1|f=menuitem:File|h=File]@366.3 ; Enter>menuitem:Shell[menu×1|f=menuitem:Shell|h=Shell]@683.1
chromium-dark-desktop › orbit-menu-sample menu-enter-s-enter paced sample 8,orbit-menu-sample,menu,menu-enter-s-enter,menu-enter-enter,paced,8,Enter s Enter,ran Shell | none | @button:Add attachment,0,0,Enter>button:Add attachment[none|f=button:Add attachment|h=None]@31.5 ; s>menuitem:File[menu×1|f=menuitem:File|h=File]@378.7 ; Enter>menuitem:Shell[menu×1|f=menuitem:Shell|h=Shell]@686.3
chromium-dark-desktop › orbit-menu-sample menu-enter-s-enter paced sample 9,orbit-menu-sample,menu,menu-enter-s-enter,menu-enter-enter,paced,9,Enter s Enter,ran Shell | none | @button:Add attachment,0,0,Enter>button:Add attachment[none|f=button:Add attachment|h=None]@30.1 ; s>menuitem:File[menu×1|f=menuitem:File|h=File]@379.5 ; Enter>menuitem:Shell[menu×1|f=menuitem:Shell|h=Shell]@686.6
chromium-dark-desktop › orbit-menu-sample menu-enter-s-enter paced sample 10,orbit-menu-sample,menu,menu-enter-s-enter,menu-enter-enter,paced,10,Enter s Enter,ran Shell | none | @button:Add attachment,0,0,Enter>button:Add attachment[none|f=button:Add attachment|h=None]@24.1 ; s>menuitem:File[menu×1|f=menuitem:File|h=File]@356 ; Enter>menuitem:Shell[menu×1|f=menuitem:Shell|h=Shell]@667
chromium-dark-desktop › orbit-menu-sample menu-enter-s-enter paced sample 11,orbit-menu-sample,menu,menu-enter-s-enter,menu-enter-enter,paced,11,Enter s Enter,ran Shell | none | @button:Add attachment,0,0,Enter>button:Add attachment[none|f=button:Add attachment|h=None]@26.7 ; s>menuitem:File[menu×1|f=menuitem:File|h=File]@360.5 ; Enter>menuitem:Shell[menu×1|f=menuitem:Shell|h=Shell]@666.4
chromium-dark-desktop › orbit-menu-sample menu-enter-s-enter paced sample 12,orbit-menu-sample,menu,menu-enter-s-enter,menu-enter-enter,paced,12,Enter s Enter,ran Shell | none | @button:Add attachment,0,0,Enter>button:Add attachment[none|f=button:Add attachment|h=None]@27.6 ; s>menuitem:File[menu×1|f=menuitem:File|h=File]@366.1 ; Enter>menuitem:Shell[menu×1|f=menuitem:Shell|h=Shell]@675.8
chromium-dark-desktop › orbit-menu-sample menu-enter-s-enter paced sample 13,orbit-menu-sample,menu,menu-enter-s-enter,menu-enter-enter,paced,13,Enter s Enter,ran Shell | none | @button:Add attachment,0,0,Enter>button:Add attachment[none|f=button:Add attachment|h=None]@19.1 ; s>menuitem:File[menu×1|f=menuitem:File|h=File]@350.8 ; Enter>menuitem:Shell[menu×1|f=menuitem:Shell|h=Shell]@661.3
chromium-dark-desktop › orbit-menu-sample menu-enter-s-enter paced sample 14,orbit-menu-sample,menu,menu-enter-s-enter,menu-enter-enter,paced,14,Enter s Enter,ran Shell | none | @button:Add attachment,0,0,Enter>button:Add attachment[none|f=button:Add attachment|h=None]@28.1 ; s>menuitem:File[menu×1|f=menuitem:File|h=File]@359.4 ; Enter>menuitem:Shell[menu×1|f=menuitem:Shell|h=Shell]@667.9
chromium-dark-desktop › orbit-menu-sample menu-enter-s-enter paced sample 15,orbit-menu-sample,menu,menu-enter-s-enter,menu-enter-enter,paced,15,Enter s Enter,ran Shell | none | @button:Add attachment,0,0,Enter>button:Add attachment[none|f=button:Add attachment|h=None]@23.9 ; s>menuitem:File[menu×1|f=menuitem:File|h=File]@367.7 ; Enter>menuitem:Shell[menu×1|f=menuitem:Shell|h=Shell]@674.1
chromium-dark-desktop › orbit-menu-sample menu-enter-s-enter paced sample 16,orbit-menu-sample,menu,menu-enter-s-enter,menu-enter-enter,paced,16,Enter s Enter,ran Shell | none | @button:Add attachment,0,0,Enter>button:Add attachment[none|f=button:Add attachment|h=None]@32.3 ; s>menuitem:File[menu×1|f=menuitem:File|h=File]@363.8 ; Enter>menuitem:Shell[menu×1|f=menuitem:Shell|h=Shell]@671.3
chromium-dark-desktop › orbit-menu-sample menu-enter-s-enter paced sample 17,orbit-menu-sample,menu,menu-enter-s-enter,menu-enter-enter,paced,17,Enter s Enter,ran Shell | none | @button:Add attachment,0,0,Enter>button:Add attachment[none|f=button:Add attachment|h=None]@32.6 ; s>menuitem:File[menu×1|f=menuitem:File|h=File]@384.6 ; Enter>menuitem:Shell[menu×1|f=menuitem:Shell|h=Shell]@695.2
chromium-dark-desktop › orbit-menu-sample menu-enter-s-enter paced sample 18,orbit-menu-sample,menu,menu-enter-s-enter,menu-enter-enter,paced,18,Enter s Enter,ran Shell | none | @button:Add attachment,0,0,Enter>button:Add attachment[none|f=button:Add attachment|h=None]@16.4 ; s>menuitem:File[menu×1|f=menuitem:File|h=File]@345.2 ; Enter>menuitem:Shell[menu×1|f=menuitem:Shell|h=Shell]@651.6
chromium-dark-desktop › orbit-menu-sample menu-enter-s-enter paced sample 19,orbit-menu-sample,menu,menu-enter-s-enter,menu-enter-enter,paced,19,Enter s Enter,ran Shell | none | @button:Add attachment,0,0,Enter>button:Add attachment[none|f=button:Add attachment|h=None]@25.9 ; s>menuitem:File[menu×1|f=menuitem:File|h=File]@381.8 ; Enter>menuitem:Shell[menu×1|f=menuitem:Shell|h=Shell]@715.3
chromium-dark-desktop › orbit-menu menu-enter-tab burst sample 0,orbit-menu,menu,menu-enter-tab,menu-enter,burst,0,Enter Tab,none | none | @button:Open context,1,0,Enter>button:Add attachment[none|f=button:Add attachment|h=None]@22.5 ; Tab>button:Add attachment[menu×1|f=button:Add attachment|h=File]@58.2
chromium-dark-desktop › orbit-menu menu-enter-tab burst sample 1,orbit-menu,menu,menu-enter-tab,menu-enter,burst,1,Enter Tab,none | none | @button:Open context,1,0,Enter>button:Add attachment[none|f=button:Add attachment|h=None]@20.1 ; Tab>button:Add attachment[menu×1|f=button:Add attachment|h=File]@40.1
chromium-dark-desktop › orbit-menu menu-enter-tab burst sample 2,orbit-menu,menu,menu-enter-tab,menu-enter,burst,2,Enter Tab,none | none | @button:Open context,1,0,Enter>button:Add attachment[none|f=button:Add attachment|h=None]@33.2 ; Tab>button:Add attachment[menu×1|f=button:Add attachment|h=File]@54.3
chromium-dark-desktop › orbit-menu menu-enter-tab burst sample 3,orbit-menu,menu,menu-enter-tab,menu-enter,burst,3,Enter Tab,none | none | @button:Open context,1,0,Enter>button:Add attachment[none|f=button:Add attachment|h=None]@21 ; Tab>button:Add attachment[menu×1|f=button:Add attachment|h=File]@40.2
chromium-dark-desktop › orbit-menu menu-enter-tab burst sample 4,orbit-menu,menu,menu-enter-tab,menu-enter,burst,4,Enter Tab,none | none | @button:Open context,1,0,Enter>button:Add attachment[none|f=button:Add attachment|h=None]@26.6 ; Tab>button:Add attachment[menu×1|f=button:Add attachment|h=File]@48.5
chromium-dark-desktop › orbit-menu menu-enter-tab burst sample 5,orbit-menu,menu,menu-enter-tab,menu-enter,burst,5,Enter Tab,none | none | @button:Open context,1,0,Enter>button:Add attachment[none|f=button:Add attachment|h=None]@21.6 ; Tab>button:Add attachment[menu×1|f=button:Add attachment|h=File]@51.9
chromium-dark-desktop › orbit-menu menu-enter-tab burst sample 6,orbit-menu,menu,menu-enter-tab,menu-enter,burst,6,Enter Tab,none | none | @button:Open context,1,0,Enter>button:Add attachment[none|f=button:Add attachment|h=None]@30.6 ; Tab>button:Add attachment[menu×1|f=button:Add attachment|h=File]@52.6
chromium-dark-desktop › orbit-menu menu-enter-tab burst sample 7,orbit-menu,menu,menu-enter-tab,menu-enter,burst,7,Enter Tab,none | none | @button:Open context,1,0,Enter>button:Add attachment[none|f=button:Add attachment|h=None]@28.3 ; Tab>button:Add attachment[menu×1|f=button:Add attachment|h=File]@56
chromium-dark-desktop › orbit-menu menu-enter-tab burst sample 8,orbit-menu,menu,menu-enter-tab,menu-enter,burst,8,Enter Tab,none | none | @button:Open context,1,0,Enter>button:Add attachment[none|f=button:Add attachment|h=None]@27.7 ; Tab>button:Add attachment[menu×1|f=button:Add attachment|h=File]@53.6
chromium-dark-desktop › orbit-menu menu-enter-tab burst sample 9,orbit-menu,menu,menu-enter-tab,menu-enter,burst,9,Enter Tab,none | none | @button:Open context,1,0,Enter>button:Add attachment[none|f=button:Add attachment|h=None]@29.3 ; Tab>button:Add attachment[menu×1|f=button:Add attachment|h=File]@57.2
chromium-dark-desktop › orbit-menu menu-enter-tab burst sample 10,orbit-menu,menu,menu-enter-tab,menu-enter,burst,10,Enter Tab,none | none | @button:Open context,1,0,Enter>button:Add attachment[none|f=button:Add attachment|h=None]@22.9 ; Tab>button:Add attachment[menu×1|f=button:Add attachment|h=File]@49.9
chromium-dark-desktop › orbit-menu menu-enter-tab burst sample 11,orbit-menu,menu,menu-enter-tab,menu-enter,burst,11,Enter Tab,none | none | @button:Open context,1,0,Enter>button:Add attachment[none|f=button:Add attachment|h=None]@19.1 ; Tab>button:Add attachment[menu×1|f=button:Add attachment|h=File]@48.2
chromium-dark-desktop › orbit-menu menu-enter-tab burst sample 12,orbit-menu,menu,menu-enter-tab,menu-enter,burst,12,Enter Tab,none | none | @button:Open context,1,0,Enter>button:Add attachment[none|f=button:Add attachment|h=None]@22.2 ; Tab>button:Add attachment[menu×1|f=button:Add attachment|h=File]@47.4
chromium-dark-desktop › orbit-menu menu-enter-tab burst sample 13,orbit-menu,menu,menu-enter-tab,menu-enter,burst,13,Enter Tab,none | none | @button:Open context,1,0,Enter>button:Add attachment[none|f=button:Add attachment|h=None]@30 ; Tab>button:Add attachment[menu×1|f=button:Add attachment|h=File]@56.5
chromium-dark-desktop › orbit-menu menu-enter-tab burst sample 14,orbit-menu,menu,menu-enter-tab,menu-enter,burst,14,Enter Tab,none | none | @button:Open context,1,0,Enter>button:Add attachment[none|f=button:Add attachment|h=None]@17.3 ; Tab>button:Add attachment[menu×1|f=button:Add attachment|h=File]@48.5
chromium-dark-desktop › orbit-menu menu-enter-tab burst sample 15,orbit-menu,menu,menu-enter-tab,menu-enter,burst,15,Enter Tab,none | none | @button:Open context,1,0,Enter>button:Add attachment[none|f=button:Add attachment|h=None]@27.7 ; Tab>button:Add attachment[menu×1|f=button:Add attachment|h=File]@54.3
chromium-dark-desktop › orbit-menu menu-enter-tab burst sample 16,orbit-menu,menu,menu-enter-tab,menu-enter,burst,16,Enter Tab,none | none | @button:Open context,1,0,Enter>button:Add attachment[none|f=button:Add attachment|h=None]@25.9 ; Tab>button:Add attachment[menu×1|f=button:Add attachment|h=File]@46.4
chromium-dark-desktop › orbit-menu menu-enter-tab burst sample 17,orbit-menu,menu,menu-enter-tab,menu-enter,burst,17,Enter Tab,none | none | @button:Open context,1,0,Enter>button:Add attachment[none|f=button:Add attachment|h=None]@27.6 ; Tab>button:Add attachment[menu×1|f=button:Add attachment|h=File]@61.9
chromium-dark-desktop › orbit-menu menu-enter-tab burst sample 18,orbit-menu,menu,menu-enter-tab,menu-enter,burst,18,Enter Tab,none | none | @button:Open context,1,0,Enter>button:Add attachment[none|f=button:Add attachment|h=None]@20.7 ; Tab>button:Add attachment[menu×1|f=button:Add attachment|h=File]@40.2
chromium-dark-desktop › orbit-menu menu-enter-tab burst sample 19,orbit-menu,menu,menu-enter-tab,menu-enter,burst,19,Enter Tab,none | none | @button:Open context,1,0,Enter>button:Add attachment[none|f=button:Add attachment|h=None]@23.1 ; Tab>button:Add attachment[menu×1|f=button:Add attachment|h=File]@49.8
chromium-dark-desktop › orbit-menu menu-enter-tab paced sample 0,orbit-menu,menu,menu-enter-tab,menu-enter,paced,0,Enter Tab,none | none | @button:Open context,0,0,Enter>button:Add attachment[none|f=button:Add attachment|h=None]@31.7 ; Tab>menuitem:File[menu×1|f=menuitem:File|h=File]@366.8
chromium-dark-desktop › orbit-menu menu-enter-tab paced sample 1,orbit-menu,menu,menu-enter-tab,menu-enter,paced,1,Enter Tab,none | none | @button:Open context,0,0,Enter>button:Add attachment[none|f=button:Add attachment|h=None]@30.7 ; Tab>menuitem:File[menu×1|f=menuitem:File|h=File]@373.1
chromium-dark-desktop › orbit-menu menu-enter-tab paced sample 2,orbit-menu,menu,menu-enter-tab,menu-enter,paced,2,Enter Tab,none | none | @button:Open context,0,0,Enter>button:Add attachment[none|f=button:Add attachment|h=None]@16.1 ; Tab>menuitem:File[menu×1|f=menuitem:File|h=File]@360.9
chromium-dark-desktop › orbit-menu menu-enter-tab paced sample 3,orbit-menu,menu,menu-enter-tab,menu-enter,paced,3,Enter Tab,none | none | @button:Open context,0,0,Enter>button:Add attachment[none|f=button:Add attachment|h=None]@27.8 ; Tab>menuitem:File[menu×1|f=menuitem:File|h=File]@373.6
chromium-dark-desktop › orbit-menu menu-enter-tab paced sample 4,orbit-menu,menu,menu-enter-tab,menu-enter,paced,4,Enter Tab,none | none | @button:Open context,0,0,Enter>button:Add attachment[none|f=button:Add attachment|h=None]@29.5 ; Tab>menuitem:File[menu×1|f=menuitem:File|h=File]@358
chromium-dark-desktop › orbit-menu menu-enter-tab paced sample 5,orbit-menu,menu,menu-enter-tab,menu-enter,paced,5,Enter Tab,none | none | @button:Open context,0,0,Enter>button:Add attachment[none|f=button:Add attachment|h=None]@26.4 ; Tab>menuitem:File[menu×1|f=menuitem:File|h=File]@355.9
chromium-dark-desktop › orbit-menu menu-enter-tab paced sample 6,orbit-menu,menu,menu-enter-tab,menu-enter,paced,6,Enter Tab,none | none | @button:Open context,0,0,Enter>button:Add attachment[none|f=button:Add attachment|h=None]@13.3 ; Tab>menuitem:File[menu×1|f=menuitem:File|h=File]@348.7
chromium-dark-desktop › orbit-menu menu-enter-tab paced sample 7,orbit-menu,menu,menu-enter-tab,menu-enter,paced,7,Enter Tab,none | none | @button:Open context,0,0,Enter>button:Add attachment[none|f=button:Add attachment|h=None]@26.5 ; Tab>menuitem:File[menu×1|f=menuitem:File|h=File]@357.2
chromium-dark-desktop › orbit-menu menu-enter-tab paced sample 8,orbit-menu,menu,menu-enter-tab,menu-enter,paced,8,Enter Tab,none | none | @button:Open context,0,0,Enter>button:Add attachment[none|f=button:Add attachment|h=None]@30.6 ; Tab>menuitem:File[menu×1|f=menuitem:File|h=File]@359.4
chromium-dark-desktop › orbit-menu menu-enter-tab paced sample 9,orbit-menu,menu,menu-enter-tab,menu-enter,paced,9,Enter Tab,none | none | @button:Open context,0,0,Enter>button:Add attachment[none|f=button:Add attachment|h=None]@32.1 ; Tab>menuitem:File[menu×1|f=menuitem:File|h=File]@377.7
chromium-dark-desktop › orbit-menu menu-enter-tab paced sample 10,orbit-menu,menu,menu-enter-tab,menu-enter,paced,10,Enter Tab,none | none | @button:Open context,0,0,Enter>button:Add attachment[none|f=button:Add attachment|h=None]@27.3 ; Tab>menuitem:File[menu×1|f=menuitem:File|h=File]@353.9
chromium-dark-desktop › orbit-menu menu-enter-tab paced sample 11,orbit-menu,menu,menu-enter-tab,menu-enter,paced,11,Enter Tab,none | none | @button:Open context,0,0,Enter>button:Add attachment[none|f=button:Add attachment|h=None]@27.2 ; Tab>menuitem:File[menu×1|f=menuitem:File|h=File]@363
chromium-dark-desktop › orbit-menu menu-enter-tab paced sample 12,orbit-menu,menu,menu-enter-tab,menu-enter,paced,12,Enter Tab,none | none | @button:Open context,0,0,Enter>button:Add attachment[none|f=button:Add attachment|h=None]@29.1 ; Tab>menuitem:File[menu×1|f=menuitem:File|h=File]@367.4
chromium-dark-desktop › orbit-menu menu-enter-tab paced sample 13,orbit-menu,menu,menu-enter-tab,menu-enter,paced,13,Enter Tab,none | none | @button:Open context,0,0,Enter>button:Add attachment[none|f=button:Add attachment|h=None]@28.1 ; Tab>menuitem:File[menu×1|f=menuitem:File|h=File]@372.2
chromium-dark-desktop › orbit-menu menu-enter-tab paced sample 14,orbit-menu,menu,menu-enter-tab,menu-enter,paced,14,Enter Tab,none | none | @button:Open context,0,0,Enter>button:Add attachment[none|f=button:Add attachment|h=None]@19.5 ; Tab>menuitem:File[menu×1|f=menuitem:File|h=File]@354.1
chromium-dark-desktop › orbit-menu menu-enter-tab paced sample 15,orbit-menu,menu,menu-enter-tab,menu-enter,paced,15,Enter Tab,none | none | @button:Open context,0,0,Enter>button:Add attachment[none|f=button:Add attachment|h=None]@4.6 ; Tab>menuitem:File[menu×1|f=menuitem:File|h=File]@352.7
chromium-dark-desktop › orbit-menu menu-enter-tab paced sample 16,orbit-menu,menu,menu-enter-tab,menu-enter,paced,16,Enter Tab,none | none | @button:Open context,0,0,Enter>button:Add attachment[none|f=button:Add attachment|h=None]@30.2 ; Tab>menuitem:File[menu×1|f=menuitem:File|h=File]@373
chromium-dark-desktop › orbit-menu menu-enter-tab paced sample 17,orbit-menu,menu,menu-enter-tab,menu-enter,paced,17,Enter Tab,none | none | @button:Open context,0,0,Enter>button:Add attachment[none|f=button:Add attachment|h=None]@28.9 ; Tab>menuitem:File[menu×1|f=menuitem:File|h=File]@365.3
chromium-dark-desktop › orbit-menu menu-enter-tab paced sample 18,orbit-menu,menu,menu-enter-tab,menu-enter,paced,18,Enter Tab,none | none | @button:Open context,0,0,Enter>button:Add attachment[none|f=button:Add attachment|h=None]@27.2 ; Tab>menuitem:File[menu×1|f=menuitem:File|h=File]@361.6
chromium-dark-desktop › orbit-menu menu-enter-tab paced sample 19,orbit-menu,menu,menu-enter-tab,menu-enter,paced,19,Enter Tab,none | none | @button:Open context,0,0,Enter>button:Add attachment[none|f=button:Add attachment|h=None]@18.3 ; Tab>menuitem:File[menu×1|f=menuitem:File|h=File]@352.6
chromium-dark-desktop › orbit-menu-sample menu-enter-tab burst sample 0,orbit-menu-sample,menu,menu-enter-tab,menu-enter,burst,0,Enter Tab,none | none | @button:Switch theme,1,0,Enter>button:Add attachment[none|f=button:Add attachment|h=None]@27.9 ; Tab>button:Add attachment[menu×1|f=button:Add attachment|h=File]@59.1
chromium-dark-desktop › orbit-menu-sample menu-enter-tab burst sample 1,orbit-menu-sample,menu,menu-enter-tab,menu-enter,burst,1,Enter Tab,none | none | @button:Switch theme,1,0,Enter>button:Add attachment[none|f=button:Add attachment|h=None]@13.8 ; Tab>button:Add attachment[menu×1|f=button:Add attachment|h=File]@76.9
chromium-dark-desktop › orbit-menu-sample menu-enter-tab burst sample 2,orbit-menu-sample,menu,menu-enter-tab,menu-enter,burst,2,Enter Tab,none | none | @button:Switch theme,1,0,Enter>button:Add attachment[none|f=button:Add attachment|h=None]@26.2 ; Tab>button:Add attachment[menu×1|f=button:Add attachment|h=File]@60.8
chromium-dark-desktop › orbit-menu-sample menu-enter-tab burst sample 3,orbit-menu-sample,menu,menu-enter-tab,menu-enter,burst,3,Enter Tab,none | none | @button:Switch theme,1,0,Enter>button:Add attachment[none|f=button:Add attachment|h=None]@19.7 ; Tab>button:Add attachment[menu×1|f=button:Add attachment|h=File]@63.9
chromium-dark-desktop › orbit-menu-sample menu-enter-tab burst sample 4,orbit-menu-sample,menu,menu-enter-tab,menu-enter,burst,4,Enter Tab,none | none | @button:Switch theme,1,0,Enter>button:Add attachment[none|f=button:Add attachment|h=None]@22.1 ; Tab>button:Add attachment[menu×1|f=button:Add attachment|h=File]@58.8
chromium-dark-desktop › orbit-menu-sample menu-enter-tab burst sample 5,orbit-menu-sample,menu,menu-enter-tab,menu-enter,burst,5,Enter Tab,none | none | @button:Switch theme,1,0,Enter>button:Add attachment[none|f=button:Add attachment|h=None]@14.2 ; Tab>button:Add attachment[menu×1|f=button:Add attachment|h=File]@38.9
chromium-dark-desktop › orbit-menu-sample menu-enter-tab burst sample 6,orbit-menu-sample,menu,menu-enter-tab,menu-enter,burst,6,Enter Tab,none | none | @button:Switch theme,1,0,Enter>button:Add attachment[none|f=button:Add attachment|h=None]@20.6 ; Tab>button:Add attachment[menu×1|f=button:Add attachment|h=File]@50.2
chromium-dark-desktop › orbit-menu-sample menu-enter-tab burst sample 7,orbit-menu-sample,menu,menu-enter-tab,menu-enter,burst,7,Enter Tab,none | none | @button:Switch theme,1,0,Enter>button:Add attachment[none|f=button:Add attachment|h=None]@32.7 ; Tab>button:Add attachment[menu×1|f=button:Add attachment|h=File]@57.3
chromium-dark-desktop › orbit-menu-sample menu-enter-tab burst sample 8,orbit-menu-sample,menu,menu-enter-tab,menu-enter,burst,8,Enter Tab,none | none | @button:Switch theme,1,0,Enter>button:Add attachment[none|f=button:Add attachment|h=None]@29.2 ; Tab>button:Add attachment[menu×1|f=button:Add attachment|h=File]@60.4
chromium-dark-desktop › orbit-menu-sample menu-enter-tab burst sample 9,orbit-menu-sample,menu,menu-enter-tab,menu-enter,burst,9,Enter Tab,none | none | @button:Switch theme,1,0,Enter>button:Add attachment[none|f=button:Add attachment|h=None]@16.8 ; Tab>button:Add attachment[menu×1|f=button:Add attachment|h=File]@46.9
chromium-dark-desktop › orbit-menu-sample menu-enter-tab burst sample 10,orbit-menu-sample,menu,menu-enter-tab,menu-enter,burst,10,Enter Tab,none | none | @button:Switch theme,1,0,Enter>button:Add attachment[none|f=button:Add attachment|h=None]@23.2 ; Tab>button:Add attachment[menu×1|f=button:Add attachment|h=File]@57.8
chromium-dark-desktop › orbit-menu-sample menu-enter-tab burst sample 11,orbit-menu-sample,menu,menu-enter-tab,menu-enter,burst,11,Enter Tab,none | none | @button:Switch theme,1,0,Enter>button:Add attachment[none|f=button:Add attachment|h=None]@18.3 ; Tab>button:Add attachment[menu×1|f=button:Add attachment|h=File]@55.3
chromium-dark-desktop › orbit-menu-sample menu-enter-tab burst sample 12,orbit-menu-sample,menu,menu-enter-tab,menu-enter,burst,12,Enter Tab,none | none | @button:Switch theme,1,0,Enter>button:Add attachment[none|f=button:Add attachment|h=None]@34.5 ; Tab>button:Add attachment[menu×1|f=button:Add attachment|h=File]@89.1
chromium-dark-desktop › orbit-menu-sample menu-enter-tab burst sample 13,orbit-menu-sample,menu,menu-enter-tab,menu-enter,burst,13,Enter Tab,none | none | @button:Switch theme,1,0,Enter>button:Add attachment[none|f=button:Add attachment|h=None]@10.5 ; Tab>button:Add attachment[menu×1|f=button:Add attachment|h=File]@47.2
chromium-dark-desktop › orbit-menu-sample menu-enter-tab burst sample 14,orbit-menu-sample,menu,menu-enter-tab,menu-enter,burst,14,Enter Tab,none | none | @button:Switch theme,1,0,Enter>button:Add attachment[none|f=button:Add attachment|h=None]@31.4 ; Tab>button:Add attachment[menu×1|f=button:Add attachment|h=File]@62.5
chromium-dark-desktop › orbit-menu-sample menu-enter-tab burst sample 15,orbit-menu-sample,menu,menu-enter-tab,menu-enter,burst,15,Enter Tab,none | none | @button:Switch theme,1,0,Enter>button:Add attachment[none|f=button:Add attachment|h=None]@20.4 ; Tab>button:Add attachment[menu×1|f=button:Add attachment|h=File]@58.3
chromium-dark-desktop › orbit-menu-sample menu-enter-tab burst sample 16,orbit-menu-sample,menu,menu-enter-tab,menu-enter,burst,16,Enter Tab,none | none | @button:Switch theme,1,0,Enter>button:Add attachment[none|f=button:Add attachment|h=None]@30.4 ; Tab>button:Add attachment[menu×1|f=button:Add attachment|h=File]@76.8
chromium-dark-desktop › orbit-menu-sample menu-enter-tab burst sample 17,orbit-menu-sample,menu,menu-enter-tab,menu-enter,burst,17,Enter Tab,none | none | @button:Switch theme,1,0,Enter>button:Add attachment[none|f=button:Add attachment|h=None]@22.9 ; Tab>button:Add attachment[menu×1|f=button:Add attachment|h=File]@70.3
chromium-dark-desktop › orbit-menu-sample menu-enter-tab burst sample 18,orbit-menu-sample,menu,menu-enter-tab,menu-enter,burst,18,Enter Tab,none | none | @button:Switch theme,1,0,Enter>button:Add attachment[none|f=button:Add attachment|h=None]@24.5 ; Tab>button:Add attachment[menu×1|f=button:Add attachment|h=File]@60.5
chromium-dark-desktop › orbit-menu-sample menu-enter-tab burst sample 19,orbit-menu-sample,menu,menu-enter-tab,menu-enter,burst,19,Enter Tab,none | none | @button:Switch theme,1,0,Enter>button:Add attachment[none|f=button:Add attachment|h=None]@27.6 ; Tab>button:Add attachment[menu×1|f=button:Add attachment|h=File]@64.2
chromium-dark-desktop › orbit-menu-sample menu-enter-tab paced sample 0,orbit-menu-sample,menu,menu-enter-tab,menu-enter,paced,0,Enter Tab,none | none | @button:Switch theme,0,0,Enter>button:Add attachment[none|f=button:Add attachment|h=None]@31.1 ; Tab>menuitem:File[menu×1|f=menuitem:File|h=File]@381.4
chromium-dark-desktop › orbit-menu-sample menu-enter-tab paced sample 1,orbit-menu-sample,menu,menu-enter-tab,menu-enter,paced,1,Enter Tab,none | none | @button:Switch theme,0,0,Enter>button:Add attachment[none|f=button:Add attachment|h=None]@19.3 ; Tab>menuitem:File[menu×1|f=menuitem:File|h=File]@361
chromium-dark-desktop › orbit-menu-sample menu-enter-tab paced sample 2,orbit-menu-sample,menu,menu-enter-tab,menu-enter,paced,2,Enter Tab,none | none | @button:Switch theme,0,0,Enter>button:Add attachment[none|f=button:Add attachment|h=None]@19.5 ; Tab>menuitem:File[menu×1|f=menuitem:File|h=File]@408.1
chromium-dark-desktop › orbit-menu-sample menu-enter-tab paced sample 3,orbit-menu-sample,menu,menu-enter-tab,menu-enter,paced,3,Enter Tab,none | none | @button:Switch theme,0,0,Enter>button:Add attachment[none|f=button:Add attachment|h=None]@16.5 ; Tab>menuitem:File[menu×1|f=menuitem:File|h=File]@357.2
chromium-dark-desktop › orbit-menu-sample menu-enter-tab paced sample 4,orbit-menu-sample,menu,menu-enter-tab,menu-enter,paced,4,Enter Tab,none | none | @button:Switch theme,0,0,Enter>button:Add attachment[none|f=button:Add attachment|h=None]@20.2 ; Tab>menuitem:File[menu×1|f=menuitem:File|h=File]@368.4
chromium-dark-desktop › orbit-menu-sample menu-enter-tab paced sample 5,orbit-menu-sample,menu,menu-enter-tab,menu-enter,paced,5,Enter Tab,none | none | @button:Switch theme,0,0,Enter>button:Add attachment[none|f=button:Add attachment|h=None]@25.2 ; Tab>menuitem:File[menu×1|f=menuitem:File|h=File]@378.4
chromium-dark-desktop › orbit-menu-sample menu-enter-tab paced sample 6,orbit-menu-sample,menu,menu-enter-tab,menu-enter,paced,6,Enter Tab,none | none | @button:Switch theme,0,0,Enter>button:Add attachment[none|f=button:Add attachment|h=None]@49.6 ; Tab>menuitem:File[menu×1|f=menuitem:File|h=File]@399.5
chromium-dark-desktop › orbit-menu-sample menu-enter-tab paced sample 7,orbit-menu-sample,menu,menu-enter-tab,menu-enter,paced,7,Enter Tab,none | none | @button:Switch theme,0,0,Enter>button:Add attachment[none|f=button:Add attachment|h=None]@22.3 ; Tab>menuitem:File[menu×1|f=menuitem:File|h=File]@378
chromium-dark-desktop › orbit-menu-sample menu-enter-tab paced sample 8,orbit-menu-sample,menu,menu-enter-tab,menu-enter,paced,8,Enter Tab,none | none | @button:Switch theme,0,0,Enter>button:Add attachment[none|f=button:Add attachment|h=None]@18.5 ; Tab>menuitem:File[menu×1|f=menuitem:File|h=File]@372.1
chromium-dark-desktop › orbit-menu-sample menu-enter-tab paced sample 9,orbit-menu-sample,menu,menu-enter-tab,menu-enter,paced,9,Enter Tab,none | none | @button:Switch theme,0,0,Enter>button:Add attachment[none|f=button:Add attachment|h=None]@26.6 ; Tab>menuitem:File[menu×1|f=menuitem:File|h=File]@373.4
chromium-dark-desktop › orbit-menu-sample menu-enter-tab paced sample 10,orbit-menu-sample,menu,menu-enter-tab,menu-enter,paced,10,Enter Tab,none | none | @button:Switch theme,0,0,Enter>button:Add attachment[none|f=button:Add attachment|h=None]@34.3 ; Tab>menuitem:File[menu×1|f=menuitem:File|h=File]@377.6
chromium-dark-desktop › orbit-menu-sample menu-enter-tab paced sample 11,orbit-menu-sample,menu,menu-enter-tab,menu-enter,paced,11,Enter Tab,none | none | @button:Switch theme,0,0,Enter>button:Add attachment[none|f=button:Add attachment|h=None]@33.5 ; Tab>menuitem:File[menu×1|f=menuitem:File|h=File]@375.9
chromium-dark-desktop › orbit-menu-sample menu-enter-tab paced sample 12,orbit-menu-sample,menu,menu-enter-tab,menu-enter,paced,12,Enter Tab,none | none | @button:Switch theme,0,0,Enter>button:Add attachment[none|f=button:Add attachment|h=None]@21.4 ; Tab>menuitem:File[menu×1|f=menuitem:File|h=File]@369.2
chromium-dark-desktop › orbit-menu-sample menu-enter-tab paced sample 13,orbit-menu-sample,menu,menu-enter-tab,menu-enter,paced,13,Enter Tab,none | none | @button:Switch theme,0,0,Enter>button:Add attachment[none|f=button:Add attachment|h=None]@42.1 ; Tab>menuitem:File[menu×1|f=menuitem:File|h=File]@382.7
chromium-dark-desktop › orbit-menu-sample menu-enter-tab paced sample 14,orbit-menu-sample,menu,menu-enter-tab,menu-enter,paced,14,Enter Tab,none | none | @button:Switch theme,0,0,Enter>button:Add attachment[none|f=button:Add attachment|h=None]@32.1 ; Tab>menuitem:File[menu×1|f=menuitem:File|h=File]@378.9
chromium-dark-desktop › orbit-menu-sample menu-enter-tab paced sample 15,orbit-menu-sample,menu,menu-enter-tab,menu-enter,paced,15,Enter Tab,none | none | @button:Switch theme,0,0,Enter>button:Add attachment[none|f=button:Add attachment|h=None]@28.8 ; Tab>menuitem:File[menu×1|f=menuitem:File|h=File]@431.4
chromium-dark-desktop › orbit-menu-sample menu-enter-tab paced sample 16,orbit-menu-sample,menu,menu-enter-tab,menu-enter,paced,16,Enter Tab,none | none | @button:Switch theme,0,0,Enter>button:Add attachment[none|f=button:Add attachment|h=None]@34.4 ; Tab>menuitem:File[menu×1|f=menuitem:File|h=File]@398.3
chromium-dark-desktop › orbit-menu-sample menu-enter-tab paced sample 17,orbit-menu-sample,menu,menu-enter-tab,menu-enter,paced,17,Enter Tab,none | none | @button:Switch theme,0,0,Enter>button:Add attachment[none|f=button:Add attachment|h=None]@22.9 ; Tab>menuitem:File[menu×1|f=menuitem:File|h=File]@379.7
chromium-dark-desktop › orbit-menu-sample menu-enter-tab paced sample 18,orbit-menu-sample,menu,menu-enter-tab,menu-enter,paced,18,Enter Tab,none | none | @button:Switch theme,0,0,Enter>button:Add attachment[none|f=button:Add attachment|h=None]@30.6 ; Tab>menuitem:File[menu×1|f=menuitem:File|h=File]@369.6
chromium-dark-desktop › orbit-menu-sample menu-enter-tab paced sample 19,orbit-menu-sample,menu,menu-enter-tab,menu-enter,paced,19,Enter Tab,none | none | @button:Switch theme,0,0,Enter>button:Add attachment[none|f=button:Add attachment|h=None]@29.4 ; Tab>menuitem:File[menu×1|f=menuitem:File|h=File]@376.1
chromium-dark-desktop › orbit-menu menu-enter-tab-enter burst sample 0,orbit-menu,menu,menu-enter-tab-enter,menu-enter-enter,burst,0,Enter Tab Enter,"none | dialog:Context | @dialog:Context12,800 of 128,000",1,0,Enter>button:Add attachment[none|f=button:Add attachment|h=None]@22.4 ; Tab>button:Add attachment[menu×1|f=button:Add attachment|h=File]@47.4 ; Enter>button:Open context[menu×1|f=button:Open context|h=None]@64.7
chromium-dark-desktop › orbit-menu menu-enter-tab-enter burst sample 1,orbit-menu,menu,menu-enter-tab-enter,menu-enter-enter,burst,1,Enter Tab Enter,"none | dialog:Context | @dialog:Context12,800 of 128,000",1,0,Enter>button:Add attachment[none|f=button:Add attachment|h=None]@21.8 ; Tab>button:Add attachment[menu×1|f=button:Add attachment|h=File]@47.3 ; Enter>button:Open context[menu×1|f=button:Open context|h=None]@64.7
chromium-dark-desktop › orbit-menu menu-enter-tab-enter burst sample 2,orbit-menu,menu,menu-enter-tab-enter,menu-enter-enter,burst,2,Enter Tab Enter,"none | dialog:Context | @dialog:Context12,800 of 128,000",1,0,Enter>button:Add attachment[none|f=button:Add attachment|h=None]@19 ; Tab>button:Add attachment[menu×1|f=button:Add attachment|h=File]@46.2 ; Enter>button:Open context[menu×1|f=button:Open context|h=None]@65.2
chromium-dark-desktop › orbit-menu menu-enter-tab-enter burst sample 3,orbit-menu,menu,menu-enter-tab-enter,menu-enter-enter,burst,3,Enter Tab Enter,"none | dialog:Context | @dialog:Context12,800 of 128,000",1,0,Enter>button:Add attachment[none|f=button:Add attachment|h=None]@23.1 ; Tab>button:Add attachment[menu×1|f=button:Add attachment|h=File]@55.6 ; Enter>button:Open context[menu×1|f=button:Open context|h=None]@74.4
chromium-dark-desktop › orbit-menu menu-enter-tab-enter burst sample 4,orbit-menu,menu,menu-enter-tab-enter,menu-enter-enter,burst,4,Enter Tab Enter,"none | dialog:Context | @dialog:Context12,800 of 128,000",1,0,Enter>button:Add attachment[none|f=button:Add attachment|h=None]@26.4 ; Tab>button:Add attachment[menu×1|f=button:Add attachment|h=File]@55.2 ; Enter>button:Open context[menu×1|f=button:Open context|h=None]@73.4
chromium-dark-desktop › orbit-menu menu-enter-tab-enter burst sample 5,orbit-menu,menu,menu-enter-tab-enter,menu-enter-enter,burst,5,Enter Tab Enter,"none | dialog:Context | @dialog:Context12,800 of 128,000",1,0,Enter>button:Add attachment[none|f=button:Add attachment|h=None]@17.5 ; Tab>button:Add attachment[menu×1|f=button:Add attachment|h=File]@45.3 ; Enter>button:Open context[menu×1|f=button:Open context|h=None]@62
chromium-dark-desktop › orbit-menu menu-enter-tab-enter burst sample 6,orbit-menu,menu,menu-enter-tab-enter,menu-enter-enter,burst,6,Enter Tab Enter,"none | dialog:Context | @dialog:Context12,800 of 128,000",1,0,Enter>button:Add attachment[none|f=button:Add attachment|h=None]@24.1 ; Tab>button:Add attachment[menu×1|f=button:Add attachment|h=File]@54.7 ; Enter>button:Open context[menu×1|f=button:Open context|h=None]@72.3
chromium-dark-desktop › orbit-menu menu-enter-tab-enter burst sample 7,orbit-menu,menu,menu-enter-tab-enter,menu-enter-enter,burst,7,Enter Tab Enter,"none | dialog:Context | @dialog:Context12,800 of 128,000",1,0,Enter>button:Add attachment[none|f=button:Add attachment|h=None]@21.3 ; Tab>button:Add attachment[menu×1|f=button:Add attachment|h=File]@53.1 ; Enter>button:Open context[menu×1|f=button:Open context|h=None]@71
chromium-dark-desktop › orbit-menu menu-enter-tab-enter burst sample 8,orbit-menu,menu,menu-enter-tab-enter,menu-enter-enter,burst,8,Enter Tab Enter,"none | dialog:Context | @dialog:Context12,800 of 128,000",1,0,Enter>button:Add attachment[none|f=button:Add attachment|h=None]@18.9 ; Tab>button:Add attachment[menu×1|f=button:Add attachment|h=File]@86 ; Enter>button:Open context[menu×1|f=button:Open context|h=None]@142.3
chromium-dark-desktop › orbit-menu menu-enter-tab-enter burst sample 9,orbit-menu,menu,menu-enter-tab-enter,menu-enter-enter,burst,9,Enter Tab Enter,"none | dialog:Context | @dialog:Context12,800 of 128,000",1,0,Enter>button:Add attachment[none|f=button:Add attachment|h=None]@15.6 ; Tab>button:Add attachment[menu×1|f=button:Add attachment|h=File]@67 ; Enter>button:Open context[menu×1|f=button:Open context|h=None]@107.1
chromium-dark-desktop › orbit-menu menu-enter-tab-enter burst sample 10,orbit-menu,menu,menu-enter-tab-enter,menu-enter-enter,burst,10,Enter Tab Enter,"none | dialog:Context | @dialog:Context12,800 of 128,000",1,0,Enter>button:Add attachment[none|f=button:Add attachment|h=None]@46.3 ; Tab>button:Add attachment[menu×1|f=button:Add attachment|h=File]@114.9 ; Enter>button:Open context[menu×1|f=button:Open context|h=None]@141.9
chromium-dark-desktop › orbit-menu menu-enter-tab-enter burst sample 11,orbit-menu,menu,menu-enter-tab-enter,menu-enter-enter,burst,11,Enter Tab Enter,"none | dialog:Context | @dialog:Context12,800 of 128,000",1,0,Enter>button:Add attachment[none|f=button:Add attachment|h=None]@23 ; Tab>button:Add attachment[menu×1|f=button:Add attachment|h=File]@75.6 ; Enter>button:Open context[menu×1|f=button:Open context|h=None]@116.3
chromium-dark-desktop › orbit-menu menu-enter-tab-enter burst sample 12,orbit-menu,menu,menu-enter-tab-enter,menu-enter-enter,burst,12,Enter Tab Enter,"none | dialog:Context | @dialog:Context12,800 of 128,000",1,0,Enter>button:Add attachment[none|f=button:Add attachment|h=None]@28.1 ; Tab>button:Add attachment[menu×1|f=button:Add attachment|h=File]@66.4 ; Enter>button:Open context[menu×1|f=button:Open context|h=None]@114
chromium-dark-desktop › orbit-menu menu-enter-tab-enter burst sample 13,orbit-menu,menu,menu-enter-tab-enter,menu-enter-enter,burst,13,Enter Tab Enter,"none | dialog:Context | @dialog:Context12,800 of 128,000",1,0,Enter>button:Add attachment[none|f=button:Add attachment|h=None]@52.3 ; Tab>button:Add attachment[menu×1|f=button:Add attachment|h=File]@104.3 ; Enter>button:Open context[menu×1|f=button:Open context|h=None]@128.2
chromium-dark-desktop › orbit-menu menu-enter-tab-enter burst sample 14,orbit-menu,menu,menu-enter-tab-enter,menu-enter-enter,burst,14,Enter Tab Enter,"none | dialog:Context | @dialog:Context12,800 of 128,000",1,0,Enter>button:Add attachment[none|f=button:Add attachment|h=None]@50.5 ; Tab>button:Add attachment[menu×1|f=button:Add attachment|h=File]@120.7 ; Enter>button:Open context[menu×1|f=button:Open context|h=None]@155.6
chromium-dark-desktop › orbit-menu menu-enter-tab-enter burst sample 15,orbit-menu,menu,menu-enter-tab-enter,menu-enter-enter,burst,15,Enter Tab Enter,"none | dialog:Context | @dialog:Context12,800 of 128,000",1,0,Enter>button:Add attachment[none|f=button:Add attachment|h=None]@20.6 ; Tab>button:Add attachment[menu×1|f=button:Add attachment|h=File]@77.6 ; Enter>button:Open context[menu×1|f=button:Open context|h=None]@119.3
chromium-dark-desktop › orbit-menu menu-enter-tab-enter burst sample 16,orbit-menu,menu,menu-enter-tab-enter,menu-enter-enter,burst,16,Enter Tab Enter,"none | dialog:Context | @dialog:Context12,800 of 128,000",1,0,Enter>button:Add attachment[none|f=button:Add attachment|h=None]@29.2 ; Tab>button:Add attachment[menu×1|f=button:Add attachment|h=File]@93.8 ; Enter>button:Open context[menu×1|f=button:Open context|h=None]@124
chromium-dark-desktop › orbit-menu menu-enter-tab-enter burst sample 17,orbit-menu,menu,menu-enter-tab-enter,menu-enter-enter,burst,17,Enter Tab Enter,"none | dialog:Context | @dialog:Context12,800 of 128,000",1,0,Enter>button:Add attachment[none|f=button:Add attachment|h=None]@19.5 ; Tab>button:Add attachment[menu×1|f=button:Add attachment|h=File]@56.2 ; Enter>button:Open context[menu×1|f=button:Open context|h=None]@89.5
chromium-dark-desktop › orbit-menu menu-enter-tab-enter burst sample 18,orbit-menu,menu,menu-enter-tab-enter,menu-enter-enter,burst,18,Enter Tab Enter,"none | dialog:Context | @dialog:Context12,800 of 128,000",1,0,Enter>button:Add attachment[none|f=button:Add attachment|h=None]@22.1 ; Tab>button:Add attachment[menu×1|f=button:Add attachment|h=File]@57.7 ; Enter>button:Open context[menu×1|f=button:Open context|h=None]@82.3
chromium-dark-desktop › orbit-menu menu-enter-tab-enter burst sample 19,orbit-menu,menu,menu-enter-tab-enter,menu-enter-enter,burst,19,Enter Tab Enter,"none | dialog:Context | @dialog:Context12,800 of 128,000",1,0,Enter>button:Add attachment[none|f=button:Add attachment|h=None]@14 ; Tab>button:Add attachment[menu×1|f=button:Add attachment|h=File]@55.5 ; Enter>button:Open context[menu×1|f=button:Open context|h=None]@83.5
chromium-dark-desktop › orbit-menu menu-enter-tab-enter paced sample 0,orbit-menu,menu,menu-enter-tab-enter,menu-enter-enter,paced,0,Enter Tab Enter,"none | dialog:Context | @dialog:Context12,800 of 128,000",0,0,Enter>button:Add attachment[none|f=button:Add attachment|h=None]@31.2 ; Tab>menuitem:File[menu×1|f=menuitem:File|h=File]@382 ; Enter>button:Open context[none|f=button:Open context|h=None]@711.6
chromium-dark-desktop › orbit-menu menu-enter-tab-enter paced sample 1,orbit-menu,menu,menu-enter-tab-enter,menu-enter-enter,paced,1,Enter Tab Enter,"none | dialog:Context | @dialog:Context12,800 of 128,000",0,0,Enter>button:Add attachment[none|f=button:Add attachment|h=None]@21.8 ; Tab>menuitem:File[menu×1|f=menuitem:File|h=File]@374.6 ; Enter>button:Open context[none|f=button:Open context|h=None]@753.3
chromium-dark-desktop › orbit-menu menu-enter-tab-enter paced sample 2,orbit-menu,menu,menu-enter-tab-enter,menu-enter-enter,paced,2,Enter Tab Enter,"none | dialog:Context | @dialog:Context12,800 of 128,000",0,0,Enter>button:Add attachment[none|f=button:Add attachment|h=None]@18.6 ; Tab>menuitem:File[menu×1|f=menuitem:File|h=File]@380.8 ; Enter>button:Open context[none|f=button:Open context|h=None]@708.7
chromium-dark-desktop › orbit-menu menu-enter-tab-enter paced sample 3,orbit-menu,menu,menu-enter-tab-enter,menu-enter-enter,paced,3,Enter Tab Enter,"none | dialog:Context | @dialog:Context12,800 of 128,000",0,0,Enter>button:Add attachment[none|f=button:Add attachment|h=None]@14.9 ; Tab>menuitem:File[menu×1|f=menuitem:File|h=File]@387.8 ; Enter>button:Open context[none|f=button:Open context|h=None]@719.1
chromium-dark-desktop › orbit-menu menu-enter-tab-enter paced sample 4,orbit-menu,menu,menu-enter-tab-enter,menu-enter-enter,paced,4,Enter Tab Enter,"none | dialog:Context | @dialog:Context12,800 of 128,000",0,0,Enter>button:Add attachment[none|f=button:Add attachment|h=None]@29.9 ; Tab>menuitem:File[menu×1|f=menuitem:File|h=File]@363.7 ; Enter>button:Open context[none|f=button:Open context|h=None]@697.3
chromium-dark-desktop › orbit-menu menu-enter-tab-enter paced sample 5,orbit-menu,menu,menu-enter-tab-enter,menu-enter-enter,paced,5,Enter Tab Enter,"none | dialog:Context | @dialog:Context12,800 of 128,000",0,0,Enter>button:Add attachment[none|f=button:Add attachment|h=None]@28.6 ; Tab>menuitem:File[menu×1|f=menuitem:File|h=File]@373 ; Enter>button:Open context[none|f=button:Open context|h=None]@702.6
chromium-dark-desktop › orbit-menu menu-enter-tab-enter paced sample 6,orbit-menu,menu,menu-enter-tab-enter,menu-enter-enter,paced,6,Enter Tab Enter,"none | dialog:Context | @dialog:Context12,800 of 128,000",0,0,Enter>button:Add attachment[none|f=button:Add attachment|h=None]@21 ; Tab>menuitem:File[menu×1|f=menuitem:File|h=File]@366.1 ; Enter>button:Open context[none|f=button:Open context|h=None]@698.5
chromium-dark-desktop › orbit-menu menu-enter-tab-enter paced sample 7,orbit-menu,menu,menu-enter-tab-enter,menu-enter-enter,paced,7,Enter Tab Enter,"none | dialog:Context | @dialog:Context12,800 of 128,000",0,0,Enter>button:Add attachment[none|f=button:Add attachment|h=None]@22.3 ; Tab>menuitem:File[menu×1|f=menuitem:File|h=File]@380.6 ; Enter>button:Open context[none|f=button:Open context|h=None]@721.8
chromium-dark-desktop › orbit-menu menu-enter-tab-enter paced sample 8,orbit-menu,menu,menu-enter-tab-enter,menu-enter-enter,paced,8,Enter Tab Enter,"none | dialog:Context | @dialog:Context12,800 of 128,000",0,0,Enter>button:Add attachment[none|f=button:Add attachment|h=None]@11.5 ; Tab>menuitem:File[menu×1|f=menuitem:File|h=File]@349.6 ; Enter>button:Open context[none|f=button:Open context|h=None]@679.6
chromium-dark-desktop › orbit-menu menu-enter-tab-enter paced sample 9,orbit-menu,menu,menu-enter-tab-enter,menu-enter-enter,paced,9,Enter Tab Enter,"none | dialog:Context | @dialog:Context12,800 of 128,000",0,0,Enter>button:Add attachment[none|f=button:Add attachment|h=None]@16.7 ; Tab>menuitem:File[menu×1|f=menuitem:File|h=File]@363.9 ; Enter>button:Open context[none|f=button:Open context|h=None]@713.6
chromium-dark-desktop › orbit-menu menu-enter-tab-enter paced sample 10,orbit-menu,menu,menu-enter-tab-enter,menu-enter-enter,paced,10,Enter Tab Enter,"none | dialog:Context | @dialog:Context12,800 of 128,000",0,0,Enter>button:Add attachment[none|f=button:Add attachment|h=None]@29.7 ; Tab>menuitem:File[menu×1|f=menuitem:File|h=File]@368.7 ; Enter>button:Open context[none|f=button:Open context|h=None]@710.1
chromium-dark-desktop › orbit-menu menu-enter-tab-enter paced sample 11,orbit-menu,menu,menu-enter-tab-enter,menu-enter-enter,paced,11,Enter Tab Enter,"none | dialog:Context | @dialog:Context12,800 of 128,000",0,0,Enter>button:Add attachment[none|f=button:Add attachment|h=None]@27.4 ; Tab>menuitem:File[menu×1|f=menuitem:File|h=File]@369.1 ; Enter>button:Open context[none|f=button:Open context|h=None]@700.8
chromium-dark-desktop › orbit-menu menu-enter-tab-enter paced sample 12,orbit-menu,menu,menu-enter-tab-enter,menu-enter-enter,paced,12,Enter Tab Enter,"none | dialog:Context | @dialog:Context12,800 of 128,000",0,0,Enter>button:Add attachment[none|f=button:Add attachment|h=None]@26.2 ; Tab>menuitem:File[menu×1|f=menuitem:File|h=File]@373.7 ; Enter>button:Open context[none|f=button:Open context|h=None]@707.2
chromium-dark-desktop › orbit-menu menu-enter-tab-enter paced sample 13,orbit-menu,menu,menu-enter-tab-enter,menu-enter-enter,paced,13,Enter Tab Enter,"none | dialog:Context | @dialog:Context12,800 of 128,000",0,0,Enter>button:Add attachment[none|f=button:Add attachment|h=None]@28.6 ; Tab>menuitem:File[menu×1|f=menuitem:File|h=File]@366.3 ; Enter>button:Open context[none|f=button:Open context|h=None]@712
chromium-dark-desktop › orbit-menu menu-enter-tab-enter paced sample 14,orbit-menu,menu,menu-enter-tab-enter,menu-enter-enter,paced,14,Enter Tab Enter,"none | dialog:Context | @dialog:Context12,800 of 128,000",0,0,Enter>button:Add attachment[none|f=button:Add attachment|h=None]@27.6 ; Tab>menuitem:File[menu×1|f=menuitem:File|h=File]@361.6 ; Enter>button:Open context[none|f=button:Open context|h=None]@692
chromium-dark-desktop › orbit-menu menu-enter-tab-enter paced sample 15,orbit-menu,menu,menu-enter-tab-enter,menu-enter-enter,paced,15,Enter Tab Enter,"none | dialog:Context | @dialog:Context12,800 of 128,000",0,0,Enter>button:Add attachment[none|f=button:Add attachment|h=None]@19.9 ; Tab>menuitem:File[menu×1|f=menuitem:File|h=File]@360.1 ; Enter>button:Open context[none|f=button:Open context|h=None]@691.5
chromium-dark-desktop › orbit-menu menu-enter-tab-enter paced sample 16,orbit-menu,menu,menu-enter-tab-enter,menu-enter-enter,paced,16,Enter Tab Enter,"none | dialog:Context | @dialog:Context12,800 of 128,000",0,0,Enter>button:Add attachment[none|f=button:Add attachment|h=None]@25.3 ; Tab>menuitem:File[menu×1|f=menuitem:File|h=File]@365.2 ; Enter>button:Open context[none|f=button:Open context|h=None]@704.8
chromium-dark-desktop › orbit-menu menu-enter-tab-enter paced sample 17,orbit-menu,menu,menu-enter-tab-enter,menu-enter-enter,paced,17,Enter Tab Enter,"none | dialog:Context | @dialog:Context12,800 of 128,000",0,0,Enter>button:Add attachment[none|f=button:Add attachment|h=None]@28.3 ; Tab>menuitem:File[menu×1|f=menuitem:File|h=File]@368.1 ; Enter>button:Open context[none|f=button:Open context|h=None]@701.7
chromium-dark-desktop › orbit-menu menu-enter-tab-enter paced sample 18,orbit-menu,menu,menu-enter-tab-enter,menu-enter-enter,paced,18,Enter Tab Enter,"none | dialog:Context | @dialog:Context12,800 of 128,000",0,0,Enter>button:Add attachment[none|f=button:Add attachment|h=None]@17 ; Tab>menuitem:File[menu×1|f=menuitem:File|h=File]@352 ; Enter>button:Open context[none|f=button:Open context|h=None]@680.1
chromium-dark-desktop › orbit-menu menu-enter-tab-enter paced sample 19,orbit-menu,menu,menu-enter-tab-enter,menu-enter-enter,paced,19,Enter Tab Enter,"none | dialog:Context | @dialog:Context12,800 of 128,000",0,0,Enter>button:Add attachment[none|f=button:Add attachment|h=None]@26.8 ; Tab>menuitem:File[menu×1|f=menuitem:File|h=File]@392.7 ; Enter>button:Open context[none|f=button:Open context|h=None]@731.7
chromium-dark-desktop › orbit-menu-sample menu-enter-tab-enter burst sample 0,orbit-menu-sample,menu,menu-enter-tab-enter,menu-enter-enter,burst,0,Enter Tab Enter,none | none | @button:Switch theme | theme changed,1,0,Enter>button:Add attachment[none|f=button:Add attachment|h=None]@23.6 ; Tab>button:Add attachment[menu×1|f=button:Add attachment|h=File]@53.9 ; Enter>button:Switch theme[menu×1|f=button:Switch theme|h=None]@71.4
chromium-dark-desktop › orbit-menu-sample menu-enter-tab-enter burst sample 1,orbit-menu-sample,menu,menu-enter-tab-enter,menu-enter-enter,burst,1,Enter Tab Enter,none | none | @button:Switch theme | theme changed,1,0,Enter>button:Add attachment[none|f=button:Add attachment|h=None]@31.6 ; Tab>button:Add attachment[menu×1|f=button:Add attachment|h=File]@63.8 ; Enter>button:Switch theme[menu×1|f=button:Switch theme|h=None]@84.8
chromium-dark-desktop › orbit-menu-sample menu-enter-tab-enter burst sample 2,orbit-menu-sample,menu,menu-enter-tab-enter,menu-enter-enter,burst,2,Enter Tab Enter,none | none | @button:Switch theme | theme changed,1,0,Enter>button:Add attachment[none|f=button:Add attachment|h=None]@19.6 ; Tab>button:Add attachment[menu×1|f=button:Add attachment|h=File]@53.3 ; Enter>button:Switch theme[menu×1|f=button:Switch theme|h=None]@71.7
chromium-dark-desktop › orbit-menu-sample menu-enter-tab-enter burst sample 3,orbit-menu-sample,menu,menu-enter-tab-enter,menu-enter-enter,burst,3,Enter Tab Enter,none | none | @button:Switch theme | theme changed,1,0,Enter>button:Add attachment[none|f=button:Add attachment|h=None]@32.1 ; Tab>button:Add attachment[menu×1|f=button:Add attachment|h=File]@67.5 ; Enter>button:Switch theme[menu×1|f=button:Switch theme|h=None]@88.7
chromium-dark-desktop › orbit-menu-sample menu-enter-tab-enter burst sample 4,orbit-menu-sample,menu,menu-enter-tab-enter,menu-enter-enter,burst,4,Enter Tab Enter,none | none | @button:Switch theme | theme changed,1,0,Enter>button:Add attachment[none|f=button:Add attachment|h=None]@27.2 ; Tab>button:Add attachment[menu×1|f=button:Add attachment|h=File]@64.3 ; Enter>button:Switch theme[menu×1|f=button:Switch theme|h=None]@83.3
chromium-dark-desktop › orbit-menu-sample menu-enter-tab-enter burst sample 5,orbit-menu-sample,menu,menu-enter-tab-enter,menu-enter-enter,burst,5,Enter Tab Enter,none | none | @button:Switch theme | theme changed,1,0,Enter>button:Add attachment[none|f=button:Add attachment|h=None]@22.9 ; Tab>button:Add attachment[menu×1|f=button:Add attachment|h=File]@74.3 ; Enter>button:Switch theme[menu×1|f=button:Switch theme|h=None]@94.9
chromium-dark-desktop › orbit-menu-sample menu-enter-tab-enter burst sample 6,orbit-menu-sample,menu,menu-enter-tab-enter,menu-enter-enter,burst,6,Enter Tab Enter,none | none | @button:Switch theme | theme changed,1,0,Enter>button:Add attachment[none|f=button:Add attachment|h=None]@17.3 ; Tab>button:Add attachment[menu×1|f=button:Add attachment|h=File]@59.3 ; Enter>button:Switch theme[menu×1|f=button:Switch theme|h=None]@79.9
chromium-dark-desktop › orbit-menu-sample menu-enter-tab-enter burst sample 7,orbit-menu-sample,menu,menu-enter-tab-enter,menu-enter-enter,burst,7,Enter Tab Enter,none | none | @button:Switch theme | theme changed,1,0,Enter>button:Add attachment[none|f=button:Add attachment|h=None]@17.7 ; Tab>button:Add attachment[menu×1|f=button:Add attachment|h=File]@50 ; Enter>button:Switch theme[menu×1|f=button:Switch theme|h=None]@69.7
chromium-dark-desktop › orbit-menu-sample menu-enter-tab-enter burst sample 8,orbit-menu-sample,menu,menu-enter-tab-enter,menu-enter-enter,burst,8,Enter Tab Enter,none | none | @button:Switch theme | theme changed,1,0,Enter>button:Add attachment[none|f=button:Add attachment|h=None]@21.9 ; Tab>button:Add attachment[menu×1|f=button:Add attachment|h=File]@56.4 ; Enter>button:Switch theme[menu×1|f=button:Switch theme|h=None]@74
chromium-dark-desktop › orbit-menu-sample menu-enter-tab-enter burst sample 9,orbit-menu-sample,menu,menu-enter-tab-enter,menu-enter-enter,burst,9,Enter Tab Enter,none | none | @button:Switch theme | theme changed,1,0,Enter>button:Add attachment[none|f=button:Add attachment|h=None]@35.5 ; Tab>button:Add attachment[menu×1|f=button:Add attachment|h=File]@65.6 ; Enter>button:Switch theme[menu×1|f=button:Switch theme|h=None]@82.8
chromium-dark-desktop › orbit-menu-sample menu-enter-tab-enter burst sample 10,orbit-menu-sample,menu,menu-enter-tab-enter,menu-enter-enter,burst,10,Enter Tab Enter,none | none | @button:Switch theme | theme changed,1,0,Enter>button:Add attachment[none|f=button:Add attachment|h=None]@27 ; Tab>button:Add attachment[menu×1|f=button:Add attachment|h=File]@57.4 ; Enter>button:Switch theme[menu×1|f=button:Switch theme|h=None]@73.8
chromium-dark-desktop › orbit-menu-sample menu-enter-tab-enter burst sample 11,orbit-menu-sample,menu,menu-enter-tab-enter,menu-enter-enter,burst,11,Enter Tab Enter,none | none | @button:Switch theme | theme changed,1,0,Enter>button:Add attachment[none|f=button:Add attachment|h=None]@27.7 ; Tab>button:Add attachment[menu×1|f=button:Add attachment|h=File]@59.9 ; Enter>button:Switch theme[menu×1|f=button:Switch theme|h=None]@77.8
chromium-dark-desktop › orbit-menu-sample menu-enter-tab-enter burst sample 12,orbit-menu-sample,menu,menu-enter-tab-enter,menu-enter-enter,burst,12,Enter Tab Enter,none | none | @button:Switch theme | theme changed,1,0,Enter>button:Add attachment[none|f=button:Add attachment|h=None]@23.2 ; Tab>button:Add attachment[menu×1|f=button:Add attachment|h=File]@54.1 ; Enter>button:Switch theme[menu×1|f=button:Switch theme|h=None]@72
chromium-dark-desktop › orbit-menu-sample menu-enter-tab-enter burst sample 13,orbit-menu-sample,menu,menu-enter-tab-enter,menu-enter-enter,burst,13,Enter Tab Enter,none | none | @button:Switch theme | theme changed,1,0,Enter>button:Add attachment[none|f=button:Add attachment|h=None]@27.7 ; Tab>button:Add attachment[menu×1|f=button:Add attachment|h=File]@58.9 ; Enter>button:Switch theme[menu×1|f=button:Switch theme|h=None]@76.3
chromium-dark-desktop › orbit-menu-sample menu-enter-tab-enter burst sample 14,orbit-menu-sample,menu,menu-enter-tab-enter,menu-enter-enter,burst,14,Enter Tab Enter,none | none | @button:Switch theme | theme changed,1,0,Enter>button:Add attachment[none|f=button:Add attachment|h=None]@26.7 ; Tab>button:Add attachment[menu×1|f=button:Add attachment|h=File]@58.2 ; Enter>button:Switch theme[menu×1|f=button:Switch theme|h=None]@78
chromium-dark-desktop › orbit-menu-sample menu-enter-tab-enter burst sample 15,orbit-menu-sample,menu,menu-enter-tab-enter,menu-enter-enter,burst,15,Enter Tab Enter,none | none | @button:Switch theme | theme changed,1,0,Enter>button:Add attachment[none|f=button:Add attachment|h=None]@28.1 ; Tab>button:Add attachment[menu×1|f=button:Add attachment|h=File]@58.7 ; Enter>button:Switch theme[menu×1|f=button:Switch theme|h=None]@76.5
chromium-dark-desktop › orbit-menu-sample menu-enter-tab-enter burst sample 16,orbit-menu-sample,menu,menu-enter-tab-enter,menu-enter-enter,burst,16,Enter Tab Enter,none | none | @button:Switch theme | theme changed,1,0,Enter>button:Add attachment[none|f=button:Add attachment|h=None]@31.3 ; Tab>button:Add attachment[menu×1|f=button:Add attachment|h=File]@66.4 ; Enter>button:Switch theme[menu×1|f=button:Switch theme|h=None]@85.9
chromium-dark-desktop › orbit-menu-sample menu-enter-tab-enter burst sample 17,orbit-menu-sample,menu,menu-enter-tab-enter,menu-enter-enter,burst,17,Enter Tab Enter,none | none | @button:Switch theme | theme changed,1,0,Enter>button:Add attachment[none|f=button:Add attachment|h=None]@28.2 ; Tab>button:Add attachment[menu×1|f=button:Add attachment|h=File]@66.8 ; Enter>button:Switch theme[menu×1|f=button:Switch theme|h=None]@85.8
chromium-dark-desktop › orbit-menu-sample menu-enter-tab-enter burst sample 18,orbit-menu-sample,menu,menu-enter-tab-enter,menu-enter-enter,burst,18,Enter Tab Enter,none | none | @button:Switch theme | theme changed,1,0,Enter>button:Add attachment[none|f=button:Add attachment|h=None]@25.9 ; Tab>button:Add attachment[menu×1|f=button:Add attachment|h=File]@59.8 ; Enter>button:Switch theme[menu×1|f=button:Switch theme|h=None]@81.3
chromium-dark-desktop › orbit-menu-sample menu-enter-tab-enter burst sample 19,orbit-menu-sample,menu,menu-enter-tab-enter,menu-enter-enter,burst,19,Enter Tab Enter,none | none | @button:Switch theme | theme changed,1,0,Enter>button:Add attachment[none|f=button:Add attachment|h=None]@25.5 ; Tab>button:Add attachment[menu×1|f=button:Add attachment|h=File]@62.9 ; Enter>button:Switch theme[menu×1|f=button:Switch theme|h=None]@84.7
chromium-dark-desktop › orbit-menu-sample menu-enter-tab-enter paced sample 0,orbit-menu-sample,menu,menu-enter-tab-enter,menu-enter-enter,paced,0,Enter Tab Enter,none | none | @button:Switch theme | theme changed,0,0,Enter>button:Add attachment[none|f=button:Add attachment|h=None]@21.3 ; Tab>menuitem:File[menu×1|f=menuitem:File|h=File]@364.7 ; Enter>button:Switch theme[none|f=button:Switch theme|h=None]@688
chromium-dark-desktop › orbit-menu-sample menu-enter-tab-enter paced sample 1,orbit-menu-sample,menu,menu-enter-tab-enter,menu-enter-enter,paced,1,Enter Tab Enter,none | none | @button:Switch theme | theme changed,0,0,Enter>button:Add attachment[none|f=button:Add attachment|h=None]@23.2 ; Tab>menuitem:File[menu×1|f=menuitem:File|h=File]@364.5 ; Enter>button:Switch theme[none|f=button:Switch theme|h=None]@693.8
chromium-dark-desktop › orbit-menu-sample menu-enter-tab-enter paced sample 2,orbit-menu-sample,menu,menu-enter-tab-enter,menu-enter-enter,paced,2,Enter Tab Enter,none | none | @button:Switch theme | theme changed,0,0,Enter>button:Add attachment[none|f=button:Add attachment|h=None]@17.6 ; Tab>menuitem:File[menu×1|f=menuitem:File|h=File]@367 ; Enter>button:Switch theme[none|f=button:Switch theme|h=None]@693.5
chromium-dark-desktop › orbit-menu-sample menu-enter-tab-enter paced sample 3,orbit-menu-sample,menu,menu-enter-tab-enter,menu-enter-enter,paced,3,Enter Tab Enter,none | none | @button:Switch theme | theme changed,0,0,Enter>button:Add attachment[none|f=button:Add attachment|h=None]@20.2 ; Tab>menuitem:File[menu×1|f=menuitem:File|h=File]@362.7 ; Enter>button:Switch theme[none|f=button:Switch theme|h=None]@698
chromium-dark-desktop › orbit-menu-sample menu-enter-tab-enter paced sample 4,orbit-menu-sample,menu,menu-enter-tab-enter,menu-enter-enter,paced,4,Enter Tab Enter,none | none | @button:Switch theme | theme changed,0,0,Enter>button:Add attachment[none|f=button:Add attachment|h=None]@28.7 ; Tab>menuitem:File[menu×1|f=menuitem:File|h=File]@382.3 ; Enter>button:Switch theme[none|f=button:Switch theme|h=None]@720.3
chromium-dark-desktop › orbit-menu-sample menu-enter-tab-enter paced sample 5,orbit-menu-sample,menu,menu-enter-tab-enter,menu-enter-enter,paced,5,Enter Tab Enter,none | none | @button:Switch theme | theme changed,0,0,Enter>button:Add attachment[none|f=button:Add attachment|h=None]@22.2 ; Tab>menuitem:File[menu×1|f=menuitem:File|h=File]@368.3 ; Enter>button:Switch theme[none|f=button:Switch theme|h=None]@697.9
chromium-dark-desktop › orbit-menu-sample menu-enter-tab-enter paced sample 6,orbit-menu-sample,menu,menu-enter-tab-enter,menu-enter-enter,paced,6,Enter Tab Enter,none | none | @button:Switch theme | theme changed,0,0,Enter>button:Add attachment[none|f=button:Add attachment|h=None]@27.4 ; Tab>menuitem:File[menu×1|f=menuitem:File|h=File]@379.8 ; Enter>button:Switch theme[none|f=button:Switch theme|h=None]@708.1
chromium-dark-desktop › orbit-menu-sample menu-enter-tab-enter paced sample 7,orbit-menu-sample,menu,menu-enter-tab-enter,menu-enter-enter,paced,7,Enter Tab Enter,none | none | @button:Switch theme | theme changed,0,0,Enter>button:Add attachment[none|f=button:Add attachment|h=None]@29.8 ; Tab>menuitem:File[menu×1|f=menuitem:File|h=File]@379.2 ; Enter>button:Switch theme[none|f=button:Switch theme|h=None]@705.9
chromium-dark-desktop › orbit-menu-sample menu-enter-tab-enter paced sample 8,orbit-menu-sample,menu,menu-enter-tab-enter,menu-enter-enter,paced,8,Enter Tab Enter,none | none | @button:Switch theme | theme changed,0,0,Enter>button:Add attachment[none|f=button:Add attachment|h=None]@11.1 ; Tab>menuitem:File[menu×1|f=menuitem:File|h=File]@377.4 ; Enter>button:Switch theme[none|f=button:Switch theme|h=None]@712.7
chromium-dark-desktop › orbit-menu-sample menu-enter-tab-enter paced sample 9,orbit-menu-sample,menu,menu-enter-tab-enter,menu-enter-enter,paced,9,Enter Tab Enter,none | none | @button:Switch theme | theme changed,0,0,Enter>button:Add attachment[none|f=button:Add attachment|h=None]@17 ; Tab>menuitem:File[menu×1|f=menuitem:File|h=File]@365.5 ; Enter>button:Switch theme[none|f=button:Switch theme|h=None]@695.4
chromium-dark-desktop › orbit-menu-sample menu-enter-tab-enter paced sample 10,orbit-menu-sample,menu,menu-enter-tab-enter,menu-enter-enter,paced,10,Enter Tab Enter,none | none | @button:Switch theme | theme changed,0,0,Enter>button:Add attachment[none|f=button:Add attachment|h=None]@24.9 ; Tab>menuitem:File[menu×1|f=menuitem:File|h=File]@364 ; Enter>button:Switch theme[none|f=button:Switch theme|h=None]@692.2
chromium-dark-desktop › orbit-menu-sample menu-enter-tab-enter paced sample 11,orbit-menu-sample,menu,menu-enter-tab-enter,menu-enter-enter,paced,11,Enter Tab Enter,none | none | @button:Switch theme | theme changed,0,0,Enter>button:Add attachment[none|f=button:Add attachment|h=None]@31.9 ; Tab>menuitem:File[menu×1|f=menuitem:File|h=File]@371.9 ; Enter>button:Switch theme[none|f=button:Switch theme|h=None]@696.8
chromium-dark-desktop › orbit-menu-sample menu-enter-tab-enter paced sample 12,orbit-menu-sample,menu,menu-enter-tab-enter,menu-enter-enter,paced,12,Enter Tab Enter,none | none | @button:Switch theme | theme changed,0,0,Enter>button:Add attachment[none|f=button:Add attachment|h=None]@18.8 ; Tab>menuitem:File[menu×1|f=menuitem:File|h=File]@361.6 ; Enter>button:Switch theme[none|f=button:Switch theme|h=None]@698.8
chromium-dark-desktop › orbit-menu-sample menu-enter-tab-enter paced sample 13,orbit-menu-sample,menu,menu-enter-tab-enter,menu-enter-enter,paced,13,Enter Tab Enter,none | none | @button:Switch theme | theme changed,0,0,Enter>button:Add attachment[none|f=button:Add attachment|h=None]@33.3 ; Tab>menuitem:File[menu×1|f=menuitem:File|h=File]@385.2 ; Enter>button:Switch theme[none|f=button:Switch theme|h=None]@715.1
chromium-dark-desktop › orbit-menu-sample menu-enter-tab-enter paced sample 14,orbit-menu-sample,menu,menu-enter-tab-enter,menu-enter-enter,paced,14,Enter Tab Enter,none | none | @button:Switch theme | theme changed,0,0,Enter>button:Add attachment[none|f=button:Add attachment|h=None]@27.4 ; Tab>menuitem:File[menu×1|f=menuitem:File|h=File]@384.1 ; Enter>button:Switch theme[none|f=button:Switch theme|h=None]@715.2
chromium-dark-desktop › orbit-menu-sample menu-enter-tab-enter paced sample 15,orbit-menu-sample,menu,menu-enter-tab-enter,menu-enter-enter,paced,15,Enter Tab Enter,none | none | @button:Switch theme | theme changed,0,0,Enter>button:Add attachment[none|f=button:Add attachment|h=None]@25.6 ; Tab>menuitem:File[menu×1|f=menuitem:File|h=File]@362.8 ; Enter>button:Switch theme[none|f=button:Switch theme|h=None]@696.4
chromium-dark-desktop › orbit-menu-sample menu-enter-tab-enter paced sample 16,orbit-menu-sample,menu,menu-enter-tab-enter,menu-enter-enter,paced,16,Enter Tab Enter,none | none | @button:Switch theme | theme changed,0,0,Enter>button:Add attachment[none|f=button:Add attachment|h=None]@32.4 ; Tab>menuitem:File[menu×1|f=menuitem:File|h=File]@370.9 ; Enter>button:Switch theme[none|f=button:Switch theme|h=None]@695.2
chromium-dark-desktop › orbit-menu-sample menu-enter-tab-enter paced sample 17,orbit-menu-sample,menu,menu-enter-tab-enter,menu-enter-enter,paced,17,Enter Tab Enter,none | none | @button:Switch theme | theme changed,0,0,Enter>button:Add attachment[none|f=button:Add attachment|h=None]@25.2 ; Tab>menuitem:File[menu×1|f=menuitem:File|h=File]@379.7 ; Enter>button:Switch theme[none|f=button:Switch theme|h=None]@725.4
chromium-dark-desktop › orbit-menu-sample menu-enter-tab-enter paced sample 18,orbit-menu-sample,menu,menu-enter-tab-enter,menu-enter-enter,paced,18,Enter Tab Enter,none | none | @button:Switch theme | theme changed,0,0,Enter>button:Add attachment[none|f=button:Add attachment|h=None]@26.2 ; Tab>menuitem:File[menu×1|f=menuitem:File|h=File]@373.3 ; Enter>button:Switch theme[none|f=button:Switch theme|h=None]@709.1
chromium-dark-desktop › orbit-menu-sample menu-enter-tab-enter paced sample 19,orbit-menu-sample,menu,menu-enter-tab-enter,menu-enter-enter,paced,19,Enter Tab Enter,none | none | @button:Switch theme | theme changed,0,0,Enter>button:Add attachment[none|f=button:Add attachment|h=None]@19.4 ; Tab>menuitem:File[menu×1|f=menuitem:File|h=File]@362.3 ; Enter>button:Switch theme[none|f=button:Switch theme|h=None]@688.9
chromium-dark-desktop › orbit-menu menu-enter-shift-tab burst sample 0,orbit-menu,menu,menu-enter-shift-tab,menu-enter,burst,0,Enter Shift+Tab,none | none | @button:Add attachment,1,1,Enter>button:Add attachment[none|f=button:Add attachment|h=None]@15.4 ; Shift+Tab>button:Add attachment[menu×1|f=button:Add attachment|h=File]@43.9 ; Shift+Tab*>menuitem:File[menu×1|f=button:Add attachment|h=File]@44
chromium-dark-desktop › orbit-menu menu-enter-shift-tab burst sample 1,orbit-menu,menu,menu-enter-shift-tab,menu-enter,burst,1,Enter Shift+Tab,none | none | @button:Add attachment,1,1,Enter>button:Add attachment[none|f=button:Add attachment|h=None]@27.7 ; Shift+Tab>button:Add attachment[menu×1|f=button:Add attachment|h=File]@57.2 ; Shift+Tab*>menuitem:File[menu×1|f=button:Add attachment|h=File]@57.2
chromium-dark-desktop › orbit-menu menu-enter-shift-tab burst sample 2,orbit-menu,menu,menu-enter-shift-tab,menu-enter,burst,2,Enter Shift+Tab,none | none | @button:Add attachment,1,1,Enter>button:Add attachment[none|f=button:Add attachment|h=None]@24.5 ; Shift+Tab>button:Add attachment[menu×1|f=button:Add attachment|h=File]@50.9 ; Shift+Tab*>menuitem:File[menu×1|f=button:Add attachment|h=File]@51
chromium-dark-desktop › orbit-menu menu-enter-shift-tab burst sample 3,orbit-menu,menu,menu-enter-shift-tab,menu-enter,burst,3,Enter Shift+Tab,none | none | @button:Add attachment,1,1,Enter>button:Add attachment[none|f=button:Add attachment|h=None]@31.6 ; Shift+Tab>button:Add attachment[menu×1|f=button:Add attachment|h=File]@60.2 ; Shift+Tab*>menuitem:File[menu×1|f=button:Add attachment|h=File]@60.3
chromium-dark-desktop › orbit-menu menu-enter-shift-tab burst sample 4,orbit-menu,menu,menu-enter-shift-tab,menu-enter,burst,4,Enter Shift+Tab,none | none | @button:Add attachment,1,1,Enter>button:Add attachment[none|f=button:Add attachment|h=None]@25.4 ; Shift+Tab>button:Add attachment[menu×1|f=button:Add attachment|h=File]@54.1 ; Shift+Tab*>menuitem:File[menu×1|f=button:Add attachment|h=File]@54.2
chromium-dark-desktop › orbit-menu menu-enter-shift-tab burst sample 5,orbit-menu,menu,menu-enter-shift-tab,menu-enter,burst,5,Enter Shift+Tab,none | none | @button:Add attachment,1,1,Enter>button:Add attachment[none|f=button:Add attachment|h=None]@18.4 ; Shift+Tab>button:Add attachment[menu×1|f=button:Add attachment|h=File]@50.2 ; Shift+Tab*>menuitem:File[menu×1|f=button:Add attachment|h=File]@50.4
chromium-dark-desktop › orbit-menu menu-enter-shift-tab burst sample 6,orbit-menu,menu,menu-enter-shift-tab,menu-enter,burst,6,Enter Shift+Tab,none | none | @button:Add attachment,1,1,Enter>button:Add attachment[none|f=button:Add attachment|h=None]@40.9 ; Shift+Tab>button:Add attachment[menu×1|f=button:Add attachment|h=File]@79.5 ; Shift+Tab*>menuitem:File[menu×1|f=button:Add attachment|h=File]@79.7
chromium-dark-desktop › orbit-menu menu-enter-shift-tab burst sample 7,orbit-menu,menu,menu-enter-shift-tab,menu-enter,burst,7,Enter Shift+Tab,none | none | @button:Add attachment,1,1,Enter>button:Add attachment[none|f=button:Add attachment|h=None]@31.1 ; Shift+Tab>button:Add attachment[menu×1|f=button:Add attachment|h=File]@63.8 ; Shift+Tab*>menuitem:File[menu×1|f=button:Add attachment|h=File]@64
chromium-dark-desktop › orbit-menu menu-enter-shift-tab burst sample 8,orbit-menu,menu,menu-enter-shift-tab,menu-enter,burst,8,Enter Shift+Tab,none | none | @button:Add attachment,1,1,Enter>button:Add attachment[none|f=button:Add attachment|h=None]@21.3 ; Shift+Tab>button:Add attachment[menu×1|f=button:Add attachment|h=File]@50.7 ; Shift+Tab*>menuitem:File[menu×1|f=button:Add attachment|h=File]@50.9
chromium-dark-desktop › orbit-menu menu-enter-shift-tab burst sample 9,orbit-menu,menu,menu-enter-shift-tab,menu-enter,burst,9,Enter Shift+Tab,none | none | @button:Add attachment,1,1,Enter>button:Add attachment[none|f=button:Add attachment|h=None]@19.1 ; Shift+Tab>button:Add attachment[menu×1|f=button:Add attachment|h=File]@57.4 ; Shift+Tab*>menuitem:File[menu×1|f=button:Add attachment|h=File]@57.4
chromium-dark-desktop › orbit-menu menu-enter-shift-tab burst sample 10,orbit-menu,menu,menu-enter-shift-tab,menu-enter,burst,10,Enter Shift+Tab,none | none | @button:Add attachment,1,1,Enter>button:Add attachment[none|f=button:Add attachment|h=None]@14.8 ; Shift+Tab>button:Add attachment[menu×1|f=button:Add attachment|h=File]@48 ; Shift+Tab*>menuitem:File[menu×1|f=button:Add attachment|h=File]@48.2
chromium-dark-desktop › orbit-menu menu-enter-shift-tab burst sample 11,orbit-menu,menu,menu-enter-shift-tab,menu-enter,burst,11,Enter Shift+Tab,none | none | @button:Add attachment,1,1,Enter>button:Add attachment[none|f=button:Add attachment|h=None]@23.2 ; Shift+Tab>button:Add attachment[menu×1|f=button:Add attachment|h=File]@52.1 ; Shift+Tab*>menuitem:File[menu×1|f=button:Add attachment|h=File]@52.2
chromium-dark-desktop › orbit-menu menu-enter-shift-tab burst sample 12,orbit-menu,menu,menu-enter-shift-tab,menu-enter,burst,12,Enter Shift+Tab,none | none | @button:Add attachment,1,1,Enter>button:Add attachment[none|f=button:Add attachment|h=None]@23.8 ; Shift+Tab>button:Add attachment[menu×1|f=button:Add attachment|h=File]@52.7 ; Shift+Tab*>menuitem:File[menu×1|f=button:Add attachment|h=File]@52.8
chromium-dark-desktop › orbit-menu menu-enter-shift-tab burst sample 13,orbit-menu,menu,menu-enter-shift-tab,menu-enter,burst,13,Enter Shift+Tab,none | none | @button:Add attachment,1,1,Enter>button:Add attachment[none|f=button:Add attachment|h=None]@16.3 ; Shift+Tab>button:Add attachment[menu×1|f=button:Add attachment|h=File]@45.6 ; Shift+Tab*>menuitem:File[menu×1|f=button:Add attachment|h=File]@45.7
chromium-dark-desktop › orbit-menu menu-enter-shift-tab burst sample 14,orbit-menu,menu,menu-enter-shift-tab,menu-enter,burst,14,Enter Shift+Tab,none | none | @button:Add attachment,1,1,Enter>button:Add attachment[none|f=button:Add attachment|h=None]@19.4 ; Shift+Tab>button:Add attachment[menu×1|f=button:Add attachment|h=File]@57.1 ; Shift+Tab*>menuitem:File[menu×1|f=button:Add attachment|h=File]@57.3
chromium-dark-desktop › orbit-menu menu-enter-shift-tab burst sample 15,orbit-menu,menu,menu-enter-shift-tab,menu-enter,burst,15,Enter Shift+Tab,none | none | @button:Add attachment,1,1,Enter>button:Add attachment[none|f=button:Add attachment|h=None]@23.4 ; Shift+Tab>button:Add attachment[menu×1|f=button:Add attachment|h=File]@56.8 ; Shift+Tab*>menuitem:File[menu×1|f=button:Add attachment|h=File]@56.9
chromium-dark-desktop › orbit-menu menu-enter-shift-tab burst sample 16,orbit-menu,menu,menu-enter-shift-tab,menu-enter,burst,16,Enter Shift+Tab,none | none | @button:Add attachment,1,1,Enter>button:Add attachment[none|f=button:Add attachment|h=None]@7.7 ; Shift+Tab>button:Add attachment[menu×1|f=button:Add attachment|h=File]@50.5 ; Shift+Tab*>menuitem:File[menu×1|f=button:Add attachment|h=File]@50.7
chromium-dark-desktop › orbit-menu menu-enter-shift-tab burst sample 17,orbit-menu,menu,menu-enter-shift-tab,menu-enter,burst,17,Enter Shift+Tab,none | none | @button:Add attachment,1,1,Enter>button:Add attachment[none|f=button:Add attachment|h=None]@15.6 ; Shift+Tab>button:Add attachment[menu×1|f=button:Add attachment|h=File]@42.1 ; Shift+Tab*>menuitem:File[menu×1|f=button:Add attachment|h=File]@42.2
chromium-dark-desktop › orbit-menu menu-enter-shift-tab burst sample 18,orbit-menu,menu,menu-enter-shift-tab,menu-enter,burst,18,Enter Shift+Tab,none | none | @button:Add attachment,1,1,Enter>button:Add attachment[none|f=button:Add attachment|h=None]@15.3 ; Shift+Tab>button:Add attachment[menu×1|f=button:Add attachment|h=File]@43.5 ; Shift+Tab*>menuitem:File[menu×1|f=button:Add attachment|h=File]@43.6
chromium-dark-desktop › orbit-menu menu-enter-shift-tab burst sample 19,orbit-menu,menu,menu-enter-shift-tab,menu-enter,burst,19,Enter Shift+Tab,none | none | @button:Add attachment,1,1,Enter>button:Add attachment[none|f=button:Add attachment|h=None]@19.6 ; Shift+Tab>button:Add attachment[menu×1|f=button:Add attachment|h=File]@50.5 ; Shift+Tab*>menuitem:File[menu×1|f=button:Add attachment|h=File]@50.6
chromium-dark-desktop › orbit-menu menu-enter-shift-tab paced sample 0,orbit-menu,menu,menu-enter-shift-tab,menu-enter,paced,0,Enter Shift+Tab,none | none | @button:Add attachment,0,0,Enter>button:Add attachment[none|f=button:Add attachment|h=None]@19.5 ; Shift+Tab>menuitem:File[menu×1|f=menuitem:File|h=File]@376.4
chromium-dark-desktop › orbit-menu menu-enter-shift-tab paced sample 1,orbit-menu,menu,menu-enter-shift-tab,menu-enter,paced,1,Enter Shift+Tab,none | none | @button:Add attachment,0,0,Enter>button:Add attachment[none|f=button:Add attachment|h=None]@16.4 ; Shift+Tab>menuitem:File[menu×1|f=menuitem:File|h=File]@351.4
chromium-dark-desktop › orbit-menu menu-enter-shift-tab paced sample 2,orbit-menu,menu,menu-enter-shift-tab,menu-enter,paced,2,Enter Shift+Tab,none | none | @button:Add attachment,0,0,Enter>button:Add attachment[none|f=button:Add attachment|h=None]@13.6 ; Shift+Tab>menuitem:File[menu×1|f=menuitem:File|h=File]@366.6
chromium-dark-desktop › orbit-menu menu-enter-shift-tab paced sample 3,orbit-menu,menu,menu-enter-shift-tab,menu-enter,paced,3,Enter Shift+Tab,none | none | @button:Add attachment,0,0,Enter>button:Add attachment[none|f=button:Add attachment|h=None]@27.8 ; Shift+Tab>menuitem:File[menu×1|f=menuitem:File|h=File]@388.1
chromium-dark-desktop › orbit-menu menu-enter-shift-tab paced sample 4,orbit-menu,menu,menu-enter-shift-tab,menu-enter,paced,4,Enter Shift+Tab,none | none | @button:Add attachment,0,0,Enter>button:Add attachment[none|f=button:Add attachment|h=None]@25.5 ; Shift+Tab>menuitem:File[menu×1|f=menuitem:File|h=File]@359
chromium-dark-desktop › orbit-menu menu-enter-shift-tab paced sample 5,orbit-menu,menu,menu-enter-shift-tab,menu-enter,paced,5,Enter Shift+Tab,none | none | @button:Add attachment,0,0,Enter>button:Add attachment[none|f=button:Add attachment|h=None]@22.8 ; Shift+Tab>menuitem:File[menu×1|f=menuitem:File|h=File]@364.6
chromium-dark-desktop › orbit-menu menu-enter-shift-tab paced sample 6,orbit-menu,menu,menu-enter-shift-tab,menu-enter,paced,6,Enter Shift+Tab,none | none | @button:Add attachment,0,0,Enter>button:Add attachment[none|f=button:Add attachment|h=None]@15.4 ; Shift+Tab>menuitem:File[menu×1|f=menuitem:File|h=File]@357.2
chromium-dark-desktop › orbit-menu menu-enter-shift-tab paced sample 7,orbit-menu,menu,menu-enter-shift-tab,menu-enter,paced,7,Enter Shift+Tab,none | none | @button:Add attachment,0,0,Enter>button:Add attachment[none|f=button:Add attachment|h=None]@19.5 ; Shift+Tab>menuitem:File[menu×1|f=menuitem:File|h=File]@356.1
chromium-dark-desktop › orbit-menu menu-enter-shift-tab paced sample 8,orbit-menu,menu,menu-enter-shift-tab,menu-enter,paced,8,Enter Shift+Tab,none | none | @button:Add attachment,0,0,Enter>button:Add attachment[none|f=button:Add attachment|h=None]@31.1 ; Shift+Tab>menuitem:File[menu×1|f=menuitem:File|h=File]@365.4
chromium-dark-desktop › orbit-menu menu-enter-shift-tab paced sample 9,orbit-menu,menu,menu-enter-shift-tab,menu-enter,paced,9,Enter Shift+Tab,none | none | @button:Add attachment,0,0,Enter>button:Add attachment[none|f=button:Add attachment|h=None]@27 ; Shift+Tab>menuitem:File[menu×1|f=menuitem:File|h=File]@363.2
chromium-dark-desktop › orbit-menu menu-enter-shift-tab paced sample 10,orbit-menu,menu,menu-enter-shift-tab,menu-enter,paced,10,Enter Shift+Tab,none | none | @button:Add attachment,0,0,Enter>button:Add attachment[none|f=button:Add attachment|h=None]@25.8 ; Shift+Tab>menuitem:File[menu×1|f=menuitem:File|h=File]@365.5
chromium-dark-desktop › orbit-menu menu-enter-shift-tab paced sample 11,orbit-menu,menu,menu-enter-shift-tab,menu-enter,paced,11,Enter Shift+Tab,none | none | @button:Add attachment,0,0,Enter>button:Add attachment[none|f=button:Add attachment|h=None]@10.2 ; Shift+Tab>menuitem:File[menu×1|f=menuitem:File|h=File]@372.2
chromium-dark-desktop › orbit-menu menu-enter-shift-tab paced sample 12,orbit-menu,menu,menu-enter-shift-tab,menu-enter,paced,12,Enter Shift+Tab,none | none | @button:Add attachment,0,0,Enter>button:Add attachment[none|f=button:Add attachment|h=None]@14.3 ; Shift+Tab>menuitem:File[menu×1|f=menuitem:File|h=File]@365.2
chromium-dark-desktop › orbit-menu menu-enter-shift-tab paced sample 13,orbit-menu,menu,menu-enter-shift-tab,menu-enter,paced,13,Enter Shift+Tab,none | none | @button:Add attachment,0,0,Enter>button:Add attachment[none|f=button:Add attachment|h=None]@31.1 ; Shift+Tab>menuitem:File[menu×1|f=menuitem:File|h=File]@389.6
chromium-dark-desktop › orbit-menu menu-enter-shift-tab paced sample 14,orbit-menu,menu,menu-enter-shift-tab,menu-enter,paced,14,Enter Shift+Tab,none | none | @button:Add attachment,0,0,Enter>button:Add attachment[none|f=button:Add attachment|h=None]@21.8 ; Shift+Tab>menuitem:File[menu×1|f=menuitem:File|h=File]@369.2
chromium-dark-desktop › orbit-menu menu-enter-shift-tab paced sample 15,orbit-menu,menu,menu-enter-shift-tab,menu-enter,paced,15,Enter Shift+Tab,none | none | @button:Add attachment,0,0,Enter>button:Add attachment[none|f=button:Add attachment|h=None]@5.7 ; Shift+Tab>menuitem:File[menu×1|f=menuitem:File|h=File]@346.1
chromium-dark-desktop › orbit-menu menu-enter-shift-tab paced sample 16,orbit-menu,menu,menu-enter-shift-tab,menu-enter,paced,16,Enter Shift+Tab,none | none | @button:Add attachment,0,0,Enter>button:Add attachment[none|f=button:Add attachment|h=None]@28.1 ; Shift+Tab>menuitem:File[menu×1|f=menuitem:File|h=File]@379
chromium-dark-desktop › orbit-menu menu-enter-shift-tab paced sample 17,orbit-menu,menu,menu-enter-shift-tab,menu-enter,paced,17,Enter Shift+Tab,none | none | @button:Add attachment,0,0,Enter>button:Add attachment[none|f=button:Add attachment|h=None]@27.9 ; Shift+Tab>menuitem:File[menu×1|f=menuitem:File|h=File]@373
chromium-dark-desktop › orbit-menu menu-enter-shift-tab paced sample 18,orbit-menu,menu,menu-enter-shift-tab,menu-enter,paced,18,Enter Shift+Tab,none | none | @button:Add attachment,0,0,Enter>button:Add attachment[none|f=button:Add attachment|h=None]@15.2 ; Shift+Tab>menuitem:File[menu×1|f=menuitem:File|h=File]@368
chromium-dark-desktop › orbit-menu menu-enter-shift-tab paced sample 19,orbit-menu,menu,menu-enter-shift-tab,menu-enter,paced,19,Enter Shift+Tab,none | none | @button:Add attachment,0,0,Enter>button:Add attachment[none|f=button:Add attachment|h=None]@30.1 ; Shift+Tab>menuitem:File[menu×1|f=menuitem:File|h=File]@365
chromium-dark-desktop › orbit-menu-sample menu-enter-shift-tab burst sample 0,orbit-menu-sample,menu,menu-enter-shift-tab,menu-enter,burst,0,Enter Shift+Tab,none | none | @button:Add attachment,1,1,Enter>button:Add attachment[none|f=button:Add attachment|h=None]@26 ; Shift+Tab>button:Add attachment[menu×1|f=button:Add attachment|h=File]@58.2 ; Shift+Tab*>menuitem:File[menu×1|f=button:Add attachment|h=File]@58.3
chromium-dark-desktop › orbit-menu-sample menu-enter-shift-tab burst sample 1,orbit-menu-sample,menu,menu-enter-shift-tab,menu-enter,burst,1,Enter Shift+Tab,none | none | @button:Add attachment,1,1,Enter>button:Add attachment[none|f=button:Add attachment|h=None]@16.7 ; Shift+Tab>button:Add attachment[menu×1|f=button:Add attachment|h=File]@50.3 ; Shift+Tab*>menuitem:File[menu×1|f=button:Add attachment|h=File]@50.4
chromium-dark-desktop › orbit-menu-sample menu-enter-shift-tab burst sample 2,orbit-menu-sample,menu,menu-enter-shift-tab,menu-enter,burst,2,Enter Shift+Tab,none | none | @button:Add attachment,1,1,Enter>button:Add attachment[none|f=button:Add attachment|h=None]@44 ; Shift+Tab>button:Add attachment[menu×1|f=button:Add attachment|h=File]@82.8 ; Shift+Tab*>menuitem:File[menu×1|f=button:Add attachment|h=File]@82.9
chromium-dark-desktop › orbit-menu-sample menu-enter-shift-tab burst sample 3,orbit-menu-sample,menu,menu-enter-shift-tab,menu-enter,burst,3,Enter Shift+Tab,none | none | @button:Add attachment,1,1,Enter>button:Add attachment[none|f=button:Add attachment|h=None]@24.2 ; Shift+Tab>button:Add attachment[menu×1|f=button:Add attachment|h=File]@60.4 ; Shift+Tab*>menuitem:File[menu×1|f=button:Add attachment|h=File]@60.5
chromium-dark-desktop › orbit-menu-sample menu-enter-shift-tab burst sample 4,orbit-menu-sample,menu,menu-enter-shift-tab,menu-enter,burst,4,Enter Shift+Tab,none | none | @button:Add attachment,1,1,Enter>button:Add attachment[none|f=button:Add attachment|h=None]@17.2 ; Shift+Tab>button:Add attachment[menu×1|f=button:Add attachment|h=File]@51.2 ; Shift+Tab*>menuitem:File[menu×1|f=button:Add attachment|h=File]@51.3
chromium-dark-desktop › orbit-menu-sample menu-enter-shift-tab burst sample 5,orbit-menu-sample,menu,menu-enter-shift-tab,menu-enter,burst,5,Enter Shift+Tab,none | none | @button:Add attachment,1,1,Enter>button:Add attachment[none|f=button:Add attachment|h=None]@24.8 ; Shift+Tab>button:Add attachment[menu×1|f=button:Add attachment|h=File]@75.8 ; Shift+Tab*>menuitem:File[menu×1|f=button:Add attachment|h=File]@75.9
chromium-dark-desktop › orbit-menu-sample menu-enter-shift-tab burst sample 6,orbit-menu-sample,menu,menu-enter-shift-tab,menu-enter,burst,6,Enter Shift+Tab,none | none | @button:Add attachment,1,1,Enter>button:Add attachment[none|f=button:Add attachment|h=None]@22.2 ; Shift+Tab>button:Add attachment[menu×1|f=button:Add attachment|h=File]@56.1 ; Shift+Tab*>menuitem:File[menu×1|f=button:Add attachment|h=File]@56.3
chromium-dark-desktop › orbit-menu-sample menu-enter-shift-tab burst sample 7,orbit-menu-sample,menu,menu-enter-shift-tab,menu-enter,burst,7,Enter Shift+Tab,none | none | @button:Add attachment,1,1,Enter>button:Add attachment[none|f=button:Add attachment|h=None]@31.9 ; Shift+Tab>button:Add attachment[menu×1|f=button:Add attachment|h=File]@70.1 ; Shift+Tab*>menuitem:File[menu×1|f=button:Add attachment|h=File]@70.3
chromium-dark-desktop › orbit-menu-sample menu-enter-shift-tab burst sample 8,orbit-menu-sample,menu,menu-enter-shift-tab,menu-enter,burst,8,Enter Shift+Tab,none | none | @button:Add attachment,1,1,Enter>button:Add attachment[none|f=button:Add attachment|h=None]@24.1 ; Shift+Tab>button:Add attachment[menu×1|f=button:Add attachment|h=File]@55.1 ; Shift+Tab*>menuitem:File[menu×1|f=button:Add attachment|h=File]@55.1
chromium-dark-desktop › orbit-menu-sample menu-enter-shift-tab burst sample 9,orbit-menu-sample,menu,menu-enter-shift-tab,menu-enter,burst,9,Enter Shift+Tab,none | none | @button:Add attachment,1,1,Enter>button:Add attachment[none|f=button:Add attachment|h=None]@30.5 ; Shift+Tab>button:Add attachment[menu×1|f=button:Add attachment|h=File]@71.8 ; Shift+Tab*>menuitem:File[menu×1|f=button:Add attachment|h=File]@71.8
chromium-dark-desktop › orbit-menu-sample menu-enter-shift-tab burst sample 10,orbit-menu-sample,menu,menu-enter-shift-tab,menu-enter,burst,10,Enter Shift+Tab,none | none | @button:Add attachment,1,1,Enter>button:Add attachment[none|f=button:Add attachment|h=None]@18.7 ; Shift+Tab>button:Add attachment[menu×1|f=button:Add attachment|h=File]@48.3 ; Shift+Tab*>menuitem:File[menu×1|f=button:Add attachment|h=File]@48.3
chromium-dark-desktop › orbit-menu-sample menu-enter-shift-tab burst sample 11,orbit-menu-sample,menu,menu-enter-shift-tab,menu-enter,burst,11,Enter Shift+Tab,none | none | @button:Add attachment,1,1,Enter>button:Add attachment[none|f=button:Add attachment|h=None]@21.5 ; Shift+Tab>button:Add attachment[menu×1|f=button:Add attachment|h=File]@55.7 ; Shift+Tab*>menuitem:File[menu×1|f=button:Add attachment|h=File]@55.8
chromium-dark-desktop › orbit-menu-sample menu-enter-shift-tab burst sample 12,orbit-menu-sample,menu,menu-enter-shift-tab,menu-enter,burst,12,Enter Shift+Tab,none | none | @button:Add attachment,1,1,Enter>button:Add attachment[none|f=button:Add attachment|h=None]@37.2 ; Shift+Tab>button:Add attachment[menu×1|f=button:Add attachment|h=File]@79.1 ; Shift+Tab*>menuitem:File[menu×1|f=button:Add attachment|h=File]@79.2
chromium-dark-desktop › orbit-menu-sample menu-enter-shift-tab burst sample 13,orbit-menu-sample,menu,menu-enter-shift-tab,menu-enter,burst,13,Enter Shift+Tab,none | none | @button:Add attachment,1,1,Enter>button:Add attachment[none|f=button:Add attachment|h=None]@29.8 ; Shift+Tab>button:Add attachment[menu×1|f=button:Add attachment|h=File]@62.8 ; Shift+Tab*>menuitem:File[menu×1|f=button:Add attachment|h=File]@62.9
chromium-dark-desktop › orbit-menu-sample menu-enter-shift-tab burst sample 14,orbit-menu-sample,menu,menu-enter-shift-tab,menu-enter,burst,14,Enter Shift+Tab,none | none | @button:Add attachment,1,1,Enter>button:Add attachment[none|f=button:Add attachment|h=None]@22.2 ; Shift+Tab>button:Add attachment[menu×1|f=button:Add attachment|h=File]@59.6 ; Shift+Tab*>menuitem:File[menu×1|f=button:Add attachment|h=File]@59.7
chromium-dark-desktop › orbit-menu-sample menu-enter-shift-tab burst sample 15,orbit-menu-sample,menu,menu-enter-shift-tab,menu-enter,burst,15,Enter Shift+Tab,none | none | @button:Add attachment,1,1,Enter>button:Add attachment[none|f=button:Add attachment|h=None]@25.5 ; Shift+Tab>button:Add attachment[menu×1|f=button:Add attachment|h=File]@60.5 ; Shift+Tab*>menuitem:File[menu×1|f=button:Add attachment|h=File]@60.6
chromium-dark-desktop › orbit-menu-sample menu-enter-shift-tab burst sample 16,orbit-menu-sample,menu,menu-enter-shift-tab,menu-enter,burst,16,Enter Shift+Tab,none | none | @button:Add attachment,1,1,Enter>button:Add attachment[none|f=button:Add attachment|h=None]@19.6 ; Shift+Tab>button:Add attachment[menu×1|f=button:Add attachment|h=File]@53 ; Shift+Tab*>menuitem:File[menu×1|f=button:Add attachment|h=File]@53.2
chromium-dark-desktop › orbit-menu-sample menu-enter-shift-tab burst sample 17,orbit-menu-sample,menu,menu-enter-shift-tab,menu-enter,burst,17,Enter Shift+Tab,none | none | @button:Add attachment,1,1,Enter>button:Add attachment[none|f=button:Add attachment|h=None]@33.9 ; Shift+Tab>button:Add attachment[menu×1|f=button:Add attachment|h=File]@81.7 ; Shift+Tab*>menuitem:File[menu×1|f=button:Add attachment|h=File]@81.9
chromium-dark-desktop › orbit-menu-sample menu-enter-shift-tab burst sample 18,orbit-menu-sample,menu,menu-enter-shift-tab,menu-enter,burst,18,Enter Shift+Tab,none | none | @button:Add attachment,1,1,Enter>button:Add attachment[none|f=button:Add attachment|h=None]@17.4 ; Shift+Tab>button:Add attachment[menu×1|f=button:Add attachment|h=File]@44.8 ; Shift+Tab*>menuitem:File[menu×1|f=button:Add attachment|h=File]@44.8
chromium-dark-desktop › orbit-menu-sample menu-enter-shift-tab burst sample 19,orbit-menu-sample,menu,menu-enter-shift-tab,menu-enter,burst,19,Enter Shift+Tab,none | none | @button:Add attachment,1,1,Enter>button:Add attachment[none|f=button:Add attachment|h=None]@14.1 ; Shift+Tab>button:Add attachment[menu×1|f=button:Add attachment|h=File]@50.4 ; Shift+Tab*>menuitem:File[menu×1|f=button:Add attachment|h=File]@50.5
chromium-dark-desktop › orbit-menu-sample menu-enter-shift-tab paced sample 0,orbit-menu-sample,menu,menu-enter-shift-tab,menu-enter,paced,0,Enter Shift+Tab,none | none | @button:Add attachment,0,0,Enter>button:Add attachment[none|f=button:Add attachment|h=None]@22.2 ; Shift+Tab>menuitem:File[menu×1|f=menuitem:File|h=File]@365.2
chromium-dark-desktop › orbit-menu-sample menu-enter-shift-tab paced sample 1,orbit-menu-sample,menu,menu-enter-shift-tab,menu-enter,paced,1,Enter Shift+Tab,none | none | @button:Add attachment,0,0,Enter>button:Add attachment[none|f=button:Add attachment|h=None]@32.4 ; Shift+Tab>menuitem:File[menu×1|f=menuitem:File|h=File]@366.7
chromium-dark-desktop › orbit-menu-sample menu-enter-shift-tab paced sample 2,orbit-menu-sample,menu,menu-enter-shift-tab,menu-enter,paced,2,Enter Shift+Tab,none | none | @button:Add attachment,0,0,Enter>button:Add attachment[none|f=button:Add attachment|h=None]@34.3 ; Shift+Tab>menuitem:File[menu×1|f=menuitem:File|h=File]@367.2
chromium-dark-desktop › orbit-menu-sample menu-enter-shift-tab paced sample 3,orbit-menu-sample,menu,menu-enter-shift-tab,menu-enter,paced,3,Enter Shift+Tab,none | none | @button:Add attachment,0,0,Enter>button:Add attachment[none|f=button:Add attachment|h=None]@23.4 ; Shift+Tab>menuitem:File[menu×1|f=menuitem:File|h=File]@365.6
chromium-dark-desktop › orbit-menu-sample menu-enter-shift-tab paced sample 4,orbit-menu-sample,menu,menu-enter-shift-tab,menu-enter,paced,4,Enter Shift+Tab,none | none | @button:Add attachment,0,0,Enter>button:Add attachment[none|f=button:Add attachment|h=None]@29.2 ; Shift+Tab>menuitem:File[menu×1|f=menuitem:File|h=File]@434.7
chromium-dark-desktop › orbit-menu-sample menu-enter-shift-tab paced sample 5,orbit-menu-sample,menu,menu-enter-shift-tab,menu-enter,paced,5,Enter Shift+Tab,none | none | @button:Add attachment,0,0,Enter>button:Add attachment[none|f=button:Add attachment|h=None]@35.9 ; Shift+Tab>menuitem:File[menu×1|f=menuitem:File|h=File]@379.6
chromium-dark-desktop › orbit-menu-sample menu-enter-shift-tab paced sample 6,orbit-menu-sample,menu,menu-enter-shift-tab,menu-enter,paced,6,Enter Shift+Tab,none | none | @button:Add attachment,0,0,Enter>button:Add attachment[none|f=button:Add attachment|h=None]@20.8 ; Shift+Tab>menuitem:File[menu×1|f=menuitem:File|h=File]@369
chromium-dark-desktop › orbit-menu-sample menu-enter-shift-tab paced sample 7,orbit-menu-sample,menu,menu-enter-shift-tab,menu-enter,paced,7,Enter Shift+Tab,none | none | @button:Add attachment,0,0,Enter>button:Add attachment[none|f=button:Add attachment|h=None]@33 ; Shift+Tab>menuitem:File[menu×1|f=menuitem:File|h=File]@382.7
chromium-dark-desktop › orbit-menu-sample menu-enter-shift-tab paced sample 8,orbit-menu-sample,menu,menu-enter-shift-tab,menu-enter,paced,8,Enter Shift+Tab,none | none | @button:Add attachment,0,0,Enter>button:Add attachment[none|f=button:Add attachment|h=None]@18.7 ; Shift+Tab>menuitem:File[menu×1|f=menuitem:File|h=File]@356.5
chromium-dark-desktop › orbit-menu-sample menu-enter-shift-tab paced sample 9,orbit-menu-sample,menu,menu-enter-shift-tab,menu-enter,paced,9,Enter Shift+Tab,none | none | @button:Add attachment,0,0,Enter>button:Add attachment[none|f=button:Add attachment|h=None]@9.8 ; Shift+Tab>menuitem:File[menu×1|f=menuitem:File|h=File]@368.6
chromium-dark-desktop › orbit-menu-sample menu-enter-shift-tab paced sample 10,orbit-menu-sample,menu,menu-enter-shift-tab,menu-enter,paced,10,Enter Shift+Tab,none | none | @button:Add attachment,0,0,Enter>button:Add attachment[none|f=button:Add attachment|h=None]@25.4 ; Shift+Tab>menuitem:File[menu×1|f=menuitem:File|h=File]@368.1
chromium-dark-desktop › orbit-menu-sample menu-enter-shift-tab paced sample 11,orbit-menu-sample,menu,menu-enter-shift-tab,menu-enter,paced,11,Enter Shift+Tab,none | none | @button:Add attachment,0,0,Enter>button:Add attachment[none|f=button:Add attachment|h=None]@29.1 ; Shift+Tab>menuitem:File[menu×1|f=menuitem:File|h=File]@383
chromium-dark-desktop › orbit-menu-sample menu-enter-shift-tab paced sample 12,orbit-menu-sample,menu,menu-enter-shift-tab,menu-enter,paced,12,Enter Shift+Tab,none | none | @button:Add attachment,0,0,Enter>button:Add attachment[none|f=button:Add attachment|h=None]@22.2 ; Shift+Tab>menuitem:File[menu×1|f=menuitem:File|h=File]@356.7
chromium-dark-desktop › orbit-menu-sample menu-enter-shift-tab paced sample 13,orbit-menu-sample,menu,menu-enter-shift-tab,menu-enter,paced,13,Enter Shift+Tab,none | none | @button:Add attachment,0,0,Enter>button:Add attachment[none|f=button:Add attachment|h=None]@23.3 ; Shift+Tab>menuitem:File[menu×1|f=menuitem:File|h=File]@378.2
chromium-dark-desktop › orbit-menu-sample menu-enter-shift-tab paced sample 14,orbit-menu-sample,menu,menu-enter-shift-tab,menu-enter,paced,14,Enter Shift+Tab,none | none | @button:Add attachment,0,0,Enter>button:Add attachment[none|f=button:Add attachment|h=None]@29.7 ; Shift+Tab>menuitem:File[menu×1|f=menuitem:File|h=File]@386.7
chromium-dark-desktop › orbit-menu-sample menu-enter-shift-tab paced sample 15,orbit-menu-sample,menu,menu-enter-shift-tab,menu-enter,paced,15,Enter Shift+Tab,none | none | @button:Add attachment,0,0,Enter>button:Add attachment[none|f=button:Add attachment|h=None]@26.1 ; Shift+Tab>menuitem:File[menu×1|f=menuitem:File|h=File]@376.1
chromium-dark-desktop › orbit-menu-sample menu-enter-shift-tab paced sample 16,orbit-menu-sample,menu,menu-enter-shift-tab,menu-enter,paced,16,Enter Shift+Tab,none | none | @button:Add attachment,0,0,Enter>button:Add attachment[none|f=button:Add attachment|h=None]@27.7 ; Shift+Tab>menuitem:File[menu×1|f=menuitem:File|h=File]@374.7
chromium-dark-desktop › orbit-menu-sample menu-enter-shift-tab paced sample 17,orbit-menu-sample,menu,menu-enter-shift-tab,menu-enter,paced,17,Enter Shift+Tab,none | none | @button:Add attachment,0,0,Enter>button:Add attachment[none|f=button:Add attachment|h=None]@41.8 ; Shift+Tab>menuitem:File[menu×1|f=menuitem:File|h=File]@399.8
chromium-dark-desktop › orbit-menu-sample menu-enter-shift-tab paced sample 18,orbit-menu-sample,menu,menu-enter-shift-tab,menu-enter,paced,18,Enter Shift+Tab,none | none | @button:Add attachment,0,0,Enter>button:Add attachment[none|f=button:Add attachment|h=None]@34 ; Shift+Tab>menuitem:File[menu×1|f=menuitem:File|h=File]@364.9
chromium-dark-desktop › orbit-menu-sample menu-enter-shift-tab paced sample 19,orbit-menu-sample,menu,menu-enter-shift-tab,menu-enter,paced,19,Enter Shift+Tab,none | none | @button:Add attachment,0,0,Enter>button:Add attachment[none|f=button:Add attachment|h=None]@19.2 ; Shift+Tab>menuitem:File[menu×1|f=menuitem:File|h=File]@376.5
chromium-dark-desktop › orbit-menu menu-enter-shift-tab-enter burst sample 0,orbit-menu,menu,menu-enter-shift-tab-enter,menu-enter-enter,burst,0,Enter Shift+Tab Enter,none | menu×1 | @menuitem:File,1,1,Enter>button:Add attachment[none|f=button:Add attachment|h=None]@19.9 ; Shift+Tab>button:Add attachment[menu×1|f=button:Add attachment|h=File]@53 ; Shift+Tab*>menuitem:File[menu×1|f=button:Add attachment|h=File]@53.2 ; Enter>button:Add attachment[menu×1|f=button:Add attachment|h=None]@68.9
chromium-dark-desktop › orbit-menu menu-enter-shift-tab-enter burst sample 1,orbit-menu,menu,menu-enter-shift-tab-enter,menu-enter-enter,burst,1,Enter Shift+Tab Enter,none | menu×1 | @menuitem:File,1,1,Enter>button:Add attachment[none|f=button:Add attachment|h=None]@26.6 ; Shift+Tab>button:Add attachment[menu×1|f=button:Add attachment|h=File]@72.5 ; Shift+Tab*>menuitem:File[menu×1|f=button:Add attachment|h=File]@72.6 ; Enter>button:Add attachment[menu×1|f=button:Add attachment|h=None]@84.5
chromium-dark-desktop › orbit-menu menu-enter-shift-tab-enter burst sample 2,orbit-menu,menu,menu-enter-shift-tab-enter,menu-enter-enter,burst,2,Enter Shift+Tab Enter,none | menu×1 | @menuitem:File,1,1,Enter>button:Add attachment[none|f=button:Add attachment|h=None]@26.5 ; Shift+Tab>button:Add attachment[menu×1|f=button:Add attachment|h=File]@55.1 ; Shift+Tab*>menuitem:File[menu×1|f=button:Add attachment|h=File]@55.1 ; Enter>button:Add attachment[menu×1|f=button:Add attachment|h=None]@64.8
chromium-dark-desktop › orbit-menu menu-enter-shift-tab-enter burst sample 3,orbit-menu,menu,menu-enter-shift-tab-enter,menu-enter-enter,burst,3,Enter Shift+Tab Enter,none | menu×1 | @menuitem:File,1,1,Enter>button:Add attachment[none|f=button:Add attachment|h=None]@38.5 ; Shift+Tab>button:Add attachment[menu×1|f=button:Add attachment|h=File]@69.8 ; Shift+Tab*>menuitem:File[menu×1|f=button:Add attachment|h=File]@69.8 ; Enter>button:Add attachment[menu×1|f=button:Add attachment|h=None]@82.8
chromium-dark-desktop › orbit-menu menu-enter-shift-tab-enter burst sample 4,orbit-menu,menu,menu-enter-shift-tab-enter,menu-enter-enter,burst,4,Enter Shift+Tab Enter,none | menu×1 | @menuitem:File,1,1,Enter>button:Add attachment[none|f=button:Add attachment|h=None]@12.1 ; Shift+Tab>button:Add attachment[menu×1|f=button:Add attachment|h=File]@45.8 ; Shift+Tab*>menuitem:File[menu×1|f=button:Add attachment|h=File]@45.9 ; Enter>button:Add attachment[menu×1|f=button:Add attachment|h=None]@60.5
chromium-dark-desktop › orbit-menu menu-enter-shift-tab-enter burst sample 5,orbit-menu,menu,menu-enter-shift-tab-enter,menu-enter-enter,burst,5,Enter Shift+Tab Enter,none | menu×1 | @menuitem:File,1,1,Enter>button:Add attachment[none|f=button:Add attachment|h=None]@24.1 ; Shift+Tab>button:Add attachment[menu×1|f=button:Add attachment|h=File]@44.2 ; Shift+Tab*>menuitem:File[menu×1|f=button:Add attachment|h=File]@44.4 ; Enter>button:Add attachment[menu×1|f=button:Add attachment|h=None]@53.4
chromium-dark-desktop › orbit-menu menu-enter-shift-tab-enter burst sample 6,orbit-menu,menu,menu-enter-shift-tab-enter,menu-enter-enter,burst,6,Enter Shift+Tab Enter,none | menu×1 | @menuitem:File,1,1,Enter>button:Add attachment[none|f=button:Add attachment|h=None]@20.3 ; Shift+Tab>button:Add attachment[menu×1|f=button:Add attachment|h=File]@53.2 ; Shift+Tab*>menuitem:File[menu×1|f=button:Add attachment|h=File]@53.3 ; Enter>button:Add attachment[menu×1|f=button:Add attachment|h=None]@67
chromium-dark-desktop › orbit-menu menu-enter-shift-tab-enter burst sample 7,orbit-menu,menu,menu-enter-shift-tab-enter,menu-enter-enter,burst,7,Enter Shift+Tab Enter,none | menu×1 | @menuitem:File,1,1,Enter>button:Add attachment[none|f=button:Add attachment|h=None]@21.4 ; Shift+Tab>button:Add attachment[menu×1|f=button:Add attachment|h=File]@58.7 ; Shift+Tab*>menuitem:File[menu×1|f=button:Add attachment|h=File]@58.9 ; Enter>button:Add attachment[menu×1|f=button:Add attachment|h=None]@68.4
chromium-dark-desktop › orbit-menu menu-enter-shift-tab-enter burst sample 8,orbit-menu,menu,menu-enter-shift-tab-enter,menu-enter-enter,burst,8,Enter Shift+Tab Enter,none | menu×1 | @menuitem:File,1,1,Enter>button:Add attachment[none|f=button:Add attachment|h=None]@30.2 ; Shift+Tab>button:Add attachment[menu×1|f=button:Add attachment|h=File]@61.1 ; Shift+Tab*>menuitem:File[menu×1|f=button:Add attachment|h=File]@61.3 ; Enter>button:Add attachment[menu×1|f=button:Add attachment|h=None]@73.8
chromium-dark-desktop › orbit-menu menu-enter-shift-tab-enter burst sample 9,orbit-menu,menu,menu-enter-shift-tab-enter,menu-enter-enter,burst,9,Enter Shift+Tab Enter,none | menu×1 | @menuitem:File,1,1,Enter>button:Add attachment[none|f=button:Add attachment|h=None]@41.6 ; Shift+Tab>button:Add attachment[menu×1|f=button:Add attachment|h=File]@129.4 ; Shift+Tab*>menuitem:File[menu×1|f=button:Add attachment|h=File]@129.6 ; Enter>button:Add attachment[menu×1|f=button:Add attachment|h=None]@158.5
chromium-dark-desktop › orbit-menu menu-enter-shift-tab-enter burst sample 10,orbit-menu,menu,menu-enter-shift-tab-enter,menu-enter-enter,burst,10,Enter Shift+Tab Enter,none | menu×1 | @menuitem:File,1,1,Enter>button:Add attachment[none|f=button:Add attachment|h=None]@26.4 ; Shift+Tab>button:Add attachment[menu×1|f=button:Add attachment|h=File]@56.1 ; Shift+Tab*>menuitem:File[menu×1|f=button:Add attachment|h=File]@56.2 ; Enter>button:Add attachment[menu×1|f=button:Add attachment|h=None]@133.9
chromium-dark-desktop › orbit-menu menu-enter-shift-tab-enter burst sample 11,orbit-menu,menu,menu-enter-shift-tab-enter,menu-enter-enter,burst,11,Enter Shift+Tab Enter,none | menu×1 | @menuitem:File,1,1,Enter>button:Add attachment[none|f=button:Add attachment|h=None]@30.6 ; Shift+Tab>button:Add attachment[menu×1|f=button:Add attachment|h=File]@98.9 ; Shift+Tab*>menuitem:File[menu×1|f=button:Add attachment|h=File]@99.1 ; Enter>button:Add attachment[menu×1|f=button:Add attachment|h=None]@146.2
chromium-dark-desktop › orbit-menu menu-enter-shift-tab-enter burst sample 12,orbit-menu,menu,menu-enter-shift-tab-enter,menu-enter-enter,burst,12,Enter Shift+Tab Enter,none | menu×1 | @menuitem:File,1,1,Enter>button:Add attachment[none|f=button:Add attachment|h=None]@18.6 ; Shift+Tab>button:Add attachment[menu×1|f=button:Add attachment|h=File]@97.4 ; Shift+Tab*>menuitem:File[menu×1|f=button:Add attachment|h=File]@97.5 ; Enter>button:Add attachment[menu×1|f=button:Add attachment|h=None]@124.4
chromium-dark-desktop › orbit-menu menu-enter-shift-tab-enter burst sample 13,orbit-menu,menu,menu-enter-shift-tab-enter,menu-enter-enter,burst,13,Enter Shift+Tab Enter,none | menu×1 | @menuitem:File,1,1,Enter>button:Add attachment[none|f=button:Add attachment|h=None]@25.4 ; Shift+Tab>button:Add attachment[menu×1|f=button:Add attachment|h=File]@99.5 ; Shift+Tab*>menuitem:File[menu×1|f=button:Add attachment|h=File]@100.5 ; Enter>button:Add attachment[menu×1|f=button:Add attachment|h=None]@133.9
chromium-dark-desktop › orbit-menu menu-enter-shift-tab-enter burst sample 14,orbit-menu,menu,menu-enter-shift-tab-enter,menu-enter-enter,burst,14,Enter Shift+Tab Enter,none | menu×1 | @menuitem:File,1,1,Enter>button:Add attachment[none|f=button:Add attachment|h=None]@328.2 ; Shift+Tab>button:Add attachment[menu×1|f=button:Add attachment|h=File]@664.5 ; Shift+Tab*>menuitem:File[menu×1|f=button:Add attachment|h=File]@664.5 ; Enter>button:Add attachment[menu×1|f=button:Add attachment|h=None]@821.4
chromium-dark-desktop › orbit-menu menu-enter-shift-tab-enter burst sample 15,orbit-menu,menu,menu-enter-shift-tab-enter,menu-enter-enter,burst,15,Enter Shift+Tab Enter,none | menu×1 | @menuitem:File,1,1,Enter>button:Add attachment[none|f=button:Add attachment|h=None]@23.1 ; Shift+Tab>button:Add attachment[menu×1|f=button:Add attachment|h=File]@67.2 ; Shift+Tab*>menuitem:File[menu×1|f=button:Add attachment|h=File]@67.5 ; Enter>button:Add attachment[menu×1|f=button:Add attachment|h=None]@90.3
chromium-dark-desktop › orbit-menu menu-enter-shift-tab-enter burst sample 16,orbit-menu,menu,menu-enter-shift-tab-enter,menu-enter-enter,burst,16,Enter Shift+Tab Enter,none | menu×1 | @menuitem:File,1,1,Enter>button:Add attachment[none|f=button:Add attachment|h=None]@19.9 ; Shift+Tab>button:Add attachment[menu×1|f=button:Add attachment|h=File]@79.5 ; Shift+Tab*>menuitem:File[menu×1|f=button:Add attachment|h=File]@79.6 ; Enter>button:Add attachment[menu×1|f=button:Add attachment|h=None]@104.9
chromium-dark-desktop › orbit-menu menu-enter-shift-tab-enter burst sample 17,orbit-menu,menu,menu-enter-shift-tab-enter,menu-enter-enter,burst,17,Enter Shift+Tab Enter,none | menu×1 | @menuitem:File,1,1,Enter>button:Add attachment[none|f=button:Add attachment|h=None]@42.3 ; Shift+Tab>button:Add attachment[menu×1|f=button:Add attachment|h=File]@86.1 ; Shift+Tab*>menuitem:File[menu×1|f=button:Add attachment|h=File]@86.2 ; Enter>button:Add attachment[menu×1|f=button:Add attachment|h=None]@145.1
chromium-dark-desktop › orbit-menu menu-enter-shift-tab-enter burst sample 18,orbit-menu,menu,menu-enter-shift-tab-enter,menu-enter-enter,burst,18,Enter Shift+Tab Enter,none | menu×1 | @menuitem:File,1,1,Enter>button:Add attachment[none|f=button:Add attachment|h=None]@28.4 ; Shift+Tab>button:Add attachment[menu×1|f=button:Add attachment|h=File]@88.7 ; Shift+Tab*>menuitem:File[menu×1|f=button:Add attachment|h=File]@89 ; Enter>button:Add attachment[menu×1|f=button:Add attachment|h=None]@103.4
chromium-dark-desktop › orbit-menu menu-enter-shift-tab-enter burst sample 19,orbit-menu,menu,menu-enter-shift-tab-enter,menu-enter-enter,burst,19,Enter Shift+Tab Enter,none | menu×1 | @menuitem:File,1,1,Enter>button:Add attachment[none|f=button:Add attachment|h=None]@40.1 ; Shift+Tab>button:Add attachment[menu×1|f=button:Add attachment|h=File]@80.1 ; Shift+Tab*>menuitem:File[menu×1|f=button:Add attachment|h=File]@80.2 ; Enter>button:Add attachment[menu×1|f=button:Add attachment|h=None]@98.4
chromium-dark-desktop › orbit-menu menu-enter-shift-tab-enter paced sample 0,orbit-menu,menu,menu-enter-shift-tab-enter,menu-enter-enter,paced,0,Enter Shift+Tab Enter,none | menu×1 | @menuitem:File,0,0,Enter>button:Add attachment[none|f=button:Add attachment|h=None]@51.7 ; Shift+Tab>menuitem:File[menu×1|f=menuitem:File|h=File]@418.4 ; Enter>button:Add attachment[none|f=button:Add attachment|h=None]@758.6
chromium-dark-desktop › orbit-menu menu-enter-shift-tab-enter paced sample 1,orbit-menu,menu,menu-enter-shift-tab-enter,menu-enter-enter,paced,1,Enter Shift+Tab Enter,none | menu×1 | @menuitem:File,0,0,Enter>button:Add attachment[none|f=button:Add attachment|h=None]@21.4 ; Shift+Tab>menuitem:File[menu×1|f=menuitem:File|h=File]@387.8 ; Enter>button:Add attachment[none|f=button:Add attachment|h=None]@766.1
chromium-dark-desktop › orbit-menu menu-enter-shift-tab-enter paced sample 2,orbit-menu,menu,menu-enter-shift-tab-enter,menu-enter-enter,paced,2,Enter Shift+Tab Enter,none | menu×1 | @menuitem:File,0,0,Enter>button:Add attachment[none|f=button:Add attachment|h=None]@15.3 ; Shift+Tab>menuitem:File[menu×1|f=menuitem:File|h=File]@365.4 ; Enter>button:Add attachment[none|f=button:Add attachment|h=None]@715.2
chromium-dark-desktop › orbit-menu menu-enter-shift-tab-enter paced sample 3,orbit-menu,menu,menu-enter-shift-tab-enter,menu-enter-enter,paced,3,Enter Shift+Tab Enter,none | menu×1 | @menuitem:File,0,0,Enter>button:Add attachment[none|f=button:Add attachment|h=None]@13.7 ; Shift+Tab>menuitem:File[menu×1|f=menuitem:File|h=File]@364.1 ; Enter>button:Add attachment[none|f=button:Add attachment|h=None]@714.3
chromium-dark-desktop › orbit-menu menu-enter-shift-tab-enter paced sample 4,orbit-menu,menu,menu-enter-shift-tab-enter,menu-enter-enter,paced,4,Enter Shift+Tab Enter,none | menu×1 | @menuitem:File,0,0,Enter>button:Add attachment[none|f=button:Add attachment|h=None]@23.9 ; Shift+Tab>menuitem:File[menu×1|f=menuitem:File|h=File]@365.2 ; Enter>button:Add attachment[none|f=button:Add attachment|h=None]@699
chromium-dark-desktop › orbit-menu menu-enter-shift-tab-enter paced sample 5,orbit-menu,menu,menu-enter-shift-tab-enter,menu-enter-enter,paced,5,Enter Shift+Tab Enter,none | menu×1 | @menuitem:File,0,0,Enter>button:Add attachment[none|f=button:Add attachment|h=None]@42.2 ; Shift+Tab>menuitem:File[menu×1|f=menuitem:File|h=File]@407.3 ; Enter>button:Add attachment[none|f=button:Add attachment|h=None]@732.1
chromium-dark-desktop › orbit-menu menu-enter-shift-tab-enter paced sample 6,orbit-menu,menu,menu-enter-shift-tab-enter,menu-enter-enter,paced,6,Enter Shift+Tab Enter,none | menu×1 | @menuitem:File,0,0,Enter>button:Add attachment[none|f=button:Add attachment|h=None]@24.7 ; Shift+Tab>menuitem:File[menu×1|f=menuitem:File|h=File]@375.9 ; Enter>button:Add attachment[none|f=button:Add attachment|h=None]@730.4
chromium-dark-desktop › orbit-menu menu-enter-shift-tab-enter paced sample 7,orbit-menu,menu,menu-enter-shift-tab-enter,menu-enter-enter,paced,7,Enter Shift+Tab Enter,none | menu×1 | @menuitem:File,0,0,Enter>button:Add attachment[none|f=button:Add attachment|h=None]@25.9 ; Shift+Tab>menuitem:File[menu×1|f=menuitem:File|h=File]@373.4 ; Enter>button:Add attachment[none|f=button:Add attachment|h=None]@726.7
chromium-dark-desktop › orbit-menu menu-enter-shift-tab-enter paced sample 8,orbit-menu,menu,menu-enter-shift-tab-enter,menu-enter-enter,paced,8,Enter Shift+Tab Enter,none | menu×1 | @menuitem:File,0,0,Enter>button:Add attachment[none|f=button:Add attachment|h=None]@40.7 ; Shift+Tab>menuitem:File[menu×1|f=menuitem:File|h=File]@512.4 ; Enter>button:Add attachment[none|f=button:Add attachment|h=None]@857.9
chromium-dark-desktop › orbit-menu menu-enter-shift-tab-enter paced sample 9,orbit-menu,menu,menu-enter-shift-tab-enter,menu-enter-enter,paced,9,Enter Shift+Tab Enter,none | menu×1 | @menuitem:File,0,0,Enter>button:Add attachment[none|f=button:Add attachment|h=None]@24.1 ; Shift+Tab>menuitem:File[menu×1|f=menuitem:File|h=File]@371.4 ; Enter>button:Add attachment[none|f=button:Add attachment|h=None]@700.1
chromium-dark-desktop › orbit-menu menu-enter-shift-tab-enter paced sample 10,orbit-menu,menu,menu-enter-shift-tab-enter,menu-enter-enter,paced,10,Enter Shift+Tab Enter,none | menu×1 | @menuitem:File,0,0,Enter>button:Add attachment[none|f=button:Add attachment|h=None]@14.8 ; Shift+Tab>menuitem:File[menu×1|f=menuitem:File|h=File]@368 ; Enter>button:Add attachment[none|f=button:Add attachment|h=None]@712.2
chromium-dark-desktop › orbit-menu menu-enter-shift-tab-enter paced sample 11,orbit-menu,menu,menu-enter-shift-tab-enter,menu-enter-enter,paced,11,Enter Shift+Tab Enter,none | menu×1 | @menuitem:File,0,0,Enter>button:Add attachment[none|f=button:Add attachment|h=None]@23.5 ; Shift+Tab>menuitem:File[menu×1|f=menuitem:File|h=File]@374.5 ; Enter>button:Add attachment[none|f=button:Add attachment|h=None]@719.3
chromium-dark-desktop › orbit-menu menu-enter-shift-tab-enter paced sample 12,orbit-menu,menu,menu-enter-shift-tab-enter,menu-enter-enter,paced,12,Enter Shift+Tab Enter,none | menu×1 | @menuitem:File,0,0,Enter>button:Add attachment[none|f=button:Add attachment|h=None]@23.8 ; Shift+Tab>menuitem:File[menu×1|f=menuitem:File|h=File]@383 ; Enter>button:Add attachment[none|f=button:Add attachment|h=None]@721.8
chromium-dark-desktop › orbit-menu menu-enter-shift-tab-enter paced sample 13,orbit-menu,menu,menu-enter-shift-tab-enter,menu-enter-enter,paced,13,Enter Shift+Tab Enter,none | menu×1 | @menuitem:File,0,0,Enter>button:Add attachment[none|f=button:Add attachment|h=None]@28.5 ; Shift+Tab>menuitem:File[menu×1|f=menuitem:File|h=File]@426.6 ; Enter>button:Add attachment[none|f=button:Add attachment|h=None]@798.7
chromium-dark-desktop › orbit-menu menu-enter-shift-tab-enter paced sample 14,orbit-menu,menu,menu-enter-shift-tab-enter,menu-enter-enter,paced,14,Enter Shift+Tab Enter,none | menu×1 | @menuitem:File,0,0,Enter>button:Add attachment[none|f=button:Add attachment|h=None]@24.5 ; Shift+Tab>menuitem:File[menu×1|f=menuitem:File|h=File]@363.9 ; Enter>button:Add attachment[none|f=button:Add attachment|h=None]@686
chromium-dark-desktop › orbit-menu menu-enter-shift-tab-enter paced sample 15,orbit-menu,menu,menu-enter-shift-tab-enter,menu-enter-enter,paced,15,Enter Shift+Tab Enter,none | menu×1 | @menuitem:File,0,0,Enter>button:Add attachment[none|f=button:Add attachment|h=None]@19.1 ; Shift+Tab>menuitem:File[menu×1|f=menuitem:File|h=File]@363.8 ; Enter>button:Add attachment[none|f=button:Add attachment|h=None]@687.8
chromium-dark-desktop › orbit-menu menu-enter-shift-tab-enter paced sample 16,orbit-menu,menu,menu-enter-shift-tab-enter,menu-enter-enter,paced,16,Enter Shift+Tab Enter,none | menu×1 | @menuitem:File,0,0,Enter>button:Add attachment[none|f=button:Add attachment|h=None]@35.4 ; Shift+Tab>menuitem:File[menu×1|f=menuitem:File|h=File]@412 ; Enter>button:Add attachment[none|f=button:Add attachment|h=None]@741
chromium-dark-desktop › orbit-menu menu-enter-shift-tab-enter paced sample 17,orbit-menu,menu,menu-enter-shift-tab-enter,menu-enter-enter,paced,17,Enter Shift+Tab Enter,none | menu×1 | @menuitem:File,0,0,Enter>button:Add attachment[none|f=button:Add attachment|h=None]@28.9 ; Shift+Tab>menuitem:File[menu×1|f=menuitem:File|h=File]@390.1 ; Enter>button:Add attachment[none|f=button:Add attachment|h=None]@720.6
chromium-dark-desktop › orbit-menu menu-enter-shift-tab-enter paced sample 18,orbit-menu,menu,menu-enter-shift-tab-enter,menu-enter-enter,paced,18,Enter Shift+Tab Enter,none | menu×1 | @menuitem:File,0,0,Enter>button:Add attachment[none|f=button:Add attachment|h=None]@32.8 ; Shift+Tab>menuitem:File[menu×1|f=menuitem:File|h=File]@488.2 ; Enter>button:Add attachment[none|f=button:Add attachment|h=None]@844.4
chromium-dark-desktop › orbit-menu menu-enter-shift-tab-enter paced sample 19,orbit-menu,menu,menu-enter-shift-tab-enter,menu-enter-enter,paced,19,Enter Shift+Tab Enter,none | menu×1 | @menuitem:File,0,0,Enter>button:Add attachment[none|f=button:Add attachment|h=None]@24.7 ; Shift+Tab>menuitem:File[menu×1|f=menuitem:File|h=File]@355.7 ; Enter>button:Add attachment[none|f=button:Add attachment|h=None]@715.7
chromium-dark-desktop › orbit-menu-sample menu-enter-shift-tab-enter burst sample 0,orbit-menu-sample,menu,menu-enter-shift-tab-enter,menu-enter-enter,burst,0,Enter Shift+Tab Enter,none | menu×1 | @menuitem:File,1,1,Enter>button:Add attachment[none|f=button:Add attachment|h=None]@20.8 ; Shift+Tab>button:Add attachment[menu×1|f=button:Add attachment|h=File]@49.2 ; Shift+Tab*>menuitem:File[menu×1|f=button:Add attachment|h=File]@49.3 ; Enter>button:Add attachment[menu×1|f=button:Add attachment|h=None]@60
chromium-dark-desktop › orbit-menu-sample menu-enter-shift-tab-enter burst sample 1,orbit-menu-sample,menu,menu-enter-shift-tab-enter,menu-enter-enter,burst,1,Enter Shift+Tab Enter,none | menu×1 | @menuitem:File,1,1,Enter>button:Add attachment[none|f=button:Add attachment|h=None]@20.8 ; Shift+Tab>button:Add attachment[menu×1|f=button:Add attachment|h=File]@54.9 ; Shift+Tab*>menuitem:File[menu×1|f=button:Add attachment|h=File]@55 ; Enter>button:Add attachment[menu×1|f=button:Add attachment|h=None]@67.1
chromium-dark-desktop › orbit-menu-sample menu-enter-shift-tab-enter burst sample 2,orbit-menu-sample,menu,menu-enter-shift-tab-enter,menu-enter-enter,burst,2,Enter Shift+Tab Enter,none | menu×1 | @menuitem:File,1,1,Enter>button:Add attachment[none|f=button:Add attachment|h=None]@30.9 ; Shift+Tab>button:Add attachment[menu×1|f=button:Add attachment|h=File]@75.2 ; Shift+Tab*>menuitem:File[menu×1|f=button:Add attachment|h=File]@75.4 ; Enter>button:Add attachment[menu×1|f=button:Add attachment|h=None]@160.2
chromium-dark-desktop › orbit-menu-sample menu-enter-shift-tab-enter burst sample 3,orbit-menu-sample,menu,menu-enter-shift-tab-enter,menu-enter-enter,burst,3,Enter Shift+Tab Enter,none | menu×1 | @menuitem:File,1,1,Enter>button:Add attachment[none|f=button:Add attachment|h=None]@42.4 ; Shift+Tab>button:Add attachment[menu×1|f=button:Add attachment|h=File]@125.1 ; Shift+Tab*>menuitem:File[menu×1|f=button:Add attachment|h=File]@125.4 ; Enter>button:Add attachment[menu×1|f=button:Add attachment|h=None]@158.1
chromium-dark-desktop › orbit-menu-sample menu-enter-shift-tab-enter burst sample 4,orbit-menu-sample,menu,menu-enter-shift-tab-enter,menu-enter-enter,burst,4,Enter Shift+Tab Enter,none | menu×1 | @menuitem:File,1,1,Enter>button:Add attachment[none|f=button:Add attachment|h=None]@16.3 ; Shift+Tab>button:Add attachment[menu×1|f=button:Add attachment|h=File]@92.3 ; Shift+Tab*>menuitem:File[menu×1|f=button:Add attachment|h=File]@98.1 ; Enter>button:Add attachment[menu×1|f=button:Add attachment|h=None]@109.7
chromium-dark-desktop › orbit-menu-sample menu-enter-shift-tab-enter burst sample 5,orbit-menu-sample,menu,menu-enter-shift-tab-enter,menu-enter-enter,burst,5,Enter Shift+Tab Enter,none | menu×1 | @menuitem:File,1,1,Enter>button:Add attachment[none|f=button:Add attachment|h=None]@286.5 ; Shift+Tab>button:Add attachment[menu×1|f=button:Add attachment|h=File]@383 ; Shift+Tab*>menuitem:File[menu×1|f=button:Add attachment|h=File]@383.6 ; Enter>button:Add attachment[menu×1|f=button:Add attachment|h=None]@490
chromium-dark-desktop › orbit-menu-sample menu-enter-shift-tab-enter burst sample 6,orbit-menu-sample,menu,menu-enter-shift-tab-enter,menu-enter-enter,burst,6,Enter Shift+Tab Enter,none | menu×1 | @menuitem:File,1,1,Enter>button:Add attachment[none|f=button:Add attachment|h=None]@371.2 ; Shift+Tab>button:Add attachment[menu×1|f=button:Add attachment|h=File]@559.2 ; Shift+Tab*>menuitem:File[menu×1|f=button:Add attachment|h=File]@562.2 ; Enter>button:Add attachment[menu×1|f=button:Add attachment|h=None]@593
chromium-dark-desktop › orbit-menu-sample menu-enter-shift-tab-enter burst sample 7,orbit-menu-sample,menu,menu-enter-shift-tab-enter,menu-enter-enter,burst,7,Enter Shift+Tab Enter,none | menu×1 | @menuitem:File,1,1,Enter>button:Add attachment[none|f=button:Add attachment|h=None]@44.3 ; Shift+Tab>button:Add attachment[menu×1|f=button:Add attachment|h=File]@104.2 ; Shift+Tab*>menuitem:File[menu×1|f=button:Add attachment|h=File]@105.2 ; Enter>button:Add attachment[menu×1|f=button:Add attachment|h=None]@132.7
chromium-dark-desktop › orbit-menu-sample menu-enter-shift-tab-enter burst sample 8,orbit-menu-sample,menu,menu-enter-shift-tab-enter,menu-enter-enter,burst,8,Enter Shift+Tab Enter,none | menu×1 | @menuitem:File,1,1,Enter>button:Add attachment[none|f=button:Add attachment|h=None]@85.8 ; Shift+Tab>button:Add attachment[menu×1|f=button:Add attachment|h=File]@183.8 ; Shift+Tab*>menuitem:File[menu×1|f=button:Add attachment|h=File]@184.6 ; Enter>button:Add attachment[menu×1|f=button:Add attachment|h=None]@232.1
chromium-dark-desktop › orbit-menu-sample menu-enter-shift-tab-enter burst sample 9,orbit-menu-sample,menu,menu-enter-shift-tab-enter,menu-enter-enter,burst,9,Enter Shift+Tab Enter,none | menu×1 | @menuitem:File,1,1,Enter>button:Add attachment[none|f=button:Add attachment|h=None]@87.8 ; Shift+Tab>button:Add attachment[menu×1|f=button:Add attachment|h=File]@164.2 ; Shift+Tab*>menuitem:File[menu×1|f=button:Add attachment|h=File]@164.7 ; Enter>button:Add attachment[menu×1|f=button:Add attachment|h=None]@196.2
chromium-dark-desktop › orbit-menu-sample menu-enter-shift-tab-enter burst sample 10,orbit-menu-sample,menu,menu-enter-shift-tab-enter,menu-enter-enter,burst,10,Enter Shift+Tab Enter,none | menu×1 | @menuitem:File,1,1,Enter>button:Add attachment[none|f=button:Add attachment|h=None]@41.9 ; Shift+Tab>button:Add attachment[menu×1|f=button:Add attachment|h=File]@76 ; Shift+Tab*>menuitem:File[menu×1|f=button:Add attachment|h=File]@76.1 ; Enter>button:Add attachment[menu×1|f=button:Add attachment|h=None]@103.1
chromium-dark-desktop › orbit-menu-sample menu-enter-shift-tab-enter burst sample 11,orbit-menu-sample,menu,menu-enter-shift-tab-enter,menu-enter-enter,burst,11,Enter Shift+Tab Enter,none | menu×1 | @menuitem:File,1,1,Enter>button:Add attachment[none|f=button:Add attachment|h=None]@27.7 ; Shift+Tab>button:Add attachment[menu×1|f=button:Add attachment|h=File]@116.1 ; Shift+Tab*>menuitem:File[menu×1|f=button:Add attachment|h=File]@123.3 ; Enter>button:Add attachment[menu×1|f=button:Add attachment|h=None]@139.8
chromium-dark-desktop › orbit-menu-sample menu-enter-shift-tab-enter burst sample 12,orbit-menu-sample,menu,menu-enter-shift-tab-enter,menu-enter-enter,burst,12,Enter Shift+Tab Enter,none | menu×1 | @menuitem:File,1,1,Enter>button:Add attachment[none|f=button:Add attachment|h=None]@84.8 ; Shift+Tab>button:Add attachment[menu×1|f=button:Add attachment|h=File]@152.9 ; Shift+Tab*>menuitem:File[menu×1|f=button:Add attachment|h=File]@153.1 ; Enter>button:Add attachment[menu×1|f=button:Add attachment|h=None]@180.7
chromium-dark-desktop › orbit-menu-sample menu-enter-shift-tab-enter burst sample 13,orbit-menu-sample,menu,menu-enter-shift-tab-enter,menu-enter-enter,burst,13,Enter Shift+Tab Enter,none | menu×1 | @menuitem:File,1,1,Enter>button:Add attachment[none|f=button:Add attachment|h=None]@21.3 ; Shift+Tab>button:Add attachment[menu×1|f=button:Add attachment|h=File]@115.9 ; Shift+Tab*>menuitem:File[menu×1|f=button:Add attachment|h=File]@116.2 ; Enter>button:Add attachment[menu×1|f=button:Add attachment|h=None]@205.2
chromium-dark-desktop › orbit-menu-sample menu-enter-shift-tab-enter burst sample 14,orbit-menu-sample,menu,menu-enter-shift-tab-enter,menu-enter-enter,burst,14,Enter Shift+Tab Enter,none | menu×1 | @menuitem:File,1,1,Enter>button:Add attachment[none|f=button:Add attachment|h=None]@23.4 ; Shift+Tab>button:Add attachment[menu×1|f=button:Add attachment|h=File]@204.9 ; Shift+Tab*>menuitem:File[menu×1|f=button:Add attachment|h=File]@204.9 ; Enter>button:Add attachment[menu×1|f=button:Add attachment|h=None]@405.2
chromium-dark-desktop › orbit-menu-sample menu-enter-shift-tab-enter burst sample 15,orbit-menu-sample,menu,menu-enter-shift-tab-enter,menu-enter-enter,burst,15,Enter Shift+Tab Enter,none | menu×1 | @menuitem:File,1,1,Enter>button:Add attachment[none|f=button:Add attachment|h=None]@98.8 ; Shift+Tab>button:Add attachment[menu×1|f=button:Add attachment|h=File]@333.1 ; Shift+Tab*>menuitem:File[menu×1|f=button:Add attachment|h=File]@333.3 ; Enter>button:Add attachment[menu×1|f=button:Add attachment|h=None]@480
chromium-dark-desktop › orbit-menu-sample menu-enter-shift-tab-enter burst sample 16,orbit-menu-sample,menu,menu-enter-shift-tab-enter,menu-enter-enter,burst,16,Enter Shift+Tab Enter,none | menu×1 | @menuitem:File,1,1,Enter>button:Add attachment[none|f=button:Add attachment|h=None]@97.7 ; Shift+Tab>button:Add attachment[menu×1|f=button:Add attachment|h=File]@170.5 ; Shift+Tab*>menuitem:File[menu×1|f=button:Add attachment|h=File]@170.6 ; Enter>button:Add attachment[menu×1|f=button:Add attachment|h=None]@189.8
chromium-dark-desktop › orbit-menu-sample menu-enter-shift-tab-enter burst sample 17,orbit-menu-sample,menu,menu-enter-shift-tab-enter,menu-enter-enter,burst,17,Enter Shift+Tab Enter,none | menu×1 | @menuitem:File,1,1,Enter>button:Add attachment[none|f=button:Add attachment|h=None]@400.5 ; Shift+Tab>button:Add attachment[menu×1|f=button:Add attachment|h=File]@527.6 ; Shift+Tab*>menuitem:File[menu×1|f=button:Add attachment|h=File]@528.7 ; Enter>button:Add attachment[menu×1|f=button:Add attachment|h=None]@802.7
chromium-dark-desktop › orbit-menu-sample menu-enter-shift-tab-enter burst sample 18,orbit-menu-sample,menu,menu-enter-shift-tab-enter,menu-enter-enter,burst,18,Enter Shift+Tab Enter,none | menu×1 | @menuitem:File,1,1,Enter>button:Add attachment[none|f=button:Add attachment|h=None]@38 ; Shift+Tab>button:Add attachment[menu×1|f=button:Add attachment|h=File]@111.9 ; Shift+Tab*>menuitem:File[menu×1|f=button:Add attachment|h=File]@112.7 ; Enter>button:Add attachment[menu×1|f=button:Add attachment|h=None]@142.5
chromium-dark-desktop › orbit-menu-sample menu-enter-shift-tab-enter burst sample 19,orbit-menu-sample,menu,menu-enter-shift-tab-enter,menu-enter-enter,burst,19,Enter Shift+Tab Enter,none | menu×1 | @menuitem:File,1,1,Enter>button:Add attachment[none|f=button:Add attachment|h=None]@290.8 ; Shift+Tab>button:Add attachment[menu×1|f=button:Add attachment|h=File]@448.2 ; Shift+Tab*>menuitem:File[menu×1|f=button:Add attachment|h=File]@450.5 ; Enter>button:Add attachment[menu×1|f=button:Add attachment|h=None]@476
chromium-dark-desktop › orbit-menu-sample menu-enter-shift-tab-enter paced sample 0,orbit-menu-sample,menu,menu-enter-shift-tab-enter,menu-enter-enter,paced,0,Enter Shift+Tab Enter,none | menu×1 | @menuitem:File,0,0,Enter>button:Add attachment[none|f=button:Add attachment|h=None]@43 ; Shift+Tab>menuitem:File[menu×1|f=menuitem:File|h=File]@485.4 ; Enter>button:Add attachment[none|f=button:Add attachment|h=None]@868.9
chromium-dark-desktop › orbit-menu-sample menu-enter-shift-tab-enter paced sample 1,orbit-menu-sample,menu,menu-enter-shift-tab-enter,menu-enter-enter,paced,1,Enter Shift+Tab Enter,none | menu×1 | @menuitem:File,0,0,Enter>button:Add attachment[none|f=button:Add attachment|h=None]@25 ; Shift+Tab>menuitem:File[menu×1|f=menuitem:File|h=File]@378 ; Enter>button:Add attachment[none|f=button:Add attachment|h=None]@711.7
chromium-dark-desktop › orbit-menu-sample menu-enter-shift-tab-enter paced sample 2,orbit-menu-sample,menu,menu-enter-shift-tab-enter,menu-enter-enter,paced,2,Enter Shift+Tab Enter,none | menu×1 | @menuitem:File,0,0,Enter>button:Add attachment[none|f=button:Add attachment|h=None]@29.6 ; Shift+Tab>menuitem:File[menu×1|f=menuitem:File|h=File]@383.1 ; Enter>button:Add attachment[none|f=button:Add attachment|h=None]@711.3
chromium-dark-desktop › orbit-menu-sample menu-enter-shift-tab-enter paced sample 3,orbit-menu-sample,menu,menu-enter-shift-tab-enter,menu-enter-enter,paced,3,Enter Shift+Tab Enter,none | menu×1 | @menuitem:File,0,0,Enter>button:Add attachment[none|f=button:Add attachment|h=None]@20.1 ; Shift+Tab>menuitem:File[menu×1|f=menuitem:File|h=File]@401.1 ; Enter>button:Add attachment[none|f=button:Add attachment|h=None]@728.7
chromium-dark-desktop › orbit-menu-sample menu-enter-shift-tab-enter paced sample 4,orbit-menu-sample,menu,menu-enter-shift-tab-enter,menu-enter-enter,paced,4,Enter Shift+Tab Enter,none | menu×1 | @menuitem:File,0,0,Enter>button:Add attachment[none|f=button:Add attachment|h=None]@23.1 ; Shift+Tab>menuitem:File[menu×1|f=menuitem:File|h=File]@390.9 ; Enter>button:Add attachment[none|f=button:Add attachment|h=None]@715
chromium-dark-desktop › orbit-menu-sample menu-enter-shift-tab-enter paced sample 5,orbit-menu-sample,menu,menu-enter-shift-tab-enter,menu-enter-enter,paced,5,Enter Shift+Tab Enter,none | menu×1 | @menuitem:File,0,0,Enter>button:Add attachment[none|f=button:Add attachment|h=None]@24.2 ; Shift+Tab>menuitem:File[menu×1|f=menuitem:File|h=File]@376.8 ; Enter>button:Add attachment[none|f=button:Add attachment|h=None]@705
chromium-dark-desktop › orbit-menu-sample menu-enter-shift-tab-enter paced sample 6,orbit-menu-sample,menu,menu-enter-shift-tab-enter,menu-enter-enter,paced,6,Enter Shift+Tab Enter,none | menu×1 | @menuitem:File,0,0,Enter>button:Add attachment[none|f=button:Add attachment|h=None]@32.6 ; Shift+Tab>menuitem:File[menu×1|f=menuitem:File|h=File]@386.8 ; Enter>button:Add attachment[none|f=button:Add attachment|h=None]@711.8
chromium-dark-desktop › orbit-menu-sample menu-enter-shift-tab-enter paced sample 7,orbit-menu-sample,menu,menu-enter-shift-tab-enter,menu-enter-enter,paced,7,Enter Shift+Tab Enter,none | menu×1 | @menuitem:File,0,0,Enter>button:Add attachment[none|f=button:Add attachment|h=None]@37.9 ; Shift+Tab>menuitem:File[menu×1|f=menuitem:File|h=File]@427.2 ; Enter>button:Add attachment[none|f=button:Add attachment|h=None]@758.2
chromium-dark-desktop › orbit-menu-sample menu-enter-shift-tab-enter paced sample 8,orbit-menu-sample,menu,menu-enter-shift-tab-enter,menu-enter-enter,paced,8,Enter Shift+Tab Enter,none | menu×1 | @menuitem:File,0,0,Enter>button:Add attachment[none|f=button:Add attachment|h=None]@27.9 ; Shift+Tab>menuitem:File[menu×1|f=menuitem:File|h=File]@377.4 ; Enter>button:Add attachment[none|f=button:Add attachment|h=None]@714.1
chromium-dark-desktop › orbit-menu-sample menu-enter-shift-tab-enter paced sample 9,orbit-menu-sample,menu,menu-enter-shift-tab-enter,menu-enter-enter,paced,9,Enter Shift+Tab Enter,none | menu×1 | @menuitem:File,0,0,Enter>button:Add attachment[none|f=button:Add attachment|h=None]@25 ; Shift+Tab>menuitem:File[menu×1|f=menuitem:File|h=File]@392.8 ; Enter>button:Add attachment[none|f=button:Add attachment|h=None]@720.5
chromium-dark-desktop › orbit-menu-sample menu-enter-shift-tab-enter paced sample 10,orbit-menu-sample,menu,menu-enter-shift-tab-enter,menu-enter-enter,paced,10,Enter Shift+Tab Enter,none | menu×1 | @menuitem:File,0,0,Enter>button:Add attachment[none|f=button:Add attachment|h=None]@40 ; Shift+Tab>menuitem:File[menu×1|f=menuitem:File|h=File]@480.4 ; Enter>button:Add attachment[none|f=button:Add attachment|h=None]@820.9
chromium-dark-desktop › orbit-menu-sample menu-enter-shift-tab-enter paced sample 11,orbit-menu-sample,menu,menu-enter-shift-tab-enter,menu-enter-enter,paced,11,Enter Shift+Tab Enter,none | menu×1 | @menuitem:File,0,0,Enter>button:Add attachment[none|f=button:Add attachment|h=None]@16.4 ; Shift+Tab>menuitem:File[menu×1|f=menuitem:File|h=File]@360.6 ; Enter>button:Add attachment[none|f=button:Add attachment|h=None]@821.6
chromium-dark-desktop › orbit-menu-sample menu-enter-shift-tab-enter paced sample 12,orbit-menu-sample,menu,menu-enter-shift-tab-enter,menu-enter-enter,paced,12,Enter Shift+Tab Enter,none | menu×1 | @menuitem:File,0,0,Enter>button:Add attachment[none|f=button:Add attachment|h=None]@34.6 ; Shift+Tab>menuitem:File[menu×1|f=menuitem:File|h=File]@375.3 ; Enter>button:Add attachment[none|f=button:Add attachment|h=None]@696.2
chromium-dark-desktop › orbit-menu-sample menu-enter-shift-tab-enter paced sample 13,orbit-menu-sample,menu,menu-enter-shift-tab-enter,menu-enter-enter,paced,13,Enter Shift+Tab Enter,none | menu×1 | @menuitem:File,0,0,Enter>button:Add attachment[none|f=button:Add attachment|h=None]@26.2 ; Shift+Tab>menuitem:File[menu×1|f=menuitem:File|h=File]@366.9 ; Enter>button:Add attachment[none|f=button:Add attachment|h=None]@685.5
chromium-dark-desktop › orbit-menu-sample menu-enter-shift-tab-enter paced sample 14,orbit-menu-sample,menu,menu-enter-shift-tab-enter,menu-enter-enter,paced,14,Enter Shift+Tab Enter,none | menu×1 | @menuitem:File,0,0,Enter>button:Add attachment[none|f=button:Add attachment|h=None]@38.7 ; Shift+Tab>menuitem:File[menu×1|f=menuitem:File|h=File]@445.4 ; Enter>button:Add attachment[none|f=button:Add attachment|h=None]@810.3
chromium-dark-desktop › orbit-menu-sample menu-enter-shift-tab-enter paced sample 15,orbit-menu-sample,menu,menu-enter-shift-tab-enter,menu-enter-enter,paced,15,Enter Shift+Tab Enter,none | menu×1 | @menuitem:File,0,0,Enter>button:Add attachment[none|f=button:Add attachment|h=None]@14.5 ; Shift+Tab>menuitem:File[menu×1|f=menuitem:File|h=File]@449.6 ; Enter>button:Add attachment[none|f=button:Add attachment|h=None]@816.5
chromium-dark-desktop › orbit-menu-sample menu-enter-shift-tab-enter paced sample 16,orbit-menu-sample,menu,menu-enter-shift-tab-enter,menu-enter-enter,paced,16,Enter Shift+Tab Enter,none | menu×1 | @menuitem:File,0,0,Enter>button:Add attachment[none|f=button:Add attachment|h=None]@15.7 ; Shift+Tab>menuitem:File[menu×1|f=menuitem:File|h=File]@384 ; Enter>button:Add attachment[none|f=button:Add attachment|h=None]@710.9
chromium-dark-desktop › orbit-menu-sample menu-enter-shift-tab-enter paced sample 17,orbit-menu-sample,menu,menu-enter-shift-tab-enter,menu-enter-enter,paced,17,Enter Shift+Tab Enter,none | menu×1 | @menuitem:File,0,0,Enter>button:Add attachment[none|f=button:Add attachment|h=None]@15.9 ; Shift+Tab>menuitem:File[menu×1|f=menuitem:File|h=File]@363.4 ; Enter>button:Add attachment[none|f=button:Add attachment|h=None]@711.7
chromium-dark-desktop › orbit-menu-sample menu-enter-shift-tab-enter paced sample 18,orbit-menu-sample,menu,menu-enter-shift-tab-enter,menu-enter-enter,paced,18,Enter Shift+Tab Enter,none | menu×1 | @menuitem:File,0,0,Enter>button:Add attachment[none|f=button:Add attachment|h=None]@20.9 ; Shift+Tab>menuitem:File[menu×1|f=menuitem:File|h=File]@406.6 ; Enter>button:Add attachment[none|f=button:Add attachment|h=None]@757.1
chromium-dark-desktop › orbit-menu-sample menu-enter-shift-tab-enter paced sample 19,orbit-menu-sample,menu,menu-enter-shift-tab-enter,menu-enter-enter,paced,19,Enter Shift+Tab Enter,none | menu×1 | @menuitem:File,0,0,Enter>button:Add attachment[none|f=button:Add attachment|h=None]@33.8 ; Shift+Tab>menuitem:File[menu×1|f=menuitem:File|h=File]@378.2 ; Enter>button:Add attachment[none|f=button:Add attachment|h=None]@697.2
chromium-dark-desktop › orbit-menu menu-down-enter burst sample 0,orbit-menu,menu,menu-down-enter,,burst,0,ArrowDown Enter,Action=file | none | @button:Add attachment,1,1,ArrowDown>button:Add attachment[none|f=button:Add attachment|h=None]@28.3 ; Enter>button:Add attachment[menu×1|f=button:Add attachment|h=File]@65.9 ; Enter*>menuitem:File[menu×1|f=button:Add attachment|h=File]@66.1
chromium-dark-desktop › orbit-menu menu-down-enter burst sample 1,orbit-menu,menu,menu-down-enter,,burst,1,ArrowDown Enter,Action=file | none | @button:Add attachment,1,1,ArrowDown>button:Add attachment[none|f=button:Add attachment|h=None]@24.2 ; Enter>button:Add attachment[menu×1|f=button:Add attachment|h=File]@59.5 ; Enter*>menuitem:File[menu×1|f=button:Add attachment|h=File]@59.8
chromium-dark-desktop › orbit-menu menu-down-enter burst sample 2,orbit-menu,menu,menu-down-enter,,burst,2,ArrowDown Enter,Action=file | none | @button:Add attachment,1,1,ArrowDown>button:Add attachment[none|f=button:Add attachment|h=None]@28.5 ; Enter>button:Add attachment[menu×1|f=button:Add attachment|h=File]@62.7 ; Enter*>menuitem:File[menu×1|f=button:Add attachment|h=File]@62.9
chromium-dark-desktop › orbit-menu menu-down-enter burst sample 3,orbit-menu,menu,menu-down-enter,,burst,3,ArrowDown Enter,Action=file | none | @button:Add attachment,1,1,ArrowDown>button:Add attachment[none|f=button:Add attachment|h=None]@21.6 ; Enter>button:Add attachment[menu×1|f=button:Add attachment|h=File]@50.5 ; Enter*>menuitem:File[menu×1|f=button:Add attachment|h=File]@50.7
chromium-dark-desktop › orbit-menu menu-down-enter burst sample 4,orbit-menu,menu,menu-down-enter,,burst,4,ArrowDown Enter,Action=file | none | @button:Add attachment,1,1,ArrowDown>button:Add attachment[none|f=button:Add attachment|h=None]@17.7 ; Enter>button:Add attachment[menu×1|f=button:Add attachment|h=File]@44.1 ; Enter*>menuitem:File[menu×1|f=button:Add attachment|h=File]@44.2
chromium-dark-desktop › orbit-menu menu-down-enter burst sample 5,orbit-menu,menu,menu-down-enter,,burst,5,ArrowDown Enter,Action=file | none | @button:Add attachment,1,1,ArrowDown>button:Add attachment[none|f=button:Add attachment|h=None]@21.1 ; Enter>button:Add attachment[menu×1|f=button:Add attachment|h=File]@48.4 ; Enter*>menuitem:File[menu×1|f=button:Add attachment|h=File]@48.6
chromium-dark-desktop › orbit-menu menu-down-enter burst sample 6,orbit-menu,menu,menu-down-enter,,burst,6,ArrowDown Enter,Action=file | none | @button:Add attachment,1,1,ArrowDown>button:Add attachment[none|f=button:Add attachment|h=None]@23 ; Enter>button:Add attachment[menu×1|f=button:Add attachment|h=File]@44.8 ; Enter*>menuitem:File[menu×1|f=button:Add attachment|h=File]@45
chromium-dark-desktop › orbit-menu menu-down-enter burst sample 7,orbit-menu,menu,menu-down-enter,,burst,7,ArrowDown Enter,Action=file | none | @button:Add attachment,1,1,ArrowDown>button:Add attachment[none|f=button:Add attachment|h=None]@19.3 ; Enter>button:Add attachment[menu×1|f=button:Add attachment|h=File]@51.3 ; Enter*>menuitem:File[menu×1|f=button:Add attachment|h=File]@51.4
chromium-dark-desktop › orbit-menu menu-down-enter burst sample 8,orbit-menu,menu,menu-down-enter,,burst,8,ArrowDown Enter,Action=file | none | @button:Add attachment,1,1,ArrowDown>button:Add attachment[none|f=button:Add attachment|h=None]@42.3 ; Enter>button:Add attachment[menu×1|f=button:Add attachment|h=File]@68.7 ; Enter*>menuitem:File[menu×1|f=button:Add attachment|h=File]@68.9
chromium-dark-desktop › orbit-menu menu-down-enter burst sample 9,orbit-menu,menu,menu-down-enter,,burst,9,ArrowDown Enter,Action=file | none | @button:Add attachment,1,1,ArrowDown>button:Add attachment[none|f=button:Add attachment|h=None]@20.6 ; Enter>button:Add attachment[menu×1|f=button:Add attachment|h=File]@53.5 ; Enter*>menuitem:File[menu×1|f=button:Add attachment|h=File]@53.7
chromium-dark-desktop › orbit-menu menu-down-enter burst sample 10,orbit-menu,menu,menu-down-enter,,burst,10,ArrowDown Enter,Action=file | none | @button:Add attachment,1,1,ArrowDown>button:Add attachment[none|f=button:Add attachment|h=None]@20.5 ; Enter>button:Add attachment[menu×1|f=button:Add attachment|h=File]@49 ; Enter*>menuitem:File[menu×1|f=button:Add attachment|h=File]@49.2
chromium-dark-desktop › orbit-menu menu-down-enter burst sample 11,orbit-menu,menu,menu-down-enter,,burst,11,ArrowDown Enter,Action=file | none | @button:Add attachment,1,1,ArrowDown>button:Add attachment[none|f=button:Add attachment|h=None]@16.3 ; Enter>button:Add attachment[menu×1|f=button:Add attachment|h=File]@45.2 ; Enter*>menuitem:File[menu×1|f=button:Add attachment|h=File]@45.5
chromium-dark-desktop › orbit-menu menu-down-enter burst sample 12,orbit-menu,menu,menu-down-enter,,burst,12,ArrowDown Enter,Action=file | none | @button:Add attachment,1,1,ArrowDown>button:Add attachment[none|f=button:Add attachment|h=None]@18.4 ; Enter>button:Add attachment[menu×1|f=button:Add attachment|h=File]@49.9 ; Enter*>menuitem:File[menu×1|f=button:Add attachment|h=File]@50.2
chromium-dark-desktop › orbit-menu menu-down-enter burst sample 13,orbit-menu,menu,menu-down-enter,,burst,13,ArrowDown Enter,Action=file | none | @button:Add attachment,1,1,ArrowDown>button:Add attachment[none|f=button:Add attachment|h=None]@20.2 ; Enter>button:Add attachment[menu×1|f=button:Add attachment|h=File]@52.5 ; Enter*>menuitem:File[menu×1|f=button:Add attachment|h=File]@52.7
chromium-dark-desktop › orbit-menu menu-down-enter burst sample 14,orbit-menu,menu,menu-down-enter,,burst,14,ArrowDown Enter,Action=file | none | @button:Add attachment,1,1,ArrowDown>button:Add attachment[none|f=button:Add attachment|h=None]@22.9 ; Enter>button:Add attachment[menu×1|f=button:Add attachment|h=File]@58.5 ; Enter*>menuitem:File[menu×1|f=button:Add attachment|h=File]@58.7
chromium-dark-desktop › orbit-menu menu-down-enter burst sample 15,orbit-menu,menu,menu-down-enter,,burst,15,ArrowDown Enter,Action=file | none | @button:Add attachment,1,1,ArrowDown>button:Add attachment[none|f=button:Add attachment|h=None]@32.8 ; Enter>button:Add attachment[menu×1|f=button:Add attachment|h=File]@57.7 ; Enter*>menuitem:File[menu×1|f=button:Add attachment|h=File]@57.9
chromium-dark-desktop › orbit-menu menu-down-enter burst sample 16,orbit-menu,menu,menu-down-enter,,burst,16,ArrowDown Enter,Action=file | none | @button:Add attachment,1,1,ArrowDown>button:Add attachment[none|f=button:Add attachment|h=None]@23 ; Enter>button:Add attachment[menu×1|f=button:Add attachment|h=File]@74.1 ; Enter*>menuitem:File[menu×1|f=button:Add attachment|h=File]@74.2
chromium-dark-desktop › orbit-menu menu-down-enter burst sample 17,orbit-menu,menu,menu-down-enter,,burst,17,ArrowDown Enter,Action=file | none | @button:Add attachment,1,1,ArrowDown>button:Add attachment[none|f=button:Add attachment|h=None]@25.2 ; Enter>button:Add attachment[menu×1|f=button:Add attachment|h=File]@53.3 ; Enter*>menuitem:File[menu×1|f=button:Add attachment|h=File]@53.4
chromium-dark-desktop › orbit-menu menu-down-enter burst sample 18,orbit-menu,menu,menu-down-enter,,burst,18,ArrowDown Enter,Action=file | none | @button:Add attachment,1,1,ArrowDown>button:Add attachment[none|f=button:Add attachment|h=None]@23.5 ; Enter>button:Add attachment[menu×1|f=button:Add attachment|h=File]@54.1 ; Enter*>menuitem:File[menu×1|f=button:Add attachment|h=File]@54.2
chromium-dark-desktop › orbit-menu menu-down-enter burst sample 19,orbit-menu,menu,menu-down-enter,,burst,19,ArrowDown Enter,Action=file | none | @button:Add attachment,1,1,ArrowDown>button:Add attachment[none|f=button:Add attachment|h=None]@17.1 ; Enter>button:Add attachment[menu×1|f=button:Add attachment|h=File]@49.9 ; Enter*>menuitem:File[menu×1|f=button:Add attachment|h=File]@50
chromium-dark-desktop › orbit-menu menu-down-enter paced sample 0,orbit-menu,menu,menu-down-enter,,paced,0,ArrowDown Enter,Action=file | none | @button:Add attachment,0,0,ArrowDown>button:Add attachment[none|f=button:Add attachment|h=None]@16.8 ; Enter>menuitem:File[menu×1|f=menuitem:File|h=File]@359.2
chromium-dark-desktop › orbit-menu menu-down-enter paced sample 1,orbit-menu,menu,menu-down-enter,,paced,1,ArrowDown Enter,Action=file | none | @button:Add attachment,0,0,ArrowDown>button:Add attachment[none|f=button:Add attachment|h=None]@24.9 ; Enter>menuitem:File[menu×1|f=menuitem:File|h=File]@375.4
chromium-dark-desktop › orbit-menu menu-down-enter paced sample 2,orbit-menu,menu,menu-down-enter,,paced,2,ArrowDown Enter,Action=file | none | @button:Add attachment,0,0,ArrowDown>button:Add attachment[none|f=button:Add attachment|h=None]@21.3 ; Enter>menuitem:File[menu×1|f=menuitem:File|h=File]@356.9
chromium-dark-desktop › orbit-menu menu-down-enter paced sample 3,orbit-menu,menu,menu-down-enter,,paced,3,ArrowDown Enter,Action=file | none | @button:Add attachment,0,0,ArrowDown>button:Add attachment[none|f=button:Add attachment|h=None]@29.5 ; Enter>menuitem:File[menu×1|f=menuitem:File|h=File]@378.3
chromium-dark-desktop › orbit-menu menu-down-enter paced sample 4,orbit-menu,menu,menu-down-enter,,paced,4,ArrowDown Enter,Action=file | none | @button:Add attachment,0,0,ArrowDown>button:Add attachment[none|f=button:Add attachment|h=None]@30.3 ; Enter>menuitem:File[menu×1|f=menuitem:File|h=File]@372.3
chromium-dark-desktop › orbit-menu menu-down-enter paced sample 5,orbit-menu,menu,menu-down-enter,,paced,5,ArrowDown Enter,Action=file | none | @button:Add attachment,0,0,ArrowDown>button:Add attachment[none|f=button:Add attachment|h=None]@26.7 ; Enter>menuitem:File[menu×1|f=menuitem:File|h=File]@379.7
chromium-dark-desktop › orbit-menu menu-down-enter paced sample 6,orbit-menu,menu,menu-down-enter,,paced,6,ArrowDown Enter,Action=file | none | @button:Add attachment,0,0,ArrowDown>button:Add attachment[none|f=button:Add attachment|h=None]@29.9 ; Enter>menuitem:File[menu×1|f=menuitem:File|h=File]@365
chromium-dark-desktop › orbit-menu menu-down-enter paced sample 7,orbit-menu,menu,menu-down-enter,,paced,7,ArrowDown Enter,Action=file | none | @button:Add attachment,0,0,ArrowDown>button:Add attachment[none|f=button:Add attachment|h=None]@21.9 ; Enter>menuitem:File[menu×1|f=menuitem:File|h=File]@363.6
chromium-dark-desktop › orbit-menu menu-down-enter paced sample 8,orbit-menu,menu,menu-down-enter,,paced,8,ArrowDown Enter,Action=file | none | @button:Add attachment,0,0,ArrowDown>button:Add attachment[none|f=button:Add attachment|h=None]@19.9 ; Enter>menuitem:File[menu×1|f=menuitem:File|h=File]@361.5
chromium-dark-desktop › orbit-menu menu-down-enter paced sample 9,orbit-menu,menu,menu-down-enter,,paced,9,ArrowDown Enter,Action=file | none | @button:Add attachment,0,0,ArrowDown>button:Add attachment[none|f=button:Add attachment|h=None]@15.5 ; Enter>menuitem:File[menu×1|f=menuitem:File|h=File]@366.7
chromium-dark-desktop › orbit-menu menu-down-enter paced sample 10,orbit-menu,menu,menu-down-enter,,paced,10,ArrowDown Enter,Action=file | none | @button:Add attachment,0,0,ArrowDown>button:Add attachment[none|f=button:Add attachment|h=None]@30.9 ; Enter>menuitem:File[menu×1|f=menuitem:File|h=File]@367.1
chromium-dark-desktop › orbit-menu menu-down-enter paced sample 11,orbit-menu,menu,menu-down-enter,,paced,11,ArrowDown Enter,Action=file | none | @button:Add attachment,0,0,ArrowDown>button:Add attachment[none|f=button:Add attachment|h=None]@20.1 ; Enter>menuitem:File[menu×1|f=menuitem:File|h=File]@352.3
chromium-dark-desktop › orbit-menu menu-down-enter paced sample 12,orbit-menu,menu,menu-down-enter,,paced,12,ArrowDown Enter,Action=file | none | @button:Add attachment,0,0,ArrowDown>button:Add attachment[none|f=button:Add attachment|h=None]@12.6 ; Enter>menuitem:File[menu×1|f=menuitem:File|h=File]@356
chromium-dark-desktop › orbit-menu menu-down-enter paced sample 13,orbit-menu,menu,menu-down-enter,,paced,13,ArrowDown Enter,Action=file | none | @button:Add attachment,0,0,ArrowDown>button:Add attachment[none|f=button:Add attachment|h=None]@19.8 ; Enter>menuitem:File[menu×1|f=menuitem:File|h=File]@383
chromium-dark-desktop › orbit-menu menu-down-enter paced sample 14,orbit-menu,menu,menu-down-enter,,paced,14,ArrowDown Enter,Action=file | none | @button:Add attachment,0,0,ArrowDown>button:Add attachment[none|f=button:Add attachment|h=None]@31.1 ; Enter>menuitem:File[menu×1|f=menuitem:File|h=File]@375.7
chromium-dark-desktop › orbit-menu menu-down-enter paced sample 15,orbit-menu,menu,menu-down-enter,,paced,15,ArrowDown Enter,Action=file | none | @button:Add attachment,0,0,ArrowDown>button:Add attachment[none|f=button:Add attachment|h=None]@23.6 ; Enter>menuitem:File[menu×1|f=menuitem:File|h=File]@358.4
chromium-dark-desktop › orbit-menu menu-down-enter paced sample 16,orbit-menu,menu,menu-down-enter,,paced,16,ArrowDown Enter,Action=file | none | @button:Add attachment,0,0,ArrowDown>button:Add attachment[none|f=button:Add attachment|h=None]@18.8 ; Enter>menuitem:File[menu×1|f=menuitem:File|h=File]@375.6
chromium-dark-desktop › orbit-menu menu-down-enter paced sample 17,orbit-menu,menu,menu-down-enter,,paced,17,ArrowDown Enter,Action=file | none | @button:Add attachment,0,0,ArrowDown>button:Add attachment[none|f=button:Add attachment|h=None]@14.7 ; Enter>menuitem:File[menu×1|f=menuitem:File|h=File]@356.5
chromium-dark-desktop › orbit-menu menu-down-enter paced sample 18,orbit-menu,menu,menu-down-enter,,paced,18,ArrowDown Enter,Action=file | none | @button:Add attachment,0,0,ArrowDown>button:Add attachment[none|f=button:Add attachment|h=None]@13.8 ; Enter>menuitem:File[menu×1|f=menuitem:File|h=File]@372.3
chromium-dark-desktop › orbit-menu menu-down-enter paced sample 19,orbit-menu,menu,menu-down-enter,,paced,19,ArrowDown Enter,Action=file | none | @button:Add attachment,0,0,ArrowDown>button:Add attachment[none|f=button:Add attachment|h=None]@16.6 ; Enter>menuitem:File[menu×1|f=menuitem:File|h=File]@389
chromium-dark-desktop › orbit-menu-sample menu-down-enter burst sample 0,orbit-menu-sample,menu,menu-down-enter,,burst,0,ArrowDown Enter,ran File | none | @button:Add attachment,1,1,ArrowDown>button:Add attachment[none|f=button:Add attachment|h=None]@46.2 ; Enter>button:Add attachment[menu×1|f=button:Add attachment|h=File]@86.9 ; Enter*>menuitem:File[menu×1|f=button:Add attachment|h=File]@87.1
chromium-dark-desktop › orbit-menu-sample menu-down-enter burst sample 1,orbit-menu-sample,menu,menu-down-enter,,burst,1,ArrowDown Enter,ran File | none | @button:Add attachment,1,1,ArrowDown>button:Add attachment[none|f=button:Add attachment|h=None]@30.7 ; Enter>button:Add attachment[menu×1|f=button:Add attachment|h=File]@81.9 ; Enter*>menuitem:File[menu×1|f=button:Add attachment|h=File]@82
chromium-dark-desktop › orbit-menu-sample menu-down-enter burst sample 2,orbit-menu-sample,menu,menu-down-enter,,burst,2,ArrowDown Enter,ran File | none | @button:Add attachment,1,1,ArrowDown>button:Add attachment[none|f=button:Add attachment|h=None]@19.7 ; Enter>button:Add attachment[menu×1|f=button:Add attachment|h=File]@65 ; Enter*>menuitem:File[menu×1|f=button:Add attachment|h=File]@65.2
chromium-dark-desktop › orbit-menu-sample menu-down-enter burst sample 3,orbit-menu-sample,menu,menu-down-enter,,burst,3,ArrowDown Enter,ran File | none | @button:Add attachment,1,1,ArrowDown>button:Add attachment[none|f=button:Add attachment|h=None]@20 ; Enter>button:Add attachment[menu×1|f=button:Add attachment|h=File]@101.9 ; Enter*>menuitem:File[menu×1|f=button:Add attachment|h=File]@102.1
chromium-dark-desktop › orbit-menu-sample menu-down-enter burst sample 4,orbit-menu-sample,menu,menu-down-enter,,burst,4,ArrowDown Enter,ran File | none | @button:Add attachment,1,1,ArrowDown>button:Add attachment[none|f=button:Add attachment|h=None]@41.6 ; Enter>button:Add attachment[menu×1|f=button:Add attachment|h=File]@196.8 ; Enter*>menuitem:File[menu×1|f=button:Add attachment|h=File]@197.2
chromium-dark-desktop › orbit-menu-sample menu-down-enter burst sample 5,orbit-menu-sample,menu,menu-down-enter,,burst,5,ArrowDown Enter,ran File | none | @button:Add attachment,1,1,ArrowDown>button:Add attachment[none|f=button:Add attachment|h=None]@16.5 ; Enter>button:Add attachment[menu×1|f=button:Add attachment|h=File]@45.8 ; Enter*>menuitem:File[menu×1|f=button:Add attachment|h=File]@45.8
chromium-dark-desktop › orbit-menu-sample menu-down-enter burst sample 6,orbit-menu-sample,menu,menu-down-enter,,burst,6,ArrowDown Enter,ran File | none | @button:Add attachment,1,1,ArrowDown>button:Add attachment[none|f=button:Add attachment|h=None]@21.3 ; Enter>button:Add attachment[menu×1|f=button:Add attachment|h=File]@53.5 ; Enter*>menuitem:File[menu×1|f=button:Add attachment|h=File]@53.6
chromium-dark-desktop › orbit-menu-sample menu-down-enter burst sample 7,orbit-menu-sample,menu,menu-down-enter,,burst,7,ArrowDown Enter,ran File | none | @button:Add attachment,1,1,ArrowDown>button:Add attachment[none|f=button:Add attachment|h=None]@18.9 ; Enter>button:Add attachment[menu×1|f=button:Add attachment|h=File]@58.2 ; Enter*>menuitem:File[menu×1|f=button:Add attachment|h=File]@58.3
chromium-dark-desktop › orbit-menu-sample menu-down-enter burst sample 8,orbit-menu-sample,menu,menu-down-enter,,burst,8,ArrowDown Enter,ran File | none | @button:Add attachment,1,1,ArrowDown>button:Add attachment[none|f=button:Add attachment|h=None]@26 ; Enter>button:Add attachment[menu×1|f=button:Add attachment|h=File]@57.7 ; Enter*>menuitem:File[menu×1|f=button:Add attachment|h=File]@57.8
chromium-dark-desktop › orbit-menu-sample menu-down-enter burst sample 9,orbit-menu-sample,menu,menu-down-enter,,burst,9,ArrowDown Enter,ran File | none | @button:Add attachment,1,1,ArrowDown>button:Add attachment[none|f=button:Add attachment|h=None]@13.5 ; Enter>button:Add attachment[menu×1|f=button:Add attachment|h=File]@45.2 ; Enter*>menuitem:File[menu×1|f=button:Add attachment|h=File]@45.3
chromium-dark-desktop › orbit-menu-sample menu-down-enter burst sample 10,orbit-menu-sample,menu,menu-down-enter,,burst,10,ArrowDown Enter,ran File | none | @button:Add attachment,1,1,ArrowDown>button:Add attachment[none|f=button:Add attachment|h=None]@22.5 ; Enter>button:Add attachment[menu×1|f=button:Add attachment|h=File]@53 ; Enter*>menuitem:File[menu×1|f=button:Add attachment|h=File]@53.2
chromium-dark-desktop › orbit-menu-sample menu-down-enter burst sample 11,orbit-menu-sample,menu,menu-down-enter,,burst,11,ArrowDown Enter,ran File | none | @button:Add attachment,1,1,ArrowDown>button:Add attachment[none|f=button:Add attachment|h=None]@122 ; Enter>button:Add attachment[menu×1|f=button:Add attachment|h=File]@188.1 ; Enter*>menuitem:File[menu×1|f=button:Add attachment|h=File]@188.3
chromium-dark-desktop › orbit-menu-sample menu-down-enter burst sample 12,orbit-menu-sample,menu,menu-down-enter,,burst,12,ArrowDown Enter,ran File | none | @button:Add attachment,1,1,ArrowDown>button:Add attachment[none|f=button:Add attachment|h=None]@30.5 ; Enter>button:Add attachment[menu×1|f=button:Add attachment|h=File]@64.5 ; Enter*>menuitem:File[menu×1|f=button:Add attachment|h=File]@64.7
chromium-dark-desktop › orbit-menu-sample menu-down-enter burst sample 13,orbit-menu-sample,menu,menu-down-enter,,burst,13,ArrowDown Enter,ran File | none | @button:Add attachment,1,1,ArrowDown>button:Add attachment[none|f=button:Add attachment|h=None]@18.1 ; Enter>button:Add attachment[menu×1|f=button:Add attachment|h=File]@49 ; Enter*>menuitem:File[menu×1|f=button:Add attachment|h=File]@49.1
chromium-dark-desktop › orbit-menu-sample menu-down-enter burst sample 14,orbit-menu-sample,menu,menu-down-enter,,burst,14,ArrowDown Enter,ran File | none | @button:Add attachment,1,1,ArrowDown>button:Add attachment[none|f=button:Add attachment|h=None]@30.4 ; Enter>button:Add attachment[menu×1|f=button:Add attachment|h=File]@53.8 ; Enter*>menuitem:File[menu×1|f=button:Add attachment|h=File]@53.9
chromium-dark-desktop › orbit-menu-sample menu-down-enter burst sample 15,orbit-menu-sample,menu,menu-down-enter,,burst,15,ArrowDown Enter,ran File | none | @button:Add attachment,1,1,ArrowDown>button:Add attachment[none|f=button:Add attachment|h=None]@17.4 ; Enter>button:Add attachment[menu×1|f=button:Add attachment|h=File]@49 ; Enter*>menuitem:File[menu×1|f=button:Add attachment|h=File]@49.1
chromium-dark-desktop › orbit-menu-sample menu-down-enter burst sample 16,orbit-menu-sample,menu,menu-down-enter,,burst,16,ArrowDown Enter,ran File | none | @button:Add attachment,1,1,ArrowDown>button:Add attachment[none|f=button:Add attachment|h=None]@29.7 ; Enter>button:Add attachment[menu×1|f=button:Add attachment|h=File]@75.6 ; Enter*>menuitem:File[menu×1|f=button:Add attachment|h=File]@75.7
chromium-dark-desktop › orbit-menu-sample menu-down-enter burst sample 17,orbit-menu-sample,menu,menu-down-enter,,burst,17,ArrowDown Enter,ran File | none | @button:Add attachment,1,1,ArrowDown>button:Add attachment[none|f=button:Add attachment|h=None]@26.9 ; Enter>button:Add attachment[menu×1|f=button:Add attachment|h=File]@51.6 ; Enter*>menuitem:File[menu×1|f=button:Add attachment|h=File]@51.7
chromium-dark-desktop › orbit-menu-sample menu-down-enter burst sample 18,orbit-menu-sample,menu,menu-down-enter,,burst,18,ArrowDown Enter,ran File | none | @button:Add attachment,1,1,ArrowDown>button:Add attachment[none|f=button:Add attachment|h=None]@30.2 ; Enter>button:Add attachment[menu×1|f=button:Add attachment|h=File]@104.5 ; Enter*>menuitem:File[menu×1|f=button:Add attachment|h=File]@104.8
chromium-dark-desktop › orbit-menu-sample menu-down-enter burst sample 19,orbit-menu-sample,menu,menu-down-enter,,burst,19,ArrowDown Enter,ran File | none | @button:Add attachment,1,1,ArrowDown>button:Add attachment[none|f=button:Add attachment|h=None]@34.9 ; Enter>button:Add attachment[menu×1|f=button:Add attachment|h=File]@57 ; Enter*>menuitem:File[menu×1|f=button:Add attachment|h=File]@57.1
chromium-dark-desktop › orbit-menu-sample menu-down-enter paced sample 0,orbit-menu-sample,menu,menu-down-enter,,paced,0,ArrowDown Enter,ran File | none | @button:Add attachment,0,0,ArrowDown>button:Add attachment[none|f=button:Add attachment|h=None]@153.5 ; Enter>menuitem:File[menu×1|f=menuitem:File|h=File]@500.9
chromium-dark-desktop › orbit-menu-sample menu-down-enter paced sample 1,orbit-menu-sample,menu,menu-down-enter,,paced,1,ArrowDown Enter,ran File | none | @button:Add attachment,0,0,ArrowDown>button:Add attachment[none|f=button:Add attachment|h=None]@21.8 ; Enter>menuitem:File[menu×1|f=menuitem:File|h=File]@354.5
chromium-dark-desktop › orbit-menu-sample menu-down-enter paced sample 2,orbit-menu-sample,menu,menu-down-enter,,paced,2,ArrowDown Enter,ran File | none | @button:Add attachment,0,0,ArrowDown>button:Add attachment[none|f=button:Add attachment|h=None]@26.2 ; Enter>menuitem:File[menu×1|f=menuitem:File|h=File]@370.9
chromium-dark-desktop › orbit-menu-sample menu-down-enter paced sample 3,orbit-menu-sample,menu,menu-down-enter,,paced,3,ArrowDown Enter,ran File | none | @button:Add attachment,0,0,ArrowDown>button:Add attachment[none|f=button:Add attachment|h=None]@18.2 ; Enter>menuitem:File[menu×1|f=menuitem:File|h=File]@347.4
chromium-dark-desktop › orbit-menu-sample menu-down-enter paced sample 4,orbit-menu-sample,menu,menu-down-enter,,paced,4,ArrowDown Enter,ran File | none | @button:Add attachment,0,0,ArrowDown>button:Add attachment[none|f=button:Add attachment|h=None]@31.7 ; Enter>menuitem:File[menu×1|f=menuitem:File|h=File]@359.9
chromium-dark-desktop › orbit-menu-sample menu-down-enter paced sample 5,orbit-menu-sample,menu,menu-down-enter,,paced,5,ArrowDown Enter,ran File | none | @button:Add attachment,0,0,ArrowDown>button:Add attachment[none|f=button:Add attachment|h=None]@25.3 ; Enter>menuitem:File[menu×1|f=menuitem:File|h=File]@373.6
chromium-dark-desktop › orbit-menu-sample menu-down-enter paced sample 6,orbit-menu-sample,menu,menu-down-enter,,paced,6,ArrowDown Enter,ran File | none | @button:Add attachment,0,0,ArrowDown>button:Add attachment[none|f=button:Add attachment|h=None]@16.9 ; Enter>menuitem:File[menu×1|f=menuitem:File|h=File]@366.6
chromium-dark-desktop › orbit-menu-sample menu-down-enter paced sample 7,orbit-menu-sample,menu,menu-down-enter,,paced,7,ArrowDown Enter,ran File | none | @button:Add attachment,0,0,ArrowDown>button:Add attachment[none|f=button:Add attachment|h=None]@25.1 ; Enter>menuitem:File[menu×1|f=menuitem:File|h=File]@382.1
chromium-dark-desktop › orbit-menu-sample menu-down-enter paced sample 8,orbit-menu-sample,menu,menu-down-enter,,paced,8,ArrowDown Enter,ran File | none | @button:Add attachment,0,0,ArrowDown>button:Add attachment[none|f=button:Add attachment|h=None]@25.5 ; Enter>menuitem:File[menu×1|f=menuitem:File|h=File]@372.7
chromium-dark-desktop › orbit-menu-sample menu-down-enter paced sample 9,orbit-menu-sample,menu,menu-down-enter,,paced,9,ArrowDown Enter,ran File | none | @button:Add attachment,0,0,ArrowDown>button:Add attachment[none|f=button:Add attachment|h=None]@38.3 ; Enter>menuitem:File[menu×1|f=menuitem:File|h=File]@401.8
chromium-dark-desktop › orbit-menu-sample menu-down-enter paced sample 10,orbit-menu-sample,menu,menu-down-enter,,paced,10,ArrowDown Enter,ran File | none | @button:Add attachment,0,0,ArrowDown>button:Add attachment[none|f=button:Add attachment|h=None]@22 ; Enter>menuitem:File[menu×1|f=menuitem:File|h=File]@363.5
chromium-dark-desktop › orbit-menu-sample menu-down-enter paced sample 11,orbit-menu-sample,menu,menu-down-enter,,paced,11,ArrowDown Enter,ran File | none | @button:Add attachment,0,0,ArrowDown>button:Add attachment[none|f=button:Add attachment|h=None]@32.3 ; Enter>menuitem:File[menu×1|f=menuitem:File|h=File]@379.3
chromium-dark-desktop › orbit-menu-sample menu-down-enter paced sample 12,orbit-menu-sample,menu,menu-down-enter,,paced,12,ArrowDown Enter,ran File | none | @button:Add attachment,0,0,ArrowDown>button:Add attachment[none|f=button:Add attachment|h=None]@23.3 ; Enter>menuitem:File[menu×1|f=menuitem:File|h=File]@369.9
chromium-dark-desktop › orbit-menu-sample menu-down-enter paced sample 13,orbit-menu-sample,menu,menu-down-enter,,paced,13,ArrowDown Enter,ran File | none | @button:Add attachment,0,0,ArrowDown>button:Add attachment[none|f=button:Add attachment|h=None]@27.5 ; Enter>menuitem:File[menu×1|f=menuitem:File|h=File]@394.8
chromium-dark-desktop › orbit-menu-sample menu-down-enter paced sample 14,orbit-menu-sample,menu,menu-down-enter,,paced,14,ArrowDown Enter,ran File | none | @button:Add attachment,0,0,ArrowDown>button:Add attachment[none|f=button:Add attachment|h=None]@16.5 ; Enter>menuitem:File[menu×1|f=menuitem:File|h=File]@381.1
chromium-dark-desktop › orbit-menu-sample menu-down-enter paced sample 15,orbit-menu-sample,menu,menu-down-enter,,paced,15,ArrowDown Enter,ran File | none | @button:Add attachment,0,0,ArrowDown>button:Add attachment[none|f=button:Add attachment|h=None]@39.3 ; Enter>menuitem:File[menu×1|f=menuitem:File|h=File]@468.1
chromium-dark-desktop › orbit-menu-sample menu-down-enter paced sample 16,orbit-menu-sample,menu,menu-down-enter,,paced,16,ArrowDown Enter,ran File | none | @button:Add attachment,0,0,ArrowDown>button:Add attachment[none|f=button:Add attachment|h=None]@23 ; Enter>menuitem:File[menu×1|f=menuitem:File|h=File]@389.3
chromium-dark-desktop › orbit-menu-sample menu-down-enter paced sample 17,orbit-menu-sample,menu,menu-down-enter,,paced,17,ArrowDown Enter,ran File | none | @button:Add attachment,0,0,ArrowDown>button:Add attachment[none|f=button:Add attachment|h=None]@14 ; Enter>menuitem:File[menu×1|f=menuitem:File|h=File]@354.3
chromium-dark-desktop › orbit-menu-sample menu-down-enter paced sample 18,orbit-menu-sample,menu,menu-down-enter,,paced,18,ArrowDown Enter,ran File | none | @button:Add attachment,0,0,ArrowDown>button:Add attachment[none|f=button:Add attachment|h=None]@20.7 ; Enter>menuitem:File[menu×1|f=menuitem:File|h=File]@367.5
chromium-dark-desktop › orbit-menu-sample menu-down-enter paced sample 19,orbit-menu-sample,menu,menu-down-enter,,paced,19,ArrowDown Enter,ran File | none | @button:Add attachment,0,0,ArrowDown>button:Add attachment[none|f=button:Add attachment|h=None]@15.2 ; Enter>menuitem:File[menu×1|f=menuitem:File|h=File]@374.2
chromium-dark-desktop › orbit-menu menu-down-end-enter burst sample 0,orbit-menu,menu,menu-down-end-enter,menu-down-enter,burst,0,ArrowDown End Enter,Action=command | none | @button:Add attachment,1,1,ArrowDown>button:Add attachment[none|f=button:Add attachment|h=None]@16.1 ; End>button:Add attachment[menu×1|f=button:Add attachment|h=File]@47.1 ; End*>menuitem:File[menu×1|f=button:Add attachment|h=File]@47.4 ; Enter>menuitem:/Command[menu×1|f=menuitem:/Command|h=/Command]@52.6
chromium-dark-desktop › orbit-menu menu-down-end-enter burst sample 1,orbit-menu,menu,menu-down-end-enter,menu-down-enter,burst,1,ArrowDown End Enter,Action=command | none | @button:Add attachment,1,1,ArrowDown>button:Add attachment[none|f=button:Add attachment|h=None]@35.3 ; End>button:Add attachment[menu×1|f=button:Add attachment|h=File]@74.7 ; End*>menuitem:File[menu×1|f=button:Add attachment|h=File]@74.9 ; Enter>menuitem:/Command[menu×1|f=menuitem:/Command|h=/Command]@79.9
chromium-dark-desktop › orbit-menu menu-down-end-enter burst sample 2,orbit-menu,menu,menu-down-end-enter,menu-down-enter,burst,2,ArrowDown End Enter,Action=command | none | @button:Add attachment,1,1,ArrowDown>button:Add attachment[none|f=button:Add attachment|h=None]@10.5 ; End>button:Add attachment[menu×1|f=button:Add attachment|h=File]@54.4 ; End*>menuitem:File[menu×1|f=button:Add attachment|h=File]@54.6 ; Enter>menuitem:/Command[menu×1|f=menuitem:/Command|h=/Command]@57.1
chromium-dark-desktop › orbit-menu menu-down-end-enter burst sample 3,orbit-menu,menu,menu-down-end-enter,menu-down-enter,burst,3,ArrowDown End Enter,Action=command | none | @button:Add attachment,1,1,ArrowDown>button:Add attachment[none|f=button:Add attachment|h=None]@13.7 ; End>button:Add attachment[menu×1|f=button:Add attachment|h=File]@43.6 ; End*>menuitem:File[menu×1|f=button:Add attachment|h=File]@43.7 ; Enter>menuitem:/Command[menu×1|f=menuitem:/Command|h=/Command]@46.4
chromium-dark-desktop › orbit-menu menu-down-end-enter burst sample 4,orbit-menu,menu,menu-down-end-enter,menu-down-enter,burst,4,ArrowDown End Enter,Action=command | none | @button:Add attachment,1,1,ArrowDown>button:Add attachment[none|f=button:Add attachment|h=None]@15.4 ; End>button:Add attachment[menu×1|f=button:Add attachment|h=File]@44 ; End*>menuitem:File[menu×1|f=button:Add attachment|h=File]@44.1 ; Enter>menuitem:/Command[menu×1|f=menuitem:/Command|h=/Command]@46.2
chromium-dark-desktop › orbit-menu menu-down-end-enter burst sample 5,orbit-menu,menu,menu-down-end-enter,menu-down-enter,burst,5,ArrowDown End Enter,Action=command | none | @button:Add attachment,1,1,ArrowDown>button:Add attachment[none|f=button:Add attachment|h=None]@14.4 ; End>button:Add attachment[menu×1|f=button:Add attachment|h=File]@41.5 ; End*>menuitem:File[menu×1|f=button:Add attachment|h=File]@41.7 ; Enter>menuitem:/Command[menu×1|f=menuitem:/Command|h=/Command]@43.5
chromium-dark-desktop › orbit-menu menu-down-end-enter burst sample 6,orbit-menu,menu,menu-down-end-enter,menu-down-enter,burst,6,ArrowDown End Enter,Action=command | none | @button:Add attachment,1,1,ArrowDown>button:Add attachment[none|f=button:Add attachment|h=None]@28.5 ; End>button:Add attachment[menu×1|f=button:Add attachment|h=File]@56 ; End*>menuitem:File[menu×1|f=button:Add attachment|h=File]@56.2 ; Enter>menuitem:/Command[menu×1|f=menuitem:/Command|h=/Command]@58.9
chromium-dark-desktop › orbit-menu menu-down-end-enter burst sample 7,orbit-menu,menu,menu-down-end-enter,menu-down-enter,burst,7,ArrowDown End Enter,Action=command | none | @button:Add attachment,1,1,ArrowDown>button:Add attachment[none|f=button:Add attachment|h=None]@17.4 ; End>button:Add attachment[menu×1|f=button:Add attachment|h=File]@45.5 ; End*>menuitem:File[menu×1|f=button:Add attachment|h=File]@45.7 ; Enter>menuitem:/Command[menu×1|f=menuitem:/Command|h=/Command]@48.3
chromium-dark-desktop › orbit-menu menu-down-end-enter burst sample 8,orbit-menu,menu,menu-down-end-enter,menu-down-enter,burst,8,ArrowDown End Enter,Action=command | none | @button:Add attachment,1,1,ArrowDown>button:Add attachment[none|f=button:Add attachment|h=None]@29.3 ; End>button:Add attachment[menu×1|f=button:Add attachment|h=File]@61.3 ; End*>menuitem:File[menu×1|f=button:Add attachment|h=File]@61.4 ; Enter>menuitem:/Command[menu×1|f=menuitem:/Command|h=/Command]@63.9
chromium-dark-desktop › orbit-menu menu-down-end-enter burst sample 9,orbit-menu,menu,menu-down-end-enter,menu-down-enter,burst,9,ArrowDown End Enter,Action=command | none | @button:Add attachment,1,1,ArrowDown>button:Add attachment[none|f=button:Add attachment|h=None]@32.6 ; End>button:Add attachment[menu×1|f=button:Add attachment|h=File]@68.9 ; End*>menuitem:File[menu×1|f=button:Add attachment|h=File]@69.1 ; Enter>menuitem:/Command[menu×1|f=menuitem:/Command|h=/Command]@72.7
chromium-dark-desktop › orbit-menu menu-down-end-enter burst sample 10,orbit-menu,menu,menu-down-end-enter,menu-down-enter,burst,10,ArrowDown End Enter,Action=command | none | @button:Add attachment,1,1,ArrowDown>button:Add attachment[none|f=button:Add attachment|h=None]@22.6 ; End>button:Add attachment[menu×1|f=button:Add attachment|h=File]@72.6 ; End*>menuitem:File[menu×1|f=button:Add attachment|h=File]@73 ; Enter>menuitem:/Command[menu×1|f=menuitem:/Command|h=/Command]@76.1
chromium-dark-desktop › orbit-menu menu-down-end-enter burst sample 11,orbit-menu,menu,menu-down-end-enter,menu-down-enter,burst,11,ArrowDown End Enter,Action=command | none | @button:Add attachment,1,1,ArrowDown>button:Add attachment[none|f=button:Add attachment|h=None]@20.2 ; End>button:Add attachment[menu×1|f=button:Add attachment|h=File]@39.9 ; End*>menuitem:File[menu×1|f=button:Add attachment|h=File]@39.9 ; Enter>menuitem:/Command[menu×1|f=menuitem:/Command|h=/Command]@41.5
chromium-dark-desktop › orbit-menu menu-down-end-enter burst sample 12,orbit-menu,menu,menu-down-end-enter,menu-down-enter,burst,12,ArrowDown End Enter,Action=command | none | @button:Add attachment,1,1,ArrowDown>button:Add attachment[none|f=button:Add attachment|h=None]@26.1 ; End>button:Add attachment[menu×1|f=button:Add attachment|h=File]@52.6 ; End*>menuitem:File[menu×1|f=button:Add attachment|h=File]@52.7 ; Enter>menuitem:/Command[menu×1|f=menuitem:/Command|h=/Command]@54.6
chromium-dark-desktop › orbit-menu menu-down-end-enter burst sample 13,orbit-menu,menu,menu-down-end-enter,menu-down-enter,burst,13,ArrowDown End Enter,Action=command | none | @button:Add attachment,1,1,ArrowDown>button:Add attachment[none|f=button:Add attachment|h=None]@20 ; End>button:Add attachment[menu×1|f=button:Add attachment|h=File]@47.4 ; End*>menuitem:File[menu×1|f=button:Add attachment|h=File]@47.6 ; Enter>menuitem:/Command[menu×1|f=menuitem:/Command|h=/Command]@49.8
chromium-dark-desktop › orbit-menu menu-down-end-enter burst sample 14,orbit-menu,menu,menu-down-end-enter,menu-down-enter,burst,14,ArrowDown End Enter,Action=command | none | @button:Add attachment,1,1,ArrowDown>button:Add attachment[none|f=button:Add attachment|h=None]@17.9 ; End>button:Add attachment[menu×1|f=button:Add attachment|h=File]@39.5 ; End*>menuitem:File[menu×1|f=button:Add attachment|h=File]@39.6 ; Enter>menuitem:/Command[menu×1|f=menuitem:/Command|h=/Command]@41.2
chromium-dark-desktop › orbit-menu menu-down-end-enter burst sample 15,orbit-menu,menu,menu-down-end-enter,menu-down-enter,burst,15,ArrowDown End Enter,Action=command | none | @button:Add attachment,1,1,ArrowDown>button:Add attachment[none|f=button:Add attachment|h=None]@23.8 ; End>button:Add attachment[menu×1|f=button:Add attachment|h=File]@46.1 ; End*>menuitem:File[menu×1|f=button:Add attachment|h=File]@46.3 ; Enter>menuitem:/Command[menu×1|f=menuitem:/Command|h=/Command]@48
chromium-dark-desktop › orbit-menu menu-down-end-enter burst sample 16,orbit-menu,menu,menu-down-end-enter,menu-down-enter,burst,16,ArrowDown End Enter,Action=command | none | @button:Add attachment,1,1,ArrowDown>button:Add attachment[none|f=button:Add attachment|h=None]@23.1 ; End>button:Add attachment[menu×1|f=button:Add attachment|h=File]@48.2 ; End*>menuitem:File[menu×1|f=button:Add attachment|h=File]@48.3 ; Enter>menuitem:/Command[menu×1|f=menuitem:/Command|h=/Command]@51.2
chromium-dark-desktop › orbit-menu menu-down-end-enter burst sample 17,orbit-menu,menu,menu-down-end-enter,menu-down-enter,burst,17,ArrowDown End Enter,Action=command | none | @button:Add attachment,1,1,ArrowDown>button:Add attachment[none|f=button:Add attachment|h=None]@23.9 ; End>button:Add attachment[menu×1|f=button:Add attachment|h=File]@59.5 ; End*>menuitem:File[menu×1|f=button:Add attachment|h=File]@59.7 ; Enter>menuitem:/Command[menu×1|f=menuitem:/Command|h=/Command]@62.8
chromium-dark-desktop › orbit-menu menu-down-end-enter burst sample 18,orbit-menu,menu,menu-down-end-enter,menu-down-enter,burst,18,ArrowDown End Enter,Action=command | none | @button:Add attachment,1,1,ArrowDown>button:Add attachment[none|f=button:Add attachment|h=None]@27.9 ; End>button:Add attachment[menu×1|f=button:Add attachment|h=File]@60.2 ; End*>menuitem:File[menu×1|f=button:Add attachment|h=File]@60.4 ; Enter>menuitem:/Command[menu×1|f=menuitem:/Command|h=/Command]@62.9
chromium-dark-desktop › orbit-menu menu-down-end-enter burst sample 19,orbit-menu,menu,menu-down-end-enter,menu-down-enter,burst,19,ArrowDown End Enter,Action=command | none | @button:Add attachment,1,1,ArrowDown>button:Add attachment[none|f=button:Add attachment|h=None]@20.1 ; End>button:Add attachment[menu×1|f=button:Add attachment|h=File]@51.8 ; End*>menuitem:File[menu×1|f=button:Add attachment|h=File]@52 ; Enter>menuitem:/Command[menu×1|f=menuitem:/Command|h=/Command]@54.7
chromium-dark-desktop › orbit-menu menu-down-end-enter paced sample 0,orbit-menu,menu,menu-down-end-enter,menu-down-enter,paced,0,ArrowDown End Enter,Action=command | none | @button:Add attachment,0,0,ArrowDown>button:Add attachment[none|f=button:Add attachment|h=None]@28.4 ; End>menuitem:File[menu×1|f=menuitem:File|h=File]@361.7 ; Enter>menuitem:/Command[menu×1|f=menuitem:/Command|h=/Command]@673.1
chromium-dark-desktop › orbit-menu menu-down-end-enter paced sample 1,orbit-menu,menu,menu-down-end-enter,menu-down-enter,paced,1,ArrowDown End Enter,Action=command | none | @button:Add attachment,0,0,ArrowDown>button:Add attachment[none|f=button:Add attachment|h=None]@21.9 ; End>menuitem:File[menu×1|f=menuitem:File|h=File]@373.5 ; Enter>menuitem:/Command[menu×1|f=menuitem:/Command|h=/Command]@690.4
chromium-dark-desktop › orbit-menu menu-down-end-enter paced sample 2,orbit-menu,menu,menu-down-end-enter,menu-down-enter,paced,2,ArrowDown End Enter,Action=command | none | @button:Add attachment,0,0,ArrowDown>button:Add attachment[none|f=button:Add attachment|h=None]@19.4 ; End>menuitem:File[menu×1|f=menuitem:File|h=File]@366.3 ; Enter>menuitem:/Command[menu×1|f=menuitem:/Command|h=/Command]@682.5
chromium-dark-desktop › orbit-menu menu-down-end-enter paced sample 3,orbit-menu,menu,menu-down-end-enter,menu-down-enter,paced,3,ArrowDown End Enter,Action=command | none | @button:Add attachment,0,0,ArrowDown>button:Add attachment[none|f=button:Add attachment|h=None]@20.3 ; End>menuitem:File[menu×1|f=menuitem:File|h=File]@347 ; Enter>menuitem:/Command[menu×1|f=menuitem:/Command|h=/Command]@664.3
chromium-dark-desktop › orbit-menu menu-down-end-enter paced sample 4,orbit-menu,menu,menu-down-end-enter,menu-down-enter,paced,4,ArrowDown End Enter,Action=command | none | @button:Add attachment,0,0,ArrowDown>button:Add attachment[none|f=button:Add attachment|h=None]@30.1 ; End>menuitem:File[menu×1|f=menuitem:File|h=File]@368.9 ; Enter>menuitem:/Command[menu×1|f=menuitem:/Command|h=/Command]@678.1
chromium-dark-desktop › orbit-menu menu-down-end-enter paced sample 5,orbit-menu,menu,menu-down-end-enter,menu-down-enter,paced,5,ArrowDown End Enter,Action=command | none | @button:Add attachment,0,0,ArrowDown>button:Add attachment[none|f=button:Add attachment|h=None]@9.5 ; End>menuitem:File[menu×1|f=menuitem:File|h=File]@400.1 ; Enter>menuitem:/Command[menu×1|f=menuitem:/Command|h=/Command]@733
chromium-dark-desktop › orbit-menu menu-down-end-enter paced sample 6,orbit-menu,menu,menu-down-end-enter,menu-down-enter,paced,6,ArrowDown End Enter,Action=command | none | @button:Add attachment,0,0,ArrowDown>button:Add attachment[none|f=button:Add attachment|h=None]@17.4 ; End>menuitem:File[menu×1|f=menuitem:File|h=File]@373.1 ; Enter>menuitem:/Command[menu×1|f=menuitem:/Command|h=/Command]@692.9
chromium-dark-desktop › orbit-menu menu-down-end-enter paced sample 7,orbit-menu,menu,menu-down-end-enter,menu-down-enter,paced,7,ArrowDown End Enter,Action=command | none | @button:Add attachment,0,0,ArrowDown>button:Add attachment[none|f=button:Add attachment|h=None]@28.6 ; End>menuitem:File[menu×1|f=menuitem:File|h=File]@389.1 ; Enter>menuitem:/Command[menu×1|f=menuitem:/Command|h=/Command]@702.4
chromium-dark-desktop › orbit-menu menu-down-end-enter paced sample 8,orbit-menu,menu,menu-down-end-enter,menu-down-enter,paced,8,ArrowDown End Enter,Action=command | none | @button:Add attachment,0,0,ArrowDown>button:Add attachment[none|f=button:Add attachment|h=None]@26.1 ; End>menuitem:File[menu×1|f=menuitem:File|h=File]@374.2 ; Enter>menuitem:/Command[menu×1|f=menuitem:/Command|h=/Command]@683.8
chromium-dark-desktop › orbit-menu menu-down-end-enter paced sample 9,orbit-menu,menu,menu-down-end-enter,menu-down-enter,paced,9,ArrowDown End Enter,Action=command | none | @button:Add attachment,0,0,ArrowDown>button:Add attachment[none|f=button:Add attachment|h=None]@31.6 ; End>menuitem:File[menu×1|f=menuitem:File|h=File]@370.2 ; Enter>menuitem:/Command[menu×1|f=menuitem:/Command|h=/Command]@684.7
chromium-dark-desktop › orbit-menu menu-down-end-enter paced sample 10,orbit-menu,menu,menu-down-end-enter,menu-down-enter,paced,10,ArrowDown End Enter,Action=command | none | @button:Add attachment,0,0,ArrowDown>button:Add attachment[none|f=button:Add attachment|h=None]@16.9 ; End>menuitem:File[menu×1|f=menuitem:File|h=File]@367.1 ; Enter>menuitem:/Command[menu×1|f=menuitem:/Command|h=/Command]@680.3
chromium-dark-desktop › orbit-menu menu-down-end-enter paced sample 11,orbit-menu,menu,menu-down-end-enter,menu-down-enter,paced,11,ArrowDown End Enter,Action=command | none | @button:Add attachment,0,0,ArrowDown>button:Add attachment[none|f=button:Add attachment|h=None]@16.3 ; End>menuitem:File[menu×1|f=menuitem:File|h=File]@361.5 ; Enter>menuitem:/Command[menu×1|f=menuitem:/Command|h=/Command]@675.5
chromium-dark-desktop › orbit-menu menu-down-end-enter paced sample 12,orbit-menu,menu,menu-down-end-enter,menu-down-enter,paced,12,ArrowDown End Enter,Action=command | none | @button:Add attachment,0,0,ArrowDown>button:Add attachment[none|f=button:Add attachment|h=None]@30.1 ; End>menuitem:File[menu×1|f=menuitem:File|h=File]@401.5 ; Enter>menuitem:/Command[menu×1|f=menuitem:/Command|h=/Command]@711.6
chromium-dark-desktop › orbit-menu menu-down-end-enter paced sample 13,orbit-menu,menu,menu-down-end-enter,menu-down-enter,paced,13,ArrowDown End Enter,Action=command | none | @button:Add attachment,0,0,ArrowDown>button:Add attachment[none|f=button:Add attachment|h=None]@56.4 ; End>menuitem:File[menu×1|f=menuitem:File|h=File]@469.1 ; Enter>menuitem:/Command[menu×1|f=menuitem:/Command|h=/Command]@820
chromium-dark-desktop › orbit-menu menu-down-end-enter paced sample 14,orbit-menu,menu,menu-down-end-enter,menu-down-enter,paced,14,ArrowDown End Enter,Action=command | none | @button:Add attachment,0,0,ArrowDown>button:Add attachment[none|f=button:Add attachment|h=None]@32.7 ; End>menuitem:File[menu×1|f=menuitem:File|h=File]@444.9 ; Enter>menuitem:/Command[menu×1|f=menuitem:/Command|h=/Command]@776.2
chromium-dark-desktop › orbit-menu menu-down-end-enter paced sample 15,orbit-menu,menu,menu-down-end-enter,menu-down-enter,paced,15,ArrowDown End Enter,Action=command | none | @button:Add attachment,0,0,ArrowDown>button:Add attachment[none|f=button:Add attachment|h=None]@26.3 ; End>menuitem:File[menu×1|f=menuitem:File|h=File]@380.7 ; Enter>menuitem:/Command[menu×1|f=menuitem:/Command|h=/Command]@719.1
chromium-dark-desktop › orbit-menu menu-down-end-enter paced sample 16,orbit-menu,menu,menu-down-end-enter,menu-down-enter,paced,16,ArrowDown End Enter,Action=command | none | @button:Add attachment,0,0,ArrowDown>button:Add attachment[none|f=button:Add attachment|h=None]@23.9 ; End>menuitem:File[menu×1|f=menuitem:File|h=File]@458.8 ; Enter>menuitem:/Command[menu×1|f=menuitem:/Command|h=/Command]@791.9
chromium-dark-desktop › orbit-menu menu-down-end-enter paced sample 17,orbit-menu,menu,menu-down-end-enter,menu-down-enter,paced,17,ArrowDown End Enter,Action=command | none | @button:Add attachment,0,0,ArrowDown>button:Add attachment[none|f=button:Add attachment|h=None]@18.4 ; End>menuitem:File[menu×1|f=menuitem:File|h=File]@367.3 ; Enter>menuitem:/Command[menu×1|f=menuitem:/Command|h=/Command]@685.2
chromium-dark-desktop › orbit-menu menu-down-end-enter paced sample 18,orbit-menu,menu,menu-down-end-enter,menu-down-enter,paced,18,ArrowDown End Enter,Action=command | none | @button:Add attachment,0,0,ArrowDown>button:Add attachment[none|f=button:Add attachment|h=None]@18.7 ; End>menuitem:File[menu×1|f=menuitem:File|h=File]@370.7 ; Enter>menuitem:/Command[menu×1|f=menuitem:/Command|h=/Command]@714.6
chromium-dark-desktop › orbit-menu menu-down-end-enter paced sample 19,orbit-menu,menu,menu-down-end-enter,menu-down-enter,paced,19,ArrowDown End Enter,Action=command | none | @button:Add attachment,0,0,ArrowDown>button:Add attachment[none|f=button:Add attachment|h=None]@21 ; End>menuitem:File[menu×1|f=menuitem:File|h=File]@363.2 ; Enter>menuitem:/Command[menu×1|f=menuitem:/Command|h=/Command]@680.1
chromium-dark-desktop › orbit-menu-sample menu-down-end-enter burst sample 0,orbit-menu-sample,menu,menu-down-end-enter,menu-down-enter,burst,0,ArrowDown End Enter,ran /Command | none | @button:Add attachment,1,1,ArrowDown>button:Add attachment[none|f=button:Add attachment|h=None]@41.9 ; End>button:Add attachment[menu×1|f=button:Add attachment|h=File]@81.2 ; End*>menuitem:File[menu×1|f=button:Add attachment|h=File]@81.3 ; Enter>menuitem:/Command[menu×1|f=menuitem:/Command|h=/Command]@83.4
chromium-dark-desktop › orbit-menu-sample menu-down-end-enter burst sample 1,orbit-menu-sample,menu,menu-down-end-enter,menu-down-enter,burst,1,ArrowDown End Enter,ran /Command | none | @button:Add attachment,1,1,ArrowDown>button:Add attachment[none|f=button:Add attachment|h=None]@54.2 ; End>button:Add attachment[menu×1|f=button:Add attachment|h=File]@113.8 ; End*>menuitem:File[menu×1|f=button:Add attachment|h=File]@113.9 ; Enter>menuitem:/Command[menu×1|f=menuitem:/Command|h=/Command]@119.2
chromium-dark-desktop › orbit-menu-sample menu-down-end-enter burst sample 2,orbit-menu-sample,menu,menu-down-end-enter,menu-down-enter,burst,2,ArrowDown End Enter,ran /Command | none | @button:Add attachment,1,1,ArrowDown>button:Add attachment[none|f=button:Add attachment|h=None]@21.8 ; End>button:Add attachment[menu×1|f=button:Add attachment|h=File]@67.5 ; End*>menuitem:File[menu×1|f=button:Add attachment|h=File]@67.6 ; Enter>menuitem:/Command[menu×1|f=menuitem:/Command|h=/Command]@70.8
chromium-dark-desktop › orbit-menu-sample menu-down-end-enter burst sample 3,orbit-menu-sample,menu,menu-down-end-enter,menu-down-enter,burst,3,ArrowDown End Enter,ran /Command | none | @button:Add attachment,1,1,ArrowDown>button:Add attachment[none|f=button:Add attachment|h=None]@17.9 ; End>button:Add attachment[menu×1|f=button:Add attachment|h=File]@50.2 ; End*>menuitem:File[menu×1|f=button:Add attachment|h=File]@50.2 ; Enter>menuitem:/Command[menu×1|f=menuitem:/Command|h=/Command]@52
chromium-dark-desktop › orbit-menu-sample menu-down-end-enter burst sample 4,orbit-menu-sample,menu,menu-down-end-enter,menu-down-enter,burst,4,ArrowDown End Enter,ran /Command | none | @button:Add attachment,1,1,ArrowDown>button:Add attachment[none|f=button:Add attachment|h=None]@21 ; End>button:Add attachment[menu×1|f=button:Add attachment|h=File]@53.1 ; End*>menuitem:File[menu×1|f=button:Add attachment|h=File]@53.3 ; Enter>menuitem:/Command[menu×1|f=menuitem:/Command|h=/Command]@55.2
chromium-dark-desktop › orbit-menu-sample menu-down-end-enter burst sample 5,orbit-menu-sample,menu,menu-down-end-enter,menu-down-enter,burst,5,ArrowDown End Enter,ran /Command | none | @button:Add attachment,1,1,ArrowDown>button:Add attachment[none|f=button:Add attachment|h=None]@26.7 ; End>button:Add attachment[menu×1|f=button:Add attachment|h=File]@76.5 ; End*>menuitem:File[menu×1|f=button:Add attachment|h=File]@76.8 ; Enter>menuitem:/Command[menu×1|f=menuitem:/Command|h=/Command]@82
chromium-dark-desktop › orbit-menu-sample menu-down-end-enter burst sample 6,orbit-menu-sample,menu,menu-down-end-enter,menu-down-enter,burst,6,ArrowDown End Enter,ran /Command | none | @button:Add attachment,1,1,ArrowDown>button:Add attachment[none|f=button:Add attachment|h=None]@29.6 ; End>button:Add attachment[menu×1|f=button:Add attachment|h=File]@86.4 ; End*>menuitem:File[menu×1|f=button:Add attachment|h=File]@86.5 ; Enter>menuitem:/Command[menu×1|f=menuitem:/Command|h=/Command]@89.1
chromium-dark-desktop › orbit-menu-sample menu-down-end-enter burst sample 7,orbit-menu-sample,menu,menu-down-end-enter,menu-down-enter,burst,7,ArrowDown End Enter,ran /Command | none | @button:Add attachment,1,1,ArrowDown>button:Add attachment[none|f=button:Add attachment|h=None]@29.3 ; End>button:Add attachment[menu×1|f=button:Add attachment|h=File]@65 ; End*>menuitem:File[menu×1|f=button:Add attachment|h=File]@65.1 ; Enter>menuitem:/Command[menu×1|f=menuitem:/Command|h=/Command]@66.5
chromium-dark-desktop › orbit-menu-sample menu-down-end-enter burst sample 8,orbit-menu-sample,menu,menu-down-end-enter,menu-down-enter,burst,8,ArrowDown End Enter,ran /Command | none | @button:Add attachment,1,1,ArrowDown>button:Add attachment[none|f=button:Add attachment|h=None]@30.7 ; End>button:Add attachment[menu×1|f=button:Add attachment|h=File]@88.7 ; End*>menuitem:File[menu×1|f=button:Add attachment|h=File]@88.8 ; Enter>menuitem:/Command[menu×1|f=menuitem:/Command|h=/Command]@90.2
chromium-dark-desktop › orbit-menu-sample menu-down-end-enter burst sample 9,orbit-menu-sample,menu,menu-down-end-enter,menu-down-enter,burst,9,ArrowDown End Enter,ran /Command | none | @button:Add attachment,1,1,ArrowDown>button:Add attachment[none|f=button:Add attachment|h=None]@23.7 ; End>button:Add attachment[menu×1|f=button:Add attachment|h=File]@86.6 ; End*>menuitem:File[menu×1|f=button:Add attachment|h=File]@86.8 ; Enter>menuitem:/Command[menu×1|f=menuitem:/Command|h=/Command]@89.7
chromium-dark-desktop › orbit-menu-sample menu-down-end-enter burst sample 10,orbit-menu-sample,menu,menu-down-end-enter,menu-down-enter,burst,10,ArrowDown End Enter,ran /Command | none | @button:Add attachment,1,1,ArrowDown>button:Add attachment[none|f=button:Add attachment|h=None]@20.4 ; End>button:Add attachment[menu×1|f=button:Add attachment|h=File]@67.7 ; End*>menuitem:File[menu×1|f=button:Add attachment|h=File]@67.9 ; Enter>menuitem:/Command[menu×1|f=menuitem:/Command|h=/Command]@70.4
chromium-dark-desktop › orbit-menu-sample menu-down-end-enter burst sample 11,orbit-menu-sample,menu,menu-down-end-enter,menu-down-enter,burst,11,ArrowDown End Enter,ran /Command | none | @button:Add attachment,1,1,ArrowDown>button:Add attachment[none|f=button:Add attachment|h=None]@20.7 ; End>button:Add attachment[menu×1|f=button:Add attachment|h=File]@69.1 ; End*>menuitem:File[menu×1|f=button:Add attachment|h=File]@69.2 ; Enter>menuitem:/Command[menu×1|f=menuitem:/Command|h=/Command]@71.7
chromium-dark-desktop › orbit-menu-sample menu-down-end-enter burst sample 12,orbit-menu-sample,menu,menu-down-end-enter,menu-down-enter,burst,12,ArrowDown End Enter,ran /Command | none | @button:Add attachment,1,1,ArrowDown>button:Add attachment[none|f=button:Add attachment|h=None]@18.6 ; End>button:Add attachment[menu×1|f=button:Add attachment|h=File]@65.9 ; End*>menuitem:File[menu×1|f=button:Add attachment|h=File]@66.1 ; Enter>menuitem:/Command[menu×1|f=menuitem:/Command|h=/Command]@68.5
chromium-dark-desktop › orbit-menu-sample menu-down-end-enter burst sample 13,orbit-menu-sample,menu,menu-down-end-enter,menu-down-enter,burst,13,ArrowDown End Enter,ran /Command | none | @button:Add attachment,1,1,ArrowDown>button:Add attachment[none|f=button:Add attachment|h=None]@15.7 ; End>button:Add attachment[menu×1|f=button:Add attachment|h=File]@55.8 ; End*>menuitem:File[menu×1|f=button:Add attachment|h=File]@55.9 ; Enter>menuitem:/Command[menu×1|f=menuitem:/Command|h=/Command]@58.6
chromium-dark-desktop › orbit-menu-sample menu-down-end-enter burst sample 14,orbit-menu-sample,menu,menu-down-end-enter,menu-down-enter,burst,14,ArrowDown End Enter,ran /Command | none | @button:Add attachment,1,1,ArrowDown>button:Add attachment[none|f=button:Add attachment|h=None]@10 ; End>button:Add attachment[menu×1|f=button:Add attachment|h=File]@46.7 ; End*>menuitem:File[menu×1|f=button:Add attachment|h=File]@46.9 ; Enter>menuitem:/Command[menu×1|f=menuitem:/Command|h=/Command]@49.3
chromium-dark-desktop › orbit-menu-sample menu-down-end-enter burst sample 15,orbit-menu-sample,menu,menu-down-end-enter,menu-down-enter,burst,15,ArrowDown End Enter,ran /Command | none | @button:Add attachment,1,1,ArrowDown>button:Add attachment[none|f=button:Add attachment|h=None]@24.3 ; End>button:Add attachment[menu×1|f=button:Add attachment|h=File]@59.8 ; End*>menuitem:File[menu×1|f=button:Add attachment|h=File]@59.9 ; Enter>menuitem:/Command[menu×1|f=menuitem:/Command|h=/Command]@61.8
chromium-dark-desktop › orbit-menu-sample menu-down-end-enter burst sample 16,orbit-menu-sample,menu,menu-down-end-enter,menu-down-enter,burst,16,ArrowDown End Enter,ran /Command | none | @button:Add attachment,1,1,ArrowDown>button:Add attachment[none|f=button:Add attachment|h=None]@32 ; End>button:Add attachment[menu×1|f=button:Add attachment|h=File]@77.7 ; End*>menuitem:File[menu×1|f=button:Add attachment|h=File]@77.9 ; Enter>menuitem:/Command[menu×1|f=menuitem:/Command|h=/Command]@80.6
chromium-dark-desktop › orbit-menu-sample menu-down-end-enter burst sample 17,orbit-menu-sample,menu,menu-down-end-enter,menu-down-enter,burst,17,ArrowDown End Enter,ran /Command | none | @button:Add attachment,1,1,ArrowDown>button:Add attachment[none|f=button:Add attachment|h=None]@19.2 ; End>button:Add attachment[menu×1|f=button:Add attachment|h=File]@51.3 ; End*>menuitem:File[menu×1|f=button:Add attachment|h=File]@51.5 ; Enter>menuitem:/Command[menu×1|f=menuitem:/Command|h=/Command]@53.5
chromium-dark-desktop › orbit-menu-sample menu-down-end-enter burst sample 18,orbit-menu-sample,menu,menu-down-end-enter,menu-down-enter,burst,18,ArrowDown End Enter,ran /Command | none | @button:Add attachment,1,1,ArrowDown>button:Add attachment[none|f=button:Add attachment|h=None]@17.6 ; End>button:Add attachment[menu×1|f=button:Add attachment|h=File]@53.5 ; End*>menuitem:File[menu×1|f=button:Add attachment|h=File]@53.6 ; Enter>menuitem:/Command[menu×1|f=menuitem:/Command|h=/Command]@56
chromium-dark-desktop › orbit-menu-sample menu-down-end-enter burst sample 19,orbit-menu-sample,menu,menu-down-end-enter,menu-down-enter,burst,19,ArrowDown End Enter,ran /Command | none | @button:Add attachment,1,1,ArrowDown>button:Add attachment[none|f=button:Add attachment|h=None]@38 ; End>button:Add attachment[menu×1|f=button:Add attachment|h=File]@90 ; End*>menuitem:File[menu×1|f=button:Add attachment|h=File]@90.2 ; Enter>menuitem:/Command[menu×1|f=menuitem:/Command|h=/Command]@93.4
chromium-dark-desktop › orbit-menu-sample menu-down-end-enter paced sample 0,orbit-menu-sample,menu,menu-down-end-enter,menu-down-enter,paced,0,ArrowDown End Enter,ran /Command | none | @button:Add attachment,0,0,ArrowDown>button:Add attachment[none|f=button:Add attachment|h=None]@35.4 ; End>menuitem:File[menu×1|f=menuitem:File|h=File]@374.4 ; Enter>menuitem:/Command[menu×1|f=menuitem:/Command|h=/Command]@692.2
chromium-dark-desktop › orbit-menu-sample menu-down-end-enter paced sample 1,orbit-menu-sample,menu,menu-down-end-enter,menu-down-enter,paced,1,ArrowDown End Enter,ran /Command | none | @button:Add attachment,0,0,ArrowDown>button:Add attachment[none|f=button:Add attachment|h=None]@11.7 ; End>menuitem:File[menu×1|f=menuitem:File|h=File]@406.8 ; Enter>menuitem:/Command[menu×1|f=menuitem:/Command|h=/Command]@789.6
chromium-dark-desktop › orbit-menu-sample menu-down-end-enter paced sample 2,orbit-menu-sample,menu,menu-down-end-enter,menu-down-enter,paced,2,ArrowDown End Enter,ran /Command | none | @button:Add attachment,0,0,ArrowDown>button:Add attachment[none|f=button:Add attachment|h=None]@36.4 ; End>menuitem:File[menu×1|f=menuitem:File|h=File]@432 ; Enter>menuitem:/Command[menu×1|f=menuitem:/Command|h=/Command]@743.1
chromium-dark-desktop › orbit-menu-sample menu-down-end-enter paced sample 3,orbit-menu-sample,menu,menu-down-end-enter,menu-down-enter,paced,3,ArrowDown End Enter,ran /Command | none | @button:Add attachment,0,0,ArrowDown>button:Add attachment[none|f=button:Add attachment|h=None]@21.2 ; End>menuitem:File[menu×1|f=menuitem:File|h=File]@359.8 ; Enter>menuitem:/Command[menu×1|f=menuitem:/Command|h=/Command]@671.1
chromium-dark-desktop › orbit-menu-sample menu-down-end-enter paced sample 4,orbit-menu-sample,menu,menu-down-end-enter,menu-down-enter,paced,4,ArrowDown End Enter,ran /Command | none | @button:Add attachment,0,0,ArrowDown>button:Add attachment[none|f=button:Add attachment|h=None]@14 ; End>menuitem:File[menu×1|f=menuitem:File|h=File]@361.4 ; Enter>menuitem:/Command[menu×1|f=menuitem:/Command|h=/Command]@668.7
chromium-dark-desktop › orbit-menu-sample menu-down-end-enter paced sample 5,orbit-menu-sample,menu,menu-down-end-enter,menu-down-enter,paced,5,ArrowDown End Enter,ran /Command | none | @button:Add attachment,0,0,ArrowDown>button:Add attachment[none|f=button:Add attachment|h=None]@33.7 ; End>menuitem:File[menu×1|f=menuitem:File|h=File]@377 ; Enter>menuitem:/Command[menu×1|f=menuitem:/Command|h=/Command]@684.4
chromium-dark-desktop › orbit-menu-sample menu-down-end-enter paced sample 6,orbit-menu-sample,menu,menu-down-end-enter,menu-down-enter,paced,6,ArrowDown End Enter,ran /Command | none | @button:Add attachment,0,0,ArrowDown>button:Add attachment[none|f=button:Add attachment|h=None]@14.4 ; End>menuitem:File[menu×1|f=menuitem:File|h=File]@364.4 ; Enter>menuitem:/Command[menu×1|f=menuitem:/Command|h=/Command]@676.3
chromium-dark-desktop › orbit-menu-sample menu-down-end-enter paced sample 7,orbit-menu-sample,menu,menu-down-end-enter,menu-down-enter,paced,7,ArrowDown End Enter,ran /Command | none | @button:Add attachment,0,0,ArrowDown>button:Add attachment[none|f=button:Add attachment|h=None]@27.5 ; End>menuitem:File[menu×1|f=menuitem:File|h=File]@376 ; Enter>menuitem:/Command[menu×1|f=menuitem:/Command|h=/Command]@682.8
chromium-dark-desktop › orbit-menu-sample menu-down-end-enter paced sample 8,orbit-menu-sample,menu,menu-down-end-enter,menu-down-enter,paced,8,ArrowDown End Enter,ran /Command | none | @button:Add attachment,0,0,ArrowDown>button:Add attachment[none|f=button:Add attachment|h=None]@29.2 ; End>menuitem:File[menu×1|f=menuitem:File|h=File]@374.8 ; Enter>menuitem:/Command[menu×1|f=menuitem:/Command|h=/Command]@684.1
chromium-dark-desktop › orbit-menu-sample menu-down-end-enter paced sample 9,orbit-menu-sample,menu,menu-down-end-enter,menu-down-enter,paced,9,ArrowDown End Enter,ran /Command | none | @button:Add attachment,0,0,ArrowDown>button:Add attachment[none|f=button:Add attachment|h=None]@21.5 ; End>menuitem:File[menu×1|f=menuitem:File|h=File]@371.9 ; Enter>menuitem:/Command[menu×1|f=menuitem:/Command|h=/Command]@679.5
chromium-dark-desktop › orbit-menu-sample menu-down-end-enter paced sample 10,orbit-menu-sample,menu,menu-down-end-enter,menu-down-enter,paced,10,ArrowDown End Enter,ran /Command | none | @button:Add attachment,0,0,ArrowDown>button:Add attachment[none|f=button:Add attachment|h=None]@26.9 ; End>menuitem:File[menu×1|f=menuitem:File|h=File]@380.1 ; Enter>menuitem:/Command[menu×1|f=menuitem:/Command|h=/Command]@695.1
chromium-dark-desktop › orbit-menu-sample menu-down-end-enter paced sample 11,orbit-menu-sample,menu,menu-down-end-enter,menu-down-enter,paced,11,ArrowDown End Enter,ran /Command | none | @button:Add attachment,0,0,ArrowDown>button:Add attachment[none|f=button:Add attachment|h=None]@24.7 ; End>menuitem:File[menu×1|f=menuitem:File|h=File]@391.6 ; Enter>menuitem:/Command[menu×1|f=menuitem:/Command|h=/Command]@710.7
chromium-dark-desktop › orbit-menu-sample menu-down-end-enter paced sample 12,orbit-menu-sample,menu,menu-down-end-enter,menu-down-enter,paced,12,ArrowDown End Enter,ran /Command | none | @button:Add attachment,0,0,ArrowDown>button:Add attachment[none|f=button:Add attachment|h=None]@22.1 ; End>menuitem:File[menu×1|f=menuitem:File|h=File]@365.3 ; Enter>menuitem:/Command[menu×1|f=menuitem:/Command|h=/Command]@679.2
chromium-dark-desktop › orbit-menu-sample menu-down-end-enter paced sample 13,orbit-menu-sample,menu,menu-down-end-enter,menu-down-enter,paced,13,ArrowDown End Enter,ran /Command | none | @button:Add attachment,0,0,ArrowDown>button:Add attachment[none|f=button:Add attachment|h=None]@29.6 ; End>menuitem:File[menu×1|f=menuitem:File|h=File]@368.7 ; Enter>menuitem:/Command[menu×1|f=menuitem:/Command|h=/Command]@680.7
chromium-dark-desktop › orbit-menu-sample menu-down-end-enter paced sample 14,orbit-menu-sample,menu,menu-down-end-enter,menu-down-enter,paced,14,ArrowDown End Enter,ran /Command | none | @button:Add attachment,0,0,ArrowDown>button:Add attachment[none|f=button:Add attachment|h=None]@27.4 ; End>menuitem:File[menu×1|f=menuitem:File|h=File]@368.2 ; Enter>menuitem:/Command[menu×1|f=menuitem:/Command|h=/Command]@682.4
chromium-dark-desktop › orbit-menu-sample menu-down-end-enter paced sample 15,orbit-menu-sample,menu,menu-down-end-enter,menu-down-enter,paced,15,ArrowDown End Enter,ran /Command | none | @button:Add attachment,0,0,ArrowDown>button:Add attachment[none|f=button:Add attachment|h=None]@32.6 ; End>menuitem:File[menu×1|f=menuitem:File|h=File]@387.2 ; Enter>menuitem:/Command[menu×1|f=menuitem:/Command|h=/Command]@702.1
chromium-dark-desktop › orbit-menu-sample menu-down-end-enter paced sample 16,orbit-menu-sample,menu,menu-down-end-enter,menu-down-enter,paced,16,ArrowDown End Enter,ran /Command | none | @button:Add attachment,0,0,ArrowDown>button:Add attachment[none|f=button:Add attachment|h=None]@30.1 ; End>menuitem:File[menu×1|f=menuitem:File|h=File]@371.3 ; Enter>menuitem:/Command[menu×1|f=menuitem:/Command|h=/Command]@679.9
chromium-dark-desktop › orbit-menu-sample menu-down-end-enter paced sample 17,orbit-menu-sample,menu,menu-down-end-enter,menu-down-enter,paced,17,ArrowDown End Enter,ran /Command | none | @button:Add attachment,0,0,ArrowDown>button:Add attachment[none|f=button:Add attachment|h=None]@24 ; End>menuitem:File[menu×1|f=menuitem:File|h=File]@362.1 ; Enter>menuitem:/Command[menu×1|f=menuitem:/Command|h=/Command]@670.1
chromium-dark-desktop › orbit-menu-sample menu-down-end-enter paced sample 18,orbit-menu-sample,menu,menu-down-end-enter,menu-down-enter,paced,18,ArrowDown End Enter,ran /Command | none | @button:Add attachment,0,0,ArrowDown>button:Add attachment[none|f=button:Add attachment|h=None]@22.4 ; End>menuitem:File[menu×1|f=menuitem:File|h=File]@388.2 ; Enter>menuitem:/Command[menu×1|f=menuitem:/Command|h=/Command]@696.9
chromium-dark-desktop › orbit-menu-sample menu-down-end-enter paced sample 19,orbit-menu-sample,menu,menu-down-end-enter,menu-down-enter,paced,19,ArrowDown End Enter,ran /Command | none | @button:Add attachment,0,0,ArrowDown>button:Add attachment[none|f=button:Add attachment|h=None]@26.2 ; End>menuitem:File[menu×1|f=menuitem:File|h=File]@367.1 ; Enter>menuitem:/Command[menu×1|f=menuitem:/Command|h=/Command]@839.9
chromium-dark-desktop › orbit-menu menu-up-enter burst sample 0,orbit-menu,menu,menu-up-enter,,burst,0,ArrowUp Enter,Action=command | none | @button:Add attachment,1,1,ArrowUp>button:Add attachment[none|f=button:Add attachment|h=None]@15.4 ; Enter>button:Add attachment[menu×1|f=button:Add attachment|h=/Command]@47.3 ; Enter*>menuitem:/Command[menu×1|f=button:Add attachment|h=/Command]@47.6
chromium-dark-desktop › orbit-menu menu-up-enter burst sample 1,orbit-menu,menu,menu-up-enter,,burst,1,ArrowUp Enter,Action=command | none | @button:Add attachment,1,1,ArrowUp>button:Add attachment[none|f=button:Add attachment|h=None]@28 ; Enter>button:Add attachment[menu×1|f=button:Add attachment|h=/Command]@57.3 ; Enter*>menuitem:/Command[menu×1|f=button:Add attachment|h=/Command]@57.6
chromium-dark-desktop › orbit-menu menu-up-enter burst sample 2,orbit-menu,menu,menu-up-enter,,burst,2,ArrowUp Enter,Action=command | none | @button:Add attachment,1,1,ArrowUp>button:Add attachment[none|f=button:Add attachment|h=None]@29.8 ; Enter>button:Add attachment[menu×1|f=button:Add attachment|h=/Command]@61.8 ; Enter*>menuitem:/Command[menu×1|f=button:Add attachment|h=/Command]@62
chromium-dark-desktop › orbit-menu menu-up-enter burst sample 3,orbit-menu,menu,menu-up-enter,,burst,3,ArrowUp Enter,Action=command | none | @button:Add attachment,1,1,ArrowUp>button:Add attachment[none|f=button:Add attachment|h=None]@13.5 ; Enter>button:Add attachment[menu×1|f=button:Add attachment|h=/Command]@39.7 ; Enter*>menuitem:/Command[menu×1|f=button:Add attachment|h=/Command]@39.9
chromium-dark-desktop › orbit-menu menu-up-enter burst sample 4,orbit-menu,menu,menu-up-enter,,burst,4,ArrowUp Enter,Action=command | none | @button:Add attachment,1,1,ArrowUp>button:Add attachment[none|f=button:Add attachment|h=None]@25.6 ; Enter>button:Add attachment[menu×1|f=button:Add attachment|h=/Command]@60.1 ; Enter*>menuitem:/Command[menu×1|f=button:Add attachment|h=/Command]@60.3
chromium-dark-desktop › orbit-menu menu-up-enter burst sample 5,orbit-menu,menu,menu-up-enter,,burst,5,ArrowUp Enter,Action=command | none | @button:Add attachment,1,1,ArrowUp>button:Add attachment[none|f=button:Add attachment|h=None]@22.6 ; Enter>button:Add attachment[menu×1|f=button:Add attachment|h=/Command]@49.6 ; Enter*>menuitem:/Command[menu×1|f=button:Add attachment|h=/Command]@49.8
chromium-dark-desktop › orbit-menu menu-up-enter burst sample 6,orbit-menu,menu,menu-up-enter,,burst,6,ArrowUp Enter,Action=command | none | @button:Add attachment,1,1,ArrowUp>button:Add attachment[none|f=button:Add attachment|h=None]@37.4 ; Enter>button:Add attachment[menu×1|f=button:Add attachment|h=/Command]@80.5 ; Enter*>menuitem:/Command[menu×1|f=button:Add attachment|h=/Command]@80.8
chromium-dark-desktop › orbit-menu menu-up-enter burst sample 7,orbit-menu,menu,menu-up-enter,,burst,7,ArrowUp Enter,Action=command | none | @button:Add attachment,1,1,ArrowUp>button:Add attachment[none|f=button:Add attachment|h=None]@25.4 ; Enter>button:Add attachment[menu×1|f=button:Add attachment|h=/Command]@53.3 ; Enter*>menuitem:/Command[menu×1|f=button:Add attachment|h=/Command]@53.5
chromium-dark-desktop › orbit-menu menu-up-enter burst sample 8,orbit-menu,menu,menu-up-enter,,burst,8,ArrowUp Enter,Action=command | none | @button:Add attachment,1,1,ArrowUp>button:Add attachment[none|f=button:Add attachment|h=None]@18.2 ; Enter>button:Add attachment[menu×1|f=button:Add attachment|h=/Command]@48.4 ; Enter*>menuitem:/Command[menu×1|f=button:Add attachment|h=/Command]@48.6
chromium-dark-desktop › orbit-menu menu-up-enter burst sample 9,orbit-menu,menu,menu-up-enter,,burst,9,ArrowUp Enter,Action=command | none | @button:Add attachment,1,1,ArrowUp>button:Add attachment[none|f=button:Add attachment|h=None]@26.2 ; Enter>button:Add attachment[menu×1|f=button:Add attachment|h=/Command]@51.8 ; Enter*>menuitem:/Command[menu×1|f=button:Add attachment|h=/Command]@51.9
chromium-dark-desktop › orbit-menu menu-up-enter burst sample 10,orbit-menu,menu,menu-up-enter,,burst,10,ArrowUp Enter,Action=command | none | @button:Add attachment,1,1,ArrowUp>button:Add attachment[none|f=button:Add attachment|h=None]@27.7 ; Enter>button:Add attachment[menu×1|f=button:Add attachment|h=/Command]@57.4 ; Enter*>menuitem:/Command[menu×1|f=button:Add attachment|h=/Command]@57.7
chromium-dark-desktop › orbit-menu menu-up-enter burst sample 11,orbit-menu,menu,menu-up-enter,,burst,11,ArrowUp Enter,Action=command | none | @button:Add attachment,1,1,ArrowUp>button:Add attachment[none|f=button:Add attachment|h=None]@19.2 ; Enter>button:Add attachment[menu×1|f=button:Add attachment|h=/Command]@45.6 ; Enter*>menuitem:/Command[menu×1|f=button:Add attachment|h=/Command]@45.8
chromium-dark-desktop › orbit-menu menu-up-enter burst sample 12,orbit-menu,menu,menu-up-enter,,burst,12,ArrowUp Enter,Action=command | none | @button:Add attachment,1,1,ArrowUp>button:Add attachment[none|f=button:Add attachment|h=None]@27.4 ; Enter>button:Add attachment[menu×1|f=button:Add attachment|h=/Command]@56.1 ; Enter*>menuitem:/Command[menu×1|f=button:Add attachment|h=/Command]@56.3
chromium-dark-desktop › orbit-menu menu-up-enter burst sample 13,orbit-menu,menu,menu-up-enter,,burst,13,ArrowUp Enter,Action=command | none | @button:Add attachment,1,1,ArrowUp>button:Add attachment[none|f=button:Add attachment|h=None]@26.6 ; Enter>button:Add attachment[menu×1|f=button:Add attachment|h=/Command]@55.6 ; Enter*>menuitem:/Command[menu×1|f=button:Add attachment|h=/Command]@55.7
chromium-dark-desktop › orbit-menu menu-up-enter burst sample 14,orbit-menu,menu,menu-up-enter,,burst,14,ArrowUp Enter,Action=command | none | @button:Add attachment,1,1,ArrowUp>button:Add attachment[none|f=button:Add attachment|h=None]@39.4 ; Enter>button:Add attachment[menu×1|f=button:Add attachment|h=/Command]@78.3 ; Enter*>menuitem:/Command[menu×1|f=button:Add attachment|h=/Command]@96.4
chromium-dark-desktop › orbit-menu menu-up-enter burst sample 15,orbit-menu,menu,menu-up-enter,,burst,15,ArrowUp Enter,Action=command | none | @button:Add attachment,1,1,ArrowUp>button:Add attachment[none|f=button:Add attachment|h=None]@41.6 ; Enter>button:Add attachment[menu×1|f=button:Add attachment|h=/Command]@80.4 ; Enter*>menuitem:/Command[menu×1|f=button:Add attachment|h=/Command]@80.6
chromium-dark-desktop › orbit-menu menu-up-enter burst sample 16,orbit-menu,menu,menu-up-enter,,burst,16,ArrowUp Enter,Action=command | none | @button:Add attachment,1,1,ArrowUp>button:Add attachment[none|f=button:Add attachment|h=None]@23.5 ; Enter>button:Add attachment[menu×1|f=button:Add attachment|h=/Command]@49.8 ; Enter*>menuitem:/Command[menu×1|f=button:Add attachment|h=/Command]@50
chromium-dark-desktop › orbit-menu menu-up-enter burst sample 17,orbit-menu,menu,menu-up-enter,,burst,17,ArrowUp Enter,Action=command | none | @button:Add attachment,1,1,ArrowUp>button:Add attachment[none|f=button:Add attachment|h=None]@16 ; Enter>button:Add attachment[menu×1|f=button:Add attachment|h=/Command]@44.9 ; Enter*>menuitem:/Command[menu×1|f=button:Add attachment|h=/Command]@45
chromium-dark-desktop › orbit-menu menu-up-enter burst sample 18,orbit-menu,menu,menu-up-enter,,burst,18,ArrowUp Enter,Action=command | none | @button:Add attachment,1,1,ArrowUp>button:Add attachment[none|f=button:Add attachment|h=None]@26.7 ; Enter>button:Add attachment[menu×1|f=button:Add attachment|h=/Command]@53.1 ; Enter*>menuitem:/Command[menu×1|f=button:Add attachment|h=/Command]@53.3
chromium-dark-desktop › orbit-menu menu-up-enter burst sample 19,orbit-menu,menu,menu-up-enter,,burst,19,ArrowUp Enter,Action=command | none | @button:Add attachment,1,1,ArrowUp>button:Add attachment[none|f=button:Add attachment|h=None]@15.2 ; Enter>button:Add attachment[menu×1|f=button:Add attachment|h=/Command]@42.9 ; Enter*>menuitem:/Command[menu×1|f=button:Add attachment|h=/Command]@43
chromium-dark-desktop › orbit-menu menu-up-enter paced sample 0,orbit-menu,menu,menu-up-enter,,paced,0,ArrowUp Enter,Action=command | none | @button:Add attachment,0,0,ArrowUp>button:Add attachment[none|f=button:Add attachment|h=None]@29.7 ; Enter>menuitem:/Command[menu×1|f=menuitem:/Command|h=/Command]@370.5
chromium-dark-desktop › orbit-menu menu-up-enter paced sample 1,orbit-menu,menu,menu-up-enter,,paced,1,ArrowUp Enter,Action=command | none | @button:Add attachment,0,0,ArrowUp>button:Add attachment[none|f=button:Add attachment|h=None]@25.8 ; Enter>menuitem:/Command[menu×1|f=menuitem:/Command|h=/Command]@368.9
chromium-dark-desktop › orbit-menu menu-up-enter paced sample 2,orbit-menu,menu,menu-up-enter,,paced,2,ArrowUp Enter,Action=command | none | @button:Add attachment,0,0,ArrowUp>button:Add attachment[none|f=button:Add attachment|h=None]@29.8 ; Enter>menuitem:/Command[menu×1|f=menuitem:/Command|h=/Command]@380.8
chromium-dark-desktop › orbit-menu menu-up-enter paced sample 3,orbit-menu,menu,menu-up-enter,,paced,3,ArrowUp Enter,Action=command | none | @button:Add attachment,0,0,ArrowUp>button:Add attachment[none|f=button:Add attachment|h=None]@26.7 ; Enter>menuitem:/Command[menu×1|f=menuitem:/Command|h=/Command]@364.5
chromium-dark-desktop › orbit-menu menu-up-enter paced sample 4,orbit-menu,menu,menu-up-enter,,paced,4,ArrowUp Enter,Action=command | none | @button:Add attachment,0,0,ArrowUp>button:Add attachment[none|f=button:Add attachment|h=None]@19.3 ; Enter>menuitem:/Command[menu×1|f=menuitem:/Command|h=/Command]@353.9
chromium-dark-desktop › orbit-menu menu-up-enter paced sample 5,orbit-menu,menu,menu-up-enter,,paced,5,ArrowUp Enter,Action=command | none | @button:Add attachment,0,0,ArrowUp>button:Add attachment[none|f=button:Add attachment|h=None]@16.5 ; Enter>menuitem:/Command[menu×1|f=menuitem:/Command|h=/Command]@352.8
chromium-dark-desktop › orbit-menu menu-up-enter paced sample 6,orbit-menu,menu,menu-up-enter,,paced,6,ArrowUp Enter,Action=command | none | @button:Add attachment,0,0,ArrowUp>button:Add attachment[none|f=button:Add attachment|h=None]@31 ; Enter>menuitem:/Command[menu×1|f=menuitem:/Command|h=/Command]@371
chromium-dark-desktop › orbit-menu menu-up-enter paced sample 7,orbit-menu,menu,menu-up-enter,,paced,7,ArrowUp Enter,Action=command | none | @button:Add attachment,0,0,ArrowUp>button:Add attachment[none|f=button:Add attachment|h=None]@82.2 ; Enter>menuitem:/Command[menu×1|f=menuitem:/Command|h=/Command]@423.4
chromium-dark-desktop › orbit-menu menu-up-enter paced sample 8,orbit-menu,menu,menu-up-enter,,paced,8,ArrowUp Enter,Action=command | none | @button:Add attachment,0,0,ArrowUp>button:Add attachment[none|f=button:Add attachment|h=None]@24.8 ; Enter>menuitem:/Command[menu×1|f=menuitem:/Command|h=/Command]@376.1
chromium-dark-desktop › orbit-menu menu-up-enter paced sample 9,orbit-menu,menu,menu-up-enter,,paced,9,ArrowUp Enter,Action=command | none | @button:Add attachment,0,0,ArrowUp>button:Add attachment[none|f=button:Add attachment|h=None]@20.9 ; Enter>menuitem:/Command[menu×1|f=menuitem:/Command|h=/Command]@357.5
chromium-dark-desktop › orbit-menu menu-up-enter paced sample 10,orbit-menu,menu,menu-up-enter,,paced,10,ArrowUp Enter,Action=command | none | @button:Add attachment,0,0,ArrowUp>button:Add attachment[none|f=button:Add attachment|h=None]@26.1 ; Enter>menuitem:/Command[menu×1|f=menuitem:/Command|h=/Command]@362.9
chromium-dark-desktop › orbit-menu menu-up-enter paced sample 11,orbit-menu,menu,menu-up-enter,,paced,11,ArrowUp Enter,Action=command | none | @button:Add attachment,0,0,ArrowUp>button:Add attachment[none|f=button:Add attachment|h=None]@27.9 ; Enter>menuitem:/Command[menu×1|f=menuitem:/Command|h=/Command]@366.5
chromium-dark-desktop › orbit-menu menu-up-enter paced sample 12,orbit-menu,menu,menu-up-enter,,paced,12,ArrowUp Enter,Action=command | none | @button:Add attachment,0,0,ArrowUp>button:Add attachment[none|f=button:Add attachment|h=None]@44.5 ; Enter>menuitem:/Command[menu×1|f=menuitem:/Command|h=/Command]@391.1
chromium-dark-desktop › orbit-menu menu-up-enter paced sample 13,orbit-menu,menu,menu-up-enter,,paced,13,ArrowUp Enter,Action=command | none | @button:Add attachment,0,0,ArrowUp>button:Add attachment[none|f=button:Add attachment|h=None]@24.2 ; Enter>menuitem:/Command[menu×1|f=menuitem:/Command|h=/Command]@363.5
chromium-dark-desktop › orbit-menu menu-up-enter paced sample 14,orbit-menu,menu,menu-up-enter,,paced,14,ArrowUp Enter,Action=command | none | @button:Add attachment,0,0,ArrowUp>button:Add attachment[none|f=button:Add attachment|h=None]@27.4 ; Enter>menuitem:/Command[menu×1|f=menuitem:/Command|h=/Command]@380.5
chromium-dark-desktop › orbit-menu menu-up-enter paced sample 15,orbit-menu,menu,menu-up-enter,,paced,15,ArrowUp Enter,Action=command | none | @button:Add attachment,0,0,ArrowUp>button:Add attachment[none|f=button:Add attachment|h=None]@24.7 ; Enter>menuitem:/Command[menu×1|f=menuitem:/Command|h=/Command]@358.3
chromium-dark-desktop › orbit-menu menu-up-enter paced sample 16,orbit-menu,menu,menu-up-enter,,paced,16,ArrowUp Enter,Action=command | none | @button:Add attachment,0,0,ArrowUp>button:Add attachment[none|f=button:Add attachment|h=None]@17 ; Enter>menuitem:/Command[menu×1|f=menuitem:/Command|h=/Command]@365
chromium-dark-desktop › orbit-menu menu-up-enter paced sample 17,orbit-menu,menu,menu-up-enter,,paced,17,ArrowUp Enter,Action=command | none | @button:Add attachment,0,0,ArrowUp>button:Add attachment[none|f=button:Add attachment|h=None]@19.3 ; Enter>menuitem:/Command[menu×1|f=menuitem:/Command|h=/Command]@363.7
chromium-dark-desktop › orbit-menu menu-up-enter paced sample 18,orbit-menu,menu,menu-up-enter,,paced,18,ArrowUp Enter,Action=command | none | @button:Add attachment,0,0,ArrowUp>button:Add attachment[none|f=button:Add attachment|h=None]@22.7 ; Enter>menuitem:/Command[menu×1|f=menuitem:/Command|h=/Command]@361.1
chromium-dark-desktop › orbit-menu menu-up-enter paced sample 19,orbit-menu,menu,menu-up-enter,,paced,19,ArrowUp Enter,Action=command | none | @button:Add attachment,0,0,ArrowUp>button:Add attachment[none|f=button:Add attachment|h=None]@59.8 ; Enter>menuitem:/Command[menu×1|f=menuitem:/Command|h=/Command]@433
chromium-dark-desktop › orbit-menu-sample menu-up-enter burst sample 0,orbit-menu-sample,menu,menu-up-enter,,burst,0,ArrowUp Enter,ran /Command | none | @button:Add attachment,1,1,ArrowUp>button:Add attachment[none|f=button:Add attachment|h=None]@34.6 ; Enter>button:Add attachment[menu×1|f=button:Add attachment|h=/Command]@79.4 ; Enter*>menuitem:/Command[menu×1|f=button:Add attachment|h=/Command]@79.5
chromium-dark-desktop › orbit-menu-sample menu-up-enter burst sample 1,orbit-menu-sample,menu,menu-up-enter,,burst,1,ArrowUp Enter,ran /Command | none | @button:Add attachment,1,1,ArrowUp>button:Add attachment[none|f=button:Add attachment|h=None]@21.2 ; Enter>button:Add attachment[menu×1|f=button:Add attachment|h=/Command]@54.4 ; Enter*>menuitem:/Command[menu×1|f=button:Add attachment|h=/Command]@54.5
chromium-dark-desktop › orbit-menu-sample menu-up-enter burst sample 2,orbit-menu-sample,menu,menu-up-enter,,burst,2,ArrowUp Enter,ran /Command | none | @button:Add attachment,1,1,ArrowUp>button:Add attachment[none|f=button:Add attachment|h=None]@23.6 ; Enter>button:Add attachment[menu×1|f=button:Add attachment|h=/Command]@63.3 ; Enter*>menuitem:/Command[menu×1|f=button:Add attachment|h=/Command]@63.5
chromium-dark-desktop › orbit-menu-sample menu-up-enter burst sample 3,orbit-menu-sample,menu,menu-up-enter,,burst,3,ArrowUp Enter,ran /Command | none | @button:Add attachment,1,1,ArrowUp>button:Add attachment[none|f=button:Add attachment|h=None]@24.3 ; Enter>button:Add attachment[menu×1|f=button:Add attachment|h=/Command]@60.8 ; Enter*>menuitem:/Command[menu×1|f=button:Add attachment|h=/Command]@61
chromium-dark-desktop › orbit-menu-sample menu-up-enter burst sample 4,orbit-menu-sample,menu,menu-up-enter,,burst,4,ArrowUp Enter,ran /Command | none | @button:Add attachment,1,1,ArrowUp>button:Add attachment[none|f=button:Add attachment|h=None]@21.7 ; Enter>button:Add attachment[menu×1|f=button:Add attachment|h=/Command]@56.4 ; Enter*>menuitem:/Command[menu×1|f=button:Add attachment|h=/Command]@56.6
chromium-dark-desktop › orbit-menu-sample menu-up-enter burst sample 5,orbit-menu-sample,menu,menu-up-enter,,burst,5,ArrowUp Enter,ran /Command | none | @button:Add attachment,1,1,ArrowUp>button:Add attachment[none|f=button:Add attachment|h=None]@28.7 ; Enter>button:Add attachment[menu×1|f=button:Add attachment|h=/Command]@65.5 ; Enter*>menuitem:/Command[menu×1|f=button:Add attachment|h=/Command]@65.7
chromium-dark-desktop › orbit-menu-sample menu-up-enter burst sample 6,orbit-menu-sample,menu,menu-up-enter,,burst,6,ArrowUp Enter,ran /Command | none | @button:Add attachment,1,1,ArrowUp>button:Add attachment[none|f=button:Add attachment|h=None]@22.7 ; Enter>button:Add attachment[menu×1|f=button:Add attachment|h=/Command]@55.6 ; Enter*>menuitem:/Command[menu×1|f=button:Add attachment|h=/Command]@55.7
chromium-dark-desktop › orbit-menu-sample menu-up-enter burst sample 7,orbit-menu-sample,menu,menu-up-enter,,burst,7,ArrowUp Enter,ran /Command | none | @button:Add attachment,1,1,ArrowUp>button:Add attachment[none|f=button:Add attachment|h=None]@32.7 ; Enter>button:Add attachment[menu×1|f=button:Add attachment|h=/Command]@67.9 ; Enter*>menuitem:/Command[menu×1|f=button:Add attachment|h=/Command]@68.1
chromium-dark-desktop › orbit-menu-sample menu-up-enter burst sample 8,orbit-menu-sample,menu,menu-up-enter,,burst,8,ArrowUp Enter,ran /Command | none | @button:Add attachment,1,1,ArrowUp>button:Add attachment[none|f=button:Add attachment|h=None]@30.9 ; Enter>button:Add attachment[menu×1|f=button:Add attachment|h=/Command]@63.9 ; Enter*>menuitem:/Command[menu×1|f=button:Add attachment|h=/Command]@63.9
chromium-dark-desktop › orbit-menu-sample menu-up-enter burst sample 9,orbit-menu-sample,menu,menu-up-enter,,burst,9,ArrowUp Enter,ran /Command | none | @button:Add attachment,1,1,ArrowUp>button:Add attachment[none|f=button:Add attachment|h=None]@26.8 ; Enter>button:Add attachment[menu×1|f=button:Add attachment|h=/Command]@57.5 ; Enter*>menuitem:/Command[menu×1|f=button:Add attachment|h=/Command]@57.6
chromium-dark-desktop › orbit-menu-sample menu-up-enter burst sample 10,orbit-menu-sample,menu,menu-up-enter,,burst,10,ArrowUp Enter,ran /Command | none | @button:Add attachment,1,1,ArrowUp>button:Add attachment[none|f=button:Add attachment|h=None]@35.8 ; Enter>button:Add attachment[menu×1|f=button:Add attachment|h=/Command]@78.5 ; Enter*>menuitem:/Command[menu×1|f=button:Add attachment|h=/Command]@78.6
chromium-dark-desktop › orbit-menu-sample menu-up-enter burst sample 11,orbit-menu-sample,menu,menu-up-enter,,burst,11,ArrowUp Enter,ran /Command | none | @button:Add attachment,1,1,ArrowUp>button:Add attachment[none|f=button:Add attachment|h=None]@26.1 ; Enter>button:Add attachment[menu×1|f=button:Add attachment|h=/Command]@57.5 ; Enter*>menuitem:/Command[menu×1|f=button:Add attachment|h=/Command]@57.7
chromium-dark-desktop › orbit-menu-sample menu-up-enter burst sample 12,orbit-menu-sample,menu,menu-up-enter,,burst,12,ArrowUp Enter,ran /Command | none | @button:Add attachment,1,1,ArrowUp>button:Add attachment[none|f=button:Add attachment|h=None]@18.4 ; Enter>button:Add attachment[menu×1|f=button:Add attachment|h=/Command]@51.3 ; Enter*>menuitem:/Command[menu×1|f=button:Add attachment|h=/Command]@51.4
chromium-dark-desktop › orbit-menu-sample menu-up-enter burst sample 13,orbit-menu-sample,menu,menu-up-enter,,burst,13,ArrowUp Enter,ran /Command | none | @button:Add attachment,1,1,ArrowUp>button:Add attachment[none|f=button:Add attachment|h=None]@27.3 ; Enter>button:Add attachment[menu×1|f=button:Add attachment|h=/Command]@69.5 ; Enter*>menuitem:/Command[menu×1|f=button:Add attachment|h=/Command]@69.7
chromium-dark-desktop › orbit-menu-sample menu-up-enter burst sample 14,orbit-menu-sample,menu,menu-up-enter,,burst,14,ArrowUp Enter,ran /Command | none | @button:Add attachment,1,1,ArrowUp>button:Add attachment[none|f=button:Add attachment|h=None]@29.6 ; Enter>button:Add attachment[menu×1|f=button:Add attachment|h=/Command]@66.5 ; Enter*>menuitem:/Command[menu×1|f=button:Add attachment|h=/Command]@66.6
chromium-dark-desktop › orbit-menu-sample menu-up-enter burst sample 15,orbit-menu-sample,menu,menu-up-enter,,burst,15,ArrowUp Enter,ran /Command | none | @button:Add attachment,1,1,ArrowUp>button:Add attachment[none|f=button:Add attachment|h=None]@20.3 ; Enter>button:Add attachment[menu×1|f=button:Add attachment|h=/Command]@67.4 ; Enter*>menuitem:/Command[menu×1|f=button:Add attachment|h=/Command]@67.6
chromium-dark-desktop › orbit-menu-sample menu-up-enter burst sample 16,orbit-menu-sample,menu,menu-up-enter,,burst,16,ArrowUp Enter,ran /Command | none | @button:Add attachment,1,1,ArrowUp>button:Add attachment[none|f=button:Add attachment|h=None]@29 ; Enter>button:Add attachment[menu×1|f=button:Add attachment|h=/Command]@74.4 ; Enter*>menuitem:/Command[menu×1|f=button:Add attachment|h=/Command]@74.6
chromium-dark-desktop › orbit-menu-sample menu-up-enter burst sample 17,orbit-menu-sample,menu,menu-up-enter,,burst,17,ArrowUp Enter,ran /Command | none | @button:Add attachment,1,1,ArrowUp>button:Add attachment[none|f=button:Add attachment|h=None]@15.4 ; Enter>button:Add attachment[menu×1|f=button:Add attachment|h=/Command]@51.8 ; Enter*>menuitem:/Command[menu×1|f=button:Add attachment|h=/Command]@52
chromium-dark-desktop › orbit-menu-sample menu-up-enter burst sample 18,orbit-menu-sample,menu,menu-up-enter,,burst,18,ArrowUp Enter,ran /Command | none | @button:Add attachment,1,1,ArrowUp>button:Add attachment[none|f=button:Add attachment|h=None]@27 ; Enter>button:Add attachment[menu×1|f=button:Add attachment|h=/Command]@71.5 ; Enter*>menuitem:/Command[menu×1|f=button:Add attachment|h=/Command]@71.6
chromium-dark-desktop › orbit-menu-sample menu-up-enter burst sample 19,orbit-menu-sample,menu,menu-up-enter,,burst,19,ArrowUp Enter,ran /Command | none | @button:Add attachment,1,1,ArrowUp>button:Add attachment[none|f=button:Add attachment|h=None]@25.4 ; Enter>button:Add attachment[menu×1|f=button:Add attachment|h=/Command]@60.9 ; Enter*>menuitem:/Command[menu×1|f=button:Add attachment|h=/Command]@61.1
chromium-dark-desktop › orbit-menu-sample menu-up-enter paced sample 0,orbit-menu-sample,menu,menu-up-enter,,paced,0,ArrowUp Enter,ran /Command | none | @button:Add attachment,0,0,ArrowUp>button:Add attachment[none|f=button:Add attachment|h=None]@24.7 ; Enter>menuitem:/Command[menu×1|f=menuitem:/Command|h=/Command]@373.9
chromium-dark-desktop › orbit-menu-sample menu-up-enter paced sample 1,orbit-menu-sample,menu,menu-up-enter,,paced,1,ArrowUp Enter,ran /Command | none | @button:Add attachment,0,0,ArrowUp>button:Add attachment[none|f=button:Add attachment|h=None]@31.3 ; Enter>menuitem:/Command[menu×1|f=menuitem:/Command|h=/Command]@381.3
chromium-dark-desktop › orbit-menu-sample menu-up-enter paced sample 2,orbit-menu-sample,menu,menu-up-enter,,paced,2,ArrowUp Enter,ran /Command | none | @button:Add attachment,0,0,ArrowUp>button:Add attachment[none|f=button:Add attachment|h=None]@27 ; Enter>menuitem:/Command[menu×1|f=menuitem:/Command|h=/Command]@373.1
chromium-dark-desktop › orbit-menu-sample menu-up-enter paced sample 3,orbit-menu-sample,menu,menu-up-enter,,paced,3,ArrowUp Enter,ran /Command | none | @button:Add attachment,0,0,ArrowUp>button:Add attachment[none|f=button:Add attachment|h=None]@22.1 ; Enter>menuitem:/Command[menu×1|f=menuitem:/Command|h=/Command]@376.6
chromium-dark-desktop › orbit-menu-sample menu-up-enter paced sample 4,orbit-menu-sample,menu,menu-up-enter,,paced,4,ArrowUp Enter,ran /Command | none | @button:Add attachment,0,0,ArrowUp>button:Add attachment[none|f=button:Add attachment|h=None]@23.9 ; Enter>menuitem:/Command[menu×1|f=menuitem:/Command|h=/Command]@367.8
chromium-dark-desktop › orbit-menu-sample menu-up-enter paced sample 5,orbit-menu-sample,menu,menu-up-enter,,paced,5,ArrowUp Enter,ran /Command | none | @button:Add attachment,0,0,ArrowUp>button:Add attachment[none|f=button:Add attachment|h=None]@31 ; Enter>menuitem:/Command[menu×1|f=menuitem:/Command|h=/Command]@379.5
chromium-dark-desktop › orbit-menu-sample menu-up-enter paced sample 6,orbit-menu-sample,menu,menu-up-enter,,paced,6,ArrowUp Enter,ran /Command | none | @button:Add attachment,0,0,ArrowUp>button:Add attachment[none|f=button:Add attachment|h=None]@35.6 ; Enter>menuitem:/Command[menu×1|f=menuitem:/Command|h=/Command]@388.3
chromium-dark-desktop › orbit-menu-sample menu-up-enter paced sample 7,orbit-menu-sample,menu,menu-up-enter,,paced,7,ArrowUp Enter,ran /Command | none | @button:Add attachment,0,0,ArrowUp>button:Add attachment[none|f=button:Add attachment|h=None]@45.6 ; Enter>menuitem:/Command[menu×1|f=menuitem:/Command|h=/Command]@430.2
chromium-dark-desktop › orbit-menu-sample menu-up-enter paced sample 8,orbit-menu-sample,menu,menu-up-enter,,paced,8,ArrowUp Enter,ran /Command | none | @button:Add attachment,0,0,ArrowUp>button:Add attachment[none|f=button:Add attachment|h=None]@16.9 ; Enter>menuitem:/Command[menu×1|f=menuitem:/Command|h=/Command]@368.6
chromium-dark-desktop › orbit-menu-sample menu-up-enter paced sample 9,orbit-menu-sample,menu,menu-up-enter,,paced,9,ArrowUp Enter,ran /Command | none | @button:Add attachment,0,0,ArrowUp>button:Add attachment[none|f=button:Add attachment|h=None]@30.6 ; Enter>menuitem:/Command[menu×1|f=menuitem:/Command|h=/Command]@371.8
chromium-dark-desktop › orbit-menu-sample menu-up-enter paced sample 10,orbit-menu-sample,menu,menu-up-enter,,paced,10,ArrowUp Enter,ran /Command | none | @button:Add attachment,0,0,ArrowUp>button:Add attachment[none|f=button:Add attachment|h=None]@24.1 ; Enter>menuitem:/Command[menu×1|f=menuitem:/Command|h=/Command]@374.8
chromium-dark-desktop › orbit-menu-sample menu-up-enter paced sample 11,orbit-menu-sample,menu,menu-up-enter,,paced,11,ArrowUp Enter,ran /Command | none | @button:Add attachment,0,0,ArrowUp>button:Add attachment[none|f=button:Add attachment|h=None]@27.6 ; Enter>menuitem:/Command[menu×1|f=menuitem:/Command|h=/Command]@382.7
chromium-dark-desktop › orbit-menu-sample menu-up-enter paced sample 12,orbit-menu-sample,menu,menu-up-enter,,paced,12,ArrowUp Enter,ran /Command | none | @button:Add attachment,0,0,ArrowUp>button:Add attachment[none|f=button:Add attachment|h=None]@21.5 ; Enter>menuitem:/Command[menu×1|f=menuitem:/Command|h=/Command]@392.5
chromium-dark-desktop › orbit-menu-sample menu-up-enter paced sample 13,orbit-menu-sample,menu,menu-up-enter,,paced,13,ArrowUp Enter,ran /Command | none | @button:Add attachment,0,0,ArrowUp>button:Add attachment[none|f=button:Add attachment|h=None]@35.5 ; Enter>menuitem:/Command[menu×1|f=menuitem:/Command|h=/Command]@378.2
chromium-dark-desktop › orbit-menu-sample menu-up-enter paced sample 14,orbit-menu-sample,menu,menu-up-enter,,paced,14,ArrowUp Enter,ran /Command | none | @button:Add attachment,0,0,ArrowUp>button:Add attachment[none|f=button:Add attachment|h=None]@37.3 ; Enter>menuitem:/Command[menu×1|f=menuitem:/Command|h=/Command]@405.3
chromium-dark-desktop › orbit-menu-sample menu-up-enter paced sample 15,orbit-menu-sample,menu,menu-up-enter,,paced,15,ArrowUp Enter,ran /Command | none | @button:Add attachment,0,0,ArrowUp>button:Add attachment[none|f=button:Add attachment|h=None]@25.7 ; Enter>menuitem:/Command[menu×1|f=menuitem:/Command|h=/Command]@374.5
chromium-dark-desktop › orbit-menu-sample menu-up-enter paced sample 16,orbit-menu-sample,menu,menu-up-enter,,paced,16,ArrowUp Enter,ran /Command | none | @button:Add attachment,0,0,ArrowUp>button:Add attachment[none|f=button:Add attachment|h=None]@25 ; Enter>menuitem:/Command[menu×1|f=menuitem:/Command|h=/Command]@378.7
chromium-dark-desktop › orbit-menu-sample menu-up-enter paced sample 17,orbit-menu-sample,menu,menu-up-enter,,paced,17,ArrowUp Enter,ran /Command | none | @button:Add attachment,0,0,ArrowUp>button:Add attachment[none|f=button:Add attachment|h=None]@47.8 ; Enter>menuitem:/Command[menu×1|f=menuitem:/Command|h=/Command]@404
chromium-dark-desktop › orbit-menu-sample menu-up-enter paced sample 18,orbit-menu-sample,menu,menu-up-enter,,paced,18,ArrowUp Enter,ran /Command | none | @button:Add attachment,0,0,ArrowUp>button:Add attachment[none|f=button:Add attachment|h=None]@28.5 ; Enter>menuitem:/Command[menu×1|f=menuitem:/Command|h=/Command]@388.4
chromium-dark-desktop › orbit-menu-sample menu-up-enter paced sample 19,orbit-menu-sample,menu,menu-up-enter,,paced,19,ArrowUp Enter,ran /Command | none | @button:Add attachment,0,0,ArrowUp>button:Add attachment[none|f=button:Add attachment|h=None]@26.2 ; Enter>menuitem:/Command[menu×1|f=menuitem:/Command|h=/Command]@375.3
chromium-dark-desktop › orbit-menu menu-up-home-enter burst sample 0,orbit-menu,menu,menu-up-home-enter,menu-up-enter,burst,0,ArrowUp Home Enter,Action=file | none | @button:Add attachment,1,1,ArrowUp>button:Add attachment[none|f=button:Add attachment|h=None]@18.1 ; Home>button:Add attachment[menu×1|f=button:Add attachment|h=/Command]@59.2 ; Home*>menuitem:/Command[menu×1|f=button:Add attachment|h=/Command]@59.4 ; Enter>menuitem:File[menu×1|f=menuitem:File|h=File]@62.2
chromium-dark-desktop › orbit-menu menu-up-home-enter burst sample 1,orbit-menu,menu,menu-up-home-enter,menu-up-enter,burst,1,ArrowUp Home Enter,Action=file | none | @button:Add attachment,1,1,ArrowUp>button:Add attachment[none|f=button:Add attachment|h=None]@27.1 ; Home>button:Add attachment[menu×1|f=button:Add attachment|h=/Command]@54 ; Home*>menuitem:/Command[menu×1|f=button:Add attachment|h=/Command]@54.1 ; Enter>menuitem:File[menu×1|f=menuitem:File|h=File]@56.2
chromium-dark-desktop › orbit-menu menu-up-home-enter burst sample 2,orbit-menu,menu,menu-up-home-enter,menu-up-enter,burst,2,ArrowUp Home Enter,Action=file | none | @button:Add attachment,1,1,ArrowUp>button:Add attachment[none|f=button:Add attachment|h=None]@30.4 ; Home>button:Add attachment[menu×1|f=button:Add attachment|h=/Command]@63 ; Home*>menuitem:/Command[menu×1|f=button:Add attachment|h=/Command]@63.2 ; Enter>menuitem:File[menu×1|f=menuitem:File|h=File]@65.5
chromium-dark-desktop › orbit-menu menu-up-home-enter burst sample 3,orbit-menu,menu,menu-up-home-enter,menu-up-enter,burst,3,ArrowUp Home Enter,Action=file | none | @button:Add attachment,1,1,ArrowUp>button:Add attachment[none|f=button:Add attachment|h=None]@20.4 ; Home>button:Add attachment[menu×1|f=button:Add attachment|h=/Command]@49.8 ; Home*>menuitem:/Command[menu×1|f=button:Add attachment|h=/Command]@50 ; Enter>menuitem:File[menu×1|f=menuitem:File|h=File]@52.3
chromium-dark-desktop › orbit-menu menu-up-home-enter burst sample 4,orbit-menu,menu,menu-up-home-enter,menu-up-enter,burst,4,ArrowUp Home Enter,Action=file | none | @button:Add attachment,1,1,ArrowUp>button:Add attachment[none|f=button:Add attachment|h=None]@25.1 ; Home>button:Add attachment[menu×1|f=button:Add attachment|h=/Command]@59.7 ; Home*>menuitem:/Command[menu×1|f=button:Add attachment|h=/Command]@59.8 ; Enter>menuitem:File[menu×1|f=menuitem:File|h=File]@62.6
chromium-dark-desktop › orbit-menu menu-up-home-enter burst sample 5,orbit-menu,menu,menu-up-home-enter,menu-up-enter,burst,5,ArrowUp Home Enter,Action=file | none | @button:Add attachment,1,1,ArrowUp>button:Add attachment[none|f=button:Add attachment|h=None]@22.6 ; Home>button:Add attachment[menu×1|f=button:Add attachment|h=/Command]@53.9 ; Home*>menuitem:/Command[menu×1|f=button:Add attachment|h=/Command]@54.1 ; Enter>menuitem:File[menu×1|f=menuitem:File|h=File]@57.1
chromium-dark-desktop › orbit-menu menu-up-home-enter burst sample 6,orbit-menu,menu,menu-up-home-enter,menu-up-enter,burst,6,ArrowUp Home Enter,Action=file | none | @button:Add attachment,1,1,ArrowUp>button:Add attachment[none|f=button:Add attachment|h=None]@25.7 ; Home>button:Add attachment[menu×1|f=button:Add attachment|h=/Command]@59.8 ; Home*>menuitem:/Command[menu×1|f=button:Add attachment|h=/Command]@59.9 ; Enter>menuitem:File[menu×1|f=menuitem:File|h=File]@62
chromium-dark-desktop › orbit-menu menu-up-home-enter burst sample 7,orbit-menu,menu,menu-up-home-enter,menu-up-enter,burst,7,ArrowUp Home Enter,Action=file | none | @button:Add attachment,1,1,ArrowUp>button:Add attachment[none|f=button:Add attachment|h=None]@8.5 ; Home>button:Add attachment[menu×1|f=button:Add attachment|h=/Command]@36.9 ; Home*>menuitem:/Command[menu×1|f=button:Add attachment|h=/Command]@37.2 ; Enter>menuitem:File[menu×1|f=menuitem:File|h=File]@39.8
chromium-dark-desktop › orbit-menu menu-up-home-enter burst sample 8,orbit-menu,menu,menu-up-home-enter,menu-up-enter,burst,8,ArrowUp Home Enter,Action=file | none | @button:Add attachment,1,1,ArrowUp>button:Add attachment[none|f=button:Add attachment|h=None]@19.9 ; Home>button:Add attachment[menu×1|f=button:Add attachment|h=/Command]@45.3 ; Home*>menuitem:/Command[menu×1|f=button:Add attachment|h=/Command]@45.5 ; Enter>menuitem:File[menu×1|f=menuitem:File|h=File]@47.2
chromium-dark-desktop › orbit-menu menu-up-home-enter burst sample 9,orbit-menu,menu,menu-up-home-enter,menu-up-enter,burst,9,ArrowUp Home Enter,Action=file | none | @button:Add attachment,1,1,ArrowUp>button:Add attachment[none|f=button:Add attachment|h=None]@16.2 ; Home>button:Add attachment[menu×1|f=button:Add attachment|h=/Command]@42.3 ; Home*>menuitem:/Command[menu×1|f=button:Add attachment|h=/Command]@42.4 ; Enter>menuitem:File[menu×1|f=menuitem:File|h=File]@44.4
chromium-dark-desktop › orbit-menu menu-up-home-enter burst sample 10,orbit-menu,menu,menu-up-home-enter,menu-up-enter,burst,10,ArrowUp Home Enter,Action=file | none | @button:Add attachment,1,1,ArrowUp>button:Add attachment[none|f=button:Add attachment|h=None]@15.5 ; Home>button:Add attachment[menu×1|f=button:Add attachment|h=/Command]@40.4 ; Home*>menuitem:/Command[menu×1|f=button:Add attachment|h=/Command]@40.5 ; Enter>menuitem:File[menu×1|f=menuitem:File|h=File]@42.4
chromium-dark-desktop › orbit-menu menu-up-home-enter burst sample 11,orbit-menu,menu,menu-up-home-enter,menu-up-enter,burst,11,ArrowUp Home Enter,Action=file | none | @button:Add attachment,1,1,ArrowUp>button:Add attachment[none|f=button:Add attachment|h=None]@30.1 ; Home>button:Add attachment[menu×1|f=button:Add attachment|h=/Command]@55.8 ; Home*>menuitem:/Command[menu×1|f=button:Add attachment|h=/Command]@55.9 ; Enter>menuitem:File[menu×1|f=menuitem:File|h=File]@58.2
chromium-dark-desktop › orbit-menu menu-up-home-enter burst sample 12,orbit-menu,menu,menu-up-home-enter,menu-up-enter,burst,12,ArrowUp Home Enter,Action=file | none | @button:Add attachment,1,1,ArrowUp>button:Add attachment[none|f=button:Add attachment|h=None]@22.3 ; Home>button:Add attachment[menu×1|f=button:Add attachment|h=/Command]@47.9 ; Home*>menuitem:/Command[menu×1|f=button:Add attachment|h=/Command]@48 ; Enter>menuitem:File[menu×1|f=menuitem:File|h=File]@49.9
chromium-dark-desktop › orbit-menu menu-up-home-enter burst sample 13,orbit-menu,menu,menu-up-home-enter,menu-up-enter,burst,13,ArrowUp Home Enter,Action=file | none | @button:Add attachment,1,1,ArrowUp>button:Add attachment[none|f=button:Add attachment|h=None]@32.2 ; Home>button:Add attachment[menu×1|f=button:Add attachment|h=/Command]@59.2 ; Home*>menuitem:/Command[menu×1|f=button:Add attachment|h=/Command]@59.3 ; Enter>menuitem:File[menu×1|f=menuitem:File|h=File]@61.2
chromium-dark-desktop › orbit-menu menu-up-home-enter burst sample 14,orbit-menu,menu,menu-up-home-enter,menu-up-enter,burst,14,ArrowUp Home Enter,Action=file | none | @button:Add attachment,1,1,ArrowUp>button:Add attachment[none|f=button:Add attachment|h=None]@28.7 ; Home>button:Add attachment[menu×1|f=button:Add attachment|h=/Command]@53.8 ; Home*>menuitem:/Command[menu×1|f=button:Add attachment|h=/Command]@54 ; Enter>menuitem:File[menu×1|f=menuitem:File|h=File]@55.7
chromium-dark-desktop › orbit-menu menu-up-home-enter burst sample 15,orbit-menu,menu,menu-up-home-enter,menu-up-enter,burst,15,ArrowUp Home Enter,Action=file | none | @button:Add attachment,1,1,ArrowUp>button:Add attachment[none|f=button:Add attachment|h=None]@19.5 ; Home>button:Add attachment[menu×1|f=button:Add attachment|h=/Command]@45.9 ; Home*>menuitem:/Command[menu×1|f=button:Add attachment|h=/Command]@46.1 ; Enter>menuitem:File[menu×1|f=menuitem:File|h=File]@48.2
chromium-dark-desktop › orbit-menu menu-up-home-enter burst sample 16,orbit-menu,menu,menu-up-home-enter,menu-up-enter,burst,16,ArrowUp Home Enter,Action=file | none | @button:Add attachment,1,1,ArrowUp>button:Add attachment[none|f=button:Add attachment|h=None]@30.6 ; Home>button:Add attachment[menu×1|f=button:Add attachment|h=/Command]@70 ; Home*>menuitem:/Command[menu×1|f=button:Add attachment|h=/Command]@70.2 ; Enter>menuitem:File[menu×1|f=menuitem:File|h=File]@73
chromium-dark-desktop › orbit-menu menu-up-home-enter burst sample 17,orbit-menu,menu,menu-up-home-enter,menu-up-enter,burst,17,ArrowUp Home Enter,Action=file | none | @button:Add attachment,1,1,ArrowUp>button:Add attachment[none|f=button:Add attachment|h=None]@21.1 ; Home>button:Add attachment[menu×1|f=button:Add attachment|h=/Command]@50.2 ; Home*>menuitem:/Command[menu×1|f=button:Add attachment|h=/Command]@50.5 ; Enter>menuitem:File[menu×1|f=menuitem:File|h=File]@52.6
chromium-dark-desktop › orbit-menu menu-up-home-enter burst sample 18,orbit-menu,menu,menu-up-home-enter,menu-up-enter,burst,18,ArrowUp Home Enter,Action=file | none | @button:Add attachment,1,1,ArrowUp>button:Add attachment[none|f=button:Add attachment|h=None]@22.5 ; Home>button:Add attachment[menu×1|f=button:Add attachment|h=/Command]@47.5 ; Home*>menuitem:/Command[menu×1|f=button:Add attachment|h=/Command]@47.7 ; Enter>menuitem:File[menu×1|f=menuitem:File|h=File]@49.6
chromium-dark-desktop › orbit-menu menu-up-home-enter burst sample 19,orbit-menu,menu,menu-up-home-enter,menu-up-enter,burst,19,ArrowUp Home Enter,Action=file | none | @button:Add attachment,1,1,ArrowUp>button:Add attachment[none|f=button:Add attachment|h=None]@27.2 ; Home>button:Add attachment[menu×1|f=button:Add attachment|h=/Command]@55.8 ; Home*>menuitem:/Command[menu×1|f=button:Add attachment|h=/Command]@56 ; Enter>menuitem:File[menu×1|f=menuitem:File|h=File]@58.2
chromium-dark-desktop › orbit-menu menu-up-home-enter paced sample 0,orbit-menu,menu,menu-up-home-enter,menu-up-enter,paced,0,ArrowUp Home Enter,Action=file | none | @button:Add attachment,0,0,ArrowUp>button:Add attachment[none|f=button:Add attachment|h=None]@26.6 ; Home>menuitem:/Command[menu×1|f=menuitem:/Command|h=/Command]@362.3 ; Enter>menuitem:File[menu×1|f=menuitem:File|h=File]@674.5
chromium-dark-desktop › orbit-menu menu-up-home-enter paced sample 1,orbit-menu,menu,menu-up-home-enter,menu-up-enter,paced,1,ArrowUp Home Enter,Action=file | none | @button:Add attachment,0,0,ArrowUp>button:Add attachment[none|f=button:Add attachment|h=None]@23.8 ; Home>menuitem:/Command[menu×1|f=menuitem:/Command|h=/Command]@358.8 ; Enter>menuitem:File[menu×1|f=menuitem:File|h=File]@668.1
chromium-dark-desktop › orbit-menu menu-up-home-enter paced sample 2,orbit-menu,menu,menu-up-home-enter,menu-up-enter,paced,2,ArrowUp Home Enter,Action=file | none | @button:Add attachment,0,0,ArrowUp>button:Add attachment[none|f=button:Add attachment|h=None]@11.8 ; Home>menuitem:/Command[menu×1|f=menuitem:/Command|h=/Command]@360.2 ; Enter>menuitem:File[menu×1|f=menuitem:File|h=File]@668.7
chromium-dark-desktop › orbit-menu menu-up-home-enter paced sample 3,orbit-menu,menu,menu-up-home-enter,menu-up-enter,paced,3,ArrowUp Home Enter,Action=file | none | @button:Add attachment,0,0,ArrowUp>button:Add attachment[none|f=button:Add attachment|h=None]@16.8 ; Home>menuitem:/Command[menu×1|f=menuitem:/Command|h=/Command]@367.8 ; Enter>menuitem:File[menu×1|f=menuitem:File|h=File]@691.2
chromium-dark-desktop › orbit-menu menu-up-home-enter paced sample 4,orbit-menu,menu,menu-up-home-enter,menu-up-enter,paced,4,ArrowUp Home Enter,Action=file | none | @button:Add attachment,0,0,ArrowUp>button:Add attachment[none|f=button:Add attachment|h=None]@41.4 ; Home>menuitem:/Command[menu×1|f=menuitem:/Command|h=/Command]@401 ; Enter>menuitem:File[menu×1|f=menuitem:File|h=File]@710.7
chromium-dark-desktop › orbit-menu menu-up-home-enter paced sample 5,orbit-menu,menu,menu-up-home-enter,menu-up-enter,paced,5,ArrowUp Home Enter,Action=file | none | @button:Add attachment,0,0,ArrowUp>button:Add attachment[none|f=button:Add attachment|h=None]@24.7 ; Home>menuitem:/Command[menu×1|f=menuitem:/Command|h=/Command]@371 ; Enter>menuitem:File[menu×1|f=menuitem:File|h=File]@693.2
chromium-dark-desktop › orbit-menu menu-up-home-enter paced sample 6,orbit-menu,menu,menu-up-home-enter,menu-up-enter,paced,6,ArrowUp Home Enter,Action=file | none | @button:Add attachment,0,0,ArrowUp>button:Add attachment[none|f=button:Add attachment|h=None]@17 ; Home>menuitem:/Command[menu×1|f=menuitem:/Command|h=/Command]@367.5 ; Enter>menuitem:File[menu×1|f=menuitem:File|h=File]@691.9
chromium-dark-desktop › orbit-menu menu-up-home-enter paced sample 7,orbit-menu,menu,menu-up-home-enter,menu-up-enter,paced,7,ArrowUp Home Enter,Action=file | none | @button:Add attachment,0,0,ArrowUp>button:Add attachment[none|f=button:Add attachment|h=None]@21 ; Home>menuitem:/Command[menu×1|f=menuitem:/Command|h=/Command]@366.6 ; Enter>menuitem:File[menu×1|f=menuitem:File|h=File]@675.1
chromium-dark-desktop › orbit-menu menu-up-home-enter paced sample 8,orbit-menu,menu,menu-up-home-enter,menu-up-enter,paced,8,ArrowUp Home Enter,Action=file | none | @button:Add attachment,0,0,ArrowUp>button:Add attachment[none|f=button:Add attachment|h=None]@18.7 ; Home>menuitem:/Command[menu×1|f=menuitem:/Command|h=/Command]@359.6 ; Enter>menuitem:File[menu×1|f=menuitem:File|h=File]@669.8
chromium-dark-desktop › orbit-menu menu-up-home-enter paced sample 9,orbit-menu,menu,menu-up-home-enter,menu-up-enter,paced,9,ArrowUp Home Enter,Action=file | none | @button:Add attachment,0,0,ArrowUp>button:Add attachment[none|f=button:Add attachment|h=None]@24.8 ; Home>menuitem:/Command[menu×1|f=menuitem:/Command|h=/Command]@358 ; Enter>menuitem:File[menu×1|f=menuitem:File|h=File]@668
chromium-dark-desktop › orbit-menu menu-up-home-enter paced sample 10,orbit-menu,menu,menu-up-home-enter,menu-up-enter,paced,10,ArrowUp Home Enter,Action=file | none | @button:Add attachment,0,0,ArrowUp>button:Add attachment[none|f=button:Add attachment|h=None]@26.1 ; Home>menuitem:/Command[menu×1|f=menuitem:/Command|h=/Command]@373.4 ; Enter>menuitem:File[menu×1|f=menuitem:File|h=File]@698.8
chromium-dark-desktop › orbit-menu menu-up-home-enter paced sample 11,orbit-menu,menu,menu-up-home-enter,menu-up-enter,paced,11,ArrowUp Home Enter,Action=file | none | @button:Add attachment,0,0,ArrowUp>button:Add attachment[none|f=button:Add attachment|h=None]@23.7 ; Home>menuitem:/Command[menu×1|f=menuitem:/Command|h=/Command]@377.3 ; Enter>menuitem:File[menu×1|f=menuitem:File|h=File]@689.5
chromium-dark-desktop › orbit-menu menu-up-home-enter paced sample 12,orbit-menu,menu,menu-up-home-enter,menu-up-enter,paced,12,ArrowUp Home Enter,Action=file | none | @button:Add attachment,0,0,ArrowUp>button:Add attachment[none|f=button:Add attachment|h=None]@21.8 ; Home>menuitem:/Command[menu×1|f=menuitem:/Command|h=/Command]@356.3 ; Enter>menuitem:File[menu×1|f=menuitem:File|h=File]@668.5
chromium-dark-desktop › orbit-menu menu-up-home-enter paced sample 13,orbit-menu,menu,menu-up-home-enter,menu-up-enter,paced,13,ArrowUp Home Enter,Action=file | none | @button:Add attachment,0,0,ArrowUp>button:Add attachment[none|f=button:Add attachment|h=None]@20.7 ; Home>menuitem:/Command[menu×1|f=menuitem:/Command|h=/Command]@382.5 ; Enter>menuitem:File[menu×1|f=menuitem:File|h=File]@705.2
chromium-dark-desktop › orbit-menu menu-up-home-enter paced sample 14,orbit-menu,menu,menu-up-home-enter,menu-up-enter,paced,14,ArrowUp Home Enter,Action=file | none | @button:Add attachment,0,0,ArrowUp>button:Add attachment[none|f=button:Add attachment|h=None]@27.7 ; Home>menuitem:/Command[menu×1|f=menuitem:/Command|h=/Command]@368.4 ; Enter>menuitem:File[menu×1|f=menuitem:File|h=File]@683.5
chromium-dark-desktop › orbit-menu menu-up-home-enter paced sample 15,orbit-menu,menu,menu-up-home-enter,menu-up-enter,paced,15,ArrowUp Home Enter,Action=file | none | @button:Add attachment,0,0,ArrowUp>button:Add attachment[none|f=button:Add attachment|h=None]@29.3 ; Home>menuitem:/Command[menu×1|f=menuitem:/Command|h=/Command]@364.4 ; Enter>menuitem:File[menu×1|f=menuitem:File|h=File]@689.4
chromium-dark-desktop › orbit-menu menu-up-home-enter paced sample 16,orbit-menu,menu,menu-up-home-enter,menu-up-enter,paced,16,ArrowUp Home Enter,Action=file | none | @button:Add attachment,0,0,ArrowUp>button:Add attachment[none|f=button:Add attachment|h=None]@24.2 ; Home>menuitem:/Command[menu×1|f=menuitem:/Command|h=/Command]@357.5 ; Enter>menuitem:File[menu×1|f=menuitem:File|h=File]@672.1
chromium-dark-desktop › orbit-menu menu-up-home-enter paced sample 17,orbit-menu,menu,menu-up-home-enter,menu-up-enter,paced,17,ArrowUp Home Enter,Action=file | none | @button:Add attachment,0,0,ArrowUp>button:Add attachment[none|f=button:Add attachment|h=None]@26.9 ; Home>menuitem:/Command[menu×1|f=menuitem:/Command|h=/Command]@360.5 ; Enter>menuitem:File[menu×1|f=menuitem:File|h=File]@669.4
chromium-dark-desktop › orbit-menu menu-up-home-enter paced sample 18,orbit-menu,menu,menu-up-home-enter,menu-up-enter,paced,18,ArrowUp Home Enter,Action=file | none | @button:Add attachment,0,0,ArrowUp>button:Add attachment[none|f=button:Add attachment|h=None]@26.1 ; Home>menuitem:/Command[menu×1|f=menuitem:/Command|h=/Command]@359.8 ; Enter>menuitem:File[menu×1|f=menuitem:File|h=File]@672.1
chromium-dark-desktop › orbit-menu menu-up-home-enter paced sample 19,orbit-menu,menu,menu-up-home-enter,menu-up-enter,paced,19,ArrowUp Home Enter,Action=file | none | @button:Add attachment,0,0,ArrowUp>button:Add attachment[none|f=button:Add attachment|h=None]@24.9 ; Home>menuitem:/Command[menu×1|f=menuitem:/Command|h=/Command]@370.4 ; Enter>menuitem:File[menu×1|f=menuitem:File|h=File]@688.5
chromium-dark-desktop › orbit-menu-sample menu-up-home-enter burst sample 0,orbit-menu-sample,menu,menu-up-home-enter,menu-up-enter,burst,0,ArrowUp Home Enter,ran File | none | @button:Add attachment,1,1,ArrowUp>button:Add attachment[none|f=button:Add attachment|h=None]@27.3 ; Home>button:Add attachment[menu×1|f=button:Add attachment|h=/Command]@63.5 ; Home*>menuitem:/Command[menu×1|f=button:Add attachment|h=/Command]@63.7 ; Enter>menuitem:File[menu×1|f=menuitem:File|h=File]@66.1
chromium-dark-desktop › orbit-menu-sample menu-up-home-enter burst sample 1,orbit-menu-sample,menu,menu-up-home-enter,menu-up-enter,burst,1,ArrowUp Home Enter,ran File | none | @button:Add attachment,1,1,ArrowUp>button:Add attachment[none|f=button:Add attachment|h=None]@25.5 ; Home>button:Add attachment[menu×1|f=button:Add attachment|h=/Command]@77.4 ; Home*>menuitem:/Command[menu×1|f=button:Add attachment|h=/Command]@77.6 ; Enter>menuitem:File[menu×1|f=menuitem:File|h=File]@81
chromium-dark-desktop › orbit-menu-sample menu-up-home-enter burst sample 2,orbit-menu-sample,menu,menu-up-home-enter,menu-up-enter,burst,2,ArrowUp Home Enter,ran File | none | @button:Add attachment,1,1,ArrowUp>button:Add attachment[none|f=button:Add attachment|h=None]@85.6 ; Home>button:Add attachment[menu×1|f=button:Add attachment|h=/Command]@123.4 ; Home*>menuitem:/Command[menu×1|f=button:Add attachment|h=/Command]@123.5 ; Enter>menuitem:File[menu×1|f=menuitem:File|h=File]@124.9
chromium-dark-desktop › orbit-menu-sample menu-up-home-enter burst sample 3,orbit-menu-sample,menu,menu-up-home-enter,menu-up-enter,burst,3,ArrowUp Home Enter,ran File | none | @button:Add attachment,1,1,ArrowUp>button:Add attachment[none|f=button:Add attachment|h=None]@33.9 ; Home>button:Add attachment[menu×1|f=button:Add attachment|h=/Command]@79.4 ; Home*>menuitem:/Command[menu×1|f=button:Add attachment|h=/Command]@79.6 ; Enter>menuitem:File[menu×1|f=menuitem:File|h=File]@82.1
chromium-dark-desktop › orbit-menu-sample menu-up-home-enter burst sample 4,orbit-menu-sample,menu,menu-up-home-enter,menu-up-enter,burst,4,ArrowUp Home Enter,ran File | none | @button:Add attachment,1,1,ArrowUp>button:Add attachment[none|f=button:Add attachment|h=None]@18.1 ; Home>button:Add attachment[menu×1|f=button:Add attachment|h=/Command]@40.3 ; Home*>menuitem:/Command[menu×1|f=button:Add attachment|h=/Command]@40.4 ; Enter>menuitem:File[menu×1|f=menuitem:File|h=File]@41.8
chromium-dark-desktop › orbit-menu-sample menu-up-home-enter burst sample 5,orbit-menu-sample,menu,menu-up-home-enter,menu-up-enter,burst,5,ArrowUp Home Enter,ran File | none | @button:Add attachment,1,1,ArrowUp>button:Add attachment[none|f=button:Add attachment|h=None]@28.7 ; Home>button:Add attachment[menu×1|f=button:Add attachment|h=/Command]@65.2 ; Home*>menuitem:/Command[menu×1|f=button:Add attachment|h=/Command]@65.4 ; Enter>menuitem:File[menu×1|f=menuitem:File|h=File]@68
chromium-dark-desktop › orbit-menu-sample menu-up-home-enter burst sample 6,orbit-menu-sample,menu,menu-up-home-enter,menu-up-enter,burst,6,ArrowUp Home Enter,ran File | none | @button:Add attachment,1,1,ArrowUp>button:Add attachment[none|f=button:Add attachment|h=None]@7.3 ; Home>button:Add attachment[menu×1|f=button:Add attachment|h=/Command]@58.1 ; Home*>menuitem:/Command[menu×1|f=button:Add attachment|h=/Command]@58.3 ; Enter>menuitem:File[menu×1|f=menuitem:File|h=File]@60.9
chromium-dark-desktop › orbit-menu-sample menu-up-home-enter burst sample 7,orbit-menu-sample,menu,menu-up-home-enter,menu-up-enter,burst,7,ArrowUp Home Enter,ran File | none | @button:Add attachment,1,1,ArrowUp>button:Add attachment[none|f=button:Add attachment|h=None]@30.4 ; Home>button:Add attachment[menu×1|f=button:Add attachment|h=/Command]@66 ; Home*>menuitem:/Command[menu×1|f=button:Add attachment|h=/Command]@66 ; Enter>menuitem:File[menu×1|f=menuitem:File|h=File]@67.9
chromium-dark-desktop › orbit-menu-sample menu-up-home-enter burst sample 8,orbit-menu-sample,menu,menu-up-home-enter,menu-up-enter,burst,8,ArrowUp Home Enter,ran File | none | @button:Add attachment,1,1,ArrowUp>button:Add attachment[none|f=button:Add attachment|h=None]@29.2 ; Home>button:Add attachment[menu×1|f=button:Add attachment|h=/Command]@95.7 ; Home*>menuitem:/Command[menu×1|f=button:Add attachment|h=/Command]@95.9 ; Enter>menuitem:File[menu×1|f=menuitem:File|h=File]@103.3
chromium-dark-desktop › orbit-menu-sample menu-up-home-enter burst sample 9,orbit-menu-sample,menu,menu-up-home-enter,menu-up-enter,burst,9,ArrowUp Home Enter,ran File | none | @button:Add attachment,1,1,ArrowUp>button:Add attachment[none|f=button:Add attachment|h=None]@19 ; Home>button:Add attachment[menu×1|f=button:Add attachment|h=/Command]@92.3 ; Home*>menuitem:/Command[menu×1|f=button:Add attachment|h=/Command]@92.5 ; Enter>menuitem:File[menu×1|f=menuitem:File|h=File]@94.4
chromium-dark-desktop › orbit-menu-sample menu-up-home-enter burst sample 10,orbit-menu-sample,menu,menu-up-home-enter,menu-up-enter,burst,10,ArrowUp Home Enter,ran File | none | @button:Add attachment,1,1,ArrowUp>button:Add attachment[none|f=button:Add attachment|h=None]@18 ; Home>button:Add attachment[menu×1|f=button:Add attachment|h=/Command]@210.3 ; Home*>menuitem:/Command[menu×1|f=button:Add attachment|h=/Command]@210.4 ; Enter>menuitem:File[menu×1|f=menuitem:File|h=File]@212.5
chromium-dark-desktop › orbit-menu-sample menu-up-home-enter burst sample 11,orbit-menu-sample,menu,menu-up-home-enter,menu-up-enter,burst,11,ArrowUp Home Enter,ran File | none | @button:Add attachment,1,1,ArrowUp>button:Add attachment[none|f=button:Add attachment|h=None]@19.7 ; Home>button:Add attachment[menu×1|f=button:Add attachment|h=/Command]@121 ; Home*>menuitem:/Command[menu×1|f=button:Add attachment|h=/Command]@122.4 ; Enter>menuitem:File[menu×1|f=menuitem:File|h=File]@126.3
chromium-dark-desktop › orbit-menu-sample menu-up-home-enter burst sample 12,orbit-menu-sample,menu,menu-up-home-enter,menu-up-enter,burst,12,ArrowUp Home Enter,ran File | none | @button:Add attachment,1,1,ArrowUp>button:Add attachment[none|f=button:Add attachment|h=None]@47.3 ; Home>button:Add attachment[menu×1|f=button:Add attachment|h=/Command]@101.7 ; Home*>menuitem:/Command[menu×1|f=button:Add attachment|h=/Command]@102 ; Enter>menuitem:File[menu×1|f=menuitem:File|h=File]@104.4
chromium-dark-desktop › orbit-menu-sample menu-up-home-enter burst sample 13,orbit-menu-sample,menu,menu-up-home-enter,menu-up-enter,burst,13,ArrowUp Home Enter,ran File | none | @button:Add attachment,1,1,ArrowUp>button:Add attachment[none|f=button:Add attachment|h=None]@73.2 ; Home>button:Add attachment[menu×1|f=button:Add attachment|h=/Command]@154.4 ; Home*>menuitem:/Command[menu×1|f=button:Add attachment|h=/Command]@155.9 ; Enter>menuitem:File[menu×1|f=menuitem:File|h=File]@164.3
chromium-dark-desktop › orbit-menu-sample menu-up-home-enter burst sample 14,orbit-menu-sample,menu,menu-up-home-enter,menu-up-enter,burst,14,ArrowUp Home Enter,ran File | none | @button:Add attachment,1,1,ArrowUp>button:Add attachment[none|f=button:Add attachment|h=None]@23.1 ; Home>button:Add attachment[menu×1|f=button:Add attachment|h=/Command]@99.9 ; Home*>menuitem:/Command[menu×1|f=button:Add attachment|h=/Command]@100.3 ; Enter>menuitem:File[menu×1|f=menuitem:File|h=File]@105
chromium-dark-desktop › orbit-menu-sample menu-up-home-enter burst sample 15,orbit-menu-sample,menu,menu-up-home-enter,menu-up-enter,burst,15,ArrowUp Home Enter,ran File | none | @button:Add attachment,1,1,ArrowUp>button:Add attachment[none|f=button:Add attachment|h=None]@46.2 ; Home>button:Add attachment[menu×1|f=button:Add attachment|h=/Command]@112.2 ; Home*>menuitem:/Command[menu×1|f=button:Add attachment|h=/Command]@112.4 ; Enter>menuitem:File[menu×1|f=menuitem:File|h=File]@116.6
chromium-dark-desktop › orbit-menu-sample menu-up-home-enter burst sample 16,orbit-menu-sample,menu,menu-up-home-enter,menu-up-enter,burst,16,ArrowUp Home Enter,ran File | none | @button:Add attachment,1,1,ArrowUp>button:Add attachment[none|f=button:Add attachment|h=None]@27.5 ; Home>button:Add attachment[menu×1|f=button:Add attachment|h=/Command]@98.3 ; Home*>menuitem:/Command[menu×1|f=button:Add attachment|h=/Command]@98.8 ; Enter>menuitem:File[menu×1|f=menuitem:File|h=File]@104.1
chromium-dark-desktop › orbit-menu-sample menu-up-home-enter burst sample 17,orbit-menu-sample,menu,menu-up-home-enter,menu-up-enter,burst,17,ArrowUp Home Enter,ran File | none | @button:Add attachment,1,1,ArrowUp>button:Add attachment[none|f=button:Add attachment|h=None]@57.4 ; Home>button:Add attachment[menu×1|f=button:Add attachment|h=/Command]@141.5 ; Home*>menuitem:/Command[menu×1|f=button:Add attachment|h=/Command]@141.8 ; Enter>menuitem:File[menu×1|f=menuitem:File|h=File]@148.4
chromium-dark-desktop › orbit-menu-sample menu-up-home-enter burst sample 18,orbit-menu-sample,menu,menu-up-home-enter,menu-up-enter,burst,18,ArrowUp Home Enter,ran File | none | @button:Add attachment,1,1,ArrowUp>button:Add attachment[none|f=button:Add attachment|h=None]@19.1 ; Home>button:Add attachment[menu×1|f=button:Add attachment|h=/Command]@89.9 ; Home*>menuitem:/Command[menu×1|f=button:Add attachment|h=/Command]@90.2 ; Enter>menuitem:File[menu×1|f=menuitem:File|h=File]@98.6
chromium-dark-desktop › orbit-menu-sample menu-up-home-enter burst sample 19,orbit-menu-sample,menu,menu-up-home-enter,menu-up-enter,burst,19,ArrowUp Home Enter,ran File | none | @button:Add attachment,1,1,ArrowUp>button:Add attachment[none|f=button:Add attachment|h=None]@95.9 ; Home>button:Add attachment[menu×1|f=button:Add attachment|h=/Command]@347.1 ; Home*>menuitem:/Command[menu×1|f=button:Add attachment|h=/Command]@350.7 ; Enter>menuitem:File[menu×1|f=menuitem:File|h=File]@352.9
chromium-dark-desktop › orbit-menu-sample menu-up-home-enter paced sample 0,orbit-menu-sample,menu,menu-up-home-enter,menu-up-enter,paced,0,ArrowUp Home Enter,ran File | none | @button:Add attachment,0,0,ArrowUp>button:Add attachment[none|f=button:Add attachment|h=None]@78.9 ; Home>menuitem:/Command[menu×1|f=menuitem:/Command|h=/Command]@510 ; Enter>menuitem:File[menu×1|f=menuitem:File|h=File]@849.4
chromium-dark-desktop › orbit-menu-sample menu-up-home-enter paced sample 1,orbit-menu-sample,menu,menu-up-home-enter,menu-up-enter,paced,1,ArrowUp Home Enter,ran File | none | @button:Add attachment,0,0,ArrowUp>button:Add attachment[none|f=button:Add attachment|h=None]@22.3 ; Home>menuitem:/Command[menu×1|f=menuitem:/Command|h=/Command]@406.7 ; Enter>menuitem:File[menu×1|f=menuitem:File|h=File]@1416
chromium-dark-desktop › orbit-menu-sample menu-up-home-enter paced sample 2,orbit-menu-sample,menu,menu-up-home-enter,menu-up-enter,paced,2,ArrowUp Home Enter,ran File | none | @button:Add attachment,0,0,ArrowUp>button:Add attachment[none|f=button:Add attachment|h=None]@28.9 ; Home>menuitem:/Command[menu×1|f=menuitem:/Command|h=/Command]@411.8 ; Enter>menuitem:File[menu×1|f=menuitem:File|h=File]@871.5
chromium-dark-desktop › orbit-menu-sample menu-up-home-enter paced sample 3,orbit-menu-sample,menu,menu-up-home-enter,menu-up-enter,paced,3,ArrowUp Home Enter,ran File | none | @button:Add attachment,0,0,ArrowUp>button:Add attachment[none|f=button:Add attachment|h=None]@47 ; Home>menuitem:/Command[menu×1|f=menuitem:/Command|h=/Command]@454.5 ; Enter>menuitem:File[menu×1|f=menuitem:File|h=File]@794.2
chromium-dark-desktop › orbit-menu-sample menu-up-home-enter paced sample 4,orbit-menu-sample,menu,menu-up-home-enter,menu-up-enter,paced,4,ArrowUp Home Enter,ran File | none | @button:Add attachment,0,0,ArrowUp>button:Add attachment[none|f=button:Add attachment|h=None]@32.6 ; Home>menuitem:/Command[menu×1|f=menuitem:/Command|h=/Command]@422.4 ; Enter>menuitem:File[menu×1|f=menuitem:File|h=File]@729.5
chromium-dark-desktop › orbit-menu-sample menu-up-home-enter paced sample 5,orbit-menu-sample,menu,menu-up-home-enter,menu-up-enter,paced,5,ArrowUp Home Enter,ran File | none | @button:Add attachment,0,0,ArrowUp>button:Add attachment[none|f=button:Add attachment|h=None]@18.9 ; Home>menuitem:/Command[menu×1|f=menuitem:/Command|h=/Command]@383.3 ; Enter>menuitem:File[menu×1|f=menuitem:File|h=File]@710.7
chromium-dark-desktop › orbit-menu-sample menu-up-home-enter paced sample 6,orbit-menu-sample,menu,menu-up-home-enter,menu-up-enter,paced,6,ArrowUp Home Enter,ran File | none | @button:Add attachment,0,0,ArrowUp>button:Add attachment[none|f=button:Add attachment|h=None]@55.8 ; Home>menuitem:/Command[menu×1|f=menuitem:/Command|h=/Command]@567.2 ; Enter>menuitem:File[menu×1|f=menuitem:File|h=File]@915.6
chromium-dark-desktop › orbit-menu-sample menu-up-home-enter paced sample 7,orbit-menu-sample,menu,menu-up-home-enter,menu-up-enter,paced,7,ArrowUp Home Enter,ran File | none | @button:Add attachment,0,0,ArrowUp>button:Add attachment[none|f=button:Add attachment|h=None]@27.3 ; Home>menuitem:/Command[menu×1|f=menuitem:/Command|h=/Command]@432.5 ; Enter>menuitem:File[menu×1|f=menuitem:File|h=File]@763.8
chromium-dark-desktop › orbit-menu-sample menu-up-home-enter paced sample 8,orbit-menu-sample,menu,menu-up-home-enter,menu-up-enter,paced,8,ArrowUp Home Enter,ran File | none | @button:Add attachment,0,0,ArrowUp>button:Add attachment[none|f=button:Add attachment|h=None]@36.4 ; Home>menuitem:/Command[menu×1|f=menuitem:/Command|h=/Command]@445.1 ; Enter>menuitem:File[menu×1|f=menuitem:File|h=File]@786.4
chromium-dark-desktop › orbit-menu-sample menu-up-home-enter paced sample 9,orbit-menu-sample,menu,menu-up-home-enter,menu-up-enter,paced,9,ArrowUp Home Enter,ran File | none | @button:Add attachment,0,0,ArrowUp>button:Add attachment[none|f=button:Add attachment|h=None]@19.8 ; Home>menuitem:/Command[menu×1|f=menuitem:/Command|h=/Command]@373.7 ; Enter>menuitem:File[menu×1|f=menuitem:File|h=File]@686.4
chromium-dark-desktop › orbit-menu-sample menu-up-home-enter paced sample 10,orbit-menu-sample,menu,menu-up-home-enter,menu-up-enter,paced,10,ArrowUp Home Enter,ran File | none | @button:Add attachment,0,0,ArrowUp>button:Add attachment[none|f=button:Add attachment|h=None]@29.4 ; Home>menuitem:/Command[menu×1|f=menuitem:/Command|h=/Command]@405.4 ; Enter>menuitem:File[menu×1|f=menuitem:File|h=File]@721
chromium-dark-desktop › orbit-menu-sample menu-up-home-enter paced sample 11,orbit-menu-sample,menu,menu-up-home-enter,menu-up-enter,paced,11,ArrowUp Home Enter,ran File | none | @button:Add attachment,0,0,ArrowUp>button:Add attachment[none|f=button:Add attachment|h=None]@31.6 ; Home>menuitem:/Command[menu×1|f=menuitem:/Command|h=/Command]@392.6 ; Enter>menuitem:File[menu×1|f=menuitem:File|h=File]@700.7
chromium-dark-desktop › orbit-menu-sample menu-up-home-enter paced sample 12,orbit-menu-sample,menu,menu-up-home-enter,menu-up-enter,paced,12,ArrowUp Home Enter,ran File | none | @button:Add attachment,0,0,ArrowUp>button:Add attachment[none|f=button:Add attachment|h=None]@38.9 ; Home>menuitem:/Command[menu×1|f=menuitem:/Command|h=/Command]@400.6 ; Enter>menuitem:File[menu×1|f=menuitem:File|h=File]@708.8
chromium-dark-desktop › orbit-menu-sample menu-up-home-enter paced sample 13,orbit-menu-sample,menu,menu-up-home-enter,menu-up-enter,paced,13,ArrowUp Home Enter,ran File | none | @button:Add attachment,0,0,ArrowUp>button:Add attachment[none|f=button:Add attachment|h=None]@29.3 ; Home>menuitem:/Command[menu×1|f=menuitem:/Command|h=/Command]@395.5 ; Enter>menuitem:File[menu×1|f=menuitem:File|h=File]@706.7
chromium-dark-desktop › orbit-menu-sample menu-up-home-enter paced sample 14,orbit-menu-sample,menu,menu-up-home-enter,menu-up-enter,paced,14,ArrowUp Home Enter,ran File | none | @button:Add attachment,0,0,ArrowUp>button:Add attachment[none|f=button:Add attachment|h=None]@46.6 ; Home>menuitem:/Command[menu×1|f=menuitem:/Command|h=/Command]@423.8 ; Enter>menuitem:File[menu×1|f=menuitem:File|h=File]@743.5
chromium-dark-desktop › orbit-menu-sample menu-up-home-enter paced sample 15,orbit-menu-sample,menu,menu-up-home-enter,menu-up-enter,paced,15,ArrowUp Home Enter,ran File | none | @button:Add attachment,0,0,ArrowUp>button:Add attachment[none|f=button:Add attachment|h=None]@14.3 ; Home>menuitem:/Command[menu×1|f=menuitem:/Command|h=/Command]@408.1 ; Enter>menuitem:File[menu×1|f=menuitem:File|h=File]@749.9
chromium-dark-desktop › orbit-menu-sample menu-up-home-enter paced sample 16,orbit-menu-sample,menu,menu-up-home-enter,menu-up-enter,paced,16,ArrowUp Home Enter,ran File | none | @button:Add attachment,0,0,ArrowUp>button:Add attachment[none|f=button:Add attachment|h=None]@21 ; Home>menuitem:/Command[menu×1|f=menuitem:/Command|h=/Command]@398.3 ; Enter>menuitem:File[menu×1|f=menuitem:File|h=File]@730.2
chromium-dark-desktop › orbit-menu-sample menu-up-home-enter paced sample 17,orbit-menu-sample,menu,menu-up-home-enter,menu-up-enter,paced,17,ArrowUp Home Enter,ran File | none | @button:Add attachment,0,0,ArrowUp>button:Add attachment[none|f=button:Add attachment|h=None]@31.7 ; Home>menuitem:/Command[menu×1|f=menuitem:/Command|h=/Command]@380.7 ; Enter>menuitem:File[menu×1|f=menuitem:File|h=File]@688.9
chromium-dark-desktop › orbit-menu-sample menu-up-home-enter paced sample 18,orbit-menu-sample,menu,menu-up-home-enter,menu-up-enter,paced,18,ArrowUp Home Enter,ran File | none | @button:Add attachment,0,0,ArrowUp>button:Add attachment[none|f=button:Add attachment|h=None]@21.4 ; Home>menuitem:/Command[menu×1|f=menuitem:/Command|h=/Command]@372.1 ; Enter>menuitem:File[menu×1|f=menuitem:File|h=File]@685.3
chromium-dark-desktop › orbit-menu-sample menu-up-home-enter paced sample 19,orbit-menu-sample,menu,menu-up-home-enter,menu-up-enter,paced,19,ArrowUp Home Enter,ran File | none | @button:Add attachment,0,0,ArrowUp>button:Add attachment[none|f=button:Add attachment|h=None]@18.2 ; Home>menuitem:/Command[menu×1|f=menuitem:/Command|h=/Command]@395.2 ; Enter>menuitem:File[menu×1|f=menuitem:File|h=File]@724.9
chromium-dark-desktop › orbit-menu menu-space burst sample 0,orbit-menu,menu,menu-space,,burst,0,Space,none | menu×1 | @menuitem:File,0,0,Space>button:Add attachment[none|f=button:Add attachment|h=None]@20.1
chromium-dark-desktop › orbit-menu menu-space burst sample 1,orbit-menu,menu,menu-space,,burst,1,Space,none | menu×1 | @menuitem:File,0,0,Space>button:Add attachment[none|f=button:Add attachment|h=None]@37.7
chromium-dark-desktop › orbit-menu menu-space burst sample 2,orbit-menu,menu,menu-space,,burst,2,Space,none | menu×1 | @menuitem:File,0,0,Space>button:Add attachment[none|f=button:Add attachment|h=None]@27.2
chromium-dark-desktop › orbit-menu menu-space burst sample 3,orbit-menu,menu,menu-space,,burst,3,Space,none | menu×1 | @menuitem:File,0,0,Space>button:Add attachment[none|f=button:Add attachment|h=None]@27.3
chromium-dark-desktop › orbit-menu menu-space burst sample 4,orbit-menu,menu,menu-space,,burst,4,Space,none | menu×1 | @menuitem:File,0,0,Space>button:Add attachment[none|f=button:Add attachment|h=None]@14.6
chromium-dark-desktop › orbit-menu menu-space burst sample 5,orbit-menu,menu,menu-space,,burst,5,Space,none | menu×1 | @menuitem:File,0,0,Space>button:Add attachment[none|f=button:Add attachment|h=None]@14.5
chromium-dark-desktop › orbit-menu menu-space burst sample 6,orbit-menu,menu,menu-space,,burst,6,Space,none | menu×1 | @menuitem:File,0,0,Space>button:Add attachment[none|f=button:Add attachment|h=None]@24.6
chromium-dark-desktop › orbit-menu menu-space burst sample 7,orbit-menu,menu,menu-space,,burst,7,Space,none | menu×1 | @menuitem:File,0,0,Space>button:Add attachment[none|f=button:Add attachment|h=None]@19.7
chromium-dark-desktop › orbit-menu menu-space burst sample 8,orbit-menu,menu,menu-space,,burst,8,Space,none | menu×1 | @menuitem:File,0,0,Space>button:Add attachment[none|f=button:Add attachment|h=None]@12.5
chromium-dark-desktop › orbit-menu menu-space burst sample 9,orbit-menu,menu,menu-space,,burst,9,Space,none | menu×1 | @menuitem:File,0,0,Space>button:Add attachment[none|f=button:Add attachment|h=None]@22.8
chromium-dark-desktop › orbit-menu menu-space burst sample 10,orbit-menu,menu,menu-space,,burst,10,Space,none | menu×1 | @menuitem:File,0,0,Space>button:Add attachment[none|f=button:Add attachment|h=None]@15.1
chromium-dark-desktop › orbit-menu menu-space burst sample 11,orbit-menu,menu,menu-space,,burst,11,Space,none | menu×1 | @menuitem:File,0,0,Space>button:Add attachment[none|f=button:Add attachment|h=None]@30
chromium-dark-desktop › orbit-menu menu-space burst sample 12,orbit-menu,menu,menu-space,,burst,12,Space,none | menu×1 | @menuitem:File,0,0,Space>button:Add attachment[none|f=button:Add attachment|h=None]@24
chromium-dark-desktop › orbit-menu menu-space burst sample 13,orbit-menu,menu,menu-space,,burst,13,Space,none | menu×1 | @menuitem:File,0,0,Space>button:Add attachment[none|f=button:Add attachment|h=None]@30
chromium-dark-desktop › orbit-menu menu-space burst sample 14,orbit-menu,menu,menu-space,,burst,14,Space,none | menu×1 | @menuitem:File,0,0,Space>button:Add attachment[none|f=button:Add attachment|h=None]@19.3
chromium-dark-desktop › orbit-menu menu-space burst sample 15,orbit-menu,menu,menu-space,,burst,15,Space,none | menu×1 | @menuitem:File,0,0,Space>button:Add attachment[none|f=button:Add attachment|h=None]@25.1
chromium-dark-desktop › orbit-menu menu-space burst sample 16,orbit-menu,menu,menu-space,,burst,16,Space,none | menu×1 | @menuitem:File,0,0,Space>button:Add attachment[none|f=button:Add attachment|h=None]@26.7
chromium-dark-desktop › orbit-menu menu-space burst sample 17,orbit-menu,menu,menu-space,,burst,17,Space,none | menu×1 | @menuitem:File,0,0,Space>button:Add attachment[none|f=button:Add attachment|h=None]@32.6
chromium-dark-desktop › orbit-menu menu-space burst sample 18,orbit-menu,menu,menu-space,,burst,18,Space,none | menu×1 | @menuitem:File,0,0,Space>button:Add attachment[none|f=button:Add attachment|h=None]@27.3
chromium-dark-desktop › orbit-menu menu-space burst sample 19,orbit-menu,menu,menu-space,,burst,19,Space,none | menu×1 | @menuitem:File,0,0,Space>button:Add attachment[none|f=button:Add attachment|h=None]@21.9
chromium-dark-desktop › orbit-menu menu-space paced sample 0,orbit-menu,menu,menu-space,,paced,0,Space,none | menu×1 | @menuitem:File,0,0,Space>button:Add attachment[none|f=button:Add attachment|h=None]@34.1
chromium-dark-desktop › orbit-menu menu-space paced sample 1,orbit-menu,menu,menu-space,,paced,1,Space,none | menu×1 | @menuitem:File,0,0,Space>button:Add attachment[none|f=button:Add attachment|h=None]@27.3
chromium-dark-desktop › orbit-menu menu-space paced sample 2,orbit-menu,menu,menu-space,,paced,2,Space,none | menu×1 | @menuitem:File,0,0,Space>button:Add attachment[none|f=button:Add attachment|h=None]@31.4
chromium-dark-desktop › orbit-menu menu-space paced sample 3,orbit-menu,menu,menu-space,,paced,3,Space,none | menu×1 | @menuitem:File,0,0,Space>button:Add attachment[none|f=button:Add attachment|h=None]@24.4
chromium-dark-desktop › orbit-menu menu-space paced sample 4,orbit-menu,menu,menu-space,,paced,4,Space,none | menu×1 | @menuitem:File,0,0,Space>button:Add attachment[none|f=button:Add attachment|h=None]@16.6
chromium-dark-desktop › orbit-menu menu-space paced sample 5,orbit-menu,menu,menu-space,,paced,5,Space,none | menu×1 | @menuitem:File,0,0,Space>button:Add attachment[none|f=button:Add attachment|h=None]@31.2
chromium-dark-desktop › orbit-menu menu-space paced sample 6,orbit-menu,menu,menu-space,,paced,6,Space,none | menu×1 | @menuitem:File,0,0,Space>button:Add attachment[none|f=button:Add attachment|h=None]@9.9
chromium-dark-desktop › orbit-menu menu-space paced sample 7,orbit-menu,menu,menu-space,,paced,7,Space,none | menu×1 | @menuitem:File,0,0,Space>button:Add attachment[none|f=button:Add attachment|h=None]@22.4
chromium-dark-desktop › orbit-menu menu-space paced sample 8,orbit-menu,menu,menu-space,,paced,8,Space,none | menu×1 | @menuitem:File,0,0,Space>button:Add attachment[none|f=button:Add attachment|h=None]@23.9
chromium-dark-desktop › orbit-menu menu-space paced sample 9,orbit-menu,menu,menu-space,,paced,9,Space,none | menu×1 | @menuitem:File,0,0,Space>button:Add attachment[none|f=button:Add attachment|h=None]@30.9
chromium-dark-desktop › orbit-menu menu-space paced sample 10,orbit-menu,menu,menu-space,,paced,10,Space,none | menu×1 | @menuitem:File,0,0,Space>button:Add attachment[none|f=button:Add attachment|h=None]@22
chromium-dark-desktop › orbit-menu menu-space paced sample 11,orbit-menu,menu,menu-space,,paced,11,Space,none | menu×1 | @menuitem:File,0,0,Space>button:Add attachment[none|f=button:Add attachment|h=None]@18.7
chromium-dark-desktop › orbit-menu menu-space paced sample 12,orbit-menu,menu,menu-space,,paced,12,Space,none | menu×1 | @menuitem:File,0,0,Space>button:Add attachment[none|f=button:Add attachment|h=None]@27.5
chromium-dark-desktop › orbit-menu menu-space paced sample 13,orbit-menu,menu,menu-space,,paced,13,Space,none | menu×1 | @menuitem:File,0,0,Space>button:Add attachment[none|f=button:Add attachment|h=None]@30.2
chromium-dark-desktop › orbit-menu menu-space paced sample 14,orbit-menu,menu,menu-space,,paced,14,Space,none | menu×1 | @menuitem:File,0,0,Space>button:Add attachment[none|f=button:Add attachment|h=None]@33.9
chromium-dark-desktop › orbit-menu menu-space paced sample 15,orbit-menu,menu,menu-space,,paced,15,Space,none | menu×1 | @menuitem:File,0,0,Space>button:Add attachment[none|f=button:Add attachment|h=None]@35.6
chromium-dark-desktop › orbit-menu menu-space paced sample 16,orbit-menu,menu,menu-space,,paced,16,Space,none | menu×1 | @menuitem:File,0,0,Space>button:Add attachment[none|f=button:Add attachment|h=None]@27.9
chromium-dark-desktop › orbit-menu menu-space paced sample 17,orbit-menu,menu,menu-space,,paced,17,Space,none | menu×1 | @menuitem:File,0,0,Space>button:Add attachment[none|f=button:Add attachment|h=None]@30.7
chromium-dark-desktop › orbit-menu menu-space paced sample 18,orbit-menu,menu,menu-space,,paced,18,Space,none | menu×1 | @menuitem:File,0,0,Space>button:Add attachment[none|f=button:Add attachment|h=None]@29.6
chromium-dark-desktop › orbit-menu menu-space paced sample 19,orbit-menu,menu,menu-space,,paced,19,Space,none | menu×1 | @menuitem:File,0,0,Space>button:Add attachment[none|f=button:Add attachment|h=None]@29.5
chromium-dark-desktop › orbit-menu-sample menu-space burst sample 0,orbit-menu-sample,menu,menu-space,,burst,0,Space,none | menu×1 | @menuitem:File,0,0,Space>button:Add attachment[none|f=button:Add attachment|h=None]@20.3
chromium-dark-desktop › orbit-menu-sample menu-space burst sample 1,orbit-menu-sample,menu,menu-space,,burst,1,Space,none | menu×1 | @menuitem:File,0,0,Space>button:Add attachment[none|f=button:Add attachment|h=None]@30.9
chromium-dark-desktop › orbit-menu-sample menu-space burst sample 2,orbit-menu-sample,menu,menu-space,,burst,2,Space,none | menu×1 | @menuitem:File,0,0,Space>button:Add attachment[none|f=button:Add attachment|h=None]@31.8
chromium-dark-desktop › orbit-menu-sample menu-space burst sample 3,orbit-menu-sample,menu,menu-space,,burst,3,Space,none | menu×1 | @menuitem:File,0,0,Space>button:Add attachment[none|f=button:Add attachment|h=None]@34.2
chromium-dark-desktop › orbit-menu-sample menu-space burst sample 4,orbit-menu-sample,menu,menu-space,,burst,4,Space,none | menu×1 | @menuitem:File,0,0,Space>button:Add attachment[none|f=button:Add attachment|h=None]@26.2
chromium-dark-desktop › orbit-menu-sample menu-space burst sample 5,orbit-menu-sample,menu,menu-space,,burst,5,Space,none | menu×1 | @menuitem:File,0,0,Space>button:Add attachment[none|f=button:Add attachment|h=None]@15.7
chromium-dark-desktop › orbit-menu-sample menu-space burst sample 6,orbit-menu-sample,menu,menu-space,,burst,6,Space,none | menu×1 | @menuitem:File,0,0,Space>button:Add attachment[none|f=button:Add attachment|h=None]@25.6
chromium-dark-desktop › orbit-menu-sample menu-space burst sample 7,orbit-menu-sample,menu,menu-space,,burst,7,Space,none | menu×1 | @menuitem:File,0,0,Space>button:Add attachment[none|f=button:Add attachment|h=None]@1710
chromium-dark-desktop › orbit-menu-sample menu-space burst sample 8,orbit-menu-sample,menu,menu-space,,burst,8,Space,none | menu×1 | @menuitem:File,0,0,Space>button:Add attachment[none|f=button:Add attachment|h=None]@38.5
chromium-dark-desktop › orbit-menu-sample menu-space burst sample 9,orbit-menu-sample,menu,menu-space,,burst,9,Space,none | menu×1 | @menuitem:File,0,0,Space>button:Add attachment[none|f=button:Add attachment|h=None]@87.9
chromium-dark-desktop › orbit-menu-sample menu-space burst sample 10,orbit-menu-sample,menu,menu-space,,burst,10,Space,none | menu×1 | @menuitem:File,0,0,Space>button:Add attachment[none|f=button:Add attachment|h=None]@579.5
chromium-dark-desktop › orbit-menu-sample menu-space burst sample 11,orbit-menu-sample,menu,menu-space,,burst,11,Space,none | menu×1 | @menuitem:File,0,0,Space>button:Add attachment[none|f=button:Add attachment|h=None]@565.5
chromium-dark-desktop › orbit-menu-sample menu-space burst sample 12,orbit-menu-sample,menu,menu-space,,burst,12,Space,none | menu×1 | @menuitem:File,0,0,Space>button:Add attachment[none|f=button:Add attachment|h=None]@36.3
chromium-dark-desktop › orbit-menu-sample menu-space burst sample 13,orbit-menu-sample,menu,menu-space,,burst,13,Space,none | menu×1 | @menuitem:File,0,0,Space>button:Add attachment[none|f=button:Add attachment|h=None]@116.5
chromium-dark-desktop › orbit-menu-sample menu-space burst sample 14,orbit-menu-sample,menu,menu-space,,burst,14,Space,none | menu×1 | @menuitem:File,0,0,Space>button:Add attachment[none|f=button:Add attachment|h=None]@710.3
chromium-dark-desktop › orbit-menu-sample menu-space burst sample 15,orbit-menu-sample,menu,menu-space,,burst,15,Space,none | menu×1 | @menuitem:File,0,0,Space>button:Add attachment[none|f=button:Add attachment|h=None]@53.3
chromium-dark-desktop › orbit-menu-sample menu-space burst sample 16,orbit-menu-sample,menu,menu-space,,burst,16,Space,none | menu×1 | @menuitem:File,0,0,Space>button:Add attachment[none|f=button:Add attachment|h=None]@77.9
chromium-dark-desktop › orbit-menu-sample menu-space burst sample 17,orbit-menu-sample,menu,menu-space,,burst,17,Space,none | menu×1 | @menuitem:File,0,0,Space>button:Add attachment[none|f=button:Add attachment|h=None]@1493.8
chromium-dark-desktop › orbit-menu-sample menu-space burst sample 18,orbit-menu-sample,menu,menu-space,,burst,18,Space,none | menu×1 | @menuitem:File,0,0,Space>button:Add attachment[none|f=button:Add attachment|h=None]@20.3
chromium-dark-desktop › orbit-menu-sample menu-space burst sample 19,orbit-menu-sample,menu,menu-space,,burst,19,Space,none | menu×1 | @menuitem:File,0,0,Space>button:Add attachment[none|f=button:Add attachment|h=None]@86.1
chromium-dark-desktop › orbit-menu-sample menu-space paced sample 0,orbit-menu-sample,menu,menu-space,,paced,0,Space,none | menu×1 | @menuitem:File,0,0,Space>button:Add attachment[none|f=button:Add attachment|h=None]@107.6
chromium-dark-desktop › orbit-menu-sample menu-space paced sample 1,orbit-menu-sample,menu,menu-space,,paced,1,Space,none | menu×1 | @menuitem:File,0,0,Space>button:Add attachment[none|f=button:Add attachment|h=None]@38
chromium-dark-desktop › orbit-menu-sample menu-space paced sample 2,orbit-menu-sample,menu,menu-space,,paced,2,Space,none | menu×1 | @menuitem:File,0,0,Space>button:Add attachment[none|f=button:Add attachment|h=None]@63.7
chromium-dark-desktop › orbit-menu-sample menu-space paced sample 3,orbit-menu-sample,menu,menu-space,,paced,3,Space,none | menu×1 | @menuitem:File,0,0,Space>button:Add attachment[none|f=button:Add attachment|h=None]@35.5
chromium-dark-desktop › orbit-menu-sample menu-space paced sample 4,orbit-menu-sample,menu,menu-space,,paced,4,Space,none | menu×1 | @menuitem:File,0,0,Space>button:Add attachment[none|f=button:Add attachment|h=None]@52.6
chromium-dark-desktop › orbit-menu-sample menu-space paced sample 5,orbit-menu-sample,menu,menu-space,,paced,5,Space,none | menu×1 | @menuitem:File,0,0,Space>button:Add attachment[none|f=button:Add attachment|h=None]@26.4
chromium-dark-desktop › orbit-menu-sample menu-space paced sample 6,orbit-menu-sample,menu,menu-space,,paced,6,Space,none | menu×1 | @menuitem:File,0,0,Space>button:Add attachment[none|f=button:Add attachment|h=None]@37.9
chromium-dark-desktop › orbit-menu-sample menu-space paced sample 7,orbit-menu-sample,menu,menu-space,,paced,7,Space,none | menu×1 | @menuitem:File,0,0,Space>button:Add attachment[none|f=button:Add attachment|h=None]@9
chromium-dark-desktop › orbit-menu-sample menu-space paced sample 8,orbit-menu-sample,menu,menu-space,,paced,8,Space,none | menu×1 | @menuitem:File,0,0,Space>button:Add attachment[none|f=button:Add attachment|h=None]@73.9
chromium-dark-desktop › orbit-menu-sample menu-space paced sample 9,orbit-menu-sample,menu,menu-space,,paced,9,Space,none | menu×1 | @menuitem:File,0,0,Space>button:Add attachment[none|f=button:Add attachment|h=None]@328
chromium-dark-desktop › orbit-menu-sample menu-space paced sample 10,orbit-menu-sample,menu,menu-space,,paced,10,Space,none | menu×1 | @menuitem:File,0,0,Space>button:Add attachment[none|f=button:Add attachment|h=None]@12.6
chromium-dark-desktop › orbit-menu-sample menu-space paced sample 11,orbit-menu-sample,menu,menu-space,,paced,11,Space,none | menu×1 | @menuitem:File,0,0,Space>button:Add attachment[none|f=button:Add attachment|h=None]@14.4
chromium-dark-desktop › orbit-menu-sample menu-space paced sample 12,orbit-menu-sample,menu,menu-space,,paced,12,Space,none | menu×1 | @menuitem:File,0,0,Space>button:Add attachment[none|f=button:Add attachment|h=None]@90.9
chromium-dark-desktop › orbit-menu-sample menu-space paced sample 13,orbit-menu-sample,menu,menu-space,,paced,13,Space,none | menu×1 | @menuitem:File,0,0,Space>button:Add attachment[none|f=button:Add attachment|h=None]@33.5
chromium-dark-desktop › orbit-menu-sample menu-space paced sample 14,orbit-menu-sample,menu,menu-space,,paced,14,Space,none | menu×1 | @menuitem:File,0,0,Space>button:Add attachment[none|f=button:Add attachment|h=None]@26.4
chromium-dark-desktop › orbit-menu-sample menu-space paced sample 15,orbit-menu-sample,menu,menu-space,,paced,15,Space,none | menu×1 | @menuitem:File,0,0,Space>button:Add attachment[none|f=button:Add attachment|h=None]@18.8
chromium-dark-desktop › orbit-menu-sample menu-space paced sample 16,orbit-menu-sample,menu,menu-space,,paced,16,Space,none | menu×1 | @menuitem:File,0,0,Space>button:Add attachment[none|f=button:Add attachment|h=None]@18.4
chromium-dark-desktop › orbit-menu-sample menu-space paced sample 17,orbit-menu-sample,menu,menu-space,,paced,17,Space,none | menu×1 | @menuitem:File,0,0,Space>button:Add attachment[none|f=button:Add attachment|h=None]@34
chromium-dark-desktop › orbit-menu-sample menu-space paced sample 18,orbit-menu-sample,menu,menu-space,,paced,18,Space,none | menu×1 | @menuitem:File,0,0,Space>button:Add attachment[none|f=button:Add attachment|h=None]@27.7
chromium-dark-desktop › orbit-menu-sample menu-space paced sample 19,orbit-menu-sample,menu,menu-space,,paced,19,Space,none | menu×1 | @menuitem:File,0,0,Space>button:Add attachment[none|f=button:Add attachment|h=None]@21.4
chromium-dark-desktop › orbit-menu menu-space-enter burst sample 0,orbit-menu,menu,menu-space-enter,menu-space,burst,0,Space Enter,Action=file | none | @button:Add attachment,1,1,Space>button:Add attachment[none|f=button:Add attachment|h=None]@13.8 ; Enter>button:Add attachment[menu×1|f=button:Add attachment|h=File]@39.9 ; Enter*>menuitem:File[menu×1|f=button:Add attachment|h=File]@40.2
chromium-dark-desktop › orbit-menu menu-space-enter burst sample 1,orbit-menu,menu,menu-space-enter,menu-space,burst,1,Space Enter,Action=file | none | @button:Add attachment,1,1,Space>button:Add attachment[none|f=button:Add attachment|h=None]@15.9 ; Enter>button:Add attachment[menu×1|f=button:Add attachment|h=File]@46 ; Enter*>menuitem:File[menu×1|f=button:Add attachment|h=File]@46.2
chromium-dark-desktop › orbit-menu menu-space-enter burst sample 2,orbit-menu,menu,menu-space-enter,menu-space,burst,2,Space Enter,Action=file | none | @button:Add attachment,1,1,Space>button:Add attachment[none|f=button:Add attachment|h=None]@22.8 ; Enter>button:Add attachment[menu×1|f=button:Add attachment|h=File]@52.6 ; Enter*>menuitem:File[menu×1|f=button:Add attachment|h=File]@52.8
chromium-dark-desktop › orbit-menu menu-space-enter burst sample 3,orbit-menu,menu,menu-space-enter,menu-space,burst,3,Space Enter,Action=file | none | @button:Add attachment,1,1,Space>button:Add attachment[none|f=button:Add attachment|h=None]@8.9 ; Enter>button:Add attachment[menu×1|f=button:Add attachment|h=File]@43 ; Enter*>menuitem:File[menu×1|f=button:Add attachment|h=File]@43.2
chromium-dark-desktop › orbit-menu menu-space-enter burst sample 4,orbit-menu,menu,menu-space-enter,menu-space,burst,4,Space Enter,Action=file | none | @button:Add attachment,1,1,Space>button:Add attachment[none|f=button:Add attachment|h=None]@25.7 ; Enter>button:Add attachment[menu×1|f=button:Add attachment|h=File]@49.8 ; Enter*>menuitem:File[menu×1|f=button:Add attachment|h=File]@50
chromium-dark-desktop › orbit-menu menu-space-enter burst sample 5,orbit-menu,menu,menu-space-enter,menu-space,burst,5,Space Enter,Action=file | none | @button:Add attachment,1,1,Space>button:Add attachment[none|f=button:Add attachment|h=None]@21.6 ; Enter>button:Add attachment[menu×1|f=button:Add attachment|h=File]@52.2 ; Enter*>menuitem:File[menu×1|f=button:Add attachment|h=File]@52.4
chromium-dark-desktop › orbit-menu menu-space-enter burst sample 6,orbit-menu,menu,menu-space-enter,menu-space,burst,6,Space Enter,Action=file | none | @button:Add attachment,1,1,Space>button:Add attachment[none|f=button:Add attachment|h=None]@30.3 ; Enter>button:Add attachment[menu×1|f=button:Add attachment|h=File]@69 ; Enter*>menuitem:File[menu×1|f=button:Add attachment|h=File]@69.3
chromium-dark-desktop › orbit-menu menu-space-enter burst sample 7,orbit-menu,menu,menu-space-enter,menu-space,burst,7,Space Enter,Action=file | none | @button:Add attachment,1,1,Space>button:Add attachment[none|f=button:Add attachment|h=None]@16.5 ; Enter>button:Add attachment[menu×1|f=button:Add attachment|h=File]@43.3 ; Enter*>menuitem:File[menu×1|f=button:Add attachment|h=File]@43.5
chromium-dark-desktop › orbit-menu menu-space-enter burst sample 8,orbit-menu,menu,menu-space-enter,menu-space,burst,8,Space Enter,Action=file | none | @button:Add attachment,1,1,Space>button:Add attachment[none|f=button:Add attachment|h=None]@31 ; Enter>button:Add attachment[menu×1|f=button:Add attachment|h=File]@58.4 ; Enter*>menuitem:File[menu×1|f=button:Add attachment|h=File]@58.5
chromium-dark-desktop › orbit-menu menu-space-enter burst sample 9,orbit-menu,menu,menu-space-enter,menu-space,burst,9,Space Enter,Action=file | none | @button:Add attachment,1,1,Space>button:Add attachment[none|f=button:Add attachment|h=None]@21.5 ; Enter>button:Add attachment[menu×1|f=button:Add attachment|h=File]@51.9 ; Enter*>menuitem:File[menu×1|f=button:Add attachment|h=File]@52.1
chromium-dark-desktop › orbit-menu menu-space-enter burst sample 10,orbit-menu,menu,menu-space-enter,menu-space,burst,10,Space Enter,Action=file | none | @button:Add attachment,1,1,Space>button:Add attachment[none|f=button:Add attachment|h=None]@21.2 ; Enter>button:Add attachment[menu×1|f=button:Add attachment|h=File]@50.1 ; Enter*>menuitem:File[menu×1|f=button:Add attachment|h=File]@50.4
chromium-dark-desktop › orbit-menu menu-space-enter burst sample 11,orbit-menu,menu,menu-space-enter,menu-space,burst,11,Space Enter,Action=file | none | @button:Add attachment,1,1,Space>button:Add attachment[none|f=button:Add attachment|h=None]@27.4 ; Enter>button:Add attachment[menu×1|f=button:Add attachment|h=File]@61.6 ; Enter*>menuitem:File[menu×1|f=button:Add attachment|h=File]@61.8
chromium-dark-desktop › orbit-menu menu-space-enter burst sample 12,orbit-menu,menu,menu-space-enter,menu-space,burst,12,Space Enter,Action=file | none | @button:Add attachment,1,1,Space>button:Add attachment[none|f=button:Add attachment|h=None]@23.6 ; Enter>button:Add attachment[menu×1|f=button:Add attachment|h=File]@56 ; Enter*>menuitem:File[menu×1|f=button:Add attachment|h=File]@56.3
chromium-dark-desktop › orbit-menu menu-space-enter burst sample 13,orbit-menu,menu,menu-space-enter,menu-space,burst,13,Space Enter,Action=file | none | @button:Add attachment,1,1,Space>button:Add attachment[none|f=button:Add attachment|h=None]@25.1 ; Enter>button:Add attachment[menu×1|f=button:Add attachment|h=File]@56.7 ; Enter*>menuitem:File[menu×1|f=button:Add attachment|h=File]@57.1
chromium-dark-desktop › orbit-menu menu-space-enter burst sample 14,orbit-menu,menu,menu-space-enter,menu-space,burst,14,Space Enter,Action=file | none | @button:Add attachment,1,1,Space>button:Add attachment[none|f=button:Add attachment|h=None]@20.5 ; Enter>button:Add attachment[menu×1|f=button:Add attachment|h=File]@51.9 ; Enter*>menuitem:File[menu×1|f=button:Add attachment|h=File]@52.2
chromium-dark-desktop › orbit-menu menu-space-enter burst sample 15,orbit-menu,menu,menu-space-enter,menu-space,burst,15,Space Enter,Action=file | none | @button:Add attachment,1,1,Space>button:Add attachment[none|f=button:Add attachment|h=None]@16.6 ; Enter>button:Add attachment[menu×1|f=button:Add attachment|h=File]@46.6 ; Enter*>menuitem:File[menu×1|f=button:Add attachment|h=File]@46.8
chromium-dark-desktop › orbit-menu menu-space-enter burst sample 16,orbit-menu,menu,menu-space-enter,menu-space,burst,16,Space Enter,Action=file | none | @button:Add attachment,1,1,Space>button:Add attachment[none|f=button:Add attachment|h=None]@18.2 ; Enter>button:Add attachment[menu×1|f=button:Add attachment|h=File]@39.9 ; Enter*>menuitem:File[menu×1|f=button:Add attachment|h=File]@40.1
chromium-dark-desktop › orbit-menu menu-space-enter burst sample 17,orbit-menu,menu,menu-space-enter,menu-space,burst,17,Space Enter,Action=file | none | @button:Add attachment,1,1,Space>button:Add attachment[none|f=button:Add attachment|h=None]@22.8 ; Enter>button:Add attachment[menu×1|f=button:Add attachment|h=File]@53 ; Enter*>menuitem:File[menu×1|f=button:Add attachment|h=File]@53.2
chromium-dark-desktop › orbit-menu menu-space-enter burst sample 18,orbit-menu,menu,menu-space-enter,menu-space,burst,18,Space Enter,Action=file | none | @button:Add attachment,1,1,Space>button:Add attachment[none|f=button:Add attachment|h=None]@26.9 ; Enter>button:Add attachment[menu×1|f=button:Add attachment|h=File]@58.9 ; Enter*>menuitem:File[menu×1|f=button:Add attachment|h=File]@59.2
chromium-dark-desktop › orbit-menu menu-space-enter burst sample 19,orbit-menu,menu,menu-space-enter,menu-space,burst,19,Space Enter,Action=file | none | @button:Add attachment,1,1,Space>button:Add attachment[none|f=button:Add attachment|h=None]@24.2 ; Enter>button:Add attachment[menu×1|f=button:Add attachment|h=File]@52.8 ; Enter*>menuitem:File[menu×1|f=button:Add attachment|h=File]@53
chromium-dark-desktop › orbit-menu menu-space-enter paced sample 0,orbit-menu,menu,menu-space-enter,menu-space,paced,0,Space Enter,Action=file | none | @button:Add attachment,0,0,Space>button:Add attachment[none|f=button:Add attachment|h=None]@35 ; Enter>menuitem:File[menu×1|f=menuitem:File|h=File]@385.8
chromium-dark-desktop › orbit-menu menu-space-enter paced sample 1,orbit-menu,menu,menu-space-enter,menu-space,paced,1,Space Enter,Action=file | none | @button:Add attachment,0,0,Space>button:Add attachment[none|f=button:Add attachment|h=None]@29.6 ; Enter>menuitem:File[menu×1|f=menuitem:File|h=File]@384.3
chromium-dark-desktop › orbit-menu menu-space-enter paced sample 2,orbit-menu,menu,menu-space-enter,menu-space,paced,2,Space Enter,Action=file | none | @button:Add attachment,0,0,Space>button:Add attachment[none|f=button:Add attachment|h=None]@19.4 ; Enter>menuitem:File[menu×1|f=menuitem:File|h=File]@371.2
chromium-dark-desktop › orbit-menu menu-space-enter paced sample 3,orbit-menu,menu,menu-space-enter,menu-space,paced,3,Space Enter,Action=file | none | @button:Add attachment,0,0,Space>button:Add attachment[none|f=button:Add attachment|h=None]@20 ; Enter>menuitem:File[menu×1|f=menuitem:File|h=File]@361.5
chromium-dark-desktop › orbit-menu menu-space-enter paced sample 4,orbit-menu,menu,menu-space-enter,menu-space,paced,4,Space Enter,Action=file | none | @button:Add attachment,0,0,Space>button:Add attachment[none|f=button:Add attachment|h=None]@16.3 ; Enter>menuitem:File[menu×1|f=menuitem:File|h=File]@367.6
chromium-dark-desktop › orbit-menu menu-space-enter paced sample 5,orbit-menu,menu,menu-space-enter,menu-space,paced,5,Space Enter,Action=file | none | @button:Add attachment,0,0,Space>button:Add attachment[none|f=button:Add attachment|h=None]@20.2 ; Enter>menuitem:File[menu×1|f=menuitem:File|h=File]@358.2
chromium-dark-desktop › orbit-menu menu-space-enter paced sample 6,orbit-menu,menu,menu-space-enter,menu-space,paced,6,Space Enter,Action=file | none | @button:Add attachment,0,0,Space>button:Add attachment[none|f=button:Add attachment|h=None]@19.8 ; Enter>menuitem:File[menu×1|f=menuitem:File|h=File]@360
chromium-dark-desktop › orbit-menu menu-space-enter paced sample 7,orbit-menu,menu,menu-space-enter,menu-space,paced,7,Space Enter,Action=file | none | @button:Add attachment,0,0,Space>button:Add attachment[none|f=button:Add attachment|h=None]@18.3 ; Enter>menuitem:File[menu×1|f=menuitem:File|h=File]@356
chromium-dark-desktop › orbit-menu menu-space-enter paced sample 8,orbit-menu,menu,menu-space-enter,menu-space,paced,8,Space Enter,Action=file | none | @button:Add attachment,0,0,Space>button:Add attachment[none|f=button:Add attachment|h=None]@20.6 ; Enter>menuitem:File[menu×1|f=menuitem:File|h=File]@364.6
chromium-dark-desktop › orbit-menu menu-space-enter paced sample 9,orbit-menu,menu,menu-space-enter,menu-space,paced,9,Space Enter,Action=file | none | @button:Add attachment,0,0,Space>button:Add attachment[none|f=button:Add attachment|h=None]@17.7 ; Enter>menuitem:File[menu×1|f=menuitem:File|h=File]@358.6
chromium-dark-desktop › orbit-menu menu-space-enter paced sample 10,orbit-menu,menu,menu-space-enter,menu-space,paced,10,Space Enter,Action=file | none | @button:Add attachment,0,0,Space>button:Add attachment[none|f=button:Add attachment|h=None]@33.9 ; Enter>menuitem:File[menu×1|f=menuitem:File|h=File]@367.3
chromium-dark-desktop › orbit-menu menu-space-enter paced sample 11,orbit-menu,menu,menu-space-enter,menu-space,paced,11,Space Enter,Action=file | none | @button:Add attachment,0,0,Space>button:Add attachment[none|f=button:Add attachment|h=None]@20.5 ; Enter>menuitem:File[menu×1|f=menuitem:File|h=File]@360.5
chromium-dark-desktop › orbit-menu menu-space-enter paced sample 12,orbit-menu,menu,menu-space-enter,menu-space,paced,12,Space Enter,Action=file | none | @button:Add attachment,0,0,Space>button:Add attachment[none|f=button:Add attachment|h=None]@29.1 ; Enter>menuitem:File[menu×1|f=menuitem:File|h=File]@367.2
chromium-dark-desktop › orbit-menu menu-space-enter paced sample 13,orbit-menu,menu,menu-space-enter,menu-space,paced,13,Space Enter,Action=file | none | @button:Add attachment,0,0,Space>button:Add attachment[none|f=button:Add attachment|h=None]@24.3 ; Enter>menuitem:File[menu×1|f=menuitem:File|h=File]@363.1
chromium-dark-desktop › orbit-menu menu-space-enter paced sample 14,orbit-menu,menu,menu-space-enter,menu-space,paced,14,Space Enter,Action=file | none | @button:Add attachment,0,0,Space>button:Add attachment[none|f=button:Add attachment|h=None]@16.1 ; Enter>menuitem:File[menu×1|f=menuitem:File|h=File]@352.5
chromium-dark-desktop › orbit-menu menu-space-enter paced sample 15,orbit-menu,menu,menu-space-enter,menu-space,paced,15,Space Enter,Action=file | none | @button:Add attachment,0,0,Space>button:Add attachment[none|f=button:Add attachment|h=None]@26.1 ; Enter>menuitem:File[menu×1|f=menuitem:File|h=File]@363.9
chromium-dark-desktop › orbit-menu menu-space-enter paced sample 16,orbit-menu,menu,menu-space-enter,menu-space,paced,16,Space Enter,Action=file | none | @button:Add attachment,0,0,Space>button:Add attachment[none|f=button:Add attachment|h=None]@24 ; Enter>menuitem:File[menu×1|f=menuitem:File|h=File]@362.2
chromium-dark-desktop › orbit-menu menu-space-enter paced sample 17,orbit-menu,menu,menu-space-enter,menu-space,paced,17,Space Enter,Action=file | none | @button:Add attachment,0,0,Space>button:Add attachment[none|f=button:Add attachment|h=None]@24.7 ; Enter>menuitem:File[menu×1|f=menuitem:File|h=File]@362.2
chromium-dark-desktop › orbit-menu menu-space-enter paced sample 18,orbit-menu,menu,menu-space-enter,menu-space,paced,18,Space Enter,Action=file | none | @button:Add attachment,0,0,Space>button:Add attachment[none|f=button:Add attachment|h=None]@24 ; Enter>menuitem:File[menu×1|f=menuitem:File|h=File]@360.1
chromium-dark-desktop › orbit-menu menu-space-enter paced sample 19,orbit-menu,menu,menu-space-enter,menu-space,paced,19,Space Enter,Action=file | none | @button:Add attachment,0,0,Space>button:Add attachment[none|f=button:Add attachment|h=None]@29.2 ; Enter>menuitem:File[menu×1|f=menuitem:File|h=File]@369
chromium-dark-desktop › orbit-menu-sample menu-space-enter burst sample 0,orbit-menu-sample,menu,menu-space-enter,menu-space,burst,0,Space Enter,ran File | none | @button:Add attachment,1,1,Space>button:Add attachment[none|f=button:Add attachment|h=None]@22.7 ; Enter>button:Add attachment[menu×1|f=button:Add attachment|h=File]@54.7 ; Enter*>menuitem:File[menu×1|f=button:Add attachment|h=File]@54.8
chromium-dark-desktop › orbit-menu-sample menu-space-enter burst sample 1,orbit-menu-sample,menu,menu-space-enter,menu-space,burst,1,Space Enter,ran File | none | @button:Add attachment,1,1,Space>button:Add attachment[none|f=button:Add attachment|h=None]@19.3 ; Enter>button:Add attachment[menu×1|f=button:Add attachment|h=File]@54.3 ; Enter*>menuitem:File[menu×1|f=button:Add attachment|h=File]@54.5
chromium-dark-desktop › orbit-menu-sample menu-space-enter burst sample 2,orbit-menu-sample,menu,menu-space-enter,menu-space,burst,2,Space Enter,ran File | none | @button:Add attachment,1,1,Space>button:Add attachment[none|f=button:Add attachment|h=None]@21.8 ; Enter>button:Add attachment[menu×1|f=button:Add attachment|h=File]@64.8 ; Enter*>menuitem:File[menu×1|f=button:Add attachment|h=File]@64.9
chromium-dark-desktop › orbit-menu-sample menu-space-enter burst sample 3,orbit-menu-sample,menu,menu-space-enter,menu-space,burst,3,Space Enter,ran File | none | @button:Add attachment,1,1,Space>button:Add attachment[none|f=button:Add attachment|h=None]@33.2 ; Enter>button:Add attachment[menu×1|f=button:Add attachment|h=File]@65.3 ; Enter*>menuitem:File[menu×1|f=button:Add attachment|h=File]@65.5
chromium-dark-desktop › orbit-menu-sample menu-space-enter burst sample 4,orbit-menu-sample,menu,menu-space-enter,menu-space,burst,4,Space Enter,ran File | none | @button:Add attachment,1,1,Space>button:Add attachment[none|f=button:Add attachment|h=None]@27.8 ; Enter>button:Add attachment[menu×1|f=button:Add attachment|h=File]@57.5 ; Enter*>menuitem:File[menu×1|f=button:Add attachment|h=File]@57.6
chromium-dark-desktop › orbit-menu-sample menu-space-enter burst sample 5,orbit-menu-sample,menu,menu-space-enter,menu-space,burst,5,Space Enter,ran File | none | @button:Add attachment,1,1,Space>button:Add attachment[none|f=button:Add attachment|h=None]@33.9 ; Enter>button:Add attachment[menu×1|f=button:Add attachment|h=File]@69 ; Enter*>menuitem:File[menu×1|f=button:Add attachment|h=File]@69.3
chromium-dark-desktop › orbit-menu-sample menu-space-enter burst sample 6,orbit-menu-sample,menu,menu-space-enter,menu-space,burst,6,Space Enter,ran File | none | @button:Add attachment,1,1,Space>button:Add attachment[none|f=button:Add attachment|h=None]@25.9 ; Enter>button:Add attachment[menu×1|f=button:Add attachment|h=File]@56.1 ; Enter*>menuitem:File[menu×1|f=button:Add attachment|h=File]@56.2
chromium-dark-desktop › orbit-menu-sample menu-space-enter burst sample 7,orbit-menu-sample,menu,menu-space-enter,menu-space,burst,7,Space Enter,ran File | none | @button:Add attachment,1,1,Space>button:Add attachment[none|f=button:Add attachment|h=None]@18.7 ; Enter>button:Add attachment[menu×1|f=button:Add attachment|h=File]@51.3 ; Enter*>menuitem:File[menu×1|f=button:Add attachment|h=File]@51.4
chromium-dark-desktop › orbit-menu-sample menu-space-enter burst sample 8,orbit-menu-sample,menu,menu-space-enter,menu-space,burst,8,Space Enter,ran File | none | @button:Add attachment,1,1,Space>button:Add attachment[none|f=button:Add attachment|h=None]@27.8 ; Enter>button:Add attachment[menu×1|f=button:Add attachment|h=File]@59 ; Enter*>menuitem:File[menu×1|f=button:Add attachment|h=File]@59.2
chromium-dark-desktop › orbit-menu-sample menu-space-enter burst sample 9,orbit-menu-sample,menu,menu-space-enter,menu-space,burst,9,Space Enter,ran File | none | @button:Add attachment,1,1,Space>button:Add attachment[none|f=button:Add attachment|h=None]@24.5 ; Enter>button:Add attachment[menu×1|f=button:Add attachment|h=File]@60 ; Enter*>menuitem:File[menu×1|f=button:Add attachment|h=File]@60.2
chromium-dark-desktop › orbit-menu-sample menu-space-enter burst sample 10,orbit-menu-sample,menu,menu-space-enter,menu-space,burst,10,Space Enter,ran File | none | @button:Add attachment,1,1,Space>button:Add attachment[none|f=button:Add attachment|h=None]@24.3 ; Enter>button:Add attachment[menu×1|f=button:Add attachment|h=File]@60 ; Enter*>menuitem:File[menu×1|f=button:Add attachment|h=File]@60.2
chromium-dark-desktop › orbit-menu-sample menu-space-enter burst sample 11,orbit-menu-sample,menu,menu-space-enter,menu-space,burst,11,Space Enter,ran File | none | @button:Add attachment,1,1,Space>button:Add attachment[none|f=button:Add attachment|h=None]@21 ; Enter>button:Add attachment[menu×1|f=button:Add attachment|h=File]@60.8 ; Enter*>menuitem:File[menu×1|f=button:Add attachment|h=File]@61
chromium-dark-desktop › orbit-menu-sample menu-space-enter burst sample 12,orbit-menu-sample,menu,menu-space-enter,menu-space,burst,12,Space Enter,ran File | none | @button:Add attachment,1,1,Space>button:Add attachment[none|f=button:Add attachment|h=None]@35.2 ; Enter>button:Add attachment[menu×1|f=button:Add attachment|h=File]@80.6 ; Enter*>menuitem:File[menu×1|f=button:Add attachment|h=File]@81
chromium-dark-desktop › orbit-menu-sample menu-space-enter burst sample 13,orbit-menu-sample,menu,menu-space-enter,menu-space,burst,13,Space Enter,ran File | none | @button:Add attachment,1,1,Space>button:Add attachment[none|f=button:Add attachment|h=None]@35 ; Enter>button:Add attachment[menu×1|f=button:Add attachment|h=File]@69.6 ; Enter*>menuitem:File[menu×1|f=button:Add attachment|h=File]@69.8
chromium-dark-desktop › orbit-menu-sample menu-space-enter burst sample 14,orbit-menu-sample,menu,menu-space-enter,menu-space,burst,14,Space Enter,ran File | none | @button:Add attachment,1,1,Space>button:Add attachment[none|f=button:Add attachment|h=None]@22.9 ; Enter>button:Add attachment[menu×1|f=button:Add attachment|h=File]@57.4 ; Enter*>menuitem:File[menu×1|f=button:Add attachment|h=File]@57.7
chromium-dark-desktop › orbit-menu-sample menu-space-enter burst sample 15,orbit-menu-sample,menu,menu-space-enter,menu-space,burst,15,Space Enter,ran File | none | @button:Add attachment,1,1,Space>button:Add attachment[none|f=button:Add attachment|h=None]@25.1 ; Enter>button:Add attachment[menu×1|f=button:Add attachment|h=File]@61.2 ; Enter*>menuitem:File[menu×1|f=button:Add attachment|h=File]@61.6
chromium-dark-desktop › orbit-menu-sample menu-space-enter burst sample 16,orbit-menu-sample,menu,menu-space-enter,menu-space,burst,16,Space Enter,ran File | none | @button:Add attachment,1,1,Space>button:Add attachment[none|f=button:Add attachment|h=None]@37.6 ; Enter>button:Add attachment[menu×1|f=button:Add attachment|h=File]@86.8 ; Enter*>menuitem:File[menu×1|f=button:Add attachment|h=File]@87
chromium-dark-desktop › orbit-menu-sample menu-space-enter burst sample 17,orbit-menu-sample,menu,menu-space-enter,menu-space,burst,17,Space Enter,ran File | none | @button:Add attachment,1,1,Space>button:Add attachment[none|f=button:Add attachment|h=None]@30.6 ; Enter>button:Add attachment[menu×1|f=button:Add attachment|h=File]@65.8 ; Enter*>menuitem:File[menu×1|f=button:Add attachment|h=File]@65.9
chromium-dark-desktop › orbit-menu-sample menu-space-enter burst sample 18,orbit-menu-sample,menu,menu-space-enter,menu-space,burst,18,Space Enter,ran File | none | @button:Add attachment,1,1,Space>button:Add attachment[none|f=button:Add attachment|h=None]@18.2 ; Enter>button:Add attachment[menu×1|f=button:Add attachment|h=File]@52.1 ; Enter*>menuitem:File[menu×1|f=button:Add attachment|h=File]@52.3
chromium-dark-desktop › orbit-menu-sample menu-space-enter burst sample 19,orbit-menu-sample,menu,menu-space-enter,menu-space,burst,19,Space Enter,ran File | none | @button:Add attachment,1,1,Space>button:Add attachment[none|f=button:Add attachment|h=None]@21.6 ; Enter>button:Add attachment[menu×1|f=button:Add attachment|h=File]@53.1 ; Enter*>menuitem:File[menu×1|f=button:Add attachment|h=File]@53.3
chromium-dark-desktop › orbit-menu-sample menu-space-enter paced sample 0,orbit-menu-sample,menu,menu-space-enter,menu-space,paced,0,Space Enter,ran File | none | @button:Add attachment,0,0,Space>button:Add attachment[none|f=button:Add attachment|h=None]@27.1 ; Enter>menuitem:File[menu×1|f=menuitem:File|h=File]@367.3
chromium-dark-desktop › orbit-menu-sample menu-space-enter paced sample 1,orbit-menu-sample,menu,menu-space-enter,menu-space,paced,1,Space Enter,ran File | none | @button:Add attachment,0,0,Space>button:Add attachment[none|f=button:Add attachment|h=None]@28.4 ; Enter>menuitem:File[menu×1|f=menuitem:File|h=File]@375.3
chromium-dark-desktop › orbit-menu-sample menu-space-enter paced sample 2,orbit-menu-sample,menu,menu-space-enter,menu-space,paced,2,Space Enter,ran File | none | @button:Add attachment,0,0,Space>button:Add attachment[none|f=button:Add attachment|h=None]@31.9 ; Enter>menuitem:File[menu×1|f=menuitem:File|h=File]@370.1
chromium-dark-desktop › orbit-menu-sample menu-space-enter paced sample 3,orbit-menu-sample,menu,menu-space-enter,menu-space,paced,3,Space Enter,ran File | none | @button:Add attachment,0,0,Space>button:Add attachment[none|f=button:Add attachment|h=None]@22.2 ; Enter>menuitem:File[menu×1|f=menuitem:File|h=File]@360.4
chromium-dark-desktop › orbit-menu-sample menu-space-enter paced sample 4,orbit-menu-sample,menu,menu-space-enter,menu-space,paced,4,Space Enter,ran File | none | @button:Add attachment,0,0,Space>button:Add attachment[none|f=button:Add attachment|h=None]@24.8 ; Enter>menuitem:File[menu×1|f=menuitem:File|h=File]@370.2
chromium-dark-desktop › orbit-menu-sample menu-space-enter paced sample 5,orbit-menu-sample,menu,menu-space-enter,menu-space,paced,5,Space Enter,ran File | none | @button:Add attachment,0,0,Space>button:Add attachment[none|f=button:Add attachment|h=None]@26.5 ; Enter>menuitem:File[menu×1|f=menuitem:File|h=File]@369.1
chromium-dark-desktop › orbit-menu-sample menu-space-enter paced sample 6,orbit-menu-sample,menu,menu-space-enter,menu-space,paced,6,Space Enter,ran File | none | @button:Add attachment,0,0,Space>button:Add attachment[none|f=button:Add attachment|h=None]@29.4 ; Enter>menuitem:File[menu×1|f=menuitem:File|h=File]@368.4
chromium-dark-desktop › orbit-menu-sample menu-space-enter paced sample 7,orbit-menu-sample,menu,menu-space-enter,menu-space,paced,7,Space Enter,ran File | none | @button:Add attachment,0,0,Space>button:Add attachment[none|f=button:Add attachment|h=None]@20.3 ; Enter>menuitem:File[menu×1|f=menuitem:File|h=File]@350
chromium-dark-desktop › orbit-menu-sample menu-space-enter paced sample 8,orbit-menu-sample,menu,menu-space-enter,menu-space,paced,8,Space Enter,ran File | none | @button:Add attachment,0,0,Space>button:Add attachment[none|f=button:Add attachment|h=None]@26 ; Enter>menuitem:File[menu×1|f=menuitem:File|h=File]@370.5
chromium-dark-desktop › orbit-menu-sample menu-space-enter paced sample 9,orbit-menu-sample,menu,menu-space-enter,menu-space,paced,9,Space Enter,ran File | none | @button:Add attachment,0,0,Space>button:Add attachment[none|f=button:Add attachment|h=None]@28.5 ; Enter>menuitem:File[menu×1|f=menuitem:File|h=File]@369.3
chromium-dark-desktop › orbit-menu-sample menu-space-enter paced sample 10,orbit-menu-sample,menu,menu-space-enter,menu-space,paced,10,Space Enter,ran File | none | @button:Add attachment,0,0,Space>button:Add attachment[none|f=button:Add attachment|h=None]@18.4 ; Enter>menuitem:File[menu×1|f=menuitem:File|h=File]@359.8
chromium-dark-desktop › orbit-menu-sample menu-space-enter paced sample 11,orbit-menu-sample,menu,menu-space-enter,menu-space,paced,11,Space Enter,ran File | none | @button:Add attachment,0,0,Space>button:Add attachment[none|f=button:Add attachment|h=None]@31.9 ; Enter>menuitem:File[menu×1|f=menuitem:File|h=File]@377.4
chromium-dark-desktop › orbit-menu-sample menu-space-enter paced sample 12,orbit-menu-sample,menu,menu-space-enter,menu-space,paced,12,Space Enter,ran File | none | @button:Add attachment,0,0,Space>button:Add attachment[none|f=button:Add attachment|h=None]@29.8 ; Enter>menuitem:File[menu×1|f=menuitem:File|h=File]@371.3
chromium-dark-desktop › orbit-menu-sample menu-space-enter paced sample 13,orbit-menu-sample,menu,menu-space-enter,menu-space,paced,13,Space Enter,ran File | none | @button:Add attachment,0,0,Space>button:Add attachment[none|f=button:Add attachment|h=None]@28.2 ; Enter>menuitem:File[menu×1|f=menuitem:File|h=File]@370
chromium-dark-desktop › orbit-menu-sample menu-space-enter paced sample 14,orbit-menu-sample,menu,menu-space-enter,menu-space,paced,14,Space Enter,ran File | none | @button:Add attachment,0,0,Space>button:Add attachment[none|f=button:Add attachment|h=None]@22 ; Enter>menuitem:File[menu×1|f=menuitem:File|h=File]@365.8
chromium-dark-desktop › orbit-menu-sample menu-space-enter paced sample 15,orbit-menu-sample,menu,menu-space-enter,menu-space,paced,15,Space Enter,ran File | none | @button:Add attachment,0,0,Space>button:Add attachment[none|f=button:Add attachment|h=None]@27.4 ; Enter>menuitem:File[menu×1|f=menuitem:File|h=File]@375.4
chromium-dark-desktop › orbit-menu-sample menu-space-enter paced sample 16,orbit-menu-sample,menu,menu-space-enter,menu-space,paced,16,Space Enter,ran File | none | @button:Add attachment,0,0,Space>button:Add attachment[none|f=button:Add attachment|h=None]@20.1 ; Enter>menuitem:File[menu×1|f=menuitem:File|h=File]@367.2
chromium-dark-desktop › orbit-menu-sample menu-space-enter paced sample 17,orbit-menu-sample,menu,menu-space-enter,menu-space,paced,17,Space Enter,ran File | none | @button:Add attachment,0,0,Space>button:Add attachment[none|f=button:Add attachment|h=None]@24.2 ; Enter>menuitem:File[menu×1|f=menuitem:File|h=File]@369.6
chromium-dark-desktop › orbit-menu-sample menu-space-enter paced sample 18,orbit-menu-sample,menu,menu-space-enter,menu-space,paced,18,Space Enter,ran File | none | @button:Add attachment,0,0,Space>button:Add attachment[none|f=button:Add attachment|h=None]@26.8 ; Enter>menuitem:File[menu×1|f=menuitem:File|h=File]@365.2
chromium-dark-desktop › orbit-menu-sample menu-space-enter paced sample 19,orbit-menu-sample,menu,menu-space-enter,menu-space,paced,19,Space Enter,ran File | none | @button:Add attachment,0,0,Space>button:Add attachment[none|f=button:Add attachment|h=None]@24.3 ; Enter>menuitem:File[menu×1|f=menuitem:File|h=File]@370.5
chromium-dark-desktop › orbit-menu menu-space-down-enter burst sample 0,orbit-menu,menu,menu-space-down-enter,menu-space-enter,burst,0,Space ArrowDown Enter,Action=image | none | @button:Add attachment,1,1,Space>button:Add attachment[none|f=button:Add attachment|h=None]@31.4 ; ArrowDown>button:Add attachment[menu×1|f=button:Add attachment|h=File]@63.5 ; ArrowDown*>menuitem:File[menu×1|f=button:Add attachment|h=File]@63.7 ; Enter>menuitem:Image[menu×1|f=menuitem:Image|h=Image]@65.6
chromium-dark-desktop › orbit-menu menu-space-down-enter burst sample 1,orbit-menu,menu,menu-space-down-enter,menu-space-enter,burst,1,Space ArrowDown Enter,Action=image | none | @button:Add attachment,1,1,Space>button:Add attachment[none|f=button:Add attachment|h=None]@23.4 ; ArrowDown>button:Add attachment[menu×1|f=button:Add attachment|h=File]@50.8 ; ArrowDown*>menuitem:File[menu×1|f=button:Add attachment|h=File]@51 ; Enter>menuitem:Image[menu×1|f=menuitem:Image|h=Image]@53
chromium-dark-desktop › orbit-menu menu-space-down-enter burst sample 2,orbit-menu,menu,menu-space-down-enter,menu-space-enter,burst,2,Space ArrowDown Enter,Action=image | none | @button:Add attachment,1,1,Space>button:Add attachment[none|f=button:Add attachment|h=None]@17.1 ; ArrowDown>button:Add attachment[menu×1|f=button:Add attachment|h=File]@49.7 ; ArrowDown*>menuitem:File[menu×1|f=button:Add attachment|h=File]@49.9 ; Enter>menuitem:Image[menu×1|f=menuitem:Image|h=Image]@52.6
chromium-dark-desktop › orbit-menu menu-space-down-enter burst sample 3,orbit-menu,menu,menu-space-down-enter,menu-space-enter,burst,3,Space ArrowDown Enter,Action=image | none | @button:Add attachment,1,1,Space>button:Add attachment[none|f=button:Add attachment|h=None]@27 ; ArrowDown>button:Add attachment[menu×1|f=button:Add attachment|h=File]@55.3 ; ArrowDown*>menuitem:File[menu×1|f=button:Add attachment|h=File]@55.4 ; Enter>menuitem:Image[menu×1|f=menuitem:Image|h=Image]@57.6
chromium-dark-desktop › orbit-menu menu-space-down-enter burst sample 4,orbit-menu,menu,menu-space-down-enter,menu-space-enter,burst,4,Space ArrowDown Enter,Action=image | none | @button:Add attachment,1,1,Space>button:Add attachment[none|f=button:Add attachment|h=None]@31 ; ArrowDown>button:Add attachment[menu×1|f=button:Add attachment|h=File]@59.3 ; ArrowDown*>menuitem:File[menu×1|f=button:Add attachment|h=File]@59.4 ; Enter>menuitem:Image[menu×1|f=menuitem:Image|h=Image]@61.6
chromium-dark-desktop › orbit-menu menu-space-down-enter burst sample 5,orbit-menu,menu,menu-space-down-enter,menu-space-enter,burst,5,Space ArrowDown Enter,Action=image | none | @button:Add attachment,1,1,Space>button:Add attachment[none|f=button:Add attachment|h=None]@29.2 ; ArrowDown>button:Add attachment[menu×1|f=button:Add attachment|h=File]@56.1 ; ArrowDown*>menuitem:File[menu×1|f=button:Add attachment|h=File]@56.3 ; Enter>menuitem:Image[menu×1|f=menuitem:Image|h=Image]@58.3
chromium-dark-desktop › orbit-menu menu-space-down-enter burst sample 6,orbit-menu,menu,menu-space-down-enter,menu-space-enter,burst,6,Space ArrowDown Enter,Action=image | none | @button:Add attachment,1,1,Space>button:Add attachment[none|f=button:Add attachment|h=None]@32.8 ; ArrowDown>button:Add attachment[menu×1|f=button:Add attachment|h=File]@64.2 ; ArrowDown*>menuitem:File[menu×1|f=button:Add attachment|h=File]@64.5 ; Enter>menuitem:Image[menu×1|f=menuitem:Image|h=Image]@67.1
chromium-dark-desktop › orbit-menu menu-space-down-enter burst sample 7,orbit-menu,menu,menu-space-down-enter,menu-space-enter,burst,7,Space ArrowDown Enter,Action=image | none | @button:Add attachment,1,1,Space>button:Add attachment[none|f=button:Add attachment|h=None]@21.4 ; ArrowDown>button:Add attachment[menu×1|f=button:Add attachment|h=File]@52.1 ; ArrowDown*>menuitem:File[menu×1|f=button:Add attachment|h=File]@52.4 ; Enter>menuitem:Image[menu×1|f=menuitem:Image|h=Image]@54.6
chromium-dark-desktop › orbit-menu menu-space-down-enter burst sample 8,orbit-menu,menu,menu-space-down-enter,menu-space-enter,burst,8,Space ArrowDown Enter,Action=image | none | @button:Add attachment,1,1,Space>button:Add attachment[none|f=button:Add attachment|h=None]@14.5 ; ArrowDown>button:Add attachment[menu×1|f=button:Add attachment|h=File]@42.2 ; ArrowDown*>menuitem:File[menu×1|f=button:Add attachment|h=File]@42.4 ; Enter>menuitem:Image[menu×1|f=menuitem:Image|h=Image]@44.2
chromium-dark-desktop › orbit-menu menu-space-down-enter burst sample 9,orbit-menu,menu,menu-space-down-enter,menu-space-enter,burst,9,Space ArrowDown Enter,Action=image | none | @button:Add attachment,1,1,Space>button:Add attachment[none|f=button:Add attachment|h=None]@31.5 ; ArrowDown>button:Add attachment[menu×1|f=button:Add attachment|h=File]@58.8 ; ArrowDown*>menuitem:File[menu×1|f=button:Add attachment|h=File]@59 ; Enter>menuitem:Image[menu×1|f=menuitem:Image|h=Image]@61
chromium-dark-desktop › orbit-menu menu-space-down-enter burst sample 10,orbit-menu,menu,menu-space-down-enter,menu-space-enter,burst,10,Space ArrowDown Enter,Action=image | none | @button:Add attachment,1,1,Space>button:Add attachment[none|f=button:Add attachment|h=None]@20.2 ; ArrowDown>button:Add attachment[menu×1|f=button:Add attachment|h=File]@48.1 ; ArrowDown*>menuitem:File[menu×1|f=button:Add attachment|h=File]@48.3 ; Enter>menuitem:Image[menu×1|f=menuitem:Image|h=Image]@50.4
chromium-dark-desktop › orbit-menu menu-space-down-enter burst sample 11,orbit-menu,menu,menu-space-down-enter,menu-space-enter,burst,11,Space ArrowDown Enter,Action=image | none | @button:Add attachment,1,1,Space>button:Add attachment[none|f=button:Add attachment|h=None]@30.3 ; ArrowDown>button:Add attachment[menu×1|f=button:Add attachment|h=File]@56.5 ; ArrowDown*>menuitem:File[menu×1|f=button:Add attachment|h=File]@56.7 ; Enter>menuitem:Image[menu×1|f=menuitem:Image|h=Image]@58.2
chromium-dark-desktop › orbit-menu menu-space-down-enter burst sample 12,orbit-menu,menu,menu-space-down-enter,menu-space-enter,burst,12,Space ArrowDown Enter,Action=image | none | @button:Add attachment,1,1,Space>button:Add attachment[none|f=button:Add attachment|h=None]@22.3 ; ArrowDown>button:Add attachment[menu×1|f=button:Add attachment|h=File]@121.6 ; ArrowDown*>menuitem:File[menu×1|f=button:Add attachment|h=File]@121.8 ; Enter>menuitem:Image[menu×1|f=menuitem:Image|h=Image]@124
chromium-dark-desktop › orbit-menu menu-space-down-enter burst sample 13,orbit-menu,menu,menu-space-down-enter,menu-space-enter,burst,13,Space ArrowDown Enter,Action=image | none | @button:Add attachment,1,1,Space>button:Add attachment[none|f=button:Add attachment|h=None]@20.3 ; ArrowDown>button:Add attachment[menu×1|f=button:Add attachment|h=File]@52.1 ; ArrowDown*>menuitem:File[menu×1|f=button:Add attachment|h=File]@52.3 ; Enter>menuitem:Image[menu×1|f=menuitem:Image|h=Image]@55.4
chromium-dark-desktop › orbit-menu menu-space-down-enter burst sample 14,orbit-menu,menu,menu-space-down-enter,menu-space-enter,burst,14,Space ArrowDown Enter,Action=image | none | @button:Add attachment,1,1,Space>button:Add attachment[none|f=button:Add attachment|h=None]@26.2 ; ArrowDown>button:Add attachment[menu×1|f=button:Add attachment|h=File]@56.4 ; ArrowDown*>menuitem:File[menu×1|f=button:Add attachment|h=File]@56.5 ; Enter>menuitem:Image[menu×1|f=menuitem:Image|h=Image]@59.3
chromium-dark-desktop › orbit-menu menu-space-down-enter burst sample 15,orbit-menu,menu,menu-space-down-enter,menu-space-enter,burst,15,Space ArrowDown Enter,Action=image | none | @button:Add attachment,1,1,Space>button:Add attachment[none|f=button:Add attachment|h=None]@19.4 ; ArrowDown>button:Add attachment[menu×1|f=button:Add attachment|h=File]@51.5 ; ArrowDown*>menuitem:File[menu×1|f=button:Add attachment|h=File]@51.8 ; Enter>menuitem:Image[menu×1|f=menuitem:Image|h=Image]@54
chromium-dark-desktop › orbit-menu menu-space-down-enter burst sample 16,orbit-menu,menu,menu-space-down-enter,menu-space-enter,burst,16,Space ArrowDown Enter,Action=image | none | @button:Add attachment,1,1,Space>button:Add attachment[none|f=button:Add attachment|h=None]@8.5 ; ArrowDown>button:Add attachment[menu×1|f=button:Add attachment|h=File]@47.6 ; ArrowDown*>menuitem:File[menu×1|f=button:Add attachment|h=File]@47.9 ; Enter>menuitem:Image[menu×1|f=menuitem:Image|h=Image]@51
chromium-dark-desktop › orbit-menu menu-space-down-enter burst sample 17,orbit-menu,menu,menu-space-down-enter,menu-space-enter,burst,17,Space ArrowDown Enter,Action=image | none | @button:Add attachment,1,1,Space>button:Add attachment[none|f=button:Add attachment|h=None]@22.3 ; ArrowDown>button:Add attachment[menu×1|f=button:Add attachment|h=File]@55.9 ; ArrowDown*>menuitem:File[menu×1|f=button:Add attachment|h=File]@56.1 ; Enter>menuitem:Image[menu×1|f=menuitem:Image|h=Image]@58.4
chromium-dark-desktop › orbit-menu menu-space-down-enter burst sample 18,orbit-menu,menu,menu-space-down-enter,menu-space-enter,burst,18,Space ArrowDown Enter,Action=image | none | @button:Add attachment,1,1,Space>button:Add attachment[none|f=button:Add attachment|h=None]@19.7 ; ArrowDown>button:Add attachment[menu×1|f=button:Add attachment|h=File]@49.9 ; ArrowDown*>menuitem:File[menu×1|f=button:Add attachment|h=File]@50.2 ; Enter>menuitem:Image[menu×1|f=menuitem:Image|h=Image]@52.3
chromium-dark-desktop › orbit-menu menu-space-down-enter burst sample 19,orbit-menu,menu,menu-space-down-enter,menu-space-enter,burst,19,Space ArrowDown Enter,Action=image | none | @button:Add attachment,1,1,Space>button:Add attachment[none|f=button:Add attachment|h=None]@23 ; ArrowDown>button:Add attachment[menu×1|f=button:Add attachment|h=File]@52.3 ; ArrowDown*>menuitem:File[menu×1|f=button:Add attachment|h=File]@52.6 ; Enter>menuitem:Image[menu×1|f=menuitem:Image|h=Image]@55.6
chromium-dark-desktop › orbit-menu menu-space-down-enter paced sample 0,orbit-menu,menu,menu-space-down-enter,menu-space-enter,paced,0,Space ArrowDown Enter,Action=image | none | @button:Add attachment,0,0,Space>button:Add attachment[none|f=button:Add attachment|h=None]@22.9 ; ArrowDown>menuitem:File[menu×1|f=menuitem:File|h=File]@361.6 ; Enter>menuitem:Image[menu×1|f=menuitem:Image|h=Image]@685.4
chromium-dark-desktop › orbit-menu menu-space-down-enter paced sample 1,orbit-menu,menu,menu-space-down-enter,menu-space-enter,paced,1,Space ArrowDown Enter,Action=image | none | @button:Add attachment,0,0,Space>button:Add attachment[none|f=button:Add attachment|h=None]@23.9 ; ArrowDown>menuitem:File[menu×1|f=menuitem:File|h=File]@365.1 ; Enter>menuitem:Image[menu×1|f=menuitem:Image|h=Image]@679.8
chromium-dark-desktop › orbit-menu menu-space-down-enter paced sample 2,orbit-menu,menu,menu-space-down-enter,menu-space-enter,paced,2,Space ArrowDown Enter,Action=image | none | @button:Add attachment,0,0,Space>button:Add attachment[none|f=button:Add attachment|h=None]@19.4 ; ArrowDown>menuitem:File[menu×1|f=menuitem:File|h=File]@359.2 ; Enter>menuitem:Image[menu×1|f=menuitem:Image|h=Image]@669.2
chromium-dark-desktop › orbit-menu menu-space-down-enter paced sample 3,orbit-menu,menu,menu-space-down-enter,menu-space-enter,paced,3,Space ArrowDown Enter,Action=image | none | @button:Add attachment,0,0,Space>button:Add attachment[none|f=button:Add attachment|h=None]@28.4 ; ArrowDown>menuitem:File[menu×1|f=menuitem:File|h=File]@373.2 ; Enter>menuitem:Image[menu×1|f=menuitem:Image|h=Image]@690.8
chromium-dark-desktop › orbit-menu menu-space-down-enter paced sample 4,orbit-menu,menu,menu-space-down-enter,menu-space-enter,paced,4,Space ArrowDown Enter,Action=image | none | @button:Add attachment,0,0,Space>button:Add attachment[none|f=button:Add attachment|h=None]@19.5 ; ArrowDown>menuitem:File[menu×1|f=menuitem:File|h=File]@360.5 ; Enter>menuitem:Image[menu×1|f=menuitem:Image|h=Image]@669.4
chromium-dark-desktop › orbit-menu menu-space-down-enter paced sample 5,orbit-menu,menu,menu-space-down-enter,menu-space-enter,paced,5,Space ArrowDown Enter,Action=image | none | @button:Add attachment,0,0,Space>button:Add attachment[none|f=button:Add attachment|h=None]@16.5 ; ArrowDown>menuitem:File[menu×1|f=menuitem:File|h=File]@356.8 ; Enter>menuitem:Image[menu×1|f=menuitem:Image|h=Image]@666.1
chromium-dark-desktop › orbit-menu menu-space-down-enter paced sample 6,orbit-menu,menu,menu-space-down-enter,menu-space-enter,paced,6,Space ArrowDown Enter,Action=image | none | @button:Add attachment,0,0,Space>button:Add attachment[none|f=button:Add attachment|h=None]@26.8 ; ArrowDown>menuitem:File[menu×1|f=menuitem:File|h=File]@373.3 ; Enter>menuitem:Image[menu×1|f=menuitem:Image|h=Image]@686.9
chromium-dark-desktop › orbit-menu menu-space-down-enter paced sample 7,orbit-menu,menu,menu-space-down-enter,menu-space-enter,paced,7,Space ArrowDown Enter,Action=image | none | @button:Add attachment,0,0,Space>button:Add attachment[none|f=button:Add attachment|h=None]@26.8 ; ArrowDown>menuitem:File[menu×1|f=menuitem:File|h=File]@366.3 ; Enter>menuitem:Image[menu×1|f=menuitem:Image|h=Image]@683.9
chromium-dark-desktop › orbit-menu menu-space-down-enter paced sample 8,orbit-menu,menu,menu-space-down-enter,menu-space-enter,paced,8,Space ArrowDown Enter,Action=image | none | @button:Add attachment,0,0,Space>button:Add attachment[none|f=button:Add attachment|h=None]@24.6 ; ArrowDown>menuitem:File[menu×1|f=menuitem:File|h=File]@363.4 ; Enter>menuitem:Image[menu×1|f=menuitem:Image|h=Image]@671.6
chromium-dark-desktop › orbit-menu menu-space-down-enter paced sample 9,orbit-menu,menu,menu-space-down-enter,menu-space-enter,paced,9,Space ArrowDown Enter,Action=image | none | @button:Add attachment,0,0,Space>button:Add attachment[none|f=button:Add attachment|h=None]@20.8 ; ArrowDown>menuitem:File[menu×1|f=menuitem:File|h=File]@360.1 ; Enter>menuitem:Image[menu×1|f=menuitem:Image|h=Image]@668.7
chromium-dark-desktop › orbit-menu menu-space-down-enter paced sample 10,orbit-menu,menu,menu-space-down-enter,menu-space-enter,paced,10,Space ArrowDown Enter,Action=image | none | @button:Add attachment,0,0,Space>button:Add attachment[none|f=button:Add attachment|h=None]@25.9 ; ArrowDown>menuitem:File[menu×1|f=menuitem:File|h=File]@383.7 ; Enter>menuitem:Image[menu×1|f=menuitem:Image|h=Image]@702.3
chromium-dark-desktop › orbit-menu menu-space-down-enter paced sample 11,orbit-menu,menu,menu-space-down-enter,menu-space-enter,paced,11,Space ArrowDown Enter,Action=image | none | @button:Add attachment,0,0,Space>button:Add attachment[none|f=button:Add attachment|h=None]@26.4 ; ArrowDown>menuitem:File[menu×1|f=menuitem:File|h=File]@366.1 ; Enter>menuitem:Image[menu×1|f=menuitem:Image|h=Image]@687.4
chromium-dark-desktop › orbit-menu menu-space-down-enter paced sample 12,orbit-menu,menu,menu-space-down-enter,menu-space-enter,paced,12,Space ArrowDown Enter,Action=image | none | @button:Add attachment,0,0,Space>button:Add attachment[none|f=button:Add attachment|h=None]@26.2 ; ArrowDown>menuitem:File[menu×1|f=menuitem:File|h=File]@359.5 ; Enter>menuitem:Image[menu×1|f=menuitem:Image|h=Image]@668.8
chromium-dark-desktop › orbit-menu menu-space-down-enter paced sample 13,orbit-menu,menu,menu-space-down-enter,menu-space-enter,paced,13,Space ArrowDown Enter,Action=image | none | @button:Add attachment,0,0,Space>button:Add attachment[none|f=button:Add attachment|h=None]@19.6 ; ArrowDown>menuitem:File[menu×1|f=menuitem:File|h=File]@360.5 ; Enter>menuitem:Image[menu×1|f=menuitem:Image|h=Image]@668
chromium-dark-desktop › orbit-menu menu-space-down-enter paced sample 14,orbit-menu,menu,menu-space-down-enter,menu-space-enter,paced,14,Space ArrowDown Enter,Action=image | none | @button:Add attachment,0,0,Space>button:Add attachment[none|f=button:Add attachment|h=None]@48.9 ; ArrowDown>menuitem:File[menu×1|f=menuitem:File|h=File]@406.2 ; Enter>menuitem:Image[menu×1|f=menuitem:Image|h=Image]@724.4
chromium-dark-desktop › orbit-menu menu-space-down-enter paced sample 15,orbit-menu,menu,menu-space-down-enter,menu-space-enter,paced,15,Space ArrowDown Enter,Action=image | none | @button:Add attachment,0,0,Space>button:Add attachment[none|f=button:Add attachment|h=None]@20.3 ; ArrowDown>menuitem:File[menu×1|f=menuitem:File|h=File]@376.6 ; Enter>menuitem:Image[menu×1|f=menuitem:Image|h=Image]@686.1
chromium-dark-desktop › orbit-menu menu-space-down-enter paced sample 16,orbit-menu,menu,menu-space-down-enter,menu-space-enter,paced,16,Space ArrowDown Enter,Action=image | none | @button:Add attachment,0,0,Space>button:Add attachment[none|f=button:Add attachment|h=None]@32 ; ArrowDown>menuitem:File[menu×1|f=menuitem:File|h=File]@370.5 ; Enter>menuitem:Image[menu×1|f=menuitem:Image|h=Image]@740
chromium-dark-desktop › orbit-menu menu-space-down-enter paced sample 17,orbit-menu,menu,menu-space-down-enter,menu-space-enter,paced,17,Space ArrowDown Enter,Action=image | none | @button:Add attachment,0,0,Space>button:Add attachment[none|f=button:Add attachment|h=None]@32.8 ; ArrowDown>menuitem:File[menu×1|f=menuitem:File|h=File]@369.9 ; Enter>menuitem:Image[menu×1|f=menuitem:Image|h=Image]@679.6
chromium-dark-desktop › orbit-menu menu-space-down-enter paced sample 18,orbit-menu,menu,menu-space-down-enter,menu-space-enter,paced,18,Space ArrowDown Enter,Action=image | none | @button:Add attachment,0,0,Space>button:Add attachment[none|f=button:Add attachment|h=None]@17 ; ArrowDown>menuitem:File[menu×1|f=menuitem:File|h=File]@361.6 ; Enter>menuitem:Image[menu×1|f=menuitem:Image|h=Image]@671.7
chromium-dark-desktop › orbit-menu menu-space-down-enter paced sample 19,orbit-menu,menu,menu-space-down-enter,menu-space-enter,paced,19,Space ArrowDown Enter,Action=image | none | @button:Add attachment,0,0,Space>button:Add attachment[none|f=button:Add attachment|h=None]@18.7 ; ArrowDown>menuitem:File[menu×1|f=menuitem:File|h=File]@359.1 ; Enter>menuitem:Image[menu×1|f=menuitem:Image|h=Image]@668.1
chromium-dark-desktop › orbit-menu-sample menu-space-down-enter burst sample 0,orbit-menu-sample,menu,menu-space-down-enter,menu-space-enter,burst,0,Space ArrowDown Enter,ran Image | none | @button:Add attachment,1,1,Space>button:Add attachment[none|f=button:Add attachment|h=None]@32.9 ; ArrowDown>button:Add attachment[menu×1|f=button:Add attachment|h=File]@70.2 ; ArrowDown*>menuitem:File[menu×1|f=button:Add attachment|h=File]@70.5 ; Enter>menuitem:Image[menu×1|f=menuitem:Image|h=Image]@72.9
chromium-dark-desktop › orbit-menu-sample menu-space-down-enter burst sample 1,orbit-menu-sample,menu,menu-space-down-enter,menu-space-enter,burst,1,Space ArrowDown Enter,ran Image | none | @button:Add attachment,1,1,Space>button:Add attachment[none|f=button:Add attachment|h=None]@33.1 ; ArrowDown>button:Add attachment[menu×1|f=button:Add attachment|h=File]@72.3 ; ArrowDown*>menuitem:File[menu×1|f=button:Add attachment|h=File]@72.5 ; Enter>menuitem:Image[menu×1|f=menuitem:Image|h=Image]@74.8
chromium-dark-desktop › orbit-menu-sample menu-space-down-enter burst sample 2,orbit-menu-sample,menu,menu-space-down-enter,menu-space-enter,burst,2,Space ArrowDown Enter,ran Image | none | @button:Add attachment,1,1,Space>button:Add attachment[none|f=button:Add attachment|h=None]@23.4 ; ArrowDown>button:Add attachment[menu×1|f=button:Add attachment|h=File]@55.5 ; ArrowDown*>menuitem:File[menu×1|f=button:Add attachment|h=File]@55.7 ; Enter>menuitem:Image[menu×1|f=menuitem:Image|h=Image]@57.5
chromium-dark-desktop › orbit-menu-sample menu-space-down-enter burst sample 3,orbit-menu-sample,menu,menu-space-down-enter,menu-space-enter,burst,3,Space ArrowDown Enter,ran Image | none | @button:Add attachment,1,1,Space>button:Add attachment[none|f=button:Add attachment|h=None]@24.3 ; ArrowDown>button:Add attachment[menu×1|f=button:Add attachment|h=File]@60.8 ; ArrowDown*>menuitem:File[menu×1|f=button:Add attachment|h=File]@61 ; Enter>menuitem:Image[menu×1|f=menuitem:Image|h=Image]@63.1
chromium-dark-desktop › orbit-menu-sample menu-space-down-enter burst sample 4,orbit-menu-sample,menu,menu-space-down-enter,menu-space-enter,burst,4,Space ArrowDown Enter,ran Image | none | @button:Add attachment,1,1,Space>button:Add attachment[none|f=button:Add attachment|h=None]@22.6 ; ArrowDown>button:Add attachment[menu×1|f=button:Add attachment|h=File]@56 ; ArrowDown*>menuitem:File[menu×1|f=button:Add attachment|h=File]@56.2 ; Enter>menuitem:Image[menu×1|f=menuitem:Image|h=Image]@58
chromium-dark-desktop › orbit-menu-sample menu-space-down-enter burst sample 5,orbit-menu-sample,menu,menu-space-down-enter,menu-space-enter,burst,5,Space ArrowDown Enter,ran Image | none | @button:Add attachment,1,1,Space>button:Add attachment[none|f=button:Add attachment|h=None]@30 ; ArrowDown>button:Add attachment[menu×1|f=button:Add attachment|h=File]@477.3 ; ArrowDown*>menuitem:File[menu×1|f=button:Add attachment|h=File]@488 ; Enter>menuitem:Image[menu×1|f=menuitem:Image|h=Image]@490.8
chromium-dark-desktop › orbit-menu-sample menu-space-down-enter burst sample 6,orbit-menu-sample,menu,menu-space-down-enter,menu-space-enter,burst,6,Space ArrowDown Enter,ran Image | none | @button:Add attachment,1,1,Space>button:Add attachment[none|f=button:Add attachment|h=None]@20.4 ; ArrowDown>button:Add attachment[menu×1|f=button:Add attachment|h=File]@52.8 ; ArrowDown*>menuitem:File[menu×1|f=button:Add attachment|h=File]@53 ; Enter>menuitem:Image[menu×1|f=menuitem:Image|h=Image]@55.1
chromium-dark-desktop › orbit-menu-sample menu-space-down-enter burst sample 7,orbit-menu-sample,menu,menu-space-down-enter,menu-space-enter,burst,7,Space ArrowDown Enter,ran Image | none | @button:Add attachment,1,1,Space>button:Add attachment[none|f=button:Add attachment|h=None]@24 ; ArrowDown>button:Add attachment[menu×1|f=button:Add attachment|h=File]@56 ; ArrowDown*>menuitem:File[menu×1|f=button:Add attachment|h=File]@56.2 ; Enter>menuitem:Image[menu×1|f=menuitem:Image|h=Image]@58
chromium-dark-desktop › orbit-menu-sample menu-space-down-enter burst sample 8,orbit-menu-sample,menu,menu-space-down-enter,menu-space-enter,burst,8,Space ArrowDown Enter,ran Image | none | @button:Add attachment,1,1,Space>button:Add attachment[none|f=button:Add attachment|h=None]@32.3 ; ArrowDown>button:Add attachment[menu×1|f=button:Add attachment|h=File]@65.4 ; ArrowDown*>menuitem:File[menu×1|f=button:Add attachment|h=File]@65.6 ; Enter>menuitem:Image[menu×1|f=menuitem:Image|h=Image]@67.7
chromium-dark-desktop › orbit-menu-sample menu-space-down-enter burst sample 9,orbit-menu-sample,menu,menu-space-down-enter,menu-space-enter,burst,9,Space ArrowDown Enter,ran Image | none | @button:Add attachment,1,1,Space>button:Add attachment[none|f=button:Add attachment|h=None]@34.6 ; ArrowDown>button:Add attachment[menu×1|f=button:Add attachment|h=File]@68.5 ; ArrowDown*>menuitem:File[menu×1|f=button:Add attachment|h=File]@68.7 ; Enter>menuitem:Image[menu×1|f=menuitem:Image|h=Image]@71
chromium-dark-desktop › orbit-menu-sample menu-space-down-enter burst sample 10,orbit-menu-sample,menu,menu-space-down-enter,menu-space-enter,burst,10,Space ArrowDown Enter,ran Image | none | @button:Add attachment,1,1,Space>button:Add attachment[none|f=button:Add attachment|h=None]@21.3 ; ArrowDown>button:Add attachment[menu×1|f=button:Add attachment|h=File]@57.6 ; ArrowDown*>menuitem:File[menu×1|f=button:Add attachment|h=File]@57.7 ; Enter>menuitem:Image[menu×1|f=menuitem:Image|h=Image]@60.1
chromium-dark-desktop › orbit-menu-sample menu-space-down-enter burst sample 11,orbit-menu-sample,menu,menu-space-down-enter,menu-space-enter,burst,11,Space ArrowDown Enter,ran Image | none | @button:Add attachment,1,1,Space>button:Add attachment[none|f=button:Add attachment|h=None]@26.7 ; ArrowDown>button:Add attachment[menu×1|f=button:Add attachment|h=File]@62.2 ; ArrowDown*>menuitem:File[menu×1|f=button:Add attachment|h=File]@62.3 ; Enter>menuitem:Image[menu×1|f=menuitem:Image|h=Image]@64.4
chromium-dark-desktop › orbit-menu-sample menu-space-down-enter burst sample 12,orbit-menu-sample,menu,menu-space-down-enter,menu-space-enter,burst,12,Space ArrowDown Enter,ran Image | none | @button:Add attachment,1,1,Space>button:Add attachment[none|f=button:Add attachment|h=None]@32.1 ; ArrowDown>button:Add attachment[menu×1|f=button:Add attachment|h=File]@58.4 ; ArrowDown*>menuitem:File[menu×1|f=button:Add attachment|h=File]@58.5 ; Enter>menuitem:Image[menu×1|f=menuitem:Image|h=Image]@59.8
chromium-dark-desktop › orbit-menu-sample menu-space-down-enter burst sample 13,orbit-menu-sample,menu,menu-space-down-enter,menu-space-enter,burst,13,Space ArrowDown Enter,ran Image | none | @button:Add attachment,1,1,Space>button:Add attachment[none|f=button:Add attachment|h=None]@32.9 ; ArrowDown>button:Add attachment[menu×1|f=button:Add attachment|h=File]@59.3 ; ArrowDown*>menuitem:File[menu×1|f=button:Add attachment|h=File]@59.5 ; Enter>menuitem:Image[menu×1|f=menuitem:Image|h=Image]@60.7
chromium-dark-desktop › orbit-menu-sample menu-space-down-enter burst sample 14,orbit-menu-sample,menu,menu-space-down-enter,menu-space-enter,burst,14,Space ArrowDown Enter,ran Image | none | @button:Add attachment,1,1,Space>button:Add attachment[none|f=button:Add attachment|h=None]@20.8 ; ArrowDown>button:Add attachment[menu×1|f=button:Add attachment|h=File]@53.2 ; ArrowDown*>menuitem:File[menu×1|f=button:Add attachment|h=File]@53.3 ; Enter>menuitem:Image[menu×1|f=menuitem:Image|h=Image]@55.1
chromium-dark-desktop › orbit-menu-sample menu-space-down-enter burst sample 15,orbit-menu-sample,menu,menu-space-down-enter,menu-space-enter,burst,15,Space ArrowDown Enter,ran Image | none | @button:Add attachment,1,1,Space>button:Add attachment[none|f=button:Add attachment|h=None]@33.6 ; ArrowDown>button:Add attachment[menu×1|f=button:Add attachment|h=File]@69.2 ; ArrowDown*>menuitem:File[menu×1|f=button:Add attachment|h=File]@69.5 ; Enter>menuitem:Image[menu×1|f=menuitem:Image|h=Image]@71.4
chromium-dark-desktop › orbit-menu-sample menu-space-down-enter burst sample 16,orbit-menu-sample,menu,menu-space-down-enter,menu-space-enter,burst,16,Space ArrowDown Enter,ran Image | none | @button:Add attachment,1,1,Space>button:Add attachment[none|f=button:Add attachment|h=None]@22.6 ; ArrowDown>button:Add attachment[menu×1|f=button:Add attachment|h=File]@58.7 ; ArrowDown*>menuitem:File[menu×1|f=button:Add attachment|h=File]@58.9 ; Enter>menuitem:Image[menu×1|f=menuitem:Image|h=Image]@61
chromium-dark-desktop › orbit-menu-sample menu-space-down-enter burst sample 17,orbit-menu-sample,menu,menu-space-down-enter,menu-space-enter,burst,17,Space ArrowDown Enter,ran Image | none | @button:Add attachment,1,1,Space>button:Add attachment[none|f=button:Add attachment|h=None]@34 ; ArrowDown>button:Add attachment[menu×1|f=button:Add attachment|h=File]@69.7 ; ArrowDown*>menuitem:File[menu×1|f=button:Add attachment|h=File]@69.9 ; Enter>menuitem:Image[menu×1|f=menuitem:Image|h=Image]@71.8
chromium-dark-desktop › orbit-menu-sample menu-space-down-enter burst sample 18,orbit-menu-sample,menu,menu-space-down-enter,menu-space-enter,burst,18,Space ArrowDown Enter,ran Image | none | @button:Add attachment,1,1,Space>button:Add attachment[none|f=button:Add attachment|h=None]@30.3 ; ArrowDown>button:Add attachment[menu×1|f=button:Add attachment|h=File]@67.5 ; ArrowDown*>menuitem:File[menu×1|f=button:Add attachment|h=File]@67.6 ; Enter>menuitem:Image[menu×1|f=menuitem:Image|h=Image]@69.6
chromium-dark-desktop › orbit-menu-sample menu-space-down-enter burst sample 19,orbit-menu-sample,menu,menu-space-down-enter,menu-space-enter,burst,19,Space ArrowDown Enter,ran Image | none | @button:Add attachment,1,1,Space>button:Add attachment[none|f=button:Add attachment|h=None]@24.8 ; ArrowDown>button:Add attachment[menu×1|f=button:Add attachment|h=File]@62.3 ; ArrowDown*>menuitem:File[menu×1|f=button:Add attachment|h=File]@62.5 ; Enter>menuitem:Image[menu×1|f=menuitem:Image|h=Image]@64.8
chromium-dark-desktop › orbit-menu-sample menu-space-down-enter paced sample 0,orbit-menu-sample,menu,menu-space-down-enter,menu-space-enter,paced,0,Space ArrowDown Enter,ran Image | none | @button:Add attachment,0,0,Space>button:Add attachment[none|f=button:Add attachment|h=None]@22 ; ArrowDown>menuitem:File[menu×1|f=menuitem:File|h=File]@374 ; Enter>menuitem:Image[menu×1|f=menuitem:Image|h=Image]@685.2
chromium-dark-desktop › orbit-menu-sample menu-space-down-enter paced sample 1,orbit-menu-sample,menu,menu-space-down-enter,menu-space-enter,paced,1,Space ArrowDown Enter,ran Image | none | @button:Add attachment,0,0,Space>button:Add attachment[none|f=button:Add attachment|h=None]@27.3 ; ArrowDown>menuitem:File[menu×1|f=menuitem:File|h=File]@375.3 ; Enter>menuitem:Image[menu×1|f=menuitem:Image|h=Image]@698.7
chromium-dark-desktop › orbit-menu-sample menu-space-down-enter paced sample 2,orbit-menu-sample,menu,menu-space-down-enter,menu-space-enter,paced,2,Space ArrowDown Enter,ran Image | none | @button:Add attachment,0,0,Space>button:Add attachment[none|f=button:Add attachment|h=None]@25.1 ; ArrowDown>menuitem:File[menu×1|f=menuitem:File|h=File]@367.5 ; Enter>menuitem:Image[menu×1|f=menuitem:Image|h=Image]@676.6
chromium-dark-desktop › orbit-menu-sample menu-space-down-enter paced sample 3,orbit-menu-sample,menu,menu-space-down-enter,menu-space-enter,paced,3,Space ArrowDown Enter,ran Image | none | @button:Add attachment,0,0,Space>button:Add attachment[none|f=button:Add attachment|h=None]@25.7 ; ArrowDown>menuitem:File[menu×1|f=menuitem:File|h=File]@357.6 ; Enter>menuitem:Image[menu×1|f=menuitem:Image|h=Image]@664.2
chromium-dark-desktop › orbit-menu-sample menu-space-down-enter paced sample 4,orbit-menu-sample,menu,menu-space-down-enter,menu-space-enter,paced,4,Space ArrowDown Enter,ran Image | none | @button:Add attachment,0,0,Space>button:Add attachment[none|f=button:Add attachment|h=None]@28 ; ArrowDown>menuitem:File[menu×1|f=menuitem:File|h=File]@372.3 ; Enter>menuitem:Image[menu×1|f=menuitem:Image|h=Image]@680.2
chromium-dark-desktop › orbit-menu-sample menu-space-down-enter paced sample 5,orbit-menu-sample,menu,menu-space-down-enter,menu-space-enter,paced,5,Space ArrowDown Enter,ran Image | none | @button:Add attachment,0,0,Space>button:Add attachment[none|f=button:Add attachment|h=None]@21.2 ; ArrowDown>menuitem:File[menu×1|f=menuitem:File|h=File]@364.5 ; Enter>menuitem:Image[menu×1|f=menuitem:Image|h=Image]@672.9
chromium-dark-desktop › orbit-menu-sample menu-space-down-enter paced sample 6,orbit-menu-sample,menu,menu-space-down-enter,menu-space-enter,paced,6,Space ArrowDown Enter,ran Image | none | @button:Add attachment,0,0,Space>button:Add attachment[none|f=button:Add attachment|h=None]@30.7 ; ArrowDown>menuitem:File[menu×1|f=menuitem:File|h=File]@375.4 ; Enter>menuitem:Image[menu×1|f=menuitem:Image|h=Image]@682.4
chromium-dark-desktop › orbit-menu-sample menu-space-down-enter paced sample 7,orbit-menu-sample,menu,menu-space-down-enter,menu-space-enter,paced,7,Space ArrowDown Enter,ran Image | none | @button:Add attachment,0,0,Space>button:Add attachment[none|f=button:Add attachment|h=None]@32 ; ArrowDown>menuitem:File[menu×1|f=menuitem:File|h=File]@374.7 ; Enter>menuitem:Image[menu×1|f=menuitem:Image|h=Image]@681.4
chromium-dark-desktop › orbit-menu-sample menu-space-down-enter paced sample 8,orbit-menu-sample,menu,menu-space-down-enter,menu-space-enter,paced,8,Space ArrowDown Enter,ran Image | none | @button:Add attachment,0,0,Space>button:Add attachment[none|f=button:Add attachment|h=None]@18.3 ; ArrowDown>menuitem:File[menu×1|f=menuitem:File|h=File]@375.9 ; Enter>menuitem:Image[menu×1|f=menuitem:Image|h=Image]@683.4
chromium-dark-desktop › orbit-menu-sample menu-space-down-enter paced sample 9,orbit-menu-sample,menu,menu-space-down-enter,menu-space-enter,paced,9,Space ArrowDown Enter,ran Image | none | @button:Add attachment,0,0,Space>button:Add attachment[none|f=button:Add attachment|h=None]@35.3 ; ArrowDown>menuitem:File[menu×1|f=menuitem:File|h=File]@379.3 ; Enter>menuitem:Image[menu×1|f=menuitem:Image|h=Image]@688.8
chromium-dark-desktop › orbit-menu-sample menu-space-down-enter paced sample 10,orbit-menu-sample,menu,menu-space-down-enter,menu-space-enter,paced,10,Space ArrowDown Enter,ran Image | none | @button:Add attachment,0,0,Space>button:Add attachment[none|f=button:Add attachment|h=None]@26.9 ; ArrowDown>menuitem:File[menu×1|f=menuitem:File|h=File]@370.1 ; Enter>menuitem:Image[menu×1|f=menuitem:Image|h=Image]@678.1
chromium-dark-desktop › orbit-menu-sample menu-space-down-enter paced sample 11,orbit-menu-sample,menu,menu-space-down-enter,menu-space-enter,paced,11,Space ArrowDown Enter,ran Image | none | @button:Add attachment,0,0,Space>button:Add attachment[none|f=button:Add attachment|h=None]@22.6 ; ArrowDown>menuitem:File[menu×1|f=menuitem:File|h=File]@366.5 ; Enter>menuitem:Image[menu×1|f=menuitem:Image|h=Image]@674.4
chromium-dark-desktop › orbit-menu-sample menu-space-down-enter paced sample 12,orbit-menu-sample,menu,menu-space-down-enter,menu-space-enter,paced,12,Space ArrowDown Enter,ran Image | none | @button:Add attachment,0,0,Space>button:Add attachment[none|f=button:Add attachment|h=None]@26.3 ; ArrowDown>menuitem:File[menu×1|f=menuitem:File|h=File]@375.5 ; Enter>menuitem:Image[menu×1|f=menuitem:Image|h=Image]@682.4
chromium-dark-desktop › orbit-menu-sample menu-space-down-enter paced sample 13,orbit-menu-sample,menu,menu-space-down-enter,menu-space-enter,paced,13,Space ArrowDown Enter,ran Image | none | @button:Add attachment,0,0,Space>button:Add attachment[none|f=button:Add attachment|h=None]@25.5 ; ArrowDown>menuitem:File[menu×1|f=menuitem:File|h=File]@418.7 ; Enter>menuitem:Image[menu×1|f=menuitem:Image|h=Image]@746.8
chromium-dark-desktop › orbit-menu-sample menu-space-down-enter paced sample 14,orbit-menu-sample,menu,menu-space-down-enter,menu-space-enter,paced,14,Space ArrowDown Enter,ran Image | none | @button:Add attachment,0,0,Space>button:Add attachment[none|f=button:Add attachment|h=None]@14.1 ; ArrowDown>menuitem:File[menu×1|f=menuitem:File|h=File]@399.4 ; Enter>menuitem:Image[menu×1|f=menuitem:Image|h=Image]@737.2
chromium-dark-desktop › orbit-menu-sample menu-space-down-enter paced sample 15,orbit-menu-sample,menu,menu-space-down-enter,menu-space-enter,paced,15,Space ArrowDown Enter,ran Image | none | @button:Add attachment,0,0,Space>button:Add attachment[none|f=button:Add attachment|h=None]@26.8 ; ArrowDown>menuitem:File[menu×1|f=menuitem:File|h=File]@417 ; Enter>menuitem:Image[menu×1|f=menuitem:Image|h=Image]@744.8
chromium-dark-desktop › orbit-menu-sample menu-space-down-enter paced sample 16,orbit-menu-sample,menu,menu-space-down-enter,menu-space-enter,paced,16,Space ArrowDown Enter,ran Image | none | @button:Add attachment,0,0,Space>button:Add attachment[none|f=button:Add attachment|h=None]@26.1 ; ArrowDown>menuitem:File[menu×1|f=menuitem:File|h=File]@412.7 ; Enter>menuitem:Image[menu×1|f=menuitem:Image|h=Image]@735.3
chromium-dark-desktop › orbit-menu-sample menu-space-down-enter paced sample 17,orbit-menu-sample,menu,menu-space-down-enter,menu-space-enter,paced,17,Space ArrowDown Enter,ran Image | none | @button:Add attachment,0,0,Space>button:Add attachment[none|f=button:Add attachment|h=None]@24 ; ArrowDown>menuitem:File[menu×1|f=menuitem:File|h=File]@414 ; Enter>menuitem:Image[menu×1|f=menuitem:Image|h=Image]@753.7
chromium-dark-desktop › orbit-menu-sample menu-space-down-enter paced sample 18,orbit-menu-sample,menu,menu-space-down-enter,menu-space-enter,paced,18,Space ArrowDown Enter,ran Image | none | @button:Add attachment,0,0,Space>button:Add attachment[none|f=button:Add attachment|h=None]@14.3 ; ArrowDown>menuitem:File[menu×1|f=menuitem:File|h=File]@364.3 ; Enter>menuitem:Image[menu×1|f=menuitem:Image|h=Image]@702.6
chromium-dark-desktop › orbit-menu-sample menu-space-down-enter paced sample 19,orbit-menu-sample,menu,menu-space-down-enter,menu-space-enter,paced,19,Space ArrowDown Enter,ran Image | none | @button:Add attachment,0,0,Space>button:Add attachment[none|f=button:Add attachment|h=None]@16.8 ; ArrowDown>menuitem:File[menu×1|f=menuitem:File|h=File]@370.2 ; Enter>menuitem:Image[menu×1|f=menuitem:Image|h=Image]@680.5
