test,target,kind,sequence,control,mode,run,keys,result,window,handoff,keylog
chromium-dark-desktop › orbit-submenu sub-right-tab burst sample 0,orbit-submenu,submenu,sub-right-tab,sub-right,burst,0,ArrowRight Tab,none | menu×2 | @menuitem:Codex,1,0,ArrowRight>menuitem:Provider[menu×1|f=menuitem:Provider|h=Provider]@20.1 ; Tab>menuitem:Provider[menu×2|f=menuitem:Provider|h=Codex]@33.9
chromium-dark-desktop › orbit-submenu sub-right-tab burst sample 1,orbit-submenu,submenu,sub-right-tab,sub-right,burst,1,ArrowRight Tab,none | menu×2 | @menuitem:Codex,1,0,ArrowRight>menuitem:Provider[menu×1|f=menuitem:Provider|h=Provider]@12 ; Tab>menuitem:Provider[menu×2|f=menuitem:Provider|h=Codex]@25.5
chromium-dark-desktop › orbit-submenu sub-right-tab burst sample 2,orbit-submenu,submenu,sub-right-tab,sub-right,burst,2,ArrowRight Tab,none | menu×2 | @menuitem:Codex,1,0,ArrowRight>menuitem:Provider[menu×1|f=menuitem:Provider|h=Provider]@7.9 ; Tab>menuitem:Provider[menu×2|f=menuitem:Provider|h=Codex]@22
chromium-dark-desktop › orbit-submenu sub-right-tab burst sample 3,orbit-submenu,submenu,sub-right-tab,sub-right,burst,3,ArrowRight Tab,none | menu×2 | @menuitem:Codex,1,0,ArrowRight>menuitem:Provider[menu×1|f=menuitem:Provider|h=Provider]@14.8 ; Tab>menuitem:Provider[menu×2|f=menuitem:Provider|h=Codex]@29.1
chromium-dark-desktop › orbit-submenu sub-right-tab burst sample 4,orbit-submenu,submenu,sub-right-tab,sub-right,burst,4,ArrowRight Tab,none | menu×2 | @menuitem:Codex,1,0,ArrowRight>menuitem:Provider[menu×1|f=menuitem:Provider|h=Provider]@11.4 ; Tab>menuitem:Provider[menu×2|f=menuitem:Provider|h=Codex]@25.7
chromium-dark-desktop › orbit-submenu sub-right-tab burst sample 5,orbit-submenu,submenu,sub-right-tab,sub-right,burst,5,ArrowRight Tab,none | menu×2 | @menuitem:Codex,1,0,ArrowRight>menuitem:Provider[menu×1|f=menuitem:Provider|h=Provider]@11.5 ; Tab>menuitem:Provider[menu×2|f=menuitem:Provider|h=Codex]@24.8
chromium-dark-desktop › orbit-submenu sub-right-tab burst sample 6,orbit-submenu,submenu,sub-right-tab,sub-right,burst,6,ArrowRight Tab,none | menu×2 | @menuitem:Codex,1,0,ArrowRight>menuitem:Provider[menu×1|f=menuitem:Provider|h=Provider]@13.4 ; Tab>menuitem:Provider[menu×2|f=menuitem:Provider|h=Codex]@27.4
chromium-dark-desktop › orbit-submenu sub-right-tab burst sample 7,orbit-submenu,submenu,sub-right-tab,sub-right,burst,7,ArrowRight Tab,none | menu×2 | @menuitem:Codex,1,0,ArrowRight>menuitem:Provider[menu×1|f=menuitem:Provider|h=Provider]@8.7 ; Tab>menuitem:Provider[menu×2|f=menuitem:Provider|h=Codex]@22.6
chromium-dark-desktop › orbit-submenu sub-right-tab burst sample 8,orbit-submenu,submenu,sub-right-tab,sub-right,burst,8,ArrowRight Tab,none | menu×2 | @menuitem:Codex,1,0,ArrowRight>menuitem:Provider[menu×1|f=menuitem:Provider|h=Provider]@19.1 ; Tab>menuitem:Provider[menu×2|f=menuitem:Provider|h=Codex]@32.3
chromium-dark-desktop › orbit-submenu sub-right-tab burst sample 9,orbit-submenu,submenu,sub-right-tab,sub-right,burst,9,ArrowRight Tab,none | menu×2 | @menuitem:Codex,1,0,ArrowRight>menuitem:Provider[menu×1|f=menuitem:Provider|h=Provider]@6.3 ; Tab>menuitem:Provider[menu×2|f=menuitem:Provider|h=Codex]@19.7
chromium-dark-desktop › orbit-submenu sub-right-tab burst sample 10,orbit-submenu,submenu,sub-right-tab,sub-right,burst,10,ArrowRight Tab,none | menu×2 | @menuitem:Codex,1,0,ArrowRight>menuitem:Provider[menu×1|f=menuitem:Provider|h=Provider]@14.6 ; Tab>menuitem:Provider[menu×2|f=menuitem:Provider|h=Codex]@28.1
chromium-dark-desktop › orbit-submenu sub-right-tab burst sample 11,orbit-submenu,submenu,sub-right-tab,sub-right,burst,11,ArrowRight Tab,none | menu×2 | @menuitem:Codex,1,0,ArrowRight>menuitem:Provider[menu×1|f=menuitem:Provider|h=Provider]@13.3 ; Tab>menuitem:Provider[menu×2|f=menuitem:Provider|h=Codex]@26.8
chromium-dark-desktop › orbit-submenu sub-right-tab burst sample 12,orbit-submenu,submenu,sub-right-tab,sub-right,burst,12,ArrowRight Tab,none | menu×2 | @menuitem:Codex,1,0,ArrowRight>menuitem:Provider[menu×1|f=menuitem:Provider|h=Provider]@10 ; Tab>menuitem:Provider[menu×2|f=menuitem:Provider|h=Codex]@23.5
chromium-dark-desktop › orbit-submenu sub-right-tab burst sample 13,orbit-submenu,submenu,sub-right-tab,sub-right,burst,13,ArrowRight Tab,none | menu×2 | @menuitem:Codex,1,0,ArrowRight>menuitem:Provider[menu×1|f=menuitem:Provider|h=Provider]@7.8 ; Tab>menuitem:Provider[menu×2|f=menuitem:Provider|h=Codex]@21.7
chromium-dark-desktop › orbit-submenu sub-right-tab burst sample 14,orbit-submenu,submenu,sub-right-tab,sub-right,burst,14,ArrowRight Tab,none | menu×2 | @menuitem:Codex,1,0,ArrowRight>menuitem:Provider[menu×1|f=menuitem:Provider|h=Provider]@15.2 ; Tab>menuitem:Provider[menu×2|f=menuitem:Provider|h=Codex]@28.8
chromium-dark-desktop › orbit-submenu sub-right-tab burst sample 15,orbit-submenu,submenu,sub-right-tab,sub-right,burst,15,ArrowRight Tab,none | menu×2 | @menuitem:Codex,1,0,ArrowRight>menuitem:Provider[menu×1|f=menuitem:Provider|h=Provider]@9.2 ; Tab>menuitem:Provider[menu×2|f=menuitem:Provider|h=Codex]@23.1
chromium-dark-desktop › orbit-submenu sub-right-tab burst sample 16,orbit-submenu,submenu,sub-right-tab,sub-right,burst,16,ArrowRight Tab,none | menu×2 | @menuitem:Codex,1,0,ArrowRight>menuitem:Provider[menu×1|f=menuitem:Provider|h=Provider]@15.8 ; Tab>menuitem:Provider[menu×2|f=menuitem:Provider|h=Codex]@29.7
chromium-dark-desktop › orbit-submenu sub-right-tab burst sample 17,orbit-submenu,submenu,sub-right-tab,sub-right,burst,17,ArrowRight Tab,none | menu×2 | @menuitem:Codex,1,0,ArrowRight>menuitem:Provider[menu×1|f=menuitem:Provider|h=Provider]@10.6 ; Tab>menuitem:Provider[menu×2|f=menuitem:Provider|h=Codex]@23.9
chromium-dark-desktop › orbit-submenu sub-right-tab burst sample 18,orbit-submenu,submenu,sub-right-tab,sub-right,burst,18,ArrowRight Tab,none | menu×2 | @menuitem:Codex,1,0,ArrowRight>menuitem:Provider[menu×1|f=menuitem:Provider|h=Provider]@5.5 ; Tab>menuitem:Provider[menu×2|f=menuitem:Provider|h=Codex]@18.6
chromium-dark-desktop › orbit-submenu sub-right-tab burst sample 19,orbit-submenu,submenu,sub-right-tab,sub-right,burst,19,ArrowRight Tab,none | menu×2 | @menuitem:Codex,1,0,ArrowRight>menuitem:Provider[menu×1|f=menuitem:Provider|h=Provider]@13.7 ; Tab>menuitem:Provider[menu×2|f=menuitem:Provider|h=Codex]@27.4
chromium-dark-desktop › orbit-submenu sub-right-tab paced sample 0,orbit-submenu,submenu,sub-right-tab,sub-right,paced,0,ArrowRight Tab,none | none | @button:Add attachment,0,0,ArrowRight>menuitem:Provider[menu×1|f=menuitem:Provider|h=Provider]@4.8 ; Tab>menuitem:Codex[menu×2|f=menuitem:Codex|h=Codex]@333.4
chromium-dark-desktop › orbit-submenu sub-right-tab paced sample 1,orbit-submenu,submenu,sub-right-tab,sub-right,paced,1,ArrowRight Tab,none | none | @button:Add attachment,0,0,ArrowRight>menuitem:Provider[menu×1|f=menuitem:Provider|h=Provider]@12.9 ; Tab>menuitem:Codex[menu×2|f=menuitem:Codex|h=Codex]@335.1
chromium-dark-desktop › orbit-submenu sub-right-tab paced sample 2,orbit-submenu,submenu,sub-right-tab,sub-right,paced,2,ArrowRight Tab,none | none | @button:Add attachment,0,0,ArrowRight>menuitem:Provider[menu×1|f=menuitem:Provider|h=Provider]@19.7 ; Tab>menuitem:Codex[menu×2|f=menuitem:Codex|h=Codex]@341.4
chromium-dark-desktop › orbit-submenu sub-right-tab paced sample 3,orbit-submenu,submenu,sub-right-tab,sub-right,paced,3,ArrowRight Tab,none | none | @button:Add attachment,0,0,ArrowRight>menuitem:Provider[menu×1|f=menuitem:Provider|h=Provider]@3.5 ; Tab>menuitem:Codex[menu×2|f=menuitem:Codex|h=Codex]@321.6
chromium-dark-desktop › orbit-submenu sub-right-tab paced sample 4,orbit-submenu,submenu,sub-right-tab,sub-right,paced,4,ArrowRight Tab,none | none | @button:Add attachment,0,0,ArrowRight>menuitem:Provider[menu×1|f=menuitem:Provider|h=Provider]@5.9 ; Tab>menuitem:Codex[menu×2|f=menuitem:Codex|h=Codex]@329.6
chromium-dark-desktop › orbit-submenu sub-right-tab paced sample 5,orbit-submenu,submenu,sub-right-tab,sub-right,paced,5,ArrowRight Tab,none | none | @button:Add attachment,0,0,ArrowRight>menuitem:Provider[menu×1|f=menuitem:Provider|h=Provider]@17.2 ; Tab>menuitem:Codex[menu×2|f=menuitem:Codex|h=Codex]@339.6
chromium-dark-desktop › orbit-submenu sub-right-tab paced sample 6,orbit-submenu,submenu,sub-right-tab,sub-right,paced,6,ArrowRight Tab,none | none | @button:Add attachment,0,0,ArrowRight>menuitem:Provider[menu×1|f=menuitem:Provider|h=Provider]@18.7 ; Tab>menuitem:Codex[menu×2|f=menuitem:Codex|h=Codex]@345.8
chromium-dark-desktop › orbit-submenu sub-right-tab paced sample 7,orbit-submenu,submenu,sub-right-tab,sub-right,paced,7,ArrowRight Tab,none | none | @button:Add attachment,0,0,ArrowRight>menuitem:Provider[menu×1|f=menuitem:Provider|h=Provider]@13 ; Tab>menuitem:Codex[menu×2|f=menuitem:Codex|h=Codex]@340
chromium-dark-desktop › orbit-submenu sub-right-tab paced sample 8,orbit-submenu,submenu,sub-right-tab,sub-right,paced,8,ArrowRight Tab,none | none | @button:Add attachment,0,0,ArrowRight>menuitem:Provider[menu×1|f=menuitem:Provider|h=Provider]@4.5 ; Tab>menuitem:Codex[menu×2|f=menuitem:Codex|h=Codex]@320.1
chromium-dark-desktop › orbit-submenu sub-right-tab paced sample 9,orbit-submenu,submenu,sub-right-tab,sub-right,paced,9,ArrowRight Tab,none | none | @button:Add attachment,0,0,ArrowRight>menuitem:Provider[menu×1|f=menuitem:Provider|h=Provider]@14.7 ; Tab>menuitem:Codex[menu×2|f=menuitem:Codex|h=Codex]@336.7
chromium-dark-desktop › orbit-submenu sub-right-tab paced sample 10,orbit-submenu,submenu,sub-right-tab,sub-right,paced,10,ArrowRight Tab,none | none | @button:Add attachment,0,0,ArrowRight>menuitem:Provider[menu×1|f=menuitem:Provider|h=Provider]@9.9 ; Tab>menuitem:Codex[menu×2|f=menuitem:Codex|h=Codex]@332.5
chromium-dark-desktop › orbit-submenu sub-right-tab paced sample 11,orbit-submenu,submenu,sub-right-tab,sub-right,paced,11,ArrowRight Tab,none | none | @button:Add attachment,0,0,ArrowRight>menuitem:Provider[menu×1|f=menuitem:Provider|h=Provider]@16.7 ; Tab>menuitem:Codex[menu×2|f=menuitem:Codex|h=Codex]@338.4
chromium-dark-desktop › orbit-submenu sub-right-tab paced sample 12,orbit-submenu,submenu,sub-right-tab,sub-right,paced,12,ArrowRight Tab,none | none | @button:Add attachment,0,0,ArrowRight>menuitem:Provider[menu×1|f=menuitem:Provider|h=Provider]@6.9 ; Tab>menuitem:Codex[menu×2|f=menuitem:Codex|h=Codex]@331
chromium-dark-desktop › orbit-submenu sub-right-tab paced sample 13,orbit-submenu,submenu,sub-right-tab,sub-right,paced,13,ArrowRight Tab,none | none | @button:Add attachment,0,0,ArrowRight>menuitem:Provider[menu×1|f=menuitem:Provider|h=Provider]@10.8 ; Tab>menuitem:Codex[menu×2|f=menuitem:Codex|h=Codex]@329
chromium-dark-desktop › orbit-submenu sub-right-tab paced sample 14,orbit-submenu,submenu,sub-right-tab,sub-right,paced,14,ArrowRight Tab,none | none | @button:Add attachment,0,0,ArrowRight>menuitem:Provider[menu×1|f=menuitem:Provider|h=Provider]@12.7 ; Tab>menuitem:Codex[menu×2|f=menuitem:Codex|h=Codex]@334.6
chromium-dark-desktop › orbit-submenu sub-right-tab paced sample 15,orbit-submenu,submenu,sub-right-tab,sub-right,paced,15,ArrowRight Tab,none | none | @button:Add attachment,0,0,ArrowRight>menuitem:Provider[menu×1|f=menuitem:Provider|h=Provider]@14.5 ; Tab>menuitem:Codex[menu×2|f=menuitem:Codex|h=Codex]@336.9
chromium-dark-desktop › orbit-submenu sub-right-tab paced sample 16,orbit-submenu,submenu,sub-right-tab,sub-right,paced,16,ArrowRight Tab,none | none | @button:Add attachment,0,0,ArrowRight>menuitem:Provider[menu×1|f=menuitem:Provider|h=Provider]@19 ; Tab>menuitem:Codex[menu×2|f=menuitem:Codex|h=Codex]@342.7
chromium-dark-desktop › orbit-submenu sub-right-tab paced sample 17,orbit-submenu,submenu,sub-right-tab,sub-right,paced,17,ArrowRight Tab,none | none | @button:Add attachment,0,0,ArrowRight>menuitem:Provider[menu×1|f=menuitem:Provider|h=Provider]@11.3 ; Tab>menuitem:Codex[menu×2|f=menuitem:Codex|h=Codex]@338.1
chromium-dark-desktop › orbit-submenu sub-right-tab paced sample 18,orbit-submenu,submenu,sub-right-tab,sub-right,paced,18,ArrowRight Tab,none | none | @button:Add attachment,0,0,ArrowRight>menuitem:Provider[menu×1|f=menuitem:Provider|h=Provider]@15.8 ; Tab>menuitem:Codex[menu×2|f=menuitem:Codex|h=Codex]@333.9
chromium-dark-desktop › orbit-submenu sub-right-tab paced sample 19,orbit-submenu,submenu,sub-right-tab,sub-right,paced,19,ArrowRight Tab,none | none | @button:Add attachment,0,0,ArrowRight>menuitem:Provider[menu×1|f=menuitem:Provider|h=Provider]@3.2 ; Tab>menuitem:Codex[menu×2|f=menuitem:Codex|h=Codex]@324.9
chromium-dark-desktop › orbit-submenu-sample sub-right-tab burst sample 0,orbit-submenu-sample,submenu,sub-right-tab,sub-right,burst,0,ArrowRight Tab,none | menu×2 | @menuitem:Codex,1,0,ArrowRight>menuitem:Provider[menu×1|f=menuitem:Provider|h=Provider]@18 ; Tab>menuitem:Provider[menu×2|f=menuitem:Provider|h=Codex]@32.5
chromium-dark-desktop › orbit-submenu-sample sub-right-tab burst sample 1,orbit-submenu-sample,submenu,sub-right-tab,sub-right,burst,1,ArrowRight Tab,none | menu×2 | @menuitem:Codex,1,0,ArrowRight>menuitem:Provider[menu×1|f=menuitem:Provider|h=Provider]@16.1 ; Tab>menuitem:Provider[menu×2|f=menuitem:Provider|h=Codex]@31.9
chromium-dark-desktop › orbit-submenu-sample sub-right-tab burst sample 2,orbit-submenu-sample,submenu,sub-right-tab,sub-right,burst,2,ArrowRight Tab,none | menu×2 | @menuitem:Codex,1,0,ArrowRight>menuitem:Provider[menu×1|f=menuitem:Provider|h=Provider]@5.1 ; Tab>menuitem:Provider[menu×2|f=menuitem:Provider|h=Codex]@19
chromium-dark-desktop › orbit-submenu-sample sub-right-tab burst sample 3,orbit-submenu-sample,submenu,sub-right-tab,sub-right,burst,3,ArrowRight Tab,none | menu×2 | @menuitem:Codex,1,0,ArrowRight>menuitem:Provider[menu×1|f=menuitem:Provider|h=Provider]@3.6 ; Tab>menuitem:Provider[menu×2|f=menuitem:Provider|h=Codex]@19.1
chromium-dark-desktop › orbit-submenu-sample sub-right-tab burst sample 4,orbit-submenu-sample,submenu,sub-right-tab,sub-right,burst,4,ArrowRight Tab,none | menu×2 | @menuitem:Codex,1,0,ArrowRight>menuitem:Provider[menu×1|f=menuitem:Provider|h=Provider]@15.2 ; Tab>menuitem:Provider[menu×2|f=menuitem:Provider|h=Codex]@30
chromium-dark-desktop › orbit-submenu-sample sub-right-tab burst sample 5,orbit-submenu-sample,submenu,sub-right-tab,sub-right,burst,5,ArrowRight Tab,none | menu×2 | @menuitem:Codex,1,0,ArrowRight>menuitem:Provider[menu×1|f=menuitem:Provider|h=Provider]@6.7 ; Tab>menuitem:Provider[menu×2|f=menuitem:Provider|h=Codex]@20.9
chromium-dark-desktop › orbit-submenu-sample sub-right-tab burst sample 6,orbit-submenu-sample,submenu,sub-right-tab,sub-right,burst,6,ArrowRight Tab,none | menu×2 | @menuitem:Codex,1,0,ArrowRight>menuitem:Provider[menu×1|f=menuitem:Provider|h=Provider]@4.5 ; Tab>menuitem:Provider[menu×2|f=menuitem:Provider|h=Codex]@19.5
chromium-dark-desktop › orbit-submenu-sample sub-right-tab burst sample 7,orbit-submenu-sample,submenu,sub-right-tab,sub-right,burst,7,ArrowRight Tab,none | menu×2 | @menuitem:Codex,1,0,ArrowRight>menuitem:Provider[menu×1|f=menuitem:Provider|h=Provider]@19.6 ; Tab>menuitem:Provider[menu×2|f=menuitem:Provider|h=Codex]@34.1
chromium-dark-desktop › orbit-submenu-sample sub-right-tab burst sample 8,orbit-submenu-sample,submenu,sub-right-tab,sub-right,burst,8,ArrowRight Tab,none | menu×2 | @menuitem:Codex,1,0,ArrowRight>menuitem:Provider[menu×1|f=menuitem:Provider|h=Provider]@15.1 ; Tab>menuitem:Provider[menu×2|f=menuitem:Provider|h=Codex]@32
chromium-dark-desktop › orbit-submenu-sample sub-right-tab burst sample 9,orbit-submenu-sample,submenu,sub-right-tab,sub-right,burst,9,ArrowRight Tab,none | menu×2 | @menuitem:Codex,1,0,ArrowRight>menuitem:Provider[menu×1|f=menuitem:Provider|h=Provider]@7.3 ; Tab>menuitem:Provider[menu×2|f=menuitem:Provider|h=Codex]@21.5
chromium-dark-desktop › orbit-submenu-sample sub-right-tab burst sample 10,orbit-submenu-sample,submenu,sub-right-tab,sub-right,burst,10,ArrowRight Tab,none | menu×2 | @menuitem:Codex,1,0,ArrowRight>menuitem:Provider[menu×1|f=menuitem:Provider|h=Provider]@15.2 ; Tab>menuitem:Provider[menu×2|f=menuitem:Provider|h=Codex]@30.5
chromium-dark-desktop › orbit-submenu-sample sub-right-tab burst sample 11,orbit-submenu-sample,submenu,sub-right-tab,sub-right,burst,11,ArrowRight Tab,none | menu×2 | @menuitem:Codex,1,0,ArrowRight>menuitem:Provider[menu×1|f=menuitem:Provider|h=Provider]@16 ; Tab>menuitem:Provider[menu×2|f=menuitem:Provider|h=Codex]@30.5
chromium-dark-desktop › orbit-submenu-sample sub-right-tab burst sample 12,orbit-submenu-sample,submenu,sub-right-tab,sub-right,burst,12,ArrowRight Tab,none | menu×2 | @menuitem:Codex,1,0,ArrowRight>menuitem:Provider[menu×1|f=menuitem:Provider|h=Provider]@15.6 ; Tab>menuitem:Provider[menu×2|f=menuitem:Provider|h=Codex]@31.3
chromium-dark-desktop › orbit-submenu-sample sub-right-tab burst sample 13,orbit-submenu-sample,submenu,sub-right-tab,sub-right,burst,13,ArrowRight Tab,none | menu×2 | @menuitem:Codex,1,0,ArrowRight>menuitem:Provider[menu×1|f=menuitem:Provider|h=Provider]@7 ; Tab>menuitem:Provider[menu×2|f=menuitem:Provider|h=Codex]@22.2
chromium-dark-desktop › orbit-submenu-sample sub-right-tab burst sample 14,orbit-submenu-sample,submenu,sub-right-tab,sub-right,burst,14,ArrowRight Tab,none | menu×2 | @menuitem:Codex,1,0,ArrowRight>menuitem:Provider[menu×1|f=menuitem:Provider|h=Provider]@14.7 ; Tab>menuitem:Provider[menu×2|f=menuitem:Provider|h=Codex]@34.7
chromium-dark-desktop › orbit-submenu-sample sub-right-tab burst sample 15,orbit-submenu-sample,submenu,sub-right-tab,sub-right,burst,15,ArrowRight Tab,none | menu×2 | @menuitem:Codex,1,0,ArrowRight>menuitem:Provider[menu×1|f=menuitem:Provider|h=Provider]@4.2 ; Tab>menuitem:Provider[menu×2|f=menuitem:Provider|h=Codex]@19.4
chromium-dark-desktop › orbit-submenu-sample sub-right-tab burst sample 16,orbit-submenu-sample,submenu,sub-right-tab,sub-right,burst,16,ArrowRight Tab,none | menu×2 | @menuitem:Codex,1,0,ArrowRight>menuitem:Provider[menu×1|f=menuitem:Provider|h=Provider]@9.7 ; Tab>menuitem:Provider[menu×2|f=menuitem:Provider|h=Codex]@23.6
chromium-dark-desktop › orbit-submenu-sample sub-right-tab burst sample 17,orbit-submenu-sample,submenu,sub-right-tab,sub-right,burst,17,ArrowRight Tab,none | menu×2 | @menuitem:Codex,1,0,ArrowRight>menuitem:Provider[menu×1|f=menuitem:Provider|h=Provider]@9.4 ; Tab>menuitem:Provider[menu×2|f=menuitem:Provider|h=Codex]@24.4
chromium-dark-desktop › orbit-submenu-sample sub-right-tab burst sample 18,orbit-submenu-sample,submenu,sub-right-tab,sub-right,burst,18,ArrowRight Tab,none | menu×2 | @menuitem:Codex,1,0,ArrowRight>menuitem:Provider[menu×1|f=menuitem:Provider|h=Provider]@9.4 ; Tab>menuitem:Provider[menu×2|f=menuitem:Provider|h=Codex]@23.3
chromium-dark-desktop › orbit-submenu-sample sub-right-tab burst sample 19,orbit-submenu-sample,submenu,sub-right-tab,sub-right,burst,19,ArrowRight Tab,none | menu×2 | @menuitem:Codex,1,0,ArrowRight>menuitem:Provider[menu×1|f=menuitem:Provider|h=Provider]@11.1 ; Tab>menuitem:Provider[menu×2|f=menuitem:Provider|h=Codex]@28.8
chromium-dark-desktop › orbit-submenu-sample sub-right-tab paced sample 0,orbit-submenu-sample,submenu,sub-right-tab,sub-right,paced,0,ArrowRight Tab,none | none | @button:Switch theme,0,0,ArrowRight>menuitem:Provider[menu×1|f=menuitem:Provider|h=Provider]@4.8 ; Tab>menuitem:Codex[menu×2|f=menuitem:Codex|h=Codex]@327.4
chromium-dark-desktop › orbit-submenu-sample sub-right-tab paced sample 1,orbit-submenu-sample,submenu,sub-right-tab,sub-right,paced,1,ArrowRight Tab,none | none | @button:Switch theme,0,0,ArrowRight>menuitem:Provider[menu×1|f=menuitem:Provider|h=Provider]@9.6 ; Tab>menuitem:Codex[menu×2|f=menuitem:Codex|h=Codex]@332.2
chromium-dark-desktop › orbit-submenu-sample sub-right-tab paced sample 2,orbit-submenu-sample,submenu,sub-right-tab,sub-right,paced,2,ArrowRight Tab,none | none | @button:Switch theme,0,0,ArrowRight>menuitem:Provider[menu×1|f=menuitem:Provider|h=Provider]@17.5 ; Tab>menuitem:Codex[menu×2|f=menuitem:Codex|h=Codex]@341.3
chromium-dark-desktop › orbit-submenu-sample sub-right-tab paced sample 3,orbit-submenu-sample,submenu,sub-right-tab,sub-right,paced,3,ArrowRight Tab,none | none | @button:Switch theme,0,0,ArrowRight>menuitem:Provider[menu×1|f=menuitem:Provider|h=Provider]@19 ; Tab>menuitem:Codex[menu×2|f=menuitem:Codex|h=Codex]@341.9
chromium-dark-desktop › orbit-submenu-sample sub-right-tab paced sample 4,orbit-submenu-sample,submenu,sub-right-tab,sub-right,paced,4,ArrowRight Tab,none | none | @button:Switch theme,0,0,ArrowRight>menuitem:Provider[menu×1|f=menuitem:Provider|h=Provider]@3.8 ; Tab>menuitem:Codex[menu×2|f=menuitem:Codex|h=Codex]@322
chromium-dark-desktop › orbit-submenu-sample sub-right-tab paced sample 5,orbit-submenu-sample,submenu,sub-right-tab,sub-right,paced,5,ArrowRight Tab,none | none | @button:Switch theme,0,0,ArrowRight>menuitem:Provider[menu×1|f=menuitem:Provider|h=Provider]@14.2 ; Tab>menuitem:Codex[menu×2|f=menuitem:Codex|h=Codex]@335.6
chromium-dark-desktop › orbit-submenu-sample sub-right-tab paced sample 6,orbit-submenu-sample,submenu,sub-right-tab,sub-right,paced,6,ArrowRight Tab,none | none | @button:Switch theme,0,0,ArrowRight>menuitem:Provider[menu×1|f=menuitem:Provider|h=Provider]@5.8 ; Tab>menuitem:Codex[menu×2|f=menuitem:Codex|h=Codex]@327.4
chromium-dark-desktop › orbit-submenu-sample sub-right-tab paced sample 7,orbit-submenu-sample,submenu,sub-right-tab,sub-right,paced,7,ArrowRight Tab,none | none | @button:Switch theme,0,0,ArrowRight>menuitem:Provider[menu×1|f=menuitem:Provider|h=Provider]@9.6 ; Tab>menuitem:Codex[menu×2|f=menuitem:Codex|h=Codex]@326.3
chromium-dark-desktop › orbit-submenu-sample sub-right-tab paced sample 8,orbit-submenu-sample,submenu,sub-right-tab,sub-right,paced,8,ArrowRight Tab,none | none | @button:Switch theme,0,0,ArrowRight>menuitem:Provider[menu×1|f=menuitem:Provider|h=Provider]@15.5 ; Tab>menuitem:Codex[menu×2|f=menuitem:Codex|h=Codex]@333.2
chromium-dark-desktop › orbit-submenu-sample sub-right-tab paced sample 9,orbit-submenu-sample,submenu,sub-right-tab,sub-right,paced,9,ArrowRight Tab,none | none | @button:Switch theme,0,0,ArrowRight>menuitem:Provider[menu×1|f=menuitem:Provider|h=Provider]@18.8 ; Tab>menuitem:Codex[menu×2|f=menuitem:Codex|h=Codex]@348.6
chromium-dark-desktop › orbit-submenu-sample sub-right-tab paced sample 10,orbit-submenu-sample,submenu,sub-right-tab,sub-right,paced,10,ArrowRight Tab,none | none | @button:Switch theme,0,0,ArrowRight>menuitem:Provider[menu×1|f=menuitem:Provider|h=Provider]@17.3 ; Tab>menuitem:Codex[menu×2|f=menuitem:Codex|h=Codex]@338.6
chromium-dark-desktop › orbit-submenu-sample sub-right-tab paced sample 11,orbit-submenu-sample,submenu,sub-right-tab,sub-right,paced,11,ArrowRight Tab,none | none | @button:Switch theme,0,0,ArrowRight>menuitem:Provider[menu×1|f=menuitem:Provider|h=Provider]@9.1 ; Tab>menuitem:Codex[menu×2|f=menuitem:Codex|h=Codex]@331.6
chromium-dark-desktop › orbit-submenu-sample sub-right-tab paced sample 12,orbit-submenu-sample,submenu,sub-right-tab,sub-right,paced,12,ArrowRight Tab,none | none | @button:Switch theme,0,0,ArrowRight>menuitem:Provider[menu×1|f=menuitem:Provider|h=Provider]@17.3 ; Tab>menuitem:Codex[menu×2|f=menuitem:Codex|h=Codex]@340.1
chromium-dark-desktop › orbit-submenu-sample sub-right-tab paced sample 13,orbit-submenu-sample,submenu,sub-right-tab,sub-right,paced,13,ArrowRight Tab,none | none | @button:Switch theme,0,0,ArrowRight>menuitem:Provider[menu×1|f=menuitem:Provider|h=Provider]@16.6 ; Tab>menuitem:Codex[menu×2|f=menuitem:Codex|h=Codex]@337.8
chromium-dark-desktop › orbit-submenu-sample sub-right-tab paced sample 14,orbit-submenu-sample,submenu,sub-right-tab,sub-right,paced,14,ArrowRight Tab,none | none | @button:Switch theme,0,0,ArrowRight>menuitem:Provider[menu×1|f=menuitem:Provider|h=Provider]@7.8 ; Tab>menuitem:Codex[menu×2|f=menuitem:Codex|h=Codex]@331.9
chromium-dark-desktop › orbit-submenu-sample sub-right-tab paced sample 15,orbit-submenu-sample,submenu,sub-right-tab,sub-right,paced,15,ArrowRight Tab,none | none | @button:Switch theme,0,0,ArrowRight>menuitem:Provider[menu×1|f=menuitem:Provider|h=Provider]@5.2 ; Tab>menuitem:Codex[menu×2|f=menuitem:Codex|h=Codex]@323
chromium-dark-desktop › orbit-submenu-sample sub-right-tab paced sample 16,orbit-submenu-sample,submenu,sub-right-tab,sub-right,paced,16,ArrowRight Tab,none | none | @button:Switch theme,0,0,ArrowRight>menuitem:Provider[menu×1|f=menuitem:Provider|h=Provider]@18.1 ; Tab>menuitem:Codex[menu×2|f=menuitem:Codex|h=Codex]@335.8
chromium-dark-desktop › orbit-submenu-sample sub-right-tab paced sample 17,orbit-submenu-sample,submenu,sub-right-tab,sub-right,paced,17,ArrowRight Tab,none | none | @button:Switch theme,0,0,ArrowRight>menuitem:Provider[menu×1|f=menuitem:Provider|h=Provider]@19.9 ; Tab>menuitem:Codex[menu×2|f=menuitem:Codex|h=Codex]@345.8
chromium-dark-desktop › orbit-submenu-sample sub-right-tab paced sample 18,orbit-submenu-sample,submenu,sub-right-tab,sub-right,paced,18,ArrowRight Tab,none | none | @button:Switch theme,0,0,ArrowRight>menuitem:Provider[menu×1|f=menuitem:Provider|h=Provider]@16 ; Tab>menuitem:Codex[menu×2|f=menuitem:Codex|h=Codex]@337.9
chromium-dark-desktop › orbit-submenu-sample sub-right-tab paced sample 19,orbit-submenu-sample,submenu,sub-right-tab,sub-right,paced,19,ArrowRight Tab,none | none | @button:Switch theme,0,0,ArrowRight>menuitem:Provider[menu×1|f=menuitem:Provider|h=Provider]@3.6 ; Tab>menuitem:Codex[menu×2|f=menuitem:Codex|h=Codex]@328.4
chromium-dark-desktop › antd-submenu sub-right-tab burst sample 0,antd-submenu,submenu,sub-right-tab,sub-right,burst,0,ArrowRight Tab,none | menu×1 | @menuitem:Codex,0,0,ArrowRight>menuitem:Provider[menu×1|f=menuitem:Provider|h=None]@6.5 ; Tab>menuitem:Provider[menu×1|f=menuitem:Provider|h=None]@9.7
chromium-dark-desktop › antd-submenu sub-right-tab burst sample 1,antd-submenu,submenu,sub-right-tab,sub-right,burst,1,ArrowRight Tab,none | menu×1 | @menuitem:Codex,0,0,ArrowRight>menuitem:Provider[menu×1|f=menuitem:Provider|h=None]@16.9 ; Tab>menuitem:Provider[menu×1|f=menuitem:Provider|h=None]@19.8
chromium-dark-desktop › antd-submenu sub-right-tab burst sample 2,antd-submenu,submenu,sub-right-tab,sub-right,burst,2,ArrowRight Tab,none | menu×1 | @menuitem:Codex,0,0,ArrowRight>menuitem:Provider[menu×1|f=menuitem:Provider|h=None]@4 ; Tab>menuitem:Provider[menu×1|f=menuitem:Provider|h=None]@7
chromium-dark-desktop › antd-submenu sub-right-tab burst sample 3,antd-submenu,submenu,sub-right-tab,sub-right,burst,3,ArrowRight Tab,none | menu×1 | @menuitem:Codex,0,0,ArrowRight>menuitem:Provider[menu×1|f=menuitem:Provider|h=None]@3.5 ; Tab>menuitem:Provider[menu×1|f=menuitem:Provider|h=None]@6.8
chromium-dark-desktop › antd-submenu sub-right-tab burst sample 4,antd-submenu,submenu,sub-right-tab,sub-right,burst,4,ArrowRight Tab,none | menu×1 | @menuitem:Codex,0,0,ArrowRight>menuitem:Provider[menu×1|f=menuitem:Provider|h=None]@16.9 ; Tab>menuitem:Provider[menu×1|f=menuitem:Provider|h=None]@20.1
chromium-dark-desktop › antd-submenu sub-right-tab burst sample 5,antd-submenu,submenu,sub-right-tab,sub-right,burst,5,ArrowRight Tab,none | menu×1 | @menuitem:Codex,0,0,ArrowRight>menuitem:Provider[menu×1|f=menuitem:Provider|h=None]@12.4 ; Tab>menuitem:Provider[menu×1|f=menuitem:Provider|h=None]@15.7
chromium-dark-desktop › antd-submenu sub-right-tab burst sample 6,antd-submenu,submenu,sub-right-tab,sub-right,burst,6,ArrowRight Tab,none | menu×1 | @menuitem:Codex,0,0,ArrowRight>menuitem:Provider[menu×1|f=menuitem:Provider|h=None]@4.2 ; Tab>menuitem:Provider[menu×1|f=menuitem:Provider|h=None]@7.1
chromium-dark-desktop › antd-submenu sub-right-tab burst sample 7,antd-submenu,submenu,sub-right-tab,sub-right,burst,7,ArrowRight Tab,none | menu×1 | @menuitem:Codex,0,0,ArrowRight>menuitem:Provider[menu×1|f=menuitem:Provider|h=None]@16.9 ; Tab>menuitem:Provider[menu×1|f=menuitem:Provider|h=None]@19.9
chromium-dark-desktop › antd-submenu sub-right-tab burst sample 8,antd-submenu,submenu,sub-right-tab,sub-right,burst,8,ArrowRight Tab,none | menu×1 | @menuitem:Codex,0,0,ArrowRight>menuitem:Provider[menu×1|f=menuitem:Provider|h=None]@6.6 ; Tab>menuitem:Provider[menu×1|f=menuitem:Provider|h=None]@9.6
chromium-dark-desktop › antd-submenu sub-right-tab burst sample 9,antd-submenu,submenu,sub-right-tab,sub-right,burst,9,ArrowRight Tab,none | menu×1 | @menuitem:Codex,0,0,ArrowRight>menuitem:Provider[menu×1|f=menuitem:Provider|h=None]@13.1 ; Tab>menuitem:Provider[menu×1|f=menuitem:Provider|h=None]@16.2
chromium-dark-desktop › antd-submenu sub-right-tab burst sample 10,antd-submenu,submenu,sub-right-tab,sub-right,burst,10,ArrowRight Tab,none | menu×1 | @menuitem:Codex,0,0,ArrowRight>menuitem:Provider[menu×1|f=menuitem:Provider|h=None]@16.3 ; Tab>menuitem:Provider[menu×1|f=menuitem:Provider|h=None]@21.6
chromium-dark-desktop › antd-submenu sub-right-tab burst sample 11,antd-submenu,submenu,sub-right-tab,sub-right,burst,11,ArrowRight Tab,none | menu×1 | @menuitem:Codex,0,0,ArrowRight>menuitem:Provider[menu×1|f=menuitem:Provider|h=None]@11.5 ; Tab>menuitem:Provider[menu×1|f=menuitem:Provider|h=None]@14.4
chromium-dark-desktop › antd-submenu sub-right-tab burst sample 12,antd-submenu,submenu,sub-right-tab,sub-right,burst,12,ArrowRight Tab,none | menu×1 | @menuitem:Codex,0,0,ArrowRight>menuitem:Provider[menu×1|f=menuitem:Provider|h=None]@13 ; Tab>menuitem:Provider[menu×1|f=menuitem:Provider|h=None]@15.4
chromium-dark-desktop › antd-submenu sub-right-tab burst sample 13,antd-submenu,submenu,sub-right-tab,sub-right,burst,13,ArrowRight Tab,none | menu×1 | @menuitem:Codex,0,0,ArrowRight>menuitem:Provider[menu×1|f=menuitem:Provider|h=None]@9 ; Tab>menuitem:Provider[menu×1|f=menuitem:Provider|h=None]@12.7
chromium-dark-desktop › antd-submenu sub-right-tab burst sample 14,antd-submenu,submenu,sub-right-tab,sub-right,burst,14,ArrowRight Tab,none | menu×1 | @menuitem:Codex,0,0,ArrowRight>menuitem:Provider[menu×1|f=menuitem:Provider|h=None]@6.3 ; Tab>menuitem:Provider[menu×1|f=menuitem:Provider|h=None]@9.1
chromium-dark-desktop › antd-submenu sub-right-tab burst sample 15,antd-submenu,submenu,sub-right-tab,sub-right,burst,15,ArrowRight Tab,none | menu×1 | @menuitem:Codex,0,0,ArrowRight>menuitem:Provider[menu×1|f=menuitem:Provider|h=None]@19.8 ; Tab>menuitem:Provider[menu×1|f=menuitem:Provider|h=None]@23.5
chromium-dark-desktop › antd-submenu sub-right-tab burst sample 16,antd-submenu,submenu,sub-right-tab,sub-right,burst,16,ArrowRight Tab,none | menu×1 | @menuitem:Codex,0,0,ArrowRight>menuitem:Provider[menu×1|f=menuitem:Provider|h=None]@15.8 ; Tab>menuitem:Provider[menu×1|f=menuitem:Provider|h=None]@19.7
chromium-dark-desktop › antd-submenu sub-right-tab burst sample 17,antd-submenu,submenu,sub-right-tab,sub-right,burst,17,ArrowRight Tab,none | menu×1 | @menuitem:Codex,0,0,ArrowRight>menuitem:Provider[menu×1|f=menuitem:Provider|h=None]@5.5 ; Tab>menuitem:Provider[menu×1|f=menuitem:Provider|h=None]@8.6
chromium-dark-desktop › antd-submenu sub-right-tab burst sample 18,antd-submenu,submenu,sub-right-tab,sub-right,burst,18,ArrowRight Tab,none | menu×1 | @menuitem:Codex,0,0,ArrowRight>menuitem:Provider[menu×1|f=menuitem:Provider|h=None]@17.3 ; Tab>menuitem:Provider[menu×1|f=menuitem:Provider|h=None]@20.5
chromium-dark-desktop › antd-submenu sub-right-tab burst sample 19,antd-submenu,submenu,sub-right-tab,sub-right,burst,19,ArrowRight Tab,none | menu×1 | @menuitem:Codex,0,0,ArrowRight>menuitem:Provider[menu×1|f=menuitem:Provider|h=None]@16.9 ; Tab>menuitem:Provider[menu×1|f=menuitem:Provider|h=None]@19.9
chromium-dark-desktop › antd-submenu sub-right-tab paced sample 0,antd-submenu,submenu,sub-right-tab,sub-right,paced,0,ArrowRight Tab,none | menu×1 | @body:darkSwitch themeAdd atta,0,0,ArrowRight>menuitem:Provider[menu×1|f=menuitem:Provider|h=None]@4.3 ; Tab>menuitem:Codex[menu×2|f=menuitem:Codex|h=None]@311.7
chromium-dark-desktop › antd-submenu sub-right-tab paced sample 1,antd-submenu,submenu,sub-right-tab,sub-right,paced,1,ArrowRight Tab,none | menu×1 | @body:darkSwitch themeAdd atta,0,0,ArrowRight>menuitem:Provider[menu×1|f=menuitem:Provider|h=None]@11.5 ; Tab>menuitem:Codex[menu×2|f=menuitem:Codex|h=None]@319
chromium-dark-desktop › antd-submenu sub-right-tab paced sample 2,antd-submenu,submenu,sub-right-tab,sub-right,paced,2,ArrowRight Tab,none | menu×1 | @body:darkSwitch themeAdd atta,0,0,ArrowRight>menuitem:Provider[menu×1|f=menuitem:Provider|h=None]@18.5 ; Tab>menuitem:Codex[menu×2|f=menuitem:Codex|h=None]@325.2
chromium-dark-desktop › antd-submenu sub-right-tab paced sample 3,antd-submenu,submenu,sub-right-tab,sub-right,paced,3,ArrowRight Tab,none | menu×1 | @body:darkSwitch themeAdd atta,0,0,ArrowRight>menuitem:Provider[menu×1|f=menuitem:Provider|h=None]@14.5 ; Tab>menuitem:Codex[menu×2|f=menuitem:Codex|h=None]@321.4
chromium-dark-desktop › antd-submenu sub-right-tab paced sample 4,antd-submenu,submenu,sub-right-tab,sub-right,paced,4,ArrowRight Tab,none | menu×1 | @body:darkSwitch themeAdd atta,0,0,ArrowRight>menuitem:Provider[menu×1|f=menuitem:Provider|h=None]@2.4 ; Tab>menuitem:Codex[menu×2|f=menuitem:Codex|h=None]@308.6
chromium-dark-desktop › antd-submenu sub-right-tab paced sample 5,antd-submenu,submenu,sub-right-tab,sub-right,paced,5,ArrowRight Tab,none | menu×1 | @body:darkSwitch themeAdd atta,0,0,ArrowRight>menuitem:Provider[menu×1|f=menuitem:Provider|h=None]@4.3 ; Tab>menuitem:Codex[menu×2|f=menuitem:Codex|h=None]@311
chromium-dark-desktop › antd-submenu sub-right-tab paced sample 6,antd-submenu,submenu,sub-right-tab,sub-right,paced,6,ArrowRight Tab,none | menu×1 | @body:darkSwitch themeAdd atta,0,0,ArrowRight>menuitem:Provider[menu×1|f=menuitem:Provider|h=None]@8.2 ; Tab>menuitem:Codex[menu×2|f=menuitem:Codex|h=None]@315.8
chromium-dark-desktop › antd-submenu sub-right-tab paced sample 7,antd-submenu,submenu,sub-right-tab,sub-right,paced,7,ArrowRight Tab,none | menu×1 | @body:darkSwitch themeAdd atta,0,0,ArrowRight>menuitem:Provider[menu×1|f=menuitem:Provider|h=None]@14.2 ; Tab>menuitem:Codex[menu×2|f=menuitem:Codex|h=None]@320.8
chromium-dark-desktop › antd-submenu sub-right-tab paced sample 8,antd-submenu,submenu,sub-right-tab,sub-right,paced,8,ArrowRight Tab,none | menu×1 | @body:darkSwitch themeAdd atta,0,0,ArrowRight>menuitem:Provider[menu×1|f=menuitem:Provider|h=None]@15.8 ; Tab>menuitem:Codex[menu×2|f=menuitem:Codex|h=None]@322.9
chromium-dark-desktop › antd-submenu sub-right-tab paced sample 9,antd-submenu,submenu,sub-right-tab,sub-right,paced,9,ArrowRight Tab,none | menu×1 | @body:darkSwitch themeAdd atta,0,0,ArrowRight>menuitem:Provider[menu×1|f=menuitem:Provider|h=None]@5.1 ; Tab>menuitem:Codex[menu×2|f=menuitem:Codex|h=None]@311.9
chromium-dark-desktop › antd-submenu sub-right-tab paced sample 10,antd-submenu,submenu,sub-right-tab,sub-right,paced,10,ArrowRight Tab,none | menu×1 | @body:darkSwitch themeAdd atta,0,0,ArrowRight>menuitem:Provider[menu×1|f=menuitem:Provider|h=None]@10.9 ; Tab>menuitem:Codex[menu×2|f=menuitem:Codex|h=None]@318.9
chromium-dark-desktop › antd-submenu sub-right-tab paced sample 11,antd-submenu,submenu,sub-right-tab,sub-right,paced,11,ArrowRight Tab,none | menu×1 | @body:darkSwitch themeAdd atta,0,0,ArrowRight>menuitem:Provider[menu×1|f=menuitem:Provider|h=None]@8.9 ; Tab>menuitem:Codex[menu×2|f=menuitem:Codex|h=None]@315.4
chromium-dark-desktop › antd-submenu sub-right-tab paced sample 12,antd-submenu,submenu,sub-right-tab,sub-right,paced,12,ArrowRight Tab,none | menu×1 | @body:darkSwitch themeAdd atta,0,0,ArrowRight>menuitem:Provider[menu×1|f=menuitem:Provider|h=None]@13.5 ; Tab>menuitem:Codex[menu×2|f=menuitem:Codex|h=None]@322.3
chromium-dark-desktop › antd-submenu sub-right-tab paced sample 13,antd-submenu,submenu,sub-right-tab,sub-right,paced,13,ArrowRight Tab,none | menu×1 | @body:darkSwitch themeAdd atta,0,0,ArrowRight>menuitem:Provider[menu×1|f=menuitem:Provider|h=None]@4.9 ; Tab>menuitem:Codex[menu×2|f=menuitem:Codex|h=None]@311.3
chromium-dark-desktop › antd-submenu sub-right-tab paced sample 14,antd-submenu,submenu,sub-right-tab,sub-right,paced,14,ArrowRight Tab,none | menu×1 | @body:darkSwitch themeAdd atta,0,0,ArrowRight>menuitem:Provider[menu×1|f=menuitem:Provider|h=None]@11.6 ; Tab>menuitem:Codex[menu×2|f=menuitem:Codex|h=None]@317.7
chromium-dark-desktop › antd-submenu sub-right-tab paced sample 15,antd-submenu,submenu,sub-right-tab,sub-right,paced,15,ArrowRight Tab,none | menu×1 | @body:darkSwitch themeAdd atta,0,0,ArrowRight>menuitem:Provider[menu×1|f=menuitem:Provider|h=None]@3.1 ; Tab>menuitem:Codex[menu×2|f=menuitem:Codex|h=None]@309.9
chromium-dark-desktop › antd-submenu sub-right-tab paced sample 16,antd-submenu,submenu,sub-right-tab,sub-right,paced,16,ArrowRight Tab,none | menu×1 | @body:darkSwitch themeAdd atta,0,0,ArrowRight>menuitem:Provider[menu×1|f=menuitem:Provider|h=None]@12.4 ; Tab>menuitem:Codex[menu×2|f=menuitem:Codex|h=None]@319.5
chromium-dark-desktop › antd-submenu sub-right-tab paced sample 17,antd-submenu,submenu,sub-right-tab,sub-right,paced,17,ArrowRight Tab,none | menu×1 | @body:darkSwitch themeAdd atta,0,0,ArrowRight>menuitem:Provider[menu×1|f=menuitem:Provider|h=None]@16.1 ; Tab>menuitem:Codex[menu×2|f=menuitem:Codex|h=None]@324.3
chromium-dark-desktop › antd-submenu sub-right-tab paced sample 18,antd-submenu,submenu,sub-right-tab,sub-right,paced,18,ArrowRight Tab,none | menu×1 | @body:darkSwitch themeAdd atta,0,0,ArrowRight>menuitem:Provider[menu×1|f=menuitem:Provider|h=None]@18.9 ; Tab>menuitem:Codex[menu×2|f=menuitem:Codex|h=None]@324.9
chromium-dark-desktop › antd-submenu sub-right-tab paced sample 19,antd-submenu,submenu,sub-right-tab,sub-right,paced,19,ArrowRight Tab,none | menu×1 | @body:darkSwitch themeAdd atta,0,0,ArrowRight>menuitem:Provider[menu×1|f=menuitem:Provider|h=None]@18 ; Tab>menuitem:Codex[menu×2|f=menuitem:Codex|h=None]@324.6
chromium-dark-desktop › orbit-session sub-right-tab burst sample 0,orbit-session,submenu,sub-right-tab,sub-right,burst,0,ArrowRight Tab,none | menu×2 | @menuitem:Codex,1,0,ArrowRight>menuitem:Provider[menu×1|f=menuitem:Provider|h=Provider]@16.1 ; Tab>menuitem:Provider[menu×2|f=menuitem:Provider|h=Codex]@29.8
chromium-dark-desktop › orbit-session sub-right-tab burst sample 1,orbit-session,submenu,sub-right-tab,sub-right,burst,1,ArrowRight Tab,none | menu×2 | @menuitem:Codex,1,0,ArrowRight>menuitem:Provider[menu×1|f=menuitem:Provider|h=Provider]@16.2 ; Tab>menuitem:Provider[menu×2|f=menuitem:Provider|h=Codex]@30.2
chromium-dark-desktop › orbit-session sub-right-tab burst sample 2,orbit-session,submenu,sub-right-tab,sub-right,burst,2,ArrowRight Tab,none | menu×2 | @menuitem:Codex,1,0,ArrowRight>menuitem:Provider[menu×1|f=menuitem:Provider|h=Provider]@18.9 ; Tab>menuitem:Provider[menu×2|f=menuitem:Provider|h=Codex]@32.2
chromium-dark-desktop › orbit-session sub-right-tab burst sample 3,orbit-session,submenu,sub-right-tab,sub-right,burst,3,ArrowRight Tab,none | menu×2 | @menuitem:Codex,1,0,ArrowRight>menuitem:Provider[menu×1|f=menuitem:Provider|h=Provider]@11.7 ; Tab>menuitem:Provider[menu×2|f=menuitem:Provider|h=Codex]@25.6
chromium-dark-desktop › orbit-session sub-right-tab burst sample 4,orbit-session,submenu,sub-right-tab,sub-right,burst,4,ArrowRight Tab,none | menu×2 | @menuitem:Codex,1,0,ArrowRight>menuitem:Provider[menu×1|f=menuitem:Provider|h=Provider]@9.4 ; Tab>menuitem:Provider[menu×2|f=menuitem:Provider|h=Codex]@23.3
chromium-dark-desktop › orbit-session sub-right-tab burst sample 5,orbit-session,submenu,sub-right-tab,sub-right,burst,5,ArrowRight Tab,none | menu×2 | @menuitem:Codex,1,0,ArrowRight>menuitem:Provider[menu×1|f=menuitem:Provider|h=Provider]@9.2 ; Tab>menuitem:Provider[menu×2|f=menuitem:Provider|h=Codex]@23.7
chromium-dark-desktop › orbit-session sub-right-tab burst sample 6,orbit-session,submenu,sub-right-tab,sub-right,burst,6,ArrowRight Tab,none | menu×2 | @menuitem:Codex,1,0,ArrowRight>menuitem:Provider[menu×1|f=menuitem:Provider|h=Provider]@16.9 ; Tab>menuitem:Provider[menu×2|f=menuitem:Provider|h=Codex]@26.8
chromium-dark-desktop › orbit-session sub-right-tab burst sample 7,orbit-session,submenu,sub-right-tab,sub-right,burst,7,ArrowRight Tab,none | menu×2 | @menuitem:Codex,1,0,ArrowRight>menuitem:Provider[menu×1|f=menuitem:Provider|h=Provider]@12.1 ; Tab>menuitem:Provider[menu×2|f=menuitem:Provider|h=Codex]@28.5
chromium-dark-desktop › orbit-session sub-right-tab burst sample 8,orbit-session,submenu,sub-right-tab,sub-right,burst,8,ArrowRight Tab,none | menu×2 | @menuitem:Codex,1,0,ArrowRight>menuitem:Provider[menu×1|f=menuitem:Provider|h=Provider]@9.9 ; Tab>menuitem:Provider[menu×2|f=menuitem:Provider|h=Codex]@23.2
chromium-dark-desktop › orbit-session sub-right-tab burst sample 9,orbit-session,submenu,sub-right-tab,sub-right,burst,9,ArrowRight Tab,none | menu×2 | @menuitem:Codex,1,0,ArrowRight>menuitem:Provider[menu×1|f=menuitem:Provider|h=Provider]@4.3 ; Tab>menuitem:Provider[menu×2|f=menuitem:Provider|h=Codex]@17.6
chromium-dark-desktop › orbit-session sub-right-tab burst sample 10,orbit-session,submenu,sub-right-tab,sub-right,burst,10,ArrowRight Tab,none | menu×2 | @menuitem:Codex,1,0,ArrowRight>menuitem:Provider[menu×1|f=menuitem:Provider|h=Provider]@9.7 ; Tab>menuitem:Provider[menu×2|f=menuitem:Provider|h=Codex]@19.4
chromium-dark-desktop › orbit-session sub-right-tab burst sample 11,orbit-session,submenu,sub-right-tab,sub-right,burst,11,ArrowRight Tab,none | menu×2 | @menuitem:Codex,1,0,ArrowRight>menuitem:Provider[menu×1|f=menuitem:Provider|h=Provider]@6 ; Tab>menuitem:Provider[menu×2|f=menuitem:Provider|h=Codex]@15.7
chromium-dark-desktop › orbit-session sub-right-tab burst sample 12,orbit-session,submenu,sub-right-tab,sub-right,burst,12,ArrowRight Tab,none | menu×2 | @menuitem:Codex,1,0,ArrowRight>menuitem:Provider[menu×1|f=menuitem:Provider|h=Provider]@19.3 ; Tab>menuitem:Provider[menu×2|f=menuitem:Provider|h=Codex]@33.8
chromium-dark-desktop › orbit-session sub-right-tab burst sample 13,orbit-session,submenu,sub-right-tab,sub-right,burst,13,ArrowRight Tab,none | menu×2 | @menuitem:Codex,1,0,ArrowRight>menuitem:Provider[menu×1|f=menuitem:Provider|h=Provider]@7.1 ; Tab>menuitem:Provider[menu×2|f=menuitem:Provider|h=Codex]@20.4
chromium-dark-desktop › orbit-session sub-right-tab burst sample 14,orbit-session,submenu,sub-right-tab,sub-right,burst,14,ArrowRight Tab,none | menu×2 | @menuitem:Codex,1,0,ArrowRight>menuitem:Provider[menu×1|f=menuitem:Provider|h=Provider]@14.6 ; Tab>menuitem:Provider[menu×2|f=menuitem:Provider|h=Codex]@29.6
chromium-dark-desktop › orbit-session sub-right-tab burst sample 15,orbit-session,submenu,sub-right-tab,sub-right,burst,15,ArrowRight Tab,none | menu×2 | @menuitem:Codex,1,0,ArrowRight>menuitem:Provider[menu×1|f=menuitem:Provider|h=Provider]@7.3 ; Tab>menuitem:Provider[menu×2|f=menuitem:Provider|h=Codex]@21.9
chromium-dark-desktop › orbit-session sub-right-tab burst sample 16,orbit-session,submenu,sub-right-tab,sub-right,burst,16,ArrowRight Tab,none | menu×2 | @menuitem:Codex,1,0,ArrowRight>menuitem:Provider[menu×1|f=menuitem:Provider|h=Provider]@3.4 ; Tab>menuitem:Provider[menu×2|f=menuitem:Provider|h=Codex]@20.9
chromium-dark-desktop › orbit-session sub-right-tab burst sample 17,orbit-session,submenu,sub-right-tab,sub-right,burst,17,ArrowRight Tab,none | menu×2 | @menuitem:Codex,1,0,ArrowRight>menuitem:Provider[menu×1|f=menuitem:Provider|h=Provider]@3.4 ; Tab>menuitem:Provider[menu×2|f=menuitem:Provider|h=Codex]@17.5
chromium-dark-desktop › orbit-session sub-right-tab burst sample 18,orbit-session,submenu,sub-right-tab,sub-right,burst,18,ArrowRight Tab,none | menu×2 | @menuitem:Codex,1,0,ArrowRight>menuitem:Provider[menu×1|f=menuitem:Provider|h=Provider]@17.8 ; Tab>menuitem:Provider[menu×2|f=menuitem:Provider|h=Codex]@35.1
chromium-dark-desktop › orbit-session sub-right-tab burst sample 19,orbit-session,submenu,sub-right-tab,sub-right,burst,19,ArrowRight Tab,none | menu×2 | @menuitem:Codex,1,0,ArrowRight>menuitem:Provider[menu×1|f=menuitem:Provider|h=Provider]@14.1 ; Tab>menuitem:Provider[menu×2|f=menuitem:Provider|h=Codex]@28.1
chromium-dark-desktop › orbit-session sub-right-tab paced sample 0,orbit-session,submenu,sub-right-tab,sub-right,paced,0,ArrowRight Tab,none | none | @button:Switch theme,0,0,ArrowRight>menuitem:Provider[menu×1|f=menuitem:Provider|h=Provider]@3.2 ; Tab>menuitem:Codex[menu×2|f=menuitem:Codex|h=Codex]@321.4
chromium-dark-desktop › orbit-session sub-right-tab paced sample 1,orbit-session,submenu,sub-right-tab,sub-right,paced,1,ArrowRight Tab,none | none | @button:Switch theme,0,0,ArrowRight>menuitem:Provider[menu×1|f=menuitem:Provider|h=Provider]@11.8 ; Tab>menuitem:Codex[menu×2|f=menuitem:Codex|h=Codex]@334.4
chromium-dark-desktop › orbit-session sub-right-tab paced sample 2,orbit-session,submenu,sub-right-tab,sub-right,paced,2,ArrowRight Tab,none | none | @button:Switch theme,0,0,ArrowRight>menuitem:Provider[menu×1|f=menuitem:Provider|h=Provider]@16.9 ; Tab>menuitem:Codex[menu×2|f=menuitem:Codex|h=Codex]@339.3
chromium-dark-desktop › orbit-session sub-right-tab paced sample 3,orbit-session,submenu,sub-right-tab,sub-right,paced,3,ArrowRight Tab,none | none | @button:Switch theme,0,0,ArrowRight>menuitem:Provider[menu×1|f=menuitem:Provider|h=Provider]@4.8 ; Tab>menuitem:Codex[menu×2|f=menuitem:Codex|h=Codex]@322.4
chromium-dark-desktop › orbit-session sub-right-tab paced sample 4,orbit-session,submenu,sub-right-tab,sub-right,paced,4,ArrowRight Tab,none | none | @button:Switch theme,0,0,ArrowRight>menuitem:Provider[menu×1|f=menuitem:Provider|h=Provider]@14.2 ; Tab>menuitem:Codex[menu×2|f=menuitem:Codex|h=Codex]@337.2
chromium-dark-desktop › orbit-session sub-right-tab paced sample 5,orbit-session,submenu,sub-right-tab,sub-right,paced,5,ArrowRight Tab,none | none | @button:Switch theme,0,0,ArrowRight>menuitem:Provider[menu×1|f=menuitem:Provider|h=Provider]@17.4 ; Tab>menuitem:Codex[menu×2|f=menuitem:Codex|h=Codex]@342.1
chromium-dark-desktop › orbit-session sub-right-tab paced sample 6,orbit-session,submenu,sub-right-tab,sub-right,paced,6,ArrowRight Tab,none | none | @button:Switch theme,0,0,ArrowRight>menuitem:Provider[menu×1|f=menuitem:Provider|h=Provider]@3.2 ; Tab>menuitem:Codex[menu×2|f=menuitem:Codex|h=Codex]@329.5
chromium-dark-desktop › orbit-session sub-right-tab paced sample 7,orbit-session,submenu,sub-right-tab,sub-right,paced,7,ArrowRight Tab,none | none | @button:Switch theme,0,0,ArrowRight>menuitem:Provider[menu×1|f=menuitem:Provider|h=Provider]@13.2 ; Tab>menuitem:Codex[menu×2|f=menuitem:Codex|h=Codex]@336.4
chromium-dark-desktop › orbit-session sub-right-tab paced sample 8,orbit-session,submenu,sub-right-tab,sub-right,paced,8,ArrowRight Tab,none | none | @button:Switch theme,0,0,ArrowRight>menuitem:Provider[menu×1|f=menuitem:Provider|h=Provider]@16.9 ; Tab>menuitem:Codex[menu×2|f=menuitem:Codex|h=Codex]@342
chromium-dark-desktop › orbit-session sub-right-tab paced sample 9,orbit-session,submenu,sub-right-tab,sub-right,paced,9,ArrowRight Tab,none | none | @button:Switch theme,0,0,ArrowRight>menuitem:Provider[menu×1|f=menuitem:Provider|h=Provider]@4.7 ; Tab>menuitem:Codex[menu×2|f=menuitem:Codex|h=Codex]@326.5
chromium-dark-desktop › orbit-session sub-right-tab paced sample 10,orbit-session,submenu,sub-right-tab,sub-right,paced,10,ArrowRight Tab,none | none | @button:Switch theme,0,0,ArrowRight>menuitem:Provider[menu×1|f=menuitem:Provider|h=Provider]@7.9 ; Tab>menuitem:Codex[menu×2|f=menuitem:Codex|h=Codex]@329.4
chromium-dark-desktop › orbit-session sub-right-tab paced sample 11,orbit-session,submenu,sub-right-tab,sub-right,paced,11,ArrowRight Tab,none | none | @button:Switch theme,0,0,ArrowRight>menuitem:Provider[menu×1|f=menuitem:Provider|h=Provider]@5.9 ; Tab>menuitem:Codex[menu×2|f=menuitem:Codex|h=Codex]@328.4
chromium-dark-desktop › orbit-session sub-right-tab paced sample 12,orbit-session,submenu,sub-right-tab,sub-right,paced,12,ArrowRight Tab,none | none | @button:Switch theme,0,0,ArrowRight>menuitem:Provider[menu×1|f=menuitem:Provider|h=Provider]@11 ; Tab>menuitem:Codex[menu×2|f=menuitem:Codex|h=Codex]@329.3
chromium-dark-desktop › orbit-session sub-right-tab paced sample 13,orbit-session,submenu,sub-right-tab,sub-right,paced,13,ArrowRight Tab,none | none | @button:Switch theme,0,0,ArrowRight>menuitem:Provider[menu×1|f=menuitem:Provider|h=Provider]@17.7 ; Tab>menuitem:Codex[menu×2|f=menuitem:Codex|h=Codex]@342.6
chromium-dark-desktop › orbit-session sub-right-tab paced sample 14,orbit-session,submenu,sub-right-tab,sub-right,paced,14,ArrowRight Tab,none | none | @button:Switch theme,0,0,ArrowRight>menuitem:Provider[menu×1|f=menuitem:Provider|h=Provider]@9 ; Tab>menuitem:Codex[menu×2|f=menuitem:Codex|h=Codex]@326.8
chromium-dark-desktop › orbit-session sub-right-tab paced sample 15,orbit-session,submenu,sub-right-tab,sub-right,paced,15,ArrowRight Tab,none | none | @button:Switch theme,0,0,ArrowRight>menuitem:Provider[menu×1|f=menuitem:Provider|h=Provider]@18.8 ; Tab>menuitem:Codex[menu×2|f=menuitem:Codex|h=Codex]@343.4
chromium-dark-desktop › orbit-session sub-right-tab paced sample 16,orbit-session,submenu,sub-right-tab,sub-right,paced,16,ArrowRight Tab,none | none | @button:Switch theme,0,0,ArrowRight>menuitem:Provider[menu×1|f=menuitem:Provider|h=Provider]@9.7 ; Tab>menuitem:Codex[menu×2|f=menuitem:Codex|h=Codex]@339.4
chromium-dark-desktop › orbit-session sub-right-tab paced sample 17,orbit-session,submenu,sub-right-tab,sub-right,paced,17,ArrowRight Tab,none | none | @button:Switch theme,0,0,ArrowRight>menuitem:Provider[menu×1|f=menuitem:Provider|h=Provider]@11.6 ; Tab>menuitem:Codex[menu×2|f=menuitem:Codex|h=Codex]@339.2
chromium-dark-desktop › orbit-session sub-right-tab paced sample 18,orbit-session,submenu,sub-right-tab,sub-right,paced,18,ArrowRight Tab,none | none | @button:Switch theme,0,0,ArrowRight>menuitem:Provider[menu×1|f=menuitem:Provider|h=Provider]@21 ; Tab>menuitem:Codex[menu×2|f=menuitem:Codex|h=Codex]@346.4
chromium-dark-desktop › orbit-session sub-right-tab paced sample 19,orbit-session,submenu,sub-right-tab,sub-right,paced,19,ArrowRight Tab,none | none | @button:Switch theme,0,0,ArrowRight>menuitem:Provider[menu×1|f=menuitem:Provider|h=Provider]@5.3 ; Tab>menuitem:Codex[menu×2|f=menuitem:Codex|h=Codex]@328.8
chromium-dark-desktop › antd-session sub-right-tab burst sample 0,antd-session,submenu,sub-right-tab,sub-right,burst,0,ArrowRight Tab,none | menu×1 | @menuitem:Codex,0,0,ArrowRight>menuitem:Provider[menu×1|f=menuitem:Provider|h=None]@6.9 ; Tab>menuitem:Provider[menu×1|f=menuitem:Provider|h=None]@11.6
chromium-dark-desktop › antd-session sub-right-tab burst sample 1,antd-session,submenu,sub-right-tab,sub-right,burst,1,ArrowRight Tab,none | menu×1 | @menuitem:Codex,0,0,ArrowRight>menuitem:Provider[menu×1|f=menuitem:Provider|h=None]@18.7 ; Tab>menuitem:Provider[menu×1|f=menuitem:Provider|h=None]@22.5
chromium-dark-desktop › antd-session sub-right-tab burst sample 2,antd-session,submenu,sub-right-tab,sub-right,burst,2,ArrowRight Tab,none | menu×1 | @menuitem:Codex,0,0,ArrowRight>menuitem:Provider[menu×1|f=menuitem:Provider|h=None]@20.1 ; Tab>menuitem:Provider[menu×1|f=menuitem:Provider|h=None]@23.9
chromium-dark-desktop › antd-session sub-right-tab burst sample 3,antd-session,submenu,sub-right-tab,sub-right,burst,3,ArrowRight Tab,none | menu×1 | @menuitem:Codex,0,0,ArrowRight>menuitem:Provider[menu×1|f=menuitem:Provider|h=None]@16.2 ; Tab>menuitem:Provider[menu×1|f=menuitem:Provider|h=None]@20
chromium-dark-desktop › antd-session sub-right-tab burst sample 4,antd-session,submenu,sub-right-tab,sub-right,burst,4,ArrowRight Tab,none | menu×1 | @menuitem:Codex,0,0,ArrowRight>menuitem:Provider[menu×1|f=menuitem:Provider|h=None]@14.4 ; Tab>menuitem:Provider[menu×1|f=menuitem:Provider|h=None]@18.3
chromium-dark-desktop › antd-session sub-right-tab burst sample 5,antd-session,submenu,sub-right-tab,sub-right,burst,5,ArrowRight Tab,none | menu×1 | @menuitem:Codex,0,0,ArrowRight>menuitem:Provider[menu×1|f=menuitem:Provider|h=None]@5.3 ; Tab>menuitem:Provider[menu×1|f=menuitem:Provider|h=None]@9.5
chromium-dark-desktop › antd-session sub-right-tab burst sample 6,antd-session,submenu,sub-right-tab,sub-right,burst,6,ArrowRight Tab,none | menu×1 | @menuitem:Codex,0,0,ArrowRight>menuitem:Provider[menu×1|f=menuitem:Provider|h=None]@11.5 ; Tab>menuitem:Provider[menu×1|f=menuitem:Provider|h=None]@15.8
chromium-dark-desktop › antd-session sub-right-tab burst sample 7,antd-session,submenu,sub-right-tab,sub-right,burst,7,ArrowRight Tab,none | menu×1 | @menuitem:Codex,0,0,ArrowRight>menuitem:Provider[menu×1|f=menuitem:Provider|h=None]@12.3 ; Tab>menuitem:Provider[menu×1|f=menuitem:Provider|h=None]@16.3
chromium-dark-desktop › antd-session sub-right-tab burst sample 8,antd-session,submenu,sub-right-tab,sub-right,burst,8,ArrowRight Tab,none | menu×1 | @menuitem:Codex,0,0,ArrowRight>menuitem:Provider[menu×1|f=menuitem:Provider|h=None]@10.2 ; Tab>menuitem:Provider[menu×1|f=menuitem:Provider|h=None]@14.8
chromium-dark-desktop › antd-session sub-right-tab burst sample 9,antd-session,submenu,sub-right-tab,sub-right,burst,9,ArrowRight Tab,none | menu×1 | @menuitem:Codex,0,0,ArrowRight>menuitem:Provider[menu×1|f=menuitem:Provider|h=None]@4.6 ; Tab>menuitem:Provider[menu×1|f=menuitem:Provider|h=None]@8.8
chromium-dark-desktop › antd-session sub-right-tab burst sample 10,antd-session,submenu,sub-right-tab,sub-right,burst,10,ArrowRight Tab,none | menu×1 | @menuitem:Codex,0,0,ArrowRight>menuitem:Provider[menu×1|f=menuitem:Provider|h=None]@4.3 ; Tab>menuitem:Provider[menu×1|f=menuitem:Provider|h=None]@8.1
chromium-dark-desktop › antd-session sub-right-tab burst sample 11,antd-session,submenu,sub-right-tab,sub-right,burst,11,ArrowRight Tab,none | menu×1 | @menuitem:Codex,0,0,ArrowRight>menuitem:Provider[menu×1|f=menuitem:Provider|h=None]@7.7 ; Tab>menuitem:Provider[menu×1|f=menuitem:Provider|h=None]@11.4
chromium-dark-desktop › antd-session sub-right-tab burst sample 12,antd-session,submenu,sub-right-tab,sub-right,burst,12,ArrowRight Tab,none | menu×1 | @menuitem:Codex,0,0,ArrowRight>menuitem:Provider[menu×1|f=menuitem:Provider|h=None]@12.9 ; Tab>menuitem:Provider[menu×1|f=menuitem:Provider|h=None]@17.3
chromium-dark-desktop › antd-session sub-right-tab burst sample 13,antd-session,submenu,sub-right-tab,sub-right,burst,13,ArrowRight Tab,none | menu×1 | @menuitem:Codex,0,0,ArrowRight>menuitem:Provider[menu×1|f=menuitem:Provider|h=None]@17.6 ; Tab>menuitem:Provider[menu×1|f=menuitem:Provider|h=None]@21.3
chromium-dark-desktop › antd-session sub-right-tab burst sample 14,antd-session,submenu,sub-right-tab,sub-right,burst,14,ArrowRight Tab,none | menu×1 | @menuitem:Codex,0,0,ArrowRight>menuitem:Provider[menu×1|f=menuitem:Provider|h=None]@4.9 ; Tab>menuitem:Provider[menu×1|f=menuitem:Provider|h=None]@8.6
chromium-dark-desktop › antd-session sub-right-tab burst sample 15,antd-session,submenu,sub-right-tab,sub-right,burst,15,ArrowRight Tab,none | menu×1 | @menuitem:Codex,0,0,ArrowRight>menuitem:Provider[menu×1|f=menuitem:Provider|h=None]@4.2 ; Tab>menuitem:Provider[menu×1|f=menuitem:Provider|h=None]@7.9
chromium-dark-desktop › antd-session sub-right-tab burst sample 16,antd-session,submenu,sub-right-tab,sub-right,burst,16,ArrowRight Tab,none | menu×1 | @menuitem:Codex,0,0,ArrowRight>menuitem:Provider[menu×1|f=menuitem:Provider|h=None]@8.8 ; Tab>menuitem:Provider[menu×1|f=menuitem:Provider|h=None]@12.5
chromium-dark-desktop › antd-session sub-right-tab burst sample 17,antd-session,submenu,sub-right-tab,sub-right,burst,17,ArrowRight Tab,none | menu×1 | @menuitem:Codex,0,0,ArrowRight>menuitem:Provider[menu×1|f=menuitem:Provider|h=None]@16.1 ; Tab>menuitem:Provider[menu×1|f=menuitem:Provider|h=None]@20.3
chromium-dark-desktop › antd-session sub-right-tab burst sample 18,antd-session,submenu,sub-right-tab,sub-right,burst,18,ArrowRight Tab,none | menu×1 | @menuitem:Codex,0,0,ArrowRight>menuitem:Provider[menu×1|f=menuitem:Provider|h=None]@19.7 ; Tab>menuitem:Provider[menu×1|f=menuitem:Provider|h=None]@24.1
chromium-dark-desktop › antd-session sub-right-tab burst sample 19,antd-session,submenu,sub-right-tab,sub-right,burst,19,ArrowRight Tab,none | menu×1 | @menuitem:Codex,0,0,ArrowRight>menuitem:Provider[menu×1|f=menuitem:Provider|h=None]@6.6 ; Tab>menuitem:Provider[menu×1|f=menuitem:Provider|h=None]@10.4
chromium-dark-desktop › antd-session sub-right-tab paced sample 0,antd-session,submenu,sub-right-tab,sub-right,paced,0,ArrowRight Tab,none | menu×1 | @body:darkSwitch themeSession ,0,0,ArrowRight>menuitem:Provider[menu×1|f=menuitem:Provider|h=None]@13.8 ; Tab>menuitem:Codex[menu×2|f=menuitem:Codex|h=None]@322.3
chromium-dark-desktop › antd-session sub-right-tab paced sample 1,antd-session,submenu,sub-right-tab,sub-right,paced,1,ArrowRight Tab,none | menu×1 | @body:darkSwitch themeSession ,0,0,ArrowRight>menuitem:Provider[menu×1|f=menuitem:Provider|h=None]@18.8 ; Tab>menuitem:Codex[menu×2|f=menuitem:Codex|h=None]@326.2
chromium-dark-desktop › antd-session sub-right-tab paced sample 2,antd-session,submenu,sub-right-tab,sub-right,paced,2,ArrowRight Tab,none | menu×1 | @body:darkSwitch themeSession ,0,0,ArrowRight>menuitem:Provider[menu×1|f=menuitem:Provider|h=None]@4.4 ; Tab>menuitem:Codex[menu×2|f=menuitem:Codex|h=None]@313.9
chromium-dark-desktop › antd-session sub-right-tab paced sample 3,antd-session,submenu,sub-right-tab,sub-right,paced,3,ArrowRight Tab,none | menu×1 | @body:darkSwitch themeSession ,0,0,ArrowRight>menuitem:Provider[menu×1|f=menuitem:Provider|h=None]@5 ; Tab>menuitem:Codex[menu×2|f=menuitem:Codex|h=None]@312.4
chromium-dark-desktop › antd-session sub-right-tab paced sample 4,antd-session,submenu,sub-right-tab,sub-right,paced,4,ArrowRight Tab,none | menu×1 | @body:darkSwitch themeSession ,0,0,ArrowRight>menuitem:Provider[menu×1|f=menuitem:Provider|h=None]@8.4 ; Tab>menuitem:Codex[menu×2|f=menuitem:Codex|h=None]@315.4
chromium-dark-desktop › antd-session sub-right-tab paced sample 5,antd-session,submenu,sub-right-tab,sub-right,paced,5,ArrowRight Tab,none | menu×1 | @body:darkSwitch themeSession ,0,0,ArrowRight>menuitem:Provider[menu×1|f=menuitem:Provider|h=None]@11.8 ; Tab>menuitem:Codex[menu×2|f=menuitem:Codex|h=None]@319.6
chromium-dark-desktop › antd-session sub-right-tab paced sample 6,antd-session,submenu,sub-right-tab,sub-right,paced,6,ArrowRight Tab,none | menu×1 | @body:darkSwitch themeSession ,0,0,ArrowRight>menuitem:Provider[menu×1|f=menuitem:Provider|h=None]@12.3 ; Tab>menuitem:Codex[menu×2|f=menuitem:Codex|h=None]@320.5
chromium-dark-desktop › antd-session sub-right-tab paced sample 7,antd-session,submenu,sub-right-tab,sub-right,paced,7,ArrowRight Tab,none | menu×1 | @body:darkSwitch themeSession ,0,0,ArrowRight>menuitem:Provider[menu×1|f=menuitem:Provider|h=None]@15.9 ; Tab>menuitem:Codex[menu×2|f=menuitem:Codex|h=None]@323.1
chromium-dark-desktop › antd-session sub-right-tab paced sample 8,antd-session,submenu,sub-right-tab,sub-right,paced,8,ArrowRight Tab,none | menu×1 | @body:darkSwitch themeSession ,0,0,ArrowRight>menuitem:Provider[menu×1|f=menuitem:Provider|h=None]@19.9 ; Tab>menuitem:Codex[menu×2|f=menuitem:Codex|h=None]@328.7
chromium-dark-desktop › antd-session sub-right-tab paced sample 9,antd-session,submenu,sub-right-tab,sub-right,paced,9,ArrowRight Tab,none | menu×1 | @body:darkSwitch themeSession ,0,0,ArrowRight>menuitem:Provider[menu×1|f=menuitem:Provider|h=None]@21.6 ; Tab>menuitem:Codex[menu×2|f=menuitem:Codex|h=None]@328.9
chromium-dark-desktop › antd-session sub-right-tab paced sample 10,antd-session,submenu,sub-right-tab,sub-right,paced,10,ArrowRight Tab,none | menu×1 | @body:darkSwitch themeSession ,0,0,ArrowRight>menuitem:Provider[menu×1|f=menuitem:Provider|h=None]@20.9 ; Tab>menuitem:Codex[menu×2|f=menuitem:Codex|h=None]@329.1
chromium-dark-desktop › antd-session sub-right-tab paced sample 11,antd-session,submenu,sub-right-tab,sub-right,paced,11,ArrowRight Tab,none | menu×1 | @body:darkSwitch themeSession ,0,0,ArrowRight>menuitem:Provider[menu×1|f=menuitem:Provider|h=None]@17.3 ; Tab>menuitem:Codex[menu×2|f=menuitem:Codex|h=None]@327.1
chromium-dark-desktop › antd-session sub-right-tab paced sample 12,antd-session,submenu,sub-right-tab,sub-right,paced,12,ArrowRight Tab,none | menu×1 | @body:darkSwitch themeSession ,0,0,ArrowRight>menuitem:Provider[menu×1|f=menuitem:Provider|h=None]@54.4 ; Tab>menuitem:Codex[menu×2|f=menuitem:Codex|h=None]@375.7
chromium-dark-desktop › antd-session sub-right-tab paced sample 13,antd-session,submenu,sub-right-tab,sub-right,paced,13,ArrowRight Tab,none | menu×1 | @body:darkSwitch themeSession ,0,0,ArrowRight>menuitem:Provider[menu×1|f=menuitem:Provider|h=None]@8.9 ; Tab>menuitem:Codex[menu×2|f=menuitem:Codex|h=None]@316.9
chromium-dark-desktop › antd-session sub-right-tab paced sample 14,antd-session,submenu,sub-right-tab,sub-right,paced,14,ArrowRight Tab,none | menu×1 | @body:darkSwitch themeSession ,0,0,ArrowRight>menuitem:Provider[menu×1|f=menuitem:Provider|h=None]@16.4 ; Tab>menuitem:Codex[menu×2|f=menuitem:Codex|h=None]@325.6
chromium-dark-desktop › antd-session sub-right-tab paced sample 15,antd-session,submenu,sub-right-tab,sub-right,paced,15,ArrowRight Tab,none | menu×1 | @body:darkSwitch themeSession ,0,0,ArrowRight>menuitem:Provider[menu×1|f=menuitem:Provider|h=None]@4.8 ; Tab>menuitem:Codex[menu×2|f=menuitem:Codex|h=None]@313
chromium-dark-desktop › antd-session sub-right-tab paced sample 16,antd-session,submenu,sub-right-tab,sub-right,paced,16,ArrowRight Tab,none | menu×1 | @body:darkSwitch themeSession ,0,0,ArrowRight>menuitem:Provider[menu×1|f=menuitem:Provider|h=None]@4.2 ; Tab>menuitem:Codex[menu×2|f=menuitem:Codex|h=None]@311.5
chromium-dark-desktop › antd-session sub-right-tab paced sample 17,antd-session,submenu,sub-right-tab,sub-right,paced,17,ArrowRight Tab,none | menu×1 | @body:darkSwitch themeSession ,0,0,ArrowRight>menuitem:Provider[menu×1|f=menuitem:Provider|h=None]@6.5 ; Tab>menuitem:Codex[menu×2|f=menuitem:Codex|h=None]@314.4
chromium-dark-desktop › antd-session sub-right-tab paced sample 18,antd-session,submenu,sub-right-tab,sub-right,paced,18,ArrowRight Tab,none | menu×1 | @body:darkSwitch themeSession ,0,0,ArrowRight>menuitem:Provider[menu×1|f=menuitem:Provider|h=None]@18.2 ; Tab>menuitem:Codex[menu×2|f=menuitem:Codex|h=None]@326.2
chromium-dark-desktop › antd-session sub-right-tab paced sample 19,antd-session,submenu,sub-right-tab,sub-right,paced,19,ArrowRight Tab,none | menu×1 | @body:darkSwitch themeSession ,0,0,ArrowRight>menuitem:Provider[menu×1|f=menuitem:Provider|h=None]@10.4 ; Tab>menuitem:Codex[menu×2|f=menuitem:Codex|h=None]@316.8
chromium-dark-desktop › orbit-submenu sub-enter burst sample 0,orbit-submenu,submenu,sub-enter,,burst,0,Enter,none | menu×2 | @menuitem:Codex,0,0,Enter>menuitem:Provider[menu×1|f=menuitem:Provider|h=Provider]@15.3
chromium-dark-desktop › orbit-submenu sub-enter burst sample 1,orbit-submenu,submenu,sub-enter,,burst,1,Enter,none | menu×2 | @menuitem:Codex,0,0,Enter>menuitem:Provider[menu×1|f=menuitem:Provider|h=Provider]@8.8
chromium-dark-desktop › orbit-submenu sub-enter burst sample 2,orbit-submenu,submenu,sub-enter,,burst,2,Enter,none | menu×2 | @menuitem:Codex,0,0,Enter>menuitem:Provider[menu×1|f=menuitem:Provider|h=Provider]@11.2
chromium-dark-desktop › orbit-submenu sub-enter burst sample 3,orbit-submenu,submenu,sub-enter,,burst,3,Enter,none | menu×2 | @menuitem:Codex,0,0,Enter>menuitem:Provider[menu×1|f=menuitem:Provider|h=Provider]@12.4
chromium-dark-desktop › orbit-submenu sub-enter burst sample 4,orbit-submenu,submenu,sub-enter,,burst,4,Enter,none | menu×2 | @menuitem:Codex,0,0,Enter>menuitem:Provider[menu×1|f=menuitem:Provider|h=Provider]@4.8
chromium-dark-desktop › orbit-submenu sub-enter burst sample 5,orbit-submenu,submenu,sub-enter,,burst,5,Enter,none | menu×2 | @menuitem:Codex,0,0,Enter>menuitem:Provider[menu×1|f=menuitem:Provider|h=Provider]@3.7
chromium-dark-desktop › orbit-submenu sub-enter burst sample 6,orbit-submenu,submenu,sub-enter,,burst,6,Enter,none | menu×2 | @menuitem:Codex,0,0,Enter>menuitem:Provider[menu×1|f=menuitem:Provider|h=Provider]@19.2
chromium-dark-desktop › orbit-submenu sub-enter burst sample 7,orbit-submenu,submenu,sub-enter,,burst,7,Enter,none | menu×2 | @menuitem:Codex,0,0,Enter>menuitem:Provider[menu×1|f=menuitem:Provider|h=Provider]@11.4
chromium-dark-desktop › orbit-submenu sub-enter burst sample 8,orbit-submenu,submenu,sub-enter,,burst,8,Enter,none | menu×2 | @menuitem:Codex,0,0,Enter>menuitem:Provider[menu×1|f=menuitem:Provider|h=Provider]@5.6
chromium-dark-desktop › orbit-submenu sub-enter burst sample 9,orbit-submenu,submenu,sub-enter,,burst,9,Enter,none | menu×2 | @menuitem:Codex,0,0,Enter>menuitem:Provider[menu×1|f=menuitem:Provider|h=Provider]@19.3
chromium-dark-desktop › orbit-submenu sub-enter burst sample 10,orbit-submenu,submenu,sub-enter,,burst,10,Enter,none | menu×2 | @menuitem:Codex,0,0,Enter>menuitem:Provider[menu×1|f=menuitem:Provider|h=Provider]@14.4
chromium-dark-desktop › orbit-submenu sub-enter burst sample 11,orbit-submenu,submenu,sub-enter,,burst,11,Enter,none | menu×2 | @menuitem:Codex,0,0,Enter>menuitem:Provider[menu×1|f=menuitem:Provider|h=Provider]@18.5
chromium-dark-desktop › orbit-submenu sub-enter burst sample 12,orbit-submenu,submenu,sub-enter,,burst,12,Enter,none | menu×2 | @menuitem:Codex,0,0,Enter>menuitem:Provider[menu×1|f=menuitem:Provider|h=Provider]@5.1
chromium-dark-desktop › orbit-submenu sub-enter burst sample 13,orbit-submenu,submenu,sub-enter,,burst,13,Enter,none | menu×2 | @menuitem:Codex,0,0,Enter>menuitem:Provider[menu×1|f=menuitem:Provider|h=Provider]@17.6
chromium-dark-desktop › orbit-submenu sub-enter burst sample 14,orbit-submenu,submenu,sub-enter,,burst,14,Enter,none | menu×2 | @menuitem:Codex,0,0,Enter>menuitem:Provider[menu×1|f=menuitem:Provider|h=Provider]@15.2
chromium-dark-desktop › orbit-submenu sub-enter burst sample 15,orbit-submenu,submenu,sub-enter,,burst,15,Enter,none | menu×2 | @menuitem:Codex,0,0,Enter>menuitem:Provider[menu×1|f=menuitem:Provider|h=Provider]@17.1
chromium-dark-desktop › orbit-submenu sub-enter burst sample 16,orbit-submenu,submenu,sub-enter,,burst,16,Enter,none | menu×2 | @menuitem:Codex,0,0,Enter>menuitem:Provider[menu×1|f=menuitem:Provider|h=Provider]@14.6
chromium-dark-desktop › orbit-submenu sub-enter burst sample 17,orbit-submenu,submenu,sub-enter,,burst,17,Enter,none | menu×2 | @menuitem:Codex,0,0,Enter>menuitem:Provider[menu×1|f=menuitem:Provider|h=Provider]@7.5
chromium-dark-desktop › orbit-submenu sub-enter burst sample 18,orbit-submenu,submenu,sub-enter,,burst,18,Enter,none | menu×2 | @menuitem:Codex,0,0,Enter>menuitem:Provider[menu×1|f=menuitem:Provider|h=Provider]@19.9
chromium-dark-desktop › orbit-submenu sub-enter burst sample 19,orbit-submenu,submenu,sub-enter,,burst,19,Enter,none | menu×2 | @menuitem:Codex,0,0,Enter>menuitem:Provider[menu×1|f=menuitem:Provider|h=Provider]@18.3
chromium-dark-desktop › orbit-submenu sub-enter paced sample 0,orbit-submenu,submenu,sub-enter,,paced,0,Enter,none | menu×2 | @menuitem:Codex,0,0,Enter>menuitem:Provider[menu×1|f=menuitem:Provider|h=Provider]@3.7
chromium-dark-desktop › orbit-submenu sub-enter paced sample 1,orbit-submenu,submenu,sub-enter,,paced,1,Enter,none | menu×2 | @menuitem:Codex,0,0,Enter>menuitem:Provider[menu×1|f=menuitem:Provider|h=Provider]@17.1
chromium-dark-desktop › orbit-submenu sub-enter paced sample 2,orbit-submenu,submenu,sub-enter,,paced,2,Enter,none | menu×2 | @menuitem:Codex,0,0,Enter>menuitem:Provider[menu×1|f=menuitem:Provider|h=Provider]@4.5
chromium-dark-desktop › orbit-submenu sub-enter paced sample 3,orbit-submenu,submenu,sub-enter,,paced,3,Enter,none | menu×2 | @menuitem:Codex,0,0,Enter>menuitem:Provider[menu×1|f=menuitem:Provider|h=Provider]@6.1
chromium-dark-desktop › orbit-submenu sub-enter paced sample 4,orbit-submenu,submenu,sub-enter,,paced,4,Enter,none | menu×2 | @menuitem:Codex,0,0,Enter>menuitem:Provider[menu×1|f=menuitem:Provider|h=Provider]@12.9
chromium-dark-desktop › orbit-submenu sub-enter paced sample 5,orbit-submenu,submenu,sub-enter,,paced,5,Enter,none | menu×2 | @menuitem:Codex,0,0,Enter>menuitem:Provider[menu×1|f=menuitem:Provider|h=Provider]@3.3
chromium-dark-desktop › orbit-submenu sub-enter paced sample 6,orbit-submenu,submenu,sub-enter,,paced,6,Enter,none | menu×2 | @menuitem:Codex,0,0,Enter>menuitem:Provider[menu×1|f=menuitem:Provider|h=Provider]@16.6
chromium-dark-desktop › orbit-submenu sub-enter paced sample 7,orbit-submenu,submenu,sub-enter,,paced,7,Enter,none | menu×2 | @menuitem:Codex,0,0,Enter>menuitem:Provider[menu×1|f=menuitem:Provider|h=Provider]@21
chromium-dark-desktop › orbit-submenu sub-enter paced sample 8,orbit-submenu,submenu,sub-enter,,paced,8,Enter,none | menu×2 | @menuitem:Codex,0,0,Enter>menuitem:Provider[menu×1|f=menuitem:Provider|h=Provider]@3.9
chromium-dark-desktop › orbit-submenu sub-enter paced sample 9,orbit-submenu,submenu,sub-enter,,paced,9,Enter,none | menu×2 | @menuitem:Codex,0,0,Enter>menuitem:Provider[menu×1|f=menuitem:Provider|h=Provider]@20.1
chromium-dark-desktop › orbit-submenu sub-enter paced sample 10,orbit-submenu,submenu,sub-enter,,paced,10,Enter,none | menu×2 | @menuitem:Codex,0,0,Enter>menuitem:Provider[menu×1|f=menuitem:Provider|h=Provider]@17.4
chromium-dark-desktop › orbit-submenu sub-enter paced sample 11,orbit-submenu,submenu,sub-enter,,paced,11,Enter,none | menu×2 | @menuitem:Codex,0,0,Enter>menuitem:Provider[menu×1|f=menuitem:Provider|h=Provider]@3.5
chromium-dark-desktop › orbit-submenu sub-enter paced sample 12,orbit-submenu,submenu,sub-enter,,paced,12,Enter,none | menu×2 | @menuitem:Codex,0,0,Enter>menuitem:Provider[menu×1|f=menuitem:Provider|h=Provider]@10.9
chromium-dark-desktop › orbit-submenu sub-enter paced sample 13,orbit-submenu,submenu,sub-enter,,paced,13,Enter,none | menu×2 | @menuitem:Codex,0,0,Enter>menuitem:Provider[menu×1|f=menuitem:Provider|h=Provider]@3.1
chromium-dark-desktop › orbit-submenu sub-enter paced sample 14,orbit-submenu,submenu,sub-enter,,paced,14,Enter,none | menu×2 | @menuitem:Codex,0,0,Enter>menuitem:Provider[menu×1|f=menuitem:Provider|h=Provider]@22.2
chromium-dark-desktop › orbit-submenu sub-enter paced sample 15,orbit-submenu,submenu,sub-enter,,paced,15,Enter,none | menu×2 | @menuitem:Codex,0,0,Enter>menuitem:Provider[menu×1|f=menuitem:Provider|h=Provider]@11.3
chromium-dark-desktop › orbit-submenu sub-enter paced sample 16,orbit-submenu,submenu,sub-enter,,paced,16,Enter,none | menu×2 | @menuitem:Codex,0,0,Enter>menuitem:Provider[menu×1|f=menuitem:Provider|h=Provider]@14.5
chromium-dark-desktop › orbit-submenu sub-enter paced sample 17,orbit-submenu,submenu,sub-enter,,paced,17,Enter,none | menu×2 | @menuitem:Codex,0,0,Enter>menuitem:Provider[menu×1|f=menuitem:Provider|h=Provider]@14.5
chromium-dark-desktop › orbit-submenu sub-enter paced sample 18,orbit-submenu,submenu,sub-enter,,paced,18,Enter,none | menu×2 | @menuitem:Codex,0,0,Enter>menuitem:Provider[menu×1|f=menuitem:Provider|h=Provider]@14.2
chromium-dark-desktop › orbit-submenu sub-enter paced sample 19,orbit-submenu,submenu,sub-enter,,paced,19,Enter,none | menu×2 | @menuitem:Codex,0,0,Enter>menuitem:Provider[menu×1|f=menuitem:Provider|h=Provider]@11.8
chromium-dark-desktop › orbit-submenu-sample sub-enter burst sample 0,orbit-submenu-sample,submenu,sub-enter,,burst,0,Enter,none | menu×2 | @menuitem:Codex,0,0,Enter>menuitem:Provider[menu×1|f=menuitem:Provider|h=Provider]@12
chromium-dark-desktop › orbit-submenu-sample sub-enter burst sample 1,orbit-submenu-sample,submenu,sub-enter,,burst,1,Enter,none | menu×2 | @menuitem:Codex,0,0,Enter>menuitem:Provider[menu×1|f=menuitem:Provider|h=Provider]@16.5
chromium-dark-desktop › orbit-submenu-sample sub-enter burst sample 2,orbit-submenu-sample,submenu,sub-enter,,burst,2,Enter,none | menu×2 | @menuitem:Codex,0,0,Enter>menuitem:Provider[menu×1|f=menuitem:Provider|h=Provider]@6.8
chromium-dark-desktop › orbit-submenu-sample sub-enter burst sample 3,orbit-submenu-sample,submenu,sub-enter,,burst,3,Enter,none | menu×2 | @menuitem:Codex,0,0,Enter>menuitem:Provider[menu×1|f=menuitem:Provider|h=Provider]@16.5
chromium-dark-desktop › orbit-submenu-sample sub-enter burst sample 4,orbit-submenu-sample,submenu,sub-enter,,burst,4,Enter,none | menu×2 | @menuitem:Codex,0,0,Enter>menuitem:Provider[menu×1|f=menuitem:Provider|h=Provider]@9.2
chromium-dark-desktop › orbit-submenu-sample sub-enter burst sample 5,orbit-submenu-sample,submenu,sub-enter,,burst,5,Enter,none | menu×2 | @menuitem:Codex,0,0,Enter>menuitem:Provider[menu×1|f=menuitem:Provider|h=Provider]@20.1
chromium-dark-desktop › orbit-submenu-sample sub-enter burst sample 6,orbit-submenu-sample,submenu,sub-enter,,burst,6,Enter,none | menu×2 | @menuitem:Codex,0,0,Enter>menuitem:Provider[menu×1|f=menuitem:Provider|h=Provider]@12.6
chromium-dark-desktop › orbit-submenu-sample sub-enter burst sample 7,orbit-submenu-sample,submenu,sub-enter,,burst,7,Enter,none | menu×2 | @menuitem:Codex,0,0,Enter>menuitem:Provider[menu×1|f=menuitem:Provider|h=Provider]@5
chromium-dark-desktop › orbit-submenu-sample sub-enter burst sample 8,orbit-submenu-sample,submenu,sub-enter,,burst,8,Enter,none | menu×2 | @menuitem:Codex,0,0,Enter>menuitem:Provider[menu×1|f=menuitem:Provider|h=Provider]@19.8
chromium-dark-desktop › orbit-submenu-sample sub-enter burst sample 9,orbit-submenu-sample,submenu,sub-enter,,burst,9,Enter,none | menu×2 | @menuitem:Codex,0,0,Enter>menuitem:Provider[menu×1|f=menuitem:Provider|h=Provider]@12.2
chromium-dark-desktop › orbit-submenu-sample sub-enter burst sample 10,orbit-submenu-sample,submenu,sub-enter,,burst,10,Enter,none | menu×2 | @menuitem:Codex,0,0,Enter>menuitem:Provider[menu×1|f=menuitem:Provider|h=Provider]@13.9
chromium-dark-desktop › orbit-submenu-sample sub-enter burst sample 11,orbit-submenu-sample,submenu,sub-enter,,burst,11,Enter,none | menu×2 | @menuitem:Codex,0,0,Enter>menuitem:Provider[menu×1|f=menuitem:Provider|h=Provider]@18.5
chromium-dark-desktop › orbit-submenu-sample sub-enter burst sample 12,orbit-submenu-sample,submenu,sub-enter,,burst,12,Enter,none | menu×2 | @menuitem:Codex,0,0,Enter>menuitem:Provider[menu×1|f=menuitem:Provider|h=Provider]@7.4
chromium-dark-desktop › orbit-submenu-sample sub-enter burst sample 13,orbit-submenu-sample,submenu,sub-enter,,burst,13,Enter,none | menu×2 | @menuitem:Codex,0,0,Enter>menuitem:Provider[menu×1|f=menuitem:Provider|h=Provider]@10
chromium-dark-desktop › orbit-submenu-sample sub-enter burst sample 14,orbit-submenu-sample,submenu,sub-enter,,burst,14,Enter,none | menu×2 | @menuitem:Codex,0,0,Enter>menuitem:Provider[menu×1|f=menuitem:Provider|h=Provider]@8.4
chromium-dark-desktop › orbit-submenu-sample sub-enter burst sample 15,orbit-submenu-sample,submenu,sub-enter,,burst,15,Enter,none | menu×2 | @menuitem:Codex,0,0,Enter>menuitem:Provider[menu×1|f=menuitem:Provider|h=Provider]@8.2
chromium-dark-desktop › orbit-submenu-sample sub-enter burst sample 16,orbit-submenu-sample,submenu,sub-enter,,burst,16,Enter,none | menu×2 | @menuitem:Codex,0,0,Enter>menuitem:Provider[menu×1|f=menuitem:Provider|h=Provider]@17.7
chromium-dark-desktop › orbit-submenu-sample sub-enter burst sample 17,orbit-submenu-sample,submenu,sub-enter,,burst,17,Enter,none | menu×2 | @menuitem:Codex,0,0,Enter>menuitem:Provider[menu×1|f=menuitem:Provider|h=Provider]@5.7
chromium-dark-desktop › orbit-submenu-sample sub-enter burst sample 18,orbit-submenu-sample,submenu,sub-enter,,burst,18,Enter,none | menu×2 | @menuitem:Codex,0,0,Enter>menuitem:Provider[menu×1|f=menuitem:Provider|h=Provider]@14.1
chromium-dark-desktop › orbit-submenu-sample sub-enter burst sample 19,orbit-submenu-sample,submenu,sub-enter,,burst,19,Enter,none | menu×2 | @menuitem:Codex,0,0,Enter>menuitem:Provider[menu×1|f=menuitem:Provider|h=Provider]@18.4
chromium-dark-desktop › orbit-submenu-sample sub-enter paced sample 0,orbit-submenu-sample,submenu,sub-enter,,paced,0,Enter,none | menu×2 | @menuitem:Codex,0,0,Enter>menuitem:Provider[menu×1|f=menuitem:Provider|h=Provider]@19.3
chromium-dark-desktop › orbit-submenu-sample sub-enter paced sample 1,orbit-submenu-sample,submenu,sub-enter,,paced,1,Enter,none | menu×2 | @menuitem:Codex,0,0,Enter>menuitem:Provider[menu×1|f=menuitem:Provider|h=Provider]@16.1
chromium-dark-desktop › orbit-submenu-sample sub-enter paced sample 2,orbit-submenu-sample,submenu,sub-enter,,paced,2,Enter,none | menu×2 | @menuitem:Codex,0,0,Enter>menuitem:Provider[menu×1|f=menuitem:Provider|h=Provider]@3.8
chromium-dark-desktop › orbit-submenu-sample sub-enter paced sample 3,orbit-submenu-sample,submenu,sub-enter,,paced,3,Enter,none | menu×2 | @menuitem:Codex,0,0,Enter>menuitem:Provider[menu×1|f=menuitem:Provider|h=Provider]@12
chromium-dark-desktop › orbit-submenu-sample sub-enter paced sample 4,orbit-submenu-sample,submenu,sub-enter,,paced,4,Enter,none | menu×2 | @menuitem:Codex,0,0,Enter>menuitem:Provider[menu×1|f=menuitem:Provider|h=Provider]@17.2
chromium-dark-desktop › orbit-submenu-sample sub-enter paced sample 5,orbit-submenu-sample,submenu,sub-enter,,paced,5,Enter,none | menu×2 | @menuitem:Codex,0,0,Enter>menuitem:Provider[menu×1|f=menuitem:Provider|h=Provider]@18.6
chromium-dark-desktop › orbit-submenu-sample sub-enter paced sample 6,orbit-submenu-sample,submenu,sub-enter,,paced,6,Enter,none | menu×2 | @menuitem:Codex,0,0,Enter>menuitem:Provider[menu×1|f=menuitem:Provider|h=Provider]@12.2
chromium-dark-desktop › orbit-submenu-sample sub-enter paced sample 7,orbit-submenu-sample,submenu,sub-enter,,paced,7,Enter,none | menu×2 | @menuitem:Codex,0,0,Enter>menuitem:Provider[menu×1|f=menuitem:Provider|h=Provider]@5
chromium-dark-desktop › orbit-submenu-sample sub-enter paced sample 8,orbit-submenu-sample,submenu,sub-enter,,paced,8,Enter,none | menu×2 | @menuitem:Codex,0,0,Enter>menuitem:Provider[menu×1|f=menuitem:Provider|h=Provider]@9.5
chromium-dark-desktop › orbit-submenu-sample sub-enter paced sample 9,orbit-submenu-sample,submenu,sub-enter,,paced,9,Enter,none | menu×2 | @menuitem:Codex,0,0,Enter>menuitem:Provider[menu×1|f=menuitem:Provider|h=Provider]@5.3
chromium-dark-desktop › orbit-submenu-sample sub-enter paced sample 10,orbit-submenu-sample,submenu,sub-enter,,paced,10,Enter,none | menu×2 | @menuitem:Codex,0,0,Enter>menuitem:Provider[menu×1|f=menuitem:Provider|h=Provider]@6
chromium-dark-desktop › orbit-submenu-sample sub-enter paced sample 11,orbit-submenu-sample,submenu,sub-enter,,paced,11,Enter,none | menu×2 | @menuitem:Codex,0,0,Enter>menuitem:Provider[menu×1|f=menuitem:Provider|h=Provider]@10.8
chromium-dark-desktop › orbit-submenu-sample sub-enter paced sample 12,orbit-submenu-sample,submenu,sub-enter,,paced,12,Enter,none | menu×2 | @menuitem:Codex,0,0,Enter>menuitem:Provider[menu×1|f=menuitem:Provider|h=Provider]@10.3
chromium-dark-desktop › orbit-submenu-sample sub-enter paced sample 13,orbit-submenu-sample,submenu,sub-enter,,paced,13,Enter,none | menu×2 | @menuitem:Codex,0,0,Enter>menuitem:Provider[menu×1|f=menuitem:Provider|h=Provider]@7.9
chromium-dark-desktop › orbit-submenu-sample sub-enter paced sample 14,orbit-submenu-sample,submenu,sub-enter,,paced,14,Enter,none | menu×2 | @menuitem:Codex,0,0,Enter>menuitem:Provider[menu×1|f=menuitem:Provider|h=Provider]@18.8
chromium-dark-desktop › orbit-submenu-sample sub-enter paced sample 15,orbit-submenu-sample,submenu,sub-enter,,paced,15,Enter,none | menu×2 | @menuitem:Codex,0,0,Enter>menuitem:Provider[menu×1|f=menuitem:Provider|h=Provider]@19.3
chromium-dark-desktop › orbit-submenu-sample sub-enter paced sample 16,orbit-submenu-sample,submenu,sub-enter,,paced,16,Enter,none | menu×2 | @menuitem:Codex,0,0,Enter>menuitem:Provider[menu×1|f=menuitem:Provider|h=Provider]@4.6
chromium-dark-desktop › orbit-submenu-sample sub-enter paced sample 17,orbit-submenu-sample,submenu,sub-enter,,paced,17,Enter,none | menu×2 | @menuitem:Codex,0,0,Enter>menuitem:Provider[menu×1|f=menuitem:Provider|h=Provider]@8.9
chromium-dark-desktop › orbit-submenu-sample sub-enter paced sample 18,orbit-submenu-sample,submenu,sub-enter,,paced,18,Enter,none | menu×2 | @menuitem:Codex,0,0,Enter>menuitem:Provider[menu×1|f=menuitem:Provider|h=Provider]@3
chromium-dark-desktop › orbit-submenu-sample sub-enter paced sample 19,orbit-submenu-sample,submenu,sub-enter,,paced,19,Enter,none | menu×2 | @menuitem:Codex,0,0,Enter>menuitem:Provider[menu×1|f=menuitem:Provider|h=Provider]@15.9
chromium-dark-desktop › antd-submenu sub-enter burst sample 0,antd-submenu,submenu,sub-enter,,burst,0,Enter,none | menu×2 | @menuitem:Codex,0,0,Enter>menuitem:Provider[menu×1|f=menuitem:Provider|h=None]@5.4
chromium-dark-desktop › antd-submenu sub-enter burst sample 1,antd-submenu,submenu,sub-enter,,burst,1,Enter,none | menu×2 | @menuitem:Codex,0,0,Enter>menuitem:Provider[menu×1|f=menuitem:Provider|h=None]@16.9
chromium-dark-desktop › antd-submenu sub-enter burst sample 2,antd-submenu,submenu,sub-enter,,burst,2,Enter,none | menu×2 | @menuitem:Codex,0,0,Enter>menuitem:Provider[menu×1|f=menuitem:Provider|h=None]@16.8
chromium-dark-desktop › antd-submenu sub-enter burst sample 3,antd-submenu,submenu,sub-enter,,burst,3,Enter,none | menu×2 | @menuitem:Codex,0,0,Enter>menuitem:Provider[menu×1|f=menuitem:Provider|h=None]@8
chromium-dark-desktop › antd-submenu sub-enter burst sample 4,antd-submenu,submenu,sub-enter,,burst,4,Enter,none | menu×2 | @menuitem:Codex,0,0,Enter>menuitem:Provider[menu×1|f=menuitem:Provider|h=None]@10.3
chromium-dark-desktop › antd-submenu sub-enter burst sample 5,antd-submenu,submenu,sub-enter,,burst,5,Enter,none | menu×2 | @menuitem:Codex,0,0,Enter>menuitem:Provider[menu×1|f=menuitem:Provider|h=None]@17.4
chromium-dark-desktop › antd-submenu sub-enter burst sample 6,antd-submenu,submenu,sub-enter,,burst,6,Enter,none | menu×2 | @menuitem:Codex,0,0,Enter>menuitem:Provider[menu×1|f=menuitem:Provider|h=None]@3.2
chromium-dark-desktop › antd-submenu sub-enter burst sample 7,antd-submenu,submenu,sub-enter,,burst,7,Enter,none | menu×2 | @menuitem:Codex,0,0,Enter>menuitem:Provider[menu×1|f=menuitem:Provider|h=None]@14.1
chromium-dark-desktop › antd-submenu sub-enter burst sample 8,antd-submenu,submenu,sub-enter,,burst,8,Enter,none | menu×2 | @menuitem:Codex,0,0,Enter>menuitem:Provider[menu×1|f=menuitem:Provider|h=None]@18.5
chromium-dark-desktop › antd-submenu sub-enter burst sample 9,antd-submenu,submenu,sub-enter,,burst,9,Enter,none | menu×2 | @menuitem:Codex,0,0,Enter>menuitem:Provider[menu×1|f=menuitem:Provider|h=None]@14.2
chromium-dark-desktop › antd-submenu sub-enter burst sample 10,antd-submenu,submenu,sub-enter,,burst,10,Enter,none | menu×2 | @menuitem:Codex,0,0,Enter>menuitem:Provider[menu×1|f=menuitem:Provider|h=None]@9.4
chromium-dark-desktop › antd-submenu sub-enter burst sample 11,antd-submenu,submenu,sub-enter,,burst,11,Enter,none | menu×2 | @menuitem:Codex,0,0,Enter>menuitem:Provider[menu×1|f=menuitem:Provider|h=None]@5.7
chromium-dark-desktop › antd-submenu sub-enter burst sample 12,antd-submenu,submenu,sub-enter,,burst,12,Enter,none | menu×2 | @menuitem:Codex,0,0,Enter>menuitem:Provider[menu×1|f=menuitem:Provider|h=None]@6.4
chromium-dark-desktop › antd-submenu sub-enter burst sample 13,antd-submenu,submenu,sub-enter,,burst,13,Enter,none | menu×2 | @menuitem:Codex,0,0,Enter>menuitem:Provider[menu×1|f=menuitem:Provider|h=None]@16.1
chromium-dark-desktop › antd-submenu sub-enter burst sample 14,antd-submenu,submenu,sub-enter,,burst,14,Enter,none | menu×2 | @menuitem:Codex,0,0,Enter>menuitem:Provider[menu×1|f=menuitem:Provider|h=None]@19.7
chromium-dark-desktop › antd-submenu sub-enter burst sample 15,antd-submenu,submenu,sub-enter,,burst,15,Enter,none | menu×2 | @menuitem:Codex,0,0,Enter>menuitem:Provider[menu×1|f=menuitem:Provider|h=None]@11.3
chromium-dark-desktop › antd-submenu sub-enter burst sample 16,antd-submenu,submenu,sub-enter,,burst,16,Enter,none | menu×2 | @menuitem:Codex,0,0,Enter>menuitem:Provider[menu×1|f=menuitem:Provider|h=None]@19
chromium-dark-desktop › antd-submenu sub-enter burst sample 17,antd-submenu,submenu,sub-enter,,burst,17,Enter,none | menu×2 | @menuitem:Codex,0,0,Enter>menuitem:Provider[menu×1|f=menuitem:Provider|h=None]@9.5
chromium-dark-desktop › antd-submenu sub-enter burst sample 18,antd-submenu,submenu,sub-enter,,burst,18,Enter,none | menu×2 | @menuitem:Codex,0,0,Enter>menuitem:Provider[menu×1|f=menuitem:Provider|h=None]@9.5
chromium-dark-desktop › antd-submenu sub-enter burst sample 19,antd-submenu,submenu,sub-enter,,burst,19,Enter,none | menu×2 | @menuitem:Codex,0,0,Enter>menuitem:Provider[menu×1|f=menuitem:Provider|h=None]@17.7
chromium-dark-desktop › antd-submenu sub-enter paced sample 0,antd-submenu,submenu,sub-enter,,paced,0,Enter,none | menu×2 | @menuitem:Codex,0,0,Enter>menuitem:Provider[menu×1|f=menuitem:Provider|h=None]@5.3
chromium-dark-desktop › antd-submenu sub-enter paced sample 1,antd-submenu,submenu,sub-enter,,paced,1,Enter,none | menu×2 | @menuitem:Codex,0,0,Enter>menuitem:Provider[menu×1|f=menuitem:Provider|h=None]@16.4
chromium-dark-desktop › antd-submenu sub-enter paced sample 2,antd-submenu,submenu,sub-enter,,paced,2,Enter,none | menu×2 | @menuitem:Codex,0,0,Enter>menuitem:Provider[menu×1|f=menuitem:Provider|h=None]@12.1
chromium-dark-desktop › antd-submenu sub-enter paced sample 3,antd-submenu,submenu,sub-enter,,paced,3,Enter,none | menu×2 | @menuitem:Codex,0,0,Enter>menuitem:Provider[menu×1|f=menuitem:Provider|h=None]@19.6
chromium-dark-desktop › antd-submenu sub-enter paced sample 4,antd-submenu,submenu,sub-enter,,paced,4,Enter,none | menu×2 | @menuitem:Codex,0,0,Enter>menuitem:Provider[menu×1|f=menuitem:Provider|h=None]@12.6
chromium-dark-desktop › antd-submenu sub-enter paced sample 5,antd-submenu,submenu,sub-enter,,paced,5,Enter,none | menu×2 | @menuitem:Codex,0,0,Enter>menuitem:Provider[menu×1|f=menuitem:Provider|h=None]@14.8
chromium-dark-desktop › antd-submenu sub-enter paced sample 6,antd-submenu,submenu,sub-enter,,paced,6,Enter,none | menu×2 | @menuitem:Codex,0,0,Enter>menuitem:Provider[menu×1|f=menuitem:Provider|h=None]@3.2
chromium-dark-desktop › antd-submenu sub-enter paced sample 7,antd-submenu,submenu,sub-enter,,paced,7,Enter,none | menu×2 | @menuitem:Codex,0,0,Enter>menuitem:Provider[menu×1|f=menuitem:Provider|h=None]@4.7
chromium-dark-desktop › antd-submenu sub-enter paced sample 8,antd-submenu,submenu,sub-enter,,paced,8,Enter,none | menu×2 | @menuitem:Codex,0,0,Enter>menuitem:Provider[menu×1|f=menuitem:Provider|h=None]@18.7
chromium-dark-desktop › antd-submenu sub-enter paced sample 9,antd-submenu,submenu,sub-enter,,paced,9,Enter,none | menu×2 | @menuitem:Codex,0,0,Enter>menuitem:Provider[menu×1|f=menuitem:Provider|h=None]@16.2
chromium-dark-desktop › antd-submenu sub-enter paced sample 10,antd-submenu,submenu,sub-enter,,paced,10,Enter,none | menu×2 | @menuitem:Codex,0,0,Enter>menuitem:Provider[menu×1|f=menuitem:Provider|h=None]@16.8
chromium-dark-desktop › antd-submenu sub-enter paced sample 11,antd-submenu,submenu,sub-enter,,paced,11,Enter,none | menu×2 | @menuitem:Codex,0,0,Enter>menuitem:Provider[menu×1|f=menuitem:Provider|h=None]@13
chromium-dark-desktop › antd-submenu sub-enter paced sample 12,antd-submenu,submenu,sub-enter,,paced,12,Enter,none | menu×2 | @menuitem:Codex,0,0,Enter>menuitem:Provider[menu×1|f=menuitem:Provider|h=None]@15.6
chromium-dark-desktop › antd-submenu sub-enter paced sample 13,antd-submenu,submenu,sub-enter,,paced,13,Enter,none | menu×2 | @menuitem:Codex,0,0,Enter>menuitem:Provider[menu×1|f=menuitem:Provider|h=None]@18.7
chromium-dark-desktop › antd-submenu sub-enter paced sample 14,antd-submenu,submenu,sub-enter,,paced,14,Enter,none | menu×2 | @menuitem:Codex,0,0,Enter>menuitem:Provider[menu×1|f=menuitem:Provider|h=None]@4.7
chromium-dark-desktop › antd-submenu sub-enter paced sample 15,antd-submenu,submenu,sub-enter,,paced,15,Enter,none | menu×2 | @menuitem:Codex,0,0,Enter>menuitem:Provider[menu×1|f=menuitem:Provider|h=None]@4.7
chromium-dark-desktop › antd-submenu sub-enter paced sample 16,antd-submenu,submenu,sub-enter,,paced,16,Enter,none | menu×2 | @menuitem:Codex,0,0,Enter>menuitem:Provider[menu×1|f=menuitem:Provider|h=None]@6.2
chromium-dark-desktop › antd-submenu sub-enter paced sample 17,antd-submenu,submenu,sub-enter,,paced,17,Enter,none | menu×2 | @menuitem:Codex,0,0,Enter>menuitem:Provider[menu×1|f=menuitem:Provider|h=None]@4.1
chromium-dark-desktop › antd-submenu sub-enter paced sample 18,antd-submenu,submenu,sub-enter,,paced,18,Enter,none | menu×2 | @menuitem:Codex,0,0,Enter>menuitem:Provider[menu×1|f=menuitem:Provider|h=None]@13
chromium-dark-desktop › antd-submenu sub-enter paced sample 19,antd-submenu,submenu,sub-enter,,paced,19,Enter,none | menu×2 | @menuitem:Codex,0,0,Enter>menuitem:Provider[menu×1|f=menuitem:Provider|h=None]@8.7
chromium-dark-desktop › orbit-session sub-enter burst sample 0,orbit-session,submenu,sub-enter,,burst,0,Enter,none | menu×2 | @menuitem:Codex,0,0,Enter>menuitem:Provider[menu×1|f=menuitem:Provider|h=Provider]@17.8
chromium-dark-desktop › orbit-session sub-enter burst sample 1,orbit-session,submenu,sub-enter,,burst,1,Enter,none | menu×2 | @menuitem:Codex,0,0,Enter>menuitem:Provider[menu×1|f=menuitem:Provider|h=Provider]@5.6
chromium-dark-desktop › orbit-session sub-enter burst sample 2,orbit-session,submenu,sub-enter,,burst,2,Enter,none | menu×2 | @menuitem:Codex,0,0,Enter>menuitem:Provider[menu×1|f=menuitem:Provider|h=Provider]@11.5
chromium-dark-desktop › orbit-session sub-enter burst sample 3,orbit-session,submenu,sub-enter,,burst,3,Enter,none | menu×2 | @menuitem:Codex,0,0,Enter>menuitem:Provider[menu×1|f=menuitem:Provider|h=Provider]@10.9
chromium-dark-desktop › orbit-session sub-enter burst sample 4,orbit-session,submenu,sub-enter,,burst,4,Enter,none | menu×2 | @menuitem:Codex,0,0,Enter>menuitem:Provider[menu×1|f=menuitem:Provider|h=Provider]@3.4
chromium-dark-desktop › orbit-session sub-enter burst sample 5,orbit-session,submenu,sub-enter,,burst,5,Enter,none | menu×2 | @menuitem:Codex,0,0,Enter>menuitem:Provider[menu×1|f=menuitem:Provider|h=Provider]@15.8
chromium-dark-desktop › orbit-session sub-enter burst sample 6,orbit-session,submenu,sub-enter,,burst,6,Enter,none | menu×2 | @menuitem:Codex,0,0,Enter>menuitem:Provider[menu×1|f=menuitem:Provider|h=Provider]@9.5
chromium-dark-desktop › orbit-session sub-enter burst sample 7,orbit-session,submenu,sub-enter,,burst,7,Enter,none | menu×2 | @menuitem:Codex,0,0,Enter>menuitem:Provider[menu×1|f=menuitem:Provider|h=Provider]@7.2
chromium-dark-desktop › orbit-session sub-enter burst sample 8,orbit-session,submenu,sub-enter,,burst,8,Enter,none | menu×2 | @menuitem:Codex,0,0,Enter>menuitem:Provider[menu×1|f=menuitem:Provider|h=Provider]@3.4
chromium-dark-desktop › orbit-session sub-enter burst sample 9,orbit-session,submenu,sub-enter,,burst,9,Enter,none | menu×2 | @menuitem:Codex,0,0,Enter>menuitem:Provider[menu×1|f=menuitem:Provider|h=Provider]@4.2
chromium-dark-desktop › orbit-session sub-enter burst sample 10,orbit-session,submenu,sub-enter,,burst,10,Enter,none | menu×2 | @menuitem:Codex,0,0,Enter>menuitem:Provider[menu×1|f=menuitem:Provider|h=Provider]@17.6
chromium-dark-desktop › orbit-session sub-enter burst sample 11,orbit-session,submenu,sub-enter,,burst,11,Enter,none | menu×2 | @menuitem:Codex,0,0,Enter>menuitem:Provider[menu×1|f=menuitem:Provider|h=Provider]@11.3
chromium-dark-desktop › orbit-session sub-enter burst sample 12,orbit-session,submenu,sub-enter,,burst,12,Enter,none | menu×2 | @menuitem:Codex,0,0,Enter>menuitem:Provider[menu×1|f=menuitem:Provider|h=Provider]@19.1
chromium-dark-desktop › orbit-session sub-enter burst sample 13,orbit-session,submenu,sub-enter,,burst,13,Enter,none | menu×2 | @menuitem:Codex,0,0,Enter>menuitem:Provider[menu×1|f=menuitem:Provider|h=Provider]@12.5
chromium-dark-desktop › orbit-session sub-enter burst sample 14,orbit-session,submenu,sub-enter,,burst,14,Enter,none | menu×2 | @menuitem:Codex,0,0,Enter>menuitem:Provider[menu×1|f=menuitem:Provider|h=Provider]@6.1
chromium-dark-desktop › orbit-session sub-enter burst sample 15,orbit-session,submenu,sub-enter,,burst,15,Enter,none | menu×2 | @menuitem:Codex,0,0,Enter>menuitem:Provider[menu×1|f=menuitem:Provider|h=Provider]@15
chromium-dark-desktop › orbit-session sub-enter burst sample 16,orbit-session,submenu,sub-enter,,burst,16,Enter,none | menu×2 | @menuitem:Codex,0,0,Enter>menuitem:Provider[menu×1|f=menuitem:Provider|h=Provider]@4.4
chromium-dark-desktop › orbit-session sub-enter burst sample 17,orbit-session,submenu,sub-enter,,burst,17,Enter,none | menu×2 | @menuitem:Codex,0,0,Enter>menuitem:Provider[menu×1|f=menuitem:Provider|h=Provider]@10.7
chromium-dark-desktop › orbit-session sub-enter burst sample 18,orbit-session,submenu,sub-enter,,burst,18,Enter,none | menu×2 | @menuitem:Codex,0,0,Enter>menuitem:Provider[menu×1|f=menuitem:Provider|h=Provider]@3.3
chromium-dark-desktop › orbit-session sub-enter burst sample 19,orbit-session,submenu,sub-enter,,burst,19,Enter,none | menu×2 | @menuitem:Codex,0,0,Enter>menuitem:Provider[menu×1|f=menuitem:Provider|h=Provider]@6.4
chromium-dark-desktop › orbit-session sub-enter paced sample 0,orbit-session,submenu,sub-enter,,paced,0,Enter,none | menu×2 | @menuitem:Codex,0,0,Enter>menuitem:Provider[menu×1|f=menuitem:Provider|h=Provider]@7.9
chromium-dark-desktop › orbit-session sub-enter paced sample 1,orbit-session,submenu,sub-enter,,paced,1,Enter,none | menu×2 | @menuitem:Codex,0,0,Enter>menuitem:Provider[menu×1|f=menuitem:Provider|h=Provider]@3.8
chromium-dark-desktop › orbit-session sub-enter paced sample 2,orbit-session,submenu,sub-enter,,paced,2,Enter,none | menu×2 | @menuitem:Codex,0,0,Enter>menuitem:Provider[menu×1|f=menuitem:Provider|h=Provider]@9.3
chromium-dark-desktop › orbit-session sub-enter paced sample 3,orbit-session,submenu,sub-enter,,paced,3,Enter,none | menu×2 | @menuitem:Codex,0,0,Enter>menuitem:Provider[menu×1|f=menuitem:Provider|h=Provider]@12.5
chromium-dark-desktop › orbit-session sub-enter paced sample 4,orbit-session,submenu,sub-enter,,paced,4,Enter,none | menu×2 | @menuitem:Codex,0,0,Enter>menuitem:Provider[menu×1|f=menuitem:Provider|h=Provider]@12.6
chromium-dark-desktop › orbit-session sub-enter paced sample 5,orbit-session,submenu,sub-enter,,paced,5,Enter,none | menu×2 | @menuitem:Codex,0,0,Enter>menuitem:Provider[menu×1|f=menuitem:Provider|h=Provider]@13
chromium-dark-desktop › orbit-session sub-enter paced sample 6,orbit-session,submenu,sub-enter,,paced,6,Enter,none | menu×2 | @menuitem:Codex,0,0,Enter>menuitem:Provider[menu×1|f=menuitem:Provider|h=Provider]@19.4
chromium-dark-desktop › orbit-session sub-enter paced sample 7,orbit-session,submenu,sub-enter,,paced,7,Enter,none | menu×2 | @menuitem:Codex,0,0,Enter>menuitem:Provider[menu×1|f=menuitem:Provider|h=Provider]@6.7
chromium-dark-desktop › orbit-session sub-enter paced sample 8,orbit-session,submenu,sub-enter,,paced,8,Enter,none | menu×2 | @menuitem:Codex,0,0,Enter>menuitem:Provider[menu×1|f=menuitem:Provider|h=Provider]@12.3
chromium-dark-desktop › orbit-session sub-enter paced sample 9,orbit-session,submenu,sub-enter,,paced,9,Enter,none | menu×2 | @menuitem:Codex,0,0,Enter>menuitem:Provider[menu×1|f=menuitem:Provider|h=Provider]@16.9
chromium-dark-desktop › orbit-session sub-enter paced sample 10,orbit-session,submenu,sub-enter,,paced,10,Enter,none | menu×2 | @menuitem:Codex,0,0,Enter>menuitem:Provider[menu×1|f=menuitem:Provider|h=Provider]@7.3
chromium-dark-desktop › orbit-session sub-enter paced sample 11,orbit-session,submenu,sub-enter,,paced,11,Enter,none | menu×2 | @menuitem:Codex,0,0,Enter>menuitem:Provider[menu×1|f=menuitem:Provider|h=Provider]@5.8
chromium-dark-desktop › orbit-session sub-enter paced sample 12,orbit-session,submenu,sub-enter,,paced,12,Enter,none | menu×2 | @menuitem:Codex,0,0,Enter>menuitem:Provider[menu×1|f=menuitem:Provider|h=Provider]@17.2
chromium-dark-desktop › orbit-session sub-enter paced sample 13,orbit-session,submenu,sub-enter,,paced,13,Enter,none | menu×2 | @menuitem:Codex,0,0,Enter>menuitem:Provider[menu×1|f=menuitem:Provider|h=Provider]@4.4
chromium-dark-desktop › orbit-session sub-enter paced sample 14,orbit-session,submenu,sub-enter,,paced,14,Enter,none | menu×2 | @menuitem:Codex,0,0,Enter>menuitem:Provider[menu×1|f=menuitem:Provider|h=Provider]@2.5
chromium-dark-desktop › orbit-session sub-enter paced sample 15,orbit-session,submenu,sub-enter,,paced,15,Enter,none | menu×2 | @menuitem:Codex,0,0,Enter>menuitem:Provider[menu×1|f=menuitem:Provider|h=Provider]@11.8
chromium-dark-desktop › orbit-session sub-enter paced sample 16,orbit-session,submenu,sub-enter,,paced,16,Enter,none | menu×2 | @menuitem:Codex,0,0,Enter>menuitem:Provider[menu×1|f=menuitem:Provider|h=Provider]@3.3
chromium-dark-desktop › orbit-session sub-enter paced sample 17,orbit-session,submenu,sub-enter,,paced,17,Enter,none | menu×2 | @menuitem:Codex,0,0,Enter>menuitem:Provider[menu×1|f=menuitem:Provider|h=Provider]@14.6
chromium-dark-desktop › orbit-session sub-enter paced sample 18,orbit-session,submenu,sub-enter,,paced,18,Enter,none | menu×2 | @menuitem:Codex,0,0,Enter>menuitem:Provider[menu×1|f=menuitem:Provider|h=Provider]@7.7
chromium-dark-desktop › orbit-session sub-enter paced sample 19,orbit-session,submenu,sub-enter,,paced,19,Enter,none | menu×2 | @menuitem:Codex,0,0,Enter>menuitem:Provider[menu×1|f=menuitem:Provider|h=Provider]@10.3
chromium-dark-desktop › antd-session sub-enter burst sample 0,antd-session,submenu,sub-enter,,burst,0,Enter,none | menu×2 | @menuitem:Codex,0,0,Enter>menuitem:Provider[menu×1|f=menuitem:Provider|h=None]@13.8
chromium-dark-desktop › antd-session sub-enter burst sample 1,antd-session,submenu,sub-enter,,burst,1,Enter,none | menu×2 | @menuitem:Codex,0,0,Enter>menuitem:Provider[menu×1|f=menuitem:Provider|h=None]@16
chromium-dark-desktop › antd-session sub-enter burst sample 2,antd-session,submenu,sub-enter,,burst,2,Enter,none | menu×2 | @menuitem:Codex,0,0,Enter>menuitem:Provider[menu×1|f=menuitem:Provider|h=None]@11.9
chromium-dark-desktop › antd-session sub-enter burst sample 3,antd-session,submenu,sub-enter,,burst,3,Enter,none | menu×2 | @menuitem:Codex,0,0,Enter>menuitem:Provider[menu×1|f=menuitem:Provider|h=None]@11.8
chromium-dark-desktop › antd-session sub-enter burst sample 4,antd-session,submenu,sub-enter,,burst,4,Enter,none | menu×2 | @menuitem:Codex,0,0,Enter>menuitem:Provider[menu×1|f=menuitem:Provider|h=None]@12
chromium-dark-desktop › antd-session sub-enter burst sample 5,antd-session,submenu,sub-enter,,burst,5,Enter,none | menu×2 | @menuitem:Codex,0,0,Enter>menuitem:Provider[menu×1|f=menuitem:Provider|h=None]@11.4
chromium-dark-desktop › antd-session sub-enter burst sample 6,antd-session,submenu,sub-enter,,burst,6,Enter,none | menu×2 | @menuitem:Codex,0,0,Enter>menuitem:Provider[menu×1|f=menuitem:Provider|h=None]@17.4
chromium-dark-desktop › antd-session sub-enter burst sample 7,antd-session,submenu,sub-enter,,burst,7,Enter,none | menu×2 | @menuitem:Codex,0,0,Enter>menuitem:Provider[menu×1|f=menuitem:Provider|h=None]@6.2
chromium-dark-desktop › antd-session sub-enter burst sample 8,antd-session,submenu,sub-enter,,burst,8,Enter,none | menu×2 | @menuitem:Codex,0,0,Enter>menuitem:Provider[menu×1|f=menuitem:Provider|h=None]@5
chromium-dark-desktop › antd-session sub-enter burst sample 9,antd-session,submenu,sub-enter,,burst,9,Enter,none | menu×2 | @menuitem:Codex,0,0,Enter>menuitem:Provider[menu×1|f=menuitem:Provider|h=None]@2.8
chromium-dark-desktop › antd-session sub-enter burst sample 10,antd-session,submenu,sub-enter,,burst,10,Enter,none | menu×2 | @menuitem:Codex,0,0,Enter>menuitem:Provider[menu×1|f=menuitem:Provider|h=None]@9.2
chromium-dark-desktop › antd-session sub-enter burst sample 11,antd-session,submenu,sub-enter,,burst,11,Enter,none | menu×2 | @menuitem:Codex,0,0,Enter>menuitem:Provider[menu×1|f=menuitem:Provider|h=None]@5.8
chromium-dark-desktop › antd-session sub-enter burst sample 12,antd-session,submenu,sub-enter,,burst,12,Enter,none | menu×2 | @menuitem:Codex,0,0,Enter>menuitem:Provider[menu×1|f=menuitem:Provider|h=None]@4.5
chromium-dark-desktop › antd-session sub-enter burst sample 13,antd-session,submenu,sub-enter,,burst,13,Enter,none | menu×2 | @menuitem:Codex,0,0,Enter>menuitem:Provider[menu×1|f=menuitem:Provider|h=None]@12.5
chromium-dark-desktop › antd-session sub-enter burst sample 14,antd-session,submenu,sub-enter,,burst,14,Enter,none | menu×2 | @menuitem:Codex,0,0,Enter>menuitem:Provider[menu×1|f=menuitem:Provider|h=None]@4.8
chromium-dark-desktop › antd-session sub-enter burst sample 15,antd-session,submenu,sub-enter,,burst,15,Enter,none | menu×2 | @menuitem:Codex,0,0,Enter>menuitem:Provider[menu×1|f=menuitem:Provider|h=None]@13.7
chromium-dark-desktop › antd-session sub-enter burst sample 16,antd-session,submenu,sub-enter,,burst,16,Enter,none | menu×2 | @menuitem:Codex,0,0,Enter>menuitem:Provider[menu×1|f=menuitem:Provider|h=None]@21.1
chromium-dark-desktop › antd-session sub-enter burst sample 17,antd-session,submenu,sub-enter,,burst,17,Enter,none | menu×2 | @menuitem:Codex,0,0,Enter>menuitem:Provider[menu×1|f=menuitem:Provider|h=None]@14.2
chromium-dark-desktop › antd-session sub-enter burst sample 18,antd-session,submenu,sub-enter,,burst,18,Enter,none | menu×2 | @menuitem:Codex,0,0,Enter>menuitem:Provider[menu×1|f=menuitem:Provider|h=None]@8.3
chromium-dark-desktop › antd-session sub-enter burst sample 19,antd-session,submenu,sub-enter,,burst,19,Enter,none | menu×2 | @menuitem:Codex,0,0,Enter>menuitem:Provider[menu×1|f=menuitem:Provider|h=None]@20.5
chromium-dark-desktop › antd-session sub-enter paced sample 0,antd-session,submenu,sub-enter,,paced,0,Enter,none | menu×2 | @menuitem:Codex,0,0,Enter>menuitem:Provider[menu×1|f=menuitem:Provider|h=None]@9.8
chromium-dark-desktop › antd-session sub-enter paced sample 1,antd-session,submenu,sub-enter,,paced,1,Enter,none | menu×2 | @menuitem:Codex,0,0,Enter>menuitem:Provider[menu×1|f=menuitem:Provider|h=None]@11.9
chromium-dark-desktop › antd-session sub-enter paced sample 2,antd-session,submenu,sub-enter,,paced,2,Enter,none | menu×2 | @menuitem:Codex,0,0,Enter>menuitem:Provider[menu×1|f=menuitem:Provider|h=None]@3.9
chromium-dark-desktop › antd-session sub-enter paced sample 3,antd-session,submenu,sub-enter,,paced,3,Enter,none | menu×2 | @menuitem:Codex,0,0,Enter>menuitem:Provider[menu×1|f=menuitem:Provider|h=None]@9.7
chromium-dark-desktop › antd-session sub-enter paced sample 4,antd-session,submenu,sub-enter,,paced,4,Enter,none | menu×2 | @menuitem:Codex,0,0,Enter>menuitem:Provider[menu×1|f=menuitem:Provider|h=None]@12.9
chromium-dark-desktop › antd-session sub-enter paced sample 5,antd-session,submenu,sub-enter,,paced,5,Enter,none | menu×2 | @menuitem:Codex,0,0,Enter>menuitem:Provider[menu×1|f=menuitem:Provider|h=None]@16
chromium-dark-desktop › antd-session sub-enter paced sample 6,antd-session,submenu,sub-enter,,paced,6,Enter,none | menu×2 | @menuitem:Codex,0,0,Enter>menuitem:Provider[menu×1|f=menuitem:Provider|h=None]@4
chromium-dark-desktop › antd-session sub-enter paced sample 7,antd-session,submenu,sub-enter,,paced,7,Enter,none | menu×2 | @menuitem:Codex,0,0,Enter>menuitem:Provider[menu×1|f=menuitem:Provider|h=None]@8.2
chromium-dark-desktop › antd-session sub-enter paced sample 8,antd-session,submenu,sub-enter,,paced,8,Enter,none | menu×2 | @menuitem:Codex,0,0,Enter>menuitem:Provider[menu×1|f=menuitem:Provider|h=None]@16.3
chromium-dark-desktop › antd-session sub-enter paced sample 9,antd-session,submenu,sub-enter,,paced,9,Enter,none | menu×2 | @menuitem:Codex,0,0,Enter>menuitem:Provider[menu×1|f=menuitem:Provider|h=None]@12.6
chromium-dark-desktop › antd-session sub-enter paced sample 10,antd-session,submenu,sub-enter,,paced,10,Enter,none | menu×2 | @menuitem:Codex,0,0,Enter>menuitem:Provider[menu×1|f=menuitem:Provider|h=None]@6.4
chromium-dark-desktop › antd-session sub-enter paced sample 11,antd-session,submenu,sub-enter,,paced,11,Enter,none | menu×2 | @menuitem:Codex,0,0,Enter>menuitem:Provider[menu×1|f=menuitem:Provider|h=None]@14.8
chromium-dark-desktop › antd-session sub-enter paced sample 12,antd-session,submenu,sub-enter,,paced,12,Enter,none | menu×2 | @menuitem:Codex,0,0,Enter>menuitem:Provider[menu×1|f=menuitem:Provider|h=None]@5.3
chromium-dark-desktop › antd-session sub-enter paced sample 13,antd-session,submenu,sub-enter,,paced,13,Enter,none | menu×2 | @menuitem:Codex,0,0,Enter>menuitem:Provider[menu×1|f=menuitem:Provider|h=None]@18
chromium-dark-desktop › antd-session sub-enter paced sample 14,antd-session,submenu,sub-enter,,paced,14,Enter,none | menu×2 | @menuitem:Codex,0,0,Enter>menuitem:Provider[menu×1|f=menuitem:Provider|h=None]@6.2
chromium-dark-desktop › antd-session sub-enter paced sample 15,antd-session,submenu,sub-enter,,paced,15,Enter,none | menu×2 | @menuitem:Codex,0,0,Enter>menuitem:Provider[menu×1|f=menuitem:Provider|h=None]@7.4
chromium-dark-desktop › antd-session sub-enter paced sample 16,antd-session,submenu,sub-enter,,paced,16,Enter,none | menu×2 | @menuitem:Codex,0,0,Enter>menuitem:Provider[menu×1|f=menuitem:Provider|h=None]@17.5
chromium-dark-desktop › antd-session sub-enter paced sample 17,antd-session,submenu,sub-enter,,paced,17,Enter,none | menu×2 | @menuitem:Codex,0,0,Enter>menuitem:Provider[menu×1|f=menuitem:Provider|h=None]@16
chromium-dark-desktop › antd-session sub-enter paced sample 18,antd-session,submenu,sub-enter,,paced,18,Enter,none | menu×2 | @menuitem:Codex,0,0,Enter>menuitem:Provider[menu×1|f=menuitem:Provider|h=None]@7
chromium-dark-desktop › antd-session sub-enter paced sample 19,antd-session,submenu,sub-enter,,paced,19,Enter,none | menu×2 | @menuitem:Codex,0,0,Enter>menuitem:Provider[menu×1|f=menuitem:Provider|h=None]@16.5
chromium-dark-desktop › orbit-submenu sub-enter-enter burst sample 0,orbit-submenu,submenu,sub-enter-enter,sub-enter,burst,0,Enter Enter,none | menu×2 | @menuitem:Codex,1,0,Enter>menuitem:Provider[menu×1|f=menuitem:Provider|h=Provider]@8.2 ; Enter>menuitem:Provider[menu×2|f=menuitem:Provider|h=Codex]@24.2
chromium-dark-desktop › orbit-submenu sub-enter-enter burst sample 1,orbit-submenu,submenu,sub-enter-enter,sub-enter,burst,1,Enter Enter,none | menu×2 | @menuitem:Codex,1,0,Enter>menuitem:Provider[menu×1|f=menuitem:Provider|h=Provider]@14.7 ; Enter>menuitem:Provider[menu×2|f=menuitem:Provider|h=Codex]@32.1
chromium-dark-desktop › orbit-submenu sub-enter-enter burst sample 2,orbit-submenu,submenu,sub-enter-enter,sub-enter,burst,2,Enter Enter,none | menu×2 | @menuitem:Codex,1,0,Enter>menuitem:Provider[menu×1|f=menuitem:Provider|h=Provider]@16.5 ; Enter>menuitem:Provider[menu×2|f=menuitem:Provider|h=Codex]@30.4
chromium-dark-desktop › orbit-submenu sub-enter-enter burst sample 3,orbit-submenu,submenu,sub-enter-enter,sub-enter,burst,3,Enter Enter,none | menu×2 | @menuitem:Codex,1,0,Enter>menuitem:Provider[menu×1|f=menuitem:Provider|h=Provider]@14.7 ; Enter>menuitem:Provider[menu×2|f=menuitem:Provider|h=Codex]@30.4
chromium-dark-desktop › orbit-submenu sub-enter-enter burst sample 4,orbit-submenu,submenu,sub-enter-enter,sub-enter,burst,4,Enter Enter,none | menu×2 | @menuitem:Codex,1,0,Enter>menuitem:Provider[menu×1|f=menuitem:Provider|h=Provider]@8.9 ; Enter>menuitem:Provider[menu×2|f=menuitem:Provider|h=Codex]@22.9
chromium-dark-desktop › orbit-submenu sub-enter-enter burst sample 5,orbit-submenu,submenu,sub-enter-enter,sub-enter,burst,5,Enter Enter,none | menu×2 | @menuitem:Codex,1,0,Enter>menuitem:Provider[menu×1|f=menuitem:Provider|h=Provider]@17.2 ; Enter>menuitem:Provider[menu×2|f=menuitem:Provider|h=Codex]@31.5
chromium-dark-desktop › orbit-submenu sub-enter-enter burst sample 6,orbit-submenu,submenu,sub-enter-enter,sub-enter,burst,6,Enter Enter,none | menu×2 | @menuitem:Codex,1,0,Enter>menuitem:Provider[menu×1|f=menuitem:Provider|h=Provider]@18.9 ; Enter>menuitem:Provider[menu×2|f=menuitem:Provider|h=Codex]@35.1
chromium-dark-desktop › orbit-submenu sub-enter-enter burst sample 7,orbit-submenu,submenu,sub-enter-enter,sub-enter,burst,7,Enter Enter,none | menu×2 | @menuitem:Codex,1,0,Enter>menuitem:Provider[menu×1|f=menuitem:Provider|h=Provider]@15.8 ; Enter>menuitem:Provider[menu×2|f=menuitem:Provider|h=Codex]@30.1
chromium-dark-desktop › orbit-submenu sub-enter-enter burst sample 8,orbit-submenu,submenu,sub-enter-enter,sub-enter,burst,8,Enter Enter,none | menu×2 | @menuitem:Codex,1,0,Enter>menuitem:Provider[menu×1|f=menuitem:Provider|h=Provider]@9.6 ; Enter>menuitem:Provider[menu×2|f=menuitem:Provider|h=Codex]@23.5
chromium-dark-desktop › orbit-submenu sub-enter-enter burst sample 9,orbit-submenu,submenu,sub-enter-enter,sub-enter,burst,9,Enter Enter,none | menu×2 | @menuitem:Codex,1,0,Enter>menuitem:Provider[menu×1|f=menuitem:Provider|h=Provider]@5.8 ; Enter>menuitem:Provider[menu×2|f=menuitem:Provider|h=Codex]@20.9
chromium-dark-desktop › orbit-submenu sub-enter-enter burst sample 10,orbit-submenu,submenu,sub-enter-enter,sub-enter,burst,10,Enter Enter,none | menu×2 | @menuitem:Codex,1,0,Enter>menuitem:Provider[menu×1|f=menuitem:Provider|h=Provider]@12.8 ; Enter>menuitem:Provider[menu×2|f=menuitem:Provider|h=Codex]@27.3
chromium-dark-desktop › orbit-submenu sub-enter-enter burst sample 11,orbit-submenu,submenu,sub-enter-enter,sub-enter,burst,11,Enter Enter,none | menu×2 | @menuitem:Codex,1,0,Enter>menuitem:Provider[menu×1|f=menuitem:Provider|h=Provider]@15.3 ; Enter>menuitem:Provider[menu×2|f=menuitem:Provider|h=Codex]@31
chromium-dark-desktop › orbit-submenu sub-enter-enter burst sample 12,orbit-submenu,submenu,sub-enter-enter,sub-enter,burst,12,Enter Enter,none | menu×2 | @menuitem:Codex,1,0,Enter>menuitem:Provider[menu×1|f=menuitem:Provider|h=Provider]@20.1 ; Enter>menuitem:Provider[menu×2|f=menuitem:Provider|h=Codex]@34.1
chromium-dark-desktop › orbit-submenu sub-enter-enter burst sample 13,orbit-submenu,submenu,sub-enter-enter,sub-enter,burst,13,Enter Enter,none | menu×2 | @menuitem:Codex,1,0,Enter>menuitem:Provider[menu×1|f=menuitem:Provider|h=Provider]@15.9 ; Enter>menuitem:Provider[menu×2|f=menuitem:Provider|h=Codex]@29.8
chromium-dark-desktop › orbit-submenu sub-enter-enter burst sample 14,orbit-submenu,submenu,sub-enter-enter,sub-enter,burst,14,Enter Enter,none | menu×2 | @menuitem:Codex,1,0,Enter>menuitem:Provider[menu×1|f=menuitem:Provider|h=Provider]@10.2 ; Enter>menuitem:Provider[menu×2|f=menuitem:Provider|h=Codex]@26.6
chromium-dark-desktop › orbit-submenu sub-enter-enter burst sample 15,orbit-submenu,submenu,sub-enter-enter,sub-enter,burst,15,Enter Enter,none | menu×2 | @menuitem:Codex,1,0,Enter>menuitem:Provider[menu×1|f=menuitem:Provider|h=Provider]@10.9 ; Enter>menuitem:Provider[menu×2|f=menuitem:Provider|h=Codex]@24.8
chromium-dark-desktop › orbit-submenu sub-enter-enter burst sample 16,orbit-submenu,submenu,sub-enter-enter,sub-enter,burst,16,Enter Enter,none | menu×2 | @menuitem:Codex,1,0,Enter>menuitem:Provider[menu×1|f=menuitem:Provider|h=Provider]@19 ; Enter>menuitem:Provider[menu×2|f=menuitem:Provider|h=Codex]@38.2
chromium-dark-desktop › orbit-submenu sub-enter-enter burst sample 17,orbit-submenu,submenu,sub-enter-enter,sub-enter,burst,17,Enter Enter,none | menu×2 | @menuitem:Codex,1,0,Enter>menuitem:Provider[menu×1|f=menuitem:Provider|h=Provider]@15.8 ; Enter>menuitem:Provider[menu×2|f=menuitem:Provider|h=Codex]@31.4
chromium-dark-desktop › orbit-submenu sub-enter-enter burst sample 18,orbit-submenu,submenu,sub-enter-enter,sub-enter,burst,18,Enter Enter,none | menu×2 | @menuitem:Codex,1,0,Enter>menuitem:Provider[menu×1|f=menuitem:Provider|h=Provider]@7.8 ; Enter>menuitem:Provider[menu×2|f=menuitem:Provider|h=Codex]@22.2
chromium-dark-desktop › orbit-submenu sub-enter-enter burst sample 19,orbit-submenu,submenu,sub-enter-enter,sub-enter,burst,19,Enter Enter,none | menu×2 | @menuitem:Codex,1,0,Enter>menuitem:Provider[menu×1|f=menuitem:Provider|h=Provider]@5.4 ; Enter>menuitem:Provider[menu×2|f=menuitem:Provider|h=Codex]@21
chromium-dark-desktop › orbit-submenu sub-enter-enter paced sample 0,orbit-submenu,submenu,sub-enter-enter,sub-enter,paced,0,Enter Enter,Action=codex | none | @button:Session actions,0,0,Enter>menuitem:Provider[menu×1|f=menuitem:Provider|h=Provider]@14.2 ; Enter>menuitem:Codex[menu×2|f=menuitem:Codex|h=Codex]@340.6
chromium-dark-desktop › orbit-submenu sub-enter-enter paced sample 1,orbit-submenu,submenu,sub-enter-enter,sub-enter,paced,1,Enter Enter,Action=codex | none | @button:Session actions,0,0,Enter>menuitem:Provider[menu×1|f=menuitem:Provider|h=Provider]@9.6 ; Enter>menuitem:Codex[menu×2|f=menuitem:Codex|h=Codex]@331.5
chromium-dark-desktop › orbit-submenu sub-enter-enter paced sample 2,orbit-submenu,submenu,sub-enter-enter,sub-enter,paced,2,Enter Enter,Action=codex | none | @button:Session actions,0,0,Enter>menuitem:Provider[menu×1|f=menuitem:Provider|h=Provider]@20.5 ; Enter>menuitem:Codex[menu×2|f=menuitem:Codex|h=Codex]@342.7
chromium-dark-desktop › orbit-submenu sub-enter-enter paced sample 3,orbit-submenu,submenu,sub-enter-enter,sub-enter,paced,3,Enter Enter,Action=codex | none | @button:Session actions,0,0,Enter>menuitem:Provider[menu×1|f=menuitem:Provider|h=Provider]@10.9 ; Enter>menuitem:Codex[menu×2|f=menuitem:Codex|h=Codex]@340.4
chromium-dark-desktop › orbit-submenu sub-enter-enter paced sample 4,orbit-submenu,submenu,sub-enter-enter,sub-enter,paced,4,Enter Enter,Action=codex | none | @button:Session actions,0,0,Enter>menuitem:Provider[menu×1|f=menuitem:Provider|h=Provider]@20.2 ; Enter>menuitem:Codex[menu×2|f=menuitem:Codex|h=Codex]@346
chromium-dark-desktop › orbit-submenu sub-enter-enter paced sample 5,orbit-submenu,submenu,sub-enter-enter,sub-enter,paced,5,Enter Enter,Action=codex | none | @button:Session actions,0,0,Enter>menuitem:Provider[menu×1|f=menuitem:Provider|h=Provider]@10.3 ; Enter>menuitem:Codex[menu×2|f=menuitem:Codex|h=Codex]@332.6
chromium-dark-desktop › orbit-submenu sub-enter-enter paced sample 6,orbit-submenu,submenu,sub-enter-enter,sub-enter,paced,6,Enter Enter,Action=codex | none | @button:Session actions,0,0,Enter>menuitem:Provider[menu×1|f=menuitem:Provider|h=Provider]@14.9 ; Enter>menuitem:Codex[menu×2|f=menuitem:Codex|h=Codex]@338.6
chromium-dark-desktop › orbit-submenu sub-enter-enter paced sample 7,orbit-submenu,submenu,sub-enter-enter,sub-enter,paced,7,Enter Enter,Action=codex | none | @button:Session actions,0,0,Enter>menuitem:Provider[menu×1|f=menuitem:Provider|h=Provider]@16.2 ; Enter>menuitem:Codex[menu×2|f=menuitem:Codex|h=Codex]@343.8
chromium-dark-desktop › orbit-submenu sub-enter-enter paced sample 8,orbit-submenu,submenu,sub-enter-enter,sub-enter,paced,8,Enter Enter,Action=codex | none | @button:Session actions,0,0,Enter>menuitem:Provider[menu×1|f=menuitem:Provider|h=Provider]@7.1 ; Enter>menuitem:Codex[menu×2|f=menuitem:Codex|h=Codex]@331.2
chromium-dark-desktop › orbit-submenu sub-enter-enter paced sample 9,orbit-submenu,submenu,sub-enter-enter,sub-enter,paced,9,Enter Enter,Action=codex | none | @button:Session actions,0,0,Enter>menuitem:Provider[menu×1|f=menuitem:Provider|h=Provider]@5.8 ; Enter>menuitem:Codex[menu×2|f=menuitem:Codex|h=Codex]@326.9
chromium-dark-desktop › orbit-submenu sub-enter-enter paced sample 10,orbit-submenu,submenu,sub-enter-enter,sub-enter,paced,10,Enter Enter,Action=codex | none | @button:Session actions,0,0,Enter>menuitem:Provider[menu×1|f=menuitem:Provider|h=Provider]@5.5 ; Enter>menuitem:Codex[menu×2|f=menuitem:Codex|h=Codex]@324.9
chromium-dark-desktop › orbit-submenu sub-enter-enter paced sample 11,orbit-submenu,submenu,sub-enter-enter,sub-enter,paced,11,Enter Enter,Action=codex | none | @button:Session actions,0,0,Enter>menuitem:Provider[menu×1|f=menuitem:Provider|h=Provider]@4.9 ; Enter>menuitem:Codex[menu×2|f=menuitem:Codex|h=Codex]@327.5
chromium-dark-desktop › orbit-submenu sub-enter-enter paced sample 12,orbit-submenu,submenu,sub-enter-enter,sub-enter,paced,12,Enter Enter,Action=codex | none | @button:Session actions,0,0,Enter>menuitem:Provider[menu×1|f=menuitem:Provider|h=Provider]@15.7 ; Enter>menuitem:Codex[menu×2|f=menuitem:Codex|h=Codex]@339.6
chromium-dark-desktop › orbit-submenu sub-enter-enter paced sample 13,orbit-submenu,submenu,sub-enter-enter,sub-enter,paced,13,Enter Enter,Action=codex | none | @button:Session actions,0,0,Enter>menuitem:Provider[menu×1|f=menuitem:Provider|h=Provider]@15.6 ; Enter>menuitem:Codex[menu×2|f=menuitem:Codex|h=Codex]@337.4
chromium-dark-desktop › orbit-submenu sub-enter-enter paced sample 14,orbit-submenu,submenu,sub-enter-enter,sub-enter,paced,14,Enter Enter,Action=codex | none | @button:Session actions,0,0,Enter>menuitem:Provider[menu×1|f=menuitem:Provider|h=Provider]@12.2 ; Enter>menuitem:Codex[menu×2|f=menuitem:Codex|h=Codex]@333.8
chromium-dark-desktop › orbit-submenu sub-enter-enter paced sample 15,orbit-submenu,submenu,sub-enter-enter,sub-enter,paced,15,Enter Enter,Action=codex | none | @button:Session actions,0,0,Enter>menuitem:Provider[menu×1|f=menuitem:Provider|h=Provider]@15 ; Enter>menuitem:Codex[menu×2|f=menuitem:Codex|h=Codex]@338.9
chromium-dark-desktop › orbit-submenu sub-enter-enter paced sample 16,orbit-submenu,submenu,sub-enter-enter,sub-enter,paced,16,Enter Enter,Action=codex | none | @button:Session actions,0,0,Enter>menuitem:Provider[menu×1|f=menuitem:Provider|h=Provider]@11.6 ; Enter>menuitem:Codex[menu×2|f=menuitem:Codex|h=Codex]@338.3
chromium-dark-desktop › orbit-submenu sub-enter-enter paced sample 17,orbit-submenu,submenu,sub-enter-enter,sub-enter,paced,17,Enter Enter,Action=codex | none | @button:Session actions,0,0,Enter>menuitem:Provider[menu×1|f=menuitem:Provider|h=Provider]@19 ; Enter>menuitem:Codex[menu×2|f=menuitem:Codex|h=Codex]@341.2
chromium-dark-desktop › orbit-submenu sub-enter-enter paced sample 18,orbit-submenu,submenu,sub-enter-enter,sub-enter,paced,18,Enter Enter,Action=codex | none | @button:Session actions,0,0,Enter>menuitem:Provider[menu×1|f=menuitem:Provider|h=Provider]@13.4 ; Enter>menuitem:Codex[menu×2|f=menuitem:Codex|h=Codex]@335.9
chromium-dark-desktop › orbit-submenu sub-enter-enter paced sample 19,orbit-submenu,submenu,sub-enter-enter,sub-enter,paced,19,Enter Enter,Action=codex | none | @button:Session actions,0,0,Enter>menuitem:Provider[menu×1|f=menuitem:Provider|h=Provider]@13.9 ; Enter>menuitem:Codex[menu×2|f=menuitem:Codex|h=Codex]@341.7
chromium-dark-desktop › orbit-submenu-sample sub-enter-enter burst sample 0,orbit-submenu-sample,submenu,sub-enter-enter,sub-enter,burst,0,Enter Enter,none | menu×2 | @menuitem:Codex,1,0,Enter>menuitem:Provider[menu×1|f=menuitem:Provider|h=Provider]@12.6 ; Enter>menuitem:Provider[menu×2|f=menuitem:Provider|h=Codex]@26.3
chromium-dark-desktop › orbit-submenu-sample sub-enter-enter burst sample 1,orbit-submenu-sample,submenu,sub-enter-enter,sub-enter,burst,1,Enter Enter,none | menu×2 | @menuitem:Codex,1,0,Enter>menuitem:Provider[menu×1|f=menuitem:Provider|h=Provider]@8.9 ; Enter>menuitem:Provider[menu×2|f=menuitem:Provider|h=Codex]@25.2
chromium-dark-desktop › orbit-submenu-sample sub-enter-enter burst sample 2,orbit-submenu-sample,submenu,sub-enter-enter,sub-enter,burst,2,Enter Enter,none | menu×2 | @menuitem:Codex,1,0,Enter>menuitem:Provider[menu×1|f=menuitem:Provider|h=Provider]@8.8 ; Enter>menuitem:Provider[menu×2|f=menuitem:Provider|h=Codex]@25.3
chromium-dark-desktop › orbit-submenu-sample sub-enter-enter burst sample 3,orbit-submenu-sample,submenu,sub-enter-enter,sub-enter,burst,3,Enter Enter,none | menu×2 | @menuitem:Codex,1,0,Enter>menuitem:Provider[menu×1|f=menuitem:Provider|h=Provider]@15.9 ; Enter>menuitem:Provider[menu×2|f=menuitem:Provider|h=Codex]@29.5
chromium-dark-desktop › orbit-submenu-sample sub-enter-enter burst sample 4,orbit-submenu-sample,submenu,sub-enter-enter,sub-enter,burst,4,Enter Enter,none | menu×2 | @menuitem:Codex,1,0,Enter>menuitem:Provider[menu×1|f=menuitem:Provider|h=Provider]@11.8 ; Enter>menuitem:Provider[menu×2|f=menuitem:Provider|h=Codex]@25.8
chromium-dark-desktop › orbit-submenu-sample sub-enter-enter burst sample 5,orbit-submenu-sample,submenu,sub-enter-enter,sub-enter,burst,5,Enter Enter,none | menu×2 | @menuitem:Codex,1,0,Enter>menuitem:Provider[menu×1|f=menuitem:Provider|h=Provider]@19.8 ; Enter>menuitem:Provider[menu×2|f=menuitem:Provider|h=Codex]@37.5
chromium-dark-desktop › orbit-submenu-sample sub-enter-enter burst sample 6,orbit-submenu-sample,submenu,sub-enter-enter,sub-enter,burst,6,Enter Enter,none | menu×2 | @menuitem:Codex,1,0,Enter>menuitem:Provider[menu×1|f=menuitem:Provider|h=Provider]@10.7 ; Enter>menuitem:Provider[menu×2|f=menuitem:Provider|h=Codex]@25
chromium-dark-desktop › orbit-submenu-sample sub-enter-enter burst sample 7,orbit-submenu-sample,submenu,sub-enter-enter,sub-enter,burst,7,Enter Enter,none | menu×2 | @menuitem:Codex,1,0,Enter>menuitem:Provider[menu×1|f=menuitem:Provider|h=Provider]@9.4 ; Enter>menuitem:Provider[menu×2|f=menuitem:Provider|h=Codex]@24.7
chromium-dark-desktop › orbit-submenu-sample sub-enter-enter burst sample 8,orbit-submenu-sample,submenu,sub-enter-enter,sub-enter,burst,8,Enter Enter,none | menu×2 | @menuitem:Codex,1,0,Enter>menuitem:Provider[menu×1|f=menuitem:Provider|h=Provider]@18.7 ; Enter>menuitem:Provider[menu×2|f=menuitem:Provider|h=Codex]@35.3
chromium-dark-desktop › orbit-submenu-sample sub-enter-enter burst sample 9,orbit-submenu-sample,submenu,sub-enter-enter,sub-enter,burst,9,Enter Enter,none | menu×2 | @menuitem:Codex,1,0,Enter>menuitem:Provider[menu×1|f=menuitem:Provider|h=Provider]@24.7 ; Enter>menuitem:Provider[menu×2|f=menuitem:Provider|h=Codex]@39
chromium-dark-desktop › orbit-submenu-sample sub-enter-enter burst sample 10,orbit-submenu-sample,submenu,sub-enter-enter,sub-enter,burst,10,Enter Enter,none | menu×2 | @menuitem:Codex,1,0,Enter>menuitem:Provider[menu×1|f=menuitem:Provider|h=Provider]@5.5 ; Enter>menuitem:Provider[menu×2|f=menuitem:Provider|h=Codex]@19.5
chromium-dark-desktop › orbit-submenu-sample sub-enter-enter burst sample 11,orbit-submenu-sample,submenu,sub-enter-enter,sub-enter,burst,11,Enter Enter,none | menu×2 | @menuitem:Codex,1,0,Enter>menuitem:Provider[menu×1|f=menuitem:Provider|h=Provider]@10 ; Enter>menuitem:Provider[menu×2|f=menuitem:Provider|h=Codex]@24.7
chromium-dark-desktop › orbit-submenu-sample sub-enter-enter burst sample 12,orbit-submenu-sample,submenu,sub-enter-enter,sub-enter,burst,12,Enter Enter,none | menu×2 | @menuitem:Codex,1,0,Enter>menuitem:Provider[menu×1|f=menuitem:Provider|h=Provider]@9.9 ; Enter>menuitem:Provider[menu×2|f=menuitem:Provider|h=Codex]@24.6
chromium-dark-desktop › orbit-submenu-sample sub-enter-enter burst sample 13,orbit-submenu-sample,submenu,sub-enter-enter,sub-enter,burst,13,Enter Enter,none | menu×2 | @menuitem:Codex,1,0,Enter>menuitem:Provider[menu×1|f=menuitem:Provider|h=Provider]@8.2 ; Enter>menuitem:Provider[menu×2|f=menuitem:Provider|h=Codex]@22
chromium-dark-desktop › orbit-submenu-sample sub-enter-enter burst sample 14,orbit-submenu-sample,submenu,sub-enter-enter,sub-enter,burst,14,Enter Enter,none | menu×2 | @menuitem:Codex,1,0,Enter>menuitem:Provider[menu×1|f=menuitem:Provider|h=Provider]@12.5 ; Enter>menuitem:Provider[menu×2|f=menuitem:Provider|h=Codex]@26.2
chromium-dark-desktop › orbit-submenu-sample sub-enter-enter burst sample 15,orbit-submenu-sample,submenu,sub-enter-enter,sub-enter,burst,15,Enter Enter,none | menu×2 | @menuitem:Codex,1,0,Enter>menuitem:Provider[menu×1|f=menuitem:Provider|h=Provider]@13.6 ; Enter>menuitem:Provider[menu×2|f=menuitem:Provider|h=Codex]@30.3
chromium-dark-desktop › orbit-submenu-sample sub-enter-enter burst sample 16,orbit-submenu-sample,submenu,sub-enter-enter,sub-enter,burst,16,Enter Enter,none | menu×2 | @menuitem:Codex,1,0,Enter>menuitem:Provider[menu×1|f=menuitem:Provider|h=Provider]@4.2 ; Enter>menuitem:Provider[menu×2|f=menuitem:Provider|h=Codex]@19
chromium-dark-desktop › orbit-submenu-sample sub-enter-enter burst sample 17,orbit-submenu-sample,submenu,sub-enter-enter,sub-enter,burst,17,Enter Enter,none | menu×2 | @menuitem:Codex,1,0,Enter>menuitem:Provider[menu×1|f=menuitem:Provider|h=Provider]@3.5 ; Enter>menuitem:Provider[menu×2|f=menuitem:Provider|h=Codex]@17.5
chromium-dark-desktop › orbit-submenu-sample sub-enter-enter burst sample 18,orbit-submenu-sample,submenu,sub-enter-enter,sub-enter,burst,18,Enter Enter,none | menu×2 | @menuitem:Codex,1,0,Enter>menuitem:Provider[menu×1|f=menuitem:Provider|h=Provider]@11.8 ; Enter>menuitem:Provider[menu×2|f=menuitem:Provider|h=Codex]@26.2
chromium-dark-desktop › orbit-submenu-sample sub-enter-enter burst sample 19,orbit-submenu-sample,submenu,sub-enter-enter,sub-enter,burst,19,Enter Enter,none | menu×2 | @menuitem:Codex,1,0,Enter>menuitem:Provider[menu×1|f=menuitem:Provider|h=Provider]@14.2 ; Enter>menuitem:Provider[menu×2|f=menuitem:Provider|h=Codex]@28.5
chromium-dark-desktop › orbit-submenu-sample sub-enter-enter paced sample 0,orbit-submenu-sample,submenu,sub-enter-enter,sub-enter,paced,0,Enter Enter,ran Codex | none | @button:Add attachment,0,0,Enter>menuitem:Provider[menu×1|f=menuitem:Provider|h=Provider]@15.3 ; Enter>menuitem:Codex[menu×2|f=menuitem:Codex|h=Codex]@334.4
chromium-dark-desktop › orbit-submenu-sample sub-enter-enter paced sample 1,orbit-submenu-sample,submenu,sub-enter-enter,sub-enter,paced,1,Enter Enter,ran Codex | none | @button:Add attachment,0,0,Enter>menuitem:Provider[menu×1|f=menuitem:Provider|h=Provider]@19.1 ; Enter>menuitem:Codex[menu×2|f=menuitem:Codex|h=Codex]@340.2
chromium-dark-desktop › orbit-submenu-sample sub-enter-enter paced sample 2,orbit-submenu-sample,submenu,sub-enter-enter,sub-enter,paced,2,Enter Enter,ran Codex | none | @button:Add attachment,0,0,Enter>menuitem:Provider[menu×1|f=menuitem:Provider|h=Provider]@19.1 ; Enter>menuitem:Codex[menu×2|f=menuitem:Codex|h=Codex]@336.3
chromium-dark-desktop › orbit-submenu-sample sub-enter-enter paced sample 3,orbit-submenu-sample,submenu,sub-enter-enter,sub-enter,paced,3,Enter Enter,ran Codex | none | @button:Add attachment,0,0,Enter>menuitem:Provider[menu×1|f=menuitem:Provider|h=Provider]@10.9 ; Enter>menuitem:Codex[menu×2|f=menuitem:Codex|h=Codex]@332.2
chromium-dark-desktop › orbit-submenu-sample sub-enter-enter paced sample 4,orbit-submenu-sample,submenu,sub-enter-enter,sub-enter,paced,4,Enter Enter,ran Codex | none | @button:Add attachment,0,0,Enter>menuitem:Provider[menu×1|f=menuitem:Provider|h=Provider]@12.6 ; Enter>menuitem:Codex[menu×2|f=menuitem:Codex|h=Codex]@336.1
chromium-dark-desktop › orbit-submenu-sample sub-enter-enter paced sample 5,orbit-submenu-sample,submenu,sub-enter-enter,sub-enter,paced,5,Enter Enter,ran Codex | none | @button:Add attachment,0,0,Enter>menuitem:Provider[menu×1|f=menuitem:Provider|h=Provider]@5.4 ; Enter>menuitem:Codex[menu×2|f=menuitem:Codex|h=Codex]@328.7
chromium-dark-desktop › orbit-submenu-sample sub-enter-enter paced sample 6,orbit-submenu-sample,submenu,sub-enter-enter,sub-enter,paced,6,Enter Enter,ran Codex | none | @button:Add attachment,0,0,Enter>menuitem:Provider[menu×1|f=menuitem:Provider|h=Provider]@10.5 ; Enter>menuitem:Codex[menu×2|f=menuitem:Codex|h=Codex]@331.5
chromium-dark-desktop › orbit-submenu-sample sub-enter-enter paced sample 7,orbit-submenu-sample,submenu,sub-enter-enter,sub-enter,paced,7,Enter Enter,ran Codex | none | @button:Add attachment,0,0,Enter>menuitem:Provider[menu×1|f=menuitem:Provider|h=Provider]@6 ; Enter>menuitem:Codex[menu×2|f=menuitem:Codex|h=Codex]@323.3
chromium-dark-desktop › orbit-submenu-sample sub-enter-enter paced sample 8,orbit-submenu-sample,submenu,sub-enter-enter,sub-enter,paced,8,Enter Enter,ran Codex | none | @button:Add attachment,0,0,Enter>menuitem:Provider[menu×1|f=menuitem:Provider|h=Provider]@10.4 ; Enter>menuitem:Codex[menu×2|f=menuitem:Codex|h=Codex]@329.3
chromium-dark-desktop › orbit-submenu-sample sub-enter-enter paced sample 9,orbit-submenu-sample,submenu,sub-enter-enter,sub-enter,paced,9,Enter Enter,ran Codex | none | @button:Add attachment,0,0,Enter>menuitem:Provider[menu×1|f=menuitem:Provider|h=Provider]@3.5 ; Enter>menuitem:Codex[menu×2|f=menuitem:Codex|h=Codex]@323
chromium-dark-desktop › orbit-submenu-sample sub-enter-enter paced sample 10,orbit-submenu-sample,submenu,sub-enter-enter,sub-enter,paced,10,Enter Enter,ran Codex | none | @button:Add attachment,0,0,Enter>menuitem:Provider[menu×1|f=menuitem:Provider|h=Provider]@5.7 ; Enter>menuitem:Codex[menu×2|f=menuitem:Codex|h=Codex]@331.1
chromium-dark-desktop › orbit-submenu-sample sub-enter-enter paced sample 11,orbit-submenu-sample,submenu,sub-enter-enter,sub-enter,paced,11,Enter Enter,ran Codex | none | @button:Add attachment,0,0,Enter>menuitem:Provider[menu×1|f=menuitem:Provider|h=Provider]@4.2 ; Enter>menuitem:Codex[menu×2|f=menuitem:Codex|h=Codex]@321.2
chromium-dark-desktop › orbit-submenu-sample sub-enter-enter paced sample 12,orbit-submenu-sample,submenu,sub-enter-enter,sub-enter,paced,12,Enter Enter,ran Codex | none | @button:Add attachment,0,0,Enter>menuitem:Provider[menu×1|f=menuitem:Provider|h=Provider]@10.6 ; Enter>menuitem:Codex[menu×2|f=menuitem:Codex|h=Codex]@333.2
chromium-dark-desktop › orbit-submenu-sample sub-enter-enter paced sample 13,orbit-submenu-sample,submenu,sub-enter-enter,sub-enter,paced,13,Enter Enter,ran Codex | none | @button:Add attachment,0,0,Enter>menuitem:Provider[menu×1|f=menuitem:Provider|h=Provider]@6.7 ; Enter>menuitem:Codex[menu×2|f=menuitem:Codex|h=Codex]@324.4
chromium-dark-desktop › orbit-submenu-sample sub-enter-enter paced sample 14,orbit-submenu-sample,submenu,sub-enter-enter,sub-enter,paced,14,Enter Enter,ran Codex | none | @button:Add attachment,0,0,Enter>menuitem:Provider[menu×1|f=menuitem:Provider|h=Provider]@13.4 ; Enter>menuitem:Codex[menu×2|f=menuitem:Codex|h=Codex]@341.7
chromium-dark-desktop › orbit-submenu-sample sub-enter-enter paced sample 15,orbit-submenu-sample,submenu,sub-enter-enter,sub-enter,paced,15,Enter Enter,ran Codex | none | @button:Add attachment,0,0,Enter>menuitem:Provider[menu×1|f=menuitem:Provider|h=Provider]@12.8 ; Enter>menuitem:Codex[menu×2|f=menuitem:Codex|h=Codex]@337.6
chromium-dark-desktop › orbit-submenu-sample sub-enter-enter paced sample 16,orbit-submenu-sample,submenu,sub-enter-enter,sub-enter,paced,16,Enter Enter,ran Codex | none | @button:Add attachment,0,0,Enter>menuitem:Provider[menu×1|f=menuitem:Provider|h=Provider]@8.5 ; Enter>menuitem:Codex[menu×2|f=menuitem:Codex|h=Codex]@331.6
chromium-dark-desktop › orbit-submenu-sample sub-enter-enter paced sample 17,orbit-submenu-sample,submenu,sub-enter-enter,sub-enter,paced,17,Enter Enter,ran Codex | none | @button:Add attachment,0,0,Enter>menuitem:Provider[menu×1|f=menuitem:Provider|h=Provider]@4.5 ; Enter>menuitem:Codex[menu×2|f=menuitem:Codex|h=Codex]@326.8
chromium-dark-desktop › orbit-submenu-sample sub-enter-enter paced sample 18,orbit-submenu-sample,submenu,sub-enter-enter,sub-enter,paced,18,Enter Enter,ran Codex | none | @button:Add attachment,0,0,Enter>menuitem:Provider[menu×1|f=menuitem:Provider|h=Provider]@4.9 ; Enter>menuitem:Codex[menu×2|f=menuitem:Codex|h=Codex]@321.6
chromium-dark-desktop › orbit-submenu-sample sub-enter-enter paced sample 19,orbit-submenu-sample,submenu,sub-enter-enter,sub-enter,paced,19,Enter Enter,ran Codex | none | @button:Add attachment,0,0,Enter>menuitem:Provider[menu×1|f=menuitem:Provider|h=Provider]@15.2 ; Enter>menuitem:Codex[menu×2|f=menuitem:Codex|h=Codex]@337.1
chromium-dark-desktop › antd-submenu sub-enter-enter burst sample 0,antd-submenu,submenu,sub-enter-enter,sub-enter,burst,0,Enter Enter,none | menu×2 | @menuitem:Codex,0,0,Enter>menuitem:Provider[menu×1|f=menuitem:Provider|h=None]@12.2 ; Enter>menuitem:Provider[menu×1|f=menuitem:Provider|h=None]@15.2
chromium-dark-desktop › antd-submenu sub-enter-enter burst sample 1,antd-submenu,submenu,sub-enter-enter,sub-enter,burst,1,Enter Enter,none | menu×2 | @menuitem:Codex,0,0,Enter>menuitem:Provider[menu×1|f=menuitem:Provider|h=None]@13.3 ; Enter>menuitem:Provider[menu×1|f=menuitem:Provider|h=None]@16.4
chromium-dark-desktop › antd-submenu sub-enter-enter burst sample 2,antd-submenu,submenu,sub-enter-enter,sub-enter,burst,2,Enter Enter,none | menu×2 | @menuitem:Codex,0,0,Enter>menuitem:Provider[menu×1|f=menuitem:Provider|h=None]@6 ; Enter>menuitem:Provider[menu×1|f=menuitem:Provider|h=None]@9.1
chromium-dark-desktop › antd-submenu sub-enter-enter burst sample 3,antd-submenu,submenu,sub-enter-enter,sub-enter,burst,3,Enter Enter,none | menu×2 | @menuitem:Codex,0,0,Enter>menuitem:Provider[menu×1|f=menuitem:Provider|h=None]@8.3 ; Enter>menuitem:Provider[menu×1|f=menuitem:Provider|h=None]@11.4
chromium-dark-desktop › antd-submenu sub-enter-enter burst sample 4,antd-submenu,submenu,sub-enter-enter,sub-enter,burst,4,Enter Enter,none | menu×2 | @menuitem:Codex,0,0,Enter>menuitem:Provider[menu×1|f=menuitem:Provider|h=None]@18.5 ; Enter>menuitem:Provider[menu×1|f=menuitem:Provider|h=None]@21.4
chromium-dark-desktop › antd-submenu sub-enter-enter burst sample 5,antd-submenu,submenu,sub-enter-enter,sub-enter,burst,5,Enter Enter,none | menu×2 | @menuitem:Codex,0,0,Enter>menuitem:Provider[menu×1|f=menuitem:Provider|h=None]@15.3 ; Enter>menuitem:Provider[menu×1|f=menuitem:Provider|h=None]@18.3
chromium-dark-desktop › antd-submenu sub-enter-enter burst sample 6,antd-submenu,submenu,sub-enter-enter,sub-enter,burst,6,Enter Enter,none | menu×2 | @menuitem:Codex,0,0,Enter>menuitem:Provider[menu×1|f=menuitem:Provider|h=None]@20.2 ; Enter>menuitem:Provider[menu×1|f=menuitem:Provider|h=None]@23.3
chromium-dark-desktop › antd-submenu sub-enter-enter burst sample 7,antd-submenu,submenu,sub-enter-enter,sub-enter,burst,7,Enter Enter,none | menu×2 | @menuitem:Codex,0,0,Enter>menuitem:Provider[menu×1|f=menuitem:Provider|h=None]@7.4 ; Enter>menuitem:Provider[menu×1|f=menuitem:Provider|h=None]@10.3
chromium-dark-desktop › antd-submenu sub-enter-enter burst sample 8,antd-submenu,submenu,sub-enter-enter,sub-enter,burst,8,Enter Enter,none | menu×2 | @menuitem:Codex,0,0,Enter>menuitem:Provider[menu×1|f=menuitem:Provider|h=None]@9.2 ; Enter>menuitem:Provider[menu×1|f=menuitem:Provider|h=None]@12.2
chromium-dark-desktop › antd-submenu sub-enter-enter burst sample 9,antd-submenu,submenu,sub-enter-enter,sub-enter,burst,9,Enter Enter,none | menu×2 | @menuitem:Codex,0,0,Enter>menuitem:Provider[menu×1|f=menuitem:Provider|h=None]@17.8 ; Enter>menuitem:Provider[menu×1|f=menuitem:Provider|h=None]@20.9
chromium-dark-desktop › antd-submenu sub-enter-enter burst sample 10,antd-submenu,submenu,sub-enter-enter,sub-enter,burst,10,Enter Enter,none | menu×2 | @menuitem:Codex,0,0,Enter>menuitem:Provider[menu×1|f=menuitem:Provider|h=None]@18.8 ; Enter>menuitem:Provider[menu×1|f=menuitem:Provider|h=None]@21.7
chromium-dark-desktop › antd-submenu sub-enter-enter burst sample 11,antd-submenu,submenu,sub-enter-enter,sub-enter,burst,11,Enter Enter,none | menu×2 | @menuitem:Codex,0,0,Enter>menuitem:Provider[menu×1|f=menuitem:Provider|h=None]@16.9 ; Enter>menuitem:Provider[menu×1|f=menuitem:Provider|h=None]@20.2
chromium-dark-desktop › antd-submenu sub-enter-enter burst sample 12,antd-submenu,submenu,sub-enter-enter,sub-enter,burst,12,Enter Enter,none | menu×2 | @menuitem:Codex,0,0,Enter>menuitem:Provider[menu×1|f=menuitem:Provider|h=None]@8.5 ; Enter>menuitem:Provider[menu×1|f=menuitem:Provider|h=None]@11.7
chromium-dark-desktop › antd-submenu sub-enter-enter burst sample 13,antd-submenu,submenu,sub-enter-enter,sub-enter,burst,13,Enter Enter,none | menu×2 | @menuitem:Codex,0,0,Enter>menuitem:Provider[menu×1|f=menuitem:Provider|h=None]@8.7 ; Enter>menuitem:Provider[menu×1|f=menuitem:Provider|h=None]@12.1
chromium-dark-desktop › antd-submenu sub-enter-enter burst sample 14,antd-submenu,submenu,sub-enter-enter,sub-enter,burst,14,Enter Enter,none | menu×2 | @menuitem:Codex,0,0,Enter>menuitem:Provider[menu×1|f=menuitem:Provider|h=None]@17.9 ; Enter>menuitem:Provider[menu×1|f=menuitem:Provider|h=None]@20.9
chromium-dark-desktop › antd-submenu sub-enter-enter burst sample 15,antd-submenu,submenu,sub-enter-enter,sub-enter,burst,15,Enter Enter,none | menu×2 | @menuitem:Codex,0,0,Enter>menuitem:Provider[menu×1|f=menuitem:Provider|h=None]@7.7 ; Enter>menuitem:Provider[menu×1|f=menuitem:Provider|h=None]@11.4
chromium-dark-desktop › antd-submenu sub-enter-enter burst sample 16,antd-submenu,submenu,sub-enter-enter,sub-enter,burst,16,Enter Enter,none | menu×2 | @menuitem:Codex,0,0,Enter>menuitem:Provider[menu×1|f=menuitem:Provider|h=None]@8.6 ; Enter>menuitem:Provider[menu×1|f=menuitem:Provider|h=None]@11.7
chromium-dark-desktop › antd-submenu sub-enter-enter burst sample 17,antd-submenu,submenu,sub-enter-enter,sub-enter,burst,17,Enter Enter,none | menu×2 | @menuitem:Codex,0,0,Enter>menuitem:Provider[menu×1|f=menuitem:Provider|h=None]@8.3 ; Enter>menuitem:Provider[menu×1|f=menuitem:Provider|h=None]@11.6
chromium-dark-desktop › antd-submenu sub-enter-enter burst sample 18,antd-submenu,submenu,sub-enter-enter,sub-enter,burst,18,Enter Enter,none | menu×2 | @menuitem:Codex,0,0,Enter>menuitem:Provider[menu×1|f=menuitem:Provider|h=None]@20.4 ; Enter>menuitem:Provider[menu×1|f=menuitem:Provider|h=None]@23.4
chromium-dark-desktop › antd-submenu sub-enter-enter burst sample 19,antd-submenu,submenu,sub-enter-enter,sub-enter,burst,19,Enter Enter,none | menu×2 | @menuitem:Codex,0,0,Enter>menuitem:Provider[menu×1|f=menuitem:Provider|h=None]@5.1 ; Enter>menuitem:Provider[menu×1|f=menuitem:Provider|h=None]@8.7
chromium-dark-desktop › antd-submenu sub-enter-enter paced sample 0,antd-submenu,submenu,sub-enter-enter,sub-enter,paced,0,Enter Enter,ran Codex | menu×1 | @menuitem:Codex,0,0,Enter>menuitem:Provider[menu×1|f=menuitem:Provider|h=None]@14 ; Enter>menuitem:Codex[menu×2|f=menuitem:Codex|h=None]@320.4
chromium-dark-desktop › antd-submenu sub-enter-enter paced sample 1,antd-submenu,submenu,sub-enter-enter,sub-enter,paced,1,Enter Enter,ran Codex | menu×1 | @menuitem:Codex,0,0,Enter>menuitem:Provider[menu×1|f=menuitem:Provider|h=None]@13.4 ; Enter>menuitem:Codex[menu×2|f=menuitem:Codex|h=None]@319.8
chromium-dark-desktop › antd-submenu sub-enter-enter paced sample 2,antd-submenu,submenu,sub-enter-enter,sub-enter,paced,2,Enter Enter,ran Codex | menu×1 | @menuitem:Codex,0,0,Enter>menuitem:Provider[menu×1|f=menuitem:Provider|h=None]@15.1 ; Enter>menuitem:Codex[menu×2|f=menuitem:Codex|h=None]@322.7
chromium-dark-desktop › antd-submenu sub-enter-enter paced sample 3,antd-submenu,submenu,sub-enter-enter,sub-enter,paced,3,Enter Enter,ran Codex | menu×1 | @menuitem:Codex,0,0,Enter>menuitem:Provider[menu×1|f=menuitem:Provider|h=None]@13.7 ; Enter>menuitem:Codex[menu×2|f=menuitem:Codex|h=None]@321.1
chromium-dark-desktop › antd-submenu sub-enter-enter paced sample 4,antd-submenu,submenu,sub-enter-enter,sub-enter,paced,4,Enter Enter,ran Codex | menu×1 | @menuitem:Codex,0,0,Enter>menuitem:Provider[menu×1|f=menuitem:Provider|h=None]@18.4 ; Enter>menuitem:Codex[menu×2|f=menuitem:Codex|h=None]@325.4
chromium-dark-desktop › antd-submenu sub-enter-enter paced sample 5,antd-submenu,submenu,sub-enter-enter,sub-enter,paced,5,Enter Enter,ran Codex | menu×1 | @menuitem:Codex,0,0,Enter>menuitem:Provider[menu×1|f=menuitem:Provider|h=None]@8.2 ; Enter>menuitem:Codex[menu×2|f=menuitem:Codex|h=None]@316.3
chromium-dark-desktop › antd-submenu sub-enter-enter paced sample 6,antd-submenu,submenu,sub-enter-enter,sub-enter,paced,6,Enter Enter,ran Codex | menu×1 | @menuitem:Codex,0,0,Enter>menuitem:Provider[menu×1|f=menuitem:Provider|h=None]@10.4 ; Enter>menuitem:Codex[menu×2|f=menuitem:Codex|h=None]@318.4
chromium-dark-desktop › antd-submenu sub-enter-enter paced sample 7,antd-submenu,submenu,sub-enter-enter,sub-enter,paced,7,Enter Enter,ran Codex | menu×1 | @menuitem:Codex,0,0,Enter>menuitem:Provider[menu×1|f=menuitem:Provider|h=None]@8.9 ; Enter>menuitem:Codex[menu×2|f=menuitem:Codex|h=None]@316.6
chromium-dark-desktop › antd-submenu sub-enter-enter paced sample 8,antd-submenu,submenu,sub-enter-enter,sub-enter,paced,8,Enter Enter,ran Codex | menu×1 | @menuitem:Codex,0,0,Enter>menuitem:Provider[menu×1|f=menuitem:Provider|h=None]@12.8 ; Enter>menuitem:Codex[menu×2|f=menuitem:Codex|h=None]@320.1
chromium-dark-desktop › antd-submenu sub-enter-enter paced sample 9,antd-submenu,submenu,sub-enter-enter,sub-enter,paced,9,Enter Enter,ran Codex | menu×1 | @menuitem:Codex,0,0,Enter>menuitem:Provider[menu×1|f=menuitem:Provider|h=None]@7.4 ; Enter>menuitem:Codex[menu×2|f=menuitem:Codex|h=None]@313.8
chromium-dark-desktop › antd-submenu sub-enter-enter paced sample 10,antd-submenu,submenu,sub-enter-enter,sub-enter,paced,10,Enter Enter,ran Codex | menu×1 | @menuitem:Codex,0,0,Enter>menuitem:Provider[menu×1|f=menuitem:Provider|h=None]@7.8 ; Enter>menuitem:Codex[menu×2|f=menuitem:Codex|h=None]@313.8
chromium-dark-desktop › antd-submenu sub-enter-enter paced sample 11,antd-submenu,submenu,sub-enter-enter,sub-enter,paced,11,Enter Enter,ran Codex | menu×1 | @menuitem:Codex,0,0,Enter>menuitem:Provider[menu×1|f=menuitem:Provider|h=None]@16.1 ; Enter>menuitem:Codex[menu×2|f=menuitem:Codex|h=None]@323
chromium-dark-desktop › antd-submenu sub-enter-enter paced sample 12,antd-submenu,submenu,sub-enter-enter,sub-enter,paced,12,Enter Enter,ran Codex | menu×1 | @menuitem:Codex,0,0,Enter>menuitem:Provider[menu×1|f=menuitem:Provider|h=None]@8.6 ; Enter>menuitem:Codex[menu×2|f=menuitem:Codex|h=None]@314.9
chromium-dark-desktop › antd-submenu sub-enter-enter paced sample 13,antd-submenu,submenu,sub-enter-enter,sub-enter,paced,13,Enter Enter,ran Codex | menu×1 | @menuitem:Codex,0,0,Enter>menuitem:Provider[menu×1|f=menuitem:Provider|h=None]@18.4 ; Enter>menuitem:Codex[menu×2|f=menuitem:Codex|h=None]@325.8
chromium-dark-desktop › antd-submenu sub-enter-enter paced sample 14,antd-submenu,submenu,sub-enter-enter,sub-enter,paced,14,Enter Enter,ran Codex | menu×1 | @menuitem:Codex,0,0,Enter>menuitem:Provider[menu×1|f=menuitem:Provider|h=None]@15.4 ; Enter>menuitem:Codex[menu×2|f=menuitem:Codex|h=None]@322.1
chromium-dark-desktop › antd-submenu sub-enter-enter paced sample 15,antd-submenu,submenu,sub-enter-enter,sub-enter,paced,15,Enter Enter,ran Codex | menu×1 | @menuitem:Codex,0,0,Enter>menuitem:Provider[menu×1|f=menuitem:Provider|h=None]@8.5 ; Enter>menuitem:Codex[menu×2|f=menuitem:Codex|h=None]@314.8
chromium-dark-desktop › antd-submenu sub-enter-enter paced sample 16,antd-submenu,submenu,sub-enter-enter,sub-enter,paced,16,Enter Enter,ran Codex | menu×1 | @menuitem:Codex,0,0,Enter>menuitem:Provider[menu×1|f=menuitem:Provider|h=None]@7.4 ; Enter>menuitem:Codex[menu×2|f=menuitem:Codex|h=None]@314
chromium-dark-desktop › antd-submenu sub-enter-enter paced sample 17,antd-submenu,submenu,sub-enter-enter,sub-enter,paced,17,Enter Enter,ran Codex | menu×1 | @menuitem:Codex,0,0,Enter>menuitem:Provider[menu×1|f=menuitem:Provider|h=None]@10.8 ; Enter>menuitem:Codex[menu×2|f=menuitem:Codex|h=None]@316.7
chromium-dark-desktop › antd-submenu sub-enter-enter paced sample 18,antd-submenu,submenu,sub-enter-enter,sub-enter,paced,18,Enter Enter,ran Codex | menu×1 | @menuitem:Codex,0,0,Enter>menuitem:Provider[menu×1|f=menuitem:Provider|h=None]@6.2 ; Enter>menuitem:Codex[menu×2|f=menuitem:Codex|h=None]@313.8
chromium-dark-desktop › antd-submenu sub-enter-enter paced sample 19,antd-submenu,submenu,sub-enter-enter,sub-enter,paced,19,Enter Enter,ran Codex | menu×1 | @menuitem:Codex,0,0,Enter>menuitem:Provider[menu×1|f=menuitem:Provider|h=None]@3 ; Enter>menuitem:Codex[menu×2|f=menuitem:Codex|h=None]@308.8
chromium-dark-desktop › orbit-session sub-enter-enter burst sample 0,orbit-session,submenu,sub-enter-enter,sub-enter,burst,0,Enter Enter,none | menu×2 | @menuitem:Codex,1,0,Enter>menuitem:Provider[menu×1|f=menuitem:Provider|h=Provider]@18.2 ; Enter>menuitem:Provider[menu×2|f=menuitem:Provider|h=Codex]@32.7
chromium-dark-desktop › orbit-session sub-enter-enter burst sample 1,orbit-session,submenu,sub-enter-enter,sub-enter,burst,1,Enter Enter,none | menu×2 | @menuitem:Codex,1,0,Enter>menuitem:Provider[menu×1|f=menuitem:Provider|h=Provider]@13 ; Enter>menuitem:Provider[menu×2|f=menuitem:Provider|h=Codex]@28.3
chromium-dark-desktop › orbit-session sub-enter-enter burst sample 2,orbit-session,submenu,sub-enter-enter,sub-enter,burst,2,Enter Enter,none | menu×2 | @menuitem:Codex,1,0,Enter>menuitem:Provider[menu×1|f=menuitem:Provider|h=Provider]@11 ; Enter>menuitem:Provider[menu×2|f=menuitem:Provider|h=Codex]@26.6
chromium-dark-desktop › orbit-session sub-enter-enter burst sample 3,orbit-session,submenu,sub-enter-enter,sub-enter,burst,3,Enter Enter,none | menu×2 | @menuitem:Codex,1,0,Enter>menuitem:Provider[menu×1|f=menuitem:Provider|h=Provider]@5.5 ; Enter>menuitem:Provider[menu×2|f=menuitem:Provider|h=Codex]@20.5
chromium-dark-desktop › orbit-session sub-enter-enter burst sample 4,orbit-session,submenu,sub-enter-enter,sub-enter,burst,4,Enter Enter,none | menu×2 | @menuitem:Codex,1,0,Enter>menuitem:Provider[menu×1|f=menuitem:Provider|h=Provider]@9.6 ; Enter>menuitem:Provider[menu×2|f=menuitem:Provider|h=Codex]@23.6
chromium-dark-desktop › orbit-session sub-enter-enter burst sample 5,orbit-session,submenu,sub-enter-enter,sub-enter,burst,5,Enter Enter,none | menu×2 | @menuitem:Codex,1,0,Enter>menuitem:Provider[menu×1|f=menuitem:Provider|h=Provider]@8.6 ; Enter>menuitem:Provider[menu×2|f=menuitem:Provider|h=Codex]@22.9
chromium-dark-desktop › orbit-session sub-enter-enter burst sample 6,orbit-session,submenu,sub-enter-enter,sub-enter,burst,6,Enter Enter,none | menu×2 | @menuitem:Codex,1,0,Enter>menuitem:Provider[menu×1|f=menuitem:Provider|h=Provider]@9.6 ; Enter>menuitem:Provider[menu×2|f=menuitem:Provider|h=Codex]@23.4
chromium-dark-desktop › orbit-session sub-enter-enter burst sample 7,orbit-session,submenu,sub-enter-enter,sub-enter,burst,7,Enter Enter,none | menu×2 | @menuitem:Codex,1,0,Enter>menuitem:Provider[menu×1|f=menuitem:Provider|h=Provider]@9.6 ; Enter>menuitem:Provider[menu×2|f=menuitem:Provider|h=Codex]@23.4
chromium-dark-desktop › orbit-session sub-enter-enter burst sample 8,orbit-session,submenu,sub-enter-enter,sub-enter,burst,8,Enter Enter,none | menu×2 | @menuitem:Codex,1,0,Enter>menuitem:Provider[menu×1|f=menuitem:Provider|h=Provider]@6.2 ; Enter>menuitem:Provider[menu×2|f=menuitem:Provider|h=Codex]@19.9
chromium-dark-desktop › orbit-session sub-enter-enter burst sample 9,orbit-session,submenu,sub-enter-enter,sub-enter,burst,9,Enter Enter,none | menu×2 | @menuitem:Codex,1,0,Enter>menuitem:Provider[menu×1|f=menuitem:Provider|h=Provider]@18.3 ; Enter>menuitem:Provider[menu×2|f=menuitem:Provider|h=Codex]@31.7
chromium-dark-desktop › orbit-session sub-enter-enter burst sample 10,orbit-session,submenu,sub-enter-enter,sub-enter,burst,10,Enter Enter,none | menu×2 | @menuitem:Codex,1,0,Enter>menuitem:Provider[menu×1|f=menuitem:Provider|h=Provider]@11.1 ; Enter>menuitem:Provider[menu×2|f=menuitem:Provider|h=Codex]@24.6
chromium-dark-desktop › orbit-session sub-enter-enter burst sample 11,orbit-session,submenu,sub-enter-enter,sub-enter,burst,11,Enter Enter,none | menu×2 | @menuitem:Codex,1,0,Enter>menuitem:Provider[menu×1|f=menuitem:Provider|h=Provider]@18.7 ; Enter>menuitem:Provider[menu×2|f=menuitem:Provider|h=Codex]@32.6
chromium-dark-desktop › orbit-session sub-enter-enter burst sample 12,orbit-session,submenu,sub-enter-enter,sub-enter,burst,12,Enter Enter,none | menu×2 | @menuitem:Codex,1,0,Enter>menuitem:Provider[menu×1|f=menuitem:Provider|h=Provider]@13.3 ; Enter>menuitem:Provider[menu×2|f=menuitem:Provider|h=Codex]@27
chromium-dark-desktop › orbit-session sub-enter-enter burst sample 13,orbit-session,submenu,sub-enter-enter,sub-enter,burst,13,Enter Enter,none | menu×2 | @menuitem:Codex,1,0,Enter>menuitem:Provider[menu×1|f=menuitem:Provider|h=Provider]@17.3 ; Enter>menuitem:Provider[menu×2|f=menuitem:Provider|h=Codex]@49.1
chromium-dark-desktop › orbit-session sub-enter-enter burst sample 14,orbit-session,submenu,sub-enter-enter,sub-enter,burst,14,Enter Enter,none | menu×2 | @menuitem:Codex,1,0,Enter>menuitem:Provider[menu×1|f=menuitem:Provider|h=Provider]@12.7 ; Enter>menuitem:Provider[menu×2|f=menuitem:Provider|h=Codex]@26.8
chromium-dark-desktop › orbit-session sub-enter-enter burst sample 15,orbit-session,submenu,sub-enter-enter,sub-enter,burst,15,Enter Enter,none | menu×2 | @menuitem:Codex,1,0,Enter>menuitem:Provider[menu×1|f=menuitem:Provider|h=Provider]@4.3 ; Enter>menuitem:Provider[menu×2|f=menuitem:Provider|h=Codex]@18.1
chromium-dark-desktop › orbit-session sub-enter-enter burst sample 16,orbit-session,submenu,sub-enter-enter,sub-enter,burst,16,Enter Enter,none | menu×2 | @menuitem:Codex,1,0,Enter>menuitem:Provider[menu×1|f=menuitem:Provider|h=Provider]@8.9 ; Enter>menuitem:Provider[menu×2|f=menuitem:Provider|h=Codex]@23
chromium-dark-desktop › orbit-session sub-enter-enter burst sample 17,orbit-session,submenu,sub-enter-enter,sub-enter,burst,17,Enter Enter,none | menu×2 | @menuitem:Codex,1,0,Enter>menuitem:Provider[menu×1|f=menuitem:Provider|h=Provider]@6.4 ; Enter>menuitem:Provider[menu×2|f=menuitem:Provider|h=Codex]@20.2
chromium-dark-desktop › orbit-session sub-enter-enter burst sample 18,orbit-session,submenu,sub-enter-enter,sub-enter,burst,18,Enter Enter,none | menu×2 | @menuitem:Codex,1,0,Enter>menuitem:Provider[menu×1|f=menuitem:Provider|h=Provider]@5.8 ; Enter>menuitem:Provider[menu×2|f=menuitem:Provider|h=Codex]@21.1
chromium-dark-desktop › orbit-session sub-enter-enter burst sample 19,orbit-session,submenu,sub-enter-enter,sub-enter,burst,19,Enter Enter,none | menu×2 | @menuitem:Codex,1,0,Enter>menuitem:Provider[menu×1|f=menuitem:Provider|h=Provider]@11.3 ; Enter>menuitem:Provider[menu×2|f=menuitem:Provider|h=Codex]@25.3
chromium-dark-desktop › orbit-session sub-enter-enter paced sample 0,orbit-session,submenu,sub-enter-enter,sub-enter,paced,0,Enter Enter,Picked=codex | none | @button:Session actions,0,0,Enter>menuitem:Provider[menu×1|f=menuitem:Provider|h=Provider]@18.8 ; Enter>menuitem:Codex[menu×2|f=menuitem:Codex|h=Codex]@336.2
chromium-dark-desktop › orbit-session sub-enter-enter paced sample 1,orbit-session,submenu,sub-enter-enter,sub-enter,paced,1,Enter Enter,Picked=codex | none | @button:Session actions,0,0,Enter>menuitem:Provider[menu×1|f=menuitem:Provider|h=Provider]@3.7 ; Enter>menuitem:Codex[menu×2|f=menuitem:Codex|h=Codex]@327.2
chromium-dark-desktop › orbit-session sub-enter-enter paced sample 2,orbit-session,submenu,sub-enter-enter,sub-enter,paced,2,Enter Enter,Picked=codex | none | @button:Session actions,0,0,Enter>menuitem:Provider[menu×1|f=menuitem:Provider|h=Provider]@3.5 ; Enter>menuitem:Codex[menu×2|f=menuitem:Codex|h=Codex]@322
chromium-dark-desktop › orbit-session sub-enter-enter paced sample 3,orbit-session,submenu,sub-enter-enter,sub-enter,paced,3,Enter Enter,Picked=codex | none | @button:Session actions,0,0,Enter>menuitem:Provider[menu×1|f=menuitem:Provider|h=Provider]@10.7 ; Enter>menuitem:Codex[menu×2|f=menuitem:Codex|h=Codex]@343.8
chromium-dark-desktop › orbit-session sub-enter-enter paced sample 4,orbit-session,submenu,sub-enter-enter,sub-enter,paced,4,Enter Enter,Picked=codex | none | @button:Session actions,0,0,Enter>menuitem:Provider[menu×1|f=menuitem:Provider|h=Provider]@14.7 ; Enter>menuitem:Codex[menu×2|f=menuitem:Codex|h=Codex]@340.5
chromium-dark-desktop › orbit-session sub-enter-enter paced sample 5,orbit-session,submenu,sub-enter-enter,sub-enter,paced,5,Enter Enter,Picked=codex | none | @button:Session actions,0,0,Enter>menuitem:Provider[menu×1|f=menuitem:Provider|h=Provider]@4.6 ; Enter>menuitem:Codex[menu×2|f=menuitem:Codex|h=Codex]@333.4
chromium-dark-desktop › orbit-session sub-enter-enter paced sample 6,orbit-session,submenu,sub-enter-enter,sub-enter,paced,6,Enter Enter,Picked=codex | none | @button:Session actions,0,0,Enter>menuitem:Provider[menu×1|f=menuitem:Provider|h=Provider]@19 ; Enter>menuitem:Codex[menu×2|f=menuitem:Codex|h=Codex]@345.7
chromium-dark-desktop › orbit-session sub-enter-enter paced sample 7,orbit-session,submenu,sub-enter-enter,sub-enter,paced,7,Enter Enter,Picked=codex | none | @button:Session actions,0,0,Enter>menuitem:Provider[menu×1|f=menuitem:Provider|h=Provider]@15.5 ; Enter>menuitem:Codex[menu×2|f=menuitem:Codex|h=Codex]@339.5
chromium-dark-desktop › orbit-session sub-enter-enter paced sample 8,orbit-session,submenu,sub-enter-enter,sub-enter,paced,8,Enter Enter,Picked=codex | none | @button:Session actions,0,0,Enter>menuitem:Provider[menu×1|f=menuitem:Provider|h=Provider]@10.4 ; Enter>menuitem:Codex[menu×2|f=menuitem:Codex|h=Codex]@331.9
chromium-dark-desktop › orbit-session sub-enter-enter paced sample 9,orbit-session,submenu,sub-enter-enter,sub-enter,paced,9,Enter Enter,Picked=codex | none | @button:Session actions,0,0,Enter>menuitem:Provider[menu×1|f=menuitem:Provider|h=Provider]@12 ; Enter>menuitem:Codex[menu×2|f=menuitem:Codex|h=Codex]@329.6
chromium-dark-desktop › orbit-session sub-enter-enter paced sample 10,orbit-session,submenu,sub-enter-enter,sub-enter,paced,10,Enter Enter,Picked=codex | none | @button:Session actions,0,0,Enter>menuitem:Provider[menu×1|f=menuitem:Provider|h=Provider]@18.6 ; Enter>menuitem:Codex[menu×2|f=menuitem:Codex|h=Codex]@340.4
chromium-dark-desktop › orbit-session sub-enter-enter paced sample 11,orbit-session,submenu,sub-enter-enter,sub-enter,paced,11,Enter Enter,Picked=codex | none | @button:Session actions,0,0,Enter>menuitem:Provider[menu×1|f=menuitem:Provider|h=Provider]@9 ; Enter>menuitem:Codex[menu×2|f=menuitem:Codex|h=Codex]@332.6
chromium-dark-desktop › orbit-session sub-enter-enter paced sample 12,orbit-session,submenu,sub-enter-enter,sub-enter,paced,12,Enter Enter,Picked=codex | none | @button:Session actions,0,0,Enter>menuitem:Provider[menu×1|f=menuitem:Provider|h=Provider]@7.9 ; Enter>menuitem:Codex[menu×2|f=menuitem:Codex|h=Codex]@331.5
chromium-dark-desktop › orbit-session sub-enter-enter paced sample 13,orbit-session,submenu,sub-enter-enter,sub-enter,paced,13,Enter Enter,Picked=codex | none | @button:Session actions,0,0,Enter>menuitem:Provider[menu×1|f=menuitem:Provider|h=Provider]@19.4 ; Enter>menuitem:Codex[menu×2|f=menuitem:Codex|h=Codex]@340.7
chromium-dark-desktop › orbit-session sub-enter-enter paced sample 14,orbit-session,submenu,sub-enter-enter,sub-enter,paced,14,Enter Enter,Picked=codex | none | @button:Session actions,0,0,Enter>menuitem:Provider[menu×1|f=menuitem:Provider|h=Provider]@17.4 ; Enter>menuitem:Codex[menu×2|f=menuitem:Codex|h=Codex]@342.2
chromium-dark-desktop › orbit-session sub-enter-enter paced sample 15,orbit-session,submenu,sub-enter-enter,sub-enter,paced,15,Enter Enter,Picked=codex | none | @button:Session actions,0,0,Enter>menuitem:Provider[menu×1|f=menuitem:Provider|h=Provider]@13.6 ; Enter>menuitem:Codex[menu×2|f=menuitem:Codex|h=Codex]@336.5
chromium-dark-desktop › orbit-session sub-enter-enter paced sample 16,orbit-session,submenu,sub-enter-enter,sub-enter,paced,16,Enter Enter,Picked=codex | none | @button:Session actions,0,0,Enter>menuitem:Provider[menu×1|f=menuitem:Provider|h=Provider]@3.1 ; Enter>menuitem:Codex[menu×2|f=menuitem:Codex|h=Codex]@325.7
chromium-dark-desktop › orbit-session sub-enter-enter paced sample 17,orbit-session,submenu,sub-enter-enter,sub-enter,paced,17,Enter Enter,Picked=codex | none | @button:Session actions,0,0,Enter>menuitem:Provider[menu×1|f=menuitem:Provider|h=Provider]@6.7 ; Enter>menuitem:Codex[menu×2|f=menuitem:Codex|h=Codex]@336
chromium-dark-desktop › orbit-session sub-enter-enter paced sample 18,orbit-session,submenu,sub-enter-enter,sub-enter,paced,18,Enter Enter,Picked=codex | none | @button:Session actions,0,0,Enter>menuitem:Provider[menu×1|f=menuitem:Provider|h=Provider]@7.8 ; Enter>menuitem:Codex[menu×2|f=menuitem:Codex|h=Codex]@332.3
chromium-dark-desktop › orbit-session sub-enter-enter paced sample 19,orbit-session,submenu,sub-enter-enter,sub-enter,paced,19,Enter Enter,Picked=codex | none | @button:Session actions,0,0,Enter>menuitem:Provider[menu×1|f=menuitem:Provider|h=Provider]@10 ; Enter>menuitem:Codex[menu×2|f=menuitem:Codex|h=Codex]@334.9
chromium-dark-desktop › antd-session sub-enter-enter burst sample 0,antd-session,submenu,sub-enter-enter,sub-enter,burst,0,Enter Enter,none | menu×2 | @menuitem:Codex,0,0,Enter>menuitem:Provider[menu×1|f=menuitem:Provider|h=None]@16.3 ; Enter>menuitem:Provider[menu×1|f=menuitem:Provider|h=None]@20.1
chromium-dark-desktop › antd-session sub-enter-enter burst sample 1,antd-session,submenu,sub-enter-enter,sub-enter,burst,1,Enter Enter,none | menu×2 | @menuitem:Codex,0,0,Enter>menuitem:Provider[menu×1|f=menuitem:Provider|h=None]@7 ; Enter>menuitem:Provider[menu×1|f=menuitem:Provider|h=None]@10.6
chromium-dark-desktop › antd-session sub-enter-enter burst sample 2,antd-session,submenu,sub-enter-enter,sub-enter,burst,2,Enter Enter,none | menu×2 | @menuitem:Codex,0,0,Enter>menuitem:Provider[menu×1|f=menuitem:Provider|h=None]@8.2 ; Enter>menuitem:Provider[menu×1|f=menuitem:Provider|h=None]@11.8
chromium-dark-desktop › antd-session sub-enter-enter burst sample 3,antd-session,submenu,sub-enter-enter,sub-enter,burst,3,Enter Enter,none | menu×2 | @menuitem:Codex,0,0,Enter>menuitem:Provider[menu×1|f=menuitem:Provider|h=None]@17.4 ; Enter>menuitem:Provider[menu×1|f=menuitem:Provider|h=None]@21.5
chromium-dark-desktop › antd-session sub-enter-enter burst sample 4,antd-session,submenu,sub-enter-enter,sub-enter,burst,4,Enter Enter,none | menu×2 | @menuitem:Codex,0,0,Enter>menuitem:Provider[menu×1|f=menuitem:Provider|h=None]@18.9 ; Enter>menuitem:Provider[menu×1|f=menuitem:Provider|h=None]@22.7
chromium-dark-desktop › antd-session sub-enter-enter burst sample 5,antd-session,submenu,sub-enter-enter,sub-enter,burst,5,Enter Enter,none | menu×2 | @menuitem:Codex,0,0,Enter>menuitem:Provider[menu×1|f=menuitem:Provider|h=None]@4.4 ; Enter>menuitem:Provider[menu×1|f=menuitem:Provider|h=None]@8.4
chromium-dark-desktop › antd-session sub-enter-enter burst sample 6,antd-session,submenu,sub-enter-enter,sub-enter,burst,6,Enter Enter,none | menu×2 | @menuitem:Codex,0,0,Enter>menuitem:Provider[menu×1|f=menuitem:Provider|h=None]@17.7 ; Enter>menuitem:Provider[menu×1|f=menuitem:Provider|h=None]@22
chromium-dark-desktop › antd-session sub-enter-enter burst sample 7,antd-session,submenu,sub-enter-enter,sub-enter,burst,7,Enter Enter,none | menu×2 | @menuitem:Codex,0,0,Enter>menuitem:Provider[menu×1|f=menuitem:Provider|h=None]@14.1 ; Enter>menuitem:Provider[menu×1|f=menuitem:Provider|h=None]@17.9
chromium-dark-desktop › antd-session sub-enter-enter burst sample 8,antd-session,submenu,sub-enter-enter,sub-enter,burst,8,Enter Enter,none | menu×2 | @menuitem:Codex,0,0,Enter>menuitem:Provider[menu×1|f=menuitem:Provider|h=None]@17.3 ; Enter>menuitem:Provider[menu×1|f=menuitem:Provider|h=None]@21.2
chromium-dark-desktop › antd-session sub-enter-enter burst sample 9,antd-session,submenu,sub-enter-enter,sub-enter,burst,9,Enter Enter,none | menu×2 | @menuitem:Codex,0,0,Enter>menuitem:Provider[menu×1|f=menuitem:Provider|h=None]@16.2 ; Enter>menuitem:Provider[menu×1|f=menuitem:Provider|h=None]@20
chromium-dark-desktop › antd-session sub-enter-enter burst sample 10,antd-session,submenu,sub-enter-enter,sub-enter,burst,10,Enter Enter,none | menu×2 | @menuitem:Codex,0,0,Enter>menuitem:Provider[menu×1|f=menuitem:Provider|h=None]@17.8 ; Enter>menuitem:Provider[menu×1|f=menuitem:Provider|h=None]@21.6
chromium-dark-desktop › antd-session sub-enter-enter burst sample 11,antd-session,submenu,sub-enter-enter,sub-enter,burst,11,Enter Enter,none | menu×2 | @menuitem:Codex,0,0,Enter>menuitem:Provider[menu×1|f=menuitem:Provider|h=None]@6.4 ; Enter>menuitem:Provider[menu×1|f=menuitem:Provider|h=None]@10.1
chromium-dark-desktop › antd-session sub-enter-enter burst sample 12,antd-session,submenu,sub-enter-enter,sub-enter,burst,12,Enter Enter,none | menu×2 | @menuitem:Codex,0,0,Enter>menuitem:Provider[menu×1|f=menuitem:Provider|h=None]@6.9 ; Enter>menuitem:Provider[menu×1|f=menuitem:Provider|h=None]@10.6
chromium-dark-desktop › antd-session sub-enter-enter burst sample 13,antd-session,submenu,sub-enter-enter,sub-enter,burst,13,Enter Enter,none | menu×2 | @menuitem:Codex,0,0,Enter>menuitem:Provider[menu×1|f=menuitem:Provider|h=None]@17.9 ; Enter>menuitem:Provider[menu×1|f=menuitem:Provider|h=None]@21.7
chromium-dark-desktop › antd-session sub-enter-enter burst sample 14,antd-session,submenu,sub-enter-enter,sub-enter,burst,14,Enter Enter,none | menu×2 | @menuitem:Codex,0,0,Enter>menuitem:Provider[menu×1|f=menuitem:Provider|h=None]@16.2 ; Enter>menuitem:Provider[menu×1|f=menuitem:Provider|h=None]@19.9
chromium-dark-desktop › antd-session sub-enter-enter burst sample 15,antd-session,submenu,sub-enter-enter,sub-enter,burst,15,Enter Enter,none | menu×2 | @menuitem:Codex,0,0,Enter>menuitem:Provider[menu×1|f=menuitem:Provider|h=None]@3.1 ; Enter>menuitem:Provider[menu×1|f=menuitem:Provider|h=None]@6.8
chromium-dark-desktop › antd-session sub-enter-enter burst sample 16,antd-session,submenu,sub-enter-enter,sub-enter,burst,16,Enter Enter,none | menu×2 | @menuitem:Codex,0,0,Enter>menuitem:Provider[menu×1|f=menuitem:Provider|h=None]@4 ; Enter>menuitem:Provider[menu×1|f=menuitem:Provider|h=None]@8
chromium-dark-desktop › antd-session sub-enter-enter burst sample 17,antd-session,submenu,sub-enter-enter,sub-enter,burst,17,Enter Enter,none | menu×2 | @menuitem:Codex,0,0,Enter>menuitem:Provider[menu×1|f=menuitem:Provider|h=None]@18.5 ; Enter>menuitem:Provider[menu×1|f=menuitem:Provider|h=None]@22.1
chromium-dark-desktop › antd-session sub-enter-enter burst sample 18,antd-session,submenu,sub-enter-enter,sub-enter,burst,18,Enter Enter,none | menu×2 | @menuitem:Codex,0,0,Enter>menuitem:Provider[menu×1|f=menuitem:Provider|h=None]@11.6 ; Enter>menuitem:Provider[menu×1|f=menuitem:Provider|h=None]@16.2
chromium-dark-desktop › antd-session sub-enter-enter burst sample 19,antd-session,submenu,sub-enter-enter,sub-enter,burst,19,Enter Enter,none | menu×2 | @menuitem:Codex,0,0,Enter>menuitem:Provider[menu×1|f=menuitem:Provider|h=None]@8.3 ; Enter>menuitem:Provider[menu×1|f=menuitem:Provider|h=None]@13.6
chromium-dark-desktop › antd-session sub-enter-enter paced sample 0,antd-session,submenu,sub-enter-enter,sub-enter,paced,0,Enter Enter,Picked=codex | menu×1 | @menuitem:Codex,0,0,Enter>menuitem:Provider[menu×1|f=menuitem:Provider|h=None]@8.5 ; Enter>menuitem:Codex[menu×2|f=menuitem:Codex|h=None]@315.8
chromium-dark-desktop › antd-session sub-enter-enter paced sample 1,antd-session,submenu,sub-enter-enter,sub-enter,paced,1,Enter Enter,Picked=codex | menu×1 | @menuitem:Codex,0,0,Enter>menuitem:Provider[menu×1|f=menuitem:Provider|h=None]@9.8 ; Enter>menuitem:Codex[menu×2|f=menuitem:Codex|h=None]@316.2
chromium-dark-desktop › antd-session sub-enter-enter paced sample 2,antd-session,submenu,sub-enter-enter,sub-enter,paced,2,Enter Enter,Picked=codex | menu×1 | @menuitem:Codex,0,0,Enter>menuitem:Provider[menu×1|f=menuitem:Provider|h=None]@16 ; Enter>menuitem:Codex[menu×2|f=menuitem:Codex|h=None]@323.4
chromium-dark-desktop › antd-session sub-enter-enter paced sample 3,antd-session,submenu,sub-enter-enter,sub-enter,paced,3,Enter Enter,Picked=codex | menu×1 | @menuitem:Codex,0,0,Enter>menuitem:Provider[menu×1|f=menuitem:Provider|h=None]@17.1 ; Enter>menuitem:Codex[menu×2|f=menuitem:Codex|h=None]@324.6
chromium-dark-desktop › antd-session sub-enter-enter paced sample 4,antd-session,submenu,sub-enter-enter,sub-enter,paced,4,Enter Enter,Picked=codex | menu×1 | @menuitem:Codex,0,0,Enter>menuitem:Provider[menu×1|f=menuitem:Provider|h=None]@18.6 ; Enter>menuitem:Codex[menu×2|f=menuitem:Codex|h=None]@325.6
chromium-dark-desktop › antd-session sub-enter-enter paced sample 5,antd-session,submenu,sub-enter-enter,sub-enter,paced,5,Enter Enter,Picked=codex | menu×1 | @menuitem:Codex,0,0,Enter>menuitem:Provider[menu×1|f=menuitem:Provider|h=None]@17 ; Enter>menuitem:Codex[menu×2|f=menuitem:Codex|h=None]@323.5
chromium-dark-desktop › antd-session sub-enter-enter paced sample 6,antd-session,submenu,sub-enter-enter,sub-enter,paced,6,Enter Enter,Picked=codex | menu×1 | @menuitem:Codex,0,0,Enter>menuitem:Provider[menu×1|f=menuitem:Provider|h=None]@18.4 ; Enter>menuitem:Codex[menu×2|f=menuitem:Codex|h=None]@325
chromium-dark-desktop › antd-session sub-enter-enter paced sample 7,antd-session,submenu,sub-enter-enter,sub-enter,paced,7,Enter Enter,Picked=codex | menu×1 | @menuitem:Codex,0,0,Enter>menuitem:Provider[menu×1|f=menuitem:Provider|h=None]@9.3 ; Enter>menuitem:Codex[menu×2|f=menuitem:Codex|h=None]@316.5
chromium-dark-desktop › antd-session sub-enter-enter paced sample 8,antd-session,submenu,sub-enter-enter,sub-enter,paced,8,Enter Enter,Picked=codex | menu×1 | @menuitem:Codex,0,0,Enter>menuitem:Provider[menu×1|f=menuitem:Provider|h=None]@4.2 ; Enter>menuitem:Codex[menu×2|f=menuitem:Codex|h=None]@310.7
chromium-dark-desktop › antd-session sub-enter-enter paced sample 9,antd-session,submenu,sub-enter-enter,sub-enter,paced,9,Enter Enter,Picked=codex | menu×1 | @menuitem:Codex,0,0,Enter>menuitem:Provider[menu×1|f=menuitem:Provider|h=None]@12.2 ; Enter>menuitem:Codex[menu×2|f=menuitem:Codex|h=None]@319.1
chromium-dark-desktop › antd-session sub-enter-enter paced sample 10,antd-session,submenu,sub-enter-enter,sub-enter,paced,10,Enter Enter,Picked=codex | menu×1 | @menuitem:Codex,0,0,Enter>menuitem:Provider[menu×1|f=menuitem:Provider|h=None]@19.6 ; Enter>menuitem:Codex[menu×2|f=menuitem:Codex|h=None]@328.1
chromium-dark-desktop › antd-session sub-enter-enter paced sample 11,antd-session,submenu,sub-enter-enter,sub-enter,paced,11,Enter Enter,Picked=codex | menu×1 | @menuitem:Codex,0,0,Enter>menuitem:Provider[menu×1|f=menuitem:Provider|h=None]@14 ; Enter>menuitem:Codex[menu×2|f=menuitem:Codex|h=None]@323
chromium-dark-desktop › antd-session sub-enter-enter paced sample 12,antd-session,submenu,sub-enter-enter,sub-enter,paced,12,Enter Enter,Picked=codex | menu×1 | @menuitem:Codex,0,0,Enter>menuitem:Provider[menu×1|f=menuitem:Provider|h=None]@19.4 ; Enter>menuitem:Codex[menu×2|f=menuitem:Codex|h=None]@326.3
chromium-dark-desktop › antd-session sub-enter-enter paced sample 13,antd-session,submenu,sub-enter-enter,sub-enter,paced,13,Enter Enter,Picked=codex | menu×1 | @menuitem:Codex,0,0,Enter>menuitem:Provider[menu×1|f=menuitem:Provider|h=None]@6.4 ; Enter>menuitem:Codex[menu×2|f=menuitem:Codex|h=None]@312.6
chromium-dark-desktop › antd-session sub-enter-enter paced sample 14,antd-session,submenu,sub-enter-enter,sub-enter,paced,14,Enter Enter,Picked=codex | menu×1 | @menuitem:Codex,0,0,Enter>menuitem:Provider[menu×1|f=menuitem:Provider|h=None]@3.8 ; Enter>menuitem:Codex[menu×2|f=menuitem:Codex|h=None]@310.7
chromium-dark-desktop › antd-session sub-enter-enter paced sample 15,antd-session,submenu,sub-enter-enter,sub-enter,paced,15,Enter Enter,Picked=codex | menu×1 | @menuitem:Codex,0,0,Enter>menuitem:Provider[menu×1|f=menuitem:Provider|h=None]@13.3 ; Enter>menuitem:Codex[menu×2|f=menuitem:Codex|h=None]@320
chromium-dark-desktop › antd-session sub-enter-enter paced sample 16,antd-session,submenu,sub-enter-enter,sub-enter,paced,16,Enter Enter,Picked=codex | menu×1 | @menuitem:Codex,0,0,Enter>menuitem:Provider[menu×1|f=menuitem:Provider|h=None]@6.2 ; Enter>menuitem:Codex[menu×2|f=menuitem:Codex|h=None]@312.7
chromium-dark-desktop › antd-session sub-enter-enter paced sample 17,antd-session,submenu,sub-enter-enter,sub-enter,paced,17,Enter Enter,Picked=codex | menu×1 | @menuitem:Codex,0,0,Enter>menuitem:Provider[menu×1|f=menuitem:Provider|h=None]@7.1 ; Enter>menuitem:Codex[menu×2|f=menuitem:Codex|h=None]@313.5
chromium-dark-desktop › antd-session sub-enter-enter paced sample 18,antd-session,submenu,sub-enter-enter,sub-enter,paced,18,Enter Enter,Picked=codex | menu×1 | @menuitem:Codex,0,0,Enter>menuitem:Provider[menu×1|f=menuitem:Provider|h=None]@12.5 ; Enter>menuitem:Codex[menu×2|f=menuitem:Codex|h=None]@319.2
chromium-dark-desktop › antd-session sub-enter-enter paced sample 19,antd-session,submenu,sub-enter-enter,sub-enter,paced,19,Enter Enter,Picked=codex | menu×1 | @menuitem:Codex,0,0,Enter>menuitem:Provider[menu×1|f=menuitem:Provider|h=None]@16.8 ; Enter>menuitem:Codex[menu×2|f=menuitem:Codex|h=None]@323.5
chromium-dark-desktop › orbit-submenu sub-enter-down-enter burst sample 0,orbit-submenu,submenu,sub-enter-down-enter,sub-enter-enter,burst,0,Enter ArrowDown Enter,Tag=true | menu×1 | @menuitemcheckbox:Important tag,1,0,Enter>menuitem:Provider[menu×1|f=menuitem:Provider|h=Provider]@13.2 ; ArrowDown>menuitem:Provider[menu×2|f=menuitem:Provider|h=Codex]@27.8 ; Enter>menuitemcheckbox:Important tag[menu×2|f=menuitemcheckbox:Important tag|h=None]@36.3
chromium-dark-desktop › orbit-submenu sub-enter-down-enter burst sample 1,orbit-submenu,submenu,sub-enter-down-enter,sub-enter-enter,burst,1,Enter ArrowDown Enter,Tag=true | menu×1 | @menuitemcheckbox:Important tag,1,0,Enter>menuitem:Provider[menu×1|f=menuitem:Provider|h=Provider]@4.7 ; ArrowDown>menuitem:Provider[menu×2|f=menuitem:Provider|h=Codex]@18.6 ; Enter>menuitemcheckbox:Important tag[menu×2|f=menuitemcheckbox:Important tag|h=None]@27.1
chromium-dark-desktop › orbit-submenu sub-enter-down-enter burst sample 2,orbit-submenu,submenu,sub-enter-down-enter,sub-enter-enter,burst,2,Enter ArrowDown Enter,Tag=true | menu×1 | @menuitemcheckbox:Important tag,1,0,Enter>menuitem:Provider[menu×1|f=menuitem:Provider|h=Provider]@17.1 ; ArrowDown>menuitem:Provider[menu×2|f=menuitem:Provider|h=Codex]@31.3 ; Enter>menuitemcheckbox:Important tag[menu×2|f=menuitemcheckbox:Important tag|h=None]@40.5
chromium-dark-desktop › orbit-submenu sub-enter-down-enter burst sample 3,orbit-submenu,submenu,sub-enter-down-enter,sub-enter-enter,burst,3,Enter ArrowDown Enter,Tag=true | menu×1 | @menuitemcheckbox:Important tag,1,0,Enter>menuitem:Provider[menu×1|f=menuitem:Provider|h=Provider]@11.7 ; ArrowDown>menuitem:Provider[menu×2|f=menuitem:Provider|h=Codex]@26.4 ; Enter>menuitemcheckbox:Important tag[menu×2|f=menuitemcheckbox:Important tag|h=None]@35.4
chromium-dark-desktop › orbit-submenu sub-enter-down-enter burst sample 4,orbit-submenu,submenu,sub-enter-down-enter,sub-enter-enter,burst,4,Enter ArrowDown Enter,Tag=true | menu×1 | @menuitemcheckbox:Important tag,1,0,Enter>menuitem:Provider[menu×1|f=menuitem:Provider|h=Provider]@4.5 ; ArrowDown>menuitem:Provider[menu×2|f=menuitem:Provider|h=Codex]@19 ; Enter>menuitemcheckbox:Important tag[menu×2|f=menuitemcheckbox:Important tag|h=None]@28.3
chromium-dark-desktop › orbit-submenu sub-enter-down-enter burst sample 5,orbit-submenu,submenu,sub-enter-down-enter,sub-enter-enter,burst,5,Enter ArrowDown Enter,Tag=true | menu×1 | @menuitemcheckbox:Important tag,1,0,Enter>menuitem:Provider[menu×1|f=menuitem:Provider|h=Provider]@4.8 ; ArrowDown>menuitem:Provider[menu×2|f=menuitem:Provider|h=Codex]@20.2 ; Enter>menuitemcheckbox:Important tag[menu×2|f=menuitemcheckbox:Important tag|h=None]@29.2
chromium-dark-desktop › orbit-submenu sub-enter-down-enter burst sample 6,orbit-submenu,submenu,sub-enter-down-enter,sub-enter-enter,burst,6,Enter ArrowDown Enter,Tag=true | menu×1 | @menuitemcheckbox:Important tag,1,0,Enter>menuitem:Provider[menu×1|f=menuitem:Provider|h=Provider]@19.7 ; ArrowDown>menuitem:Provider[menu×2|f=menuitem:Provider|h=Codex]@34.9 ; Enter>menuitemcheckbox:Important tag[menu×2|f=menuitemcheckbox:Important tag|h=None]@44.5
chromium-dark-desktop › orbit-submenu sub-enter-down-enter burst sample 7,orbit-submenu,submenu,sub-enter-down-enter,sub-enter-enter,burst,7,Enter ArrowDown Enter,Tag=true | menu×1 | @menuitemcheckbox:Important tag,1,0,Enter>menuitem:Provider[menu×1|f=menuitem:Provider|h=Provider]@53.2 ; ArrowDown>menuitem:Provider[menu×2|f=menuitem:Provider|h=Codex]@68.1 ; Enter>menuitemcheckbox:Important tag[menu×2|f=menuitemcheckbox:Important tag|h=None]@76.9
chromium-dark-desktop › orbit-submenu sub-enter-down-enter burst sample 8,orbit-submenu,submenu,sub-enter-down-enter,sub-enter-enter,burst,8,Enter ArrowDown Enter,Tag=true | menu×1 | @menuitemcheckbox:Important tag,1,0,Enter>menuitem:Provider[menu×1|f=menuitem:Provider|h=Provider]@7 ; ArrowDown>menuitem:Provider[menu×2|f=menuitem:Provider|h=Codex]@21.7 ; Enter>menuitemcheckbox:Important tag[menu×2|f=menuitemcheckbox:Important tag|h=None]@31.2
chromium-dark-desktop › orbit-submenu sub-enter-down-enter burst sample 9,orbit-submenu,submenu,sub-enter-down-enter,sub-enter-enter,burst,9,Enter ArrowDown Enter,Tag=true | menu×1 | @menuitemcheckbox:Important tag,1,0,Enter>menuitem:Provider[menu×1|f=menuitem:Provider|h=Provider]@10.9 ; ArrowDown>menuitem:Provider[menu×2|f=menuitem:Provider|h=Codex]@25.1 ; Enter>menuitemcheckbox:Important tag[menu×2|f=menuitemcheckbox:Important tag|h=None]@34.7
chromium-dark-desktop › orbit-submenu sub-enter-down-enter burst sample 10,orbit-submenu,submenu,sub-enter-down-enter,sub-enter-enter,burst,10,Enter ArrowDown Enter,Tag=true | menu×1 | @menuitemcheckbox:Important tag,1,0,Enter>menuitem:Provider[menu×1|f=menuitem:Provider|h=Provider]@6.9 ; ArrowDown>menuitem:Provider[menu×2|f=menuitem:Provider|h=Codex]@22.9 ; Enter>menuitemcheckbox:Important tag[menu×2|f=menuitemcheckbox:Important tag|h=None]@31.9
chromium-dark-desktop › orbit-submenu sub-enter-down-enter burst sample 11,orbit-submenu,submenu,sub-enter-down-enter,sub-enter-enter,burst,11,Enter ArrowDown Enter,Tag=true | menu×1 | @menuitemcheckbox:Important tag,1,0,Enter>menuitem:Provider[menu×1|f=menuitem:Provider|h=Provider]@12.7 ; ArrowDown>menuitem:Provider[menu×2|f=menuitem:Provider|h=Codex]@29 ; Enter>menuitemcheckbox:Important tag[menu×2|f=menuitemcheckbox:Important tag|h=None]@39.4
chromium-dark-desktop › orbit-submenu sub-enter-down-enter burst sample 12,orbit-submenu,submenu,sub-enter-down-enter,sub-enter-enter,burst,12,Enter ArrowDown Enter,Tag=true | menu×1 | @menuitemcheckbox:Important tag,1,0,Enter>menuitem:Provider[menu×1|f=menuitem:Provider|h=Provider]@19.5 ; ArrowDown>menuitem:Provider[menu×2|f=menuitem:Provider|h=Codex]@35.7 ; Enter>menuitemcheckbox:Important tag[menu×2|f=menuitemcheckbox:Important tag|h=None]@46.5
chromium-dark-desktop › orbit-submenu sub-enter-down-enter burst sample 13,orbit-submenu,submenu,sub-enter-down-enter,sub-enter-enter,burst,13,Enter ArrowDown Enter,Tag=true | menu×1 | @menuitemcheckbox:Important tag,1,0,Enter>menuitem:Provider[menu×1|f=menuitem:Provider|h=Provider]@11.7 ; ArrowDown>menuitem:Provider[menu×2|f=menuitem:Provider|h=Codex]@31.9 ; Enter>menuitemcheckbox:Important tag[menu×2|f=menuitemcheckbox:Important tag|h=None]@43.1
chromium-dark-desktop › orbit-submenu sub-enter-down-enter burst sample 14,orbit-submenu,submenu,sub-enter-down-enter,sub-enter-enter,burst,14,Enter ArrowDown Enter,Tag=true | menu×1 | @menuitemcheckbox:Important tag,1,0,Enter>menuitem:Provider[menu×1|f=menuitem:Provider|h=Provider]@15.2 ; ArrowDown>menuitem:Provider[menu×2|f=menuitem:Provider|h=Codex]@30.3 ; Enter>menuitemcheckbox:Important tag[menu×2|f=menuitemcheckbox:Important tag|h=None]@39.8
chromium-dark-desktop › orbit-submenu sub-enter-down-enter burst sample 15,orbit-submenu,submenu,sub-enter-down-enter,sub-enter-enter,burst,15,Enter ArrowDown Enter,Tag=true | menu×1 | @menuitemcheckbox:Important tag,1,0,Enter>menuitem:Provider[menu×1|f=menuitem:Provider|h=Provider]@16.3 ; ArrowDown>menuitem:Provider[menu×2|f=menuitem:Provider|h=Codex]@30.6 ; Enter>menuitemcheckbox:Important tag[menu×2|f=menuitemcheckbox:Important tag|h=None]@39.2
chromium-dark-desktop › orbit-submenu sub-enter-down-enter burst sample 16,orbit-submenu,submenu,sub-enter-down-enter,sub-enter-enter,burst,16,Enter ArrowDown Enter,Tag=true | menu×1 | @menuitemcheckbox:Important tag,1,0,Enter>menuitem:Provider[menu×1|f=menuitem:Provider|h=Provider]@3.9 ; ArrowDown>menuitem:Provider[menu×2|f=menuitem:Provider|h=Codex]@17.6 ; Enter>menuitemcheckbox:Important tag[menu×2|f=menuitemcheckbox:Important tag|h=None]@26
chromium-dark-desktop › orbit-submenu sub-enter-down-enter burst sample 17,orbit-submenu,submenu,sub-enter-down-enter,sub-enter-enter,burst,17,Enter ArrowDown Enter,Tag=true | menu×1 | @menuitemcheckbox:Important tag,1,0,Enter>menuitem:Provider[menu×1|f=menuitem:Provider|h=Provider]@21.9 ; ArrowDown>menuitem:Provider[menu×2|f=menuitem:Provider|h=Codex]@37.3 ; Enter>menuitemcheckbox:Important tag[menu×2|f=menuitemcheckbox:Important tag|h=None]@46.3
chromium-dark-desktop › orbit-submenu sub-enter-down-enter burst sample 18,orbit-submenu,submenu,sub-enter-down-enter,sub-enter-enter,burst,18,Enter ArrowDown Enter,Tag=true | menu×1 | @menuitemcheckbox:Important tag,1,0,Enter>menuitem:Provider[menu×1|f=menuitem:Provider|h=Provider]@18.3 ; ArrowDown>menuitem:Provider[menu×2|f=menuitem:Provider|h=Codex]@32.1 ; Enter>menuitemcheckbox:Important tag[menu×2|f=menuitemcheckbox:Important tag|h=None]@40.8
chromium-dark-desktop › orbit-submenu sub-enter-down-enter burst sample 19,orbit-submenu,submenu,sub-enter-down-enter,sub-enter-enter,burst,19,Enter ArrowDown Enter,Tag=true | menu×1 | @menuitemcheckbox:Important tag,1,0,Enter>menuitem:Provider[menu×1|f=menuitem:Provider|h=Provider]@17.2 ; ArrowDown>menuitem:Provider[menu×2|f=menuitem:Provider|h=Codex]@32.2 ; Enter>menuitemcheckbox:Important tag[menu×2|f=menuitemcheckbox:Important tag|h=None]@40.8
chromium-dark-desktop › orbit-submenu sub-enter-down-enter paced sample 0,orbit-submenu,submenu,sub-enter-down-enter,sub-enter-enter,paced,0,Enter ArrowDown Enter,Action=claude | none | @button:Session actions,0,0,Enter>menuitem:Provider[menu×1|f=menuitem:Provider|h=Provider]@12.3 ; ArrowDown>menuitem:Codex[menu×2|f=menuitem:Codex|h=Codex]@332 ; Enter>menuitem:Claude[menu×2|f=menuitem:Claude|h=Claude]@642
chromium-dark-desktop › orbit-submenu sub-enter-down-enter paced sample 1,orbit-submenu,submenu,sub-enter-down-enter,sub-enter-enter,paced,1,Enter ArrowDown Enter,Action=claude | none | @button:Session actions,0,0,Enter>menuitem:Provider[menu×1|f=menuitem:Provider|h=Provider]@4.1 ; ArrowDown>menuitem:Codex[menu×2|f=menuitem:Codex|h=Codex]@326.7 ; Enter>menuitem:Claude[menu×2|f=menuitem:Claude|h=Claude]@634.8
chromium-dark-desktop › orbit-submenu sub-enter-down-enter paced sample 2,orbit-submenu,submenu,sub-enter-down-enter,sub-enter-enter,paced,2,Enter ArrowDown Enter,Action=claude | none | @button:Session actions,0,0,Enter>menuitem:Provider[menu×1|f=menuitem:Provider|h=Provider]@8.9 ; ArrowDown>menuitem:Codex[menu×2|f=menuitem:Codex|h=Codex]@331.8 ; Enter>menuitem:Claude[menu×2|f=menuitem:Claude|h=Claude]@637.9
chromium-dark-desktop › orbit-submenu sub-enter-down-enter paced sample 3,orbit-submenu,submenu,sub-enter-down-enter,sub-enter-enter,paced,3,Enter ArrowDown Enter,Action=claude | none | @button:Session actions,0,0,Enter>menuitem:Provider[menu×1|f=menuitem:Provider|h=Provider]@21.9 ; ArrowDown>menuitem:Codex[menu×2|f=menuitem:Codex|h=Codex]@348 ; Enter>menuitem:Claude[menu×2|f=menuitem:Claude|h=Claude]@662.7
chromium-dark-desktop › orbit-submenu sub-enter-down-enter paced sample 4,orbit-submenu,submenu,sub-enter-down-enter,sub-enter-enter,paced,4,Enter ArrowDown Enter,Action=claude | none | @button:Session actions,0,0,Enter>menuitem:Provider[menu×1|f=menuitem:Provider|h=Provider]@12.7 ; ArrowDown>menuitem:Codex[menu×2|f=menuitem:Codex|h=Codex]@339.6 ; Enter>menuitem:Claude[menu×2|f=menuitem:Claude|h=Claude]@655
chromium-dark-desktop › orbit-submenu sub-enter-down-enter paced sample 5,orbit-submenu,submenu,sub-enter-down-enter,sub-enter-enter,paced,5,Enter ArrowDown Enter,Action=claude | none | @button:Session actions,0,0,Enter>menuitem:Provider[menu×1|f=menuitem:Provider|h=Provider]@19.5 ; ArrowDown>menuitem:Codex[menu×2|f=menuitem:Codex|h=Codex]@348.6 ; Enter>menuitem:Claude[menu×2|f=menuitem:Claude|h=Claude]@655.7
chromium-dark-desktop › orbit-submenu sub-enter-down-enter paced sample 6,orbit-submenu,submenu,sub-enter-down-enter,sub-enter-enter,paced,6,Enter ArrowDown Enter,Action=claude | none | @button:Session actions,0,0,Enter>menuitem:Provider[menu×1|f=menuitem:Provider|h=Provider]@10.5 ; ArrowDown>menuitem:Codex[menu×2|f=menuitem:Codex|h=Codex]@333.2 ; Enter>menuitem:Claude[menu×2|f=menuitem:Claude|h=Claude]@640.4
chromium-dark-desktop › orbit-submenu sub-enter-down-enter paced sample 7,orbit-submenu,submenu,sub-enter-down-enter,sub-enter-enter,paced,7,Enter ArrowDown Enter,Action=claude | none | @button:Session actions,0,0,Enter>menuitem:Provider[menu×1|f=menuitem:Provider|h=Provider]@14.5 ; ArrowDown>menuitem:Codex[menu×2|f=menuitem:Codex|h=Codex]@341.3 ; Enter>menuitem:Claude[menu×2|f=menuitem:Claude|h=Claude]@648.1
chromium-dark-desktop › orbit-submenu sub-enter-down-enter paced sample 8,orbit-submenu,submenu,sub-enter-down-enter,sub-enter-enter,paced,8,Enter ArrowDown Enter,Action=claude | none | @button:Session actions,0,0,Enter>menuitem:Provider[menu×1|f=menuitem:Provider|h=Provider]@8.4 ; ArrowDown>menuitem:Codex[menu×2|f=menuitem:Codex|h=Codex]@326.8 ; Enter>menuitem:Claude[menu×2|f=menuitem:Claude|h=Claude]@632.7
chromium-dark-desktop › orbit-submenu sub-enter-down-enter paced sample 9,orbit-submenu,submenu,sub-enter-down-enter,sub-enter-enter,paced,9,Enter ArrowDown Enter,Action=claude | none | @button:Session actions,0,0,Enter>menuitem:Provider[menu×1|f=menuitem:Provider|h=Provider]@22.7 ; ArrowDown>menuitem:Codex[menu×2|f=menuitem:Codex|h=Codex]@351.4 ; Enter>menuitem:Claude[menu×2|f=menuitem:Claude|h=Claude]@660.3
chromium-dark-desktop › orbit-submenu sub-enter-down-enter paced sample 10,orbit-submenu,submenu,sub-enter-down-enter,sub-enter-enter,paced,10,Enter ArrowDown Enter,Action=claude | none | @button:Session actions,0,0,Enter>menuitem:Provider[menu×1|f=menuitem:Provider|h=Provider]@6.6 ; ArrowDown>menuitem:Codex[menu×2|f=menuitem:Codex|h=Codex]@328.6 ; Enter>menuitem:Claude[menu×2|f=menuitem:Claude|h=Claude]@635.9
chromium-dark-desktop › orbit-submenu sub-enter-down-enter paced sample 11,orbit-submenu,submenu,sub-enter-down-enter,sub-enter-enter,paced,11,Enter ArrowDown Enter,Action=claude | none | @button:Session actions,0,0,Enter>menuitem:Provider[menu×1|f=menuitem:Provider|h=Provider]@15.2 ; ArrowDown>menuitem:Codex[menu×2|f=menuitem:Codex|h=Codex]@336.9 ; Enter>menuitem:Claude[menu×2|f=menuitem:Claude|h=Claude]@642.6
chromium-dark-desktop › orbit-submenu sub-enter-down-enter paced sample 12,orbit-submenu,submenu,sub-enter-down-enter,sub-enter-enter,paced,12,Enter ArrowDown Enter,Action=claude | none | @button:Session actions,0,0,Enter>menuitem:Provider[menu×1|f=menuitem:Provider|h=Provider]@14.2 ; ArrowDown>menuitem:Codex[menu×2|f=menuitem:Codex|h=Codex]@336 ; Enter>menuitem:Claude[menu×2|f=menuitem:Claude|h=Claude]@642.6
chromium-dark-desktop › orbit-submenu sub-enter-down-enter paced sample 13,orbit-submenu,submenu,sub-enter-down-enter,sub-enter-enter,paced,13,Enter ArrowDown Enter,Action=claude | none | @button:Session actions,0,0,Enter>menuitem:Provider[menu×1|f=menuitem:Provider|h=Provider]@12.7 ; ArrowDown>menuitem:Codex[menu×2|f=menuitem:Codex|h=Codex]@335.3 ; Enter>menuitem:Claude[menu×2|f=menuitem:Claude|h=Claude]@641.8
chromium-dark-desktop › orbit-submenu sub-enter-down-enter paced sample 14,orbit-submenu,submenu,sub-enter-down-enter,sub-enter-enter,paced,14,Enter ArrowDown Enter,Action=claude | none | @button:Session actions,0,0,Enter>menuitem:Provider[menu×1|f=menuitem:Provider|h=Provider]@12.5 ; ArrowDown>menuitem:Codex[menu×2|f=menuitem:Codex|h=Codex]@337 ; Enter>menuitem:Claude[menu×2|f=menuitem:Claude|h=Claude]@643.3
chromium-dark-desktop › orbit-submenu sub-enter-down-enter paced sample 15,orbit-submenu,submenu,sub-enter-down-enter,sub-enter-enter,paced,15,Enter ArrowDown Enter,Action=claude | none | @button:Session actions,0,0,Enter>menuitem:Provider[menu×1|f=menuitem:Provider|h=Provider]@14.7 ; ArrowDown>menuitem:Codex[menu×2|f=menuitem:Codex|h=Codex]@338 ; Enter>menuitem:Claude[menu×2|f=menuitem:Claude|h=Claude]@644.5
chromium-dark-desktop › orbit-submenu sub-enter-down-enter paced sample 16,orbit-submenu,submenu,sub-enter-down-enter,sub-enter-enter,paced,16,Enter ArrowDown Enter,Action=claude | none | @button:Session actions,0,0,Enter>menuitem:Provider[menu×1|f=menuitem:Provider|h=Provider]@18.7 ; ArrowDown>menuitem:Codex[menu×2|f=menuitem:Codex|h=Codex]@340.2 ; Enter>menuitem:Claude[menu×2|f=menuitem:Claude|h=Claude]@647.2
chromium-dark-desktop › orbit-submenu sub-enter-down-enter paced sample 17,orbit-submenu,submenu,sub-enter-down-enter,sub-enter-enter,paced,17,Enter ArrowDown Enter,Action=claude | none | @button:Session actions,0,0,Enter>menuitem:Provider[menu×1|f=menuitem:Provider|h=Provider]@13.9 ; ArrowDown>menuitem:Codex[menu×2|f=menuitem:Codex|h=Codex]@339.9 ; Enter>menuitem:Claude[menu×2|f=menuitem:Claude|h=Claude]@647.2
chromium-dark-desktop › orbit-submenu sub-enter-down-enter paced sample 18,orbit-submenu,submenu,sub-enter-down-enter,sub-enter-enter,paced,18,Enter ArrowDown Enter,Action=claude | none | @button:Session actions,0,0,Enter>menuitem:Provider[menu×1|f=menuitem:Provider|h=Provider]@17.9 ; ArrowDown>menuitem:Codex[menu×2|f=menuitem:Codex|h=Codex]@340.3 ; Enter>menuitem:Claude[menu×2|f=menuitem:Claude|h=Claude]@652.5
chromium-dark-desktop › orbit-submenu sub-enter-down-enter paced sample 19,orbit-submenu,submenu,sub-enter-down-enter,sub-enter-enter,paced,19,Enter ArrowDown Enter,Action=claude | none | @button:Session actions,0,0,Enter>menuitem:Provider[menu×1|f=menuitem:Provider|h=Provider]@11 ; ArrowDown>menuitem:Codex[menu×2|f=menuitem:Codex|h=Codex]@336.2 ; Enter>menuitem:Claude[menu×2|f=menuitem:Claude|h=Claude]@648.1
chromium-dark-desktop › orbit-submenu-sample sub-enter-down-enter burst sample 0,orbit-submenu-sample,submenu,sub-enter-down-enter,sub-enter-enter,burst,0,Enter ArrowDown Enter,none | menu×2 | @menuitem:Codex,1,0,Enter>menuitem:Provider[menu×1|f=menuitem:Provider|h=Provider]@12.6 ; ArrowDown>menuitem:Provider[menu×2|f=menuitem:Provider|h=Codex]@26.4 ; Enter>menuitem:Provider[menu×2|f=menuitem:Provider|h=Codex]@26.7
chromium-dark-desktop › orbit-submenu-sample sub-enter-down-enter burst sample 1,orbit-submenu-sample,submenu,sub-enter-down-enter,sub-enter-enter,burst,1,Enter ArrowDown Enter,none | menu×2 | @menuitem:Codex,1,0,Enter>menuitem:Provider[menu×1|f=menuitem:Provider|h=Provider]@15.4 ; ArrowDown>menuitem:Provider[menu×2|f=menuitem:Provider|h=Codex]@29 ; Enter>menuitem:Provider[menu×2|f=menuitem:Provider|h=Codex]@29.2
chromium-dark-desktop › orbit-submenu-sample sub-enter-down-enter burst sample 2,orbit-submenu-sample,submenu,sub-enter-down-enter,sub-enter-enter,burst,2,Enter ArrowDown Enter,none | menu×2 | @menuitem:Codex,1,0,Enter>menuitem:Provider[menu×1|f=menuitem:Provider|h=Provider]@16.4 ; ArrowDown>menuitem:Provider[menu×2|f=menuitem:Provider|h=Codex]@31.7 ; Enter>menuitem:Provider[menu×2|f=menuitem:Provider|h=Codex]@31.9
chromium-dark-desktop › orbit-submenu-sample sub-enter-down-enter burst sample 3,orbit-submenu-sample,submenu,sub-enter-down-enter,sub-enter-enter,burst,3,Enter ArrowDown Enter,none | menu×2 | @menuitem:Codex,1,0,Enter>menuitem:Provider[menu×1|f=menuitem:Provider|h=Provider]@33.9 ; ArrowDown>menuitem:Provider[menu×2|f=menuitem:Provider|h=Codex]@54.7 ; Enter>menuitem:Provider[menu×2|f=menuitem:Provider|h=Codex]@55
chromium-dark-desktop › orbit-submenu-sample sub-enter-down-enter burst sample 4,orbit-submenu-sample,submenu,sub-enter-down-enter,sub-enter-enter,burst,4,Enter ArrowDown Enter,none | menu×2 | @menuitem:Codex,1,0,Enter>menuitem:Provider[menu×1|f=menuitem:Provider|h=Provider]@14.4 ; ArrowDown>menuitem:Provider[menu×2|f=menuitem:Provider|h=Codex]@27.6 ; Enter>menuitem:Provider[menu×2|f=menuitem:Provider|h=Codex]@27.9
chromium-dark-desktop › orbit-submenu-sample sub-enter-down-enter burst sample 5,orbit-submenu-sample,submenu,sub-enter-down-enter,sub-enter-enter,burst,5,Enter ArrowDown Enter,none | menu×2 | @menuitem:Codex,1,0,Enter>menuitem:Provider[menu×1|f=menuitem:Provider|h=Provider]@10.2 ; ArrowDown>menuitem:Provider[menu×2|f=menuitem:Provider|h=Codex]@23.9 ; Enter>menuitem:Provider[menu×2|f=menuitem:Provider|h=Codex]@24.2
chromium-dark-desktop › orbit-submenu-sample sub-enter-down-enter burst sample 6,orbit-submenu-sample,submenu,sub-enter-down-enter,sub-enter-enter,burst,6,Enter ArrowDown Enter,none | menu×2 | @menuitem:Codex,1,0,Enter>menuitem:Provider[menu×1|f=menuitem:Provider|h=Provider]@6.4 ; ArrowDown>menuitem:Provider[menu×2|f=menuitem:Provider|h=Codex]@19.7 ; Enter>menuitem:Provider[menu×2|f=menuitem:Provider|h=Codex]@19.8
chromium-dark-desktop › orbit-submenu-sample sub-enter-down-enter burst sample 7,orbit-submenu-sample,submenu,sub-enter-down-enter,sub-enter-enter,burst,7,Enter ArrowDown Enter,none | menu×2 | @menuitem:Codex,1,0,Enter>menuitem:Provider[menu×1|f=menuitem:Provider|h=Provider]@5.5 ; ArrowDown>menuitem:Provider[menu×2|f=menuitem:Provider|h=Codex]@19.3 ; Enter>menuitem:Provider[menu×2|f=menuitem:Provider|h=Codex]@19.5
chromium-dark-desktop › orbit-submenu-sample sub-enter-down-enter burst sample 8,orbit-submenu-sample,submenu,sub-enter-down-enter,sub-enter-enter,burst,8,Enter ArrowDown Enter,none | menu×2 | @menuitem:Codex,1,0,Enter>menuitem:Provider[menu×1|f=menuitem:Provider|h=Provider]@7.5 ; ArrowDown>menuitem:Provider[menu×2|f=menuitem:Provider|h=Codex]@22.6 ; Enter>menuitem:Provider[menu×2|f=menuitem:Provider|h=Codex]@23
chromium-dark-desktop › orbit-submenu-sample sub-enter-down-enter burst sample 9,orbit-submenu-sample,submenu,sub-enter-down-enter,sub-enter-enter,burst,9,Enter ArrowDown Enter,none | menu×2 | @menuitem:Codex,1,0,Enter>menuitem:Provider[menu×1|f=menuitem:Provider|h=Provider]@10.5 ; ArrowDown>menuitem:Provider[menu×2|f=menuitem:Provider|h=Codex]@24.2 ; Enter>menuitem:Provider[menu×2|f=menuitem:Provider|h=Codex]@24.4
chromium-dark-desktop › orbit-submenu-sample sub-enter-down-enter burst sample 10,orbit-submenu-sample,submenu,sub-enter-down-enter,sub-enter-enter,burst,10,Enter ArrowDown Enter,none | menu×2 | @menuitem:Codex,1,0,Enter>menuitem:Provider[menu×1|f=menuitem:Provider|h=Provider]@5.6 ; ArrowDown>menuitem:Provider[menu×2|f=menuitem:Provider|h=Codex]@19.4 ; Enter>menuitem:Provider[menu×2|f=menuitem:Provider|h=Codex]@19.6
chromium-dark-desktop › orbit-submenu-sample sub-enter-down-enter burst sample 11,orbit-submenu-sample,submenu,sub-enter-down-enter,sub-enter-enter,burst,11,Enter ArrowDown Enter,none | menu×2 | @menuitem:Codex,1,0,Enter>menuitem:Provider[menu×1|f=menuitem:Provider|h=Provider]@8 ; ArrowDown>menuitem:Provider[menu×2|f=menuitem:Provider|h=Codex]@21 ; Enter>menuitem:Provider[menu×2|f=menuitem:Provider|h=Codex]@21.3
chromium-dark-desktop › orbit-submenu-sample sub-enter-down-enter burst sample 12,orbit-submenu-sample,submenu,sub-enter-down-enter,sub-enter-enter,burst,12,Enter ArrowDown Enter,none | menu×2 | @menuitem:Codex,1,0,Enter>menuitem:Provider[menu×1|f=menuitem:Provider|h=Provider]@16.9 ; ArrowDown>menuitem:Provider[menu×2|f=menuitem:Provider|h=Codex]@31.9 ; Enter>menuitem:Provider[menu×2|f=menuitem:Provider|h=Codex]@32.2
chromium-dark-desktop › orbit-submenu-sample sub-enter-down-enter burst sample 13,orbit-submenu-sample,submenu,sub-enter-down-enter,sub-enter-enter,burst,13,Enter ArrowDown Enter,none | menu×2 | @menuitem:Codex,1,0,Enter>menuitem:Provider[menu×1|f=menuitem:Provider|h=Provider]@4.5 ; ArrowDown>menuitem:Provider[menu×2|f=menuitem:Provider|h=Codex]@20.2 ; Enter>menuitem:Provider[menu×2|f=menuitem:Provider|h=Codex]@20.4
chromium-dark-desktop › orbit-submenu-sample sub-enter-down-enter burst sample 14,orbit-submenu-sample,submenu,sub-enter-down-enter,sub-enter-enter,burst,14,Enter ArrowDown Enter,none | menu×2 | @menuitem:Codex,1,0,Enter>menuitem:Provider[menu×1|f=menuitem:Provider|h=Provider]@9.2 ; ArrowDown>menuitem:Provider[menu×2|f=menuitem:Provider|h=Codex]@27 ; Enter>menuitem:Provider[menu×2|f=menuitem:Provider|h=Codex]@27.3
chromium-dark-desktop › orbit-submenu-sample sub-enter-down-enter burst sample 15,orbit-submenu-sample,submenu,sub-enter-down-enter,sub-enter-enter,burst,15,Enter ArrowDown Enter,none | menu×2 | @menuitem:Codex,1,0,Enter>menuitem:Provider[menu×1|f=menuitem:Provider|h=Provider]@10.9 ; ArrowDown>menuitem:Provider[menu×2|f=menuitem:Provider|h=Codex]@25.3 ; Enter>menuitem:Provider[menu×2|f=menuitem:Provider|h=Codex]@25.6
chromium-dark-desktop › orbit-submenu-sample sub-enter-down-enter burst sample 16,orbit-submenu-sample,submenu,sub-enter-down-enter,sub-enter-enter,burst,16,Enter ArrowDown Enter,none | menu×2 | @menuitem:Codex,1,0,Enter>menuitem:Provider[menu×1|f=menuitem:Provider|h=Provider]@5.1 ; ArrowDown>menuitem:Provider[menu×2|f=menuitem:Provider|h=Codex]@21.6 ; Enter>menuitem:Provider[menu×2|f=menuitem:Provider|h=Codex]@21.9
chromium-dark-desktop › orbit-submenu-sample sub-enter-down-enter burst sample 17,orbit-submenu-sample,submenu,sub-enter-down-enter,sub-enter-enter,burst,17,Enter ArrowDown Enter,none | menu×2 | @menuitem:Codex,1,0,Enter>menuitem:Provider[menu×1|f=menuitem:Provider|h=Provider]@13.5 ; ArrowDown>menuitem:Provider[menu×2|f=menuitem:Provider|h=Codex]@29.5 ; Enter>menuitem:Provider[menu×2|f=menuitem:Provider|h=Codex]@29.8
chromium-dark-desktop › orbit-submenu-sample sub-enter-down-enter burst sample 18,orbit-submenu-sample,submenu,sub-enter-down-enter,sub-enter-enter,burst,18,Enter ArrowDown Enter,none | menu×2 | @menuitem:Codex,1,0,Enter>menuitem:Provider[menu×1|f=menuitem:Provider|h=Provider]@6.3 ; ArrowDown>menuitem:Provider[menu×2|f=menuitem:Provider|h=Codex]@20.1 ; Enter>menuitem:Provider[menu×2|f=menuitem:Provider|h=Codex]@20.4
chromium-dark-desktop › orbit-submenu-sample sub-enter-down-enter burst sample 19,orbit-submenu-sample,submenu,sub-enter-down-enter,sub-enter-enter,burst,19,Enter ArrowDown Enter,none | menu×2 | @menuitem:Codex,1,0,Enter>menuitem:Provider[menu×1|f=menuitem:Provider|h=Provider]@9 ; ArrowDown>menuitem:Provider[menu×2|f=menuitem:Provider|h=Codex]@23.1 ; Enter>menuitem:Provider[menu×2|f=menuitem:Provider|h=Codex]@23.4
chromium-dark-desktop › orbit-submenu-sample sub-enter-down-enter paced sample 0,orbit-submenu-sample,submenu,sub-enter-down-enter,sub-enter-enter,paced,0,Enter ArrowDown Enter,ran Claude | none | @button:Add attachment,0,0,Enter>menuitem:Provider[menu×1|f=menuitem:Provider|h=Provider]@3.6 ; ArrowDown>menuitem:Codex[menu×2|f=menuitem:Codex|h=Codex]@328 ; Enter>menuitem:Claude[menu×2|f=menuitem:Claude|h=Claude]@634
chromium-dark-desktop › orbit-submenu-sample sub-enter-down-enter paced sample 1,orbit-submenu-sample,submenu,sub-enter-down-enter,sub-enter-enter,paced,1,Enter ArrowDown Enter,ran Claude | none | @button:Add attachment,0,0,Enter>menuitem:Provider[menu×1|f=menuitem:Provider|h=Provider]@16.9 ; ArrowDown>menuitem:Codex[menu×2|f=menuitem:Codex|h=Codex]@341 ; Enter>menuitem:Claude[menu×2|f=menuitem:Claude|h=Claude]@647.2
chromium-dark-desktop › orbit-submenu-sample sub-enter-down-enter paced sample 2,orbit-submenu-sample,submenu,sub-enter-down-enter,sub-enter-enter,paced,2,Enter ArrowDown Enter,ran Claude | none | @button:Add attachment,0,0,Enter>menuitem:Provider[menu×1|f=menuitem:Provider|h=Provider]@4 ; ArrowDown>menuitem:Codex[menu×2|f=menuitem:Codex|h=Codex]@327.7 ; Enter>menuitem:Claude[menu×2|f=menuitem:Claude|h=Claude]@633.7
chromium-dark-desktop › orbit-submenu-sample sub-enter-down-enter paced sample 3,orbit-submenu-sample,submenu,sub-enter-down-enter,sub-enter-enter,paced,3,Enter ArrowDown Enter,ran Claude | none | @button:Add attachment,0,0,Enter>menuitem:Provider[menu×1|f=menuitem:Provider|h=Provider]@7.6 ; ArrowDown>menuitem:Codex[menu×2|f=menuitem:Codex|h=Codex]@330.3 ; Enter>menuitem:Claude[menu×2|f=menuitem:Claude|h=Claude]@635.6
chromium-dark-desktop › orbit-submenu-sample sub-enter-down-enter paced sample 4,orbit-submenu-sample,submenu,sub-enter-down-enter,sub-enter-enter,paced,4,Enter ArrowDown Enter,ran Claude | none | @button:Add attachment,0,0,Enter>menuitem:Provider[menu×1|f=menuitem:Provider|h=Provider]@8.8 ; ArrowDown>menuitem:Codex[menu×2|f=menuitem:Codex|h=Codex]@329.8 ; Enter>menuitem:Claude[menu×2|f=menuitem:Claude|h=Claude]@636.8
chromium-dark-desktop › orbit-submenu-sample sub-enter-down-enter paced sample 5,orbit-submenu-sample,submenu,sub-enter-down-enter,sub-enter-enter,paced,5,Enter ArrowDown Enter,ran Claude | none | @button:Add attachment,0,0,Enter>menuitem:Provider[menu×1|f=menuitem:Provider|h=Provider]@19.6 ; ArrowDown>menuitem:Codex[menu×2|f=menuitem:Codex|h=Codex]@341.4 ; Enter>menuitem:Claude[menu×2|f=menuitem:Claude|h=Claude]@647.7
chromium-dark-desktop › orbit-submenu-sample sub-enter-down-enter paced sample 6,orbit-submenu-sample,submenu,sub-enter-down-enter,sub-enter-enter,paced,6,Enter ArrowDown Enter,ran Claude | none | @button:Add attachment,0,0,Enter>menuitem:Provider[menu×1|f=menuitem:Provider|h=Provider]@3.3 ; ArrowDown>menuitem:Codex[menu×2|f=menuitem:Codex|h=Codex]@330.2 ; Enter>menuitem:Claude[menu×2|f=menuitem:Claude|h=Claude]@637.7
chromium-dark-desktop › orbit-submenu-sample sub-enter-down-enter paced sample 7,orbit-submenu-sample,submenu,sub-enter-down-enter,sub-enter-enter,paced,7,Enter ArrowDown Enter,ran Claude | none | @button:Add attachment,0,0,Enter>menuitem:Provider[menu×1|f=menuitem:Provider|h=Provider]@9.9 ; ArrowDown>menuitem:Codex[menu×2|f=menuitem:Codex|h=Codex]@335.3 ; Enter>menuitem:Claude[menu×2|f=menuitem:Claude|h=Claude]@641.3
chromium-dark-desktop › orbit-submenu-sample sub-enter-down-enter paced sample 8,orbit-submenu-sample,submenu,sub-enter-down-enter,sub-enter-enter,paced,8,Enter ArrowDown Enter,ran Claude | none | @button:Add attachment,0,0,Enter>menuitem:Provider[menu×1|f=menuitem:Provider|h=Provider]@12.5 ; ArrowDown>menuitem:Codex[menu×2|f=menuitem:Codex|h=Codex]@335.6 ; Enter>menuitem:Claude[menu×2|f=menuitem:Claude|h=Claude]@641.7
chromium-dark-desktop › orbit-submenu-sample sub-enter-down-enter paced sample 9,orbit-submenu-sample,submenu,sub-enter-down-enter,sub-enter-enter,paced,9,Enter ArrowDown Enter,ran Claude | none | @button:Add attachment,0,0,Enter>menuitem:Provider[menu×1|f=menuitem:Provider|h=Provider]@10.6 ; ArrowDown>menuitem:Codex[menu×2|f=menuitem:Codex|h=Codex]@333.3 ; Enter>menuitem:Claude[menu×2|f=menuitem:Claude|h=Claude]@638.8
chromium-dark-desktop › orbit-submenu-sample sub-enter-down-enter paced sample 10,orbit-submenu-sample,submenu,sub-enter-down-enter,sub-enter-enter,paced,10,Enter ArrowDown Enter,ran Claude | none | @button:Add attachment,0,0,Enter>menuitem:Provider[menu×1|f=menuitem:Provider|h=Provider]@10.6 ; ArrowDown>menuitem:Codex[menu×2|f=menuitem:Codex|h=Codex]@332.7 ; Enter>menuitem:Claude[menu×2|f=menuitem:Claude|h=Claude]@639
chromium-dark-desktop › orbit-submenu-sample sub-enter-down-enter paced sample 11,orbit-submenu-sample,submenu,sub-enter-down-enter,sub-enter-enter,paced,11,Enter ArrowDown Enter,ran Claude | none | @button:Add attachment,0,0,Enter>menuitem:Provider[menu×1|f=menuitem:Provider|h=Provider]@13.4 ; ArrowDown>menuitem:Codex[menu×2|f=menuitem:Codex|h=Codex]@340.2 ; Enter>menuitem:Claude[menu×2|f=menuitem:Claude|h=Claude]@646.4
chromium-dark-desktop › orbit-submenu-sample sub-enter-down-enter paced sample 12,orbit-submenu-sample,submenu,sub-enter-down-enter,sub-enter-enter,paced,12,Enter ArrowDown Enter,ran Claude | none | @button:Add attachment,0,0,Enter>menuitem:Provider[menu×1|f=menuitem:Provider|h=Provider]@5.2 ; ArrowDown>menuitem:Codex[menu×2|f=menuitem:Codex|h=Codex]@328.9 ; Enter>menuitem:Claude[menu×2|f=menuitem:Claude|h=Claude]@633.9
chromium-dark-desktop › orbit-submenu-sample sub-enter-down-enter paced sample 13,orbit-submenu-sample,submenu,sub-enter-down-enter,sub-enter-enter,paced,13,Enter ArrowDown Enter,ran Claude | none | @button:Add attachment,0,0,Enter>menuitem:Provider[menu×1|f=menuitem:Provider|h=Provider]@16.4 ; ArrowDown>menuitem:Codex[menu×2|f=menuitem:Codex|h=Codex]@338.9 ; Enter>menuitem:Claude[menu×2|f=menuitem:Claude|h=Claude]@645
chromium-dark-desktop › orbit-submenu-sample sub-enter-down-enter paced sample 14,orbit-submenu-sample,submenu,sub-enter-down-enter,sub-enter-enter,paced,14,Enter ArrowDown Enter,ran Claude | none | @button:Add attachment,0,0,Enter>menuitem:Provider[menu×1|f=menuitem:Provider|h=Provider]@15.7 ; ArrowDown>menuitem:Codex[menu×2|f=menuitem:Codex|h=Codex]@339.1 ; Enter>menuitem:Claude[menu×2|f=menuitem:Claude|h=Claude]@644.7
chromium-dark-desktop › orbit-submenu-sample sub-enter-down-enter paced sample 15,orbit-submenu-sample,submenu,sub-enter-down-enter,sub-enter-enter,paced,15,Enter ArrowDown Enter,ran Claude | none | @button:Add attachment,0,0,Enter>menuitem:Provider[menu×1|f=menuitem:Provider|h=Provider]@16 ; ArrowDown>menuitem:Codex[menu×2|f=menuitem:Codex|h=Codex]@339.3 ; Enter>menuitem:Claude[menu×2|f=menuitem:Claude|h=Claude]@646.1
chromium-dark-desktop › orbit-submenu-sample sub-enter-down-enter paced sample 16,orbit-submenu-sample,submenu,sub-enter-down-enter,sub-enter-enter,paced,16,Enter ArrowDown Enter,ran Claude | none | @button:Add attachment,0,0,Enter>menuitem:Provider[menu×1|f=menuitem:Provider|h=Provider]@5.3 ; ArrowDown>menuitem:Codex[menu×2|f=menuitem:Codex|h=Codex]@327.6 ; Enter>menuitem:Claude[menu×2|f=menuitem:Claude|h=Claude]@633.5
chromium-dark-desktop › orbit-submenu-sample sub-enter-down-enter paced sample 17,orbit-submenu-sample,submenu,sub-enter-down-enter,sub-enter-enter,paced,17,Enter ArrowDown Enter,ran Claude | none | @button:Add attachment,0,0,Enter>menuitem:Provider[menu×1|f=menuitem:Provider|h=Provider]@18 ; ArrowDown>menuitem:Codex[menu×2|f=menuitem:Codex|h=Codex]@340.3 ; Enter>menuitem:Claude[menu×2|f=menuitem:Claude|h=Claude]@645.9
chromium-dark-desktop › orbit-submenu-sample sub-enter-down-enter paced sample 18,orbit-submenu-sample,submenu,sub-enter-down-enter,sub-enter-enter,paced,18,Enter ArrowDown Enter,ran Claude | none | @button:Add attachment,0,0,Enter>menuitem:Provider[menu×1|f=menuitem:Provider|h=Provider]@17.9 ; ArrowDown>menuitem:Codex[menu×2|f=menuitem:Codex|h=Codex]@344.8 ; Enter>menuitem:Claude[menu×2|f=menuitem:Claude|h=Claude]@651
chromium-dark-desktop › orbit-submenu-sample sub-enter-down-enter paced sample 19,orbit-submenu-sample,submenu,sub-enter-down-enter,sub-enter-enter,paced,19,Enter ArrowDown Enter,ran Claude | none | @button:Add attachment,0,0,Enter>menuitem:Provider[menu×1|f=menuitem:Provider|h=Provider]@9.9 ; ArrowDown>menuitem:Codex[menu×2|f=menuitem:Codex|h=Codex]@335.6 ; Enter>menuitem:Claude[menu×2|f=menuitem:Claude|h=Claude]@641.4
chromium-dark-desktop › antd-submenu sub-enter-down-enter burst sample 0,antd-submenu,submenu,sub-enter-down-enter,sub-enter-enter,burst,0,Enter ArrowDown Enter,none | menu×2 | @menuitem:Codex,0,0,Enter>menuitem:Provider[menu×1|f=menuitem:Provider|h=None]@3.3 ; ArrowDown>menuitem:Provider[menu×1|f=menuitem:Provider|h=None]@6.5 ; Enter>menuitem:Provider[menu×1|f=menuitem:Provider|h=None]@7.2
chromium-dark-desktop › antd-submenu sub-enter-down-enter burst sample 1,antd-submenu,submenu,sub-enter-down-enter,sub-enter-enter,burst,1,Enter ArrowDown Enter,none | menu×2 | @menuitem:Codex,0,0,Enter>menuitem:Provider[menu×1|f=menuitem:Provider|h=None]@9.4 ; ArrowDown>menuitem:Provider[menu×1|f=menuitem:Provider|h=None]@12.7 ; Enter>menuitem:Provider[menu×1|f=menuitem:Provider|h=None]@13.6
chromium-dark-desktop › antd-submenu sub-enter-down-enter burst sample 2,antd-submenu,submenu,sub-enter-down-enter,sub-enter-enter,burst,2,Enter ArrowDown Enter,none | menu×2 | @menuitem:Codex,0,0,Enter>menuitem:Provider[menu×1|f=menuitem:Provider|h=None]@6.2 ; ArrowDown>menuitem:Provider[menu×1|f=menuitem:Provider|h=None]@9.6 ; Enter>menuitem:Provider[menu×1|f=menuitem:Provider|h=None]@10.6
chromium-dark-desktop › antd-submenu sub-enter-down-enter burst sample 3,antd-submenu,submenu,sub-enter-down-enter,sub-enter-enter,burst,3,Enter ArrowDown Enter,none | menu×2 | @menuitem:Codex,0,0,Enter>menuitem:Provider[menu×1|f=menuitem:Provider|h=None]@18.3 ; ArrowDown>menuitem:Provider[menu×1|f=menuitem:Provider|h=None]@21.9 ; Enter>menuitem:Provider[menu×1|f=menuitem:Provider|h=None]@22.9
chromium-dark-desktop › antd-submenu sub-enter-down-enter burst sample 4,antd-submenu,submenu,sub-enter-down-enter,sub-enter-enter,burst,4,Enter ArrowDown Enter,none | menu×2 | @menuitem:Codex,0,0,Enter>menuitem:Provider[menu×1|f=menuitem:Provider|h=None]@15.7 ; ArrowDown>menuitem:Provider[menu×1|f=menuitem:Provider|h=None]@18.8 ; Enter>menuitem:Provider[menu×1|f=menuitem:Provider|h=None]@19.6
chromium-dark-desktop › antd-submenu sub-enter-down-enter burst sample 5,antd-submenu,submenu,sub-enter-down-enter,sub-enter-enter,burst,5,Enter ArrowDown Enter,none | menu×2 | @menuitem:Codex,0,0,Enter>menuitem:Provider[menu×1|f=menuitem:Provider|h=None]@8.9 ; ArrowDown>menuitem:Provider[menu×1|f=menuitem:Provider|h=None]@12.2 ; Enter>menuitem:Provider[menu×1|f=menuitem:Provider|h=None]@13.1
chromium-dark-desktop › antd-submenu sub-enter-down-enter burst sample 6,antd-submenu,submenu,sub-enter-down-enter,sub-enter-enter,burst,6,Enter ArrowDown Enter,none | menu×2 | @menuitem:Codex,0,0,Enter>menuitem:Provider[menu×1|f=menuitem:Provider|h=None]@16.8 ; ArrowDown>menuitem:Provider[menu×1|f=menuitem:Provider|h=None]@20.1 ; Enter>menuitem:Provider[menu×1|f=menuitem:Provider|h=None]@20.9
chromium-dark-desktop › antd-submenu sub-enter-down-enter burst sample 7,antd-submenu,submenu,sub-enter-down-enter,sub-enter-enter,burst,7,Enter ArrowDown Enter,none | menu×2 | @menuitem:Codex,0,0,Enter>menuitem:Provider[menu×1|f=menuitem:Provider|h=None]@20.5 ; ArrowDown>menuitem:Provider[menu×1|f=menuitem:Provider|h=None]@23.8 ; Enter>menuitem:Provider[menu×1|f=menuitem:Provider|h=None]@24.6
chromium-dark-desktop › antd-submenu sub-enter-down-enter burst sample 8,antd-submenu,submenu,sub-enter-down-enter,sub-enter-enter,burst,8,Enter ArrowDown Enter,none | menu×2 | @menuitem:Codex,0,0,Enter>menuitem:Provider[menu×1|f=menuitem:Provider|h=None]@16.6 ; ArrowDown>menuitem:Provider[menu×1|f=menuitem:Provider|h=None]@20 ; Enter>menuitem:Provider[menu×1|f=menuitem:Provider|h=None]@20.9
chromium-dark-desktop › antd-submenu sub-enter-down-enter burst sample 9,antd-submenu,submenu,sub-enter-down-enter,sub-enter-enter,burst,9,Enter ArrowDown Enter,none | menu×2 | @menuitem:Codex,0,0,Enter>menuitem:Provider[menu×1|f=menuitem:Provider|h=None]@8 ; ArrowDown>menuitem:Provider[menu×1|f=menuitem:Provider|h=None]@11.5 ; Enter>menuitem:Provider[menu×1|f=menuitem:Provider|h=None]@12.4
chromium-dark-desktop › antd-submenu sub-enter-down-enter burst sample 10,antd-submenu,submenu,sub-enter-down-enter,sub-enter-enter,burst,10,Enter ArrowDown Enter,none | menu×2 | @menuitem:Codex,0,0,Enter>menuitem:Provider[menu×1|f=menuitem:Provider|h=None]@19.8 ; ArrowDown>menuitem:Provider[menu×1|f=menuitem:Provider|h=None]@23.3 ; Enter>menuitem:Provider[menu×1|f=menuitem:Provider|h=None]@24.2
chromium-dark-desktop › antd-submenu sub-enter-down-enter burst sample 11,antd-submenu,submenu,sub-enter-down-enter,sub-enter-enter,burst,11,Enter ArrowDown Enter,none | menu×2 | @menuitem:Codex,0,0,Enter>menuitem:Provider[menu×1|f=menuitem:Provider|h=None]@3.5 ; ArrowDown>menuitem:Provider[menu×1|f=menuitem:Provider|h=None]@6.4 ; Enter>menuitem:Provider[menu×1|f=menuitem:Provider|h=None]@7.1
chromium-dark-desktop › antd-submenu sub-enter-down-enter burst sample 12,antd-submenu,submenu,sub-enter-down-enter,sub-enter-enter,burst,12,Enter ArrowDown Enter,none | menu×2 | @menuitem:Codex,0,0,Enter>menuitem:Provider[menu×1|f=menuitem:Provider|h=None]@16 ; ArrowDown>menuitem:Provider[menu×1|f=menuitem:Provider|h=None]@19.2 ; Enter>menuitem:Provider[menu×1|f=menuitem:Provider|h=None]@20
chromium-dark-desktop › antd-submenu sub-enter-down-enter burst sample 13,antd-submenu,submenu,sub-enter-down-enter,sub-enter-enter,burst,13,Enter ArrowDown Enter,none | menu×2 | @menuitem:Codex,0,0,Enter>menuitem:Provider[menu×1|f=menuitem:Provider|h=None]@15.6 ; ArrowDown>menuitem:Provider[menu×1|f=menuitem:Provider|h=None]@18.8 ; Enter>menuitem:Provider[menu×1|f=menuitem:Provider|h=None]@19.7
chromium-dark-desktop › antd-submenu sub-enter-down-enter burst sample 14,antd-submenu,submenu,sub-enter-down-enter,sub-enter-enter,burst,14,Enter ArrowDown Enter,none | menu×2 | @menuitem:Codex,0,0,Enter>menuitem:Provider[menu×1|f=menuitem:Provider|h=None]@3.6 ; ArrowDown>menuitem:Provider[menu×1|f=menuitem:Provider|h=None]@7 ; Enter>menuitem:Provider[menu×1|f=menuitem:Provider|h=None]@7.7
chromium-dark-desktop › antd-submenu sub-enter-down-enter burst sample 15,antd-submenu,submenu,sub-enter-down-enter,sub-enter-enter,burst,15,Enter ArrowDown Enter,none | menu×2 | @menuitem:Codex,0,0,Enter>menuitem:Provider[menu×1|f=menuitem:Provider|h=None]@9.6 ; ArrowDown>menuitem:Provider[menu×1|f=menuitem:Provider|h=None]@12.9 ; Enter>menuitem:Provider[menu×1|f=menuitem:Provider|h=None]@13.7
chromium-dark-desktop › antd-submenu sub-enter-down-enter burst sample 16,antd-submenu,submenu,sub-enter-down-enter,sub-enter-enter,burst,16,Enter ArrowDown Enter,none | menu×2 | @menuitem:Codex,0,0,Enter>menuitem:Provider[menu×1|f=menuitem:Provider|h=None]@12.5 ; ArrowDown>menuitem:Provider[menu×1|f=menuitem:Provider|h=None]@16 ; Enter>menuitem:Provider[menu×1|f=menuitem:Provider|h=None]@17
chromium-dark-desktop › antd-submenu sub-enter-down-enter burst sample 17,antd-submenu,submenu,sub-enter-down-enter,sub-enter-enter,burst,17,Enter ArrowDown Enter,none | menu×2 | @menuitem:Codex,0,0,Enter>menuitem:Provider[menu×1|f=menuitem:Provider|h=None]@12.1 ; ArrowDown>menuitem:Provider[menu×1|f=menuitem:Provider|h=None]@15.7 ; Enter>menuitem:Provider[menu×1|f=menuitem:Provider|h=None]@16.6
chromium-dark-desktop › antd-submenu sub-enter-down-enter burst sample 18,antd-submenu,submenu,sub-enter-down-enter,sub-enter-enter,burst,18,Enter ArrowDown Enter,none | menu×2 | @menuitem:Codex,0,0,Enter>menuitem:Provider[menu×1|f=menuitem:Provider|h=None]@15.3 ; ArrowDown>menuitem:Provider[menu×1|f=menuitem:Provider|h=None]@18.5 ; Enter>menuitem:Provider[menu×1|f=menuitem:Provider|h=None]@19.3
chromium-dark-desktop › antd-submenu sub-enter-down-enter burst sample 19,antd-submenu,submenu,sub-enter-down-enter,sub-enter-enter,burst,19,Enter ArrowDown Enter,none | menu×2 | @menuitem:Codex,0,0,Enter>menuitem:Provider[menu×1|f=menuitem:Provider|h=None]@3.4 ; ArrowDown>menuitem:Provider[menu×1|f=menuitem:Provider|h=None]@6.8 ; Enter>menuitem:Provider[menu×1|f=menuitem:Provider|h=None]@7.6
chromium-dark-desktop › antd-submenu sub-enter-down-enter paced sample 0,antd-submenu,submenu,sub-enter-down-enter,sub-enter-enter,paced,0,Enter ArrowDown Enter,ran Claude | menu×1 | @menuitem:Claude,0,0,Enter>menuitem:Provider[menu×1|f=menuitem:Provider|h=None]@5 ; ArrowDown>menuitem:Codex[menu×2|f=menuitem:Codex|h=None]@311.9 ; Enter>menuitem:Claude[menu×2|f=menuitem:Claude|h=None]@618.1
chromium-dark-desktop › antd-submenu sub-enter-down-enter paced sample 1,antd-submenu,submenu,sub-enter-down-enter,sub-enter-enter,paced,1,Enter ArrowDown Enter,ran Claude | menu×1 | @menuitem:Claude,0,0,Enter>menuitem:Provider[menu×1|f=menuitem:Provider|h=None]@19.6 ; ArrowDown>menuitem:Codex[menu×2|f=menuitem:Codex|h=None]@329.3 ; Enter>menuitem:Claude[menu×2|f=menuitem:Claude|h=None]@641.2
chromium-dark-desktop › antd-submenu sub-enter-down-enter paced sample 2,antd-submenu,submenu,sub-enter-down-enter,sub-enter-enter,paced,2,Enter ArrowDown Enter,ran Claude | menu×1 | @menuitem:Claude,0,0,Enter>menuitem:Provider[menu×1|f=menuitem:Provider|h=None]@20.4 ; ArrowDown>menuitem:Codex[menu×2|f=menuitem:Codex|h=None]@328.8 ; Enter>menuitem:Claude[menu×2|f=menuitem:Claude|h=None]@637.5
chromium-dark-desktop › antd-submenu sub-enter-down-enter paced sample 3,antd-submenu,submenu,sub-enter-down-enter,sub-enter-enter,paced,3,Enter ArrowDown Enter,ran Claude | menu×1 | @menuitem:Claude,0,0,Enter>menuitem:Provider[menu×1|f=menuitem:Provider|h=None]@20.1 ; ArrowDown>menuitem:Codex[menu×2|f=menuitem:Codex|h=None]@327.5 ; Enter>menuitem:Claude[menu×2|f=menuitem:Claude|h=None]@642.1
chromium-dark-desktop › antd-submenu sub-enter-down-enter paced sample 4,antd-submenu,submenu,sub-enter-down-enter,sub-enter-enter,paced,4,Enter ArrowDown Enter,ran Claude | menu×1 | @menuitem:Claude,0,0,Enter>menuitem:Provider[menu×1|f=menuitem:Provider|h=None]@17.8 ; ArrowDown>menuitem:Codex[menu×2|f=menuitem:Codex|h=None]@327.8 ; Enter>menuitem:Claude[menu×2|f=menuitem:Claude|h=None]@638.4
chromium-dark-desktop › antd-submenu sub-enter-down-enter paced sample 5,antd-submenu,submenu,sub-enter-down-enter,sub-enter-enter,paced,5,Enter ArrowDown Enter,ran Claude | menu×1 | @menuitem:Claude,0,0,Enter>menuitem:Provider[menu×1|f=menuitem:Provider|h=None]@21.7 ; ArrowDown>menuitem:Codex[menu×2|f=menuitem:Codex|h=None]@332.4 ; Enter>menuitem:Claude[menu×2|f=menuitem:Claude|h=None]@643.4
chromium-dark-desktop › antd-submenu sub-enter-down-enter paced sample 6,antd-submenu,submenu,sub-enter-down-enter,sub-enter-enter,paced,6,Enter ArrowDown Enter,ran Claude | menu×1 | @menuitem:Claude,0,0,Enter>menuitem:Provider[menu×1|f=menuitem:Provider|h=None]@4.5 ; ArrowDown>menuitem:Codex[menu×2|f=menuitem:Codex|h=None]@312.3 ; Enter>menuitem:Claude[menu×2|f=menuitem:Claude|h=None]@624.2
chromium-dark-desktop › antd-submenu sub-enter-down-enter paced sample 7,antd-submenu,submenu,sub-enter-down-enter,sub-enter-enter,paced,7,Enter ArrowDown Enter,ran Claude | menu×1 | @menuitem:Claude,0,0,Enter>menuitem:Provider[menu×1|f=menuitem:Provider|h=None]@17.6 ; ArrowDown>menuitem:Codex[menu×2|f=menuitem:Codex|h=None]@325.9 ; Enter>menuitem:Claude[menu×2|f=menuitem:Claude|h=None]@635
chromium-dark-desktop › antd-submenu sub-enter-down-enter paced sample 8,antd-submenu,submenu,sub-enter-down-enter,sub-enter-enter,paced,8,Enter ArrowDown Enter,ran Claude | menu×1 | @menuitem:Claude,0,0,Enter>menuitem:Provider[menu×1|f=menuitem:Provider|h=None]@18.2 ; ArrowDown>menuitem:Codex[menu×2|f=menuitem:Codex|h=None]@326.9 ; Enter>menuitem:Claude[menu×2|f=menuitem:Claude|h=None]@642.8
chromium-dark-desktop › antd-submenu sub-enter-down-enter paced sample 9,antd-submenu,submenu,sub-enter-down-enter,sub-enter-enter,paced,9,Enter ArrowDown Enter,ran Claude | menu×1 | @menuitem:Claude,0,0,Enter>menuitem:Provider[menu×1|f=menuitem:Provider|h=None]@17.9 ; ArrowDown>menuitem:Codex[menu×2|f=menuitem:Codex|h=None]@327 ; Enter>menuitem:Claude[menu×2|f=menuitem:Claude|h=None]@640.7
chromium-dark-desktop › antd-submenu sub-enter-down-enter paced sample 10,antd-submenu,submenu,sub-enter-down-enter,sub-enter-enter,paced,10,Enter ArrowDown Enter,ran Claude | menu×1 | @menuitem:Claude,0,0,Enter>menuitem:Provider[menu×1|f=menuitem:Provider|h=None]@14.6 ; ArrowDown>menuitem:Codex[menu×2|f=menuitem:Codex|h=None]@321.6 ; Enter>menuitem:Claude[menu×2|f=menuitem:Claude|h=None]@629.6
chromium-dark-desktop › antd-submenu sub-enter-down-enter paced sample 11,antd-submenu,submenu,sub-enter-down-enter,sub-enter-enter,paced,11,Enter ArrowDown Enter,ran Claude | menu×1 | @menuitem:Claude,0,0,Enter>menuitem:Provider[menu×1|f=menuitem:Provider|h=None]@13.6 ; ArrowDown>menuitem:Codex[menu×2|f=menuitem:Codex|h=None]@321.7 ; Enter>menuitem:Claude[menu×2|f=menuitem:Claude|h=None]@628.6
chromium-dark-desktop › antd-submenu sub-enter-down-enter paced sample 12,antd-submenu,submenu,sub-enter-down-enter,sub-enter-enter,paced,12,Enter ArrowDown Enter,ran Claude | menu×1 | @menuitem:Claude,0,0,Enter>menuitem:Provider[menu×1|f=menuitem:Provider|h=None]@15 ; ArrowDown>menuitem:Codex[menu×2|f=menuitem:Codex|h=None]@321.4 ; Enter>menuitem:Claude[menu×2|f=menuitem:Claude|h=None]@630.7
chromium-dark-desktop › antd-submenu sub-enter-down-enter paced sample 13,antd-submenu,submenu,sub-enter-down-enter,sub-enter-enter,paced,13,Enter ArrowDown Enter,ran Claude | menu×1 | @menuitem:Claude,0,0,Enter>menuitem:Provider[menu×1|f=menuitem:Provider|h=None]@4.7 ; ArrowDown>menuitem:Codex[menu×2|f=menuitem:Codex|h=None]@312.6 ; Enter>menuitem:Claude[menu×2|f=menuitem:Claude|h=None]@620.5
chromium-dark-desktop › antd-submenu sub-enter-down-enter paced sample 14,antd-submenu,submenu,sub-enter-down-enter,sub-enter-enter,paced,14,Enter ArrowDown Enter,ran Claude | menu×1 | @menuitem:Claude,0,0,Enter>menuitem:Provider[menu×1|f=menuitem:Provider|h=None]@7.1 ; ArrowDown>menuitem:Codex[menu×2|f=menuitem:Codex|h=None]@313.3 ; Enter>menuitem:Claude[menu×2|f=menuitem:Claude|h=None]@619.9
chromium-dark-desktop › antd-submenu sub-enter-down-enter paced sample 15,antd-submenu,submenu,sub-enter-down-enter,sub-enter-enter,paced,15,Enter ArrowDown Enter,ran Claude | menu×1 | @menuitem:Claude,0,0,Enter>menuitem:Provider[menu×1|f=menuitem:Provider|h=None]@3.7 ; ArrowDown>menuitem:Codex[menu×2|f=menuitem:Codex|h=None]@312.9 ; Enter>menuitem:Claude[menu×2|f=menuitem:Claude|h=None]@621.8
chromium-dark-desktop › antd-submenu sub-enter-down-enter paced sample 16,antd-submenu,submenu,sub-enter-down-enter,sub-enter-enter,paced,16,Enter ArrowDown Enter,ran Claude | menu×1 | @menuitem:Claude,0,0,Enter>menuitem:Provider[menu×1|f=menuitem:Provider|h=None]@3.5 ; ArrowDown>menuitem:Codex[menu×2|f=menuitem:Codex|h=None]@310.6 ; Enter>menuitem:Claude[menu×2|f=menuitem:Claude|h=None]@619.7
chromium-dark-desktop › antd-submenu sub-enter-down-enter paced sample 17,antd-submenu,submenu,sub-enter-down-enter,sub-enter-enter,paced,17,Enter ArrowDown Enter,ran Claude | menu×1 | @menuitem:Claude,0,0,Enter>menuitem:Provider[menu×1|f=menuitem:Provider|h=None]@15.8 ; ArrowDown>menuitem:Codex[menu×2|f=menuitem:Codex|h=None]@324.5 ; Enter>menuitem:Claude[menu×2|f=menuitem:Claude|h=None]@634.3
chromium-dark-desktop › antd-submenu sub-enter-down-enter paced sample 18,antd-submenu,submenu,sub-enter-down-enter,sub-enter-enter,paced,18,Enter ArrowDown Enter,ran Claude | menu×1 | @menuitem:Claude,0,0,Enter>menuitem:Provider[menu×1|f=menuitem:Provider|h=None]@3.7 ; ArrowDown>menuitem:Codex[menu×2|f=menuitem:Codex|h=None]@310.6 ; Enter>menuitem:Claude[menu×2|f=menuitem:Claude|h=None]@616.4
chromium-dark-desktop › antd-submenu sub-enter-down-enter paced sample 19,antd-submenu,submenu,sub-enter-down-enter,sub-enter-enter,paced,19,Enter ArrowDown Enter,ran Claude | menu×1 | @menuitem:Claude,0,0,Enter>menuitem:Provider[menu×1|f=menuitem:Provider|h=None]@8.6 ; ArrowDown>menuitem:Codex[menu×2|f=menuitem:Codex|h=None]@317.8 ; Enter>menuitem:Claude[menu×2|f=menuitem:Claude|h=None]@624.7
chromium-dark-desktop › orbit-session sub-enter-down-enter burst sample 0,orbit-session,submenu,sub-enter-down-enter,sub-enter-enter,burst,0,Enter ArrowDown Enter,Picked=group | none | @button:Session actions,1,0,Enter>menuitem:Provider[menu×1|f=menuitem:Provider|h=Provider]@20.3 ; ArrowDown>menuitem:Provider[menu×2|f=menuitem:Provider|h=Codex]@36.2 ; Enter>menuitem:Group by tag[menu×2|f=menuitem:Group by tag|h=None]@47.6
chromium-dark-desktop › orbit-session sub-enter-down-enter burst sample 1,orbit-session,submenu,sub-enter-down-enter,sub-enter-enter,burst,1,Enter ArrowDown Enter,Picked=group | none | @button:Session actions,1,0,Enter>menuitem:Provider[menu×1|f=menuitem:Provider|h=Provider]@11.3 ; ArrowDown>menuitem:Provider[menu×2|f=menuitem:Provider|h=Codex]@28.1 ; Enter>menuitem:Group by tag[menu×2|f=menuitem:Group by tag|h=None]@39.2
chromium-dark-desktop › orbit-session sub-enter-down-enter burst sample 2,orbit-session,submenu,sub-enter-down-enter,sub-enter-enter,burst,2,Enter ArrowDown Enter,Picked=group | none | @button:Session actions,1,0,Enter>menuitem:Provider[menu×1|f=menuitem:Provider|h=Provider]@15.1 ; ArrowDown>menuitem:Provider[menu×2|f=menuitem:Provider|h=Codex]@29.6 ; Enter>menuitem:Group by tag[menu×2|f=menuitem:Group by tag|h=None]@39.9
chromium-dark-desktop › orbit-session sub-enter-down-enter burst sample 3,orbit-session,submenu,sub-enter-down-enter,sub-enter-enter,burst,3,Enter ArrowDown Enter,Picked=group | none | @button:Session actions,1,0,Enter>menuitem:Provider[menu×1|f=menuitem:Provider|h=Provider]@7.8 ; ArrowDown>menuitem:Provider[menu×2|f=menuitem:Provider|h=Codex]@28.4 ; Enter>menuitem:Group by tag[menu×2|f=menuitem:Group by tag|h=None]@43
chromium-dark-desktop › orbit-session sub-enter-down-enter burst sample 4,orbit-session,submenu,sub-enter-down-enter,sub-enter-enter,burst,4,Enter ArrowDown Enter,Picked=group | none | @button:Session actions,1,0,Enter>menuitem:Provider[menu×1|f=menuitem:Provider|h=Provider]@17.6 ; ArrowDown>menuitem:Provider[menu×2|f=menuitem:Provider|h=Codex]@45 ; Enter>menuitem:Group by tag[menu×2|f=menuitem:Group by tag|h=None]@78.7
chromium-dark-desktop › orbit-session sub-enter-down-enter burst sample 5,orbit-session,submenu,sub-enter-down-enter,sub-enter-enter,burst,5,Enter ArrowDown Enter,Picked=group | none | @button:Session actions,1,0,Enter>menuitem:Provider[menu×1|f=menuitem:Provider|h=Provider]@4.3 ; ArrowDown>menuitem:Provider[menu×2|f=menuitem:Provider|h=Codex]@20 ; Enter>menuitem:Group by tag[menu×2|f=menuitem:Group by tag|h=None]@31.2
chromium-dark-desktop › orbit-session sub-enter-down-enter burst sample 6,orbit-session,submenu,sub-enter-down-enter,sub-enter-enter,burst,6,Enter ArrowDown Enter,Picked=group | none | @button:Session actions,1,0,Enter>menuitem:Provider[menu×1|f=menuitem:Provider|h=Provider]@5.6 ; ArrowDown>menuitem:Provider[menu×2|f=menuitem:Provider|h=Codex]@24.9 ; Enter>menuitem:Group by tag[menu×2|f=menuitem:Group by tag|h=None]@58.8
chromium-dark-desktop › orbit-session sub-enter-down-enter burst sample 7,orbit-session,submenu,sub-enter-down-enter,sub-enter-enter,burst,7,Enter ArrowDown Enter,Picked=group | none | @button:Session actions,1,0,Enter>menuitem:Provider[menu×1|f=menuitem:Provider|h=Provider]@29.3 ; ArrowDown>menuitem:Provider[menu×2|f=menuitem:Provider|h=Codex]@45 ; Enter>menuitem:Group by tag[menu×2|f=menuitem:Group by tag|h=None]@55.6
chromium-dark-desktop › orbit-session sub-enter-down-enter burst sample 8,orbit-session,submenu,sub-enter-down-enter,sub-enter-enter,burst,8,Enter ArrowDown Enter,Picked=group | none | @button:Session actions,1,0,Enter>menuitem:Provider[menu×1|f=menuitem:Provider|h=Provider]@22.8 ; ArrowDown>menuitem:Provider[menu×2|f=menuitem:Provider|h=Codex]@41.4 ; Enter>menuitem:Group by tag[menu×2|f=menuitem:Group by tag|h=None]@54.2
chromium-dark-desktop › orbit-session sub-enter-down-enter burst sample 9,orbit-session,submenu,sub-enter-down-enter,sub-enter-enter,burst,9,Enter ArrowDown Enter,Picked=group | none | @button:Session actions,1,0,Enter>menuitem:Provider[menu×1|f=menuitem:Provider|h=Provider]@7 ; ArrowDown>menuitem:Provider[menu×2|f=menuitem:Provider|h=Codex]@21 ; Enter>menuitem:Group by tag[menu×2|f=menuitem:Group by tag|h=None]@31.5
chromium-dark-desktop › orbit-session sub-enter-down-enter burst sample 10,orbit-session,submenu,sub-enter-down-enter,sub-enter-enter,burst,10,Enter ArrowDown Enter,Picked=group | none | @button:Session actions,1,0,Enter>menuitem:Provider[menu×1|f=menuitem:Provider|h=Provider]@20.9 ; ArrowDown>menuitem:Provider[menu×2|f=menuitem:Provider|h=Codex]@36.8 ; Enter>menuitem:Group by tag[menu×2|f=menuitem:Group by tag|h=None]@47.6
chromium-dark-desktop › orbit-session sub-enter-down-enter burst sample 11,orbit-session,submenu,sub-enter-down-enter,sub-enter-enter,burst,11,Enter ArrowDown Enter,Picked=group | none | @button:Session actions,1,0,Enter>menuitem:Provider[menu×1|f=menuitem:Provider|h=Provider]@13.1 ; ArrowDown>menuitem:Provider[menu×2|f=menuitem:Provider|h=Codex]@30.5 ; Enter>menuitem:Group by tag[menu×2|f=menuitem:Group by tag|h=None]@40.7
chromium-dark-desktop › orbit-session sub-enter-down-enter burst sample 12,orbit-session,submenu,sub-enter-down-enter,sub-enter-enter,burst,12,Enter ArrowDown Enter,Picked=group | none | @button:Session actions,1,0,Enter>menuitem:Provider[menu×1|f=menuitem:Provider|h=Provider]@15.4 ; ArrowDown>menuitem:Provider[menu×2|f=menuitem:Provider|h=Codex]@30.1 ; Enter>menuitem:Group by tag[menu×2|f=menuitem:Group by tag|h=None]@40.8
chromium-dark-desktop › orbit-session sub-enter-down-enter burst sample 13,orbit-session,submenu,sub-enter-down-enter,sub-enter-enter,burst,13,Enter ArrowDown Enter,Picked=group | none | @button:Session actions,1,0,Enter>menuitem:Provider[menu×1|f=menuitem:Provider|h=Provider]@17.4 ; ArrowDown>menuitem:Provider[menu×2|f=menuitem:Provider|h=Codex]@31.8 ; Enter>menuitem:Group by tag[menu×2|f=menuitem:Group by tag|h=None]@41.5
chromium-dark-desktop › orbit-session sub-enter-down-enter burst sample 14,orbit-session,submenu,sub-enter-down-enter,sub-enter-enter,burst,14,Enter ArrowDown Enter,Picked=group | none | @button:Session actions,1,0,Enter>menuitem:Provider[menu×1|f=menuitem:Provider|h=Provider]@13.7 ; ArrowDown>menuitem:Provider[menu×2|f=menuitem:Provider|h=Codex]@30.9 ; Enter>menuitem:Group by tag[menu×2|f=menuitem:Group by tag|h=None]@43.9
chromium-dark-desktop › orbit-session sub-enter-down-enter burst sample 15,orbit-session,submenu,sub-enter-down-enter,sub-enter-enter,burst,15,Enter ArrowDown Enter,Picked=group | none | @button:Session actions,1,0,Enter>menuitem:Provider[menu×1|f=menuitem:Provider|h=Provider]@16.6 ; ArrowDown>menuitem:Provider[menu×2|f=menuitem:Provider|h=Codex]@34 ; Enter>menuitem:Group by tag[menu×2|f=menuitem:Group by tag|h=None]@45.4
chromium-dark-desktop › orbit-session sub-enter-down-enter burst sample 16,orbit-session,submenu,sub-enter-down-enter,sub-enter-enter,burst,16,Enter ArrowDown Enter,Picked=group | none | @button:Session actions,1,0,Enter>menuitem:Provider[menu×1|f=menuitem:Provider|h=Provider]@16.8 ; ArrowDown>menuitem:Provider[menu×2|f=menuitem:Provider|h=Codex]@32.4 ; Enter>menuitem:Group by tag[menu×2|f=menuitem:Group by tag|h=None]@43.3
chromium-dark-desktop › orbit-session sub-enter-down-enter burst sample 17,orbit-session,submenu,sub-enter-down-enter,sub-enter-enter,burst,17,Enter ArrowDown Enter,Picked=group | none | @button:Session actions,1,0,Enter>menuitem:Provider[menu×1|f=menuitem:Provider|h=Provider]@14.8 ; ArrowDown>menuitem:Provider[menu×2|f=menuitem:Provider|h=Codex]@30.5 ; Enter>menuitem:Group by tag[menu×2|f=menuitem:Group by tag|h=None]@41.6
chromium-dark-desktop › orbit-session sub-enter-down-enter burst sample 18,orbit-session,submenu,sub-enter-down-enter,sub-enter-enter,burst,18,Enter ArrowDown Enter,Picked=group | none | @button:Session actions,1,0,Enter>menuitem:Provider[menu×1|f=menuitem:Provider|h=Provider]@10.9 ; ArrowDown>menuitem:Provider[menu×2|f=menuitem:Provider|h=Codex]@25.8 ; Enter>menuitem:Group by tag[menu×2|f=menuitem:Group by tag|h=None]@38.6
chromium-dark-desktop › orbit-session sub-enter-down-enter burst sample 19,orbit-session,submenu,sub-enter-down-enter,sub-enter-enter,burst,19,Enter ArrowDown Enter,Picked=group | none | @button:Session actions,1,0,Enter>menuitem:Provider[menu×1|f=menuitem:Provider|h=Provider]@15.4 ; ArrowDown>menuitem:Provider[menu×2|f=menuitem:Provider|h=Codex]@29.2 ; Enter>menuitem:Group by tag[menu×2|f=menuitem:Group by tag|h=None]@38.4
chromium-dark-desktop › orbit-session sub-enter-down-enter paced sample 0,orbit-session,submenu,sub-enter-down-enter,sub-enter-enter,paced,0,Enter ArrowDown Enter,Picked=claude | none | @button:Session actions,0,0,Enter>menuitem:Provider[menu×1|f=menuitem:Provider|h=Provider]@7.4 ; ArrowDown>menuitem:Codex[menu×2|f=menuitem:Codex|h=Codex]@332.1 ; Enter>menuitem:Claude[menu×2|f=menuitem:Claude|h=Claude]@650
chromium-dark-desktop › orbit-session sub-enter-down-enter paced sample 1,orbit-session,submenu,sub-enter-down-enter,sub-enter-enter,paced,1,Enter ArrowDown Enter,Picked=claude | none | @button:Session actions,0,0,Enter>menuitem:Provider[menu×1|f=menuitem:Provider|h=Provider]@14.7 ; ArrowDown>menuitem:Codex[menu×2|f=menuitem:Codex|h=Codex]@337.8 ; Enter>menuitem:Claude[menu×2|f=menuitem:Claude|h=Claude]@644.2
chromium-dark-desktop › orbit-session sub-enter-down-enter paced sample 2,orbit-session,submenu,sub-enter-down-enter,sub-enter-enter,paced,2,Enter ArrowDown Enter,Picked=claude | none | @button:Session actions,0,0,Enter>menuitem:Provider[menu×1|f=menuitem:Provider|h=Provider]@4.6 ; ArrowDown>menuitem:Codex[menu×2|f=menuitem:Codex|h=Codex]@328 ; Enter>menuitem:Claude[menu×2|f=menuitem:Claude|h=Claude]@636.8
chromium-dark-desktop › orbit-session sub-enter-down-enter paced sample 3,orbit-session,submenu,sub-enter-down-enter,sub-enter-enter,paced,3,Enter ArrowDown Enter,Picked=claude | none | @button:Session actions,0,0,Enter>menuitem:Provider[menu×1|f=menuitem:Provider|h=Provider]@6.5 ; ArrowDown>menuitem:Codex[menu×2|f=menuitem:Codex|h=Codex]@330.4 ; Enter>menuitem:Claude[menu×2|f=menuitem:Claude|h=Claude]@635.9
chromium-dark-desktop › orbit-session sub-enter-down-enter paced sample 4,orbit-session,submenu,sub-enter-down-enter,sub-enter-enter,paced,4,Enter ArrowDown Enter,Picked=claude | none | @button:Session actions,0,0,Enter>menuitem:Provider[menu×1|f=menuitem:Provider|h=Provider]@13.3 ; ArrowDown>menuitem:Codex[menu×2|f=menuitem:Codex|h=Codex]@337.3 ; Enter>menuitem:Claude[menu×2|f=menuitem:Claude|h=Claude]@643.4
chromium-dark-desktop › orbit-session sub-enter-down-enter paced sample 5,orbit-session,submenu,sub-enter-down-enter,sub-enter-enter,paced,5,Enter ArrowDown Enter,Picked=claude | none | @button:Session actions,0,0,Enter>menuitem:Provider[menu×1|f=menuitem:Provider|h=Provider]@20.7 ; ArrowDown>menuitem:Codex[menu×2|f=menuitem:Codex|h=Codex]@347.8 ; Enter>menuitem:Claude[menu×2|f=menuitem:Claude|h=Claude]@654.2
chromium-dark-desktop › orbit-session sub-enter-down-enter paced sample 6,orbit-session,submenu,sub-enter-down-enter,sub-enter-enter,paced,6,Enter ArrowDown Enter,Picked=claude | none | @button:Session actions,0,0,Enter>menuitem:Provider[menu×1|f=menuitem:Provider|h=Provider]@21.7 ; ArrowDown>menuitem:Codex[menu×2|f=menuitem:Codex|h=Codex]@346.5 ; Enter>menuitem:Claude[menu×2|f=menuitem:Claude|h=Claude]@659
chromium-dark-desktop › orbit-session sub-enter-down-enter paced sample 7,orbit-session,submenu,sub-enter-down-enter,sub-enter-enter,paced,7,Enter ArrowDown Enter,Picked=claude | none | @button:Session actions,0,0,Enter>menuitem:Provider[menu×1|f=menuitem:Provider|h=Provider]@14.5 ; ArrowDown>menuitem:Codex[menu×2|f=menuitem:Codex|h=Codex]@338.6 ; Enter>menuitem:Claude[menu×2|f=menuitem:Claude|h=Claude]@644.6
chromium-dark-desktop › orbit-session sub-enter-down-enter paced sample 8,orbit-session,submenu,sub-enter-down-enter,sub-enter-enter,paced,8,Enter ArrowDown Enter,Picked=claude | none | @button:Session actions,0,0,Enter>menuitem:Provider[menu×1|f=menuitem:Provider|h=Provider]@7.5 ; ArrowDown>menuitem:Codex[menu×2|f=menuitem:Codex|h=Codex]@329.2 ; Enter>menuitem:Claude[menu×2|f=menuitem:Claude|h=Claude]@636.1
chromium-dark-desktop › orbit-session sub-enter-down-enter paced sample 9,orbit-session,submenu,sub-enter-down-enter,sub-enter-enter,paced,9,Enter ArrowDown Enter,Picked=claude | none | @button:Session actions,0,0,Enter>menuitem:Provider[menu×1|f=menuitem:Provider|h=Provider]@16 ; ArrowDown>menuitem:Codex[menu×2|f=menuitem:Codex|h=Codex]@340.5 ; Enter>menuitem:Claude[menu×2|f=menuitem:Claude|h=Claude]@647
chromium-dark-desktop › orbit-session sub-enter-down-enter paced sample 10,orbit-session,submenu,sub-enter-down-enter,sub-enter-enter,paced,10,Enter ArrowDown Enter,Picked=claude | none | @button:Session actions,0,0,Enter>menuitem:Provider[menu×1|f=menuitem:Provider|h=Provider]@10.6 ; ArrowDown>menuitem:Codex[menu×2|f=menuitem:Codex|h=Codex]@337.2 ; Enter>menuitem:Claude[menu×2|f=menuitem:Claude|h=Claude]@642.9
chromium-dark-desktop › orbit-session sub-enter-down-enter paced sample 11,orbit-session,submenu,sub-enter-down-enter,sub-enter-enter,paced,11,Enter ArrowDown Enter,Picked=claude | none | @button:Session actions,0,0,Enter>menuitem:Provider[menu×1|f=menuitem:Provider|h=Provider]@12 ; ArrowDown>menuitem:Codex[menu×2|f=menuitem:Codex|h=Codex]@342.3 ; Enter>menuitem:Claude[menu×2|f=menuitem:Claude|h=Claude]@657
chromium-dark-desktop › orbit-session sub-enter-down-enter paced sample 12,orbit-session,submenu,sub-enter-down-enter,sub-enter-enter,paced,12,Enter ArrowDown Enter,Picked=claude | none | @button:Session actions,0,0,Enter>menuitem:Provider[menu×1|f=menuitem:Provider|h=Provider]@4.3 ; ArrowDown>menuitem:Codex[menu×2|f=menuitem:Codex|h=Codex]@326.6 ; Enter>menuitem:Claude[menu×2|f=menuitem:Claude|h=Claude]@634.2
chromium-dark-desktop › orbit-session sub-enter-down-enter paced sample 13,orbit-session,submenu,sub-enter-down-enter,sub-enter-enter,paced,13,Enter ArrowDown Enter,Picked=claude | none | @button:Session actions,0,0,Enter>menuitem:Provider[menu×1|f=menuitem:Provider|h=Provider]@19.8 ; ArrowDown>menuitem:Codex[menu×2|f=menuitem:Codex|h=Codex]@345 ; Enter>menuitem:Claude[menu×2|f=menuitem:Claude|h=Claude]@651.2
chromium-dark-desktop › orbit-session sub-enter-down-enter paced sample 14,orbit-session,submenu,sub-enter-down-enter,sub-enter-enter,paced,14,Enter ArrowDown Enter,Picked=claude | none | @button:Session actions,0,0,Enter>menuitem:Provider[menu×1|f=menuitem:Provider|h=Provider]@11.3 ; ArrowDown>menuitem:Codex[menu×2|f=menuitem:Codex|h=Codex]@329.2 ; Enter>menuitem:Claude[menu×2|f=menuitem:Claude|h=Claude]@634.8
chromium-dark-desktop › orbit-session sub-enter-down-enter paced sample 15,orbit-session,submenu,sub-enter-down-enter,sub-enter-enter,paced,15,Enter ArrowDown Enter,Picked=claude | none | @button:Session actions,0,0,Enter>menuitem:Provider[menu×1|f=menuitem:Provider|h=Provider]@6.8 ; ArrowDown>menuitem:Codex[menu×2|f=menuitem:Codex|h=Codex]@330.5 ; Enter>menuitem:Claude[menu×2|f=menuitem:Claude|h=Claude]@636.3
chromium-dark-desktop › orbit-session sub-enter-down-enter paced sample 16,orbit-session,submenu,sub-enter-down-enter,sub-enter-enter,paced,16,Enter ArrowDown Enter,Picked=claude | none | @button:Session actions,0,0,Enter>menuitem:Provider[menu×1|f=menuitem:Provider|h=Provider]@9.1 ; ArrowDown>menuitem:Codex[menu×2|f=menuitem:Codex|h=Codex]@333.7 ; Enter>menuitem:Claude[menu×2|f=menuitem:Claude|h=Claude]@639.9
chromium-dark-desktop › orbit-session sub-enter-down-enter paced sample 17,orbit-session,submenu,sub-enter-down-enter,sub-enter-enter,paced,17,Enter ArrowDown Enter,Picked=claude | none | @button:Session actions,0,0,Enter>menuitem:Provider[menu×1|f=menuitem:Provider|h=Provider]@7.6 ; ArrowDown>menuitem:Codex[menu×2|f=menuitem:Codex|h=Codex]@323.5 ; Enter>menuitem:Claude[menu×2|f=menuitem:Claude|h=Claude]@629.3
chromium-dark-desktop › orbit-session sub-enter-down-enter paced sample 18,orbit-session,submenu,sub-enter-down-enter,sub-enter-enter,paced,18,Enter ArrowDown Enter,Picked=claude | none | @button:Session actions,0,0,Enter>menuitem:Provider[menu×1|f=menuitem:Provider|h=Provider]@6.5 ; ArrowDown>menuitem:Codex[menu×2|f=menuitem:Codex|h=Codex]@331 ; Enter>menuitem:Claude[menu×2|f=menuitem:Claude|h=Claude]@637.3
chromium-dark-desktop › orbit-session sub-enter-down-enter paced sample 19,orbit-session,submenu,sub-enter-down-enter,sub-enter-enter,paced,19,Enter ArrowDown Enter,Picked=claude | none | @button:Session actions,0,0,Enter>menuitem:Provider[menu×1|f=menuitem:Provider|h=Provider]@15.9 ; ArrowDown>menuitem:Codex[menu×2|f=menuitem:Codex|h=Codex]@342.9 ; Enter>menuitem:Claude[menu×2|f=menuitem:Claude|h=Claude]@649
chromium-dark-desktop › antd-session sub-enter-down-enter burst sample 0,antd-session,submenu,sub-enter-down-enter,sub-enter-enter,burst,0,Enter ArrowDown Enter,none | menu×2 | @menuitem:Provider,0,0,Enter>menuitem:Provider[menu×1|f=menuitem:Provider|h=None]@6.2 ; ArrowDown>menuitem:Provider[menu×1|f=menuitem:Provider|h=None]@10.1 ; Enter>menuitem:Provider[menu×1|f=menuitem:Provider|h=None]@12.8
chromium-dark-desktop › antd-session sub-enter-down-enter burst sample 1,antd-session,submenu,sub-enter-down-enter,sub-enter-enter,burst,1,Enter ArrowDown Enter,none | menu×2 | @menuitem:Provider,0,0,Enter>menuitem:Provider[menu×1|f=menuitem:Provider|h=None]@14.3 ; ArrowDown>menuitem:Provider[menu×1|f=menuitem:Provider|h=None]@18.4 ; Enter>menuitem:Provider[menu×1|f=menuitem:Provider|h=None]@21.1
chromium-dark-desktop › antd-session sub-enter-down-enter burst sample 2,antd-session,submenu,sub-enter-down-enter,sub-enter-enter,burst,2,Enter ArrowDown Enter,none | menu×2 | @menuitem:Provider,0,0,Enter>menuitem:Provider[menu×1|f=menuitem:Provider|h=None]@10.1 ; ArrowDown>menuitem:Provider[menu×1|f=menuitem:Provider|h=None]@14.4 ; Enter>menuitem:Provider[menu×1|f=menuitem:Provider|h=None]@17.5
chromium-dark-desktop › antd-session sub-enter-down-enter burst sample 3,antd-session,submenu,sub-enter-down-enter,sub-enter-enter,burst,3,Enter ArrowDown Enter,none | menu×2 | @menuitem:Provider,0,0,Enter>menuitem:Provider[menu×1|f=menuitem:Provider|h=None]@15.4 ; ArrowDown>menuitem:Provider[menu×1|f=menuitem:Provider|h=None]@19.5 ; Enter>menuitem:Provider[menu×1|f=menuitem:Provider|h=None]@22.5
chromium-dark-desktop › antd-session sub-enter-down-enter burst sample 4,antd-session,submenu,sub-enter-down-enter,sub-enter-enter,burst,4,Enter ArrowDown Enter,none | menu×2 | @menuitem:Provider,0,0,Enter>menuitem:Provider[menu×1|f=menuitem:Provider|h=None]@5.8 ; ArrowDown>menuitem:Provider[menu×1|f=menuitem:Provider|h=None]@9.9 ; Enter>menuitem:Provider[menu×1|f=menuitem:Provider|h=None]@12.8
chromium-dark-desktop › antd-session sub-enter-down-enter burst sample 5,antd-session,submenu,sub-enter-down-enter,sub-enter-enter,burst,5,Enter ArrowDown Enter,none | menu×2 | @menuitem:Provider,0,0,Enter>menuitem:Provider[menu×1|f=menuitem:Provider|h=None]@4.5 ; ArrowDown>menuitem:Provider[menu×1|f=menuitem:Provider|h=None]@8.4 ; Enter>menuitem:Provider[menu×1|f=menuitem:Provider|h=None]@11.2
chromium-dark-desktop › antd-session sub-enter-down-enter burst sample 6,antd-session,submenu,sub-enter-down-enter,sub-enter-enter,burst,6,Enter ArrowDown Enter,none | menu×2 | @menuitem:Provider,0,0,Enter>menuitem:Provider[menu×1|f=menuitem:Provider|h=None]@2.9 ; ArrowDown>menuitem:Provider[menu×1|f=menuitem:Provider|h=None]@6.4 ; Enter>menuitem:Provider[menu×1|f=menuitem:Provider|h=None]@8.8
chromium-dark-desktop › antd-session sub-enter-down-enter burst sample 7,antd-session,submenu,sub-enter-down-enter,sub-enter-enter,burst,7,Enter ArrowDown Enter,none | menu×2 | @menuitem:Provider,0,0,Enter>menuitem:Provider[menu×1|f=menuitem:Provider|h=None]@7.2 ; ArrowDown>menuitem:Provider[menu×1|f=menuitem:Provider|h=None]@12 ; Enter>menuitem:Provider[menu×1|f=menuitem:Provider|h=None]@15
chromium-dark-desktop › antd-session sub-enter-down-enter burst sample 8,antd-session,submenu,sub-enter-down-enter,sub-enter-enter,burst,8,Enter ArrowDown Enter,none | menu×2 | @menuitem:Provider,0,0,Enter>menuitem:Provider[menu×1|f=menuitem:Provider|h=None]@3.3 ; ArrowDown>menuitem:Provider[menu×1|f=menuitem:Provider|h=None]@7 ; Enter>menuitem:Provider[menu×1|f=menuitem:Provider|h=None]@9.5
chromium-dark-desktop › antd-session sub-enter-down-enter burst sample 9,antd-session,submenu,sub-enter-down-enter,sub-enter-enter,burst,9,Enter ArrowDown Enter,none | menu×2 | @menuitem:Provider,0,0,Enter>menuitem:Provider[menu×1|f=menuitem:Provider|h=None]@5.2 ; ArrowDown>menuitem:Provider[menu×1|f=menuitem:Provider|h=None]@8.9 ; Enter>menuitem:Provider[menu×1|f=menuitem:Provider|h=None]@11.5
chromium-dark-desktop › antd-session sub-enter-down-enter burst sample 10,antd-session,submenu,sub-enter-down-enter,sub-enter-enter,burst,10,Enter ArrowDown Enter,none | menu×2 | @menuitem:Provider,0,0,Enter>menuitem:Provider[menu×1|f=menuitem:Provider|h=None]@12.6 ; ArrowDown>menuitem:Provider[menu×1|f=menuitem:Provider|h=None]@16.7 ; Enter>menuitem:Provider[menu×1|f=menuitem:Provider|h=None]@19.3
chromium-dark-desktop › antd-session sub-enter-down-enter burst sample 11,antd-session,submenu,sub-enter-down-enter,sub-enter-enter,burst,11,Enter ArrowDown Enter,none | menu×2 | @menuitem:Provider,0,0,Enter>menuitem:Provider[menu×1|f=menuitem:Provider|h=None]@19.6 ; ArrowDown>menuitem:Provider[menu×1|f=menuitem:Provider|h=None]@22.6 ; Enter>menuitem:Provider[menu×1|f=menuitem:Provider|h=None]@24.3
chromium-dark-desktop › antd-session sub-enter-down-enter burst sample 12,antd-session,submenu,sub-enter-down-enter,sub-enter-enter,burst,12,Enter ArrowDown Enter,none | menu×2 | @menuitem:Provider,0,0,Enter>menuitem:Provider[menu×1|f=menuitem:Provider|h=None]@8.3 ; ArrowDown>menuitem:Provider[menu×1|f=menuitem:Provider|h=None]@12.4 ; Enter>menuitem:Provider[menu×1|f=menuitem:Provider|h=None]@15.1
chromium-dark-desktop › antd-session sub-enter-down-enter burst sample 13,antd-session,submenu,sub-enter-down-enter,sub-enter-enter,burst,13,Enter ArrowDown Enter,none | menu×2 | @menuitem:Provider,0,0,Enter>menuitem:Provider[menu×1|f=menuitem:Provider|h=None]@9.3 ; ArrowDown>menuitem:Provider[menu×1|f=menuitem:Provider|h=None]@13.3 ; Enter>menuitem:Provider[menu×1|f=menuitem:Provider|h=None]@16.4
chromium-dark-desktop › antd-session sub-enter-down-enter burst sample 14,antd-session,submenu,sub-enter-down-enter,sub-enter-enter,burst,14,Enter ArrowDown Enter,none | menu×2 | @menuitem:Provider,0,0,Enter>menuitem:Provider[menu×1|f=menuitem:Provider|h=None]@12.8 ; ArrowDown>menuitem:Provider[menu×1|f=menuitem:Provider|h=None]@16.6 ; Enter>menuitem:Provider[menu×1|f=menuitem:Provider|h=None]@19.1
chromium-dark-desktop › antd-session sub-enter-down-enter burst sample 15,antd-session,submenu,sub-enter-down-enter,sub-enter-enter,burst,15,Enter ArrowDown Enter,none | menu×2 | @menuitem:Provider,0,0,Enter>menuitem:Provider[menu×1|f=menuitem:Provider|h=None]@16.9 ; ArrowDown>menuitem:Provider[menu×1|f=menuitem:Provider|h=None]@20.9 ; Enter>menuitem:Provider[menu×1|f=menuitem:Provider|h=None]@23.6
chromium-dark-desktop › antd-session sub-enter-down-enter burst sample 16,antd-session,submenu,sub-enter-down-enter,sub-enter-enter,burst,16,Enter ArrowDown Enter,none | menu×2 | @menuitem:Provider,0,0,Enter>menuitem:Provider[menu×1|f=menuitem:Provider|h=None]@9.5 ; ArrowDown>menuitem:Provider[menu×1|f=menuitem:Provider|h=None]@13.6 ; Enter>menuitem:Provider[menu×1|f=menuitem:Provider|h=None]@16.2
chromium-dark-desktop › antd-session sub-enter-down-enter burst sample 17,antd-session,submenu,sub-enter-down-enter,sub-enter-enter,burst,17,Enter ArrowDown Enter,none | menu×2 | @menuitem:Provider,0,0,Enter>menuitem:Provider[menu×1|f=menuitem:Provider|h=None]@9.8 ; ArrowDown>menuitem:Provider[menu×1|f=menuitem:Provider|h=None]@13.6 ; Enter>menuitem:Provider[menu×1|f=menuitem:Provider|h=None]@16.2
chromium-dark-desktop › antd-session sub-enter-down-enter burst sample 18,antd-session,submenu,sub-enter-down-enter,sub-enter-enter,burst,18,Enter ArrowDown Enter,none | menu×2 | @menuitem:Provider,0,0,Enter>menuitem:Provider[menu×1|f=menuitem:Provider|h=None]@13.6 ; ArrowDown>menuitem:Provider[menu×1|f=menuitem:Provider|h=None]@17.4 ; Enter>menuitem:Provider[menu×1|f=menuitem:Provider|h=None]@20.2
chromium-dark-desktop › antd-session sub-enter-down-enter burst sample 19,antd-session,submenu,sub-enter-down-enter,sub-enter-enter,burst,19,Enter ArrowDown Enter,none | menu×2 | @menuitem:Provider,0,0,Enter>menuitem:Provider[menu×1|f=menuitem:Provider|h=None]@4.9 ; ArrowDown>menuitem:Provider[menu×1|f=menuitem:Provider|h=None]@9.5 ; Enter>menuitem:Provider[menu×1|f=menuitem:Provider|h=None]@12.7
chromium-dark-desktop › antd-session sub-enter-down-enter paced sample 0,antd-session,submenu,sub-enter-down-enter,sub-enter-enter,paced,0,Enter ArrowDown Enter,Picked=claude | menu×1 | @menuitem:Claude,0,0,Enter>menuitem:Provider[menu×1|f=menuitem:Provider|h=None]@8.3 ; ArrowDown>menuitem:Codex[menu×2|f=menuitem:Codex|h=None]@315.4 ; Enter>menuitem:Claude[menu×2|f=menuitem:Claude|h=None]@623
chromium-dark-desktop › antd-session sub-enter-down-enter paced sample 1,antd-session,submenu,sub-enter-down-enter,sub-enter-enter,paced,1,Enter ArrowDown Enter,Picked=claude | menu×1 | @menuitem:Claude,0,0,Enter>menuitem:Provider[menu×1|f=menuitem:Provider|h=None]@12.3 ; ArrowDown>menuitem:Codex[menu×2|f=menuitem:Codex|h=None]@319.8 ; Enter>menuitem:Claude[menu×2|f=menuitem:Claude|h=None]@629.4
chromium-dark-desktop › antd-session sub-enter-down-enter paced sample 2,antd-session,submenu,sub-enter-down-enter,sub-enter-enter,paced,2,Enter ArrowDown Enter,Picked=claude | menu×1 | @menuitem:Claude,0,0,Enter>menuitem:Provider[menu×1|f=menuitem:Provider|h=None]@17.9 ; ArrowDown>menuitem:Codex[menu×2|f=menuitem:Codex|h=None]@326.7 ; Enter>menuitem:Claude[menu×2|f=menuitem:Claude|h=None]@635.7
chromium-dark-desktop › antd-session sub-enter-down-enter paced sample 3,antd-session,submenu,sub-enter-down-enter,sub-enter-enter,paced,3,Enter ArrowDown Enter,Picked=claude | menu×1 | @menuitem:Claude,0,0,Enter>menuitem:Provider[menu×1|f=menuitem:Provider|h=None]@12.1 ; ArrowDown>menuitem:Codex[menu×2|f=menuitem:Codex|h=None]@318.8 ; Enter>menuitem:Claude[menu×2|f=menuitem:Claude|h=None]@626.7
chromium-dark-desktop › antd-session sub-enter-down-enter paced sample 4,antd-session,submenu,sub-enter-down-enter,sub-enter-enter,paced,4,Enter ArrowDown Enter,Picked=claude | menu×1 | @menuitem:Claude,0,0,Enter>menuitem:Provider[menu×1|f=menuitem:Provider|h=None]@16.8 ; ArrowDown>menuitem:Codex[menu×2|f=menuitem:Codex|h=None]@322.6 ; Enter>menuitem:Claude[menu×2|f=menuitem:Claude|h=None]@629.6
chromium-dark-desktop › antd-session sub-enter-down-enter paced sample 5,antd-session,submenu,sub-enter-down-enter,sub-enter-enter,paced,5,Enter ArrowDown Enter,Picked=claude | menu×1 | @menuitem:Claude,0,0,Enter>menuitem:Provider[menu×1|f=menuitem:Provider|h=None]@16.4 ; ArrowDown>menuitem:Codex[menu×2|f=menuitem:Codex|h=None]@323 ; Enter>menuitem:Claude[menu×2|f=menuitem:Claude|h=None]@629.1
chromium-dark-desktop › antd-session sub-enter-down-enter paced sample 6,antd-session,submenu,sub-enter-down-enter,sub-enter-enter,paced,6,Enter ArrowDown Enter,Picked=claude | menu×1 | @menuitem:Claude,0,0,Enter>menuitem:Provider[menu×1|f=menuitem:Provider|h=None]@9.8 ; ArrowDown>menuitem:Codex[menu×2|f=menuitem:Codex|h=None]@316.9 ; Enter>menuitem:Claude[menu×2|f=menuitem:Claude|h=None]@624.2
chromium-dark-desktop › antd-session sub-enter-down-enter paced sample 7,antd-session,submenu,sub-enter-down-enter,sub-enter-enter,paced,7,Enter ArrowDown Enter,Picked=claude | menu×1 | @menuitem:Claude,0,0,Enter>menuitem:Provider[menu×1|f=menuitem:Provider|h=None]@16.5 ; ArrowDown>menuitem:Codex[menu×2|f=menuitem:Codex|h=None]@322.7 ; Enter>menuitem:Claude[menu×2|f=menuitem:Claude|h=None]@629.7
chromium-dark-desktop › antd-session sub-enter-down-enter paced sample 8,antd-session,submenu,sub-enter-down-enter,sub-enter-enter,paced,8,Enter ArrowDown Enter,Picked=claude | menu×1 | @menuitem:Claude,0,0,Enter>menuitem:Provider[menu×1|f=menuitem:Provider|h=None]@10.5 ; ArrowDown>menuitem:Codex[menu×2|f=menuitem:Codex|h=None]@318.4 ; Enter>menuitem:Claude[menu×2|f=menuitem:Claude|h=None]@625.4
chromium-dark-desktop › antd-session sub-enter-down-enter paced sample 9,antd-session,submenu,sub-enter-down-enter,sub-enter-enter,paced,9,Enter ArrowDown Enter,Picked=claude | menu×1 | @menuitem:Claude,0,0,Enter>menuitem:Provider[menu×1|f=menuitem:Provider|h=None]@2.9 ; ArrowDown>menuitem:Codex[menu×2|f=menuitem:Codex|h=None]@310.9 ; Enter>menuitem:Claude[menu×2|f=menuitem:Claude|h=None]@618.7
chromium-dark-desktop › antd-session sub-enter-down-enter paced sample 10,antd-session,submenu,sub-enter-down-enter,sub-enter-enter,paced,10,Enter ArrowDown Enter,Picked=claude | menu×1 | @menuitem:Claude,0,0,Enter>menuitem:Provider[menu×1|f=menuitem:Provider|h=None]@19.3 ; ArrowDown>menuitem:Codex[menu×2|f=menuitem:Codex|h=None]@328.1 ; Enter>menuitem:Claude[menu×2|f=menuitem:Claude|h=None]@638.9
chromium-dark-desktop › antd-session sub-enter-down-enter paced sample 11,antd-session,submenu,sub-enter-down-enter,sub-enter-enter,paced,11,Enter ArrowDown Enter,Picked=claude | menu×1 | @menuitem:Claude,0,0,Enter>menuitem:Provider[menu×1|f=menuitem:Provider|h=None]@21.3 ; ArrowDown>menuitem:Codex[menu×2|f=menuitem:Codex|h=None]@330.5 ; Enter>menuitem:Claude[menu×2|f=menuitem:Claude|h=None]@640
chromium-dark-desktop › antd-session sub-enter-down-enter paced sample 12,antd-session,submenu,sub-enter-down-enter,sub-enter-enter,paced,12,Enter ArrowDown Enter,Picked=claude | menu×1 | @menuitem:Claude,0,0,Enter>menuitem:Provider[menu×1|f=menuitem:Provider|h=None]@10.9 ; ArrowDown>menuitem:Codex[menu×2|f=menuitem:Codex|h=None]@319.7 ; Enter>menuitem:Claude[menu×2|f=menuitem:Claude|h=None]@628.5
chromium-dark-desktop › antd-session sub-enter-down-enter paced sample 13,antd-session,submenu,sub-enter-down-enter,sub-enter-enter,paced,13,Enter ArrowDown Enter,Picked=claude | menu×1 | @menuitem:Claude,0,0,Enter>menuitem:Provider[menu×1|f=menuitem:Provider|h=None]@8.2 ; ArrowDown>menuitem:Codex[menu×2|f=menuitem:Codex|h=None]@315.7 ; Enter>menuitem:Claude[menu×2|f=menuitem:Claude|h=None]@623.8
chromium-dark-desktop › antd-session sub-enter-down-enter paced sample 14,antd-session,submenu,sub-enter-down-enter,sub-enter-enter,paced,14,Enter ArrowDown Enter,Picked=claude | menu×1 | @menuitem:Claude,0,0,Enter>menuitem:Provider[menu×1|f=menuitem:Provider|h=None]@5.4 ; ArrowDown>menuitem:Codex[menu×2|f=menuitem:Codex|h=None]@315.7 ; Enter>menuitem:Claude[menu×2|f=menuitem:Claude|h=None]@634.6
chromium-dark-desktop › antd-session sub-enter-down-enter paced sample 15,antd-session,submenu,sub-enter-down-enter,sub-enter-enter,paced,15,Enter ArrowDown Enter,Picked=claude | menu×1 | @menuitem:Claude,0,0,Enter>menuitem:Provider[menu×1|f=menuitem:Provider|h=None]@18.1 ; ArrowDown>menuitem:Codex[menu×2|f=menuitem:Codex|h=None]@326.5 ; Enter>menuitem:Claude[menu×2|f=menuitem:Claude|h=None]@633.9
chromium-dark-desktop › antd-session sub-enter-down-enter paced sample 16,antd-session,submenu,sub-enter-down-enter,sub-enter-enter,paced,16,Enter ArrowDown Enter,Picked=claude | menu×1 | @menuitem:Claude,0,0,Enter>menuitem:Provider[menu×1|f=menuitem:Provider|h=None]@11.8 ; ArrowDown>menuitem:Codex[menu×2|f=menuitem:Codex|h=None]@320.2 ; Enter>menuitem:Claude[menu×2|f=menuitem:Claude|h=None]@631.9
chromium-dark-desktop › antd-session sub-enter-down-enter paced sample 17,antd-session,submenu,sub-enter-down-enter,sub-enter-enter,paced,17,Enter ArrowDown Enter,Picked=claude | menu×1 | @menuitem:Claude,0,0,Enter>menuitem:Provider[menu×1|f=menuitem:Provider|h=None]@14.9 ; ArrowDown>menuitem:Codex[menu×2|f=menuitem:Codex|h=None]@322.4 ; Enter>menuitem:Claude[menu×2|f=menuitem:Claude|h=None]@630.6
chromium-dark-desktop › antd-session sub-enter-down-enter paced sample 18,antd-session,submenu,sub-enter-down-enter,sub-enter-enter,paced,18,Enter ArrowDown Enter,Picked=claude | menu×1 | @menuitem:Claude,0,0,Enter>menuitem:Provider[menu×1|f=menuitem:Provider|h=None]@12.5 ; ArrowDown>menuitem:Codex[menu×2|f=menuitem:Codex|h=None]@323.1 ; Enter>menuitem:Claude[menu×2|f=menuitem:Claude|h=None]@636.8
chromium-dark-desktop › antd-session sub-enter-down-enter paced sample 19,antd-session,submenu,sub-enter-down-enter,sub-enter-enter,paced,19,Enter ArrowDown Enter,Picked=claude | menu×1 | @menuitem:Claude,0,0,Enter>menuitem:Provider[menu×1|f=menuitem:Provider|h=None]@16.5 ; ArrowDown>menuitem:Codex[menu×2|f=menuitem:Codex|h=None]@325 ; Enter>menuitem:Claude[menu×2|f=menuitem:Claude|h=None]@637.9
