test,target,kind,sequence,control,mode,run,keys,result,window,handoff,keylog
chromium-dark-desktop › orbit-field select-down burst sample 0,orbit-field,select,select-down,,burst,0,ArrowDown,never | list open | listbox×1 | @option:Never,0,0,ArrowDown>combobox:Expires[none|f=combobox:Expires|h=None]@35.2
chromium-dark-desktop › orbit-field select-down burst sample 1,orbit-field,select,select-down,,burst,1,ArrowDown,never | list open | listbox×1 | @option:Never,0,0,ArrowDown>combobox:Expires[none|f=combobox:Expires|h=None]@101.8
chromium-dark-desktop › orbit-field select-down burst sample 2,orbit-field,select,select-down,,burst,2,ArrowDown,never | list open | listbox×1 | @option:Never,0,0,ArrowDown>combobox:Expires[none|f=combobox:Expires|h=None]@30.9
chromium-dark-desktop › orbit-field select-down burst sample 3,orbit-field,select,select-down,,burst,3,ArrowDown,never | list open | listbox×1 | @option:Never,0,0,ArrowDown>combobox:Expires[none|f=combobox:Expires|h=None]@64.5
chromium-dark-desktop › orbit-field select-down burst sample 4,orbit-field,select,select-down,,burst,4,ArrowDown,never | list open | listbox×1 | @option:Never,0,0,ArrowDown>combobox:Expires[none|f=combobox:Expires|h=None]@26
chromium-dark-desktop › orbit-field select-down burst sample 5,orbit-field,select,select-down,,burst,5,ArrowDown,never | list open | listbox×1 | @option:Never,0,0,ArrowDown>combobox:Expires[none|f=combobox:Expires|h=None]@53.4
chromium-dark-desktop › orbit-field select-down burst sample 6,orbit-field,select,select-down,,burst,6,ArrowDown,never | list open | listbox×1 | @option:Never,0,0,ArrowDown>combobox:Expires[none|f=combobox:Expires|h=None]@43.2
chromium-dark-desktop › orbit-field select-down burst sample 7,orbit-field,select,select-down,,burst,7,ArrowDown,never | list open | listbox×1 | @option:Never,0,0,ArrowDown>combobox:Expires[none|f=combobox:Expires|h=None]@38.8
chromium-dark-desktop › orbit-field select-down burst sample 8,orbit-field,select,select-down,,burst,8,ArrowDown,never | list open | listbox×1 | @option:Never,0,0,ArrowDown>combobox:Expires[none|f=combobox:Expires|h=None]@60.8
chromium-dark-desktop › orbit-field select-down burst sample 9,orbit-field,select,select-down,,burst,9,ArrowDown,never | list open | listbox×1 | @option:Never,0,0,ArrowDown>combobox:Expires[none|f=combobox:Expires|h=None]@30.5
chromium-dark-desktop › orbit-field select-down burst sample 10,orbit-field,select,select-down,,burst,10,ArrowDown,never | list open | listbox×1 | @option:Never,0,0,ArrowDown>combobox:Expires[none|f=combobox:Expires|h=None]@61.6
chromium-dark-desktop › orbit-field select-down burst sample 11,orbit-field,select,select-down,,burst,11,ArrowDown,never | list open | listbox×1 | @option:Never,0,0,ArrowDown>combobox:Expires[none|f=combobox:Expires|h=None]@82
chromium-dark-desktop › orbit-field select-down burst sample 12,orbit-field,select,select-down,,burst,12,ArrowDown,never | list open | listbox×1 | @option:Never,0,0,ArrowDown>combobox:Expires[none|f=combobox:Expires|h=None]@35.6
chromium-dark-desktop › orbit-field select-down burst sample 13,orbit-field,select,select-down,,burst,13,ArrowDown,never | list open | listbox×1 | @option:Never,0,0,ArrowDown>combobox:Expires[none|f=combobox:Expires|h=None]@470.9
chromium-dark-desktop › orbit-field select-down burst sample 14,orbit-field,select,select-down,,burst,14,ArrowDown,never | list open | listbox×1 | @option:Never,0,0,ArrowDown>combobox:Expires[none|f=combobox:Expires|h=None]@72.4
chromium-dark-desktop › orbit-field select-down burst sample 15,orbit-field,select,select-down,,burst,15,ArrowDown,never | list open | listbox×1 | @option:Never,0,0,ArrowDown>combobox:Expires[none|f=combobox:Expires|h=None]@62.7
chromium-dark-desktop › orbit-field select-down burst sample 16,orbit-field,select,select-down,,burst,16,ArrowDown,never | list open | listbox×1 | @option:Never,0,0,ArrowDown>combobox:Expires[none|f=combobox:Expires|h=None]@41.2
chromium-dark-desktop › orbit-field select-down burst sample 17,orbit-field,select,select-down,,burst,17,ArrowDown,never | list open | listbox×1 | @option:Never,0,0,ArrowDown>combobox:Expires[none|f=combobox:Expires|h=None]@96.6
chromium-dark-desktop › orbit-field select-down burst sample 18,orbit-field,select,select-down,,burst,18,ArrowDown,never | list open | listbox×1 | @option:Never,0,0,ArrowDown>combobox:Expires[none|f=combobox:Expires|h=None]@39.7
chromium-dark-desktop › orbit-field select-down burst sample 19,orbit-field,select,select-down,,burst,19,ArrowDown,never | list open | listbox×1 | @option:Never,0,0,ArrowDown>combobox:Expires[none|f=combobox:Expires|h=None]@37.3
chromium-dark-desktop › orbit-field select-down paced sample 0,orbit-field,select,select-down,,paced,0,ArrowDown,never | list open | listbox×1 | @option:Never,0,0,ArrowDown>combobox:Expires[none|f=combobox:Expires|h=None]@43.8
chromium-dark-desktop › orbit-field select-down paced sample 1,orbit-field,select,select-down,,paced,1,ArrowDown,never | list open | listbox×1 | @option:Never,0,0,ArrowDown>combobox:Expires[none|f=combobox:Expires|h=None]@46.7
chromium-dark-desktop › orbit-field select-down paced sample 2,orbit-field,select,select-down,,paced,2,ArrowDown,never | list open | listbox×1 | @option:Never,0,0,ArrowDown>combobox:Expires[none|f=combobox:Expires|h=None]@44.7
chromium-dark-desktop › orbit-field select-down paced sample 3,orbit-field,select,select-down,,paced,3,ArrowDown,never | list open | listbox×1 | @option:Never,0,0,ArrowDown>combobox:Expires[none|f=combobox:Expires|h=None]@38.5
chromium-dark-desktop › orbit-field select-down paced sample 4,orbit-field,select,select-down,,paced,4,ArrowDown,never | list open | listbox×1 | @option:Never,0,0,ArrowDown>combobox:Expires[none|f=combobox:Expires|h=None]@42.8
chromium-dark-desktop › orbit-field select-down paced sample 5,orbit-field,select,select-down,,paced,5,ArrowDown,never | list open | listbox×1 | @option:Never,0,0,ArrowDown>combobox:Expires[none|f=combobox:Expires|h=None]@37.9
chromium-dark-desktop › orbit-field select-down paced sample 6,orbit-field,select,select-down,,paced,6,ArrowDown,never | list open | listbox×1 | @option:Never,0,0,ArrowDown>combobox:Expires[none|f=combobox:Expires|h=None]@36.6
chromium-dark-desktop › orbit-field select-down paced sample 7,orbit-field,select,select-down,,paced,7,ArrowDown,never | list open | listbox×1 | @option:Never,0,0,ArrowDown>combobox:Expires[none|f=combobox:Expires|h=None]@34
chromium-dark-desktop › orbit-field select-down paced sample 8,orbit-field,select,select-down,,paced,8,ArrowDown,never | list open | listbox×1 | @option:Never,0,0,ArrowDown>combobox:Expires[none|f=combobox:Expires|h=None]@36.9
chromium-dark-desktop › orbit-field select-down paced sample 9,orbit-field,select,select-down,,paced,9,ArrowDown,never | list open | listbox×1 | @option:Never,0,0,ArrowDown>combobox:Expires[none|f=combobox:Expires|h=None]@32.1
chromium-dark-desktop › orbit-field select-down paced sample 10,orbit-field,select,select-down,,paced,10,ArrowDown,never | list open | listbox×1 | @option:Never,0,0,ArrowDown>combobox:Expires[none|f=combobox:Expires|h=None]@49.1
chromium-dark-desktop › orbit-field select-down paced sample 11,orbit-field,select,select-down,,paced,11,ArrowDown,never | list open | listbox×1 | @option:Never,0,0,ArrowDown>combobox:Expires[none|f=combobox:Expires|h=None]@30.3
chromium-dark-desktop › orbit-field select-down paced sample 12,orbit-field,select,select-down,,paced,12,ArrowDown,never | list open | listbox×1 | @option:Never,0,0,ArrowDown>combobox:Expires[none|f=combobox:Expires|h=None]@34.5
chromium-dark-desktop › orbit-field select-down paced sample 13,orbit-field,select,select-down,,paced,13,ArrowDown,never | list open | listbox×1 | @option:Never,0,0,ArrowDown>combobox:Expires[none|f=combobox:Expires|h=None]@26.4
chromium-dark-desktop › orbit-field select-down paced sample 14,orbit-field,select,select-down,,paced,14,ArrowDown,never | list open | listbox×1 | @option:Never,0,0,ArrowDown>combobox:Expires[none|f=combobox:Expires|h=None]@25.6
chromium-dark-desktop › orbit-field select-down paced sample 15,orbit-field,select,select-down,,paced,15,ArrowDown,never | list open | listbox×1 | @option:Never,0,0,ArrowDown>combobox:Expires[none|f=combobox:Expires|h=None]@33.6
chromium-dark-desktop › orbit-field select-down paced sample 16,orbit-field,select,select-down,,paced,16,ArrowDown,never | list open | listbox×1 | @option:Never,0,0,ArrowDown>combobox:Expires[none|f=combobox:Expires|h=None]@40.9
chromium-dark-desktop › orbit-field select-down paced sample 17,orbit-field,select,select-down,,paced,17,ArrowDown,never | list open | listbox×1 | @option:Never,0,0,ArrowDown>combobox:Expires[none|f=combobox:Expires|h=None]@38.9
chromium-dark-desktop › orbit-field select-down paced sample 18,orbit-field,select,select-down,,paced,18,ArrowDown,never | list open | listbox×1 | @option:Never,0,0,ArrowDown>combobox:Expires[none|f=combobox:Expires|h=None]@34.6
chromium-dark-desktop › orbit-field select-down paced sample 19,orbit-field,select,select-down,,paced,19,ArrowDown,never | list open | listbox×1 | @option:Never,0,0,ArrowDown>combobox:Expires[none|f=combobox:Expires|h=None]@35.6
chromium-dark-desktop › orbit-sample select-down burst sample 0,orbit-sample,select,select-down,,burst,0,ArrowDown,Never | list open | listbox×1 | @option:Never,0,0,ArrowDown>combobox:Sample choice[none|f=combobox:Sample choice|h=None]@38.1
chromium-dark-desktop › orbit-sample select-down burst sample 1,orbit-sample,select,select-down,,burst,1,ArrowDown,Never | list open | listbox×1 | @option:Never,0,0,ArrowDown>combobox:Sample choice[none|f=combobox:Sample choice|h=None]@34.2
chromium-dark-desktop › orbit-sample select-down burst sample 2,orbit-sample,select,select-down,,burst,2,ArrowDown,Never | list open | listbox×1 | @option:Never,0,0,ArrowDown>combobox:Sample choice[none|f=combobox:Sample choice|h=None]@37.3
chromium-dark-desktop › orbit-sample select-down burst sample 3,orbit-sample,select,select-down,,burst,3,ArrowDown,Never | list open | listbox×1 | @option:Never,0,0,ArrowDown>combobox:Sample choice[none|f=combobox:Sample choice|h=None]@21.8
chromium-dark-desktop › orbit-sample select-down burst sample 4,orbit-sample,select,select-down,,burst,4,ArrowDown,Never | list open | listbox×1 | @option:Never,0,0,ArrowDown>combobox:Sample choice[none|f=combobox:Sample choice|h=None]@37
chromium-dark-desktop › orbit-sample select-down burst sample 5,orbit-sample,select,select-down,,burst,5,ArrowDown,Never | list open | listbox×1 | @option:Never,0,0,ArrowDown>combobox:Sample choice[none|f=combobox:Sample choice|h=None]@22.8
chromium-dark-desktop › orbit-sample select-down burst sample 6,orbit-sample,select,select-down,,burst,6,ArrowDown,Never | list open | listbox×1 | @option:Never,0,0,ArrowDown>combobox:Sample choice[none|f=combobox:Sample choice|h=None]@35.6
chromium-dark-desktop › orbit-sample select-down burst sample 7,orbit-sample,select,select-down,,burst,7,ArrowDown,Never | list open | listbox×1 | @option:Never,0,0,ArrowDown>combobox:Sample choice[none|f=combobox:Sample choice|h=None]@22.9
chromium-dark-desktop › orbit-sample select-down burst sample 8,orbit-sample,select,select-down,,burst,8,ArrowDown,Never | list open | listbox×1 | @option:Never,0,0,ArrowDown>combobox:Sample choice[none|f=combobox:Sample choice|h=None]@26.6
chromium-dark-desktop › orbit-sample select-down burst sample 9,orbit-sample,select,select-down,,burst,9,ArrowDown,Never | list open | listbox×1 | @option:Never,0,0,ArrowDown>combobox:Sample choice[none|f=combobox:Sample choice|h=None]@19.3
chromium-dark-desktop › orbit-sample select-down burst sample 10,orbit-sample,select,select-down,,burst,10,ArrowDown,Never | list open | listbox×1 | @option:Never,0,0,ArrowDown>combobox:Sample choice[none|f=combobox:Sample choice|h=None]@29.8
chromium-dark-desktop › orbit-sample select-down burst sample 11,orbit-sample,select,select-down,,burst,11,ArrowDown,Never | list open | listbox×1 | @option:Never,0,0,ArrowDown>combobox:Sample choice[none|f=combobox:Sample choice|h=None]@25.3
chromium-dark-desktop › orbit-sample select-down burst sample 12,orbit-sample,select,select-down,,burst,12,ArrowDown,Never | list open | listbox×1 | @option:Never,0,0,ArrowDown>combobox:Sample choice[none|f=combobox:Sample choice|h=None]@26.4
chromium-dark-desktop › orbit-sample select-down burst sample 13,orbit-sample,select,select-down,,burst,13,ArrowDown,Never | list open | listbox×1 | @option:Never,0,0,ArrowDown>combobox:Sample choice[none|f=combobox:Sample choice|h=None]@31.7
chromium-dark-desktop › orbit-sample select-down burst sample 14,orbit-sample,select,select-down,,burst,14,ArrowDown,Never | list open | listbox×1 | @option:Never,0,0,ArrowDown>combobox:Sample choice[none|f=combobox:Sample choice|h=None]@29.2
chromium-dark-desktop › orbit-sample select-down burst sample 15,orbit-sample,select,select-down,,burst,15,ArrowDown,Never | list open | listbox×1 | @option:Never,0,0,ArrowDown>combobox:Sample choice[none|f=combobox:Sample choice|h=None]@29.2
chromium-dark-desktop › orbit-sample select-down burst sample 16,orbit-sample,select,select-down,,burst,16,ArrowDown,Never | list open | listbox×1 | @option:Never,0,0,ArrowDown>combobox:Sample choice[none|f=combobox:Sample choice|h=None]@27.1
chromium-dark-desktop › orbit-sample select-down burst sample 17,orbit-sample,select,select-down,,burst,17,ArrowDown,Never | list open | listbox×1 | @option:Never,0,0,ArrowDown>combobox:Sample choice[none|f=combobox:Sample choice|h=None]@25.8
chromium-dark-desktop › orbit-sample select-down burst sample 18,orbit-sample,select,select-down,,burst,18,ArrowDown,Never | list open | listbox×1 | @option:Never,0,0,ArrowDown>combobox:Sample choice[none|f=combobox:Sample choice|h=None]@28
chromium-dark-desktop › orbit-sample select-down burst sample 19,orbit-sample,select,select-down,,burst,19,ArrowDown,Never | list open | listbox×1 | @option:Never,0,0,ArrowDown>combobox:Sample choice[none|f=combobox:Sample choice|h=None]@24.9
chromium-dark-desktop › orbit-sample select-down paced sample 0,orbit-sample,select,select-down,,paced,0,ArrowDown,Never | list open | listbox×1 | @option:Never,0,0,ArrowDown>combobox:Sample choice[none|f=combobox:Sample choice|h=None]@29.2
chromium-dark-desktop › orbit-sample select-down paced sample 1,orbit-sample,select,select-down,,paced,1,ArrowDown,Never | list open | listbox×1 | @option:Never,0,0,ArrowDown>combobox:Sample choice[none|f=combobox:Sample choice|h=None]@35.8
chromium-dark-desktop › orbit-sample select-down paced sample 2,orbit-sample,select,select-down,,paced,2,ArrowDown,Never | list open | listbox×1 | @option:Never,0,0,ArrowDown>combobox:Sample choice[none|f=combobox:Sample choice|h=None]@33.6
chromium-dark-desktop › orbit-sample select-down paced sample 3,orbit-sample,select,select-down,,paced,3,ArrowDown,Never | list open | listbox×1 | @option:Never,0,0,ArrowDown>combobox:Sample choice[none|f=combobox:Sample choice|h=None]@58.1
chromium-dark-desktop › orbit-sample select-down paced sample 4,orbit-sample,select,select-down,,paced,4,ArrowDown,Never | list open | listbox×1 | @option:Never,0,0,ArrowDown>combobox:Sample choice[none|f=combobox:Sample choice|h=None]@30.7
chromium-dark-desktop › orbit-sample select-down paced sample 5,orbit-sample,select,select-down,,paced,5,ArrowDown,Never | list open | listbox×1 | @option:Never,0,0,ArrowDown>combobox:Sample choice[none|f=combobox:Sample choice|h=None]@26.9
chromium-dark-desktop › orbit-sample select-down paced sample 6,orbit-sample,select,select-down,,paced,6,ArrowDown,Never | list open | listbox×1 | @option:Never,0,0,ArrowDown>combobox:Sample choice[none|f=combobox:Sample choice|h=None]@27.5
chromium-dark-desktop › orbit-sample select-down paced sample 7,orbit-sample,select,select-down,,paced,7,ArrowDown,Never | list open | listbox×1 | @option:Never,0,0,ArrowDown>combobox:Sample choice[none|f=combobox:Sample choice|h=None]@37.5
chromium-dark-desktop › orbit-sample select-down paced sample 8,orbit-sample,select,select-down,,paced,8,ArrowDown,Never | list open | listbox×1 | @option:Never,0,0,ArrowDown>combobox:Sample choice[none|f=combobox:Sample choice|h=None]@20.8
chromium-dark-desktop › orbit-sample select-down paced sample 9,orbit-sample,select,select-down,,paced,9,ArrowDown,Never | list open | listbox×1 | @option:Never,0,0,ArrowDown>combobox:Sample choice[none|f=combobox:Sample choice|h=None]@32.3
chromium-dark-desktop › orbit-sample select-down paced sample 10,orbit-sample,select,select-down,,paced,10,ArrowDown,Never | list open | listbox×1 | @option:Never,0,0,ArrowDown>combobox:Sample choice[none|f=combobox:Sample choice|h=None]@23.9
chromium-dark-desktop › orbit-sample select-down paced sample 11,orbit-sample,select,select-down,,paced,11,ArrowDown,Never | list open | listbox×1 | @option:Never,0,0,ArrowDown>combobox:Sample choice[none|f=combobox:Sample choice|h=None]@97.8
chromium-dark-desktop › orbit-sample select-down paced sample 12,orbit-sample,select,select-down,,paced,12,ArrowDown,Never | list open | listbox×1 | @option:Never,0,0,ArrowDown>combobox:Sample choice[none|f=combobox:Sample choice|h=None]@29.9
chromium-dark-desktop › orbit-sample select-down paced sample 13,orbit-sample,select,select-down,,paced,13,ArrowDown,Never | list open | listbox×1 | @option:Never,0,0,ArrowDown>combobox:Sample choice[none|f=combobox:Sample choice|h=None]@21.7
chromium-dark-desktop › orbit-sample select-down paced sample 14,orbit-sample,select,select-down,,paced,14,ArrowDown,Never | list open | listbox×1 | @option:Never,0,0,ArrowDown>combobox:Sample choice[none|f=combobox:Sample choice|h=None]@36.4
chromium-dark-desktop › orbit-sample select-down paced sample 15,orbit-sample,select,select-down,,paced,15,ArrowDown,Never | list open | listbox×1 | @option:Never,0,0,ArrowDown>combobox:Sample choice[none|f=combobox:Sample choice|h=None]@29
chromium-dark-desktop › orbit-sample select-down paced sample 16,orbit-sample,select,select-down,,paced,16,ArrowDown,Never | list open | listbox×1 | @option:Never,0,0,ArrowDown>combobox:Sample choice[none|f=combobox:Sample choice|h=None]@26.4
chromium-dark-desktop › orbit-sample select-down paced sample 17,orbit-sample,select,select-down,,paced,17,ArrowDown,Never | list open | listbox×1 | @option:Never,0,0,ArrowDown>combobox:Sample choice[none|f=combobox:Sample choice|h=None]@36.2
chromium-dark-desktop › orbit-sample select-down paced sample 18,orbit-sample,select,select-down,,paced,18,ArrowDown,Never | list open | listbox×1 | @option:Never,0,0,ArrowDown>combobox:Sample choice[none|f=combobox:Sample choice|h=None]@29
chromium-dark-desktop › orbit-sample select-down paced sample 19,orbit-sample,select,select-down,,paced,19,ArrowDown,Never | list open | listbox×1 | @option:Never,0,0,ArrowDown>combobox:Sample choice[none|f=combobox:Sample choice|h=None]@23.1
chromium-dark-desktop › orbit-field select-down-enter burst sample 0,orbit-field,select,select-down-enter,,burst,0,ArrowDown Enter,never | list closed | none | @combobox:Expires,1,1,ArrowDown>combobox:Expires[none|f=combobox:Expires|h=None]@34.7 ; Enter>combobox:Expires[listbox×1|f=combobox:Expires|h=Never]@62.7 ; Enter*>option:Never[listbox×1|f=option:Never|h=Never]@63.6
chromium-dark-desktop › orbit-field select-down-enter burst sample 1,orbit-field,select,select-down-enter,,burst,1,ArrowDown Enter,never | list closed | none | @combobox:Expires,1,1,ArrowDown>combobox:Expires[none|f=combobox:Expires|h=None]@151.6 ; Enter>combobox:Expires[listbox×1|f=combobox:Expires|h=Never]@254.9 ; Enter*>option:Never[listbox×1|f=option:Never|h=Never]@255.6
chromium-dark-desktop › orbit-field select-down-enter burst sample 2,orbit-field,select,select-down-enter,,burst,2,ArrowDown Enter,never | list closed | none | @combobox:Expires,1,1,ArrowDown>combobox:Expires[none|f=combobox:Expires|h=None]@36.4 ; Enter>combobox:Expires[listbox×1|f=combobox:Expires|h=Never]@57.5 ; Enter*>option:Never[listbox×1|f=option:Never|h=Never]@79.6
chromium-dark-desktop › orbit-field select-down-enter burst sample 3,orbit-field,select,select-down-enter,,burst,3,ArrowDown Enter,never | list closed | none | @combobox:Expires,1,1,ArrowDown>combobox:Expires[none|f=combobox:Expires|h=None]@26.6 ; Enter>combobox:Expires[listbox×1|f=combobox:Expires|h=Never]@52.4 ; Enter*>option:Never[listbox×1|f=option:Never|h=Never]@53.2
chromium-dark-desktop › orbit-field select-down-enter burst sample 4,orbit-field,select,select-down-enter,,burst,4,ArrowDown Enter,never | list closed | none | @combobox:Expires,1,1,ArrowDown>combobox:Expires[none|f=combobox:Expires|h=None]@135.4 ; Enter>combobox:Expires[listbox×1|f=combobox:Expires|h=Never]@219.7 ; Enter*>option:Never[listbox×1|f=option:Never|h=Never]@222.3
chromium-dark-desktop › orbit-field select-down-enter burst sample 5,orbit-field,select,select-down-enter,,burst,5,ArrowDown Enter,never | list closed | none | @combobox:Expires,1,1,ArrowDown>combobox:Expires[none|f=combobox:Expires|h=None]@36.5 ; Enter>combobox:Expires[listbox×1|f=combobox:Expires|h=Never]@713.9 ; Enter*>option:Never[listbox×1|f=option:Never|h=Never]@720
chromium-dark-desktop › orbit-field select-down-enter burst sample 6,orbit-field,select,select-down-enter,,burst,6,ArrowDown Enter,never | list closed | none | @combobox:Expires,1,1,ArrowDown>combobox:Expires[none|f=combobox:Expires|h=None]@85 ; Enter>combobox:Expires[listbox×1|f=combobox:Expires|h=Never]@124.9 ; Enter*>option:Never[listbox×1|f=option:Never|h=Never]@127.8
chromium-dark-desktop › orbit-field select-down-enter burst sample 7,orbit-field,select,select-down-enter,,burst,7,ArrowDown Enter,never | list closed | none | @combobox:Expires,1,1,ArrowDown>combobox:Expires[none|f=combobox:Expires|h=None]@50.1 ; Enter>combobox:Expires[listbox×1|f=combobox:Expires|h=Never]@163.2 ; Enter*>option:Never[listbox×1|f=option:Never|h=Never]@174.6
chromium-dark-desktop › orbit-field select-down-enter burst sample 8,orbit-field,select,select-down-enter,,burst,8,ArrowDown Enter,never | list closed | none | @combobox:Expires,1,1,ArrowDown>combobox:Expires[none|f=combobox:Expires|h=None]@44.5 ; Enter>combobox:Expires[listbox×1|f=combobox:Expires|h=Never]@107.3 ; Enter*>option:Never[listbox×1|f=option:Never|h=Never]@110.7
chromium-dark-desktop › orbit-field select-down-enter burst sample 9,orbit-field,select,select-down-enter,,burst,9,ArrowDown Enter,never | list closed | none | @combobox:Expires,1,1,ArrowDown>combobox:Expires[none|f=combobox:Expires|h=None]@24.2 ; Enter>combobox:Expires[listbox×1|f=combobox:Expires|h=Never]@69.9 ; Enter*>option:Never[listbox×1|f=option:Never|h=Never]@71.2
chromium-dark-desktop › orbit-field select-down-enter burst sample 10,orbit-field,select,select-down-enter,,burst,10,ArrowDown Enter,never | list closed | none | @combobox:Expires,1,1,ArrowDown>combobox:Expires[none|f=combobox:Expires|h=None]@89.8 ; Enter>combobox:Expires[listbox×1|f=combobox:Expires|h=Never]@187.7 ; Enter*>option:Never[listbox×1|f=option:Never|h=Never]@220
chromium-dark-desktop › orbit-field select-down-enter burst sample 11,orbit-field,select,select-down-enter,,burst,11,ArrowDown Enter,never | list closed | none | @combobox:Expires,1,1,ArrowDown>combobox:Expires[none|f=combobox:Expires|h=None]@53.8 ; Enter>combobox:Expires[listbox×1|f=combobox:Expires|h=Never]@95.4 ; Enter*>option:Never[listbox×1|f=option:Never|h=Never]@101
chromium-dark-desktop › orbit-field select-down-enter burst sample 12,orbit-field,select,select-down-enter,,burst,12,ArrowDown Enter,never | list closed | none | @combobox:Expires,1,1,ArrowDown>combobox:Expires[none|f=combobox:Expires|h=None]@119.3 ; Enter>combobox:Expires[listbox×1|f=combobox:Expires|h=Never]@165.2 ; Enter*>option:Never[listbox×1|f=option:Never|h=Never]@166.7
chromium-dark-desktop › orbit-field select-down-enter burst sample 13,orbit-field,select,select-down-enter,,burst,13,ArrowDown Enter,never | list closed | none | @combobox:Expires,1,1,ArrowDown>combobox:Expires[none|f=combobox:Expires|h=None]@123.5 ; Enter>combobox:Expires[listbox×1|f=combobox:Expires|h=Never]@192.4 ; Enter*>option:Never[listbox×1|f=option:Never|h=Never]@194.4
chromium-dark-desktop › orbit-field select-down-enter burst sample 14,orbit-field,select,select-down-enter,,burst,14,ArrowDown Enter,never | list closed | none | @combobox:Expires,1,1,ArrowDown>combobox:Expires[none|f=combobox:Expires|h=None]@71.8 ; Enter>combobox:Expires[listbox×1|f=combobox:Expires|h=Never]@154.5 ; Enter*>option:Never[listbox×1|f=option:Never|h=Never]@156.3
chromium-dark-desktop › orbit-field select-down-enter burst sample 15,orbit-field,select,select-down-enter,,burst,15,ArrowDown Enter,never | list closed | none | @combobox:Expires,1,1,ArrowDown>combobox:Expires[none|f=combobox:Expires|h=None]@29.3 ; Enter>combobox:Expires[listbox×1|f=combobox:Expires|h=Never]@61.3 ; Enter*>option:Never[listbox×1|f=option:Never|h=Never]@62.7
chromium-dark-desktop › orbit-field select-down-enter burst sample 16,orbit-field,select,select-down-enter,,burst,16,ArrowDown Enter,never | list closed | none | @combobox:Expires,1,1,ArrowDown>combobox:Expires[none|f=combobox:Expires|h=None]@136.4 ; Enter>combobox:Expires[listbox×1|f=combobox:Expires|h=Never]@199.8 ; Enter*>option:Never[listbox×1|f=option:Never|h=Never]@201.3
chromium-dark-desktop › orbit-field select-down-enter burst sample 17,orbit-field,select,select-down-enter,,burst,17,ArrowDown Enter,never | list closed | none | @combobox:Expires,1,1,ArrowDown>combobox:Expires[none|f=combobox:Expires|h=None]@39.6 ; Enter>combobox:Expires[listbox×1|f=combobox:Expires|h=Never]@87.5 ; Enter*>option:Never[listbox×1|f=option:Never|h=Never]@101.4
chromium-dark-desktop › orbit-field select-down-enter burst sample 18,orbit-field,select,select-down-enter,,burst,18,ArrowDown Enter,never | list closed | none | @combobox:Expires,1,1,ArrowDown>combobox:Expires[none|f=combobox:Expires|h=None]@84.6 ; Enter>combobox:Expires[listbox×1|f=combobox:Expires|h=Never]@107 ; Enter*>option:Never[listbox×1|f=option:Never|h=Never]@107.5
chromium-dark-desktop › orbit-field select-down-enter burst sample 19,orbit-field,select,select-down-enter,,burst,19,ArrowDown Enter,never | list closed | none | @combobox:Expires,1,1,ArrowDown>combobox:Expires[none|f=combobox:Expires|h=None]@38.4 ; Enter>combobox:Expires[listbox×1|f=combobox:Expires|h=Never]@80.2 ; Enter*>option:Never[listbox×1|f=option:Never|h=Never]@84.4
chromium-dark-desktop › orbit-field select-down-enter paced sample 0,orbit-field,select,select-down-enter,,paced,0,ArrowDown Enter,never | list closed | none | @combobox:Expires,0,0,ArrowDown>combobox:Expires[none|f=combobox:Expires|h=None]@47.2 ; Enter>option:Never[listbox×1|f=option:Never|h=Never]@412.8
chromium-dark-desktop › orbit-field select-down-enter paced sample 1,orbit-field,select,select-down-enter,,paced,1,ArrowDown Enter,never | list closed | none | @combobox:Expires,0,0,ArrowDown>combobox:Expires[none|f=combobox:Expires|h=None]@35.1 ; Enter>option:Never[listbox×1|f=option:Never|h=Never]@362.6
chromium-dark-desktop › orbit-field select-down-enter paced sample 2,orbit-field,select,select-down-enter,,paced,2,ArrowDown Enter,never | list closed | none | @combobox:Expires,0,0,ArrowDown>combobox:Expires[none|f=combobox:Expires|h=None]@34.2 ; Enter>option:Never[listbox×1|f=option:Never|h=Never]@364.5
chromium-dark-desktop › orbit-field select-down-enter paced sample 3,orbit-field,select,select-down-enter,,paced,3,ArrowDown Enter,never | list closed | none | @combobox:Expires,0,0,ArrowDown>combobox:Expires[none|f=combobox:Expires|h=None]@21.6 ; Enter>option:Never[listbox×1|f=option:Never|h=Never]@349
chromium-dark-desktop › orbit-field select-down-enter paced sample 4,orbit-field,select,select-down-enter,,paced,4,ArrowDown Enter,never | list closed | none | @combobox:Expires,0,0,ArrowDown>combobox:Expires[none|f=combobox:Expires|h=None]@28.5 ; Enter>option:Never[listbox×1|f=option:Never|h=Never]@364.4
chromium-dark-desktop › orbit-field select-down-enter paced sample 5,orbit-field,select,select-down-enter,,paced,5,ArrowDown Enter,never | list closed | none | @combobox:Expires,0,0,ArrowDown>combobox:Expires[none|f=combobox:Expires|h=None]@30.1 ; Enter>option:Never[listbox×1|f=option:Never|h=Never]@363.1
chromium-dark-desktop › orbit-field select-down-enter paced sample 6,orbit-field,select,select-down-enter,,paced,6,ArrowDown Enter,never | list closed | none | @combobox:Expires,0,0,ArrowDown>combobox:Expires[none|f=combobox:Expires|h=None]@31.4 ; Enter>option:Never[listbox×1|f=option:Never|h=Never]@366
chromium-dark-desktop › orbit-field select-down-enter paced sample 7,orbit-field,select,select-down-enter,,paced,7,ArrowDown Enter,never | list closed | none | @combobox:Expires,0,0,ArrowDown>combobox:Expires[none|f=combobox:Expires|h=None]@32.5 ; Enter>option:Never[listbox×1|f=option:Never|h=Never]@380.6
chromium-dark-desktop › orbit-field select-down-enter paced sample 8,orbit-field,select,select-down-enter,,paced,8,ArrowDown Enter,never | list closed | none | @combobox:Expires,0,0,ArrowDown>combobox:Expires[none|f=combobox:Expires|h=None]@26.9 ; Enter>option:Never[listbox×1|f=option:Never|h=Never]@371.4
chromium-dark-desktop › orbit-field select-down-enter paced sample 9,orbit-field,select,select-down-enter,,paced,9,ArrowDown Enter,never | list closed | none | @combobox:Expires,0,0,ArrowDown>combobox:Expires[none|f=combobox:Expires|h=None]@34.2 ; Enter>option:Never[listbox×1|f=option:Never|h=Never]@371.4
chromium-dark-desktop › orbit-field select-down-enter paced sample 10,orbit-field,select,select-down-enter,,paced,10,ArrowDown Enter,never | list closed | none | @combobox:Expires,0,0,ArrowDown>combobox:Expires[none|f=combobox:Expires|h=None]@29 ; Enter>option:Never[listbox×1|f=option:Never|h=Never]@365.2
chromium-dark-desktop › orbit-field select-down-enter paced sample 11,orbit-field,select,select-down-enter,,paced,11,ArrowDown Enter,never | list closed | none | @combobox:Expires,0,0,ArrowDown>combobox:Expires[none|f=combobox:Expires|h=None]@30.1 ; Enter>option:Never[listbox×1|f=option:Never|h=Never]@361.6
chromium-dark-desktop › orbit-field select-down-enter paced sample 12,orbit-field,select,select-down-enter,,paced,12,ArrowDown Enter,never | list closed | none | @combobox:Expires,0,0,ArrowDown>combobox:Expires[none|f=combobox:Expires|h=None]@49 ; Enter>option:Never[listbox×1|f=option:Never|h=Never]@394.5
chromium-dark-desktop › orbit-field select-down-enter paced sample 13,orbit-field,select,select-down-enter,,paced,13,ArrowDown Enter,never | list closed | none | @combobox:Expires,0,0,ArrowDown>combobox:Expires[none|f=combobox:Expires|h=None]@28 ; Enter>option:Never[listbox×1|f=option:Never|h=Never]@361.8
chromium-dark-desktop › orbit-field select-down-enter paced sample 14,orbit-field,select,select-down-enter,,paced,14,ArrowDown Enter,never | list closed | none | @combobox:Expires,0,0,ArrowDown>combobox:Expires[none|f=combobox:Expires|h=None]@32.7 ; Enter>option:Never[listbox×1|f=option:Never|h=Never]@381.5
chromium-dark-desktop › orbit-field select-down-enter paced sample 15,orbit-field,select,select-down-enter,,paced,15,ArrowDown Enter,never | list closed | none | @combobox:Expires,0,0,ArrowDown>combobox:Expires[none|f=combobox:Expires|h=None]@30.7 ; Enter>option:Never[listbox×1|f=option:Never|h=Never]@359.7
chromium-dark-desktop › orbit-field select-down-enter paced sample 16,orbit-field,select,select-down-enter,,paced,16,ArrowDown Enter,never | list closed | none | @combobox:Expires,0,0,ArrowDown>combobox:Expires[none|f=combobox:Expires|h=None]@28.1 ; Enter>option:Never[listbox×1|f=option:Never|h=Never]@359.8
chromium-dark-desktop › orbit-field select-down-enter paced sample 17,orbit-field,select,select-down-enter,,paced,17,ArrowDown Enter,never | list closed | none | @combobox:Expires,0,0,ArrowDown>combobox:Expires[none|f=combobox:Expires|h=None]@32.9 ; Enter>option:Never[listbox×1|f=option:Never|h=Never]@364.3
chromium-dark-desktop › orbit-field select-down-enter paced sample 18,orbit-field,select,select-down-enter,,paced,18,ArrowDown Enter,never | list closed | none | @combobox:Expires,0,0,ArrowDown>combobox:Expires[none|f=combobox:Expires|h=None]@32 ; Enter>option:Never[listbox×1|f=option:Never|h=Never]@362.2
chromium-dark-desktop › orbit-field select-down-enter paced sample 19,orbit-field,select,select-down-enter,,paced,19,ArrowDown Enter,never | list closed | none | @combobox:Expires,0,0,ArrowDown>combobox:Expires[none|f=combobox:Expires|h=None]@31.6 ; Enter>option:Never[listbox×1|f=option:Never|h=Never]@373.9
chromium-dark-desktop › orbit-sample select-down-enter burst sample 0,orbit-sample,select,select-down-enter,,burst,0,ArrowDown Enter,Never | list closed | none | @combobox:Sample choice,1,1,ArrowDown>combobox:Sample choice[none|f=combobox:Sample choice|h=None]@22.2 ; Enter>combobox:Sample choice[listbox×1|f=combobox:Sample choice|h=Never]@48.2 ; Enter*>option:Never[listbox×1|f=option:Never|h=Never]@49.1
chromium-dark-desktop › orbit-sample select-down-enter burst sample 1,orbit-sample,select,select-down-enter,,burst,1,ArrowDown Enter,Never | list closed | none | @combobox:Sample choice,1,1,ArrowDown>combobox:Sample choice[none|f=combobox:Sample choice|h=None]@28.3 ; Enter>combobox:Sample choice[listbox×1|f=combobox:Sample choice|h=Never]@49.1 ; Enter*>option:Never[listbox×1|f=option:Never|h=Never]@49.7
chromium-dark-desktop › orbit-sample select-down-enter burst sample 2,orbit-sample,select,select-down-enter,,burst,2,ArrowDown Enter,Never | list closed | none | @combobox:Sample choice,1,1,ArrowDown>combobox:Sample choice[none|f=combobox:Sample choice|h=None]@37.3 ; Enter>combobox:Sample choice[listbox×1|f=combobox:Sample choice|h=Never]@60.5 ; Enter*>option:Never[listbox×1|f=option:Never|h=Never]@61.3
chromium-dark-desktop › orbit-sample select-down-enter burst sample 3,orbit-sample,select,select-down-enter,,burst,3,ArrowDown Enter,Never | list closed | none | @combobox:Sample choice,1,1,ArrowDown>combobox:Sample choice[none|f=combobox:Sample choice|h=None]@32.4 ; Enter>combobox:Sample choice[listbox×1|f=combobox:Sample choice|h=Never]@54 ; Enter*>option:Never[listbox×1|f=option:Never|h=Never]@54.7
chromium-dark-desktop › orbit-sample select-down-enter burst sample 4,orbit-sample,select,select-down-enter,,burst,4,ArrowDown Enter,Never | list closed | none | @combobox:Sample choice,1,1,ArrowDown>combobox:Sample choice[none|f=combobox:Sample choice|h=None]@26.9 ; Enter>combobox:Sample choice[listbox×1|f=combobox:Sample choice|h=Never]@50.5 ; Enter*>option:Never[listbox×1|f=option:Never|h=Never]@51.2
chromium-dark-desktop › orbit-sample select-down-enter burst sample 5,orbit-sample,select,select-down-enter,,burst,5,ArrowDown Enter,Never | list closed | none | @combobox:Sample choice,1,1,ArrowDown>combobox:Sample choice[none|f=combobox:Sample choice|h=None]@25.9 ; Enter>combobox:Sample choice[listbox×1|f=combobox:Sample choice|h=Never]@46.8 ; Enter*>option:Never[listbox×1|f=option:Never|h=Never]@47.4
chromium-dark-desktop › orbit-sample select-down-enter burst sample 6,orbit-sample,select,select-down-enter,,burst,6,ArrowDown Enter,Never | list closed | none | @combobox:Sample choice,1,1,ArrowDown>combobox:Sample choice[none|f=combobox:Sample choice|h=None]@31.4 ; Enter>combobox:Sample choice[listbox×1|f=combobox:Sample choice|h=Never]@51.2 ; Enter*>option:Never[listbox×1|f=option:Never|h=Never]@51.9
chromium-dark-desktop › orbit-sample select-down-enter burst sample 7,orbit-sample,select,select-down-enter,,burst,7,ArrowDown Enter,Never | list closed | none | @combobox:Sample choice,1,1,ArrowDown>combobox:Sample choice[none|f=combobox:Sample choice|h=None]@30.1 ; Enter>combobox:Sample choice[listbox×1|f=combobox:Sample choice|h=Never]@52.8 ; Enter*>option:Never[listbox×1|f=option:Never|h=Never]@53.4
chromium-dark-desktop › orbit-sample select-down-enter burst sample 8,orbit-sample,select,select-down-enter,,burst,8,ArrowDown Enter,Never | list closed | none | @combobox:Sample choice,1,1,ArrowDown>combobox:Sample choice[none|f=combobox:Sample choice|h=None]@33.5 ; Enter>combobox:Sample choice[listbox×1|f=combobox:Sample choice|h=Never]@53 ; Enter*>option:Never[listbox×1|f=option:Never|h=Never]@53.7
chromium-dark-desktop › orbit-sample select-down-enter burst sample 9,orbit-sample,select,select-down-enter,,burst,9,ArrowDown Enter,Never | list closed | none | @combobox:Sample choice,1,1,ArrowDown>combobox:Sample choice[none|f=combobox:Sample choice|h=None]@32 ; Enter>combobox:Sample choice[listbox×1|f=combobox:Sample choice|h=Never]@51.2 ; Enter*>option:Never[listbox×1|f=option:Never|h=Never]@51.8
chromium-dark-desktop › orbit-sample select-down-enter burst sample 10,orbit-sample,select,select-down-enter,,burst,10,ArrowDown Enter,Never | list closed | none | @combobox:Sample choice,1,1,ArrowDown>combobox:Sample choice[none|f=combobox:Sample choice|h=None]@32.5 ; Enter>combobox:Sample choice[listbox×1|f=combobox:Sample choice|h=Never]@51.3 ; Enter*>option:Never[listbox×1|f=option:Never|h=Never]@51.9
chromium-dark-desktop › orbit-sample select-down-enter burst sample 11,orbit-sample,select,select-down-enter,,burst,11,ArrowDown Enter,Never | list closed | none | @combobox:Sample choice,1,1,ArrowDown>combobox:Sample choice[none|f=combobox:Sample choice|h=None]@22.5 ; Enter>combobox:Sample choice[listbox×1|f=combobox:Sample choice|h=Never]@42.9 ; Enter*>option:Never[listbox×1|f=option:Never|h=Never]@43.6
chromium-dark-desktop › orbit-sample select-down-enter burst sample 12,orbit-sample,select,select-down-enter,,burst,12,ArrowDown Enter,Never | list closed | none | @combobox:Sample choice,1,1,ArrowDown>combobox:Sample choice[none|f=combobox:Sample choice|h=None]@22 ; Enter>combobox:Sample choice[listbox×1|f=combobox:Sample choice|h=Never]@41.1 ; Enter*>option:Never[listbox×1|f=option:Never|h=Never]@41.7
chromium-dark-desktop › orbit-sample select-down-enter burst sample 13,orbit-sample,select,select-down-enter,,burst,13,ArrowDown Enter,Never | list closed | none | @combobox:Sample choice,1,1,ArrowDown>combobox:Sample choice[none|f=combobox:Sample choice|h=None]@34.4 ; Enter>combobox:Sample choice[listbox×1|f=combobox:Sample choice|h=Never]@53 ; Enter*>option:Never[listbox×1|f=option:Never|h=Never]@53.5
chromium-dark-desktop › orbit-sample select-down-enter burst sample 14,orbit-sample,select,select-down-enter,,burst,14,ArrowDown Enter,Never | list closed | none | @combobox:Sample choice,1,1,ArrowDown>combobox:Sample choice[none|f=combobox:Sample choice|h=None]@27.5 ; Enter>combobox:Sample choice[listbox×1|f=combobox:Sample choice|h=Never]@48.4 ; Enter*>option:Never[listbox×1|f=option:Never|h=Never]@48.9
chromium-dark-desktop › orbit-sample select-down-enter burst sample 15,orbit-sample,select,select-down-enter,,burst,15,ArrowDown Enter,Never | list closed | none | @combobox:Sample choice,1,1,ArrowDown>combobox:Sample choice[none|f=combobox:Sample choice|h=None]@26.1 ; Enter>combobox:Sample choice[listbox×1|f=combobox:Sample choice|h=Never]@44.8 ; Enter*>option:Never[listbox×1|f=option:Never|h=Never]@45.3
chromium-dark-desktop › orbit-sample select-down-enter burst sample 16,orbit-sample,select,select-down-enter,,burst,16,ArrowDown Enter,Never | list closed | none | @combobox:Sample choice,1,1,ArrowDown>combobox:Sample choice[none|f=combobox:Sample choice|h=None]@33.8 ; Enter>combobox:Sample choice[listbox×1|f=combobox:Sample choice|h=Never]@54.2 ; Enter*>option:Never[listbox×1|f=option:Never|h=Never]@54.8
chromium-dark-desktop › orbit-sample select-down-enter burst sample 17,orbit-sample,select,select-down-enter,,burst,17,ArrowDown Enter,Never | list closed | none | @combobox:Sample choice,1,1,ArrowDown>combobox:Sample choice[none|f=combobox:Sample choice|h=None]@28.6 ; Enter>combobox:Sample choice[listbox×1|f=combobox:Sample choice|h=Never]@49.2 ; Enter*>option:Never[listbox×1|f=option:Never|h=Never]@49.8
chromium-dark-desktop › orbit-sample select-down-enter burst sample 18,orbit-sample,select,select-down-enter,,burst,18,ArrowDown Enter,Never | list closed | none | @combobox:Sample choice,1,1,ArrowDown>combobox:Sample choice[none|f=combobox:Sample choice|h=None]@33.2 ; Enter>combobox:Sample choice[listbox×1|f=combobox:Sample choice|h=Never]@70.2 ; Enter*>option:Never[listbox×1|f=option:Never|h=Never]@71
chromium-dark-desktop › orbit-sample select-down-enter burst sample 19,orbit-sample,select,select-down-enter,,burst,19,ArrowDown Enter,Never | list closed | none | @combobox:Sample choice,1,1,ArrowDown>combobox:Sample choice[none|f=combobox:Sample choice|h=None]@36.2 ; Enter>combobox:Sample choice[listbox×1|f=combobox:Sample choice|h=Never]@55.4 ; Enter*>option:Never[listbox×1|f=option:Never|h=Never]@55.9
chromium-dark-desktop › orbit-sample select-down-enter paced sample 0,orbit-sample,select,select-down-enter,,paced,0,ArrowDown Enter,Never | list closed | none | @combobox:Sample choice,0,0,ArrowDown>combobox:Sample choice[none|f=combobox:Sample choice|h=None]@36.8 ; Enter>option:Never[listbox×1|f=option:Never|h=Never]@364.3
chromium-dark-desktop › orbit-sample select-down-enter paced sample 1,orbit-sample,select,select-down-enter,,paced,1,ArrowDown Enter,Never | list closed | none | @combobox:Sample choice,0,0,ArrowDown>combobox:Sample choice[none|f=combobox:Sample choice|h=None]@40.5 ; Enter>option:Never[listbox×1|f=option:Never|h=Never]@366.2
chromium-dark-desktop › orbit-sample select-down-enter paced sample 2,orbit-sample,select,select-down-enter,,paced,2,ArrowDown Enter,Never | list closed | none | @combobox:Sample choice,0,0,ArrowDown>combobox:Sample choice[none|f=combobox:Sample choice|h=None]@27.1 ; Enter>option:Never[listbox×1|f=option:Never|h=Never]@355.9
chromium-dark-desktop › orbit-sample select-down-enter paced sample 3,orbit-sample,select,select-down-enter,,paced,3,ArrowDown Enter,Never | list closed | none | @combobox:Sample choice,0,0,ArrowDown>combobox:Sample choice[none|f=combobox:Sample choice|h=None]@20.7 ; Enter>option:Never[listbox×1|f=option:Never|h=Never]@347.1
chromium-dark-desktop › orbit-sample select-down-enter paced sample 4,orbit-sample,select,select-down-enter,,paced,4,ArrowDown Enter,Never | list closed | none | @combobox:Sample choice,0,0,ArrowDown>combobox:Sample choice[none|f=combobox:Sample choice|h=None]@33.8 ; Enter>option:Never[listbox×1|f=option:Never|h=Never]@361.1
chromium-dark-desktop › orbit-sample select-down-enter paced sample 5,orbit-sample,select,select-down-enter,,paced,5,ArrowDown Enter,Never | list closed | none | @combobox:Sample choice,0,0,ArrowDown>combobox:Sample choice[none|f=combobox:Sample choice|h=None]@20.9 ; Enter>option:Never[listbox×1|f=option:Never|h=Never]@345.5
chromium-dark-desktop › orbit-sample select-down-enter paced sample 6,orbit-sample,select,select-down-enter,,paced,6,ArrowDown Enter,Never | list closed | none | @combobox:Sample choice,0,0,ArrowDown>combobox:Sample choice[none|f=combobox:Sample choice|h=None]@33.1 ; Enter>option:Never[listbox×1|f=option:Never|h=Never]@358.1
chromium-dark-desktop › orbit-sample select-down-enter paced sample 7,orbit-sample,select,select-down-enter,,paced,7,ArrowDown Enter,Never | list closed | none | @combobox:Sample choice,0,0,ArrowDown>combobox:Sample choice[none|f=combobox:Sample choice|h=None]@28.7 ; Enter>option:Never[listbox×1|f=option:Never|h=Never]@358.1
chromium-dark-desktop › orbit-sample select-down-enter paced sample 8,orbit-sample,select,select-down-enter,,paced,8,ArrowDown Enter,Never | list closed | none | @combobox:Sample choice,0,0,ArrowDown>combobox:Sample choice[none|f=combobox:Sample choice|h=None]@36.3 ; Enter>option:Never[listbox×1|f=option:Never|h=Never]@387.9
chromium-dark-desktop › orbit-sample select-down-enter paced sample 9,orbit-sample,select,select-down-enter,,paced,9,ArrowDown Enter,Never | list closed | none | @combobox:Sample choice,0,0,ArrowDown>combobox:Sample choice[none|f=combobox:Sample choice|h=None]@35.9 ; Enter>option:Never[listbox×1|f=option:Never|h=Never]@374.4
chromium-dark-desktop › orbit-sample select-down-enter paced sample 10,orbit-sample,select,select-down-enter,,paced,10,ArrowDown Enter,Never | list closed | none | @combobox:Sample choice,0,0,ArrowDown>combobox:Sample choice[none|f=combobox:Sample choice|h=None]@29.4 ; Enter>option:Never[listbox×1|f=option:Never|h=Never]@358.2
chromium-dark-desktop › orbit-sample select-down-enter paced sample 11,orbit-sample,select,select-down-enter,,paced,11,ArrowDown Enter,Never | list closed | none | @combobox:Sample choice,0,0,ArrowDown>combobox:Sample choice[none|f=combobox:Sample choice|h=None]@27.4 ; Enter>option:Never[listbox×1|f=option:Never|h=Never]@367.2
chromium-dark-desktop › orbit-sample select-down-enter paced sample 12,orbit-sample,select,select-down-enter,,paced,12,ArrowDown Enter,Never | list closed | none | @combobox:Sample choice,0,0,ArrowDown>combobox:Sample choice[none|f=combobox:Sample choice|h=None]@38.8 ; Enter>option:Never[listbox×1|f=option:Never|h=Never]@367.2
chromium-dark-desktop › orbit-sample select-down-enter paced sample 13,orbit-sample,select,select-down-enter,,paced,13,ArrowDown Enter,Never | list closed | none | @combobox:Sample choice,0,0,ArrowDown>combobox:Sample choice[none|f=combobox:Sample choice|h=None]@32.5 ; Enter>option:Never[listbox×1|f=option:Never|h=Never]@359.4
chromium-dark-desktop › orbit-sample select-down-enter paced sample 14,orbit-sample,select,select-down-enter,,paced,14,ArrowDown Enter,Never | list closed | none | @combobox:Sample choice,0,0,ArrowDown>combobox:Sample choice[none|f=combobox:Sample choice|h=None]@34.9 ; Enter>option:Never[listbox×1|f=option:Never|h=Never]@361.6
chromium-dark-desktop › orbit-sample select-down-enter paced sample 15,orbit-sample,select,select-down-enter,,paced,15,ArrowDown Enter,Never | list closed | none | @combobox:Sample choice,0,0,ArrowDown>combobox:Sample choice[none|f=combobox:Sample choice|h=None]@42.1 ; Enter>option:Never[listbox×1|f=option:Never|h=Never]@373.1
chromium-dark-desktop › orbit-sample select-down-enter paced sample 16,orbit-sample,select,select-down-enter,,paced,16,ArrowDown Enter,Never | list closed | none | @combobox:Sample choice,0,0,ArrowDown>combobox:Sample choice[none|f=combobox:Sample choice|h=None]@23.6 ; Enter>option:Never[listbox×1|f=option:Never|h=Never]@366.2
chromium-dark-desktop › orbit-sample select-down-enter paced sample 17,orbit-sample,select,select-down-enter,,paced,17,ArrowDown Enter,Never | list closed | none | @combobox:Sample choice,0,0,ArrowDown>combobox:Sample choice[none|f=combobox:Sample choice|h=None]@27.4 ; Enter>option:Never[listbox×1|f=option:Never|h=Never]@366.8
chromium-dark-desktop › orbit-sample select-down-enter paced sample 18,orbit-sample,select,select-down-enter,,paced,18,ArrowDown Enter,Never | list closed | none | @combobox:Sample choice,0,0,ArrowDown>combobox:Sample choice[none|f=combobox:Sample choice|h=None]@22.8 ; Enter>option:Never[listbox×1|f=option:Never|h=Never]@361.9
chromium-dark-desktop › orbit-sample select-down-enter paced sample 19,orbit-sample,select,select-down-enter,,paced,19,ArrowDown Enter,Never | list closed | none | @combobox:Sample choice,0,0,ArrowDown>combobox:Sample choice[none|f=combobox:Sample choice|h=None]@28.4 ; Enter>option:Never[listbox×1|f=option:Never|h=Never]@377
chromium-dark-desktop › orbit-field select-down-enter-from-7 burst sample 0,orbit-field,select,select-down-enter-from-7,,burst,0,ArrowDown Enter,7 | list closed | none | @combobox:Expires,1,1,ArrowDown>combobox:Expires[none|f=combobox:Expires|h=None]@16.4 ; Enter>combobox:Expires[listbox×1|f=combobox:Expires|h=7 days]@27.3 ; Enter*>option:7 days[listbox×1|f=option:7 days|h=7 days]@27.5
chromium-dark-desktop › orbit-field select-down-enter-from-7 burst sample 1,orbit-field,select,select-down-enter-from-7,,burst,1,ArrowDown Enter,7 | list closed | none | @combobox:Expires,1,1,ArrowDown>combobox:Expires[none|f=combobox:Expires|h=None]@8.8 ; Enter>combobox:Expires[listbox×1|f=combobox:Expires|h=7 days]@23.8 ; Enter*>option:7 days[listbox×1|f=option:7 days|h=7 days]@24.2
chromium-dark-desktop › orbit-field select-down-enter-from-7 burst sample 2,orbit-field,select,select-down-enter-from-7,,burst,2,ArrowDown Enter,7 | list closed | none | @combobox:Expires,1,1,ArrowDown>combobox:Expires[none|f=combobox:Expires|h=None]@9.9 ; Enter>combobox:Expires[listbox×1|f=combobox:Expires|h=7 days]@21.6 ; Enter*>option:7 days[listbox×1|f=option:7 days|h=7 days]@21.9
chromium-dark-desktop › orbit-field select-down-enter-from-7 burst sample 3,orbit-field,select,select-down-enter-from-7,,burst,3,ArrowDown Enter,7 | list closed | none | @combobox:Expires,1,1,ArrowDown>combobox:Expires[none|f=combobox:Expires|h=None]@18.8 ; Enter>combobox:Expires[listbox×1|f=combobox:Expires|h=7 days]@31.4 ; Enter*>option:7 days[listbox×1|f=option:7 days|h=7 days]@31.7
chromium-dark-desktop › orbit-field select-down-enter-from-7 burst sample 4,orbit-field,select,select-down-enter-from-7,,burst,4,ArrowDown Enter,7 | list closed | none | @combobox:Expires,1,1,ArrowDown>combobox:Expires[none|f=combobox:Expires|h=None]@19.3 ; Enter>combobox:Expires[listbox×1|f=combobox:Expires|h=7 days]@31.4 ; Enter*>option:7 days[listbox×1|f=option:7 days|h=7 days]@31.7
chromium-dark-desktop › orbit-field select-down-enter-from-7 burst sample 5,orbit-field,select,select-down-enter-from-7,,burst,5,ArrowDown Enter,7 | list closed | none | @combobox:Expires,1,1,ArrowDown>combobox:Expires[none|f=combobox:Expires|h=None]@20.1 ; Enter>combobox:Expires[listbox×1|f=combobox:Expires|h=7 days]@32 ; Enter*>option:7 days[listbox×1|f=option:7 days|h=7 days]@32.4
chromium-dark-desktop › orbit-field select-down-enter-from-7 burst sample 6,orbit-field,select,select-down-enter-from-7,,burst,6,ArrowDown Enter,7 | list closed | none | @combobox:Expires,1,1,ArrowDown>combobox:Expires[none|f=combobox:Expires|h=None]@8.6 ; Enter>combobox:Expires[listbox×1|f=combobox:Expires|h=7 days]@16.6 ; Enter*>option:7 days[listbox×1|f=option:7 days|h=7 days]@16.9
chromium-dark-desktop › orbit-field select-down-enter-from-7 burst sample 7,orbit-field,select,select-down-enter-from-7,,burst,7,ArrowDown Enter,7 | list closed | none | @combobox:Expires,1,1,ArrowDown>combobox:Expires[none|f=combobox:Expires|h=None]@17.6 ; Enter>combobox:Expires[listbox×1|f=combobox:Expires|h=7 days]@29.9 ; Enter*>option:7 days[listbox×1|f=option:7 days|h=7 days]@30.2
chromium-dark-desktop › orbit-field select-down-enter-from-7 burst sample 8,orbit-field,select,select-down-enter-from-7,,burst,8,ArrowDown Enter,7 | list closed | none | @combobox:Expires,1,1,ArrowDown>combobox:Expires[none|f=combobox:Expires|h=None]@16 ; Enter>combobox:Expires[listbox×1|f=combobox:Expires|h=7 days]@27.3 ; Enter*>option:7 days[listbox×1|f=option:7 days|h=7 days]@27.7
chromium-dark-desktop › orbit-field select-down-enter-from-7 burst sample 9,orbit-field,select,select-down-enter-from-7,,burst,9,ArrowDown Enter,7 | list closed | none | @combobox:Expires,1,1,ArrowDown>combobox:Expires[none|f=combobox:Expires|h=None]@20 ; Enter>combobox:Expires[listbox×1|f=combobox:Expires|h=7 days]@33.4 ; Enter*>option:7 days[listbox×1|f=option:7 days|h=7 days]@33.9
chromium-dark-desktop › orbit-field select-down-enter-from-7 burst sample 10,orbit-field,select,select-down-enter-from-7,,burst,10,ArrowDown Enter,7 | list closed | none | @combobox:Expires,1,1,ArrowDown>combobox:Expires[none|f=combobox:Expires|h=None]@4.8 ; Enter>combobox:Expires[listbox×1|f=combobox:Expires|h=7 days]@18.2 ; Enter*>option:7 days[listbox×1|f=option:7 days|h=7 days]@18.8
chromium-dark-desktop › orbit-field select-down-enter-from-7 burst sample 11,orbit-field,select,select-down-enter-from-7,,burst,11,ArrowDown Enter,7 | list closed | none | @combobox:Expires,1,1,ArrowDown>combobox:Expires[none|f=combobox:Expires|h=None]@15.3 ; Enter>combobox:Expires[listbox×1|f=combobox:Expires|h=7 days]@27.3 ; Enter*>option:7 days[listbox×1|f=option:7 days|h=7 days]@27.6
chromium-dark-desktop › orbit-field select-down-enter-from-7 burst sample 12,orbit-field,select,select-down-enter-from-7,,burst,12,ArrowDown Enter,7 | list closed | none | @combobox:Expires,1,1,ArrowDown>combobox:Expires[none|f=combobox:Expires|h=None]@17.1 ; Enter>combobox:Expires[listbox×1|f=combobox:Expires|h=7 days]@30.8 ; Enter*>option:7 days[listbox×1|f=option:7 days|h=7 days]@31.2
chromium-dark-desktop › orbit-field select-down-enter-from-7 burst sample 13,orbit-field,select,select-down-enter-from-7,,burst,13,ArrowDown Enter,7 | list closed | none | @combobox:Expires,1,1,ArrowDown>combobox:Expires[none|f=combobox:Expires|h=None]@3.6 ; Enter>combobox:Expires[listbox×1|f=combobox:Expires|h=7 days]@14.7 ; Enter*>option:7 days[listbox×1|f=option:7 days|h=7 days]@15.1
chromium-dark-desktop › orbit-field select-down-enter-from-7 burst sample 14,orbit-field,select,select-down-enter-from-7,,burst,14,ArrowDown Enter,7 | list closed | none | @combobox:Expires,1,1,ArrowDown>combobox:Expires[none|f=combobox:Expires|h=None]@11.3 ; Enter>combobox:Expires[listbox×1|f=combobox:Expires|h=7 days]@23.5 ; Enter*>option:7 days[listbox×1|f=option:7 days|h=7 days]@23.8
chromium-dark-desktop › orbit-field select-down-enter-from-7 burst sample 15,orbit-field,select,select-down-enter-from-7,,burst,15,ArrowDown Enter,7 | list closed | none | @combobox:Expires,1,1,ArrowDown>combobox:Expires[none|f=combobox:Expires|h=None]@19.5 ; Enter>combobox:Expires[listbox×1|f=combobox:Expires|h=7 days]@31.6 ; Enter*>option:7 days[listbox×1|f=option:7 days|h=7 days]@31.9
chromium-dark-desktop › orbit-field select-down-enter-from-7 burst sample 16,orbit-field,select,select-down-enter-from-7,,burst,16,ArrowDown Enter,7 | list closed | none | @combobox:Expires,1,1,ArrowDown>combobox:Expires[none|f=combobox:Expires|h=None]@10.1 ; Enter>combobox:Expires[listbox×1|f=combobox:Expires|h=7 days]@24.2 ; Enter*>option:7 days[listbox×1|f=option:7 days|h=7 days]@24.7
chromium-dark-desktop › orbit-field select-down-enter-from-7 burst sample 17,orbit-field,select,select-down-enter-from-7,,burst,17,ArrowDown Enter,7 | list closed | none | @combobox:Expires,1,1,ArrowDown>combobox:Expires[none|f=combobox:Expires|h=None]@12.9 ; Enter>combobox:Expires[listbox×1|f=combobox:Expires|h=7 days]@27.8 ; Enter*>option:7 days[listbox×1|f=option:7 days|h=7 days]@28.4
chromium-dark-desktop › orbit-field select-down-enter-from-7 burst sample 18,orbit-field,select,select-down-enter-from-7,,burst,18,ArrowDown Enter,7 | list closed | none | @combobox:Expires,1,1,ArrowDown>combobox:Expires[none|f=combobox:Expires|h=None]@16.8 ; Enter>combobox:Expires[listbox×1|f=combobox:Expires|h=7 days]@28.7 ; Enter*>option:7 days[listbox×1|f=option:7 days|h=7 days]@29
chromium-dark-desktop › orbit-field select-down-enter-from-7 burst sample 19,orbit-field,select,select-down-enter-from-7,,burst,19,ArrowDown Enter,7 | list closed | none | @combobox:Expires,1,1,ArrowDown>combobox:Expires[none|f=combobox:Expires|h=None]@16.2 ; Enter>combobox:Expires[listbox×1|f=combobox:Expires|h=7 days]@29.6 ; Enter*>option:7 days[listbox×1|f=option:7 days|h=7 days]@30
chromium-dark-desktop › orbit-field select-down-enter-from-7 paced sample 0,orbit-field,select,select-down-enter-from-7,,paced,0,ArrowDown Enter,7 | list closed | none | @combobox:Expires,0,0,ArrowDown>combobox:Expires[none|f=combobox:Expires|h=None]@13.4 ; Enter>option:7 days[listbox×1|f=option:7 days|h=7 days]@363.8
chromium-dark-desktop › orbit-field select-down-enter-from-7 paced sample 1,orbit-field,select,select-down-enter-from-7,,paced,1,ArrowDown Enter,7 | list closed | none | @combobox:Expires,0,0,ArrowDown>combobox:Expires[none|f=combobox:Expires|h=None]@19.4 ; Enter>option:7 days[listbox×1|f=option:7 days|h=7 days]@336.7
chromium-dark-desktop › orbit-field select-down-enter-from-7 paced sample 2,orbit-field,select,select-down-enter-from-7,,paced,2,ArrowDown Enter,7 | list closed | none | @combobox:Expires,0,0,ArrowDown>combobox:Expires[none|f=combobox:Expires|h=None]@4.9 ; Enter>option:7 days[listbox×1|f=option:7 days|h=7 days]@327.6
chromium-dark-desktop › orbit-field select-down-enter-from-7 paced sample 3,orbit-field,select,select-down-enter-from-7,,paced,3,ArrowDown Enter,7 | list closed | none | @combobox:Expires,0,0,ArrowDown>combobox:Expires[none|f=combobox:Expires|h=None]@22.4 ; Enter>option:7 days[listbox×1|f=option:7 days|h=7 days]@344.3
chromium-dark-desktop › orbit-field select-down-enter-from-7 paced sample 4,orbit-field,select,select-down-enter-from-7,,paced,4,ArrowDown Enter,7 | list closed | none | @combobox:Expires,0,0,ArrowDown>combobox:Expires[none|f=combobox:Expires|h=None]@27.9 ; Enter>option:7 days[listbox×1|f=option:7 days|h=7 days]@356.7
chromium-dark-desktop › orbit-field select-down-enter-from-7 paced sample 5,orbit-field,select,select-down-enter-from-7,,paced,5,ArrowDown Enter,7 | list closed | none | @combobox:Expires,0,0,ArrowDown>combobox:Expires[none|f=combobox:Expires|h=None]@13.3 ; Enter>option:7 days[listbox×1|f=option:7 days|h=7 days]@379.9
chromium-dark-desktop › orbit-field select-down-enter-from-7 paced sample 6,orbit-field,select,select-down-enter-from-7,,paced,6,ArrowDown Enter,7 | list closed | none | @combobox:Expires,0,0,ArrowDown>combobox:Expires[none|f=combobox:Expires|h=None]@14 ; Enter>option:7 days[listbox×1|f=option:7 days|h=7 days]@329.8
chromium-dark-desktop › orbit-field select-down-enter-from-7 paced sample 7,orbit-field,select,select-down-enter-from-7,,paced,7,ArrowDown Enter,7 | list closed | none | @combobox:Expires,0,0,ArrowDown>combobox:Expires[none|f=combobox:Expires|h=None]@9.6 ; Enter>option:7 days[listbox×1|f=option:7 days|h=7 days]@331.5
chromium-dark-desktop › orbit-field select-down-enter-from-7 paced sample 8,orbit-field,select,select-down-enter-from-7,,paced,8,ArrowDown Enter,7 | list closed | none | @combobox:Expires,0,0,ArrowDown>combobox:Expires[none|f=combobox:Expires|h=None]@5.6 ; Enter>option:7 days[listbox×1|f=option:7 days|h=7 days]@323.1
chromium-dark-desktop › orbit-field select-down-enter-from-7 paced sample 9,orbit-field,select,select-down-enter-from-7,,paced,9,ArrowDown Enter,7 | list closed | none | @combobox:Expires,0,0,ArrowDown>combobox:Expires[none|f=combobox:Expires|h=None]@19.9 ; Enter>option:7 days[listbox×1|f=option:7 days|h=7 days]@337
chromium-dark-desktop › orbit-field select-down-enter-from-7 paced sample 10,orbit-field,select,select-down-enter-from-7,,paced,10,ArrowDown Enter,7 | list closed | none | @combobox:Expires,0,0,ArrowDown>combobox:Expires[none|f=combobox:Expires|h=None]@17.8 ; Enter>option:7 days[listbox×1|f=option:7 days|h=7 days]@350.1
chromium-dark-desktop › orbit-field select-down-enter-from-7 paced sample 11,orbit-field,select,select-down-enter-from-7,,paced,11,ArrowDown Enter,7 | list closed | none | @combobox:Expires,0,0,ArrowDown>combobox:Expires[none|f=combobox:Expires|h=None]@16.5 ; Enter>option:7 days[listbox×1|f=option:7 days|h=7 days]@338.3
chromium-dark-desktop › orbit-field select-down-enter-from-7 paced sample 12,orbit-field,select,select-down-enter-from-7,,paced,12,ArrowDown Enter,7 | list closed | none | @combobox:Expires,0,0,ArrowDown>combobox:Expires[none|f=combobox:Expires|h=None]@16.6 ; Enter>option:7 days[listbox×1|f=option:7 days|h=7 days]@337.2
chromium-dark-desktop › orbit-field select-down-enter-from-7 paced sample 13,orbit-field,select,select-down-enter-from-7,,paced,13,ArrowDown Enter,7 | list closed | none | @combobox:Expires,0,0,ArrowDown>combobox:Expires[none|f=combobox:Expires|h=None]@19.9 ; Enter>option:7 days[listbox×1|f=option:7 days|h=7 days]@341.3
chromium-dark-desktop › orbit-field select-down-enter-from-7 paced sample 14,orbit-field,select,select-down-enter-from-7,,paced,14,ArrowDown Enter,7 | list closed | none | @combobox:Expires,0,0,ArrowDown>combobox:Expires[none|f=combobox:Expires|h=None]@6.9 ; Enter>option:7 days[listbox×1|f=option:7 days|h=7 days]@324
chromium-dark-desktop › orbit-field select-down-enter-from-7 paced sample 15,orbit-field,select,select-down-enter-from-7,,paced,15,ArrowDown Enter,7 | list closed | none | @combobox:Expires,0,0,ArrowDown>combobox:Expires[none|f=combobox:Expires|h=None]@5 ; Enter>option:7 days[listbox×1|f=option:7 days|h=7 days]@328.8
chromium-dark-desktop › orbit-field select-down-enter-from-7 paced sample 16,orbit-field,select,select-down-enter-from-7,,paced,16,ArrowDown Enter,7 | list closed | none | @combobox:Expires,0,0,ArrowDown>combobox:Expires[none|f=combobox:Expires|h=None]@60.2 ; Enter>option:7 days[listbox×1|f=option:7 days|h=7 days]@521.2
chromium-dark-desktop › orbit-field select-down-enter-from-7 paced sample 17,orbit-field,select,select-down-enter-from-7,,paced,17,ArrowDown Enter,7 | list closed | none | @combobox:Expires,0,0,ArrowDown>combobox:Expires[none|f=combobox:Expires|h=None]@15.7 ; Enter>option:7 days[listbox×1|f=option:7 days|h=7 days]@336.6
chromium-dark-desktop › orbit-field select-down-enter-from-7 paced sample 18,orbit-field,select,select-down-enter-from-7,,paced,18,ArrowDown Enter,7 | list closed | none | @combobox:Expires,0,0,ArrowDown>combobox:Expires[none|f=combobox:Expires|h=None]@10.7 ; Enter>option:7 days[listbox×1|f=option:7 days|h=7 days]@333.8
chromium-dark-desktop › orbit-field select-down-enter-from-7 paced sample 19,orbit-field,select,select-down-enter-from-7,,paced,19,ArrowDown Enter,7 | list closed | none | @combobox:Expires,0,0,ArrowDown>combobox:Expires[none|f=combobox:Expires|h=None]@4.7 ; Enter>option:7 days[listbox×1|f=option:7 days|h=7 days]@322.4
chromium-dark-desktop › orbit-sample select-down-enter-from-7 burst sample 0,orbit-sample,select,select-down-enter-from-7,,burst,0,ArrowDown Enter,7 days | list closed | none | @combobox:Sample choice,1,1,ArrowDown>combobox:Sample choice[none|f=combobox:Sample choice|h=None]@5.6 ; Enter>combobox:Sample choice[listbox×1|f=combobox:Sample choice|h=7 days]@20.4 ; Enter*>option:7 days[listbox×1|f=option:7 days|h=7 days]@20.8
chromium-dark-desktop › orbit-sample select-down-enter-from-7 burst sample 1,orbit-sample,select,select-down-enter-from-7,,burst,1,ArrowDown Enter,7 days | list closed | none | @combobox:Sample choice,1,1,ArrowDown>combobox:Sample choice[none|f=combobox:Sample choice|h=None]@17.3 ; Enter>combobox:Sample choice[listbox×1|f=combobox:Sample choice|h=7 days]@29.4 ; Enter*>option:7 days[listbox×1|f=option:7 days|h=7 days]@29.7
chromium-dark-desktop › orbit-sample select-down-enter-from-7 burst sample 2,orbit-sample,select,select-down-enter-from-7,,burst,2,ArrowDown Enter,7 days | list closed | none | @combobox:Sample choice,1,1,ArrowDown>combobox:Sample choice[none|f=combobox:Sample choice|h=None]@19 ; Enter>combobox:Sample choice[listbox×1|f=combobox:Sample choice|h=7 days]@33.2 ; Enter*>option:7 days[listbox×1|f=option:7 days|h=7 days]@33.7
chromium-dark-desktop › orbit-sample select-down-enter-from-7 burst sample 3,orbit-sample,select,select-down-enter-from-7,,burst,3,ArrowDown Enter,7 days | list closed | none | @combobox:Sample choice,1,1,ArrowDown>combobox:Sample choice[none|f=combobox:Sample choice|h=None]@3.5 ; Enter>combobox:Sample choice[listbox×1|f=combobox:Sample choice|h=7 days]@17.2 ; Enter*>option:7 days[listbox×1|f=option:7 days|h=7 days]@17.5
chromium-dark-desktop › orbit-sample select-down-enter-from-7 burst sample 4,orbit-sample,select,select-down-enter-from-7,,burst,4,ArrowDown Enter,7 days | list closed | none | @combobox:Sample choice,1,1,ArrowDown>combobox:Sample choice[none|f=combobox:Sample choice|h=None]@5.2 ; Enter>combobox:Sample choice[listbox×1|f=combobox:Sample choice|h=7 days]@16.9 ; Enter*>option:7 days[listbox×1|f=option:7 days|h=7 days]@17.2
chromium-dark-desktop › orbit-sample select-down-enter-from-7 burst sample 5,orbit-sample,select,select-down-enter-from-7,,burst,5,ArrowDown Enter,7 days | list closed | none | @combobox:Sample choice,1,1,ArrowDown>combobox:Sample choice[none|f=combobox:Sample choice|h=None]@4.9 ; Enter>combobox:Sample choice[listbox×1|f=combobox:Sample choice|h=7 days]@18.1 ; Enter*>option:7 days[listbox×1|f=option:7 days|h=7 days]@18.4
chromium-dark-desktop › orbit-sample select-down-enter-from-7 burst sample 6,orbit-sample,select,select-down-enter-from-7,,burst,6,ArrowDown Enter,7 days | list closed | none | @combobox:Sample choice,1,1,ArrowDown>combobox:Sample choice[none|f=combobox:Sample choice|h=None]@7 ; Enter>combobox:Sample choice[listbox×1|f=combobox:Sample choice|h=7 days]@19 ; Enter*>option:7 days[listbox×1|f=option:7 days|h=7 days]@19.3
chromium-dark-desktop › orbit-sample select-down-enter-from-7 burst sample 7,orbit-sample,select,select-down-enter-from-7,,burst,7,ArrowDown Enter,7 days | list closed | none | @combobox:Sample choice,1,1,ArrowDown>combobox:Sample choice[none|f=combobox:Sample choice|h=None]@8.6 ; Enter>combobox:Sample choice[listbox×1|f=combobox:Sample choice|h=7 days]@24.5 ; Enter*>option:7 days[listbox×1|f=option:7 days|h=7 days]@24.9
chromium-dark-desktop › orbit-sample select-down-enter-from-7 burst sample 8,orbit-sample,select,select-down-enter-from-7,,burst,8,ArrowDown Enter,7 days | list closed | none | @combobox:Sample choice,1,1,ArrowDown>combobox:Sample choice[none|f=combobox:Sample choice|h=None]@14.2 ; Enter>combobox:Sample choice[listbox×1|f=combobox:Sample choice|h=7 days]@28.4 ; Enter*>option:7 days[listbox×1|f=option:7 days|h=7 days]@28.8
chromium-dark-desktop › orbit-sample select-down-enter-from-7 burst sample 9,orbit-sample,select,select-down-enter-from-7,,burst,9,ArrowDown Enter,7 days | list closed | none | @combobox:Sample choice,1,1,ArrowDown>combobox:Sample choice[none|f=combobox:Sample choice|h=None]@13.8 ; Enter>combobox:Sample choice[listbox×1|f=combobox:Sample choice|h=7 days]@26 ; Enter*>option:7 days[listbox×1|f=option:7 days|h=7 days]@26.3
chromium-dark-desktop › orbit-sample select-down-enter-from-7 burst sample 10,orbit-sample,select,select-down-enter-from-7,,burst,10,ArrowDown Enter,7 days | list closed | none | @combobox:Sample choice,1,1,ArrowDown>combobox:Sample choice[none|f=combobox:Sample choice|h=None]@7.6 ; Enter>combobox:Sample choice[listbox×1|f=combobox:Sample choice|h=7 days]@21.6 ; Enter*>option:7 days[listbox×1|f=option:7 days|h=7 days]@21.9
chromium-dark-desktop › orbit-sample select-down-enter-from-7 burst sample 11,orbit-sample,select,select-down-enter-from-7,,burst,11,ArrowDown Enter,7 days | list closed | none | @combobox:Sample choice,1,1,ArrowDown>combobox:Sample choice[none|f=combobox:Sample choice|h=None]@21.1 ; Enter>combobox:Sample choice[listbox×1|f=combobox:Sample choice|h=7 days]@33.8 ; Enter*>option:7 days[listbox×1|f=option:7 days|h=7 days]@34.1
chromium-dark-desktop › orbit-sample select-down-enter-from-7 burst sample 12,orbit-sample,select,select-down-enter-from-7,,burst,12,ArrowDown Enter,7 days | list closed | none | @combobox:Sample choice,1,1,ArrowDown>combobox:Sample choice[none|f=combobox:Sample choice|h=None]@9.9 ; Enter>combobox:Sample choice[listbox×1|f=combobox:Sample choice|h=7 days]@23.5 ; Enter*>option:7 days[listbox×1|f=option:7 days|h=7 days]@23.8
chromium-dark-desktop › orbit-sample select-down-enter-from-7 burst sample 13,orbit-sample,select,select-down-enter-from-7,,burst,13,ArrowDown Enter,7 days | list closed | none | @combobox:Sample choice,1,1,ArrowDown>combobox:Sample choice[none|f=combobox:Sample choice|h=None]@9.9 ; Enter>combobox:Sample choice[listbox×1|f=combobox:Sample choice|h=7 days]@25.7 ; Enter*>option:7 days[listbox×1|f=option:7 days|h=7 days]@26
chromium-dark-desktop › orbit-sample select-down-enter-from-7 burst sample 14,orbit-sample,select,select-down-enter-from-7,,burst,14,ArrowDown Enter,7 days | list closed | none | @combobox:Sample choice,1,1,ArrowDown>combobox:Sample choice[none|f=combobox:Sample choice|h=None]@19.9 ; Enter>combobox:Sample choice[listbox×1|f=combobox:Sample choice|h=7 days]@31.4 ; Enter*>option:7 days[listbox×1|f=option:7 days|h=7 days]@31.7
chromium-dark-desktop › orbit-sample select-down-enter-from-7 burst sample 15,orbit-sample,select,select-down-enter-from-7,,burst,15,ArrowDown Enter,7 days | list closed | none | @combobox:Sample choice,1,1,ArrowDown>combobox:Sample choice[none|f=combobox:Sample choice|h=None]@9.6 ; Enter>combobox:Sample choice[listbox×1|f=combobox:Sample choice|h=7 days]@23.1 ; Enter*>option:7 days[listbox×1|f=option:7 days|h=7 days]@23.4
chromium-dark-desktop › orbit-sample select-down-enter-from-7 burst sample 16,orbit-sample,select,select-down-enter-from-7,,burst,16,ArrowDown Enter,7 days | list closed | none | @combobox:Sample choice,1,1,ArrowDown>combobox:Sample choice[none|f=combobox:Sample choice|h=None]@7.3 ; Enter>combobox:Sample choice[listbox×1|f=combobox:Sample choice|h=7 days]@18.8 ; Enter*>option:7 days[listbox×1|f=option:7 days|h=7 days]@19.1
chromium-dark-desktop › orbit-sample select-down-enter-from-7 burst sample 17,orbit-sample,select,select-down-enter-from-7,,burst,17,ArrowDown Enter,7 days | list closed | none | @combobox:Sample choice,1,1,ArrowDown>combobox:Sample choice[none|f=combobox:Sample choice|h=None]@14.3 ; Enter>combobox:Sample choice[listbox×1|f=combobox:Sample choice|h=7 days]@30 ; Enter*>option:7 days[listbox×1|f=option:7 days|h=7 days]@30.4
chromium-dark-desktop › orbit-sample select-down-enter-from-7 burst sample 18,orbit-sample,select,select-down-enter-from-7,,burst,18,ArrowDown Enter,7 days | list closed | none | @combobox:Sample choice,1,1,ArrowDown>combobox:Sample choice[none|f=combobox:Sample choice|h=None]@20.1 ; Enter>combobox:Sample choice[listbox×1|f=combobox:Sample choice|h=7 days]@35.6 ; Enter*>option:7 days[listbox×1|f=option:7 days|h=7 days]@36
chromium-dark-desktop › orbit-sample select-down-enter-from-7 burst sample 19,orbit-sample,select,select-down-enter-from-7,,burst,19,ArrowDown Enter,7 days | list closed | none | @combobox:Sample choice,1,1,ArrowDown>combobox:Sample choice[none|f=combobox:Sample choice|h=None]@3.8 ; Enter>combobox:Sample choice[listbox×1|f=combobox:Sample choice|h=7 days]@16.7 ; Enter*>option:7 days[listbox×1|f=option:7 days|h=7 days]@17
chromium-dark-desktop › orbit-sample select-down-enter-from-7 paced sample 0,orbit-sample,select,select-down-enter-from-7,,paced,0,ArrowDown Enter,7 days | list closed | none | @combobox:Sample choice,0,0,ArrowDown>combobox:Sample choice[none|f=combobox:Sample choice|h=None]@6.8 ; Enter>option:7 days[listbox×1|f=option:7 days|h=7 days]@329.8
chromium-dark-desktop › orbit-sample select-down-enter-from-7 paced sample 1,orbit-sample,select,select-down-enter-from-7,,paced,1,ArrowDown Enter,7 days | list closed | none | @combobox:Sample choice,0,0,ArrowDown>combobox:Sample choice[none|f=combobox:Sample choice|h=None]@7.3 ; Enter>option:7 days[listbox×1|f=option:7 days|h=7 days]@336.6
chromium-dark-desktop › orbit-sample select-down-enter-from-7 paced sample 2,orbit-sample,select,select-down-enter-from-7,,paced,2,ArrowDown Enter,7 days | list closed | none | @combobox:Sample choice,0,0,ArrowDown>combobox:Sample choice[none|f=combobox:Sample choice|h=None]@15.3 ; Enter>option:7 days[listbox×1|f=option:7 days|h=7 days]@359.4
chromium-dark-desktop › orbit-sample select-down-enter-from-7 paced sample 3,orbit-sample,select,select-down-enter-from-7,,paced,3,ArrowDown Enter,7 days | list closed | none | @combobox:Sample choice,0,0,ArrowDown>combobox:Sample choice[none|f=combobox:Sample choice|h=None]@21.2 ; Enter>option:7 days[listbox×1|f=option:7 days|h=7 days]@360.6
chromium-dark-desktop › orbit-sample select-down-enter-from-7 paced sample 4,orbit-sample,select,select-down-enter-from-7,,paced,4,ArrowDown Enter,7 days | list closed | none | @combobox:Sample choice,0,0,ArrowDown>combobox:Sample choice[none|f=combobox:Sample choice|h=None]@20.4 ; Enter>option:7 days[listbox×1|f=option:7 days|h=7 days]@354
chromium-dark-desktop › orbit-sample select-down-enter-from-7 paced sample 5,orbit-sample,select,select-down-enter-from-7,,paced,5,ArrowDown Enter,7 days | list closed | none | @combobox:Sample choice,0,0,ArrowDown>combobox:Sample choice[none|f=combobox:Sample choice|h=None]@29.4 ; Enter>option:7 days[listbox×1|f=option:7 days|h=7 days]@418.9
chromium-dark-desktop › orbit-sample select-down-enter-from-7 paced sample 6,orbit-sample,select,select-down-enter-from-7,,paced,6,ArrowDown Enter,7 days | list closed | none | @combobox:Sample choice,0,0,ArrowDown>combobox:Sample choice[none|f=combobox:Sample choice|h=None]@4.2 ; Enter>option:7 days[listbox×1|f=option:7 days|h=7 days]@340
chromium-dark-desktop › orbit-sample select-down-enter-from-7 paced sample 7,orbit-sample,select,select-down-enter-from-7,,paced,7,ArrowDown Enter,7 days | list closed | none | @combobox:Sample choice,0,0,ArrowDown>combobox:Sample choice[none|f=combobox:Sample choice|h=None]@13.4 ; Enter>option:7 days[listbox×1|f=option:7 days|h=7 days]@333.6
chromium-dark-desktop › orbit-sample select-down-enter-from-7 paced sample 8,orbit-sample,select,select-down-enter-from-7,,paced,8,ArrowDown Enter,7 days | list closed | none | @combobox:Sample choice,0,0,ArrowDown>combobox:Sample choice[none|f=combobox:Sample choice|h=None]@20.5 ; Enter>option:7 days[listbox×1|f=option:7 days|h=7 days]@344.5
chromium-dark-desktop › orbit-sample select-down-enter-from-7 paced sample 9,orbit-sample,select,select-down-enter-from-7,,paced,9,ArrowDown Enter,7 days | list closed | none | @combobox:Sample choice,0,0,ArrowDown>combobox:Sample choice[none|f=combobox:Sample choice|h=None]@19.8 ; Enter>option:7 days[listbox×1|f=option:7 days|h=7 days]@340.4
chromium-dark-desktop › orbit-sample select-down-enter-from-7 paced sample 10,orbit-sample,select,select-down-enter-from-7,,paced,10,ArrowDown Enter,7 days | list closed | none | @combobox:Sample choice,0,0,ArrowDown>combobox:Sample choice[none|f=combobox:Sample choice|h=None]@20.4 ; Enter>option:7 days[listbox×1|f=option:7 days|h=7 days]@336.4
chromium-dark-desktop › orbit-sample select-down-enter-from-7 paced sample 11,orbit-sample,select,select-down-enter-from-7,,paced,11,ArrowDown Enter,7 days | list closed | none | @combobox:Sample choice,0,0,ArrowDown>combobox:Sample choice[none|f=combobox:Sample choice|h=None]@13.5 ; Enter>option:7 days[listbox×1|f=option:7 days|h=7 days]@328.3
chromium-dark-desktop › orbit-sample select-down-enter-from-7 paced sample 12,orbit-sample,select,select-down-enter-from-7,,paced,12,ArrowDown Enter,7 days | list closed | none | @combobox:Sample choice,0,0,ArrowDown>combobox:Sample choice[none|f=combobox:Sample choice|h=None]@12.8 ; Enter>option:7 days[listbox×1|f=option:7 days|h=7 days]@330.1
chromium-dark-desktop › orbit-sample select-down-enter-from-7 paced sample 13,orbit-sample,select,select-down-enter-from-7,,paced,13,ArrowDown Enter,7 days | list closed | none | @combobox:Sample choice,0,0,ArrowDown>combobox:Sample choice[none|f=combobox:Sample choice|h=None]@21.2 ; Enter>option:7 days[listbox×1|f=option:7 days|h=7 days]@360.9
chromium-dark-desktop › orbit-sample select-down-enter-from-7 paced sample 14,orbit-sample,select,select-down-enter-from-7,,paced,14,ArrowDown Enter,7 days | list closed | none | @combobox:Sample choice,0,0,ArrowDown>combobox:Sample choice[none|f=combobox:Sample choice|h=None]@11.5 ; Enter>option:7 days[listbox×1|f=option:7 days|h=7 days]@327.3
chromium-dark-desktop › orbit-sample select-down-enter-from-7 paced sample 15,orbit-sample,select,select-down-enter-from-7,,paced,15,ArrowDown Enter,7 days | list closed | none | @combobox:Sample choice,0,0,ArrowDown>combobox:Sample choice[none|f=combobox:Sample choice|h=None]@19 ; Enter>option:7 days[listbox×1|f=option:7 days|h=7 days]@334.4
chromium-dark-desktop › orbit-sample select-down-enter-from-7 paced sample 16,orbit-sample,select,select-down-enter-from-7,,paced,16,ArrowDown Enter,7 days | list closed | none | @combobox:Sample choice,0,0,ArrowDown>combobox:Sample choice[none|f=combobox:Sample choice|h=None]@6.4 ; Enter>option:7 days[listbox×1|f=option:7 days|h=7 days]@320.3
chromium-dark-desktop › orbit-sample select-down-enter-from-7 paced sample 17,orbit-sample,select,select-down-enter-from-7,,paced,17,ArrowDown Enter,7 days | list closed | none | @combobox:Sample choice,0,0,ArrowDown>combobox:Sample choice[none|f=combobox:Sample choice|h=None]@11.9 ; Enter>option:7 days[listbox×1|f=option:7 days|h=7 days]@322.4
chromium-dark-desktop › orbit-sample select-down-enter-from-7 paced sample 18,orbit-sample,select,select-down-enter-from-7,,paced,18,ArrowDown Enter,7 days | list closed | none | @combobox:Sample choice,0,0,ArrowDown>combobox:Sample choice[none|f=combobox:Sample choice|h=None]@9.7 ; Enter>option:7 days[listbox×1|f=option:7 days|h=7 days]@320.8
chromium-dark-desktop › orbit-sample select-down-enter-from-7 paced sample 19,orbit-sample,select,select-down-enter-from-7,,paced,19,ArrowDown Enter,7 days | list closed | none | @combobox:Sample choice,0,0,ArrowDown>combobox:Sample choice[none|f=combobox:Sample choice|h=None]@19.1 ; Enter>option:7 days[listbox×1|f=option:7 days|h=7 days]@333.7
chromium-dark-desktop › orbit-field select-down-home-enter burst sample 0,orbit-field,select,select-down-home-enter,select-down-enter-from-7,burst,0,ArrowDown Home Enter,7 | list closed | none | @combobox:Expires,1,1,ArrowDown>combobox:Expires[none|f=combobox:Expires|h=None]@9.6 ; Home>combobox:Expires[listbox×1|f=combobox:Expires|h=7 days]@22.8 ; Enter>combobox:Expires[listbox×1|f=combobox:Expires|h=7 days]@23.6 ; Enter*>option:7 days[listbox×1|f=option:7 days|h=7 days]@23.9
chromium-dark-desktop › orbit-field select-down-home-enter burst sample 1,orbit-field,select,select-down-home-enter,select-down-enter-from-7,burst,1,ArrowDown Home Enter,7 | list closed | none | @combobox:Expires,1,1,ArrowDown>combobox:Expires[none|f=combobox:Expires|h=None]@7.9 ; Home>combobox:Expires[listbox×1|f=combobox:Expires|h=7 days]@18.6 ; Enter>combobox:Expires[listbox×1|f=combobox:Expires|h=7 days]@18.7 ; Enter*>option:7 days[listbox×1|f=option:7 days|h=7 days]@18.9
chromium-dark-desktop › orbit-field select-down-home-enter burst sample 2,orbit-field,select,select-down-home-enter,select-down-enter-from-7,burst,2,ArrowDown Home Enter,7 | list closed | none | @combobox:Expires,1,1,ArrowDown>combobox:Expires[none|f=combobox:Expires|h=None]@12.4 ; Home>combobox:Expires[listbox×1|f=combobox:Expires|h=7 days]@23.1 ; Enter>combobox:Expires[listbox×1|f=combobox:Expires|h=7 days]@23.3 ; Enter*>option:7 days[listbox×1|f=option:7 days|h=7 days]@23.4
chromium-dark-desktop › orbit-field select-down-home-enter burst sample 3,orbit-field,select,select-down-home-enter,select-down-enter-from-7,burst,3,ArrowDown Home Enter,7 | list closed | none | @combobox:Expires,1,1,ArrowDown>combobox:Expires[none|f=combobox:Expires|h=None]@19.9 ; Home>combobox:Expires[listbox×1|f=combobox:Expires|h=7 days]@30.9 ; Enter>combobox:Expires[listbox×1|f=combobox:Expires|h=7 days]@31 ; Enter*>option:7 days[listbox×1|f=option:7 days|h=7 days]@31.2
chromium-dark-desktop › orbit-field select-down-home-enter burst sample 4,orbit-field,select,select-down-home-enter,select-down-enter-from-7,burst,4,ArrowDown Home Enter,7 | list closed | none | @combobox:Expires,1,1,ArrowDown>combobox:Expires[none|f=combobox:Expires|h=None]@9.3 ; Home>combobox:Expires[listbox×1|f=combobox:Expires|h=7 days]@20.9 ; Enter>combobox:Expires[listbox×1|f=combobox:Expires|h=7 days]@21.1 ; Enter*>option:7 days[listbox×1|f=option:7 days|h=7 days]@21.3
chromium-dark-desktop › orbit-field select-down-home-enter burst sample 5,orbit-field,select,select-down-home-enter,select-down-enter-from-7,burst,5,ArrowDown Home Enter,7 | list closed | none | @combobox:Expires,1,1,ArrowDown>combobox:Expires[none|f=combobox:Expires|h=None]@11.1 ; Home>combobox:Expires[listbox×1|f=combobox:Expires|h=7 days]@21.8 ; Enter>combobox:Expires[listbox×1|f=combobox:Expires|h=7 days]@22 ; Enter*>option:7 days[listbox×1|f=option:7 days|h=7 days]@22.1
chromium-dark-desktop › orbit-field select-down-home-enter burst sample 6,orbit-field,select,select-down-home-enter,select-down-enter-from-7,burst,6,ArrowDown Home Enter,7 | list closed | none | @combobox:Expires,1,1,ArrowDown>combobox:Expires[none|f=combobox:Expires|h=None]@12.5 ; Home>combobox:Expires[listbox×1|f=combobox:Expires|h=7 days]@24.4 ; Enter>combobox:Expires[listbox×1|f=combobox:Expires|h=7 days]@24.6 ; Enter*>option:7 days[listbox×1|f=option:7 days|h=7 days]@24.9
chromium-dark-desktop › orbit-field select-down-home-enter burst sample 7,orbit-field,select,select-down-home-enter,select-down-enter-from-7,burst,7,ArrowDown Home Enter,7 | list closed | none | @combobox:Expires,1,1,ArrowDown>combobox:Expires[none|f=combobox:Expires|h=None]@3.9 ; Home>combobox:Expires[listbox×1|f=combobox:Expires|h=7 days]@14.6 ; Enter>combobox:Expires[listbox×1|f=combobox:Expires|h=7 days]@14.7 ; Enter*>option:7 days[listbox×1|f=option:7 days|h=7 days]@14.9
chromium-dark-desktop › orbit-field select-down-home-enter burst sample 8,orbit-field,select,select-down-home-enter,select-down-enter-from-7,burst,8,ArrowDown Home Enter,7 | list closed | none | @combobox:Expires,1,1,ArrowDown>combobox:Expires[none|f=combobox:Expires|h=None]@22.3 ; Home>combobox:Expires[listbox×1|f=combobox:Expires|h=7 days]@36.5 ; Enter>combobox:Expires[listbox×1|f=combobox:Expires|h=7 days]@37.2 ; Enter*>option:7 days[listbox×1|f=option:7 days|h=7 days]@37.7
chromium-dark-desktop › orbit-field select-down-home-enter burst sample 9,orbit-field,select,select-down-home-enter,select-down-enter-from-7,burst,9,ArrowDown Home Enter,7 | list closed | none | @combobox:Expires,1,1,ArrowDown>combobox:Expires[none|f=combobox:Expires|h=None]@14.8 ; Home>combobox:Expires[listbox×1|f=combobox:Expires|h=7 days]@26 ; Enter>combobox:Expires[listbox×1|f=combobox:Expires|h=7 days]@26.3 ; Enter*>option:7 days[listbox×1|f=option:7 days|h=7 days]@26.5
chromium-dark-desktop › orbit-field select-down-home-enter burst sample 10,orbit-field,select,select-down-home-enter,select-down-enter-from-7,burst,10,ArrowDown Home Enter,7 | list closed | none | @combobox:Expires,1,1,ArrowDown>combobox:Expires[none|f=combobox:Expires|h=None]@47 ; Home>combobox:Expires[listbox×1|f=combobox:Expires|h=7 days]@60.1 ; Enter>combobox:Expires[listbox×1|f=combobox:Expires|h=7 days]@60.6 ; Enter*>option:7 days[listbox×1|f=option:7 days|h=7 days]@60.9
chromium-dark-desktop › orbit-field select-down-home-enter burst sample 11,orbit-field,select,select-down-home-enter,select-down-enter-from-7,burst,11,ArrowDown Home Enter,7 | list closed | none | @combobox:Expires,1,1,ArrowDown>combobox:Expires[none|f=combobox:Expires|h=None]@14.8 ; Home>combobox:Expires[listbox×1|f=combobox:Expires|h=7 days]@63.9 ; Enter>combobox:Expires[listbox×1|f=combobox:Expires|h=7 days]@64 ; Enter*>option:7 days[listbox×1|f=option:7 days|h=7 days]@64.3
chromium-dark-desktop › orbit-field select-down-home-enter burst sample 12,orbit-field,select,select-down-home-enter,select-down-enter-from-7,burst,12,ArrowDown Home Enter,7 | list closed | none | @combobox:Expires,1,1,ArrowDown>combobox:Expires[none|f=combobox:Expires|h=None]@19.1 ; Home>combobox:Expires[listbox×1|f=combobox:Expires|h=7 days]@39.7 ; Enter>combobox:Expires[listbox×1|f=combobox:Expires|h=7 days]@55 ; Enter*>option:7 days[listbox×1|f=option:7 days|h=7 days]@55.6
chromium-dark-desktop › orbit-field select-down-home-enter burst sample 13,orbit-field,select,select-down-home-enter,select-down-enter-from-7,burst,13,ArrowDown Home Enter,7 | list closed | none | @combobox:Expires,1,1,ArrowDown>combobox:Expires[none|f=combobox:Expires|h=None]@20 ; Home>combobox:Expires[listbox×1|f=combobox:Expires|h=7 days]@37 ; Enter>combobox:Expires[listbox×1|f=combobox:Expires|h=7 days]@37.2 ; Enter*>option:7 days[listbox×1|f=option:7 days|h=7 days]@37.4
chromium-dark-desktop › orbit-field select-down-home-enter burst sample 14,orbit-field,select,select-down-home-enter,select-down-enter-from-7,burst,14,ArrowDown Home Enter,7 | list closed | none | @combobox:Expires,1,1,ArrowDown>combobox:Expires[none|f=combobox:Expires|h=None]@27.4 ; Home>combobox:Expires[listbox×1|f=combobox:Expires|h=7 days]@41 ; Enter>combobox:Expires[listbox×1|f=combobox:Expires|h=7 days]@41.6 ; Enter*>option:7 days[listbox×1|f=option:7 days|h=7 days]@42.1
chromium-dark-desktop › orbit-field select-down-home-enter burst sample 15,orbit-field,select,select-down-home-enter,select-down-enter-from-7,burst,15,ArrowDown Home Enter,7 | list closed | none | @combobox:Expires,1,1,ArrowDown>combobox:Expires[none|f=combobox:Expires|h=None]@14 ; Home>combobox:Expires[listbox×1|f=combobox:Expires|h=7 days]@26 ; Enter>combobox:Expires[listbox×1|f=combobox:Expires|h=7 days]@26.2 ; Enter*>option:7 days[listbox×1|f=option:7 days|h=7 days]@26.5
chromium-dark-desktop › orbit-field select-down-home-enter burst sample 16,orbit-field,select,select-down-home-enter,select-down-enter-from-7,burst,16,ArrowDown Home Enter,7 | list closed | none | @combobox:Expires,1,1,ArrowDown>combobox:Expires[none|f=combobox:Expires|h=None]@6.1 ; Home>combobox:Expires[listbox×1|f=combobox:Expires|h=7 days]@16.7 ; Enter>combobox:Expires[listbox×1|f=combobox:Expires|h=7 days]@16.8 ; Enter*>option:7 days[listbox×1|f=option:7 days|h=7 days]@17.1
chromium-dark-desktop › orbit-field select-down-home-enter burst sample 17,orbit-field,select,select-down-home-enter,select-down-enter-from-7,burst,17,ArrowDown Home Enter,7 | list closed | none | @combobox:Expires,1,1,ArrowDown>combobox:Expires[none|f=combobox:Expires|h=None]@16.6 ; Home>combobox:Expires[listbox×1|f=combobox:Expires|h=7 days]@27.4 ; Enter>combobox:Expires[listbox×1|f=combobox:Expires|h=7 days]@27.5 ; Enter*>option:7 days[listbox×1|f=option:7 days|h=7 days]@27.7
chromium-dark-desktop › orbit-field select-down-home-enter burst sample 18,orbit-field,select,select-down-home-enter,select-down-enter-from-7,burst,18,ArrowDown Home Enter,7 | list closed | none | @combobox:Expires,1,1,ArrowDown>combobox:Expires[none|f=combobox:Expires|h=None]@18.9 ; Home>combobox:Expires[listbox×1|f=combobox:Expires|h=7 days]@29.6 ; Enter>combobox:Expires[listbox×1|f=combobox:Expires|h=7 days]@29.7 ; Enter*>option:7 days[listbox×1|f=option:7 days|h=7 days]@30
chromium-dark-desktop › orbit-field select-down-home-enter burst sample 19,orbit-field,select,select-down-home-enter,select-down-enter-from-7,burst,19,ArrowDown Home Enter,7 | list closed | none | @combobox:Expires,1,1,ArrowDown>combobox:Expires[none|f=combobox:Expires|h=None]@14.1 ; Home>combobox:Expires[listbox×1|f=combobox:Expires|h=7 days]@23.1 ; Enter>combobox:Expires[listbox×1|f=combobox:Expires|h=7 days]@23.1 ; Enter*>option:7 days[listbox×1|f=option:7 days|h=7 days]@23.3
chromium-dark-desktop › orbit-field select-down-home-enter paced sample 0,orbit-field,select,select-down-home-enter,select-down-enter-from-7,paced,0,ArrowDown Home Enter,never | list closed | none | @combobox:Expires,0,0,ArrowDown>combobox:Expires[none|f=combobox:Expires|h=None]@9.1 ; Home>option:7 days[listbox×1|f=option:7 days|h=7 days]@325.2 ; Enter>option:Never[listbox×1|f=option:Never|h=Never]@632
chromium-dark-desktop › orbit-field select-down-home-enter paced sample 1,orbit-field,select,select-down-home-enter,select-down-enter-from-7,paced,1,ArrowDown Home Enter,never | list closed | none | @combobox:Expires,0,0,ArrowDown>combobox:Expires[none|f=combobox:Expires|h=None]@15.2 ; Home>option:7 days[listbox×1|f=option:7 days|h=7 days]@330.5 ; Enter>option:Never[listbox×1|f=option:Never|h=Never]@637.3
chromium-dark-desktop › orbit-field select-down-home-enter paced sample 2,orbit-field,select,select-down-home-enter,select-down-enter-from-7,paced,2,ArrowDown Home Enter,never | list closed | none | @combobox:Expires,0,0,ArrowDown>combobox:Expires[none|f=combobox:Expires|h=None]@11.3 ; Home>option:7 days[listbox×1|f=option:7 days|h=7 days]@327 ; Enter>option:Never[listbox×1|f=option:Never|h=Never]@634
chromium-dark-desktop › orbit-field select-down-home-enter paced sample 3,orbit-field,select,select-down-home-enter,select-down-enter-from-7,paced,3,ArrowDown Home Enter,never | list closed | none | @combobox:Expires,0,0,ArrowDown>combobox:Expires[none|f=combobox:Expires|h=None]@18.6 ; Home>option:7 days[listbox×1|f=option:7 days|h=7 days]@335.9 ; Enter>option:Never[listbox×1|f=option:Never|h=Never]@643.9
chromium-dark-desktop › orbit-field select-down-home-enter paced sample 4,orbit-field,select,select-down-home-enter,select-down-enter-from-7,paced,4,ArrowDown Home Enter,never | list closed | none | @combobox:Expires,0,0,ArrowDown>combobox:Expires[none|f=combobox:Expires|h=None]@4.8 ; Home>option:7 days[listbox×1|f=option:7 days|h=7 days]@321.6 ; Enter>option:Never[listbox×1|f=option:Never|h=Never]@629.1
chromium-dark-desktop › orbit-field select-down-home-enter paced sample 5,orbit-field,select,select-down-home-enter,select-down-enter-from-7,paced,5,ArrowDown Home Enter,never | list closed | none | @combobox:Expires,0,0,ArrowDown>combobox:Expires[none|f=combobox:Expires|h=None]@16.7 ; Home>option:7 days[listbox×1|f=option:7 days|h=7 days]@337.3 ; Enter>option:Never[listbox×1|f=option:Never|h=Never]@644.6
chromium-dark-desktop › orbit-field select-down-home-enter paced sample 6,orbit-field,select,select-down-home-enter,select-down-enter-from-7,paced,6,ArrowDown Home Enter,never | list closed | none | @combobox:Expires,0,0,ArrowDown>combobox:Expires[none|f=combobox:Expires|h=None]@10.1 ; Home>option:7 days[listbox×1|f=option:7 days|h=7 days]@458.7 ; Enter>option:Never[listbox×1|f=option:Never|h=Never]@768.2
chromium-dark-desktop › orbit-field select-down-home-enter paced sample 7,orbit-field,select,select-down-home-enter,select-down-enter-from-7,paced,7,ArrowDown Home Enter,never | list closed | none | @combobox:Expires,0,0,ArrowDown>combobox:Expires[none|f=combobox:Expires|h=None]@20.5 ; Home>option:7 days[listbox×1|f=option:7 days|h=7 days]@340.9 ; Enter>option:Never[listbox×1|f=option:Never|h=Never]@660
chromium-dark-desktop › orbit-field select-down-home-enter paced sample 8,orbit-field,select,select-down-home-enter,select-down-enter-from-7,paced,8,ArrowDown Home Enter,never | list closed | none | @combobox:Expires,0,0,ArrowDown>combobox:Expires[none|f=combobox:Expires|h=None]@16.9 ; Home>option:7 days[listbox×1|f=option:7 days|h=7 days]@333.1 ; Enter>option:Never[listbox×1|f=option:Never|h=Never]@641.4
chromium-dark-desktop › orbit-field select-down-home-enter paced sample 9,orbit-field,select,select-down-home-enter,select-down-enter-from-7,paced,9,ArrowDown Home Enter,never | list closed | none | @combobox:Expires,0,0,ArrowDown>combobox:Expires[none|f=combobox:Expires|h=None]@10 ; Home>option:7 days[listbox×1|f=option:7 days|h=7 days]@335 ; Enter>option:Never[listbox×1|f=option:Never|h=Never]@659.2
chromium-dark-desktop › orbit-field select-down-home-enter paced sample 10,orbit-field,select,select-down-home-enter,select-down-enter-from-7,paced,10,ArrowDown Home Enter,never | list closed | none | @combobox:Expires,0,0,ArrowDown>combobox:Expires[none|f=combobox:Expires|h=None]@15.6 ; Home>option:7 days[listbox×1|f=option:7 days|h=7 days]@519 ; Enter>option:Never[listbox×1|f=option:Never|h=Never]@828.1
chromium-dark-desktop › orbit-field select-down-home-enter paced sample 11,orbit-field,select,select-down-home-enter,select-down-enter-from-7,paced,11,ArrowDown Home Enter,never | list closed | none | @combobox:Expires,0,0,ArrowDown>combobox:Expires[none|f=combobox:Expires|h=None]@12.3 ; Home>option:7 days[listbox×1|f=option:7 days|h=7 days]@328 ; Enter>option:Never[listbox×1|f=option:Never|h=Never]@635.7
chromium-dark-desktop › orbit-field select-down-home-enter paced sample 12,orbit-field,select,select-down-home-enter,select-down-enter-from-7,paced,12,ArrowDown Home Enter,never | list closed | none | @combobox:Expires,0,0,ArrowDown>combobox:Expires[none|f=combobox:Expires|h=None]@14.3 ; Home>option:7 days[listbox×1|f=option:7 days|h=7 days]@334.5 ; Enter>option:Never[listbox×1|f=option:Never|h=Never]@641.7
chromium-dark-desktop › orbit-field select-down-home-enter paced sample 13,orbit-field,select,select-down-home-enter,select-down-enter-from-7,paced,13,ArrowDown Home Enter,never | list closed | none | @combobox:Expires,0,0,ArrowDown>combobox:Expires[none|f=combobox:Expires|h=None]@10.3 ; Home>option:7 days[listbox×1|f=option:7 days|h=7 days]@326.3 ; Enter>option:Never[listbox×1|f=option:Never|h=Never]@633.3
chromium-dark-desktop › orbit-field select-down-home-enter paced sample 14,orbit-field,select,select-down-home-enter,select-down-enter-from-7,paced,14,ArrowDown Home Enter,never | list closed | none | @combobox:Expires,0,0,ArrowDown>combobox:Expires[none|f=combobox:Expires|h=None]@11.2 ; Home>option:7 days[listbox×1|f=option:7 days|h=7 days]@326.1 ; Enter>option:Never[listbox×1|f=option:Never|h=Never]@633.4
chromium-dark-desktop › orbit-field select-down-home-enter paced sample 15,orbit-field,select,select-down-home-enter,select-down-enter-from-7,paced,15,ArrowDown Home Enter,never | list closed | none | @combobox:Expires,0,0,ArrowDown>combobox:Expires[none|f=combobox:Expires|h=None]@16.6 ; Home>option:7 days[listbox×1|f=option:7 days|h=7 days]@337.5 ; Enter>option:Never[listbox×1|f=option:Never|h=Never]@645.3
chromium-dark-desktop › orbit-field select-down-home-enter paced sample 16,orbit-field,select,select-down-home-enter,select-down-enter-from-7,paced,16,ArrowDown Home Enter,never | list closed | none | @combobox:Expires,0,0,ArrowDown>combobox:Expires[none|f=combobox:Expires|h=None]@14.4 ; Home>option:7 days[listbox×1|f=option:7 days|h=7 days]@329.7 ; Enter>option:Never[listbox×1|f=option:Never|h=Never]@636.4
chromium-dark-desktop › orbit-field select-down-home-enter paced sample 17,orbit-field,select,select-down-home-enter,select-down-enter-from-7,paced,17,ArrowDown Home Enter,never | list closed | none | @combobox:Expires,0,0,ArrowDown>combobox:Expires[none|f=combobox:Expires|h=None]@4 ; Home>option:7 days[listbox×1|f=option:7 days|h=7 days]@320.3 ; Enter>option:Never[listbox×1|f=option:Never|h=Never]@628.1
chromium-dark-desktop › orbit-field select-down-home-enter paced sample 18,orbit-field,select,select-down-home-enter,select-down-enter-from-7,paced,18,ArrowDown Home Enter,never | list closed | none | @combobox:Expires,0,0,ArrowDown>combobox:Expires[none|f=combobox:Expires|h=None]@10.2 ; Home>option:7 days[listbox×1|f=option:7 days|h=7 days]@327 ; Enter>option:Never[listbox×1|f=option:Never|h=Never]@634.4
chromium-dark-desktop › orbit-field select-down-home-enter paced sample 19,orbit-field,select,select-down-home-enter,select-down-enter-from-7,paced,19,ArrowDown Home Enter,never | list closed | none | @combobox:Expires,0,0,ArrowDown>combobox:Expires[none|f=combobox:Expires|h=None]@18.9 ; Home>option:7 days[listbox×1|f=option:7 days|h=7 days]@334.4 ; Enter>option:Never[listbox×1|f=option:Never|h=Never]@642
chromium-dark-desktop › orbit-sample select-down-home-enter burst sample 0,orbit-sample,select,select-down-home-enter,select-down-enter-from-7,burst,0,ArrowDown Home Enter,7 days | list closed | none | @combobox:Sample choice,1,1,ArrowDown>combobox:Sample choice[none|f=combobox:Sample choice|h=None]@17.8 ; Home>combobox:Sample choice[listbox×1|f=combobox:Sample choice|h=7 days]@28.4 ; Enter>combobox:Sample choice[listbox×1|f=combobox:Sample choice|h=7 days]@29 ; Enter*>option:7 days[listbox×1|f=option:7 days|h=7 days]@29.3
chromium-dark-desktop › orbit-sample select-down-home-enter burst sample 1,orbit-sample,select,select-down-home-enter,select-down-enter-from-7,burst,1,ArrowDown Home Enter,7 days | list closed | none | @combobox:Sample choice,1,1,ArrowDown>combobox:Sample choice[none|f=combobox:Sample choice|h=None]@3.4 ; Home>combobox:Sample choice[listbox×1|f=combobox:Sample choice|h=7 days]@14.1 ; Enter>combobox:Sample choice[listbox×1|f=combobox:Sample choice|h=7 days]@14.3 ; Enter*>option:7 days[listbox×1|f=option:7 days|h=7 days]@14.5
chromium-dark-desktop › orbit-sample select-down-home-enter burst sample 2,orbit-sample,select,select-down-home-enter,select-down-enter-from-7,burst,2,ArrowDown Home Enter,7 days | list closed | none | @combobox:Sample choice,1,1,ArrowDown>combobox:Sample choice[none|f=combobox:Sample choice|h=None]@2.4 ; Home>combobox:Sample choice[listbox×1|f=combobox:Sample choice|h=7 days]@12.6 ; Enter>combobox:Sample choice[listbox×1|f=combobox:Sample choice|h=7 days]@12.8 ; Enter*>option:7 days[listbox×1|f=option:7 days|h=7 days]@13.1
chromium-dark-desktop › orbit-sample select-down-home-enter burst sample 3,orbit-sample,select,select-down-home-enter,select-down-enter-from-7,burst,3,ArrowDown Home Enter,7 days | list closed | none | @combobox:Sample choice,1,1,ArrowDown>combobox:Sample choice[none|f=combobox:Sample choice|h=None]@17.6 ; Home>combobox:Sample choice[listbox×1|f=combobox:Sample choice|h=7 days]@28.4 ; Enter>combobox:Sample choice[listbox×1|f=combobox:Sample choice|h=7 days]@28.5 ; Enter*>option:7 days[listbox×1|f=option:7 days|h=7 days]@28.7
chromium-dark-desktop › orbit-sample select-down-home-enter burst sample 4,orbit-sample,select,select-down-home-enter,select-down-enter-from-7,burst,4,ArrowDown Home Enter,7 days | list closed | none | @combobox:Sample choice,1,1,ArrowDown>combobox:Sample choice[none|f=combobox:Sample choice|h=None]@4.4 ; Home>combobox:Sample choice[listbox×1|f=combobox:Sample choice|h=7 days]@17.7 ; Enter>combobox:Sample choice[listbox×1|f=combobox:Sample choice|h=7 days]@17.9 ; Enter*>option:7 days[listbox×1|f=option:7 days|h=7 days]@18.1
chromium-dark-desktop › orbit-sample select-down-home-enter burst sample 5,orbit-sample,select,select-down-home-enter,select-down-enter-from-7,burst,5,ArrowDown Home Enter,7 days | list closed | none | @combobox:Sample choice,1,1,ArrowDown>combobox:Sample choice[none|f=combobox:Sample choice|h=None]@5.1 ; Home>combobox:Sample choice[listbox×1|f=combobox:Sample choice|h=7 days]@15.6 ; Enter>combobox:Sample choice[listbox×1|f=combobox:Sample choice|h=7 days]@15.7 ; Enter*>option:7 days[listbox×1|f=option:7 days|h=7 days]@16
chromium-dark-desktop › orbit-sample select-down-home-enter burst sample 6,orbit-sample,select,select-down-home-enter,select-down-enter-from-7,burst,6,ArrowDown Home Enter,7 days | list closed | none | @combobox:Sample choice,1,1,ArrowDown>combobox:Sample choice[none|f=combobox:Sample choice|h=None]@14.3 ; Home>combobox:Sample choice[listbox×1|f=combobox:Sample choice|h=7 days]@25.4 ; Enter>combobox:Sample choice[listbox×1|f=combobox:Sample choice|h=7 days]@25.5 ; Enter*>option:7 days[listbox×1|f=option:7 days|h=7 days]@25.9
chromium-dark-desktop › orbit-sample select-down-home-enter burst sample 7,orbit-sample,select,select-down-home-enter,select-down-enter-from-7,burst,7,ArrowDown Home Enter,7 days | list closed | none | @combobox:Sample choice,1,1,ArrowDown>combobox:Sample choice[none|f=combobox:Sample choice|h=None]@12.4 ; Home>combobox:Sample choice[listbox×1|f=combobox:Sample choice|h=7 days]@23.5 ; Enter>combobox:Sample choice[listbox×1|f=combobox:Sample choice|h=7 days]@23.6 ; Enter*>option:7 days[listbox×1|f=option:7 days|h=7 days]@23.9
chromium-dark-desktop › orbit-sample select-down-home-enter burst sample 8,orbit-sample,select,select-down-home-enter,select-down-enter-from-7,burst,8,ArrowDown Home Enter,7 days | list closed | none | @combobox:Sample choice,1,1,ArrowDown>combobox:Sample choice[none|f=combobox:Sample choice|h=None]@5 ; Home>combobox:Sample choice[listbox×1|f=combobox:Sample choice|h=7 days]@16.5 ; Enter>combobox:Sample choice[listbox×1|f=combobox:Sample choice|h=7 days]@16.6 ; Enter*>option:7 days[listbox×1|f=option:7 days|h=7 days]@16.9
chromium-dark-desktop › orbit-sample select-down-home-enter burst sample 9,orbit-sample,select,select-down-home-enter,select-down-enter-from-7,burst,9,ArrowDown Home Enter,7 days | list closed | none | @combobox:Sample choice,1,1,ArrowDown>combobox:Sample choice[none|f=combobox:Sample choice|h=None]@4.4 ; Home>combobox:Sample choice[listbox×1|f=combobox:Sample choice|h=7 days]@15.9 ; Enter>combobox:Sample choice[listbox×1|f=combobox:Sample choice|h=7 days]@16.1 ; Enter*>option:7 days[listbox×1|f=option:7 days|h=7 days]@16.4
chromium-dark-desktop › orbit-sample select-down-home-enter burst sample 10,orbit-sample,select,select-down-home-enter,select-down-enter-from-7,burst,10,ArrowDown Home Enter,7 days | list closed | none | @combobox:Sample choice,1,1,ArrowDown>combobox:Sample choice[none|f=combobox:Sample choice|h=None]@5.7 ; Home>combobox:Sample choice[listbox×1|f=combobox:Sample choice|h=7 days]@17.2 ; Enter>combobox:Sample choice[listbox×1|f=combobox:Sample choice|h=7 days]@17.3 ; Enter*>option:7 days[listbox×1|f=option:7 days|h=7 days]@17.5
chromium-dark-desktop › orbit-sample select-down-home-enter burst sample 11,orbit-sample,select,select-down-home-enter,select-down-enter-from-7,burst,11,ArrowDown Home Enter,7 days | list closed | none | @combobox:Sample choice,1,1,ArrowDown>combobox:Sample choice[none|f=combobox:Sample choice|h=None]@19.1 ; Home>combobox:Sample choice[listbox×1|f=combobox:Sample choice|h=7 days]@31.3 ; Enter>combobox:Sample choice[listbox×1|f=combobox:Sample choice|h=7 days]@31.5 ; Enter*>option:7 days[listbox×1|f=option:7 days|h=7 days]@31.8
chromium-dark-desktop › orbit-sample select-down-home-enter burst sample 12,orbit-sample,select,select-down-home-enter,select-down-enter-from-7,burst,12,ArrowDown Home Enter,7 days | list closed | none | @combobox:Sample choice,1,1,ArrowDown>combobox:Sample choice[none|f=combobox:Sample choice|h=None]@10.3 ; Home>combobox:Sample choice[listbox×1|f=combobox:Sample choice|h=7 days]@21.7 ; Enter>combobox:Sample choice[listbox×1|f=combobox:Sample choice|h=7 days]@21.8 ; Enter*>option:7 days[listbox×1|f=option:7 days|h=7 days]@22.1
chromium-dark-desktop › orbit-sample select-down-home-enter burst sample 13,orbit-sample,select,select-down-home-enter,select-down-enter-from-7,burst,13,ArrowDown Home Enter,7 days | list closed | none | @combobox:Sample choice,1,1,ArrowDown>combobox:Sample choice[none|f=combobox:Sample choice|h=None]@19.2 ; Home>combobox:Sample choice[listbox×1|f=combobox:Sample choice|h=7 days]@30.1 ; Enter>combobox:Sample choice[listbox×1|f=combobox:Sample choice|h=7 days]@30.2 ; Enter*>option:7 days[listbox×1|f=option:7 days|h=7 days]@30.4
chromium-dark-desktop › orbit-sample select-down-home-enter burst sample 14,orbit-sample,select,select-down-home-enter,select-down-enter-from-7,burst,14,ArrowDown Home Enter,7 days | list closed | none | @combobox:Sample choice,1,1,ArrowDown>combobox:Sample choice[none|f=combobox:Sample choice|h=None]@9 ; Home>combobox:Sample choice[listbox×1|f=combobox:Sample choice|h=7 days]@20.7 ; Enter>combobox:Sample choice[listbox×1|f=combobox:Sample choice|h=7 days]@20.9 ; Enter*>option:7 days[listbox×1|f=option:7 days|h=7 days]@21.2
chromium-dark-desktop › orbit-sample select-down-home-enter burst sample 15,orbit-sample,select,select-down-home-enter,select-down-enter-from-7,burst,15,ArrowDown Home Enter,7 days | list closed | none | @combobox:Sample choice,1,1,ArrowDown>combobox:Sample choice[none|f=combobox:Sample choice|h=None]@7.5 ; Home>combobox:Sample choice[listbox×1|f=combobox:Sample choice|h=7 days]@17.9 ; Enter>combobox:Sample choice[listbox×1|f=combobox:Sample choice|h=7 days]@18 ; Enter*>option:7 days[listbox×1|f=option:7 days|h=7 days]@18.2
chromium-dark-desktop › orbit-sample select-down-home-enter burst sample 16,orbit-sample,select,select-down-home-enter,select-down-enter-from-7,burst,16,ArrowDown Home Enter,7 days | list closed | none | @combobox:Sample choice,1,1,ArrowDown>combobox:Sample choice[none|f=combobox:Sample choice|h=None]@21.5 ; Home>combobox:Sample choice[listbox×1|f=combobox:Sample choice|h=7 days]@41.9 ; Enter>combobox:Sample choice[listbox×1|f=combobox:Sample choice|h=7 days]@42.2 ; Enter*>option:7 days[listbox×1|f=option:7 days|h=7 days]@42.7
chromium-dark-desktop › orbit-sample select-down-home-enter burst sample 17,orbit-sample,select,select-down-home-enter,select-down-enter-from-7,burst,17,ArrowDown Home Enter,7 days | list closed | none | @combobox:Sample choice,1,1,ArrowDown>combobox:Sample choice[none|f=combobox:Sample choice|h=None]@2.8 ; Home>combobox:Sample choice[listbox×1|f=combobox:Sample choice|h=7 days]@14.7 ; Enter>combobox:Sample choice[listbox×1|f=combobox:Sample choice|h=7 days]@14.9 ; Enter*>option:7 days[listbox×1|f=option:7 days|h=7 days]@15.1
chromium-dark-desktop › orbit-sample select-down-home-enter burst sample 18,orbit-sample,select,select-down-home-enter,select-down-enter-from-7,burst,18,ArrowDown Home Enter,7 days | list closed | none | @combobox:Sample choice,1,1,ArrowDown>combobox:Sample choice[none|f=combobox:Sample choice|h=None]@5.5 ; Home>combobox:Sample choice[listbox×1|f=combobox:Sample choice|h=7 days]@16.1 ; Enter>combobox:Sample choice[listbox×1|f=combobox:Sample choice|h=7 days]@16.2 ; Enter*>option:7 days[listbox×1|f=option:7 days|h=7 days]@16.5
chromium-dark-desktop › orbit-sample select-down-home-enter burst sample 19,orbit-sample,select,select-down-home-enter,select-down-enter-from-7,burst,19,ArrowDown Home Enter,7 days | list closed | none | @combobox:Sample choice,1,1,ArrowDown>combobox:Sample choice[none|f=combobox:Sample choice|h=None]@4.8 ; Home>combobox:Sample choice[listbox×1|f=combobox:Sample choice|h=7 days]@15.6 ; Enter>combobox:Sample choice[listbox×1|f=combobox:Sample choice|h=7 days]@15.8 ; Enter*>option:7 days[listbox×1|f=option:7 days|h=7 days]@16.1
chromium-dark-desktop › orbit-sample select-down-home-enter paced sample 0,orbit-sample,select,select-down-home-enter,select-down-enter-from-7,paced,0,ArrowDown Home Enter,Never | list closed | none | @combobox:Sample choice,0,0,ArrowDown>combobox:Sample choice[none|f=combobox:Sample choice|h=None]@4.4 ; Home>option:7 days[listbox×1|f=option:7 days|h=7 days]@319.2 ; Enter>option:Never[listbox×1|f=option:Never|h=Never]@624.8
chromium-dark-desktop › orbit-sample select-down-home-enter paced sample 1,orbit-sample,select,select-down-home-enter,select-down-enter-from-7,paced,1,ArrowDown Home Enter,Never | list closed | none | @combobox:Sample choice,0,0,ArrowDown>combobox:Sample choice[none|f=combobox:Sample choice|h=None]@2.8 ; Home>option:7 days[listbox×1|f=option:7 days|h=7 days]@321.5 ; Enter>option:Never[listbox×1|f=option:Never|h=Never]@634.7
chromium-dark-desktop › orbit-sample select-down-home-enter paced sample 2,orbit-sample,select,select-down-home-enter,select-down-enter-from-7,paced,2,ArrowDown Home Enter,Never | list closed | none | @combobox:Sample choice,0,0,ArrowDown>combobox:Sample choice[none|f=combobox:Sample choice|h=None]@5.3 ; Home>option:7 days[listbox×1|f=option:7 days|h=7 days]@319.2 ; Enter>option:Never[listbox×1|f=option:Never|h=Never]@624.8
chromium-dark-desktop › orbit-sample select-down-home-enter paced sample 3,orbit-sample,select,select-down-home-enter,select-down-enter-from-7,paced,3,ArrowDown Home Enter,Never | list closed | none | @combobox:Sample choice,0,0,ArrowDown>combobox:Sample choice[none|f=combobox:Sample choice|h=None]@15.3 ; Home>option:7 days[listbox×1|f=option:7 days|h=7 days]@330.7 ; Enter>option:Never[listbox×1|f=option:Never|h=Never]@637
chromium-dark-desktop › orbit-sample select-down-home-enter paced sample 4,orbit-sample,select,select-down-home-enter,select-down-enter-from-7,paced,4,ArrowDown Home Enter,Never | list closed | none | @combobox:Sample choice,0,0,ArrowDown>combobox:Sample choice[none|f=combobox:Sample choice|h=None]@8.1 ; Home>option:7 days[listbox×1|f=option:7 days|h=7 days]@324 ; Enter>option:Never[listbox×1|f=option:Never|h=Never]@629.4
chromium-dark-desktop › orbit-sample select-down-home-enter paced sample 5,orbit-sample,select,select-down-home-enter,select-down-enter-from-7,paced,5,ArrowDown Home Enter,Never | list closed | none | @combobox:Sample choice,0,0,ArrowDown>combobox:Sample choice[none|f=combobox:Sample choice|h=None]@3.3 ; Home>option:7 days[listbox×1|f=option:7 days|h=7 days]@317.5 ; Enter>option:Never[listbox×1|f=option:Never|h=Never]@622.8
chromium-dark-desktop › orbit-sample select-down-home-enter paced sample 6,orbit-sample,select,select-down-home-enter,select-down-enter-from-7,paced,6,ArrowDown Home Enter,Never | list closed | none | @combobox:Sample choice,0,0,ArrowDown>combobox:Sample choice[none|f=combobox:Sample choice|h=None]@8.8 ; Home>option:7 days[listbox×1|f=option:7 days|h=7 days]@322.8 ; Enter>option:Never[listbox×1|f=option:Never|h=Never]@629
chromium-dark-desktop › orbit-sample select-down-home-enter paced sample 7,orbit-sample,select,select-down-home-enter,select-down-enter-from-7,paced,7,ArrowDown Home Enter,Never | list closed | none | @combobox:Sample choice,0,0,ArrowDown>combobox:Sample choice[none|f=combobox:Sample choice|h=None]@12.3 ; Home>option:7 days[listbox×1|f=option:7 days|h=7 days]@326.3 ; Enter>option:Never[listbox×1|f=option:Never|h=Never]@631.6
chromium-dark-desktop › orbit-sample select-down-home-enter paced sample 8,orbit-sample,select,select-down-home-enter,select-down-enter-from-7,paced,8,ArrowDown Home Enter,Never | list closed | none | @combobox:Sample choice,0,0,ArrowDown>combobox:Sample choice[none|f=combobox:Sample choice|h=None]@12.4 ; Home>option:7 days[listbox×1|f=option:7 days|h=7 days]@327.8 ; Enter>option:Never[listbox×1|f=option:Never|h=Never]@634.2
chromium-dark-desktop › orbit-sample select-down-home-enter paced sample 9,orbit-sample,select,select-down-home-enter,select-down-enter-from-7,paced,9,ArrowDown Home Enter,Never | list closed | none | @combobox:Sample choice,0,0,ArrowDown>combobox:Sample choice[none|f=combobox:Sample choice|h=None]@19.1 ; Home>option:7 days[listbox×1|f=option:7 days|h=7 days]@338.3 ; Enter>option:Never[listbox×1|f=option:Never|h=Never]@644.2
chromium-dark-desktop › orbit-sample select-down-home-enter paced sample 10,orbit-sample,select,select-down-home-enter,select-down-enter-from-7,paced,10,ArrowDown Home Enter,Never | list closed | none | @combobox:Sample choice,0,0,ArrowDown>combobox:Sample choice[none|f=combobox:Sample choice|h=None]@12.8 ; Home>option:7 days[listbox×1|f=option:7 days|h=7 days]@330.8 ; Enter>option:Never[listbox×1|f=option:Never|h=Never]@651.4
chromium-dark-desktop › orbit-sample select-down-home-enter paced sample 11,orbit-sample,select,select-down-home-enter,select-down-enter-from-7,paced,11,ArrowDown Home Enter,Never | list closed | none | @combobox:Sample choice,0,0,ArrowDown>combobox:Sample choice[none|f=combobox:Sample choice|h=None]@13 ; Home>option:7 days[listbox×1|f=option:7 days|h=7 days]@389.7 ; Enter>option:Never[listbox×1|f=option:Never|h=Never]@721.6
chromium-dark-desktop › orbit-sample select-down-home-enter paced sample 12,orbit-sample,select,select-down-home-enter,select-down-enter-from-7,paced,12,ArrowDown Home Enter,Never | list closed | none | @combobox:Sample choice,0,0,ArrowDown>combobox:Sample choice[none|f=combobox:Sample choice|h=None]@17.2 ; Home>option:7 days[listbox×1|f=option:7 days|h=7 days]@382.8 ; Enter>option:Never[listbox×1|f=option:Never|h=Never]@709.5
chromium-dark-desktop › orbit-sample select-down-home-enter paced sample 13,orbit-sample,select,select-down-home-enter,select-down-enter-from-7,paced,13,ArrowDown Home Enter,Never | list closed | none | @combobox:Sample choice,0,0,ArrowDown>combobox:Sample choice[none|f=combobox:Sample choice|h=None]@11 ; Home>option:7 days[listbox×1|f=option:7 days|h=7 days]@340.2 ; Enter>option:Never[listbox×1|f=option:Never|h=Never]@679
chromium-dark-desktop › orbit-sample select-down-home-enter paced sample 14,orbit-sample,select,select-down-home-enter,select-down-enter-from-7,paced,14,ArrowDown Home Enter,Never | list closed | none | @combobox:Sample choice,0,0,ArrowDown>combobox:Sample choice[none|f=combobox:Sample choice|h=None]@17.7 ; Home>option:7 days[listbox×1|f=option:7 days|h=7 days]@380.1 ; Enter>option:Never[listbox×1|f=option:Never|h=Never]@716.4
chromium-dark-desktop › orbit-sample select-down-home-enter paced sample 15,orbit-sample,select,select-down-home-enter,select-down-enter-from-7,paced,15,ArrowDown Home Enter,Never | list closed | none | @combobox:Sample choice,0,0,ArrowDown>combobox:Sample choice[none|f=combobox:Sample choice|h=None]@46.6 ; Home>option:7 days[listbox×1|f=option:7 days|h=7 days]@395.9 ; Enter>option:Never[listbox×1|f=option:Never|h=Never]@717.6
chromium-dark-desktop › orbit-sample select-down-home-enter paced sample 16,orbit-sample,select,select-down-home-enter,select-down-enter-from-7,paced,16,ArrowDown Home Enter,Never | list closed | none | @combobox:Sample choice,0,0,ArrowDown>combobox:Sample choice[none|f=combobox:Sample choice|h=None]@10.4 ; Home>option:7 days[listbox×1|f=option:7 days|h=7 days]@340.8 ; Enter>option:Never[listbox×1|f=option:Never|h=Never]@649.5
chromium-dark-desktop › orbit-sample select-down-home-enter paced sample 17,orbit-sample,select,select-down-home-enter,select-down-enter-from-7,paced,17,ArrowDown Home Enter,Never | list closed | none | @combobox:Sample choice,0,0,ArrowDown>combobox:Sample choice[none|f=combobox:Sample choice|h=None]@26.7 ; Home>option:7 days[listbox×1|f=option:7 days|h=7 days]@360.9 ; Enter>option:Never[listbox×1|f=option:Never|h=Never]@669.6
chromium-dark-desktop › orbit-sample select-down-home-enter paced sample 18,orbit-sample,select,select-down-home-enter,select-down-enter-from-7,paced,18,ArrowDown Home Enter,Never | list closed | none | @combobox:Sample choice,0,0,ArrowDown>combobox:Sample choice[none|f=combobox:Sample choice|h=None]@4.8 ; Home>option:7 days[listbox×1|f=option:7 days|h=7 days]@328.3 ; Enter>option:Never[listbox×1|f=option:Never|h=Never]@636.7
chromium-dark-desktop › orbit-sample select-down-home-enter paced sample 19,orbit-sample,select,select-down-home-enter,select-down-enter-from-7,paced,19,ArrowDown Home Enter,Never | list closed | none | @combobox:Sample choice,0,0,ArrowDown>combobox:Sample choice[none|f=combobox:Sample choice|h=None]@14.7 ; Home>option:7 days[listbox×1|f=option:7 days|h=7 days]@329.9 ; Enter>option:Never[listbox×1|f=option:Never|h=Never]@635.6
chromium-dark-desktop › orbit-field select-down-end-enter burst sample 0,orbit-field,select,select-down-end-enter,select-down-enter,burst,0,ArrowDown End Enter,never | list closed | none | @combobox:Expires,1,1,ArrowDown>combobox:Expires[none|f=combobox:Expires|h=None]@26.7 ; End>combobox:Expires[listbox×1|f=combobox:Expires|h=Never]@45.8 ; Enter>combobox:Expires[listbox×1|f=combobox:Expires|h=Never]@46.5 ; Enter*>option:Never[listbox×1|f=option:Never|h=Never]@47.1
chromium-dark-desktop › orbit-field select-down-end-enter burst sample 1,orbit-field,select,select-down-end-enter,select-down-enter,burst,1,ArrowDown End Enter,never | list closed | none | @combobox:Expires,1,1,ArrowDown>combobox:Expires[none|f=combobox:Expires|h=None]@38.1 ; End>combobox:Expires[listbox×1|f=combobox:Expires|h=Never]@56.8 ; Enter>combobox:Expires[listbox×1|f=combobox:Expires|h=Never]@57 ; Enter*>option:Never[listbox×1|f=option:Never|h=Never]@57.6
chromium-dark-desktop › orbit-field select-down-end-enter burst sample 2,orbit-field,select,select-down-end-enter,select-down-enter,burst,2,ArrowDown End Enter,never | list closed | none | @combobox:Expires,1,1,ArrowDown>combobox:Expires[none|f=combobox:Expires|h=None]@30.9 ; End>combobox:Expires[listbox×1|f=combobox:Expires|h=Never]@50.9 ; Enter>combobox:Expires[listbox×1|f=combobox:Expires|h=Never]@51 ; Enter*>option:Never[listbox×1|f=option:Never|h=Never]@51.6
chromium-dark-desktop › orbit-field select-down-end-enter burst sample 3,orbit-field,select,select-down-end-enter,select-down-enter,burst,3,ArrowDown End Enter,never | list closed | none | @combobox:Expires,1,1,ArrowDown>combobox:Expires[none|f=combobox:Expires|h=None]@24.4 ; End>combobox:Expires[listbox×1|f=combobox:Expires|h=Never]@45.1 ; Enter>combobox:Expires[listbox×1|f=combobox:Expires|h=Never]@45.4 ; Enter*>option:Never[listbox×1|f=option:Never|h=Never]@45.9
chromium-dark-desktop › orbit-field select-down-end-enter burst sample 4,orbit-field,select,select-down-end-enter,select-down-enter,burst,4,ArrowDown End Enter,never | list closed | none | @combobox:Expires,1,1,ArrowDown>combobox:Expires[none|f=combobox:Expires|h=None]@27.7 ; End>combobox:Expires[listbox×1|f=combobox:Expires|h=Never]@48.6 ; Enter>combobox:Expires[listbox×1|f=combobox:Expires|h=Never]@48.8 ; Enter*>option:Never[listbox×1|f=option:Never|h=Never]@49.3
chromium-dark-desktop › orbit-field select-down-end-enter burst sample 5,orbit-field,select,select-down-end-enter,select-down-enter,burst,5,ArrowDown End Enter,never | list closed | none | @combobox:Expires,1,1,ArrowDown>combobox:Expires[none|f=combobox:Expires|h=None]@31.8 ; End>combobox:Expires[listbox×1|f=combobox:Expires|h=Never]@52.3 ; Enter>combobox:Expires[listbox×1|f=combobox:Expires|h=Never]@52.5 ; Enter*>option:Never[listbox×1|f=option:Never|h=Never]@53.1
chromium-dark-desktop › orbit-field select-down-end-enter burst sample 6,orbit-field,select,select-down-end-enter,select-down-enter,burst,6,ArrowDown End Enter,never | list closed | none | @combobox:Expires,1,1,ArrowDown>combobox:Expires[none|f=combobox:Expires|h=None]@30.3 ; End>combobox:Expires[listbox×1|f=combobox:Expires|h=Never]@52.2 ; Enter>combobox:Expires[listbox×1|f=combobox:Expires|h=Never]@52.4 ; Enter*>option:Never[listbox×1|f=option:Never|h=Never]@53.1
chromium-dark-desktop › orbit-field select-down-end-enter burst sample 7,orbit-field,select,select-down-end-enter,select-down-enter,burst,7,ArrowDown End Enter,never | list closed | none | @combobox:Expires,1,1,ArrowDown>combobox:Expires[none|f=combobox:Expires|h=None]@34.4 ; End>combobox:Expires[listbox×1|f=combobox:Expires|h=Never]@70.3 ; Enter>combobox:Expires[listbox×1|f=combobox:Expires|h=Never]@70.5 ; Enter*>option:Never[listbox×1|f=option:Never|h=Never]@70.9
chromium-dark-desktop › orbit-field select-down-end-enter burst sample 8,orbit-field,select,select-down-end-enter,select-down-enter,burst,8,ArrowDown End Enter,never | list closed | none | @combobox:Expires,1,1,ArrowDown>combobox:Expires[none|f=combobox:Expires|h=None]@28 ; End>combobox:Expires[listbox×1|f=combobox:Expires|h=Never]@47.6 ; Enter>combobox:Expires[listbox×1|f=combobox:Expires|h=Never]@47.8 ; Enter*>option:Never[listbox×1|f=option:Never|h=Never]@48.4
chromium-dark-desktop › orbit-field select-down-end-enter burst sample 9,orbit-field,select,select-down-end-enter,select-down-enter,burst,9,ArrowDown End Enter,never | list closed | none | @combobox:Expires,1,1,ArrowDown>combobox:Expires[none|f=combobox:Expires|h=None]@33.4 ; End>combobox:Expires[listbox×1|f=combobox:Expires|h=Never]@53.8 ; Enter>combobox:Expires[listbox×1|f=combobox:Expires|h=Never]@54 ; Enter*>option:Never[listbox×1|f=option:Never|h=Never]@54.8
chromium-dark-desktop › orbit-field select-down-end-enter burst sample 10,orbit-field,select,select-down-end-enter,select-down-enter,burst,10,ArrowDown End Enter,never | list closed | none | @combobox:Expires,1,1,ArrowDown>combobox:Expires[none|f=combobox:Expires|h=None]@153.5 ; End>combobox:Expires[listbox×1|f=combobox:Expires|h=Never]@1384.2 ; Enter>combobox:Expires[listbox×1|f=combobox:Expires|h=Never]@1384.7 ; Enter*>option:Never[listbox×1|f=option:Never|h=Never]@1385.9
chromium-dark-desktop › orbit-field select-down-end-enter burst sample 11,orbit-field,select,select-down-end-enter,select-down-enter,burst,11,ArrowDown End Enter,never | list closed | none | @combobox:Expires,1,1,ArrowDown>combobox:Expires[none|f=combobox:Expires|h=None]@29.7 ; End>combobox:Expires[listbox×1|f=combobox:Expires|h=Never]@43.2 ; Enter>combobox:Expires[listbox×1|f=combobox:Expires|h=Never]@43.4 ; Enter*>option:Never[listbox×1|f=option:Never|h=Never]@43.8
chromium-dark-desktop › orbit-field select-down-end-enter burst sample 12,orbit-field,select,select-down-end-enter,select-down-enter,burst,12,ArrowDown End Enter,never | list closed | none | @combobox:Expires,1,1,ArrowDown>combobox:Expires[none|f=combobox:Expires|h=None]@35.1 ; End>combobox:Expires[listbox×1|f=combobox:Expires|h=Never]@54.8 ; Enter>combobox:Expires[listbox×1|f=combobox:Expires|h=Never]@54.9 ; Enter*>option:Never[listbox×1|f=option:Never|h=Never]@55.5
chromium-dark-desktop › orbit-field select-down-end-enter burst sample 13,orbit-field,select,select-down-end-enter,select-down-enter,burst,13,ArrowDown End Enter,never | list closed | none | @combobox:Expires,1,1,ArrowDown>combobox:Expires[none|f=combobox:Expires|h=None]@57.5 ; End>combobox:Expires[listbox×1|f=combobox:Expires|h=Never]@85 ; Enter>combobox:Expires[listbox×1|f=combobox:Expires|h=Never]@88.9 ; Enter*>option:Never[listbox×1|f=option:Never|h=Never]@89.5
chromium-dark-desktop › orbit-field select-down-end-enter burst sample 14,orbit-field,select,select-down-end-enter,select-down-enter,burst,14,ArrowDown End Enter,never | list closed | none | @combobox:Expires,1,1,ArrowDown>combobox:Expires[none|f=combobox:Expires|h=None]@44 ; End>combobox:Expires[listbox×1|f=combobox:Expires|h=Never]@60.7 ; Enter>combobox:Expires[listbox×1|f=combobox:Expires|h=Never]@60.9 ; Enter*>option:Never[listbox×1|f=option:Never|h=Never]@63
chromium-dark-desktop › orbit-field select-down-end-enter burst sample 15,orbit-field,select,select-down-end-enter,select-down-enter,burst,15,ArrowDown End Enter,never | list closed | none | @combobox:Expires,1,1,ArrowDown>combobox:Expires[none|f=combobox:Expires|h=None]@29.7 ; End>combobox:Expires[listbox×1|f=combobox:Expires|h=Never]@47.5 ; Enter>combobox:Expires[listbox×1|f=combobox:Expires|h=Never]@47.6 ; Enter*>option:Never[listbox×1|f=option:Never|h=Never]@48.2
chromium-dark-desktop › orbit-field select-down-end-enter burst sample 16,orbit-field,select,select-down-end-enter,select-down-enter,burst,16,ArrowDown End Enter,never | list closed | none | @combobox:Expires,1,1,ArrowDown>combobox:Expires[none|f=combobox:Expires|h=None]@20.8 ; End>combobox:Expires[listbox×1|f=combobox:Expires|h=Never]@38.8 ; Enter>combobox:Expires[listbox×1|f=combobox:Expires|h=Never]@38.9 ; Enter*>option:Never[listbox×1|f=option:Never|h=Never]@39.5
chromium-dark-desktop › orbit-field select-down-end-enter burst sample 17,orbit-field,select,select-down-end-enter,select-down-enter,burst,17,ArrowDown End Enter,never | list closed | none | @combobox:Expires,1,1,ArrowDown>combobox:Expires[none|f=combobox:Expires|h=None]@30.5 ; End>combobox:Expires[listbox×1|f=combobox:Expires|h=Never]@48.7 ; Enter>combobox:Expires[listbox×1|f=combobox:Expires|h=Never]@48.9 ; Enter*>option:Never[listbox×1|f=option:Never|h=Never]@49.5
chromium-dark-desktop › orbit-field select-down-end-enter burst sample 18,orbit-field,select,select-down-end-enter,select-down-enter,burst,18,ArrowDown End Enter,never | list closed | none | @combobox:Expires,1,1,ArrowDown>combobox:Expires[none|f=combobox:Expires|h=None]@37.3 ; End>combobox:Expires[listbox×1|f=combobox:Expires|h=Never]@55.6 ; Enter>combobox:Expires[listbox×1|f=combobox:Expires|h=Never]@55.8 ; Enter*>option:Never[listbox×1|f=option:Never|h=Never]@56.3
chromium-dark-desktop › orbit-field select-down-end-enter burst sample 19,orbit-field,select,select-down-end-enter,select-down-enter,burst,19,ArrowDown End Enter,never | list closed | none | @combobox:Expires,1,1,ArrowDown>combobox:Expires[none|f=combobox:Expires|h=None]@36 ; End>combobox:Expires[listbox×1|f=combobox:Expires|h=Never]@57.4 ; Enter>combobox:Expires[listbox×1|f=combobox:Expires|h=Never]@57.6 ; Enter*>option:Never[listbox×1|f=option:Never|h=Never]@58.2
chromium-dark-desktop › orbit-field select-down-end-enter paced sample 0,orbit-field,select,select-down-end-enter,select-down-enter,paced,0,ArrowDown End Enter,never | list open | listbox×1 | @option:30 days,0,0,ArrowDown>combobox:Expires[none|f=combobox:Expires|h=None]@30.2 ; End>option:Never[listbox×1|f=option:Never|h=Never]@376.9 ; Enter>option:30 days[listbox×1|f=option:30 days|h=30 days]@689.7
chromium-dark-desktop › orbit-field select-down-end-enter paced sample 1,orbit-field,select,select-down-end-enter,select-down-enter,paced,1,ArrowDown End Enter,never | list open | listbox×1 | @option:30 days,0,0,ArrowDown>combobox:Expires[none|f=combobox:Expires|h=None]@23.5 ; End>option:Never[listbox×1|f=option:Never|h=Never]@354.8 ; Enter>option:30 days[listbox×1|f=option:30 days|h=30 days]@664.2
chromium-dark-desktop › orbit-field select-down-end-enter paced sample 2,orbit-field,select,select-down-end-enter,select-down-enter,paced,2,ArrowDown End Enter,never | list open | listbox×1 | @option:30 days,0,0,ArrowDown>combobox:Expires[none|f=combobox:Expires|h=None]@27.8 ; End>option:Never[listbox×1|f=option:Never|h=Never]@359.7 ; Enter>option:30 days[listbox×1|f=option:30 days|h=30 days]@669.5
chromium-dark-desktop › orbit-field select-down-end-enter paced sample 3,orbit-field,select,select-down-end-enter,select-down-enter,paced,3,ArrowDown End Enter,never | list open | listbox×1 | @option:30 days,0,0,ArrowDown>combobox:Expires[none|f=combobox:Expires|h=None]@37.9 ; End>option:Never[listbox×1|f=option:Never|h=Never]@371.9 ; Enter>option:30 days[listbox×1|f=option:30 days|h=30 days]@685
chromium-dark-desktop › orbit-field select-down-end-enter paced sample 4,orbit-field,select,select-down-end-enter,select-down-enter,paced,4,ArrowDown End Enter,never | list open | listbox×1 | @option:30 days,0,0,ArrowDown>combobox:Expires[none|f=combobox:Expires|h=None]@33.6 ; End>option:Never[listbox×1|f=option:Never|h=Never]@365.9 ; Enter>option:30 days[listbox×1|f=option:30 days|h=30 days]@674.9
chromium-dark-desktop › orbit-field select-down-end-enter paced sample 5,orbit-field,select,select-down-end-enter,select-down-enter,paced,5,ArrowDown End Enter,never | list open | listbox×1 | @option:30 days,0,0,ArrowDown>combobox:Expires[none|f=combobox:Expires|h=None]@35.4 ; End>option:Never[listbox×1|f=option:Never|h=Never]@366 ; Enter>option:30 days[listbox×1|f=option:30 days|h=30 days]@675.6
chromium-dark-desktop › orbit-field select-down-end-enter paced sample 6,orbit-field,select,select-down-end-enter,select-down-enter,paced,6,ArrowDown End Enter,never | list open | listbox×1 | @option:30 days,0,0,ArrowDown>combobox:Expires[none|f=combobox:Expires|h=None]@30.3 ; End>option:Never[listbox×1|f=option:Never|h=Never]@359.2 ; Enter>option:30 days[listbox×1|f=option:30 days|h=30 days]@669.7
chromium-dark-desktop › orbit-field select-down-end-enter paced sample 7,orbit-field,select,select-down-end-enter,select-down-enter,paced,7,ArrowDown End Enter,never | list open | listbox×1 | @option:30 days,0,0,ArrowDown>combobox:Expires[none|f=combobox:Expires|h=None]@23.1 ; End>option:Never[listbox×1|f=option:Never|h=Never]@354.1 ; Enter>option:30 days[listbox×1|f=option:30 days|h=30 days]@662.3
chromium-dark-desktop › orbit-field select-down-end-enter paced sample 8,orbit-field,select,select-down-end-enter,select-down-enter,paced,8,ArrowDown End Enter,never | list open | listbox×1 | @option:30 days,0,0,ArrowDown>combobox:Expires[none|f=combobox:Expires|h=None]@23.7 ; End>option:Never[listbox×1|f=option:Never|h=Never]@356.9 ; Enter>option:30 days[listbox×1|f=option:30 days|h=30 days]@667.9
chromium-dark-desktop › orbit-field select-down-end-enter paced sample 9,orbit-field,select,select-down-end-enter,select-down-enter,paced,9,ArrowDown End Enter,never | list open | listbox×1 | @option:30 days,0,0,ArrowDown>combobox:Expires[none|f=combobox:Expires|h=None]@32 ; End>option:Never[listbox×1|f=option:Never|h=Never]@360.1 ; Enter>option:30 days[listbox×1|f=option:30 days|h=30 days]@670.4
chromium-dark-desktop › orbit-field select-down-end-enter paced sample 10,orbit-field,select,select-down-end-enter,select-down-enter,paced,10,ArrowDown End Enter,never | list open | listbox×1 | @option:30 days,0,0,ArrowDown>combobox:Expires[none|f=combobox:Expires|h=None]@30.7 ; End>option:Never[listbox×1|f=option:Never|h=Never]@361.6 ; Enter>option:30 days[listbox×1|f=option:30 days|h=30 days]@674.7
chromium-dark-desktop › orbit-field select-down-end-enter paced sample 11,orbit-field,select,select-down-end-enter,select-down-enter,paced,11,ArrowDown End Enter,never | list open | listbox×1 | @option:30 days,0,0,ArrowDown>combobox:Expires[none|f=combobox:Expires|h=None]@31.5 ; End>option:Never[listbox×1|f=option:Never|h=Never]@359.8 ; Enter>option:30 days[listbox×1|f=option:30 days|h=30 days]@671.2
chromium-dark-desktop › orbit-field select-down-end-enter paced sample 12,orbit-field,select,select-down-end-enter,select-down-enter,paced,12,ArrowDown End Enter,never | list open | listbox×1 | @option:30 days,0,0,ArrowDown>combobox:Expires[none|f=combobox:Expires|h=None]@33 ; End>option:Never[listbox×1|f=option:Never|h=Never]@366 ; Enter>option:30 days[listbox×1|f=option:30 days|h=30 days]@678.8
chromium-dark-desktop › orbit-field select-down-end-enter paced sample 13,orbit-field,select,select-down-end-enter,select-down-enter,paced,13,ArrowDown End Enter,never | list open | listbox×1 | @option:30 days,0,0,ArrowDown>combobox:Expires[none|f=combobox:Expires|h=None]@26.1 ; End>option:Never[listbox×1|f=option:Never|h=Never]@358.9 ; Enter>option:30 days[listbox×1|f=option:30 days|h=30 days]@668.6
chromium-dark-desktop › orbit-field select-down-end-enter paced sample 14,orbit-field,select,select-down-end-enter,select-down-enter,paced,14,ArrowDown End Enter,never | list open | listbox×1 | @option:30 days,0,0,ArrowDown>combobox:Expires[none|f=combobox:Expires|h=None]@36.1 ; End>option:Never[listbox×1|f=option:Never|h=Never]@366 ; Enter>option:30 days[listbox×1|f=option:30 days|h=30 days]@674.5
chromium-dark-desktop › orbit-field select-down-end-enter paced sample 15,orbit-field,select,select-down-end-enter,select-down-enter,paced,15,ArrowDown End Enter,never | list open | listbox×1 | @option:30 days,0,0,ArrowDown>combobox:Expires[none|f=combobox:Expires|h=None]@23.3 ; End>option:Never[listbox×1|f=option:Never|h=Never]@349.3 ; Enter>option:30 days[listbox×1|f=option:30 days|h=30 days]@658
chromium-dark-desktop › orbit-field select-down-end-enter paced sample 16,orbit-field,select,select-down-end-enter,select-down-enter,paced,16,ArrowDown End Enter,never | list open | listbox×1 | @option:30 days,0,0,ArrowDown>combobox:Expires[none|f=combobox:Expires|h=None]@33.8 ; End>option:Never[listbox×1|f=option:Never|h=Never]@367.2 ; Enter>option:30 days[listbox×1|f=option:30 days|h=30 days]@680.5
chromium-dark-desktop › orbit-field select-down-end-enter paced sample 17,orbit-field,select,select-down-end-enter,select-down-enter,paced,17,ArrowDown End Enter,never | list open | listbox×1 | @option:30 days,0,0,ArrowDown>combobox:Expires[none|f=combobox:Expires|h=None]@23.9 ; End>option:Never[listbox×1|f=option:Never|h=Never]@352.8 ; Enter>option:30 days[listbox×1|f=option:30 days|h=30 days]@661.5
chromium-dark-desktop › orbit-field select-down-end-enter paced sample 18,orbit-field,select,select-down-end-enter,select-down-enter,paced,18,ArrowDown End Enter,never | list open | listbox×1 | @option:30 days,0,0,ArrowDown>combobox:Expires[none|f=combobox:Expires|h=None]@34.9 ; End>option:Never[listbox×1|f=option:Never|h=Never]@362.9 ; Enter>option:30 days[listbox×1|f=option:30 days|h=30 days]@671.5
chromium-dark-desktop › orbit-field select-down-end-enter paced sample 19,orbit-field,select,select-down-end-enter,select-down-enter,paced,19,ArrowDown End Enter,never | list open | listbox×1 | @option:30 days,0,0,ArrowDown>combobox:Expires[none|f=combobox:Expires|h=None]@24.3 ; End>option:Never[listbox×1|f=option:Never|h=Never]@351.7 ; Enter>option:30 days[listbox×1|f=option:30 days|h=30 days]@659.4
chromium-dark-desktop › orbit-sample select-down-end-enter burst sample 0,orbit-sample,select,select-down-end-enter,select-down-enter,burst,0,ArrowDown End Enter,Never | list closed | none | @combobox:Sample choice,1,1,ArrowDown>combobox:Sample choice[none|f=combobox:Sample choice|h=None]@24.7 ; End>combobox:Sample choice[listbox×1|f=combobox:Sample choice|h=Never]@45.8 ; Enter>combobox:Sample choice[listbox×1|f=combobox:Sample choice|h=Never]@46.3 ; Enter*>option:Never[listbox×1|f=option:Never|h=Never]@46.9
chromium-dark-desktop › orbit-sample select-down-end-enter burst sample 1,orbit-sample,select,select-down-end-enter,select-down-enter,burst,1,ArrowDown End Enter,Never | list closed | none | @combobox:Sample choice,1,1,ArrowDown>combobox:Sample choice[none|f=combobox:Sample choice|h=None]@26.3 ; End>combobox:Sample choice[listbox×1|f=combobox:Sample choice|h=Never]@45.5 ; Enter>combobox:Sample choice[listbox×1|f=combobox:Sample choice|h=Never]@45.7 ; Enter*>option:Never[listbox×1|f=option:Never|h=Never]@46.3
chromium-dark-desktop › orbit-sample select-down-end-enter burst sample 2,orbit-sample,select,select-down-end-enter,select-down-enter,burst,2,ArrowDown End Enter,Never | list closed | none | @combobox:Sample choice,1,1,ArrowDown>combobox:Sample choice[none|f=combobox:Sample choice|h=None]@32.1 ; End>combobox:Sample choice[listbox×1|f=combobox:Sample choice|h=Never]@59 ; Enter>combobox:Sample choice[listbox×1|f=combobox:Sample choice|h=Never]@59.3 ; Enter*>option:Never[listbox×1|f=option:Never|h=Never]@59.9
chromium-dark-desktop › orbit-sample select-down-end-enter burst sample 3,orbit-sample,select,select-down-end-enter,select-down-enter,burst,3,ArrowDown End Enter,Never | list closed | none | @combobox:Sample choice,1,1,ArrowDown>combobox:Sample choice[none|f=combobox:Sample choice|h=None]@28.4 ; End>combobox:Sample choice[listbox×1|f=combobox:Sample choice|h=Never]@51.5 ; Enter>combobox:Sample choice[listbox×1|f=combobox:Sample choice|h=Never]@51.6 ; Enter*>option:Never[listbox×1|f=option:Never|h=Never]@52.4
chromium-dark-desktop › orbit-sample select-down-end-enter burst sample 4,orbit-sample,select,select-down-end-enter,select-down-enter,burst,4,ArrowDown End Enter,Never | list closed | none | @combobox:Sample choice,1,1,ArrowDown>combobox:Sample choice[none|f=combobox:Sample choice|h=None]@34.8 ; End>combobox:Sample choice[listbox×1|f=combobox:Sample choice|h=Never]@50.1 ; Enter>combobox:Sample choice[listbox×1|f=combobox:Sample choice|h=Never]@50.3 ; Enter*>option:Never[listbox×1|f=option:Never|h=Never]@50.7
chromium-dark-desktop › orbit-sample select-down-end-enter burst sample 5,orbit-sample,select,select-down-end-enter,select-down-enter,burst,5,ArrowDown End Enter,Never | list closed | none | @combobox:Sample choice,1,1,ArrowDown>combobox:Sample choice[none|f=combobox:Sample choice|h=None]@25.2 ; End>combobox:Sample choice[listbox×1|f=combobox:Sample choice|h=Never]@42.8 ; Enter>combobox:Sample choice[listbox×1|f=combobox:Sample choice|h=Never]@43 ; Enter*>option:Never[listbox×1|f=option:Never|h=Never]@43.6
chromium-dark-desktop › orbit-sample select-down-end-enter burst sample 6,orbit-sample,select,select-down-end-enter,select-down-enter,burst,6,ArrowDown End Enter,Never | list closed | none | @combobox:Sample choice,1,1,ArrowDown>combobox:Sample choice[none|f=combobox:Sample choice|h=None]@34.3 ; End>combobox:Sample choice[listbox×1|f=combobox:Sample choice|h=Never]@56.7 ; Enter>combobox:Sample choice[listbox×1|f=combobox:Sample choice|h=Never]@56.9 ; Enter*>option:Never[listbox×1|f=option:Never|h=Never]@57.6
chromium-dark-desktop › orbit-sample select-down-end-enter burst sample 7,orbit-sample,select,select-down-end-enter,select-down-enter,burst,7,ArrowDown End Enter,Never | list closed | none | @combobox:Sample choice,1,1,ArrowDown>combobox:Sample choice[none|f=combobox:Sample choice|h=None]@28.2 ; End>combobox:Sample choice[listbox×1|f=combobox:Sample choice|h=Never]@51.4 ; Enter>combobox:Sample choice[listbox×1|f=combobox:Sample choice|h=Never]@51.5 ; Enter*>option:Never[listbox×1|f=option:Never|h=Never]@52.2
chromium-dark-desktop › orbit-sample select-down-end-enter burst sample 8,orbit-sample,select,select-down-end-enter,select-down-enter,burst,8,ArrowDown End Enter,Never | list closed | none | @combobox:Sample choice,1,1,ArrowDown>combobox:Sample choice[none|f=combobox:Sample choice|h=None]@25.4 ; End>combobox:Sample choice[listbox×1|f=combobox:Sample choice|h=Never]@47.3 ; Enter>combobox:Sample choice[listbox×1|f=combobox:Sample choice|h=Never]@47.5 ; Enter*>option:Never[listbox×1|f=option:Never|h=Never]@48.1
chromium-dark-desktop › orbit-sample select-down-end-enter burst sample 9,orbit-sample,select,select-down-end-enter,select-down-enter,burst,9,ArrowDown End Enter,Never | list closed | none | @combobox:Sample choice,1,1,ArrowDown>combobox:Sample choice[none|f=combobox:Sample choice|h=None]@38.3 ; End>combobox:Sample choice[listbox×1|f=combobox:Sample choice|h=Never]@58.9 ; Enter>combobox:Sample choice[listbox×1|f=combobox:Sample choice|h=Never]@59 ; Enter*>option:Never[listbox×1|f=option:Never|h=Never]@59.7
chromium-dark-desktop › orbit-sample select-down-end-enter burst sample 10,orbit-sample,select,select-down-end-enter,select-down-enter,burst,10,ArrowDown End Enter,Never | list closed | none | @combobox:Sample choice,1,1,ArrowDown>combobox:Sample choice[none|f=combobox:Sample choice|h=None]@33.2 ; End>combobox:Sample choice[listbox×1|f=combobox:Sample choice|h=Never]@52.9 ; Enter>combobox:Sample choice[listbox×1|f=combobox:Sample choice|h=Never]@53 ; Enter*>option:Never[listbox×1|f=option:Never|h=Never]@53.7
chromium-dark-desktop › orbit-sample select-down-end-enter burst sample 11,orbit-sample,select,select-down-end-enter,select-down-enter,burst,11,ArrowDown End Enter,Never | list closed | none | @combobox:Sample choice,1,1,ArrowDown>combobox:Sample choice[none|f=combobox:Sample choice|h=None]@33.8 ; End>combobox:Sample choice[listbox×1|f=combobox:Sample choice|h=Never]@53.2 ; Enter>combobox:Sample choice[listbox×1|f=combobox:Sample choice|h=Never]@53.4 ; Enter*>option:Never[listbox×1|f=option:Never|h=Never]@53.9
chromium-dark-desktop › orbit-sample select-down-end-enter burst sample 12,orbit-sample,select,select-down-end-enter,select-down-enter,burst,12,ArrowDown End Enter,Never | list closed | none | @combobox:Sample choice,1,1,ArrowDown>combobox:Sample choice[none|f=combobox:Sample choice|h=None]@29 ; End>combobox:Sample choice[listbox×1|f=combobox:Sample choice|h=Never]@48.1 ; Enter>combobox:Sample choice[listbox×1|f=combobox:Sample choice|h=Never]@48.2 ; Enter*>option:Never[listbox×1|f=option:Never|h=Never]@48.8
chromium-dark-desktop › orbit-sample select-down-end-enter burst sample 13,orbit-sample,select,select-down-end-enter,select-down-enter,burst,13,ArrowDown End Enter,Never | list closed | none | @combobox:Sample choice,1,1,ArrowDown>combobox:Sample choice[none|f=combobox:Sample choice|h=None]@21.5 ; End>combobox:Sample choice[listbox×1|f=combobox:Sample choice|h=Never]@40.7 ; Enter>combobox:Sample choice[listbox×1|f=combobox:Sample choice|h=Never]@40.8 ; Enter*>option:Never[listbox×1|f=option:Never|h=Never]@41.4
chromium-dark-desktop › orbit-sample select-down-end-enter burst sample 14,orbit-sample,select,select-down-end-enter,select-down-enter,burst,14,ArrowDown End Enter,Never | list closed | none | @combobox:Sample choice,1,1,ArrowDown>combobox:Sample choice[none|f=combobox:Sample choice|h=None]@20.9 ; End>combobox:Sample choice[listbox×1|f=combobox:Sample choice|h=Never]@40 ; Enter>combobox:Sample choice[listbox×1|f=combobox:Sample choice|h=Never]@40.2 ; Enter*>option:Never[listbox×1|f=option:Never|h=Never]@40.8
chromium-dark-desktop › orbit-sample select-down-end-enter burst sample 15,orbit-sample,select,select-down-end-enter,select-down-enter,burst,15,ArrowDown End Enter,Never | list closed | none | @combobox:Sample choice,1,1,ArrowDown>combobox:Sample choice[none|f=combobox:Sample choice|h=None]@27.7 ; End>combobox:Sample choice[listbox×1|f=combobox:Sample choice|h=Never]@46.2 ; Enter>combobox:Sample choice[listbox×1|f=combobox:Sample choice|h=Never]@46.3 ; Enter*>option:Never[listbox×1|f=option:Never|h=Never]@46.9
chromium-dark-desktop › orbit-sample select-down-end-enter burst sample 16,orbit-sample,select,select-down-end-enter,select-down-enter,burst,16,ArrowDown End Enter,Never | list closed | none | @combobox:Sample choice,1,1,ArrowDown>combobox:Sample choice[none|f=combobox:Sample choice|h=None]@28.5 ; End>combobox:Sample choice[listbox×1|f=combobox:Sample choice|h=Never]@48.1 ; Enter>combobox:Sample choice[listbox×1|f=combobox:Sample choice|h=Never]@48.3 ; Enter*>option:Never[listbox×1|f=option:Never|h=Never]@48.9
chromium-dark-desktop › orbit-sample select-down-end-enter burst sample 17,orbit-sample,select,select-down-end-enter,select-down-enter,burst,17,ArrowDown End Enter,Never | list closed | none | @combobox:Sample choice,1,1,ArrowDown>combobox:Sample choice[none|f=combobox:Sample choice|h=None]@33.1 ; End>combobox:Sample choice[listbox×1|f=combobox:Sample choice|h=Never]@52.1 ; Enter>combobox:Sample choice[listbox×1|f=combobox:Sample choice|h=Never]@52.3 ; Enter*>option:Never[listbox×1|f=option:Never|h=Never]@52.8
chromium-dark-desktop › orbit-sample select-down-end-enter burst sample 18,orbit-sample,select,select-down-end-enter,select-down-enter,burst,18,ArrowDown End Enter,Never | list closed | none | @combobox:Sample choice,1,1,ArrowDown>combobox:Sample choice[none|f=combobox:Sample choice|h=None]@32.1 ; End>combobox:Sample choice[listbox×1|f=combobox:Sample choice|h=Never]@52 ; Enter>combobox:Sample choice[listbox×1|f=combobox:Sample choice|h=Never]@52.2 ; Enter*>option:Never[listbox×1|f=option:Never|h=Never]@52.8
chromium-dark-desktop › orbit-sample select-down-end-enter burst sample 19,orbit-sample,select,select-down-end-enter,select-down-enter,burst,19,ArrowDown End Enter,Never | list closed | none | @combobox:Sample choice,1,1,ArrowDown>combobox:Sample choice[none|f=combobox:Sample choice|h=None]@28.7 ; End>combobox:Sample choice[listbox×1|f=combobox:Sample choice|h=Never]@49.6 ; Enter>combobox:Sample choice[listbox×1|f=combobox:Sample choice|h=Never]@49.8 ; Enter*>option:Never[listbox×1|f=option:Never|h=Never]@50.4
chromium-dark-desktop › orbit-sample select-down-end-enter paced sample 0,orbit-sample,select,select-down-end-enter,select-down-enter,paced,0,ArrowDown End Enter,Never | list open | listbox×1 | @option:30 days,0,0,ArrowDown>combobox:Sample choice[none|f=combobox:Sample choice|h=None]@22.9 ; End>option:Never[listbox×1|f=option:Never|h=Never]@351.6 ; Enter>option:30 days[listbox×1|f=option:30 days|h=30 days]@659.8
chromium-dark-desktop › orbit-sample select-down-end-enter paced sample 1,orbit-sample,select,select-down-end-enter,select-down-enter,paced,1,ArrowDown End Enter,Never | list open | listbox×1 | @option:30 days,0,0,ArrowDown>combobox:Sample choice[none|f=combobox:Sample choice|h=None]@27.7 ; End>option:Never[listbox×1|f=option:Never|h=Never]@354.6 ; Enter>option:30 days[listbox×1|f=option:30 days|h=30 days]@662.3
chromium-dark-desktop › orbit-sample select-down-end-enter paced sample 2,orbit-sample,select,select-down-end-enter,select-down-enter,paced,2,ArrowDown End Enter,Never | list open | listbox×1 | @option:30 days,0,0,ArrowDown>combobox:Sample choice[none|f=combobox:Sample choice|h=None]@24 ; End>option:Never[listbox×1|f=option:Never|h=Never]@354.5 ; Enter>option:30 days[listbox×1|f=option:30 days|h=30 days]@670.7
chromium-dark-desktop › orbit-sample select-down-end-enter paced sample 3,orbit-sample,select,select-down-end-enter,select-down-enter,paced,3,ArrowDown End Enter,Never | list open | listbox×1 | @option:30 days,0,0,ArrowDown>combobox:Sample choice[none|f=combobox:Sample choice|h=None]@23.4 ; End>option:Never[listbox×1|f=option:Never|h=Never]@353.8 ; Enter>option:30 days[listbox×1|f=option:30 days|h=30 days]@679.9
chromium-dark-desktop › orbit-sample select-down-end-enter paced sample 4,orbit-sample,select,select-down-end-enter,select-down-enter,paced,4,ArrowDown End Enter,Never | list open | listbox×1 | @option:30 days,0,0,ArrowDown>combobox:Sample choice[none|f=combobox:Sample choice|h=None]@21.9 ; End>option:Never[listbox×1|f=option:Never|h=Never]@346.8 ; Enter>option:30 days[listbox×1|f=option:30 days|h=30 days]@670.7
chromium-dark-desktop › orbit-sample select-down-end-enter paced sample 5,orbit-sample,select,select-down-end-enter,select-down-enter,paced,5,ArrowDown End Enter,Never | list open | listbox×1 | @option:30 days,0,0,ArrowDown>combobox:Sample choice[none|f=combobox:Sample choice|h=None]@34.6 ; End>option:Never[listbox×1|f=option:Never|h=Never]@361.3 ; Enter>option:30 days[listbox×1|f=option:30 days|h=30 days]@693
chromium-dark-desktop › orbit-sample select-down-end-enter paced sample 6,orbit-sample,select,select-down-end-enter,select-down-enter,paced,6,ArrowDown End Enter,Never | list open | listbox×1 | @option:30 days,0,0,ArrowDown>combobox:Sample choice[none|f=combobox:Sample choice|h=None]@46.5 ; End>option:Never[listbox×1|f=option:Never|h=Never]@394.7 ; Enter>option:30 days[listbox×1|f=option:30 days|h=30 days]@702.5
chromium-dark-desktop › orbit-sample select-down-end-enter paced sample 7,orbit-sample,select,select-down-end-enter,select-down-enter,paced,7,ArrowDown End Enter,Never | list open | listbox×1 | @option:30 days,0,0,ArrowDown>combobox:Sample choice[none|f=combobox:Sample choice|h=None]@34.3 ; End>option:Never[listbox×1|f=option:Never|h=Never]@355.9 ; Enter>option:30 days[listbox×1|f=option:30 days|h=30 days]@662.4
chromium-dark-desktop › orbit-sample select-down-end-enter paced sample 8,orbit-sample,select,select-down-end-enter,select-down-enter,paced,8,ArrowDown End Enter,Never | list open | listbox×1 | @option:30 days,0,0,ArrowDown>combobox:Sample choice[none|f=combobox:Sample choice|h=None]@30.3 ; End>option:Never[listbox×1|f=option:Never|h=Never]@359.8 ; Enter>option:30 days[listbox×1|f=option:30 days|h=30 days]@667.1
chromium-dark-desktop › orbit-sample select-down-end-enter paced sample 9,orbit-sample,select,select-down-end-enter,select-down-enter,paced,9,ArrowDown End Enter,Never | list open | listbox×1 | @option:30 days,0,0,ArrowDown>combobox:Sample choice[none|f=combobox:Sample choice|h=None]@23 ; End>option:Never[listbox×1|f=option:Never|h=Never]@340 ; Enter>option:30 days[listbox×1|f=option:30 days|h=30 days]@648.7
chromium-dark-desktop › orbit-sample select-down-end-enter paced sample 10,orbit-sample,select,select-down-end-enter,select-down-enter,paced,10,ArrowDown End Enter,Never | list open | listbox×1 | @option:30 days,0,0,ArrowDown>combobox:Sample choice[none|f=combobox:Sample choice|h=None]@34.3 ; End>option:Never[listbox×1|f=option:Never|h=Never]@361.6 ; Enter>option:30 days[listbox×1|f=option:30 days|h=30 days]@668.5
chromium-dark-desktop › orbit-sample select-down-end-enter paced sample 11,orbit-sample,select,select-down-end-enter,select-down-enter,paced,11,ArrowDown End Enter,Never | list open | listbox×1 | @option:30 days,0,0,ArrowDown>combobox:Sample choice[none|f=combobox:Sample choice|h=None]@19.6 ; End>option:Never[listbox×1|f=option:Never|h=Never]@340.7 ; Enter>option:30 days[listbox×1|f=option:30 days|h=30 days]@647.2
chromium-dark-desktop › orbit-sample select-down-end-enter paced sample 12,orbit-sample,select,select-down-end-enter,select-down-enter,paced,12,ArrowDown End Enter,Never | list open | listbox×1 | @option:30 days,0,0,ArrowDown>combobox:Sample choice[none|f=combobox:Sample choice|h=None]@35.9 ; End>option:Never[listbox×1|f=option:Never|h=Never]@363 ; Enter>option:30 days[listbox×1|f=option:30 days|h=30 days]@669.2
chromium-dark-desktop › orbit-sample select-down-end-enter paced sample 13,orbit-sample,select,select-down-end-enter,select-down-enter,paced,13,ArrowDown End Enter,Never | list open | listbox×1 | @option:30 days,0,0,ArrowDown>combobox:Sample choice[none|f=combobox:Sample choice|h=None]@33.3 ; End>option:Never[listbox×1|f=option:Never|h=Never]@354.1 ; Enter>option:30 days[listbox×1|f=option:30 days|h=30 days]@660.5
chromium-dark-desktop › orbit-sample select-down-end-enter paced sample 14,orbit-sample,select,select-down-end-enter,select-down-enter,paced,14,ArrowDown End Enter,Never | list open | listbox×1 | @option:30 days,0,0,ArrowDown>combobox:Sample choice[none|f=combobox:Sample choice|h=None]@35.1 ; End>option:Never[listbox×1|f=option:Never|h=Never]@351.7 ; Enter>option:30 days[listbox×1|f=option:30 days|h=30 days]@656.5
chromium-dark-desktop › orbit-sample select-down-end-enter paced sample 15,orbit-sample,select,select-down-end-enter,select-down-enter,paced,15,ArrowDown End Enter,Never | list open | listbox×1 | @option:30 days,0,0,ArrowDown>combobox:Sample choice[none|f=combobox:Sample choice|h=None]@20.3 ; End>option:Never[listbox×1|f=option:Never|h=Never]@342.8 ; Enter>option:30 days[listbox×1|f=option:30 days|h=30 days]@652.3
chromium-dark-desktop › orbit-sample select-down-end-enter paced sample 16,orbit-sample,select,select-down-end-enter,select-down-enter,paced,16,ArrowDown End Enter,Never | list open | listbox×1 | @option:30 days,0,0,ArrowDown>combobox:Sample choice[none|f=combobox:Sample choice|h=None]@24.2 ; End>option:Never[listbox×1|f=option:Never|h=Never]@353.2 ; Enter>option:30 days[listbox×1|f=option:30 days|h=30 days]@666.3
chromium-dark-desktop › orbit-sample select-down-end-enter paced sample 17,orbit-sample,select,select-down-end-enter,select-down-enter,paced,17,ArrowDown End Enter,Never | list open | listbox×1 | @option:30 days,0,0,ArrowDown>combobox:Sample choice[none|f=combobox:Sample choice|h=None]@26.4 ; End>option:Never[listbox×1|f=option:Never|h=Never]@354.8 ; Enter>option:30 days[listbox×1|f=option:30 days|h=30 days]@662.6
chromium-dark-desktop › orbit-sample select-down-end-enter paced sample 18,orbit-sample,select,select-down-end-enter,select-down-enter,paced,18,ArrowDown End Enter,Never | list open | listbox×1 | @option:30 days,0,0,ArrowDown>combobox:Sample choice[none|f=combobox:Sample choice|h=None]@32.8 ; End>option:Never[listbox×1|f=option:Never|h=Never]@358.7 ; Enter>option:30 days[listbox×1|f=option:30 days|h=30 days]@669
chromium-dark-desktop › orbit-sample select-down-end-enter paced sample 19,orbit-sample,select,select-down-end-enter,select-down-enter,paced,19,ArrowDown End Enter,Never | list open | listbox×1 | @option:30 days,0,0,ArrowDown>combobox:Sample choice[none|f=combobox:Sample choice|h=None]@24.9 ; End>option:Never[listbox×1|f=option:Never|h=Never]@353.9 ; Enter>option:30 days[listbox×1|f=option:30 days|h=30 days]@666.4
chromium-dark-desktop › orbit-field select-down-space burst sample 0,orbit-field,select,select-down-space,select-down,burst,0,ArrowDown Space,never | list closed | none | @combobox:Expires,1,0,ArrowDown>combobox:Expires[none|f=combobox:Expires|h=None]@35.8 ; Space>combobox:Expires[listbox×1|f=combobox:Expires|h=Never]@56.6
chromium-dark-desktop › orbit-field select-down-space burst sample 1,orbit-field,select,select-down-space,select-down,burst,1,ArrowDown Space,never | list closed | none | @combobox:Expires,1,0,ArrowDown>combobox:Expires[none|f=combobox:Expires|h=None]@33.4 ; Space>combobox:Expires[listbox×1|f=combobox:Expires|h=Never]@59.8
chromium-dark-desktop › orbit-field select-down-space burst sample 2,orbit-field,select,select-down-space,select-down,burst,2,ArrowDown Space,never | list closed | none | @combobox:Expires,1,0,ArrowDown>combobox:Expires[none|f=combobox:Expires|h=None]@28 ; Space>combobox:Expires[listbox×1|f=combobox:Expires|h=Never]@52.2
chromium-dark-desktop › orbit-field select-down-space burst sample 3,orbit-field,select,select-down-space,select-down,burst,3,ArrowDown Space,never | list closed | none | @combobox:Expires,1,0,ArrowDown>combobox:Expires[none|f=combobox:Expires|h=None]@36.9 ; Space>combobox:Expires[listbox×1|f=combobox:Expires|h=Never]@60.7
chromium-dark-desktop › orbit-field select-down-space burst sample 4,orbit-field,select,select-down-space,select-down,burst,4,ArrowDown Space,never | list closed | none | @combobox:Expires,1,0,ArrowDown>combobox:Expires[none|f=combobox:Expires|h=None]@38.2 ; Space>combobox:Expires[listbox×1|f=combobox:Expires|h=Never]@63
chromium-dark-desktop › orbit-field select-down-space burst sample 5,orbit-field,select,select-down-space,select-down,burst,5,ArrowDown Space,never | list closed | none | @combobox:Expires,1,0,ArrowDown>combobox:Expires[none|f=combobox:Expires|h=None]@35.3 ; Space>combobox:Expires[listbox×1|f=combobox:Expires|h=Never]@59.8
chromium-dark-desktop › orbit-field select-down-space burst sample 6,orbit-field,select,select-down-space,select-down,burst,6,ArrowDown Space,never | list closed | none | @combobox:Expires,1,0,ArrowDown>combobox:Expires[none|f=combobox:Expires|h=None]@27.9 ; Space>combobox:Expires[listbox×1|f=combobox:Expires|h=Never]@51
chromium-dark-desktop › orbit-field select-down-space burst sample 7,orbit-field,select,select-down-space,select-down,burst,7,ArrowDown Space,never | list closed | none | @combobox:Expires,1,0,ArrowDown>combobox:Expires[none|f=combobox:Expires|h=None]@27.7 ; Space>combobox:Expires[listbox×1|f=combobox:Expires|h=Never]@52.7
chromium-dark-desktop › orbit-field select-down-space burst sample 8,orbit-field,select,select-down-space,select-down,burst,8,ArrowDown Space,never | list closed | none | @combobox:Expires,1,0,ArrowDown>combobox:Expires[none|f=combobox:Expires|h=None]@30 ; Space>combobox:Expires[listbox×1|f=combobox:Expires|h=Never]@54
chromium-dark-desktop › orbit-field select-down-space burst sample 9,orbit-field,select,select-down-space,select-down,burst,9,ArrowDown Space,never | list closed | none | @combobox:Expires,1,0,ArrowDown>combobox:Expires[none|f=combobox:Expires|h=None]@24.5 ; Space>combobox:Expires[listbox×1|f=combobox:Expires|h=Never]@49.3
chromium-dark-desktop › orbit-field select-down-space burst sample 10,orbit-field,select,select-down-space,select-down,burst,10,ArrowDown Space,never | list closed | none | @combobox:Expires,1,0,ArrowDown>combobox:Expires[none|f=combobox:Expires|h=None]@26.7 ; Space>combobox:Expires[listbox×1|f=combobox:Expires|h=Never]@50
chromium-dark-desktop › orbit-field select-down-space burst sample 11,orbit-field,select,select-down-space,select-down,burst,11,ArrowDown Space,never | list closed | none | @combobox:Expires,1,0,ArrowDown>combobox:Expires[none|f=combobox:Expires|h=None]@36.1 ; Space>combobox:Expires[listbox×1|f=combobox:Expires|h=Never]@57.4
chromium-dark-desktop › orbit-field select-down-space burst sample 12,orbit-field,select,select-down-space,select-down,burst,12,ArrowDown Space,never | list closed | none | @combobox:Expires,1,0,ArrowDown>combobox:Expires[none|f=combobox:Expires|h=None]@35.9 ; Space>combobox:Expires[listbox×1|f=combobox:Expires|h=Never]@57.2
chromium-dark-desktop › orbit-field select-down-space burst sample 13,orbit-field,select,select-down-space,select-down,burst,13,ArrowDown Space,never | list closed | none | @combobox:Expires,1,0,ArrowDown>combobox:Expires[none|f=combobox:Expires|h=None]@24.3 ; Space>combobox:Expires[listbox×1|f=combobox:Expires|h=Never]@49.6
chromium-dark-desktop › orbit-field select-down-space burst sample 14,orbit-field,select,select-down-space,select-down,burst,14,ArrowDown Space,never | list closed | none | @combobox:Expires,1,0,ArrowDown>combobox:Expires[none|f=combobox:Expires|h=None]@27.4 ; Space>combobox:Expires[listbox×1|f=combobox:Expires|h=Never]@51.9
chromium-dark-desktop › orbit-field select-down-space burst sample 15,orbit-field,select,select-down-space,select-down,burst,15,ArrowDown Space,never | list closed | none | @combobox:Expires,1,0,ArrowDown>combobox:Expires[none|f=combobox:Expires|h=None]@23.6 ; Space>combobox:Expires[listbox×1|f=combobox:Expires|h=Never]@48.4
chromium-dark-desktop › orbit-field select-down-space burst sample 16,orbit-field,select,select-down-space,select-down,burst,16,ArrowDown Space,never | list closed | none | @combobox:Expires,1,0,ArrowDown>combobox:Expires[none|f=combobox:Expires|h=None]@32.3 ; Space>combobox:Expires[listbox×1|f=combobox:Expires|h=Never]@57.6
chromium-dark-desktop › orbit-field select-down-space burst sample 17,orbit-field,select,select-down-space,select-down,burst,17,ArrowDown Space,never | list closed | none | @combobox:Expires,1,0,ArrowDown>combobox:Expires[none|f=combobox:Expires|h=None]@21.7 ; Space>combobox:Expires[listbox×1|f=combobox:Expires|h=Never]@42.2
chromium-dark-desktop › orbit-field select-down-space burst sample 18,orbit-field,select,select-down-space,select-down,burst,18,ArrowDown Space,never | list closed | none | @combobox:Expires,1,0,ArrowDown>combobox:Expires[none|f=combobox:Expires|h=None]@35.2 ; Space>combobox:Expires[listbox×1|f=combobox:Expires|h=Never]@60.2
chromium-dark-desktop › orbit-field select-down-space burst sample 19,orbit-field,select,select-down-space,select-down,burst,19,ArrowDown Space,never | list closed | none | @combobox:Expires,1,0,ArrowDown>combobox:Expires[none|f=combobox:Expires|h=None]@35.3 ; Space>combobox:Expires[listbox×1|f=combobox:Expires|h=Never]@49.7
chromium-dark-desktop › orbit-field select-down-space paced sample 0,orbit-field,select,select-down-space,select-down,paced,0,ArrowDown Space,never | list closed | none | @combobox:Expires,0,0,ArrowDown>combobox:Expires[none|f=combobox:Expires|h=None]@28.2 ; Space>option:Never[listbox×1|f=option:Never|h=Never]@352.2
chromium-dark-desktop › orbit-field select-down-space paced sample 1,orbit-field,select,select-down-space,select-down,paced,1,ArrowDown Space,never | list closed | none | @combobox:Expires,0,0,ArrowDown>combobox:Expires[none|f=combobox:Expires|h=None]@33.5 ; Space>option:Never[listbox×1|f=option:Never|h=Never]@363.7
chromium-dark-desktop › orbit-field select-down-space paced sample 2,orbit-field,select,select-down-space,select-down,paced,2,ArrowDown Space,never | list closed | none | @combobox:Expires,0,0,ArrowDown>combobox:Expires[none|f=combobox:Expires|h=None]@20 ; Space>option:Never[listbox×1|f=option:Never|h=Never]@350.3
chromium-dark-desktop › orbit-field select-down-space paced sample 3,orbit-field,select,select-down-space,select-down,paced,3,ArrowDown Space,never | list closed | none | @combobox:Expires,0,0,ArrowDown>combobox:Expires[none|f=combobox:Expires|h=None]@22 ; Space>option:Never[listbox×1|f=option:Never|h=Never]@351.2
chromium-dark-desktop › orbit-field select-down-space paced sample 4,orbit-field,select,select-down-space,select-down,paced,4,ArrowDown Space,never | list closed | none | @combobox:Expires,0,0,ArrowDown>combobox:Expires[none|f=combobox:Expires|h=None]@22.5 ; Space>option:Never[listbox×1|f=option:Never|h=Never]@356.5
chromium-dark-desktop › orbit-field select-down-space paced sample 5,orbit-field,select,select-down-space,select-down,paced,5,ArrowDown Space,never | list closed | none | @combobox:Expires,0,0,ArrowDown>combobox:Expires[none|f=combobox:Expires|h=None]@34.6 ; Space>option:Never[listbox×1|f=option:Never|h=Never]@357
chromium-dark-desktop › orbit-field select-down-space paced sample 6,orbit-field,select,select-down-space,select-down,paced,6,ArrowDown Space,never | list closed | none | @combobox:Expires,0,0,ArrowDown>combobox:Expires[none|f=combobox:Expires|h=None]@39.3 ; Space>option:Never[listbox×1|f=option:Never|h=Never]@383.4
chromium-dark-desktop › orbit-field select-down-space paced sample 7,orbit-field,select,select-down-space,select-down,paced,7,ArrowDown Space,never | list closed | none | @combobox:Expires,0,0,ArrowDown>combobox:Expires[none|f=combobox:Expires|h=None]@24.7 ; Space>option:Never[listbox×1|f=option:Never|h=Never]@364.5
chromium-dark-desktop › orbit-field select-down-space paced sample 8,orbit-field,select,select-down-space,select-down,paced,8,ArrowDown Space,never | list closed | none | @combobox:Expires,0,0,ArrowDown>combobox:Expires[none|f=combobox:Expires|h=None]@34.9 ; Space>option:Never[listbox×1|f=option:Never|h=Never]@368.1
chromium-dark-desktop › orbit-field select-down-space paced sample 9,orbit-field,select,select-down-space,select-down,paced,9,ArrowDown Space,never | list closed | none | @combobox:Expires,0,0,ArrowDown>combobox:Expires[none|f=combobox:Expires|h=None]@24.5 ; Space>option:Never[listbox×1|f=option:Never|h=Never]@363.3
chromium-dark-desktop › orbit-field select-down-space paced sample 10,orbit-field,select,select-down-space,select-down,paced,10,ArrowDown Space,never | list closed | none | @combobox:Expires,0,0,ArrowDown>combobox:Expires[none|f=combobox:Expires|h=None]@35.2 ; Space>option:Never[listbox×1|f=option:Never|h=Never]@372
chromium-dark-desktop › orbit-field select-down-space paced sample 11,orbit-field,select,select-down-space,select-down,paced,11,ArrowDown Space,never | list closed | none | @combobox:Expires,0,0,ArrowDown>combobox:Expires[none|f=combobox:Expires|h=None]@38 ; Space>option:Never[listbox×1|f=option:Never|h=Never]@372.6
chromium-dark-desktop › orbit-field select-down-space paced sample 12,orbit-field,select,select-down-space,select-down,paced,12,ArrowDown Space,never | list closed | none | @combobox:Expires,0,0,ArrowDown>combobox:Expires[none|f=combobox:Expires|h=None]@26.5 ; Space>option:Never[listbox×1|f=option:Never|h=Never]@354.1
chromium-dark-desktop › orbit-field select-down-space paced sample 13,orbit-field,select,select-down-space,select-down,paced,13,ArrowDown Space,never | list closed | none | @combobox:Expires,0,0,ArrowDown>combobox:Expires[none|f=combobox:Expires|h=None]@27.5 ; Space>option:Never[listbox×1|f=option:Never|h=Never]@360.1
chromium-dark-desktop › orbit-field select-down-space paced sample 14,orbit-field,select,select-down-space,select-down,paced,14,ArrowDown Space,never | list closed | none | @combobox:Expires,0,0,ArrowDown>combobox:Expires[none|f=combobox:Expires|h=None]@25.3 ; Space>option:Never[listbox×1|f=option:Never|h=Never]@357.1
chromium-dark-desktop › orbit-field select-down-space paced sample 15,orbit-field,select,select-down-space,select-down,paced,15,ArrowDown Space,never | list closed | none | @combobox:Expires,0,0,ArrowDown>combobox:Expires[none|f=combobox:Expires|h=None]@33 ; Space>option:Never[listbox×1|f=option:Never|h=Never]@364
chromium-dark-desktop › orbit-field select-down-space paced sample 16,orbit-field,select,select-down-space,select-down,paced,16,ArrowDown Space,never | list closed | none | @combobox:Expires,0,0,ArrowDown>combobox:Expires[none|f=combobox:Expires|h=None]@29.8 ; Space>option:Never[listbox×1|f=option:Never|h=Never]@362.1
chromium-dark-desktop › orbit-field select-down-space paced sample 17,orbit-field,select,select-down-space,select-down,paced,17,ArrowDown Space,never | list closed | none | @combobox:Expires,0,0,ArrowDown>combobox:Expires[none|f=combobox:Expires|h=None]@29.3 ; Space>option:Never[listbox×1|f=option:Never|h=Never]@360.7
chromium-dark-desktop › orbit-field select-down-space paced sample 18,orbit-field,select,select-down-space,select-down,paced,18,ArrowDown Space,never | list closed | none | @combobox:Expires,0,0,ArrowDown>combobox:Expires[none|f=combobox:Expires|h=None]@32.9 ; Space>option:Never[listbox×1|f=option:Never|h=Never]@363
chromium-dark-desktop › orbit-field select-down-space paced sample 19,orbit-field,select,select-down-space,select-down,paced,19,ArrowDown Space,never | list closed | none | @combobox:Expires,0,0,ArrowDown>combobox:Expires[none|f=combobox:Expires|h=None]@25.4 ; Space>option:Never[listbox×1|f=option:Never|h=Never]@358.7
chromium-dark-desktop › orbit-sample select-down-space burst sample 0,orbit-sample,select,select-down-space,select-down,burst,0,ArrowDown Space,Never | list closed | none | @combobox:Sample choice,1,0,ArrowDown>combobox:Sample choice[none|f=combobox:Sample choice|h=None]@21.6 ; Space>combobox:Sample choice[listbox×1|f=combobox:Sample choice|h=Never]@44.5
chromium-dark-desktop › orbit-sample select-down-space burst sample 1,orbit-sample,select,select-down-space,select-down,burst,1,ArrowDown Space,Never | list closed | none | @combobox:Sample choice,1,0,ArrowDown>combobox:Sample choice[none|f=combobox:Sample choice|h=None]@26.3 ; Space>combobox:Sample choice[listbox×1|f=combobox:Sample choice|h=Never]@47.8
chromium-dark-desktop › orbit-sample select-down-space burst sample 2,orbit-sample,select,select-down-space,select-down,burst,2,ArrowDown Space,Never | list closed | none | @combobox:Sample choice,1,0,ArrowDown>combobox:Sample choice[none|f=combobox:Sample choice|h=None]@33.8 ; Space>combobox:Sample choice[listbox×1|f=combobox:Sample choice|h=Never]@55.9
chromium-dark-desktop › orbit-sample select-down-space burst sample 3,orbit-sample,select,select-down-space,select-down,burst,3,ArrowDown Space,Never | list closed | none | @combobox:Sample choice,1,0,ArrowDown>combobox:Sample choice[none|f=combobox:Sample choice|h=None]@29.4 ; Space>combobox:Sample choice[listbox×1|f=combobox:Sample choice|h=Never]@51.5
chromium-dark-desktop › orbit-sample select-down-space burst sample 4,orbit-sample,select,select-down-space,select-down,burst,4,ArrowDown Space,Never | list closed | none | @combobox:Sample choice,1,0,ArrowDown>combobox:Sample choice[none|f=combobox:Sample choice|h=None]@33.7 ; Space>combobox:Sample choice[listbox×1|f=combobox:Sample choice|h=Never]@57.1
chromium-dark-desktop › orbit-sample select-down-space burst sample 5,orbit-sample,select,select-down-space,select-down,burst,5,ArrowDown Space,Never | list closed | none | @combobox:Sample choice,1,0,ArrowDown>combobox:Sample choice[none|f=combobox:Sample choice|h=None]@28.5 ; Space>combobox:Sample choice[listbox×1|f=combobox:Sample choice|h=Never]@51
chromium-dark-desktop › orbit-sample select-down-space burst sample 6,orbit-sample,select,select-down-space,select-down,burst,6,ArrowDown Space,Never | list closed | none | @combobox:Sample choice,1,0,ArrowDown>combobox:Sample choice[none|f=combobox:Sample choice|h=None]@35.8 ; Space>combobox:Sample choice[listbox×1|f=combobox:Sample choice|h=Never]@59
chromium-dark-desktop › orbit-sample select-down-space burst sample 7,orbit-sample,select,select-down-space,select-down,burst,7,ArrowDown Space,Never | list closed | none | @combobox:Sample choice,1,0,ArrowDown>combobox:Sample choice[none|f=combobox:Sample choice|h=None]@21.6 ; Space>combobox:Sample choice[listbox×1|f=combobox:Sample choice|h=Never]@43.9
chromium-dark-desktop › orbit-sample select-down-space burst sample 8,orbit-sample,select,select-down-space,select-down,burst,8,ArrowDown Space,Never | list closed | none | @combobox:Sample choice,1,0,ArrowDown>combobox:Sample choice[none|f=combobox:Sample choice|h=None]@33.5 ; Space>combobox:Sample choice[listbox×1|f=combobox:Sample choice|h=Never]@55.5
chromium-dark-desktop › orbit-sample select-down-space burst sample 9,orbit-sample,select,select-down-space,select-down,burst,9,ArrowDown Space,Never | list closed | none | @combobox:Sample choice,1,0,ArrowDown>combobox:Sample choice[none|f=combobox:Sample choice|h=None]@34.5 ; Space>combobox:Sample choice[listbox×1|f=combobox:Sample choice|h=Never]@56.1
chromium-dark-desktop › orbit-sample select-down-space burst sample 10,orbit-sample,select,select-down-space,select-down,burst,10,ArrowDown Space,Never | list closed | none | @combobox:Sample choice,1,0,ArrowDown>combobox:Sample choice[none|f=combobox:Sample choice|h=None]@29.6 ; Space>combobox:Sample choice[listbox×1|f=combobox:Sample choice|h=Never]@53.6
chromium-dark-desktop › orbit-sample select-down-space burst sample 11,orbit-sample,select,select-down-space,select-down,burst,11,ArrowDown Space,Never | list closed | none | @combobox:Sample choice,1,0,ArrowDown>combobox:Sample choice[none|f=combobox:Sample choice|h=None]@24.7 ; Space>combobox:Sample choice[listbox×1|f=combobox:Sample choice|h=Never]@47.5
chromium-dark-desktop › orbit-sample select-down-space burst sample 12,orbit-sample,select,select-down-space,select-down,burst,12,ArrowDown Space,Never | list closed | none | @combobox:Sample choice,1,0,ArrowDown>combobox:Sample choice[none|f=combobox:Sample choice|h=None]@27.5 ; Space>combobox:Sample choice[listbox×1|f=combobox:Sample choice|h=Never]@49.2
chromium-dark-desktop › orbit-sample select-down-space burst sample 13,orbit-sample,select,select-down-space,select-down,burst,13,ArrowDown Space,Never | list closed | none | @combobox:Sample choice,1,0,ArrowDown>combobox:Sample choice[none|f=combobox:Sample choice|h=None]@21.1 ; Space>combobox:Sample choice[listbox×1|f=combobox:Sample choice|h=Never]@42.6
chromium-dark-desktop › orbit-sample select-down-space burst sample 14,orbit-sample,select,select-down-space,select-down,burst,14,ArrowDown Space,Never | list closed | none | @combobox:Sample choice,1,0,ArrowDown>combobox:Sample choice[none|f=combobox:Sample choice|h=None]@22.5 ; Space>combobox:Sample choice[listbox×1|f=combobox:Sample choice|h=Never]@43.7
chromium-dark-desktop › orbit-sample select-down-space burst sample 15,orbit-sample,select,select-down-space,select-down,burst,15,ArrowDown Space,Never | list closed | none | @combobox:Sample choice,1,0,ArrowDown>combobox:Sample choice[none|f=combobox:Sample choice|h=None]@25.2 ; Space>combobox:Sample choice[listbox×1|f=combobox:Sample choice|h=Never]@47.3
chromium-dark-desktop › orbit-sample select-down-space burst sample 16,orbit-sample,select,select-down-space,select-down,burst,16,ArrowDown Space,Never | list closed | none | @combobox:Sample choice,1,0,ArrowDown>combobox:Sample choice[none|f=combobox:Sample choice|h=None]@22.7 ; Space>combobox:Sample choice[listbox×1|f=combobox:Sample choice|h=Never]@42
chromium-dark-desktop › orbit-sample select-down-space burst sample 17,orbit-sample,select,select-down-space,select-down,burst,17,ArrowDown Space,Never | list closed | none | @combobox:Sample choice,1,0,ArrowDown>combobox:Sample choice[none|f=combobox:Sample choice|h=None]@36.9 ; Space>combobox:Sample choice[listbox×1|f=combobox:Sample choice|h=Never]@57.2
chromium-dark-desktop › orbit-sample select-down-space burst sample 18,orbit-sample,select,select-down-space,select-down,burst,18,ArrowDown Space,Never | list closed | none | @combobox:Sample choice,1,0,ArrowDown>combobox:Sample choice[none|f=combobox:Sample choice|h=None]@31.5 ; Space>combobox:Sample choice[listbox×1|f=combobox:Sample choice|h=Never]@56.1
chromium-dark-desktop › orbit-sample select-down-space burst sample 19,orbit-sample,select,select-down-space,select-down,burst,19,ArrowDown Space,Never | list closed | none | @combobox:Sample choice,1,0,ArrowDown>combobox:Sample choice[none|f=combobox:Sample choice|h=None]@30.8 ; Space>combobox:Sample choice[listbox×1|f=combobox:Sample choice|h=Never]@51.7
chromium-dark-desktop › orbit-sample select-down-space paced sample 0,orbit-sample,select,select-down-space,select-down,paced,0,ArrowDown Space,Never | list closed | none | @combobox:Sample choice,0,0,ArrowDown>combobox:Sample choice[none|f=combobox:Sample choice|h=None]@26.6 ; Space>option:Never[listbox×1|f=option:Never|h=Never]@356.3
chromium-dark-desktop › orbit-sample select-down-space paced sample 1,orbit-sample,select,select-down-space,select-down,paced,1,ArrowDown Space,Never | list closed | none | @combobox:Sample choice,0,0,ArrowDown>combobox:Sample choice[none|f=combobox:Sample choice|h=None]@26.8 ; Space>option:Never[listbox×1|f=option:Never|h=Never]@355.1
chromium-dark-desktop › orbit-sample select-down-space paced sample 2,orbit-sample,select,select-down-space,select-down,paced,2,ArrowDown Space,Never | list closed | none | @combobox:Sample choice,0,0,ArrowDown>combobox:Sample choice[none|f=combobox:Sample choice|h=None]@27.4 ; Space>option:Never[listbox×1|f=option:Never|h=Never]@357
chromium-dark-desktop › orbit-sample select-down-space paced sample 3,orbit-sample,select,select-down-space,select-down,paced,3,ArrowDown Space,Never | list closed | none | @combobox:Sample choice,0,0,ArrowDown>combobox:Sample choice[none|f=combobox:Sample choice|h=None]@36.2 ; Space>option:Never[listbox×1|f=option:Never|h=Never]@362.6
chromium-dark-desktop › orbit-sample select-down-space paced sample 4,orbit-sample,select,select-down-space,select-down,paced,4,ArrowDown Space,Never | list closed | none | @combobox:Sample choice,0,0,ArrowDown>combobox:Sample choice[none|f=combobox:Sample choice|h=None]@23.9 ; Space>option:Never[listbox×1|f=option:Never|h=Never]@349.9
chromium-dark-desktop › orbit-sample select-down-space paced sample 5,orbit-sample,select,select-down-space,select-down,paced,5,ArrowDown Space,Never | list closed | none | @combobox:Sample choice,0,0,ArrowDown>combobox:Sample choice[none|f=combobox:Sample choice|h=None]@22.5 ; Space>option:Never[listbox×1|f=option:Never|h=Never]@354.1
chromium-dark-desktop › orbit-sample select-down-space paced sample 6,orbit-sample,select,select-down-space,select-down,paced,6,ArrowDown Space,Never | list closed | none | @combobox:Sample choice,0,0,ArrowDown>combobox:Sample choice[none|f=combobox:Sample choice|h=None]@39.9 ; Space>option:Never[listbox×1|f=option:Never|h=Never]@391.7
chromium-dark-desktop › orbit-sample select-down-space paced sample 7,orbit-sample,select,select-down-space,select-down,paced,7,ArrowDown Space,Never | list closed | none | @combobox:Sample choice,0,0,ArrowDown>combobox:Sample choice[none|f=combobox:Sample choice|h=None]@91.8 ; Space>option:Never[listbox×1|f=option:Never|h=Never]@417.3
chromium-dark-desktop › orbit-sample select-down-space paced sample 8,orbit-sample,select,select-down-space,select-down,paced,8,ArrowDown Space,Never | list closed | none | @combobox:Sample choice,0,0,ArrowDown>combobox:Sample choice[none|f=combobox:Sample choice|h=None]@34.1 ; Space>option:Never[listbox×1|f=option:Never|h=Never]@360.7
chromium-dark-desktop › orbit-sample select-down-space paced sample 9,orbit-sample,select,select-down-space,select-down,paced,9,ArrowDown Space,Never | list closed | none | @combobox:Sample choice,0,0,ArrowDown>combobox:Sample choice[none|f=combobox:Sample choice|h=None]@55.2 ; Space>option:Never[listbox×1|f=option:Never|h=Never]@542.7
chromium-dark-desktop › orbit-sample select-down-space paced sample 10,orbit-sample,select,select-down-space,select-down,paced,10,ArrowDown Space,Never | list closed | none | @combobox:Sample choice,0,0,ArrowDown>combobox:Sample choice[none|f=combobox:Sample choice|h=None]@51.3 ; Space>option:Never[listbox×1|f=option:Never|h=Never]@441.2
chromium-dark-desktop › orbit-sample select-down-space paced sample 11,orbit-sample,select,select-down-space,select-down,paced,11,ArrowDown Space,Never | list closed | none | @combobox:Sample choice,0,0,ArrowDown>combobox:Sample choice[none|f=combobox:Sample choice|h=None]@26 ; Space>option:Never[listbox×1|f=option:Never|h=Never]@392.4
chromium-dark-desktop › orbit-sample select-down-space paced sample 12,orbit-sample,select,select-down-space,select-down,paced,12,ArrowDown Space,Never | list closed | none | @combobox:Sample choice,0,0,ArrowDown>combobox:Sample choice[none|f=combobox:Sample choice|h=None]@39.1 ; Space>option:Never[listbox×1|f=option:Never|h=Never]@403.4
chromium-dark-desktop › orbit-sample select-down-space paced sample 13,orbit-sample,select,select-down-space,select-down,paced,13,ArrowDown Space,Never | list closed | none | @combobox:Sample choice,0,0,ArrowDown>combobox:Sample choice[none|f=combobox:Sample choice|h=None]@6.5 ; Space>option:Never[listbox×1|f=option:Never|h=Never]@1578.1
chromium-dark-desktop › orbit-sample select-down-space paced sample 14,orbit-sample,select,select-down-space,select-down,paced,14,ArrowDown Space,Never | list closed | none | @combobox:Sample choice,0,0,ArrowDown>combobox:Sample choice[none|f=combobox:Sample choice|h=None]@52.8 ; Space>option:Never[listbox×1|f=option:Never|h=Never]@424.8
chromium-dark-desktop › orbit-sample select-down-space paced sample 15,orbit-sample,select,select-down-space,select-down,paced,15,ArrowDown Space,Never | list closed | none | @combobox:Sample choice,0,0,ArrowDown>combobox:Sample choice[none|f=combobox:Sample choice|h=None]@25.9 ; Space>option:Never[listbox×1|f=option:Never|h=Never]@373.9
chromium-dark-desktop › orbit-sample select-down-space paced sample 16,orbit-sample,select,select-down-space,select-down,paced,16,ArrowDown Space,Never | list closed | none | @combobox:Sample choice,0,0,ArrowDown>combobox:Sample choice[none|f=combobox:Sample choice|h=None]@29.4 ; Space>option:Never[listbox×1|f=option:Never|h=Never]@365.4
chromium-dark-desktop › orbit-sample select-down-space paced sample 17,orbit-sample,select,select-down-space,select-down,paced,17,ArrowDown Space,Never | list closed | none | @combobox:Sample choice,0,0,ArrowDown>combobox:Sample choice[none|f=combobox:Sample choice|h=None]@45 ; Space>option:Never[listbox×1|f=option:Never|h=Never]@403.3
chromium-dark-desktop › orbit-sample select-down-space paced sample 18,orbit-sample,select,select-down-space,select-down,paced,18,ArrowDown Space,Never | list closed | none | @combobox:Sample choice,0,0,ArrowDown>combobox:Sample choice[none|f=combobox:Sample choice|h=None]@230.1 ; Space>option:Never[listbox×1|f=option:Never|h=Never]@624.5
chromium-dark-desktop › orbit-sample select-down-space paced sample 19,orbit-sample,select,select-down-space,select-down,paced,19,ArrowDown Space,Never | list closed | none | @combobox:Sample choice,0,0,ArrowDown>combobox:Sample choice[none|f=combobox:Sample choice|h=None]@36.2 ; Space>option:Never[listbox×1|f=option:Never|h=Never]@381
chromium-dark-desktop › orbit-field select-down-space-from-null burst sample 0,orbit-field,select,select-down-space-from-null,,burst,0,ArrowDown Space,null | list closed | none | @combobox:Expires,1,0,ArrowDown>combobox:Expires[none|f=combobox:Expires|h=None]@29 ; Space>combobox:Expires[listbox×1|f=combobox:Expires|h=Never]@46.9
chromium-dark-desktop › orbit-field select-down-space-from-null burst sample 1,orbit-field,select,select-down-space-from-null,,burst,1,ArrowDown Space,null | list closed | none | @combobox:Expires,1,0,ArrowDown>combobox:Expires[none|f=combobox:Expires|h=None]@30.5 ; Space>combobox:Expires[listbox×1|f=combobox:Expires|h=Never]@50.9
chromium-dark-desktop › orbit-field select-down-space-from-null burst sample 2,orbit-field,select,select-down-space-from-null,,burst,2,ArrowDown Space,null | list closed | none | @combobox:Expires,1,0,ArrowDown>combobox:Expires[none|f=combobox:Expires|h=None]@42.4 ; Space>combobox:Expires[listbox×1|f=combobox:Expires|h=Never]@62.7
chromium-dark-desktop › orbit-field select-down-space-from-null burst sample 3,orbit-field,select,select-down-space-from-null,,burst,3,ArrowDown Space,null | list closed | none | @combobox:Expires,1,0,ArrowDown>combobox:Expires[none|f=combobox:Expires|h=None]@28.7 ; Space>combobox:Expires[listbox×1|f=combobox:Expires|h=Never]@48.1
chromium-dark-desktop › orbit-field select-down-space-from-null burst sample 4,orbit-field,select,select-down-space-from-null,,burst,4,ArrowDown Space,null | list closed | none | @combobox:Expires,1,0,ArrowDown>combobox:Expires[none|f=combobox:Expires|h=None]@36 ; Space>combobox:Expires[listbox×1|f=combobox:Expires|h=Never]@56.9
chromium-dark-desktop › orbit-field select-down-space-from-null burst sample 5,orbit-field,select,select-down-space-from-null,,burst,5,ArrowDown Space,null | list closed | none | @combobox:Expires,1,0,ArrowDown>combobox:Expires[none|f=combobox:Expires|h=None]@30.2 ; Space>combobox:Expires[listbox×1|f=combobox:Expires|h=Never]@54.5
chromium-dark-desktop › orbit-field select-down-space-from-null burst sample 6,orbit-field,select,select-down-space-from-null,,burst,6,ArrowDown Space,null | list closed | none | @combobox:Expires,1,0,ArrowDown>combobox:Expires[none|f=combobox:Expires|h=None]@26.2 ; Space>combobox:Expires[listbox×1|f=combobox:Expires|h=Never]@47.5
chromium-dark-desktop › orbit-field select-down-space-from-null burst sample 7,orbit-field,select,select-down-space-from-null,,burst,7,ArrowDown Space,null | list closed | none | @combobox:Expires,1,0,ArrowDown>combobox:Expires[none|f=combobox:Expires|h=None]@24.8 ; Space>combobox:Expires[listbox×1|f=combobox:Expires|h=Never]@53.5
chromium-dark-desktop › orbit-field select-down-space-from-null burst sample 8,orbit-field,select,select-down-space-from-null,,burst,8,ArrowDown Space,null | list closed | none | @combobox:Expires,1,0,ArrowDown>combobox:Expires[none|f=combobox:Expires|h=None]@36.1 ; Space>combobox:Expires[listbox×1|f=combobox:Expires|h=Never]@52.4
chromium-dark-desktop › orbit-field select-down-space-from-null burst sample 9,orbit-field,select,select-down-space-from-null,,burst,9,ArrowDown Space,null | list closed | none | @combobox:Expires,1,0,ArrowDown>combobox:Expires[none|f=combobox:Expires|h=None]@35.4 ; Space>combobox:Expires[listbox×1|f=combobox:Expires|h=Never]@53.9
chromium-dark-desktop › orbit-field select-down-space-from-null burst sample 10,orbit-field,select,select-down-space-from-null,,burst,10,ArrowDown Space,null | list closed | none | @combobox:Expires,1,0,ArrowDown>combobox:Expires[none|f=combobox:Expires|h=None]@24.7 ; Space>combobox:Expires[listbox×1|f=combobox:Expires|h=Never]@46.5
chromium-dark-desktop › orbit-field select-down-space-from-null burst sample 11,orbit-field,select,select-down-space-from-null,,burst,11,ArrowDown Space,null | list closed | none | @combobox:Expires,1,0,ArrowDown>combobox:Expires[none|f=combobox:Expires|h=None]@28.1 ; Space>combobox:Expires[listbox×1|f=combobox:Expires|h=Never]@46.2
chromium-dark-desktop › orbit-field select-down-space-from-null burst sample 12,orbit-field,select,select-down-space-from-null,,burst,12,ArrowDown Space,null | list closed | none | @combobox:Expires,1,0,ArrowDown>combobox:Expires[none|f=combobox:Expires|h=None]@44.9 ; Space>combobox:Expires[listbox×1|f=combobox:Expires|h=Never]@70.2
chromium-dark-desktop › orbit-field select-down-space-from-null burst sample 13,orbit-field,select,select-down-space-from-null,,burst,13,ArrowDown Space,null | list closed | none | @combobox:Expires,1,0,ArrowDown>combobox:Expires[none|f=combobox:Expires|h=None]@22.4 ; Space>combobox:Expires[listbox×1|f=combobox:Expires|h=Never]@39.4
chromium-dark-desktop › orbit-field select-down-space-from-null burst sample 14,orbit-field,select,select-down-space-from-null,,burst,14,ArrowDown Space,null | list closed | none | @combobox:Expires,1,0,ArrowDown>combobox:Expires[none|f=combobox:Expires|h=None]@38.2 ; Space>combobox:Expires[listbox×1|f=combobox:Expires|h=Never]@58.1
chromium-dark-desktop › orbit-field select-down-space-from-null burst sample 15,orbit-field,select,select-down-space-from-null,,burst,15,ArrowDown Space,null | list closed | none | @combobox:Expires,1,0,ArrowDown>combobox:Expires[none|f=combobox:Expires|h=None]@32.3 ; Space>combobox:Expires[listbox×1|f=combobox:Expires|h=Never]@52.3
chromium-dark-desktop › orbit-field select-down-space-from-null burst sample 16,orbit-field,select,select-down-space-from-null,,burst,16,ArrowDown Space,null | list closed | none | @combobox:Expires,1,0,ArrowDown>combobox:Expires[none|f=combobox:Expires|h=None]@29.4 ; Space>combobox:Expires[listbox×1|f=combobox:Expires|h=Never]@47.2
chromium-dark-desktop › orbit-field select-down-space-from-null burst sample 17,orbit-field,select,select-down-space-from-null,,burst,17,ArrowDown Space,null | list closed | none | @combobox:Expires,1,0,ArrowDown>combobox:Expires[none|f=combobox:Expires|h=None]@23.1 ; Space>combobox:Expires[listbox×1|f=combobox:Expires|h=Never]@41.4
chromium-dark-desktop › orbit-field select-down-space-from-null burst sample 18,orbit-field,select,select-down-space-from-null,,burst,18,ArrowDown Space,null | list closed | none | @combobox:Expires,1,0,ArrowDown>combobox:Expires[none|f=combobox:Expires|h=None]@30.6 ; Space>combobox:Expires[listbox×1|f=combobox:Expires|h=Never]@49.7
chromium-dark-desktop › orbit-field select-down-space-from-null burst sample 19,orbit-field,select,select-down-space-from-null,,burst,19,ArrowDown Space,null | list closed | none | @combobox:Expires,1,0,ArrowDown>combobox:Expires[none|f=combobox:Expires|h=None]@32.7 ; Space>combobox:Expires[listbox×1|f=combobox:Expires|h=Never]@58.2
chromium-dark-desktop › orbit-field select-down-space-from-null paced sample 0,orbit-field,select,select-down-space-from-null,,paced,0,ArrowDown Space,never | list closed | none | @combobox:Expires,0,0,ArrowDown>combobox:Expires[none|f=combobox:Expires|h=None]@36.6 ; Space>option:Never[listbox×1|f=option:Never|h=Never]@364.4
chromium-dark-desktop › orbit-field select-down-space-from-null paced sample 1,orbit-field,select,select-down-space-from-null,,paced,1,ArrowDown Space,never | list closed | none | @combobox:Expires,0,0,ArrowDown>combobox:Expires[none|f=combobox:Expires|h=None]@27.1 ; Space>option:Never[listbox×1|f=option:Never|h=Never]@351.7
chromium-dark-desktop › orbit-field select-down-space-from-null paced sample 2,orbit-field,select,select-down-space-from-null,,paced,2,ArrowDown Space,never | list closed | none | @combobox:Expires,0,0,ArrowDown>combobox:Expires[none|f=combobox:Expires|h=None]@25.9 ; Space>option:Never[listbox×1|f=option:Never|h=Never]@352.5
chromium-dark-desktop › orbit-field select-down-space-from-null paced sample 3,orbit-field,select,select-down-space-from-null,,paced,3,ArrowDown Space,never | list closed | none | @combobox:Expires,0,0,ArrowDown>combobox:Expires[none|f=combobox:Expires|h=None]@26.3 ; Space>option:Never[listbox×1|f=option:Never|h=Never]@353.6
chromium-dark-desktop › orbit-field select-down-space-from-null paced sample 4,orbit-field,select,select-down-space-from-null,,paced,4,ArrowDown Space,never | list closed | none | @combobox:Expires,0,0,ArrowDown>combobox:Expires[none|f=combobox:Expires|h=None]@31.9 ; Space>option:Never[listbox×1|f=option:Never|h=Never]@360.2
chromium-dark-desktop › orbit-field select-down-space-from-null paced sample 5,orbit-field,select,select-down-space-from-null,,paced,5,ArrowDown Space,never | list closed | none | @combobox:Expires,0,0,ArrowDown>combobox:Expires[none|f=combobox:Expires|h=None]@27.9 ; Space>option:Never[listbox×1|f=option:Never|h=Never]@355.1
chromium-dark-desktop › orbit-field select-down-space-from-null paced sample 6,orbit-field,select,select-down-space-from-null,,paced,6,ArrowDown Space,never | list closed | none | @combobox:Expires,0,0,ArrowDown>combobox:Expires[none|f=combobox:Expires|h=None]@25.3 ; Space>option:Never[listbox×1|f=option:Never|h=Never]@354.1
chromium-dark-desktop › orbit-field select-down-space-from-null paced sample 7,orbit-field,select,select-down-space-from-null,,paced,7,ArrowDown Space,never | list closed | none | @combobox:Expires,0,0,ArrowDown>combobox:Expires[none|f=combobox:Expires|h=None]@34.9 ; Space>option:Never[listbox×1|f=option:Never|h=Never]@360.1
chromium-dark-desktop › orbit-field select-down-space-from-null paced sample 8,orbit-field,select,select-down-space-from-null,,paced,8,ArrowDown Space,never | list closed | none | @combobox:Expires,0,0,ArrowDown>combobox:Expires[none|f=combobox:Expires|h=None]@28.5 ; Space>option:Never[listbox×1|f=option:Never|h=Never]@352.8
chromium-dark-desktop › orbit-field select-down-space-from-null paced sample 9,orbit-field,select,select-down-space-from-null,,paced,9,ArrowDown Space,never | list closed | none | @combobox:Expires,0,0,ArrowDown>combobox:Expires[none|f=combobox:Expires|h=None]@29.6 ; Space>option:Never[listbox×1|f=option:Never|h=Never]@353.9
chromium-dark-desktop › orbit-field select-down-space-from-null paced sample 10,orbit-field,select,select-down-space-from-null,,paced,10,ArrowDown Space,never | list closed | none | @combobox:Expires,0,0,ArrowDown>combobox:Expires[none|f=combobox:Expires|h=None]@29.6 ; Space>option:Never[listbox×1|f=option:Never|h=Never]@356.5
chromium-dark-desktop › orbit-field select-down-space-from-null paced sample 11,orbit-field,select,select-down-space-from-null,,paced,11,ArrowDown Space,never | list closed | none | @combobox:Expires,0,0,ArrowDown>combobox:Expires[none|f=combobox:Expires|h=None]@24.8 ; Space>option:Never[listbox×1|f=option:Never|h=Never]@359.1
chromium-dark-desktop › orbit-field select-down-space-from-null paced sample 12,orbit-field,select,select-down-space-from-null,,paced,12,ArrowDown Space,never | list closed | none | @combobox:Expires,0,0,ArrowDown>combobox:Expires[none|f=combobox:Expires|h=None]@28.3 ; Space>option:Never[listbox×1|f=option:Never|h=Never]@354.2
chromium-dark-desktop › orbit-field select-down-space-from-null paced sample 13,orbit-field,select,select-down-space-from-null,,paced,13,ArrowDown Space,never | list closed | none | @combobox:Expires,0,0,ArrowDown>combobox:Expires[none|f=combobox:Expires|h=None]@28.1 ; Space>option:Never[listbox×1|f=option:Never|h=Never]@353.2
chromium-dark-desktop › orbit-field select-down-space-from-null paced sample 14,orbit-field,select,select-down-space-from-null,,paced,14,ArrowDown Space,never | list closed | none | @combobox:Expires,0,0,ArrowDown>combobox:Expires[none|f=combobox:Expires|h=None]@26.6 ; Space>option:Never[listbox×1|f=option:Never|h=Never]@355.9
chromium-dark-desktop › orbit-field select-down-space-from-null paced sample 15,orbit-field,select,select-down-space-from-null,,paced,15,ArrowDown Space,never | list closed | none | @combobox:Expires,0,0,ArrowDown>combobox:Expires[none|f=combobox:Expires|h=None]@45.5 ; Space>option:Never[listbox×1|f=option:Never|h=Never]@463.4
chromium-dark-desktop › orbit-field select-down-space-from-null paced sample 16,orbit-field,select,select-down-space-from-null,,paced,16,ArrowDown Space,never | list closed | none | @combobox:Expires,0,0,ArrowDown>combobox:Expires[none|f=combobox:Expires|h=None]@24.6 ; Space>option:Never[listbox×1|f=option:Never|h=Never]@351.3
chromium-dark-desktop › orbit-field select-down-space-from-null paced sample 17,orbit-field,select,select-down-space-from-null,,paced,17,ArrowDown Space,never | list closed | none | @combobox:Expires,0,0,ArrowDown>combobox:Expires[none|f=combobox:Expires|h=None]@25.7 ; Space>option:Never[listbox×1|f=option:Never|h=Never]@351.5
chromium-dark-desktop › orbit-field select-down-space-from-null paced sample 18,orbit-field,select,select-down-space-from-null,,paced,18,ArrowDown Space,never | list closed | none | @combobox:Expires,0,0,ArrowDown>combobox:Expires[none|f=combobox:Expires|h=None]@25.2 ; Space>option:Never[listbox×1|f=option:Never|h=Never]@353.8
chromium-dark-desktop › orbit-field select-down-space-from-null paced sample 19,orbit-field,select,select-down-space-from-null,,paced,19,ArrowDown Space,never | list closed | none | @combobox:Expires,0,0,ArrowDown>combobox:Expires[none|f=combobox:Expires|h=None]@48.5 ; Space>option:Never[listbox×1|f=option:Never|h=Never]@395
